industry,keyword,title,description,originallink,link,pubDate,collected_at
반도체,반도체 주가,삼성전자·DB하이텍 등 반도체 대표株 엇갈려...美 기술주 강세 훈풍,간밤 뉴욕증시에서 반도체주가 강세를 보이면서 삼성전자와 SK하이닉스 등에 매수세가 몰리는 모양새다. 특히 메타의 새 인공지능(AI) 에이전트 '뮤즈(Muse)' 흥행이 AI 추론용 칩 수요 확대로 이어질 것이란... ,https://www.gukjenews.com/news/articleView.html?idxno=3704335,https://www.gukjenews.com/news/articleView.html?idxno=3704335,"Wed, 23 Sep 2026 10:18:00 +0900",2026-09-23 10:19:59
반도체,반도체 주가,"코스피 2%가량 상승 출발 7,100 안팎 거래‥미국 기술주 강세에 삼전·닉...","간밤 뉴욕증시에서 인공지능 관련주가 강세를 보였던 게 장 초반 상승 동력이 되고 있습니다.... 이 덕에 필라델피아 반도체지수는 2% 넘게 올랐고, 나스닥 지수도 0.45% 상승했습니다. 코스닥은 오늘 0.88% 오른 841.... ",https://imnews.imbc.com/news/2026/econo/article/6853713_36932.html,https://n.news.naver.com/mnews/article/214/0001525521?sid=101,"Wed, 23 Sep 2026 10:18:00 +0900",2026-09-23 10:19:59
반도체,반도체 주가,[EBN 데이터센터] 코스피 대형주 혼조...코스닥은 장비·이차전지 중심...,"◆시총 상위 흐름으로 본 장중 특징 장중 시총 상위 종목 흐름을 종합하면 유가증권시장에서는 삼성전자와 SK하이닉스로 대표되는 반도체 대형주가 상승축을 형성한 반면 금융과 조선, 일부 2차전지 및... ",https://www.ebn.co.kr/news/articleView.html?idxno=1725513,https://www.ebn.co.kr/news/articleView.html?idxno=1725513,"Wed, 23 Sep 2026 10:18:00 +0900",2026-09-23 10:19:59
반도체,반도체 주가,"티로보틱스, 휴머노이드 신사업에 포드에너지 매출 인식까지...성장 본...",투자의견과 목표주가는 제시하지 않았다. 허선재 SK증권 연구원은 &quot;티로보틱스는 지난 1·4분기 고객사... 티로보틱스는 산업용 로봇 제조업체로 주력제품은 디스플레이 및 반도체용 진공로봇과 AMR로 구분된다.... ,https://www.fnnews.com/news/202609231011051926,https://n.news.naver.com/mnews/article/014/0005580183?sid=101,"Wed, 23 Sep 2026 10:17:00 +0900",2026-09-23 10:19:59
반도체,반도체 주가,[EBN 데이터센터] 삼성전자 강세 속 코스피 거래 집중...코스닥선 중소...,"대형 반도체주에 거래대금이 집중된 반면, 코스닥에서는 와이즈플래닛컴퍼니, 엑스게이트, 원익홀딩스 등 급등 종목군으로 자금이 폭넓게 분산됐다는 점이다. 코스피는 지수 기여도가 높은 시가총액 상위주가... ",https://www.ebn.co.kr/news/articleView.html?idxno=1725515,https://www.ebn.co.kr/news/articleView.html?idxno=1725515,"Wed, 23 Sep 2026 10:16:00 +0900",2026-09-23 10:19:59
반도체,반도체 주가,"코스피, 美-이란 갈등 완화 기대감에 상승[fn오전시황]","시가총액 상위 종목에서는 대형 반도체주가 강세를 보이고 있다. 삼성전자우(3.78%), SK스퀘어(3.53%) 등을 포함해 삼성전자(2.80%), SK하이닉스(1.52%) 등도 상승 중이다. 반면 방산주는 약세다. 두산에너빌리티(-2.43... ",https://www.fnnews.com/news/202609231008513364,https://n.news.naver.com/mnews/article/014/0005580180?sid=101,"Wed, 23 Sep 2026 10:15:00 +0900",2026-09-23 10:19:59
반도체,반도체 주가,AI 데이터센터가 통신장비까지 흔든다…빛샘전자·우리넷 주가 '불기등...,"부품주가 강세를 나타내고 있다. AI 데이터센터 확충에 따른 광통신 장비 수요 증가와 북미 지역의 네트워크... 웨이비스는 RF 관련 반도체 분야, 에프알텍은 이동통신 중계기 분야, 쏘닉스는 RF 필터 분야에서 각각 사업을... ",https://www.pinpointnews.co.kr/news/articleView.html?idxno=489874,https://www.pinpointnews.co.kr/news/articleView.html?idxno=489874,"Wed, 23 Sep 2026 10:12:00 +0900",2026-09-23 10:19:59
반도체,반도체 주가,"골드만삭스, 4년 만에 '매수' 깜짝 상향…은행주, 반도체 호황 덕봤다",반도체 수출 호조에 따른 경기 호전으로 BNK금융지주가 2022년 이후 약 4년 만에 외국계 증권사에게서 받았던 '매도' 의견을 벗어났다. 기업은행도 올해 5월 이후 넉 달 만에 매수 의견을 되찾았다. 23일 금융투자업계에... ,http://www.wowtv.co.kr/NewsCenter/News/Read?articleId=A202609230035&t=NN,https://n.news.naver.com/mnews/article/215/0001266981?sid=101,"Wed, 23 Sep 2026 10:09:00 +0900",2026-09-23 10:19:59
반도체,반도체 주가,"&quot;7월엔 31% 폭락했는데&quot;…반도체, 2달 만에 다시 상승률 1위",인공지능(AI) 반도체 성장 기대가 되살아난 데다 메모리 업황 개선과 AI 데이터센터 투자 확대 전망이 다시 부각되며 반도체 관련주가 일제히 강세를 나타낸 영향이다. KRX 반도체지수는 삼성전자와 SK하이닉스를 비롯해... ,https://www.newsis.com/view/NISX20260923_0003801603,https://n.news.naver.com/mnews/article/003/0014209945?sid=101,"Wed, 23 Sep 2026 10:09:00 +0900",2026-09-23 10:19:59
반도체,반도체 주가,"센서뷰 주가, 급등세... 왜?",사진=센서뷰 센서뷰 주가가 강세를 보이고 있다. 23일 오전 9시 56분 KRX 기준 센서뷰는 전 거래일 대비 14.07... 민수통신과 반도체 측정산업 등에 제품을 공급하고 있다. 또한 고신뢰성·고주파 특성을 기반으로... ,https://www.ggilbo.com/news/articleView.html?idxno=1183483,https://www.ggilbo.com/news/articleView.html?idxno=1183483,"Wed, 23 Sep 2026 10:08:00 +0900",2026-09-23 10:19:59
반도체,반도체 주가,추석 연휴 직후 주가는 올랐다,국내 시장 참여자들이 가장 관심을 가지고 바라보는 부분은 미국의 중국 반도체 규제 완화 여부다. 창신메모리 등 중국 메모리 기업들이 추격해 오는 상황에서 미국이 첨단 반도체·장비의 대중 수출 통제를 완화할 경우... ,http://www.smedaily.co.kr/news/articleView.html?idxno=363683,http://www.smedaily.co.kr/news/articleView.html?idxno=363683,"Wed, 23 Sep 2026 10:08:00 +0900",2026-09-23 10:19:59
반도체,반도체 주가,"3개 대형 IT 기업 상장 가치, 지난 45년간 IPO 총합보다 클 것","AI용 그래픽처리장치(GPU) 시장을 독점하는 엔비디아의 시가총액은 최근 5조5000억달러를 기록했으며, 메모리 반도체 기업 마이크론의 주가 역시 지난 2년간 1100% 이상 폭등했다. 다만 AI 산업을 둘러싼 우려와 과제도... ",https://www.fnnews.com/news/202609230921289062,https://n.news.naver.com/mnews/article/014/0005580168?sid=101,"Wed, 23 Sep 2026 10:07:00 +0900",2026-09-23 10:19:59
반도체,반도체 주가,“63만전자 간다” 전망...3분기 영업이익 100조 예상,유안타증권이 삼성전자의 목표주가를 기존 53만원에서 63만원으로 올렸다. 메모리 가격 상승 폭이 둔화하더라도 인공지능(AI) 수요와 공급 제약으로 반도체 업황 호조가 예상보다 길어질 것이라는 분석이다.... ,http://www.wowtv.co.kr/NewsCenter/News/Read?articleId=A202609230028&t=NN,https://n.news.naver.com/mnews/article/215/0001266979?sid=101,"Wed, 23 Sep 2026 10:07:00 +0900",2026-09-23 10:19:59
반도체,반도체 주가,"코스피, 美 기술주 랠리에 나흘째 상승…7100선 돌파","인공지능(AI)·반도체주가 강세를 보이며 엔비디아가 0.66%, 마이크론테크놀러지가 5.00% 올랐고 필라델피아반도체지수는 2.06% 상승했다. 이날 외국인은 1741억원을 순매수하며 4거래일 연속 매수 우위를... ",https://www.sentv.co.kr/article/view/sentv202609230017,https://www.sentv.co.kr/article/view/sentv202609230017,"Wed, 23 Sep 2026 10:06:00 +0900",2026-09-23 10:19:59
반도체,반도체 주가,"메타 '뮤즈' 효과… AI 투자 중심축, B2B에서 'B2C'로 옮겨간다","JP모건은 뮤즈의 인기가 서버용 CPU 수요를 견인하고 있다며 인텔(NAS:INTC)과 AMD(NAS:AMD), 암 홀딩스(NAS:ARM), 마이크론(NAS:MU) 등 주요 반도체 제조업체들의 주가에도 호재로 작용할 것으로 예측했다. 뮤즈의 빠른 확산은... ",https://news.einfomax.co.kr/news/articleView.html?idxno=4436271,https://news.einfomax.co.kr/news/articleView.html?idxno=4436271,"Wed, 23 Sep 2026 10:06:00 +0900",2026-09-23 10:19:59
반도체,반도체 주가,"미국발 반도체 훈풍, 소부장도 온기[종목 NOW]",미국발 반도체 훈풍으로 인해 국내 반도체 소부장(소재·부품·장비)주가 장 초반 오르고 있다. 23일 한국거래소에 따르면 반도체 장비주인 원익IPS는 코스닥 시장에서 오전 9시50분 기준 전일 대비 6100원(4.60... ,https://www.fnnews.com/news/202609230949054900,https://n.news.naver.com/mnews/article/014/0005580166?sid=101,"Wed, 23 Sep 2026 10:05:00 +0900",2026-09-23 10:19:59
반도체,반도체 주가,“삼성전자 목표주가 63만원”…30만선 회복 앞두고 증권가 전망 보니,목표주가를 63만원까지 본 증권가의 리포트가 나오면서 삼성전자의 주가 변화 추이에 관심이 모인다.... 메모리반도체 가격 상승세가 이어지면서 6세대 고대역폭메모리(HBM4) 판매 본격화에 따른 영향을 고려하면... ,https://www.mk.co.kr/article/12160076,https://n.news.naver.com/mnews/article/009/0005739350?sid=101,"Wed, 23 Sep 2026 10:05:00 +0900",2026-09-23 10:19:59
반도체,반도체 주가,"'메타야, 고맙다!'...삼성전자 주가, 메타發 개인용 AI 에이전트 호재에...",메타의 개인용 인공지능(AI) 에이전트 '뮤즈'의 흥행으로 반도체주들이 상승세를 이어가고 있다. 23일 삼성전자 주가는 오전 10시 현재 전거래일보다 2.7% 오른 28만4000원에 거래되고 있다. 7거래일째 상승세를 이어가고... ,http://www.beyondpost.co.kr/view.php?ud=2026092309565251152aaae0046f_30,http://www.beyondpost.co.kr/view.php?ud=2026092309565251152aaae0046f_30,"Wed, 23 Sep 2026 10:04:00 +0900",2026-09-23 10:19:59
반도체,반도체 주가,"인텔 제치고 1조 달러 벽 깬 AMD, 에이전틱 AI 심장 쥐고 질주 시작했다",미국 반도체 기업 AMD의 시가총액이 2026년 9월 21일(현지시각) 뉴욕 증시 개장 직후 주당 607달러(약 81만... 개장 직후 607달러 직행… 1조 달러 안팎 공방 AMD 주가는 21일 오전 뉴욕 증시가 문을 열자마자 강한 매수세를... ,https://www.g-enews.com/view.php?ud=202609230947157717fbbec65dfb_1,https://www.g-enews.com/view.php?ud=202609230947157717fbbec65dfb_1,"Wed, 23 Sep 2026 10:04:00 +0900",2026-09-23 10:19:59
반도체,반도체 주가,AI 반도체 훈풍에 소부장 들썩…메가터치·오킨스전자 '함박웃음',"글로벌 인공지능(AI) 데이터센터 투자 확대와 첨단 메모리 반도체 공정 가동률 회복 기대감에 23일 반도체 재료 부품 관련주가 강세를 나타내고 있다. 고성능 반도체 수요가 늘면서 테스트 부품과 특수가스, 초미세 공정... ",https://www.pinpointnews.co.kr/news/articleView.html?idxno=489862,https://www.pinpointnews.co.kr/news/articleView.html?idxno=489862,"Wed, 23 Sep 2026 09:58:00 +0900",2026-09-23 10:19:59
반도체,반도체 산업,"정부, 자원안보 재정비…원유 의존 낮추고 핵심광물 1년치 비축","반도체와 배터리 등 첨단산업에 필요한 핵심광물 관리 범위도 확대된다. 기존 38종에 인과 형석, 게르마늄과 희토류 10종을 추가해 총 51종으로 늘린다. 인은 ESS용 배터리 양극재와 반도체 식각용 인산, 형석은 반도체용... ",http://www.iminju.net/news/articleView.html?idxno=169942,http://www.iminju.net/news/articleView.html?idxno=169942,"Wed, 23 Sep 2026 10:18:00 +0900",2026-09-23 10:20:00
반도체,반도체 산업,"헤이즈, AI 부채 문제로 유동성 확대되면 비트코인 상승 가능성 제시","미국 AI 산업의 부채 문제가 금융시장 불안으로 번지고 정부의 유동성 공급으로 이어지면 비트코인(BTC)과... 헤이즈는 AI 기업의 고성능 컴퓨팅 수요가 둔화하면 데이터센터와 반도체, 컴퓨팅 인프라에 투입된 부채의... ",https://www.tokenpost.kr/news/cryptocurrency/412550,https://www.tokenpost.kr/news/cryptocurrency/412550,"Wed, 23 Sep 2026 10:16:00 +0900",2026-09-23 10:20:00
반도체,반도체 산업,"NH농협은행·하나은행, 세종 지역성장펀드에 출자 추진",세종시 지역성장펀드의 주요 투자처는 ▲ 반도체·소부장(소재·부품·장비)▲ 바이오 ▲인공지능·로보틱스 ▲ 지식서비스 ▲ 디지털콘텐츠 등 시정 5기 5대 전략산업이다. 출자금 규모는 펀드 조성 시점에 구체화한다고... ,https://www.yna.co.kr/view/AKR20260923062600063?input=1195m,https://n.news.naver.com/mnews/article/001/0016331805?sid=101,"Wed, 23 Sep 2026 10:16:00 +0900",2026-09-23 10:20:00
반도체,반도체 산업,중동 원유 의존도 70%→50% 이하로…비축 2천만배럴 확충(종합),"이와 함께 반도체·배터리 등에 쓰이는 핵심광물 관리 대상을 51종으로 늘리고, 비축 기간도 최대 365일까지 확대한다. 산업통상부는 23일 무역보험공사에서 김정관 장관 주재로 '제6차 자원안보 협의회'를 열고 이 같은... ",https://www.yna.co.kr/view/AKR20260923044551003?input=1195m,https://n.news.naver.com/mnews/article/001/0016331810?sid=101,"Wed, 23 Sep 2026 10:16:00 +0900",2026-09-23 10:20:00
반도체,반도체 산업,"LH, 용인 반도체산단 심사위원 풀 452명 확대… 공정성 강화",가 '용인 첨단시스템반도체 클러스터 국가산업단지 조성공사(1공구)' 사업계획서 심사를 앞 한국토지주택공사(LH)두고 심사위원 후보군을 452명으로 확대하는 등 공정성과 투명성을 강화한 심사 방안을 마련했다. LH는... ,https://www.newscj.com/news/articleView.html?idxno=3435045,https://www.newscj.com/news/articleView.html?idxno=3435045,"Wed, 23 Sep 2026 10:14:00 +0900",2026-09-23 10:20:00
반도체,반도체 산업,"SF익스프레스 코리아, 인천공항 제1공항물류단지에 신규 물류거점 확보",특히 K-뷰티·패션·소비재 등 해외 이커머스 물량과 반도체·전자부품 등 고부가가치 산업의 항공 수출입 수요에 대응한다는 방침이다. 또한 인천국제공항의 항공 네트워크와 SF가 보유한 물류 네트워크를 결합해... ,https://www.hankyung.com/article/202609232856O,https://n.news.naver.com/mnews/article/015/0005335551?sid=101,"Wed, 23 Sep 2026 10:13:00 +0900",2026-09-23 10:20:00
반도체,반도체 산업,AI가 회사도 뽑는다…재계 AX 2막 열린다,"그동안 AI 경쟁이 데이터센터와 반도체 등 대규모 투자에 집중됐다면 이제는 실제 사업 현장에서... ▲SK, 데이터센터에서 정유공장까지 연결 SK는 AI를 위한 인프라와 AI를 사용하는 산업현장을 하나로 묶는 전략을... ",http://www.hansbiz.co.kr/news/articleView.html?idxno=867481,http://www.hansbiz.co.kr/news/articleView.html?idxno=867481,"Wed, 23 Sep 2026 10:12:00 +0900",2026-09-23 10:20:00
반도체,반도체 산업,"늦어도 너무 늦었다…통합특별시, 출범 83일 만에 첫 승진 인사","2급 승진자는 강효석 행정통합추진단장, 김기홍 전남광주반도체산업지원단장, 이상배 기후환경국장이다. 강 단장은 문화·농정 분야, 김 단장은 산업·자치행정 분야, 이 국장은 산업·도시개발 분야에서 주요 보직을... ",https://www.nocutnews.co.kr/news/6582513?utm_source=naver&utm_medium=article&utm_campaign=20260923101133,https://n.news.naver.com/mnews/article/079/0004192395?sid=102,"Wed, 23 Sep 2026 10:12:00 +0900",2026-09-23 10:20:00
반도체,반도체 산업,윤도희 경기도의원 발의 '지역혁신 대학지원 조례' 본회의 통과,"해당 사업에는 34개 컨소시엄에 참여하는 도내 67개 대학과 1개 기관이 참여하며, 경기도는 반도체·인공지능·빅데이터·바이오 등 7대 미래성장산업을 중심으로 5개 핵심 프로젝트를 추진하고 있다. 윤 의원은 대학의... ",https://www.safetynews.co.kr/news/articleView.html?idxno=250719,https://www.safetynews.co.kr/news/articleView.html?idxno=250719,"Wed, 23 Sep 2026 10:12:00 +0900",2026-09-23 10:20:00
반도체,반도체 산업,미중정상회담 앞두고 만난 트럼프·다카이치…中 현안 협력 확인,"인공지능(AI)과 반도체, 핵심 광물 분야에서 진행 중인 협력을 더 강화하기로 했다. 미일 동맹의 억지력과... 최근 일본 내각 개편으로 각료 18명 가운데 10명이 교체됐지만 외무·재무·경제산업·방위 장관은 유임됐다는... ",https://www.newsis.com/view/NISX20260923_0003801415,https://n.news.naver.com/mnews/article/003/0014209964?sid=104,"Wed, 23 Sep 2026 10:12:00 +0900",2026-09-23 10:20:00
반도체,반도체 산업,"올해 한국 성장률 줄줄이 3%대, ADB도 3.2%로 왜?…“AI반도체 수출 확대...","글로벌 인공지능(AI) 반도체 수요 확대에 따른 수출 증가가 우리나라의 견고한 성장세를 이끌고 있는... ADB는 민간투자 확대, 정부 경기부양책 효과, AI 관련 산업의 수출 호조 등을 성장 요인으로 꼽았다. 중국(4.6... ",https://www.ekn.kr/web/view.php?key=20260923021108418,https://www.ekn.kr/web/view.php?key=20260923021108418,"Wed, 23 Sep 2026 10:10:00 +0900",2026-09-23 10:20:00
반도체,반도체 산업,"행복나래, 사회적가치 페스타서 10년간 사회문제 해결 성과 공유","기업은 산업현장 AI 모니터링 솔루션을 개발하는 딥핑소스, 폐기물 업사이클 소재 기업 스타스테크, AI 보안 솔루션 기업 에임인텔리전스, 탄소회계 플랫폼 기업 엔츠, 스마트팜 시스템 기업 엔티, 반도체 안전 용기... ",http://www.efnews.co.kr/news/articleView.html?idxno=132637,http://www.efnews.co.kr/news/articleView.html?idxno=132637,"Wed, 23 Sep 2026 10:10:00 +0900",2026-09-23 10:20:00
반도체,반도체 산업,"ADB, 韓 올해 성장률 전망 3.2%로 상향 …내년도 2.3%로 올려","반도체 수출·소비 회복 반영…내년 전망도 2.3%로 올려 韓 올해 물가상승률 2.7% 기존 유지 아시아개발은행... ADB는 민간 투자 확대와 정부의 경기 부양책 효과, AI 관련 산업의 수출 호조 등을 성장 요인으로... ",https://www.tjb.co.kr/news05/bodo/view/id/103982,https://www.tjb.co.kr/news05/bodo/view/id/103982,"Wed, 23 Sep 2026 10:10:00 +0900",2026-09-23 10:20:00
반도체,반도체 산업,[기자수첩] 임단협서 엇갈린 반도체 투톱..상생 문화가 국가경쟁력 화두...,다만 우리나라에서 반도체 산업이 갖는 위상과 글로벌 경쟁 구도를 생각해볼 필요는 있다. 반도체 산업은 국가첨단전략산업으로 전체 수출에서도 큰 비중을 차지한다. 국세청에 따르면 이달 1일부터 20일까지의 전체... ,https://kpenews.com/View.aspx?No=4239566,https://kpenews.com/View.aspx?No=4239566,"Wed, 23 Sep 2026 10:08:00 +0900",2026-09-23 10:20:00
반도체,반도체 산업,"“AI 주권, 모델만의 싸움 아니다”…전력·물 확보도 AI 경쟁력","AI 산업에는 첨단 반도체와 데이터센터, 전력, 자본, 인재 등이 모두 필요한 만큼 대부분의 국가는 다른 나라나 기업에 일정 부분 의존할 수밖에 없다는 설명이다. 미국과 중국도 완전한 자립이 가능한 것은 아니다.... ",https://www.edaily.co.kr/News/Read?newsId=02952006645583072&mediaCodeNo=257&utm_source=naver&utm_medium=referral&utm_campaign=news_syndication&utm_content=original_article,https://n.news.naver.com/mnews/article/018/0006374823?sid=101,"Wed, 23 Sep 2026 10:08:00 +0900",2026-09-23 10:20:00
반도체,HBM 시장,"SKC, 글라스기판에 추가 베팅…앱솔릭스에 921억 더 넣는다",글라스기판은 AI 반도체 시장 확대와 함께 차세대 패키징 소재로 주목받고 있다. 기존 유기기판보다 열에... 표면이 매끄럽고 치수 안정성이 높아 회로를 보다 미세하게 구현할 수 있어 GPU와 HBM 등 고성능 반도체를... ,http://www.biztribune.co.kr/news/articleView.html?idxno=359500,http://www.biztribune.co.kr/news/articleView.html?idxno=359500,"Wed, 23 Sep 2026 10:16:00 +0900",2026-09-23 10:20:00
반도체,HBM 시장,"삼성전자, 퀄컴 차세대 스냅드래곤서 'LPDDR6' 검증 완료…&quot;업계 최초&quot;",최근 글로벌 메모리 시장에서는 고대역폭메모리(HBM)와 함께 저전력 메모리 분야 경쟁도 치열해지고 있다. 시장조사업체 옴디아에 따르면 지난 1분기 기준 삼성전자의 글로벌 모바일 D램 시장 점유율은 43%로 1위에... ,https://www.newsis.com/view/NISX20260923_0003801580,https://n.news.naver.com/mnews/article/003/0014209938?sid=101,"Wed, 23 Sep 2026 10:08:00 +0900",2026-09-23 10:20:00
반도체,HBM 시장,[산업썰전] 호남반도체 2030년 6월 양산?…시간표 뜯어보니 '빠듯' 그 자...,고 의원도 &quot;지금은 HBM이 각광받지만 그때도 시장이 같은 제품을 원할지는 알 수 없다&quot;며 기업의 투자 일정은 시장과 기술 변화에 맞춰야 한다는 취지로 지적했다. 호남 반도체 클러스터에는 팹뿐 아니라 산업단지와... ,https://www.pinpointnews.co.kr/news/articleView.html?idxno=489870,https://www.pinpointnews.co.kr/news/articleView.html?idxno=489870,"Wed, 23 Sep 2026 10:08:00 +0900",2026-09-23 10:20:00
반도체,HBM 시장,"키움증권 &quot;삼성전자, 3분기 실적 전망치 하회 예상…HBM은 크게 성장&quot;",박 연구원은 &quot;투자 포인트를 범용 메모리 가격의 상승에서 HBM과 파운드리의 시장 점유율 확대로 옮기고 중장기적 관점에서 매수 접근할 것&quot;을 추천했습니다. 그러면서 목표주가 35만원과 투자의견 '매수'를... ,https://biz.sbs.co.kr/article_hub/20000336427?division=NAVER,https://n.news.naver.com/mnews/article/374/0000534529?sid=101,"Wed, 23 Sep 2026 09:57:00 +0900",2026-09-23 10:20:00
반도체,HBM 시장,삼성전자 목표가 53만→63만원…유안타證 “메모리 사이클 더 간다”,시장에서는 신규 증설 등으로 2028년 메모리 업황이 정점을 통과할 가능성을 우려하고 있다. 유안타증권은 HBM이 범용 D램 생산능력을 잠식하고 있는 데다 AI 추론 확산으로 고용량 메모리 수요가 늘고 있다는 점에... ,https://www.kukinews.com/article/view/kuk202609230040,https://www.kukinews.com/article/view/kuk202609230040,"Wed, 23 Sep 2026 09:56:00 +0900",2026-09-23 10:20:00
반도체,HBM 시장,"[특징주] 삼성전자, 3분기 실적 기대 하회 전망에도 HBM·파운드리 성장...",키움증권 박유악 연구원은 &quot;삼성전자에 대한 투자 포인트를 기존 '범용 메모리 가격 급등'에서 'HBM과 파운드리의 시장 점유율 확대'로 옮길 시점&quot;이라며 &quot;4분기에는 HBM4 판매 비중이 과반을 넘어서고 Exynos 2800... ,https://www.namdonews.com/news/articleView.html?idxno=924327,https://www.namdonews.com/news/articleView.html?idxno=924327,"Wed, 23 Sep 2026 09:56:00 +0900",2026-09-23 10:20:00
반도체,HBM 시장,삼성전자 주가 눈높이 '63만 vs 35만' 팽팽…HBM 성장엔 한목소리,박 연구원은 중국 업체들의 추격으로 범용 제품의 가격 압박은 커질 수 있지만 HBM의 시장 점유율은 계속 확대될 것으로 내다봤다. 이에 따라 투자 초점을 범용 가격 상승에서 HBM과 파운드리 경쟁력으로 옮겨 중장기적... ,https://www.widedaily.com/news/articleView.html?idxno=301417,https://www.widedaily.com/news/articleView.html?idxno=301417,"Wed, 23 Sep 2026 09:50:00 +0900",2026-09-23 10:20:00
반도체,HBM 시장,"삼전·닉스, 美 훈풍·반도체 수요 증가 기대감에 2% 안팍 강세[특징주]",백길현 유안타증권 연구원은 &quot;메모리 반도체의 가격 상승 폭이 다소 둔화하겠지만 2027~2028년에도 빠듯한 수급 환경이 이어질 전망&quot;이라며 &quot;시장은 신규 증설과 HBM(고대역폭메모리) 관련 노이즈로 인한 2028년... ,https://www.newsway.co.kr/news/view?ud=2026092309400517364,https://www.newsway.co.kr/news/view?ud=2026092309400517364,"Wed, 23 Sep 2026 09:48:00 +0900",2026-09-23 10:20:00
반도체,HBM 시장,TSMC에 안긴 대만 2나노… 韓 HBM 주도권 흔든다,시장에서는 16Gbps HBM4E 규격의 실질 수율 지표와 주요 빅테크 기업들의 맞춤형 베이스다이 발주 물량이 실제 시장 진입 여부를 판가름할 핵심 잣대로 꼽힌다. 고성능 AI 반도체의 원가 타당성과 열 제어 안정성이... ,https://www.g-enews.com/view.php?ud=202609230937122859fbbec65dfb_1,https://www.g-enews.com/view.php?ud=202609230937122859fbbec65dfb_1,"Wed, 23 Sep 2026 09:42:00 +0900",2026-09-23 10:20:00
반도체,HBM 시장,[이 시각 시황] 외국인·기관 동반 매수…반도체·양자암호주 강세,"유가증권시장 오늘 메이저 수급 주체 모두 매수 우위입니다. 외국인이 1,806억 원 사자 포지션 취하고 있고... HBM 관련주 확인하시죠. 오늘 반도체 굉장히 좋은 흐름 보여주고 있는데요. 제우스가 10.5% 강세... ",https://biz.sbs.co.kr/article_hub/20000336397?division=NAVER,https://n.news.naver.com/mnews/article/374/0000534522?sid=101,"Wed, 23 Sep 2026 09:40:00 +0900",2026-09-23 10:20:00
반도체,HBM 시장,삼성전자 업황 어디로…'2028 슈퍼사이클' 유안타 vs 실적 눈높이 낮춘 ...,"이어 박 연구원은 &quot;삼성전자에 대한 투자 포인트를 '범용 메모리 가격 상승'에서 'HBM과 파운드리의 시장 점유율 확대'로 옮기고, 중장기적 관점에서 매수 접근할 것을 추천한다&quot;고 덧붙였다.",https://www.newsquest.co.kr/news/articleView.html?idxno=301525,https://www.newsquest.co.kr/news/articleView.html?idxno=301525,"Wed, 23 Sep 2026 09:38:00 +0900",2026-09-23 10:20:00
반도체,HBM 시장,"[특징주] 삼성전자·SK하이닉스, 메모리 반도체 수요 증가.. '강세&quot;","백길현 유안타증권 연구원은 &quot;메모리 반도체의 가격 상승 폭이 다소 둔화하겠지만, 2027~2028년에도 빠듯한 수급 환경이 이어질 것&quot;이라며 &quot;시장은 신규 증설과 HBM(고대역폭메모리) 관련 노이즈로 인한 2028년... ",https://www.g-enews.com/view.php?ud=20260923092106877144093b5d4e_1,https://www.g-enews.com/view.php?ud=20260923092106877144093b5d4e_1,"Wed, 23 Sep 2026 09:36:00 +0900",2026-09-23 10:20:00
반도체,HBM 시장,"키움증권 &quot;삼성전자 3분기 실적 눈높이 낮아져, HBM·파운드리가 신성장...","확대를 이루며, 신성장동력으로 자리매김할 것&quot;이라며 &quot;삼성전자의 투자 포인트를 '범용 메모리 가격 상승'에서 'HBM과 파운드리 시장 점유율 확대'로 옮기고 중장기적 관점에서 매수 접근할 것을 추천한다&quot;고 말했다.",https://www.businesspost.co.kr/BP?command=article_view&num=447891,https://www.businesspost.co.kr/BP?command=article_view&num=447891,"Wed, 23 Sep 2026 09:34:00 +0900",2026-09-23 10:20:00
반도체,HBM 시장,"수익률·개인 매수·연금 활용까지…한투운용, 추석 ETF 4종 제안",국내 AI 반도체 가운데 HBM 관련 핵심 기술과 시장점유율을 보유한 기업에 투자하면서 AI 반도체 상승 흐름의 수혜를 받은 것으로 풀이된다. '동(動)'에는 액티브 운용을 강조한 'ACE 라이프자산주주가치액티브... ,https://www.fnnews.com/news/202609230919540789,https://n.news.naver.com/mnews/article/014/0005580125?sid=101,"Wed, 23 Sep 2026 09:29:00 +0900",2026-09-23 10:20:00
반도체,HBM 시장,"삼성전자 목표가 63만원 vs 35만원…증권가, 메모리 호황 지속에 주목","이어 &quot;삼성전자에 대한 투자 포인트를 '범용 메모리 가격 상승'에서 'HBM과 파운드리의 시장 점유율 확대'로 옮기고, 중장기적 관점에서 매수 접근할 것을 추천한다&quot;고 밝혔다．",https://www.newsis.com/view/NISX20260923_0003801502,https://n.news.naver.com/mnews/article/003/0014209748?sid=101,"Wed, 23 Sep 2026 09:26:00 +0900",2026-09-23 10:20:00
반도체,파운드리 수주,[뉴(NEW) 희망의시대] 한미동맹 새공식 '프렌드쇼어링'…K 반도체·철강...,있는 파운드리 공장 가동을 앞두고 있다. 이 공장의 생산 능력은 웨이퍼 투입 기준 월 5만장에 달한다. 이는... 칩인 'AI5'와 'AI6'를 수주한 바 있다. 최근에는 미국의 빅테크 메타와 세계 최대 AI 반도체 팹리스 기업인... ,https://weekly.hankooki.com/news/articleView.html?idxno=7184827,https://weekly.hankooki.com/news/articleView.html?idxno=7184827,"Wed, 23 Sep 2026 07:30:00 +0900",2026-09-23 10:20:01
반도체,파운드리 수주,[증시 프리즘] 주요 증권사 리서치센터별 올 하반기 목표주가·추천 종...,미래에셋증권은 파운드리 사업 가치 재평가를 반영했고 LS증권은 HBM4 양산성 개선을 근거로 제시했다. AI... 글로벌 데이터센터 증설에 따른 전력기기 수주 잔고 증가가 실적 확정성을 높이고 있다는 분석이다. 방산 및... ,https://www.thefairnews.co.kr/news/articleView.html?idxno=88870,https://www.thefairnews.co.kr/news/articleView.html?idxno=88870,"Wed, 23 Sep 2026 00:00:00 +0900",2026-09-23 10:20:01
반도체,파운드리 수주,9월 4주 주요 제조업 전망,이에 따라 8인치 파운드리 생산시설 가동률은 올해 90% 수준까지 상승했으며 내년에도 높은 가동률이 유지될 전망임 - 아울러 자동차와 가전 등 8인치 반도체가 사용되는 주요 제품들의 재고 조정이 지난해까지... ,https://www.laborplus.co.kr/news/articleView.html?idxno=41536,https://www.laborplus.co.kr/news/articleView.html?idxno=41536,"Tue, 22 Sep 2026 23:25:00 +0900",2026-09-23 10:20:01
반도체,파운드리 수주,"한국 진출 30년 엡손, &quot;프린터 넘어 로보틱스·마이크로디바이스 기업으...","반도체 파운드리 사업은 고객 맞춤형 설계를 중심으로 운영하고 있다. 사업을 급격히 확대하기보다는 개별 고객의 요구에 하나씩 대응하는 방식으로 안정적인 수익원으로 유지해 나갈 방침이며, 한국 기업의 수주... ",https://it.donga.com/109584/,https://it.donga.com/109584/,"Tue, 22 Sep 2026 18:28:00 +0900",2026-09-23 10:20:01
반도체,파운드리 수주,"대만, 8월 수출주문 사상 첫 1000억달러 돌파…AI 반도체·서버 수요 폭...",높은 수준을 유지하고 있다는 신호로 해석할 여지가 있다. 향후 AI 가속기와 서버 생산 확대가 실제 출하로 이어질 경우 국내 메모리업체의 4분기와 내년 초 수요에도 영향을 미칠 수 있다. 반대로 파운드리... ,https://www.joongangenews.com/news/articleView.html?idxno=550218,https://www.joongangenews.com/news/articleView.html?idxno=550218,"Tue, 22 Sep 2026 18:16:00 +0900",2026-09-23 10:20:01
반도체,파운드리 수주,"삼성 'AI 깐부' AMD, 시총 1조달러…커지는 엔비디아 밖 공급망",다만 AMD와의 파운드리 협력은 아직 논의 단계다. 실제 수주로 이어지는지가 추가 수혜의 폭을 가를 변수다. 업계 한 관계자는 &quot;AMD의 AI 가속기 출하가 늘어나면 HBM 수요처가 엔비디아 외로 넓어지는 효과가 있다... ,https://www.ajunews.com/view/20260922141305106,https://www.ajunews.com/view/20260922141305106,"Tue, 22 Sep 2026 18:02:00 +0900",2026-09-23 10:20:01
반도체,파운드리 수주,메가프로젝트 전력 확보전…시험대 오른 '원전 공론화',두산에너빌리티는 대형 원전 주기기 제작 역량을 바탕으로 뉴스케일파워 등 글로벌 SMR 기업들의 파운드리(위탁생산) 물량을 수주하는 전략을 펼치고 있다. 이번 12차 전기본 공론화를 통해 신규 대형 원전 및 SMR 추가... ,https://www.ebn.co.kr/news/articleView.html?idxno=1725412,https://www.ebn.co.kr/news/articleView.html?idxno=1725412,"Tue, 22 Sep 2026 16:38:00 +0900",2026-09-23 10:20:01
반도체,파운드리 수주,"엡손, “韓 기업과 기술 제휴 지속”…로봇·반도체서 접점 넓힌다",고산테크 이어 추가 투자 기회 탐색…韓 기업 파운드리 수주 가능성도 엡손이 로보틱스와 반도체 등 첨단 산업 분야에서 한국 기업과의 사업 기회를 넓힌다. 정밀 제어와 센싱 기술을 기반으로 산업용 로봇의 적용 범위를... ,https://www.ddaily.co.kr/page/view/2026092215185837624,https://n.news.naver.com/mnews/article/138/0002242439?sid=105,"Tue, 22 Sep 2026 16:09:00 +0900",2026-09-23 10:20:01
반도체,파운드리 수주,"[이슈] 멜콘, 내달 코스닥 상장…&quot;XPS·신사업 확대로 글로벌 넘버원 도...",지난해까지 누적 공급량은 63대였고 올해 신규 수주는 64대를 확보했다. 이 가운데 40대가 이미 공급됐고... 멜콘은 삼성전자와 SK하이닉스를 기반으로 사업을 키운 뒤 2014년 글로벌파운드리에 업체 등록을 마치고 장비... ,http://www.paxetv.com/news/articleView.html?idxno=282566,http://www.paxetv.com/news/articleView.html?idxno=282566,"Tue, 22 Sep 2026 15:48:00 +0900",2026-09-23 10:20:01
반도체,파운드리 수주,DB하이텍 13만1100원으로 밀려…분기 영업이익 1000억원 돌파,"앞으로는 8인치 파운드리 가동률과 증설 투자 효율, 중국 고객 수요가 실적을 좌우한다. 높은 이익 성장에도 주가 변동성이 큰 만큼 분기별 수주와 제품 믹스를 확인해야 한다.",https://www.job-post.co.kr/news/articleView.html?idxno=228874,https://www.job-post.co.kr/news/articleView.html?idxno=228874,"Tue, 22 Sep 2026 15:28:00 +0900",2026-09-23 10:20:01
반도체,파운드리 수주,"TSMC, 1.4나노 A14 내년 1분기 시험생산…삼성전자와 고객 확보전 본격화",고객사 역시 한번 특정 파운드리 공정을 기준으로 제품 설계를 시작하면 다른 공정으로 변경하는 데 상당한 시간과 비용이 발생하는 만큼 초기 고객 확보가 장기 수주 경쟁으로 이어질 가능성이 크다. 실제 A14에... ,https://www.joongangenews.com/news/articleView.html?idxno=550133,https://www.joongangenews.com/news/articleView.html?idxno=550133,"Tue, 22 Sep 2026 15:20:00 +0900",2026-09-23 10:20:01
반도체,파운드리 수주,[IPO] 반도체 환경제어 70% 장악한 멜콘…ASML 뚫고 코스닥 도전,"기준 수주잔고의 97%가 이 두 회사 물량이다. 회사는 이런 편중을 낮추기 위해 해외 고객 다변화를 함께 추진하고 있다. 2014년 미국 글로벌파운드리스에 처음 납품을 시작한 것을 발판으로, 지난해에는 세계 최대... ",https://www.cnbizm.com/news/articleView.html?idxno=315949,https://www.cnbizm.com/news/articleView.html?idxno=315949,"Tue, 22 Sep 2026 14:52:00 +0900",2026-09-23 10:20:01
반도체,파운드리 수주,[엡손 2035] AI 시대 '정밀함'에 주목하는 엡손...데이터센터·로봇서 성...,▲파운드리 사업에서 외부 고객을 확대하거나 한국 팹리스 기업의 물량을 수주할 계획은. 요시다 대표: 특정 분야를 급격하게 확대하기보다 고객마다 다른 설계와 요구에 착실하게 대응하고자 한다. 고객의 요청에 따라... ,https://www.techm.kr/news/articleView.html?idxno=155482,https://www.techm.kr/news/articleView.html?idxno=155482,"Tue, 22 Sep 2026 13:38:00 +0900",2026-09-23 10:20:01
반도체,파운드리 수주,“삼전닉스·마이크론 반도체 3강 구도 중국 기업이 깨기는 어렵다”,기존 반도체 ETF는 파운드리(반도체 위탁 생산 업체)나 장비 관련 종목에도 함께 투자해 ‘AI 반도체’라는... 두툼한 수주 잔고를 보유한 방산업체처럼 경기 영향을 덜 받는 주식으로 탈바꿈하고 있는 셈이다.”... ,https://www.chosun.com/economy/weeklybiz/2026/09/15/R7MDJECGKJDD3J6MUIEWBVIZIA/?utm_source=naver&utm_medium=referral&utm_campaign=naver-news,https://n.news.naver.com/mnews/article/023/0003999864?sid=101,"Tue, 22 Sep 2026 13:32:00 +0900",2026-09-23 10:20:01
반도체,파운드리 수주,동진쎄미켐 美 신너 생산 본격화…삼성 테일러팹 가동 채비 속도 [비즈...,회사는 올해 IR에서 “2026년 하반기 양산 예정인 신너 공장은 이미 대형 수주를 확보한 파운드리 고객사의 현지 공장에 납품할 예정”이라고 밝힌 바 있다. 파운드리 고객사는 삼성전자 테일러팹이다. 동진쎄미켐이... ,https://biz.heraldcorp.com/article/10881815?ref=naver,https://n.news.naver.com/mnews/article/016/0002700759?sid=101,"Tue, 22 Sep 2026 10:59:00 +0900",2026-09-23 10:20:01
반도체,파운드리 수주,삼성 반도체 '좋은 신호' 쏟아진다…HBM4·D램·파운드리 동반 개선,유리하게 작용하고 있다&quot;며 &quot;여기에 HBM4 베이스다이 생산이 파운드리 가동률 상승으로 이어지고 외부 고객 수주까지 확대된다면 메모리와 파운드리가 함께 실적을 끌어올리는 구조가 만들어질 수 있다&quot;고 말했다.,https://www.pinpointnews.co.kr/news/articleView.html?idxno=489469,https://www.pinpointnews.co.kr/news/articleView.html?idxno=489469,"Tue, 22 Sep 2026 10:14:00 +0900",2026-09-23 10:20:01
반도체,파운드리 수주,[오늘의 이슈]휴머노이드 서밋 서울 개막…피지컬 AI 현주소 점검,"코엑스에서는 휴머노이드 부품 수주 발표가 있는지, 마우이에서는 퀄컴 신형 칩이 어떤 메모리와 파운드리를 쓰는지 확인하면 된다. 금리 여건은 그대로다. 미 10년물이 5% 위에 있는 동안 실적 없는 로봇주는... ",http://www.newskr.kr/news/articleView.html?idxno=106566,http://www.newskr.kr/news/articleView.html?idxno=106566,"Tue, 22 Sep 2026 07:12:00 +0900",2026-09-23 10:20:01
반도체,파운드리 수주,앱을 닫아도 클라우드는 켜져 있다…AI 에이전트가 흔드는 반도체 판도,"메타는 이 서비스에 매주 1억 개의 무료 토큰을 제공하며, 유료 요금제는 월 20달러(약 2만 7500원) 수준으로... 및 파운드리 업체의 실적 발표와 서버 출하량 지표를 통해 에이전트 기반 인프라 수요의 실체가... ",https://www.g-enews.com/view.php?ud=202609220644084896fbbec65dfb_1,https://www.g-enews.com/view.php?ud=202609220644084896fbbec65dfb_1,"Tue, 22 Sep 2026 06:52:00 +0900",2026-09-23 10:20:01
반도체,파운드리 수주,"HBM에 웃는 파운드리… 삼성, 4나노 증설 채비",HBM4 생산확대뿐만 아니라 엔비디아의 AI 추론용 반도체인 '그록(Groq)3 LPU(언어처리장치)'도 삼성 파운드리 4나노 공정에서 생산된다. 수요가 몰리면서 삼성전자는 최근 4나노 신규수주 물량의 가격을 인상했다.... ,https://www.mt.co.kr/industry/2026/09/22/2026092119545912109,https://n.news.naver.com/mnews/article/008/0005417004?sid=101,"Tue, 22 Sep 2026 04:00:00 +0900",2026-09-23 10:20:01
2차전지,2차전지 주가,[증시 오늘(23일) 주요 특징주] 코스피 7100선 강세속 종목별 차별화…반...,최근 대규모 공급 계약 및 기술 제휴 소식을 발표한 주요 인공지능 관련 기술주와 2차전지 소재 기업들도 큰 폭의 오름세를 나타내며 거래량을 급증시키고 있다. 차세대 기술력 확보에 대한 시장의 평가가 주가에 적극... ,https://www.thefairnews.co.kr/news/articleView.html?idxno=88913,https://www.thefairnews.co.kr/news/articleView.html?idxno=88913,"Wed, 23 Sep 2026 09:46:00 +0900",2026-09-23 10:20:02
2차전지,2차전지 주가,"[EBN 데이터센터] 코스피, 장 초반 7116.62 상승 출발...외국인·기관 동...",반도체 대형주와 2차전지 관련주가 지수 상승을 견인하는 가운데 업종별로는 태양광과 에너지 솔루션 종목의 탄력이 두드러지는 모습이다. 반면 건설주와 일부 개별 종목은 차익실현 매물에 밀리며... ,https://www.ebn.co.kr/news/articleView.html?idxno=1725489,https://www.ebn.co.kr/news/articleView.html?idxno=1725489,"Wed, 23 Sep 2026 09:46:00 +0900",2026-09-23 10:20:02
2차전지,2차전지 주가,"[특징주] 디에이테크놀로지, 정리매매 개시 첫날 92%대 급락",상장폐지를 앞둔 2차전지 장비 제조 기업 디에이테크놀로지가 정리매매 개시 첫날 90% 이상 급락하고 있다.... 정리 매매 기간에는 주가 변동성 제한(가격 제한 폭)이 적용되지 않으며 오전 9시부터 오후 3시 30분까지... ,https://biz.chosun.com/stock/stock_general/2026/09/23/C4CQWWHMTNAD5AHZANMJCCGARI/?utm_source=naver&utm_medium=original&utm_campaign=biz,https://n.news.naver.com/mnews/article/366/0001194122?sid=101,"Wed, 23 Sep 2026 09:43:00 +0900",2026-09-23 10:20:02
2차전지,2차전지 주가,"[EBN 데이터센터] 코스피, 반도체 대형주 강세 힘입어 7100대 출발",반도체 대형주와 2차전지 관련주가 지수 상승을 견인하는 가운데 업종별로는 태양광과 에너지 솔루션 종목의 탄력이 두드러지는 모습이다. 이날 한국거래소에 따르면 오전 9시 20분 기준 코스피는 전일... ,https://www.ebn.co.kr/news/articleView.html?idxno=1725491,https://www.ebn.co.kr/news/articleView.html?idxno=1725491,"Wed, 23 Sep 2026 09:30:00 +0900",2026-09-23 10:20:02
2차전지,2차전지 주가,"[특징주] 디에이테크놀로지, 정리매매 첫날 92% 폭락…내달 7일 상폐",아주경제=신동근 기자 sdk6425@ajunews.com 2차전지 장비업체 디에이테크놀로지가 상장폐지를 앞두고... 30분 간격의 단일가 매매 방식으로 거래된다. 가격제한폭이 없는 만큼 주가가 단기간에 큰 폭으로 움직일 수 있다.,https://www.ajunews.com/view/20260923092445029,https://www.ajunews.com/view/20260923092445029,"Wed, 23 Sep 2026 09:26:00 +0900",2026-09-23 10:20:02
2차전지,2차전지 주가,"코스피, 美 메모리주 강세에 장초반 1%대 올라 7120선...삼성전자·SK하이...",간밤 미국 증시에서 마이크론·샌디스크·시게이트 등 메모리 관련주가 일제히 상승한 흐름이 국내 반도체 투자심리에도 힘을 보태고 있다. 2차전지와 자동차 대형주도 상승하고 있다. LG에너지솔루션은 1.71... ,https://www.pinpointnews.co.kr/news/articleView.html?idxno=489849,https://www.pinpointnews.co.kr/news/articleView.html?idxno=489849,"Wed, 23 Sep 2026 09:20:00 +0900",2026-09-23 10:20:02
2차전지,2차전지 주가,"“코스피 흔들리면 사라…1차 반등 목표 7,600선”&lt;대신證&gt;","현재 코스피 12개월 선행 주가수익비율(PER)은 5.49배로 역사적 저점권에 머물러 있다. 이 연구원은... 이 연구원은 “IT 하드웨어와 반도체, 소매유통, 조선, 화학, 방산, 2차전지, 전력기기 등이 향후 밸류에이션... ",https://www.news2day.co.kr/article/20260923500041,https://www.news2day.co.kr/article/20260923500041,"Wed, 23 Sep 2026 09:10:00 +0900",2026-09-23 10:20:02
2차전지,2차전지 주가,[박정식의 국내 주식시황] 반도체 훈풍은 계속되는데…코스피 7200선 앞...,"다만 미국 시장에서 반도체 관련주 강세가 지속되고 있어 국내 반도체주가 지수 하단을 받치는 긍정적인... ▷ 민관이 K배터리에 8조4000억원을 투자한다는 계획을 내놓으면서 일부 2차전지, 전기차, 리튬 테마가... ",https://www.newsquest.co.kr/news/articleView.html?idxno=301502,https://www.newsquest.co.kr/news/articleView.html?idxno=301502,"Wed, 23 Sep 2026 08:24:00 +0900",2026-09-23 10:20:02
2차전지,2차전지 주가,"미국증시 혼조마감, 유가·금리 하락에 나스닥 상승…마이크론·SK하이닉...",미국증시는 유가 하락과 국채금리 완화를 발판으로 기술주가 살아났지만 금융주 약세가 발목을 잡으며... 유가와 금리 하락은 코스닥 성장주와 인터넷·바이오·2차전지 등 고밸류에이션 종목의 부담 완화 요인이... ,https://www.topstarnews.net/news/articleView.html?idxno=16208075,https://www.topstarnews.net/news/articleView.html?idxno=16208075,"Wed, 23 Sep 2026 07:08:00 +0900",2026-09-23 10:20:02
2차전지,2차전지 주가,"KB자산운용, 삼성·SK 대표기업 담은 ETF 출시","종목의 주가 움직임이 차지하는 영향도 작지 않다. 따라서 단순히 삼성·SK그룹 전반에 균등하게... 업종 측면에서는 반도체를 비롯해 전자부품·2차전지, 금융·지주, 통신·AI 인프라 관련 계열사를 편입한다.... ",https://www.pinpointnews.co.kr/news/articleView.html?idxno=489752,https://www.pinpointnews.co.kr/news/articleView.html?idxno=489752,"Tue, 22 Sep 2026 20:42:00 +0900",2026-09-23 10:20:02
2차전지,2차전지 주가,&quot;삼전닉스만 가는 장 끝났다&quot;…추석 이후 '강한 시장' 온다,"반면 지금은 반도체 소부장(소재·부품·장비), 기판 관련주는 물론 화장품, 2차전지 등 이른바 'AI 종목이... 최 이사는 &quot;예고된 이벤트로 인한 수급 공백을 우려해 주가가 빠진다는 논리에는 동의하지 않는다&quot;고 말했다.... ",https://www.kpinews.kr/newsView/1065602460769280,https://www.kpinews.kr/newsView/1065602460769280,"Tue, 22 Sep 2026 18:56:00 +0900",2026-09-23 10:20:02
2차전지,2차전지 주가,"한국투자증권, 대학생 모의투자대회 '한투모투배틀' 개최 外",아울러 대회 기간 진행되는 룰렛 이벤트와 주간 수익률 TOP5 시상 등을 통해서도 다채로운 추가 혜택을... 특히 삼성전자와 SK하이닉스를 중심으로 업황 개선에 대한 기대가 이어지는 반도체와 전자부품·2차전지... ,https://www.rcast.co.kr/news/articleView.html?idxno=31701,https://www.rcast.co.kr/news/articleView.html?idxno=31701,"Tue, 22 Sep 2026 18:46:00 +0900",2026-09-23 10:20:02
2차전지,2차전지 주가,[코스피 지수선물 옵션] 반도체부터 방산까지 엇갈렸다… 삼성전자·SK하...,"보험주가 서로 다른 방향으로 움직였다. 바이오주는 약세가 많았다. 삼성바이오로직스와 셀트리온, 알테오젠, 한미약품, SK바이오팜이 하락했다. 삼성바이오에피스는 상승했다. 2차전지 관련주도 엇갈렸다. 삼성SDI와... ",https://www.pinpointnews.co.kr/news/articleView.html?idxno=489732,https://www.pinpointnews.co.kr/news/articleView.html?idxno=489732,"Tue, 22 Sep 2026 18:46:00 +0900",2026-09-23 10:20:02
2차전지,2차전지 주가,"코스피, 3거래일 연속↑···전강후약 속 7000선 사수",시가총액 규모별로는 대형주와 중형주가 각각 0.2% 올랐고 소형주는 0.2% 하락했다. 외국인이 현물에서... 반면 제약·바이오와 일부 2차전지 관련주는 상대적으로 부진했다. 원/달러 환율은 전일보다 15.3원 내린... ,https://www.thereport.co.kr/news/articleView.html?idxno=91689,https://www.thereport.co.kr/news/articleView.html?idxno=91689,"Tue, 22 Sep 2026 17:56:00 +0900",2026-09-23 10:20:02
2차전지,2차전지 주가,[거래소 기관] 2차전지도 엇박자… 엘앤에프 사고 삼성SDI·LG엔솔 팔아,"엘앤에프와 포스코퓨처엠 등 2차전지 관련주도 순매수 상위권에 포함됐다. LS와 NAVER, 케이씨텍, 카카오도... 차별화되는 흐름을 보이면서 향후에도 개별 기업의 실적과 주가 흐름에 따른 수급 변화가 이어질지 주목된다.",https://www.pinpointnews.co.kr/news/articleView.html?idxno=489707,https://www.pinpointnews.co.kr/news/articleView.html?idxno=489707,"Tue, 22 Sep 2026 16:00:00 +0900",2026-09-23 10:20:02
2차전지,2차전지 주가,[코스닥 기관] ISC·리노공업·기가비스 쓸어 담고 SFA반도체 팔았다,"따라 주가가 움직이는 특성이 있다. SFA반도체도 기관 순매도 상위권에 포함됐다. 이날 기관이 ISC와 리노공업... 2차전지 대표 종목 가운데 하나인 에코프로비엠에 기관 매도세가 나타난 가운데, 비에이치아이와... ",https://www.pinpointnews.co.kr/news/articleView.html?idxno=489697,https://www.pinpointnews.co.kr/news/articleView.html?idxno=489697,"Tue, 22 Sep 2026 15:54:00 +0900",2026-09-23 10:20:02
2차전지,2차전지 주가,[코스닥 외국인] 심텍·SFA반도체 웃고 주성엔지니어링·원익IPS 울었다,"2차전지 대표주 가운데 하나인 에코프로비엠에 외국인 매수세가 들어오면서 반도체 중심으로 나타난 수급... 시장 전체의 업종 방향성보다는 개별 기업의 주가 흐름과 실적, 수급 상황에 따라 외국인 투자자의 선택이... ",https://www.pinpointnews.co.kr/news/articleView.html?idxno=489696,https://www.pinpointnews.co.kr/news/articleView.html?idxno=489696,"Tue, 22 Sep 2026 15:50:00 +0900",2026-09-23 10:20:02
2차전지,2차전지 주가,AI 훈풍에 코스피 7000선 지켰다... 장중 7170선서 상승폭 반납 [마감시...,"업종별로는 반도체 기판과 원전·건설, 일부 게임주가 강세를 보였다. 반면 제약·바이오와 엔터테인먼트 등에서는 매물이 출회됐다. 코스닥은 일부 2차전지와 반도체 장비주의 상승에도 대형주 약세가 이어지며... ",https://www.m-i.kr/news/articleView.html?idxno=1417525,https://www.m-i.kr/news/articleView.html?idxno=1417525,"Tue, 22 Sep 2026 15:46:00 +0900",2026-09-23 10:20:02
2차전지,2차전지 주가,차세대 배터리 기대감에 전고체株 함박웃음…종목별 희비는 엇갈려,2차전지(전고체) 테마가 22일 강세를 나타내고 있다. 전고체 배터리는 양극과 음극 사이 전해질을 기존... 다만 종목별로 기술 경쟁력과 실적 전망에 차이가 나타나면서 주가 흐름도 엇갈리고 있다. 가장 두드러진... ,https://www.pinpointnews.co.kr/news/articleView.html?idxno=489658,https://www.pinpointnews.co.kr/news/articleView.html?idxno=489658,"Tue, 22 Sep 2026 15:24:00 +0900",2026-09-23 10:20:02
2차전지,2차전지 주가,높아진 시총 문턱에 대구경북 기업들 줄퇴출 공포,전기차·2차전지 부품기업 에이에프더블류의 상장폐지 일정이 공시된 가운데 다른 지역 기업들도 기준 충족... 당장 현행 기준을 넘더라도 주가와 발행주식 수에 따른 시총이 충분히 늘지 않으면 다시 위험에 노출될 수... ,https://www.imaeil.com/page/view/2026092214495211810,https://n.news.naver.com/mnews/article/088/0001030032?sid=101,"Tue, 22 Sep 2026 14:51:00 +0900",2026-09-23 10:20:02
2차전지,배터리 산업,"AI 동일 성능 비용, 2023년 이후 분기마다 47% 하락","AI 비용 하락 속도는 DNA 시퀀싱과 컴퓨팅, 리튬 배터리, 전력 등 과거 기술보다 빠른 것으로 나타났다. AI... 새 모델의 성능 향상이나 AI 사용량 증가까지 반영해 AI 산업 전체 지출이 줄었다는 뜻은 아니다. 비용... ",https://www.tokenpost.kr/news/ai/412554,https://www.tokenpost.kr/news/ai/412554,"Wed, 23 Sep 2026 10:18:00 +0900",2026-09-23 10:20:03
2차전지,배터리 산업,고려아연 현대모비스 등 7개사 106분기 연속 흑자…LG에너지솔루션 20분...,"반면 배터리 대장주로 꼽히는 LG에너지솔루션은 20분기 연속 적자였다. 배터리 불황이 깊어진 탓이다.... 여천NCC도 19분기 연속적자를 기록했고 삼성SDI 8분기, 이마트24 6분기, LX인터내셔널·태광산업 각각 5분기... ",http://www.kookje.co.kr/news2011/asp/newsbody.asp?code=0200&key=20260923.99099007897,https://n.news.naver.com/mnews/article/658/0000156454?sid=101,"Wed, 23 Sep 2026 10:15:00 +0900",2026-09-23 10:20:03
2차전지,배터리 산업,EU ‘유럽산 우대’ 추진에 英 자동차업계 긴장… “공급망 타격 우려”,"EU는 연간 2조유로(3088조4400억원)가 넘는 회원국의 공공조달 시장을 활용해 철강과 알루미늄, 전기차, 배터리, 태양광·풍력 발전 등 전략산업의 생산을 유럽으로 끌어오겠다는 구상이다. 영국이 가장 우려하는 분야는... ",https://biz.chosun.com/international/international_general/2026/09/23/Q6XKUAAA7JDCTK7ZUDK4K3J474/?utm_source=naver&utm_medium=original&utm_campaign=biz,https://n.news.naver.com/mnews/article/366/0001194141?sid=104,"Wed, 23 Sep 2026 10:14:00 +0900",2026-09-23 10:20:03
2차전지,배터리 산업,"SK엔무브·LG전자, AI 데이터센터 열관리까지 맞손…액침냉각 공동개발","SK엔무브와 LG전자는 지난 21일 서울 종로구 SK서린빌딩에서 ‘가전·상업·산업용 신규 냉매, 냉동기유 및... 지난해 SK온과 합병한 뒤에는 전기차 배터리 열관리 분야로 사업 영역을 넓혔다. 김원기 SK엔무브 사장은... ",https://www.kukinews.com/article/view/kuk202609230045,https://www.kukinews.com/article/view/kuk202609230045,"Wed, 23 Sep 2026 10:14:00 +0900",2026-09-23 10:20:03
2차전지,배터리 산업,"광진실업, 경영진 전면 교체…철강 넘어 바이오·로봇·광통신 사업 확...","로봇 및 부품 제조·판매를 비롯해 산업용·연구용·군사용·전문서비스용 로봇, 지능형 로봇, 협동로봇, 로봇... 배터리 셀·모듈과 부품, 퍼스널모빌리티 배터리팩, 2·3·4륜 전기차와 관련 부품 등이 포함됐다. 이와 함께... ",http://www.ferrotimes.com/news/articleView.html?idxno=50557,http://www.ferrotimes.com/news/articleView.html?idxno=50557,"Wed, 23 Sep 2026 10:10:00 +0900",2026-09-23 10:20:03
2차전지,배터리 산업,[기고] 강재를 선택하는 '손'이 바뀐다…에이전틱 AI가 여는 철강 신수...,"철강업계에 신속하고 유익한 정보를 제공하고 산업의 지속 가능한 발전에 기여하고자 하는 페로타임즈는... 우선 모듈러 공공주택과 OSC(Off-Site Construction), 노후 건축물의 내진 보수·보강, BESS(배터리 에너지저장장치)와... ",http://www.ferrotimes.com/news/articleView.html?idxno=50547,http://www.ferrotimes.com/news/articleView.html?idxno=50547,"Wed, 23 Sep 2026 10:10:00 +0900",2026-09-23 10:20:03
2차전지,배터리 산업,"포스코퓨처엠, SK온에 LFP 양극재 1.1조 공급…삼원계서 사업 확대",지난달 국내 배터리 업체와 19만 톤 규모의 장기 공급에 합의한 데 이어 대형 계약을 확보하면서 기존... 전북 새만금 국가산업단지에는 천연흑연 음극재의 중간 원료인 구형흑연 가공 공장을 건설 중이다. 2027년 초... ,http://www.ferrotimes.com/news/articleView.html?idxno=50549,http://www.ferrotimes.com/news/articleView.html?idxno=50549,"Wed, 23 Sep 2026 10:10:00 +0900",2026-09-23 10:20:03
2차전지,배터리 산업,‘엇갈린 대기업 명암’..‘무적자’ 행진 VS 5년째 적자 수렁 어디?,"반면, 배터리 및 석유화학 등 업황 불황을 겪는 업종에서는 장기 적자 기업들의... 이 밖에도 삼성SDI(8분기), 이마트24(6분기), LX인터내셔널·태광산업(각 5분기)... ",http://www.breaknews.com/1238801,http://www.breaknews.com/1238801,"Wed, 23 Sep 2026 10:10:00 +0900",2026-09-23 10:20:03
2차전지,배터리 산업,[파워인터뷰] 김주환 힘스 대표 &quot;디스플레이·반도체 장비에 로봇 더한...,"김주환 힘스 대표&gt; 휴머노이드 산업이 이제 막 꽃을 피우고 있습니다. 막 걸음 단계로 지금 막 시작하고... 박주연 기자&gt; 부품 협력 이야기도 조금 전에 잠깐 해 주셨는데, 액추에이터 센서, 로봇용 반도체 배터리 같은 핵심... ",http://www.paxetv.com/news/articleView.html?idxno=282627,http://www.paxetv.com/news/articleView.html?idxno=282627,"Wed, 23 Sep 2026 10:04:00 +0900",2026-09-23 10:20:03
2차전지,배터리 산업,"환경공단, 폐배터리 자원순환 기술개발 지원 강화",문갑생 한국환경공단 자원순환이사는 “유망기업의 성장을 뒷받침하고 국내 배터리 순환이용 산업의 경쟁력을 높이는 선순환 생태계를 구축하겠다”고 말했다.(제작지원:한국환경공단),https://www.kbsm.net/news/view.php?idx=535451,https://www.kbsm.net/news/view.php?idx=535451,"Wed, 23 Sep 2026 10:02:00 +0900",2026-09-23 10:20:03
2차전지,배터리 산업,"LG전자-SK엔무브, 차세대 열관리 맞손…액침냉각 공동개발",SK엔무브와 LG전자는 지난 21일 서울 종로구 SK서린빌딩에서 가전·상업·산업용 차세대 냉매와 냉동기유... 지난해 SK온과 합병한 이후에는 전기차 배터리 열관리 분야로 사업 영역을 넓히고 있다. LG전자 역시 SK엔무브... ,https://www.ddaily.co.kr/page/view/2026092309285564702,https://n.news.naver.com/mnews/article/138/0002242514?sid=105,"Wed, 23 Sep 2026 10:01:00 +0900",2026-09-23 10:20:03
2차전지,배터리 산업,"트럼프 ‘美 제조업 부활’에도…美 배터리 기업, 켄터키 버리고 중국행",미국 배터리 스타트업 에너베뉴가 자국 내 공장 건설 계획을 접고 중국에 첫 대규모 생산기지를 세웠다.... 그는 “비결은 이 산업 클러스터에 있다”며 중국에서 생산하지 않았다면 현재 확보한 자본으로 상업적 규모의... ,https://www.dailian.co.kr/news/view/1693862/?sc=Naver,https://n.news.naver.com/mnews/article/119/0003135893?sid=104,"Wed, 23 Sep 2026 10:01:00 +0900",2026-09-23 10:20:03
2차전지,배터리 산업,"SK엔무브·LG전자, 차세대 냉매·냉동기유·액침냉각 공동 개발","SK엔무브는 LG전자와 손잡고 가전·상업·산업용 차세대 냉매, 냉동기유와 액침냉각 기술을 공동 개발하기로... 지난해에는 SK온과의 합병 이후 전기차 배터리 열관리 분야로 사업 영역을 확대하는 등 사업을 지속적으로... ",https://www.mt.co.kr/industry/2026/09/23/2026092308245117859,https://n.news.naver.com/mnews/article/008/0005417769?sid=101,"Wed, 23 Sep 2026 10:00:00 +0900",2026-09-23 10:20:03
2차전지,배터리 산업,"SK엔무브·LG전자, 차세대 열관리 기술 공동 개발…액침냉각까지 협력",가전·상업·산업용 차세대 냉매와 냉동기유를 공동 개발하고 데이터센터 등에 활용되는 액침냉각 기술도... 지난해 SK온과 합병한 이후에는 전기차 배터리 열관리 분야로 사업 영역을 확대하고 있다. 김원기 SK엔무브... ,https://www.etoday.co.kr/news/view/2628874,https://www.etoday.co.kr/news/view/2628874,"Wed, 23 Sep 2026 10:00:00 +0900",2026-09-23 10:20:03
2차전지,배터리 산업,"SK엔무브-LG전자, 차세대 열관리 시장 공략 공동행보",SK엔무브와 LG전자는 21일 서울 종로구 SK서린빌딩에서 업무협약(MOU)을 체결하고 가전·상업·산업용 차세대... 지난해에는 SK온과의 합병 이후 전기차 배터리 열관리 분야로 사업 영역을 확대하는 등 사업을 지속적으로... ,http://www.e2news.com/news/articleView.html?idxno=334550,http://www.e2news.com/news/articleView.html?idxno=334550,"Wed, 23 Sep 2026 10:00:00 +0900",2026-09-23 10:20:03
2차전지,배터리 산업,"SK엔무브·LG전자, 차세대 열관리 기술 공동개발…액침냉각 사업 확대",지난해 SK온과 합병한 이후에는 전기차 배터리 열관리 분야로도 사업 영역을 넓혔다. LG전자는 공조·냉각 기술과 시스템 설계 역량을 바탕으로 가전부터 상업·산업용 설비까지 열관리 사업을 확대하고 있다. 이번... ,https://daily.hankooki.com/news/articleView.html?idxno=1409207,https://daily.hankooki.com/news/articleView.html?idxno=1409207,"Wed, 23 Sep 2026 10:00:00 +0900",2026-09-23 10:20:03
2차전지,배터리 산업,"SK엔무브·LG전자, 차세대 열관리 동맹 체결",기존 공랭식보다 냉각 효율이 월등히 높아 AI 데이터센터와 산업용 열관리 시스템의 핵심 솔루션으로... 이미 액침냉각 플루이드 개발을 추진 중인 SK엔무브는 지난해 SK온과의 합병 이후 전기차 배터리 열관리 분야로도... ,https://www.businesskorea.co.kr/news/articleView.html?idxno=277587,https://www.businesskorea.co.kr/news/articleView.html?idxno=277587,"Wed, 23 Sep 2026 10:00:00 +0900",2026-09-23 10:20:03
2차전지,배터리 산업,"SK엔무브·LG전자, 가전 분야 냉각 설루션 개발","양사는 지난 21일 서울 종로구 SK서린빌딩에서 업무협약(MOU)을 체결하고 가전·상업·산업용 차세대 냉매... 여기에, 기존 공랭식 대비 냉각 효율을 높여 데이터센터와 배터리의 열을 제어하는 액침냉각 기술의... ",https://www.lcnews.co.kr/news/articleView.html?idxno=208778,https://www.lcnews.co.kr/news/articleView.html?idxno=208778,"Wed, 23 Sep 2026 10:00:00 +0900",2026-09-23 10:20:03
2차전지,리튬 시장,"[특징주] 포스코퓨처엠, 1조1천억원대 공급계약에 3%대 급등",포스코퓨처엠이 1조1천억원 규모 리튬인산철(LFP) 양극재 대규모 공급계약을 체결했다는 소식에 힘입어 23일 장 초반 급등세를 보인다. 이날 유가증권시장에서 포스코퓨처엠은 오전 10시 4분 현재 전장보다 3.75... ,https://www.yna.co.kr/view/AKR20260923064000008?input=1195m,https://n.news.naver.com/mnews/article/001/0016331778?sid=101,"Wed, 23 Sep 2026 10:12:00 +0900",2026-09-23 10:20:03
2차전지,리튬 시장,"DS증권 &quot;포스코퓨처엠 LFP 양극재 진입, SK온 ESS 수주가 공급량 좌우&quot;",포스코퓨처엠이 SK온과 첫 리튬·인산·철(LFP) 양극재 공급계약을 맺으며 시장 진출에 성공했다. 다만 SK온의 수주 성과에 따라 공급 물량은 변동될 가능성이 있는 것으로 분석됐다. 최태용 DS투자증권 연구원은... ,https://www.businesspost.co.kr/BP?command=article_view&num=447890,https://www.businesspost.co.kr/BP?command=article_view&num=447890,"Wed, 23 Sep 2026 10:12:00 +0900",2026-09-23 10:20:03
2차전지,리튬 시장,"프로칠레, 북아시아 바이어와 대규모 B2B 상담…수출 다변화 속도","한국·일본·대만은 칠레의 아시아 지역 5대 수출시장에 포함된다. 2025년 칠레의 한국·일본·대만 대상 수출액은 구리와 리튬을 제외하고 약 47억8000만 달러로, 칠레의 아시아 대상 비구리·비리튬 수출액의 28%를... ",https://www.thebilliards.kr/news/articleView.html?idxno=31989,https://www.thebilliards.kr/news/articleView.html?idxno=31989,"Wed, 23 Sep 2026 10:08:00 +0900",2026-09-23 10:20:03
2차전지,리튬 시장,"리튬코리아, 글로벌 물류장비 거물 ‘항차’와 국내 지게차 총판 계약 ...","항차 본사가 한국 파트너로 리튬코리아를 지목한 핵심 배경에는 리튬코리아가 국내 전동지게차 및 리튬배터리 분야에서 다져온 압도적인 시장 점유율과 차별화된 기술력, 그리고 전국을 아우르는 탄탄한 서비스망과... ",https://www.dt.co.kr/article/12085595?ref=naver,https://n.news.naver.com/mnews/article/029/0003049629?sid=101,"Wed, 23 Sep 2026 09:46:00 +0900",2026-09-23 10:20:03
2차전지,리튬 시장,"프로칠레, '칠레–북아시아 비즈니스 서밋 2026' 개최...북아시아 수출...","2025년 세 시장에 대한 구리·리튬 제외 수출액은 47억8000만 달러로, 칠레의 아시아 대상 비구리·비리튬 수출액의 28%를 차지했다. 북아시아를 대상으로 한 칠레 식품 수출은 2015년 이후 35% 증가해 지난해 약 27억... ",http://www.sisunnews.co.kr/news/articleView.html?idxno=246598,http://www.sisunnews.co.kr/news/articleView.html?idxno=246598,"Wed, 23 Sep 2026 09:42:00 +0900",2026-09-23 10:20:03
2차전지,리튬 시장,"SK온-포스코퓨처엠, 1.1조 LFP 양극재 계약 맺고 배터리 소재 동맹…미국...",SK온과 포스코퓨처엠이 1.1조 규모 리튬인산철(LFP) 양극재 계약으로 배터리 소재 공급망 동맹을 맺었다. 이를 통해 SK온은 중국이 쥐락펴락하는 글로벌 배터리 소재 시장에서의 공급망 강화를 꾀하고 미국 등... ,https://www.getnews.co.kr/news/articleView.html?idxno=881643,https://www.getnews.co.kr/news/articleView.html?idxno=881643,"Wed, 23 Sep 2026 09:38:00 +0900",2026-09-23 10:20:03
2차전지,리튬 시장,"SK온, 포스코퓨처엠과 1.1조원 규모 LFP 양극재 공급계약",확보한 리튬을 활용하고 신공법을 적용해 원가 경쟁력과 품질을 높인 것이 특징이다. 포스코퓨처엠은... SK온은 이번 계약을 통해 비중국산 LFP 양극재 공급망을 구축하고 미국 ESS 시장의 소재 조달 기반을 강화할... ,http://www.newslock.co.kr/news/articleView.html?idxno=136867,http://www.newslock.co.kr/news/articleView.html?idxno=136867,"Wed, 23 Sep 2026 09:36:00 +0900",2026-09-23 10:20:03
2차전지,리튬 시장,"프로칠레, 서울서 역대 최대 해외 B2B 행사…한·일·대만 바이어 80개사...",프로칠레에 따르면 지난해 세 시장에 대한 구리·리튬 제외 수출액은 47억8000만달러로 칠레의 아시아 대상 비구리·비리튬 수출액 가운데 28%를 차지했다. 북아시아 대상 식품 수출액은 2015년 이후 35% 증가해... ,https://theviewers.co.kr/View.aspx?No=4239502,https://theviewers.co.kr/View.aspx?No=4239502,"Wed, 23 Sep 2026 09:34:00 +0900",2026-09-23 10:20:03
2차전지,리튬 시장,"포스코퓨처엠, SK온에 LFP 양극재 1조1000억원 공급…음극재 넘어 협력 ...",포스코퓨처엠이 SK온에 약 1조1000억원 규모의 리튬·인산·철(LFP) 배터리용 양극재를 공급한다. 기존 음극재 거래에 양극재를 더하면서 SK온과의 협력 범위를 넓혔다. 전기차와 에너지저장장치(ESS)용 LFP 소재 시장을... ,https://www.newsquest.co.kr/news/articleView.html?idxno=301516,https://www.newsquest.co.kr/news/articleView.html?idxno=301516,"Wed, 23 Sep 2026 09:32:00 +0900",2026-09-23 10:20:03
2차전지,리튬 시장,"中 CATL, 리튬 광산 환경평가 재개…탄산리튬 공급 확대 기대 커져",젠샤워 광산은 장시성 이춘시에 위치한 세계 최대 규모의 단일 리튬 광산 가운데 하나다. 젠샤워 광산은 환경 허가 문제로 지난달 다시 가동을 중단한 상태다. 시장조사업체 벤치마크미네랄인텔리전스(BMI)는 가동... ,https://www.theguru.co.kr/news/article.html?no=107492,https://www.theguru.co.kr/news/article.html?no=107492,"Wed, 23 Sep 2026 09:30:00 +0900",2026-09-23 10:20:03
2차전지,리튬 시장,"프로칠레, 서울 ‘북아시아 비즈니스 서밋’서 6000만弗 규모 성과","참가 기업들은 북아시아 시장의 유통 트렌드와 수입 위생 규격, 맞춤형 소비 수요를 공유하며 신규 공급... 2025년 기준 3개국에 대한 비광물(구리·리튬 제외) 수출액은 47억 8000만 달러로 아시아 전체 비광물... ",https://www.sentv.co.kr/article/view/sentv202609230024,https://www.sentv.co.kr/article/view/sentv202609230024,"Wed, 23 Sep 2026 09:30:00 +0900",2026-09-23 10:20:03
2차전지,리튬 시장,"프로칠레, 서울서 '북아시아 비즈니스 서밋 2026' 개최","한국·일본·대만 시장을 대상으로 약 6,000만 달러 규모의 비즈니스 창출이 예상된다고 밝혔다. 지난... 2025년 기준 해당 3개국에 대한 칠레의 비구리·비리튬(구리 및 리튬 제외) 수출액은 47억 8,000만 달러로... ",https://www.newspim.com/news/view/20260923000260,https://www.newspim.com/news/view/20260923000260,"Wed, 23 Sep 2026 09:30:00 +0900",2026-09-23 10:20:03
2차전지,리튬 시장,"프로칠레, ‘칠레-북아시아 비즈니스 서밋’ 성료","2025년 세 시장에 대한 구리·리튬 제외 수출액은 47억8000만 달러로, 칠레의 아시아 대상 비구리·비리튬 수출액의 28%를 차지했다. 북아시아를 대상으로 한 칠레 식품 수출은 2015년 이후 35% 증가해 지난해 약 27억... ",https://www.etoday.co.kr/news/view/2628942,https://www.etoday.co.kr/news/view/2628942,"Wed, 23 Sep 2026 09:30:00 +0900",2026-09-23 10:20:03
2차전지,리튬 시장,"프로칠레, 한국·일본·대만 바이어와 수출 상담···6천만 달러 성과 ...","2025년 세 시장에 대한 구리·리튬 제외 수출액은 47억8000만 달러로, 칠레의 아시아 대상 비구리·비리튬 수출액의 28%를 차지했다. 북아시아를 대상으로 한 칠레 식품 수출은 2015년 이후 35% 증가해 지난해 약 27억... ",https://www.enetnews.co.kr/news/articleView.html?idxno=54716,https://www.enetnews.co.kr/news/articleView.html?idxno=54716,"Wed, 23 Sep 2026 09:28:00 +0900",2026-09-23 10:20:03
2차전지,리튬 시장,"포스코퓨처엠, SK온에 LFP 양극재 공급…국내 배터리 3사 고객사 확보",포스코퓨처엠이 SK온과 1조1000억원 규모의 리튬인산철(LFP) 양극재 공급계약을 체결하며 LFP 시장 공략을 본격화한다. 포스코퓨처엠은 SK온과 2027년부터 2029년까지 3년간 약 1조1000억원 규모의 LFP 양극재 공급계약을... ,https://www.newspim.com/news/view/20260923000110,https://www.newspim.com/news/view/20260923000110,"Wed, 23 Sep 2026 09:20:00 +0900",2026-09-23 10:20:03
2차전지,리튬 시장,"SK온, 포스코퓨처엠과 1.1조 LFP 공급계약…美 ESS 공략",아르헨티나산 리튬 활용…비중국산 핵심소재 공급망 확보 SK온 미국 조지아주 SK배터리아메리카(SKBA)... 김성탄 SK온 원소재구매실장은 &quot;글로벌 에너지 시장의 변화와 미국 ESS 수요 확대에 맞춰 SK온은 탈중국 공급망... ,https://www.news2day.co.kr/article/20260922500295,https://www.news2day.co.kr/article/20260922500295,"Wed, 23 Sep 2026 09:14:00 +0900",2026-09-23 10:20:03
2차전지,리튬 시장,"포스코퓨처엠, SK온에 3년간 LFP 양극재 대규모 공급",문화경제 | CNB저널 | 씨앤비저널 포스코퓨처엠이 SK온에 리튬·인산·철(LFP) 양극재를 공급하며 LFP 소재 시장 진출을 본격화한다. 기존 삼원계 양극재 중심의 사업 구조에서 제품군을 확대해 에너지저장장치(ESS)와... ,https://www.cnbizm.com/news/articleView.html?idxno=316079,https://www.cnbizm.com/news/articleView.html?idxno=316079,"Wed, 23 Sep 2026 09:12:00 +0900",2026-09-23 10:20:03
2차전지,리튬 시장,"[핫이슈] 日 닛폰제지, 헝가리 배터리 소재공장 철수…가동 1년 만의 백...",일본 제지업체 닛폰제지가 헝가리의 리튬이온 배터리 소재공장 가동을 중단한다. 지난해 현지 생산을 시작했지만 전기차 시장의 성장 둔화와 경쟁 심화로 투자에 상응하는 수익을 확보하기 어렵다고 판단했다. 유럽... ,https://www.the-today.com/news/articleView.html?idxno=90639,https://www.the-today.com/news/articleView.html?idxno=90639,"Wed, 23 Sep 2026 09:00:00 +0900",2026-09-23 10:20:03
2차전지,리튬 시장,"SK온, 포스코퓨처엠서 LFP 양극재 1조1000억 조달…미 ESS 공략",SK온이 포스코퓨처엠으로부터 1조1000억원 규모의 LFP(리튬인산철) 양극재를 확보해 미국 ESS(에너지저장장치) 시장 공략을 강화한다. SK온은 지난 22일 포스코퓨처엠과 LFP 양극재 공급 계약을 체결했다고 23일 밝혔다.... ,https://www.shinailbo.co.kr/news/articleView.html?idxno=5065405,https://www.shinailbo.co.kr/news/articleView.html?idxno=5065405,"Wed, 23 Sep 2026 09:00:00 +0900",2026-09-23 10:20:03
2차전지,전고체 배터리,"[오늘의 브릿지경제 1면] 국제선 ‘탄소 청구서’⋯ 항공업계, 배출권 ...",◆민관 3400억 투입 2030년 나트륨·전고체 배터리 상용화 산업통상부가 중국에 가격 경쟁력 등에 밀린 리튬인산철(LFP) 배터리에 대응해 가격은 저렴하면서도 안전성이 높은 나트륨 배터리와 에너지밀도가 높은... ,https://www.viva100.com/article/20260922501224,https://www.viva100.com/article/20260922501224,"Wed, 23 Sep 2026 08:02:00 +0900",2026-09-23 10:20:04
2차전지,전고체 배터리,"[창간기획] 최주선號 삼성SDI, 7분기만 흑자 전환…AI데이터센터가 살렸...","향후 미국 ESS 생산능력 확대와 유럽 전기차 수주, 휴머노이드용 전고체 배터리를 중심으로 성장 기반을 넓히겠다는 방침이다. 배경에는 북미 시장의 변화가 있다. AI데이터센터 구축이 본격화되며 전력 수요가 늘고... ",https://www.ezyeconomy.com/news/articleView.html?idxno=240124,https://www.ezyeconomy.com/news/articleView.html?idxno=240124,"Wed, 23 Sep 2026 07:00:00 +0900",2026-09-23 10:20:04
2차전지,전고체 배터리,8.4조 원 들여 K배터리 체질 바꾼다…나트륨·전고체 배터리로 中과 경...,정부 지원은 보급형 나트륨 배터리와 고성능 전고체 배터리에 집중된다. 나트륨 배터리는 내년 160Wh/kg급 기술을 개발하고 2030년 220Wh/kg급 개발을 마쳐 보급형 전기차와 에너지저장장치(ESS) 등에 본격 적용한다.... ,https://www.sedaily.com/article/20094280?ref=naver,https://n.news.naver.com/mnews/article/011/0004664793?sid=101,"Wed, 23 Sep 2026 06:48:00 +0900",2026-09-23 10:20:04
2차전지,전고체 배터리,中 저가·기술 공세 맞선 K배터리…2030년까지 8조원 투자,LFP와 나트륨 배터리로 제품군을 넓히고 전고체 배터리 상용화를 앞당기는 한편 생산비 절감에도 나선다. 2030년까지 약 8조원을 연구개발(R&amp;D)과 설비에 투입해 기술과 원가 경쟁력을 함께 끌어올린다는 구상이다.... ,https://www.ngetnews.com/news/articleView.html?idxno=553604,https://www.ngetnews.com/news/articleView.html?idxno=553604,"Wed, 23 Sep 2026 05:56:00 +0900",2026-09-23 10:20:04
2차전지,전고체 배터리,"리베스트, 강원대와 차세대 배터리 소재·공정 기술 교류","최성훈 교수팀은 건식전극, 전고체 배터리, 고로딩 전극 등 다양한 차세대 배터리 기술을 연구하고 있다. 리베스트는 기업이 실제 셀 개발 과정에서 발생하는 기술 과제를 제시하고, 대학 연구진은 이를 소재·계면... ",https://www.newsis.com/view/NISX20260922_0003800930,https://n.news.naver.com/mnews/article/003/0014208856?sid=102,"Tue, 22 Sep 2026 17:44:00 +0900",2026-09-23 10:20:04
2차전지,전고체 배터리,차세대 배터리에 8.4조…나트륨·전고체로 中 공세 맞선다,정부와 민간이 8조 4000억 원을 투입해 나트륨과 전고체 배터리 기술 개발에 나선다. 중국의 저가 배터리 공세가 거세지는 가운데 보급형과 고성능 배터리를 동시에 키워 기술 포트폴리오를 넓히겠다는 전략이다.... ,https://www.sedaily.com/article/20094124?ref=naver,https://n.news.naver.com/mnews/article/011/0004664629?sid=101,"Tue, 22 Sep 2026 17:35:00 +0900",2026-09-23 10:20:04
2차전지,전고체 배터리,"리베스트·강원대, 차세대 배터리 소재·공정 기술 협력","리베스트는 건식전극과 고분자 바인더, 전극·전해질 계면, 전고체 배터리를 중심으로 강원대 연구팀과 기술 교류를 이어갈 계획이다. 유망 기술은 자체 셀 제작·평가 역량을 활용해 실제 적용 가능성을 검증한다. 김주성... ",https://www.thelec.kr/news/articleView.html?idxno=62668,https://www.thelec.kr/news/articleView.html?idxno=62668,"Tue, 22 Sep 2026 17:18:00 +0900",2026-09-23 10:20:04
2차전지,전고체 배터리,"K-배터리, 8조원 쏟는다…中 LFP 맞서 ‘나트륨·전고체’ 승부수","아시아투데이 김정규 기자 = 정부와 배터리 업계가 나트륨·전고체 배터리를 새로운 성장축으로 키운다. 정부는 차세대 배터리 기술 개발에 2500억원이 넘는 재정을 투입하고, 삼성SDI·LG에너지솔루션·SK온 등 셀... ",https://www.asiatoday.co.kr/kn/view.php?key=20260922010008393,https://www.asiatoday.co.kr/kn/view.php?key=20260922010008393,"Tue, 22 Sep 2026 17:16:00 +0900",2026-09-23 10:20:04
2차전지,전고체 배터리,"정부·배터리 업계, 나트륨·전고체에 승부…2030년까지 8조원 투자",인더스트리뉴스 서영길 기자  중국 업체들이 가격 경쟁력을 앞세워 글로벌 배터리 시장에서 영향력을 확대하는 가운데 정부와 국내 배터리 업계가 나트륨과 전고체 배터리를 중심으로 차세대 기술 확보에 나선다.... ,https://www.industrynews.co.kr/news/articleView.html?idxno=86464,https://www.industrynews.co.kr/news/articleView.html?idxno=86464,"Tue, 22 Sep 2026 17:06:00 +0900",2026-09-23 10:20:04
2차전지,전고체 배터리,리베스트-강원대 최성훈 교수 연구팀 '산학 교류' 시동,"현재 최성훈 교수 연구팀은 배터리용 고분자 소재와 전극 제조기술을 중심으로 건식전극, 전고체 배터리, 고로딩 전극 등 다양한 차세대 배터리 기술을 연구하고 있다. 이번 세미나에서는 황화물계 고체전해질 분리막... ",http://www.dtnews24.com/news/articleView.html?idxno=815478,http://www.dtnews24.com/news/articleView.html?idxno=815478,"Tue, 22 Sep 2026 16:20:00 +0900",2026-09-23 10:20:04
2차전지,전고체 배터리,&quot;터미네이터와 싸워보니…&quot; 발차기 한 번에 나뒹군 男 [중국나라],"자체 개발한 전고체 배터리를 탑재해 1회 충전으로 4~5시간 사용 가능하다. 로봇의 기술 발전이 가속화하면서 달리기 같은 기초 운동은 물론 격투, 탁구 등 사람과 겨룰 수 있는 종목에서도 도입되는 추세다. 자오퉁양... ",https://www.edaily.co.kr/News/Read?newsId=04293526645582744&mediaCodeNo=257&utm_source=naver&utm_medium=referral&utm_campaign=news_syndication&utm_content=original_article,https://n.news.naver.com/mnews/article/018/0006374470?sid=101,"Tue, 22 Sep 2026 16:09:00 +0900",2026-09-23 10:20:04
2차전지,전고체 배터리,'NCM 편중' 벗는다⋯정부 4000억·민간 8조 ‘차세대 K배터리 승부’,정부와 국내 배터리 업계가 하이니켈(NCM) 중심의 성장 전략에서 벗어나 나트륨과 전고체 배터리를 차세대 양대 축으로 집중 육성한다. 중국이 리튬인산철(LFP)을 앞세워 보급형 시장을 장악하고 나트륨·전고체 배터리... ,http://www.inews24.com/view/2008405,https://n.news.naver.com/mnews/article/031/0001060721?sid=101,"Tue, 22 Sep 2026 16:04:00 +0900",2026-09-23 10:20:04
2차전지,전고체 배터리,K-배터리 점유율 30% 붕괴…&quot;정책 변화 반영한 R&amp;D 필요&quot;,중국이 소듐이온 배터리와 전고체 배터리 연구를 빠르게 확대하고 있는 만큼 기술 경쟁력을 고려한 제한적 협력 방안도 검토해야 한다는 설명이다. 정부의 지원체계도 재정비할 필요가 있다. 배터리 산업은 민간 투자... ,https://www.epnc.co.kr/news/articleView.html?idxno=407238,https://www.epnc.co.kr/news/articleView.html?idxno=407238,"Tue, 22 Sep 2026 16:00:00 +0900",2026-09-23 10:20:04
2차전지,전고체 배터리,차세대 휴머노이드로 피지컬 AI 선점한다,LG에너지솔루션 관계자는 &quot;로봇 시장에서 '꿈의 배터리'로 주목받고 있는 전고체 배터리 기술도 지속적으로 개발해 글로벌 로봇 배터리 시장을 선도할 것&quot;이라고 강조했다. LG CNS는 로봇이 현장의 언어와 규칙을... ,https://www.m-joongang.com/news/articleView.html?idxno=403093,https://www.m-joongang.com/news/articleView.html?idxno=403093,"Tue, 22 Sep 2026 16:00:00 +0900",2026-09-23 10:20:04
2차전지,전고체 배터리,"산업통상부, K-배터리 '나트륨·전고체' 집중…민간 8조 원 투자",정부와 국내 배터리 업계가 하이니켈 삼원계(NCM)에 집중해온 기술 전략을 나트륨·전고체 배터리까지 넓힌다. 중국 업체들이 리튬·인산·철(LFP)을 기반으로 가격 경쟁력을 높이고 차세대 배터리 상용화에 속도를 내는... ,https://www.epnc.co.kr/news/articleView.html?idxno=407293,https://www.epnc.co.kr/news/articleView.html?idxno=407293,"Tue, 22 Sep 2026 15:40:00 +0900",2026-09-23 10:20:04
2차전지,전고체 배터리,정부 R&amp;D 확대에도…K배터리 협업 '동상이몽',삼성SDI는 전고체 배터리 상용화 시점을 2027년으로 제시하고 기술 개발에 속도를 내고 있다. 나트륨이온과 리튬메탈 배터리도 개발하고 있다. LG에너지솔루션과 SK온 역시 전고체와 나트륨이온 배터리 등으로 차세대... ,https://it.chosun.com/news/articleView.html?idxno=2023092170698,https://it.chosun.com/news/articleView.html?idxno=2023092170698,"Tue, 22 Sep 2026 15:28:00 +0900",2026-09-23 10:20:04
2차전지,전고체 배터리,"캐즘 넘은 K-배터리, ‘UAM·휴머노이드’ 정조준","전기차에 집중됐던 배터리 수요가 하늘을 나는 UAM과 스스로 움직이는 휴머노이드로 확산하면서 국내 배터리 업계는 에너지밀도와 출력, 안전성을 높인 전고체 배터리를 앞세워 미래 모빌리티 시장 선점에 나선다는... ",http://www.newstomato.com/ReadNews.aspx?no=1314551&inflow=N,http://www.newstomato.com/ReadNews.aspx?no=1314551&inflow=N,"Tue, 22 Sep 2026 15:22:00 +0900",2026-09-23 10:20:04
2차전지,전고체 배터리,민관 3400억 투입 2030년 나트륨·전고체 배터리 상용화,산업통상부가 중국에 가격 경쟁력 등에 밀린 리튬인산철(LFP) 배터리에 대응해 가격은 저렴하면서도 안전성이 높은 나트륨 배터리와 에너지밀도가 높은 전고체 배터리 개발에 민간과 함께 3400여억원을 투입해 2030년... ,https://www.viva100.com/article/20260922501056,https://www.viva100.com/article/20260922501056,"Tue, 22 Sep 2026 15:12:00 +0900",2026-09-23 10:20:04
2차전지,전고체 배터리,민관 합동으로 K배터리 시장 재탈환 나선다…나트륨·전고체 집중,"정부와 기업들이 주목한 차세대 기술은 나트륨과 전고체 배터리다. 글로벌 배터리 시장은 전기차 배터리 둔화와 원가 경쟁 심화, 자국우선주의 공급망 재편 등으로 경쟁이 갈수록 격화하고 있다. 특히, 중국은 LFP... ",https://www.g-enews.com/view.php?ud=2026092215012150227fa31d75c_1,https://www.g-enews.com/view.php?ud=2026092215012150227fa31d75c_1,"Tue, 22 Sep 2026 15:08:00 +0900",2026-09-23 10:20:04
바이오/헬스,바이오 주가,"‘역시 삼전닉스’ 코스피, 반도체 강세에 7100선…외국인 나흘째 ‘사...","간밤 미국 증시에서 기술주가 강세를 보인데 힘입어 국내 반도체주 역시 상승 중인데 따른 것으로... 반면 삼성바이오로직스(-0.65%), 두산에너빌리티(-1.39%), 한화에어로스페이스(-0.19%), 신한지주(-0.62... ",https://biz.heraldcorp.com/article/10883038?ref=naver,https://n.news.naver.com/mnews/article/016/0002701251?sid=101,"Wed, 23 Sep 2026 09:57:00 +0900",2026-09-23 10:20:05
바이오/헬스,바이오 주가,달바글로벌·디와이디 등 화장품株 상승...수출 증가→실적 기대감,"달바글로벌 로고 화장품 관련주가 상승세다. 19일 오전 9시 40분 기준 디와이디는 0.58%(4원) 상승한 696원에, 현대바이오랜드는 9.83%(57원) 상승한 637원에, 달바글로벌은 1.54%(1900원) 상승한 12만 5500원에... ",https://www.gukjenews.com/news/articleView.html?idxno=3704300,https://www.gukjenews.com/news/articleView.html?idxno=3704300,"Wed, 23 Sep 2026 09:54:00 +0900",2026-09-23 10:20:05
바이오/헬스,바이오 주가,[26.9.22 증시 인싸잇] 코스피 7171선까지 치솟다 급락… 7000선은 지켰다,"삼성전자우(1.68%), 삼성전기(3.99%), 현대차(0.42%) 등은 상승했고, KB금융(-1.01%), 삼성바이오로직스(-0.78... 반도체주가 동반 랠리를 펼쳤다”며 거시경제 부담 완화가 증시 반등 탄력을 키웠다고 짚었다 한편... ",https://www.mediawatch.kr/news/article.html?no=261155,https://www.mediawatch.kr/news/article.html?no=261155,"Wed, 23 Sep 2026 09:50:00 +0900",2026-09-23 10:20:05
바이오/헬스,바이오 주가,"[개장시황] 코스피, 반도체 강세에 1%대 상승 출발",미국 증시에서 메모리 반도체주가 강세를 이어간 가운데 외국인과 기관이 동반 순매수에 나서면서... 반면 삼성바이오로직스는 0.36% 하락하고 있다. [서울=뉴스핌] 김현우 기자 = 코스피가 전장 종가보다 153.... ,https://www.newspim.com/news/view/20260923000218,https://www.newspim.com/news/view/20260923000218,"Wed, 23 Sep 2026 09:45:00 +0900",2026-09-23 10:20:05
바이오/헬스,바이오 주가,[개장] 美 반도체 강세에 코스피 1% 상승… 7100선 재탈환,간밤 미국의 반도체주가 강세를 보이면서 삼성전자와 SK하이닉스 등 국내 반도체 종목에 매수세가... 시가총액 상위 10개 종목은 삼성바이오로직스(-0.43%)와 KB금융(-0.28%) 제외하고 모두 '빨간불'(매수 우위)을 켰다.... ,https://it.chosun.com/news/articleView.html?idxno=2023092170762,https://it.chosun.com/news/articleView.html?idxno=2023092170762,"Wed, 23 Sep 2026 09:42:00 +0900",2026-09-23 10:20:05
바이오/헬스,바이오 주가,"코스피, 7100선 출발⋯중동 긴장 완화·美 기술주 강세 '훈풍'","미국과 이란의 갈등 완화 조짐에 메타의 인공지능(AI) 호재로 미국 반도체주가 상승하면서 삼성전자와... 반면 삼성바이오로직스(0.29%), KB금융(0.06%), 두산에너빌리티(1.50%), 신한지주(1.24%), HD현대중공업(1.43... ",http://www.inews24.com/view/2008643,https://n.news.naver.com/mnews/article/031/0001060858?sid=101,"Wed, 23 Sep 2026 09:38:00 +0900",2026-09-23 10:20:05
바이오/헬스,바이오 주가,천연물 원료 영토 넓히는 현대바이오랜드… 실적 모멘텀 부각,"반면 아모레퍼시픽은 약세를 나타내 대형 화장품주 사이에서도 주가 흐름이 엇갈리고 있다. 일부 종목은 보합권에 머물고 있다. 현대바이오, 강스템바이오텍, 뉴키즈온, 승일, 에이블씨엔씨, 에이에스텍... ",https://www.pinpointnews.co.kr/news/articleView.html?idxno=489858,https://www.pinpointnews.co.kr/news/articleView.html?idxno=489858,"Wed, 23 Sep 2026 09:38:00 +0900",2026-09-23 10:20:05
바이오/헬스,바이오 주가,"코스피, 반도체 타고 7100선 돌파…'배당' 삼전 3%대↑[개장시황]","하락종목은 삼성바이오로직스(207940)(-0.36%), KB금융(105560)(-0.06%) 등이다. 특히 삼성전자는 미국... 간밤 뉴욕증시에서도 AI 관련 반도체주가 강세를 이어갔다. 22일(현지시간) 기술주 중심의... ",https://www.news1.kr/finance/market-exr/6299921,https://n.news.naver.com/mnews/article/421/0009188072?sid=101,"Wed, 23 Sep 2026 09:35:00 +0900",2026-09-23 10:20:05
바이오/헬스,바이오 주가,"[해외브리핑] EU, 개정 ESRS 최종 확정…2027년부터 적용",https://www.reuters.com/sustainability/cop/turkeys-cop31-president-lays-out-summits-agenda-un-2026-09-22/ 글로벌 바이오연... 텍사스주가 전력망에 미치는 영향을 점검하기 위해 신규 데이터센터에 대한 인허가를 잠정... ,https://www.esgeconomy.com/news/articleView.html?idxno=16829,https://www.esgeconomy.com/news/articleView.html?idxno=16829,"Wed, 23 Sep 2026 09:34:00 +0900",2026-09-23 10:20:05
바이오/헬스,바이오 주가,외국인·기관 쌍끌이에 반도체 강세...코스피 7100선 회복,시가총액 상위 종목에서는 반도체 관련주가 강세를 보이고 있다. 삼성전자는 전 거래일보다 2.62% 오른... 반면 삼성바이오로직스는 0.36% 하락한 138만6000원에 거래 중이다. 코스닥도 상승하고 있다. 같은 시각... ,https://www.digitaltoday.co.kr/news/articleView.html?idxno=702644,https://www.digitaltoday.co.kr/news/articleView.html?idxno=702644,"Wed, 23 Sep 2026 09:32:00 +0900",2026-09-23 10:20:05
바이오/헬스,바이오 주가,美 반도체 훈풍·유가 하락에 국내 증시 상승 출발⋯삼전닉스 2%↑,"반면 삼성바이오로직스(-0.65%)는 약세, KB금융은 보합세를 보이고 있다. 코스닥 지수는 전 거래일 대비... 에이전트 AI 시장 성장 기대감으로 마이크론(5.0%), 샌디스크(6.8%) 등 반도체주가 강세를 보이고 유가가... ",https://www.etoday.co.kr/news/view/2628937,https://www.etoday.co.kr/news/view/2628937,"Wed, 23 Sep 2026 09:32:00 +0900",2026-09-23 10:20:05
바이오/헬스,바이오 주가,"코스피, 美반도체 훈풍에 1%대 상승···삼전·하닉 강세에 7100선 회복",삼성전자와 SK하이닉스 등 대형 반도체주가 동반 강세를 보이는 가운데 외국인과 기관의 순매수도... 반면 삼성바이오로직스(-0.50%)와 두산에너빌리티(-1.39%) 등은 약세다. 한지영 키움증권 연구원은 &quot;금일... ,https://www.seoulfn.com/news/articleView.html?idxno=638609,https://www.seoulfn.com/news/articleView.html?idxno=638609,"Wed, 23 Sep 2026 09:31:00 +0900",2026-09-23 10:20:05
바이오/헬스,바이오 주가,"코스피, 반도체 강세에 장 초반 1%대 상승(종합)","종목별로 보면 인공지능(AI)·반도체 관련주가 강세를 이어갔다. 엔비디아(0.66%), 마이크론테크놀러지(5.... 반면 삼성바이오로직스(-0.65%), 두산에너빌리티(-1.39%), 한화에어로스페이스(-0.19%), 신한지주(-0.62... ",https://www.yna.co.kr/view/AKR20260923038451008?input=1195m,https://n.news.naver.com/mnews/article/001/0016331600?sid=101,"Wed, 23 Sep 2026 09:28:00 +0900",2026-09-23 10:20:05
바이오/헬스,바이오 주가,"코스피, 2% 오른 7150선 출발…연휴 앞두고 7000선 수성 주목","8%) 등 반도체주가 강세를 보이며 필라델피아 반도체 지수가 2.1% 올랐다. 미국과 이란 간 갈등 완화와... 반면, 삼성바이오로직스와 KB금융은 각각 –0.65%, -0.06% 약세다. 코스닥은 전 거래일보다 0.88%(7.35포인트)... ",https://www.g-enews.com/view.php?ud=202609230919103972923c501012_1,https://www.g-enews.com/view.php?ud=202609230919103972923c501012_1,"Wed, 23 Sep 2026 09:28:00 +0900",2026-09-23 10:20:05
바이오/헬스,바이오 주가,"유전체 데이터 타고 세계로… 쓰리빌리언, AI 희귀질환 진단 시장 공략",의료 데이터에 인공지능(AI)을 접목해 질병을 진단하고 신약 개발을 돕는 의료AI 관련주가 23일 일제히... 신테카바이오는 AI와 빅데이터를 활용해 신약 후보물질을 발굴하는 기술을 기반으로 사업을 전개하고 있으며 3.... ,https://www.pinpointnews.co.kr/news/articleView.html?idxno=489851,https://www.pinpointnews.co.kr/news/articleView.html?idxno=489851,"Wed, 23 Sep 2026 09:24:00 +0900",2026-09-23 10:20:05
바이오/헬스,제약 산업,대한종양내과학회 KSMO 2026 개최…51개국 2300명 참가,◆산업계 협력 프로그램 병행…신약 데이터 공유 다양한 새틀라이트 및 런천 심포지엄을 통해 국내외 제약·바이오 산업계와의 협력도 이뤄졌다. 최신 항암 신약 데이터와 임상 연구 결과가 발표돼 진료 현장에... ,https://medicalworldnews.co.kr/news/view.php?idx=1510977386,https://medicalworldnews.co.kr/news/view.php?idx=1510977386,"Wed, 23 Sep 2026 10:10:00 +0900",2026-09-23 10:20:06
바이오/헬스,제약 산업,"신약조합, 유망 바이오벤처·스타트업 투자포럼 성료","각 세션은 한국트리즈협회 주재만 회장, 한국유나이티드제약 정원태 부사장, 제약산업전략연구원 정윤택 원장이 좌장을 맡아 진행됐다. 신약조합 조헌제 연구개발진흥본부장은 &quot;글로벌 제약·바이오시장은 미래... ",http://www.bokuennews.com/news/article.html?no=284668,http://www.bokuennews.com/news/article.html?no=284668,"Wed, 23 Sep 2026 09:38:00 +0900",2026-09-23 10:20:06
바이오/헬스,제약 산업,2026 제약·바이오헬스 통계포럼 성료,"이번 통계포럼은 K-BD Group 이재현 연구회장의 인사말을 시작으로 국가임상시험지원재단 김혜진 이사장의 축사가 이어졌으며, △ 제약·바이오산업의 국내외 시장동향 및 전망(제약산업전략연구원 정윤택 원장) △ 국내외... ",http://www.bokuennews.com/news/article.html?no=284663,http://www.bokuennews.com/news/article.html?no=284663,"Wed, 23 Sep 2026 09:16:00 +0900",2026-09-23 10:20:06
바이오/헬스,제약 산업,"삼성 레인보우로보틱스, 美 대형 SI와 맞손…북미 협동로봇 시장 제패 ...",특히 실험실 자동화 경험이 풍부한 E테크그룹과의 협업으로 기존 산업 현장뿐 아니라 제약·바이오와 식음료 분야에서도 신규 고객을 발굴할 수 있을 것으로 보인다. E테크그룹은 1993년 설립된 미국 자동화 엔지니어링... ,https://www.theguru.co.kr/news/article.html?no=107491,https://www.theguru.co.kr/news/article.html?no=107491,"Wed, 23 Sep 2026 08:54:00 +0900",2026-09-23 10:20:06
바이오/헬스,제약 산업,제약보국(製藥報國)의 선도자(先導者)를 찾아서,"마침내 2001년 9월 24일, 한국산업은행은 일동제약의 워크아웃 종료를 공식 발표했다. 워크아웃 대상기업으로 지정된 지 34개월 만이었다. 그동안 임직원들은 임금과 상여금을 반납하고 회사가 발행한 전환사채를 직접... ",https://www.pharmnews.com/news/articleView.html?idxno=306495,https://www.pharmnews.com/news/articleView.html?idxno=306495,"Wed, 23 Sep 2026 08:10:00 +0900",2026-09-23 10:20:06
바이오/헬스,제약 산업,"바이오 경쟁, '자체 개발'서 '기술 도입'으로","글로벌 제약업계에 블록버스터 의약품의 특허 만료(LOE, Loss of Exclusivity) 시계가 빨라지면서 국내 제약·바이오 산업의 사업 모델도 변하고 있다. 과거 기초 단계부터 후보물질을 자체 개발하던 방식에서 벗어나 유망 임상... ",http://www.smedaily.co.kr/news/articleView.html?idxno=363636,http://www.smedaily.co.kr/news/articleView.html?idxno=363636,"Wed, 23 Sep 2026 08:02:00 +0900",2026-09-23 10:20:06
바이오/헬스,제약 산업,[1차 약가 재평가][환인제약]완제 생산 61% 포함…생산액 83% 중추신경계...,"보건복지부는 올해 신규 인증 신청을 8월18일부터 9월18일까지 접수했으며 심사를 거쳐 12월 제약산업육성·지원위원회에서 최종 인증기업을 확정할 예정이다. 현행 일정에서 일반기업의 1차 대상은 2027년 51%, 2028년... ",https://www.medicopharma.co.kr/news/articleView.html?idxno=69620,https://www.medicopharma.co.kr/news/articleView.html?idxno=69620,"Wed, 23 Sep 2026 07:16:00 +0900",2026-09-23 10:20:06
바이오/헬스,제약 산업,"&quot;의약품 안전관리 전문성·효율성 높인다&quot;…식약처, 통합 공단 신설 본...","민원 창구 일원화로 국민과 기업의 편의성을 높이고, 기존 백신에 집중됐던 시험 분석 및 교육 인프라를 혁신신약과 첨단바이오의약품 등 모든 의약품 분야로 확대해 국내 제약·바이오 산업의 경쟁력을 강화한다는... ",http://www.docdocdoc.co.kr/news/articleView.html?idxno=3043032,http://www.docdocdoc.co.kr/news/articleView.html?idxno=3043032,"Wed, 23 Sep 2026 06:52:00 +0900",2026-09-23 10:20:06
바이오/헬스,제약 산업,트럼프 &quot;서반구 내 美 위협 발판 허용하지 않을 것…필요시 군사력 동원...,"트럼프 대통령은 연설 후반부에는 인공지능(AI) 산업이 규제나 제약 없이 계속해서 급성장해야 한다는 자신의 견해를 재확인했다. 그는 AI를 '초지능(super intelligence)'으로 재명명하겠다는 구상을 처음으로 공개하는 한편, AI... ",http://www.joseilbo.com/news/news_read.php?uid=576244&class=42&grp=,https://n.news.naver.com/mnews/article/123/0002390739?sid=104,"Wed, 23 Sep 2026 06:11:00 +0900",2026-09-23 10:20:06
바이오/헬스,제약 산업,&quot;빅파마 빅딜 선급금 68% 중국발 자산으로…이제 딜 퀄리티 싸움&quot;,"결국, 국내 제약바이오산업도 기술수출 계약 체결 자체를 성과의 종착점으로 봐서는 안 된다는 것이 박 대표의 결론이다.그는 “K-바이오는 이제 양에서 질로 가야 한다”며 “계약 체결에서 끝나는 것이 아니라... ",https://www.yakup.com/news/index.html?mode=view&cat=12&nid=332920,https://www.yakup.com/news/index.html?mode=view&cat=12&nid=332920,"Wed, 23 Sep 2026 06:02:00 +0900",2026-09-23 10:20:06
바이오/헬스,제약 산업,"[기고] 36년의 질문, 아직도 '몇 호 신약'인가",이 지점에서 한국 제약산업의 또 다른 문제가 드러난다. 나는 오래전부터 모든 제약기업이 신약개발을 해야 하는 것은 아니라고 생각해 왔다. 이것은 신약개발에 대한 비관론이 아니라 제한된 자원을 효율적으로 사용하기... ,http://www.hansbiz.co.kr/news/articleView.html?idxno=867415,http://www.hansbiz.co.kr/news/articleView.html?idxno=867415,"Wed, 23 Sep 2026 06:00:00 +0900",2026-09-23 10:20:06
바이오/헬스,제약 산업,"10년 걸리던 신약 승인…미·일, AI 실시간 심사로 뚫는다",제약 시장 내 신약 승인 절차가 한층 신속화될 것으로 대두된다. 규제기관과 제약업계가 실시간 데이터 공유 표준을 확립할 경우 환자 치료 접근성 개선과 함께 제약산업 전반의 기술적 혁신이 촉진될 것으로 평가된다.,https://www.pharmnews.com/news/articleView.html?idxno=306485,https://www.pharmnews.com/news/articleView.html?idxno=306485,"Wed, 23 Sep 2026 06:00:00 +0900",2026-09-23 10:20:06
바이오/헬스,제약 산업,"종근당, 'AI·디지털 트윈'으로 제약업계 '제조 혁신' 이뤄낸다","황 이사는 &quot;제약산업에서의 AI 도입은 환각(Hallucination) 현상이 치명적인 사고로 이어질 수 있고, 오래된 OT(Operational Technology) 레거시 시스템과 복잡한 규제 요건 등 3대 난제가 존재한다&quot;라며 &quot;종근당은 기술적... ",https://www.pharmnews.com/news/articleView.html?idxno=306493,https://www.pharmnews.com/news/articleView.html?idxno=306493,"Wed, 23 Sep 2026 06:00:00 +0900",2026-09-23 10:20:06
바이오/헬스,제약 산업,李대통령 &quot;호르무즈·홍해 공급망 위기 충격&quot;…'건설적 기여국 연대'도...,아울러 '녹색 대전환'을 비전으로 제시하면서 기후위기 대응을 성장의 제약으로 보기보다 산업구조 전환과 새로운 일자리 창출의 계기로 삼겠다고 밝혔다. 이 대통령은 '2035년 국가 온실가스 감축목표'와 '한국형 녹색... ,https://view.asiae.co.kr/article/2026092305400805898,https://n.news.naver.com/mnews/article/277/0005820204?sid=100,"Wed, 23 Sep 2026 05:40:00 +0900",2026-09-23 10:20:06
바이오/헬스,제약 산업,유럽 제약사 9곳 &quot;美·中에 산업 뺏긴다&quot; 공개 서한…임상시험 점유율 ...,이들은 서한에서 유럽 제약산업을 전후 유럽의 대표적인 산업적 성취 가운데 하나로 평가하면서도 현재는 글로벌 경쟁에서 빠르게 입지를 잃고 있다고 진단했다. 특히 최근 2년 동안 미국과 중국에서 발표된 제약 분야... ,https://www.joongangenews.com/news/articleView.html?idxno=550226,https://www.joongangenews.com/news/articleView.html?idxno=550226,"Wed, 23 Sep 2026 00:22:00 +0900",2026-09-23 10:20:06
바이오/헬스,제약 산업,글로벌 자금은 美·中 가리지 않았다 [박신영의 개장전 요것만],반면 AI 투자와 거리가 있는 금융·산업·제약 기업의 채권에는 자금이 몰리고 있습니다. 보험중개회사 에이온(AON)의 135억달러 규모 회사채 발행에는 650억달러의 주문이 들어왔습니다. 블랙록은 AI 기업 회사채 금리... ,https://www.hankyung.com/article/202609222132i,https://n.news.naver.com/mnews/article/015/0005335408?sid=104,"Tue, 22 Sep 2026 23:40:00 +0900",2026-09-23 10:20:06
바이오/헬스,제약 산업,"동국제약, 밀라노 제약바이오 전시회서 ‘장기지속형’ 주사제 알린다","다음달 6~8일 밀라노에서 개최되는 이 전시회는 매년 유럽 주요 국가에서 개최되는 제약 바이오 업계 대표 행사로, 글로벌 제약산업 관계자들이 모여 원료의약품, 완제의약품, 위탁개발생산(CDMO), 제약 설비 및 기술... ",http://www.segyebiz.com/newsView/20260922519167?OutUrl=naver,http://www.segyebiz.com/newsView/20260922519167?OutUrl=naver,"Tue, 22 Sep 2026 20:24:00 +0900",2026-09-23 10:20:06
바이오/헬스,제약 산업,"K-제약 경쟁력 강화…케이메디허브, '2026 글로벌 제약혁신기술 세미나...",[사진=케이메디허브] 대구경북첨단의료산업진흥재단이 국내외 제약 분야 석학들을 한자리에 모아 첨단 제약기술 개발 동향을 공유하고 K-제약산업의 글로벌 경쟁력 강화를 위한 논의의 장을 마련한다.... ,https://www.ajunews.com/view/20260922195441347,https://www.ajunews.com/view/20260922195441347,"Tue, 22 Sep 2026 20:02:00 +0900",2026-09-23 10:20:06
바이오/헬스,제약 산업,"동아ST, ‘2026 인적자원개발 우수기업’ 선정…인재 육성 경쟁력 인정","제약산업 특성을 반영한 직무 전문교육도 강화하고 있다. 동아에스티는 ‘GMP School’, ‘MR Training’ 등 전문교육 프로그램과 함께 연구개발(R&amp;D)·영업·생산 등 서로 다른 부문의 업무 현장을 경험하는 OJT 프로그램... ",https://www.todayeconomic.com/news/article.html?no=32216,https://www.todayeconomic.com/news/article.html?no=32216,"Tue, 22 Sep 2026 18:42:00 +0900",2026-09-23 10:20:06
바이오/헬스,제약 산업,[여명] ‘데이터 섬’에 갇힌 韓바이오,4조 원에 달하는 예산이 관료주의가 만든 화려한 유물로 남지 않으려면 지금 당장 데이터의 빗장부터 풀어야 한다. 그렇지 않으면 한국의 제약·바이오 산업의 미래도 기약하기 어렵다.,https://www.sedaily.com/article/20094166?ref=naver,https://n.news.naver.com/mnews/article/011/0004664668?sid=105,"Tue, 22 Sep 2026 18:03:00 +0900",2026-09-23 10:20:06
바이오/헬스,신약 개발,"프로지니어, 25억 원 규모 글로벌협력형 R&amp;D 선정…美 Xsphera와 TLR7/8 면...","공동연구기관인 Xsphera Biosciences는 미국의 환자유래 종양모델 기반 신약개발 기업이다. 환자유래 장기형 종양 스페로이드(Patient-Derived Organotypic Tumor Spheroid, PDOTS)와 면역분석 기술 등을 활용해 실제 환자의... ",https://www.biotimes.co.kr/news/articleView.html?idxno=34709,https://www.biotimes.co.kr/news/articleView.html?idxno=34709,"Wed, 23 Sep 2026 10:14:00 +0900",2026-09-23 10:20:06
바이오/헬스,신약 개발,"루닛 “AI 플랫폼 활용 난치암 연구, 국제 학술지 게재”","서범석 루닛 대표는 &quot;앞으로도 루닛 스코프가 환자 선별과 임상시험 설계, 신약 개발에 이르기까지 의사결정의 근거를 제공하는 플랫폼으로 자리매김하는 데 전념하겠다&quot;고 말했다.",http://www.wowtv.co.kr/NewsCenter/News/Read?articleId=A202609230032&t=NN,https://n.news.naver.com/mnews/article/215/0001266982?sid=101,"Wed, 23 Sep 2026 10:10:00 +0900",2026-09-23 10:20:06
바이오/헬스,신약 개발,"스케일업센터 조성 및 360억 국비 확보…고양시, 동국대와 ‘바이오산업...",동국대는 최근 인공지능(AI) 기반 정신질환 발병 예측 사업과 차세대 표적단백질분해(TPD) 합성신약 개발지원 플랫폼 구축 사업 등 국가 공모사업 2건에 선정돼 국비 총 360억원을 확보했다. 아울러 이날 함께 열린 '2026 THE... ,http://www.inews24.com/view/2008544,https://n.news.naver.com/mnews/article/031/0001060876?sid=102,"Wed, 23 Sep 2026 10:03:00 +0900",2026-09-23 10:20:06
바이오/헬스,신약 개발,동물실험 규정 손질한 美…비동물 시험법 활용 넓어진다,신약 개발 과정에서 동물실험 의존도를 낮추고 오가노이드와 장기칩 등 사람의 생리적 특성을 구현한 시험법을 활용하려는 움직임이 빨라지고 있다. 동물복지 차원에서 주로 논의됐던 동물대체시험법(NAMs)이 기술... ,https://view.asiae.co.kr/article/2026092307184854150,https://n.news.naver.com/mnews/article/277/0005820375?sid=101,"Wed, 23 Sep 2026 10:01:00 +0900",2026-09-23 10:20:06
바이오/헬스,신약 개발,"이일섭 차의과학대 교수, '한국형 임상시험 노하우' 공유",이일섭 차의과학대 교수(분당차병원 글로벌임상시험센터장)가 인도네시아에서 한국의 임상시험 인프라와 신약개발 생태계 발전 경험을 공유하며 동남아시아와의 글로벌 임상 연구 협력 확대에 나섰다.... ,http://www.doctorsnews.co.kr/news/articleView.html?idxno=166481,http://www.doctorsnews.co.kr/news/articleView.html?idxno=166481,"Wed, 23 Sep 2026 09:58:00 +0900",2026-09-23 10:20:06
바이오/헬스,신약 개발,"AI로 HER2 양성 담도암 반응률 2배 차이 포착…루닛, ‘네이처 메디슨’...","저명한 학술지에 실리게 된 것”이라며 “앞으로도 루닛 스코프가 환자 선별과 임상시험 설계, 신약 개발에 이르기까지 의사결정의 근거를 제공하는 플랫폼으로 자리매김하는 데 전념하겠다”고 말했다.",http://digitalchosun.dizzo.com/site/data/html_dir/2026/09/23/2026092380037.html,http://digitalchosun.dizzo.com/site/data/html_dir/2026/09/23/2026092380037.html,"Wed, 23 Sep 2026 09:58:00 +0900",2026-09-23 10:20:06
바이오/헬스,신약 개발,한국 진출 15주년 길리어드…&quot;항암제 확대&quot;,최재연 길리어드 코리아 대표는 “이를 통해 국내 연구진과 환자가 글로벌 신약 개발 과정에 참여하고 혁신 치료 연구를 경험할 수 있는 기회를 지속적으로 확대해 왔다”고 강조했다. 이어 최재연 대표는 ‘Creating... ,https://www.dailymedi.com/news/news_view.php?wr_id=940810,https://www.dailymedi.com/news/news_view.php?wr_id=940810,"Wed, 23 Sep 2026 09:52:00 +0900",2026-09-23 10:20:06
바이오/헬스,신약 개발,고려대구로병원 새암병원 첫 삽…2029년 말 완공,"치료, 신약 개발을 아우르며 암 치료의 새로운 패러다임을 이끌어갈 구로병원의 새로운 도약이 될 것&quot;이라고 말했다. 김동원 고려대학교 총장은 &quot;지난 40여 년간 지역사회와 함께 성장하며 국민의 건강을 지켜온... ",http://www.bokuennews.com/news/article.html?no=284680,http://www.bokuennews.com/news/article.html?no=284680,"Wed, 23 Sep 2026 09:50:00 +0900",2026-09-23 10:20:06
바이오/헬스,신약 개발,"분당차병원, 인도네시아에 한국 임상시험 경험 공유…협력 확대",차 의과학대학교 분당차병원(원장 윤상욱)은 본원 글로벌임상시험센터장 이일섭 교수가 인도네시아에서 한국의 임상시험 인프라와 신약개발 생태계 발전 경험을 공유하며 동남아시아와의 글로벌 임상 연구... ,https://www.medipana.com/news/articleView.html?idxno=418183,https://www.medipana.com/news/articleView.html?idxno=418183,"Wed, 23 Sep 2026 09:40:00 +0900",2026-09-23 10:20:06
바이오/헬스,신약 개발,"고대 구로병원, 새암병원 착공…2029년 말 완공 목표","치료, 신약 개발을 아우르며 암 치료의 새로운 패러다임을 이끌어갈 구로병원의 새로운 도약이 될 것”이라고 말했다. 이어 “환자에게는 희망을, 의료진에게는 자부심을, 연구자에게는 새로운 도전의 기회를 제공하며... ",https://www.edaily.co.kr/News/Read?newsId=02847046645583072&mediaCodeNo=257&utm_source=naver&utm_medium=referral&utm_campaign=news_syndication&utm_content=original_article,https://n.news.naver.com/mnews/article/018/0006374800?sid=102,"Wed, 23 Sep 2026 09:40:00 +0900",2026-09-23 10:20:06
바이오/헬스,신약 개발,"美FDA, 동물시험대체법 속도…'Animal' 단어 삭제",신약 개발 과정에서 동물실험 의존도를 낮추려는 미국 규제당국의 움직임이 구체화되고 있다. 미국 식품의약국(FDA)이 의약품 안전성 시험 규정에서 '동물'이라는 단어를 삭제키로 하면서다. 23일 관련업계에... ,https://www.newsis.com/view/NISX20260923_0003801540,https://n.news.naver.com/mnews/article/003/0014209785?sid=102,"Wed, 23 Sep 2026 09:40:00 +0900",2026-09-23 10:20:06
바이오/헬스,신약 개발,"온코닉, P-CAB '자큐보' 주사제형 中 3상서 &quot;첫 환자투여&quot;",바이오스펙테이터=이주연 기자 | '소화성궤양 출혈' 적응증 新주사제형 3상 시작..추가 개발마일스톤 100만弗 청구 제일약품(Jeil Pharmaceutical)의 신약개발부문 자회사 온코닉테라퓨틱스(Onconic Therapeutics)은 P-CAB... ,https://www.biospectator.com/view/news_view.php?varAtcId=29906,https://www.biospectator.com/view/news_view.php?varAtcId=29906,"Wed, 23 Sep 2026 09:36:00 +0900",2026-09-23 10:20:06
바이오/헬스,신약 개발,고대구로병원 새 암병원 첫 삽…&quot;정밀 암 치료 새 기준 만든다&quot;,"김재호 이사장은 &quot;새 암병원은 단순한 건물 확장을 넘어 정밀진단과 맞춤형 치료, 신약 개발을 아우르며 암 치료의 새로운 패러다임을 이끌어갈 구로병원의 새로운 도약이 될 것&quot;이라고 말했다. 김동원 총장은 &quot;새... ",https://www.news1.kr/bio/general/6299880,https://n.news.naver.com/mnews/article/421/0009188059?sid=105,"Wed, 23 Sep 2026 09:33:00 +0900",2026-09-23 10:20:06
바이오/헬스,신약 개발,"[인터뷰] 민경선 고양특례시장 &quot;가치 있는 고양, 같이 가는 고양… 시민...","의료·바이오 분야는 연구개발이 가장 큰 부분을 차지하는 만큼 큰 규모의 사무실이 필요하지 않지만, 신약 개발 등의 파급력은 크다. 특히 시가 적극적인 행정적인 지원과 함께 매개체 역할을 수행해 국책사업을... ",https://www.kmaeil.com/news/articleView.html?idxno=652666,https://www.kmaeil.com/news/articleView.html?idxno=652666,"Wed, 23 Sep 2026 09:32:00 +0900",2026-09-23 10:20:06
바이오/헬스,신약 개발,"유한양행, 질·장 건강 동시 케어 프로바이오틱스 '엘레나 듀얼' 출시","힘입어 사상 처음으로 분기 매출 6000억원을 달성했다. 기술수출에 따른 대규모 마일스톤(단계별 기술료)으로 역대 최대 실적을 견인한 가운데, 신약 연구개발에 집중하며 파이프라인 확보에 속도를 낸다는 계획이다.",https://www.etnews.com/20260923000028,https://n.news.naver.com/mnews/article/030/0003469628?sid=105,"Wed, 23 Sep 2026 09:14:00 +0900",2026-09-23 10:20:06
바이오/헬스,신약 개발,"루닛, AI 활용 난치암 연구 '네이처 메디슨' 게재","서범석 루닛 대표는 &quot;앞으로도 루닛 스코프가 환자 선별과 임상시험 설계, 신약 개발에 이르기까지 의사결정의 근거를 제공하는 플랫폼으로 자리매김하는 데 전념하겠다&quot;고 말했다.",https://daily.hankooki.com/news/articleView.html?idxno=1409248,https://daily.hankooki.com/news/articleView.html?idxno=1409248,"Wed, 23 Sep 2026 09:10:00 +0900",2026-09-23 10:20:06
바이오/헬스,신약 개발,"루닛, AI 기반 '루닛 스코프' 활용 HER2 양성 담도암 연구 성과 네이처 ...","루닛 서범석 대표는 이번 연구 결과가 세계적으로 권위 있는 학술지에 등재된 사실을 언급하며, 루닛 스코프가 환자 선별, 임상시험 설계, 신약 개발 등 의사결정에 기반을 제공하는 플랫폼으로 자리매김하도록... ",https://www.cbci.co.kr/news/articleView.html?idxno=609262,https://www.cbci.co.kr/news/articleView.html?idxno=609262,"Wed, 23 Sep 2026 09:08:00 +0900",2026-09-23 10:20:06
바이오/헬스,헬스케어 시장,"서울 바이오기업 10곳, 美서 127억 규모 MOU…178건 수출상담",SBA는 지난 7일부터 13일까지 뉴욕과 보스턴에서 서울 소재 바이오·헬스케어·의료기기 기업의 미국 시장 진출 지원 프로그램을 운영했다고 23일 밝혔다. 미국은 국내 바이오헬스 업계의 핵심 수출 시장이다.... ,https://www.donga.com/news/Economy/article/all/20260923/134725358/2,https://n.news.naver.com/mnews/article/020/0003750356?sid=101,"Wed, 23 Sep 2026 10:18:00 +0900",2026-09-23 10:20:07
바이오/헬스,헬스케어 시장,"[BIO톡]랩지노믹스, 수익성 중심 체질 개선 본격화 外 아폴론·엘앤씨바...","SBI인베스트먼트가 리드 투자자로 나섰으며, 디지털 헬스케어 전담 조직 출범을 앞둔 네이버와 국내 유통... 미국 시장에서 다시 평가받을 것&quot;이라고 말했다. ◆엘앤씨바이오, 4년 임상 근거로 아시아 연골 재생... ",https://www.getnews.co.kr/news/articleView.html?idxno=881649,https://www.getnews.co.kr/news/articleView.html?idxno=881649,"Wed, 23 Sep 2026 10:06:00 +0900",2026-09-23 10:20:07
바이오/헬스,헬스케어 시장,"지멘스 헬시니어스, 치매·대사질환부터 AI 인프라까지 '초정밀 진단' 생...","글로벌 헬스케어 기업 지멘스 헬시니어스 역시 최근 치매 진단 기술 고도화, 다국적 제약사와의 바이오마커... 의료 시장에서 선도 기업들의 솔루션 제공 능력이 병원의 경쟁력을 좌우하는 주요 척도가 될 것&quot;이라고... ",https://www.bosa.co.kr/news/articleView.html?idxno=3012736,https://www.bosa.co.kr/news/articleView.html?idxno=3012736,"Wed, 23 Sep 2026 10:02:00 +0900",2026-09-23 10:20:07
바이오/헬스,헬스케어 시장,"상명대, 中 차이나핏과 아시아 피트니스 경영자 교육협력 맞손","양 기관은 급성장하는 중국·아시아 헬스케어·피트니스 시장에서 체계적인 경영자 교육으로의 전환이 필요하다는 데 공감하고, 한중 피트니스 경영자 교육과정 개설을 위한 협력 체계를 구축하기로 했다. 이날... ",https://weekly.hankooki.com/news/articleView.html?idxno=7185765,https://weekly.hankooki.com/news/articleView.html?idxno=7185765,"Wed, 23 Sep 2026 10:00:00 +0900",2026-09-23 10:20:07
바이오/헬스,헬스케어 시장,"풀무원헬스케어, '관절엔 콘드로이친 1200 퀵샷' 출시","풀무원헬스케어는 이 같은 시장 흐름에 맞춰 섭취 편의성과 복합적인 영양 설계를 앞세운 제품을 개발했다. '관절엔 콘드로이친 1200 퀵샷'은 한 병에 돼지연골 유래 콘드로이친황산염 1,200mg을 담았다. 하루 한 병... ",https://www.discoverynews.kr/news/articleView.html?idxno=1102468,https://www.discoverynews.kr/news/articleView.html?idxno=1102468,"Wed, 23 Sep 2026 09:44:00 +0900",2026-09-23 10:20:07
바이오/헬스,헬스케어 시장,"SBA, 바이오·헬스케어 기업 美 진출 지원...950만불 MOU",서울경제진흥원(SBA)이 바이오·헬스케어·의료기기 분야 유망기업의 미국 시장 진출을 지원하며 950만달러 규모의 업무협약(MOU) 성과를 거뒀다. 23일 관련업계에 따르면 SBA는 지난 7일부터 13일까지 미국 뉴욕과... ,https://www.fnnews.com/news/202609230850595387,https://n.news.naver.com/mnews/article/014/0005580124?sid=101,"Wed, 23 Sep 2026 09:29:00 +0900",2026-09-23 10:20:07
바이오/헬스,헬스케어 시장,"꿀잠 매트리스·깨끗한 물 잡았다… 와이즈플래닛컴퍼니, 소매 시장서 ...","레몬헬스케어와 해치텍도 각각 0.80%, 0.86% 오르며 상대적으로 제한적인 상승세를 보이고 있다. 공모주 시장에서 관심을 받았던 플랫폼·소비재 관련 신규 상장주들은 대체로 숨 고르기에 들어갔다. 마케팅 솔루션 기업... ",https://www.pinpointnews.co.kr/news/articleView.html?idxno=489840,https://www.pinpointnews.co.kr/news/articleView.html?idxno=489840,"Wed, 23 Sep 2026 09:10:00 +0900",2026-09-23 10:20:07
바이오/헬스,헬스케어 시장,"서울기업 미국 진출 지원…SBA, 맞춤형 비즈니스 미팅 집중","이재훈 서울경제진흥원 마케팅본부장은 &quot;이번 프로그램은 서울의 유망 바이오·헬스케어 기업들이 미국 현지 바이어와 투자자, 유관기관을 직접 만나 시장의 수요를 확인하고 실질적인 사업기회를 발굴했다는 점에서... ",https://www.gukjenews.com/news/articleView.html?idxno=3704140,https://www.gukjenews.com/news/articleView.html?idxno=3704140,"Wed, 23 Sep 2026 09:04:00 +0900",2026-09-23 10:20:07
바이오/헬스,헬스케어 시장,"[속보] 와이즈플래닛컴퍼니 23일 상장, 주가 263%↑…따따블시 얼마?",이를 토대로 2018년 리빙 헬스케어 브랜드 '닥터피엘'을 출시하며 자체 브랜드 사업에 본격적으로... 이제 시장의 시선은 23일 첫 거래에 맞춰진다. 공모가 1만2000원을 출발점으로 상장 첫날 어느 정도의 거래량과... ,https://www.cbci.co.kr/news/articleView.html?idxno=609287,https://www.cbci.co.kr/news/articleView.html?idxno=609287,"Wed, 23 Sep 2026 09:02:00 +0900",2026-09-23 10:20:07
바이오/헬스,헬스케어 시장,‘힐스테이트 남판교 더힐’ 분양… 11년 만의 분양형 시니어타운,"케어 서비스로는 간호사와 사회복지사 상주 배치, 레이더 센서 기반 AI 헬스케어 모니터링 시스템의 전 세대... 식단 비용이 포함되며, 식단 비용은 시장 평균보다 낮은 수준으로 책정할 계획이라고 시행사 측은 밝혔다.",https://www.donga.com/news/Economy/article/all/20260922/134719466/1,https://n.news.naver.com/mnews/article/020/0003750342?sid=101,"Wed, 23 Sep 2026 09:01:00 +0900",2026-09-23 10:20:07
바이오/헬스,헬스케어 시장,"니덤, GE헬스케어 '매수' 추천…&quot;저가 매수 기회&quot;",삭스 애널리스트는 &quot;현재 주가는 시장의 최악의 시나리오를 대부분 선반영하고 있어 매우 매력적인 위험 대비 보상(Risk/Reward) 구간에 진입했다&quot;고 평가했다. GE헬스케어 주가는 공급망 차질 및 부진한 실적... ,https://news.einfomax.co.kr/news/articleView.html?idxno=4436243,https://news.einfomax.co.kr/news/articleView.html?idxno=4436243,"Wed, 23 Sep 2026 09:00:00 +0900",2026-09-23 10:20:07
바이오/헬스,헬스케어 시장,매출은 늘었는데…차바이오텍 순익 흑자 이어갈까,"(AI) 헬스케어 등 신사업에 속도를 내고 있다. 차 부회장은 연초 신년사를 통해 &quot;계획을 넘어 실행으로... 재무적투자자(FI)들의 투자금 회수 압박 속에서, 일반 주주들의 동의와 설득을 이끌어내야 하는 상황이다.시장에... ",https://www.asiatoday.co.kr/kn/view.php?key=20260922010008464,https://www.asiatoday.co.kr/kn/view.php?key=20260922010008464,"Wed, 23 Sep 2026 08:56:00 +0900",2026-09-23 10:20:07
바이오/헬스,헬스케어 시장,"풀무원헬스케어, 액상형 관절 건기식 '관절엔 콘드로이친 1200 퀵샷' 출시","풀무원헬스케어는 이 같은 시장 흐름에 맞춰 관절 건강을 중심으로 일상적인 신체 활동에 필요한 영양 성분을 함께 관리할 수 있도록 제품을 설계했다. 제품 1병에는 돼지 연골 유래 콘드로이친황산염 1,200mg이... ",https://www.koreaittimes.com/news/articleView.html?idxno=157456,https://www.koreaittimes.com/news/articleView.html?idxno=157456,"Wed, 23 Sep 2026 08:50:00 +0900",2026-09-23 10:20:07
바이오/헬스,헬스케어 시장,"아폴론, 50억원 규모 시리즈 A 투자 유치","23일 회사 측에 따르면 이번 투자는 SBI인베스트먼트가 리드했으며, 다음 달 디지털 헬스케어 전담 조직을... 하버드 의대 부속 조슬린 당뇨센터(Joslin Diabetes Center) 임상 연구와 FDA 사전 협의를 마치면 미국 시장에서... ",https://www.hitnews.co.kr/news/articleView.html?idxno=79369,https://www.hitnews.co.kr/news/articleView.html?idxno=79369,"Wed, 23 Sep 2026 08:42:00 +0900",2026-09-23 10:20:07
바이오/헬스,헬스케어 시장,"[K뷰티 신흥성지 ㊦] 외국인 장바구니, ‘올영 밖으로’…다음 카드는",이너뷰티·건강기능식품·헬스케어·라이프케어 등을 큐레이션하며 기존 뷰티 중심의 사업 영역을 웰니스 전반으로 넓히는 시도다. 시장도 커지고 있다. 글로벌 시장조사기관 스태티스타에 따르면 전세계 웰니스 시장은... ,https://www.ddaily.co.kr/page/view/2026092114370845498,https://n.news.naver.com/mnews/article/138/0002242488?sid=101,"Wed, 23 Sep 2026 08:40:00 +0900",2026-09-23 10:20:07
바이오/헬스,헬스케어 시장,"아폴론, 50억 원 규모 시리즈 A 투자 유치…美 조슬린 당뇨센터 임상 추...","이번 투자 라운드는 SBI인베스트먼트가 리드했으며, 헬스케어 사업을 본격화하고 있는 네이버와 국내... 미국 시장 진출을 위한 현지 기반도 확대하고 있다. 아폴론은 2023년 보스턴에 미국 법인을 설립했으며... ",https://www.biotimes.co.kr/news/articleView.html?idxno=34705,https://www.biotimes.co.kr/news/articleView.html?idxno=34705,"Wed, 23 Sep 2026 08:40:00 +0900",2026-09-23 10:20:07
바이오/헬스,헬스케어 시장,"&quot;2억8천만 아세안 시장 잡는다&quot;…NH농협금융, 인도네시아 협력 가속","NH농협금융지주가 인도네시아 대기업인 마야파다 그룹과 손잡고 아세안 현지 시장 공략을 위한 구체적인... 마야파다 그룹은 금융, 헬스케어, 호텔, 부동산 등을 아우르는 인도네시아의 대표적인 종합 그룹이다. 양사는... ",http://www.globalepic.co.kr/view.php?ud=2026092308295089307cc35ccc5c_29,http://www.globalepic.co.kr/view.php?ud=2026092308295089307cc35ccc5c_29,"Wed, 23 Sep 2026 08:34:00 +0900",2026-09-23 10:20:07
AI/소프트웨어,AI 주가,"[특징주] 쓰리빌리언, 한국형 ARPA-H 공동연구개발기관 선정 소식에 급등...","밝히면서 AI 유전체 분석 기술의 치료제 개발 분야 확장 기대감이 주가에 영향을 미친 것으로 풀이된다. 한국형 ARPA-H는 보건복지부, 한국보건산업진흥원, K-헬스미래추진단이 보건의료 분야의 난제 해결을 목표로... ",https://www.widedaily.com/news/articleView.html?idxno=301420,https://www.widedaily.com/news/articleView.html?idxno=301420,"Wed, 23 Sep 2026 09:58:00 +0900",2026-09-23 10:20:08
AI/소프트웨어,AI 주가,"코스피, 유가 하락·美 반도체 상승에 7100선 돌파 … 삼전닉스 2%↑",간밤 미국 증시는 미국과 이란의 대면 협상 소식에도 3대 주가지수가 엇갈리며 혼조세로 마감했다. 협상... 시장에서는 일부 금융·플랫폼주의 약세 배경으로 메타가 공개한 새로운 AI에이전트에 주목하고 있다.... ,https://biz.newdaily.co.kr/site/data/html/2026/09/23/2026092300072.html,https://biz.newdaily.co.kr/site/data/html/2026/09/23/2026092300072.html,"Wed, 23 Sep 2026 09:58:00 +0900",2026-09-23 10:20:08
AI/소프트웨어,인공지능 산업,"지란지교시큐리티, '2026 인적자원 우수기관' 인증","인적자원개발 우수기관 인증 제도는 고용노동부, 교육부, 산업통상자원부, 중소벤처기업부 등 4개 정부... 인공지능(AI) 관련 교육도 병행하고 있다. 지란지교시큐리티는 AI, 클라우드 환경에서의 구성원 역량 강화가 곧... ",https://www.thelec.kr/news/articleView.html?idxno=62610,https://www.thelec.kr/news/articleView.html?idxno=62610,"Wed, 23 Sep 2026 10:18:00 +0900",2026-09-23 10:20:09
AI/소프트웨어,인공지능 산업,"연구실·AI·로봇 묶었다…스카이인텔리전스, 제조 피지컬 AI 실증 속도","피지컬 인공지능(AI) 기술 개발과 실증에 나선다. 스카이인텔리전스는 지난 21일 KAIST 제조피지컬AI연구소, 다임리서치와 피지컬 AI 분야 기술 협력 및 산업 생태계 확산을 위한 3자 업무협약(MOU)을 체결했다고 23일... ",https://zdnet.co.kr/view/?no=20260923101736,https://n.news.naver.com/mnews/article/092/0002438604?sid=105,"Wed, 23 Sep 2026 10:18:00 +0900",2026-09-23 10:20:09
AI/소프트웨어,인공지능 산업,[기자의 눈] 느린 것을 찾는 소비자들,"인공지능(AI)은 몇 초 만에 질문에 답하고, 원하는 노래도 즉시 재생할 수 있다. 사진은 수백장을 찍어도... 음반산업협회(RIAA)에 따르면 지난해 미국 내 LP 매출은 10억 달러를 돌파하며 19년 연속 성장했다. 음악 산업도... ",https://www.koreadaily.com/article/20260922181626179,https://www.koreadaily.com/article/20260922181626179,"Wed, 23 Sep 2026 10:18:00 +0900",2026-09-23 10:20:09
AI/소프트웨어,인공지능 산업,민주노총 조합원 80% &quot;사회적 교섭 필요&quot;…내달 7일 참여 결정,양경수 민주노총 위원장은 이번 대의원대회 개최 취지에 대해 &quot;인공지능(AI) 확산과 산업전환이 노동자의 일자리를 위협하는 반면 노동자의 고통은 커지고 있다&quot;며 &quot;정부가 메가프로젝트와 미래대응기금 등을 속도감 있게... ,https://www.yna.co.kr/view/AKR20260923061300530?input=1195m,https://n.news.naver.com/mnews/article/001/0016331813?sid=102,"Wed, 23 Sep 2026 10:17:00 +0900",2026-09-23 10:20:09
AI/소프트웨어,인공지능 산업,"국민체육진흥공단, 스포츠산업 실무인재 90명 배출…현장교육·멘토링 ...","‘스포츠산업 실무마스터 2기’에서는 직무별 실무교육을 비롯해 기업·프로구단 현장탐방, 인공지능(AI) 활용 교육, 모의면접 등을 진행했다. 산업 현장을 직접 경험하면서 직무 이해도를 높이고 채용 과정에 필요한 실무... ",https://isplus.com/article/view/isp202609230012,https://n.news.naver.com/mnews/article/241/0003532131?sid=103,"Wed, 23 Sep 2026 10:17:00 +0900",2026-09-23 10:20:09
AI/소프트웨어,인공지능 산업,"우리금융, 포항 AI 데이터센터에 4500억 규모 PF 금융지원",포항 인공지능(AI) 데이터센터 조성사업을 금융지원한다. 우리금융은 23일 경북 포항시 남구 오천읍 광명일반산업단지에 들어서는 '포항 AI Factory 데이터센터' 조성사업의 프로젝트파이낸싱(PF) 금융약정을... ,https://www.digitaltoday.co.kr/news/articleView.html?idxno=702669,https://www.digitaltoday.co.kr/news/articleView.html?idxno=702669,"Wed, 23 Sep 2026 10:16:00 +0900",2026-09-23 10:20:09
AI/소프트웨어,인공지능 산업,"우리금융그룹, 6000억 규모 포항 AI데이터센터 PF 약정 체결…생산적 금...",글로벌 첨단산업의 핵심 기반인 인공지능 인프라 구축을 위해 금융권의 자금 공급이 대형 프로젝트파이낸싱 형태로 가속화하고 있다. 우리금융그룹은 경북 포항시 남구 오천읍 광명일반산업단지 내 조성되는 포항 AI... ,https://www.thefairnews.co.kr/news/articleView.html?idxno=88918,https://www.thefairnews.co.kr/news/articleView.html?idxno=88918,"Wed, 23 Sep 2026 10:16:00 +0900",2026-09-23 10:20:09
AI/소프트웨어,인공지능 산업,"우리금융, 6000억 '포항 AI 데이터센터' 지원…계열사 역량 결집",포항 인공지능(AI) 데이터센터에 생산적 금융을 공급한다. 우리금융그룹(회장 임종룡)은 경북 포항시 남구 오천읍 광명일반산업단지에 들어서는 '포항 AI Factory 데이터센터' 조성사업의 프로젝트파이낸싱(PF)... ,https://www.apnews.kr/news/articleView.html?idxno=3051476,https://www.apnews.kr/news/articleView.html?idxno=3051476,"Wed, 23 Sep 2026 10:16:00 +0900",2026-09-23 10:20:09
AI/소프트웨어,인공지능 산업,"브릭스+ 패션 서밋, 28~30일 모스크바서 개최…아시아 패션업계 참가","현재 아시아는 생산 역량과 원자재 공급망에서부터 디지털 커머스, 리테일 분야의 인공지능 도입에 이르기까지 글로벌 패션 경제의 중심으로 부상하고 있다. 지난 10년간 한국은 패션을 주요 수출 산업으로... ",https://www.ziksir.com/news/articleView.html?idxno=147398,https://www.ziksir.com/news/articleView.html?idxno=147398,"Wed, 23 Sep 2026 10:16:00 +0900",2026-09-23 10:20:09
AI/소프트웨어,인공지능 산업,이소영 중기부 장관 취임…中企·소상공인 &quot;현장·규제개혁 기대&quot;,AI(인공지능) 전환 지원 등을 주문했다. 중기부 공무원노동조합은 장관 취임을 환영하면서 조직 정비와 부처... 앞서 국회 산업통상자원중소벤처기업위원회는 22일 이 장관 후보자의 인사청문경과보고서를 여야 합의로... ,https://news.mtn.co.kr/news-detail/2026092310074596142,https://news.mtn.co.kr/news-detail/2026092310074596142,"Wed, 23 Sep 2026 10:16:00 +0900",2026-09-23 10:20:09
AI/소프트웨어,인공지능 산업,"현대로템, 현대차 스마트팩토리 항공우주로…3000억 투자 이어 제조기술...",현대자동차의 인공지능(AI) 기반 스마트팩토리 기술을 항공우주 생산공정에 적용한다. 항공우주 사업... 이번 MOU에서 주목할 부분은 현대차그룹이 자동차 생산에서 축적한 제조기술을 다른 산업 생산공정으로... ,https://sateconomy.co.kr/news/view/1065574637728396,https://sateconomy.co.kr/news/view/1065574637728396,"Wed, 23 Sep 2026 10:16:00 +0900",2026-09-23 10:20:09
AI/소프트웨어,인공지능 산업,"우리금융, 6,000억 원 규모 포항 AI데이터센터 PF 금융약정 체결","대규모 인공지능(AI) 데이터센터 프로젝트에 프로젝트파이낸싱(PF) 자금을 공급하며 첨단 미래 인프라 투자에 속도를 낸다고 23일 밝혔다. 이번 사업은 경북 포항시 남구 오천읍 광명일반산업단지에 총사업비 6,000억... ",http://www.newsdream.kr/news/articleView.html?idxno=118830,http://www.newsdream.kr/news/articleView.html?idxno=118830,"Wed, 23 Sep 2026 10:16:00 +0900",2026-09-23 10:20:09
AI/소프트웨어,인공지능 산업,한국마사회·강원랜드 중독예방 포럼 개최,"한국마사회와 강원랜드가 21일 서울 그랜드 하얏트에서 'AI 대전환 시대, 이용자 보호 패러다임의 전환’을 주제로 제2회 사행산업 중독예방 포럼을 개최했다. 이번 포럼은 인공지능과 빅데이터라는 첨단 디지털 기술을... ",http://www.globalepic.co.kr/view.php?ud=2026092310124274448439a4874_29,http://www.globalepic.co.kr/view.php?ud=2026092310124274448439a4874_29,"Wed, 23 Sep 2026 10:16:00 +0900",2026-09-23 10:20:09
AI/소프트웨어,인공지능 산업,"[공기업 브리핑] 한국마사회, AI 접목 확대…말 문화 확산·이용자 보호...","■ 제28회 말 사진·AI 이미지 공모전 개최 한국마사회가 인공지능(AI)을 말 문화 확산과 이용자 보호 등 주요 사업에 접목하며 디지털 활용 범위를 넓히고 있다. 문화 콘텐츠에서는 국민 참여의 문턱을 낮추고, 사행산업... ",https://www.startuptoday.co.kr/news/articleView.html?idxno=814065,https://www.startuptoday.co.kr/news/articleView.html?idxno=814065,"Wed, 23 Sep 2026 10:16:00 +0900",2026-09-23 10:20:09
AI/소프트웨어,인공지능 산업,"메인비즈협회 &quot;이소영 장관 취임 환영, AI 전환·인력난 해소 지원해야...",한국경영혁신중소기업협회가 이소영 신임 중소벤처기업부 장관의 취임을 환영하며 중소기업의 인공지능(AI)... 메인비즈협회는 &quot;이 장관이 국회 산업통상자원중소벤처기업위원회 위원으로 활동하며 산업과 중소... ,https://www.news1.kr/industry/general-industry/6299968,https://n.news.naver.com/mnews/article/421/0009188214?sid=101,"Wed, 23 Sep 2026 10:14:00 +0900",2026-09-23 10:20:09
AI/소프트웨어,인공지능 산업,"경주시, ‘AI·AX 대전환’ 본격화","쿠키뉴스=성민규 기자 | 경북 경주시가 ‘경주형 인공지능(AI)’ 전환에 나섰다. 시민, 전문가, 지역 기관이... 먼저 시, 경주교육지원청, 동국대 WISE캠퍼스, 경주상공회의소, 경주스마트미디어센터 등 5개 기관은 산업... ",https://www.kukinews.com/article/view/kuk202609230043,https://www.kukinews.com/article/view/kuk202609230043,"Wed, 23 Sep 2026 10:14:00 +0900",2026-09-23 10:20:09
AI/소프트웨어,클라우드 시장,"AI 결제·토큰화·컴퓨트 3대 축, 블랙록 백서 제시","AI 학습과 추론에 필요한 GPU와 클라우드 용량을 가격·성능·지연시간·지역·가용성에 따라 비교하고, AI... 결제와 자원 거래가 실제 시장으로 확장되려면 금융상품의 권리 구조와 컴퓨팅 자원의 성능을 거래 가능한... ",https://www.tokenpost.kr/news/ai/412548,https://www.tokenpost.kr/news/ai/412548,"Wed, 23 Sep 2026 10:16:00 +0900",2026-09-23 10:20:09
AI/소프트웨어,클라우드 시장,"A10 네트웍스, 'A10 AI 게이트웨이' 공개","Gateway)'를 시장에 선보였다. A10 AI 게이트웨이는 기업이 사용하는 AI 에이전트, 애플리케이션 및... 아울러 독립형 소프트웨어와 온프레미스 하드웨어 방식을 모두 지원하여 프라이빗 클라우드나 망분리... ",https://www.businesskorea.co.kr/news/articleView.html?idxno=277602,https://www.businesskorea.co.kr/news/articleView.html?idxno=277602,"Wed, 23 Sep 2026 10:14:00 +0900",2026-09-23 10:20:09
AI/소프트웨어,클라우드 시장,[환율 리셋㊤] 같은 클라우드 다른 청구서…비용 절감 가른 계약 방식,단기적으로 MSP 수익성에 미치는 영향은 크지 않지만 중장기적으로는 클라우드 시장 확대를 촉진할 수 있다. 달러 기반 서비스의 원화 부담이 줄면 기존 고객은 같은 예산으로 더 많은 컴퓨팅 자원을 이용할 수 있고... ,https://www.ddaily.co.kr/page/view/2026092309574848056,https://n.news.naver.com/mnews/article/138/0002242515?sid=105,"Wed, 23 Sep 2026 10:05:00 +0900",2026-09-23 10:20:09
AI/소프트웨어,클라우드 시장,"강원 기업·대학, 해외시장과 AI 산업으로 보폭 넓혀","/제공=강원테크노파크강원지역 기업과 대학이 해외시장 진출과 글로벌 연구협력, AI 기반 교육산업 확대에... 또 런던에서 열리는 ‘2026 AWS Global Executive Study Tour’에 참가해 AI와 클라우드 기반 대학 혁신, 글로벌... ",https://news.mtn.co.kr/news-detail/2026092309440894655,https://news.mtn.co.kr/news-detail/2026092309440894655,"Wed, 23 Sep 2026 10:04:00 +0900",2026-09-23 10:20:09
AI/소프트웨어,클라우드 시장,[Global Security TOP 100] 조영철 파이오링크 대표 &quot;사이버 회복력 기업...,"IT 환경이 클라우드, AI 인프라, 원격 접속 등으로 복잡해지면서 보호해야 할 자산과 연결 지점은 늘어나고... 하반기와 내년 국내 보안 시장을 어떻게 전망하며, 가장 주목해야 할 기술이나 시장 분야는 무엇이라고... ",https://www.boannews.com/news/articleView.html?idxno=146010,https://www.boannews.com/news/articleView.html?idxno=146010,"Wed, 23 Sep 2026 10:04:00 +0900",2026-09-23 10:20:09
AI/소프트웨어,클라우드 시장,"아톤, 금융권 통합 보안 사업 확대…글로벌 솔루션 접목","아톤은 망분리 규제 완화와 함께 클라우드와 서비스형 소프트웨어(SaaS), 인공지능(AI) 애플리케이션, AI... 우길수 아톤 대표는 “금융권은 규제 요건과 실제 운영 환경을 동시에 충족해야 하는 시장으로 좋은 기술을... ",https://www.etnews.com/20260923000061,https://n.news.naver.com/mnews/article/030/0003469659?sid=105,"Wed, 23 Sep 2026 09:54:00 +0900",2026-09-23 10:20:09
AI/소프트웨어,클라우드 시장,"코오롱베니트, 뉴타닉스 쿠버네티스 플랫폼(NKP) 구축 파트너 생태계 본...","교육 확대의 배경에는 컨테이너 기반 애플리케이션 운영으로의 시장 전환이 있다. 기업들이 가상화 환경... 클라우드 네이티브 컴퓨팅 재단(Cloud Native Computing Foundation, CNCF) 호환 클라우드 네이티브 스택을 기반으로... ",https://www.aitimes.kr/news/articleView.html?idxno=42048,https://www.aitimes.kr/news/articleView.html?idxno=42048,"Wed, 23 Sep 2026 09:52:00 +0900",2026-09-23 10:20:09
AI/소프트웨어,클라우드 시장,"알리바바, 자체 AI 칩 '전우 V900' 공개…2032년까지 데이터센터 20GW 확충","자체 반도체부터 클라우드 인프라와 AI 모델까지 아우르는 생태계를 구축해 엔비디아 중심의 AI 컴퓨팅 시장에 도전한다는 구상이다. 22일(현지시간) 블록체인 매체 크립토폴리탄에 따르면, 알리바바는 자체 AI 칩 전우... ",https://www.digitaltoday.co.kr/news/articleView.html?idxno=702641,https://www.digitaltoday.co.kr/news/articleView.html?idxno=702641,"Wed, 23 Sep 2026 09:50:00 +0900",2026-09-23 10:20:09
AI/소프트웨어,클라우드 시장,메타 알렉산더 왕 &quot;뮤즈 사용시 즉각 1천달러 번다&quot;,마해니 애널리스트는 이외에도 뮤즈는 메타의 대규모 AI 투자가 클라우드 컴퓨팅 같은 기업용 시장과 명확하게 연결되지 않았다는 이유로 메타 주가에 낮은 멀티플을 부여해온 족쇄를 풀 열쇠가 될 수 있다고 내다봤다.... ,https://news.einfomax.co.kr/news/articleView.html?idxno=4436263,https://news.einfomax.co.kr/news/articleView.html?idxno=4436263,"Wed, 23 Sep 2026 09:50:00 +0900",2026-09-23 10:20:09
AI/소프트웨어,클라우드 시장,"[Tech &amp; Now] 코오롱베니트, NKP 파트너 생태계 확대…딥엑스, 美 CTA 행사...",있는 시장 상황을 반영한 조치다. 국내 쿠버네티스 클러스터 설계 및 운영 전문 기술 인력이 제한적인... NKP는 클라우드 네이티브 컴퓨팅 재단(CNCF) 호환 클라우드 네이티브 스택을 기반으로 컨테이너 기반 현대적... ,https://www.ebn.co.kr/news/articleView.html?idxno=1725497,https://www.ebn.co.kr/news/articleView.html?idxno=1725497,"Wed, 23 Sep 2026 09:48:00 +0900",2026-09-23 10:20:09
AI/소프트웨어,클라우드 시장,&quot;AI·현장 잇는 FDE 모셔라&quot; 불붙은 기업들,고객사의 데이터와 업무 환경에 맞춰 AI를 구축할 FDE를 앞세워 기업간거래(B2B) 시장에서 맞춤형 AX... AI 플랫폼 '노스'를 고객사의 자체 서버나 클라우드에 구축하고 노스에 기반한 에이전트를 설계하는 역할을... ,https://view.asiae.co.kr/article/2026092309125833995,https://n.news.naver.com/mnews/article/277/0005820358?sid=105,"Wed, 23 Sep 2026 09:46:00 +0900",2026-09-23 10:20:09
AI/소프트웨어,클라우드 시장,"&quot;금융권 AI 보안 시장 잡는다&quot;…아톤, 글로벌 보안사와 세미나 개최","핀테크·보안 기업 아톤이 글로벌 보안 전문 기업들과 손잡고 금융권 인공지능(AI) 보안 시장 공략을... 옥타는 AI 에이전트 신원 확인 및 접근 권한 통제 방안을 발표했으며, 클라우드플레어는 외부 AI 서비스 활용 시... ",https://www.widedaily.com/news/articleView.html?idxno=301413,https://www.widedaily.com/news/articleView.html?idxno=301413,"Wed, 23 Sep 2026 09:42:00 +0900",2026-09-23 10:20:09
AI/소프트웨어,클라우드 시장,"망분리 완화 맞춤 보안…아톤, 금융권 전격 공략","망분리 규제 완화와 함께 클라우드와 SaaS(서비스형소프트웨어), AI 애플리케이션과 AI 에이전트까지 금융권... 우길수 아톤 대표이사는 &quot;금융권은 규제 요건과 실제 운영 환경을 동시에 충족해야 하는 시장으로 좋은... ",https://www.mt.co.kr/tech/2026/09/23/2026092309265212867,https://n.news.naver.com/mnews/article/008/0005417746?sid=105,"Wed, 23 Sep 2026 09:38:00 +0900",2026-09-23 10:20:09
AI/소프트웨어,클라우드 시장,"플래티어, ‘금융 테크 컨퍼런스 2026’서 금융권 AX 전략 제시","온프레미스와 클라우드 환경을 모두 지원하며, RBAC 기반 권한 관리와 PII 마스킹 등 보안·감사 기능도... 디지털 전환 통합(IDT) 부문에서 기업에 솔루션을 제공하고 있다. 2021년 8월 코스닥 시장에 상장했다.",https://www.sentv.co.kr/article/view/sentv202609230026,https://www.sentv.co.kr/article/view/sentv202609230026,"Wed, 23 Sep 2026 09:36:00 +0900",2026-09-23 10:20:09
AI/소프트웨어,클라우드 시장,"아톤, 옥타·클라우드플레어 손잡고 금융권 AI 보안 공략 확대","옥타는 AI 에이전트의 신원을 확인하고 접근 권한을 관리하는 방안을, 클라우드플레어는 외부 AI 서비스 이용... 우길수 아톤 대표는 &quot;금융권은 규제 요건과 실제 운영 환경을 동시에 충족해야 하는 시장으로 좋은 기술을... ",https://www.newsis.com/view/NISX20260923_0003801483,https://n.news.naver.com/mnews/article/003/0014209767?sid=105,"Wed, 23 Sep 2026 09:32:00 +0900",2026-09-23 10:20:09
AI/소프트웨어,클라우드 시장,[AI MY 뉴스] 23일 중국증시 '뉴욕발 AI 랠리 지속 기대...미중 정상회담...,"알리바바 클라우드는 2032년까지 글로벌 데이터센터 용량을 20GW 이상으로 확대한다는 계획도 제시했다.... 시장에서는 무역 긴장 완화와 AI 분야 대화 가능성에 주목하고 있지만, 구체적인 합의 여부는 아직 확인되지... ",https://www.newspim.com/news/view/20260923000232,https://www.newspim.com/news/view/20260923000232,"Wed, 23 Sep 2026 09:32:00 +0900",2026-09-23 10:20:09
AI/소프트웨어,클라우드 시장,"[특징주] 양자암호·컴퓨터株, 장 초반 강세… 증권가 “AI 보안 필수재...","최근 인공지능(AI) 기술이 고도화되면서 양자 보안 관련 시장의 관심이 급증한 영향으로 풀이된다. 이날... 관련주인 클라우드플레어, 팔로알토 네트웍스, 크라우드 스트라이크가 주목받고 있는데, 통신망의 구조를... ",https://biz.chosun.com/stock/stock_general/2026/09/23/INGJSH4RTVHALKF22WDRGQAKGQ/?utm_source=naver&utm_medium=original&utm_campaign=biz,https://n.news.naver.com/mnews/article/366/0001194118?sid=101,"Wed, 23 Sep 2026 09:32:00 +0900",2026-09-23 10:20:09
AI/소프트웨어,AI 반도체,교보자산운용 새출발…18년 합작 끝내고 ETF·퇴직연금 키운다,"해당 ETF는 SK그룹이 인공지능(AI)을 중심으로 미래 사업 포트폴리오를 재편하는 흐름에 투자하는 상품으로, 반도체와 데이터센터, 에너지 등 관련 계열사를 투자 대상으로 삼는다. 교보자산운용은 이를 시작으로... ",https://www.tfmedia.co.kr/news/article.html?no=207436,https://www.tfmedia.co.kr/news/article.html?no=207436,"Wed, 23 Sep 2026 10:14:00 +0900",2026-09-23 10:20:10
AI/소프트웨어,AI 반도체,"美中회담 앞서 만난 美日…다카이치, 트럼프에 '中 우려' 전달하며 사전...","중국의 경제적 압박과 인공지능(AI), 반도체, 핵심광물 등 주요 현안을 논의하며 미중 정상회담에 앞서 양국의 입장을 조율하는 성격이 강한 회담이었다. 23일 일본 총리실과 NHK 등에 따르면 다카이치 총리는 22일(현지시간)... ",http://www.wikileaks-kr.org/news/articleView.html?idxno=192395,http://www.wikileaks-kr.org/news/articleView.html?idxno=192395,"Wed, 23 Sep 2026 10:14:00 +0900",2026-09-23 10:20:10
AI/소프트웨어,AI 반도체,국민성장 초장기펀드 위탁운용사 숏리스트 14곳 선정,"초장기기술투자펀드는 인공지능(AI), 반도체, 바이오 등 장기간 연구개발이 필요한 기술 분야에 투자하는 펀드다. 일반 벤처펀드보다 긴 투자 기간을 활용해 기술기업의 성장 단계에 맞춰 자금을 공급하는 것이... ",https://www.hankyung.com/article/202609232876r,https://n.news.naver.com/mnews/article/015/0005335550?sid=101,"Wed, 23 Sep 2026 10:11:00 +0900",2026-09-23 10:20:10
AI/소프트웨어,AI 반도체,"글로벌웨이퍼스, 14억3200만달러 GDR 발행",글로벌웨이퍼스는 앞서 인공지능(AI)과 고성능컴퓨팅(HPC) 수요가 반도체 시장의 구조적 성장을 이끌고 있다고 밝혔다. 회사의 2분기 발표에서는 미국·일본 등 주요 생산 거점의 증설과 고객 인증이 진행... ,https://www.tokenpost.kr/news/breaking/412541,https://www.tokenpost.kr/news/breaking/412541,"Wed, 23 Sep 2026 10:10:00 +0900",2026-09-23 10:20:10
AI/소프트웨어,AI 반도체,"트럼프 만난 다카이치, 미중 정상회담 앞두고 &quot;미일 동맹 강력함 보여줘...","또 두 정상은 인공지능(AI), 반도체, 주요 광물 등의 분야에서 경제안보 협력이 진전되고 있다고 평가하며 협력을 한층 강화하기로 했다. 미일 관세 합의의 착실한 이행을 위해 협력하기로 뜻을 모았고, 환율 문제도 의제에... ",https://www.hankookilbo.com/news/article/A2026092308330002670?did=NA,https://n.news.naver.com/mnews/article/469/0000955682?sid=104,"Wed, 23 Sep 2026 10:09:00 +0900",2026-09-23 10:20:10
AI/소프트웨어,AI 반도체,"다카이치 日 총리, 트럼프와 회담...&quot;中 수출규제 공동 대응 재확인&quot;","이날 교도통신에 따르면, 미일 정상은 회담에서 중국의 수출 규제를 염두에 두고 인공지능(AI)·반도체 및 희토류를 포함한 핵심 광물 분야에서 협력을 한층 강화하기로 합의했다. 또 중국과 북한을 포함한 인도·태평양... ",http://www.opinionnews.co.kr/news/articleView.html?idxno=144830,http://www.opinionnews.co.kr/news/articleView.html?idxno=144830,"Wed, 23 Sep 2026 10:08:00 +0900",2026-09-23 10:20:10
AI/소프트웨어,AI 반도체,"한투운용, 한가위 맞아 ‘홍동백서’ ETF 4종 추천… “반도체부터 연금...","붉은색 상승 랠리를 뜻하는 ‘홍(紅)’에는 ‘ACE AI반도체TOP3+’ ETF가 이름을 올렸다. 한국거래소에 따르면 전날 기준 이 상품 수익률은 연초 이후 131.20%, 최근 1년 기준 232.00%로 레버리지 상품을 제외한 ACE ETF... ",https://www.sedaily.com/article/20094371?ref=naver,https://n.news.naver.com/mnews/article/011/0004664875?sid=101,"Wed, 23 Sep 2026 10:08:00 +0900",2026-09-23 10:20:10
AI/소프트웨어,AI 반도체,첫 방한 드러켄밀러 &quot;한국 기업 더 찾겠다&quot;…원익·두산·삼성 방문,특히 AI 반도체 공급망의 병목을 해소할 수 있는 반도체 소재·장비 기업에 관심을 보인 것으로 전해졌다. 또 원전과 가스터빈 등 에너지 산업과 AI 반도체용 소재 분야도 주요 관심 대상으로 거론했다. 드러켄밀러 회장은... ,https://news.tvchosun.com/site/data/html_dir/2026/09/23/2026092390083.html,https://n.news.naver.com/mnews/article/448/0000641017?sid=101,"Wed, 23 Sep 2026 10:07:00 +0900",2026-09-23 10:20:10
로봇/자율주행,로봇 주가,원화 강세 국면에 갈린 명암…자동차 울고 항공 웃고,"주가를 끌어올리던 로봇 사업도 보스턴다이내믹스의 기업공개(IPO) 지연 우려로 기대가 한풀 꺾였다. 항공 역시 환율 외에 국제유가 안정, 여객 수요 회복, 대한항공·아시아나항공 통합 기대가 상승에 힘을 보탰다.... ",https://www.imaeil.com/page/view/2026092309381751175,https://n.news.naver.com/mnews/article/088/0001030221?sid=101,"Wed, 23 Sep 2026 10:05:00 +0900",2026-09-23 10:20:11
로봇/자율주행,로봇 주가,"SK증권 &quot;티로보틱스, 3분기 흑전 예상…진공로봇·ESS AMR 회복&quot;",투자의견과 목표주가는 제시하지 않았다. 허선재 SK증권 연구원은 &quot;3분기 진공로봇 출하 회복과 포드 에너지향 ESS AMR 매출 인식으로 실적 턴어라운드가 예상된다&quot;고 분석했다. 티로보틱스는 디스플레이·반도체용... ,https://www.financialpost.co.kr/news/articleView.html?idxno=277179,https://www.financialpost.co.kr/news/articleView.html?idxno=277179,"Wed, 23 Sep 2026 09:48:00 +0900",2026-09-23 10:20:11
로봇/자율주행,로봇 주가,"티로보틱스, 진공로봇 회복·휴머노이드 상용화로 실적 턴어라운드 본격...",SK증권이 티로보틱스가 진공로봇 출하 회복과 포드에너지향 에너지저장장치(ESS) 물류로봇 수주 확대에... 투자의견과 목표주가는 따로 제시하지 않았다. 허선재 SK증권 연구원은 &quot;티로보틱스는 지난 1분기 고객사... ,https://www.mt.co.kr/stock/2026/09/23/2026092309404346282,https://n.news.naver.com/mnews/article/008/0005417754?sid=101,"Wed, 23 Sep 2026 09:45:00 +0900",2026-09-23 10:20:11
로봇/자율주행,로봇 주가,[1% 초고수의 개장 선택] '로보티즈' 사고 '한미약품' 줄였다,AI를 소프트웨어 영역에만 국한하지 않고 실제 로봇의 움직임과 작업 수행으로 확장하는 '피지컬AI' 시장이 커질수록 액추에이터 수요도 함께 증가할 수 있다는 기대가 반영된 것으로 풀이된다. 다만 현재 주가에는... ,https://www.ebn.co.kr/news/articleView.html?idxno=1725493,https://www.ebn.co.kr/news/articleView.html?idxno=1725493,"Wed, 23 Sep 2026 09:40:00 +0900",2026-09-23 10:20:11
로봇/자율주행,로봇 주가,"SK證 &quot;티로보틱스, 휴머노이드 신사업·포드에너지 매출 인식으로 내년...",투자의견과 목표주가는 제시하지 않았다. 허선재 SK증권 연구원은 &quot;티로보틱스는 지난 1분기 고객사 투자 공백으로 부진했으나 3분기부터 BOE 등 중화권 패널업체 향 출하가 급증하며 올해 연간 진공로봇 매출은 약... ,https://www.irobotnews.com/news/articleView.html?idxno=48651,https://www.irobotnews.com/news/articleView.html?idxno=48651,"Wed, 23 Sep 2026 09:26:00 +0900",2026-09-23 10:20:11
로봇/자율주행,로봇 주가,"코스피, 반도체주 강세에 1%대 상승…7153.99 출발[개장시황]","시가총액 상위 종목 가운데서는 로봇과 반도체 관련주가 강세다. 로보티즈(3.83%), 원익IPS(3.07%), 레인보우로보틱스(2.74%), 심텍(2.16%) 등이 오르고 있으며 리노공업은 0.40% 하락세다.",https://www.newsway.co.kr/news/view?ud=2026092309121404730,https://www.newsway.co.kr/news/view?ud=2026092309121404730,"Wed, 23 Sep 2026 09:18:00 +0900",2026-09-23 10:20:11
로봇/자율주행,로봇 주가,"'연전연승' 대신증권, 하반기 IPO 시장에 온기 불어넣나","상장 이후 양호한 주가 흐름을 보이는 주관 기업까지 나오면서 한풀 꺾였던 공모주 투자심리에 온기도... 대신증권은 현재 디티에스와 에이엘로봇, 이에스티와 다비오의 증권신고서를 제출했다. 이들 중 다수가 무난하게... ",https://www.the-stock.kr/news/articleView.html?idxno=33433,https://www.the-stock.kr/news/articleView.html?idxno=33433,"Wed, 23 Sep 2026 09:12:00 +0900",2026-09-23 10:20:11
로봇/자율주행,로봇 주가,&quot;추석 변동성에 흔들리지 말아야&quot;…3분기 반도체 실적 변수,한지영 키움증권 연구원은 &quot;실적 발표 전까지 금리 상승에 대한 주가 내성이 유지되는 경로를 우선순위로... 장비·로봇 중심으로 형성되는 중이고 수급 요건은 아직 채우지 못했다고 진단이다. 나승두 SK증권... ,https://weekly.hankooki.com/news/articleView.html?idxno=7185597,https://weekly.hankooki.com/news/articleView.html?idxno=7185597,"Wed, 23 Sep 2026 09:00:00 +0900",2026-09-23 10:20:11
로봇/자율주행,로봇 주가,"티로보틱스, 진공로봇·AMR 성장세…산업형 휴머노이드 내년 공급 전망",투자의견과 목표주가는 제시하지 않았다. 티로보틱스 로고. [사진=티로보틱스] 티로보틱스의 주력 제품은 디스플레이와 반도체 공정에 사용되는 진공로봇과 자율이동로봇(AMR)이다. SK증권에 따르면 올해 1분기에는... ,http://www.thevaluenews.co.kr/news/view.php?idx=201845,http://www.thevaluenews.co.kr/news/view.php?idx=201845,"Wed, 23 Sep 2026 09:00:00 +0900",2026-09-23 10:20:11
로봇/자율주행,로봇 주가,"SK증권 “티로보틱스, 3Q 6개 분기 만에 흑전…휴머노이드 사업도 본격...",투자의견과 목표주가는 제시하지 않았다. 이날 SK증권 ‘티로보틱스-실적 턴어라운드 + 휴머노이드 사업 시작’ 보고서에 따르면 티로보틱스의 주력 제품은 디스플레이·반도체용 진공로봇과 AMR이다. 주요... ,https://www.etoday.co.kr/news/view/2628887,https://www.etoday.co.kr/news/view/2628887,"Wed, 23 Sep 2026 08:46:00 +0900",2026-09-23 10:20:11
로봇/자율주행,로봇 주가,'현대차=로봇 대장주'라더니…증권사 리포트 믿을 수 있겠나 [이슈체크...,결국 증권사들의 목표주가가 로봇 사업의 본질적인 가치보다 당시 시장의 기대감과 주가 흐름에 더 민감하게 움직인 것 아니냐는 의문이 남을 수밖에 없습니다.다만 모든 증권사가 같은 흐름을 보인 것은 아닙니다. 로봇... ,https://news.mtn.co.kr/news-detail/2026092209082560182,https://news.mtn.co.kr/news-detail/2026092209082560182,"Wed, 23 Sep 2026 08:34:00 +0900",2026-09-23 10:20:11
로봇/자율주행,로봇 주가,"티로보틱스, 정부 '국산 로봇 도입 확대' 수혜…&quot;새만금 피지컬 AI 클러...",지난해 연간 별도 기준 제품별 매출 비중은 △진공로봇 86.2%(337억원) △AMR 10.9%(42억원) △기타 2.9%(12억원)를 기록했다. 허선재 SK증권 연구원은 &quot;동사의 주가는 올해 1월 고점 3만1700원 대비 58% 하락했다&quot;며 &quot;북미... ,http://www.newsprime.co.kr/news/article.html?no=748818,http://www.newsprime.co.kr/news/article.html?no=748818,"Wed, 23 Sep 2026 08:32:00 +0900",2026-09-23 10:20:11
로봇/자율주행,로봇 주가,[기업이슈] 미 CPU주 급등에 '기판주' 불붙었다,"◇ 미 CPU주 급등에 '기판주' 불붙었다 뉴욕 증시에서 중앙처리장치(CPU) 관련주가 급등한 하면서, 국내... 또 LG전자는 로봇이나 자율주행 같은 '피지컬 AI' 모델을 개발하고 학습시키는 속도를 높이기 위해, MS의 고성능... ",https://biz.sbs.co.kr/article_hub/20000336395?division=NAVER,https://n.news.naver.com/mnews/article/374/0000534513?sid=101,"Wed, 23 Sep 2026 08:28:00 +0900",2026-09-23 10:20:11
로봇/자율주행,로봇 주가,"[클릭 e종목]&quot;티로보틱스, 진공로봇·ESS·휴머노이드 '삼각편대'…2027년...","투자의견과 목표주가는 제시하지 않았다. 티로보틱스는 디스플레이와 반도체 공정에 사용되는 진공로봇과 자율이동로봇(AMR)을 주력으로 생산한다. 주요 고객사로는 미국 A사와 삼성디스플레이, LG디스플레이, BOE... ",https://view.asiae.co.kr/article/2026092308242769454,https://n.news.naver.com/mnews/article/277/0005820255?sid=101,"Wed, 23 Sep 2026 08:24:00 +0900",2026-09-23 10:20:11
로봇/자율주행,로봇 주가,"SK증권 &quot;티로보틱스, 내년 이익 성장 본격화&quot;",투자의견과 목표주가는 제시하지 않았다. 허선재 SK증권 연구원은 &quot;티로보틱스는 지난 1분기 고객사 투자 공백으로 부진했으나 3분기부터 BOE 등 중화권 패널업체 향 출하가 급증하며 올해 연간 진공로봇 매출은 약... ,https://www.cstimes.com/news/articleView.html?idxno=721787,https://www.cstimes.com/news/articleView.html?idxno=721787,"Wed, 23 Sep 2026 08:24:00 +0900",2026-09-23 10:20:11
로봇/자율주행,로봇 주가,"노타, 글로벌 반도체 협력 속 로보틱스 영역 확장","기업들의 주가가 상승하고 있다. AI 소프트웨어와 반도체를 연결하는 기술력을 보유한 국내 기업들에... 로봇과 산업장비, 스마트 인프라가 스스로 주변 환경을 인식하고 판단하기 위해서는 제한된 하드웨어... ",https://www.cstimes.com/news/articleView.html?idxno=721778,https://www.cstimes.com/news/articleView.html?idxno=721778,"Wed, 23 Sep 2026 08:14:00 +0900",2026-09-23 10:20:11
로봇/자율주행,로봇 주가,나스닥 또 사상 최고치…美 증시 혼조 속 반도체주 강세[뉴스새벽배송],샌디스크가 6.82% 급등했고 마이크론도 5% 상승하는 등 반도체주가 강세를 보이며 지수 상승을 견인. -메타의... 美 의원 “AI·로봇에도 세금 부과해야” -로 카나 미국 민주당 하원의원이 자율형 인공지능(AI)과 로봇에... ,https://www.edaily.co.kr/News/Read?newsId=02538726645583072&mediaCodeNo=257&utm_source=naver&utm_medium=referral&utm_campaign=news_syndication&utm_content=original_article,https://n.news.naver.com/mnews/article/018/0006374725?sid=101,"Wed, 23 Sep 2026 08:04:00 +0900",2026-09-23 10:20:11
로봇/자율주행,자율주행 산업,"홍지선 &quot;주택공급, 계획·숫자에 머물러선 안 돼…착공·입주까지 챙길...","미래 산업 육성에도 힘을 싣겠다는 방침이다. 홍 장관은 자율주행과 UAM, 이동로봇 등 미래 모빌리티를 선도하고, 건설산업에는 AI와 첨단기술을 접목해 새로운 성장산업으로 키울 예정이다. 그는 또 경기도 재직 경험을... ",https://www.news1.kr/realestate/general/6300018,https://n.news.naver.com/mnews/article/421/0009188229?sid=102,"Wed, 23 Sep 2026 10:18:00 +0900",2026-09-23 10:20:11
로봇/자율주행,자율주행 산업,홍지선 국토장관 &quot;주거 안정에 정책 역량 집중&quot;,"자율주행과 UAM, 이동로봇 등 미래 모빌리티 선도와 AI와 첨단기술을 입힌 건설산업도 새로운 성장산업으로 키워나갈 계획이다. 이밖에도 &quot;건설현장의 부실시공과 불법하도급을 근절하고, 도로·철도·항공의 위험요인을... ",https://www.fnnews.com/news/202609230943219198,https://n.news.naver.com/mnews/article/014/0005580184?sid=101,"Wed, 23 Sep 2026 10:18:00 +0900",2026-09-23 10:20:11
로봇/자율주행,자율주행 산업,'자체 두뇌'로 수억㎞ 달리는 美·中 … 韓 자율주행은 실증도 학습도 ...,◇489억원 AI 개발·3000대 실증 … '한국형 모델'은 뭐길래 정부도 자율주행 AI 개발을 지원하고 있다. 산업부는 지난해부터 2028년까지 489억원 규모의 AI 미래차 사업을 통해 자율주행 AI 모델과 자율제어 소프트웨어... ,https://biz.newdaily.co.kr/site/data/html/2026/09/23/2026092300063.html,https://biz.newdaily.co.kr/site/data/html/2026/09/23/2026092300063.html,"Wed, 23 Sep 2026 10:12:00 +0900",2026-09-23 10:20:11
로봇/자율주행,자율주행 산업,"현대로템, 독일 이노트란스서 차세대 고속철·수소전기트램 공개",자율주행 기술을 공개한다. 현대로템은 22일부터 25일까지 독일 베를린에서 열리는 제15회 베를린 국제 철도차량·수송기술 박람회에 참가한다고 23일 밝혔다. 이노트란스는 1996년부터 격년으로 열리는 철도산업... ,https://www.businessplus.kr/news/articleView.html?idxno=117279,https://www.businessplus.kr/news/articleView.html?idxno=117279,"Wed, 23 Sep 2026 10:04:00 +0900",2026-09-23 10:20:11
로봇/자율주행,자율주행 산업,"딥엑스, ‘CES 2027 미디어 이벤트’ 참석…한국기업 대표로 피지컬 AI 논...","행사에서는 AI 확산에 따른 안전·프라이버시와 산업 발전 간 균형, 피지컬 AI의 부상 등이 논의됐다. 김... CTA는 이날 자율주행 기업 웨이모의 테케드라 마와카나 공동대표를 CES 2027 기조연설자로 발표했다.... ",https://biz.chosun.com/it-science/ict/2026/09/23/RNWNLGGO3FDHZCV744ZOAEGEEE/?utm_source=naver&utm_medium=original&utm_campaign=biz,https://n.news.naver.com/mnews/article/366/0001194129?sid=105,"Wed, 23 Sep 2026 09:59:00 +0900",2026-09-23 10:20:11
로봇/자율주행,자율주행 산업,메가특구법 저지 공동행동 발족 &quot;소수 대기업에 자원·예산·인력 갖다...,"오직 '빠른 산업단지 건설'만을 위한 것으로 우리 사회 환경과 교통, 방재 등에 치명적인 악영향을 끼치게 될... 면제나 자율주행의 개인정보 이용 규제 완화와 같은 안전과 개인정보 보호 조치를 우회하는 조항도 포함될... ",https://www.pressian.com/pages/articles/2026092217131332176?utm_source=naver&utm_medium=search,https://n.news.naver.com/mnews/article/002/0002458089?sid=102,"Wed, 23 Sep 2026 09:58:00 +0900",2026-09-23 10:20:11
로봇/자율주행,자율주행 산업,자율주행·로봇 학습할 AI 두뇌... 현대차그룹 새만금 데이터센터 건축...,새만금청은 건축심의가 마무리되는 대로 결과를 반영해 연내 건축허가와 산업단지 입주 관련 절차까지 마친다는 계획이다.현대차그룹의 새만금 투자는 AI 데이터센터를 중심으로 자율주행과 로봇 등 미래 모빌리티... ,https://www.insight.co.kr/news/574953,https://www.insight.co.kr/news/574953,"Wed, 23 Sep 2026 09:48:00 +0900",2026-09-23 10:20:11
로봇/자율주행,자율주행 산업,"현대로템, 차세대 고속철도 ‘EMU-370’ 디자인 최초 공개",모빌리티 산업에서 주목하는 고객지향적인 디자인을 도입했다. 외장 디자인에는 속도의 한계를 극복하기... 피지컬AI(인공지능) 자율주행 기술을 결합한 수소전기트램의 디오라마(축소모형)도 선보인다.... ,https://www.thebigdata.co.kr/view.php?ud=202609230924294353570d99e4c8_23,https://www.thebigdata.co.kr/view.php?ud=202609230924294353570d99e4c8_23,"Wed, 23 Sep 2026 09:46:00 +0900",2026-09-23 10:20:11
로봇/자율주행,자율주행 산업,"딥엑스, CES 2027 앞두고 '피지컬 AI' 강조…글로벌 적용 사례 공개 예고",무대에서 자율주행의 안전성과 사업 확장 전략을 소개할 예정이다. 글로벌 완성차 기업 스텔란티스도 기조연설에 나선다. 딥엑스는 CES 2027에서 글로벌 고객사의 실제 제품과 산업 적용 사례를 공개할 계획이다.... ,http://www.popcornnews.net/news/articleView.html?idxno=134007,http://www.popcornnews.net/news/articleView.html?idxno=134007,"Wed, 23 Sep 2026 09:44:00 +0900",2026-09-23 10:20:11
로봇/자율주행,자율주행 산업,"현대로템, 현대차와 빚은 '차세대 고속열차' 독일서 첫선",발생 시 차량용 AI 폐쇄회로 화면이 관제 센터와 즉각 연동되도록 구현했다. 현대로템 관계자는 차세대 고속차량과 지능형 자율주행 기술을 앞세워 글로벌 철도 산업이 나아가야 할 새로운 표준을 제시하겠다고 밝혔다.,https://www.widedaily.com/news/articleView.html?idxno=301414,https://www.widedaily.com/news/articleView.html?idxno=301414,"Wed, 23 Sep 2026 09:44:00 +0900",2026-09-23 10:20:11
로봇/자율주행,자율주행 산업,"현대로템, 독일 '이노트란스 2026'서 차세대 고속철·수소 모빌리티 공개",단순 제조 역량을 넘어 자율주행과 친환경 에너지 기술을 통합한 차세대 모빌리티 경쟁력을 글로벌 시장에... 현대자동차그룹 남양연구소 현대디자인센터와의 협업을 통해 제작된 해당 모델은 자동차 산업의 정밀한... ,http://www.newsdream.kr/news/articleView.html?idxno=118811,http://www.newsdream.kr/news/articleView.html?idxno=118811,"Wed, 23 Sep 2026 09:32:00 +0900",2026-09-23 10:20:11
로봇/자율주행,자율주행 산업,"현대로템, 獨 철도 박람회 참가…차세대 기술력 공개",모빌리티 산업에서 주목하는 고객지향적인 디자인을 도입했다. 외장 디자인에는 속도의 한계를 극복하기... 피지컬AI 자율주행 기술을 결합한 수소전기트램의 디오라마(축소모형)도 선보인다. 디오라마에는 운행 전... ,https://www.edaily.co.kr/News/Read?newsId=02804406645583072&mediaCodeNo=257&utm_source=naver&utm_medium=referral&utm_campaign=news_syndication&utm_content=original_article,https://n.news.naver.com/mnews/article/018/0006374789?sid=101,"Wed, 23 Sep 2026 09:27:00 +0900",2026-09-23 10:20:11
로봇/자율주행,자율주행 산업,"“운송 수단서 ‘프리미엄 모빌리티’로”…현대로템, 현대차와 빚은 차...",철도 산업의 새로운 패러다임을 제시했다. 현대로템은 22일(현지시간)부터 나흘간 독일 베를린에서 열리는... 있는 '완전 자율 주행 트램' 상용화를 이끌겠다는 방침이다. 이 밖에도 수소 연료 전지 모듈·수소 전기... ,https://www.ekn.kr/web/view.php?key=20260923027418416,https://www.ekn.kr/web/view.php?key=20260923027418416,"Wed, 23 Sep 2026 09:24:00 +0900",2026-09-23 10:20:11
로봇/자율주행,자율주행 산업,"[LG 인사 전망]② 백승태는 HS 첫해, 김태훈은 AI클라우드… 부사장·전...",반면 자체 반도체와 자율주행 센싱은 아직 기술 개발과 시장 확대가 진행 중이다. 올해 말 다시 인사가... 당시 LG전자는 데이터센터와 원전 등 산업용 냉각솔루션을 맡는 조직을 만들고 해외영업과 M&amp;A 기능도... ,https://www.newsclaim.co.kr/news/articleView.html?idxno=3076361,https://www.newsclaim.co.kr/news/articleView.html?idxno=3076361,"Wed, 23 Sep 2026 09:18:00 +0900",2026-09-23 10:20:11
로봇/자율주행,자율주행 산업,"현대로템, 獨 이노트란스서 차세대 고속철 첫 공개…현대차 디자인 협업",수소전기트램 자율주행 기술을 선보인다. 기존 철도차량의 제작·설계 역량을 넘어 승객 중심 디자인과... 이노트란스는 1996년부터 격년으로 개최되는 글로벌 철도산업 박람회다. 2024년 행사에는 59개국 2900여 개 기업과... ,http://www.popcornnews.net/news/articleView.html?idxno=133988,http://www.popcornnews.net/news/articleView.html?idxno=133988,"Wed, 23 Sep 2026 09:16:00 +0900",2026-09-23 10:20:11
로봇/자율주행,자율주행 산업,"인제대·경남도·도의회, 글로컬 성공 위해 힘 모은다","대학은 사업으로 구축한 교육·실습시설과 장비 활용 현황, 지역산업 연계 교육과 산학협력 사례를 소개했다.... 일강원 앞 광장에서는 미래모빌리티 분야 자율주행자동차와 자작자동차 시연을 보고, 도의원들이... ",https://www.knnews.co.kr/news/articleView.php?idxno=1551576,https://www.knnews.co.kr/news/articleView.php?idxno=1551576,"Wed, 23 Sep 2026 09:06:00 +0900",2026-09-23 10:20:11
로봇/자율주행,자율주행 산업,"현대로템, 독일 철도 박람회서 차세대 기술력 공개",모빌리티 산업에서 주목하는 고객지향적인 디자인을 도입했다. 외장 디자인에는 속도의 한계를 극복하기... 피지컬AI 자율주행 기술을 결합한 수소전기트램의 디오라마(축소모형)도 선보인다. 디오라마에는 운행 전... ,http://mcnews.co.kr/86692,http://mcnews.co.kr/86692,"Wed, 23 Sep 2026 09:04:00 +0900",2026-09-23 10:20:11
로봇/자율주행,휴머노이드 로봇,방미 시진핑 손에 쥔 희토류 카드...1위 기업은 50% 증설중,"이 자석은 전기차 구동모터와 변속형 에어컨, 풍력발전기, 산업용 모터 등에 사용되며 최근에는 휴머노이드 로봇으로 적용 영역이 확대되고 있다. 진리융츠는 2024년 희토류 영구자석 소재의 생산·판매량 기준 세계... ",https://www.ajunews.com/view/20260923095116114,https://www.ajunews.com/view/20260923095116114,"Wed, 23 Sep 2026 10:00:00 +0900",2026-09-23 10:20:12
로봇/자율주행,휴머노이드 로봇,"'경비·수송은 휴머노이드가'...日 자위대, AI 로봇 도입 추진",일본 정부가 인공지능 AI를 탑재한 휴머노이드 로봇을 자위대 기지 경비와 물자 수송 등 지원 임무에 활용하기 위한 연구에 본격 착수한다. 23일 교도통신에 따르면 일본 정부는 AI를 활용해 로봇을 자율적으로... ,https://www.ppss.kr/news/articleView.html?idxno=312249,https://www.ppss.kr/news/articleView.html?idxno=312249,"Wed, 23 Sep 2026 09:53:00 +0900",2026-09-23 10:20:12
로봇/자율주행,휴머노이드 로봇,"한국로봇산업진흥원, 체코에 첨단로봇 협력거점 열고 유럽 진출 지원 본...","모바일 휴머노이드 공동연구도 추진 중이다. 한편, 22일에는 체코 진출 한국기업을 대상으로 로봇 도입 지원사업 설명회와 기업 교류 행사를 개최했다. 이날은 현대자동차, 넥센타이어, 성우하이텍... ",https://www.irobotnews.com/news/articleView.html?idxno=48650,https://www.irobotnews.com/news/articleView.html?idxno=48650,"Wed, 23 Sep 2026 09:32:00 +0900",2026-09-23 10:20:12
로봇/자율주행,휴머노이드 로봇,"경주시, 시민과 함께 AI·AX 대전환","행사장에서는 ‘경주로ON’, 경주XR버스, AI 가상융합 콘텐츠 체험과 휴머노이드 로봇 시연 등도 진행됐다. 주낙영 시장은 “시민과 전문가가 함께 경주의 AI 미래를 논의하고 이를 실행할 협력체계를 마련했다”며... ",https://www.hankyung.com/article/202609232748h,https://n.news.naver.com/mnews/article/015/0005335512?sid=102,"Wed, 23 Sep 2026 09:28:00 +0900",2026-09-23 10:20:12
로봇/자율주행,휴머노이드 로봇,"日, 자위대 경비·수송에 '휴머노이드' 투입 검토","다만 적과 우군, 전투원과 비전투원 오인 위험 등을 고려해 무기를 탑재한 휴머노이드 로봇의 직접적인 전투 투입은 현 단계에서 고려하지 않고 있다. 연구는 방위성 방위장비청을 중심으로 추진된다. 일본 정부는 민간... ",https://www.yna.co.kr/view/AKR20260923041800009?input=1195m,https://n.news.naver.com/mnews/article/001/0016331593?sid=104,"Wed, 23 Sep 2026 09:26:00 +0900",2026-09-23 10:20:12
로봇/자율주행,휴머노이드 로봇,"경북도, 피지컬 AI 산업 지역거점 구축…P.AX 경상북도 비전 제시","경북도는 휴머노이드 등 AI 로봇 핵심기술과 부품·소프트웨어 기술자립, 실증·학습·양산 연계 생산 인프라 조성을 추진한다. 핵심부품·소프트웨어 신제품 80종 개발, 공급망 전환기업 150개사 육성, 제조 AX... ",http://www.metroseoul.co.kr/article/20260922500558,http://www.metroseoul.co.kr/article/20260922500558,"Wed, 23 Sep 2026 09:22:00 +0900",2026-09-23 10:20:12
로봇/자율주행,휴머노이드 로봇,"보스턴다이내믹스, 아틀라스 '로봇학교' 문 열었다",보스턴다이내믹스의 휴머노이드 로봇 아틀라스를 학습시키기 위한 '로봇 학교'가 문을 열었다. 22일 현대차그룹 로보틱스 계열사 보스턴다이내믹스에 따르면 미국 조지아주 현대차그룹 메타플랜트 아메리카에... ,https://www.kidshankook.kr/news/articleView.html?idxno=18347,https://www.kidshankook.kr/news/articleView.html?idxno=18347,"Wed, 23 Sep 2026 09:18:00 +0900",2026-09-23 10:20:12
로봇/자율주행,휴머노이드 로봇,"뉴욕서 K팝 춘 휴머노이드 16대…갤럭시코퍼레이션, '최용호 로봇'도 공...",갤럭시코퍼레이션이 유엔(UN) 세계 평화의 날을 맞아 미국 뉴욕에서 휴머노이드 로봇 17대를 공개했다. 갤럭시코퍼레이션은 지난 21일 뉴욕 타임스스퀘어와 록펠러센터에서 '원 월드. 원 피스.(ONE WORLD. ONE PEACE.)... ,https://view.asiae.co.kr/article/2026092309170574691,https://n.news.naver.com/mnews/article/277/0005820321?sid=103,"Wed, 23 Sep 2026 09:17:00 +0900",2026-09-23 10:20:12
로봇/자율주행,휴머노이드 로봇,"현대차 보스턴다이내믹스, 아틀라스 훈련센터 본격 가동",현대차그룹 자회사 보스턴다이내믹스가 최근 미국 조지아주 서배너에서 휴머노이드 로봇 '아틀라스(Atlas)'의 실전 훈련센터를 본격 가동했습니다. 보스턴다이내믹스는 현지시간 21일 현대차그룹 '메타플랜트... ,https://biz.sbs.co.kr/article_hub/20000336262?division=NAVER,https://n.news.naver.com/mnews/article/374/0000534520?sid=101,"Wed, 23 Sep 2026 09:17:00 +0900",2026-09-23 10:20:12
로봇/자율주행,휴머노이드 로봇,"&quot;티로보틱스, ESS용 AMR 수주 확대…내년 휴머노이드 공급 기대&quot; - SK증권",신규 사업인 휴머노이드 로봇도 성장 요인으로 제시했다. 티로보틱스는 과학기술정보통신부가 지원하는 피지컬 AI 기반 다크팩토리 실증 플랫폼 'KAIROS'에서 자체 개발한 산업형 휴머노이드 'TR-WORKS'의 현장... ,https://www.newspim.com/news/view/20260923000167,https://www.newspim.com/news/view/20260923000167,"Wed, 23 Sep 2026 09:02:00 +0900",2026-09-23 10:20:12
로봇/자율주행,휴머노이드 로봇,"[더벨][i-point] SK증권 &quot;티로보틱스, 휴머노이드 상용화로 성장 본격화...",허선재 SK증권 연구원은 &quot;진공로봇 출하 회복과 신규 ESS 고객사 확보에 더해 산업용 휴머노이드 공급까지 시작되면서 구조적인 외형 성장이 기대된다&quot;고 밝혔다. 티로보틱스는 디스플레이·반도체용 진공로봇과... ,https://www.thebell.co.kr/free/content/ArticleView.asp?key=202609230843366220101278,https://www.thebell.co.kr/free/content/ArticleView.asp?key=202609230843366220101278,"Wed, 23 Sep 2026 09:02:00 +0900",2026-09-23 10:20:12
로봇/자율주행,휴머노이드 로봇,뻔한 한우·굴비 말고…추석 선물도 '덕심' 전성시대,"편의점 이색 경쟁은 로봇으로까지 번져 CU는 3100만원 상당의 휴머노이드 로봇을, GS25는 감정 인식 '소셜로봇리쿠'(550만원)를 카탈로그에 올렸다. 현대백화점은 올해 처음으로 뷰티·리빙 상품을 도입하고 맞춤형 AI 쇼핑... ",https://news.tf.co.kr/read/economy/2368391.htm,https://n.news.naver.com/mnews/article/629/0000536448?sid=101,"Wed, 23 Sep 2026 09:00:00 +0900",2026-09-23 10:20:12
로봇/자율주행,휴머노이드 로봇,"[단독] 테슬라 옵티머스, 베를린 기가팩토리 등장…실전 운용 로봇학습...",불투명 유리 너머 실물 전시 '옵티머스 아카데미'로 현장 데이터 축적 착수  미국 테슬라(Tesla)의 휴머노이드 로봇 '옵티머스(Optimus)'가 독일 베를린 기가팩토리에서 포착됐다. 테슬라는 옵티머스를 실제 공정에... ,https://www.theguru.co.kr/news/article.html?no=107502,https://www.theguru.co.kr/news/article.html?no=107502,"Wed, 23 Sep 2026 08:54:00 +0900",2026-09-23 10:20:12
로봇/자율주행,휴머노이드 로봇,"현대차그룹, 휴머노이드 로봇 사업 가치 부각…RMAC 가동 주목-다올투자...",현대차그룹의 휴머노이드 로봇 사업이 실제 자동차 생산현장과 연계되면서 로봇 사업의 가치가 부각될 수 있다는 분석이 나왔다. 보스턴다이내믹스의 휴머노이드 로봇 '아틀라스(Atlas)'가 연구시설을 넘어 자동차... ,http://www.press9.kr/news/articleView.html?idxno=83219,http://www.press9.kr/news/articleView.html?idxno=83219,"Wed, 23 Sep 2026 08:48:00 +0900",2026-09-23 10:20:12
로봇/자율주행,드론 시장,"HS효성첨단소재, 美 CAMX서 탄소섬유 선봬",/ HS효성 | 서울=한스경제 김창수 기자 | HS효성첨단소재가 북미 최대 복합재료 전시회에서 초고강도 탄소섬유를 앞세워 우주항공과 드론 등 첨단산업 시장 공략에 나섰다. HS효성첨단소재는 지난 22일부터 24일까지... ,http://www.hansbiz.co.kr/news/articleView.html?idxno=867811,http://www.hansbiz.co.kr/news/articleView.html?idxno=867811,"Wed, 23 Sep 2026 10:16:00 +0900",2026-09-23 10:20:13
로봇/자율주행,드론 시장,리센느부터 하하&amp;스컬까지…백제문화제 라인업 공개,공연 후에는 1000대의 드론이 금강 밤하늘을 수놓는 드론라이팅쇼가 펼쳐진다. 7일 장애인 문화의 날... 9일부터 11일까지 아트센터 고마와 백제문화전당 일원에서 열리는 ‘제22회 전국우수시장박람회’ 연계 공연도... ,https://cc.newdaily.co.kr/site/data/html/2026/09/23/2026092300086.html,https://cc.newdaily.co.kr/site/data/html/2026/09/23/2026092300086.html,"Wed, 23 Sep 2026 10:16:00 +0900",2026-09-23 10:20:13
로봇/자율주행,드론 시장,"리센느·에일리·하이키... 공주 백제문화제, 인기가수 총출동","개막 공연의 마지막에는 1,000대의 드론이 금강 밤하늘을 수놓는 드론라이팅쇼도 예정돼 있다. 10월 7일... 전국우수시장박람회와 연계한 공연도 풍성하다. 10월 9일에는 이찬원, 설하윤, 허찬미, 이대환​이 출연하는... ",http://www.ccnnews.co.kr/news/articleView.html?idxno=415409,http://www.ccnnews.co.kr/news/articleView.html?idxno=415409,"Wed, 23 Sep 2026 10:14:00 +0900",2026-09-23 10:20:13
로봇/자율주행,드론 시장,"HS효성첨단소재, 북미 'CAMX 2026' 참가",특히 최근엔 이러한 범용 시장을 넘어 우주항공·방산·드론 등 미래 첨단산업으로도 적용 범위가 지속적으로 확대되는 추세다. 지난 2011년 HS효성첨단소재가 독자기술로 개발한 탄소섬유 '탄섬'은 철에 비해... ,https://www.cnbizm.com/news/articleView.html?idxno=316126,https://www.cnbizm.com/news/articleView.html?idxno=316126,"Wed, 23 Sep 2026 10:12:00 +0900",2026-09-23 10:20:13
로봇/자율주행,드론 시장,"HS효성첨단소재, 북미 복합재 전시회 참가…T-1000급 탄소섬유 전면에",자동차 등 기존 수요처를 넘어 항공·우주와 드론 등 고부가 시장으로 제품 적용 범위를 넓히는 데 초점을 맞췄다. HS효성첨단소재는 22일부터 24일까지 미국 애틀랜타에서 열리는 ‘CAMX 2026’에 참가한다고 23일... ,https://thetracker.co.kr/View.aspx?No=4239583,https://thetracker.co.kr/View.aspx?No=4239583,"Wed, 23 Sep 2026 10:10:00 +0900",2026-09-23 10:20:13
로봇/자율주행,드론 시장,"HS효성첨단소재, 美 'CAMX 2026' 참가…우주항공용 탄소섬유 기술 선봬",HS효성첨단소재가 미국에서 열리는 복합재료 전시회에 참가해 우주항공과 드론 등에 활용되는... 및 시장 동향을 공유하고 새로운 사업 기회를 모색할 수 있는 중요한 자리&quot;라며 &quot;고성능 탄소섬유 기술과... ,https://www.mdtoday.co.kr/news/articleView.html?idxno=616196,https://www.mdtoday.co.kr/news/articleView.html?idxno=616196,"Wed, 23 Sep 2026 10:10:00 +0900",2026-09-23 10:20:13
로봇/자율주행,드론 시장,"HS효성첨단소재, 'CAMX 2026' 참가…우주항공 품질 경쟁력 과시","HS효성첨단소재는 초고강도 탄소섬유 기술력을 바탕으로 항공우주와 방위산업 등 미래 첨단소재 시장... HS효성첨단소재는 이번 전시에서 3,000 가닥 수준의 3K 탄소섬유를 비롯해 드론 기체용 직물 및 복합재... ",http://www.newsdream.kr/news/articleView.html?idxno=118828,http://www.newsdream.kr/news/articleView.html?idxno=118828,"Wed, 23 Sep 2026 10:10:00 +0900",2026-09-23 10:20:13
로봇/자율주행,드론 시장,[공주소식] '백제문화제 '가수 공개… 리센느·백지영·허각 등 총출동,"수놓는 드론라이팅쇼가 펼쳐질 예정이다. 축제 기간 주요 공연으로는 △7일 장애인 문화의 날 '동행' 행사(김장훈) △8일 공주시 충남교향악단 정기연주회(백지영, 박종성) △9일 전국우수시장박람회 연계 콘서트(이찬원... ",https://daily.hankooki.com/news/articleView.html?idxno=1409308,https://daily.hankooki.com/news/articleView.html?idxno=1409308,"Wed, 23 Sep 2026 10:08:00 +0900",2026-09-23 10:20:13
로봇/자율주행,드론 시장,반도체소부장·변압기·케이블 등 대미 수출 유망,"북미 시장 내 AI 생태계 확산, 글로벌 제조사 공급망 재편, 뷰티·푸드·콘텐츠로 대표되는 K-컬처 붐 확산을... 반도체, 핵심광물, 방산, 드론 등에 이어 전력 기자재까지 공급망 보호 조치에 나선 것이다.미국에선 AI... ",https://weeklytrade.co.kr/news/view.html?section=1&category=3&item=&no=101514,https://weeklytrade.co.kr/news/view.html?section=1&category=3&item=&no=101514,"Wed, 23 Sep 2026 10:04:00 +0900",2026-09-23 10:20:13
로봇/자율주행,드론 시장,"공주시, 제72회 백제문화제 축하공연 및 가수 라인업 공개","공연의 클라이맥스에는 1,000대의 드론이 금강 하늘을 수놓는 환상적인 드론라이팅쇼가 펼쳐져 웅진백제의... 이어 10월 9일부터 11일까지 아트센터 고마와 백제문화전당 일원에서 동시 개최되는 '제22회 전국우수시장박람... ",http://www.newstown.co.kr/news/articleView.html?idxno=716740,http://www.newstown.co.kr/news/articleView.html?idxno=716740,"Wed, 23 Sep 2026 09:58:00 +0900",2026-09-23 10:20:13
로봇/자율주행,드론 시장,"전쟁에 무너진 중동 에너지망…美, 50억달러 재건안 제시",미사일과 드론 공격을 받았기 때문이다. 에너지 전문가와 당국자들은 시설 복구에 필요한 설계·건설·장비... 우회할 안전한 수송로를 얼마나 빨리 확보하느냐에 따라 중동 에너지 시장의 정상화 속도도 좌우할 전망이다.,https://www.hankyung.com/article/202609232878i,https://n.news.naver.com/mnews/article/015/0005335534?sid=101,"Wed, 23 Sep 2026 09:55:00 +0900",2026-09-23 10:20:13
로봇/자율주행,드론 시장,"제천소방서, 추석 연휴 특별경계근무 돌입","여기에 소방드론을 활용해 전통시장과 공원묘지, 산림인접지역 등을 공중에서 살피고, 확인된 위험요인은 지상 순찰대와 공유해 현장 조치로 이어지도록 할 계획이다. 특별경계근무 기간에는 재난 발생 시 관서장 중심의... ",https://www.ppss.kr/news/articleView.html?idxno=312264,https://www.ppss.kr/news/articleView.html?idxno=312264,"Wed, 23 Sep 2026 09:52:00 +0900",2026-09-23 10:20:13
로봇/자율주행,드론 시장,100억 전차를 수백만원 드론이 잡는다…'고가 무기' 시대 흔드는 현대전,"즉, 군용 시장만 바라보고 드론을 개발해서는 충분한 생산 규모를 확보하기 어렵다는 것이다. 드론에 들어가는 모터, 카메라, 비행제어장치, 반도체 등 핵심 부품 역시 상업시장에서 충분한 수요가 있어야 기업이... ",https://www.mhns.co.kr/news/articleView.html?idxno=761552,https://www.mhns.co.kr/news/articleView.html?idxno=761552,"Wed, 23 Sep 2026 09:42:00 +0900",2026-09-23 10:20:13
로봇/자율주행,드론 시장,"경주시, 제53회 신라문화제 준비상황 보고회…프로그램·안전 점검","'신라의 태동'을 주제로 이틀간 펼쳐지는 공연에는 드론과 불꽃, 미디어파사드 등을 활용한다.... 주낙영 경주시장은 &quot;신라문화제의 정체성은 살리면서 시민과 관광객이 함께 즐길 수 있는 완성도 높은 축제가 되도록... ",http://www.metroseoul.co.kr/article/20260922500560,http://www.metroseoul.co.kr/article/20260922500560,"Wed, 23 Sep 2026 09:22:00 +0900",2026-09-23 10:20:13
로봇/자율주행,드론 시장,[N2 포커스] 미국 방산주 거래대금 상위 7개 종목… 전투기부터 드론·우...,"마켓비트의 7개 종목은 방산 시장의 관심사가 전투기·미사일에서 우주, 드론, 엔진과 부품 공급망까지 이어진다는 점을 보여준다. 다만 거래대금은 시장의 관심을 나타낼 뿐이다. 각 기업의 방산 사업이 실적에 얼마나... ",https://www.news2day.co.kr/article/20260923500102,https://www.news2day.co.kr/article/20260923500102,"Wed, 23 Sep 2026 09:14:00 +0900",2026-09-23 10:20:13
로봇/자율주행,드론 시장,"밀양나노융합국가산단, 미래산업 성장거점으로 도약","밀양시(시장 안병구)가 밀양나노융합국가산업단지의 준공인가와 산업시설용지 분양률 50% 돌파를 계기로... 시는 이를 발판 삼아 반도체 소재·부품, 첨단소재, 수소·미래모빌리티, 방위산업, 드론 등 성장 잠재력이... ",https://www.onews.tv/news/articleView.html?idxno=287821,https://www.onews.tv/news/articleView.html?idxno=287821,"Wed, 23 Sep 2026 09:06:00 +0900",2026-09-23 10:20:13
로봇/자율주행,드론 시장,"코트라, 북미 수출·투자 다변화 추진…AI·K소비재 기회 공략","북미 시장 내 AI 생태계 확산, 글로벌 제조사 공급망 재편, 뷰티·푸드·콘텐츠로 대표되는 K컬처 붐 확산을... 반도체, 핵심광물, 방산, 드론 등에 이어 전력 기자재까지 공급망 보호 조치에 나선 것이다. 소비재... ",https://www.edaily.co.kr/News/Read?newsId=02719126645583072&mediaCodeNo=257&utm_source=naver&utm_medium=referral&utm_campaign=news_syndication&utm_content=original_article,https://n.news.naver.com/mnews/article/018/0006374768?sid=101,"Wed, 23 Sep 2026 09:02:00 +0900",2026-09-23 10:20:13
로봇/자율주행,드론 시장,"젤렌스키, 트럼프 ‘러 정유시설 타격 중지’ 조건부 수용…“푸틴도 멈...",러시아와 우크라이나가 상대 에너지 시설을 잇달아 타격하면서 국제 에너지 시장의 불안이 커지고 있다는... 미사일과 드론 공격을 이어갔다. 관건은 러시아의 호응 여부다. 트럼프 대통령은 앞서 양국이 서로 에너지... ,https://www.dailian.co.kr/news/view/1693848/?sc=Naver,https://n.news.naver.com/mnews/article/119/0003135844?sid=104,"Wed, 23 Sep 2026 09:01:00 +0900",2026-09-23 10:20:13
게임/엔터,게임 주가,"NH투자 &quot;네오위즈 목표주가 하향, 신작 공백기 2027년 상반기까지&quot;",&lt;네오위즈&gt; 직전 거래일인 22일 네오위즈 주가는 1만7720원에 거래를 마쳤다. 네오위즈의 신작 공백기는 2027년 상반기까지 이어질 것으로 전망됐다. 지난 8월5일 선보인 다중접속역할수행게임(MMORPG) 신작 '킹덤2'는... ,https://www.businesspost.co.kr/BP?command=article_view&num=447889,https://www.businesspost.co.kr/BP?command=article_view&num=447889,"Wed, 23 Sep 2026 10:08:00 +0900",2026-09-23 10:20:14
게임/엔터,게임 주가,[모닝 브리핑] 메타 '뮤즈'의 깜짝 흥행... 나스닥 신고점 뒤에 숨은 빅...,이 여파로 반도체주가 일제히 폭등했다. 샌디스크(SanDisk)가 6.8% 치솟았고 마이크론 테크놀로지(Micron... ◈ 저가 모델 대량 공세와 빅테크의 7400억 달러 치킨게임 AI 소프트웨어 진영에서는 비용 장벽을 무너뜨리는... ,http://www.ttlnews.com/news/articleView.html?idxno=3146722,http://www.ttlnews.com/news/articleView.html?idxno=3146722,"Wed, 23 Sep 2026 09:40:00 +0900",2026-09-23 10:20:14
게임/엔터,게임 주가,“수익에 눈 멀어 위험한 레버리지 ETF 판매… 韓 ‘금융문맹’ 증거”...,"기업의 주인이 된다는 철학만 제대로 박혀 있다면 무조건 개인이 유리한 게임이다.” ―그렇다면 개인... 주식은 기업의 주인이 돼 기업과 함께 성장하는 것이지, 내일의 주가를 맞히는 도박이 아니다. 월급이 들어오면... ",https://www.munhwa.com/article/11619132?ref=naver,https://n.news.naver.com/mnews/article/021/0002820859?sid=101,"Wed, 23 Sep 2026 09:30:00 +0900",2026-09-23 10:20:14
게임/엔터,게임 주가,"네오위즈, 신작 모멘텀 공백에 실적 눈높이↓…내년 반등 '주목'",목표주가는 신작 출시 공백 장기화와 단기 실적 가시성 저하를 반영해 기존 2만6000원에서 2만원으로 하향했다. 네오위즈는 모바일과 PC·콘솔 게임을 개발·서비스하는 게임사다. '브라운더스트2'와 'P의 거짓' 등 자체... ,http://www.newsprime.co.kr/news/article.html?no=748834,http://www.newsprime.co.kr/news/article.html?no=748834,"Wed, 23 Sep 2026 09:08:00 +0900",2026-09-23 10:20:14
게임/엔터,게임 주가,"갭, 보이밴드 사업 뛰어든다…엔터테인먼트 사업 확장","외신에 따르면 최근 분기 갭 브랜드의 동일점포 매출은 10% 증가했으며, 딕슨 취임 이후 주가는 약 80% 상승했다. 갭은 향후 자동차와 게임, 영화, 스포츠 등 다른 산업과의 협업도 검토하고 있다. 월드컵과 같은 대형... ",https://zdnet.co.kr/view/?no=20260923084124,https://n.news.naver.com/mnews/article/092/0002438575?sid=103,"Wed, 23 Sep 2026 08:59:00 +0900",2026-09-23 10:20:14
게임/엔터,게임 주가,"하나증권, 엔씨 목표주가 42만원 유지…&quot;'아이온2 글로벌'이 변곡점&quot;","하나증권이 엔씨의 목표주가를 42만원으로 유지했다. 도쿄게임쇼 2026(이하 TGS 2026)을 통해 서브컬처 신작을 선보인 가운데, 향후 실적과 기업가치 개선을 위해서는 '아이온2 글로벌'의 흥행이 중요하다는 분석이다.... ",https://www.khgames.co.kr/news/articleView.html?idxno=308722,https://www.khgames.co.kr/news/articleView.html?idxno=308722,"Wed, 23 Sep 2026 08:22:00 +0900",2026-09-23 10:20:14
게임/엔터,게임 주가,"배드민턴 남자 단체전, 중국에 무릎…8강서 탈락","아시안게임 배드민턴 남자 단체 8강전 중국과 경기 4게임 복식에서 허지팅-류이 조와 경기하고 있다. 강민혁-기동주가 1-2(15-21 21-14 12-21)로 패하며, 한국은 게임 점수 2-3으로 패해 4강에 오르지 못했다. 2026.09.23.",https://www.newsis.com/view/NISI20260923_0002247162,https://n.news.naver.com/mnews/article/003/0014209540?sid=104,"Wed, 23 Sep 2026 07:57:00 +0900",2026-09-23 10:20:14
게임/엔터,게임 주가,"삼성과 KIA가 싫어하겠네…‘1위 굳히기’ 승부수, 로건-대니엘 4일 휴식...","KT는 선발 자원 소형준, 오원석이 아시안게임 대표팀으로 출전하면서 선발 로테이션은 로건, 대니엘... 이어 &quot;임시 선발을 쓰면 다음 주가 애매하다. KIA 3연전에 (외국인 투수가) 못 들어간다&quot;고 말했다. 로건... ",http://www.osen.co.kr/article/G1112880296,https://m.sports.naver.com/kbaseball/article/109/0005611285,"Wed, 23 Sep 2026 07:32:00 +0900",2026-09-23 10:20:14
게임/엔터,게임 주가,미·이란 대화 재개에 나스닥 이틀 연속 사상 최고-[글로벌 마감 시황],마이크로소프트는 엑스박스 게임 부문을 중심으로 약 500명 규모의 추가 감원에 나섰는데요. 주가 0.72% 하락 마감했습니다. (반도체) 뮤즈의 흥행에 힘입어 반도체 종목들도 대체로 상승세를 이어간 하루였죠. SMH... ,http://www.wowtv.co.kr/NewsCenter/News/Read?articleId=A202609230009&t=NN,https://n.news.naver.com/mnews/article/215/0001266955?sid=101,"Wed, 23 Sep 2026 06:57:00 +0900",2026-09-23 10:20:14
게임/엔터,게임 주가,“노보노·릴리 꼼짝 마!” 바이킹 테라퓨틱스 비만치료제 임상 결과 공...,"메타와의 협력을 통해 AI 쇼핑시장의 성장에 참여할 수 있다는 기대가 커지면서 쇼피파이 주가는 7.12% 상승 마감했다. 게임스탑·그랩, 최고경영자가 자사주 매입 게임스탑의 라이언 코언 최고경영자가 회사 주식을... ",http://www.wowtv.co.kr/NewsCenter/News/Read?articleId=A202609230005&t=NN,https://n.news.naver.com/mnews/article/215/0001266953?sid=101,"Wed, 23 Sep 2026 06:54:00 +0900",2026-09-23 10:20:14
게임/엔터,게임 주가,메타 '뮤즈' 돌풍·MS 인력 감축 [美증시 특징주],"뉴욕증시 주요 대형 기술주들이 AI 모델 출시와 사업 재편 등 개별 이슈에 따라 엇갈린 주가 흐름을... 엑스박스 게임 부문에서 268명을 추가 정리하며 2027년까지 계획한 3,200명 감원 목표의 약 75%를 달성했으며... ",http://www.wowtv.co.kr/NewsCenter/News/Read?articleId=A202609230012&t=NN,https://n.news.naver.com/mnews/article/215/0001266952?sid=101,"Wed, 23 Sep 2026 06:54:00 +0900",2026-09-23 10:20:14
게임/엔터,게임 주가,"(김철운 칼럼) 투자는 도전이고, 도전은 확률과의 싸움이다",물론 미래의 주가와 청약 결과를 정확하게 알 수는 없다. 따라서 이 기준이 매번 맞을 수는 없다. 그럼에도... 바로 여기에서 구조의 역할이 중요해진다.필자는 투자를 단순히‘맞히는 게임’으로 생각하지 않는다. 확률을... ,https://www.ksmnews.co.kr/news/view.php?idx=623233,https://www.ksmnews.co.kr/news/view.php?idx=623233,"Wed, 23 Sep 2026 01:18:00 +0900",2026-09-23 10:20:14
게임/엔터,게임 주가,[조민근의 경제를 묻다] “고금리의 귀환…재정투자도 선택과 집중을”,투자 규모가 워낙 커진 데다 승자독식 게임으로 가면서 민간의 역량만으로 감당하기 어려워진 것이... 주주들이 일시적 주가 하락을 우려해 증자를 꺼리는 건 다른 나라도 마찬가지다. 하지만 미국 증시의 경우... ,https://www.joongang.co.kr/article/25464261,https://n.news.naver.com/mnews/article/025/0003553337?sid=110,"Wed, 23 Sep 2026 00:14:00 +0900",2026-09-23 10:20:14
게임/엔터,게임 주가,"뉴욕 증시, 중동 갈등 완화 기대감 속 혼조 출발",알리바바는 에디 우 CEO가 알리바바 클라우드를 통해 2032년까지 전 세계에서 20기가와트가 넘는 데이터센터를 운영할 계획이라고 밝히면서 주가가 3.18% 올랐습니다. 게임스톱은 라이언 코헨 CEO가 주식 120만 주를... ,https://www.ytn.co.kr/_ln/0104_202609222354348497,https://n.news.naver.com/mnews/article/052/0002410380?sid=104,"Tue, 22 Sep 2026 23:54:00 +0900",2026-09-23 10:20:14
게임/엔터,게임 주가,"뉴욕증시, 중동 갈등 완화 기대감 속 혼조 출발",게임스톱은 라이언 코헨 최고경영자(CEO)가 게임스톱 주식 120만주를 매입했다고 밝히면서 주가가 4.44% 올랐다. 전력전자 기업 비코는 예상을 웃도는 가이던스를 제시하면서 주가가 11.63% 올랐다. 비코는 3분기... ,https://news.einfomax.co.kr/news/articleView.html?idxno=4436188,https://news.einfomax.co.kr/news/articleView.html?idxno=4436188,"Tue, 22 Sep 2026 23:10:00 +0900",2026-09-23 10:20:14
게임/엔터,게임 주가,뉴욕증시 개장 전 특징주...알리바바·바이코·게임스탑↑ VS 퀘스트다이...,◆ 게임스톱(GME) 대표적인 '밈 주식'인 게임스탑은 개장 전 거래에서 3.5% 안팎 상승했다. 라이언 코언 최고경영자(CEO)가 회사 주식 약 115만주를 매입했다고 공개한 것이 주가 상승을 이끌었다. 미 증권거래위원회(SEC)... ,https://www.newspim.com/news/view/20260922001257,https://www.newspim.com/news/view/20260922001257,"Tue, 22 Sep 2026 22:24:00 +0900",2026-09-23 10:20:14
게임/엔터,게임 주가,"'진짜 만리장성 무너뜨릴 뻔했다' 韓배드민턴, 우승 후보 中에 2-1까지 ...",2복식에 나선 세계 14위 강민혁-기동주가 허지팅-류이를 상대로 분전했지만 1-2(15-21 21-14 11-21)로 패했다. 첫 게임을 15-21로 내준 강민혁-기동주는 2게임에서 반격했다. 초반부터 6-1로 달아났고 13-11에서는 4점을 연달아... ,https://www.spotvnews.co.kr/news/articleView.html?idxno=1009071,https://m.sports.naver.com/general/article/477/0000629476,"Tue, 22 Sep 2026 21:22:00 +0900",2026-09-23 10:20:14
게임/엔터,게임 주가,"거래소, 한국형 산업분류 도입…모빌리티·배터리 별도 분류","조선 및 선박과 배터리는 산업재, 반도체와 디스플레이는 정보기술, 문화 엔터테인먼트와 게임은 미디어... 거래소는 10월 26일부터 KRX 인덱스 홈페이지를 통해 상장종목의 1·2단계 산업분류 결과와 주가·거래량 등... ",https://www.koreareport.co.kr/news/articleView.html?idxno=53177,https://www.koreareport.co.kr/news/articleView.html?idxno=53177,"Tue, 22 Sep 2026 21:02:00 +0900",2026-09-23 10:20:14
게임/엔터,게임 주가,[아시안게임] 경남 태극전사들 ‘금빛 도전’ 기대하시라!,경남에서의 새로운 출발을 계기로 국가대표까지 성장한 선민주가 생애 첫 아시안게임에서 어떤 성적을 거둘지 관심이 모인다. 창원시청 육상팀 김서윤은 자신의 기록을 넘어서는 도전을 이어가고 있다. 김서윤은 지난... ,https://www.knnews.co.kr/news/articleView.php?idxno=1551539,https://www.knnews.co.kr/news/articleView.php?idxno=1551539,"Tue, 22 Sep 2026 21:00:00 +0900",2026-09-23 10:20:14
게임/엔터,게임 주가,"넷플릭스, 스트리밍 시장서 지배력 권고...시장수익률 상회-BMO캐피털","넷플릭스 구독자의 37%는 플랫폼에서 팟캐스트를 이용한 경험이 있다고 답했으며, 36%는 게임을 이용한 것으로 조사됐다. 해당 서비스를 이용한 소비자들의 만족도 역시 높은 것으로 나타났다. 넷플릭스의 주가는... ",https://www.edaily.co.kr/News/Read?newsId=05218486645582744&mediaCodeNo=257&utm_source=naver&utm_medium=referral&utm_campaign=news_syndication&utm_content=original_article,https://n.news.naver.com/mnews/article/018/0006374597?sid=101,"Tue, 22 Sep 2026 19:54:00 +0900",2026-09-23 10:20:14
게임/엔터,엔터테인먼트 산업,"한성호 FNC엔터 대표 장남 한보현, 회사 지분 첫 매입에 업계 관심","증권가 관계자는 &quot;최근 엔터테인먼트 업체는 대형사, 소형사 할 것 없이 대부분 주가 흐름이 좋지 않다&quot;며 &quot;엔터테인먼트 산업은 성장하고 있지만 회사들의 수익성은 좋지 않고, K팝 유행도 고점에서 내려올 때가 된... ",https://bizhankook.com/articles/fnc-founder-son-buys-shares.html,https://bizhankook.com/articles/fnc-founder-son-buys-shares.html,"Wed, 23 Sep 2026 10:06:00 +0900",2026-09-23 10:20:14
게임/엔터,엔터테인먼트 산업,"'아버지의 집밥' 레진엔터테인먼트, '뉴미디어 콘텐츠상' 거머쥐다",레진엔터테인먼트가 숏드라마 플랫폼 레진스낵을 앞세워 콘텐츠와 사업 양쪽에서 존재감을 키우고 있다.... 빠르게 소비되는 모바일 영상도 동시대 영상문화와 산업의 변화를 보여주는 기록물이라는 판단에서다.... ,https://www.maxmovie.com/news/articleView.html?idxno=502053,https://www.maxmovie.com/news/articleView.html?idxno=502053,"Wed, 23 Sep 2026 09:18:00 +0900",2026-09-23 10:20:14
게임/엔터,엔터테인먼트 산업,9월 22일 주식시장 주요공시,"99억원) 규모 자사주 취득 결정(기간:2026-09-23~2026-12-22) ▶IPARK현대산업개발, 관양동 현대아파트지구... 0%) ▶티엔엔터테인먼트, 횡령ㆍ배임 혐의 진행사항(당사의 전 임원에 대한 업무상 배임 혐의 확인)... ",https://www.catchnews.kr/news/articleView.html?idxno=128771,https://www.catchnews.kr/news/articleView.html?idxno=128771,"Wed, 23 Sep 2026 08:49:00 +0900",2026-09-23 10:20:14
게임/엔터,엔터테인먼트 산업,"레진스낵 19편, 영상자료원 첫 숏드라마 아카이빙",레진엔터테인먼트의 숏드라마 플랫폼 레진스낵 작품 19편이 한국영상자료원의 첫 숏드라마 아카이빙... 모바일을 중심으로 빠르게 소비돼 온 숏드라마가 영상 문화와 산업의 변화를 보여주는 기록물로 수집·보존된다는... ,https://www.bntnews.co.kr/article/view/bnt202609230062,https://www.bntnews.co.kr/article/view/bnt202609230062,"Wed, 23 Sep 2026 08:16:00 +0900",2026-09-23 10:20:14
게임/엔터,엔터테인먼트 산업,현장 뮤지션들을 위한 「2026 해외초청 마스터 클래스」,학교법인 ESP 가쿠엔 국제교류센터가 ESP 엔터테인먼트 도쿄·오사카·후쿠오카 및 MI 도쿄의 교육과정을... 음악산업 전반에 대한 폭넓은 경험과 정보를 한 자리에서 제공한다는 계획이다. 인천음악창작소... ,http://www.incheonin.com/news/articleView.html?idxno=121005,http://www.incheonin.com/news/articleView.html?idxno=121005,"Wed, 23 Sep 2026 08:14:00 +0900",2026-09-23 10:20:14
게임/엔터,엔터테인먼트 산업,"[역사 속 오늘] 9월 23일…계산으로 찾아낸 해왕성, 격동의 한반도를 가...","닌텐도는 가정용 게임기와 휴대용 게임기를 개발하며 세계적인 엔터테인먼트 기업으로 성장했다. 닌텐도의... 이후 출판·체신·섬유·전기·광업 등 여러 산업으로 파업이 확산됐다. 노동자들은 식량 배급, 임금 인상... ",https://www.upkoreanews.kr/news/articleView.html?idxno=100385,https://www.upkoreanews.kr/news/articleView.html?idxno=100385,"Wed, 23 Sep 2026 07:02:00 +0900",2026-09-23 10:20:14
게임/엔터,엔터테인먼트 산업,"AI 시대의 마케팅·용역 계약, 지금 당장 점검해야 할 두 가지 [가온 프...","천문학적인 제작비 절감과 민첩한 캠페인 집행을 위해 유통, 뷰티, 패션, IT 등 산업을 막론하고 기업들이... [가온 프런티어리포트]에서는 행정규제 대응, 엔터테인먼트, 국제거래 등 여러 분야에서 로펌의 업무로 새롭게... ",https://www.mk.co.kr/article/12159399,https://n.news.naver.com/mnews/article/009/0005739289?sid=102,"Wed, 23 Sep 2026 07:01:00 +0900",2026-09-23 10:20:14
게임/엔터,엔터테인먼트 산업,"올 '경기국제웹툰페어', 역대 최대 2,280만 달러 수출 상담 성과 거둬","만화산업의 흥행 시스템과 일본 시장에서 바라보는 한국 웹툰의 기회와 과제, 한국 웹툰 지식재산의 해외 확장 전략 등을 주제로 전문가 발표와 논의가 이어졌다. 일본 만화·엔터테인먼트 전문 출판사 슈에이샤의 전... ",https://www.jasm.co.kr/news/articleView.html?idxno=317833,https://www.jasm.co.kr/news/articleView.html?idxno=317833,"Wed, 23 Sep 2026 06:30:00 +0900",2026-09-23 10:20:14
게임/엔터,엔터테인먼트 산업,"세계 3위 오른 韓 관광 연구…&quot;관광산업 미래 제시, 인재 유입 출발점&quot;",세계 수준으로 올라선 연구력을 어떻게 다음 세대의 교육과 관광산업의 변화로 이어갈 것인지에 더 무게를... 들였다&quot;며 &quot;문화엔터테인먼트학과에는 학부 미대 출신 교수를 영입하는 등 다채로운 전공 배경을 가진... ,https://www.news1.kr/industry/hotel-tourism/6299478,https://n.news.naver.com/mnews/article/421/0009187751?sid=102,"Wed, 23 Sep 2026 06:30:00 +0900",2026-09-23 10:20:14
게임/엔터,엔터테인먼트 산업,"서치독, 도면 AI 분석 플랫폼 美서 공개… 글로벌 고객 발굴","AU는 건축·엔지니어링·건설(AEC), 제조, 미디어·엔터테인먼트 등 디자인·메이크 산업 관계자들이 모여 최신 기술과 산업 혁신 사례를 공유하는 오토데스크의 연례 글로벌 행사다. 서치독은 이번 전시에서 설계·조달... ",https://www.sedaily.com/article/20094113?ref=naver,https://n.news.naver.com/mnews/article/011/0004664760?sid=105,"Wed, 23 Sep 2026 05:41:00 +0900",2026-09-23 10:20:14
게임/엔터,엔터테인먼트 산업,[스냅드래곤 서밋] 돈 맥과이어 퀄컴 CMO &quot;에이전틱 AI 시대 핵심은 파트...,&quot;테크 산업 전체로서 우리는 단순히 더 강력한 AI를 구축하는 것에 머물러서는 안 된다. 사람들이 실제로... 스포츠와 엔터테인먼트 등 문화 영역과의 결합 성과도 공유했다. 맨체스터 유나이티드 및 메르세데스... ,https://www.ddaily.co.kr/page/view/2026092304251957465,https://n.news.naver.com/mnews/article/138/0002242469?sid=105,"Wed, 23 Sep 2026 04:26:00 +0900",2026-09-23 10:20:14
게임/엔터,엔터테인먼트 산업,"K서브컬처 신작들, 본고장 도쿄를 달구다",이 위원장은 “세월을 거슬러 가보면 게임을 한다는 건 불효자가 되는 길이었는데 지금은 효자 산업이... 주최 측인 컴퓨터엔터테인먼트협회(CESA)는 25호 태풍 ‘두쥐안’이 접근하면서 21일 행사를 전면 취소했다. 사상... ,https://www.kmib.co.kr/article/view.asp?arcid=9000016742&cp=nv,https://n.news.naver.com/mnews/article/005/0001874672?sid=105,"Wed, 23 Sep 2026 02:17:00 +0900",2026-09-23 10:20:14
게임/엔터,엔터테인먼트 산업,2026 크리에이티브X성수 홍보대사 슈퍼주니어 이특 3년 연속 위촉,"SM엔터테인먼트 소속 슈퍼주니어 이특은 2024년과 2025년에 이어 2026 크리에이티브X성수 홍보대사로 활동한다. 사전 축전 영상을 첫 시작으로 홍보대사 활동에 나서며, 성수동의 창조적인 산업과 문화를 알리는 데 중요한... ",https://www.cnbizm.com/news/articleView.html?idxno=316050,https://www.cnbizm.com/news/articleView.html?idxno=316050,"Tue, 22 Sep 2026 20:22:00 +0900",2026-09-23 10:20:14
게임/엔터,엔터테인먼트 산업,"한국거래소, 독자 산업분류체계 'KRICS' 도입","이에 따라 조선 및 선박, 배터리, 반도체, 디스플레이, 문화 엔터테인먼트, 게임 등이 독립된 산업 영역으로 이름을 올렸다. 정기 분류는 매년 4월 제출되는 연결 재무제표를 바탕으로 진행하며, 실제 사업 특성과... ",https://www.junggi.co.kr/news/articleView.html?idxno=37888,https://www.junggi.co.kr/news/articleView.html?idxno=37888,"Tue, 22 Sep 2026 19:50:00 +0900",2026-09-23 10:20:14
게임/엔터,엔터테인먼트 산업,“NCT·에스파로 쇼핑몰 도배”…K팝 품고 디즈니 넘어선 中 콘텐츠 공룡...,SM엔터테인먼트의 지분을 사들여 2대 주주에 올라서기도 했다. 이보다 앞서 ‘리그 오브 레전드(LoL)’를 개발한 라이엇게임즈와 ‘클래시 오브 클랜’ ‘브롤스타즈’를 보유한 슈퍼셀 등을 인수하며 게임 산업의... ,https://www.mk.co.kr/article/12159729,https://n.news.naver.com/mnews/article/009/0005739227?sid=101,"Tue, 22 Sep 2026 18:49:00 +0900",2026-09-23 10:20:14
게임/엔터,엔터테인먼트 산업,"강레오 셰프, 통영 로컬 브랜드와 맞손 '통영의 맛' 고도화 나선다","통영시(강석주 시장)는 지난 20일 통영시 수산식품산업 거점센터 1층에서 강레오 셰프와 함께 '2026 어부장터... (F&amp;B) 엔터테인먼트 기업이다. 특히 '크리스마스 빌리지 부산','포트 빌리지 부산'등 자체 축제를 운영하며... ",http://www.gndomin.com/news/articleView.html?idxno=490619,http://www.gndomin.com/news/articleView.html?idxno=490619,"Tue, 22 Sep 2026 18:03:00 +0900",2026-09-23 10:20:14
게임/엔터,엔터테인먼트 산업,K-XR 로드쇼 30일 개막...국내 AI글래스 4종 총정리,한국전자정보통신산업진흥회(KEA)가 국내 XR기업의 신제품 시장 안착을 지원하는 '2026 K-XR 퍼스트룩'을... 홈 엔터테인먼트 시장 확장 가능성을 제시한다. 행사 참가는 온오프믹스를 통해 9월 22일까지 접수하며... ,https://www.etnews.com/20260922000495,https://n.news.naver.com/mnews/article/030/0003469549?sid=101,"Tue, 22 Sep 2026 17:55:00 +0900",2026-09-23 10:20:14
게임/엔터,엔터테인먼트 산업,[ICT 종합] 퀄컴 테크날러지스 및 비댁스 소식 외,"-디지털자산 거래소 업비트를 운영하는 두나무(대표 오경석)가 글로벌 정책·금융·산업 리더들과... -카카오엔터테인먼트(공동대표 고정희, 장윤중, 이하 카카오엔터)가 카카오페이지와 카카오웹툰을 하나로... ",https://www.gamevu.co.kr/news/articleView.html?idxno=60990,https://www.gamevu.co.kr/news/articleView.html?idxno=60990,"Tue, 22 Sep 2026 17:52:00 +0900",2026-09-23 10:20:14
게임/엔터,콘텐츠 수출,"한국산업단지공단, 대구 엑스코에서 '대한민국 산업단지 수출박람회' 개...",한국산업단지공단이 대구 엑스코에서 '대한민국 산업단지 수출박람회'를 성공적으로 개최했다.... 메인 전시관인 '킥스업 쇼케이스'에서는 중소벤처기업부 후속 사업에 선정된 AI 콘텐츠 스타트업 큰삼촌컴퍼니의... ,https://www.cnbnews.com/news/articleView.html?idxno=1017060,https://www.cnbnews.com/news/articleView.html?idxno=1017060,"Wed, 23 Sep 2026 10:16:00 +0900",2026-09-23 10:20:15
게임/엔터,콘텐츠 수출,"경북도 &quot;신성장동력, 식품한류산업 육성&quot;…3대방향 밝혀","경북도에 따르면 세계 식품시장은 지난해 9조2861억 달러 규모로 성장했고 K-푸드 수출도 빠르게 성장하고 있으며, 식품산업은 농·임·축·수산물 생산에서 제조·가공, 유통·수출, 외식, 관광, 축제, 문화콘텐츠까지... ",https://www.newsis.com/view/NISX20260923_0003801289,https://n.news.naver.com/mnews/article/003/0014209963?sid=102,"Wed, 23 Sep 2026 10:12:00 +0900",2026-09-23 10:20:15
게임/엔터,콘텐츠 수출,EU 순환경제 규제 강화 속 'GR 인증' 알린다···홍보 공모전 30일까지 ...,조달과 수출 등 기업 활동과 연결되고 있다는 점에서 인증제도에 대한 정보 전달의 중요성도 커지고 있다. 이번 공모전은 이러한 제도적 배경을 일반 국민이 보다 쉽게 이해할 수 있는 콘텐츠로 풀어내는 데 초점을... ,https://www.enetnews.co.kr/news/articleView.html?idxno=54722,https://www.enetnews.co.kr/news/articleView.html?idxno=54722,"Wed, 23 Sep 2026 10:10:00 +0900",2026-09-23 10:20:15
게임/엔터,콘텐츠 수출,"“사과·한우만 팔아선 한계”…경북도, K-푸드로 ‘농업 넘어 산업’ ...",식품을 농식품 가공의 범주에 가두지 않고 기술·기업·수출·관광·콘텐츠가 결합된 융복합산업으로 다루기 위한 전담 조직이다. 이철우 경북도지사는 대통령 주재 중앙지방협력회의에서도 ‘식품산업의 국가 미래... ,http://www.inews24.com/view/2008613,https://n.news.naver.com/mnews/article/031/0001060884?sid=102,"Wed, 23 Sep 2026 10:06:00 +0900",2026-09-23 10:20:15
게임/엔터,콘텐츠 수출,"경북도, 식품산업 미래 성장동력…‘대한민국 식품산업 국가 테스트베드...","23일 경북도에 따르면 도는 지난 8월 전국 광역자치단체 가운데 최초로 ‘식품한류산업국’을 신설하고, 식품산업을 단순한 농식품 가공이 아닌 기술·기업·수출·관광·콘텐츠가 결합된 미래 융복합산업으로 육성하기... ",https://www.munhwa.com/article/11619141?ref=naver,https://n.news.naver.com/mnews/article/021/0002820868?sid=102,"Wed, 23 Sep 2026 10:05:00 +0900",2026-09-23 10:20:15
게임/엔터,콘텐츠 수출,"빙그레, 'K-EXPO 멕시코' 참가...바나나맛우유·메로나 선보인다","K-EXPO는 문화체육관광부가 주최하고 한국콘텐츠진흥원이 주관하는 행사로, K-콘텐츠와 연관 소비재 기업의 동반 수출을 지원하기 위해 마련됐다. 올해 멕시코에서 처음 열리는 행사에는 국내 약 100개 기업이 참여한다.... ",https://www.eroun.net/news/articleView.html?idxno=90839,https://www.eroun.net/news/articleView.html?idxno=90839,"Wed, 23 Sep 2026 10:04:00 +0900",2026-09-23 10:20:15
게임/엔터,콘텐츠 수출,"경콘진, 콘텐츠 기업 9곳에 민간 투자 95억원 유치","경기콘텐츠진흥원(이하 경콘진)은 민간 투자사와 협력해 올해 상반기 경기도 콘텐츠 기업 9개사에 총... 경콘진은 해외 파트너사를 통해 도내 기업의 현지 시장성을 검증하고 기술 실증과 수출, 후속 투자까지... ",https://zdnet.co.kr/view/?no=20260923094834,https://n.news.naver.com/mnews/article/092/0002438595?sid=103,"Wed, 23 Sep 2026 09:50:00 +0900",2026-09-23 10:20:15
게임/엔터,콘텐츠 수출,"[N플러스] 韓 IP, 문학→공연 확장...진짜 '공감'이 필요한 지금, 뮤지컬...","원작 소설의 해외 성공이 한국 창작뮤지컬의 라이선스 수출로 이어지며, 하나의 한국 IP가 문학에서 공연 콘텐츠로 확장되는 의미 있는 사례가 됐다. 일본 라이선스 공연은 한국 오리지널 프로덕션의 대본과 음악을... ",https://www.nc.press/news/articleView.html?idxno=627068,https://www.nc.press/news/articleView.html?idxno=627068,"Wed, 23 Sep 2026 09:40:00 +0900",2026-09-23 10:20:15
게임/엔터,콘텐츠 수출,"빙그레, 멕시코 K-EXPO 참가…바나나맛우유·메로나 앞세워 수출 확대","K-콘텐츠와 연관 소비재 기업의 해외 동반 진출을 지원하기 위해 마련됐다. 빙그레는 행사장에서 수출용 제품인 '바나나맛우유'와 '메로나' 등을 선보이고, 관람객이 제품과 브랜드를 직접 경험할 수 있는 프로그램을... ",https://www.handmk.com/news/articleView.html?idxno=43510,https://www.handmk.com/news/articleView.html?idxno=43510,"Wed, 23 Sep 2026 09:36:00 +0900",2026-09-23 10:20:15
게임/엔터,콘텐츠 수출,이철우 경북도지사 “지역활성화투자펀드로 4대 파운드리 구축”,"민선 9기 들어서는 전국 최대 수준의 농식품 생산 기반을 가공과 기술, 브랜드, 콘텐츠, 수출까지 연결해 부가가치를 높이는 농식품산업 육성에도 속도를 내고 있다. 이를 위해 경북도는 최근 조직개편에서 전국... ",https://www.sedaily.com/article/20094324?ref=naver,https://n.news.naver.com/mnews/article/011/0004664843?sid=102,"Wed, 23 Sep 2026 09:28:00 +0900",2026-09-23 10:20:15
게임/엔터,콘텐츠 수출,"제주양돈농협·한국마사회 제주지역본부, 광고 스폰서십과 MOU 체결",제주양돈농협은 이번 협약을 통해 국내 경마 콘텐츠는 물론 해외 송출까지 홍보 영역을 확대하고 스포츠 콘텐츠와 수출시장을 연계한 브랜드 마케팅을 지속적으로 추진해 제주도니의 국내·외 인지도를 높여 나갈... ,https://www.aflnews.co.kr/news/articleView.html?idxno=328816,https://www.aflnews.co.kr/news/articleView.html?idxno=328816,"Wed, 23 Sep 2026 09:16:00 +0900",2026-09-23 10:20:15
게임/엔터,콘텐츠 수출,"[2026 전남광주뷰티산업전] 소유인터네셔널, 코스메디케어 브랜드 '루미...","SNS·영상 콘텐츠, 인플루언서 협업도 적극적으로 추진한다. 해외시장에서는 K-뷰티에 대한 관심이 높은 동남아시아, 일본, 미국 등을 주요 목표시장으로 설정하고 전시회와 수출상담회를 통한 바이어 발굴, 현지... ",https://www.etnews.com/20260921000266,https://n.news.naver.com/mnews/article/030/0003469621?sid=102,"Wed, 23 Sep 2026 09:01:00 +0900",2026-09-23 10:20:15
게임/엔터,콘텐츠 수출,'진주 실크등' 홍콩 밤거리 밝힌다…200여점 정식 수출 성과,"구매한 '정식 수출'이라는 점에서 의미가 크다. 진주 실크 특유의 섬세한 색감과 은은한 빛, 그리고 전통 유등 제작 기술이 결합한 지역 문화콘텐츠가 실제 해외 수요와 고부가가치 창출로 이어진 모범 사례로 평가받고... ",https://www.cnbnews.com/news/articleView.html?idxno=1017026,https://www.cnbnews.com/news/articleView.html?idxno=1017026,"Wed, 23 Sep 2026 08:34:00 +0900",2026-09-23 10:20:15
게임/엔터,콘텐츠 수출,獨 함부르크서 K음악 쇼케이스,한국 대중음악이 유럽 최대 음악 마켓에서 수출 판로 개척에 나섰다. 문화체육관광부와 한국콘텐츠진흥원은 지난 17일부터 이틀간 독일 함부르크에서 열린 리퍼반 페스티벌에서 '코리아 스포트라이트' 행사를... ,https://view.asiae.co.kr/article/2026092308304400035,https://n.news.naver.com/mnews/article/277/0005820258?sid=103,"Wed, 23 Sep 2026 08:30:00 +0900",2026-09-23 10:20:15
게임/엔터,콘텐츠 수출,"신현준, 페루서 여전한 ‘한태화 신드롬’",페루 정부 산하 수출관광진흥기관 PROMPERÚ가 운영하는 국가브랜드 공식 SNS도 신현준의 리마 방문 모습을 별도 콘텐츠로 소개했다. 신현준은 2003년 방영된 ‘천국의 계단’에서 한태화 역을 맡았다. 작품이 페루를... ,https://www.bntnews.co.kr/article/view/bnt202609230073,https://www.bntnews.co.kr/article/view/bnt202609230073,"Wed, 23 Sep 2026 08:24:00 +0900",2026-09-23 10:20:15
게임/엔터,콘텐츠 수출,"경콘진, 콘텐츠 기업 9개사에 95억원 투자 연계","실증, 수출 및 투자 연계 가능성을 넓혀 해외 진출 성과를 만든다는 목표다. 8월 20일에는 중소벤처기업부의 창업기획자(액셀러레이터) 등록을 마쳤으며, 이를 기반으로 도내 콘텐츠 스타트업의 전주기 성장 지원... ",https://www.inven.co.kr/webzine/news/?news=321367,https://m.sports.naver.com/esports/article/442/0000197059,"Wed, 23 Sep 2026 08:20:00 +0900",2026-09-23 10:20:15
자동차/모빌리티,자동차 주가,&quot;전기 많이 쓰는 AI 시대&quot; 전력반도체株 들썩…화합물 반도체 주목을,자동차 전장 시장에서 전력반도체의 중요성이 높아지는 가운데 전력반도체 내재화와 관련한 사업 성과가... 패키징과 검사 분야에서도 관련주가 움직이고 있다. LB세미콘과 디아이티가 상승세를 나타내고 있다.... ,https://www.pinpointnews.co.kr/news/articleView.html?idxno=489860,https://www.pinpointnews.co.kr/news/articleView.html?idxno=489860,"Wed, 23 Sep 2026 09:44:00 +0900",2026-09-23 10:20:16
자동차/모빌리티,자동차 주가,[정책브리핑] 전기·하이브리드차 구동모터 희토류 자석 재활용 추진,"기후에너지환경부와 한국환경공단, 현대자동차, 한국자동차해제재활용협회는 22일 서울 중구... 하지만 최근 삼성전자·SK하이닉스 등의 가파른 주가 상승에 힘입어 국내주식 수익률이 높은 수준을 기록하면서 기업의... ",https://www.esgeconomy.com/news/articleView.html?idxno=16828,https://www.esgeconomy.com/news/articleView.html?idxno=16828,"Wed, 23 Sep 2026 09:34:00 +0900",2026-09-23 10:20:16
자동차/모빌리티,자동차 주가,중국차에 밀려 주가 75% 하락...유럽 '우량주50' 탈락 [여의도 Pick!],"중국 자동차업체들의 공세와 판매 부진, 대규모 구조조정 부담이 한꺼번에 덮치면서 주가는 고점 대비 무려 75% 넘게 추락한 여파인데요.21일 파이낸셜타임스(FT)에 따르면 지수 제공업체 스톡스는 정기 지수 개편을... ",https://news.mtn.co.kr/news-detail/2026092309012415356,https://news.mtn.co.kr/news-detail/2026092309012415356,"Wed, 23 Sep 2026 09:04:00 +0900",2026-09-23 10:20:16
자동차/모빌리티,자동차 주가,TD코웬 &quot;미·중 정상회담 앞두고 자동차주 매도세 과도&quot;,"제너럴모터스(파랑), 포드(보라), 스텔란티스(녹색) 주가 추이야후파이낸스 제공 이종혁 선임기자 = 미·중 정상회담을 앞두고 중국 자동차의 미국 진출에 대한 공포로 시작된 미국 자동차주 매도세가 과도하다는 평가가... ",https://news.einfomax.co.kr/news/articleView.html?idxno=4436244,https://news.einfomax.co.kr/news/articleView.html?idxno=4436244,"Wed, 23 Sep 2026 09:00:00 +0900",2026-09-23 10:20:16
자동차/모빌리티,자동차 주가,"폭스바겐, 영업이익률 전망 1%로 낮춰⋯유로스톡스50서도 밀려나","포르쉐 지분 관련 손상과 중국 시장 악화, 구조조정 비용이 한꺼번에 반영되면서 독일 최대 자동차업체의 수익성 압박이 다시 부각되고 있다. CNBC에 따르면 폭스바겐 주가는 21일 오전 거래에서 0.5% 하락했다. 직전... ",https://www.autodaily.co.kr/news/articleView.html?idxno=600665,https://www.autodaily.co.kr/news/articleView.html?idxno=600665,"Wed, 23 Sep 2026 08:26:00 +0900",2026-09-23 10:20:16
자동차/모빌리티,자동차 주가,[기아보이즈 여진②·끝] 토요타·폭스바겐도 휘청… 현대차 책임 어디...,"주가 반토막, 신용등급 강등, 미국 내 디젤차 판매 중단, 6조원대 영업손실 등의 후폭풍을 불러왔다. 나아가 자동차 패러다임이 친환경 전기차로 넘어간 결정적 사건이 됐다. 토요타·GM·폭스바겐의 전례에 비춰볼 때... ",http://www.the-biz.co.kr/news/articleView.html?idxno=728041,http://www.the-biz.co.kr/news/articleView.html?idxno=728041,"Wed, 23 Sep 2026 06:40:00 +0900",2026-09-23 10:20:16
자동차/모빌리티,자동차 주가,[美증시 특징주] AI테마 열풍 전력시스템으로 중심이동…바이코 20% 폭등,"공장 증설이라는 비용 부담 우려를 탄탄한 라이선스 매출 성장세가 커버하면서 주가 랠리에 불을 질렀다. 바이코는 AI, 고성능 컴퓨팅(HPC), 데이터센터, 자동차 등 고전력 기술 분야에서 필수적인 고효율 전력 변환... ",https://www.mediapen.com/news/view/1125546,https://www.mediapen.com/news/view/1125546,"Wed, 23 Sep 2026 06:32:00 +0900",2026-09-23 10:20:16
자동차/모빌리티,자동차 주가,"페이팔·포드를 제국으로 만든 공식, 더는 통하지 않는다 [흔들리는 제...",미국 EDF파워솔루션과 5년간 최대 20GWh 규모의 공급 계약을 성사시키자 주가는 한 달 동안 40% 넘게 뛰었다. 자동차용 배터리를 전력 인프라로 돌려 새로운 성장동력으로 만들 수 있다는 기대가 반영된 것이다. 다만 당시... ,https://magazine.hankyung.com/business/article/202609179697b,https://n.news.naver.com/mnews/article/050/0000111241?sid=101,"Wed, 23 Sep 2026 06:11:00 +0900",2026-09-23 10:20:16
자동차/모빌리티,자동차 주가,"[미국 특징주] 퀄컴, 에이전틱 AI 겨냥 스마트폰 칩 2종 공개","이 중 핸드셋 매출은 51억달러(약 7조1000억원)를 웃돌았으며, 자동차 관련 매출은 15억달러(약 2조1000억원)를 기록했다. 이날 정규장서 퀄컴 주가는 2.08% 오른 198.27달러를 기록했다. 퀄컴 로고. [사진=로이터 뉴스핌]",https://www.newspim.com/news/view/20260923000054,https://www.newspim.com/news/view/20260923000054,"Wed, 23 Sep 2026 06:06:00 +0900",2026-09-23 10:20:16
자동차/모빌리티,자동차 주가,"S&amp;P 500, 신고가 다 왔는데 60%는 폭락장?...&quot;소수 기술주만 축제&quot;","인공지능(AI) 관련 대형 기술주가 지수를 끌어올리고 있지만 관세와 고유가, 차입 비용 부담이 수면... 반면 유틸리티와 자동차 부품, 섬유, 명품 등 경기소비재 업종은 52주 신저가 부근까지 밀려나며 부진을... ",http://coinreaders.com/259704,http://coinreaders.com/259704,"Wed, 23 Sep 2026 01:02:00 +0900",2026-09-23 10:20:16
자동차/모빌리티,자동차 주가,"“더 이상 우량주 아냐, 나가라” 獨국민차 폴크스바겐의 굴욕",영국 파이낸셜타임스(FT)는 “트레이더들은 이번 조치가 이미 큰 타격을 입은 독일 자동차 제조업체의 주가에 추가적인 하락 압력을 가할 가능성이 있다”고 했다. 폴크스바겐은 1937년 독일 나치 정권에서 국민 차를... ,https://www.chosun.com/international/international_general/2026/09/23/RNI7HPAYNVBVJGBUNRKJU345QA/?utm_source=naver&utm_medium=referral&utm_campaign=naver-news,https://n.news.naver.com/mnews/article/023/0004000010?sid=104,"Wed, 23 Sep 2026 00:46:00 +0900",2026-09-23 10:20:16
자동차/모빌리티,자동차 주가,지수는 최고치 수준인데 S&amp;P500 종목 60%는 약세,"인공지능(AI)과 일부 대형 기술주가 지수를 끌어올리고 있지만, 증시 상승세가 전체 종목으로 퍼지지 않는... 금리가 높으면 집이나 자동차를 사기 위해 돈을 빌리는 비용이 늘고 소비자의 지갑이 얇아진다. 기업 역시... ",https://www.chosun.com/economy/money/2026/09/23/E7LT6G4XOVEZFK2FTDAT6RVDQY/?utm_source=naver&utm_medium=referral&utm_campaign=naver-news,https://n.news.naver.com/mnews/article/023/0003999975?sid=101,"Wed, 23 Sep 2026 00:36:00 +0900",2026-09-23 10:20:16
자동차/모빌리티,자동차 주가,[총수家] 일론 머스크 테슬라 CEO ⑬ㅣ땅속 터널부터 무인 로보택시까지...,"● 2026-09-09 인텔, 테라팹 수혜 기대에 9.1% 급등…목표주가 120달러 상향 인텔 (사진=연합뉴스) 인텔 주가가... 이에 따라 테슬라가 연방 자동차 안전 기준을 준수했는지 평가가 이뤄질 예정이다. 조너선 모리슨 NHTSA... ",https://www.cbci.co.kr/news/articleView.html?idxno=608966,https://www.cbci.co.kr/news/articleView.html?idxno=608966,"Wed, 23 Sep 2026 00:20:00 +0900",2026-09-23 10:20:16
자동차/모빌리티,자동차 주가,"[시사천국] 석병훈 &quot;정부 대책, 착시효과만 유발&quot;…추석물가에 1900억 투...",그 다음에 일반 시민들 입장에서도 예를 들면 뭐 고속버스를 타고 가시는 분들이라든지 전기 자동차를... 그런데 지금은 일단 AI랑 반도체 호황이 워낙 크니까 주가는 오르고 있지만요. 장기적으로 봤을 때는 긴축의 시대에... ,https://news.cpbc.co.kr/article/1175951?division=NAVER,https://news.cpbc.co.kr/article/1175951?division=NAVER,"Wed, 23 Sep 2026 00:16:00 +0900",2026-09-23 10:20:16
자동차/모빌리티,전기차 산업,"LG전자·SK엔무브, ‘차세대 냉각’ 맞손…ESS·전기차까지 영토 넓힌다","이번 협약을 계기로 적용 대상을 ESS와 전기차 부품 등 고발열 전력·전자기기까지 확대할 방침이다. 김원기 SK엔무브 사장은 &quot;차세대 냉매와 냉동기유, 액침냉각 기술 개발을 더욱 빠르게 추진하고 다양한 산업... ",https://www.dizzotv.com/site/data/html_dir/2026/09/23/2026092380043.html,https://www.dizzotv.com/site/data/html_dir/2026/09/23/2026092380043.html,"Wed, 23 Sep 2026 10:16:00 +0900",2026-09-23 10:20:16
자동차/모빌리티,전기차 산업,즉시 입주하는 항공 클러스터 직주근접 오피스텔 ‘영종 SK뷰' 특별분양...,"영종국제도시의 개발 방향은 기존 주거 중심의 생활권에 새로운 산업 기능이 더해지는 형태로 구체화되고... 또 여유 있는 주차공간과 주차유도 시스템, 비상벨 시스템 등을 갖췄고, 전기차 충전 화재에 대비한... ",https://view.asiae.co.kr/article/2026092310161534823,https://n.news.naver.com/mnews/article/277/0005820391?sid=101,"Wed, 23 Sep 2026 10:16:00 +0900",2026-09-23 10:20:16
자동차/모빌리티,전기차 산업,"LG전자-SK엔무브, 차세대 열관리 솔루션 개발 MOU 체결","LG전자는 서울 종로구 SK서린빌딩에서 SK엔무브와 함께 '가전·상업·산업용 신규 냉매, 냉동기유 및 액침냉각... (에너지저장장치), 전기차 부품 등 고발열 전력·전자기기의 열관리 분야까지 액침냉각 기술의 적용... ",https://www.moneystorm.kr/news/articleView.html?idxno=6730,https://www.moneystorm.kr/news/articleView.html?idxno=6730,"Wed, 23 Sep 2026 10:15:00 +0900",2026-09-23 10:20:16
자동차/모빌리티,전기차 산업,"LG전자-SK엔무브, AI 데이터센터 위한 차세대 열관리 핵심 소재 공동 개...","LG전자(대표이사 류재철)가 21일 서울 종로구 SK서린빌딩에서 SK엔무브와 함께 AI 데이터센터 등 다양한 산업... 이번 협력을 통해 양사는 기존 데이터센터 협력을 발전시키는 동시에 ESS(에너지저장장치), 전기차 부품 등... ",https://www.newsquest.co.kr/news/articleView.html?idxno=301535,https://www.newsquest.co.kr/news/articleView.html?idxno=301535,"Wed, 23 Sep 2026 10:14:00 +0900",2026-09-23 10:20:16
자동차/모빌리티,전기차 산업,"LG전자-SK엔무브, AI DC 차세대 열관리 핵심 소재 개발한다","(에너지저장장치), 전기차 부품 등 고발열 전력·전자기기의 열관리 분야까지 액침냉각 기술의 적용 가능성을 검토할 예정입니다. LG전자 ES사업본부장 이재성 사장은 “AI 데이터센터를 비롯해 다양한 산업에서... ",https://www.inthenews.co.kr/news/article.html?no=92307,https://www.inthenews.co.kr/news/article.html?no=92307,"Wed, 23 Sep 2026 10:14:00 +0900",2026-09-23 10:20:16
자동차/모빌리티,전기차 산업,"LG전자·LGU+, SK엔무브와 차세대 열관리 핵심 소재 공동 개발·추석 연...","LG전자가 SK엔무브와 AI 데이터센터를 비롯한 다양한 산업을 위한 차세대 열관리 기술 협력에 나서는 한편... (에너지저장장치), 전기차 부품 등 고발열 전력ㆍ전자기기의 열관리 분야까지 액침냉각 기술의 적용... ",http://www.wsobi.com/news/articleView.html?idxno=318708,http://www.wsobi.com/news/articleView.html?idxno=318708,"Wed, 23 Sep 2026 10:12:00 +0900",2026-09-23 10:20:16
자동차/모빌리티,전기차 산업,"LG전자-SK엔무브, AI 데이터센터 위한 차세대 열관리 핵심 소재 공동 개...","다양한 산업을 위한 차세대 열관리 기술 협력에 나선다. LG전자는 지난 21일 서울 종로구 SK서린빌딩에서... (에너지저장장치), 전기차 부품 등 고발열 전력·전자기기의 열관리 분야까지 액침냉각 기술의 적용... ",https://www.aitimes.kr/news/articleView.html?idxno=42050,https://www.aitimes.kr/news/articleView.html?idxno=42050,"Wed, 23 Sep 2026 10:08:00 +0900",2026-09-23 10:20:16
자동차/모빌리티,전기차 산업,LG전자·SK엔무브 차세대 냉매 개발,양사는 이번 협력으로 적용처를 데이터센터에서 에너지저장장치(ESS)와 전기차 부품 같은 고발열 전자기기로 넓히는 방안을 검토한다. 이재성 LG전자 ES사업본부장은 &quot;AI 데이터센터를 비롯해 다양한 산업에서... ,https://www.kfenews.co.kr/news/articleView.html?idxno=665196,https://www.kfenews.co.kr/news/articleView.html?idxno=665196,"Wed, 23 Sep 2026 10:08:00 +0900",2026-09-23 10:20:16
자동차/모빌리티,전기차 산업,"LG전자-SK엔무브, AI 데이터센터 '냉각 동맹'…차세대 열관리 기술 공동...","LG전자는 지난 21일 서울 종로구 SK서린빌딩에서 SK엔무브와 '가전·상업·산업용 신규 냉매, 냉동기유 및... 앞으로 데이터센터뿐 아니라 에너지저장장치(ESS)와 전기차 부품 등 고발열 전력·전자기기로 적용 범위를... ",https://www.gpkorea.com/news/articleView.html?idxno=146978,https://www.gpkorea.com/news/articleView.html?idxno=146978,"Wed, 23 Sep 2026 10:06:00 +0900",2026-09-23 10:20:16
자동차/모빌리티,전기차 산업,"LG전자·SK엔무브, 데이터센터 넘어 전기차·ESS 열관리도 검토","LG전자는 지난 21일 서울 종로구 SK서린빌딩에서 SK엔무브와 '가전·상업·산업용 신규 냉매, 냉동기유 및... 양사는 데이터센터뿐 아니라 에너지저장장치(ESS)와 전기차 부품 등에도 이 기술을 적용할 수 있을지 검토할... ",https://www.kizmom.com/news/articleView.html?idxno=112903,https://www.kizmom.com/news/articleView.html?idxno=112903,"Wed, 23 Sep 2026 10:05:00 +0900",2026-09-23 10:20:16
자동차/모빌리티,전기차 산업,LG전자 SK엔무브 차세대 열관리 기술 개발,"다양한 산업을 위한 차세대 열관리 기술 협력에 나선다. 사진은 21일 진행된 '가전·상업·산업용 신규 냉매... 발열 장비를 액체에 담가 열을 식히는 액침냉각 기술을 데이터센터는 물론 ESS, 전기차 부품 등 고발열... ",https://www.newsclaim.co.kr/news/articleView.html?idxno=3076384,https://www.newsclaim.co.kr/news/articleView.html?idxno=3076384,"Wed, 23 Sep 2026 10:04:00 +0900",2026-09-23 10:20:16
자동차/모빌리티,전기차 산업,"LG전자·SK엔무브, 친환경 냉매 공동 개발..AIDC 냉각 시장 공략","기존 데이터센터 중심의 액침냉각 기술 협력을 에너지저장장치(ESS)와 전기차 부품으로 확대하는 방안도 검토한다. 23일 LG전자는 SK엔무브와 '가전·상업·산업용 신규 냉매, 냉동기유 및 액침냉각 기술 공동 선행 개발... ",http://www.4th.kr/news/articleView.html?idxno=2118608,http://www.4th.kr/news/articleView.html?idxno=2118608,"Wed, 23 Sep 2026 10:02:00 +0900",2026-09-23 10:20:16
자동차/모빌리티,전기차 산업,"LG전자, SK엔무브와 차세대 열관리 기술 선행 개발 MOU 체결","SK엔무브와 '가전·상업·산업용 신규 냉매, 냉동기유 및 액침냉각 기술 공동 선행 개발'을 위한 업무협약을... (ESS)나 전기차 부품 등 발열량이 큰 전자기기 분야 전반으로 액침냉각 적용 연구를 전개해 나갈 예정이다.... ",https://www.pointe.co.kr/news/articleView.html?idxno=85119,https://www.pointe.co.kr/news/articleView.html?idxno=85119,"Wed, 23 Sep 2026 10:02:00 +0900",2026-09-23 10:20:16
자동차/모빌리티,전기차 산업,"LG전자-SK엔무브, AI 데이터센터 열관리 맞손…핵심 소재 공동 개발","‘가전·상업·산업용 신규 냉매, 냉동기유 및 액침냉각 기술 공동 선행 개발’ 업무협약(MOU)을 체결한 뒤... LG전자·SK엔무브는 이번 MOU를 계기로 적용 범위를 데이터센터에서 에너지저장장치(ESS), 전기차 부품 등... ",https://www.edaily.co.kr/News/Read?newsId=02932326645583072&mediaCodeNo=257&utm_source=naver&utm_medium=referral&utm_campaign=news_syndication&utm_content=original_article,https://n.news.naver.com/mnews/article/018/0006374818?sid=101,"Wed, 23 Sep 2026 10:02:00 +0900",2026-09-23 10:20:16
자동차/모빌리티,전기차 산업,"LG전자, AIDC 차세대 열관리 핵심 소재 개발..SK엔무브와 맞손","다양한 산업을 위한 차세대 열관리 기술 협력에 나선다.LG전자는 21일 서울 종로구 SK서린빌딩에서... (에너지저장장치), 전기차 부품 등 고발열 전력·전자기기의 열관리 분야까지 액침냉각 기술의 적용 가능성을 검토할... ",https://kpenews.com/View.aspx?No=4239383,https://kpenews.com/View.aspx?No=4239383,"Wed, 23 Sep 2026 10:02:00 +0900",2026-09-23 10:20:16
자동차/모빌리티,전기차 산업,"LG전자-SK엔무브, 열관리 핵심 소재 공동개발 맞손","글로벌 냉난방공조 시장에서 경쟁력 강화 지난 21일 진행된 '가전·상업·산업용 신규 냉매, 냉동기유 및... (에너지저장장치), 전기차 부품 등 고발열 전력·전자기기의 열관리 분야까지 액침냉각 기술의 적용 가능성을... ",http://www.segyebiz.com/newsView/20260923503108?OutUrl=naver,http://www.segyebiz.com/newsView/20260923503108?OutUrl=naver,"Wed, 23 Sep 2026 10:02:00 +0900",2026-09-23 10:20:16
자동차/모빌리티,모빌리티 시장,[Invest]카모 ADR 막은 카카오 이사회…중복상장 넘을 ‘주주보호책’ 없...,"TPG가 보유한 카카오모빌리티 지분을 기초로 ADR을 발행해 미국 시장에서 유동화하는 방안으로, 지난 7월 미국 증권거래위원회(SEC)에 상장 등록신청서인 '폼 F-1'도 비공개 제출했다.시장에서는 이사회의 반대 결정으로... ",https://www.investchosun.com/site/data/html_dir/2026/09/23/2026092380049.html,https://www.investchosun.com/site/data/html_dir/2026/09/23/2026092380049.html,"Wed, 23 Sep 2026 10:18:00 +0900",2026-09-23 10:20:17
자동차/모빌리티,모빌리티 시장,홍지선 국토부 장관 &quot;주택 공급은 숫자 아닌 착공·입주…속도 높일 것...,"홍 장관은 &quot;주택 수급의 불균형과 임대차 시장의 불안, 가계부채 부담까지 서로 맞물려 있다&quot;며 &quot;이제는... 미래 성장동력으로는 자율주행과 UAM(도심항공교통), 이동로봇 등 미래 모빌리티를 꼽았다. AI와 첨단기술을 접목한... ",https://www.mt.co.kr/estate/2026/09/23/2026092309551374040,https://n.news.naver.com/mnews/article/008/0005417786?sid=101,"Wed, 23 Sep 2026 10:17:00 +0900",2026-09-23 10:20:17
자동차/모빌리티,모빌리티 시장,"우버 '이동·주문·광고' 연결하나…공정위, 배민 인수 사전심사 착수","시장 규모의 차이도 크다. 공정위가 제시한 올해 2월 월간활성이용자(MAU) 기준 국내 택시 호출 플랫폼은 카카오모빌리티가 1358만 명으로 1위, 우버가 65만 명으로 2위다. 반면 4월 배달 플랫폼에서는 배민이 2340만 명으로... ",https://www.e-science.co.kr/news/articleView.html?idxno=136028,https://www.e-science.co.kr/news/articleView.html?idxno=136028,"Wed, 23 Sep 2026 10:16:00 +0900",2026-09-23 10:20:17
자동차/모빌리티,모빌리티 시장,KGM 에티오피아에 KD 공장…토레스 EVX·무쏘 EV 연 1000대,KG 모빌리티(KGM)는 B&amp;C 매뉴팩처링 그룹 및 영산글로넷과 업무협약(MOU)을 체결하고 에티오피아 KD 사업을 추진한다고 23일 밝혔다. KGM은 현지 차량 조립·생산을 통해 아프리카 시장 판매 확대에 나설 계획이다.... ,https://www.wolyo.co.kr/news/articleView.html?idxno=318219,https://www.wolyo.co.kr/news/articleView.html?idxno=318219,"Wed, 23 Sep 2026 10:16:00 +0900",2026-09-23 10:20:17
자동차/모빌리티,모빌리티 시장,"&quot;우버, 배달의민족 품는다&quot;…공정위 심사 착수, 배달시장 판도 흔들까",특히 배달앱 시장과 모빌리티 시장이 각각 경쟁하던 구조가 '이동+배달+멤버십+광고'가 결합된 플랫폼 경쟁으로 확대될 수 있다는 점에서 향후 공정위의 심사 결과에 관심이 쏠린다.,https://www.jnilbo.com/news/articleView.html?idxno=90000068191,https://www.jnilbo.com/news/articleView.html?idxno=90000068191,"Wed, 23 Sep 2026 10:15:00 +0900",2026-09-23 10:20:17
자동차/모빌리티,모빌리티 시장,배민 인수 시동 건 우버...국내 배달 시장 재편되나,"시장 일각에선 이번 결합이 성사되면 우버가 ‘우버 택시’에 이어 국내 배달 1위인 배달의민족까지 품게 되는 만큼, 시장 판도가 급변할 것이라는 관측이 나온다. 모빌리티와 음식 배달을 묶은 통합 멤버십, 교차 할인... ",https://www.mediapen.com/news/view/1125643,https://www.mediapen.com/news/view/1125643,"Wed, 23 Sep 2026 10:14:00 +0900",2026-09-23 10:20:17
자동차/모빌리티,모빌리티 시장,"KGM, 에티오피아 반조립 사업 진출… 아프리카 공략 ‘속도’","KG모빌리티(KGM)가 에티오피아 자동차 반조립(KD) 사업에 진출하며 아프리카 시장 확대에 나섰다. KGM은 지난 22일 서울 중구 KG타워에서 에티오피아 B&amp;C매뉴팩처링그룹, 글로벌 물류·엔지니어링 기업 영산글로넷과... ",https://biz.chosun.com/industry/car/2026/09/23/2N25M427OJATJNIYAFOGSXS47Y/?utm_source=naver&utm_medium=original&utm_campaign=biz,https://n.news.naver.com/mnews/article/366/0001194139?sid=103,"Wed, 23 Sep 2026 10:12:00 +0900",2026-09-23 10:20:17
자동차/모빌리티,모빌리티 시장,"KGM, 에티오피아 KD 사업 본격 진출… 동아프리카 공략 시동",KG 모빌리티(KGM)가 B&amp;C 및 영산글로넷과 손잡고 아프리카 신흥 시장 개척에 박차를 가한다. 친환경차 중심의 현지 조립·생산(KD) 거점을 마련해 아프리카 및 동아프리카 인근 국가로의 수출 물량을 대폭 확대한다는... ,http://www.popcornnews.net/news/articleView.html?idxno=134024,http://www.popcornnews.net/news/articleView.html?idxno=134024,"Wed, 23 Sep 2026 10:12:00 +0900",2026-09-23 10:20:17
자동차/모빌리티,모빌리티 시장,"KG모빌리티, 에티오피아에 전기차 조립공장 세운다","-10월 KD 공장 착공..2027년 상반기 생산 시작 -토레스 EVX·무쏘 EV 연간 1,000대 규모 공급 -에티오피아 거점으로 동아프리카 수출 KG모빌리티(KGM)가 에티오피아에 전기차 조립공장을 구축하고 동아프리카 시장 공략에... ",http://autotimes.co.kr/detail.php?number=689269&thread=27,http://autotimes.co.kr/detail.php?number=689269&thread=27,"Wed, 23 Sep 2026 10:12:00 +0900",2026-09-23 10:20:17
자동차/모빌리티,모빌리티 시장,"KGM, 에티오피아 KD 사업 진출…아프리카 시장 확대",KD 조립공장 10월 착공·내년 상반기 생산 시작…연간 1천대 수출 KG모빌리티(이하 KGM)가 에티오피아 현지 조립(KD) 사업에 진출하며 아프리카 시장 확대에 나선다. KGM은 22일 에티오피아 B&amp;C 매뉴팩처링 그룹(B&amp;C)... ,https://www.yna.co.kr/view/AKR20260923062100003?input=1195m,https://n.news.naver.com/mnews/article/001/0016331771?sid=101,"Wed, 23 Sep 2026 10:11:00 +0900",2026-09-23 10:20:17
자동차/모빌리티,모빌리티 시장,"홍지선 신임 국토부 장관 취임…&quot;주택공급, 계획에 머물면 안 돼&quot;","홍 장관은 현재 부동산 시장 상황에 대해 &quot;주택 수급 불균형과 임대차 시장 불안, 가계부채 부담까지 맞물려... 건설현장의 부실시공과 불법하도급 근절, 자율주행·도심항공교통(UAM) 등 미래 모빌리티를 선도하겠다는... ",https://www.newsis.com/view/NISX20260923_0003801635,https://n.news.naver.com/mnews/article/003/0014209954?sid=101,"Wed, 23 Sep 2026 10:11:00 +0900",2026-09-23 10:20:17
자동차/모빌리티,모빌리티 시장,"KGM, 아프리카 영역 확대…에티오피아 KD 사업 진출","정찬범 영산글로넷 사장, 황기영 KG모빌리티 대표이사, Mr.부르크 B&amp;C 매뉴팩처링 그룹 대표이사. 사진... 예정&quot;이라며 &quot;신흥 시장 진출과 국가별 신모델 출시 등 글로벌 시장 공략 강화를 통해 판매 물량을 늘려 나갈... ",https://daily.hankooki.com/news/articleView.html?idxno=1409316,https://daily.hankooki.com/news/articleView.html?idxno=1409316,"Wed, 23 Sep 2026 10:08:00 +0900",2026-09-23 10:20:17
자동차/모빌리티,모빌리티 시장,"전북특별자치도민회중앙회, 이원택 지사 초청 '전북 미래 비전 간담회'...","내수시장이 줄어드는 것을 어떻게 대응해야 하는 지를 파악하고 이에 대한 대안 모색이 있어야 한다&quot;고... 제조·모빌리티·농생명·새만금이라는 '현실세계데이터'가 경쟁력이 있다고 강조하며, 전북에 기회가 왔음을... ",http://www.domin.co.kr/news/articleView.html?idxno=1569935,http://www.domin.co.kr/news/articleView.html?idxno=1569935,"Wed, 23 Sep 2026 10:06:00 +0900",2026-09-23 10:20:17
자동차/모빌리티,모빌리티 시장,아프리카 시장 확장 나서는 KG 모빌리티...에티오피아 KD 사업 진출 위한...,KG 모빌리티가 아프리카 자동차 시장 확장에 나선다. 에티오피아 KD 사업 진출을 시작으로 동아프리카 시장 공략을 구체화 했다. KG 모빌리티는 22일 서울 중구 KG 타워에서 B&amp;C 및 영산글로넷과 에티오피아 KD 사업... ,http://www.osen.co.kr/article/G1112880488,https://n.news.naver.com/mnews/article/109/0005611334?sid=103,"Wed, 23 Sep 2026 10:05:00 +0900",2026-09-23 10:20:17
자동차/모빌리티,모빌리티 시장,"우버, '배민' 품나... 끼워팔기·결합판매 영향 여부가 쟁점","이런 방식이 카카오모빌리티, 쿠팡이츠 등 경쟁사를 시장에서 밀어낼 정도에 이르는지가 심사의 관건이다. 두 서비스의 이용·결제·위치 데이터가 합쳐지면서 생기는 데이터 집중 문제도 검토 대상으로 꼽힌다. 배민은... ",https://www.lawtv.kr/news/articleView.html?idxno=61005,https://www.lawtv.kr/news/articleView.html?idxno=61005,"Wed, 23 Sep 2026 10:04:00 +0900",2026-09-23 10:20:17
친환경/신재생,신재생에너지 주가,미국 태양광 '국가안보 전략자산' 격상…OCI홀딩스·한화솔루션 수혜 기...,"최근 태양광 관련주 주가 약세는 오히려 정책 변화 전후의 산업 재평가 가능성을 살펴볼 시점이라는 분석도... 결국 미국 태양광 시장을 단순한 신재생에너지 시장으로 보기보다 AI·반도체의 전력 확보, 반도체 소재... ",http://www.newsdream.kr/news/articleView.html?idxno=118789,http://www.newsdream.kr/news/articleView.html?idxno=118789,"Wed, 23 Sep 2026 08:10:00 +0900",2026-09-23 10:20:18
친환경/신재생,신재생에너지 주가,&quot;원전·SMR·신재생 날개 단 삼성물산…건설 영업이익률 5.3% 돌파 눈앞&quot;,"삼성물산의 기업가치는 83조2000억원으로 산정됐으며, 현재 주가 35만1000원 대비 상승여력은 45%로... 원전과 신재생에너지는 하이테크에 이은 중장기 수주 확대의 기반이다. 루마니아 대형원전 시공사... ",https://www.newsquest.co.kr/news/articleView.html?idxno=301500,https://www.newsquest.co.kr/news/articleView.html?idxno=301500,"Tue, 22 Sep 2026 18:48:00 +0900",2026-09-23 10:20:18
친환경/신재생,신재생에너지 주가,"삼성물산, 하이테크 수주 기반 실적 성장 기대… 원전·신재생 사업도 ...",원전과 신재생에너지 등 신규 성장 분야에서도 추가 수주 가능성이 높아 향후 건설 부문 경쟁력이 강화될... 이에 유안타증권은 삼성물산의 성장성을 반영해 투자의견 '매수(BUY)'와 목표주가 51만원으로 커버리지를... ,https://www.s-journal.co.kr/news/articleView.html?idxno=43980,https://www.s-journal.co.kr/news/articleView.html?idxno=43980,"Tue, 22 Sep 2026 17:04:00 +0900",2026-09-23 10:20:18
친환경/신재생,신재생에너지 주가,"삼성물산, 삼성전자 덕에 기업가치 견고...상반기에만 하이테크 수주 가...",유안타증권이 21일 삼성물산의 목표주가 51만 원을 제시했다. 사업부별 영업가치와 자회사 지분가치가... 하이테크 부문의 성장에 이어 원전 및 신재생에너지 부문이 차세대 수주 모멘텀을 형성하고 있다.... ,http://www.lkp.news/news/articleView.html?idxno=84319,http://www.lkp.news/news/articleView.html?idxno=84319,"Tue, 22 Sep 2026 17:00:00 +0900",2026-09-23 10:20:18
친환경/신재생,신재생에너지 주가,[코스닥 새내기] 달리다 미끄러진 'KB제34호스팩',"이 같은 신규 상장 스팩은 주가를 떠받칠 모멘텀이 전혀 없기 때문에 투자에 주의해야 한다. 이윤 창출을... 합병대상 업종은 신재생에너지, 바이오제약·의료기기, IT융합시스템, LED 응용, 그린수송시스템... ",http://www.newswell.co.kr/news/articleView.html?idxno=22175,http://www.newswell.co.kr/news/articleView.html?idxno=22175,"Tue, 22 Sep 2026 16:10:00 +0900",2026-09-23 10:20:18
친환경/신재생,신재생에너지 주가,"LS전선, 삼전닉스에 버금가는 '폭풍성장'…LS엔 주가 반등 모멘텀","000원의 신고가를 기록한 이후 현재32만원대로 주저 앉은 LS주가는 멀지 않아 반등세로 돌아설 수 있을... 선진국의 노후 전력망 교체, 신재생에너지 전환, AI 데이터센터 전력망 수요가 맞물린 덕분이다. 올 6월 말... ",http://www.nongaek.com/news/articleView.html?idxno=96888,http://www.nongaek.com/news/articleView.html?idxno=96888,"Tue, 22 Sep 2026 15:42:00 +0900",2026-09-23 10:20:18
친환경/신재생,신재생에너지 주가,한화솔루션 2만7450원 약보합…2분기 영업이익 3065억원,한화솔루션이 신재생에너지 부문 실적 회복을 확인한 뒤 장중 약보합권에서 움직이고 있다. 22일 오후... 이날 저가권에 머문 주가와 실적 회복 흐름이 엇갈린 만큼 다음 분기 현금흐름도 살펴야 한다.,https://www.job-post.co.kr/news/articleView.html?idxno=228876,https://www.job-post.co.kr/news/articleView.html?idxno=228876,"Tue, 22 Sep 2026 15:30:00 +0900",2026-09-23 10:20:18
친환경/신재생,신재생에너지 주가,해상풍력·전력망 투자 확대 기대…풍력 기자재株 상승세,풍력용 소재 수요 확대와 실적 개선 기대가 주가에 반영되는 모습이다. 풍력 발전 설비와 플랜트 엔지니어링 분야에서는 한전기술이 7.18% 오른 13만8900원을 나타내고 있다. 해상풍력과 신재생에너지 관련 설계... ,https://www.pinpointnews.co.kr/news/articleView.html?idxno=489624,https://www.pinpointnews.co.kr/news/articleView.html?idxno=489624,"Tue, 22 Sep 2026 14:46:00 +0900",2026-09-23 10:20:18
친환경/신재생,신재생에너지 주가,"“배터리만 보지 마라”…ESS가 띄운 삼성SDI, 전력 인프라株 주목",22일 금융투자업계에 따르면 iM증권은 전날 삼성SDI의 목표주가를 기존 59만원에서 80만원으로 35.6% 올렸다.... ESS가 단순히 신재생에너지 발전량을 저장하는 장치를 넘어 AI 데이터센터의 안정적인 전력 공급을... ,https://www.g-enews.com/view.php?ud=202609221430003357153ddfb15a_1,https://www.g-enews.com/view.php?ud=202609221430003357153ddfb15a_1,"Tue, 22 Sep 2026 14:42:00 +0900",2026-09-23 10:20:18
친환경/신재생,신재생에너지 주가,"장기전 돌입한 포스코 '트리플코어'…장인화, 연임 도전 나설까","철강은 '산업자원', 이차전지소재는 리튬·희토류 원료까지 넓힌 '전략자원', LNG와 신재생에너지는... 주주가치도 함께 챙긴다. 그룹은 2026~2028년 조정 순이익의 35~40%를 주주에게 돌려주고, 2028년 주가순자산비율(PBR)... ",https://www.ebn.co.kr/news/articleView.html?idxno=1725337,https://www.ebn.co.kr/news/articleView.html?idxno=1725337,"Tue, 22 Sep 2026 14:32:00 +0900",2026-09-23 10:20:18
친환경/신재생,신재생에너지 주가,"LG엔솔, 엔비디아 AI 팩토리 합류...ESS 사업 확대 속도",정 연구원은 &quot;ESS의 역할이 신재생 에너지 연계용 저장장치를 넘어 AIDC의 안정적인 전력 공급을 지원하는... 정 연구원은 &quot;당사가 파악한 바에 따르면 대규모 ESS 신규 수주가 4Q26에 집중될 것으로 예상된다&quot;며 북미... ,https://www.ekoreanews.co.kr/news/articleView.html?idxno=88257,https://www.ekoreanews.co.kr/news/articleView.html?idxno=88257,"Tue, 22 Sep 2026 14:14:00 +0900",2026-09-23 10:20:18
친환경/신재생,신재생에너지 주가,"북미·유럽 전력망 싹 바뀐다… 일진전기, 초고압 중전기기 특수 기대",북미 및 유럽 향 전력 인프라 교체 주기 도래에 따른 고부가가치 중전기기 및 전선 매출 확대 전망이 주가 상승을 이끌고 있다. 인공지능(AI) 데이터센터 확충과 신재생에너지 연계 수요로 글로벌 전력망 구축 프로젝트가... ,https://www.pinpointnews.co.kr/news/articleView.html?idxno=489560,https://www.pinpointnews.co.kr/news/articleView.html?idxno=489560,"Tue, 22 Sep 2026 13:06:00 +0900",2026-09-23 10:20:18
친환경/신재생,신재생에너지 주가,"거래소, 한국 증시 맞춤 산업분류 도입…반도체·배터리 따로 묶는다",당시 연구용역에는 반도체·자동차·2차전지 등 국가 주력산업과 인공지능(AI)·로보틱스·신재생에너지 등... 결과와 주가·거래량 등을 공개한다. 올해 하반기 코스피200과 코스닥150 등 대표지수에 먼저 적용한 뒤 대상... ,https://www.newsway.co.kr/news/view?ud=2026092210201917515,https://www.newsway.co.kr/news/view?ud=2026092210201917515,"Tue, 22 Sep 2026 10:26:00 +0900",2026-09-23 10:20:18
친환경/신재생,신재생에너지 주가,"한국거래소, 자체 산업분류체계 'KRICS' 도입...모빌리티 섹터 신설","이 밖에 우주항공 및 방위산업, 신재생에너지, 바이오 등 국내 증시에서 비중이 커진 산업도 별도 분류에... 거래소는 다음달 26일부터 KRX 인덱스 웹사이트를 통해 상장종목의 KRICS 1·2단계 산업분류 결과와 주가... ",https://www.digitaltoday.co.kr/news/articleView.html?idxno=702325,https://www.digitaltoday.co.kr/news/articleView.html?idxno=702325,"Tue, 22 Sep 2026 10:20:00 +0900",2026-09-23 10:20:18
친환경/신재생,신재생에너지 주가,"새내기 스팩 2종목, 상장 첫날 100%대 급등 [핫종목]","합병 비율은 합병 대상 기업의 가치와 스팩의 가치를 토대로 산정하기 때문에 스팩 주가가 지나치게... KB증권이 주관한 KB제34호스팩은 신재생에너지, 바이오제약·의료기기, IT융합시스템, 로봇 응용, 신소재... ",https://www.news1.kr/finance/general-stock/6298479,https://n.news.naver.com/mnews/article/421/0009185395?sid=101,"Tue, 22 Sep 2026 10:03:00 +0900",2026-09-23 10:20:18
친환경/신재생,신재생에너지 주가,[헬로스톡] 9/21 주목할 종목 : 삼성SDI·삼성물산·GS건설·카카오,"중동 불확실성 완화로 국제유가가 하락한 가운데, AI 호조 지속 기대감이 재확대되며 반도체주가... ESS는 신재생에너지와 연결하는 저장 장치를 넘어 AIDC(AI 데이터센터)의 안정적 전력 공급을 위한 핵심... ",https://www.hellot.net/news/article.html?no=115059,https://www.hellot.net/news/article.html?no=115059,"Mon, 21 Sep 2026 19:02:00 +0900",2026-09-23 10:20:18
친환경/신재생,신재생에너지 주가,산일전기 3.07% 하락…사상 최대 이익 뒤 높아진 눈높이,산일전기가 분기 최대 실적을 낸 뒤 주가는 하락했다. 전력기기 호황에 대한 기대가 이미 높아진... 데이터센터와 신재생에너지용 특수변압기 매출이 성장을 이끌었다. 같은 기간 신규수주는 2435억원으로 전년... ,https://www.job-post.co.kr/news/articleView.html?idxno=228598,https://www.job-post.co.kr/news/articleView.html?idxno=228598,"Mon, 21 Sep 2026 15:50:00 +0900",2026-09-23 10:20:18
친환경/신재생,신재생에너지 주가,한화솔루션 2.99% 하락…2분기 흑자에도 태양광 업황 경계,"한화솔루션 주가가 21일 장중 2%대 하락하며 2만7000원대로 밀렸다. 2분기 주요 사업부가 모두 흑자를... 신재생에너지와 케미칼, 첨단소재 부문이 2분기 연속 영업흑자를 기록했다. 신재생에너지 부문 매출은... ",https://www.job-post.co.kr/news/articleView.html?idxno=228575,https://www.job-post.co.kr/news/articleView.html?idxno=228575,"Mon, 21 Sep 2026 15:26:00 +0900",2026-09-23 10:20:18
친환경/신재생,신재생에너지 주가,"글로벌 ESS 배터리 시장 '각형'이 독식…삼성SDI, 전력 인프라 산업 선도...",인공지능(AI) 데이터센터 확충과 신재생에너지 연계 수요 폭증으로 글로벌 에너지저장장치(ESS) 시장이... 증권가에서는 삼성SDI를 단순 배터리 제조업체를 넘어 '전력 인프라 핵심 기업'으로 재평가하며 목표주가를... ,http://www.lkp.news/news/articleView.html?idxno=84266,http://www.lkp.news/news/articleView.html?idxno=84266,"Mon, 21 Sep 2026 14:58:00 +0900",2026-09-23 10:20:18
친환경/신재생,태양광 산업,"부안 신재생에너지 테마체험관, 추석 연휴 특별 운영","23일 전북자치도에 따르면 부안 신재생에너지단지는 테마체험단지, 실증연구단지, 산업단지가 함께 조성된... 2층에서는 증강현실(AR)과 게임을 활용해 태양광, 풍력 등 8개 재생에너지와 2개 신에너지 원리를 배운다.... ",https://www.nocutnews.co.kr/news/6582526?utm_source=naver&utm_medium=article&utm_campaign=20260923101633,https://n.news.naver.com/mnews/article/079/0004192402?sid=102,"Wed, 23 Sep 2026 10:17:00 +0900",2026-09-23 10:20:18
친환경/신재생,태양광 산업,"현진기업, 인니 '에너지 자립형 정수시설 구축사업' 착공…전남테크노...",해표산업이 참여 기업으로 공동 수행했으며 전남테크노파크는 지난해부터 프로젝트 발굴 등 사업화를 지원하고 있다. 이 사업은 정수기술에 태양광 발전과 에너지저장장치(ESS)를 연계해 전력 및 상수도 기반시설이... ,https://www.etnews.com/20260923000074,https://n.news.naver.com/mnews/article/030/0003469674?sid=102,"Wed, 23 Sep 2026 10:14:00 +0900",2026-09-23 10:20:18
친환경/신재생,태양광 산업,페로타임즈 손바닥뉴스 9월23일(수),"35% 동일금속, 거래량 미달로 관리종목 지정 우려 인천시, 제물포구 철강산업 '산업위기선제대응지역... 잘츠기터, 태양광·ESS 결합 전력계약 체결…저탄소 철강 지원 [글로벌 설비 동향] 日 일본제철, 슬로바키아... ",http://www.ferrotimes.com/news/articleView.html?idxno=50548,http://www.ferrotimes.com/news/articleView.html?idxno=50548,"Wed, 23 Sep 2026 10:10:00 +0900",2026-09-23 10:20:18
친환경/신재생,태양광 산업,"[인터뷰] 김성수 학장, &quot;지리산국제환경비엔날레, 경남 하동서 시작해 ...","태양광 산업과 대지예술을 접목하겠다고 결심하신 계기와 시점이 있으신가요? A. 아시다시피 노르웨이는 수력·풍력 발전 중심의 재생에너지 분야 최강국으로, 재생에너지 종주국과 협력해야 한다고 생각했습니다.... ",http://www.enewstoday.co.kr/news/articleView.html?idxno=2473834,http://www.enewstoday.co.kr/news/articleView.html?idxno=2473834,"Wed, 23 Sep 2026 10:10:00 +0900",2026-09-23 10:20:18
친환경/신재생,태양광 산업,"조현준 효성 회장, ESG 선제투자 결실…바이오·HVDC 성장동력 확대",조현준 효성 회장이 탄소중립과 글로벌 산업구조 재편에 대응해 추진해 온 환경·사회·지배구조(ESG)... 해상풍력과 태양광 등 재생에너지 발전이 확대될수록 발전지역과 수요처를 안정적으로 연결하는 송전망의... ,https://www.g-enews.com/view.php?ud=2026092309205681112616b072_1,https://www.g-enews.com/view.php?ud=2026092309205681112616b072_1,"Wed, 23 Sep 2026 10:06:00 +0900",2026-09-23 10:20:18
친환경/신재생,태양광 산업,2030년 재생에너지 100GW 보급에 기여할 것,"정부는 2030년 재생에너지 설비용량 100GW 조기 달성을 목표로 공공부지 및 영농형 태양광 보급, 풍력 원스톱... 이러한 정부의 적극적인 정책 의지와 과감한 투자는 우리 신·재생에너지 산업계가 지정학적 리스크와 대외... ",http://www.e-platform.net/news/articleView.html?idxno=105648,http://www.e-platform.net/news/articleView.html?idxno=105648,"Wed, 23 Sep 2026 10:00:00 +0900",2026-09-23 10:20:18
친환경/신재생,태양광 산업,"ESS 중앙계약시장 개설, 제주만 신규 계약 방식 추가","정부는 가격(50%)과 비가격(산업경쟁력, 계통기여, 화재 안전성 등 50%) 요소를 고려하며, 선정된 사업자는... 바람과 태양광 등 신재생에너지 비율이 높은 제주의 경우, 전국에 ESS의 중요성을 시사한 지역이다.... ",https://www.jejusori.net/news/articleView.html?idxno=506820,https://www.jejusori.net/news/articleView.html?idxno=506820,"Wed, 23 Sep 2026 10:00:00 +0900",2026-09-23 10:20:18
친환경/신재생,태양광 산업,"전남TP 지원 결실, 현진기업·해표산업 인도네시아 정수사업 착공","있으며, ㈜해표산업이 참여 기업으로 공동 수행하여, 전남TP는 '25년부터 프로젝트 발굴 등 사업화를 지원하고 있다. 정수기술에 태양광 발전과 ESS를 연계해 전력 및 상수도 기반시설이 부족한 지역에서도 안정적으로... ",https://www.nocutnews.co.kr/news/6582484?utm_source=naver&utm_medium=article&utm_campaign=20260923095632,https://n.news.naver.com/mnews/article/079/0004192375?sid=102,"Wed, 23 Sep 2026 09:57:00 +0900",2026-09-23 10:20:18
친환경/신재생,태양광 산업,"【데일리 ESG 정책 브리핑】ESS 1,180MW 입찰·폐차 희토류 회수체계 구...","새만금개발청은 9월 22일 새만금 국가산업단지 1산단 7공구에 들어설 현대차그룹 AI 데이터센터... 현대차그룹의 새만금 투자계획에는 AI 데이터센터와 함께 로봇 제조공장, 수전해 플랜트, 태양광발전, AI 수소시티... ",https://www.impacton.net/news/articleView.html?idxno=30025,https://www.impacton.net/news/articleView.html?idxno=30025,"Wed, 23 Sep 2026 09:42:00 +0900",2026-09-23 10:20:18
친환경/신재생,태양광 산업,"R&amp;D 역량 지역사회로…RIST, 기술로 상생 넓힌다",포항산업과학연구원(RIST)이 자체 연구개발(R&amp;D) 역량을 활용해 지역사회와 산업 현장을 지원하는 사회공헌... 환경·에너지 특강과 태양광 전기자동차 모형 만들기 등 어린이들이 에너지 전환과 환경 문제를 직접... ,https://www.sedaily.com/article/20094329?ref=naver,https://n.news.naver.com/mnews/article/011/0004664848?sid=102,"Wed, 23 Sep 2026 09:30:00 +0900",2026-09-23 10:20:18
친환경/신재생,태양광 산업,[더벨][영상 | thebell's view] 알짜 떼어내고 빚은 남았다…한화가 부채...,"방산과 반도체 장비, 이차전지와 산업기계, 태양광 장비, 플랜트와 풍력이 차례로 빠져나간 셈입니다. 그 와중에 건설은 남았습니다. 올해는 인적분할이 이뤄졌습니다. 한화비전과 한화모멘텀, 한화세미텍... ",https://www.thebell.co.kr/free/content/ArticleView.asp?key=202609221423009600106785,https://www.thebell.co.kr/free/content/ArticleView.asp?key=202609221423009600106785,"Wed, 23 Sep 2026 09:28:00 +0900",2026-09-23 10:20:18
친환경/신재생,태양광 산업,"200조 부채 늪 빠진 전력망…전력감독원, 신설보다 구성이 핵심","문양택 기후부 전력산업정책관은 &quot;대기업 외에도 수많은 태양광 발전소 등 민간 사업자들이 시장에 들어와 있는 만큼, 전력시장의 공정성과 계통 안정성을 달성하기 위해서는 이들의 협조가 필수적&quot;이라고 말했다. 문... ",http://www.ftoday.co.kr/news/articleView.html?idxno=366002,http://www.ftoday.co.kr/news/articleView.html?idxno=366002,"Wed, 23 Sep 2026 09:24:00 +0900",2026-09-23 10:20:18
친환경/신재생,태양광 산업,"중국 AI 모델, 글로벌 호출량 1위...왜?",서북부 간쑤성·닝샤회족자치구 등은 풍력·태양광·수력발전 자원이 풍부하고 전기요금이 저렴해 대규모 AI 훈련에 유리하다. 반면 동부 연안 지방은 AI 수요와 활용 산업이 밀집해 실시간 추론 서비스를... ,http://www.choicenews.co.kr/news/articleView.html?idxno=171634,http://www.choicenews.co.kr/news/articleView.html?idxno=171634,"Wed, 23 Sep 2026 09:16:00 +0900",2026-09-23 10:20:18
친환경/신재생,태양광 산업,"“태양광은 미국의 안보 전략 자산”…반토막난 태양광주, 언제 사야할...","미국에게 태양광 산업은 단순한 ‘탈탄소’를 넘어 ‘미·중 패권 경쟁의 핵심 전략 자산’으로 진화했다”고 했다. 윤 연구원은 최근 태양광주가 약세를 보인 배경으로 금리 상승에 따른 수요 둔화 우려, 단기 실적... ",https://www.chosun.com/economy/money/2026/09/23/FHOG7JE3TNDQTM2O2QFPHCM7BM/?utm_source=naver&utm_medium=referral&utm_campaign=naver-news,https://n.news.naver.com/mnews/article/023/0004000058?sid=101,"Wed, 23 Sep 2026 09:03:00 +0900",2026-09-23 10:20:18
친환경/신재생,태양광 산업,R]&quot;태양광 수익 소수가 독점&quot;.. '상생 사업'에 멍든 마을,"제도적으로 태양광 수익까지 추가로 보장한 사업이지만, 정작 주민 참여 여부부터 제대로 확인되지 않아 마을 갈등만 키운 셈입니다. 해당 사업을 허가했던 산업통상자원부를 대신해 현재 관련 업무를 맡고 있는... ",http://andongmbc.co.kr/adboard/NewsView84919,http://andongmbc.co.kr/adboard/NewsView84919,"Wed, 23 Sep 2026 09:02:00 +0900",2026-09-23 10:20:18
친환경/신재생,태양광 산업,"RE100 이행·CBAM 대응, 재생에너지 역할 필수",한국태양광산업협회 박종환 회장  지난 29년간 에너지플랫폼뉴스는 척박한 언론 환경 속에서도 '에너지 산업 발전'과 '합리적인 에너지 정책 수립' 이라는 사명감을 가지고 현장을 누벼오신 에너지플랫폼뉴스 발행인과... ,http://www.e-platform.net/news/articleView.html?idxno=105647,http://www.e-platform.net/news/articleView.html?idxno=105647,"Wed, 23 Sep 2026 09:00:00 +0900",2026-09-23 10:20:18
친환경/신재생,태양광 산업,태양광 '1km 장벽' 제거…재생에너지 입지규제 대수술 효과는,"최근 정부가 산업단지·공장지붕 태양광을 강조하는 이유도 여기에 있다. 결국 이격거리 개편은 단순히 '태양광을 더 많이 설치할 수 있게 한다'는 정책에 그치지 않는다. 어디에, 어떤 방식으로 태양광을 설치할... ",https://www.esgeconomy.com/news/articleView.html?idxno=16818,https://www.esgeconomy.com/news/articleView.html?idxno=16818,"Wed, 23 Sep 2026 08:34:00 +0900",2026-09-23 10:20:18
친환경/신재생,태양광 산업,"원림, 'ESG 혁신 TF팀' 가동…지속가능한 경영 체계 확립 박차",원림이 ESG 경영의 일환으로 설치한 태양광 발전 시설. 사진=원림 원림이 지속가능한 경영 체계 확립을 위해... 시장에서도 산업용 포장재 기업으로서의 위상을 한층 강화할 수 있을 것으로 기대하고 있다. 나아가 회사가... ,https://www.pointdaily.co.kr/news/articleView.html?idxno=320297,https://www.pointdaily.co.kr/news/articleView.html?idxno=320297,"Wed, 23 Sep 2026 08:24:00 +0900",2026-09-23 10:20:18
친환경/신재생,풍력 시장,"LS전선, 유럽 최대 풍력 전시회 참가…HVDC·시공 역량 결집",더피알=최진 기자｜LS전선이 초고압직류송전(HVDC) 기술력과 LS마린솔루션의 해저 시공 역량을 결합한 '통합 솔루션'을 앞세워 유럽 해상풍력 시장 공략에 속도를 낸다. LS전선은 오는 25일까지 독일 함부르크에서... ,https://www.the-pr.co.kr/news/articleView.html?idxno=62717,https://www.the-pr.co.kr/news/articleView.html?idxno=62717,"Wed, 23 Sep 2026 10:18:00 +0900",2026-09-23 10:20:19
친환경/신재생,풍력 시장,"LS전선·LS마린, 유럽 해상풍력 공략…전력망 통합 솔루션 공개",LS전선과 LS마린솔루션이 해저케이블 생산부터 시공·유지보수까지 아우르는 통합 솔루션을 앞세워 유럽 해상풍력 시장 공략을 강화한다. LS전선은 22일부터 25일까지 독일 함부르크에서 열리는 ‘윈드에너지... ,https://www.busan.com/view/busan/view.php?code=2026092310142936641,https://n.news.naver.com/mnews/article/082/0001399644?sid=101,"Wed, 23 Sep 2026 10:15:00 +0900",2026-09-23 10:20:19
친환경/신재생,풍력 시장,"LS전선, '윈드에너지 함부르크' 참가…유럽 해상풍력 시장 공략 강화","/LS전선 제공 LS전선이 LS마린솔루션과 협력해 해저케이블 생산부터 포설·시공, 점검·유지보수까지 아우르는 통합 솔루션을 앞세워 유럽 해상풍력 시장 공략을 확대한다. LS전선은 9월 22일부터 25일까지 독일... ",http://www.snmnews.com/news/articleView.html?idxno=575131,http://www.snmnews.com/news/articleView.html?idxno=575131,"Wed, 23 Sep 2026 10:14:00 +0900",2026-09-23 10:20:19
친환경/신재생,풍력 시장,"에스토니아 경제산업 장관 “한국, 위협 속에서도 번영…훌륭한 롤모델...",(EU) 시장 진출을 위한 관문이자 테스트베드가 될 수 있다고 강조했다. 디지털 행정 시스템과 기업 친화적인... 풍력 터빈 등에 쓰이는 ‘영구자석(Magnet)’ 제조 분야도 유망한 협력 과제로 꼽았다. 유럽 내 공급망이... ,https://www.kukinews.com/article/view/kuk202609220248,https://www.kukinews.com/article/view/kuk202609220248,"Wed, 23 Sep 2026 10:14:00 +0900",2026-09-23 10:20:19
친환경/신재생,풍력 시장,"LS전선, 500kV HVDC 앞세워 유럽 해상풍력 공략…LS마린솔루션과 ‘원스...",LS전선이 국내 유일의 500kV급 초고압직류송전(HVDC) 케이블 기술과 LS마린솔루션의 해저 시공 역량을 앞세워 유럽 해상풍력 시장 공략을 확대한다. LS전선은 22일부터 25일까지 독일 함부르크에서 열리는 ‘윈드에너지... ,https://www.g-enews.com/view.php?ud=2026092309584788773084322ec9_1,https://www.g-enews.com/view.php?ud=2026092309584788773084322ec9_1,"Wed, 23 Sep 2026 10:06:00 +0900",2026-09-23 10:20:19
친환경/신재생,풍력 시장,"효성 스태콤, 미국 전력망 핵심설비로 ‘우뚝’",여기에 태양광·풍력 등 출력 변동성이 큰 재생에너지 설비까지 확대되면서 송전사업자들을 중심으로 전력망 보강 투자가 늘어나는 추세다. 효성중공업은 이 같은 시장 변화에 대응해 대용량 전력을 안정적으로... ,https://www.m-economynews.com/news/article.html?no=71003,https://www.m-economynews.com/news/article.html?no=71003,"Wed, 23 Sep 2026 09:58:00 +0900",2026-09-23 10:20:19
친환경/신재생,풍력 시장,"LS전선·LS마린솔루션, 유럽 풍력전시회서 해상풍력 시장 공략",LS전선과 LS마린솔루션이 해저케이블 생산부터 시공·유지보수까지 아우르는 통합 솔루션을 앞세워 유럽 해상풍력 시장 공략에 나선다. 풍력터빈에서 육상 전력망까지 연결하는 전 구간 제품과 초고압직류송전... ,https://www.sentv.co.kr/article/view/sentv202609230036,https://www.sentv.co.kr/article/view/sentv202609230036,"Wed, 23 Sep 2026 09:56:00 +0900",2026-09-23 10:20:19
친환경/신재생,풍력 시장,"LS전선-LS마린솔루션, 유럽 풍력 전시회 참가…&quot;해상풍력 시장 공략 가속...",LS전선이 LS마린솔루션과 해저케이블 생산부터 시공·유지보수까지 아우르는 통합 솔루션을 앞세워 유럽 해상풍력 시장 공략을 확대한다. LS전선은 22일부터 25일까지 독일 함부르크에서 열리는 '윈드에너지... ,https://www.epnc.co.kr/news/articleView.html?idxno=407327,https://www.epnc.co.kr/news/articleView.html?idxno=407327,"Wed, 23 Sep 2026 09:50:00 +0900",2026-09-23 10:20:19
친환경/신재생,풍력 시장,"LS전선·LS마린솔루션, 獨 풍력전시회 참가…유럽 해상풍력 '정조준'",LS전선이 자회사 LS마린솔루션과 함께 세계 최대 풍력 에너지 전시회에서 차세대 해상풍력 전력망 기술을 대거 공개하며 유럽 시장 공략에 박차를 가한다. 단순한 케이블 제조를 넘어 포설 시공과 유지보수까지... ,https://www.thebigdata.co.kr/view.php?ud=202609230939595244bbceadc3c9_23,https://www.thebigdata.co.kr/view.php?ud=202609230939595244bbceadc3c9_23,"Wed, 23 Sep 2026 09:50:00 +0900",2026-09-23 10:20:19
친환경/신재생,풍력 시장,"LS전선, 유럽 해상풍력 시장 공략···500㎸급 HVDC 소개",해상풍력 프로젝트의 친환경 조달 요구에 대응할 계획이다. LS전선 관계자는 &quot;유럽 최대 HVDC 프로젝트인 테넷 프로젝트에서 최대 규모 공급계약을 확보하는 등 유럽은 LS전선의 핵심 시장&quot;이라며 &quot;HVDC 기술과 해저 시공... ,https://www.seoulfn.com/news/articleView.html?idxno=638625,https://www.seoulfn.com/news/articleView.html?idxno=638625,"Wed, 23 Sep 2026 09:47:00 +0900",2026-09-23 10:20:19
친환경/신재생,풍력 시장,"보령시, '탄소중립 선도도시' 도약 위한 에너지 전환 비전 제시",3GW 규모의 해상풍력발전을 바탕으로 시민의 일상적인 탄소 감축 활동이 가치로 연결되는 '정의로운 에너지·가치전환 플랫폼 도시'를 만드는 것이 보령시의 비전&quot;이라고 말했다. 엄 시장은 보령시가 국가의 탈석탄 정책에... ,https://www.ccdailynews.com/news/articleView.html?idxno=2442792,https://www.ccdailynews.com/news/articleView.html?idxno=2442792,"Wed, 23 Sep 2026 09:46:00 +0900",2026-09-23 10:20:19
친환경/신재생,풍력 시장,"LS전선·LS마린솔루션, 독일 풍력 전시서 솔루션 공개",한편 시장조사업체 모르도르 인텔리전스에 따르면 유럽 ​​풍력 발전 시장 규모는 설치 기반 기준으로 2026년 336.90기가와트에서 2031년 479.25기가와트로 연평균 7.3% 성장할 것으로 전망된다. 특히 해상 풍력 발전... ,https://www.cnbnews.com/news/articleView.html?idxno=1017047,https://www.cnbnews.com/news/articleView.html?idxno=1017047,"Wed, 23 Sep 2026 09:46:00 +0900",2026-09-23 10:20:19
친환경/신재생,풍력 시장,"한국전력기술, 트러스톤자산운용 기술·금융 연계해 재생에너지 사업 개...",양사는 협약에 따라 ▲풍력·태양광 중심의 국내외 재생에너지 발전사업 공동 발굴 ▲AI 데이터센터 등... 김태균 한국전력기술 사장은 &quot;재생에너지 시장에선 우수한 기술을 실제 사업으로 연결하는 실행력이 경쟁력을... ,http://www.epj.co.kr/news/articleView.html?idxno=39453,http://www.epj.co.kr/news/articleView.html?idxno=39453,"Wed, 23 Sep 2026 09:36:00 +0900",2026-09-23 10:20:19
친환경/신재생,풍력 시장,"LS전선, 獨 풍력 전시회 참가…유럽 해상풍력 공략 확대",LS전선이 LS마린솔루션과 해저케이블 생산부터 시공·유지보수까지 아우르는 사업 체계를 앞세워 유럽 해상풍력 시장 공략을 확대한다. LS전선은 22일부터 25일까지 독일 함부르크에서 열리는 '윈드에너지 함부르크... ,http://www.newslock.co.kr/news/articleView.html?idxno=136873,http://www.newslock.co.kr/news/articleView.html?idxno=136873,"Wed, 23 Sep 2026 09:36:00 +0900",2026-09-23 10:20:19
친환경/신재생,풍력 시장,"LS전선·LS마린솔루션, 해저케이블 생산부터 시공까지 통합",LS전선이 LS마린솔루션과 해저케이블 생산부터 시공·유지보수까지 아우르는 통합 사업 체계를 앞세워 유럽 해상풍력 시장 공략을 확대한다. 23일 LS전선은 22일부터 25일까지 독일 함부르크에서 열리는 '윈드에너지... ,http://www.inews24.com/view/2008620,https://n.news.naver.com/mnews/article/031/0001060853?sid=101,"Wed, 23 Sep 2026 09:30:00 +0900",2026-09-23 10:20:19
친환경/신재생,풍력 시장,이정환 지역활성화투자개발원장 “지역 자산 새롭게 해석해 투자 가능한...,"지자체가 주민 편익과 지역의 미래에 무게를 둔다면 민간은 시장 수요와 수익성, 운영 가능성, 투자 위험을... AI 데이터센터와 풍력, 수소연료전지 발전, 액화천연가스(LNG) 터미널, 배터리에너지저장장치(BESS) 등이 지역... ",https://www.sedaily.com/article/20094327?ref=naver,https://n.news.naver.com/mnews/article/011/0004664846?sid=102,"Wed, 23 Sep 2026 09:29:00 +0900",2026-09-23 10:20:19
친환경/신재생,수소 경제,[전남광주 소식] '제2순환도로 통행료 감면' 확대·'정무직 부시장 인사...,"자동차등록 사용본거지가 특별시 전역에 있는 전기차·수소차·태양광차 등 친환경차는 제2순환도로 통행료... 시는 백승주 후보자가 경제·재정 분야 공직 경험을 바탕으로 지역 균형발전을 이끌고, 윤난실 후보자가... ",https://www.newsworks.co.kr/news/articleView.html?idxno=854722,https://www.newsworks.co.kr/news/articleView.html?idxno=854722,"Wed, 23 Sep 2026 10:06:00 +0900",2026-09-23 10:20:20
친환경/신재생,수소 경제,"정부, 2035년 원유 '비중동산 50%'…핵심광물 비축 최대 1년","계획기간은 2026년부터 2035년까지 10년으로, 석유·가스·광물을 넘어 수소와 희가스 등 새로운 자원까지... 정부는 공급 리스크와 경제·산업적 중요도를 고려해 핵심광물 관리 범위를 확대했다. 핵심광물 비축 품목도... ",https://www.energy-news.co.kr/news/articleView.html?idxno=228520,https://www.energy-news.co.kr/news/articleView.html?idxno=228520,"Wed, 23 Sep 2026 09:54:00 +0900",2026-09-23 10:20:20
친환경/신재생,수소 경제,"베트남 정수기시장, 보급 확대 속 기능·서비스 경쟁 본격화",기반으로 수소수·알칼리 이온수와 스마트 관리 기능을 더하며 제품군을 고도화하고 있다. RO는 물을... 현지 정수기 업체 A 관계자는 하노이무역관에 “베트남 경제가 빠르게 발전하는 반면 수자원 인프라 확충은... ,http://dream.kotra.or.kr/kotranews/cms/news/actionKotraBoardDetail.do?SITE_NO=3&MENU_ID=180&CONTENTS_NO=1&bbsGbn=243&bbsSn=243&pNttSn=244139,http://dream.kotra.or.kr/kotranews/cms/news/actionKotraBoardDetail.do?SITE_NO=3&MENU_ID=180&CONTENTS_NO=1&bbsGbn=243&bbsSn=243&pNttSn=244139,"Wed, 23 Sep 2026 09:51:00 +0900",2026-09-23 10:20:20
친환경/신재생,수소 경제,"김제시, 민선 9기 '시민동행' 중심 시정 본격화","전북 김제시가 민선 9기 시정의 핵심 가치로 '시민동행'을 제시하고 시민주권을 바탕으로 지역경제와... 내년부터 주요 시설의 단계적 착공에 들어가며 하수관로 준설용 AI 특장차, AI 포트홀 보수장비, 전기·수소 기반... ",https://www.newspim.com/news/view/20260923000279,https://www.newspim.com/news/view/20260923000279,"Wed, 23 Sep 2026 09:46:00 +0900",2026-09-23 10:20:20
친환경/신재생,수소 경제,중동 원유 의존도 '70→50%' 낮춘다…2030년까지 비축시설 2000만배럴 확...,탄화수소 혼합물인 콘덴세이트도 추가로 확보해나갈 계획이다. ◆희토류 추가해 핵심광물 확대... 광물별 수급 리스크와 경제·산업적 중요성을 고려해 선정한다. 산업부는 신규 핵심광물 지정을 통해 공급망 관리... ,https://view.asiae.co.kr/article/2026092308584150048,https://n.news.naver.com/mnews/article/277/0005820343?sid=101,"Wed, 23 Sep 2026 09:30:00 +0900",2026-09-23 10:20:20
친환경/신재생,수소 경제,박용선 포항시장 “철강 경쟁력 높이고 AI·그래핀으로 산업체질 다변화...,박용선 경북 포항시장은 최근 서울경제신문과의 인터뷰에서 “철강산업의 근본적인 경쟁력 강화와 함께... 탄소중립 전환에 대응해 수소환원제철 기술 개발을 지원하고 ‘저탄소 철강 특구’ 지정 등 친환경... ,https://www.sedaily.com/article/20094328?ref=naver,https://n.news.naver.com/mnews/article/011/0004664847?sid=102,"Wed, 23 Sep 2026 09:29:00 +0900",2026-09-23 10:20:20
친환경/신재생,수소 경제,통합됐으니...광주 제2순환도로 친환경차 통행료 감면 확대,10월 1일부터 통합특별시 모든 차량 혜택...올해 말까지 50% 내년부터는 30% 아주경제=박승호 기자 shpark0099... 전남광주통합특별시 전역에 등록된 전기차·수소차·태양광차 등 친환경자동차는 제2순환도로에서... ,https://www.ajunews.com/view/20260923091614001,https://www.ajunews.com/view/20260923091614001,"Wed, 23 Sep 2026 09:28:00 +0900",2026-09-23 10:20:20
친환경/신재생,수소 경제,‘보조금→투자 설계’…정책금융으로 판 키우는 경북,경북도가 지역활성화투자펀드와 국민성장펀드 등 정책금융을 활용한 ‘투자형 경제정책’에서 잇따라... 같은 해 11월에는 경주 강동 수소연료전지 발전사업이 전국 4호로 선정되면서 에너지 분야로 활용 영역을 넓혔다.... ,https://www.sedaily.com/article/20094323?ref=naver,https://n.news.naver.com/mnews/article/011/0004664842?sid=102,"Wed, 23 Sep 2026 09:27:00 +0900",2026-09-23 10:20:20
친환경/신재생,수소 경제,밀양나노융합산단 분양률 50.8%…첨단 미래산업 육성 본격화,나노·수소 등 첨단 미래산업 육성에 속도를 내고 있다. 밀양나노융합국가산단은 총사업비 4017억원을... 조기 착공과 우량기업 유치를 통해 지역경제 활성화와 양질의 일자리 창출로 이어지도록 하겠다”고 말했다. 밀양=,https://www.kukinews.com/article/view/kuk202609230016,https://www.kukinews.com/article/view/kuk202609230016,"Wed, 23 Sep 2026 08:54:00 +0900",2026-09-23 10:20:20
친환경/신재생,수소 경제,에너지경제연구원 차기 원장 후보 ‘송재도·윤원철·이호무’로 압축,"윤원철 위원은 자원과 전력 등 에너지 시장에 관해 연구해왔고, 이호무 위원은 에경연에서 가스와 수소경제, 기후·에너지 정책 분야 연구를 맡아왔다. 업계에서는 일단 송 교수가 더불어민주당 정책자문위원으로... ",https://www.ekn.kr/web/view.php?key=20260923021338382,https://www.ekn.kr/web/view.php?key=20260923021338382,"Wed, 23 Sep 2026 08:44:00 +0900",2026-09-23 10:20:20
친환경/신재생,수소 경제,"사우디 스마트시티 고위급 연수단, 울산서 수소에너지 현장 살펴","연수는 지난 6일부터 18일까지 스마트시티 거버넌스와 공간정보, 스마트 교통·자율주행, 수소경제와 에너지 전환, 로봇기술 등을 주제로 진행됐다. ◇ 연료전지 실증시설부터 수소시범도시까지 방문단은 지난 15일... ",https://www.ziksir.com/news/articleView.html?idxno=147348,https://www.ziksir.com/news/articleView.html?idxno=147348,"Wed, 23 Sep 2026 08:36:00 +0900",2026-09-23 10:20:20
친환경/신재생,수소 경제,&quot;트램 급전 방식 '가선 방식'으로 변경해야&quot; 주장 제기,"이재영 대전연구원 선임연구위원은 대전시의회가 주최한 정책토론회에서 &quot;수소 트램 변경으로 경제성이 2021년 0.8에서 2024년 0.59로 낮아졌고, 8천8백억 원이던 사업비가 1조 4천7백억여 원으로 크게 늘었다&quot;고... ",https://tjmbc.co.kr/NewsArticle/863966,https://tjmbc.co.kr/NewsArticle/863966,"Wed, 23 Sep 2026 08:00:00 +0900",2026-09-23 10:20:20
친환경/신재생,수소 경제,"로키의 알버타와 백두대간 강원, 미래산업 협력 확장..자매결연 52주년",산업경제분야 민관과 ‘강원-알버타 미래산업 협력 라운드테이블’을 열고 바이오헬스‧디지털산업분야... (춘천)에서는 수소·ICT 분야 협력방안을 논의를 벌였다. 올들어 지난 9월8일에는 저스틴 라이트(Justin Wright)... ,https://biz.heraldcorp.com/article/10882734?ref=naver,https://n.news.naver.com/mnews/article/016/0002701148?sid=101,"Wed, 23 Sep 2026 07:01:00 +0900",2026-09-23 10:20:20
원자력,원자력 주가,원전은 뜨는데 한전은 왜 이래…유가에 발목 잡힌 주가[왜울株],국내 증시에서 원전 관련 종목에 대한 관심이 커지고 있음에도 불구하고 한전 주가는 좀처럼 힘을 쓰지... 특히 정부가 미국 원전 시장 진출을 추진하면서 한전과 한국수력원자력의 역할도 커질 수 있습니다. 실제로... ,https://www.imaeil.com/page/view/2026092309592755025,https://n.news.naver.com/mnews/article/088/0001030220?sid=101,"Wed, 23 Sep 2026 10:05:00 +0900",2026-09-23 10:20:20
원자력,원자력 주가,메타 '뮤즈'가 자산관리까지…수익성 압박 우려에 은행주 3% 급락,메타의 인공지능(AI) 에이전트 '뮤즈'가 돌풍을 일으키면서 미국 금융주가 된서리를 맞았다. AI가 자산관리... 원자력 서비스업체 홀텍도 지난주 미국 IPO 계획을 중단했다. 다만 사이크스 포트폴리오 매니저는 금융주의... ,https://www.news1.kr/world/international-economy/6299901,https://n.news.naver.com/mnews/article/421/0009188098?sid=101,"Wed, 23 Sep 2026 09:41:00 +0900",2026-09-23 10:20:20
원자력,원자력 주가,"&quot;비에이치아이, 美 원전 투자 확대에 수주 기회 주목&quot; - 맥쿼리證",비에이치아이에 대한 투자의견 '아웃퍼폼(Outperform)'과 목표주가 10만7000원을 유지했다. 이재서 맥쿼리증권 연구원은 '한국 원자력: 시장 기대를 뛰어넘을 수 있는 요인은 무엇인가(Korea nuclear-Beyond expectations-what to... ,https://www.newspim.com/news/view/20260923000173,https://www.newspim.com/news/view/20260923000173,"Wed, 23 Sep 2026 09:17:00 +0900",2026-09-23 10:20:20
원자력,원자력 주가,"[오늘증시] 코스피, AI 반도체 훈풍에도 상승폭 반납…간신히 7000선 지켜",관련주가 올랐다. 산업통상부가 미국 내 원자력발전소 건설과 LNG 프로젝트를 검토한다는 소식에 원전 관련 업종도 강세를 나타냈다. 코스닥은 전 거래일 대비 1.89포인트(0.23%) 내린 834.38에 마감했다. 개인이... ,http://www.queen.co.kr/news/articleView.html?idxno=463819,http://www.queen.co.kr/news/articleView.html?idxno=463819,"Tue, 22 Sep 2026 17:40:00 +0900",2026-09-23 10:20:20
원자력,원자력 주가,"[오늘Who] 삼성물산 SMR 동맹 늘려 현대건설에 맞불, 오세철 불확실성 커...",차세대 SMR 개발사 가운데서는 처음으로 미국 원자력규제위원회(NRC)의 원자로 본체 건설 허가를 받았고... 오클로 주가는 1년 사이 3천% 폭등하기도 했다&quot;며 &quot;다만 주가는 이후 꾸준히 하락세를 보였고 가치는 고점 대비... ,https://www.businesspost.co.kr/BP?command=article_view&num=447828,https://www.businesspost.co.kr/BP?command=article_view&num=447828,"Tue, 22 Sep 2026 16:44:00 +0900",2026-09-23 10:20:20
원자력,원자력 주가,"[마켓뷰] AI 모멘텀·대미 투자 소식에도…코스피, 상승폭 반납해 강보...",간밤 인공지능(AI) 관련주가 급등하면서 나스닥 지수는 사상 최고치를 경신했다. 메타가 내놓은 개인용... 이어 미국 내 대형 원자력발전소 8기 건설 사업과 알래스카 액화천연가스(LNG) 개발 사업을 2호와 3호... ,https://biz.chosun.com/stock/stock_general/2026/09/22/EWFXAURRQZB45EIGHMDLXY4D64/?utm_source=naver&utm_medium=original&utm_campaign=biz,https://n.news.naver.com/mnews/article/366/0001194005?sid=101,"Tue, 22 Sep 2026 16:41:00 +0900",2026-09-23 10:20:20
원자력,원자력 주가,[증시 인사이트] 메타 뮤즈 훈풍에도 전강후약…코스피 7천선 안착했나,"메타의 AI 에이전트 뮤즈 덕분인지 반도체 기판주가 특히나 주목받았습니다. 코리아써키트는 장중 한때... 美원자력규제위 설계인증 보유 - 한수원 APR1400, 美신규건설 시 무심사 허가 신청 - 웨스팅하우스 지분율 등... ",https://biz.sbs.co.kr/article_hub/20000336292?division=NAVER,https://n.news.naver.com/mnews/article/374/0000534422?sid=101,"Tue, 22 Sep 2026 16:40:00 +0900",2026-09-23 10:20:20
원자력,원자력 주가,'칠천피 지지력 테스트'…개인 1.6조 '차익실현' 7017선 마감 [시황종합...,이날 코스피는 미국 증시에서 반도체주가 급등한 영향으로 장 초반 7171.44까지 올랐다. 그러나... 산업통상부가 대미 투자 사업으로 미국 텍사스주 엔시날 가스복합화력발전소와 미국 내 대형 원자력발... ,https://www.news1.kr/finance/market-exr/6299227,https://n.news.naver.com/mnews/article/421/0009186922?sid=101,"Tue, 22 Sep 2026 16:20:00 +0900",2026-09-23 10:20:20
원자력,원자력 주가,코스피 갇히자 원유·원전 ETF로… 두 자릿수 수익률 행진,한미 양국이 미국 현지에 원자력발전소 8기를 건설하는 내용의 프로젝트를 공식화하면서 현대건설과 두산에너빌리티 등 국내 원전 관련 기업의 주가도 한 달간 18~20% 안팎 상승했다. 증권가에서는 대미 원전 건설... ,https://www.dt.co.kr/article/12085471?ref=naver,https://n.news.naver.com/mnews/article/029/0003049509?sid=101,"Tue, 22 Sep 2026 15:40:00 +0900",2026-09-23 10:20:20
원자력,원자력 주가,시키는 일을 너무 잘해 생기는 재앙…AI는 미다스의 손을 닮았다[오민규...,"35%) 등 주요 반도체 기업의 주가가 일제히 하락했다. 오픈AI에 대규모 투자를 진행 중인 일본... 원자력발전의 문제, 기후위기의 문제, 생명복제의 문제가 인류의 생존을 위협할 수 있다는 점이 알려져도, 기업과... ",https://www.pressian.com/pages/articles/2026092209095982514?utm_source=naver&utm_medium=search,https://n.news.naver.com/mnews/article/002/0002457954?sid=102,"Tue, 22 Sep 2026 14:28:00 +0900",2026-09-23 10:20:20
원자력,원자력 주가,"AI 골드러시, 반도체 호황에 더 단단해진 산업 유리천장","대규모 학습으로 GPU를 공급하던 엔비디아 주가가 급상승했고 애플과 MS를 제치고 글로벌 시총 1위 기업이... 반도체, 바이오, 2차전지, 로봇, 조선, 방산, 원자력, 전력 인프라다. 공통점이 있다. 모두 미래 첨단... ",https://www.m-joongang.com/news/articleView.html?idxno=403081,https://www.m-joongang.com/news/articleView.html?idxno=403081,"Tue, 22 Sep 2026 14:18:00 +0900",2026-09-23 10:20:20
원자력,원자력 주가,"유럽 원전 스타트업 뉴클리오, 나스닥 상장…美사업 확대 속도","프랑스·이탈리아의 원자력발전 스타트업인 뉴클리오(Newcleo)가 22일(현지시간) 미국 나스닥 시장에... 기업들의 주가 흐름은 부진한 편입니다. 스탠더드뉴클리어와 엑스에너지는 상장 이후 각각 13%, 29% 하락했고... ",https://biz.sbs.co.kr/article_hub/20000336224?division=NAVER,https://n.news.naver.com/mnews/article/374/0000534350?sid=104,"Tue, 22 Sep 2026 13:29:00 +0900",2026-09-23 10:20:20
원자력,원자력 주가,노후 원전 해체 시장 열리나…한전기술·현대건설 룰루랄라,원자력발전소 해체 관련주가 22일 강세를 나타내고 있다. 고리 1호기 해체 사업에 대한 관심이 이어지는 가운데 국내외 노후 원전 해체 시장이 확대될 수 있다는 기대가 관련 종목의 투자심리에 영향을 미치는 모습이다.... ,https://www.pinpointnews.co.kr/news/articleView.html?idxno=489566,https://www.pinpointnews.co.kr/news/articleView.html?idxno=489566,"Tue, 22 Sep 2026 13:24:00 +0900",2026-09-23 10:20:20
원자력,원자력 주가,"유럽 원전 스타트업 뉴클리오, 나스닥 상장…美사업 확대 속도","프랑스·이탈리아의 원자력발전 스타트업인 뉴클리오(Newcleo)가 22일(현지시간) 미국 나스닥 시장에... 기업들의 주가 흐름은 부진한 편이다. 스탠더드뉴클리어와 엑스에너지는 상장 이후 각각 13%, 29% 하락했고... ",https://www.yna.co.kr/view/AKR20260922094700009?input=1195m,https://n.news.naver.com/mnews/article/001/0016329385?sid=104,"Tue, 22 Sep 2026 12:27:00 +0900",2026-09-23 10:20:20
원자력,원자력 주가,美 무기·에너지 빈자리 노리는 K기업…이란 전쟁 이후 뜨는 종목은[전...,"이란전쟁 장기화로 글로벌 공급망이 재편되면서 국내 방산·정유·건설주가 주목받고 있다. 미국의... 한국형 APR1400이 미국 시장에 진출할 경우 한국수력원자력과 한전기술, 두산에너빌리티, 한전KPS를 비롯한 국내... ",https://magazine.hankyung.com/business/article/202609170444b,https://n.news.naver.com/mnews/article/050/0000111208?sid=101,"Tue, 22 Sep 2026 09:25:00 +0900",2026-09-23 10:20:20
원자력,원전 산업,"삼성물산, 글로벌 파트너십 구축으로 유럽 SMR 시장 정조준","라이센스뉴스 = 백성요 기자 | 삼성물산이 글로벌 파트너십을 확대·구축하며 유럽 소형모듈원전(SMR)... 이번 협약에 따라 GVH는 BWRX-300 설계와 기술을 공급하고, 히타치는 원자력 기술과 산업 역량을 제공한다.... ",https://www.lcnews.co.kr/news/articleView.html?idxno=208791,https://www.lcnews.co.kr/news/articleView.html?idxno=208791,"Wed, 23 Sep 2026 10:18:00 +0900",2026-09-23 10:20:21
원자력,원전 산업,한미 대미투자 막바지…'40조' APR1400 美 진출에 건설사 촉각,한국형 APR1400이 미국에 조성되면 국내 원전산업의 현지 시장 진출을 한층 확대하는 계기가 될 수 있다. 이가 국내 시공사와 기자재 업체 등 원전 밸류체인이 사업에 폭넓게 참여할 수 있는 한국형 노형인 만큼 국내... ,https://www.mediapen.com/news/view/1125647,https://www.mediapen.com/news/view/1125647,"Wed, 23 Sep 2026 10:18:00 +0900",2026-09-23 10:20:21
원자력,원전 산업,"[비즈+]삼성물산, 유럽 SMR '플릿' 사업 본격화…GE·히타치·SGE와 맞손","이번 협약은 미국의 원전 기술, 일본의 원자력 산업 역량, 한국의 EPC 수행 능력, 유럽의 사업개발 플랫폼을 하나의 사업 구조로 묶었다는 점에서 의미가 있다. BWRX-300을 개별 프로젝트 단위로 공급하는 것에서... ",https://www.businessplus.kr/news/articleView.html?idxno=117284,https://www.businessplus.kr/news/articleView.html?idxno=117284,"Wed, 23 Sep 2026 10:18:00 +0900",2026-09-23 10:20:21
원자력,원전 산업,"삼성물산, 유럽 원전 영토 넓힌다⋯SMR 시장 정조준","히타치는 원자력 분야의 기술과 산업 역량을 제공하고, 삼성물산은 원전과 에너지 인프라 사업 경험을 토대로 글로벌 EPC 역량을 맡는다. SGE는 유럽 내 BWRX-300 사업 개발을 주도한다. 4개사는 이번 협력을... ",https://www.etoday.co.kr/news/view/2628991,https://www.etoday.co.kr/news/view/2628991,"Wed, 23 Sep 2026 10:14:00 +0900",2026-09-23 10:20:21
원자력,원전 산업,"삼성물산, GE·히타치·SGE와 유럽 SMR 개발…BWRX-300 플릿 구축","GE버노바 히타치 뉴클리어 에너지는 BWRX-300 설계와 기술을 제공하고, 히타치는 원자력 분야의 기술과 산업 역량을 지원한다. 삼성물산은 원전과 에너지 인프라 사업 경험을 바탕으로 설계·조달·시공(EPC)을... ",https://www.newsis.com/view/NISX20260923_0003801617,https://n.news.naver.com/mnews/article/003/0014209968?sid=101,"Wed, 23 Sep 2026 10:13:00 +0900",2026-09-23 10:20:21
원자력,원전 산업,"삼성물산, 유럽 ‘SMR 글로벌 파트너십’ 구축…에너지 안보 강화한다","설계와 기술은 GE 버노바와 히타치의 합작법인인 GE 버노바 히타치 뉴클리어 에너지(GVH)가 맡고, 히타치는 원자력 기술과 산업 역량을 제공한다. 삼성물산은 주요 원전과 에너지 인프라 프로젝트 수행 경험을... ",https://biz.heraldcorp.com/article/10883073?ref=naver,https://n.news.naver.com/mnews/article/016/0002701269?sid=101,"Wed, 23 Sep 2026 10:08:00 +0900",2026-09-23 10:20:21
원자력,원전 산업,【위클리 ESG 행사】 9월 5주차,"이번 행사에서는 글로벌 관점에서 본 원전 경제성, 국내 원전비용의 재평가와 금융·위험·계통비용을 반영한 비용 산정, 지속가능한 전력수급을 위한 원전 정책과 전력산업 방향 등을 다룬다. 아시아개발은행... ",https://www.impacton.net/news/articleView.html?idxno=30021,https://www.impacton.net/news/articleView.html?idxno=30021,"Wed, 23 Sep 2026 10:02:00 +0900",2026-09-23 10:20:21
원자력,원전 산업,"삼성물산, GE버노바·히타치·SGE와 유럽 SMR 연합 결성…플릿 개발 본격...","소형모듈원전(SMR) 플릿(Fleet·동일 노형 다수 호기 일괄 건설) 사업에 착수했다. 글로벌 엔지니어링·조달... SGE 라파우 카스프루프 CEO는 &quot;이번 협약은 GVH의 미국 원자력 기술, 히타치와 삼성물산의 산업·기술 역량... ",http://www.newsdream.kr/news/articleView.html?idxno=118824,http://www.newsdream.kr/news/articleView.html?idxno=118824,"Wed, 23 Sep 2026 10:02:00 +0900",2026-09-23 10:20:21
원자력,원전 산업,"삼성물산, GE버노바·히타치와 유럽 SMR 동맹…BWRX-300 사업 확대",히타치는 원자력 분야 기술과 산업 역량을 담당한다. 삼성물산은 글로벌 원전과 에너지 인프라 프로젝트 수행 경험을 바탕으로 설계·조달·시공 역량을 제공한다. SGE는 유럽 지역 BWRX-300 개발과 사업 발굴을... ,https://www.ziksir.com/news/articleView.html?idxno=147391,https://www.ziksir.com/news/articleView.html?idxno=147391,"Wed, 23 Sep 2026 10:02:00 +0900",2026-09-23 10:20:21
원자력,원전 산업,[인터뷰] 윤태한 부산시의회 제2부의장,"SMR 산업은 부산 제조업에 새로운 기회가 될 수 있습니다. 그러나 일반 제조기술을 보유했다고 해서 곧바로 원전 공급망에 진입할 수 있는 것은 아닙니다. 높은 수준의 기술인증과 품질보증 체계, 초기 진입비용이 주요... ",http://www.iminju.net/news/articleView.html?idxno=169931,http://www.iminju.net/news/articleView.html?idxno=169931,"Wed, 23 Sep 2026 09:58:00 +0900",2026-09-23 10:20:21
원자력,원전 산업,"[KMEC 증권 레이더 ㉕] 건설, 돈 되는 현장으로",지난 21일 유안타증권에 따르면 삼성물산·현대건설·삼성E&amp;A·대우건설·DL이앤씨·GS건설·IPARK현대산업개... 원전은 장기적인 성장 가능성이 큰 분야지만 실제 실적 반영까지는 시간이 필요한 것으로 분석됐다.... ,https://www.kmecnews.co.kr/news/articleView.html?idxno=51990,https://www.kmecnews.co.kr/news/articleView.html?idxno=51990,"Wed, 23 Sep 2026 09:54:00 +0900",2026-09-23 10:20:21
원자력,원전 산업,"에이치케이, 대만 판금레이저 응용 전시회 성료","수 있는 기회를 마련했다는 점이 고무적&quot;이라며 &quot;앞으로도 반도체를 비롯해 조선, 원전 등 다양한 전방산업에서 고출력·고성능 레이저 가공기 수요를 적극 발굴해 글로벌 시장 점유율 확대에 속도를 내겠다&quot;고 말했다.",https://www.newsis.com/view/NISX20260923_0003801552,https://n.news.naver.com/mnews/article/003/0014209848?sid=101,"Wed, 23 Sep 2026 09:52:00 +0900",2026-09-23 10:20:21
원자력,원전 산업,"삼성물산, 유럽 SMR 사업 확대…BWRX-300 ‘플릿’ 개발 나선다",히타치는 원자력 기술과 산업 역량을 제공한다. SGE는 유럽에서 BWRX-300 사업을 개발해 온 경험을 바탕으로 현지 사업개발을 맡는다. 삼성물산은 원전과 에너지 인프라 사업 수행 경험을 바탕으로 설계·조달... ,https://thetracker.co.kr/View.aspx?No=4239549,https://thetracker.co.kr/View.aspx?No=4239549,"Wed, 23 Sep 2026 09:50:00 +0900",2026-09-23 10:20:21
원자력,원전 산업,"[인터뷰] 윤태한 부산시의회 제2부의장 &quot;SMR 공급망 진입, 중소기업 인증...",부산 중소 제조기업이 소형모듈원자로(SMR) 산업에 참여하려면 원전 기자재 인증과 시험평가에 드는 비용을 지원하고 전문인력을 함께 길러야 한다는 제안이 부산시의회에서 나왔다. 고리 원전의 계속운전에 대해서는... ,http://www.knpnews.com/news/articleView.html?idxno=34544,http://www.knpnews.com/news/articleView.html?idxno=34544,"Wed, 23 Sep 2026 09:44:00 +0900",2026-09-23 10:20:21
원자력,원전 산업,"에이치케이, 대만 전시회 성료…&quot;TSMC 밸류체인 추가 수주 기회 확보&quot;","이어 &quot;이번 전시회 참가를 통해 현지 네트워크를 한층 확대하고 TSMC 밸류체인 내 추가 수주 레퍼런스를 확보할 수 있는 기회를 마련했다는 점이 고무적&quot;이라며 &quot;앞으로도 반도체를 비롯해 조선, 원전 등 다양한 전방산업... ",https://view.asiae.co.kr/article/2026092309411246883,https://n.news.naver.com/mnews/article/277/0005820351?sid=101,"Wed, 23 Sep 2026 09:41:00 +0900",2026-09-23 10:20:21
원자력,원전 산업,"에이치케이, TSMLA 2026 성료…TSMC 신공장 증설發 공급망 확대 본격화","있는 기회를 마련했다는 점이 고무적&quot;이라며 &quot;앞으로도 반도체를 비롯해 조선, 원전 등 다양한 전방산업에서 고출력·고성능 레이저 가공기 수요를 적극 발굴해 글로벌 시장 점유율 확대에 속도를 낼 것&quot;이라고 덧붙였다.",https://www.mt.co.kr/stock/2026/09/23/2026092309374738006,https://n.news.naver.com/mnews/article/008/0005417749?sid=101,"Wed, 23 Sep 2026 09:40:00 +0900",2026-09-23 10:20:21
원자력,원전 산업,대미투자 1호는 ‘텍사스 발전소’…여야 “상업적 합리성 잘 따져야”,"[김정관/산업통상부 장관 : &quot;우리에게 도움이 되는 사업을 적극 발굴하여 미 측과 협의해 왔고, 미 측이... 원전 건설 사업 관련, 우리가 미국 원전 업체의 지분을 확보하는 문제도 아직 협상 중입니다. 정부는 투자 규모가... ",https://news.kbs.co.kr/news/pc/view/view.do?ncd=8670185&ref=A,https://n.news.naver.com/mnews/article/056/0012262216?sid=100,"Wed, 23 Sep 2026 09:38:00 +0900",2026-09-23 10:20:21
원자력,SMR 시장,"삼성물산, 유럽 SMR 글로벌 파트너십 구축",소형모듈원전(SMR) 사업 확대에 나선다. 중동부 유럽과 영국을 중심으로 GE 버노바·히타치의 원자력... BWRX-300 시장 개발 및 상업적 기회 발굴을 위한 업무협약을 체결했다고 23일 밝혔다. 이번 협약에 따라... ,https://www.kfenews.co.kr/news/articleView.html?idxno=665208,https://www.kfenews.co.kr/news/articleView.html?idxno=665208,"Wed, 23 Sep 2026 10:12:00 +0900",2026-09-23 10:20:22
원자력,SMR 시장,[부동산 나들이] 삼성 'SMR 구축 협약'·삼표시멘트 '전통시장 장보기',4개사는 뉴욕 유엔총회 부대행사인 아틀란틱 카운슬 원자력 에너지 정책 써밋에서 300MW급 소형모듈원전(SMR) BWRX-300의 시장 개발과 상업적 기회 발굴을 위한 업무협약(MOU)을 체결했다. GE 버노바와 히타치의... ,https://www.newsworks.co.kr/news/articleView.html?idxno=854720,https://www.newsworks.co.kr/news/articleView.html?idxno=854720,"Wed, 23 Sep 2026 10:02:00 +0900",2026-09-23 10:20:22
원자력,SMR 시장,두산에너빌리티 ‘트리븐 가흥’ 추진… 경북 북부 새로운 주거 기준 세...,"원자력발전소와 가스복합화력발전 등 대형 에너지 프로젝트를 수행해 온 회사는 영국과 체코, 미국, 오만 등 글로벌 시장에서 기술력을 인정받고 있다. 영국 롤스로이스 소형모듈원전(SMR) 핵심 기자재 전략 파트너... ",https://www.sedaily.com/article/20094300?ref=naver,https://n.news.naver.com/mnews/article/011/0004664826?sid=101,"Wed, 23 Sep 2026 08:55:00 +0900",2026-09-23 10:20:22
원자력,SMR 시장,‘상업적 합리성’ 사수한 에너지 프로젝트…미국 내 ‘APR1400’ 첫 건설...,"원전 시장으로의 동반 진출이 가능하다는 뜻이다. 여기에 차세대 에너지원으로 꼽히는 소형모듈원자로(SMR) 기술 및 노후 원전 해체, 핵연료 분야 등 미래 첨단 기술 협력도 기대할 수 있다. 이와 관련, 원전업계 관계자는... ",https://www.dnews.co.kr/uhtml/view.jsp?idxno=202609221609434400222,https://www.dnews.co.kr/uhtml/view.jsp?idxno=202609221609434400222,"Wed, 23 Sep 2026 08:40:00 +0900",2026-09-23 10:20:22
원자력,SMR 시장,2000억 달러 대미투자…대형건설사 플랜트 경쟁 주목,"북미 플랜트 수행 경험과 엑스에너지와의 SMR 협력도 향후 미국 에너지 인프라 시장 진출에 활용할 수 있는 기반이다. 주요 건설사들이 플랜트와 원전·SMR, LNG, 발전 등에서 사업 기반을 확대하고 있는 만큼 2000억... ",http://datanews.co.kr/news/article.html?no=146611,http://datanews.co.kr/news/article.html?no=146611,"Wed, 23 Sep 2026 08:38:00 +0900",2026-09-23 10:20:22
원자력,SMR 시장,"웨스팅하우스 '67조 몸값' IPO 추진…우리기술 1만3430원 강보합, SMR까지...","웨스팅하우스 IPO 및 한국의 지분 투자 협상으로 미국 원전·SMR 시장이 부각되는 가운데, 국내 원전 계측제어 기술을 보유한 우리기술의 향후 사업 확대 여부가 시장의 확인 지점이 되고 있다. [웨스팅하우스 IPO와... ",https://www.cbci.co.kr/news/articleView.html?idxno=609200,https://www.cbci.co.kr/news/articleView.html?idxno=609200,"Wed, 23 Sep 2026 08:10:00 +0900",2026-09-23 10:20:22
원자력,SMR 시장,‘에너지 기술력 아파트에도’…두산에너빌리티 ‘트리븐 가흥’ 본격...,"국내 해상풍력 사업뿐만 아니라, 자체 개발한 가스터빈과 차세대 소형모듈원자로(SMR) 분야에서도 글로벌 수준의 제작 기술력을 바탕으로 미래 에너지 시장 경쟁력을 강화하고 있다. 글로벌 시장에서 입지도 견고하다.... ",https://biz.heraldcorp.com/article/10882804?ref=naver,https://n.news.naver.com/mnews/article/016/0002701179?sid=101,"Wed, 23 Sep 2026 08:08:00 +0900",2026-09-23 10:20:22
원자력,SMR 시장,[GAM]스페이스X 로켓 아니라 우주 AI 인프라 ① 머스크 제국의 큰 그림,이른바 하이퍼스케일러들이 독점하는 AI 연산 및 데이터 처리 시장으로 비즈니스 영역을 공격적으로 확장... 일론 머스크 테슬라 최고경영자(CEO)[사진=블룸버그] 원자력 발전이나 소형모듈러원전(SMR)이 대안으로... ,https://www.newspim.com/news/view/20260922000734,https://www.newspim.com/news/view/20260922000734,"Wed, 23 Sep 2026 08:00:00 +0900",2026-09-23 10:20:22
원자력,SMR 시장,"[더벨][Company Watch] 두산에너빌리티, R&amp;D 포트폴리오 늘렸다","수소 가스터빈과 소형모듈원자로(SMR), 항공용 가스터빈 엔진 등이 대표적이다. 21일 관련업계에 따르면... 업계 관계자는 &quot;발전설비 시장에서는 기존 제품의 성능 개선뿐 아니라 차세대 시장에 대응할 핵심 기술을... ",https://www.thebell.co.kr/free/content/ArticleView.asp?key=202609211326237640105163,https://www.thebell.co.kr/free/content/ArticleView.asp?key=202609211326237640105163,"Wed, 23 Sep 2026 07:02:00 +0900",2026-09-23 10:20:22
방산/우주항공,방산 주가,"코스피, 美 반도체 훈풍에 장 초반 7,130선 돌파","인공지능(AI) 인프라 수요 증가 전망이 메모리 반도체 기업의 주가를 끌어올렸다. 마이크론이 5.00... 그 외 HD현대중공업(-1.65%), 한화에어로스페이스(-1.32%) 등 방산 및 조선주는 소폭 하락 중이다. 여의도 증권가... ",https://news.einfomax.co.kr/news/articleView.html?idxno=4436251,https://news.einfomax.co.kr/news/articleView.html?idxno=4436251,"Wed, 23 Sep 2026 09:12:00 +0900",2026-09-23 10:20:22
방산/우주항공,방산 주가,"태양광, 美국가안보 전략자산으로 격상…&quot;연말 정책 시행 전 매수 기회...",미국 내 탈중국 태양광 공급망 구축이 중장기적으로 이어질 가능성이 높은 만큼 최근 주가 조정을 매수... 윤재성 하나증권 연구원은 “AI·반도체발 전력 부족 및 방산·우주산업의 개화와 더불어 미국에 있어 태양광... ,https://www.edaily.co.kr/News/Read?newsId=02555126645583072&mediaCodeNo=257&utm_source=naver&utm_medium=referral&utm_campaign=news_syndication&utm_content=original_article,https://n.news.naver.com/mnews/article/018/0006374728?sid=101,"Wed, 23 Sep 2026 08:09:00 +0900",2026-09-23 10:20:22
방산/우주항공,방산 주가,"코스피, 눈치보기 속 '찔끔 상승'...미래에셋증권 '활짝', 우리금융 '뚝...","메타 주가가 11%대 치솟은 것을 비롯해 엔비디아, 마이크론, AMD, 인텔 등 반도체주들도 급등하며 긍정... 방산주 가운데 한화시스템이 1.18% 상승한 반면 LIG디펜스앤에어로스페이스는 2.90% 급락했다.... ",http://www.choicenews.co.kr/news/articleView.html?idxno=171621,http://www.choicenews.co.kr/news/articleView.html?idxno=171621,"Tue, 22 Sep 2026 16:20:00 +0900",2026-09-23 10:20:22
방산/우주항공,방산 주가,양기원 한화시스템 방산 사업 중동 찍고 우주로 : 조선 계열사 보유지분...,양 대표는 ‘신규 사업모델 전문가’라는 평가답게 중동 방산 시장과 우주까지 사업 영역을 넓히는 데... 앞서 한화시스템은 4월 한화오션 지분 4.5%를 주가수익스왑(PRS) 방식으로 처분해 1조7천억 원을 마련했다.... ,https://www.huffingtonpost.kr/article/260732,https://www.huffingtonpost.kr/article/260732,"Tue, 22 Sep 2026 15:30:00 +0900",2026-09-23 10:20:22
방산/우주항공,방산 주가,한화에어로스페이스 105만6000원으로 1.03% 조정,"방산 사업은 계약 체결보다 실제 인도와 매출 인식 시점이 분기 실적을 좌우한다. 폴란드 등 해외 고객에 대한 K9 자주포와 다연장로켓 인도 일정, 선수금과 생산능력 확충이 중요한 이유다. 주가 수준이 높아진... ",https://www.job-post.co.kr/news/articleView.html?idxno=228877,https://www.job-post.co.kr/news/articleView.html?idxno=228877,"Tue, 22 Sep 2026 15:30:00 +0900",2026-09-23 10:20:22
방산/우주항공,방산 주가,LG씨엔에스 7만800원…AI·클라우드 성장에 1.87% 상승,"방산·조선·반도체·제약 분야 스마트팩토리와 물류 자동화 사업이 성장했다. 회사는 생성형 AI와 클라우드 인프라, 해외 제조 AX 사업을 주요 성장축으로 제시하고 있다. 향후 주가에는 비계열 고객 매출... ",https://www.job-post.co.kr/news/articleView.html?idxno=228856,https://www.job-post.co.kr/news/articleView.html?idxno=228856,"Tue, 22 Sep 2026 15:14:00 +0900",2026-09-23 10:20:22
방산/우주항공,방산 주가,현대로템 37만2000원 약보합…방산 매출 성장과 이익 기저 맞물려,"향후 평가에는 폴란드 후속 계약의 인도 일정, 수출 지역 다변화, 철도 부문의 수익성 개선이 중요하다. 방산 수주가 실제 매출과 현금흐름으로 전환되는 속도도 함께 봐야 한다.",https://www.job-post.co.kr/news/articleView.html?idxno=228841,https://www.job-post.co.kr/news/articleView.html?idxno=228841,"Tue, 22 Sep 2026 15:08:00 +0900",2026-09-23 10:20:22
방산/우주항공,방산 주가,두산에너빌리티·아스트 주가 방긋… 보잉·에어버스 공급망 진입 기업...,항공기 부품 관련 종목들이 22일 글로벌 여객 수요 회복과 방산·항공 수주 모멘텀에 따라 차별화 장세를... 글로벌 항공사들의 기재 도입 확대와 정비 수요 급증이 주가에 호재로 작용했다. 상승세를 이끄는 선두 종목은... ,https://www.pinpointnews.co.kr/news/articleView.html?idxno=489610,https://www.pinpointnews.co.kr/news/articleView.html?idxno=489610,"Tue, 22 Sep 2026 14:38:00 +0900",2026-09-23 10:20:22
방산/우주항공,방산 주가,한화 방산 ‘집안 거래’… 맏형 에어로 ‘투자 쏠림’ 우려,지상·해양 방산 창구 일원화 차원… 감당 가능한 범위 내 자체 조달할 것” [아시아타임즈=이하영 기자]... 앞서 한화시스템이 한화오션 지분을 매각하며 체결한 주가수익스왑(PRS) 계약 등 복잡한 금융 기법이 얽혀 있어... ,https://www.asiatime.co.kr/article/20260922500267,https://www.asiatime.co.kr/article/20260922500267,"Tue, 22 Sep 2026 14:30:00 +0900",2026-09-23 10:20:22
방산/우주항공,우주항공 산업,"경상국립대, 우주 원천기술 산업화 이끌 'GCS 우주실용화센터' 출범",이균오 경상국립대 산학협력단장은 &quot;센터 개소를 계기로 대학의 연구 역량과 산학연관 협력 네트워크를 한층 강화하겠다&quot;며 &quot;기술 발굴에서 투자와 창업에 이르는 지원체계를 확립해 남해안 우주항공산업 발전에... ,https://daily.hankooki.com/news/articleView.html?idxno=1409290,https://daily.hankooki.com/news/articleView.html?idxno=1409290,"Wed, 23 Sep 2026 10:18:00 +0900",2026-09-23 10:20:23
방산/우주항공,우주항공 산업,"스페이스X도 반했다… 센서뷰, 초고주파 기술로 우주 시장 쏜다",LG에너지솔루션은 배터리 공급망과 에너지 저장 기술 측면에서 우주산업 확대와 연결되고 있으며 한미반도체는 반도체 후공정 장비 경쟁력을 기반으로 고성능 전자부품 시장 확대 기대를 받고 있다. 우주항공 테마와... ,https://www.pinpointnews.co.kr/news/articleView.html?idxno=489861,https://www.pinpointnews.co.kr/news/articleView.html?idxno=489861,"Wed, 23 Sep 2026 09:52:00 +0900",2026-09-23 10:20:23
방산/우주항공,우주항공 산업,"삼양컴텍, 진주 우주항공소재센터 개소…첨단소재 신사업 가속도",회사는 경남 진주시 드림IT밸리 지식산업센터에 '우주항공소재센터'를 열고 본격적인 연구개발 거점 운영에 들어갔다고 23일 밝혔다. 신설된 우주항공소재센터는 한국세라믹기술원과의 공동 연구개발을 추진하고 첨단소재... ,https://www.widedaily.com/news/articleView.html?idxno=301419,https://www.widedaily.com/news/articleView.html?idxno=301419,"Wed, 23 Sep 2026 09:52:00 +0900",2026-09-23 10:20:23
방산/우주항공,우주항공 산업,"삼양컴텍, 진주에 우주항공소재 연구거점 마련",삼양컴텍은 지난 22일 경남 진주시 드림IT밸리 지식산업센터에서 한국세라믹기술원 주요 관계자 등이 참석한 가운데 '우주항공소재센터' 개소식을 열었다고 23일 밝혔다. 센터는 한국세라믹기술원과 우주항공용... ,https://www.pinpointnews.co.kr/news/articleView.html?idxno=489859,https://www.pinpointnews.co.kr/news/articleView.html?idxno=489859,"Wed, 23 Sep 2026 09:44:00 +0900",2026-09-23 10:20:23
방산/우주항공,우주항공 산업,"'200억 예산' 중3 글로벌 진로탐험대, 내년 시범운영... 교원단체 &quot;전면...","국내는 ▲서울(창업, K-뷰티, 인문·예술·대중예술, 스포츠) ▲나주·고흥(우주항공·미래 에너지) ▲고양... (인문·예술·전통산업, 창업) ▲도쿄(대중문화·스포츠) ▲후쿠오카·키타큐슈(창업, 조리·제과) 등 8개 코스로... ",https://www.ohmynews.com/NWS_Web/View/at_pg.aspx?CNTN_CD=A0003269734&CMPT_CD=P0010&utm_source=naver&utm_medium=newsearch&utm_campaign=naver_news,https://n.news.naver.com/mnews/article/047/0002530034?sid=102,"Wed, 23 Sep 2026 09:41:00 +0900",2026-09-23 10:20:23
방산/우주항공,우주항공 산업,"경남도, 서부경남경제자유구역 신규 지정 절차 착수",지역 균형발전을 이끌 핵심 사업&quot;이라며 &quot;산업통상부 사전 자문 절차를 시작으로 관계 기관과 유기적으로 소통하고 협력해 서부경남이 우주항공 및 미래 산업의 중심지로 도약할 수 있도록 준비해 나가겠다&quot;고 말했다.,http://www.metroseoul.co.kr/article/20260922500625,http://www.metroseoul.co.kr/article/20260922500625,"Wed, 23 Sep 2026 09:36:00 +0900",2026-09-23 10:20:23
방산/우주항공,우주항공 산업,"경상국립대, GCS 우주실용화센터 개소… 사업화 착수",강경인 우주과학탐사부문장은 축사에서 &quot;GCS 우주실용화센터가 지역 대학과 연구소의 뛰어난 원천 기술을 실제 산업으로 연결하는 핵심 거점으로 자리매김하길 기대한다&quot;며 &quot;우주항공청 역시 민간 주도의 우주 산업... ,http://www.metroseoul.co.kr/article/20260922500611,http://www.metroseoul.co.kr/article/20260922500611,"Wed, 23 Sep 2026 09:30:00 +0900",2026-09-23 10:20:23
방산/우주항공,우주항공 산업,"삼양컴텍, 경남 진주 '우주항공소재센터' 개소",삼양컴텍은 23일 경남 진주시 드림IT밸리 지식산업센터에서 우주항공소재센터 개소식을 개최했다고 밝혔다. 회사 측에 따르면 삼양컴텍은 우주항공소재센터를 한국세라믹기술원과의 공동 연구개발·우주항공용 첨단소재... ,https://www.newsis.com/view/NISX20260923_0003801472,https://n.news.naver.com/mnews/article/003/0014209737?sid=101,"Wed, 23 Sep 2026 09:24:00 +0900",2026-09-23 10:20:23
방산/우주항공,우주항공 산업,"경상국립대, 우주기술 실용화 전초기지 ‘GCS 우주실용화센터’ 개소",박재현 센터장은 “남해안우주산업벨트 구축 계획이 발표되고 정부의 7대 SEED에 우주항공이 포함되는 등 정부의 우주항공산업 지원 전략이 추진되고 있다”며 “이러한 정책적 흐름에 맞춰 우리 센터는 남해안 지역... ,https://www.viva100.com/article/20260923500019,https://www.viva100.com/article/20260923500019,"Wed, 23 Sep 2026 08:48:00 +0900",2026-09-23 10:20:23
방산/우주항공,우주항공 산업,"제조현장 파고드는 피지컬AI… 경남도, 금융·기업 연결 속도","조선과 기계, 우주항공, 방산 등 주력산업에 기업과 금융을 연결해 실제 적용 사례를 만들겠다는 구상이다. 경남도는 22일 한국산업은행 본점에서 열린 '피지컬AI 지역거점 발전 포럼'에서 정책금융기관·지역은행과... ",https://www.ziksir.com/news/articleView.html?idxno=147364,https://www.ziksir.com/news/articleView.html?idxno=147364,"Wed, 23 Sep 2026 08:36:00 +0900",2026-09-23 10:20:23
방산/우주항공,우주항공 산업,"경상국립대, 'GCS 우주실용화센터' 본격 활동 돌입",박재현 교수는 &quot;남해안우주산업벨트 구축 계획이 발표되고 정부의 7대 SEED에 우주항공이 포함되는 등 정부의 우주항공산업 지원 전략이 추진되고 있다&quot;며 &quot;센터는 남해안 지역 유망 우주기술들을 발굴하고 초기 사업화... ,http://www.enewstoday.co.kr/news/articleView.html?idxno=2473705,http://www.enewstoday.co.kr/news/articleView.html?idxno=2473705,"Wed, 23 Sep 2026 08:30:00 +0900",2026-09-23 10:20:23
방산/우주항공,우주항공 산업,"세종대, 인디카 벼 품종 'IPS' 치폴레 식재료 선택...제13회 학정포럼 개...",타인의 기준에 휩쓸리지 않고 스스로 정직하게 검증하고 탐구하는 학문적 진실성이 미래 항공우주산업을 이끌 전문가의 핵심 자세라고 조언했다. HUSS 위험사회 컨소시엄 세종대학교 사업단 소속 학생들이 지난 8월 20일... ,http://www.wsobi.com/news/articleView.html?idxno=318702,http://www.wsobi.com/news/articleView.html?idxno=318702,"Wed, 23 Sep 2026 08:22:00 +0900",2026-09-23 10:20:23
방산/우주항공,우주항공 산업,"한화에어로, 무인기 '모하비스톨' 국산화 시동","한 방산업계 관계자는 &quot;국내 업체가 해외에서 검증된 기종을 기반으로 개발 기간을 단축하는 것은... 우주항공청과 함께 4500lbf급(추력 4500파운드급) 민·군 겸용 터보팬 엔진을 2029년 목표로 개발하고 있으며, 무인기... ",https://dealsite.co.kr/articles/169351,https://dealsite.co.kr/articles/169351,"Wed, 23 Sep 2026 07:04:00 +0900",2026-09-23 10:20:23
방산/우주항공,우주항공 산업,"박상진號 산업은행, 기업에서 지역 생태계로 피지컬AI 금융 '확장' [금융...","AI 산업 지도의 출발점이 되겠다”고 밝혔다. 지역별로 보면 전북은 자동차·기계부품, 경북은 철강·반도체 소재부품, 경남은 우주항공·조선 등 강한 제조업 기반을 갖고 있다. 정부와 산은은 기존 제조설비와... ",https://www.fntimes.com/html/view.php?ud=2026092217371710485e6e69892f_18,https://www.fntimes.com/html/view.php?ud=2026092217371710485e6e69892f_18,"Wed, 23 Sep 2026 07:02:00 +0900",2026-09-23 10:20:23
방산/우주항공,우주항공 산업,"&quot;우주정거장서 AI 로봇 조종한다&quot;… 日, '우주 AI 로봇 대회' 2027년 개최",일본우주항공연구개발기구(JAXA)가 플랫폼을 전폭 지원한다. ISS 일본 모듈 '키보'서 2027년 초 결승… 구형... 육성하고 우주 산업으로 유입시키는 촉매제로 삼겠다&quot;고 강조했다. 이번 우주 로봇 AI 대회는 일본 정부가... ,https://www.g-enews.com/view.php?ud=2026092222245576010c8c1c064d_1,https://www.g-enews.com/view.php?ud=2026092222245576010c8c1c064d_1,"Wed, 23 Sep 2026 06:26:00 +0900",2026-09-23 10:20:23
방산/우주항공,K방산 수출,KF-21에 국산 장거리 공대공 유도탄 단다…한화-KAI 협력,"두 회사는 지난 2월 ‘K-방산 글로벌 경쟁력 강화를 위한 미래 핵심 사업 공동 협력 협약(MOU)’을 체결하고... 리야드 방산전시회(WDS)에서는 항공무장 사업협력 MOU를 맺고 항공기와 무장 통합, 수출 공동 마케팅 등에... ",https://www.busan.com/view/busan/view.php?code=2026092310172649104,https://n.news.naver.com/mnews/article/082/0001399648?sid=101,"Wed, 23 Sep 2026 10:18:00 +0900",2026-09-23 10:20:24
방산/우주항공,K방산 수출,"한화, KAI와 '장거리 공대공 유도탄' 통합 협력···KF-21 전력화 지원",양사의 공조는 올해 초부터 이어진 항공무장 및 방산 수출 협력의 연장선이다. 앞서 양사는 지난 2월 서울에서 'K-방산 글로벌 경쟁력 강화를 위한 미래 핵심 사업 공동 협력 협약(MOU)'을 맺고 국산 항공기의 국제공동... ,http://www.enewstoday.co.kr/news/articleView.html?idxno=2473838,http://www.enewstoday.co.kr/news/articleView.html?idxno=2473838,"Wed, 23 Sep 2026 10:15:00 +0900",2026-09-23 10:20:24
방산/우주항공,K방산 수출,"한화에어로·KAI, KF-21의 '공대공 유도탄' 함께 개발한다",또한 양사는 지난 2월 서울에서 'K-방산 글로벌 경쟁력 강화를 위한 미래 핵심 사업 공동 협력 협약'을 통해... 리야드 방산전시회(WDS)에서 '항공무장 사업협력 MOU'를 맺어 항공기-무장 통합과 수출 공동마케팅에 협력키로... ,https://www.financialpost.co.kr/news/articleView.html?idxno=277203,https://www.financialpost.co.kr/news/articleView.html?idxno=277203,"Wed, 23 Sep 2026 10:14:00 +0900",2026-09-23 10:20:24
방산/우주항공,K방산 수출,"한화에어로-KAI, 장거리 공대공 유도탄 KF-21 통합 MOU…항공무장 국산화...","앞서 두 회사는 지난 2월 'K-방산 글로벌 경쟁력 강화를 위한 미래 핵심 사업 공동 협력 MOU’을 맺고 국산... 열린 방산전시회(WDS)에서는 ‘항공무장 사업협력 MOU’를 체결해 항공기와 무장의 통합, 수출 공동 마케팅... ",https://www.g-enews.com/view.php?ud=202609230947344183ea14faf6f5_1,https://www.g-enews.com/view.php?ud=202609230947344183ea14faf6f5_1,"Wed, 23 Sep 2026 10:12:00 +0900",2026-09-23 10:20:24
방산/우주항공,K방산 수출,"한화에어로-KAI, 장거리 공대공 유도탄 개발 '맞손'",앞서 양사는 지난 2월 K-방산 글로벌 경쟁력 강화를 위한 미래 핵심 사업 공동 협력 MOU와 항공무장 사업협력 MOU을 맺고 항공기-무장 통합과 수출 공동마케팅 등에 협력하기로 한 바 있다. 양사는 국산 항공기 개발... ,https://view.asiae.co.kr/article/2026092310100966554,https://n.news.naver.com/mnews/article/277/0005820384?sid=101,"Wed, 23 Sep 2026 10:10:00 +0900",2026-09-23 10:20:24
방산/우주항공,K방산 수출,"한화·KAI, 국산 항공무장 KF-21 통합 '맞손'",앞서 두 회사는 지난 2월 서울에서 'K-방산 글로벌 경쟁력 강화를 위한 미래 핵심 사업 공동 협력 협약(MOU)... 리야드 방산전시회(WDS)에서 '항공무장 사업협력 업무협약'을 맺어 항공기-무장 통합과 수출 공동마케팅 등에... ,http://www.hansbiz.co.kr/news/articleView.html?idxno=867800,http://www.hansbiz.co.kr/news/articleView.html?idxno=867800,"Wed, 23 Sep 2026 10:06:00 +0900",2026-09-23 10:20:24
방산/우주항공,K방산 수출,KF-21에 국산 장거리 공대공 미사일 단다…한화에어로-KAI 협력 강화,앞서 두 회사는 지난 2월 서울에서 ‘K-방산 글로벌 경쟁력 강화를 위한 미래 핵심 사업 공동 협력 협약(MOU)... 열린 방산전시회 WDS에서 ‘항공무장 사업협력 업무협약(MOU)’을 맺고 항공기·무장 통합과 수출 공동... ,https://www.socialvalue.kr/news/view/1065571707846641,https://www.socialvalue.kr/news/view/1065571707846641,"Wed, 23 Sep 2026 10:06:00 +0900",2026-09-23 10:20:24
방산/우주항공,K방산 수출,&quot;KF-21 무장 국산화 앞당긴다&quot;…한화에어로스페이스·KAI 맞손,앞서 양사는 지난 2월 서울에서 K-방산 글로벌 경쟁력 강화를 위한 업무협약을 체결하고 국제 공동 마케팅에... 이어 같은 달 사우디아라비아 방산전시회(WDS)에서도 항공무장 사업협력 MOU를 맺으며 수출 전선에서도 뜻을... ,https://www.widedaily.com/news/articleView.html?idxno=301425,https://www.widedaily.com/news/articleView.html?idxno=301425,"Wed, 23 Sep 2026 10:06:00 +0900",2026-09-23 10:20:24
방산/우주항공,K방산 수출,"한화-KAI, 장거리 공대공 유도탄 'KF-21' 통합 협력",지난 2월 서울에서 'K-방산 글로벌 경쟁력 강화를 위한 미래 핵심 사업 공동 협력 협약'을 맺고 국산... 열린 방산전시회(WDS)에서는 '항공무장 사업협력 업무협약'을 체결하고 항공기-무장 통합과 수출 공동마케팅 등에... ,https://www.shinailbo.co.kr/news/articleView.html?idxno=5065440,https://www.shinailbo.co.kr/news/articleView.html?idxno=5065440,"Wed, 23 Sep 2026 10:04:00 +0900",2026-09-23 10:20:24
방산/우주항공,K방산 수출,"한화에어로·KAI, KF-21 전력 강화 맞손…국산 항공무장 협력",지난 2월 서울에서 'K-방산 글로벌 경쟁력 강화를 위한 미래 핵심 사업 공동 협력 협약(MOU)'을 체결하고 국산... 이를 통해 항공기와 무장 통합을 비롯해 수출 공동 마케팅 등으로 협력 범위를 넓혔다. 국산 항공기 개발... ,http://www.iminju.net/news/articleView.html?idxno=169940,http://www.iminju.net/news/articleView.html?idxno=169940,"Wed, 23 Sep 2026 10:04:00 +0900",2026-09-23 10:20:24
방산/우주항공,K방산 수출,"한화에어로스페이스-KAI, KF-21 '장거리 공대공 유도탄' 국산화 맞손",&lt;한화에어로스페이스&gt; 앞서 한화에어로스페이와 KAI는 지난 2월 서울에서 'K-방산 글로벌 경쟁력 강화를... 리야드 방산전시회(WDS)에서 '항공무장 사업협력 MOU'를 맺어 항공기-무장 통합과 수출 공동 마케팅 등에... ,https://www.businesspost.co.kr/BP?command=article_view&num=447897,https://www.businesspost.co.kr/BP?command=article_view&num=447897,"Wed, 23 Sep 2026 10:02:00 +0900",2026-09-23 10:20:24
방산/우주항공,K방산 수출,"한화에어로·KAI, 장거리 공대공 유도탄 국산화 맞손…KF-21에 탑재","앞서 두 회사는 지난 2월 서울에서 K-방산 미래 핵심 사업 공동 협력 협약을 체결한 데 이어, 사우디아라비아... 최근 글로벌 방위산업 업계에 따르면 첨단 4.5~5세대 전투기의 실질적인 작전 능력과 수출 경쟁력은 기체... ",https://www.sentv.co.kr/article/view/sentv202609230028,https://www.sentv.co.kr/article/view/sentv202609230028,"Wed, 23 Sep 2026 09:58:00 +0900",2026-09-23 10:20:24
방산/우주항공,K방산 수출,"한화에어로-KAI, KF-21 장거리 공대공 유도탄 개발 협력",앞서 두 회사는 지난 2월 'K-방산 글로벌 경쟁력 강화를 위한 미래 핵심 사업 공동 협력 협약(MOU)'을 통해... 리야드 방산전시회(WDS)에서 '항공무장 사업협력 업무협약(MOU)'을 맺어 항공기-무장 통합과 수출 공동마케팅... ,http://www.inews24.com/view/2008640,https://n.news.naver.com/mnews/article/031/0001060870?sid=101,"Wed, 23 Sep 2026 09:56:00 +0900",2026-09-23 10:20:24
방산/우주항공,K방산 수출,"美 공급망 재편 파고 넘는다…코트라, AI·소부장·K뷰티 집중 공략","코트라는 관세 등 통상 불확실성에 대응하는 동시에 이들 분야를 중심으로 미국 수출 품목과 진출 방식을... 코트라는 자동차와 조선, 방산, 반도체, 에너지 인프라 등을 국내 소부장 업체의 신규 진입 가능성이 높은... ",https://biz.heraldcorp.com/article/10883024?ref=naver,https://n.news.naver.com/mnews/article/016/0002701248?sid=101,"Wed, 23 Sep 2026 09:53:00 +0900",2026-09-23 10:20:24
방산/우주항공,K방산 수출,"한화-KAI, 장거리 공대공 유도탄 KF-21 통합 협력",서울에서 ‘K-방산 글로벌 경쟁력 강화를 위한 미래 핵심 사업 공동 협력 협약’을 맺고 국산 항공기의 국제... 같은 달 사우디아라비아 리야드에서 열린 방산전시회 WDS에서는 항공기·무장 통합과 수출 공동 마케팅을... ,https://biz.chosun.com/industry/company/2026/09/23/UF43T2WOFJC6XDUSQDRJA6PYYI/?utm_source=naver&utm_medium=original&utm_campaign=biz,https://n.news.naver.com/mnews/article/366/0001194126?sid=101,"Wed, 23 Sep 2026 09:52:00 +0900",2026-09-23 10:20:24
방산/우주항공,K방산 수출,"코트라, 북미 수출판 다시 짠다…전력기기·소부장·K뷰티 지원 강화","북미 수출·투자 전략의 ‘다변화’에 나선다. AI 생태계 확산과 글로벌 제조사 공급망 재편, K컬처 확산을... 미래 모빌리티와 조선, 방산, 반도체, 에너지 인프라 분야를 중심으로 기술 실증과 공동 개발, 솔루션 도입 등... ",https://www.etoday.co.kr/news/view/2628966,https://www.etoday.co.kr/news/view/2628966,"Wed, 23 Sep 2026 09:50:00 +0900",2026-09-23 10:20:24
방산/우주항공,K방산 수출,"한화에어로·KAI, KF-21 장거리 공대공 유도탄 사업 '맞손'",지난 2월 서울에서 'K-방산 글로벌 경쟁력 강화를 위한 미래 핵심 사업 공동 협력 협약(MOU)'을 맺고 국제... 열린 방산전시회(WDS) 기간에도 양사는 '항공무장 사업협력 업무협약(MOU)'을 체결해 무장 통합과 수출 마케팅... ,https://www.ebn.co.kr/news/articleView.html?idxno=1725499,https://www.ebn.co.kr/news/articleView.html?idxno=1725499,"Wed, 23 Sep 2026 09:46:00 +0900",2026-09-23 10:20:24
방산/우주항공,K방산 수출,"한화-KAI, KF-21 장거리 공대공 유도탄 통합 협력 강화",앞서 양사는 지난 2월 서울에서 'K-방산 글로벌 경쟁력 강화를 위한 미래 핵심 사업 공동 협력 협약(MOU)'을... 열린 방산전시회(WDS)에서는 '항공무장 사업협력 업무협약(MOU)'을 맺고 항공기-무장 통합과 수출 공동마케팅... ,https://www.econovill.com/news/articleView.html?idxno=751665,https://www.econovill.com/news/articleView.html?idxno=751665,"Wed, 23 Sep 2026 09:44:00 +0900",2026-09-23 10:20:24
방산/우주항공,K방산 수출,KF-21에 국산 무장 결합한다… 한화-KAI '맞손',"지난 2월 서울에서 'K-방산 글로벌 경쟁력 강화를 위한 미래 핵심 사업 공동 협력 협약'을 체결하고 국산... 열린 방산전시회 WDS에서는 '항공무장 사업협력 업무협약'을 맺고 항공기와 무장의 통합, 수출 공동 마케팅... ",https://www.fnnews.com/news/202609230913437754,https://n.news.naver.com/mnews/article/014/0005580141?sid=101,"Wed, 23 Sep 2026 09:44:00 +0900",2026-09-23 10:20:24
철강/조선,철강 주가,"현대제철, 3분기 영업익 1001억 전망…美 HPLS 기업가치 개선 기대",이번 보고서에서 현대제철의 목표주가는 3만6500원에서 4만6700원으로 상향했다. 박 연구원은 한국을 포함한 주요 시장에서 철강 가격과 실적의 지역별 차별화가 나타나고 있는 점을 감안하면서도 HPLS 가동에 따른... ,http://www.ferrotimes.com/news/articleView.html?idxno=50542,http://www.ferrotimes.com/news/articleView.html?idxno=50542,"Wed, 23 Sep 2026 10:10:00 +0900",2026-09-23 10:20:24
철강/조선,철강 주가,[ABC뉴스 칼럼] 삼성전자의 주주환원과 수익률의 착시,"한국철강은 800원을 배당하고도 주가가 1310원(13.3%) 주저앉아 아직 그 낙폭을 회복하지 못했다. 오른 만큼, 혹은 그 이상 빠질 수 있다는 게 말뿐인 경고가 아니라는 얘기다. 숫자를 뜯어보면 잔치의 규모도 가늠이... ",https://www.abcn.kr/news/articleView.html?idxno=92258,https://www.abcn.kr/news/articleView.html?idxno=92258,"Wed, 23 Sep 2026 07:26:00 +0900",2026-09-23 10:20:24
철강/조선,철강 주가,"&quot;수익률에 가린 ESG투자…국민연금 투자기업, 온실가스 연 4억t&quot;","부문별로 보면 발전 부문의 온실가스 배출량이 연간 1억5천만t으로 가장 많고, 철강(1억t)과 정유·화학... 하지만 최근 삼성전자·SK하이닉스 등의 가파른 주가 상승에 힘입어 국내주식 수익률이 높은 수준을 기록하면서... ",https://www.yna.co.kr/view/AKR20260922170600530?input=1195m,https://n.news.naver.com/mnews/article/001/0016331321?sid=102,"Wed, 23 Sep 2026 06:01:00 +0900",2026-09-23 10:20:24
철강/조선,철강 주가,"금강철강, 주가 9월 22일 애프터마켓 7,280원 0.41% 상승","금강철강의 시가총액은 1,363억 원이며, 외국인소진율은 0.22%이다. 주가순자산비율(PBR)은 0.89배로, 주당순자산(BPS) 8,149원과 비교하면 주가가 기업의 장부가치보다 낮은 수준을 보여주고 있다.... ",https://www.joongangenews.com/news/articleView.html?idxno=550199,https://www.joongangenews.com/news/articleView.html?idxno=550199,"Tue, 22 Sep 2026 17:38:00 +0900",2026-09-23 10:20:24
철강/조선,철강 주가,저PBR '낙인' 피하기 한 달...현대제철·롯데쇼핑 등 밸류업 '비상',철강·유통·보험처럼 산업 구조상 PBR이 낮아지기 쉬운 업종도 있고 경기순환이나 규제의 영향도 받는다. 따라서 그보다는 시장이 기업에 던지는 질문에 가깝다. '왜 이 회사의 주가는 보유 자산에 비해 장기간 낮은... ,https://www.esgeconomy.com/news/articleView.html?idxno=16817,https://www.esgeconomy.com/news/articleView.html?idxno=16817,"Tue, 22 Sep 2026 16:04:00 +0900",2026-09-23 10:20:24
철강/조선,철강 주가,'개미 1.6조 매도' 코스피 전강후약 AI낙관론 재부각…삼성전자 1%↑,"간밤 뉴욕증시는 AI 관련주 강세에 힘입어 3대 주가지수가 동반 상승했다. 특히 기술주 중심의... 00%), 철강·금속(-0.63%), 화학(-0.62%), 유통업(-0.36%) 등은 떨어졌다. 코스닥지수는 전 거래일보다 1.89포인트(0.23... ",http://www.smedaily.co.kr/news/articleView.html?idxno=363666,http://www.smedaily.co.kr/news/articleView.html?idxno=363666,"Tue, 22 Sep 2026 16:02:00 +0900",2026-09-23 10:20:24
철강/조선,철강 주가,중국산 규제에 AI·반도체 수요까지…철강株 기지개 켜나,"지속된 업황 부진으로 눌려 있던 국내 철강주가 기지개를 켤 지 관심이 쏠린다. 정부의 중국산 철강재 대상 반덤핑 규제 강화로 가격 하단이 지지되는 가운데, AI 데이터센터와 반도체 클러스터 증설에 따른 신규... ",https://www.g-enews.com/view.php?ud=202609221536076897923c501012_1,https://www.g-enews.com/view.php?ud=202609221536076897923c501012_1,"Tue, 22 Sep 2026 16:02:00 +0900",2026-09-23 10:20:24
철강/조선,철강 주가,[EBN 데이터센터] 토마토시스템 등 코스닥 6종목 상한가,"이날 장 마감 기준 코스피 상승률 상위권은 반도체 기판과 전자부품, 항공, 소비재, 철강, 전기전자... 항공주가 중심이었고, 코스닥은 개별 종목 중심의 탄력이 강하게 나타난 장세로 요약된다. [EBN과... ",https://www.ebn.co.kr/news/articleView.html?idxno=1725385,https://www.ebn.co.kr/news/articleView.html?idxno=1725385,"Tue, 22 Sep 2026 15:52:00 +0900",2026-09-23 10:20:24
철강/조선,철강 주가,[EBN 데이터센터] 22일 상승 종목 30選…코스닥 6개 종목 상한가,"이날 한국거래소에 따르면 코스피 상승률 상위권은 반도체 기판과 전자부품, 항공, 소비재, 철강... 항공주가 중심이었고, 코스닥은 개별 종목 중심의 탄력이 강하게 나타났다. [EBN과 생성형 AI가 함께... ",https://www.ebn.co.kr/news/articleView.html?idxno=1725395,https://www.ebn.co.kr/news/articleView.html?idxno=1725395,"Tue, 22 Sep 2026 15:50:00 +0900",2026-09-23 10:20:24
철강/조선,철강 주가,동국산업 13.58% 급등…1139만주 거래되며 3680원 마감,동국산업에 거래가 집중되며 코스닥 시장에서 주가가 13% 넘게 올랐다. 22일 동국산업은 전 거래일보다... 이날 급등과 별개로 기존 철강 사업의 수익성 회복과 신규 소재 매출의 실제 반영 여부를 확인해야 한다.,https://www.job-post.co.kr/news/articleView.html?idxno=228890,https://www.job-post.co.kr/news/articleView.html?idxno=228890,"Tue, 22 Sep 2026 15:42:00 +0900",2026-09-23 10:20:24
철강/조선,철강 주가,POSCO홀딩스 31만6000원 약보합…리튬 흑자 전환 뒤 숨 고르기,"향후 주가의 핵심은 철강 판매가격과 원료비의 차이, 리튬 가격 및 생산 안정성, 대규모 투자와 주주환원의 균형이다. 자원 사업의 분기 흑자가 지속되는지 확인이 필요하다.",https://www.job-post.co.kr/news/articleView.html?idxno=228839,https://www.job-post.co.kr/news/articleView.html?idxno=228839,"Tue, 22 Sep 2026 15:06:00 +0900",2026-09-23 10:20:24
철강/조선,철강 주가,&quot;반도체 호황·최대 실적… 내 지갑은 왜 그대로일까&quot;,AI 산업의 확산과 맞물려 반도체 수출과 기업 실적이 개선되고 주가도 크게 올랐다. 정부의 세수 여건 역시... 반도체와 AI가 성장하는 동안 자동차·철강·석유화학 등 기존 제조업의 경쟁력이 약화하면 산업·소득·지역 간... ,https://www.m-joongang.com/news/articleView.html?idxno=403082,https://www.m-joongang.com/news/articleView.html?idxno=403082,"Tue, 22 Sep 2026 14:46:00 +0900",2026-09-23 10:20:24
철강/조선,철강 주가,증권가 현대제철 목표주가 상향…美 제철소 진출에 AI 호재 겹쳤다,목표주가 상향 전환의 가장 큰 동력은 미국 루이지애나 제철소(HPLS) 진출이다. 현대제철은 9월 루이지애나 제철소 기공식을 시작으로 2029년 상반기 완공을 목표로 현지 공장 건립에 착수했다. 미국 철강 시장은 수입... ,https://news.einfomax.co.kr/news/articleView.html?idxno=4436060,https://news.einfomax.co.kr/news/articleView.html?idxno=4436060,"Tue, 22 Sep 2026 10:06:00 +0900",2026-09-23 10:20:24
철강/조선,철강 주가,"경북도의회, &quot;지방 몫 줄이는 미래대응기금 안 된다&quot;","수출과 기업 실적, 주가지수는 나아졌다고 하지만 시장과 농어촌, 산업 현장에서 느끼는 경기는 여전히... 이어 &quot;철강과 전자, 자동차 부품 등 경북의 주요 수출산업은 침체를 겪고 있고, 농어촌은 농자재비와 인건비 상승... ",https://www.cnbnews.com/news/articleView.html?idxno=1016852,https://www.cnbnews.com/news/articleView.html?idxno=1016852,"Tue, 22 Sep 2026 09:28:00 +0900",2026-09-23 10:20:24
철강/조선,철강 주가,"[모닝 리포트] &quot;포스코인터내셔널, 美 셰일가스 투자로 증익·배당 선순...","적정주가 9만7000원을 유지했다. 포스코인터내셔널은 에너지 개발·발전과 철강, 소재·바이오, 무역 사업 등을 영위하는 종합사업회사다. 최근 코드에너지(Chord Energy) 자회사가 보유한 미국 마셀러스(Marcellus)... ",https://www.newspim.com/news/view/20260922000077,https://www.newspim.com/news/view/20260922000077,"Tue, 22 Sep 2026 08:53:00 +0900",2026-09-23 10:20:24
철강/조선,철강 주가,[Invest]&quot;고액자산가 60%는 기업에&quot;…'법인 개척'으로 WM-IB 선순환 추구,"내수 부진과 업황 둔화에 직면한 화학·철강 등 전통 제조업보다 반도체·AI, 방산, 조선, 자동차 등 수출과... 이 대표는 증시 변동성에 대응할 대안 중 하나로 대형주를 활용한 주가연계증권(ELS)을 꼽았다. 지난 8월 급락... ",https://www.investchosun.com/site/data/html_dir/2026/09/21/2026092180117.html,https://www.investchosun.com/site/data/html_dir/2026/09/21/2026092180117.html,"Tue, 22 Sep 2026 07:02:00 +0900",2026-09-23 10:20:24
철강/조선,조선 산업,"&quot;10월에 몰렸다&quot;···10대 건설사, 가을 분양시장 1만6000가구 '물량 공...",단지가 들어서는 옥포동은 한화오션 거제사업장을 비롯한 조선업 관련 산업시설의 배후 주거지로 꼽힌다. 이에 따라 단순 투자수요보다 조선업 종사자와 협력업체 근로자 등 실수요층을 얼마나 흡수하느냐가 청약... ,https://www.smartbizn.com/news/articleView.html?idxno=154734,https://www.smartbizn.com/news/articleView.html?idxno=154734,"Wed, 23 Sep 2026 09:44:00 +0900",2026-09-23 10:20:25
철강/조선,조선 산업,"자본잠식 한화 필리조선소, 내부거래로 몸값 4배","한화그룹은 조선산업 협력 투자펀드(1500억 달러)를 활용해 필리조선소에 50억 달러를 투자하겠다는 계획으로, 추가 출자 가능성이 높았던 상황이다. 한화시스템은 올 들어 자산 유동화와 매각 등으로 통해... ",https://news.bizwatch.co.kr/article/industry/2026/09/23/0003,https://n.news.naver.com/mnews/article/648/0000051026?sid=101,"Wed, 23 Sep 2026 09:35:00 +0900",2026-09-23 10:20:25
철강/조선,조선 산업,가족과 함께 살아갈 권리,현재 우리나라의 조선 산업은 활황을 맞고 있다. 그러나 그것은 바로 거제시 경제 활성화로 이어지지 않는다. 조선 산업의 활황으로 많은 일자리를 만들어 냈다. 그 자리를 내국인이 아니라 저임금 구조의 미숙련... ,https://www.jejusori.net/news/articleView.html?idxno=506818,https://www.jejusori.net/news/articleView.html?idxno=506818,"Wed, 23 Sep 2026 09:10:00 +0900",2026-09-23 10:20:25
철강/조선,조선 산업,"GS인증 국산 AI CAD '직스캐드 AX', 공공·산업 현장 도입 확대","분야도 건축·건설을 비롯해 방산·우주, 로봇, 기계·제조, 조선 등 다양한 산업에서 활용 범위를 확장하고 있다. 해외에서도 베트남 현지 기업을 중심으로 도입 사례가 늘고 있으며, CES 2027 참가를 계기로 글로벌... ",https://www.etnews.com/20260922000471,https://n.news.naver.com/mnews/article/030/0003469613?sid=105,"Wed, 23 Sep 2026 09:01:00 +0900",2026-09-23 10:20:25
철강/조선,조선 산업,"한-스웨덴, 해상풍력 공급망 협력 본격화…문무바람 핵심 분야 맞손",칼-울르프 안데르손 주한스웨덴대사는 &quot;이번 협약을 통해 한국과 스웨덴의 강점을 실제 부유식 해상풍력 프로젝트와 공급망 협력으로 연결하는 중요한 기반을 마련했다&quot;며 &quot;한국의 뛰어난 제조·조선·해양산업 역량과... ,https://www.epnc.co.kr/news/articleView.html?idxno=407318,https://www.epnc.co.kr/news/articleView.html?idxno=407318,"Wed, 23 Sep 2026 09:00:00 +0900",2026-09-23 10:20:25
철강/조선,조선 산업,"김해 조선해양기자재 기업, 해외시장서 1,028만달러 상담","이번 상담회는 친환경·고부가가치 선박 시장 확대와 국제해사기구의 환경규제 강화 등 급변하는 조선산업 환경에 대응하고, 국내 조선해양기자재 기업의 수출시장 다변화를 지원하기 위해 마련됐다. 경남도와 김해시를... ",http://www.newstown.co.kr/news/articleView.html?idxno=716734,http://www.newstown.co.kr/news/articleView.html?idxno=716734,"Wed, 23 Sep 2026 08:55:00 +0900",2026-09-23 10:20:25
철강/조선,조선 산업,한미 조선 협력의 걸림돌은 규제…美 전문가 &quot;새로운 틀 필요&quot;,미국 조선산업의 특수성을 고려하지 않은 채 기존 제도를 그대로 적용하면 한국 기업의 미국 투자를 끌어내기 어렵다는 취지다. 그린월트 연구원은 한국 기업에도 적극적인 협상 전략을 주문했다. 그는 단순히 &quot;이건... ,https://www.pinpointnews.co.kr/news/articleView.html?idxno=489828,https://www.pinpointnews.co.kr/news/articleView.html?idxno=489828,"Wed, 23 Sep 2026 08:46:00 +0900",2026-09-23 10:20:25
철강/조선,조선 산업,부산상의 조선소 협력업체에 송편,HJ중공업 영도조선소에서 열린 행사는 부산상의가 고용노동부 부산시와 함께 추진하고 있는 ‘부산 조선산업 지역상생형 격차 완화 지원사업’ 중 하나로 진행됐다. 격차완화지원사업은 7개 원청사별 맞춤형 복지... ,https://www.naeil.com/news/read/603248?ref=naver,https://www.naeil.com/news/read/603248?ref=naver,"Wed, 23 Sep 2026 08:08:00 +0900",2026-09-23 10:20:25
철강/조선,조선 산업,"실적·시금고 잡은 정상혁 신한은행장, 재신임받을까","조선업 등 국가 핵심 산업에서는 공급망 안정화 지원을 확대했다. 삼성중공업, 한국무역보험공사와 신한은행·삼성중공업이 각각 178억원·35억원을 공동 출연해 총 3000억원 규모의 특별보증을 조성하고, 삼성중공업... ",http://www.hansbiz.co.kr/news/articleView.html?idxno=867508,http://www.hansbiz.co.kr/news/articleView.html?idxno=867508,"Wed, 23 Sep 2026 07:36:00 +0900",2026-09-23 10:20:25
철강/조선,조선 산업,"GS인증 국산 AI CAD ‘직스캐드 AX’, 공공·산업 현장 도입 확대","또 건축·건설을 비롯해 방산·우주, 로봇, 기계·제조, 조선 등 다양한 산업 분야로 활용 범위를 확장하고 있다. 해외에서도 베트남 현지 기업을 중심으로 도입 사례가 늘고 있으며, 'CES 2027' 참가를 계기로 글로벌... ",https://zdnet.co.kr/view/?no=20260922172121,https://n.news.naver.com/mnews/article/092/0002438566?sid=105,"Wed, 23 Sep 2026 07:01:00 +0900",2026-09-23 10:20:25
철강/조선,조선 산업,[경제 간첩 경보⑤·끝] 도면 밖으로 나온 시행착오… 해법은 '보상',"반도체와 디스플레이, 이차전지, 조선 등 대한민국 주력산업의 핵심기술이 해외로 새고 있다. 기업이 수년간 막대한 자금을 들여 확보한 기술이 해외로 유출되면 경쟁사의 추격시간이 단숨에 줄면서 국가 산업경쟁력까지... ",http://www.the-biz.co.kr/news/articleView.html?idxno=727631,http://www.the-biz.co.kr/news/articleView.html?idxno=727631,"Wed, 23 Sep 2026 07:00:00 +0900",2026-09-23 10:20:25
철강/조선,조선 산업,"한국 대미투자 1호는 텍사스 화력발전소…정부, 국회에 비공개 보고","알래스카 LNG 개발, 핵발전소 건설 사업은 '양국 관심 프로젝트'로 보고 지난해 미국 트럼프 행정부와의 관세·통상협상에 따라 한국이 미국에 조선산업 1500억 달러, 전략투자 2000억 달러 등 총 3500억 달러를 투자하기로 한... ",https://www.pressian.com/pages/articles/2026092215204554386?utm_source=naver&utm_medium=search,https://n.news.naver.com/mnews/article/002/0002458069?sid=100,"Wed, 23 Sep 2026 05:59:00 +0900",2026-09-23 10:20:25
철강/조선,조선 산업,"한화, 美 방산·조선 밀월 강화…대미 사업 현지화 속도","대표적으로 한미 조선산업 협력 프로젝트인 '마스가(MASGA)'가 있다. 마스가는 한미 관세협상 과정에서 마련된 1500억 달러 규모의 조선산업 협력 투자 프로젝트다. 미국 내 선박 건조와 조선소 투자, 기술 이전, 인력 양성... ",https://www.ajunews.com/view/20260922140946094,https://www.ajunews.com/view/20260922140946094,"Wed, 23 Sep 2026 05:02:00 +0900",2026-09-23 10:20:25
철강/조선,조선 산업,“K방산 주춤… 현지 공급망 구축해 돌파구 찾자”,조선일보 국가전략산업 포럼 K방산 세계화 전략 모색 “단순 무기 수출을 넘어 메이크 위드 코리아(Make with Korea) 생태계를 구축해야 합니다.”(김성원 국회 산업통상자원중소벤처기업위원장) 22일 서울 중구... ,https://www.chosun.com/economy/industry-company/2026/09/23/VLLR37JQP5FNPKJ2BMZJXB3TJY/?utm_source=naver&utm_medium=referral&utm_campaign=naver-news,https://n.news.naver.com/mnews/article/023/0003999972?sid=101,"Wed, 23 Sep 2026 00:35:00 +0900",2026-09-23 10:20:25
철강/조선,조선 산업,해상풍력 '문무바람' 기자재 공급망 구축,칼-울르프 안데르손 주한스웨덴대사는 &quot;이번 협약으로 한국과 스웨덴의 강점을 실제 부유식 해상풍력 프로젝트와 공급망 협력으로 연결하는 중요한 기반을 마련했다&quot;며 &quot;한국의 뛰어난 제조·조선·해양산업 역량과... ,https://www.ksilbo.co.kr/news/articleView.html?idxno=1068109,https://www.ksilbo.co.kr/news/articleView.html?idxno=1068109,"Wed, 23 Sep 2026 00:02:00 +0900",2026-09-23 10:20:25
철강/조선,조선 산업,"[발언대]울산 북구 30년, 창평지구 제2혁신도시 유치로 완성된다","자동차와 조선 등 기존 주력산업에 수소와 미래 모빌리티, 인공지능을 활용한 제조혁신을 더해가는 과정에서 창평지구는 산업과 공공기관을 연결하는 공간이 될 수 있다. 우리 북구가 정부에 제안하는 제2혁신도시는... ",https://www.ksilbo.co.kr/news/articleView.html?idxno=1068070,https://www.ksilbo.co.kr/news/articleView.html?idxno=1068070,"Wed, 23 Sep 2026 00:02:00 +0900",2026-09-23 10:20:25
철강/조선,조선 산업,"韓·스웨덴, 울산 '문무바람' 사업 힘모은다",칼-울르프 안데르손 주한스웨덴대사는 &quot;이번 협약을 통해 한국과 스웨덴의 강점을 실제 부유식 해상풍력 프로젝트와 공급망 협력으로 연결하는 중요한 기반을 마련했다&quot;며 &quot;한국의 제조·조선·해양산업 역량과 스웨덴의... ,http://www.ujeil.com/news/articleView.html?idxno=392545,http://www.ujeil.com/news/articleView.html?idxno=392545,"Tue, 22 Sep 2026 22:08:00 +0900",2026-09-23 10:20:25
철강/조선,조선 산업,울산發 '제조AX 산업혁명' 온다,"또 조선 산업 분야에서도 설계부터 생산까지 전주기 데이터를 통합 구축하고, 용접·검사·정비 등 핵심 제조공정에 인공지능과 로봇을 접목하는 실증 작업을 추진하고 있다. 울산시는 이를 기반으로 조선, 석유화학... ",http://www.ujeil.com/news/articleView.html?idxno=392578,http://www.ujeil.com/news/articleView.html?idxno=392578,"Tue, 22 Sep 2026 22:08:00 +0900",2026-09-23 10:20:25
철강/조선,조선 산업,울산 제조업 AI접목 실증사업 본격화,시는 HD현대중공업의 디지털화 기반을 활용해 조선산업에 공통으로 적용할 수 있는 '조선 파운데이션 AI 모델'을 개발하는 한편 기자재 실증과 AI 선박 플랫폼 구축도 병행하고 있다. 신 부시장은 올해를 &quot;조선 AI의... ,https://www.ulsanpress.net/news/articleView.html?idxno=583598,https://www.ulsanpress.net/news/articleView.html?idxno=583598,"Tue, 22 Sep 2026 21:42:00 +0900",2026-09-23 10:20:25
철강/조선,조선 산업,[미리보는 이데일리 신문]이사철 발묶인 세입자 문닫는 영세 이사업체,"공개 △산업 -K조선 호황에 된서리…추석 이후 ‘조선업 총파업’ 위협하는 노조 -아틀라스, 美공장서 현장실습…현대차 실전투입 속도 -삼성, 獨주방가구 중심지에 쇼룸 오픈 -4족 보행 스팟, LS일렉트릭 부산사업장... ",https://www.edaily.co.kr/News/Read?newsId=05625206645582744&mediaCodeNo=257&utm_source=naver&utm_medium=referral&utm_campaign=news_syndication&utm_content=original_article,https://n.news.naver.com/mnews/article/018/0006374611?sid=102,"Tue, 22 Sep 2026 21:14:00 +0900",2026-09-23 10:20:25
철강/조선,선박 수주,"조선업계, 추석에도 임금협상 진통…'수퍼사이클' 생산차질 우려",발생하면 수주 자체보다 건조 일정과 납기 관리가 새로운 부담으로 떠오를 수 있다는 분석이다. 이런 상황에서 파업이 장기화할 경우 생산 공정이 밀리면서 향후 선박 인도 일정에도 영향을 줄 가능성이 있다. 사측은... ,https://news.tf.co.kr/read/economy/2369274.htm,https://n.news.naver.com/mnews/article/629/0000536500?sid=101,"Wed, 23 Sep 2026 10:19:00 +0900",2026-09-23 10:20:26
철강/조선,선박 수주,"HD한국조선해양, 목표 29% 높였는데 9월에 작년 넘었다…수주 187억달러","올해 수주한 선박은 LNG운반선 17척, 컨테이너선 30척, LPG·암모니아·액화이산화탄소 운반선 52척, 원유운반선 11척, 석유화학제품운반선(PC선) 53척, 자동차운반선(PCTC) 2척, RORO선 2척, 기타 2척이다. 척수 기준으로... ",https://sateconomy.co.kr/news/view/1065575364829690,https://sateconomy.co.kr/news/view/1065575364829690,"Wed, 23 Sep 2026 10:16:00 +0900",2026-09-23 10:20:26
철강/조선,선박 수주,"HJ중공업, 1만100TEU급 컨테이너선 4척 수주...총 6789억","HJ중공업은 오세아니아 지역 선사로부터 총 6,789억 원 규모 1만100TEU급 컨테이너선 4척을 수주했다고 23일... 이어 최근 HJ중공업에 컨테이너선을 발주했던 선주사가 앞서 건조한 선박의 품질에 만족해 재발주한 사례라고... ",http://www.wowtv.co.kr/NewsCenter/News/Read?articleId=A202609230037&t=NN,https://n.news.naver.com/mnews/article/215/0001266984?sid=004,"Wed, 23 Sep 2026 10:10:00 +0900",2026-09-23 10:20:26
철강/조선,선박 수주,"HJ중공업, 1만100TEU급 컨테이너선 4척 수주…6789억 규모","HJ중공업은 앞서 건조한 선박의 품질과 건조 역량에 대한 평가가 추가 수주로 이어졌다고 설명했다. HJ중공업은 같은 선종·선형을 연속 건조하면서 설계와 자재 조달, 생산 과정에서 반복건조 효과도 기대하고 있다.... ",https://www.g-enews.com/view.php?ud=20260923095729350224debea800_1,https://www.g-enews.com/view.php?ud=20260923095729350224debea800_1,"Wed, 23 Sep 2026 10:10:00 +0900",2026-09-23 10:20:26
철강/조선,선박 수주,"HJ중공업, 1만100TEU급 컨테이너선 4척 수주...6789억원 규모","4척을 수주했다고 23일 밝혔다. 발주사는 앞서 HJ중공업에 컨테이너선을 주문했던 선주사다. 이와 관련, HJ중공업은 &quot;기존에 건조한 선박의 품질과 건조 역량에 대한 만족이 재발주로 이어졌다&quot;면서 &quot;이는 자사의 대형... ",https://www.fnnews.com/news/202609230954566197,https://n.news.naver.com/mnews/article/014/0005580171?sid=102,"Wed, 23 Sep 2026 10:09:00 +0900",2026-09-23 10:20:26
철강/조선,선박 수주,"HJ중공업, 오세아니아 선사에 1만TEU급 컨테이너선 4척 수주…품질 경쟁...",HJ중공업(대표이사 유상철)은 오세아니아 지역 선사로부터 1만100TEU급 컨테이너선 4척을 6789억원 규모로 수주... 건조한 선박의 품질과 건조 역량에 대한 만족도가 반영된 결과다. 선주의 재발주는 HJ중공업의 대형... ,https://www.newsquest.co.kr/news/articleView.html?idxno=301533,https://www.newsquest.co.kr/news/articleView.html?idxno=301533,"Wed, 23 Sep 2026 10:06:00 +0900",2026-09-23 10:20:26
철강/조선,선박 수주,"HJ중공업, 6789억 규모 1만 100TEU급 컨테이너선 4척 수주…올해만 8척째",HJ중공업은 오세아니아 지역 선사로부터 총 6789억원에 1만 100TEU 컨테이너선 4척을 수주했다고 23일 밝혔다. HJ중공업은 앞서 컨테이너선을 발주했던 선주사가 선박 품질에 만족해 재발주했다고 설명했다. 이로써... ,https://www.seoul.co.kr/news/society/2026/09/23/20260923500046?wlog_tag3=naver,https://n.news.naver.com/mnews/article/081/0003682993?sid=102,"Wed, 23 Sep 2026 10:06:00 +0900",2026-09-23 10:20:26
철강/조선,선박 수주,"HJ중공업, 6800억 규모 대형 컨선 4척 수주…올해만 8척 쓸어담았다",수주 선박은 부산 영도조선소 도크 여건상 건조할 수 있는 최대 크기의 자체 개발 모델이다. 연료 효율을 끌어올린 추진 장치와 최적의 선형 설계를 반영해 운항 중 연료 소모를 줄이고 온실가스 배출을 최소화하도록... ,https://www.widedaily.com/news/articleView.html?idxno=301422,https://www.widedaily.com/news/articleView.html?idxno=301422,"Wed, 23 Sep 2026 10:00:00 +0900",2026-09-23 10:20:26
철강/조선,선박 수주,"HJ중공업, 컨테이너선 4척 추가 수주...올해 8척 확보",이번에 수주한 선박은 영도조선소 도크에서 건조할 수 있는 최대급 선형으로 HJ중공업이 자체 개발한 모델이다. 고효율 추진·선형 설계 기술을 적용해 연료 소비와 온실가스 배출 저감에 초점을 맞췄다. 냉동·냉장... ,https://www.e-science.co.kr/news/articleView.html?idxno=136011,https://www.e-science.co.kr/news/articleView.html?idxno=136011,"Wed, 23 Sep 2026 10:00:00 +0900",2026-09-23 10:20:26
철강/조선,선박 수주,"HJ중공업, 1만100TEU 컨테이너선 4척 수주",HJ중공업이 1만TEU급 컨테이너선을 잇달아 수주하며 중대형 컨테이너선 사업에서 성과를 확대하고 있다. 올해 들어서만 같은 급 선박 8척을 확보하면서 영도조선소의 새로운 전략 선종으로 자리잡는 모습이다.... ,https://www.naeil.com/news/read/603340?ref=naver,https://www.naeil.com/news/read/603340?ref=naver,"Wed, 23 Sep 2026 10:00:00 +0900",2026-09-23 10:20:26
철강/조선,선박 수주,"HJ중공업, 1만TEU급 컨테이너선 4척 추가 수주…올 들어 8척 확보","한편, 새롭게 수주한 선박에는 고효율 추진·선형 설계 기술을 적용해 연료 소비량과 온실가스 배출량을 줄였다. 냉동·냉장 화물을 싣는 리퍼 컨테이너 적재 능력을 높여 고부가가치 화물 수요에도 대응하도록 했다.... ",https://www.nocutnews.co.kr/news/6582488?utm_source=naver&utm_medium=article&utm_campaign=20260923095833,https://n.news.naver.com/mnews/article/079/0004192378?sid=102,"Wed, 23 Sep 2026 09:59:00 +0900",2026-09-23 10:20:26
철강/조선,선박 수주,"HJ중공업, 1만TEU급 컨선 8척 확보…영도조선소 ‘새 먹거리’ 부상",HJ중공업이 올해 1만 TEU급 대형 컨테이너선 8척을 잇달아 수주하며 영도조선소의 전략 선종으로 대형... 1만 TEU급 컨테이너선은 HJ중공업이 영도조선소에서 건조할 수 있는 최대급 선형으로 자체 개발한 선박이다.... ,https://www.sedaily.com/article/20094362?ref=naver,https://n.news.naver.com/mnews/article/011/0004664872?sid=102,"Wed, 23 Sep 2026 09:55:00 +0900",2026-09-23 10:20:26
철강/조선,선박 수주,"HJ重, 1만100TEU급 대형 컨테이너선 4척 수주…올해 8척 확보","연이어 수주하며, 새로운 성장동력으로 키워나가고 있다, HJ중공업이 오세아니아 지역 선사로부터 총... 이번 계약은 최근 HJ중공업에 컨테이너선을 발주했던 선주사가 앞서 건조한 선박의 품질과 건조 역량에... ",https://www.thebigdata.co.kr/view.php?ud=202609230941115162570d99e4c8_23,https://www.thebigdata.co.kr/view.php?ud=202609230941115162570d99e4c8_23,"Wed, 23 Sep 2026 09:46:00 +0900",2026-09-23 10:20:26
철강/조선,선박 수주,"HJ중공업, 6789억 규모 컨테이너선 4척 수주…올해 8척 확보",HJ중공업이 오세아니아 지역 선사로부터 1만100TEU급 컨테이너선 4척을 수주했다. 올해 들어 같은 선형의... 회사 측은 앞서 건조한 선박의 품질과 건조 역량에 대한 평가가 추가 계약으로 이어졌다고 설명했다. 1만TEU급... ,https://www.dailian.co.kr/news/view/1693949/?sc=Naver,https://n.news.naver.com/mnews/article/119/0003135883?sid=101,"Wed, 23 Sep 2026 09:46:00 +0900",2026-09-23 10:20:26
철강/조선,선박 수주,대만도 월 수출액 1000억 달러 돌파하나... 8월 수주액 1030억 달러,컨테이너 선박이 대만 타이페이항에 정박해 있다.(사진=CJ대한통운/뉴시스)대만도 월간 수출 1000억 달러에 대한 기대감이 커지고 있다.외신에 따르면 대만 언론들은 대만의 8월 수출 수주액이 인공지능(AI) 관련... ,https://weeklytrade.co.kr/news/view.html?section=1&category=136&item=&no=101513,https://weeklytrade.co.kr/news/view.html?section=1&category=136&item=&no=101513,"Wed, 23 Sep 2026 09:42:00 +0900",2026-09-23 10:20:26
철강/조선,선박 수주,"HJ중공업, 컨테이너선 4척 6789억원 수주…올해 동급 8척 확보","이번에 수주한 선박은 HJ중공업이 자체 개발한 모델로, 영도조선소 도크에서 건조할 수 있는 최대급 선형이다. 회사는 이 선형을 영도조선소의 전략 선종으로 육성할 계획이다. 동일 선종·선형의 건조 물량을 연이어... ",https://www.kmib.co.kr/article/view.asp?arcid=9000016798&cp=nv,https://n.news.naver.com/mnews/article/005/0001874713?sid=101,"Wed, 23 Sep 2026 09:42:00 +0900",2026-09-23 10:20:26
철강/조선,선박 수주,"HJ중공업, 1만100TEU급 컨테이너선 4척 추가 수주…6789억원 규모",회사는 지난 2월 영도조선소에서 건조하는 첫 1만TEU급 컨테이너선을 수주한 데 이어 4월에도 2척을 추가로 따냈다. 계약 상대방은 최근 HJ중공업에 컨테이너선을 발주한 오세아니아 선주다. 앞서 건조한 선박의 품질과... ,https://www.newspim.com/news/view/20260923000268,https://www.newspim.com/news/view/20260923000268,"Wed, 23 Sep 2026 09:39:00 +0900",2026-09-23 10:20:26
철강/조선,선박 수주,"HJ중공업, 1만100TEU급 컨선 4척 계약…대형 선박 시장 입지 굳힌다","지난 2월 영도조선소 건조 사상 최초로 10,000TEU급 선박을 수주한 데 이어 4월 2척, 이번에 4척을 연달아 따내며 중대형 컨테이너선 시장에서의 입지를 한층 공고히 다졌다. 이번 수주는 기존에 선박을 맡겼던... ",http://www.newsdream.kr/news/articleView.html?idxno=118813,http://www.newsdream.kr/news/articleView.html?idxno=118813,"Wed, 23 Sep 2026 09:38:00 +0900",2026-09-23 10:20:26
철강/조선,선박 수주,"HJ중공업, 6789억원 규모 컨테이너선 4척 수주","유상철 HJ중공업 대표는 &quot;중대형 컨테이너선 시장에서 연속 건조 기반을 마련한 만큼, 앞으로도 친환경·고부가가치 선박을 중심으로 수익성 기반의 선별 수주 전략을 이어가겠다&quot;고 강조했다.",https://www.sidae.com/article/2026092309225420638,https://n.news.naver.com/mnews/article/417/0001159114?sid=102,"Wed, 23 Sep 2026 09:35:00 +0900",2026-09-23 10:20:26
에너지/석유,에너지 주가,[단독] 기후기금 재원 어쩌나…탄소배출권 판매 수입 목표치 반도 못 채...,23일 국회 재정경제기획위원회 소속 정태호 더불어민주당 의원이 기후에너지환경부로부터 제출받은... 미국 북동부 10여 개 주가 참여하는 탄소배출권 시장(RGGI)의 경매가격은 이달 9일 기준 톤당 37.65달러(약... ,https://biz.chosun.com/industry/company/2026/09/23/FJAJ3OW2SFGTHK7WSPDHCJ7XF4/?utm_source=naver&utm_medium=original&utm_campaign=biz,https://n.news.naver.com/mnews/article/366/0001194138?sid=101,"Wed, 23 Sep 2026 10:11:00 +0900",2026-09-23 10:20:27
에너지/석유,에너지 주가,"뉴욕증시, AI 에이전트가 가른 희비…반도체↑ 은행주↓","30곳의 주가를 묶은 필라델피아 반도체지수는 2.06% 오른 1만2689.82를 기록했다. 중소형주 중심의... 업종별로는 소재(1.9%), 필수소비재(1.2%), IT(0.6%)가 올랐고 금융(-2.0%), 통신(-1.0%), 에너지(-1.0%)는 내렸다. 키움증권은... ",https://www.junggi.co.kr/news/articleView.html?idxno=37891,https://www.junggi.co.kr/news/articleView.html?idxno=37891,"Wed, 23 Sep 2026 09:56:00 +0900",2026-09-23 10:20:27
에너지/석유,에너지 주가,"코스피, 미 반도체주 강세에 7100선 회복","삼성전자와 SK하이닉스 등 대형 반도체주가 지수 상승을 견인하고 있다. 23일 오전 9시 37분 현재... 삼성전자(2.53%), SK하이닉스(1.96%), 삼성전자우(3.31%), SK스퀘어(4.06%), 삼성전기(1.95%), LG에너지솔루션(1.57... ",https://www.cstimes.com/news/articleView.html?idxno=721807,https://www.cstimes.com/news/articleView.html?idxno=721807,"Wed, 23 Sep 2026 09:42:00 +0900",2026-09-23 10:20:27
에너지/석유,석유 시장,중동 전쟁에 K석유제품 수출액 '껑충'…항공유 수출량·몸값 모두 뛰었...,석유제품 가격이 높은 수준을 유지할 수 있기 때문이다. 업계 관계자는 &quot;전쟁이 끝난다고 해서 제품 가격이 곧바로 전쟁 이전 수준까지 떨어지기는 어렵다&quot;며 &quot;피격된 정제시설의 생산이 정상화되지 않으면 시장에... ,https://view.asiae.co.kr/article/2026092309325439191,https://n.news.naver.com/mnews/article/277/0005820390?sid=101,"Wed, 23 Sep 2026 10:13:00 +0900",2026-09-23 10:20:27
에너지/석유,석유 시장,"[특징주] KSS해운, 대규모 자사주 매입 소식에 급등세",가스 및 석유화학제품을 전문적으로 운송하는 선박을 운영하며 글로벌 해상 운송시장에 참여하고 있다. 다만 이번 주가 상승의 직접적인 계기는 운임이나 영업실적 개선보다는 자사주 매입 결정이라는 주주환원... ,https://www.widedaily.com/news/articleView.html?idxno=301428,https://www.widedaily.com/news/articleView.html?idxno=301428,"Wed, 23 Sep 2026 10:08:00 +0900",2026-09-23 10:20:27
에너지/석유,석유 시장,반도체 훈풍에 소비심리 반등…집값 기대는 여전히 고공행진,"주식시장이나 국제 정세에 따라 빠르게 식을 수 있다&quot;고 설명했다. 금리 전망은 크게 높아졌다. 6개월 뒤... 물가 상승 요인으로는 석유류를 꼽은 응답자가 52.7%로 절반을 넘었으며, 농축수산물과 공공요금은 오히려... ",http://www.queen.co.kr/news/articleView.html?idxno=463829,http://www.queen.co.kr/news/articleView.html?idxno=463829,"Wed, 23 Sep 2026 10:06:00 +0900",2026-09-23 10:20:27
에너지/석유,석유 시장,"석화 사업재편, 향방 가를 다운스트림 '수익성'",이 같은 상황에 시장에서는 최종 다운스트림 제품의 수익성이 향방을 가를 것이란 분석이 나온다. 나이스신용평가의 ‘석유화학사 신용도 재점검’ 보고서에 따르면 사업재편으로 과잉 생산능력 축소와 저수익 수출... ,https://dealsite.co.kr/articles/169494,https://dealsite.co.kr/articles/169494,"Wed, 23 Sep 2026 10:02:00 +0900",2026-09-23 10:20:27
에너지/석유,석유 시장,[글로벌 마켓 리포트 9월 23일],시장은 24일 진행되는 미중 정상회담을 주시하고 있다. 무역 휴전 연장과 AI 규제가 논의될 수 있다는... 필 플린 프라이스 퓨처스 그룹 선임 애널리스트는 사우디 국영 석유기업 아람코가 걸프 지역에서 초대형... ,https://www.newspim.com/news/view/20260923000264,https://www.newspim.com/news/view/20260923000264,"Wed, 23 Sep 2026 09:42:00 +0900",2026-09-23 10:20:27
에너지/석유,석유 시장,"李 대통령, 호주 총리와 정상회담…에너지 공급망·방산 협력 강화",양 정상은 이날 회담에서 중동발 에너지 위기 대응에 있어 액화천연가스(LNG)와 석유 제품 등 핵심 에너지... 에너지 시장은 그런대로 안정적&quot;이라고 말했다. 이어 &quot;호주의 도움에 감사드리고 호주 문제와 상황 해결에... ,https://www.ddaily.co.kr/page/view/2026092309345136238,https://n.news.naver.com/mnews/article/138/0002242506?sid=101,"Wed, 23 Sep 2026 09:40:00 +0900",2026-09-23 10:20:27
에너지/석유,석유 시장,"대기업 3곳 중 1곳 '5년 내리 흑자'···KT&amp;G·현대모비스, 25년 무적자","삼성화재해상보험은 105분기, 금호석유화학은 103분기 연속 흑자를 기록했다. 광동제약과 고려제강도... 특정 산업에 집중되기보다 각 시장에서 안정적인 사업 기반을 구축한 기업들이 경기 변동 속에서도 장기... ",https://www.newsfreezone.co.kr/news/articleView.html?idxno=710883,https://www.newsfreezone.co.kr/news/articleView.html?idxno=710883,"Wed, 23 Sep 2026 09:38:00 +0900",2026-09-23 10:20:27
에너지/석유,석유 시장,금리 전망 3년 만에 최고인데…집값 상승 기대 안꺾여,시장 상황이나 중동 정세 등 여러 변수의 영향을 받는 만큼 연말까지 우상향할 것이라고 단정하기는 어렵다&quot;고 말했다. 향후 1년 기대인플레이션율은 2.7%로 전월과 같았다. 물가 상승에 영향을 미칠 품목으로 석유... ,http://www.newsfc.co.kr/news/articleView.html?idxno=81329,http://www.newsfc.co.kr/news/articleView.html?idxno=81329,"Wed, 23 Sep 2026 09:36:00 +0900",2026-09-23 10:20:27
에너지/석유,석유 시장,&quot;살림살이 좀 나아질까&quot;…소비심리 한 달 만에 반등,서울의 한 재래시장에서 시민들이 장을 보고 있다. [연합뉴스]  가계 소득과 소비 기대가 살아나면서... 소비자들이 향후 물가를 끌어올릴 주요 요인으로 가장 많이 지목한 품목은 석유류제품이었다.... ,https://www.ziksir.com/news/articleView.html?idxno=147385,https://www.ziksir.com/news/articleView.html?idxno=147385,"Wed, 23 Sep 2026 09:34:00 +0900",2026-09-23 10:20:27
에너지/석유,석유 시장,"李대통령, 호주 총리와 정상회담…에너지 공급망·방산 협력 논의","에너지 시장은 그런대로 안정적&quot;이라고 밝혔다. 이어 &quot;호주의 도움에 감사드린다&quot;며 &quot;호주 문제, 상황 해결에... 양 정상은 중동발 에너지 위기에 함께 대응하는 과정에서 한국과 호주가 서로에게 LNG와 석유제품 등 주요... ",https://www.newsworks.co.kr/news/articleView.html?idxno=854704,https://www.newsworks.co.kr/news/articleView.html?idxno=854704,"Wed, 23 Sep 2026 09:22:00 +0900",2026-09-23 10:20:27
에너지/석유,석유 시장,&quot;추석 끝나면 내 주식도 오를까&quot;…개미들 시선 쏠린 '빅 이벤트' [분석+...,"관세로 촉발된 무역 전쟁, 석유 등 에너지, 농산물·희토류 등 원자재, AI 안전 문제가 해당된다. 우선 최대... 테이블 위에 올려진 의제 자체에 대한 거리감이 커 시장의 예상을 뛰어넘는 '깜짝 발표'(서프라이즈)는... ",https://www.hankyung.com/article/2026092325026,https://n.news.naver.com/mnews/article/015/0005335497?sid=101,"Wed, 23 Sep 2026 09:13:00 +0900",2026-09-23 10:20:27
에너지/석유,석유 시장,9월 소비심리 한 달 만에 반등…집값·금리 전망은 ‘고공행진’,추석 연휴를 이틀 앞둔 22일 서울 송파구 가락시장 청과물 경매시장에 과일상자가 쌓여 있다. 뉴시스... 물가 상승에 영향을 줄 주요 품목으로 석유류를 꼽은 응답자는 52.7%로 전월보다 2.5p 늘었다. 반면... ,https://www.segye.com/newsView/20260923502619?OutUrl=naver,https://n.news.naver.com/mnews/article/022/0004161290?sid=101,"Wed, 23 Sep 2026 09:12:00 +0900",2026-09-23 10:20:27
에너지/석유,석유 시장,9월 소비심리 한 달 만에 반등…집값 상승 기대는 여전히 높아,취업시장에 대한 전망도 다소 나아졌다. 취업기회전망CSI는 88로 전월보다 2포인트 상승했다. 반면... 소비자들은 앞으로 물가를 끌어올릴 가장 큰 요인으로 석유류제품을 꼽았다. 향후 1년간 물가 상승에 영향을... ,https://www.thepowernews.co.kr/view.php?ud=202609230907416623de3f0aa1be_7,https://www.thepowernews.co.kr/view.php?ud=202609230907416623de3f0aa1be_7,"Wed, 23 Sep 2026 09:10:00 +0900",2026-09-23 10:20:27
에너지/석유,석유 시장,[이슈] 최고가격제에 추석 100원 할인까지…'기름값 방어' 장기전,조정하는 시장 기능이 약해질 수 있다&quot;고 지적했다. 정책 정상화를 위해서는 명확하고 예측 가능한 기준이 필요하다고 강조했다. 이 부연구위원은 &quot;정책은 예측 가능해야 한다&quot;며 &quot;국제유가와 석유제품 가격이 일정 기간... ,http://www.sisafocus.co.kr/news/articleView.html?idxno=365336,http://www.sisafocus.co.kr/news/articleView.html?idxno=365336,"Wed, 23 Sep 2026 09:02:00 +0900",2026-09-23 10:20:27
에너지/석유,석유 시장,"[성유창 직썰] 추석 고속도로 기름값 100원 할인, 소비자 혜택 뒤 가려진...",문제는 같은 시장에서 경쟁하는 일반 주유소에는 동일한 지원이 적용되지 않는다는 점이다. 이를 두고 석유 유통업계는 이번 조치가 별도의 공공 재정을 투입해 고속도로 주유소는 가격을 낮출 수 있지만 일반 주유소가... ,https://www.ziksir.com/news/articleView.html?idxno=147324,https://www.ziksir.com/news/articleView.html?idxno=147324,"Wed, 23 Sep 2026 09:00:00 +0900",2026-09-23 10:20:27
에너지/석유,석유 시장,"청와대 &quot;이재명 대통령, 유엔총회 참석 계기 알바니지 호주 총리와 양자...",(LNG)·석유제품 등 주요 에너지자원 공급을 의존하고 있는 핵심 파트너임을 재차... 에너지 시장은 그런대로 안정적&quot;이라며 &quot;도움에 감사드리고 호주 문제·상황... ,http://www.breaknews.com/1238788,http://www.breaknews.com/1238788,"Wed, 23 Sep 2026 08:58:00 +0900",2026-09-23 10:20:27
에너지/석유,석유 시장,"&quot;호주 덕분에 韓 에너지 시장 안정적&quot;···李대통령, 앨버니지와 에너...",◇호르무즈 파고 넘은 양국…&quot;서로의 버팀목&quot; 회담의 중심축은 중동 정세 불안에 따른 에너지 시장 방어였다. 두 정상은 액화천연가스(LNG)와 정제 석유제품 등 핵심 에너지 교역에서 양국이 서로에게 대체하기 어려운... ,https://www.ziksir.com/news/articleView.html?idxno=147369,https://www.ziksir.com/news/articleView.html?idxno=147369,"Wed, 23 Sep 2026 08:54:00 +0900",2026-09-23 10:20:27
에너지/석유,석유 시장,"[미르의 글로벌 레이더]HD현대, 15만㎥ ‘괴물 에탄선’ 키운다…中과 ...",미국에서 생산되는 저렴한 에탄을 중국을 비롯한 아시아 석유화학 공장으로 운송하는 시장이 확대된 것이다. 거리가 길수록 한 번에 더 많은 화물을 실을 수 있는... ,https://www.mediapen.com/news/view/1125560,https://www.mediapen.com/news/view/1125560,"Wed, 23 Sep 2026 08:50:00 +0900",2026-09-23 10:20:27
에너지/석유,석유 시장,"이 대통령, 호주와 정상회담…“에너지 공급망·방산 등 협력 강화”",특히 양국은 중동발 에너지 위기에 대응하는 과정에서 LNG와 석유 제품 등 주요 에너지 자원을 서로 공급하는... 에너지 시장은 그런대로 안정적”이라며 “호주의 도움에 감사드리고 호주 문제와 상황 해결에 우리도... ,https://www.viva100.com/article/20260923500092,https://www.viva100.com/article/20260923500092,"Wed, 23 Sep 2026 08:48:00 +0900",2026-09-23 10:20:27
에너지/석유,정유 산업,석화 249만톤 줄인다…이제는 '수요 싸움',석유화학공장 예시 이미지./ 게티이미지뱅크 | 서울=한스경제 김창수 기자 | 국내 석유화학산업 구조재편... 정제시설부터 크래커까지 일관 생산체제를 갖춘 한화토탈에너지스는 정유부문 이익이 석유화학 부진을... ,http://www.hansbiz.co.kr/news/articleView.html?idxno=867407,http://www.hansbiz.co.kr/news/articleView.html?idxno=867407,"Wed, 23 Sep 2026 07:30:00 +0900",2026-09-23 10:20:28
에너지/석유,정유 산업,"드론 공격 후 열흘 만에 재개된 사우디 송유관, 세계 석유 시장에 미치...","한 관계자는 &quot;이번 운영 재개는 아람코의 정유 시설에 다시 원유를 공급할 수 있게 해주며, 중국으로 향하는... 다른 석유 산업 관계자들도 펌핑 속도가 정상화되기까지 최대 6주가 소요될 것으로 보고 있다. 사우디는 앞서... ",https://www.gokorea.kr/news/articleView.html?idxno=879495,https://www.gokorea.kr/news/articleView.html?idxno=879495,"Wed, 23 Sep 2026 07:28:00 +0900",2026-09-23 10:20:28
에너지/석유,정유 산업,[KFT 모닝 브리프] 2026.09.23 — 오늘 꼭 알아야 할 국내외 경제뉴스,"유가가 100달러 밑에서 안정되면 국내 정유·화학주에는 원가 부담 완화로, 항공·해운주에는 비용... ⑥ [산업동향] 삼성전기, AI서버용 MLCC 7000억원대 추가 계약 임박…주가 8% 급등 삼성전기가 글로벌 전자부품... ",https://www.fntimes.com/html/view.php?ud=202609230712135499141825007d_18,https://www.fntimes.com/html/view.php?ud=202609230712135499141825007d_18,"Wed, 23 Sep 2026 07:20:00 +0900",2026-09-23 10:20:28
에너지/석유,정유 산업,"&quot;오일만 팔아선 안돼&quot;… 정유 4사, 가전·건설 손잡고 'AI 냉각 연합군'...",현재 정유사들의 각종 실증과 협업은 향후 데이터센터 등 전방산업의 확대에 앞서 미래 수주 경쟁력을 확보하기 위한 경쟁으로 풀이된다. 글로벌 시장조사기관 포춘 비즈니스 인사이트는 데이터센터 액침냉각 시장... ,https://it.chosun.com/news/articleView.html?idxno=2023092170693,https://it.chosun.com/news/articleView.html?idxno=2023092170693,"Wed, 23 Sep 2026 06:30:00 +0900",2026-09-23 10:20:28
에너지/석유,정유 산업,[시대데스크/홍정표] 선의의 정책도 만기가 필요하다,"산업통상부 장관이 석유 판매가격의 상한을 정해 고시하고, 정유사는 이 가격을 넘겨 팔지 못한다. 미국-이란 전쟁이 터지고 호르무즈 해협이 봉쇄되면서 국제유가가 배럴당 100달러를 넘어서자 대통령이 도입을 지시했다.... ",https://www.sidae.com/article/2026092119332857810,https://n.news.naver.com/mnews/article/417/0001159086?sid=110,"Wed, 23 Sep 2026 06:00:00 +0900",2026-09-23 10:20:28
에너지/석유,정유 산업,[이광호의 어찌보면] 누가 지구를 떠날 수 있는가… 네팔 홍수와 ‘느린...,"20세기에 텍사스 정유소와 디트로이트 자동차 공장에서 배출된 탄소는 오랜 기간에 걸쳐 저소득 국가의... 항공 산업 중심의 소비 양식은, 통계 이상의 책임을 묻고 있다. 그럼에도 불구하고 미국이 기후 위기... ",https://www.seoul.co.kr/news/editOpinion/opinion/leekh-in-a-way/2026/09/23/20260923025002?wlog_tag3=naver,https://n.news.naver.com/mnews/article/081/0003682870?sid=110,"Wed, 23 Sep 2026 05:01:00 +0900",2026-09-23 10:20:28
에너지/석유,정유 산업,트럼프 &quot;경유 수출 금지해야&quot;…재무부 &quot;검토중&quot;,및 산업 보호를 위해 수출 제한 조치가 필요하다고 주장했다. 스콧 베선트 미 재무장관은 “행정부는 전체... 트럼프 대통령은 지난 20일 젤렌스키 대통령과 전화 통화에서도 우크라이나에 러시아 정유시설에 대한 드론... ,https://www.edaily.co.kr/News/Read?newsId=01630166645583072&mediaCodeNo=257&utm_source=naver&utm_medium=referral&utm_campaign=news_syndication&utm_content=original_article,https://n.news.naver.com/mnews/article/018/0006374649?sid=101,"Wed, 23 Sep 2026 04:56:00 +0900",2026-09-23 10:20:28
에너지/석유,정유 산업,트럼프 &quot;경유 수출 금지해야&quot;,"농업, 제조업 등 각종 산업에 필요한 경유를 외국에 수출하지 말고 미국에 풀어 유가를 잡아야 한다는... 우크라이나 전쟁 속에 러시아 정유 설비가 타격을 입으면서 경유 수출이 멈춘 데다, 트럼프가 지난 2월 28일 시작한... ",https://www.fnnews.com/news/202609230433322945,https://n.news.naver.com/mnews/article/014/0005580018?sid=101,"Wed, 23 Sep 2026 04:54:00 +0900",2026-09-23 10:20:28
에너지/석유,정유 산업,"추석 기름값 100원 낮춘다… &quot;고유가 부담, 공공이 함께 분담&quot;","휘발유는 현행 15% 인하율을 유지하고, 산업·물류 등에 필수적인 경유와 소형트럭 등 서민 연료로 활용되는... 예상된다&quot;며 &quot;정유업계와 함께 상황반을 가동하여 원유 수급 상황을 일일 단위로 점검하고, 필요한 조치를... ",https://www.ggilbo.com/news/articleView.html?idxno=1182595,https://www.ggilbo.com/news/articleView.html?idxno=1182595,"Wed, 23 Sep 2026 02:30:00 +0900",2026-09-23 10:20:28
에너지/석유,정유 산업,젤렌스키는 외교 총력전… 유엔서 각국과 20차례 회동 강행군,트럼프는 지난 18일 러시아의 에너지·방산 산업과 그림자 선단(불법 수송 선박) 등을 겨냥한 추가 제재... 미국 매체 악시오스는 최근 두 정상의 통화에서 트럼프가 국제 디젤 가격 상승을 우려하며 러시아 정유 시설에... ,https://www.chosun.com/international/international_general/2026/09/23/7SAUM6QTSVGZ3MQRN5NVPZQPSA/?utm_source=naver&utm_medium=referral&utm_campaign=naver-news,https://n.news.naver.com/mnews/article/023/0004000018?sid=104,"Wed, 23 Sep 2026 00:48:00 +0900",2026-09-23 10:20:28
에너지/석유,정유 산업,"사우디, 드론 피격 '동서 송유관' 재개…&quot;정상화엔 6∼8주 소요&quot;(종합)",한 소식통은 &quot;이번 가동 재개로 홍해 연안에 위치한 아람코 정유 시설에 원유 공급이 재개될 것&quot;이라며... 다른 석유 산업 소식통 역시 완전한 펌핑 속도를 회복하는 데 최대 6주가 걸릴 것이라고 전했다. 앞서 사우디는... ,https://www.yna.co.kr/view/AKR20260922191951079?input=1195m,https://n.news.naver.com/mnews/article/001/0016331176?sid=104,"Wed, 23 Sep 2026 00:25:00 +0900",2026-09-23 10:20:28
에너지/석유,정유 산업,"총선 마친 러시아, 우크라 주요 도시·산업시설 대공습…&quot;4명 사망&quot;(종합...",유철종 전문위원 = 총선을 마친 러시아가 우크라이나 주요 도시와 산업시설을 겨냥한 대규모 공습에 나서... 쿠이비셰프 정유공장을 타격했다고 전했다. 이 정유공장은 우크라이나 국경에서 약 765㎞ 떨어져 있으며 연간... ,https://www.news1.kr/world/europe/6299622,https://n.news.naver.com/mnews/article/421/0009187579?sid=104,"Wed, 23 Sep 2026 00:11:00 +0900",2026-09-23 10:20:28
에너지/석유,정유 산업,[배성철 칼럼]스펙에서 역량으로,"정유와 화학, 자동차와 조선의 현장이 캠퍼스에서 자동차로 한 시간 이내의 거리에 있고, 그 현장에는... 역량은 강의실에서 설명될 수 없고 문제 앞에서만 길러진다면, 울산의 산업 현장은 그 자체로 가장 좋은 교실이다.... ",https://www.ksilbo.co.kr/news/articleView.html?idxno=1068097,https://www.ksilbo.co.kr/news/articleView.html?idxno=1068097,"Wed, 23 Sep 2026 00:02:00 +0900",2026-09-23 10:20:28
에너지/석유,정유 산업,“다음은 항공유?”…정유업계 하반기 ‘실적 돌파구’될까,"앞서 산업통상부는 지난 3월께 석유제품 최고가격제와 함께 과잉수출 제한 조치를 시행해 각 정유사의 휘발유와 경유, 등유 수출 물량이 전년 대비 100% 수준(월별)을 초과하지 못하도록 막아뒀다. 정유업계 한... ",https://www.ekn.kr/web/view.php?key=20260922026188182,https://www.ekn.kr/web/view.php?key=20260922026188182,"Tue, 22 Sep 2026 19:44:00 +0900",2026-09-23 10:20:28
에너지/석유,정유 산업,굴뚝 대신 예술…인천 공장의 변신,대표적 굴뚝 산업인 정유·철강 업계는 닫힌 담장을 시민에게 열거나 생활 속으로 반경을 넓혀 기업 이미지를 쇄신하고 있다. SK인천석유화학은 1985년부터 가꿔 온 벚나무 약 600그루가 자라는 동산을 올 봄엔... ,https://www.incheonilbo.com/news/articleView.html?idxno=1332754,https://www.incheonilbo.com/news/articleView.html?idxno=1332754,"Tue, 22 Sep 2026 19:40:00 +0900",2026-09-23 10:20:28
화학/소재,화학 주가,"[특징주] KSS해운, 자사주 취득 소식에 장 초반 16% 급등","KSS해운은 주가 안정과 주주가치 제고를 위해 12월 22일까지 198억원 규모 자사주 197만주를 장내 매수할 계획이다. 한편, KSS해운은 액화가스 및 석유화학제품 해상 운송을 주력으로 하는 기업이다.",https://www.etoday.co.kr/news/view/2628958,https://www.etoday.co.kr/news/view/2628958,"Wed, 23 Sep 2026 09:44:00 +0900",2026-09-23 10:20:29
화학/소재,화학 주가,"[속보]코스피, 美 반도체 훈풍에 7100선 돌파…삼전닉스 강세","국내에서도 반도체 대형주가 강세다. 삼성전자는 현재 28만 3500원으로 2.53% 상승하고 있으며... 화학 2.35%, 전기·전자 1.94%, 제조 1.64% 등도 강세다. 코스닥에서도 기계·장비가 2.27% 상승하고 있으며 화학 1.64... ",https://www.edaily.co.kr/News/Read?newsId=02735526645583072&mediaCodeNo=257&utm_source=naver&utm_medium=referral&utm_campaign=news_syndication&utm_content=original_article,https://n.news.naver.com/mnews/article/018/0006374772?sid=101,"Wed, 23 Sep 2026 09:04:00 +0900",2026-09-23 10:20:29
화학/소재,화학 주가,[서학개미 안테나] 비코 20% 폭등…AI 반도체 투자 확대에 장비주까지 뜬...,"기대가 주가를 끌어올린 것으로 풀이된다. 비코는 반도체 제조 과정에서 사용되는 장비를 공급한다. 레이저 어닐링, 이온빔 장비, 금속유기화학증착(MOCVD), 식각·세정, 리소그래피 등 다양한 공정 기술을 보유하고... ",https://www.ebn.co.kr/news/articleView.html?idxno=1725457,https://www.ebn.co.kr/news/articleView.html?idxno=1725457,"Wed, 23 Sep 2026 08:10:00 +0900",2026-09-23 10:20:29
화학/소재,화학 주가,[더벨][thebell interview | 포레스트벤처스 바이오 승부수] 김승용 상무...,"◇투자 1순위 조건, 창업자 역량…집단 지성 더한다 김 상무는 중앙대에서 화학 학사와 약학 석사를 취득하고... 이어 &quot;상장 바이오 기업들의 주가 부진이 비상장 투자심리에도 부정적인 영향을 주고 있다&quot;고 했다. 심사... ",https://www.thebell.co.kr/free/content/ArticleView.asp?key=202609211025333800107575,https://www.thebell.co.kr/free/content/ArticleView.asp?key=202609211025333800107575,"Wed, 23 Sep 2026 08:02:00 +0900",2026-09-23 10:20:29
화학/소재,화학 주가,"[IPO현미경] AI 열풍 타고 상장하는 디티에스, '중복상장 1호' 꼬리표 뗄...",이후 주가에 영향을 줄 수 있는 변수다. 23일 금융감독원 전자공시시스템에 따르면 디티에스는 지난 11일 증권신고서를 제출하고 코스닥 상장 절차에 착수했다. 디티에스는 정유·석유화학·발전 플랜트에 쓰이는... ,https://view.asiae.co.kr/article/2026092215061570818,https://n.news.naver.com/mnews/article/277/0005820226?sid=101,"Wed, 23 Sep 2026 07:42:00 +0900",2026-09-23 10:20:29
화학/소재,화학 주가,"주가 지지부진 카카오뱅크, 윤형호 대표는 나홀로 81억 돈벼락",윤 대표 재임 11년째를 맞는 현재 카카오뱅크 주가 역시 공모가의 반 토막 수준에 머물러 있어 윤 대표의... 천강민 전국화학섬유식품산업노동조합 카카오지회 조합원은 “올해 상반기 윤호영 대표 한 사람에게... ,https://realty.chosun.com/site/data/html_dir/2026/09/22/2026092202845.html,https://realty.chosun.com/site/data/html_dir/2026/09/22/2026092202845.html,"Wed, 23 Sep 2026 06:02:00 +0900",2026-09-23 10:20:29
화학/소재,화학 주가,[GAM] 그레일 ② FDA &quot;안전성 이의 없다&quot;...'갤러리' 승인 청신호,"즉 화학적 신호를 탐지한다. 신호가 감지되면 인공지능이 암 발생 부위를 예측해 의사가 후속 진단... 승인이 확정되더라도 보험 적용 범위와 상환 단가, 경쟁 구도, 단위 경제성 개선 속도가 실제 주가 재평가로... ",https://www.newspim.com/news/view/20260923000036,https://www.newspim.com/news/view/20260923000036,"Wed, 23 Sep 2026 01:32:00 +0900",2026-09-23 10:20:29
화학/소재,화학 주가,엔비디아·MS가 날개 달았다…한풀 꺾였던 LG그룹주 '들썩' [종목+],"22일 주식시장에서 LG그룹 주요 계열사 주가가 동반 강세를 나타냈다. 인공지능(AI) 데이터센터 냉각... 박 연구원은 &quot;LG전자와 LG화학, LG생활건강, LG유플러스 등의 실적 호조에 따라 지분법이익이 크게 증가할 것... ",https://www.hankyung.com/article/2026092214766,https://n.news.naver.com/mnews/article/015/0005335392?sid=101,"Tue, 22 Sep 2026 22:01:00 +0900",2026-09-23 10:20:29
화학/소재,소재 산업,"제10회 GR 홍보 공모전 30일 마감...릴스 누적 8만3,000뷰",한국자원순환산업진흥협회(회장 민경보)는 지난 7월부터 진행 중인 ‘제10회 GR 홍보 공모전’이 오는 9월... 인사동 소재 전시·문화예술 공간 등 오프라인 거점에 포스터를 배포했다. 온라인에서는 협회 홈페이지와 SNS... ,http://www.beyondpost.co.kr/view.php?ud=2026092310154357746cf2d78c68_30,http://www.beyondpost.co.kr/view.php?ud=2026092310154357746cf2d78c68_30,"Wed, 23 Sep 2026 10:18:00 +0900",2026-09-23 10:20:29
화학/소재,소재 산업,"국표원, 철강·금속 성분분석 KS 손질…8종 개정·1종 신설·1종 폐지",국가기술표준원이 철강·금속 성분 분석방법 관련 한국산업표준(KS)을 대거 손질한다. 이와관련해... 니켈과 코발트 정량 방법은 스테인리스와 특수강 소재 검증에 쓰인다. 시험 절차와 허용 오차가 바뀌면 사내... ,http://www.snmnews.com/news/articleView.html?idxno=575135,http://www.snmnews.com/news/articleView.html?idxno=575135,"Wed, 23 Sep 2026 10:14:00 +0900",2026-09-23 10:20:29
화학/소재,소재 산업,금강공업 계열사 동서화학공업 활성탄소 제조 기술이용 계약 체결,확보에 기여할 수 있게 됐다&quot;며 &quot;특히 제철 공정 부산물인 중질타르를 활성탄소로 활용함으로써 자원순환을 확대하고 국내 환경소재 산업의 경쟁력 강화에 기여할 수 있도록 사업을 차질 없이 추진해 나갈 것&quot;이라고 밝혔다.,http://www.snmnews.com/news/articleView.html?idxno=575096,http://www.snmnews.com/news/articleView.html?idxno=575096,"Wed, 23 Sep 2026 10:14:00 +0900",2026-09-23 10:20:29
화학/소재,소재 산업,"서경대, 성북구·관내 7개 대학과 상생협력 MOU","성북구 소재 대학들이 교육·연구·문화 자원과 지역 인프라를 연결하는 구체적 협력 방향을 공유했다. 서울... 청년·지역산업, 지역혁신 분야 협력사업을 강화한다는 계획이다. 김범준 서경대 총장은 기념사에서... ",https://dhnews.co.kr/news/view/1065571619392492,https://dhnews.co.kr/news/view/1065571619392492,"Wed, 23 Sep 2026 10:12:00 +0900",2026-09-23 10:20:29
화학/소재,소재 산업,"동원그룹, 미래 성장동력 담은 세 번째 브랜드 캠페인 공개","광고에서는 동원그룹의 핵심 신사업인 종합 단백질(Total Protein), 2차전지 소재, 스마트 물류 등을 주요 소재로 활용했다. 각 산업에서 발생하는 다양한 '공백'을 발견하고 필요한 해법을 제시하는 모습을 통해 그룹의 사업... ",https://www.e-science.co.kr/news/articleView.html?idxno=136024,https://www.e-science.co.kr/news/articleView.html?idxno=136024,"Wed, 23 Sep 2026 10:12:00 +0900",2026-09-23 10:20:29
화학/소재,소재 산업,"동서화학공업, 포스코퓨처엠 기술로 활성탄소 국산화 나선다",공급망 확보에 기여할 수 있게 됐다&quot;며 &quot;특히 제철 공정 부산물인 중질타르를 활성탄소로 활용함으로써 자원순환을 확대하고 국내 환경소재 산업의 경쟁력 강화에 기여할 수 있도록 사업을 차질 없이 추진하겠다&quot;고 말했다.,http://www.ferrotimes.com/news/articleView.html?idxno=50543,http://www.ferrotimes.com/news/articleView.html?idxno=50543,"Wed, 23 Sep 2026 10:10:00 +0900",2026-09-23 10:20:29
화학/소재,신소재 시장,"S-OIL, '대한민국 사회적가치페스타' 참가…환경 스타트업 판로 지원",기부금 지원에 그치지 않고 대형 오프라인 전시 공간을 통해 혁신 스타트업의 제품 홍보와 시장 안착을... 참가 기업은 ▲친환경 패키징 및 신소재를 연구·개발하는 리베이션 ▲농식품 부산물 기반 재생가죽을 생산하는... ,http://www.newsdream.kr/news/articleView.html?idxno=118825,http://www.newsdream.kr/news/articleView.html?idxno=118825,"Wed, 23 Sep 2026 10:04:00 +0900",2026-09-23 10:20:30
화학/소재,신소재 시장,"中 일조강철, 반덤핑 철강 관세 우회해 韓 침투… 업계는 “성능 우려”...","민동준 연세대 신소재공학과 명예특임교수는 “수요자가 성능 검증까지 마치고 제품을 사용하는 것이면 모르겠지만, 중국 업체들이 비정상적인 가격으로 시장에 침투해 시장을 교란하는 것이라면 문제가 된다”... ",https://biz.chosun.com/industry/company/2026/09/23/Q2C7EYVJNBB53BJMKT7QUMWFSI/?utm_source=naver&utm_medium=original&utm_campaign=biz,https://n.news.naver.com/mnews/article/366/0001194133?sid=101,"Wed, 23 Sep 2026 10:01:00 +0900",2026-09-23 10:20:30
화학/소재,신소재 시장,"PKC, 국내 유일 반도체 염소가스 양산 기업…국민성장펀드 지원 대상 선...","화학 신소재 개발ㆍ제조 전문기업 PKC가 정책금융 지원을 바탕으로 반도체와 이차전지 첨단소재 사업... 현재 국내 주요 칩메이커와 웨이퍼 업체에 납품 중이며, AI 반도체 시장 확대에 따른 선제적 수요 대응을 위해 증설... ",https://www.etoday.co.kr/news/view/2628924,https://www.etoday.co.kr/news/view/2628924,"Wed, 23 Sep 2026 09:16:00 +0900",2026-09-23 10:20:30
화학/소재,신소재 시장,"[위클리오늘] 산업일반 소식_LG생활건강, 브루넬로 쿠치넬리(9.22)",건강기능식품 신소재와 분석기술 공동 개발에 나선다고 지난 20일 밝혔다. 양 기관은 지난 17일 업무협약을... 국내외 시장 진출에 필요한 기술 지원 및 정보 교류를 진행한다. 전문인력 육성을 위한 교육과 연구개발... ,http://www.weeklytoday.com/news/articleView.html?idxno=795294,http://www.weeklytoday.com/news/articleView.html?idxno=795294,"Wed, 23 Sep 2026 08:38:00 +0900",2026-09-23 10:20:30
화학/소재,신소재 시장,"[모닝 리포트] &quot;포스코퓨처엠, SK온서 LFP 1조 수주…추가 계약도 기대&quot;",포스코퓨처엠이 SK온과 1조742억원 규모의 리튬인산철(LFP) 양극재 공급계약을 체결하며 LFP 시장에서 첫... DS투자증권은 삼성SDI의 추가 조달이 지분 20% 합작사인 씨앤피신소재를 우선 거칠 가능성이 있지만... ,https://www.newspim.com/news/view/20260923000112,https://www.newspim.com/news/view/20260923000112,"Wed, 23 Sep 2026 08:22:00 +0900",2026-09-23 10:20:30
화학/소재,신소재 시장,"DS증권 &quot;포스코퓨처엠, LFP 첫 공식수주…추가수주 기대 유효&quot;",삼성SDI의 추가 조달은 지분 20% 합작사 씨앤피신소재가 1차적 경로며 포스코퓨처엠 자체 라인 직수주... 4% 감소해 컨센서스(시장평균전망치)를 밑돌 것으로 내다봤다. DS투자증권은 포스코퓨처엠에 대한 목표주가... ,https://www.yna.co.kr/view/AKR20260923026700008?input=1195m,https://n.news.naver.com/mnews/article/001/0016331415?sid=101,"Wed, 23 Sep 2026 08:17:00 +0900",2026-09-23 10:20:30
화학/소재,신소재 시장,"PKC, 국민성장펀드 첨단전략산업기금 지원 대상 선정","종합 화학 신소재 개발·제조 전문기업 PKC는 금융위원회의 국민성장펀드 첨단전략산업기금 지원 대상으로... 현재 국내 주요 칩메이커·웨이퍼 업체 등에 제품을 안정적으로 공급하고 있으며, 인공지능(AI) 반도체 시장... ",https://www.newsis.com/view/NISX20260923_0003801280,https://n.news.naver.com/mnews/article/003/0014209565?sid=101,"Wed, 23 Sep 2026 08:13:00 +0900",2026-09-23 10:20:30
화학/소재,신소재 시장,"DS證 “포스코퓨처엠, 첫 LFP 수주⋯연평균 물량 작년 양극재 판매량 웃...",삼성SDI의 추가 LFP 조달은 포스코퓨처엠이 지분 20%를 보유한 합작사 씨앤피신소재를 통한 공급이... 올해 3분기 실적은 시장 기대치를 밑돌 것으로 전망됐다. 매출액은 전분기 대비 17.3% 증가한 7970억원... ,https://www.etoday.co.kr/news/view/2628853,https://www.etoday.co.kr/news/view/2628853,"Wed, 23 Sep 2026 08:06:00 +0900",2026-09-23 10:20:30
화학/소재,신소재 시장,"롯데케미칼이 띄운 5000억 밸류…스탠다드에너지, 상용화 숙제",5000억원 밸류에 650억원을 투자한 SI 롯데케미칼에 시장의 관심이 집중되고 있다. 롯데케미칼은 보통주와... 김 대표는 전남과학고를 조기 졸업하고 한국과학기술원(KAIST)에 입학해 만 25세 나이로 신소재... ,https://dealsite.co.kr/articles/168903,https://dealsite.co.kr/articles/168903,"Wed, 23 Sep 2026 08:02:00 +0900",2026-09-23 10:20:30
화학/소재,신소재 시장,"포스코퓨처엠, 기다리던 첫 LFP 공식 수주...추가 수주 기대감 ↑-DS",씨앤피신소재가 1차적 경로며 포스코퓨처엠 자체 라인 직수주 가능성도 상존한다”고 말했다. 이어... 전분기 환율의 재고가 남는다”고 설명했다. 이는 시장 컨센서스(영업이익 270억원)를 25.7% 밑도는 수치다.,https://www.edaily.co.kr/News/Read?newsId=02509206645583072&mediaCodeNo=257&utm_source=naver&utm_medium=referral&utm_campaign=news_syndication&utm_content=original_article,https://n.news.naver.com/mnews/article/018/0006374717?sid=101,"Wed, 23 Sep 2026 07:54:00 +0900",2026-09-23 10:20:30
화학/소재,신소재 시장,"[중국 특징주] A주 신주 '시노플라스트'…장중 949% 폭등, 이례적 급등세","증설, 신소재 연구개발센터 구축 및 운전자금 등에 투입할 계획이다. 또한 로봇과 저고도 경제 등 신규... 경우 시장 경쟁력과 수익성에 부정적인 영향을 받을 수 있다고 투자설명서에서 경고했다. [사진... ",https://www.newspim.com/news/view/20260923000015,https://www.newspim.com/news/view/20260923000015,"Wed, 23 Sep 2026 00:38:00 +0900",2026-09-23 10:20:30
화학/소재,신소재 시장,"포스코퓨처엠, SK온과 1조1000억 LFP 계약…한 달 새 대형 수주 잇따라",포스코퓨처엠이 SK온과 약 1조1000억 원 규모의 리튬·인산·철(LFP) 양극재 공급계약을 체결하며 LFP 시장... 포스코퓨처엠과 피노·씨엔지알(CNGR)의 합작사 씨앤피신소재테크놀로지는 지난 5월 포항... ,http://www.popcornnews.net/news/articleView.html?idxno=133933,http://www.popcornnews.net/news/articleView.html?idxno=133933,"Tue, 22 Sep 2026 17:24:00 +0900",2026-09-23 10:20:30
화학/소재,신소재 시장,"PDRN 다음은 블루펩타이드·아젤라익산···K뷰티, '성분 경쟁' 본격화",업계 관계자는 &quot;이제는 단순히 어떤 성분을 쓰느냐를 넘어 신소재와 독자적인 전달 기술을 어떻게 결합하느냐가 관건&quot;이라며 &quot;유망 소재 발굴과 제형 기술의 시너지가 향후 K뷰티 시장에서 중요한 경쟁력이 될 것... ,https://www.sisajournal-e.com/news/articleView.html?idxno=423873,https://www.sisajournal-e.com/news/articleView.html?idxno=423873,"Tue, 22 Sep 2026 17:08:00 +0900",2026-09-23 10:20:30
화학/소재,신소재 시장,"&quot;없어서 못 판다&quot;… 삼성전기, AI 열풍에 고성능 MLCC 수주 폭주","전자부품 시장의 수요 변화가 주요 변수로 꼽힌다. 한켐은 보합권에서 움직이고 있다. 관련 종목 가운데서도 제품군과 주요 고객, 전방 산업의 비중에 따라 주가 흐름이 달라지는 모습이다. 코스모신소재와 원준은... ",https://www.pinpointnews.co.kr/news/articleView.html?idxno=489605,https://www.pinpointnews.co.kr/news/articleView.html?idxno=489605,"Tue, 22 Sep 2026 14:32:00 +0900",2026-09-23 10:20:30
통신/5G,통신 주가,"우리넷 주가, 웃음꽃... 왜?",국내 통신사 레퍼런스를 기반으로 양자암호 시장에서 입지가 확대될 것으로 전망하며 투자의견 '매수'와 12개월 목표주가 2만5000원을 유지했다. 우리넷은 지난 2000년 설립된 통신장비 전문기업으로 2010년... ,https://www.ggilbo.com/news/articleView.html?idxno=1183481,https://www.ggilbo.com/news/articleView.html?idxno=1183481,"Wed, 23 Sep 2026 09:54:00 +0900",2026-09-23 10:20:31
통신/5G,통신 주가,"빛샘전자 주가, 급등세... 무슨 회사길래?",장 초반부터 거래가 집중되면서 주가 상승과 함께 거래량도 크게 늘어난 모습이다. 이날 빛샘전자에 대한 별다른 공시는 올라온 바 없다. 빛샘전자는 LED 및 광통신 관련 제품을 개발·제조하는 전자부품... ,https://www.ggilbo.com/news/articleView.html?idxno=1183479,https://www.ggilbo.com/news/articleView.html?idxno=1183479,"Wed, 23 Sep 2026 09:50:00 +0900",2026-09-23 10:20:31
통신/5G,통신 주가,양자암호株 동반 강세…엑스게이트 16%·우리넷 9%대↑,"다만 양자컴퓨터와 양자암호통신 관련 기술은 아직 본격적인 상용화까지 시간이 필요한 분야인 만큼 관련 기업의 실제 실적과 주가 상승 기대감 사이에는 차이가 있을 수 있다. 기술 개발이나 정부 정책, 투자 확대... ",http://www.econonews.co.kr/news/articleView.html?idxno=444782,http://www.econonews.co.kr/news/articleView.html?idxno=444782,"Wed, 23 Sep 2026 09:44:00 +0900",2026-09-23 10:20:31
통신/5G,통신 주가,"우리넷, 전송장비 표준 PTN 전환 후 'M/S 1위'",설립된 통신장비 벤처기업 우리넷이 전송장비 표준이 PTN(패킷전송망)으로 전환된 후 M/S 1위를 유지중인... 하나증권은 우리넷의 3가지 주가 상승 시나리오 중 하나로 양자암호 피어 수준으로 멀티플이 리레이팅되는... ,http://www.newsfc.co.kr/news/articleView.html?idxno=81325,http://www.newsfc.co.kr/news/articleView.html?idxno=81325,"Wed, 23 Sep 2026 09:38:00 +0900",2026-09-23 10:20:31
통신/5G,통신 주가,엔비디아가 불붙인 '양자컴'…국내 관련주 줄줄이 급등,"증권사 연구원은 &quot;글로벌 빅테크의 양자컴퓨팅 경쟁이 본격화하면서 양자보안과 양자통신 기술에 대한 시장의 관심도 높아지고 있다&quot;며 &quot;다만 테마에 따른 단기 주가 변동성이 큰 만큼 실제 기술 확보와 상용화, 관련... ",https://www.pinpointnews.co.kr/news/articleView.html?idxno=489847,https://www.pinpointnews.co.kr/news/articleView.html?idxno=489847,"Wed, 23 Sep 2026 09:16:00 +0900",2026-09-23 10:20:31
통신/5G,5G 산업,&quot;AI 트래픽 늘어도 SKT·KT·LGU+ 수익 제자리&quot;…통신망 해법은,"알레산드로 그로펠리 커넥트 유럽 사무총장은 &quot;통신산업은 6G, 클라우드, 데이터센터, AI 팩토리 등 기술... 이를 위해 5G 단독모드(SA)와 네트워크 슬라이싱 등 새로운 서비스의 허용범위를 명확히 하고 인허가와... ",https://www.bloter.net/news/articleView.html?idxno=674176,https://n.news.naver.com/mnews/article/293/0000090833?sid=105,"Wed, 23 Sep 2026 08:22:00 +0900",2026-09-23 10:20:31
통신/5G,5G 산업,"T-모바일·지오, 세계 첫 ‘5G SA’ 국제로밍 상용화","이 때문에 지연시간을 줄이고 하나의 물리적 통신망을 서비스 용도에 따라 여러 개의 가상망처럼 나눠 쓰는 기능 등 5G가 당초 목표로 했던 기능을 구현하기가 쉬워진다. 자율주행, 산업용 로봇, 사물인터넷(IoT)... ",https://www.g-enews.com/view.php?ud=2026092220351317689a1f309431_1,https://www.g-enews.com/view.php?ud=2026092220351317689a1f309431_1,"Wed, 23 Sep 2026 04:02:00 +0900",2026-09-23 10:20:31
통신/5G,5G 산업,[통신망 세대교체] 3G 망 유지·5G SA 확대 병행…통신업계 비용부담↑,과기정통부는 연말까지 5G 기지국의 SA 전환을 추진하고 있다. KT는 이미 SA를 상용화했으며 SKT와 LG유플러스도 연내 상용화를 준비 중이다. 산업용 3G 회선의 전환 일정이 늦어질수록 통신사들은 기존 망 유지와 새 망... ,https://www.ajunews.com/view/20260921152045219,https://www.ajunews.com/view/20260921152045219,"Tue, 22 Sep 2026 19:58:00 +0900",2026-09-23 10:20:31
통신/5G,5G 산업,"모빌위더스, 유럽 양자 사이버보안 시장 진출 속도",양자기술산업법 개정안 시행을 앞두고 공공기관 및 지자체 등 600여 곳에 양자보안체계 구축이 의무화될... 이를 5G 특화망·스마트미터·자동차 구독 서비스 등에 공급해 왔다. 또 한국인터넷진흥원(KISA)의... ,http://www.newsprime.co.kr/news/article.html?no=748800,http://www.newsprime.co.kr/news/article.html?no=748800,"Tue, 22 Sep 2026 18:48:00 +0900",2026-09-23 10:20:31
통신/5G,5G 산업,"中, 주파수 자원도 산업무기로…첨단 제조업 경쟁력 끌어올린다","5G와 산업용 무선통신, 스마트공장 등 디지털 제조 기술이 빠르게 확산되면서 한정된 주파수를 어느 산업에 얼마나 효율적으로 배분하느냐가 새로운 기술 경쟁력으로 떠오르고 있기 때문이다. 22일(현지시각) 신화통신에... ",https://www.the-today.com/news/articleView.html?idxno=90618,https://www.the-today.com/news/articleView.html?idxno=90618,"Tue, 22 Sep 2026 18:28:00 +0900",2026-09-23 10:20:31
통신/5G,5G 산업,AI 시대에도 통신망 규제 여전…망중립성·비용분담 재설계 필요,"생성형 AI는 빠른 응답을, 영상 AI는 대역폭과 연속성을, 확장현실(XR)은 낮은 지터를, 자율주행과 산업제어는 초저지연과 높은 신뢰성을 요구한다는 설명입니다. 이에 따라 5G SA와 네트워크 슬라이싱의 중요성도 커지고... ",http://www.newstomato.com/ReadNews.aspx?no=1314577&inflow=N,http://www.newstomato.com/ReadNews.aspx?no=1314577&inflow=N,"Tue, 22 Sep 2026 16:48:00 +0900",2026-09-23 10:20:31
통신/5G,5G 산업,"AI 시대 트래픽 폭증, 누가 부담하나⋯&quot;AI 업계도 망 투자비 분담해야&quot; ...",류 차관은 &quot;5세대 이동통신 단독모드(5G SA) 확산부터 2030년 이후 차세대 네트워크까지 대한민국 통신망 발전... 국내 통신업계 관계자는 &quot;AI 확산으로 네트워크는 단순한 데이터 전송망을 넘어 AI·클라우드·디지털 산업... ,http://www.inews24.com/view/2008378,https://n.news.naver.com/mnews/article/031/0001060727?sid=105,"Tue, 22 Sep 2026 16:20:00 +0900",2026-09-23 10:20:31
통신/5G,5G 산업,지도·GPS 없이 35㎞ 달렸다…필드AI ‘산업용 AI 두뇌’,"두뇌: 산업 AI의 새로운 시대’를 주제로 발표하며 이같은 적용 사례를 소개했다. 알리 아가 필드AI CEO가... 이런 현장에서는 5G나 와이파이는 물론 GPS와 정밀지도, 미리 정해진 이동 경로를 이용하기 어려운 경우가 많다.... ",https://www.edaily.co.kr/News/Read?newsId=03844166645582744&mediaCodeNo=257&utm_source=naver&utm_medium=referral&utm_campaign=news_syndication&utm_content=original_article,https://n.news.naver.com/mnews/article/018/0006374364?sid=105,"Tue, 22 Sep 2026 14:20:00 +0900",2026-09-23 10:20:31
통신/5G,5G 산업,"콜리 황 “AI 시대, 한국·대만 협력 생태계 구축해야”","디지타임즈는 반도체와 PC, 스마트폰, 핵심 부품을 비롯해 스마트시티와 스마트 헬스케어, 산업 4.0, 5G·AI, 커넥티드카 분야를 다룬다. 매일 수백 건의 뉴스와 연간 300건 이상의 산업분석 보고서를 제공하며 지능형... ",http://www.wowtv.co.kr/NewsCenter/News/Read?articleId=A202609220106&t=NN,https://n.news.naver.com/mnews/article/215/0001266857?sid=101,"Tue, 22 Sep 2026 13:42:00 +0900",2026-09-23 10:20:31
통신/5G,5G 산업,강원 원주서 'NEXT AI 2026 WONJU 글로벌 AI 포럼' 개최…의료 AI 활용 사...,"‘Medical Meets Physical AI’를 주제로 열린 이번 행사는 과학기술정보통신부와 정보통신산업진흥원(NIPA)... 대만 핑둥 등에서는 스마트 약국과 원격의료, 5G 의료용 드론, AI 로봇, 건강측정 시스템 및 재활용 웨어러블 센서를... ",https://www.hankyung.com/article/202609220437O,https://n.news.naver.com/mnews/article/015/0005335085?sid=101,"Tue, 22 Sep 2026 11:13:00 +0900",2026-09-23 10:20:31
통신/5G,5G 산업,"[기고] IBC 2026 참관기…포노사피엔스 시대, 지상파 방송기술이 나아갈...",커다란 산업 생태계로 완성되어 있었기 때문입니다. 1) 5G-MAG: 자체 오픈소스 시뮬레이터로 입증한 개발자 중심 생태계 가장 먼저 발걸음을 옮긴 5G-MAG(5G Media Connectivity Association) 부스에서는 매우... ,http://journal.kobeta.com/?post_type=post&p=63929,http://journal.kobeta.com/?post_type=post&p=63929,"Tue, 22 Sep 2026 10:46:00 +0900",2026-09-23 10:20:31
통신/5G,5G 산업,"알에프텍, 국내 주요 방산기업과 드론 방호 사업화…10월 시제품 납품","5G 통신장비용 RF(무선주파수) 솔루션 기업 알에프텍(061040)이 국내 주요 방산기업과 손잡고 대드론... 회사 관계자는 “AI 기술이 데이터센터를 벗어나 로봇, 드론, 스마트공장 등 실생활 및 산업 현장에 빠르게... ",https://www.edaily.co.kr/News/Read?newsId=03234086645582744&mediaCodeNo=257&utm_source=naver&utm_medium=referral&utm_campaign=news_syndication&utm_content=original_article,https://n.news.naver.com/mnews/article/018/0006374213?sid=101,"Tue, 22 Sep 2026 10:45:00 +0900",2026-09-23 10:20:31
통신/5G,5G 산업,"다낭, AI·반도체 중심 첨단기술 허브 육성…한국과 협력 확대","베트남 다낭시가 인공지능(AI)과 반도체, 빅데이터 등 전략기술을 중심으로 디지털 산업 기반을 확대하고... 5G 기지국은 1천500개 이상으로 주거지역의 98%를 커버하고 있으며 향후 서비스 범위를 추가 확대할... ",https://view.asiae.co.kr/article/2026092015503803656,https://n.news.naver.com/mnews/article/277/0005819574?sid=102,"Tue, 22 Sep 2026 08:26:00 +0900",2026-09-23 10:20:31
통신/5G,5G 산업,하나證 “삼성전자 네트워크 점유율 확대 가능성⋯국내 장비주 수혜”,"이상훈 하나증권 연구원은 “3G와 LTE, 5G를 거치면서 글로벌 시스템통합(SI) 업체 수가 지속적으로 감소해 왔다”며 “본질적인 산업 특성이 바뀌지 않는 한 향후 5G 단독모드(SA)와 6G 시대에도 같은 재편 과정이 반복될... ",https://www.etoday.co.kr/news/view/2628249,https://www.etoday.co.kr/news/view/2628249,"Tue, 22 Sep 2026 07:46:00 +0900",2026-09-23 10:20:31
통신/5G,5G 산업,"SK텔레콤 42년, ‘통신 1등’ 넘어 AI 인프라 기업으로…신뢰 회복·수익...","이후 1996년 세계 최초 CDMA 상용화에 성공하면서 한국 이동통신 산업의 전환점을 만들었다. 2011년에는 국내 최초로 LTE를 상용화했고 2013년 세계 최초 LTE-A, 2019년에는 5G 상용화에 참여하며 네트워크 세대교체를... ",https://www.betanews.net/article/view/beta202609220001,https://www.betanews.net/article/view/beta202609220001,"Tue, 22 Sep 2026 07:44:00 +0900",2026-09-23 10:20:31
통신/5G,5G 산업,"통신 3사, '피지컬 AI' 선점 경쟁...로봇·제조 대공세","K RaaS는 제조사가 서로 다른 로봇과 기존 산업 설비, 기업 IT 시스템을 관리할 수 있도록 지원한다. 예컨대... LG유플러스는 연세대와 5G망과 AI-RAN 시험망을 연동해 로봇이나 드론이 서로 다른 네트워크 사이를 이동해도... ",https://www.digitaltoday.co.kr/news/articleView.html?idxno=702102,https://www.digitaltoday.co.kr/news/articleView.html?idxno=702102,"Tue, 22 Sep 2026 07:30:00 +0900",2026-09-23 10:20:31
통신/5G,5G 산업,"中 CXMT, 5세대 D램 양산…범용부터 韓 메모리 아성 흔드나","CXMT는 5G D램 공정에서 11.95㎚급 하프 피치를 구현했지만, 삼성전자·SK하이닉스가 10㎚급 6세대인 1c... LCD 산업은 25년여 만에 막을 내렸다. 그 결과 한국 디스플레이 산업은 OLED 중심으로 재편됐다. 다만 D램을 LCD와... ",https://www.news1.kr/industry/general-industry/6297754,https://n.news.naver.com/mnews/article/421/0009184884?sid=101,"Tue, 22 Sep 2026 07:13:00 +0900",2026-09-23 10:20:31
통신/5G,5G 산업,[Who Is ?] 정재헌 SK텔레콤 대표이사 사장,통신산업 성장전략과 디지털 신뢰 구축방안을 논의했다. 정재헌은 기술혁신의 속도만큼 고객과 사회의... 3G 가입자가 감소하고 단말과 장비가 노후화된 가운데 LTE·5G 중심으로 네트워크 운용을 효율화하려는... ,https://www.businesspost.co.kr/BP?command=article_view&num=446072,https://www.businesspost.co.kr/BP?command=article_view&num=446072,"Tue, 22 Sep 2026 07:02:00 +0900",2026-09-23 10:20:31
통신/5G,5G 산업,&quot;5G 시대 가로막는 '망 중립' 규제…통신 고속도로 빗장 풀어야&quot;,“인공지능(AI)과 AI 전환(AX) 시대가 열렸지만 이에 필수적인 5G 단독모드(SA) 및 네트워크 슬라이싱 투자는... B2B·산업용 네트워크 슬라이싱 서비스는 일반 인터넷과 분리된 영역으로 명확히 규정해 법적 확실성을... ,https://www.hankyung.com/article/2026092173351,https://n.news.naver.com/mnews/article/015/0005334700?sid=105,"Mon, 21 Sep 2026 16:16:00 +0900",2026-09-23 10:20:31
통신/5G,6G 개발,[스냅드래곤 서밋] &quot;게임의 다음 시대는 AI 렌더링 정의한다&quot;,모티왈라 디렉터는 8 엘리트 익스트림 개발 프로그램의 제품 관리를 이끈 핵심 인물이다. 먼저 GPU의 변화를... 앞당기고 6G의 토대를 놓도록 설계됐다&quot;고 소개했다. 이어 &quot;쿼드밴드 GNSS와 NR-NTN 기반의 음성과 영상과... ,https://www.econovill.com/news/articleView.html?idxno=751644,https://www.econovill.com/news/articleView.html?idxno=751644,"Wed, 23 Sep 2026 07:56:00 +0900",2026-09-23 10:20:32
통신/5G,6G 개발,[스냅드래곤 서밋] 아몬 퀄컴 CEO &quot;데이터센터 기술을 스마트폰에...한계...,아몬 CEO는 &quot;지난해 6G를 이야기했다&quot;며 &quot;스마트 안경처럼 내가 보는 것을 함께 봐야 하는 기기는 고화질... 아몬 CEO는 &quot;퀄컴은 스냅드래곤용 HPC를 개발했다&quot;며 &quot;HPC는 메모리와 AI 처리를 더 가깝게 결합하는 스냅드래곤용... ,https://www.econovill.com/news/articleView.html?idxno=751635,https://www.econovill.com/news/articleView.html?idxno=751635,"Wed, 23 Sep 2026 04:46:00 +0900",2026-09-23 10:20:32
통신/5G,6G 개발,AI 트래픽 3.4배 늘면 투자효율 한계...&quot;망투자 선순환 해법 필요&quot;,"“앞으로 6G와 클라우드, 데이터센터, AI 팩토리, 유럽의 기술주권까지 뒷받침해야 한다”고 말했다. 이어... 줄이는 한편 시설 공동활용, 연구개발(R&amp;D), 세제와 정책금융 지원을 투자 활성화와 연계할 필요가 있다고 말했다.",https://zdnet.co.kr/view/?no=20260922161351,https://n.news.naver.com/mnews/article/092/0002438514?sid=105,"Tue, 22 Sep 2026 16:24:00 +0900",2026-09-23 10:20:32
통신/5G,6G 개발,[ICT시사용어] 통신·센싱 융합(ISAC),국내에서도 6G 상용화를 겨냥한 ISAC 기술 개발과 실증이 진행되고 있다. 삼성전자와 LG유플러스는 ISAC 기술 공동 연구에 착수해 현재 5G망과 6G 후보 주파수인 7㎓ 대역에서 성능을 검증하고 있다,https://www.etnews.com/20260922000389,https://n.news.naver.com/mnews/article/030/0003469438?sid=105,"Tue, 22 Sep 2026 15:13:00 +0900",2026-09-23 10:20:32
통신/5G,6G 개발,[오늘의 신상] 백미당·오뚜기·삼립·피죤·이디야...&quot;소용량·헬시플레...,백미당은 제철·지역 원재료를 활용한 메뉴와 가정에서도 즐길 수 있는 제품을 지속해서 개발해... 해당 제품의 당 함량은 내용량 187g당 6g으로 달콤한 데리야끼 풍미와 바삭한 식감을 함께 살렸다. '저당 시그니처 치폴레... ,http://www.kdfnews.com/news/articleView.html?idxno=188378,http://www.kdfnews.com/news/articleView.html?idxno=188378,"Tue, 22 Sep 2026 15:08:00 +0900",2026-09-23 10:20:32
통신/5G,6G 개발,"코오롱인더, 친환경·반도체로 고부가 제품 포트폴리오 넓힌다",연구개발(R&amp;D)로 확보한 소재 기술력을 사업 포트폴리오 고도화로 연결해 성장 기반을 넓히기 위해서다.... AI 가속기나 6세대(6G) 통신기기처럼 대량의 데이터를 빠르게 처리하는 제품일수록 전기 신호의 손실로 인한... ,https://www.sedaily.com/article/20093964?ref=naver,https://n.news.naver.com/mnews/article/011/0004664515?sid=101,"Tue, 22 Sep 2026 14:24:00 +0900",2026-09-23 10:20:32
통신/5G,6G 개발,"SKT, 양자암호망 구축 전 '가상 검증'…디지털 트윈 기술 개발",올해 7월 '퀀텀코리아 2026'에서는 유선 QKD를 비롯해 무선·위성 QKD와 PQC 등을 활용한 차세대 양자보안 기술을 공개하며 인공지능(AI)과 6G 시대에 대응한 보안 기술 개발을 확대하고 있다. 이번 디지털 트윈 기술은... ,http://www.4th.kr/news/articleView.html?idxno=2118540,http://www.4th.kr/news/articleView.html?idxno=2118540,"Tue, 22 Sep 2026 13:56:00 +0900",2026-09-23 10:20:32
통신/5G,6G 개발,"삼립, 저당 포케 샐러드 2종 출시…헬시플레저 트렌드 반영","이번 신제품은 건강을 즐겁게 관리하는 '헬시플레저' 트렌드에 맞춰 개발됐으며, 곡물밥과 다양한 토핑을... 이 제품은 달콤한 데리야끼 풍미를 살리면서도 당 함량을 6g(내용량 187g 당)으로 낮췄다. '저당 시그니처 치폴레... ",https://www.newsquest.co.kr/news/articleView.html?idxno=301460,https://www.newsquest.co.kr/news/articleView.html?idxno=301460,"Tue, 22 Sep 2026 11:14:00 +0900",2026-09-23 10:20:32
통신/5G,6G 개발,[식음료 Pick①] 국산 원료 활용하고 당류 낮춘 제품 내놔,"원산지를 꼼꼼히 따지는 수요와 건강 관리를 중시하는 트렌드가 신제품 개발에 함께 반영됐다. 22일 업계에... 187g당 6g이다. '치폴레 풀드치킨 포케 샐러드'는 치폴레 풀드치킨과 곡물밥, 계란, 고구마로 구성해 단백질... ",https://www.lcnews.co.kr/news/articleView.html?idxno=208725,https://www.lcnews.co.kr/news/articleView.html?idxno=208725,"Tue, 22 Sep 2026 11:00:00 +0900",2026-09-23 10:20:32
통신/5G,6G 개발,"알에프텍, 대드론 안테나 개발 추진…&quot;10월 시제품 납품&quot;","알에프텍은 국내 대형 통신장비 제조사와 6G 후보 주파수에 대응하는 소형 RF 필터를 개발하는 것으로 알려졌다. 5G보다 높은 주파수 환경에서 발생하는 손실과 간섭을 줄이고, 다중대역·고집적 장비에 적용 가능한... ",https://www.sentv.co.kr/article/view/sentv202609220077,https://www.sentv.co.kr/article/view/sentv202609220077,"Tue, 22 Sep 2026 10:48:00 +0900",2026-09-23 10:20:32
통신/5G,6G 개발,"알에프텍, 방산기업과 대드론 안테나 개발","[로고=알에프텍] 알에프텍은 대드론 분야와 함께 인공지능(AI) 네트워크와 6세대 이동통신(6G) 관련 RF 기술 개발도 진행하고 있다. 회사는 AI 네트워크와 대드론 체계, 6G 분야에서 전파를 탐지하고 선별·제어하는... ",https://www.newspim.com/news/view/20260922000474,https://www.newspim.com/news/view/20260922000474,"Tue, 22 Sep 2026 10:29:00 +0900",2026-09-23 10:20:32
통신/5G,6G 개발,"알에프텍, 국내 주요 방산기업과 대드론 사업화…10월 시제품 납품",6G 관련 기술 개발도 병행하고 있다. 알에프텍은 국내 대형 통신장비 제조사와 함께 6G 후보 주파수에 대응하는 소형 RF 필터를 공동 개발하고 있다. 5G보다 높은 주파수 환경에서는 신호 손실과 간섭을 줄이는 기술이... ,https://view.asiae.co.kr/article/2026092209570532405,https://n.news.naver.com/mnews/article/277/0005819721?sid=101,"Tue, 22 Sep 2026 09:57:00 +0900",2026-09-23 10:20:32
통신/5G,6G 개발,"SKT·KISTI, 양자암호망 디지털 트윈 개발…ECOC서 공개",기술을 개발했다. 서로 다른 양자 시스템을 국제표준 기반으로 연동해 상호운용성과 확장성을 높이는 데... SKT는 지난 7월 ‘퀀텀코리아 2026’에서 인공지능(AI)·6G 시대를 대비한 차세대 양자암호 기술을 공개했다.... ,https://www.sentv.co.kr/article/view/sentv202609220055,https://www.sentv.co.kr/article/view/sentv202609220055,"Tue, 22 Sep 2026 09:46:00 +0900",2026-09-23 10:20:32
통신/5G,6G 개발,"지식재산처, ETRI와 핵심·표준특허 권리화·사업화 방안 논의",김용선 처장은 &quot;AI·6G 등 첨단기술은 기술을 개발하는 것만큼이나 핵심특허와 국제표준을 선점해 세계시장의 주도권을 확보하는 것이 중요하다&quot;면서 &quot;ETRI와 같은 국가대표 연구기관의 우수한 연구성과가 고가치... ,http://www.bizwnews.com/news/articleView.html?idxno=147082,http://www.bizwnews.com/news/articleView.html?idxno=147082,"Tue, 22 Sep 2026 09:38:00 +0900",2026-09-23 10:20:32
통신/5G,6G 개발,"[유통소식] 신세계百, 추석 연휴 기간 즐길거리 가득",1.5층에는 중소 제조사 전용 공간을 마련해 각 업체가 자체 기획·개발한 상품과 브랜드를 소개할 수... 내용량 187g 기준 당 함량은 6g이다. 저당 시그니처 치폴레 풀드치킨 포케 샐러드는 매콤한 치폴레 풀드치킨과... ,http://www.4th.kr/news/articleView.html?idxno=2118495,http://www.4th.kr/news/articleView.html?idxno=2118495,"Tue, 22 Sep 2026 06:00:00 +0900",2026-09-23 10:20:32
통신/5G,6G 개발,"지재처, ETRI와 AI·6G 핵심특허 선점 전략 논의",김용선 지재처장은 &quot;AI·6G 등 첨단기술은 기술을 개발하는 것만큼이나 핵심특허와 국제표준을 선점해 세계시장의 주도권을 확보하는 것이 중요하다&quot;며 &quot;ETRI와 같은 국가대표 연구기관의 우수한 연구성과가 고가치... ,http://www.paxetv.com/news/articleView.html?idxno=282486,http://www.paxetv.com/news/articleView.html?idxno=282486,"Mon, 21 Sep 2026 20:50:00 +0900",2026-09-23 10:20:32
금융,금융 주가,[단독]'빚투' 삼전닉스에 쏠리지 않게…종목별로 신용융자 줄인다,"23일 금융권에 따르면 업계 자율규제기관인 금융투자협회는 이르면 이날 자율관리 방안의 일환으로 종목별... 증권사에서 돈을 빌려 투자하는 신용매수는 주가가 오를 땐 활황의 마중물이 되지만, 과도한 유동성으로... ",https://www.nocutnews.co.kr/news/6582509?utm_source=naver&utm_medium=article&utm_campaign=20260923101233,https://n.news.naver.com/mnews/article/079/0004192397?sid=101,"Wed, 23 Sep 2026 10:13:00 +0900",2026-09-23 10:20:33
금융,금융 주가,금융불균형 누적… 비은행권 건전성·유동성 리스크 부상,"2분기 말 고정이하여신비율은 저축은행 7.80%, 증권사 3.56%로 전분기보다 낮아졌지만 상호금융은 6.47%, 보험사는 1.31%로 상승했다. 반면 보험사의 지급여력(K-ICS·킥스)비율은 215.2%로 전분기보다 하락했다. 주가... ",https://www.insnews.co.kr/news/articleView.html?idxno=92989,https://www.insnews.co.kr/news/articleView.html?idxno=92989,"Wed, 23 Sep 2026 10:00:00 +0900",2026-09-23 10:20:33
금융,금융 주가,"대형 펀드들, AI 공포 터지자 '비트코인(BTC)' 눈길",AI 관련 업종의 쏠림 현상이 시장 전체의 시스템 리스크로 부상하자 전통 금융 자산과 상관관계가 낮은... 지난 2월 AI발 산업 혼란 우려로 기술주가 투매에 직면했을 때 비트코인 역시 동반 급락한 전례가 있다.... ,http://coinreaders.com/259760,http://coinreaders.com/259760,"Wed, 23 Sep 2026 09:56:00 +0900",2026-09-23 10:20:33
금융,금융 주가,코스피 7100 뚫고 연휴로…외국인 '선물 베팅' 촉각,"기관 가운데 금융투자는 113억원, 보험은 6억원을 각각 순매수했다. 프로그램 매매도 매수 우위다. 직전인... 한지영 키움증권 연구원은 &quot;결론적으로 이번 주는 기존 매크로 및 AI 이슈를 소화해가면서 주가 복원력을... ",https://www.ebn.co.kr/news/articleView.html?idxno=1725492,https://www.ebn.co.kr/news/articleView.html?idxno=1725492,"Wed, 23 Sep 2026 09:54:00 +0900",2026-09-23 10:20:33
금융,금융 주가,고점서 13% 내린 증권주…실적 둔화 속 저평가 매력 부각,기업들의 자금 조달 수요와 상반기에 미뤄진 기업공개(IPO) 수요도 기업금융 수익에 보탬이 될 전망이다. 전배승 LS증권 연구원은 &quot;현 시점은 업황둔화 우려가 주가에 충분히 반영된 상태이며 추가적인 업황지표 악화... ,https://www.fnnews.com/news/202609230939256822,https://n.news.naver.com/mnews/article/014/0005580153?sid=101,"Wed, 23 Sep 2026 09:52:00 +0900",2026-09-23 10:20:33
금융,금융 주가,"KSS해운, 200억원 규모 자사주 매입 결정에 15%대 급등",금융감독원 전자공시시스템에 따르면 KSS해운은 보통주 약 197만주를 장내에서 취득할 예정이다. 이는... 자사주 매입은 시장에서 유통되는 주식을 회사가 직접 사들이는 만큼 수급 측면에서 주가에 긍정적인... ,http://www.econonews.co.kr/news/articleView.html?idxno=444783,http://www.econonews.co.kr/news/articleView.html?idxno=444783,"Wed, 23 Sep 2026 09:48:00 +0900",2026-09-23 10:20:33
금융,금융 주가,"스트라이브 CRO &quot;비트코인 보유량, 12주마다 두 배 늘릴 속도&quot;","최근 한 달간 스트라이브 주가가 러셀2000 지수 구성 종목 가운데 강한 흐름을 보였으며, 회사의 대차대조표... 월턴은 워런트가 행사될 경우 회사의 레버리지 구조와 향후 출시할 수 있는 금융상품 등에 의미 있는 변화가... ",https://www.digitaltoday.co.kr/news/articleView.html?idxno=702611,https://www.digitaltoday.co.kr/news/articleView.html?idxno=702611,"Wed, 23 Sep 2026 09:46:00 +0900",2026-09-23 10:20:33
금융,금융 주가,"8월 원화 실질가치, 10개월만에 64개국 중 '뒤에서 2등' 탈출","전날 금융안정 상황 기자설명회에서 &quot;환율 하락 속도가 빠른 것은 사실&quot;이라면서도 &quot;최근 원화 강세는 되돌림 측면이 있고, 과도한 쏠림 현상이 있었다고는 판단하지 않는다&quot;고 말했다. 상반기 이례적인 국내 주가... ",https://news.einfomax.co.kr/news/articleView.html?idxno=4436260,https://news.einfomax.co.kr/news/articleView.html?idxno=4436260,"Wed, 23 Sep 2026 09:46:00 +0900",2026-09-23 10:20:33
금융,은행 산업,"이찬진, 이번엔 금융자회사 CEO 선임 정조준...절차 보완 주문","조용병 은행연합회장은 &quot;은행지주가 금융산업에 미치는 위상에 걸맞게 지방 균형 발전과 지배구조 개선, 내부통제 강화 등에 적극 협조하겠다&quot;고 답했다. 은행지주회장들도 자회사 CEO 선임절차에서 개선할 점을 꼼꼼히... ",https://www.esgeconomy.com/news/articleView.html?idxno=16831,https://www.esgeconomy.com/news/articleView.html?idxno=16831,"Wed, 23 Sep 2026 10:18:00 +0900",2026-09-23 10:20:33
금융,은행 산업,한국씨티은행 차기 행장에 김경호 부행장...기업금융 DNA 이어가,"임추위는 김 후보의 중장기 경영 비전과 전략, 리더십, 대내외 소통 능력, 금융산업에 대한 전문성과 통찰력 등을 종합적으로 고려해 최종 후보로 선정했다고 설명했다. 김 후보는 2001년 한국씨티은행에 입행한 이후... ",http://www.joseilbo.com/news/news_read.php?uid=576273&class=77&grp=,https://n.news.naver.com/mnews/article/123/0002390766?sid=004,"Wed, 23 Sep 2026 10:17:00 +0900",2026-09-23 10:20:33
금융,은행 산업,법제화 전 판부터 짜는 카카오…스테이블코인 동맹 동남아까지,카카오뱅크도 은행 수준의 보안과 규제 요건을 적용한 지갑 연동 및 안정성 검증을 진행하고 있다. 15일에는... 다양한 산업과 서비스가 유기적으로 연결될 때 비로소 완성된다&quot;며 &quot;파트너들과의 협력을 바탕으로... ,http://www.4th.kr/news/articleView.html?idxno=2118606,http://www.4th.kr/news/articleView.html?idxno=2118606,"Wed, 23 Sep 2026 10:14:00 +0900",2026-09-23 10:20:33
금융,은행 산업,"NH농협금융, 인도네시아 마야파다 그룹 임직원 초청연수","다양한 산업군을 아우르는 인도네시아의 대표적인 대기업이다. 앞서 농협금융과 마야파다그룹은 지난 5월 디지털전환·리스크관리 벤치마킹과 은행, 증권, 캐피탈 등 농협금융 계열사와 마야파다 그룹 간 협력사업... ",https://news.tf.co.kr/read/economy/2369272.htm,https://n.news.naver.com/mnews/article/629/0000536494?sid=101,"Wed, 23 Sep 2026 10:12:00 +0900",2026-09-23 10:20:33
금융,은행 산업,"상상인, 저축은행 인수자 KBI그룹과 '무한연장' M&amp;A...&quot;급할 것 없다&quot;",상상인그룹은 상상인저축은행의 순자산 증가분만큼 추가 손상차손을 인식한 셈이다. KBI국인산업은 기존 인수가인 1107억원을 주고 더 두꺼운 자본(90% 지분 기준 순자산 1880억원→2125억원)을 사는 셈이다. 앞서... ,https://www.topdaily.kr/articles/112080,https://www.topdaily.kr/articles/112080,"Wed, 23 Sep 2026 10:10:00 +0900",2026-09-23 10:20:33
금융,은행 산업,"'25년 기업금융맨' 김경호, 씨티은행 차기 행장 후보로","최종 선임되면 유명순 행장이 2020년 취임한 이후 6년 만에 한국씨티은행 수장이 바뀐다. 임추위은 &quot;김경호 후보의 중장기 경영 비전과 전략, 대내외 소통 및 리더십 역량, 경영 역량과 전문성, 금융산업에 대한 통찰력... ",https://www.newsway.co.kr/news/view?ud=2026092309592226805,https://www.newsway.co.kr/news/view?ud=2026092309592226805,"Wed, 23 Sep 2026 10:10:00 +0900",2026-09-23 10:20:33
금융,은행 산업,복지위 국감 일정 윤곽…복지부 7일·식약처 13일,"한국보건산업진흥원을 비롯해 한국건강증진개발원, 국립암센터, 대한적십자사, 한국보건의료인국가시험원... 한국공공조직은행, 한국보건의료정보원, 한국생명존중희망재단, 대한결핵협회, 전국지방의료원연합회 등이... ",https://www.medipana.com/news/articleView.html?idxno=418186,https://www.medipana.com/news/articleView.html?idxno=418186,"Wed, 23 Sep 2026 10:10:00 +0900",2026-09-23 10:20:33
금융,은행 산업,전북·경북·경남 피지컬 AI 거점화…정책금융 지원,이억원 금융위원장은 22일 서울 여의도 한국산업은행 본점에서 열린 ‘피지컬 AI 지역거점 발전 포럼’에 참석해 지역 제조현장에 대한 정책금융 지원 의지를 밝혔다. 금융위원회는 공식 자료에서 이번 행사가 정부의 3대... ,https://www.tokenpost.kr/news/ai/412540,https://www.tokenpost.kr/news/ai/412540,"Wed, 23 Sep 2026 10:10:00 +0900",2026-09-23 10:20:33
금융,은행 산업,이재명 대통령 &quot;글로벌 공공재 공급 역량 갖춘 나라들이 협력해야&quot;,"대한민국은 이 비전을 국제사회와 함께 나누기 위해 국제기구, 다자개발은행, 산업계와 학계가 협력할 플랫폼, '글로벌 AI 허브'를 조성할 것입니다. 우리 대한민국은 AI 발전의 기본적 혜택에서 어떤 국가도, 어떤 사람도... ",https://www.ngonews.kr/news/articleView.html?idxno=239101,https://www.ngonews.kr/news/articleView.html?idxno=239101,"Wed, 23 Sep 2026 10:08:00 +0900",2026-09-23 10:20:33
금융,은행 산업,"우리금융, 6000억원 포항 AI데이터센터 PF 금융약정 체결",이번 데이터센터는 고성능 GPU 기반의 AI 연산과 클라우드 서비스 수요에 대응하는 동시에 지역 제조업의 디지털 전환과 미래 신산업 육성에도 기여할 것으로 기대된다. 이동혁 우리은행 인프라금융부 팀장은 &quot;이번... ,https://www.newsfreezone.co.kr/news/articleView.html?idxno=710916,https://www.newsfreezone.co.kr/news/articleView.html?idxno=710916,"Wed, 23 Sep 2026 10:08:00 +0900",2026-09-23 10:20:33
금융,핀테크 시장,"'인도 진출 1세대' 어피닛, 10년 노하우로 후배 스타트업 인도행 이끈다","이 대표는 &quot;많은 사람이 기존 금융 서비스에서 소외돼 있다는 점에 주목해 핀테크 사업을 시작했다&quot;며 &quot;시장 크기와 성장 속도, 성숙도라는 세 가지 기준을 놓고 봤을 때 인도가 자연스러운 선택이었다&quot;고 설명했다.... ",https://view.asiae.co.kr/article/2026091517380138687,https://n.news.naver.com/mnews/article/277/0005820387?sid=101,"Wed, 23 Sep 2026 10:11:00 +0900",2026-09-23 10:20:34
금융,핀테크 시장,[3040 영&amp;리치 리포트] ‘부동산 불패’ 깨고 PB는 ‘스파링 파트너’…...,"번거로운 임대·건물 관리를 기피하고 유동성과 기민한 시장 대응을 선호하기 때문에 실거주용 주택을... 모바일 데이터 접근성이 떨어지는 금융사를 버리고 자체 패밀리오피스를 세우거나, 디지털 핀테크 플랫폼으로... ",http://www.segyebiz.com/newsView/20260923505606?OutUrl=naver,http://www.segyebiz.com/newsView/20260923505606?OutUrl=naver,"Wed, 23 Sep 2026 10:08:00 +0900",2026-09-23 10:20:34
금융,핀테크 시장,"핑거, 세아FSI·S&amp;G홀딩스 1550억원에 인수… 제조 피지컬 AI 본격화","핀테크 플랫폼 전문기업 핑거가 유체이송 부품 제조 전문기업 세아FSI를 인수한다. 핑거는 지난 22일... 2025년 기준 국내 자동차용 소구경강관 시장점유율 59%를 기록했다. 테슬라, 한국GM, 현대자동차, 볼보가 자동차... ",https://www.mt.co.kr/stock/2026/09/23/2026092309523144151,https://n.news.naver.com/mnews/article/008/0005417765?sid=101,"Wed, 23 Sep 2026 09:56:00 +0900",2026-09-23 10:20:34
금융,핀테크 시장,솔스티스 CEO &quot;암호화폐 극단적 급등락 주기 옅어지고 있다&quot;,"나다레스키는 솔라나 생태계의 스테이블코인 시장 확대 가능성도 언급했다. 그는 핀테크 기업의 채택 확대와 솔라나의 빠른 처리 속도, 낮은 수수료를 근거로 향후 5년 안에 솔라나 기반 스테이블코인 규모가... ",https://www.digitaltoday.co.kr/news/articleView.html?idxno=702638,https://www.digitaltoday.co.kr/news/articleView.html?idxno=702638,"Wed, 23 Sep 2026 09:50:00 +0900",2026-09-23 10:20:34
금융,핀테크 시장,[더밸류 브리핑] 오늘의 핀테크 소식…카카오페이·토스페이먼츠·한패...,"◆ 한패스, 가입자 100만명 달성…외국인 생활금융 시장 선점 박차 외국인 금융 플랫폼 한패스가 누적 회원... 자체 추산 기준 시장 점유율은 약 22%에 달한다. 월렛 및 선불카드 등 비송금 부문 연간 거래액은 지난... ",http://www.thevaluenews.co.kr/news/view.php?idx=201848,http://www.thevaluenews.co.kr/news/view.php?idx=201848,"Wed, 23 Sep 2026 09:14:00 +0900",2026-09-23 10:20:34
금융,핀테크 시장,"아톤, 글로벌 보안 솔루션 기반 금융권 통합 보안 사업 확대",아톤은 20년 이상 핀테크 보안·인증 사업을 이어오며 대형은행과 증권사 등 금융권을 대상으로 인증·보안... 우길수 대표이사는 “금융권은 규제 요건과 실제 운영 환경을 동시에 충족해야 하는 시장으로 좋은 기술을... ,https://www.hankyung.com/article/202609221400O,https://n.news.naver.com/mnews/article/015/0005335490?sid=101,"Wed, 23 Sep 2026 09:01:00 +0900",2026-09-23 10:20:34
금융,핀테크 시장,"아톤, 글로벌 보안 솔루션 기반 금융권 사업 확대…VCISO 서비스도 강화",기존 핀테크 보안·인증 사업을 통해 구축한 금융권 네트워크와 글로벌 보안 기술을 연계해 금융권 보안 시장에서 사업 영역을 넓힌다는 계획이다. 아톤은 지난 22일 서울 여의도 콘래드 서울에서 금융사... ,https://economist.co.kr/article/view/ecn202609220067,https://n.news.naver.com/mnews/article/243/0000103442?sid=101,"Wed, 23 Sep 2026 09:01:00 +0900",2026-09-23 10:20:34
금융,핀테크 시장,"아톤, 글로벌 솔루션 기반 금융권 보안 사업 확대",아톤은 20년 이상 핀테크 보안 및 인증 사업을 이어오며 금융권을 대상으로 인증·보안 솔루션을... 우길수 아톤 대표는 &quot;금융권은 규제 요건과 실제 운영 환경을 함께 충족해야 하는 시장&quot;이라며 &quot;단순한 솔루션... ,https://www.datanet.co.kr/news/articleView.html?idxno=214655,https://www.datanet.co.kr/news/articleView.html?idxno=214655,"Wed, 23 Sep 2026 09:00:00 +0900",2026-09-23 10:20:34
금융,핀테크 시장,"핑거, 세아FSI 인수…피지컬AI 시동",핀테크 기업 핑거가 자동차·냉각설비 부품 제조사를 품고 피지컬 인공지능(AI) 기술의 양산 현장 적용에... 자동차용 소구경강관 시장점유율은 59%다. 테슬라·한국GM·현대자동차·볼보에 자동차 부품을 공급하고... ,https://www.newstopkorea.com/news/articleView.html?idxno=47824,https://www.newstopkorea.com/news/articleView.html?idxno=47824,"Wed, 23 Sep 2026 08:58:00 +0900",2026-09-23 10:20:34
금융,핀테크 시장,"[금융 HOT 뉴스] 카카오그룹, 파이어블록스와 협약…디지털 자산 생태계...",이번 협약은 태동기를 맞은 국내 디지털 자산 시장에 안정적인 온체인 인프라를 보급하고 초기 생태계를 다지기 위해 추진됐다. 앞서 카카오그룹은 전 국민이 이용하는 플랫폼의 강점과 핀테크·은행을 아우르는 전문성... ,http://www.bizwnews.com/news/articleView.html?idxno=147198,http://www.bizwnews.com/news/articleView.html?idxno=147198,"Wed, 23 Sep 2026 08:10:00 +0900",2026-09-23 10:20:34
금융,핀테크 시장,증권사 CEO 무더기 증인 신청···이번에도 망신주기?,당시 회의는 자본시장 활성화 방안 전반을 논의한 자리였는데 그 중 하나를 골라 정쟁화하는 게 적절치... AI·핀테크 확산에 따른 금융사고와 보안 문제 등도 함께 다뤄져야 한다&quot;고 덧붙였다. 정무위는 여야 협상을 통해... ,http://www.enewstoday.co.kr/news/articleView.html?idxno=2473689,http://www.enewstoday.co.kr/news/articleView.html?idxno=2473689,"Wed, 23 Sep 2026 08:00:00 +0900",2026-09-23 10:20:34
금융,핀테크 시장,"&quot;AI가 쇼핑·결제&quot;… 中 앤트그룹, '에이전트 커머스' 정조준해 알리페...",중국 최대의 핀테크 공룡 앤트그룹(Ant Group)이 인공지능(AI)이 사용자를 대신해 상품을 탐색하고 결제까지... 아울러 중국 내수 시장의 성장 정체 속에서 AI와 하드웨어를 결합한 독자 상거래 생태계를 구축함으로써... ,https://www.g-enews.com/view.php?ud=2026092218131888100c8c1c064d_1,https://www.g-enews.com/view.php?ud=2026092218131888100c8c1c064d_1,"Wed, 23 Sep 2026 05:56:00 +0900",2026-09-23 10:20:34
금융,핀테크 시장,"유럽중앙은행, 디지털 자산 결제망 '폰테스' 가동하고 토큰화 증권 직접...",국내 금융기관과 핀테크 업계는 중앙은행 디지털화폐(CBDC)와 분산원장기술(DLT)을 연계한 도매 결제 인프라 구축 동향을 예의주시하고 있다. 단기적으로 국내 금융사들은 유럽 시장의 DLT 기반 결제 인프라 도입 추이에... ,https://www.g-enews.com/view.php?ud=202609221718093659fbbec65dfb_1,https://www.g-enews.com/view.php?ud=202609221718093659fbbec65dfb_1,"Wed, 23 Sep 2026 03:10:00 +0900",2026-09-23 10:20:34
금융,핀테크 시장,"ShredPay, 잭 헨리 핀테크망 합류…은행 7400곳 연결권 열렸지만 도입은...","스테이블코인·디지털자산 관리 플랫폼 ShredPay가 미국 코어뱅킹 시스템 업체 잭 헨리(Jack Henry)의 핀테크... 미국 코어뱅킹 네트워크와 한국 은행 기반 스테이블코인이라는 서로 다른 시장에서, 은행과 스테이블코인... ",https://www.wikitree.co.kr/articles/1161474,https://www.wikitree.co.kr/articles/1161474,"Wed, 23 Sep 2026 00:10:00 +0900",2026-09-23 10:20:34
금융,핀테크 시장,"카무이, 기관용 RWA 금고 3종 온체인 출시",지갑·핀테크·거래소·수익률 집계 서비스 등은 API를 활용해 자체 서비스에 RWA 수익 상품을 넣을 수 있다.... 있으며 시장 상황에 따라 환매가 늦어지거나 중단될 수 있다고 고지했다. 이번 출시는 기관이 접근할 수... ,https://www.tokenpost.kr/news/cryptocurrency/412253,https://www.tokenpost.kr/news/cryptocurrency/412253,"Tue, 22 Sep 2026 22:10:00 +0900",2026-09-23 10:20:34
금융,핀테크 시장,"삼쩜삼, 환급 넘어 종합 핀테크로…14만 개미 모은 투자 교육",확보하며 핀테크 영역을 넓히고 있다. 삼쩜삼캠퍼스는 2025년 9월 첫선을 보인 개인 맞춤형 재테크 교육... 성장의 배경으로는 장 시작 전 시장 데이터를 요약해 제공하는 데일리 리포트 '콜페이퍼'의 유입 효과가... ,https://www.goodkyung.com/news/articleView.html?idxno=291714,https://www.goodkyung.com/news/articleView.html?idxno=291714,"Tue, 22 Sep 2026 18:46:00 +0900",2026-09-23 10:20:34
금융,핀테크 시장,"어펄마캐피탈, 세아FSI 매각…'서룡전자 자회사' 핑거 품으로",특히 자동차 브레이크 유압 배관과 냉장고 등 가전용 냉각 배관 분야에서 40여 년간 독보적인 시장 점유율... 인수 주체인 핑거는 2000년 설립된 핀테크 전문기업으로 올해 상반기 성호전자 모회사 서룡전자에... ,https://www.etoday.co.kr/news/view/2628788,https://www.etoday.co.kr/news/view/2628788,"Tue, 22 Sep 2026 18:38:00 +0900",2026-09-23 10:20:34
리츠/부동산,리츠 주가,"[주요공시] 셀리드, 멀티캠퍼스, 포스코퓨처엠, 보령, 아이파크현대산업...","서울외환시장에서 원·달러 환율은 전 거래일보다 22.8원 내린 1358.2원에 주간거래를 마감했다. 수급... 코람코라이프인프라리츠의 총 340억원 규모 전환사채 발행, 아시아경제의 최대주주 지분 272억원... ",https://www.kdpress.co.kr/news/articleView.html?idxno=208847,https://www.kdpress.co.kr/news/articleView.html?idxno=208847,"Tue, 22 Sep 2026 23:24:00 +0900",2026-09-23 10:20:35
리츠/부동산,리츠 주가,삼성증권 '주식모으기' 2주년···절세 계좌 활용 활발,"2016년 3월에 도입됐고 하나의 계좌에 예금·펀드(ETF, 리츠 포함)·주가연계증권(ELS)등 여러 금융상품을 넣을 수 있다. 이 계좌에서 나온 이자소득, 배당소득에 대해 비과세 혜택 등을 준다. 소득 유무 무관하게 19세... ",https://www.cnbnews.com/news/articleView.html?idxno=1016943,https://www.cnbnews.com/news/articleView.html?idxno=1016943,"Tue, 22 Sep 2026 15:44:00 +0900",2026-09-23 10:20:35
리츠/부동산,리츠 주가,"폭스바겐(VW), 유럽 대표 지수 퇴출 굴욕...중국 수요 20% 급감 쇼크",지난 2021년 이후 주가가 75% 넘게 주저앉은 데다 최근 실적 전망치를 대폭 깎아내린 결과다. 지수 추종... 최고재무책임자(CFO) 아르노 안틀리츠(Arno Antlitz)는 사내 메모를 통해 &quot;세계 최대 자동차 시장인 중국에서의 20... ,http://coinreaders.com/259534,http://coinreaders.com/259534,"Tue, 22 Sep 2026 10:12:00 +0900",2026-09-23 10:20:35
리츠/부동산,리츠 주가,9월 21일 주식시장 주요공시,"2026-08-28) ▶삼성FN리츠, (정정)유상증자결정(사유: 1차 발행가액 확정 등, 정정대상 공시서류 제출일... 최대주주가 한국산업은행으로 변경 ▶아틀라스링크, 타법인 증권 취득자금 확보를 위해 한국투자증권... ",https://www.catchnews.kr/news/articleView.html?idxno=128713,https://www.catchnews.kr/news/articleView.html?idxno=128713,"Tue, 22 Sep 2026 08:48:00 +0900",2026-09-23 10:20:35
리츠/부동산,리츠 주가,나이키·맥도날드·LVMH…이 낡은 주식들을 살 때일까? [흔들리는 제국...,올해 들어서만 주가가 40% 넘게 폭락하며 52주 최저가 수준(36달러 선)까지 추락한 나이키는 결국 올 9월 미국... 치약으로 유명한 생필품 제국 콜게이트파몰리브와 미국 최대 프리미엄 아울렛 리츠인... ,https://magazine.hankyung.com/business/article/202609169543b,https://n.news.naver.com/mnews/article/050/0000111198?sid=101,"Tue, 22 Sep 2026 08:12:00 +0900",2026-09-23 10:20:35
리츠/부동산,리츠 주가,"삼성FN리츠, 유상증자 1차 발행가액 주당 5,140원 산정","이번 1차 발행가액은 신주배정기준일 전 제3거래일을 기산일로 한 기준주가에 4.5%의 할인율을 적용해 산정됐다. 삼성FN리츠 측은 향후 구주주 청약일 전 제3거래일을 기산일로 2차 발행가액을 산정한 뒤, 1차와 2차... ",https://www.fntoday.co.kr/news/articleView.html?idxno=393552,https://www.fntoday.co.kr/news/articleView.html?idxno=393552,"Mon, 21 Sep 2026 11:50:00 +0900",2026-09-23 10:20:35
리츠/부동산,리츠 주가,"은행 예금 넣어두면 3.5%인데…“배당수익률 21%, 비교불가 ETF 나왔다”",리츠·배당주 ETF뿐 아니라 커버드콜 ETF에서도 두 자릿수 배당수익률을 기록한 상품들이 나타났다.... 구간에서의 주가 흐름 등을 고려해 상품을 선별했다고 설명했다. 예금금리와 비교하면 배당형 ETF의... ,https://www.etnews.com/20260920000033,https://n.news.naver.com/mnews/article/030/0003468487?sid=101,"Sun, 20 Sep 2026 11:41:00 +0900",2026-09-23 10:20:35
리츠/부동산,리츠 주가,"[핫이슈] 폭스바겐의 비명, 15조원 비용 폭탄에 이익률 1% 추락",아르노 안틀리츠 폭스바겐 최고재무책임자(CFO)는 로이터가 입수한 내부 메모에서 &quot;더 이상 지체할 시간이... 18일 폭스바겐 주가는 5.6% 하락했고 포르쉐 주가는 3.3% 떨어졌다. 폭스바겐의 최대주주인 포르쉐SE도 자체... ,https://www.the-today.com/news/articleView.html?idxno=90403,https://www.the-today.com/news/articleView.html?idxno=90403,"Sat, 19 Sep 2026 06:58:00 +0900",2026-09-23 10:20:35
리츠/부동산,리츠 주가,&quot;은행에 넣으면 3.5%인데&quot;…배당수익률 21% 찍은 ETF 뭐길래[주末머니],"배당수익률은 최근 12개월간 실제로 지급된 분배금을 현재 주가로 나눈 수치다. 부동산 분야 ETF 가운데 1위는 TIGER 리츠부동산인프라로 배당수익률은 9.80%, 1년 전 대비 배당이 18.6% 올랐다. 12개월 합산... ",https://view.asiae.co.kr/article/2026091717091648809,https://n.news.naver.com/mnews/article/277/0005818632?sid=101,"Fri, 18 Sep 2026 18:06:00 +0900",2026-09-23 10:20:35
리츠/부동산,리츠 주가,[기자수첩] 공모 '흥행'에 가려진 투자자의 '이익' 성적표,"지난 11일 기준 올해 신규 상장한 일반 공모기업 28곳 가운데 22곳, 78.6%의 주가가 공모가를 밑돌았다. 공모가를 웃돈 기업은 6곳이었고, 28개사의 공모가 대비 수익률 단순평균은 마이너스 19.1%였다. 스팩과 리츠를 제외한... ",https://www.financialpost.co.kr/news/articleView.html?idxno=275974,https://www.financialpost.co.kr/news/articleView.html?idxno=275974,"Thu, 17 Sep 2026 15:16:00 +0900",2026-09-23 10:20:35
리츠/부동산,리츠 주가,고금리·고유가 고착화…에너지·운송·금융주 담아라 [오일전문가의 배...,"기업들은 주가 조정 시마다 수량을 모아가기에 가장 적합하다. 대표적으로는 Exxonmobil, Chevron, Shell, Petrobras... 인플레이션 연동 자산 및 필수재: 고금리 환경은 일반 리츠에는 부담이지만 계약 구조상 물가 상승분을... ",https://magazine.hankyung.com/business/article/202609094736b,https://n.news.naver.com/mnews/article/050/0000111028?sid=101,"Thu, 17 Sep 2026 06:01:00 +0900",2026-09-23 10:20:35
리츠/부동산,리츠 주가,"은퇴 인컴, 가장 높은 수익률만 찾으면 안 되는 이유","배당수익률이 높은 영역은 유틸리티, 리츠, 에너지, 통신 등 특정 섹터에 몰려 있어 포트폴리오가 의도치 않게 한쪽으로 기울고, 배당수익률이 높은 이유가 주가 하락이나 성장 정체인 경우도 적지 않다. 최근 인기를 끄는... ",https://www.koreadaily.com/article/20260915183301895,https://www.koreadaily.com/article/20260915183301895,"Wed, 16 Sep 2026 10:34:00 +0900",2026-09-23 10:20:35
리츠/부동산,리츠 주가,AI 모델 출시 늦어져도 데이터센터는 부족…추론 수요가 새 동력,"AI 인프라의 근간이 되는 초대형 데이터센터 [사진: 셔터스톡] AI 개발 속도 조절론이 확산하면서 데이터센터 리츠 주가가 흔들렸지만, 데이터센터 수요까지 곧바로 꺾이지는 않을 것이라는 전망이 나왔다. 15일... ",https://www.digitaltoday.co.kr/news/articleView.html?idxno=700900,https://www.digitaltoday.co.kr/news/articleView.html?idxno=700900,"Wed, 16 Sep 2026 09:24:00 +0900",2026-09-23 10:20:35
리츠/부동산,리츠 주가,"한국투자증권, ELW 268종목 신규 상장 外","ELW는 개별 주식 또는 주가지수를 만기일에 미리 정한 가격으로 사고 팔 수 있는 권리를 거래하는 상품이다.... 우리자산신탁, 동대문'굿모닝시티'프로젝트 리츠로 재건축 추진 우리금융그룹 우리자산신탁(대표이사... ",https://www.rcast.co.kr/news/articleView.html?idxno=31634,https://www.rcast.co.kr/news/articleView.html?idxno=31634,"Wed, 16 Sep 2026 06:44:00 +0900",2026-09-23 10:20:35
리츠/부동산,리츠 주가,금리 상승에 리츠 ETF '찬바람'…주가 빠지고 순자산도 줄었다,돈도 빠졌다…50억원대까지 내려온 리츠 ETF 주가 하락과 함께 리츠 ETF의 순자산도 대부분 감소했다. 최근 3개월간 KODEX 미국부동산리츠인프라는 5112억원에서 4860억원으로 4.9% 줄었다. TIGER 미국MSCI리츠(합성 H)는... ,https://www.greened.kr/news/articleView.html?idxno=350140,https://www.greened.kr/news/articleView.html?idxno=350140,"Tue, 15 Sep 2026 16:30:00 +0900",2026-09-23 10:20:35
리츠/부동산,리츠 주가,9월 14일 주식시장 주요공시,"보통주 375,776주 소각 결정(소각예정일:2026-10-19) ▶케스피온, 최대주주가 푸른 소부장... 2023-11-06) ▶제이알글로벌리츠, (정정)회생절차개시신청(사유: 회생절차개시여부 결정의 보류(ARS프로그램 개시)... ",https://www.catchnews.kr/news/articleView.html?idxno=128423,https://www.catchnews.kr/news/articleView.html?idxno=128423,"Tue, 15 Sep 2026 08:48:00 +0900",2026-09-23 10:20:35
리츠/부동산,리츠 주가,밸류업株도 희비 교차… 롯데쇼핑·우리금융 웃고 SK하이닉스 울었다,"종목들의 주가가 엇갈리고 있다. 주주환원 확대 기대가 이어지는 금융·유통·소비재 종목에는 매수세가... 메리츠금융지주, 하나금융지주, KB금융, iM금융지주, JB금융지주, 신한지주, BNK금융지주, 기업은행, 카카오뱅크 등... ",https://www.pinpointnews.co.kr/news/articleView.html?idxno=486874,https://www.pinpointnews.co.kr/news/articleView.html?idxno=486874,"Mon, 14 Sep 2026 15:28:00 +0900",2026-09-23 10:20:35
리츠/부동산,리츠 주가,"[인터뷰] 한국리츠협회장 정병윤 &quot;상장리츠에도 삼성전자 필요, 대형 스...",정 회장은 &quot;최근 두 자릿수 배당수익률을 보이는 상장리츠들도 있지만 이는 배당이 크게 늘어서라기보다 주가가 많이 떨어진 영향이 크다&quot;고 말했다. 금리라는 외부 변수뿐 아니라 국내 리츠를 둘러싼 각종 규제 역시... ,https://www.businesspost.co.kr/BP?command=article_view&num=447064,https://www.businesspost.co.kr/BP?command=article_view&num=447064,"Mon, 14 Sep 2026 14:00:00 +0900",2026-09-23 10:20:35
리츠/부동산,리츠 주가,9월 14일 개장 전 주요 공시,향후 리츠 설립 후 본공사 도급계약을 다시 공시할 예정이라고 밝혔다. 우양피앤엘은 종속회사... 기준주가(1281원) 대비 할인율은 4.12%이며 납입일은 10월 1일이다. 전환사채 공시는 원문이 아직 등록되지 않았다.... ,https://www.seoulfn.com/news/articleView.html?idxno=637836,https://www.seoulfn.com/news/articleView.html?idxno=637836,"Mon, 14 Sep 2026 07:00:00 +0900",2026-09-23 10:20:35
리츠/부동산,부동산 시장,서울 외곽 아파트 평탄화? 10건 중 4건 文정부 ‘전고점’ 넘어,"전세난·대출 규제 속 생존 매수 부동산 시장이 과열됐던 2021년 당시 서울 아파트값은 한국부동산원 기준 8%, KB부동산 기준 16.4% 올랐다. 당시에는 코로나19 팬데믹에 따른 초저금리 환경과 새 아파트 공급 부족... ",https://view.asiae.co.kr/article/2026092308530483415,https://n.news.naver.com/mnews/article/277/0005820392?sid=101,"Wed, 23 Sep 2026 10:17:00 +0900",2026-09-23 10:20:35
리츠/부동산,부동산 시장,"더존비즈온-택스워치, '2026 TAX Leaders Summit' 개최","2회차에서는 김학렬 스마트튜브 부동산조사연구소장과 배문성 라이프자산운용 이사가 '부동산과 자본시장 트렌드'를 주제로 부동산 시장 전망과 자본시장 흐름, 자산가 대응 방안 등을 소개한다. 3회차 '조세소송과... ",http://www.intn.co.kr/news/articleView.html?idxno=2053620,http://www.intn.co.kr/news/articleView.html?idxno=2053620,"Wed, 23 Sep 2026 10:16:00 +0900",2026-09-23 10:20:35
리츠/부동산,부동산 시장,[단독] 전세사기 700번 당한 LH…‘기금 손실’ 책임 소송도,"장경태 의원은 “정부가 부동산 시장 안정을 위해 잇달아 대책을 내놓은 만큼, LH 역시 정책이 시장에 미칠 영향을 면밀히 분석하고 선제적인 대응 방안을 마련했어야 한다”며 “정부 정책의 실효성을 높이기... ",http://www.wowtv.co.kr/NewsCenter/News/Read?articleId=A202609230039&t=NN,https://n.news.naver.com/mnews/article/215/0001266986?sid=100,"Wed, 23 Sep 2026 10:12:00 +0900",2026-09-23 10:20:35
리츠/부동산,부동산 시장,신임 국토장관 &quot;주거 안정에 집중…현장·실용 중심 주택정책&quot;,"홍 장관은 이날 정부세종청사에서 열린 취임식에서 부동산 시장의 현 상황에 대해 &quot;주택 수급 불균형과 임대차 시장 불안, 가계부채 부담까지 서로 맞물려 있다&quot;고 진단하면서 &quot;이제는 이런 구조적 문제를 풀 수 있는 현장과... ",https://www.yna.co.kr/view/AKR20260923061100003?input=1195m,https://n.news.naver.com/mnews/article/001/0016331764?sid=101,"Wed, 23 Sep 2026 10:10:00 +0900",2026-09-23 10:20:35
리츠/부동산,부동산 시장,성남지원·지청 2028년 신흥동 이전…20년 표류 법조타운 본격화,이에 따라 서초동·문정동 등 법조타운 조성이 인구 유입과 정주 여건 개선으로 이어졌던 전례처럼 성남 수정구 일대 부동산 시장과 상권에 영향을 줄 것이란 기대감이 형성되고 있다. 성남지원과 성남지청의 이전... ,https://www.g-enews.com/view.php?ud=202609230938379961a9fc143920_1,https://www.g-enews.com/view.php?ud=202609230938379961a9fc143920_1,"Wed, 23 Sep 2026 10:08:00 +0900",2026-09-23 10:20:35
리츠/부동산,부동산 시장,"더존비즈온, 세무·회계 전문가에 'AI 협업 전략' 제시…TAX Leaders Summit ...",이어 김학렬 스마트튜브 부동산조사연구소장과 배문성 라이프자산운용 이사가 부동산·자본시장 흐름과 자산가 대응 전략을 소개한다. 3회차에는 허승 김앤장법률사무소 변호사와 최봉길 법무법인 율촌... ,http://www.popcornnews.net/news/articleView.html?idxno=134023,http://www.popcornnews.net/news/articleView.html?idxno=134023,"Wed, 23 Sep 2026 10:04:00 +0900",2026-09-23 10:20:35
리츠/부동산,부동산 시장,"더존비즈온-택스워치, ‘2026 택스 리더스 서밋’ 개최…세무·회계 전문...","2회차 ‘부동산과 자본시장 트렌드’에서는 김학렬 스마트튜브 부동산조사연구소장과 배문성 라이프자산운용 이사가 부동산 시장 전망과 자본시장 흐름 분석, 자산가 대응 노하우를 공유한다. 3회차... ",https://www.etoday.co.kr/news/view/2628983,https://www.etoday.co.kr/news/view/2628983,"Wed, 23 Sep 2026 10:04:00 +0900",2026-09-23 10:20:35
리츠/부동산,부동산 시장,국민연금 부동산 투자 ‘급제동’…1.2조 신규 출자 차질,이후 국내 투자 전략과 운용사 풀을 넓히면서 고금리와 거래 침체로 위축된 부동산 시장에 다시 자금을 공급하기 시작했다. 국민연금의 출자가 늦어지면 시장에 미치는 영향은 단순히 출자액 규모에 그치지 않는다.... ,https://www.hankyung.com/article/202609221334r,https://n.news.naver.com/mnews/article/015/0005335535?sid=101,"Wed, 23 Sep 2026 09:56:00 +0900",2026-09-23 10:20:35
리츠/부동산,부동산 시장,'부동산 멘토'도 등 돌렸는데…대통령만 집값 폭락론 고집하는 것 아닌...,"집값 폭락론을 주장했던 전문가들은 “집값 폭락은 시간문제&quot;, &quot;지금 사면 상상 못 할 고통이 따라온다&quot;며 말해 ‘부동산시장의 예언자’ ‘부동산 시장의 진정한 전문가’라는 소리까지 들었다. 그랬던 부동산 멘토들도... ",https://realty.chosun.com/site/data/html_dir/2026/09/23/2026092300947.html,https://realty.chosun.com/site/data/html_dir/2026/09/23/2026092300947.html,"Wed, 23 Sep 2026 09:52:00 +0900",2026-09-23 10:20:35
리츠/부동산,부동산 시장,비트코인 1억1500만원대…ETF 자금 몰리자 반등 기대감 '쑥'[코인브리핑...,해외 부동산 거래와 예측시장 플랫폼과의 재무·자문 관계 등도 함께 거론했다. 커티스 의원은 이 같은 사업 관계가 대통령 가족에 대한 국내외 이해관계자의 접근이나 특혜로 이어질 가능성이 있는지 규명해야 한다고... ,https://www.news1.kr/world/usa-canada/6299941,https://n.news.naver.com/mnews/article/421/0009188121?sid=104,"Wed, 23 Sep 2026 09:51:00 +0900",2026-09-23 10:20:35
리츠/부동산,부동산 시장,"&quot;외국인 관광객 찾는 을지로 '호텔더보타닉', 코엑스 집코노미 박람회에...","올해로 12회째인 집코노미 박람회는 ‘기로에 선 부동산시장, 내 집 마련 전략은’을 주제로 오는 30일부터 10월 1일까지 이틀간 삼성동 코엑스 D홀에서 열린다. 관람 시간은 오전 10시부터 오후 5시까지다. 국내 최대... ",https://www.hankyung.com/article/202609221613i,https://n.news.naver.com/mnews/article/015/0005335533?sid=101,"Wed, 23 Sep 2026 09:50:00 +0900",2026-09-23 10:20:35
리츠/부동산,부동산 시장,"홈플릭스, 집코노미 박람회서 ‘아우름 레지던스 삼전’ 선보여…&quot;도심...","올해로 12회째를 맞는 이번 행사는 ‘기로에 선 부동산시장, 내 집 마련 전략은’을 주제로 주요 분양 단지와 새로운 주거 서비스를 선보인다. 아우름 레지던스 삼전은 준공된 오피스텔을 시니어 친화적인 공간으로... ",https://www.hankyung.com/article/202609232772i,https://n.news.naver.com/mnews/article/015/0005335529?sid=101,"Wed, 23 Sep 2026 09:44:00 +0900",2026-09-23 10:20:35
리츠/부동산,부동산 시장,[팩트체크] &quot;거래완료 매물 117만 건=허위매물 범람?&quot;…세 가지 '통계 착...,"부동산 중개 시장은 '전속 중개' 제도가 정착되지 않았고, 한 매물을 여러 중개사무소가 동시에 광고하는 '공동 중개' 관행이 보편화 돼 있어, 계약을 성사시킨 중개사 외에는 거래 완료 사실을 즉시 알기 어렵다. 국토부... ",http://www.rightknow.co.kr/news/articleView.html?idxno=34794,http://www.rightknow.co.kr/news/articleView.html?idxno=34794,"Wed, 23 Sep 2026 09:32:00 +0900",2026-09-23 10:20:35
리츠/부동산,부동산 시장,“집값 기대 여전한데 소비심리까지 반등”…서울 주택가격 전망 133 찍...,반면 부동산 시장을 바라보는 심리는 여전히 강했다. 주택가격전망지수는 125로 전월과 같은 수준을 유지했다. 특히 서울 지역의 주택가격 전망지수는 133으로 전국 평균을 웃돌았다. 수도권 아파트 가격 상승세가... ,https://www.mk.co.kr/article/12160003,https://n.news.naver.com/mnews/article/009/0005739323?sid=101,"Wed, 23 Sep 2026 09:12:00 +0900",2026-09-23 10:20:35
리츠/부동산,부동산 시장,"8억 VS 16억, 아버지가 남긴 아파트값은 [세금, 그 후]",김 씨는 동작세무서가 제시한 2021년 9월과 자신이 상속받은 2023년 8월 사이에 부동산 시장이 급변했다고 판단했다. 김 씨는 “약 1년 11개월의 기간 동안 급격한 가격변동이 있었다”며 “아파트 공시가격이... ,https://www.edaily.co.kr/News/Read?newsId=02715846645583072&mediaCodeNo=257&utm_source=naver&utm_medium=referral&utm_campaign=news_syndication&utm_content=original_article,https://n.news.naver.com/mnews/article/018/0006374767?sid=101,"Wed, 23 Sep 2026 09:02:00 +0900",2026-09-23 10:20:35
리츠/부동산,부동산 시장,[윤준의 부동산수첩] 대출을 막아도 집값은 다른 방향으로 올라간다,"[제미나이 생성] 지금 부동산시장은 가격만 오르는 국면이 아니다. 세금과 대출, 거래와 심리가 동시에 뒤틀리면서 살 수 있는 사람과 밀려나는 사람이 갈리는 국면이다. 규제는 수요를 없애지 못한다. 대출에 의존하는... ",https://www.nbntv.kr/news/articleView.html?idxno=340834,https://www.nbntv.kr/news/articleView.html?idxno=340834,"Wed, 23 Sep 2026 09:00:00 +0900",2026-09-23 10:20:35
리츠/부동산,부동산 시장,속초 대단지 배후수요 품었다…‘더샵 속초프라임뷰’ 2억 원대 상가 공...,﻿더샵 속초프라임뷰 단지 상가 18개 호실 공급 2억 원대부터 선착순 수의계약 지이코노미 양하영 기자 | 관광객 중심으로 형성돼 온 속초 상업용 부동산 시장에 ‘고정 배후수요’가 새로운 경쟁력으로 떠오르고 있다.... ,https://www.geconomy.co.kr/news/article.html?no=323889,https://www.geconomy.co.kr/news/article.html?no=323889,"Wed, 23 Sep 2026 09:00:00 +0900",2026-09-23 10:20:35
리츠/부동산,부동산 시장,&quot;지역발전 명운&quot;… 제5차 국가철도망 구축계획 반영에 전국 지자체 총력...,"■ 철도망 확충 기대감 쏠린 수혜 지역, 신규분양 주목 전문가들은 제5차 국가철도망 구축계획이 최종 확정되면, 노선 반영 여부에 따라 각 지역의 부동산 시장에 미치는 파급 효과가 상당할 것으로 내다보고 있다.... ",http://www.ikld.kr/news/articleView.html?idxno=341272,http://www.ikld.kr/news/articleView.html?idxno=341272,"Wed, 23 Sep 2026 08:54:00 +0900",2026-09-23 10:20:35
리츠/부동산,부동산 시장,‘닥치고 공급’은 주거 불평등 심화… ‘내 집’ 없어도 안심하도록,"부동산 시장을 규율하려는 조처는 후퇴하는 반면, “닥치고 공급”만 남고 정작 세입자의 권리를 직접 확대하는 정책은 보이지 않는다. 세입자 권리 확대 정책이 안 보인다 이재명 정부는 ‘망국적인 부동산 투기’를... ",https://h21.hani.co.kr/arti/society/society_general/59910.html,https://n.news.naver.com/mnews/article/036/0000054223?sid=102,"Wed, 23 Sep 2026 08:46:00 +0900",2026-09-23 10:20:35
리츠/부동산,상업용 부동산,"LA시, 저렴한 주택에 4억6,700만 달러 투입…‘맨션세’ 논란 속 역대 최...","Measure ULA는 2022년 LA 유권자들의 승인을 받아 2023년 4월 시행됐으며, 일정 금액 이상의 부동산 거래에... ‘맨션세’라는 이름과 달리 고급 단독주택뿐 아니라 일정 금액을 넘는 아파트와 상업용 건물 등의... ",https://www.radiokorea.com/news/article.php?uid=504881,https://www.radiokorea.com/news/article.php?uid=504881,"Wed, 23 Sep 2026 07:00:00 +0900",2026-09-23 10:20:36
리츠/부동산,상업용 부동산,[김용남의 글로벌 부동산] 일본 기준금리 1.25%… 중소형빌딩 얼마에 사...,"부동산학 박사(PhD)로서 CCIM·FRICS·CPM·SIOR 등 국제 공인 자격을 보유하고 있으며, CCIM Institute Region 13(한국·일본·대만 총괄) 차기 회장(2028년 취임 예정)으로 선출돼 국제 무대에서도 한국 상업용 부동산 산업의 위상을... ",https://www.newspim.com/news/view/20260922000330,https://www.newspim.com/news/view/20260922000330,"Wed, 23 Sep 2026 07:00:00 +0900",2026-09-23 10:20:36
리츠/부동산,상업용 부동산,[증권사 NCR 규제 후폭풍]부동산 NCR 규제 시행에 증권사 PF 공급 급감,"금융당국이 증권사의 부동산 영업용순자본비율(NCR) 위험값 적용을 강화한 영향인데, 상업용 부동산 개발 시장을 중심으로 자금난 우려가 커지고 있다. 22일 한국신용평가와 증권업계에 따르면 지난 7월과 8월... ",https://www.dnews.co.kr/uhtml/view.jsp?idxno=202609211253533120927,https://www.dnews.co.kr/uhtml/view.jsp?idxno=202609211253533120927,"Wed, 23 Sep 2026 06:42:00 +0900",2026-09-23 10:20:36
리츠/부동산,상업용 부동산,도심 가까이 들어오는 ‘엣지 데이터센터’…주민 반발은 과제,"국내 최초 상업용 엣지 데이터센터로 2028년 하반기 준공을 목표로 한다. 대지면적 약 1385㎡, 연면적 약 9733㎡ 규모로 조성되며, 부동산 전문 운용사 마스턴투자운용이 개발에 참여해 여의도 금융사 등을 주요 수요처로... ",https://www.kukinews.com/article/view/kuk202609220194,https://www.kukinews.com/article/view/kuk202609220194,"Wed, 23 Sep 2026 06:04:00 +0900",2026-09-23 10:20:36
리츠/부동산,상업용 부동산,"[중국 특징주] 양광주식, 4650억 규모 서버 구매...총자산의 51%","회사는 일찍부터 상업용 부동산 프로젝트의 보유·개발·임대·운영에 주력했으며 고급 주택과 호텔, 오피스빌딩, 도시복합체 등의 개발 및 운영 사업에도 진출했다. 이후 상업용 부동산의 보유·임대 및 운영관리... ",https://www.newspim.com/news/view/20260923000014,https://www.newspim.com/news/view/20260923000014,"Wed, 23 Sep 2026 00:32:00 +0900",2026-09-23 10:20:36
리츠/부동산,상업용 부동산,“다이소 쇼핑백 들고 강남까지 가시게요?”…명동·홍대로 진출한 피부...,"상업용 부동산 시장에서는 피부과·성형외과를 리테일 성격이 강한 임차인으로 본다. 고객이 직접 찾아와 돈을 쓰고, 매출 역시 입지와 상권 유동인구의 영향을 크게 받기 때문이다. 병의원 비중이 높은 건물은... ",https://www.mk.co.kr/article/12159843,https://n.news.naver.com/mnews/article/009/0005739257?sid=101,"Tue, 22 Sep 2026 22:07:00 +0900",2026-09-23 10:20:36
리츠/부동산,상업용 부동산,"‘법정관리’ 제이알글로벌리츠, 감사의견 ‘거절’에 상장폐지 위기",벨기에 브뤼셀 파이낸스타워와 미국 뉴욕 맨해튼 상업용 빌딩 등에 투자하는 해외 부동산 전문 리츠인 제이알글로벌리츠는 지난 2020년 상장했다. 최근 자금난이 심화되면서 지난 4월 27일 서울회생법원에 법정관리를... ,https://biz.chosun.com/stock/stock_general/2026/09/22/WZPR77AWXBD55CGDVXHWFUVYOU/?utm_source=naver&utm_medium=original&utm_campaign=biz,https://n.news.naver.com/mnews/article/366/0001194046?sid=101,"Tue, 22 Sep 2026 21:03:00 +0900",2026-09-23 10:20:36
리츠/부동산,상업용 부동산,"[인도 특징주] 印 2위 페인트 기업 버거 페인트 인디아, 경쟁 압력 속 사...","시장조사기관 IMARC 그룹에 따르면, 인도 페인트 산업은 도시화, 가처분 소득 증가, 전국적인 상업용 및 주거용 부동산 성장에 힘입어 2030년까지 약 5% 성장한 118억 달러 규모에 이를 것으로 예상된다. 그러나... ",https://www.newspim.com/news/view/20260922001185,https://www.newspim.com/news/view/20260922001185,"Tue, 22 Sep 2026 17:56:00 +0900",2026-09-23 10:20:36
리츠/부동산,상업용 부동산,&quot;피부과 환영&quot;… 홍대·명동 빌딩 '층별 공식' 바뀐다,"상업용 부동산 시장에서는 피부과·성형외과를 리테일 성격이 강한 임차인으로 본다. 고객이 직접 찾아와 돈을 쓰고, 매출 역시 입지와 상권 유동인구의 영향을 크게 받기 때문이다. 병의원 비중이 높은 건물은 업계에서... ",https://www.mk.co.kr/article/12159559,https://n.news.naver.com/mnews/article/009/0005739104?sid=101,"Tue, 22 Sep 2026 17:22:00 +0900",2026-09-23 10:20:36
리츠/부동산,상업용 부동산,해수부·HMM 부산행…부산역 ‘비스퀘어’ 매각 주목,22일 상업용 부동산업계에 따르면 이지스자산운용은 부산광역시 동구 중앙대로 222에 위치한 비스퀘어 매각을 추진하고 있다. 매각 주관은 알스퀘어와 NAI코리아 컨소시엄이 맡았다. 비스퀘어는 지하 3층~지상 14층 규모의... ,https://dealsite.co.kr/articles/169504,https://dealsite.co.kr/articles/169504,"Tue, 22 Sep 2026 16:04:00 +0900",2026-09-23 10:20:36
리츠/부동산,상업용 부동산,PF 숨통 트였지만 양극화 여전…수도권·데이터센터에 돈 몰린다,"이억원 금융위원회 위원장이 지난달 13일 서울 종로구 정부서울청사에서 주택 신속공급 방안과 부동산... 데이터센터에너지효율협회는 국내 상업용 데이터센터가 2024년 약 45개, 700MW에서 2027년 74개, 1850MW로 늘어날... ",http://www.opinionnews.co.kr/news/articleView.html?idxno=144795,http://www.opinionnews.co.kr/news/articleView.html?idxno=144795,"Tue, 22 Sep 2026 14:52:00 +0900",2026-09-23 10:20:36
리츠/부동산,상업용 부동산,부산역 오피스 '비스퀘어' 매각…해수부·HMM 이전에 북항 가치 재조명,22일 상업용 부동산 업계에 따르면 이지스자산운용이 보유한 부산 동구 중앙대로 222 소재 비스퀘어 매각을 알스퀘어-NAI코리아 컨소시엄이 주관하고 있다. 비스퀘어는 지하 3층~지상 14층 규모의 업무시설로 대지면적 1900.... ,https://www.wolyo.co.kr/news/articleView.html?idxno=318175,https://www.wolyo.co.kr/news/articleView.html?idxno=318175,"Tue, 22 Sep 2026 14:32:00 +0900",2026-09-23 10:20:36
리츠/부동산,상업용 부동산,"신영에셋, 수도권 물류센터 리포트 발간… “공급절벽 속 기존 우량자산...","매입·매각까지 이어지는 신영그룹의 ‘원스톱 밸류체인’ 전략을 강화하고 있다. 신영에셋의 누적 임대차 실적은 512건으로, 데이터 기반 자문과 그룹의 개발 역량을 결합해 상업용 부동산 사업을 확대한다는 계획이다.",https://www.viva100.com/article/20260922500695,https://www.viva100.com/article/20260922500695,"Tue, 22 Sep 2026 13:34:00 +0900",2026-09-23 10:20:36
리츠/부동산,상업용 부동산,2026 중간선거 후보들… 중앙일보가 지지합니다,"실리콘밸리 테크업계에서 약 20년간 일한 뒤 상업용 부동산업에 종사했으며, 현재 아케디아교육재단(AEF) 회장을 맡고 있습니다. 다운타운 아케디아 개선협회 이사·재무담당과 음력설 축제 위원장을 맡는 등 지역사회... ",https://www.koreadaily.com/article/20260921211915256,https://www.koreadaily.com/article/20260921211915256,"Tue, 22 Sep 2026 13:20:00 +0900",2026-09-23 10:20:36
리츠/부동산,상업용 부동산,"쿠시먼앤드웨이크필드 코리아, 롯데물산과 업무협약","쿠시먼앤드웨이크필드는 자산관리와 임대자문, 투자자문 등을 포함한 상업용 부동산 서비스를 제공하고 있다. 회사 측에 따르면 전 세계 약 60개국, 350여 개 오피스에서 약 5만3000명의 인력이 근무하고 있으며 2025년... ",http://www.ktnews.com/news/articleView.html?idxno=148782,http://www.ktnews.com/news/articleView.html?idxno=148782,"Tue, 22 Sep 2026 13:12:00 +0900",2026-09-23 10:20:36
리츠/부동산,상업용 부동산,[2026 국감] ⑤금융사고·내부통제로 불려올 은행장은…기업은행·신한...,"특히 수도권 상업용 부동산을 둘러싼 대출사기는 은행과 상호금융권에서 136건, 1091억1000만원 규모로 파악됐다. 은행권에서는 IBK기업은행 182억2100만원, 신한은행 173억4355만원, 우리은행 98억7000만원, KB국민은행... ",https://www.newsworker.co.kr/news/articleView.html?idxno=505557,https://www.newsworker.co.kr/news/articleView.html?idxno=505557,"Tue, 22 Sep 2026 11:50:00 +0900",2026-09-23 10:20:36
리츠/부동산,상업용 부동산,"[지주 신탁사 점검] KB부동산신탁, 자본 보강에도 부담 여전…'회수·Ex...",신탁사가 투입한 자금을 회수하려면 보유 신탁자산 매각이 뒤따라야 하지만 물류센터 등 상업용 부동산 거래가 원활하지 않아 회수에 시간이 걸릴 수 있다. 신탁계정대에 대한 대손충당금 증가 역시 기존 사업장의... ,https://www.ebn.co.kr/news/articleView.html?idxno=1725285,https://www.ebn.co.kr/news/articleView.html?idxno=1725285,"Tue, 22 Sep 2026 11:20:00 +0900",2026-09-23 10:20:36
리츠/부동산,상업용 부동산,"&quot;관광객만 바라보는 상가는 옛말&quot;…속초 1,024세대 품은 신축 상가 나온...",최근 강원 속초시의 상업용 부동산 트렌드가 관광객 위주에서 '고정 배후수요' 중심으로 재편되는 양상이다. 부동산업계 일각에서는 &quot;관광객만 바라보는 상가는 옛말&quot;이라는 평가도 나온다. 장기화된 경기 불확실성과... ,https://www.ksilbo.co.kr/news/articleView.html?idxno=1068024,https://www.ksilbo.co.kr/news/articleView.html?idxno=1068024,"Tue, 22 Sep 2026 11:14:00 +0900",2026-09-23 10:20:36
리츠/부동산,상업용 부동산,&quot;경매에 러닝을 더하다&quot; 모세컴퍼니 대표 투자N 인터뷰,"이미 부동산을 보유했거나 투자할 자금은 있지만 시간이 부족한 분들과 주택·상업용 부동산·개발·NPL 등을 폭넓게 살펴볼 예정입니다. Q. 저서 소개 부탁드립니다. 경매 입문부터 실전, 내 집 마련까지 이어지는 세 권의... ",https://www.lecturernews.com/news/articleView.html?idxno=210987,https://www.lecturernews.com/news/articleView.html?idxno=210987,"Tue, 22 Sep 2026 11:12:00 +0900",2026-09-23 10:20:36
건설/인프라,건설 주가,"대우건설 주가, 9월 23일 장중 17,650원 6.12% 하락","현재 대우건설 주가는 17,650원으로 지난 종가 18,800원 대비 1,150원 하락하며 6.12%의 등락률을 기록했다. 주가는 시가 18,800원에서 출발, 고가는 18,800원, 저가는 17,600원이었다. 현재가는 17,650원으로 저가 17... ",https://www.topstarnews.net/news/articleView.html?idxno=16208303,https://www.topstarnews.net/news/articleView.html?idxno=16208303,"Wed, 23 Sep 2026 10:08:00 +0900",2026-09-23 10:20:37
건설/인프라,건설 주가,"[특징주] 토마토시스템, 美 보험사업 승인에 3거래일 연속 상한가…주가...","미국 메디케어 보험사업 승인에 이어 대우건설 시스템 전환 사업 완료 소식까지 전해지며 강세가... 토마토시스템 주가는 지난 18일 1962원에서 21일 2550원, 22일 3315원으로 오른 데 이어 이날 4305원까지 상승했다.... ",https://www.newspim.com/news/view/20260923000277,https://www.newspim.com/news/view/20260923000277,"Wed, 23 Sep 2026 09:49:00 +0900",2026-09-23 10:20:37
건설/인프라,건설 주가,"SK증권, 삼성물산 실적 회복세 주목...주당배당금 8,550원 전망","목표주가 55만원과 투자의견 '매수'를 재확인했다. 최관순 연구원은 삼성물산의 올해 매출이 전년대를 12.3% 뛰어넘을 45조8천억원, 영업이익은 15.1% 상승한 3조8천억원에 이를 것으로 관측했다. 특히 건설 부문이 실적... ",https://www.ppss.kr/news/articleView.html?idxno=312240,https://www.ppss.kr/news/articleView.html?idxno=312240,"Wed, 23 Sep 2026 09:22:00 +0900",2026-09-23 10:20:37
건설/인프라,건설 주가,KB證 &quot;대미투자 2호 '대형 원전' 전망…두산에너빌·한전기술 주목&quot;,"만큼 주가 변동성은 클 수 있다&quot;면서도 &quot;한국이 참여하는 미국 원전 프로젝트의 시작 시점이 가까워지고 있다는 점을 감안하면 두산에너빌리티, 한전기술, 현대건설 등 국내 원전 관련 기업 전반에 대한 관심이 유효한... ",https://www.news1.kr/finance/general-stock/6299742,https://n.news.naver.com/mnews/article/421/0009187948?sid=101,"Wed, 23 Sep 2026 09:05:00 +0900",2026-09-23 10:20:37
건설/인프라,인프라 산업,"카카오, ‘원화 스테이블코인’ 글로벌 영토 확장…그랩·교보 등 연합...",금융 산업을 잇는 전방위적 파트너십 구축 현황을 공개했다. 카카오그룹은 원화 스테이블코인의 활용... 지난 7월 글로벌 스테이블코인 발행사 서클과 손잡은 데 이어 지난 22일에는 블록체인 인프라 기업... ,https://www.dt.co.kr/article/12085600?ref=naver,https://n.news.naver.com/mnews/article/029/0003049634?sid=101,"Wed, 23 Sep 2026 10:17:00 +0900",2026-09-23 10:20:37
건설/인프라,인프라 산업,"코리아요리아트아카데미 인천지점 바리스타 김경섭 학과장, '2026 카누 바...","이를 커피에 접목해, 빠르게 변화하는 커피 산업에서 '바리스타가 커피 한 잔에 담아 고객이라는 목적까지... 이 같은 탄탄한 교육 인프라를 바탕으로 코리아요리학원은 수강생을 지도하는 강사진의 연구 활동과... ",https://www.lecturernews.com/news/articleView.html?idxno=211043,https://www.lecturernews.com/news/articleView.html?idxno=211043,"Wed, 23 Sep 2026 10:14:00 +0900",2026-09-23 10:20:37
건설/인프라,인프라 산업,대구 두류공원 2만석 규모 스포츠·공연 복합 돔구장 조성,"추 시장은 &quot;돔구장 건립은 지역 스포츠·공연 인프라의 한계를 극복하고, 고부가 일자리 창출과 관광산업 활성화로 지역 경제에 새로운 활력을 불어넣는 계기가 될 것이다&quot;고 강조했다. 그러면서 &quot;민선 9기 공약사항의... ",https://www.fnnews.com/news/202609230908329869,https://n.news.naver.com/mnews/article/014/0005580178?sid=102,"Wed, 23 Sep 2026 10:14:00 +0900",2026-09-23 10:20:37
건설/인프라,건설 수주,"1조1000억원 목동8단지 재건축, 대우건설만 입찰... 수의계약 가능성 커...",커졌으며 목동13단지 역시 1차 시공사 입찰에 삼성물산만 참여했다.목동8단지까지 같은 흐름이 이어지면서 대규모 재건축 물량이 잇따르는 목동에서 건설사들이 사업장별로 선별 수주에 나서는 양상이 뚜렷해지고 있다.,https://www.insight.co.kr/news/574968,https://www.insight.co.kr/news/574968,"Wed, 23 Sep 2026 10:04:00 +0900",2026-09-23 10:20:38
건설/인프라,건설 수주,9월 재개발·재건축 시공자 선정 동향(2026.9.7.~2026.10.4.),"대다수의 현장이 수의계약으로 시공자를 선정한 가운데, 현대건설은 대형 사업지 3곳을 한 번에 수주하며 누적 수주액 10조 원을 넘어섰다. 지난 12일 전국 6곳의 현장에서 총회를 열고 시공자 선정을 마무리했다.... ",https://www.housingherald.co.kr/news/articleView.html?idxno=62988,https://www.housingherald.co.kr/news/articleView.html?idxno=62988,"Wed, 23 Sep 2026 10:00:00 +0900",2026-09-23 10:20:38
건설/인프라,건설 수주,"현대건설, 부산 감천2구역 재개발 8828억원 수주",포쓰저널 이현민 기자 사진=현대건설 현대건설이 부산 사하구 감천2구역 주택재개발정비사업을 8800억원대에 수주했다. 현대건설은 감천2구역 주택재개발정비사업조합과 8828억2400만원 규모의 공사 계약을... ,http://www.4th.kr/news/articleView.html?idxno=2118602,http://www.4th.kr/news/articleView.html?idxno=2118602,"Wed, 23 Sep 2026 09:30:00 +0900",2026-09-23 10:20:38
건설/인프라,건설 수주,"현대로템, 대만 타오위안 철도 또 뚫었다... 세 번째 도시철도 사업 수...","사업을 수주했다.그린라인 연장선은 타오위안 바더 지역에서 중리 남부를 거쳐 중리역까지 이어지는 총 7.2㎞ 구간이다. 5개 역이 새로 들어서며 이 가운데 1곳은 지상, 나머지 4곳은 지하에 건설된다. 사업은 올해... ",https://www.insight.co.kr/news/574936,https://www.insight.co.kr/news/574936,"Wed, 23 Sep 2026 09:28:00 +0900",2026-09-23 10:20:38
건설/인프라,건설 수주,롯데바이오 &quot;'11월 GMP Ready' 이상 無&quot;…송도 CDMO 경쟁 시동,"반면, 롯데바이오로직스의 국내 생산능력은 향후 추가 건설할 송도 제2·3공장을 고려하더라도 36만ℓ 수준으로 집계된다. 특히 글로벌 제약사를 대상으로 축적한 수주 실적과 고객 신뢰도가 중요한 CDMO 업계에서는... ",https://view.asiae.co.kr/article/2026092207275643128,https://n.news.naver.com/mnews/article/277/0005820336?sid=101,"Wed, 23 Sep 2026 09:22:00 +0900",2026-09-23 10:20:38
건설/인프라,건설 수주,목동 스카이라인 바뀐다…9·13단지 '49층 재건축' 문턱 넘어,서울시 통합심의 통과…총 7810가구 재건축 삼성물산·GS건설 관심…건설사 수주전 본격화  서울 양천구 목동9단지와 13단지가 6단지에 이어 최고 49층 재건축 문턱을 넘어섰다. 서울시 정비사업 통합심의를... ,https://www.theguru.co.kr/news/article.html?no=107505,https://www.theguru.co.kr/news/article.html?no=107505,"Wed, 23 Sep 2026 09:02:00 +0900",2026-09-23 10:20:38
건설/인프라,건설 수주,"공급은 속도전, 세제는 브레이크...엇박자 부동산 정책[기자수첩]",수주 여부를 다시 저울질해야 한다. 정부가 아무리 인허가 기간을 줄인다 해도 사업 주체들이 '지금 결정해도 되는지' 확신하지 못하면 속도는 나지 않는다. 특히 타격을 받는 건 자금 여력이 부족한 중소·중견 건설사와... ,https://www.newsway.co.kr/news/view?ud=2026092308515266870,https://www.newsway.co.kr/news/view?ud=2026092308515266870,"Wed, 23 Sep 2026 09:00:00 +0900",2026-09-23 10:20:38
음식료/식품,식품 주가,&quot;상어 보자&quot; 바글바글 몰려…매출 800% '껑충' 편의점서 불티나게 팔린...,"상어를 직접 촬영하려는 방문객이 몰리면서 보조배터리와 완구, 즉석조리식품 등 현장 소비도 덩달아... 부산 넘어 전국으로…주가까지 들썩 상어 특수는 부산에만 그치지 않았다. 같은 기간 전국 CU에서도 죠스바... ",https://view.asiae.co.kr/article/2026092309363539961,https://n.news.naver.com/mnews/article/277/0005820353?sid=101,"Wed, 23 Sep 2026 09:43:00 +0900",2026-09-23 10:20:39
음식료/식품,식품 주가,"[모닝 리포트] CJ, 3분기 실적 반등 기대…자사주 소각이 재평가 열쇠","축소와 주가 재평가가 가능하다는 분석이다. 박종렬 흥국증권 연구원은 23일 리포트에서 CJ에 대한... CJ는 식품, 생명공학, 신유통, 엔터테인먼트·미디어 등 소비 경기에 민감한 사업 포트폴리오를 갖추고 있다.... ",https://www.newspim.com/news/view/20260923000139,https://www.newspim.com/news/view/20260923000139,"Wed, 23 Sep 2026 08:59:00 +0900",2026-09-23 10:20:39
음식료/식품,식품 주가,"상상인증권 &quot;대원제약, 건기식이 성장 견인…화장품 정상화가 관건&quot;",건강기능식품 사업의 고성장이 이어지고 있지만 의약품 부문 성장 정체와 자회사 화장품 사업 부진으로 단기 수익성 개선 폭은 제한적일 것으로 전망했다. 투자의견 ‘매수’와 목표주가 1만4000원을 유지했다.... ,https://www.etoday.co.kr/news/view/2628889,https://www.etoday.co.kr/news/view/2628889,"Wed, 23 Sep 2026 08:48:00 +0900",2026-09-23 10:20:39
음식료/식품,식품 주가,"대원제약, 건기식 매출 1000억 전망…“화장품 적자 축소가 수익성 변수...",대원제약(003220)의 건강기능식품 사업이 빠르게 성장하는 가운데 자회사 화장품 사업의 적자가 연결 수익성... 투자의견 ‘매수’와 목표주가 1만 4000원은 유지했다. 전날 종가 7810원과 비교한 상승 여력은 79.3%다. 매출... ,https://www.sedaily.com/article/20094295?ref=naver,https://n.news.naver.com/mnews/article/011/0004664821?sid=101,"Wed, 23 Sep 2026 08:34:00 +0900",2026-09-23 10:20:39
음식료/식품,식품 주가,FDA 23일 그레일 '갤러리' 판매전 승인(PMA) 심의,미국 식품의약국(FDA) 검토진이 23일(현지시각) 바이오기업 그레일의 다중암 혈액검사 '갤러리(Galleri)' 외부... 그레일 주가는 34% 급등했고 이날도 0.51% 상승했다. 종가는 108.52달러였다. 그레일 주가는 올해 2월 이후 20... ,https://www.g-enews.com/view.php?ud=202609222259056223fda4f5ab74_1,https://www.g-enews.com/view.php?ud=202609222259056223fda4f5ab74_1,"Wed, 23 Sep 2026 08:14:00 +0900",2026-09-23 10:20:39
음식료/식품,식품 주가,美 현지 주목에 스카이랩스 ‘上’…오름테라퓨틱은 연속 하락[바이오 ...,"스카이랩스는 반지형 혈압계를 만드는 디지털 헬스케어 기업으로, 미국 식품의약국(FDA) 승인을... 브리스톨마이어스스큅(BMS)과의 신약 개발 협업이 중단된 오름테라퓨틱(475830)은 주가가 연이어 하락했다. BMS가... ",https://www.edaily.co.kr/News/Read?newsId=02525606645583072&mediaCodeNo=257&utm_source=naver&utm_medium=referral&utm_campaign=news_syndication&utm_content=original_article,https://n.news.naver.com/mnews/article/018/0006374722?sid=105,"Wed, 23 Sep 2026 08:02:00 +0900",2026-09-23 10:20:39
음식료/식품,식품 주가,[미국주식] 피터 린치 스타일 중소형주 10선,"주가가 기업의 이익 성장세에 비해 과도하게 평가되지 않았는지, 그리고 재무적으로 신뢰할 수 있는지를... ⑧ 마제티(MZTI) 마제티는 미국 오하이오주에 본사를 둔 식품 제조·마케팅 기업으로, 각종 샐러드 드레싱, 소스... ",https://www.itooza.com/common/iview.php?no=2026092210573587802,https://www.itooza.com/common/iview.php?no=2026092210573587802,"Wed, 23 Sep 2026 07:00:00 +0900",2026-09-23 10:20:39
음식료/식품,식품 주가,[GAM] 그레일 ① FDA 자문위 앞두고 브리핑 문서 공개에 34% 급등,주가 급등의 직접적 계기는 미국 식품의약국(FDA)이 이날 공개한 자문위원회 브리핑 문서였다. FDA 의료기기 자문위원회 산하 분자·임상유전학 패널은 오는 23일 미국 메릴랜드주 실버스프링 화이트오크 캠퍼스에서... ,https://www.newspim.com/news/view/20260923000035,https://www.newspim.com/news/view/20260923000035,"Wed, 23 Sep 2026 01:32:00 +0900",2026-09-23 10:20:39
음식료/식품,식품 주가,삼성이 찜했다더니…하루 만에 '34%' 폭등한 회사,"다중 암 조기진단 검사 '갤러리'에 대한 미국 식품의약국(FDA)의 긍정적인 심사 결과가 나오면서, 이를 개발한 미국 암 진단기업 그레일의 주가가 하루 만에 34% 가까이 폭등했다. 22일 한국경제신문에 따르면 그레일... ",http://www.wowtv.co.kr/NewsCenter/News/Read?articleId=A202609220216&t=NN,https://n.news.naver.com/mnews/article/215/0001266936?sid=101,"Tue, 22 Sep 2026 20:28:00 +0900",2026-09-23 10:20:39
음식료/식품,식품 주가,"[올댓차이나] 홍콩 증시, 중동 정세 완화 기대에 사흘째 상승 마감… H주...","대형 기술주와 금융주는 종목별로 엇갈리고 택배주와 인공지능(AI) 관련주, 부동산주가 약세를 면치... 90%, 식품주 캉스푸 2.48%, 식육가공주 완저우 국제 1.80%, 유제품주 멍뉴유업 1.67%, 물류주 둥팡해외 국제 2.88... ",https://www.newsis.com/view/NISX20260922_0003801021,https://n.news.naver.com/mnews/article/003/0014209021?sid=104,"Tue, 22 Sep 2026 19:11:00 +0900",2026-09-23 10:20:39
음식료/식품,식품 주가,"삼성이 투자한 그레일, 하루만에 34% 폭등",삼성전자와 삼성물산이 투자한 미국 암 진단기업 그레일 주가가 하루 만에 34% 가까이 뛰었다. 한 번의 채혈로 50종이 넘는 암을 찾아내는 다중 암 조기진단 검사 갤러리의 미국 식품의약국(FDA) 허가에 청신호가... ,https://www.hankyung.com/article/2026092217141,https://n.news.naver.com/mnews/article/015/0005335339?sid=101,"Tue, 22 Sep 2026 18:03:00 +0900",2026-09-23 10:20:39
음식료/식품,식품 주가,"[HIT알공] 13년만에 사라지는 동아쏘시오, 동아제약 체제 닻올려","의약품 사업목적에 원료의약품 추가, 동물용 의약품 목적에 수출입 추가, 건강기능식품 제조·수출입... 발행가액 2085원, 기준주가 2316원 대비 10% 할인. 조달목적 운영자금 100억원. 배정대상 (주)... ",https://www.hitnews.co.kr/news/articleView.html?idxno=79362,https://www.hitnews.co.kr/news/articleView.html?idxno=79362,"Tue, 22 Sep 2026 18:02:00 +0900",2026-09-23 10:20:39
음식료/식품,식품 주가,'영업사원 과욕' 해명한 해태제과 … 허위 증빙 제출도 적발,본사 차원의 조직적 개입이나 상장 전후 주가 관리를 위한 행위라는 의혹은 부인했다. 이번 증선위 결정 뒤에도 회사는 같은 취지의 입장을 밝혔다. 해태제과식품 관계자는 &quot;이번 회계처리기준 위반에 대한 증선위... ,https://www.safetimes.co.kr/news/articleView.html?idxno=245933,https://www.safetimes.co.kr/news/articleView.html?idxno=245933,"Tue, 22 Sep 2026 17:30:00 +0900",2026-09-23 10:20:39
음식료/식품,식품 주가,BMS 임상 중단에 주가 '내리막'…오름테라퓨틱 DAC의 남은 쟁점은,"계약 종료 이후 오름테라퓨틱 주가는 급락세를 이어가고 있다. 공시 이후 연일 하한가에 근접하는... ORM-1153은 지난달 미국 식품의약국(FDA)으로부터 임상시험계획을 승인받았으며, 연내 미국에서 환자 투약을... ",https://www.newsway.co.kr/news/view?ud=2026092215254076460,https://www.newsway.co.kr/news/view?ud=2026092215254076460,"Tue, 22 Sep 2026 17:10:00 +0900",2026-09-23 10:20:39
음식료/식품,음식료 산업,개인 1.7조 던져도 기타법인·외인·기관 받았다…코스피 7100선 사수,"스탠더드앤드푸어스(S&amp;P)500지수와 다우존스30산업평균지수도 각각 1.49%, 0.71% 상승했다. 메타가 이달... 반면 음식료·담배는 1.51% 하락하고, 오락·문화(-1.23%), 보험(-0.92%), 화학(-0.90%), 제약(-0.84%) 등이... ",https://www.edaily.co.kr/News/Read?newsId=03676886645582744&mediaCodeNo=257&utm_source=naver&utm_medium=referral&utm_campaign=news_syndication&utm_content=original_article,https://n.news.naver.com/mnews/article/018/0006374325?sid=101,"Tue, 22 Sep 2026 13:38:00 +0900",2026-09-23 10:20:39
음식료/식품,음식료 산업,미 반도체 훈풍에 7100선 훌쩍…코스피 장중 1%대 강세,"다우존스30 산업평균지수와 스탠더드앤드푸어스(S&amp;P) 500지수도 각각 0.7%와 1.5% 오른 채 마감했다.... 보험(-1.03%), 음식료·담배(-0.98%), 오락·문화(-0.64%) 업종은 하락 중이다. 코스닥 지수도 0.8%대 상승…개인... ",https://www.jnilbo.com/news/articleView.html?idxno=90000067922,https://www.jnilbo.com/news/articleView.html?idxno=90000067922,"Tue, 22 Sep 2026 11:13:00 +0900",2026-09-23 10:20:39
음식료/식품,음식료 산업,"코스피, 장중 1%대 강세…상승 탄력은 다소 둔화","다우존스30 산업평균지수와 스탠더드앤드푸어스(S&amp;P) 500지수도 각각 0.7%와 1.5% 오른 채 마감했다.... 보험(-1.03%), 음식료·담배(-0.98%), 오락·문화(-0.64%) 업종은 하락 중이다. 같은 시각 코스닥 지수는 6.95포인트(0.... ",https://www.yna.co.kr/view/AKR20260922083300008?input=1195m,https://n.news.naver.com/mnews/article/001/0016328994?sid=101,"Tue, 22 Sep 2026 11:03:00 +0900",2026-09-23 10:20:39
음식료/식품,음식료 산업,"코스피 7,100선 급등…미국발 AI 훈풍에 반도체주 '쌍끌이'","스탠더드앤드푸어스(S&amp;P)500지수는 1.5%, 다우존스30산업평균지수는 0.7% 상승했다. 미국 증시에서는 AI 관련... 반면 음식료·담배는 0.57%, 오락·문화는 0.40%, 제약은 0.23% 하락했다. 삼성바이오로직스와 셀트리온을... ",https://www.ppss.kr/news/articleView.html?idxno=312044,https://www.ppss.kr/news/articleView.html?idxno=312044,"Tue, 22 Sep 2026 10:56:00 +0900",2026-09-23 10:20:39
음식료/식품,음식료 산업,"코스피, 미 증시 훈풍 힘입어 장 초반 2%대 오른 7,100대","다우존스30 산업평균지수와 스탠더드앤드푸어스(S&amp;P) 500지수도 각각 0.7%와 1.5% 오른 채 마감했습니다.... 음식료·담배(-0.57%)와 오락·문화(-0.40%), 제약(-0.23%) 업종은 상승장에서도 내리고 있습니다. 같은 시각... ",https://news.sbs.co.kr/news/endPage.do?news_id=N1008765348&plink=ORI&cooper=NAVER,https://n.news.naver.com/mnews/article/055/0001390270?sid=101,"Tue, 22 Sep 2026 10:13:00 +0900",2026-09-23 10:20:39
음식료/식품,음식료 산업,&quot;AI 다시 달아올랐다&quot; 코스피 2%대 상승…장중 7170선도 돌파,"다우존스30 산업평균지수와 스탠더드앤드푸어스(S&amp;P)500지수도 각각 0.7%, 1.5% 상승했다. 종목별로는... 음식료·담배(-0.57%), 오락·문화(-0.40%), 제약(-0.23%)은 상승장 속에서도 내리고 있다. 같은 시각... ",https://www.kado.net/news/articleView.html?idxno=2074339,https://n.news.naver.com/mnews/article/654/0000202010?sid=101,"Tue, 22 Sep 2026 09:53:00 +0900",2026-09-23 10:20:39
음식료/식품,음식료 산업,"28만전자·190만닉스 돌파...미국 반도체 랠리에 코스피, 7100선 뚫었다","산업 섹터에서는 증권이 4%대, 전기·전자와 제조, IT서비스가 2%대 강세다. 건설, 기계·장비, 금융이 1%대... 섬유·의류, 부동산, 제약, 오락·문화, 음식료·담배, 화학은 약보합을 나타냈다. 같은 시각 코스닥은 9.... ",https://www.mt.co.kr/stock/2026/09/22/2026092209353453897,https://n.news.naver.com/mnews/article/008/0005417134?sid=101,"Tue, 22 Sep 2026 09:45:00 +0900",2026-09-23 10:20:39
음식료/식품,음식료 산업,"코스피, 美증시 훈풍 힘입어 장 초반 2%대 오른 7,100대(종합)","다우존스30 산업평균지수와 스탠더드앤드푸어스(S&amp;P) 500지수도 각각 0.7%와 1.5% 오른 채 마감했다.... 음식료·담배(-0.57%)와 오락·문화(-0.40%), 제약(-0.23%) 업종은 상승장에서도 내리고 있다. 같은 시각 코스닥... ",https://www.yna.co.kr/view/AKR20260922038351008?input=1195m,https://n.news.naver.com/mnews/article/001/0016328515?sid=101,"Tue, 22 Sep 2026 09:29:00 +0900",2026-09-23 10:20:39
음식료/식품,음식료 산업,"[속보]삼전닉스 ‘쑥’…코스피, 9거래일 만 7100선 돌파","스탠더드앤드푸어스(S&amp;P)500지수는 1.49%, 다우존스30산업평균지수는 0.71% 각각 상승했다. 메타가 이달... 반면 음식료·담배(-0.32%)와 제약(-0.26%), 오락·문화(-0.04%) 등은 약세다. 시가총액 상위 종목 가운데... ",https://www.edaily.co.kr/News/Read?newsId=02788006645582744&mediaCodeNo=257&utm_source=naver&utm_medium=referral&utm_campaign=news_syndication&utm_content=original_article,https://n.news.naver.com/mnews/article/018/0006374104?sid=101,"Tue, 22 Sep 2026 09:04:00 +0900",2026-09-23 10:20:39
음식료/식품,음식료 산업,[굿모닝! 글로벌 뉴욕증시] AI 수요 신뢰 살아났다…AMD 1조달러 돌파·...,"업종별로는 기술장비, 소프트웨어·IT서비스, 경기관련 소비재, 소매, 은행·투자서비스, 산업서비스, 통신서비스 등이 상승했다. 반면 보험, 음식료, 운송, 유틸리티 등 일부 방어 업종은 약세를 보였다. 종목별로는... ",https://www.newsquest.co.kr/news/articleView.html?idxno=301403,https://www.newsquest.co.kr/news/articleView.html?idxno=301403,"Tue, 22 Sep 2026 08:16:00 +0900",2026-09-23 10:20:39
음식료/식품,음식료 산업,"안산시, 반월·시화국가산업단지서 환경정화 활동","경기 안산시가 시 승격 40주년을 맞아 반월·시화국가산업단지 일대에서 환경정화 활동을 벌였다고 21일... 반월·시화국가산단에는 음식료, 섬유의복, 비금속, 기계, 철강 등 약 1만여 개의 업체가 들어섰다.",https://www.news1.kr/local/gyeonggi/6297567,https://n.news.naver.com/mnews/article/421/0009183568?sid=102,"Mon, 21 Sep 2026 14:45:00 +0900",2026-09-23 10:20:39
음식료/식품,음식료 산업,"AI 올라탄 삼성·SK, 조선 잡은 HD현대…‘돈 되는 산업’이 그룹 운명 ...",◆석화·철강·배터리 의존 그룹 ‘체질 개선’ 시험대 반대로 기존 주력 산업의 구조적 부담을 안고 있는 그룹들은 사업 재편 압박이 커지고 있다. 롯데그룹은 음식료와 유통 사업의 안정성에도 불구하고 석유화학과... ,https://www.megaeconomy.co.kr/news/newsview.php?ncode=1065573470717084,https://www.megaeconomy.co.kr/news/newsview.php?ncode=1065573470717084,"Mon, 21 Sep 2026 09:42:00 +0900",2026-09-23 10:20:39
음식료/식품,음식료 산업,코스피 장 초반 1%대 강세…삼전 3%·SK하닉 1%대↑,"11%), 음식료·담배(-0.11%), 제약(-0.02%) 등은 약세다. 시가총액 상위 종목 중에선 삼성전기(3.75%), 삼성전자... 지난주 마지막 거래일 뉴욕증권거래소에서 다우존스30 산업평균지수는 0.18% 내렸으나... ",https://www.etoday.co.kr/news/view/2627799,https://www.etoday.co.kr/news/view/2627799,"Mon, 21 Sep 2026 09:16:00 +0900",2026-09-23 10:20:39
음식료/식품,음식료 산업,[굿모닝! 글로벌 뉴욕증시] 10년물 5% 부담에도 반도체 질주…젠슨 황이...,"자동차, 소매, 소프트웨어·IT서비스, 통신서비스, 재생에너지, 음식료, 금속·광업, 에너지, 산업서비스, 제약, 유틸리티 등이 약세를 보였다. 반면 반도체와 기술장비 업종은 강세를 나타냈다. 종목별로는 반도체주의... ",https://www.newsquest.co.kr/news/articleView.html?idxno=301302,https://www.newsquest.co.kr/news/articleView.html?idxno=301302,"Mon, 21 Sep 2026 08:06:00 +0900",2026-09-23 10:20:39
음식료/식품,음식료 산업,KT&amp;G·삼양식품 아웃퍼폼…하나證 &quot;연말 갈수록 배당주 매력 부각&quot;,"전주 음식료 업종지수는 코스피 대비 1.6%포인트 언더퍼폼을 기록했다. 주중 중후반을 기점으로 반도체... 반면 하락 종목에는 롯데웰푸드(-11.4%, 3분기 높은 시장 기대치), 동원산업(-6.9%, 주가 모멘텀 부재), 오리온(-6.5... ",https://www.pointe.co.kr/news/articleView.html?idxno=84990,https://www.pointe.co.kr/news/articleView.html?idxno=84990,"Sun, 20 Sep 2026 18:52:00 +0900",2026-09-23 10:20:39
음식료/식품,음식료 산업,추석 앞두고 젠슨황 입이 코스피 살렸다…AI 모멘텀 계속 쭉?,"다우존스30산업평균지수는 316.28포인트(0.61%) 오른 5만1778.18에 거래를 마쳤다. 또 이날 장 중 일본은행(BOJ)... 반면, 전기·가스와 유통은 1% 이상 하락했고, 보험, 일반서비스, 음식료·담배 등은 약보합 마감했다.... ",https://www.mt.co.kr/stock/2026/09/18/2026091816073462741,https://n.news.naver.com/mnews/article/008/0005415930?sid=101,"Fri, 18 Sep 2026 16:31:00 +0900",2026-09-23 10:20:39
음식료/식품,식품 수출,올해 허가 의약품 1000개…일반약 비중 커졌다,올해 들어 식품의약품안전처 허가를 받은 의약품이 1000개에 달했다. 상반기에는 전문의약품 허가가 크게... 25개·수출용 2개로 집계됐다. 표준제조기준은 식약처가 정해놓은 성분·함량·제형 등의 기준에 맞춰... ,https://www.pinpointnews.co.kr/news/articleView.html?idxno=489879,https://www.pinpointnews.co.kr/news/articleView.html?idxno=489879,"Wed, 23 Sep 2026 10:12:00 +0900",2026-09-23 10:20:40
음식료/식품,식품 수출,"고기 함유 라면, 중국 수출길 열린다","식약처는 지난 8월 중국 해관총서와 수출입 식품 생산기업 명단등록, 고기 성분 함유 라면의 대중국 수출 위생요건, 수출입 수산물 전자증명 등 3건의 협력문서를 체결했다. 이를 통해 국내 식품기업이 중국으로 제품을... ",https://www.farmnmarket.com/news/article.html?no=27934,https://www.farmnmarket.com/news/article.html?no=27934,"Wed, 23 Sep 2026 10:10:00 +0900",2026-09-23 10:20:40
음식료/식품,식품 수출,"농식품부·aT, 러시아서 ‘NEXT K-푸드’ 수출길 넓혀","전기찬 aT 수출식품이사는 “러시아는 프리미엄 농식품의 잠재력이 높은 시장으로, 다양한 마케팅 전략을 통해 K-푸드의 수출영토를 확대해 나가겠다”고 말했다. 바이어가 샤인머스캣 등 포도를 시식하는 장면.",https://www.farmnmarket.com/news/article.html?no=27936,https://www.farmnmarket.com/news/article.html?no=27936,"Wed, 23 Sep 2026 09:56:00 +0900",2026-09-23 10:20:40
음식료/식품,식품 수출,"구미, 식품기업 해외 바이어에 50억원 수출 성과","상담회는 미국, 일본 등 6개국 바이어와 지역 식품기업 15곳이 참여했다. 수출 기업 판로 확대 기회를 제공해 G-Food(Gumi Food) 경쟁력을 강화하고자 마련됐다. 상담에서는 총 54건의 수출 상담이 이뤄졌고, 상담액은... ",https://www.newsis.com/view/NISX20260923_0003801565,https://n.news.naver.com/mnews/article/003/0014209849?sid=102,"Wed, 23 Sep 2026 09:53:00 +0900",2026-09-23 10:20:40
음식료/식품,식품 수출,한미약품 '국산 GLP-1' 출격 채비…후발주자 승부수 통할까,23일 관련 업계에 따르면 한미약품은 지난해 12월 식품의약품안전처에 에페글레나타이드 오토인젝터주의... 에페글레나타이드를 기술수출하는 데 그치지 않고 직접 생산·판매하는 만큼 출시 이후 처방을 얼마나 빠르게... ,https://www.topdaily.kr/articles/112083,https://www.topdaily.kr/articles/112083,"Wed, 23 Sep 2026 09:52:00 +0900",2026-09-23 10:20:40
음식료/식품,식품 수출,"강원TP, 난징서 도내 뷰티 6개사 판로 개척…600만달러 계약 추진",강원도내 화장품 기업 6곳이 중국 난징에서 현지 바이어와 57차례 상담을 벌여 600만달러 규모의 수출 계약을... 도내 식품·화장품 기업의 중국 유통망 진입을 돕는 업무협약도 맺었다. 이 회사는 현지 유통과 국경 간... ,https://www.fnnews.com/news/202609230944382897,https://n.news.naver.com/mnews/article/014/0005580150?sid=102,"Wed, 23 Sep 2026 09:50:00 +0900",2026-09-23 10:20:40
음식료/식품,식품 수출,"프로칠레, 서울서 북아시아 바이어 상담 개최","칠레는 현재 한국·일본·대만 등 아시아 시장에 체리, 블루베리, 포도, 사과 등 신선과일과 연어, 와인, 가공식품 등을 수출하고 있다. 세 시장에 대한 신선과일 수출 규모는 연간 약 3만3000톤 수준이며, 향후 5만톤 이상... ",https://www.handmk.com/news/articleView.html?idxno=43520,https://www.handmk.com/news/articleView.html?idxno=43520,"Wed, 23 Sep 2026 09:40:00 +0900",2026-09-23 10:20:40
음식료/식품,식품 수출,"프로칠레, 서울서 '북아시아 비즈니스 서밋' 개최","칠레는 신선과일을 비롯해 연어 등 수산물과 육류, 와인, 가공식품 등 다양한 농식품을 수출하고 있다. 북아시아 시장에는 체리, 블루베리, 포도, 사과, 레몬, 키위 등 신선과일과 연어, 돼지고기, 냉동과일, 와인... ",https://www.ksilbo.co.kr/news/articleView.html?idxno=1068159,https://www.ksilbo.co.kr/news/articleView.html?idxno=1068159,"Wed, 23 Sep 2026 09:40:00 +0900",2026-09-23 10:20:40
음식료/식품,식품 수출,"aT, 모스크바 박람회서 판로 개척⋯“K-과일·디저트 매력 알려”",알마티 식품박람회와 연계해 실질적인 계약 성과로 이끌어낸다는 계획이다. 전기찬 aT 수출식품이사는 “입체적인 마케팅을 전개해 국산 농가와 식품 기업의 해외 영토 확장을 지속 지원하겠다”고 강조했다.,https://www.viva100.com/article/20260923500239,https://www.viva100.com/article/20260923500239,"Wed, 23 Sep 2026 09:40:00 +0900",2026-09-23 10:20:40
뷰티/화장품,화장품 주가,"[특징주] 와이즈플래닛컴퍼니, 코스닥 상장 첫날 공모가 대비 250%대 ↑","공모주 청약 과정에서 높은 관심을 받은 가운데 신규 상장 종목에 대한 매수세가 집중되면서 주가가... 샤워기 필터 브랜드 '닥터피엘'과 침구 브랜드 '누잠', 화장품 브랜드 '아이레놀' 등을 운영하고 있다. 공모... ",http://www.metroseoul.co.kr/article/20260923500061,http://www.metroseoul.co.kr/article/20260923500061,"Wed, 23 Sep 2026 10:16:00 +0900",2026-09-23 10:20:41
뷰티/화장품,화장품 주가,"와이즈플래닛컴퍼니, 상장 첫날 240%대 급등…공모가 3배 웃돌아 [종목N...","이날 공모가보다 256.25% 높은 4만2750원으로 거래를 시작한 주가는 장중 4만6000원까지 올랐다. 장중 고가... 필터 샤워기 브랜드 '닥터피엘'과 토퍼 매트리스 브랜드 '누잠', 화장품 브랜드 '아이레놀' 등을 운영하고... ",https://www.fnnews.com/news/202609230940387745,https://n.news.naver.com/mnews/article/014/0005580146?sid=101,"Wed, 23 Sep 2026 09:48:00 +0900",2026-09-23 10:20:41
뷰티/화장품,화장품 주가,"NH투자증권 &quot;LG생활건강, 목표가 33만원 상향…투자의견 중립 유지&quot;",정지윤 NH투자증권 연구원은 23일 LG생활건강의 목표주가를 기존 30만원에서 33만원으로 상향했다. 다만 단기... 화장품 부문은 면세 회복과 중국 부진이 엇갈릴 전망이다. 면세 매출은 전년 동기 대비 137% 증가하고 10%대... ,https://www.financialpost.co.kr/news/articleView.html?idxno=277180,https://www.financialpost.co.kr/news/articleView.html?idxno=277180,"Wed, 23 Sep 2026 09:48:00 +0900",2026-09-23 10:20:41
뷰티/화장품,화장품 주가,"LG생활건강, 비핵심 사업 정리···중국·북미 수익성 주목",NH투자증권은 23일 LG생활건강에 대한 투자의견 '보유(Hold)'를 유지하고 목표주가를 기존 30만원에서... 화장품 부문은 매출액 6535억원으로 전년 동기 대비 1% 감소하고 영업이익은 180억원으로 흑자 전환할 것으로... ,http://www.finomy.com/news/articleView.html?idxno=262253,http://www.finomy.com/news/articleView.html?idxno=262253,"Wed, 23 Sep 2026 09:28:00 +0900",2026-09-23 10:20:41
뷰티/화장품,화장품 주가,"NH투자증권 &quot;LG생활건강, 비핵심 정리 일단락.. 목표가 상향&quot;","목표주가는 기존 30만원에서 33만원으로 상향했다. 다만, 투자의견은 ‘Hold(중립)’를 유지했다. 정지윤... 화장품 매출액은 6535억원으로 전년 동기 대비 1% 감소하고, 영업이익은 180억원으로 흑자전환할 것으로... ",https://www.g-enews.com/view.php?ud=20260923091011922744093b5d4e_1,https://www.g-enews.com/view.php?ud=20260923091011922744093b5d4e_1,"Wed, 23 Sep 2026 09:22:00 +0900",2026-09-23 10:20:41
뷰티/화장품,화장품 주가,"“LG생활건강, 비핵심 사업 정리 속 내년 준비…목표가 ↑”",목표주가를 기존 30만원에서 33만원으로 상향 조정했다. 투자의견은 ‘보유(Hold)’를 유지했다. 정지윤... 화장품 부문은 면세 회복과 북미 본업 성장에도 중국 부진이 부담으로 작용할 전망이다. 3분기 화장품... ,https://www.etoday.co.kr/news/view/2628908,https://www.etoday.co.kr/news/view/2628908,"Wed, 23 Sep 2026 09:08:00 +0900",2026-09-23 10:20:41
뷰티/화장품,화장품 주가,"&quot;LG생활건강, 3분기 영업익 기대치 밑돌 전망… 목표가 33만&quot;-NH","NH투자증권은 23일 LG생활건강의 목표주가를 기존 30만원에서 33만원으로 상향했다. 다만 투자의견 '보유'는... 사업 부문별로는 화장품 사업부의 3분기 영업이익이 전년 동기 대비 흑자전환한 108억원, 매출액은 1... ",https://www.mt.co.kr/stock/2026/09/23/2026092308201639042,https://n.news.naver.com/mnews/article/008/0005417710?sid=101,"Wed, 23 Sep 2026 09:00:00 +0900",2026-09-23 10:20:41
뷰티/화장품,화장품 주가,"NH증권 &quot;LG생건, 비핵심 사업 정리…목표주가 33만원으로 상향&quot;","목표주가를 기존 30만원에서 33만원으로 상향 조정했다. 다만, 단기 실적에 대한 눈높이를 높이기는... 화장품 부문 매출은 6천535억원으로 1% 감소하지만, 영업이익은 180억원으로 흑자 전환할 전망이다. 면세 매출은... ",https://www.yna.co.kr/view/AKR20260923031100008?input=1195m,https://n.news.naver.com/mnews/article/001/0016331443?sid=101,"Wed, 23 Sep 2026 08:42:00 +0900",2026-09-23 10:20:41
뷰티/화장품,화장품 주가,"LG생활건강, 중국 수익성 안정·북미 성장 주목…목표가 30만→33만-NH","투자의견 ‘Hold(중립)’를 유지하고 목표주가는 기존 30만원에서 33만원으로 상향했다. 23일 정지윤... 화장품 매출액은 6535억원으로 전년 동기 대비 1% 감소하고, 영업이익은 180억원으로 흑자전환할 것으로... ",https://www.edaily.co.kr/News/Read?newsId=02637126645583072&mediaCodeNo=257&utm_source=naver&utm_medium=referral&utm_campaign=news_syndication&utm_content=original_article,https://n.news.naver.com/mnews/article/018/0006374748?sid=101,"Wed, 23 Sep 2026 08:38:00 +0900",2026-09-23 10:20:41
뷰티/화장품,화장품 주가,"NH證 “LG생활건강, 비핵심 사업 정리·체질 개선… 목표가 33만원으로↑...","투자의견은 ‘보유’(Hold)를 유지하고, 목표 주가는 기존 30만원에서 33만원으로 10% 상향 조정했다. 전... 부문별로 살펴보면 화장품 사업 부문 매출액은 6535억원으로 전년 동기 대비 1% 줄어들 것으로 예상된다. 반면... ",https://biz.chosun.com/stock/stock_general/2026/09/23/5KON2NR4RVGKDJEH2D3PS2RFUI/?utm_source=naver&utm_medium=original&utm_campaign=biz,https://n.news.naver.com/mnews/article/366/0001194091?sid=101,"Wed, 23 Sep 2026 08:36:00 +0900",2026-09-23 10:20:41
뷰티/화장품,화장품 주가,"한국투자증권 &quot;LG생활건강, 3분기 실적 기대치 하회 전망…단기 모멘텀...",그러면서 &quot;다만 지속적인 언화 강세가 나타난다면 제품을 자체 생산해 원가율 개선을 기대할 수 있고 내수 매출 비중이 높은 LG생활건강의 주가가 화장품 섹터에서 상대적인 강세를 보일 수 있다&quot;고 덧붙였다.,https://www.cstimes.com/news/articleView.html?idxno=721790,https://www.cstimes.com/news/articleView.html?idxno=721790,"Wed, 23 Sep 2026 08:34:00 +0900",2026-09-23 10:20:41
뷰티/화장품,화장품 주가,"[모닝 리포트] &quot;LG생활건강, 비핵심 사업 정리…중국·북미 수익성 주목...","목표주가는 기존 30만원에서 33만원으로 상향했다. LG생활건강은 화장품과 생활용품, 음료 사업을 영위하는 기업이다. NH투자증권은 에이본컴퍼니 매각과 해태htb 매각 추진 등 비핵심 사업 정리가 연내 일단락될... ",https://www.newspim.com/news/view/20260923000099,https://www.newspim.com/news/view/20260923000099,"Wed, 23 Sep 2026 08:32:00 +0900",2026-09-23 10:20:41
뷰티/화장품,화장품 주가,"한투證 &quot;달바글로벌, 3분기 실적 기대치 웃돌 것…주가 매력↑&quot;",한국투자증권은 23일 달바글로벌에 대해 3분기 실적이 기대치를 웃돌 것이라며 투자의견 '매수'와 목표주가... 또한 &quot;비우호적인 수출 환경에도 한국 화장품 수출이 매우 양호하다&quot;며 &quot;9월 1∼20일 미국향 수출은 역대... ,https://www.yna.co.kr/view/AKR20260923029400008?input=1195m,https://n.news.naver.com/mnews/article/001/0016331425?sid=101,"Wed, 23 Sep 2026 08:32:00 +0900",2026-09-23 10:20:41
뷰티/화장품,화장품 주가,3분기 실적 기대 이하인데 목표가는 올렸다…LG생건 무슨 일,"NH투자증권이 LG생활건강의 3·4분기 실적이 시장 기대치를 밑돌 것으로 전망하면서도 목표주가를 기존... 사업별로는 화장품 매출액 6535억원, 영업이익 180억원을 예상했다. 면세 매출은 전년 동기 대비 137% 증가한... ",https://www.fnnews.com/news/202609230820268916,https://n.news.naver.com/mnews/article/014/0005580079?sid=101,"Wed, 23 Sep 2026 08:30:00 +0900",2026-09-23 10:20:41
뷰티/화장품,뷰티 산업,"성남시 K-뷰티 기업들, 북유럽 수출시장 문 두드린다",성남시 입장에서는 지역 중소기업의 해외 진출 확대가 기업의 성장뿐 아니라 지역 산업 경쟁력 강화로 이어질 수 있다는 점에서 의미가 있다. 특히 뷰티 분야 기업들이 해외시장에서 새로운 거래처를 확보할 경우 내수시장... ,https://www.pointdaily.co.kr/news/articleView.html?idxno=320305,https://www.pointdaily.co.kr/news/articleView.html?idxno=320305,"Wed, 23 Sep 2026 10:16:00 +0900",2026-09-23 10:20:41
뷰티/화장품,뷰티 산업,"K뷰티 1세대의 반격…미샤, 유럽·북미서 성장 가속","이 행사는 이탈리아 화장품산업협회인 코스메티카 이탈리아가 주최하는 대규모 뷰티 축제로, 지난해 약 27만5000명이 방문했다. 미샤는 현지 패션·뷰티 유통업체 OVS의 뷰티 브랜드 '샤카'와 함께 브랜드 부스와 뷰티... ",https://www.newsway.co.kr/news/view?ud=2026092309443573318,https://www.newsway.co.kr/news/view?ud=2026092309443573318,"Wed, 23 Sep 2026 10:02:00 +0900",2026-09-23 10:20:41
뷰티/화장품,뷰티 산업,"마케마케, 프리A 35억 원 투자 유치","이번 라운드에서 마케마케는 단순 자금조달을 넘어 뷰티 산업 전문성과 글로벌 네트워크를 갖춘 전략적 투자자 구성을 통해 향후 사업 확장의 기반을 마련하는 데 집중했다. 시그나이트, 아모레퍼시픽, 이그나이트XL이... ",https://www.mk.co.kr/article/12160073,https://n.news.naver.com/mnews/article/009/0005739345?sid=103,"Wed, 23 Sep 2026 09:58:00 +0900",2026-09-23 10:20:41
뷰티/화장품,뷰티 산업,[23일 성남시] 북유럽에 K-뷰티 수출길 연다 등,"시가 주최하고 성남산업진흥원과 대한무역투자진흥원(KOTRA)이 공동 주관한다. 참가 기업에는 현지 상담장과 이동 차량 임차비를 비롯해 바이어 섭외, 통역, 항공료 등이 지원된다. 시는 K-뷰티에 대한 관심이 높아지고... ",https://www.asiatime.co.kr/article/20260923500057,https://www.asiatime.co.kr/article/20260923500057,"Wed, 23 Sep 2026 09:52:00 +0900",2026-09-23 10:20:41
뷰티/화장품,뷰티 산업,"서경대, 성북구·관내 7개 대학과 상생협력 업무협약","서경대는 K-컬처 기반의 공연예술·뷰티·패션 분야 현장 중심 실용교육 역량을 지역과 연결해 문화·예술·관광 활성화와 평생교육, 청년·지역산업, 지역혁신 분야 협력사업을 강화한다는 계획이다.",https://weekly.hankooki.com/news/articleView.html?idxno=7185754,https://weekly.hankooki.com/news/articleView.html?idxno=7185754,"Wed, 23 Sep 2026 09:46:00 +0900",2026-09-23 10:20:41
뷰티/화장품,뷰티 산업,"성수동 전체가 테마파크로!... 성동구, 2026 '크리에이티브X성수' 개최","소셜임팩트, 웹툰, 뷰티, 게임 등 각 분야에 대해 전문가와 기업, 창작자들이 한자리에 모여 산업의 흐름과 새로운 가능성을 공유한다. 또한 지난해까지 문화기술 융합 콘텐츠를 선보였던 'CT페어(문화창조산업페어)'를... ",https://www.cnbizm.com/news/articleView.html?idxno=316101,https://www.cnbizm.com/news/articleView.html?idxno=316101,"Wed, 23 Sep 2026 09:40:00 +0900",2026-09-23 10:20:41
뷰티/화장품,뷰티 산업,"성남시, 미용기업 10개사로 북유럽 시장개척단 꾸려 현지 수출상담","성남산업진흥원과 대한무역투자진흥공사(KOTRA)가 공동으로 주관한다. 참가기업에는 상담장과 이동 차량 임차비를 비롯해 현지 바이어 섭외, 통역, 항공료 등을 지원한다. 성남시는 네덜란드와 덴마크에서 K-뷰티에 대한... ",https://www.m-i.kr/news/articleView.html?idxno=1417698,https://www.m-i.kr/news/articleView.html?idxno=1417698,"Wed, 23 Sep 2026 09:32:00 +0900",2026-09-23 10:20:41
뷰티/화장품,뷰티 산업,"[2026 전남광주뷰티산업전] 하경코스메틱, 스틱형 퍼스널케어 제품으로...",하경코스메틱(대표 설윤숙)은 오는 10월 2일부터 4일까지 광주 김대중컨벤션센터에서 열리는 '2026 광주뷰티산업전'에 참가해 스틱형 퍼스널케어 제품과 K-뷰티 제조 기술을 발표한다. 이번 전시회에서는 대표 제품인... ,https://www.etnews.com/20260918000309,https://n.news.naver.com/mnews/article/030/0003469639?sid=102,"Wed, 23 Sep 2026 09:31:00 +0900",2026-09-23 10:20:41
뷰티/화장품,뷰티 산업,"성남시, K-뷰티 앞세워 북유럽 시장 공략…유망기업 10개사 파견",특히 K-뷰티에 대한 관심이 높아지고 있는 유럽 시장에서 성남지역 기업들이 직접 현지 수요를 확인하고 사업 기회를 찾도록 지원한다는 구상이다. 시가 주최하고 성남산업진흥원과 대한무역투자진흥공사(KOTRA)가... ,https://www.g-enews.com/view.php?ud=2026092309091912118fbfc802b3_1,https://www.g-enews.com/view.php?ud=2026092309091912118fbfc802b3_1,"Wed, 23 Sep 2026 09:30:00 +0900",2026-09-23 10:20:41
뷰티/화장품,뷰티 산업,"성남시, K-뷰티 북유럽 개척·노인일자리 장관상·복지 시설 돌봄 연계",성남시는 유럽 내 K-뷰티 수요 증가에 발맞춰 오는 27일부터 10월 3일까지 네덜란드 암스테르담과 덴마크... 시가 주최하고 성남산업진흥원과 대한무역투자진흥공사(KOTRA)가 공동 주관하는 이번 북유럽 시장개척단은... ,https://www.incheonilbo.com/news/articleView.html?idxno=1332788,https://www.incheonilbo.com/news/articleView.html?idxno=1332788,"Wed, 23 Sep 2026 09:24:00 +0900",2026-09-23 10:20:41
뷰티/화장품,뷰티 산업,"[성남시 정책 브리핑]성남시, 뷰티기업 10곳 북유럽 수출시장 공략…암...",미용기기·기능성 화장품 등 10개사 참여 이번 시장개척단은 미용기기와 기능성 화장품 등 뷰티 분야 관내... 성남시·성남산업진흥원·KOTRA 공동 주관 이번 북유럽 시장개척단은 성남시가 주최하고 성남산업진흥원과... ,https://www.nspna.com/news/?mode=view&newsid=829550,https://www.nspna.com/news/?mode=view&newsid=829550,"Wed, 23 Sep 2026 09:20:00 +0900",2026-09-23 10:20:41
뷰티/화장품,K뷰티 수출,"베이스드온, '2026 H-TRADE BIZ MEETING' 참가",K-뷰티 스킨케어 브랜드 베이스드온(BASED ON)이 지난 9월 16일 개최된 '2026 H-TRADE BIZ MEETING (2026 해외바이어 초청 수출상담회)'에 참가해 해외 바이어와 수출상담을 진행했다. 이번 수출상담회에서 베이스드온은 주요... ,https://www.itbiznews.com/news/articleView.html?idxno=225916,https://www.itbiznews.com/news/articleView.html?idxno=225916,"Wed, 23 Sep 2026 10:14:00 +0900",2026-09-23 10:20:42
뷰티/화장품,K뷰티 수출,"수영장 잔류염소로 상한 머리·피부 겨냥, 마케마케 30억원 투자 유치","해외에서는 올해 처음 수출을 시작한 남미 시장에서 5만개를 판매했고, 글로벌 뷰티 유통사 실리콘투와 유통 계약을 맺었다. '코스모프로프 아시아 2025' 헤어케어 부문과 '상하이 K-뷰티 글로우 위크'에서 대상을 받았다.... ",https://platum.kr/archives/295135,https://platum.kr/archives/295135,"Wed, 23 Sep 2026 09:08:00 +0900",2026-09-23 10:20:42
뷰티/화장품,K뷰티 수출,"성남시, K-뷰티 유럽 공략…해외시장개척단 파견",경기 성남시가 유럽에서 각광받는 K-뷰티 수요에 대응해 북유럽 시장개척단을 파견합니다. 네덜란드... 등 뷰티 분야 관내 유망 중소기업 10개 사가 참여합니다. 참가기업들은 현지 수출상담회에서 바이어와 일대일... ,https://www.obsnews.co.kr/news/articleView.html?idxno=1538417,https://www.obsnews.co.kr/news/articleView.html?idxno=1538417,"Wed, 23 Sep 2026 09:02:00 +0900",2026-09-23 10:20:42
뷰티/화장품,K뷰티 수출,"코트라, 북미 수출·투자 다변화…AI·공급망·K컬처 공략",반도체·전력기기·소부장·K뷰티 등 유망 분야 지원 확대 아주경제=조성준 기자 critic@ajunews.com 코트라는 9월 22일(현지시간) 강경성 사장 주재로 로스앤젤레스에서 북미 시장 내 수출·투자 확대를 위한 '2026 북미지역... ,https://www.ajunews.com/view/20260923084351885,https://www.ajunews.com/view/20260923084351885,"Wed, 23 Sep 2026 09:02:00 +0900",2026-09-23 10:20:42
운송/물류,운송 주가,글로벌 경기 둔화에 해운주 '찬바람'…KSS해운은 나홀로 강세,LPG와 친환경 가스 운송을 중심으로 장기 화물운송계약을 확보하고 있어 안정적인 운송 물량에 대한 기대감이 주가에 반영되는 모습이다. 가스선 운송 시장의 운임 흐름도 상승 배경으로 거론된다. 아시아 역내 컨테이너... ,https://www.pinpointnews.co.kr/news/articleView.html?idxno=489868,https://www.pinpointnews.co.kr/news/articleView.html?idxno=489868,"Wed, 23 Sep 2026 10:02:00 +0900",2026-09-23 10:20:43
운송/물류,운송 주가,"[애널픽] 대한항공, 환율·유가 부담에도 내년 영업익 159%↑","KB증권은 대한항공에 대해 투자의견 '매수'를 유지하고 목표주가를 기존 4만원에서 4만2000원으로 소폭... 때문에 운송시간에도 민감한 만큼, 해당 화물들은 항공 운임이 높아도 해운으로 넘어가지 않아 항공화물 물동량... ",https://theviewers.co.kr/View.aspx?No=4239490,https://theviewers.co.kr/View.aspx?No=4239490,"Wed, 23 Sep 2026 09:34:00 +0900",2026-09-23 10:20:43
운송/물류,운송 주가,"대한항공 내년 영업익 올해보다 두배 이상 뛴다…KB증권, 목표가 상향",23일 KB증권은 대한항공의 목표주가를 기존 4만원에서 4만2000원으로 5% 올려잡으며 운송업종 최선호주 의견을 유지했다. 목표주가 상향의 배경은 내년 실적 전망치 조정이다. KB증권은 내년 원·달러 환율 가정을 5.5... ,https://news.bizwatch.co.kr/article/market/2026/09/23/0008,https://n.news.naver.com/mnews/article/648/0000051022?sid=101,"Wed, 23 Sep 2026 09:19:00 +0900",2026-09-23 10:20:43
운송/물류,운송 주가,"[모닝 리포트] &quot;대한항공, 여객 운임 상승·화물 강세 지속&quot;",목표주가 4만1000원을 유지했다. 대한항공은 국내외 여객과 화물 운송을 비롯해 항공우주 사업 등을 영위하는 국적 항공사다. 올해 3분기 별도 매출액은 5조1520억원으로 전년 동기 대비 29% 증가하고 영업이익은 4976억원... ,https://www.newspim.com/news/view/20260923000116,https://www.newspim.com/news/view/20260923000116,"Wed, 23 Sep 2026 08:57:00 +0900",2026-09-23 10:20:43
운송/물류,운송 주가,"대한항공, 여객·화물 '쌍끌이'…높아진 증권가 눈높이[애널리스트의 시...",23일 하나증권은 대한항공에 대해 투자의견 '매수'와 목표주가 4만1000원을 유지했다. KB증권도 투자의견... 하나증권은 다만 화물 성수기 진입으로 항공화물 운송사의 가격 결정력이 이어질 것으로 예상했다. KB증권은... ,https://www.newsway.co.kr/news/view?ud=2026092308093338226,https://www.newsway.co.kr/news/view?ud=2026092308093338226,"Wed, 23 Sep 2026 08:32:00 +0900",2026-09-23 10:20:43
운송/물류,운송 주가,"[국제금융 브리핑] 트럼프, 중간선거 이후 이란 합의 가능성 언급...브렌...","주가·환율·금리·원자재 전반에서 중동 긴장 완화 기대와 통화정책 경계가 동시에 반영됐다. 미중 회담과... 호르무즈 원유 운송 제한 해제, 우회로 확대, 재정건전성 개선, 채권시장 안정이 함께 요구된다는 평가다.... ",https://www.tokenpost.kr/news/economy/412490,https://www.tokenpost.kr/news/economy/412490,"Wed, 23 Sep 2026 08:32:00 +0900",2026-09-23 10:20:43
운송/물류,운송 주가,"KB證 &quot;대한항공, 고운임 안착·아시아나 이익 개선…목표가 4만2000원&quot;",투자의견 ‘매수(Buy)’와 운송업종 최선호주(Top Pick)를 유지하고 목표주가는 기존 대비 5% 높인 4만2000원으로 제시했다. 강성진 KB증권 연구원은 “외국인의 한국 관광 선호도가 높아지면서 여객 운임이 구조적으로... ,https://www.ajunews.com/view/20260923074819726,https://www.ajunews.com/view/20260923074819726,"Wed, 23 Sep 2026 08:16:00 +0900",2026-09-23 10:20:43
운송/물류,운송 주가,추석 연휴·유가 호재…대한항공 등 항공주 ‘훨훨’ [줍줍 리포트],"국제 유가가 하락할 조짐을 보이고 있고, 추석 연휴를 앞두고 여객 수요가 늘어날 것이란 기대에 항공주가... 있다”며 “운송, 에너지, 유틸리티 섹터는 환율 하락시 이익 상승률이 높은 대표적인 영역”이라고 했다.",https://www.sedaily.com/article/20094045?ref=naver,https://n.news.naver.com/mnews/article/011/0004664786?sid=101,"Wed, 23 Sep 2026 06:31:00 +0900",2026-09-23 10:20:43
운송/물류,운송 주가,"코스피, 장중 2% 급등 후 강보합…'7천피' 사수","간밤 뉴욕증시는 인공지능(AI) 관련주 강세와 국제유가 하락에 힘입어 3대 주가지수가 일제히 상승했다.... 업종별로는 건설(2.5%), IT서비스(2.3%), 운송·창고(2.2%)의 상승률이 높았다. 오락·문화(-2.1%)와 제약(-1.0... ",https://www.koreareport.co.kr/news/articleView.html?idxno=53171,https://www.koreareport.co.kr/news/articleView.html?idxno=53171,"Tue, 22 Sep 2026 19:10:00 +0900",2026-09-23 10:20:43
운송/물류,운송 주가,"한국거래소, 자체 산업분류체계 ‘KRICS’ 도입",공개 대상은 KRICS 1·2단계 산업분류 결과와 주가·거래량 등 관련 시장 데이터다. KRICS는 국내 경제의... 자동차 산업의 중요성을 고려해 기존에 별도로 분류되던 자동차·부품과 여객운송을 '이동'이라는 공통... ,https://www.fnnews.com/news/202609221857070712,https://n.news.naver.com/mnews/article/014/0005579909?sid=101,"Tue, 22 Sep 2026 18:58:00 +0900",2026-09-23 10:20:43
운송/물류,운송 주가,[마감시황] AI 훈풍보다 강했던 차익실현···코스피 7017 턱걸이,"관련주가 강세를 보였다. 삼성전기009150, SK스퀘어402340, 현대차005380도 올랐다. LG에너지솔루션373220, 삼성바이오로직스207940, KB금융105560은 하락했다. 업종별로는 건설(2.51%), IT서비스(2.27%), 운송·창고(2.18%)가... ",https://www.polinews.co.kr/news/articleView.html?idxno=743876,https://www.polinews.co.kr/news/articleView.html?idxno=743876,"Tue, 22 Sep 2026 17:38:00 +0900",2026-09-23 10:20:43
운송/물류,운송 주가,"유가 반등에 '브레이크' 코스피 강보합 마감, 반도체 기판·게임주 강세","운송·창고가 2%대, 기계·장비와 증권 1%대 올랐고 부동산, 의료·정밀기기, 통신, 금융, 음식료·담배... 이날 1%대 상승 출발한 코스닥은 AI·소프트웨어주, 반도체 기판주가 강세를 보였지만 오후 들어 상승폭을... ",https://www.mt.co.kr/stock/2026/09/23/2026092216441320463,https://n.news.naver.com/mnews/article/008/0005417482?sid=101,"Tue, 22 Sep 2026 17:10:00 +0900",2026-09-23 10:20:43
운송/물류,운송 주가,[ETF 시황] 美 반도체주 급등에 CPU ETF '강세'…AI 반도체도 상승,"간밤 미국 증시에서 인텔과 AMD 등 CPU 관련주가 급등한 가운데 국내에서는 운송과 사이버보안, 코스닥 관련 ETF가 강세를 보였다. 코스콤 ETF CHECK에 따르면 이날 정규장 마감 기준 수익률 1위는 KODEX... ",https://www.newspim.com/news/view/20260922001094,https://www.newspim.com/news/view/20260922001094,"Tue, 22 Sep 2026 16:54:00 +0900",2026-09-23 10:20:43
운송/물류,운송 주가,"'전강후약' 코스피, 2%대까지 상승 후 강보합 마감…'7천피'는 사수","한동안 하향세를 보이던 인공지능(AI) 관련주가 급등하고 유가가 하락하면서다. 특히 이날 메타 주가가... 업종별로 보면 건설(2.51%), IT서비스(2.27%), 운송·창고(2.18%)의 상승률이 가장 높았다. 오락·문화(-2.08%)와... ",https://www.getnews.co.kr/news/articleView.html?idxno=881590,https://www.getnews.co.kr/news/articleView.html?idxno=881590,"Tue, 22 Sep 2026 16:46:00 +0900",2026-09-23 10:20:43
운송/물류,물류 산업,"태안군, 석탄발전 근로자 자격증 5종 지원 확대","기존에는 소방설비기사와 에너지관리기사, 위험물산업기사 등 신산업·신재생에너지 분야 3개 자격을... 지게차운전기능사는 물류·운반 업무 등에 활용할 수 있는 국가기술자격이다. 군은 서부발전, 한국폴리텍대학과... ",http://www.ccnnews.co.kr/news/articleView.html?idxno=415408,http://www.ccnnews.co.kr/news/articleView.html?idxno=415408,"Wed, 23 Sep 2026 10:14:00 +0900",2026-09-23 10:20:43
운송/물류,물류 산업,"스카이인텔리전스·KAIST·다임리서치, 제조 피지컬 AI 협력","세 기관은 각자의 연구와 기술, 현장 적용 역량을 결합해 설비와 물류, 개별 로봇부터 로봇 군집 운영까지 포괄하는 공동 과제를 추진한다. 인재 양성과 산업 교류 프로그램도 함께 운영한다. 피지컬 AI와 디지털트윈... ",http://www.beyondpost.co.kr/view.php?ud=20260923100434349546a9e4dd7f_30,http://www.beyondpost.co.kr/view.php?ud=20260923100434349546a9e4dd7f_30,"Wed, 23 Sep 2026 10:08:00 +0900",2026-09-23 10:20:43
운송/물류,물류 산업,"송치윤 서산시의원, 대산공단 고용 방어선 구축 촉구","이날 송 의원은 산업 위기를 방어하기 위한 3대 핵심 대응책을 서산시에 공식 제안했다. 우선 ‘선제적 조기 고용 대응 체계’ 구축이다. 정규직 원청 근로자뿐만 아니라 1·2차 협력업체, 플랜트 정비 및 물류·운송... ",https://www.asiatime.co.kr/article/20260923500038,https://www.asiatime.co.kr/article/20260923500038,"Wed, 23 Sep 2026 10:06:00 +0900",2026-09-23 10:20:43
운송/물류,물류 산업,[기고] 통합항만공사 진해신항 입지 논의를 바라보며,"항만에서 나오는 개발사업과 배후단지, 물류기업, 고용, 세원, 연구개발, 산업 인프라 가운데 얼마나 많은 부분이 경남에 남느냐가 중요하다. 진해신항은 대한민국 항만의 미래를 바꿀 규모로 12조6천억원이 투입된다.... ",https://www.newsclaim.co.kr/news/articleView.html?idxno=3076386,https://www.newsclaim.co.kr/news/articleView.html?idxno=3076386,"Wed, 23 Sep 2026 10:06:00 +0900",2026-09-23 10:20:43
운송/물류,물류 산업,"동원그룹, 핵심 신사업 비전 담은 세 번째 기업 광고 공개","영상에는 종합 단백질, 2차전지 소재, 스마트 물류 등 동원그룹이 주력하는 핵심 신사업의 비전이 담겼다. 미래 사회에 필요한 가치를 발굴해 주요 산업의 공백을 선제적으로 채워나가는 동원의 행보를 직관적으로... ",https://www.nbntv.co.kr/news/articleView.html?idxno=4025265,https://www.nbntv.co.kr/news/articleView.html?idxno=4025265,"Wed, 23 Sep 2026 10:04:00 +0900",2026-09-23 10:20:43
운송/물류,물류 산업,&quot;피지컬 AI 자율제조 역량 결집&quot;…KAIST·스카이인텔리전스·다임리서치...,"설비와 물류, 개별 로봇부터 로봇 군집 운영까지 아우르는 공동 연구와 사업을 추진하고, 실제 제조 현장에서 기술의 적용 가능성을 검증하는 실증 과제도 함께 발굴해 나갈 예정이다. 피지컬 AI의 산업 확산을 뒷받침할... ",https://www.irobotnews.com/news/articleView.html?idxno=48652,https://www.irobotnews.com/news/articleView.html?idxno=48652,"Wed, 23 Sep 2026 10:00:00 +0900",2026-09-23 10:20:43
운송/물류,물류 산업,제조·스타트업·1인 기업까지…한 건물에 담은 '맞춤형 오피스' 등장,"전역으로 물류 이동이 용이하다. '현대 테라타워 구리갈매'는 획일적인 사무 공간을 넘어 다양한 기업의 특성을 고려한 맞춤형 설계를 반영했다. 단지는 지하 2층~지상 10층, 연면적 약 10만3,805㎡ 규모로 지식산업센터와... ",https://edu.donga.com/news/articleView.html?idxno=112223,https://edu.donga.com/news/articleView.html?idxno=112223,"Wed, 23 Sep 2026 10:00:00 +0900",2026-09-23 10:20:43
운송/물류,물류 산업,"경기도, 제조기업 피지컬 AI 도입 장벽 낮춘다...실증·매칭 지원 강화",피지컬 AI는 로봇이나 기계와 같은 자율 시스템이 제조·물류 현장의 환경을 인식하고 스스로 판단해... 이수재 경기도 AI산업육성과장은 &quot;현장의 기술 수요를 정책과 지원사업에 연결해 피지컬 AI 도입 기업의... ,https://www.ajunews.com/view/20260923094846111,https://www.ajunews.com/view/20260923094846111,"Wed, 23 Sep 2026 10:00:00 +0900",2026-09-23 10:20:43
운송/물류,물류 산업,"다임리서치·스카이인텔리전스·KAIST, 제조 피지컬 AI 협력…자율제조...","및 산업 생태계 조성을 위한 3자 업무협약(MOU)을 지난 21일 체결했다고 밝혔다. 이번 협약은 세 기관의 핵심 역량을 하나로 모아 제조 현장의 인공지능(AI) 전환을 가속하기 위해 이뤄졌다. 세 기관은 설비와 물류, 개별... ",https://www.smarttoday.co.kr/ko-kr/articles/111952,https://www.smarttoday.co.kr/ko-kr/articles/111952,"Wed, 23 Sep 2026 10:00:00 +0900",2026-09-23 10:20:43
운송/물류,물류 산업,"“석탄발전소 폐쇄로 노동자 생계 위협”···태안군, ‘새 일자리’ ...","기존 지원 종목은 소방설비기사, 에너지관리기사, 위험물산업기사 등 신산업·신재생에너지 분야 자격증... 태안군은 해당 자격증이 신재생에너지 기자재 운반·관리와 물류 분야 등에서 활용될 수 있을 것으로 보고 있다.... ",https://www.khan.co.kr/article/202609230957001,https://n.news.naver.com/mnews/article/032/0003472189?sid=101,"Wed, 23 Sep 2026 09:57:00 +0900",2026-09-23 10:20:43
운송/물류,물류 산업,수계전극부터 AI 자율제조까지… 이차전지 장비 '통합 솔루션'으로 진화,"여기에 공정 추적성과 빠른 레시피 전환, 예지보전, 무인 물류까지 생산라인 전반의 운영 효율을 높이는... 산업통상자원부 '기계장비산업기술개발(R&amp;D)-제조기반 생산시스템' 사업을 통해 'AI 자율제조기반의 LFP(Lithium... ",http://www.engjournal.co.kr/news/articleView.html?idxno=3978,http://www.engjournal.co.kr/news/articleView.html?idxno=3978,"Wed, 23 Sep 2026 09:56:00 +0900",2026-09-23 10:20:43
운송/물류,해운 시장,친환경 선박연료 공급 안전 높이고 진입 문턱 낮춘다,다만 전용 급유 선박이 충분히 확보되기 전까지 기존 가스 운반선을 활용해 시장에 진입할 수 있도록 해운법에서 규정한 해상화물운송선박을 친환경 연료 공급 선박으로 한시적으로 사용할 수 있도록 허용했다. 메탄올은... ,https://www.ksg.co.kr/news/main_newsView.jsp?pNum=148130,https://www.ksg.co.kr/news/main_newsView.jsp?pNum=148130,"Wed, 23 Sep 2026 10:10:00 +0900",2026-09-23 10:20:44
운송/물류,해운 시장,"국제유가, 2주 만에 100달러 아래로…사우디 공급 회복 기대",시장은 중동의 지정학적 긴장보다 원유 공급 차질이 완화될 가능성에 주목했다. 예멘 후티 반군의... 해운 데이터 업체 케플러에 따르면 초대형 유조선 6척이 총 1200만배럴의 원유를 싣고 출항했다. 도널드 트럼프 미국... ,https://www.newsinside.kr/news/articleView.html?idxno=5007061,https://www.newsinside.kr/news/articleView.html?idxno=5007061,"Wed, 23 Sep 2026 10:08:00 +0900",2026-09-23 10:20:44
운송/물류,해운 시장,국제유가 보름만에 100달러 아래로...사우디 원유 공급 회복·美-이란 협...,이날 상품시장은 최근 예멘 후티 반군의 공격으로 손상된 사우디아라비아 동서 송유관이 재가동되기... 해운 데이터 기업 케플러에 따르면 사우디 동부 라스 타누라 항만에서는 이란 전쟁이 벌어진 이래 가장 많은... ,https://www.livebiz.today/news/articleView.html?idxno=205084,https://www.livebiz.today/news/articleView.html?idxno=205084,"Wed, 23 Sep 2026 10:02:00 +0900",2026-09-23 10:20:44
운송/물류,해운 시장,"[특징주] KSS해운, 약 200억원 자사주 매입.. '강세'",회사는 이번 자사주 매입이 최근 대내외 시장 상황을 고려해 주가를 안정시키고 주주가치를 높이기 위한 결정이라고 설명했다. KSS해운은 지난 8월 10일에도 기존에 보유하고 있던 자사주 50만8355주를 전량... ,https://www.g-enews.com/view.php?ud=20260923093643622044093b5d4e_1,https://www.g-enews.com/view.php?ud=20260923093643622044093b5d4e_1,"Wed, 23 Sep 2026 09:44:00 +0900",2026-09-23 10:20:44
운송/물류,해운 시장,"코스피, 반도체 훈풍에 7100선 출발…장 초반 1%대 강세","유가증권시장에서 기관과 외국인이 각각 3219억원, 1242억원을 순매수하고 있습니다. 개인은 5482억원을 순매도하고 있습니다. 장 초반 특징주 가운데 KSS해운(044450)은 대규모 자사주 매입 소식에 급등하고... ",http://www.newstomato.com/ReadNews.aspx?no=1314656&inflow=N,http://www.newstomato.com/ReadNews.aspx?no=1314656&inflow=N,"Wed, 23 Sep 2026 09:38:00 +0900",2026-09-23 10:20:44
운송/물류,해운 시장,사우디 원유공급 회복 소식에 국제유가 100달러 아래로 떨어져,"제시했지만, 시장은 외교적 해결 가능성에 좀더 무게를 실었다. 트럼프 대통령은 “이란과 합의해 그들이... 또 해운 데이터 기업 케플러에 따르면 사우디 동부 라스 타누라 항만에서는 이란 전쟁이 벌어진 이래 가장... ",https://www.busan.com/view/busan/view.php?code=2026092309323181876,https://n.news.naver.com/mnews/article/082/0001399626?sid=101,"Wed, 23 Sep 2026 09:36:00 +0900",2026-09-23 10:20:44
운송/물류,해운 시장,"[특징주] KSS해운, 자사주 소각 이어 200억원 매입…16% 급등",23일 오전 9시 30분 기준 KSS해운은 유가증권시장에서 전 거래일보다 1610원(16.00%) 오른 1만1670원에 거래되고 있다. KSS해운은 전날 이사회를 열고 약 200억원 규모의 자기주식 취득을 결정했다고 밝혔다. 금융감독원... ,https://biz.chosun.com/stock/stock_general/2026/09/23/PA5D5OAI6NBLROVIUMGO4AVZYE/?utm_source=naver&utm_medium=original&utm_campaign=biz,https://n.news.naver.com/mnews/article/366/0001194119?sid=101,"Wed, 23 Sep 2026 09:33:00 +0900",2026-09-23 10:20:44
운송/물류,해운 시장,"국제유가, 사우디 공급 회복 조짐에 100달러 아래로","제시했지만, 시장은 외교적 해결 가능성에 좀 더 무게를 실었다. 트럼프 대통령은 &quot;이란과 합의해 그들이... 또 해운 데이터 기업 케플러에 따르면 사우디 동부 라스 타누라 항만에서는 이란 전쟁이 벌어진 이래 가장... ",https://www.kfenews.co.kr/news/articleView.html?idxno=665192,https://www.kfenews.co.kr/news/articleView.html?idxno=665192,"Wed, 23 Sep 2026 09:08:00 +0900",2026-09-23 10:20:44
운송/물류,해운 시장,[미르의 알기쉬운 비즈니스]유럽 선사 CLdN은 왜 10년간 HD현대에 배 16척...,발주처는 유럽 단거리 해운시장의 대표적인 RoRo 전문선사 CLdN이다. 이번 2척은 CLdN이 지난 10년간 HD현대에 주문한 15번째와 16번째 선박이다. 한번 거래한 고객이 다시 배를... ,https://www.mediapen.com/news/view/1125565,https://www.mediapen.com/news/view/1125565,"Wed, 23 Sep 2026 08:58:00 +0900",2026-09-23 10:20:44
운송/물류,해운 시장,"국제유가, 사우디 원유 공급 회복 조짐에 100달러 하회","제시했지만, 시장은 외교적 해결 가능성에 좀 더 무게를 실었습니다. 트럼프 대통령은 &quot;이란과 합의해... 해운 데이터 기업 케플러에 따르면 사우디 동부 라스 타누라 항만에서는 이란 전쟁이 벌어진 이래 가장 많은... ",http://mbnmoney.mbn.co.kr/news/view?news_no=MM1005926207,http://mbnmoney.mbn.co.kr/news/view?news_no=MM1005926207,"Wed, 23 Sep 2026 08:52:00 +0900",2026-09-23 10:20:44
운송/물류,해운 시장,국제유가 다시 100달러 아래로…사우디 원유 공급 회복 기대,제시했지만 시장은 외교적 해결 가능성에 좀 더 무게를 실었습니다. 트럼프 대통령은 &quot;이란과 합의해... 해운 데이터 기업 케플러에 따르면 사우디 동부 라스 타누라 항만에서는 이란전쟁 이후 가장 많은 선적이... ,https://www.tjb.co.kr/news05/bodo/view/id/103975,https://www.tjb.co.kr/news05/bodo/view/id/103975,"Wed, 23 Sep 2026 08:50:00 +0900",2026-09-23 10:20:44
운송/물류,해운 시장,"국제유가, 중동 원유 공급 회복 기대에 하락…브렌트유 100달러 하회","도널드 트럼프 미국 대통령이 이란에 협상과 군사적 대응을 동시에 거론했지만, 시장은 중동산 원유의 실제... 해운 데이터 기업 케플러에 따르면 사우디 동부 라스 타누라 항만에서는 이란 전쟁 발발 이후 가장 많은... ",https://www.youthdaily.co.kr/news/article.html?no=227537,https://www.youthdaily.co.kr/news/article.html?no=227537,"Wed, 23 Sep 2026 08:36:00 +0900",2026-09-23 10:20:44
농업,농업 주가,예산 사과 담은 '선양 추사' 출시… 지역 농가 상생 모델 제시,▲ 예산사과와인 정제민 대표(왼쪽)와 선양소주 조웅래 회장(오른쪽) 충남 예산의 농업회사법인 예산사과와인㈜과 충남의 대표소주 회사인 ㈜선양소주가 협업해 예산 사과를 활용한 신제품 '선양 추사'를 지난 16일... ,https://www.ccdailynews.com/news/articleView.html?idxno=2442774,https://www.ccdailynews.com/news/articleView.html?idxno=2442774,"Wed, 23 Sep 2026 09:46:00 +0900",2026-09-23 10:20:45
농업,농업 주가,"우즈벡 나망간주 방한단, 동물질병 진단기술 관심",위치한 농업 바이오 기술 기업 ㈜셀트릭스를 방문했다. ㈜셀트릭스는 항원·항체 면역 기술을 기반으로... 조석제 ㈜셀트릭스 부회장은 &quot;나망간주가 대규모 소·양 클러스터를 조성할 경우 가축 집단 폐사의 원인이 되는... ,https://www.agrinet.co.kr/news/articleView.html?idxno=407431,https://www.agrinet.co.kr/news/articleView.html?idxno=407431,"Tue, 22 Sep 2026 14:04:00 +0900",2026-09-23 10:20:45
농업,농업 주가,[ISCAID 2026 참관기] 반려동물 감염병의 최신 흐름과 항생제 스튜어드십...,"기후변화와 면역억제 환자의 증가 등으로 진균감염의 중요성이 커지는 가운데, 특히 농업에서 광범위하게 사용되는 azole계 살진균제가 환경의 Aspergillus fumigatus에 선택압으로 작용해 내성 균주가 선택될 수... ",https://www.dailyvet.co.kr/news/column/297973,https://www.dailyvet.co.kr/news/column/297973,"Tue, 22 Sep 2026 13:52:00 +0900",2026-09-23 10:20:45
농업,농업 주가,[경제소식] 삼성증권 '주식모으기' 2주년..&quot;장기 고객 91% 지속 이용&quot;,NH농협은행(은행장 강태영) 농업·공공금융부문 이영우 부행장(왼쪽 세번째)과 한국재정정보원 배지철... 대회 기간에는 룰렛 이벤트와 주간 수익률 상위 5명(TOP5) 시상 등을 통해 추가 혜택도 제공한다. 한국투자증권은... ,http://www.4th.kr/news/articleView.html?idxno=2118527,http://www.4th.kr/news/articleView.html?idxno=2118527,"Tue, 22 Sep 2026 11:02:00 +0900",2026-09-23 10:20:45
농업,농업 주가,추석 차례상 비용 하락?...체감 경기는 '팍팍' [뉴스UP],되면 주가는 하락할 수밖에 없거든요. 그럼에도 불구하고 최근에 워낙 반도체 경기가 좋아서 코스피가 다시... 있는 농업인들에게 혼란과 불안감을 조장할 수밖에 없다. 그래서 이러한 정책을 발표할 때는 정말 신중하게... ,https://www.ytn.co.kr/_ln/0103_202609220832382981,https://n.news.naver.com/mnews/article/052/0002410082?sid=102,"Tue, 22 Sep 2026 08:32:00 +0900",2026-09-23 10:20:45
농업,농업 주가,[증시전략] AI 에이전트를 구동하는 데 필요한 CPU주 관심 집중,"AMD 주가 9.95% 급등…시총 1조달러 클럽에 합류 - AMD의 두 번째 큰 고객 메타, 매출의 5.5% 차지 - 메타 11.4... - 미국 중간선거 앞 경유 가격 갤런당 6.5달러 첫 돌파 - 두 전쟁 여파…&quot;농업지대 등 여당 지지율 낮출 수도... ",https://biz.sbs.co.kr/article_hub/20000336075?division=NAVER,https://n.news.naver.com/mnews/article/374/0000534233?sid=104,"Tue, 22 Sep 2026 07:00:00 +0900",2026-09-23 10:20:45
농업,농업 주가,"[올댓차이나] 中 증시, 정책 기대에 이틀째 상승 마감…창업판 0.8%↑","통신장비주가 견조하게 움직였다. 자동차 부품주와 석유 관련주도 강세를 나타냈다. 가전주... 중국은행이 1.38%, 초상은행 1.11%, 공상은행 0.50%, 건설은행 1.11%, 농업은행 1.47%, 중국인수보험 0.58... ",https://www.newsis.com/view/NISX20260921_0003799074,https://n.news.naver.com/mnews/article/003/0014205924?sid=104,"Mon, 21 Sep 2026 17:56:00 +0900",2026-09-23 10:20:45
농업,농업 주가,[굿모닝 마켓] 산업재·헬스케어·금융주 등 금리 인상에 타격,"주간 기준으로도 뉴욕증시는 흐름이 엇갈렸습니다. 산업재나 헬스케어, 금융주 등이 금리 인상으로 타격을... 디젤은 트럭 운송과 농업, 산업 전반에서 광범위하게 사용되기 때문에 소비자 가격 상승으로 전가되기... ",https://biz.sbs.co.kr/article_hub/20000335792?division=NAVER,https://n.news.naver.com/mnews/article/374/0000533990?sid=101,"Mon, 21 Sep 2026 08:19:00 +0900",2026-09-23 10:20:45
농업,농업 주가,[마켓 브리핑] 'AI 속도조절론'에도 반도체주 회복…AI 수요 여전,"■ 모닝벨 '마켓 브리핑' - 최주연 AI 속도조절론에도 반도체주가 다시 살아나고 있습니다. AI 수요가 여전히... 디젤은 트럭 운송과 농업, 산업 전반에서 광범위하게 사용되기 때문에 소비자 가격 상승으로 전가되기... ",https://biz.sbs.co.kr/article_hub/20000335776?division=NAVER,https://n.news.naver.com/mnews/article/374/0000533976?sid=104,"Mon, 21 Sep 2026 07:20:00 +0900",2026-09-23 10:20:45
농업,농업 주가,[정국인터뷰] 박정하① &quot;김승원 장관 지명 철회만 해도 李지지율 5% 오를...,■ 박정하 국민의힘 의원은 1966년 강원 원주 출생으로 고려대 농업경제학과를 졸업하고 같은 대학원 행정학... 국민의힘 수석대변인과 강원특별자치도당위원장을 거쳐 2022년 원주갑 국회의원 보궐선거에서 당선됐으며... ,https://www.polinews.co.kr/news/articleView.html?idxno=743598,https://www.polinews.co.kr/news/articleView.html?idxno=743598,"Mon, 21 Sep 2026 00:23:00 +0900",2026-09-23 10:20:45
농업,농업 주가,[농정춘추] 지구 불태우는 폭주 기관차 '메가프로젝트' 멈춰 세우자,"하이닉스 주가 사수하고, 금융자본, 금융시장 살리겠다는 것에 다름아니다. 더 큰 문제는 이 프로젝트의... 대만에서는 이미 농업용수를 끊고 반도체 산단으로 돌린 전례가 있고, 한국에서도 반도체, AI 등 국가전략산업에... ",http://www.ikpnews.net/news/articleView.html?idxno=71474,http://www.ikpnews.net/news/articleView.html?idxno=71474,"Sun, 20 Sep 2026 19:50:00 +0900",2026-09-23 10:20:45
농업,농업 주가,"매출 절반이 PLM… 오상자이엘, AI 시대 제조 데이터 잡는다",오상자이엘은 1993년 설립된 IT 및 농업 포장재 전문기업이다. 본사를 중심으로 3개의 종속회사를 두고... 2008년 6월 기존 최대주주였던 이수영 및 특수관계인 2명이 보유주식 전부를 오상에 처분하면서 최대주주가... ,https://www.pinpointnews.co.kr/news/articleView.html?idxno=488842,https://www.pinpointnews.co.kr/news/articleView.html?idxno=488842,"Sun, 20 Sep 2026 17:28:00 +0900",2026-09-23 10:20:45
농업,농업 주가,조상 제의식에 왜 하필 술을 올렸을까,"결론부터 얘기하자면 인류는 농업을 영위하기 전부터 제의식에 술을 올렸다. 술이라는 물질의 극적인 변화... 수도권의 경우 서울 무형문화재 술인 삼해주나 경기도 전통주가 있으며 경북이라면 안동소주, 충남권이라면... ",https://weekly.donga.com/3/all/11/6392347/1,https://n.news.naver.com/mnews/article/037/0000038866?sid=103,"Sun, 20 Sep 2026 07:01:00 +0900",2026-09-23 10:20:45
농업,농업 주가,부경대 찾은 노벨상 멜로 교수 &quot;AI는 질문의 도구...호기심이 혁신 낳는...,의학 외 분야에서는 농업을 예로 들었다. 그는 “RNA 간섭은 식물과 모든 동물에서 발견되는 현상”이라며... 수상 이후 미국 매사추세츠주가 RNA 연구를 실제 치료로 연결하기 위한 대규모 투자를 진행하면서... ,https://www.ajunews.com/view/20260919224619130,https://www.ajunews.com/view/20260919224619130,"Sun, 20 Sep 2026 00:02:00 +0900",2026-09-23 10:20:45
농업,농업 주가,"뉴욕증시 혼조…S&amp;P500·나스닥 상승, 다우 0.18% 하락",반도체를 중심으로 기술주가 강세를 보이면서 S&amp;P500과 나스닥지수는 상승했지만 다우지수는 하락했다.... 미국 경유 가격이 사상 최고 수준으로 오르면서 농업과 운송 비용 상승을 거쳐 식품 등 소비자물가에... ,https://www.thefairnews.co.kr/news/articleView.html?idxno=88570,https://www.thefairnews.co.kr/news/articleView.html?idxno=88570,"Sat, 19 Sep 2026 08:36:00 +0900",2026-09-23 10:20:45
농업,농업 주가,[GAM]우주 테크 플래닛 랩스 손익 변곡점 ② '유일한 빅데이터' 3배 뛴다,"메탄 가스 누출 감지와 산림 파괴 추적, 재난 대응, 친환경 농업 등 민간과 정부의 환경 모니터링 의무가... 플래닛 랩스 주가 추이 [자료=블룸버그] 에어버스를 포함한 기존의 대형 정부 주도 사업자가 우주 데이터... ",https://www.newspim.com/news/view/20260918000671,https://www.newspim.com/news/view/20260918000671,"Sat, 19 Sep 2026 08:01:00 +0900",2026-09-23 10:20:45
농업,농업 주가,경제회복 이끈 'AI 전도사' 구윤철…'약해진 경제사령탑'은 숙제로,"구 부총리는 &quot;AI와 디지털 기술의 발전은 농업혁명, 산업혁명을 뛰어넘어 경제·사회 전반에 엄청난 영향을... 국민들에게는 주가순자산비율(PBR)에 대해 제대로 답하지 못한 부총리로 각인되기도 했다. 구 부총리는... ",https://news.einfomax.co.kr/news/articleView.html?idxno=4435733,https://news.einfomax.co.kr/news/articleView.html?idxno=4435733,"Sat, 19 Sep 2026 07:12:00 +0900",2026-09-23 10:20:45
농업,농업 주가,"뉴욕증시, 10년물 금리 5% 재돌파·100달러대 유가에 혼조 마감",주간으로는 다우지수가 1.7% 내려 지난 3월 이후 가장 큰 낙폭을 기록했다. S&amp;P500지수도 0.1% 하락한 반면... 유가 급등으로 경유 가격이 사상 최고 수준까지 오르면서 농업과 운송 비용을 통해 물가 전반으로 번질... ,https://www.newspim.com/news/view/20260919000019,https://www.newspim.com/news/view/20260919000019,"Sat, 19 Sep 2026 05:14:00 +0900",2026-09-23 10:20:45
농업,농업 주가,[속보]美10년물 5% 재돌파에도 기술주 강세…나스닥 0.4%↑,다만 유가가 장중 상승폭을 반납하고 반도체주가 강세를 보이면서 증시를 지지했다. 사진=로이터 이날... 농업과 해운 비용으로 파급되면서 광범위한 인플레이션 압력으로 이어질 수 있다는 우려다. 척 칼슨 호라이즌... ,https://www.edaily.co.kr/News/Read?newsId=01420246645581760&mediaCodeNo=257&utm_source=naver&utm_medium=referral&utm_campaign=news_syndication&utm_content=original_article,https://n.news.naver.com/mnews/article/018/0006372349?sid=101,"Sat, 19 Sep 2026 05:10:00 +0900",2026-09-23 10:20:45
농업,농산물 시장,김희찬 서귀포시장 후보자 &quot;현장 목소리 듣고 정책 통해 시민의 삶 개선...,"인사청문회 모두발언을 하고 있는 김희찬 서귀포시장 후보자. 사진=제주특별자치도의회 실시간중계 영상... 공급, 농산물 수급안정 대책을 촘촘히 갖춰 나가겠다&quot;고 말했다. 그는 또 &quot;돌봄과 복지, 시민들의 생활 안전망을... ",https://www.headlinejeju.co.kr/news/articleView.html?idxno=599492,https://www.headlinejeju.co.kr/news/articleView.html?idxno=599492,"Wed, 23 Sep 2026 10:20:00 +0900",2026-09-23 10:20:45
농업,농산물 시장,"aT, K푸드와 신선과일·냉동베이커리로 러시아 입맛 공략","특별관을 찾은 러시아의 프리미엄 유통업체의 한 바이어는 &quot;한국산 신선 농산물과 냉동식품은 뛰어난... 전기찬 aT 수출식품이사는 &quot;러시아는 프리미엄 농식품의 잠재력이 높은 시장으로, 다양한 마케팅 전략을... ",https://www.mt.co.kr/policy/2026/09/23/2026092310030874246,https://n.news.naver.com/mnews/article/008/0005417785?sid=102,"Wed, 23 Sep 2026 10:16:00 +0900",2026-09-23 10:20:45
농업,농산물 시장,"이마트, 경기도와 ‘신선한 그냥드림’ 협약…3년간 6억원 지원","협약식에는 한채양 이마트 대표이사, 추미애 경기도지사, 박승원 광명시장, 전창호 경기도사회복지협의회장 등이 참석했다. ‘신선한 그냥드림’은 이마트가 후원하는 기부금으로 친환경 농산물을 사들여 경기도... ",https://biz.heraldcorp.com/article/10883087?ref=naver,https://n.news.naver.com/mnews/article/016/0002701273?sid=101,"Wed, 23 Sep 2026 10:15:00 +0900",2026-09-23 10:20:45
농업,농산물 시장,"이마트, 경기도와 손잡고 '신선한 그냥드림' 시동… 취약계층 밥상에 친...","광명시장, 전창호 경기도사회복지협의회장 등이 참석했다. 이번 협약을 통해 추진되는 '신선한 그냥드림'은 이마트가 후원하는 기부금을 재원으로 삼아 친환경 농산물을 구매하고, 경기도의 대표 복지 사업인 '그냥드림... ",https://www.onews.tv/news/articleView.html?idxno=287834,https://www.onews.tv/news/articleView.html?idxno=287834,"Wed, 23 Sep 2026 10:12:00 +0900",2026-09-23 10:20:45
농업,농산물 시장,"반석산업, 농기계 기술과 건강식 브랜드로 '농식품 창업콘테스트' 2관왕",반석산업은 이번 수상을 계기로 농기계 기술 고도화와 함께 '옳곡' 브랜드를 중심으로 국산 농산물 기반 가공식품 개발을 확대하며 건강 먹거리 시장 경쟁력을 강화할 계획이다.,https://www.e-science.co.kr/news/articleView.html?idxno=136025,https://www.e-science.co.kr/news/articleView.html?idxno=136025,"Wed, 23 Sep 2026 10:10:00 +0900",2026-09-23 10:20:45
농업,농산물 시장,[자막뉴스] 차례상 4인 30만9천 원…사과·배는 10% 넘게 '껑충',"유통업태별로 보면, 대형마트의 제수용품 비용이 전년보다 9% 하락해 유일하게 내렸고, 일반 슈퍼마켓은 6.9%, 전통시장은 3.8% 상승했습니다. 대형마트의 할인가 비중이 전년보다 늘어난 점을 고려해 정부의 농산물... ",https://www.tjb.co.kr/news05/bodo/view/id/103983,https://www.tjb.co.kr/news05/bodo/view/id/103983,"Wed, 23 Sep 2026 10:10:00 +0900",2026-09-23 10:20:45
농업,농산물 시장,"이마트, 경기도 '그냥드림' 사업에 6억 후원…취약계층에 친환경 농산물...","이날 협약식에는 한채양 이마트 대표이사, 추미애 경기도지사, 박승원 광명시장, 전창호 경기도사회복지협의회장 등이 참석했다. '신선한 그냥드림'은 이마트가 후원하는 기부금으로 친환경 농산물을 구입해 경기도... ",https://www.cnbnews.com/news/articleView.html?idxno=1017055,https://www.cnbnews.com/news/articleView.html?idxno=1017055,"Wed, 23 Sep 2026 10:08:00 +0900",2026-09-23 10:20:45
농업,농산물 시장,"한채양 대표 &quot;이마트 '신선한 그냥드림' 사업, 지역 상생 모델로&quot;","광명시장, 전창호 경기도사회복지협의회장 등이 참석해 사업의 취지를 공유했다. '신선한 그냥드림'은 이마트가 후원하는 기부금으로 경기도농수산진흥원을 통해 친환경 농산물을 구매하고, 이를 경기도의 대표... ",https://www.financialpost.co.kr/news/articleView.html?idxno=277202,https://www.financialpost.co.kr/news/articleView.html?idxno=277202,"Wed, 23 Sep 2026 10:06:00 +0900",2026-09-23 10:20:45
농업,농산물 시장,"강서시장, 추석맞이 사랑의 나눔 행사 실시","서울시농수산식품공사(사장 문영표)는 추석 명절을 맞아 인근 지역 취약 계층에 강서농산물도매시장 (사)한국시장도매인연합회, 농협강서(공), 서부청과(주), 강서청과(주), 수협강서(공)과 공동으로 추석맞이 나눔... ",http://www.bokuennews.com/news/article.html?no=284682,http://www.bokuennews.com/news/article.html?no=284682,"Wed, 23 Sep 2026 10:00:00 +0900",2026-09-23 10:20:45
농업,농산물 시장,"국민대 캠퍼스타운사업단, 올 가을 '성북 북적북적 청년상생마켓' 연다",아이디어의 시장성을 검증하고 사업 모델을 고도화할 수 있도록 지원할 계획이다. 이번 마켓에는 ▲로브콜(지역 농산물 활용 식품 브랜드) ▲페티코(친환경 소재 반려동물 용품) ▲자취백과지도(AI 기반 프롭테크... ,https://www.newsfreezone.co.kr/news/articleView.html?idxno=710896,https://www.newsfreezone.co.kr/news/articleView.html?idxno=710896,"Wed, 23 Sep 2026 09:58:00 +0900",2026-09-23 10:20:45
농업,농산물 시장,"이마트, '신선한 그냥드림' 사업…취약계층 식생활에 3년간 6억원 지원","협약식에는 한채양 이마트 대표이사, 추미애 경기도지사, 박승원 광명시장, 전창호 경기도사회복지협의회장 등이 참석했다. '신선한 그냥드림'은 이마트가 후원하는 기부금으로 친환경 농산물을 구입해 경기도... ",https://www.etnews.com/20260923000064,https://n.news.naver.com/mnews/article/030/0003469662?sid=101,"Wed, 23 Sep 2026 09:57:00 +0900",2026-09-23 10:20:45
농업,농산물 시장,"이마트, 경기도 취약계층에 친환경 농산물 지원…3년간 6억원","이날 협약식에는 한채양 이마트 대표이사, 추미애 경기도지사, 박승원 광명시장, 전창호 경기도사회복지협의회장 등이 참석했다. ‘신선한 그냥드림’은 이마트의 후원금으로 친환경 농산물을 구입해 경기도... ",https://www.seoultimes.news/news/article.html?no=2000100209,https://www.seoultimes.news/news/article.html?no=2000100209,"Wed, 23 Sep 2026 09:54:00 +0900",2026-09-23 10:20:45
농업,농산물 시장,"이마트, 경기도와 '신선한 그냥드림' 맞손⋯&quot;지역농가 살린다&quot;","이날 협약식에는 한채양 이마트 대표이사, 추미애 경기도지사, 박승원 광명시장, 전창호 경기도사회복지협의회장 등이 참석했다. 신선한 그냥드림은 이마트가 후원하는 기부금으로 친환경 농산물을 구입해 경기도... ",https://www.cnbizm.com/news/articleView.html?idxno=316105,https://www.cnbizm.com/news/articleView.html?idxno=316105,"Wed, 23 Sep 2026 09:52:00 +0900",2026-09-23 10:20:45
농업,농산물 시장,"이마트, 취약계층 식탁에 '신선함' 더한다...경기도와 맞손","이마트가 경기도의 먹거리 복지 사업과 연계해 취약계층에 신선 농산물을 지원한다. 이마트는 지난 22일... 협약식에는 한채양 이마트 대표이사, 추미애 경기도지사, 박승원 광명시장, 전창호 경기도사회복지협의회장... ",https://www.mhns.co.kr/news/articleView.html?idxno=761557,https://www.mhns.co.kr/news/articleView.html?idxno=761557,"Wed, 23 Sep 2026 09:50:00 +0900",2026-09-23 10:20:45
농업,농산물 시장,"이마트, 경기도 취약계층에 친환경 농산물 지원","협약식에는 한채양 이마트 대표이사, 추미애 경기도지사, 박승원 광명시장, 전창호 경기도사회복지협의회장 등이 참석했다. 신선한 그냥드림은 이마트의 기부금으로 친환경 농산물을 구매해 경기도의 ‘그냥드림’... ",https://www.segye.com/newsView/20260923504972?OutUrl=naver,https://n.news.naver.com/mnews/article/022/0004161297?sid=101,"Wed, 23 Sep 2026 09:49:00 +0900",2026-09-23 10:20:45
농업,농산물 시장,"영암금정농협, 대봉감 매입가격예고제 운영",보장과 농산물 제값 받기에 나서고 있다. 영암군 금정면은 대표적인 대봉감 주산지로 현재 904농가가 809... 다만 이번 예고가격은 표준 시장거래 가격을 제시한 것으로 농협의 실제 매입단가는 대봉감 수확기인 10월... ,https://www.nongmin.com/article/20260923500079,https://n.news.naver.com/mnews/article/662/0000104965?sid=102,"Wed, 23 Sep 2026 09:48:00 +0900",2026-09-23 10:20:45
농업,농산물 시장,"“농업용 유용미생물 받아가세요”…경산시, 무상공급",조현일 시장은 “유용미생물을 무상으로 공급하고 있다는 사실을 아직 알지 못하는 농민도 있는 만큼 보다 많은 농가가 활용할 수 있도록 홍보를 확대하고 있다”며 “농민의 영농비 부담을 덜고 안정적인 농산물 생산에... ,https://www.nongmin.com/article/20260922500407,https://n.news.naver.com/mnews/article/662/0000104964?sid=102,"Wed, 23 Sep 2026 09:47:00 +0900",2026-09-23 10:20:45
농업,농산물 시장,"영천시, 추석맞이 ‘영천과일 단골만들기’ 특판 펼쳐 눈길",경북 영천시(시장 김병삼)가 대구 서구청과 함께 ‘영천과일 단골만들기’ 특판행사를 추진해 영천 우수 농산물의 판로 확대와 소비촉진에 나섰다. 이번 행사는 지난 15일부터 18일까지 대구 서구청 직원들을 대상으로... ,https://www.nongmin.com/article/20260922500360,https://n.news.naver.com/mnews/article/662/0000104962?sid=102,"Wed, 23 Sep 2026 09:46:00 +0900",2026-09-23 10:20:45
