industry,keyword,title,description,originallink,link,pubDate,collected_at
반도체,반도체 주가,"한국거래소, '모빌리티' 섹터 신설…상장사 자체 산업분류체계 마련",조선·배터리·반도체·게임 등 국내 주요 산업을 별도로 나눈 분류체계도 마련됐다. 한국거래소는 국내... 주가와 거래량 등 관련 시장 데이터도 함께 제공한다. 산업분류는 매년 4월 최근 공시된 사업보고서와... ,https://www.businessplus.kr/news/articleView.html?idxno=117220,https://www.businessplus.kr/news/articleView.html?idxno=117220,"Tue, 22 Sep 2026 10:24:00 +0900",2026-09-22 10:30:08
반도체,반도체 주가,AMD 시총 1조달러 돌파… 美기술주 나란히 급등,"이에 따라 AMD는 엔비디아와 브로드컴, 마이크론에 이어 시가총액 1조달러를 돌파한 미국 반도체 기업에 이름을 올렸다. AMD의 기업가치는 1년 전 약 2550억달러(약 354조원)에서 세 배 이상으로 커졌다. AMD 주가가... ",https://it.chosun.com/news/articleView.html?idxno=2023092170652,https://it.chosun.com/news/articleView.html?idxno=2023092170652,"Tue, 22 Sep 2026 10:22:00 +0900",2026-09-22 10:30:08
반도체,반도체 주가,"코스피, 미 AI 훈풍에 7,100선…반도체 강세","이날 국내 증시 강세는 간밤 뉴욕증시에서 인공지능(AI)·반도체주가 급등해 나스닥지수가 사상 최고치를 경신했고, 국제유가가 하락하면서 투자심리가 개선된 영향인 것으로 풀이됩니다. 메타는 개인용 업무 수행 AI... ",http://www.yonhapnewstv.co.kr/news/MYH20260922102206f2w,https://n.news.naver.com/mnews/article/422/0000908600?sid=101,"Tue, 22 Sep 2026 10:22:00 +0900",2026-09-22 10:30:08
반도체,반도체 주가,"한미반도체 주가, 9월 22일 장중 246,000원 4.02% 상승","|중앙이코노미뉴스 조용우 기자|출처=네이버페이 증권 22일 오전 10시 0분 기준, 네이버페이 증권에 따르면 한미반도체 주가가 9월 22일 장중 246,000원을 기록하며 지난 종가 대비 4.02% 상승했다.... ",https://www.joongangenews.com/news/articleView.html?idxno=549986,https://www.joongangenews.com/news/articleView.html?idxno=549986,"Tue, 22 Sep 2026 10:22:00 +0900",2026-09-22 10:30:08
반도체,반도체 주가,"코스피 미국 증시 훈풍에 장중 1%대 강세 7130선, 코스닥도 1%대 올라",간밤 미국 증시에서 인공지능(AI)과 반도체주가 강세를 보인 영향으로 풀이된다. 21일(현지시각) 미국 증시 3대 지수인 다우(0.71%) S&amp;P500(1.49%) 나스닥(2.26%)은 모두 상승했다. 필라델피아반도체지수는 4.3% 올랐다.... ,https://www.businesspost.co.kr/BP?command=article_view&num=447784,https://www.businesspost.co.kr/BP?command=article_view&num=447784,"Tue, 22 Sep 2026 10:22:00 +0900",2026-09-22 10:30:08
반도체,반도체 주가,[속보]“삼전 27만→56만 갈것” 2% 상승속 나온 파격 전망,"간밤 뉴욕증시에서 메타의 인공지능(AI) 에이전트 흥행에 미국 반도체주가 동반 급등한 가운데, 국내에서도 삼성전자와 SK하이닉스가 2~3%대 오르며 지수 상승을 이끌고 있다. 한국거래소 등 금융권에 따르면 이날... ",https://www.munhwa.com/article/11618823?ref=naver,https://n.news.naver.com/mnews/article/021/0002820553?sid=101,"Tue, 22 Sep 2026 10:21:00 +0900",2026-09-22 10:30:08
반도체,반도체 주가,"제주반도체 주가, 9월 22일 장중 77,300원 기록하며 상승세","주가순자산비율(PBR)은 5.83배, 주당순이익(EPS)은 6,698원, 주당순자산(BPS)은 13,268원이다. 현재 제주반도체의 등락률 2.79%는 동일업종 등락률 2.57%보다 소폭 높은 수치를 기록하고 있어 상대적으로 견조한... ",https://www.joongangenews.com/news/articleView.html?idxno=549983,https://www.joongangenews.com/news/articleView.html?idxno=549983,"Tue, 22 Sep 2026 10:20:00 +0900",2026-09-22 10:30:08
반도체,반도체 주가,"한국거래소, 자체 산업분류체계 'KRICS' 도입","10월 26일부터는 KRX 인덱스 홈페이지를 통해 상장종목별 KRICS 1·2단계 산업분류 결과와 주가·거래량 등... 조선 및 선박, 배터리, 반도체, 디스플레이, 문화 엔터테인먼트, 게임 등 국내 증시에서 비중과 투자자... ",https://www.insightkorea.co.kr/news/articleView.html?idxno=255155,https://www.insightkorea.co.kr/news/articleView.html?idxno=255155,"Tue, 22 Sep 2026 10:20:00 +0900",2026-09-22 10:30:08
반도체,반도체 주가,"한국거래소, 자체 산업분류체계 'KRICS' 도입...모빌리티 섹터 신설",자동차·부품과 여객운송을 묶은 '모빌리티'를 독립 섹터로 신설하고 조선·배터리·반도체·게임 등 국내... 거래소는 다음달 26일부터 KRX 인덱스 웹사이트를 통해 상장종목의 KRICS 1·2단계 산업분류 결과와 주가... ,https://www.digitaltoday.co.kr/news/articleView.html?idxno=702325,https://www.digitaltoday.co.kr/news/articleView.html?idxno=702325,"Tue, 22 Sep 2026 10:20:00 +0900",2026-09-22 10:30:08
반도체,반도체 주가,[주간증시전망] 삼성전자 특별배당 받으려면? “28일까지 주식 사야”…...,연 5%에 머물고 있는 미 10년 만기 국채금리도 주가 압박 요인이죠. 그런데도 AI 투자에 대한 기대감과 반도체 수출 호조에 힘입어 코스피는 다시 7천을 회복했습니다. 7천 선 안착을 기대할 수 있을지 윤원태 SK증권... ,https://biz.sbs.co.kr/article_hub/20000335939?division=NAVER,https://n.news.naver.com/mnews/article/374/0000534296?sid=101,"Tue, 22 Sep 2026 10:19:00 +0900",2026-09-22 10:30:08
반도체,반도체 주가,"“삼성전자, 예상치 웃돈 수요에 업황 확장…목표주가 56만원”","반도체 기술 경쟁력 강화가 동반되고 있는 만큼, 주식에 대한 접근은 보다 긍정적일 필요가 있다”고 말했다. 투자의견은 ‘매수’, 목표주가는 56만원을 각각 유지했다. 대신증권은 삼성전자의 경쟁사 대비 수급 격차는... ",https://www.kukinews.com/article/view/kuk202609220047,https://www.kukinews.com/article/view/kuk202609220047,"Tue, 22 Sep 2026 10:18:00 +0900",2026-09-22 10:30:08
반도체,반도체 주가,"코스피, 美 반도체주 훈풍에 1%대 상승···7100선 돌파","AI 투자 기대가 되살아나면서 미국 반도체주가 강세를 보였다. AMD와 인텔이 각각 9.95%, 12.14% 급등했고 필라델피아반도체지수도 4.29% 상승했다. 미국과 이란 간 평화 협상 기대감에 국제유가와 미국... ",http://www.finomy.com/news/articleView.html?idxno=262132,http://www.finomy.com/news/articleView.html?idxno=262132,"Tue, 22 Sep 2026 10:18:00 +0900",2026-09-22 10:30:08
반도체,반도체 주가,"AMD 1조달러 돌파…AI 경쟁, GPU 넘어 '시스템 전쟁'",올해 들어 주가 상승률은 약 185%로 같은 기간 나스닥지수 상승률을 크게 웃돌았다. AMD의 급등과 함께 인텔과 Arm도 두 자릿수 상승률을 기록하면서 필라델피아반도체지수는 4.3% 올랐다. AI 투자 확대... ,https://www.mstoday.co.kr/news/articleView.html?idxno=102678,https://www.mstoday.co.kr/news/articleView.html?idxno=102678,"Tue, 22 Sep 2026 10:18:00 +0900",2026-09-22 10:30:08
반도체,반도체 주가,[EBN 데이터센터] 삼성전자·전선주·PCB 강세...코스피 거래대금 상위 ...,"코스피 상위 종목 전반을 보면 대형 반도체주가 안정적으로 오르는 가운데, 개별 업종 모멘텀이 붙은 중형주와 저가주로 매수세가 넓게 퍼지는 양상이 확인됐다. ◆ 코스닥은 상한가 2종목 포함...개별 종목... ",https://www.ebn.co.kr/news/articleView.html?idxno=1725272,https://www.ebn.co.kr/news/articleView.html?idxno=1725272,"Tue, 22 Sep 2026 10:18:00 +0900",2026-09-22 10:30:08
반도체,반도체 주가,메타 11%·인텔 12%↑...'AI 낙관론'에 나스닥 사상 최고치,"메타 주가는 11.4% 급등, 지난해 4월 이후 가장 큰 상승 폭을 기록했다. 개인용 업무 수행 AI 에이전트 '뮤즈'가 애플 앱스토어 무료 앱 부문 1위에 오른 점이 호재로 작용했다. 반도체주도 크게 올랐다. AMD는 10... ",https://www.thepublic.kr/news/articleView.html?idxno=319644,https://www.thepublic.kr/news/articleView.html?idxno=319644,"Tue, 22 Sep 2026 10:18:00 +0900",2026-09-22 10:30:08
반도체,반도체 주가,상폐 앞둔 수성웹툰 37% 급등…정리매매 '과열 주의' [핫종목],이에 따라 적은 거래량에도 주가가 급등락할 수 있어 투자에 주의가 필요하다. 수성웹툰은 지난 2005년 코스닥시장에 상장한 물류장비 전문기업으로 현재 반도체와 웹툰 사업 등을 영위하는 13개 종속기업을 보유하고... ,https://www.news1.kr/finance/general-stock/6298520,https://n.news.naver.com/mnews/article/421/0009185469?sid=101,"Tue, 22 Sep 2026 10:17:00 +0900",2026-09-22 10:30:08
반도체,반도체 주가,"차세대 전력망·IoT 보안 핵심… 아이씨티케이, 독보적 기술력에 '눈길...","광트랜시버 등 광통신 부품을 생산하는 업체로, 데이터센터와 이동통신 인프라 투자 확대에 따른 수요 증가 기대가 주가에 영향을 주는 모습이다. 통신 반도체와 네트워크 장비 관련 종목 가운데서는 자람테크놀로지... ",https://www.pinpointnews.co.kr/news/articleView.html?idxno=489464,https://www.pinpointnews.co.kr/news/articleView.html?idxno=489464,"Tue, 22 Sep 2026 10:16:00 +0900",2026-09-22 10:30:08
반도체,반도체 주가,"코스피, 2%대 급등하며 7160선 돌파…美 반도체 랠리 효과","코스닥 시총 상위 종목 중에서는 반도체 관련주가 강세다. 심텍은 14%대 급등했고 ISC도 7%대 뛰었다. 리노공업과 레인보우로보틱스는 각각 2%대, 1%대 상승했다. HLB는 1%대 하락했다. 한편 이날 오전 9시... ",https://www.sentv.co.kr/article/view/sentv202609220069,https://www.sentv.co.kr/article/view/sentv202609220069,"Tue, 22 Sep 2026 10:16:00 +0900",2026-09-22 10:30:08
반도체,반도체 주가,[특징주] 美 CPU주 급등에…반도체 기판株 '불기둥',반도체 기판주가 장중 강세다. 미국 증시에서 CPU(중앙처리장치) 관련주가 급등하면서 투자심리가 개선된 영향으로 풀이된다. 22일 한국거래소에 따르면 오전 9시 51분 기준 코리아써키트는 전일 대비 1만4500원(27.... ,https://www.newsworks.co.kr/news/articleView.html?idxno=854567,https://www.newsworks.co.kr/news/articleView.html?idxno=854567,"Tue, 22 Sep 2026 10:14:00 +0900",2026-09-22 10:30:08
반도체,반도체 주가,"메타 AI 비서, 챗GPT 추월",메타플랫폼의 개인용 인공지능(AI) 에이전트 '뮤즈'가 돌풍을 일으키면서 21일(현지시간) 메타 주가가 급등하고 반도체주까지 끌어올렸다. 사진=연합뉴스 한국금융경제신문=박현주 기자 | 메타플랫폼의 인공지능(AI)... ,https://www.kfenews.co.kr/news/articleView.html?idxno=665083,https://www.kfenews.co.kr/news/articleView.html?idxno=665083,"Tue, 22 Sep 2026 10:14:00 +0900",2026-09-22 10:30:08
반도체,반도체 산업,"현대차그룹, 美 메타플랜트에 로봇 훈련소 개소…아틀라스 집중 훈련","보스턴다이내믹스는 RMAC에서 아틀라스의 활용 범위를 다른 산업 분야에서 확장하기 위한 작업도 진행한다. 현재 제조, 항공우주, 반도체, 물류, 식음료, 생명과학 등 기존 ‘스팟’ 및 ‘스트레치’를 활용하는 여러... ",https://www.sedaily.com/article/20093836?ref=naver,https://n.news.naver.com/mnews/article/011/0004664419?sid=101,"Tue, 22 Sep 2026 10:28:00 +0900",2026-09-22 10:30:09
반도체,반도체 산업,"경북도, 제이앤티씨와 3,470억 투자협약 체결…김천에 TGV 유리기판 생산...","제조기업 ㈜제이앤티씨와 반도체 유리기판 생산라인 구축을 위한 투자양해각서(MOU)를 체결했다. 제이앤티씨는 2027년부터 2030년까지 약 3,470억 원을 투자해 김천1일반산업단지(3단계) 일원에 TGV 유리기판 생산라인을... ",http://www.metroseoul.co.kr/article/20260921500678,http://www.metroseoul.co.kr/article/20260921500678,"Tue, 22 Sep 2026 10:28:00 +0900",2026-09-22 10:30:09
반도체,반도체 산업,"[금융권 이모저모]KB자산운용, 삼성·SK 10종목 담은 ETF 출시 外","반도체와 전자부품·2차전지, 금융·지주, 통신·인공지능(AI) 인프라 등 4개 산업에 걸쳐 종목을 담았다. 분배금은 매년 1·4·7·10월 지급하며 총보수는 연 0.15%다. 지난 21일 전남광주통합특별시 광주청사에서 민형배... ",https://www.businessplus.kr/news/articleView.html?idxno=117222,https://www.businessplus.kr/news/articleView.html?idxno=117222,"Tue, 22 Sep 2026 10:28:00 +0900",2026-09-22 10:30:09
반도체,반도체 산업,"산자위, 이소영 중기부 장관 인사청문보고서 채택...野 &quot;부적격&quot;","국회 산업통상자원중소벤처기업위원회가 이소영 중소벤처기업부 장관 후보자 인사청문 경과보고서를 여야... 국민의힘이 호남 반도체 클러스터 투자와 관련해 요구했던 이재용 삼성전자 회장, 최태원 SK그룹 회장... ",https://www.mt.co.kr/politics/2026/09/22/2026092210115142058,https://n.news.naver.com/mnews/article/008/0005417194?sid=100,"Tue, 22 Sep 2026 10:27:00 +0900",2026-09-22 10:30:09
반도체,반도체 산업,"거래소, 한국 증시 맞춤 산업분류 도입…반도체·배터리 따로 묶는다","한국거래소가 반도체와 배터리, 조선 등 국내 주력산업을 별도로 구분하는 자체 산업분류체계를 도입한다. 해외 산업을 기준으로 만들어진 기존 분류체계로는 국내 상장사의 사업 특성과 최근 산업 변화를 충분히... ",https://www.newsway.co.kr/news/view?ud=2026092210201917515,https://www.newsway.co.kr/news/view?ud=2026092210201917515,"Tue, 22 Sep 2026 10:26:00 +0900",2026-09-22 10:30:09
반도체,반도체 산업,‘메가특구 노동특례’ 해법 찾을까...6년 만에 마주 앉은 노사정,한 재계 관계자는 “기업 입장에서는 반도체와 첨단산업의 특성을 반영할 수 있는 노동 유연성이 메가특구의 핵심 중 하나”라며 “사회적 대화가 단순히 시간을 끄는 절차에 그치지 않고 산업 경쟁력과 근로자 보호를... ,https://economist.co.kr/article/view/ecn202609220014,https://n.news.naver.com/mnews/article/243/0000103394?sid=101,"Tue, 22 Sep 2026 10:26:00 +0900",2026-09-22 10:30:09
반도체,반도체 산업,"아주대 대학일자리플러스센터, 거점형 특화 프로그램 '에이블플러스' 성...",산업·직무교육 △자기소개서 및 면접 컨설팅 △취업 알선 및 일자리 매칭 △취업자·미취업자 사후관리의 단계로 운영됐다. 특히 현장 수요를 적극 반영한 실무 중심의 직무교육이 큰 호응을 얻었다. 금융·반도체... ,https://news.unn.net/news/articleView.html?idxno=597847,https://news.unn.net/news/articleView.html?idxno=597847,"Tue, 22 Sep 2026 10:26:00 +0900",2026-09-22 10:30:09
반도체,반도체 산업,"이철우 경북도지사, 점촌전통시장 찾아 민생 현장 살펴",이 자리에서 이 지사는 “식품산업을 반도체 다음의 수출 주력산업으로 육성하겠다”​며 경북이 중심이 돼 K-푸드의 세계화를 이끌 수 있도록 정책 역량을 집중하겠다는 뜻을 밝혔다. 경북도는 민선 9기 들어 전국 최초로... ,https://www.kbmaeil.com/article/20260922500183,https://www.kbmaeil.com/article/20260922500183,"Tue, 22 Sep 2026 10:24:00 +0900",2026-09-22 10:30:09
반도체,반도체 산업,이소영 청문보고서 여야 합의 채택…“우려 있지만 역량 갖춰”,국회 산업통상자원중소벤처기업위원회는 22일 이소영 중소벤처기업부 장관 후보자의 인사청문... 국민의힘이 호남 반도체 클러스터 투자계획 발표와 관련해 출석을 요구한 이재용 삼성전자 회장과 최태원 SK그룹 회장... ,https://www.mk.co.kr/article/12159007,https://n.news.naver.com/mnews/article/009/0005738750?sid=100,"Tue, 22 Sep 2026 10:24:00 +0900",2026-09-22 10:30:09
반도체,반도체 산업,"티플랙스, 제2공장 건설 추진...창립 45주년 성장 기반 확대","반도체와 조선, 원전 등 전방산업 회복에 따른 수요 확대와 고려아연 등 신규 거래처 증가가 이어지면서 역대 최대 매출을 내다보고 있다. 티플랙스는 2022년 기록한 역대 최대 매출 2577억원을 넘어설 것으로 전망... ",https://www.ppss.kr/news/articleView.html?idxno=312028,https://www.ppss.kr/news/articleView.html?idxno=312028,"Tue, 22 Sep 2026 10:24:00 +0900",2026-09-22 10:30:09
반도체,반도체 산업,수돗물 속 ‘영구 화학물질’ PFAS…원인은 상류 하수처리장 방류수,특히 반도체 및 첨단 전자 공장 등에서 발생하는 산업 폐수 문제도 심각한 변수로 지적된다. 공장 폐수가 지자체 하수처리장을 거치지 않고 자체 처리 후 강으로 직접 배출(industrial point sources)될 경우 알려지지... ,https://www.ekn.kr/web/view.php?key=20260922024047107,https://www.ekn.kr/web/view.php?key=20260922024047107,"Tue, 22 Sep 2026 10:24:00 +0900",2026-09-22 10:30:09
반도체,반도체 산업,"'소비 외면·첨단기술 올인' 중국 경제, 공산당 집권 기반 흔든다",시진핑 국가주석의 첨단산업 위주 경제 정책이 중국 내수 시장을 얼어붙게 만들며 공산당의 정치적... 반면 중국 지도부는 미국과의 패권 경쟁을 위해 반도체와 인공지능(AI) 등 첨단 기술 분야에 막대한 자본을 쏟아붓고... ,https://www.widedaily.com/news/articleView.html?idxno=301361,https://www.widedaily.com/news/articleView.html?idxno=301361,"Tue, 22 Sep 2026 10:24:00 +0900",2026-09-22 10:30:09
반도체,반도체 산업,"인천TP, 반도체기업·대학생 연결...9개사 직무·채용정보 제공","앵커사업본부, 청운대학교, 재능대학교, 한국폴리텍대학 인천캠퍼스, 강원대학교가 공동 주관했다. 인천TP는 앞으로도 지역 반도체산업과 청년 인재를 연결하고 기업의 인력 수요에 대응하기 위한 지원을 이어갈 계획이다.",https://www.kmaeil.com/news/articleView.html?idxno=652530,https://www.kmaeil.com/news/articleView.html?idxno=652530,"Tue, 22 Sep 2026 10:24:00 +0900",2026-09-22 10:30:09
반도체,반도체 산업,"[LG 구광모의 AI 승부 ①] 엑사원, ‘제조·금융 분야’ 수익사업 시험대","삼성과 SK가 반도체와 데이터센터를 앞세워 AI 투자 경쟁의 주목을 받는 사이, LG그룹도 인공지능(AI)사업을... 22일 업계에 따르면 구광모 회장이 추진해 온 AI 전략은 연구 성과를 산업 현장과 외부 고객 사업으로... ",https://www.ekn.kr/web/view.php?key=20260922029527643,https://www.ekn.kr/web/view.php?key=20260922029527643,"Tue, 22 Sep 2026 10:24:00 +0900",2026-09-22 10:30:09
반도체,반도체 산업,'AI 확산' 전력 수요 급증 전망에 원전 공론화위 구성…3개월간 숙의,"AI·반도체 산업 활성화를 위한 3대 메가프로젝트로 전기 수요 급증이 예상되는 가운데, 정부가 원자력 발전을 활용할지를 두고 3개월간 공론 절차를 진행합니다. 오늘(22일) 오전, 정부세종청사에서 열린 국무회의에서... ",https://news.jtbc.co.kr/article/NB12319525?influxDiv=NAVER,https://n.news.naver.com/mnews/article/437/0000512269?sid=100,"Tue, 22 Sep 2026 10:23:00 +0900",2026-09-22 10:30:09
반도체,반도체 산업,아틀라스 '로봇학교' 본격 가동…내년엔 10배로,"RMAC을 통해 아틀라스의 다른 산업 활용 가능성도 모색합니다. 제조, 항공우주, 반도체, 물류, 식음료, 생명과학 등 다양한 산업군의 고객들과 논의를 이어가고 있습니다. #현대차그룹 #아틀라스 #보스턴다이내믹스",http://www.yonhapnewstv.co.kr/news/AKR20260922102250J7x,https://n.news.naver.com/mnews/article/422/0000908602?sid=101,"Tue, 22 Sep 2026 10:23:00 +0900",2026-09-22 10:30:09
반도체,반도체 산업,"아틀라스 ‘취업훈련’ 시작됐다…현대차그룹, 美서 로봇 학습 시설 개...",현재 기존 4족 보행 로봇 ‘스팟’과 물류 로봇 ‘스트레치’를 사용하고 있는 제조·항공우주·반도체·물류·식음료·생명과학 분야 고객사들과 아틀라스 활용 방안을 논의하고 있다. 내년부터는 이들 산업에서도... ,https://www.dt.co.kr/article/12085346?ref=naver,https://n.news.naver.com/mnews/article/029/0003049393?sid=101,"Tue, 22 Sep 2026 10:23:00 +0900",2026-09-22 10:30:09
반도체,반도체 산업,강태영 농협은행장 &quot;전남광주 반도체 클러스터 조성 적극 지원&quot;,강태영 농협은행장은 이날 &quot;반도체 클러스터의 성공적인 조성과 지역산업의 도약을 위해서는 기업에 대한 금융지원과 함께 미래산업을 이끌 지역인재를 육성하는 것이 중요하다&quot;며 &quot;전남광주통합특별시의... ,https://www.mt.co.kr/finance/2026/09/22/2026092209220993583,https://n.news.naver.com/mnews/article/008/0005417188?sid=101,"Tue, 22 Sep 2026 10:23:00 +0900",2026-09-22 10:30:09
반도체,반도체 산업,현대차그룹 ‘로봇 학교’ 본격 가동…내년에는 10배 규모 확장,"보스턴다이나믹스는 제조, 항공우주, 반도체, 물류, 식음료, 생명과학 등에서 기존 ‘스팟’과 ‘스트레치’를 활용하는 다양한 산업군의 고객들과 논의를 이어가고 있으며, 내년에는 데이터 수집과 기타 작업을... ",https://www.busan.com/view/busan/view.php?code=2026092210192976672,https://n.news.naver.com/mnews/article/082/0001399445?sid=101,"Tue, 22 Sep 2026 10:23:00 +0900",2026-09-22 10:30:09
반도체,HBM 시장,엔비디아 '루빈'이 MLCC 시장도 흔든다…삼성전기·무라타 고사양 주도...,"무라타의 시장 지위가 더욱 공고해지고 있다고 보도했다. AI 인프라 경쟁의 초점은 그동안 GPU와 CPU, 고대역폭메모리(HBM), 네트워크 장비 등에 집중됐다. 그러나 AI 가속기의 성능과 전력소모가 동시에 높아지고... ",https://www.joongangenews.com/news/articleView.html?idxno=549992,https://www.joongangenews.com/news/articleView.html?idxno=549992,"Tue, 22 Sep 2026 10:26:00 +0900",2026-09-22 10:30:10
반도체,HBM 시장,"삼성전자 배당 막차 D-7...이틀째 상승, 30조원 배당 기대",기록해 시장 기대치를 웃돌 수 있다&quot;고 예상했다. 그는 이어 &quot;HBM 중심의 생산능력 재편이 범용 D램 공급 부족을 장기화하고 가격 상승을 이끄는 구조적 변화&quot;라며 &quot;배당 권리 확보 이후에는 D램 수급과 가격 흐름으로... ,https://www.fnnews.com/news/202609221001069026,https://n.news.naver.com/mnews/article/014/0005579502?sid=101,"Tue, 22 Sep 2026 10:25:00 +0900",2026-09-22 10:30:10
반도체,HBM 시장,"AI 데이터센터 투자, 기판 공급망까지 번졌다…대덕전자 LTA·두산 1조 증...",인공지능(AI) 서버와 데이터센터 투자 확대가 GPU와 고대역폭메모리(HBM)를 넘어 반도체 기판과... 공급망 경쟁은 CCL보다 한 단계 위인 원재료 시장으로도 확산하고 있다. 디지타임스는 최근 고성능 PCB와 CCL에 사용되는... ,https://www.joongangenews.com/news/articleView.html?idxno=549980,https://www.joongangenews.com/news/articleView.html?idxno=549980,"Tue, 22 Sep 2026 10:22:00 +0900",2026-09-22 10:30:10
반도체,HBM 시장,[증시타임] AI 랠리 재점화…코스피 7천 탈환,"HBM 수요와 출하 전망이 최대 관전 포인트 Q. DRAM·NAND 가격 상승 지속 여부에도 관심 Q. AI 서버용 메모리... 과거 한국증시 ‘저평가 시장’ 이미지 강해 Q. 한미, 3,500억 달러 대미투자 패키지 협상 지속 Q. 세부... ",https://biz.sbs.co.kr/article_hub/20000336104?division=NAVER,https://n.news.naver.com/mnews/article/374/0000534297?sid=101,"Tue, 22 Sep 2026 10:20:00 +0900",2026-09-22 10:30:10
반도체,HBM 시장,"[개장 시황] 코스피, 해외 악재 극복하고 2% 오른 7100대 개장...원/달러...","고대역폭 메모리(HBM) 시장에서의 주도권에도 불구하고 전일 대비 보합권에서 숨고르기를 진행하는 모양새다. 삼성전자우는 본주의 강세에 발맞추어 전일 대비 +5.05% 오른 206,000원으로 강한 시세를 형성하고 있다.... ",https://www.businesskorea.co.kr/news/articleView.html?idxno=277500,https://www.businesskorea.co.kr/news/articleView.html?idxno=277500,"Tue, 22 Sep 2026 10:20:00 +0900",2026-09-22 10:30:10
반도체,HBM 시장,"멜콘, EUV·High-NA 대응 강화…사업 영역 확대",THC는 최근 3개년 평균 국내 시장점유율 71%를 기록했다. 2025년 기준 EUV(극자외선) 등 선단공정에서는 국내... 패키징공정에서는 고대역폭메모리(HBM) 제조에 활용되는 하이브리드 본더용 THC 개발을 완료하고... ,https://www.shinailbo.co.kr/news/articleView.html?idxno=5064981,https://www.shinailbo.co.kr/news/articleView.html?idxno=5064981,"Tue, 22 Sep 2026 10:16:00 +0900",2026-09-22 10:30:10
반도체,HBM 시장,삼성 반도체 '좋은 신호' 쏟아진다…HBM4·D램·파운드리 동반 개선,"환율 하락에 따른 부담에도 증익 기조가 이어질 것으로 전망하면서 HBM 고도화를 통해 삼성전자가 메모리 시장에서 경쟁력을 유지할 것으로 예상했다. HBM4 호황, 파운드리에도 일감 늘린다 메모리와 달리 부진이... ",https://www.pinpointnews.co.kr/news/articleView.html?idxno=489469,https://www.pinpointnews.co.kr/news/articleView.html?idxno=489469,"Tue, 22 Sep 2026 10:14:00 +0900",2026-09-22 10:30:10
반도체,HBM 시장,"한미반도체, HBM 다음은 'AI 패키징'…FC 본더 75 첫 출하",한미반도체 관계자는 &quot;FC 본더 75 첫 출하를 시작으로 HBM용 TC 본더뿐 아니라 AI 패키지용 TC 본더와 다양한 패키지 장비를 고객사에 공급할 것&quot;이라며 &quot;AI 반도체 시장에서 기술 경쟁력을 높여 지속적인 매출... ,https://www.bloter.net/news/articleView.html?idxno=674195,https://n.news.naver.com/mnews/article/293/0000090786?sid=101,"Tue, 22 Sep 2026 10:12:00 +0900",2026-09-22 10:30:10
반도체,HBM 시장,"한미반도체, AI 반도체용 2.5D 패키징 'FC 본더 75' 첫 출하",미국 반도체 기업 인텔도 실리콘 브리지(다리)를 활용하는 'EMIB-T' 기술을 앞세워 AI 반도체 패키징 시장에 대응하고 있다. HBM용 TC 본더 넘어 시스템반도체 장비로 확대 한미반도체는 HBM용 열압착(TC) 본더에 이어... ,http://www.inews24.com/view/2008160,https://n.news.naver.com/mnews/article/031/0001060518?sid=105,"Tue, 22 Sep 2026 10:10:00 +0900",2026-09-22 10:30:10
반도체,HBM 시장,"한미반도체, AI 시스템반도체용 'FC 본더 75' 고객사 첫 출하",한미반도체는 'FC 본더 75' 장비 출하로 AI 반도체 시장에서 고대역폭메모리(HBM)에 이어 시스템반도체 2.5D 패키징 시장으로 입지를 강화하게 됐다. 2.5D 패키징은 실리콘 인터포저(Interposer·여러 반도체칩 중간... ,https://www.news1.kr/industry/general-industry/6298462,https://n.news.naver.com/mnews/article/421/0009185397?sid=101,"Tue, 22 Sep 2026 10:03:00 +0900",2026-09-22 10:30:10
반도체,HBM 시장,AI 특수에 삼성전자 HBM4 매출 비중 내년 2배 증가-KB證,같은 날 대신증권 류형근 연구원도 &quot;판가의 우위와 원가 개선이 동시에 발생하고 있다&quot;면서 &quot;양과 질이 동반 개선되면서 삼성전자의 HBM 사업가치가 제고될 것으로 내년도 HBM 시장 점유율 1위를 확보할 전망... ,https://www.fnnews.com/news/202609220924088819,https://n.news.naver.com/mnews/article/014/0005579484?sid=101,"Tue, 22 Sep 2026 10:01:00 +0900",2026-09-22 10:30:10
반도체,HBM 시장,"메모리 넘어 시스템으로…한미반도체, ‘FC 본더 75’ 첫 출하",주력 제품인 HBM(고대역폭메모리)용 장비에 이어 시스템반도체 패키징 시장으로 사업 포트폴리오를 확장하는 전환점이 될 전망이다. 최근 인공지능(AI) 반도체가 고사양화되면서 패키징 기술이 핵심 공정으로... ,https://www.asiatime.co.kr/article/20260922500077,https://www.asiatime.co.kr/article/20260922500077,"Tue, 22 Sep 2026 10:00:00 +0900",2026-09-22 10:30:10
반도체,HBM 시장,&quot;대전에 3대 메가 프로젝트 선도할 국가반도체연구소 둬야&quot;,"허태정 대전시장을 비롯해 정부, 연구기관, 학회, 대학, 기업 등 산·학·연·관 전문가 등 100여명이... 12인치(300㎜)급 첨단 반도체 제조·실증 팹을 구축해 고대역폭메모리(HBM)나 국방 분야 AI 반도체 등에 대한 연구·개발... ",https://www.yna.co.kr/view/AKR20260922051400063?input=1195m,https://n.news.naver.com/mnews/article/001/0016328650?sid=105,"Tue, 22 Sep 2026 10:00:00 +0900",2026-09-22 10:30:10
반도체,HBM 시장,KB증권 &quot;삼성전자 HBM 증설로 D램 공급 부족 심화…가격 상승&quot;,KB증권은 삼성전자의 고대역폭 메모리(HBM) 매출 비중이 내년 2배로 늘어날 것으로 예상되는 가운데 범용... 정상적인 시장의 리드타임인 6주와 비교하면 8배 이상 긴 수준으로 주문 이후 실제 납품까지 사실상 2년... ,https://biz.sbs.co.kr/article_hub/20000336138?division=NAVER,https://n.news.naver.com/mnews/article/374/0000534283?sid=101,"Tue, 22 Sep 2026 09:58:00 +0900",2026-09-22 10:30:10
반도체,HBM 시장,"[AI 대전환 리딩 전략] 한미반도체, HBM·2.5D 패키징 승부수",초고단 HBM 난제 해결…와이드 TC 본더·검사 장비 시너지 AI 반도체 시장의 핵심인 HBM 분야에서 한미반도체는 주력 제품인 'TC 본더'를 앞세워 글로벌 시장 지배력을 공고히 하고 있다. TC 본더는 메모리 칩에 정밀한... ,https://www.bloter.net/news/articleView.html?idxno=674181,https://n.news.naver.com/mnews/article/293/0000090782?sid=101,"Tue, 22 Sep 2026 09:56:00 +0900",2026-09-22 10:30:10
반도체,HBM 시장,KB증권 &quot;삼성전자 HBM 증설로 범용 D램 공급 부족 장기화&quot;,고객이 시장에서 확보할 수 있는 물량은 더 제한되고 있다&quot;고 말했다. 여기에 &quot;D램 가격과 리드타임이 동시에 상승하고 있는 가운데 신규 증설 물량마저 서버용 고용량 제품과 HBM을 중심으로 우선 배정되면서 범용... ,https://www.getnews.co.kr/news/articleView.html?idxno=881497,https://www.getnews.co.kr/news/articleView.html?idxno=881497,"Tue, 22 Sep 2026 09:54:00 +0900",2026-09-22 10:30:10
반도체,HBM 시장,"한미반도체 HBM 장비 넘어 2.5D 패키징 공략, 'FC 본더 75' 첫 출하",&lt;한미반도체&gt; 한미반도체가 고대역폭메모리(HBM)용 장비에 이어 인공지능(AI) 반도체 2.5D 패키징 시장으로 사업 영역을 넓힌다. 한미반도체는 22일 AI 반도체 2.5D 패키징을 지원하는 'FC 본더 75'를 글로벌 고객사에... ,https://www.businesspost.co.kr/BP?command=article_view&num=447774,https://www.businesspost.co.kr/BP?command=article_view&num=447774,"Tue, 22 Sep 2026 09:52:00 +0900",2026-09-22 10:30:10
반도체,HBM 시장,"&quot;삼성전자, HBM 매출 비중 증가로 범용 D램 공급 부족 심화&quot;...KB증권, D램...",고객이 시장에서 확보할 수 있는 물량은 더 제한되고 있다&quot;고 말했다. 여기에 &quot;D램 가격과 리드타임이 동시에 상승하고 있는 가운데 신규 증설 물량마저 서버용 고용량 제품과 HBM을 중심으로 우선 배정되면서 범용... ,http://www.beyondpost.co.kr/view.php?ud=2026092209403047012aaae0046f_30,http://www.beyondpost.co.kr/view.php?ud=2026092209403047012aaae0046f_30,"Tue, 22 Sep 2026 09:46:00 +0900",2026-09-22 10:30:10
반도체,파운드리 수주,[오늘의 이슈]휴머노이드 서밋 서울 개막…피지컬 AI 현주소 점검,"코엑스에서는 휴머노이드 부품 수주 발표가 있는지, 마우이에서는 퀄컴 신형 칩이 어떤 메모리와 파운드리를 쓰는지 확인하면 된다. 금리 여건은 그대로다. 미 10년물이 5% 위에 있는 동안 실적 없는 로봇주는... ",http://www.newskr.kr/news/articleView.html?idxno=106566,http://www.newskr.kr/news/articleView.html?idxno=106566,"Tue, 22 Sep 2026 07:12:00 +0900",2026-09-22 10:30:11
반도체,파운드리 수주,앱을 닫아도 클라우드는 켜져 있다…AI 에이전트가 흔드는 반도체 판도,"메타는 이 서비스에 매주 1억 개의 무료 토큰을 제공하며, 유료 요금제는 월 20달러(약 2만 7500원) 수준으로... 및 파운드리 업체의 실적 발표와 서버 출하량 지표를 통해 에이전트 기반 인프라 수요의 실체가... ",https://www.g-enews.com/view.php?ud=202609220644084896fbbec65dfb_1,https://www.g-enews.com/view.php?ud=202609220644084896fbbec65dfb_1,"Tue, 22 Sep 2026 06:52:00 +0900",2026-09-22 10:30:11
반도체,파운드리 수주,"HBM에 웃는 파운드리… 삼성, 4나노 증설 채비",HBM4 생산확대뿐만 아니라 엔비디아의 AI 추론용 반도체인 '그록(Groq)3 LPU(언어처리장치)'도 삼성 파운드리 4나노 공정에서 생산된다. 수요가 몰리면서 삼성전자는 최근 4나노 신규수주 물량의 가격을 인상했다.... ,https://www.mt.co.kr/industry/2026/09/22/2026092119545912109,https://n.news.naver.com/mnews/article/008/0005417004?sid=101,"Tue, 22 Sep 2026 04:00:00 +0900",2026-09-22 10:30:11
반도체,파운드리 수주,"애플·엔비디아 몰려간다… TSMC, 1.4나노 공장 4곳 2028년 출격","TSMC가 2028년 2분기 1.4나노 공정 4곳을 가동하고 웨이퍼 3만 5000달러 가격으로 양산에 돌입한다는 Wccftech의 보도에 따라, 국내 파운드리 및 시스템반도체 기업들은 첨단 선단공정 수주 전에서 경쟁 압박을 받게 되며... ",https://www.g-enews.com/view.php?ud=20260921193509563fbbec65dfb_1,https://www.g-enews.com/view.php?ud=20260921193509563fbbec65dfb_1,"Tue, 22 Sep 2026 03:46:00 +0900",2026-09-22 10:30:11
반도체,파운드리 수주,"[삼성 인사 전망]② 사장 아래 161명… 30대 상무·40대 부사장, 다음 자...",올해 2분기 파운드리는 HBM 베이스 다이와 미국 고객 물량 증가로 매출이 늘었다. 삼성전자는 하반기에 2나노 2세대 모바일 제품 양산을 시작하고 AI·HPC 고객 수주를 확대하겠다고 밝혔다. 김영대와 정용덕에게는... ,https://www.newsclaim.co.kr/news/articleView.html?idxno=3076184,https://www.newsclaim.co.kr/news/articleView.html?idxno=3076184,"Tue, 22 Sep 2026 00:00:00 +0900",2026-09-22 10:30:11
반도체,파운드리 수주,HBM에 웃는 삼성 파운드리…첨단 공정 생산능력 확대 채비,HBM4 생산 확대뿐만 아니라 엔비디아의 AI 추론용 반도체인 '그록(Groq) 3 LPU(언어처리장치)'도 삼성 파운드리 4나노 공정에서 생산된다. 수요가 몰리면서 삼성전자는 최근 4나노 신규 수주 물량에 대한 가격을... ,https://www.mt.co.kr/industry/2026/09/22/2026092114333425215,https://n.news.naver.com/mnews/article/008/0005416922?sid=101,"Mon, 21 Sep 2026 17:20:00 +0900",2026-09-22 10:30:11
반도체,파운드리 수주,"퓨리오사AI, 3세대 칩에 HBM 12개 탑재...HBM 물량 조달 어떻게",업계 안팎에서는 퓨리오사AI가 막대한 비용 부담에도 불구하고 브로드컴의 턴키(일괄 수주) 서비스를 선택한 이유도 바로 이 '공급망 장악력'에 있다고 보고 있다. 최선단 파운드리 공정과 HBM 등 핵심 인프라를... ,https://zdnet.co.kr/view/?no=20260921153622,https://n.news.naver.com/mnews/article/092/0002438327?sid=105,"Mon, 21 Sep 2026 17:03:00 +0900",2026-09-22 10:30:11
반도체,파운드리 수주,"AI 반도체 병목 뚫는다…후공정 장비, 설비투자 슈퍼사이클 주역 부상",대규모 수주가 집중될 것으로 전망된다. 그러나 이번 반도체 사이클에서 가장 두드러진 구조적 변화는... 이에 글로벌 파운드리와 패키징 전문기업(OSAT)들은 일제히 후공정 설비 증설에 사활을 걸고 있다. 사진... ,https://www.mhns.co.kr/news/articleView.html?idxno=761259,https://www.mhns.co.kr/news/articleView.html?idxno=761259,"Mon, 21 Sep 2026 15:40:00 +0900",2026-09-22 10:30:11
반도체,파운드리 수주,가동률 오른 삼성 파운드리… 2나노·테일러가 흑자전환 시점 가른다,반도체 업계 관계자는 “삼성 파운드리는 지난해보다 가동률과 고객 물량이 개선되면서 사업 자체는 분명히 좋아지고 있다”며 “다만 파운드리는 수주를 많이 받는 것보다 높은 수율로 생산해 실제 이익을 남기는 것이... ,https://biz.chosun.com/it-science/ict/2026/09/21/FBVPRGVBDFGOBGZSJ6R7YIKP7M/?utm_source=naver&utm_medium=original&utm_campaign=biz,https://n.news.naver.com/mnews/article/366/0001193694?sid=105,"Mon, 21 Sep 2026 15:30:00 +0900",2026-09-22 10:30:11
반도체,파운드리 수주,"옵토전자, KES 2026서 'WLO 기반 포토닉스 파운드리' 공개… &quot;초정밀 공정...","국내외 글로벌 반도체 팹리스, 광학 센서 제조사, 팹리스 부품업체들과 커스텀 WLO 및 포토닉스 파운드리 수주 프로젝트를 활발히 진행 중이다. 옵토전자는 KES 2026에서 전자·반도체 테크 리더들과 전략적 수주 협조... ",https://kr.aving.net/news/articleView.html?idxno=1814573,https://kr.aving.net/news/articleView.html?idxno=1814573,"Mon, 21 Sep 2026 15:22:00 +0900",2026-09-22 10:30:11
반도체,파운드리 수주,원익IPS 6.01% 상승…반도체 장비 수주 회복 기대,반기보고서 기준 수주잔고는 약 6346억원으로 파악된다. 회사는 반도체 증착·열처리 장비를 공급하고 있어 메모리와 파운드리 고객사의 투자 일정이 매출 인식 시점을 좌우한다. 반도체 장비 업체는 고객사의... ,https://www.job-post.co.kr/news/articleView.html?idxno=228554,https://www.job-post.co.kr/news/articleView.html?idxno=228554,"Mon, 21 Sep 2026 15:04:00 +0900",2026-09-22 10:30:11
반도체,파운드리 수주,"현대차·폴크스바겐 배터리 셀 자체 개발에… 배터리 3사, 하청사로 전...",‘팹리스·파운드리' 전략을 시행하겠다고 발표했다. 현대차는 기존 하이니켈 배터리에 비해 출력을 2배... 그러나 높은 기술 수준이 요구되는 배터리 셀을 현대차가 자체 개발할 경우 배터리 제조사들은 사실상 위탁... ,https://biz.chosun.com/industry/car/2026/09/21/RHP5NZCB4REE7BIR27FXD5TUSI/?utm_source=naver&utm_medium=original&utm_campaign=biz,https://n.news.naver.com/mnews/article/366/0001193674?sid=103,"Mon, 21 Sep 2026 14:46:00 +0900",2026-09-22 10:30:11
반도체,파운드리 수주,"TSMC, CoWoS 병목 잡으려 '공급사 검증센터' 짓는다…삼성전자·韓 소부...",|중앙이코노미뉴스 윤남웅 기자|세계 최대 파운드리(반도체 위탁생산) 업체 TSMC가 인공지능(AI) 반도체... 다만 백포 산업단지 구축이 특정 국내 소부장 업체의 TSMC 신규 수주로 이어졌다는 사실은 현재 확인되지... ,https://www.joongangenews.com/news/articleView.html?idxno=549700,https://www.joongangenews.com/news/articleView.html?idxno=549700,"Mon, 21 Sep 2026 14:38:00 +0900",2026-09-22 10:30:11
반도체,파운드리 수주,"MDS테크, 차량용 임베디드 기술력 입증... SDV 시대 맞아 성장 모멘텀 가...","차량용 인포테인먼트와 전장 솔루션 분야에서는 LG전자와 유니트론텍, 모트렉스, 엣지파운드리가 상승... 사업 구조와 자율주행 관련 매출 비중이 다른 만큼 실제 수주와 매출 증가 여부를 확인할 필요가 있다&quot;고 말했다.",https://www.pinpointnews.co.kr/news/articleView.html?idxno=489092,https://www.pinpointnews.co.kr/news/articleView.html?idxno=489092,"Mon, 21 Sep 2026 13:24:00 +0900",2026-09-22 10:30:11
반도체,파운드리 수주,"AI가 MLCC까지 빨아들인다…삼성전기 '4조 수주' 눈앞, 주문은 2027년까지","삼성전자는 AI 가속기와 데이터센터용 반도체 시장 확대에 대응해 HBM과 파운드리, 첨단 패키징 사업을... 해외 시장 분석에서는 무라타의 세계 MLCC 시장 점유율을 약 40%, 삼성전기를 20%대 수준으로 추산한다. AI 서버... ",https://www.joongangenews.com/news/articleView.html?idxno=549619,https://www.joongangenews.com/news/articleView.html?idxno=549619,"Mon, 21 Sep 2026 12:10:00 +0900",2026-09-22 10:30:11
반도체,파운드리 수주,"[오늘의 삼전닉스] 외인 폭발적인 '삼성전자 베팅', 이유 있는 급등세",지역별 수출 통계에 따르면 빅테크 데이터센터와 파운드리(위탁생산) 업체가 위치한 대만과 미국의 반도체·부품 수출이 2배 이상 폭증했다. 이는 글로벌 AI(인공지능) 가속기 및 서버용 고성능 메모리 수주 확대에... ,https://economist.co.kr/article/view/ecn202609210021,https://n.news.naver.com/mnews/article/243/0000103359?sid=101,"Mon, 21 Sep 2026 11:31:00 +0900",2026-09-22 10:30:11
반도체,파운드리 수주,"광통신에 양자칩까지…가온칩스, '연산 1000배' 꿈의 반도체 설계가 갖...","가온칩스는 첨단 패키징 설계 경험을 바탕으로 향후 실리콘 포토닉스 및 광-전자 통합 칩 설계 솔루션 영역까지 수주 풀을 선제적으로 넓힐 수 있는 발판을 마련했다. 셋째, 삼성 파운드리 연계 '턴키(Turn-key)' 양산... ",http://www.newsprime.co.kr/news/article.html?no=748503,http://www.newsprime.co.kr/news/article.html?no=748503,"Mon, 21 Sep 2026 11:14:00 +0900",2026-09-22 10:30:11
반도체,파운드리 수주,OSAT 수요 급증에 웃는 시그네틱스...글로벌 반도체 훈풍 타고 도약,"가동률과 수주 잔고 역시 상승했다. 업계에서는 주요 고객사의 반도체 출하량 증가가 시그네틱스의 실적... 파운드리 가동률이 회복될 경우 디자인하우스와 반도체 설계자산(IP), 테스트·패키징 업체까지 수혜가 확산할... ",https://www.pinpointnews.co.kr/news/articleView.html?idxno=488972,https://www.pinpointnews.co.kr/news/articleView.html?idxno=488972,"Mon, 21 Sep 2026 09:56:00 +0900",2026-09-22 10:30:11
반도체,파운드리 수주,"[더벨][코스닥 메자닌 프리즘] 상장 2년차 링크솔루션, 300억 CB 발행 승...",회사의 첫 파운드리 수주라는 점에서 의미가 있지만 전체 생산능력인 연간 500억원의 약 1.3%에 불과하다. 현재로서는 추가 양산 전환과 후속 수주 여부를 지켜볼 필요가 있다. 링크솔루션 측은 &quot;당초 예상했던 장비... ,https://www.thebell.co.kr/free/content/ArticleView.asp?key=202609170059519010107353,https://www.thebell.co.kr/free/content/ArticleView.asp?key=202609170059519010107353,"Mon, 21 Sep 2026 07:02:00 +0900",2026-09-22 10:30:11
2차전지,2차전지 주가,"[서울데이터랩] 코스닥, 844.08로 상승 출발…개인 매수에 반도체·2차전...","간밤 미국 기술주 강세 영향 속에 반도체, 2차전지, 로봇주가 동반 오르며 지수를 끌어올리는 모습이다. 22일 오전 9시 15분 기준, 한국거래소에 따르면 코스닥지수는 전 거래일 836.27보다 7.81포인트(0.93... ",https://www.seoul.co.kr/news/economy/securities/2026/09/22/20260922500039?wlog_tag3=naver,https://n.news.naver.com/mnews/article/081/0003682593?sid=101,"Tue, 22 Sep 2026 09:34:00 +0900",2026-09-22 10:30:12
2차전지,2차전지 주가,"[서울데이터랩] 코스닥, 844.08로 상승 출발…개인 매수에 반도체·2차전...","간밤 미국 기술주 강세 영향 속에 반도체, 2차전지, 로봇주가 동반 오르며 지수를 끌어올리는 모습이다. 22일 오전 9시 15분 기준, 한국거래소에 따르면 코스닥지수는 전 거래일 836.27보다 7.81포인트(0.93... ",https://www.seoul.co.kr/news/economy/securities/2026/09/22/20260922500040?wlog_tag3=naver,https://n.news.naver.com/mnews/article/081/0003682591?sid=101,"Tue, 22 Sep 2026 09:31:00 +0900",2026-09-22 10:30:12
2차전지,2차전지 주가,"코스피, 장초반 2%대 급등해 7150선…삼성전자·SK하이닉스 동반 강세",미국 증시에서 AI와 CPU 관련 기술주가 급등한 데 이어 국내에서도 반도체·전기전자 종목 전반으로 강세가 확산되는 흐름이다. 자동차와 2차전지도 상승 흐름에 동참하고 있다. 현대차는 2.02% 오른 36만6250원... ,https://www.pinpointnews.co.kr/news/articleView.html?idxno=489421,https://www.pinpointnews.co.kr/news/articleView.html?idxno=489421,"Tue, 22 Sep 2026 09:14:00 +0900",2026-09-22 10:30:12
2차전지,2차전지 주가,9월 21일 주식시장 주요공시,"42%) 규모 공급계약(2차전지 제조 인프라 및 전용 장비 운용을 통한 샘플 제작 용역 계약) 체결(계약기간... 최대주주가 한국산업은행으로 변경 ▶아틀라스링크, 타법인 증권 취득자금 확보를 위해... ",https://www.catchnews.kr/news/articleView.html?idxno=128713,https://www.catchnews.kr/news/articleView.html?idxno=128713,"Tue, 22 Sep 2026 08:48:00 +0900",2026-09-22 10:30:12
2차전지,2차전지 주가,[어제장 오늘장] 코스피 7천피 탈환…뉴욕발 반도체 훈풍 이어갈까,"2차전지 대표주는 하락했고요. 이오테크닉스, 원익IPS 등이 6% 넘는 상승세를 기록했습니다. 환율은... 간밤 뉴욕증시 AI주가 굉장히 좋았습니다. 메타와 인텔이 두자릿수 상승률을 나타냈는데요. 우리 시장 오늘도... ",https://biz.sbs.co.kr/article_hub/20000336102?division=NAVER,https://n.news.naver.com/mnews/article/374/0000534262?sid=101,"Tue, 22 Sep 2026 08:27:00 +0900",2026-09-22 10:30:12
2차전지,2차전지 주가,"미국증시, 유가 급락·메타 AI에 급등…CPU 반도체 랠리로 나스닥 최고치",기술주와 대형 성장주가 시장 상승을 주도했지만 중소형주까지 동반 상승했다는 점에서 이날 흐름은... 미국 10년물 국채수익률이 5% 아래로 내려온 것은 코스닥의 바이오·인터넷·2차전지 등 고밸류에이션... ,https://www.topstarnews.net/news/articleView.html?idxno=16206068,https://www.topstarnews.net/news/articleView.html?idxno=16206068,"Tue, 22 Sep 2026 06:44:00 +0900",2026-09-22 10:30:12
2차전지,2차전지 주가,"[N2 모닝 경제 브리핑-9월 22일] 美 증시, 유가·금리 하락에 상승 마감...","87%) 등 주요 반도체주가 일제히 상승했다. 특히 AMD가 9.95% 급등하며 시가총액 1조 달러를 넘어섰고, ARM... 규모 2차전지 제조 인프라 및 전용 장비 운용을 통한 샘플 제작 용역 계약 체결 - 서희건설... ",https://www.news2day.co.kr/article/20260921500263,https://www.news2day.co.kr/article/20260921500263,"Tue, 22 Sep 2026 05:50:00 +0900",2026-09-22 10:30:12
2차전지,2차전지 주가,"코스피, 반도체 훈풍에 7000선 탈환…삼성전자 4.6% 급등",지난 주말 미국 증시에서 반도체주가 강세를 보인 가운데 트럼프 대통령의 인공지능(AI) 산업 육성... 시가총액 상위 종목들은 2차전지주를 제외하고 모두 상승 마감했다. 이날 2차전지주인 에코프로비엠(-1.43... ,http://www.metroseoul.co.kr/article/20260921500611,http://www.metroseoul.co.kr/article/20260921500611,"Mon, 21 Sep 2026 17:12:00 +0900",2026-09-22 10:30:12
2차전지,2차전지 주가,"[증시 인사이트] 이번 주, 추석 연휴로 국내증시 3거래일만 개장","코스닥은 일부 2차전지, 바이오 관련주는 쉬어갔는데요. 반도체 소부장과 의료AI 관련주가 강세를 보이며 지수를 떠받쳤습니다. 지난주 내내 상승세였던 광통신 관련주도 오늘은 종목 별로 희비가 갈린 듯하고요?... ",https://biz.sbs.co.kr/article_hub/20000335989?division=NAVER,https://n.news.naver.com/mnews/article/374/0000534162?sid=101,"Mon, 21 Sep 2026 16:36:00 +0900",2026-09-22 10:30:12
2차전지,2차전지 주가,"코스피, 반도체 강세에 1%대 올라 7000선 탈환…삼성전자 4.98%↑",반면 2차전지와 자동차 대형주는 약세를 나타냈다. LG에너지솔루션은 3.30% 하락한 35만2000원... 코스피에서 삼성전자 등 반도체 대형주가 상승을 주도했다면 코스닥에서는 반도체 장비주가 강한 흐름을... ,https://www.pinpointnews.co.kr/news/articleView.html?idxno=489241,https://www.pinpointnews.co.kr/news/articleView.html?idxno=489241,"Mon, 21 Sep 2026 16:36:00 +0900",2026-09-22 10:30:12
2차전지,2차전지 주가,"반도체 수출 호조에 1.65%↑…코스피, 7000선 회복","반도체주가 지수 상승을 이끌었다. 삼성전자는 4.41% 오른 27만2000원, SK하이닉스는 0.54% 상승한... 반면 2차전지주는 약세를 보였다. LG에너지솔루션과 엘앤에프, 포스코퓨처엠 등이 각각 2.88%, 2.70%, 2.88% 하락했다.... ",http://www.newsian.co.kr/news/articleView.html?idxno=95769,http://www.newsian.co.kr/news/articleView.html?idxno=95769,"Mon, 21 Sep 2026 16:30:00 +0900",2026-09-22 10:30:12
2차전지,2차전지 주가,삼성전자 5% 급등…코스피 7거래일 만에 '7천피' 마감,"엔비디아(+1.34%), 브로드컴(+2.97%), AMD(+2.70%), 마이크론(+3.92%) 등 주요 반도체주가 강세를 보이면서... 2차전지·철강·조선·방산·자동차도 약세였다. 프랑스 재정 우려로 주요국 장기 국채금리가 오른 점은... ",https://www.nocutnews.co.kr/news/6581480?utm_source=naver&utm_medium=article&utm_campaign=20260921042322,https://n.news.naver.com/mnews/article/079/0004191691?sid=101,"Mon, 21 Sep 2026 16:24:00 +0900",2026-09-22 10:30:12
2차전지,2차전지 주가,"[ETF 시황] 삼성전자 5% 가까이 급등, 레버리지 ETF 상위권 싹쓸이",97%) 등 주요 반도체주가 강세를 보인 흐름이 국내 반도체주로 이어졌다. [서울=뉴스핌] 이건주 기자... 2차전지 관련 레버리지 상품인 'TIGER 2차전지TOP10레버리지'와 'KODEX 2차전지산업레버리지'도 각각 4.49... ,https://www.newspim.com/news/view/20260921001057,https://www.newspim.com/news/view/20260921001057,"Mon, 21 Sep 2026 16:23:00 +0900",2026-09-22 10:30:12
2차전지,2차전지 주가,"[마감시황]코스닥, 836.27로 1.11% 상승 마감…반도체 장비 강세·개인 순...",시가총액 상위 종목에서는 반도체 장비·부품주가 지수 상승을 이끌었다. 이오테크닉스(039030)는 6.73... 규모 2차전지 제조 인프라·전용장비 운용 용역 계약을 공시했다. 피델릭스는 50억원 규모... ,https://www.seoul.co.kr/news/economy/securities/2026/09/21/20260921500272?wlog_tag3=naver,https://n.news.naver.com/mnews/article/081/0003682336?sid=101,"Mon, 21 Sep 2026 16:23:00 +0900",2026-09-22 10:30:12
2차전지,2차전지 주가,"[마감시황] 코스피, 반도체 강세에 7000선 회복…삼성전자 5%↑",코스피는 삼성전자가 5% 가까이 오르는 등 반도체 대형주가 강세를 보이면서 7000선을 회복했고... 금융주 일부가 상승한 반면 LG에너지솔루션을 비롯한 2차전지주는 약세를 보였다. 자동차 등 일부 시가총액... ,https://www.newspim.com/news/view/20260921001022,https://www.newspim.com/news/view/20260921001022,"Mon, 21 Sep 2026 16:09:00 +0900",2026-09-22 10:30:12
2차전지,2차전지 주가,[거래소 기관] 삼성전자 SK하이닉스 삼성전기 삼성전자우 SK스퀘어 '왕성...,"삼성전자에 매수세가 몰리면서 순매수 상위권을 반도체 관련주가 휩쓸었다. 반면 NAVER와 현대차... 자동차와 2차전지 관련주에서는 매도세가 두드러졌다. 현대차와 기아, 현대모비스가 순매도 상위권에 함께 이름을... ",https://www.pinpointnews.co.kr/news/articleView.html?idxno=489227,https://www.pinpointnews.co.kr/news/articleView.html?idxno=489227,"Mon, 21 Sep 2026 16:04:00 +0900",2026-09-22 10:30:12
2차전지,2차전지 주가,[거래소 외국인] 삼성전자 폭풍매수...SK하이닉스는 던졌다,"금융주 가운데서는 삼성증권과 미래에셋증권, 한국금융지주가 외국인 순매수 종목으로 집계됐다.... 2차전지와 소재주에서는 삼성SDI와 OCI홀딩스, 포스코인터내셔널, LG이노텍 등이 외국인 순매도 종목에 포함됐다.... ",https://www.pinpointnews.co.kr/news/articleView.html?idxno=489224,https://www.pinpointnews.co.kr/news/articleView.html?idxno=489224,"Mon, 21 Sep 2026 16:00:00 +0900",2026-09-22 10:30:12
2차전지,2차전지 주가,[코스닥 기관] 반도체 담고 네오사피엔스·에코프로 팔았다,"장비주가 동시에 순매수 상위권에 자리했다. 기관의 관심은 반도체에만 머물지는 않았다. 하이젠알앤엠과... 반면 기관의 순매도 상위권에서는 바이오와 2차전지, 로봇, 반도체 등 여러 업종의 종목이 섞여 나타났다.... ",https://www.pinpointnews.co.kr/news/articleView.html?idxno=489221,https://www.pinpointnews.co.kr/news/articleView.html?idxno=489221,"Mon, 21 Sep 2026 15:58:00 +0900",2026-09-22 10:30:12
2차전지,2차전지 주가,반도체 훈풍에 코스피 7000선 회복... 1.65% 상승 [마감시황],"은행과 증권주가 순환매에 힘입어 강세를 나타냈다. 반면 최근 상승했던 광통신과 전선, 전력기기 등 AI 인프라 일부 업종에서는 차익실현 매물이 나왔다. 2차전지와 철강, 조선, 방산, 자동차도 약세를 보이는 등... ",https://www.m-i.kr/news/articleView.html?idxno=1416931,https://www.m-i.kr/news/articleView.html?idxno=1416931,"Mon, 21 Sep 2026 15:48:00 +0900",2026-09-22 10:30:12
2차전지,배터리 산업,현대차 美생산거점에 '아틀라스' 들어왔다... 자동차 부품 작업 훈련 돌...,아틀라스는 보스턴다이내믹스가 산업현장 투입을 목표로 개발한 전기식 휴머노이드 로봇이다. 최대 50㎏의 물체를 들어 올릴 수 있으며 배터리가 부족하면 스스로 충전시설로 이동해 배터리를 교체한 뒤 작업을... ,https://www.insight.co.kr/news/574733,https://www.insight.co.kr/news/574733,"Tue, 22 Sep 2026 10:28:00 +0900",2026-09-22 10:30:12
2차전지,배터리 산업,"&quot;전기차 차체·배터리 따로 구매&quot;…소유권 분리, 새로운 모빌리티 시장...",손명수 의원은 &quot;전기차 대중화에 맞춰 국민이 부담 없이 전기차를 선택하고 이용할 수 있는 환경을 만드는 것이 중요하다&quot;며 &quot;이번 세미나가 소비자 부담을 낮추고 자동차·배터리 산업의 새로운 활로를 모색하는 계기가... ,http://www.metroseoul.co.kr/article/20260922500121,http://www.metroseoul.co.kr/article/20260922500121,"Tue, 22 Sep 2026 10:26:00 +0900",2026-09-22 10:30:12
2차전지,배터리 산업,집코노미서 '업그레이드 힐스테이트' 공개한다..'웨어러블 로봇'도 시연,"현대건설이 건설업계 최초로 도입한 ‘웨어러블 엑스 숄더’는 별도의 모터나 배터리 없이 기계식 구조로... 첫날에는 장우철 국토교통부 주택정책관과 허윤경 한국건설산업연구원 연구위원, 이창무 한양대 도시공학과... ",https://www.hankyung.com/article/202609220312i,https://n.news.naver.com/mnews/article/015/0005335060?sid=101,"Tue, 22 Sep 2026 10:24:00 +0900",2026-09-22 10:30:12
2차전지,배터리 산업,"자율주행·전기차 시대 수혜… 네오티스, 고부가가치 전장 부품 드라이...","유니테크노와 오스템, 우리산업홀딩스, 티에이치엔, 모티브링크 등도 상승세를 이어가고 있다. 자동차용 전장과 전력·배터리 관련 부품주도 움직이고 있다. 인지컨트롤스, 금호에이치티, 금호타이어, 디와이, 네오오토... ",https://www.pinpointnews.co.kr/news/articleView.html?idxno=489472,https://www.pinpointnews.co.kr/news/articleView.html?idxno=489472,"Tue, 22 Sep 2026 10:22:00 +0900",2026-09-22 10:30:12
2차전지,배터리 산업,"K-배터리 주도권 되찾는다…정부, 나트륨·전고체 집중 지원",▲ 지난 3월 11일 서울 강남구 코엑스에서 열린 배터리 산업 전문 전시회 '인터배터리 2026'에서 참관객들이 삼성SDI 전고체 배터리 라인업을 둘러보고 있다. 정부와 배터리 업계가 중국에 내준 시장 주도권을 되찾기... ,https://news.sbs.co.kr/news/endPage.do?news_id=N1008765352&plink=ORI&cooper=NAVER,https://n.news.naver.com/mnews/article/055/0001390276?sid=101,"Tue, 22 Sep 2026 10:18:00 +0900",2026-09-22 10:30:12
2차전지,배터리 산업,"[위클리오늘] 산업일반 소식_LG에너지솔루션, 한화솔루션 (9.22)","국내 배터리 기업 가운데 유일하게 엔비디아의 차세대 AI 팩토리 생태계에 합류했다. LG에너지솔루션은... 지난 5월에는 미국 유틸리티 기업 DTE에너지와 6GWh 규모 ESS 배터리 공급계약을 체결했고, 7월에는... ",http://www.weeklytoday.com/news/articleView.html?idxno=795518,http://www.weeklytoday.com/news/articleView.html?idxno=795518,"Tue, 22 Sep 2026 10:18:00 +0900",2026-09-22 10:30:12
2차전지,배터리 산업,제주 88억 R&amp;D 설계도 공개… 남는 전기 '열'로 저장·AI가 화장품 처방,"재생에너지 출력제어로 버려지는 전기를 열로 바꿔 저장하고 전기차 배터리를 전력망 안정에 활용하는... 산학연 허브 구축 61억7500만원, 미래신산업 맞춤 인력양성 14억3000만원, 딥테크 지역확산 6억1400만원, 은퇴... ",https://www.fnnews.com/news/202609220927041160,https://n.news.naver.com/mnews/article/014/0005579493?sid=102,"Tue, 22 Sep 2026 10:17:00 +0900",2026-09-22 10:30:12
2차전지,배터리 산업,전기차 배터리 '독립 자산'으로…소유권 분리 법안 통과 촉구,손명수 의원은 &quot;국민이 부담 없이 전기차를 선택하고 이용할 수 있는 환경을 만드는 것이 중요하다&quot;며 &quot;소비자 부담을 낮추고 자동차·배터리 산업의 새로운 활로를 마련할 수 있도록 국회 차원의 제도적 지원에 힘쓰겠다... ,https://www.pointdaily.co.kr/news/articleView.html?idxno=320179,https://www.pointdaily.co.kr/news/articleView.html?idxno=320179,"Tue, 22 Sep 2026 10:16:00 +0900",2026-09-22 10:30:12
2차전지,배터리 산업,&quot;전기차 보급 늘리려면 '배터리 소유권' 분리해야&quot;,"그는 또 배터리가 독립 자산이 되면 완성차와 배터리 기업뿐 아니라 금융사, 시험·인증기관, 에너지기업, 재활용기업 등 다양한 산업 주체가 배터리의 생애주기에 참여할 수 있다고 밝혔다. 이에 따라 표준화, 안전기준... ",https://www.mt.co.kr/industry/2026/09/22/2026092210050040178,https://n.news.naver.com/mnews/article/008/0005417174?sid=101,"Tue, 22 Sep 2026 10:14:00 +0900",2026-09-22 10:30:12
2차전지,배터리 산업,"거래소, 자체 산업분류체계 도입…다음달 26일 공표","국내 증시의 산업 구성을 고려해 모빌리티(1단계), 조선 및 선박(3단계), 배터리(3단계) 등 주요 산업을 별도로 구분한 증시 전용 분류체계를 마련했다. 거래소는 &quot;하반기 중 코스피200, 코스닥150 등 대표지수에 KRX... ",https://view.asiae.co.kr/article/2026092210104587389,https://n.news.naver.com/mnews/article/277/0005819739?sid=101,"Tue, 22 Sep 2026 10:10:00 +0900",2026-09-22 10:30:12
2차전지,배터리 산업,"상장사 업종 분류 다시 짠다 … 한국거래소, 'KRICS' 10월 공개","국내 증시 특성에 맞춰 모빌리티와 조선·선박, 배터리 등을 별도 산업으로 구분하고 향후 코스피200, 코스닥150 등 대표지수에도 순차적으로 적용할 계획이다. 한국거래소는 22일 국내 산업환경에 적합한 상장기업의... ",https://biz.newdaily.co.kr/site/data/html/2026/09/22/2026092200079.html,https://biz.newdaily.co.kr/site/data/html/2026/09/22/2026092200079.html,"Tue, 22 Sep 2026 10:10:00 +0900",2026-09-22 10:30:12
2차전지,배터리 산업,"[제주 24시] 제주 학생들, 청소년 도박 위험성 알리고 마약 예방 한마당...",학교별 최우수상에는 △삼양초등학교의 '탈출 비밀번호 1336' △제주동중학교의 '버튼' △서귀포산업과학고... 특히 에너지저장장치(ESS)를 대상으로 △배터리 이상징후 및 온도·환기 관리상태 △화재감지·소방설비... ,https://www.sisajournal.com/news/articleView.html?idxno=388008,https://n.news.naver.com/mnews/article/586/0000138710?sid=102,"Tue, 22 Sep 2026 10:05:00 +0900",2026-09-22 10:30:12
2차전지,배터리 산업,"민관, K-배터리에 8.4조원 투입…나트륨·전고체 집중 지원","산업통상부는 22일 서울 대한상공회의소에서 LG에너지솔루션, 삼성SDI, SK온, 포스코퓨처엠, 엘앤에프, 에코프로비엠 등 배터리 업계 및 유관 기관 등 관계자들과 함께 간담회를 열고 이같은 ‘배터리 산업 기술 로드맵’... ",https://biz.heraldcorp.com/article/10881667?ref=naver,https://n.news.naver.com/mnews/article/016/0002700709?sid=101,"Tue, 22 Sep 2026 10:02:00 +0900",2026-09-22 10:30:12
2차전지,배터리 산업,H100 가격 한 달 새 22% 급등…GPU 품귀에 기업·연구 현장 ‘비상’,“용인 팹 가동 코앞인데 도로·용수 미비” - 핵심 요약: 한국경제인협회는 21일 반도체·디스플레이·배터리·바이오·로봇 등 ‘국가첨단전략산업 정책 건의 과제’ 41건을 규제합리화위원회와 국회 등에... ,https://www.sedaily.com/article/20093760?ref=naver,https://n.news.naver.com/mnews/article/011/0004664387?sid=101,"Tue, 22 Sep 2026 10:01:00 +0900",2026-09-22 10:30:12
2차전지,배터리 산업,"&quot;배터리는 빌려 쓰고, 차만 산다&quot;…전기차 배터리 소유권 분리 국회 논...",손명수 의원은 &quot;전기차 대중화에 맞춰 국민이 부담 없이 전기차를 선택하고 이용할 수 있는 환경을 만드는 것이 중요하다&quot;며 &quot;이번 세미나가 소비자 부담을 낮추고 자동차·배터리 산업의 새로운 활로를 모색하는 계기가... ,https://www.fnnews.com/news/202609220829568155,https://n.news.naver.com/mnews/article/014/0005579482?sid=101,"Tue, 22 Sep 2026 10:01:00 +0900",2026-09-22 10:30:12
2차전지,리튬 시장,LG전자와 LG에너지솔루션이 ‘엔비디아 AI 팩토리’ 파트너로 낙점,"LG에너지솔루션은 고용량 LFP(리튬·인산·철) 기반 ‘JF2 AC li_x_nk’ 제품으로, AC 에너지저장솔루션(AC... 빅테크 기업들에 본격 공급하며, 차세대 액체냉각 시장의 주도권을 확보해 나갈 것”이라고 강조했다.",http://www.osen.co.kr/article/G1112879914,https://n.news.naver.com/mnews/article/109/0005610775?sid=105,"Tue, 22 Sep 2026 10:17:00 +0900",2026-09-22 10:30:13
2차전지,리튬 시장,"LG엔솔, 엔비디아 AI 팩토리 합류…LG전자도 냉각 솔루션 승인",(ESS) 시장 공략에 나섭니다. LG전자도 대용량 액체냉각 솔루션의 엔비디아 규격 승인을 획득하면서 두... AI 서버 전력 변동 대응…북미 ESS 공급 역량 강화 LG에너지솔루션은 고용량 리튬·인산·철(LFP) 배터리 기반의... ,https://www.inthenews.co.kr/news/article.html?no=92227,https://www.inthenews.co.kr/news/article.html?no=92227,"Tue, 22 Sep 2026 10:16:00 +0900",2026-09-22 10:30:13
2차전지,리튬 시장,"&quot;MS와 파트너십, 엔비디아 승인&quot;…LG, AI 생태계 구축 '속도'(종합)","이 제품은 AI 데이터센터 냉각 설루션 시장의 핵심 제품인 대용량 냉각수 분배 장치(Coolant Distribution Unit... LG에너지솔루션은 고용량 리튬·인산·철(LFP) 배터리 기반 'JF2 AC 링크' 제품으로, AC... ",https://www.news1.kr/industry/general-industry/6298517,https://n.news.naver.com/mnews/article/421/0009185461?sid=101,"Tue, 22 Sep 2026 10:15:00 +0900",2026-09-22 10:30:13
2차전지,리튬 시장,"LG전자·LG엔솔, 美엔비디아 AI 데이터센터 생태계 진입","냉각·전력 시장 공략을 확대한다. LG전자와 LG에너지솔루션은 자사의 대용량 냉각수 분배장치(CDU)와... 승인 제품은 고용량 리튬인산철(LFP) 기반의 'JF2 AC Link'다. 높은 에너지 효율과 긴 수명을 갖췄으며, 모듈형... ",http://www.seouleconews.com/news/articleView.html?idxno=93909,http://www.seouleconews.com/news/articleView.html?idxno=93909,"Tue, 22 Sep 2026 10:12:00 +0900",2026-09-22 10:30:13
2차전지,리튬 시장,"LG에너지솔루션, 국내 최초 ‘엔비디아 DSX 레디’ 진입",데이터센터 시장에서 선호도 높은 공급사로 공인받은 것과 같다. AI 전력 변동 제어하는 기술 강점 LG에너지솔루션이 DSX 레디 요건을 충족하는 데 핵심이 된 제품은 고용량 리튬인산철(LFP) 배터리를 탑재한 'JF2 AC Link... ,http://www.globalepic.co.kr/view.php?ud=20260922100946207648439a4874_29,http://www.globalepic.co.kr/view.php?ud=20260922100946207648439a4874_29,"Tue, 22 Sep 2026 10:12:00 +0900",2026-09-22 10:30:13
2차전지,리튬 시장,"[종합] LG전자·LG엔솔, 엔비디아 AI 팩토리 생태계 합류",승인 제품인 ‘JF2 AC Link’에는 고용량 LFP(리튬·인산·철) 배터리가 탑재된다. 모듈형으로 설계돼... 액체냉각 시장의 주도권을 확보해 나갈 것”이라고 말했다. 강창범 LG에너지솔루션 ESS전지사업부 전무는... ,https://www.seoultimes.news/news/article.html?no=2000100158,https://www.seoultimes.news/news/article.html?no=2000100158,"Tue, 22 Sep 2026 10:09:00 +0900",2026-09-22 10:30:13
2차전지,리튬 시장,"엔비디아 AI 팩토리에 LG 합류 전자는 CDU로, 엔솔은 BESS로","액체냉각 시장의 주도권을 확보해 나갈 것&quot;이라고 했다. 엔비디아 DSX 레디에 합류한 LG에너지솔루션 JF2 AC LInk 제품 ◇ LG엔솔, LFP 기반 'JF2 AC Link' 제품 LG에너지솔루션은 고용량 LFP(리튬·인산·철) 기반 'JF2 AC Link... ",http://www.smedaily.co.kr/news/articleView.html?idxno=363615,http://www.smedaily.co.kr/news/articleView.html?idxno=363615,"Tue, 22 Sep 2026 10:08:00 +0900",2026-09-22 10:30:13
2차전지,리튬 시장,"LG에너지솔루션, 엔비디아 'DSX 레디' BESS 파트너 선정…국내 배터리 기...",LG에너지솔루션이 이번에 자격 요건을 충족한 제품은 고용량 리튬인산철 기반(JF2 AC Link) 제품이다.... LG에너지솔루션은 미국 현지 생산체계와 시스템통합(SI) 역량을 바탕으로 북미 AI 데이터센터용 ESS 시장에... ,https://www.updownnews.co.kr/news/articleView.html?idxno=318880,https://www.updownnews.co.kr/news/articleView.html?idxno=318880,"Tue, 22 Sep 2026 10:08:00 +0900",2026-09-22 10:30:13
2차전지,리튬 시장,구광모 '픽' 데이터센터 냉각·배터리 글로벌 표준됐다,이어 이번 2.5㎿급 CDU 제품이 추가 요건까지 모두 충족하면서 글로벌 액체냉각 시장 기술 리더십을 입증했다고 LG전자는 설명했다. 22일 LG에너지솔루션은 리튬·인산·철(LFP) 기반의 고용량 배터리 에너지저장장치... ,https://weekly.hankooki.com/news/articleView.html?idxno=7185498,https://weekly.hankooki.com/news/articleView.html?idxno=7185498,"Tue, 22 Sep 2026 10:04:00 +0900",2026-09-22 10:30:13
2차전지,리튬 시장,"LG, 엔비디아 AI팩토리·MS 데이터센터 등 빅테크와 글로벌 협력(종합)","승인받은 제품은 고용량 리튬인산철(LFP) 기반 'JF2 AC 링크' 제품으로, 높은 에너지 효율과 장수명이... ESS 생산능력을 확보해 빠르게 성장하는 북미 AI 데이터센터 ESS 시장 공략을 가속한다는 방침이다. josh@yna.co.kr",https://www.yna.co.kr/view/AKR20260922030751003?input=1195m,https://n.news.naver.com/mnews/article/001/0016328661?sid=101,"Tue, 22 Sep 2026 10:01:00 +0900",2026-09-22 10:30:13
2차전지,리튬 시장,"LG에너지솔루션, 엔비디아 AI 팩토리 생태계 합류…국내 배터리사 유일",ESS 시장 공략에도 속도를 낸다. LG에너지솔루션은 22일 엔비디아가 처음 선보인 'DSX 레디(DSX Ready)'에 BESS... LG에너지솔루션은 고용량 LFP(리튬·인산·철) 배터리 기반 'JF2 AC Link'로 AC 에너지저장솔루션에 적용되는... ,https://www.businessplus.kr/news/articleView.html?idxno=117212,https://www.businessplus.kr/news/articleView.html?idxno=117212,"Tue, 22 Sep 2026 10:00:00 +0900",2026-09-22 10:30:13
2차전지,리튬 시장,"온디바이스 AI 시대 개막… 우주일렉트로, 고성능 커넥터 몸값 뛰었다","스마트폰 시장의 단순 출하량 증가보다는 부품의 사양 고도화와 판매단가 상승 여부가 관련 업체들의... 서원인텍, 리튬포어스, 포톤, 코아시아씨엠, 파트론, 해성옵틱스, 캐프, 파인엠텍, 쏘닉스, 유아이엘 등이 하락세를... ",https://www.pinpointnews.co.kr/news/articleView.html?idxno=489449,https://www.pinpointnews.co.kr/news/articleView.html?idxno=489449,"Tue, 22 Sep 2026 09:56:00 +0900",2026-09-22 10:30:13
2차전지,리튬 시장,"LG그룹, AI 데이터센터 '원 LG' 체제로 총출동…엔비디아·MS 잇따라 협력",고용량 LFP(리튬·인산·철) 기반 'JF2 AC Link' 제품으로 DSX 레디 요건을 충족했다. 북미에서 5개 ESS... 액체냉각 시장의 주도권을 확보해 나갈 것&quot;이라고 말했다. 강창범 LG에너지솔루션 ESS전지사업부 전무는... ,http://www.popcornnews.net/news/articleView.html?idxno=133806,http://www.popcornnews.net/news/articleView.html?idxno=133806,"Tue, 22 Sep 2026 09:52:00 +0900",2026-09-22 10:30:13
2차전지,리튬 시장,"LG에너지솔루션, 엔비디아 AI 팩토리 올라탔다…BESS 파트너 3곳에 선정",특히 북미 생산능력과 에너지저장장치(ESS) 기술을 앞세워 급성장하는 AI 데이터센터 전력시장 공략에... LG에너지솔루션은 고용량 LFP(리튬·인산·철) 기반 'JF2 AC Link'로 AC 에너지저장솔루션에 적용되는 DSX 레디... ,http://www.popcornnews.net/news/articleView.html?idxno=133807,http://www.popcornnews.net/news/articleView.html?idxno=133807,"Tue, 22 Sep 2026 09:50:00 +0900",2026-09-22 10:30:13
2차전지,리튬 시장,"LG엔솔, 엔비디아 'AI 팩토리' 생태계 합류⋯AI 데이터센터 ESS시장 공략...",ESS 시장 공략에도 속도가 붙을 전망이다. LG에너지솔루션은 22일 엔비디아가 처음 선보이는 'DSX 레디... LG에너지솔루션은 고용량 리튬인산철(LFP) 배터리를 적용한 'JF2 AC Link'로 엔비디아의 AC 에너지저장솔루션... ,https://www.autodaily.co.kr/news/articleView.html?idxno=600630,https://www.autodaily.co.kr/news/articleView.html?idxno=600630,"Tue, 22 Sep 2026 09:48:00 +0900",2026-09-22 10:30:13
2차전지,리튬 시장,"LG전자·LG엔솔, 엔비디아 AI 팩토리 생태계 합류…냉각·전력 동시 공략...",LG에너지솔루션은 고용량 LFP(리튬·인산·철) 배터리를 탑재한 'JF2 AC Link'로 엔비디아 DSX 레디의 AC... LG에너지솔루션은 북미 현지 생산 능력도 AI 데이터센터 ESS 시장 공략의 강점으로 내세우고 있다. 회사는 북미... ,http://www.4th.kr/news/articleView.html?idxno=2118512,http://www.4th.kr/news/articleView.html?idxno=2118512,"Tue, 22 Sep 2026 09:44:00 +0900",2026-09-22 10:30:13
2차전지,리튬 시장,NCM 편중 벗어나는 K-배터리…'나트륨·전고체'로 승부수,중앙계약시장에서 공급망 안정과 국내 산업 생태계 기여도를 평가에 반영할 계획이다. EU 규제에 대응해 사용후 배터리의 재활용 원료 활용을 확대하고 리튬·니켈 등 광물 가공기능 확충도 추진한다. 민간은... ,https://www.energy-news.co.kr/news/articleView.html?idxno=228469,https://www.energy-news.co.kr/news/articleView.html?idxno=228469,"Tue, 22 Sep 2026 09:44:00 +0900",2026-09-22 10:30:13
2차전지,리튬 시장,"LG, 엔비디아 AI 생태계 합류…액체냉각·BESS 협력 확대",LG에너지솔루션은 고용량 리튬인산철(LFP) 기반 'JF2 AC 링크'로 교류(AC) 에너지저장솔루션 부문 DSX 레디... 글로벌 빅테크 기업들에 본격 공급하며 차세대 액체냉각 시장의 주도권을 확보해 나갈 것&quot;이라고 강조했다.,https://www.bloter.net/news/articleView.html?idxno=674190,https://n.news.naver.com/mnews/article/293/0000090780?sid=101,"Tue, 22 Sep 2026 09:43:00 +0900",2026-09-22 10:30:13
2차전지,전고체 배터리,【데일리 ESG 정책 브리핑】K-배터리 R&amp;D·산업용수 재이용 확대,K-배터리 R&amp;D 4000억원 신설…나트륨·전고체 집중 지원 정부가 나트륨·전고체 배터리 개발을 중심으로 2027년부터 2031년까지 총사업비 약 4000억원 규모의 연구개발(R&amp;D)을 신설한다. 산업통상부는 9월 22일 서울... ,https://www.impacton.net/news/articleView.html?idxno=30009,https://www.impacton.net/news/articleView.html?idxno=30009,"Tue, 22 Sep 2026 09:32:00 +0900",2026-09-22 10:30:14
2차전지,전고체 배터리,"정부, K-배터리 로드맵 발표…차세대 배터리 집중 투자",지난 3월 개최된 '인터배터리 2026'에서 관람객이 삼성SDI 전고체 배터리 라인업을 둘러보고 있다. 사진=연합뉴스 매일일보 = 김현우 기자  |  정부와 배터리업계가 중국 공세에 대응해 나트륨·전고체 등 차세대 배터리... ,https://www.m-i.kr/news/articleView.html?idxno=1417189,https://www.m-i.kr/news/articleView.html?idxno=1417189,"Tue, 22 Sep 2026 09:30:00 +0900",2026-09-22 10:30:14
2차전지,전고체 배터리,"정부·배터리업계, 나트륨·전고체 배터리 집중 육성…2030년 상용화 추...",삼성SDI가 인터배터리 2026에서 공개한 전고체 배터리. [성유창 기자]  정부와 국내 배터리 업계가 나트륨·전고체 배터리를 중심으로 차세대 기술 개발과 상용화에 나선다. 중국 업체가 리튬인산철(LFP) 배터리를 앞세워... ,https://www.ziksir.com/news/articleView.html?idxno=147192,https://www.ziksir.com/news/articleView.html?idxno=147192,"Tue, 22 Sep 2026 09:20:00 +0900",2026-09-22 10:30:14
2차전지,전고체 배터리,"K-배터리 주도권 되찾는다…정부, 나트륨·전고체 집중 지원","정부와 배터리 업계가 중국에 내준 시장 주도권을 되찾기 위해 나트륨·전고체 배터리를 중심으로 기술 개발에 나선다. 산업통상부는 22일 서울 대한상공회의소에서 LG에너지솔루션, 삼성SDI, SK온 등 배터리 3사와... ",https://www.yna.co.kr/view/AKR20260922039500003?input=1195m,https://n.news.naver.com/mnews/article/001/0016328427?sid=101,"Tue, 22 Sep 2026 09:14:00 +0900",2026-09-22 10:30:14
2차전지,전고체 배터리,K-배터리 차세대 승부수 '나트륨·전고체'⋯민관 8.4조 집중 투자,가장 눈길을 끄는 대목은 차세대 보급형인 '나트륨 배터리'와 고성능 '전고체 배터리'에 대한 집중 지원이다. 리튬에 비해 저렴하고 공급망 리스크가 적은 나트륨 배터리는 2027년 160Wh(kg당)급 개발을 거쳐 2030년 220Wh... ,https://www.etoday.co.kr/news/view/2628340,https://www.etoday.co.kr/news/view/2628340,"Tue, 22 Sep 2026 09:10:00 +0900",2026-09-22 10:30:14
2차전지,전고체 배터리,"K배터리, 나트륨·전고체 집중 투자…정부 R&amp;D 4000억·민간 8조 투입","전고체 배터리는 2027년 세계 최초 시제품 출시, 2028년 400Wh/kg급 개발 완료를 거쳐 2030년 본격 상용화를 추진한다. 정부는 차세대 기술뿐 아니라 기업 간 공동 R&amp;D 체계도 구축한다. 셀 3사의 비경쟁 분야 공동 개발을... ",https://www.mt.co.kr/economy/2026/09/22/2026092208441277978,https://n.news.naver.com/mnews/article/008/0005417080?sid=101,"Tue, 22 Sep 2026 08:58:00 +0900",2026-09-22 10:30:14
2차전지,전고체 배터리,차세대 배터리 주도권 재탈환…민간 8조·정부 4000억 투입,우전 산업부는 차세대 보급형 배터리로 나트륨을 지원하고 고성능 배터리 시장 선점을 위해 전고체 배터리 분야에 대한 지원을 강화한다. 내년도에 160Wh/㎏급 나트륨 배터리를 개발하고 2030년에는 220Wh/㎏급 제품... ,https://news.tf.co.kr/read/economy/2368659.htm,https://n.news.naver.com/mnews/article/629/0000536011?sid=101,"Tue, 22 Sep 2026 08:53:00 +0900",2026-09-22 10:30:14
2차전지,전고체 배터리,공급망 리스크 적은 나트륨 배터리 개발에 집중!,에너지밀도와 안정성을 극대화한 '전고체 배터리' 개발도 병행해 2027년 세계 최초 시제품을 출시하고 2028년 400Wh/kg급 개발을 완료하며 2030년 본격 상용화에 나선다는 계획으로 로봇·드론·UAM 등 신산업용 배터리 시장을... ,http://www.e-platform.net/news/articleView.html?idxno=105595,http://www.e-platform.net/news/articleView.html?idxno=105595,"Tue, 22 Sep 2026 06:36:00 +0900",2026-09-22 10:30:14
2차전지,전고체 배터리,"K배터리 주도권 찾는다…산업부, '나트륨·전고체' 집중 지원","정부와 배터리 업계가 중국에 내준 시장 주도권을 되찾기 위해 나트륨·전고체 배터리를 중심으로 기술 개발에 나선다. 산업통상부는 22일 LG에너지솔루션과 삼성SDI, SK온 등 배터리 3사와 포스코퓨처엠, 엘앤에프... ",http://www.wowtv.co.kr/NewsCenter/News/Read?articleId=A202609220007&t=NN,https://n.news.naver.com/mnews/article/215/0001266784?sid=101,"Tue, 22 Sep 2026 06:34:00 +0900",2026-09-22 10:30:14
2차전지,전고체 배터리,"산업부, K-배터리에 4000억 R&amp;D 신설…나트륨·전고체 집중 육성",아주경제=김성서 기자 biblekim@ajunews.com 산업통상부[사진=아주경제DB] 정부가 글로벌 배터리 시장 주도권을 되찾기 위해 나트륨·전고체 배터리를 중심으로 약 4000억원 규모의 연구개발(R&amp;D)을 신설한다. 민간도... ,https://www.ajunews.com/view/20260921190228250,https://www.ajunews.com/view/20260921190228250,"Tue, 22 Sep 2026 06:02:00 +0900",2026-09-22 10:30:14
2차전지,전고체 배터리,"정부, K배터리 '나트륨·전고체' 시장 선점 집중 지원한다","이와 함께 에너지밀도와 안전성을 극대화한 ‘전고체 배터리’ 개발을 병행, 로봇·드론·UAM 등 신산업용 배터리 시장을 창출한다. 완제품·셀·소재 기업 간 수직·수평적 R&amp;D 협력 생태계 조성도 추진한다. 기업 간 독자... ",https://zdnet.co.kr/view/?no=20260921201011,https://n.news.naver.com/mnews/article/092/0002438370?sid=105,"Tue, 22 Sep 2026 06:01:00 +0900",2026-09-22 10:30:14
2차전지,전고체 배터리,"K배터리, 미래 기술에 5년간 8兆 투자…정부 &quot;나트륨·전고체 배터리 집...",정부는 4000억원 규모의 연구개발(R&amp;D) 과제를 통해 차세대 배터리로 주목받는 나트륨이온배터리 개발과 전고체 배터리 조기 상용화를 집중 지원하기로 했다. 산업통상부는 22일 서울 대한상공회의소에서... ,https://view.asiae.co.kr/article/2026092122490626948,https://n.news.naver.com/mnews/article/277/0005819526?sid=101,"Tue, 22 Sep 2026 06:00:00 +0900",2026-09-22 10:30:14
2차전지,전고체 배터리,"산업부, 배터리 산업기술 로드맵 발표…나트륨·전고체에 집중 지원",정부는 먼저 차세대 보급형 배터리로 나트륨을 지원하고 고성능 배터리 시장 선점을 위해 전고체 배터리 분야에 대한 지원을 강화한다는 방침을 내놨다. 정부는 내년도에 160Wh/㎏급 나트륨 배터리를 개발하고 오는... ,https://www.newsis.com/view/NISX20260921_0003799108,https://n.news.naver.com/mnews/article/003/0014206392?sid=101,"Tue, 22 Sep 2026 06:00:00 +0900",2026-09-22 10:30:14
2차전지,전고체 배터리,"中 CATL·BYD, 나트륨 배터리 '400GWh' 질주…LG엔솔·삼성SDI·SK온 새 원...",국내 배터리 업계에는 중국 업체의 생산 확대 속도가 부담 요인이다. LG에너지솔루션·삼성SDI·SK온은 NCM을 비롯해 LFP와 전고체 등으로 제품군을 확대하고 있다. 중국이 LFP에 이어 나트륨이온에서도 먼저 대량생산... ,https://www.joongangenews.com/news/articleView.html?idxno=549876,https://www.joongangenews.com/news/articleView.html?idxno=549876,"Tue, 22 Sep 2026 00:34:00 +0900",2026-09-22 10:30:14
2차전지,전고체 배터리,"[포토] 가온폴리머앤실런트, 차세대 배터리용 정밀 실링 솔루션 소개","배터리에 적용되는 정밀 실링 솔루션을 소개했다. 수분 차단용 PIB 실런트와 핫멜트 부틸, 열가소성 실링재, 폴리설파이드 실런트 등 셀·모듈·팩 단계별 패키징 기술과 전고체 배터리 적용 가능성을 선보였다.",https://www.industrynews.co.kr/news/articleView.html?idxno=86398,https://www.industrynews.co.kr/news/articleView.html?idxno=86398,"Mon, 21 Sep 2026 20:50:00 +0900",2026-09-22 10:30:14
2차전지,전고체 배터리,"[공시]삼성SDI, SVIC 85호에 297억원 출자","한편 삼성SDI는 미래 배터리 시장 주도권을 쥐기 위해 전고체, 소듐, 리튬메탈 배터리를 아우르는 '3각 편대' 전략을 본격 가동하며 연구개발과 사업화에 속도를 내고 있다. 이와 함께 글로벌 톱티어 에너지저장장치... ",http://www.hansbiz.co.kr/news/articleView.html?idxno=867272,http://www.hansbiz.co.kr/news/articleView.html?idxno=867272,"Mon, 21 Sep 2026 19:32:00 +0900",2026-09-22 10:30:14
2차전지,전고체 배터리,"[배터리코리아] K-배터리, 가격 경쟁 넘어 초격차 기술 경쟁으로… 차세...","중국은 2025년 10월 발표한 15차 5개년 계획에서 전기차를 전략적 신흥산업 목록에서 제외하고 배터리 기술·에너지 인프라로 정책 초점을 옮겼으며, 전고체 배터리 개발에만 1조1,383억원을 투자할 계획이다. 일본은... ",https://www.industrynews.co.kr/news/articleView.html?idxno=86359,https://www.industrynews.co.kr/news/articleView.html?idxno=86359,"Mon, 21 Sep 2026 19:16:00 +0900",2026-09-22 10:30:14
바이오/헬스,바이오 주가,"오리엔트바이오, 무상감자 절차 종료...주식 거래 재개",오리엔트바이오는 지난 6월 자본구조를 효율화하고 주가 변동성을 완화하기 위해 2대 1 무상감자를 결정했다. 감자에 따라 발행주식수는 5929만1502주에서 2964만5751주로 줄었다. 회사 측은 &quot;유통주식수 감소가 주식 수급... ,https://www.fnnews.com/news/202609221022412322,https://n.news.naver.com/mnews/article/014/0005579504?sid=101,"Tue, 22 Sep 2026 10:26:00 +0900",2026-09-22 10:30:15
바이오/헬스,바이오 주가,최대주주·임원 지분 팔자 주가 '털썩'…30% 이상 급락 기업 300곳 넘어,"이상 주가가 주저앉은 기업도 7개사(7건)에 달했다. 주요 종목별로는 코스닥 상장사였던 CNH가 2024년 8월 1일 공시 후 20거래일 만에 83.28% 폭락했다. 아리바이오홀딩스는 2024년 1월 3일 공시 이후 70.08%, 이오플로우는... ",https://www.delighti.co.kr/news/articleView.html?idxno=122281,https://www.delighti.co.kr/news/articleView.html?idxno=122281,"Tue, 22 Sep 2026 10:26:00 +0900",2026-09-22 10:30:15
바이오/헬스,바이오 주가,"에이비엘바이오, 대표이사 가족까지?...&quot;아직 조사대상 아냐&quot;",22일 바이오 업계와 금융권 등에 따르면 금융위원회·금융감독원·한국거래소로 구성된 주가조작 근절 합동대응단은 이상훈 대표를 포함한 에이비엘바이오 임직원 10여명을 대상으로 조사를 진행 중이다. 업계 안팎에선... ,https://view.asiae.co.kr/article/2026092116123107590,https://n.news.naver.com/mnews/article/277/0005819750?sid=101,"Tue, 22 Sep 2026 10:22:00 +0900",2026-09-22 10:30:15
바이오/헬스,바이오 주가,"리쥬란, 中 화장품 시장 정조준…파마리서치 ‘K-뷰티’ 확장 속도 [Why ...","한국투자증권은 파마리서치에 대해 투자의견 ‘매수’, 목표주가 47만 원​을 유지했다. 화장품 사업의 고성장과 함께 스킨부스터 등 기존 의료미용 사업의 안정적인 성장이 이어질 것으로 봤다.",https://www.sedaily.com/article/20093824?ref=naver,https://n.news.naver.com/mnews/article/011/0004664407?sid=101,"Tue, 22 Sep 2026 10:18:00 +0900",2026-09-22 10:30:15
바이오/헬스,바이오 주가,대주주 지분 팔자 주가 ‘뚝’…5년간 주가 급락 기업 321곳,"상장법인의 대주주나 경영진이 보유 주식을 처분했다고 알린 뒤 20거래일 안에 주가가 30% 넘게 폭락한... 아리바이오홀딩스는 2024년 1월 공시 뒤 70.08%, 이오플로우는 2023년 11월 공시 이후 69.96% 하락했다. 박성훈... ",https://www.g-enews.com/view.php?ud=202609221002318784923c501012_1,https://www.g-enews.com/view.php?ud=202609221002318784923c501012_1,"Tue, 22 Sep 2026 10:14:00 +0900",2026-09-22 10:30:15
바이오/헬스,바이오 주가,"코스피, 미 증시 훈풍 힘입어 장 초반 2%대 오른 7,100대","간밤 뉴욕증시는 인공지능(AI) 관련주 강세에 힘입어 3대 주가지수가 동반 상승했습니다. 특히 기술주... 삼성바이오로직스(-0.07%), KB금융(-1.32%), 신한지주(-0.53%), 셀트리온(-0.61%), 하나금융지주(-0.88%)는... ",https://news.sbs.co.kr/news/endPage.do?news_id=N1008765348&plink=ORI&cooper=NAVER,https://n.news.naver.com/mnews/article/055/0001390270?sid=101,"Tue, 22 Sep 2026 10:13:00 +0900",2026-09-22 10:30:15
바이오/헬스,바이오 주가,美 반도체 훈풍에 코스피 2%대 급등…장중 7170선,"美 AI·반도체주 급등…나스닥 최고치 간밤 뉴욕증시는 인공지능(AI) 관련주 강세에 힘입어 3대 주가지... 삼성바이오로직스(-0.07%), KB금융(-1.32%), 신한지주(-0.53%), 셀트리온(-0.61%), 하나금융지주(-0.88%)는... ",https://www.jnilbo.com/news/articleView.html?idxno=90000067872,https://www.jnilbo.com/news/articleView.html?idxno=90000067872,"Tue, 22 Sep 2026 10:07:00 +0900",2026-09-22 10:30:15
바이오/헬스,바이오 주가,美 반도체주 강세 여파에 코스피 장중 7170선…외국인·기관 '쌍끌이',간밤 뉴욕증시에서 인공지능(AI) 관련주와 반도체주가 강세를 보인 점이 국내 증시에도 훈풍을... 삼성바이오로직스는 0.07% 내리고 있다. 같은 시각 코스닥지수는 전 거래일보다 8.41포인트(1.01%) 오른 844.68을... ,https://www.hidomin.com/news/articleView.html?idxno=722252,https://www.hidomin.com/news/articleView.html?idxno=722252,"Tue, 22 Sep 2026 10:06:00 +0900",2026-09-22 10:30:15
바이오/헬스,바이오 주가,"[EBN 데이터센터] 반도체가 끌고 금융은 쉬고...코스피 대형주 강세, 코...","로봇주가 두드러진 상승세를 나타냈다. 22일 오전 10시 00분 기준, 한국거래소에 따르면 코스피 시총... 삼성바이오로직스는 140만2000원으로 보합에 머물렀고, 삼성물산은 36만9000원으로 0.41% 상승했다.... ",https://www.ebn.co.kr/news/articleView.html?idxno=1725269,https://www.ebn.co.kr/news/articleView.html?idxno=1725269,"Tue, 22 Sep 2026 10:06:00 +0900",2026-09-22 10:30:15
바이오/헬스,바이오 주가,"새내기 스팩 2종목, 상장 첫날 100%대 급등 [핫종목]","합병 비율은 합병 대상 기업의 가치와 스팩의 가치를 토대로 산정하기 때문에 스팩 주가가 지나치게... 한국투자증권이 상장을 주관한 한국제17호스팩은 전자·통신, 소프트웨어·서비스, 자동차, 소재, 바이오... ",https://www.news1.kr/finance/general-stock/6298479,https://n.news.naver.com/mnews/article/421/0009185395?sid=101,"Tue, 22 Sep 2026 10:03:00 +0900",2026-09-22 10:30:15
바이오/헬스,바이오 주가,"최대주주·임원 매도에 우수수 떨어진 주가, 최대 83% 추락 상장사까지","실제로 20거래일 이내 주가가 30% 이상 급락한 기업이 300곳 이상인 것으로 조사됐다. 최근 5년간 대주주와... 아리바이오홀딩스는 2024년 1월 3일 공시 이후 20거래일 만에 70.08%, 이오플로우는 2023년 11월 23일 공시 이후... ",https://economist.co.kr/article/view/ecn202609220012,https://n.news.naver.com/mnews/article/243/0000103392?sid=101,"Tue, 22 Sep 2026 10:03:00 +0900",2026-09-22 10:30:15
바이오/헬스,바이오 주가,최대주주·임원 지분매각 공시 뒤 주가 '뚝'…20거래일 내 30% 이상 급락...,"CNH는 2024년 8월1일 관련 공시 이후 20거래일 기준 주가가 83.28% 하락했으며, 아리바이오홀딩스는 2024년 1월3일 공시 이후 70.08%, 이오플로우는 2023년 11월23일 공시 이후 69.96% 떨어진 것으로 나타났다. 5거래일 기준으로도... ",https://www.sejungilbo.com/news/articleView.html?idxno=60250,https://www.sejungilbo.com/news/articleView.html?idxno=60250,"Tue, 22 Sep 2026 09:58:00 +0900",2026-09-22 10:30:15
바이오/헬스,바이오 주가,"코스피, 美 반도체 훈풍에 장초반 2%대 급등…7100선 돌파","95%)은 올랐고 삼성바이오로직스(-0.14%), KB금융(-1.30%)은 내렸다. 간밤 미국 뉴욕증시 3대 주요 지수는... 반도체주가 동반 랠리를 했다&quot;며 &quot;한동안 100달러를 상회하던 서부텍사스산원유(WTI)도 91달러까지 속락하는... ",http://www.beyondpost.co.kr/view.php?ud=202609220948442063be44c0aacd_30,http://www.beyondpost.co.kr/view.php?ud=202609220948442063be44c0aacd_30,"Tue, 22 Sep 2026 09:56:00 +0900",2026-09-22 10:30:15
바이오/헬스,바이오 주가,‘28만전자·190만닉스’ 귀환…‘중동 훈풍’에 코스피도 7100선,간밤 뉴욕증시는 인공지능(AI) 관련주 강세와 중동 평화 협상 기대감에 힘입어 3대 주가지수가 일제히... KB금융(-1.24%)과 삼성바이오로직스(-0.14%)는 하락하고 있다. 같은 시각 코스닥 지수는 전장보다 7.88포인트... ,https://www.segye.com/newsView/20260922505105?OutUrl=naver,https://n.news.naver.com/mnews/article/022/0004160980?sid=101,"Tue, 22 Sep 2026 09:55:00 +0900",2026-09-22 10:30:15
바이오/헬스,바이오 주가,&quot;AI 다시 달아올랐다&quot; 코스피 2%대 상승…장중 7170선도 돌파,"종목별로는 메타 주가가 11.43% 뛰었다. 지난 8일 출시된 메타의 개인용 업무 수행 AI 에이전트 '뮤즈'가... 반면 삼성바이오로직스(-0.07%), KB금융(-1.32%), 신한지주(-0.53%), 셀트리온(-0.61%), 하나금융지주(-0.88... ",https://www.kado.net/news/articleView.html?idxno=2074339,https://n.news.naver.com/mnews/article/654/0000202010?sid=101,"Tue, 22 Sep 2026 09:53:00 +0900",2026-09-22 10:30:15
바이오/헬스,바이오 주가,코스피 7150선 질주…삼성전자 · SK하이닉스 강세,"반면 삼성바이오로직스(-0.21%), KB금융(-1.13%)은 하락하며 대형주 가운데서도 업종별 차별화가 나타나고 있다. 간밤 미국 증시에서 AI와 반도체주가 크게 오른 점이 국내 반도체주 투자심리를 끌어올렸다.... ",http://www.newskr.kr/news/articleView.html?idxno=106572,http://www.newskr.kr/news/articleView.html?idxno=106572,"Tue, 22 Sep 2026 09:52:00 +0900",2026-09-22 10:30:15
바이오/헬스,제약 산업,"동국제약, 'CPHI Worldwide 2026' 참가로 글로벌시장 공략 시동","CPHI Worldwide는 매년 유럽 주요 국가에서 개최되는 제약·바이오 업계 대표 행사로, 글로벌 제약산업 관계자들이 모여 원료의약품, 완제의약품, 위탁개발생산(CDMO), 제약 설비 및 기술 등을 공유한다. 올해 행사에는... ",http://www.medisobizanews.com/news/articleView.html?idxno=142497,http://www.medisobizanews.com/news/articleView.html?idxno=142497,"Tue, 22 Sep 2026 10:22:00 +0900",2026-09-22 10:30:15
바이오/헬스,제약 산업,"동국제약, CPHI서 장기지속형 주사 플랫폼 'DK-LADs' 소개","글로벌 제약산업 관계자들이 모여 원료의약품, 완제의약품, 위탁개발생산(CDMO), 제약 설비 및 기술 등을 공유한다. 올해는 전 세계 160여 개국에서 약 2900개 기업이 참가하고, 약 6만 2000명의 업계 관계자가 방문할... ",https://weekly.hankooki.com/news/articleView.html?idxno=7185516,https://weekly.hankooki.com/news/articleView.html?idxno=7185516,"Tue, 22 Sep 2026 10:20:00 +0900",2026-09-22 10:30:15
바이오/헬스,제약 산업,"동아ST, 2026년 '인적자원개발 우수기업' 인증 획득",또 제약산업 특성을 반영한 직무 전문교육과 R&amp;D·영업·생산 등 서로 다른 부문의 현장을 경험하는 OJT 프로그램 등을 운영하고 있다. 동아에스티 관계자는 &quot;공정한 인사 시스템과 임직원의 성장을 지원하는 인재 육성... ,https://www.cnbizm.com/news/articleView.html?idxno=315887,https://www.cnbizm.com/news/articleView.html?idxno=315887,"Tue, 22 Sep 2026 10:18:00 +0900",2026-09-22 10:30:15
바이오/헬스,제약 산업,"동국제약, 밀라노 'CPHI 2026' 출격... 장기지속형 주사 기술 알린다","세계 최대 규모의 제약·바이오 콘퍼런스인 CPHI는 원료·완제의약품, 위탁개발생산(CDMO), 제약 설비 등 산업 전반의 기술을 교류하는 행사다. 올해는 전 세계 160여 개국에서 약 2900개 기업이 부스를 꾸리고 6만여 명... ",https://www.pharmnews.com/news/articleView.html?idxno=306473,https://www.pharmnews.com/news/articleView.html?idxno=306473,"Tue, 22 Sep 2026 10:16:00 +0900",2026-09-22 10:30:15
바이오/헬스,제약 산업,동아ST '인적자원개발 우수기업' 인증 획득,"제약산업 특성을 반영한 직무 전문교육도 진행한다. GMP 관련 전문성을 높이는 'GMP School'과 영업직원 대상 'MR Training' 등이 대표적이다. R&amp;D와 영업, 생산 등 서로 다른 부문의 현장을 직접 경험하는 OJT 프로그램... ",https://www.dailypharm.com/user/news/342763?REFERER=NP,https://www.dailypharm.com/user/news/342763?REFERER=NP,"Tue, 22 Sep 2026 10:14:00 +0900",2026-09-22 10:30:15
바이오/헬스,제약 산업,"동아에스티, 민간 대기업 부문 'Best HRD' 우수기업 선정","이와 함께 제약산업의 특성을 반영한 직무 전문교육인 'GMP School', 'MR Training' 등을 운영하고 있으며, 연구개발(R&amp;D)·영업·생산 등 서로 다른 부문의 현장을 직접 경험하는 OJT 프로그램 '영업한day·생산한day'를 통해... ",https://weekly.hankooki.com/news/articleView.html?idxno=7185511,https://weekly.hankooki.com/news/articleView.html?idxno=7185511,"Tue, 22 Sep 2026 10:14:00 +0900",2026-09-22 10:30:15
바이오/헬스,제약 산업,"동아ST, 인적자원개발 우수기업 인증 획득","제약산업 특성을 반영한 직무교육도 운영한다. 'GMP School', 'MR Training' 등을 통해 직무 전문성을 높이고, 영업·생산 등 다른 부문의 업무를 직접 경험하는 '영업한day·생산한day' 프로그램으로 현장 이해와 부문 간... ",https://www.pinpointnews.co.kr/news/articleView.html?idxno=489468,https://www.pinpointnews.co.kr/news/articleView.html?idxno=489468,"Tue, 22 Sep 2026 10:12:00 +0900",2026-09-22 10:30:15
바이오/헬스,제약 산업,"동아에스티, Best HRD 우수기업 선정…통합 인사체계 구축","제약산업 특성을 반영한 직무교육도 별도로 마련했다. 'GMP School'과 'MR Training' 등을 통해 생산·품질관리와 영업 분야의 전문성을 높이는 한편, R&amp;D·영업·생산 등 다른 업무 영역을 직접 경험하는 OJT 프로그램 '영업한day... ",http://www.newsprime.co.kr/news/article.html?no=748670,http://www.newsprime.co.kr/news/article.html?no=748670,"Tue, 22 Sep 2026 10:06:00 +0900",2026-09-22 10:30:15
바이오/헬스,제약 산업,"동아ST, 인적자원개발 우수기업 인증 획득","이와 함께 제약산업 직무 전문교육인 'GMP School', 'MR Training'과 R&amp;D·영업·생산 등 다른 부문의 현장을 경험하는 OJT 프로그램 '영업한day·생산한day' 등을 진행하고 있다. 동아에스티 관계자는 &quot;이번 인증은 공정한 인사... ",https://www.fetv.co.kr/news/articleView.html?idxno=310642,https://www.fetv.co.kr/news/articleView.html?idxno=310642,"Tue, 22 Sep 2026 10:06:00 +0900",2026-09-22 10:30:15
바이오/헬스,제약 산업,"동아ST, 2026년 인적자원개발 우수기업 인증 획득","제약산업 특성을 반영한 직무교육도 운영 중이다. 'GMP School'과 'MR Training' 등을 통해 직무 전문성을 높이고, 연구개발(R&amp;D)·영업·생산 등 서로 다른 부문의 현장을 경험하는 OJT 프로그램 '영업한day·생산한day'를 통해... ",https://www.biotimes.co.kr/news/articleView.html?idxno=34669,https://www.biotimes.co.kr/news/articleView.html?idxno=34669,"Tue, 22 Sep 2026 10:00:00 +0900",2026-09-22 10:30:15
바이오/헬스,제약 산업,"동아ST, 정부 공인 '2026 인적자원개발 우수기업' 인증 획득","동아에스티는 제약바이오 산업 환경에 대응해 직무 전문성과 현장 실무 역량을 결합한 인재 육성 제도를 정비해 왔으며, 공정한 평가 기준과 맞춤형 교육 커리큘럼을 연계한 전문 인력 관리망을 지속해서 전개할... ",https://www.pharmnews.com/news/articleView.html?idxno=306471,https://www.pharmnews.com/news/articleView.html?idxno=306471,"Tue, 22 Sep 2026 09:58:00 +0900",2026-09-22 10:30:15
바이오/헬스,제약 산업,신약·디지털·뷰티… 영역 확장하는 제약사,"제약산업 전문성을 높이기 위한 'GMP School'과 'MR Training', 다른 부문 현장을 경험하는 '영업한day·생산한day' 등도 운영 중이다. GC녹십자웰빙은 보령과 손잡고 만성간질환 치료제 '라이넥주'의 병원 시장을 넓힌다.... ",https://www.pressman.kr/news/articleView.html?idxno=103749,https://www.pressman.kr/news/articleView.html?idxno=103749,"Tue, 22 Sep 2026 09:58:00 +0900",2026-09-22 10:30:15
바이오/헬스,제약 산업,"채용부터 승진까지 ‘역량’으로 연결…동아ST, ‘Best HRD’ 우수기업 ...","제약산업에 특화한 직무교육도 별도로 운영한다. ‘GMP School’과 ‘MR Training’ 등을 통해 분야별 전문성을 높이고 있으며, R&amp;D·영업·생산 등 다른 부문의 현장을 직접 경험하는 OJT 프로그램 ‘영업한day·생산한day’를... ",https://www.thepowernews.co.kr/view.php?ud=202609220950493078de3f0aa1be_7,https://www.thepowernews.co.kr/view.php?ud=202609220950493078de3f0aa1be_7,"Tue, 22 Sep 2026 09:52:00 +0900",2026-09-22 10:30:15
바이오/헬스,제약 산업,"동아에스티, 인적자원개발 우수기업 인증…인사·교육 체계 인정","제약산업 특성을 반영한 직무 교육도 운영한다. 'GMP School'과 'MR Training' 등을 통해 직무 전문성을 높이고 있으며, R&amp;D·영업·생산 등 서로 다른 부문의 현장을 경험할 수 있는 OJT 프로그램 '영업한day·생산한day'도... ",http://www.press9.kr/news/articleView.html?idxno=83152,http://www.press9.kr/news/articleView.html?idxno=83152,"Tue, 22 Sep 2026 09:48:00 +0900",2026-09-22 10:30:15
바이오/헬스,제약 산업,"[제약소식]동아ST, 2026년 '인적자원개발 우수기업(Best HRD) 인증' 획득...","'CPHI Worldwide'는 글로벌 제약산업 관계자들이 모여 원료의약품, 완제의약품, 위탁개발생산(CDMO), 제약 설비 및 기술 등을 공유한다. 동국제약은 올해로 5년 연속 단독 부스를 운영하며 자체 장기지속형... ",https://www.webeconomy.co.kr/news/articleView.html?idxno=2315225,https://www.webeconomy.co.kr/news/articleView.html?idxno=2315225,"Tue, 22 Sep 2026 09:46:00 +0900",2026-09-22 10:30:15
바이오/헬스,제약 산업,"동아ST, '인적자원개발 우수기업' 인증 획득","제약산업 특성을 반영한 직무 전문교육 'GMP School', 'MR Training' 등도 운영하고 있다. R&amp;D·영업·생산 등 서로 다른 부문의 현장을 직접 경험하는 OJT 프로그램 '영업한day·생산한day'를 통해 현장 이해도와 부문 간 협업... ",https://www.medipana.com/news/articleView.html?idxno=418095,https://www.medipana.com/news/articleView.html?idxno=418095,"Tue, 22 Sep 2026 09:46:00 +0900",2026-09-22 10:30:15
바이오/헬스,제약 산업,"동아ST, 민간대기업 부문 '인적자원개발 우수기업' 인증","아울러 제약산업 특성을 반영한 직무 전문교육인 'GMP 스쿨', 'MR 트레이닝'을 비롯해 타 부서 현장을 경험하는 OJT 프로그램 '영업한day·생산한day' 등을 운영하고 있다. 동아에스티 관계자는 &quot;앞으로도 체계적인 인사제도... ",http://www.medisobizanews.com/news/articleView.html?idxno=142495,http://www.medisobizanews.com/news/articleView.html?idxno=142495,"Tue, 22 Sep 2026 09:44:00 +0900",2026-09-22 10:30:15
바이오/헬스,제약 산업,"&quot;40년 낡은 규제 바꿔야&quot; 고양시, 13개 지자체와 수도권 규제 개혁",과밀억제권역의 산업용지 확보에 제약이 따르면서 기업을 유치하거나 기존 산업기반을 확대하는 과정에서 각종 한계가 발생하고 있다는 것이 지자체들의 공통된 문제의식이다. 이에 따라 단순한 일부 규제 완화에 그치지... ,https://www.wikitree.co.kr/articles/1161221,https://www.wikitree.co.kr/articles/1161221,"Tue, 22 Sep 2026 09:42:00 +0900",2026-09-22 10:30:15
바이오/헬스,제약 산업,"고양시 등 14개 지자체, 과밀억제권역 규제 개선 공동대응",민경선 고양시장은 &quot;인구 107만 특례시로 성장했지만 낡은 과밀억제권역 규제로 일자리와 산업 기반 확충에 제약을 받고 있다&quot;며 &quot;13개 지자체와 지역 국회의원들과 연대해 수도권정비계획법 개정과 공업지역 물량 확대 등... ,https://www.discoverynews.kr/news/articleView.html?idxno=1102364,https://www.discoverynews.kr/news/articleView.html?idxno=1102364,"Tue, 22 Sep 2026 09:40:00 +0900",2026-09-22 10:30:15
바이오/헬스,제약 산업,"미국 FDA, 동물실험 용어 변경 추진","중국 국가약품감독관리국(NMPA) 의약품평가센터(CDE)도 7월 7일 제약산업 질적 발전을 도모하고, 오가노이드/오르간온어칩과 같은 신규 접근법 방법론(NAM)의 신약 개발 연구 및 응용을 촉진하기 위해... ",https://www.yakup.com/news/index.html?mode=view&cat=12&nid=332894,https://www.yakup.com/news/index.html?mode=view&cat=12&nid=332894,"Tue, 22 Sep 2026 09:40:00 +0900",2026-09-22 10:30:15
바이오/헬스,신약 개발,&quot;AI 없이 신약개발 못하는 시대&quot;…제약바이오 'AI 내재화' 속도,김정은 기자 &quot;AI 없이 신약개발을 할 수 없는 시대가 온 것 같습니다.&quot; 이수민 삼진제약(005500) 연구센터장은 22일 오전 서울 중구 소공동 롯데호텔에서 열린 '제29회 바이오리더스클럽 조찬 행사'에서 &quot;AI 신약개발은... ,https://www.news1.kr/bio/pharmaceutical-bio/6298551,https://n.news.naver.com/mnews/article/421/0009185510?sid=103,"Tue, 22 Sep 2026 10:26:00 +0900",2026-09-22 10:30:16
바이오/헬스,신약 개발,"애브비, 신약 연구실에 AI 눈…분자 특성 6000개 훑는다",애브비가 인공지능(AI) 신약개발기업 아이앰빅 테라퓨틱스와 손잡고 저분자 신약 후보물질 발굴에 나선다. 하나의 후보물질에서 6000개 이상의 분자 특성을 동시에 분석하는 AI를 활용해 초기 연구의 속도와 성공 가능성을... ,https://www.medipana.com/news/articleView.html?idxno=418109,https://www.medipana.com/news/articleView.html?idxno=418109,"Tue, 22 Sep 2026 10:22:00 +0900",2026-09-22 10:30:16
바이오/헬스,신약 개발,"제일약품, 백암공장 생산시설 확장…신약·수출 등 글로벌 사업 확대 기...",이번 시설 증설은 매출 증가에 따른 생산 수요 확대에 미리 대응하고 신약 개발 및 수출 등 신규 사업 추진에 필요한 생산역량을 확보하기 위해 추진됐다. 자체 개발한 신약 '자큐보'가 올해 상반기 연결 기준 645억원의... ,https://www.newsmap.co.kr/news/articleView.html?idxno=3480,https://www.newsmap.co.kr/news/articleView.html?idxno=3480,"Tue, 22 Sep 2026 10:22:00 +0900",2026-09-22 10:30:16
바이오/헬스,신약 개발,"제일약품, 백암공장 생산시설 증축…생산능력 71% 확대","최근 자체 개발 신약 '자큐보'가 올해 상반기 연결 기준 645억원의 매출을 기록하며 전년 동기 대비 약 152% 증가하는 등 자체 제품의 판매 확대가 이어지는 가운데, 생산 여력을 확대해 기존 제품의 안정적인 공급은 물론... ",https://www.medicaltimes.com/Main/News/NewsView.html?ID=1170833&ref=naverpc,https://www.medicaltimes.com/Main/News/NewsView.html?ID=1170833&ref=naverpc,"Tue, 22 Sep 2026 10:20:00 +0900",2026-09-22 10:30:16
바이오/헬스,신약 개발,"제일약품, 백암공장 생산시설 증축…생산능력 71% 확대",제일약품은 최근 자체 개발 신약 ‘자큐보’가 올해 상반기 연결 기준 645억원의 매출을 기록하며 전년 동기 대비 약 152% 증가하는 등 자체 제품의 판매 확대가 이어지고 있다. 신규 시설은 빌딩관리시스템(BMS)... ,https://www.sedaily.com/article/20093822?ref=naver,https://n.news.naver.com/mnews/article/011/0004664405?sid=103,"Tue, 22 Sep 2026 10:18:00 +0900",2026-09-22 10:30:16
바이오/헬스,신약 개발,신약은 어떻게 임상시험을 거쳐 허가될까? / 순천향대 천안병원 방사선...,"#임상시험 #신약개발 #제넨셀 담당 : 박준표PD, 김준헌감독 본 영상은 지식 나눔을 통한 정보 전달을 목적으로 하며, 어떠한 경우에도 의사의 진료를 대신할 수 없습니다. 비온뒤는 출연 병원의 금전적 지원 일절 없이 방송을... ",http://aftertherain.kr/sub/contents/view.php?seq=97993,http://aftertherain.kr/sub/contents/view.php?seq=97993,"Tue, 22 Sep 2026 10:18:00 +0900",2026-09-22 10:30:16
바이오/헬스,신약 개발,"엔비디아가 찜한 AI 신약개발사 이앰빅, 美 나스닥 IPO 신청",엔비디아가 투자한 인공지능(AI) 신약 개발 기업 이앰빅 테라퓨틱스가 미국 나스닥 상장에 도전한다. 21일(현지시간) 블룸버그통신에 따르면 이앰빅은 이날 미 증권거래위원회(SEC)에 기업공개(IPO) 신청서를... ,https://www.edaily.co.kr/News/Read?newsId=03125846645582744&mediaCodeNo=257&utm_source=naver&utm_medium=referral&utm_campaign=news_syndication&utm_content=original_article,https://n.news.naver.com/mnews/article/018/0006374189?sid=101,"Tue, 22 Sep 2026 10:15:00 +0900",2026-09-22 10:30:16
바이오/헬스,신약 개발,"[뉴테크] 미니 뇌 품은 바이오칩, 파킨슨병 신약 효능 밝힌다",연구진은 앞으로 동물 실험과 실제 인체 대상 임상시험 사이의 간극을 줄여 신약 개발 기간을 단축하고 비용을 절감할 수 있다고 기대했다. 김인기 교수는 “이번 연구는 초정밀 광학 센서를 활용해 살아 있는 인간... ,https://biz.chosun.com/science-chosun/science/2026/09/22/DHJCG6JUDBFKPDCTXR7DP3ANIQ/?utm_source=naver&utm_medium=original&utm_campaign=biz,https://n.news.naver.com/mnews/article/366/0001193872?sid=105,"Tue, 22 Sep 2026 10:14:00 +0900",2026-09-22 10:30:16
바이오/헬스,신약 개발,"큐라클·맵틱스, MT-501 국가과제 선정",큐라클은 항체 신약개발 기업 맵틱스와 공동 개발 중인 혈관염 치료용 이중항체 'MT-501'이 중소벤처기업부 국가 연구개발 과제에 선정됐다고 22일 밝혔다. 이번 과제는 혈관의 안정성과 항상성 유지에 관여하는... ,https://www.newspim.com/news/view/20260922000397,https://www.newspim.com/news/view/20260922000397,"Tue, 22 Sep 2026 10:09:00 +0900",2026-09-22 10:30:16
바이오/헬스,신약 개발,"앤트로픽, 실제 생물학 실험 나선다…연구자 대상 검증 프로그램 출시",신약을 개발해 판매하는 제약사와 직접 경쟁하기보다는 AI를 활용한 연구 도구를 제공하는 데 무게를 둔다는 설명이다. 회사는 최근 제약사 노보 노디스크와 신약 연구 협력도 발표했다. 앤트로픽의 생명과학 분야... ,https://www.digitaltoday.co.kr/news/articleView.html?idxno=702289,https://www.digitaltoday.co.kr/news/articleView.html?idxno=702289,"Tue, 22 Sep 2026 10:08:00 +0900",2026-09-22 10:30:16
바이오/헬스,신약 개발,"성균관대 김인기 교수 연구팀, '오가노이드 온 어 칩' 개발...파킨슨병 ...",향후 동물실험과 실제 인체 임상시험 사이의 간극을 획기적으로 줄여 신약 개발 기간을 단축하고 비용을 절감하는 데 크게 기여할 전망이다. 김인기 교수는 &quot;이번 연구는 초정밀 광학 센서를 활용해 살아 있는 인간... ,http://www.popcornnews.net/news/articleView.html?idxno=133810,http://www.popcornnews.net/news/articleView.html?idxno=133810,"Tue, 22 Sep 2026 10:06:00 +0900",2026-09-22 10:30:16
바이오/헬스,신약 개발,"바이엘, '스티바가' 매각…특허절벽 앞두고 포트폴리오 정리","이미 허가와 판매망을 갖춘 제품을 확보해 수익성을 높이고, 이를 신약 연구개발 재원으로 활용한다는 구상이다. 그뤼넨탈은 2017년 이후 인수·합병에 약 26억유로를 투입했다. 이 과정에서 남성호르몬제 '네비도... ",https://www.medipana.com/news/articleView.html?idxno=418100,https://www.medipana.com/news/articleView.html?idxno=418100,"Tue, 22 Sep 2026 10:06:00 +0900",2026-09-22 10:30:16
바이오/헬스,신약 개발,"셀트리온, 'K-브랜드지수' 제약·바이오 부문 1위 수성","한정근 아시아브랜드연구소 대표는 &quot;제약·바이오 기업의 브랜드 가치는 단순한 기업 규모나 연구개발 역량만으로 결정되지 않는 흐름&quot;이라며 &quot;신약 개발과 기술수출, 글로벌 사업 확대 등 주요 경영 성과가 시장과... ",http://www.financialreview.co.kr/news/articleView.html?idxno=45028,http://www.financialreview.co.kr/news/articleView.html?idxno=45028,"Tue, 22 Sep 2026 09:58:00 +0900",2026-09-22 10:30:16
바이오/헬스,신약 개발,"유한양행 렉라자, 中 리브리반트 SC 출시로 병용 처방 확대 기반 강화",유한양행이 개발한 폐암 신약 렉라자(성분명 레이저티닙)의 중국 처방 확대 여건이 마련됐다. 존슨앤드존슨(J&amp;J)이 레이저티닙과 병용하는 리브리반트(성분명 아미반타맙)의 피하주사(SC) 제형을 중국에서 공식... ,http://www.press9.kr/news/articleView.html?idxno=83153,http://www.press9.kr/news/articleView.html?idxno=83153,"Tue, 22 Sep 2026 09:56:00 +0900",2026-09-22 10:30:16
바이오/헬스,신약 개발,"제일약품, 백암공장 생산시설 증축 완료… 생산능력 71% 확대","이번 증축은 자체 개발 신약 '자큐보'의 판매 호조 등 매출 성장에 따른 물량 증가에 선제적으로 대응하고, 향후 신약 및 수출 프로젝트에 필요한 생산 여력을 확보하기 위해 추진됐다. 신규 시설에는 BMS... ",http://www.bokuennews.com/news/article.html?no=284595,http://www.bokuennews.com/news/article.html?no=284595,"Tue, 22 Sep 2026 09:50:00 +0900",2026-09-22 10:30:16
바이오/헬스,신약 개발,"성균관대, 미니 뇌와 나노센서 결합해 파킨슨병 치료 효과 실시간 측정",연구팀은 이를 통해 동물실험과 임상시험 사이의 간극을 줄이고 신약 개발 기간과 비용 절감에도 기여할 수 있을 것으로 기대했다. 김인기 교수는 &quot;초정밀 광학 센서를 활용해 살아 있는 인간 조직의 약물 반응을 시간에... ,https://www.newstnt.com/news/articleView.html?idxno=719664,https://www.newstnt.com/news/articleView.html?idxno=719664,"Tue, 22 Sep 2026 09:42:00 +0900",2026-09-22 10:30:16
바이오/헬스,신약 개발,"알테오젠, 삼성바이오로직스 제치고 K-브랜드지수 제약·바이오 부문 2위","신약 개발과 기술수출, 글로벌 사업 확대 등 주요 경영 성과가 시장과 대중에게 어떻게 전달되고 기업의 경쟁력으로 인식되느냐가 중요해지면서, 전문적인 사업 역량을 효과적으로 전달하는 브랜드 커뮤니케이션의... ",https://www.socialvalue.kr/news/view/1065573147622886,https://www.socialvalue.kr/news/view/1065573147622886,"Tue, 22 Sep 2026 09:40:00 +0900",2026-09-22 10:30:16
바이오/헬스,신약 개발,"제일약품, ﻿백암공장 생산시설 증축…생산능력 71% 확대",제일약품은﻿ 자체 신약 파이프라인의 연구개발과 생산 역량을 함께 강화하며 중장기 성장동력을 강화한다는 계획이다. ﻿제일약품 관계자는 &quot;이번 백암공장 증축은 현재의 생산 수요뿐 아니라 향후 매출 성장과 신약... ,https://www.pointdaily.co.kr/news/articleView.html?idxno=320160,https://www.pointdaily.co.kr/news/articleView.html?idxno=320160,"Tue, 22 Sep 2026 09:36:00 +0900",2026-09-22 10:30:16
바이오/헬스,헬스케어 시장,"토마토시스템, 대우건설 '바로콘 시스템' 웹 표준 전환 완료",인공지능(AI) 소프트웨어 및 디지털 헬스케어 전문기업 토마토시스템이 대우건설의 통합공사관리시스템을... 현대화 시장 공략을 본격화한다는 전략이다. 대우건설 디지털 관계자는 &quot;이번 사업은 기존 업무와 데이터의... ,https://www.itdaily.kr/news/articleView.html?idxno=241779,https://www.itdaily.kr/news/articleView.html?idxno=241779,"Tue, 22 Sep 2026 10:28:00 +0900",2026-09-22 10:30:17
바이오/헬스,헬스케어 시장,"대웅제약, 인지장애 디지털치료기기 '코그테라' 도입","한편, 대웅제약은 최근 각 분야를 대표하는 디지털 헬스케어 기업 12개사와 '대웅 얼라이언스'를 구축해 개별 솔루션과 서비스를 하나의 생태계로 연결하며 새로운 시장을 창출하고 있다. 최근에는 프로메디우스와 흉부... ",https://www.newsworks.co.kr/news/articleView.html?idxno=854568,https://www.newsworks.co.kr/news/articleView.html?idxno=854568,"Tue, 22 Sep 2026 10:26:00 +0900",2026-09-22 10:30:17
바이오/헬스,헬스케어 시장,"메디아르, KIMES BUSAN 2026서 스프레이 피부보호대 '클리비' 선보여… &quot;...","이외에도 메디아르는 클리비를 중심으로 국내 의료기기 시장에서 제품 및 품질관리 기반을 다지고 있다. 국내외 의료·헬스케어 관련 기업 및 기관과의 협력을 통해 사업 영역을 확대하고 있으며, 해외시장 진출을... ",https://kr.aving.net/news/articleView.html?idxno=1814677,https://kr.aving.net/news/articleView.html?idxno=1814677,"Tue, 22 Sep 2026 10:24:00 +0900",2026-09-22 10:30:17
바이오/헬스,헬스케어 시장,"긴축에도 오른 비트코인, 반등 이어질까?…크립토닷컴(Crypto.com), ETF 수급...","전통 금융시장의 흐름은 엇갈렸다. 다우존스지수와 S&amp;P500지수는 각각 1.7%, 0.1% 하락했지만, 나스닥지수는 주 후반 대형 기술주와 헬스케어주 반등에 힘입어 0.70% 상승했다. 미국 10년물 국채 금리는 5.00%를 돌파했고... ",https://www.tokenpost.kr/news/insights/411949,https://www.tokenpost.kr/news/insights/411949,"Tue, 22 Sep 2026 10:22:00 +0900",2026-09-22 10:30:17
바이오/헬스,헬스케어 시장,"이노트, KIMES BUSAN 2026서 휴대용 저주파 자극기 '더마펄스' 선보여… ...","또한 연구개발 중심의 생산 체계를 바탕으로 시장 요구에 신속하고 정확하게 대응하는 데 초점을 맞추고 있다. 회사는 의료 현장의 문제를 기술과 품질 기반으로 발굴하고, 사람과 동물을 위한 헬스케어 솔루션을... ",https://kr.aving.net/news/articleView.html?idxno=1814613,https://kr.aving.net/news/articleView.html?idxno=1814613,"Tue, 22 Sep 2026 10:02:00 +0900",2026-09-22 10:30:17
바이오/헬스,헬스케어 시장,[N2 증시 풍향계] 반도체 빅2·소부장 일제히 ‘불기둥’…비트코인·증...,보험·디지털 헬스케어 사업 확대 기대가 커지면서 상한가로 치솟았다. 토마토시스템은 같은 시각 코스닥시장에서 전장 대비 765원(30.00%) 오른 3315원을 나타내고 있다. 토마토시스템의 급등은 회사가 전략적 지분... ,https://www.news2day.co.kr/article/20260922500079,https://www.news2day.co.kr/article/20260922500079,"Tue, 22 Sep 2026 10:00:00 +0900",2026-09-22 10:30:17
바이오/헬스,헬스케어 시장,"[똑똑한소비] 세라젬, 코웨이, 슈마커, 크록스, TJ미디어, 원림, 위피, S...",주요 헬스케어 제품을 직접 체험하고 상담받을 수 있다. 웰스토어 용인기흥점에서는 신진 작가들이... 특히 온누리상품권 지급을 통해 소비자 혜택이 전통시장과 지역 상권 소비로 이어지도록 한 것이 특징이다.... ,https://www.ekn.kr/web/view.php?key=20260922023547806,https://www.ekn.kr/web/view.php?key=20260922023547806,"Tue, 22 Sep 2026 10:00:00 +0900",2026-09-22 10:30:17
바이오/헬스,헬스케어 시장,"대웅제약, 국내 첫 인지장애 디지털치료기기 '코그테라' 도입","치매를 확진하는 검사는 아니며, 인지기능 저하 가능성을 확인해 의료진의 추가 임상 평가와 진료 판단을 돕는다.국내 디지털 헬스케어 시장을 선도해온 대웅제약은 최근 각 분야를 대표하는 디지털 헬스케어 기업... ",https://www.medicaltimes.com/Main/News/NewsView.html?ID=1170830&ref=naverpc,https://www.medicaltimes.com/Main/News/NewsView.html?ID=1170830&ref=naverpc,"Tue, 22 Sep 2026 09:56:00 +0900",2026-09-22 10:30:17
바이오/헬스,헬스케어 시장,"제이엘케이, 한·대만·일 뇌졸중 국제포럼서 AI 솔루션 시연… 동아시...","인공지능 헬스케어 기업들의 전략적 동선은, 향후 자본시장에서 기업가치 하방 지지선을 탄탄히 다지고 주주 가치를 최상단으로 우상향 지지하는 실질적인 동력으로 분석된다. 제이엘케이는 이번 한·대만·일 국제 뇌졸중... ",https://www.nbntv.kr/news/articleView.html?idxno=340850,https://www.nbntv.kr/news/articleView.html?idxno=340850,"Tue, 22 Sep 2026 09:54:00 +0900",2026-09-22 10:30:17
바이오/헬스,헬스케어 시장,"대웅, 국내 최초 인지장애 디지털치료기기 도입",대웅제약은 최근 각 분야를 대표하는 디지털 헬스케어 기업 12개사와 ‘대웅 얼라이언스’를 구축해 개별 솔루션과 서비스를 하나의 생태계로 연결하며 시장을 창출하고 있다. 이번 코그테라 도입을 통해 중추신경계... ,https://www.newsis.com/view/NISX20260922_0003799679,https://n.news.naver.com/mnews/article/003/0014206891?sid=102,"Tue, 22 Sep 2026 09:44:00 +0900",2026-09-22 10:30:17
바이오/헬스,헬스케어 시장,"안국약품, 헬스케어·뷰티로 사업 다각화...원가 경쟁력 ↑-한국투자증...",이들 제품을 통해 해당 시장에서 높은 점유율을 확보하고 있는 것으로 나타났다. 순환기계 분야에서는 신제품 출시로 제품 라인업을 확대하고 연구개발을 통해 입지를 강화하고 있다. 안국약품은 헬스케어 및 뷰티... ,http://www.press9.kr/news/articleView.html?idxno=83147,http://www.press9.kr/news/articleView.html?idxno=83147,"Tue, 22 Sep 2026 09:44:00 +0900",2026-09-22 10:30:17
바이오/헬스,헬스케어 시장,"대웅제약, 첫 디지털치료기기 도입…'코그테라' 국내 독점 영업",국내 디지털 헬스케어 시장을 선도해온 대웅제약은 최근 각 분야를 대표하는 디지털 헬스케어 기업 12개사와 '대웅 얼라이언스'를 구축해 개별 솔루션과 서비스를 하나의 생태계로 연결하며 새로운 시장을 창출하고... ,https://weekly.hankooki.com/news/articleView.html?idxno=7185487,https://weekly.hankooki.com/news/articleView.html?idxno=7185487,"Tue, 22 Sep 2026 09:42:00 +0900",2026-09-22 10:30:17
바이오/헬스,헬스케어 시장,"벤처協, 美 동남부 시장 진출 희망 벤처기업 지원","모빌리티 ▲헬스케어·라이프사이언스 ▲AI 콘텐츠·크리에이티브 테크 등 4대 핵심 산업 트랙으로, 트랙별 심사를 거쳐 총 10개사를 선발한다. 참가 신청 마감은 이달 30일까지다. 벤처협회 관계자는 &quot;국내 시장... ",http://www.metroseoul.co.kr/article/20260922500063,http://www.metroseoul.co.kr/article/20260922500063,"Tue, 22 Sep 2026 09:42:00 +0900",2026-09-22 10:30:17
바이오/헬스,헬스케어 시장,"코웨이, ‘보행보조 웨어러블 로봇’ 내달 출시…렌털 영토 확장",코웨이의 이번 제품 출시는 렌털업계의 사업 영역이 전통적인 생활가전에서 시니어 헬스케어와 로봇... 위로보틱스 역시 웨어러블 로봇을 에이징테크 시장에 접목하고 있다. 실제 보행운동센터 이용자 가운데 70~80대가... ,https://biz.heraldcorp.com/article/10881595?ref=naver,https://n.news.naver.com/mnews/article/016/0002700681?sid=101,"Tue, 22 Sep 2026 09:40:00 +0900",2026-09-22 10:30:17
바이오/헬스,헬스케어 시장,"대웅제약, 첫 디지털치료기기 도입…경도인지장애 시장 진출","대웅제약이 경도인지장애 디지털치료기기(DTx) ‘코그테라’를 도입하며 처방형 디지털 치료 시장에 처음 진출한다. 기존 디지털 헬스케어 사업을 중추신경계(CNS) 영역까지 확대하고, 인지기능 조기 선별부터 치료까지... ",https://www.sentv.co.kr/article/view/sentv202609220052,https://www.sentv.co.kr/article/view/sentv202609220052,"Tue, 22 Sep 2026 09:36:00 +0900",2026-09-22 10:30:17
AI/소프트웨어,AI 주가,MLCC 공급 부족 부각…삼성전기·아모텍 등 관련주 동반 강세,적층세라믹커패시터(MLCC) 공급 부족이 범용 제품까지 확산하면서 삼성전기와 아모텍 등 관련주가 장... 최근 AI 서버용 고사양 MLCC 수요가 늘면서 선두 업체들이 고부가 제품 중심으로 생산능력을 재편하고 있다.... ,https://www.imaeil.com/page/view/2026092209582733520,https://n.news.naver.com/mnews/article/088/0001029930?sid=101,"Tue, 22 Sep 2026 10:27:00 +0900",2026-09-22 10:30:17
AI/소프트웨어,AI 주가,[뷰티人] 에이피알 신재하 부사장 &quot;美 오프라인 확장 중…매출목표 3조...,"최근 다소 부진한 회사 주가에 대해 회사의 실적뿐 아니라 시장 상황과 투자심리, 업종·거시경제 환경 등... 인공지능(AI) 기술 기반 가품 모니터링, 가품 업체 대상 법적 제재도 이어가고 있다. 다양한 관계부처와도... ",https://news.einfomax.co.kr/news/articleView.html?idxno=4436064,https://news.einfomax.co.kr/news/articleView.html?idxno=4436064,"Tue, 22 Sep 2026 10:24:00 +0900",2026-09-22 10:30:17
AI/소프트웨어,AI 주가,"日 증시 시총 '톱4' 혼전…AI·은행주, 도요타 맹추격",절대 강자였던 도요타자동차 외에 인공지능(AI)·반도체 기업과 대형 은행 등 3개 기업이 추가로 선두권에... 비교해 다양한 업종이 주가 상승을 이끌고 있어 일본 주식시장의 매력과 안정성을 높이고 있다&quot;고 분석했다.,https://www.yna.co.kr/view/AKR20260922061000009?input=1195m,https://n.news.naver.com/mnews/article/001/0016328736?sid=104,"Tue, 22 Sep 2026 10:13:00 +0900",2026-09-22 10:30:17
AI/소프트웨어,AI 주가,‘삼전닉스 다시 불 붙나’ 美 반도체주 훈풍에 코스피 장 초반 2%대 상...,"대형 반도체주가 상승을 주도하고 있다. 삼성전자는 전장보다 2.55% 오른 28만1000원, SK하이닉스는 3.32... 간밤 뉴욕증시는 인공지능(AI) 관련주 강세에 3대 지수가 일제히 올랐다. 나스닥 종합지수는 전장보다... ",https://biz.heraldcorp.com/article/10881702?ref=naver,https://n.news.naver.com/mnews/article/016/0002700718?sid=101,"Tue, 22 Sep 2026 10:13:00 +0900",2026-09-22 10:30:17
AI/소프트웨어,AI 주가,美반도체주 쓸어담기 나선 서학개미…순매수 1위는 3배 '속슬',뮤즈와 파트너십을 발표한 이커머스 기업 쇼피파이 주가도 올랐다&quot;면서 &quot;하드웨어 측면에서는 AI 에이전트 구동을 위한 CPU 수요 확대 가능성을 반영해 AMD와 인텔 등 CPU 기업들이 강세를 보였다&quot;고 말했다.,https://www.newsis.com/view/NISX20260922_0003799546,https://n.news.naver.com/mnews/article/003/0014207036?sid=101,"Tue, 22 Sep 2026 10:11:00 +0900",2026-09-22 10:30:17
AI/소프트웨어,AI 주가,"[마켓펄스] 'AI 낙관론' 확산에...코스피, 7100선 '안착'","메타의 개인용 업무 수행 AI 에이전트 '뮤즈'가 애플 앱스토어 무료 애플리케이션 부문 1위에 오른 것이 연쇄적으로 관련주에 영향을 끼쳤다. 메타의 주가는 전장 대비 11.34% 급등했고, AMD도 9.95% 오르며 엔비디아... ",https://www.ntoday.co.kr/news/articleView.html?idxno=129592,https://www.ntoday.co.kr/news/articleView.html?idxno=129592,"Tue, 22 Sep 2026 10:10:00 +0900",2026-09-22 10:30:17
AI/소프트웨어,인공지능 산업,"엔코아, 오픈AI 셀렉트 파트너 선정…AI 레디 데이터 기반 AI 확산 지원","인공지능(AI)·데이터 전문기업 엔코아가 오픈AI 셀렉트 파트너로 선정돼 국내 기업의 AI 도입 지원을... 오픈AI 파트너 네트워크는 산업별 전문성과 구축 역량, 강력한 고객 네트워크를 보유한 파트너가 오픈AI... ",https://www.itdaily.kr/news/articleView.html?idxno=241775,https://www.itdaily.kr/news/articleView.html?idxno=241775,"Tue, 22 Sep 2026 10:28:00 +0900",2026-09-22 10:30:18
AI/소프트웨어,인공지능 산업,"'답하는 AI' 넘어 '일하는 AI'로…지멘스, 산업 AI 확장 해법 공개",지멘스가 산업용 인공지능(AI)의 경쟁력을 모델 성능이 아닌 '실행 능력'으로 확장한다. 기업 내부 데이터를 분석하고 답변을 생성하는 데서 그치지 않고 AI 에이전트가 설계·생산·운영·서비스 업무에 참여하도록... ,https://www.itdaily.kr/news/articleView.html?idxno=241773,https://www.itdaily.kr/news/articleView.html?idxno=241773,"Tue, 22 Sep 2026 10:28:00 +0900",2026-09-22 10:30:18
AI/소프트웨어,인공지능 산업,"대우건설, 원전·에너지 사업영토 넓힌다…비법은",정원주 대우건설 회장(오른쪽)과 레 마잉 훙 베트남 산업통상부 장관(사진=대우건설) 22일 대우건설에 따르면... (GW)급 인공지능(AI) 데이터센터를 결합한 ‘올인원 융복합 개발’ 모델을 전격 제안했다. 인도네시아 정부... ,https://www.edaily.co.kr/News/Read?newsId=03155366645582744&mediaCodeNo=257&utm_source=naver&utm_medium=referral&utm_campaign=news_syndication&utm_content=original_article,https://n.news.naver.com/mnews/article/018/0006374196?sid=101,"Tue, 22 Sep 2026 10:28:00 +0900",2026-09-22 10:30:18
AI/소프트웨어,인공지능 산업,"글로벌 디지털 금융 미래 조망한다…두나무, 29일 '업비트 인스티튜셔널...","이와 함께 미국과 유럽, 아시아 등 주요 권역별 제도화 흐름과 금융의 온체인 전환, 인공지능(AI)과 블록체인의 융합도 핵심 의제로 다룬다. 국내 금융산업의 온체인 전환을 집중 조명하는 패널 토론도 마련된다. 이종섭... ",https://www.widedaily.com/news/articleView.html?idxno=301362,https://www.widedaily.com/news/articleView.html?idxno=301362,"Tue, 22 Sep 2026 10:26:00 +0900",2026-09-22 10:30:18
AI/소프트웨어,인공지능 산업,이종재 이투데이 대표 “AI가 속도 높여도 신뢰는 사람이 쌓아” [2026 여...,이투데이=권현원 기자 | “선언에서 실행으로⋯여성금융인과 함께할 것” 이종재 이투데이 대표가 인공지능(AI) 시대 금융산업에서 사람의 신뢰와 리더십이 더욱 중요해지고 있다고 강조했다. 이 대표는 22일 서울 여의도... ,https://www.etoday.co.kr/news/view/2628080,https://www.etoday.co.kr/news/view/2628080,"Tue, 22 Sep 2026 10:26:00 +0900",2026-09-22 10:30:18
AI/소프트웨어,인공지능 산업,"펄스나인, ‘테크테인먼트 2026 서울’ 성료…AI·K-컬처 융합 미래 제시","결합한 산업의 미래 방향을 제시했다. 지난 18일 서울 동대문디자인플라자(DDP)에서 열린 이번 행사는... 비마이프렌즈 '비스테이지'와 뮤즈라이브 '킷베터'가 대상을 수상했으며, 하정우 국가인공지능전략위원회... ",https://zdnet.co.kr/view/?no=20260922102550,https://n.news.naver.com/mnews/article/092/0002438420?sid=105,"Tue, 22 Sep 2026 10:26:00 +0900",2026-09-22 10:30:18
AI/소프트웨어,인공지능 산업,"계명대 동산의료원-서울대병원, 의료AI 공동연구·임상 적용 협력",계명대학교 동산의료원(의료원장 배재훈)이 서울대학교병원과 의료 인공지능(AI)의 임상 적용과... 한편 콘퍼런스 당일 동산병원에서는 한국보건산업진흥원과 스마트의료기기상생포럼(SMD Forum)이 주관한 '병원·기업... ,https://www.imaeil.com/page/view/2026092210221802349,https://n.news.naver.com/mnews/article/088/0001029927?sid=004,"Tue, 22 Sep 2026 10:26:00 +0900",2026-09-22 10:30:18
AI/소프트웨어,인공지능 산업,"英 &quot;AI 위험, 국제사회 함께 대응해야&quot;…미중 중재 자처",영국이 인공지능(AI)의 위험에 대응하기 위한 국제 공조를 주도하고 미국과 중국 사이에서 '중재자' 역할을... 버넘 총리는 뉴욕으로 향하는 길에 기자들과 만나 영국의 AI 산업 경쟁력을 바탕으로 G20 의장국으로서... ,https://www.newsis.com/view/NISX20260922_0003799719,https://n.news.naver.com/mnews/article/003/0014207068?sid=104,"Tue, 22 Sep 2026 10:24:00 +0900",2026-09-22 10:30:18
AI/소프트웨어,인공지능 산업,"대우건설, 베트남·인니 공략 가속화… 에너지 인프라 사업 확대",대우건설이 베트남과 인도네시아를 중심으로 원전·액화천연가스(LNG)·인공지능(AI) 데이터센터 등 에너지... 대우건설은 또 지난달 26일 방한한 레 마잉 훙(Lê Mạnh Hùng) 베트남 산업통상부 장관과 국내 건설사 중... ,https://biz.chosun.com/real_estate/real_estate_general/2026/09/22/KJAXFGJNGFHIXIXSXNYSRQEHVE/?utm_source=naver&utm_medium=original&utm_campaign=biz,https://n.news.naver.com/mnews/article/366/0001193877?sid=101,"Tue, 22 Sep 2026 10:24:00 +0900",2026-09-22 10:30:18
AI/소프트웨어,인공지능 산업,"GICON, 'WAF2026'성황리 개최…웹툰·애니메이션 창작자와 산업인 성과 ...",광주정보문화산업진흥원(GICON)은 지난 11일 김대중컨벤션센터와 L7 충장 바이 롯데호텔에서 '2026 웹... 특히 올해는 변화하는 콘텐츠 창작 환경에 발맞춰 애니메이션 분야에 인공지능(AI) 부문을 시범 운영했다. AI를 100... ,https://www.etnews.com/20260922000181,https://n.news.naver.com/mnews/article/030/0003469250?sid=102,"Tue, 22 Sep 2026 10:23:00 +0900",2026-09-22 10:30:18
AI/소프트웨어,인공지능 산업,"에이프리카, 금융·바이오·공공 AX 구축 확대",브레인즈컴퍼니의 자회사인 인공지능(AI)·클라우드네이티브 플랫폼 전문기업 에이프리카가 금융과... 지역 산업의 AX를 지원하는 공용 AI 인프라 구축에도 참여하고 있다. 한 지역 테크노파크가 추진하는 AI 전환... ,https://www.newspim.com/news/view/20260922000440,https://www.newspim.com/news/view/20260922000440,"Tue, 22 Sep 2026 10:23:00 +0900",2026-09-22 10:30:18
AI/소프트웨어,인공지능 산업,"KTcs, '인적자원개발 우수기관' 2회 연속 선정…AI 인재 육성 성과",KTcs가 인공지능(AI)과 디지털 전환(DX)을 중심으로 임직원 역량 개발 체계를 강화하며 인적자원개발... KTcs는 고용노동부·교육부·산업통상자원부·중소벤처기업부가 공동 주최하고 한국산업인력공단이 주관하는... ,https://www.ebn.co.kr/news/articleView.html?idxno=1725280,https://www.ebn.co.kr/news/articleView.html?idxno=1725280,"Tue, 22 Sep 2026 10:22:00 +0900",2026-09-22 10:30:18
AI/소프트웨어,인공지능 산업,"문서 읽고 입력·서명란까지 알아서…포시에스, AI 기술 특허 등록","포시에스가 인공지능(AI)을 활용해 문서 내용을 파악하고 전자서식 입력란과 서명 위치 등을 자동으로... 국제 보안 표준 인증과 공공 클라우드 보안인증(CSAP) 표준등급을 확보했으며 신용보증기금, 한국산업은행... ",https://zdnet.co.kr/view/?no=20260922102057,https://n.news.naver.com/mnews/article/092/0002438419?sid=105,"Tue, 22 Sep 2026 10:22:00 +0900",2026-09-22 10:30:18
AI/소프트웨어,클라우드 시장,"[재계 투데이] LG전자, 2.5MW급 CDU 엔비디아 승인 外",시장조사업체 트렌드포스는 AI 데이터센터의 액체냉각 솔루션 도입률이 2024년 14%에서 2027년 약 60%까지... AX 분야에서는 LG 전사 사무직을 대상으로 코파일럿을 포함한 마이크로소프트의 AI·클라우드 플랫폼을 도입해... ,https://news.dealsitetv.com/articles/176259,https://news.dealsitetv.com/articles/176259,"Tue, 22 Sep 2026 10:28:00 +0900",2026-09-22 10:30:19
AI/소프트웨어,클라우드 시장,"두나무, 29일 '업비트 인스티튜셔널 서밋' 개최",Papper) 클라우드플레어 에이전트 결제 제품 총괄 등도 참석한다. 행사에서는 ▲글로벌 디지털자산 규제 및 시장구조 변화 ▲토큰화와 자산 유통 구조 ▲기관의 디지털자산 시장 참여 ▲아시아 주요국의... ,https://www.khgames.co.kr/news/articleView.html?idxno=308669,https://www.khgames.co.kr/news/articleView.html?idxno=308669,"Tue, 22 Sep 2026 10:28:00 +0900",2026-09-22 10:30:19
AI/소프트웨어,클라우드 시장,윤종필 우리금융지주 과장 “NHN두레이 도입 후 금융권 AI 접근성 완전히...,"금융권 최초로 국산 SaaS 협업툴을 내부망에 도입해 까다로운 보안 규제를 극복하고, 외산 중심의 금융 협업툴 시장에서 국산 클라우드 생태계 확산을 주도한 점이 핵심 수상 이유로 꼽혔다. “금융사로는 첫 내부망 도입... ",https://it.donga.com/109576/,https://it.donga.com/109576/,"Tue, 22 Sep 2026 10:22:00 +0900",2026-09-22 10:30:19
AI/소프트웨어,클라우드 시장,소프트뱅크 15조 채권…AI 투자 '빚의 전쟁',시장에서는 이 같은 흐름을 AI 산업이 기술 경쟁을 넘어 자본력 경쟁 단계로 진입한 신호로 보고 있다.... 엔비디아가 지원하는 AI 클라우드 업체 엔스케일도 올해 상반기 매출이 12배 이상 늘었지만 10억달러가 넘는... ,https://www.mstoday.co.kr/news/articleView.html?idxno=102677,https://www.mstoday.co.kr/news/articleView.html?idxno=102677,"Tue, 22 Sep 2026 10:18:00 +0900",2026-09-22 10:30:19
AI/소프트웨어,클라우드 시장,"대교CNS, 한드림넷 인수…네트워크 보안 사업 강화","중장기적으로는 한드림넷이 강점을 가진 공공시장을 기반으로 민간기업과 제조·OT 분야까지 고객 영역을 넓히고, AI 기반 위협 탐지·분석과 보안정책 자동화, 클라우드 환경에 대응하는 기술 개발도 단계적으로... ",https://weekly.hankooki.com/news/articleView.html?idxno=7185514,https://weekly.hankooki.com/news/articleView.html?idxno=7185514,"Tue, 22 Sep 2026 10:18:00 +0900",2026-09-22 10:30:19
AI/소프트웨어,클라우드 시장,"두나무, 글로벌 디지털자산 리더 한자리에…29일 'UIS' 개최",올해 행사에서는 △글로벌 디지털자산 규제 및 시장구조 변화 △토큰화와 새로운 자산 유통 구조 △기관의... 패퍼 클라우드플레어 에이전트 결제 제품 총괄 등 글로벌 산업 관계자도 참석한다. 국내 금융산업의... ,https://www.etnews.com/20260922000174,https://n.news.naver.com/mnews/article/030/0003469244?sid=101,"Tue, 22 Sep 2026 10:18:00 +0900",2026-09-22 10:30:19
AI/소프트웨어,클라우드 시장,"뷰런테크놀로지, 싱가포르 '스마트 포트 챌린지 2026' 선정 ··· 라이다...",룩아웃은 라이다가 수집한 고정밀 3차원 포인트 클라우드 데이터에 AI 인지 알고리즘을 결합해 야드 내... 최적화된 라이다 인프라 적용 모델을 구체화하고 글로벌 해양·항만 시장 진출을 확대하겠다&quot;고 밝혔다.,https://www.datanet.co.kr/news/articleView.html?idxno=214636,https://www.datanet.co.kr/news/articleView.html?idxno=214636,"Tue, 22 Sep 2026 10:16:00 +0900",2026-09-22 10:30:19
AI/소프트웨어,클라우드 시장,"두나무, 29일 '업비트 인스티튜셔널 서밋' 개최…글로벌 디지털 금융 논...",패퍼 클라우드플레어 에이전트 결제 제품 총괄 등이 함께한다. 오경석 두나무 대표의 개회사로 시작하는 UIS에서는 ▲글로벌 가상자산 규제 및 시장구조 변화 ▲토큰화와 새로운 자산 유통 구조 ▲기관의 가상자산... ,https://www.newsis.com/view/NISX20260922_0003799786,https://n.news.naver.com/mnews/article/003/0014207045?sid=101,"Tue, 22 Sep 2026 10:15:00 +0900",2026-09-22 10:30:19
AI/소프트웨어,클라우드 시장,"규제·토큰화·온체인·AI 한자리서 논의…두나무, ‘UIS 2026’ 개최","패퍼 클라우드플레어 에이전트 결제 제품 총괄 등이 참여한다. 행사는 오경석 두나무 대표의 개회사로 시작한다. 주요 의제는 글로벌 디지털자산 규제와 시장구조 변화, 토큰화와 새로운 자산 유통 구조, 기관의... ",https://www.thepowernews.co.kr/view.php?ud=202609221004069309de3f0aa1be_7,https://www.thepowernews.co.kr/view.php?ud=202609221004069309de3f0aa1be_7,"Tue, 22 Sep 2026 10:06:00 +0900",2026-09-22 10:30:19
AI/소프트웨어,클라우드 시장,"빈집 10채가 창업가 마을로…스타트업 다자요, 제주 조수리 재생 나선다",7% 올리는 등 국내외 클라우드 기업의 GPU 이용료 인상이 잇따르고 있다. 이에 따라 일부 기업은 GPU를... 해외 시장에 제안해 중소기업의 수출 기회를 넓히겠다는 방침이다. 6. 코인도 신용등급 매긴다 - 핵심 요약... ,https://www.sedaily.com/article/20093753?ref=naver,https://n.news.naver.com/mnews/article/011/0004664385?sid=101,"Tue, 22 Sep 2026 10:01:00 +0900",2026-09-22 10:30:19
AI/소프트웨어,클라우드 시장,"&quot;스토리지, 단순 저장 넘어 '비용·자동화 플랫폼'으로 진화&quot;","이 전무는 &quot;스토리지 시장이 과거에는 오라클 데이터베이스 중심이었다면 이제 VM과 쿠버네티스, 컨테이너, 클라우드, AI까지 워크로드가 계속 다양해지고 있다&quot;고 말했다. 이러한 환경에서는 한 종류의 스토리지만으로... ",https://www.datanet.co.kr/news/articleView.html?idxno=214622,https://www.datanet.co.kr/news/articleView.html?idxno=214622,"Tue, 22 Sep 2026 10:00:00 +0900",2026-09-22 10:30:19
AI/소프트웨어,클라우드 시장,"LG, MS와 AI 협력 강화…LG전자 냉각장치 엔비디아 규격 승인","전환 시장 공략에 속도를 낸다. LG전자도 AI 데이터센터 핵심 설비인 대용량 액체 냉각 장치가 엔비디아... LG는 ‘마이크로소프트 365′와 MS 코파일럿 등 AI·클라우드 플랫폼을 전사적으로 활용하고, 제조·물류... ",https://www.chosun.com/economy/tech_it/2026/09/22/DFSURHI2Z5DF3CDESKQE2X2IWU/?utm_source=naver&utm_medium=referral&utm_campaign=naver-news,https://n.news.naver.com/mnews/article/023/0003999837?sid=105,"Tue, 22 Sep 2026 10:00:00 +0900",2026-09-22 10:30:19
AI/소프트웨어,클라우드 시장,"두나무, 29일 'UIS 2026'…美 CFTC·백악관 출신 참여","패퍼 클라우드플레어 에이전트 결제 제품 총괄 등이 참여한다. 미국의 디지털자산 시장구조와 정책 변화부터 유럽의 제도화와 기관 참여, 아시아 주요국의 규제 환경까지 권역별 정책·규제를 다루는 논의도... ",https://www.businessplus.kr/news/articleView.html?idxno=117217,https://www.businessplus.kr/news/articleView.html?idxno=117217,"Tue, 22 Sep 2026 10:00:00 +0900",2026-09-22 10:30:19
AI/소프트웨어,클라우드 시장,"LG-MS, AI 동맹 전방위 확대…AIDC·AX·피지컬 AI 손잡는다",개별 계열사가 아닌 그룹 차원의 ‘원 LG(One LG)’ 역량을 활용해 AI DC와 피지컬 AI 등 미래 AI 시장에서... AI·클라우드 플랫폼 도입을 추진한다. 단순히 생성형 AI 솔루션을 업무에 추가하는 수준을 넘어 실제... ,http://www.datanews.co.kr/news/article.html?no=146618,http://www.datanews.co.kr/news/article.html?no=146618,"Tue, 22 Sep 2026 09:54:00 +0900",2026-09-22 10:30:19
AI/소프트웨어,클라우드 시장,"“양자컴퓨터 만든다”…SDT, 아이온큐와 손잡고 구미에 제조거점","이번 아이온큐와의 협력 역시 이 같은 제조 역량을 글로벌 시장으로 확대하는 과정이다. 아이온큐는 어떤... 아이온큐는 아마존웹서비스(AWS), 마이크로소프트 애저(Azure), 구글 클라우드 등과 협력하며 양자컴퓨터를... ",https://www.edaily.co.kr/News/Read?newsId=03043846645582744&mediaCodeNo=257&utm_source=naver&utm_medium=referral&utm_campaign=news_syndication&utm_content=original_article,https://n.news.naver.com/mnews/article/018/0006374167?sid=105,"Tue, 22 Sep 2026 09:54:00 +0900",2026-09-22 10:30:19
AI/소프트웨어,AI 반도체,"아틀라스 로봇, 미국 메타플랜트서 '자동차 제조 학습'","항공우주, 반도체, 식음료, 생명과학 등 다양한 기업들과 협의하고 있다. 보스턴다이나믹스 최고제품·기술책임자(CPTO)인 잭 재코우스키는 &quot;현대차그룹과 기업 규모의 피지컬 AI를 개척하고 있어 기쁘다&quot;며 &quot;양사는... ",https://www.koreareport.co.kr/news/articleView.html?idxno=53151,https://www.koreareport.co.kr/news/articleView.html?idxno=53151,"Tue, 22 Sep 2026 10:26:00 +0900",2026-09-22 10:30:19
AI/소프트웨어,AI 반도체,미래에셋자산운용 실물 로봇 시대 이끌 ETF 공개,"피지컬 AI는 소프트웨어를 넘어 로봇 등 물리적 실체로 구현되는 기술을 의미하며, 정부도 반도체 및 AI 데이터센터와 함께 3대 메가프로젝트로 선정해 육성 중입니다. 현대차그룹은 완성차 생산시설과 자회사... ",https://www.newsclaim.co.kr/news/articleView.html?idxno=3076232,https://www.newsclaim.co.kr/news/articleView.html?idxno=3076232,"Tue, 22 Sep 2026 10:22:00 +0900",2026-09-22 10:30:19
AI/소프트웨어,AI 반도체,현대차그룹 '아틀라스 로봇 학교' 본격 가동 … 내년 10배로 키운다,‘피지컬 AI’ 적용에도 속도가 붙을 전망이다. RMAC에서 축적한 제조 데이터를 기반으로 로봇의 작업... 현재 제조·항공우주·반도체·물류·식음료·생명과학 등 기존 로봇 스팟(Spot)과 스트레치(Stretch)가 활용되는... ,https://biz.newdaily.co.kr/site/data/html/2026/09/22/2026092200085.html,https://biz.newdaily.co.kr/site/data/html/2026/09/22/2026092200085.html,"Tue, 22 Sep 2026 10:22:00 +0900",2026-09-22 10:30:19
AI/소프트웨어,AI 반도체,"KOREATECH 심영석 교수, 산업부 장관 표창… 마약류 탐지 공공안전 분야...",심 교수는 학위과정부터 반도체식 가스센서를 중심으로 연구를 이어오고 있다. 특히 상용화 가능성이 높은... 인공지능(AI)을 활용해 다양한 가스의 종류와 농도를 구별하는 인공후각 시스템으로 연구 분야를 확장하고... ,https://cc.newdaily.co.kr/site/data/html/2026/09/22/2026092200077.html,https://cc.newdaily.co.kr/site/data/html/2026/09/22/2026092200077.html,"Tue, 22 Sep 2026 10:22:00 +0900",2026-09-22 10:30:19
AI/소프트웨어,AI 반도체,"서치독, 오토데스크 AU 2026 참가","한편 서치독은 방대한 산업 데이터를 찾아내고 분석하는 AI 스타트업으로, 플랜트와 토목, 건축 부문에서 쌓은 기술을 반도체와 제조 영역까지 넓히고 있다. 지금까지 40억 원에 달하는 성장 재원을 모았으며... ",http://www.hansbiz.co.kr/news/articleView.html?idxno=867428,http://www.hansbiz.co.kr/news/articleView.html?idxno=867428,"Tue, 22 Sep 2026 10:22:00 +0900",2026-09-22 10:30:19
AI/소프트웨어,AI 반도체,"한미일 외교장관회의, 北 대화 복귀·비핵화 강조…대중 견제도","첨단기술 분야에서는 인공지능(AI)과 양자기술, 디지털 기반시설, 바이오 기술, 반도체 산업을 함께 보호·발전시키고 국립연구소 간 협력도 확대하기로 했다. 에너지 분야에서는 역내 협력을 통해 에너지 안보를... ",https://www.mt.co.kr/politics/2026/09/22/2026092209472172900,https://n.news.naver.com/mnews/article/008/0005417183?sid=100,"Tue, 22 Sep 2026 10:20:00 +0900",2026-09-22 10:30:19
로봇/자율주행,로봇 주가,"[특징주] 더블유에스아이, '유봇' 유럽 특허 등록 소식에 상한가",이날 주가 상승은 이지메디봇이 유봇 관련 기술의 유럽 특허 등록을 마치면서 지식재산권 확보와 향후 제품 사업화에 대한 기대감이 반영된 영향으로 풀이된다. 더블유에스아이는 이날 이지메디봇이 '자궁 거상 로봇... ,https://www.cstimes.com/news/articleView.html?idxno=721682,https://www.cstimes.com/news/articleView.html?idxno=721682,"Tue, 22 Sep 2026 10:28:00 +0900",2026-09-22 10:30:20
로봇/자율주행,로봇 주가,"GS, 923명 참여 해커톤… 'AI 레디 데이터'로 현장 특화 AI 만든다","GS는 이를 바탕으로 산업별 업무에 특화된 AI를 구현하고, AI가 설비·로봇과 결합하는 피지컬 AI에도... DB증권은 지난달 20일 GS 목표주가를 12만원에서 15만원으로 올리고 투자의견 '매수'를 유지했다. GS의 2분기... ",http://www.biztribune.co.kr/news/articleView.html?idxno=359430,http://www.biztribune.co.kr/news/articleView.html?idxno=359430,"Tue, 22 Sep 2026 10:02:00 +0900",2026-09-22 10:30:20
로봇/자율주행,로봇 주가,"노타 주가, 상한가... 이유는?",사진 = 노타 노타 주가가 상한가를 기록했다. 22일 오전 9시 53분 KRX 기준 노타는 전 거래일 대비 29.97%(5200원) 오른 2만 2550원에 거래중이다. VLA는 영상과 언어를 이해하고 이를 기반으로 로봇의 행동까지 생성하는 AI... ,https://www.ggilbo.com/news/articleView.html?idxno=1183175,https://www.ggilbo.com/news/articleView.html?idxno=1183175,"Tue, 22 Sep 2026 10:00:00 +0900",2026-09-22 10:30:20
로봇/자율주행,로봇 주가,차세대 물류 인프라로 진화하는 미국 배송로봇 시장,"미국 50개 주 중 26개 주가 배송로봇 규제의 핵심인 개인배송장치(PDD, Personal Delivery Device) 법을 제정해 운행을 허용하고 있고 12개 주는 법안이 심의 중이다. 2017년 최초 입법한 버지니아를 시작으로 애리조나... ",http://dream.kotra.or.kr/kotranews/cms/news/actionKotraBoardDetail.do?SITE_NO=3&MENU_ID=180&CONTENTS_NO=1&bbsGbn=243&bbsSn=243&pNttSn=243767,http://dream.kotra.or.kr/kotranews/cms/news/actionKotraBoardDetail.do?SITE_NO=3&MENU_ID=180&CONTENTS_NO=1&bbsGbn=243&bbsSn=243&pNttSn=243767,"Tue, 22 Sep 2026 09:53:00 +0900",2026-09-22 10:30:20
로봇/자율주행,로봇 주가,이찬일의 글로벌 경제 브리프 236-1,1배 미만이면 해당기업의 주가가 보유 순자산보다 낮다는 뜻이다. 우리나라 금융지주의 PBR은 KB 1.03배... 우버는 자율주행과 로봇배달을 결합하는 등 AI기반 종합 모빌리티 플랫폼 기업으로 성장해 나갈 것으로... ,https://www.woodkorea.co.kr/news/articleView.html?idxno=91503,https://www.woodkorea.co.kr/news/articleView.html?idxno=91503,"Tue, 22 Sep 2026 09:52:00 +0900",2026-09-22 10:30:20
로봇/자율주행,로봇 주가,"관심 시들해진 자동차株…'빈집' 된 지금, 다시 움직일까",주가 상승을 이끌었던 로봇 사업도 단기적으로는 힘을 보태지 못하고 있다. 로이터 보도에 따르면 현대차그룹 고위 관계자는 보스턴다이내믹스의 2027년 기업공개(IPO)가 사실상 어려울 가능성이 높다고 밝혔다.... ,https://www.imaeil.com/page/view/2026092209361856365,https://n.news.naver.com/mnews/article/088/0001029907?sid=101,"Tue, 22 Sep 2026 09:47:00 +0900",2026-09-22 10:30:20
로봇/자율주행,로봇 주가,"독서·논술부터 대입까지… 디지털대성, 전 연령 라인업 전면 배치",입시뿐 아니라 성인·취업 교육까지 교육 수요가 세분화되면서 각 기업의 사업 영역에 따라 주가 흐름도 달라지는 모습이다. 에듀테크 관련 종목으로는 로보로보와 벡트 등이 상승하고 있다. 로보로보는 로봇을 활용한... ,https://www.pinpointnews.co.kr/news/articleView.html?idxno=489438,https://www.pinpointnews.co.kr/news/articleView.html?idxno=489438,"Tue, 22 Sep 2026 09:42:00 +0900",2026-09-22 10:30:20
로봇/자율주행,로봇 주가,78만원→35만원…현대차 'AI 프리미엄' 어디로,상반기 주가가 로봇과 피지컬 AI의 잠재력을 선반영했다면 향후 기업가치의 방향은 자동차 본업의 수익성 방어와 함께 로봇·자율주행·전동화 사업이 실제 매출과 이익으로 연결되는 속도에 좌우될 가능성이... ,https://www.mstoday.co.kr/news/articleView.html?idxno=102672,https://www.mstoday.co.kr/news/articleView.html?idxno=102672,"Tue, 22 Sep 2026 09:40:00 +0900",2026-09-22 10:30:20
로봇/자율주행,로봇 주가,토마토시스템 30%↑…AI·클라우드 타고 IT서비스株 함박웃음,공공·교육기관 등을 대상으로 한 UI·UX 솔루션 사업과 AI 관련 신규 사업에 대한 기대가 주가에 반영되는... 제조 현장의 자동화와 스마트팩토리 구축 수요가 이어지는 가운데 산업용 로봇과 디지털 전환 사업에 대한... ,https://www.pinpointnews.co.kr/news/articleView.html?idxno=489436,https://www.pinpointnews.co.kr/news/articleView.html?idxno=489436,"Tue, 22 Sep 2026 09:34:00 +0900",2026-09-22 10:30:20
로봇/자율주행,로봇 주가,"로봇주 장중 들썩…미국·이란 전쟁 장기화, 드론·무인체계 중요성 부...",[로봇 관련 기업들의 실제 사업 영역과 국방·드론·AI 사업 비중은 각각 다르며 미국·이란 전쟁과 국내 로봇주 주가 사이의 직접적인 인과관계가 확인된 것은 아니다. 특정 종목에 대한 투자 권유가 아니며 투자에... ,https://www.cbci.co.kr/news/articleView.html?idxno=608920,https://www.cbci.co.kr/news/articleView.html?idxno=608920,"Tue, 22 Sep 2026 09:26:00 +0900",2026-09-22 10:30:20
로봇/자율주행,로봇 주가,휴림로봇 1.54% 상승 6610원…미국 증시 호조에 로봇주도 들썩,AI 소프트웨어뿐 아니라 이를 현실 공간에서 구현하는 로봇과 피지컬 AI에 대한 시장 관심이 이어지는 상황에서 국내 로봇주의 주가 흐름도 주목받고 있다. 다만 미국 AI 관련주 상승이 휴림로봇 등 국내 개별... ,https://www.cbci.co.kr/news/articleView.html?idxno=608923,https://www.cbci.co.kr/news/articleView.html?idxno=608923,"Tue, 22 Sep 2026 09:26:00 +0900",2026-09-22 10:30:20
로봇/자율주행,로봇 주가,"[증권브리핑] 키움증권, 네이버페이비상장과 업무협약 체결 외","목표가격이나 수익률을 기준으로 자동 주문을 설정할 수 있으며, 주가가 일정 수준까지 움직인 뒤... 이 상품은 국내 로봇 산업을 대표하는 현대차그룹과 LG전자를 각각 25%씩 고정 편입하고, 두 기업의 협력사와 국내... ",https://www.seoulfn.com/news/articleView.html?idxno=638510,https://www.seoulfn.com/news/articleView.html?idxno=638510,"Tue, 22 Sep 2026 09:25:00 +0900",2026-09-22 10:30:20
로봇/자율주행,로봇 주가,"코스피, 개장 직후 7100 돌파...미 반도체 급등에 '삼전닉스' 초강세",사진=연합뉴스 간밤 뉴욕 증시에서 나스닥 지수를 비롯한 반도체주가 크게 오르면서 22일 삼성전자... 87%이며 로봇주 레인보우로보틱스도 2.5%다. 미 증시에서 다우존스30산업평균지수는 0.7% 오른... ,http://www.opinionnews.co.kr/news/articleView.html?idxno=144766,http://www.opinionnews.co.kr/news/articleView.html?idxno=144766,"Tue, 22 Sep 2026 09:20:00 +0900",2026-09-22 10:30:20
로봇/자율주행,로봇 주가,"[특징주] 더블유에스아이, 자회사 수술로봇 특허 유럽 19개국 확보 소식...",자회사 이지메디봇의 유럽 특허 등록 소식이 주가 급등에 영향을 준 것으로 풀이된다. 더블유에스아이는 이날 이지메디봇이 ‘자궁 거상 로봇 및 제어 시스템’ 관련 특허를 유럽 19개국에 등록했다고 밝혔다.... ,https://biz.chosun.com/stock/stock_general/2026/09/22/6YAYQZHRXBATPL7NBLRX6T3ZWE/?utm_source=naver&utm_medium=original&utm_campaign=biz,https://n.news.naver.com/mnews/article/366/0001193825?sid=101,"Tue, 22 Sep 2026 09:18:00 +0900",2026-09-22 10:30:20
로봇/자율주행,로봇 주가,"서버·AI가 당긴 기판 수요… 코리아써키트, 실적 모멘텀 드라이브","뉴프렉스와 태성 등 PCB 관련주를 비롯해 솔루엠, 대보마그네틱, 펨트론, 코셈 등 장비·부품주가 오름세를... 로봇·검사장비와 소재 관련주로도 매수세가 이어지면서 업종 내 상승 종목의 범위가 넓어지는 모습이다.... ",https://www.pinpointnews.co.kr/news/articleView.html?idxno=489419,https://www.pinpointnews.co.kr/news/articleView.html?idxno=489419,"Tue, 22 Sep 2026 09:16:00 +0900",2026-09-22 10:30:20
로봇/자율주행,자율주행 산업,"와이파워원, 2026 서울AI로봇쇼서 자율로봇 무선충전 '1.5kW 솔루션' 선보...","와이파워원은 로보택시, 자율주행차, 자율이동로봇, 휴머노이드 등 피지컬 AI 모빌리티를 위한 무선충전... 정밀한 위치 제어가 어려운 산업 현장에서도 안정적인 충전이 가능하도록 설계돼 물류센터, 제조 자동화... ",https://kr.aving.net/news/articleView.html?idxno=1814680,https://kr.aving.net/news/articleView.html?idxno=1814680,"Tue, 22 Sep 2026 10:22:00 +0900",2026-09-22 10:30:21
로봇/자율주행,자율주행 산업,"우아한형제들, 10월 28일 우아콘 2026 개최… AI와 자율주행 배달 기술 ...",이르기까지 산업 전반을 관통하는 총 40개 전문 세션이 구성된다. 단순한 기능 구현 결과를 나열하는 방식을... 최근 배달 플랫폼 업계의 최대 격전지로 부상한 도심형 자율주행 배달로봇의 실증 데이터와 현장 운영 전략도... ,http://www.ttlnews.com/news/articleView.html?idxno=3146154,http://www.ttlnews.com/news/articleView.html?idxno=3146154,"Tue, 22 Sep 2026 10:22:00 +0900",2026-09-22 10:30:21
로봇/자율주행,자율주행 산업,[유통딜리버리] 신세계百ㆍ현대百ㆍ롯데百ㆍ이마트ㆍCUㆍSSG닷컴ㆍG마켓...,제주6차산업협회 등 7개 경제단체가 공동주최하고 쿠팡과 제주특별자치도가 후원했다. 참여 기업은 감귤... 자율주행 배달로봇 기술ㆍ운영 세션도 포함된다. 현장 참가는 10월 13일까지 공식 웹사이트에서 신청하며... ,https://www.dnews.co.kr/uhtml/view.jsp?idxno=202609221002056220087,https://www.dnews.co.kr/uhtml/view.jsp?idxno=202609221002056220087,"Tue, 22 Sep 2026 10:20:00 +0900",2026-09-22 10:30:21
로봇/자율주행,자율주행 산업,[잘먹잘살+]시몬스·웅진프리드라이프·아모레퍼시픽·쿠팡·배민·NOL·...,"이번 행사는 제주6차산업협회, 제주바이오기업협회, 제주화장품기업협회, 제주스타트업협회... 있는 자율주행 배달로봇 관련 기술 및 운영 노하우를 다루는 세션도 진행된다. 지난해에 이어 참가자들이 배민... ",https://www.businessplus.kr/news/articleView.html?idxno=117219,https://www.businessplus.kr/news/articleView.html?idxno=117219,"Tue, 22 Sep 2026 10:14:00 +0900",2026-09-22 10:30:21
로봇/자율주행,자율주행 산업,"현대차그룹, 아틀라스 제조현장 투입 속도…美 학습거점 10배 키운다","피지컬 AI는 AI(인공지능)가 로봇과 자율주행차 등 물리적 장치와 결합해 실제 환경을 인식하고 판단한 뒤... 다른 산업으로 확대한다는 전략이다. 보스턴다이나믹스는 현재 제조와 항공우주, 반도체, 물류, 식음료... ",http://www.4th.kr/news/articleView.html?idxno=2118513,http://www.4th.kr/news/articleView.html?idxno=2118513,"Tue, 22 Sep 2026 10:10:00 +0900",2026-09-22 10:30:21
로봇/자율주행,자율주행 산업,"LS일렉트릭 부산공장, 4족 로봇 스팟 투입… 초고압 변압기 예지보전 가...",시험 주행과 센서 검증을 끝내고 현장 실전에 로봇을 올렸다. 스팟의 최우선 임무는 초고압 변압기 생산의... 스팟은 자체 탑재된 AI 시각 검사(AIVI) 기술을 활용해 사업장 전역을 24시간 자율 순찰한다. 변압기 내부... ,http://www.ttlnews.com/news/articleView.html?idxno=3146091,http://www.ttlnews.com/news/articleView.html?idxno=3146091,"Tue, 22 Sep 2026 10:08:00 +0900",2026-09-22 10:30:21
로봇/자율주행,자율주행 산업,"뷰런, 싱가포르 글로벌 해양 혁신 ‘SPC 2026’ 22개사 선정",글로벌 해운·선급 파트너들과 현지 PoC 자율주행과 스마트 인프라 영역에서 차별화된 AI 기술력을 축적해... 초고위험 산업 현장”이라며 “룩아웃은 보이지 않는 사각지대를 가시화해 충돌 사고를 선제적으로... ,https://www.mk.co.kr/article/12158990,https://n.news.naver.com/mnews/article/009/0005738738?sid=105,"Tue, 22 Sep 2026 10:07:00 +0900",2026-09-22 10:30:21
로봇/자율주행,자율주행 산업,"수원 자율주행 셔틀, 대학 앞까지 달린다… 오토노머스에이투지·아주대...","자율주행 실증이 지자체 교통 서비스와 대학 교육 현장으로 이어지는 흐름 속에서, 산업계와 대학의 협력 범위도 넓어지고 있다. 실제 도로에서 축적한 운행 경험을 교육과 연구, 프로젝트로 연결하는 방식이 미래차... ",https://kr.aving.net/news/articleView.html?idxno=1814670,https://kr.aving.net/news/articleView.html?idxno=1814670,"Tue, 22 Sep 2026 09:56:00 +0900",2026-09-22 10:30:21
로봇/자율주행,자율주행 산업,"SP삼화, 로봇 무게 견디는 고강도 바닥재 출시","SP삼화 관계자는 “스마트팩토리와 공장 자동화로 무인운반차, 자율주행로봇의 무거운 하중을 견뎌낼 수 있는 고강도 바닥재의 필요성이 커지고 있다”며 “앞으로도 산업 현장의 목소리를 반영해 기능성과 친환경성을... ",https://www.sedaily.com/article/20093800?ref=naver,https://n.news.naver.com/mnews/article/011/0004664381?sid=101,"Tue, 22 Sep 2026 09:53:00 +0900",2026-09-22 10:30:21
로봇/자율주행,자율주행 산업,"구광모, 美 MS서 사티아 나델라 CEO와 AI 사업 전방위 동맹 맺어","이 자리에서 양사는 AIDC 냉각·모듈형 데이터센터, 자율주행 등 모빌리티, 배터리·전력 설루션까지... 5까지 개발·학습·운영 인프라로 구글 클라우드의 GPU·TPU를 활용해왔으며, 제조·금융·의료 등 다양한 산업... ",https://www.newsfreezone.co.kr/news/articleView.html?idxno=710619,https://www.newsfreezone.co.kr/news/articleView.html?idxno=710619,"Tue, 22 Sep 2026 09:52:00 +0900",2026-09-22 10:30:21
로봇/자율주행,자율주행 산업,"국민대-GMTCK, 미래자동차 전문가 5기 20명 배출",국민대학교와 GM테크니컬센터코리아(GMTCK)가 미래자동차 산업을 이끌 재직자 전문인력 양성에 나서며 5기... 전동화·자율주행 기술 확산에 대응하기 위해 AI와 소프트웨어 기반의 차량 개발 역량을 지속적으로... ,https://www.newstnt.com/news/articleView.html?idxno=719660,https://www.newstnt.com/news/articleView.html?idxno=719660,"Tue, 22 Sep 2026 09:42:00 +0900",2026-09-22 10:30:21
로봇/자율주행,자율주행 산업,"강원도, 2027년 지적재조사 국비 35억5천만 원 확보… “이웃 간 경계 분...","이는 향후 자율주행, 스마트시티, 생성형 AI 공간정보 서비스 등 강원형 미래 첨단산업의 기초 자산으로 폭넓게 활용될 전망이다. 박명재 강원특별자치도 토지과장은 “이번 국비 증액 성과는 현장의 높은 사업 수요에... ",https://www.viva100.com/article/20260922500335,https://www.viva100.com/article/20260922500335,"Tue, 22 Sep 2026 09:40:00 +0900",2026-09-22 10:30:21
로봇/자율주행,자율주행 산업,"사우디 스마트시티 고위급 공무원, 울산 수소도시 찾았다","사우디아라비아의 스마트시티 정책을 담당하는 고위급 공무원들이 울산의 수소산업과 에너지 전환 현장을... 연수는 지난 6일부터 18일까지 진행됐으며 스마트시티 거버넌스와 공간정보, 지능형 교통수단과 자율주행... ",https://view.asiae.co.kr/article/2026092209223916517,https://n.news.naver.com/mnews/article/277/0005819697?sid=102,"Tue, 22 Sep 2026 09:38:00 +0900",2026-09-22 10:30:21
로봇/자율주행,자율주행 산업,이재명 정부 첫 국토교통부 장관 소임 마친 김윤덕 국회의원,첨단산업의 거점으로 도약할 수 있는 토대를 마련했습니다. 중국과 미국 등에 뒤처졌었던 대한민국의 자율주행과 UAM 등 AI 기반 모빌리티 혁신성장 로드맵을 마련하고 관련 예산을 대폭 늘렸습니다. 이 사업은 우리 전북의... ,http://www.domin.co.kr/news/articleView.html?idxno=1569740,http://www.domin.co.kr/news/articleView.html?idxno=1569740,"Tue, 22 Sep 2026 09:34:00 +0900",2026-09-22 10:30:21
로봇/자율주행,자율주행 산업,"경북도, AI 대전환 선언…&quot;도민 일상과 산업 전반에 활용&quot;",도는 또 '제조업 AI 대전환' 추진을 위해 구미·포항 국가산업단지에 'AX실증산단'을 구축하고 올해부터... 안동에서는 AI 기반 자율주행 로봇을 활용해 사과의 인공수분·전정·적화·수확 등 재배작업 자동화를 추진하고... ,https://www.newsis.com/view/NISX20260922_0003799656,https://n.news.naver.com/mnews/article/003/0014206840?sid=102,"Tue, 22 Sep 2026 09:31:00 +0900",2026-09-22 10:30:21
로봇/자율주행,자율주행 산업,"사우디 정부 고위급 연수단, 울산 수소도시 현장 방문","교통체계와 자율주행, 수소경제와 에너지 전환, 지능형 로봇기술 등을 주요 주제로 다뤘다. 국가공무원인재개발원은 정책 강의와 현장 방문을 연계해 관련 정책이 실제 도시와 산업 현장에서 적용되는 과정을 확인할 수... ",http://www.ikld.kr/news/articleView.html?idxno=341145,http://www.ikld.kr/news/articleView.html?idxno=341145,"Tue, 22 Sep 2026 09:28:00 +0900",2026-09-22 10:30:21
로봇/자율주행,휴머노이드 로봇,"엑스와이지 ‘듀스’, 3개 손가락과 7자유도로 생활 공간 공략 ‘신호탄...","일상 작업 최적화 3지·7자유도(DoF) 기반 로봇 핸드(Robot Hand) 기술 사양 공개해 자사 양팔 세미 휴머노이드 로봇(Humanoid Robot) ‘듀스(DEUX)’에 탑재된다 촉각 센서, RGB 카메라 탑재...멀티모달(Multimodal) 데이터... ",https://www.hellot.net/news/article.html?no=115069,https://www.hellot.net/news/article.html?no=115069,"Tue, 22 Sep 2026 10:20:00 +0900",2026-09-22 10:30:21
로봇/자율주행,휴머노이드 로봇,현대차그룹 '로봇학교' 문 열었다…아틀라스 공장 투입 채비,"현대차그룹이 휴머노이드 로봇이 자동차 공장 일을 배우는 이른바 '로봇학교'를 본격 가동한다. 내년에는 시설 규모를 현재의 약 10배로 키우고, 향후 수년 내 현대차·기아 글로벌 사업장에 휴머노이드 로봇 '아틀라스... ",http://www.smedaily.co.kr/news/articleView.html?idxno=363619,http://www.smedaily.co.kr/news/articleView.html?idxno=363619,"Tue, 22 Sep 2026 10:18:00 +0900",2026-09-22 10:30:21
로봇/자율주행,휴머노이드 로봇,"현대차그룹, 美에 로봇 학교 열었다···아틀라스 공장 투입 준비",RMAC은 휴머노이드 로봇 '아틀라스'가 자동차 생산현장에 투입되기 전 필요한 작업을 배우고 성능을 검증하는 시설이다. 지난 6월부터 시범 운영을 거쳐 이번 개소와 함께 본격적인 운영에 들어갔다. 아틀라스는 자동차... ,https://www.smartbizn.com/news/articleView.html?idxno=154588,https://www.smartbizn.com/news/articleView.html?idxno=154588,"Tue, 22 Sep 2026 10:16:00 +0900",2026-09-22 10:30:21
로봇/자율주행,휴머노이드 로봇,"아크릴, 650억 피지컬AI 과제서 로봇 검증","아크릴은 산업용 로봇팔인 매니퓰레이터와 자율이동로봇(AMR), 휴머노이드 등을 연결하는 이기종 로봇 커넥터를 확보하고 피지컬 AI 플랫폼의 적용 범위를 넓힐 계획이다. 개발 기술은 식품·자동차부품·상용차... ",https://www.newspim.com/news/view/20260922000403,https://www.newspim.com/news/view/20260922000403,"Tue, 22 Sep 2026 10:15:00 +0900",2026-09-22 10:30:21
로봇/자율주행,휴머노이드 로봇,"현대차그룹, 美 공장에 '로봇학교' 세웠다…아틀라스 제조훈련 돌입",현대차그룹이 휴머노이드 로봇의 제조현장 투입을 위한 실전 학습에 본격적으로 나섰다. 실제 자동차 공장과 동일한 환경에서 로봇이 작업을 반복 학습하고 성능을 검증하는 전용 시설을 마련하면서 피지컬 AI 기반의... ,https://www.bloter.net/news/articleView.html?idxno=674206,https://n.news.naver.com/mnews/article/293/0000090787?sid=101,"Tue, 22 Sep 2026 10:15:00 +0900",2026-09-22 10:30:21
로봇/자율주행,휴머노이드 로봇,미래에셋 'TIGER 현대차LG전자고정피지컬AI밸류체인' ETF 신규 상장,"자회사 보스턴다이내믹스의 휴머노이드 로봇 ‘아틀라스’를 비롯해 현대모비스, 현대오토에버 등 계열사까지 로봇 부품과 소프트웨어 등 관련 사업을 확대하고 있습니다. LG전자는 가전과 스마트홈을 중심으로... ",https://www.inthenews.co.kr/news/article.html?no=92237,https://www.inthenews.co.kr/news/article.html?no=92237,"Tue, 22 Sep 2026 10:12:00 +0900",2026-09-22 10:30:21
로봇/자율주행,휴머노이드 로봇,"보스턴다이나믹스, 아틀라스 훈련소 구축…2028년 현장 투입",보스턴다이나믹스가 미국 조지아주 현대자동차그룹 메타플랜트 아메리카(HMGMA)에 휴머노이드 로봇 '아틀라스'의 자동차 제조 현장 투입을 위한 학습·검증 거점을 구축하고 본격적인 운영에 들어갔다.... ,http://www.joseilbo.com/news/news_read.php?uid=576183&class=17&grp=,https://n.news.naver.com/mnews/article/123/0002390678?sid=101,"Tue, 22 Sep 2026 10:10:00 +0900",2026-09-22 10:30:21
로봇/자율주행,휴머노이드 로봇,휴머노이드 7000대 팔렸지만…대부분 공장 아닌 연구실로,지난해 전 세계 휴머노이드 로봇 판매량이 약 7000대로 집계됐다. [사진: 유비테크] 지난해 전 세계에서 판매된 휴머노이드 로봇은 약 7000대로 집계됐다. 하지만 상당수는 실제 산업 현장보다 연구기관이나 인공지능... ,https://www.digitaltoday.co.kr/news/articleView.html?idxno=702285,https://www.digitaltoday.co.kr/news/articleView.html?idxno=702285,"Tue, 22 Sep 2026 10:08:00 +0900",2026-09-22 10:30:21
로봇/자율주행,휴머노이드 로봇,車부품 조립 배우러 학교가는 아틀라스…현대차그룹 본격 가동,현대차그룹 로봇 계열사 보스턴다이내믹스의 휴머노이드 '아틀라스'가 현대차그룹 제조 현장에 투입되기 전 작업을 수행하기 위한 본격적인 학습을 시작했다. 보스턴다이나믹스는 지난 21일(현지시간) 미국 조지아주... ,https://www.hankyung.com/article/202609220192g,https://n.news.naver.com/mnews/article/015/0005335044?sid=103,"Tue, 22 Sep 2026 10:07:00 +0900",2026-09-22 10:30:21
로봇/자율주행,휴머노이드 로봇,연간 3만대 로봇 쏟아진다…현대차 공장 출근할 '아틀라스',RMAC은 보스턴다이나믹스의 휴머노이드 로봇 '아틀라스'가 현대차그룹의 자동차 제조 현장에 투입되기 전 작업을 학습하기 위한 테스트베드 역할을 한다. 보스턴다이나믹스는 22일 &quot;아틀라스는 실제 사업장과 동일한... ,https://www.nocutnews.co.kr/news/6581788?utm_source=naver&utm_medium=article&utm_campaign=20260922100621,https://n.news.naver.com/mnews/article/079/0004191906?sid=103,"Tue, 22 Sep 2026 10:07:00 +0900",2026-09-22 10:30:21
로봇/자율주행,휴머노이드 로봇,"현대차그룹, 美 조지아에 휴머노이드 로봇 학습센터 가동",[현대치그룹]  현대자동차그룹이 미국 조지아주 생산거점에 휴머노이드 로봇 학습 시설을 가동하고 제조 현장 적용을 위한 검증에 나섰다. 보스턴다이나믹스는 지난 21일(현지시간) 미국 조지아주 현대차그룹 메타플랜트... ,https://www.ziksir.com/news/articleView.html?idxno=147213,https://www.ziksir.com/news/articleView.html?idxno=147213,"Tue, 22 Sep 2026 10:06:00 +0900",2026-09-22 10:30:21
로봇/자율주행,휴머노이드 로봇,"현대차, 로봇 훈련소 문 열었다",현대자동차그룹이 휴머노이드 로봇 '아틀라스'의 제조 현장 투입을 앞두고 '로봇 학교'를 문 열었다. 로봇이 실제 생산 환경에 적응하기 위해 정교한 작업을 반복적으로 학습하고 검증하는 시설이다. 향후 수년 내 2만... ,http://www.globalepic.co.kr/view.php?ud=20260922095953189748439a4874_29,http://www.globalepic.co.kr/view.php?ud=20260922095953189748439a4874_29,"Tue, 22 Sep 2026 10:04:00 +0900",2026-09-22 10:30:21
로봇/자율주행,휴머노이드 로봇,글로벌 피지컬AI 기업 서울 집결… 휴머노이드 기술·산업화 전략 공개,그는 “완전히 자동화된 시설에서는 휴머노이드 로봇이 반드시 필요한 것은 아니다”라며 “다만 사람이 수행해온 수작업을 이어받으려면 휴머노이드가 매우 다양한 작업을 수행할 수 있어야 한다”고 말했다. 이어... ,https://www.ddaily.co.kr/page/view/2026092209584318548,https://n.news.naver.com/mnews/article/138/0002242323?sid=105,"Tue, 22 Sep 2026 10:03:00 +0900",2026-09-22 10:30:21
로봇/자율주행,휴머노이드 로봇,"미래에셋운용, ‘현대차·LG전자 고정’ 피지컬AI ETF 출시",현대차그룹은 자회사 보스턴다이내믹스의 휴머노이드 로봇 ‘아틀라스’를 비롯해 현대모비스·현대오토에버 등 계열사를 통해 로봇 부품과 소프트웨어 사업을 확대하고 있다. LG전자 역시 가전과 스마트홈을... ,https://www.g-enews.com/view.php?ud=202609220959038018153ddfb15a_1,https://www.g-enews.com/view.php?ud=202609220959038018153ddfb15a_1,"Tue, 22 Sep 2026 10:02:00 +0900",2026-09-22 10:30:21
로봇/자율주행,휴머노이드 로봇,"현대차·LG전자 50% 담았다…미래에셋, '피지컬 AI 밸류체인 ETF' 상장",미래에셋자산운용이 휴머노이드와 로보틱스 생태계 전반을 아우르는 상장지수펀드(ETF)를 선보였다. 미래에셋자산운용은 국내 로봇·피지컬 인공지능(AI) 산업 핵심 기업에 집중 투자하는 'TIGER... ,http://www.newsdream.kr/news/articleView.html?idxno=118698,http://www.newsdream.kr/news/articleView.html?idxno=118698,"Tue, 22 Sep 2026 10:02:00 +0900",2026-09-22 10:30:21
로봇/자율주행,휴머노이드 로봇,"호반그룹, 신입 세 자릿수 공채…AI 면접 첫 도입","투자했으며, 휴머노이드 시제품 검증도 진행 중이다. 스마트팩토리·자율공장 구현을 향한 투자 확대로 로봇 엔지니어링·AI 통합·시스템통합(SI) 분야 인력 수요가 점차 늘어날 것으로 전망된다. ▶기사 바로가기... ",https://www.sedaily.com/article/20093767?ref=naver,https://n.news.naver.com/mnews/article/011/0004664391?sid=101,"Tue, 22 Sep 2026 10:01:00 +0900",2026-09-22 10:30:21
로봇/자율주행,휴머노이드 로봇,"보스턴다이내믹스, 로봇 학습시설 'RMAC' 개소…아틀라스 투입 본격화","RMAC은 휴머노이드 로봇 '아틀라스'가 현대차그룹의 자동차 제조 현장에 투입되기 전 작업을 학습하기 위한 테스트베드 역할을 한다. 아틀라스는 실제 사업장과 동일한 환경에서 물류 작업 준비, 자동차 부품을 조립... ",http://www.wowtv.co.kr/NewsCenter/News/Read?articleId=A202609220022&t=NN,https://n.news.naver.com/mnews/article/215/0001266811?sid=101,"Tue, 22 Sep 2026 10:00:00 +0900",2026-09-22 10:30:21
로봇/자율주행,드론 시장,"경북도-김천시, 경제원팀 전략회의 개최…중부내륙 거점도시 도약 논의","경북도와 김천시는 지난 18일 김천시청 강당에서 양금희 경북도 경제부지사와 배낙호 김천시장, 관련 실국장... LIG D&amp;A 3,000억 원 규모 투자와 자동차 튜닝·드론 등 기존 산업기반을 바탕으로 미래 모빌리티·첨단방산... ",http://www.metroseoul.co.kr/article/20260921500692,http://www.metroseoul.co.kr/article/20260921500692,"Tue, 22 Sep 2026 10:28:00 +0900",2026-09-22 10:30:22
로봇/자율주행,드론 시장,"&quot;美, 이란전으로 피해 입은 중동 에너지 시설 재건에 100억달러 기금 추...","이란의 미사일 및 드론 공격으로 중동 전역의 정유소, 유전, 천연가스 수출 터미널 수십곳이 피해를 입었으며, 이 때문에 호르무즈 해협의 항행이 재개되더라도 글로벌 에너지 시장에 대한 공급 압박이... ",https://view.asiae.co.kr/article/2026092210145223647,https://n.news.naver.com/mnews/article/277/0005819754?sid=104,"Tue, 22 Sep 2026 10:23:00 +0900",2026-09-22 10:30:22
로봇/자율주행,드론 시장,[포커스 인 수원] 빛으로 다시 피어난 수원화성…추석 연휴 만나는 미디...,이재준 수원시장은 &quot;올해 수원화성 미디어아트는 수원 방문의 해를 맞아 시민과 관광객을 귀한 손님으로... (사진=수원시) 2026 수원화성 미디어아트 메인 작품 상영 중 드론을 활용한 고래가 하늘을 날고 있다. (사진... ,https://www.kgnews.co.kr/news/article.html?no=912690,https://www.kgnews.co.kr/news/article.html?no=912690,"Tue, 22 Sep 2026 10:22:00 +0900",2026-09-22 10:30:22
로봇/자율주행,드론 시장,"직스테크놀로지, 미래 설계 인재 발굴…'ZYXCAD AX 경진대회' 개최","설계 부문에서는 ZYXCAD AX를 활용해 미래형 주택과 모듈하우스, 로봇, 드론, 미래 제품, 기계·제조 등... 있으며, 2027년 1월 미국 라스베이거스에서 개최되는 CES 2027 참가를 통해 글로벌 시장 진출에도 나설 계획이다.",https://www.itbiznews.com/news/articleView.html?idxno=225743,https://www.itbiznews.com/news/articleView.html?idxno=225743,"Tue, 22 Sep 2026 10:08:00 +0900",2026-09-22 10:30:22
로봇/자율주행,드론 시장,"트럼프, 중동 8개국에 &quot;50억달러 내달라&quot;…이란전 복구 나선다",지난 2월 말 이란전 발발 이후 이란은 미국과 이스라엘의 공격에 미사일과 드론으로 반격했고 이 과정에서... 특히 세계 에너지 시장의 핵심 길목인 호르무즈 해협에 대한 의존도를 낮추는 데 초점을 맞추고 있다.... ,https://www.ebn.co.kr/news/articleView.html?idxno=1725268,https://www.ebn.co.kr/news/articleView.html?idxno=1725268,"Tue, 22 Sep 2026 10:08:00 +0900",2026-09-22 10:30:22
로봇/자율주행,드론 시장,"&quot;美, 걸프 에너지시설 재건에 6.8조원 출자 제안&quot;",호르무즈 해협이 완전히 다시 열리더라도 글로벌 원유·가스 시장의 공급 압박은 상당 기간 이어질 가능성이 크다는 우려가 나오는 이유다. 이달 초에는 드론 공격으로 사우디아라비아의 우회 송유관까지 가동이... ,https://www.edaily.co.kr/News/Read?newsId=03099606645582744&mediaCodeNo=257&utm_source=naver&utm_medium=referral&utm_campaign=news_syndication&utm_content=original_article,https://n.news.naver.com/mnews/article/018/0006374182?sid=101,"Tue, 22 Sep 2026 10:08:00 +0900",2026-09-22 10:30:22
로봇/자율주행,드론 시장,"美, ‘우회 에너지망’에 7조 원 쏟는다…&quot;호르무즈 못 믿어&quot;",특히 원유·가스가 호르무즈를 통과하지 않고 세계 시장으로 빠져나갈 수 있는 대체 경로를 확대하는 게 핵심이다. 호르무즈 봉쇄로 세계 에너지 공급이 흔들린 데다 최근에는 사우디의 동서 송유관마저 드론 공격을... ,https://www.dailian.co.kr/news/view/1693258/?sc=Naver,https://n.news.naver.com/mnews/article/119/0003135402?sid=104,"Tue, 22 Sep 2026 10:03:00 +0900",2026-09-22 10:30:22
로봇/자율주행,드론 시장,메모리 수출 351% 폭증…코스피 7000선·삼성전자 27만원 회복,"■ 액티브 ETF: 글로벌 ETF 시장에서 액티브 상품 비중이 2030년 20%까지 확대될 것이라는 전망이 제시됐다.... 파이프라인이 드론 공습으로 가동을 멈춘 영향으로, 유럽 경유 가격은 리터당 2.39유로로 최고치를... ",https://www.sedaily.com/article/20093755?ref=naver,https://n.news.naver.com/mnews/article/011/0004664386?sid=101,"Tue, 22 Sep 2026 10:01:00 +0900",2026-09-22 10:30:22
로봇/자율주행,드론 시장,"24일 만에 뒤집힌 정책, 남은 건 농심의 상처","환금성이 낮고 실제 농업인만 매입할 수 있는 농지 시장의 구조적 특성상, 매수세는 끊긴 채 처분명령과... 그러나 정부는 위성, 드론, AI 등 첨단 기술의 정교함에는 막대한 공을 들였으면서도, 그 기술이 도출해 낸 결과를... ",https://www.lcnews.co.kr/news/articleView.html?idxno=208688,https://www.lcnews.co.kr/news/articleView.html?idxno=208688,"Tue, 22 Sep 2026 10:00:00 +0900",2026-09-22 10:30:22
로봇/자율주행,드론 시장,"경주시, 제24회 경북과학축전 개최…AI·XR·드론 체험","'디지털 키즈라이딩', 'XR 사이언스파크', '드론조종체험' 등 체험형·교육형·메이킹 프로그램도 운영돼 어린이와 청소년들이 첨단기술의 원리와 활용 방식을 접했다. 19일 개막식에는 주낙영 경주시장과 임활... ",http://www.metroseoul.co.kr/article/20260921500663,http://www.metroseoul.co.kr/article/20260921500663,"Tue, 22 Sep 2026 10:00:00 +0900",2026-09-22 10:30:22
로봇/자율주행,드론 시장,"&quot;갑자기 하늘서 물벼락&quot;…개에 물 뿌린 중국 드론, 왜? [영상]",중국에서 거대한 드론이 길거리를 돌아다니던 개 위에 떠서 물을 뿌리는 영상이 공개돼 화제가 되고 있다고... 중국에서는 태양광 패널을 세척하는 비행형 장비에 대한 시장 수요가 존재한다. 중국은 태양광 발전... ,https://zdnet.co.kr/view/?no=20260922085439,https://n.news.naver.com/mnews/article/092/0002438411?sid=105,"Tue, 22 Sep 2026 10:00:00 +0900",2026-09-22 10:30:22
로봇/자율주행,드론 시장,"한화에어로, 43개 국내 기업과 'K-무인기 생태계' 구축… 모하비 국산화...",국내외 시장을 함께 공략한다. K9 자주포와 천무 등 기존 무기체계에 중소형 드론을 결합해 해외 고객에게 제안하는 방식으로 국내 기업의 수출 기회를 넓힌다는 계획이다. 회사 측은 현대전에서 무인기·드론 활용이... ,http://www.biztribune.co.kr/news/articleView.html?idxno=359433,http://www.biztribune.co.kr/news/articleView.html?idxno=359433,"Tue, 22 Sep 2026 10:00:00 +0900",2026-09-22 10:30:22
로봇/자율주행,드론 시장,"알에프텍, 국내 주요 방산기업과 대드론 사업화…10월 시제품 납품","회사 관계자는 &quot;AI 네트워크와 대드론, 6G는 서로 다른 시장이지만 전파를 정확하게 탐지하고 선별·제어하는 RF 기술이 핵심이라는 공통점이 있다&quot;며 &quot;5G에서 검증한 양산 경험을 바탕으로 고객 공동개발과 시제품 납품... ",https://view.asiae.co.kr/article/2026092209570532405,https://n.news.naver.com/mnews/article/277/0005819721?sid=101,"Tue, 22 Sep 2026 09:57:00 +0900",2026-09-22 10:30:22
로봇/자율주행,드론 시장,"[트래블투데이] 고흥군, 온 가족이 함께 즐기는 추석 연휴 관광 코스 추...",드론쇼에 앞서 오후 7시 40분부터 버스킹 공연과 상용드론 시연도 마련돼 야시장을 찾은 방문객들에게 다채로운 볼거리를 선사한다. 신나는 야시장과 특별공연을 함께 즐긴 뒤에는 인근 수제맥주브루어리(9월 27일은... ,http://www.travelitoday.com/read/contentsView/22540/41,http://www.travelitoday.com/read/contentsView/22540/41,"Tue, 22 Sep 2026 09:48:00 +0900",2026-09-22 10:30:22
게임/엔터,게임 주가,"[TGS 2026] &quot;韓 게임사 日 공략, 개발 초기부터&quot;..참가사 2.5배↑","엔씨에 대해서는 투자의견 '매수'와 목표주가 42만원, 게임산업 최선호주 의견을 유지했다. 21일 종가 20만6500원 대비 상승여력은 103.4%다. 엔씨는 게임스컴과 도쿄게임쇼에서 '신더시티', '라이크 오어 다이... ",http://www.4th.kr/news/articleView.html?idxno=2118510,http://www.4th.kr/news/articleView.html?idxno=2118510,"Tue, 22 Sep 2026 10:28:00 +0900",2026-09-22 10:30:23
게임/엔터,게임 주가,"하나증권 &quot;넷마블 주가 역대 최저가 수준, 신작 정보 공개시 반등 가능...","넷마블 주가가 신작 출시 가시화에 따라 반등할 수 있다는 증권사 분석이 나왔다. 이준호 하나증권... 최근 개막한 도쿄게임쇼 2026(TGS 2026)에서 '샹그릴라 프론티어: 일곱 최강종', '나 혼자만 레벨업: 카르마', '펄 인 블루... ",https://www.businesspost.co.kr/BP?command=article_view&num=447781,https://www.businesspost.co.kr/BP?command=article_view&num=447781,"Tue, 22 Sep 2026 10:24:00 +0900",2026-09-22 10:30:23
게임/엔터,게임 주가,"배드민턴 남자 단체전, 홍콩 꺾고 8강 진출",강민혁(오른쪽)과 기동주가 21일 일본 아이치현 이치노미야 시립 체육관에서 열린 2026 아이치·나고야 아시안게임 배드민턴 남자 단체 16강전 홍콩과 경기 4게임 복식에서 찬인착-루이춘와이 조와 경기하고 있다.... ,https://www.newsis.com/view/NISI20260922_0002246155,https://n.news.naver.com/mnews/article/003/0014207032?sid=104,"Tue, 22 Sep 2026 10:10:00 +0900",2026-09-22 10:30:23
게임/엔터,게임 주가,"한투운용 ACE ETF 서포터즈, 대학 캠퍼스서 '캠퍼스 어택' 실시","이화여대에서는 ETF 관련 퀴즈와 타이밍 게임, 과거 뉴스에 나타난 산업별 등락을 맞히는 게임 등을 진행했다. 산업별 주가 흐름을 예측하기 어렵다는 점을 바탕으로 산업 분석과 분산투자의 필요성을 전달하는 데... ",https://www.lcnews.co.kr/news/articleView.html?idxno=208694,https://www.lcnews.co.kr/news/articleView.html?idxno=208694,"Tue, 22 Sep 2026 09:48:00 +0900",2026-09-22 10:30:23
게임/엔터,게임 주가,&quot;1676 vs 95&quot; 숫자로 입증된 中 '판호 빗장'...K-게임 수익성도 '빨간불',"중국 국가신문출판국(NPPA)은 올해 들어 총 12종의 한국 게임에 판호를 내줬다. 하지만 과거처럼 판호 발급 소식만으로 주가가 급등하던 시대는 끝났다는 게 업계 중론이다. 실제로 넥슨게임즈 '블루 아카이브', 시프트업... ",https://www.asiaa.co.kr/news/articleView.html?idxno=263622,https://www.asiaa.co.kr/news/articleView.html?idxno=263622,"Tue, 22 Sep 2026 09:30:00 +0900",2026-09-22 10:30:23
게임/엔터,게임 주가,"[모닝 리포트] &quot;대한유화, 하반기 실적 변동성 확대…내년 중반 이후 개...",투자의견 '매수(BUY)'와 목표주가 18만원을 유지했다. 대한유화는 나프타분해설비(NCC)를 기반으로... 황 연구원은 &quot;한국 울산 구조조정이 지연되면서 치킨 게임 가능성이 높아지고 있다&quot;며 &quot;원료 조달 방법이... ,https://www.newspim.com/news/view/20260922000091,https://www.newspim.com/news/view/20260922000091,"Tue, 22 Sep 2026 08:58:00 +0900",2026-09-22 10:30:23
게임/엔터,게임 주가,미중 회담 앞 '중국 규제' 흔들? 긴장하는 한국車,실제로 더피 장관의 강경 행보가 공개된 직후인 지난 9일 LG에너지솔루션 주가는 전날보다 6.46... 있는 만큼 중국이 미국 시장에 들어오면 치킨 게임 양상으로 흐를 수 있다는 걸 염두에 두고 대비해야 한다&quot;고 말했다.,https://www.nocutnews.co.kr/news/6581706?utm_source=naver&utm_medium=article&utm_campaign=20260922082220,https://n.news.naver.com/mnews/article/079/0004191851?sid=103,"Tue, 22 Sep 2026 08:23:00 +0900",2026-09-22 10:30:23
게임/엔터,게임 주가,[미국 특징주] 게임스탑 시간 외 3% 상승...코언 CEO 주식 매입,게임스탑 주가는 코언 최고경영자(CEO)가 미국 증권거래위원회(SEC)에 내부자 주식 거래를 신고한 이후 시간외 거래에서 3% 상승했다. 게임스탑 주가는 지난 한 달간 25% 올랐다. 미국 시카고에 있는... ,https://www.newspim.com/news/view/20260922000060,https://www.newspim.com/news/view/20260922000060,"Tue, 22 Sep 2026 08:09:00 +0900",2026-09-22 10:30:23
게임/엔터,게임 주가,위메이드 경영권 중국 자본으로…'미르' 소송 상대 킹넷까지 4000억 투입,"위메이드 경영권 거래가 예정대로 마무리되면 중국 게임사가 과거 IP 분쟁 상대였던 국내 게임사의 최대주주가 되는 구조가 만들어진다. 중국 자본의 국내 게임사 지분 투자는 이전에도 있었지만, 이번 거래는 창업자... ",https://www.abcn.kr/news/articleView.html?idxno=92205,https://www.abcn.kr/news/articleView.html?idxno=92205,"Tue, 22 Sep 2026 08:02:00 +0900",2026-09-22 10:30:23
게임/엔터,게임 주가,"대한유화, 하반기 펀더멘탈 약화에도 2가지 기대 유효-유안타","유안타증권이 대한유화(006650)에 대해 투자의견 ‘매수’, 목표주가 18만원을 유지한다고 22일 밝혔다.... 치킨 게임 가능성이 높아지고 있다. SK지오센트릭 66만톤 가동이 이어지는 가운데, S-Oil 샤힌 180만톤... ",https://www.edaily.co.kr/News/Read?newsId=02522326645582744&mediaCodeNo=257&utm_source=naver&utm_medium=referral&utm_campaign=news_syndication&utm_content=original_article,https://n.news.naver.com/mnews/article/018/0006374040?sid=101,"Tue, 22 Sep 2026 07:54:00 +0900",2026-09-22 10:30:23
게임/엔터,게임 주가,"유안타증권 &quot;대한유화, 하반기 실적 부진 우려...내년 스페셜티에 기대...","다만, 투자의견 매수와 목표주가 18만원은 각각 유지 의견을 제시했다. 황규원 유안타증권 연구원은... 그는 &quot;한국 울산 구조조정이 지연되면서 치킨 게임 가능성이 높아지고 있다&quot;며 &quot;SK지오센트릭 66만톤... ",https://www.financialpost.co.kr/news/articleView.html?idxno=276907,https://www.financialpost.co.kr/news/articleView.html?idxno=276907,"Tue, 22 Sep 2026 07:38:00 +0900",2026-09-22 10:30:23
게임/엔터,게임 주가,[연합뉴스 이 시각 헤드라인] - 07:30,"관련주가 급등하고 유가가 하락하면서 21일(현지시간) 미국 뉴욕증시 3대 지수가 일제히 강세로... 전문보기: https://www.yna.co.kr/view/AKR20260921107000530 ■ [오늘의 아시안게임] 철인 김우민, 자유형 1,500ｍ 출전... ",https://www.yna.co.kr/view/AKR20260922013800011?input=1195m,https://n.news.naver.com/mnews/article/001/0016328220?sid=103,"Tue, 22 Sep 2026 07:30:00 +0900",2026-09-22 10:30:23
게임/엔터,게임 주가,"[키-리포트] 유안타 &quot;대한유화, 하반기 실적 부진 전망&quot;","기업에 대한 투자의견은 매수로, 목표주가는 18만원으로 각각 유지했다. 황규원 유안타증권 연구원은... 또 &quot;한국 울산 구조조정이 지연되면서 치킨 게임 가능성이 높아지고 있다&quot;며 &quot;SK지오센트릭 66만톤... ",http://www.newsdream.kr/news/articleView.html?idxno=118647,http://www.newsdream.kr/news/articleView.html?idxno=118647,"Tue, 22 Sep 2026 07:28:00 +0900",2026-09-22 10:30:23
게임/엔터,게임 주가,&quot;완성차 '脫 CATL' 시도에도 아성 굳건&quot;… CATL 기술·브랜드 독주 지속...,"이에 따라 선전 증시에 상장된 CATL의 주가는 지난 8월 중순 이후 25.7% 하락했으며, 5월 초 기록한 역사적... 지난해부터 본격화된 중국 내수 전기차 가격 인하 치킨게임으로 대다수 완성차 제조사들이 적자의 늪에서... ",https://www.g-enews.com/view.php?ud=2026092123021512940c8c1c064d_1,https://www.g-enews.com/view.php?ud=2026092123021512940c8c1c064d_1,"Tue, 22 Sep 2026 06:46:00 +0900",2026-09-22 10:30:23
게임/엔터,게임 주가,"&quot;IPO 열풍 걷히고 현실 검증대로&quot;… 中 유니트리, 데뷔 한 달 주가 55% 급...",Robotics·위수커지)의 주가가 상장 첫날 시초가 대비 55% 폭락하며 500위안 선 아래로 내려앉았다. 상장 직후... 8월 하순 베이징에서 개막한 '세계 휴머노이드 로봇 게임'에서 유니트리의 출전 기체들은 대형 및 소형... ,https://www.g-enews.com/view.php?ud=2026092122242328880c8c1c064d_1,https://www.g-enews.com/view.php?ud=2026092122242328880c8c1c064d_1,"Tue, 22 Sep 2026 06:16:00 +0900",2026-09-22 10:30:23
게임/엔터,엔터테인먼트 산업,"카카오, '카나나' 10월 종료…카카오톡 중심 AI 사업 재편","카카오X는 카카오뱅크와 카카오페이, 카카오엔터테인먼트, 카카오모빌리티 등 계열사 관리와 미래 투자를... 전국화학섬유식품산업노동조합 카카오지회는 지난 16일 열린 간담회에서 다뤄진 16개 질문 가운데 14개가... ",https://sateconomy.co.kr/news/view/1065573677112585,https://sateconomy.co.kr/news/view/1065573677112585,"Tue, 22 Sep 2026 10:00:00 +0900",2026-09-22 10:30:23
게임/엔터,엔터테인먼트 산업,"호원대 K-POP학과, 국제교류 프로그램 활성화…29일 일본 아이돌 그룹 M...","학생들은 일본 현역 아이돌의 무대와 퍼포먼스를 가까이에서 경험하고, 아티스트와의 교류를 통해 일본의 아이돌 문화와 엔터테인먼트 산업을 이해하는 시간을 갖게 된다. 호원대 K-POP학과는 이번 프로그램을 계기로... ",https://news.unn.net/news/articleView.html?idxno=597841,https://news.unn.net/news/articleView.html?idxno=597841,"Tue, 22 Sep 2026 09:56:00 +0900",2026-09-22 10:30:23
게임/엔터,엔터테인먼트 산업,"펄스나인, AI와 K컬처 연결했다…'테크테인먼트 2026 서울' 성료","이어 “테크테인먼트는 기술에 엔터테인먼트를 붙이는 단순한 개념이 아니라 AI, 콘텐츠, IP, 팬덤, 플랫폼과 실제 산업이 서로 영향을 주며 새롭게 만들어지는 영역”이라며 “이번 서울 행사가 이미 존재하는 장르를... ",https://www.xportsnews.com/article/2198661,https://m.entertain.naver.com/article/311/0002059980,"Tue, 22 Sep 2026 09:55:00 +0900",2026-09-22 10:30:23
게임/엔터,엔터테인먼트 산업,“문제 발생전에 개선하는 ‘생활 행정’… 거창한 건물·사업보다 중요...,"서울숲이 위치한 성수동 일대는 SM·큐브 엔터테인먼트 등 대형 기획사와 디올, 무신사, 젠틀몬스터 등 국내외 패션·문화 콘텐츠 기업이 지속적으로 입지하며 문화예술산업이 빠르게 성장하고 있는 지역이다. 특히... ",https://www.munhwa.com/article/11618816?ref=naver,https://n.news.naver.com/mnews/article/021/0002820546?sid=102,"Tue, 22 Sep 2026 09:43:00 +0900",2026-09-22 10:30:23
게임/엔터,엔터테인먼트 산업,"&quot;AI와 K-컬처의 다음 무대 열었다&quot;…펄스나인, '테크테인먼트 2026 서울'...","이어 “테크테인먼트는 기술에 엔터테인먼트를 붙이는 단순한 개념이 아니라 AI, 콘텐츠, IP, 팬덤, 플랫폼과 실제 산업이 서로 영향을 주며 새롭게 만들어지는 영역”이라며 “이번 서울 행사가 이미 존재하는 장르를... ",https://www.spotvnews.co.kr/news/articleView.html?idxno=1008888,https://m.entertain.naver.com/article/477/0000629335,"Tue, 22 Sep 2026 09:40:00 +0900",2026-09-22 10:30:23
게임/엔터,엔터테인먼트 산업,[특징주] 상장 첫날 스팩주들…127%·96% 급등,"첨단그린도시, 방송통신융합산업, 로봇 응용, 신소재·나노융합, 고부가 식품산업, 엔터테인먼트, 자동차 부품 제조, IT 및 반도체, 소프트웨어·게임·모바일 산업 등의 산업 영위 기업을 대상으로 합병을 추진한다.",https://biz.chosun.com/stock/stock_general/2026/09/22/GHWBZZ2Y7RB4JFBRFZMJRAN77M/?utm_source=naver&utm_medium=original&utm_campaign=biz,https://n.news.naver.com/mnews/article/366/0001193847?sid=101,"Tue, 22 Sep 2026 09:37:00 +0900",2026-09-22 10:30:23
게임/엔터,엔터테인먼트 산업,"호원대 K-POP학과, 29일 日아이돌 'MMZ' 초청 공연",윤영삼 K-POP 학과장은 &quot;학생들이 현역 아티스트와 교류하며 일본 K-POP 및 엔터테인먼트 산업을 바라보는 시야를 넓히는 계기가 될 것&quot;이라며 &quot;앞으로도 다양한 국제교류 프로그램을 확대해 K-POP 전공 교육의... ,https://www.newsis.com/view/NISX20260922_0003799658,https://n.news.naver.com/mnews/article/003/0014206859?sid=102,"Tue, 22 Sep 2026 09:35:00 +0900",2026-09-22 10:30:23
게임/엔터,엔터테인먼트 산업,[유효상칼럼]왜 한국형 베어허그(Bear Hug)가 필요한가,"최근 고려아연이나 SM엔터테인먼트를 둘러싼 경영권 분쟁에서 확인했듯, 적대적 공개매수 상황에서... 기업가치는 PBR이라는 단일 지표만으로 평가할 수 없으며 수익성, 성장성, 자본효율성, 미래 현금흐름과 산업 특성을... ",https://www.mt.co.kr/opinion/2026/09/22/2026092208544621884,https://n.news.naver.com/mnews/article/008/0005417094?sid=110,"Tue, 22 Sep 2026 09:05:00 +0900",2026-09-22 10:30:23
게임/엔터,엔터테인먼트 산업,"&quot;하이브, 산업 디레이팅 반영해 목표가 하향&quot;-SK","SK증권은 22일 엔터테인먼트 산업 디레이팅(밸류에이션 할인)을 반영해 하이브의 목표주가를 기존 35만원에서 29만원으로 하향했다. 다만, 저연차 IP(지적재산권) 비중이 확대되는 점을 긍정적으로 평가해 투자의견은... ",https://www.mt.co.kr/stock/2026/09/22/2026092208582179148,https://n.news.naver.com/mnews/article/008/0005417081?sid=101,"Tue, 22 Sep 2026 09:00:00 +0900",2026-09-22 10:30:23
게임/엔터,엔터테인먼트 산업,日 게임업계 AI 확산…걸림돌은 '저작권',최근 일본 매체 IT미디어에 따르면 일본 컴퓨터엔터테인먼트협회(CESA)는 이 같은 내용을 담은 'CESA 게임산업 리포트 2026 프리뷰'를 발간했다. 협회가 게임업계의 AI 활용 실태를 자체 조사한 것은 이번이 처음이다.... ,https://www.digitaltoday.co.kr/news/articleView.html?idxno=702235,https://www.digitaltoday.co.kr/news/articleView.html?idxno=702235,"Tue, 22 Sep 2026 08:54:00 +0900",2026-09-22 10:30:23
게임/엔터,엔터테인먼트 산업,"SK증권 &quot;엔터株, 본업 탄탄...반등 열쇠는 저연차 IP&quot;",22일 박준형 SK증권 연구원은 엔터테인먼트 산업 분석 보고서를 내고 엔터 4사의 연초 평균 12개월 선행 주가수익비율(PER)이 25배에서 15배까지 떨어져 밴드 최하단에 진입했다고 밝혔다. 최근 6개월간 엔터테인먼트... ,https://www.financialpost.co.kr/news/articleView.html?idxno=276924,https://www.financialpost.co.kr/news/articleView.html?idxno=276924,"Tue, 22 Sep 2026 08:42:00 +0900",2026-09-22 10:30:23
게임/엔터,콘텐츠 수출,"빙그레, 'K-EXPO 멕시코' 참여",K-EXPO는 문화체육관광부가 주최하고 한국콘텐츠진흥원이 주관하는 행사로 K-콘텐츠와 연관 소비재 기업의 동반 수출을 지원하기 위해 출범했다. 올해 멕시코에서 처음 열리는 K-EXPO는 국내 약 100개 기업이 참여한다.... ,http://www.bokuennews.com/news/article.html?no=284607,http://www.bokuennews.com/news/article.html?no=284607,"Tue, 22 Sep 2026 10:28:00 +0900",2026-09-22 10:30:24
게임/엔터,콘텐츠 수출,"류수영, 멕시코 K-엑스포 향했다…요리 예능 스타의 글로벌 행보","소비자 전시와 기업 간 수출 상담으로 구성된 이 박람회에는 국내 주요 기업과 기관이 참여해 콘텐츠와 관광, 라이프스타일을 선보이며 중남미 시장 공략에 나설 예정으로, 류수영 역시 K-엑스포를 통해 K-푸드와 요리... ",https://www.topstarnews.net/news/articleView.html?idxno=16206470,https://www.topstarnews.net/news/articleView.html?idxno=16206470,"Tue, 22 Sep 2026 10:26:00 +0900",2026-09-22 10:30:24
게임/엔터,콘텐츠 수출,빙그레·동아오츠카 'K-EXPO 멕시코' 참가·'데미소다 콘서트' 개최,K-EXPO는 문화체육관광부가 주최하고 한국콘텐츠진흥원이 주관하는 행사로 K-콘텐츠와 연관 소비재 기업의 동반 수출을 지원하기 위해 출범했다. 올해 멕시코에서 처음 열리는 K-EXPO는 국내 약 100개 기업이 참여한다.... ,http://www.wsobi.com/news/articleView.html?idxno=318618,http://www.wsobi.com/news/articleView.html?idxno=318618,"Tue, 22 Sep 2026 10:24:00 +0900",2026-09-22 10:30:24
게임/엔터,콘텐츠 수출,체험·수출상담·한중일 서밋까지… 수원시 뷰티박람회 11월 열린다,"바이어 수출상담, 한중일 뷰티산업 관계자가 참여하는 국제회의까지 한자리에서 펼쳐진다. 지난해... 체험 콘텐츠를 함께 가져가는 방식이다. 행사는 오전 10시부터 오후 5시까지 운영한다. 현장 입장료는 1만원이지만... ",https://www.newscj.com/news/articleView.html?idxno=3434669,https://www.newscj.com/news/articleView.html?idxno=3434669,"Tue, 22 Sep 2026 10:20:00 +0900",2026-09-22 10:30:24
게임/엔터,콘텐츠 수출,"빙그레, 'K-EXPO 멕시코' 참가…중남미 수출 확대",K-EXPO는 문화체육관광부가 주최하고 한국콘텐츠진흥원이 주관하는 행사로 K-콘텐츠와 연관 소비재 기업의 동반 수출을 지원한다. 멕시코에서는 올해 처음 열리며 국내 기업 약 100곳이 참여한다. 빙그레는 행사장에서... ,https://www.cstimes.com/news/articleView.html?idxno=721676,https://www.cstimes.com/news/articleView.html?idxno=721676,"Tue, 22 Sep 2026 10:20:00 +0900",2026-09-22 10:30:24
게임/엔터,콘텐츠 수출,"[위클리오늘] 오리온, 해태제과, 빙그레(9.22)",K-콘텐츠와 관련 소비재 기업의 해외 진출을 연계하기 위해 마련됐다. 올해 멕시코에서 처음 개최되며 국내 기업 약 100곳이 참여한다. 빙그레는 현지 전시 부스에서 수출용 바나나맛우유와 메로나 등을 소개할... ,http://www.weeklytoday.com/news/articleView.html?idxno=795534,http://www.weeklytoday.com/news/articleView.html?idxno=795534,"Tue, 22 Sep 2026 10:18:00 +0900",2026-09-22 10:30:24
게임/엔터,콘텐츠 수출,라면·바나나우유 맛보고 K팝까지…'멕시코 케이-박람회' 개최,"소비자를 대상으로 한 전시와 기업 간 수출 상담, K-팝 콘서트 등을 함께 진행하는 종합 박람회다. 멕시코는 중남미에서 한국 콘텐츠 소비가 큰 시장 가운데 하나다. 한국콘텐츠진흥원에 따르면 멕시코 콘텐츠 시장은... ",https://www.nc.press/news/articleView.html?idxno=627005,https://www.nc.press/news/articleView.html?idxno=627005,"Tue, 22 Sep 2026 10:18:00 +0900",2026-09-22 10:30:24
게임/엔터,콘텐츠 수출,"[위클리오늘] 쿠팡, 현대백화점(9.22)","쿠팡은 식품과 가공식품, 뷰티, 수출 등 분야별 담당자 6명을 배치해 기업별 상담을 실시했다. 상품의... 문화 콘텐츠를 선보이기 위해 마련됐다. 공연은 아이돌 무대를 중심으로 팬사인회와 포토타임 등 관객이 직접... ",http://www.weeklytoday.com/news/articleView.html?idxno=795532,http://www.weeklytoday.com/news/articleView.html?idxno=795532,"Tue, 22 Sep 2026 10:18:00 +0900",2026-09-22 10:30:24
게임/엔터,콘텐츠 수출,"빙그레, 멕시코서 '바나나맛우유·메로나' 알린다…중남미 시장 확대",K-콘텐츠와 연관 소비재 기업의 해외 진출을 지원한다. 멕시코에서 처음 열리는 올해 행사에는 국내 기업 약 100곳이 참여한다. 빙그레는 현지 소비자를 대상으로 '바나나맛우유'와 '메로나' 등 주요 수출 제품을... ,http://www.dailysmart.co.kr/news/articleView.html?idxno=130106,http://www.dailysmart.co.kr/news/articleView.html?idxno=130106,"Tue, 22 Sep 2026 10:14:00 +0900",2026-09-22 10:30:24
게임/엔터,콘텐츠 수출,&quot;바나나맛우유·메로나 들고&quot;…'K-EXPO 멕시코' 참가,"K콘텐츠와 연관 소비재 기업의 동반 해외 진출을 돕기 위해 마련됐으며, 국내 약 100개 기업이 동참한다. 빙그레는 행사장에 홍보 부스를 꾸리고 대표 수출 품목인 '바나나맛우유'와 '메로나' 등을 선보인다. 현지... ",https://news.tf.co.kr/read/economy/2368721.htm,https://n.news.naver.com/mnews/article/629/0000536064?sid=101,"Tue, 22 Sep 2026 10:11:00 +0900",2026-09-22 10:30:24
게임/엔터,콘텐츠 수출,'2기 경제사령탑' 이형일號 출범…반도체 호황 민생 확산·물가 안정 과...,"반도체 수출 호조로 경기 회복 기대가 커지는 가운데 청년·제조업·건설업 고용 부진과 물가 불안, 가계부채... 육성하고 콘텐츠·푸드·관광·모빌리티 등 고부가가치 서비스산업도 키우겠다는 방향을 제시했다. 그는... ",https://www.news1.kr/economy/trend/6293859,https://n.news.naver.com/mnews/article/421/0009185421?sid=101,"Tue, 22 Sep 2026 10:08:00 +0900",2026-09-22 10:30:24
게임/엔터,콘텐츠 수출,"&quot;멕시코로 가는 바나나맛우유·메로나&quot; 빙그레, K-EXPO 참가",K-EXPO는 문화체육관광부가 주최하고 한국콘텐츠진흥원이 주관하는 행사로 K-콘텐츠와 연관 소비재 기업의 동반 수출을 지원하기 위해 마련됐다. 올해 멕시코에서 처음 열리며 국내 약 100개 기업이 참여한다. 빙그레는... ,https://www.newsis.com/view/NISX20260922_0003799772,https://n.news.naver.com/mnews/article/003/0014206974?sid=101,"Tue, 22 Sep 2026 10:02:00 +0900",2026-09-22 10:30:24
게임/엔터,콘텐츠 수출,[오늘의 식탁] CJ제일제당ㆍ동원산업ㆍ오리온ㆍ풀무원ㆍ오뚜기ㆍ스타벅...,"생성형 AI 검색 서비스가 #풀무원의 상품, 카테고리, 콘텐츠 페이지를 확인할 수 있다. GEO 이후 #풀무원의... 빙그레는 바나나맛우유, 메로나 등 수출용 제품을 선보일 예정이다. ▲노브랜드 버거, 한가위 기획전 진행... ",https://www.dnews.co.kr/uhtml/view.jsp?idxno=202609220802096310051,https://www.dnews.co.kr/uhtml/view.jsp?idxno=202609220802096310051,"Tue, 22 Sep 2026 10:02:00 +0900",2026-09-22 10:30:24
게임/엔터,콘텐츠 수출,&quot;멕시코에 '바나나맛우유·메로나' 알려요&quot; 빙그레 'K-EXPO' 참여,"K-EXPO는 문화체육관광부가 주최하고 한국콘텐츠진흥원이 주관하는 행사로 K-콘텐츠와 연관 소비재 기업의 동반 수출을 지원하기 위해 출범했다. 빙그레의 2023~2025 매출, 영업이익, 순이익 실적 추이. [도표... ",https://www.catchnews.kr/news/articleView.html?idxno=128715,https://www.catchnews.kr/news/articleView.html?idxno=128715,"Tue, 22 Sep 2026 10:00:00 +0900",2026-09-22 10:30:24
게임/엔터,콘텐츠 수출,"바나나맛우유·메로나 멕시코 간다…빙그레, 중남미 공략 속도",콘텐츠와 연관 소비재 기업의 해외 진출을 지원하기 위해 마련됐다. 멕시코에서 처음 열리는 올해 행사에는 국내 기업 약 100곳이 참여한다. 빙그레는 행사장에 홍보 부스를 마련하고 바나나맛우유와 메로나 등 수출... ,https://www.newsinside.kr/news/articleView.html?idxno=5006383,https://www.newsinside.kr/news/articleView.html?idxno=5006383,"Tue, 22 Sep 2026 09:56:00 +0900",2026-09-22 10:30:24
게임/엔터,콘텐츠 수출,"K콘텐츠, 중남미 노린다…콘진원 '2026 K엑스포 멕시코' 개최","특히 젊은 소비층을 중심으로 K콘텐츠에 대한 관심이 식품과 뷰티 등으로 자연스럽게 이어지고 있어, 멕시코를 비롯한 중남미 지역은 ‘콘텐츠발(發) 소비재 수출’의 폭발적인 성장이 기대되는 핵심 시장으로... ",https://www.edaily.co.kr/News/Read?newsId=03027446645582744&mediaCodeNo=257&utm_source=naver&utm_medium=referral&utm_campaign=news_syndication&utm_content=original_article,https://n.news.naver.com/mnews/article/018/0006374164?sid=103,"Tue, 22 Sep 2026 09:50:00 +0900",2026-09-22 10:30:24
게임/엔터,콘텐츠 수출,"빙그레, '2026 K-EXPO 멕시코' 참가..홍보 부스 운영 예정","K-콘텐츠와 관련 소비재 기업이 함께 해외 시장에 진출할 수 있도록 지원하기 위해 마련됐다. 멕시코에서는 올해 처음 개최되며, 국내 기업 약 100곳이 참가한다. 빙그레는 이 자리에서 바나나맛우유, 메로나 등 수출용... ",https://www.nextdaily.co.kr/news/articleView.html?idxno=253271,https://www.nextdaily.co.kr/news/articleView.html?idxno=253271,"Tue, 22 Sep 2026 09:46:00 +0900",2026-09-22 10:30:24
게임/엔터,콘텐츠 수출,"하이트진로, 일본 최대 EDM 페스티벌 ‘울트라 재팬 2026’ 참가","문화 콘텐츠와 연계해 진로(JINRO) 브랜드를 각인시키고, 과일 소주를 다채로운 방식으로 경험할 수 있는 장을 마련해 브랜드 경쟁력을 한층 끌어올린다는 전략이다. 하이트진로는 지난 1979년 소주 수출을 시작으로... ",https://www.sentv.co.kr/article/view/sentv202609220047,https://www.sentv.co.kr/article/view/sentv202609220047,"Tue, 22 Sep 2026 09:44:00 +0900",2026-09-22 10:30:24
게임/엔터,콘텐츠 수출,"빙그레, '2026 K-EXPO 멕시코' 참여","문화체육관광부가 주최하고 한국콘텐츠진흥원이 주관하는 이번 행사에서 빙그레는 홍보 부스를 꾸려 '바나나맛우유', '메로나' 등 수출용 제품을 현지 소비자들에게 선보일 예정이다. 또한 관람객들을 대상으로... ",http://www.newsdream.kr/news/articleView.html?idxno=118688,http://www.newsdream.kr/news/articleView.html?idxno=118688,"Tue, 22 Sep 2026 09:44:00 +0900",2026-09-22 10:30:24
자동차/모빌리티,자동차 주가,"&quot;이제 우량주 아냐&quot; 폭스바겐, 유로 스톡스 50 지수 퇴출","유럽 최대 자동차업체 폭스바겐이 유로존 대표 우량주 지수인 유로스톡스50 주가지수에서 15년 만에 퇴출당하는 수모를 겪었다. 중국 업체와의 경쟁 심화와 판매 부진, 대규모 구조조정에 따른 비용 부담이 겹친 것이... ",https://view.asiae.co.kr/article/2026092209085839358,https://n.news.naver.com/mnews/article/277/0005819746?sid=104,"Tue, 22 Sep 2026 10:15:00 +0900",2026-09-22 10:30:25
자동차/모빌리티,자동차 주가,"폭스바겐(VW), 유럽 대표 지수 퇴출 굴욕...중국 수요 20% 급감 쇼크","독일 자동차 제조사 폭스바겐(Volkswagen, VW)이 실적 경고를 발표한 데 이어 유럽 우량주 지수인 유로스톡스... 지난 2021년 이후 주가가 75% 넘게 주저앉은 데다 최근 실적 전망치를 대폭 깎아내린 결과다. 지수 추종... ",http://coinreaders.com/259534,http://coinreaders.com/259534,"Tue, 22 Sep 2026 10:12:00 +0900",2026-09-22 10:30:25
자동차/모빌리티,자동차 주가,증권가 현대제철 목표주가 상향…美 제철소 진출에 AI 호재 겹쳤다,목표주가 상향 조정이 잇따르고 있다. 최근 미국 현지 제철소 건립으로 중장기 수익성 개선 기대가 커지고... 하반기 자동차 강판 및 조선용 후판 등 주력 제품의 가격 인상 타결과 원자재 가격 안정에 따른 스프레드... ,https://news.einfomax.co.kr/news/articleView.html?idxno=4436060,https://news.einfomax.co.kr/news/articleView.html?idxno=4436060,"Tue, 22 Sep 2026 10:06:00 +0900",2026-09-22 10:30:25
자동차/모빌리티,자동차 주가,AI·OLED 투자 모멘텀 재가동… 디스플레이장비 업종에 뭉칫돈 몰린다,"자동차용 LED 및 마이크로 LED 분야 매출 증가가 주가 오름세를 주도했다. 이노테크, 아바텍, 한켐, 디바이스, 아이컴포넌트, 파인디앤씨도 일제히 우상향 흐름을 타고 있다. 디바이스는 OLED 세정장비 수주 확대로 상승... ",https://www.pinpointnews.co.kr/news/articleView.html?idxno=489443,https://www.pinpointnews.co.kr/news/articleView.html?idxno=489443,"Tue, 22 Sep 2026 09:48:00 +0900",2026-09-22 10:30:25
자동차/모빌리티,자동차 주가,"위기의 폭스바겐, 유럽 블루칩 지수서 15년 만에 퇴출","중국 저가 자동차 업체들의 공세와 판매 부진, 대규모 구조조정 비용에 대한 우려가 겹치며 주가가 16년 만의 최저 수준까지 추락한 여파다. 21일(현지시간) 파이낸셜타임스(FT)에 따르면 지수 제공업체 스톡스(Stoxx)는... ",https://www.news1.kr/world/international-economy/6298345,https://n.news.naver.com/mnews/article/421/0009185256?sid=101,"Tue, 22 Sep 2026 09:30:00 +0900",2026-09-22 10:30:25
자동차/모빌리티,자동차 주가,"경북도의회, &quot;지방 몫 줄이는 미래대응기금 안 된다&quot;","수출과 기업 실적, 주가지수는 나아졌다고 하지만 시장과 농어촌, 산업 현장에서 느끼는 경기는 여전히... 이어 &quot;철강과 전자, 자동차 부품 등 경북의 주요 수출산업은 침체를 겪고 있고, 농어촌은 농자재비와 인건비 상승... ",https://www.cnbnews.com/news/articleView.html?idxno=1016852,https://www.cnbnews.com/news/articleView.html?idxno=1016852,"Tue, 22 Sep 2026 09:28:00 +0900",2026-09-22 10:30:25
자동차/모빌리티,자동차 주가,"글로벌테크놀로지, 유통물량 17%...수급 매력 더했다",99만주가 의무보유를 확약했다. 이에 따라 상장 첫날 유통가능 물량은 당초 435만9571주(22.19%)에서... 온 자동차용 시스템반도체 사업이 실제 공급으로 이어지기 시작했다. 결국 상장을 앞두고 공모가격은... ,https://www.the-stock.kr/news/articleView.html?idxno=33423,https://www.the-stock.kr/news/articleView.html?idxno=33423,"Tue, 22 Sep 2026 09:22:00 +0900",2026-09-22 10:30:25
자동차/모빌리티,자동차 주가,S&amp;P500은 신고가 눈앞인데…종목 60%는 이미 ‘약세장’,"인공지능(AI)과 일부 대형 기술주가 지수를 끌어올리고 있지만, 증시 상승세가 전체 종목으로 퍼지지 않는... “유틸리티와 자동차 부품, 섬유, 명품 관련 소비주 등 상당수 종목이 52주 최고가에서 크게 떨어져... ",https://www.chosun.com/economy/money/2026/09/22/IS6FSPMEV5EXBAN6GZOTW6WNUU/?utm_source=naver&utm_medium=referral&utm_campaign=naver-news,https://n.news.naver.com/mnews/article/023/0003999829?sid=101,"Tue, 22 Sep 2026 09:03:00 +0900",2026-09-22 10:30:25
자동차/모빌리티,자동차 주가,3500억에 막혔던 악사손보 매각…이번엔 3000억도 '험로',결국 악사손보가 현재의 부진한 실적을 넘어 자동차보험에서 장기 보장성보험으로 체질을 바꾼 이후의... 올 상반기 자본총계 2881억원을 단순 적용하면 3000억원은 주가순자산비율(PBR) 약 1.04배에 해당한다. IFRS17 도입... ,https://dealsite.co.kr/articles/169366,https://dealsite.co.kr/articles/169366,"Tue, 22 Sep 2026 09:02:00 +0900",2026-09-22 10:30:25
자동차/모빌리티,자동차 주가,테슬라 다시 400달러 갈까…월가가 10월 28일 주목하는 이유,테슬라 주가는 올해 들어 약 19% 하락했으며 핵심 자동차 사업의 수익성에 대한 의문도 이어지고 있다. 미국 도로교통안전국(NHTSA)의 사이버캡 디자인 관련 검토가 로보택시 확대 속도에 영향을 미칠 가능성이 있고... ,http://coinreaders.com/259523,http://coinreaders.com/259523,"Tue, 22 Sep 2026 08:56:00 +0900",2026-09-22 10:30:25
자동차/모빌리티,전기차 산업,"대만, 포스코·포스코인터·효성티앤씨 전기강판 덤핑 확인…49.8% 잠정...","적용 대상은 두께 0.135~0.715㎜ 규격의 냉연 무방향성 전기강판 (전기차 구동모터·산업용 모터 소재)이다. 대만 공영 미디어 매체 라디오 타이완 인터내셔널(Radio Taiwan International, RTI)에 따르면 대만 당국은 지난 6월... ",https://www.theguru.co.kr/news/article.html?no=107418,https://www.theguru.co.kr/news/article.html?no=107418,"Tue, 22 Sep 2026 10:22:00 +0900",2026-09-22 10:30:25
자동차/모빌리티,전기차 산업,"&quot;소비·복지 외면 중국 경제, 공산당 집권 기반 잠식&quot;-WP",국내 소비 촉진을 외면하고 첨단 산업을 주도하려는 시진핑 중국 주석의 경제 정책이 중국 공산당의 집권... 중국 기업들 사이의 파괴적인 경쟁 속에서 전기차와 같은 일부 부문의 가격은 너무 낮아져 기업들이 사업을... ,https://www.newsis.com/view/NISX20260922_0003799848,https://n.news.naver.com/mnews/article/003/0014207058?sid=104,"Tue, 22 Sep 2026 10:20:00 +0900",2026-09-22 10:30:25
자동차/모빌리티,전기차 산업,"이온어스, 日 야외 페스티벌서 '이동형 ESS' 실증… 23시간 무중단 전력...","재난·비상전원, 산업현장 전동화, 이동형 EV 충전 등 이동형 전력이 필요한 분야로 사업을 넓혀갈... 이번 행사에서는 당초 국내 전기차를 활용한 운영 방안도 검토했으나 일정과 현지 운영 여건 등을 고려해 현지... ",https://www.industrynews.co.kr/news/articleView.html?idxno=86414,https://www.industrynews.co.kr/news/articleView.html?idxno=86414,"Tue, 22 Sep 2026 10:18:00 +0900",2026-09-22 10:30:25
자동차/모빌리티,전기차 산업,"현대차, 모로코 마라케시에 전기차 ‘일렉시티’' 공급",모로코 정부는 2030년까지 온실가스 배출 전망치(BAU) 대비 최대 45.5% 감축과 2050년 탄소중립을 목표로 에너지·산업·교통 분야의 저탄소 전환을 추진하고 있다. 코이카는 이러한 정책 방향에 맞춰 마라케시 시의 친환경... ,https://www.busan.com/view/busan/view.php?code=2026092210112883632,https://n.news.naver.com/mnews/article/082/0001399442?sid=101,"Tue, 22 Sep 2026 10:14:00 +0900",2026-09-22 10:30:25
자동차/모빌리티,전기차 산업,볼보 또 CEO 바꾼다…스코다서 8.5% 수익률 만든 클라우스 첼머 영입,21일(이하 현지시간) 전기차 전문매체 인사이드EVs에 따르면 볼보자동차 이사회는 클라우스 첼머를 차기... 에릭 리(Eric Li) 볼보자동차 회장은 클라우스 첼머가 자동차 산업에 대한 전문성과 폭넓은 국제 경영... ,https://www.digitaltoday.co.kr/news/articleView.html?idxno=702306,https://www.digitaltoday.co.kr/news/articleView.html?idxno=702306,"Tue, 22 Sep 2026 10:08:00 +0900",2026-09-22 10:30:25
자동차/모빌리티,전기차 산업,"전력수요 급증에 원전 역할 다시 고민…정부, 3개월 공론화 착수","이번 공론화는 신규 원전 건설의 단순 찬반을 묻는 방식에서 벗어나 첨단산업과 데이터센터, 전기차 확산 등에 따른 전력 수요 증가와 탄소중립 목표를 함께 고려해 원전이 맡을 역할을 종합적으로 논의하는 데 초점을... ",https://www.kado.net/news/articleView.html?idxno=2074342,https://n.news.naver.com/mnews/article/654/0000202011?sid=100,"Tue, 22 Sep 2026 10:05:00 +0900",2026-09-22 10:30:25
자동차/모빌리티,전기차 산업,&quot;차체·배터리 소유권 분리 필요&quot;…전기차 보급 촉진에 신사업까지,새로운 산업 경쟁력을 확보할 수 있을 것&quot;이라고 말했다. 손명수 의원은 개회사를 통해 &quot;전기차 대중화에 맞춰 국민이 부담 없이 전기차를 선택하고 이용할 수 있는 환경을 만드는 것이 중요하다&quot;며 &quot;이번 세미나가 소비자... ,https://www.news1.kr/industry/auto-industry/6298347,https://n.news.naver.com/mnews/article/421/0009185378?sid=103,"Tue, 22 Sep 2026 10:00:00 +0900",2026-09-22 10:30:25
자동차/모빌리티,전기차 산업,배터리 소유권 분리하면 7대 신사업 뜬다…&quot;법안 정비 시급&quot;,"부품이 아니라 별도 자산으로 관리할 경우, 전기차 구매가격 부담을 낮추고 새로운 서비스와 산업을 창출할 수 있을 것으로 기대된다. 배터리 소유권이 분리되면 소비자는 차체를 구매하고 배터리는 구독·리스 형태로... ",https://view.asiae.co.kr/article/2026092208185051836,https://n.news.naver.com/mnews/article/277/0005819727?sid=103,"Tue, 22 Sep 2026 10:00:00 +0900",2026-09-22 10:30:25
자동차/모빌리티,전기차 산업,[르포] 망치 소리 울리는 만 뮌헨공장..'자동화'보다 '효율',디젤·전기차 한 라인서 -수작업 공장의 반전..'조립부터 시동까지 8시간' &quot;로봇은 아직 안 보이시죠?&quot; 지난... 일본 자동차 산업에서 익숙한 '간반 방식'과 비슷하다. 각 생산차의 구성에 맞춰 필요한 부품을 미리 준비하고... ,http://autotimes.co.kr/detail.php?number=689242&thread=27,http://autotimes.co.kr/detail.php?number=689242&thread=27,"Tue, 22 Sep 2026 09:58:00 +0900",2026-09-22 10:30:25
자동차/모빌리티,전기차 산업,[오늘의 일정] 9월 22일 화요일 국회,"430호) 산업자통상자원중소벤처기업위원회 전체회의(09:30 본관 534호) 과학기술정보방송통신위원회... 의원실, 전기차 배터리 소유권 분리, 새로운 모빌리티 시장을 열다(10:00 의원회관 제4간담회의실) 김석기... ",https://www.jeonmae.co.kr/news/articleView.html?idxno=1295753,https://www.jeonmae.co.kr/news/articleView.html?idxno=1295753,"Tue, 22 Sep 2026 09:56:00 +0900",2026-09-22 10:30:25
자동차/모빌리티,모빌리티 시장,"수소기업 해외 판로 연다…10여 개국 바이어 20곳, 킨텍스 집결","제2전시장에서 ‘H2 비즈니스 파트너십 페어’를 개최한다고 22일 밝혔다. 이번 행사는 수소산업 전시회 ‘WHE 2026’의 부대행사로 마련됐다. 한국자동차모빌리티산업협회와 한국수소연합, 대한무역투자진흥공사... ",https://www.kbmaeil.com/article/20260922500213,https://www.kbmaeil.com/article/20260922500213,"Tue, 22 Sep 2026 10:28:00 +0900",2026-09-22 10:30:26
자동차/모빌리티,모빌리티 시장,"사우디 스마트시티 고위급 연수단, ‘수소도시’ 울산 방문…협력 타진",미래 모빌리티 현장을 점검했다. 울산시는 사우디 교통물류부를 비롯한 7개 관계기관 국장급 이상... 연수단은 방문 첫날인 15일 울산시청을 찾아 김상욱 울산시장과 면담을 진행했다. 이 자리에서 김 시장은 수소항만과... ,https://www.sedaily.com/article/20093828?ref=naver,https://n.news.naver.com/mnews/article/011/0004664411?sid=102,"Tue, 22 Sep 2026 10:22:00 +0900",2026-09-22 10:30:26
자동차/모빌리티,모빌리티 시장,"현대차 전기버스, 모로코 달린다…마라케시에 15대 공급",북아프리카 시장으로 넓히는 계기가 될 것으로 보인다. 박철연 현대차 글로벌상용·LCV사업본부장은 &quot;다양한 지역의 운행 환경에 적합한 친환경 상용 모빌리티를 제공하고 파트너 기관과 함께 지속 가능한 교통 환경... ,http://www.inews24.com/view/2008201,https://n.news.naver.com/mnews/article/031/0001060525?sid=103,"Tue, 22 Sep 2026 10:21:00 +0900",2026-09-22 10:30:26
자동차/모빌리티,모빌리티 시장,"케이카 경매 '위클리 옥션', 1000회 달성…작년 평균낙착률 80%","이 가운데 수출 바이어 수는 719개사로, 경쟁력 있는 수출 플랫폼과의 제휴를 통해 중동 지역의 지정학적 리스크를 대체할 신규 시장도 적극 개척하고 있다. 황재혁 KG모빌리티플랫폼 경매사업본부장은 &quot;이번... ",https://www.dailian.co.kr/news/view/1693371/?sc=Naver,https://n.news.naver.com/mnews/article/119/0003135420?sid=101,"Tue, 22 Sep 2026 10:19:00 +0900",2026-09-22 10:30:26
자동차/모빌리티,모빌리티 시장,[2026 KPC 인문학여행] 조영태 교수 “인구감소는 정해진 미래…변화를...,인구감소에도 수도권 집중 심화 2030년 노동시장 구인난 전환 “변화 되돌리기보다 활용해야” 22일 서울... 청년층이 수도권에 거주하면서 지역의 기업에서 일할 수 있도록 교통과 모빌리티 산업을 확대하는 방식이다.... ,https://www.news2day.co.kr/article/20260922500073,https://www.news2day.co.kr/article/20260922500073,"Tue, 22 Sep 2026 10:18:00 +0900",2026-09-22 10:30:26
친환경/신재생,신재생에너지 주가,[헬로스톡] 9/21 주목할 종목 : 삼성SDI·삼성물산·GS건설·카카오,"중동 불확실성 완화로 국제유가가 하락한 가운데, AI 호조 지속 기대감이 재확대되며 반도체주가... ESS는 신재생에너지와 연결하는 저장 장치를 넘어 AIDC(AI 데이터센터)의 안정적 전력 공급을 위한 핵심... ",https://www.hellot.net/news/article.html?no=115059,https://www.hellot.net/news/article.html?no=115059,"Mon, 21 Sep 2026 19:02:00 +0900",2026-09-22 10:30:27
친환경/신재생,신재생에너지 주가,산일전기 3.07% 하락…사상 최대 이익 뒤 높아진 눈높이,산일전기가 분기 최대 실적을 낸 뒤 주가는 하락했다. 전력기기 호황에 대한 기대가 이미 높아진... 데이터센터와 신재생에너지용 특수변압기 매출이 성장을 이끌었다. 같은 기간 신규수주는 2435억원으로 전년... ,https://www.job-post.co.kr/news/articleView.html?idxno=228598,https://www.job-post.co.kr/news/articleView.html?idxno=228598,"Mon, 21 Sep 2026 15:50:00 +0900",2026-09-22 10:30:27
친환경/신재생,신재생에너지 주가,한화솔루션 2.99% 하락…2분기 흑자에도 태양광 업황 경계,"한화솔루션 주가가 21일 장중 2%대 하락하며 2만7000원대로 밀렸다. 2분기 주요 사업부가 모두 흑자를... 신재생에너지와 케미칼, 첨단소재 부문이 2분기 연속 영업흑자를 기록했다. 신재생에너지 부문 매출은... ",https://www.job-post.co.kr/news/articleView.html?idxno=228575,https://www.job-post.co.kr/news/articleView.html?idxno=228575,"Mon, 21 Sep 2026 15:26:00 +0900",2026-09-22 10:30:27
친환경/신재생,신재생에너지 주가,"글로벌 ESS 배터리 시장 '각형'이 독식…삼성SDI, 전력 인프라 산업 선도...",인공지능(AI) 데이터센터 확충과 신재생에너지 연계 수요 폭증으로 글로벌 에너지저장장치(ESS) 시장이... 증권가에서는 삼성SDI를 단순 배터리 제조업체를 넘어 '전력 인프라 핵심 기업'으로 재평가하며 목표주가를... ,http://www.lkp.news/news/articleView.html?idxno=84266,http://www.lkp.news/news/articleView.html?idxno=84266,"Mon, 21 Sep 2026 14:58:00 +0900",2026-09-22 10:30:27
친환경/신재생,신재생에너지 주가,EV 위해 짓던 美공장서 ESS 먼저 만든다…삼성SDI ‘AI 전력’ 승부수,"미국에서 신재생에너지와 AI 데이터센터 투자가 확대되면서 관련 배터리 수요가 늘어날 것으로 보고... 목표주가를 59만원에서 80만원으로 높였다. iM증권은 삼성SDI의 올해 3분기 매출을 4조1000억원, 영업이익을... ",https://sateconomy.co.kr/news/view/1065586124759129,https://sateconomy.co.kr/news/view/1065586124759129,"Mon, 21 Sep 2026 13:16:00 +0900",2026-09-22 10:30:27
친환경/신재생,신재생에너지 주가,"한화솔루션, 미국 모듈 판가 상승·AMPC 확대 효과 기대-NH투자증권",목표주가를 4만3000원으로 유지했다. 지난 15일부터 18일까지 싱가포르와 홍콩에서 진행한 기업설명회(Corporate Day)에서 미국 중심의 신재생에너지 사업 확장 전략이 여전히 유효한 투자 포인트임을 확인했다는... ,http://www.press9.kr/news/articleView.html?idxno=83084,http://www.press9.kr/news/articleView.html?idxno=83084,"Mon, 21 Sep 2026 11:54:00 +0900",2026-09-22 10:30:27
친환경/신재생,신재생에너지 주가,"“삼성SDI 80만원 간다”...3분기 깜짝 실적 기대 [오늘, 이 종목]","목표주가를 올린 증권사 보고서가 나왔다. 정원석 iM증권 애널리스트는 21일 삼성SDI 목표주가를 종전... 정 애널리스트는 “미국 ESS 시장에서는 신재생 에너지 발전 확대, 인공지능(AI) 데이터센터 투자 본격화에... ",https://www.mk.co.kr/article/12158008,https://n.news.naver.com/mnews/article/024/0000108361?sid=101,"Mon, 21 Sep 2026 11:16:00 +0900",2026-09-22 10:30:27
친환경/신재생,신재생에너지 주가,반도체 공장 짓고 원전서 미래 찾는다...삼성물산 건설의 진격,반도체 공장 등 하이테크 수주가 매출로 이어지면서 건설 이익이 1조원에 육박할 것이라는 전망이다. 반년... 신재생에너지와 전력 인프라에서는 확보한 일감이 쌓이고 있다. 상반기 말 기준 괌 요나 태양광·배터리... ,https://www.newsmap.co.kr/news/articleView.html?idxno=3445,https://www.newsmap.co.kr/news/articleView.html?idxno=3445,"Mon, 21 Sep 2026 11:08:00 +0900",2026-09-22 10:30:27
친환경/신재생,신재생에너지 주가,산업용 인버터부터 충전 인프라까지… 전력 변환 핵심 반도체주 부각,"최근 전기차, 충전 인프라, 신재생에너지 설비는 물론 AI 데이터센터와 산업용 인버터, 무정전... 반영되며 주가를 끌어올렸다. 장비 및 외주 반도체 패키징·테스트(OSAT) 종목들도 급등세를 보이고 있다. 테스는 6.66... ",https://www.pinpointnews.co.kr/news/articleView.html?idxno=489021,https://www.pinpointnews.co.kr/news/articleView.html?idxno=489021,"Mon, 21 Sep 2026 10:48:00 +0900",2026-09-22 10:30:27
친환경/신재생,신재생에너지 주가,"&quot;삼성SDI, 전력 인프라株로 재평가돼야&quot;…해성디에스, 1900억 증설 투자...",또 &quot;ESS의 역할이 신재생 에너지 연계용 저장장치를 넘어 AIDC의 안정적인 전력 공급을 지원하는 핵심 인프라로 확대되고 있다&quot;며 삼성SDI의 주가도 &quot;기존 EV 중심의 평가에서 벗어나 전력 인프라 산업의 성장성을... ,https://www.fnnews.com/news/202609210953502157,https://n.news.naver.com/mnews/article/014/0005578824?sid=101,"Mon, 21 Sep 2026 10:38:00 +0900",2026-09-22 10:30:27
친환경/신재생,신재생에너지 주가,"[모닝 리포트] &quot;삼성SDI, ESS 성장성 부각…목표가 80만원으로 상향&quot;",투자의견 '매수'를 유지하고 목표주가를 기존 '59만원'에서 '80만원'으로 높였다. 정원석 iM증권 연구원은 &quot;ESS의 역할이 신재생 에너지 연계용 저장장치를 넘어 인공지능 데이터센터(AIDC)의 안정적인 전력 공급을... ,https://www.newspim.com/news/view/20260921000066,https://www.newspim.com/news/view/20260921000066,"Mon, 21 Sep 2026 08:51:00 +0900",2026-09-22 10:30:27
친환경/신재생,신재생에너지 주가,"&quot;LG에너지솔루션, 실적 개선세 지속&quot;",그는 &quot;향후 국내 배터리 셀 업체들의 북미 ESS(에너지저장장치) 신규 수주가 지속적으로 확대될 것&quot;이라고 전망했다. 또 &quot;미국 ESS 시장에서는 신재생에너지 발전 확대와 AIDC(인공지능 데이터센터) 투자 본격화에 따른... ,https://www.fnnews.com/news/202609210840030410,https://n.news.naver.com/mnews/article/014/0005578671?sid=101,"Mon, 21 Sep 2026 08:45:00 +0900",2026-09-22 10:30:27
친환경/신재생,신재생에너지 주가,"“삼성SDI, 전력 인프라 성장성 반영…목표주가 80만원으로 상향”",목표주가를 기존 59만원에서 80만원으로 상향했다. iM증권은 삼성SDI의 올해 3분기 영업이익은 전년 동기... iM증권은 미국 ESS 시장은 신재생 에너지 발전 확대와 데이터센터(AIDC) 투자 본격화에 따른 수요 증가와 중국... ,https://www.mk.co.kr/article/12157758,https://n.news.naver.com/mnews/article/009/0005738052?sid=101,"Mon, 21 Sep 2026 08:44:00 +0900",2026-09-22 10:30:27
친환경/신재생,신재생에너지 주가,"삼성SDI, 북미 ESS 성장 본격화…'전력 인프라'로 재평가 기대","목표주가는 ESS 사업의 성장성을 반영해 기존 59만원에서 80만원으로 상향했다. 삼성SDI는 전기차와 ESS... 미국에서는 신재생에너지 발전 확대와 AIDC 투자 증가, 중국 공급망 규제가 맞물리며 국내 배터리 업체에... ",http://www.newsprime.co.kr/news/article.html?no=748440,http://www.newsprime.co.kr/news/article.html?no=748440,"Mon, 21 Sep 2026 08:36:00 +0900",2026-09-22 10:30:27
친환경/신재생,신재생에너지 주가,"iM증권 &quot;삼성SDI, 전력 인프라 업체로서 밸류에이션 재평가&quot;","목표주가는 80만원으로 상향 조정했다. 정원석 연구원은 &quot;미국 에너지저장장치(ESS) 시장에서는 신재생 에너지 발전 확대와 AI 데이터센터(AIDC)  투자 본격화에 따른 수요 증가, 중국 공급망에 대한 규제 강화가... ",https://www.cstimes.com/news/articleView.html?idxno=721403,https://www.cstimes.com/news/articleView.html?idxno=721403,"Mon, 21 Sep 2026 08:24:00 +0900",2026-09-22 10:30:27
친환경/신재생,신재생에너지 주가,"iM證 “삼성SDI, 전력 인프라 업체로 재평가… 목표가 80만원으로↑”",정 연구원은 “ESS는 신재생에너지 저장장치를 넘어 AI 데이터센터(AIDC)의 안정적 전력 공급을 위한 핵심 인프라로 자리 잡고 있다”며 “목표주가 80만원은 2028년 예상 상각 전 영업이익(EBITDA)에 글로벌 전력기기... ,https://biz.chosun.com/stock/stock_general/2026/09/21/XQVPX77H2VHWHJSGFMVUSRVNRY/?utm_source=naver&utm_medium=original&utm_campaign=biz,https://n.news.naver.com/mnews/article/366/0001193533?sid=101,"Mon, 21 Sep 2026 08:16:00 +0900",2026-09-22 10:30:27
친환경/신재생,신재생에너지 주가,"iM證 &quot;삼성SDI, 전력 인프라 업체로 재평가…목표가 80만원&quot;",이에 따라 투자의견 '매수'를 유지하고 목표주가는 80만원으로 상향했다. 정원석 iM증권 연구원은 21일 보고서에서 &quot;미국 ESS 시장에서 신재생에너지 발전 확대와 인공지능 데이터센터(AIDC) 투자 본격화에 따른... ,https://www.ajunews.com/view/20260921080810532,https://www.ajunews.com/view/20260921080810532,"Mon, 21 Sep 2026 08:10:00 +0900",2026-09-22 10:30:27
친환경/신재생,태양광 산업,"엄승용 보령시장, 지역 주요 에너지시설 방문…발전 방안 논의",특히 보령LNG터미널에서는 LNG 공급·저장 등 지역 에너지 인프라 현황을 살펴보고 안정적인 에너지 공급과 미래 에너지산업과의 연계 가능성을 확인했다. 엄 시장은 최근 박수현 지사와의 면담에서도 태양광·해상풍력... ,https://www.news1.kr/local/daejeon-chungnam/6298571,https://n.news.naver.com/mnews/article/421/0009185514?sid=102,"Tue, 22 Sep 2026 10:26:00 +0900",2026-09-22 10:30:27
친환경/신재생,태양광 산업,[최승준 변호사의 건설법률 상식-42]ESG·탄소중립 정책과 건설·부동산...,"최 승 준 대표변호사 탄소중립 정책이 건설·부동산 산업에 미치는 가장 직접적인 영향은 건축물 에너지... 제로에너지건축물이란 건축물의 단열성능과 기밀성능을 높이고 고효율 설비를 적용하며, 태양광 등 신재생에너지... ",http://www.ikld.kr/news/articleView.html?idxno=341187,http://www.ikld.kr/news/articleView.html?idxno=341187,"Tue, 22 Sep 2026 10:20:00 +0900",2026-09-22 10:30:27
친환경/신재생,태양광 산업,“햇빛이 돈이 된다”…강진군 ‘햇빛소득마을’ 3차 참여마을 모집,부지에 태양광 발전시설을 설치·운영하고 전력 판매 수익을 주민소득 증대와 마을 복지 등에 활용하는... 누리집과 햇빛소득마을 누리집에서 확인할 수 있다. 기타 문의는 강진군 인구정책과 에너지산업팀으로 하면 된다.,https://www.asiatoday.co.kr/kn/view.php?key=20260922010008225,https://www.asiatoday.co.kr/kn/view.php?key=20260922010008225,"Tue, 22 Sep 2026 10:18:00 +0900",2026-09-22 10:30:27
친환경/신재생,태양광 산업,"솔라온케어, 대학생들과 '태양광 발전량 예측' 겨룬다···상금 1700만원",태양광 발전 자산 운용 플랫폼 솔라온케어가 실제 발전 데이터를 활용해 가상발전소(VPP) 운영 효율을 높일... 재생에너지 산업을 이끌 인재와 새로운 기술 아이디어를 함께 발굴한다는 계획이다. 총상금은... ,http://www.enewstoday.co.kr/news/articleView.html?idxno=2473250,http://www.enewstoday.co.kr/news/articleView.html?idxno=2473250,"Tue, 22 Sep 2026 10:15:00 +0900",2026-09-22 10:30:27
친환경/신재생,태양광 산업,"그랜드썬기술단, 2026 기후산업국제박람회 대한민국 에너지대전 ‘베스...",태양광 전문기업 ㈜그랜드썬기술단이 ‘2026 기후산업국제박람회 대한민국 에너지대전 베스트 기업 어워드’에서 ‘베스트 안전 기업’으로 선정됐다. 기후에너지환경부가 주최하고 한국에너지공단이 주관한 2026... ,https://www.mk.co.kr/article/12158994,https://n.news.naver.com/mnews/article/009/0005738741?sid=101,"Tue, 22 Sep 2026 10:10:00 +0900",2026-09-22 10:30:27
친환경/신재생,태양광 산업,"솔라온케어, '재생에너지 발전량 예측 경진대회' 개최","산업을 이끌 인재를 발굴하고 기술 혁신을 촉진한다는 취지다. 평가는 매전 수익에서 발전량 예측 오차에 따른 페널티를 차감한 최종 정산금을 기준으로 진행되며, 정산금을 최대화하는 것이 목표다. 태양광 발전량이... ",http://www.e2news.com/news/articleView.html?idxno=334479,http://www.e2news.com/news/articleView.html?idxno=334479,"Tue, 22 Sep 2026 10:06:00 +0900",2026-09-22 10:30:27
친환경/신재생,태양광 산업,"솔라온케어, 253개 태양광발전소 데이터 개방… '발전량 예측 경진대회...","재생에너지 산업을 이끌 인재 발굴과 기술 혁신을 동시에 도모한다. 평가는 매전수익에서 발전량 예측 오차에 따른 페널티를 차감한 정산금을 기준으로 진행하며, 정산금을 최대화하는 것이 목표다. 태양광의 출력이... ",https://www.industrynews.co.kr/news/articleView.html?idxno=86412,https://www.industrynews.co.kr/news/articleView.html?idxno=86412,"Tue, 22 Sep 2026 10:04:00 +0900",2026-09-22 10:30:27
친환경/신재생,태양광 산업,"원림, ESG 경영 강화…연말 지속가능경영보고서 낸다","산업용 포장재 업체 원림이 환경·사회·지배구조(ESG) 경영을 강화한다. 대표이사가 직접 이끄는 전담... 포장재 경량화와 고효율 설비, 태양광 발전시설 도입 등도 추진하고 있다. 실적도 개선되고 있다. 원림의 지난해... ",https://www.naeil.com/news/read/603127?ref=naver,https://www.naeil.com/news/read/603127?ref=naver,"Tue, 22 Sep 2026 10:00:00 +0900",2026-09-22 10:30:27
친환경/신재생,태양광 산업,데이터센터부터 골목상권까지… 산업 현장 넓혀가는 AI,"카카오 데이터센터 안산에서는 냉각·공조 및 전력설비 운영 개선, 태양광 자가소비 등을 통해 지난해 4753tCO₂eq의 온실가스를 감축했다. 회사는 이곳에서 축적한 운영 방식을 임차 데이터센터에도 순차적으로... ",https://www.pressman.kr/news/articleView.html?idxno=103746,https://www.pressman.kr/news/articleView.html?idxno=103746,"Tue, 22 Sep 2026 09:58:00 +0900",2026-09-22 10:30:27
친환경/신재생,태양광 산업,"삼성물산, 美 카이로스 파워와 손잡고 차세대 SMR 사업 나선다...소비자...","아니라 산업용 열 공급∙수소 생산 등 다양한 에너지 수요에도 활용할 수 있을 것으로 기대하고 있다.... 데이터앤리서치 관계자는 관심도 증가에 대해 &quot;13년 연속 시공능력평가 1위,미국 태양광 등 신재생 에너지... ",https://www.thebigdata.co.kr/view.php?ud=202609220933233399df3c2a17b7_23,https://www.thebigdata.co.kr/view.php?ud=202609220933233399df3c2a17b7_23,"Tue, 22 Sep 2026 09:56:00 +0900",2026-09-22 10:30:27
친환경/신재생,태양광 산업,자가용 기름값만 챙긴 추석 할인…버스·기차 이용자는 왜 빼나,"추석 연휴 기간 태양광 등 재생에너지 공급이 풍부한 낮 시간대(11시~14시)에 한해 전기차 충전요금도... 현재 휘발유 인하율은 15%, 산업·물류 등에 필수적인 경유와 소형트럭 등 서민층 연료로 쓰이는 부탄의 인하율은 25... ",https://www.thescoop.co.kr/news/articleView.html?idxno=311666,https://n.news.naver.com/mnews/article/665/0000008208?sid=101,"Tue, 22 Sep 2026 09:49:00 +0900",2026-09-22 10:30:27
친환경/신재생,태양광 산업,"이집트-중국과 수교 70주년, 시진핑의 이집트 방문 계기 다방면 밀착","구축, 산업투자 확대 EV·배터리·태양광·철강·기계 분야 경쟁 심화 4 정보통신기술 협력 MOU AI, 클라우드, 데이터센터, 디지털 전환 등 한국 ICT·데이터센터·보안기업과 직접 경쟁 가능 5 SCZone–중국 상무부 협력 MOU... ",http://dream.kotra.or.kr/kotranews/cms/news/actionKotraBoardDetail.do?SITE_NO=3&MENU_ID=80&CONTENTS_NO=2&bbsGbn=242&bbsSn=242&pNttSn=244226,http://dream.kotra.or.kr/kotranews/cms/news/actionKotraBoardDetail.do?SITE_NO=3&MENU_ID=80&CONTENTS_NO=2&bbsGbn=242&bbsSn=242&pNttSn=244226,"Tue, 22 Sep 2026 09:45:00 +0900",2026-09-22 10:30:27
친환경/신재생,태양광 산업,"SK이노 E&amp;S, 베트남 다낭시와 투자 협력 논의…AI·에너지 접점 넓히나",다낭시 대표단 방한…SK이노베이션 E&amp;S와 투자·협력 방안 논의 AI 데이터센터 등 첨단산업 유치 추진... SK이노베이션 E&amp;S는 베트남에서 태양광과 풍력을 중심으로 에너지 사업 기반을 넓혀왔다. 닌투언성에서... ,https://www.theguru.co.kr/news/article.html?no=107415,https://www.theguru.co.kr/news/article.html?no=107415,"Tue, 22 Sep 2026 09:44:00 +0900",2026-09-22 10:30:27
친환경/신재생,태양광 산업,태국 제조업의 새로운 경쟁력은 ‘전력’… 태양광·청정에너지 시장 주...,특히 주간 가동 비중이 높은 제조시설은 태양광 발전시간과 전력사용시간이 겹칠 수 있어 산업용 지붕형 태양광 도입 여건이 비교적 양호하다. 태양광 설비의 경제성은 발전량 자체보다 자가소비율(Self-consumption... ,http://dream.kotra.or.kr/kotranews/cms/news/actionKotraBoardDetail.do?SITE_NO=3&MENU_ID=180&CONTENTS_NO=1&bbsGbn=243&bbsSn=243&pNttSn=244187,http://dream.kotra.or.kr/kotranews/cms/news/actionKotraBoardDetail.do?SITE_NO=3&MENU_ID=180&CONTENTS_NO=1&bbsGbn=243&bbsSn=243&pNttSn=244187,"Tue, 22 Sep 2026 09:38:00 +0900",2026-09-22 10:30:27
친환경/신재생,태양광 산업,"&quot;수소, 가능성 넘어 국가 에너지 생태계로 연결해야&quot;","토론 과정에서 수소산업 공급망과 일자리 핵심을 담당하는 중소·중견기업들의 현실적인 문제의식이 정책... 생산하되, 태양광 유휴 전력 활용 등 다양한 방식을 통해 점진적으로 그린수소 생산 비중을 확대해야 한다&quot;고... ",https://www.todayenergy.kr/news/articleView.html?idxno=303366,https://www.todayenergy.kr/news/articleView.html?idxno=303366,"Tue, 22 Sep 2026 09:32:00 +0900",2026-09-22 10:30:27
친환경/신재생,풍력 시장,대우건설 '22㎿급 승부수' 부유식 해상풍력 기술 선점,"국책과제를 통해 시작한 기술개발이 특허와 수조실험을 거쳐 글로벌 선급기관 기본설계 승인까지 이어지면서 초대형 부유식 해상풍력 시장 공략을 위한 기반을 마련했다. 대우건설에 따르면, 부유식 해상풍력... ",http://www.newsprime.co.kr/news/article.html?no=748676,http://www.newsprime.co.kr/news/article.html?no=748676,"Tue, 22 Sep 2026 10:22:00 +0900",2026-09-22 10:30:28
친환경/신재생,풍력 시장,"한화솔루션, '와이어 차이나' 참가…차세대 케이블 소재 전시",까를로 스칼라타 한화솔루션 와이어&amp;케이블 부문 대표는 &quot;중국은 초고압 송전과 해상풍력 분야에서 빠르게 성장하고 있는 중요한 시장&quot;이라며 &quot;현지 주요 고객사와의 기술 검증 및 공동개발을 바탕으로 중국은... ,https://www.yna.co.kr/view/AKR20260922067600003?input=1195m,https://n.news.naver.com/mnews/article/001/0016328785?sid=101,"Tue, 22 Sep 2026 10:21:00 +0900",2026-09-22 10:30:28
친환경/신재생,풍력 시장,"한화솔루션, 中 와이어·케이블 전시회 참가…ZTT·헝통과 소재 공동개...",까를로 스칼라타 한화솔루션 Wire &amp; Cable 부문 대표는 &quot;중국은 초고압 송전과 해상풍력 분야에서 빠르게 성장하고 있는 중요한 시장&quot;이라며 &quot;이번 Wire China 2026을 통해 한화솔루션의 초고압 케이블 소재... ,http://www.inews24.com/view/2008191,https://n.news.naver.com/mnews/article/031/0001060523?sid=101,"Tue, 22 Sep 2026 10:20:00 +0900",2026-09-22 10:30:28
친환경/신재생,풍력 시장,"전남광주-조국혁신당, 반도체클러스터 공동협의체 제안","민형배 시장에게 '호남 반도체 성공을 위한 공동협의체 구성 및 4대 핵심과제 제안'을 전달했다.... 세부적으로는 신안 해상풍력 접속설비의 국가기간전력망 지정과 준공 시기 확정, 동복댐 증고에 따른 수몰 주민 보상... ",https://www.dailybrief.co.kr/news/articleView.html?idxno=6805,https://www.dailybrief.co.kr/news/articleView.html?idxno=6805,"Tue, 22 Sep 2026 10:17:00 +0900",2026-09-22 10:30:28
친환경/신재생,풍력 시장,"대우건설, 22MW급 부유식 해상풍력 모델 개발... DNV·BV 승인",BV라는 세계 최고 권위의 양대 선급으로부터 동시에 기술력을 인정받았다&quot;며 &quot;앞으로도 신재생에너지 분야의 원천 기술 경쟁력을 강화해 글로벌 해상풍력 시장을 선도하고 미래 성장동력을 확보해 나가겠다&quot;고 말했다.,http://www.newslock.co.kr/news/articleView.html?idxno=136752,http://www.newslock.co.kr/news/articleView.html?idxno=136752,"Tue, 22 Sep 2026 10:16:00 +0900",2026-09-22 10:30:28
친환경/신재생,풍력 시장,"한화솔루션, 中 케이블사와 초고압 소재 공동개발",| 이코노미사이언스 홍승환 기자 | 중국 초고압 송전·해상풍력 시장을 겨냥한 한화솔루션의 케이블 소재 사업이 현지 업체와의 공동개발 단계로 확장된다. 단순 소재 공급을 넘어 케이블 제조사가... ,https://www.e-science.co.kr/news/articleView.html?idxno=135910,https://www.e-science.co.kr/news/articleView.html?idxno=135910,"Tue, 22 Sep 2026 10:14:00 +0900",2026-09-22 10:30:28
친환경/신재생,풍력 시장,"한화솔루션, 中 와이어 전시회서 초고압 케이블 소재 기술 공개",한화솔루션은 이번 전시회 참가와 현지 기업과의 공동개발을 계기로 중국 초고압 송전 및 해상풍력 시장에서 사업 기반을 강화한다는 방침이다. 글로벌 고부가가치 케이블 소재 사업 확대에도 속도를 낼... ,https://www.pinpointnews.co.kr/news/articleView.html?idxno=489465,https://www.pinpointnews.co.kr/news/articleView.html?idxno=489465,"Tue, 22 Sep 2026 10:12:00 +0900",2026-09-22 10:30:28
친환경/신재생,풍력 시장,"한화솔루션, '와이어 차이나 2026' 참가…차세대 기술 선봬","이를 계기로 중국 내 초고압 송전, 해상풍력 시장에서의 사업 기반을 강화하고 글로벌 고부가가치 케이블 소재 사업 확대에 속도를 낸다는 계획이다. 까를로 스칼라타(Carlo Scarlata) 한화솔루션 와이어 앤... ",https://www.mt.co.kr/industry/2026/09/22/2026092209560892563,https://n.news.naver.com/mnews/article/008/0005417165?sid=101,"Tue, 22 Sep 2026 10:09:00 +0900",2026-09-22 10:30:28
친환경/신재생,풍력 시장,"한화솔루션, 'Wire China 2026' 참가…ZTT·헝통과 MOU 체결",한화솔루션은 이번 전시회 참가와 ZTT와의 기술 협력을 계기로 중국 내 초고압 송전 및 해상풍력 시장에서의 사업 기반을 강화하고 글로벌 고부가가치 케이블 소재 사업 확대에 속도를 낸다는 계획이다.... ,https://weekly.hankooki.com/news/articleView.html?idxno=7185507,https://weekly.hankooki.com/news/articleView.html?idxno=7185507,"Tue, 22 Sep 2026 10:06:00 +0900",2026-09-22 10:30:28
친환경/신재생,풍력 시장,"한화솔루션, 중국 케이블 시장 공략…ZTT·헝통과 소재 공동개발",한화솔루션이 중국 주요 케이블 기업들과 소재 공동개발에 나서며 초고압 송전과 해상풍력 시장 공략을 강화한다. 한화솔루션은 21일부터 24일까지 중국 상하이에서 열리는 국제 와이어·케이블 전시회 '와이어 차이나... ,https://www.dailian.co.kr/news/view/1693399/?sc=Naver,https://n.news.naver.com/mnews/article/119/0003135403?sid=101,"Tue, 22 Sep 2026 10:04:00 +0900",2026-09-22 10:30:28
친환경/신재생,풍력 시장,"정원주 대우건설 회장, 원전·에너지 해외사업 넓힌다",대우건설이 해외 사업 확대를 단순한 시장 개척에 그치지 않고 실제 수주와 실적 개선으로 연결하는 데도... 자체 개발한 22MW급 부유식 해상풍력 부유체에 대해 노르웨이 DNV와 프랑스 BV로부터 기본설계 승인(AiP)을... ,http://www.choicenews.co.kr/news/articleView.html?idxno=171587,http://www.choicenews.co.kr/news/articleView.html?idxno=171587,"Tue, 22 Sep 2026 10:04:00 +0900",2026-09-22 10:30:28
친환경/신재생,풍력 시장,"GS, 첫 '15조 AI' 모험···연말 빅테크 계약 성사 '주목'","장기적으로는 GS동해전력 자체에 친환경 연료를 섞어 쓰거나 풍력 발전을 도입하는 등의 체질 개선 방안이... 국내 전력시장 분야 한 관계자는 &quot;부지 매입 같은 행정적인 속도전을 넘어, 화력발전소 옆이라는 제한된... ",https://www.newsfreezone.co.kr/news/articleView.html?idxno=710583,https://www.newsfreezone.co.kr/news/articleView.html?idxno=710583,"Tue, 22 Sep 2026 09:32:00 +0900",2026-09-22 10:30:28
친환경/신재생,풍력 시장,"엄승용 보령시장, 현장 찾아 에너지 전환 해법 모색",엄 시장은 최근 충남도지사와의 면담에서도 태양광·해상풍력 집적화단지 등 보령시가 추진하는 에너지 전환사업에 대한 충남도의 행정·재정적 지원을 요청했다. 아울러 석탄화력발전 폐지에 따른 지역의 산업·고용... ,https://www.gukjenews.com/news/articleView.html?idxno=3702965,https://www.gukjenews.com/news/articleView.html?idxno=3702965,"Tue, 22 Sep 2026 09:24:00 +0900",2026-09-22 10:30:28
친환경/신재생,풍력 시장,논란 이어지는 제주 풍력 개발이익 공유화 제도...&quot;재설계 불가피&quot;,일부가 풍력자원 공유화기금과 마을지원으로 이어지는 구조다. SMP는 전력시장에서 발전사업자가 생산한 전력을 전력거래소에 판매할 때 적용되는 전력의 시장가격을 말한다. 그러나 2027년부터 계약시장으로 전환되면... ,https://www.headlinejeju.co.kr/news/articleView.html?idxno=599390,https://www.headlinejeju.co.kr/news/articleView.html?idxno=599390,"Tue, 22 Sep 2026 09:16:00 +0900",2026-09-22 10:30:28
친환경/신재생,풍력 시장,[보령소식] 에너지시설 현장 찾아 미래 에너지산업 전환 해법 모색 외,엄 시장은 최근 충남도와의 면담에서도 태양광·해상풍력 집적화단지 등 에너지전환 사업에 대한 지원을 요청했다. 또한 석탄화력발전 폐지에 따른 산업·고용 충격을 줄이기 위해 발전공기업 통합 본사의 충남 유치... ,https://daily.hankooki.com/news/articleView.html?idxno=1408651,https://daily.hankooki.com/news/articleView.html?idxno=1408651,"Tue, 22 Sep 2026 08:50:00 +0900",2026-09-22 10:30:28
친환경/신재생,풍력 시장,페로타임즈 손바닥뉴스 9월22일(화),"영농형태양광 시장 공략 맞손…국산 기자재 공동개발 에이치브이엠, 59億 규모 CB 전환청구…내달 신주 18만2785주 발행 오스테드, 인천해상풍력 1.47GW 사업 소개…국내 공급망 협력 확대 포스코, 냉각수 재이용 확대... ",http://www.ferrotimes.com/news/articleView.html?idxno=50528,http://www.ferrotimes.com/news/articleView.html?idxno=50528,"Tue, 22 Sep 2026 08:24:00 +0900",2026-09-22 10:30:28
친환경/신재생,수소 경제,"전북도, 호남 최초 '수소모빌리티 검사센터' 구축…2028년 완공 목표","지난 3월 한국개발연구원(KDI) 예비타당성조사 결과, 경제성 분석(B/C) 1.06, 종합평가(AHP) 0.501을 기록하며 타당성을 입증받았다. 완주군은 이를 바탕으로 수소 산업의 집적화를 이끌어내 생산부터 검사·안전관리까지... ",https://www.greened.kr/news/articleView.html?idxno=350623,https://www.greened.kr/news/articleView.html?idxno=350623,"Tue, 22 Sep 2026 10:23:00 +0900",2026-09-22 10:30:29
친환경/신재생,수소 경제,"만트럭, 전기트럭에 무게..&quot;수소는 특수용도로&quot;",그러나 실제 상용화를 고려하면 배터리 전기트럭과 비교해 수소의 경제적 이점이 뚜렷하지 않다는 게 회사의 판단이다. 하이네 부사장은 &quot;수소트럭은 전기트럭보다 TCO가 더 좋지 않고 현재 수소 충전 인프라도 충분히... ,http://autotimes.co.kr/detail.php?number=689245&thread=27,http://autotimes.co.kr/detail.php?number=689245&thread=27,"Tue, 22 Sep 2026 10:02:00 +0900",2026-09-22 10:30:29
친환경/신재생,수소 경제,"전북도, 내달 1일 '제3회 전북포럼' 개최…전북형 재생에너지 소득모델...","이번 포럼은 '글로벌 생명경제도시, 전북의 도전'을 주제로 열리는 제3회 전북포럼의 주제별 세션이자 RE100... 배주현 전북자치도 청정에너지수소과장은 “RE100 확산과 재생에너지 확대에 따라 산업 경쟁력 강화... ",https://www.etnews.com/20260922000152,https://n.news.naver.com/mnews/article/030/0003469227?sid=102,"Tue, 22 Sep 2026 09:56:00 +0900",2026-09-22 10:30:29
친환경/신재생,수소 경제,"포스코홀딩스·RIST, 엔포러스와 함께 아시아 최초 제철소 내 고온수전...","포스코홀딩스와 RIST는 엔포러스 등 협력 기관과 함께 고온수전해 기술을 지속적으로 개발·실증하고 사업화를 추진해, 대규모·경제성 있는 청정수소 생산의 활로를 열어갈 계획이다.안진수 엔포러스 대표는... ",https://news.mtn.co.kr/news-detail/2026092209463563021,https://news.mtn.co.kr/news-detail/2026092209463563021,"Tue, 22 Sep 2026 09:54:00 +0900",2026-09-22 10:30:29
친환경/신재생,수소 경제,"[이준형의 기자수첩] 18년 기다린 영일만횡단대교, 이제 ‘약속’보다 ...","포항의 산업과 항만, 관광을 하나의 경제권으로 연결하는 광역교통망이라는 데 의미가 있다.포항은 철강산업을 기반으로 성장해 왔지만 지금은 이차전지와 바이오, 수소 등 신산업으로 산업의 외연을 넓혀가고 있다.... ",https://www.kbsm.net/news/view.php?idx=534464,https://www.kbsm.net/news/view.php?idx=534464,"Tue, 22 Sep 2026 09:38:00 +0900",2026-09-22 10:30:29
친환경/신재생,수소 경제,"현대차-코이카, 모로코에 전기버스 '일렉시티' 15대 공급","'ODA'란 정부나 공공기관이 개발도상국의 경제·사회 발전을 돕기 위해 벌이는 개발협력 사업이다. 자금이나... 실제 현대차는 최근 몇 년간 사우디아라비아·오스트리아 등에 수소전기버스를, 일본에는 저가 중국산... ",https://www.newsworks.co.kr/news/articleView.html?idxno=854534,https://www.newsworks.co.kr/news/articleView.html?idxno=854534,"Tue, 22 Sep 2026 09:34:00 +0900",2026-09-22 10:30:29
친환경/신재생,수소 경제,"사우디 고위공무원 연수단, 울산 수소시범도시 견학","이번 방문은 스마트시티 역량강화 연수 가운데 수소경제·에너지 전환 분야 현장 일정으로 진행됐다. 방문단은 15일 울산시청에서 김상욱 시장과 환담했다. 김 시장은 울산의 수소도시 현황과 수소항만, LNG, 원유저장시설... ",https://www.news1.kr/local/ulsan/6298412,https://n.news.naver.com/mnews/article/421/0009185242?sid=102,"Tue, 22 Sep 2026 09:28:00 +0900",2026-09-22 10:30:29
친환경/신재생,수소 경제,"글로벌 기후기구 &quot;韓 철강·항공업, 환경 규제에 즉각적 압력 받아&quot;","청정산업에 대한 투자는 에너지 가격 충격과 공급망 혼란, 시장 접근성의 갑작스러운 상실에 대비하는 일종의 '경제적 보험'이 될 수 있다. 포스코 수소환원제철 하이렉스 공정 설비[출처: 연합뉴스 자료사진]... ",https://news.einfomax.co.kr/news/articleView.html?idxno=4436033,https://news.einfomax.co.kr/news/articleView.html?idxno=4436033,"Tue, 22 Sep 2026 09:12:00 +0900",2026-09-22 10:30:29
친환경/신재생,수소 경제,"삼성물산, 차세대 SMR EPC 우선권 확보…글로벌 영토 확장",안전성과 경제성을 대폭 개선할 수 있다. 원자로에서 나오는 고온의 열은 전력 생산뿐만 아니라 청정 수소 제조 및 산업용 열원 공급 등 다양한 에너지 분야로 활용이 가능하다. 카이로스 파워는 현재 미국 에너지부... ,http://www.newsdream.kr/news/articleView.html?idxno=118670,http://www.newsdream.kr/news/articleView.html?idxno=118670,"Tue, 22 Sep 2026 09:08:00 +0900",2026-09-22 10:30:29
친환경/신재생,수소 경제,"사우디 고위 공무원들, 울산 찾아 수소산업 확인",울산시는 사우디아라비아 고위 공무원들이 대한민국 수소경제와 에너지 전환 정책을 확인하기 위해 지난 15∼16일 울산을 방문했다고 22일 밝혔다. 이번 방문은 국가공무원인재개발원이 사우디 측 요청으로 추진한... ,https://www.yna.co.kr/view/AKR20260921172800057?input=1195m,https://n.news.naver.com/mnews/article/001/0016328382?sid=102,"Tue, 22 Sep 2026 09:02:00 +0900",2026-09-22 10:30:29
원자력,원자력 주가,美 무기·에너지 빈자리 노리는 K기업…이란 전쟁 이후 뜨는 종목은[전...,"이란전쟁 장기화로 글로벌 공급망이 재편되면서 국내 방산·정유·건설주가 주목받고 있다. 미국의... 한국형 APR1400이 미국 시장에 진출할 경우 한국수력원자력과 한전기술, 두산에너빌리티, 한전KPS를 비롯한 국내... ",https://magazine.hankyung.com/business/article/202609170444b,https://n.news.naver.com/mnews/article/050/0000111208?sid=101,"Tue, 22 Sep 2026 09:25:00 +0900",2026-09-22 10:30:29
원자력,원자력 주가,"미국 전력 인프라 싹쓸이… 대한전선, 초고압 케이블 수주 잔고 대폭 늘...",AI 데이터센터 신규 건설이 잇따르면서 데이터센터용 비상발전기 수요가 폭발적으로 증가한 점이 주가... 스마트그리드 및 원자력 발전 전력망 관련 기술을 보유한 종목들로 순환매가 유입되는 모습이다. 일부 종목은... ,https://www.pinpointnews.co.kr/news/articleView.html?idxno=489422,https://www.pinpointnews.co.kr/news/articleView.html?idxno=489422,"Tue, 22 Sep 2026 09:24:00 +0900",2026-09-22 10:30:29
원자력,원자력 주가,"고마워하지 않는 트럼프, 약점을 보이면 안 된다: 슬로우레터 9월22일.",메타 주가가 11.4% 올랐다. 뮤즈는 챗봇을 넘어 행동하는 에이전트다. 기본 패턴을 기억하기 때문에 쇼핑을... 한국은 어차피 미국 원자력 발전소에 투자할 거라면 15% 이상을 확보하고 이사회 의석을 받아야 한다는... ,https://slownews.kr/166741,https://slownews.kr/166741,"Tue, 22 Sep 2026 07:44:00 +0900",2026-09-22 10:30:29
원자력,원자력 주가,이익증가·데이터센터·원전 삼박자…&quot;건설 차선호주 GS건설&quot; [클릭 e종...,"한국전력은 한국수력원자력 등과 함께 베트남 닌투언 2 원전 수주를 추진 중이며, 올해 말에서 내년 초 사이 '팀코리아' 시공사를 선정할 것으로 예상된다. GS건설은 주관사가 아닌 참여 시공사(비주간사)로 지원해... ",https://view.asiae.co.kr/article/2026092116535292467,https://n.news.naver.com/mnews/article/277/0005819536?sid=101,"Tue, 22 Sep 2026 07:15:00 +0900",2026-09-22 10:30:29
원자력,원자력 주가,반도체에 밀렸던 원전 ETF '활짝'…수익률은 제각각 [ETF업&amp;다운],"'TIGER 코리아원자력'의 경우 편입 비중이 가장 큰 현대건설(25.21%) 주가가 같은 기간 19.6% 상승했고, 두 번째로 큰 두산에너빌리티(23.17%)는 18.01% 올랐다. 'ACE 원자력TOP10' ETF 역시 편입 비중이 가장 높은... ",https://www.news1.kr/finance/general-stock/6298103,https://n.news.naver.com/mnews/article/421/0009184875?sid=101,"Tue, 22 Sep 2026 07:00:00 +0900",2026-09-22 10:30:29
원자력,원자력 주가,"에너지자원공사, '겉보기 통합' 넘어 실질적 통합으로","한국의 에너지원 구성은 석유 38%, 석탄 22%, 천연가스 20%, 원자력 13%, 재생에너지 등이 7%로 화석연료가 전체의... 이는 주가 총액이 3조원에 달하는 상장사인 가스공사의 주주 동의 문제와 연결돼 있기도 하다. 부실한... ",https://www.energy-news.co.kr/news/articleView.html?idxno=228449,https://www.energy-news.co.kr/news/articleView.html?idxno=228449,"Mon, 21 Sep 2026 15:22:00 +0900",2026-09-22 10:30:29
원자력,원자력 주가,우리기술 2.81% 하락…신한울 3·4호기 DCS 개발 계약,주가는 약세를 나타냈지만 신한울 3·4호기 제어시스템 개발과 기존 원전 설비 공급 계약이 원전 사업의... 회사는 앞서 8월 20일 한국수력원자력과 고리 3·4호기 제어시스템 공급계약을 체결했다. 계약 규모는... ,https://www.job-post.co.kr/news/articleView.html?idxno=228546,https://www.job-post.co.kr/news/articleView.html?idxno=228546,"Mon, 21 Sep 2026 14:54:00 +0900",2026-09-22 10:30:29
원자력,원자력 주가,"트럼프 일가, AI에 막대한 투자...'AI 개발 감속론' 막아선 이유였나",속도조절론에 주가 하락하자 하락주 매집 WP가 트럼프 대통령 재집권 후 공개된 약 3만 건의 거래 내역을... 트럼프 대통령이 매일 게시물을 올리는 트루스소셜의 모회사 '트럼프 미디어 앤드 테크놀로지'는 원자력발전소... ,https://www.hankookilbo.com/news/article/A2026092109460003024?did=NA,https://n.news.naver.com/mnews/article/469/0000955287?sid=104,"Mon, 21 Sep 2026 14:40:00 +0900",2026-09-22 10:30:29
원자력,원자력 주가,"AI 속도조절 반대하더니…트럼프 일가, 반도체·데이터센터 거액투자","최근에는 AI 속도조절론으로 주가가 떨어진 브로드컴, 텍사스 인스트루먼트, 크레도 테크놀로지... 주목받는 원자력발전소 개발사와 합병하며 사업을 확장했다. 그간 트럼프 대통령은 중국과의 AI 경쟁에서 우위를... ",https://www.mk.co.kr/article/12158198,https://n.news.naver.com/mnews/article/024/0000108368?sid=101,"Mon, 21 Sep 2026 14:30:00 +0900",2026-09-22 10:30:29
원자력,원자력 주가,"트럼프 일가, AI 속도조절론 틈타 거액투자…반도체·데이터센터 베팅",인공지능(AI) 개발 속도를 늦춰야 한다는 주장이 확산하며 관련 기업 주가가 흔들린 사이 도널드 트럼프... 트루스소셜 모회사 트럼프미디어앤드테크놀로지그룹(TMTG)은 원자력발전 관련 기업과 합병을 추진하며... ,https://www.ddaily.co.kr/page/view/2026092112174046204,https://n.news.naver.com/mnews/article/138/0002242201?sid=105,"Mon, 21 Sep 2026 13:40:00 +0900",2026-09-22 10:30:29
원자력,원자력 주가,"사촌 부진 뚫고 나홀로 질주…이태성의 세아홀딩스, '특수강 대도약'","세아윈드는 1분기 388억원의 순손실을 기록했고, 세아제강지주가 1조3283억원에 달하는 장기차입금... 세아베스틸은 지난해 5월 한국수력원자력에 350억원 규모의 'KN-18 사용후핵연료 운반 용기(CASK)' 초도 납품을... ",https://www.financialpost.co.kr/news/articleView.html?idxno=276727,https://www.financialpost.co.kr/news/articleView.html?idxno=276727,"Mon, 21 Sep 2026 12:14:00 +0900",2026-09-22 10:30:29
원자력,원자력 주가,"&quot;AI 속도조절 없다&quot; 외친 트럼프, 가족은 AI 관련 싹쓸이 투자","공개된 거래 내역 3만여 건 중에는 델, 마이크론, GE 버노바 등 AI 관련주가 대거 포함됐다. 최근 AI... 트럼프의 SNS 트루스소셜 모회사 또한 데이터센터 전력 난의 대안으로 떠오른 원자력발전소 개발사와 합병했다.... ",https://www.nocutnews.co.kr/news/6581170?utm_source=naver&utm_medium=article&utm_campaign=20260921104719,https://n.news.naver.com/mnews/article/079/0004191477?sid=104,"Mon, 21 Sep 2026 10:48:00 +0900",2026-09-22 10:30:29
원자력,원자력 주가,[뉴욕 브리핑] 국채금리 상승에도 반도체주 강세…나스닥 0.4% 상승,"주목받는 원자력발전소 개발 회사와 합병하는 등 가족 관련 기업들도 AI 관련 거래에 나서고 있다. ◇오늘의 특징주 -엔비디아가 1.34% 오른 가운데 브로드컴(2.97%)과 AMD(2.70%), 마이크론(3.92%) 등 반도체주가 상승세를... ",https://news.dealsitetv.com/articles/176194,https://news.dealsitetv.com/articles/176194,"Mon, 21 Sep 2026 10:02:00 +0900",2026-09-22 10:30:29
원자력,원자력 주가,"&quot;코스피, 추가 하락은 없다&quot; 9월부터 상승장 전망한 전문가","또 지난주 금요일 밤에 샌디스크라는 회사의 주가가 11% 정도 크게 올랐습니다. ◆ 조태현 : 메모리 만드는... 예를 들자면 반도체, 원자력, 전력기기, 2차전지, 방산 등 여러 개 샀었거든요. 그런데 9월부터는 사들이는... ",https://www.ytn.co.kr/_ln/0102_202609210914371425,https://n.news.naver.com/mnews/article/052/0002409700?sid=101,"Mon, 21 Sep 2026 09:14:00 +0900",2026-09-22 10:30:29
원자력,원자력 주가,"트럼프, AI 속도조절론 와중에 '줍줍'...이해충돌 '논란'",최근 AI 속도조절론이 업계에서 불거지자 주가가 하락한 기업들의 주식까지 사들였다. 컴퓨터칩 제조업체인... 트럼프 대통령이 즐겨 쓰는 소셜미디어 트루스소셜의 모회사 '트럼프 미디어 앤드 테크놀로지'는 원자력발... ,http://www.wowtv.co.kr/NewsCenter/News/Read?articleId=A202609210035&t=NN,https://n.news.naver.com/mnews/article/215/0001266634?sid=104,"Mon, 21 Sep 2026 08:19:00 +0900",2026-09-22 10:30:29
원자력,원자력 주가,[박정식의 국내 주식시황] 반도체 훈풍에 외국인도 돌아왔다…코스피 7...,"관련주가 강세를 보였다. 국내증시에서도 외국인이 7거래일 만에 순매수로 돌아선 만큼 반도체 수급이... ▷ 원전 관련 대미 투자 기대감이 이어지며 원자력발전, 건설 대표주 테마가 상승했다. ▷ 4분기 글로벌 최대... ",https://www.newsquest.co.kr/news/articleView.html?idxno=301303,https://www.newsquest.co.kr/news/articleView.html?idxno=301303,"Mon, 21 Sep 2026 08:06:00 +0900",2026-09-22 10:30:29
원자력,원자력 주가,"트럼프 父子, 반도체·데이터센터 거액투자","최근에는 AI 속도조절론으로 주가가 하락한 기업들의 주식을 사들였다. 컴퓨터칩 제조업체인 브로드컴과... 테크놀로지'는 원자력발전소 개발 회사와 합병했는데, 원전은 대체로 데이터센터의 급속한 확장에 따른 전력... ",https://biz.sbs.co.kr/article_hub/20000335800?division=NAVER,https://n.news.naver.com/mnews/article/374/0000533988?sid=101,"Mon, 21 Sep 2026 07:55:00 +0900",2026-09-22 10:30:29
원자력,원자력 주가,"AI 속도조절에 강력 반대한 트럼프 父子, 반도체·데이터센터에 거액투...","최근에는 AI 속도조절론으로 주가가 하락한 기업들의 주식을 사들였다. 컴퓨터칩 제조업체인 브로드컴과... 테크놀로지’는 원자력발전소 개발 회사와 합병했는데, 원전은 대체로 데이터센터의 급속한 확장에 따른 전력... ",https://www.dt.co.kr/article/12085035?ref=naver,https://n.news.naver.com/mnews/article/029/0003049086?sid=104,"Mon, 21 Sep 2026 07:55:00 +0900",2026-09-22 10:30:29
원자력,원자력 주가,AI 속도전 강조한 트럼프…가족은 관련 산업에 거액 투자,"최근에는 AI 속도조절론으로 주가가 하락한 기업들의 주식을 사들였다. 컴퓨터칩 제조업체인 브로드컴과... 테크놀로지'는 원자력발전소 개발 회사와 합병했는데, 원전은 대체로 데이터센터의 급속한 확장에 따른 전력... ",https://www.jnilbo.com/news/articleView.html?idxno=90000067375,https://www.jnilbo.com/news/articleView.html?idxno=90000067375,"Mon, 21 Sep 2026 07:53:00 +0900",2026-09-22 10:30:29
원자력,원자력 주가,"트럼프 가문, AI 투자로 논란의 중심에 서다 - 이해충돌 우려 제기",그는 최근 AI 기술의 발전 속도를 조절해야 한다는 목소리가 커지면서 주가가 하락한 기업들의 주식을... 최근 원자력발전소 개발 회사와 합병했다. 이는 데이터센터의 전력 수요를 충족시키기 위한 움직임으로 평가받고... ,https://www.gokorea.kr/news/articleView.html?idxno=879183,https://www.gokorea.kr/news/articleView.html?idxno=879183,"Mon, 21 Sep 2026 07:30:00 +0900",2026-09-22 10:30:29
원자력,원전 산업,AI·반도체가 다시 불러낸 원전…3개월 국민 공론화,인공지능(AI) 데이터센터와 반도체 산업의 급성장이 원전을 다시 에너지 정책의 중심 무대로 불러내고 있다. 정부가 급증하는 전력 수요와 탄소중립을 동시에 감당할 전원으로 원전의 역할을 다시 따져보기로 했다. 향후... ,https://www.dt.co.kr/article/12085348?ref=naver,https://n.news.naver.com/mnews/article/029/0003049395?sid=102,"Tue, 22 Sep 2026 10:28:00 +0900",2026-09-22 10:30:30
원자력,원전 산업,"삼성물산, 美 차세대 SMR 진출…7000만달러 투자","삼성물산(028260) 건설부문이 미국 차세대 소형모듈원전(SMR) 시장에 진출한다. 미국 원전 개발기업... 생산된 열은 발전뿐 아니라 산업용 열 공급과 수소 생산 등에 활용할 수 있다. 삼성물산은 그동안 뉴스케일, GVH... ",https://www.edaily.co.kr/News/Read?newsId=03158646645582744&mediaCodeNo=257&utm_source=naver&utm_medium=referral&utm_campaign=news_syndication&utm_content=original_article,https://n.news.naver.com/mnews/article/018/0006374197?sid=101,"Tue, 22 Sep 2026 10:28:00 +0900",2026-09-22 10:30:30
원자력,원전 산업,삼성물산 차세대 원전 사업 확대…미국 SMR 실증로 참여,"삼성물산이 미국 차세대 소형모듈원전(SMR) 기업 카이로스 파워와 손잡고 비경수로형 원전 시장에 진출한다.... 아니라 산업용 열 공급과 수소 생산 등에도 활용할 수 있다는 설명이다. 삼성물산은 그동안 뉴스케일, GE... ",https://www.kizmom.com/news/articleView.html?idxno=112883,https://www.kizmom.com/news/articleView.html?idxno=112883,"Tue, 22 Sep 2026 10:27:00 +0900",2026-09-22 10:30:30
원자력,원전 산업,김정관 &quot;대미투자 결정 1건·추진계획 2건&quot;…1호 프로젝트 곧 윤곽,"1호 프로젝트인 ‘텍사스 엔시날 가스복합발전소’ 추진을 결정짓고, 원전 건설 등에 대해서는 지속적으로 상업적 합리성을 결정하려는 것으로 보인다. 김정관 산업통상부 장관은 22일 국회... ",https://www.edaily.co.kr/News/Read?newsId=03152086645582744&mediaCodeNo=257&utm_source=naver&utm_medium=referral&utm_campaign=news_syndication&utm_content=original_article,https://n.news.naver.com/mnews/article/018/0006374195?sid=100,"Tue, 22 Sep 2026 10:26:00 +0900",2026-09-22 10:30:30
원자력,원전 산업,[속보] 김정관 산업부 장관 “대미 투자 1건 결정... 2건은 추진 예정”,"김정관 산업통상부 장관은 22일 국회 산업통상자원중소벤처기업위원회 전체회의에서 “정부가 추진하려는... 생산하는 복합화력발전소를 짓는 사업이다. 또 원전 8기 건설, 알래스카 LNG 사업도 후보군으로 거론되고 있다.",https://biz.chosun.com/policy/policy_sub/2026/09/22/L3F3FZI3E5CETNB6SUIZBQRXVM/?utm_source=naver&utm_medium=original&utm_campaign=biz,https://n.news.naver.com/mnews/article/366/0001193881?sid=101,"Tue, 22 Sep 2026 10:25:00 +0900",2026-09-22 10:30:30
원자력,원전 산업,"삼성물산, 미국으로 차세대 SMR 사업 길 넓힌다","삼성물산은 글로벌 대형 원전과 발전 플랜트 EPC 수행 경험을 토대로 미국의 뉴스케일, GVH(GE Vernova Hitachi)와... 아니라 산업용 열 공급∙수소 생산 등 다양한 에너지 수요에도 활용할 수 있을 것으로 기대하고 있다.... ",https://www.public25.com/news/articleView.html?idxno=55192,https://www.public25.com/news/articleView.html?idxno=55192,"Tue, 22 Sep 2026 10:22:00 +0900",2026-09-22 10:30:30
원자력,원전 산업,"삼성물산, 미국 카이로스 파워에 7000만달러 투자… 차세대 SMR 사업 본격...",카이로스 파워 SMR(헤르메스 실증로) 조감도/ 삼성물산 제공 삼성물산이 미국 차세대 원전 기술기업... 생산과 산업용 열 공급 등으로 활용 범위를 넓힐 수 있다는 특징이 있다. 삼성물산은 카이로스 파워가 미국... ,https://www.koreaittimes.com/news/articleView.html?idxno=157408,https://www.koreaittimes.com/news/articleView.html?idxno=157408,"Tue, 22 Sep 2026 10:20:00 +0900",2026-09-22 10:30:30
원자력,원전 산업,"삼성물산, 美 카이로스 파워와 SMR 협력","삼성물산이 미국 차세대 SMR(소형모듈원전) 개발사인 카이로스 파워(Kairos Power)와 사업 실증 및 상용화를... 기존 경수로 대비 저압 운전이 가능해 안전성과 효율성이 높으며, 발생한 고온의 열을 전력 생산 외에 산업용... ",https://www.cnbnews.com/news/articleView.html?idxno=1016871,https://www.cnbnews.com/news/articleView.html?idxno=1016871,"Tue, 22 Sep 2026 10:20:00 +0900",2026-09-22 10:30:30
원자력,원전 산업,"삼성물산, 美 카이로스파워와 맞손...차세대 SMR 본격 공략","삼성물산 건설부문이 유럽 중심 경수로형 소형모듈원전(SMR) 사업에 이어 미국 차세대 원전 기술 기업과... 아니라 산업용 열 공급, 수소 생산 등 다양한 영역에 활용할 수 있다는 장점이 있다. 삼성물산은 그동안... ",http://www.popcornnews.net/news/articleView.html?idxno=133820,http://www.popcornnews.net/news/articleView.html?idxno=133820,"Tue, 22 Sep 2026 10:18:00 +0900",2026-09-22 10:30:30
원자력,원전 산업,"한미, 웨스팅하우스 지분투자 이견…한국 20% 요구·미국 7%대 제시",미국 원전기업 웨스팅하우스 지분 투자를 놓고 한국과 미국이 이견을 좁히지 못하면서 대미 투자 협상의... 산업통상자원부는 이날 국회에 미국 텍사스주 가스화력발전소 건설 사업을 대미 투자 1호 프로젝트 후보로... ,https://www.kado.net/news/articleView.html?idxno=2074345,https://n.news.naver.com/mnews/article/654/0000202013?sid=104,"Tue, 22 Sep 2026 10:18:00 +0900",2026-09-22 10:30:30
원자력,원전 산업,한 총리 “총리실 경찰개혁위·추진단 총리실 신설”,정부는 이날 국무회의에서 원전 공론화 추진 계획도 논의했습니다. 한 총리는 &quot;AI 확산과 첨단산업 육성에 따른 전력 수요 급증으로 에너지 확보는 우리 산업 경쟁력의 가늠자가 되고 있다&quot;고 진단했습니다. 그러면서... ,http://www.yonhapnewstv.co.kr/news/AKR20260922101604Wd6,https://n.news.naver.com/mnews/article/422/0000908592?sid=100,"Tue, 22 Sep 2026 10:17:00 +0900",2026-09-22 10:30:30
원자력,원전 산업,김정관 “대미프로젝트 결정 1건·추진계획 2건 국회 보고”,김정관 산업통상부 장관은 22일 국회 산업통상자원중소벤처기업위원회 전체회의에서 “산업부 장관이... 현재 유력한 후보로는 미국 텍사스주 엔시날 가스복합화력발전소 건설과 대형 원전 건설 사업 등이 거론된다.,https://www.chosun.com/politics/assembly/2026/09/22/452QTKFMGBC2TC6T6MLH2Q3Y4U/?utm_source=naver&utm_medium=referral&utm_campaign=naver-news,https://n.news.naver.com/mnews/article/023/0003999838?sid=100,"Tue, 22 Sep 2026 10:15:00 +0900",2026-09-22 10:30:30
원자력,원전 산업,"정부, 오늘 대미투자 국회 보고…1호 프로젝트 윤곽 나오나",▲ 김정관 산업통상부 장관 정부가 오늘(22일) 대미 투자 협상 내용을 국회에 비공개로 보고합니다. 국회... 후속 사업으로는 미국 내 대형 원전 8기 건설과 알래스카 액화천연가스(LNG) 개발 사업 등이 거론됩니다. 한미... ,https://news.sbs.co.kr/news/endPage.do?news_id=N1008765354&plink=ORI&cooper=NAVER,https://n.news.naver.com/mnews/article/055/0001390273?sid=101,"Tue, 22 Sep 2026 10:14:00 +0900",2026-09-22 10:30:30
원자력,원전 산업,"삼성물산, 미국 카이로스파워와 ‘차세대 SMR’ 상용화 업무협약","낮은 압력에서도 고온 운전이 가능해 전력 생산뿐 아니라 산업용 열 공급과 수소 생산 등으로 활용... 양사는 미국뿐 아니라 한국과 동남아시아, 유럽 등 글로벌 원전시장에서 사업 기회를 공동 발굴하기로 했다.... ",https://www.viva100.com/article/20260922500437,https://www.viva100.com/article/20260922500437,"Tue, 22 Sep 2026 10:12:00 +0900",2026-09-22 10:30:30
원자력,원전 산업,"로이터 “한미, 웨스팅하우스 지분투자 문제 합의 도달 못해”",한국은 체코 원전 수주 당시 맺은 불리한 계약 조건을 개선하고 향후 해외 원전 수주 경쟁력을 확보하기 위해 지분 20% 안팎과 이사회 참여 등 실질적 의결권을 요구해 왔습니다. 또 산업통상자원부는 이날 국회에 텍사스... ,https://news.kbs.co.kr/news/pc/view/view.do?ncd=8669370&ref=A,https://n.news.naver.com/mnews/article/056/0012261635?sid=104,"Tue, 22 Sep 2026 10:11:00 +0900",2026-09-22 10:30:30
원자력,원전 산업,"삼성물산, 미국 카이로스파워와 차세대 SMR사업 협력…상용로 EPC 우선권...",업다운뉴스=유영훈 기자 / 삼성물산이 유럽의 경수로형 소형모듈원전(SMR) 사업에 이어 미국의 비경수로형... 삼성물산은 이러한 기술을 향후 전력 생산뿐 아니라 산업용 열 공급과 수소 생산 등에 활용할 수 있을... ,https://www.updownnews.co.kr/news/articleView.html?idxno=318881,https://www.updownnews.co.kr/news/articleView.html?idxno=318881,"Tue, 22 Sep 2026 10:10:00 +0900",2026-09-22 10:30:30
원자력,SMR 시장,"&quot;물 대신 용융염·소듐 활용&quot; 삼성물산, 美카이로스파워와 차세대 SMR사...",이 사업부장(부사장)은 22일 &quot;이번 협약은 차세대 원전 시장을 선도하기 위한 중요한 이정표가 될 것&quot;이라며 &quot;카이로스 파워와의 긴밀한 협력을 통해 SMR 실증 사업의 성공적인 수행은 물론 글로벌 상용화 시장에서... ,https://www.catchnews.kr/news/articleView.html?idxno=128724,https://www.catchnews.kr/news/articleView.html?idxno=128724,"Tue, 22 Sep 2026 10:23:00 +0900",2026-09-22 10:30:31
원자력,SMR 시장,한미일 외교장관 &quot;북한 완전한 비핵화&quot; 재확인…대화 복귀 촉구,경제안보 분야에서는 자의적인 수출 제한을 비롯해 과잉생산과 시장 왜곡을 초래하는 경제적 강압 및 비시장... 제3국 내 소형모듈원자로(SMR) 배치를 가속화하기 위한 3국 협력각서 이행 계획도 추진하기로 했다. 인공지능... ,https://www.jeonmae.co.kr/news/articleView.html?idxno=1295770,https://www.jeonmae.co.kr/news/articleView.html?idxno=1295770,"Tue, 22 Sep 2026 10:18:00 +0900",2026-09-22 10:30:31
원자력,SMR 시장,한미일 &quot;北 대화 복귀 촉구…대만해협 평화 유지 중요&quot;(종합2보),"과잉생산과 시장 왜곡을 초래하는 경제적 강압 및 비시장 정책·관행에 단호히 반대하면서, 자유롭고 투명한... 또 제3국 내 소형모듈원자로(SMR) 배치를 가속화하기 위해 지난 7월 7일 채택한 3국 간 협력각서(MOC) 이행... ",https://www.konas.net/article/article.asp?idx=64657,https://www.konas.net/article/article.asp?idx=64657,"Tue, 22 Sep 2026 10:18:00 +0900",2026-09-22 10:30:31
원자력,SMR 시장,"삼성물산, 美 카이로스 파워와 협력…차세대 SMR 사업 선도",삼성물산 건설부문(이하 삼성물산)이 차세대 소형모듈원자로(SMR) 시장 공략에 속도를 낸다. 삼성물산은 오는 23일 미국 SMR 개발 기업 카이로스 파워와 차세대 SMR 사업의 실증과 상용화를 위한 전략적 업무협약을... ,https://biz.heraldcorp.com/article/10881711?ref=naver,https://n.news.naver.com/mnews/article/016/0002700723?sid=101,"Tue, 22 Sep 2026 10:15:00 +0900",2026-09-22 10:30:31
원자력,SMR 시장,[건설업계 동향] 삼성물산ㆍ현대건설ㆍGS건설 (9.22),"■ 삼성물산, 美 카이로스와 차세대 SMR 협력···7000만달러 투자 추진 - 비경수로 'KP-FHR' 실증·상용화 협력... 현대건설은 호주의 인구 유입과 주택 공급 부족에 따른 임대 수요를 바탕으로 해외 선진시장에서... ",http://www.weeklytoday.com/news/articleView.html?idxno=795535,http://www.weeklytoday.com/news/articleView.html?idxno=795535,"Tue, 22 Sep 2026 10:14:00 +0900",2026-09-22 10:30:31
원자력,SMR 시장,"삼성물산, 미국 차세대 SMR 사업 협력 확대",시장을 선도하기 위한 중요한 이정표가 될 것&quot;이라며 &quot;카이로스 파워와의 긴밀한 협력을 통해 SMR 실증 사업의 성공적인 수행은 물론 글로벌 상용화 시장에서도 다양한 사업 기회를 창출해 나갈 계획&quot;이라고 말했다.,https://www.pinpointnews.co.kr/news/articleView.html?idxno=489463,https://www.pinpointnews.co.kr/news/articleView.html?idxno=489463,"Tue, 22 Sep 2026 10:10:00 +0900",2026-09-22 10:30:31
원자력,SMR 시장,&quot;북한 완전 비핵화&quot; 목표 재확인한 한미일…경제협력도 확대,장관들은 지난 7월 7일 회담에서 체결한 소형모듈원자로(SMR) 관련 협력각서(MOC)의 구체적인 협력 방향을 이번... 중국 견제라는 미국의 글로벌 전략과 동북아 역내 안정 유지 목표의 틀에서 중국·러시아의 역내 원전 시장... ,https://www.yna.co.kr/view/AKR20260922056300504?input=1195m,https://n.news.naver.com/mnews/article/001/0016328717?sid=100,"Tue, 22 Sep 2026 10:10:00 +0900",2026-09-22 10:30:31
원자력,SMR 시장,"대우건설, 베트남·인니 에너지시장 공략…원전·SMR·LNG 전방위 확대",베트남 장관·하노이 시장 연쇄 면담…신규 원전·LNG 사업 모색 인도네시아에 SMR·LNG·AI 데이터센터 결합 '올인원' 제안 글로벌인프라본부 신설…해외 에너지·인프라 신성장축 확대 [아시아타임즈=옥한빈 기자]... ,https://www.asiatime.co.kr/article/20260922500072,https://www.asiatime.co.kr/article/20260922500072,"Tue, 22 Sep 2026 10:10:00 +0900",2026-09-22 10:30:31
원자력,SMR 시장,"삼성물산, 미국 카이로스 파워와 차세대 SMR 사업 협력","통해 SMR 실증 사업을 성공적으로 수행하고 글로벌 상용화 시장에서도 다양한 사업 기회를 창출해 나가겠다&quot;고 밝혔다. 삼성물산은 이번 협약을 계기로 다양한 SMR 기술 기업과 협력 포트폴리오를 구축하고, 향후... ",https://www.delighti.co.kr/news/articleView.html?idxno=122276,https://www.delighti.co.kr/news/articleView.html?idxno=122276,"Tue, 22 Sep 2026 10:06:00 +0900",2026-09-22 10:30:31
방산/우주항공,방산 주가,필리조선소 떼낸 한화시스템…美 조선·방산 '에어로 축'으로 재편,"시스템, 적자 부담 덜고 방산 본업 집중 에어로, 美 해양방산 거점 확대 한화시스템 국문 로고[출처... 한화시스템은 지난 4월 한화오션 지분을 활용한 주가수익스왑(PRS) 계약으로 1조7천억원의 유동성을 확보한 데 이어... ",https://news.einfomax.co.kr/news/articleView.html?idxno=4436048,https://news.einfomax.co.kr/news/articleView.html?idxno=4436048,"Tue, 22 Sep 2026 09:44:00 +0900",2026-09-22 10:30:31
방산/우주항공,방산 주가,삼성중공업 2만원대서 소폭 상승…AI 논쟁 속 조선주로 시선 이동하나,조선·방산·전력 등 실적과 수주를 기반으로 하는 산업군으로 분산되는지도 관전 포인트다. 다만 AI 논쟁이 삼성중공업 주가 상승의 직접적인 원인이라고 단정하기는 어렵다. 삼성중공업의 향후 주가 방향은... ,https://www.cbci.co.kr/news/articleView.html?idxno=608926,https://www.cbci.co.kr/news/articleView.html?idxno=608926,"Tue, 22 Sep 2026 09:30:00 +0900",2026-09-22 10:30:31
방산/우주항공,방산 주가,한화오션 0.61% 상승…미국 증시 훈풍 속 조선주 흐름 주목,한화오션이 미국 증시의 훈풍과 조선업을 둘러싼 수주·방산·상선 사업 변수 속에서 장중 상승 폭을 확대할 수 있을지 주목된다. [주가는 장중 변동될 수 있다. 특정 종목에 대한 투자 권유가 아니며 투자에... ,https://www.cbci.co.kr/news/articleView.html?idxno=608927,https://www.cbci.co.kr/news/articleView.html?idxno=608927,"Tue, 22 Sep 2026 09:30:00 +0900",2026-09-22 10:30:31
방산/우주항공,방산 주가,"유럽증시, 국제유가 하락 등 영향 일제히 올라⋯독일 1.04%-양국 0.75% 상...","주요 섹터 중에서 은행주와 반도체 등 기술주가 큰 폭으로 상승했다. 반면 국제유가 하락에 에너지주는... 영국 엔진제조업체 롤스로이스는 3.8%, 영국 방산대기업 BAE시스템즈는 1.2% 올랐다. 구리가격 상승에... ",http://www.econonews.co.kr/news/articleView.html?idxno=444686,http://www.econonews.co.kr/news/articleView.html?idxno=444686,"Tue, 22 Sep 2026 07:20:00 +0900",2026-09-22 10:30:31
방산/우주항공,방산 주가,"[Invest]포스코·현대제철, DC·반도체 증설 특수 기대…본업 부진 메우...",하반기 주가가 뛸 가능성은 았지만 사실 실적을 유의미하게 바꿀 정도의 시장은 아니다&quot;고 말했다.결국... 현대제철은 방산용 열처리 후판과 소형모듈원자로(SMR)용 강재 등으로 제품군을 넓히고 있다. 세아그룹은 원전과... ,https://www.investchosun.com/site/data/html_dir/2026/09/21/2026092180129.html,https://www.investchosun.com/site/data/html_dir/2026/09/21/2026092180129.html,"Tue, 22 Sep 2026 07:02:00 +0900",2026-09-22 10:30:31
방산/우주항공,방산 주가,[Invest]&quot;고액자산가 60%는 기업에&quot;…'법인 개척'으로 WM-IB 선순환 추구,"내수 부진과 업황 둔화에 직면한 화학·철강 등 전통 제조업보다 반도체·AI, 방산, 조선, 자동차 등 수출과... 이 대표는 증시 변동성에 대응할 대안 중 하나로 대형주를 활용한 주가연계증권(ELS)을 꼽았다. 지난 8월 급락... ",https://www.investchosun.com/site/data/html_dir/2026/09/21/2026092180117.html,https://www.investchosun.com/site/data/html_dir/2026/09/21/2026092180117.html,"Tue, 22 Sep 2026 07:02:00 +0900",2026-09-22 10:30:31
방산/우주항공,방산 주가,"“코스피, 세계에서 가장 뜨겁지만…급심한 변동성에 국가 이미지 타격...","그는 한국이 메모리 반도체 외에도 방산 시스템, 화장품, K-드라마, K-팝을 자랑하고 있다며 “극심한 주가 흔들림만 아니었다면 한국은 훌륭한 기업들을 매수하기 매우 매력적인 시장이었을 것”이라고 관측했다. 다만... ",https://www.munhwa.com/article/11618734?ref=naver,https://n.news.naver.com/mnews/article/021/0002820464?sid=101,"Tue, 22 Sep 2026 06:42:00 +0900",2026-09-22 10:30:31
방산/우주항공,방산 주가,&quot;싸다고 샀다가 물린다&quot;…고금리 시대 '저PER 함정' 경고,고금리가 장기화하면서 주가수익비율(PER)이 낮다는 이유만으로 주식을 '싸다'고 판단하기 어려워졌다는... 방산 역시 현금흐름 개선으로 신용위험 부담이 상대적으로 제한적이라는 평가를 받았다. 반대로 자체... ,https://www.ebn.co.kr/news/articleView.html?idxno=1725122,https://www.ebn.co.kr/news/articleView.html?idxno=1725122,"Tue, 22 Sep 2026 06:02:00 +0900",2026-09-22 10:30:31
방산/우주항공,방산 주가,한화시스템에 무슨 일이…'반토막' 주가도 살아날까 [B급기자의 B급리포...,"발목을 잡던 자회사 적자 부담을 덜어내 본업의 수익성을 정상화하고, 확보한 대규모 실탄을 우주방산 신사업에 쏟아붓겠다는 구상이다. 고점 대비 절반 수준으로 추락한 주가도 반등의 계기를 마련할 수 있을지... ",http://www.wowtv.co.kr/NewsCenter/News/Read?articleId=A202609210213&t=NN,https://n.news.naver.com/mnews/article/215/0001266781?sid=101,"Tue, 22 Sep 2026 06:00:00 +0900",2026-09-22 10:30:31
방산/우주항공,방산 주가,"&quot;추석 앞두고 내 주식 팔고 떠날까, 버틸까&quot;...증권가가 '이 주식'은 쥐...","인해 주가가 하락하는 이른바 '추석 효과'를 우려하지만, 실제 과거 통계는 다른 양상을 보인다. 최근 5년간... 이어 &quot;AI 모멘텀과 수출 호조를 보이는 반도체를 비롯해 최근 코스피 대비 강세를 보인 방산, 화장품 등... ",https://www.fnnews.com/news/202609211646264641,https://n.news.naver.com/mnews/article/014/0005579309?sid=101,"Tue, 22 Sep 2026 04:50:00 +0900",2026-09-22 10:30:31
방산/우주항공,방산 주가,[클로즈업] &quot;AI 병목 해결 산업에 자금 쏠린다&quot;…코스피 7000시대 주도할...,글로벌 전력망 개체 수요와 맞물려 변압기 및 전력 케이블 관련 기업들의 수주 잔고가 실적으로 가시화되면서 주가 상방 동력이 뚜렷해지고 있다는 평가다. 글로벌 안보 불안과 공급망 재편의 수혜를 입고 있는 방산 및... ,https://www.thefairnews.co.kr/news/articleView.html?idxno=88752,https://www.thefairnews.co.kr/news/articleView.html?idxno=88752,"Tue, 22 Sep 2026 00:00:00 +0900",2026-09-22 10:30:31
방산/우주항공,방산 주가,AI주 올라도 지금 맞서면 안되는 3가지 [박신영의 개장전 요것만],"1.댄 나일스 “역풍 거스르지 말라” 주요 AI 기업 경영진의 경고성 발언으로 한때 급락했던 AI 관련주가 21일... 중국 모델은 데이터 통제권과 비용 측면에서 장점이 있지만, 미국과 유럽의 정부기관·금융회사·방산기업... ",https://www.hankyung.com/article/202609219323i,https://n.news.naver.com/mnews/article/015/0005334902?sid=104,"Mon, 21 Sep 2026 23:42:00 +0900",2026-09-22 10:30:31
방산/우주항공,방산 주가,"코스피 변동성, 투자자 피해 넘어 국가 이미지 문제로…&quot;브랜드 코리아...","그는 한국이 메모리 반도체뿐 아니라 방산과 화장품, K-드라마, K-팝 등 세계적인 경쟁력을 갖춘 산업과 기업을 보유하고 있다고 평가했다. 다만 극심한 주가 변동이 없었다면 글로벌 투자자에게 더욱 매력적인 시장이... ",http://www.newsian.co.kr/news/articleView.html?idxno=95783,http://www.newsian.co.kr/news/articleView.html?idxno=95783,"Mon, 21 Sep 2026 21:22:00 +0900",2026-09-22 10:30:31
방산/우주항공,방산 주가,주가 쉬어도 수주 쌓인다...K방산 업사이클 지속,"수주잔고 연간 매출의 3~7배 재구매로 ‘일회성 수출’ 탈피 IBK證, 한화에어로·LIG디펜스 주목 방산주가 숨 고르기에 들어갔다. 한화에어로스페이스, 한화오션, LIG디펜스앤에어로스페이스, 현대로템 등으로 구성된... ",https://www.mk.co.kr/article/12156168,https://n.news.naver.com/mnews/article/024/0000108390?sid=101,"Mon, 21 Sep 2026 21:01:00 +0900",2026-09-22 10:30:31
방산/우주항공,방산 주가,"美, 그린란드에 대규모 군사력 구축… 자원개발株 154% 폭등","미국과 덴마크가 북극권 그린란드의 안보 강화를 위한 협정에 합의하면서 그린란드 자원개발 관련주가... 희토류는 첨단 반도체와 전기차, 방산 장비 등에 폭넓게 사용되는 핵심 전략광물이다. 미국이 그린란드에서... ",https://www.newspim.com/news/view/20260921001233,https://www.newspim.com/news/view/20260921001233,"Mon, 21 Sep 2026 20:20:00 +0900",2026-09-22 10:30:31
방산/우주항공,방산 주가,"[공시]핀텔, 시가총액 미달 상장폐지 위기",본업과 재무 건전성 회복이 시급한 국면에서 방산 및 보안 분야로의 영토 확장 시도는 이어지고 있다. 최근... 해병대 AI 경계관제 실증 착수가 정보보안 테마와 맞물려 주가 흐름에 긍정적인 영향을 미치며 일부... ,http://www.hansbiz.co.kr/news/articleView.html?idxno=867288,http://www.hansbiz.co.kr/news/articleView.html?idxno=867288,"Mon, 21 Sep 2026 19:54:00 +0900",2026-09-22 10:30:31
방산/우주항공,방산 주가,"[亞증시-종합] 中·홍콩·臺, 기술주 매수에 상승…日 연휴","연합인포맥스 세계주가지수(화면번호 6511)에 따르면 상하이종합지수는 전장 대비 38.04포인트(0.97%) 오른 3... 업종별로는 부동산 부문이 4.6% 급등했고, 방산 업종은 1.7% 상승했다. 헬스케어 업종은 3% 넘게 올랐다.... ",https://news.einfomax.co.kr/news/articleView.html?idxno=4435973,https://news.einfomax.co.kr/news/articleView.html?idxno=4435973,"Mon, 21 Sep 2026 19:24:00 +0900",2026-09-22 10:30:31
방산/우주항공,우주항공 산업,"경상국립대 교수회·총동문회, '서울대 10개 만들기' 재검토 촉구","부산·울산·경남을 아우르는 약 750만 명 규모의 동남권 인구권과 경남의 우주항공·방산 등 국가 전략산업의 성장 가능성을 감안할 때, 지역 인재를 양성하고 연구개발을 지원하는 거점대학의 역할이 더욱 중요하다는... ",https://daily.hankooki.com/news/articleView.html?idxno=1408801,https://daily.hankooki.com/news/articleView.html?idxno=1408801,"Tue, 22 Sep 2026 10:26:00 +0900",2026-09-22 10:30:32
방산/우주항공,우주항공 산업,빨라지는 우주위험 대응···기본계획 주기 10년에서 5년으로 단축,"투데이코리아=김지훈 기자 | 민간 기업의 우주산업 참여가 확대되는 가운데 정부가 급변하는 우주환경에... 22일 업계에 따르면, 우주항공청은 최근 우주위험대비 기본계획 수립 주기를 10년에서 5년으로 단축하는 내용을... ",https://www.todaykorea.co.kr/news/articleView.html?idxno=406100,https://www.todaykorea.co.kr/news/articleView.html?idxno=406100,"Tue, 22 Sep 2026 10:08:00 +0900",2026-09-22 10:30:32
방산/우주항공,우주항공 산업,"KTL, 시험인증기관 전문성 살려 지역 발전 견인","우주항공 등 지역 특화산업의 시험평가 인프라를 확충하고 지역 중소벤처기업의 기술 고도화를 지원하는 한편, 지역인재 채용과 지역 물품·서비스 구매, 문화·사회공헌 활동 등을 통해 지역사회와의 접점을 지속적으로... ",https://www.hankyung.com/article/202609220081h,https://n.news.naver.com/mnews/article/015/0005335030?sid=101,"Tue, 22 Sep 2026 09:46:00 +0900",2026-09-22 10:30:32
방산/우주항공,우주항공 산업,"산청군, 농어촌 기본소득 시범사업 군민 공감대 확산","금서면에서는 금서·금서제2·항노화산단과 KAI 산청공장을 기반으로 한 산업 활성화와 주거환경 개선 방안이 논의됐다. 우주항공복합도시 배후산단 조성, 공공한약재 GMP 시설 건립, 다목적 농촌용수 개발, 반다비... ",https://www.kukinews.com/article/view/kuk202609220015,https://www.kukinews.com/article/view/kuk202609220015,"Tue, 22 Sep 2026 09:08:00 +0900",2026-09-22 10:30:32
방산/우주항공,우주항공 산업,"경남도, ‘2026년 한국형 퀵스타트 프로그램’ 사업 착수","이번 사업은 경남지역산업진흥원이 주관하고 사천 소재 ㈜에어로코텍과 ㈜캠프가 공동으로 참여해 선정됐다. ㈜에어로코텍은 항공기용 부품 표면처리 전문기업으로 증설투자기업이며, ㈜캠프는 우주·항공·방산... ",https://www.viva100.com/article/20260922500050,https://www.viva100.com/article/20260922500050,"Tue, 22 Sep 2026 08:40:00 +0900",2026-09-22 10:30:32
방산/우주항공,우주항공 산업,"경남도, 투자유치 활성화를 위한 도-시·군 협업 간담회’ 개최","특히 우주항공, 조선, 로봇, 방산, 에너지, 관광 등 경남 주력산업과 차세대 첨단산업 분야의 전략기업 유치가 이어지면서 지역경제 활성화와 양질의 일자리 창출에도 긍정적인 효과가 나타나고 있다. 도는 이러한... ",https://www.viva100.com/article/20260922500038,https://www.viva100.com/article/20260922500038,"Tue, 22 Sep 2026 08:38:00 +0900",2026-09-22 10:30:32
방산/우주항공,우주항공 산업,"[부산ㆍ경남 대학 브리핑 모음(9월22일)] 동아대, ‘2026학년도 2학기 외...",이어 &quot;경상국립대는 경남의 우주항공·방산 산업을 비롯한 지역의 미래 성장동력을 뒷받침하는 핵심 거점대학으로서 교육·연구와 지역혁신의 책임을 다해 나갈 것&quot;이라며 &quot;정부와 교육부가 국가균형발전이라는 정책의... ,https://www.dnews.co.kr/uhtml/view.jsp?idxno=202609212204112260037,https://www.dnews.co.kr/uhtml/view.jsp?idxno=202609212204112260037,"Tue, 22 Sep 2026 08:22:00 +0900",2026-09-22 10:30:32
방산/우주항공,우주항공 산업,"[운용 &amp; Now] KODEX 미국반도체, SK하이닉스 ADR 신규 편입 등","박희진 BNK자산운용 주식운용본부장은 &quot;양자컴퓨팅, AI, 우주항공은 인류의 삶과 산업 패러다임을 바꿀 게임체인저&quot;라며 &quot;핵심 기업에 선제적으로 투자해 기술 확산에 따른 장기적 성장 기회를 포착하겠다&quot;고... ",https://www.ebn.co.kr/news/articleView.html?idxno=1725187,https://www.ebn.co.kr/news/articleView.html?idxno=1725187,"Tue, 22 Sep 2026 08:20:00 +0900",2026-09-22 10:30:32
방산/우주항공,우주항공 산업,[창간 14주년 특별기획Ⅲ–점프 UP 코리아Ⅱ③] 기술보다 '자리'가 중요...,조선·해양산업의 설계·제작 역량 역시 미래 원자력과 우주·항공 등 새로운 시장과 결합할 여지가 있다. 구혁채 과기정통부 1차관이 IAEA 총회에서 차세대 원자력 기술과 새로운 시장 창출을 함께 언급한 것도 기술과... ,http://www.newsian.co.kr/news/articleView.html?idxno=95638,http://www.newsian.co.kr/news/articleView.html?idxno=95638,"Tue, 22 Sep 2026 08:00:00 +0900",2026-09-22 10:30:32
방산/우주항공,우주항공 산업,미·중 정상회담 앞 보잉 200대 순항…한국 항공 부품 공급망 숨통,"한국항공우주산업(KAI)과 대한항공 항공우주사업부 등 국내 기업들은 보잉 737, 777, 787 기종의 주요 날개와 기체 구조물을 장기계약 형태로 공급하고 있다. 보잉의 인도 물량이 정상으로 소화되면 보잉의 월간 생산율이... ",https://www.g-enews.com/view.php?ud=202609220715541379fda4f5ab74_1,https://www.g-enews.com/view.php?ud=202609220715541379fda4f5ab74_1,"Tue, 22 Sep 2026 07:40:00 +0900",2026-09-22 10:30:32
방산/우주항공,우주항공 산업,"[CEO워치] KF-21 날았지만…김종출의 KAI, 첫 반기 수주잔고 1.6조 깎여",그러나 이 성과를 넘겨받은 김종출 한국항공우주산업(KAI) 사장의 상반기 경영 지표는 반대 방향으로 움직였다. 22일 KAI 반기보고서에 따르면 별도재무제표 기준 수주잔고는 올해 1월 1일 27조3437억원에서 6월... ,https://www.ceoscoredaily.com/page/view/2026092114501087826,https://www.ceoscoredaily.com/page/view/2026092114501087826,"Tue, 22 Sep 2026 07:00:00 +0900",2026-09-22 10:30:32
방산/우주항공,우주항공 산업,"美 증시, AI 속도 조절과 금리인상 극복 | 3Q 5.1% 성장? 트럼프, OS로 중...",예일 거시경제 패러다임의 장점은 전쟁과 같은 비상 상황을 계기로 새로운 산업을 발전시킨 것이지... 및 우주항공 육성 Q. 트럼프 정부의 판막이라 할 수 있는 다카이치 정부도 고압경제를 추진한 대표적인 국가이지... ,http://www.wowtv.co.kr/NewsCenter/News/Read?articleId=A202609220011&t=NN,https://n.news.naver.com/mnews/article/215/0001266786?sid=101,"Tue, 22 Sep 2026 06:52:00 +0900",2026-09-22 10:30:32
방산/우주항공,우주항공 산업,오라클·로켓랩·메타… 월가 최고 분석가 3인이 찍은 AI·우주 장기주,단기 증시 변동성에도 상위 분석가들이 장기 성장을 전망한 기업군이 AI 인프라와 우주 플랫폼 분야라는 것은 한국 AI용 메모리 반도체와 우주 항공 부품 산업계에 단기를 넘어 장기 관점에서도 수혜 요인으로... ,https://www.g-enews.com/view.php?ud=202609220018546829fda4f5ab74_1,https://www.g-enews.com/view.php?ud=202609220018546829fda4f5ab74_1,"Tue, 22 Sep 2026 06:46:00 +0900",2026-09-22 10:30:32
방산/우주항공,우주항공 산업,"&quot;우리 회사로 오세요&quot;…KAI 안방서 구인 나선 한화, 방산업계 '인재 쟁탈...",특히 최대 방산 기업인 한화의 경우 경쟁사이자 경영권 인수를 검토 중인 한국항공우주산업(KAI) 안방 격인 경남 사천에서도 구인 작업에 나설 정도로 열의를 보이는 중이다. 21일 업계에 따르면 최근 경남 사천 KAI 본사... ,https://www.ajunews.com/view/20260921132736759,https://www.ajunews.com/view/20260921132736759,"Tue, 22 Sep 2026 06:02:00 +0900",2026-09-22 10:30:32
방산/우주항공,우주항공 산업,"“위성 쏘아올릴 독자 발사체, ‘우주 주권’ 확립의 첫걸음”",오 청장은 ‘나중에 어떤 우주항공청장으로 기억되고 싶은가’란 질문에는 이렇게 답했다. “정부를 넘어 민간이 자생할 수 있는 우주 산업 생태계의 기틀을 닦는 것이 저의 역할이라고 생각합니다. 거대한 도전이... ,https://www.donga.com/news/Economy/article/all/20260921/134713501/2,https://n.news.naver.com/mnews/article/020/0003749849?sid=101,"Tue, 22 Sep 2026 00:31:00 +0900",2026-09-22 10:30:32
방산/우주항공,우주항공 산업,[인터뷰] 김승구 KAI 노조위원장 &quot;한화 투자와 KAI 인수는 별개&quot;,&quot;한화가 정말 사천에 투자할 의지가 있다면 한국항공우주산업(KAI)을 인수하지 않아도 투자할 수 있습니다. 새로운 공장을 짓고 연구소를 만들고 신규사업을 가져오면 됩니다.&quot; 최근 한화그룹이 KAI 지분을 빠르게... ,https://www.newscj.com/news/articleView.html?idxno=3434604,https://www.newscj.com/news/articleView.html?idxno=3434604,"Mon, 21 Sep 2026 22:58:00 +0900",2026-09-22 10:30:32
방산/우주항공,K방산 수출,“AI로 ‘미래戰 핵심’ SAR 고도화…글로벌 시장서 수년 내 성과” [미...,SAR은 기존 유도무기와 레이더 중심이던 사업 구조에 항공우주까지 아우르는 종합 방산기업으로의... 김 전무는 자사의 수출은 ▷글로벌 기업과의 파트너십을 통한 글로벌 밸류체인 및 국가별 수출 사업 공급망 진입... ,https://biz.heraldcorp.com/article/10881645?ref=naver,https://n.news.naver.com/mnews/article/016/0002700698?sid=101,"Tue, 22 Sep 2026 09:54:00 +0900",2026-09-22 10:30:33
방산/우주항공,K방산 수출,"'무인기·드론 기업' 끌어안은 한화에어로, 생태계 새판 짠다",국내 방산기업이 '구심점'을 자처하고 나섰다. 한화에어로스페이스(012450)가 국내 무인기·드론 기업 43곳과 손을 잡았다. 흩어져 있던 기술력을 한데 모아 '개발-생산-수출'로 이어지는 K-무인기·드론 생태계를 만들겠다는... ,http://www.newsprime.co.kr/news/article.html?no=748661,http://www.newsprime.co.kr/news/article.html?no=748661,"Tue, 22 Sep 2026 09:40:00 +0900",2026-09-22 10:30:33
방산/우주항공,K방산 수출,무인기가 안보력... 국산화 70% 목표,"&quot;국산화율 70% 달성에 이어 2032년에는 유럽과 중동 수출에도 나섭니다.K-무인기 기대 매출은 약 53조 원,16만... 달라진 안보 환경과 K-방산 확대를 위해 K-무인기 국산화는 포기할 수 없는 과제입니다.MBC NEWS 장 영입니다.... ",https://mbcgn.kr/01_new/new01_view.asp?idx=411143,https://mbcgn.kr/01_new/new01_view.asp?idx=411143,"Tue, 22 Sep 2026 09:40:00 +0900",2026-09-22 10:30:33
방산/우주항공,K방산 수출,수주 기대에 날개 단 방산株…중동·유럽서 'K-방산' 영토 확장한다,중동과 유럽을 중심으로 신규 수주 기대감이 커지는 데다 글로벌 재무장 기조와 무기 재고 부족이 맞물리면서 K-방산의 수출 확대 가능성이 다시 부각되는 모습이다. 증권가에서는 완제품 수출을 넘어 현지 생산과... ,https://www.imaeil.com/page/view/2026092209350513672,https://n.news.naver.com/mnews/article/088/0001029902?sid=101,"Tue, 22 Sep 2026 09:39:00 +0900",2026-09-22 10:30:33
방산/우주항공,K방산 수출,"&quot;K-방산, 단순 수출은 옛말 판이 바뀌었다&quot;…한투證, 한화에어로 '원픽...",대형 수출 기회가 구체화될 것이라고 밝혔다. 한국투자증권은 방산 업종에 대한 비중확대 의견을 유지한다고 밝혔다. 국내 업체들이 해외 시장에서 쌓은 수출 레퍼런스가 후속 계약과 신규 국가 진출로 이어지고 있고... ,http://www.ftoday.co.kr/news/articleView.html?idxno=365910,http://www.ftoday.co.kr/news/articleView.html?idxno=365910,"Tue, 22 Sep 2026 08:02:00 +0900",2026-09-22 10:30:33
방산/우주항공,K방산 수출,한화에어로-43개 기업 ‘K-무인기’ 생태계 구축,"생산, 수출까지 이어지는 무인기 산업 생태계를 구축하겠다는 비전을 발표했다. 사업은 대형 무인기와... K9 자주포, 천무 등 기존 방산 무기체계와 중소형 드론을 패키지로 연계해 해외 시장을 공략하는 전략도 병행한다.... ",https://www.knnews.co.kr/news/articleView.php?idxno=1551416,https://www.knnews.co.kr/news/articleView.php?idxno=1551416,"Tue, 22 Sep 2026 07:44:00 +0900",2026-09-22 10:30:33
방산/우주항공,K방산 수출,"최태복 HD현대重 상무 &quot;K해양방산, 인재 선순환 필요&quot;","최근 필리핀, 태국 등으로 K해양방산 수출이 확대되면서 전문인력 확보가 지속 성장을 위한 핵심 과제로 떠오르고 있다. 새로운 유형의 함정을 개발·설계하려면 통상 100명 이상의 엔지니어가 필요하다. 구매국마다... ",https://www.sidae.com/article/2026092108312732760,https://n.news.naver.com/mnews/article/417/0001158960?sid=101,"Tue, 22 Sep 2026 06:00:00 +0900",2026-09-22 10:30:33
방산/우주항공,K방산 수출,"[사설]잇단 수주 실패, 시연 사고...미래 먹거리 K방산 괜찮나",정부와 방산업계는 구매국과의 장기적인 협력관계 구축에 적극 나서야 한다. 정부 고위부처가 방산 수출의 컨트롤타워 역할을 맡고 외교·국방·산업·금융이 힘을 보태는 ‘K방산 수출 원팀’ 전략에 박차를 가해야 한다.,https://www.edaily.co.kr/News/Read?newsId=01699046645582744&mediaCodeNo=257&utm_source=naver&utm_medium=referral&utm_campaign=news_syndication&utm_content=original_article,https://n.news.naver.com/mnews/article/018/0006373992?sid=110,"Tue, 22 Sep 2026 05:02:00 +0900",2026-09-22 10:30:33
방산/우주항공,K방산 수출,"&quot;K방산 글로벌 경쟁력 확보 바람직&quot;…한화-KAI, 완제기·엔진 협력 시너...","K방산의 글로벌 경쟁력 강화 차원에서는 긍정적이면서도, 향후 지배력 확대에 따른 독점적 지위 남용... 한국수출입은행(26.41%)에 이은 2대 주주다. 공정위는 지난달 31일 한화의 KAI 지분 취득을 승인했다. 한화가 확보한... ",https://www.newsis.com/view/NISX20260921_0003798954,https://n.news.naver.com/mnews/article/003/0014206357?sid=101,"Tue, 22 Sep 2026 05:00:00 +0900",2026-09-22 10:30:33
방산/우주항공,K방산 수출,"경기창조경제혁신센터, AI·로봇 스타트업 방산으로 연결…전문 투자사...","심사에는 방위사업청과 정책금융 출자 방산펀드 운용사를 비롯해 K-방산 수출 펀드, 국방 ICT 융합 기술 펀드 등 방산·국방 딥테크 분야 특화 펀드를 운용하는... ",https://www.venturesquare.net/1115622/,https://www.venturesquare.net/1115622/,"Mon, 21 Sep 2026 23:38:00 +0900",2026-09-22 10:30:33
방산/우주항공,K방산 수출,"한화, 43개 기업과 'K-무인기' 생태 구축",방산 사업과 연계할 계획이다. 한화에어로스페이스 관계자는 &quot;국내 기업들과 함께 무인기·드론을 개발·생산하는 '함께 성장'의 산업 생태계를 구축하고 국내 기업의 우수한 기술과 제품이 대규모 양산과 글로벌 수출... ,http://www.gnmaeil.com/news/articleView.html?idxno=595254,http://www.gnmaeil.com/news/articleView.html?idxno=595254,"Mon, 21 Sep 2026 22:16:00 +0900",2026-09-22 10:30:33
방산/우주항공,K방산 수출,"한화에어로, K-무인기·드론 생태계 구축 박차…국내 기업 43곳과 MOU",﻿한화에어로스페이스가 'K-무인기' 산업 생태계 구축에 나선다. 글로벌 무인기 전문기업 및 국내... 글로벌 방산 사업과 연계해 수출 기회를 확대할 계획이다. 한화에어로스페이스는 국내 중소기업의 전문기술과... ,https://www.dailian.co.kr/news/view/1693216/?sc=Naver,https://n.news.naver.com/mnews/article/119/0003135241?sid=101,"Mon, 21 Sep 2026 20:44:00 +0900",2026-09-22 10:30:33
방산/우주항공,K방산 수출,"유럽 잠수함 대신 한국산 고를까?…‘K잠수함’, 칠레서 승부 보는 이유...",40년 넘게 독일제 잠수함을 운용해온 칠레가 차세대 잠수함 확보를 준비하면서 한국 방산업계가 수주전에 공을 들이고 있다. 한화오션은 2000t급 수출형 잠수함 ‘오션 2000’을 앞세우는 데 그치지 않고 공동 설계와... ,https://nownews.seoul.co.kr/news/newsView.php?id=20260921601025&wlog_tag3=naver,https://n.news.naver.com/mnews/article/081/0003682449?sid=104,"Mon, 21 Sep 2026 20:31:00 +0900",2026-09-22 10:30:33
방산/우주항공,K방산 수출,"가성비 통하는 남미 방산…정부, 금융지원 확대","'K-방산' 강점인 이른바 '가성비'가 통하기 때문인데, 정부도 금융지원 확대로 시장 개척을 돕기로 했습니다.... 반면 다른 업체가 10년 전 개발한 차륜형은 페루에 141대가 수출됩니다. 남미의 방산 환경을 잘 보여주는... ",https://www.obsnews.co.kr/news/articleView.html?idxno=1538229,https://www.obsnews.co.kr/news/articleView.html?idxno=1538229,"Mon, 21 Sep 2026 20:22:00 +0900",2026-09-22 10:30:33
방산/우주항공,K방산 수출,"[오늘, 금강일보] 9월 22일",기사보기 이인회 기자 ㄴ[사설] 대전 학교 냉·난방기 노후화 심한 이유가 뭔가   사설보기 충남은 '반도체' 대전은 'K방산' … 충청권 수출 189%↑  충청권 3개 시·도가 각기 다른 특화 산업을 앞세워 지난달 수출이 전년... ,https://www.ggilbo.com/news/articleView.html?idxno=1183128,https://www.ggilbo.com/news/articleView.html?idxno=1183128,"Mon, 21 Sep 2026 20:00:00 +0900",2026-09-22 10:30:33
철강/조선,철강 주가,"[모닝 리포트] &quot;포스코인터내셔널, 美 셰일가스 투자로 증익·배당 선순...","적정주가 9만7000원을 유지했다. 포스코인터내셔널은 에너지 개발·발전과 철강, 소재·바이오, 무역 사업 등을 영위하는 종합사업회사다. 최근 코드에너지(Chord Energy) 자회사가 보유한 미국 마셀러스(Marcellus)... ",https://www.newspim.com/news/view/20260922000077,https://www.newspim.com/news/view/20260922000077,"Tue, 22 Sep 2026 08:53:00 +0900",2026-09-22 10:30:33
철강/조선,철강 주가,"[더나은미래 경제브리핑] 오세훈, 李 대통령에 정면 반박 “박원순 때 ...","업계에서는 지난 주말 미국 뉴욕증시에서 반도체주가 강세를 보인데 이어 도널드 트럼프 미국... 3%), 철강제품 27억 달러(8.0%), 선박 24억 달러(63.0%), 컴퓨터 주변기기 23억 달러(187.6%)가 각 늘었다. 반면... ",https://futurechosun.com/?p=160986,https://futurechosun.com/?p=160986,"Mon, 21 Sep 2026 18:40:00 +0900",2026-09-22 10:30:33
철강/조선,철강 주가,"[클릭 e종목]&quot;현대제철, 미국 진출로 기업가치↑ 기대&quot;","현대차증권은 21일 현대제철의 목표주가를 기존 3만6500원에서 4만6700원으로 상향하고 투자의견 '매수'를... 철강 업황에 대한 기대는 어렵다고 봤다. 중국이 감산 기조를 유지하고는 있지만, 수출을 늘렸기... ",https://view.asiae.co.kr/article/2026092116573080350,https://n.news.naver.com/mnews/article/277/0005819489?sid=101,"Mon, 21 Sep 2026 18:25:00 +0900",2026-09-22 10:30:33
철강/조선,철강 주가,"쏠림 덜어낸 반도체 투톱, 박스피 탈출 이끄나","같은 기간 화학(3.53%), 보험(3.56%), 철강·금속(1.59%) 섹터 등은 눈높이가 올랐으나 전기·전자 섹터 전망은 0.... 골드만삭스는 삼성전자에 대해 ‘매수’ 의견과 함께 목표주가 49만 원을 제시했다. 골드만삭스는... ",https://www.sedaily.com/article/20093618?ref=naver,https://n.news.naver.com/mnews/article/011/0004664196?sid=101,"Mon, 21 Sep 2026 18:03:00 +0900",2026-09-22 10:30:33
철강/조선,철강 주가,[투자전략 따라잡기] 삼전닉스 랠리 진짜는 11월부터 &quot;내년 실적 기대감...,최근 업황 개선과 수주 기대를 바탕으로 철강과 조선주가 나란히 좋은 흐름을 보여왔는데요. 여기에 노조 파업과 임단협 문제가 새로운 변수로 떠올랐습니다. 파업에 따른 생산 차질이 실적과 수주 경쟁력까지... ,https://biz.sbs.co.kr/article_hub/20000335935?division=NAVER,https://n.news.naver.com/mnews/article/374/0000534153?sid=101,"Mon, 21 Sep 2026 16:10:00 +0900",2026-09-22 10:30:33
철강/조선,철강 주가,POSCO홀딩스 1.70% 하락…2분기 이익 개선과 리튬 흑자 전환,"향후에는 리튬 2공장 준공 후 증산 속도와 포스코 철강 판매가격, 구조개편 현금 창출이 중요하다. 분기배당과 투자 지출을 포함한 자본 배분도 주가 평가에 영향을 줄 전망이다.",https://www.job-post.co.kr/news/articleView.html?idxno=228545,https://www.job-post.co.kr/news/articleView.html?idxno=228545,"Mon, 21 Sep 2026 14:54:00 +0900",2026-09-22 10:30:33
철강/조선,철강 주가,"그린리소스, 초고밀도 코팅 기술로 반도체·희귀금속 공급망 핵심 부상",반면 희귀금속 테마 내부에서도 대형 철강·소재주와 일부 부품주는 차익 실현 매물 및 개별 수급 영향으로... 의한 주가 변동성 확대는 경계해야 한다. 원자재 전문 연구원은 &quot;희토류 및 희귀금속의 국유화와 수출 통제... ,https://www.pinpointnews.co.kr/news/articleView.html?idxno=489112,https://www.pinpointnews.co.kr/news/articleView.html?idxno=489112,"Mon, 21 Sep 2026 13:48:00 +0900",2026-09-22 10:30:33
철강/조선,철강 주가,SK 순차입금 84조→현금 여유…산업 호황이 10대 그룹 체력 갈랐다,반도체·조선·방산 호황과 석유화학·철강·이차전지 부진이 엇갈리면서 국내 주요 그룹의 재무체력도... 다만 일부 그룹에서는 주가수익스와프(PRS)와 신종자본증권 등 부채 성격의 자본조달이 늘고 있어 호황으로... ,https://www.newspim.com/news/view/20260921000445,https://www.newspim.com/news/view/20260921000445,"Mon, 21 Sep 2026 13:11:00 +0900",2026-09-22 10:30:33
철강/조선,철강 주가,"[뉴스락 주식네비] 현대제철, 美 제철소서 연 3000억 지분법익 기대",중국산 철강 수출 증가가 지속될 경우 각국의 수입 장벽 강화에도 글로벌 업황이 의미 있게 개선되기는 어렵다는 게 현대차증권의 판단이다. 그럼에도 현대제철의 현재 주가순자산비율(P/B)이 약 0.2배 수준에... ,http://www.newslock.co.kr/news/articleView.html?idxno=136641,http://www.newslock.co.kr/news/articleView.html?idxno=136641,"Mon, 21 Sep 2026 09:28:00 +0900",2026-09-22 10:30:33
철강/조선,철강 주가,"[애널픽] 현대제철, 3분기 아쉬운 실적에도 목표가↑…왜?","박 애널리스트는 &quot;한국을 포함한 전세계 철강업종 주가는 2000년대 들어 중국 철강가격이 중요했지만, 2020년 이후 각 국이 수입 장벽을 높이고 있어 철강 가격과 철강 업체 실적이 지역별로 차별화되고 있다&quot;며... ",https://theviewers.co.kr/View.aspx?No=4235548,https://theviewers.co.kr/View.aspx?No=4235548,"Mon, 21 Sep 2026 09:22:00 +0900",2026-09-22 10:30:33
철강/조선,철강 주가,"현대차證 &quot;현대제철, 美 진출로 기업가치 향상…목표가↑&quot;",아울러 &quot;한국을 포함한 전세계 철강업종 주가는 2000년대 들어 중국 철강가격이 중요했으나 2020년 이후 각 국은 수입 장벽을 높이고 있어 지역별로 가격과 실적도 차별화되고 향후 주가 역시 국가별로 차별화... ,https://www.ajunews.com/view/20260921090443840,https://www.ajunews.com/view/20260921090443840,"Mon, 21 Sep 2026 09:08:00 +0900",2026-09-22 10:30:33
철강/조선,철강 주가,"현대제철, 중국산 철강 수출 부담 '지속'…美 진출 효과 '주목'",다만 글로벌 철강 업종의 주가 흐름은 중국 철강 가격뿐 아니라 각국의 수입 규제와 지역별 수급 여건에 따라 차별화될 가능성이 있다는 설명이다. 중국산 철강 수출과 글로벌 철강 가격 흐름은 향후 실적과 주가의... ,http://www.newsprime.co.kr/news/article.html?no=748454,http://www.newsprime.co.kr/news/article.html?no=748454,"Mon, 21 Sep 2026 09:02:00 +0900",2026-09-22 10:30:33
철강/조선,철강 주가,[원자재 시황] 유가 하락 지속…금·비트코인 강세,"철광석 가격은 최근 단기 반등에도 주간 기준으로는 2주 연속 하락세를 기록했다. 시장에서는 중국의 실제 철강 수요 회복 여부와 제철소 수익성, 항만 재고 추이가 향후 철광석 가격 방향을 좌우할 주요 변수로... ",https://www.ebn.co.kr/news/articleView.html?idxno=1725009,https://www.ebn.co.kr/news/articleView.html?idxno=1725009,"Mon, 21 Sep 2026 08:30:00 +0900",2026-09-22 10:30:33
철강/조선,철강 주가,"킬 스위치 같은 건 없다, 인류 멸종 경고에도 빅 테크 주가가 빠지지 않...","인류 멸종 경고에도 빅 테크 주가가 빠지지 않는 이유.오일 쇼크 2.0.여전히 코딩을 가르쳐야 하는 이유.175년... 철강과 석유화학, 시멘트 업종이 부진했던 탓이다. 철강 생산량과 시멘트 출하량이 각각 2.2%와 12.8% 줄었다.... ",https://slownews.kr/166669,https://slownews.kr/166669,"Mon, 21 Sep 2026 07:46:00 +0900",2026-09-22 10:30:33
철강/조선,조선 산업,"부산대, 과기부 180억 규모 ‘지역지능화혁신인재양성사업’ 선정",이는 제조·항만·조선 등 주력산업을 중심으로 추진되는 부산시 AI 대전환을 현장에서 뒷받침하는 든든한 추진 동력이 될 것으로 기대된다. 이번 산학연구는 동남권 산업 수요를 반영한 3대 전략 분야로 추진한다.... ,https://www.busan.com/view/busan/view.php?code=2026092210184540553,https://n.news.naver.com/mnews/article/082/0001399443?sid=102,"Tue, 22 Sep 2026 10:19:00 +0900",2026-09-22 10:30:34
철강/조선,조선 산업,"부산대, 지역지능화혁신인재양성사업 선정…8년간 최대 180억원 투입","부산대는 제조·항만·조선 등 지역 주력산업을 대상으로 기술개발과 인력양성, 기업의 AI 자립 역량을 동시에 강화해 나갈 계획입니다. 부산대 연구책임자 백윤주 교수. 사진ㅣ부산대학교",https://www.inthenews.co.kr/news/article.html?no=92238,https://www.inthenews.co.kr/news/article.html?no=92238,"Tue, 22 Sep 2026 10:04:00 +0900",2026-09-22 10:30:34
철강/조선,조선 산업,독로국부터 조선산업까지…'디지털거제문화대전',박정환 문화전문기자 = 한국학중앙연구원과 거제시는 독로국부터 조선산업까지 지역의 역사·문화를 담은 '디지털거제문화대전'을 공개했다고 22일 밝혔다. 거제시는 전국에서 123번째로 지역문화 백과사전을 보유하게... ,https://www.news1.kr/life-culture/book/6298151,https://n.news.naver.com/mnews/article/421/0009185386?sid=103,"Tue, 22 Sep 2026 10:01:00 +0900",2026-09-22 10:30:34
철강/조선,조선 산업,"성주의 빈집, 지역 자산이 될 수 있을까 ③ / 빈집 걷어낸 자리에 새로...","한국전쟁 당시 피란민이 모여 형성된 부산 영도구 봉래동 봉산마을은 산업화를 거치며 인근 조선소 근로자들의 생활터전으로 활기를 띠었다.그러나 조선업 불황과 기업 이전, 거주민 고령화 등이 맞물리면서 인구가... ",https://www.seongjuro.co.kr/news/view.php?idx=61010,https://www.seongjuro.co.kr/news/view.php?idx=61010,"Tue, 22 Sep 2026 09:50:00 +0900",2026-09-22 10:30:34
철강/조선,조선 산업,"연구실 나온 수소선박, 건조 첫발…국내 첫 40인승 여객선 제작","수소 저장·공급장치와 연료전지, 추진모터, 제어시스템 등 국내 기업이 실제 선박 건조와 실증에 참여할 기반을 마련해 새로운 조선·해양산업으로 키운다는 구상이다. 선체 제작의 시작을 알리는 강재절단식은 지난 17일... ",https://www.electimes.com/news/articleView.html?idxno=372640,https://www.electimes.com/news/articleView.html?idxno=372640,"Tue, 22 Sep 2026 09:50:00 +0900",2026-09-22 10:30:34
철강/조선,조선 산업,“해운과 상생이 韓조선 경쟁력 강화 해법”,문 차관은 “국적선사의 신조선에 국산 기자재를 탑재하는 데 재정 지원을 확대하고 지난 4월 출범한 조선해운 협의체를 통해 국내 조선사의 일감 창출 방안을 마련하는 등 해운조선산업의 상생 협력을 더 실질적으로... ,https://www.ksg.co.kr/news/main_newsView.jsp?pNum=148083,https://www.ksg.co.kr/news/main_newsView.jsp?pNum=148083,"Tue, 22 Sep 2026 09:30:00 +0900",2026-09-22 10:30:34
철강/조선,조선 산업,"네이버가 투자한 웨어러블에이아이, 조선소 자율주행 로봇 개발",웨어러블에이아이는 산업통상자원부와 한국산업기술기획평가원(KEIT)이 추진하는 ‘2026년 조선해양산업기술개발사업’에 공동연구개발기관으로 참여한다고 22일 밝혔다. 이번 과제는 초대형 선박 블록 운반용 지능형... ,https://www.etoday.co.kr/news/view/2628379,https://www.etoday.co.kr/news/view/2628379,"Tue, 22 Sep 2026 09:28:00 +0900",2026-09-22 10:30:34
철강/조선,조선 산업,"삼성중공업·로봇융합연구원, 미래 조선·로봇 기술협력 ‘맞손’","이번 협약은 양 기관이 보유한 기술 역량과 연구 인프라를 연계해 조선해양산업과 로봇산업의 융합 기술을 개발하고, 공동연구 및 현장 실증을 통해 조선산업의 생산성과 안전성 향상 및 기술경쟁력 강화에 기여하고자... ",https://www.ksg.co.kr/news/main_newsView.jsp?pNum=148113,https://www.ksg.co.kr/news/main_newsView.jsp?pNum=148113,"Tue, 22 Sep 2026 09:24:00 +0900",2026-09-22 10:30:34
철강/조선,조선 산업,"부산대, 최대 180억원 들여 제조·항만·조선 AI 전환 나선다",부산대가 제조와 항만·조선 등 동남권 산업 현장에 인공지능(AI)을 붙이는 작업에 나선다. 부산대학교는 과학기술정보통신부와 정보통신기획평가원(IITP)의 '2026년도 지역지능화혁신인재양성사업'에 선정됐다고 22일... ,https://www.mhns.co.kr/news/articleView.html?idxno=761356,https://www.mhns.co.kr/news/articleView.html?idxno=761356,"Tue, 22 Sep 2026 09:20:00 +0900",2026-09-22 10:30:34
철강/조선,조선 산업,"[조간브리핑]&quot;빵 아닌 것 찔러라&quot;···AI, 위험 지시 97% 시도",[조선일보]반도체 산업 취업 유발 효과 더 낮아져 한국 경제의 반도체 '쏠림'이 심화하는 가운데 반도체 산업의 취업 유발 효과는 더 낮아진 것으로 조사됐다. 21일 한국은행의 '2024년 산업연관표'에 따르면 2024년... ,http://www.hellodd.com/news/articleView.html?idxno=113264,http://www.hellodd.com/news/articleView.html?idxno=113264,"Tue, 22 Sep 2026 09:08:00 +0900",2026-09-22 10:30:34
철강/조선,조선 산업,"도로·조선소 넘어 항만까지…뷰런, 싱가포르서 '라이다 영토' 넓힌다","사진=뷰런테크놀로지 제공 매일일보 = 오시내 기자  |  뷰런테크놀로지가 도로와 산업현장, 조선소에 이어 항만으로 기술 적용 영역을 넓힌다. 작업자와 대형 장비의 움직임을 3차원으로 파악해 사고 위험을 감지하고... ",https://www.m-i.kr/news/articleView.html?idxno=1417140,https://www.m-i.kr/news/articleView.html?idxno=1417140,"Tue, 22 Sep 2026 08:46:00 +0900",2026-09-22 10:30:34
철강/조선,조선 산업,"박완수 경남도지사, 피지컬AI·조선 소부장·북극항로 대응 주문…“통...",뿐만 아니라 ”조선산업에 피지컬AI와 자동화 기술을 접목하면 산업현장의 변화와 경쟁력 향상을 기대할 수 있다“며 ”거제 조선해양플랜트 소부장 특화단지를 AI 전환과 경쟁력 강화의 기회로 활용해야 한다“고... ,https://www.viva100.com/article/20260922500033,https://www.viva100.com/article/20260922500033,"Tue, 22 Sep 2026 08:38:00 +0900",2026-09-22 10:30:34
철강/조선,조선 산업,"&quot;통합항만공사 진해신항 중심&quot;…박완수 지사, 북극항로 대응 주문",이어 &quot;경남의 주력산업인 조선산업에 피지컬AI와 자동화 등 새로운 기술을 접목할 경우 산업현장의 변화와 경쟁력 향상을 기대할 수 있다&quot;며 &quot;최근 선정된 거제 조선해양플랜트 소부장 특화단지를 조선산업의 AI 전환과... ,https://www.cnbnews.com/news/articleView.html?idxno=1016834,https://www.cnbnews.com/news/articleView.html?idxno=1016834,"Tue, 22 Sep 2026 08:32:00 +0900",2026-09-22 10:30:34
철강/조선,조선 산업,"자동차만 바라보던 ‘뿌리기업’, 반도체·로봇·원전으로 영토 넓힌다","자동차·농기계·건설기계용 주물 부품을 중심으로 성장해온 대동금속은 최근 반도체와 발전기, 조선, 산업기계 등으로 수요처를 확대하고 있다. 반도체 분야에서는 진공펌프 제조에 필요한 주조 소재를 공급하며 반도체... ",https://www.edaily.co.kr/News/Read?newsId=02610886645582744&mediaCodeNo=257&utm_source=naver&utm_medium=referral&utm_campaign=news_syndication&utm_content=original_article,https://n.news.naver.com/mnews/article/018/0006374061?sid=101,"Tue, 22 Sep 2026 08:16:00 +0900",2026-09-22 10:30:34
철강/조선,조선 산업,"HD현대, 아이들에게 조선소 문 열었다…임직원 100명,아동 50명과 ‘성장...",실제 선박이 건조되는 산업현장을 둘러보며 조선업과 관련 직업을 직접 살펴보는 기회도 가졌다. ‘100인의 부모 프로젝트’는 HD현대 임직원 2명과 아동 1명을 결연하는 사회공헌 사업이다. 임직원 100명이... ,https://www.sportsseoul.com/news/read/1636915?ref=naver,https://n.news.naver.com/mnews/article/468/0001268106?sid=101,"Tue, 22 Sep 2026 07:47:00 +0900",2026-09-22 10:30:34
철강/조선,조선 산업,"조선업계 노사 갈등 심화, 생산 차질로 대외 신뢰도 위기?",조선 산업은 최근 친환경 고부가가치 선박의 수요 급증과 국제 협력 프로젝트로 인해 호황을 맞고 있다. 그러나 내부적으로는 노사 갈등이 심화되면서 산업 전반에 불안감이 고조되고 있다. 임금과 성과급을 둘러싼 교섭이... ,https://www.gokorea.kr/news/articleView.html?idxno=879358,https://www.gokorea.kr/news/articleView.html?idxno=879358,"Tue, 22 Sep 2026 07:40:00 +0900",2026-09-22 10:30:34
철강/조선,선박 수주,&quot;하루 100만달러&quot; 유조선 대란… K-조선 '2030 슬롯' 쟁탈전,"노후 선대 교체와 장거리 원유 수송 확대까지 겹치며 선주들이 신규 선박 확보에 나섰지만, 일부 주요 조선소는 이미 2030년 인도 슬롯까지 채워지고 있다. 국내 조선업계에서는 이번 VLCC 호황이 단순한 수주량... ",http://www.the-biz.co.kr/news/articleView.html?idxno=728228,http://www.the-biz.co.kr/news/articleView.html?idxno=728228,"Tue, 22 Sep 2026 10:04:00 +0900",2026-09-22 10:30:35
철강/조선,선박 수주,"英 총리, 사우디에 '후티 저지' 측면 지원…공중 급유 제공",영국 정부 관리들은 BBC에 공중급유 지원은 한시적이라면서 우선 수주가 이뤄질 가능성이 크다고 전했다.... 후티 반군은 최근 바브 엘 만데브 해협과 홍해 주요 요충지를 점령하고 사우디의 석유 시설과 선박 등을 공격... ,https://www.newsworks.co.kr/news/articleView.html?idxno=854556,https://www.newsworks.co.kr/news/articleView.html?idxno=854556,"Tue, 22 Sep 2026 09:54:00 +0900",2026-09-22 10:30:35
철강/조선,선박 수주,'턱밑까지 쫓아온' 중국에 한국 LNG선 '초격차' 흔들리나,이렇게 쌓인 수주 여력과 생산 경험이 LNG선을 포함한 고부가 선박 수주로도 이어지고 있다는 관측이다. 올해 상반기 중국 조선업계의 신규 수주량은 1억2106만DWT(재화중량톤수)로 세계 전체의 80%를 웃돌았고 헝리 역시... ,https://www.mt.co.kr/industry/2026/09/22/2026092115213517844,https://n.news.naver.com/mnews/article/008/0005417139?sid=101,"Tue, 22 Sep 2026 09:50:00 +0900",2026-09-22 10:30:35
철강/조선,선박 수주,"HJ중공업, 6789억원 규모 컨테이너선 4척 수주",HJ중공업이 오세아니아 지역 선주로부터 약 6789억원 규모의 컨테이너선 4척을 수주했다. HJ중공업은... 실제 계약 금액과 최종 정산 금액은 선박 건조 진행 상황에 따라 변경될 수 있다.,https://www.viva100.com/article/20260922500307,https://www.viva100.com/article/20260922500307,"Tue, 22 Sep 2026 09:34:00 +0900",2026-09-22 10:30:35
철강/조선,선박 수주,"英 총리 &quot;사우디에 방어적 공중급유 지원…사우디, 군사 지원 요청&quot;",영국 정부 관리들은 BBC에 공중급유 지원은 한시적이라면서 우선 수주간 이뤄질 가능성이 크다고 전했다.... 영국은 당시 후티 반군이 영국 군함을 포함한 선박들을 겨냥해 자위 차원에서 행동했다고 주장했다．,https://www.newsis.com/view/NISX20260922_0003799484,https://n.news.naver.com/mnews/article/003/0014206763?sid=104,"Tue, 22 Sep 2026 09:23:00 +0900",2026-09-22 10:30:35
철강/조선,선박 수주,"HJ중공업, 컨테이너선 4척 6790억원 수주","HJ중공업이 6790억원 규모의 컨테이너선 4척을 수주했다. HJ중공업은 오세아니아 선주와 컨테이너선... 회사 측은 계약금액이 계약일 기준 매매기준환율(1달러=1383.80원)을 적용해 산출됐으며, 선박 건조 진행... ",https://www.fnnews.com/news/202609220915361811,https://n.news.naver.com/mnews/article/014/0005579418?sid=101,"Tue, 22 Sep 2026 09:18:00 +0900",2026-09-22 10:30:35
철강/조선,선박 수주,"한화오션, 고선가 선박 건조 확대…상선 수익 기반 굳히나",한화오션은 이미 3년 치 건조 물량을 확보해 뒀기에 저가 수주보다 고부가가치 선박에 집중하는 전략을 유지하고 있다. VLCC의 경우 시장 평균을 넘는 선가로 선별 수주하고 있다. LNG선은 더 구체적이다. 2029~2030년 인도... ,http://www.iminju.net/news/articleView.html?idxno=169558,http://www.iminju.net/news/articleView.html?idxno=169558,"Tue, 22 Sep 2026 09:06:00 +0900",2026-09-22 10:30:35
철강/조선,선박 수주,"무보, 머큐리아에 2억 달러 금융 제공…중견 해운사에 400억 뱃길","머큐리아는 자금 부담 없이 선박을 늘릴 수 있고, 한국 중견사는 수주 기회를 얻는다. 무보는 조건을 걸었다. 머큐리아가 앞으로도 한국 해운사와 협력을 지속·강화하는 것이다. 단발성 자금 지원이 아니라 장기 거래... ",https://www.sentv.co.kr/article/view/sentv202609220020,https://www.sentv.co.kr/article/view/sentv202609220020,"Tue, 22 Sep 2026 08:48:00 +0900",2026-09-22 10:30:35
철강/조선,선박 수주,도크는 '풀가동'인데 크레인은 멈췄다...호황 HD현대重·한화오션 노사...,친환경·고부가가치 선박을 중심으로 수주잔고가 200조원을 훌쩍 넘어선 상황에서 한화오션의 핵심 생산설비가 파업으로 멈춰섰고 HD현대중공업 노조도 추석 연휴 이후 투쟁 수위를 높이겠다고 예고했다. 파업이... ,https://www.joongangenews.com/news/articleView.html?idxno=549895,https://www.joongangenews.com/news/articleView.html?idxno=549895,"Tue, 22 Sep 2026 08:42:00 +0900",2026-09-22 10:30:35
철강/조선,선박 수주,대미투자 첫 사업 22일 국회 보고...원전·LNG 조건 놓고 한미 이견,반면 미국 측은 한국이 확보할 수 있는 지분을 7%대 수준으로 제시한 것으로 알려졌다. 한국은 웨스팅하우스... 한미전략투자법 역시 전략적 산업 분야 투자 2000억달러와 조선 분야 투자·보증·선박금융 등을 포함한... ,https://www.joongangenews.com/news/articleView.html?idxno=549893,https://www.joongangenews.com/news/articleView.html?idxno=549893,"Tue, 22 Sep 2026 08:30:00 +0900",2026-09-22 10:30:35
철강/조선,선박 수주,"HJ중공업, 오세아니아 선주와 6790억원 규모 컨테이너선 4척 수주",/이미지=HJ중공업 HJ중공업이 오세아니아 지역 선주로부터 약 6790억원 규모의 컨테이너선 4척을 수주했... 대금은 선박 건조 공정 진행 상황에 따라 지급받는다. 계약금액은 계약일 기준 최초 고시 매매기준환율인... ,http://www.4th.kr/news/articleView.html?idxno=2118505,http://www.4th.kr/news/articleView.html?idxno=2118505,"Tue, 22 Sep 2026 08:28:00 +0900",2026-09-22 10:30:35
철강/조선,선박 수주,"한화오션, 내년 미국 LNG선 발주 본격화",비중이 낮아지고 인센티브 지급 등 비용이 늘면서 이익이 감소할 가능성이 있다&quot;고 덧붙였다. 정 연구원은 &quot;높은 가격에 수주한 선박의 매출 반영이 본격화하면서 중장기적으로는 수익성이 개선될 것&quot;이라고 언급했다.,https://www.fnnews.com/news/202609220814580787,https://n.news.naver.com/mnews/article/014/0005579368?sid=101,"Tue, 22 Sep 2026 08:19:00 +0900",2026-09-22 10:30:35
철강/조선,선박 수주,"‘슈퍼사이클’ 탄 조선업계, 추석 앞두고 노사 갈등 격화…납기 차질 ...","HD현대중공업 제공 친환경 고부가가치 선박 수요 증가와 한미 조선 협력 프로젝트 ‘마스가(MASGA)’를 발판... 추가 수주 경쟁력과 한미 조선·방산 협력의 대외 신뢰도까지 흔들릴 수 있다고 지적한다. 한편, 창사 이래 첫... ",http://www.segyebiz.com/newsView/20260922502867?OutUrl=naver,http://www.segyebiz.com/newsView/20260922502867?OutUrl=naver,"Tue, 22 Sep 2026 08:18:00 +0900",2026-09-22 10:30:35
철강/조선,선박 수주,조선업 호황에도 노사 갈등…파업 장기화에 생산 차질 우려,물론 선박 납기에도 부담으로 작용할 가능성이 큰 만큼 업계의 우려는 점차 커지고 있다. 이는 향후 추가 수주 경쟁력에도 영향을 줄 수 있다. 특히 조선업계의 파업 장기화는 개별 기업의 생산 차질을 넘어 최근... ,https://www.jnilbo.com/news/articleView.html?idxno=90000067809,https://www.jnilbo.com/news/articleView.html?idxno=90000067809,"Tue, 22 Sep 2026 08:15:00 +0900",2026-09-22 10:30:35
철강/조선,선박 수주,"&quot;한화오션, 美LNG선 수주 기대…이집트 등 잠수함 사업 유효&quot;-NH",비중이 낮아지고 인센티브 지급 등 비용이 늘면서 이익이 감소할 가능성이 있다&quot;고 덧붙였다. 다만 높은 가격에 수주한 선박의 매출 반영이 본격화하면서 중장기적으로는 수익성이 개선될 것으로 NH투자증권은 내다봤다.,https://www.hankyung.com/article/2026092296046,https://n.news.naver.com/mnews/article/015/0005334967?sid=101,"Tue, 22 Sep 2026 08:07:00 +0900",2026-09-22 10:30:35
철강/조선,선박 수주,"HD현대重이 짓는 스웨덴 쇄빙선, 기존보다 출력 30% 높인다…21.2MW 탑재",다만 글로벌 쇄빙선 수요 확대가 곧바로 국내 조선사의 수주 확대로 이어지는 것은 아니다. 쇄빙선은 각국의 북극권 주권과 안보에 직결되는 선박인 만큼 자국 조선업 육성과 연계한 발주가 많기 때문이다.... ,https://www.pinpointnews.co.kr/news/articleView.html?idxno=489280,https://www.pinpointnews.co.kr/news/articleView.html?idxno=489280,"Tue, 22 Sep 2026 08:02:00 +0900",2026-09-22 10:30:35
철강/조선,선박 수주,"NH證 “조선, 상선 다음은 군함·발전용 엔진⋯새 성장축 주목”","영업일수 감소와 환율 하락으로 시장 기대치를 밑돌 수 있지만, 환헤지 확대 덕분에 이익 수준은 비교적 양호할 것으로 예상됐다. 한화엔진은 기존 선박용 엔진 호황에 데이터센터용 발전엔진이 새로운 성장축으로... ",https://www.etoday.co.kr/news/view/2628255,https://www.etoday.co.kr/news/view/2628255,"Tue, 22 Sep 2026 07:58:00 +0900",2026-09-22 10:30:35
철강/조선,선박 수주,"英, 사우디에 '방어적' 군사지원…후티 공격에 급유기 투입","영국 정부 관계자들은 이번 지원이 “기한이 정해진” 것으로, 우선 “수주 동안” 이어질 가능성이 높다고... 당시 리시 수낵 총리는 후티가 영국 해군 군함 등 선박을 겨냥한 데 따른 “자위적 조치”였다며 “필요하고... ",https://www.edaily.co.kr/News/Read?newsId=02538726645582744&mediaCodeNo=257&utm_source=naver&utm_medium=referral&utm_campaign=news_syndication&utm_content=original_article,https://n.news.naver.com/mnews/article/018/0006374045?sid=104,"Tue, 22 Sep 2026 07:56:00 +0900",2026-09-22 10:30:35
에너지/석유,에너지 주가,"메리츠증권 &quot;포스코인터내셔널, 미국 셰일가스 인수로 투자·증익·배당...","문경원 메리츠증권 연구원은 22일 포스코인터내셔널 목표주가를 9만7천 원으로, 투자의견은 매수(BUY)로... &lt;포스코인터내셔널&gt; 문 연구원은 &quot;포스코인터내셔널은 최근 미국 코드 에너지 자회사가 보유한 미국... ",https://www.businesspost.co.kr/BP?command=article_view&num=447772,https://www.businesspost.co.kr/BP?command=article_view&num=447772,"Tue, 22 Sep 2026 10:28:00 +0900",2026-09-22 10:30:35
에너지/석유,에너지 주가,"[시선집중] 송영길 “강훈식, 수없이 그만두려 해. 靑 대폭 개편으로 쇄...","결과, 에너지경제신문 의뢰로 14일부터 18일까지 18세 이상 유권자 2507명을 대상으로 ARS 방식으로 조사한... ◎ 송영길 &gt; 레버리지 ETF처럼 그냥 주가 떨어지니까 두 배로 증폭시켜서 때리느냐, 그거잖아요. ◎ 진행자 &gt; 그러면... ",,https://n.news.naver.com/mnews/article/214/0001525297?sid=100,"Tue, 22 Sep 2026 10:04:00 +0900",2026-09-22 10:30:35
에너지/석유,에너지 주가,"[뉴공 아카이브]박시동 경제평론가·12시에 만나요 진행자, 이광수 광수...","그러니까 주가가 급하게 오르는 것도 경험했고, 급하게 떨어지는 걸 경험하면서 이제 어떤 생각이 드냐면... 터빈, 이런 걸 하기 때문에 에너지 반도체 그러니까 AI의 배후를 맡고 있는 우리나라가 잘하고 있는 뒷부분에... ",http://www.ddanzi.com/895195870,http://www.ddanzi.com/895195870,"Tue, 22 Sep 2026 10:04:00 +0900",2026-09-22 10:30:35
에너지/석유,에너지 주가,‘유능한 대통령’ 이젠 증명의 시간,"성장률과 주가지수, 재정 상태, 고용 등 거의 모든 경제 지표가 개선됐다. 글로벌 긴축 기조와 지정학적 위험... 반도체와 인공지능, 에너지 산업의 중요성이 커진다는 점에서 방향성은 맞다. 그러나 말 그대로 '메가... ",https://www.ekn.kr/web/view.php?key=20260922026337546,https://www.ekn.kr/web/view.php?key=20260922026337546,"Tue, 22 Sep 2026 09:58:00 +0900",2026-09-22 10:30:35
에너지/석유,에너지 주가,"[특징주] LG전자, 액체냉각 기술 엔비디아 규격 승인…4%대 강세",LG전자의 주가 상승은 엔디아의 AI  데이터센터 관련 생태계에 참여한다는 소식이 전해진 여파로 풀이된다. 이날 LG전자의 대용량 냉각수 분배장치(CDU)와 LG에너지솔루션의 배터리 에너지저장장치(BESS)가 각각... ,https://www.ajunews.com/view/20260922094818211,https://www.ajunews.com/view/20260922094818211,"Tue, 22 Sep 2026 09:56:00 +0900",2026-09-22 10:30:35
에너지/석유,석유 시장,유가 급등에 각국 재정 부담 가중…‘보조금의 늪’ 빠진 세계 경제,인플레이션이 다시 높아지고 중앙은행들이 금리를 올리면서 글로벌 국채시장이 약세를 보이고 있으며 미국... 세계 최대 석유·가스 생산국인 미국도 에너지 충격에서 벗어나지 못하고 있다. 미국 디젤 가격은 갤런당 약... ,https://www.hankyung.com/article/202609229980i,https://n.news.naver.com/mnews/article/015/0005335058?sid=104,"Tue, 22 Sep 2026 10:23:00 +0900",2026-09-22 10:30:36
에너지/석유,석유 시장,추석 고속도로 주유소만 100원 할인…석유유통업계 &quot;생존권 위협&quot; 반발,한국석유유통협회는 입장문을 내고 이번 정책이 민간 시장 질서를 흔들고 자영주유소의 생존권을 위협하는 관제성 특혜 행정이라고 규정했다. 협회는 정부가 공공기관 재정을 투입해 전체 주유소의 2%에 불과한... ,http://www.dailypop.kr/news/articleView.html?idxno=102793,http://www.dailypop.kr/news/articleView.html?idxno=102793,"Tue, 22 Sep 2026 10:20:00 +0900",2026-09-22 10:30:36
에너지/석유,석유 시장,"“평균연봉 1억원”…E1, 신입사원 채용 '돌입'",국내 대표 액화석유가스(LPG) 전문기업 E1이 대졸 신입사원 채용에 나선다. 기존 LPG 사업 경쟁력을 유지하는... LPG 가격과 국제 에너지 시장의 변동성이 큰 상황에서도 사업 경쟁력을 바탕으로 수익성을 방어하고 있다는... ,https://www.etnews.com/20260922000173,https://n.news.naver.com/mnews/article/030/0003469242?sid=101,"Tue, 22 Sep 2026 10:18:00 +0900",2026-09-22 10:30:36
에너지/석유,석유 시장,이란 전쟁에 웃는 가이아나…석유 호황 속 불평등 확대,에너지시장 조사기업 S&amp;P글로벌에너지에 따르면 아메리카 대륙은 세계 석유의 약 37%를 생산하고 있다. 10년 전에는 27% 수준이었다. 현재 가이아나의 원유 생산량은 하루 약 90만배럴이다. 생산능력은 2030년까지 하루... ,https://www.hankyung.com/article/202609229896i,https://n.news.naver.com/mnews/article/015/0005335043?sid=104,"Tue, 22 Sep 2026 10:06:00 +0900",2026-09-22 10:30:36
에너지/석유,석유 시장,유럽 항공유 부족에 한국산 러브콜 쇄도,유럽 핵심 석유 거래·저장 거점인 암스테르담·로테르담·안트베르펜(ARA) 지역의 항공유 재고는 9월10일로... 업계에서는 항공유·경유가 속한 중간유분 시장의 글로벌 수급이 당분간 빠듯할 것으로 내다본다. 중동과... ,http://www.smedaily.co.kr/news/articleView.html?idxno=363604,http://www.smedaily.co.kr/news/articleView.html?idxno=363604,"Tue, 22 Sep 2026 10:04:00 +0900",2026-09-22 10:30:36
에너지/석유,석유 시장,"한미일, 北 비핵화 의지 재확인...&quot;대화의 길 열려있다&quot;",세 장관은 공급망을 교란하는 자의적인 수출 제한을 비롯해 과잉생산과 시장 왜곡을 초래하는 경제적 강압... 세 장관은 석유 비축량 확대와 에너지 생산국·소비국 간 협력을 통한 역내 에너지 공급 회복력 강화 필요성에... ,https://www.joongangenews.com/news/articleView.html?idxno=549949,https://www.joongangenews.com/news/articleView.html?idxno=549949,"Tue, 22 Sep 2026 10:02:00 +0900",2026-09-22 10:30:36
에너지/석유,석유 시장,"[중견건설사 현주소③] 살아남기 위한 선택, 사업구조 바꾸는 중견사",특히 자체 개발사업이나 민간 주택사업은 사업 규모가 큰 만큼 시장 상황에 따라 부담이 커질 수 있다.... 산업·환경설비 분야를 기반으로 한 EPC 사업을 주력으로 하면서 석유화학 플랜트와 반도체 공장 등 산업 분야의... ,https://theviewers.co.kr/View.aspx?No=4233388,https://theviewers.co.kr/View.aspx?No=4233388,"Tue, 22 Sep 2026 09:44:00 +0900",2026-09-22 10:30:36
에너지/석유,석유 시장,한미일 &quot;北 대화 복귀 촉구…대만해협 평화 유지 중요&quot;,"과잉생산과 시장 왜곡을 초래하는 경제적 강압 및 비시장 정책·관행에 단호히 반대하면서, 자유롭고 투명한... 세 장관은 석유 비축량 확대와 에너지 생산국·소비국 간 협력 증진을 통한 역내 에너지 공급 회복력의 강화... ",https://www.getnews.co.kr/news/articleView.html?idxno=881493,https://www.getnews.co.kr/news/articleView.html?idxno=881493,"Tue, 22 Sep 2026 09:38:00 +0900",2026-09-22 10:30:36
에너지/석유,석유 시장,미·이란 외교적 해법 기대에 급락… WTI 배럴당 95달러 선 후퇴,속에서도 시장의 경계감은 쉽게 꺼지지 않고 있다. 트럼프 대통령은 폭스뉴스와의 인터뷰에서 이란을 향해 강경한 군사적 위협 발언을 내놓는 등 강온 양면책을 펼치고 있어 불안 요인으로 작용하고 있다. 석유... ,https://www.fntoday.co.kr/news/articleView.html?idxno=393674,https://www.fntoday.co.kr/news/articleView.html?idxno=393674,"Tue, 22 Sep 2026 09:36:00 +0900",2026-09-22 10:30:36
에너지/석유,석유 시장,"트럼프 행정부, 중동 에너지 재건에 50억달러 기금 추진…호르무즈 의존...",이번 계획은 이란전쟁으로 중동의 송유관과 정유시설이 상당한 피해를 입고 글로벌 에너지 시장도 영향을 받은 상황에서 제안됐다. 미국은 에너지 시설 복구와 함께 석유와 가스 수송에서 호르무즈 해협에 대한... ,https://www.fntoday.co.kr/news/articleView.html?idxno=393652,https://www.fntoday.co.kr/news/articleView.html?idxno=393652,"Tue, 22 Sep 2026 09:36:00 +0900",2026-09-22 10:30:36
에너지/석유,석유 시장,"UN 계기 이란 만남 “오픈”, 노림수 없어 뵈는데 [트럼프 스톡커]","글로벌 금융시장은 트럼프 대통령이 그간 반복했던 대(對)이란 공습 위협보다 새로 부각된 변수인 미국... 이란은 이스라엘이 관여하는 레바논 분쟁을 포함한 모든 전선의 종전, 동결 자금 해제, 석유 수출 제재 해제... ",https://www.sedaily.com/article/20093778?ref=naver,https://n.news.naver.com/mnews/article/011/0004664363?sid=104,"Tue, 22 Sep 2026 09:31:00 +0900",2026-09-22 10:30:36
에너지/석유,석유 시장,"트럼프, 경유값 급등에 &quot;러 정유시설 공격 멈춰야&quot;","국제 에너지 전문가는 &quot;최근 경유 가격은 지정학적 갈등과 공급망 변화, 정유시설 가동 상황 등이 복합적으로 작용하며 움직이고 있다&quot;며 &quot;에너지 시설을 둘러싼 군사적 긴장이 지속될 경우 국제 석유제품 시장의 변동성도... ",https://www.mstoday.co.kr/news/articleView.html?idxno=102671,https://www.mstoday.co.kr/news/articleView.html?idxno=102671,"Tue, 22 Sep 2026 09:30:00 +0900",2026-09-22 10:30:36
에너지/석유,석유 시장,석유 유통 말단서 내부 결속으로 새 도약 다질 것,국내 석유 말단 유통 시장을 책임지는 일반판매소 업계 역시 변화의 기로에 서 있다. 한국석유일반판매소협회는 올해를 협회의 체질을 개선하고 새로운 도약의 기반을 다지는 원년으로 삼고 있다. 이를 위해 내부 결속 강화... ,http://www.e-platform.net/news/articleView.html?idxno=105603,http://www.e-platform.net/news/articleView.html?idxno=105603,"Tue, 22 Sep 2026 09:28:00 +0900",2026-09-22 10:30:36
에너지/석유,석유 시장,“유가에 좌우되는 금융시장…당분간 장세 이어질 듯”&lt;iM증권&gt;,[그림=Gemini] [뉴스투데이=정진욱 기자] 유가 하락으로 주식 및 채권시장이 긍정적인 영향을 받고 있다.... 국영 석유회사 아람코가 전날 걸프만에서 유조선 7척에 원유 1400만 배럴을 선적했다”고 말했다. 긍정적인... ,https://www.news2day.co.kr/article/20260922500044,https://www.news2day.co.kr/article/20260922500044,"Tue, 22 Sep 2026 09:26:00 +0900",2026-09-22 10:30:36
에너지/석유,정유 산업,8월 이후 최대 폭 반등…'이곳'에 몰린 역대급 자금,뉴욕증권거래소에서 2026년 9월 21일 마감된 장에서 다우존스30산업평균지수는 전 거래일 대비 366.19포인트... 변수이지만 정유 기업들의 수익성에는 단기적인 부담으로 작용한 것으로 해석했다. 정규장 마감 이후... ,https://www.wikitree.co.kr/articles/1161213,https://www.wikitree.co.kr/articles/1161213,"Tue, 22 Sep 2026 08:50:00 +0900",2026-09-22 10:30:37
에너지/석유,정유 산업,UAE 열교환기 시장 동향,UAE의 산업용 열교환기 수요는 대부분 석유·가스 및 석유화학 프로젝트에서 발생한다. 아부다비... 미국석유협회가 정유 및 석유화학 설비용 쉘앤튜브 열교환기에 적용하는 규격 ADNOC은 여기에 더해 설계와... ,http://dream.kotra.or.kr/kotranews/cms/news/actionKotraBoardDetail.do?SITE_NO=3&MENU_ID=190&CONTENTS_NO=2&bbsGbn=254&bbsSn=254&pNttSn=243902,http://dream.kotra.or.kr/kotranews/cms/news/actionKotraBoardDetail.do?SITE_NO=3&MENU_ID=190&CONTENTS_NO=2&bbsGbn=254&bbsSn=254&pNttSn=243902,"Tue, 22 Sep 2026 08:47:00 +0900",2026-09-22 10:30:37
에너지/석유,정유 산업,"라인메쎄, 12월 밸브 월드 엑스포 개최…밸브·유량제어 기술 총망라","같은 기간 발전과 조선·해양, 정유·석유화학, 수처리 등 주요 산업의 설비 운영 및 유지보수 관계자들이 전시회를 찾을 예정이다. 정유·석유화학 분야에서는 공정 유체의 차단과 유량·압력 제어, 누출 방지... ",http://www.ferrotimes.com/news/articleView.html?idxno=50503,http://www.ferrotimes.com/news/articleView.html?idxno=50503,"Tue, 22 Sep 2026 08:24:00 +0900",2026-09-22 10:30:37
에너지/석유,정유 산업,[국제금융 브리핑] 트럼프 이란 대화 가능·미중 안정 의지...브렌트유 ...,정유시설 공격이 이어지고 있다며 대부분의 디젤 수출 금지를 9월 말 이후에도 연장할 방침을 밝혔다. 이에 시장에서는 디젤 가격 상승세가 당분간 이어질 것으로 봤다. 트럼프 대통령은 러시아가 전쟁으로 디젤 산업... ,https://www.tokenpost.kr/news/economy/411893,https://www.tokenpost.kr/news/economy/411893,"Tue, 22 Sep 2026 08:02:00 +0900",2026-09-22 10:30:37
에너지/석유,정유 산업,"[경제일보] 롯데케미칼 새 성장로드맵, '첨단소재·전지·수소' 키운다",범용 석유화학 비중을 줄이는 동시에 기존 화학 기술을 고부가 산업으로 옮기겠다는 구상이다. 몸집... 정유와 석유화학 공정을 연결해 원료 조달과 생산비용을 낮추려는 목적이다. 롯데케미칼은 지난 17일 H... ,https://www.ajunews.com/view/20260921093718067,https://www.ajunews.com/view/20260921093718067,"Tue, 22 Sep 2026 08:00:00 +0900",2026-09-22 10:30:37
에너지/석유,정유 산업,트럼프 &quot;중국보다 AI 계속 앞설 것&quot;...경윳값 폭등에는 우크라 전쟁 탓,"최근 미국 내 경윳값 폭등의 원인으로 우크라이나의 러시아 정유 시설 공격을 지목하며 공격 자제를... 그러면서 &quot;산업혁명이나 인터넷 자체보다 더 거대해질 AI의 성장을 억누르지 않겠다&quot;며 AI 또는 SI, 슈퍼지능을... ",https://www.ytn.co.kr/_ln/0104_202609220753158472,https://n.news.naver.com/mnews/article/052/0002410063?sid=104,"Tue, 22 Sep 2026 07:53:00 +0900",2026-09-22 10:30:37
에너지/석유,정유 산업,"&quot;경유값 치솟는다&quot;…트럼프, 젤렌스키에 러시아 정유시설 공격 중단 요...",러시아 정유시설 공격 중단을 요구했다. 러시아 에너지 시설 피해가 석유제품 공급을 줄여 국제 경유 가격... 이후 사회관계망서비스(SNS)에서도 러시아의 경유 산업이 &quot;통제력을 잃었다&quot;고 게시했다. 이어 러시아와... ,https://news.tf.co.kr/read/world/2368631.htm,https://n.news.naver.com/mnews/article/629/0000535991?sid=104,"Tue, 22 Sep 2026 07:51:00 +0900",2026-09-22 10:30:37
에너지/석유,정유 산업,"[브랜드 인사이트] GS그룹, '생활의 가치'에서 미래 산업의 가치로","앞세워 정유·유통·건설을 그룹의 핵심 축으로 키웠다. 이후 발전과 종합상사, 호텔, 벤처투자 등으로 영역을 넓히면서 GS를 생활밀착형 기업에서 종합 산업그룹으로 확장했다. 2025년 창립 20주년을 맞은 GS가 다시... ",https://www.newscj.com/news/articleView.html?idxno=3434598,https://www.newscj.com/news/articleView.html?idxno=3434598,"Tue, 22 Sep 2026 07:02:00 +0900",2026-09-22 10:30:37
에너지/석유,정유 산업,원유 도입 9.8% 늘었지만 고유가·최고가격제 부담…정유4사 수익성 방어...,"협회는 정부의 원유 수급 지원과 비축유 스와프(SWAP·교환) 시행, 정유회사들의 조달 노력 등이 공급 안정에 기여했다고 설명했다. 다만 수급 안정이 수익성 개선을 뜻하는 것은 아니다. 산업통상부에 따르면... ",https://www.fnnews.com/news/202609201233599276,https://n.news.naver.com/mnews/article/014/0005579336?sid=101,"Tue, 22 Sep 2026 06:59:00 +0900",2026-09-22 10:30:37
에너지/석유,정유 산업,트럼프 &quot;중국보다 AI 계속 앞설 것&quot;...경윳값 폭등에는 우크라 전쟁 탓,"최근 미국 내 경윳값 폭등의 원인으로 우크라이나의 러시아 정유 시설 공격을 지목하며 공격 자제를... 그러면서 &quot;산업혁명이나 인터넷 자체보다 더 거대해질 AI의 성장을 억누르지 않겠다&quot;며 AI 또는 SI, 슈퍼지능을... ",https://www.ytn.co.kr/_ln/0104_202609220655390711,https://n.news.naver.com/mnews/article/052/0002410052?sid=104,"Tue, 22 Sep 2026 06:55:00 +0900",2026-09-22 10:30:37
에너지/석유,정유 산업,"한국, '난방 없는 겨울' 걱정 없고 '반도체 가치 정유사' 가졌다! [창간...","유안타증권 황규원 애널리스트는 중동전쟁과 러-우 전쟁 과정의 정제설비 파손 및 중동·중국의 신증설 차질, 전기차 시장 성장으로 휘발유 수요가 줄어들 것이라는 믿음으로 2020년 이후 정유산업 신규 증설이... ",http://www.e-platform.net/news/articleView.html?idxno=105563,http://www.e-platform.net/news/articleView.html?idxno=105563,"Tue, 22 Sep 2026 06:18:00 +0900",2026-09-22 10:30:37
에너지/석유,정유 산업,"&quot;연차 붙여 9일 쉬고, 구내식당선 갈비찜·송편&quot;…기업들 '추석 모드'",황진중 정윤미 기자 = 주요 기업들이 추석 연휴를 앞두고 다양한 직원 사기 충전 프로그램을 마련했다. 가장... 산업계는 짧은 연휴의 아쉬움을 연차로 달랠 수 있도록 권장 연차 등을 지원하고 있다. 주 5일 근무자가 연휴... ,https://www.news1.kr/industry/general-industry/6297864,https://n.news.naver.com/mnews/article/421/0009184821?sid=101,"Tue, 22 Sep 2026 06:00:00 +0900",2026-09-22 10:30:37
에너지/석유,정유 산업,트럼프 &quot;중국보다 AI 계속 앞설 것&quot;...경윳값 폭등에는 우크라 전쟁 탓,"최근 미국 내 경윳값 폭등의 원인으로 우크라이나의 러시아 정유 시설 공격을 지목하며 공격 자제를... 그러면서 &quot;산업혁명이나 인터넷 자체보다 더 거대해질 AI의 성장을 억누르지 않겠다&quot;며 AI 또는 SI, 슈퍼지능을... ",https://www.ytn.co.kr/_ln/0104_202609220553296897,https://n.news.naver.com/mnews/article/052/0002410044?sid=104,"Tue, 22 Sep 2026 05:53:00 +0900",2026-09-22 10:30:37
에너지/석유,정유 산업,[뉴욕증시] 반도체주 폭풍 매수에 나스닥 '훨훨'…유가·국채금리 급락...,"70을 기록했고, 다우존스30산업평균지수는 366.19포인트(0.71%) 상승한 5만 2,048.83으로 거래를 마쳤다. 시장을... 러시아 정유시설 공격 등이 맞물려 공급 차질이 장기화될 경우 2차 인플레이션 충격으로 이어질 수 있다&quot;고... ",https://www.g-enews.com/view.php?ud=202609220533183947e250e8e188_1,https://www.g-enews.com/view.php?ud=202609220533183947e250e8e188_1,"Tue, 22 Sep 2026 05:40:00 +0900",2026-09-22 10:30:37
에너지/석유,정유 산업,메타發 AI 관련주 급등에 나스닥 최고치 경신[월스트리트in],이날 뉴욕증권거래소에서 블루칩을 모아놓은 다우존스 30산업평균지수는 전거래일 대비 0.71% 오른 5만2048.... 러시아 정유시설 공격과 대러 제재도 글로벌 연료 공급을 더욱 제약하고 있다”고 지적했다. 그는 이어... ,https://www.edaily.co.kr/News/Read?newsId=01971286645582744&mediaCodeNo=257&utm_source=naver&utm_medium=referral&utm_campaign=news_syndication&utm_content=original_article,https://n.news.naver.com/mnews/article/018/0006373998?sid=101,"Tue, 22 Sep 2026 05:38:00 +0900",2026-09-22 10:30:37
화학/소재,화학 주가,"28만전자·190만닉스 돌파...미국 반도체 랠리에 코스피, 7100선 뚫었다","반도체주가 동반 랠리를 했다&quot;며 &quot;한동안 100달러를 상회하던 WTI(서부텍사스원유)도 91달러까지... 섬유·의류, 부동산, 제약, 오락·문화, 음식료·담배, 화학은 약보합을 나타냈다. 같은 시각 코스닥은 9.13포인트... ",https://www.mt.co.kr/stock/2026/09/22/2026092209353453897,https://n.news.naver.com/mnews/article/008/0005417134?sid=101,"Tue, 22 Sep 2026 09:45:00 +0900",2026-09-22 10:30:38
화학/소재,화학 주가,"[해외브리핑] EU, 데이터센터 전력·용수 효율 공개 의무화 추진",캘리포니아주가 빠르게 늘어나는 데이터센터 산업에 대한 규제를 강화한다. 개빈 뉴섬... 영국 화학·에너지 기업 이네오스(INEOS)는 지난 18일 덴마크 에스비에르(Esbjerg)에서 '그린샌드 퓨처(Greensand... ,https://www.esgeconomy.com/news/articleView.html?idxno=16807,https://www.esgeconomy.com/news/articleView.html?idxno=16807,"Tue, 22 Sep 2026 09:28:00 +0900",2026-09-22 10:30:38
화학/소재,화학 주가,"'이머징마켓 편입' 베트남증시, 시장 승격 첫날 1% 약세…빈그룹주 급락","종목별로는 빈그룹주가 지수 하락에 가장 큰 영향을 미쳤다. 특히 빈그룹(VIC, -2.57%)과 빈홈(VHM, -4.08... 64%), 비엣틴은행(CTG, 2.48%), 빈선정유화학(BSR, 4.47%), 군대은행(MBB, 1.51%)을 순매수했다.",https://www.insidevina.com/news/articleView.html?idxno=44110,https://www.insidevina.com/news/articleView.html?idxno=44110,"Tue, 22 Sep 2026 09:06:00 +0900",2026-09-22 10:30:38
화학/소재,화학 주가,"[모닝 리포트] LG화학, 3분기 '래깅 효과' 소멸에 수익성 급랭…담합 과...","정경희 LS증권 연구원은 22일 리포트에서 LG화학에 대한 투자의견 '보유'를 유지하고 목표주가를 23만5000원으로 하향했다. LG에너지솔루션(LGES) 지분가치의 비중이 높은 현 밸류에이션 구조와 석유화학 업황 부진, 담합... ",https://www.newspim.com/news/view/20260922000145,https://www.newspim.com/news/view/20260922000145,"Tue, 22 Sep 2026 09:06:00 +0900",2026-09-22 10:30:38
화학/소재,화학 주가,李 대통령 유엔총회 참석…뉴욕선 기후위기 ‘안보 의제’로 부상 [ESG ...,"1%는 화학적 재활용이었다. 기후부는 내년 4월까지 제도 개선안과 관련 법령 개정안을 마련할 계획이다. 캘리포니아, 데이터센터 전기·물 사용 공개 의무화 미국 캘리포니아주가 인공지능(AI) 데이터센터의 전력과 물... ",https://magazine.hankyung.com/business/article/202609229877b,https://n.news.naver.com/mnews/article/050/0000111204?sid=101,"Tue, 22 Sep 2026 09:04:00 +0900",2026-09-22 10:30:38
화학/소재,화학 주가,"LG화학, 3분기 영업익 76% 급감 전망…과징금 최대 1.4조 우려까지","LS증권이 LG화학의 3·4분기 수익성이 크게 둔화될 것으로 전망하며 투자의견은 '보유(Hold)'를 유지하고, 목표주가를 23만5000원으로 하향 조정했다. 2·4분기 실적을 끌어올렸던 일회성 효과가 사라지는 데다 석유화학... ",https://www.fnnews.com/news/202609220833104998,https://n.news.naver.com/mnews/article/014/0005579386?sid=101,"Tue, 22 Sep 2026 08:45:00 +0900",2026-09-22 10:30:38
화학/소재,화학 주가,"흥국證 &quot;LG, 실적 개선에 주주환원까지…주가 재평가 기대&quot;",전자·통신·서비스 계열 자회사들의 안정적인 이익 창출과 함께 그동안 부진했던 화학 계열의 실적 회복도 점차 가시화될 것으로 전망했다. 주주환원 강화 역시 주가 재평가 요인으로 꼽았다. LG는 보유 자사주 3.... ,https://www.ajunews.com/view/20260922083212803,https://www.ajunews.com/view/20260922083212803,"Tue, 22 Sep 2026 08:38:00 +0900",2026-09-22 10:30:38
화학/소재,화학 주가,"LS證 &quot;LG화학, 실적 둔화·과징금 리스크…목표가 23만5000원↓&quot;","이투데이=서청석 기자 | LS증권은 LG화학에 대해 2분기 일회성 요인 소멸과 높은 원재료가 반영에 따른 3분기 실적 둔화, 비닐 체인 담합 과징금 리스크 등을 반영해 투자의견 '보유(Hold)'를 유지하고 목표주가를... ",https://www.etoday.co.kr/news/view/2628275,https://www.etoday.co.kr/news/view/2628275,"Tue, 22 Sep 2026 08:16:00 +0900",2026-09-22 10:30:38
화학/소재,화학 주가,"[리스트] MVP 상위 20선...피에스케이, 월덱스 등 - 22일","미원화학, 와이씨 등이 포함됐다. 한편, 아이투자의 MVP 점수는 자체 개발한 로직에 따라... [표] MVP 상위 20선 - 2026.9.22 (전일 종가 기준) 순위 종목명 주가 등락률 MVP 항목별 점수 주요... ",https://www.itooza.com/common/iview.php?no=2026092207152104805,https://www.itooza.com/common/iview.php?no=2026092207152104805,"Tue, 22 Sep 2026 07:30:00 +0900",2026-09-22 10:30:38
화학/소재,화학 주가,[넥스트-샷] &quot;AI 천천히&quot;라더니 일주일 만에 풀액셀···나스닥 사상 최...,웰스파고의 목표주가 상향까지 더해지면서 메타는 11.4% 급등했습니다. 이번 랠리는 엔비디아만의... 유가가 WTI 기준 95달러대로 내려온 점은 항공·운송·화학주에는 비용 부담 완화 요인입니다. 반면 정유주는 최근... ,https://www.womaneconomy.co.kr/news/articleView.html?idxno=258958,https://www.womaneconomy.co.kr/news/articleView.html?idxno=258958,"Tue, 22 Sep 2026 07:30:00 +0900",2026-09-22 10:30:38
화학/소재,화학 주가,40년 만의 엔저 폭락 재연… UBS &quot;日 개입 땐 엔화 팔아라&quot;,"원/엔 재정환율이 100엔당 800원대 후반에 고착화되면 자동차와 기계, 석유화학 등 글로벌 시장에서 일본산... 케빈 자오 UBS자산운용 총괄은 주가 상승과 명목 총생산(GDP) 성장에 가려진 일본의 막대한 나랏빚을 정조준했다.... ",https://www.g-enews.com/view.php?ud=202609220722479982e7e8286d56_1,https://www.g-enews.com/view.php?ud=202609220722479982e7e8286d56_1,"Tue, 22 Sep 2026 07:24:00 +0900",2026-09-22 10:30:38
화학/소재,소재 산업,"최진식 중견련 회장, 카자흐 대사 접견…&quot;소부장 넘어 첨단 협력 기대&quot;",소재·부품·장비(소부장) 중견기업의 현지 진출을 지원해 고부가 산업으로 양국의 협력을 넓혀가겠다는 구상이다. 최 회장은 지난 21일 중견련을 방문한 아세트 이센알리 주한카자흐스탄대사를 만나 &quot;카자흐스탄은 한국의... ,https://www.mt.co.kr/living/2026/09/22/2026092209535371718,https://n.news.naver.com/mnews/article/008/0005417195?sid=101,"Tue, 22 Sep 2026 10:28:00 +0900",2026-09-22 10:30:38
화학/소재,소재 산업,"초석잠풀서 '인지기능 개선' 가능성…호남권생물자원관, 기술이전 협약",박진영 국립호남권생물자원관장 &quot;이번 기술이전은 특히 인지기능 개선 등 국민 건강과 직결되는 분야에서 생물자원의 산업적 가치 확산에 큰 의의가 있다&quot;며 &quot;기업과의 협력을 통해 생물소재 기반의 기술개발과 제품화를... ,https://www.ikbc.co.kr/article/view/kbc202609220026,https://n.news.naver.com/mnews/article/660/0000117697?sid=103,"Tue, 22 Sep 2026 10:28:00 +0900",2026-09-22 10:30:38
화학/소재,소재 산업,농식품 연구기관 원팀 결성…국립식량과학원·8개 기관 협약,이번 협약에 참여한 도내 연구기관은 ▲전북바이오융합산업진흥원 ▲전주농생명소재연구원 ▲농축산용미생물산업육성지원센터 ▲진안홍삼연구소 ▲임실치즈앤식품연구소 ▲남원시바이오산업연구원... ,http://www.jeonmin.co.kr/news/articleView.html?idxno=447409,http://www.jeonmin.co.kr/news/articleView.html?idxno=447409,"Tue, 22 Sep 2026 10:24:00 +0900",2026-09-22 10:30:38
화학/소재,소재 산업,"포항TP, 인도 뉴델리에서 비즈니스 미팅 개최…포항지역 기업 10곳, 700만...","포항TP를 비롯해 아시아사이언스파크협회(ASPA), 경북TP, 포항소재산업진흥원(POMIA), 경북지역산업진흥원이 공동으로 참여했다. 제일산기, 렘코, 햅스, 원소프트다임 등 포항지역 기업 10개사가 참여해 인도시장 진출과... ",https://www.etnews.com/20260922000180,https://n.news.naver.com/mnews/article/030/0003469249?sid=102,"Tue, 22 Sep 2026 10:23:00 +0900",2026-09-22 10:30:38
화학/소재,소재 산업,"하나은행, 픽셀소프트웨어와 파크골프 활성화 업무협약",하나은행은 지난 17일 서울시 중구 을지로 소재 하나은행 본점에서 파크골프 통합 플랫폼 운영사... 양사는 전국 주요 파크골프장 및 대회의 운영 선진화에 협력하고 산업 활성화를 위한 콘텐츠를 지속해서 개발·운영할... ,https://www.newspim.com/news/view/20260922000426,https://www.newspim.com/news/view/20260922000426,"Tue, 22 Sep 2026 10:23:00 +0900",2026-09-22 10:30:38
화학/소재,소재 산업,"하나은행-픽셀소프트웨어, 파크골프 활성화 위해 맞손…업무협약 체결",하나은행은 지난 17일 서울시 중구 을지로 소재 하나은행 본점에서 파크골프 통합 플랫폼 운영사인... 나아가 파크골프 산업 전반의 활성화를 이끌 수 있는 다채로운 콘텐츠를 지속적으로 개발 및 운영하며 협력을 이어갈... ,https://thetracker.co.kr/View.aspx?No=4237761,https://thetracker.co.kr/View.aspx?No=4237761,"Tue, 22 Sep 2026 10:22:00 +0900",2026-09-22 10:30:38
화학/소재,소재 산업,"픽셀소프트웨어, 하나은행과 파크골프 통한 시니어 디지털 포용 나서","파크골프 산업 저변을 확대하고, 픽셀소프트웨어 IT 기술력에 하나은행 금융 서비스를 결합해 차별화된 맞춤형 솔루션을 제공하기 위해 마련됐다. 협약식은 서울시 중구 을지로 소재 하나은행 본점에서 진행됐다.... ",https://www.fntimes.com/html/view.php?ud=202609221018379273fa6b69a559_18,https://www.fntimes.com/html/view.php?ud=202609221018379273fa6b69a559_18,"Tue, 22 Sep 2026 10:22:00 +0900",2026-09-22 10:30:38
화학/소재,소재 산업,"하나은행, 픽셀소프트웨어와 파크골프 활성화 위해 손잡아",하나은행은 서울시 중구 을지로 소재 하나은행 본점에서 파크골프 통합 플랫폼 운영사인 픽셀소프트웨어와... 나아가 파크골프 산업 전반의 활성화를 이끌 수 있는 다채로운 콘텐츠를 지속적으로 개발 및 운영하며 협력을... ,https://www.newsfreezone.co.kr/news/articleView.html?idxno=710639,https://www.newsfreezone.co.kr/news/articleView.html?idxno=710639,"Tue, 22 Sep 2026 10:20:00 +0900",2026-09-22 10:30:38
화학/소재,신소재 시장,"홍성군, 중국 뤄디시와 우호협력 체결⋯ K-푸드 2천만 대륙 수출길 연다",충청남도 수부도시인 홍성군이 거대 중국 내륙 소비시장 공략을 위한 확실한 교두보를 구축했다. 홍성군... 뤄디시의 신소재 밸리 첨단 산업 현장과 유네스코 세계관개시설유산 ‘쯔췌제 계단식 논’ 시찰은 내포신도시... ,https://www.asiatime.co.kr/article/20260922500054,https://www.asiatime.co.kr/article/20260922500054,"Tue, 22 Sep 2026 09:26:00 +0900",2026-09-22 10:30:39
화학/소재,신소재 시장,[케이비엘러먼트 인터뷰] ②&quot;신소재 양산까지 3~4년&quot;…완제품 대신 '소재...,"배 대표는 “AI 방열 시장에서는 ‘그래핀이라는 소재를 썼다’는 것보다 기존 구리, 알루미늄, 흑연계 소재... 배 대표는 “그동안 신소재를 양산 적용해온 경험을 보면 고객사의 요구조건 정의부터 품질검증과 양산... ",https://www.smarttoday.co.kr/ko-kr/articles/111874,https://www.smarttoday.co.kr/ko-kr/articles/111874,"Tue, 22 Sep 2026 09:00:00 +0900",2026-09-22 10:30:39
화학/소재,신소재 시장,"일동바이오사이언스, 발효미생물진흥원과 신소재 발굴","연구·생산 인프라를 활용한 실험과 데이터 분석·검증도 함께 진행하며, 개발된 소재의 제품화와 시장 진출까지 협력 범위를 넓힐 계획이다. 양 기관은 각자가 보유한 발효 기술과 미생물 균주를 활용해 기능성 소재 후보를... ",http://www.hansbiz.co.kr/news/articleView.html?idxno=867323,http://www.hansbiz.co.kr/news/articleView.html?idxno=867323,"Tue, 22 Sep 2026 08:02:00 +0900",2026-09-22 10:30:39
화학/소재,신소재 시장,"中 쓰촨성 다저우시 대표단, 양주시 방문","양주=김준구 기자 경기 양주시는 최근 중국 쓰촨성 다저우시 량레이(梁磊) 시장을 비롯한 대표단을 맞아 양... 에너지화학, 신소재, 스마트 장비제조, 전자정보 등의 산업이 발달한 지역이다. 또 바산대협곡, 바타이산 등... ",https://www.munhwa.com/article/11618737?ref=naver,https://n.news.naver.com/mnews/article/021/0002820467?sid=102,"Tue, 22 Sep 2026 07:02:00 +0900",2026-09-22 10:30:39
화학/소재,신소재 시장,“中 로봇 ‘폭풍성장’ 전야…전기차·배터리가 굴기 밑거름”[정다은...,"그는 한국의 강점으로 개방적인 시장과 반도체·신소재 산업, 소비자 대상 제품을 세계 시장으로 확산시키는 능력을 꼽았다. 왕 교수는 “한국은 신소재나 반도체, 컴퓨팅 분야에서 세계적인 경쟁력을 갖고 있고 의료... ",https://www.sedaily.com/article/20093397?ref=naver,https://n.news.naver.com/mnews/article/011/0004664315?sid=104,"Tue, 22 Sep 2026 07:01:00 +0900",2026-09-22 10:30:39
화학/소재,신소재 시장,R＆D로 체질 개선… K 건기식 성장 속도 [그린바이오대상],"천연물 기반 신소재 연구를 바탕으로 성장해 왔으며, 대표적인 연구개발 성과가 ‘헤모힘’에 적용되는... 해외 시장에서도 K 건기식의 경쟁력을 입증하고 있다. 2011년 ‘100만불 수출의 탑’을 시작으로 2021년... ",https://www.seoul.co.kr/news/economy/2026/09/22/20260922018003?wlog_tag3=naver,https://n.news.naver.com/mnews/article/081/0003682490?sid=101,"Tue, 22 Sep 2026 05:03:00 +0900",2026-09-22 10:30:39
화학/소재,신소재 시장,농산 부산물이 미래 먹거리로 ‘순환 농업’ [그린바이오대상],"농협식품연구소는 앞으로 수박 껍질 등 다양한 농산 부산물로 연구 범위를 확대하고, 기능성 신소재 발굴과 시장 상용화에 속도를 낼 계획이다. 김정룡 농협식품연구소장은 “농산 자원에 숨겨진 가치를 발굴하고 이를... ",https://www.seoul.co.kr/news/economy/2026/09/22/20260922018002?wlog_tag3=naver,https://n.news.naver.com/mnews/article/081/0003682489?sid=101,"Tue, 22 Sep 2026 05:03:00 +0900",2026-09-22 10:30:39
화학/소재,신소재 시장,식용곤충의 재발견… ‘근력 개선’ 신시장 개척 [그린바이오대상],식용곤충인 고소애(갈색거저리 유충)를 활용해 근력 개선 기능성 신소재를 개발하고 산업화한 성과를... 이를 통해 근력 개선 기능성을 갖춘 그린바이오 소재의 본격적인 시장 확대 기반을 마련했다. 고소애는 자원과... ,https://www.seoul.co.kr/news/economy/2026/09/22/20260922018001?wlog_tag3=naver,https://n.news.naver.com/mnews/article/081/0003682488?sid=101,"Tue, 22 Sep 2026 05:03:00 +0900",2026-09-22 10:30:39
화학/소재,신소재 시장,"홍성군, 2천만 중국시장 정조준…&quot;지역기업 판로 뚫는다&quot;","충남 홍성군이 인구 2천만 명이 넘는 중국 후난성 시장을 정조준하고 지역기업의 중국시장 진출을 위한... 뤄디시 신소재밸리와 철강자재 산업 현장을 찾아 '첨단산업 육성정책과 기업 지원체계, 산업단지 운영 방식' 등을... ",https://www.tournews21.com/news/articleView.html?idxno=144104,https://www.tournews21.com/news/articleView.html?idxno=144104,"Tue, 22 Sep 2026 02:46:00 +0900",2026-09-22 10:30:39
화학/소재,신소재 시장,오늘(22일) 코스닥 상장 '케이비제34호·한국제17호스팩' 합병 업종은?,"응용, 신소재·나노융합, 고부가 식품산업, 엔터테인먼트, 자동차 부품 제조, IT 및 반도체, 소프트웨어·게임·모바일 산업, 기타 미래 성장 동력을 갖추었다고 판단되는 산업이다. /자료=한국거래소 코스닥시장본부... ",http://www.newswell.co.kr/news/articleView.html?idxno=22088,http://www.newswell.co.kr/news/articleView.html?idxno=22088,"Tue, 22 Sep 2026 00:02:00 +0900",2026-09-22 10:30:39
화학/소재,신소재 시장,"아모레퍼시픽, 신펩타이드 'GROW PEPTIDE™' 발견…모발 강도-이황화 결...",뷰티 바이오 업계에서는 단순 코팅제 역할을 하던 실리콘 배합에서 벗어나 단백질 결합 기전을 직접 조절하는 바이오 신소재 개발이 향후 프리미엄 헤어 시장의 판도를 가를 승부처가 될 것으로 전망한다.,http://www.ttlnews.com/news/articleView.html?idxno=3145660,http://www.ttlnews.com/news/articleView.html?idxno=3145660,"Mon, 21 Sep 2026 23:52:00 +0900",2026-09-22 10:30:39
화학/소재,신소재 시장,"[창간기획] 한국 제조 찾는 글로벌 패션, '메이드 인 코리아'가 다시 뜬...","이를 부산 성신신소재, 컴테크케미칼 등이 공급하고 있다. '온'은 이에 그치지 않고, 연내 부산에서 자체... 새로운 시장이 열릴 가능성이 높아지고 있다. 문제는 사라지는 공장들과 인력의 고령화다. 업계 한 관계자는... ",http://www.apparelnews.co.kr/news/news_view/?idx=227804,http://www.apparelnews.co.kr/news/news_view/?idx=227804,"Mon, 21 Sep 2026 22:06:00 +0900",2026-09-22 10:30:39
화학/소재,신소재 시장,[양주 소식] 중국 쓰촨성 다저우시 대표단 양주시 방문···양 도시 교류...,"양주시는 지난 9월 18일 중국 쓰촨성 다저우시 량레이(梁磊) 시장을 비롯한 대표단을 맞아 양 도시 간 교류... 에너지화학, 신소재, 스마트 장비제조, 전자정보 등의 산업이 발달한 지역이다. 또한 바산대협곡, 바타이산 등... ",http://www.enewstoday.co.kr/news/articleView.html?idxno=2473120,http://www.enewstoday.co.kr/news/articleView.html?idxno=2473120,"Mon, 21 Sep 2026 21:55:00 +0900",2026-09-22 10:30:39
화학/소재,신소재 시장,"부산테크노파크, 전력반도체 60명 한자리…부산 특화단지 공급망 경쟁력...","글로벌 시장과 최신 기술 변화를 공유했다. 부산 전력반도체 특화단지를 중심으로 기업과 대학, 연구기관의... 지윤성 부산광역시 반도체신소재과장, 엄은식 Yole Group Korea 지사장, 박영재 포항공과대학교 교수, 권세훈... ",http://www.newstown.co.kr/news/articleView.html?idxno=716527,http://www.newstown.co.kr/news/articleView.html?idxno=716527,"Mon, 21 Sep 2026 18:40:00 +0900",2026-09-22 10:30:39
화학/소재,신소재 시장,“AI 안전기준 세우되 기업은 기술 발전 이어가야”,컴퓨팅·클라우드·신소재 분야에서 경쟁력을 갖췄다”며 “삼성전자와 SK하이닉스의 반도체 기술도 세계적 수준이다”고 짚었다. 그는 “한국 과학자뿐만 아니라 기업가·시장과도 더 많은 협력을 하고 싶어 한다”고... ,https://www.edaily.co.kr/News/Read?newsId=04122966645582416&mediaCodeNo=257&utm_source=naver&utm_medium=referral&utm_campaign=news_syndication&utm_content=original_article,https://n.news.naver.com/mnews/article/018/0006373853?sid=101,"Mon, 21 Sep 2026 18:01:00 +0900",2026-09-22 10:30:39
화학/소재,신소재 시장,[소비자생활] 교원투어ㆍLG생활건강ㆍ정관장,"◇ LG생활건강, 한국식품연구원과 건기식 신소재·분석기술 개발 협력 LG생활건강은 지난 17일... 협력 분야는 신제형 기능성분 분석법과 신규 건강수명 연장 소재 공동 개발, 사업화 모델 협업, 국내외 신시장 진출을 위한... ",http://www.smarttimes.co.kr/news/articleView.html?idxno=49170,http://www.smarttimes.co.kr/news/articleView.html?idxno=49170,"Mon, 21 Sep 2026 17:58:00 +0900",2026-09-22 10:30:39
통신/5G,통신 주가,"LG유플러스, 크리에이터 12명과 도쿄 탐방… 로밍패스 등 상품경험 소개",통신사가 자체 육성한 크리에이터를 통해 로밍 등 자사 상품을 이용자 시선의 콘텐츠로 전달하는 마케팅... LG유플러스 주가는 21일 한국거래소에서 전 거래일 대비 450원(3.20%) 오른 1만4500원에 마감했다. [비즈트리뷴... ,http://www.biztribune.co.kr/news/articleView.html?idxno=359431,http://www.biztribune.co.kr/news/articleView.html?idxno=359431,"Tue, 22 Sep 2026 10:00:00 +0900",2026-09-22 10:30:40
통신/5G,통신 주가,메타 AI 비서 ‘뮤즈’ 돌풍에 주가 11% 급등…챗GPT 제치고 앱스토어 1...,"블룸버그통신은 시장조사업체 센서타워의 자료를 인용해 뮤즈의 누적 다운로드 건수가 지난 8일 출시 이후 약 5일 동안 73만건을 기록했고, 출시 후 21일까지 약 2주간 동안 250만건을 넘어섰다고 보도했다. 출시 후... ",https://biz.chosun.com/it-science/ict/2026/09/22/FYOVUWUI7BEYTEE75NX4SVRVMU/?utm_source=naver&utm_medium=original&utm_campaign=biz,https://n.news.naver.com/mnews/article/366/0001193862?sid=105,"Tue, 22 Sep 2026 09:57:00 +0900",2026-09-22 10:30:40
통신/5G,통신 주가,"AMD, 시총 1조달러 첫 돌파…美 반도체기업 중 4번째",최근 AI 분야 투자가 다시 활발해진 것도 AMD 주가 상승에 큰 영향을 끼쳤다. 미국 자산운용사인 그레이트힐캐피털의 토머스 헤이즈 회장은 로이터통신에 &quot;자금이 다시 AI 거래로 이동하고 있다&quot;며 &quot;투자자들은... ,https://view.asiae.co.kr/article/2026092209130467902,https://n.news.naver.com/mnews/article/277/0005819719?sid=104,"Tue, 22 Sep 2026 09:56:00 +0900",2026-09-22 10:30:40
통신/5G,통신 주가,메타 AI 에이전트 '뮤즈' 흥행에 주가도 급등,블룸버그통신은 짚었다. 뮤즈는 이용자가 개인 맞춤형 AI 에이전트를 만들어 웹상의 각종 작업을 대신... 뮤즈가 앱 차트 1위에 올랐다는 소식에 메타의 주가는 이날 11% 급등했다. 이는 2025년 4월 이후 최대 상승폭이다.,https://view.asiae.co.kr/article/2026092209455013440,https://n.news.naver.com/mnews/article/277/0005819714?sid=101,"Tue, 22 Sep 2026 09:54:00 +0900",2026-09-22 10:30:40
통신/5G,통신 주가,"코리아써키트 주가, 상한가... 왜?","코리아써키트 주가가 상한가를 기록했다. 22일 오전 9시 43분 KRX 기준 코리아써키트는 전 거래일 대비 29.83... 또한 스마트폰용 HDI와 메모리 모듈 제품을 주요 기업에 공급하고, 통신기기 중심의 HDI와 반도체 중심의... ",https://www.ggilbo.com/news/articleView.html?idxno=1183173,https://www.ggilbo.com/news/articleView.html?idxno=1183173,"Tue, 22 Sep 2026 09:54:00 +0900",2026-09-22 10:30:40
통신/5G,통신 주가,"[특징주] 심텍, 美 기술주 랠리·반도체 수출 호조에 장 초반 17%대 강세",이투데이=신혜주 기자 | 반도체 및 통신기기용 인쇄회로기판(PCB) 전문 기업 심텍이 장 초반부터 가파른... 메타의 개인용 AI 에이전트 흥행 돌풍을 필두로 미국 주요 기술주와 메모리 관련주가 랠리를 펼치면서... ,https://www.etoday.co.kr/news/view/2628409,https://www.etoday.co.kr/news/view/2628409,"Tue, 22 Sep 2026 09:52:00 +0900",2026-09-22 10:30:40
통신/5G,통신 주가,"&quot;챗GPT가 총기난사 방조&quot;…오픈AI, 캐나다 주정부에 피소",로이터통신에 따르면 캐나다 브리티시컬럼비아주가 21일(현지시간) 미국 캘리포니아에서 오픈AI를 상대로 소송을 제기했다. 주 정부는 총격범이 챗GPT를 이용해 범행을 계획했다는 사실을 오픈AI가 현지 수사당국에... ,https://www.news1.kr/world/usa-canada/6298261,https://n.news.naver.com/mnews/article/421/0009185311?sid=104,"Tue, 22 Sep 2026 09:45:00 +0900",2026-09-22 10:30:40
통신/5G,통신 주가,"아마존, AI 에이전트 '뮤즈' 차단...쇼피파이는 제휴","블룸버그 통신은 현지시간 21일, 아마존이 다른 기업의 쇼핑 자동화 도구 배포를 금지한다는 원칙에 따라... AI 쇼핑 에이전트를 차단한 아마존과 대조적인 행보로, 쇼피파이 주가는 파트너십 발표 이후 21일 7% 넘게... ",https://www.ytn.co.kr/_ln/0104_202609220941521533,https://n.news.naver.com/mnews/article/052/0002410098?sid=104,"Tue, 22 Sep 2026 09:41:00 +0900",2026-09-22 10:30:40
통신/5G,통신 주가,"심텍 주가, 갑작스런 상승세... 배경은?","다만 전날 미국 증시에서 인텔과 AMD, 퀄컴 등 주요 반도체주가 급등하면서 국내 반도체 관련주도 일제히 강세를 보이는 모습이다. 심텍은 지난 2015년 심텍홀딩스에서 인적분할해 설립된 반도체 및 통신기기... ",https://www.ggilbo.com/news/articleView.html?idxno=1183171,https://www.ggilbo.com/news/articleView.html?idxno=1183171,"Tue, 22 Sep 2026 09:40:00 +0900",2026-09-22 10:30:40
통신/5G,통신 주가,"캐나다 주정부, '총격사건 위험 방관' 오픈AI 상대로 미국서 소송",▲ 오픈AI 캐나다 브리티시컬럼비아(BC)주가 지난 2월 발생한 총기 난사 사건과 관련해 오픈AI를 상대로... AFP 통신과 캐나다 CTV 방송이 전했습니다. 오픈AI 대변인은 BC주의 이번 소송 제기와 관련해 &quot;텀블러리지에서... ,https://news.sbs.co.kr/news/endPage.do?news_id=N1008765233&plink=ORI&cooper=NAVER,https://n.news.naver.com/mnews/article/055/0001390261?sid=104,"Tue, 22 Sep 2026 09:37:00 +0900",2026-09-22 10:30:40
통신/5G,통신 주가,"캐나다 주정부, ‘총격사건 위험 방관’ 오픈AI 상대 미국서 소송",캐나다 브리티시컬럼비아(BC)주가 지난 2월 발생한 총기 난사 사건과 관련해 오픈AI를 상대로 미국에서... AFP 통신과 캐나다 CTV 방송이 전했습니다. 오픈AI 대변인은 BC주의 이번 소송 제기와 관련해 “텀블러리지에서... ,https://news.kbs.co.kr/news/pc/view/view.do?ncd=8669321&ref=A,https://n.news.naver.com/mnews/article/056/0012261595?sid=104,"Tue, 22 Sep 2026 09:36:00 +0900",2026-09-22 10:30:40
통신/5G,5G 산업,"다낭, AI·반도체 중심 첨단기술 허브 육성…한국과 협력 확대","베트남 다낭시가 인공지능(AI)과 반도체, 빅데이터 등 전략기술을 중심으로 디지털 산업 기반을 확대하고... 5G 기지국은 1천500개 이상으로 주거지역의 98%를 커버하고 있으며 향후 서비스 범위를 추가 확대할... ",https://view.asiae.co.kr/article/2026092015503803656,https://n.news.naver.com/mnews/article/277/0005819574?sid=102,"Tue, 22 Sep 2026 08:26:00 +0900",2026-09-22 10:30:40
통신/5G,5G 산업,하나證 “삼성전자 네트워크 점유율 확대 가능성⋯국내 장비주 수혜”,"이상훈 하나증권 연구원은 “3G와 LTE, 5G를 거치면서 글로벌 시스템통합(SI) 업체 수가 지속적으로 감소해 왔다”며 “본질적인 산업 특성이 바뀌지 않는 한 향후 5G 단독모드(SA)와 6G 시대에도 같은 재편 과정이 반복될... ",https://www.etoday.co.kr/news/view/2628249,https://www.etoday.co.kr/news/view/2628249,"Tue, 22 Sep 2026 07:46:00 +0900",2026-09-22 10:30:40
통신/5G,5G 산업,"SK텔레콤 42년, ‘통신 1등’ 넘어 AI 인프라 기업으로…신뢰 회복·수익...","이후 1996년 세계 최초 CDMA 상용화에 성공하면서 한국 이동통신 산업의 전환점을 만들었다. 2011년에는 국내 최초로 LTE를 상용화했고 2013년 세계 최초 LTE-A, 2019년에는 5G 상용화에 참여하며 네트워크 세대교체를... ",https://www.betanews.net/article/view/beta202609220001,https://www.betanews.net/article/view/beta202609220001,"Tue, 22 Sep 2026 07:44:00 +0900",2026-09-22 10:30:40
통신/5G,5G 산업,"통신 3사, '피지컬 AI' 선점 경쟁...로봇·제조 대공세","K RaaS는 제조사가 서로 다른 로봇과 기존 산업 설비, 기업 IT 시스템을 관리할 수 있도록 지원한다. 예컨대... LG유플러스는 연세대와 5G망과 AI-RAN 시험망을 연동해 로봇이나 드론이 서로 다른 네트워크 사이를 이동해도... ",https://www.digitaltoday.co.kr/news/articleView.html?idxno=702102,https://www.digitaltoday.co.kr/news/articleView.html?idxno=702102,"Tue, 22 Sep 2026 07:30:00 +0900",2026-09-22 10:30:40
통신/5G,5G 산업,"中 CXMT, 5세대 D램 양산…범용부터 韓 메모리 아성 흔드나","CXMT는 5G D램 공정에서 11.95㎚급 하프 피치를 구현했지만, 삼성전자·SK하이닉스가 10㎚급 6세대인 1c... LCD 산업은 25년여 만에 막을 내렸다. 그 결과 한국 디스플레이 산업은 OLED 중심으로 재편됐다. 다만 D램을 LCD와... ",https://www.news1.kr/industry/general-industry/6297754,https://n.news.naver.com/mnews/article/421/0009184884?sid=101,"Tue, 22 Sep 2026 07:13:00 +0900",2026-09-22 10:30:40
통신/5G,5G 산업,[Who Is ?] 정재헌 SK텔레콤 대표이사 사장,통신산업 성장전략과 디지털 신뢰 구축방안을 논의했다. 정재헌은 기술혁신의 속도만큼 고객과 사회의... 3G 가입자가 감소하고 단말과 장비가 노후화된 가운데 LTE·5G 중심으로 네트워크 운용을 효율화하려는... ,https://www.businesspost.co.kr/BP?command=article_view&num=446072,https://www.businesspost.co.kr/BP?command=article_view&num=446072,"Tue, 22 Sep 2026 07:02:00 +0900",2026-09-22 10:30:40
통신/5G,5G 산업,&quot;5G 시대 가로막는 '망 중립' 규제…통신 고속도로 빗장 풀어야&quot;,“인공지능(AI)과 AI 전환(AX) 시대가 열렸지만 이에 필수적인 5G 단독모드(SA) 및 네트워크 슬라이싱 투자는... B2B·산업용 네트워크 슬라이싱 서비스는 일반 인터넷과 분리된 영역으로 명확히 규정해 법적 확실성을... ,https://www.hankyung.com/article/2026092173351,https://n.news.naver.com/mnews/article/015/0005334700?sid=105,"Mon, 21 Sep 2026 16:16:00 +0900",2026-09-22 10:30:40
통신/5G,5G 산업,"제이오션중공업, 탱커 6척 건조의향서 추가 체결…군산조선소 재가동 준...","이음5G 통신망과 3D 디지털 트윈, 사물인터넷(IoT) 센서, 인공지능(AI) CCTV 등을 적용해 공정 관리와 작업자 안전 체계를 구축하는 내용이다. 용접·도장·운반 공정에 산업용·협동 로봇과 자율주행 솔루션을 연동하는... ",http://www.consumernews.co.kr/news/articleView.html?idxno=764368,http://www.consumernews.co.kr/news/articleView.html?idxno=764368,"Mon, 21 Sep 2026 15:24:00 +0900",2026-09-22 10:30:40
통신/5G,5G 산업,"다낭시, 서울서 투자설명회…&quot;관광 넘어 AI·반도체&quot;","응우옌 마인 훙 다낭시 인민위원회 위원장 /사진=팍스아이앤디 베트남 중부 다낭시가 첨단산업 분야 투자... 포괄하는 5G 기지국 1,500개 이상을 운영 중이며, 공공 데이터셋 1,400개 이상과 120만 건 이상의 응용프로그램... ",http://www.smedaily.co.kr/news/articleView.html?idxno=363542,http://www.smedaily.co.kr/news/articleView.html?idxno=363542,"Mon, 21 Sep 2026 13:10:00 +0900",2026-09-22 10:30:40
통신/5G,5G 산업,군산조선소 품은 제이오션重 탱커 6척 수주…건조 물량 10척으로,연관 산업을 중심으로 지역 경제가 되살아날 개연성이 높다. 이에 정부와 지방자치단체도 지원에 적극 나서고 있다. 정부가 국회에 제출한 내년도 예산안에는 5G 특화망 기반 군산조선소 M.AX(제조기업의 인공지능... ,https://www.sedaily.com/article/20093392?ref=naver,https://n.news.naver.com/mnews/article/011/0004664032?sid=101,"Mon, 21 Sep 2026 11:45:00 +0900",2026-09-22 10:30:40
통신/5G,5G 산업,AI 네트워크·스트리밍·유럽 네트워크 정책 논의의 장 열린다,"우리나라는 세계 최초 5세대(5G) 이동통신 상용화로 통신 강국의 입지를 다져왔지만, 생성형 AI와 자율주행, 스마트팩토리 같은 신산업이 확산하면서 네트워크에 요구되는 역할도 바뀌고 있다. 이제는 통신... ",https://it.chosun.com/news/articleView.html?idxno=2023092170565,https://it.chosun.com/news/articleView.html?idxno=2023092170565,"Mon, 21 Sep 2026 11:44:00 +0900",2026-09-22 10:30:40
통신/5G,5G 산업,"MDS테크, AI-인글라스 기술개발 컨소시엄 참여","동향과 산업 협력 방향을 공유했다. 한국전자통신연구원(ETRI)이 개최하고 과학기술정보통신부(과기부)가... 소프트웨어 분야에서는 단말 운영체제와 미들웨어, 5G 통신 기능을 구현한다. 이를 통해 AI 글라스와 연산... ",https://www.irobotnews.com/news/articleView.html?idxno=48617,https://www.irobotnews.com/news/articleView.html?idxno=48617,"Mon, 21 Sep 2026 11:28:00 +0900",2026-09-22 10:30:40
통신/5G,5G 산업,"중국, 세계 최초 대규모 '인공지능 테마파크' 개장","세계 최초로 5G-A 기반 AI 로봇을 문화 관광 분야에 대규모로 혁신적으로 적용하는 등 업계 최초의 여러... 창롱 그룹은 &quot;중국은 완벽한 산업 시스템, 방대한 문화 관광 시장, 그리고 성숙한 신규 인프라를 바탕으로... ",http://www.newstown.co.kr/news/articleView.html?idxno=716450,http://www.newstown.co.kr/news/articleView.html?idxno=716450,"Mon, 21 Sep 2026 11:12:00 +0900",2026-09-22 10:30:40
통신/5G,5G 산업,"MDS테크, AI-인글라스 기술개발 참여…웨어러블 AI 연산 단말 개발","(사진=MDS테크) 완제품을 비롯해 디스플레이와 반도체, 부품, 통신, 서비스 등 AI 글라스 산업 관계자들이... 소프트웨어 분야에서는 단말 운영체제(OS)와 미들웨어, 5G 통신 기능을 구현한다. 이를 통해 AI 글라스와... ",https://www.edaily.co.kr/News/Read?newsId=02607606645582416&mediaCodeNo=257&utm_source=naver&utm_medium=referral&utm_campaign=news_syndication&utm_content=original_article,https://n.news.naver.com/mnews/article/018/0006373496?sid=101,"Mon, 21 Sep 2026 10:57:00 +0900",2026-09-22 10:30:40
통신/5G,5G 산업,"MDS테크, ETRI와 AI 글라스 연산단말 개발","현황과 산업 협력 방향을 공유했다. 이번 포럼은 한국전자통신연구원(ETRI)이 개최하고... 소프트웨어 분야에서는 단말 운영체제와 미들웨어, 5세대(5G) 이동통신 기능을 구현한다. AI 글라스와 연산 단말, 클라우드 간... ",https://www.newspim.com/news/view/20260921000343,https://www.newspim.com/news/view/20260921000343,"Mon, 21 Sep 2026 10:08:00 +0900",2026-09-22 10:30:40
통신/5G,5G 산업,"MDS테크, AI 글라스 컨소시엄 합류…‘웨어러블 연산단말’ 개발 착수","동향과 산업 협력 방향을 공유했다고 21일 밝혔다. MDS테크는 이 포럼과 연계된 정부 연구개발 사업... 소프트웨어는 단말 운영체제와 미들웨어, 5G 통신 기능으로 구성된다. AI 글라스와 연산 단말, 클라우드 간 데이터... ",https://www.sentv.co.kr/article/view/sentv202609210047,https://www.sentv.co.kr/article/view/sentv202609210047,"Mon, 21 Sep 2026 09:44:00 +0900",2026-09-22 10:30:40
통신/5G,5G 산업,"MDS테크, 차세대 ‘AI-인글라스’ 컨소시엄 합류…웨어러블 연산 단말ㆍ...","미들웨어, 5G 통신 스택을 직접 구현한다. AI 글라스-연산 단말-클라우드 간 데이터 병목 없는 초저지연 연동 체계를 마련하고, 온디바이스 AI 모델 최적화를 통해 실제 산업 현장에서 즉시 구동 가능한 수준의... ",https://www.etoday.co.kr/news/view/2627804,https://www.etoday.co.kr/news/view/2627804,"Mon, 21 Sep 2026 09:16:00 +0900",2026-09-22 10:30:40
통신/5G,5G 산업,"중국 AI 정책, 6개월 후에 현실화 된다","정보통신 산업 매출 4조 1000억 위안(한화 약 848조 7000억 원), 정보 인프라 누적 투자 3조 8천억 위안(한화 약 786조 6000억 원), 지능형 컴퓨팅 규모 9,800 EFLOPS, 5G(5G-A 포함) 사용자 보급률 95% 등 13개 주요 지표를... ",https://www.ohmynews.com/NWS_Web/View/at_pg.aspx?CNTN_CD=A0003269050&CMPT_CD=P0010&utm_source=naver&utm_medium=newsearch&utm_campaign=naver_news,https://n.news.naver.com/mnews/article/047/0002529705?sid=101,"Mon, 21 Sep 2026 08:46:00 +0900",2026-09-22 10:30:40
통신/5G,5G 산업,AI·ESS·주주환원에 베팅…새로 꼽힌 '단기 유망주 10선',"해성디에스는 로봇·산업용 반도체 수요 확대에 따른 리드프레임 판가와 출하량 개선이, RFHIC는 방산 매출 증가와 미국 주파수 경매, 국내 5G SA·6G 투자 재개 가능성이 각각 성장 요인으로 평가됐다. ◆ESS·방산도... ",https://www.ebn.co.kr/news/articleView.html?idxno=1724995,https://www.ebn.co.kr/news/articleView.html?idxno=1724995,"Mon, 21 Sep 2026 06:00:00 +0900",2026-09-22 10:30:40
통신/5G,6G 개발,"SKT·KISTI, 양자암호망 디지털 트윈 개발…ECOC서 공개",기술을 개발했다. 서로 다른 양자 시스템을 국제표준 기반으로 연동해 상호운용성과 확장성을 높이는 데... SKT는 지난 7월 ‘퀀텀코리아 2026’에서 인공지능(AI)·6G 시대를 대비한 차세대 양자암호 기술을 공개했다.... ,https://www.sentv.co.kr/article/view/sentv202609220055,https://www.sentv.co.kr/article/view/sentv202609220055,"Tue, 22 Sep 2026 09:46:00 +0900",2026-09-22 10:30:41
통신/5G,6G 개발,"지식재산처, ETRI와 핵심·표준특허 권리화·사업화 방안 논의",김용선 처장은 &quot;AI·6G 등 첨단기술은 기술을 개발하는 것만큼이나 핵심특허와 국제표준을 선점해 세계시장의 주도권을 확보하는 것이 중요하다&quot;면서 &quot;ETRI와 같은 국가대표 연구기관의 우수한 연구성과가 고가치... ,http://www.bizwnews.com/news/articleView.html?idxno=147082,http://www.bizwnews.com/news/articleView.html?idxno=147082,"Tue, 22 Sep 2026 09:38:00 +0900",2026-09-22 10:30:41
통신/5G,6G 개발,"지재처, ETRI와 AI·6G 핵심특허 선점 전략 논의",김용선 지재처장은 &quot;AI·6G 등 첨단기술은 기술을 개발하는 것만큼이나 핵심특허와 국제표준을 선점해 세계시장의 주도권을 확보하는 것이 중요하다&quot;며 &quot;ETRI와 같은 국가대표 연구기관의 우수한 연구성과가 고가치... ,http://www.paxetv.com/news/articleView.html?idxno=282486,http://www.paxetv.com/news/articleView.html?idxno=282486,"Mon, 21 Sep 2026 20:50:00 +0900",2026-09-22 10:30:41
통신/5G,6G 개발,"지식재산처-ETRI, 첨단기술 ‘핵심·표준특허’ 확보전략 논의","김 처장은 “AI, 6G 등 첨단기술은 개발하는 것만큼 핵심특허와 국제표준을 선점해 세계시장의 주도권을 확보하는 것이 중요하다”며 “ETRI 같은 국가대표 연구기관의 우수한 연구성과가 고가치 핵심특허와... ",https://www.kukinews.com/article/view/kuk202609210182,https://www.kukinews.com/article/view/kuk202609210182,"Mon, 21 Sep 2026 16:44:00 +0900",2026-09-22 10:30:41
통신/5G,6G 개발,'기술만 개발해선 부족'…AI·6G 연구성과 '특허'로 연결시킨다,"양 기관은 AI와 6G 등 미래 핵심기술 연구개발 과정에서 나온 성과를 핵심특허와 표준특허로 확보하고, 이를 기술이전과 사업화로 이어가기 위한 협력 방안을 논의했습니다. 첨단기술 경쟁이 개별 기술 개발을 넘어... ",https://www.tjb.co.kr/news05/bodo/view/id/103904,https://www.tjb.co.kr/news05/bodo/view/id/103904,"Mon, 21 Sep 2026 16:04:00 +0900",2026-09-22 10:30:41
통신/5G,6G 개발,"지식재산처 ETRI, 핵심 표준특허 권리 사업화 방안 논의","김용선 지식재산처장은 &quot;AI6G 등 첨단기술은 기술을 개발하는 것만큼이나 핵심특허와 국제표준을 선점해 세계시장 주도권을 확보하는 것이 중요하다&quot;며 &quot;연구성과가 고가치 핵심특허와 표준특허로 이어지고, 다시... ",https://biz.sbs.co.kr/article_hub/20000335966?division=NAVER,https://n.news.naver.com/mnews/article/374/0000534130?sid=101,"Mon, 21 Sep 2026 15:10:00 +0900",2026-09-22 10:30:41
통신/5G,6G 개발,"지식재산처·ETRI, 핵심·표준특허 권리·사업화 방안 논의","김용선 지식재산처장은 &quot;AI·6G 등 첨단기술은 기술을 개발하는 것만큼이나 핵심특허와 국제표준을 선점해 세계시장 주도권을 확보하는 것이 중요하다&quot;며 &quot;연구성과가 고가치 핵심특허와 표준특허로 이어지고, 다시... ",https://www.yna.co.kr/view/AKR20260921079200063?input=1195m,https://n.news.naver.com/mnews/article/001/0016326653?sid=101,"Mon, 21 Sep 2026 15:00:00 +0900",2026-09-22 10:30:41
통신/5G,6G 개발,"프로게이너, 10종 단백질 담은 ‘프로TEN’ 출시","프로TEN 초코렛은 1회 제공량 기준 145kcal이며 단백질 26g, 탄수화물 6g, 지방 1.5g, 식이섬유 1,500mg을 함유했다.... 목표로 개발했다”고 말했다. 이어 “성분과 맛, 가격을 모두 중요하게 생각하는 소비자들이 꾸준히 섭취할... ",http://www.beyondpost.co.kr/view.php?ud=2026092114110325979aeda69934_30,http://www.beyondpost.co.kr/view.php?ud=2026092114110325979aeda69934_30,"Mon, 21 Sep 2026 14:42:00 +0900",2026-09-22 10:30:41
통신/5G,6G 개발,"광운대, 6G 자유공간 광통신 초소형화 성공…양방향 75Gbps 달성",광운대학교는 이상신 전자공학과 교수 연구팀의 루시펑(Xipeng Lu) 석박통합과정생이 6G 자유공간 광통신 시스템의 초소형·고집적화를 위한 집적형 광학 플랫폼을 개발했다고 21일 밝혔다. 자유공간 광통신은 광섬유... ,https://www.mt.co.kr/policy/2026/09/21/2026092114264833873,https://n.news.naver.com/mnews/article/008/0005416767?sid=102,"Mon, 21 Sep 2026 14:36:00 +0900",2026-09-22 10:30:41
통신/5G,6G 개발,통신사만의 6G 끝났다…엔비디아·AWS까지 뛰어든 이유,"삼성전자는 이번에 새롭게 6GIF에 합류한 엔비디아와 이전부터 6G 관련 협업을 진행해왔다. 업계에 따르면, 엔비디아는 삼성전자가 과학기술정보통신부, 통신 3사와 구성한 '코리아팀'과 AI-RAN 장비 공동 연구개발... ",https://www.newspim.com/news/view/20260921000616,https://www.newspim.com/news/view/20260921000616,"Mon, 21 Sep 2026 13:21:00 +0900",2026-09-22 10:30:41
통신/5G,6G 개발,"[IT과학칼럼] AI의 미래, 5년 뒤를 먼저 준비하라","AI 과학자, 피지컬 AI, AI 반도체와 AI 데이터센터, 안전한 AI, 온디바이스 AI, AI-Native 6G와 위성통신, 산업... 반세기 동안 축적한 역량을 하나로 연결해 국가 AI·ICT 연구개발 플랫폼으로 발전시키는 것이 무엇보다... ",https://biz.heraldcorp.com/article/10880415?ref=naver,https://n.news.naver.com/mnews/article/016/0002700180?sid=105,"Mon, 21 Sep 2026 11:05:00 +0900",2026-09-22 10:30:41
통신/5G,6G 개발,"[우주항공 룩업] 나라스페이스, 위성 데이터 사업 확대…수주 전환 과제","나라스페이스테크놀로지가 저궤도 초소형위성 플랫폼 개발·제조부터 위성 운용, 영상 분석까지 사업 영역을 넓히고 있다. 최근에는 우주 부품 검증과 6G 위성통신, 위성영상 기반 금융 데이터 등으로 사업 범위를... ",https://www.bloter.net/news/articleView.html?idxno=674037,https://n.news.naver.com/mnews/article/293/0000090724?sid=105,"Mon, 21 Sep 2026 09:10:00 +0900",2026-09-22 10:30:41
통신/5G,6G 개발,"[AX·6G③] 알뜰폰, 가입자 늘린 다음은? SKT가 꺼낸 '자생력 과제'","신상민 SK텔레콤 정책개발실장 부사장은 &quot;알뜰폰이 이미 통신시장의 경쟁축으로 성장했다&quot;라며 &quot;자생력과... 앞으로도 이런 목표는 중요하지만, AI와 6G에 필요한 인프라를 누가 구축하고 투자할지도 함께 따져야 한다고... ",http://www.economytalk.kr/news/articleView.html?idxno=424222,http://www.economytalk.kr/news/articleView.html?idxno=424222,"Mon, 21 Sep 2026 07:00:00 +0900",2026-09-22 10:30:41
통신/5G,6G 개발,[삼성전자] 美 실리콘밸리서 AI 기술 포럼 / '갤럭시 클래스룸' / 기후산...,"기업 개발자와 주요 경영진이 참석한 가운데 AI와 로보틱스 비전, 사업 전략을 공유했다고 20일 밝혔다.... ■ 삼성전자, 버라이즌과 6G 통신·센싱 융합기술 현장 실증 삼성전자는 미국 이동통신사 버라이즌과 함께 AI... ",https://www.webeconomy.co.kr/news/articleView.html?idxno=2313020,https://www.webeconomy.co.kr/news/articleView.html?idxno=2313020,"Sun, 20 Sep 2026 21:12:00 +0900",2026-09-22 10:30:41
통신/5G,6G 개발,[AINEX 2026]육·해·공 '통합 거버넌스' 필요…규제개선·실증 우선 과,"연구개발(R&amp;D), 투자 환경 조성이 필요하다는 목소리가 나왔다. 특히 테슬라와 스타링크 서비스 결합처럼... 전문가들은 지상(AI-RAN·6G), 해저(해저케이블), 우주(저궤도 위성통신) 영역별 고도화를 이어가되 정부가 3개... ",https://www.etnews.com/20260919000029,https://n.news.naver.com/mnews/article/030/0003468416?sid=105,"Sun, 20 Sep 2026 08:01:00 +0900",2026-09-22 10:30:41
통신/5G,6G 개발,익숙한 감자·고구마의 변신…유통업계 가을 신상 쏟아졌다,숙성크림 카레고로케에는 이번 협업을 위해 별도로 개발한 삼송빵집 전용 카레 소스가 들어간다. 협업... 알룰로스로 단맛을 냈고 한 봉지에 단백질 6g을 담았다. 기존 그래놀라를 그릇에 담아 먹는 방식에서 벗어나... ,https://www.segye.com/newsView/20260919502084?OutUrl=naver,https://n.news.naver.com/mnews/article/022/0004160285?sid=101,"Sat, 19 Sep 2026 08:22:00 +0900",2026-09-22 10:30:41
통신/5G,6G 개발,"'기지국 센서' 삼성, '차량 통신' LG…6G 영토 선점 가속",삼성전자는 자체 개발한 기지국 시제품을 바탕으로 KT의 시험 통신 환경과 키사이트의 6G 시험 단말을 활용해 기술적 타당성을 확인했다. 연구진은 7㎓ 대역에서 8개의 데이터 스트림을 동시 전송해 5G 대비 약 2배... ,https://it.chosun.com/news/articleView.html?idxno=2023092170444,https://it.chosun.com/news/articleView.html?idxno=2023092170444,"Sat, 19 Sep 2026 06:30:00 +0900",2026-09-22 10:30:41
통신/5G,6G 개발,"[AX·6G①] 새 통신서비스의 문턱 낮추자… KT, 출시 후 검증 제안",AI와 6G 시대에 필요한 서비스를 개발하고 네트워크 투자를 확대하려면 사업자가 시장에서 시도할 기회를 확보해야 한다는 취지다. 9월17일 서은일 KT 통신정책담당은 서울 중구 한국프레스센터에서 열린 고려대학교... ,http://www.economytalk.kr/news/articleView.html?idxno=424219,http://www.economytalk.kr/news/articleView.html?idxno=424219,"Fri, 18 Sep 2026 17:40:00 +0900",2026-09-22 10:30:41
금융,금융 주가,"고유가發 먹거리 물가 상승 … 음식료주, 실적·배당 '두 토끼' 잡나",22일 금융투자업계에 따르면 음식료 업종 가운데 단기 실적 모멘텀이 가장 강한 분야로 라면과 빙과가... 연말부터 내년 초까지 이어질 생산능력 확대 기대까지 더해지면서 라면 업체들의 실적 모멘텀이 주가에 반영될... ,https://biz.newdaily.co.kr/site/data/html/2026/09/22/2026092200071.html,https://biz.newdaily.co.kr/site/data/html/2026/09/22/2026092200071.html,"Tue, 22 Sep 2026 10:28:00 +0900",2026-09-22 10:30:42
금융,금융 주가,&quot;도대체 누가 시작했나&quot;…삼전닉스 레버리지 ETF 국감에 증권가 긴장,정부와 금융당국은 상품의 위험성과 투자자 보호 문제를 얼마나 검토했는지가 주요 쟁점이 될 전망이다. 특히 상품 출시 이후 삼성전자와 SK하이닉스의 주가 변동성이 커지면서 투자자 보호를 위한 보완책이 잇따라 나온... ,https://www.imaeil.com/page/view/2026092210080761835,https://n.news.naver.com/mnews/article/088/0001029931?sid=101,"Tue, 22 Sep 2026 10:27:00 +0900",2026-09-22 10:30:42
금융,금융 주가,미래에셋증권·한화투자증권 등 증권株 일제히 강세,"22일 오전 10시 10분 기준 미래에셋증권 주가는 5.01% 상승한 3만 3550원에, 한화투자증권은 3.97% 상승한 4840원에 거래 중이다. 삼성증권 2.83%, 한국금융지주 2.01%, 키움증권 0.95%, 각각 오르고 있다. 코스피 지수가... ",https://www.gukjenews.com/news/articleView.html?idxno=3703026,https://www.gukjenews.com/news/articleView.html?idxno=3703026,"Tue, 22 Sep 2026 10:22:00 +0900",2026-09-22 10:30:42
금융,금융 주가,[STOCK톺] 비트코인 상승에 관련주 '불기둥'…비트플래닛 21%·우리기술투...,"관련주가 강세를 보이고 있다. 22일 한국거래소에 따르면 이날 오전 10시 기준 비트플래닛은 전... 우리기술투자는 여신전문금융업법상 신기술사업금융업, 시설대여업 및 할부금융업을 영위하는 회사다. 지난... ",http://www.newsian.co.kr/news/articleView.html?idxno=95820,http://www.newsian.co.kr/news/articleView.html?idxno=95820,"Tue, 22 Sep 2026 10:18:00 +0900",2026-09-22 10:30:42
금융,금융 주가,거래대금 늘자 증권株 들썩…미래에셋증권·한화투자증권 '신바람',"메리츠금융지주와 신영증권, 케이프 등이 내림세를 나타내고 있다. 최근 주가 흐름에 따른 차익실현 매물과 개별 종목의 수급 여건 등이 영향을 미치는 것으로 풀이된다. 증권주를 둘러싼 관심은 거래대금 증가가 실제... ",https://www.pinpointnews.co.kr/news/articleView.html?idxno=489457,https://www.pinpointnews.co.kr/news/articleView.html?idxno=489457,"Tue, 22 Sep 2026 10:08:00 +0900",2026-09-22 10:30:42
금융,은행 산업,"추석 앞두고 53억원 먼저 풀었다... IPARK현대산업개발, 협력사 대금 17일...",IBK기업은행과 연계한 'I-ONE JOB' 온라인 채용관을 통해 협력회사의 인력 채용도 지원한다. 계약이행보증률 감면과 인지세 지원 등 협력회사의 비용 부담을 낮추는 제도도 함께 운영하고 있다.IPARK현대산업개발은... ,https://www.insight.co.kr/news/574624,https://www.insight.co.kr/news/574624,"Tue, 22 Sep 2026 10:28:00 +0900",2026-09-22 10:30:42
금융,은행 산업,나디아 모하마드 글로벌 HR 헤드의 기조연설 [포토],SC은행의 경험과 글로벌 인재·리더십 전략'을 주제로 기조연설을 하고 있다. 이투데이와 여성금융인네트워크가 개최한 대한민국 여성금융인 국제 콘퍼런스는 AI 시대 금융산업의 경쟁력과 리더십의 해법을 모색하는... ,https://www.etoday.co.kr/news/view/2628449,https://www.etoday.co.kr/news/view/2628449,"Tue, 22 Sep 2026 10:26:00 +0900",2026-09-22 10:30:42
금융,은행 산업,"파크골프, 금융·IT 결합으로 새 서비스 나온다..하나은행, 픽셀소프트...",파크골프 산업 활성화를 위한 콘텐츠도 공동 개발한다. 특히 디지털 기기 사용에 어려움을 겪는 시니어층의 모바일 접근성을 높이는 등 디지털 포용에도 협력할 계획이다. 하나은행 관계자는 “금융과 스포츠 IT... ,https://kpenews.com/View.aspx?No=4237762,https://kpenews.com/View.aspx?No=4237762,"Tue, 22 Sep 2026 10:26:00 +0900",2026-09-22 10:30:42
금융,은행 산업,"&quot;예약부터 결제까지 한 번에&quot;…하나은행, 파크골프 디지털 전환 지원",하나은행은 서울 중구 을지로 본점에서 파크골프 통합 플랫폼 운영사 픽셀소프트웨어와 '새로운 파크골프... 파크골프 산업 활성화를 위한 다양한 콘텐츠 개발과 운영에도 힘을 모은다. &quot;시니어 스포츠에 디지털 더한다... ,http://www.spochoo.com/news/articleView.html?idxno=130357,https://m.sports.naver.com/golf/article/529/0000078649,"Tue, 22 Sep 2026 10:24:00 +0900",2026-09-22 10:30:42
금융,은행 산업,"하나은행-픽셀소프트웨어, 파크골프 통합 플랫폼 MOU…시니어 맞춤 금융...",하나은행과 ㈜픽셀소프트웨어가 파크골프 산업 활성화를 위해 협력을 진행한다. 양사는 서울 중구 을지로에 위치한 하나은행 본점에서 파크골프 경험을 새롭게 제공하는 업무협약을 체결했다. 이번 협약을 통해 두 기관은... ,https://www.cbci.co.kr/news/articleView.html?idxno=608937,https://www.cbci.co.kr/news/articleView.html?idxno=608937,"Tue, 22 Sep 2026 10:24:00 +0900",2026-09-22 10:30:42
금융,은행 산업,KB국민은행 '조이올팍 페스티벌' 성황…가을밤 음악으로 물들다,"올해 축제는 국민체육진흥공단이 주최하고 한국체육산업개발과 KB국민은행이 공동 주관했다. 단순한 공연 관람을 넘어 음악과 체험, 금융 콘텐츠, 소상공인 상생 프로그램을 한 공간에서 즐길 수 있도록 행사 구성을... ",https://www.job-post.co.kr/news/articleView.html?idxno=228643,https://www.job-post.co.kr/news/articleView.html?idxno=228643,"Tue, 22 Sep 2026 10:22:00 +0900",2026-09-22 10:30:42
금융,은행 산업,"산은·기업은행, 1200억 공동펀드…혁신기업 성장·상장 지원",펀드조성안./산업은행 산업은행과 기업은행이 상장을 준비하는 중소·중견기업의 성장을 지원하기 위해 1200억원 규모의 펀드를 조성한다. 한국산업은행은 IBK기업은행 및 양 기관 계열사와 함께 중소·중견기업의 혁신... ,http://www.metroseoul.co.kr/article/20260922500107,http://www.metroseoul.co.kr/article/20260922500107,"Tue, 22 Sep 2026 10:22:00 +0900",2026-09-22 10:30:42
금융,은행 산업,친환경 소비와 대중교통 이용 연계한 '모두의 그린카드' 출시,"기후에너지환경부와 국토교통부는 21일 오후 비씨(BC)카드 본사(서울 중구 소재)에서 한국환경산업기술원... 광주은행, 제주은행, 경남은행, 수협, 아이엠(IM)뱅크 등 6개 카드사에서 선보인다. '모두의 그린카드'는 친환경... ",http://www.ikld.kr/news/articleView.html?idxno=341185,http://www.ikld.kr/news/articleView.html?idxno=341185,"Tue, 22 Sep 2026 10:20:00 +0900",2026-09-22 10:30:42
금융,핀테크 시장,"카카오그룹, 파이어블록스 맞손…스테이블코인 기반 차세대 금융망 검증",최근 핀테크 및 금융업권은 스테이블코인을 비롯한 디지털 자산의 제도화 흐름에 발맞춰 글로벌 인프라... 기관급 보안과 정산 체계를 갖춘 온체인 솔루션 확보는 향후 차세대 디지털 금융 시장에서 서비스 안정성을... ,https://www.cnbnews.com/news/articleView.html?idxno=1016868,https://www.cnbnews.com/news/articleView.html?idxno=1016868,"Tue, 22 Sep 2026 10:18:00 +0900",2026-09-22 10:30:43
금융,핀테크 시장,"카카오그룹, '파이어블록스'와 디지털 자산 생태계 구축 협력을 위한 MO...",협약은 태동기를 맞은 국내 디지털 자산 시장에 안정적인 온체인 인프라를 보급하고 초기 생태계를 다지기 위해 추진됐다. 앞서 카카오그룹은 전 국민이 이용하는 플랫폼의 강점과 핀테크-은행을 아우르는 전문성... ,https://www.etnews.com/20260922000169,https://n.news.naver.com/mnews/article/030/0003469240?sid=101,"Tue, 22 Sep 2026 10:17:00 +0900",2026-09-22 10:30:43
금융,핀테크 시장,"&quot;디지털자산 인프라 구축&quot;…카카오그룹, 파이어블록스와 MOU",이번 협약은 태동기를 맞은 국내 디지털 자산 시장에 안정적인 온체인 인프라를 보급하고 초기 생태계를 다지기 위해 추진됐다. 앞서 카카오그룹은 전 국민이 이용하는 플랫폼의 강점과 핀테크·은행을 아우르는 전문성... ,https://www.joongangenews.com/news/articleView.html?idxno=549972,https://www.joongangenews.com/news/articleView.html?idxno=549972,"Tue, 22 Sep 2026 10:14:00 +0900",2026-09-22 10:30:43
금융,핀테크 시장,"페이업, 모바일상품권 B2B 유통 사업 진출…PG 정산 역량 활용",전자지급결제대행(PG) 핀테크 전문기업 페이업(대표 문병래)이 모바일상품권 B2B 유통 사업에 본격 진출한다고 밝혔다. 10여 년간 전자결제 시장에서 쌓아온 결제·정산 시스템과 기업 간 네트워크를 기반으로 브랜드 상품권... ,https://www.itbiznews.com/news/articleView.html?idxno=225745,https://www.itbiznews.com/news/articleView.html?idxno=225745,"Tue, 22 Sep 2026 10:10:00 +0900",2026-09-22 10:30:43
금융,핀테크 시장,"카카오페이·카카오뱅크, 파이어블록스와 한국형 디지털자산 생태계 구...","이번 협력은 국내 디지털자산 시장의 초기 생태계 구축을 지원하고 안정적인 온체인 인프라를 마련하기 위해 추진됐다. 카카오그룹은 전 국민이 이용하는 플랫폼과 핀테크·은행 분야의 전문성, 블록체인 기술력을... ",https://www.g-enews.com/view.php?ud=202609220950494277cd0bfacc1c_1,https://www.g-enews.com/view.php?ud=202609220950494277cd0bfacc1c_1,"Tue, 22 Sep 2026 10:08:00 +0900",2026-09-22 10:30:43
금융,핀테크 시장,"카카오페이·카카오뱅크, 파이어블록스와 디지털자산 인프라 협력","이번 협약은 국내 디지털 자산 시장에 필요한 온체인 인프라를 마련하고 초기 생태계를 구축하기 위해 추진됐다. 카카오그룹은 플랫폼과 핀테크·은행 분야의 전문성, 블록체인 기술력을 바탕으로 국내 디지털 자산... ",http://www.ftoday.co.kr/news/articleView.html?idxno=365934,http://www.ftoday.co.kr/news/articleView.html?idxno=365934,"Tue, 22 Sep 2026 09:58:00 +0900",2026-09-22 10:30:43
금융,핀테크 시장,'홍콩판 통안채' 외환기금채권 토큰화…디지털채권 원스톱서비스도,외환기금채권 토큰화 시범사업은 HKMA의 시장 인프라 측면에서 중요한 진전으로 평가된다. 홍콩의 중앙결제... 홍콩 정부의 이번 조치는 디지털자산과 핀테크를 홍콩의 핵심 성장동력으로 육성하려는 전략의 일환이다.... ,https://www.edaily.co.kr/News/Read?newsId=03047126645582744&mediaCodeNo=257&utm_source=naver&utm_medium=referral&utm_campaign=news_syndication&utm_content=original_article,https://n.news.naver.com/mnews/article/018/0006374168?sid=101,"Tue, 22 Sep 2026 09:55:00 +0900",2026-09-22 10:30:43
금융,핀테크 시장,"카카오페이·뱅크, 파이어블록스와 디지털자산 인프라 구축 맞손",이번 협약은 국내 디지털 자산 시장에 안정적인 인프라를 보급하고 초기 생태계를 다지기 위해 추진됐다.... 지난 7월에는 글로벌 핀테크 기업 서클과 원화 스테이블코인 등 블록체인 기반 결제 인프라와 디지털 자산... ,https://www.news1.kr/it-science/internet-platform/6298436,https://n.news.naver.com/mnews/article/421/0009185341?sid=105,"Tue, 22 Sep 2026 09:51:00 +0900",2026-09-22 10:30:43
금융,핀테크 시장,"&quot;디지털금융 전환기, 디지털자산 위한 신용평가 필요&quot;","은행권이 시장을 주도하고, 신뢰성 확보 이후 핀테크 기업으로 확장할 수 있을 것”이라고 말했다. 정혁진 실장은 “온체인 금융자산이 늘어나는 전환기일수록 신용평가의 역할은 더 커질 수밖에 없다”라며 “디지털... ",https://it.donga.com/109575/,https://it.donga.com/109575/,"Tue, 22 Sep 2026 09:50:00 +0900",2026-09-22 10:30:43
금융,핀테크 시장,서장훈의 '방송인 가치' 얼마일까…평가모형이 산출한 1850억원,프로농구 코트를 떠난 지 10년이 넘은 서장훈이 방송시장에서 어느 정도의 경제적 가치를 갖고 있을까.... 핀테크연구소(대표 임명수)가 20일 작성한 '방송인 서장훈의 E-SAI 연예인사회인정지수·E-SAV... ,https://www.fntoday.co.kr/news/articleView.html?idxno=393621,https://www.fntoday.co.kr/news/articleView.html?idxno=393621,"Tue, 22 Sep 2026 09:36:00 +0900",2026-09-22 10:30:43
금융,핀테크 시장,지출 관리는 ‘AI 핀테크’… 소비패턴·카드혜택 맞춤 분석[2026 추석특...,"추석 연휴 동안 명절 선물과 가족 모임, 여행 등에 쓴 지출을 점검하려는 수요가 늘면서 핀테크업계가 ‘명절 자금 관리’ 시장 공략에 나섰다. 단순히 결제 내역을 보여주는 데 그치지 않고 소비 습관을 분석하는... ",https://www.munhwa.com/article/11618797?ref=naver,https://n.news.naver.com/mnews/article/021/0002820527?sid=101,"Tue, 22 Sep 2026 09:18:00 +0900",2026-09-22 10:30:43
금융,핀테크 시장,"트래블월렛, 거래액 10조·카드 발급 1000만장 돌파",서비스 시장으로 성장했다&quot;며 &quot;누적 카드 발급 1000만장과 거래액 10조원은 이러한 변화에 대한 소비자의 수요를 보여주는 지표&quot;라고 말했다. 한편 트래블월렛은 2017년 설립된 글로벌 외환·결제 핀테크 기업으로... ,http://www.hansbiz.co.kr/news/articleView.html?idxno=867369,http://www.hansbiz.co.kr/news/articleView.html?idxno=867369,"Tue, 22 Sep 2026 09:14:00 +0900",2026-09-22 10:30:43
금융,핀테크 시장,"&quot;기존 계좌로 장외주식 매매&quot;…키움증권, Npay비상장과 교차거래 시스템...",증권사와 핀테크 플랫폼이 손을 잡고 비상장주식 시장의 거래 접근성을 높이기 위한 교차거래 시스템을 구축한다. 키움증권은 비상장주식 거래 플랫폼 네이버페이 비상장과 비상장주식 교차거래 시스템 도입을 위한... ,https://www.thefairnews.co.kr/news/articleView.html?idxno=88795,https://www.thefairnews.co.kr/news/articleView.html?idxno=88795,"Tue, 22 Sep 2026 09:12:00 +0900",2026-09-22 10:30:43
금융,핀테크 시장,[글로벌 온체인 금융 빅뱅①] 달러 패권 시즌2…美 '혁신 면제'로 24시간...,"KYC(신원 인증), AML(자금세탁 방지) 등의 기술적 요건만 구비하면 토큰 증권거래소의 허가를 면제해주고, 금융권은 물론이고 핀테크 등 모든 회사들이 온체인 시장에 뛰어들 수 있도록 하겠다는 것이다. 앳킨스는 이를... ",https://www.goodkyung.com/news/articleView.html?idxno=291605,https://www.goodkyung.com/news/articleView.html?idxno=291605,"Tue, 22 Sep 2026 08:44:00 +0900",2026-09-22 10:30:43
금융,핀테크 시장,"[모닝 리포트] &quot;신한베트남은행,이제는 수익성 확보가 관건&quot;","신한금융 계열사인 증권·보험사와의 연계를 통한 금융상품 및 서비스 확대, 현지 핀테크 기업과의 협업을 통한 고마진 사업 발굴도 주요 전략으로 제시됐다. DB증권은 베트남 금융시장의 구조적 변화가 본격화되는... ",https://www.newspim.com/news/view/20260922000128,https://www.newspim.com/news/view/20260922000128,"Tue, 22 Sep 2026 08:35:00 +0900",2026-09-22 10:30:43
금융,핀테크 시장,"[미국 특징주] &quot;GPT·클로드 비싸&quot;...스타트업들, 저비용 AI 모델 자체 구...",두 AI 대기업이 조만간 시장의 큰 관심을 받을 기업공개(IPO)를 준비 중인 가운데 이 같은 움직임은 이들의... 핀테크 분야에서는 램프와 로고 등 스타트업이 처음으로 자체 모델 훈련을 검토하고 있다. 스페이스X 산하로... ,https://www.newspim.com/news/view/20260922000057,https://www.newspim.com/news/view/20260922000057,"Tue, 22 Sep 2026 08:08:00 +0900",2026-09-22 10:30:43
금융,핀테크 시장,"웨이브릿지, '브릿지 서울 2026' 10월 1일 개최…기관 위한 디지털자산 ...","먼저 더불어민주당 민병덕 의원, 국민의힘 최은석 의원과 한국핀테크산업협회 김종현 회장이 축사를 전합니다. 국내 키노트는 웨이브릿지 오종욱 대표가 맡아 '한국 디지털자산 시장의 다음 5년'을 발표합니다.... ",http://mbnmoney.mbn.co.kr/news/view?news_no=MM1005925500,http://mbnmoney.mbn.co.kr/news/view?news_no=MM1005925500,"Tue, 22 Sep 2026 08:02:00 +0900",2026-09-22 10:30:43
금융,핀테크 시장,"'소액주주 달래기 나선' 카카오, 바닥 다지고 반등 가능할까","꺼냈지만 시장 반응은 아직 냉랭하다. 카카오 경영진은 소액주주와 간담회 등 시장과 소통을 강화하고... 신설법인 카카오AI는 인공지능(사업)에 집중하고 존속법인 카카오X는 핀테크, 모빌리티, 엔터테인먼트 사업을... ",https://news.bizwatch.co.kr/article/mobile/2026/09/18/0016,https://n.news.naver.com/mnews/article/648/0000050983?sid=105,"Tue, 22 Sep 2026 07:40:00 +0900",2026-09-22 10:30:43
금융,핀테크 시장,국채부터 ETF까지 토큰화 확산…10월 STO 써밋서 미래 논한다,"내년 2월 제도 시행을 앞두고 증권사와 운용사, 은행은 물론 STO 발행을 준비하는 기업과 핀테크·블록체인 사업자, 투자자까지 향후 토큰화 금융시장의 방향을 한자리에서 살펴볼 수 있는 장이 될 전망이다. 참가는 STO... ",https://www.edaily.co.kr/News/Read?newsId=02463286645582744&mediaCodeNo=257&utm_source=naver&utm_medium=referral&utm_campaign=news_syndication&utm_content=original_article,https://n.news.naver.com/mnews/article/018/0006374026?sid=101,"Tue, 22 Sep 2026 07:31:00 +0900",2026-09-22 10:30:43
리츠/부동산,리츠 주가,나이키·맥도날드·LVMH…이 낡은 주식들을 살 때일까? [흔들리는 제국...,올해 들어서만 주가가 40% 넘게 폭락하며 52주 최저가 수준(36달러 선)까지 추락한 나이키는 결국 올 9월 미국... 치약으로 유명한 생필품 제국 콜게이트파몰리브와 미국 최대 프리미엄 아울렛 리츠인... ,https://magazine.hankyung.com/business/article/202609169543b,https://n.news.naver.com/mnews/article/050/0000111198?sid=101,"Tue, 22 Sep 2026 08:12:00 +0900",2026-09-22 10:30:44
리츠/부동산,리츠 주가,"삼성FN리츠, 유상증자 1차 발행가액 주당 5,140원 산정","이번 1차 발행가액은 신주배정기준일 전 제3거래일을 기산일로 한 기준주가에 4.5%의 할인율을 적용해 산정됐다. 삼성FN리츠 측은 향후 구주주 청약일 전 제3거래일을 기산일로 2차 발행가액을 산정한 뒤, 1차와 2차... ",https://www.fntoday.co.kr/news/articleView.html?idxno=393552,https://www.fntoday.co.kr/news/articleView.html?idxno=393552,"Mon, 21 Sep 2026 11:50:00 +0900",2026-09-22 10:30:44
리츠/부동산,리츠 주가,"은행 예금 넣어두면 3.5%인데…“배당수익률 21%, 비교불가 ETF 나왔다”",리츠·배당주 ETF뿐 아니라 커버드콜 ETF에서도 두 자릿수 배당수익률을 기록한 상품들이 나타났다.... 구간에서의 주가 흐름 등을 고려해 상품을 선별했다고 설명했다. 예금금리와 비교하면 배당형 ETF의... ,https://www.etnews.com/20260920000033,https://n.news.naver.com/mnews/article/030/0003468487?sid=101,"Sun, 20 Sep 2026 11:41:00 +0900",2026-09-22 10:30:44
리츠/부동산,리츠 주가,"[핫이슈] 폭스바겐의 비명, 15조원 비용 폭탄에 이익률 1% 추락",아르노 안틀리츠 폭스바겐 최고재무책임자(CFO)는 로이터가 입수한 내부 메모에서 &quot;더 이상 지체할 시간이... 18일 폭스바겐 주가는 5.6% 하락했고 포르쉐 주가는 3.3% 떨어졌다. 폭스바겐의 최대주주인 포르쉐SE도 자체... ,https://www.the-today.com/news/articleView.html?idxno=90403,https://www.the-today.com/news/articleView.html?idxno=90403,"Sat, 19 Sep 2026 06:58:00 +0900",2026-09-22 10:30:44
리츠/부동산,리츠 주가,&quot;은행에 넣으면 3.5%인데&quot;…배당수익률 21% 찍은 ETF 뭐길래[주末머니],"배당수익률은 최근 12개월간 실제로 지급된 분배금을 현재 주가로 나눈 수치다. 부동산 분야 ETF 가운데 1위는 TIGER 리츠부동산인프라로 배당수익률은 9.80%, 1년 전 대비 배당이 18.6% 올랐다. 12개월 합산... ",https://view.asiae.co.kr/article/2026091717091648809,https://n.news.naver.com/mnews/article/277/0005818632?sid=101,"Fri, 18 Sep 2026 18:06:00 +0900",2026-09-22 10:30:44
리츠/부동산,리츠 주가,[기자수첩] 공모 '흥행'에 가려진 투자자의 '이익' 성적표,"지난 11일 기준 올해 신규 상장한 일반 공모기업 28곳 가운데 22곳, 78.6%의 주가가 공모가를 밑돌았다. 공모가를 웃돈 기업은 6곳이었고, 28개사의 공모가 대비 수익률 단순평균은 마이너스 19.1%였다. 스팩과 리츠를 제외한... ",https://www.financialpost.co.kr/news/articleView.html?idxno=275974,https://www.financialpost.co.kr/news/articleView.html?idxno=275974,"Thu, 17 Sep 2026 15:16:00 +0900",2026-09-22 10:30:44
리츠/부동산,리츠 주가,고금리·고유가 고착화…에너지·운송·금융주 담아라 [오일전문가의 배...,"기업들은 주가 조정 시마다 수량을 모아가기에 가장 적합하다. 대표적으로는 Exxonmobil, Chevron, Shell, Petrobras... 인플레이션 연동 자산 및 필수재: 고금리 환경은 일반 리츠에는 부담이지만 계약 구조상 물가 상승분을... ",https://magazine.hankyung.com/business/article/202609094736b,https://n.news.naver.com/mnews/article/050/0000111028?sid=101,"Thu, 17 Sep 2026 06:01:00 +0900",2026-09-22 10:30:44
리츠/부동산,리츠 주가,"은퇴 인컴, 가장 높은 수익률만 찾으면 안 되는 이유","배당수익률이 높은 영역은 유틸리티, 리츠, 에너지, 통신 등 특정 섹터에 몰려 있어 포트폴리오가 의도치 않게 한쪽으로 기울고, 배당수익률이 높은 이유가 주가 하락이나 성장 정체인 경우도 적지 않다. 최근 인기를 끄는... ",https://www.koreadaily.com/article/20260915183301895,https://www.koreadaily.com/article/20260915183301895,"Wed, 16 Sep 2026 10:34:00 +0900",2026-09-22 10:30:44
리츠/부동산,리츠 주가,AI 모델 출시 늦어져도 데이터센터는 부족…추론 수요가 새 동력,"AI 인프라의 근간이 되는 초대형 데이터센터 [사진: 셔터스톡] AI 개발 속도 조절론이 확산하면서 데이터센터 리츠 주가가 흔들렸지만, 데이터센터 수요까지 곧바로 꺾이지는 않을 것이라는 전망이 나왔다. 15일... ",https://www.digitaltoday.co.kr/news/articleView.html?idxno=700900,https://www.digitaltoday.co.kr/news/articleView.html?idxno=700900,"Wed, 16 Sep 2026 09:24:00 +0900",2026-09-22 10:30:44
리츠/부동산,리츠 주가,"한국투자증권, ELW 268종목 신규 상장 外","ELW는 개별 주식 또는 주가지수를 만기일에 미리 정한 가격으로 사고 팔 수 있는 권리를 거래하는 상품이다.... 우리자산신탁, 동대문'굿모닝시티'프로젝트 리츠로 재건축 추진 우리금융그룹 우리자산신탁(대표이사... ",https://www.rcast.co.kr/news/articleView.html?idxno=31634,https://www.rcast.co.kr/news/articleView.html?idxno=31634,"Wed, 16 Sep 2026 06:44:00 +0900",2026-09-22 10:30:44
리츠/부동산,리츠 주가,금리 상승에 리츠 ETF '찬바람'…주가 빠지고 순자산도 줄었다,돈도 빠졌다…50억원대까지 내려온 리츠 ETF 주가 하락과 함께 리츠 ETF의 순자산도 대부분 감소했다. 최근 3개월간 KODEX 미국부동산리츠인프라는 5112억원에서 4860억원으로 4.9% 줄었다. TIGER 미국MSCI리츠(합성 H)는... ,https://www.greened.kr/news/articleView.html?idxno=350140,https://www.greened.kr/news/articleView.html?idxno=350140,"Tue, 15 Sep 2026 16:30:00 +0900",2026-09-22 10:30:44
리츠/부동산,리츠 주가,9월 14일 주식시장 주요공시,"보통주 375,776주 소각 결정(소각예정일:2026-10-19) ▶케스피온, 최대주주가 푸른 소부장... 2023-11-06) ▶제이알글로벌리츠, (정정)회생절차개시신청(사유: 회생절차개시여부 결정의 보류(ARS프로그램 개시)... ",https://www.catchnews.kr/news/articleView.html?idxno=128423,https://www.catchnews.kr/news/articleView.html?idxno=128423,"Tue, 15 Sep 2026 08:48:00 +0900",2026-09-22 10:30:44
리츠/부동산,리츠 주가,밸류업株도 희비 교차… 롯데쇼핑·우리금융 웃고 SK하이닉스 울었다,"종목들의 주가가 엇갈리고 있다. 주주환원 확대 기대가 이어지는 금융·유통·소비재 종목에는 매수세가... 메리츠금융지주, 하나금융지주, KB금융, iM금융지주, JB금융지주, 신한지주, BNK금융지주, 기업은행, 카카오뱅크 등... ",https://www.pinpointnews.co.kr/news/articleView.html?idxno=486874,https://www.pinpointnews.co.kr/news/articleView.html?idxno=486874,"Mon, 14 Sep 2026 15:28:00 +0900",2026-09-22 10:30:44
리츠/부동산,리츠 주가,"[인터뷰] 한국리츠협회장 정병윤 &quot;상장리츠에도 삼성전자 필요, 대형 스...",정 회장은 &quot;최근 두 자릿수 배당수익률을 보이는 상장리츠들도 있지만 이는 배당이 크게 늘어서라기보다 주가가 많이 떨어진 영향이 크다&quot;고 말했다. 금리라는 외부 변수뿐 아니라 국내 리츠를 둘러싼 각종 규제 역시... ,https://www.businesspost.co.kr/BP?command=article_view&num=447064,https://www.businesspost.co.kr/BP?command=article_view&num=447064,"Mon, 14 Sep 2026 14:00:00 +0900",2026-09-22 10:30:44
리츠/부동산,리츠 주가,9월 14일 개장 전 주요 공시,향후 리츠 설립 후 본공사 도급계약을 다시 공시할 예정이라고 밝혔다. 우양피앤엘은 종속회사... 기준주가(1281원) 대비 할인율은 4.12%이며 납입일은 10월 1일이다. 전환사채 공시는 원문이 아직 등록되지 않았다.... ,https://www.seoulfn.com/news/articleView.html?idxno=637836,https://www.seoulfn.com/news/articleView.html?idxno=637836,"Mon, 14 Sep 2026 07:00:00 +0900",2026-09-22 10:30:44
리츠/부동산,리츠 주가,삼전·닉스 떠나는 개미들,이 기간 SK하이닉스와 삼성전자 주가가 각각 두 자릿수와 한 자릿수 상승률을 기록하면서 차익실현... 2차전지와 리츠 ETF도 순매수 상위권에 올랐다. 반면 상반기 개인 자금이 집중됐던 반도체 ETF에서는 매물이... ,http://www.smedaily.co.kr/news/articleView.html?idxno=363095,http://www.smedaily.co.kr/news/articleView.html?idxno=363095,"Sun, 13 Sep 2026 10:24:00 +0900",2026-09-22 10:30:44
리츠/부동산,리츠 주가,[마켓 뷰] 삼전·닉스 팔고 금·원전·전력기기로…반도체 일변도의 개...,"금·원전·리츠·전력기기·2차전지 등으로 투자처를 넓히고 있는 것으로 나타났다. 미국 증시에서도... 상반기 코스피 상승장에서 개인 투자자들이 반도체주를 사들이며 주가 하단을 받쳐줬다면, 이제는 오히려... ",https://www.moneystorm.kr/news/articleView.html?idxno=6434,https://www.moneystorm.kr/news/articleView.html?idxno=6434,"Sun, 13 Sep 2026 09:24:00 +0900",2026-09-22 10:30:44
리츠/부동산,리츠 주가,&quot;올라도 못 믿겠다&quot;...삼전닉스 반등에도 팔아치우는 개미들,"대형주라는 말이 무색할 정도로 두 반도체의 어지러운 급등락을 경험한 개인들의 투자 심리가 주가... (108억원), 'TIGER 리츠부동산인프라'(89억원), 'KODEX AI전력핵심설비'(38억원) 순으로 순매수액이 많았다.... ",http://www.metroseoul.co.kr/article/20260913500013,http://www.metroseoul.co.kr/article/20260913500013,"Sun, 13 Sep 2026 08:54:00 +0900",2026-09-22 10:30:44
리츠/부동산,부동산 시장,"현대건설, 팀 코리아 필두 '3500억 원' 시드니 아파트 개발 착수",현대건설이 글로벌 선진 시장의 부동산 개발 사업에 본격 뛰어들며 단순 시공을 넘어 '글로벌 디벨로퍼'로서의 영토 확장에 속도를 내고 있다. 현대건설은 22일 한국해외인프라도시개발지원공사(KIND)... ,http://www.popcornnews.net/news/articleView.html?idxno=133822,http://www.popcornnews.net/news/articleView.html?idxno=133822,"Tue, 22 Sep 2026 10:24:00 +0900",2026-09-22 10:30:44
리츠/부동산,부동산 시장,현대건설 호주 시드니 초고층 아파트 개발,"현대건설 관계자는 해외 선진시장 진출을 주요 성장 전략으로 삼고 경쟁력 제고에 집중하고 있다며, 양질의 데이터와 네트워크를 확보해 글로벌 부동산 시장에 조기 안착하겠다고 말했습니다. 최근 국내 주요... ",https://www.newsclaim.co.kr/news/articleView.html?idxno=3076231,https://www.newsclaim.co.kr/news/articleView.html?idxno=3076231,"Tue, 22 Sep 2026 10:22:00 +0900",2026-09-22 10:30:44
리츠/부동산,부동산 시장,"현대건설, 호주 시드니 45층 임대아파트 투자…사업비 3500억",현대건설 관계자는 &quot;해외 선진 주택시장 진출을 핵심 성장 전략으로 삼고 있다&quot;며 &quot;현지 주택 건설 데이터와 네트워크를 쌓아 글로벌 부동산 시장에 빨리 자리 잡겠다&quot;고 밝혔다.,https://www.fetv.co.kr/news/articleView.html?idxno=310648,https://www.fetv.co.kr/news/articleView.html?idxno=310648,"Tue, 22 Sep 2026 10:20:00 +0900",2026-09-22 10:30:44
리츠/부동산,부동산 시장,"KIND, 호주 시드니 초고층 아파트 개발사업 투자계약 체결",KIND 관계자는 “이번 투자계약은 KIND가 공공 디벨로퍼로서 국내 우수 건설사 및 금융사와 손잡고 해외 선진 주택ㆍ부동산 시장에 성공적으로 진출한 대표적인 민관협력 모델”이라고 설명했다. crystal@,https://www.dnews.co.kr/uhtml/view.jsp?idxno=202609220918456770066,https://www.dnews.co.kr/uhtml/view.jsp?idxno=202609220918456770066,"Tue, 22 Sep 2026 10:20:00 +0900",2026-09-22 10:30:44
리츠/부동산,부동산 시장,"현대건설·GS건설, 해외 개발·피지컬 AI로 사업 경쟁력 확대",현대건설 관계자는 &quot;주택 수요 확대가 예상되는 해외 선진시장 진출을 주요 성장 전략으로 삼고 있다&quot;며 &quot;현지 주택 건설 데이터와 네트워크를 확보해 글로벌 부동산 시장에서 경쟁력을 높이겠다&quot;고 말했다. GS건설... ,https://www.newstnt.com/news/articleView.html?idxno=719678,https://www.newstnt.com/news/articleView.html?idxno=719678,"Tue, 22 Sep 2026 10:20:00 +0900",2026-09-22 10:30:44
리츠/부동산,부동산 시장,[경제한방] ‘주담대 8%’ 충격파 더 빨라진다…대출금리도 줄인상?,이 때문에 부동산 시장에서는 대출 금리 부담에 대한 불안도가 높아지고 있는데요. 고금리 속 나에게 맞는 ‘현명한 대출 전략’은 무엇일까요? 지금은 고정금리와 변동금리 중 어떤 게 더 현명한 선택일까요?... ,https://news.kbs.co.kr/news/pc/view/view.do?ncd=8669373&ref=A,https://n.news.naver.com/mnews/article/056/0012261655?sid=101,"Tue, 22 Sep 2026 10:18:00 +0900",2026-09-22 10:30:44
리츠/부동산,부동산 시장,"현대건설, 호주 시드니 초고층 아파트 개발 사업 투자계약 체결",기반으로 경쟁력 제고에 집중하고 있다”며 “다양한 해외 사업을 통해 양질의 현지 주택 건설 데이터와 네트워크를 확보하는 동시에 최적의 사업 전략을 수립해 글로벌 부동산 시장에 조기 안착할 것”이라고 말했다.,https://www.dizzotv.com/site/data/html_dir/2026/09/22/2026092280042.html,https://www.dizzotv.com/site/data/html_dir/2026/09/22/2026092280042.html,"Tue, 22 Sep 2026 10:18:00 +0900",2026-09-22 10:30:44
리츠/부동산,부동산 시장,이재명 &quot;강남불패·부동산투기공화국 과거로&quot;…공적주택 119만호 공급,정부가 2030년까지 공적주택 119만호를 공급하는 '주거안정플랜'을 내놓은 직후 공급 확대와 주택 수요 관리를 통해 부동산 시장을 안정시키겠다는 정책 기조를 다시 강조한 것이다. 22일 이 대통령은 자신의 엑스(X·옛... ,http://www.4th.kr/news/articleView.html?idxno=2118516,http://www.4th.kr/news/articleView.html?idxno=2118516,"Tue, 22 Sep 2026 10:18:00 +0900",2026-09-22 10:30:44
리츠/부동산,부동산 시장,"현대건설, 호주 시드니 초고층 아파트 개발 투자계약 체결...해외 부동산...",기반으로 경쟁력 제고에 집중하고 있다&quot;며 &quot;다양한 해외 사업을 통해 양질의 현지 주택 건설 데이터와 네트워크를 확보하는 동시에 최적의 사업 전략을 수립해 글로벌 부동산 시장에 조기 안착할 것&quot;이라고 밝혔다.,https://www.nextdaily.co.kr/news/articleView.html?idxno=253277,https://www.nextdaily.co.kr/news/articleView.html?idxno=253277,"Tue, 22 Sep 2026 10:16:00 +0900",2026-09-22 10:30:44
리츠/부동산,부동산 시장,"현대건설, KIND·한투리얼에셋과 시드니 45층 아파트 개발사업 투자계약",기반으로 경쟁력 제고에 집중하고 있다&quot;며 &quot;다양한 해외 사업을 통해 양질의 현지 주택 건설 데이터와 네트워크를 확보하는 동시에 최적의 사업 전략을 수립해 글로벌 부동산 시장에 조기 안착할 것&quot;이라고 말했다.,http://www.newslock.co.kr/news/articleView.html?idxno=136763,http://www.newslock.co.kr/news/articleView.html?idxno=136763,"Tue, 22 Sep 2026 10:16:00 +0900",2026-09-22 10:30:44
리츠/부동산,부동산 시장,"KIND, 시드니 45층 아파트 개발 투자…내년 3월 착공",KIND 관계자는 &quot;이번 투자계약은 KIND가 공공 디벨로퍼로서 국내 우수 건설사 및 금융사와 손잡고 해외 선진 주택·부동산 시장에 성공적으로 진출한 대표적인 민관협력 모델&quot;이라며 &quot;앞으로도 KIND는 정책금융 지원과... ,https://www.newspim.com/news/view/20260922000304,https://www.newspim.com/news/view/20260922000304,"Tue, 22 Sep 2026 10:14:00 +0900",2026-09-22 10:30:44
리츠/부동산,부동산 시장,"현대건설, 호주 시드니 초고층 주택 개발…'팀 코리아' 첫 성과","현대건설은 이번 사업을 발판으로 선진 부동산 시장의 데이터와 현지 네트워크를 축적하고, 향후 해외 투자 개발형 사업 비중을 점진적으로 확대해 글로벌 디벨로퍼로서의 입지를 확고히 다진다는 구상이다. [AI Q&amp;A] Q.... ",https://www.newspim.com/news/view/20260922000276,https://www.newspim.com/news/view/20260922000276,"Tue, 22 Sep 2026 10:13:00 +0900",2026-09-22 10:30:44
리츠/부동산,부동산 시장,"현대건설, 시드니 초고층아파트 짓는다…'글로벌 디벨로퍼' 속도",현대건설 관계자는 &quot;주택 수요 확대가 예상되는 해외 선진시장 진출을 주요 성장 전략으로 추진하고 있다&quot;며 &quot;현지 주택사업 경험과 네트워크를 확보해 글로벌 부동산 시장에서 사업 기반을 넓혀가겠다&quot;고 말했다.,https://www.mt.co.kr/estate/2026/09/22/2026092209573489380,https://n.news.naver.com/mnews/article/008/0005417170?sid=101,"Tue, 22 Sep 2026 10:12:00 +0900",2026-09-22 10:30:44
리츠/부동산,부동산 시장,"현대건설, 호주 시드니에 3500억원 임대주택 개발…45층·260세대",기반으로 경쟁력 제고에 집중하고 있다”며 “다양한 해외 사업을 통해 양질의 현지 주택 건설 데이터와 네트워크를 확보하는 동시에 최적의 사업 전략을 수립해 글로벌 부동산 시장에 조기 안착할 것”이라고 말했다.,https://www.ddaily.co.kr/page/view/2026092210092879859,https://n.news.naver.com/mnews/article/138/0002242328?sid=101,"Tue, 22 Sep 2026 10:10:00 +0900",2026-09-22 10:30:44
리츠/부동산,부동산 시장,"李대통령 &quot;부동산투기공화국, 이제 과거 이야기&quot;...주택공급 의지 강조","정부가 대규모 공적주택 공급 계획을 내놓은 지 하루 만에 이 대통령이 직접 부동산 시장 안정 의지를 재차 강조한 것이다. 정부는 오는 2030년까지 공적주택을 연평균 약 24만호, 총 119만호 공급하는 내용을 골자로 한... ",http://www.newsfc.co.kr/news/articleView.html?idxno=81304,http://www.newsfc.co.kr/news/articleView.html?idxno=81304,"Tue, 22 Sep 2026 10:06:00 +0900",2026-09-22 10:30:44
리츠/부동산,부동산 시장,"현대건설, 호주 시드니 초고층 개발 착수…팀 코리아로 글로벌 영토 확...",기반으로 경쟁력 제고에 집중하고 있다&quot;며 &quot;다양한 해외 사업을 통해 양질의 현지 주택 건설 데이터와 네트워크를 확보하는 동시에 최적의 사업 전략을 수립해 글로벌 부동산 시장에 조기 안착할 것&quot;이라고 밝혔다.,https://www.ebn.co.kr/news/articleView.html?idxno=1725261,https://www.ebn.co.kr/news/articleView.html?idxno=1725261,"Tue, 22 Sep 2026 10:06:00 +0900",2026-09-22 10:30:44
리츠/부동산,부동산 시장,수도권 집값 상승에 '북시흥' 주목...힐스테이트 시흥더클래스 선착순 ...,이에 따라 부동산 시장에서는 서울과 생활권을 공유하면서도 상대적으로 가격 상승이 덜 반영된 지역을 찾으려는 수요가 이어지고 있다. 특히 교통망 확충이 예정돼 있고 인접 도시의 생활 인프라를 이용할 수 있는... ,https://www.joongangenews.com/news/articleView.html?idxno=549954,https://www.joongangenews.com/news/articleView.html?idxno=549954,"Tue, 22 Sep 2026 10:04:00 +0900",2026-09-22 10:30:44
리츠/부동산,상업용 부동산,창원 상업용 부동산 회복세… 창원시청 등 핵심상권 공실률 하락,"침체기를 지나온 창원 상업용 부동산 시장이 안정을 되찾으며 회복세를 이어가고 있다. 창원시청을 필두로 한 핵심 상권의 공실률이 일제히 줄어들면서, 주요 상권 전반에 유동인구가 돌아오고 활력이 도는 분위기다.... ",http://www.ikld.kr/news/articleView.html?idxno=341179,http://www.ikld.kr/news/articleView.html?idxno=341179,"Tue, 22 Sep 2026 10:00:00 +0900",2026-09-22 10:30:45
리츠/부동산,상업용 부동산,"신영에셋, 수도권 물류센터 리포트 발간…&quot;시장 분석 및 투자 전략 담아...","한편, 신영에셋은 투자·매입매각 자문과 임대차 자문을 핵심 사업으로 운영하고 있는 상업용 부동산 전문 컨설팅사다. 누적 거래 규모는 약 9조4000억원, 임대차 실적은 512건으로 알려졌으며, 기존 오피스 중심에서... ",https://www.econovill.com/news/articleView.html?idxno=751499,https://www.econovill.com/news/articleView.html?idxno=751499,"Tue, 22 Sep 2026 09:26:00 +0900",2026-09-22 10:30:45
리츠/부동산,상업용 부동산,"[단독] 롯데 '3조 원' 호찌민 에코스마트시티, 상업시설 10월 첫 삽","현지 부동산 개발사 팟닷(Phát Đạt)이 사업 시행법인 지분 35%를 인수한 데 이어 세부 공사 일정을... 시설과 상업용 저층 포디움(khối đế), 지하층 개발은 전담해 진행한다. 이번 착공 일정은 팟닷이 단독... ",https://www.the-today.com/news/articleView.html?idxno=90551,https://www.the-today.com/news/articleView.html?idxno=90551,"Tue, 22 Sep 2026 08:18:00 +0900",2026-09-22 10:30:45
리츠/부동산,상업용 부동산,"쿠시먼앤드웨이크필드, 롯데물산과 부동산 자산관리 협력",상업용 부동산 시장에서 대형 복합자산의 운영 효율과 임대 경쟁력이 중요해지면서 전문 PM과 글로벌 자문사 간 협업도 확대되는 분위기다. 황점상 쿠시먼앤드웨이크필드 코리아 대표는 “이번 협약은 양사가 보유한... ,https://www.ajunews.com/view/20260922080550678,https://www.ajunews.com/view/20260922080550678,"Tue, 22 Sep 2026 08:10:00 +0900",2026-09-22 10:30:45
리츠/부동산,상업용 부동산,[단독] 신동빈 10년 공들인 베트남 ‘투티엠 프로젝트’ 10월에 첫 삽 뜬...,베트남 부동산 대기업 팟닷은 &quot;다음 달 23일 롯데 에코스마트시티 투티엠의 상업 및 서비스 시설인 2-1·2-3 구역을 착공할 예정&quot;이라고 밝혔다. 전체 면적 약 17만1580㎡인 두 구역에는 상업용 빌딩 2개 동과 4층 규모의... ,https://www.theguru.co.kr/news/article.html?no=107396,https://www.theguru.co.kr/news/article.html?no=107396,"Tue, 22 Sep 2026 07:46:00 +0900",2026-09-22 10:30:45
리츠/부동산,상업용 부동산,"미·유럽서 아시아로⋯공무원연금, 해외 부동산 출자 2배 ‘쑥’",JLL에 따르면 올해 상반기 세계 상업용 부동산의 국경간(크로스보더) 투자액은 전년 동기보다 56% 증가했다. 아시아 유입액은 193억달러로 4배 늘었다. 다만 차입비용과 국가별 경기 차이가 남아 있어 자산 선별의... ,https://www.etoday.co.kr/news/view/2628056,https://www.etoday.co.kr/news/view/2628056,"Tue, 22 Sep 2026 05:00:00 +0900",2026-09-22 10:30:45
리츠/부동산,상업용 부동산,강남엔 안 짓고 왜 우리 동네만? '깜깜이 착공'에 번진 데이터센터 공포,"또 다른 시행사 관계자는 &quot;일반 상업용 부동산은 여러 임차인을 받으려고 처음부터 유연하게 설계하지만, 데이터센터는 용도가 딱 정해진 설비&quot;라며 &quot;전력부터 냉각까지 모든 설비가 맞물려 있어 한 단계만 어긋나도... ",https://www.hankookilbo.com/news/article/A2026090713220005464?did=NA,https://n.news.naver.com/mnews/article/469/0000955425?sid=102,"Tue, 22 Sep 2026 04:31:00 +0900",2026-09-22 10:30:45
리츠/부동산,상업용 부동산,"“미 아파트 임대업자 대출, 10년간 2천4백조 원 만기 온다”","미 모기지은행협회(MBA)에 따르면 2026∼2028년 만기가 돌아오는 아파트 관련 대출만 약 7천570억 달러(약 1천41조 원)로, 상업용 부동산 가운데 가장 큰 규모입니다. 올해만 약 3천억 달러(약 412조원), 내년에는 2천230억... ",https://news.kbs.co.kr/news/pc/view/view.do?ncd=8669082&ref=A,https://n.news.naver.com/mnews/article/056/0012261495?sid=104,"Tue, 22 Sep 2026 01:58:00 +0900",2026-09-22 10:30:45
리츠/부동산,상업용 부동산,美아파트 임대업자 대출 10년간 2천475조원 만기…차환 비상,"미 모기지은행협회(MBA)에 따르면 2026∼2028년 만기가 돌아오는 아파트 관련 대출만 약 7천570억달러(약 1천41조원)로, 상업용 부동산 가운데 가장 큰 규모다. 올해에만 약 3천억달러(약 412조원), 내년에는 2천230억달러(약... ",https://www.yna.co.kr/view/AKR20260922001400072?input=1195m,https://n.news.naver.com/mnews/article/001/0016328081?sid=104,"Tue, 22 Sep 2026 01:27:00 +0900",2026-09-22 10:30:45
리츠/부동산,상업용 부동산,"제주대동 '그린스케이프', 상반기 매출 41억 돌파 40% 급증… F&amp;B·문화예...",전략은 상업용 부동산의 자산 가치를 리레이팅하고 장기적 현금흐름 창출력을 지탱하는 정밀한 자본 배치 전략이기 때문이다. 특히 지자체 산하 창업 지원 기관 및 공공 문화 행사와 유기적으로 연계해 콘텐츠 유치... ,https://www.nbntv.kr/news/articleView.html?idxno=340839,https://www.nbntv.kr/news/articleView.html?idxno=340839,"Mon, 21 Sep 2026 23:42:00 +0900",2026-09-22 10:30:45
리츠/부동산,상업용 부동산,[허프 생각] '초고령화 대한민국' 시니어사업 수요 늘었지만 자본 부담...,"상업용 부동산 종합 서비스 기업 알스퀘어가 15일 발간한 '국민 3명 중 1명이 시니어, 한국은 준비되었나?'에 따르면 한국의 시니어 주거시설 공급률은 0.1%에 불과하다. 미국 5.6%, 영국 4.4%, 일본 2.1%보다 현저히 낮은... ",https://www.huffingtonpost.kr/article/260707,https://www.huffingtonpost.kr/article/260707,"Mon, 21 Sep 2026 18:00:00 +0900",2026-09-22 10:30:45
리츠/부동산,상업용 부동산,"롱위켄드하우스, IT·AI 무인운영 기반 ‘유휴자산 밸류업’",숙박 위탁운영 전문기업 롱위켄드하우스(Long Weekend Haus)가기존 주거·상업용 부동산이나 활용도가 낮아진 유휴자산을 고수익 숙박 자산으로 재탄생시키는 '유휴자산 밸류업(Value-add)' 솔루션을 제공하고 있다고... ,https://www.dnews.co.kr/uhtml/view.jsp?idxno=202609211625406660015,https://www.dnews.co.kr/uhtml/view.jsp?idxno=202609211625406660015,"Mon, 21 Sep 2026 16:42:00 +0900",2026-09-22 10:30:45
리츠/부동산,상업용 부동산,"마스턴운용, 파트너십으로 사업 반경 확대…&quot;외인 투자 유치서 ESG까지&quot;",지난 4월에는 삼성물산과 스마트빌딩 플랫폼 '바인드(Bynd)'를 상업용 부동산에 활용하는 업무협약을 체결한 바 있다. 삼성물산의 기술 역량과 마스턴투자운용의 운용·개발 노하우를 결합한 협업 모델을 구체화한다는... ,https://www.dailian.co.kr/news/view/1693088/?sc=Naver,https://n.news.naver.com/mnews/article/119/0003135129?sid=101,"Mon, 21 Sep 2026 16:02:00 +0900",2026-09-22 10:30:45
리츠/부동산,상업용 부동산,7월 서울 상업용 부동산 실거래액 2.6조…초대형 거래 의존 줄었다,서울 상업·업무용 부동산 실거래 추이 [자료=알스퀘어] 21일 상업용 부동산 종합 서비스 기업 '알스퀘어'가 국토교통부 실거래가 자료를 분석한 결과 지난 7월 서울 상업·업무용 부동산 거래규모는 2조6272억원... ,https://www.newspim.com/news/view/20260921000954,https://www.newspim.com/news/view/20260921000954,"Mon, 21 Sep 2026 15:49:00 +0900",2026-09-22 10:30:45
리츠/부동산,상업용 부동산,[건설사 생존전략⑤] 집만 지어서는 못 버틴다… 비주택 사업 키우는 건...,"상업용 건물과 토목·공공 인프라 등 비주택 수주를 확대하는 동시에 원전·소형모듈원전(SMR), 데이터센터... 신보연 세종대 부동산AI융합학과 교수는 “중소 건설사의 생존전략은 규모 확장보다 선택과 집중에 맞춰져야... ",https://www.viva100.com/article/20260921500824,https://www.viva100.com/article/20260921500824,"Mon, 21 Sep 2026 15:14:00 +0900",2026-09-22 10:30:45
리츠/부동산,상업용 부동산,"'강동역 SK 리더스뷰 아트리움' 상업시설, 지하 1층 임대 완료","상가 지하 1층의 전체 면적은 약 2,479㎡(약 750평) 규모로, 상업용 부동산 임대 전문 기업과의 업무 제휴를 통해 전 호실의 임차인 유치가 마무리되었다. 해당 층에는 키즈카페와 캣카페 등 여가 시설을 비롯해 대형 외식... ",https://www.newspim.com/news/view/20260921000772,https://www.newspim.com/news/view/20260921000772,"Mon, 21 Sep 2026 14:05:00 +0900",2026-09-22 10:30:45
리츠/부동산,상업용 부동산,"AI 데이터센터 투자, ‘몇 MW냐’만 봐선 안 된다…사업성 가르는 조건...","이번 세미나는 CCIM 회원뿐 아니라 데이터센터 개발과 투자, 상업용 부동산에 관심 있는 일반인도 참가할 수 있다. 자세한 내용과 참가 신청 방법은 CCIM한국협회 홈페이지에서 확인할 수 있다. 경규민 한경닷컴 기자",https://www.hankyung.com/article/202609217997O,https://n.news.naver.com/mnews/article/015/0005334599?sid=101,"Mon, 21 Sep 2026 13:01:00 +0900",2026-09-22 10:30:45
리츠/부동산,상업용 부동산,"【공시 모니터링】 하나금융, 기후위험 충당금 2050년 최대 3조원…전환...",하나금융은 발전·발전PF·철강·시멘트·알루미늄·제지·상업용 부동산 등 7개 다배출 업종에 대한 투자금액 6조8000억원을 취약자산으로 분류했다(2024년 KSSB 기후공시 기준). 다만 전체 포트폴리오 대비 취약자산의... ,http://www.impacton.net/news/articleView.html?idxno=20388,http://www.impacton.net/news/articleView.html?idxno=20388,"Mon, 21 Sep 2026 11:56:00 +0900",2026-09-22 10:30:45
리츠/부동산,상업용 부동산,"신한은행, 집코노미 박람회서 내 집 마련·절세법 맞춤상담","상담을 맡는 부동산투자자문센터는 주거용·상업용 부동산 전문가와 감정평가사 등 전문 인력 6명으로 구성돼 있다. 2017년 출범 이후 부동산 가치 평가와 투자 자문, 세무 상담을 함께 제공해 왔다. 개인 고객의 주택 구입... ",https://www.hankyung.com/article/202609206466i,https://n.news.naver.com/mnews/article/015/0005334557?sid=101,"Mon, 21 Sep 2026 10:50:00 +0900",2026-09-22 10:30:45
리츠/부동산,상업용 부동산,"뉴욕시, 길거리 상점 세입자 리스 만료 후 최대 1년 더 입주 허용 추진",아울러 자신의 조례안이 지속적인 상업용 임대료 규제를 만드는 것은 아니라고 덧붙였다. 대신 기존 길거리... 그러나 부동산업계 종사자 다수는 이번 임대연장 조례안의 실효성을 두고 반대하고 있다. 뉴욕부동산위원회... ,https://www.koreadaily.com/article/20260920174614094,https://www.koreadaily.com/article/20260920174614094,"Mon, 21 Sep 2026 09:46:00 +0900",2026-09-22 10:30:45
건설/인프라,건설 주가,"美 연준, 다시 긴축 가나…금리 4.1% 전망에 월가 ‘긴장’",■ 원전주 차별화: 해외 신규 원전 건설 확대 기대가 설계·주기기·건설 업체로 쏠리면서 같은 원전 관련주 사이에서도 주가 흐름이 뚜렷이 갈라졌다. 반면 한국전력은 고유가에 따른 연료비와 구입전력비... ,https://www.sedaily.com/article/20093779?ref=naver,https://n.news.naver.com/mnews/article/011/0004664392?sid=101,"Tue, 22 Sep 2026 10:01:00 +0900",2026-09-22 10:30:46
건설/인프라,건설 주가,"대우건설 주가, 9월 22일 장중 18,640원 1.91% 상승","|중앙이코노미뉴스 조용우 기자|출처=네이버페이 증권 22일 오전 9시 35분 기준, 네이버페이 증권에 따르면 대우건설 주가는 지난 종가 18,290원보다 350원 상승한 18,640원에 거래되고 있다. 등락률은 1.91%를... ",https://www.joongangenews.com/news/articleView.html?idxno=549934,https://www.joongangenews.com/news/articleView.html?idxno=549934,"Tue, 22 Sep 2026 09:48:00 +0900",2026-09-22 10:30:46
건설/인프라,건설 주가,"메타 '뮤즈' 돌풍에 반도체株 강세…코스피 장 초반 2%대 급등, 7150선","미국 증시에서 인공지능(AI)과 반도체 관련주가 강세를 보인 흐름이 국내 시장에도 이어지면서... 업종별로는 증권과 전기·전자, 건설 업종의 상승 폭이 크다. 음식료·담배와 오락·문화, 제약 업종은 하락하고... ",https://www.slist.kr/news/articleView.html?idxno=768033,https://www.slist.kr/news/articleView.html?idxno=768033,"Tue, 22 Sep 2026 09:44:00 +0900",2026-09-22 10:30:46
건설/인프라,건설 주가,"코스피, 美증시 훈풍 힘입어 장 초반 2%대 오른 7,100대(종합)","간밤 뉴욕증시는 인공지능(AI) 관련주 강세에 힘입어 3대 주가지수가 동반 상승했다. 특히 기술주... 업종별로 보면 증권(3.97%), 전기·전자(2.92%), 건설(2.48%)의 상승률이 높다. 음식료·담배(-0.57%)와 오락·문화... ",https://www.yna.co.kr/view/AKR20260922038351008?input=1195m,https://n.news.naver.com/mnews/article/001/0016328515?sid=101,"Tue, 22 Sep 2026 09:29:00 +0900",2026-09-22 10:30:46
건설/인프라,건설 주가,"두산에너빌리티 8만6300원 1.17% 껑충…4거래일 연속 상승커브, SMR 기대...",소형모듈원자로(SMR)를 비롯한 원전 사업을 둘러싼 중장기 성장 기대가 이어지는 가운데 주가 흐름에도... 글로벌 SMR 프로젝트가 실제 건설과 기자재 발주 단계로 얼마나 빠르게 연결되는지가 향후 사업 측면에서... ,https://www.cbci.co.kr/news/articleView.html?idxno=608924,https://www.cbci.co.kr/news/articleView.html?idxno=608924,"Tue, 22 Sep 2026 09:28:00 +0900",2026-09-22 10:30:46
건설/인프라,건설 주가,"코스피, 美 반도체 훈풍에 장 초반 2%대 급등···삼전·하닉 강세","간밤 미국 기술주와 반도체주 강세가 이어진 가운데 삼성전자와 SK하이닉스 등 대형 반도체주가 동반... 업종별로는 전기·전자(3.04%), 건설(3.22%), 증권(2.59%), 제조(2.50%), 기계·장비(1.68%), IT서비스(2.08%), 통신... ",https://www.seoulfn.com/news/articleView.html?idxno=638504,https://www.seoulfn.com/news/articleView.html?idxno=638504,"Tue, 22 Sep 2026 09:27:00 +0900",2026-09-22 10:30:46
건설/인프라,건설 주가,대우건설 주가 상승 &quot;연간 수주목표 초과 달성 가능&quot;,대우건설 로고 대우건설 주가가 오르고 있다. 22일 오전 9시 11분 기준 대우건설은 3.94% 상승한 1만 9010원에 거래 중이다. 전날 유안타증권은 대우건설에 대해 목표주가 2만4000원과 투자의견 '매수(Buy)'로 커버리지를... ,https://www.gukjenews.com/news/articleView.html?idxno=3702959,https://www.gukjenews.com/news/articleView.html?idxno=3702959,"Tue, 22 Sep 2026 09:24:00 +0900",2026-09-22 10:30:46
건설/인프라,건설 주가,"NH투자증권 &quot;한화, EV에서 한화에어로스페이스 비중 69%&quot;","주가는 순자산가치(NAV) 대비 55.7% 할인된 수준”이라고 덧붙였다. 인적분할 이후에도 한화의 주요 현금흐름은 기존과 크게 달라지지 않을 것으로 봤다. 이 연구원은 &quot;브랜드 라이선스 수익과 배당수익, 자체사업인 건설... ",https://www.g-enews.com/view.php?ud=20260922084008278244093b5d4e_1,https://www.g-enews.com/view.php?ud=20260922084008278244093b5d4e_1,"Tue, 22 Sep 2026 09:20:00 +0900",2026-09-22 10:30:46
건설/인프라,인프라 산업,"외국인 관광객 3명 중 1명 지역 찾지만…&quot;서울 관광 온기, 지방으로 확산...",한국경제인협회(한경협)와 국회관광산업포럼은 22일 국회도서관에서 '지역경제 활력 제고를 위한 관광 법... 관광 인프라 세제 혜택 ▲국제행사 유치 단계부터 사후활용 로드맵 의무화 등을 제안했다. 또 관광객 수 중심의... ,http://www.newsian.co.kr/news/articleView.html?idxno=95822,http://www.newsian.co.kr/news/articleView.html?idxno=95822,"Tue, 22 Sep 2026 10:28:00 +0900",2026-09-22 10:30:46
건설/인프라,인프라 산업,[통신 View] &quot;B2B·소상공인·인프라 다 잡는다&quot;… AI·양자 기술로 체질...,"통신 본업을 넘어 AI와 보안, 유통 데이터까지 결합하며 산업 전반의 체질 개선을 가속화하는 모양새다. 22일 통신업계에 따르면 SK텔레콤은 국가 연구기관과 손잡고 차세대 보안 인프라 기술을 세계 무대에 선보였고... ",https://www.newscj.com/news/articleView.html?idxno=3434672,https://www.newscj.com/news/articleView.html?idxno=3434672,"Tue, 22 Sep 2026 10:28:00 +0900",2026-09-22 10:30:46
건설/인프라,인프라 산업,"완도군, '민선 9기 첫 주민 대화'... 현장 밀착 행정 속도",주요 인프라 분야에서는 약산~금일 연륙교 조기 착공을 포함한 연륙·연도교 및 관내 도로망 정비·확충이... 지역 경제의 근간을 이루는 농수산업 분야에 대한 지원 요구도 활발히 오갔다. 김 양식 신규 면허 확대와 해조류... ,https://www.newsworker.co.kr/news/articleView.html?idxno=505535,https://www.newsworker.co.kr/news/articleView.html?idxno=505535,"Tue, 22 Sep 2026 10:24:00 +0900",2026-09-22 10:30:46
건설/인프라,건설 수주,여의도 재건축 속도전…선두권 이주 속 후발주자도 닻 올려,"대교는 삼성물산, 한양아파트는 현대건설이 새로 짓는다. 지난 12일 삼성물산이 수주한 서울 영등포구 여의도 목화아파트 재건축('래미안 와이니티') 조감도. (사진=삼성물산)",https://www.theguru.co.kr/news/article.html?no=107423,https://www.theguru.co.kr/news/article.html?no=107423,"Tue, 22 Sep 2026 10:26:00 +0900",2026-09-22 10:30:47
건설/인프라,건설 수주,"LG에너지솔루션, 국내 배터리사 첫 엔디비아 데이터센터 BESS 합류","높은 안전성과 에너지 효율, 장수명을 갖추고 있을 뿐만 아니라 모듈형 설계를 통해 건설기간도... 북미 AI 인프라 사업 수주 확대...ESS 성장 가속화 LG에너지솔루션은 이번 'DSX 레디' 합류를 통해 빠르게... ",http://www.e2news.com/news/articleView.html?idxno=334482,http://www.e2news.com/news/articleView.html?idxno=334482,"Tue, 22 Sep 2026 10:26:00 +0900",2026-09-22 10:30:47
건설/인프라,건설 수주,"대보건설, 4년 연속 수주 1조원 돌파","지난해엔 7400억원 규모 수도권광역급행철도(GTX)-B 3공구, 용산국제업무지구 도시개발사업 단지조성공사 등을 수주한 바 있다. 대보건설 관계자는 &quot;향후 용인국가산업단지 등 대규모 기술형 입찰에도 적극 나설 것... ",http://www.metroseoul.co.kr/article/20260922500103,http://www.metroseoul.co.kr/article/20260922500103,"Tue, 22 Sep 2026 10:22:00 +0900",2026-09-22 10:30:47
건설/인프라,건설 수주,"&quot;한미, 웨스팅하우스 지분투자 문제 합의 도달 못해&quot;","우리 정부는 미국 내 신규 원전 8기 건설 프로젝트와 관련해 웨스팅하우스 지분 20% 안팎 확보를 목표로 협상에 임했지만, 미국 측은 지분율 상한을 7%대로 못 박은 것으로 전해졌습니다. 우리 정부는 체코 원전 수주 당시... ",https://news.sbs.co.kr/news/endPage.do?news_id=N1008765371&plink=ORI&cooper=NAVER,https://n.news.naver.com/mnews/article/055/0001390277?sid=104,"Tue, 22 Sep 2026 10:20:00 +0900",2026-09-22 10:30:47
건설/인프라,건설 수주,끝날 듯 안 끝나는 이란전쟁…고유가에도 버틸 코스피株는,방산업체는 중동의 방공망 수요 확대와 미국 업체들의 공급 여력 부족이 수주 기회로 이어질 수 있고 건설업체는 미국의 액화천연가스(LNG)와 복합화력발전·원전 투자 확대에 따른 수혜가 예상된다. 반대로 에너지 가격... ,https://www.newsway.co.kr/news/view?ud=2026092210053735096,https://www.newsway.co.kr/news/view?ud=2026092210053735096,"Tue, 22 Sep 2026 10:20:00 +0900",2026-09-22 10:30:47
건설/인프라,건설 수주,"현대로템, 현대車 스마트팩토리 기술 도입",매일건설신문=조영관 기자 | 현대로템이 항공우주 사업장 안전성을 높이기 위해 현대자동차의... 현대로템은 지난해 ADD가 발주한 장거리 공대공 유도탄 기체구조 및 추진기관 핵심기술 과제를 수주하며 기술력을... ,http://mcnews.co.kr/86685,http://mcnews.co.kr/86685,"Tue, 22 Sep 2026 10:18:00 +0900",2026-09-22 10:30:47
건설/인프라,건설 수주,"[단독]대우건설, 1.1조 목동8단지 새 이름 '써밋 디아보' 제안",첫 '써밋' 수주에 속도를 내고 있다. 22일 정비업계에 따르면 대우건설은 목동신시가지8단지 재건축 사업의 단지명으로 '써밋 디아보'를 제안할 예정이다. 대우건설은 '써밋 디아보'와 함께 'SUMMIT THE ARBOR' 등의 신규... ,https://www.newsway.co.kr/news/view?ud=2026092210042933593,https://www.newsway.co.kr/news/view?ud=2026092210042933593,"Tue, 22 Sep 2026 10:12:00 +0900",2026-09-22 10:30:47
건설/인프라,건설 수주,"대보건설, 4년 연속 수주 1조 돌파",지난해에는 7400억원 규모의 GTX-B 3공구와 용산국제업무지구 도시개발사업 단지조성공사 등을 수주한 바 있다. 대보건설 관계자는 &quot;용인국가산업단지 등 대규모 기술형 입찰에도 적극 나설 것&quot;이라며 &quot;수주 확대에... ,https://www.kfenews.co.kr/news/articleView.html?idxno=665087,https://www.kfenews.co.kr/news/articleView.html?idxno=665087,"Tue, 22 Sep 2026 10:10:00 +0900",2026-09-22 10:30:47
건설/인프라,건설 수주,"로이터 &quot;한미, 웨스팅하우스 지분투자 합의 아직&quot;","정부는 미국 내 신규 원전 8기 건설 프로젝트와 관련해 웨스팅하우스 지분 20% 안팎 확보를 목표로 협상에 임했지만, 미국 측은 지분율 상한을 7%대로 못 박은 것으로 전해졌습니다. 정부는 체코 원전 수주 당시 맺은 불리한... ",http://www.yonhapnewstv.co.kr/news/AKR20260922100849xmg,https://n.news.naver.com/mnews/article/422/0000908591?sid=104,"Tue, 22 Sep 2026 10:09:00 +0900",2026-09-22 10:30:47
건설/인프라,건설 수주,"대보건설, 대형 토목 수주 릴레이…4년 연속 '수주 1조' 달성","도화B-3블록, 양주회천 A-23 및 A-4블록, 남양주왕숙2 A8 및 A12블록 등 다수의 민간참여 공공주택건설사업을 수주했습니다. 아울러 송담고등학교 신축공사, 여주시 신청사 공사와 함께 2740억원 규모의 대형 프로젝트인... ",https://www.newspim.com/news/view/20260922000205,https://www.newspim.com/news/view/20260922000205,"Tue, 22 Sep 2026 10:09:00 +0900",2026-09-22 10:30:47
건설/인프라,건설 수주,"대보건설, 4년 연속 수주 1조 돌파… 9월에만 5200억 따냈다",지난해에는 7400억원 규모의 GTX-B 3공구와 용산국제업무지구 도시개발사업 단지조성공사 등을 수주했다. 대보건설은 대형 기술형 입찰을 중심으로 수주 확대에 나설 계획이다. 용인국가산업단지 등 대규모 기술형... ,https://www.mt.co.kr/estate/2026/09/22/2026092209192868699,https://n.news.naver.com/mnews/article/008/0005417161?sid=101,"Tue, 22 Sep 2026 10:08:00 +0900",2026-09-22 10:30:47
건설/인프라,건설 수주,"㈜서한, 새 주거 브랜드 ‘아르엘’ 론칭…울산에 첫 적용",수주액은 창사 이래 최대 규모다. 2026년 시공능력평가에서는 전국 49위에 올랐다. LH 우수시공업체에 13회 선정됐으며 ‘2026년 건설사업자간 상호협력평가’에서는 최우수 등급을 획득했다. 2017년 이후 10년 연속... ,https://sports.donga.com/life/article/all/20260922/134716819/1,https://n.news.naver.com/mnews/article/382/0001295281?sid=103,"Tue, 22 Sep 2026 10:06:00 +0900",2026-09-22 10:30:47
음식료/식품,식품 주가,"삼양식품 주가, 9월 22일 장중 1,257,000원 1.49% 하락","기업 가치 지표에서는 삼양식품의 주가수익비율(PER)이 19.42배로, 동일업종 평균 PER인 37.18배와 비교해 낮은 수준이다. 주당순이익(EPS)은 64,729원이며, 주가순자산비율(PBR)은 6.19배, 주당순자산(BPS)은 203... ",https://www.joongangenews.com/news/articleView.html?idxno=549993,https://www.joongangenews.com/news/articleView.html?idxno=549993,"Tue, 22 Sep 2026 10:24:00 +0900",2026-09-22 10:30:48
음식료/식품,식품 주가,"인터뷰 전문: 이만희 “강훈식 사퇴, 무슨 의미?…인사참사 세력 그대로...","▶ 이만희 : 식약처의 기본적인 성격을 이해를 해주셔야 하는 게, 여러 가지 식품이라든지 우리 먹는 것, 아플... 명백하게 주가 조작까지 연루된 그런 식약처를 상대로 한 청탁 로비가 맞습니다. 거기에 관련된 여러 가지... ",https://www.ichannela.com/news/main/news_detailPage.do?publishId=000000551686,https://n.news.naver.com/mnews/article/449/0000361636?sid=100,"Tue, 22 Sep 2026 09:54:00 +0900",2026-09-22 10:30:48
음식료/식품,식품 주가,추석 차례상 비용 하락?...체감 경기는 '팍팍' [뉴스UP],서울시농수산식품공사 조사에 따르면 특히 채소류 가격이 평균 1년 사이에 14.7%나 뛰어서 채소류를 많이 추석... 되면 주가는 하락할 수밖에 없거든요. 그럼에도 불구하고 최근에 워낙 반도체 경기가 좋아서 코스피가 다시... ,https://www.ytn.co.kr/_ln/0103_202609220832382981,https://n.news.naver.com/mnews/article/052/0002410082?sid=102,"Tue, 22 Sep 2026 08:32:00 +0900",2026-09-22 10:30:48
음식료/식품,식품 주가,"한미사이언스, 신약 컨트롤타워 가치 부각…iM證 “수익성 개선 가속”","화장품과 케어푸드, 건강기능식품 등 자체 헬스케어 사업 성장도 실적 개선에 힘을 보탤 것이란 전망이다.... 다만, 투자의견과 목표주가는 제시하지 않았다. 한미사이언스는 2010년 지주회사 체제로 전환하면서 기존... ",https://www.kukinews.com/article/view/kuk202609220009,https://www.kukinews.com/article/view/kuk202609220009,"Tue, 22 Sep 2026 08:28:00 +0900",2026-09-22 10:30:48
음식료/식품,식품 주가,“빅맥도 케첩도 안 먹는다”…주가 폭락·S&amp;P100 퇴출 [흔들리는 제국...,"‘하인즈 케첩’과 ‘필라델피아 크림 치즈’, ‘오레오’ 등 한국인들에게도 친숙한 글로벌 가공식품으로 식탁을 지배해온 이 거인은 지난 5년간 주가가 32.69% 폭락한데 이어 최근 24.73달러선까지 추락했다. 2019년... ",https://magazine.hankyung.com/business/article/202609179845b,https://n.news.naver.com/mnews/article/050/0000111197?sid=101,"Tue, 22 Sep 2026 08:11:00 +0900",2026-09-22 10:30:48
음식료/식품,식품 주가,[증시키워드] 삼성전자 27만원 회복·HLB 7%대 급등…삼성전기 ‘AI발 ML...,"미국 증시에서도 엔비디아와 브로드컴, AMD, 마이크론 등 주요 반도체주가 강세를 보였다. 수급은... 미국 식품의약국(FDA)으로부터 조건부 수용됐다는 소식이 주목받고 있다. 리라푸그라티닙이 최종 품목허가를... ",https://www.etoday.co.kr/news/view/2628261,https://www.etoday.co.kr/news/view/2628261,"Tue, 22 Sep 2026 08:04:00 +0900",2026-09-22 10:30:48
음식료/식품,식품 주가,[GAM]억만장자들 2Q 애브비 공격 입질 ② 52주 최고치 랠리에도 '더 간다...,"다만, 파킨슨병 치료제 후보물질 타바파돈(Tavapadon) 등 세레벨의 나머지 약물들이 임상 3상에 성공하면서 미 식품의약청(FDA)의 승인 절차를 밟고 있어 향후 제한적인 시너지 회복을 노리고 있다. 애브비 주가는... ",https://www.newspim.com/news/view/20260921000626,https://www.newspim.com/news/view/20260921000626,"Tue, 22 Sep 2026 08:01:00 +0900",2026-09-22 10:30:48
음식료/식품,식품 주가,바람 잘 날 없는 K바이오…오름 ‘임상 중단 쇼크’에 下[바이오 맥짚기...,"오름테라퓨틱 주가 추이 (자료=KG제로인 엠피닥터) BMS마저 개발 중단…오름, DAC 플랫폼 'PoC' 원점으로... 차기 주력 후보물질 ‘ORM-1153’은 지난달 미국 식품의약국(FDA)으로부터 임상시험계획(IND) 승인을 받아... ",https://www.edaily.co.kr/News/Read?newsId=02368166645582744&mediaCodeNo=257&utm_source=naver&utm_medium=referral&utm_campaign=news_syndication&utm_content=original_article,https://n.news.naver.com/mnews/article/018/0006374020?sid=105,"Tue, 22 Sep 2026 07:03:00 +0900",2026-09-22 10:30:48
음식료/식품,식품 주가,AI 에이전트 확산 기대에 반도체 강세…비트코인도 연중 최고 수준-[美증...,"그럼에도 내년 PC 시장의 위축 가능성과 실적 불확실성이 부각되면서 HP 주가는 4.22% 하락 마감했다. 그레일, 다중암 조기진단 검사 승인 기대 미국 식품의약국은 바이오기업 그레일 (GRAL)의 암 조기진단 혈액검사... ",http://www.wowtv.co.kr/NewsCenter/News/Read?articleId=A202609220004&t=NN,https://n.news.naver.com/mnews/article/215/0001266788?sid=101,"Tue, 22 Sep 2026 06:53:00 +0900",2026-09-22 10:30:48
음식료/식품,식품 주가,"[주요공시] 삼성물산, 에스엠벡셀, 제이스로보틱스, 셀트리온, 에코프로...",59% 오른 186만8000원으로 마감하는 등 반도체 대형주가 지수 상승을 주도했다. 서울외환시장에서 원... 회사는 최종 임상시험결과보고서 CSR을 수령했으며 이를 기반으로 2026년 4분기 식품의약품안전처에... ,https://www.kdpress.co.kr/news/articleView.html?idxno=208796,https://www.kdpress.co.kr/news/articleView.html?idxno=208796,"Mon, 21 Sep 2026 23:58:00 +0900",2026-09-22 10:30:48
음식료/식품,식품 주가,[급등락주 짚어보기] 비트플래닛·스카이랩스 '上'…코스닥 5개 종목 상...,병원과 일상을 연결하는 웨어러블 기반 혈압 관리 솔루션이 부각되는 가운데 해외 매출 확대와 미국 식품의약국(FDA) 허가 임상 준비 기대가 주가를 끌어올린 것으로 해석된다. 고령화와 만성질환 관리 수요 확대가... ,https://www.etoday.co.kr/news/view/2628217,https://www.etoday.co.kr/news/view/2628217,"Mon, 21 Sep 2026 22:02:00 +0900",2026-09-22 10:30:48
음식료/식품,식품 주가,"[올댓차이나] 대만 증시, 주말 美 반도체주 강세에 닷새째 상승 마감…...","주요 8대 업종 가운데 시장 비중이 절대적인 전자기기주가 1.33%, 시멘트·요업주 0.41%, 금융주 0.82% 올랐다. 하지만 석유화학주는 0.06%, 건설주 1.38%, 식품주 0.63%, 변동성이 심한 제지주 0.47%, 방직주 0.57... ",https://www.newsis.com/view/NISX20260921_0003799167,https://n.news.naver.com/mnews/article/003/0014206142?sid=104,"Mon, 21 Sep 2026 19:34:00 +0900",2026-09-22 10:30:48
음식료/식품,식품 주가,전북의 문화를 선물로...'서부수마트라주에서 펼친 K-이니셔티브',"도는 18일부터 20일까지 우호교류지역인 인도네시아 서부수마트라주를 방문해 '전북 주간' 행사를 개최하고... 전북자치도와 서부수마트라주는 2023년 우호교류의향서 체결을 시작으로 행정교류, 발효식품엑스포를 통한... ",https://sjbnews.com/news/news.php?number=888413,https://sjbnews.com/news/news.php?number=888413,"Mon, 21 Sep 2026 19:26:00 +0900",2026-09-22 10:30:48
음식료/식품,식품 주가,"[인도 특징주] 네슬레 인도, 분유 관련 광고 문제로 소송 직면","국가 규제 기관인 FSSAI는 탄산음료부터 초콜릿, 감자칩에 이르기까지, 포장 식품에 당, 나트륨, 지방 함량을 표시하는 경고 라벨을 부칠 것을 주문했다. 19일 오후 2시 45분 현재, 네슬레 인도법인 주가(인도... ",https://www.newspim.com/news/view/20260921001194,https://www.newspim.com/news/view/20260921001194,"Mon, 21 Sep 2026 18:23:00 +0900",2026-09-22 10:30:48
음식료/식품,식품 주가,"네슬레 유아식 비오틴 기준 미달…인도 당국, 3건 법적 조치",인도 식품안전청(FSSAI)이 네슬레의 유아용 팔로우업 포뮬라 제품에서 비오틴 함량이 기준에 미달한다고... 이번 조치 소식이 전해진 직후 인도 증시에서 네슬레 인도 주가는 약 3% 하락했다. 유아용 조제분유와... ,https://www.imaeil.com/page/view/2026092115334646477,https://n.news.naver.com/mnews/article/088/0001029839?sid=104,"Mon, 21 Sep 2026 18:07:00 +0900",2026-09-22 10:30:48
음식료/식품,음식료 산업,"[속보]삼전닉스 ‘쑥’…코스피, 9거래일 만 7100선 돌파","스탠더드앤드푸어스(S&amp;P)500지수는 1.49%, 다우존스30산업평균지수는 0.71% 각각 상승했다. 메타가 이달... 반면 음식료·담배(-0.32%)와 제약(-0.26%), 오락·문화(-0.04%) 등은 약세다. 시가총액 상위 종목 가운데... ",https://www.edaily.co.kr/News/Read?newsId=02788006645582744&mediaCodeNo=257&utm_source=naver&utm_medium=referral&utm_campaign=news_syndication&utm_content=original_article,https://n.news.naver.com/mnews/article/018/0006374104?sid=101,"Tue, 22 Sep 2026 09:04:00 +0900",2026-09-22 10:30:49
음식료/식품,음식료 산업,[굿모닝! 글로벌 뉴욕증시] AI 수요 신뢰 살아났다…AMD 1조달러 돌파·...,"업종별로는 기술장비, 소프트웨어·IT서비스, 경기관련 소비재, 소매, 은행·투자서비스, 산업서비스, 통신서비스 등이 상승했다. 반면 보험, 음식료, 운송, 유틸리티 등 일부 방어 업종은 약세를 보였다. 종목별로는... ",https://www.newsquest.co.kr/news/articleView.html?idxno=301403,https://www.newsquest.co.kr/news/articleView.html?idxno=301403,"Tue, 22 Sep 2026 08:16:00 +0900",2026-09-22 10:30:49
음식료/식품,음식료 산업,"안산시, 반월·시화국가산업단지서 환경정화 활동","경기 안산시가 시 승격 40주년을 맞아 반월·시화국가산업단지 일대에서 환경정화 활동을 벌였다고 21일... 반월·시화국가산단에는 음식료, 섬유의복, 비금속, 기계, 철강 등 약 1만여 개의 업체가 들어섰다.",https://www.news1.kr/local/gyeonggi/6297567,https://n.news.naver.com/mnews/article/421/0009183568?sid=102,"Mon, 21 Sep 2026 14:45:00 +0900",2026-09-22 10:30:49
음식료/식품,음식료 산업,"AI 올라탄 삼성·SK, 조선 잡은 HD현대…‘돈 되는 산업’이 그룹 운명 ...",◆석화·철강·배터리 의존 그룹 ‘체질 개선’ 시험대 반대로 기존 주력 산업의 구조적 부담을 안고 있는 그룹들은 사업 재편 압박이 커지고 있다. 롯데그룹은 음식료와 유통 사업의 안정성에도 불구하고 석유화학과... ,https://www.megaeconomy.co.kr/news/newsview.php?ncode=1065573470717084,https://www.megaeconomy.co.kr/news/newsview.php?ncode=1065573470717084,"Mon, 21 Sep 2026 09:42:00 +0900",2026-09-22 10:30:49
음식료/식품,음식료 산업,코스피 장 초반 1%대 강세…삼전 3%·SK하닉 1%대↑,"11%), 음식료·담배(-0.11%), 제약(-0.02%) 등은 약세다. 시가총액 상위 종목 중에선 삼성전기(3.75%), 삼성전자... 지난주 마지막 거래일 뉴욕증권거래소에서 다우존스30 산업평균지수는 0.18% 내렸으나... ",https://www.etoday.co.kr/news/view/2627799,https://www.etoday.co.kr/news/view/2627799,"Mon, 21 Sep 2026 09:16:00 +0900",2026-09-22 10:30:49
음식료/식품,음식료 산업,[굿모닝! 글로벌 뉴욕증시] 10년물 5% 부담에도 반도체 질주…젠슨 황이...,"자동차, 소매, 소프트웨어·IT서비스, 통신서비스, 재생에너지, 음식료, 금속·광업, 에너지, 산업서비스, 제약, 유틸리티 등이 약세를 보였다. 반면 반도체와 기술장비 업종은 강세를 나타냈다. 종목별로는 반도체주의... ",https://www.newsquest.co.kr/news/articleView.html?idxno=301302,https://www.newsquest.co.kr/news/articleView.html?idxno=301302,"Mon, 21 Sep 2026 08:06:00 +0900",2026-09-22 10:30:49
음식료/식품,음식료 산업,KT&amp;G·삼양식품 아웃퍼폼…하나證 &quot;연말 갈수록 배당주 매력 부각&quot;,"전주 음식료 업종지수는 코스피 대비 1.6%포인트 언더퍼폼을 기록했다. 주중 중후반을 기점으로 반도체... 반면 하락 종목에는 롯데웰푸드(-11.4%, 3분기 높은 시장 기대치), 동원산업(-6.9%, 주가 모멘텀 부재), 오리온(-6.5... ",https://www.pointe.co.kr/news/articleView.html?idxno=84990,https://www.pointe.co.kr/news/articleView.html?idxno=84990,"Sun, 20 Sep 2026 18:52:00 +0900",2026-09-22 10:30:49
음식료/식품,음식료 산업,추석 앞두고 젠슨황 입이 코스피 살렸다…AI 모멘텀 계속 쭉?,"다우존스30산업평균지수는 316.28포인트(0.61%) 오른 5만1778.18에 거래를 마쳤다. 또 이날 장 중 일본은행(BOJ)... 반면, 전기·가스와 유통은 1% 이상 하락했고, 보험, 일반서비스, 음식료·담배 등은 약보합 마감했다.... ",https://www.mt.co.kr/stock/2026/09/18/2026091816073462741,https://n.news.naver.com/mnews/article/008/0005415930?sid=101,"Fri, 18 Sep 2026 16:31:00 +0900",2026-09-22 10:30:49
음식료/식품,음식료 산업,"CJ제일제당, '희망을나누는사람들'과 전북 취약계층 식품 기부… 전국 ...",금융업계에 따르면 하반기 대형 음식료 및 유통 지주사의 장기 펀더멘털과 브랜드 자산 가치를 결정짓는... 이는 단순한 사회환원 차원을 넘어 식품 산업 규제 강화 기조 속에서 규제 리스크를 선제 차단하고 지속가능한... ,https://www.nbntv.kr/news/articleView.html?idxno=340829,https://www.nbntv.kr/news/articleView.html?idxno=340829,"Fri, 18 Sep 2026 16:22:00 +0900",2026-09-22 10:30:49
음식료/식품,음식료 산업,"&quot;땡큐 젠슨황&quot;…美 금리인상 충격 이겨낸 코스피, 2%대 상승","다우존스30산업평균지수는 316.28포인트(0.61%) 오른 5만1778.18에 거래를 마쳤다. 이경민 대신증권... 반면, 전기·가스와 유통은 1% 이상 하락했고, 보험, 일반서비스, 음식료·담배 등은 약보합 마감했다. 시가총액... ",https://www.mt.co.kr/stock/2026/09/18/2026091815482588713,https://n.news.naver.com/mnews/article/008/0005415903?sid=101,"Fri, 18 Sep 2026 15:58:00 +0900",2026-09-22 10:30:49
음식료/식품,음식료 산업,"&quot;금리 인상은 문제도 아니다&quot;…코스피, 외국인·기관 매수에 6800선 안착...","보험(-0.85%), 유통(-0.60%), 음식료·담배(-0.50%) 등은 약세다. 연준이 기준금리 연내 추가 인상을... 스탠더드앤드푸어스(S&amp;P)500과 나스닥은 17일(현지시간) 각각 1.14%, 1.69% 상승 마감했으며, 다우존스산업평균도 0.... ",https://www.fnnews.com/news/202609181043184741,https://n.news.naver.com/mnews/article/014/0005577933?sid=101,"Fri, 18 Sep 2026 11:18:00 +0900",2026-09-22 10:30:49
음식료/식품,음식료 산업,"코스피, 美증시 훈풍에 2%대 올라 6,800대...코스닥 동반 상승","다우존스30산업평균지수는 전장보다 0.61% 올랐으며, 스탠더드앤드푸어스(S&amp;P)500지수와... 07%) 등이 오르고 있으며 음식료·담배(-0.64%), 섬유·의류(-0.25%) 등은 하락 중이다.같은 시각 코스닥지수는... ",https://www.kbsm.net/news/view.php?idx=534810,https://www.kbsm.net/news/view.php?idx=534810,"Fri, 18 Sep 2026 11:16:00 +0900",2026-09-22 10:30:49
음식료/식품,음식료 산업,"코스피,美증시 훈풍에 6,800선 회복…삼전·닉스 급등","다우존스30산업평균지수는 전장보다 0.61% 올랐으며, 스탠더드앤드푸어스(S&amp;P)500지수와 나스닥지수도... 음식료·담배(-0.64%), 섬유·의류(-0.25%) 등은 하락 중이다. 같은 시각 코스닥지수는 전장보다 7.54포인트(0.92... ",http://www.seouleconews.com/news/articleView.html?idxno=93843,http://www.seouleconews.com/news/articleView.html?idxno=93843,"Fri, 18 Sep 2026 10:24:00 +0900",2026-09-22 10:30:49
음식료/식품,음식료 산업,코스피 6870선 급등…삼성전자·SK하이닉스 강세,"다우존스30산업평균지수는 0.61%, 스탠더드앤드푸어스(S&amp;P)500지수는 1.14%, 나스닥지수는 1.69% 상승했다.... 반면 음식료·담배와 일부 금융주는 상대적으로 약세를 보이고 있다. 코스닥도 상승 출발했다.... ",http://www.newskr.kr/news/articleView.html?idxno=106485,http://www.newskr.kr/news/articleView.html?idxno=106485,"Fri, 18 Sep 2026 09:42:00 +0900",2026-09-22 10:30:49
음식료/식품,음식료 산업,美 반도체 급반등 이어받은 코스피···2% 오른 6860선 출발,"반면 음식료·담배(-0.76%)와 통신(-0.19%), 섬유·의류(-0.16%), 전기·가스(-0.01%)는 약세다. 시가총액 상위... 다우존스30 산업평균지수는 316.14p(0.61%) 오른 5만1778.04, 스탠더드앤드푸어스(S&amp;P) 500지수는 85.95p(1.14... ",https://www.seoulfn.com/news/articleView.html?idxno=638287,https://www.seoulfn.com/news/articleView.html?idxno=638287,"Fri, 18 Sep 2026 09:36:00 +0900",2026-09-22 10:30:49
음식료/식품,식품 수출,"1대1 품평·컨설팅…쿠팡, 제주도와 지역 우수기업 지원","쿠팡은 과일(원물), 식음료·가공식품, 뷰티, 수출 등 카테고리별 브랜드 매니저(BM) 6명을 현장에 배치해 참여기업별 1대 1 상담과 품평을 진행했다. 지역 중소기업과 소상공인의 온라인 판매 역량 강화를 위한 강연... ",https://biz.heraldcorp.com/article/10881736?ref=naver,https://n.news.naver.com/mnews/article/016/0002700732?sid=101,"Tue, 22 Sep 2026 10:26:00 +0900",2026-09-22 10:30:49
음식료/식품,식품 수출,"조아제약, 어린이 영양식품 확대…'잘크톤 에스 플러스' 출시","영양식품 브랜드다. 올해 8월 기준 누적 판매량은 1055만 개를 넘어섰다. 잘크톤은 액상 제품에서 젤리·츄어블·분말 등으로 제품 형태를 넓혀왔다. 2013년에는 베트남·캄보디아·홍콩에 수출했고, 2019년에는 중국과... ",https://www.news1.kr/bio/pharmaceutical-bio/6298560,https://n.news.naver.com/mnews/article/421/0009185499?sid=103,"Tue, 22 Sep 2026 10:23:00 +0900",2026-09-22 10:30:49
음식료/식품,식품 수출,진도산 물김 현지서 가공한다…성경식품 제2공장 착공,이를 통해 생산에서 가공·유통·수출로 이어지는 김 산업 생태계를 구축한다는 구상이다. 이재각 진도군수는 &quot;성경식품 제2공장은 진도 수산가공산업의 고부가가치화를 위한 주요 거점이 될 것&quot;이라며 &quot;공장 건립을 차질... ,https://www.m-i.kr/news/articleView.html?idxno=1417232,https://www.m-i.kr/news/articleView.html?idxno=1417232,"Tue, 22 Sep 2026 10:16:00 +0900",2026-09-22 10:30:49
음식료/식품,식품 수출,"&quot;제주 특산물 전국으로&quot;… 쿠팡, 지역 중소기업 대상 1:1 품평회 개최","식품부터 뷰티 품목, 생활용품, 관광 연계 상품에 이르기까지 지역 특색이 담긴 상품들이 두루 출품됐다. 현장 심사와 컨설팅은 실질적인 유통 연계에 초점이 맞춰졌다. 쿠팡 측은 과일 원물, 식음료, 뷰티, 글로벌 수출 등... ",https://www.onews.tv/news/articleView.html?idxno=287718,https://www.onews.tv/news/articleView.html?idxno=287718,"Tue, 22 Sep 2026 10:12:00 +0900",2026-09-22 10:30:49
음식료/식품,식품 수출,K-푸드 해외 모방상품 잇따라… 상표권 보호 대응 강화,농식품부도 수출기업의 해외 지식재산권 확보를 지원해왔다. 지난해 상반기에는 32개국 45개 해외 전문기관을 통해 52개 수출기업의 상표·특허 출원과 유사상표 조사 등 79건을 지원했다. 식품업계 관계자는 &quot;수출... ,http://www.the-biz.co.kr/news/articleView.html?idxno=728237,http://www.the-biz.co.kr/news/articleView.html?idxno=728237,"Tue, 22 Sep 2026 10:10:00 +0900",2026-09-22 10:30:49
음식료/식품,식품 수출,"진주시, ‘진주드림 농특산물’ 호주시장 공략 본격화","또한, 진주 배와 배 주스는 30만 달러 규모의 수출 계약을 체결해 신선 농산물과 가공식품의 수출 판로를 확보했다. 행사 기간 동안 매장 판촉과 소셜네트워크서비스(SNS) 홍보를 병행해 ‘진주드림’ 브랜드 인지도를... ",https://www.viva100.com/article/20260922500429,https://www.viva100.com/article/20260922500429,"Tue, 22 Sep 2026 10:08:00 +0900",2026-09-22 10:30:49
음식료/식품,식품 수출,"쿠팡, 제주 우수기업 판로 연다…'K-로컬스타'서 1:1 입점 컨설팅","쿠팡은 신선식품(과일 원물), 가공식품, 뷰티, 글로벌 수출 등 주요 카테고리 전문 브랜드 매니저(BM) 6명을 현장에 배치했다. 이들은 참여 기업 제품의 패키지 구성, 가격 경쟁력, 온라인 유통 적합성 등을 다각도로... ",http://www.newsdream.kr/news/articleView.html?idxno=118703,http://www.newsdream.kr/news/articleView.html?idxno=118703,"Tue, 22 Sep 2026 10:08:00 +0900",2026-09-22 10:30:49
음식료/식품,식품 수출,"쿠팡, 제주 우수기업 온라인 판로 확대 지원...1:1 맞춤 상담 제공","쿠팡은 과일과 식음료·가공식품, 뷰티, 수출 등 분야별 브랜드 매니저(BM) 6명을 현장에 배치해 기업별 일대일 상담을 진행했다. 상품 구성과 가격 경쟁력, 온라인 판매 적합성 등을 살펴보고 입점과 판매 활성화를... ",https://www.thebigdata.co.kr/view.php?ud=2026092209580141710a47484cf8_23,https://www.thebigdata.co.kr/view.php?ud=2026092209580141710a47484cf8_23,"Tue, 22 Sep 2026 10:06:00 +0900",2026-09-22 10:30:49
음식료/식품,식품 수출,"쿠팡, 민관 손잡고 제주 흑돼지·감귤 온라인 판로 지원","이번 품평회에는 감귤과 흑돼지, 수산물 등 제주 특산물을 활용한 가공식품부터 화장품, 생활용품, 관광상품에 이르기까지 다양한 분야의 47개 업체가 참여했다. 쿠팡은 과일, 식음료, 뷰티, 수출 등 각 카테고리별 브랜드... ",https://www.businesskorea.co.kr/news/articleView.html?idxno=277494,https://www.businesskorea.co.kr/news/articleView.html?idxno=277494,"Tue, 22 Sep 2026 10:04:00 +0900",2026-09-22 10:30:49
뷰티/화장품,화장품 주가,"&quot;에이피알, 얼마나 더 성장할까&quot;…美·유럽 넘어 미용의료까지",이러한 분석을 바탕으로 에이피알에 대한 투자의견 '매수'와 목표주가 57만원을 제시하며 신규 커버리지를 개시했다. 에이피알은 화장품과 홈 뷰티 기기를 주력으로 하는 뷰티테크 기업으로 메디큐브와 AGE-R 등이... ,https://news.bizwatch.co.kr/article/market/2026/09/22/0006,https://n.news.naver.com/mnews/article/648/0000050991?sid=101,"Tue, 22 Sep 2026 10:13:00 +0900",2026-09-22 10:30:50
뷰티/화장품,화장품 주가,"파마리서치, 리쥬란 코스메틱 중국 진출 본격화...목표주가 47만원-한국...","한국투자증권은 22일 보고서를 통해 파마리서치에 대한 투자의견 매수(BUY)와 목표주가 47만원을 각각 유지했다. 파마리서치의 2026년 상반기 화장품 매출액은 내수 319억원, 수출 704억원을 기록했다. 전년 동기 대비... ",http://www.press9.kr/news/articleView.html?idxno=83148,http://www.press9.kr/news/articleView.html?idxno=83148,"Tue, 22 Sep 2026 09:44:00 +0900",2026-09-22 10:30:50
뷰티/화장품,화장품 주가,"“코스피 7,500선 매물벽…지금은 지수보다 업종”&lt;KB證&gt;","올해 3~7월에는 금리가 오르면 주가가 하락하는 역상관 관계가 뚜렷했지만 최근에는 이 같은 흐름이... 있는 원/달러 환율이 미국 기준금리 인상으로 다시 반등할 경우를 대비해 음식료, 화장품도 주목해본다”고 했다.",https://www.news2day.co.kr/article/20260922500024,https://www.news2day.co.kr/article/20260922500024,"Tue, 22 Sep 2026 09:06:00 +0900",2026-09-22 10:30:50
뷰티/화장품,화장품 주가,"[모닝 리포트] &quot;KCC, 실리콘 수익성 개선 본격화…목표가 73만원&quot;","투자의견 '매수'를 유지하고 목표주가는 기존 '68만원'에서 '73만원'으로 7% 상향했다. 이은상 NH투자증권... KCC는 실리콘 사업에서 저가 제품 비중을 줄이는 대신 헬스케어와 화장품, 전기전자용 등 고수익 제품군을... ",https://www.newspim.com/news/view/20260922000130,https://www.newspim.com/news/view/20260922000130,"Tue, 22 Sep 2026 09:05:00 +0900",2026-09-22 10:30:50
뷰티/화장품,화장품 주가,"[모닝 리포트] &quot;파마리서치, 中 합작법인 추진…하반기 화장품 수출 70%...",스킨부스터에 화장품이 새로운 성장 동력으로 더해지고 있다는 분석이다. 22일 한국투자증권은 파마리서치에 대한 투자의견 '매수'와 목표주가 47만원을 유지했다. 지난 21일 종가 32만5000원과 비교하면 상승 여력은... ,https://www.newspim.com/news/view/20260922000116,https://www.newspim.com/news/view/20260922000116,"Tue, 22 Sep 2026 09:02:00 +0900",2026-09-22 10:30:50
뷰티/화장품,화장품 주가,"LS證 “에이피알, 해외 고성장 본격화… 목표가 57만원”",투자의견 ‘매수’(Buy)와 목표 주가 57만원을 신규 제시했다. 전 거래일 종가는 36만6500원이다. 오린아 LS증권 연구원은 “에이피알은 화장품과 홈 뷰티 디바이스를 중심으로 사업을 영위하는 글로벌 뷰티테크... ,https://biz.chosun.com/stock/stock_general/2026/09/22/LDKPQU3QXZG37BHURFK7ZBYHCE/?utm_source=naver&utm_medium=original&utm_campaign=biz,https://n.news.naver.com/mnews/article/366/0001193808?sid=101,"Tue, 22 Sep 2026 08:54:00 +0900",2026-09-22 10:30:50
뷰티/화장품,화장품 주가,"NH투자증권 “KCC, 실리콘 사업 실적 개선…주주환원 확대도 긍정적”",목표주가를 기존 68만원에서 73만원으로 상향했다. NH투자증권은 실리콘 사업부의 수익성 개선과... 실리콘 부문은 구조적 이익 반등기에 진입해 저가 제품의 믹스를 줄이고 고수익 제품군인 헬스케어·화장품·전기전자... ,https://www.mk.co.kr/article/12158870,https://n.news.naver.com/mnews/article/009/0005738690?sid=101,"Tue, 22 Sep 2026 08:54:00 +0900",2026-09-22 10:30:50
뷰티/화장품,화장품 주가,"NH證 &quot;KCC, 실리콘 수익성 개선·주주환원 확대…목표가↑&quot;","목표주가를 상향했다&quot;고 밝혔다. 실리콘 부문은 구조적인 이익 반등기에 진입할 것으로 내다봤다. 이 연구원은 &quot;저가 제품의 믹스를 줄이고 고수익 제품군인 헬스케어, 화장품, 전기전자향 제품을 확대하고 있으며... ",https://www.ajunews.com/view/20260922084706877,https://www.ajunews.com/view/20260922084706877,"Tue, 22 Sep 2026 08:52:00 +0900",2026-09-22 10:30:50
뷰티/화장품,화장품 주가,"한투證 &quot;잘나가는 리쥬란…파마리서치, 미용 의료기기 최선호주&quot;",투자의견 '매수'와 목표주가 47만 원은 그대로 유지했다. 강은지 한국투자증권 연구원은 &quot;국내외 의료기기와 화장품 사업 모두 실적 성장세가 뚜렷하다&quot;며 &quot;스킨부스터는 ECM(세포외기질) 스킨부스터의 등장에도... ,https://www.news1.kr/finance/market-exr/6298237,https://n.news.naver.com/mnews/article/421/0009185089?sid=101,"Tue, 22 Sep 2026 08:50:00 +0900",2026-09-22 10:30:50
뷰티/화장품,화장품 주가,실리콘 살아난 KCC…주주환원 더해지자 목표가도 '껑충'[애널리스트의 ...,22일 이은상 NH투자증권 연구원은 KCC의 목표주가를 기존 68만원에서 73만원으로 7% 상향하고 투자의견 '매수... KCC는 저가 제품 비중을 줄이는 대신 헬스케어·화장품·전기전자용 고수익 제품군을 확대하고 있다. 다우의... ,https://www.newsway.co.kr/news/view?ud=2026092208285844647,https://www.newsway.co.kr/news/view?ud=2026092208285844647,"Tue, 22 Sep 2026 08:46:00 +0900",2026-09-22 10:30:50
뷰티/화장품,화장품 주가,"NH證 “KCC, 실리콘 이익 반등과 주주환원 확대… 목표가 73만원으로 상...","목표주가를 기존 68만원에서 73만원으로 7% 상향 조정하고, 투자의견 ‘매수’(Buy)를 유지했다. 전 거래일... NH투자증권에 따르면 KCC의 핵심 사업인 실리콘 부문은 저가 제품 비중을 줄이고 헬스케어, 화장품... ",https://biz.chosun.com/stock/stock_general/2026/09/22/YHCMMSSGIFA65FXHPIQQ4QBJNM/?utm_source=naver&utm_medium=original&utm_campaign=biz,https://n.news.naver.com/mnews/article/366/0001193803?sid=101,"Tue, 22 Sep 2026 08:45:00 +0900",2026-09-22 10:30:50
뷰티/화장품,화장품 주가,&quot;73만원까지 간다&quot; 호재 쏟아지네…증권가도 '사라'는 이유 [종목+],"목표주가를 기존 68만원에서 73만원으로 상향하고 투자의견 '매수'를 유지했다. 이은상 NH투자증권 연구원은 &quot;실리콘 사업은 구조적 이익 반등기에 진입했다&quot;며 &quot;저가 제품 믹스(Mix)를 줄이고, 헬스케어·화장품... ",https://www.hankyung.com/article/2026092297486,https://n.news.naver.com/mnews/article/015/0005334981?sid=101,"Tue, 22 Sep 2026 08:34:00 +0900",2026-09-22 10:30:50
뷰티/화장품,화장품 주가,"한국투자증권 &quot;파마리서치, 리쥬란 코스메틱 中 화장품 시장 공략&quot;",목표주가 47만원을 유지하고 미용 의료기기 섹터 내 최선호주 의견을 제시했다. 강은지 한국투자증권 연구원은 &quot;파마리서치는 지난 21일 중국 화장품 기업 Chicmax와 리쥬란 코스메틱의 중국 시장 확대를 위한 전략적... ,https://www.cstimes.com/news/articleView.html?idxno=721626,https://www.cstimes.com/news/articleView.html?idxno=721626,"Tue, 22 Sep 2026 08:32:00 +0900",2026-09-22 10:30:50
뷰티/화장품,화장품 주가,"파마리서치, '리쥬란' 中 현지화 시동…&quot;성장판 더 열린다&quot;[애널리스트...","22일 한국투자증권은 파마리서치에 대해 투자의견 '매수'와 목표주가 47만원을 유지했다. 중국 현지화 전략을 발판으로 화장품 수출의 성장 경로가 추가되면서, 리쥬란의 글로벌 브랜드 확장 가능성이 한층 커졌다는... ",https://www.newsway.co.kr/news/view?ud=2026092208115200651,https://www.newsway.co.kr/news/view?ud=2026092208115200651,"Tue, 22 Sep 2026 08:28:00 +0900",2026-09-22 10:30:50
뷰티/화장품,화장품 주가,"KCC, 수익 오르며 주주환원 본격화…목표가↑-NH","목표주가를 기존 68만원에서 73만원으로 상향 조정한다고 22일 밝혔다. NH투자증권에 따르면 KCC의 실리콘 부문은 구조적 이익 반등기에 진입했다. 저가 제품의 믹스를 줄이고, 고수익 제품군(헬스케어, 화장품... ",https://www.mt.co.kr/stock/2026/09/22/2026092208213527551,https://n.news.naver.com/mnews/article/008/0005417061?sid=101,"Tue, 22 Sep 2026 08:23:00 +0900",2026-09-22 10:30:50
뷰티/화장품,화장품 주가,"한국투자증권 &quot;파마리서치, CCM과 합작 법인.. 시너지 극대화&quot;",투자의견 ‘매수’와 목표주가 47만원을 유지했다.​ 파마리서치는 지난 21일 CCM과 리쥬란 코스메틱의 중국 시장 확대를 위한 전략적 협력 업무협약(MOU)을 체결했다. CCM은 2002년 설립된 화장품 브랜드 투자 전문... ,https://www.g-enews.com/view.php?ud=20260922080641895544093b5d4e_1,https://www.g-enews.com/view.php?ud=20260922080641895544093b5d4e_1,"Tue, 22 Sep 2026 08:22:00 +0900",2026-09-22 10:30:50
뷰티/화장품,화장품 주가,"NH證 &quot;KCC, 목표가 73만원으로 상향…실리콘 수익성 개선”",목표주가를 68만원에서 73만원으로 7% 상향했다. 이은상 NH투자증권 연구원은 22일 리포트를 통해 &quot;제품 믹스... (헬스케어·화장품·전기전자 향)이 확대 중이며 판가 인상 역시 반영되고 있다&quot;면서 &quot;이는 공급 과잉 해소... ,https://www.newsis.com/view/NISX20260922_0003799397,https://n.news.naver.com/mnews/article/003/0014206533?sid=101,"Tue, 22 Sep 2026 08:16:00 +0900",2026-09-22 10:30:50
뷰티/화장품,뷰티 산업,성수동 전체가 테마파크로…내달 5∼11일 '크리에이티브X성수',"서울 성동구(구청장 유보화)는 성수동의 창조산업과 문화콘텐츠를 한자리에서 만나는 문화창조산업축제... 이 밖에도 뷰티 팝업인 '뷰티성수'와 '웹툰성수', '투어성수', 공예 시장과 체험 행사로 구성된 '성수메이드... ",https://www.yna.co.kr/view/AKR20260922067700004?input=1195m,https://n.news.naver.com/mnews/article/001/0016328764?sid=102,"Tue, 22 Sep 2026 10:17:00 +0900",2026-09-22 10:30:51
뷰티/화장품,뷰티 산업,"두원공과대학교, '모두의창업' 도전자 763명 모집… 경기 창업 거점 육성...","이를 위해 두원공대는 공학, 보건의료, 건축, 방송영상, 뷰티 등 각 분야에서 전문성을 갖춘 교수진과... 9%의 유지취업률을 기록하고 있으며 현대자동차, SK하이닉스, 특급호텔, 주요 방송사 등 주요 기업 및 전문 산업체... ",https://www.gokorea.kr/news/articleView.html?idxno=879381,https://www.gokorea.kr/news/articleView.html?idxno=879381,"Tue, 22 Sep 2026 10:16:00 +0900",2026-09-22 10:30:51
뷰티/화장품,뷰티 산업,"성동구, '크리에이티브×성수' 내달 5~11일 성수동 전역서 개최","분야별로 흩어져 있던 강연(컨퍼런스)과 투자 유치(피치) 프로그램을 '서밋'으로 통합해 소셜임팩트와 웹툰, 뷰티, 게임 등 분야별로 전문가와 기업, 창작자가 산업 동향을 공유한다. 지난해까지 문화기술 융합... ",https://view.asiae.co.kr/article/2026092210141098959,https://n.news.naver.com/mnews/article/277/0005819743?sid=102,"Tue, 22 Sep 2026 10:14:00 +0900",2026-09-22 10:30:51
뷰티/화장품,뷰티 산업,&quot;식물성 식품부터 3색(色)특별전까지&quot;… 제11회 비건페스타&amp;그린페스타...,"이번 행사는 식품, 뷰티, 패션, 생활용품 등 '먹고·입고·쓰고·바르는' 일상 전반의 식물기반 산업을 조명한다. 다양한 브랜드의 제품과 기술을 소개하고, 소비자에게는 새로운 선택지를 직접 경험할 기회를... ",http://www.sisunnews.co.kr/news/articleView.html?idxno=246503,http://www.sisunnews.co.kr/news/articleView.html?idxno=246503,"Tue, 22 Sep 2026 10:14:00 +0900",2026-09-22 10:30:51
뷰티/화장품,뷰티 산업,"&quot;외국인 관광객, 3분의 2 서울 머물러…지역으로 확대해야&quot;","한국경제인협회와 국회관광산업포럼은 오늘(22일) 국회도서관에서 '지역경제 활력 제고를 위한 관광 법·제도... 이어 음식과 영화, 음악, 뷰티 등 K-컬처의 글로벌 열풍을 지역 고유의 관광자원과 연결해야 한다고... ",https://news.sbs.co.kr/news/endPage.do?news_id=N1008765347&plink=ORI&cooper=NAVER,https://n.news.naver.com/mnews/article/055/0001390271?sid=101,"Tue, 22 Sep 2026 10:13:00 +0900",2026-09-22 10:30:51
뷰티/화장품,뷰티 산업,'성수동 전역이 테마파크로'... 10월 5일 '2026 크리에이티브x성수' 개막,"소셜임팩트, 웹툰, 뷰티, 게임 등 각 분야에 대해 전문가와 기업, 창작자들이 한자리에 모여 산업의 흐름과 새로운 가능성을 공유할 예정이다. 또한 지난해까지 문화기술 융합 콘텐츠를 선보였던 'CT페어... ",https://www.hg-times.com/news/articleView.html?idxno=305512,https://www.hg-times.com/news/articleView.html?idxno=305512,"Tue, 22 Sep 2026 10:06:00 +0900",2026-09-22 10:30:51
뷰티/화장품,뷰티 산업,"&quot;K-컬처 열풍, 지역 고유 콘텐츠로 연결해야…국내 관광산업 도약&quot;","김진희 기자 음식, 영화, 음악, 뷰티 등 K-컬처의 글로벌 열풍과 지역 고유의 매력을 관광 자원으로 연결한다면 국내 관광산업은 한 단계 더 도약할 수 있을 것입니다. K-컬처 열풍을 기회로 삼아 서울 등 수도권에 편중된... ",https://www.news1.kr/industry/general-industry/6298273,https://n.news.naver.com/mnews/article/421/0009185375?sid=101,"Tue, 22 Sep 2026 10:00:00 +0900",2026-09-22 10:30:51
뷰티/화장품,뷰티 산업,한경협 &quot;외국인 관광 서울 편중…지역 고유 콘텐츠로 관광 온기 확산해...,"김 부회장은 음식·영화·음악·뷰티 등 K-컬처와 지역 고유의 매력을 관광자원으로 연결하면 관광산업이 한 단계 더 도약할 수 있다고 강조했다. 신학승 한양대 관광학부 교수는 일본 나오시마와 설국관광권, 아이치현... ",https://www.g-enews.com/view.php?ud=202609220318239745112616b072_1,https://www.g-enews.com/view.php?ud=202609220318239745112616b072_1,"Tue, 22 Sep 2026 10:00:00 +0900",2026-09-22 10:30:51
뷰티/화장품,K뷰티 수출,"쿠팡, 제주 중소기업 47곳 대상 1:1 품평·상담…온라인 판로 확대 지원","쿠팡은 21일 제주 한라컨벤션에서 열린 '2026 제주 K-로컬스타를 만나다' 행사에 참여해 지역 기업을 대상으로... 쿠팡은 과일(원물), 식음료·가공식품, 뷰티, 수출 등 카테고리별 브랜드 매니저(BM) 6명을 현장에 배치해... ",https://www.ziksir.com/news/articleView.html?idxno=147205,https://www.ziksir.com/news/articleView.html?idxno=147205,"Tue, 22 Sep 2026 09:56:00 +0900",2026-09-22 10:30:51
뷰티/화장품,K뷰티 수출,"쿠팡, 제주 중소기업 47곳 온라인 판로 지원…1대1 품평·컨설팅","쿠팡은 21일 제주 한라컨벤션에서 열린 '2026 제주 K-로컬스타를 만나다' 행사에 참여해 지역 중소기업... 쿠팡은 과일, 식음료·가공식품, 뷰티, 수출 분야 브랜드 매니저(BM) 6명을 배치해 상품 구성과 가격 경쟁력, 온라인... ",https://www.news1.kr/industry/distribution/6298483,https://n.news.naver.com/mnews/article/421/0009185352?sid=101,"Tue, 22 Sep 2026 09:54:00 +0900",2026-09-22 10:30:51
뷰티/화장품,K뷰티 수출,"쿠팡, 제주도 및 지역 경제단체와 손잡고 중소상공인 온라인 판로 확대","제주 K-로컬스타를 만나다' 행사에 참여했다. 이번 행사에는 감귤, 흑돼지, 수산물, 알로에 등 지역 특산물을 활용한 가공식품을 비롯해 뷰티, 생활용품, 관광 상품에 이르기까지 다채로운 분야의 지역 기업 47개사가 참여해... ",https://www.lcnews.co.kr/news/articleView.html?idxno=208689,https://www.lcnews.co.kr/news/articleView.html?idxno=208689,"Tue, 22 Sep 2026 09:38:00 +0900",2026-09-22 10:30:51
뷰티/화장품,K뷰티 수출,한류 인기 꺼질 줄 모르는 멕시코…120개 기업과 공략나선 콘진원,"행사는 우리 콘텐츠를 중심으로 식품과 뷰티, 관광 등 연관 산업을 선보여 중남미 주요 바이어와의 접점을... 120개 참가사와 중남미 지역 바이어들의 1대 1 수출 상담을 주선하고 맞춤형 비즈니스 매칭을 도울 예정이다.... ",https://www.mt.co.kr/culture/2026/09/22/2026092209114062970,https://n.news.naver.com/mnews/article/008/0005417127?sid=103,"Tue, 22 Sep 2026 09:35:00 +0900",2026-09-22 10:30:51
뷰티/화장품,K뷰티 수출,"쿠팡, 제주도와 지역 우수기업 온라인 판로 확대 지원..&quot;1:1 품평·컨설팅...","쿠팡은 지난 21일 제주 한라컨벤션에서 '2026 제주 K-로컬스타를 만나다' 행사에 참여해 지역 중소기업... 쿠팡은 과일(원물), 식음료·가공식품, 뷰티, 수출 등 카테고리별 브랜드 매니저(BM) 6명을 현장에 배치해 참여기업 별 1... ",https://www.starnewskorea.com/business-life/2026/09/22/2026092209314449078,https://n.news.naver.com/mnews/article/108/0003472468?sid=004,"Tue, 22 Sep 2026 09:34:00 +0900",2026-09-22 10:30:51
뷰티/화장품,K뷰티 수출,&quot;K-컬처 신시장 개척&quot;…24~27일 '멕시코 K-박람회',"소재로 K-콘텐츠·푸드·뷰티, 한국 관광을 홍보하는 전시관이 운영된다. 24~25일에는 문체부와 산업부, 복지부, 대한무역투자진흥공사, 한국콘텐츠진흥원, 대한화장품산업연구원이 공동으로 주관한 수출 상담회가... ",https://www.newsis.com/view/NISX20260922_0003799554,https://n.news.naver.com/mnews/article/003/0014206797?sid=103,"Tue, 22 Sep 2026 09:25:00 +0900",2026-09-22 10:30:51
뷰티/화장품,K뷰티 수출,"뷰티·푸드, K콘텐츠 타고 중남미로…멕시코서 'K-엑스포' 개최","K-콘텐츠를 중심으로 식품·뷰티·관광 등 한류 연관산업을 한자리에서 선보이고, 중남미 주요 바이어와 수출 상담을 통해 국내 기업의 해외 진출을 지원한다. 멕시코는 북미와 중남미를 잇는 스페인어권 시장... ",https://www.ajunews.com/view/20260922091556061,https://www.ajunews.com/view/20260922091556061,"Tue, 22 Sep 2026 09:22:00 +0900",2026-09-22 10:30:51
운송/물류,운송 주가,"코스피, 2%대 상승…삼전·SK하닉 강세에 7100선 재탈환","반도체주가 지수 상승을 이끌고 있다. 22일 한국거래소에 따르면 코스피는 전 거래일보다 2.20% 오른 7161.... 기계·장비와 유통, 통신, 운송장비·부품 등도 상승 중이다. 간밤 뉴욕증시는 3대 지수가 일제히... ",https://www.dt.co.kr/article/12085321?ref=naver,https://n.news.naver.com/mnews/article/029/0003049367?sid=101,"Tue, 22 Sep 2026 09:14:00 +0900",2026-09-22 10:30:52
운송/물류,운송 주가,[증시전망대] 美 반도체 훈풍에 코스피 '7천피' 재탈환…연휴 앞 단기 조...,"중소형주 비중이 큰 러셀2000지수는 0.52% 올랐고, 다우 운송지수는 0.54% 내렸다. 코스피200 야간 선물은 1.96... 대한 주가 반응력이 높아지고 있다&quot;고 진단했다. 그는 &quot;이번 주 미·중 정상회담과 유엔총회 등 정치... ",http://www.newsroad.co.kr/news/articleView.html?idxno=64723,http://www.newsroad.co.kr/news/articleView.html?idxno=64723,"Tue, 22 Sep 2026 08:22:00 +0900",2026-09-22 10:30:52
운송/물류,운송 주가,"[마켓뷰] 美반도체 훈풍…'7천피' 탈환한 코스피, 기세 이어가나",러셀2000지수는 0.52% 오른 반면 다우 운송지수는 0.54% 내렸다. 코스피200 야간 선물은 1.96% 올랐다. 추석... 매크로 부담이 완화하며 호재에 대한 주가 반응력이 높아지고 있다&quot;고 설명했다. 이어 &quot;이주 미중 정상회담과... ,https://www.yna.co.kr/view/AKR20260922022800008?input=1195m,https://n.news.naver.com/mnews/article/001/0016328254?sid=101,"Tue, 22 Sep 2026 08:12:00 +0900",2026-09-22 10:30:52
운송/물류,운송 주가,[아주증시포커스] 미중 정상회담 D-3…'AI증류' 해법에 반도체·소부장 ...,72로 11거래일 만에 7000선을 회복했으며 삼성전자와 SK하이닉스 등 반도체주가 강세를 보임. -특히... -특히 미드스트림 기업은 장기 운송계약과 Take-or-Pay 계약을 통해 최소 물량에 대한 요금을 확보하기 때문에... ,https://www.ajunews.com/view/20260922075026627,https://www.ajunews.com/view/20260922075026627,"Tue, 22 Sep 2026 08:00:00 +0900",2026-09-22 10:30:52
운송/물류,운송 주가,"KT&amp;G, 카자흐스탄서 ‘Q·P 동반 성장’…&quot;해외 궐련 성장 지속&quot;-현대차",투자의견 ‘매수(BUY)’와 목표주가 25만원을 유지했다. 하희지 현대차증권 연구원은 지난 16일 KT&amp;G의... 기존 한국 공장에서 유라시아 지역으로 제품을 공급할 경우 운송에 약 23~35일이 걸렸지만 현지 생산 이후 당일... ,https://www.edaily.co.kr/News/Read?newsId=02551846645582744&mediaCodeNo=257&utm_source=naver&utm_medium=referral&utm_campaign=news_syndication&utm_content=original_article,https://n.news.naver.com/mnews/article/018/0006374049?sid=101,"Tue, 22 Sep 2026 08:00:00 +0900",2026-09-22 10:30:52
운송/물류,물류 산업,"현대차그룹 ‘로봇학교’ 문 열었다…아틀라스, 車공장 학습 시작",현재 제조·항공우주·반도체·물류·식음료·생명과학 등 다양한 산업의 고객들과 아틀라스 활용 방안을 논의하고 있다. 잭 재코우스키 보스턴다이나믹스 최고제품·기술책임자(CPTO)는 “현대차그룹이라는... ,https://www.ekn.kr/web/view.php?key=20260922025327829,https://www.ekn.kr/web/view.php?key=20260922025327829,"Tue, 22 Sep 2026 10:30:00 +0900",2026-09-22 10:30:53
운송/물류,물류 산업,'친환경 선박연료 공급업' 신설…'항만운송사업법' 시행령 국무회의 통...,해운·항만 산업의 핵심 과제로 부상했기 때문이다. 해수부는 우선 선박 연료 공급업을 공급 연료의 종류에... 김혜정 해수부 해운물류국장은 &quot;이번 시행령 개정으로 친환경 선박 연료 특성에 맞는 등록 기준을 마련함과... ,https://www.news1.kr/economy/idustry-trade/6298583,https://n.news.naver.com/mnews/article/421/0009185519?sid=101,"Tue, 22 Sep 2026 10:29:00 +0900",2026-09-22 10:30:53
운송/물류,물류 산업,"사람이 움직이면 로봇도 찬다…로브로스, 휴머노이드 '전신 원격조작' ...",로브로스는 향후 고객사의 요구에 따라 제조·물류를 비롯한 다양한 산업 환경으로 적용 범위를 확대한다는 계획이다. 전신 원격조작은 휴머노이드 AI를 훈련하기 위한 데이터 수집 수단으로도 활용할 수 있다. 작업자가... ,https://www.wolyo.co.kr/news/articleView.html?idxno=318148,https://www.wolyo.co.kr/news/articleView.html?idxno=318148,"Tue, 22 Sep 2026 10:22:00 +0900",2026-09-22 10:30:53
운송/물류,물류 산업,"CJ올리브네트웍스, 기프트카드 상반기 취급 전년보다 33% 증가","IT 시스템 운영회사를 넘어 최근 AI, 클라우드, 스마트팩토리, 물류, 데이터, 콘텐츠 기술 쪽으로 사업... 생활과 밀접한 신규 사용처를 추가로 확보하고 다양한 산업군에서 신규 공급처를 확보해 B2B 리워드 사업... ",https://www.cnbnews.com/news/articleView.html?idxno=1016877,https://www.cnbnews.com/news/articleView.html?idxno=1016877,"Tue, 22 Sep 2026 10:22:00 +0900",2026-09-22 10:30:53
운송/물류,물류 산업,"롯데호텔, 카자흐 '아이코닉 타워' 위탁운영 검토","게이트·골든·그로잉·그린 등 4개 구역에 금융·행정, 교육·의료, 산업·물류, 관광·레저 기능을 배치하는 방식으로 개발된다. 카자흐스탄 정부는 지난 7월 알라타우시티를 첫 '가속개발도시'로 지정했다. 별도... ",https://www.asiaa.co.kr/news/articleView.html?idxno=263701,https://www.asiaa.co.kr/news/articleView.html?idxno=263701,"Tue, 22 Sep 2026 10:20:00 +0900",2026-09-22 10:30:53
운송/물류,물류 산업,"중앙대광명병원, AI로 간호사 근무표 짠다…오믈렛과 스케줄링 솔루션 ...","중앙대광명병원(병원장 정용훈)은 산업 AI 최적화 솔루션 기업 오믈렛(대표 박진규)과 간호사 스케줄링... 병원 내 물류 이동 경로와 의약품·의료소모품 재고 관리, 인력 운영 등에 AI를 적용하고 이를 통합해 병원 운영... ",https://www.rapportian.com/news/articleView.html?idxno=240652,https://www.rapportian.com/news/articleView.html?idxno=240652,"Tue, 22 Sep 2026 10:18:00 +0900",2026-09-22 10:30:53
운송/물류,물류 산업,"LG-MS, AI 협력 확대…데이터센터부터 피지컬 AI까지","LG와 MS는 제조·물류·모빌리티 등 산업 현장에 적용할 피지컬 AI 분야에서도 협력을 확대한다. LG는 MS의 클라우드 인프라를 활용해 현장에서 축적한 데이터를 AI 모델 학습에 활용하고, 학습한 모델을 다시... ",https://www.newstree.kr/newsView/ntr202609220001,https://www.newstree.kr/newsView/ntr202609220001,"Tue, 22 Sep 2026 10:18:00 +0900",2026-09-22 10:30:53
운송/물류,해운 시장,친환경 선박 연료 공급업 신설…메탄올·암모니아 기존 선박 활용 허용,해수부는 이번 제도 개편으로 친환경 선박 연료의 특성에 맞는 안전 기준을 갖추면서도 초기 시장에서 공급 선박을 확보하기 어려운 문제를 완화할 수 있을 것으로 보고 있다. 김혜정 해수부 해운물류국장은 &quot;선박 연료가... ,https://www.newsis.com/view/NISX20260922_0003799508,https://n.news.naver.com/mnews/article/003/0014207082?sid=101,"Tue, 22 Sep 2026 10:27:00 +0900",2026-09-22 10:30:53
운송/물류,해운 시장,친환경 선박 연료 공급 안전성 높이고 진입 문턱 낮춘다,전용 공급 선박이 충분히 확보되지 않은 현실을 고려해 해운법에 따른 해상화물운송사업 선박도 한시적으로 사용할 수 있도록 했다. 기존 운반선도 쓸 수 있도록 해 시장 진입 문턱을 낮춘 것이다.,https://www.yna.co.kr/view/AKR20260922024900051?input=1195m,https://n.news.naver.com/mnews/article/001/0016328807?sid=101,"Tue, 22 Sep 2026 10:26:00 +0900",2026-09-22 10:30:53
운송/물류,해운 시장,"무보, 머큐리아에 2억달러 금융···K-해운 해외 수주 넓힌다",장영진 무보 사장은 &quot;글로벌 원자재 기업과의 금융 협력을 통해 국내 해운사가 해외 운송시장에 진입할 기회를 넓힐 수 있다&quot;며 &quot;무역 공급망을 지탱하는 해운산업을 지원하기 위해 관련 금융 수요를 계속 발굴하겠다&quot;고... ,https://www.smartbizn.com/news/articleView.html?idxno=154575,https://www.smartbizn.com/news/articleView.html?idxno=154575,"Tue, 22 Sep 2026 09:42:00 +0900",2026-09-22 10:30:53
운송/물류,해운 시장,"뷰런, 싱가포르 '스마트 포트 챌린지 2026' 최종 선정...글로벌 해양 물...",글로벌 해운·항만 산업이 디지털 대전환(DX)의 중대한 변곡점을 맞고 있다. 전 세계 교역량의 80% 이상을... 김재광 대표는 &quot;이번 스마트 포트 챌린지 선정은 룩아웃이 글로벌 해양·항만 시장에서도 통할 수 있는... ,https://www.econovill.com/news/articleView.html?idxno=751501,https://www.econovill.com/news/articleView.html?idxno=751501,"Tue, 22 Sep 2026 09:32:00 +0900",2026-09-22 10:30:53
운송/물류,해운 시장,"&quot;KP&amp;I 존재 이유는 해운업계 리스크 관리, 조합법 개정으로 새로운 도약...","그러나 최근에는 해운시장의 변화로 조합법 개정이 필요하다는 목소리에 점차 힘이 실리고 있다. 해운시장에서는 정부가 추진하고 있는 북극항로를 위해서라도 보험 전문가인 KP&amp;I의 역할이 필요하고, 호르무즈 문제 등... ",https://www.klnews.co.kr/news/articleView.html?idxno=322807,https://www.klnews.co.kr/news/articleView.html?idxno=322807,"Tue, 22 Sep 2026 08:32:00 +0900",2026-09-22 10:30:53
운송/물류,해운 시장,"부산항만공사, “해외 네트워크가 곧 경쟁력”","회의에서 각 해외대표부는 2026년도 업무 추진성과의 발표와 함께, 지역별 해운·항만·물류시장 동향과 현지에서 추진 중인 해외사업의 현황 및 계획 등을 공유했으며, 참석한 임직원들은 이를 토대로 2027년도... ",https://www.dnews.co.kr/uhtml/view.jsp?idxno=202609212340582030041,https://www.dnews.co.kr/uhtml/view.jsp?idxno=202609212340582030041,"Tue, 22 Sep 2026 08:22:00 +0900",2026-09-22 10:30:53
운송/물류,해운 시장,"해운용 바이오디젤, 화석연료보다 싸졌다…EU 규제로 가격 역전",아거스는 올해 로테르담의 첨단 순수 바이오디젤 수요가 약 25만톤으로 세계 해운시장 수요의 40%를 넘을 것으로 추산했다. 세계 해운 수요는 약 60만톤인 반면 글로벌 생산량은 400만톤에 못 미친다. 도로교통과 항공... ,https://www.impacton.net/news/articleView.html?idxno=30006,https://www.impacton.net/news/articleView.html?idxno=30006,"Tue, 22 Sep 2026 08:20:00 +0900",2026-09-22 10:30:53
운송/물류,해운 시장,"기업들, 생태 보전부터 플로깅까지…체험형 ESG 넓힌다",HMM 관계자는 &quot;글로벌 해운기업으로서 일반인들과 도심 속 수자원을 정화하며 친환경 가치를 일상에서... 전통시장을 찾는 친환경 여행 '쓰봉크럽' 세 번째 여행 참가자를 모집한다. 여기어때는 지속 가능 여행 프로젝트... ,https://www.banronbodo.com/news/articleView.html?idxno=33062,https://www.banronbodo.com/news/articleView.html?idxno=33062,"Tue, 22 Sep 2026 08:00:00 +0900",2026-09-22 10:30:53
운송/물류,해운 시장,“국제유가 내려도 기름값 안 떨어질 것”…한국에도 ‘재앙’ 오나 [핫...,해운정보업체 윈드워드에 따르면 이달 초 페르시아만에서 원유를 싣고 호르무즈 해협을 빠져나오는 VLCC의... 원유시장이 감내해야 할 공급 차질 규모는 약 1억 2000만배럴에 달할 전망”이라며 “이는 월간 글로벌 원유... ,https://nownews.seoul.co.kr/news/newsView.php?id=20260921601027&wlog_tag3=naver,https://n.news.naver.com/mnews/article/081/0003682564?sid=104,"Tue, 22 Sep 2026 07:41:00 +0900",2026-09-22 10:30:53
운송/물류,해운 시장,[오늘의 경제뉴스] 호르무즈 봉쇄에 유조선 발주 특수...중국이 수주 89...,"해운시장 분석업체 MSI는 올해 상반기 체결된 VLCC 계약의 89%를 중국 조선업체가 수주했다고 분석했다. 헝리중공업과 장쑤 신한통, 다롄조선소 등이 낮은 건조가격과 빠른 납기를 앞세워 대량 수주에 성공했다. 중국... ",https://www.newsverse.kr/news/articleView.html?idxno=11494,https://www.newsverse.kr/news/articleView.html?idxno=11494,"Tue, 22 Sep 2026 07:06:00 +0900",2026-09-22 10:30:53
운송/물류,해운 시장,"[기자수첩] 역대 최대 예산 투자?… K-조선 초격차, 생태계에 달렸다","조선·해운 전문가가 바라본 국내 조선업 지원 현실에 대한 적나라한 평가다. 고부가가치 선박을 중심으로... 중국은 세계 수주량 1위 수성은 물론, 한국 주력인 고부가 선박 시장까지 파고들고 있다. 일본·유럽연합(EU)에... ",https://www.viva100.com/article/20260920500687,https://www.viva100.com/article/20260920500687,"Tue, 22 Sep 2026 06:08:00 +0900",2026-09-22 10:30:53
운송/물류,해운 시장,"HD현대중공업, 27만 1,000㎥급 초대형 LNG 운반선 DNV 기본승인 획득",9월 21일(현지시각) 글로벌 해운·해양 전문 매체 키프로스 시핑뉴스(Cyprus Shipping News) 보도에 따르면... 기존 표준선 대비 화물 적재량 대폭 확대… 구조적 건전성 공인 현재 글로벌 해상 운송 시장의 주력 표준... ,https://www.g-enews.com/view.php?ud=2026092122163292560c8c1c064d_1,https://www.g-enews.com/view.php?ud=2026092122163292560c8c1c064d_1,"Tue, 22 Sep 2026 06:06:00 +0900",2026-09-22 10:30:53
운송/물류,해운 시장,"제이오션重, 탱크 6척 건조의향서 체결… 군산조선소 정상화 '청신호'",특히 11만 4000t급 원유·석유화학제품운반선의 경우 국제해사기구의 환경 규제를 충족하는 동시에 원유와 석유제품을 선별 운송할 수 있도록 설계함으로써 해운사가 시장 수요에 따라 효율성과 수익성을 극대화할 수... ,https://www.fnnews.com/news/202609211934149152,https://n.news.naver.com/mnews/article/014/0005579272?sid=101,"Mon, 21 Sep 2026 19:36:00 +0900",2026-09-22 10:30:53
농업,농업 주가,[증시전략] AI 에이전트를 구동하는 데 필요한 CPU주 관심 집중,"AMD 주가 9.95% 급등…시총 1조달러 클럽에 합류 - AMD의 두 번째 큰 고객 메타, 매출의 5.5% 차지 - 메타 11.4... - 미국 중간선거 앞 경유 가격 갤런당 6.5달러 첫 돌파 - 두 전쟁 여파…&quot;농업지대 등 여당 지지율 낮출 수도... ",https://biz.sbs.co.kr/article_hub/20000336075?division=NAVER,https://n.news.naver.com/mnews/article/374/0000534233?sid=104,"Tue, 22 Sep 2026 07:00:00 +0900",2026-09-22 10:30:54
농업,농업 주가,"[올댓차이나] 中 증시, 정책 기대에 이틀째 상승 마감…창업판 0.8%↑","통신장비주가 견조하게 움직였다. 자동차 부품주와 석유 관련주도 강세를 나타냈다. 가전주... 중국은행이 1.38%, 초상은행 1.11%, 공상은행 0.50%, 건설은행 1.11%, 농업은행 1.47%, 중국인수보험 0.58... ",https://www.newsis.com/view/NISX20260921_0003799074,https://n.news.naver.com/mnews/article/003/0014205924?sid=104,"Mon, 21 Sep 2026 17:56:00 +0900",2026-09-22 10:30:54
농업,농업 주가,[굿모닝 마켓] 산업재·헬스케어·금융주 등 금리 인상에 타격,"주간 기준으로도 뉴욕증시는 흐름이 엇갈렸습니다. 산업재나 헬스케어, 금융주 등이 금리 인상으로 타격을... 디젤은 트럭 운송과 농업, 산업 전반에서 광범위하게 사용되기 때문에 소비자 가격 상승으로 전가되기... ",https://biz.sbs.co.kr/article_hub/20000335792?division=NAVER,https://n.news.naver.com/mnews/article/374/0000533990?sid=101,"Mon, 21 Sep 2026 08:19:00 +0900",2026-09-22 10:30:54
농업,농업 주가,[마켓 브리핑] 'AI 속도조절론'에도 반도체주 회복…AI 수요 여전,"■ 모닝벨 '마켓 브리핑' - 최주연 AI 속도조절론에도 반도체주가 다시 살아나고 있습니다. AI 수요가 여전히... 디젤은 트럭 운송과 농업, 산업 전반에서 광범위하게 사용되기 때문에 소비자 가격 상승으로 전가되기... ",https://biz.sbs.co.kr/article_hub/20000335776?division=NAVER,https://n.news.naver.com/mnews/article/374/0000533976?sid=104,"Mon, 21 Sep 2026 07:20:00 +0900",2026-09-22 10:30:54
농업,농업 주가,[정국인터뷰] 박정하① &quot;김승원 장관 지명 철회만 해도 李지지율 5% 오를...,■ 박정하 국민의힘 의원은 1966년 강원 원주 출생으로 고려대 농업경제학과를 졸업하고 같은 대학원 행정학... 국민의힘 수석대변인과 강원특별자치도당위원장을 거쳐 2022년 원주갑 국회의원 보궐선거에서 당선됐으며... ,https://www.polinews.co.kr/news/articleView.html?idxno=743598,https://www.polinews.co.kr/news/articleView.html?idxno=743598,"Mon, 21 Sep 2026 00:23:00 +0900",2026-09-22 10:30:54
농업,농업 주가,[농정춘추] 지구 불태우는 폭주 기관차 '메가프로젝트' 멈춰 세우자,"하이닉스 주가 사수하고, 금융자본, 금융시장 살리겠다는 것에 다름아니다. 더 큰 문제는 이 프로젝트의... 대만에서는 이미 농업용수를 끊고 반도체 산단으로 돌린 전례가 있고, 한국에서도 반도체, AI 등 국가전략산업에... ",http://www.ikpnews.net/news/articleView.html?idxno=71474,http://www.ikpnews.net/news/articleView.html?idxno=71474,"Sun, 20 Sep 2026 19:50:00 +0900",2026-09-22 10:30:54
농업,농업 주가,"매출 절반이 PLM… 오상자이엘, AI 시대 제조 데이터 잡는다",오상자이엘은 1993년 설립된 IT 및 농업 포장재 전문기업이다. 본사를 중심으로 3개의 종속회사를 두고... 2008년 6월 기존 최대주주였던 이수영 및 특수관계인 2명이 보유주식 전부를 오상에 처분하면서 최대주주가... ,https://www.pinpointnews.co.kr/news/articleView.html?idxno=488842,https://www.pinpointnews.co.kr/news/articleView.html?idxno=488842,"Sun, 20 Sep 2026 17:28:00 +0900",2026-09-22 10:30:54
농업,농업 주가,조상 제의식에 왜 하필 술을 올렸을까,"결론부터 얘기하자면 인류는 농업을 영위하기 전부터 제의식에 술을 올렸다. 술이라는 물질의 극적인 변화... 수도권의 경우 서울 무형문화재 술인 삼해주나 경기도 전통주가 있으며 경북이라면 안동소주, 충남권이라면... ",https://weekly.donga.com/3/all/11/6392347/1,https://n.news.naver.com/mnews/article/037/0000038866?sid=103,"Sun, 20 Sep 2026 07:01:00 +0900",2026-09-22 10:30:54
농업,농업 주가,부경대 찾은 노벨상 멜로 교수 &quot;AI는 질문의 도구...호기심이 혁신 낳는...,의학 외 분야에서는 농업을 예로 들었다. 그는 “RNA 간섭은 식물과 모든 동물에서 발견되는 현상”이라며... 수상 이후 미국 매사추세츠주가 RNA 연구를 실제 치료로 연결하기 위한 대규모 투자를 진행하면서... ,https://www.ajunews.com/view/20260919224619130,https://www.ajunews.com/view/20260919224619130,"Sun, 20 Sep 2026 00:02:00 +0900",2026-09-22 10:30:54
농업,농업 주가,"뉴욕증시 혼조…S&amp;P500·나스닥 상승, 다우 0.18% 하락",반도체를 중심으로 기술주가 강세를 보이면서 S&amp;P500과 나스닥지수는 상승했지만 다우지수는 하락했다.... 미국 경유 가격이 사상 최고 수준으로 오르면서 농업과 운송 비용 상승을 거쳐 식품 등 소비자물가에... ,https://www.thefairnews.co.kr/news/articleView.html?idxno=88570,https://www.thefairnews.co.kr/news/articleView.html?idxno=88570,"Sat, 19 Sep 2026 08:36:00 +0900",2026-09-22 10:30:54
농업,농업 주가,[GAM]우주 테크 플래닛 랩스 손익 변곡점 ② '유일한 빅데이터' 3배 뛴다,"메탄 가스 누출 감지와 산림 파괴 추적, 재난 대응, 친환경 농업 등 민간과 정부의 환경 모니터링 의무가... 플래닛 랩스 주가 추이 [자료=블룸버그] 에어버스를 포함한 기존의 대형 정부 주도 사업자가 우주 데이터... ",https://www.newspim.com/news/view/20260918000671,https://www.newspim.com/news/view/20260918000671,"Sat, 19 Sep 2026 08:01:00 +0900",2026-09-22 10:30:54
농업,농업 주가,경제회복 이끈 'AI 전도사' 구윤철…'약해진 경제사령탑'은 숙제로,"구 부총리는 &quot;AI와 디지털 기술의 발전은 농업혁명, 산업혁명을 뛰어넘어 경제·사회 전반에 엄청난 영향을... 국민들에게는 주가순자산비율(PBR)에 대해 제대로 답하지 못한 부총리로 각인되기도 했다. 구 부총리는... ",https://news.einfomax.co.kr/news/articleView.html?idxno=4435733,https://news.einfomax.co.kr/news/articleView.html?idxno=4435733,"Sat, 19 Sep 2026 07:12:00 +0900",2026-09-22 10:30:54
농업,농업 주가,"뉴욕증시, 10년물 금리 5% 재돌파·100달러대 유가에 혼조 마감",주간으로는 다우지수가 1.7% 내려 지난 3월 이후 가장 큰 낙폭을 기록했다. S&amp;P500지수도 0.1% 하락한 반면... 유가 급등으로 경유 가격이 사상 최고 수준까지 오르면서 농업과 운송 비용을 통해 물가 전반으로 번질... ,https://www.newspim.com/news/view/20260919000019,https://www.newspim.com/news/view/20260919000019,"Sat, 19 Sep 2026 05:14:00 +0900",2026-09-22 10:30:54
농업,농업 주가,[속보]美10년물 5% 재돌파에도 기술주 강세…나스닥 0.4%↑,다만 유가가 장중 상승폭을 반납하고 반도체주가 강세를 보이면서 증시를 지지했다. 사진=로이터 이날... 농업과 해운 비용으로 파급되면서 광범위한 인플레이션 압력으로 이어질 수 있다는 우려다. 척 칼슨 호라이즌... ,https://www.edaily.co.kr/News/Read?newsId=01420246645581760&mediaCodeNo=257&utm_source=naver&utm_medium=referral&utm_campaign=news_syndication&utm_content=original_article,https://n.news.naver.com/mnews/article/018/0006372349?sid=101,"Sat, 19 Sep 2026 05:10:00 +0900",2026-09-22 10:30:54
농업,농업 주가,"[올댓차이나] 中 증시, AI 산업 성장 기대에 반등 마감…창업판 2.25%↑","반도체주와 전자부품주, 증권주, 통신장비부, 소비 관련주가 견조하게 움직였다. 주택공적금... 반면 중국은행은 0.61%, 교통은행 1.58%, 공상은행 0.86%, 건설은행 0.92%, 농업은행 1.16%, 민성은행 2.54... ",https://www.newsis.com/view/NISX20260918_0003796238,https://n.news.naver.com/mnews/article/003/0014200589?sid=104,"Fri, 18 Sep 2026 17:59:00 +0900",2026-09-22 10:30:54
농업,농업 주가,[기업해부⑥ 두산]돈 버는 밥캣과 적자 로보틱스…두산 사업재편은 왜 ...,"그 순간 두산의 로봇 전략은 신사업 육성을 넘어 지배구조와 주주가치의 문제가 됐다. 현금을 버는 밥캣, 성장을 증명해야 하는 로보틱스 두산밥캣은 북미를 중심으로 소형 건설장비와 농업·조경장비, 산업차량 등을... ",https://www.ppss.kr/news/articleView.html?idxno=311541,https://www.ppss.kr/news/articleView.html?idxno=311541,"Fri, 18 Sep 2026 16:53:00 +0900",2026-09-22 10:30:54
농업,농업 주가,이 대통령 &quot;주택공급 신속히 늘릴 것…농지조사 계획 추석 전 발표&quot;,"가려내 농업인에게 돌려주고 전국 농지 실태를 파악하여 농촌 현실에 맞게 제도와 정책을 개선하기 위해... &quot;레버리지 ETF 도입, 정부 정책에 불완전성...부족함 있었다&quot; 롤러코스터 주가 원인으로 지목된 레버리지 ETF... ",https://www.mediapen.com/news/view/1124544,https://www.mediapen.com/news/view/1124544,"Fri, 18 Sep 2026 14:34:00 +0900",2026-09-22 10:30:54
농업,농업 주가,"선도전기 주가, 상한가... 무슨 회사길래?",사진=선도전기 선도전기의 주가가 상한가를 기록 중이다. 18일 오전 10시 12분 KRX 기준 선도전기는 전... 지배회사인 선도전기(주)를 중심으로 종속회사 에스디파트너스(주)와 농업회사법인(주)전원을 보유하고 있다.... ,https://www.ggilbo.com/news/articleView.html?idxno=1182601,https://www.ggilbo.com/news/articleView.html?idxno=1182601,"Fri, 18 Sep 2026 10:14:00 +0900",2026-09-22 10:30:54
농업,농산물 시장,"“선물용 포장 옷 입힌다”… 화천군, 농산물 가공식품 유통·디자인 추...",강원 화천군이 지역 특산물을 활용한 가공식품의 시장 경쟁력을 높이고 농가 소득을 증대시키기 위해... 화천군은 올 1월 총 2억 8000만 원(자부담 8400만 원) 규모로 추진했던 ‘농산물 가공 상품화 지원사업’에 이어... ,https://www.viva100.com/article/20260922500483,https://www.viva100.com/article/20260922500483,"Tue, 22 Sep 2026 10:28:00 +0900",2026-09-22 10:30:55
농업,농산물 시장,"김천시, 내년 주요업무계획 점검…&quot;미래 성장동력 확보&quot;",농업 분야에서는 경북도립 포도연구소 유치에 나서는 한편 스마트농업 기반과 농산물 유통·가공 경쟁력을 강화한다. 배낙호 시장은 &quot;내년은 민선 9기 주요 정책을 본격 실행해 시민이 변화를 체감해야 할 중요한 해&quot;라며... ,https://daily.hankooki.com/news/articleView.html?idxno=1408802,https://daily.hankooki.com/news/articleView.html?idxno=1408802,"Tue, 22 Sep 2026 10:28:00 +0900",2026-09-22 10:30:55
농업,농산물 시장,"이민근 안산시장, 추석 민생 챙기기 총력...&quot;시민 체감형 소비 촉진 행사...","전통시장 장보기를 안내했다. 안산시는 지난 11일부터 오는 27일까지를 '추석 명절 물가안정 대책 기간'으로 정하고 배추·무·사과 등 농산물 7종, 소고기·돼지고기·닭고기 등 축산물 4종, 명태·오징어·갈치 등 수산물... ",http://www.newsroad.co.kr/news/articleView.html?idxno=64740,http://www.newsroad.co.kr/news/articleView.html?idxno=64740,"Tue, 22 Sep 2026 10:26:00 +0900",2026-09-22 10:30:55
농업,농산물 시장,"트럼프는 '성과', 시진핑은 '시간'…1년 만에 달라진 미중 힘의 균형",지난 5월 베이징 정상회담에서 중국은 보잉 항공기 200대를 구매하기로 합의했고 미국산 농산물도 연간 최소... 미국이 관세로 중국의 미국 시장 접근을 통제한다면 중국은 미국이 당장 대체하기 어려운 공급망의 병목을... ,https://www.fnnews.com/news/202609221015135224,https://n.news.naver.com/mnews/article/014/0005579494?sid=104,"Tue, 22 Sep 2026 10:18:00 +0900",2026-09-22 10:30:55
농업,농산물 시장,안성서 2명 숨진 그날…사고 당일 김보라 시장 동선 확인해보니,"안성시가 사전에 공개한 행사계획에 따르면 이 축제는 18~19일 이틀간 주민노래자랑과 주민자치프로그램 공연, 농산물 직거래장터, 체험부스, 초대가수 공연 등이 예정된 지역축제였다. &lt;뉴스투데이&gt; 취재에서는 김 시장... ",https://www.news2day.co.kr/article/20260922500019,https://www.news2day.co.kr/article/20260922500019,"Tue, 22 Sep 2026 10:16:00 +0900",2026-09-22 10:30:55
농업,농산물 시장,美·中 정상회담 앞두고 ‘무역 휴전’ 연장 협상 난항… 팽팽한 기싸움,그는 “중국이 스마트폰이나 전기차 배터리 제조 등에 필수적인 핵심 광물인 희토류 수출을 제한하며 시장... 두 정상은 지난 5월 정상회담에서 보잉 항공기 200대 구매와 미국산 농산물 수입 확대 등에 합의한 했다. 이번... ,https://biz.chosun.com/international/international_economy/2026/09/22/K36KQGXY4FA2FN3ELMP7TPKYD4/?utm_source=naver&utm_medium=original&utm_campaign=biz,https://n.news.naver.com/mnews/article/366/0001193873?sid=104,"Tue, 22 Sep 2026 10:16:00 +0900",2026-09-22 10:30:55
농업,농산물 시장,美·中 무역휴전 연장 협상 계속…美 '3~6개월'·中 장기 연장 놓고 줄다...,USTR 역시 최근 미중 협상에서 중국의 기존 합의 이행과 미국산 농산물의 시장 접근 확대 등을 주요 과제로 제시하고 있다. 희토류와 핵심광물은 이번 정상회담에서도 핵심 협상 카드로 꼽힌다. 미국은 첨단 제조업과... ,https://www.joongangenews.com/news/articleView.html?idxno=549957,https://www.joongangenews.com/news/articleView.html?idxno=549957,"Tue, 22 Sep 2026 10:06:00 +0900",2026-09-22 10:30:55
농업,농산물 시장,"땅콩 까던 농기계가 ‘버터’까지…반석산업, 농식품 창업 2관왕","확대, 농산물 부가가치 제고에 기여할 수 있다는 점에서 높은 평가를 받았다고 설명했다. 특히 농기계 기술을 기반으로 식품 브랜드까지 확장한 사업 모델은 농업 기술기업이 소비재 시장으로 사업 범위를 넓힌 사례라는... ",https://www.megaeconomy.co.kr/news/newsview.php?ncode=1065574891392500,https://www.megaeconomy.co.kr/news/newsview.php?ncode=1065574891392500,"Tue, 22 Sep 2026 10:04:00 +0900",2026-09-22 10:30:55
농업,농산물 시장,"당진시, 추석 앞두고 전통시장 3곳 장보기",현장을 찾은 김기재 시장은 &quot;추석 명절을 맞아 전통시장을 찾아 주신 시민 여러분 발걸음이 시장 상인들께 큰 힘이 된다&quot;며 &quot;지역 농산물을 저렴하고 가장 신선하게 살 수 있는 전통시장을 앞으로도 많이 이용해 달라&quot;고... ,http://www.djtimes.co.kr/news/articleView.html?idxno=113582,http://www.djtimes.co.kr/news/articleView.html?idxno=113582,"Tue, 22 Sep 2026 10:02:00 +0900",2026-09-22 10:30:55
농업,농산물 시장,1인 가구 36% 시대.. '혼추석'이 키운 소포장·간편식 시장,추석 시장으로 자리 잡고 있다. 올해 추석을 앞두고 편의점과 백화점 등 주요 유통채널은 1~2인 가구를... 소비자의 75.4%는 과일과 농산물도 한 번에 먹기 좋은 실속형 제품을 사는 것이 가치 있다고 답했다. 장보는... ,http://www.chungnamilbo.co.kr/news/articleView.html?idxno=911170,http://www.chungnamilbo.co.kr/news/articleView.html?idxno=911170,"Tue, 22 Sep 2026 10:02:00 +0900",2026-09-22 10:30:55
농업,농산물 시장,"경기도, 추석 성수식품 206건 안전성 검사···205건 '적합'","만큼, 농산물부터 가공식품·조리식품·수산물까지 주요 성수식품을 대상으로 유해물질과 식중독균 등에 대한 선제적인 검사를 실시했다. 검사 대상은 도내 대형마트와 전통시장, 공영 도매시장에서 31개 시군이 수거한... ",https://www.kmaeil.com/news/articleView.html?idxno=652510,https://www.kmaeil.com/news/articleView.html?idxno=652510,"Tue, 22 Sep 2026 09:58:00 +0900",2026-09-22 10:30:55
농업,농산물 시장,"청년농부·도시가 만든 초록놀이터…파주시, 제5회 도시농업박람회 성료",파주 농산물의 우수성을 알렸다. 행사 마지막 날인 지난 20일에는 잔디광장 텃밭정원에 심었던 쌈채소 나누기와 도시농업관리사 전시 출품작의 공공·복지기관 기부 행사가 열려 대미를 장식했다. 손배찬 파주시장은 &quot;이번... ,http://www.inews24.com/view/2008070,https://n.news.naver.com/mnews/article/031/0001060502?sid=102,"Tue, 22 Sep 2026 09:54:00 +0900",2026-09-22 10:30:55
농업,농산물 시장,제주 특색담은 로컬브랜드 제품 한자리에,"제품의 시장성을 확인하기 위해 이번 팝업스토어를 마련했다. 참여 기업은 공개모집에 신청한 제주 로컬기업... 이 기업들은 감귤과 곡물 등 제주 농산물을 활용한 가공식품부터 디저트와 음료, 전통주까지 선보일... ",https://www.jejudomin.co.kr/news/articleView.html?idxno=400447,https://www.jejudomin.co.kr/news/articleView.html?idxno=400447,"Tue, 22 Sep 2026 09:54:00 +0900",2026-09-22 10:30:55
농업,농산물 시장,"화천군, 지역 농산물 가공품 포장 추가 지원…100여 업체 지원",군은 단순한 포장재 지원을 넘어 도시 소비자의 눈높이에 맞는 디자인을 적용해 백화점과 소매점 등 외부 유통시장 진입을 확대한다는 전략이다. 특히 사과와 아스파라거스 등 지역 농산물을 활용한 가공품의 상품성을... ,https://news.tf.co.kr/read/national/2368666.htm,https://n.news.naver.com/mnews/article/629/0000536041?sid=102,"Tue, 22 Sep 2026 09:51:00 +0900",2026-09-22 10:30:55
농업,농산물 시장,제35회 소충·사선문화상 대상에 정일형·이태영 박사 기념사업회,"농업부문 수상자로 선정된 고계곤(67) 군산원예농협 조합장은 지역농산물을 이용한 가공식품 개발 판매사업... 또한 상설행사로 농특산품 홍보 판매전시, 향토먹거리, 풍물시장 등이 펼쳐진다. 양영두 위원장은... ",https://www.ajunews.com/view/20260922094429199,https://www.ajunews.com/view/20260922094429199,"Tue, 22 Sep 2026 09:48:00 +0900",2026-09-22 10:30:55
농업,농산물 시장,단 1초도 쉬지 않는다...제주 지키는 '1만9734대'의 눈,"유동 인구가 많은 제주시청부터 터미널까지 서광로부터, 해수욕장, 전통시장, 초등학교, 우체국, 면사무소... ▲어린이 안전용 ▲생활 방범 ▲농산물 방범 ▲시설물 관리 ▲학교 CCTV ▲재난 감시 ▲버스(BIS) ▲교통... ",https://www.jejusori.net/news/articleView.html?idxno=506753,https://www.jejusori.net/news/articleView.html?idxno=506753,"Tue, 22 Sep 2026 09:42:00 +0900",2026-09-22 10:30:55
