industry,keyword,title,description,originallink,link,pubDate,collected_at
반도체,반도체 주가,"[특징주] 올해 680% 급등한 삼성전기, 장 초반 16% 급락","증권가에서는 여전히 삼성전기의 주가 성장을 높게 점치고 있다. 반도체 기판과 MLCC의 수요가 급증하면서 평균판매가격(ASP) 상승이 기대되는 데다, 장기공급계약(LTA)을 기반으로 사이클이 길어졌기 때문이다.... ",https://biz.chosun.com/stock/stock_general/2026/06/02/OVZWTYPSTZDKTFIUNLI236VIR4/?utm_source=naver&utm_medium=original&utm_campaign=biz,https://n.news.naver.com/mnews/article/366/0001168707?sid=101,"Tue, 02 Jun 2026 09:15:00 +0900",2026-06-02 09:17:03
반도체,반도체 주가,"&quot;고려신용정보, 경기 회복 본격화 시 실적 상승 기대&quot;&lt;iM證&gt;","현재 주가가 과거 평균 대비 상당히 낮아진 만큼 밸류에이션 매력도 부각된다는 평가다. 설용진 iM증권... 고금리 기조 속에서 누적된 부실채권 물량이 상당한 수준에 이른 가운데, 반도체를 중심으로 국내총생산(GDP)... ",https://www.news2day.co.kr/article/20260602500031,https://www.news2day.co.kr/article/20260602500031,"Tue, 02 Jun 2026 09:14:00 +0900",2026-06-02 09:17:03
반도체,반도체 주가,"삼성운용, KODEX AI반도체TOP2플러스 순자산 4조 돌파","특히 이번 리뉴얼 과정에서 신규 편입된 삼성전기는 편입 이후 주가가 2배 이상 급등하며 최초로 200만원 선을 돌파, ETF의 전체 성과를 견인했다. 그 결과 KODEX AI반도체TOP2플러스는 리뉴얼 이후에만 41%의 수익률을... ",https://view.asiae.co.kr/article/2026060209130627212,https://n.news.naver.com/mnews/article/277/0005770791?sid=101,"Tue, 02 Jun 2026 09:13:00 +0900",2026-06-02 09:17:03
반도체,반도체 주가,로봇주 일제히 질주…유일로보틱스·로보티즈 강세 배경은?,삼성전자 투자 이후 지속적으로 시장의 주목을 받고 있으며 휴머노이드 상용화 기대감이 주가를 지지하고 있다. 티로보틱스는 물류 자동화 및 반도체 공정용 로봇 분야 경쟁력을 바탕으로 성장 기대가 이어지고 있다.... ,https://www.pinpointnews.co.kr/news/articleView.html?idxno=457044,https://www.pinpointnews.co.kr/news/articleView.html?idxno=457044,"Tue, 02 Jun 2026 09:12:00 +0900",2026-06-02 09:17:03
반도체,반도체 주가,[박정식의 국내 주식시황] 엔비디아 AI칩 훈풍에 반도체·로봇주 강세 이...,전일 상승 이슈를 보면 반도체 대표주가 강세를 보였다. 반도체 수출 호조세가 이어지는 가운데 골드만삭스가 삼성전자와 SK하이닉스 목표주가를 상향 조정했다는 소식이 투자심리를 끌어올렸다. 젠슨 황 CEO 방한... ,https://www.newsquest.co.kr/news/articleView.html?idxno=267191,https://www.newsquest.co.kr/news/articleView.html?idxno=267191,"Tue, 02 Jun 2026 09:10:00 +0900",2026-06-02 09:17:03
반도체,반도체 주가,"하나증권 &quot;증권주 거래대금 증가 수혜 기대, 선호주 한국금융지주 삼성...",증권주가 거래대금 증가와 상장지수펀드(ETF) 시장 성장에 힘입어 실적 개선 흐름을 이어갈 것으로... 국내 증시는 반도체업종을 중심으로 단단한 이익 성장세를 이어가고 있는 것으로 파악됐다. 이에 따라 증시... ,https://www.businesspost.co.kr/BP?command=article_view&num=439067,https://www.businesspost.co.kr/BP?command=article_view&num=439067,"Tue, 02 Jun 2026 09:10:00 +0900",2026-06-02 09:17:03
반도체,반도체 주가,[애널픽] &quot;반도체 쏠림 잦아들면 증권주 반등&quot;,"뷰어스 문재혁 기­자 mjh1994@viewers.co.kr 최근 상대적 부진에 시달리던 증권주가 하반기 반등을 본격화할... 우 애널리스트는 &quot;증시 상승을 주도하는 반도체 실적이 여전히 견고하고, 개별 종목 레버리지 상장지수펀드... ",https://theviewers.co.kr/View.aspx?No=4098489,https://theviewers.co.kr/View.aspx?No=4098489,"Tue, 02 Jun 2026 09:10:00 +0900",2026-06-02 09:17:03
반도체,반도체 주가,"뉴욕증시, 강세 마감...WTI 5%대 급등",Arm은 반도체 설계 수요가 증가할 수 있다는 기대감으로 주가가 15% 넘게 급등했다. 시카고상품거래소(CME) 페드워치툴에 따르면 연방기금금리 선물시장에서 올해 12월 말까지 기준금리가 25bp 인상될 확률은 38.7%로... ,https://www.asiatime.co.kr/article/20260602500034,https://www.asiatime.co.kr/article/20260602500034,"Tue, 02 Jun 2026 09:06:00 +0900",2026-06-02 09:17:03
반도체,반도체 주가,[굿모닝! 글로벌 뉴욕증시] 엔비디아 6% 급등…미·이란 불확실성에도 ...,"1일(현지시간) 뉴욕증시는 엔비디아가 첫 인공지능(AI) PC용 칩을 공개하며 반도체주 강세를 이끈 가운데... 이 소식에 엔비디아 주가는 6% 넘게 급등했고, 마이크로소프트도 2% 이상 올랐다. PC용 엔비디아 칩 사용을... ",https://www.newsquest.co.kr/news/articleView.html?idxno=267190,https://www.newsquest.co.kr/news/articleView.html?idxno=267190,"Tue, 02 Jun 2026 09:06:00 +0900",2026-06-02 09:17:03
반도체,반도체 주가,"삼성자산운용 KODEX AI반도체TOP2플러스, 연초 이후 수익률 201% 돌파",신규 편입된 삼성전기는 편입 이후 주가가 두 배 이상 상승하며 200만원 선을 돌파했고 ETF 성과 개선에도 기여했다. KODEX AI반도체TOP2플러스는 리뉴얼 이후에만 41%의 수익률을 기록했다. 순자산 규모도 리뉴얼 전... ,https://www.megaeconomy.co.kr/news/newsview.php?ncode=1065571370890538,https://www.megaeconomy.co.kr/news/newsview.php?ncode=1065571370890538,"Tue, 02 Jun 2026 09:06:00 +0900",2026-06-02 09:17:03
반도체,반도체 주가,[머니톡스] 수출탑 1조달러·9천피 가시권…온기 퍼지는 낙수효과 만들...,기업 주가가 급등했다. 코스피는 현 국면은 2000년대 초 인터넷 인프라 구축기와 2017년 반도체 슈퍼사이클이 합쳐진 모습으로 보인다. 낙관적인 추세가 계속 이어지면 연간 수출 1조달러 달성도 가능하다는 관측도... ,https://www.yna.co.kr/view/AKR20260602026100546?input=1195m,https://n.news.naver.com/mnews/article/001/0016113098?sid=101,"Tue, 02 Jun 2026 09:05:00 +0900",2026-06-02 09:17:03
반도체,반도체 주가,"MS·델·HP·ARM, 엔비디아 PC 출사표에 주가 상승…인텔·AMD 하락",새로운 칩은 컴퓨팅과 그래픽 기능을 하나의 반도체에 담았으며 ARM 기반 구조의 MS 윈도즈 운영시스템을 지원한다. 이 여파로 기존 PC시장의 CPU 시장을 지배하는 인텔(NAS:INTC)과 AMD(NAS:AMD)의 주가는 내렸다.... ,https://news.einfomax.co.kr/news/articleView.html?idxno=4417907,https://news.einfomax.co.kr/news/articleView.html?idxno=4417907,"Tue, 02 Jun 2026 09:04:00 +0900",2026-06-02 09:17:03
반도체,반도체 주가,엔비디아 6%↑…유가 급등에도 최고치 마감 [뉴욕증시],시장 상승은 인공지능(AI) 반도체 선두 주자인 엔비디아가 견인했다. 이날 엔비디아 주가는 6.26% 급등했다. ‘GTC 타이베이’ 행사에서 마이크로소프트(MS)와 협업해 개발한 첫 AI PC용 칩 ‘N1 X’를 전격 공개하며 AI... ,https://www.mk.co.kr/article/12063744,https://n.news.naver.com/mnews/article/024/0000105952?sid=101,"Tue, 02 Jun 2026 09:04:00 +0900",2026-06-02 09:17:03
반도체,반도체 주가,&quot;AI 반도체 공급망 집중투자&quot;…'RISE 네트워크인프라' 1년 수익률 758%,"메모리반도체와 패키지 기판, 인쇄회로기판(PCB) 등 핵심 부품 공급망 기업들이 시장의 주목을 받고 있다. 이에 관련 국내 대표 기술주들의 주가가 동반 상승세를 보이며 'RISE 네트워크인프라 ETF'의 성과 역시... ",https://www.etoday.co.kr/news/view/2589832,https://www.etoday.co.kr/news/view/2589832,"Tue, 02 Jun 2026 09:02:00 +0900",2026-06-02 09:17:03
반도체,반도체 주가,[모닝 브리핑] IT 버블 유령 vs 엔비디아의 신전... 브레이크 없는 반도...,독립 리서치 업계 관계자는 반도체 주가가 역사적 고점을 경신하고 있지만 시장의 기대치가 지나치게 선반영된 측면이 있다고 지적했다. 향후 발표될 실제 실적 지표가 이 눈높이를 맞추지 못할 경우 발생할 충격에... ,http://www.ttlnews.com/news/articleView.html?idxno=3113212,http://www.ttlnews.com/news/articleView.html?idxno=3113212,"Tue, 02 Jun 2026 09:02:00 +0900",2026-06-02 09:17:03
반도체,반도체 주가,"코스피 8,700대 후반 안착...'9천피' 넘어서나","여기에 반도체를 공급하는 삼성전자, SK하이닉스에도 훈풍이 기대됩니다. 그리고 한국 로봇 기업과의 협력도 강조하는데요. 젠슨 황은 이번 주 한국을 방문하는데 만남이 예정된 기업의 주가가 천정부지로 치솟고... ",https://www.ytn.co.kr/_ln/0102_202606020902111454,https://n.news.naver.com/mnews/article/052/0002360943?sid=101,"Tue, 02 Jun 2026 09:02:00 +0900",2026-06-02 09:17:03
반도체,반도체 주가,거래대금 사상 최고인데 증권株는 부진…하반기 반등 기대감 '솔솔',지난달 국내증시 일평균 거래대금이 사상 최고치를 기록했음에도 증권주가 부진했던 배경은 매크로 불확실성과 반도체·AI(인공지능) 중심 수급 쏠림이 꼽힌다. 삼성전자와 SK하이닉스 등 반도체 대형주에 매수세가... ,https://www.newsworks.co.kr/news/articleView.html?idxno=842543,https://www.newsworks.co.kr/news/articleView.html?idxno=842543,"Tue, 02 Jun 2026 09:02:00 +0900",2026-06-02 09:17:03
반도체,반도체 주가,"한투운용, ACE 고배당주Plus커버드콜액티브 ETF 신규 상장",한국투자신탁운용은 고배당주에 국내 반도체 투톱 기업을 더해 자본 차익과 배당 수익을 동시에 추구하는... 이후 주가 회복률 등을 종합적으로 판단해 선별한다. 삼성전자와 SK하이닉스 편입은 주가 상승에 따른... ,https://view.asiae.co.kr/article/2026060209025025878,https://n.news.naver.com/mnews/article/277/0005770774?sid=101,"Tue, 02 Jun 2026 09:02:00 +0900",2026-06-02 09:17:03
반도체,반도체 주가,끝없이 올라가는 '빅테크 주가'...&quot;말도 안 되는 거품&quot; [지금이뉴스],인공지능(AI) 열풍에 힘입어 급등한 빅테크 기업들의 주가가 1999년 닷컴 버블 당시보다 더 큰 거품을... 특히 반도체와 소프트웨어 기업들은 AI가 산업 전반의 생산성과 성장성을 크게 끌어올릴 것이라는 기대 속에... ,https://www.ytn.co.kr/_ln/0134_202606020901064049,https://n.news.naver.com/mnews/article/052/0002360940?sid=101,"Tue, 02 Jun 2026 09:01:00 +0900",2026-06-02 09:17:03
반도체,반도체 주가,"진천 메가폴리스, 첨단산업 배후 산단으로 부상","현대경제신문 임이랑 기자 | SK하이닉스 주가가 200만원을 돌파하고, LG에너지솔루션이 ESS로 새 성장 동력을... 이재명 대통령이 지난 13일 충북 청주 타운홀미팅에서 &quot;반도체·이차전지·바이오 첨단산업이 뿌리내리고... ",http://www.finomy.com/news/articleView.html?idxno=255142,http://www.finomy.com/news/articleView.html?idxno=255142,"Tue, 02 Jun 2026 09:00:00 +0900",2026-06-02 09:17:03
반도체,반도체 산업,"&quot;AI 데이터센터 투자세액공제, 필수건축·예비설비까지 공제 확대해야&quot;",또한 “AI데이터센터 외에도 반도체·바이오·배터리 시설 등 다른 국가전략기술 분야에서도 유사한 요구가 확대될 가능성이 있다”며 타 산업과의 형평성 문제를 지적했다. 신영효 감사연구원 연구관 역시... ,https://www.taxtimes.co.kr/news/article.html?no=275366,https://www.taxtimes.co.kr/news/article.html?no=275366,"Tue, 02 Jun 2026 09:16:00 +0900",2026-06-02 09:17:03
반도체,반도체 산업,소프트뱅크 손정의 회장 &quot;AI 혁명은 닷컴혁명보다 50배 크다&quot;,"그는 그러나  &quot;역사를 보면, 전자와 자동차 산업은 1929년에 붕괴했지만 그 후 100년 동안 계속 상승했다.... 영국의 반도체 설계회사인 암(Arm)은 소프트뱅크그룹 순자산 가치의 50% 이상을 차지하는 최대 보유 자산이다.",https://www.mediapen.com/news/view/1102172,https://www.mediapen.com/news/view/1102172,"Tue, 02 Jun 2026 09:16:00 +0900",2026-06-02 09:17:03
반도체,반도체 산업,"팸텍, 웨이퍼 로봇 기업 인수 소식에 '2연상'[특징주]",전날 팸텍은 산업용 로봇 전문기업 티아이에스(TIS) 지분 100%를 인수하며 반도체 공정 자동화 장비 사업 확대에 나선다고 밝히면서 상한가로 거래를 마감한 바 있다. 팸텍은 티아이에스 기술을 내재화해 EFEM... ,https://www.edaily.co.kr/news/newspath.asp?newsid=03102886645477784,https://n.news.naver.com/mnews/article/018/0006295813?sid=101,"Tue, 02 Jun 2026 09:15:00 +0900",2026-06-02 09:17:03
반도체,반도체 산업,최태원 회장·젠슨 황 CEO 회동… SK하이닉스 &quot;AI 메모리 협력 강화&quot;,반도체 업계 관계자는 &quot;AI 산업 성장의 핵심은 연산 성능뿐 아니라 이를 뒷받침하는 고성능 메모리 기술&quot;이라며 &quot;SK하이닉스와 엔비디아의 협력은 글로벌 AI 생태계 경쟁력과 직결되는 중요한 의미를 갖는다&quot;고... ,https://www.ccdailynews.com/news/articleView.html?idxno=2419669,https://www.ccdailynews.com/news/articleView.html?idxno=2419669,"Tue, 02 Jun 2026 09:10:00 +0900",2026-06-02 09:17:03
반도체,반도체 산업,"미래에셋운용, 코스닥 소부장·바이오 겨냥 'TIGER 코스닥액티브 ETF' 상...","정원택 미래에셋자산운용 주식운용3본부장은 &quot;코스닥 시장은 반도체 소부장, 바이오, 방산, 로봇 등 한국의 핵심 성장 산업이 집약된 시장&quot;이라며 &quot;정부의 코스닥 육성 의지와 AI·신산업 시대가 맞물려 성장 기업들의... ",https://www.thefairnews.co.kr/news/articleView.html?idxno=78518,https://www.thefairnews.co.kr/news/articleView.html?idxno=78518,"Tue, 02 Jun 2026 09:10:00 +0900",2026-06-02 09:17:03
반도체,반도체 산업,"방한 앞둔 젠슨 황, 최태원과 타이베이 회동...AI 협력 확대 논의","재계에서는 이번 만남에서 AI 반도체뿐 아니라 로보틱스, 자율주행, 피지컬 AI 등 미래 산업 전반에 대한 협력 확대 방안이 논의될 가능성에 주목하고 있다. 특히 회동 장소로 서울 성수동의 한 삼겹살 전문점이... ",https://www.joongangenews.com/news/articleView.html?idxno=523173,https://www.joongangenews.com/news/articleView.html?idxno=523173,"Tue, 02 Jun 2026 09:10:00 +0900",2026-06-02 09:17:03
반도체,반도체 산업,"신한운용, 국민성장펀드 운용사 선정 완료…첨단산업에 3500억 공급","이에 따라 AI, 반도체, 바이오, 이차전지 등 국가 전략산업 분야 유망 기업에 대한 성장자금 공급이 확대될 것으로 기대된다. 신한자산운용 관계자는 “도전·소형 리그는 성장 잠재력을 갖춘 신생·중소형 운용사들이... ",https://www.sedaily.com/article/20050887?ref=naver,https://n.news.naver.com/mnews/article/011/0004626879?sid=101,"Tue, 02 Jun 2026 09:08:00 +0900",2026-06-02 09:17:03
반도체,반도체 산업,&quot;어깨동무하고 스마일&quot; … 최태원 회장·젠슨 황 CEO 타이베이서 회동,"양사는 AI 반도체 시장 성장 과정에서 긴밀한 협력 관계를 이어오고 있으며, 특히 고대역폭메모리(HBM)를... 이번 깜짝 회동에서 양사는 AI 산업의 미래와 잠재력, 그리고 파트너십 전반에 대해 얘기한 것으로 보인다.... ",http://www.worktoday.co.kr/news/articleView.html?idxno=85190,http://www.worktoday.co.kr/news/articleView.html?idxno=85190,"Tue, 02 Jun 2026 09:08:00 +0900",2026-06-02 09:17:03
반도체,반도체 산업,[친절한 경제] &quot;우리도 하이닉스처럼&quot;…산업 전반서 '성과급 요구',"한 기자, SK하이닉스가 쏘아 올린 성과급 논의가 산업을 가리지 않고 확산하고 있죠? 그렇습니다. 반도체 업계에서 시작된 영업이익 연동 성과급 요구가 자동차와 조선, IT에서 철강까지 확산하고 있습니다. 그동안... ",https://news.sbs.co.kr/news/endPage.do?news_id=N1008590339&plink=ORI&cooper=NAVER,https://n.news.naver.com/mnews/article/055/0001360995?sid=101,"Tue, 02 Jun 2026 09:07:00 +0900",2026-06-02 09:17:03
반도체,반도체 산업,"인포시즈, 반도체 도면 분석 AI로 혁신…“4일 걸리던 작업 10분 만에”",회사는 이번 기술이 단순 업무 자동화를 넘어 반도체 산업의 엔지니어링 방식 자체를 변화시킬 수 있을 것으로 기대하고 있다. 첨단 공정으로 갈수록 설계 데이터 규모와 복잡성이 증가하는 만큼 AI 기반 설계 자동화와... ,https://www.edaily.co.kr/news/newspath.asp?newsid=03063526645477784,https://n.news.naver.com/mnews/article/018/0006295802?sid=101,"Tue, 02 Jun 2026 09:04:00 +0900",2026-06-02 09:17:03
반도체,반도체 산업,"인하대, 첨단산업 특성화대학 사업추진위 개최","반도체, 바이오, 이차전지, 로봇 등 첨단산업 간 융합 확대에 대응해 공동 연구와 산학협력 프로그램 운영 사례를 공유하고, 대학 차원의 경쟁력 강화를 위한 다양한 협력 방안도 논의됐다. 조명우 총장은 첨단산업... ",https://www.gukjenews.com/news/articleView.html?idxno=3598245,https://www.gukjenews.com/news/articleView.html?idxno=3598245,"Tue, 02 Jun 2026 09:04:00 +0900",2026-06-02 09:17:03
반도체,반도체 산업,"기보·수협은행, 첨단전략산업에 840억원 금융지원","최근 AI와 반도체, 방산, 첨단제조 등 국가 전략산업을 중심으로 기술 경쟁이 심화되는 가운데, 성장 가능성이 높은 기술기업에 대한 금융지원 필요성도 커지고 있다. 기보와 수협은행은 생산적 금융 확대를 통해... ",https://www.m-i.kr/news/articleView.html?idxno=1377957,https://www.m-i.kr/news/articleView.html?idxno=1377957,"Tue, 02 Jun 2026 09:04:00 +0900",2026-06-02 09:17:03
반도체,반도체 산업,"한국선재, 한선엔지니어링 주식 200억 원 규모 처분 결정","한국선재가 최대주주로 있는 한선엔지니어링은 계장용 튜브 및 피팅(관이음쇠) 전문기업으로 석유화학, 조선, 반도체 및 플랜트 산업 등에 제품을 공급하고 있다. 한국선재는 이번 한선엔지니어링 주식 처분 목적에... ",http://www.snmnews.com/news/articleView.html?idxno=570173,http://www.snmnews.com/news/articleView.html?idxno=570173,"Tue, 02 Jun 2026 09:02:00 +0900",2026-06-02 09:17:03
반도체,반도체 산업,우원식 전 국회의장 &quot;구미 변화 이끌 사람은 장세용&quot;…민주당 총력 지원...,특히 우원식 전 국회의장은 대구경북신공항 조기 추진과 반도체 산업 육성을 핵심 과제로 언급하며 &quot;정부와 민주당이 반도체특별법과 국가산단 첨단기업 유치를 적극 지원하겠다&quot;고 밝혔다. 이날 장세용 후보는 우원식 전... ,https://www.m-i.kr/news/articleView.html?idxno=1377915,https://www.m-i.kr/news/articleView.html?idxno=1377915,"Tue, 02 Jun 2026 09:02:00 +0900",2026-06-02 09:17:03
반도체,반도체 산업,"[더벨][코스닥 리빌딩 워치] 수익 더딘 이삭엔지니어링, AI·전력·리사이...","◇산업 자동화·스마트팩토리, AI 기반 사업으로 확장 이삭엔지니어링은 산업 자동화·스마트팩토리 전문기업이다. 2006년 설립 이래 반도체·철강·에너지 분야를 중심으로 자동화 시스템과 제어 솔루션을 공급해왔다.... ",https://www.thebell.co.kr/free/content/ArticleView.asp?key=202606011322038520103745,https://www.thebell.co.kr/free/content/ArticleView.asp?key=202606011322038520103745,"Tue, 02 Jun 2026 09:02:00 +0900",2026-06-02 09:17:03
반도체,HBM 시장,"KB운용 &quot;네트워크인프라 ETF, 국내주식형 수익률 1위&quot;","따른 시장 환경 및 기업들의 비즈니스 변화로 현재 포트폴리오는 AI 서버 핵심 부품 기업 중심으로... SK하이닉스(HBM), 이수페타시스(AI 서버용 PCB) 등 AI 인프라 확대의 직접적인 수혜가 기대되는 기업들에... ",https://www.yna.co.kr/view/AKR20260602040100008?input=1195m,https://n.news.naver.com/mnews/article/001/0016113139?sid=101,"Tue, 02 Jun 2026 09:15:00 +0900",2026-06-02 09:17:04
반도체,HBM 시장,최태원·젠슨황 대만서 또 만났다…AI 동맹 과시한 SK·엔비디아,양사는 최근 AI 반도체 시장 성장과 함께 협력을 더욱 강화하고 있다. 특히 SK하이닉스는 엔비디아의 AI 가속기에 탑재되는 고대역폭메모리(HBM)의 핵심 공급사로 자리 잡고 있다. 젠슨 황 CEO도 이날 한국 기업... ,https://www.kyeonggi.com/article/20260602580024,https://n.news.naver.com/mnews/article/666/0000109581?sid=101,"Tue, 02 Jun 2026 09:12:00 +0900",2026-06-02 09:17:04
반도체,HBM 시장,&quot;SK 시총 1조 달러 축하&quot;…대만서 'AI 동맹' 다진 최태원·젠슨 황,최태원 SK그룹 회장과 젠슨 황 엔비디아 최고경영자(CEO)가 대만에서 만나 글로벌 인공지능(AI) 인프라 시장... 1일 타이베이 현지에서 열린 한국 기자단과의 질의응답에서 황 CEO는 고대역폭메모리(HBM) 기술의 복잡성을... ,https://www.ebn.co.kr/news/articleView.html?idxno=1710958,https://www.ebn.co.kr/news/articleView.html?idxno=1710958,"Tue, 02 Jun 2026 09:02:00 +0900",2026-06-02 09:17:04
반도체,HBM 시장,"엔비디아發 AI 랠리 …뉴욕 증시, 사상 최고치 경신",시장에서는 차세대 AI 서버와 AI PC 확산 과정에서 고대역폭메모리(HBM)와 고성능 D램 수요가 폭발적으로 증가할 것으로 전망하고 있다. AI 인프라 확대 기대는 반도체를 넘어 소프트웨어 업종으로도... ,https://www.newstopkorea.com/news/articleView.html?idxno=45268,https://www.newstopkorea.com/news/articleView.html?idxno=45268,"Tue, 02 Jun 2026 09:00:00 +0900",2026-06-02 09:17:04
반도체,HBM 시장,"KB운용 'RISE 네트워크인프라', 국내주식형 ETF 수익률 1위","육동휘 KB운용 ETF상품마케팅본부장은 &quot;삼성전기(FC-BGA), SK하이닉스(HBM), 이수페타시스(AI 서버용 PCB) 등 AI 인프라 확대의 직접적인 수혜가 기대되는 기업들에 투자하는 만큼 글로벌 AI 시장이 커질수록 이들... ",https://view.asiae.co.kr/article/2026060209004890602,https://n.news.naver.com/mnews/article/277/0005770771?sid=101,"Tue, 02 Jun 2026 09:00:00 +0900",2026-06-02 09:17:04
반도체,HBM 시장,"국가 경제의 중심에 선 삼성전자, '32만전자' 이후의 신뢰와 성장 과제...","메모리(HBM), 파운드리, 첨단 패키징 등 차세대 반도체 경쟁력이 더욱 중요한 과제로 떠올랐다. 최근에는 시장 내 위상을 보여주는 또 하나의 이정표도 나왔다. 삼성전자는 이달 6일 시가총액 1조 달러를 넘어서며 세계... ",http://www.sisunnews.co.kr/news/articleView.html?idxno=239442,http://www.sisunnews.co.kr/news/articleView.html?idxno=239442,"Tue, 02 Jun 2026 09:00:00 +0900",2026-06-02 09:17:04
반도체,HBM 시장,"[반도체 기판의 미래①] 삼성전기, 120kW AI 시대 정조준…'꿈의 유리기...","현재 AI 반도체 시장에서는 GPU와 HBM, 인터커넥트, 패키징 기술이 하나의 공급망 안에서 유기적으로 연결되는 구조가 형성되고 있다. 특히 엔비디아 중심 AI 생태계 확대 과정에서 첨단 패키징 공급 부족 문제가... ",https://www.upkoreanews.kr/news/articleView.html?idxno=98689,https://www.upkoreanews.kr/news/articleView.html?idxno=98689,"Tue, 02 Jun 2026 09:00:00 +0900",2026-06-02 09:17:04
반도체,HBM 시장,"키움증권, 삼전 43만원·하이닉스 260만원으로 목표가 상향","또 HBM4, 6세대 고대역폭메모리와 기업용 SSD 시장 점유율 확대, 파운드리 부문 수익성 개선 등이 주가 상승 요인으로 작용할 것으로 내다봤습니다. 이에 따라 삼성전자에 대한 투자의견 '매수'와 업종 내 최선호주... ",https://biz.sbs.co.kr/article_hub/20000313958?division=NAVER,https://n.news.naver.com/mnews/article/374/0000513569?sid=101,"Tue, 02 Jun 2026 08:58:00 +0900",2026-06-02 09:17:04
반도체,HBM 시장,LG·SK 총수와 마주 앉는 젠슨 황…성수동서 AI 미래 그린다,글로벌 인공지능(AI) 반도체 시장을 이끄는 엔비디아의 젠슨 황 최고경영자(CEO)가 이번 주 한국을 찾는다.... 황 CEO는 고대역폭메모리(HBM)에 대해 &quot;HBM은 세 글자로 단순해 보이지만 굉장히 복잡한 기술&quot;이라며 &quot;성능·품질... ,https://www.econovill.com/news/articleView.html?idxno=741366,https://www.econovill.com/news/articleView.html?idxno=741366,"Tue, 02 Jun 2026 08:58:00 +0900",2026-06-02 09:17:04
반도체,HBM 시장,"최태원·젠슨 황, 대만서 다시 만났다…AI 동맹 강화 확인","젠슨 황 CEO도 이날 한국 기자들과의 질의응답에서 HBM 시장에서 SK하이닉스와의 협력 중요성을 거듭 강조했다. 그는 HBM 경쟁력을 좌우하는 요소로 성능과 품질, 신뢰성, 공급 능력을 제시하며 “그래서 우리는 SK와... ",https://www.dt.co.kr/article/12065470?ref=naver,https://n.news.naver.com/mnews/article/029/0003029659?sid=101,"Tue, 02 Jun 2026 08:57:00 +0900",2026-06-02 09:17:04
반도체,HBM 시장,"[미르의 알기쉬운 비즈니스]경쟁하던 삼성과 SK의 반도체, 엔비디아 ‘...",▲25~30% 지분 전격 탈환…삼성전자가 무서운 속도로 복귀한 이유 그동안 HBM 시장에서 SK하이닉스에 밀려 고전하던 삼성전자도 이번에는 무서운 회복세를 보여주며... ,https://www.mediapen.com/news/view/1102159,https://www.mediapen.com/news/view/1102159,"Tue, 02 Jun 2026 08:52:00 +0900",2026-06-02 09:17:04
반도체,HBM 시장,"[GTC 2026 대만] 어깨동무한 최태원·젠슨 황, '찐 깐부' 맞네…시총 1조...",최 회장 입장에서는 이번 연쇄 회동이 SK하이닉스의 HBM 리더십을 굳히는 중요한 분기점이다. AI 반도체 시장에서 엔비디아의 영향력이 절대적인 만큼 최 회장이 직접 황 CEO와 접점을 넓히는 것은 고객사 관리 차원을... ,https://www.ajunews.com/view/20260602084721747,https://www.ajunews.com/view/20260602084721747,"Tue, 02 Jun 2026 08:52:00 +0900",2026-06-02 09:17:04
반도체,HBM 시장,&quot;300만원 간다더니 한달 수익률 82.32%&quot;…삼성전기 담은 반도체 ETF '훨훨...,눈여겨 볼 부분은 이 같은 주가 급등이 국내 반도체 ETF 시장의 수익률 재편으로 이어졌다는 점이다.... HBM(고대역폭메모리) 등 메모리 반도체의 뒤를 이어 AI 서버용 고전압·고용량 MLCC(적층세라믹콘덴서) 가... ,http://www.fnnews.com/news/202606020817485123,https://n.news.naver.com/mnews/article/014/0005529389?sid=101,"Tue, 02 Jun 2026 08:51:00 +0900",2026-06-02 09:17:04
반도체,HBM 시장,"KB운용, 'RISE 네트워크인프라' ETF 1년 수익률 758%로 국내주식형 1위","이어 &quot;삼성전기(FC-BGA), SK하이닉스(HBM), 이수페타시스(AI 서버용 PCB) 등 AI 인프라 확대의 직접적인 수혜가 기대되는 기업들에 투자하는 만큼 글로벌 AI 시장이 커질수록 이들 기업의 성장 잠재력이 부각되면서... ",https://daily.hankooki.com/news/articleView.html?idxno=1372752,https://daily.hankooki.com/news/articleView.html?idxno=1372752,"Tue, 02 Jun 2026 08:50:00 +0900",2026-06-02 09:17:04
반도체,HBM 시장,최태원-젠슨 황 타이베이 회동 공개…“AI 메모리 성과 다지고 미래 논...,이번 회동은 AI 반도체 시장 확대 과정에서 SK하이닉스와 엔비디아가 HBM을 중심으로 구축한 협력 관계를 재확인하는 동시에 향후 AI 인프라 확대 국면에서도 장기 파트너십을 이어가겠다는 메시지로 해석된다.... ,https://www.etoday.co.kr/news/view/2589816,https://www.etoday.co.kr/news/view/2589816,"Tue, 02 Jun 2026 08:50:00 +0900",2026-06-02 09:17:04
반도체,HBM 시장,"SK하이닉스, 시총 1천兆 돌파…최태원-젠슨 황 '동행의 증거'",◆ HBM이 쌓은 1000조의 탑 SK하이닉스의 시총 1000조 원 돌파는 HBM 시장 주도권과 직결된다. 엔비디아의 AI 가속기에 탑재되는 HBM의 핵심 공급사로서 SK하이닉스는 AI 수요 폭발과 함께 가파른 성장 곡선을 그려왔다. 챗GPT... ,https://www.financialpost.co.kr/news/articleView.html?idxno=261256,https://www.financialpost.co.kr/news/articleView.html?idxno=261256,"Tue, 02 Jun 2026 08:48:00 +0900",2026-06-02 09:17:04
반도체,파운드리 수주,"아이텍, 삼성전자 SAFE 파트너 협력 강화 속 '특허보세구역' 획득까지…...",삼성전자 파운드리 SAFE 파트너사들과의 협력 강화와 더불어 최근 '특허보세구역' 지정에 따라 글로벌 매출... 이 대표는 &quot;글로벌 반도체 후공정(OSAT) 업체와 유사한 수준의 통관·물류 인프라를 구축했다는 점이 매우... ,http://www.newsprime.co.kr/news/article.html?no=735413,http://www.newsprime.co.kr/news/article.html?no=735413,"Tue, 02 Jun 2026 08:06:00 +0900",2026-06-02 09:17:05
반도체,파운드리 수주,[비즈 나우] 오픈AI 제친 앤트로픽…K반도체 '청신호',"반도체 제조 공장이 없는 아마존과 구글이 대주주인 상황에서, 삼성전자의 파운드리 기술력은 앤트로픽의 차세대 AI 전용 칩 수주를 흡수할 가장 유력한 후보로 꼽히는 만큼, 고착화된 TSMC 독점체제에 균열을 내는 중요한... ",https://biz.sbs.co.kr/article_hub/20000313934?division=NAVER,https://n.news.naver.com/mnews/article/374/0000513560?sid=104,"Tue, 02 Jun 2026 07:55:00 +0900",2026-06-02 09:17:05
반도체,파운드리 수주,"삼성 파운드리, 중국 전장 칩 시장 공략…BYD와 수주 논의","독자 유형별 맞춤 뉴스 6개를 선별해 제공합니다 ■ 삼성 파운드리, 중국 완성차 수주 전선 확대: 삼성전자(005930) 파운드리 사업부가 BYD 등 중국 주요 완성차 업체들과 2·4㎚ 자율주행 SoC(시스템온칩) 수주 논의를... ",https://www.sedaily.com/article/20050838?ref=naver,https://n.news.naver.com/mnews/article/011/0004626824?sid=101,"Tue, 02 Jun 2026 06:40:00 +0900",2026-06-02 09:17:05
반도체,파운드리 수주,9000피까지 211포인트…삼전닉스 레버리지 효과,"SoC 수주 논의를 진행 중인 것으로 확인됐다. 중국 최대 파운드리인 SMIC가 7나노 이상 구형 공정에 머물러 있고 주요 라인은 화웨이 등 전략 고객 물량으로 포화 상태여서, 중국 완성차 업체들이 삼성전자를... ",https://www.sedaily.com/article/20050834?ref=naver,https://n.news.naver.com/mnews/article/011/0004626820?sid=101,"Tue, 02 Jun 2026 06:35:00 +0900",2026-06-02 09:17:05
반도체,파운드리 수주,엔비디아는 왜 PC용 칩을 만드나 [AI칩 인사이드],"가까운 예로 삼성전자는 모바일과 가전, 반도체 사업을 함께 영위한다는 이유로 과거 애플 등 경쟁업체들은 삼성 파운드리를 기피했고, 기술력을 차치하더라도 TSMC와의 수주전에서 열위에 놓일 수밖에 없었다.... ",https://news.mtn.co.kr/news-detail/2026060115171316315,https://news.mtn.co.kr/news-detail/2026060115171316315,"Tue, 02 Jun 2026 06:04:00 +0900",2026-06-02 09:17:05
반도체,파운드리 수주,메트로신문 6월 2일 한줄뉴스,&lt;금융·부동산&gt; ▲은행권의 연체율은 0%대의 낮은 수준을 유지하고 있지만 실제 부실채권은 빠르게 늘고... ▲ TSMC가 인공지능(AI) 반도체 수요 급증을 배경으로 첨단 공정 가격 인상에 나서면서 삼성전자 파운드리... ,http://www.metroseoul.co.kr/article/20260601500410,http://www.metroseoul.co.kr/article/20260601500410,"Tue, 02 Jun 2026 06:02:00 +0900",2026-06-02 09:17:05
반도체,파운드리 수주,"&quot;문혁수號 체질개선 통했다&quot;…LG이노텍, 4년 만에 '1조 클럽' 복귀 청신...",증권가에서도 반도체 파운드리와 유사한 '수주형 사업 모델'로 진화 중인 LG이노텍의 구조적 성장에 주목하고 있다. 김동원 KB증권 리서치본부장은 &quot;다수의 빅테크 고객사가 메모리 반도체 계약 구조와 유사한 대규모... ,https://www.ebn.co.kr/news/articleView.html?idxno=1710826,https://www.ebn.co.kr/news/articleView.html?idxno=1710826,"Tue, 02 Jun 2026 06:00:00 +0900",2026-06-02 09:17:05
반도체,파운드리 수주,오일 파워 누른 반도체 파워,하지만 고대역폭 메모리(HBM)를 중심으로 메모리 산업은 점차 파운드리(반도체 위탁 생산)처럼 수주 산업에 가까워지고 있다. 여러 개의 D램 칩을 수직으로 쌓는 HBM은 AI 가속기에 필수 메모리다. 고객사가 요구하는... ,https://www.chosun.com/economy/tech_it/2026/06/02/4JWS7RVT4ZACDKHEH2IUELUL4M/?utm_source=naver&utm_medium=referral&utm_campaign=naver-news,https://n.news.naver.com/mnews/article/023/0003979741?sid=105,"Tue, 02 Jun 2026 00:56:00 +0900",2026-06-02 09:17:05
반도체,파운드리 수주,[더페어 돋보기] AI 인프라 확산의 최대 수혜주…주요 상장사 하반기 실...,글로벌 AI 데이터센터 확장에 따른 전력 변압기 공급 부족 현상이 지속되면서 북미 시장을 중심으로 수주... 글로벌 파운드리 및 메모리 제조사들의 설비 투자가 집중되는 시점과 맞물려 장비 인도량이 증가함에 따라... ,https://www.thefairnews.co.kr/news/articleView.html?idxno=78479,https://www.thefairnews.co.kr/news/articleView.html?idxno=78479,"Tue, 02 Jun 2026 00:00:00 +0900",2026-06-02 09:17:05
반도체,파운드리 수주,[김대호 진단] 엔비디아 깐부동맹 vs 앤트로픽 동맹,"반도체 제조 공장이 없는 아마존과 구글이 앤트로픽의 대주주인 상황에서, 삼성전자의 파운드리 기술력은 앤트로픽의 차세대 AI 전용 칩 수주를 흡수할 가장 유력한 후보지로 부상하게 된다. 이는 고착화된 TSMC 독점... ",https://www.g-enews.com/view.php?ud=202606011549326637906806b77b_1,https://www.g-enews.com/view.php?ud=202606011549326637906806b77b_1,"Tue, 02 Jun 2026 00:00:00 +0900",2026-06-02 09:17:05
반도체,파운드리 수주,&quot;주가 61만원 간다&quot;…삼성전자 또 역대급 전망에 '들썩' [종목+],"한동희 SK증권 연구원은 &quot;삼성전자는 메모리 3사 중 공간 여력 우위, HBM 시장 진입 본격화, 파운드리 수주 확대 등 이익 창출력 대비 현저히 저평가돼 있다&quot;며 목표주가를 기존 50만원에서 61만원으로 상향... ",https://www.hankyung.com/article/2026060114866,https://n.news.naver.com/mnews/article/015/0005293882?sid=101,"Mon, 01 Jun 2026 22:01:00 +0900",2026-06-02 09:17:05
반도체,파운드리 수주,"베스핀글로벌, 우리금융 AI 연구환경 운영 사업 수주",사업을 수주하고 금융권 인공지능 전환(AX) 지원에 나선다. AI 서비스 및 솔루션 전문기업 베스핀글로벌은... 프로젝트에는 베스핀글로벌의 AI 플랫폼 ‘헬프나우 AI 파운드리(HelpNow AI Foundry)’가 활용된다. 이 플랫폼은... ,https://www.hellot.net/news/article.html?no=112933,https://www.hellot.net/news/article.html?no=112933,"Mon, 01 Jun 2026 21:26:00 +0900",2026-06-02 09:17:05
반도체,파운드리 수주,"삼성전자, 시가총액 2천조원 넘겨… 이재용 회장도 주식보유액 60조원 돌...","한동희 SK증권 연구원은 &quot;삼성전자는 메모리 3사 중 공간 여력 우위, HBM 시장 진입 본격화, 파운드리 수주 확대 등 이익 창출력 대비 현저히 저평가 상태&quot;라며 &quot;장기공급계약은 업황의 안정 성장을 가져오고 약... ",https://www.econovill.com/news/articleView.html?idxno=741326,https://www.econovill.com/news/articleView.html?idxno=741326,"Mon, 01 Jun 2026 19:04:00 +0900",2026-06-02 09:17:05
반도체,파운드리 수주,"성과급 반발 달랠까…삼성 파운드리, 경영 상황· 비전 공유 자리 마련","파운드리사업부가 적자 축소 계획, 선단공정 수주 전략, 중장기 투자 방향과 함께 임직원이 납득할 만한 사업 비전을 제시하지 못하면 성과급 갈등은 당분간 이어질 가능성이 크다.",https://www.ziksir.com/news/articleView.html?idxno=135552,https://www.ziksir.com/news/articleView.html?idxno=135552,"Mon, 01 Jun 2026 18:28:00 +0900",2026-06-02 09:17:05
반도체,파운드리 수주,"&quot;망분리 금융권도 AX 지원&quot;… 베스핀글로벌, 우리금융 AI 연구환경 운영...",베스핀글로벌은 우리금융지주의 'AI 연구환경 운영' 사업을 수주했다고 1일 밝혔다. 이번 사업은... 이번 사업에는 베스핀글로벌의 AI 플랫폼 '헬프나우 AI 파운드리(HelpNow AI Foundry)'가 활용된다. 이 플랫폼은 다양한 AI... ,https://it.chosun.com/news/articleView.html?idxno=2023092163123,https://it.chosun.com/news/articleView.html?idxno=2023092163123,"Mon, 01 Jun 2026 18:02:00 +0900",2026-06-02 09:17:05
반도체,파운드리 수주,'신고가' 삼전닉스 &quot;지금도 할인중&quot;…61만전자·400만닉스 파격 전망,"한 연구원은 &quot;마이크론 대비 삼성전자는 43%, SK하이닉스는 39% 할인 중이다&quot;며 &quot;특히 삼성전자는 메모리 3사 중 공간 여력 우위, HBM 시장 진입 본격화, 파운드리 수주 확대 등 이익 창출력 대비 현저히 저평가 중이기... ",https://www.mt.co.kr/stock/2026/06/01/2026060117530839690,https://n.news.naver.com/mnews/article/008/0005365823?sid=101,"Mon, 01 Jun 2026 17:57:00 +0900",2026-06-02 09:17:05
반도체,파운드리 수주,"삼성전자, 美앤트로픽 투자 카드 꺼냈다…AI 반도체 고객사 확보 승부수","◇ 증권가 &quot;파운드리 부문의 추가 수주 확보 등 개선 전망&quot; 증권가에서는 삼성전자가 수년간 파운드리 사업에서 연간 수조원대 적자를 이어왔을 것으로 분석하고 있다. 대규모 시설투자 부담, 스마트폰 수요 둔화... ",https://www.newsquest.co.kr/news/articleView.html?idxno=267178,https://www.newsquest.co.kr/news/articleView.html?idxno=267178,"Mon, 01 Jun 2026 17:44:00 +0900",2026-06-02 09:17:05
반도체,파운드리 수주,"M&amp;A로 큰 미코, 유럽 'LNG 100년 기업' 인수",올 들어선 5억유로(약 8700억원) 이상의 수주 성과를 냈다. 미코그룹은 LNG 발전 등 에너지사업을... 현대중공업파워시스템의 중국 연태 공장은 세계 최대 HRSG 파운드리(주문 제작) 공장으로 평가받는다. 미코그룹은... ,https://www.hankyung.com/article/2026060115291,https://n.news.naver.com/mnews/article/015/0005293760?sid=101,"Mon, 01 Jun 2026 17:43:00 +0900",2026-06-02 09:17:05
반도체,파운드리 수주,"삼성 파운드리, 中 최대 BYD 차량용 칩도 뚫었다",삼성전자 파운드리에 칩 생산을 타진하고 있는 것이다. 1일 반도체 업계에 따르면 삼성전자는 BYD 등 주요 완성차 기업들과 2㎚(나노미터·10억분의 1m) 및 4나노 공정 수주 논의를 진행 중인 것으로 확인됐다. 수주가... ,https://www.sedaily.com/article/20050716?ref=naver,https://n.news.naver.com/mnews/article/011/0004626686?sid=101,"Mon, 01 Jun 2026 17:43:00 +0900",2026-06-02 09:17:05
반도체,파운드리 수주,BHI·미코그룹…LNG 발전 대세 된 K기업,글로벌 조사업체 맥코이에 따르면 올해 1분기 LNG발전 설비 HRSG 수주 실적에서 넴에너지는 미국의 GE... 현대중공업파워시스템의 중국 연태 공장은 세계 최대 HRSG 파운드리(주문 제작) 공장으로 평가받는다. 미코그룹은... ,https://www.hankyung.com/article/2026060114051,https://n.news.naver.com/mnews/article/015/0005293759?sid=101,"Mon, 01 Jun 2026 17:43:00 +0900",2026-06-02 09:17:05
2차전지,2차전지 주가,"NH투자증권 &quot;LG에너지솔루션, 하반기 신규 수주로 반등 기대&quot;",NH투자증권은 2일 올해 하반기 LG에너지솔루션과 삼성SDI를 중심으로 2차전지 업종의 주가 반등이 나타날 수 있다고 전망했다. 전기차(EV)·에너지저장장치(ESS) 등 신규 수주가 구체화되기 때문이다. 2차전지 업종에... ,https://www.g-enews.com/view.php?ud=20260602080440764544093b5d4e_1,https://www.g-enews.com/view.php?ud=20260602080440764544093b5d4e_1,"Tue, 02 Jun 2026 09:14:00 +0900",2026-06-02 09:17:06
2차전지,2차전지 주가,"“2차전지, 하반기 수주 쏟아진다…LG엔솔 최선호”",NH투자증권에 따르면 5월 2차전지 주가는 5.4% 하락했다. 반도체 중심의 매수 쏠림과 미국·이란 긴장 완화가 차익 실현의 빌미가 됐다는 설명이다. 주 연구원은 “상반기에 나타났던 선별적인 주가 상승은 하반기에... ,https://www.edaily.co.kr/news/newspath.asp?newsid=02669926645477784,https://n.news.naver.com/mnews/article/018/0006295706?sid=101,"Tue, 02 Jun 2026 07:49:00 +0900",2026-06-02 09:17:06
2차전지,2차전지 주가,"[N2 모닝 경제 브리핑-6월 2일] 美 증시, 3대 지수 또 역사적 고점…엔비...","다우 0.09%·S&amp;P 0.26%·나스닥 0.42%↑ 엔비디아 손잡은 MS·Arm 주가 폭등 반도체지수 역사상 첫 13,000선... (302430) : 2차전지 제조사와 약 53억원 규모 2차전지 검사장비 공급 계약 체결 ■ 주요 경제부처 일정(2일)... ",https://www.news2day.co.kr/article/20260601500215,https://www.news2day.co.kr/article/20260601500215,"Tue, 02 Jun 2026 05:54:00 +0900",2026-06-02 09:17:06
2차전지,2차전지 주가,"'반도체 독주'에 사상 최고치 코스피, 6월에도 웃을까",반도체주가 지수 상승을 주도했다. 시장은 반도체 중심 랠리가 이어질 것으로 보면서도 단기 급등에 따른... 6%) 등에 힘입어 에너지·화학·2차전지·방산·전력기기 등 소재·산업재 업종의 반등 가능성도 제기된다.... ,https://www.ziksir.com/news/articleView.html?idxno=135486,https://www.ziksir.com/news/articleView.html?idxno=135486,"Tue, 02 Jun 2026 00:00:00 +0900",2026-06-02 09:17:06
2차전지,2차전지 주가,[주식마감] &quot;젠슨 황 온다&quot; 기대감에 LG그룹株 '들썩'… 두산로보틱스·...,"목표주가를 기존 11만5000원에서 20만원으로 대폭(73.9%) 상향 조정하고 투자의견 '매수'를 유지했다.... KODEX 2차전지산업레버리지, 한온시스템, RISE 현대차고정피지컬AI, TIGER 미국우주테크, TIGER 반도체TOP10, KODEX 200... ",https://www.ggilbo.com/news/articleView.html?idxno=1161481,https://www.ggilbo.com/news/articleView.html?idxno=1161481,"Mon, 01 Jun 2026 19:40:00 +0900",2026-06-02 09:17:06
2차전지,2차전지 주가,[26.6.1 증시 인싸잇] 코스피 8800선 돌파... ‘또 사상 최고가’ 질주,"펩트론(-7.48%), 주성엔지니어링(-7.25%), 에코프로(-6.19%), 코오롱티슈진(-5.26%), 에코프로비엠(-4.61%) 등 2차전지·바이오주가 약세를 보이며 코스피와의 차별화가 뚜렷해졌다. 서울 외환시장에서 원·달러 환율은... ",https://www.mediawatch.kr/news/article.html?no=259832,https://www.mediawatch.kr/news/article.html?no=259832,"Mon, 01 Jun 2026 18:22:00 +0900",2026-06-02 09:17:06
2차전지,2차전지 주가,[헬로스톡] 6/1 주목할 종목 : 삼성전기·한화솔루션·현대로템·LG,"8월 2차 평가가 예정되어 있다. LG AI 연구원은 LG가 100% 지분을 보유한 LG경영개발원 산하 조직으로, 기업가치 상승이 LG 주주가치에 직접 연결된다. 참고로, 함께 1차 평가를 통과한 AI 모델 개발사... ",https://www.hellot.net/news/article.html?no=112931,https://www.hellot.net/news/article.html?no=112931,"Mon, 01 Jun 2026 18:18:00 +0900",2026-06-02 09:17:06
2차전지,2차전지 주가,반도체 던진 外人 '44조 엑소더스'의 이면...'AI 로봇·전기전자' 판 바...,그간 주가 조정을 겪었던 이차전지 및 전기전자 섹터로의 저가 매수세도 돋보였다. 외국인은 삼성SDI를... 코스닥 시장에서는 그간 지수를 지탱하던 2차전지와 바이오 관련주를 중심으로 매서운 차익실현 매물이... ,https://www.pinpointnews.co.kr/news/articleView.html?idxno=456937,https://www.pinpointnews.co.kr/news/articleView.html?idxno=456937,"Mon, 01 Jun 2026 17:54:00 +0900",2026-06-02 09:17:06
2차전지,2차전지 주가,&quot;큰놈만 오른다&quot;…대형주 33% 뛸때 소형주 14% 하락,"특히 지난달 말 모처럼 반등했던 2차전지·소재 업종에서 하락세가 두드러졌다. 이날 삼성SDI 주가는 전 거래일 대비 5.23% 떨어졌으며 SK이노베이션도 2.52% 내렸다. 코스닥에서도 에코프로비엠과 에코프로가 각각 4.61%, 6.... ",https://www.mk.co.kr/article/12063229,https://n.news.naver.com/mnews/article/009/0005688025?sid=101,"Mon, 01 Jun 2026 17:49:00 +0900",2026-06-02 09:17:06
2차전지,2차전지 주가,&quot;남들 가는 길 가야 돈 번다?&quot;⋯코스피 8700 돌파에도 내 주식만 파란불...,"LG그룹주가 강세를 보였다. SK하이닉스는 1.29% 오른 236만3000원에 장을 마쳤다. 하지만 지수 상승의... 에코프로(-6.19%), 에코프로비엠(-4.61%), 펩트론(-7.48%) 등 2차전지·바이오 종목이 약세를 보이며 코스피와 상반된... ",http://www.inews24.com/view/1973105,https://n.news.naver.com/mnews/article/031/0001032284?sid=101,"Mon, 01 Jun 2026 17:33:00 +0900",2026-06-02 09:17:06
2차전지,2차전지 주가,"[마켓인]나신평, SKIET 신용등급 ‘A-’로 하향…“업황 둔화에 채무부...","SK온 2차전지 부문의 영업실적이 판매량에 높은 영향을 미치고 있어, 비우호적인 전방산업 업황을 고려할... SK이노베이션이 주가수익스왑(PRS) 계약을 포함해 3000억원 규모의 유상증자를 실행하는 등 계열 지원이... ",https://www.edaily.co.kr/news/newspath.asp?newsid=04664166645477456,https://n.news.naver.com/mnews/article/018/0006295561?sid=101,"Mon, 01 Jun 2026 17:33:00 +0900",2026-06-02 09:17:06
2차전지,2차전지 주가,"코스피, 사상 최고치 8788 마감…시총 7000조 첫 돌파","에코프로비엠과 에코프로, 주성엔지니어링, 펩트론 등 2차전지와 바이오 종목이 약세를 보였다. 서울 외환시장에서 원·달러 환율은 전 거래일보다 3.6원 내린 1504.3원에 주간 거래를 마감했다.",https://www.econovill.com/news/articleView.html?idxno=741314,https://www.econovill.com/news/articleView.html?idxno=741314,"Mon, 01 Jun 2026 17:20:00 +0900",2026-06-02 09:17:06
2차전지,2차전지 주가,코스피 8800선 첫 돌파…반도체·AI 랠리에 삼성전자 시총 2000조 시대,반면 코스닥은 바이오와 2차전지 중심의 차익실현 매물이 출회되며 약세를 나타내 양 시장 간 분위기가... 시가총액 상위 종목 가운데서는 삼성전자와 AI·반도체 관련주가 강세를 주도했다. 삼성전자우는 전... ,https://www.goodkyung.com/news/articleView.html?idxno=287678,https://www.goodkyung.com/news/articleView.html?idxno=287678,"Mon, 01 Jun 2026 17:02:00 +0900",2026-06-02 09:17:06
2차전지,2차전지 주가,"배불린 외인 &quot;꿀꺽&quot; 또 던졌지만...코스피 첫 8700대, 삼전도 최고가","펩트론(7.48%), 주성엔지니어링(7.25%), 에코프로(6.19%), 코오롱티슈진(5.26%), 에코프로비엠(4.61%) 등 2차전지·바이오주가 약세를 보이며 코스피와의 차별화가 뚜렷해졌다. &quot;엔비디아 CEO 방한·금리 등 주시해야&quot; 앞서... ",https://www.mt.co.kr/stock/2026/06/01/2026060116303971221,https://n.news.naver.com/mnews/article/008/0005365771?sid=101,"Mon, 01 Jun 2026 16:51:00 +0900",2026-06-02 09:17:06
2차전지,2차전지 주가,[증시 인사이트] 9000선 눈앞에 둔 코스피…삼성전자·하이닉스 덕?,"게다가 오늘 SK증권에서는 반도체 투톱에 대한 목표주가를 상향하는 리포트를 내놓았습니다. 삼성전자는... 최근 오름세를 보이며 상승 추세로의 전환을 기대하게 했던 2차전지주도 주춤하고, 글로벌 학회가... ",https://biz.sbs.co.kr/article_hub/20000313846?division=NAVER,https://n.news.naver.com/mnews/article/374/0000513471?sid=101,"Mon, 01 Jun 2026 16:43:00 +0900",2026-06-02 09:17:06
2차전지,2차전지 주가,삼전·하닉만 오른다…반도체 독주냐 순환매냐,다만 증권가에서는 현재 장세를 두고 '반도체 독주가 당분간 이어질 것인가'와 '6월부터 순환매가 나타날... 이어 &quot;5월에는 반도체와 IT 하드웨어로 수급이 과도하게 집중됐지만 6월에는 이익 개선이 확인되는 2차전지... ,https://www.greened.kr/news/articleView.html?idxno=341686,https://www.greened.kr/news/articleView.html?idxno=341686,"Mon, 01 Jun 2026 16:26:00 +0900",2026-06-02 09:17:06
2차전지,2차전지 주가,"코스피, '사상최고치 랠리' 8780선 마감...삼성전자 10% 급등 최고치 경...","시가총액 상위 종목 가운데 반도체와 자동차, 금융주가 강세 흐름을 주도했다. 삼성전자는 10.09... 코스피가 기관 중심 대형주 랠리를 이어간 것과 달리 코스닥은 2차전지와 바이오주 중심의 차익실현 매물이... ",https://www.pinpointnews.co.kr/news/articleView.html?idxno=456864,https://www.pinpointnews.co.kr/news/articleView.html?idxno=456864,"Mon, 01 Jun 2026 16:22:00 +0900",2026-06-02 09:17:06
2차전지,2차전지 주가,"&quot;삼성전기, 다년간 독점계약 체결…이제 허벅지에 온 AI 사이클&quot;","실제로 과거 2차전지 사이클에서 셀·양극재 업체들의 주가는 실적 정점(2023년)에 1~2년 선행했고, 목표주가는 JV에 따른 장기공급계약을 근거로 2024~2025년 실적까지 당겨 EV/EBITDA 20~30배를 부여받았다. 삼성전기... ",https://www.newsquest.co.kr/news/articleView.html?idxno=267171,https://www.newsquest.co.kr/news/articleView.html?idxno=267171,"Mon, 01 Jun 2026 16:18:00 +0900",2026-06-02 09:17:06
2차전지,2차전지 주가,[서울데이터랩]마감 직후 인기 검색 종목 20選,"강한 주가 변동성을 보였다. 검색 1위는 삼성전자(005930)로 검색 비율 13.85%를 기록했고, 주가는... 이날 검색 상위 종목군은 반도체와 인터넷, LG그룹주, 로봇 관련주로 매수세가 쏠린 반면 2차전지... ",https://www.seoul.co.kr/news/economy/securities/2026/06/01/20260601500235?wlog_tag3=naver,https://n.news.naver.com/mnews/article/081/0003648654?sid=101,"Mon, 01 Jun 2026 16:03:00 +0900",2026-06-02 09:17:06
2차전지,2차전지 주가,"코스피, 8788 사상 최고 마감…삼성전자 10%↑·코스닥 급락 '양극화'","삼성전자 시총 2000조 돌파·코스닥 2% 하락 반도체·AI주 강세, 2차전지·바이오는 약세 코스피가... 이날 상승장은 반도체 대형주가 주도했다. 삼성전자는 10.09%, 삼성전자우는 13.09% 급등했고 SK하이닉스도 1.29... ",https://news.tf.co.kr/read/economy/2328399.htm,https://n.news.naver.com/mnews/article/629/0000504070?sid=101,"Mon, 01 Jun 2026 16:00:00 +0900",2026-06-02 09:17:06
2차전지,배터리 산업,"환경산업 인재양성 플랫폼 인정받았다… 환경ISC, 출범 후 첫 'S등급' 쾌...","환경산업 분야는 앞으로 AI 기반 물관리, 디지털 환경감시, 수소경제, 폐배터리 자원순환, 탄소중립 컨설팅 등 신산업 직무가 급증할 것으로 예상된다. 실제 정부도 녹색산업 해외진출 확대와 기후테크 육성 정책을... ",https://www.energydaily.co.kr/news/articleView.html?idxno=200046,https://www.energydaily.co.kr/news/articleView.html?idxno=200046,"Tue, 02 Jun 2026 09:02:00 +0900",2026-06-02 09:17:07
2차전지,배터리 산업,"포항시-포항TP-POEX, 국제 배터리 엑스포 성공 개최 협력","(왼쪽부터 송경창 포항테크노파크 원장, 이상엽 포항시 일자리경제국장, 송남운 POEX 대표이사) 포항시가 국제 배터리 엑스포의 경쟁력을 높이고 산업형 MICE 활성화 기반 마련에 나섰다. 시는 1일 포항테크노파크... ",http://www.metroseoul.co.kr/article/20260602500021,http://www.metroseoul.co.kr/article/20260602500021,"Tue, 02 Jun 2026 09:02:00 +0900",2026-06-02 09:17:07
2차전지,배터리 산업,[이재명 정부 1년] &quot;전기가 곧 국력&quot;···에너지 고속도로 프로젝트,이는 반도체뿐 아니라 배터리와 자동차 등 주요 핵심 산업이 대부분 포함되는 만큼 재생에너지 중심의 에너지 정책은 필수적이다. ◇ HVDC 성장···반도체·자동차·조선 이을 유망 산업 = 에너지 고속도로 프로젝트는... ,https://www.seoulfn.com/news/articleView.html?idxno=629849,https://www.seoulfn.com/news/articleView.html?idxno=629849,"Tue, 02 Jun 2026 09:00:00 +0900",2026-06-02 09:17:07
2차전지,배터리 산업,"[비즈 인사이트] 웃은 SK·HD현대, 숨 고른 LG…지주사 실적이 보여준 산...",1분기 지주사 실적은 숫자 경쟁이 아니라 한국 산업 지형이 어디로 움직이고 있는지를 보여줬다. 올해... SK가 AI 메모리 사이클을 타고 급반등했다면 LG는 배터리와 미래사업 투자 확대 속에서 수익성 조정기를 지나고... ,https://www.seoultimes.news/news/article.html?no=2000096168,https://www.seoultimes.news/news/article.html?no=2000096168,"Tue, 02 Jun 2026 08:58:00 +0900",2026-06-02 09:17:07
2차전지,배터리 산업,[초점] &quot;중국 녹색전환 시장을 잡아라&quot;… 수소·폐배터리·자원순환으로...,"중국 정부는 2030년 탄소배출 정점과 2060년 탄소중립 목표를 추진하면서 수소경제, 순환경제, 폐배터리 재활용, 자원회수 산업을 전략산업으로 육성하고 있다. 특히 전기차 보급 확대에 따라 폐배터리 처리와 핵심광물 확보... ",https://www.energydaily.co.kr/news/articleView.html?idxno=200044,https://www.energydaily.co.kr/news/articleView.html?idxno=200044,"Tue, 02 Jun 2026 08:50:00 +0900",2026-06-02 09:17:07
2차전지,배터리 산업,"이란 분쟁에…걸프 국가들, 수십억 달러 재생에너지 투자","파워팩터스의 소프트웨어는 세계 50대 재생에너지 생산업체의 70%가 사용하고 있다. 무바달라는 이달 영국... 오만은 5월 풍력, 태양광, 배터리 저장장치를 결합한 24시간 재생에너지 프로젝트의 주요 계약을 체결했다.... ",https://www.fortunekorea.co.kr/news/articleView.html?idxno=52682,https://www.fortunekorea.co.kr/news/articleView.html?idxno=52682,"Tue, 02 Jun 2026 08:46:00 +0900",2026-06-02 09:17:07
2차전지,배터리 산업,"빅텍, 선박용 ESS 전력관리장치 사업장 구축 완료",방위산업 분야에서 축적해 온 전원공급장치·제어 시스템 관련 기술력을 바탕으로 개발 완료한 NCM(니켈코발트망간) 리튬이온 배터리 기반 모델의 양산이 진행될 예정이다. LFP(리튬인산철) 배터리 기반 모델은 내년... ,https://www.newsis.com/view/NISX20260602_0003652818,https://n.news.naver.com/mnews/article/003/0013981021?sid=101,"Tue, 02 Jun 2026 08:46:00 +0900",2026-06-02 09:17:07
2차전지,배터리 산업,"기후부, 국내 우수 녹색기업 중국 시장 진출 지원","폐배터리 재활용 등 중국 현지 수요가 높은 유망 녹색기술을 앞세워 수출 계약, 협력 신규사업(프로젝트) 발굴 등 사업 기회 창출에 주력한다. 이번 파견단은 수출상담 이외 한중 환경산업 협력 토론회(포럼)를 열고... ",https://www.gasnews.com/news/articleView.html?idxno=125397,https://www.gasnews.com/news/articleView.html?idxno=125397,"Tue, 02 Jun 2026 08:36:00 +0900",2026-06-02 09:17:07
2차전지,배터리 산업,"인포시즈, 반도체 도면분석 시간 4일→10분 단축","탁정수 인포시즈 대표는 &quot;현장 적용 레퍼런스와 기술 고도화를 기반으로 반도체를 비롯해 배터리, 플랜트, 조선, 스마트팩토리 등 다양한 분야로 기술 적용 범위를 확대해 글로벌 핵심 산업으로 빠르게 확장해 나가겠다... ",https://view.asiae.co.kr/article/2026060208331757009,https://n.news.naver.com/mnews/article/277/0005770738?sid=101,"Tue, 02 Jun 2026 08:33:00 +0900",2026-06-02 09:17:07
2차전지,배터리 산업,"韓·中 녹색협력, 에너지·자원순환 분야로 확대한다",폐배터리 재활용 등 현지 수요가 높은 유망 녹색기술을 앞세워 사업기회 창출에 주력한다. 기후부 민관합동파견단은 수출상담 외에 한중 환경산업 협력포럼을 열고 양국의 환경·에너지 및 녹색산업 지원 정책을... ,http://www.e2news.com/news/articleView.html?idxno=330957,http://www.e2news.com/news/articleView.html?idxno=330957,"Tue, 02 Jun 2026 08:32:00 +0900",2026-06-02 09:17:07
2차전지,배터리 산업,"[클릭 e종목]&quot;세아메카닉스, ESS 이어 로봇까지 확장…1분기 실적 급증에...","기존 디스플레이 중심 사업 구조에서 벗어나 미래 모빌리티와 로봇, ESS 등 고성장 산업으로 적용처를... 세아메카닉스는 LG에너지솔루션향 ESS 부품 공급 레퍼런스를 확보한 상태로, 향후 글로벌 배터리 제조사로... ",https://view.asiae.co.kr/article/2026060208220187900,https://n.news.naver.com/mnews/article/277/0005770730?sid=101,"Tue, 02 Jun 2026 08:22:00 +0900",2026-06-02 09:17:07
2차전지,배터리 산업,"[단독] 롯데에너지, 이달부터 엔비디아에 AI용 회로박 공급","1일 산업계에 따르면 롯데에너지머티리얼즈는 이달부터 전북 익산공장에서 AI용 회로박을 본격 출하한다.... AI 가속기가 대량의 데이터를 처리할 때 쓰이는 기초 소재로, 일반 전기차 배터리용 동박보다 납품 단가가 3... ",https://www.hankyung.com/article/2026060115581,https://n.news.naver.com/mnews/article/015/0005293935?sid=101,"Tue, 02 Jun 2026 08:19:00 +0900",2026-06-02 09:17:07
2차전지,배터리 산업,"신한카드, 자동차금융 플랫폼 마이카 통해 여신 포트폴리오 다각화 가속...",이용 금액대에 따라 전기차 충전 상품권과 출장 세차 서비스 이용권 그리고 출장 엔진오일·배터리 교환권... 이종 산업과의 유기적인 제휴를 확대해 마이카 플랫폼을 금융과 생활이 결합한 종합 모빌리티 허브로 진화시켜... ,https://www.thefairnews.co.kr/news/articleView.html?idxno=78507,https://www.thefairnews.co.kr/news/articleView.html?idxno=78507,"Tue, 02 Jun 2026 08:04:00 +0900",2026-06-02 09:17:07
2차전지,배터리 산업,전기차 시대의 대변화 &quot;정체성 잃어가는 유럽차 vs 정체성 찾아가는 중...,"자동차 산업의 거대한 축이 내연기관에서 전기차(EV)로 이동하면서, 지난 100년간 공고했던 글로벌 자동차... 그중 배터리 충전 기술은 내연기관의 주유 속도에 육박할 만큼 진화했다. 국내 출시를 앞둔 지커 7X는 75kWh... ",https://www.epnc.co.kr/news/articleView.html?idxno=402452,https://www.epnc.co.kr/news/articleView.html?idxno=402452,"Tue, 02 Jun 2026 08:00:00 +0900",2026-06-02 09:17:07
2차전지,배터리 산업,[경제일보] 우리금융 127년… 민족은행→ 기업금융 명가→ 종합금융 재...,△반도체 △배터리 △바이오 △인공지능 △방산 △에너지 △지역 전략산업 등으로 자금이 흘러가야 금융도 성장하고 실물경제도 성장한다는 판단이다. 우리은행의 기업 고객에게 우리투자증권의 IB(투자금융)와... ,https://www.ajunews.com/view/20260601074209859,https://www.ajunews.com/view/20260601074209859,"Tue, 02 Jun 2026 07:42:00 +0900",2026-06-02 09:17:07
2차전지,배터리 산업,"“中, 경쟁국보다 보조금 최대 8배 폭격”... OECD, 中의 ‘시장 왜곡 장...",새로운 산업 보조금 추적 데이터베이스인 ‘MAGIC(제조업 그룹 및 산업 기업)’의 연구 결과를 전격... 대표적으로 글로벌 배터리 공급망의 목줄을 쥔 K-배터리의 최대 라이벌 배터리 거두 CATL은 2023년과 2024년 상반기... ,https://www.g-enews.com/view.php?ud=2026060207370539820c8c1c064d_1,https://www.g-enews.com/view.php?ud=2026060207370539820c8c1c064d_1,"Tue, 02 Jun 2026 07:40:00 +0900",2026-06-02 09:17:07
2차전지,리튬 시장,"LS證 “LG에너지솔루션, EV 점유율 하락·美 ESS 시장은 경쟁 치열…목표...",이어 “주요 고객사인 비중국 완성차 업체들까지 각형 배터리 채택을 늘리고 있어 향후 전기차 배터리 시장 점유율 하락 가능성이 높다”고 덧붙였다. 배터리 종류별로는 리튬인산철(LFP) 배터리 비중 확대가... ,https://biz.chosun.com/stock/stock_general/2026/06/02/F4UZBJD5U5BYXFCWGHE6L5NAWA/?utm_source=naver&utm_medium=original&utm_campaign=biz,https://n.news.naver.com/mnews/article/366/0001168703?sid=101,"Tue, 02 Jun 2026 09:04:00 +0900",2026-06-02 09:17:08
2차전지,리튬 시장,"파트너에서 경쟁자로…포드, ESS 업고 K배터리 맹추격",CATL과 기술 제휴 하에 ESS 시장 주류인 리튬인산철(LFP) 각형 배터리를 생산할 예정이다 이를 위해 SK온과 합작해 세웠던 미국 켄터키 배터리 공장을 개조한다. 포드는 켄터키 공장 생산라인을 ESS용으로 전환하는 데... ,https://zdnet.co.kr/view/?no=20260602002552,https://n.news.naver.com/mnews/article/092/0002424990?sid=105,"Tue, 02 Jun 2026 09:01:00 +0900",2026-06-02 09:17:08
2차전지,리튬 시장,창간특집 기획취재/ 중동전쟁에 희비 엇갈려…해운물류 울고 조선 웃어,"해운물류시장은 중동전쟁의 소용돌이에서 부진한 실적을 받아들었다. 해운사들은 외형과 이익이 동반... 리튬배터리, 태양광, 전기차 등 고부가가치 제품의 수출 증가가 핵심 요인으로 작용했다. 같은 기간... ",https://www.ksg.co.kr/news/main_newsView.jsp?pNum=147310,https://www.ksg.co.kr/news/main_newsView.jsp?pNum=147310,"Tue, 02 Jun 2026 09:00:00 +0900",2026-06-02 09:17:08
2차전지,리튬 시장,[Who Is ?] 성도경 비나텍 대표이사,"슈퍼커패시터를 캐시카우로 안착시키고, AI 데이터센터 전력망 인프라 시장 진입에 집중하고 있다. 1958년... 리튬이온배터리가 비교적 오랜 시간 안정적으로 전력을 공급하는 데 강점이 있다면 슈퍼커패시터는... ",https://www.businesspost.co.kr/BP?command=article_view&num=438936,https://www.businesspost.co.kr/BP?command=article_view&num=438936,"Tue, 02 Jun 2026 07:02:00 +0900",2026-06-02 09:17:08
2차전지,리튬 시장,‘마오타이의 고장’ 뒤덮은 태양광 패널…中 AI 굴기의 숨은 엔진 [정다...,"중국 배터리 업체들은 CATL과 BYD를 앞세워 세계 전기차 배터리 시장의 절반 이상을 장악했고, 에너지저장장치용 배터리에서는 글로벌 출하량의 90% 이상을 차지했다. 하지만 내부 사정은 녹록지 않다. 중국 리튬이온... ",https://www.sedaily.com/article/20050788?ref=naver,https://n.news.naver.com/mnews/article/011/0004626830?sid=104,"Tue, 02 Jun 2026 07:01:00 +0900",2026-06-02 09:17:08
2차전지,리튬 시장,캐나다 잠수함 사업 발표 임박…한화·HD현대 수주전 막판 총력,실적·리튬전지 기술력 앞세워 지난 달 25일 캐나다 에스퀴말트 해군기지에 입항한 한국 해군 도산안창호함... 업계에서는 수주 성공 시 캐나다 해군 유지·보수(MRO) 시장은 물론 향후 북미 및 NATO(북대서양조약기구)... ,https://www.news2day.co.kr/article/20260601500246,https://www.news2day.co.kr/article/20260601500246,"Tue, 02 Jun 2026 06:32:00 +0900",2026-06-02 09:17:08
2차전지,리튬 시장,"[K배터리 진단] 동화기업, 북미 수주·국가전략기술 확보…전해액 승부...","배터리 내부에서 리튬이온의 이동을 돕는 역할을 하며 출력과 수명, 안정성에 직접적인 영향을 미치는 핵심 소재다. 특히 전기차뿐 아니라 에너지저장장치(ESS) 시장 확대에 따라 수요 증가가 기대되는 분야로 평가받고... ",https://www.ebn.co.kr/news/articleView.html?idxno=1710857,https://www.ebn.co.kr/news/articleView.html?idxno=1710857,"Tue, 02 Jun 2026 06:00:00 +0900",2026-06-02 09:17:08
2차전지,리튬 시장,[기자의 눈] 중형 전기트럭 보조금 지출액 0원,중형 전기트럭 시장에 진출한 타타대우는 중형 전기 화물차 '기쎈'을 출시하고도 판매에 어려움을 겪고... 리튬인산철(LFP) 배터리를 적용해 가격을 낮췄음에도 업계에서는 팔수록 손해라는 말까지 나온다. 중형 전기트럭... ,https://www.ajunews.com/view/20260601092655102,https://www.ajunews.com/view/20260601092655102,"Tue, 02 Jun 2026 05:02:00 +0900",2026-06-02 09:17:08
2차전지,리튬 시장,"전기차 배터리 업그레이드, ST마이크로일렉트로닉스 차세대 BMS IC L9963F ...","이 제품은 하이브리드와 순수 전기차는 물론, 산업용 에너지 저장 시스템과 48V, 96V급 애플리케이션에 사용되는 리튬 배터리 팩을 정밀하게 관리하도록 설계됐다. L9963F는 이미 시장에서 검증된 전작 L9963E를 기반으로... ",http://www.technoa.co.kr/news/articleView.html?idxno=101003,http://www.technoa.co.kr/news/articleView.html?idxno=101003,"Tue, 02 Jun 2026 00:30:00 +0900",2026-06-02 09:17:08
2차전지,리튬 시장,中 전유물서 K-배터리 새 먹거리로…판 커지는 LFP 배터리 시장,"전기차, ESS용 LFP 배터리 수요 폭증 美·EU의 중국산 견제에 K-배터리 반사이익 삼원계 배터리 생산에 집중해온 국내 배터리 업계가 LFP(리튬인산철) 시장으로 영역을 확장하고 있다. 소재부터 완성 셀까지 LFP 배터리... ",https://news.tf.co.kr/read/economy/2328376.htm,https://n.news.naver.com/mnews/article/629/0000504174?sid=101,"Tue, 02 Jun 2026 00:01:00 +0900",2026-06-02 09:17:08
2차전지,리튬 시장,탄소소제품 단체표준?시험?인증 연계한 인프라 구축 등 기업지원 기반 ...,센터장은 ‘리튬이차전지(배터리) 소재 분야의 글로벌 표준화 동향’을 소개해 핵심 자원 선점 경쟁에 따른... 국제시장에서의 표준 선점 전략을 제안했다. 주제 발표 이후 진행된 종합 패널 토론에서는 기업이 주도하는... ,https://sjbnews.com/news/news.php?number=879746,https://sjbnews.com/news/news.php?number=879746,"Mon, 01 Jun 2026 21:21:00 +0900",2026-06-02 09:17:08
2차전지,리튬 시장,캐나다로 간 공급망 외교…K배터리·에너지도 북미 자원벨트로,"리튬·니켈·우라늄 품은 캐나다, 핵심광물 34종 보유 캐나다 정부는 리튬, 니켈, 코발트, 흑연, 구리, 희토류... AI 데이터센터 확산으로 전력망 투자가 늘고 전기차 시장이 장기적으로 성장할수록 핵심광물 확보 경쟁은 더... ",https://www.econovill.com/news/articleView.html?idxno=741322,https://www.econovill.com/news/articleView.html?idxno=741322,"Mon, 01 Jun 2026 21:10:00 +0900",2026-06-02 09:17:08
2차전지,리튬 시장,캐나다 잠수함 사업자 선정 한 달 앞으로…'원팀' 총력전 리스크는?,"한국형 잠수함의 빠른 납기와 운용 실적, 현지 산업 협력 패키지를 앞세워 북미 해양방산 시장 진입을... 공기불요추진체계(AIP)와 리튬이온 배터리를 적용한 최신 디젤잠수함이다. 한화오션은 KSS-III CPS가 장거리 잠항... ",https://www.econovill.com/news/articleView.html?idxno=741331,https://www.econovill.com/news/articleView.html?idxno=741331,"Mon, 01 Jun 2026 20:46:00 +0900",2026-06-02 09:17:08
2차전지,리튬 시장,CATL “배터리 판 바뀐다”… 나트륨 배터리 올해 대량 생산,나트륨 이온 배터리는 리튬 대신 나트륨을 사용하는 차세대 배터리다. 리튬보다 원재료 공급이 풍부해... 특히 창안자동차 등 완성차 업체의 신차 출시와 맞물리며 보급형 전기차 시장 확대 가능성도 제기된다.... ,https://m.skyedaily.com/news_view.html?ID=305116,https://m.skyedaily.com/news_view.html?ID=305116,"Mon, 01 Jun 2026 20:10:00 +0900",2026-06-02 09:17:08
2차전지,리튬 시장,"LFP 시장 문 두드리는 포스코퓨처엠, 中 독주에 도전장",[사진=포스코퓨처엠] 포스코퓨처엠이 리튬·인산·철(LFP) 양극재 시장 공략을 가속하고 있다. 에너지저장장치(ESS)와 중저가 전기차를 중심으로 LFP 배터리 채택이 증가하는 시장 상황에 대응하기 위해서다. 중국... ,https://www.ntoday.co.kr/news/articleView.html?idxno=127395,https://www.ntoday.co.kr/news/articleView.html?idxno=127395,"Mon, 01 Jun 2026 19:40:00 +0900",2026-06-02 09:17:08
2차전지,리튬 시장,탄소-세라믹 등 첨단 핵심소재 기술의 국제표준 선점 방향은,센터장은 '리튬이차전지(배터리) 소재 분야의 글로벌 표준화 동향'을 소개해 핵심 자원 선점 경쟁에 따른... 국제시장에서의 표준 선점 전략을 제안했다. 주제 발표 이후 진행된 종합 패널 토론에서는 기업이 주도하는 표준... ,http://www.jjn.co.kr/news/articleView.html?idxno=1042475,http://www.jjn.co.kr/news/articleView.html?idxno=1042475,"Mon, 01 Jun 2026 18:46:00 +0900",2026-06-02 09:17:08
2차전지,리튬 시장,코스닥 활성화 가동…150조 펀드 훈풍에 상장 러시,"2차전지는 리튬 등 원자재 가격 회복과 에너지저장장치(ESS) 수요 증가, 전고체 배터리 시장 개화에 따른 턴어라운드 기대가 커지고 있다. 글로벌 AI 투자 확대에 따라 반도체 소부장 기업들의 실적 개선 흐름이... ",http://www.segyebiz.com/newsView/20260601515919?OutUrl=naver,http://www.segyebiz.com/newsView/20260601515919?OutUrl=naver,"Mon, 01 Jun 2026 18:44:00 +0900",2026-06-02 09:17:08
2차전지,리튬 시장,[캐나다 잠수함 수주전] 한화 김동관 승부수…현지 산업 생태계 구축+북...,KSS-Ⅲ는 공기불요추진체계와 리튬이온 배터리를 동시에 적용한 잠수함으로 장거리 작전 능력과 잠항 지속... 캐나다는 향후 수십 년간 유지·보수 사업과 추가 방산 협력이 가능한 전략 시장으로 평가받는다. 잠수함... ,https://www.ezyeconomy.com/news/articleView.html?idxno=235902,https://www.ezyeconomy.com/news/articleView.html?idxno=235902,"Mon, 01 Jun 2026 18:16:00 +0900",2026-06-02 09:17:08
2차전지,전고체 배터리,"日 정부, '배터리 전략' 전격 개정… AI 수요 폭발에 &quot;2035년 매출 3배로...","한편, 꿈의 배터리로 불리는 차세대 '전고체 배터리'에 대해서는 2030년경 본격적인 실용화와 2030년대 중반까지의 안정적인 제조 기반 확립을 새로운 이정표로 제시했다. 이용수 글로벌이코노믹 기자",https://www.g-enews.com/view.php?ud=202606020512563065e7e8286d56_1,https://www.g-enews.com/view.php?ud=202606020512563065e7e8286d56_1,"Tue, 02 Jun 2026 05:42:00 +0900",2026-06-02 09:17:08
2차전지,전고체 배터리,"정석케미칼 김용현 대표, 전주대서 명예경영학박사 학위 받아","황화리튬은 액체 전해액 대신 고체 전해질을 사용하는 차세대 전고체 배터리의 핵심 원료로, 국내외 주요 전기차 관련 업체에 납품하고 있다. 완주군 봉동읍 테크노밸리 제2산업단지에 있는 ㈜정석케미칼은 연매출... ",http://www.jeonmin.co.kr/news/articleView.html?idxno=440797,http://www.jeonmin.co.kr/news/articleView.html?idxno=440797,"Mon, 01 Jun 2026 23:18:00 +0900",2026-06-02 09:17:08
2차전지,전고체 배터리,"충남대 박상백 교수팀, '액체 금속' 활용 무음극 전고체전지 수명 획기...",충남대학교 연구진이 상온에서 흐르는 '액체 금속'의 특성을 활용해 차세대 배터리로 주목받는 무음극 전고체전지의 수명 문제를 해결할 수 있는 신기술을 개발했다. 충남대 신소재공학과 박상백 교수팀은 갈륨(Ga) 기반... ,https://www.newstnt.com/news/articleView.html?idxno=704854,https://www.newstnt.com/news/articleView.html?idxno=704854,"Mon, 01 Jun 2026 20:28:00 +0900",2026-06-02 09:17:08
2차전지,전고체 배터리,"민테크, 에너지 소재 개발 자회사 설립…전고체·연료전지로 사업 확장","기존 배터리 상태 진단과 검사 장비 중심의 사업 구조에서 나아가 전고체 배터리, 연료전지, 태양광 등 친환경 에너지 핵심 소재 개발까지 밸류체인을 확장하겠다는 전략이다. 민테크는 전기화학 기초 소재·부품 개발과... ",https://www.econovill.com/news/articleView.html?idxno=741291,https://www.econovill.com/news/articleView.html?idxno=741291,"Mon, 01 Jun 2026 17:18:00 +0900",2026-06-02 09:17:08
2차전지,전고체 배터리,"충남대 박상백 교수팀, '액체 금속'으로 차세대 무음극 전고체전지 수명...","특히, 무음극 전고체전지는 기존 배터리와 달리 초기 음극 소재 없이 제작되며, 충전 과정에서 양극에서 이동한 리튬 이온이 음극 집전체 표면에 쌓여 스스로 음극층을 형성하는 방식으로 작동한다. 불필요한 음극... ",https://www.ggilbo.com/news/articleView.html?idxno=1161444,https://www.ggilbo.com/news/articleView.html?idxno=1161444,"Mon, 01 Jun 2026 16:34:00 +0900",2026-06-02 09:17:08
2차전지,전고체 배터리,"아이엘, 산업 자율주행로봇 'L1 맥스' 출시…피지컬AI 사업 확대",성장해온 아이엘은 모빌리티와 차세대 신산업 분야를 아우르는 종합 기술 기업으로 탈바꿈하고 있다. 미래 먹거리를 위해 아이엘은 차세대 성장 동력으로 전고체 배터리 및 피지컬 AI로봇 플랫폼 사업을 확대하고 있다.,https://www.imaeil.com/page/view/2026060116184916613,https://n.news.naver.com/mnews/article/088/0001012560?sid=101,"Mon, 01 Jun 2026 16:26:00 +0900",2026-06-02 09:17:08
2차전지,전고체 배터리,"포스코퓨처엠, 차세대 배터리 소재 전선 넓힌다","포스코퓨처엠은 올해 미국 실리콘 음극재 기업 실라와 첨단 배터리 소재 공동 개발 협약을 체결했으며, 미국 전고체 배터리 기업 팩토리얼과도 양극재·음극재 분야 협력을 진행 중이다. 다만 공격적인 투자 확대에 따른... ",https://daily.hankooki.com/news/articleView.html?idxno=1372533,https://daily.hankooki.com/news/articleView.html?idxno=1372533,"Mon, 01 Jun 2026 15:08:00 +0900",2026-06-02 09:17:08
2차전지,전고체 배터리,액체금속으로 배터리 수명 연장,전고체전지는 불에 잘 타는 액체전해질 대신 고체전해질을 쓰는 차세대 배터리다. 화재와 폭발 위험을 낮출 수 있어 전기차와 고성능 에너지 저장장치의 핵심 기술로 꼽힌다. 그중 무음극 전고체전지는 처음부터 음극... ,https://www.ccdailynews.com/news/articleView.html?idxno=2419486,https://www.ccdailynews.com/news/articleView.html?idxno=2419486,"Mon, 01 Jun 2026 12:28:00 +0900",2026-06-02 09:17:08
2차전지,전고체 배터리,"류광현 엔플로우 대표 &quot;피지컬 AI 시대, 전고체 전해질 양산 기술이 경...",류광현 엔플로우 대표가 28일 서울 여의도 FKI 컨퍼런스센터에서 열린 '피지컬 AI를 위한 전고체 배터리 개발 기술과 상용화 전략' 세미나에서 '피지컬 AI 시대를 위한 전고체 전해질 개발과 상용화 전략'을 주제로 발표를... ,https://www.epnc.co.kr/news/articleView.html?idxno=402376,https://www.epnc.co.kr/news/articleView.html?idxno=402376,"Mon, 01 Jun 2026 11:00:00 +0900",2026-06-02 09:17:08
2차전지,전고체 배터리,"민테크, 차세대 에너지 소재 개발 법인 '민테크 아이오닉스' 출범",민테크 아이오닉스는 △전고체 배터리용 소재 △수소 연료전지 소재 △고효율 태양광 소재 개발을 핵심 사업으로 추진한다. 전고체 배터리 분야에서는 고체 전해질의 리튬 이온 전도도 향상과 전극 계면 저항 저감을... ,https://www.etnews.com/20260601000143,https://n.news.naver.com/mnews/article/030/0003433128?sid=105,"Mon, 01 Jun 2026 10:38:00 +0900",2026-06-02 09:17:08
2차전지,전고체 배터리,"SK증권 &quot;배터리 ESS 증산, 알루미늄박 수급 비상 빚어&quot;","이어 &quot;알박 수요는 국내 LFP ESS에 그치지 않고 일본과 미국 등 글로벌 고객사로 확산되고 있으며, 향후 소듐이온 배터리나 전고체 배터리 등 차세대 전지 분야에서도 코팅 알박이 필수적으로 사용되며 수요처가 더욱... ",https://www.financialpost.co.kr/news/articleView.html?idxno=261108,https://www.financialpost.co.kr/news/articleView.html?idxno=261108,"Mon, 01 Jun 2026 09:40:00 +0900",2026-06-02 09:17:08
2차전지,전고체 배터리,"민테크, 차세대 에너지 첨단 소재 개발 법인 ‘민테크 아이오닉스’ 출...","[452200]는 전고체 배터리 전해질 및 음극 소재, 연료전지, 태양광 등 전기화학 기초 소재·부품 개발 및 사업화를 전담할 신설법인 ‘민테크 아이오닉스 (Mintech Ionics)’를 설립했다고 1일 밝혔습니다. 민테크는 핵심 역량인... ",https://www.inthenews.co.kr/news/article.html?no=87493,https://www.inthenews.co.kr/news/article.html?no=87493,"Mon, 01 Jun 2026 09:32:00 +0900",2026-06-02 09:17:08
2차전지,전고체 배터리,"민테크, 소재 개발 자회사 '민테크 아이오닉스' 출범","민테크 아이오닉스는 전고체 배터리 전해질과 음극 소재, 수소 연료전지, 차세대 태양전지 등 전기화학 기반 핵심 소재·부품의 연구개발과 사업화를 전담하게 된다. 특히 전고체 배터리 핵심 소재 개발에 역량을 집중한다.... ",https://www.seoulfn.com/news/articleView.html?idxno=630036,https://www.seoulfn.com/news/articleView.html?idxno=630036,"Mon, 01 Jun 2026 08:46:00 +0900",2026-06-02 09:17:08
2차전지,전고체 배터리,"민테크, 차세대 에너지 첨단소재 개발 자회사 '민테크 아이오닉스' 설립",민테크는 전고체 배터리 전해질 및 음극 소재를 비롯해 연료전지와 태양광 분야의 전기화학 기반 소재·부품 개발과 사업화를 전담할 신설 법인 '민테크 아이오닉스(Mintech Ionics)'를 출범했다고 5월 31일 밝혔다. 회사 측은... ,https://www.industrynews.co.kr/news/articleView.html?idxno=81583,https://www.industrynews.co.kr/news/articleView.html?idxno=81583,"Mon, 01 Jun 2026 08:46:00 +0900",2026-06-02 09:17:08
2차전지,전고체 배터리,"민테크, 차세대 배터리 개발 '민테크 아이오닉스' 출범","전고체 배터리 전해질·음극 소재, 연료전지, 태양광 등 전기화학 기초 소재·부품을 개발한다. 민테크는 전기화학 임피던스 분광법(EIS) 기반 배터리 진단 기술로 업계에서 입지를 다져왔다. 민테크 아이오닉스는 이 기술을... ",https://www.thelec.kr/news/articleView.html?idxno=57394,https://www.thelec.kr/news/articleView.html?idxno=57394,"Mon, 01 Jun 2026 08:00:00 +0900",2026-06-02 09:17:08
2차전지,전고체 배터리,"민테크, 자회사 '민테크아이오닉스' 설립…&quot;차세대 친환경에너지 시장 ...","민테크아이오닉스는 전고체 배터리 전해질 및 음극 소재, 연료전지, 태양광 등 전기화학 기초 소재·부품 개발 및 사업화를 전담한다. 회사 측은 &quot;이번 민테크아이오닉스의 설립은 자사가 기존에 글로벌 시장을 선도해 온... ",https://view.asiae.co.kr/article/2026060107574851572,https://n.news.naver.com/mnews/article/277/0005770032?sid=101,"Mon, 01 Jun 2026 07:57:00 +0900",2026-06-02 09:17:08
2차전지,전고체 배터리,"과기정통부, 504억 투입 ‘AI 휴머노이드’ 원천기술 개발 착수","▲전고체 배터리 기술 적용 LG에너지솔루션은 세계 최초로 고안전 전고체 배터리 기술을 로봇 플랫폼에 적용해 화재 위험을 낮추고 안정적인 장시간 작업 수행이 가능한 휴머노이드를 구현하며, 국제 안전 표준... ",https://medicalworldnews.co.kr/news/view.php?idx=1510975017,https://medicalworldnews.co.kr/news/view.php?idx=1510975017,"Mon, 01 Jun 2026 06:20:00 +0900",2026-06-02 09:17:08
2차전지,전고체 배터리,"中 전기차 급부상… 도요타, 차세대 전기 세단 개발 중단","도요타는 LF-ZC 개발 중단에도, 전고체 배터리나 기가 캐스팅 등 미래 기술 연구는 지속한다는 방침이다. 자동차 업계에서는 도요타가 미국·유럽의 전기차 전환 지원 정책이 약화돼 렉서스 세단과 같은 고가 전기차의... ",https://www.chosun.com/economy/auto/2026/06/01/Q2HANCSYQVH75JYGKQCR7YQXNA/?utm_source=naver&utm_medium=referral&utm_campaign=naver-news,https://n.news.naver.com/mnews/article/023/0003979479?sid=101,"Mon, 01 Jun 2026 00:34:00 +0900",2026-06-02 09:17:08
2차전지,전고체 배터리,"이수스페셜티케미컬, 6월 '전고체 배터리' 기대감 커진다…월요일 주가...",이수스페셜티케미컬이 6월 전고체 배터리 소재 사업 기대감 속에 다시 시장의 관심을 받고 있다. 최근 주가가 장기간 조정을 거친 뒤 반등을 시도하는 모습을 보이면서 투자자들의 시선도 집중되는 분위기다. 전고체... ,https://www.cbci.co.kr/news/articleView.html?idxno=578471,https://www.cbci.co.kr/news/articleView.html?idxno=578471,"Mon, 01 Jun 2026 00:00:00 +0900",2026-06-02 09:17:08
바이오/헬스,바이오 주가,"대신증권 &quot;알테오젠, 특허 리스크 완화…신규 딜 가능성 높아져&quot;","홍가혜 대신증권 연구원은 &quot;올해 초 일부 파트너사 로열티율이 시장 기대치를 하회했고, 최근 제약·바이오 섹터 수급 소외가 겹치며 동사 주가가 부진했으나, NDR을 통해 특허 리스크 완화와 추가 라이선스... ",https://www.etoday.co.kr/news/view/2589841,https://www.etoday.co.kr/news/view/2589841,"Tue, 02 Jun 2026 09:12:00 +0900",2026-06-02 09:17:09
바이오/헬스,바이오 주가,"에이비엘바이오, 파이프라인 가치조정으로 목표가 하향-다올",다올투자증권은 에이비엘바이오에 대해 파이프라인 가치를 조정해 적정주가를 24만원으로 하향조정한다고 2일 밝혔다. 기존 목표가는 26만원. 다올투자증권에 따르면 에이비엘바이오는 지난 3월 BBB 셔틀 기술의... ,https://www.mt.co.kr/stock/2026/06/02/2026060209045714420,https://n.news.naver.com/mnews/article/008/0005365993?sid=101,"Tue, 02 Jun 2026 09:09:00 +0900",2026-06-02 09:17:09
바이오/헬스,바이오 주가,6년 만에 1.9조 기술수출 쾌거…한미약품 목표주가 줄상향,목표주가를 끌어올리고 있다. 2일 메리츠증권은 단장증후군 치료제 후보물질 ‘소네페글루타이드’의... 제약·바이오 시장의 비만 대장주로 등극할 수 있다”고 강조했다. 이명선 DB금융투자 연구원 또한... ,https://www.mk.co.kr/article/12063741,https://n.news.naver.com/mnews/article/009/0005688178?sid=101,"Tue, 02 Jun 2026 08:59:00 +0900",2026-06-02 09:17:09
바이오/헬스,바이오 주가,"대신證 “알테오젠, 10개 이상 파트너사와 MTA 논의 중…목표가 50만원 ...",홍가혜 대신증권 연구원은 “올해 초 일부 파트너사 로열티율이 시장 기대치를 하회했고 최근 제약 바이오 섹터의 수급 소외가 겹치며 동사 주가가 부진했다”면서도 “최근 기업설명회(NDR)를 통해 특허 리스크... ,https://biz.chosun.com/stock/stock_general/2026/06/02/GJNIEM4A6NGSLKNBBZW7NFIRTM/?utm_source=naver&utm_medium=original&utm_campaign=biz,https://n.news.naver.com/mnews/article/366/0001168699?sid=101,"Tue, 02 Jun 2026 08:59:00 +0900",2026-06-02 09:17:09
바이오/헬스,바이오 주가,"올릭스, 로레알 투자 유치로 글로벌 도약 기대…“더 큰 그림 시작” [W...","김 연구원은 “투자 규모만 놓고 보면 주가에 큰 영향을 줄 수준은 아니지만, 보수적인 기업으로 알려진 로레알이 전략적 투자자로 참여했다는 점은 의미가 다르다”며 “향후 더 큰 협력으로 이어질 가능성을... ",https://www.sedaily.com/article/20050868?ref=naver,https://n.news.naver.com/mnews/article/011/0004626866?sid=101,"Tue, 02 Jun 2026 08:48:00 +0900",2026-06-02 09:17:09
바이오/헬스,바이오 주가,"키움證 &quot;한미약품, 릴리 기술이전으로 경쟁력 입증…목표가 66만원↑&quot;",목표주가를 기존 56만원에서 66만원으로 상향 제시했다. 투자의견은 여전히 '매수'를 유지했다. 허혜민... 한미약품은 전날 미국 일라이 릴리에 바이오신약 후보물질 소네페글루타이드(과제명 LAPS GLP-2 analog)를 총... ,https://www.newsis.com/view/NISX20260602_0003652790,https://n.news.naver.com/mnews/article/003/0013981004?sid=101,"Tue, 02 Jun 2026 08:34:00 +0900",2026-06-02 09:17:09
바이오/헬스,바이오 주가,"[더벨][비앤비코리아 IPO] 공모자금 절반 구주매출, 빚부터 갚는다","우선 2024년 10월 진백글로벌은 기존 최대주주였던 더블유에스뷰티와 개인주주가 가지고 있었던 지분을 비롯, 로드인베스트먼트의 로드제일호바이오사모투자합자회사 보유 지분 등 81.2%를 1002억원에 인수했다. 이어... ",https://www.thebell.co.kr/free/content/ArticleView.asp?key=202605281427261920101532,https://www.thebell.co.kr/free/content/ArticleView.asp?key=202605281427261920101532,"Tue, 02 Jun 2026 08:32:00 +0900",2026-06-02 09:17:09
바이오/헬스,바이오 주가,"[기업이슈] 삼성전자, 시총 첫 2000조 돌파…사상 최고 수준 강세","◇ 한미약품, 6년 만에 잭팟…미 릴리에 2조 기술 수출 한미약품이 일라이 릴리와 바이오신약 후보물질인 '소네페 글루타이드'의 개발과 제조·상업화를 위해 라이선스 계약을 맺었다는 소식에 주가가 급등했습니다.... ",https://biz.sbs.co.kr/article_hub/20000313947?division=NAVER,https://n.news.naver.com/mnews/article/374/0000513566?sid=101,"Tue, 02 Jun 2026 08:31:00 +0900",2026-06-02 09:17:09
바이오/헬스,바이오 주가,바이오 저평가 구간 진입…하반기 L/O 기대주 부각,"국내 제약·바이오 업종이 하반기 선별 장세에 진입할 전망이다. 상반기 주가는 반도체·AI 중심 증시 흐름에서 소외됐지만, 글로벌 빅파마의 연구개발 투자와 기술도입 수요는 확대되고 있다. 특허절벽, 약가 인하... ",https://www.medicopharma.co.kr/news/articleView.html?idxno=68280,https://www.medicopharma.co.kr/news/articleView.html?idxno=68280,"Tue, 02 Jun 2026 08:26:00 +0900",2026-06-02 09:17:09
바이오/헬스,바이오 주가,"&quot;'1.9조 기술이전' 한미약품, 신약 가치 반영해 목표가↑&quot;-키움",목표주가를 기존 56만원에서 66만원으로 상향했다. 투자의견은 '매수'를 유지했다. 전날 한미약품은 릴리에 랩스커버리 플랫폼을 적용한 지속형 GLP-2 아날로그 바이오신약 소네페글루타이드(Sonefpeglutide)를 계약금... ,https://www.mt.co.kr/stock/2026/06/02/2026060208230292834,https://n.news.naver.com/mnews/article/008/0005365961?sid=101,"Tue, 02 Jun 2026 08:26:00 +0900",2026-06-02 09:17:09
바이오/헬스,바이오 주가,"한미약품, 6년 만의 빅딜 성사…“릴리 기술수출로 R&amp;D 경쟁력 재확인”...",한미약품은 전날 릴리에 지속형 GLP-2 아날로그 바이오신약 ‘소네페글루타이드’를 기술이전했다. 계약... 기술수출 발표 이후 한미약품 주가는 10% 상승했고 시가총액은 하루 만에 약 6149억 원 증가했다. 허 연구원은... ,https://www.sedaily.com/article/20050859?ref=naver,https://n.news.naver.com/mnews/article/011/0004626858?sid=101,"Tue, 02 Jun 2026 08:24:00 +0900",2026-06-02 09:17:09
바이오/헬스,바이오 주가,"[모닝 리포트] 알테오젠, 특허 부담 완화…목표가 50만원","홍가혜 대신증권 연구원은 &quot;올해 초 일부 파트너사 로열티율이 시장 기대치를 하회했고 최근 제약·바이오 섹터 수급 소외가 겹치며 주가가 부진했으나, NDR을 통해 특허 리스크 완화와 추가 라이선스 계약... ",https://www.newspim.com/news/view/20260602000069,https://www.newspim.com/news/view/20260602000069,"Tue, 02 Jun 2026 08:21:00 +0900",2026-06-02 09:17:09
바이오/헬스,바이오 주가,[아주증시포커스] '젠슨황 효과' 반도체 넘어 로봇까지…AI 밸류체인 주...,-상장 이후 시장에서는 인벤테라를 포함해 25개 기업의 보호예수 해제가 예정돼 있고 코스모로보틱스·카나프테라퓨틱스·아이엠바이오로직스·세미파이브는 해제 물량 비중이 높아 주가 변동성이 커질 수 있음.... ,https://www.ajunews.com/view/20260602073707617,https://www.ajunews.com/view/20260602073707617,"Tue, 02 Jun 2026 08:08:00 +0900",2026-06-02 09:17:09
바이오/헬스,바이오 주가,[원자재 시황] 금값 하락세 전환…WTI 다시 90달러 돌파,"반면 대두유는 바이오연료 수요 증가와 재생연료 크레딧 강세 영향으로 신고가 행진을 이어갔다.... 코인베이스와 스트래티지 주가도 각각 5~6% 하락했고, XRP·솔라나·이더리움 등 주요 알트코인도 동반 약세를... ",https://www.ebn.co.kr/news/articleView.html?idxno=1710947,https://www.ebn.co.kr/news/articleView.html?idxno=1710947,"Tue, 02 Jun 2026 08:04:00 +0900",2026-06-02 09:17:09
바이오/헬스,바이오 주가,"증시 호조 속, 제테마·지놈앤컴퍼니 업계 자존심 지켰다 [바이오맥짚기...","툴젠 측은 &quot;꼭 필요한 자금만을 요청하기 위해 증자 비율을 보수적으로 책정했다&quot;고 거듭 강조했으나, 투자자들은 기술력과는 별개로 당장 닥친 현금 흐름과 주가 희석 우려를 우선시했다. 홍순재 바이오북 대표는... ",https://www.edaily.co.kr/news/newspath.asp?newsid=02745366645477784,https://n.news.naver.com/mnews/article/018/0006295717?sid=101,"Tue, 02 Jun 2026 08:03:00 +0900",2026-06-02 09:17:09
바이오/헬스,바이오 주가,"한미약품, 릴리 기술이전 효과..목표가 63만원 21% 상향-KB",KB증권은 2일 한미약품 목표주가를 63만원으로 종전보다 21.2% 상향조정했다. 한미약품의 일라이 릴리로의 기술이전 계약을 호평했다. 한미약품은 전일 지속형 GLP2 아날로그 바이오신약 '소네페글루타이드... ,https://www.smarttoday.co.kr/ko-kr/articles/108016,https://www.smarttoday.co.kr/ko-kr/articles/108016,"Tue, 02 Jun 2026 08:02:00 +0900",2026-06-02 09:17:09
바이오/헬스,바이오 주가,"키움證 “한미약품, 올해 1건 이상 기술이전 목표 이상무⋯목표가↑”","이투데이=정수천 기자 | 키움증권은 한미약품에 대해 투자의견을 ‘매수’, 목표주가를 66만원으로... 한미약품은 릴리에 랩스커버리 플랫폼을 적용한 지속형 글루카곤유사펩타이드-2(GLP-2) 아날로그 바이오신약... ",https://www.etoday.co.kr/news/view/2589778,https://www.etoday.co.kr/news/view/2589778,"Tue, 02 Jun 2026 07:30:00 +0900",2026-06-02 09:17:09
바이오/헬스,바이오 주가,[페니트리움바이오 유증] ⑤반토막 주가…증권신고서에 없는 위험 고조,"주가 급락에 반토막 나는 조달금, 대책은 '공란' 2일 금융감독원 전자공시 등에 따르면 페니트리움바이오에 가장 시급하게 부상한 위험은 주가 폭락에 따른 조달금 급감이다. 현재 주가는 6400원대로 유증 기준 주가... ",https://www.smarttoday.co.kr/ko-kr/articles/107951,https://www.smarttoday.co.kr/ko-kr/articles/107951,"Tue, 02 Jun 2026 07:30:00 +0900",2026-06-02 09:17:09
바이오/헬스,제약 산업,삼성바이오로직스 이직률 업계 최저 '1.9%',"제약·바이오산업은 연구개발(R&amp;D), 생산, 품질관리(QC), 품질보증(QA), 인허가 등 전문 인력 수요가 높은 분야로 꼽힌다. 때문에 업계 전반적으로 인력 이동이 활발한 편이며 주요 제약·바이오 기업들의 자발적 이직률도... ",https://www.dailymedi.com/news/news_view.php?wr_id=936993,https://www.dailymedi.com/news/news_view.php?wr_id=936993,"Tue, 02 Jun 2026 08:46:00 +0900",2026-06-02 09:17:10
바이오/헬스,제약 산업,"노타, 엔비디아 아태 파트너데이 ‘한국 유일’ 패널 참여…“피지컬 A...",노타는 실제 산업 현장의 제약 조건인 △네트워크 환경 △비용 △개인정보 보호 △실시간성 등을 해결하기 위해 온디바이스 AI와 엣지 AI 최적화 기술이 갖는 가치를 공유했다. AI가 클라우드에만 의존하지 않고... ,https://www.edaily.co.kr/news/newspath.asp?newsid=02896246645477784,https://n.news.naver.com/mnews/article/018/0006295755?sid=105,"Tue, 02 Jun 2026 08:37:00 +0900",2026-06-02 09:17:10
바이오/헬스,제약 산업,"부산대, 세계 양자기술 무대 정상…부산發 글로벌 R&amp;D 모델 통했다","이 대회는 글로벌 제약기업인 노보 노디스크(Novo Nordisk) 등이 주관한 국제 경연으로, 제약·바이오 산업의 난제를 양자기술로 해결할 혁신 아이디어를 발굴하기 위해 마련됐다. 세계 각국 연구팀이 참가한 가운데 Team... ",https://www.sedaily.com/article/20050857?ref=naver,https://n.news.naver.com/mnews/article/011/0004626857?sid=102,"Tue, 02 Jun 2026 08:18:00 +0900",2026-06-02 09:17:10
바이오/헬스,제약 산업,[中 신약 환골탈태] ①'제네릭 공장'에서 '혁신 허브'로,이는 글로벌 제약∙바이오 산업 지형도 자체가 변화하는 변곡점 도래의 신호로 해석된다는 점에서 주목된다. ◆ 고속성장 궤도 진입한 '중국 혁신신약' 현재 중국의 혁신 신약 발전은 고속 성장 궤도에... ,https://www.newspim.com/news/view/20260601000961,https://www.newspim.com/news/view/20260601000961,"Tue, 02 Jun 2026 07:00:00 +0900",2026-06-02 09:17:10
바이오/헬스,제약 산업,"&quot;150조 국민성장펀드, 제약·바이오 성장 기회…당장 신청해야&quot;",한 제약바이오업계 관계자는 &quot;제약바이오 기업이라면 지금 당장 국민성장펀드 신청을 고려해야 한다&quot;며 &quot;국민성장펀드는 제약바이오 산업이 직면한 가장 큰 장벽인 임상 3상 자금 부족과 대규모 생산 시설 증설 문제를... ,https://www.medipana.com/news/articleView.html?idxno=412206,https://www.medipana.com/news/articleView.html?idxno=412206,"Tue, 02 Jun 2026 06:06:00 +0900",2026-06-02 09:17:10
바이오/헬스,제약 산업,"&quot;임상 3상 데스밸리 넘는다&quot;… 국민성장펀드, 제약·바이오 R&amp;D 지형도 바...",제약업계 관계자는 &quot;국민성장펀드는 제약·바이오 산업이 직면한 가장 큰 장벽인 임상 3상 자금 부족과 대규모 생산 시설 증설 문제를 해소할 핵심 열쇠&quot;라며 &quot;국내에서 완결된 신약 개발과 상용화가 가능해져 기술 유출을... ,https://www.yakup.com/news/index.html?mode=view&cat=12&nid=327975,https://www.yakup.com/news/index.html?mode=view&cat=12&nid=327975,"Tue, 02 Jun 2026 06:02:00 +0900",2026-06-02 09:17:10
바이오/헬스,제약 산업,"“FDA는 답을 갖고 있다, 왜 묻지 않나…규제기관 조기 대화는 필수”","한편 이번 부트캠프는 동국대학교 제약바이오산업학과와 식품의료제품규제정책학과가 주최하고, 동국대학교 약학연수원이 주관했다. SK바이오팜, 한국보건산업진흥원(KHIDI), 피알지에스앤텍이 후원했으며... ",https://www.yakup.com/news/index.html?mode=view&cat=12&nid=327972,https://www.yakup.com/news/index.html?mode=view&cat=12&nid=327972,"Tue, 02 Jun 2026 06:02:00 +0900",2026-06-02 09:17:10
바이오/헬스,제약 산업,"美, 中 해외 자회사까지 AI칩 차단...화웨이 “압박 덕에 새 길 찾았다”...","중점 영역의 핵심 기술에 대한 난관 돌파 역량을 강화해야 한다”며 “미래산업 발전을 제약하는 ‘목 조르는’ 문제를 조속히 해결해야 한다”고 밝혔습니다. 美, 또 자위적 공습…이란 “협상 결렬 대비” [美... ",https://www.sedaily.com/article/20050801?ref=naver,https://n.news.naver.com/mnews/article/011/0004626807?sid=104,"Tue, 02 Jun 2026 06:01:00 +0900",2026-06-02 09:17:10
바이오/헬스,제약 산업,삼성바이오로직스 노사갈등으로 본 제약산업 쟁의ㆍ투쟁 흑역사,"글로벌 바이오 패권 경쟁이 심화되는 가운데, 국내 제약바이오 산업 역시 대립 중심 노사관계에서 벗어나 상생 협력 모델 구축이 필요하다는 지적이 나온다. 대규모 공장 증설과 글로벌 수주 확대 이면에는 실제 생산... ",https://www.pharmnews.com/news/articleView.html?idxno=303864,https://www.pharmnews.com/news/articleView.html?idxno=303864,"Tue, 02 Jun 2026 06:00:00 +0900",2026-06-02 09:17:10
바이오/헬스,제약 산업,K-제약바이오에 꽂힌 릴리…녹십자·한미약품 잇단 호재 왜?,이어 &quot;릴리가 연속적으로 국내 제약산업을 향해 던진 수조 원대의 주사위는 우리의 R&amp;D 수준이 글로벌 빅파마의 메인 포트폴리오를 채우기에 부족함이 없는 단계에 올라섰음을 증명하고 있다&quot;고 언급했다.,https://www.apsk.co.kr/news/articleView.html?idxno=539486,https://www.apsk.co.kr/news/articleView.html?idxno=539486,"Tue, 02 Jun 2026 06:00:00 +0900",2026-06-02 09:17:10
바이오/헬스,제약 산업,"'100년 기업' 유한양행, 생활약에서 글로벌 신약 기업으로","이후 전문의약품과 원료의약품, 건강기능식품, 해외사업으로 영역을 넓히며 국내 제약산업의 성장 흐름과 함께해 왔습니다. 100주년을 앞둔 올해 유한양행을 가장 크게 바꾼 키워드는 단연 '렉라자'입니다. 유한양행이... ",https://news.ifm.kr/news/articleView.html?idxno=472148,https://news.ifm.kr/news/articleView.html?idxno=472148,"Tue, 02 Jun 2026 06:00:00 +0900",2026-06-02 09:17:10
바이오/헬스,제약 산업,"한미약품, 릴리에 1.9조 기술수출…신약 명가로, 글로벌 R&amp;D 기술력 입증",한미약품은 1989년 스위스 로슈에 국내 최초로 의약품 제조 기술을 수출하며 한국 제약산업 기술수출의 역사를 열었다. 이후 개량신약과 복합신약 개발을 거쳐 혁신신약 연구에 집중하며 독자적인 연구개발(R&amp;D)... ,https://www.etoday.co.kr/news/view/2589579,https://www.etoday.co.kr/news/view/2589579,"Tue, 02 Jun 2026 05:00:00 +0900",2026-06-02 09:17:10
바이오/헬스,제약 산업,[유한의 100년-下] 안티푸라민부터 렉라자 이후까지…新100년 향한 신약...,사진=챗GPT 일제강점기 시절 의약품 국산화와 국내 제약 산업의 기틀을 마련해온 전통 제약사 유한양행이 6월 창립 100주년을 맞는다. 유한양행은 이제 국내를 넘어 글로벌 기업으로의 도약을 준비하는 기업으로... ,https://www.pointdaily.co.kr/news/articleView.html?idxno=306381,https://www.pointdaily.co.kr/news/articleView.html?idxno=306381,"Tue, 02 Jun 2026 01:30:00 +0900",2026-06-02 09:17:10
바이오/헬스,제약 산업,"[제약·바이오 트렌드] 광동제약, 한국분석과학회서 침향 품질평가 연구...","◇ 유유제약, 산업 현장 목소리 전달 유유제약, 엄태영 국회의원과 기업경영 간담회 진행. ⓒ유유제약 유유제약 제천 공장에 엄태영 국회의원(국민의힘, 충북 제천시단양군)이 방문해 기업경영 애로사항을 청취하고... ",https://www.ibabynews.com/news/articleView.html?idxno=151747,https://www.ibabynews.com/news/articleView.html?idxno=151747,"Mon, 01 Jun 2026 23:48:00 +0900",2026-06-02 09:17:10
바이오/헬스,제약 산업,"&quot;글로벌 핵심 인재 찾는다&quot; 코트라, '글로벌 탤런트 페어' 개최","잡 콘서트(Job Concert)에서는 글로벌 제약산업, 해외 지역별 취업 전략, 비자 제도 등 구직자에게 필요한 실질적인 정보들이 분야별로 공유됐다. 지난해에 이어 올해도 참가한 아트라스콥코 그룹은 &quot;GTF는 인재 채용과... ",https://www.cstimes.com/news/articleView.html?idxno=708126,https://www.cstimes.com/news/articleView.html?idxno=708126,"Mon, 01 Jun 2026 22:36:00 +0900",2026-06-02 09:17:10
바이오/헬스,제약 산업,R&amp;D 고도화 제일약품...'신약개발 베테랑' 박준석 전무 영입,특히 국내 제약 산업계에 굵직한 족적을 남겼다. 위식도역류질환 치료제 '펙수클루'(34호 신약)와 SGLT2 저해 당뇨치료제 '엔블로'(36호 신약) 등 2개의 국산 블록버스터 신약 개발을 주도한 것으로 알려졌다. 이와 함께... ,http://www.00news.co.kr/news/articleView.html?idxno=104180,http://www.00news.co.kr/news/articleView.html?idxno=104180,"Mon, 01 Jun 2026 20:02:00 +0900",2026-06-02 09:17:10
바이오/헬스,제약 산업,약가 인하 폭탄에 우는 K-제약의 비명…신약 파이프라인 멈추나,제약 산업은 일반 제조업에 비해 고용 유발 효과가 높은 대표적인 지식 집약적 고부가가치 산업이다. 그러나 약가 인하로 인한 직격탄은 생산 공장의 라인 축소와 영업·마케팅 인력의 대규모 감축으로 이어질 가능성이... ,https://www.polinews.co.kr/news/articleView.html?idxno=732782,https://www.polinews.co.kr/news/articleView.html?idxno=732782,"Mon, 01 Jun 2026 18:38:00 +0900",2026-06-02 09:17:10
바이오/헬스,제약 산업,국내 최대 채용 박람회 '글로벌 탤런트 페어' 개막 … 외투기업부터 해...,"외국인투자기업 세션에서는 글로벌 바이오/제약산업 취업, 글로벌기업의 커뮤니케이션 등을 주제로 취업 준비생들이 필요한 정보를 전달했다. 해외 취업 세션에는 해외 취업 경험 인재들의 노하우, 지역별 취업 전략을... ",http://www.worktoday.co.kr/news/articleView.html?idxno=85170,http://www.worktoday.co.kr/news/articleView.html?idxno=85170,"Mon, 01 Jun 2026 18:26:00 +0900",2026-06-02 09:17:10
바이오/헬스,제약 산업,‘작년만 기술수출 185조’ 中 바이오에 제동 …韓 반사이익 보나,정윤택 제약산업전략연구원장은 “생물보안법 논의 당시에도 국내 위탁개발생산(CDMO) 업계가 반사이익을 얻을 것이라는 기대가 있었지만 후지필름·론자·카탈렌트 등 글로벌 경쟁사들이 이미 시장을 선점하고 있어... ,https://www.sedaily.com/article/20050769?ref=naver,https://n.news.naver.com/mnews/article/011/0004626735?sid=101,"Mon, 01 Jun 2026 18:20:00 +0900",2026-06-02 09:17:10
바이오/헬스,제약 산업,화웨이 “美 압박 덕분에…타우의 법칙 찾아 감사”,중점 영역의 핵심 기술에 대한 난관 돌파 역량을 강화해야 한다”며 “미래산업 발전을 제약하는 ‘목 조르는’ 문제를 조속히 해결해야 한다”고 밝혔다. 시 주석은 또 기초 연구 및 원천 혁신 강화 등을 거론하면서... ,https://www.sedaily.com/article/20050767?ref=naver,https://n.news.naver.com/mnews/article/011/0004626733?sid=104,"Mon, 01 Jun 2026 18:18:00 +0900",2026-06-02 09:17:10
바이오/헬스,신약 개발,"온코닉테라퓨틱스 &quot;자큐보, 인도 임상 3상 성공·허가 신청 완료&quot;","온코닉테라퓨틱스 관계자는 &quot;글로벌 신약으로서의 성공에 따른 로열티와 마일스톤 수령을 바탕으로 R&amp;D에 재투자해  제 2, 3의 자큐보가 될 자체 신약을 개발하는 선순환 구조의 길리어드 식 '돈 버는 바이오텍'으로의... ",https://daily.hankooki.com/news/articleView.html?idxno=1372780,https://daily.hankooki.com/news/articleView.html?idxno=1372780,"Tue, 02 Jun 2026 09:16:00 +0900",2026-06-02 09:17:11
바이오/헬스,신약 개발,"덕성여대-WISET, 이공계 여성 인재 육성 힘 모은다","정보기술과 약학, 화학, 인공지능 기반 신약 개발 등 첨단 학과 연구실을 직접 개방해 실험 장비를 다뤄보는 실습 기회를 제공하며, 덕성여대 이공계 재학생들과 일대일로 매칭되는 밀착형 진로 멘토링도 함께 진행된다.... ",https://news.unn.net/news/articleView.html?idxno=593020,https://news.unn.net/news/articleView.html?idxno=593020,"Tue, 02 Jun 2026 09:14:00 +0900",2026-06-02 09:17:11
바이오/헬스,신약 개발,"엔지켐생명과학·타깃링크, 차세대 DAC 항암 플랫폼 개발",엔지켐생명과학은 최근 케이메디허브와 아주대학교로부터 이전받은 EZH2 PROTAC 기술을 통해 TPD 신약개발 역량을 강화하고 있다. 손기영 엔지켐생명과학 대표는 &quot;이번 협력은 기존 ADC와 단독 PROTAC의 한계를... ,https://mdtoday.co.kr/news/view/1065571405089607,https://mdtoday.co.kr/news/view/1065571405089607,"Tue, 02 Jun 2026 09:14:00 +0900",2026-06-02 09:17:11
바이오/헬스,신약 개발,"온코닉테라퓨틱스 '자큐보', 인도서 3상 성공·허가 신청 완료",온코닉테라퓨틱스는 자체 개발 신약 자큐보(성분명 자스타프라잔)가 인도에서 미란성 위식도역류질환(GERD) 임상 3상에 성공하고 신약허가신청을 마쳤다고 2일 밝혔다. 온코닉테라퓨틱스 연구소 전경 [사진... ,https://www.newspim.com/news/view/20260602000137,https://www.newspim.com/news/view/20260602000137,"Tue, 02 Jun 2026 09:12:00 +0900",2026-06-02 09:17:11
바이오/헬스,신약 개발,분당서울대병원 허창훈 교수 모발학회 회장 취임,허창훈 교수는 “세계모발학회를 통해 모발연구 분야에서 우리나라가 핵심적인 경쟁력을 갖추고 있음을 다시금 실감했다”며 “국내에서 개발되는 신약과 신기술을 전 세계에 널리 알려 한국이 모발연구의 중심국으로... ,http://www.whosaeng.com/171021,http://www.whosaeng.com/171021,"Tue, 02 Jun 2026 09:12:00 +0900",2026-06-02 09:17:11
바이오/헬스,신약 개발,"삼성에피스홀딩스, 첫 ESG 보고서 공개…MSCI ‘AA’ 경쟁력 부각","김경아 삼성에피스홀딩스 사장은 “바이오시밀러와 신약, 바이오 플랫폼 개발을 아우르는 사업 포트폴리오와 ESG 경영을 바탕으로 지속가능한 성장을 추진하겠다”며 “환자 삶의 질 개선과 이해관계자 가치 제고를... ",https://www.seoultimes.news/news/article.html?no=2000096211,https://www.seoultimes.news/news/article.html?no=2000096211,"Tue, 02 Jun 2026 09:11:00 +0900",2026-06-02 09:17:11
바이오/헬스,신약 개발,"롯데바이오, 2030년 매출 목표 낮췄다…수주 공백 시험대","롯데바이오로직스는 지난 달 영국 바이오 기업 오티모 파마와 항체의약품 위탁생산(CMO) 계약을, 지난 4월 일본 제약사와 항암 신약 위탁개발생산(CDMO) 수주 계약 등을 체결했다. 이런 상황에서 오는 8월 준공해 내년... ",https://news.einfomax.co.kr/news/articleView.html?idxno=4417909,https://news.einfomax.co.kr/news/articleView.html?idxno=4417909,"Tue, 02 Jun 2026 09:06:00 +0900",2026-06-02 09:17:11
바이오/헬스,신약 개발,"온코닉테라퓨틱스 P-CAB 신약 ‘자큐보’, 인도서 신약허가신청",온코닉테라퓨틱스(476060)는 자체 개발 신약 자큐보가 인도에서 미란성 위식도역류질환(GERD) 임상 3상에 성공하고 신약허가신청(NDA)을 마쳤다고 2일 밝혔다. 이에 따라 허가 및 출시 과정에서 발생하는 추가 마일스톤... ,https://www.sedaily.com/article/20050879?ref=naver,https://n.news.naver.com/mnews/article/011/0004626876?sid=101,"Tue, 02 Jun 2026 09:05:00 +0900",2026-06-02 09:17:11
바이오/헬스,신약 개발,엔지켐-타깃링크 &quot;차세대 'DAC' 항암 플랫폼 개발&quot;,"한편 타깃링크테라퓨틱스는 미국 MD앤더슨 암센터와 베일러 의과대학에서 항암 신약물질 발굴을 수행한 오영선 대표가 설립한 항체 신약개발 기업으로, 위암·대장암 등 한국인에게 발병률이 높은 소화기암을... ",https://www.newsis.com/view/NISX20260602_0003652878,https://n.news.naver.com/mnews/article/003/0013981076?sid=102,"Tue, 02 Jun 2026 09:05:00 +0900",2026-06-02 09:17:11
바이오/헬스,신약 개발,"HLB생명과학R&amp;D, 과기정통부 주관 혁신사업 선정...AI 신약개발 거점 참...",HLB생명과학R&amp;D 관계자는 “이번 과제 선정은 비임상 연구 역량과 신약개발 실증 경쟁력을 인정받은 성과”라며 “AI 기반 신약개발이 연구 현장에서 실질적인 성과로 이어질 수 있도록 컨소시엄 참여기관들과... ,https://mdtoday.co.kr/news/view/1065571157420781,https://mdtoday.co.kr/news/view/1065571157420781,"Tue, 02 Jun 2026 09:04:00 +0900",2026-06-02 09:17:11
바이오/헬스,신약 개발,"부산대 연구팀, 국제 양자AI 경연대회 정상… 세계 무대서 통했다",연구팀이 제안한 기술은 신약 개발 초기 단계인 임상 1상에서 환자에게 적정 약물 투여량을 예측하기 위한 양자 AI 기반 모델이다. 연구진은 양자컴퓨팅 기반 신경망과 기존 인공지능 신경망을 결합한 하이브리드... ,https://view.asiae.co.kr/article/2026060208405736582,https://n.news.naver.com/mnews/article/277/0005770780?sid=102,"Tue, 02 Jun 2026 09:03:00 +0900",2026-06-02 09:17:11
바이오/헬스,신약 개발,"온코닉테라퓨틱스 ‘자큐보’, 인도서 미란성 위식도역류질환 3상 성공...",온코닉테라퓨틱스는 자체 개발 신약 자큐보(성분명 자스타프라잔)가 인도에서 미란성 위식도역류질환(GERD) 임상 3상에 성공하고 신약허가신청을 마쳤다고 2일 밝혔다. 인도의 미란성 위식도역류질환 치료제 시장은... ,https://www.hankyung.com/article/202606022225i,https://n.news.naver.com/mnews/article/015/0005293963?sid=105,"Tue, 02 Jun 2026 09:03:00 +0900",2026-06-02 09:17:11
바이오/헬스,신약 개발,"KAIST, 지방산 대사물질로 암세포 성장 억제 원리 규명",향후에는 13-HODE 자체를 활용하거나 ALOX15 활성 증가를 유도하는 방식의 신약 개발 가능성도 제기된다. 김세윤 KAIST 교수는 &quot;이번 연구는 인체 내 지방 대사물질이 암 성장 핵심 단백질인 mTOR를 직접 억제할 수... ,http://www.kmedinfo.co.kr/news/articleView.html?idxno=96114,http://www.kmedinfo.co.kr/news/articleView.html?idxno=96114,"Tue, 02 Jun 2026 09:02:00 +0900",2026-06-02 09:17:11
바이오/헬스,신약 개발,"제일약품, 중앙연구소 부소장에 박준석 전무 영입","제일약품 관계자는 “이번 전문가 영입을 통해 제일약품의 글로벌 신약개발을 위한 R&amp;D 혁신을 이끌 것으로 기대한다”며, “글로벌 시장 진출을 가속화할 R&amp;D 파이프라인 가치를 극대화하는 핵심적인 동력이 될... ",http://www.fntimes.com/html/view.php?ud=20260602085756789923defd0cc_18,http://www.fntimes.com/html/view.php?ud=20260602085756789923defd0cc_18,"Tue, 02 Jun 2026 09:02:00 +0900",2026-06-02 09:17:11
바이오/헬스,신약 개발,"큐리언트, 모카시클립 유방암 효능 검증(PoC) 본격화...임상 2상 첫 환자...","혁신신약 개발 전문기업 큐리언트는 CDK7 저해 항암제인 모카시클립(mocaciclib, Q901)의 임상 1/2상 시험 설계에 따라, 유방암 환자를 대상으로 하는 임상 2상 파트의 첫 환자 투약이 성공적으로 완료했다고 2일 밝혔다.... ",https://www.mt.co.kr/stock/2026/06/02/2026060208401155012,https://n.news.naver.com/mnews/article/008/0005365982?sid=101,"Tue, 02 Jun 2026 09:02:00 +0900",2026-06-02 09:17:11
바이오/헬스,신약 개발,"오스코텍, 美 아지오스와 '세비도플레닙' 기술이전 계약 체결 … 총 1조...",세비도플레닙은 지난 2014년 KDDF(범부처신약개발사업단) 과제로 선정돼 후보물질 발굴에서 시작해 ITP 및 RA 환자를 대상으로 2건의 임상 2상 시험을 마쳤다. 2024년에는 미국 식품의약국(FDA)으로부터 ITP 치료를 위한... ,https://biz.newdaily.co.kr/site/data/html/2026/06/01/2026060100284.html,https://biz.newdaily.co.kr/site/data/html/2026/06/01/2026060100284.html,"Tue, 02 Jun 2026 09:02:00 +0900",2026-06-02 09:17:11
바이오/헬스,신약 개발,"부산대, 국제 양자AI 경연 최종 우승…세계 1위 올라",부산대 연구팀이 제안한 기술은 신약 개발 초기 단계인 임상 1상에서 환자별 안전성과 효과를 고려한 약물 투여량을 예측하는 양자 AI 기반 모델입니다. 연구팀은 양자컴퓨팅 기반 신경망과 기존 고전 신경망을... ,https://www.inthenews.co.kr/news/article.html?no=87562,https://www.inthenews.co.kr/news/article.html?no=87562,"Tue, 02 Jun 2026 09:00:00 +0900",2026-06-02 09:17:11
바이오/헬스,신약 개발,"디티앤씨알오, 한국비임상시험연구회 워크숍 참가… 비임상 개발 전략 ...","초기 개발 단계에서의 비임상 전략 수립, 임상시험계획(IND) 제출을 고려한 시험 패키지 구성, 개발 단계별 비임상 로드맵 설계 등에 대한 관심이 높게 나타났으며, 신약 및 의료기기 개발 과정에서 전략적 접근과 규제... ",https://www.hankyung.com/article/202606022213i,https://n.news.naver.com/mnews/article/015/0005293956?sid=105,"Tue, 02 Jun 2026 08:58:00 +0900",2026-06-02 09:17:11
바이오/헬스,신약 개발,"온코닉테라퓨틱스, 자큐보 인도 허가 신청…글로벌 시장 확대",온코닉테라퓨틱스가 자체 개발 신약 자큐보의 인도 허가 절차에 돌입하며 해외 시장 확대에 나섰다. 온코닉테라퓨틱스는 자큐보(성분명 자스타프라잔)가 인도에서 미란성 위식도역류질환(GERD) 임상 3상에 성공하고... ,https://www.mydaily.co.kr/page/view/2026060208550918871,https://n.news.naver.com/mnews/article/117/0004070475?sid=102,"Tue, 02 Jun 2026 08:56:00 +0900",2026-06-02 09:17:11
바이오/헬스,신약 개발,"분당서울대병원 피부과 허창훈 교수, 제12대 대한모발학회 회장 취임","허창훈 교수는 &quot;이번 세계모발학회를 통해 모발연구 분야에서 우리나라가 핵심적인 경쟁력을 갖추고 있음을 다시 한번 실감했다&quot;며, &quot;국내에서 개발되는 신약과 신기술을 전 세계에 널리 알려 한국이 모발연구의... ",http://www.medisobizanews.com/news/articleView.html?idxno=139155,http://www.medisobizanews.com/news/articleView.html?idxno=139155,"Tue, 02 Jun 2026 08:56:00 +0900",2026-06-02 09:17:11
바이오/헬스,헬스케어 시장,얼어붙은 바이오 투자 시장…대기업 중심 '전략적 펀드' 가동 늘어난다,라이센스뉴스 = 황수정 기자 | 글로벌 경기 둔화 여파로 벤처투자 시장이 위축된 가운데 국내 주요 대기업들이 바이오·헬스케어 분야의 신성장 동력을 확보하기 위해 전략적 투자를 이어가고 있다. 초기 비용이 많고... ,https://www.lcnews.co.kr/news/articleView.html?idxno=202901,https://www.lcnews.co.kr/news/articleView.html?idxno=202901,"Tue, 02 Jun 2026 09:08:00 +0900",2026-06-02 09:17:12
바이오/헬스,헬스케어 시장,"에이스바이옴, '비에날씬' 美 올리브영 매장·온라인몰 동시 입점","에이스바이옴은 올리브영 오프라인 매장과 미국 전용 온라인몰을 기반으로 북미 시장 내 브랜드 인지도를 높이고, 지속 가능한 다이어트 문화를 앞세워 글로벌 K-헬스케어·이너뷰티 시장에서의 존재감을 강화할... ",https://www.mt.co.kr/thebio/2026/06/02/2026060208560037529,https://n.news.naver.com/mnews/article/008/0005365992?sid=101,"Tue, 02 Jun 2026 09:07:00 +0900",2026-06-02 09:17:12
바이오/헬스,헬스케어 시장,"이대목동병원, 바이오 스타트업 위한 '바이오 에밀리 코스' 3기 성공적 ...",‘바이오 에밀리 코스’는 이대목동병원 개방형실험실이 바이오 헬스케어 기업들의 실질적인 사업화 성공률을 견인하기 위해 운영 중인 시그니처 교육 프로그램이다. 특히 이번 제3기 과정은 스타트업이 시장 안착과... ,https://www.edaily.co.kr/news/newspath.asp?newsid=03056966645477784,https://n.news.naver.com/mnews/article/018/0006295800?sid=102,"Tue, 02 Jun 2026 09:03:00 +0900",2026-06-02 09:17:12
바이오/헬스,헬스케어 시장,[태광의 승부수 ①] “화학 늪에서 벗어난다”… ‘2.5조 실탄’ 뷰티·...,코스메틱과 헬스케어를 아우르는 밸류체인 구축 [아시아타임즈=이하영 기자] 태광그룹은 모태이자 주력인... 최근에는 시장 예상을 뛰어넘는 굵직한 인수합병(M&amp;A)을 잇따라 성사시키며 전방위적인 체질 개선을... ,https://www.asiatime.co.kr/article/20260601500337,https://www.asiatime.co.kr/article/20260601500337,"Tue, 02 Jun 2026 09:02:00 +0900",2026-06-02 09:17:12
바이오/헬스,헬스케어 시장,"광명시, 신산업 혁신 스타트업 20곳 모집…7월 1일까지 신청","모집 대상은 인공지능(AI), 디지털전환(DX), 헬스케어·바이오, 콘텐츠 등 신산업 분야에서 창업 7년 미만인... 최혜민 광명시장 권한대행(부시장)은 &quot;이번 사업을 통해 혁신 기술과 창의적 아이디어를 보유한 스타트업이... ",https://www.gukjenews.com/news/articleView.html?idxno=3598215,https://www.gukjenews.com/news/articleView.html?idxno=3598215,"Tue, 02 Jun 2026 09:02:00 +0900",2026-06-02 09:17:12
바이오/헬스,헬스케어 시장,"파마이노베이션-TSQC, 차세대 K-오랄뷰티 공동개발 협력… 미국 시장 진...",최근에는 예방 중심 기능성 헬스케어 시장의 새로운 패러다임을 제시하기 위해 PTC(Preventive Therapeutic Care) 상표를 출원하며 예방·기능성 관리·지속가능한 케어를 아우르는 차세대 헬스케어 카테고리 구축에도... ,http://www.segyebiz.com/newsView/20260601515006?OutUrl=naver,http://www.segyebiz.com/newsView/20260601515006?OutUrl=naver,"Tue, 02 Jun 2026 09:02:00 +0900",2026-06-02 09:17:12
바이오/헬스,헬스케어 시장,"라메디텍, '핸디레이 글루' 이달 판매 개시","이를 통해 핸디레이 글루를 디지털 헬스케어 사업의 핵심 성장 제품으로 육성하고, 기존 핸디레이 사업 포트폴리오를 혈당측정 및 건강관리 분야로 확장할 예정이다. 해외 시장 진출도 추진 중이다. 라메디텍은 현재 유럽... ",https://www.newsis.com/view/NISX20260602_0003652848,https://n.news.naver.com/mnews/article/003/0013981065?sid=101,"Tue, 02 Jun 2026 09:00:00 +0900",2026-06-02 09:17:12
바이오/헬스,헬스케어 시장,"광명시, &quot;AI·바이오 등 미래산업 스타트업 유치 본격화&quot;","com [사진=광명시] 경기 광명시가 인공지능(AI), 디지털전환(DX), 헬스케어·바이오 등 미래 신산업 분야 유망... 사업 실현 가능성과 시장성, 성장성, 지역 연계 효과 등을 종합적으로 검토한다. 시는 이번 사업이 단순한... ",https://www.ajunews.com/view/20260602083845716,https://www.ajunews.com/view/20260602083845716,"Tue, 02 Jun 2026 08:50:00 +0900",2026-06-02 09:17:12
바이오/헬스,헬스케어 시장,"엘브이수의학임상센터, 펫푸드·영양제 소재 임상시험 전문기관 본격 출...","인공지능(AI) 펫 헬스케어 스타트업 림피드(대표 김희수)와 경북대학교 기술지주가 공동 설립한 반려동물... 최근 펫푸드 시장이 프리미엄화되면서 과학적 근거에 기반한 사료 안전성 평가와 기호성 평가, 반려동물... ",https://www.etnews.com/20260602000030,https://n.news.naver.com/mnews/article/030/0003433546?sid=102,"Tue, 02 Jun 2026 08:31:00 +0900",2026-06-02 09:17:12
바이오/헬스,헬스케어 시장,팔도-hy '아리'-삼양식품 '스핀들' 신규 브랜드 론칭,"삼양식품이 건강기능식품 브랜드 '스핀들(Spindle)'을 론칭하고, 식품을 넘어 헬스케어 시장으로 사업 영역을 확대한다고 5월 29일 밝혔다. '스핀들'은 단순한 영양 보충을 넘어 대사유연성에 기반한 대사 건강 개선을... ",http://www.wsobi.com/news/articleView.html?idxno=312895,http://www.wsobi.com/news/articleView.html?idxno=312895,"Tue, 02 Jun 2026 08:24:00 +0900",2026-06-02 09:17:12
바이오/헬스,헬스케어 시장,"민주 구자열 원주시장 후보, “72시간 무박 유세” 막판 총력전… 원주...","원주=에너지경제신문 박에스더 기자 6·3 지방선거 본투표를 사흘 앞두고 더불어민주당 구자열 원주시장... 서원주 의료AI 클러스터 조성과 디지털헬스케어 산업 육성, AI 기반 기업지원 플랫폼 구축 등을 통해 미래... ",https://www.ekn.kr/web/view.php?key=20260602026349889,https://www.ekn.kr/web/view.php?key=20260602026349889,"Tue, 02 Jun 2026 08:16:00 +0900",2026-06-02 09:17:12
바이오/헬스,헬스케어 시장,"강남구, &quot;미래산업 유망 스타트업 키운다&quot;, '기업 활성화 지원사업' 참여...","강남구는 &quot;AI·빅데이터, 헬스케어·바이오 등 미래산업 기반 기업의 성장을 지원하기 위한 '미래산업 기반... 단순 교육 중심 프로그램이 아닌 기업 상황에 맞춘 협업처 발굴과 투자 전략, 시장 진입 방향 등을 구체화하는... ",http://www.enewstoday.co.kr/news/articleView.html?idxno=2435063,http://www.enewstoday.co.kr/news/articleView.html?idxno=2435063,"Tue, 02 Jun 2026 08:05:00 +0900",2026-06-02 09:17:12
바이오/헬스,헬스케어 시장,"[GAM]양자 상업화 최전선 IBM ② '꿈의 기술' 2030년 현실로, 월가 강세론","전세계 양자 컴퓨팅 시장 추이 및 전망 [자료=그랜드 뷰 리서치] 응용 분야별로는 화학·석유부터 유통·물류, 금융 서비스, 헬스케어 및 생명과학, 제조업 등에서 양자 컴퓨팅의 영향이 클 것으로 예상된다.... ",https://www.newspim.com/news/view/20260601000617,https://www.newspim.com/news/view/20260601000617,"Tue, 02 Jun 2026 08:02:00 +0900",2026-06-02 09:17:12
바이오/헬스,헬스케어 시장,"양강 후보 공약, 서울 시민 삶을 감싸는 결정적 한 방이 없다","한겨레21은 이 네 분야를 6·3 전국동시지방선거 서울시장 선거의 핵심 전장으로 보고, 서울시장 후보들의... 의료·돌봄·생활지원 전문가가 함께 참여하는 다학제 돌봄팀을 운영하고 스마트헬스케어센터와 낙상 예방... ",https://h21.hani.co.kr/arti/politics/politics_general/59395.html,https://n.news.naver.com/mnews/article/036/0000053692?sid=162,"Tue, 02 Jun 2026 08:00:00 +0900",2026-06-02 09:17:12
바이오/헬스,헬스케어 시장,&quot;의료영상도 결국 부품 싸움&quot;…그리드·디텍터 경쟁 치열,"2일 업계에 따르면 글로벌 의료영상 시장은 GE헬스케어, 지멘스 헬시니어스, 필립스, 캐논 메디컬 시스템즈 등 대형 제조사가 주도하고 있지만 실제 장비에는 다양한 전문 부품 기업들이 공급망 형태로 참여하고 있다.... ",http://www.mkhealth.co.kr/news/articleView.html?idxno=78793,http://www.mkhealth.co.kr/news/articleView.html?idxno=78793,"Tue, 02 Jun 2026 08:00:00 +0900",2026-06-02 09:17:12
바이오/헬스,헬스케어 시장,"[더벨][K-뷰티 의료기기 넥스트 스텝] 파마리서치, 고농도·디바이스 라...",리쥬란을 앞세워 국내 스킨부스터 시장을 키우며 고성장을 이어왔지만 시장이 성숙기에 접어들고 경쟁... 디지털 헬스케어 영역으로 보폭을 넓혔다. 지난해 3월 손지훈 대표를 새 수장으로 선임한 것 역시 이 같은... ,https://www.thebell.co.kr/free/content/ArticleView.asp?key=202605291500574040103441,https://www.thebell.co.kr/free/content/ArticleView.asp?key=202605291500574040103441,"Tue, 02 Jun 2026 07:58:00 +0900",2026-06-02 09:17:12
바이오/헬스,헬스케어 시장,"[더벨]유유제약, 유유메디컬스 과반 지분 오너가 장녀 측 '양도'",오너가 3세 가운데 장녀인 유경수 유유헬스케어 대표의 남편이 이번 매각 지분을 확보하게 됐기 때문이다.... 합작사 '유유테이진메디케어'를 설립해 가정용 산소발생기 등 의료기기 렌털 시장에 먼저 발을 들였다. 이후... ,https://www.thebell.co.kr/free/content/ArticleView.asp?key=202606010817102080106927,https://www.thebell.co.kr/free/content/ArticleView.asp?key=202606010817102080106927,"Tue, 02 Jun 2026 07:58:00 +0900",2026-06-02 09:17:12
바이오/헬스,헬스케어 시장,"휴이노, '메모케어' 日 의료기기 인증 획득",및 헬스케어 전문 기업들과 유통망 구축 및 전략적 파트너십 체결을 위한 논의를 진행 중&quot;이라며 &quot;초고령화 사회가 가속화되고 있는 일본 시장을 시작으로 글로벌 원격 의료 및 홈케어 시장 공략에 속도를 낼 것... ,https://www.medigatenews.com/news/1840497153,https://www.medigatenews.com/news/1840497153,"Tue, 02 Jun 2026 07:52:00 +0900",2026-06-02 09:17:12
바이오/헬스,헬스케어 시장,"9000선 가시권 코스피, 대형주 독주 심화 &quot;쏠림, 뉴노멀 될 수도&quot;","삼성전자가 지난달 43.8% 오른 반면, 코스닥 시가총액 1위 에코프로비엠은 5.3% 오르는 데 그쳤고, KRX 헬스케어지수는 8.59% 빠졌다. 시장에서는 오는 12일 예정된 스페이스X의 상장을 앞두고, 상장 참여를 위한 대기... ",https://www.smartbizn.com/news/articleView.html?idxno=145190,https://www.smartbizn.com/news/articleView.html?idxno=145190,"Tue, 02 Jun 2026 07:50:00 +0900",2026-06-02 09:17:12
AI/소프트웨어,AI 주가,"[속보] LG이노텍 VI 두차례 발동, 주가 털썩…'전일과 다른 분위기'",AI가 생성. 2일 장초반 LG이노텍(011070)의 정적 VI가 두차례 발동됐다. 첫번째 VI는 오전 9시 4분경 발동됐다가 9시 6분경 해제됐다. 이어 9시 11분경 두번째 VI가 발동되기도 했다. LG이노텍은 2일 오전 9시 12분 현재... ,https://www.cbci.co.kr/news/articleView.html?idxno=578878,https://www.cbci.co.kr/news/articleView.html?idxno=578878,"Tue, 02 Jun 2026 09:16:00 +0900",2026-06-02 09:17:12
AI/소프트웨어,AI 주가,"알파벳, 120조 유상증자로 AI 투자…버크셔에 15조","알파벳의 A형 보통주 주가는 이날 정규장에서 1.04% 하락한 데 이어, 유상증자 소식이 알려진 이후 약 1.8% 추가로 내려앉았습니다. 한편, 알파벳의 AI 모델 분야 경쟁사인 앤트로픽은 이날 기업공개(IPO)를 위한 비공개... ",http://mbnmoney.mbn.co.kr/news/view?news_no=MM1005848990,http://mbnmoney.mbn.co.kr/news/view?news_no=MM1005848990,"Tue, 02 Jun 2026 09:14:00 +0900",2026-06-02 09:17:12
AI/소프트웨어,AI 주가,"우아한형제들 '배민아카데미', 개소 12년 만에 누적 수강생 35만명 돌파",지난해 4월 누적 수강생 30만명을 기록한 이후 1년 만에 5만여명의 외식업주가 새로 가입하며 대표적인 외식... 최근에는 인공지능(AI) 기술 발전에 맞춘 실무형 교육이 호응을 얻고 있다. AI를 활용해 가게 홈페이지와... ,https://www.digitaltoday.co.kr/news/articleView.html?idxno=671191,https://www.digitaltoday.co.kr/news/articleView.html?idxno=671191,"Tue, 02 Jun 2026 09:08:00 +0900",2026-06-02 09:17:12
AI/소프트웨어,AI 주가,"“장사도 배워야 산다”…배민아카데미, 누적 수강생 35만명 돌파","외식업주가 크게 늘고 있다. 올해 4월엔 개소 12년 만에 누적 수강생 35만명을 돌파했다. 배민아카데미... 신청형 교육에서 올해 가장 인기 있었던 강좌는 ‘핫플레이스’로 꼽히는 지역에서 판매되는 인기 메뉴, AI를 활용... ",https://www.edaily.co.kr/news/newspath.asp?newsid=03083206645477784,https://n.news.naver.com/mnews/article/018/0006295808?sid=101,"Tue, 02 Jun 2026 09:07:00 +0900",2026-06-02 09:17:12
AI/소프트웨어,AI 주가,"다올證 &quot;현대차, 100만원 간다…보스턴다이내믹스 협업 구체화&quot;",목표주가는 기존 74만원에서 100만원으로 상향했다. 유지웅 다올투자증권 연구원은 2일 리포트를 통해 &quot;실적... 실제로 보스턴다이내믹스의 경쟁사인 피겨AI는 주요 전략적 투자자들을 확보하며 비상장 시장에서... ,https://www.newsis.com/view/NISX20260602_0003652883,https://n.news.naver.com/mnews/article/003/0013981075?sid=101,"Tue, 02 Jun 2026 09:03:00 +0900",2026-06-02 09:17:12
AI/소프트웨어,AI 주가,젠슨 황도 픽한 ‘K로보틱스’…현대모비스 목표가 75만→120만원 [오늘...,KB증권은 2일 발간한 보고서를 통해 현대모비스의 목표주가를 기존 75만원에서 120만원으로 60% 상향했다.... 특히 현대차그룹이 알파마요 등 외부 자율주행 AI 도입 및 자율주행차 파운드리를 통해 중국 외 시장 생산... ,https://www.mk.co.kr/article/12063742,https://n.news.naver.com/mnews/article/009/0005688179?sid=101,"Tue, 02 Jun 2026 09:02:00 +0900",2026-06-02 09:17:12
AI/소프트웨어,인공지능 산업,"부산테크노파크, 대양전기공업 현장 찾아 미래전략 논의","3년간 117억 투입…부산 제조 앵커 키우는 '매뉴콘 프로젝트''매뉴콘 프로젝트'는 부산시 첨단산업국이 오는... 이날 회의에는 대양전기공업 서영우 대표이사를 비롯한 경영진과 부산TP 김형균 원장, 그리고 인공지능... ",https://www.nocutnews.co.kr/news/6526272?utm_source=naver&utm_medium=article&utm_campaign=20260602091517,https://n.news.naver.com/mnews/article/079/0004153117?sid=102,"Tue, 02 Jun 2026 09:16:00 +0900",2026-06-02 09:17:13
AI/소프트웨어,인공지능 산업,"구리시, AI 활용 공공데이터 발굴 위해 상시 수요조사 창구 운영",경기도 구리시가 인공지능(AI) 산업 활성화와 시민 체감형 공공서비스 강화를 위해 ‘AI 친화·고가치 공공데이터 상시 수요조사 창구’를 개설하고 6월부터 본격적인 운영에 나선다. 이번 창구는 기존의 단발성 설문조사... ,https://www.viva100.com/article/20260602500036,https://www.viva100.com/article/20260602500036,"Tue, 02 Jun 2026 09:16:00 +0900",2026-06-02 09:17:13
AI/소프트웨어,인공지능 산업,"배달의민족, 외식업 교육센터 '배민아카데미' 수강생 35만명 달성",최근에는 인공지능(AI) 활용 교육을 다각도로 확대하고 있다. AI를 활용해 가게 홈페이지와 포스터를 만드는... 한편 배달의민족은 지난해 제30회 한국유통대상 '2025 유통산업 상생협력 문화확산 유공자 포상 산업통상부... ,https://news.tf.co.kr/read/economy/2328525.htm,https://n.news.naver.com/mnews/article/629/0000504197?sid=101,"Tue, 02 Jun 2026 09:15:00 +0900",2026-06-02 09:17:13
AI/소프트웨어,인공지능 산업,"뉴로핏, 의료AI 신뢰성↑…국제 보안인증 2종 확보",의료 인공지능(AI) 전문기업 뉴로핏이 국제 수준의 정보보안 및 개인정보 보호 체계를 확보하며 글로벌 사업 확대 기반을 강화했다. 의료영상 데이터 활용이 핵심인 의료AI 산업에서 데이터 신뢰성과 보안 경쟁력이... ,http://www.hansbiz.co.kr/news/articleView.html?idxno=842000,http://www.hansbiz.co.kr/news/articleView.html?idxno=842000,"Tue, 02 Jun 2026 09:12:00 +0900",2026-06-02 09:17:13
AI/소프트웨어,인공지능 산업,"일레븐랩스, 'STK 코리아 2026'서 '음성AI 실시간 소통 체험' 제공",인공지능(AI) 오디오 연구·개발 전문 스타트업 일레븐랩스가 오는 10일부터 사흘간 서울 삼성동 코엑스(COEX)... 홍상원 일레븐랩스 총괄은 “한국 AI 및 ICT 산업의 중심인 스마트테크 코리아에서 일레븐랩스의 독보적인... ,https://www.etnews.com/20260602000050,https://n.news.naver.com/mnews/article/030/0003433570?sid=105,"Tue, 02 Jun 2026 09:12:00 +0900",2026-06-02 09:17:13
AI/소프트웨어,인공지능 산업,"삼성전자, '비스포크 AI 스팀' 5월 판매 2만대 돌파···전년 동월比 60...","흡입력과 인공지능(AI) 주행 성능, 보안, 물걸레 스팀 살균 기능을 갖췄다. '비스포크 AI 스팀 울트라'와 '비스포크 AI 스팀 플러스'는 전작 대비 최대 2배 수준인 10W 흡입력을 적용했다. 해당 수치는 2026년 1월 한국산업기... ",https://www.ziksir.com/news/articleView.html?idxno=135568,https://www.ziksir.com/news/articleView.html?idxno=135568,"Tue, 02 Jun 2026 09:12:00 +0900",2026-06-02 09:17:13
AI/소프트웨어,인공지능 산업,"엘리스그룹, 과기정통부 '생성AI 선도인재양성 사업' 선정",엘리스그룹은 과학기술정보통신부와 정보통신기획평가원(IITP)이 추진하는 '2026년 생성 인공지능(AI)... 이번 컨소시엄의 핵심 연구 분야는 산업적 가치와 상용화 가능성이 높은 ▲초개인화 적응형 학습 생태계 구축... ,https://view.asiae.co.kr/article/2026060209102319581,https://n.news.naver.com/mnews/article/277/0005770788?sid=101,"Tue, 02 Jun 2026 09:10:00 +0900",2026-06-02 09:17:13
AI/소프트웨어,인공지능 산업,"넥센타이어, 전기차·내연기관 경계 허문 타이어 출시",자동차 산업이 전동화 시대로 빠르게 전환되는 가운데 차량 종류와 관계없이 동일한 성능을 구현하는... 이 제품에는 넥센타이어가 집중 투자해온 인공지능(AI) 기반 연구개발 역량도 반영됐다. 회사는 국내 자동차 업계... ,https://www.sedaily.com/article/20050889?ref=naver,https://n.news.naver.com/mnews/article/011/0004626881?sid=102,"Tue, 02 Jun 2026 09:10:00 +0900",2026-06-02 09:17:13
AI/소프트웨어,인공지능 산업,"이노그리드, EBS 'AI 펭톡' 운영 사업 수주… 공공 AI 인프라 시장 공략","규모의 ‘인공지능 기반 영어 말하기 학습지원 서비스 운영사업’에서 클라우드 인프라 운영·관리 부문... 이노그리드는 공공·금융·엔터프라이즈 등 다양한 산업군에서 클라우드 전환, 구축, 운영관리 사업을 수행해... ",http://www.inews24.com/view/1973186,https://n.news.naver.com/mnews/article/031/0001032347?sid=105,"Tue, 02 Jun 2026 09:08:00 +0900",2026-06-02 09:17:13
AI/소프트웨어,인공지능 산업,[핀포인트] [기업은행] 親정부·관가 출신으로 채운 사외이사…지방이전...,"관가 출신을 가급적 배제하고, 인공지능(AI)·소비자보호 등 최근 은행권 핵심 키워드 강화를 위한 맞춤형... 한국산업은행, 수출입은행 등 주요 국책은행이 포함될 것으로 점쳐진다. 현재 거의 모든 국책은행 내부에서는... ",https://news.dealsitetv.com/articles/171080,https://news.dealsitetv.com/articles/171080,"Tue, 02 Jun 2026 09:08:00 +0900",2026-06-02 09:17:13
AI/소프트웨어,클라우드 시장,"전진건설로봇, 코리아 밸류업 지수 편입…&quot;주주환원·성장 전략 강화&quot;","코리아 밸류업 지수는 한국거래소가 기업가치 제고 계획 공시, 주주환원 정책, 수익성, 시장 평가 등을... AI와 클라우드 서비스 확산에 따른 데이터센터 투자 확대, 북미 전력 인프라 투자 증가 등이 중장기 건설장비... ",https://daily.hankooki.com/news/articleView.html?idxno=1372777,https://daily.hankooki.com/news/articleView.html?idxno=1372777,"Tue, 02 Jun 2026 09:16:00 +0900",2026-06-02 09:17:14
AI/소프트웨어,클라우드 시장,"엘리스그룹, 과기정통부 '생성AI 선도인재양성 사업' 선정",생성AI 선도인재양성 사업은 국내 대학과 생성AI 기업 간의 공동연구를 통해 글로벌 생성AI 시장을 선도할... 클라우드 보안인증(CSAP) 획득으로 보안성을 입증한 모듈형 AI 데이터센터 '엘리스 AI PMDC'와 교육 실습... ,https://www.etnews.com/20260602000043,https://n.news.naver.com/mnews/article/030/0003433563?sid=105,"Tue, 02 Jun 2026 09:02:00 +0900",2026-06-02 09:17:14
AI/소프트웨어,클라우드 시장,"웨어밸리, '2026 파트너데이' 성료…주요 총판·파트너사 64개사 참여","이와 함께 클라우드 환경 확대와 AI 기반 업무 환경 변화에 따른 보안 시장 전망, 파트너 비즈니스 확대 전략, 영업 지원 정책 등에 대한 발표도 진행됐다. 웨어밸리는 파트너사와의 협력 체계를 강화하고 시장 경쟁력을... ",https://www.etnews.com/20260601000457,https://n.news.naver.com/mnews/article/030/0003433557?sid=101,"Tue, 02 Jun 2026 09:01:00 +0900",2026-06-02 09:17:14
AI/소프트웨어,클라우드 시장,"양지사, 양지솔루션 신사업 추진... 스마트펜·노트 출시",종이에 쓴 글씨를 디지털 데이터로 즉시 변환해주는 양지솔루션 스마트펜 및 더 클라우드 노트를 출시하며 시장 공략에 나섰다. 이번 신제품은 전통적인 기록 방식의 직관성과 현대적인 디지털 관리의 효율성을 동시에... ,https://www.etoday.co.kr/news/view/2589701,https://www.etoday.co.kr/news/view/2589701,"Tue, 02 Jun 2026 09:00:00 +0900",2026-06-02 09:17:14
AI/소프트웨어,클라우드 시장,"웨어밸리, '2026 파트너데이' 개최 ··· 총판·파트너 64개사 참여","뿐만 아니라 클라우드 전환 확대와 AI 기반 업무 환경 변화에 따른 보안 시장 전망도 주요 주제로 다뤄졌다. 이와 함께 파트너 비즈니스 확대 전략과 영업 지원 정책, 협력 프로그램 운영 계획 등이 발표됐다. 웨어밸리는... ",https://www.datanet.co.kr/news/articleView.html?idxno=212066,https://www.datanet.co.kr/news/articleView.html?idxno=212066,"Tue, 02 Jun 2026 09:00:00 +0900",2026-06-02 09:17:14
AI/소프트웨어,클라우드 시장,"앤트로픽, 美 SEC에 비공개 IPO 서류 제출","구글처럼 클라우드·광고 등 대형 사업 기반을 가진 기업과 달리, 앤트로픽은 클로드 구독 서비스와 기업용 API 사업만으로 장기 수익성을 보여줘야 한다. 이번 상장 추진은 AI 투자 열기가 공모시장으로 확산될 수... ",http://www.press9.kr/news/articleView.html?idxno=77326,http://www.press9.kr/news/articleView.html?idxno=77326,"Tue, 02 Jun 2026 09:00:00 +0900",2026-06-02 09:17:14
AI/소프트웨어,클라우드 시장,"구글, 120조 원 초대형 유상증자…반도체 랠리에 돌발 변수 [글로벌마켓...","엔비디아가 전날 컴퓨텍스 2026을 통해 AI 노트북과 중앙처리장치(CPU) 시장에 진출하며 장중 사상 최고치... 1분기 전체 매출은 1년 전보다 22% 늘어난 1100억 달러로, 클라우드 매출은 63% 증가했다. 향후 매출로 잡히는... ",http://www.wowtv.co.kr/NewsCenter/News/Read?articleId=A202606020341&t=NN,https://n.news.naver.com/mnews/article/215/0001254054?sid=101,"Tue, 02 Jun 2026 08:58:00 +0900",2026-06-02 09:17:14
AI/소프트웨어,클라우드 시장,"NHN, 인공지능 GPU 서비스로 수익성 개선 기대","엔씨소프트와 크래프톤 같은 게임사를 포함해 다양한 산업군 고객을 확보한 점, 일본 시장으로 수요가 확대될 가능성이 있다는 점도 긍정적으로 거론됐다. 수익성 전망도 크게 개선됐다. NHN클라우드는 지난해 약... ",https://www.tokenpost.kr/news/market/365278,https://www.tokenpost.kr/news/market/365278,"Tue, 02 Jun 2026 08:52:00 +0900",2026-06-02 09:17:14
AI/소프트웨어,클라우드 시장,"HPE, 어닝 서프라이즈에 주가 30% 급등…날개 단 서버 제조회사들",이날 HPE의 호실적은 서버시장에서 경쟁하고 있는 델 테크놀로지스의 지난 5월28일 강력한 실적 발표에 뒤이은 것이다. 이는 AI를 구동하는 서버 수요가 견고하다는 점을 보여준다. HPE의 올 2~4월 분기 클라우드... ,https://www.mt.co.kr/world/2026/06/02/2026060208412164119,https://n.news.naver.com/mnews/article/008/0005365969?sid=101,"Tue, 02 Jun 2026 08:50:00 +0900",2026-06-02 09:17:14
AI/소프트웨어,클라우드 시장,AI시대 'MS-엔비디아 동맹' 급부상[글로벌AI브리핑],"현재 챗GPT나 클로드, 제미나이 등 주요 AI서비스들은 클라우드 데이터센터에서 실행되고, 인터넷을 통해 사용자에게 전달되는 구조다. 그러나 AI시장이 개인 맞춤형 AI에이전트 수요로 확산되면서, 빠른... ",http://www.fnnews.com/news/202606020727181381,https://n.news.naver.com/mnews/article/014/0005529385?sid=105,"Tue, 02 Jun 2026 08:48:00 +0900",2026-06-02 09:17:14
AI/소프트웨어,클라우드 시장,HPE 서버 호실적에 8년만에 최대 순익…시간외 30%↑,"클라우드·AI 부문의 매출이 77억1천만 달러로, 시장 예상치를 훨씬 상회했다. 특히 서버 사업부 매출이 54억5천만 달러로, 시장 예상치(46억6천만 달러)를 크게 넘어서며 회사 전체 매출 성장을 이끌었다. HPE는... ",https://www.yna.co.kr/view/AKR20260602018100009?input=1195m,https://n.news.naver.com/mnews/article/001/0016113040?sid=104,"Tue, 02 Jun 2026 08:42:00 +0900",2026-06-02 09:17:14
AI/소프트웨어,클라우드 시장,"키움증권, 삼전 43만원·하이닉스 260만원으로 목표가 상향",또 &quot;HBM4(6세대 고대역폭메모리)와 eSSD(기업용 솔리드 스테이트 드라이브)의 시장 점유율 상승 및 파운드리... 미국의 클라우드 서비스 제공업체(CSPs) 투자자금 부담 가중을 우려했다. 특히 &quot;단기적으로는 증시로의... ,https://www.yna.co.kr/view/AKR20260602028500008?input=1195m,https://n.news.naver.com/mnews/article/001/0016113027?sid=101,"Tue, 02 Jun 2026 08:35:00 +0900",2026-06-02 09:17:14
AI/소프트웨어,AI 반도체,"SKT, SK하이닉스 반도체 팹에 디지털 트윈 적용...GTC 공개","SK하이닉스는 지난해 SK텔레콤과 함께 반도체 팹 디지털 트윈 기술 검증을 마쳤으며, 단계적 상용화를 추진할 계획이다. SK텔레콤은 AI 인프라부터 모델, 서비스까지 전 영역의 AI 솔루션을 갖춘 사업자로서 공공 및... ",https://www.webeconomy.co.kr/news/articleView.html?idxno=2187431,https://www.webeconomy.co.kr/news/articleView.html?idxno=2187431,"Tue, 02 Jun 2026 09:14:00 +0900",2026-06-02 09:17:15
AI/소프트웨어,AI 반도체,월가 화두는 'AI 데이터센터' …&quot;AI가 유일한 게임&quot;,"골드만삭스 글로벌 레버리지 파이낸스 총괄 미리엄 휠러는 &quot;데이터센터, 전력, 반도체 전반에 걸친 자본지출 수요가 너무나 막대해서 우리가 참여하는 모든 금융시장에 영향을 미치고 있다&quot;며 AI를 최우선 과제로... ",https://biz.sbs.co.kr/article_hub/20000313966?division=NAVER,https://n.news.naver.com/mnews/article/374/0000513576?sid=104,"Tue, 02 Jun 2026 09:12:00 +0900",2026-06-02 09:17:15
AI/소프트웨어,AI 반도체,젠슨황 “피지컬 AI 협력사”…SK텔레콤 ‘신고가’[특징주],젠슨 황 엔비디아 최고경영자(CEO)가 피지컬 인공지능(AI) 분야 파트너사로 소개하면서 매수세가 몰린... 위한 엔비디아의 협업 플랫폼)를 활용해 반도체 공장에 디지털 트윈을 적용한 사례가 담겼다.,https://www.edaily.co.kr/news/newspath.asp?newsid=03096326645477784,https://n.news.naver.com/mnews/article/018/0006295811?sid=101,"Tue, 02 Jun 2026 09:11:00 +0900",2026-06-02 09:17:15
AI/소프트웨어,AI 반도체,[조간브리핑] 숙련공의 직관을 AI에···제조 혁신 새 실험 시작,5월 수출 877.5억 달러… 월간 기준 역대 최대치 인공지능(AI) 투자 확대에 따른 반도체 수요 급증에 힘입어 5월 한국 수출(약 878억 달러)이 월간 기준 역대 최대 기록을 또다시 경신했다. 석 달 연속 800억 달러를 넘어선... ,http://www.hellodd.com/news/articleView.html?idxno=111965,http://www.hellodd.com/news/articleView.html?idxno=111965,"Tue, 02 Jun 2026 09:10:00 +0900",2026-06-02 09:17:15
AI/소프트웨어,AI 반도체,"美 엔비디아 '급등' 속...코스피 '상승 출발', 코스닥은 '장초반 뚝'","2일 코스피 지수가 상승 출발한 가운데 시총 상위주들은 장초반 반도체주를 중심으로 강세를 기록... 장중 중동 리스크 부각 속에 국제유가가 급등했지만, 엔비디아를 중심으로 한 AI 관련주 강세가 시장... ",http://www.choicenews.co.kr/news/articleView.html?idxno=166069,http://www.choicenews.co.kr/news/articleView.html?idxno=166069,"Tue, 02 Jun 2026 09:10:00 +0900",2026-06-02 09:17:15
AI/소프트웨어,AI 반도체,"&quot;우리도 깐부&quot; 최태원 SK그룹 회장, 대만서 젠슨 황 엔비디아 CEO 회동",SK하이닉스 사장을 비롯한 그룹 내 반도체 핵심 경영진도 동행 중이다. 젠슨 황 엔비디아 CEO도 대만에서 AI PC 진출 소식을 알리는 등 미디어의 주목을 받고 있다. 그는 오는 4일 한국에 입국해 네이버·LG그룹... ,https://news.einfomax.co.kr/news/articleView.html?idxno=4417910,https://news.einfomax.co.kr/news/articleView.html?idxno=4417910,"Tue, 02 Jun 2026 09:08:00 +0900",2026-06-02 09:17:15
로봇/자율주행,로봇 주가,[아침밥] 다올 &quot;현대차 보스턴 다이내믹스 통한 주가 재평가 기대&quot;,다올투자증권이 현대차에 대해 보스턴 다이내믹스를 통한 주가 재평가를 기대했다. 이에 투자 의견은... 향후 로봇의 수요처가 확대되고 있는 점도 주목할 포인트라고 했다. 유 연구원은 &quot;그룹사 물량 대응을 위한... ,https://www.sidae.com/article/2026060208045293002,https://n.news.naver.com/mnews/article/417/0001145747?sid=101,"Tue, 02 Jun 2026 08:59:00 +0900",2026-06-02 09:17:16
로봇/자율주행,로봇 주가,"다올證 “현대차, 보스턴다이나믹스 협업 구체화…목표가 100만”",투자 의견 ‘매수(Buy)’를 유지하고 목표 주가를 기존 74만원에서 100만원으로 상향했다. 현대차의 전일... 규모의 로봇 생산 규모가 거론되면서 현재 약 100조원 규모로 예상되고 있는 보스턴다이나믹스의 IPO 밸류에이션... ,https://biz.chosun.com/stock/stock_general/2026/06/02/C4REKXXWPFHVNBAKBU3X7ZYFPY/?utm_source=naver&utm_medium=original&utm_campaign=biz,https://n.news.naver.com/mnews/article/366/0001168697?sid=101,"Tue, 02 Jun 2026 08:57:00 +0900",2026-06-02 09:17:16
로봇/자율주행,로봇 주가,"다올투자증권 &quot;현대차, BD 밸류 상승 모멘텀에 주가 리레이팅 기대&quot;","가능성이 주가 재평가를 이끌 것으로 전망하며 투자의견은 '매수', 목표주가는 100만원으로 상향... 유 연구원은 10만대 이상 규모의 로봇 생산규모가 거론되면서 현재 약 100조원 수준으로 예상되는 BD의 기업공개(IPO)... ",https://www.cstimes.com/news/articleView.html?idxno=708176,https://www.cstimes.com/news/articleView.html?idxno=708176,"Tue, 02 Jun 2026 08:54:00 +0900",2026-06-02 09:17:16
로봇/자율주행,로봇 주가,[애널픽] &quot;높아지는 BD 밸류에이션...현대차 100만원 간다&quot;,뷰어스 박민선 기­자 parkpro@viewers.co.kr 다올투자증권이 현대차에 대한 목표주가를 100만원으로 상향했다.... 규모의 로봇 생산규모가 거론됨에 따라 현재 약 100조원규모로 예상되고 있는 BD의 IPO 밸류에이션의... ,https://theviewers.co.kr/View.aspx?No=4098475,https://theviewers.co.kr/View.aspx?No=4098475,"Tue, 02 Jun 2026 08:48:00 +0900",2026-06-02 09:17:16
로봇/자율주행,로봇 주가,"“현대모비스, 고부가 액추에이터 사업…목표가 120만원”-KB",KB증권은 2일 현대모비스에 대한 투자의견 ‘매수(Buy)’를 유지하면서 목표주가를 기존 75만원에서 120만원으로 60% 올렸다. 보스턴다이내믹스(BD)의 휴머노이드 로봇 ‘아틀라스(Atlas)’ 양산에 활용될 액추에이터... ,https://www.itooza.com/common/iview.php?no=2026060208461396489,https://www.itooza.com/common/iview.php?no=2026060208461396489,"Tue, 02 Jun 2026 08:48:00 +0900",2026-06-02 09:17:16
로봇/자율주행,로봇 주가,[특징주] 젠슨 황 방한 기대감에 연일 강세…프리마켓서 로봇株 '급등',2일 로봇주가 프리마켓에서 일제히 강세를 보이고 있다. 엔비디아 최고경영자(CEO)인 젠슨 황의 방한을 앞두고 피지컬 인공지능(AI) 산업 확대 기대감이 커지면서 관련 종목에 매수세가 몰리는 모습이다. 이날... ,https://www.newspim.com/news/view/20260602000143,https://www.newspim.com/news/view/20260602000143,"Tue, 02 Jun 2026 08:47:00 +0900",2026-06-02 09:17:16
로봇/자율주행,로봇 주가,"&quot;현대모비스, 로봇 사업이 핵심 동력될 것… 목표가 120만원&quot;-KB",KB증권은 현대모비스가 산업용 휴머노이드 로봇에 활용되는 액추에이터(구동장치) 사업에서 고부가가치를 창출할 것이라고 2일 분석했다. 이에 목표주가를 기존 75만원에서 120만원으로 상향하고 투자의견 '매수... ,https://www.mt.co.kr/stock/2026/06/02/2026060207543722587,https://n.news.naver.com/mnews/article/008/0005365965?sid=101,"Tue, 02 Jun 2026 08:42:00 +0900",2026-06-02 09:17:16
로봇/자율주행,로봇 주가,"&quot;내세울 게 주가뿐?&quot;…장동혁 &quot;코스피 8천, 이재명 실정 덮는 방패됐다...","그러면서 “올해 1분기 일하지 않고 쉰 2030 청년이 171만 명”이라며 “노란봉투법에 손발이 묶인 기업은 채용을 주저하고, 청년이 일할 자리를 AI와 로봇, 그리고 키오스크가 채우고 있다. 그럼에도 이재명 민주당은 민노총... ",https://www.edaily.co.kr/news/newspath.asp?newsid=02912646645477784,https://n.news.naver.com/mnews/article/018/0006295759?sid=162,"Tue, 02 Jun 2026 08:41:00 +0900",2026-06-02 09:17:16
로봇/자율주행,로봇 주가,"보스턴다이내믹스 업은 현대차, '황제주' 간다[애널리스트의 시각]",다올투자증권이 현대차에 대해 보스턴다이내믹스(BD) 가치가 본격적으로 반영될 시점이라며 목표주가를... 다올투자증권은 글로벌 로봇 기업들의 사례를 근거로 BD가 향후 100조원 수준의 밸류에이션에 도달할... ,https://www.newsway.co.kr/news/view?ud=2026060208333839836,https://www.newsway.co.kr/news/view?ud=2026060208333839836,"Tue, 02 Jun 2026 08:40:00 +0900",2026-06-02 09:17:16
로봇/자율주행,로봇 주가,"다올證 “현대차, 보스턴다이내믹스와 밀월 구체화…목표가 100만원으로...",적정주가를 기존 74만원에서 100만원으로 상향했다. 유지웅 다올투자증권 연구원은 2일 “6~10월 중... 글로벌 로봇 업체들의 높은 밸류에이션도 현대차 재평가 논리를 뒷받침한다. 유 연구원은 “현대차의 강점은... ,https://www.etoday.co.kr/news/view/2589811,https://www.etoday.co.kr/news/view/2589811,"Tue, 02 Jun 2026 08:40:00 +0900",2026-06-02 09:17:16
로봇/자율주행,로봇 주가,"KB證 “현대모비스, 경쟁사 퇴조·현대차그룹 점유율 확대 수혜 기대…...",그러면서 투자의견 ‘매수(Buy)’를 유지하고 목표 주가를 기존 75만원에서 120만원으로 올려 잡았다. 전... 현대차그룹의 로봇 자회사 보스턴 다이내믹스의 성장도 호재로 꼽힌다. 강 연구원은 “보스턴... ,https://biz.chosun.com/stock/stock_general/2026/06/02/LZEKIS7I6JFZ7BBDBEAFIO7W3U/?utm_source=naver&utm_medium=original&utm_campaign=biz,https://n.news.naver.com/mnews/article/366/0001168693?sid=101,"Tue, 02 Jun 2026 08:38:00 +0900",2026-06-02 09:17:16
로봇/자율주행,로봇 주가,[어제장 오늘장] 젠슨 황 방한 기대감에 전력·로봇주 강세…상승세 지...,"코스닥 시총 상위단을 보면 로봇주가 급등하며 대표주인 레인보우로보틱스가 12.4% 상승했습니다. 그리고 HBL, 간암 FDA 를 앞두고 기대감이 유입되며 9% 넘게 뛰었습니다. 하지만 나머지 종목들은 일제히 하락했습니다.... ",https://biz.sbs.co.kr/article_hub/20000313948?division=NAVER,https://n.news.naver.com/mnews/article/374/0000513567?sid=101,"Tue, 02 Jun 2026 08:32:00 +0900",2026-06-02 09:17:16
로봇/자율주행,로봇 주가,"1조달러 가치 앤트로픽, 기업공개 신청…올해 가을 상장 추진",오픈에이아이가 영상 생성기 소라를 출시했다가 서비스를 접고 로봇공학 팀을 구성하는 등 사업을... 천문학적 밸류에이션을 정당화해야 한다는 부담이 상장 후 주가의 발목을 잡을 수 있다”는 신중론도 나온다고 전했다.,https://www.hani.co.kr/arti/international/international_general/1261472.html,https://n.news.naver.com/mnews/article/028/0002807704?sid=104,"Tue, 02 Jun 2026 08:30:00 +0900",2026-06-02 09:17:16
로봇/자율주행,자율주행 산업,젠슨 황 &quot;韓 AI 생태계와 협력&quot; 강조…최태원 SK회장과 별도 회동도,"이날 황 CEO는 한국의 산업 생태계가 엔비디아 사업에서 갖는 의미를 높게 평가했다. 그는 &quot;한국은 우리... 엔비디아가 로봇, 자율주행, 디지털 트윈, 제조 자동화 등 피지컬 AI를 차세대 성장 축으로 키우는 만큼, 제조업... ",https://www.newsis.com/view/NISX20260602_0003652856,https://n.news.naver.com/mnews/article/003/0013981063?sid=101,"Tue, 02 Jun 2026 08:59:00 +0900",2026-06-02 09:17:16
로봇/자율주행,자율주행 산업,"청송군, 스마트 사과재배 핵심장비 검증…무인방제기 현장 시연 실시",행사에서는 레일형 무인방제기와 자율주행·원격조정 방식의 SS기 등 여러 장비가 소개됐다. 참석자들은 작업... 모델로 평가받고 있다. 청송군은 첨단 재배시설 확대를 통해 사과 산업의 경쟁력을 높여간다는 계획이다.,http://www.metroseoul.co.kr/article/20260601500492,http://www.metroseoul.co.kr/article/20260601500492,"Tue, 02 Jun 2026 08:54:00 +0900",2026-06-02 09:17:16
로봇/자율주행,자율주행 산업,"KB證 &quot;현대모비스, 휴머노이드 수혜 부각…목표가 120만원&quot;",강성진 KB증권 연구원은 &quot;보스턴 다이내믹스 아틀라스가 산업용 휴머노이드 시장 60%을 점유하는 것을 주요... 외부 자율주행 인공지능(AI) 도입 및 자율주행차 파운드리(위탁생산)를 통해 중국 외 시장 생산 점유율을... ,https://www.newsis.com/view/NISX20260602_0003652851,https://n.news.naver.com/mnews/article/003/0013981037?sid=101,"Tue, 02 Jun 2026 08:54:00 +0900",2026-06-02 09:17:16
로봇/자율주행,자율주행 산업,"엔비디아, 피지컬 AI용 오픈 월드 파운데이션 모델 '코스모스 3' 공개","자율주행 분야에서는 리오토가 참여하고 있으며, 비전 AI 분야에서는 센티픽, 포그스피어, 링커 비전, 마일스톤 시스템즈, 유안 등이 산업 AI 및 스마트 공간 애플리케이션 개발에 활용 중이다. 개발자들은 엔비디아의... ",https://www.irobotnews.com/news/articleView.html?idxno=46671,https://www.irobotnews.com/news/articleView.html?idxno=46671,"Tue, 02 Jun 2026 08:54:00 +0900",2026-06-02 09:17:16
로봇/자율주행,자율주행 산업,"한국전파진흥협회, ‘전파방송 기술대상’ 공모…AI 시대 혁신 기술 발...","특히 인공지능(AI) 확산과 디지털 전환이 가속화되는 가운데 전파 기술은 자동화, 자율주행, 빅데이터, 사물 간 네트워크 연결 등 다양한 산업 분야의 핵심 인프라로 주목받고 있다. 이에 따라 AI 기반 서비스와 차세대... ",https://www.hellot.net/news/article.html?no=112943,https://www.hellot.net/news/article.html?no=112943,"Tue, 02 Jun 2026 08:52:00 +0900",2026-06-02 09:17:16
로봇/자율주행,자율주행 산업,"[아침밥] KB증권 &quot;현대모비스 목표가 120만, 액추에이터 사업 부각 기대...",이어 &quot;아틀라스가 150만대 (산업용 휴머노이드 점유율 60%) 판매되고 판가의 28%가 액추에이터 구입에 쓰일... 엔비디아의 자율주행 AI(인공지능) 모델 알파마요 등 외부 자율주행 AI 도입 및 자율주행차 파운드리... ,https://www.sidae.com/article/2026060208414661931,https://n.news.naver.com/mnews/article/417/0001145743?sid=101,"Tue, 02 Jun 2026 08:44:00 +0900",2026-06-02 09:17:16
로봇/자율주행,자율주행 산업,"대만 찾은 최태원 SK 회장, 젠슨 황 엔비디아 CEO와 회동","아울러 자율주행·산업용 로봇 등 피지컬 AI 플랫폼 공급과 관련해 글로벌 완성차·제조업체들과의 협업 성과를 공유하고, AI 팩토리·오픈소스 AI 모델 분야에서도 파트너들과 통합 생태계를 구축해 나가겠다는... ",https://thetracker.co.kr/View.aspx?No=4098473,https://thetracker.co.kr/View.aspx?No=4098473,"Tue, 02 Jun 2026 08:43:00 +0900",2026-06-02 09:17:16
로봇/자율주행,자율주행 산업,"[모닝 리포트] 현대모비스, 목표가 120만원으로 상향…&quot;휴머노이드가 미...",보스턴 다이내믹스 아틀라스가 산업용 휴머노이드 시장의 60%를 점유하는 시나리오를 핵심 가정으로... 강성진·김지윤 연구원은 현대차그룹이 알파마요 등 외부 자율주행 인공지능(AI) 도입 및 자율주행차... ,https://www.newspim.com/news/view/20260602000060,https://www.newspim.com/news/view/20260602000060,"Tue, 02 Jun 2026 08:22:00 +0900",2026-06-02 09:17:16
로봇/자율주행,자율주행 산업,SK·삼성·LG·네이버 '총출동'…타이베이서 'AI 동맹',"로보틱스, 자율주행 생태계 확대 계획 등을 공개했다. 최 회장은 발표 내내 주요 내용을 집중적으로... AI 산업 경쟁이 이제는 칩 하나의 성능 경쟁이 아니라 메모리·GPU·파운드리·데이터센터·로봇까지 연결된... ",http://www.hansbiz.co.kr/news/articleView.html?idxno=841977,http://www.hansbiz.co.kr/news/articleView.html?idxno=841977,"Tue, 02 Jun 2026 08:22:00 +0900",2026-06-02 09:17:16
로봇/자율주행,자율주행 산업,"본업도 잘하는데 로봇까지…현대모비스, 목표가 120만원으로 '껑충'[애널...",그는 &quot;보스턴 다이내믹스 아틀라스가 산업용 휴머노이드 시장 60%를 점유하는 등을 주요 가정으로 할 때... 외부 자율주행 AI 도입 및 자율주행차 파운드리(위탁생산)를 통해 중국 외 시장 생산 점유율을 4배 늘릴... ,https://www.newsway.co.kr/news/view?ud=2026060208034218846,https://www.newsway.co.kr/news/view?ud=2026060208034218846,"Tue, 02 Jun 2026 08:18:00 +0900",2026-06-02 09:17:16
로봇/자율주행,자율주행 산업,"삼성전자, 차량용 메모리 1위…HBM4E로 AI 시장 공략",2일 자동차 산업 전문 분석기관 스탠더드앤드푸어스(S&amp;P) 글로벌 모빌리티에 따르면 삼성전자는 지난해... 특히 자율주행 시스템 확대와 차량용 인포테인먼트(IVI) 시스템 고도화에 따라 고용량·고성능 메모리... ,https://www.cstimes.com/news/articleView.html?idxno=708074,https://www.cstimes.com/news/articleView.html?idxno=708074,"Tue, 02 Jun 2026 08:08:00 +0900",2026-06-02 09:17:16
로봇/자율주행,자율주행 산업,"[중국 비즈니스 트렌드&amp;동향] 이익은 줄었지만, 방향은 또렷했다","스마트폰 산업의 최대 증량 기회이며, 자동차 사업 역시 가장 어려운 시기를 지났다&quot;고 평가했다. 포니닷에이아이, 로보택시 매출 4배 급증… 자율주행차 단가 5천만원 시대 정조준 5월 26일, 중국 자율주행 스타트업... ",https://platum.kr/archives/288037,https://platum.kr/archives/288037,"Tue, 02 Jun 2026 08:06:00 +0900",2026-06-02 09:17:16
로봇/자율주행,휴머노이드 로봇,"하나증권 &quot;중국 유니트리 IPO 심사 통과, 관심주 '피지컬AI' 현대차 LG전...","젠슨 황 엔비디아 최고경영자(CEO)는 전날 대만 IT전시회 컴퓨렉스 기조연설에서 유니트리의 H2 플러스 휴머노이드 로봇 바탕의 연구용 통합 플랫폼을 공개하기도 했다. 현대차그룹과 LG전자, 두산로보틱스 등 한국... ",https://www.businesspost.co.kr/BP?command=article_view&num=439065,https://www.businesspost.co.kr/BP?command=article_view&num=439065,"Tue, 02 Jun 2026 09:06:00 +0900",2026-06-02 09:17:17
로봇/자율주행,휴머노이드 로봇,中로봇에 당하기 일보직전..무역보호-현장 배치 급선무 [여의도 Pick!],이를 발판 삼아 민간 시장을 넘어 공공 부문 전반으로 로봇 도입을 확대하겠다는 구상입니다.최근 모기업인 현대차그룹이 월드컵 공식 후원을 통해 휴머노이드 로봇 '아틀라스'의 마케팅을 강화하는 것 역시 상장 전... ,https://news.mtn.co.kr/news-detail/2026060209020014968,https://news.mtn.co.kr/news-detail/2026060209020014968,"Tue, 02 Jun 2026 09:04:00 +0900",2026-06-02 09:17:17
로봇/자율주행,휴머노이드 로봇,"품고, 신규 XFC센터 VIP투어 성료 ··· 에이전틱 커머스 혁신 가속화",총 3회에 걸쳐 진행된 이번 투어는 ▲에이전틱 커머스 시대를 대비한 인프라 ▲인력난 대응을 위한 효율 물류 프로세스 ▲패킹 스테이션의 휴머노이드 로봇 등 3가지 핵심 주제로 구성됐다. 현장에서는 XFC센터에 새롭게... ,https://www.datanet.co.kr/news/articleView.html?idxno=212072,https://www.datanet.co.kr/news/articleView.html?idxno=212072,"Tue, 02 Jun 2026 09:00:00 +0900",2026-06-02 09:17:17
로봇/자율주행,휴머노이드 로봇,"품고, 신규 XFC센터 VIP 투어...&quot;에이전틱 커머스 시대 물류 청사진&quot;","주요 주제는 에이전틱 커머스 시대 인프라, 인력난 대응 효율 물류 프로세스, 패킹 스테이션의 휴머노이드 로봇이었다. 현장에서는 박스 성형과 최적 포장을 지원하는 제함기, 초개인화 메시지 프린팅 기술이... ",http://www.hansbiz.co.kr/news/articleView.html?idxno=841976,http://www.hansbiz.co.kr/news/articleView.html?idxno=841976,"Tue, 02 Jun 2026 08:54:00 +0900",2026-06-02 09:17:17
로봇/자율주행,휴머노이드 로봇,"&quot;대구경제 제대로 살린다&quot;···'프로 경제통' 추경호 후보, 대기업 유치...",주요 내용으로는 △구미의 소재·장비 역량과 대구의 설계·R&amp;D 역량을 결합한 '반도체 산업 클러스터 조성' △세계 Top 5 로봇도시 진입을 위한 '휴머노이드 로봇 특화 캠퍼스 구축' △완성차 생산 도시 도약을 위한 'K... ,http://www.newsprime.co.kr/news/article.html?no=735412,http://www.newsprime.co.kr/news/article.html?no=735412,"Tue, 02 Jun 2026 08:54:00 +0900",2026-06-02 09:17:17
로봇/자율주행,휴머노이드 로봇,"중국, 美 맞설 '기술 통제 카드' 준비?…첨단기술 보호체계 구축",또한 ▲심자외선(DUV) LED ▲페로브스카이트 태양전지 ▲베이더우(北斗)-3 위성 간 자율 위치확인 기술 ▲그래핀을 잇는 차세대 탄소 소재인 그래파인(Graphyne) ▲휴머노이드 로봇(생체 모사 로봇) 등도 명단에 올랐다.... ,http://www.choicenews.co.kr/news/articleView.html?idxno=166065,http://www.choicenews.co.kr/news/articleView.html?idxno=166065,"Tue, 02 Jun 2026 08:48:00 +0900",2026-06-02 09:17:17
로봇/자율주행,휴머노이드 로봇,'삼겹살 회동' 앞둔 젠슨 황 &quot;韓 로보틱스 투자 검토&quot;...반도체 이어 피...,"업계 관계자는 &quot;제조업 전반에서 AI와 로봇을 결합하려는 수요가 커지면서 고위험 산업 현장용 로봇이나 휴머노이드, 로봇 파운데이션 모델을 개발하는 스타트업이 엔비디아 생태계의 파트너가 될 가능성이 있다&quot;고... ",https://www.livebiz.today/news/articleView.html?idxno=202390,https://www.livebiz.today/news/articleView.html?idxno=202390,"Tue, 02 Jun 2026 08:44:00 +0900",2026-06-02 09:17:17
로봇/자율주행,휴머노이드 로봇,"메리츠證 &quot;현대모비스, 아틀라스 양산 수혜 기대…목표가↑&quot;","아주경제=송윤서 기자 sys0303@ajunews.com 메리츠증권은 2일 현대모비스에 대해  휴머노이드 로봇 '아틀라스(Atlas)' 양산에 적용될 액추에이터 사업 가치를 높게 평가하며 목표가를 90만원으로 상향하고, 투자의견... ",https://www.ajunews.com/view/20260602083938726,https://www.ajunews.com/view/20260602083938726,"Tue, 02 Jun 2026 08:44:00 +0900",2026-06-02 09:17:17
로봇/자율주행,드론 시장,"&quot;러시아 재밍 비웃으며 100km 기습 정밀 폭격&quot;…우크라, AI 무인기 '호넷...",유도탄 등 '하이브리드 드론 킬러' 조달 체계로 안티드론 패러다임을 완전히 격상해야만 향후 백조 원 규모의 나토 및 중동 대공 방어 시장에서 독점적 지위를 유지할 수 있다는 분석이다. 노정용 글로벌이코노믹 기자,https://www.g-enews.com/view.php?ud=202606020913183203e8b8a793f7_1,https://www.g-enews.com/view.php?ud=202606020913183203e8b8a793f7_1,"Tue, 02 Jun 2026 09:16:00 +0900",2026-06-02 09:17:18
로봇/자율주행,드론 시장,"KB손보, 국내 최대 드론 커뮤니티와 함께 만든 신상품 ‘KB드론배상책임...","KB손보의 신상품 KB드론배상책임보험은 건전한 드론 문화 확산과 안전한 비행 환경 조성에 기여하며, 규모가 계속 확대되고 있는 레저용 드론 시장에 새로운 드론보험의 표준을 제시하고 드론 산업 전반의 성장에도... ",https://www.edaily.co.kr/news/newspath.asp?newsid=03089766645477784,https://n.news.naver.com/mnews/article/018/0006295810?sid=101,"Tue, 02 Jun 2026 09:10:00 +0900",2026-06-02 09:17:18
로봇/자율주행,드론 시장,"하나은행·KB손해보험, 대출·보험 상품 출시",기업ㆍ상업용 중심 드론보험 시장이 아닌 개인 취미ㆍ레저용 드론 사용자를 위한 전용 상품으로 개발됐다. KB손해보험은 상품 개발에 앞서 드론플레이 회원 413명을 대상으로 드론보험에 대한 설문조사를 실시했다. 조사... ,http://www.wsobi.com/news/articleView.html?idxno=312901,http://www.wsobi.com/news/articleView.html?idxno=312901,"Tue, 02 Jun 2026 09:08:00 +0900",2026-06-02 09:17:18
로봇/자율주행,드론 시장,KB손해보험 개인용 드론배상보험,KB손해보험 제공 KB손해보험(대표이사 사장 구본욱)이 개인용 드론보험 신상품인 'KB드론배상책임보험'을 공개했습니다. 이번 상품은 기업과 상업용 중심의 기존 시장에서 벗어나 개인 취미 및 레저용 사용자를 위해... ,https://www.newsclaim.co.kr/news/articleView.html?idxno=3065313,https://www.newsclaim.co.kr/news/articleView.html?idxno=3065313,"Tue, 02 Jun 2026 09:06:00 +0900",2026-06-02 09:17:18
로봇/자율주행,드론 시장,"KB손보, 드론보험 선봬… 연 5만원으로 최대 5억 보상",상품은 건전한 드론 문화 확산과 안전한 비행 환경 조성에 기여할 수 있을 것으로 기대된다. 또 규모가 계속 확대되고 있는 레저용 드론 시장에 새로운 드론보험의 표준을 제시할 전망이다. 이민지 글로벌이코노믹 기자,https://www.g-enews.com/view.php?ud=202606020851554152a6e8311f64_1,https://www.g-enews.com/view.php?ud=202606020851554152a6e8311f64_1,"Tue, 02 Jun 2026 09:04:00 +0900",2026-06-02 09:17:18
로봇/자율주행,드론 시장,"KB손보, 드론 동호인 목소리 담은 '개인용 드론보험' 선보여","이번 상품은 기업과 상업용 드론 위주로 형성된 기존 보험시장의 한계를 넘어, 급증하는 취미 및 레저용 드론 사용자들의 실질적인 요구를 반영해 개발됐다. 상품 기획 과정에서 KB손해보험은 드론플레이 회원 413명을... ",https://www.insnews.co.kr/news/articleView.html?idxno=91109,https://www.insnews.co.kr/news/articleView.html?idxno=91109,"Tue, 02 Jun 2026 09:00:00 +0900",2026-06-02 09:17:18
로봇/자율주행,드론 시장,"KB손보, 국내 최대 드론 커뮤니티와 신상품 'KB드론배상책임보험' 출시","KB손해보험의 신상품 'KB드론배상책임보험'은 건전한 드론 문화 확산과 안전한 비행 환경 조성에 기여하며, 규모가 계속 확대되고 있는 레저용 드론 시장에 새로운 드론보험의 표준을 제시하고 드론 산업 전반의... ",https://www.pointdaily.co.kr/news/articleView.html?idxno=306769,https://www.pointdaily.co.kr/news/articleView.html?idxno=306769,"Tue, 02 Jun 2026 08:54:00 +0900",2026-06-02 09:17:18
로봇/자율주행,드론 시장,"커지는 취미용 드론 시장…KB손보, 개인 사용자 겨냥 배상책임보험 출시",보험업계가 세분화된 취미 활동을 겨냥한 맞춤형 상품 개발에 나서는 가운데 KB손해보험이 개인 드론 사용자를 위한 배상책임보험 시장 공략에 나섰다. KB손해보험은 국내 드론 커뮤니티인 드론플레이 회원들의 의견을... ,http://www.srtimes.kr/news/articleView.html?idxno=204404,http://www.srtimes.kr/news/articleView.html?idxno=204404,"Tue, 02 Jun 2026 08:52:00 +0900",2026-06-02 09:17:18
로봇/자율주행,드론 시장,"KB손보, 드론 커뮤니티와 손잡고 개인용 드론보험 출시",레저용 드론 시장이 빠르게 확대되는 가운데 개인용 드론보험에 대한 수요도 본격적으로 커질 것으로 전망된다. 정재근 KB손보 일반상품본부장은 &quot;이번에 출시한 개인용 드론보험은 고객의 목소리를 듣고 반영해 개발한... ,https://www.joongangenews.com/news/articleView.html?idxno=523160,https://www.joongangenews.com/news/articleView.html?idxno=523160,"Tue, 02 Jun 2026 08:46:00 +0900",2026-06-02 09:17:18
로봇/자율주행,드론 시장,"KB손해보험, 'KB드론배상책임보험' 출시",이번 상품은 기업·상업용 중심 드론보험 시장이 아닌 개인 취미·레저용 드론 사용자를 위한 전용 상품으로 개발됐다. KB손해보험은 상품 개발에 앞서 드론플레이 회원 413명을 대상으로 드론보험에 대한 설문조사를... ,https://view.asiae.co.kr/article/2026060208272417565,https://n.news.naver.com/mnews/article/277/0005770732?sid=101,"Tue, 02 Jun 2026 08:27:00 +0900",2026-06-02 09:17:18
로봇/자율주행,드론 시장,"KB손해보험, 개인용 드론 보험시장 진출 사용자 맞춤형 특화 여신 생태...",레저용 드론 시장의 외연 확장에 맞춰 신뢰도 높은 표준 모델을 선점함으로써 장기적인 우량 고객을 록인(Lock-in)하겠다는 구상이다. 정재근 KB손해보험 일반상품본부장 상무는 &quot;이번에 출시한 개인용 드론 보험은 고객의... ,https://www.thefairnews.co.kr/news/articleView.html?idxno=78511,https://www.thefairnews.co.kr/news/articleView.html?idxno=78511,"Tue, 02 Jun 2026 08:22:00 +0900",2026-06-02 09:17:18
로봇/자율주행,드론 시장,[뷰펠] &quot;탄소만 감축한다고 생태계 회복 안돼&quot;...해법 제시한 인베랩,관련 시장이 주목받고 있다. 생물다양성 및 생태계서비스 정부간 협의체(IPBES)에 따르면 침입외래종으로 인한... 드론으로 복원 대상지를 촬영하면서 훼손 정도와 식생 상태를 분석한다. 그런 다음 인공지능(AI)으로 지역... ,https://www.newstree.kr/newsView/ntr202605260021,https://www.newstree.kr/newsView/ntr202605260021,"Tue, 02 Jun 2026 08:12:00 +0900",2026-06-02 09:17:18
로봇/자율주행,드론 시장,"美 증시 사상 최고치, 기술주 강세가 유가 급등 상쇄 [굿모닝 글로벌 이...","미국과 이란의 갈등이 부각됐음에도 엔비디아가 시장의 분위기를 이끌면서 기술주가 강세를 보였고 3대... 미 중부사령부는 이란의 드론 통제 시설을 공습했다고 발표했고, 이란 역시 이에 반발해 미군 기지를 곧바로... ",http://www.wowtv.co.kr/NewsCenter/News/Read?articleId=A202606020223&t=NN,https://n.news.naver.com/mnews/article/215/0001254048?sid=101,"Tue, 02 Jun 2026 08:06:00 +0900",2026-06-02 09:17:18
로봇/자율주행,드론 시장,"[밀리테크]한화시스템, 62억달러 무인함정시장 점령 나선다",한화가 무인정 시장에 도전장을 냈다. 시장 규모 때문이다. 시장조사업체 마켓리서치퓨처에 따르면 세계... 우크라이나군은 해상 드론에 이어 최근에는 물속에서 은밀히 표적에 접근해 공격하는 '마리치카(Marichka)... ,https://view.asiae.co.kr/article/2026052112385670268,https://n.news.naver.com/mnews/article/277/0005770705?sid=100,"Tue, 02 Jun 2026 08:04:00 +0900",2026-06-02 09:17:18
로봇/자율주행,드론 시장,유가 폭등에도..엔비디아 훈풍 속 미국증시 '또 사상 최고',미 중부사령부는 이날 &quot;주말 동안 이란 고루크와 게슘 섬에 위치한 드론 레이더 및 지휘통제 시설을... 26% 급등한 것은 치솟은 유가 속에서도 일부 반도체주는 물론 기술주와 시장 전반의 강세를 견인했다. 주요... ,http://www.choicenews.co.kr/news/articleView.html?idxno=166055,http://www.choicenews.co.kr/news/articleView.html?idxno=166055,"Tue, 02 Jun 2026 07:42:00 +0900",2026-06-02 09:17:18
로봇/자율주행,드론 시장,긴장 감도는 레바논…네타냐후 &quot;공격시 베이루트 때릴 것&quot;,"미 중부사령부는 &quot;이번 주말 이란 고루크와 게슘섬에 있는 레이더, 드론 통제 시설에 자위권 차원의 공습을... [앵커] 자칫하면 종전 협상이 좌초될 수 있다는 소식이 전해지자 시장도 민감하게 반응했네요. 국제유가가 5... ",http://www.yonhapnewstv.co.kr/news/MYH20260602073206f1j,https://n.news.naver.com/mnews/article/422/0000870544?sid=104,"Tue, 02 Jun 2026 07:32:00 +0900",2026-06-02 09:17:18
로봇/자율주행,드론 시장,트럼프 &quot;이스라엘-헤즈볼라 총격 중단 합의&quot;...이란 협상 중단에도 휴전...,미군은 지난 주말 이란 고루크와 케슘섬의 드론 지휘통제시설과 레이더 기지를 타격했다고 밝혔다. 미 중부사령부는 이란이 국제수역 상공에서 운용 중이던 미국 드론을 격추한 데 대한 대응이라고 설명했다. 미국은 최근... ,https://www.edaily.co.kr/news/newspath.asp?newsid=02532166645477784,https://n.news.naver.com/mnews/article/018/0006295693?sid=104,"Tue, 02 Jun 2026 07:10:00 +0900",2026-06-02 09:17:18
로봇/자율주행,드론 시장,[화요광장] 중국을 바라보는 새로운 시각,"빠르게 시장을 선점해 나가고 있다. 전기차, 배터리, 태양광, 드론, 서비스 로봇 등 다양한 신산업에서는 중국이 세계 시장을 석권하고 있다. 대표적인 예로 작년 중국산 전기차는 세계 시장의 77.6%를 점유해 절대적인... ",https://www.daejonilbo.com/news/articleView.html?idxno=2278804,https://n.news.naver.com/mnews/article/656/0000177892?sid=110,"Tue, 02 Jun 2026 07:00:00 +0900",2026-06-02 09:17:18
로봇/자율주행,드론 시장,"롯데리아 의존 줄인다…롯데GRS, 카페 사업 확장 승부","유비파이는 2014년 설립된 드론 개발사로 전 세계 드론 라이트쇼 시장 점유율 1위를 차지하고 있으며, 지난해 14개국에 드론 1만 대를 수출해 100억 원 이상의 해외 매출을 기록한 업체다. 네이버는 군사 작전 및 치안... ",https://www.sedaily.com/article/20050840?ref=naver,https://n.news.naver.com/mnews/article/011/0004626826?sid=101,"Tue, 02 Jun 2026 06:47:00 +0900",2026-06-02 09:17:18
게임/엔터,게임 주가,"KB증권, NHN 목표주가 7만6000원으로 상향…GPUaaS 수익화 본격화 기대","KB증권은 목표주가 산정 방식을 기존 현금흐름할인법(DCF)에서 사업부문별 가치합산(SOTP) 방식으로 변경했다. 부문별 적정 가치는 게임 1조1443억원, 클라우드 6996억원, 페이코 3223억원, 기타 투자자산... ",https://www.ddaily.co.kr/page/view/2026060208593486706,https://n.news.naver.com/mnews/article/138/0002229627?sid=105,"Tue, 02 Jun 2026 09:02:00 +0900",2026-06-02 09:17:19
게임/엔터,게임 주가,"KB증권 &quot;NHN, 서비스형 GPU 매출 본격화 기대…목표가↑&quot;","목표주가를 4만7천원에서 7만6천원으로 올렸다. 전날 종가는 전장 대비 17.09% 상승한 5만9천600원이다.... 엔씨소프트, 크래프톤 등 게임사를 포함한 다양한 산업군의 고객사를 확보하고 있으며, 향후 일본향 수요... ",https://www.yna.co.kr/view/AKR20260602026300008?input=1195m,https://n.news.naver.com/mnews/article/001/0016112985?sid=101,"Tue, 02 Jun 2026 08:20:00 +0900",2026-06-02 09:17:19
게임/엔터,게임 주가,[GAM]양자 상업화 최전선 IBM ① 앤더론 설립 '역사적 이정표' 주가 폭등,IBM(IBM)의 최근 주가 폭등이 월가에 뜨거운 화제다. 업체의 주가는 지난 5월29일(현지시각) 297.80달러에... 분야에서 게임 체인저가 될 것&quot;이라고 강조했다. 뉴먼 애널리스트는 양자 컴퓨팅의 본질적 특성과 관련해... ,https://www.newspim.com/news/view/20260601000615,https://www.newspim.com/news/view/20260601000615,"Tue, 02 Jun 2026 08:01:00 +0900",2026-06-02 09:17:19
게임/엔터,게임 주가,"NHN, GPUaaS 본격화로 클라우드 턴어라운드 가시화…목표가 7.6만↑-KB","사업부문별 적정 가치는 게임 1조1443억원, 페이코 3223억원, 클라우드 6996억원, 기타 투자자산 3171억원으로 평가했다. 목표주가 상향 배경으로는 클라우드 사업 성장성을 반영한 평가 방식 변경과 GPUaaS·서비스형... ",https://www.edaily.co.kr/news/newspath.asp?newsid=02601046645477784,https://n.news.naver.com/mnews/article/018/0006295696?sid=101,"Tue, 02 Jun 2026 07:34:00 +0900",2026-06-02 09:17:19
게임/엔터,게임 주가,[Who Is ?] 윤두현 GKL 대표이사 사장,"방한 외국인 관광객 증가로 카지노 드롭액(고객이 게임칩을 구매한 금액)과 입장객 수가 늘었음에도... 이들은 2025년 12월31일까지 10주간 딜링 스킬, 고객 응대, 법정 필수 교육 등 실무 중심 프로그램을 이수했다.... ",https://www.businesspost.co.kr/BP?command=article_view&num=438713,https://www.businesspost.co.kr/BP?command=article_view&num=438713,"Tue, 02 Jun 2026 07:02:00 +0900",2026-06-02 09:17:19
게임/엔터,게임 주가,"NHN, GPUaaS 기반 클라우드 사업 완연한 턴어라운드 임박…&quot;인터넷 중소...",목표주가는 클라우드 사업부의 성장성과 기업 가치를 적절하게 반영하기 위해 목표주가 산출 방식을 기존 DCF 밸류에이션에서 사업별 가치 합산(SOTP) 방식으로 변경했다. 부문별 적정가치는 게임 1조 1443억원... ,http://www.newsprime.co.kr/news/article.html?no=735411,http://www.newsprime.co.kr/news/article.html?no=735411,"Tue, 02 Jun 2026 06:58:00 +0900",2026-06-02 09:17:19
게임/엔터,게임 주가,"엔비디아 6.2%, 마이크론 6.6% 급등...반도체주, 엔비디아 윈도 노트북용...","6월 첫 거래일인 1일(현지시간) 엔비디아 주가는 인텔과 AMD를 겨냥해 윈도 노트북용 'RTX 스파크 슈퍼칩'을... 이 슈퍼칩이 장착된 노트북 컴퓨터로 인공지능(AI) 에이전트, 콘텐츠 창작, 게임 등이 모두 가능해진다.... ",http://www.beyondpost.co.kr/view.php?ud=2026060205542959412aaae0046f_30,http://www.beyondpost.co.kr/view.php?ud=2026060205542959412aaae0046f_30,"Tue, 02 Jun 2026 06:04:00 +0900",2026-06-02 09:17:19
게임/엔터,게임 주가,"[클릭 e종목]&quot;게임 개발 과정 AI 자동화한 더블유게임즈, 목표가 ↑&quot;",이승훈 IBK투자증권 연구원은 &quot;목표주가는 올해 예상 주당순이익(EPS)에 게임 산업의 올해 예상 주가수익비율(PER) 11배를 적용해 산출했다&quot;며 이같이 밝혔다. 올해 1분기 더블유게임즈의 연결 기준 매출액은 2050억원... ,https://view.asiae.co.kr/article/2026060116290593786,https://n.news.naver.com/mnews/article/277/0005770653?sid=101,"Tue, 02 Jun 2026 06:02:00 +0900",2026-06-02 09:17:19
게임/엔터,게임 주가,"[클릭 e종목]&quot;NHN, 클라우드 부문 흑자전환 기대&quot;","흥국증권은 2일 NHN의 클라우드 부문의 이익 성장을 기대하며 목표주가 5만원, 투자의견 '매수'로... 전사의 19% 비중을 차지하는 게임 부문도 웹보드 게임 규제가 완화되면서 수혜가 예상된다. NHN은 '한게임 포커... ",https://view.asiae.co.kr/article/2026060116474172951,https://n.news.naver.com/mnews/article/277/0005770654?sid=101,"Tue, 02 Jun 2026 06:02:00 +0900",2026-06-02 09:17:19
게임/엔터,게임 주가,"[클릭 e종목]&quot;NC, 게임 넘어 AI까지…목표가↑&quot;",주가를 28만원에서 39만원으로 상향하고 투자의견 '매수'를 유지했다. 앞서 지난해 2월 NC소프트는 AI 비즈니스 전문성을 상향하기 위해 AI 전문조직을 물적분할해 독립 자회사 'NC AI'를 출범시킨 바 있다. NC AI는 게임... ,https://view.asiae.co.kr/article/2026060116240949532,https://n.news.naver.com/mnews/article/277/0005770650?sid=101,"Tue, 02 Jun 2026 06:01:00 +0900",2026-06-02 09:17:19
게임/엔터,게임 주가,[자본시장 분쟁사례] &quot;투자 권유 아닙니다&quot;…유명인 따라하는 팬덤식 투...,주식이 기업가치에 대한 냉정한 판단이 아니라 &quot;그 사람이 말했으니 맞다&quot;는 신뢰 게임으로 바뀌는 순간 시장은 분석의 장이 아니라 선동의 장이 된다. 주가가 오르면 &quot;역시 맞았다&quot;는 확신이 강화된다. 주가가 떨어지면... ,https://www.kbanker.co.kr/news/articleView.html?idxno=225094,https://www.kbanker.co.kr/news/articleView.html?idxno=225094,"Tue, 02 Jun 2026 06:00:00 +0900",2026-06-02 09:17:19
게임/엔터,게임 주가,"젠슨 황, 이번 주 또 한국 온다…韓 기업들, 엔비디아 핵심 파트너로 부...","엔비디아의 초기 성장 동력은 게임이었고, 이를 뒷받침해준 국가는 PC방과 e스포츠가 일찍이 확산했던... 한편 황 CEO가 다시 한국을 찾는다는 소식에 국내 기업들의 주가는 이날 크게 치솟았다. 삼성전자는 전장... ",https://www.nocutnews.co.kr/news/6526217?utm_source=naver&utm_medium=article&utm_campaign=20260602050018,https://n.news.naver.com/mnews/article/079/0004153078?sid=101,"Tue, 02 Jun 2026 05:01:00 +0900",2026-06-02 09:17:19
게임/엔터,게임 주가,"젠슨 황, AI PC로 韓과 메모리 동맹 강화 예고… ‘삼쏘 회동’ 추진","황 CEO는 “오늘날 모든 집에 TV와 식기세척기, 오디오, 게임 콘솔이 있는 것처럼, 당신은 집에 AI 에이전트... 이날 황 CEO와 만날 것으로 알려진 기업들은 일제히 높은 주가 상승률을 보이기도 했다. LG전자가... ",https://www.donga.com/news/Economy/article/all/20260602/134033103/2,https://n.news.naver.com/mnews/article/020/0003723847?sid=101,"Tue, 02 Jun 2026 04:31:00 +0900",2026-06-02 09:17:19
게임/엔터,게임 주가,&quot;물도 전력도 없다&quot; 주민 반발에 막힌 미국 AI 데이터센터… 60조 원 날...,"20억 달러(약 3조 원) 규모의 전력 사업 진출 소식에 포드 주가는 3년 만에 최고치로 치솟았다. 기존 전력망... 셋째, 가장 강력한 게임체인저는 차세대 냉각 기술 및 ESS 상용화 시점이다. 주민 반발과 규제 장벽을... ",https://www.g-enews.com/view.php?ud=202606011434497575fbbec65dfb_1,https://www.g-enews.com/view.php?ud=202606011434497575fbbec65dfb_1,"Tue, 02 Jun 2026 03:56:00 +0900",2026-06-02 09:17:19
게임/엔터,게임 주가,"엔비디아, 인텔·AMD 아성 정조준…AI 노트북 칩 시장 진출",고사양 게임 성능을 동시에 강화할 수 있다고 강조했다. 예를 들어 어도비 포토샵 같은 소프트웨어에서 AI 명령 기반 편집 기능이 더욱 강화될 것으로 전망된다. ◇인텔 주가 급락…ARM·미디어텍은 급등 시장 반응은... ,https://www.g-enews.com/view.php?ud=2026060121154824459a1f309431_1,https://www.g-enews.com/view.php?ud=2026060121154824459a1f309431_1,"Tue, 02 Jun 2026 03:02:00 +0900",2026-06-02 09:17:19
게임/엔터,게임 주가,"엔비디아, 윈도 노트북용 RTX 스파크 슈퍼칩 공개…인텔·AMD 잡는다","이 슈퍼칩이 장착된 노트북 컴퓨터로 인공지능(AI) 에이전트, 콘텐츠 창작, 게임 등이 모두 가능해진다. 엔비디아가 대만에서 연 컴퓨텍스 행사에서 이 슈퍼칩을 공개하자 인텔과 AMD 주가는 각각 7%, 6% 급락하기도... ",http://www.fnnews.com/news/202606020130410201,https://n.news.naver.com/mnews/article/014/0005529315?sid=101,"Tue, 02 Jun 2026 02:00:00 +0900",2026-06-02 09:17:19
게임/엔터,게임 주가,"엔비디아, AI PC칩으로 인텔 정조준…인텔 주가 7% 급락",투자자들은 엔비디아의 PC 시장 진출이 인텔의 입지를 위협할 수 있다고 판단하면서 인텔 주가는 장중 7... 어도비 포토샵과 같은 생성형 AI 소프트웨어 활용은 물론 고사양 게임 구동 능력도 크게 향상될 것이라고... ,https://www.edaily.co.kr/news/newspath.asp?newsid=01262806645477784,https://n.news.naver.com/mnews/article/018/0006295655?sid=101,"Tue, 02 Jun 2026 01:09:00 +0900",2026-06-02 09:17:19
게임/엔터,게임 주가,[르포]&quot;한국 투자 항상 생각&quot;…타이베이 밤 흔든 'K깐부' 젠슨 황의 밤샘...,"특히 최근 주가 폭등으로 사상 처음 시가총액 '1조달러 클럽'에 가입하며 글로벌 기업 순위 12위로 껑충... 왜 안 되겠는가&quot;라며 &quot;한국은 전 세계 e스포츠와 게임, 그리고 PC방 문화의 위대한 발상지다. 엔비디아 지포스... ",https://view.asiae.co.kr/article/2026060123140868169,https://n.news.naver.com/mnews/article/277/0005770634?sid=101,"Mon, 01 Jun 2026 23:14:00 +0900",2026-06-02 09:17:19
게임/엔터,게임 주가,"엔비디아, 윈도우 PC시장 진출…인텔·AMD가 주도한 'x86'체제에 도전","리그오브레전드나 발로란트, 배틀그라운드 등 인기 게임들도 전용 보안 프로그램과 함께 Arm 윈도우를... 한편 이 날 미국증시 개장전 프리마켓에서 인텔은 약 6%, AMD는 4% 가까이 주가가 하락했다. 퀄컴은 7% 급락했고... ",https://www.hankyung.com/article/202606011730i,https://n.news.naver.com/mnews/article/015/0005293879?sid=101,"Mon, 01 Jun 2026 21:16:00 +0900",2026-06-02 09:17:19
게임/엔터,엔터테인먼트 산업,크래프톤 '인디아 퍼스트' 결실…'리얼 크리켓' 최고 매출 경신,"IPL은 세계 최대 규모의 크리켓 리그 가운데 하나고, 크리켓은 인도에서 스포츠를 넘어 문화·엔터테인먼트 산업에도 영향을 미치는 국민 스포츠로 평가받는다. 인도 수익원 다각화…현지 모바일 퍼블리셔 '2위... ",https://www.newspost.kr/news/articleView.html?idxno=223277,https://www.newspost.kr/news/articleView.html?idxno=223277,"Tue, 02 Jun 2026 09:12:00 +0900",2026-06-02 09:17:20
게임/엔터,엔터테인먼트 산업,"베르제 아트 갤러리, 찰리 알드리기 개인전 Time Travel 개최","찰리 알드리기는 지난 10여 년간 국제 음악 및 엔터테인먼트 산업에서 독립 크리에이티브 디렉터이자 디자이너로 활동하며 아리아나 그란데(Ariana Grande), 크리스티나 아길레라(Christina Aguilera), 케이티 페리(Katy Perry)... ",https://sports.khan.co.kr/article/202606020905003?pt=nv,https://m.entertain.naver.com/article/144/0001118642,"Tue, 02 Jun 2026 09:06:00 +0900",2026-06-02 09:17:20
게임/엔터,엔터테인먼트 산업,밈에서 8150만달러 흥행으로…Z세대가 극장 움직였다,패덤 엔터테인먼트에 따르면 이미 900만달러의 예매 수입을 올렸다. 이 같은 흐름은 팬데믹 이전 이후 가장... 인터넷 출신 감독들의 산업 내 역할도 커지고 있다. 바커는 최근 애런 폴과 브라이스 댈러스 하워드가... ,https://www.hankyung.com/article/202606022169i,https://n.news.naver.com/mnews/article/015/0005293962?sid=104,"Tue, 02 Jun 2026 09:03:00 +0900",2026-06-02 09:17:20
게임/엔터,엔터테인먼트 산업,"실시간 데이터+엔터테인먼트…탑트레이서, 국내 도입 연습장 53개소 돌...",골프 산업 내 영향력을 확대하고 있다. 지난 2018년 국내 시장에 진출한 탑트레이서는 그 동안 워커힐... 야외 골프연습장을 단순 타석 중심 공간에서 벗어나 실시간 데이터와 엔터테인먼트가 결합한 경험형 공간으로... ,https://swtvnews.com/news/newsview.php?ncode=1065570428044846,https://swtvnews.com/news/newsview.php?ncode=1065570428044846,"Tue, 02 Jun 2026 09:02:00 +0900",2026-06-02 09:17:20
게임/엔터,엔터테인먼트 산업,"한양대-호요버스, '원신 별바다세계' UGC 생태계 구축 사례 특강",한양대가 지난 27일 대학 인문관에서 글로벌 인터랙티브 엔터테인먼트 브랜드 호요버스(HoYoverse)와 '원신... 게임 산업의 미래와 커리어 개발 등에 대한 학생들의 질문과 강연자들의 답변이 오갔다. 한양대... ,https://www.newsfreezone.co.kr/news/articleView.html?idxno=692641,https://www.newsfreezone.co.kr/news/articleView.html?idxno=692641,"Tue, 02 Jun 2026 08:56:00 +0900",2026-06-02 09:17:20
게임/엔터,엔터테인먼트 산업,"뉴튠, '뉴타입 엔터 서밋' 후원 참여…AI 시대 K팝 저작권 해법 제시","이번 행사는 생성형 AI를 기반으로 엔터테인먼트 콘텐츠 생태계가 다변화하는 가운데, 향후 비즈니스의... 콘텐츠는 물론 다방면의 IP 저작권 중요도가 급상승하고 관련 보호 체계가 집중적인 관심을 받는 AI 산업... ",https://www.nc.press/news/articleView.html?idxno=617037,https://www.nc.press/news/articleView.html?idxno=617037,"Tue, 02 Jun 2026 08:37:00 +0900",2026-06-02 09:17:20
게임/엔터,엔터테인먼트 산업,"배리 딜러, MGM리조트 27조원 인수 제안","딜러는 할리우드와 인터넷 산업에서 이름을 알린 대표적 미디어 기업인이다. 과거 IAC를 통해 다양한... 피플은 최근 인력 감축과 자산 매각을 진행하며 피플 매거진, 엔터테인먼트 위클리 등 핵심 출판 브랜드와 MGM... ",https://www.g-enews.com/view.php?ud=2026060208161626319a1f309431_1,https://www.g-enews.com/view.php?ud=2026060208161626319a1f309431_1,"Tue, 02 Jun 2026 08:24:00 +0900",2026-06-02 09:17:20
게임/엔터,엔터테인먼트 산업,성과급 갈등이 신뢰·조직 문제로...카카오 첫 파업 현실화,전국화학섬유식품산업노동조합 카카오지회(카카오 노조) 조합원들이 지난달 20일 경기도 성남시 판교역... 과거 카카오페이 경영진의 스톡옵션 행사에 따른 이른바 '먹튀' 논란과 SM엔터테인먼트 인수 과정에서의... ,https://www.digitaltoday.co.kr/news/articleView.html?idxno=670976,https://www.digitaltoday.co.kr/news/articleView.html?idxno=670976,"Tue, 02 Jun 2026 07:30:00 +0900",2026-06-02 09:17:20
게임/엔터,엔터테인먼트 산업,"엔터테인먼트 상장기업 브랜드평판 6월 빅데이터 분석... 1위 하이브, 2위...","이번 분석은 음원, 영화·드라마 제작, 매니지먼트 등 엔터테인먼트 산업 전반을 포괄해 진행됐다. OTT, IPTV, 스마트폰, 케이블TV, 태블릿PC 등 다양한 콘텐츠 소비 채널 확산 속에서 브랜드에 대한 투자자 및... ",https://www.pinpointnews.co.kr/news/articleView.html?idxno=456980,https://www.pinpointnews.co.kr/news/articleView.html?idxno=456980,"Tue, 02 Jun 2026 07:02:00 +0900",2026-06-02 09:17:20
게임/엔터,엔터테인먼트 산업,[Who Is ?] 김병규 넷마블 대표이사,"김병규는 2026년 3월 주주총회 인사말을 통해 &quot;2025년은 게임 산업 내 경쟁 심화가 지속됐으나 주요 신작들이... 기여해왔다&quot;며 &quot;게임, 엔터테인먼트 및 관련 신사업에 폭넓은 경험을 보유해 회사의 새로운 변화와 성장에... ",https://www.businesspost.co.kr/BP?command=article_view&num=437314,https://www.businesspost.co.kr/BP?command=article_view&num=437314,"Tue, 02 Jun 2026 07:02:00 +0900",2026-06-02 09:17:20
게임/엔터,엔터테인먼트 산업,선거 끝나면 공약대로 돔구장 9개 생겨? [경기장의 안과 밖],"2016년 스포츠산업진흥법 개정으로 지자체가 공공체육시설을 최대 25년까지 장기 임대할 수 있게 되었다.... 최근 경기장 개발은 구장을 엔터테인먼트, 주거, 상업 공간과 묶어서 복합 개발하는 방식이다. 애틀랜타... ",https://www.sisain.co.kr/news/articleView.html?idxno=57926,https://m.sports.naver.com/kbaseball/article/308/0000038340,"Tue, 02 Jun 2026 06:48:00 +0900",2026-06-02 09:17:20
게임/엔터,엔터테인먼트 산업,결승전에 하프타임쇼…주인공은 BTS,[이종성/한양대 스포츠산업과학부 교수 : &quot;스포츠와 엔터테인먼트가 어떻게 FIFA 월드컵을 통해서 결합할 수 있는지를 보여주는 굉장히 상징적인 무대가 될 것 같고요. (BTS가) 어느 정도 위치에 가 있는지를 전 세계 모든... ,https://news.kbs.co.kr/news/pc/view/view.do?ncd=8575565&ref=A,https://n.news.naver.com/mnews/article/056/0012192165?sid=103,"Tue, 02 Jun 2026 06:44:00 +0900",2026-06-02 09:17:20
게임/엔터,엔터테인먼트 산업,공짜 TV 시대 올까…정부가 K-FAST 밀어붙이는 이유 [엔터코노미],올해부터는 OTT를 넘어 FAST까지 포괄하는 글로벌 스트리밍 산업 행사로 외연을 넓히고 있다.특히 정부는... 삼성전자는 자사 FAST 플랫폼 삼성 TV 플러스를 통해 SM엔터테인먼트 공연 콘텐츠를 독점 송출하고 있다.... ,https://news.mtn.co.kr/news-detail/2026060110211582229,https://news.mtn.co.kr/news-detail/2026060110211582229,"Tue, 02 Jun 2026 06:08:00 +0900",2026-06-02 09:17:20
게임/엔터,엔터테인먼트 산업,&quot;그게 그 내용&quot; '너의 이름은' 제작사 실적 반토막에…네카오웹툰 '화들...,웹툰 산업이 급성장한 것도 일부 영향을 미쳤다. 네이버(NAVER)와 카카오 등 대형 플랫폼은 웹툰을 대중문화의... 카카오엔터테인먼트는 장르 투고로 새로운 장르의 콘텐츠를 발굴하고 있다. 이달 10일까지 드라마 장르... ,https://www.mt.co.kr/tech/2026/06/02/2026060114540645249,https://n.news.naver.com/mnews/article/008/0005365929?sid=105,"Tue, 02 Jun 2026 06:00:00 +0900",2026-06-02 09:17:20
게임/엔터,엔터테인먼트 산업,"‘든든’ 로봇랜드의 기반 위에, ‘탄탄’ 경남 로봇산업 키운다",재단은 로봇산업 육성과 테마파크 운영을 연계한 시너지도 확대하고 있다. 로봇 전시와 체험 콘텐츠를 테마파크 안에 지속적으로 도입하며 기술과 엔터테인먼트가 결합한 복합 문화공간 조성에 힘을 쏟고 있다. 재단... ,https://www.seoul.co.kr/news/plan/2026/06/02/20260602022002?wlog_tag3=naver,https://n.news.naver.com/mnews/article/081/0003648786?sid=102,"Tue, 02 Jun 2026 05:03:00 +0900",2026-06-02 09:17:20
게임/엔터,엔터테인먼트 산업,"MGM 리조트(MGM), 주당 48.30달러 인수 제안 받아…글로벌 카지노 판도 ...",업계 전문가들은 이번 딜이 성사될 경우 글로벌 카지노·리조트 산업의 판도가 바뀔 가능성도 있다고 분석한다. 한 월가 애널리스트는 ‘MGM 리조트는 라스베이거스를 넘어 글로벌 복합 엔터테인먼트 기업으로 도약한... ,https://www.tokenpost.kr/news/economy/365224,https://www.tokenpost.kr/news/economy/365224,"Tue, 02 Jun 2026 03:00:00 +0900",2026-06-02 09:17:20
게임/엔터,엔터테인먼트 산업,"[산업 이모저모] KG그룹, 한국엔컴퍼니, 한국타이어, HS효성더크랠스","단순한 라운딩만 뿐만 아니라 경기 후에는 만찬과 시상식, 그리고 홀인원 이벤트를 포함한 다채로운 엔터테인먼트가 준비됐다. 메르세데스-벤츠 브랜드 특유의 프리미엄 품격을 온몸으로 체감할 수 있는 '골프... ",http://www.bizwnews.com/news/articleView.html?idxno=137839,http://www.bizwnews.com/news/articleView.html?idxno=137839,"Tue, 02 Jun 2026 02:38:00 +0900",2026-06-02 09:17:20
게임/엔터,엔터테인먼트 산업,결승전에 하프타임쇼…주인공은 BTS,[이종성/한양대 스포츠산업과학부 교수 : &quot;스포츠와 엔터테인먼트가 어떻게 FIFA 월드컵을 통해서 결합할 수 있는지를 보여주는 굉장히 상징적인 무대가 될 것 같고요. (BTS가) 어느 정도 위치에 가 있는지를 전 세계 모든... ,https://news.kbs.co.kr/news/pc/view/view.do?ncd=8575325&ref=A,https://n.news.naver.com/mnews/article/056/0012191979?sid=103,"Mon, 01 Jun 2026 21:39:00 +0900",2026-06-02 09:17:20
게임/엔터,엔터테인먼트 산업,결승전에 하프타임쇼…주인공은 BTS,[이종성/한양대 스포츠산업과학부 교수 : &quot;스포츠와 엔터테인먼트가 어떻게 FIFA 월드컵을 통해서 결합할 수 있는지를 보여주는 굉장히 상징적인 무대가 될 것 같고요. (BTS가) 어느 정도 위치에 가 있는지를 전 세계 모든... ,https://news.kbs.co.kr/news/pc/view/view.do?ncd=8575166&ref=A,https://n.news.naver.com/mnews/article/056/0012191863?sid=103,"Mon, 01 Jun 2026 19:21:00 +0900",2026-06-02 09:17:20
게임/엔터,콘텐츠 수출,"LF 더블플래그, 일본 편집숍 '프레피' 공식 입점…&quot;현지 공략 속도&quot;",스타일 콘텐츠를 꾸준히 노출했다. 이 과정에서 브랜드 SNS 콘텐츠를 접한 일본 현지 업체가 입점 제안을... 더플플래그 첫 수출 제품군은 필드와 일상을 자연스럽게 연결하는 여름 시즌 하이브리드 스타일이다. 시그니처... ,https://news.tf.co.kr/read/economy/2328533.htm,https://n.news.naver.com/mnews/article/629/0000504198?sid=101,"Tue, 02 Jun 2026 09:16:00 +0900",2026-06-02 09:17:20
게임/엔터,콘텐츠 수출,"국내 MZ 홀린 LF 더블플래그, 일본 시장 첫 깃발 꽂았다",지난해 하반기부터 일본 패션·골프 커뮤니티를 중심으로 브랜드 콘텐츠를 노출하며 현지 반응을 살핀 결과... 첫 수출 제품은 여름 시즌 하이브리드 스타일로 구성됐다. 더블플래그의 시그니처 아이템인 '모크넥... ,https://www.newspim.com/news/view/20260602000113,https://www.newspim.com/news/view/20260602000113,"Tue, 02 Jun 2026 09:11:00 +0900",2026-06-02 09:17:20
게임/엔터,콘텐츠 수출,콘텐츠 수출 149억달러·외래관광객 1천894만명…역대 최고 성과,"K-콘텐츠 산업을 국가전략산업으로 집중 육성하는 정책에 힘입어, 지난해 콘텐츠 수출액은 149억달러(약 22조5천660억원)로 역대 최고치를 기록했다. 문체부는 K-콘텐츠 활성화를 위해 모태펀드 문화·영화 계정을 올해... ",https://www.yna.co.kr/view/AKR20260602025900005?input=1195m,https://n.news.naver.com/mnews/article/001/0016113101?sid=103,"Tue, 02 Jun 2026 09:05:00 +0900",2026-06-02 09:17:20
게임/엔터,콘텐츠 수출,"LF 더블플래그, 日 편집숍 입점…브랜드 경험 강화 앞장","스타일 콘텐츠를 지속 노출하며 시장 반응을 살펴왔다. 더블플래그와 협력한 '프레피'는 일본 간사이 지역... 첫 수출 제품군은 여름 시즌 하이브리드 스타일로 이뤄졌다. 세부적으로 '모크넥 티셔츠', '배럴 핏 팬츠... ",https://www.m-i.kr/news/articleView.html?idxno=1377991,https://www.m-i.kr/news/articleView.html?idxno=1377991,"Tue, 02 Jun 2026 09:04:00 +0900",2026-06-02 09:17:20
게임/엔터,콘텐츠 수출,"알지비커뮤니케이션즈, '2026 수출바우처 매칭페어' 참가…중소기업 대...",이를 통해 글로벌 시장에 진출하려는 중소기업을 대상으로 다국어 마케팅 및 영상 콘텐츠 제작 서비스를 제공하고 있다. 알지비커뮤니케이션즈는 “이번 수출바우처 매칭페어를 통해 해외 진출을 준비하는... ,https://www.hankyung.com/article/202606011262O,https://n.news.naver.com/mnews/article/015/0005293960?sid=101,"Tue, 02 Jun 2026 09:01:00 +0900",2026-06-02 09:17:20
게임/엔터,콘텐츠 수출,[S톡] 르세라핌은 어떻게 빌보드가 사랑하는 서사를 만들었나,"르세라핌이 미국 시장에 수출한 것이 음악만이 아니라 '서사'였음을 보여준다. 르세라핌의 성공을... 패션 브랜드 협업, 해외 페스티벌, MTV 무대, 소셜미디어 바이럴 콘텐츠가 복합적으로 작동하면서 르세라핌은... ",https://www.stardailynews.co.kr/news/articleView.html?idxno=538149,https://www.stardailynews.co.kr/news/articleView.html?idxno=538149,"Tue, 02 Jun 2026 08:48:00 +0900",2026-06-02 09:17:20
게임/엔터,콘텐츠 수출,국민 여가만족도 역대 최고…문화향유 지표 '동반 상승',문체부에 따르면 지난해 K-콘텐츠 수출액은 149억달러로 사상 최대치를 경신했다. 국민 여가만족도는 64%를 기록하며 2016년 조사 시작 이후 최고치를 달성했다. 문체부는 국민의 일상적 문화 접근성을 높이기 위해... ,https://www.hankyung.com/article/202606022079g,https://n.news.naver.com/mnews/article/015/0005293946?sid=103,"Tue, 02 Jun 2026 08:46:00 +0900",2026-06-02 09:17:20
게임/엔터,콘텐츠 수출,"LF 더블플래그, 일본서 K-골프웨어 첫 깃발 꽂는다",더블플래그는 지난해 하반기부터 일본 패션·골프 커뮤니티를 중심으로 브랜드 콘텐츠를 노출하며 현지... 첫 수출 제품은 필드와 일상을 함께 아우르는 여름 하이브리드 스타일로 구성됐다. 대표 상품은 모크넥 티셔츠... ,https://www.news1.kr/industry/distribution/6184528,https://n.news.naver.com/mnews/article/421/0008979035?sid=101,"Tue, 02 Jun 2026 08:45:00 +0900",2026-06-02 09:17:20
게임/엔터,콘텐츠 수출,"[K-FOOD 성장기] 하이트진로, '참이슬' 앞세운 시장 다변화 '속도'",2022년에는 참이슬 웹 광고로 유튜브 부문상을 수상하며 콘텐츠 기반 소비자 소통을 확대했다. 하이트진로의 글로벌 사업은 단순 수출 단계를 넘어 현지 생산 인프라를 구축하는 전환점에 서 있다는 평가다.... ,https://www.fetv.co.kr/news/articleView.html?idxno=303477,https://www.fetv.co.kr/news/articleView.html?idxno=303477,"Tue, 02 Jun 2026 08:44:00 +0900",2026-06-02 09:17:20
게임/엔터,콘텐츠 수출,문체부 &quot;K-콘텐츠 수출·방한관광객 역대 최대…국민주권정부 1년 성과...,"문화체육관광부는 지난해 K-콘텐츠 수출액 역대 최고치, 방한 외래관광객 사상 최대 등 국민주권정부 출범 1년 동안 문화·콘텐츠·관광 분야에서 뚜렷한 성과가 확인됐다고 2일 밝혔다. 지난해 K-콘텐츠 수출액은... ",https://view.asiae.co.kr/article/2026060208302834091,https://n.news.naver.com/mnews/article/277/0005770737?sid=103,"Tue, 02 Jun 2026 08:30:00 +0900",2026-06-02 09:17:20
게임/엔터,콘텐츠 수출,"[AI MY 증시전망] 코스피, 8800선 안착 시도…엔비디아 훈풍에 반도체·...","* 이 기사는 뉴스핌 'AI MY 뉴스'의 AI 어시스턴트 기능을 활용해 작성된 'AI MY 증시전략' 콘텐츠입니다. AI가... 지엘리서치는 삼성전자와 SK하이닉스 실적 추정치가 재차 상향되고 있으며, 5월 반도체 수출이 전년 동기... ",https://www.newspim.com/news/view/20260602000095,https://www.newspim.com/news/view/20260602000095,"Tue, 02 Jun 2026 08:29:00 +0900",2026-06-02 09:17:20
게임/엔터,콘텐츠 수출,"LF 더블플래그, 日 시장 본격 진출…간사이 현지 편집숍 입점","더블플래그는 지난해부터 일본 패션·골프 커뮤니티를 중심으로 브랜드 콘텐츠를 노출하며 현지 반응을 살펴왔고, 이를 계기로 협업이 성사됐다고 설명했다. 첫 수출 제품은 모크넥 티셔츠와 배럴 핏 팬츠 등 필드와... ",https://www.cstimes.com/news/articleView.html?idxno=708153,https://www.cstimes.com/news/articleView.html?idxno=708153,"Tue, 02 Jun 2026 08:20:00 +0900",2026-06-02 09:17:20
게임/엔터,콘텐츠 수출,"'제2 멧세라 기대감'…나이벡 픽한 美 뉴코, 머크·길리어드 매각 경험...",이 기사는 2026년05월29일 08시10분에 팜이데일리 프리미엄 콘텐츠로 선공개 되었습니다. 나이벡(138610)이... 바이오시장에서는 나이벡 사례 역시 단순 기술수출 이상의 의미가 있다는 평가가 나온다. 단순... ,https://www.edaily.co.kr/news/newspath.asp?newsid=02781446645477784,https://n.news.naver.com/mnews/article/018/0006295724?sid=101,"Tue, 02 Jun 2026 08:12:00 +0900",2026-06-02 09:17:20
게임/엔터,콘텐츠 수출,[이재명 정부 1년] 관광 수출 37조 '역대 최대'…K관광 3000만 시대 예약,관광수출액 역시 전년 대비 10.6% 오른 272억 달러(약 37조 원)로 역대 최대치를 경신했다고 2일 밝혔다. 정부가... [사진=청와대] ▲ 드라마 촬영지부터 낙화놀이까지…K-컬처가 관광 콘텐츠로 K-컬처의 세계적 확산은 관광... ,https://www.newspim.com/news/view/20260602000029,https://www.newspim.com/news/view/20260602000029,"Tue, 02 Jun 2026 08:00:00 +0900",2026-06-02 09:17:20
게임/엔터,콘텐츠 수출,국민주권정부 출범 1년만에 K-콘텐츠·관광·여가 지표 '역대 최대',"윤슬빈 관광전문기자 박정환 문화전문기자 이상철 기자 = 문화체육관광부가 국민주권정부 출범 1년을 맞아 콘텐츠 수출과 방한 외래관광객, 국민 여가만족도 등 주요 지표가 역대 최고치를 기록했다고 2일 밝혔다.... ",https://www.news1.kr/life-culture/general-cultural/6184435,https://n.news.naver.com/mnews/article/421/0008978934?sid=103,"Tue, 02 Jun 2026 08:00:00 +0900",2026-06-02 09:17:20
게임/엔터,콘텐츠 수출,[이재명 정부 1년] K콘텐츠 수출 사상 첫 20조 시대…이젠 국가전략산업,"K-콘텐츠 수출액 149억 달러(약 20조 원), 국민 여가만족도 64% 달성에 이어 국립중앙박물관이 세계 3대 박물관 반열에 오르는 등 수치로 입증된 성과들이 쏟아졌다. 2025년 콘텐츠 산업 수출액은 149억 달러로 역대... ",https://www.newspim.com/news/view/20260602000025,https://www.newspim.com/news/view/20260602000025,"Tue, 02 Jun 2026 08:00:00 +0900",2026-06-02 09:17:20
게임/엔터,콘텐츠 수출,"&quot;비용 효율화·R&amp;D 투자 확대&quot;...컴투스, 올 1분기 영업익 207%↑","사업 부문별 매출은 게임 부문이 1천306억원(90.2%), 미디어·콘텐츠 부문이 142억원(9.8%)이다. 게임 부문 가운데 모바일게임 매출은 1248억원으로 전체 매출의 86.2%를 차지했다. 지역별로는 수출이 765억원(52.8%)으로... ",https://www.youthdaily.co.kr/news/article.html?no=220048,https://www.youthdaily.co.kr/news/article.html?no=220048,"Tue, 02 Jun 2026 08:00:00 +0900",2026-06-02 09:17:20
게임/엔터,콘텐츠 수출,"[미국 특징주] &quot;중국軍 연계 대학들, 엔비디아 H200 확보 시도&quot;",이 기사는 인공지능(AI) 번역을 통해 생성된 콘텐츠로 원문은 6월1일 블룸버그통신 기사입니다.  블룸버그... 두 학교 모두 중국군의 역량 강화에 기여한다는 미국 상무부의 판단에 따라 수출 통제 블랙리스트에 올라... ,https://www.newspim.com/news/view/20260602000054,https://www.newspim.com/news/view/20260602000054,"Tue, 02 Jun 2026 07:55:00 +0900",2026-06-02 09:17:20
자동차/모빌리티,자동차 주가,"AI 바람 탄 소프트뱅크, 일본 제조업 상징 토요타 넘었다",반면 토요타는 전기차 전환과 자동차 시장 경쟁 심화로 주가 상승세가 둔화됐다. AI 산업에 대한 시장의 관심은 소프트뱅크 외에도 확산되고 있다. 메모리 반도체 기업 키옥시아 홀딩스는 금융 대장주 미쓰비시 UFJ... ,https://www.starnewskorea.com/business-life/2026/06/02/2026060208282513668,https://n.news.naver.com/mnews/article/108/0003440755?sid=004,"Tue, 02 Jun 2026 08:33:00 +0900",2026-06-02 09:17:21
자동차/모빌리티,자동차 주가,"[오늘의 투자전략] 코스피, AI 내러티브 장세 속 강세 출발 전망…'바벨...","0%) 성과를 크게 웃돌아 사실상 반도체, IT하드웨어, IT가전, 자동차 등 4개 소수 대형주만 지수를 끌어올리는 장세가 지속되고 있다. 이러한 멀티플 주도 국면에서는 실적 주도 장세보다 일중 주가 등락폭과 변동성이... ",https://www.etoday.co.kr/news/view/2589802,https://www.etoday.co.kr/news/view/2589802,"Tue, 02 Jun 2026 08:28:00 +0900",2026-06-02 09:17:21
자동차/모빌리티,자동차 주가,[모닝 리포트] &quot;AI 내러티브가 증시 장악…코스피·코스닥 극단 양극화...,증시 주가 결정력을 장악한 상황이라고 진단했다. 이날 국내 증시도 관련 호재에 힘입어 강세 출발이... 사실상 반도체·IT 하드웨어·IT 가전·자동차 등 소수 대형 업종이 상승을 주도하는 상황이다. 한 연구원은 현... ,https://www.newspim.com/news/view/20260602000042,https://www.newspim.com/news/view/20260602000042,"Tue, 02 Jun 2026 08:21:00 +0900",2026-06-02 09:17:21
자동차/모빌리티,자동차 주가,"[개장] 뉴욕증시 최고치, 반도체·소프트웨어 강세","공식화하자 주가가 6.26% 뛰었다. 델 테크놀로지와 HP도 엔비디아 칩 탑재 계획을 밝히며 각각 10.70%, 9.20... 도요타자동차를 제치고 일본 증시 1위에 올랐다. 반면 중국 상하이종합지수는 0.27% 내린 4057.74로... ",https://mdtoday.co.kr/news/view/1065568142545232,https://mdtoday.co.kr/news/view/1065568142545232,"Tue, 02 Jun 2026 08:14:00 +0900",2026-06-02 09:17:21
자동차/모빌리티,자동차 주가,50만원→90만원 목표가 등장…아틀라스 '관절' 이 회사가 만든다,"목표주가를 기존 50만원에서 90만원으로 80% 상향 조정했다. 투자의견은 ‘매수(Buy)’를 유지했다.... 비롯해 자동차, 물류·창고, 전기전자·반도체, 식음료, 건설·인프라, 에너지·발전 등 다양한 산업군의 잠재 고객... ",https://www.edaily.co.kr/news/newspath.asp?newsid=02706006645477784,https://n.news.naver.com/mnews/article/018/0006295711?sid=101,"Tue, 02 Jun 2026 07:57:00 +0900",2026-06-02 09:17:21
자동차/모빌리티,자동차 주가,"[미국 특징주] 고프로, 메모리값 폭등에 파산 위기",회사 주가는 월요일 장중 최대 14% 하락했다. 고프로 퓨전360 카메라 [사진=블룸버그통신] 고프로는 앞서... 메모리 공급업체들이 소비자 기기용 생산에서 고마진 AI 서버 칩 쪽으로 생산을 이동하면서 스마트폰·자동차... ,https://www.newspim.com/news/view/20260602000055,https://www.newspim.com/news/view/20260602000055,"Tue, 02 Jun 2026 07:55:00 +0900",2026-06-02 09:17:21
자동차/모빌리티,자동차 주가,"현대모비스, 휴머노이드 수혜주 부각…목표가 60% 상향-KB",KB증권은 2일 현대모비스(012330)에 대해 액추에이터 사업 가치가 크게 확대될 것이라며목표주가를... 이어 “현대차그룹이 생산성혁신을 바탕으로 자동차 시장 점유율을 크게 확대함에 따라 모듈·부품 영업이익이... ,https://www.edaily.co.kr/news/newspath.asp?newsid=02637126645477784,https://n.news.naver.com/mnews/article/018/0006295700?sid=101,"Tue, 02 Jun 2026 07:44:00 +0900",2026-06-02 09:17:21
자동차/모빌리티,전기차 산업,"온스당 금 4,478.80달러·은 74.98달러…중동 전쟁·미·중 갈등 속 고점...","은의 경우 중국 수출 규제와 경기 변수, 전기차·태양광 등 친환경 산업 수요에 대한 기대가 교차하며 방향성을 뚜렷이 가늠하기 어려운 구간이라는 인식이 형성되고 있다. 금·은 가격은 기본적으로 미국 금리와 달러... ",https://www.tokenpost.kr/news/economy/365285,https://www.tokenpost.kr/news/economy/365285,"Tue, 02 Jun 2026 09:12:00 +0900",2026-06-02 09:17:22
자동차/모빌리티,전기차 산업,임직원이 직접 체험한 미래 모빌리티…한국앤컴퍼니 드라이빙 데이,"한국테크노링은 전기차와 고성능 차량 개발, 타이어 및 주행 성능 검증 등을 수행하는 첨단 연구 인프라로... 지속 확대해 임직원들의 소속감과 자긍심을 높이고, 미래 모빌리티 산업에 대한 이해도를 높여 나간다는 방침이다.",https://www.pointdaily.co.kr/news/articleView.html?idxno=306777,https://www.pointdaily.co.kr/news/articleView.html?idxno=306777,"Tue, 02 Jun 2026 09:12:00 +0900",2026-06-02 09:17:22
자동차/모빌리티,전기차 산업,"현대차 부품 계열사, 수익성 온도차...트랜시스·아이티씨 '저조', 램프...",램프와 시트 등은 전기차와 내연기관차에 모두 적용되는 만큼 상대적으로 사업 안정성이 높은 것으로... 큰 산업이기 때문에 전동화만으로 수익성을 단정하기는 어렵다”며 “현대차그룹 계열 부품사들은 상대적으로... ,http://www.thebigdata.co.kr/view.php?ud=2026060116331483050ecbf9426b_23,http://www.thebigdata.co.kr/view.php?ud=2026060116331483050ecbf9426b_23,"Tue, 02 Jun 2026 09:02:00 +0900",2026-06-02 09:17:22
자동차/모빌리티,전기차 산업,다우 5만 돌파 축제 속…내 계좌만 파란불 켜진 결정적 '이유',1일(현지 시각) 다우존스30산업평균지수는 5만 1000선을 돌파했고 나스닥과 S&amp;P500 지수 역시 기술주 중심의... 전기차 대장주 테슬라(TSLA)는 수요 둔화 우려가 지속되며 4.57% 하락하는 부진한 흐름을 이어갔다. 소비재... ,https://www.wikitree.co.kr/articles/1139297,https://www.wikitree.co.kr/articles/1139297,"Tue, 02 Jun 2026 08:46:00 +0900",2026-06-02 09:17:22
자동차/모빌리티,전기차 산업,"불황 터널 끝에 선 k-철강, 관세·반덤핑·노조 '3중고' 직면",포스코는 전기차와 에너지 산업용 고급 강재 중심의 판매 전략을 강화하고 있으며 현대제철도 자동차강판과 미래 모빌리티 소재 경쟁력 확보에 집중하고 있다. 이처럼 업황 부진 속에 노조의 임금 인상과 성과급 확대... ,https://www.socialvalue.kr/news/view/1065601910250040,https://www.socialvalue.kr/news/view/1065601910250040,"Tue, 02 Jun 2026 08:26:00 +0900",2026-06-02 09:17:22
자동차/모빌리티,모빌리티 시장,"현대차·기아, 6월 브랜드평판 독주… 자동차 빅데이터 43% 급증","이는 지난 5월 브랜드 빅데이터 10,747,979개와 비교하면 43.34% 증가한 수치로, 자동차 시장에 대한... 3위에 오른 KG모빌리티는 참여지수 74,466, 미디어지수 129,541, 소통지수 219,052, 커뮤니티지수 281,093... ",http://www.popcornnews.net/news/articleView.html?idxno=122873,http://www.popcornnews.net/news/articleView.html?idxno=122873,"Tue, 02 Jun 2026 09:06:00 +0900",2026-06-02 09:17:23
자동차/모빌리티,모빌리티 시장,원유값 급등에 전기차 판매 ‘폭발’…37개국 월간 판매 신기록,중동발 에너지 위기가 전기차 시장을 정부 보조금 중심에서 시장 수요 중심으로 전환시키는 계기가 되고 있다는 분석이 나온다. 2일 니혼게이자이신문이 S&amp;P글로벌모빌리티 자료를 분석한 결과에 따르면 전 세계... ,https://www.kbmaeil.com/article/20260602500023,https://www.kbmaeil.com/article/20260602500023,"Tue, 02 Jun 2026 09:02:00 +0900",2026-06-02 09:17:23
자동차/모빌리티,모빌리티 시장,"[6·3 이사람] 김보라 캠프, 마지막 밤 총결집……민주당 안성 원팀, 막...","안성시장 후보가 공식 선거운동 마지막 날인 2일 오후 5시 30분 안성 이마트 사거리에서 ‘파이널 집중유세’... 김 후보는 반도체 소재·부품·장비 산업 기반 구축, 미래 모빌리티 산업 투자 유치, 철도시대 기반 마련 등... ",https://www.kgnews.co.kr/news/article.html?no=898303,https://www.kgnews.co.kr/news/article.html?no=898303,"Tue, 02 Jun 2026 09:00:00 +0900",2026-06-02 09:17:23
자동차/모빌리티,모빌리티 시장,"신형 아반떼, 26일 부산모빌리티쇼서 전격 공개, 더 뉴 그랜저와 현대차...","최근 내수 시장에서는 쏘렌토, 카니발, 스포티지 등 RV 모델의 판매 비중이 커지고 있지만, 현대차는 그랜저와 아반떼를 통해 세단 시장의 기본 수요를 유지해 왔다. 신형 아반떼가 부산모빌리티쇼에서 공개되면 현대차는... ",https://www.autodaily.co.kr/news/articleView.html?idxno=544571,https://www.autodaily.co.kr/news/articleView.html?idxno=544571,"Tue, 02 Jun 2026 09:00:00 +0900",2026-06-02 09:17:23
자동차/모빌리티,모빌리티 시장,"&quot;韓수출 경쟁력 좌우하는 베트남, 녹색 제조업 전환 시급한 현안&quot;","수출시장의 ESG 요구로 이제 베트남 공급망의 그린전환은 논의 과제가 아니라 시급한 현안이 되었다”며... 이후 패널토론에선 법무법인 바른 기업전략연구소 이준희 소장을 좌장으로 전자, 모빌리티, IT서비스, AI... ",https://www.edaily.co.kr/news/newspath.asp?newsid=03024166645477784,https://n.news.naver.com/mnews/article/018/0006295789?sid=101,"Tue, 02 Jun 2026 09:00:00 +0900",2026-06-02 09:17:23
자동차/모빌리티,모빌리티 시장,6월 1일 주식시장 주요공시,"신청 ▶KG모빌리티, 2026년5월 자동차 판매량 8,188대(전년동월대비 -10.0%) ▶아리바이오랩, 소룩스가 최대주주 변경 수반 주식 담보제공 계약 해제ㆍ취소(담보 주식수:3,948,813, 담보설정금액:63억원)... ",https://www.catchnews.kr/news/articleView.html?idxno=124527,https://www.catchnews.kr/news/articleView.html?idxno=124527,"Tue, 02 Jun 2026 08:45:00 +0900",2026-06-02 09:17:23
자동차/모빌리티,모빌리티 시장,"남선알미늄, 완벽한 품질 경영으로 미국 완성차 시장내 독보적 신뢰 구...",시장 전문가들은 남선알미늄의 15년 연속 수상이 단순한 부품 공급 계약 유지를 넘어 미래 모빌리티 전환기를 맞아 GM과의 전략적 파트너십을 한 단계 고도화하는 발판이 될 것으로 진단한다. 글로벌 공급망의 신뢰도가... ,https://www.thefairnews.co.kr/news/articleView.html?idxno=78513,https://www.thefairnews.co.kr/news/articleView.html?idxno=78513,"Tue, 02 Jun 2026 08:42:00 +0900",2026-06-02 09:17:23
자동차/모빌리티,모빌리티 시장,횡성군수 후보들 막판 총력전…관광·기본소득 공방 가열,원주시장 후보와 협약을 체결하고 논의를 이어가고 있다&quot;고 설명했다. 장 후보는 △농어촌 기본소득 공모사업 △전 군민 지원금 20만원 △소상공인 지원금 200만원 △이모빌리티 산업 육성 등을 주요 공약으로 제시했다.... ,https://www.ekn.kr/web/view.php?key=20260602024129888,https://www.ekn.kr/web/view.php?key=20260602024129888,"Tue, 02 Jun 2026 08:16:00 +0900",2026-06-02 09:17:23
자동차/모빌리티,모빌리티 시장,'딸칵' 한번에 생기는 불투명 유리…&quot;형광등보다 전기 덜 먹는다&quot;,"4년차 스타트업이 해마다 매출을 2배씩 키우며 글로벌 시장 공략까지 노리는 배경엔 윤 대표가 갈고... 모빌리티 외에 건축 분야에서도 고객사를 늘려 가고 있다. 미국 스마트홈 기업, 캐나다 인테리어·선박업체 등과... ",https://www.mt.co.kr/future/2026/06/02/2026051516572690424,https://n.news.naver.com/mnews/article/008/0005365955?sid=101,"Tue, 02 Jun 2026 08:06:00 +0900",2026-06-02 09:17:23
자동차/모빌리티,모빌리티 시장,[6·3 인터뷰] 추경호 &quot;대구 경제 살리고 '보수의 심장' 지킬 것&quot;,&quot; '경제통'으로 불리는 추경호 국민의힘 대구시장 후보가 최근 신아일보와 진행한 서면인터뷰에서 6... 그러면서 미래 먹거리로 AI·반도체·로봇·미래모빌리티·바이오를 꼽고 이를 대구의 '5대 경제 심장'으로 키우겠다고... ,https://www.shinailbo.co.kr/news/articleView.html?idxno=5026084,https://www.shinailbo.co.kr/news/articleView.html?idxno=5026084,"Tue, 02 Jun 2026 07:48:00 +0900",2026-06-02 09:17:23
친환경/신재생,신재생에너지 주가,"&quot;한화솔루션, 2026년 이자발생 채무 19조…유상증자가 꼭 필요하다&quot;","유안타증권은 1일 한화솔루션에 대해 투자의견 'HOLD'를 유지하고, 목표주가를 3만에서 3만5900원으로... 주요 부문 실적은 '기초소재 -1208억원, 신재생에너지 2457억원(=제조/EPC -5650억원 + AMPC 8107억원)... ",https://www.newsquest.co.kr/news/articleView.html?idxno=267149,https://www.newsquest.co.kr/news/articleView.html?idxno=267149,"Mon, 01 Jun 2026 12:16:00 +0900",2026-06-02 09:17:23
친환경/신재생,신재생에너지 주가,"팔천피 시대 전략…“레버리지 투자 경계, 현금 반드시 보유” [큰손 따...","급등하는 주가를 보며 초조해하기보다, 자신이 보유한 자산의 방향성과 산업 구조 변화에 더 집중한다. 특히... 전력기기, 신재생에너지 등 AI 생태계 전체로 투자 범위가 확장되고 있다. 흥미로운 점은 자산가들이 조정... ",https://biz.heraldcorp.com/article/10760728?ref=naver,https://n.news.naver.com/mnews/article/016/0002650636?sid=101,"Mon, 01 Jun 2026 11:26:00 +0900",2026-06-02 09:17:23
친환경/신재생,신재생에너지 주가,"19조 빚더미 한화솔루션, 유상증자 1.7조로 버틸까","부문별로는 기초소재(석유화학)에서 1208억원 손실이 지속되는 반면, 신재생에너지 부문은 2457억원... 목표주가를 기존 3만원에서 3만5900원으로 상향했다. 유안타증권 보고서가 제시한 한화솔루션의 현황은... ",https://www.junggi.co.kr/news/articleView.html?idxno=36604,https://www.junggi.co.kr/news/articleView.html?idxno=36604,"Mon, 01 Jun 2026 10:34:00 +0900",2026-06-02 09:17:23
친환경/신재생,신재생에너지 주가,"유틸리티株, '8700피'에도 울상…반등 열쇠는 'AI發 전력수요'","중동 지역의 지정학적 리스크 완화와 최근 급등에 따른 차익실현 영향으로 가스·신재생에너지 관련주... 특히 전력기기 업종의 경우 미국향 수주가 양적·질적으로 확대되는 가운데, 변압기 중심이었던 공급 병목... ",https://www.imaeil.com/page/view/2026060110303721023,https://n.news.naver.com/mnews/article/088/0001012452?sid=101,"Mon, 01 Jun 2026 10:34:00 +0900",2026-06-02 09:17:23
친환경/신재생,신재생에너지 주가,"효성중공업, 4%대 상승세…&quot;초고압 변압기 수주잔고 15조원, 장기 성장 ...","여기에 AI 데이터센터와 전기차 충전 인프라, 신재생에너지 확대까지 더해지면서 초고압 변압기 수요가... 증권가에서는 향후 글로벌 전력망 투자 확대와 북미 시장 수주 성과가 효성중공업 주가 흐름의 핵심 변수로... ",https://www.cbci.co.kr/news/articleView.html?idxno=578554,https://www.cbci.co.kr/news/articleView.html?idxno=578554,"Mon, 01 Jun 2026 10:12:00 +0900",2026-06-02 09:17:23
친환경/신재생,신재생에너지 주가,LG엔솔 'ESS 수주' 봇물 터진다 … &quot;하반기 70GWh 이상 기대&quot;,"계약은 신재생에너지 연계를 넘어 화석연료 발전 연계 수요까지 아우른 것으로, BESS의 전체 시장 규모(TAM)가 더욱 확장될 수 있다는 신호&quot;라고 분석했다. 이번 수주가 단기적으로는 실적에 기여하는 부분은 크지... ",https://www.ilovepc.co.kr/news/articleView.html?idxno=59506,https://www.ilovepc.co.kr/news/articleView.html?idxno=59506,"Mon, 01 Jun 2026 09:32:00 +0900",2026-06-02 09:17:23
친환경/신재생,신재생에너지 주가,"[미리보는 증시재료] 8000 넘은 코스피, 첫 시험대…선거·AI·美고용 변...","시장에서는 선거 결과에 따라 AI, 우주항공, 방산, 지역화폐, 신재생에너지 등 정책 관련 업종의 변동성이... 업종의 주가 변동성이 확대될 수 있다&quot;며 &quot;다만 선거 이슈가 시장 전체 방향성을 결정하기보다는 업종별... ",https://www.newspim.com/news/view/20260529000961,https://www.newspim.com/news/view/20260529000961,"Mon, 01 Jun 2026 06:00:00 +0900",2026-06-02 09:17:23
친환경/신재생,신재생에너지 주가,[경제산책] ESG 투자 중 임팩트 투자에 주목하라,지속가능테마는 신재생에너지 등 지속가능성과 관련된 특정 분야나 기업 투자에 집중한다. 임팩트 투자는... 국내 반도체 대기업의 주가 상승 역시 ESG 성과보다는 수익성이 주요인이라는 데 투자자들이 대체로... ,https://www.nongmin.com/article/20260529500535,https://n.news.naver.com/mnews/article/662/0000096346?sid=110,"Mon, 01 Jun 2026 05:01:00 +0900",2026-06-02 09:17:23
친환경/신재생,신재생에너지 주가,"이차전지株, 유럽 전기차 수요 늘며 꿈틀",글로벌 전기차 캐즘(일시적 수요 둔화) 우려로 외면받던 이차전지주가 다시 꿈틀대고 있다. 단순 낙폭... 인공지능(AI) 데이터센터 전력 수요 급증과 신재생에너지 확산이 맞물리며 글로벌 ESS 시장이 빠르게 성장하고... ,http://www.fnnews.com/news/202605311806285708,https://n.news.naver.com/mnews/article/014/0005528637?sid=101,"Sun, 31 May 2026 18:07:00 +0900",2026-06-02 09:17:23
친환경/신재생,신재생에너지 주가,&quot;끝난 줄 알았던 배터리株&quot;…실적 바닥론에 다시 꿈틀,글로벌 전기차 캐즘(일시적 수요 둔화) 우려로 외면받던 이차전지주가 다시 꿈틀대고 있다. 단순 낙폭... 인공지능(AI) 데이터센터 전력 수요 급증과 신재생에너지 확산이 맞물리며 글로벌 ESS 시장이 빠르게 성장하고... ,http://www.fnnews.com/news/202605310848437123,https://n.news.naver.com/mnews/article/014/0005528543?sid=101,"Sun, 31 May 2026 13:32:00 +0900",2026-06-02 09:17:23
친환경/신재생,신재생에너지 주가,&quot;데이터센터가 불 붙였다&quot;…ESS 수주 랠리 기대되는 이 기업[주末머니],특히 하반기 대규모 ESS 신규 수주 가능성과 하반기 흑자전환 전망이 맞물리면서 주가 상승의 핵심 촉매로... 특히 이번 계약은 ESS 시장의 성장 방향이 기존 신재생에너지 중심에서 데이터센터 및 화석연료 발전 연계... ,https://view.asiae.co.kr/article/2026052816182754172,https://n.news.naver.com/mnews/article/277/0005769830?sid=101,"Sat, 30 May 2026 17:09:00 +0900",2026-06-02 09:17:23
친환경/신재생,신재생에너지 주가,하반기 수주 랠리 오나… GS글로벌 주가 반등 시그널,발주가 증가하는 추세다. 이에 따라 글로벌 공급망 내 경쟁도 심화되고 있다. GS글로벌은 기존 상사업 기반 위에 에너지 인프라 사업을 더하면서 사업 구조 다변화를 추진하고 있다. 전통 상사에서 신재생 에너지 기반... ,https://www.pinpointnews.co.kr/news/articleView.html?idxno=456454,https://www.pinpointnews.co.kr/news/articleView.html?idxno=456454,"Sat, 30 May 2026 13:52:00 +0900",2026-06-02 09:17:23
친환경/신재생,신재생에너지 주가,"고려아연, 연간 순이익 292% 폭증… 견조한 실적 뒤 숨은 ‘주식 희석’...","그러나 이 같은 기록적인 폭증세에도 불구하고 자산시장 내 주가 추이가 다소 부진한 흐름을 보이자, 글로벌... 했으며, 신재생에너지 및 자원 순환을 골자로 한 미래 핵심 성장 동력 ‘트로이카 드라이브’와 미국... ",https://www.g-enews.com/view.php?ud=2026053008340173370c8c1c064d_1,https://www.g-enews.com/view.php?ud=2026053008340173370c8c1c064d_1,"Sat, 30 May 2026 08:36:00 +0900",2026-06-02 09:17:23
친환경/신재생,신재생에너지 주가,"이름은 ‘기후변화 ETF’인데, 정작 투자는 ‘삼성닉스’…헷갈리는 이...",‘기후변화’와 ‘신재생에너지’를 명칭으로 내건 주요 상장지수펀드(ETF)의 실제 편입 종목을 분석한 결과 삼성전자와 SK하이닉스 등 반도체 대형주가 상위 비중을 사실상 주도하고 있는 것으로 나타났다. 해당... ,https://biz.heraldcorp.com/article/10758798?ref=naver,https://n.news.naver.com/mnews/article/016/0002650004?sid=101,"Fri, 29 May 2026 22:40:00 +0900",2026-06-02 09:17:23
친환경/신재생,신재생에너지 주가,호반의 대한전선 인수는 '신의 한수'…그룹 지탱 핵심 축 부상,대한전선은 이제 호반그룹 경영안정의 핵심축을 자리잡은 것은 주가 폭등에서 가능했다. 인수 5년 뒤 어닝... AI 데이터센터의 급격한 증설과 신재생에너지 연계에 필요한 전력 소요가 천문학적으로 늘고 있고 송전탑... ,http://www.nongaek.com/news/articleView.html?idxno=95546,http://www.nongaek.com/news/articleView.html?idxno=95546,"Fri, 29 May 2026 16:28:00 +0900",2026-06-02 09:17:23
친환경/신재생,신재생에너지 주가,"LS 흔든 '1조 착시', 펀더멘털 멀쩡한데...자회사 공시 착오 해프닝",LS의 주가가 3거래일 연속 하락하고 있다. AI 전력 인프라 수혜 기대감에 힘입어 연일 상승하던 주가가... LS일렉트릭은 빅테크와 신재생에너지 투자 확대에 따른 직접적인 수혜가 전망된다. 특히 데이터센터향 수주... ,https://www.bloter.net/news/articleView.html?idxno=663952,https://n.news.naver.com/mnews/article/293/0000085541?sid=101,"Fri, 29 May 2026 16:09:00 +0900",2026-06-02 09:17:23
친환경/신재생,신재생에너지 주가,"무늬는 ‘기후변화 ETF’, 실상은 ‘삼전닉스’ 투자",‘기후변화’와 ‘신재생에너지’를 명칭으로 내건 주요 상장지수펀드(ETF)의 실제 편입 종목을 분석한 결과 삼성전자와 SK하이닉스 등 반도체 대형주가 상위 비중을 사실상 주도하고 있는 것으로 나타났다. 해당... ,https://biz.heraldcorp.com/article/10758713?ref=naver,https://n.news.naver.com/mnews/article/016/0002649810?sid=101,"Fri, 29 May 2026 11:45:00 +0900",2026-06-02 09:17:23
친환경/신재생,신재생에너지 주가,"[애널픽] &quot;이차전지, 하반기 조정국면 진입…대주전자·롯데에너지 주목...",급증과 신재생에너지 확장에 따른 ESS 성장이 실적 감소를 일부 상쇄했다&quot;고 했다. 그는 이어 &quot;실적이 최악 구간을 지나고 있으나 유의미한 회복은 내년 하반기부터 2028년으로 예상한다&quot;며 &quot;최근 주가 상승은 이미 실적... ,https://theviewers.co.kr/View.aspx?No=4095044,https://theviewers.co.kr/View.aspx?No=4095044,"Fri, 29 May 2026 09:42:00 +0900",2026-06-02 09:17:23
친환경/신재생,신재생에너지 주가,"[호반산업 톺아보기] 호반의 '안목'…대한전선, 4조 '황금알' 됐다","하지만 인수 5년 뒤 전선 슈퍼사이클이 터지면서 대한전선 주가가 급등, 호반산업이 보유한 대한전선... 반전은 AI 데이터센터 확산과 신재생에너지 확대, 노후 전력망 교체 수요가 맞물리는 글로벌 전력망... ",https://dealsite.co.kr/articles/162343,https://dealsite.co.kr/articles/162343,"Fri, 29 May 2026 09:06:00 +0900",2026-06-02 09:17:23
친환경/신재생,태양광 산업,삼성전자 '베트남 최초' 국가 전력망 연계 태양광 전력 직접 구매…정전...,베트남 DPPA 1호 거래 성사…연 70GWh 태양광 전력 확보 호찌민·박닌법인 옥상 태양광 구축 이어 외부 전력망... 최근 베트남 북부 지역은 낮 최고기온이 40도를 웃돌고 일일 전력 소비량이 사상 최대치를 경신해 산업단... ,https://www.theguru.co.kr/news/article.html?no=102522,https://www.theguru.co.kr/news/article.html?no=102522,"Tue, 02 Jun 2026 09:12:00 +0900",2026-06-02 09:17:24
친환경/신재생,태양광 산업,[미르의 글로벌 레이더]삼성전자 베트남 최초 ‘직접 전력구매’…연간...,2 태양광 발전소'로부터 연간 약 70GWh의 청정에너지를 조달받는다. 이는 베트남... 베트남 산업통상부의 조사에 따르면 현재 베트남내 20개 대형 기업(총수요 약 1000MW)... ,https://www.mediapen.com/news/view/1102165,https://www.mediapen.com/news/view/1102165,"Tue, 02 Jun 2026 09:06:00 +0900",2026-06-02 09:17:24
친환경/신재생,태양광 산업,교실 밖 과학 수업…나주 청소년들 에너지로 미래 설계,"학생들은 소금물 자동차와 태양광 자가발전 장치를 제작하고 유전자(DNA) 추출 실험, 센서 기반 자동차 제작... 한전 전력연구원 관계자는 &quot;미래 에너지 산업의 경쟁력은 결국 인재에서 나온다&quot;며 &quot;청소년들이 과학과... ",https://www.newsis.com/view/NISX20260602_0003652868,https://n.news.naver.com/mnews/article/003/0013981073?sid=102,"Tue, 02 Jun 2026 09:03:00 +0900",2026-06-02 09:17:24
친환경/신재생,태양광 산업,[6·3 인터뷰] 험지 '호남' 또 문 두드리는 이정현…&quot;30% 혁명 이뤄내고...,"이 후보는 &quot;전남·광주는 풍력, 태양광, 원전, LNG, 수소, 양수발전까지 모두 갖춘 전국 최고의 에너지 메카이자 저렴한 산업 부지와 항만을 보유한 곳&quot;이라며 &quot;이러한 강점을 활용해 AI 데이터센터, 미래차, 이차전지 등 첨단... ",https://www.shinailbo.co.kr/news/articleView.html?idxno=5026368,https://www.shinailbo.co.kr/news/articleView.html?idxno=5026368,"Tue, 02 Jun 2026 08:44:00 +0900",2026-06-02 09:17:24
친환경/신재생,태양광 산업,"[분석] 호르무즈 리스크 시대...오만,  '에너지 안보·물류 허브' 전략 ...","국내 기업들은 이미 두큼 정유공장과 마나 태양광발전소 등 굵직한 프로젝트를 수행하며 기술력을 입증했다. 업계에서는 앞으로 추진될 그린수소 생산단지와 암모니아 수출시설, 항만·산업단지 개발 사업이 국내 EPC(설계... ",https://www.energydaily.co.kr/news/articleView.html?idxno=200041,https://www.energydaily.co.kr/news/articleView.html?idxno=200041,"Tue, 02 Jun 2026 08:34:00 +0900",2026-06-02 09:17:24
친환경/신재생,태양광 산업,[지방선거 D-1] 여야 10대 공약 살펴보니,"◇ 與, 균형발전·첨단산업 지원 전면에 배치 민주당의 1호 공약은 '균형발전 행정·재정·제도 기반 구축... 이 밖에는 '공소청 제도 안착을 위한 검찰 개혁 완수', '산단형 태양광 확대 등 재생에너지 공급 기반 확충', '법정... ",https://news.einfomax.co.kr/news/articleView.html?idxno=4417884,https://news.einfomax.co.kr/news/articleView.html?idxno=4417884,"Tue, 02 Jun 2026 08:08:00 +0900",2026-06-02 09:17:24
친환경/신재생,태양광 산업,탈탄소는 골치? &quot;실익 주는 전략&quot;…자동차 반도체 1위 기업 청사진,인공지능(AI) 전환(AX)·녹색 전환(GX)으로 요약되는 산업 변환기이자 '경제안보'로 대표되는 지경학적 전략이... 장부상 충당은 데이터센터가 24시간 실시간으로 태양광이나 풍력 발전기에서 나온 전력만을 직접 유입해... ,https://www.mt.co.kr/industry/2026/06/02/2026060123345454697,https://n.news.naver.com/mnews/article/008/0005365952?sid=101,"Tue, 02 Jun 2026 08:00:00 +0900",2026-06-02 09:17:24
친환경/신재생,태양광 산업,올해 AI·고가치 공공데이터 25종 푼다…&quot;AI 3대 강국 구현 지원&quot;,"'신산업 분야'에서는 한국에너지기술연구원의 '재생에너지 기술잠재량 데이터'가 눈에 띈다. 태양광, 풍력, 수력, 해양, 바이오매스, 폐기물, 지열 7종의 재생에너지를 이용해 발전할 수 있는 잠재량을 위경도, 행정구역... ",https://www.it-b.co.kr/news/articleView.html?idxno=88448,https://www.it-b.co.kr/news/articleView.html?idxno=88448,"Tue, 02 Jun 2026 07:36:00 +0900",2026-06-02 09:17:24
친환경/신재생,태양광 산업,'중국 국제 환경보호 전시회(CIEPEC 2026)'에 한국관 운영,"시스템 △태양광 폐모듈 및 전기차 폐배터리 재활용 등 중국 현지 수요가 높은 유망 녹색기술을 앞세워 수출 계약, 협력 신규사업 발굴 등 사업 기회 창출에 주력한다. 이번 파견단은 수출상담 이외에도 한중 환경산업... ",http://www.e-platform.net/news/articleView.html?idxno=102675,http://www.e-platform.net/news/articleView.html?idxno=102675,"Tue, 02 Jun 2026 07:18:00 +0900",2026-06-02 09:17:24
친환경/신재생,태양광 산업,"​[브랜드 인사이트] 한화솔루션, 위기 속에서 미래를 쏘아 올리는 기업","이 흐름 속에서 태양광 산업은 단순한 친환경 에너지를 넘어 국가 전략 인프라로 격상됐다. ​물론 최근의 유상증자 논란은 시장의 우려를 키운 촉매제가 됐다. 기존 주주의 지분 희석 우려, 자금 활용 계획에 대한 의구심... ",https://www.newscj.com/news/articleView.html?idxno=3405739,https://www.newscj.com/news/articleView.html?idxno=3405739,"Tue, 02 Jun 2026 07:02:00 +0900",2026-06-02 09:17:24
친환경/신재생,풍력 시장,"태웅, 원전·SMR 사업 확대","태웅의 단조품은 이러한 환경에서도 높은 내구성을 확보하며 글로벌 풍력시장에서 경쟁력을 인정받고 있다. 또한 블루오리진, 스페이스X 등 항공우주 분야에도 제품을 공급하며 사업 영역을 확대하고 있다. 이외에도... ",http://www.snmnews.com/news/articleView.html?idxno=570172,http://www.snmnews.com/news/articleView.html?idxno=570172,"Tue, 02 Jun 2026 09:02:00 +0900",2026-06-02 09:17:25
친환경/신재생,풍력 시장,"케이씨, IPO 추진…'선박 방식·방오' 알짜 기업",여기에 해상풍력 등 '친환경'으로의 확장성까지 갖고 있다. 단기 뿐 아니라 중장기 전망도 밝다. ◇ 최근... 이는 케이씨가 조선업 호황을 누릴 시장 지위에 있다는 객관적 근거가 된다. 특히 다른 기자재업체와 달리... ,https://www.the-stock.kr/news/articleView.html?idxno=32643,https://www.the-stock.kr/news/articleView.html?idxno=32643,"Tue, 02 Jun 2026 08:00:00 +0900",2026-06-02 09:17:25
친환경/신재생,풍력 시장,"[K-에너지 초격차] ④ 씨에스윈드, 거대 해풍 붙잡은 '하이브리드 타워...",해상풍력 터빈을 지탱하는 거대한 기둥인 '풍력 타워' 분야에서 글로벌 시장 점유율 1위를 고수하고 있는 씨에스윈드는 이 물리적 한계를 '하이브리드 타워(Hybrid Tower)' 기술로 돌파하며 글로벌 에너지 영토를 넓히고... ,http://www.hansbiz.co.kr/news/articleView.html?idxno=841770,http://www.hansbiz.co.kr/news/articleView.html?idxno=841770,"Tue, 02 Jun 2026 08:00:00 +0900",2026-06-02 09:17:25
친환경/신재생,풍력 시장,서울 5월 주택 거래 1만 2549건…양도세 유예 종료에 30% 감소,"서울에서는 성북구 ‘장위 푸르지오 마크원’ 1032가구를 비롯해 4개 단지가 청약 시장에 나오고, 인천... 소형모듈원자로(SMR)·수소·해상풍력 등 차세대 에너지 원천 기술과 AI·로보틱스를 활용한 건설 자동화가... ",https://www.sedaily.com/article/20050837?ref=naver,https://n.news.naver.com/mnews/article/011/0004626823?sid=101,"Tue, 02 Jun 2026 06:38:00 +0900",2026-06-02 09:17:25
친환경/신재생,풍력 시장,"박찬대 후보, 5대 금융공약 발표...&quot;인천의 산업 성장과 민생 안정 도모...","뉴데일리 송원영 기자 = 더불어민주당 박찬대 인천시장 후보가  금융을 기반으로 인천의 미래산업 경쟁력을... 또 문학의 판도를 바꿀 K-컬처 펀드, 해상풍력 개발에 사용될 인천 에너지 펀드 등 박찬대 후보의 제1공약인... ",https://ic.newdaily.co.kr/site/data/html/2026/06/02/2026060200010.html,https://ic.newdaily.co.kr/site/data/html/2026/06/02/2026060200010.html,"Tue, 02 Jun 2026 06:14:00 +0900",2026-06-02 09:17:25
친환경/신재생,풍력 시장,쌀 나는 논에서 '산업의 쌀' 키울 전기 수확…삼전 RE100 해법 찾았다,이미 재생에너지 전환을 마친 물량과 향후 육·해상 풍력이 분담할 몫까지 고려하면 실제 필요한 영농형... 글로벌 시장에서 해당 품목 점유율 1위를 유지해온 국내 자동차 부품기업 B사(중견기업)도 2024년 유럽 완성차... ,https://www.mt.co.kr/industry/2026/06/02/2026060122443967383,https://n.news.naver.com/mnews/article/008/0005365925?sid=101,"Tue, 02 Jun 2026 06:00:00 +0900",2026-06-02 09:17:25
친환경/신재생,풍력 시장,“사막과 고원에 깃발 꽂는다”... 기가(GW)급 글로벌 태양광 영토 독점...,"com)의 펠리시티 브래드스톡(Felicity Bradstock) 안보 리포트에 따르면, 글로벌 자산시장의 자금줄은 단순한... 베이징 당국은 이 거대 태양광 기지 옆에 대규모 풍력 터빈과 수력 발전소를 융합 배치해, 아시아발 테크... ",https://www.g-enews.com/view.php?ud=202606011758495240c8c1c064d_1,https://www.g-enews.com/view.php?ud=202606011758495240c8c1c064d_1,"Tue, 02 Jun 2026 05:40:00 +0900",2026-06-02 09:17:25
친환경/신재생,풍력 시장,강성휘 목포시장 후보 &quot;목포 대도약 골든타임&quot;… 미래비전 중심 선택 호...,준비된 시장이 필요하다&quot;고 밝혔다. 그는 목포의 미래 비전으로 ▲해상풍력 중심 친환경 에너지 산업 육성 ▲청년 일자리 및 정주여건 개선 ▲목포·무안·신안·영암을 잇는 서남권 광역생활권 구축 등 '목포 3대 대전환... ,https://www.mhns.co.kr/news/articleView.html?idxno=749025,https://www.mhns.co.kr/news/articleView.html?idxno=749025,"Tue, 02 Jun 2026 05:06:00 +0900",2026-06-02 09:17:25
친환경/신재생,풍력 시장,"AI 인프라 구축을 위한 120조, 어디에 투자할까? [전명산의 AI블록체인도...",어렵게 시장에 안착한 서비스가 사용자가 늘어나는 순간 전기가 모자라 주저앉을 수도 있다. 그러니... 태양광과 풍력 같은 전기 생산시설을 지역 주민들이 공동 소유하고 전기 판매 수익을 나누어 갖는 구조 말이다.... ,http://www.fntimes.com/html/view.php?ud=202606011624036223c1c16452b0_18,http://www.fntimes.com/html/view.php?ud=202606011624036223c1c16452b0_18,"Tue, 02 Jun 2026 05:02:00 +0900",2026-06-02 09:17:25
친환경/신재생,풍력 시장,[지방은행 생존전략] BNK·JB·iM ‘해양금융·외국인·전국화’ 신사업...,"해상풍력 프로젝트파이낸싱(PF), 방산기업 금융지원 등 지역 제조업과 해양·산업금융 기반을 강화하고 있다. JB금융은 외국인 금융이라는 틈새시장을 선점했다. 전북은행과 광주은행, JB우리캐피탈을 중심으로 외국인... ",https://www.g-enews.com/view.php?ud=20260601150101972e30fcb1ba8_1,https://www.g-enews.com/view.php?ud=20260601150101972e30fcb1ba8_1,"Tue, 02 Jun 2026 05:00:00 +0900",2026-06-02 09:17:25
친환경/신재생,풍력 시장,BEP-현대건설 '1.6GW 태양광 동맹'...PPA 시장 열린다,"브라이트에너지파트너스(BEP)와 현대건설이 국내 재생에너지 직접 전력구매계약(PPA) 시장 확대를 위해 손을... 태양광·풍력 발전사업의 인허가 지연과 계통 부족, REC 가격 변동성 등이 복합적으로 작용하면서 기업들의... ",https://www.energy-news.co.kr/news/articleView.html?idxno=225800,https://www.energy-news.co.kr/news/articleView.html?idxno=225800,"Tue, 02 Jun 2026 02:06:00 +0900",2026-06-02 09:17:25
친환경/신재생,풍력 시장,"美 GCM 그로스베너, 텍사스 태양광에 2억3600만달러 투자…글로벌 인프...","내며 시장 영향력을 키우고 있다. 최근 텍사스 태양광 프로젝트 투자부터 인프라 인력 확충, 유럽·중동... 또한 풍력 자산 투자에서도 존재감을 드러냈다. 파워 서스테이너블(Power Sustainable)은 240MW 규모... ",https://www.tokenpost.kr/news/economy/365201,https://www.tokenpost.kr/news/economy/365201,"Tue, 02 Jun 2026 01:00:00 +0900",2026-06-02 09:17:25
친환경/신재생,수소 경제,"[N2정치] 전북 완주군수 후보 유희태, 막판 완주 선거전 ‘정책 안정론...","민선 8기 동안 추진해 온 지역경제, 산업 기반, 정주 여건 개선 흐름을 중단하지 않고 다음 단계로 넘겨야... 완주군은 수소산업, 산업단지, 에너지 전환, 농촌 정주 여건, 완주·전주 통합 논의 등 굵직한 현안이 동시에 얽혀... ",https://www.news2day.co.kr/article/20260601500259,https://www.news2day.co.kr/article/20260601500259,"Tue, 02 Jun 2026 09:10:00 +0900",2026-06-02 09:17:26
친환경/신재생,수소 경제,"가스기술공사, '본업 경쟁력·안전경영' 중심 조직개편 단행",정부가 수소경제와 친환경 에너지 전환을 본격 추진하면서 LNG뿐 아니라 수소 생산·저장·운송 설비에 대한 유지보수 수요도 빠르게 증가하고 있다. 가스기술공사는 이미 수소충전소 구축과 액화수소 인프라 운영... ,https://www.energydaily.co.kr/news/articleView.html?idxno=200039,https://www.energydaily.co.kr/news/articleView.html?idxno=200039,"Tue, 02 Jun 2026 08:12:00 +0900",2026-06-02 09:17:26
친환경/신재생,수소 경제,"KAIST, 기포 막힘 해결한 수전해 기술 개발",전류밀도는 단위 면적에서 생산할 수 있는 수소의 양과 직결되는 지표다. 경제성 측면에서도 성과를 거뒀다. 연구팀은 촉매에 사용되는 귀금속 루테늄의 사용량을 0.09mg/㎠ 수준으로 낮추면서도 1000시간 이상 안정적으로... ,https://www.naeil.com/news/read/590516?ref=naver,https://www.naeil.com/news/read/590516?ref=naver,"Tue, 02 Jun 2026 07:20:00 +0900",2026-06-02 09:17:26
친환경/신재생,수소 경제,"한-캐나다, 방산·우주 첨단산업 협력 …잠수함 수주 총력","행사에 참여한 한화는 한국과 캐나다의 방산·우주 분야 협력 방안을, 현대차는 캐나다 수소 프로젝트 등 수소 분야 협력 방안을 발표했습니다. 전략경제협력특사단은 지난 4월 한화와 캐나다 자동차부품제조협회(APMA) 간... ",https://biz.sbs.co.kr/article_hub/20000313925?division=NAVER,https://n.news.naver.com/mnews/article/374/0000513538?sid=101,"Tue, 02 Jun 2026 06:47:00 +0900",2026-06-02 09:17:26
친환경/신재생,수소 경제,"한전, 청정수소 국제표준 등재·신임 감사 취임…&quot;기술혁신과 경영쇄신...",있어 경제성과 친환경성을 동시에 확보한 것으로 평가받고 있다. 한전은 올해 100kW급 파일럿 시스템을 개발한 뒤 2027년 인천에서 세계 최초로 연간 230톤 규모의 수소를 생산하는 1MW급 상용 시스템 실증사업을 추진할... ,https://www.mhns.co.kr/news/articleView.html?idxno=749030,https://www.mhns.co.kr/news/articleView.html?idxno=749030,"Tue, 02 Jun 2026 06:14:00 +0900",2026-06-02 09:17:26
친환경/신재생,수소 경제,박용민 코트라 일본지역본부장 “日 진출엔 ‘신뢰 기반’ 가장 중요…...,"한·일 경제 협력의 가능성에 대해 설명하고 있다. 박용민 대한무역투자진흥공사(코트라) 일본지역본부장은... 박 본부장은 “한국 기업들이 일본의 부족한 부분을 보완하고 있다”며 AI, 반도체, 배터리, 수소, GX... ",https://www.segye.com/newsView/20260601512665?OutUrl=naver,https://n.news.naver.com/mnews/article/022/0004132276?sid=104,"Tue, 02 Jun 2026 06:03:00 +0900",2026-06-02 09:17:26
친환경/신재생,수소 경제,"한-캐나다, '방산·우주' 첨단산업협력","이 자리에서 한화는 한국과 캐나다의 방산·우주 분야 협력 방안을, 현대차는 수소 분야 협력 방안을 발표했습니다. 전략경제협력 특사 자격으로 캐나다를 찾은 강훈식 대통령 비서실장 등은 캐나다 현지에서 한국 기업의... ",http://www.yonhapnewstv.co.kr/news/MYH20260602053421fYm,https://n.news.naver.com/mnews/article/422/0000870520?sid=101,"Tue, 02 Jun 2026 05:35:00 +0900",2026-06-02 09:17:26
친환경/신재생,수소 경제,[6·3 지방선거] 대한민국 서해안 경제수도 꿈꾼다...최원용 후보의 '평...,"평택항을 중심으로 한 국제물류 기능, 수소에너지 산업, 안중역세권 개발, 평택호 관광벨트를 하나의 성장축으로 연결해 평택 서부권을 경기 남부 서해안 경제 중심지로 만들겠다는 전략이다. 앞서 최원용 후보는 고덕... ",https://www.ajunews.com/view/20260601211817536,https://www.ajunews.com/view/20260601211817536,"Tue, 02 Jun 2026 05:02:00 +0900",2026-06-02 09:17:26
친환경/신재생,수소 경제,"강훈식 특사단, 캐나다서 방산·우주 협력 확대...60조 잠수함 수주전 지...","재계에서는 이번 특사단 일정이 방산과 우주산업을 비롯해 핵심광물, 수소, 공급망 협력까지 아우르는 경제외교 무대로 작용할 것으로 보고 있다. 특히 잠수함 사업을 포함한 대형 방산 프로젝트 수주 여부가 향후 한... ",https://www.joongangenews.com/news/articleView.html?idxno=523132,https://www.joongangenews.com/news/articleView.html?idxno=523132,"Tue, 02 Jun 2026 00:16:00 +0900",2026-06-02 09:17:26
친환경/신재생,수소 경제,"[창간 특별기고]30년 뒤 울산항, 'K-항만' 중심으로","▲ 변재영 울산항만공사 사장 1963년 개항 이래 울산항은 대한민국 산업화의 최전선에서 국가 경제의 심장... 이에 발맞춰 울산항은 액화천연가스(LNG), 암모니아, 수소 등 차세대 에너지 인프라 구축에 박차를 가하고 있다.... ",https://www.ksilbo.co.kr/news/articleView.html?idxno=1058306,https://www.ksilbo.co.kr/news/articleView.html?idxno=1058306,"Tue, 02 Jun 2026 00:04:00 +0900",2026-06-02 09:17:26
친환경/신재생,수소 경제,"캐나다 찾은 특사단, 우주·방산·수소 협력 MOU…잠수함 수주 총력",[강훈식 비서실장 SNS 캡처] [헤럴드경제=배문숙 기자]우리나라와 캐나다가 우주·방산·수소 등 미래첨단산업 분야 협력을 강화키로 했다. 우리나라는 이를 바탕으로 캐나다 잠수함 수주를 위해 총력을 다한다는... ,https://biz.heraldcorp.com/article/10761851?ref=naver,https://n.news.naver.com/mnews/article/016/0002650919?sid=101,"Mon, 01 Jun 2026 23:51:00 +0900",2026-06-02 09:17:26
친환경/신재생,수소 경제,강훈식 &quot;韓·加 첨단 산업서 글로벌 시장 선도할 수 있을 것&quot;,"행사에서는 한화가 양국 간 방산 및 우주산업 협력 확대 방안을, 현대자동차는 캐나다 수소 프로젝트를 중심으로 한 수소경제 협력 구상을 발표했다. 강 실장의 이번 방문은 '캐나다 초계 잠수함 프로젝트(CPSP)' 사업자... ",http://www.enewstoday.co.kr/news/articleView.html?idxno=2435056,http://www.enewstoday.co.kr/news/articleView.html?idxno=2435056,"Mon, 01 Jun 2026 23:47:00 +0900",2026-06-02 09:17:26
친환경/신재생,수소 경제,"&quot;철강 산업 고도화?···무엇이, 누구에게, 어떻게&quot;",국가 경제의 핵심 소재 산업으로 규정하고 안정적 생산 기반 유지의 필요성을 인정했다&quot;면서 &quot;그런데도... 정상만 금속노조 부위원장은 &quot;정부는 고부가·저탄소 전환을 강화하고 수소환원제철 상용화를 강조할 뿐 구체적... ,https://www.laborplus.co.kr/news/articleView.html?idxno=40923,https://www.laborplus.co.kr/news/articleView.html?idxno=40923,"Mon, 01 Jun 2026 23:42:00 +0900",2026-06-02 09:17:26
원자력,원자력 주가,"한국, 핵추진 잠수함 개발 박차","산업통상부, 원자력안전위원회 등의 관계자로 구성된 범정부 대표단이 참석하며, 미국 측 대표단에는... 둘째, 한국이 호주가 오커스(AUKUS) 프로그램을 통해 하고 있는 것처럼 미국과의 협력을 심화하고... ",http://www.newstown.co.kr/news/articleView.html?idxno=705064,http://www.newstown.co.kr/news/articleView.html?idxno=705064,"Tue, 02 Jun 2026 07:15:00 +0900",2026-06-02 09:17:27
원자력,원자력 주가,'누스케일파워' 경고등… 상업운전 실적 제로인데 K-원전 개미들 추격 ...,미국 원자력규제위원회(NRC)의 설계 인증을 받았다는 상징성만으로 가열된 국내 투자 열풍에 냉정한 팩트... 첫 원자로 제작 착공이나 한국 자금 유치 소식으로 주가가 단기 급등할 때는 테마 과열 구간으로 진입할... ,https://www.g-enews.com/view.php?ud=202606020613043426fbbec65dfb_1,https://www.g-enews.com/view.php?ud=202606020613043426fbbec65dfb_1,"Tue, 02 Jun 2026 06:48:00 +0900",2026-06-02 09:17:27
원자력,원자력 주가,"간사이전력, 2040년까지 15조 엔 폭격… ‘AI 발 전력 대란’ 맞서 LNG·원...",차세대 원자력 발전이라는 ‘양손잡이 안보 자강론’을 꺼내 든 형국이다. “반도체·데이터 센터가 심장... 채용 주가마저 완전히 박살 나면서 숙련된 기술 인재 풀이 극단적으로 메말라 버린 부메랑을 맞이했다. 모리... ,https://www.g-enews.com/view.php?ud=2026060117475387350c8c1c064d_1,https://www.g-enews.com/view.php?ud=2026060117475387350c8c1c064d_1,"Tue, 02 Jun 2026 05:30:00 +0900",2026-06-02 09:17:27
원자력,원자력 주가,&quot;대만 비싸고 중국 침체&quot; 외쳤지만… 한국 증시는 외인 '매도 폭탄'에 개...,"현재 한국 반도체 대형주의 주가수익비율(PER)은 6~7배 수준으로 글로벌 경쟁사 대비 할인된 상태다. 만약... 반도체 이외에 조선, 원자력, 방위산업 등 한국의 중후장대 산업재 섹터 역시 미·중 갈등에 따른 공급망 다변화... ",https://www.g-enews.com/view.php?ud=202606011429465604fbbec65dfb_1,https://www.g-enews.com/view.php?ud=202606011429465604fbbec65dfb_1,"Tue, 02 Jun 2026 03:26:00 +0900",2026-06-02 09:17:27
원자력,원자력 주가,‘엔비디아♥네이버’ 공개한 젠슨 황…‘1784’ 방문 가능성에 주가 ‘...,젠슨 황 엔비디아 최고경영자(CEO)의 방한 소식에 네이버 주가가 들썩이고 있다. 1일 한국거래소에 따르면... 해당 화면에는 한국은행·과학기술정보통신부·한국수력원자력·현대차그룹·HD현대... ,https://www.sedaily.com/article/20050725?ref=naver,https://n.news.naver.com/mnews/article/011/0004626695?sid=101,"Mon, 01 Jun 2026 17:48:00 +0900",2026-06-02 09:17:27
원자력,원자력 주가,&quot;엔비디아♥네이버&quot;…젠슨 황 깜짝 언급에 주가도 화들짝,"이후 네이버 주가는 장 중 한때 상한가(29.91%)인 30만 4000원까지 뛰며 52주 신고가를 기록했다. 이날 황... 이 밖에도 한국수력원자력공사, 과학기술정보통신부, 한화 등이 장표를 통해 노출됐다. 아울러 삼성전자와... ",https://www.news1.kr/it-science/general-it/6184213,https://n.news.naver.com/mnews/article/421/0008978528?sid=105,"Mon, 01 Jun 2026 17:27:00 +0900",2026-06-02 09:17:27
원자력,원자력 주가,“엔비디아♥네이버” 젠슨황 한마디에 ‘상한가’…“이런 날이 오네...,"네이버 주가가 상한가를 기록했다. 1일 유가증권시장에 따르면 네이버 주가는 오후 2시를 전후해... 그 아래에는 한국은행과 과학기술정보통신부, 한국수력원자력, 현대차그룹, HD현대, 한화에어로스페이스 등도... ",https://www.seoul.co.kr/news/economy/securities/2026/06/01/20260601500156?wlog_tag3=naver,https://n.news.naver.com/mnews/article/081/0003648600?sid=101,"Mon, 01 Jun 2026 14:22:00 +0900",2026-06-02 09:17:27
원자력,원자력 주가,[영상] &quot;엔비디아♥네이버&quot; 공식화?…'하트'에 시장 들썩,"또 그 아래에는 한국은행, 과학기술정보통신부, 한국수력원자력, 현대차그룹, HD현대... 젠슨 황 엔비디아 CEO가 네이버를 언급하자 한때 네이버 주가가 급등했다. 시장에서는 네이버가 국내 대표 AI 플랫폼... ",https://www.ajunews.com/view/20260601134901641,https://www.ajunews.com/view/20260601134901641,"Mon, 01 Jun 2026 13:56:00 +0900",2026-06-02 09:17:27
원자력,원자력 주가,미국 AI 상장자금 아시아 공급망으로,"상승으로 원자력과 대체에너지에 대한 관심이 커졌다. 한국에서는 HD현대에너지솔루션과 대우건설이 올해 강세를 보였고, 인도에서는 아다니그룹의 친환경 전력 기반 데이터센터 전략이 에너지 계열사 주가를 밀어... ",https://www.naeil.com/news/read/590434?ref=naver,https://www.naeil.com/news/read/590434?ref=naver,"Mon, 01 Jun 2026 13:06:00 +0900",2026-06-02 09:17:27
원자력,원자력 주가,"NH-아문디운용 ‘HANARO Fn K-반도체 ETF’, 순자산 4조 돌파…2주만에 1...","삼성전기 주가가 최근 수익률을 견인했다. 김승철 NH-아문디자산운용 ETF투자본부장은 “글로벌... HANARO Fn K-반도체 ETF뿐 아니라 ‘HANARO K휴머노이드테마TOP10’, ‘HANARO 원자력iSelect’, ‘HANARO... ",https://biz.heraldcorp.com/article/10760628?ref=naver,https://n.news.naver.com/mnews/article/016/0002650553?sid=101,"Mon, 01 Jun 2026 10:44:00 +0900",2026-06-02 09:17:27
원자력,원자력 주가,스페이스X·오픈AI IPO '대박' 조짐에 삼성전자·대우건설 등 아시아 'AI...,데이터센터 급증과 동시에 이란 전쟁으로 유가가 상승하면서 원자력과 대체 에너지가 각광 받고 있어서다. 태양광 기업인 HD현대에너지솔루션과 원전 관련 기업인 대우건설은 올해 주가 상승세를 보이고 있다.... ,https://www.theguru.co.kr/news/article.html?no=102451,https://www.theguru.co.kr/news/article.html?no=102451,"Mon, 01 Jun 2026 08:32:00 +0900",2026-06-02 09:17:27
원자력,원자력 주가,[더벨][thebell note] 코오롱글로벌의 '헤어질 결심',현대건설과 대우건설 등 큰형님들이 원자력 발전 시장을 치고 나가며 시장에서 건설주가 아닌 원자력주로 주목받고 있다. 몇 년 후면 언론사의 건설부동산부가 '건설에너지부'로 간판을 바꿔야 하는 것 아니냐는... ,https://www.thebell.co.kr/free/content/ArticleView.asp?key=202605271512099480102680,https://www.thebell.co.kr/free/content/ArticleView.asp?key=202605271512099480102680,"Mon, 01 Jun 2026 08:02:00 +0900",2026-06-02 09:17:27
원자력,원자력 주가,"[더벨][Company Watch] 우리기술, 원전 매출 성장 하반기 본격화",1분기 두 차례에 걸쳐 전환사채(CB) 콜옵션을 행사하며 주가 상승 효과를 봤다. 별도 기준으로는 영업손실... 이달 들어 한국수력원자력과 약 92억원 규모의 한울 1발전소 자료취득장치 관련 공급계약을 추가로... ,https://www.thebell.co.kr/free/content/ArticleView.asp?key=202605290522279000105639,https://www.thebell.co.kr/free/content/ArticleView.asp?key=202605290522279000105639,"Mon, 01 Jun 2026 07:02:00 +0900",2026-06-02 09:17:27
원자력,원자력 주가,[미국 특징주] 스페이스X·오픈AI 상장 기대감 속 亞 AI 차세대 수혜주 ...,"LG전자 주가도 덩달아 뛰었다. 전력 공급, 새로운 핵심 변수 전력 공급은 또 다른 핵심 투자 영역으로 부상하고 있다. 데이터센터가 늘어나는 가운데 이란 전쟁으로 유가마저 뛰면서 원자력과 대체 에너지에 대한... ",https://www.newspim.com/news/view/20260601000009,https://www.newspim.com/news/view/20260601000009,"Mon, 01 Jun 2026 06:54:00 +0900",2026-06-02 09:17:27
원자력,원자력 주가,'제2 후쿠시마' 공포에 가스 폭등… 지금 원전주 들고 있다면 '이 지표'...,"국제원자력기구(IAEA)가 우크라이나 자포리자 원자력발전소의 드론 피격 사실을 공표하면서 유럽 내 방사능... 유럽 에너지 위기의 척도로, 이 가격이 급등하면 국내 가스 관련주와 대안 에너지 업종의 주가가 단기 과열될... ",https://www.g-enews.com/view.php?ud=202606010627479577fbbec65dfb_1,https://www.g-enews.com/view.php?ud=202606010627479577fbbec65dfb_1,"Mon, 01 Jun 2026 06:30:00 +0900",2026-06-02 09:17:27
원자력,원자력 주가,[삶-특집] &quot;대학동기 52명중 17명 살아있는데…모두 술담배 절제한 사람...,장인순 전(前) 한국원자력연구소장 -- 평소에 건강관리는 어떻게 했나. ▲ 나는 1940년생이다. 평생 운동하면서... 기자 생활을 할 때도 '술로는 권영길을 이길 사람이 없다'는 말이 나돌 정도로 대주가였다. 그러다 70대... ,https://www.yna.co.kr/view/AKR20260531029300546?input=1195m,https://n.news.naver.com/mnews/article/001/0016110656?sid=102,"Mon, 01 Jun 2026 06:01:00 +0900",2026-06-02 09:17:27
원자력,원자력 주가,[트럼프 스톡커] “싸워서 뭘 얻었냐” 눈치에 MOU도 ‘우유부단’,이어 “고농축 우라늄은 이란과 국제원자력기구(IAEA)의 밀접한 협조 속에 미국이 발굴·파괴할 것”이라며... 이미 MOU 체결에 대한 기대가 주가에 상당 부분 반영됐기에 만약 해당 협상이 무산될 경우 주식시장이 받는... ,https://www.sedaily.com/article/20050115?ref=naver,https://n.news.naver.com/mnews/article/011/0004626333?sid=104,"Mon, 01 Jun 2026 05:31:00 +0900",2026-06-02 09:17:27
원자력,원자력 주가,"우리기술, 원전 기대감 다시 부각…미국·이란 휴전 양상 속 에너지 안...",우리기술은 원자력발전소 감시·제어시스템 분야 기술력을 보유한 기업으로 알려져 있다. 특히 원전 핵심... 원전 관련 정책 변화와 국제 정세에 따라 주가 변동성이 크게 확대될 수 있기 때문이다. 실제 원전 관련주는... ,https://www.cbci.co.kr/news/articleView.html?idxno=578442,https://www.cbci.co.kr/news/articleView.html?idxno=578442,"Mon, 01 Jun 2026 00:00:00 +0900",2026-06-02 09:17:27
원자력,원자력 주가,[경남시론] 문제는 노동 생산성이다- 남종석(경남연구원 연구위원),"이는 2023년 이전까지 경남 주력기업들은 주가 수주, 낮은 산출 등으로 고전했다. 수출 대기업들조차 마크-업... 경남은 방위산업, 친환경조선 및 전함 제조, 우주항공, 발전터빈 및 원자력 주기기 제조에서 세계적... ",http://www.knnews.co.kr/news/articleView.php?idxno=1542789,http://www.knnews.co.kr/news/articleView.php?idxno=1542789,"Sun, 31 May 2026 20:26:00 +0900",2026-06-02 09:17:27
원자력,원전 산업,"삼미금속, 300억 규모 CB 발행","회사 관계자는 &quot;국내 원전 터빈 블레이드 공급계약, 중속엔진 커넥팅로드 수주, 대규모 복합화력발전 국책과제 선정 등 신사업 진출이 이어지고 있다&quot;며 &quot;확보한 자금을 중심으로 고부가가치 산업 진출을 확대해 추가... ",https://www.newspim.com/news/view/20260602000172,https://www.newspim.com/news/view/20260602000172,"Tue, 02 Jun 2026 09:01:00 +0900",2026-06-02 09:17:28
원자력,원전 산업,"삼미금속, 300억 규모 투자 유치","삼미금속은 자체 기술을 기반으로 조선, 방산, 원전, AI 데이터센터 전력 인프라, 중장비 등으로 사업 영역을 확장하며 글로벌 선도 기업들을 고객사로 확보하고 있다. 조달 자금은 고부가가치 산업용 신제품 개발 및... ",https://www.edaily.co.kr/news/newspath.asp?newsid=02988086645477784,https://n.news.naver.com/mnews/article/018/0006295779?sid=101,"Tue, 02 Jun 2026 08:51:00 +0900",2026-06-02 09:17:28
원자력,원전 산업,"삼미금속, 300억 규모 전환사채 발행 결정","자체 기술을 조선, 방산, 원전, 인공지능(AI) 데이터센터 전력 인프라, 중장비 등으로 다각화하면서 다양한 글로벌 선도 기업을 고객사로 보유 중이다. 조달 자금을 부가가치가 높은 산업 신제품 개발, 공급 확대에 사용해... ",https://www.newsis.com/view/NISX20260602_0003652829,https://n.news.naver.com/mnews/article/003/0013981020?sid=101,"Tue, 02 Jun 2026 08:46:00 +0900",2026-06-02 09:17:28
원자력,원전 산업,"탈원전 인사가 원전 공기업 이사직 지원하는 초현실, 정권은 어떻게 생...",한발 더 나아가 원전을 수출전략 산업화하겠다며 민관 합동 원전수출기획위원회를 신설해 K-원전 원팀 구성을 본격화하고 있고 연내 원전수출진흥법을 제정해 정책적인 지원 근거를 마련하는 방안도 추진중이다. 그런... ,http://www.e-platform.net/news/articleView.html?idxno=102680,http://www.e-platform.net/news/articleView.html?idxno=102680,"Tue, 02 Jun 2026 08:40:00 +0900",2026-06-02 09:17:28
원자력,원전 산업,"SK에코플랜트·GS건설, 사업 재편 '인력 지형' 엇갈렸다",양사 모두 환경사업 비중을 줄이는 방향으로 사업구조를 조정하면서 SK에코플랜트는 반도체·첨단산업... 업계에서는 향후 건설사들의 채용 및 조직 운영 전략이 반도체·AI·원전 등 '미래 성장 분야 확대 방향'과 '핵심... ,https://www.fetv.co.kr/news/articleView.html?idxno=303490,https://www.fetv.co.kr/news/articleView.html?idxno=303490,"Tue, 02 Jun 2026 07:00:00 +0900",2026-06-02 09:17:28
원자력,원전 산업,세후 수익률이 답이다…생산적 금융 투자 전략,원전 산업 역시 분위기가 달라지고 있다. 글로벌 탄소중립 기조와 AI 시대 전력 수요 폭증이 맞물리며 안정적인 기저전원 확보 필요성이 커지고 있기 때문이다. 미국과 유럽을 중심으로 원전 재가동과 신규 프로젝트... ,https://magazine.hankyung.com/money/article/202605209181c,https://magazine.hankyung.com/money/article/202605209181c,"Tue, 02 Jun 2026 06:02:00 +0900",2026-06-02 09:17:28
원자력,원전 산업,"[부산ㆍ경남 대학 브리핑 모음(6월2일)] 동아대 석당박물관, 국가유산청...",김한곤 혁신형소형모듈원자로기술개발사업단장은 “SMR 분야의 기술혁신과 실증 기반 확대를 통해 국내 원전 산업의 글로벌 경쟁력 확보에 기여할 것으로 기대한다”고 말했다. 양 기관은 앞으로 소형모듈원자로... ,https://www.dnews.co.kr/uhtml/view.jsp?idxno=202606011522465060759,https://www.dnews.co.kr/uhtml/view.jsp?idxno=202606011522465060759,"Tue, 02 Jun 2026 06:02:00 +0900",2026-06-02 09:17:28
원자력,원전 산업,"부산, 원자력산업 5년간 1882억 투입","부산 중심 차세대 원자력산업 허브 구축 및 원전 전주기 산업생태계 강화, 글로벌 수출 경쟁력 확보를 목표로 글로벌 원자력산업 패러다임 변화와 국정 방향을 반영한 것이 특징이다.",https://www.seoul.co.kr/news/publicnews/local_govern/news_local/2026/06/02/20260602019006?wlog_tag3=naver,https://n.news.naver.com/mnews/article/081/0003648770?sid=102,"Tue, 02 Jun 2026 05:03:00 +0900",2026-06-02 09:17:28
원자력,원전 산업,김소희 &quot;탈원전 상징 인사 한수원행은 원전정책 자해행위&quot;… 양이원영 ...,김 의원은 &quot;현장에서는 이미 강한 반발이 나오고 있다&quot;며 &quot;정책 신뢰성과 조직 안정성을 고려하지 않은 인사가 현실화될 경우 원전산업 전반에 불필요한 갈등을 초래할 수 있다&quot;고 말했다. 이어 이재명 정부를 향해 인사... ,https://www.bzeronews.com/news/articleView.html?idxno=818284,https://www.bzeronews.com/news/articleView.html?idxno=818284,"Mon, 01 Jun 2026 22:10:00 +0900",2026-06-02 09:17:28
원자력,원전 산업,부산시 원자력산업 육성…5년간 천882억 원 투입,"5년간 천882억 원을 투입해 산업기반 확충과 기업 경쟁력 강화, 현장 중심의 인재 양성 등 4대 전략을 추진합니다. 또, 기존 대형 원전 중심의 산업구조를 소형모듈원자로 등 차세대 산업 중심으로 재편할 계획입니다.",https://news.kbs.co.kr/news/pc/view/view.do?ncd=8575396&ref=A,https://n.news.naver.com/mnews/article/056/0012192041?sid=105,"Mon, 01 Jun 2026 21:59:00 +0900",2026-06-02 09:17:28
원자력,원전 산업,"16개 광역단체 절반, 너도나도 &quot;반도체 유치&quot;…에너지 연금도 '우후죽순...",이원택 / 더불어민주당 전북지사 후보 (지난달 27일) &quot;새만금을 AI 반도체와 첨단 패키징 미래산업 전략... 유승훈 / 서울과학기술대학교 에너지정책학과 교수 &quot;정말로 원전 3~4기 분량이 필요한데 태양광은 한 3~4시간밖에... ,https://news.tvchosun.com/site/data/html_dir/2026/06/01/2026060190361.html,https://n.news.naver.com/mnews/article/448/0000616145?sid=162,"Mon, 01 Jun 2026 21:18:00 +0900",2026-06-02 09:17:28
원자력,원전 산업,미래 먹거리 원전기업에 탈원전 인사라니?,"원전의 경제성과 안전성에 대해 지속적으로 비판적 입장을 밝혀왔으며, 원전산업 축소를 주장해 온 인물로 평가받는다.전문성 논란도 가볍게 넘길 수 없다. 양 전 의원은 생물학을 전공하고 행정학 석·박사 과정을 거친... ",https://www.ksmnews.co.kr/news/view.php?idx=607547,https://www.ksmnews.co.kr/news/view.php?idx=607547,"Mon, 01 Jun 2026 21:02:00 +0900",2026-06-02 09:17:28
원자력,원전 산업,"부산시, 원자력산업 육성…5년간 천882억 원 투입","5년간 천882억 원을 투입해 산업기반 확충과 기업 경쟁력 강화, 현장 중심의 인재 양성 등 4대 전략을 추진합니다. 또, 기존 대형 원전 중심의 산업구조를 소형모듈원자로 등 차세대 산업 중심으로 재편할 계획입니다.",https://news.kbs.co.kr/news/pc/view/view.do?ncd=8575228&ref=A,https://n.news.naver.com/mnews/article/056/0012191900?sid=105,"Mon, 01 Jun 2026 19:42:00 +0900",2026-06-02 09:17:28
원자력,SMR 시장,"[더벨]현대차 건설계열, 에너지·스마트건설 겨냥 R&amp;D 통합","에너지 시장을 겨냥한다는 계획이다. 에너지와 미래 주거, 스마트건설 및 인프라 등 4대 분야를 중심으로 R&amp;D... 에너지 부문에선 소형모듈원전(SMR)이나 수소, 지속가능항공유(SAF) 등 차세대 에너지 관련 부분을 연구한다.... ",https://www.thebell.co.kr/free/content/ArticleView.asp?key=202606011601525800102684,https://www.thebell.co.kr/free/content/ArticleView.asp?key=202606011601525800102684,"Tue, 02 Jun 2026 07:02:00 +0900",2026-06-02 09:17:28
원자력,SMR 시장,"범한메카텍, 1600억 규모 프리 IPO 마무리","1964년 설립, 2022년 범한그룹 편입 SMR, 복합화력터빈 등 신사업 추가 범한메카텍(옛 두산메카텍)이... 글로벌 1위 에너지 업체 GE와 장기공급계약을 체결하는 등 글로벌 복합화력발전 시장에서 영역을 넓혀가고 있다.",https://www.mk.co.kr/article/12063398,https://n.news.naver.com/mnews/article/009/0005688119?sid=101,"Mon, 01 Jun 2026 19:52:00 +0900",2026-06-02 09:17:28
원자력,SMR 시장,&quot;경남 먹여살리는 K원전 중소·중견기업에 맞춤 처방&quot;,"올해는 소형모듈원전(SMR)용 공정기술 개발과 장비개선, 사업화 등 차세대 원전시장 진출과 연계된 과제가 다수 포함돼 도내 원전기업의 글로벌 공급망 진입과 기술 경쟁력 강화에 도움이 될 전망이다. 경상남도는... ",https://www.hankyung.com/article/2026060115491,https://n.news.naver.com/mnews/article/015/0005293837?sid=102,"Mon, 01 Jun 2026 18:39:00 +0900",2026-06-02 09:17:28
원자력,SMR 시장,"경남도, 원전기업 경쟁력 강화를 위한 사업화 맞춤 지원","이미화 경남도 산업국장은 &quot;글로벌 원전시장 확대와 SMR 등 차세대 원전산업 성장에 대응하기 위해서는 도내 기업들의 기술 경쟁력 확보가 중요하다&quot;며, &quot;도내 원전기업의 글로벌 공급망 진입과 수출 경쟁력 강화를 위해... ",http://www.gndomin.com/news/articleView.html?idxno=477352,http://www.gndomin.com/news/articleView.html?idxno=477352,"Mon, 01 Jun 2026 18:34:00 +0900",2026-06-02 09:17:28
원자력,SMR 시장,15개월 시정공백 끝낼 창원특례시 시장후보 4인 공약,"이에 본지는 독자들의 이해를 돕기 위해 창원시장 등 격전지의 각 후보자들 간 주요 공약을 정리했다.... 소형모듈원자로(SMR) 설계·제조·실증 전주기 산업 생태계 구축, 액화수소플랜트 사업 정상화 등 2 시민 이동권... ",https://www.newsgn.com/news/articleView.html?idxno=554981,https://www.newsgn.com/news/articleView.html?idxno=554981,"Mon, 01 Jun 2026 18:24:00 +0900",2026-06-02 09:17:28
원자력,SMR 시장,[현장] 찰스 리앙 슈퍼마이크로 CEO &quot;액체냉각·SMR로 AI '발열·전력' 병...,냉각'과 '소형모듈원전(SMR)' 기술로 정면 돌파한다. 인프라 구축 시간 단축과 대규모 글로벌 생산 능력 확대를 더해 AI 인프라 시장 패권을 굳힌다는 구상이다. 찰스 리앙 슈퍼마이크로 사장 겸 최고경영자(CEO)는 오는... ,https://www.ebn.co.kr/news/articleView.html?idxno=1710619,https://www.ebn.co.kr/news/articleView.html?idxno=1710619,"Mon, 01 Jun 2026 18:00:00 +0900",2026-06-02 09:17:28
원자력,SMR 시장,'차세대 원전시장 대응' 지역 기업 13곳 육성하는 경남도,"경남도가 SMR(소형 모듈형 원전) 등 차세대 원전 시장에 대응하고자 올해 12억 원을 들여 관련 기업 13곳에 ‘원스톱 지원 패키지’를 제공, 육성에 나선다. 경남도는 1일 경남테크노파크에서 ‘2026년 경남 원전기업... ",http://www.kookje.co.kr/news2011/asp/newsbody.asp?code=0300&key=20260601.99099000308,https://n.news.naver.com/mnews/article/658/0000145440?sid=102,"Mon, 01 Jun 2026 17:42:00 +0900",2026-06-02 09:17:28
원자력,SMR 시장,AI 경쟁력 '세계 3위' 순항…R&amp;D 예산 규모 '역대 최대',"AI 모델에 AI반도체와 서비스까지 결합한 우리만의 AI 풀스택 기술은 사우디아라비아 등 글로벌시장 진출의... 반도체, SMR, 휴머노이드, 양자, 바이오 등 전략 분야에서 대형 성과를 창출할 수 있게 할 계획이다. 문의... ",https://www.korea.kr/news/policyNewsView.do?newsId=148965609&call_from=naver_news,https://www.korea.kr/news/policyNewsView.do?newsId=148965609&call_from=naver_news,"Mon, 01 Jun 2026 17:37:00 +0900",2026-06-02 09:17:28
원자력,SMR 시장,젠슨 황 5일 방한…네이버·LG·현대차 회동 이어 '삼겹살 만찬'도,"AI 시장 확대에 집중하고 있는 만큼 두산로보틱스와의 협력 가능성에도 관심이 쏠린다. 업계에서는 로봇 분야 외에도 AI 데이터센터 확대에 따른 전력 인프라와 냉각 시스템, 소형모듈원전(SMR) 등 에너지 분야 협력... ",https://www.pinpointnews.co.kr/news/articleView.html?idxno=456941,https://www.pinpointnews.co.kr/news/articleView.html?idxno=456941,"Mon, 01 Jun 2026 17:30:00 +0900",2026-06-02 09:17:28
원자력,SMR 시장,"경남도, 원전기업 경쟁력 강화를 위한 사업화 맞춤 지원",이미화 경남도 산업국장은 &quot;글로벌 원전시장 확대와 SMR 등 차세대 원전산업 성장에 대응하기 위해서는 도내 기업들의 기술 경쟁력 확보가 중요하다&quot;며 &quot;도내 원전기업의 글로벌 공급망 진입과 수출 경쟁력 강화를 위해... ,https://www.newsgn.com/news/articleView.html?idxno=554943,https://www.newsgn.com/news/articleView.html?idxno=554943,"Mon, 01 Jun 2026 17:30:00 +0900",2026-06-02 09:17:28
원자력,SMR 시장,"현대엔지니어링, 에너지 사업 확장 본격화…포트폴리오 전환 속도","플랜트 시장 진출을 추진하고 있다. 특히 지난해 호주 우드사이드에너지, 현대글로비스와 LNG 액화 사업... 소형모듈원자로(SMR) 분야에서는 글로벌 기업과 공동개발 및 전략적 투자 협력을 검토 중이다. 탄소 저감 및... ",https://daily.hankooki.com/news/articleView.html?idxno=1372577,https://daily.hankooki.com/news/articleView.html?idxno=1372577,"Mon, 01 Jun 2026 17:12:00 +0900",2026-06-02 09:17:28
원자력,SMR 시장,[오늘의 건설브리핑] AI·에너지·복지로 경쟁력 강화···R&amp;D 통합부터...,"특히 소형모듈원전(SMR), 수소, 지속가능항공유(SAF), 해상풍력 등 차세대 에너지 분야와 AI·로보틱스를... 대상은 케이블 설계 자동화 시스템이 수상했으며, AI 기반 하자 보고서 작성, 시장정보 수집 자동화, 공공데이터... ",https://www.smartbizn.com/news/articleView.html?idxno=145174,https://www.smartbizn.com/news/articleView.html?idxno=145174,"Mon, 01 Jun 2026 17:10:00 +0900",2026-06-02 09:17:28
원자력,SMR 시장,"[줌인] '기술 조직' 합친 현대차 건설 부문, 원천기술로 메가트렌드 선...","미래 시장을 겨냥한 4대 핵심 연구 분야 재편 HMG건설기술연구원은 미래 포트폴리오 변화에 맞춰 연구 영역을 에너지, 미래 주거, 스마트건설, 인프라 등 4대 축으로 전면 재편했다. 차세대 에너지: SMR(소형모듈원전), 수소... ",http://www.dailypop.kr/news/articleView.html?idxno=99302,http://www.dailypop.kr/news/articleView.html?idxno=99302,"Mon, 01 Jun 2026 17:08:00 +0900",2026-06-02 09:17:28
원자력,SMR 시장,"현대차그룹, R&amp;D 조직 일원화 ... 'HMG건설기술연구원' 출범","해외 시장에서도 에너지 분야 프로젝트를 적극 추진하고 있다. 미국의 마타도르 프로젝트와 팰리세이즈 SMR 사업 등 핵심 프로젝트 수주를 추진 중이며, 유럽에서는 불가리아와 핀란드, 스웨덴, 네덜란드 등을 중심으로... ",http://www.queen.co.kr/news/articleView.html?idxno=457861,http://www.queen.co.kr/news/articleView.html?idxno=457861,"Mon, 01 Jun 2026 17:06:00 +0900",2026-06-02 09:17:28
방산/우주항공,방산 주가,"[모닝 리포트] &quot;한국카본, 핵심 원재료 가격 상승세 멈추고 하락 전환…...","방산 부문 성장 동력도 주가에 아직 충분히 반영되지 않았다는 분석이다. 그는 &quot;5월까지 수주한 LNG 운반선의 보냉재 발주는 이제 시작될 것이며, 한화오션 또한 NO96 Super+ 기반 보냉재를 추가 발주하고 있어 Triplex... ",https://www.newspim.com/news/view/20260602000121,https://www.newspim.com/news/view/20260602000121,"Tue, 02 Jun 2026 08:51:00 +0900",2026-06-02 09:17:29
방산/우주항공,방산 주가,[밸류업 길을 묻다] ①“한국형 지배구조(K-거버넌스) 만들어야”,전기·조선·방산 등 다양한 기간산업이 든든한 버팀목 역할을 해온 결과다. 실제 국내 상장사들은 ‘밸류업(기업가치제고)’ 정책에 적극 동참하며 1년 전보다 주가가 급등한 곳이 상당하다. 그러나 최근 전 산업군으로... ,https://www.asiatime.co.kr/article/20260602500001,https://www.asiatime.co.kr/article/20260602500001,"Tue, 02 Jun 2026 07:46:00 +0900",2026-06-02 09:17:29
방산/우주항공,방산 주가,"조선일보, 장동혁 연상케 하는 &quot;좌우로 갈라진 커피 한 잔의 자유&quot;",로켓 추진체를 생산하는 방산업체 한화에어로스페이스 대전사업장에서 1일 화재로 인한 폭발이 발생해... 민주당은 주가 상승을 강조하고 지역별 예산 지원을 약속하며 막판 유세에 나서는 중&quot;이라고 했다. 이어... ,https://www.mediatoday.co.kr/news/articleView.html?idxno=334864,https://n.news.naver.com/mnews/article/006/0000136036?sid=102,"Tue, 02 Jun 2026 07:41:00 +0900",2026-06-02 09:17:29
방산/우주항공,방산 주가,목표가 120% 상향된 방산업체…이유는[클릭 e종목],"장남현 한국투자증권 연구원은 &quot;목표 주가수익비율(PER)은 엘빗 시스템스의 2028년 PER로, 글로벌 방공 미사일 및 방산 전자장비 업종 내 최상단&quot;이라며 이같이 밝혔다. 장 연구원은 이 같은 수치를 적용한 이유에 대해... ",https://view.asiae.co.kr/article/2026060116404151699,https://n.news.naver.com/mnews/article/277/0005770658?sid=101,"Tue, 02 Jun 2026 06:10:00 +0900",2026-06-02 09:17:29
방산/우주항공,방산 주가,&quot;상폐는 막아야&quot;…패션가 덮친 '병합·감자' 바람,"진행하는 분위기&quot;라며 &quot;지폐주로 변경되더라도 주가 흐름은 실적과 호재의 영향을 받기에 주식시장을 견인하는 반도체, AI, 방산, 조선 등의 업종에 비해 패션기업들은 다소 부진한 상황으로 보여진다&quot;고 말했다.",https://www.ebn.co.kr/news/articleView.html?idxno=1710806,https://www.ebn.co.kr/news/articleView.html?idxno=1710806,"Tue, 02 Jun 2026 06:00:00 +0900",2026-06-02 09:17:29
방산/우주항공,방산 주가,[클릭 e종목]&quot;공장 풀가동해도 부족&quot;…수주 가시화할 K 방산업체는,현대로템의 해외 방산 수주가 보다 빨리 가시화하면서 저평가 국면에서 벗어날 것이라는 전망이 나왔다. 2일 양승윤 유진투자증권 연구원은 &quot;연내 목표로 하던 방상 수주는 올해 하반기 가시화할 것&quot;이라며 &quot;현대로템에... ,https://view.asiae.co.kr/article/2026060117004624328,https://n.news.naver.com/mnews/article/277/0005770652?sid=101,"Tue, 02 Jun 2026 06:00:00 +0900",2026-06-02 09:17:29
방산/우주항공,방산 주가,"미 육군, 패트리어트 미사일 2798기 구매 추진… 전년 대비 8배, 수혜 기...","지난 4월 보잉과 미 국방부는 PAC-3 탐색기(seeker, 미사일 유도 핵심 부품) 생산 확대를 위한 7년 장기 프레임워크 계약을 체결했으며, 이 소식에 보잉 주가는 하루 5% 급등했다. 보잉 방산·우주·보안(DS&amp;S) 부문은... ",https://www.news2day.co.kr/article/20260602500014,https://www.news2day.co.kr/article/20260602500014,"Tue, 02 Jun 2026 05:12:00 +0900",2026-06-02 09:17:29
방산/우주항공,방산 주가,돈 잘 버는데 왜 안 오르죠… 코스피 104% 뛸 때 은행주 ‘14%’ 찔끔,"실적은 사상 최대에 가깝고 배당 매력도 큰데 주가가 시장을 따라가지 못하는 모습이다. 반도체 쏠림... 지금 증시에서 스포트라이트를 받는 종목은 AI와 반도체, 전력 인프라, 방산처럼 이익 규모가 큰 폭으로 커질... ",https://www.kmib.co.kr/article/view.asp?arcid=0029903798&code=61141211&cp=nv,https://n.news.naver.com/mnews/article/005/0001852442?sid=101,"Tue, 02 Jun 2026 05:06:00 +0900",2026-06-02 09:17:29
방산/우주항공,방산 주가,코스피 8000·수출 1054조원… 靑이 뽑은 ‘1년 우수 성적표’ [이재명 ...,"종합주가지수를 계산해야 하는지 이해가 잘 안 된다”고 비판했다. 이 대통령은 “‘축구 실력 빼면... 미중일 3국과 정상외교를 전면 복원하고 실질 협력을 강화한 점, K방산 수출이 지난해 154억 달러로 전년 대비... ",https://www.seoul.co.kr/news/politics/2026/06/02/20260602010004?wlog_tag3=naver,https://n.news.naver.com/mnews/article/081/0003648747?sid=100,"Tue, 02 Jun 2026 05:02:00 +0900",2026-06-02 09:17:29
방산/우주항공,방산 주가,[GAM] 아르시스 ② 방산비 증가의 수혜주...리스크 요인은,"아르시스를 자사 항공우주·방산 공급업체 커버리지 유니버스 내에서 &quot;유기적 성장, 마진, 잉여현금흐름(FCF) 프로필 측면에서 가장 우수한 기업 중 하나&quot;로 평가했다. 모간스탠리는 '비중확대' 의견과 목표주가... ",https://www.newspim.com/news/view/20260601001226,https://www.newspim.com/news/view/20260601001226,"Mon, 01 Jun 2026 23:55:00 +0900",2026-06-02 09:17:29
방산/우주항공,방산 주가,"장동혁, 한화에어로 사고 현장 방문…&quot;사고 현장에 대통령은 안 보여&quot;",드린다&quot;며 &quot;방산 시설로써 국가 보안 시설로 지정된 곳이다. 정부의 관리 책임이 분명히 있다&quot;고 말했다. 장... 우리 산업의 핵심 중 하나인데 왜 반도체를 빼고 종합주가지수를 계산해야 하는 지 이해가 잘 안된다&quot;고 했다.,https://www.newsis.com/view/NISX20260601_0003652598,https://n.news.naver.com/mnews/article/003/0013980764?sid=100,"Mon, 01 Jun 2026 22:26:00 +0900",2026-06-02 09:17:29
방산/우주항공,우주항공 산업,"우나스텔라, 시리즈B 335억 투자 유치…누적 615억","이날 우나스텔라 관계자는 &quot;이번 라운드는 알토스벤처스가 리드했고, 산업은행, 스트롱벤처스, 산은캐피탈... 한국항공우주연구원, 한국기계연구원 등 5개 연구기관의 미세중력 시험 장치를 탑재했고, 우주항공청의... ",https://view.asiae.co.kr/article/2026060209140342143,https://n.news.naver.com/mnews/article/277/0005770793?sid=101,"Tue, 02 Jun 2026 09:14:00 +0900",2026-06-02 09:17:30
방산/우주항공,우주항공 산업,"우주 발사체 스타트업 우나스텔라, 335억원 투자 유치","이번 투자는 알토스벤처스가 주도했으며 한국산업은행, 스트롱벤처스, 산은캐피탈, 우리벤처파트너스... 한국항공우주연구원, 한국기계연구원 등 5개 연구기관의 미세중력 시험 장치를 탑재했고 우주항공청의... ",https://www.sedaily.com/article/20050873?ref=naver,https://n.news.naver.com/mnews/article/011/0004626872?sid=105,"Tue, 02 Jun 2026 09:02:00 +0900",2026-06-02 09:17:30
방산/우주항공,우주항공 산업,"'국내서 민간 최초 로켓 발사' 우나스텔라, 시리즈B 335억원 투자 유치",이로써 한국 우주 산업에서 민간 기업이 직접 발사체를 설계·제작·발사할 수 있음을 입증했다. 우나스텔라는 한국항공우주연구원에서 이전받은 전기모터 펌프 엔진 특허 기술을 기반으로 자체 엔진을 고도화 중이며... ,https://view.asiae.co.kr/article/2026060209025829179,https://n.news.naver.com/mnews/article/277/0005770778?sid=101,"Tue, 02 Jun 2026 09:02:00 +0900",2026-06-02 09:17:30
방산/우주항공,우주항공 산업,"우나스텔라, 335억 원 규모 시리즈 B 투자 유치…누적 615억 원 확보","이번 투자 라운드는 알토스벤처스의 주도로 진행되었으며 산업은행, 스트롱벤처스, 산은캐피탈... 당시 발사체에는 한국항공우주연구원과 한국기계연구원 등 5개 연구기관의 미세중력(중력이 거의 없는 상태) 시험... ",https://www.smarttoday.co.kr/ko-kr/articles/108019,https://www.smarttoday.co.kr/ko-kr/articles/108019,"Tue, 02 Jun 2026 09:00:00 +0900",2026-06-02 09:17:30
방산/우주항공,우주항공 산업,"[뉴스+]스페이스X 상장 '초읽기'…현대엘리베이터, 최대 2500억 차익 주주...","사진=AI 생성 이미지 미국 우주항공 기업 스페이스X의 나스닥 상장이 가시화되면서, 선제적 지분 투자를... 글로벌 우주산업의 대장주로 꼽히는 스페이스X의 상장 일정이 구체화됨에 따라, 과거 해당 기업 지분에... ",https://www.businessplus.kr/news/articleView.html?idxno=112462,https://www.businessplus.kr/news/articleView.html?idxno=112462,"Tue, 02 Jun 2026 08:54:00 +0900",2026-06-02 09:17:30
방산/우주항공,우주항공 산업,6월 2일 오늘의 안전 상황,"과기부, 우주항공청, 기후부 등)은 인력과 장비 지원, 부상자 신속 이송, 소방공무원 안전에 만전... 중앙산업재해수습본부 가동(12:15), 장관 현장방문(15:25), 산업안전보건본부장 현장 파견(13:00) 등 (기후부)... ",http://fpn119.co.kr/251995,http://fpn119.co.kr/251995,"Tue, 02 Jun 2026 08:54:00 +0900",2026-06-02 09:17:30
방산/우주항공,우주항공 산업,[리포트] '방산기업' 한화에어로 대전공장 폭발 화재‥5명 사망·2명 부...,윤성수/대전유성소방서 119재난대응과장 &quot;현재 그 건물이 다 그 폭발로 인해서 구조물이나 이게 다 그 낙하가 돼 있는 상태라…&quot; 사고가 발생한 한화에어로스페이스는 우주·항공과 방위산업 전 영역을 다루는 대표... ,https://tjmbc.co.kr/NewsArticle/843528,https://tjmbc.co.kr/NewsArticle/843528,"Tue, 02 Jun 2026 08:00:00 +0900",2026-06-02 09:17:30
방산/우주항공,우주항공 산업,'우주·방산' 핵심 시설인데…8년간 폭발 사고만 '3번',지금은 우주·항공·방산 관련 핵심 공정을 맡고 있습니다. 폭발 사고가 난 곳은 대전사업장 56동으로 지대공... 고용노동부가 2018년 사고 직후 실시한 특별감독에서는 486건 산업안전보건법 위반 행위가 적발됐습니다.... ,https://news.sbs.co.kr/news/endPage.do?news_id=N1008590426&plink=ORI&cooper=NAVER,https://n.news.naver.com/mnews/article/055/0001360931?sid=101,"Tue, 02 Jun 2026 06:35:00 +0900",2026-06-02 09:17:30
방산/우주항공,우주항공 산업,'7명 사상 사고' 한화에어로‥오늘 합동 감식,[윤성수/유성소방서 119재난대응과장] &quot;현재 그 건물이 다 폭발로 인해서 구조물이나 이게 다 그 낙하가 돼 있는 상태라‥&quot; 사고가 난 한화에어로스페이스는 우주·항공과 방위산업 전 영역을 다루는 국내 대표... ,https://imnews.imbc.com/replay/2026/nwtoday/article/6826892_37012.html,https://n.news.naver.com/mnews/article/214/0001502677?sid=102,"Tue, 02 Jun 2026 06:10:00 +0900",2026-06-02 09:17:30
방산/우주항공,우주항공 산업,"앤트로픽, 오픈AI 제치고 IPO 선제 시동…AI 패권 경쟁 격화","이미 일부 AI 및 우주항공 기업들이 상장 절차에 돌입하거나 준비 단계에 들어선 가운데, 자금 조달 경쟁은... 설정함으로써 산업 기준 자체를 유리하게 가져가려는 전략&quot;이라고 설명했다. 즉, 누가 먼저 상장하느냐는... ",https://www.pinpointnews.co.kr/news/articleView.html?idxno=456970,https://www.pinpointnews.co.kr/news/articleView.html?idxno=456970,"Tue, 02 Jun 2026 05:28:00 +0900",2026-06-02 09:17:30
방산/우주항공,우주항공 산업,[N2 포커스] 5월 ‘따따상’ 온기 잇는 6월 IPO…AI·로봇 테마 속 ‘옥...,"반도체와 디스플레이, 로봇, 우주항공 등 첨단 산업군에 초정밀 모션 시스템을 공급 중이며, 독보적인 기술기업 특성상 국내 시장에 직접 비교 가능한 상장사(피어그룹)가 부족하다는 점이 변수로 언급된다.... ",https://www.news2day.co.kr/article/20260601500177,https://www.news2day.co.kr/article/20260601500177,"Tue, 02 Jun 2026 04:06:00 +0900",2026-06-02 09:17:30
방산/우주항공,우주항공 산업,"앤트로픽, 비공개 상장 신청…오픈AI와 'AI 상장 1호' 경쟁","일론 머스크의 우주·항공 기업 스페이스X가 다음 주 사상 최대 규모의 IPO를 준비 중인 가운데, WSJ은... 시장 관계자들은 먼저 상장하는 기업이 AI 산업의 가치평가 기준을 정하고, 신규 AI 시장으로 유입되는 막대한... ",https://www.newsis.com/view/NISX20260602_0003652639,https://n.news.naver.com/mnews/article/003/0013980809?sid=104,"Tue, 02 Jun 2026 02:08:00 +0900",2026-06-02 09:17:30
방산/우주항공,우주항공 산업,지난달 코스피 28% 뛸때 코스닥은 10% 하락,증권가는 AI·로봇·우주항공 등 성장 산업 중심의 기업공개(IPO) 확대가 코스닥 시장에 새로운 활력을 불어넣을 수 있을 것으로 보고 있다. 이달 6개 기업이 코스닥 상장을 위한 기관투자자 대상 수요예측을 앞두고 있고... ,https://www.chosun.com/economy/money/2026/06/02/WLSIZMQZXRC6RE7PLQK72VNYWE/?utm_source=naver&utm_medium=referral&utm_campaign=naver-news,https://n.news.naver.com/mnews/article/023/0003979683?sid=101,"Tue, 02 Jun 2026 00:37:00 +0900",2026-06-02 09:17:30
방산/우주항공,우주항공 산업,외교력이 성패 가른다… K잠수함 ‘운명의 한달’,"걸친 산업협력 전략을 집중 소개했다. 한화오션은 조선·방산·자동차·첨단제조·에너지·우주항공 등 광범위한 분야에서 100개 이상의 캐나다 기업 및 기관과 협력 관계를 구축했고, 현지 생산·기술 이전·인력 양성... ",https://www.kmib.co.kr/article/view.asp?arcid=1780226226&code=11151400&cp=nv,https://n.news.naver.com/mnews/article/005/0001852382?sid=101,"Tue, 02 Jun 2026 00:08:00 +0900",2026-06-02 09:17:30
방산/우주항공,우주항공 산업,‘천무’ 탄약·추진체 핵심 생산시설… K방산 수출 차질 우려,"한화에어로스페이스는 이후 한화디펜스(2022년), ㈜한화 방산부문(2023년)을 차례로 흡수합병하며 방산 계열사를 통합했고 해양 방산 분야의 한화오션을 자회사로 편입하며 우주·항공과 육·해·공 방위산업을 아우르는... ",https://www.kmib.co.kr/article/view.asp?arcid=1780303050&code=11151400&cp=nv,https://n.news.naver.com/mnews/article/005/0001852377?sid=101,"Tue, 02 Jun 2026 00:03:00 +0900",2026-06-02 09:17:30
방산/우주항공,우주항공 산업,한화에어로 공장 폭발 화재‥5명 사망·2명 부상,[윤성수/유성소방서 119재난대응과장] &quot;현재 그 건물이 다 그 폭발로 인해서 구조물이나 이게 다 그 낙하가 돼 있는 상태라…&quot; 사고가 난 한화에어로스페이스는 우주·항공과 방위산업 전 영역을 다루는 국내 대표... ,https://imnews.imbc.com/replay/2026/nw2500/article/6826869_36989.html,https://n.news.naver.com/mnews/article/214/0001502655?sid=102,"Tue, 02 Jun 2026 00:01:00 +0900",2026-06-02 09:17:30
방산/우주항공,K방산 수출,"[더벨]E&amp;F-키움캐피탈, '방산 전문' 제이랩스에 150억 투자",K-방산 수출이 본격화하는 흐름 속에서 직접적인 수혜를 누리며 높은 성장성을 증명할 것이라는 판단 아래 베팅한 모습이다. 29일 투자은행(IB) 업계에 따르면 E&amp;F와 키움캐피탈은 제이랩스가 진행하는 프리IPO(상장 전... ,https://www.thebell.co.kr/free/content/ArticleView.asp?key=202605291339192640101630,https://www.thebell.co.kr/free/content/ArticleView.asp?key=202605291339192640101630,"Tue, 02 Jun 2026 08:12:00 +0900",2026-06-02 09:17:31
방산/우주항공,K방산 수출,"&quot;실전 데이터를 잡아라&quot;···우크라로 몰리는 기업들, K방산은?","이런 가운데 브레이브1 프로그램은 향후 방산 수출 경쟁에서 또 다른 기준이 부상할 수 있음을 보여준다. 단순히 무기를 잘 만들고 제때 납품하는 것뿐 아니라 실제 운용 데이터를 얼마나 빨리 확보하고, 이를 후속... ",http://www.enewstoday.co.kr/news/articleView.html?idxno=2434944,http://www.enewstoday.co.kr/news/articleView.html?idxno=2434944,"Tue, 02 Jun 2026 08:00:00 +0900",2026-06-02 09:17:31
방산/우주항공,K방산 수출,“가용자원 총동원 수습···사고 원인 철저 조사”,"한화에어로에 대전 사업장은 K 방산 수출의 거점인데요. 수출등엔 영향이 없을까요? 코스피가 또 한 번 역사를 새로 썼습니다. 장중 사상 처음으로 8,800선을 돌파한 데 이어 종가 기준으로도 최고치를 갈아치웠는데요.... ",https://www.ktv.go.kr/content/view?content_id=755922,https://www.ktv.go.kr/content/view?content_id=755922,"Tue, 02 Jun 2026 08:00:00 +0900",2026-06-02 09:17:31
방산/우주항공,K방산 수출,"방산 수출 비상, K-방산 덮친 '자국산 우선주의'… 수주 잔고 이행률 가...",현지화 요구 결합 주시해야… 국내 방산 3대 체크포인트 전 세계로 뻗어가던 K-방산 수출 전선이 주요국들의 현지화 요구라는 변수를 맞이하면서 단순 제조·납품 중심의 수출 모델은 점진적인 전략 수정이... ,https://www.g-enews.com/view.php?ud=202606020719125912fbbec65dfb_1,https://www.g-enews.com/view.php?ud=202606020719125912fbbec65dfb_1,"Tue, 02 Jun 2026 07:44:00 +0900",2026-06-02 09:17:31
방산/우주항공,K방산 수출,K방산 화려한 성장의 이면...국방 반도체 99% 수입 의존,[사진: 온세미] 한국산 무기가 세계 시장에서 잇따라 수출 기록을 세우고 있지만 정작 이 무기들의 '두뇌' 역할을 하는 국방 반도체는 사실상 전량을 수입에 의존하고 있어 K방산의 화려한 이면에 구조적 취약점이... ,https://www.digitaltoday.co.kr/news/articleView.html?idxno=671068,https://www.digitaltoday.co.kr/news/articleView.html?idxno=671068,"Tue, 02 Jun 2026 07:30:00 +0900",2026-06-02 09:17:31
방산/우주항공,K방산 수출,[우리銀 글로벌 전략] 다음 축은 기업금융…폴란드·중동 거점화,"국내에서 쌓은 기업금융 역량을 해외 거점과 연결하면 수출입금융, 운전자금 대출, 보증, 프로젝트금융 등으로 사업 범위를 넓힐 수 있다. 특히 방산과 이차전지, 인프라처럼 대규모 자금이 필요한 산업에서는 은행의 해외... ",https://news.dealsitetv.com/articles/171030,https://news.dealsitetv.com/articles/171030,"Tue, 02 Jun 2026 07:02:00 +0900",2026-06-02 09:17:31
방산/우주항공,K방산 수출,[이재명 정부 1년] 3축 체계·K-방산·병역 디지털 전환… '실용 안보' 시...,"오동룡 군사방산전문기자 = 이재명 정부 출범 1년, 국방부는 '북핵과 미사일 대응 3축 체계를 가속'하고, 'K-방산 수출 드라이브'와 '징병제도 디지털 전환'이라는 세 축을 앞세워 전력 증강과 방위산업, 그리고 병역제도... ",https://www.newspim.com/news/view/20260601001096,https://www.newspim.com/news/view/20260601001096,"Tue, 02 Jun 2026 05:00:00 +0900",2026-06-02 09:17:31
방산/우주항공,K방산 수출,[한국은 지금] 한화 방산업체 공장 폭발로 5명 사망,"한국의 방위산업은 K-방산으로 불리면서 근래 들어 사상 최대 수출 실적을 기록하고 있고요, 세계시장 점유율도 전 세계 4~5위권에 들 정도로 성장했습니다. 특히 K9 자주포는 세계시장 점유율이 50%를 넘는 것으로 알려졌고... ",https://www.voakorea.com/a/now-in-korea-060126/8156120.html,https://www.voakorea.com/a/now-in-korea-060126/8156120.html,"Tue, 02 Jun 2026 01:27:00 +0900",2026-06-02 09:17:31
방산/우주항공,K방산 수출,전략 무기·추진체 만들어… 국가 보안시설 중 최고 등급,"‘K방산’의 핵심 기업으로 폴란드, 노르웨이 등 유럽 6국에 K9 자주포를 수출했다. 천무는 폴란드에만 12조원어치 이상 수출했다. 1일 폭발 사고가 난 대전사업장은 한화그룹이 1987년 국방과학연구소(ADD)로부터... ",https://www.chosun.com/economy/industry-company/2026/06/02/4M6P5F2DNJG43AWTUAPLNXNHVY/?utm_source=naver&utm_medium=referral&utm_campaign=naver-news,https://n.news.naver.com/mnews/article/023/0003979738?sid=101,"Tue, 02 Jun 2026 00:54:00 +0900",2026-06-02 09:17:31
방산/우주항공,K방산 수출,[심층분석] &quot;반도체 다음은 어디?&quot;…실적 성장성 돋보이는 '알짜 종목' ...,지정학적 리스크가 해소되지 않는 글로벌 정세 속에 K-방산의 기술력이 입증되면서 수출 계약이 줄을 잇고 있다. 대형주뿐만 아니라 정밀 타격 유도무기나 핵심 부품을 생산하는 중소형 방산 업체들도 생산량 확대에 따른... ,https://www.thefairnews.co.kr/news/articleView.html?idxno=78483,https://www.thefairnews.co.kr/news/articleView.html?idxno=78483,"Tue, 02 Jun 2026 00:00:00 +0900",2026-06-02 09:17:31
방산/우주항공,K방산 수출,[기자수첩] 독일 텃밭 흔드는 한국…캐나다 잠수함 정면승부,"방산 수출은 사실상 국가 총력전 양상으로 전개되고 있다. 고위급 외교 일정마다 방산 협력이 주요 의제로 등장하고, 정상회담 테이블에서도 잠수함 사업이 논의된다. K-방산이 더 이상 하나의 산업이 아니라 외교·안보... ",https://www.ntoday.co.kr/news/articleView.html?idxno=127382,https://www.ntoday.co.kr/news/articleView.html?idxno=127382,"Mon, 01 Jun 2026 19:50:00 +0900",2026-06-02 09:17:31
방산/우주항공,K방산 수출,"EU서 돈 받은 날, 폴란드 32조원 무기 구입…'세계 신기록'","K9PL은 K-9 자주포의 폴란드 수출형 모델이다. SAFE 프로그램은 회원국이 유럽산 무기를 장기·저금리 대출로 구매할 수 있도록 지원하는 제도로, 러시아의 우크라이나 침공 이후 방산 생산 확대를 위해 지난해... ",https://www.news1.kr/world/europe/6184348,https://n.news.naver.com/mnews/article/421/0008978692?sid=104,"Mon, 01 Jun 2026 19:46:00 +0900",2026-06-02 09:17:31
철강/조선,철강 주가,[사설] 수출·증시 활황에도 경기 냉랭…반도체 독주의 그늘,한국거래소에 따르면 지난달 코스피지수는 28.5% 치솟았지만 같은 기간 유가증권시장 948개 종목 중 주가가... 철강과 석유화학 등 기존 주력 산업은 중국의 공세에 경쟁력을 잃어가고 있다. 지난달 20개 주력 수출 품목... ,https://www.hankyung.com/article/2026060114721,https://n.news.naver.com/mnews/article/015/0005293903?sid=110,"Tue, 02 Jun 2026 00:33:00 +0900",2026-06-02 09:17:32
철강/조선,철강 주가,"[올댓차이나] 대만 증시, AI 관련주 매수로 연일 최고치 경신…1.35%↑","시장 비중이 절대적인 전자기기주가 1.18%, 석유화학주 4.35%, 시멘트·요업주 1.73%, 건설주 1.15... 55%, 철강주 다청강 3.72%, 대만 플라스틱 5.37%, 타이완 시멘트 0.61%, 궈타이 건설 1.32%, 궈찬 2.60%, 방직주... ",https://www.newsis.com/view/NISX20260601_0003652407,https://n.news.naver.com/mnews/article/003/0013980500?sid=104,"Mon, 01 Jun 2026 17:12:00 +0900",2026-06-02 09:17:32
철강/조선,철강 주가,"삼성전자, 시총 2천조 돌파, 코스피 9000까지 211포인트 남아",화학·철강 같은 전통 제조업의 이익 비중은 2021년 18%에서 2025년 3%로 급락했다. 유진투자증권은 이날 &quot;반도체를 제외한 코스피는 4100∼4200으로 추정된다&quot;며 &quot;2025년 이후 반도체를 제외한 다른 업체들의 주가 부진은... ,http://www.metroseoul.co.kr/article/20260601500383,http://www.metroseoul.co.kr/article/20260601500383,"Mon, 01 Jun 2026 16:06:00 +0900",2026-06-02 09:17:32
철강/조선,철강 주가,젠슨 황 방한에 환호한 코스피 8780대로 LG그룹과 AI 협력 논의…LG전자...,"지난주 말 뉴욕증시 3대 주가지수는 기술주 강세에 힘입어 일제히 상승 마감했다.... 34%), 철강·금속(-1.79%), 오락·문화(-1.16%) 등은 떨어졌다. 코스닥지수는 전 거래일보다 24.77포인트(2.30%) 떨어진 1050.03에... ",http://www.smedaily.co.kr/news/articleView.html?idxno=358021,http://www.smedaily.co.kr/news/articleView.html?idxno=358021,"Mon, 01 Jun 2026 16:04:00 +0900",2026-06-02 09:17:32
철강/조선,철강 주가,[특징주] EU 철강 관세에 노조 임단협까지…철강주 상승장서 약세 마감...,유럽연합(EU)의 철강 관세 인상 추진 등에 철강 관련 종목들의 주가가 1일 약세 마감했다. 이날 유가증권시장에서 포스코홀딩스는 2.48% 내린 41만3천원에 거래를 마쳤다. 주가는 1.30% 내린 채 출발한 뒤 장 초반... ,https://www.yna.co.kr/view/AKR20260601059551008?input=1195m,https://n.news.naver.com/mnews/article/001/0016112388?sid=101,"Mon, 01 Jun 2026 16:04:00 +0900",2026-06-02 09:17:32
철강/조선,철강 주가,"글로벌 전기차 캐즘 뚫었다… 삼아알미늄, 알루미늄박 공급망 중심 '우...",향후 주가 방향을 결정할 전망이다. 구리와 전선 관련 소재 기업들도 약세다. 풍산은 3.12% 하락한 7만7700원에... 철강 및 제철 업황 둔화 우려가 동반 부담으로 작용하는 모습이다. 희소금속과 첨단소재 관련 종목에서는... ,https://www.pinpointnews.co.kr/news/articleView.html?idxno=456848,https://www.pinpointnews.co.kr/news/articleView.html?idxno=456848,"Mon, 01 Jun 2026 14:58:00 +0900",2026-06-02 09:17:32
철강/조선,철강 주가,코스피 '반도체 쏠림'판단?… 증권가 &quot;변동성 유의&quot; vs &quot;주도주 장세 지...,"삼성전자, SK하이닉스, 삼성전기 등 대형 기술주가 포함된 'KRX 정보기술' 업종은 한 달 새 54.83% 급등했다. 반면 유틸리티(-19.59%), 건설(-13.76%), 에너지화학(-13.22%), 철강(-11.97%), 은행(-8.54%), 헬스케어(-5.84%), 증권(-4.34... ",http://www.the-biz.co.kr/news/articleView.html?idxno=721710,http://www.the-biz.co.kr/news/articleView.html?idxno=721710,"Mon, 01 Jun 2026 14:00:00 +0900",2026-06-02 09:17:32
철강/조선,철강 주가,"[이슈] 삼성전자 시총 2000조원 시대 열었다...반도체 빅2, 코스피 51%대...",철강·화학·유통 등 전통 산업은 상대적으로 존재감이 약해졌고 투자자 자금 역시 반도체 중심으로 이동하는 흐름이 뚜렷하다. 반도체 빅2 주가가 흔들릴 경우 코스피 전체 변동성도 커질 수 있다는 뜻이다.... ,https://www.seoultimes.news/news/article.html?no=2000096190,https://www.seoultimes.news/news/article.html?no=2000096190,"Mon, 01 Jun 2026 12:11:00 +0900",2026-06-02 09:17:32
철강/조선,철강 주가,"中 철강가격 회복에도, 한국증시 철강주 '장중 뚝'...왜?",1일 한국증시에서 주요 철강주 주가가 장중 약세를 기록 중이다. 중국 철강재 유통가격 상승에도 업황 회복으로 보기에는 어렵다는 증권계 진단 속에 이 같은 흐름이 나타나고 있다. 이날 한국증시의 무게중심이... ,http://www.choicenews.co.kr/news/articleView.html?idxno=166023,http://www.choicenews.co.kr/news/articleView.html?idxno=166023,"Mon, 01 Jun 2026 11:44:00 +0900",2026-06-02 09:17:32
철강/조선,철강 주가,EU 철강 관세에 노조 임단협까지…철강주 약세,유럽연합(EU)의 철강 관세 인상 추진 등에 철강 관련 종목들의 주가가 장 초반 약세를 보이고 있습니다. 오늘(1일) 유가증권시장에서 오전 10시 30분 기준 포스코홀딩스는 2.01% 내린 41만5천원에 거래되고 있습니다.... ,https://biz.sbs.co.kr/article_hub/20000313713?division=NAVER,https://n.news.naver.com/mnews/article/374/0000513326?sid=101,"Mon, 01 Jun 2026 10:55:00 +0900",2026-06-02 09:17:32
철강/조선,철강 주가,[특징주] EU 철강 관세에 노조 임단협까지…철강주 약세,유럽연합(EU)의 철강 관세 인상 추진 등에 철강 관련 종목들의 주가가 장 초반 약세를 보이고 있다. 이날 유가증권시장에서 오전 10시 30분 기준 포스코홀딩스는 2.01% 내린 41만5천원에 거래되고 있다. 주가는 1.30% 내린... ,https://www.yna.co.kr/view/AKR20260601059500008?input=1195m,https://n.news.naver.com/mnews/article/001/0016111215?sid=101,"Mon, 01 Jun 2026 10:42:00 +0900",2026-06-02 09:17:32
철강/조선,철강 주가,고유가에 캘리포니아 탄소시장 후퇴...무상배출권 5조5000억 풀어,미국 캘리포니아 주가 13년간 유지해온 탄소배출권거래제를 대폭 손질했다. 캘리포니아 대기자원위원회... 차지하는 철강·석유화학·시멘트 등 탄소누출 우려 업종은 국제 경쟁력을 이유로 100% 무상할당을... ,http://www.impacton.net/news/articleView.html?idxno=19065,http://www.impacton.net/news/articleView.html?idxno=19065,"Mon, 01 Jun 2026 10:08:00 +0900",2026-06-02 09:17:32
철강/조선,철강 주가,"[李정부 1년] 성장·수출 반등, 관세·물가 대응 선방…저성장 체질개선...",김정식 연세대 경제학부 교수도 &quot;수출·경상수지 흑자·주가 상승·세수 확대 등은 긍정적으로 볼 수 있는... 특히 철강·석유화학 등 전통 제조업은 미국의 관세 정책과 중동 사태에 따른 공급망 충격으로 직격탄을 맞고... ,https://www.news1.kr/economy/trend/6182005,https://n.news.naver.com/mnews/article/421/0008976690?sid=101,"Mon, 01 Jun 2026 06:00:00 +0900",2026-06-02 09:17:32
철강/조선,철강 주가,"여의도 알아주는 ‘선수’에 물었더니… AI산업혁명, 세 가지 업종 찍었...","일부 은행주가 상장폐지되면서 손실도 경험했지만, 오히려 주식시장에 대한 호기심을 갖는 계기가 됐다.... 이후 철강·건설·제약 애널리스트를 거쳐 미국 로체스터대 MBA를 마쳤고, 2000년 대우증권 국제조사부로 옮겼다.... ",https://www.mk.co.kr/article/12062398,https://n.news.naver.com/mnews/article/009/0005687504?sid=101,"Sun, 31 May 2026 22:12:00 +0900",2026-06-02 09:17:32
철강/조선,철강 주가,&quot;지금은 AI버블 아닌 산업혁명 초입 … 로봇·전력株 눈여겨봐야&quot;,"일부 은행주가 상장폐지되면서 손실도 경험했지만, 오히려 주식시장에 대한 호기심을 갖는 계기가 됐다.... 이후 철강·건설·제약 애널리스트를 거쳐 미국 로체스터대 MBA를 마쳤고, 2000년 대우증권 국제조사부로 옮겼다.... ",https://www.mk.co.kr/article/12062283,https://n.news.naver.com/mnews/article/009/0005687420?sid=101,"Sun, 31 May 2026 17:37:00 +0900",2026-06-02 09:17:32
철강/조선,철강 주가,"[진정자의 AI 반도체 이야기 긴급 시리즈 ①] 제2건국 선언하듯, 대한민...","1960~1970년대 산업화 시대에 철강과 조선으로 경제 성장의 기초를 놓았고, 1980~1990년대 전자와 자동차... 이는 단순히 특정 기업의 주가가 오른 것이 아니다. 글로벌 자본이 한국 반도체 산업의 전략적 가치를 다시... ",https://www.ajunews.com/view/20260531093803068,https://www.ajunews.com/view/20260531093803068,"Sun, 31 May 2026 09:48:00 +0900",2026-06-02 09:17:32
철강/조선,철강 주가,日 상장사 순이익 6년 연속 사상 최고라는데[글로벌 현장],기업이익은 주가 상승으로 이어지고 있다. 일본 대표 지수인 닛케이225 평균지수는 5월 25일 6만5000선을... 철강·화학·전기기기 업종에서도 20% 수준의 순이익 증가가 예상된다. 일본 기업들이 원자재 가격 상승을 제품... ,https://magazine.hankyung.com/business/article/202605267810b,https://n.news.naver.com/mnews/article/050/0000106761?sid=101,"Sat, 30 May 2026 13:02:00 +0900",2026-06-02 09:17:32
철강/조선,철강 주가,"삼성전자 이어 하이닉스도 1조 달러, 한국 메모리 ‘두 번째 한강의 기...","이번 기록은 단순한 주가 급등 이상의 의미를 갖는다. 과거 메모리 반도체는 경기 변동에 따라 가격과... 20세기 한국 경제가 철강, 조선, 자동차, 전자산업을 통해 압축 성장을 이뤘다면, 2020년대 후반의 성장축은 AI... ",https://www.betanews.net/article/view/beta202605300013,https://www.betanews.net/article/view/beta202605300013,"Sat, 30 May 2026 11:04:00 +0900",2026-06-02 09:17:32
철강/조선,조선 산업,[김용삼 칼럼] &quot;조선은 일본 민중의 고혈 빨아먹는 흡혈귀&quot;,"조선총독부는 &quot;이 기회에 조선을 문명화·산업화하지 못하면, 장기적으로 조선은 일본제국 전체에 감당할 수 없는 거대한 짐(Poor Burden)이 될 것&quot;이라며 철도·도로·항만·발전소 건설 등 대규모 공사를 추진했다.문제는... ",https://www.pennmike.com/news/articleView.html?idxno=121434,https://www.pennmike.com/news/articleView.html?idxno=121434,"Tue, 02 Jun 2026 08:14:00 +0900",2026-06-02 09:17:33
철강/조선,조선 산업,"'한번에 싹, 한싹' ··· &quot;통합 보안 모델로 N2SF·AI 시장 공략&quot;","또한 상반기 출시한 일방향 전송 솔루션을 기반으로 국방부와 원자력·교통망 등 국가기반시설, 반도체·자동차·조선 등 핵심 제조 산업까지 시장 범위를 확대할 방침이다. 특히 국가사이버보안지침에서 정보화 예산... ",https://www.datanet.co.kr/news/articleView.html?idxno=212057,https://www.datanet.co.kr/news/articleView.html?idxno=212057,"Tue, 02 Jun 2026 08:00:00 +0900",2026-06-02 09:17:33
철강/조선,조선 산업,젠슨 황 만찬에 韓 로봇 스타트업…엔비디아 투자 접점 확대,"제조·물류·조선·철강 등 산업 현장에서 AI와 로봇을 결합하려는 수요가 커지면서, 고위험 산업 현장용 로봇이나 휴머노이드, 로봇 파운데이션 모델을 개발하는 스타트업이 엔비디아 생태계의 잠재 파트너로 부상하고... ",https://www.edaily.co.kr/news/newspath.asp?newsid=02496086645477784,https://n.news.naver.com/mnews/article/018/0006295689?sid=105,"Tue, 02 Jun 2026 07:01:00 +0900",2026-06-02 09:17:33
철강/조선,조선 산업,상해·난퉁서 열린 로드쇼…K조선 기자재 중국 공략 본격화,"중심의 수출 구조 전환이 가속화될 것이라는 전망도 나온다. 코트라는 앞으로도 중국 조선 산업의 지역별 클러스터를 활용해 맞춤형 진출 전략을 지원하고, 현지 바이어 매칭 및 기술 협력 확대를 지속 추진한다는 계획이다.",https://www.pinpointnews.co.kr/news/articleView.html?idxno=456976,https://www.pinpointnews.co.kr/news/articleView.html?idxno=456976,"Tue, 02 Jun 2026 06:46:00 +0900",2026-06-02 09:17:33
철강/조선,조선 산업,"[경상시론]로보트 태권브이 50주년, 한국 콘텐츠의 '출발점'을 다시 묻다","현대중공업의 조선 기술, 자동차 산업의 혁신 등을 배경으로 한 로봇 이야기를 구상한다면, 이는 단순히 지역 홍보 수단이 아닌 글로벌 시장에서 경쟁할 수 있는 독창적인 IP가 될 수 있다. 교육 역시 중요한 역할을 한다.... ",https://www.ksilbo.co.kr/news/articleView.html?idxno=1058262,https://www.ksilbo.co.kr/news/articleView.html?idxno=1058262,"Tue, 02 Jun 2026 00:04:00 +0900",2026-06-02 09:17:33
철강/조선,조선 산업,[시론] 지도자는 시대의 변화를 읽을 줄 알아야 한다,당시 세계 경제 전문가들은 자본과 기술이 부족한 한국이 철강·조선·자동차 산업을 육성하는 것은 무모한 도전이라고 평가했다. 그러나 박정희 정부는 포항제철 건설을 비롯해 조선·기계·화학 산업 육성에 국가 역량을... ,https://www.incheonilbo.com/news/articleView.html?idxno=1324231,https://www.incheonilbo.com/news/articleView.html?idxno=1324231,"Mon, 01 Jun 2026 20:06:00 +0900",2026-06-02 09:17:33
철강/조선,조선 산업,[현대해양 신간안내] 바다 위의 전쟁: 미국의 패권 전략,"중국의 조선산업 급성장과 남중국해 팽창에 맞서 미국이 인공지능·무인체계·동맹 네트워크로 대응하는 양상을 설명하며, 패권 경쟁이 기술·산업·공급망의 종합 경쟁으로 진화했음을 강조한다. 나아가 세계적 조선... ",https://www.hdhy.co.kr/news/articleView.html?idxno=34579,https://www.hdhy.co.kr/news/articleView.html?idxno=34579,"Mon, 01 Jun 2026 20:02:00 +0900",2026-06-02 09:17:33
철강/조선,조선 산업,'바다의 날 금탑산업훈장 수훈' 신태범 KCTC 회장,"신 회장은 계획조선 도입과 선박 건조 참여로 대한민국 해운·조선산업의 초기 기반을 마련하고, 고려해운의 재편과 KCTC의 종합물류기업 육성을 통해 해운산업 발전과 물동량 창출에 기여한 공로를 인정받았다. 신... ",https://www.hdhy.co.kr/news/articleView.html?idxno=34610,https://www.hdhy.co.kr/news/articleView.html?idxno=34610,"Mon, 01 Jun 2026 20:00:00 +0900",2026-06-02 09:17:33
철강/조선,조선 산업,경남도 &quot;올해 1~4월 누계 무역흑자 66.7억 달러&quot;,"경남 주력산업인 조선업 선박 수출액은 2022년 58억5000만 달러, 2023년 88억4000만 달러, 2024년 115억 달러, 2025년 139억 달러, 2026년 1~4월 44억4000만 달러 등 꾸준히 성장하며 매년 경남 총수출액의 30% 이상을... ",https://www.newsis.com/view/NISX20260601_0003652307,https://n.news.naver.com/mnews/article/003/0013980704?sid=102,"Mon, 01 Jun 2026 19:39:00 +0900",2026-06-02 09:17:33
철강/조선,조선 산업,울산 산업 대전환 vs 생활밀착 공약…표심 잡기 막판 총력전,"울산항을 북극항로 시대에 대비한 오일·가스 중심 에너지 물류 허브로 육성하고, 자동차·석유화학·조선산업을 친환경 미래산업으로 전환하겠다는 구상도 내놨다. 교통 분야에서는 KTX-산천 노선 확대 등을 통한 태화강역... ",https://www.iusm.co.kr/news/articleView.html?idxno=1063522,https://www.iusm.co.kr/news/articleView.html?idxno=1063522,"Mon, 01 Jun 2026 19:12:00 +0900",2026-06-02 09:17:33
철강/조선,조선 산업,"[상생의 힘, 기업가치를 올린다] 한화, 방산·조선·우주 국가전략산업...","안보 수요 확대와 조선업 재편, 우주 산업 성장에 동시에 대응하는 국가전략산업 기업으로 무게 중심을 옮기는 흐름이다. 핵심축은 방산이다. 한화에어로스페이스는 K9 자주포와 천무 다연장로켓, 레드백 장갑차 등을... ",https://www.g-enews.com/view.php?ud=202606011338107634112616b072_1,https://www.g-enews.com/view.php?ud=202606011338107634112616b072_1,"Mon, 01 Jun 2026 19:08:00 +0900",2026-06-02 09:17:33
철강/조선,조선 산업,중동 사태에도 수출 선전…경남 43개월 연속 무역수지 흑자,"경남 주력산업인 조선업은 지난 5년간 꾸준히 성장하며, 매년 경남 총수출액의 약 30% 이상을 점유하고 있다. 승용차는 대미 관세 영향 등으로 인해 전년 대비 수출액은 감소했으나, 올해 들어 점진적인 회복세를... ",http://www.gndomin.com/news/articleView.html?idxno=477367,http://www.gndomin.com/news/articleView.html?idxno=477367,"Mon, 01 Jun 2026 18:35:00 +0900",2026-06-02 09:17:33
철강/조선,조선 산업,중동 리스크 뚫은 경남 수출…43개월 연속 무역수지 흑자,"경남의 주력산업인 조선업은 최근 5년간 지속적인 성장세를 보이며 매년 전체 수출의 30% 이상을 차지하고 있다. 선박 수출액은 2022년 58억5000만 달러에서 2023년 88억4000만 달러, 2024년 115억 달러, 2025년 139억... ",https://www.kukinews.com/article/view/kuk202606010192,https://www.kukinews.com/article/view/kuk202606010192,"Mon, 01 Jun 2026 18:18:00 +0900",2026-06-02 09:17:33
철강/조선,조선 산업,"김선민 거제시장 후보, &quot;산업도시 넘어 대한민국 대표 문화해양도시로...",김선민 국민의힘 거제시장 후보는 1일 &quot;거제를 관광·조선산업도시를 넘어 예술·문화가 시민의 일상이 되는 품격있는 대한민국 대표 문화해양도시로 만들겠다&quot;라며 '거제형 문화예술도시 프로젝트'를 발표했다. 김선민... ,http://www.enewstoday.co.kr/news/articleView.html?idxno=2434979,http://www.enewstoday.co.kr/news/articleView.html?idxno=2434979,"Mon, 01 Jun 2026 18:00:00 +0900",2026-06-02 09:17:33
철강/조선,조선 산업,"울산지노위, 현대차 원청교섭 결론 못 내…3차 심문 간다",이 때문에 이번 판단은 현대차뿐 아니라 자동차·조선·철강 등 산업계 전반에 영향을 미칠 선례가 될 것으로 평가된다. 특히 현대차 원청 사용자성이 인정될 경우 향후 원청 기업들이 다수의 하청노조와 직접 교섭해야... ,https://www.ddaily.co.kr/page/view/2026060114443967200,https://n.news.naver.com/mnews/article/138/0002229600?sid=101,"Mon, 01 Jun 2026 17:59:00 +0900",2026-06-02 09:17:33
철강/조선,조선 산업,"엔비디아 젠슨 황 효과…네이버, 3거래일 상승률 36% 급등",네이버클라우드는 엔비디아 인프라를 기반으로 소버린 AI와 조선·보안 등 산업 특화 AI 모델 개발을 추진한다. 이 때문에 주식 시장에서 네이버 평가 축도 바뀌는 모습이다. 기존에는 검색·광고·커머스 중심의... ,https://www.edaily.co.kr/news/newspath.asp?newsid=04706806645477456,https://n.news.naver.com/mnews/article/018/0006295570?sid=105,"Mon, 01 Jun 2026 17:49:00 +0900",2026-06-02 09:17:33
철강/조선,조선 산업,중동 사태에도 수출 선전…경남 43개월 연속 무역수지흑자,"경남 주력산업인 조선업은 지난 5년간 꾸준히 성장하며*, 매년 경남 총수출액의 약 30% 이상을 점유하고 있다. 승용차는 대미 관세 영향 등으로 인해 전년 대비 수출액은 감소했으나, 올해 들어 점진적인 회복세를... ",https://www.newsgn.com/news/articleView.html?idxno=554855,https://www.newsgn.com/news/articleView.html?idxno=554855,"Mon, 01 Jun 2026 17:34:00 +0900",2026-06-02 09:17:33
철강/조선,조선 산업,"HMM, 불확실성에도 1분기 1.5조 선박 투자",프랑스의 해운·조선산업 분석 기관 알파라이너에 따르면 글로벌 1위 선사인 스위스 MSC의 5월 말 기준 컨테이너 선복량은 731만9500TEU(1TEU는 20피트 컨테이너 1개) 규모로 시장점유율 21.6%를 차지하고 있다. 반면 HMM의... ,http://www.hansbiz.co.kr/news/articleView.html?idxno=841903,http://www.hansbiz.co.kr/news/articleView.html?idxno=841903,"Mon, 01 Jun 2026 17:16:00 +0900",2026-06-02 09:17:33
철강/조선,선박 수주,K조선 ‘세계 최대 선주국’ 총집결…친환경·차세대 선박 세일즈,"글로벌 선주들과의 수주 접점을 넓히는 동시에 친환경 선박과 차세대 해양 기술 경쟁력을 적극 알린다는 방침이다. 2일 업계에 따르면 HD현대·HD현대중공업·HD현대삼호, 한화오션, 삼성중공업, HJ중공업, 케이조선 등... ",https://biz.heraldcorp.com/article/10761937?ref=naver,https://n.news.naver.com/mnews/article/016/0002650985?sid=101,"Tue, 02 Jun 2026 08:56:00 +0900",2026-06-02 09:17:33
철강/조선,선박 수주,美 &quot;한국서 군함 만들 수도...&quot; K조선에 열린 2조8천억원 기회,반면 한국은 세계 최고 수준의 상선 건조 역량을 바탕으로 최근 미 해군 함정 유지·보수·정비(MRO) 사업에... 핀란드에서 초기 선박을 건조하고 이후 미국 루이지애나주 조선소에서 후속 물량을 생산하기로 했다. 현재... ,http://www.fnnews.com/news/202606020839417853,https://n.news.naver.com/mnews/article/014/0005529388?sid=101,"Tue, 02 Jun 2026 08:48:00 +0900",2026-06-02 09:17:33
철강/조선,선박 수주,"한화오션, 美 해군 함정 조달판 진입 기회…필리조선소 역할 '주목'","기존 필리조선소가 맡아온 상선·공공선박과 달리 이들 함정은 전투체계와 센서, 통신·암호 장비 등이 결합되는 만큼 높은 수준의 보안 요건이 요구된다. 필리조선소가 FCL 취득과 보안 심사 대응 인력 확보에 나선 것도... ",https://www.pinpointnews.co.kr/news/articleView.html?idxno=456875,https://www.pinpointnews.co.kr/news/articleView.html?idxno=456875,"Tue, 02 Jun 2026 08:24:00 +0900",2026-06-02 09:17:33
철강/조선,선박 수주,[인더리포트] 하반기 해운·조선업 환경 변화 본격화…국내 기업 대응력...,"HD한국조선해양, 삼성중공업, 한화오션 등 조선 3사 입장에서는 친환경 선박 교체 수요, 에너지 운송 수요, 지정학적 리스크에 따른 선복 재편이 수주 기회로 연결될 수 있습니다. 특히 LNG선은 에너지 안보와 장기 운송... ",https://www.inthenews.co.kr/news/article.html?no=87539,https://www.inthenews.co.kr/news/article.html?no=87539,"Tue, 02 Jun 2026 08:02:00 +0900",2026-06-02 09:17:33
철강/조선,선박 수주,"대한조선, 원유운반선 2척 수주..올해 15척 수주",이번 계약 금액은 선박 한 척당 천4백14억 원으로 올해 대한조선이 수주한 선박 가운데 최고가입니다. 올해 들어 모두 15척의 선박을 수주한 대한조선은 2천29년 말까지 건조 물량을 확보하며 안정적인 일감을 이어가게... ,https://mpmbc.co.kr/NewsArticle/1521205,https://mpmbc.co.kr/NewsArticle/1521205,"Tue, 02 Jun 2026 08:00:00 +0900",2026-06-02 09:17:33
철강/조선,선박 수주,"中 친환경 선박 전환 속도…코트라, K-조선기자재 진출 지원","중국은 선박 수주 규모는 빠르게 커지고 있지만 핵심 기자재 국산화율은 아직 낮아 한국 기업의 진출 여지가 있다는 평가다. 대한무역투자진흥공사(코트라)는 부산시, 부산조선해양기자재공업협동조합과 함께 지난달... ",https://biz.heraldcorp.com/article/10761110?ref=naver,https://n.news.naver.com/mnews/article/016/0002650926?sid=101,"Tue, 02 Jun 2026 06:01:00 +0900",2026-06-02 09:17:33
철강/조선,선박 수주,K조선 ‘수퍼 호황’… 영업이익률 두자릿수 기업 잇따라,"3원으로 최근 1년 새 1450원 안팎을 계속 오가고 있다. 조선업계 관계자는 “선주가 선박 대금을 공정에 따라 단계별로 지급하는 만큼, 수주 계약 당시보다 배값을 더 비싸게 받는 효과가 생기고 있다”고 했다.",https://www.chosun.com/economy/industry-company/2026/06/02/O3OKGSVE45GD5G422JAWUVXRXY/?utm_source=naver&utm_medium=referral&utm_campaign=naver-news,https://n.news.naver.com/mnews/article/023/0003979665?sid=101,"Tue, 02 Jun 2026 00:32:00 +0900",2026-06-02 09:17:33
철강/조선,선박 수주,"HD한국조선해양, 초대형 가스운반선 8척 수주","특히 최근 조선·해양분야 수주내역을 보면 LNG선, LPG선, 초대형암모니아선(VLAC) 등 고부가 선박 비중이 높아 실적 개선에도 영향을 주고 있다. 조선업계 관계자는 &quot;HD한국조선해양이 LNG선뿐 아니라... ",https://www.ksilbo.co.kr/news/articleView.html?idxno=1058324,https://www.ksilbo.co.kr/news/articleView.html?idxno=1058324,"Tue, 02 Jun 2026 00:04:00 +0900",2026-06-02 09:17:33
철강/조선,선박 수주,조선업 훈풍에 전남 서남부 기업 심리 꿈틀,전남 서남부의 주력 산업인 선박·보트 건조업이 수주 호조를 바탕으로 지역 경기 전반을 끌어올리고 있는 모양새다. 비제조업 CBSI는 103.4로 전월 대비 무려 10.7포인트 상승했다. 전국 비제조업 CBSI(97.5)를 5.9포인트... ,http://www.gjdream.com/news/articleView.html?idxno=669882,http://www.gjdream.com/news/articleView.html?idxno=669882,"Tue, 02 Jun 2026 00:02:00 +0900",2026-06-02 09:17:33
철강/조선,선박 수주,"엔케이텍, 대전 수소트램 충전 인프라 최종 수주","이번 수주를 계기로 엔케이텍은 NK그룹 내 수소 충전 인프라 전문 계열사로서의 역할을 갖추게 됐다. 실제로 NK그룹은 엔케이(산업용 고압제어기술 기반 선박용 방재시스템), 엔케이에더먼트(한국형 잠수함사업), 엔케이텍... ",https://www.ggilbo.com/news/articleView.html?idxno=1161515,https://www.ggilbo.com/news/articleView.html?idxno=1161515,"Mon, 01 Jun 2026 21:00:00 +0900",2026-06-02 09:17:33
철강/조선,선박 수주,美 경쟁사 공백 파고든 HJ重… 두자릿수 영업이익률 가시권,"상선 부문에서 수익성 높은 선박 위주로 선가 믹스 개선이 본격화되고, 고마진 알짜 사업인 미국 유지... DS투자증권에 따르면 현재 미국 프라임 조선사인 텍스트론 시스템즈의 납기 지연이 심각한 수준이다. SSC... ",http://www.fnnews.com/news/202606011819362220,https://n.news.naver.com/mnews/article/014/0005529235?sid=101,"Mon, 01 Jun 2026 18:21:00 +0900",2026-06-02 09:17:33
철강/조선,선박 수주,&quot;하반기 수주도 확실하게&quot;… 아테네에 집결한 정기선·최성안,"업계에서는 신규 선박 발주와 기술 협력, 투자 논의가 이뤄지는 '수주 전초기지'로 평가한다.특히 국내 조선사 최고경영진이 직접 행사장을 찾아 주요 고객사와 연쇄 회동에 나설 예정인 만큼, 대형 수주 성사 여부는... ",https://www.asiatoday.co.kr/kn/view.php?key=20260602010000430,https://www.asiatoday.co.kr/kn/view.php?key=20260602010000430,"Mon, 01 Jun 2026 18:00:00 +0900",2026-06-02 09:17:33
에너지/석유,에너지 주가,[뉴욕증시포커스] 기술주가 끌고 유가 급등 눌렀다…3대지수 또 사상 최...,증시 상승은 대형 기술주가 주도했다. 엔비디아는 PC용 신규 프로세서 공개 기대감에 6.26% 급등했고... 실제로 이날 S&amp;P500 업종 가운데 기술주 외에 상승한 업종은 에너지 정도에 그칠 만큼 기술주 랠리가 시장... ,https://www.goodkyung.com/news/articleView.html?idxno=287696,https://www.goodkyung.com/news/articleView.html?idxno=287696,"Tue, 02 Jun 2026 08:44:00 +0900",2026-06-02 09:17:34
에너지/석유,에너지 주가,"[해외시황] 뉴욕증시, 유가 급등에도 엔비디아發 AI 랠리에 '사상 최고치...","04%)의 주가는 일제히 하락세로 거래를 마감했다. 업종별로 살펴보면 IT, 에너지 섹터만 오름세를 보였고, 나머지 모든 섹터는 하락세를 면치 못했다. 미국채 금리는 오름세를 보였다. 경기 동향을 잘 반영하는... ",http://www.newsprime.co.kr/news/article.html?no=735417,http://www.newsprime.co.kr/news/article.html?no=735417,"Tue, 02 Jun 2026 08:36:00 +0900",2026-06-02 09:17:34
에너지/석유,에너지 주가,[증시 포인트] 상승 출발 예상...차익실현 매물 출회 가능성도,특히 엔비디아가 AI 노트북 시장 진출을 공식화하며 6% 이상 급등한 것을 비롯해 반도체 및 하드웨어주가... IM증권은 &quot;미 증시 S&amp;P500 섹터 중 테크와 에너지 업종으로 쏠림 현상이 지속되는 가운데 금일 국내증시도... ,http://www.opinionnews.co.kr/news/articleView.html?idxno=139405,http://www.opinionnews.co.kr/news/articleView.html?idxno=139405,"Tue, 02 Jun 2026 08:34:00 +0900",2026-06-02 09:17:34
에너지/석유,에너지 주가,이란 협상 불안에도 뉴욕증시 최고치…엔비디아 6%대 강세에 3대 지수 신...,"이 소식에 엔비디아 주가는 6.26% 급등했고, 관련 기대감이 PC 제조업체로도 확산됐다. 엔비디아 칩 탑재... 중동 정세 악화가 에너지 가격 상승으로 이어질 수 있다는 우려가 커지며 국제유가는 장중 급등세를 보였다.... ",http://www.joseilbo.com/news/news_read.php?uid=569292&class=53&grp=,https://n.news.naver.com/mnews/article/123/0002383997?sid=101,"Tue, 02 Jun 2026 08:31:00 +0900",2026-06-02 09:17:34
에너지/석유,에너지 주가,신사업 카드 꺼낸 알로이스…경영권 분쟁 속 표심 노렸나,"범위를 로아앤코, 에스엘에너지, 넥스턴앤롤코리아, 다이나믹디자인, 이브이첨단소재 등 그룹사 전반으로... 실제 알로이스 주가는 최근 수년간 1000원대 박스권에서 움직이며 뚜렷한 재평가를 받지 못했다. 결국 광통신·AI... ",https://dealsite.co.kr/articles/162741,https://dealsite.co.kr/articles/162741,"Tue, 02 Jun 2026 08:26:00 +0900",2026-06-02 09:17:34
에너지/석유,에너지 주가,[EBN 포커스]&quot;주가는 불장인데 장바구니는 비명&quot;…3% 물가의 역설,중동 전쟁 장기화 여파로 국제 에너지 가격이 상승하면서 석유류 물가는 전년 동월 대비 24.2% 급등했다.... 있다&quot;며 &quot;주가와 물가의 괴리가 커질수록 경제 전반의 양극화 문제도 더욱 부각될 수 있다&quot;고 말했다. AI와... ,https://www.ebn.co.kr/news/articleView.html?idxno=1710951,https://www.ebn.co.kr/news/articleView.html?idxno=1710951,"Tue, 02 Jun 2026 08:24:00 +0900",2026-06-02 09:17:34
에너지/석유,에너지 주가,"코스피, 사상 최고치 행진… 9,000선 돌파 눈앞!","이번 급등은 대형 기술주가 사실상 이끌었다. 유가증권시장에서 개인은 3,862억원, 기관은 2조4,427억원을... 브렌트유 8월물은 4.2%, 서부텍사스산원유 선물은 5.5% 상승 마감했지만, 시장은 에너지 충격 자체보다 확전... ",https://www.tokenpost.kr/news/market/365276,https://www.tokenpost.kr/news/market/365276,"Tue, 02 Jun 2026 08:12:00 +0900",2026-06-02 09:17:34
에너지/석유,에너지 주가,뉴욕증시 연일 사상 최고치 경신...엔비디아 효과 강세-[글로벌 마감 시...,에너지주는 오늘 유가가 다시 반등하면서 1.86% 강세를 보였지만 기술주가 그야말로 홀로 질주하고 있습니다. 기술 섹터 홀로 2.48% 상승한 반면 소비재 관련 섹터는 전반적으로 부진했고요. 유틸리티주도 3% 내리고... ,http://www.wowtv.co.kr/NewsCenter/News/Read?articleId=A202606020217&t=NN,https://n.news.naver.com/mnews/article/215/0001254047?sid=101,"Tue, 02 Jun 2026 08:05:00 +0900",2026-06-02 09:17:34
에너지/석유,에너지 주가,[뉴욕마켓워치] 트럼프가 되살린 합의 기대…주식·달러↑채권 혼조,"에너지는 1.86% 올랐다. 나머지 업종은 모두 하락한 가운데 유틸리티가 3% 이상 떨어졌다. 임의소비재도 3% 가까이 하락했고 의료건강과 통신서비스, 필수소비재, 부동산도 1% 이상 내렸다. 전반적으로 기술주가 증시를... ",https://news.einfomax.co.kr/news/articleView.html?idxno=4417877,https://news.einfomax.co.kr/news/articleView.html?idxno=4417877,"Tue, 02 Jun 2026 08:04:00 +0900",2026-06-02 09:17:34
에너지/석유,에너지 주가,Circle 주가 7% 급락에도 기관 매수세 유입…USDC 성장 둔화 속 엇갈린 전...,Circle 주가 7% 급락에도 기관 매수세 유입…USDC 성장 둔화 속 엇갈린 전망 Circle Internet Group(티커 CRCL)... 에너지 가격 상승과 채권 수익률 하락이 이중 리스크로 Circle의 수익 모델은 USDC를 뒷받침하는... ,https://www.tokenpost.kr/news/cryptocurrency/365274,https://www.tokenpost.kr/news/cryptocurrency/365274,"Tue, 02 Jun 2026 08:04:00 +0900",2026-06-02 09:17:34
에너지/석유,에너지 주가,기술주 주도 미 증시 사상 최고치 경신… 엔비디아 PC 칩 공개·오픈AI 로...,"이에 따라 대표적 에너지 기업인 엑손모빌의 주가도 상승세를 기록했습니다. ■ &quot;우리도 로봇 만든다&quot;… 오픈AI, '로보틱스 부서' 출범에 테슬라 위협오픈AI의 샘 올트먼 CEO가 SNS를 통해 로봇 전담 부서인 '오픈AI... ",http://www.wowtv.co.kr/NewsCenter/News/Read?articleId=A202606020160&t=NN,https://n.news.naver.com/mnews/article/215/0001254045?sid=101,"Tue, 02 Jun 2026 08:04:00 +0900",2026-06-02 09:17:34
에너지/석유,에너지 주가,"IREN, 마이크로소프트와 36억 5000만 달러 GPU 투자로 AI 클라우드 전환...","IREN의 주가는 이날 65.33달러에 거래를 마치며 전일 대비 2.82% 상승했다. 이번 금융 계약은 미국 사모... IREN은 북미, 유럽, 아시아태평양 지역의 재생에너지가 풍부한 지역에 전력망이 연결된 토지와 전력 자산... ",https://www.tokenpost.kr/news/cryptocurrency/365273,https://www.tokenpost.kr/news/cryptocurrency/365273,"Tue, 02 Jun 2026 08:02:00 +0900",2026-06-02 09:17:34
에너지/석유,에너지 주가,[3분증시] 뉴욕증시 3대 지수 유가 반등에도 '최고치' 마감,"▶ 뉴욕증시 3대 지수 유가 반등에도 '최고치' 마감 뉴욕증시 3대 주가지수가 모두 사상 최고치로... 에너지 업종은 강세를 보였습니다. 마라톤 페트롤리엄은 3% 상승했고, 엑슨모빌은 2.84%, 셰브론은 1.85% 올랐습니다.... ",http://www.yonhapnewstv.co.kr/news/MYH202606020801502F0,https://n.news.naver.com/mnews/article/422/0000870548?sid=101,"Tue, 02 Jun 2026 08:02:00 +0900",2026-06-02 09:17:34
에너지/석유,석유 시장,"미국 전략 비축유 대규모 방출...재고, 2024년 1월 이후 최저","트럼프 행정부는 바이든 행정부보다 훨씬 빠른 속도로 석유 비축량을 소진하고 있다고 CNN은 지적했습니다. 지난 2월 말 전쟁이 개시된 이후 트럼프 행정부는 비축유에서 약 5천800만 배럴을 시장에 풀었는데, 이는... ",https://www.ytn.co.kr/_ln/0104_202606020913574800,https://n.news.naver.com/mnews/article/052/0002360948?sid=104,"Tue, 02 Jun 2026 09:13:00 +0900",2026-06-02 09:17:35
에너지/석유,석유 시장,"윤홍근 BBQ 회장, 석유대국 브루나이에 'K치킨' 전파","국가지만 석유, 천연가스 등 천연자원이 풍부해 동남아 최고 수준의 구매력을 갖춘 고소득 국가로 꼽힌다. 이미 맥도날드와 피자헛, 졸리비, 데일리 퀸 등 다수의 글로벌 외식 기업들이 진출하며 시장성을 입증해... ",https://www.shinailbo.co.kr/news/articleView.html?idxno=5026433,https://www.shinailbo.co.kr/news/articleView.html?idxno=5026433,"Tue, 02 Jun 2026 09:12:00 +0900",2026-06-02 09:17:35
에너지/석유,석유 시장,"BBQ, 브루나이 MF 계약으로 동남아 고소득 할랄 시장 확대",동남아 무슬림 시장 공략 제너시스BBQ 그룹(BBQ)이 브루나이 현지 기업과 마스터 프랜차이즈(MF) 계약을 체결하며 동남아 고소득 할랄 시장 공략을 본격화한다고 2일 밝혔다. 석유‧천연가스 기반 자원 부국인... ,https://www.etoday.co.kr/news/view/2589828,https://www.etoday.co.kr/news/view/2589828,"Tue, 02 Jun 2026 09:02:00 +0900",2026-06-02 09:17:35
에너지/석유,석유 시장,"57개국 진출 BBQ, 이번엔 브루나이...고소득 무슬림 시장 승부수",이번 계약은 BBQ가 동남아시아 내 고소득 할랄 시장 공략을 강화하기 위한 전략의 일환으로 풀이된다. 브루나이는 인구 약 46만 명 규모의 국가지만 석유와 천연가스를 기반으로 성장한 대표적인 자원 부국으로 꼽힌다.... ,https://www.joongangenews.com/news/articleView.html?idxno=523146,https://www.joongangenews.com/news/articleView.html?idxno=523146,"Tue, 02 Jun 2026 09:00:00 +0900",2026-06-02 09:17:35
에너지/석유,석유 시장,"미국 전략비축유, 대규모 방출에 1980년대 이후 최저수준 근접","트럼프 행정부는 바이든 행정부보다 훨씬 빠른 속도로 석유 비축량을 소진하고 있다고 CNN은 짚었습니다. 지난 2월 말 전쟁이 개시된 이후 트럼프 행정부는 비축유에서 약 5천800만 배럴을 시장에 풀었는데, 이는... ",https://news.kbs.co.kr/news/pc/view/view.do?ncd=8575714&ref=A,https://n.news.naver.com/mnews/article/056/0012192210?sid=104,"Tue, 02 Jun 2026 08:46:00 +0900",2026-06-02 09:17:35
에너지/석유,석유 시장,"BBQ, 브루나이 진출…할랄 치킨 시장 넓힌다","석유와 천연가스 산업을 기반으로 성장한 자원 부국이다. 브루나이 정부 통계 기준 2025년 인구는 45만8600명이며, 세계은행 기준 2024년 1인당 국내총생산(GDP)은 3만3153달러다. 동남아시아에서 구매력이 높은 시장으로... ",https://www.edaily.co.kr/news/newspath.asp?newsid=02938886645477784,https://n.news.naver.com/mnews/article/018/0006295766?sid=101,"Tue, 02 Jun 2026 08:44:00 +0900",2026-06-02 09:17:35
에너지/석유,석유 시장,'고유가·고환율 충격' 5월 소비자물가 3.1% 상승…26개월만 최고(종합),"이는 시장 예상치를 웃도는 결과이기도 하다. 연합인포맥스가 최근 국내외 증권사 8곳을 대상으로 조사한 결과, 이들은 5월 소비자물가가 평균 2.96% 오를 것으로 내다봤다. 석유류 물가는 24.2% 상승하며 5월... ",https://news.einfomax.co.kr/news/articleView.html?idxno=4417899,https://news.einfomax.co.kr/news/articleView.html?idxno=4417899,"Tue, 02 Jun 2026 08:44:00 +0900",2026-06-02 09:17:35
에너지/석유,석유 시장,"미국 전략비축유, 대규모 방출에 1980년대 이후 최저수준 근접","트럼프 행정부는 바이든 행정부보다 훨씬 빠른 속도로 석유 비축량을 소진하고 있다고 CNN은 짚었다. 지난 2월 말 전쟁이 개시된 이후 트럼프 행정부는 비축유에서 약 5천800만배럴을 시장에 풀었는데, 이는 전체의 약... ",https://www.yna.co.kr/view/AKR20260602029300009?input=1195m,https://n.news.naver.com/mnews/article/001/0016113039?sid=104,"Tue, 02 Jun 2026 08:40:00 +0900",2026-06-02 09:17:35
에너지/석유,석유 시장,[이태경의 토지와 자유] 금리 인상 기조 명확히 천명한 한국은행,8회 연속 동결한 것인데 시장이 예상한 바였다. 중요한 건 한은이 이번 금통위에서 기준금리를 동결했다는... 석유류가 21.9 올라 러시아우크라이나 전쟁 초기인 2022년 7월(35.2) 이후 3년 9개월 만에 최고 상승률을... ,https://vop.co.kr/A00001694648.html,https://vop.co.kr/A00001694648.html,"Tue, 02 Jun 2026 08:38:00 +0900",2026-06-02 09:17:35
에너지/석유,석유 시장,“반도체주 쏠림에도 조정 없다…코스피 상승 지속”,시장의 우려가 커지고 있지만 소수 주도 업종의 수급 집중이 지수 조정으로 연결되지는 않는다는 점에서다.... 석유화학과 석유제품은 유가 상승 영향으로 수출 증가율이 반등했고 화장품은 성수기 효과로 견조한 흐름을... ,https://www.edaily.co.kr/news/newspath.asp?newsid=02879846645477784,https://n.news.naver.com/mnews/article/018/0006295750?sid=101,"Tue, 02 Jun 2026 08:34:00 +0900",2026-06-02 09:17:35
에너지/석유,석유 시장,이란 전쟁에 미국 5월 원유 수출 사상 최대... 베네수도 회복세,1일(현지시간) 로이터통신에 따르면 에너지 시장분석업체 케이플러 등의 선박 추적 데이터 분석 결과 5월... 이날 로이터통신이 유조선 이동 경로와 베네수엘라 국영석유회사(PDVSA)의 자료를 분석한 결과 5월... ,https://www.hankookilbo.com/news/article/A2026060208270004045?did=NA,https://n.news.naver.com/mnews/article/469/0000933977?sid=104,"Tue, 02 Jun 2026 08:32:00 +0900",2026-06-02 09:17:35
에너지/석유,석유 시장,"&quot;동남아 고소득 할랄 시장 공략&quot;…BBQ, 브루나이 MF 계약 체결",할랄 시장 공략에 나선다고 2일 밝혔다. 이번 계약을 체결한 현지 외식기업은 브루나이 수도 반다르 스리... 브루나이는 인구 약 46만 명 규모의 국가로 석유와 천연가스 산업을 기반으로 성장한 자원 부국이다. 국가... ,https://view.asiae.co.kr/article/2026060208280521956,https://n.news.naver.com/mnews/article/277/0005770733?sid=103,"Tue, 02 Jun 2026 08:28:00 +0900",2026-06-02 09:17:35
에너지/석유,석유 시장,'고유가·고환율 충격' 5월 소비자물가 3.1% 상승…26개월만에 최고(상보...,"이는 시장 예상치를 웃도는 결과이기도 하다. 연합인포맥스가 최근 국내외 증권사 8곳을 대상으로 조사한 결과, 이들은 5월 소비자물가가 평균 2.96% 오를 것으로 내다봤다. 석유류 물가는 24.2% 상승하며 5월... ",https://news.einfomax.co.kr/news/articleView.html?idxno=4417883,https://news.einfomax.co.kr/news/articleView.html?idxno=4417883,"Tue, 02 Jun 2026 08:08:00 +0900",2026-06-02 09:17:35
에너지/석유,정유 산업,"신한투자 &quot;정유화학, 공급차질 후폭풍…투자의견 '비중확대'&quot;",또 &quot;복합정제마진은 배럴당 26달러 수준의 강세를 유지하겠다&quot;며 &quot;운송용 비중이 63% 이상인 국내 정유사는 원가 안정화로 상방 모멘텀(동력)이 확대될 것&quot;이라고 판단했다. 글로벌 화학산업은 공급망 재편으로 비용곡선... ,https://www.yna.co.kr/view/AKR20260602031100008?input=1195m,https://n.news.naver.com/mnews/article/001/0016113048?sid=101,"Tue, 02 Jun 2026 08:47:00 +0900",2026-06-02 09:17:36
에너지/석유,정유 산업,[뉴욕증시] 엔비디아·델 기술주 랠리...3대 지수 동반 상승,"기술주 중심의 나스닥 종합지수는 114.18포인트(0.42%) 올랐으며, 다우존스30산업평균지수 역시 46.42포인트(0.09... 유가 급등에 힘입어 마라톤 페트롤리엄이 3.98% 상승했고, 엑손모빌(2.84%)과 셰브론(1.85%) 등 정유... ",https://www.g-enews.com/view.php?ud=202606020524443529e250e8e188_1,https://www.g-enews.com/view.php?ud=202606020524443529e250e8e188_1,"Tue, 02 Jun 2026 05:30:00 +0900",2026-06-02 09:17:36
에너지/석유,정유 산업,"[테크인사이트] 9조 대작 ‘샤힌’ 완공 목전…에쓰오일, ‘TC2C’ 혁신 ...",현재 12% 수준에 불과한 석화 사업 비중은 오는 2030년 25%까지 두 배 이상 확대된다. 에쓰오일 관계자는 “정유와 석화의 완벽한 수직 계열화를 완성해 위축된 K-석화 산업의 재도약을 이끌겠다”고 강조했다. gw89@,https://www.dnews.co.kr/uhtml/view.jsp?idxno=202606010952238990656,https://www.dnews.co.kr/uhtml/view.jsp?idxno=202606010952238990656,"Tue, 02 Jun 2026 05:20:00 +0900",2026-06-02 09:17:36
에너지/석유,정유 산업,[테크인사이트] 3~4배 수율의 역설…에쓰오일 샤힌이 NCC 감산 협상의 최...,"TC2C가 기존 30% 수율을 70% 이상으로 끌어올리는 것 뿐 아니라, 원료 조달부터 생산ㆍ가공 전과정이 하나로 연결된 정유-석화 통합형(COTC) 중심으로 산업 구조가 재편되는 ‘신호탄’이 될 가능성이 있다는 것이다. 또... ",https://www.dnews.co.kr/uhtml/view.jsp?idxno=202606010954176660658,https://www.dnews.co.kr/uhtml/view.jsp?idxno=202606010954176660658,"Tue, 02 Jun 2026 05:20:00 +0900",2026-06-02 09:17:36
에너지/석유,정유 산업,"정부, 오만과 자원·플랜트·물류 협력 확대…공급망 안정화 속도",김 장관은 두큼 정유공장과 마나 태양광 발전소 등 국내 기업들이 수행한 주요 프로젝트를 언급하며 신규 사업에도 한국 기업이 적극 참여할 수 있도록 관심과 지원을 당부했다. 물류 협력도 주요 의제로 다뤄졌다. 산업부... ,https://view.asiae.co.kr/article/2026060118594230509,https://n.news.naver.com/mnews/article/277/0005770612?sid=101,"Mon, 01 Jun 2026 18:59:00 +0900",2026-06-02 09:17:36
에너지/석유,정유 산업,"정부, 호르무즈 해협 우회 가능한 오만과 자원·물류 협력 강화","산업통상부 김정관 장관은 1일 까이스 빈 모하메드 알 유세프(Qais bin Mohammed Al Yousef) 오만... 김 장관은 그간 우리 기업이 두큼 정유공장, 마나 태양광 발전소 등 오만의 주요 플랜트 사업을 성공적으로 추진해온 점을... ",http://www.e-platform.net/news/articleView.html?idxno=102659,http://www.e-platform.net/news/articleView.html?idxno=102659,"Mon, 01 Jun 2026 18:26:00 +0900",2026-06-02 09:17:36
에너지/석유,정유 산업,급식노조까지 “진짜 사장 나와라”…노봉법 재심 신청 줄잇는 대기업,판정에 산업계 노사 갈등 장기화 우려 하청 노조 교섭 의무를 확대하는 이른바 ‘노란봉투법’을 둘러싸고... 정유업계인 SK에너지 사업장에서는 전국플랜트건설노동조합이 낸 신청에 대해 지노위가 원청 사용자성은... ,https://www.mk.co.kr/article/12063327,https://n.news.naver.com/mnews/article/009/0005688099?sid=101,"Mon, 01 Jun 2026 18:13:00 +0900",2026-06-02 09:17:36
에너지/석유,정유 산업,한은 금리 인상 신호···경기 민감한 산업계 긴장 역력,"건설을 비롯해 자동차, 정유, 석유화학 등 설비투자 비중이 높고 경기에 민감한 업종이 고금리 타격을 가장... 이에 따라 설비투자 비중이 높고, 경기에 영향을 크게 받는 건설, 자동차, 정유, 석유화학 등의 업종을 중심으로... ",https://www.koscaj.com/news/articleView.html?idxno=324366,https://www.koscaj.com/news/articleView.html?idxno=324366,"Mon, 01 Jun 2026 18:00:00 +0900",2026-06-02 09:17:36
에너지/석유,정유 산업,유가 폭등에 항공 승객 줄고 정유 생산 줄었다,중동전쟁 여파로 국제유가가 급등하면서 항공·정유업계 생산 지표가 일제히 악화된 것으로 나타났다.... 1일 국가데이터처와 국가통계포털(KOSIS)과 산업활동동향에 따르면 지난 4월 항공운송업 생산지수는 468.5로... ,https://www.namdonews.com/news/articleView.html?idxno=912260,https://www.namdonews.com/news/articleView.html?idxno=912260,"Mon, 01 Jun 2026 17:58:00 +0900",2026-06-02 09:17:36
에너지/석유,정유 산업,유가 급등에 여객·정유 직격탄…항공운송 13.5%↓,중동전쟁 장기화에 따른 국제 유가 급등 여파로 지난 4월 국내 항공 여객과 정유 부문 지표가 일제히 폭락하며 직격탄을 맞은 것으로 나타났다. 1일 국가데이터처 국가통계포털(KOSIS)과 산업활동동향에 따르면... ,https://news.tvchosun.com/site/data/html_dir/2026/06/01/2026060190301.html,https://n.news.naver.com/mnews/article/448/0000616092?sid=101,"Mon, 01 Jun 2026 17:11:00 +0900",2026-06-02 09:17:36
에너지/석유,정유 산업,"‘소동’ 하이닉스, ‘인명피해’ 한화에어로…무엇이 갈랐나",그러나 글로벌 화학·정유 산업에서는 대형 사고가 반드시 생산 공정에서만 발생하지 않는다. 미국 화학사고조사위원회(CSB)에 따르면 조사 대상 사고의 3분의 1 이상이 유지보수·정비 과정에서 발생했다. 설비를 멈추고... ,https://theviewers.co.kr/View.aspx?No=4097975,https://theviewers.co.kr/View.aspx?No=4097975,"Mon, 01 Jun 2026 16:28:00 +0900",2026-06-02 09:17:36
에너지/석유,정유 산업,"호르무즈 리스크 대응…정부, 오만과 에너지 협력 강화",김정관 산업통상부 장관은 1일 까이스 빈 모하메드 알 유세프 오만 경제특구자유구역청 의장과 화상 면담을... 국내 기업들은 두큼 정유공장과 마나 태양광 발전소 등 오만의 주요 프로젝트에 참여하며 사업 경험을... ,https://www.energy-news.co.kr/news/articleView.html?idxno=225796,https://www.energy-news.co.kr/news/articleView.html?idxno=225796,"Mon, 01 Jun 2026 16:28:00 +0900",2026-06-02 09:17:36
에너지/석유,정유 산업,자립을 준비하는 브라질 농업: 비료 공급망 안정화 대책과 비전,"브라질 비료 산업 개요 Embrapa(브라질 농업연구 공사)에 따르면 브라질은 세계 4위의 곡물 생산국이자 세계... 활용(정유공정) 마토그로수두술 UFN III 건설중 ㅇ (제품) 요소, 암모니아 ㅇ (진척도) 공정률 약 81% 선에서... ",http://dream.kotra.or.kr/kotranews/cms/news/actionKotraBoardDetail.do?SITE_NO=3&MENU_ID=180&CONTENTS_NO=1&bbsGbn=243&bbsSn=243&pNttSn=241485,http://dream.kotra.or.kr/kotranews/cms/news/actionKotraBoardDetail.do?SITE_NO=3&MENU_ID=180&CONTENTS_NO=1&bbsGbn=243&bbsSn=243&pNttSn=241485,"Mon, 01 Jun 2026 16:28:00 +0900",2026-06-02 09:17:36
에너지/석유,정유 산업,산업장관 &quot;호르무즈 밖 오만과 자원·물류 협력 가속화&quot;,"김정관 산업통상부 장관은 1일 까이스 빈 모하메드 알 유세프 오만 경제특구자유구역청 의장과 화상 면담을... 플랜트 분야에서는 두큼 정유공장, 마나 태양광 발전소 등 오만 주요 사업을 성공적으로 수행해온 한국... ",https://www.hankookilbo.com/news/article/A2026060111220005811?did=NA,https://n.news.naver.com/mnews/article/469/0000933873?sid=101,"Mon, 01 Jun 2026 16:21:00 +0900",2026-06-02 09:17:36
에너지/석유,정유 산업,중동전쟁 직격탄…항공·정유업 생산 급감,중동전쟁 장기화에 따른 국제유가 급등 여파로 국내 항공·정유업 생산이 급격히 위축된 것으로 나타났다. 1일 국가데이터처 국가통계포털(KOSIS)과 산업활동동향에 따르면 지난 4월 항공운송업 생산지수는 468.5로... ,http://www.metroseoul.co.kr/article/20260601500318,http://www.metroseoul.co.kr/article/20260601500318,"Mon, 01 Jun 2026 16:16:00 +0900",2026-06-02 09:17:36
에너지/석유,정유 산업,"韓-오만, 경제 협력 확대…'호르무즈 우회 거점' 활용하나","산업장관, 유세프 오만 경제특구자유구역청 의장과 면담 호르무즈 대체 오만 주요 항만 활용 방안 논의 관세... 김 장관은 그간 우리 기업이 두큼 정유공장, 마나 태양광 발전소 등 오만의 주요 플랜트 사업을 성공적으로... ",https://www.nocutnews.co.kr/news/6525999?utm_source=naver&utm_medium=article&utm_campaign=20260601040608,https://n.news.naver.com/mnews/article/079/0004152946?sid=101,"Mon, 01 Jun 2026 16:07:00 +0900",2026-06-02 09:17:36
화학/소재,화학 주가,"삼성증권 &quot;기아, 업종 내 저평가…목표가 24만원&quot;",또 &quot;삼성생명과 LG화학 사례처럼 보유 지분 가치 상승이 주가 재평가로 이어질 가능성이 크다&quot;고 분석했습니다. 2분기 실적 전망도 긍정적으로 제시했습니다. 임 연구원은 기아의 2분기 매출액을 31조9천억원... ,https://biz.sbs.co.kr/article_hub/20000313960?division=NAVER,https://n.news.naver.com/mnews/article/374/0000513571?sid=101,"Tue, 02 Jun 2026 09:01:00 +0900",2026-06-02 09:17:37
화학/소재,화학 주가,"&quot;에쓰오일, 중동전쟁 끝나도 정제마진 강세 계속&quot;-신한","신한투자증권이 에쓰오일(S-Oil)에 대해 투자의견 매수, 목표주가 14만원을 유지했다. 이진명 신한투자증권... 이어 &quot;오히려 전쟁 이전 대비 높아질 정제마진과 화학·윤활의 이익체력 확대 등을 감안하면 중장기 관점에서... ",https://www.mt.co.kr/stock/2026/06/02/2026060208394119913,https://n.news.naver.com/mnews/article/008/0005365972?sid=101,"Tue, 02 Jun 2026 08:54:00 +0900",2026-06-02 09:17:37
화학/소재,화학 주가,"삼성증권 &quot;기아, 업종 내 저평가…목표가 24만원&quot;","또 &quot;삼성생명과 LG화학의 사례와 같이 보유한 지분 가치 상승에 따라 기아의 주가 상승도 시간 문제일 가능성이 크다&quot;고 관측했다. 아울러 2분기 실적에 대해 &quot;매출 31조9천억원, 영업이익은 2조8천900억원, 영업이익률은... ",https://www.yna.co.kr/view/AKR20260602026400008?input=1195m,https://n.news.naver.com/mnews/article/001/0016113034?sid=101,"Tue, 02 Jun 2026 08:38:00 +0900",2026-06-02 09:17:37
화학/소재,화학 주가,"삼성證 &quot;기아, 실적이 끌고 모비스가 민다…목표가 24만원↑","이투데이=서청석 기자 | 삼성증권은 기아에 대해 기아의 주가는 상대적으로 저평가된 상태라며 삼성생명, LG화학과 같이 보유 지분 가치 상승에 따른 주가 상승은 시간 문제라며 투자의견은 '매수'로 유지하고... ",https://www.etoday.co.kr/news/view/2589800,https://www.etoday.co.kr/news/view/2589800,"Tue, 02 Jun 2026 08:24:00 +0900",2026-06-02 09:17:37
화학/소재,화학 주가,호실적에도 현대차 절반 가격…아직도 싼 기아[클릭 e종목],"임은영 삼성증권 연구원은 &quot;토요타가 유지하고 있는 미국 시장에서 가장 높은 중고차 가치도 기아가 역전할 가능성 높다&quot;며 &quot;삼성생명이나 LG화학의 사례와 같이, 보유한 지분 가치 상승에 따라 기아의 주가 상승도... ",https://view.asiae.co.kr/article/2026060117144471579,https://n.news.naver.com/mnews/article/277/0005770665?sid=101,"Tue, 02 Jun 2026 06:50:00 +0900",2026-06-02 09:17:37
화학/소재,화학 주가,'코스닥 드라마' 주연은 뭐하는 기업이길래[반도체 8대공정],테스는 플라스마 화학기상증착(PECVD) 기술을 극한으로 끌어올리며 낸드 필수 장비를 공급하고 있다. 3D 낸드플래시가 300단을 넘어 400단 수준으로 높아지는 등 적층 경쟁이 치열해지면서 테스 주가는 3개월간 74% 치솟았다.... ,https://magazine.hankyung.com/business/article/202605283444b,https://n.news.naver.com/mnews/article/050/0000106846?sid=101,"Tue, 02 Jun 2026 06:21:00 +0900",2026-06-02 09:17:37
화학/소재,화학 주가,"반도체 '쌓는'시대, 칩메이커 뒤에서 조용히 폭등…식각이 뭐길래[반도...",램리서치 주가는 1년 새 285% 폭등하며 같은 기간 엔비디아(57.6%)의 상승률을 4배 웃돌았고 반도체 노광장비... 기존 화학 용액 기반의 ‘습식 식각’은 액체가 회로 사이에 스며들어 미세 패턴을 무너뜨리는 한계가... ,https://magazine.hankyung.com/business/article/202605282920b,https://n.news.naver.com/mnews/article/050/0000106844?sid=101,"Tue, 02 Jun 2026 06:01:00 +0900",2026-06-02 09:17:37
화학/소재,화학 주가,"&quot;엔솔 적자에 본업 흑자 묻혔다&quot;…LG화학, 짙어지는 '지주사 할인’","과거 미국 인플레이션 감축법(IRA)에 대한 기대감으로 LG에너지솔루션의 주가는 폭등했지만 LG화학의 주가는 상승 탄력이 제한됐던 반면, 최근 전기차 업황이 악화되자 주가는 동반 하락하는 흐름이다.1일 금융감독원... ",https://www.asiatoday.co.kr/kn/view.php?key=20260601010000341,https://www.asiatoday.co.kr/kn/view.php?key=20260601010000341,"Tue, 02 Jun 2026 06:00:00 +0900",2026-06-02 09:17:37
화학/소재,화학 주가,"[사설]심화하는 K자 양극화, 이대론 지속가능 성장 어렵다",반도체 호황으로 주가가 치솟고 세수가 넘쳐나지만 반도체 이외 제조업의 생산과 수출은 감소 추세다.... 석유화학 등 전통 제조업과 내수 업종은 불황에 허덕이며 구조조정을 겪는 경우가 많다. 산업·업종별 경기... ,https://www.edaily.co.kr/news/newspath.asp?newsid=01653126645477784,https://n.news.naver.com/mnews/article/018/0006295661?sid=110,"Tue, 02 Jun 2026 05:01:00 +0900",2026-06-02 09:17:37
화학/소재,화학 주가,"소외된 은행주, 하반기 금리 인상이 반등 신호탄 될까",지난달 ‘KRX 은행’ 8%대 하락 최근 들어 주가가 부진했던 은행주(株)가 금리 인상 기대에 다시 주목받고... 반도체 수퍼사이클(초호황)의 직접적인 수혜를 입지 않은 KRX건설(96.22%)·KRX자동차(65.02%)·KRX에너지화학(29.47... ,https://www.chosun.com/economy/money/2026/06/02/ZB5G3IJAW5AW5BT7PQFAADDA5E/?utm_source=naver&utm_medium=referral&utm_campaign=naver-news,https://n.news.naver.com/mnews/article/023/0003979682?sid=101,"Tue, 02 Jun 2026 00:37:00 +0900",2026-06-02 09:17:37
화학/소재,화학 주가,"[올댓차이나] 中 증시, 미국 반도체 수출규제 강화에 속락…창업판 2.15...","반도체주와 통신장비주, 양조주, 전자화학주, 소재주가 약세를 면치 못했다. 은행주와 석탄주, 석유 관련주, 디미털 미디어주, 소프트웨어주는 견조하게 움직였다. 한우지가 5.50%, 창뎬과기 7.80... ",https://www.newsis.com/view/NISX20260601_0003652499,https://n.news.naver.com/mnews/article/003/0013980647?sid=104,"Mon, 01 Jun 2026 18:19:00 +0900",2026-06-02 09:17:37
화학/소재,화학 주가,"관세청, 1년 간 마약류 역대 최대 1181건·3233㎏ 적발 성과",수출 실적을 부풀려 재무제표를 과대 계상한 뒤 인위적으로 주가를 부양하거나 부정 상장하는 자본시장... 석유화학 업계의 숨통을 텄다. 이와 함께 관세청은 민생물가 안정을 위해 할당관세 품목의 신속유통을... ,https://www.korea.kr/news/policyNewsView.do?newsId=148965617&call_from=naver_news,https://www.korea.kr/news/policyNewsView.do?newsId=148965617&call_from=naver_news,"Mon, 01 Jun 2026 17:54:00 +0900",2026-06-02 09:17:37
화학/소재,화학 주가,"韓 M&amp;A 가뭄에…한투, 해외서 '돌파구'",글로벌 3대 사모펀드(PEF) 운용사인 미국 칼라일이 세계 최대 화학회사 독일 바스프의 도료·코팅 사업부를... 주가 급등으로 매도자와 인수자 간 가격 견해차가 커지면서 M&amp;A 성사 가능성이 낮아져서다. 원·달러 환율... ,https://www.hankyung.com/article/2026060114631,https://n.news.naver.com/mnews/article/015/0005293753?sid=101,"Mon, 01 Jun 2026 17:40:00 +0900",2026-06-02 09:17:37
화학/소재,화학 주가,"관세청, 마약 3233kg 적발…외환범죄 2조원 적발","특히 수출 실적을 부풀려 재무제표를 과대 계상한 뒤 인위적으로 주가를 부양하거나 부정 상장하는... 석유화학 업계의 숨통을 틔웠다. 민생물가 안정을 위해서는 할당관세 품목 신속 유통 촉진, 할당관세 악용... ",https://www.dailian.co.kr/news/view/1651297/?sc=Naver,https://n.news.naver.com/mnews/article/119/0003096775?sid=101,"Mon, 01 Jun 2026 17:35:00 +0900",2026-06-02 09:17:37
화학/소재,소재 산업,한 올의 실로 잇는 청주의 마음,"청주시와 청주시문화산업진흥재단(대표이사 변광섭)은 오는 7월 개최하는 유네스코 창의도시 청주 특별전... 참가자들은 위빙(Waving) 기법을 활용해 공동 작품 제작에 참여하게 되며, 친환경 소재를 활용한 '양말목... ",https://www.ccreview.co.kr/news/articleView.html?idxno=349438,https://www.ccreview.co.kr/news/articleView.html?idxno=349438,"Tue, 02 Jun 2026 09:08:00 +0900",2026-06-02 09:17:38
화학/소재,소재 산업,"&quot;톤당 150만원이 280만원 됐다&quot;…중소기업, 중동발 원가급등에 신음","업계에서 주로 사용하는 LLDPE(선형저밀도폴리에틸렌)는 식품 포장재와 산업용 필름, 비닐 포장재 등의 핵심 원료다. 원유를 기반으로 생산되는 대표적인 석유화학 소재인 만큼 국제 유가와 중동 지역 공급망 상황에... ",https://www.sidae.com/article/2026060209000980134,https://n.news.naver.com/mnews/article/417/0001145751?sid=101,"Tue, 02 Jun 2026 09:04:00 +0900",2026-06-02 09:17:38
화학/소재,소재 산업,중기중앙회 &quot;중동 사태 속 中企 94% 원가 부담 가중&quot;,"전기·전자부품 소재 사용 기업들을 중심으로 이뤄졌다. 조사 결과에 따르면, 중동 정세 악화 이후... 그는 또 &quot;포장재나 플라스틱 등 기초 원부자재의 공급 차질은 식품·생활용품 등 전방산업 전반의 생산 차질로 확산될... ",https://www.pinpointnews.co.kr/news/articleView.html?idxno=457039,https://www.pinpointnews.co.kr/news/articleView.html?idxno=457039,"Tue, 02 Jun 2026 09:04:00 +0900",2026-06-02 09:17:38
화학/소재,소재 산업,"우주 발사체 스타트업 '우나스텔라', 시리즈B 335억원 투자 유치","이번 라운드는 알토스벤처스가 주도하고, 산업은행, 스트롱벤처스, 산은캐피탈, 우리벤처파트너스... 지난해 5월 28일에는 회사 설립 약 3년 만에 전라남도 고흥 소재 자체 발사장에서 소형 발사체 ‘우나 익스프레스... ",https://www.edaily.co.kr/news/newspath.asp?newsid=03037286645477784,https://n.news.naver.com/mnews/article/018/0006295794?sid=105,"Tue, 02 Jun 2026 09:02:00 +0900",2026-06-02 09:17:38
화학/소재,소재 산업,중동발 공급망 쇼크…中企 10곳 중 7곳 “원자재값 20% 넘게 뛰었다”,전기·전자부품 소재 사용 기업을 중심으로 진행됐다. 조사 결과 중동 정세 이후 생산활동에 미친... 플라스틱 등 기초 원부자재 공급 차질은 식품·생활용품 등 전방산업의 생산 차질로 확산될 수 있다”고 말했다.,https://biz.heraldcorp.com/article/10761943?ref=naver,https://n.news.naver.com/mnews/article/016/0002650992?sid=101,"Tue, 02 Jun 2026 09:01:00 +0900",2026-06-02 09:17:38
화학/소재,소재 산업,GTX-D 연장∙광역 교통망 확충 기대…'원주 한양립스 더드림 아파트' 공...,"시내 소재 대학 1곳과 대학교 4곳, 대학원 3곳도 있어 편리하게 통학할 수 있다. 생활편의시설로는 롯데하이마트, AK백화점, 중앙시장 등이 있으며, 주변에는 원주기업도시와 문막·부론·동화·우산산업단지 등이 자리하고... ",https://www.delighti.co.kr/news/articleView.html?idxno=117155,https://www.delighti.co.kr/news/articleView.html?idxno=117155,"Tue, 02 Jun 2026 09:00:00 +0900",2026-06-02 09:17:38
화학/소재,소재 산업,"브룩필드(BN), 1억9100만주 자사주 매입·합병 추진…그래프테크(EAF)는 ...",그래프테크는 같은 날 공개한 지속가능성 보고서를 통해 전기로 제강 핵심 소재인 흑연 전극을 기반으로 글로벌 철강 산업의 탈탄소화를 지원하겠다는 전략을 재확인했다. 업계에서는 “전방 산업인 철강 경기... ,https://www.tokenpost.kr/news/market/365280,https://www.tokenpost.kr/news/market/365280,"Tue, 02 Jun 2026 09:00:00 +0900",2026-06-02 09:17:38
화학/소재,신소재 시장,"넥센타이어, 프리미엄 '엔페라 프리머스 UX' 출시…원타이어 전략 속도",국내 출시를 시작으로 아시아·태평양과 중동 시장에도 선보인다. 엔페라 프리머스 UX는 전작 대비 마모... 에너지 손실을 줄이는 신소재 기반 컴파운드를 적용해 타이어 수명을 늘리고 공기 저항을 최소화하는 사이드월... ,https://www.mt.co.kr/industry/2026/06/02/2026060209003156428,https://n.news.naver.com/mnews/article/008/0005365994?sid=101,"Tue, 02 Jun 2026 09:13:00 +0900",2026-06-02 09:17:38
화학/소재,신소재 시장,"넥센타이어, 프리미엄 타이어 '엔페라 프리머스 UX' 출시",국내 출시를 시작으로 아시아태평양과 중동 시장으로 확대할 계획이다. 신제품은 전작 대비 마모 성능을 20... 프리미엄 타이어 '엔페라 프리머스 UX(N'FERA Primus UX)' 제품 이미지 [사진=넥센타이어] 신소재 기반 컴파운드를... ,https://www.newspim.com/news/view/20260602000169,https://www.newspim.com/news/view/20260602000169,"Tue, 02 Jun 2026 09:13:00 +0900",2026-06-02 09:17:38
화학/소재,신소재 시장,"넥센타이어, 프리미엄 타이어 ‘엔페라 프리머스 UX’ 출시","타이어 시장 공략에 나선다. 넥센타이어는 국내 시장에 엔페라 프리머스 UX를 출시했다고 2일 밝혔다.... 에너지 손실을 줄이는 신소재 기반 컴파운드를 적용해 내구성을 높였으며, 공기 저항을 줄이는 사이드월... ",https://www.etoday.co.kr/news/view/2589837,https://www.etoday.co.kr/news/view/2589837,"Tue, 02 Jun 2026 09:06:00 +0900",2026-06-02 09:17:38
화학/소재,신소재 시장,"넥센타이어, 내연기관·전기차 아우르는 엔페라 프리머스 UX 출시",에너지 손실을 줄이는 신소재 기반 컴파운드를 적용해 타이어 수명을 늘렸고 사이드월 디자인으로 공기... 원타이어 전략을 기반으로 글로벌 시장에서 제품 라인업을 지속적으로 강화해 나갈 것”이라고 말했다.,https://www.sedaily.com/article/20050871?ref=naver,https://n.news.naver.com/mnews/article/011/0004626869?sid=101,"Tue, 02 Jun 2026 08:56:00 +0900",2026-06-02 09:17:38
화학/소재,신소재 시장,"넥센타이어, 원타이어 전략 ‘엔페라 프리머스 UX’ 선봬",-차종 구분 없이 단일 제품으로 대응 -아시아태평양·중동 시장 확대 넥센타이어가 프리미엄 타이어 '엔페라... 에너지 손실을 줄이는 신소재 기반 컴파운드를 적용해 타이어 수명을 늘렸다. 또 공기 저항을 최소화하는... ,http://autotimes.co.kr/detail.php?number=687924&thread=27,http://autotimes.co.kr/detail.php?number=687924&thread=27,"Tue, 02 Jun 2026 08:52:00 +0900",2026-06-02 09:17:38
화학/소재,신소재 시장,"넥센타이어, 프리미엄 타이어 '엔페라 프리머스 UX' 출시",국내 출시를 시작으로 아시아·태평양 및 중동 시장에도 선보이며 글로벌 교체용 타이어 시장 공략에 나설... 에너지 손실을 줄이는 신소재 기반 컴파운드를 적용해 타이어 수명을 늘리고 공기 저항을 최소화하는... ,https://www.edaily.co.kr/news/newspath.asp?newsid=02997926645477784,https://n.news.naver.com/mnews/article/018/0006295781?sid=103,"Tue, 02 Jun 2026 08:52:00 +0900",2026-06-02 09:17:38
화학/소재,신소재 시장,"넥센타이어, 전기차·내연기관 다 잡는 ‘엔페라 프리머스 UX’ 출시","넥센타이어가 지난 1일 국내 시장에 프리미엄 타이어 ‘엔페라 프리머스 UX’를 출시했다고 2일 밝혔다.... 에너지 손실을 줄이는 신소재 기반 컴파운드를 적용해 타이어 수명을 늘리고, 공기 저항을 최소화하는 사이드월... ",https://biz.chosun.com/industry/car/2026/06/02/TYTXTXP3LVFYFM33BLYZN3ALVA/?utm_source=naver&utm_medium=original&utm_campaign=biz,https://n.news.naver.com/mnews/article/366/0001168696?sid=103,"Tue, 02 Jun 2026 08:48:00 +0900",2026-06-02 09:17:38
화학/소재,신소재 시장,"바클레이즈 &quot;IBM, 엔비디아 전략 장착…비중확대&quot;","GPU 시장의 승리 공식을 그대로 따르는 것&quot;이라고 평가했다. 양자 컴퓨팅은 중앙처리장치(CPU)와 그래픽처리장치(GPU) 시대를 이어받아 시뮬레이션과 최적화 연산, 신소재 발견 등 기존 컴퓨터가 풀지 못한 난제들을... ",https://news.einfomax.co.kr/news/articleView.html?idxno=4417898,https://news.einfomax.co.kr/news/articleView.html?idxno=4417898,"Tue, 02 Jun 2026 08:44:00 +0900",2026-06-02 09:17:38
화학/소재,신소재 시장,"넥센타이어, 프리미엄 타이어 '엔페라 프리머스 UX' 출시","넥센타이어는 프리미엄 타이어 '엔페라 프리머스 UX(N'FERA Primus UX)'를 출시하고 글로벌 교체용 타이어 시장... 에너지 손실을 줄이는 신소재 기반 컴파운드를 적용해 타이어 수명을 늘렸으며, 공기 저항을 최소화하는... ",https://www.gpkorea.com/news/articleView.html?idxno=143344,https://www.gpkorea.com/news/articleView.html?idxno=143344,"Tue, 02 Jun 2026 08:34:00 +0900",2026-06-02 09:17:38
화학/소재,신소재 시장,"넥센타이어, 프리미엄 ‘엔페라 프리머스 UX’ 출시…“제품 라인업 지...",마모 성능 20% 강화…연비효율 개선 아태·중동 교체용 타이어 시장 공략 넥센타이어 프리미엄 타이어... 에너지 손실을 줄이는 신소재 기반 컴파운드를 적용해 타이어 수명을 늘리고 공기 저항을 최소화하는 사이드월... ,https://biz.heraldcorp.com/article/10761921?ref=naver,https://n.news.naver.com/mnews/article/016/0002650971?sid=101,"Tue, 02 Jun 2026 08:33:00 +0900",2026-06-02 09:17:38
화학/소재,신소재 시장,'제4회 황칠포럼' 27일 국회서 개최…토종 자원 '황칠' 세계화 여정,글로벌 시장으로의 도약을 논의하기 위해 마련했다. 황칠은 수천 건의 특허와 454편의 과학기술논문인용색인(SCI) 논문을 통해 천연 치유 및 신소재 물질로서의 가치가 입증된 우리 고유의 자원이다. 이번 포럼을 주최하는... ,https://www.etnews.com/20260602000031,https://n.news.naver.com/mnews/article/030/0003433545?sid=102,"Tue, 02 Jun 2026 08:31:00 +0900",2026-06-02 09:17:38
화학/소재,신소재 시장,"넥센타이어, 전기차·내연기관 공략..프리미엄 타이어 '엔페라 프리머스...",타이어 시장 공략에 나섰다. 넥센타이어가 프리미엄 타이어 '엔페라 프리머스 UX)'를 출시했다고 2일밝혔다.... 에너지 손실을 줄이는 신소재 기반 컴파운드를 적용해 타이어 수명을 늘렸다. 공기 저항을 최소화하는... ,https://kpenews.com/View.aspx?No=4098446,https://kpenews.com/View.aspx?No=4098446,"Tue, 02 Jun 2026 08:28:00 +0900",2026-06-02 09:17:38
화학/소재,신소재 시장,"넥센타이어, 프리미엄 타이어 '엔페라 프리머스 UX' 출시",국내 출시를 시작으로 아시아·태평양 및 중동 시장에도 선보이며 글로벌 교체용 타이어 시장 공략에... 에너지 손실을 줄이는 신소재 기반 컴파운드를 적용해 타이어 수명을 늘리고 공기 저항을 최소화하는 사이드월... ,https://view.asiae.co.kr/article/2026060208000269678,https://n.news.naver.com/mnews/article/277/0005770688?sid=103,"Tue, 02 Jun 2026 08:00:00 +0900",2026-06-02 09:17:38
화학/소재,신소재 시장,"日, 美 ‘제네시스 미션’ AI 동맹 전격 합류... ‘역대급 과학 안보 쇠...","1일(현지시각) 닛케이 아시아와 자산시장 소식통에 따르면, 일본과 미국 정부는 향후 5년간 인공지능 분야에... 자동화함으로써, 신소재나 에너지 개발 속도를 광속으로 끌어올리는 가치사슬 혁신을 목표로 한다. 이번... ",https://www.g-enews.com/view.php?ud=202606020745494010c8c1c064d_1,https://www.g-enews.com/view.php?ud=202606020745494010c8c1c064d_1,"Tue, 02 Jun 2026 07:48:00 +0900",2026-06-02 09:17:38
화학/소재,신소재 시장,[비바100] 서덕인 변호사 “정교한 가치 산정이 부동산 리스크 막는다…...,신소재공학을 전공하고 삼성전자 반도체 부문에 입사했던 그는 부동산에 대한 관심으로 감정평가사가 됐고... 감정평가 실무 경험을 바탕으로 감정평가 현장과 법무 현장을 오가는 서 변호사를 만나 부동산 시장의 주요... ,https://www.viva100.com/article/20260529500007,https://www.viva100.com/article/20260529500007,"Tue, 02 Jun 2026 07:02:00 +0900",2026-06-02 09:17:38
화학/소재,신소재 시장,[패트롤] 광주시-안성시-오산시-평택시,"구체적으로 성균관대 교수진이 전담한 신소재공학 과정을 비롯해 건국대의 첨단바이오공학, 경기대의... 전통시장 상권 내부 골목에서 지역 환경 정화와 세대 간 연대감 형성을 목표로 '2026년 1교1사 협력학교... ",https://www.ekn.kr/web/view.php?key=20260601026299851,https://www.ekn.kr/web/view.php?key=20260601026299851,"Mon, 01 Jun 2026 23:54:00 +0900",2026-06-02 09:17:38
화학/소재,신소재 시장,"박용선 포항시장 후보, '운동화 유세' 눈길…&quot;하루 1만5000보 걸으며 현...",국민의힘 박용선 포항시장 후보가 형식적인 차량 유세를 지양하고 하루 평균 1만 5000보 이상 포항 구석구석을... 재건하고 신소재를 비롯한 초혁신 미래 산업을 적극 육성하겠다&quot;며 &quot;이를 통해 양질의 일자리를 창출하고... ,https://www.getnews.co.kr/news/articleView.html?idxno=871388,https://www.getnews.co.kr/news/articleView.html?idxno=871388,"Mon, 01 Jun 2026 18:04:00 +0900",2026-06-02 09:17:38
통신/5G,통신 주가,"알파벳, AI 투자위해 121조원 유상증자…버크셔도 15조 베팅",블룸버그통신이 보도했다. 이날 발표된 성명에 따르면 이번 조달 방안에는 3분기부터 수시로 주식을... 알파벳 주가는 클래스C 기준 장 마감 후 1.55% 하락했다. 이날 정규장에서는 1%가량 내린 채 장을 마쳤다. 버크셔는... ,https://www.mt.co.kr/world/2026/06/02/2026060207452062674,https://n.news.naver.com/mnews/article/008/0005365974?sid=104,"Tue, 02 Jun 2026 08:55:00 +0900",2026-06-02 09:17:39
통신/5G,통신 주가,[브라질증시] 중동발 투심 위축에 이보베스파 5거래일 연속 하락…헤알...,"브라질 대표 주가지수인 이보베스파는 17만 2,197.45포인트로 0.91% 하락했다. 이는 지난 1월 21일 이후 가장 낮은 수준이다. 이란 국영 타스님 통신은 이날 오전 이란이 미국과의 소통을 중단했다고 보도했다. 하지만... ",https://www.newspim.com/news/view/20260602000159,https://www.newspim.com/news/view/20260602000159,"Tue, 02 Jun 2026 08:55:00 +0900",2026-06-02 09:17:39
통신/5G,통신 주가,'버핏의 15조' 수혈받은 구글…AI 수요 폭증 속 '초대형 증자' 승부수,"로이터 및 블룸버그 통신이 1일(현지시간) 인용한 발표에 따르면, 알파벳은 차세대 AI 인프라 확충에 투입할... 남아있는 400억 달러에 대해서는 주가 흐름을 살피며 증시 유동성에 맞춰 상시로 지분을 매각하는... ",https://www.youthdaily.co.kr/news/article.html?no=220111,https://www.youthdaily.co.kr/news/article.html?no=220111,"Tue, 02 Jun 2026 08:50:00 +0900",2026-06-02 09:17:39
통신/5G,통신 주가,"알파벳, AI 투자에 121조원 조달…버크셔도 15조원 참여",1일(현지시간) 블룸버그통신에 따르면 알파벳은 800억달러 규모의 주식 발행 패키지를 추진한다고 밝혔다.... 최근 12개월 동안 알파벳 주가가 두 배 이상 오른 점도 대규모 지분 조달에 나설 수 있는 배경이 됐다.... ,https://www.ajunews.com/view/20260602084546743,https://www.ajunews.com/view/20260602084546743,"Tue, 02 Jun 2026 08:48:00 +0900",2026-06-02 09:17:39
통신/5G,통신 주가,"KB운용 'RISE 네트워크인프라', 국내 주식형 ETF 수익률 1위",국내 대표 기술주들의 주가도 동반 상승세를 보이며 RISE 네트워크인프라 ETF의 성과를 이끌었다. RISE 네트워크인프라 ETF는 당초 5G 통신장비와 가입자망 장비 등 네트워크 인프라 밸류체인 기업에 투자하는... ,https://www.edaily.co.kr/news/newspath.asp?newsid=02958566645477784,https://n.news.naver.com/mnews/article/018/0006295771?sid=101,"Tue, 02 Jun 2026 08:47:00 +0900",2026-06-02 09:17:39
통신/5G,통신 주가,KB운용 'RISE 네트워크인프라 ETF' 국내주식형 수익률 1위,"메모리 반도체와 반도체 패키지 기판, 인쇄회로기판(PCB) 등 AI 인프라 핵심 부품 공급망 기업들의 주가 상승이 반영됐다는 설명이다. 이 상품은 원래 5세대 이동통신(5G) 장비와 네트워크 인프라 기업 중심... ",https://www.newsfreezone.co.kr/news/articleView.html?idxno=692654,https://www.newsfreezone.co.kr/news/articleView.html?idxno=692654,"Tue, 02 Jun 2026 08:44:00 +0900",2026-06-02 09:17:39
통신/5G,통신 주가,"미국 플로리다주, 오픈AI에 소송…&quot;위험 은폐해 챗GPT 출시&quot;",미국 플로리다주가 1일(현지시간) 생성형 인공지능(AI) 챗봇인 챗GPT 운영사인 오픈AI와 샘 올트먼 최고경영자(CEO)를 상대로 소송을 제기했다는 외신 보도가 나왔다. AP 통신 보도에 따르면 오픈AI가 범죄자를 돕고... ,https://news.tvchosun.com/site/data/html_dir/2026/06/02/2026060290056.html,https://n.news.naver.com/mnews/article/448/0000616206?sid=104,"Tue, 02 Jun 2026 08:37:00 +0900",2026-06-02 09:17:39
통신/5G,통신 주가,[뉴욕증시] 기술주 강세에 3대 지수 사상 최고…엔비디아 6%↑,"다만 엔비디아를 중심으로 한 AI 반도체와 소프트웨어주가 강세를 보이며 지정학적 우려를 상쇄했다. 로이터통신 등 외신에 따르면, 엔비디아는 이날 대만에서 열린 'GTC 타이베이' 행사에서 마이크로소프트와... ",https://www.shinailbo.co.kr/news/articleView.html?idxno=5026413,https://www.shinailbo.co.kr/news/articleView.html?idxno=5026413,"Tue, 02 Jun 2026 08:34:00 +0900",2026-06-02 09:17:39
통신/5G,통신 주가,"알파벳, AI 투자 위해 120조 원 유상증자…버크셔에 15조 원 배정","로이터·블룸버그통신이 1일(현지 시간) 보도했습니다. 알파벳은 공모 조달하는 700억 달러 가운데 300억... 알파벳의 A형 보통주 주가는 이날 정규장에서 1.04% 하락한 데 이어, 유상증자 소식이 알려진 이후 약 1.8... ",https://news.sbs.co.kr/news/endPage.do?news_id=N1008590611&plink=ORI&cooper=NAVER,https://n.news.naver.com/mnews/article/055/0001360980?sid=104,"Tue, 02 Jun 2026 08:32:00 +0900",2026-06-02 09:17:39
통신/5G,통신 주가,"미국 플로리다주, 오픈AI에 소송…“심각 위험 은폐해 챗GPT 출시”",미국 플로리다주가 현지 시각 1일 생성형 인공지능(AI) 챗봇인 챗GPT 운영사인 오픈AI와 샘 올트먼 최고경영자(CEO)를 상대로 소송을 제기했다고 AP 통신이 보도했습니다. 보도에 따르면 오픈AI가 범죄자를 돕고... ,https://news.kbs.co.kr/news/pc/view/view.do?ncd=8575694&ref=A,https://n.news.naver.com/mnews/article/056/0012192206?sid=104,"Tue, 02 Jun 2026 08:28:00 +0900",2026-06-02 09:17:39
통신/5G,통신 주가,"[모닝 리포트] &quot;KMW, 길게 보면 너무 싸다…목표가 7만원 유지&quot;","그는 &quot;2010년 이후 KMW는 연간 최대 국내에서 5000억원, 미국에서 2000억원에 달하는 매출액을 기록한 바 있으며, 미국 광통신주 주가매출비율(PSR)이 30배에 달하는 상황&quot;이라며 &quot;만약 미국과 한국 시장이 동시에 호황을... ",https://www.newspim.com/news/view/20260602000082,https://www.newspim.com/news/view/20260602000082,"Tue, 02 Jun 2026 08:23:00 +0900",2026-06-02 09:17:39
통신/5G,통신 주가,"뉴욕증시, 유가상승에도 3대 지수 사상 최고치...엔비디아 6%↑",이러한 유가의 움직임은 이날 이란 반관영 타스님통신이 &quot;이스라엘의 레바논 공격에 대한 보복으로... 한편 엔비디아는 인공지능(AI) 기능을 개인용 컴퓨터에 직접 탑재하는 새로운 칩 'N1 X'를 공개하며 주가가 6.... ,http://www.issuenbiz.com/news/articleView.html?idxno=77014,http://www.issuenbiz.com/news/articleView.html?idxno=77014,"Tue, 02 Jun 2026 08:10:00 +0900",2026-06-02 09:17:39
통신/5G,5G 산업,엔비디아 '휴머노이드 동맹'에 韓 기업 누가 합류할까,"젠슨 황 CEO는 휴머노이드 로봇이 피지컬 AI를 세계 최대 산업으로 가져오며 수조달러 규모의 경제적 기회를... 네이버 제2사옥 1784는 로봇과 디지털 트윈, 클라우드, 사내 5G를 결합한 기술 실험장으로 평가받는다.... ",https://news.einfomax.co.kr/news/articleView.html?idxno=4417872,https://news.einfomax.co.kr/news/articleView.html?idxno=4417872,"Tue, 02 Jun 2026 07:40:00 +0900",2026-06-02 09:17:40
통신/5G,5G 산업,"625m 대교 위에서 ‘라방’…화웨이, 오지까지 5G 확장",중국 공업정보화부에 따르면 올해 4월 기준 공장·항만 등 제조업 현장에 5G를 깔고 설비·로봇·AI 시스템 등을 실시간으로 연결하는 ‘5G+산업 인터넷’ 프로젝트의 적용 사례는 2만 5000건을 넘어섰다. 유선망 중심이던... ,https://www.sedaily.com/article/20050789?ref=naver,https://n.news.naver.com/mnews/article/011/0004626806?sid=104,"Tue, 02 Jun 2026 06:01:00 +0900",2026-06-02 09:17:40
통신/5G,5G 산업,일자리 찾아 대도시 갔던 中청년들 돌아온다…'디지털 혁명' 적중,"&quot; 화웨이가 기술 자립을 선언하며 반도체 산업 발전의 새로운 모델인 '타우(τ·중국명 타오(韬))의 법칙'을... 화웨이와 차이나모바일(중국이동)은 복잡한 산악지대인 이 곳에 4G, 5G 기지국 각 4개와 39개를 개통했다. 회사... ",https://www.news1.kr/world/northeast-asia/6184052,https://n.news.naver.com/mnews/article/421/0008978795?sid=104,"Tue, 02 Jun 2026 06:00:00 +0900",2026-06-02 09:17:40
통신/5G,5G 산업,"[EBN 오늘(1일) 이슈 종합] 'AI 황제' 젠슨황 방한, '젠슨 황 효과' 코스...",민주노총 전국화학섬유식품산업노동조합(화섬식품노조)은 1일 셀트리온 노동자들이 참여한 '셀트리온지회... ◆&quot;2만원대 5G 시대 열렸다&quot;…통신사들 AI서 돌파구 찾는다 SK텔레콤과 LG유플러스가 5G·LTE 통합요금제... ,https://www.ebn.co.kr/news/articleView.html?idxno=1710920,https://www.ebn.co.kr/news/articleView.html?idxno=1710920,"Mon, 01 Jun 2026 20:46:00 +0900",2026-06-02 09:17:40
통신/5G,5G 산업,[하반기 산업전망-통신] “통신3사 영업익 5조원대 복귀할 것”,아울러 김 연구원은 “5G 도입 후 이익 개선과 함께 주가가 상승 추세”라고 짚었다. 2019 4월 5G를 도입한 이래 2020 2월 실적부터 ARPU(Average Revenue Per User. 일정 기간 동안 고객 1명당 평균적으로 발생한... ,https://www.betanews.net/article/view/beta202606010098,https://www.betanews.net/article/view/beta202606010098,"Mon, 01 Jun 2026 19:14:00 +0900",2026-06-02 09:17:40
통신/5G,5G 산업,"젠슨 황, 이번엔 성수동 삼겹살 소맥?..총수들과 AI 회동","피지컬 AI는 AI가 로봇이나 자율주행차, 산업용 기계 등 실제 물리적 환경에서 행동하고 의사결정을... 네이버 1784는 로봇과 클라우드, 디지털 트윈, 5세대 이동통신(5G) 특화망 등 미래 기술이 집약된 공간으로... ",http://www.4th.kr/news/articleView.html?idxno=2112569,http://www.4th.kr/news/articleView.html?idxno=2112569,"Mon, 01 Jun 2026 17:44:00 +0900",2026-06-02 09:17:40
통신/5G,5G 산업,"&quot;제2 깐부는 나&quot; LG전자, 올해만 314% 올라…두산·네이버 '급등'(종합)","네이버 1784 사옥은 로봇과 클라우드, 디지털트윈, 5G 특화망 등 네이버의 첨단 미래 기술이 집약된... 물리적 산업&quot;이라며 &quot;전력기기, 변압기, 전력망, 냉각, 광통신, 네트워크, 서버, 로봇은 모두 AI 인프라의 하부... ",https://www.news1.kr/finance/general-stock/6184195,https://n.news.naver.com/mnews/article/421/0008978494?sid=101,"Mon, 01 Jun 2026 17:16:00 +0900",2026-06-02 09:17:40
통신/5G,5G 산업,"젠슨 황, 8일 네이버 1784 방문 유력…AI 동맹 확대 주목","네이버 1784는 로봇, 클라우드, 디지털트윈, 5G 특화망 등 다양한 신기술을 실험하는 테스트베드 역할을 하고... 여기에 엔비디아의 GPU, 옴니버스, 로보틱스 플랫폼이 결합되면 단순 서비스형 AI를 넘어 산업 전반으로... ",http://www.fntimes.com/html/view.php?ud=2026060117031020737fd637f543_18,http://www.fntimes.com/html/view.php?ud=2026060117031020737fd637f543_18,"Mon, 01 Jun 2026 17:14:00 +0900",2026-06-02 09:17:40
통신/5G,5G 산업,"젠슨 황, 이번주 방한…성수동 삼겹살 회동 추진","엔비디아를 이끄는 황 CEO와 국내 주요 그룹 총수들이 삼겹살을 앞에 두고 AI 산업 협력 방안을 논의하는... 1784는 로봇과 클라우드, 디지털트윈, 5세대 이동통신(5G) 특화망 등 네이버의 미래 기술이 집약된 공간이다.... ",http://www.inews24.com/view/1973083,https://n.news.naver.com/mnews/article/031/0001032267?sid=105,"Mon, 01 Jun 2026 16:56:00 +0900",2026-06-02 09:17:40
통신/5G,5G 산업,"젠슨 황, 네이버 '1784' 찾는다…'피지컬AI' 분야 협력 기대",AI·디지털트윈·모빌리티·클라우드·5G 등 다양한 첨단 기술이 건물과 유기적으로 연동된 테크 컨버전스... 이를 통해 반도체·조선·에너지·바이오 등 실제 산업 현장에 피지컬 AI 모델을 공급한다는 구상이다. 또한... ,https://news.tf.co.kr/read/economy/2328429.htm,https://n.news.naver.com/mnews/article/629/0000504108?sid=101,"Mon, 01 Jun 2026 16:38:00 +0900",2026-06-02 09:17:40
통신/5G,5G 산업,"유캐스트, 코스닥 상장 예비심사신청서 제출","또한 5G 특화망 구축 역량을 바탕으로 산업 현장의 디지털 전환 수요에도 대응하며 사업 영역을 확대하고 있다. 최근 AI, 로봇, 스마트팩토리 등 첨단 산업의 확산으로 안정적이고 독립적인 무선 통신망 수요가... ",https://www.fntoday.co.kr/news/articleView.html?idxno=385393,https://www.fntoday.co.kr/news/articleView.html?idxno=385393,"Mon, 01 Jun 2026 16:28:00 +0900",2026-06-02 09:17:40
통신/5G,5G 산업,"젠슨 황, 韓 기업인들과 성수서 ‘삼겹살 소맥’ 회동할 듯… KBO 시구 가...",당시 세 사람은 치킨과 맥주를 곁들인 만찬을 하며 AI와 미래 산업 협력 방안을 논의했다. 이번 성수동... 네이버 1784는 로봇·클라우드·디지털트윈·5G 특화망 등 네이버의 미래 기술이 집약된 공간으로 꼽힌다. 방문이... ,https://biz.chosun.com/it-science/ict/2026/06/01/2GF5DU3H3VF5NCCFVH47TYUOUI/?utm_source=naver&utm_medium=original&utm_campaign=biz,https://n.news.naver.com/mnews/article/366/0001168621?sid=105,"Mon, 01 Jun 2026 16:23:00 +0900",2026-06-02 09:17:40
통신/5G,5G 산업,"에티포스, ‘ISO 3종 통합 인증’ 취득…“글로벌 V2X 시장 공략 가속&quot;","특히 에티포스는 소프트웨어 정의 모뎀(SDM) 기반 5G-V2X 모뎀 상용화에 성공한 데 이어, 최근... 방위산업 등 고신뢰 직접통신 모뎀 시장으로 사업 영역을 확대하고 있다. 에티포스 관계자는 “ISO 3종 통합 인증은... ",https://biz.chosun.com/industry/business-venture/2026/06/01/WQKLDGYSYFDKLBU6YGOLZUJBNU/?utm_source=naver&utm_medium=original&utm_campaign=biz,https://n.news.naver.com/mnews/article/366/0001168619?sid=101,"Mon, 01 Jun 2026 16:15:00 +0900",2026-06-02 09:17:40
통신/5G,5G 산업,젠슨 황 이번주 방한…최태원·구광모·정의선·박정원 만난다,"1일 산업계에 따르면 황 CEO는 대만에서 열리는 엔비디아 연례 AI 콘퍼런스 ‘GTC 타이베이 2026’의 주요... 네이버 1784는 로봇, 클라우드, 디지털트윈, 5G 특화망 등 네이버의 미래 선도 기술이 총망라된 첨단 공간이다.",https://www.hankyung.com/article/202606011179i,https://n.news.naver.com/mnews/article/015/0005293676?sid=101,"Mon, 01 Jun 2026 16:12:00 +0900",2026-06-02 09:17:40
통신/5G,5G 산업,"AINA, 제9회 정례회의 개최…AWS와 국내 AI 네트워크 생태계 확산",AI 네트워크 얼라이언스(AINA) 산업융합위원회는 지난 5월 21일 서울 강남구 AWS 코리아 사옥에서 제9회 정례회의를 개최했다. 이번 정례회의는 △5G 코어 네트워크의 클라우드 전환 △ 온프레미스 인프라 △차세대... ,http://www.itdaily.kr/news/articleView.html?idxno=239596,http://www.itdaily.kr/news/articleView.html?idxno=239596,"Mon, 01 Jun 2026 16:12:00 +0900",2026-06-02 09:17:40
통신/5G,5G 산업,'AI 황제' 젠슨황 방한…성수동서 다시 뭉치는 재계 거물들,"AI 산업이 데이터센터 중심에서 실제 산업 현장과 로봇, 자율주행 영역으로 확장되고 있는 만큼 관련 협력... 로봇과 클라우드, 디지털트윈, 5G 특화망 등 첨단 기술이 실제 업무 환경에 적용된 대표적인 기술 플랫폼이다.... ",https://www.ebn.co.kr/news/articleView.html?idxno=1710889,https://www.ebn.co.kr/news/articleView.html?idxno=1710889,"Mon, 01 Jun 2026 16:04:00 +0900",2026-06-02 09:17:40
통신/5G,5G 산업,"젠슨황, 서울온다…5일, 재계총수 5인과 'AI협력' 확대","네이버 1784 사옥은 로봇과 클라우드, 디지털트윈, 5G 특화망 등 네이버의 미래 기술이 집약된 공간으로... 실물 산업으로 AI 적용 범위 확대가 이슈로 떠올랐기 때문이다. 특히 현대차그룹은 휴머노이드 로봇과 미래... ",https://www.shinailbo.co.kr/news/articleView.html?idxno=5026262,https://www.shinailbo.co.kr/news/articleView.html?idxno=5026262,"Mon, 01 Jun 2026 15:34:00 +0900",2026-06-02 09:17:40
통신/5G,5G 산업,퀄컴 '드래곤윙 IQ10 RRD' 전격 공개… 휴머노이드 로봇 시장 정조준 [컴...,등 산업용 로봇 제어에 필수적인 특수 통신 인터페이스를 기본 제공한다. 우분투 Linux 기반 인프라 위에서 구동돼 개발자 친화성을 높였고 와이파이와 블루투스 기능은 물론 5세대 이동통신(5G) 모듈 확장까지 지원해... ,https://www.ddaily.co.kr/page/view/2026053017061909376,https://n.news.naver.com/mnews/article/138/0002229560?sid=105,"Mon, 01 Jun 2026 15:15:00 +0900",2026-06-02 09:17:40
통신/5G,6G 개발,[올쇼TV] “USRP로 앞당기는 AI &amp; 6G 통신 연구의 미래” 6월 9일 생방송,"AI·6G 연구의 빠른 구현 방법'을 주제로 웨비나를 개최한다. 최근 AI와 6G 통신 연구는 단순 이론... 이를 통해 연구자와 엔지니어, 대학원생 등은 실제 프로젝트에 적용 가능한 연구·개발 인사이트를 얻을 수... ",https://www.etnews.com/20260529000159,https://n.news.naver.com/mnews/article/030/0003433560?sid=105,"Tue, 02 Jun 2026 09:01:00 +0900",2026-06-02 09:17:41
통신/5G,6G 개발,"이재용 회장, 삼성호암상 5년 연속 참석…묵묵히 '인재 철학' 계승",김범만 교수는 고효율·고선형·고출력을 동시에 구현하는 무선주파수 전력증폭기를 개발했다. 이 기술은 휴대전화와 이동통신 기지국 송신기 설계에 쓰이며 6세대(6G) 이동통신 무선 송신기 구현에도 기여할 것으로... ,https://news.tf.co.kr/read/economy/2328446.htm,https://n.news.naver.com/mnews/article/629/0000504123?sid=105,"Mon, 01 Jun 2026 16:57:00 +0900",2026-06-02 09:17:41
통신/5G,6G 개발,"꼬랑지마카롱, 서울푸드 2026서 저당 디저트 '윗미 마카롱'… &quot;건강한 간...","2017년 로우슈가 마카롱 매장으로 출발해 2021년부터 HACCP 제조시설과 R&amp;D팀을 운영하고 있으며, 연구개발... 1개당 평균 당 함량 6g으로 일반 마카롱 대비 약 50% 낮춘 로우슈가 디저트다. 특히 '윗미 마카롱'은... ",https://kr.aving.net/news/articleView.html?idxno=1811387,https://kr.aving.net/news/articleView.html?idxno=1811387,"Mon, 01 Jun 2026 12:06:00 +0900",2026-06-02 09:17:41
통신/5G,6G 개발,[테크家] 양자컴퓨터 ㅣ 미국發 20억달러 지원에 시장 급등…보안칩·생...,"● 2025-12-30 UNIST·아주대, 6G 초고속 테라헤르츠 양자 소자 개발…발열·결함 잡았다 테라헤르츠 전기장에 의해 유도되는 양자 터널링 현상 설명도 (사진=연합뉴스) 국내 연구진이 6세대 이동통신(6G) 등 초고속 신호... ",https://www.cbci.co.kr/news/articleView.html?idxno=578461,https://www.cbci.co.kr/news/articleView.html?idxno=578461,"Mon, 01 Jun 2026 11:16:00 +0900",2026-06-02 09:17:41
통신/5G,6G 개발,AI 에이전트 위한 네트워크 온다…6G 청사진 공개,"다만 6G 개발은 지정학적 갈등과 반도체 공급망 문제 속에서 진행되고 있다. 그럼에도 연구진은 이동통신 표준 경쟁의 역사에서 확인됐듯 광범위한 생태계와 기기 호환성, 규모의 경제를 확보한 기술이 결국 시장을... ",https://www.digitaltoday.co.kr/news/articleView.html?idxno=670791,https://www.digitaltoday.co.kr/news/articleView.html?idxno=670791,"Mon, 01 Jun 2026 10:08:00 +0900",2026-06-02 09:17:41
통신/5G,6G 개발,산업별 맞춤형 합성수지 기술로 시장 다변화 나선다,"특히 최근에는 AI와 6G 시장 변화에 대응하기 위한 저유전·저손실, 고방열 수지 개발에도 속도를 내고 있다. 반도체와 고집적 전자기기 시장에서는 신호 손실을 줄이고 발열을 효과적으로 제어할 수 있는 소재 수요가... ",http://www.engjournal.co.kr/news/articleView.html?idxno=3812,http://www.engjournal.co.kr/news/articleView.html?idxno=3812,"Mon, 01 Jun 2026 09:32:00 +0900",2026-06-02 09:17:41
통신/5G,6G 개발,"LG유플러스·삼성전자, 통신·센싱 융합 기술 연구개발 협력...'오디세이...","LG유플러스는 통신 인프라 운영 경험을 바탕으로 다양한 연구 파트너와 협력을 확대하며, 6G 시대를 대비한 기술 검증과 연구개발을 지속하고 있다. 삼성전자는 강남역에 위치한 '메이플 아지트(MAPLE AGIT)'와... ",http://www.wsobi.com/news/articleView.html?idxno=312794,http://www.wsobi.com/news/articleView.html?idxno=312794,"Mon, 01 Jun 2026 08:20:00 +0900",2026-06-02 09:17:41
통신/5G,6G 개발,미생물로 나일론 원료 생산···KAIST &quot;석유화학 대체 가능성 열어&quot;,"국내 연구팀이 미생물 분업 시스템을 활용해 친환경 나일론 핵심 원료를 생산하는 바이오 플랫폼을 개발하... 이를 통해 발효 공정에서 아디픽산 6g/L를 생산했으며, 헥사메틸렌다이아민은 230.8mg/L, 엡실론 카프로락탐은... ",http://www.hellodd.com/news/articleView.html?idxno=111943,http://www.hellodd.com/news/articleView.html?idxno=111943,"Sun, 31 May 2026 17:50:00 +0900",2026-06-02 09:17:41
통신/5G,6G 개발,"KAIST, 미생물로 친환경 나일론 원료 생산",재생 탄소원 활용 기술 개발 … 석유화학 의존 낮출 가능성 국내 대학 연구진이 미생물을 이용해 나일론의... 그 결과 발효 공정에서 아디픽산을 리터당 6g 수준까지 생산하는 데 성공했다. 시간차 공배양 전략을 적용한... ,https://www.naeil.com/news/read/590346?ref=naver,https://www.naeil.com/news/read/590346?ref=naver,"Sun, 31 May 2026 17:08:00 +0900",2026-06-02 09:17:41
통신/5G,6G 개발,"KAIST, 석유 대신 '미생물'로 나일론 생산한다","기술을 개발했다. KAIST는 이 특훈교수 연구팀인 시스템 대사공학을 활용해 재생 가능한 탄소원인 '글리세롤... 상류 모듈에서는 생합성 경로를 재구성하고, 인공지능(AI) 기반으로 핵심 효소 성능을 개선, 아디픽산을 6g/ℓ... ",https://www.ggilbo.com/news/articleView.html?idxno=1161201,https://www.ggilbo.com/news/articleView.html?idxno=1161201,"Sun, 31 May 2026 16:28:00 +0900",2026-06-02 09:17:41
통신/5G,6G 개발,&quot;통신은 모든 산업 기반…피지컬AI 시대 열리면 통신 의존도 더 커질 것...,"김 본부장은 1990년대부터 이동통신 연구 기술 개발에 매진해온 전문가로, 2G부터 6G까지 모든 세대의 기술 전환을 현장에서 이끌었다. 현재 ETRI 이동통신연구본부를 총괄하며 6G 상용화를 위한 핵심 과제를 진두지휘하고... ",https://www.dt.co.kr/article/12065146?ref=naver,https://n.news.naver.com/mnews/article/029/0003029339?sid=105,"Sun, 31 May 2026 16:00:00 +0900",2026-06-02 09:17:41
통신/5G,6G 개발,AI 시대 통신망 투자 확대…에치에프알 기회 온다,5G 어드밴스드 도입과 함께 6G 기술 개발이 본격화되면서 통신사들의 설비투자 확대 가능성이 높아지고 있기 때문이다. AI 서비스 확산은 네트워크 고도화를 더욱 가속화하고 있다. 생성형 AI와 실시간 데이터 서비스가... ,https://www.pinpointnews.co.kr/news/articleView.html?idxno=456555,https://www.pinpointnews.co.kr/news/articleView.html?idxno=456555,"Sun, 31 May 2026 12:32:00 +0900",2026-06-02 09:17:41
통신/5G,6G 개발,6G 투자 시작되면 달라진다…자람테크놀로지 기대감 확대,"최근 글로벌 통신업계는 5G 고도화와 함께 6G 기술 개발 경쟁에 속도를 내고 있다. 인공지능(AI), 자율주행, 스마트팩토리, 디지털 트윈 등 새로운 산업이 확대되면서 통신망의 처리 용량과 전송 속도에 대한 요구도... ",https://www.pinpointnews.co.kr/news/articleView.html?idxno=456552,https://www.pinpointnews.co.kr/news/articleView.html?idxno=456552,"Sun, 31 May 2026 12:18:00 +0900",2026-06-02 09:17:41
통신/5G,6G 개발,"미생물이 만든 나일론, 석유화학 새 제조법","국내 연구진이 미생물을 이용해 나일론 핵심 원료를 생산하는 기술을 개발하면서 탄소 배출을 줄일 수 있는... 리터당 6g 수준까지 생산했다. 유가 배양 발효 공정에서는 헥사메틸렌다이아민 230mg/L, 엡실론 카프로락탐... ",https://www.ccdailynews.com/news/articleView.html?idxno=2419205,https://www.ccdailynews.com/news/articleView.html?idxno=2419205,"Sun, 31 May 2026 12:12:00 +0900",2026-06-02 09:17:41
통신/5G,6G 개발,O-RAN 핵심 기술 보유… LIG아큐버 재평가 시작되나,업계에서는 6G 개발이 본격화될수록 관련 솔루션 시장도 함께 성장할 것으로 보고 있다. O-RAN 기술은 통신업계의 구조적 변화를 이끌 핵심 기술로 평가받는다. 기존에는 특정 업체 장비 중심으로 네트워크가... ,https://www.pinpointnews.co.kr/news/articleView.html?idxno=456551,https://www.pinpointnews.co.kr/news/articleView.html?idxno=456551,"Sun, 31 May 2026 12:12:00 +0900",2026-06-02 09:17:41
통신/5G,6G 개발,배경훈 “저궤도 위성 투자 규모·시기 검토 중… AI 인프라는 국산 NPU...,업계에서는 저궤도 위성 통신이 향후 6세대(6G) 이동통신과 우주 인터넷 시대의 핵심 인프라가 될 것으로... 배 부총리는 “그동안 국내 AI 기업들이 글로벌 수준의 모델 개발에 어려움을 겪었던 이유 중 하나는 충분한... ,https://www.edaily.co.kr/news/newspath.asp?newsid=01567846645454496,https://n.news.naver.com/mnews/article/018/0006294420?sid=105,"Sun, 31 May 2026 12:09:00 +0900",2026-06-02 09:17:41
통신/5G,6G 개발,"'탄소 다량 배출' 나일론 원료, 친환경 생산 가능성 열린다","플랫폼을 개발한 데 있다. 단량체는 고분자를 구성하는 기본 분자 단위다. 이름은 다소 생소할 수 있지만... 이외 발효 공정을 통해 연구팀은 아디프산 6ｇ/L(리터 당 그램), 헥사메틸렌다이아민 230㎎/L(리터 당 밀리그램)... ",https://www.yna.co.kr/view/AKR20260529094400063?input=1195m,https://n.news.naver.com/mnews/article/001/0016109811?sid=105,"Sun, 31 May 2026 12:00:00 +0900",2026-06-02 09:17:41
통신/5G,6G 개발,"미생물로 나일론 원료 만든다…KAIST, 석유화학 대체 길 열어[과학을읽...",의해 개발됐다. 탄소 배출이 많은 석유화학 공정을 바이오 기반 생산 방식으로 대체할 가능성을 제시했다는... 그 결과 발효 공정에서 아디픽산을 리터당 6g 수준까지 생산하는 데 성공했다. 또 먼저 아디픽산을 생산한 뒤... ,https://view.asiae.co.kr/article/2026052910443412532,https://n.news.naver.com/mnews/article/277/0005769917?sid=105,"Sun, 31 May 2026 12:00:00 +0900",2026-06-02 09:17:41
통신/5G,6G 개발,"KAIST, 석유 대신 미생물로 나일론 핵심 원료 만든다","플랫폼을 개발했다고 31일 밝혔다. 나일론 6,6와 나일론 6는 우수한 내열성·기계적 강도를 바탕으로 섬유... 발효 공정에서 아디픽산은 6g/L까지 생산했으며, 헥사메틸렌다이아민과 엡실론 카프로락탐 생산도 세계 수준에... ",https://www.news1.kr/local/daejeon-chungnam/6181392,https://n.news.naver.com/mnews/article/421/0008975865?sid=102,"Sun, 31 May 2026 12:00:00 +0900",2026-06-02 09:17:41
통신/5G,6G 개발,과기부의 'AI 올인'… 참모진 공백 속 균형 잡기 과제,"과학기술정보통신부가 첨단 GPU 26만장 확보와 전 국민 AI 에이전트 보급, 프론티어 AI 모델 개발을 내세우며... 글로벌 빅테크와의 망 사용료 갈등, 6G 인프라 투자 확대, 통신 안전망 고도화 등 주요 현안도 동시에... ",https://it.chosun.com/news/articleView.html?idxno=2023092163035,https://it.chosun.com/news/articleView.html?idxno=2023092163035,"Sun, 31 May 2026 12:00:00 +0900",2026-06-02 09:17:41
금융,금융 주가,"[기획] KB금융 양종희 회장, 연임 최대 변수 '지배구조 개선안'",KB금융은 실적과 주가 두 마리 토끼 모두 잡은 격인 상황이어서다. KB금융지주는 양 회장 취임 이듬해인 2024년 당기순이익이 5조782억원이었으며 지난해에는 5조8430억원을 달성했다. 올해 1분기 당기순이익은... ,https://www.tleaves.co.kr/news/articleView.html?idxno=9348,https://www.tleaves.co.kr/news/articleView.html?idxno=9348,"Tue, 02 Jun 2026 09:10:00 +0900",2026-06-02 09:17:42
금융,금융 주가,‘포스트 마민껌’ 뜬다…베트남 3쿠션 기대주 대거 PBA 도전,오르며 주가를 높이고 있다. 또한 이번 대회에선 베트남 국적의 톤비엣호앙밍은 와일드카드로 출전한다.... 한편 직전 대회(우리금융캐피탈) 준우승자 조재호(NH농협카드)는 5일 밤 11시 윤성수를 상대로 대회 첫... ,https://www.kukinews.com/article/view/kuk202606020010,https://www.kukinews.com/article/view/kuk202606020010,"Tue, 02 Jun 2026 09:02:00 +0900",2026-06-02 09:17:42
금융,금융 주가,"베트남 3쿠션 기대주들, PBA 러쉬…하이원리조트 챔피언십서 첫 선","지난 개막전에서도 8강에 오르며 주가를 높이고 있다. 이번 대회에선 베트남 국적의 톤비엣호앙밍은... 한편, 직전 대회(우리금융캐피탈) 준우승자 조재호(NH농협카드)는 5일 밤 11시 윤성수를 상대로 대회 첫 경기를... ",https://www.edaily.co.kr/news/newspath.asp?newsid=03027446645477784,https://m.sports.naver.com/general/article/018/0006295791,"Tue, 02 Jun 2026 09:01:00 +0900",2026-06-02 09:17:42
금융,금융 주가,[칼럼] 세일러가 판 것은 비트코인 32개가 아니었다,"배당, 의결권, 주가, 우선주, 전환사채, 세금, 주주심리가 얽힌 복잡한 금융공학이 됐다. 비트코인의 균열은 세일러에게서만 보이지 않는다. 미국 현물 비트코인 ETF의 자금 흐름도 심상치 않다. 5월 마지막 10거래일 동안... ",https://www.tokenpost.kr/news/insights/365281,https://www.tokenpost.kr/news/insights/365281,"Tue, 02 Jun 2026 09:00:00 +0900",2026-06-02 09:17:42
금융,금융 주가,삼성전자 급등에 단일종목 레버리지 ETF 20%대 상승,뉴시스 삼성전자 주가가 전일 10.09% 급등하면서 기초자산의 2배를 추종하는 단일종목 레버리지... 금융투자협회에 따르면 지난달 28일 기준 코스피·코스닥 합산 신용거래융자 잔고는 37조687억원으로 사상... ,http://www.segyebiz.com/newsView/20260602503105?OutUrl=naver,http://www.segyebiz.com/newsView/20260602503105?OutUrl=naver,"Tue, 02 Jun 2026 08:56:00 +0900",2026-06-02 09:17:42
금융,금융 주가,"&quot;아파트 팔고 ETF 구매&quot;…이찬진 금감원장, 예상 수익률은",이찬진 금융감독원장이 지난해 부동산 자산을 처분하고 투자한 상장지수펀드(ETF)의 수익률에 관심이... 코스피200 지수를 추종하는 대표적인 ETF인 KODEX 200의 주가 상승률은 이 원장 매수 시점부터 전날까지 151.55%에... ,https://www.edaily.co.kr/news/newspath.asp?newsid=03011046645477784,https://n.news.naver.com/mnews/article/018/0006295786?sid=101,"Tue, 02 Jun 2026 08:56:00 +0900",2026-06-02 09:17:42
금융,금융 주가,"강남 아파트 팔아 'ETF 투자'…금감원장, 얼마나 벌었을까",코스피가 상한가를 이어가면서 강남 아파트를 매각한 후 ETF에 투자한 이찬진 금융감독원장의 수익률에... 코스피200 지수를 추종하는 대표적인 ETF인 KODEX 200의 주가 상승률은 이 원장 매수 시점부터 전날까지 151.55... ,https://www.hankyung.com/article/2026060220527,https://n.news.naver.com/mnews/article/015/0005293942?sid=102,"Tue, 02 Jun 2026 08:42:00 +0900",2026-06-02 09:17:42
금융,금융 주가,코스피 8788 폭등의 역설…지난해 ELD 가입자들 '낙아웃' 우수수,"최근 주가 급등으로 자금확보에 비상이 걸린 은행들이 원금 보장과 주가 상승 수혜를 동시에 노릴 수... 1일 금융권에 따르면 지난해 KB국민·신한·하나·NH농협은행 등 4대 시중은행의 ELD 판매액은 12조3,338억원으로... ",http://www.srtimes.kr/news/articleView.html?idxno=204378,http://www.srtimes.kr/news/articleView.html?idxno=204378,"Tue, 02 Jun 2026 08:40:00 +0900",2026-06-02 09:17:42
금융,금융 주가,[최석원 칼럼] 긴축 기조 속 한국은행과 연준의 다른 고민,지난 주 새 총재가 주재한 첫번째 한국은행 금융통화위원회가 열렸다. 그리고 시장은 이제 하반기 기준금리... 이익과 주가가 사상 최고치를 경신하고 있다. 이 과정에서 수출 기여도 급등에 따라 실질성장률 전망치도... ,http://www.opinionnews.co.kr/news/articleView.html?idxno=139394,http://www.opinionnews.co.kr/news/articleView.html?idxno=139394,"Tue, 02 Jun 2026 08:30:00 +0900",2026-06-02 09:17:42
금융,은행 산업,네거티브 공방 속 6·3 지선 D-1 부산 후보들 피날레 유세,"다른 50대 유권자는 &quot;4년 전 지방선거 때는 가덕 신공항 조기 완공과 산업은행 본사 부산 이전, 부산 세계박람회 유치 등 정책 이슈가 있었는데 이번 지방선거는 상호 비방과 흑색선전만 난무해 실망이 크다&quot;고 지적했다.",https://www.yna.co.kr/view/AKR20260602026000051?input=1195m,https://n.news.naver.com/mnews/article/001/0016113136?sid=162,"Tue, 02 Jun 2026 09:13:00 +0900",2026-06-02 09:17:43
금융,은행 산업,"경북도, SK바이오사이언스 3000억 유치",이번 자금은 첨단전략산업기금 2500억원과 산업은행 자금 500억원으로 구성된다. 지원금 전액은 현재 개발 중인 21종 혈청형 예방용 차세대 폐렴구균 백신(21가 백신)의 연구개발과 생산설비 구축에 투입될 예정이다.... ,https://www.naeil.com/news/read/590526?ref=naver,https://www.naeil.com/news/read/590526?ref=naver,"Tue, 02 Jun 2026 09:12:00 +0900",2026-06-02 09:17:43
금융,은행 산업,"[금융혁신] 대한민국 허리 흔드는 '은퇴 쇼크'...우리은행, '생산적 금융...",상속 서비스 넘어 산업 생태계 지킴이로 그동안 시중은행들의 가업승계 서비스는 주로 자산가들을 위한 고액 자산관리(WM)나 상속세 절세 컨설팅 수준에 머물렀던 것이 사실이다. 자산의 보존이라는 사적 영역에 초점이... ,http://www.dailypop.kr/news/articleView.html?idxno=99312,http://www.dailypop.kr/news/articleView.html?idxno=99312,"Tue, 02 Jun 2026 09:10:00 +0900",2026-06-02 09:17:43
금융,은행 산업,[CEO 워치] ① &quot;1등보다 신뢰 먼저&quot;…신회회복 재설계 깃발 든 우리금융...,금융이 수익 산업인 동시에 사회 인프라라는 임 회장의 시각이 반영된 대목이다. 물론 시험대는 남아 있다. 리딩금융 경쟁은 더욱 치열해지고 있고 비은행 수익성 확보와 디지털 투자 부담도 만만치 않다. 신뢰와 혁신이... ,https://www.seoultimes.news/news/article.html?no=2000096169,https://www.seoultimes.news/news/article.html?no=2000096169,"Tue, 02 Jun 2026 09:07:00 +0900",2026-06-02 09:17:43
금융,은행 산업,"신한운용, 국민성장펀드 도전·소형 리그 자펀드 운용사 선정 완료",이미지=신한자산운용  신한자산운용은 한국산업은행의 위탁을 받아 진행한 국민성장펀드 간접투자 분야 정책성펀드 2026년 1차 출자사업 가운데 '도전 리그'와 '소형 리그'의 자펀드 운용사 선정을 완료했다고 2일... ,https://www.pointdaily.co.kr/news/articleView.html?idxno=306770,https://www.pointdaily.co.kr/news/articleView.html?idxno=306770,"Tue, 02 Jun 2026 09:00:00 +0900",2026-06-02 09:17:43
금융,은행 산업,"경북도, SK바이오사이언스 국민성장펀드 3000억원 지원","지원 자금은 첨단전략산업기금 2500억원과 산업은행 자금 500억원으로 구성된다. 차세대 폐렴구균 백신의 글로벌 임상 3상과 상업화 준비, 안동 백신공장 생산라인 증설 및 설비 확충에 활용될 예정이다. 경북도는 이번... ",http://www.metroseoul.co.kr/article/20260602500005,http://www.metroseoul.co.kr/article/20260602500005,"Tue, 02 Jun 2026 08:56:00 +0900",2026-06-02 09:17:43
금융,은행 산업,"신한운용, 국민성장펀드 '도전·소형 리그' 자펀드 운용사 선정 완료",신한자산운용은 한국산업은행의 위탁을 받아 진행한 국민성장펀드 간접투자분야 정책성펀드 2026년 1차 출자사업 중 '도전 리그'와 '소형 리그'의 자펀드 운용사 선정을 완료했다고 2일 밝혔다. 국민성장펀드는... ,https://view.asiae.co.kr/article/2026060208545958251,https://n.news.naver.com/mnews/article/277/0005770762?sid=101,"Tue, 02 Jun 2026 08:54:00 +0900",2026-06-02 09:17:43
금융,은행 산업,"KDB생명 예비입찰에 한투, 태광, '빅3' 생보사 참여","이는 생명보험사 매물이 흔치 않은 데다, 한국산업은행 자회사로 대체투자에 경쟁력이 있다는 점을 높이 평가한 것으로 보인다. 산은이 매각 과정에서 사전 자본 확충 협의 가능성도 열어놓은 점도 메리트로 꼽힌다.... ",http://www.fins.co.kr/news/articleView.html?idxno=108713,http://www.fins.co.kr/news/articleView.html?idxno=108713,"Tue, 02 Jun 2026 08:54:00 +0900",2026-06-02 09:17:43
금융,핀테크 시장,"에잇퍼센트, 카이아와 RWA 투자 인프라 구축 MOU","해외 투자자가 한국 금융자산에 접근할 수 있는 경로를 마련하고, 국내 자산시장으로 해외 자금 유입... 아시아 핀테크 산업의 중심지로 성장하는 데 기여할 것&quot;이라고 강조했다. 이환 카이아 팀장은 &quot;카이아는 아시아... ",https://www.digitaltoday.co.kr/news/articleView.html?idxno=671188,https://www.digitaltoday.co.kr/news/articleView.html?idxno=671188,"Tue, 02 Jun 2026 09:08:00 +0900",2026-06-02 09:17:44
금융,핀테크 시장,"카이아, 에잇퍼센트와 대출채권 RWA 구축",양사는 이를 통해 국내 자산시장 활성화와 금융산업 경쟁력 강화에 기여한다는 구상이다. ▲ 토큰화부터... 이 팀장은 &quot;10년 이상의 안정적 운영으로 심사 역량을 증명해 온 에잇퍼센트와 함께 국내 핀테크 서비스가... ,http://www.hansbiz.co.kr/news/articleView.html?idxno=841982,http://www.hansbiz.co.kr/news/articleView.html?idxno=841982,"Tue, 02 Jun 2026 08:36:00 +0900",2026-06-02 09:17:44
금융,핀테크 시장,“스테이블코인 위험? 규제 공백이 초래할 위험 더 살펴야”,글로벌 메신저 ‘라인’의 가상자산 지갑 서비스를 함께 구축했고 연내 동대문 도매 시장에서 활용할 수... 핀테크 기업 입장에선 B2B(기업 간) 혹은 B2B2C(기업 간 거래와 최종 소비자를 연결) 서비스를 기회로 보고... ,https://www.chosun.com/economy/economy_general/2026/06/02/QPF4F2RZDJCARD42CWCY6MRVTA/?utm_source=naver&utm_medium=referral&utm_campaign=naver-news,https://n.news.naver.com/mnews/article/023/0003979753?sid=101,"Tue, 02 Jun 2026 08:01:00 +0900",2026-06-02 09:17:44
금융,핀테크 시장,[핀테크핫이슈] 미토스發 금융 보안 시험대...망분리 완화 시동,넘어서며 시장 관심이 집중됐다. 특히 SK하이닉스 관련 레버리지 상품은 두 자릿수 상승률을 기록했고 일부... 및 핀테크 업계 주요 움직임을 정리했다. KB금융과 신한은행은 포용금융과 미래 금융 인프라 확대에 초점을... ,https://www.digitaltoday.co.kr/news/articleView.html?idxno=670981,https://www.digitaltoday.co.kr/news/articleView.html?idxno=670981,"Tue, 02 Jun 2026 07:30:00 +0900",2026-06-02 09:17:44
금융,핀테크 시장,&quot;도지코인 안 사면 나만 거지?&quot;...역대급 결제 동맹에 투자자들 숨막히...,"이번 파트너십을 통해 팍소스의 인프라를 사용하는 수많은 글로벌 핀테크 플랫폼과 대형 브로커리지 기업들은 고객들에게 도지코인의 구매, 판매, 보유 서비스를 제공할 수 있게 됐다. 시장이 이번 협력에 특히 주목하는... ",https://www.pinpointnews.co.kr/news/articleView.html?idxno=456987,https://www.pinpointnews.co.kr/news/articleView.html?idxno=456987,"Tue, 02 Jun 2026 07:24:00 +0900",2026-06-02 09:17:44
금융,핀테크 시장,"강남구, 미래산업 스타트업 8곳 모집…“해외진출 지원”","인공지능(AI)·빅데이터, 헬스케어·바이오, 금융·핀테크 등 미래산업 분야에서 기술력과 성장 가능성을 갖춘... 단순 교육형 프로그램이 아니라 기업별 상황에 맞춰 필요한 협업처와 투자 전략, 시장 진입 방향을 함께... ",https://www.munhwa.com/article/11592775?ref=naver,https://n.news.naver.com/mnews/article/021/0002794984?sid=102,"Tue, 02 Jun 2026 06:52:00 +0900",2026-06-02 09:17:44
금융,핀테크 시장,국내 예비유니콘 해외자본 비중 16% 그쳐,"CPU칩 베라 시장만 2000억弗…K메모리 ‘제2 황금기’ 온다 - 핵심 요약: 젠슨 황 엔비디아 CEO는 GTC... 원화 코인 법제화라는 새 판이 짜이면서 은행·핀테크·거래소의 합종연횡이 빠르게 전개되고 있으며, 금융권... ",https://www.sedaily.com/article/20050839?ref=naver,https://n.news.naver.com/mnews/article/011/0004626825?sid=101,"Tue, 02 Jun 2026 06:44:00 +0900",2026-06-02 09:17:44
금융,핀테크 시장,[격전지]'원조 친명' 김병욱·'재선 도전' 신상진…李정치적 고향서 혈...,"(AI)·소프트웨어·핀테크·디지털 인프라 등 미래 먹거리 산업을 하나의 투자 상품으로 묶는 방식이다. 반도체와 이차전지, 바이오 등 특정 산업 섹터나 테마 위주로 구성된 기존 주식시장에 상장된 ETF와 차별화를 도모한... ",https://www.news1.kr/politics/assembly/6184251,https://n.news.naver.com/mnews/article/421/0008978814?sid=162,"Tue, 02 Jun 2026 06:02:00 +0900",2026-06-02 09:17:44
금융,핀테크 시장,금융권 손잡는 두나무·코인원·코빗… 빗썸은 '잠잠' 왜?,"디지털자산 시장이 제도화를 앞두고 두나무(업비트)·코인원·빗썸 등 주요 가상자산거래소에 전통... 일각에서는 실명계좌 제휴 은행인 KB국민은행과의 협력 확대 가능성과 함께 핀테크 기업인 토스, 카카오와 연계... ",https://it.chosun.com/news/articleView.html?idxno=2023092163091,https://it.chosun.com/news/articleView.html?idxno=2023092163091,"Tue, 02 Jun 2026 06:00:00 +0900",2026-06-02 09:17:44
금융,핀테크 시장,[데스크칼럼] 자본은 규제의 댐을 피해 흐른다,"국내에서는 중복상장 논란이 제기될 가능성이 있었고, 글로벌 투자자 기반과 기업가치 평가 측면에서도 미국 시장이 유리하다는 판단이 작용했다. 이와 함께 핀테크 유니콘기업인 토스나 현대자동차그룹의 피지컬AI 기업인... ",https://www.newstopkorea.com/news/articleView.html?idxno=45262,https://www.newstopkorea.com/news/articleView.html?idxno=45262,"Tue, 02 Jun 2026 05:24:00 +0900",2026-06-02 09:17:44
금융,핀테크 시장,"전통금융, 가상자산에 계속 '러브콜'…넘길 산도 많다","특히 핀테크 기업인 토스도 참여했다. 일각에서는 원화 스테이블코인 도입과 관련해 은행권이 협력을 추진하는 것이란 해석이 나온다. 가상자산 업계와 손을 잡더라도 '은행 51% 룰'이 적용되면, 원화 스테이블코인 시장... ",https://www.nocutnews.co.kr/news/6526106?utm_source=naver&utm_medium=article&utm_campaign=20260602050016,https://n.news.naver.com/mnews/article/079/0004153069?sid=101,"Tue, 02 Jun 2026 05:01:00 +0900",2026-06-02 09:17:44
금융,핀테크 시장,"[짧은생각] 두나무 주주 재편, 네이버·닥사·금융당국 숙제가 드러났다",두나무는 국내 가상자산 원화거래 시장에서 절대적 영향력을 가진 사업자다. 이 둘이 한 울타리 안에 놓이면 단순한 핀테크 확장으로 보기 어렵다. 검색·결제·금융·가상자산 데이터가 같은 지배구조 안에서 연결될 여지가... ,https://www.newswhoplus.com/news/articleView.html?idxno=61420,https://www.newswhoplus.com/news/articleView.html?idxno=61420,"Tue, 02 Jun 2026 05:00:00 +0900",2026-06-02 09:17:44
금융,핀테크 시장,"앤트로픽, IPO 절차 돌입…AI 대장주 경쟁 본격화",특히 올해 들어 소프트웨어 개발을 지원하는 '클로드 코드(Claude Code)'가 기업 고객들 사이에서 큰 인기를 끌며 기업용 AI 시장 확대를 이끌었다. 핀테크 기업 램프(Ramp)의 데이터에 따르면 올봄 기업용 AI 도구... ,https://www.thefairnews.co.kr/news/articleView.html?idxno=78499,https://www.thefairnews.co.kr/news/articleView.html?idxno=78499,"Tue, 02 Jun 2026 02:02:00 +0900",2026-06-02 09:17:44
금융,핀테크 시장,은행권 '디지털자산 연대' 시동…KB·신한·기업은행에 토스까지 모였다,"원화 스테이블코인 도입을 앞두고 주요 시중은행과 지방은행, 핀테크 기업 토스가 한자리에 모여 디지털자산 협력 방안을 논의했다. 최근 하나은행과 두나무의 협력이 본격화하는 가운데 은행권이 제도권 디지털자산 시장... ",https://www.econovill.com/news/articleView.html?idxno=741345,https://www.econovill.com/news/articleView.html?idxno=741345,"Mon, 01 Jun 2026 21:30:00 +0900",2026-06-02 09:17:44
금융,핀테크 시장,"전통 금융사, 이미 물밑에서 뛰고 있다",글로벌 시장 선점에 역부족”이라며 “규제에 묶여 고사 직전인 국내 블록체인 핀테크 스타트업 육성 정책이 병행되지 않으면 한국은 도태될 수밖에 없다”고 강조했다. [박수호 기자 park.suho@mk.co.kr] [본 기사는... ,https://www.mk.co.kr/article/12060980,https://n.news.naver.com/mnews/article/024/0000105946?sid=102,"Mon, 01 Jun 2026 21:01:00 +0900",2026-06-02 09:17:44
금융,핀테크 시장,"바이낸스 미 주식 사업, 네스트·알파카 이중 구조로 운영","오데일리에 따르면 바이낸스의 미국 주식 사업은 네스트 트레이딩이 주문을 연결하고 미국 핀테크 증권사... 토큰화 미국 주식 및 ETF 시장 점유율은 94%로, 온도 파이낸스 등 플랫폼의 1대1 온체인 자산 전환을 지원하고... ",https://www.tokenpost.kr/news/breaking/365105,https://www.tokenpost.kr/news/breaking/365105,"Mon, 01 Jun 2026 20:52:00 +0900",2026-06-02 09:17:44
금융,핀테크 시장,원화 스테이블코인 전쟁 개막…금융·IT·거래소 '디지털 자산 패권전',"단순 가상자산 투자 시장을 넘어 결제와 증권, 실물자산 거래가 하나의 디지털 금융 생태계로 통합될 수 있다는 분석이다. 이에 따라 금융회사와 플랫폼 기업, 거래소, 핀테크 업체 간 주도권 경쟁도 더욱 치열해질 것으로... ",http://www.fntimes.com/html/view.php?ud=2026060117160518322a735e27af_18,http://www.fntimes.com/html/view.php?ud=2026060117160518322a735e27af_18,"Mon, 01 Jun 2026 20:46:00 +0900",2026-06-02 09:17:44
금융,핀테크 시장,"한국투자증권, 코인원 3대 주주로…전통 금융-디지털자산 동맹 확산",금융 시장을 선점하겠다&quot;며 &quot;향후 토큰증권을 활용한 혁신 금융 상품 출시와 스테이블코인 연계를 통해... 디지털자산기본법에 대한 담론이 확대되며 국내 금융사·핀테크들의 참여가 가시화될 것&quot;이라고 관측했다.,http://www.whitepaper.co.kr/news/articleView.html?idxno=263178,http://www.whitepaper.co.kr/news/articleView.html?idxno=263178,"Mon, 01 Jun 2026 19:54:00 +0900",2026-06-02 09:17:44
금융,핀테크 시장,"[이슈+] 일본, 가상자산·스테이블코인 중개업 제도 본격 시행...'크립토...","기존에는 거래소 라이선스를 직접 취득해야만 이용자 유치 및 거래 연결이 가능했지만, 앞으로는 핀테크 기업이나 웹3 서비스 사업자도 등록을 통해 보다 낮은 규제 부담 아래 시장에 참여할 수 있기 때문이다. 일본... ",http://www.biztribune.co.kr/news/articleView.html?idxno=354325,http://www.biztribune.co.kr/news/articleView.html?idxno=354325,"Mon, 01 Jun 2026 19:32:00 +0900",2026-06-02 09:17:44
리츠/부동산,리츠 주가,"[더벨][제이알글로벌리츠 디폴트] 해외 투자 리츠, 우려 커지자 줄줄이...","신한글로벌액티브리츠(28일 종가 기준 942원), 마스턴프리미어리츠(829원), KB스타리츠(1480원) 등 이들의 주가가 크게 하락한 영향이다. 해외 자산 가치 하락과 환정산금, 금리 상승에 대한 투자자 불안이 커지자 운용사들이... ",https://www.thebell.co.kr/free/content/ArticleView.asp?key=202605281855573520103974,https://www.thebell.co.kr/free/content/ArticleView.asp?key=202605281855573520103974,"Tue, 02 Jun 2026 07:02:00 +0900",2026-06-02 09:17:45
리츠/부동산,리츠 주가,대형주·소형주 수익률 격차 48%...ETF도 미래·삼성이 독식 外 [한강로...,종합주가지수를 계산해야 하는지 이해가 잘 안 된다”고 지적했다. 이어 “‘축구 실력 빼면 손흥민도... 1일 한국거래소에 따르면 올해 1~5월 IPO를 통해 주식시장에 상장한 종목(리츠·스팩 제외)은 총 15개다.... ,https://www.segye.com/newsView/20260601516365?OutUrl=naver,https://n.news.naver.com/mnews/article/022/0004132278?sid=101,"Tue, 02 Jun 2026 07:02:00 +0900",2026-06-02 09:17:45
리츠/부동산,리츠 주가,삼성전자·삼성에스디에스 주가 급등... 삼성그룹주 재평가 확산,한국거래소에 따르면 삼성에스디에스는 이날  21.07% 상승하며 삼성 계열주 가운데 가장 강한 주가 흐름을... 삼성FN리츠는 부동산 시장 불확실성과 금리 부담 영향으로 하락 마감했다. 삼성E&amp;A 역시 최근 상승에 따른... ,https://www.pinpointnews.co.kr/news/articleView.html?idxno=456883,https://www.pinpointnews.co.kr/news/articleView.html?idxno=456883,"Mon, 01 Jun 2026 15:54:00 +0900",2026-06-02 09:17:45
리츠/부동산,리츠 주가,[특징주] 국내 1호 리츠 '에이리츠'…정리매매에 2거래일 연속 급락,정리매매 재개 전 마지막 거래일인 지난달 28일 종가(3130원)와 비교하면 주가는 이틀 만에 74% 넘게 하락했다. 에이리츠는 매출액 50억원 미만 사실 공시에 따른 상장적격성 실질심사 사유가 발생하면서 상장폐지... ,https://www.ajunews.com/view/20260601130146537,https://www.ajunews.com/view/20260601130146537,"Mon, 01 Jun 2026 13:10:00 +0900",2026-06-02 09:17:45
리츠/부동산,리츠 주가,"거래소, 광진실업·나무기술 투자경고종목 지정","투자경고종목 제도는 주가가 5일간 60% 이상 오르는 등 단기 급등하는 경우 거래소가 지정해 투자자에게 주의를 주는 제도다. 투자주의종목으로는 이날 기준 NH프라임리츠와 TPC로보틱스, 네오틱스, 대양금속, 미래반도체... ",https://www.pointdaily.co.kr/news/articleView.html?idxno=306597,https://www.pointdaily.co.kr/news/articleView.html?idxno=306597,"Mon, 01 Jun 2026 08:38:00 +0900",2026-06-02 09:17:45
리츠/부동산,리츠 주가,"상폐 확정된 이 리츠, 정리매매 폭락 걱정할 필요 없다?... 청산 가치가...","거래정지 상태인 JK리버스톤리츠의 주가는 2035원, 시가총액은 약 159억원에 머무르고 있다. 반면 주당 청산가치를 나타내는 주당순자산가치(BPS)는 3900원 수준이다. 현재 주가 대비 약 2배의 청산가치를 갖고 있는 셈이다.... ",https://biz.chosun.com/stock/market_trend/2026/06/01/4AAG4EE7IFFDJHSN57A23BM5AE/?utm_source=naver&utm_medium=original&utm_campaign=biz,https://n.news.naver.com/mnews/article/366/0001168404?sid=101,"Mon, 01 Jun 2026 06:01:00 +0900",2026-06-02 09:17:45
리츠/부동산,리츠 주가,“제이알 사태 피하자”…차입금 대응 나선 리츠들,"시장에서는 금리 방향성이 변수인 상황에서 상장 리츠별 재무 대응 능력에 따라 주가 차별화가 커질 것으로 본다. 한국은행이 최근 금융통화위원회에서 기준금리를 동결했지만, 하반기 물가 흐름에 따라 금리 부담이... ",https://www.etoday.co.kr/news/view/2589242,https://www.etoday.co.kr/news/view/2589242,"Mon, 01 Jun 2026 05:02:00 +0900",2026-06-02 09:17:45
리츠/부동산,리츠 주가,"[베스트&amp;워스트] 코스피, 글로벌 IT 수요 회복에 LG이노텍 68% 폭등·리츠...",에이리츠는 3130원에서 1098원으로 한 주간 64.92% 급락하며 하락률 1위의 불명예를 안았다. 상장폐지 결정 효력정지 가처분 신청이 법원에서 기각됨에 따라 정리매매가 재재개된 첫날 투자자들의 투매 물량이... ,https://www.etoday.co.kr/news/view/2589120,https://www.etoday.co.kr/news/view/2589120,"Sat, 30 May 2026 06:00:00 +0900",2026-06-02 09:17:45
리츠/부동산,리츠 주가,‘배당 중단·주가 급락’ 마스턴프리미어리츠… 주요 자산 매각 자구책,마스턴프리미어리츠는 글로벌 부동산 경기 악화에 배당 중단 사태까지 겹치면서 주가가 폭락한 상태다. 29일 금융투자 업계에 따르면 마스턴프리미어리츠의 자산관리회사(AMC)인 마스턴투자운용은 주주들을 대상으로 최근... ,https://biz.chosun.com/stock/stock_general/2026/05/29/JQQXSWXQ2FD6JAGD3SC7YPHWBU/?utm_source=naver&utm_medium=original&utm_campaign=biz,https://n.news.naver.com/mnews/article/366/0001168055?sid=101,"Fri, 29 May 2026 17:06:00 +0900",2026-06-02 09:17:45
리츠/부동산,리츠 주가,"&quot;돈 벌어도 못 쌓는다&quot;…리츠업계, 유동성 위기 막는 제도개선 '촉구'",위탁관리 및 기업구조조정리츠 구조 (자료=한국리츠협회) &quot;주가 떨어지는데 유증 6개월&quot;…자금부족 문제 우선 '1차 발행가액'은 청약일로부터 일정 기간(통상 1개월) 전의 거래량 가중산술평균주가를 기준으로 할인율을... ,https://www.edaily.co.kr/news/newspath.asp?newsid=05103686645453840,https://n.news.naver.com/mnews/article/018/0006293372?sid=101,"Fri, 29 May 2026 16:25:00 +0900",2026-06-02 09:17:45
리츠/부동산,리츠 주가,"배당 지키려는 리츠의 선택…코람코라이프인프라리츠, 생활형 인프라로...",상장리츠에서 증자는 늘 민감하다. 주가가 순자산가치보다 낮게 거래되는 상황에서 증자를 하면 기존 주주는 희석을 떠안는다. 배당을 받으려고 투자한 주주가 자본확충 비용까지 부담하는 셈이다. 그래서 유상증자 없는... ,http://www.newsworker.co.kr/news/articleView.html?idxno=429093,http://www.newsworker.co.kr/news/articleView.html?idxno=429093,"Fri, 29 May 2026 16:00:00 +0900",2026-06-02 09:17:45
리츠/부동산,리츠 주가,"코리아 디스카운트 끝내나… 밸류업株 폭등, LG그룹주가 시장 주도","저PBR(주가순자산비율) 대형주를 중심으로 기관과 외국인 자금이 유입되면서 지주사와 금융주, 자동차, 통신... 반면 신세계와 롯데쇼핑, 롯데지주, 롯데렌탈, 롯데리츠 등 일부 유통 계열 종목은 차익실현 매물 영향으로... ",https://www.pinpointnews.co.kr/news/articleView.html?idxno=456275,https://www.pinpointnews.co.kr/news/articleView.html?idxno=456275,"Fri, 29 May 2026 14:46:00 +0900",2026-06-02 09:17:45
리츠/부동산,리츠 주가,[더벨][건설부동산 풍향계] 상장리츠 IR 키워드 배당보다 '차입금 대응',ESR켄달스퀘어리츠는 올해 유상증자 없는 배당 가이던스 유지를 강조했다. 현재 주가가 많이 하락한 만큼 유상증자를 진행하면 기존 주주에게 부담이 될 수 있기 때문이다. 21개 물류자산을 보유한 ESR켄달스퀘어리츠... ,https://www.thebell.co.kr/free/content/ArticleView.asp?key=202605281729267920102379,https://www.thebell.co.kr/free/content/ArticleView.asp?key=202605281729267920102379,"Fri, 29 May 2026 08:02:00 +0900",2026-06-02 09:17:45
리츠/부동산,리츠 주가,"&quot;땡큐 잠실빌딩&quot; 삼성FN리츠, 자산 1조원 돌파 [fn마켓워치]",경우 여의도권인데다 삼성 금융 계열사가 88% 임차 중이어서 삼성FN타워 정체성과도 맞아 떨어진다는 설명이다. 한편 삼성FN리츠는 최근 약세인 주가와 관련해서도 주가 회복에도 향후 최선을 다하겠다고 덧붙였다.,http://www.fnnews.com/news/202605281917375285,https://n.news.naver.com/mnews/article/014/0005527904?sid=101,"Thu, 28 May 2026 19:22:00 +0900",2026-06-02 09:17:45
리츠/부동산,리츠 주가,"NH올원·삼성FN, 에이원타워 당산 '딜' 맞손…상장리츠 자산재편 가속","◆ESR켄달스퀘어, 유증 없이 주당배당금 278원 이상 목표 ESR켄달스퀘어리츠는 올해 유상증자는 없다고 밝혔다. 현재 할인된 주가 수준에서의 유상증자는 기존 주주에게 부담이 된다는 판단에서다. 대신 올해 주당 배당... ",https://www.newstopkorea.com/news/articleView.html?idxno=45206,https://www.newstopkorea.com/news/articleView.html?idxno=45206,"Thu, 28 May 2026 18:14:00 +0900",2026-06-02 09:17:45
리츠/부동산,리츠 주가,20% 빠졌는데 팔까 말까…퇴직연금 ETF 투자라면 저점매수 기회 따져보...,"실제 5월 중순 들어 중동 리스크가 완화되고 주가가 상승하자, 김 과장의 ETF 수익률은 종전 고점 대비 10... 특히 퇴직연금에서는 개별 주식 직접투자가 제한되기 때문에, 지수·채권·금·리츠·섹터·테마 등에 접근할... ",https://biz.heraldcorp.com/article/10758187?ref=naver,https://n.news.naver.com/mnews/article/016/0002649459?sid=101,"Thu, 28 May 2026 18:10:00 +0900",2026-06-02 09:17:45
리츠/부동산,리츠 주가,"삼성FN리츠, 잠실빌딩 편입에 자산 1조 돌파",최근 리츠 섹터의 주가 조정에 대해서는 저점 다지기 이후 회복을 자신했다. 삼성FN리츠의 1개월간 단순평균주가 기준 시가총액은 5400억원 수준(지난해 2월~올해 1월 산식 적용 시 5366억원)이다. 한때 주가 7000원... ,https://dealsite.co.kr/articles/162660,https://dealsite.co.kr/articles/162660,"Thu, 28 May 2026 17:36:00 +0900",2026-06-02 09:17:45
리츠/부동산,리츠 주가,"[더벨][K-바이오 밸류 재평가 변곡점] 반도체만 신사업인가, 1만피 랠리...","리츠 및 시가총액 5000억 이하 소형주를 제외하고 삼성그룹 상장사의 주가 추이를 살펴보면 해당 기간 삼성전기(+526%), 삼성전자(+198%) 등 반도체·AI 계열사가 랠리를 주도했다. 반면 삼성바이오로직스는 -11%로 금융... ",https://www.thebell.co.kr/free/content/ArticleView.asp?key=202605260545108860105218,https://www.thebell.co.kr/free/content/ArticleView.asp?key=202605260545108860105218,"Thu, 28 May 2026 07:02:00 +0900",2026-06-02 09:17:45
리츠/부동산,리츠 주가,"[주요공시] 삼성중공업, 네오셈, SK아이이테크놀로지, 에코아이, JK리버...","주가 등락 배경 기업 및 관련 공시 ■ 삼성전자(KOSPI, 005930)·SK하이닉스(KOSPI, 000660)는 금일 지수 상승... 시장조치·거래정지·거래재개 ■ JK리버스톤리츠(204210)는 상장폐지 관련 정리매매 절차 재개... ",https://www.kdpress.co.kr/news/articleView.html?idxno=205643,https://www.kdpress.co.kr/news/articleView.html?idxno=205643,"Wed, 27 May 2026 21:18:00 +0900",2026-06-02 09:17:45
리츠/부동산,부동산 시장,호가보다 수십억 더 얹어도 현금 매매…AI 부자들 쓸어 담는 샌프란시스...,"생성형 인공지능(AI) 부자들이 미국 샌프란시스코 부동산 시장을 집어삼키고 있다. 1일(현지시간) 미국 뉴욕타임스(NYT) 비즈니스 인사이더, 샌프란시스코 크로니클 등 외신에 따르면 지난 4월 샌프란시스코 대도시권... ",https://view.asiae.co.kr/article/2026060209020305831,https://n.news.naver.com/mnews/article/277/0005770794?sid=104,"Tue, 02 Jun 2026 09:15:00 +0900",2026-06-02 09:17:46
리츠/부동산,부동산 시장,[저축은행 신용도 점검] PF 익스포저 낮췄지만…한화저축銀 등급전망 '...,나이스신용평가 관계자는 &quot;침체된 부동산 업황과 개인 다중채무자의 상환 여력 저하를 감안할 때 당분간 높은 수준의 대손비용 부담이 지속될 것으로 예상된다&quot;며 &quot;부동산 PF 시장 침체 등으로 인한 추가적인... ,https://dealsite.co.kr/articles/162733,https://dealsite.co.kr/articles/162733,"Tue, 02 Jun 2026 09:06:00 +0900",2026-06-02 09:17:46
리츠/부동산,부동산 시장,"아이엠박스코리아, 전국 250호점 돌파","환경 개선과 건물주의 공실 해소에 기여했다고 밝혔다. 앞으로도 기술과 공간을 결합한 혁신으로 상업용 부동산 시장을 개선하고, 누구나 부담 없이 넓은 공간을 이용할 수 있는 생활 인프라로 자리매김하겠다고 말했다.",http://www.hansbiz.co.kr/news/articleView.html?idxno=841989,http://www.hansbiz.co.kr/news/articleView.html?idxno=841989,"Tue, 02 Jun 2026 08:52:00 +0900",2026-06-02 09:17:46
리츠/부동산,부동산 시장,하이닉스까지 5억 저리대출?…은행권 가계부채 관리 흔드나,"금융권에선 이 같은 기업의 사내대출 확대가 은행의 주담대 영업과 가계대출 총량 관리는 물론, 국내 부동산 시장 전반과 그에 따른 당국의 대응에도 영향을 미칠 것으로 내다보고 있다． 예컨대 통상적으로 기업이 복지... ",https://news.einfomax.co.kr/news/articleView.html?idxno=4417900,https://news.einfomax.co.kr/news/articleView.html?idxno=4417900,"Tue, 02 Jun 2026 08:48:00 +0900",2026-06-02 09:17:46
리츠/부동산,부동산 시장,서울 경매 매각 부동산 증가세…구로·금천·강서가 43%,서울 부동산 시장에서 대출 상환 부담 등으로 법원 경매를 거쳐 주인이 바뀐 부동산이 1년 새 늘어난 것으로 나타났다. 임의경매로 인한 매각에 따른 소유권이전등기 신청이 서남권을 중심으로 증가하며 자치구별... ,https://www.edaily.co.kr/news/newspath.asp?newsid=02945446645477784,https://n.news.naver.com/mnews/article/018/0006295767?sid=101,"Tue, 02 Jun 2026 08:44:00 +0900",2026-06-02 09:17:46
리츠/부동산,부동산 시장,[기고] 셔세권이 무섭게 오르는 이유,"주식 시장이 본격적인 조정을 받을 경우 주식 시장에서 부동산 시장으로 유입이 되는 내 집 마련의 자금이동이 더 가속화될 가능성이 높다. 집값은 공급보다 수요가 많을 때, 유동성이 커질 때 상승 압력이 높아진다.... ",https://www.shinailbo.co.kr/news/articleView.html?idxno=5026419,https://www.shinailbo.co.kr/news/articleView.html?idxno=5026419,"Tue, 02 Jun 2026 08:38:00 +0900",2026-06-02 09:17:46
리츠/부동산,부동산 시장,'억대 성과급·주식 대박' 끝은 부동산?…대출 규제 비웃는 '머니무브',주식시장에서 부동산시장으로의 자금 이동도 확인된다. 국토교통부에 따르면 올해 4월 서울 아파트 매입 과정에서 활용된 주식·채권 매각대금은 5932억원으로 2020년 관련 통계 집계 이후 최대치를 기록했다. 지난해 같은... ,https://www.edaily.co.kr/news/newspath.asp?newsid=02817526645477784,https://n.news.naver.com/mnews/article/018/0006295735?sid=101,"Tue, 02 Jun 2026 08:22:00 +0900",2026-06-02 09:17:46
리츠/부동산,부동산 시장,옛 전일방 부지 개발 '분양가 인하'로 돌파구···역사공원·특급호텔 ...,광주지역 부동산 시장이 얼어붙으면서 미분양 위험이 높아졌기 때문이다. 지난해 4월 우선협상대상자로 선정된 포스코이앤씨와 대우건설이 발을 뺀 게 대표적이다. 개발사업을 더는 늦출 수 없다고 판단한 시행사 측은... ,http://www.mdilbo.com/detail/0kIA7d/756031,http://www.mdilbo.com/detail/0kIA7d/756031,"Tue, 02 Jun 2026 08:02:00 +0900",2026-06-02 09:17:46
리츠/부동산,부동산 시장,"미래도시, 롯데마트 대덕점 개발사업 5년째 표류",하지만 2022년 이후 부동산 시장 경색으로 사업이 장기 표류하면서 현재로선 인허가조차 받지 못한 상태다. 이에 롯데건설과 미래도시개발은 롯데마트 대덕점의 임대수익을 기반으로 한 펀드를 출자해 기존에 조달한... ,https://dealsite.co.kr/articles/162732,https://dealsite.co.kr/articles/162732,"Tue, 02 Jun 2026 08:02:00 +0900",2026-06-02 09:17:46
리츠/부동산,부동산 시장,"[재계부] '빅매치' 끝난 수도권 정비사업…현대·GS·삼성 '웃고', DL·포...","2026년 서울 부동산 시장의 최대 화두인 도시정비사업 현황과 주요 이슈, 그리고 알짜 사업지를 차지하기 위한 건설사들의 치열한 수주 쟁탈전을 현장에서 직접 취재합니다. 복잡한 셈법과 판세가 얽힌 수주전의... ",https://www.youthdaily.co.kr/news/article.html?no=220049,https://www.youthdaily.co.kr/news/article.html?no=220049,"Tue, 02 Jun 2026 08:00:00 +0900",2026-06-02 09:17:46
리츠/부동산,부동산 시장,"&quot;중고거래 넘어 지역 플랫폼으로&quot;…당근, 커뮤니티 확장 전략 &quot;적중&quot;","당근알바를 통해 지역 내 구인·구직 수요를 연결하고, 당근중고차와 당근부동산을 통해 중고차와 부동산 거래 시장에도 진출했다. 또한 포장주문 서비스를 통해 동네 음식점과 이용자를 연결하며 지역 상권과의 접점도... ",https://www.youthdaily.co.kr/news/article.html?no=220050,https://www.youthdaily.co.kr/news/article.html?no=220050,"Tue, 02 Jun 2026 08:00:00 +0900",2026-06-02 09:17:46
리츠/부동산,부동산 시장,"노영희 &quot;전북지사 선거 결과, 8월 전당대회 가늠자 될 것&quot;[한판승부]",솔직히 말해서 서울시장이 부동산 문제에 해결할 수 있다고 아까 말씀하셨는데 오세훈 시장이 오세훈 시장 그동안에 서울시장 하면서 부동산 문제 해결 못 했고요. 일단 그다음에 중요한 게 대통령이나 여당의 정책하고... ,https://www.nocutnews.co.kr/news/6526195?utm_source=naver&utm_medium=article&utm_campaign=20260602073016,https://n.news.naver.com/mnews/article/079/0004153087?sid=100,"Tue, 02 Jun 2026 07:31:00 +0900",2026-06-02 09:17:46
리츠/부동산,부동산 시장,"[Invest]&quot;회사채 찍을 이유 없다&quot;…건설사, PF 유동화로 이동","PF 유동화 시장은 부동산 경기 침체와 레고랜드 사태 여파로 위축됐던 2022~2023년을 지나 지난해부터 다시 반등 흐름을 보이고 있다.PF 대출채권 유동화증권 발행액은 2022년 214조원에서 2023년 197조원, 2024년 164조원까지... ",https://www.investchosun.com/site/data/html_dir/2026/06/01/2026060180156.html,https://www.investchosun.com/site/data/html_dir/2026/06/01/2026060180156.html,"Tue, 02 Jun 2026 07:02:00 +0900",2026-06-02 09:17:46
리츠/부동산,부동산 시장,‘8000·3500·1500’…숫자 세개로 본 李정부 1주년,"경제에서는 부동산 중심 자산시장을 증시 중심으로 바꾸는 데 주력했고, 국가 운영에서는 서울 중심에서 지방 중심으로 무게추를 옮기려 했다. 특히 코스피 8000, 3500억 달러 규모의 대미 투자 패키지, 원·달러 환율... ",https://www.sedaily.com/article/20050841?ref=naver,https://n.news.naver.com/mnews/article/011/0004626833?sid=100,"Tue, 02 Jun 2026 07:01:00 +0900",2026-06-02 09:17:46
리츠/부동산,부동산 시장,[N2 포커스] 코스피 최고치 행진에도 뒤처진 은행주…금리 인상 기대 커...,"신현송 한국은행 총재는 최근 금융통화위원회 이후 기자간담회에서 물가와 성장, 환율, 부동산 시장 상황 등을 고려할 때 향후 금리 인상 필요성이 있다는 취지의 발언을 내놓으며 긴축 기조를 시사했다. 시장에서는... ",https://www.news2day.co.kr/article/20260602500016,https://www.news2day.co.kr/article/20260602500016,"Tue, 02 Jun 2026 07:00:00 +0900",2026-06-02 09:17:46
리츠/부동산,부동산 시장,반도체 호황에 동탄 셔세권 한달새 1.5억 올라 ... &quot;매수자 90% 삼전닉스...,단기간에 가격이 급등하면서 지역 부동산 시장의 상승세를 상징하는 거래로 평가받고 있다. 동탄역 롯데캐슬 인근의 한 공인중개사무소 대표는 &quot;20억 원을 넘긴 거래가 나왔다는 소식에 중개업소들도 놀랐다&quot;며 &quot;매물... ,http://www.queen.co.kr/news/articleView.html?idxno=457874,http://www.queen.co.kr/news/articleView.html?idxno=457874,"Tue, 02 Jun 2026 06:36:00 +0900",2026-06-02 09:17:46
리츠/부동산,부동산 시장,[데스크 칼럼] 요지경 월세시장,더 심각한 문제는 월세 급등이 단순한 부동산 시장 이슈에 그치지 않는다는 점이다. 주거비 급등은 가계 소비를 위축시키고 경제 활력을 떨어뜨린다. 특히 청년층과 신혼부부에게 미치는 충격이 크다. 월급 상당 부분을... ,https://www.pinpointnews.co.kr/news/articleView.html?idxno=456752,https://www.pinpointnews.co.kr/news/articleView.html?idxno=456752,"Tue, 02 Jun 2026 06:30:00 +0900",2026-06-02 09:17:46
리츠/부동산,상업용 부동산,"[더벨][부동산자문사 리포트] CBRE코리아, PM사업 양도·투자자문 집중…...","호텔과 데이터센터 등 신규 상업용 부동산 자산으로 매입, 매각 자문 영역을 확장시킬 방침이다. 특히 수도권과 광역시를 중심으로 대규모 정비사업 사업 계획 등이 예정되어 있는만큼 도시정비 기획 자문으로도... ",https://www.thebell.co.kr/free/content/ArticleView.asp?key=202605291048075600103275,https://www.thebell.co.kr/free/content/ArticleView.asp?key=202605291048075600103275,"Tue, 02 Jun 2026 07:02:00 +0900",2026-06-02 09:17:46
리츠/부동산,상업용 부동산,‘사다리 금융’ 임종룡 우리금융그룹 회장 [대한민국 ‘생산적 금융’...,"통상 담보가 있으면 안전하다고 여겨지지만, 최근 상업용 부동산 시장에서는 담보가 있어도 공실률 상승 등으로 부실이 발생하는 사례가 적지 않다는 것이다. 임 회장은 “담보가치 중심의 상환능력 평가는 시장 변동성이... ",https://www.seoul.co.kr/news/plan/Financial-Planning/2026/06/02/20260602009002?wlog_tag3=naver,https://n.news.naver.com/mnews/article/081/0003648744?sid=102,"Tue, 02 Jun 2026 05:02:00 +0900",2026-06-02 09:17:46
리츠/부동산,상업용 부동산,"“기업가치 제대로 평가받겠다”…이도, 인적분할 승부수",분할 이후에는 ▲산업폐기물 및 친환경 에너지 사업을 담당하는 이도에코원(YIDO EcoOne) ▲AI·SOC 인프라 사업을 맡는 이도테라원(YIDO TerraOne) ▲상업용·레저 부동산 사업을 담당하는 이도에스테이트(YIDO Estate)가 각각... ,https://www.mk.co.kr/article/12063352,https://n.news.naver.com/mnews/article/009/0005688113?sid=101,"Mon, 01 Jun 2026 18:53:00 +0900",2026-06-02 09:17:46
리츠/부동산,상업용 부동산,"이도, 클린테크ㆍAI통합인프라ㆍ부동산 축으로 3개사 인적분할","이도에스테이트는 상업용 및 레저 부동산 자산을 기반으로 자산관리 및 가치 제고를 수행하며, ‘원엑스(ONE X)’ 프로젝트를 통해 개발 역량을 확대하고 종합 부동산 회사로의 성장을 추진한다. 이도는 향후 각... ",https://www.dnews.co.kr/uhtml/view.jsp?idxno=202606011034125140677,https://www.dnews.co.kr/uhtml/view.jsp?idxno=202606011034125140677,"Mon, 01 Jun 2026 17:42:00 +0900",2026-06-02 09:17:46
리츠/부동산,상업용 부동산,亞 상업용 부동산 시장 회복세…프라임 오피스 투자심리 살아나,아시아태평양 상업용 부동산 투자시장이 올 1분기 회복세를 보였다. 일본과 싱가포르에서 거래가 늘어난 영향이다. 한국에서는 코어 오피스(업무권역 핵심 오피스)와 프라임 물류 자산을 중심으로 투자 수요가 이어질... ,https://www.hankyung.com/article/2026060100901,https://n.news.naver.com/mnews/article/015/0005293658?sid=101,"Mon, 01 Jun 2026 15:56:00 +0900",2026-06-02 09:17:46
리츠/부동산,상업용 부동산,"이도, 3개사 인적분할 단행 [시그널]","이도에스테이트는 상업용 및 레저 부동산 자산을 기반으로 프로젝트 개발 역량을 확대해 종합부동산 회사로 성장할 계획이다. 이도는 향후 각 법인의 사업 특성에 맞춰 전략적 투자를 유치하고, 성장성이 높은... ",https://www.sedaily.com/article/20050643?ref=naver,https://n.news.naver.com/mnews/article/011/0004626638?sid=101,"Mon, 01 Jun 2026 15:50:00 +0900",2026-06-02 09:17:46
리츠/부동산,상업용 부동산,가로수길도 못 피한 공실...빈 상가 살리는 '셀프 스토리지' [fn 인사이트...,&quot;한때 서울에서 가장 잘 나가던 상권도 공실을 피하지 못했습니다.&quot; 남성훈 아이엠박스코리아 대표는 최근 노동일 파이낸셜뉴스 주필과의 인터뷰에서 상업용 부동산 시장이 구조적 변화를 맞고 있다고 진단했다. 과거... ,http://www.fnnews.com/news/202606010928420714,https://n.news.naver.com/mnews/article/014/0005529123?sid=101,"Mon, 01 Jun 2026 15:43:00 +0900",2026-06-02 09:17:46
리츠/부동산,상업용 부동산,"이도, 클린테크·AI 통합 인프라·부동산 3개사 인적분할",이도에스테이트는 상업용과 레저 부동산 자산을 기반으로 자산관리 및 가치 제고를 수행하며 '원엑스(ONE X)' 프로젝트를 통해 개발 역량을 확대하고 종합 부동산 회사로의 성장을 추진한다. 이도는 각 법인의 사업 특성에... ,https://www.bloter.net/news/articleView.html?idxno=664076,https://n.news.naver.com/mnews/article/293/0000085627?sid=101,"Mon, 01 Jun 2026 15:40:00 +0900",2026-06-02 09:17:46
리츠/부동산,상업용 부동산,폐기물부터 AI 인프라까지…‘3개 법인 분할’ 선언한 이도의 승부수,"이도에스테이트는 상업용 및 레저 부동산 자산을 기반으로 자산관리와 가치 제고를 수행하며, '원엑스(ONE X)' 프로젝트를 통해 개발 역량을 확대해 종합 부동산 회사로의 성장을 추진한다. 이도는 앞으로 각 법인의... ",https://www.ekn.kr/web/view.php?key=20260601025259679,https://www.ekn.kr/web/view.php?key=20260601025259679,"Mon, 01 Jun 2026 15:30:00 +0900",2026-06-02 09:17:46
리츠/부동산,상업용 부동산,‘분양→임대’ 통했네…‘수원 아이파크시티 웨스트애비뉴’ 사용승인...,1일 상업용 부동산업계에 따르면 IPARK현대산업개발이 최초 분양 계획을 철회한 ‘수원 아이파크시티 웨스트애비뉴’(11·12단지 내 상가)의 직접 임대운영을 통해 상권 조기 활성화에 성공했다. 경기도 수원시 권선구... ,https://www.mk.co.kr/article/12062946,https://n.news.naver.com/mnews/article/009/0005687845?sid=101,"Mon, 01 Jun 2026 15:18:00 +0900",2026-06-02 09:17:46
리츠/부동산,상업용 부동산,"현대건설·ENG, R&amp;D 힘 모은다…통합 연구원 출범 [건설·분양오늘]","이도에스테이트는 상업용·레저 종합 부동산 서비스를 맡는다. 이번 재편은 클린테크, AI 통합 인프라, 부동산 등 3대 핵심 사업의 전문성을 강화하기 위한 조치라는 것이 이도 측 설명이다. 현금창출 사업과 고성장... ",https://www.sisaon.co.kr/news/articleView.html?idxno=201518,https://www.sisaon.co.kr/news/articleView.html?idxno=201518,"Mon, 01 Jun 2026 15:12:00 +0900",2026-06-02 09:17:46
리츠/부동산,상업용 부동산,"이도, 3개사 인적분할…“기업가치 극대화 목표”","이도에스테이트는 상업용 및 레저 부동산 자산을 기반으로 자산관리 및 가치 제고(Value-add)를 수행하며, ‘원엑스(ONE X)’ 프로젝트를 통해 개발 역량을 확대하고 종합 부동산 회사로의 성장을 추진한다. 이도는... ",https://economist.co.kr/article/view/ecn202606010042,https://n.news.naver.com/mnews/article/243/0000098549?sid=101,"Mon, 01 Jun 2026 15:11:00 +0900",2026-06-02 09:17:46
리츠/부동산,상업용 부동산,"이도, 3개 사업 인적분할 추진…'클린테크·AI인프라·부동산' 독립 체제...",이도는 ▲산업폐기물 기반 클린테크 사업을 담당하는 이도에코원(YIDO EcoOne) ▲AI 기반 인프라 및 사회간접자본(SOC) 사업을 담당하는 이도테라원(YIDO TerraOne) ▲상업용·레저 부동산 사업을 담당하는 이도에스테이트... ,https://www.newsis.com/view/NISX20260601_0003652089,https://n.news.naver.com/mnews/article/003/0013980085?sid=101,"Mon, 01 Jun 2026 15:11:00 +0900",2026-06-02 09:17:46
리츠/부동산,상업용 부동산,"이도, 3개 독립법인으로 '인적분할'…&quot;가치 극대화&quot;",이도에스테이트는 상업용 및 레저 부동산 자산관리와 가치 제고를 수행하고 '원엑스(ONE X)' 프로젝트를 통해 종합 부동산 회사로의 성장을 도모합니다. 이번 인적분할은 단일 법인 내 다양한 사업군 혼재로 발생했던... ,http://www.newstomato.com/ReadNews.aspx?no=1302631&inflow=N,http://www.newstomato.com/ReadNews.aspx?no=1302631&inflow=N,"Mon, 01 Jun 2026 15:08:00 +0900",2026-06-02 09:17:46
리츠/부동산,상업용 부동산,"C&amp;W 코리아, 삼표 ‘수색 DMC 복합개발’ 상업시설 임대자문사로 선정",글로벌 상업용 부동산 전문 기업 쿠시먼앤드웨이크필드(C&amp;W) 코리아가 삼표그룹이 추진하는 첫 번째 부동산 개발 프로젝트인 ‘수색 DMC 복합개발’의 상업시설 부문 전속 임대자문사로 선정됐다고 1일 밝혔다. 이번에... ,https://biz.chosun.com/real_estate/real_estate_general/2026/06/01/5ACZG6BHQ5CPRHNQLIDIBQVRJU/?utm_source=naver&utm_medium=original&utm_campaign=biz,https://n.news.naver.com/mnews/article/366/0001168560?sid=101,"Mon, 01 Jun 2026 14:13:00 +0900",2026-06-02 09:17:46
리츠/부동산,상업용 부동산,"이도, 3개사 인적분할 단행…&quot;사업 전문성 강화, 기업 가치 ↑&quot;","이도에스테이트는 상업용 및 레저 부동산 자산을 기반으로 프로젝트 개발 역량을 확대해 종합부동산 회사로 성장한다는 목표다. 이도는 향후 각 법인의 사업 특성에 맞춰 전략적 투자를 유치하고, 성장성이 높은... ",https://www.news1.kr/realestate/general/6183864,https://n.news.naver.com/mnews/article/421/0008977943?sid=101,"Mon, 01 Jun 2026 14:13:00 +0900",2026-06-02 09:17:46
건설/인프라,건설 주가,"테일러모리슨홈, 버크셔해서웨이 피인수 소식에 22% 상승 [오늘의 뉴욕...",주택 건설업체 테일러모리슨홈은 전 거래일 대비 22.31% 상승한 71.55달러에 마감했다. 과거 워런 버핏이... PC용 신형 프로세서를 공개하자 주가는 상승했다. 이번 프로세서는 마이크로소프트(MS)와 공동 개발한 것으로... ,https://www.etoday.co.kr/news/view/2589810,https://www.etoday.co.kr/news/view/2589810,"Tue, 02 Jun 2026 08:42:00 +0900",2026-06-02 09:17:47
건설/인프라,건설 주가,'빅쇼트' 버리 &quot;스페이스X·앤트로픽 둘다 1조달러 가치 있는지 의문&quot;,1일(현지시간) 비즈니스인사이더에 따르면 버리는 최근 서브스택 게시물에서 &quot;스페이스X의 주가 상승은... 그는 &quot;현재 벌어지는 AI 인프라 구축 경쟁은 몇 년 뒤 실제 필요 수준을 넘어서는 과도한 데이터센터 건설과... ,https://news.einfomax.co.kr/news/articleView.html?idxno=4417892,https://news.einfomax.co.kr/news/articleView.html?idxno=4417892,"Tue, 02 Jun 2026 08:32:00 +0900",2026-06-02 09:17:47
건설/인프라,건설 주가,"미국 증시 밸류에이션, 대공황·닷컴버블 넘어섰다… BofA의 경고와 '바...",BofA는 시티그룹의 대규모 자사주 매입 발표와 경영진의 실행력을 높이 평가하며 목표주가를 기존 150달러에서 170달러로 상향 조정했습니다. 주택 건설업체인 톨 브라더스 역시 부유층을 타깃으로 한 럭셔리 주택 수요가... ,http://www.wowtv.co.kr/NewsCenter/News/Read?articleId=A202606020163&t=NN,https://n.news.naver.com/mnews/article/215/0001254046?sid=101,"Tue, 02 Jun 2026 08:05:00 +0900",2026-06-02 09:17:47
건설/인프라,건설 주가,"[마켓 브리핑] 엔비디아, 새로운 PC용 칩 공개…뉴욕증시 일제히 상승","그렉 에이블 CEO가 테일러 모리슨을 &quot;업계 최고 수준의 건설사&quot;라고 치켜세우자, 테일러 모리슨 주가는 22% 넘게 올랐습니다. 얼어붙은 미국 주택 시장의 회복 가능성에 무게를 둔 투자로 해석됩니다.",https://biz.sbs.co.kr/article_hub/20000313931?division=NAVER,https://n.news.naver.com/mnews/article/374/0000513549?sid=104,"Tue, 02 Jun 2026 07:16:00 +0900",2026-06-02 09:17:47
건설/인프라,건설 주가,[벤더사 줌인] [모트렉스] 두올 '영끌' 인수…재무 체력 '경고등',계약 체결 당시 두올 주가가 5200원에 마감됐다는 점을 고려하면 57.6%(2995원)의 경영권 프리미엄이 반영된... 앞서 모트렉스는 2018년 11월 전진건설로봇(옛 전진중공업) 인수 대금 조달을 위해 158억원 규모의 1회차 사모... ,https://dealsite.co.kr/articles/162470,https://dealsite.co.kr/articles/162470,"Tue, 02 Jun 2026 07:16:00 +0900",2026-06-02 09:17:47
건설/인프라,건설 주가,[Invest]토요타 22년 왕좌 탈환한 소프트뱅크…日도 제조 넘어 AI로,최근 소프트뱅크가 프랑스에 최대 750억유로(약 132조원) 규모의 AI 데이터센터 건설을 발표하자 시장은 즉각... 시장이 토요타의 주가를 최근 부진하게 평가하는 이유도 바로 여기에 있다.한국 주식시장은 이미 AI와... ,https://www.investchosun.com/site/data/html_dir/2026/06/01/2026060180158.html,https://www.investchosun.com/site/data/html_dir/2026/06/01/2026060180158.html,"Tue, 02 Jun 2026 07:02:00 +0900",2026-06-02 09:17:47
건설/인프라,건설 주가,CPU칩 베라 시장만 2000억弗…K메모리 ‘제2 황금기’ 전망,올해 예상 매출 대비 주가매출비율(P/S)이 87배로 엔비디아 전성기의 두 배를 넘는 밸류에이션 부담이... 버핏 떠난 버크셔 빅딜…10조원에 주택건설사 인수 - 핵심 요약: 버크셔해서웨이가 미국 대형 주택 건설업체... ,https://www.sedaily.com/article/20050835?ref=naver,https://n.news.naver.com/mnews/article/011/0004626821?sid=101,"Tue, 02 Jun 2026 06:37:00 +0900",2026-06-02 09:17:47
건설/인프라,인프라 산업,"카이아·에잇퍼센트, 국내 대출채권 RWA 인프라 구축 추진",있는 선례가 될 것으로 기대한다”며 “RWA 인프라를 통해 해외 자금을 국내로 직접 유치하는 새로운 투자 경로를 구축함으로써 국내 자산시장 활성화와 금융산업 경쟁력 강화에도 기여할 것으로 기대된다”고 말했다.,https://www.edaily.co.kr/news/newspath.asp?newsid=03109446645477784,https://n.news.naver.com/mnews/article/018/0006295815?sid=101,"Tue, 02 Jun 2026 09:17:00 +0900",2026-06-02 09:17:48
건설/인프라,인프라 산업,"국립공주대 김재환 교수, 'AI산업의 기회와 도전' 국제공동세미나 개최",'AI산업의 기회와 도전' 국제공동세미나 개최 모습. 사진=국립공주대 제공 국립공주대학교 부동산학과... 김재환 교수는 &quot;AI 시대 부동산 가치는 데이터 기반의 관리·운영·연결 능력에 의해 결정된다&quot;며 AI 인프라 입지의... ,https://daily.hankooki.com/news/articleView.html?idxno=1372756,https://daily.hankooki.com/news/articleView.html?idxno=1372756,"Tue, 02 Jun 2026 09:14:00 +0900",2026-06-02 09:17:48
건설/인프라,인프라 산업,[2026 지선] 한병도 &quot;우리 경제의 '대도약'에 투표해달라&quot;,한 의장은 △5극3특 지역 권한 확대 및 교통·의료·문화 인프라 확충 △미래 신산업·재생에너지로 경제 대도약 실현 △생활비 부담 경감과 자산 형성 지원 △촘촘한 돌봄 체계 구축 △국민주권 회복 등을 약속했다.... ,http://www.inews24.com/view/1973193,https://n.news.naver.com/mnews/article/031/0001032348?sid=100,"Tue, 02 Jun 2026 09:14:00 +0900",2026-06-02 09:17:48
건설/인프라,인프라 산업,"[강원 24] 강릉·평창 잇는 체류형 관광상품 출시… &quot;대관령 넘어, 산해...",사회적 인프라 구축이 중요하다&quot;며 예방 중심의 건강관리 체계 필요성을 강조할 예정이다. 공단은 고령층... 재단은 산업재해로 가족을 잃은 탄광근로 순직 유가족들의 정서 회복을 돕기 위해 2016년부터 휴양 지원... ,https://www.sisajournal.com/news/articleView.html?idxno=374956,https://n.news.naver.com/mnews/article/586/0000130483?sid=102,"Tue, 02 Jun 2026 09:10:00 +0900",2026-06-02 09:17:48
건설/인프라,인프라 산업,"노타, 엔비디아 '아태지역 파트너 데이' 패널 참여…엣지 AI 비전 공유","김태호 CTO가 참여한 패널 토크에서는 도시, 도로, 항만, 산업 현장 등 실제 현장에서 AI가 상황을 실시간으로 인지하고 판단하며 대응하는 방향으로 발전하고 있다는 점이 논의됐다. 특히 카메라 등 현장 인프라를... ",https://daily.hankooki.com/news/articleView.html?idxno=1372769,https://daily.hankooki.com/news/articleView.html?idxno=1372769,"Tue, 02 Jun 2026 09:06:00 +0900",2026-06-02 09:17:48
건설/인프라,건설 수주,"신동아건설, 504억원 규모 안양 비산동 가로주택정비사업 수주","이번 수주는 이수건설·일성건설·두진건설 등과 입찰 경쟁 끝에 따낸 신동아건설의 올해 첫 정비사업 수주다. 수주 경쟁력을 높이기 위해 지난 몇 년 간 서울 동작구와 송파구, 경기 고양·오산 등 서울과 수도권... ",https://www.asiatime.co.kr/article/20260602500033,https://www.asiatime.co.kr/article/20260602500033,"Tue, 02 Jun 2026 09:16:00 +0900",2026-06-02 09:17:49
건설/인프라,건설 수주,"포스트구조기술·빌딩닥터엔지니어링, 구조안전 분야 동반성장 업무협...","이번 협약은 최근 연달아 발생하고 있는 건설현장 붕괴사고를 사전에 방지하기 위해 가설구조 전문... 또한 프로젝트 입찰·제안 및 수주를 위한 공동 대응 체계를 마련하고, 인력·장비·기술자료·설계기준·실무정보 등을... ",http://www.snmnews.com/news/articleView.html?idxno=570159,http://www.snmnews.com/news/articleView.html?idxno=570159,"Tue, 02 Jun 2026 09:02:00 +0900",2026-06-02 09:17:49
건설/인프라,건설 수주,"두산에너빌리티, 8400억 규모 열병합발전소 공사 수주",/두산에너빌리티 | 서울=한스경제 임준혁 기자 | 두산에너빌리티가 사우디아라비아 자푸라 열병합발전소 2단계 건설 공사를 수주했다. 계약 금액은 8400억원 규모다. 두산에너빌리티는 한국전력공사·사우디 아람코... ,http://www.hansbiz.co.kr/news/articleView.html?idxno=841998,http://www.hansbiz.co.kr/news/articleView.html?idxno=841998,"Tue, 02 Jun 2026 08:58:00 +0900",2026-06-02 09:17:49
건설/인프라,건설 수주,두산에너빌리티에 사우디는 기회의 땅,두산에너빌리티가 사우디아라비아에서 약 8400억원 규모의 열병합발전소 건설공사를 수주했다. 사진은 두산에너빌리티가 사우디에서 진행하고 있는 발전소 건설사업 위치도 두산에너빌리티가 사우디아라비아에서... ,http://www.smedaily.co.kr/news/articleView.html?idxno=358040,http://www.smedaily.co.kr/news/articleView.html?idxno=358040,"Tue, 02 Jun 2026 08:48:00 +0900",2026-06-02 09:17:49
건설/인프라,건설 수주,모로코 잠수함 수주 경쟁서 스페인 탈락…한국·독일·프랑스 '3파전',"(도산안창호급)이 수주 경쟁에서 우위를 점했다. 한국은 K2 전차, 중거리 지대공 유도무기 '천궁-II... 프랑스 나발그룹은 스코르펜(Scorpène)급 디젤-전기 잠수함 도입과 카사블랑카 지역 내 조선소 건설을 함께... ",https://www.theguru.co.kr/news/article.html?no=102524,https://www.theguru.co.kr/news/article.html?no=102524,"Tue, 02 Jun 2026 08:44:00 +0900",2026-06-02 09:17:49
건설/인프라,건설 수주,"두산에너빌리티, 8400억 규모 사우디 자푸라 열병합발전소 2단계 공사 수...",열병합발전소 건설공사를 따냈다. 2일 금융감독원 전자공시시스템에 따르면 두산에너빌리티는 한국전력공사(이하 한전)∙ 사우디 아람코 컨소시엄과 '사우디 자푸라(Jafurah) 열병합발전소 2단계' 건설공사 계약을... ,https://www.getnews.co.kr/news/articleView.html?idxno=871421,https://www.getnews.co.kr/news/articleView.html?idxno=871421,"Tue, 02 Jun 2026 08:44:00 +0900",2026-06-02 09:17:49
건설/인프라,건설 수주,‘기본이 조 단위’ 압구정 재건축…현대·삼성 이을 승자는?,"하반기 정비사업 시장에서는 여의도·목동 재건축 사업지들의 시공사 선정이 본격화될 전망이다. 압구정 주요 구역이 잇따라 단독 입찰로 수의계약된 만큼, 대형 건설사 간 ‘선별 수주’ 흐름이 이어질 것으로 보인다.",http://www.datanews.co.kr/news/article.html?no=144945,http://www.datanews.co.kr/news/article.html?no=144945,"Tue, 02 Jun 2026 08:32:00 +0900",2026-06-02 09:17:49
건설/인프라,건설 수주,"&quot;AI 시대 핵심은 전력&quot;…가온전선, AI 데이터센터 인프라주로 부상",이들 계약은 단순한 단발성 수주가 아니라 수년간 지속되는 프레임(Framework) 계약이라는 점에서 의미가 크다. 고객사의 데이터센터 투자 확대와 신규 캠퍼스 건설에 따라 공급 물량이 추가될 수 있는 구조여서 실제... ,https://view.asiae.co.kr/article/2026060208203568883,https://n.news.naver.com/mnews/article/277/0005770727?sid=101,"Tue, 02 Jun 2026 08:20:00 +0900",2026-06-02 09:17:49
건설/인프라,건설 수주,"[코스피·코스닥, HD한국조선해양 두산에너빌리티 GS건설 대한전선 컬리...","플랜트 수주 ▲ GS건설 :  5043억원 규모 수지1구역(수지삼성4차) 재건축정비사업 및 약 3382억원 규모 금정4구역 재개발사업 시공자 선정 ▲ 올릭스[226950], 1108억원 제3자배정 유상증자 ▲ 해성옵틱스[076610]... ",https://www.public25.com/news/articleView.html?idxno=47530,https://www.public25.com/news/articleView.html?idxno=47530,"Tue, 02 Jun 2026 08:18:00 +0900",2026-06-02 09:17:49
건설/인프라,건설 수주,"신동아건설, 안양 비산동 가로주택정비사업 수주",김세준 신동아건설 사장은 &quot;향후 상대적으로 시장 규모가 큰 소규모 정비사업과 민간참여 공공주택사업을 중심으로 수주 역량을 집중해 내실 성장을 이뤄내겠다&quot;고 말했다. 신동아건설은 건설경기 침체에 따른 유동성... ,https://www.yna.co.kr/view/AKR20260602025800003?input=1195m,https://n.news.naver.com/mnews/article/001/0016112982?sid=101,"Tue, 02 Jun 2026 08:17:00 +0900",2026-06-02 09:17:49
건설/인프라,건설 수주,"두산에너빌, 사우디 자푸라 2단계 수주…중동 발전시장 공략 가속",두산에너빌리티가 건설공사 계약을 체결한 사우디 자푸라 열병합발전소 2단계 위치 두산에너빌리티가 사우디아라비아에서 8400억원 규모의 열병합발전소 건설 사업을 수주하며 중동 발전 시장 공략에 속도를 내고... ,https://www.pinpointnews.co.kr/news/articleView.html?idxno=457001,https://www.pinpointnews.co.kr/news/articleView.html?idxno=457001,"Tue, 02 Jun 2026 08:08:00 +0900",2026-06-02 09:17:49
건설/인프라,건설 수주,"신동아건설, 504억 가로주택정비사업 수주…재도약 본격화","수도권 소규모 정비사업 수주 이어가 신동아건설은 최근 몇 년간 서울 동작구와 송파구, 경기 고양시, 오산시 등 서울 및 수도권 지역을 중심으로 소규모 정비사업 수주를 이어오고 있다. 회사는 이번 비산동 사업에도... ",https://www.smarttoday.co.kr/ko-kr/articles/108017,https://www.smarttoday.co.kr/ko-kr/articles/108017,"Tue, 02 Jun 2026 08:04:00 +0900",2026-06-02 09:17:49
건설/인프라,건설 수주,"신동아건설, 안양 비산동서 가로주택정비사업 따내","앞서 신동아건설은 서울 동작·송파구, 경기 고양·오산시 등 수도권 지역에서 소규모 정비사업 수주에 주력하고 있다. 김세준 신동아건설 사장은 &quot;앞으로 상대적으로 시장규모가 큰 소규모 정비사업과 민간참여... ",https://view.asiae.co.kr/article/2026060208001273615,https://n.news.naver.com/mnews/article/277/0005770694?sid=101,"Tue, 02 Jun 2026 08:00:00 +0900",2026-06-02 09:17:49
건설/인프라,건설 수주,"두산에너빌, 8400억 규모 사우디 열병합발전소 공사 수주",두산에너빌리티가 사우디아라비아에서 약 8400억 원 규모의 열병합발전소 건설공사를 수주하며 중동 발전 시장에서의 독보적인 경쟁력을 다시 한번 입증했다. 이번 프로젝트는 설계부터 시운전까지 전 과정을 독자... ,http://www.fntimes.com/html/view.php?ud=2026060207480523537fd637f543_18,http://www.fntimes.com/html/view.php?ud=2026060207480523537fd637f543_18,"Tue, 02 Jun 2026 07:52:00 +0900",2026-06-02 09:17:49
건설/인프라,건설 수주,"[더벨][부동산신탁사 경영분석] 신영부동산신탁, 늘어난 신규수주…실적...",신영부동산신탁 관계자는 &quot;특히 2023년부터 2024년에 금리가 올라가고 건설사 부도가 잇따르면서 분양 시장이 매우 좋지 않았다&quot;며 &quot;이때 수주 실적을 많이 채우지 못한 게 시차를 두고 지난해 실적 악화로 이어졌다... ,https://www.thebell.co.kr/free/content/ArticleView.asp?key=202605291207554480108132,https://www.thebell.co.kr/free/content/ArticleView.asp?key=202605291207554480108132,"Tue, 02 Jun 2026 07:02:00 +0900",2026-06-02 09:17:49
건설/인프라,건설 수주,"[더벨][정비사업 레이더] 대우건설, 동작구 초대어 사업 수주 정조준",한편 1차 현장설명회에 참석하며 수주에 관심을 보였던 현대건설은 입찰에는 참여하지 않았다. 압구정5구역 재개발사업과 여의도 재건축 사업 등 전략사업지에 수주 역량을 집중하겠다는 방침이다. 압구정5구역... ,https://www.thebell.co.kr/free/content/ArticleView.asp?key=202605291408559000102659,https://www.thebell.co.kr/free/content/ArticleView.asp?key=202605291408559000102659,"Tue, 02 Jun 2026 07:02:00 +0900",2026-06-02 09:17:49
음식료/식품,식품 주가,큐로셀 '림카토주' 급여 연내로 선회… 7월 심의 재상정 '분수령',"1일 큐로셀에 따르면 회사는 지난달 27일 열린 2026년 제5차 암질심에서 림카토주가 '급여기준 미설정' 판정을... 지난 4월 식품의약품안전처 품목허가를 받으며 상업화 첫발을 뗐지만, 1회 투여 비용이 수억 원에 달하는... ",https://www.newsway.co.kr/news/view?ud=2026060111424678805,https://www.newsway.co.kr/news/view?ud=2026060111424678805,"Tue, 02 Jun 2026 07:12:00 +0900",2026-06-02 09:17:50
음식료/식품,식품 주가,"인바디, 美 비만 치료 시장 확대 '최대 수혜'…FDA도 주목한 '체성분 평...",목표주가 7만4000원을 유지했다. 미래에셋증권에 따르면 비만 관리 시장의 판도를 바꾼 GLP-1 계열 비만치료제의 최근 임상적 과제는 '근육량 감소 최소화'다. 지난해 1월 미국 식품의약국(FDA)은 비만치료제 개발... ,http://www.newsprime.co.kr/news/article.html?no=735409,http://www.newsprime.co.kr/news/article.html?no=735409,"Tue, 02 Jun 2026 06:58:00 +0900",2026-06-02 09:17:50
음식료/식품,식품 주가,글로벌 시장 공략 나선 오뚜기…‘내수기업’ 이미지 벗을까,국내 식품업계 대표적인 내수 기업으로 꼽혀온 오뚜기가 해외 시장 공략에 속도를 내고 있다. K-푸드 열풍... 주가 역시 최근 1년 동안 약 17% 하락하며 경쟁사 대비 부진한 흐름을 보였다. 이에 오뚜기는 글로벌 생산·판매... ,https://www.viva100.com/article/20260601500795,https://www.viva100.com/article/20260601500795,"Tue, 02 Jun 2026 06:02:00 +0900",2026-06-02 09:17:50
음식료/식품,식품 주가,[출근길 브리핑-6월 2일] 한화에어로 폭발사고·젠슨 황 방한 '제2 깐부...,"이를 계기로 두산과의 협력 강화 가능성이 부각되면서 두산그룹 주가가 급등했습니다. ◆1~5월 韓 수출... 부산소방재난본부에 따르면, 지난달 31일 오후 3시쯤 부산 해운대구 롯데백화점 센텀시티점 지하 1층 식품관에... ",https://www.newsworks.co.kr/news/articleView.html?idxno=842523,https://www.newsworks.co.kr/news/articleView.html?idxno=842523,"Tue, 02 Jun 2026 06:00:00 +0900",2026-06-02 09:17:50
음식료/식품,식품 주가,"매출 두 배 키운 김정수號, 회장 첫 과제는 ‘쏠림 해소’",지난해 9월 종가 기준 166만5000원까지 치솟으며 고점을 찍었던 삼양식품 주가는 이후 하락세를 거듭하며 1일 116만원대까지 밀려났다. 고점 대비 30%나 빠진 수치다. 한 때 12조원을 넘보던 시가총액(11조8856억원)도... ,https://www.dnews.co.kr/uhtml/view.jsp?idxno=202606011409424170725,https://www.dnews.co.kr/uhtml/view.jsp?idxno=202606011409424170725,"Tue, 02 Jun 2026 05:20:00 +0900",2026-06-02 09:17:50
음식료/식품,식품 주가,담합·주가조작·마약·보조금 부정수급 등 불법행위 신고포상금 재원 ...,"현행 제도에서는 담합, 주가조작, 보조금 부정수급, 탈세, 식품·안전 관련 위법행위 등 공익신고에 대한 보상이 개별 법률과 기관 예산에 따라 집행된다. 이 때문에 대규모 불법행위 적발에 기여한 신고자에게 충분한... ",https://www.pinpointnews.co.kr/news/articleView.html?idxno=456939,https://www.pinpointnews.co.kr/news/articleView.html?idxno=456939,"Tue, 02 Jun 2026 05:00:00 +0900",2026-06-02 09:17:50
음식료/식품,식품 주가,"이노비바(INVA), 매출 9800만 달러·제품 37% 급증…‘뉴졸벤스’로 성장...","미국 식품의약국(FDA)은 2025년 12월 ‘뉴졸벤스(NUZOLVENCE, 졸리플로다신)’를 단순 비복잡성 비뇨생식기... 구축하는 데 성공하고 있다는 평가다. 향후 신약 매출 가시화 여부가 중장기 주가 흐름을 좌우할 전망이다.",https://www.tokenpost.kr/news/market/365213,https://www.tokenpost.kr/news/market/365213,"Tue, 02 Jun 2026 02:00:00 +0900",2026-06-02 09:17:50
음식료/식품,식품 주가,1%라도 더… 여야 ‘지방선거 D-1’ 총력전,민주당은 주가 상승을 강조하고 지역별 예산 지원을 약속하며 막판 유세에 나서는 중이다. 반면 국민의힘은... 농림축산식품부는 민간 전문가 중심으로 평가위원회를 구성해 사업 지역을 선정하겠다고 해왔다. 최근... ,https://www.chosun.com/politics/election2026/2026/06/02/JZXJPWXY4NCOXAAVGQZ4UELVYM/?utm_source=naver&utm_medium=referral&utm_campaign=naver-news,https://n.news.naver.com/mnews/article/023/0003979742?sid=162,"Tue, 02 Jun 2026 00:58:00 +0900",2026-06-02 09:17:50
음식료/식품,식품 주가,글로벌 기업 IFF 식재료 사업부문 43억 달러 매각,"43억 달러라면 기업가치를 세금, 이자 및 감가상각 차감 前 영업이익(EBITDA)으로 나눈 금액(즉, 적정한 주가... 서머빌 대표는 “IFF의 식재료 사업부문이 세계 각국의 클린-라벨 식품 소비량과 수요의 증가에 힘입어... ",https://www.yakup.com/news/index.html?mode=view&cat=12&nid=327970,https://www.yakup.com/news/index.html?mode=view&cat=12&nid=327970,"Mon, 01 Jun 2026 19:26:00 +0900",2026-06-02 09:17:50
음식료/식품,식품 주가,"&quot;한국콜마, 선케어와 기초 절대 강자…국내보다 해외에서 더 인기&quot;","교보증권은 1일 한국콜마에 대해 투자의견 'BUY', 목표주가 13만원을 제시했다. 직전거래일 5월 29일 기준... 2024년 미국 식품의약국(FDA)의 일반의약품(OTC) 선케어 규제 강화로 미국 수출 모멘텀이 일시 제한됐으나... ",https://www.newsquest.co.kr/news/articleView.html?idxno=267186,https://www.newsquest.co.kr/news/articleView.html?idxno=267186,"Mon, 01 Jun 2026 18:50:00 +0900",2026-06-02 09:17:50
음식료/식품,식품 주가,"한미약품, 릴리에 1.9조 신약 기술수출···아리바이오 이은 대형규모",한미약품은 랩스커버리가 적용된 바이오신약 호중구감소증 치료제 '롤론티스'로 미국 FDA(식품의약국)... 이날 한미약품 주가는 전 거래일에 비해 9.78% 오른 53만 9000원에 거래를 마쳤다. 제약업계 관계자는... ,https://www.sisajournal-e.com/news/articleView.html?idxno=421448,https://www.sisajournal-e.com/news/articleView.html?idxno=421448,"Mon, 01 Jun 2026 17:26:00 +0900",2026-06-02 09:17:50
음식료/식품,식품 주가,코스피는 뛰는데 CJ는 뒷걸음질…북미서 돌파구 찾는 이재현,콘텐츠 대신 식품과 뷰티를 중심으로 새로운 성장축을 구축하겠다는 의지가 반영된 행보로 해석된다.... 지주사 CJ는 올리브영 미국 1호점 개점 이후 주가가 상승세를 보이며 이날 종가 기준 18만원대를 기록했다.... ,https://www.newsway.co.kr/news/view?ud=2026060116332727343,https://www.newsway.co.kr/news/view?ud=2026060116332727343,"Mon, 01 Jun 2026 17:20:00 +0900",2026-06-02 09:17:50
음식료/식품,식품 주가,"인벤티지랩, 자회사 큐라티스향 '현금소각 리스크' 노란불","인벤티지랩은 장기지속형 주사제의 대량 생산을 위해 식품의약품안전처 제조품질관리기준(GMP)... 2025년 말 기준 주가 변동에 따른 파생상품평가손실 174억원을 감안해도, 영업손실이 160억원에서 225억원으로 늘어난... ",https://www.greened.kr/news/articleView.html?idxno=341693,https://www.greened.kr/news/articleView.html?idxno=341693,"Mon, 01 Jun 2026 17:16:00 +0900",2026-06-02 09:17:50
음식료/식품,음식료 산업,"코스피, 사상 첫 8500선 돌파…개인 1.1조 '사자'·외국인 1.2조 '팔자'","77%), 음식료·담배(-0.33%) 등은 약세다. 시가총액 상위 종목 중에선 삼성전자(3.31%), SK하이닉스(0.39... 다우존스30산업평균지수는 0.72% 상승한 51032.46에 장을 마쳤으며, 스탠더드앤드푸어스(S&amp;P)500지수와... ",https://www.etoday.co.kr/news/view/2589445,https://www.etoday.co.kr/news/view/2589445,"Mon, 01 Jun 2026 09:18:00 +0900",2026-06-02 09:17:51
음식료/식품,음식료 산업,[굿모닝! 글로벌 뉴욕증시] 유가 부담 덜고 AI 기대 커졌다…3대 지수 상...,"소프트웨어·IT서비스, 기술장비, 개인·가정용품, 금속·광업, 복합산업 업종 등이 상승했다. 반면 재생에너지, 화학, 음식료, 에너지, 자동차, 보험 업종 등은 하락했다. 종목별로는 델 테크놀로지스가 32.76... ",https://www.newsquest.co.kr/news/articleView.html?idxno=267111,https://www.newsquest.co.kr/news/articleView.html?idxno=267111,"Mon, 01 Jun 2026 08:24:00 +0900",2026-06-02 09:17:51
음식료/식품,음식료 산업,K-라면 수출 또 사상 최대…내수 부진 속 식품업계 성장엔진으로,국내 음식료 업계 전반이 소비 침체와 내수 부진의 영향을 받고 있지만 라면 수출 산업만큼은 예외적인 성장세를 이어가고 있다. K-푸드 열풍을 타고 해외 시장에서 수요가 급증하면서 국내 라면업체들은 생산설비... ,https://www.dongponews.net/news/articleView.html?idxno=58400,https://www.dongponews.net/news/articleView.html?idxno=58400,"Sun, 31 May 2026 14:56:00 +0900",2026-06-02 09:17:51
음식료/식품,음식료 산업,"CJ대한통운, 물량은 뛰는데 이익은 제자리걸음…비용 부담과 단가 압박...","신규 수주는 이어졌지만 음식료 업황 둔화 영향으로 소비재(CPG) 물량 수익성이 떨어졌고, 항만 등 일부 산업군 물량 감소도 부담으로 작용했다는 분석이다. ◇ 증권가 목표주가 줄하향…&quot;이익 개선은 하반기&quot; 실적... ",https://www.newsquest.co.kr/news/articleView.html?idxno=267083,https://www.newsquest.co.kr/news/articleView.html?idxno=267083,"Fri, 29 May 2026 15:36:00 +0900",2026-06-02 09:17:51
음식료/식품,음식료 산업,&quot;이름만 엮여도 부담&quot;…스타벅스 논란에 협력사들 '난감',지난해 CJ대한통운은 계약물류(CL)부문 음식료 산업군 부진 여파로 수익성이 10% 가까이 감소한 바 있다.종이 빨대를 적용한 스타벅스 컵 커피 제품. /제공= 동서식품스타벅스코리아와 별개로 미국 스타벅스 본사와... ,https://news.mtn.co.kr/news-detail/2026052911182241077,https://news.mtn.co.kr/news-detail/2026052911182241077,"Fri, 29 May 2026 12:02:00 +0900",2026-06-02 09:17:51
음식료/식품,음식료 산업,"코스피, 4%대 급락 후 8100선 회복…하이닉스 상승 반전[마감]","반면 음식료·담배, 전기·전자, 운송·창고, 제조는 소폭 상승했다. 코스피 거래량은 6억 6451만주... 27일(현지시간) 블루칩을 모아놓은 다우존스30 산업평균지수는 182.60포인트(0.36%) 오른 5만644.28에 거래를... ",https://www.edaily.co.kr/news/newspath.asp?newsid=04696966645453512,https://n.news.naver.com/mnews/article/018/0006292437?sid=101,"Thu, 28 May 2026 16:01:00 +0900",2026-06-02 09:17:51
음식료/식품,음식료 산업,"연쇄 합병으로 덩치 키운 사조동아원, 제분·사료 통합 시너지 본격화","한일사료와 미래생명자원, 고려산업 등은 테마성 수급이 강하게 유입되는 종목으로 꼽힌다. 다만 실적 대비 주가 변동성이 큰 만큼 단기 추격매수에는 신중해야 한다는 조언이 나온다. 반면 대형 음식료주는 대체로... ",https://www.pinpointnews.co.kr/news/articleView.html?idxno=455917,https://www.pinpointnews.co.kr/news/articleView.html?idxno=455917,"Thu, 28 May 2026 13:40:00 +0900",2026-06-02 09:17:51
음식료/식품,음식료 산업,"“어젠 사상 최고치, 오늘은 왜 이래”…오르락내리락 코스피, 전망은?","지난 27일(현지시간) 뉴욕증시에서 다우존스30 산업평균지수는 전일 대비 182.60포인트(0.36%) 오른 5만644.... 이날 유가증권시장에서는 업종별로 운송·창고(0.16%), 음식료·담배(0.14%)가 소폭 오르고 있으며, 나머지는... ",https://www.mk.co.kr/article/12059587,https://n.news.naver.com/mnews/article/009/0005686031?sid=101,"Thu, 28 May 2026 09:29:00 +0900",2026-06-02 09:17:51
음식료/식품,음식료 산업,코스피 약보합 출발에 8100 후퇴…외국인 매도 속 관망,"간밤 뉴욕증시에서 미국-이란 전쟁 종전 기대감 속에 전통 산업군이 강세를 보이며 반도체주가 소폭... 업종별로 보면 운송장비·운송창고·전기가스가 1%대 강세, 화학·섬유의류·음식료담배·유통이 강보합세다.... ",https://www.mt.co.kr/stock/2026/05/28/2026052808504195061,https://n.news.naver.com/mnews/article/008/0005363873?sid=101,"Thu, 28 May 2026 09:23:00 +0900",2026-06-02 09:17:51
음식료/식품,음식료 산업,"코스피, 하락 출발…1% 내려 8100선서 등락","27일(현지시간) 블루칩을 모아놓은 다우존스30 산업평균지수는 182.60포인트(0.36%) 오른 5만644.28에... 반면 운송장비·부품, 운송·창고, 전기·가스, 음식료·담배 등은 강세다. 시가총액 상위 종목은 삼성전자... ",https://www.edaily.co.kr/news/newspath.asp?newsid=03109446645453512,https://n.news.naver.com/mnews/article/018/0006292026?sid=101,"Thu, 28 May 2026 09:20:00 +0900",2026-06-02 09:17:51
음식료/식품,음식료 산업,美 증시 3대 지수 최고치 마감에도 코스피·코스닥 양 시장 약세 출발,"업종별로 운송장비·부품(1.63%), 전기·가스(0.60%), 섬유·의류(0.52%), 음식료·담배(0.44%), 화학(0.43%), 금속... 다우존스30 산업평균지수가 0.36% 상승했고, 스탠더드앤드푸어스(S&amp;P) 500지수와 나스닥 지수는 각각 0.02... ",https://www.etoday.co.kr/news/view/2588482,https://www.etoday.co.kr/news/view/2588482,"Thu, 28 May 2026 09:20:00 +0900",2026-06-02 09:17:51
음식료/식품,음식료 산업,"[넥스트-샷] 3대 지수 모두 신고가···반도체 숨고르기, 소비주는 순환...","이 덕분에 전통 산업주 비중이 높은 다우 지수가 3대 지수 중 가장 탄력적인 상승세를 보이며 사상 최고... 국내 시장에서도 그간 소외되었던 음식료, 유통 등 실적 기반 필수소비재와 제약·바이오 대형주 중심의 기관... ",https://www.womaneconomy.co.kr/news/articleView.html?idxno=254438,https://www.womaneconomy.co.kr/news/articleView.html?idxno=254438,"Thu, 28 May 2026 07:30:00 +0900",2026-06-02 09:17:51
음식료/식품,음식료 산업,[코스피 지수선물 옵션] 엔비디아 랠리 그대로… SK하이닉스·삼성전자...,"포스코퓨처엠 선물과 화학 업종의 대형주인 LG화학 선물, SK이노베이션 선물 역시 전방 산업 부진 우려가... 글로벌 랠리를 이어가던 음식료 및 소비재 섹터는 숨 고르기 양상이 역력했다. K-푸드 열풍의 주역인 삼양식품... ",https://www.pinpointnews.co.kr/news/articleView.html?idxno=455718,https://www.pinpointnews.co.kr/news/articleView.html?idxno=455718,"Wed, 27 May 2026 16:46:00 +0900",2026-06-02 09:17:51
음식료/식품,음식료 산업,"수요 회복 기대되는 하반기, 유망한 K푸드 종목은",올해 하반기 국내 음식료 산업이 완만한 회복세를 보일 것으로 전망된다. K푸드 모멘텀도 재차 살아날 것으로 기대되는 가운데 하반기 음식료주 유망 종목으로는 삼양식품과 오리온이 꼽힌다. 27일 NH투자증권에 따르면... ,https://view.asiae.co.kr/article/2026052615253579838,https://n.news.naver.com/mnews/article/277/0005767964?sid=101,"Wed, 27 May 2026 06:00:00 +0900",2026-06-02 09:17:51
음식료/식품,음식료 산업,[출근길포인트]30만 삼성전자ㆍ200만 SK하이닉스…코스피 8000 시대 활짝,"삼성생명은 3% 넘게 하락했고 음식료·담배, 섬유·의류 업종도 약세를 보였다. 코스닥지수도 동반 강세를... 원자력·조선·방산업계가 초대형 특수를 맞이할 전망이다. 국방부가 26일 발표한 기본계획에 따르면 정부는... ",https://www.pointdaily.co.kr/news/articleView.html?idxno=306063,https://www.pointdaily.co.kr/news/articleView.html?idxno=306063,"Wed, 27 May 2026 05:00:00 +0900",2026-06-02 09:17:51
음식료/식품,음식료 산업,"&quot;스페이스X 상장 임박에 금리 변수까지&quot;…증권가, 美 IPO 빅뱅 '촉각'","신산업 높은 사업 모형을 의미하는 동시에, 함께 상장해야 할 것은 스페이스X의 성장성이 주식시장에 미칠... 강 연구원은 &quot;최근 주목받는 여러 성장주와 더불어 화장품 및 음식료 업종 등 가치주에도 관심을 가질... ",https://www.newsworks.co.kr/news/articleView.html?idxno=841765,https://www.newsworks.co.kr/news/articleView.html?idxno=841765,"Tue, 26 May 2026 08:32:00 +0900",2026-06-02 09:17:51
음식료/식품,음식료 산업,“증시 활황에 소비도 뛴다”… 하반기 백화점·편의점 업황 전망 ‘맑...,반면 음식료 업계는 원재료 수입가 상승에 따른 부담 확대 속에서도 글로벌 경쟁력을 갖춘 기업 중심으로... 과거 백화점 산업 호황기마다 코스피가 강세 흐름을 보였다는 점도 근거로 제시된다. 외국인 관광객 증가 역시... ,https://www.viva100.com/article/20260524500066,https://www.viva100.com/article/20260524500066,"Tue, 26 May 2026 06:02:00 +0900",2026-06-02 09:17:51
음식료/식품,음식료 산업,"[초점]6·3 지방선거, 주요 정당들 조세정책은?","첨단산업 육성을 목적으로 ‘한국판 인플레이션 감축법(IRA)’인 국내생산 촉진세제를 도입한다. AI... 고환율·고물가 시대를 맞아 유류비, 난방, 음식료 등 워플레이션(전쟁+인플레이션) 집중 품목에 대한 세액공제 신설이... ",https://www.taxtimes.co.kr/news/article.html?no=275243,https://www.taxtimes.co.kr/news/article.html?no=275243,"Mon, 25 May 2026 09:02:00 +0900",2026-06-02 09:17:51
음식료/식품,음식료 산업,코스피 8천선 흔든 변동성 장세…'삼전·닉스 레버리지 ETF' 변수로 부상,"반도체·이차전지·수소·미래차·바이오·AI·로봇 등 첨단 전략산업 중심으로 자금이 투입된다.... 이어 반도체, 방산, ESS, 증권, 수출음식료, 인바운드 업종 중심으로 실적 모멘텀을 점검할 필요가 있다고 설명했다.",https://www.econovill.com/news/articleView.html?idxno=740753,https://www.econovill.com/news/articleView.html?idxno=740753,"Sun, 24 May 2026 15:00:00 +0900",2026-06-02 09:17:51
음식료/식품,음식료 산업,경기 좋으니 OOO도 산다…낙수효과 제대로 보는 이 종목은?[주末머니],백화점 산업 호황 구간에서 코스피는 최소 2배 이상의 상승세를 보이며 강세 흐름을 유지했기 때문&quot;이라고... 한편 키움증권은 음식료 업종의 경우 소비경기 호조에 따른 수혜가 더딘 편이라며 성장성 있는 종목... ,https://view.asiae.co.kr/article/2026052208423057379,https://n.news.naver.com/mnews/article/277/0005767145?sid=101,"Sun, 24 May 2026 10:39:00 +0900",2026-06-02 09:17:51
음식료/식품,식품 수출,한국 참기름의 조용한 질주,"한국 참기름은 미국과 캐나다를 중심으로 호주, 네덜란드 등 신흥 거점까지 판로를 확장하며 올해 1~4월 모두 62개국에 수출됐다. K-푸드 소비가 라면, 김치, 냉동식품에 머물지 않고 조미·소스류로 번지면서 참기름의... ",https://www.ccdailynews.com/news/articleView.html?idxno=2419668,https://www.ccdailynews.com/news/articleView.html?idxno=2419668,"Tue, 02 Jun 2026 09:08:00 +0900",2026-06-02 09:17:52
음식료/식품,식품 수출,"농협, 스마트팜 2000개소 보급·계절근로자 5039명 지원…농정대전환 추...",K-푸드 수출 확대를 위한 사업도 추진 중이다. 농협은 일본 동경국제식품박람회에 참가해 국내 농식품을 홍보했으며 싱가포르와 인도네시아를 대상으로 한우 수출 확대 사업도 진행하고 있다. 청년농업인 육성도 주요... ,https://www.etoday.co.kr/news/view/2589826,https://www.etoday.co.kr/news/view/2589826,"Tue, 02 Jun 2026 09:00:00 +0900",2026-06-02 09:17:52
음식료/식품,식품 수출,농축산물 물가 1.8%↑…축산물 강세에 계란·닭고기 부담 지속,"농식품부는 농가 소득 감소를 우려해 시장격리, 수출지원 및 소비촉진 등 수급 안정 대책을 적극 추진 중이다. 쌀값은 지난 2월27일 정부양곡 공급 계획 발표 이후 20㎏당 6만2000원 수준에서 약보합세를 보이고 있다.... ",https://www.newsis.com/view/NISX20260602_0003652860,https://n.news.naver.com/mnews/article/003/0013981042?sid=101,"Tue, 02 Jun 2026 08:56:00 +0900",2026-06-02 09:17:52
음식료/식품,식품 수출,"&quot;농협, 농정대전환의 선봉에 서다&quot;… 43개 핵심과제로 농업·농촌 재건 ...","농협은 3월 일본 동경국제식품박람회에 참가해 신선·가공 농식품을 홍보하고 해외 바이어와 수출상담을 진행했으며, 한우 수출국 다변화를 위해 싱가포르 런칭 행사와 인도네시아 수출상담회를 잇달아 추진하는 등 K... ",http://www.queen.co.kr/news/articleView.html?idxno=457879,http://www.queen.co.kr/news/articleView.html?idxno=457879,"Tue, 02 Jun 2026 08:46:00 +0900",2026-06-02 09:17:52
음식료/식품,식품 수출,"&quot;스마트팜부터 93조 금융까지…강호동표 43개 특명, 농촌 지도 바꿨다&quot;",지난 3월 일본 동경국제식품박람회에 참가해 신선·가공 농식품을 홍보하고 해외 바이어 대상 수출 상담을 진행했다. 한우 수출 다변화를 위해서는 제주한우 싱가포르 런칭행사와 인도네시아 수출상담회도 추진했다.... ,http://www.ftoday.co.kr/news/articleView.html?idxno=359827,http://www.ftoday.co.kr/news/articleView.html?idxno=359827,"Tue, 02 Jun 2026 08:14:00 +0900",2026-06-02 09:17:52
음식료/식품,식품 수출,"전북 수산식품, 태국 박람회서 아세안 판로 확대",이투데이=호남본부 조경환 기자 | 방콕 식품박람회서 40만 달러 수출 상담 성과 두손푸드 전복죽 등 간편식 주목…6만 달러 현장 계약 “마시는 전복죽이라는 점에 현지 바이어들이 먼저 관심을 보였습니다.”... ,https://www.etoday.co.kr/news/view/2589796,https://www.etoday.co.kr/news/view/2589796,"Tue, 02 Jun 2026 08:12:00 +0900",2026-06-02 09:17:52
음식료/식품,식품 수출,K-푸드 수출 훈풍에도 내수는 '삭풍',"2일 한국농촌경제연구원이 발표한 식품외식정보 웹진에 따르면, 2025년 식품제조업의 실질 GDP는 32조 2천억 원으로 2024년보다 1.2% 증가했다. 라면을 필두로 한 K-푸드의 해외 수출 확대와 간편식 수요 증가가 성장을... ",https://www.namdonews.com/news/articleView.html?idxno=912305,https://www.namdonews.com/news/articleView.html?idxno=912305,"Tue, 02 Jun 2026 07:58:00 +0900",2026-06-02 09:17:52
음식료/식품,식품 수출,"농협, '농정 대전환' 43개 과제 속도…스마트팜·유통·복지 전방위 확대",K-푸드 수출 확대도 병행된다. 일본 국제식품박람회 참가와 함께 싱가포르·인도네시아 등지에서 한우 수출 확대를 추진하며 수출 시장 다변화에 나서고 있다. 스마트농업 분야에서는 보급형 스마트팜을 지난해... ,https://www.newsis.com/view/NISX20260602_0003652706,https://n.news.naver.com/mnews/article/003/0013980941?sid=101,"Tue, 02 Jun 2026 07:47:00 +0900",2026-06-02 09:17:52
음식료/식품,식품 수출,"한국 수출, 5월 역대 최대 877억달러.., 그 중심에 '반도체'","최대 품목인 반도체가 세 자릿수 증가율을 보였고, 농수산식품과 화장품 등 소비재 수출도 증가세를 보였다. 대미 수출은 159억7000만달러로 59.1% 증가했다. 자동차와 차부품은 부진했지만 반도체, 컴퓨터... ",https://www.newswhoplus.com/news/articleView.html?idxno=61418,https://www.newswhoplus.com/news/articleView.html?idxno=61418,"Tue, 02 Jun 2026 07:30:00 +0900",2026-06-02 09:17:52
음식료/식품,식품 수출,"불황 속 '지갑 여는 소비자'…유통家, '가성비·가심비' 투트랙 전략으...","이에 국내 유통 및 식품, 패션·뷰티업계 등에선 가격 경쟁력을 강화하는 동시에 브랜드 고유의 가치와... 미국, 일본, 동남아 중심의 수출 구조로도 전환하고 있다. (왼쪽부터) 뉴욕 JFK 공항, 베트남, 페루 현지 농심... ",https://weekly.hankooki.com/news/articleView.html?idxno=7166632,https://weekly.hankooki.com/news/articleView.html?idxno=7166632,"Tue, 02 Jun 2026 07:30:00 +0900",2026-06-02 09:17:52
음식료/식품,식품 수출,&quot;실적은 해외가 냈는데&quot;...K푸드 업계로 번진 성과급 논쟁,업계 관계자는 &quot;통상 파업이라면 생산라인에서 시작하는 게 일반적인데 영업라인에서 오후 근무를 보이콧하는 '부분 파업'은 좀 생경하다&quot;며 &quot;식품업계에서 한국법인은 수출에 방점을 찍기보다 내수 시장을 중심으로... ,https://www.dailian.co.kr/news/view/1651188/?sc=Naver,https://n.news.naver.com/mnews/article/119/0003096852?sid=101,"Tue, 02 Jun 2026 07:26:00 +0900",2026-06-02 09:17:52
음식료/식품,식품 수출,"농협, 정부 농정 대전환 사업 본격화","농협은 올해 일본 도쿄 국제식품박람회에 참가해 신선·가공 농산물을 소개했고, 싱가포르와 인도네시아에서 한우 수출 확대 행사도 열었다. 청년농업인 지원과 농촌 인력 공급도 확대된다. 한우 뿌리농가 육성 사업은... ",https://www.newsfreezone.co.kr/news/articleView.html?idxno=692639,https://www.newsfreezone.co.kr/news/articleView.html?idxno=692639,"Tue, 02 Jun 2026 07:08:00 +0900",2026-06-02 09:17:52
음식료/식품,식품 수출,[기자의 눈] ‘16조 신약 계약’과 한국의 현실,기술 수출 실적을 만들어냈다. 이렇게 축적된 신약 개발 경험과 글로벌 시장의 신뢰는 최근의 대규모 공동 개발 프로젝트로 이어졌다. 식품의약품안전처도 최근 의료 제품 허가·심사 혁신 방안을 발표했다. 심사 인력을... ,https://www.sedaily.com/article/20050644?ref=naver,https://n.news.naver.com/mnews/article/011/0004626834?sid=101,"Tue, 02 Jun 2026 07:02:00 +0900",2026-06-02 09:17:52
음식료/식품,식품 수출,"한미약품, 릴리에 1.9조 기술 수출…랩스커버리 적용 파이프라인 이전 ...",랩스커버리가 적용된 후보물질 가운데 일부는 이미 상용화와 기술 수출로 이어졌다. 한미약품이 개발한 호중구감소증 치료제 롤론티스는 미국 식품의약국(FDA) 허가를 받은 데 이어 에피노페그듀타이드는 2020년 미국... ,https://www.sedaily.com/article/20050671?ref=naver,https://n.news.naver.com/mnews/article/011/0004626835?sid=103,"Tue, 02 Jun 2026 07:02:00 +0900",2026-06-02 09:17:52
뷰티/화장품,화장품 주가,[애널픽] &quot;화장품 다시 간다&quot;...역대 최대 수출 지속,"뷰어스 홍승훈 기­자 hooni7424@naver.com 화장품산업, 갈 길 간다5월 한국 화장품 수출액이 9.9억달러로 4월 다음 역대 최대치를 기록한 가운데 그간 낙폭이 컸지만 실적이 견조한 화장품주가의 반등이 기대된다는... ",https://theviewers.co.kr/View.aspx?No=4098459,https://theviewers.co.kr/View.aspx?No=4098459,"Tue, 02 Jun 2026 08:36:00 +0900",2026-06-02 09:17:53
뷰티/화장품,화장품 주가,"올릭스, 로레알 전략적 투자 유치…하반기 이벤트도 주목-하나","투자의견과 목표주가는 제시하지 않았다. 김선아 하나증권 연구원은 “드디어 로레알이 기존 피부와... “로레알은 화장품 기업인 만큼, 이번 투자로 의약품 시장에서 제한적으로 개발돼 온 siRNA를... ",https://www.edaily.co.kr/news/newspath.asp?newsid=02660086645477784,https://n.news.naver.com/mnews/article/018/0006295704?sid=101,"Tue, 02 Jun 2026 07:48:00 +0900",2026-06-02 09:17:53
뷰티/화장품,화장품 주가,"[더벨]올릭스, 작년 이어 또 1000억 유증…파트너 '로레알' 참여",작년 6월 올릭스와 공동연구 계약을 체결했던 글로벌 화장품 기업 L'Oreal(로레알) 그룹이 직접 투자에도... 이사회 결의일인 1일을 기산일로 해 과거 1개월간의 가중산술평균주가와 1주일간의 가중산술평균주가... ,https://www.thebell.co.kr/free/content/ArticleView.asp?key=202606012003003840107480,https://www.thebell.co.kr/free/content/ArticleView.asp?key=202606012003003840107480,"Tue, 02 Jun 2026 07:02:00 +0900",2026-06-02 09:17:53
뷰티/화장품,화장품 주가,[마감 후] 프랑스 제친 K뷰티…기업가치 더 오르려면 브랜드가 필요하다,한국 화장품은 이미 세계인의 화장대에는 올라갔다. 이제 남은 건 세계인의 취향과 상징 속으로 들어가는 일인지도 모른다. 브랜드의 힘까지 갖추게 된다면 K뷰티 상장사들의 기업가치와 주가 역시 한 단계 더 올라설 수... ,https://www.etoday.co.kr/news/view/2589407,https://www.etoday.co.kr/news/view/2589407,"Tue, 02 Jun 2026 06:00:00 +0900",2026-06-02 09:17:53
뷰티/화장품,화장품 주가,K-뷰티 수출 호조에도 화장품주 양극화…일부 종목만 상승,"(2,871억 원) 등 주요 업종에서 매도세를 보였다. 시장에서는 수출 지표와 주가 흐름 간 괴리가 나타나면서, 향후 화장품 업종 내에서도 실적 중심의 옥석 가리기 장세가 이어질 가능성이 크다는 분석이 나온다.",https://www.thebk.co.kr/news/articleView.html?idxno=309879,https://www.thebk.co.kr/news/articleView.html?idxno=309879,"Mon, 01 Jun 2026 19:54:00 +0900",2026-06-02 09:17:53
뷰티/화장품,화장품 주가,'9000피 코앞' 35만전자·8800피 찍었다…매수 몰린 이유는,"보통주와 우선주를 합산한 삼성전자의 전체 시가총액은 2224조 942억원으로, 이날 원·달러 환율 주간... 그는 반도체 외 업종 전략으로는 가치 스타일 측면에서 호텔·레저서비스, 화장품, 필수소비재를, 이익 성장... ",https://www.edaily.co.kr/news/newspath.asp?newsid=04667446645477456,https://n.news.naver.com/mnews/article/018/0006295562?sid=101,"Mon, 01 Jun 2026 17:34:00 +0900",2026-06-02 09:17:53
뷰티/화장품,화장품 주가,"신세계면세점, 단체 대신 '개별관광객' 찜…K푸드 강화 속도",한국투자증권도 백화점과 면세점 업황 개선 흐름이 이어질 것으로 전망하며 목표주가를 기존 58만원에서... “중국 화장품 산업 회복에 따라 외형 성장이 결정되는 면세 사업은 내수 유통보다 높은 가치평가를 받는다”... ,https://zdnet.co.kr/view/?no=20260601165216,https://n.news.naver.com/mnews/article/092/0002424949?sid=105,"Mon, 01 Jun 2026 17:03:00 +0900",2026-06-02 09:17:53
뷰티/화장품,화장품 주가,"&quot;코스닥 개화, 핵심 성장주 담았다&quot;…미래에셋운용 'TIGER 코스닥액티브...",수혜주가 될 수 있다&quot;고 말했다. AI 사이클의 변화도 소부장 기업에 우호적이다. AI 경쟁력이 단순 칩 성능을... 한국 화장품의 글로벌 경쟁력 확대가 성장성을 뒷받침한다는 설명이다. 정 본부장은 &quot;한국 바이오는 임상... ,http://www.popcornnews.net/news/articleView.html?idxno=122805,http://www.popcornnews.net/news/articleView.html?idxno=122805,"Mon, 01 Jun 2026 15:54:00 +0900",2026-06-02 09:17:53
뷰티/화장품,화장품 주가,"저가주 변동성 속 불붙은 투자심리… 한국비티비, 거래량 폭증 상한가 ...",뷰티 디바이스와 화장품 사업의 동반 성장 기대가 이어지면서 기관과 개인 투자자들의 관심이 집중되고... 최근 주가 상승폭이 컸던 만큼 단기 부담이 반영되는 분위기다. 제약·바이오 기반의 미용 관련 기업들도 조정을... ,https://www.pinpointnews.co.kr/news/articleView.html?idxno=456852,https://www.pinpointnews.co.kr/news/articleView.html?idxno=456852,"Mon, 01 Jun 2026 15:14:00 +0900",2026-06-02 09:17:53
뷰티/화장품,화장품 주가,K-뷰티 다시 날아오르나…에이피알·달바글로벌 강세에 화장품주 '들썩...,최근 주가 반등 이후 단기 차익실현 수요가 늘어난 영향으로 풀이된다. 다만 중국 사업 정상화와 북미 시장 확대 가능성은 여전히 중장기 투자 포인트로 평가된다. 중소형 화장품 종목에서는 한국화장품과 넥스트아이... ,https://www.pinpointnews.co.kr/news/articleView.html?idxno=456833,https://www.pinpointnews.co.kr/news/articleView.html?idxno=456833,"Mon, 01 Jun 2026 14:38:00 +0900",2026-06-02 09:17:53
뷰티/화장품,화장품 주가,5월 수출 역대 최대...'1조 달러' 가시권,"또 &quot;반도체가 우리 산업의 핵심인데 왜 반도체를 빼고 종합주가지수를 계산해야 하는지 이해가 안 된다&quot;고... 선박 수출 역시 LNG선 인도가 늘면서 두 자릿수 증가율을 기록했고 비철금속과 바이오헬스, 화장품 수출도... ",https://www.wowtv.co.kr/NewsCenter/News/Read?articleId=A202606010117&t=NNv,https://n.news.naver.com/mnews/article/215/0001253963?sid=101,"Mon, 01 Jun 2026 14:30:00 +0900",2026-06-02 09:17:53
뷰티/화장품,화장품 주가,"미래에셋자산운용, TIGER 코스닥액티브 ETF 신규상장...&quot;소부장·바이오...",과거 2014년 알리바바 상장 당시 화장품·미디어 섹터가 크게 상승했고 2021년 리비안 상장 후 2차전지 섹터가 급등한 것처럼 대형 테크주가 상장하면서 AI·로봇·우주 관련주가 상승할 수 있다는 것이다. 이와 함께... ,http://www.consumernews.co.kr/news/articleView.html?idxno=756722,http://www.consumernews.co.kr/news/articleView.html?idxno=756722,"Mon, 01 Jun 2026 13:44:00 +0900",2026-06-02 09:17:53
뷰티/화장품,화장품 주가,[시장 따라잡기] 6월 '피지컬 AI' 랠리 지속시 최대 수혜주는?,"일각에선 5년 전, ‘애플카’ 협력 기대감에 주가가 뛰던 때가 생각난단 애기도 하던데요. Q. 지금... 이런 얘기가 많은데, 지금 증시 활황을 전혀 체감하지 못하고 있는 게임, 엔터, 화장품주 등은 어떤 6월을 맞이할까요?... ",https://biz.sbs.co.kr/article_hub/20000313686?division=NAVER,https://n.news.naver.com/mnews/article/374/0000513394?sid=101,"Mon, 01 Jun 2026 13:41:00 +0900",2026-06-02 09:17:53
뷰티/화장품,화장품 주가,"[더벨][지배구조 분석] 코스맥스그룹, ‘형제 경영’ 지분구조 확대","화장품 ODM 본업은 이병만 부회장이, 맞춤형 화장품·뷰티테크·중장기 전략은 이병주 부회장이 각각 맡는... 최대주주가 서성석 회장에서 이병만 부회장으로 변경됐다고 전날 공시했다. 기존 최대주주였던 서 회장이... ",https://www.thebell.co.kr/free/content/ArticleView.asp?key=202605281144577160101520,https://www.thebell.co.kr/free/content/ArticleView.asp?key=202605281144577160101520,"Mon, 01 Jun 2026 13:12:00 +0900",2026-06-02 09:17:53
뷰티/화장품,화장품 주가,"DB증권, 인공지능 인프라로 한국 증시 2026년 11,700포인트 전망","한국 증시에서 반도체 비중이 큰 만큼 이런 수출 확대는 주가 상승의 직접적인 재료가 될 수 있다. DB증권은... 다만 미국과 한국이 각각 1회, 2회 기준금리 인상에 나서는 상황을 가정하면 성장주뿐 아니라 화장품... ",https://www.tokenpost.kr/news/market/364934,https://www.tokenpost.kr/news/market/364934,"Mon, 01 Jun 2026 10:32:00 +0900",2026-06-02 09:17:53
뷰티/화장품,화장품 주가,화장품 주요 종목 주가는 흔들렸지만 외국인은 베팅했다,"■ 결론 최근 화장품 섹터의 주가 조정은 단기 수급 요인의 영향이 크지만, 외국인 자금 흐름은 오히려 산업의 중장기 성장 가능성을 반영하고 있다는 해석이 가능하다. 특히 외국인 지분이 확대된 기업을 중심으로... ",https://www.thebk.co.kr/news/articleView.html?idxno=309831,https://www.thebk.co.kr/news/articleView.html?idxno=309831,"Mon, 01 Jun 2026 10:12:00 +0900",2026-06-02 09:17:53
뷰티/화장품,화장품 주가,시중자금 블랙홀 된 증시…은행권 방어 총력전,홍콩 H지수 주가연계증권(ELS) 손실 사태 이후 은행권 ELS 판매가 대부분 중단된 공백을 원금이 보장되는... 시중은행 역시 화장품이나 이커머스 등과 결합한 파킹통장과 모임통장 등으로 고객을 묶어두려는 시도를... ,https://www.ntoday.co.kr/news/articleView.html?idxno=127362,https://www.ntoday.co.kr/news/articleView.html?idxno=127362,"Mon, 01 Jun 2026 10:10:00 +0900",2026-06-02 09:17:53
뷰티/화장품,뷰티 산업,"코씨드바이오팜, CNN 통해 달팽이 점액 기술 소개",이번 방송은 K-뷰티 산업의 성장 배경을 완제품뿐 아니라 원료 산업과 연구개발 역량 측면에서 조명했다는 점에서 의미를 가진다. 특히 원료 개발 과정과 생산 기술이 함께 소개되면서 한국 화장품 산업의 공급망... ,http://www.beyondpost.co.kr/view.php?ud=20260602090546183146a9e4dd7f_30,http://www.beyondpost.co.kr/view.php?ud=20260602090546183146a9e4dd7f_30,"Tue, 02 Jun 2026 09:08:00 +0900",2026-06-02 09:17:53
뷰티/화장품,뷰티 산업,"정샘물, 'IWF 2026 코너스톤 컨퍼런스 in 런던' 대표 세션 패널 연사로 ...",글로벌 뷰티 산업의 미래와 K-뷰티의 성장 가능성에 대한 인사이트를 공유했다. IWF(International Women's Forum)는 전 세계 여성 리더들이 모여 산업·경제·문화·사회 전반의 미래를 논의하는 글로벌 리더십... ,https://www.businesskorea.co.kr/news/articleView.html?idxno=270505,https://www.businesskorea.co.kr/news/articleView.html?idxno=270505,"Tue, 02 Jun 2026 09:00:00 +0900",2026-06-02 09:17:53
뷰티/화장품,뷰티 산업,"경기도, 유럽 K-뷰티 수출길 넓히고 수리산 주차난 푼다…통상·생활인...",이번 상담회는 유럽 시장에서 수요가 증가하고 있는 화장품 등 뷰티 산업을 중심으로 마련됐다. 특히 유럽 화장품 등록 포털(CPNP) 등록을 완료했거나 해외 인증을 보유한 도내 뷰티기업 10개사가 참가해 높은 수준의... ,http://www.beyondpost.co.kr/view.php?ud=2026060208283073514c878f8fa1_30,http://www.beyondpost.co.kr/view.php?ud=2026060208283073514c878f8fa1_30,"Tue, 02 Jun 2026 08:44:00 +0900",2026-06-02 09:17:53
뷰티/화장품,뷰티 산업,짐 맡기고 부산 누벼라…BTS 팬 잡는 ‘체류형 관광’ 선봬,이번 프로젝트는 대형 공연을 도시 관광산업과 연계해 경제적 파급효과를 극대화하는 동시에 글로벌... 계기로 체류와 소비를 유도하고 재방문을 이끌어내는 부산 관광산업의 성장 동력으로 연결해 나가겠다”고 말했다.,https://www.sedaily.com/article/20050863?ref=naver,https://n.news.naver.com/mnews/article/011/0004626862?sid=102,"Tue, 02 Jun 2026 08:37:00 +0900",2026-06-02 09:17:53
뷰티/화장품,뷰티 산업,"복지부, 李정부 1년 성과 발표…통합돌봄·그냥드림 확대 성과 제시","바이오헬스 산업 육성 등 4대 핵심 분야 정책을 추진해 왔다고 밝혔다. 복지부는 저소득층 기본생활 보장... 제약·바이오 수출은 처음으로 100억 달러를 돌파했고, K-뷰티 수출액은 114억 달러를 기록했다. 지난해... ",https://mdtoday.co.kr/news/view/1065607410798091,https://mdtoday.co.kr/news/view/1065607410798091,"Tue, 02 Jun 2026 08:10:00 +0900",2026-06-02 09:17:53
뷰티/화장품,뷰티 산업,"한국콜마, K-뷰티 열풍에 올 1분기 실적 &quot;사상 최대&quot;…재고회전율도 업...","같은 기간 코스맥스는 8.0회, LG생활건강 3.7회, 애경산업 3.26회, 에이피알 2.6회, 아모레퍼시픽은 2.5회로 나타났다. 재고자산회전율은 기업이 보유한 재고를 얼마나 빠르게 판매하고 소진하는지를 나타내는 지표다.... ",https://www.youthdaily.co.kr/news/article.html?no=220079,https://www.youthdaily.co.kr/news/article.html?no=220079,"Tue, 02 Jun 2026 08:02:00 +0900",2026-06-02 09:17:53
뷰티/화장품,뷰티 산업,1년 만에 '12조' 썼다…한국 찾은 외국인 '핫플' 어디길래,"정부는 의료관광을 K뷰티와 지역 관광, 웰니스를 아우르는 ‘체류형 고부가 관광산업’으로 집중 육성하기로 했다. 1일 한국관광공사에 따르면 지난해 국내 병원을 방문한 의료관광객은 201만1822명으로 2024년... ",https://www.hankyung.com/article/2026060114171,https://n.news.naver.com/mnews/article/015/0005293930?sid=101,"Tue, 02 Jun 2026 08:01:00 +0900",2026-06-02 09:17:53
뷰티/화장품,뷰티 산업,"[K in 태국]⑥&quot;한류만 믿었는데&quot;…K뷰티, 의외로 부진한 이유",뷰티 산업의 본질은 '워너비(Wannabe)'에 있다는 이유에서다. 업계 관계자는 &quot;뷰티가 잘되려면 결국 따라 하고 싶은 대상이 있어야 한다&quot;며 &quot;K팝 아이돌과 한국 배우들이 가진 아름다운 이미지 자체가 K뷰티의 가장 강력한... ,https://news.bizwatch.co.kr/article/consumer/2026/06/01/0046,https://n.news.naver.com/mnews/article/648/0000047645?sid=101,"Tue, 02 Jun 2026 07:50:00 +0900",2026-06-02 09:17:53
뷰티/화장품,뷰티 산업,"&quot;K-팝, K-뷰티 다음은 K-공예&quot;...새로운 한류 문화 부상","ABC뉴스=김성용 기자 / K-팝과 K-뷰티로 전 세계의 관심을 끈 한류가 이제 전통 공예와 디자인 분야로... 일제강점기, 한국전쟁, 산업화, 디지털화를 짧은 기간에 모두 겪으면서 한국 문화는 순수성보다 적응과 재창조... ",https://www.abcn.kr/news/articleView.html?idxno=88454,https://www.abcn.kr/news/articleView.html?idxno=88454,"Tue, 02 Jun 2026 07:14:00 +0900",2026-06-02 09:17:53
뷰티/화장품,뷰티 산업,"K뷰티, 미국 잡고 수출 2위…1위 프랑스 추격 전략은","박초희 성신여대 뷰티산업학과 교수는 &quot;K뷰티 성공에는 미국 시장 수출 증가가 큰 역할을 했다&quot;며 &quot;차별화된 화장품 기술력과 상대적으로 저렴한 가격, 한국 문화 콘텐츠 확산이 비결&quot;이라고 말했다. 박 교수는 선크림을... ",https://www.ngetnews.com/news/articleView.html?idxno=550541,https://www.ngetnews.com/news/articleView.html?idxno=550541,"Tue, 02 Jun 2026 06:10:00 +0900",2026-06-02 09:17:53
뷰티/화장품,뷰티 산업,메모리 한상자 수출하면 도심 아파트 한채 값 번다…수출 신기록 달성,다만 산업통상부는 중동 전쟁으로 인한 국제유가 상승과 보호무역주의 흐름 등을 불확실성 요인으로... ‘K뷰티’에 대한 선호도 확대로 역대 5월 중 최대 실적을 달성했다. 다만 주력 제품 중 자동차 수출은... ,https://www.mk.co.kr/article/12063672,https://n.news.naver.com/mnews/article/009/0005688147?sid=101,"Tue, 02 Jun 2026 06:05:00 +0900",2026-06-02 09:17:53
뷰티/화장품,뷰티 산업,'편의점서 이걸 판다고?'…관심 폭발한 3000원 '가성비템' [트렌드+],새로운 뷰티 유통채널로 떠오르는 분위기다. 이처럼 편의점 업계가 화장품을 특화 카테고리로 낙점해 역량을 집중하는 배경에는 '바뀌어야 하는 상황'이 있다. 2일 산업통상자원부에 따르면 국내 편의점 점포 수는... ,https://www.hankyung.com/article/202606019880g,https://n.news.naver.com/mnews/article/015/0005293911?sid=101,"Tue, 02 Jun 2026 06:01:00 +0900",2026-06-02 09:17:53
뷰티/화장품,K뷰티 수출,인디 브랜드 뒤의 제조사…코스맥스가 키운 수출길 [글로벌 K뷰티 콘퍼...,K뷰티 수출 견인차 역할 ‘톡톡’… 다변화된 영토 확대 코스맥스가 주목받는 이유는 K뷰티 수출 뒤 제조 인프라 역할을 맡고 있어서다. 지난해 K뷰티 수출액은 114억달러(약 15조6000억원)에 달했다. 같은 기간... ,https://www.mk.co.kr/article/12063740,https://n.news.naver.com/mnews/article/024/0000105951?sid=101,"Tue, 02 Jun 2026 08:56:00 +0900",2026-06-02 09:17:54
뷰티/화장품,K뷰티 수출,[사설] 반도체만 뜨거운 수출… 산업 전반의 체력 회복 이어져야,"정부와 기업은 이어지는 수출 신기록을 산업 체질 개선의 기폭제로 삼아야 한다. 자동차·석유화학·철강 등 부진한 주력 업종의 구조 전환을 서두르고, 성과가 입증된 K뷰티·푸드 등 소비재를 제2의 성장축으로 키워야... ",https://www.seoul.co.kr/news/editOpinion/editorial/2026/06/02/20260602027006?wlog_tag3=naver,https://n.news.naver.com/mnews/article/081/0003648823?sid=110,"Tue, 02 Jun 2026 05:16:00 +0900",2026-06-02 09:17:54
뷰티/화장품,K뷰티 수출,"한국 수출 '반도체' 밖에 없다?…빼도 두자릿수↑, 1조弗 기대↑",화장품 수출은 K-뷰티 선호도 확대로 24.2% 증가한 11억8000만 달러를 기록했다. 역대 5월 중 최대 실적이다. 농수산식품 수출은 농산가공품 증가에 힘입어 4.7% 늘었다. 바이오헬스 수출도 고가 신규 제품군을 중심으로... ,https://www.newsis.com/view/NISX20260601_0003651857,https://n.news.naver.com/mnews/article/003/0013980831?sid=101,"Tue, 02 Jun 2026 05:00:00 +0900",2026-06-02 09:17:54
뷰티/화장품,K뷰티 수출,"한국공학대 GTEP사업단, 중국 하얼빈 미용박람회서 K-뷰티 수출 지원",하얼빈 미용박람회는 중국 동북지역과 러시아를 잇는 대규모 B2B 뷰티 산업 전시회다. 학생들은 박람회 기간... 시장으로의 수출 기반을 마련해주는 상생 효과를 거뒀다고 평가했다. 사업단은 향후에도 지역 중소기업의... ,https://www.cstimes.com/news/articleView.html?idxno=708139,https://www.cstimes.com/news/articleView.html?idxno=708139,"Tue, 02 Jun 2026 03:40:00 +0900",2026-06-02 09:17:54
뷰티/화장품,K뷰티 수출,"K뷰티 창업 4년새 2배로, ‘메가 브랜드’도 속속 탄생",K뷰티 중소기업의 수출 실적도 빠르게 늘고 있다. 지난해 중소기업 화장품 수출액은 83억2000만 달러로 역대 최고치였다. 2021년(52억5000만 달러) 대비 60%가량 증가한 규모다. 수출 중소기업 수는 처음으로 1만 개를... ,https://www.donga.com/news/Economy/article/all/20260601/134032095/2,https://n.news.naver.com/mnews/article/020/0003723837?sid=101,"Tue, 02 Jun 2026 00:32:00 +0900",2026-06-02 09:17:54
뷰티/화장품,K뷰티 수출,"&quot;화장품만 잘 만들어선 안 된다&quot;…K뷰티, 체험·유통까지 수출","다만 최근 K뷰티의 경쟁력은 단순한 수출 증가에만 있지 않다. 제품 판매를 넘어 유통과 체험, 브랜드 경험까지 함께 해외 시장에 진출하는 이른바 '생태계 수출'이 새로운 성장 전략으로 자리 잡았다. ◇미국 시장서 빛난... ",https://www.ziksir.com/news/articleView.html?idxno=135463,https://www.ziksir.com/news/articleView.html?idxno=135463,"Tue, 02 Jun 2026 00:00:00 +0900",2026-06-02 09:17:54
뷰티/화장품,K뷰티 수출,"룰루랩, 구윤철 경제부총리 주재 ‘K-뷰티 테크기업 현장 간담회’ 참석",간담회 자리에서 참석자들은 K-뷰티 산업이 단순 화장품 제조·수출 중심을 넘어 AI·데이터·디바이스가 융합된 고부가가치 기술 산업으로 도약하기 위한 민관 협력 방안을 논의했다. 2017년 설립된 룰루랩은 삼성전자 C... ,https://sports.khan.co.kr/article/202606012349003?pt=nv,https://n.news.naver.com/mnews/article/144/0001118578?sid=105,"Mon, 01 Jun 2026 23:50:00 +0900",2026-06-02 09:17:54
뷰티/화장품,K뷰티 수출,5월 수출 877억 달러 '역대 최대'···5개월 만에 연간 흑자 신기록 갱...,이 밖에 소비재 분야에서는 화장품 수출이 K-뷰티 선호도 확산으로 역대 5월 중 최대 실적인 11억8000만 달러(+24.2%)를 달성하며 호실적을 뒷받침했다. ◆ 대중·대미 수출 모두 폭발···9대 지역 중 7곳 '플러스... ,http://www.finomy.com/news/articleView.html?idxno=255141,http://www.finomy.com/news/articleView.html?idxno=255141,"Mon, 01 Jun 2026 23:28:00 +0900",2026-06-02 09:17:54
운송/물류,운송 주가,미-이란 충돌에 유가 상승…평화 협상 기대·엔비디아 신형 칩 호재에 ...,증권시장의 주가 상승한 데 따라 강세를 나타냈습니다.시가총액 5조3천억 달러로 세계에서 가장 가치가... 호르무즈 해협의 사실상 봉쇄는 전 세계 각종 자원의 해상 운송에 심각한 영향을 미치고 있습니다. 이... ,https://www.voakorea.com/a/oil-prices-surge-amid-us-iran-skirmishes-as-stocks-rise-on-optimism-of-peace-deal-nvidia-s-new-chip-060126/8156107.html,https://www.voakorea.com/a/oil-prices-surge-amid-us-iran-skirmishes-as-stocks-rise-on-optimism-of-peace-deal-nvidia-s-new-chip-060126/8156107.html,"Tue, 02 Jun 2026 00:41:00 +0900",2026-06-02 09:17:55
운송/물류,운송 주가,국경단계 마약 적발 역대 최대···원유 수입 대체선 확보 [뉴스의 맥],아울러 관세청은 지난해 11월 가동한 '초국가범죄 척결 TF'를 통해 자금세탁과 주가조작 등 총 122건... 녹취&gt; 이종욱 / 관세청장 &quot;FTA 원산지 증명 및 운송원칙 특례를 신설해 정유업계가 손쉽게 FTA 특혜관세를 적용받을... ,https://www.ktv.go.kr/content/view?content_id=755889,https://www.ktv.go.kr/content/view?content_id=755889,"Mon, 01 Jun 2026 19:00:00 +0900",2026-06-02 09:17:55
운송/물류,운송 주가,"코스피, 3%대 급등 최고치 마감…장중 한때 8800선 넘어(종합)","여기에 엔비디아 협력 기대감에 AI(인공지능) 관련주가 랠리를 펼친 점도 지수에 긍정적으로 작용했다.... 건설(-4.74%), 부동산(-4.00%), 종이·목재(-3.77%), 의료·정밀기기(-2.71%), 비금속(-2.66%), 운송·창고(-2.38... ",https://www.newsis.com/view/NISX20260601_0003652197,https://n.news.naver.com/mnews/article/003/0013980293?sid=101,"Mon, 01 Jun 2026 15:54:00 +0900",2026-06-02 09:17:55
운송/물류,운송 주가,"관세청, ‘국민안전·수출활력’ 뒷받침 국민주권 정부 1년 성과 발표","특히 수출 실적을 부풀려 재무제표를 과대 계상한 뒤 인위적으로 주가를 부양하거나 부정 상장하는... 및 운송원칙 특례를 신설, 캐나다산 원유(연간 최대 3300만 배럴)와 미국산 원유(1600만 배럴) 등 원유 수입선을... ",https://biz.heraldcorp.com/article/10761084?ref=naver,https://n.news.naver.com/mnews/article/016/0002650799?sid=101,"Mon, 01 Jun 2026 14:47:00 +0900",2026-06-02 09:17:55
운송/물류,운송 주가,"[이재명 정부 1년] 관세청, 마약 3233kg 적발 '역대 최대…경제안보 범죄...","관세청은 수출 실적을 부풀려 재무제표를 과대 계상한 뒤 주가를 부양하거나 부정 상장하는 자본시장... 관세청은 원산지증명과 운송원칙 특례를 신설해 캐나다산 원유 연간 최대 3300만배럴, 미국산 원유 1600만배럴... ",https://www.newspim.com/news/view/20260601000740,https://www.newspim.com/news/view/20260601000740,"Mon, 01 Jun 2026 14:06:00 +0900",2026-06-02 09:17:55
운송/물류,운송 주가,“암울했던 과거는 잊어라”…운임 상승세에 기대감 커지는 해운주,운임을 올리고 있고 그만큼 공급자 우위가 부각되는 시점”이라며 “운송업종이 관심 받기 어려운 증시 환경이지만 과거 가장 큰 주가 모멘텀 중 하나였던 물류대란 수혜 기대감이 커지고 있다”고 덧붙였다.,https://www.mk.co.kr/article/12062767,https://n.news.naver.com/mnews/article/009/0005687738?sid=101,"Mon, 01 Jun 2026 13:54:00 +0900",2026-06-02 09:17:55
운송/물류,운송 주가,"관세청, 더 탄탄한 '국경·경제안전망'으로 '국민안전'·'수출활력 뒷받...",수출 실적을 부풀려 재무제표를 과대 계상한 뒤 인위적으로 주가를 부양하거나 부정 상장하는 '자본시장... 관세청은 중동상황에 따른 전 세계적인 공급망 불안정에 대응해 원산지증명 및 운송원칙 특례를 신설... ,https://www.mt.co.kr/policy/2026/06/01/2026060111061360763,https://n.news.naver.com/mnews/article/008/0005365565?sid=102,"Mon, 01 Jun 2026 12:15:00 +0900",2026-06-02 09:17:55
운송/물류,운송 주가,"관세청, 마약 3천233kg·외환범죄 2조 적발…국경감시망 촘촘히 짠다","및 운송원칙 특례도 신설하고 연간 최대 250만톤의 호주산 천연가스액을 나프타 대체품으로 품목분류해... 특히, 수출 실적을 부풀려 재무제표를 과대 계상한 뒤 인위적으로 주가를 부양하거나 부정 상장하는... ",https://www.taxtimes.co.kr/news/article.html?no=275351,https://www.taxtimes.co.kr/news/article.html?no=275351,"Mon, 01 Jun 2026 12:02:00 +0900",2026-06-02 09:17:55
운송/물류,운송 주가,'역대 최대' 3.2톤 마약 적발한 관세청 &quot;국경 감시망 강화&quot;,수출 실적을 부풀려 주가를 띄우는 자본시장 교란 행위나 수입 가격을 허위로 신고해 국가 보조금을 챙긴... 원유 수급 불안정에 대응해 원산지 증명·운송원칙 특례를 신설함으로써 수입선을 다변화한 것이... ,https://www.hankookilbo.com/news/article/A2026060110470002130?did=NA,https://n.news.naver.com/mnews/article/469/0000933773?sid=101,"Mon, 01 Jun 2026 11:24:00 +0900",2026-06-02 09:17:55
운송/물류,운송 주가,"‘1년간 마약 3.2톤, 외환범죄 2조원 적발’… 관세청 “국경 단단하게...",수출실적을 허위로 부풀려 주가를 끌어올리거나 부정 상장을 시도한 자본시장 교란행위와 공공 보조금을... 관세청은 자유무역협정(FTA) 원산지 증명과 운송원칙 특례를 신설해 연간 최대 3300만 배럴 규모의 캐나다산... ,https://www.kukinews.com/article/view/kuk202606010058,https://www.kukinews.com/article/view/kuk202606010058,"Mon, 01 Jun 2026 11:20:00 +0900",2026-06-02 09:17:55
운송/물류,운송 주가,관세청 &quot;수출·민생 경제안전망 구축…외환범죄 2조 적발&quot;,"관세청은 원산지증명과 운송원칙 특례를 신설해 캐나다산 원유 연간 최대 3천300만배럴, 미국산 원유... 특히 수출 실적을 부풀려 재무제표를 과대 계상한 뒤 주가를 인위적으로 부양하거나 부정 상장하는 자본시장... ",https://news.einfomax.co.kr/news/articleView.html?idxno=4417727,https://news.einfomax.co.kr/news/articleView.html?idxno=4417727,"Mon, 01 Jun 2026 11:04:00 +0900",2026-06-02 09:17:55
운송/물류,운송 주가,"국경은 단단하게, 민생은 든든하게···국민안전·수출활력 뒷받침","특히 수출 실적을 부풀려 재무제표를 과대 계상한 뒤 인위적으로 주가를 부양하거나 부정 상장하는... 및 운송원칙 특례를 신설, 캐나다산 원유(연간 최대 3300만 배럴)와 미국산 원유(1600만 배럴) 등 원유 수입선을... ",http://www.intn.co.kr/news/articleView.html?idxno=2051044,http://www.intn.co.kr/news/articleView.html?idxno=2051044,"Mon, 01 Jun 2026 11:02:00 +0900",2026-06-02 09:17:55
운송/물류,운송 주가,"코스피,장 초반 사상 첫 8,600선 돌파…시총 7천조 넘어","한지영 키움증권 연구원은 &quot;코스피는 주가 폭등에 따른 단기 부담을 마주해야 할 것&quot;이라며 &quot;여전히... 코스피 업종별로 보면 IT서비스(7.95%), 기계장비(5.84%), 운송장비(3.19%) 등이 오르고 있다. 건설(-2.89... ",http://www.seouleconews.com/news/articleView.html?idxno=91545,http://www.seouleconews.com/news/articleView.html?idxno=91545,"Mon, 01 Jun 2026 10:18:00 +0900",2026-06-02 09:17:55
운송/물류,운송 주가,"코스피, 장중 사상 첫 8,600선 돌파…시총 7,000조원 시대 개막","한지영 키움증권 연구원은 &quot;최근 주가 급등에 따른 단기 부담이 존재한다&quot;며 &quot;실적 전망 상향 등 상승... 업종별로는 IT서비스와 기계장비, 운송장비 업종이 강세를 보인 반면 건설, 섬유의류, 의료정밀 업종은... ",https://www.jeonmae.co.kr/news/articleView.html?idxno=1261085,https://www.jeonmae.co.kr/news/articleView.html?idxno=1261085,"Mon, 01 Jun 2026 09:58:00 +0900",2026-06-02 09:17:55
운송/물류,운송 주가,"삼성전자 상승으로 코스피 8,600선 돌파… 외국인 투자자 연속 매도세 지...","코스피 지수가 개인 투자자들의 활발한 매수세와 삼성전자의 주가 상승에 힘입어 사상 처음으로 8,600선을... 코스피 업종별로는 IT서비스, 기계장비, 운송장비 등이 상승 중이며, 건설, 섬유의류, 의료정밀 등은... ",https://www.gokorea.kr/news/articleView.html?idxno=867969,https://www.gokorea.kr/news/articleView.html?idxno=867969,"Mon, 01 Jun 2026 09:54:00 +0900",2026-06-02 09:17:55
운송/물류,운송 주가,"코스피, 장 초반 사상 첫 8,600선 돌파…시총 7천조 넘어(종합)","한지영 키움증권 연구원은 &quot;코스피는 주가 폭등에 따른 단기 부담을 마주해야 할 것&quot;이라며 &quot;여전히... 코스피 업종별로 보면 IT서비스(7.95%), 기계장비(5.84%), 운송장비(3.19%) 등이 오르고 있으며 건설(-2.89... ",https://www.yna.co.kr/view/AKR20260601038400008?input=1195m,https://n.news.naver.com/mnews/article/001/0016110995?sid=101,"Mon, 01 Jun 2026 09:38:00 +0900",2026-06-02 09:17:55
운송/물류,물류 산업,"무보험 오토바이 배달 3일부터 금지…국토부, 유상운송 보험 의무화","국토교통부는 '생활물류서비스산업발전법에 따라 배달종사자가 가입해야 하는 보험의 종류와 보장 범위, 배달사업자의 보험 가입 여부 확인 절차 등을 담은 시행령 및 시행규칙 개정안을 오는 3일부터 시행한다고 2일... ",https://www.bizwork.co.kr/news/articleView.html?idxno=416126,https://www.bizwork.co.kr/news/articleView.html?idxno=416126,"Tue, 02 Jun 2026 09:14:00 +0900",2026-06-02 09:17:56
운송/물류,물류 산업,내일부터 유상운송보험 의무화…보험 미가입 시 배달 불가,국토교통부는 안전한 배달 환경 조성을 위해 배달 종사자의 유상운송보험 가입을 의무화하는 내용의 생활물류서비스산업발전법 시행령·시행규칙 개정안을 오는 3일부터 시행한다고 2일 밝혔다. 이에 따라 보험에... ,https://www.sentv.co.kr/article/view/sentv202606020013,https://www.sentv.co.kr/article/view/sentv202606020013,"Tue, 02 Jun 2026 09:08:00 +0900",2026-06-02 09:17:56
운송/물류,물류 산업,갑자기 튀어나와 ‘쌩쌩’ 배달 오토바이…내일부터 대인 무한·대물 2천...,2일 정부는 배달종사자의 유상운송용 보험 가입을 의무화하는 내용의 개정 생활물류서비스산업발전법 시행령·시행규칙을 내일부터 시행한다고 밝혔다. 이에 따라 보험에 가입하지 않은 종사자는 배달사업자와... ,https://www.mk.co.kr/article/12063745,https://n.news.naver.com/mnews/article/009/0005688181?sid=101,"Tue, 02 Jun 2026 09:06:00 +0900",2026-06-02 09:17:56
운송/물류,물류 산업,해양가족 바둑대회 성황리 열려…300명 참가,이번 대회는 해양 종사자와 가족들이 함께 참여하고 교류하는 화합의 장을 마련하는 한편 일반인들에게 우리 경제와 물류를 지탱하는 해운산업과 해양의 중요성을 널리 알리기 위해 마련됐다. 해운협회가 주최하고... ,https://www.ksg.co.kr/news/main_newsView.jsp?pNum=147329,https://www.ksg.co.kr/news/main_newsView.jsp?pNum=147329,"Tue, 02 Jun 2026 09:04:00 +0900",2026-06-02 09:17:56
운송/물류,물류 산업,"“100만 원이 8000만 원으로”…‘앤더블’ 한유진, 어떤 종목 샀길래",이어 주식 종목을 묻는 질문에는 “국장만 한다. 지금은 아무래도 반도체인데 그때는 해양물류산업을 했다”며 “지금은 시간이 없어서 열심히 관리하지는 못한다. 그래도 여전히 상한가다”라고 설명했다.,https://www.sportsseoul.com/news/read/1612900?ref=naver,https://m.entertain.naver.com/article/468/0001244114,"Tue, 02 Jun 2026 09:01:00 +0900",2026-06-02 09:17:56
운송/물류,물류 산업,제조업서 가치 높은 자격증 '산업안전기사'…비제조업선 '정보처리기사...,"생산라인, 물류 운영, 설비유지관리 등에서 직접적으로 활용되는 현장 중심 기술 자격증이라는 특징이 나타났다. 비제조업 기사 등급 자격증 가운데서는 정보처리기사, 전기·전기공사기사, 산업안전기사의 보유자... ",https://www.newspim.com/news/view/20260601001107,https://www.newspim.com/news/view/20260601001107,"Tue, 02 Jun 2026 09:00:00 +0900",2026-06-02 09:17:56
운송/물류,물류 산업,무보험 배달 이제 못 한다 … 내일부터 배달기사 유상운송보험 가입 의...,국토교통부는 2일 배달종사자의 유상운송용 보험 가입을 의무화하는 내용의 '개정 생활물류서비스산업발전법 시행령·시행규칙'을 오는 3일부터 시행한다고 밝혔다. 이에 따라 보험에 가입하지 않은 종사자는... ,https://biz.newdaily.co.kr/site/data/html/2026/06/02/2026060200038.html,https://biz.newdaily.co.kr/site/data/html/2026/06/02/2026060200038.html,"Tue, 02 Jun 2026 09:00:00 +0900",2026-06-02 09:17:56
운송/물류,물류 산업,배달기사 보험 가입 의무화…대인 무한·대물 2천만원 이상 보장,국토교통부는 안전한 배달문화 확립을 위해 배달종사자의 유상운송용 보험 가입을 의무화하는 내용의 개정 생활물류서비스산업발전법 시행령·시행규칙을 오는 3일부터 시행한다고 2일 밝혔다. 보험에 가입하지 않은... ,http://www.fins.co.kr/news/articleView.html?idxno=108714,http://www.fins.co.kr/news/articleView.html?idxno=108714,"Tue, 02 Jun 2026 08:56:00 +0900",2026-06-02 09:17:56
운송/물류,물류 산업,"[우리동네 광역의원-검단구] 후보 7명 출마, 민주·국힘 외 무소속·노동...","전과는 2010년 도로교통법 위반(음주운전) 벌금 100만원, 2017년 게임산업진흥에 관한 법률 위반 벌금 100만원... 정 후보는 학력을 기재하지 않았으며 쿠팡물류센터 노동자로 일하고 있다. 현재 공공운수노조... ",https://www.incheontoday.com/news/articleView.html?idxno=319509,https://www.incheontoday.com/news/articleView.html?idxno=319509,"Tue, 02 Jun 2026 08:50:00 +0900",2026-06-02 09:17:56
운송/물류,물류 산업,"글로벌 대기업, 로봇 전문 기업 컬래버 속 상용화 전쟁 본격화","형태와 크기가 제각각인 농산물처럼 기존 로봇이 다루기 어려웠던 '비정형 객체'시장에 먼저 진출하는 것이 핵심이며, 향후 제조·물류 등 다양한 산업 전반으로 사업을 확대하는 데 후발주자로써 강력한 모멘텀으로... ",https://www.cstimes.com/news/articleView.html?idxno=708159,https://www.cstimes.com/news/articleView.html?idxno=708159,"Tue, 02 Jun 2026 08:34:00 +0900",2026-06-02 09:17:56
운송/물류,물류 산업,내일부터 배달기사 보험 의무화…미가입 시 계약 해지,배달 종사자/ 사진=연합뉴스  국토교통부는 배달 종사자의 보험 가입 의무를 강화하는 내용을 담은 생활물류서비스산업발전법 시행령·시행규칙 개정안을 오는 3일부터 시행한다고 2일 밝혔다. 이번 개정은 이륜차 배달... ,http://www.issuenbiz.com/news/articleView.html?idxno=77017,http://www.issuenbiz.com/news/articleView.html?idxno=77017,"Tue, 02 Jun 2026 08:30:00 +0900",2026-06-02 09:17:56
운송/물류,물류 산업,배달 종사자 보험가입 의무화…&quot;대인 무한·대물 2천만원 이상&quot;,국토교통부는 안전한 배달문화 확립을 위해 이러한 내용의 개정 생활물류서비스산업발전법 시행령·시행규칙을 3일부터 시행한다고 오늘(2일) 밝혔습니다. 이번 개정은 무보험 배달 운행을 차단해 이륜차 배달 운행 중에... ,http://www.yonhapnewstv.co.kr/news/AKR2026060208274130Y,https://n.news.naver.com/mnews/article/422/0000870553?sid=101,"Tue, 02 Jun 2026 08:28:00 +0900",2026-06-02 09:17:56
운송/물류,물류 산업,배달기사 보험 가입 의무화…무보험 운행 땐 계약 해지,2일 국토교통부는 배달 종사자의 유상운송용 보험 가입 의무와 세부 운영 기준을 담은 생활물류서비스산업발전법 시행령·시행규칙 개정안을 3일부터 시행한다고 밝혔다. 개정안에 따르면 배달 종사자가 가입해야 하는... ,http://www.the-biz.co.kr/news/articleView.html?idxno=721763,http://www.the-biz.co.kr/news/articleView.html?idxno=721763,"Tue, 02 Jun 2026 08:28:00 +0900",2026-06-02 09:17:56
운송/물류,해운 시장,"[국제유가] 이란, 美 협상 중단·호르무즈 봉쇄 검토…WTI 5.5%↑",해운업계 회의 참석자들은 선박들이 호르무즈 해협을 정상적으로 통항하기 위해서는 향후 평화협정에 명확한 운항 규칙이 포함돼야 한다고 지적했다. 공급 차질 우려와 함께 지난주 발표된 중국 경제지표도 시장에... ,https://www.shinailbo.co.kr/news/articleView.html?idxno=5026411,https://www.shinailbo.co.kr/news/articleView.html?idxno=5026411,"Tue, 02 Jun 2026 08:22:00 +0900",2026-06-02 09:17:57
운송/물류,해운 시장,[속보] 중동 긴장 고조에도 삼성전자·SK하이닉스 프리장 2~3% 강세,호르무즈 해협은 세계 해상 원유 물동량의 약 20%가 지나는 핵심 통로여서 봉쇄 가능성만으로도 국제 에너지 시장에 충격을 주고 있다. 이란은 홍해 입구의 바브엘만데브 해협까지 거론하며 글로벌 해운 물류망... ,https://biz.newdaily.co.kr/site/data/html/2026/06/02/2026060200030.html,https://biz.newdaily.co.kr/site/data/html/2026/06/02/2026060200030.html,"Tue, 02 Jun 2026 08:08:00 +0900",2026-06-02 09:17:57
운송/물류,해운 시장,"이란, 미국과 협상 중단 선언…&quot;호르무즈 봉쇄&quot; 경고[뉴스새벽배송]",세계 해상 원유 물동량의 약 20%가 이곳을 지나가는 만큼 봉쇄 가능성만으로도 국제 에너지 시장은... 예멘 후티 반군이 이 지역에서 공격을 재개할 경우 글로벌 해운 물류망에도 상당한 충격이 가해질 수 있다는... ,https://www.edaily.co.kr/news/newspath.asp?newsid=02689606645477784,https://n.news.naver.com/mnews/article/018/0006295709?sid=101,"Tue, 02 Jun 2026 07:53:00 +0900",2026-06-02 09:17:57
운송/물류,해운 시장,"트럼프, 이란과 휴전 연장 협상 박차…호르무즈 개방 논의",최근 이란의 통항 제한 조치로 국제 유가와 해운시장 변동성이 확대되면서 미국과 주요 소비국들은 해협 정상화에 큰 관심을 보여왔다. ○ 핵 프로그램 처리 놓고 여전히 입장차 협상 진전에도 핵 문제는 해결되지 않은... ,https://www.topstarnews.net/news/articleView.html?idxno=16077825,https://www.topstarnews.net/news/articleView.html?idxno=16077825,"Tue, 02 Jun 2026 07:06:00 +0900",2026-06-02 09:17:57
운송/물류,해운 시장,6월 2일 개장 전 주요 공시,"1일 장 마감 후 2일 개장 전 주요 공시 ◆유가증권시장 E1은 중장기 경쟁력 강화를 위해 탑선 지분 인수를 검토한 바 있으나, 최종적으로는 진행하지 않기로 결정했다고 공시했다. 흥아해운은 중장기... ",https://www.seoulfn.com/news/articleView.html?idxno=630142,https://www.seoulfn.com/news/articleView.html?idxno=630142,"Tue, 02 Jun 2026 07:00:00 +0900",2026-06-02 09:17:57
운송/물류,해운 시장,"이란, 美와 협상 중단 선언…&quot;호르무즈 봉쇄&quot; 경고에 유가 재급등(종합...",시장에서는 원유 공급망 차질 가능성이 다시 부각되면서 인플레이션 우려와 금융시장 변동성 확대 가능성에... 예멘 후티 반군이 이 지역에서 공격을 재개할 경우 글로벌 해운 물류망에도 상당한 충격이 가해질 수 있다는... ,https://www.edaily.co.kr/news/newspath.asp?newsid=01354646645477784,https://n.news.naver.com/mnews/article/018/0006295658?sid=104,"Tue, 02 Jun 2026 03:20:00 +0900",2026-06-02 09:17:57
운송/물류,해운 시장,국제유가 100달러 공포 재점화...미국·이란 '협상 중단'에 한국 기업들...,"원유 수입 의존도가 높은 한국 역시 항공과 해운, 석유화학 업계를 중심으로 긴장감이 커지는 모습이다.... 상승세는 아시아 시장에서도 이어졌다. 한국시간 2일 오전 1시 18분 기준 WTI는 전 거래일 대비 7.54% 오른 배럴당... ",https://www.joongangenews.com/news/articleView.html?idxno=523134,https://www.joongangenews.com/news/articleView.html?idxno=523134,"Tue, 02 Jun 2026 01:38:00 +0900",2026-06-02 09:17:57
운송/물류,해운 시장,"부산항발 ‘컨’ 운임 큰폭 상승…KCCI, 전주 대비 7.95%↑",해진공 측은 “금주 시장은 선사 운임 인상분이 본격적으로 시장에 반영되면서 상승 폭이 다시 크게... 이어 “영국 해운 컨설팅 업체 드류리(Drewry)는 성수기 조기 진입 추세 속에 선사들이 FAK(Freight All Kinds)와... ,https://www.kukinews.com/article/view/kuk202606010218,https://www.kukinews.com/article/view/kuk202606010218,"Mon, 01 Jun 2026 23:54:00 +0900",2026-06-02 09:17:57
운송/물류,해운 시장,"해진공, 해운정보 글로벌 활용기반 확대",두 기관은 협약에 따라 ▷해운시장 데이터 및 인사이트 교환 ▷한국 해운산업의 디지털 전환을 위한 공동연구 발굴 ▷세미나·워크숍 등 지식교류 활동을 추진한다. 특히 해진공이 발간한 특집 보고서를 케플러의... ,http://www.kookje.co.kr/news2011/asp/newsbody.asp?code=0200&key=20260602.22011000349,https://n.news.naver.com/mnews/article/658/0000145472?sid=101,"Mon, 01 Jun 2026 19:22:00 +0900",2026-06-02 09:17:57
운송/물류,해운 시장,"컨테이너 운임 상승세 확대…KCCI, 8% 올라 2675",글로벌 해운시장 분석기관 드류리(Drewry)는 성수기 조기 진입 추세 속에서 선사들이 FAK와 PSS를 병행하며 선복을 블랭크 세일링으로 관리하고 있다고 설명했다. 드류리는 또 중동지역 지정학 리스크와 높은 벙커... ,https://www.newsis.com/view/NISX20260601_0003652518,https://n.news.naver.com/mnews/article/003/0013980696?sid=102,"Mon, 01 Jun 2026 19:20:00 +0900",2026-06-02 09:17:57
운송/물류,해운 시장,田 “힘 있는 여당 시장” vs 朴 “도덕성·능력 우위” [6·3 지방선거],전 후보는 선거 막판 ‘힘 있는 여당 시장’과 ‘예산을 가져올 수 있는 일꾼 시장’ 이미지를 앞세워 선거전에 나서고 있다. 전 후보 측은 “해양수산부와 해운 대기업 본사 부산 이전 등 가시적 성과가 전 후보의... ,https://www.busan.com/view/busan/view.php?code=2026060118501087117,https://n.news.naver.com/mnews/article/082/0001383393?sid=100,"Mon, 01 Jun 2026 18:59:00 +0900",2026-06-02 09:17:57
운송/물류,해운 시장,‘D-1’ 부산시장 선거 막판 혼전…지지층 투표장 집결이 승부처,민간 해운회사 3곳의 본사 부산 이전을 완성한 성과가 있으니 이번 부산시장 선거에선 그동안 계속 밀렸던 원도심 등에서 다른 결과가 나올 것으로 기대한다. 부산 사전투표율이 21.29%를 기록한 가운데 두 후보 캠프는... ,https://www.hani.co.kr/arti/area/yeongnam/1261430.html,https://n.news.naver.com/mnews/article/028/0002807662?sid=102,"Mon, 01 Jun 2026 18:30:00 +0900",2026-06-02 09:17:57
농업,농업 주가,"도심 속 자연의 숨결, 광주에서 만나는 휴식과 역사 가볼 만한 곳","서구 풍암동에 자리한 풍암호수공원은 1956년 농업용수 공급을 위한 풍암호수를 바탕으로 1975년 공원으로 지정되었다. 사계절 내내 다양한 꽃이 피어나며, 특히 장미 140여 종, 2만여 주가 식재되어 화려한 경관을 자랑한다.... ",https://www.topstarnews.net/news/articleView.html?idxno=16072164,https://www.topstarnews.net/news/articleView.html?idxno=16072164,"Mon, 01 Jun 2026 10:30:00 +0900",2026-06-02 09:17:58
농업,농업 주가,"[단독] NH투자증권 임추위, 농협개혁위원회 권고안 첫 수용",앞서 농협개혁위는 지난 3월 24일 농협중앙회에서 제5차 회의를 열고 '농업인과 국민의 신뢰 회복을 위한... 이는 증선위가 지난 2025년 7월 출범한 '주가조작 근절 합동대응단'의 2호 사건입니다. 당사자인 NH투자증권... ,https://biz.sbs.co.kr/article_hub/20000313666?division=NAVER,https://n.news.naver.com/mnews/article/374/0000513290?sid=101,"Mon, 01 Jun 2026 09:50:00 +0900",2026-06-02 09:17:58
농업,농업 주가,"2040 넷제로 버버리, 왜 2050으로 물러섰나","최근 주가는 회복세를 보이고 있다. 문제는 공급망 탈탄소화가 막대한 자본을 필요로 한다는 점이다.... 회사는 2019년 기준 비(非) FLAG(산림·토지·농업) 부문 스코프 3 배출량을 2030년까지 46.2%, 2050년까지 90... ",http://www.impacton.net/news/articleView.html?idxno=19062,http://www.impacton.net/news/articleView.html?idxno=19062,"Mon, 01 Jun 2026 08:46:00 +0900",2026-06-02 09:17:58
농업,농업 주가,[Who Is ?] 윤상현 한국콜마 및 콜마홀딩스 부회장,콜마홀딩스는 창업주가 구축한 산업의 기반 위에 2세 경영 체제가 전략적 확장과 실행력을 더해 이룬... 식수와 농업용수가 위협받을 수밖에 없다&quot;고 반대의사를 분명히 했다. 콜마비앤에이치는 이미 2020년 자사 소유... ,https://www.businesspost.co.kr/BP?command=article_view&num=438578,https://www.businesspost.co.kr/BP?command=article_view&num=438578,"Mon, 01 Jun 2026 07:02:00 +0900",2026-06-02 09:17:58
농업,농업 주가,[여성농민으로 산다는 건] 여성농업인센터를 어찌할 것인가,"후보들이 무엇을 할 것인지, 어떤 삶을 살아왔는지, 어떤 당인지, 그 당은 평소 어떤 철학과 관점으로 농업과... 물론 처음에는 보육과 돌봄 활동이 주가 되고, 나머지 고충 처리나 민원, 상담, 부정기 사업 등을... ",http://www.ikpnews.net/news/articleView.html?idxno=70566,http://www.ikpnews.net/news/articleView.html?idxno=70566,"Mon, 01 Jun 2026 00:02:00 +0900",2026-06-02 09:17:58
농업,농업 주가,새로운 60년을 대비한 Korea Reset 전략 &lt;33&gt; 한국경제의 역돌출부(Revers...,"주주들은 주가가 하락하는 등 손해를 보는 사례가 다반사로 발생하고 있다. SK, 카카오, LG 등 유수 기업들이... 농업용 드론의 안전성을 확인하기 위하여 모든 드론의 성능을 검사하는 과정을 거치도록 하였는데 문제는... ",http://www.ifs.or.kr/bbs/board.php?bo_table=News&wr_id=55783,http://www.ifs.or.kr/bbs/board.php?bo_table=News&wr_id=55783,"Sun, 31 May 2026 17:06:00 +0900",2026-06-02 09:17:58
농업,농업 주가,"美 금융권, 암호화폐 접근권 두고 정면충돌...트럼프가 문 열었는데 연...","소비자·소상공인·농업 대출을 5분의 1 이상 줄일 수 있다고 봤다. USDC는 2026년 1분기 온체인 거래량... 서클 주가, 2026년 11월 중간선거를 핵심 변수로 제시했다. 해당 법안은 5월 14일 위원회를 15대 9로... ",http://coinreaders.com/239465,http://coinreaders.com/239465,"Sun, 31 May 2026 13:02:00 +0900",2026-06-02 09:17:58
농업,농업 주가,"주낙영 후보, 동경주 해양관광·SMR 산업 육성 청사진 제시","주 후보는 동경주가 천혜의 해양관광 자원과 미래에너지 산업 기반을 동시에 갖춘 전략 지역이라고 평가하며... 여기에 스마트 농축수산업 육성, 공동영농 혁신농업타운 확대, 청년 농어업인 지원 확대, 농어촌 도시가스... ",https://www.hidomin.com/news/articleView.html?idxno=707413,https://www.hidomin.com/news/articleView.html?idxno=707413,"Sun, 31 May 2026 11:48:00 +0900",2026-06-02 09:17:58
농업,농업 주가,"리플레니시 뉴트리언츠(VVIVF), 마진 29% 입증…‘라이선스 전략’으로...","리플레니시 뉴트리언츠는 현재 약 2,700만 캐나다달러 시가총액과 0.17캐나다달러의 주가를 기록하고 있으며, 기존 지역 기반 비료 기업에서 ‘라이선스 중심의 재생 농업 플랫폼’으로 사업 모델을 재편하고 있다.... ",https://www.tokenpost.kr/news/economy/364733,https://www.tokenpost.kr/news/economy/364733,"Sun, 31 May 2026 08:52:00 +0900",2026-06-02 09:17:58
농업,농업 주가,중동도 찾는 한국 스마트팜…그린플러스 해외 공략 본격화,첨단온실 시장 성장과 스마트농업 확산이 이어질 경우 수혜 가능성이 높은 기업 가운데 하나로 평가받고 있다. 서울평가정보는 그린플러스에 대해 별도의 목표주가와 투자의견은 제시하지 않았다.,https://www.pinpointnews.co.kr/news/articleView.html?idxno=456437,https://www.pinpointnews.co.kr/news/articleView.html?idxno=456437,"Sat, 30 May 2026 12:18:00 +0900",2026-06-02 09:17:58
농업,농업 주가,"심상치 않은 움직임, 미국 선거까지 흔드는 AI 데이터센터 반발[기후로...","데이터센터가 다수 들어선 텍사스나 애리조나 주가 특히 주민들과 이런 갈등을 겪고 있습니다. 이 두 주의 주요 산업이 원래 농업인데, 데이터센터가 농업에 필요한 물까지 빨아들이고 있다는 겁니다. ◆ 홍종호&gt; 미국... ",https://www.nocutnews.co.kr/news/6525145?utm_source=naver&utm_medium=article&utm_campaign=20260530113246,https://n.news.naver.com/mnews/article/079/0004152341?sid=101,"Sat, 30 May 2026 05:01:00 +0900",2026-06-02 09:17:58
농업,농업 주가,"[올댓차이나] 中 증시, 지분조정 매도로 반락 마감…창업판 2.11%↓","반도체주와 비철금속주, 전자화학, 전기설비주가 약세를 면치 못했다. 시가 총액 상위 은행주와... 반면 중국은행은 0.86%, 초상은행 2.40%, 공상은행 2.56%, 농업은행 1.77%, 싱예은행 2.95%, 우편저축은행 0.81... ",https://www.newsis.com/view/NISX20260529_0003649698,https://n.news.naver.com/mnews/article/003/0013976544?sid=104,"Fri, 29 May 2026 17:23:00 +0900",2026-06-02 09:17:58
농업,농업 주가,"진안군, 외국인 계절근로자·농가 행정 부담↓",농가주가 근로자들을 인솔해 전주출입국·외국인사무소까지 직접 방문해야 하는 불편이 있었다. 특히... 약제는 선정업체가 읍·면 농업인상담소를 통해 각 농가에 공급하는 방식으로 전달된다. 군은 6월 초까지 공급을... ,https://www.ajunews.com/view/20260529142323100,https://www.ajunews.com/view/20260529142323100,"Fri, 29 May 2026 14:26:00 +0900",2026-06-02 09:17:58
농업,농업 주가,[김능구·황장수의 닥터둠의 전망 5월①][전문] &quot;주식 8000·반도체 호황...,"바로 이 부분이 반도체, 인공지능 산업 호황, AI 산업 호황, 수출 증가, 주가 상승을 바탕으로 한 거시 지표상... 일부 농업인 단체나 이런 사람들도 그런 주장을 했어요. 그래서 뜯어먹기로 가는 부분에 이게 전부 핀트를... ",https://www.polinews.co.kr/news/articleView.html?idxno=732476,https://www.polinews.co.kr/news/articleView.html?idxno=732476,"Thu, 28 May 2026 15:40:00 +0900",2026-06-02 09:17:58
농업,농업 주가,"[경제소식] 하나은행, 국가유공자·제복근무자 '대한민국만세 적금' 출...","이번 일손돕기는 농업·농촌의 소중한 공익적 가치를 널리 알리고 국민적 공감과 참여를 유도하기 위한... 3주간 진행됐다. 참가 학생들은 한화손보의 CM 채널을 직접 체험하고 분석했다. 특히 모바일, 웹 등 CM 채널 상품... ",http://www.4th.kr/news/articleView.html?idxno=2112393,http://www.4th.kr/news/articleView.html?idxno=2112393,"Thu, 28 May 2026 15:36:00 +0900",2026-06-02 09:17:58
농업,농업 주가,"국제 유가 도깨비장세 속 숨은 진주…한국석유, 석유제품 가치 재평가 ...","국제 유가와 정유·에너지 가격의 변동성이 급격히 확대되면서 한국석유의 시장 내 역할과 주가 향방에... 농업·비료 관련 화학주도 약세 흐름이 이어진다. 경농, 효성오앤비, 조비, 인바이오, 동방아그로 등이 동반... ",https://www.pinpointnews.co.kr/news/articleView.html?idxno=455918,https://www.pinpointnews.co.kr/news/articleView.html?idxno=455918,"Thu, 28 May 2026 13:48:00 +0900",2026-06-02 09:17:58
농업,농업 주가,"스마트팩토리 투자 열풍에 방긋…계양전기, 산업용 자동화 수혜주 부각",우려가 주가를 압박한다. 디아이씨와 아이티엠반도체는 로봇·전장 연계 사업성에도 불구하고 실적 확인... 엔젤로보틱스와 대동은 의료·농업 로봇 성장 기대가 유효하지만 단기 수급은 제한적이다. 에스비비테크는... ,https://www.pinpointnews.co.kr/news/articleView.html?idxno=455879,https://www.pinpointnews.co.kr/news/articleView.html?idxno=455879,"Thu, 28 May 2026 10:32:00 +0900",2026-06-02 09:17:58
농업,농업 주가,"충남도, 중동시장 진출·판로 확대 전략 모색 [힘쎈충남 브리핑]",주요 내용은 △달빛주가(푸드빌리지) △왕도길 투어코스(도보 해설 관광) △플라이 스카이 킹덤(열기구... 참여 학생들은 “직접 상토와 액비를 만들어보며 농업 현장 적용 방법을 이해할 수 있었다”며 “실용적인... ,https://www.kukinews.com/article/view/kuk202605270172,https://www.kukinews.com/article/view/kuk202605270172,"Wed, 27 May 2026 17:08:00 +0900",2026-06-02 09:17:58
농업,농업 주가,[전병서 칼럼] 잡은 고기 나누다 다음 고기 놓친다,주가 급등의 언제 터질지 모를 뇌관이 기업인과 투자자 모두의 근심이 됐다. 꿀이 있는 곳엔 파리가... 농업시대에 태어나 제조시대에 공부하고 정보화시대에 일한 기성세대 정책결정자들이 AI시대를 설계하고 있다.... ,https://www.ajunews.com/view/20260527101238130,https://www.ajunews.com/view/20260527101238130,"Wed, 27 May 2026 10:38:00 +0900",2026-06-02 09:17:58
농업,농산물 시장,여름 미식 트렌드 선도...대상 종가 '부추겉절이' 출시 및 오뚜기X진미...,신제품 '부추겉절이'는 100% 우리 농산물로 만든 신선한 부추에 갓 만든 매콤하고 시원한 양념을 가볍게... 이러한 시도는 빠르게 변화하는 소비자들의 입맛과 트렌드를 반영하며 시장에 활력을 불어넣을 것으로 보인다.,https://www.newstnt.com/news/articleView.html?idxno=704871,https://www.newstnt.com/news/articleView.html?idxno=704871,"Tue, 02 Jun 2026 09:04:00 +0900",2026-06-02 09:17:59
농업,농산물 시장,시멘트 공장이 의료진을 데리고 산골 마을로 간 이유,글로벌 시멘트 시장은 유럽의 탄소국경조정제도(CBAM) 도입과 아시아 시장 내 가격 경쟁 심화로 인해 급격한... 일시적인 자금 기부 방식을 탈피해 지역 농산물 구매와 환경 정화 등 생활환경 개선에 직접 참여하는 방식은... ,https://www.goodkyung.com/news/articleView.html?idxno=287699,https://www.goodkyung.com/news/articleView.html?idxno=287699,"Tue, 02 Jun 2026 08:52:00 +0900",2026-06-02 09:17:59
농업,농산물 시장,인력난 해소·스마트팜 확산…농협 강호동 &quot;정부의 든든한 농정 파트너...,"이 외에도 농산물 가격안정 차원에서 온라인 도매시장 활성화에 적극 투자하고 '싱씽배송 내일도착보장 서비스' 도입 등 농축산물 유통혁신을 꾀하고 있다. 강호동 회장은 &quot;정부의 농어촌 기본소득, 햇빛소득마을 확대... ",https://www.shinailbo.co.kr/news/articleView.html?idxno=5026423,https://www.shinailbo.co.kr/news/articleView.html?idxno=5026423,"Tue, 02 Jun 2026 08:48:00 +0900",2026-06-02 09:17:59
농업,농산물 시장,"축산환경관리원, 'K-퇴비' 베트남 실증 점검 및 수출 협약","탄티엔협동조합(Hợp tác xã Tân Tiến)은 2012년 설립된 달랏 지역 기반 농업 협동조합으로 농산물 및 비료... 국외 시장정보 제공, 국내외 바이어 연계 등 K-퇴비 수출을 위한 행정 지원을 받을 수 있다. 축산환경관리원... ",https://www.todayenergy.kr/news/articleView.html?idxno=298520,https://www.todayenergy.kr/news/articleView.html?idxno=298520,"Tue, 02 Jun 2026 08:28:00 +0900",2026-06-02 09:17:59
농업,농산물 시장,광주·전남 장바구니 물가 '희비',"수산물 시장은 전반적인 약세를 유지했다. 수온 상승과 휴어기로 어획량은 줄었으나, 소비 심리 위축이... 상대적으로 낮은 수준이라며, 농산물유통정보(KAMIS)를 통한 가격 비교로 알뜰하게 장을 보라&quot;고 말했다.",https://www.namdonews.com/news/articleView.html?idxno=912309,https://www.namdonews.com/news/articleView.html?idxno=912309,"Tue, 02 Jun 2026 08:20:00 +0900",2026-06-02 09:17:59
농업,농산물 시장,"세븐일레븐, 로코노미·제철코어 공략...소비자 관심도 증가","시장조사기업 엠브레인이 발표한 ‘2025 로코노미(Local+Economy) 활용 식품 조사’에 따르면 응답자의 82%가... 세븐일레븐은 지역 명물과 지역 농가, 국산 농산물을 활용한 차별화 상품을 지속 확대하고 있다. 농촌진흥청과... ",http://www.thebigdata.co.kr/view.php?ud=20260602081349960a79b9f00ab_23,http://www.thebigdata.co.kr/view.php?ud=20260602081349960a79b9f00ab_23,"Tue, 02 Jun 2026 08:16:00 +0900",2026-06-02 09:17:59
농업,농산물 시장,낙동강 칠서취수장 등 경남구간에 올해 첫 녹조 '창궐',"한편 낙동강에서 발생한 녹조는 청산가리 6600배 가량의 맹독물질로 수돗물, 농산물, 공기 중, 주민의... 창원시장 후보와 같은 당 정영두 김해시장 후보, 국민의힘 홍태용 김해시장 후보와 같은 당 류순철 합천군수 후보... ",https://daily.hankooki.com/news/articleView.html?idxno=1372672,https://daily.hankooki.com/news/articleView.html?idxno=1372672,"Tue, 02 Jun 2026 07:48:00 +0900",2026-06-02 09:17:59
농업,농산물 시장,"서태경 후보, 새벽시장 상인 목소리 경청…&quot;세심한 구정 펼칠 것&quot;",철야 선거운동 이틀째인 2일에는 오전 2시 30분께 엄궁 농산물도매시장 경매 현장을 찾았다. 서 후보는 새벽부터 일하는 상인들과 관계자들을 만나 시장 환경 개선과 생업 현장의 어려움에 대한 의견을 청취하고 지지를... ,https://www.news1.kr/local/busan-gyeongnam/6184441,https://n.news.naver.com/mnews/article/421/0008978911?sid=162,"Tue, 02 Jun 2026 07:47:00 +0900",2026-06-02 09:17:59
농업,농산물 시장,"GS25-세븐일레븐, '로코노미' 트렌드 반영 메뉴 출시","시장조사기업 엠브레인의 '2025 로코노미 활용 식품 조사'에서는 전체 응답자의 82%가 로코노미 식품 구매... 세븐일레븐은 지역 명물, 지역 우수 농민, 국산 농산물을 3대 지역 상생 키워드로 삼고 관련 상품을 운영하고... ",https://www.slist.kr/news/articleView.html?idxno=742731,https://www.slist.kr/news/articleView.html?idxno=742731,"Tue, 02 Jun 2026 07:06:00 +0900",2026-06-02 09:17:59
농업,농산물 시장,“봄부터 찾았다”…때이른 더위에 ‘수박’ 잘나가네,때 이른 무더위가 찾아오면서 수박시장이 후끈 달아올랐다. 최근 주요 대형마트·기업형슈퍼마켓(SSM)의... 안상준 농협경제지주 농산물도매부 과장은 “지금부터 7월말까지가 수박 출하 정점”이라며 “6월 상중순... ,https://www.nongmin.com/article/20260601500757,https://n.news.naver.com/mnews/article/662/0000096456?sid=101,"Tue, 02 Jun 2026 07:00:00 +0900",2026-06-02 09:17:59
농업,농산물 시장,"[부산 브리핑 모음(6월2일)] 부산항만공사, 톺아보는 청렴소식지 자체 ...","이번 활동은 무더위를 앞두고 영양관리에 어려움을 겪는 취약계층 어르신들에게 제철 식재료를 지원해 건강한 식생활을 돕고, 전통시장 및 지역농산물 소비 활성화에도 힘을 보태기 위해 마련됐다. 이날 공단 직원들은... ",https://www.dnews.co.kr/uhtml/view.jsp?idxno=202606011642150550784,https://www.dnews.co.kr/uhtml/view.jsp?idxno=202606011642150550784,"Tue, 02 Jun 2026 06:02:00 +0900",2026-06-02 09:17:59
농업,농산물 시장,"[경남 브리핑 모음(6월2일)] 진주 학생선수단, ‘제55회 전국소년체전’...",군 관계자는 “올해 악양둑방 봄꽃 경관단지는 군과 마을 주민이 힘을 모아 우리 지역 농산물을 널리 알리고... 부시장 주재로 ‘2027년(‘26년 실적) 시군 주요업무 합동평가 성과향상 대책보고회’를 개최하고 우수기관... ,https://www.dnews.co.kr/uhtml/view.jsp?idxno=202606011718278540797,https://www.dnews.co.kr/uhtml/view.jsp?idxno=202606011718278540797,"Tue, 02 Jun 2026 06:02:00 +0900",2026-06-02 09:17:59
