industry,keyword,title,description,originallink,link,pubDate,collected_at
반도체,반도체 주가,美 AI·반도체주 훈풍에...삼성전자·SK하이닉스 프리마켓서 4%대 ↑[특징...,간밤 뉴욕증시에서 인공지능(AI) 인프라 기업의 호실적에 반도체주가 오른 영향으로 풀이된다. 13일 오전 8시27분 기준 넥스트레이드에서 삼성전자는 전 거래일 대비 4.11% 오른 26만6000원에 거래되고 있다.... ,https://www.newsway.co.kr/news/view?ud=2026081308380163901,https://www.newsway.co.kr/news/view?ud=2026081308380163901,"Thu, 13 Aug 2026 08:44:00 +0900",2026-08-13 08:45:39
반도체,반도체 주가,"ISC, 'GPU·HBM·소캠까지' 글로벌 AI 확대 '핵심 기업' 등극…&quot;북미 빅테...",목표주가는 내년 예상 주당 순이익(2027F EPS) 5807원에 해외 테스트 소켓 동종업계의 평균 주가수익비율(P/E)... 이어 &quot;북미 빅테크 고객사향 주문형반도체(ASIC) 소켓의 초도 공급과 플래그십 스마트폰 AP 출시 효과가... ,http://www.newsprime.co.kr/news/article.html?no=743707,http://www.newsprime.co.kr/news/article.html?no=743707,"Thu, 13 Aug 2026 08:44:00 +0900",2026-08-13 08:45:39
반도체,반도체 주가,"AI 서버가 바꾼 기술주 판도···삼성전기, 글로벌 IB 최선호주로 부상","목표주가 상향과 최선호주 의견으로 이어지고 있다. 13일 업계에 따르면, 모건스탠리는 11일 보고서에서... 삼성전기는 미국 맞춤형 반도체(ASIC) 업체로부터 AI 칩 기판 관련 수주를 여러 건 확보했고 베트남 신규... ",https://www.smartbizn.com/news/articleView.html?idxno=151128,https://www.smartbizn.com/news/articleView.html?idxno=151128,"Thu, 13 Aug 2026 08:42:00 +0900",2026-08-13 08:45:39
반도체,반도체 주가,부실주 솎아내 ‘천스닥’ 간다?… 동전주 36곳 퇴출 시험대,특히 최근 반도체주로 자금이 쏠리면서 중소형주가 실적과 무관하게 급락한 상황에서 일률적인 기준을 적용하는 것은 지나치다는 지적도 나온다. 상장사들은 ‘상폐 탈출’을 위한 비상 대응에 들어갔다. 관리종목... ,https://www.chosun.com/economy/money/2026/08/13/2OKS6FYO2NCG7BQOATYOSRDIA4/?utm_source=naver&utm_medium=referral&utm_campaign=naver-news,https://n.news.naver.com/mnews/article/023/0003992761?sid=101,"Thu, 13 Aug 2026 08:41:00 +0900",2026-08-13 08:45:39
반도체,반도체 주가,"[해외시황] 뉴욕증시, CPI 예상 부합·AI 훈풍 속 '혼조'…나스닥 0.54%↑",미국의 7월 소비자물가지수(CPI)가 시장 예상에 부합하면서 금리 인상 우려가 완화된 가운데 인공지능(AI) 인프라 기업들의 호실적에 반도체주가 강세를 보였다. 현지 시간으로 12일 뉴욕증권거래소(NYSE)에서... ,http://www.newsprime.co.kr/news/article.html?no=743706,http://www.newsprime.co.kr/news/article.html?no=743706,"Thu, 13 Aug 2026 08:40:00 +0900",2026-08-13 08:45:39
반도체,반도체 주가,"[AI MY 증시전망] 코스피, 美 CPI·반도체 훈풍에 상승 기대",간밤 미국 반도체주가 큰 폭으로 상승한 데다 인공지능(AI) 인프라 기업들의 호실적으로 AI 수요 둔화 우려도 완화되면서 삼성전자와 SK하이닉스를 비롯한 반도체주를 중심으로 매수세가 이어질 것으로 예상된다.... ,https://www.newspim.com/news/view/20260813000095,https://www.newspim.com/news/view/20260813000095,"Thu, 13 Aug 2026 08:40:00 +0900",2026-08-13 08:45:39
반도체,반도체 주가,"원하이텍, 자사주 매입에 최대주주 29% 프리미엄 할증 유증 참여","주주가치 제고 활동을 추진한다고 13일 밝혔다. 윈하이텍은 주가 안정과 주주가치 제고를 목적으로 20억원... 최근 윈하이텍은 반도체 공장, AI 데이터센터, 모듈러 건축 프로젝트 등 고품질·고신뢰성이 요구되는 첨단... ",https://www.edaily.co.kr/news/newspath.asp?newsid=03637526645546992,https://n.news.naver.com/mnews/article/018/0006350759?sid=101,"Thu, 13 Aug 2026 08:38:00 +0900",2026-08-13 08:45:39
반도체,반도체 주가,"국내외 투자자, 한국 증시 전망 엇갈린 선택…ETF 투자 전략 강화",‘타이거 반도체탑10커버드콜액티브’ 448억원 등 커버드콜 ETF가 상위권에 대거 이름을 올렸다. 커버드콜... 국내 증시가 주춤한 사이 미국 주가지수를 추종하는 ETF로 자금이 이동한 점도 눈에 띈다. 개인은 ‘타이거... ,https://www.tokenpost.kr/news/market/389644,https://www.tokenpost.kr/news/market/389644,"Thu, 13 Aug 2026 08:36:00 +0900",2026-08-13 08:45:39
반도체,반도체 주가,美 반도체주 일제히 반등…AI 거품 우려 누그러졌나,코어위브 투자 확대에 엔비디아·마이크론 동반 강세 12일(현지 시각) 미국 증시에서 엔비디아와 마이크론 등 반도체주가 일제히 상승했다. 인공지능(AI) 인프라 기업들이 시장 기대를 웃도는 실적과 투자 계획을... ,https://www.chosun.com/economy/stock-finance/2026/08/13/TJ763WDHGRGZXNODRVDMD6KDXU/?utm_source=naver&utm_medium=referral&utm_campaign=naver-news,https://n.news.naver.com/mnews/article/023/0003992758?sid=101,"Thu, 13 Aug 2026 08:35:00 +0900",2026-08-13 08:45:39
반도체,반도체 주가,[증시 포인트] 상승 출발 전망...외국인 순매수 업종에 주목,"한 연구원은 이를 언급하면서 &quot;증시 과매도 인식, 글로벌 반도체 디레버리징 완료 기대감, 반도체 등 주력 업종의 2분기 호실적 등 7월에 비해 주가, 수급, 펀더멘털을 둘러싼 환경이 개선되고 있다는 데서 기인한다&quot;며... ",http://www.opinionnews.co.kr/news/articleView.html?idxno=142985,http://www.opinionnews.co.kr/news/articleView.html?idxno=142985,"Thu, 13 Aug 2026 08:34:00 +0900",2026-08-13 08:45:39
반도체,반도체 주가,[오늘의 주요일정] 정치·경제·금융·사회·법조 13일(목),부동산 시장의 시선은 한국부동산원이 이날 발표하는 8월 둘째 주 주간 아파트 가격 동향에 쏠린다.... 전날(12일) 정부는 삼성전자·SK하이닉스가 참여하는 용인·호남 반도체 클러스터의 전력망 구축에 시동을... ,https://www.newscj.com/news/articleView.html?idxno=3424686,https://www.newscj.com/news/articleView.html?idxno=3424686,"Thu, 13 Aug 2026 08:34:00 +0900",2026-08-13 08:45:39
반도체,반도체 주가,[어제장 오늘장] CPI 시장예상치 부합…삼전닉스 AI 낙관론에 힘입어 동...,"다시 삼성전자와 SK하이닉스, 반도체 대형주가 강하게 뛰며 지수 상승을 이끌었습니다. 미국의 소비자물가에 대한 경계감이 소폭 반영되긴 했었지만, CPI 가 시장 예상에 부합했고, AI 낙관론이 되살아났기 때문에 오늘... ",https://biz.sbs.co.kr/article_hub/20000328404?division=NAVER,https://n.news.naver.com/mnews/article/374/0000527204?sid=101,"Thu, 13 Aug 2026 08:30:00 +0900",2026-08-13 08:45:39
반도체,반도체 주가,[기업이슈] 주주환원 확대 기대감에…삼전닉스 동반 강세↑,"◇ 삼전닉스 강세…코스피, 6,500선 탈환 메모리 반도체 공급 부족이 장기간 이어질 것이란 전망과 함께... 수급적으로는 외국인이 두 종목을 2조3000억 원 넘게 순매수하며 주가 상승을 이끌었습니다. ◇ 일진전기... ",https://biz.sbs.co.kr/article_hub/20000328403?division=NAVER,https://n.news.naver.com/mnews/article/374/0000527201?sid=101,"Thu, 13 Aug 2026 08:28:00 +0900",2026-08-13 08:45:39
반도체,반도체 주가,"뉴욕증시, 인플레 둔화 속 AI 투심 회복…AI 인프라주는 19%대 급등",AI 클라우드 업체 코어위브와 서버 제조업체 슈퍼마이크로컴퓨터가 전날 시장 예상을 웃도는 실적을 내놓으면서 주가는 각각 19.28%와 19.02% 급등했습니다. 메모리 반도체 업체 마이크론 테크놀로지도 4.92... ,https://www.tjb.co.kr/news05/bodo/view/id/102344,https://www.tjb.co.kr/news05/bodo/view/id/102344,"Thu, 13 Aug 2026 08:28:00 +0900",2026-08-13 08:45:39
반도체,반도체 주가,[오늘의 브릿지경제 1면] 이제 포장도 ‘수출 스펙’ ⋯ EU ‘포장규제’...,"적용되면서 주가 1000원 미만인 ‘동전주’ 상장사들의 90일 생존 경쟁이 본격화했다. 12일 종가 기준 21개... ◆호남 반도체 산단, 2029년 3GW 전력 우선 공급 3대 메가 프로젝트 중 하나인 호남 반도체 산업단지에... ",https://www.viva100.com/article/20260812501121,https://www.viva100.com/article/20260812501121,"Thu, 13 Aug 2026 08:28:00 +0900",2026-08-13 08:45:39
반도체,반도체 주가,"iM증권, 한국전력 목표가↓…&quot;하반기 연료비 등 상승 부담&quot;",iM증권은 한국전력의 하반기 연료비와 전력구입비 상승에 따른 부담이 예상된다며 13일 목표주가를... 그러나 서남권 반도체 클러스터와 AI DC(데이터센터) 구축으로 예상되는 전력수요만 총 25GW인 만큼 최종안에선 더... ,https://www.yna.co.kr/view/AKR20260813024900008?input=1195m,https://n.news.naver.com/mnews/article/001/0016248361?sid=101,"Thu, 13 Aug 2026 08:27:00 +0900",2026-08-13 08:45:39
반도체,반도체 주가,[마켓프리뷰] 美 CPI發 금리 부담 완화…반도체 훈풍에 코스피 반등 기...,코어위브와 슈퍼마이크로컴퓨터 등 인공지능(AI) 인프라 관련 기업들의 호실적이 AI 수요에 대한 우려를 덜어준 데다 미국 반도체주가 강세를 보이면서 국내 증시에도 우호적인 투자심리가 형성될 것으로... ,https://www.ajunews.com/view/20260813082138195,https://www.ajunews.com/view/20260813082138195,"Thu, 13 Aug 2026 08:26:00 +0900",2026-08-13 08:45:39
반도체,반도체 주가,"뉴욕증시, 인플레 둔화 속 AI 낙관론 재개…나스닥 0.5% 상승","이날 주가가 각각 19.28%, 19.02% 급등했다. AI 인프라 관련 낙관론에 다시 불을 지핀 것이다. 메모리칩... 0%), 샌디스크(+5.8%) 등 반도체 중심의 강세를 연출하면서 혼조세로 마감했다&quot;고 설명했다.",https://www.cstimes.com/news/articleView.html?idxno=716634,https://www.cstimes.com/news/articleView.html?idxno=716634,"Thu, 13 Aug 2026 08:26:00 +0900",2026-08-13 08:45:39
반도체,반도체 주가,[굿모닝! 글로벌 뉴욕증시] CPI 안도에 AI 인프라주 급등…빅테크 약세...,"금리 인상 우려가 완화되자 반도체와 광통신 등 AI 인프라 관련주에 강한 매수세가 유입됐다. 다만 메타, 마이크로소프트, 테슬라 등 대형 기술주가 약세를 보이며 지수별 흐름은 엇갈렸다. 미 노동부에 따르면 7월... ",https://www.newsquest.co.kr/news/articleView.html?idxno=271653,https://www.newsquest.co.kr/news/articleView.html?idxno=271653,"Thu, 13 Aug 2026 08:26:00 +0900",2026-08-13 08:45:39
반도체,반도체 주가,&quot;남들 팔 때 샀다&quot;...'돈나무 언니'가 찜한 AI 반도체 종목 3개는?,"글로벌 기술주들이 주가 조정을 받는 사이, 한국 투자자들에게 '돈나무 언니'로 잘 알려진 캐시 우드 아크... 최근 기술주 전반의 가격이 하락하자 이를 저점 매수의 절호의 기회로 포착해 AI 및 반도체 핵심 종목을... ",http://www.fnnews.com/news/202608130723354872,https://n.news.naver.com/mnews/article/014/0005560895?sid=101,"Thu, 13 Aug 2026 08:24:00 +0900",2026-08-13 08:45:39
반도체,반도체 산업,애플도 MS도 아니다…빅테크 주저앉을 때 홀로 솟구친 '이곳',(AI) 반도체 기업들의 강세에 힘입어 다우 지수는 소폭 내리고 나스닥과 S&amp;P500 지수는 상승하는 혼조세로 장을 마감했다. 12일 (현지 시각) 뉴욕증권거래소에서 다우존스30산업평균지수는 전 거래일보다 21.... ,https://www.wikitree.co.kr/articles/1152135,https://www.wikitree.co.kr/articles/1152135,"Thu, 13 Aug 2026 08:44:00 +0900",2026-08-13 08:45:40
반도체,반도체 산업,"경제안보, 돈의 문제인가 생존의 문제인가",한국의 반도체 산업이 대표적인 사례다. 우리가 경쟁력을 가진 산업을 지키고 관련 공급망을 안정시키는 것은 국가 경제의 안정과 번영을 위해 반드시 필요한 일이다. 이런 의미에서 경제안보는 산업정책의 문제다. 하지만... ,https://www.lawtv.kr/news/articleView.html?idxno=60662,https://www.lawtv.kr/news/articleView.html?idxno=60662,"Thu, 13 Aug 2026 08:44:00 +0900",2026-08-13 08:45:40
반도체,반도체 산업,"로아앤코그룹, 루멘스 품고 '반도체·전장·LED' 미래 플랫폼 완성","로아앤코그룹이 LED 및 자동차 전장 전문 기업인 루멘스를 전격 인수하며 반도체, 첨단소재, 전장을 아우르는 고부가가치 첨단산업 생태계를 전격 구축했다. 로아앤코그룹은 12일 코스닥 상장사 넥스턴앤롤코리아가... ",https://daily.hankooki.com/news/articleView.html?idxno=1395455,https://daily.hankooki.com/news/articleView.html?idxno=1395455,"Thu, 13 Aug 2026 08:42:00 +0900",2026-08-13 08:45:40
반도체,반도체 산업,[뉴욕증시포커스] CPI가 누른 금리 공포…AI 실적이 끌어올린 나스닥,기술주와 반도체주를 끌어올렸다. 12일(현지시간) 뉴욕증권거래소(NYSE)에서 다우존스30산업평균지수는 전 거래일보다 21.58포인트(0.04%) 하락한 5만3770.27에 장을 마쳤다. 스탠더드앤드푸어스(S&amp;P)500지수는 20.30포인트(0.... ,https://www.goodkyung.com/news/articleView.html?idxno=290227,https://www.goodkyung.com/news/articleView.html?idxno=290227,"Thu, 13 Aug 2026 08:40:00 +0900",2026-08-13 08:45:40
반도체,반도체 산업,"신정훈 &quot;호남 반도체, 공장 건설부터 인력양성 함께 준비해야&quot;",신정훈 더불어민주당 국회의원은 12일 국회 기후에너지환경노동위원회 전체회의에서 열린 고용노동부 업무보고에서 호남권 반도체 산업에 필요한 지역 인재 육성과 반복 산업재해 사업장에 대한 관리 강화를 촉구했다. 신... ,https://www.m-i.kr/news/articleView.html?idxno=1401768,https://www.m-i.kr/news/articleView.html?idxno=1401768,"Thu, 13 Aug 2026 08:38:00 +0900",2026-08-13 08:45:40
반도체,반도체 산업,"[심층취재]이상일 시장...용인, 재생에너지 넘어 '탄소배출 제로' 녹색도...",용인은 반도체 산업을 중심으로 대규모 개발과 인구 증가가 예상되는 도시다. 산업 경쟁력을 키우는 동시에 도시 성장 과정에서 발생할 수 있는 환경 부담을 어떻게 줄이느냐가 중요한 과제로 꼽힌다. 이상일 시장은 이런... ,https://www.tournews21.com/news/articleView.html?idxno=140873,https://www.tournews21.com/news/articleView.html?idxno=140873,"Thu, 13 Aug 2026 08:36:00 +0900",2026-08-13 08:45:40
반도체,반도체 산업,반도체·이차전지·바이오 규제 완화…&quot;4.2조 투자 조기 집행 노린다&quot;,정부가 반도체·이차전지·바이오 등 첨단산업 분야의 규제를 대폭 완화해 기업 투자를 앞당기기로 했다. 용인 반도체 클러스터 공장 증설 지원 등을 포함해 약 4조2천억원 규모의 투자 유발 효과가 있을 것이라는 전망도... ,http://www.newsroad.co.kr/news/articleView.html?idxno=62802,http://www.newsroad.co.kr/news/articleView.html?idxno=62802,"Thu, 13 Aug 2026 08:36:00 +0900",2026-08-13 08:45:40
반도체,반도체 산업,[뉴욕증시] CPI 둔화 속 혼조 마감…나스닥 0.5%↑,"12일(현지시간) 뉴욕증권거래소(NYSE)에서 다우존스30 산업평균지수는 전장보다 21.58포인트(-0.04%) 내린... 이에 힘입어 메모리 반도체업체 마이크론 테크놀로지는 4.92% 올랐으며, SK하이닉스 미국주식예탁증서(ADR)... ",http://www.segyebiz.com/newsView/20260813505416?OutUrl=naver,http://www.segyebiz.com/newsView/20260813505416?OutUrl=naver,"Thu, 13 Aug 2026 08:36:00 +0900",2026-08-13 08:45:40
반도체,반도체 산업,"정부, 청년 고용대책 마련…반도체·이차전지 등 3조원대 투자 신속 지...",용인 반도체 클러스터 등 대규모 산업단지에서 공장을 증설할 때는 기존 건축허가와 분리해 별도 허가를 받을 수 있도록 한다. 이를 통해 약 2조5000억원 규모의 투자를 신속히 집행할 수 있도록 한다는 계획이다.... ,https://biz.heraldcorp.com/article/10839579?ref=naver,https://n.news.naver.com/mnews/article/016/0002683210?sid=101,"Thu, 13 Aug 2026 08:35:00 +0900",2026-08-13 08:45:40
반도체,반도체 산업,공장 짓다 멈추는 반도체 규제 손본다…“4.2조 투자 유발 효과”,정부는 앞으로 용인 반도체클러스터 등 일정 면적 이상 산업단지는 증설 건축물에 대해 기존 허가와 분리해 별도 허가를 받을 수 있도록 건축법을 개정하기로 했다. 이를 통해 약 2조5000억원의 투자가 조기에 이행될... ,https://www.sedaily.com/article/20078816?ref=naver,https://n.news.naver.com/mnews/article/011/0004651260?sid=101,"Thu, 13 Aug 2026 08:34:00 +0900",2026-08-13 08:45:40
반도체,반도체 산업,"정부, 규제 풀어 4.3조 기업투자 물꼬…용인 반도체 2.5조 조기이행",구미·포항 국가산단에 배터리 리사이클링 업종 입주 허용 반도체 실증법인 증여세 비과세…3분기 초혁신경제·녹색산업 2차 대책 용인 반도체 클러스터 조감도[출처 : 연합뉴스 자료사진] (세종=연합인포맥스) 박준형... ,https://news.einfomax.co.kr/news/articleView.html?idxno=4429890,https://news.einfomax.co.kr/news/articleView.html?idxno=4429890,"Thu, 13 Aug 2026 08:32:00 +0900",2026-08-13 08:45:40
반도체,반도체 산업,반도체 공장 증설 빨라지게…트리니티팹 증여세도 비과세,앞으로 반도체 클러스터 같은 대규모 산업단지에서 공장을 증설할 때 신속하게 건축 허가를 받을 수 있도록 법이 개정된다. 반도체 실증 테스트베드를 운영하는 비영리법인인 ‘트리니티팹’에 대한 증여세 비과세... ,https://www.hani.co.kr/arti/economy/economy_general/1272674.html,https://n.news.naver.com/mnews/article/028/0002818301?sid=101,"Thu, 13 Aug 2026 08:32:00 +0900",2026-08-13 08:45:40
반도체,반도체 산업,폭염 속 물가 불안에 농수산물 상시 모니터링·할인행사 연장…반도체 ...,"기존에는 반도체 산업단지에서 공장 1동 건설 중 2동 증설을 신청할 경우 1동 공사를 멈추고 재심사를 받아야 했으나, 앞으로는 각각 독립적으로 심사해 증설 속도를 높이겠다는 것이다. 이를 통해 약 2조 5000억 원... ",https://www.chosun.com/economy/economy_general/2026/08/13/7TJSQP6MN5C5RBBO2WICGLVZPM/?utm_source=naver&utm_medium=referral&utm_campaign=naver-news,https://n.news.naver.com/mnews/article/023/0003992757?sid=101,"Thu, 13 Aug 2026 08:32:00 +0900",2026-08-13 08:45:40
반도체,반도체 산업,"반도체 증설허가·산단 입주규제 손질…정부, 4.3조원 투자 걸림돌 푼다","반도체 가스검사 7일→3일 단축…협동로봇 규제도 손질 정부는 개별 프로젝트와 함께 첨단산업 전반의 규제도 손본다. 반도체 공장의 도시가스 시설 안전검사 기간을 7일에서 3일로 줄이고, 안전장치와 시공능력을 갖춘... ",https://www.edaily.co.kr/news/newspath.asp?newsid=03588326645546992,https://n.news.naver.com/mnews/article/018/0006350745?sid=101,"Thu, 13 Aug 2026 08:31:00 +0900",2026-08-13 08:45:40
반도체,반도체 산업,"정부, 구미·포항 국가산단 입주 대상에 ‘이차전지 자원재생’ 추가",정부는 이와 함께 용인 반도체 클러스터 등 일정면적 이상의 산업단지의 경우 증설 건축물에 대해 기존 건축허가와 분리해 별도 허가를 받을 수 있도록 ‘건축법’ 개정을 추진한다. 지금까지 건축법상 1대지 1허가... ,https://biz.chosun.com/policy/policy_sub/2026/08/13/4HDLJWN4WNAX3JW7BQGJCB3UPE/?utm_source=naver&utm_medium=original&utm_campaign=biz,https://n.news.naver.com/mnews/article/366/0001185923?sid=101,"Thu, 13 Aug 2026 08:31:00 +0900",2026-08-13 08:45:40
반도체,HBM 시장,"삼성·SK가 AI 메모리 집중하는 사이···CXMT, 범용 D램 판 흔든다",HBM 등 첨단 메모리 분야에서는 삼성전자와 SK하이닉스 등 선두 업체와 기술 격차가 남아 있다. 미국의 대중국 반도체 장비 수출 규제도 첨단 공정 확대와 고부가 시장 진입을 제약하는 요인이다. 문제는 메모리... ,https://www.smartbizn.com/news/articleView.html?idxno=151129,https://www.smartbizn.com/news/articleView.html?idxno=151129,"Thu, 13 Aug 2026 08:44:00 +0900",2026-08-13 08:45:41
반도체,HBM 시장,"아이에스티이, 2Q 매출 169억 ‘분기 최대’…영업익 흑자전환",HBM 등 첨단 반도체 시장 확대에 따른 장비 수요 증가에도 대응한다는 방침이다. 조창현 아이에스티이 대표이사는 “고부가가치 제품 중심의 매출 믹스 개선과 고객 다변화를 바탕으로 창립 이후 분기 역대 최대... ,https://www.edaily.co.kr/news/newspath.asp?newsid=03608006645546992,https://n.news.naver.com/mnews/article/018/0006350751?sid=101,"Thu, 13 Aug 2026 08:33:00 +0900",2026-08-13 08:45:41
반도체,HBM 시장,"SK하이닉스, 日 키옥시아 '최대주주 등극...메모리 분야 절대 강자 여부...",낸드플래시 시장 재편 가능성에 관심이 쏠린다. 12일 업계에 따르면 키옥시아홀딩스는 지난 10일... 입장에서는 HBM에 이어 플래시 메모리 기반의 HBF가 새로운 수익원이 될 수 있는 만큼 이를 미리 준비하는 측면도... ,https://www.ekoreanews.co.kr/news/articleView.html?idxno=87476,https://www.ekoreanews.co.kr/news/articleView.html?idxno=87476,"Thu, 13 Aug 2026 08:28:00 +0900",2026-08-13 08:45:41
반도체,HBM 시장,"뉴욕증시, 'AI주 강세·물가 둔화' 혼조세...S&amp;P500 최고치 근접","시장의 시선은 7월 소비자물가지수(CPI)에 집중됐다. 미국 노동부에 따르면 7월 CPI는 전년 동월보다 3.4... AI 데이터센터 투자가 GPU에서 고대역폭메모리(HBM), 서버 등 인프라 전반의 수요 확대로 이어질 것이란... ",http://www.joseilbo.com/news/news_read.php?uid=573746&class=53&grp=,https://n.news.naver.com/mnews/article/123/0002388315?sid=101,"Thu, 13 Aug 2026 08:26:00 +0900",2026-08-13 08:45:41
반도체,HBM 시장,SK하이퍼 “메모리 등 SK그룹 역량 앞세워 AI 인프라 공략”,SK텔레콤(SKT)의 인공지능 데이터센터(AIDC) 사업 전담 자회사 SK하이퍼가 SK그룹의 반도체·전력·건설·통신 역량을 앞세워 AI 인프라 시장 공략에 나선다. SK하이닉스의 고대역폭메모리(HBM) 등 반도체 경쟁력을 기반으로... ,https://www.sentv.co.kr/article/view/sentv202608130006,https://www.sentv.co.kr/article/view/sentv202608130006,"Thu, 13 Aug 2026 08:24:00 +0900",2026-08-13 08:45:41
반도체,HBM 시장,[박정식의 국내 주식시황] 삼성전자·SK하이닉스가 이끈 반등…코스닥도...,"미국 7월 소비자물가지수(CPI)와 근원 CPI가 모두 둔화되며 9월 연방공개시장위원회(FOMC) 금리 동결 기대감이... 전력반도체, HBM, CXL, 소캠 등 반도체 관련 테마가 상승했다. S7, MLCC, PCB, 유리기판 테마도 강세를 보였다.... ",https://www.newsquest.co.kr/news/articleView.html?idxno=271654,https://www.newsquest.co.kr/news/articleView.html?idxno=271654,"Thu, 13 Aug 2026 08:24:00 +0900",2026-08-13 08:45:41
반도체,HBM 시장,"삼성·SK하이닉스, HBM4 경쟁 본격화…변수는 평균판매가","실제로 2분기 SK하이닉스는 HBM 시장에서 우위를 유지했음에도 다른 요인들로 인해 실적 증진 폭이 예상치를 하회했다는 평가를 받고 있다. 올해 상반기까지는 HBM3E가 HBM 시장의 주류를 차지했는데, 가장 고부가... ",https://news.mtn.co.kr/news-detail/2026081212522392904,https://news.mtn.co.kr/news-detail/2026081212522392904,"Thu, 13 Aug 2026 08:04:00 +0900",2026-08-13 08:45:41
반도체,HBM 시장,"[중국의 역습 ⑦] 中 기술 굴기 트라우마···韓 반도체, 조선업 닮아갈...",업계 한 관계자는 &quot;중국이 막대한 노동력을 바탕으로 물량을 확대해 범용 시장을 장악하더라도 한국의 첨단 메모리 수요는 지속적으로 유지될 것&quot;이라며 &quot;다만 HBM은 영구적인 독점 기술이 아니기 때문에 HBM 이후의 차세대... ,https://www.seoulfn.com/news/articleView.html?idxno=635504,https://www.seoulfn.com/news/articleView.html?idxno=635504,"Thu, 13 Aug 2026 08:00:00 +0900",2026-08-13 08:45:41
반도체,HBM 시장,[넥스트-샷] &quot;CPI 꺾였으니 금리 손대지 말 것&quot;···AI 회의론은 고개 못...,넥스트레이드 시대의 개막으로 우리 시장의 아침이 1시간 더 빨라졌습니다. [넥스트-샷(NEXT-Shot)]은... 특히 SK하이닉스 ADR이 하루 만에 9.01% 폭등하고 마이크론이 5% 가까이 상승한 팩트는 국내 HBM 및 반도체 소부장... ,https://www.womaneconomy.co.kr/news/articleView.html?idxno=257230,https://www.womaneconomy.co.kr/news/articleView.html?idxno=257230,"Thu, 13 Aug 2026 07:56:00 +0900",2026-08-13 08:45:41
반도체,HBM 시장,삼전닉스 구조대 오나요? 전문가 의견일치 &quot;호재온다!&quot;,9%↑ &quot;AI 인프라는 GPU 하나 사는 산업 아냐&quot;서버·HBM·데이터센터·전력까지 다 뜬다 삼전닉스 구조대 오나..... 일단 CPI라는 대형 이벤트를 앞두고 우리 시장에도 긴장감이 상당했거든요. 그런데 보니까 물가도 나름... ,https://www.ytn.co.kr/_ln/0102_202608130746409080,https://n.news.naver.com/mnews/article/052/0002392667?sid=101,"Thu, 13 Aug 2026 07:46:00 +0900",2026-08-13 08:45:41
반도체,HBM 시장,[팀장칼럼] 반도체 메가특구의 시간 싸움,고대역폭메모리(HBM) 개발에 실기하면서 33년 동안 지켰던 세계 D램 시장 1위 자리를 SK하이닉스에 넘겨주는 수모도 겪었다. 삼성전자는 명예 회복을 위해 절치부심했고 가까스로 D램 왕좌를 탈환했다. 삼성전자 반도체를... ,https://www.news1.kr/industry/general-industry/6257308,https://n.news.naver.com/mnews/article/421/0009111262?sid=110,"Thu, 13 Aug 2026 07:31:00 +0900",2026-08-13 08:45:41
반도체,HBM 시장,"[반도체 진주, 일본서 캐다] TOWA ②HBM 후공정 핵심, 몰딩 장비 과반 장...",TOWA PER(포워드) 5년 추이 [자료=코이핀] 회사 몰딩 장비의 수요처 자체도 HBM 바깥으로 넓어지고 있다. 회사가 다음 시장으로 꼽는 것은 패널레벨패키징(PLP)이다. 지름 30cm의 원형 웨이퍼 단위로 이뤄져 온 패키징... ,https://www.newspim.com/news/view/20260812001098,https://www.newspim.com/news/view/20260812001098,"Thu, 13 Aug 2026 07:30:00 +0900",2026-08-13 08:45:41
반도체,HBM 시장,"SFA, 2분기 영업익 전년비 37.3% ↑…연간 수주액 77% 성장 전망","반도체 산업군에서 본격적인 글로벌 시장 진입을 통한 성장도 준비한다. 전년 HBM용 물류 시스템 수주와 올해 상반기 레거시 메모리용 전공정 물류시스템 사업 확대, 중화권 웨이퍼용 물류시스템 수주 등의 성과를... ",https://zdnet.co.kr/view/?no=20260812171946,https://n.news.naver.com/mnews/article/092/0002433820?sid=105,"Thu, 13 Aug 2026 07:30:00 +0900",2026-08-13 08:45:41
반도체,HBM 시장,"삼전닉스 전망, 머스크發 엔비디아 독점에 훈풍",엔비디아의 베라 루빈에는 6세대 고대역폭메모리(HBM4)와 저전력 D램을 묶은 소캠(SOCAMM)2가 들어가는데... AI 메모리 호황으로 상반기 양사 영업이익이 250조원에 육박하면서 시장의 관심은 추가 주주환원으로... ,https://www.bntnews.co.kr/article/view/bnt202608130023,https://www.bntnews.co.kr/article/view/bnt202608130023,"Thu, 13 Aug 2026 07:30:00 +0900",2026-08-13 08:45:41
반도체,HBM 시장,인플레 숨 고르자 AI 불붙었다…나스닥 0.54% 상승 마감,AI 연산 수요 확대에 따라 고대역폭메모리(HBM)를 중심으로 한 메모리칩 수요가 장기적으로 견조할 것이라는 전망이 반영된 것으로 풀이된다. 인플레이션이 시장 예상 범위 안에서 진정 조짐을 보이는 가운데... ,http://www.newsroad.co.kr/news/articleView.html?idxno=62794,http://www.newsroad.co.kr/news/articleView.html?idxno=62794,"Thu, 13 Aug 2026 07:22:00 +0900",2026-08-13 08:45:41
반도체,HBM 시장,머스크 손잡은 엔비디아 고공 행진… ‘삼전닉스’도 웃는다,주식시장에 미친 파급 효과는 컸다. 당초 엔비디아와 AMD의 칩을 함께 사용할 것이라던 그가 8월 4일(이하... 베라 루빈에는 6세대 고대역폭메모리(HBM) HBM4와 저전력 D램 LPDDR5X를 여러 개 묶은 소캠(SOCAMM)2가 들어간다.,https://weekly.donga.com/3/all/11/6345034/1,https://n.news.naver.com/mnews/article/037/0000038667?sid=101,"Thu, 13 Aug 2026 07:05:00 +0900",2026-08-13 08:45:41
반도체,HBM 시장,[Invest]與 전당대회에 재계 '촉각'…당정 주도권 따라 자본시장 규제도...,금융·자본시장 정책에서는 정부 정책의 연속성과 당 주도의 개혁 사이에서 온도차가 나타나고 있어서다.... 호남 반도체 클러스터와 충청권 고대역폭메모리(HBM) 거점 등에 삼성전자와 SK그룹 등 주요 대기업의 대규모... ,https://www.investchosun.com/site/data/html_dir/2026/08/12/2026081280111.html,https://www.investchosun.com/site/data/html_dir/2026/08/12/2026081280111.html,"Thu, 13 Aug 2026 07:02:00 +0900",2026-08-13 08:45:41
반도체,HBM 시장,[Invest]삼성전자·SK하이닉스 주가는 언제 정상 궤도로 복귀할까,"양사 사업은 시장이 걱정했던 것보다 훨씬 견조한데, 주가가 딴판으로 움직이는 기간이 길어지면서 이를... 고대역폭메모리(HBM) 탑재량 감소 등 변수를 우겨넣다시피 해서 목표주가를 낮추고는 있지만, 이익 전망이나... ",https://www.investchosun.com/site/data/html_dir/2026/08/12/2026081280090.html,https://www.investchosun.com/site/data/html_dir/2026/08/12/2026081280090.html,"Thu, 13 Aug 2026 07:02:00 +0900",2026-08-13 08:45:41
반도체,파운드리 수주,"저스템, 삼성·SK하이닉스·마이크론 독식에 '사상 최대 실적'…&quot;압도적...","또한 &quot;삼성전자는 P3-P4 테일러 팹 중심으로 수주가 본격화되고 있으며, 침투율이 낮았던 P1, P2 및 파운드리 라인으로도 공급이 점진적으로 확대되고 있어 중장기 성장 여력이 가장 큰 고객사로 자리매김할 것... ",http://www.newsprime.co.kr/news/article.html?no=743703,http://www.newsprime.co.kr/news/article.html?no=743703,"Thu, 13 Aug 2026 08:26:00 +0900",2026-08-13 08:45:42
반도체,파운드리 수주,"오킨스전자, 대만 지사 설립… &quot;글로벌 AI 반도체 공략 가속&quot;","대만은 글로벌 파운드리 기업 TSMC를 비롯해 반도체 설계 기업(팹리스), 외주 반도체 패키징 및 테스트(OSAT)... 최대 수준으로 운용하고 있다. 저전력 다중데이터전송(LPDDR) D램 적용 확대와 함께 레거시 D램 수요가 늘어난... ",https://www.mt.co.kr/stock/2026/08/13/2026081307005873556,https://n.news.naver.com/mnews/article/008/0005399365?sid=101,"Thu, 13 Aug 2026 08:00:00 +0900",2026-08-13 08:45:42
반도체,파운드리 수주,"저스템, 반도체 3사 공급 확대에 사상 최대 실적…압도적 성장 지속-SK",삼성전자는 P3·P4·테일러 팹을 중심으로 수주가 본격화되고 있다. 허 연구원은 “침투율이 낮았던 P1·P2 및 파운드리 라인으로도 공급이 점진적으로 확대되고 있어 중장기 성장 여력이 가장 큰 고객사로... ,https://www.edaily.co.kr/news/newspath.asp?newsid=03398086645546992,https://n.news.naver.com/mnews/article/018/0006350699?sid=101,"Thu, 13 Aug 2026 07:47:00 +0900",2026-08-13 08:45:42
반도체,파운드리 수주,"[美증시] AI 인프라주 전반 불기둥…광트랜시버, 서버제조업체까지","이들 기업은 모두 시장예상치를 상회하는 실적과 놀라운 수주잔액, 압도적인 가이던스를 제시했다 이는... 30%, 파운드리 대장인 TSMC ADR은 1.70% 각각 뛰었다. 반도체 장비주도 호응했다. 어플라이드 머티리얼즈는 4.30... ",https://www.mediapen.com/news/view/1116071,https://www.mediapen.com/news/view/1116071,"Thu, 13 Aug 2026 07:38:00 +0900",2026-08-13 08:45:42
반도체,파운드리 수주,'체질 바꾼' 中 수출의 습격… 반도체·EV 무기화에 흔들리는 K-산업,2배 수준으로 팽창했다. 미·중 기술 패권 전쟁 속에서도 28나노미터(nm) 이상의 레거시(구공정) 범용 반도체... 중국 정부의 막대한 국가지원금을 바탕으로 28나노 이상 범용 파운드리 칩이 글로벌 시장에 과잉 공급되면서... ,https://www.g-enews.com/view.php?ud=2026081223062117930c8c1c064d_1,https://www.g-enews.com/view.php?ud=2026081223062117930c8c1c064d_1,"Thu, 13 Aug 2026 06:06:00 +0900",2026-08-13 08:45:42
반도체,파운드리 수주,﻿[AI로 읽는 경제] ④ AI가 AI 반도체를 설계한다…미세공정 다음 병목...,도구와 파운드리의 검증을 통과해야 한다. 핵심은 설계자의 소멸이 아니라 설계 병목의 이동이다. [AI... AI 설계 경쟁이 개별 알고리즘에서 파운드리·EDA·설계기업이 연결된 생태계 경쟁으로 바뀌고 있다는 의미다. [AI... ,https://www.newspim.com/news/view/20260812000988,https://www.newspim.com/news/view/20260812000988,"Thu, 13 Aug 2026 06:00:00 +0900",2026-08-13 08:45:42
반도체,파운드리 수주,[주식마감] '호남 반도체' 소식에 금호건설·금호전기 연속 상한가... 엠...,"엣지파운드리, 샤페론, 한탑, 골드앤에스, 코이즈가 상한가에 이름을 올리고 장을 마감한 가운데... 금호건설은 최근 대형 공공공사도 수주했다. 지난달 23일 서울주택도시개발공사(SH)가 발주한 '장지차고지... ",https://www.ggilbo.com/news/articleView.html?idxno=1175169,https://www.ggilbo.com/news/articleView.html?idxno=1175169,"Wed, 12 Aug 2026 19:40:00 +0900",2026-08-13 08:45:42
반도체,파운드리 수주,"TSMC, 첨단 공정·패키징 등에 42조원 자본지출 승인",세계 최대 파운드리(반도체 위탁생산) 업체인 대만 TSMC가 첨단 공정과 패키징 등에 294억4250만 달러(약... 88조7천억~94조6천억원) 수준으로 상향 조정했다. 회사는 아울러 첨단 공정용 AI 칩에 대한 수요가 매우 강하고... ,https://www.nocutnews.co.kr/news/6562099?utm_source=naver&utm_medium=article&utm_campaign=20260812055307,https://n.news.naver.com/mnews/article/079/0004178157?sid=104,"Wed, 12 Aug 2026 17:54:00 +0900",2026-08-13 08:45:42
반도체,파운드리 수주,"[12일 특징주] LG전자, 구광모·젠슨 황 회동 앞두고 12% '껑충'","수주 기대감이 커졌다. 금호전기도 전 거래일 대비 1220원(29.90%) 오른 5300원에 거래를 마치며 이틀 연속 상한가를 기록했다. 코스닥 시장에서는 엠엑스로보틱스, 남화토건, 오가닉티코스메틱, 엣지파운드리... ",https://www.newsworks.co.kr/news/articleView.html?idxno=850191,https://www.newsworks.co.kr/news/articleView.html?idxno=850191,"Wed, 12 Aug 2026 17:02:00 +0900",2026-08-13 08:45:42
반도체,파운드리 수주,"TSMC, 42조 원 대규모 자본지출로 반도체 생산력 확대","파운드리는 반도체 설계 회사가 맡긴 칩을 대신 생산하는 사업인데, 최근에는 인공지능 서버와... 그러면서 2029년부터 2030년까지의 수주 가시성까지 이미 확보됐다고 밝힌 바 있다. 이에 따라 연간 자본지출 전망치도... ",https://www.tokenpost.kr/news/tech/389154,https://www.tokenpost.kr/news/tech/389154,"Wed, 12 Aug 2026 16:50:00 +0900",2026-08-13 08:45:42
반도체,파운드리 수주,[급등락주 짚어보기] 호남 반도체 기대 이틀째…금호건설·남화토건 또...,"전반에 수주 기대감이 붙었다. 다만 실제 공사 수주 여부와 규모는 아직 확정되지 않았다. 이재명... 코스닥 시장에서 상한가를 기록한 종목은 엑스로보틱스, 남화토건, 오가닉티코스메틱, 엣지파운드리, 샤페론, 한탑... ",https://www.etoday.co.kr/news/view/2613844,https://www.etoday.co.kr/news/view/2613844,"Wed, 12 Aug 2026 16:34:00 +0900",2026-08-13 08:45:42
반도체,파운드리 수주,"삼성전자, 1.4나노 양산·차세대 노광 공정 '속도 조절'…기술 완성도 무...",12일 업계에 따르면 삼성전자 파운드리사업부는 당초 2027년으로 잡았던 1.4나노 공정의 양산 목표를... 결국 하이NA EUV 선제 도입을 실제 고객 수주와 양산 규모 확대로 연결할 수 있을지가 관건이다. 업계... ,https://www.greened.kr/news/articleView.html?idxno=347521,https://www.greened.kr/news/articleView.html?idxno=347521,"Wed, 12 Aug 2026 16:25:00 +0900",2026-08-13 08:45:42
반도체,파운드리 수주,"코스피, 반도체 쌍끌이에 3.7% 급등…6500선 돌파·매수 사이드카","미국 인공지능(AI) 인프라 기업들의 대규모 수주와 투자 확대가 반도체 수요에 대한 기대를 되살리면서... 코스닥시장에서는 엠엑스로보틱스, 남화토건, 오가닉티코스메틱, 엣지파운드리, 샤페론, 한탑... ",http://www.the-biz.co.kr/news/articleView.html?idxno=726128,http://www.the-biz.co.kr/news/articleView.html?idxno=726128,"Wed, 12 Aug 2026 16:00:00 +0900",2026-08-13 08:45:42
반도체,파운드리 수주,"빌 게이츠 방한 앞두고…K-원전, 테라파워 SMR 공급망 '선점'",실제 수주로 이어질지 주목된다. 12일 업계에 따르면 게이츠 의장은 오는 14일 한국을 방문해 한성숙... 특정 SMR 노형을 직접 개발하기보다 글로벌 설계사에 핵심 기자재를 공급하는 'SMR 파운드리' 사업을 추진하고... ,https://www.newsway.co.kr/news/view?ud=2026081214000353902,https://www.newsway.co.kr/news/view?ud=2026081214000353902,"Wed, 12 Aug 2026 15:20:00 +0900",2026-08-13 08:45:42
반도체,파운드리 수주,"TSMC, 첨단 공정·패키징 등에 42조원 자본지출 승인",세계 최대 파운드리(반도체 위탁생산) 업체인 대만 TSMC가 첨단 공정과 패키징 등에 294억4250만달러(약... 이미 수주 가시성이 확보됐다고 밝힌 바 있다. TSMC는 이 설명회에서 연간 자본지출 전망치를 기존... ,https://biz.heraldcorp.com/article/10839034?ref=naver,https://n.news.naver.com/mnews/article/016/0002682994?sid=104,"Wed, 12 Aug 2026 15:06:00 +0900",2026-08-13 08:45:42
반도체,파운드리 수주,조선·방산 넘어 전력·SMR까지…정기선표 'HD현대 밸류체인' 구축 눈앞,"이번 방한을 계기로 SMR 주기기 제작 파운드리 확보 및 해상 부유식 SMR·원자력 추진 선박 등 탈탄소 미래... 총공급 규모는 1000MW, 수주 금액은 9560억원에 달한다. HD현대중공업이 체결한 역대 최대 규모의 발전용 엔진... ",https://www.newsworks.co.kr/news/articleView.html?idxno=850089,https://www.newsworks.co.kr/news/articleView.html?idxno=850089,"Wed, 12 Aug 2026 15:00:00 +0900",2026-08-13 08:45:42
반도체,파운드리 수주,갈 길 바쁜 SMR 상용화 일정...9월 특별법 시행에 기대감 높아,두산에너빌리티는 SMR 파운드리(제조전문기업)로 독보적 입지를 확보하고 있는데 올 하반기 SMR 전용 공장... 두산에너빌리티 SMR 사업의 수주 및 공급 물량은 오는 2027년부터 구체화되는데 올해 2000억~3000억원 규모인... ,https://www.womentimes.co.kr/news/articleView.html?idxno=105212,https://www.womentimes.co.kr/news/articleView.html?idxno=105212,"Wed, 12 Aug 2026 14:58:00 +0900",2026-08-13 08:45:42
반도체,파운드리 수주,인텔도 대규모 설비투자…삼성전자 파운드리 반등에 ‘경고등’,한편에서는 인텔의 대대적인 설비투자를 파운드리 수주와 연결 짓는다. 설비투자는 투입 비용과 시간이 상당하다. 그만큼 다수 제조사에서 안정적인 수주를 확보한 이후에 추진하는 경우가 많다. 증권가 일각에서... ,https://www.asiatime.co.kr/article/20260812500297,https://www.asiatime.co.kr/article/20260812500297,"Wed, 12 Aug 2026 14:42:00 +0900",2026-08-13 08:45:42
반도체,파운드리 수주,"TSMC, 첨단 공정·패키징 등에 42조원 투자...이사회, 자본지출 승인",세계 최대 파운드리(반도체 위탁생산) 업체인 대만 TSMC가 첨단 공정과 패키징 등에 294억4250만달러(약... 이미 수주 가시성이 확보됐다고 밝힌 바 있다. TSMC는 당시 연간 자본지출 전망치를 기존 500억달러대에서... ,https://www.livebiz.today/news/articleView.html?idxno=204083,https://www.livebiz.today/news/articleView.html?idxno=204083,"Wed, 12 Aug 2026 14:42:00 +0900",2026-08-13 08:45:42
반도체,파운드리 수주,"[TOP's Pick] 오킨스전자, 대만지사 설립…글로벌 반도체 시장 공략","대만은 TSMC를 비롯한 글로벌 파운드리와 반도체 설계기업(Fabless), OSAT(후공정) 기업들이 밀집한 세계... 최대 수준으로 운영하고 있다. 또한 신성장 사업인 차세대 테스트 설비용 커넥터 및 프로브(Probe)용 커넥터는... ",https://www.topdaily.kr/articles/111430,https://www.topdaily.kr/articles/111430,"Wed, 12 Aug 2026 14:39:00 +0900",2026-08-13 08:45:42
2차전지,2차전지 주가,[인사이트 뉴스]코스닥 문 두드린 바로팜·크리에이츠·진코스텍…'약국...,"과거에는 바이오·2차전지·반도체 등 특정 테마에 투자자의 관심이 집중되는 경향이 강했다면, 최근에는... 진코스텍은 K뷰티 열풍을 해외 실적으로 연결할 수 있는지가 상장 이후 주가를 가를 핵심 변수가 될 전망이다.",https://www.moneystorm.kr/news/articleView.html?idxno=5662,https://www.moneystorm.kr/news/articleView.html?idxno=5662,"Thu, 13 Aug 2026 07:11:00 +0900",2026-08-13 08:45:43
2차전지,2차전지 주가,[2026 상반기 VC 리그테이블] [하우스] SBI 3000억 실탄 장전…200억 결손...,"천안 소재 폴더블 디스플레이 검사장비 기업 이노테크와 대구 소재 2차전지 장비업체 씨아이에스, 제주... 2024년 말 기준 200억원대결손금 부담에도 불구하고 회사는 주가 안정과 주주환원을 위한 사전 작업을 진행... ",https://dealsite.co.kr/articles/167077,https://dealsite.co.kr/articles/167077,"Thu, 13 Aug 2026 07:06:00 +0900",2026-08-13 08:45:43
2차전지,2차전지 주가,"박정호 &quot;증시 변동성, 레버리지 ETF 탓 맞아…당분간 지속&quot;[한판승부]","특히 이렇게 운영비가 시설투자비용보다 더 들어가는 업종이 대표적으로 태양광, 2차전지, 반도체입니다.... 결국 어떻게 됐느냐, 월요일 시작할 때 종합주가지수가 저도 정말 허망했는데 금요일 종가가 거의 똑같아요.... ",https://www.nocutnews.co.kr/news/6562154?utm_source=naver&utm_medium=article&utm_campaign=20260813070014,https://n.news.naver.com/mnews/article/079/0004178215?sid=101,"Thu, 13 Aug 2026 07:01:00 +0900",2026-08-13 08:45:43
2차전지,2차전지 주가,[Who Is ?] 최문규 한신공영 대표이사 부회장,수소연료전지로 가동되는 무가선 트램 차량이 투입될 예정이다. 한신공영은 위례트램 시공을 통해 확보한... △2025년 3분기 기준 '저PBR 기업' 1위에 올라 정부가 2026년 하반기 주가순자산비율(PBR)이 현저히 낮은 기업... ,https://www.businesspost.co.kr/BP?command=article_view&num=443569,https://www.businesspost.co.kr/BP?command=article_view&num=443569,"Thu, 13 Aug 2026 07:00:00 +0900",2026-08-13 08:45:43
2차전지,2차전지 주가,“300조 주주환원? 됐습니다” ‘삼전닉스’ 3조 던진 개미들…반년만에...,"주가가 여전히 고점 대비 30%에서 50%가량 낮은 상황에서 급등락장이 다시 이어질 수 있는 상황에서 ‘수익 줄 때 챙긴다’는 전략을 취한 셈이다. ‘삼전닉스’가 주춤하고 코스닥 시장의 바이오와 제약, 2차전지... ",https://www.seoul.co.kr/news/economy/securities/2026/08/12/20260812500198?wlog_tag3=naver,https://n.news.naver.com/mnews/article/081/0003669875?sid=101,"Wed, 12 Aug 2026 19:14:00 +0900",2026-08-13 08:45:43
2차전지,2차전지 주가,캐즘은 끝나간다는데…2차전지 업계 ‘CB 상환 청구서’ 긴장 모드,2차전지 업계에서 배터리 셀 업체들이 에너지저장장치(ESS) 사업 확대를 바탕으로 실적을 개선하고 있지만... 전기차용 신규 공장 증설이 늦춰지면 장비 발주가 줄고 기존 생산라인의 가동률이 떨어지면 양극재와... ,https://ilyo.co.kr/?ac=article_view&entry_id=512247,https://ilyo.co.kr/?ac=article_view&entry_id=512247,"Wed, 12 Aug 2026 18:12:00 +0900",2026-08-13 08:45:43
2차전지,2차전지 주가,"피엔티, 13억8000만원 규모 자사주 취득 완료",2차전지 제조장비 전문기업 피엔티가 13억8250만원 규모의 자기주식 취득을 완료했다고 12일 밝혔다.... 당초 예정한 자기주식 취득주식수와 실제 취득주식수 간 차이는 주가 변동에 따라 발생했다. 현행 규정상 자기주식... ,https://www.newspim.com/news/view/20260812001194,https://www.newspim.com/news/view/20260812001194,"Wed, 12 Aug 2026 17:53:00 +0900",2026-08-13 08:45:43
2차전지,2차전지 주가,"손흥민 없는 대표팀, 당연히 있다... &quot;삼전닉스 없는 대한민국도 대비를...","반도체가 우리 산업의 핵심 중 하나인데 왜 반도체를 빼고 종합주가지수를 계산해야 하는지 이해가 잘 안... 바이오일 수도 있고, 2차 전지일 수도 있고. 그런 산업들을 찾아서 지원을 해야죠.&quot; 허정 교수 = &quot;반도체는... ",https://www.hankookilbo.com/news/article/A2026080615400004332?did=NA,https://n.news.naver.com/mnews/article/469/0000947660?sid=101,"Wed, 12 Aug 2026 17:00:00 +0900",2026-08-13 08:45:43
2차전지,2차전지 주가,[코스피 지수선물 옵션] AI·전력 인프라에 돈 몰렸다…삼성전자·SK하이...,"조선업종 내에서도 개별 종목별 수급과 주가 흐름에 따라 선물시장의 방향이 갈렸다. 자동차 관련주도... 전기차·2차전지 관련주에서는 삼성SDI와 LG에너지솔루션 선물이 상승했다. LG화학과 포스코퓨처엠, 에코프로... ",https://www.pinpointnews.co.kr/news/articleView.html?idxno=476791,https://www.pinpointnews.co.kr/news/articleView.html?idxno=476791,"Wed, 12 Aug 2026 16:42:00 +0900",2026-08-13 08:45:43
2차전지,2차전지 주가,"피엔티, 13.8억 규모 자사주 취득 완료",2차전지 제조장비 전문기업 피엔티가 주주가치 제고와 주가 안정을 위해 추진해 온 13억 8250만 원 규모의 자기주식 취득을 성공적으로 마무리했다고 밝혔다. 피엔티는 지난 7월 30일 NH투자증권과 체결한 자기주식취득... ,https://www.the-stock.kr/news/articleView.html?idxno=33141,https://www.the-stock.kr/news/articleView.html?idxno=33141,"Wed, 12 Aug 2026 16:32:00 +0900",2026-08-13 08:45:43
2차전지,2차전지 주가,"삼전·닉스 '뛰자', 코스피 '급등'...삼성바이오·셀트리온은 '뚝'","(SMCI) 주가가 시간외 거래에서 나란히 급등하며 AI 인프라 수요 기대감을 높인 점이 코스피 지수에도... 업종 및 테마별로는 반도체, 방산, 2차전지, 건설, 화장품, 전력기기주 등이 상승했다. 한국거래소에... ",http://www.choicenews.co.kr/news/articleView.html?idxno=169732,http://www.choicenews.co.kr/news/articleView.html?idxno=169732,"Wed, 12 Aug 2026 16:14:00 +0900",2026-08-13 08:45:43
2차전지,2차전지 주가,[12일 마감시황] 반도체가 끌어올린 코스피 3.68%↑…6600선 턱밑,"SK스퀘어는 8.36%, 삼성전기는 5.78% 오르는 등 반도체 밸류체인 대형주가 동반 상승했다. 전기·전자 업종... 반도체 장비주인 주성엔지니어링이 7%대 강세를 나타냈고 에코프로비엠과 에코프로 등 일부 2차전지주도... ",https://www.newsworks.co.kr/news/articleView.html?idxno=850162,https://www.newsworks.co.kr/news/articleView.html?idxno=850162,"Wed, 12 Aug 2026 16:10:00 +0900",2026-08-13 08:45:43
2차전지,2차전지 주가,&quot;미워도 다시 반도체&quot;…코스피 3%대 급등 6580선 마감,관련주가 강세를 보였고 에코프로비엠 등 2차전지주도 올랐다. 실적 발표 기대감에 실리콘투는 17.1% 상승했고 이날 신규 상장한 패션 플랫폼 운영 업체 딜리셔스는 17.7... ,https://weekly.hankooki.com/news/articleView.html?idxno=7178673,https://weekly.hankooki.com/news/articleView.html?idxno=7178673,"Wed, 12 Aug 2026 16:06:00 +0900",2026-08-13 08:45:43
2차전지,2차전지 주가,코스피 급등 6579.04 마감…매수 사이드카 발동,"코스닥시장에서는 반도체 장비주가 강세를 보였다. 주성엔지니어링은 7.08%, 원익IPS는 6.11%, 이오테크닉스는 3.66% 상승했다. 2차전지와 로봇주도 올랐다. 에코프로비엠은 3.83%, 레인보우로보틱스는 1.98... ",http://www.newskr.kr/news/articleView.html?idxno=105575,http://www.newskr.kr/news/articleView.html?idxno=105575,"Wed, 12 Aug 2026 16:06:00 +0900",2026-08-13 08:45:43
2차전지,2차전지 주가,"코스피, 3.68% 급등하며 6570선 마감…외인·기관 쌍끌이 매수","시가총액 상위 종목들 중에서는 반도체주가 강세를 보였다. 삼성전자는 6.68% 오른 25만5500원을... 2차전지주인 에코프로비엠(4.19%), 에코프로(1.11%)도 동반 상승했다. 반면 알테오젠(-3.05%)이 가장 크게... ",http://www.metroseoul.co.kr/article/20260812500403,http://www.metroseoul.co.kr/article/20260812500403,"Wed, 12 Aug 2026 16:06:00 +0900",2026-08-13 08:45:43
2차전지,2차전지 주가,[거래소 기관] 개인 던질때 산다... SK하이닉스 삼성전자 삼성전기 LG전...,2차전지 관련주도 기관의 매수 대상이었다. 삼성SDI와 LG에너지솔루션이 순매수 상위 종목에 포함됐다.... 삼양식품은 해외 시장에서 성장세를 이어가고 있지만 최근 주가 흐름과 밸류에이션 등을 고려한 차익 실현성... ,https://www.pinpointnews.co.kr/news/articleView.html?idxno=476760,https://www.pinpointnews.co.kr/news/articleView.html?idxno=476760,"Wed, 12 Aug 2026 16:04:00 +0900",2026-08-13 08:45:43
2차전지,2차전지 주가,[거래소 외국인] 삼성전자·SK하이닉스· 삼성전기 '줍줍'...조정 마무리...,삼성SDI와 SK이노베이션은 반대로 순매수 상위권에 포함되면서 같은 2차전지 업종에서도 종목별 수급이 엇갈렸다. 금융주에서는 KB금융이 외국인 순매수 상위권에 올랐지만 순매도 측면에서는 별도의 대형 금융주가... ,https://www.pinpointnews.co.kr/news/articleView.html?idxno=476756,https://www.pinpointnews.co.kr/news/articleView.html?idxno=476756,"Wed, 12 Aug 2026 16:00:00 +0900",2026-08-13 08:45:43
2차전지,2차전지 주가,"[국회 상임위 만남] 김남근 &quot;기업가치 제고, 법 강제는 한계...시장 견제...",성장성이 높은 사업을 자회사로 분리해 별도로 상장하는 과정에서 모회사의 기업가치가 훼손되고 기존 주주가 손실을 볼 수 있다는 지적이다. 김 의원은 &quot;LG화학 투자자들은 2차전지 사업의 성장성을 보고 투자했는데 핵심... ,https://www.polinews.co.kr/news/articleView.html?idxno=739932,https://www.polinews.co.kr/news/articleView.html?idxno=739932,"Wed, 12 Aug 2026 16:00:00 +0900",2026-08-13 08:45:43
2차전지,2차전지 주가,2차전지 배터리 대장주 살아나나… 삼성SDI·LG엔솔 상승세 속 테마 온기...,사진=핀포인트뉴스DB 2차전지 테마가 12일  대형 배터리 셀 업체와 주요 소재주의 동반 반등에 힘입어 강세를 보이고 있다. 전기차 수요 둔화 우려가 지속되는 가운데서도 신규 사업 모멘텀이 부각된 일부 중소형주가... ,https://www.pinpointnews.co.kr/news/articleView.html?idxno=476748,https://www.pinpointnews.co.kr/news/articleView.html?idxno=476748,"Wed, 12 Aug 2026 15:50:00 +0900",2026-08-13 08:45:43
2차전지,배터리 산업,"[조용성의 현실중국] 중국경제사 명장면 WTO 가입, 주룽지였기에 가능했...","이때 다져진 제조업 기반은 이후 스마트폰과 전기차, 배터리 산업의 세계 1위 생산국이라는 결과로 이어졌다. 이는 알리바바, 텐센트, 화웨이 같은 IT 기업의 성장으로 이어졌고, 다시 딥시크 같은 AI 기업이 등장할 수... ",https://www.ajunews.com/view/20260813082817208,https://www.ajunews.com/view/20260813082817208,"Thu, 13 Aug 2026 08:42:00 +0900",2026-08-13 08:45:43
2차전지,배터리 산업,[동남아 물류시대 ③] 바다 메워 건설한 베트남 ‘락후옌-DEEP C’ 현장을...,"벨기에 자본과 베트남 지방정부 합작, 북부 최대 산업·물류 거점 총면적 3000헥타르(ha)에 달하는 DEEP C... 친환경 배터리를 생산하는 스웨덴 폴라륨(Polarium), 독일의 Knauf (석고보드 생산), 중국의 SITC(물류) 등 첨단... ",https://www.news2day.co.kr/article/20260811500228,https://www.news2day.co.kr/article/20260811500228,"Thu, 13 Aug 2026 08:36:00 +0900",2026-08-13 08:45:43
2차전지,배터리 산업,용인 반도체 2.5조 투자 조기이행 지원…1조 투자 유도,구미·포항 국가산업단지에는 폐배터리 재자원화 업체가 입주할 수 있도록 올해 하반기 산업단지계획과 관리기본계획을 변경한다. 현재 두 국가산단에는 이차전지 연관 제조업만 입주할 수 있다. 이로 인해... ,https://www.newsis.com/view/NISX20260812_0003746610,https://n.news.naver.com/mnews/article/003/0014124451?sid=101,"Thu, 13 Aug 2026 08:30:00 +0900",2026-08-13 08:45:43
2차전지,배터리 산업,정부 &quot;반도체 공장 증설 신속 허가&quot;…규제 개선해 4.2조 투자 촉진,현재 국가첨단전략산업 특화단지인 구미·포항 산단에는 이차전지 연관 제조업만 입주가 가능하다. 이차전지 자원재생 사업은 폐기물 관련 업종으로 분류돼 들어갈 수 없다. 자원 재활용도 배터리 제조와 밀접한 만큼... ,https://www.hankookilbo.com/news/article/A2026081222420005104?did=NA,https://n.news.naver.com/mnews/article/469/0000947764?sid=101,"Thu, 13 Aug 2026 08:30:00 +0900",2026-08-13 08:45:43
2차전지,배터리 산업,"규제에 막힌 반도체 투자 푼다…정부, 용인 클러스터 2.5조 조기 집행 지...",이차전지 분야에서는 구미·포항 국가산업단지에 폐배터리 자원재생(리사이클링) 기업이 입주할 수 있도록 업종 규제를 완화한다. 한국표준산업분류상 폐기물 수집·처리 및 원료 재생업으로 분류돼 국가산업단지에... ,https://www.newspim.com/news/view/20260812001156,https://www.newspim.com/news/view/20260812001156,"Thu, 13 Aug 2026 08:30:00 +0900",2026-08-13 08:45:43
2차전지,배터리 산업,용인 반도체 클러스터 등 산단내 공장 증설시 별도 건축허가…증설 지연...,"재자원화산업특수분류상 이차전지 리사이클링 관련 업종을 추가할 방침이다. 재자원화 리튬, 니켈, 코발트, 망간, 흑연 중간(최종)소재 제조업 등이 대상이다. 폐배터리를 활용한 국내 핵심광물 수급 기반 마련과 재자원화... ",https://www.mt.co.kr/economy/2026/08/13/2026081211070564653,https://n.news.naver.com/mnews/article/008/0005399377?sid=101,"Thu, 13 Aug 2026 08:30:00 +0900",2026-08-13 08:45:43
2차전지,배터리 산업,"구미·포항, 2차전지 리사이클링 입주 허용된다",2차전지 자원재생은 배터리 핵심 제조 방식의 하나로 꼽히지만 한국표준산업분류상 폐기물 수집·운반·처리업으로 묶여 산단 입주 대상에서 제외돼 왔다. 정부는 산단 입주 대상 업종에 올해 1월 신설된 핵심광물... ,https://www.imaeil.com/page/view/2026081211080733900,https://n.news.naver.com/mnews/article/088/0001023395?sid=101,"Thu, 13 Aug 2026 08:30:00 +0900",2026-08-13 08:45:43
2차전지,배터리 산업,반도체·이차전지·바이오 규제 푼다…&quot;4.2조 투자 유발 효과&quot;,정부는 리사이클링을 배터리 핵심 제조 공정으로 보고 입주 문턱을 낮춰 1천억원 규모의 신규 투자를 뒷받침할 계획이다. 바이오 분야에서는 오창과학산업단지의 제조시설 증설을 지원한다. 기존 제조시설과 연결된... ,https://www.yna.co.kr/view/AKR20260812135900002?input=1195m,https://n.news.naver.com/mnews/article/001/0016248365?sid=101,"Thu, 13 Aug 2026 08:30:00 +0900",2026-08-13 08:45:43
2차전지,배터리 산업,"아이엘, 2분기 영업이익 28억원 '사상 최대'","다양한 산업 분야로 적용 영역을 넓힐 계획이다. 아울러 관제 시스템과 운영 소프트웨어를 포함한 풀스택 플랫폼을 구축하는 한편, 리튬메탈 음극 기반 차세대 배터리 기술 개발을 병행할 예정이다. 아이엘 관계자는... ",https://www.sentv.co.kr/article/view/sentv202608130007,https://www.sentv.co.kr/article/view/sentv202608130007,"Thu, 13 Aug 2026 08:30:00 +0900",2026-08-13 08:45:43
2차전지,배터리 산업,"성균관대학교, 310억 규모 국가 R&amp;D 총괄…'주유형 알루미늄 공기전지' ...","첨단 산업 분야에 적용할 수 있는 기반을 마련할 계획이다. 이번 사업을 통해 성균관대가 차세대 배터리 분야의 핵심 기술을 확보하고, 국내 산·학·연 연구 역량을 결집해 미래 에너지 시장을 선도할 수 있을지 주목된다.",https://www.lecturernews.com/news/articleView.html?idxno=208392,https://www.lecturernews.com/news/articleView.html?idxno=208392,"Thu, 13 Aug 2026 08:16:00 +0900",2026-08-13 08:45:43
2차전지,배터리 산업,7개월 셧다운 끝…GM·LG엔솔 美 배터리공장 다시 돌린다,당시 GM은 얼티엄셀즈가 북미 전기차뿐 아니라 철도·항공우주·대형트럭·선박 등 다른 산업으로 공급처를 넓히는 방안을 추진한다고 설명했다. GM의 또 다른 한국 배터리업체와의 협력 구조도 바뀌었다. 삼성SDI는... ,https://www.edaily.co.kr/news/newspath.asp?newsid=03506326645546992,https://n.news.naver.com/mnews/article/018/0006350722?sid=101,"Thu, 13 Aug 2026 08:10:00 +0900",2026-08-13 08:45:43
2차전지,배터리 산업,선전에서 중국 모빌리티 기술 직접 확인한다,중국 내 전기차 산업의 선두 주자인 BYD를 비롯해 최근 자율주행 동맹을 형성한 화웨이를 중심으로 지능형 모빌리티 도시로 변모하는 중이다. 이번 박람회에는 전기차에 필수재인 차세대 배터리부터 자율주행... ,http://autotimes.co.kr/detail.php?number=688767&thread=27,http://autotimes.co.kr/detail.php?number=688767&thread=27,"Thu, 13 Aug 2026 07:18:00 +0900",2026-08-13 08:45:43
2차전지,배터리 산업,[Who Is ?] 김준동 한국남부발전 대표이사 사장,"이명박 정부에서 대통령실 지식경제비서관실 선임행정관과 지식경제부 대변인, 신산업정책관... 위해 배터리 에너지저장장치(BESS) 사업을 확대하고 있다. 한국남부발전은 2026년 7월20일 제주 안덕 BESS를 준공했다.... ",https://www.businesspost.co.kr/BP?command=article_view&num=444162,https://www.businesspost.co.kr/BP?command=article_view&num=444162,"Thu, 13 Aug 2026 07:02:00 +0900",2026-08-13 08:45:43
2차전지,배터리 산업,"[Invest]AI 집중하겠다는 LG그룹, 대형 M&amp;A 없는 성장전략은 유효할까",기존 석유화학과 배터리 소재 중심의 사업구조에서 벗어나 AI 전방산업의 성장 수혜를 직접 받을 수 있는 스페셜티 소재를 확보하려는 취지다.LG전자는 HVAC 사업에서 후속 볼트온 거래를 살펴보고 있다. 노르웨이 온수... ,https://www.investchosun.com/site/data/html_dir/2026/08/12/2026081280092.html,https://www.investchosun.com/site/data/html_dir/2026/08/12/2026081280092.html,"Thu, 13 Aug 2026 07:02:00 +0900",2026-08-13 08:45:43
2차전지,배터리 산업,"[이용호의 손에 잡히는 인공지능] AI 시대, 우리는 왜 같은 정보만 믿게...","그러나 배터리 재활용 문제나 충전 인프라의 한계, 다른 친환경 기술에 대한 분석은 상대적으로 적게 노출될... 기계산업 인적개발위원회의 기술위원으로 활동 중이며, '50플러스 오픈랩'이라는 중장년과 시니어의 디지털... ",https://www.lecturernews.com/news/articleView.html?idxno=208037,https://www.lecturernews.com/news/articleView.html?idxno=208037,"Thu, 13 Aug 2026 07:00:00 +0900",2026-08-13 08:45:43
2차전지,배터리 산업,8월 13일 개장 전 주요 공시,인지컨트롤스는 현대모비스와 1485억원 규모 배터리 부품 공급계약을 체결했다고 공시했다. 지난해... 지난 6월 15일 산업단지 지정 조건부 승인을 받았고 8월 중 최종 승인 고시가 예상된다고 회사는 설명했다.... ,https://www.seoulfn.com/news/articleView.html?idxno=635542,https://www.seoulfn.com/news/articleView.html?idxno=635542,"Thu, 13 Aug 2026 07:00:00 +0900",2026-08-13 08:45:43
2차전지,리튬 시장,"[더벨]삼성SDI·GM, JV 계약 종료 '배터리 동맹은 유지'",양사는 차세대 각형 배터리 공동 개발에 나서는 등 미래 모빌리티 시장 대응에 나선다. 삼성SDI는 11일... 지난달 삼성SDI는 실적 컨퍼런스콜을 통해 ESS용 각형 리튬인산철(LFP) 배터리를 올 10월부터 양산한다고 밝힌... ,https://www.thebell.co.kr/free/content/ArticleView.asp?key=202608111354075880104551,https://www.thebell.co.kr/free/content/ArticleView.asp?key=202608111354075880104551,"Thu, 13 Aug 2026 07:02:00 +0900",2026-08-13 08:45:44
2차전지,리튬 시장,"LG엔솔, 美 배터리공장 다음주 생산 재개",미국 전기차 시장 침체가 장기화한 데다 도널드 트럼프 행정부의 전기차 구매 보조금 폐지로 수요가 더욱... 전기차용 배터리 대신 에너지저장장치(ESS)용 리튬인산철(LFP) 배터리 생산라인으로 전환해 가동하고... ,https://thetracker.co.kr/View.aspx?No=4184608,https://thetracker.co.kr/View.aspx?No=4184608,"Thu, 13 Aug 2026 06:54:00 +0900",2026-08-13 08:45:44
2차전지,리튬 시장,"&quot;세금 감면에서 재정 지속가능성으로&quot;… 中, 해외 신탁·주식 이익 '세무...","당국은 알루미늄·구리·태양광 제품에 대한 수출세 환급을 단계적으로 폐지하고, 리튬이온 배터리... 부동산 시장 침체로 지방 정부의 핵심 수입원이던 토지 매각 수입이 급감하면서 전체 정부 수입이 크게... ",https://www.g-enews.com/view.php?ud=2026081223145423410c8c1c064d_1,https://www.g-enews.com/view.php?ud=2026081223145423410c8c1c064d_1,"Thu, 13 Aug 2026 06:16:00 +0900",2026-08-13 08:45:44
2차전지,리튬 시장,[청라 전기차 화재 2년]③ AI가 열·연기 감지하면 바닥서 물줄기… 화재...,"전기차 바닥에는 수백 개의 리튬이온 배터리 셀이 팩 형태로 설치된다. 외부 충격이나 내부 단락, 과충전... 기술이 상용화된 지 오래되지 않아 초기 설치 사례가 쌓이며 시장이 형성되는 단계다. 남은 과제는 업체별... ",https://biz.chosun.com/real_estate/real_estate_general/2026/08/13/LC7A4EIF45GWBLYRGS5YOWTJVM/?utm_source=naver&utm_medium=original&utm_campaign=biz,https://n.news.naver.com/mnews/article/366/0001185907?sid=101,"Thu, 13 Aug 2026 06:01:00 +0900",2026-08-13 08:45:44
2차전지,리튬 시장,"못 믿을 중동노선, 북극 바닷길이 ‘대안경로’ 되나 [D-9 북극항로]",해운시장 내에서 중동노선에 대한 불안감과 기피 현상은 최고조 상태다. 이러한 위기 속에서 북극항로는... 중국의 화물선은 리튬이온 배터리 등을 싣고 저우산항을 출발해 북극해를 거쳐 영국 펠릭스토우항까지 단 20일... ,https://www.dailian.co.kr/news/view/1677267/?sc=Naver,https://n.news.naver.com/mnews/article/119/0003121224?sid=101,"Thu, 13 Aug 2026 06:01:00 +0900",2026-08-13 08:45:44
2차전지,리튬 시장,"LG엔솔·삼성SDI·SK온, 북미서 홀로서기…생산 유연성 높여",북미 ESS 시장은 AI 데이터센터 확산에 힘입어 가파른 성장세를 보이고 있기 때문이다. 상반기 북미 리튬이온 배터리 ESS 출하량은 75.9GWh로 전년 동기보다 83% 증가했다. 실제로 배터리 3사 역시 ESS에 무게를 싣고 있다.... ,https://www.sidae.com/article/2026081216034368034,https://n.news.naver.com/mnews/article/417/0001155214?sid=101,"Thu, 13 Aug 2026 05:45:00 +0900",2026-08-13 08:45:44
2차전지,리튬 시장,중저가부터 하이엔드까지…차세대 배터리 소재 보폭 넓히는 에코프로,"기존 주력인 하이니켈 양극재를 기반으로 고에너지밀도 시장에서는 전고체 소재를, 중저가 시장에서는 LMR(리튬망간리치)와 소듐이온 양극재를 각각 공략하는 전략이다. 인도네시아 니켈 공급망을 바탕으로 원가... ",https://www.mt.co.kr/industry/2026/08/13/2026081215145064772,https://n.news.naver.com/mnews/article/008/0005399327?sid=101,"Thu, 13 Aug 2026 05:20:00 +0900",2026-08-13 08:45:44
2차전지,리튬 시장,"GM·포드와 갈라선 K배터리…북미 공장, 'ESS·홀로서기' 승부수",LG에너지솔루션은 GM에서 인수한 랜싱 공장에서 2027년부터 테슬라 메가팩3용 리튬인산철(LFP) 배터리를... 배터리업계 전문가는 &quot;추가 투자 부담은 있지만 특정 완성차업체에 공급할 배터리만 생산하지 않고 시장 변화에... ,https://www.ziksir.com/news/articleView.html?idxno=142935,https://www.ziksir.com/news/articleView.html?idxno=142935,"Thu, 13 Aug 2026 00:00:00 +0900",2026-08-13 08:45:44
2차전지,리튬 시장,"[리뷰] “하나의 키보드, 무한한 활용성” 체리 엑스트리파이 MX 8.2 프로...","기계식 키보드 시장은 취향 산업에 가깝다. 어떤 스위치가 더 손맛이 좋은지, 하우징이 알루미늄인지... 8000mAh 용량의 리튬 폴리머 배터리를 내장했고, 조명을 끈 상태로 사용하면 최대 300시간(블루투스 모드 기준)까지... ",https://it.donga.com/109345/,https://it.donga.com/109345/,"Wed, 12 Aug 2026 22:36:00 +0900",2026-08-13 08:45:44
2차전지,리튬 시장,"삼성SDI, 전기차는 줄이고 ESS는 편다… 북미 배터리 거점 재편 가속",LFP(리튬·인산·철) 배터리 생산으로 넘어가고 있다. 증권가에서는 이 흐름을 '위기가 아닌 기회'로... 삼성SDI는 합작구조 변경 배경에 대해 &quot;JV 발표 이후 시장상황이 변화했고 특히 전기차 수요 증가 속도가... ,https://www.s-journal.co.kr/news/articleView.html?idxno=43003,https://www.s-journal.co.kr/news/articleView.html?idxno=43003,"Wed, 12 Aug 2026 17:30:00 +0900",2026-08-13 08:45:44
2차전지,리튬 시장,“전기차가 하이브리드보다 싸졌다”…글로벌 평균 가격 첫 역전,# 저렴한 LFP 배터리도 빠르게 확산 리튬인산철(LFP) 배터리 사용 확대도 전기차 가격을 낮추고 있다. LFP... # 동남아·남미에선 이미 전기차가 더 싸다 가격 역전 현상은 일부 신흥시장에서 더욱 뚜렷하다. 동남아시아와... ,https://thedrive.co.kr/news/newsview.php?ncode=1065600773635244,https://thedrive.co.kr/news/newsview.php?ncode=1065600773635244,"Wed, 12 Aug 2026 17:18:00 +0900",2026-08-13 08:45:44
2차전지,리튬 시장,"한층 팽팽해진 3차 ESS 입찰…K배터리, 수주전 다시 불붙는다 [배터리레...","다만 경쟁사인 SK온과 LG에너지솔루션이 나란히 리튬인산철(LFP) 파우치 배터리를 채택할 것으로 관측되는 만큼, 입찰가 대응을 위한 원가 절감이 핵심이 될 전망이다. SK온은 2차 시장에서 존재감을 크게 높인 데 이어... ",https://www.ddaily.co.kr/page/view/2026081216012507955,https://n.news.naver.com/mnews/article/138/0002237607?sid=105,"Wed, 12 Aug 2026 17:10:00 +0900",2026-08-13 08:45:44
2차전지,리튬 시장,"캐즘의 반전⋯ 계륵 EV 캐파, 북미 ESS 효자 됐다",SNE리서치에 따르면 글로벌 리튬이온 ESS 시장은 2024년 307GWh에서 2035년 1433GWh로 4.7배 성장할 전망이다. 업계에서는 AI 데이터센터와 전력망 투자 확대로 북미 ESS 시장 성장세가 더 가팔라질 경우 EV 중심으로... ,https://www.viva100.com/article/20260812500727,https://www.viva100.com/article/20260812500727,"Wed, 12 Aug 2026 16:50:00 +0900",2026-08-13 08:45:44
2차전지,리튬 시장,전고체 배터리 상용화 가까워지나⋯제조·신뢰성 검증 단계 돌입,시장조사업체 트렌드포스는 최신 글로벌 전고체 배터리 산업 보고서에서 2026년 전고체 배터리 기술... 해당 셀은 기존 액체 전해질 리튬이온 배터리보다 용량 유지 성능에서 우위를 보인 것으로 전해졌다. 한국과 일본... ,https://www.autodaily.co.kr/news/articleView.html?idxno=546572,https://www.autodaily.co.kr/news/articleView.html?idxno=546572,"Wed, 12 Aug 2026 16:46:00 +0900",2026-08-13 08:45:44
2차전지,리튬 시장,"엔켐 연말 2400억 전환사채·1500억 차입금 상환 '시한폭탄', 오정강 부도...",중국 전해액 기업들의 대규모 증설과 중국산 리튬·인산·철(LFP) 배터리 확산으로 한국 전해액 기업들은 고전을 면치 못하고 있다. 배터리 시장조사업체 SNE리서치에 따르면 2026년 1분기 세계 전해액 시장 점유율의 87.5... ,https://www.businesspost.co.kr/BP?command=article_view&num=444591,https://www.businesspost.co.kr/BP?command=article_view&num=444591,"Wed, 12 Aug 2026 16:28:00 +0900",2026-08-13 08:45:44
2차전지,리튬 시장,핵심광물 공급망 구축에 5년간 10조 R&amp;D 추진…재활용 활성화·비축물량...,"희토류, 리튬, 니켈 등의 핵심광물은 반도체, 배터리 등 첨단산업에서 필수 소재로 쓰이고 있지만 중국 등... 글로벌 시장 진출까지 전주기를 밀착 지원할 계획이다. 해외 핵심광물을 민관 원팀으로 확보하기 위한... ",https://www.mt.co.kr/economy/2026/08/12/2026081216005377968,https://n.news.naver.com/mnews/article/008/0005399127?sid=101,"Wed, 12 Aug 2026 16:08:00 +0900",2026-08-13 08:45:44
2차전지,리튬 시장,"배달 드론 날고 로봇이 아이스크림 판매…APEC 선전, 中 '첨단산업 쇼윈...","중국은 선전을 자국 첨단산업의 경쟁력과 아시아·태평양 시장 진출 가능성을 보여주는 '산업 쇼윈도'로... 선전에는 리튬 배터리 소재부터 에너지저장장치(ESS), 완성차 생산까지 연결되는 전기차 산업 생태계가... ",https://www.the-today.com/news/articleView.html?idxno=88383,https://www.the-today.com/news/articleView.html?idxno=88383,"Wed, 12 Aug 2026 16:08:00 +0900",2026-08-13 08:45:44
2차전지,전고체 배터리,"자비스, 국가첨단전략산업 기술 인정… 연 1%대 정책자금 50억원 확보","(인터배터리 어워즈)' 기술혁신상을 수상했으며, 파우치·각형·원통형 3대 폼팩터 검사 라인업을 갖추고 ESS(Energy Storage System, 에너지저장장치) 시장에도 진입했다. 전고체전지 검사시스템 국책과제에도... ",https://www.dnews.co.kr/uhtml/view.jsp?idxno=202608121554284580803,https://www.dnews.co.kr/uhtml/view.jsp?idxno=202608121554284580803,"Wed, 12 Aug 2026 16:00:00 +0900",2026-08-13 08:45:45
2차전지,전고체 배터리,"[기획] EV 캐즘 뚫는 K-배터리, 북미 '3사 3색' 승부수","뿐만 아니라 중국이 쉽게 따라오지 못할 전고체 배터리(ASB) 파일럿 라인을 가동하고, 나트륨이온 배터리 연구개발에 속도를 높여 차세대 기술 격차를 벌린다는 구상이다. 상상인증권 리서치센터에 따르면... ",https://www.kfenews.co.kr/news/articleView.html?idxno=662286,https://www.kfenews.co.kr/news/articleView.html?idxno=662286,"Wed, 12 Aug 2026 15:52:00 +0900",2026-08-13 08:45:45
2차전지,전고체 배터리,"글로벌 제조사 뚫었다…디에스케이, OLED·2차전지 자동화 수주 모멘텀",전고체 배터리 등 차세대 배터리 생산 공정에 필요한 초정밀 검사·레이저 장비 수요가 확대될 것이라는 기대감도 투자심리를 자극하고 있다. 한국거래소에 따르면 이날 오후 3시19분 현재 디스플레이 및 배터리 공정용... ,https://www.pinpointnews.co.kr/news/articleView.html?idxno=476742,https://www.pinpointnews.co.kr/news/articleView.html?idxno=476742,"Wed, 12 Aug 2026 15:42:00 +0900",2026-08-13 08:45:45
2차전지,전고체 배터리,"&quot;꿈의 배터리와 MLCC의 만남&quot;… 삼성전기, 초소형 전고체로 신시장 개척",꿈의 배터리로 불리는 전고체 배터리의 상용화 가속화 소식과 글로벌 완성차 업체들의 차세대 배터리 채택 기대감이 맞물리며 2차전지(전고체) 테마가 12일 상승세를 나타내고 있다. 기존 리튬이온 배터리의 화재... ,https://www.pinpointnews.co.kr/news/articleView.html?idxno=476673,https://www.pinpointnews.co.kr/news/articleView.html?idxno=476673,"Wed, 12 Aug 2026 13:50:00 +0900",2026-08-13 08:45:45
2차전지,전고체 배터리,&quot;인니 투자는 한국 전기차 밸류체인에 중요한 역할&quot;,차세대 전고체 배터리 투자로 자금소요가 지속돼 차입과 회사채·CP 발행 등으로 충당할 예정이라고 밝혔다. 영업활동현금흐름은 공장 가동률을 높이는 과정에서 올해 1분기 889억 적자를 기록했고... ,https://www.koreareport.co.kr/news/articleView.html?idxno=52098,https://www.koreareport.co.kr/news/articleView.html?idxno=52098,"Wed, 12 Aug 2026 10:08:00 +0900",2026-08-13 08:45:45
2차전지,전고체 배터리,"[단독] 현대차·기아, 팩토리얼과 전고체 배터리 '공동생산' 길 열어뒀다...",[사진=미국 SEC 갈무리] 현대자동차·기아가 미국 전고체 배터리 업체 팩토리얼에너지(Factorial Energy)와 배터리 공동생산 가능성까지 열어둔 계약을 체결한 것으로 확인됐다. 현대차·기아가 팩토리얼에 투자하고... ,https://www.pinpointnews.co.kr/news/articleView.html?idxno=476577,https://www.pinpointnews.co.kr/news/articleView.html?idxno=476577,"Wed, 12 Aug 2026 09:52:00 +0900",2026-08-13 08:45:45
2차전지,전고체 배터리,"“전고체 배터리 양산 가능성 타진!”..SK온, 美 팩토리얼과 ‘맞손’",SK온이 미국 전고체 배터리 기업과 손잡고 차세대 배터리 양산 가능성을 검토한다. 별도의 전용 공장을 새로 짓기보다 기존 리튬이온 배터리 생산 인프라를 활용해 전고체 배터리를 생산할 수 있는지를 따져보게 된다.... ,https://www.dailycar.co.kr/content/news.html?type=view&autoId=62249,https://www.dailycar.co.kr/content/news.html?type=view&autoId=62249,"Wed, 12 Aug 2026 08:16:00 +0900",2026-08-13 08:45:45
2차전지,전고체 배터리,"CATL·BYD, 2027년 전고체 배터리 시범 생산… 차세대 전기차 시장 ‘운...",‘꿈의 배터리’로 불리는 전고체 배터리(Solid-State Battery) 기술이 실험실을 벗어나 실제 전기차(EV) 산업 현장으로 빠르게 옮겨가고 있다. 글로벌 배터리 시장을 양분하고 있는 중국의 CATL과 BYD가 일제히 전고체... ,https://www.g-enews.com/view.php?ud=2026081117253343590c8c1c064d_1,https://www.g-enews.com/view.php?ud=2026081117253343590c8c1c064d_1,"Wed, 12 Aug 2026 05:26:00 +0900",2026-08-13 08:45:45
2차전지,전고체 배터리,2분기 흑자…ESS가 전기차 캐즘 메웠다,"다음 승부처는 전고체 배터리다. 삼성SDI 2027년, SK온 2028년, LG에너지솔루션 2029년 상용화가 목표다. 타깃은 휴머노이드 로봇과 우주항공이다. 휴머노이드는 관절 구동 시 순간 전력 소모가 커 화재 위험이... ",https://www.mk.co.kr/article/12120881,https://n.news.naver.com/mnews/article/024/0000107481?sid=101,"Tue, 11 Aug 2026 21:01:00 +0900",2026-08-13 08:45:45
2차전지,전고체 배터리,[8월12일자] 비즈니스포스트 아침의 주요기사,"BYD 전고체배터리 '차근차근', 양산 앞둔 삼성SDI와 SK온 선점 효과 누릴까 ● 엔비디아 HBM 탑재량 줄여도 삼성전자 SK하이닉스 '탄탄대로' 전망, AI 반도체 수요 강력 ● 애플 포함한 미국 전자제품 제조사 정부에 로비... ",https://www.businesspost.co.kr/BP?command=article_view&num=444510,https://www.businesspost.co.kr/BP?command=article_view&num=444510,"Tue, 11 Aug 2026 20:54:00 +0900",2026-08-13 08:45:45
2차전지,전고체 배터리,"CATL·BYD, 전고체 배터리 경쟁 본격화… 2027년 시험 생산",CarNewsChina 중국 배터리 업계의 전고체 배터리 개발 경쟁이 본격화되고 있다. 세계 최대 배터리 업체인 CATL이 2027년 전고체 배터리의 소규모 시험 생산에 나설 계획을 밝히면서 같은 해 시험 생산을 예고한 BYD와의... ,https://m.skyedaily.com/news_view.html?ID=309624,https://m.skyedaily.com/news_view.html?ID=309624,"Tue, 11 Aug 2026 20:14:00 +0900",2026-08-13 08:45:45
2차전지,전고체 배터리,"삼성, 휴머노이드 핵심인재 전진배치…노태문 직접 기술 점검","휴머노이드의 두뇌 역할을 하는 인공지능(AI) 로봇 칩은 삼성 파운드리가 생산을 맡고, 동력원으로는 삼성SDI의 차세대 전고체 배터리 탑재 가능성이 유력하게 거론된다. 올가을 출시를 앞둔 삼성 스마트 안경도 로봇이... ",https://www.sedaily.com/article/20078209?ref=naver,https://n.news.naver.com/mnews/article/011/0004650694?sid=101,"Tue, 11 Aug 2026 17:35:00 +0900",2026-08-13 08:45:45
2차전지,전고체 배터리,"중국 CATL과 BYD 전고체배터리 '차근차근', 양산 앞둔 삼성SDI와 SK온 선점...",삼성SDI의 파우치형(왼쪽) 및 각형 전고체 배터리 샘플이 3월11일 서울 강남구 코엑스에서 열린 인터배터리 현장에 전시돼 있다. 파우치형은 휴머노이드 로봇용이다. &lt;연합뉴스&gt; 중국 배터리 양대 기업인 CATL과 BYD가... ,https://www.businesspost.co.kr/BP?command=article_view&num=444444,https://www.businesspost.co.kr/BP?command=article_view&num=444444,"Tue, 11 Aug 2026 15:26:00 +0900",2026-08-13 08:45:45
2차전지,전고체 배터리,글로벌 양극재 사용량 21.6% 증가…LFP 성장세 30% 육박,서울 강남구 코엑스에서 열린 인터배터리 2026에서 삼성SDI의 '피지컬 AI'용 전고체 배터리 샘플이 전시돼 있다. 뉴시스 전기차 시장 성장과 리튬인산철(LFP) 배터리 채택 확대에 힘입어 올해 상반기 글로벌 양극재... ,http://www.segyebiz.com/newsView/20260811516284?OutUrl=naver,http://www.segyebiz.com/newsView/20260811516284?OutUrl=naver,"Tue, 11 Aug 2026 15:24:00 +0900",2026-08-13 08:45:45
2차전지,전고체 배터리,자동차 밸류체인 완비된 중국 북부의 핵심지 톈진: 한중 협력의 '車세대...,차세대 기술 노선에서는 2026년 7월 다오커터스(道克特斯)가 톈진에 구축한 GWh급 전고체 배터리 생산라인이 가동을 시작해 에너지밀도 350Wh/kg 셀의 양산 납품을 본격화하고 있다. &lt;다오커터스(道克特斯)의 전고체... ,http://dream.kotra.or.kr/kotranews/cms/news/actionKotraBoardDetail.do?SITE_NO=3&MENU_ID=180&CONTENTS_NO=1&bbsGbn=243&bbsSn=243&pNttSn=243153,http://dream.kotra.or.kr/kotranews/cms/news/actionKotraBoardDetail.do?SITE_NO=3&MENU_ID=180&CONTENTS_NO=1&bbsGbn=243&bbsSn=243&pNttSn=243153,"Tue, 11 Aug 2026 15:05:00 +0900",2026-08-13 08:45:45
2차전지,전고체 배터리,[테크 차이나] 시제품 다음이 더 어렵다…중국은 왜 '파일럿 검증(中试...,"인공지능 반도체, 전고체전지, 합성생물학, 휴머노이드처럼 아직 정답이 없는 분야에서는 연구개발과 동시에... 모든 지역에 같은 시설을 짓기보다 반도체, 바이오, 로봇, 배터리, 조선·해양처럼 광역권별로 집중하고 다른... ",https://www.etnews.com/20260811000198,https://n.news.naver.com/mnews/article/030/0003456263?sid=104,"Tue, 11 Aug 2026 13:32:00 +0900",2026-08-13 08:45:45
2차전지,전고체 배터리,[입찰 정보] 8월 11일자,ESS(배터리) 시뮬레이터 제작 발주처: 한국에너지기술연구원 마감일: 2026/08/19 10:00 ◆2026년... 10:00 ◆한국에너지공과대학교 전고체 평가셀 제조 자동화 시스템 구매 발주처: 조달청 광주지방조달청... ,https://www.todayenergy.kr/news/articleView.html?idxno=301445,https://www.todayenergy.kr/news/articleView.html?idxno=301445,"Tue, 11 Aug 2026 13:18:00 +0900",2026-08-13 08:45:45
바이오/헬스,바이오 주가,부실기업 솎아낸다…'동전주·시총 미달' 36곳 관리종목 지정,"유가증권시장에서는 이월드와 진흥기업, 코스닥시장에서는 신라섬유와 일신바이오가 최근 주가 미달에 따른 관리종목 지정 우려 종목으로 새롭게 공시됐다. 앞서 유니슨, 덕신이피씨, 인지디스플레, 쎄노텍, 다보링크... ",https://www.cstimes.com/news/articleView.html?idxno=716635,https://www.cstimes.com/news/articleView.html?idxno=716635,"Thu, 13 Aug 2026 08:26:00 +0900",2026-08-13 08:45:46
바이오/헬스,바이오 주가,"美 CPI 안도에 삼전·SK하닉, 프리마켓서 4%대 ‘급등’","반면 삼성바이오로직스는 0.77%, KB금융은 0.30% 상승에 그치고 있다. 국내 증시는 미국 7월 CPI가 시장 예상에 부합하면서 금리 상승 부담이 다소 완화된 데다 마이크론 등 미국 반도체주가 급등한 영향으로 강세... ",https://www.dt.co.kr/article/12078038?ref=naver,https://n.news.naver.com/mnews/article/029/0003042166?sid=101,"Thu, 13 Aug 2026 08:13:00 +0900",2026-08-13 08:45:46
바이오/헬스,바이오 주가,[프리마켓 포커스] 美 반도체 훈풍에 3% 가까이 상승… SK하닉 4%대↑,"반도체주가 강세를 보이면서 삼성전자와 SK하이닉스 등 대형 반도체주를 중심으로 매수세가 유입된... 48%), 삼성바이오로직스(0.45%) 등이 상승세다. 간밤 미국 증시는 7월 CPI가 시장 예상에 부합하면서... ",http://www.the-biz.co.kr/news/articleView.html?idxno=726147,http://www.the-biz.co.kr/news/articleView.html?idxno=726147,"Thu, 13 Aug 2026 08:12:00 +0900",2026-08-13 08:45:46
바이오/헬스,바이오 주가,"국내서 통한 리투오, 글로벌로…엘앤씨바이오 '성장판' 키운다",엘앤씨바이오가 1400억원 규모 유상증자를 통해 두 번째 성장동력 확보에 나선다. 매출이 80% 가까이... 예정발행가는 3만8000원으로 이사회 결의일 전일 기준주가에서 25% 할인율을 적용해 산정됐다. 확정발행가는 1차... ,https://dealsite.co.kr/articles/167020,https://dealsite.co.kr/articles/167020,"Thu, 13 Aug 2026 08:02:00 +0900",2026-08-13 08:45:46
바이오/헬스,바이오 주가,[전국 주요 신문 톱뉴스](13일 조간),"3조… 주가 떨어지면 '숨은 빚' 터진다 ▲ 이투데이 = 정의선·장인화, 내달 美서 '철강동맹' 첫삽 ▲ 전자신문 = 李 &quot;SMR·양자·우주·바이오, 차세대 성장엔진 육성&quot; ▲ 파이낸셜뉴스 = '세제개편' 비거주 1주택, 최소... ",https://www.yna.co.kr/view/AKR20260813012700011?input=1195m,https://n.news.naver.com/mnews/article/001/0016248338?sid=102,"Thu, 13 Aug 2026 08:00:00 +0900",2026-08-13 08:45:46
바이오/헬스,바이오 주가,레이 품은 그래피·깜짝 실적 바텍…K덴탈주 동반 강세[바이오맥짚기],"11일 국내 제약·바이오·헬스케어 시장에서는 치과 관련 상장사들의 주가가 나란히 강세를 보였다. 국내 치과산업은 임플란트뿐 아니라 치과용 컴퓨터단층촬영(CT), 구강스캐너, 투명교정장치 등 디지털... ",https://www.edaily.co.kr/news/newspath.asp?newsid=03440726645546992,https://n.news.naver.com/mnews/article/018/0006350709?sid=105,"Thu, 13 Aug 2026 07:53:00 +0900",2026-08-13 08:45:46
바이오/헬스,바이오 주가,MSCI한국지수에 LG이노텍 신규편입…LG디플 등 4곳 빠져,"글로벌 주가지수 산출업체 MSCI는 13일 8월 정기 리뷰 결과를 발표하고 한국 지수 구성 종목을 이같이... 지난 5월 정기 리뷰에서는 신규 편입 종목 없이 한진칼과 HD현대마린솔루션, SK바이오팜 등 3개 종목이... ",https://view.asiae.co.kr/article/2026081307394315583,https://n.news.naver.com/mnews/article/277/0005802379?sid=101,"Thu, 13 Aug 2026 07:39:00 +0900",2026-08-13 08:45:46
바이오/헬스,바이오 주가,"[리스트] MVP 상위 20선...에프앤가이드, 실리콘투 등 - 13일","[표] MVP 상위 20선 - 2026.8.13 (전일 종가 기준) 순위 종목명 주가 등락률 MVP 항목별 점수 주요... 8% 13 제이투케이바이오 12,000원 ▲7.2% 83점 67점 87점 95점 17.4 2.1 11.9% 14 하나머티리얼즈 63,400원... ",https://www.itooza.com/common/iview.php?no=2026081307153409105,https://www.itooza.com/common/iview.php?no=2026081307153409105,"Thu, 13 Aug 2026 07:26:00 +0900",2026-08-13 08:45:46
바이오/헬스,바이오 주가,[증시전략] 원유 양대 길목서 모두 '교전'…美-이란 협상 어디로?,"증가에 주가 19.28%↑ - 경쟁사 네비우스, 2분기 실적 호조에 34.14% 급등 - 코어위브·네비우스, AI 특화형... - 반도체 이어 무선통신·선박·화장품·바이오 등 수출 증가 - 수출 증가에 따른 소득 유입, 향후 내수 회복으로... ",https://biz.sbs.co.kr/article_hub/20000328385?division=NAVER,https://n.news.naver.com/mnews/article/374/0000527183?sid=104,"Thu, 13 Aug 2026 07:08:00 +0900",2026-08-13 08:45:46
바이오/헬스,바이오 주가,열흘 만에 33% 급등… ‘천스닥’ 기대감 다시 불붙는 코스닥,이어받아 바이오·소부장을 중심으로 랠리를 펼쳤다. 코스피 반도체 대형주가 조정을 받자 낙폭이 컸던 코스닥으로 저가 매수세가 유입됐다. 코스닥벤처펀드 소득공제와 연기금의 코스닥 투자 확대 등 정부의... ,https://weekly.donga.com/3/all/11/6345028/1,https://n.news.naver.com/mnews/article/037/0000038666?sid=101,"Thu, 13 Aug 2026 07:05:00 +0900",2026-08-13 08:45:46
바이오/헬스,바이오 주가,"체리차는 '손실 제로'…KG그룹, 1100억 보증 짊어져",체리차는 전환후 주식총수 기준 지분 16.22%를 확보하며 단숨에 2대 주주가 된다. 현재 KGM은 KG그룹의 바이오에너지 사업 계열사이자 그룹 지주사 역할을 하는 KG에코솔루션이 54.35%를 보유하고 있다. 지난해 말 기준... ,https://dealsite.co.kr/articles/166796,https://dealsite.co.kr/articles/166796,"Thu, 13 Aug 2026 07:02:00 +0900",2026-08-13 08:45:46
바이오/헬스,바이오 주가,바이오株 질주 멈칫…알테오젠·리가켐·에이비엘 나란히 하락,단기 급등했던 바이오주가 동반 조정을 받으면서 추가 상승을 위해 기업별 펀더멘털을 확인해야 하는 구간에 들어갔다는 분석이 나온다. 13일 한국거래소에 따르면 8월 들어 11일까지 코스닥지수는 18.72% 상승했다.... ,http://www.metroseoul.co.kr/article/20260813500001,http://www.metroseoul.co.kr/article/20260813500001,"Thu, 13 Aug 2026 06:40:00 +0900",2026-08-13 08:45:46
바이오/헬스,바이오 주가,"AI 수혜주 바뀌나… 반도체 휘청일 때, 보안·SW ETF 선전","삼성전자와 SK하이닉스 양대 반도체 종목의 부진 속에 인공지능(AI) 관련 새로운 수혜주가 형성된 것... 미국 AI 의료·바이오 관련주에 투자하는 '1Q 미국메디컬AI'(6.0%), AI 소프트웨어 밸류체인별 상위사를 담은... ",https://it.chosun.com/news/articleView.html?idxno=2023092167969,https://it.chosun.com/news/articleView.html?idxno=2023092167969,"Thu, 13 Aug 2026 06:10:00 +0900",2026-08-13 08:45:46
바이오/헬스,바이오 주가,"주가 급락에 유상증자 반토막…바이오, 시설투자·R&amp;D '비상'","엔젠바이오도 주가 하락에 따라 유상증자 규모가 크게 줄었다. 회사는 보통주 715만주를 발행해 NGS 등 핵심기술 고도화와 전문의약품 유통사업 확대, 차입금 상환 등에 사용할 예정이었다. 그러나 예정 발행가액... ",https://www.dailypharm.com/user/news/341341?REFERER=NP,https://www.dailypharm.com/user/news/341341?REFERER=NP,"Thu, 13 Aug 2026 06:02:00 +0900",2026-08-13 08:45:46
바이오/헬스,바이오 주가,블록버스터 특허 줄줄이 만료…글로벌 제약사 ‘신약 쇼핑’ 경쟁,글로벌 제약바이오 업계의 인수합병(M&amp;A) 시장이 달아오르고 있다. 향후 5년간 연매출 10억달러(약... 그러나 합병설이 알려진 뒤 아스트라제네카 주가가 급락하는 등 투자자들의 우려가 커졌다. 이후 양사의 합병 협상은... ,https://www.kukinews.com/article/view/kuk202608120128,https://www.kukinews.com/article/view/kuk202608120128,"Thu, 13 Aug 2026 06:02:00 +0900",2026-08-13 08:45:46
바이오/헬스,바이오 주가,[데스크칼럼] 소액 매수에 담긴 대표의 책임경영,올해 국내 증시에서 바이오 업종은 유독 힘든 한 해를 보내고 있다. 계약 체결이나 임상 진전 같은 호재가 나와도 주가는 좀처럼 반응하지 않았다. 실제로 KRX 헬스케어지수는 지난달 3400선까지 밀리며 지난 2월(5700선)... ,https://www.newstopkorea.com/news/articleView.html?idxno=46983,https://www.newstopkorea.com/news/articleView.html?idxno=46983,"Thu, 13 Aug 2026 06:00:00 +0900",2026-08-13 08:45:46
바이오/헬스,제약 산업,"돌아온 이호진, 달라진 태광…남은 과제는 '신뢰 회복'","올해 상반기에는 동성제약과 애경산업을 잇달아 인수하며 제약·화장품 등 소비재 분야로 사업 영역을 넓혔다. 시행착오도 이어졌다. 그룹은 이지스자산운용을 비롯해 케이조선, 예별손해보험 등 다양한 업종에서 인수를... ",https://daily.hankooki.com/news/articleView.html?idxno=1395260,https://daily.hankooki.com/news/articleView.html?idxno=1395260,"Thu, 13 Aug 2026 08:00:00 +0900",2026-08-13 08:45:47
바이오/헬스,제약 산업,제약사 '준혁신형 인증'...결격 기준은 '혁신형'에 맞춘다,보건복지부 제약바이오산업과는 지난 4일 본지 질의에 &quot;준혁신형의 결격 요건을 위반행위 종료일 기준 5년으로 통일할 계획&quot;이라고 밝혔다. '혜택은 적은데 결격 문턱은 더 높을 수 있다'는 지적에 대해서도 &quot;결격 요건은... ,https://weekly.hankooki.com/news/articleView.html?idxno=7177946,https://weekly.hankooki.com/news/articleView.html?idxno=7177946,"Thu, 13 Aug 2026 07:30:00 +0900",2026-08-13 08:45:47
바이오/헬스,제약 산업,"[디깅노트] 건수에 머문 K바이오 특허, 글로벌 권리망 넓혀야",제약바이오산업에서 기술은 기업의 현재와 미래를 대한다. 매출이나 제품 없이도 기술성 평가만으로 증권시장에 입성할 수 있는 업종 특성 때문이다. 연구개발(R&amp;D) 성과가 기업가치의 근거가 되는 구조다. 특허는 그... ,https://www.bloter.net/news/articleView.html?idxno=670394,https://n.news.naver.com/mnews/article/293/0000088995?sid=110,"Thu, 13 Aug 2026 07:30:00 +0900",2026-08-13 08:45:47
바이오/헬스,제약 산업,‘한우산업법’ 하위법령 규제합리화위 통과…이달 시행 앞둬,규제합리화위는 원안을 그대로 처리하는 대신 해당 규정으로 한우산업 진출에 일부 제약이 발생하는 만큼 2년 뒤 ‘규제영향평가’를 시행하는 방안을 권고한 것으로 알려졌다. 농식품부 관계자는 “평가지표를... ,https://www.nongmin.com/article/20260812500453,https://n.news.naver.com/mnews/article/662/0000101767?sid=101,"Thu, 13 Aug 2026 07:01:00 +0900",2026-08-13 08:45:47
바이오/헬스,제약 산업,&quot;제약 정책 3개의 레이어...권한을 알아야 문이 열린다&quot;,"(AI 생성 이미지) 한국 제약산업 정책의 3개 레이어 세 장면 모두, 시간이 지나고 나서야 어디를 두드렸어야 했는지가 보였다. 그 뒤늦은 깨달음을 미리 얻을 방법은 없을까. 답은 매번 다르게 느껴졌던 이 상황들이 사실... ",https://www.dailypharm.com/user/news/341387?REFERER=NP,https://www.dailypharm.com/user/news/341387?REFERER=NP,"Thu, 13 Aug 2026 06:02:00 +0900",2026-08-13 08:45:47
바이오/헬스,제약 산업,"&quot;CSO협회, 1인 업체 목소리도 담겠다…연내 사단법인 허가&quot;","그는 &quot;CSO는 단순히 제약사의 영업을 대행하는 외주업체가 아니라, 국내 제약산업의 글로벌 진출과 체질 개선을 함께 이끄는 중요한 파트너&quot;라며 &quot;정부와의 공식 정책 대화 창구로서 법령 준수 교육을 강화하고, 왜곡된... ",https://www.dailypharm.com/user/news/341390?REFERER=NP,https://www.dailypharm.com/user/news/341390?REFERER=NP,"Thu, 13 Aug 2026 06:02:00 +0900",2026-08-13 08:45:47
바이오/헬스,제약 산업,정확한 정보와 따뜻한 시각이 만든 PR의 본질,생명과 건강에 조금이나마 기여할 수 있는 분야이기 때문에 관심을 가지고 도전해볼 만하다. 우리나라에서도 제약·바이오산업이 성장하고 있다. 아직 더 많이 꽃피워야 하지만 충분히 도전할 만한 분야라고 생각한다.&quot;,https://www.pharmnews.com/news/articleView.html?idxno=305557,https://www.pharmnews.com/news/articleView.html?idxno=305557,"Thu, 13 Aug 2026 06:00:00 +0900",2026-08-13 08:45:47
바이오/헬스,제약 산업,"[경력채용] 대웅제약, 셀트리온, 삼일제약 SK케미칼, 강스템바이오텍","이상우대제약바이오 산업 경험자, IR 전문성 보유자 등지원하기SK케미칼생산·공정관리~ 8/30업무수출용 제품 허가 변경 검토, 공정 최적화 및 개선 업무 등자격요건학사(약학, 화학, 생명과학) | 경력 5년... ",https://www.hitnews.co.kr/news/articleView.html?idxno=78371,https://www.hitnews.co.kr/news/articleView.html?idxno=78371,"Thu, 13 Aug 2026 06:00:00 +0900",2026-08-13 08:45:47
바이오/헬스,제약 산업,[데스크 칼럼] 중소제약사 도산 막을 혁신기업 인증 서둘러야,정부는 복제약 판매에 안주하는 국내 제약산업의 체질을 개선해 혁신신약 개발에 주력하도록 하겠다는 약가제도 개편 취지에 따라 제네릭 약가인하와 함께 혁신형·준혁신형 제약기업에 대한 인센티브 강화 방침도... ,https://www.ekn.kr/web/view.php?key=20260813020070954,https://www.ekn.kr/web/view.php?key=20260813020070954,"Thu, 13 Aug 2026 00:14:00 +0900",2026-08-13 08:45:47
바이오/헬스,제약 산업,"[K제약·바이오 미래] JW중외제약, 통풍 신약 3상 성공에 주가 급등",대한민국의 차세대 핵심 성장 동력으로 부상한 제약·바이오 산업이 자본시장의 비약적인 성장과 발을 맞추며 역사적인 제2의 도약기를 맞이하고 있다. 혁신과 독자적인 기술력으로 글로벌 시장의 판도를 바꾸려는... ,http://www.00news.co.kr/news/articleView.html?idxno=105825,http://www.00news.co.kr/news/articleView.html?idxno=105825,"Wed, 12 Aug 2026 22:04:00 +0900",2026-08-13 08:45:47
바이오/헬스,제약 산업,"유한양행, 청년들이 만든 헬스케어 혁신 해법 공개…'유일한아카데미 2...","아울러 프로그램 기간 중 진행된 유한양행 임직원들과의 부서별(R&amp;D, 임상, 마케팅, ESG경영실 등) 그룹 멘토링은 현장 실무자들을 통해 제약바이오 산업에 대한 이해를 넓히는 기회를 제공람으로써 진로설계에 실질적... ",https://www.thepublic.kr/news/articleView.html?idxno=314787,https://www.thepublic.kr/news/articleView.html?idxno=314787,"Wed, 12 Aug 2026 21:32:00 +0900",2026-08-13 08:45:47
바이오/헬스,제약 산업,[자산운용 데일리] ETF 430조 시대…액티브·밸류체인·분산투자 '각축',대표기업 한 종목에 집중하기보다 AI와 제약·바이오 산업성장의 수혜가 공급망 전반으로 확산될 가능성에 투자하는 방식이다. 실제 마이크로소프트의 AI 인프라·클라우드 성장과 일라이릴리의 비만·당뇨 치료제... ,https://www.news2day.co.kr/article/20260812500298,https://www.news2day.co.kr/article/20260812500298,"Wed, 12 Aug 2026 21:26:00 +0900",2026-08-13 08:45:47
바이오/헬스,제약 산업,"인천대, 삼익제약과 MOU 체결 및 'K-Bio BootCamp@Incheon 2026' 성료",인천대학교 일학습병행 공동훈련센터는 삼익제약(주)과 제약산업 실무형 인재 양성을 위한 업무협약(MOU)을 체결하고 산학협력을 확대한다. □ 삼익제약과 MOU 체결…바이오·제약 실무형 인재 양성 컨슈머타임스... ,https://www.cstimes.com/news/articleView.html?idxno=716604,https://www.cstimes.com/news/articleView.html?idxno=716604,"Wed, 12 Aug 2026 21:06:00 +0900",2026-08-13 08:45:47
바이오/헬스,제약 산업,"LG CNS, 동아쏘시오그룹 AI 신약개발 플랫폼 구축…후보물질 발굴부터 검...",또한 민감한 신약 연구 데이터의 특성을 고려해 제약산업의 규제와 보안 요건에 대응할 수 있는 관리 체계도 마련했다. 이번 성과는 LG CNS가 축적해 온 제약·바이오 AX 역량을 기반으로 이뤄졌다. 앞서 LG CNS는... ,https://www.aitimes.kr/news/articleView.html?idxno=41420,https://www.aitimes.kr/news/articleView.html?idxno=41420,"Wed, 12 Aug 2026 20:56:00 +0900",2026-08-13 08:45:47
바이오/헬스,제약 산업,"새만금, 헴프산업 키운다...산업화 기반 마련","이를 통해 농업 생산기반을 활용하면서 바이오·제약·소재산업으로 영역을 확장하고, 새만금의 산업 활용도를 높인다는 계획이다. 남영우 새만금개발청 차장은 &quot;헴프산업이 광활한 농생명 부지를 보유한 새만금을... ",https://www.bzeronews.com/news/articleView.html?idxno=821159,https://www.bzeronews.com/news/articleView.html?idxno=821159,"Wed, 12 Aug 2026 20:32:00 +0900",2026-08-13 08:45:47
바이오/헬스,제약 산업,"인천대, 삼익제약 현장훈련 결합... 제약산업 실무인재 양성",인천대학교가 재학생의 제약산업 현장 경험을 대학 교육과 연결하는 산학협력 체계를 인천지역 기업과 구축한다. 인천대학교 일학습병행 공동훈련센터는 삼익제약과 협약을 맺고 재학생을 대상으로 제약 분야... ,http://www.lawissue.co.kr/view.php?ud=202608121415011659d94aa4ada6_12,http://www.lawissue.co.kr/view.php?ud=202608121415011659d94aa4ada6_12,"Wed, 12 Aug 2026 19:44:00 +0900",2026-08-13 08:45:47
바이오/헬스,제약 산업,"LG CNS, 동아쏘시오그룹 AI 신약개발 플랫폼 구축",또한 민감한 신약 연구 데이터의 특성을 고려해 제약산업의 규제와 보안 요건에 대응할 수 있는 관리 체계도 마련했다. 이재승 LG CNS 클라우드사업담당 상무는 &quot;에이전틱 AI를 비롯한 차별화된 AX 기술과 제약·바이오... ,https://www.datanet.co.kr/news/articleView.html?idxno=213740,https://www.datanet.co.kr/news/articleView.html?idxno=213740,"Wed, 12 Aug 2026 19:30:00 +0900",2026-08-13 08:45:47
바이오/헬스,제약 산업,"LG CNS, 동아쏘시오그룹에 'AI 신약개발 플랫폼' 구축","또, 민감한 신약 연구 데이터의 특성을 고려해 제약산업의 규제·보안 요건에 대응할 수 있는 관리 체계도 마련했다. AI 예측 결과와 실제 실험 데이터를 비교해 모델 재학습에 반영함으로써 예측 성능을 지속적으로... ",https://www.aitimes.com/news/articleView.html?idxno=213864,https://www.aitimes.com/news/articleView.html?idxno=213864,"Wed, 12 Aug 2026 18:34:00 +0900",2026-08-13 08:45:47
바이오/헬스,제약 산업,"유한양행, '유일한아카데미 2026' 성과공유회·수료식 진행",유한양행 관계자는 &quot;유일한아카데미는 청년들이 사회문제를 직접 경험하고 분석하며 실천 가능한 해법을 제안하는 참여형 인재 양성 프로그램&quot;이라며 &quot;제약·바이오 산업의 전문성과 사회혁신 역량을 결합한 새로운 교육... ,http://www.srtimes.kr/news/articleView.html?idxno=209855,http://www.srtimes.kr/news/articleView.html?idxno=209855,"Wed, 12 Aug 2026 18:32:00 +0900",2026-08-13 08:45:47
바이오/헬스,신약 개발,"7000명 중 1명 있는 유전자 변이, 대사 질환 위험 대폭 낮춰","향후 FNIP1 단백질의 작용을 억제하는 신약을 개발할 경우 비만, 당뇨, 심혈관 질환을 근본적으로 치료하는 정밀 가이드라인이 될 수 있을 것으로 기대된다. 연구진은 이러한 결과를 바탕으로 FNIP1 유전자의 억제가... ",https://www.mdtoday.co.kr/news/articleView.html?idxno=608273,https://www.mdtoday.co.kr/news/articleView.html?idxno=608273,"Thu, 13 Aug 2026 08:42:00 +0900",2026-08-13 08:45:47
바이오/헬스,신약 개발,"셀트리온, ADC 신약 3종 모두 美 패스트트랙 지정…탄력적 상업화 전략...",셀트리온이 임상 단계에 진입한 항체약물접합체(ADC) 신약 후보물질 3종 모두 미국 식품의약국(FDA) 패스트트랙 지정을 받으며 신약 개발에 속도를 낸다. 향후 임상 성과와 시장성에 따라 경쟁력이 높은 후보물질은... ,https://www.hankyung.com/article/202608138183i,https://n.news.naver.com/mnews/article/015/0005320355?sid=105,"Thu, 13 Aug 2026 08:39:00 +0900",2026-08-13 08:45:47
바이오/헬스,신약 개발,셀트리온 ADC 3종 전체 美 FDA '패스트트랙' 지정…개발·허가 전략 확대,"현재 셀트리온이 개발 중인 ADC 신약 후보물질은 CT-P73을 포함해 c-MET과 넥틴-4(Nectin-4)을 각각 표적하는 CT-P70, CT-P71까지 총 3종으로 모두 패스트트랙에 지정됐다. 셀트리온은 모든 후보물질에 동일한 개발 경로를... ",https://www.mt.co.kr/thebio/2026/08/13/2026081308142215806,https://n.news.naver.com/mnews/article/008/0005399373?sid=101,"Thu, 13 Aug 2026 08:28:00 +0900",2026-08-13 08:45:47
바이오/헬스,신약 개발,"셀트리온, ADC 신약 3종 美 FDA 패스트트랙 지정",ADC 신약 후보물질의 개발 성과를 바탕으로 자체 신약 매출과 기술이전 수익을 동시에 확보할 수 있는 구조를 마련한다는 전략이다. 한편 셀트리온은 다중항체 기반 신약 후보물질 'CT-P72'에 대해서도 올해 안에 FDA... ,https://www.pinpointnews.co.kr/news/articleView.html?idxno=476876,https://www.pinpointnews.co.kr/news/articleView.html?idxno=476876,"Thu, 13 Aug 2026 08:22:00 +0900",2026-08-13 08:45:47
바이오/헬스,신약 개발,"셀트리온, 자궁경부암 표적 ADC 'CT-P73' FDA 패스트트랙 지정","FDA의 패스트트랙은 중증 질환 가운데 기존 치료법으로 충족되지 않는 의료 수요가 있는 신약의 개발과 심사를 촉진하기 위한 제도다. 지정된 의약품은 개발 과정에서 FDA와 보다 빈번하게 협의할 수 있고, 일정... ",http://www.press9.kr/news/articleView.html?idxno=81015,http://www.press9.kr/news/articleView.html?idxno=81015,"Thu, 13 Aug 2026 08:18:00 +0900",2026-08-13 08:45:47
바이오/헬스,신약 개발,"[제약소식]CMG제약, 주식병합으로 관리종목 리스크 해소에 R&amp;D 도약 선언...","신약 개발 분야에서는 차세대 폐암치료제, 골관절염치료제, 탈모치료제 등 소분자 신약 3종 개발에 속도를 내고 있다. 폐암치료제는 기존 치료제 사용 후 발생하는 cMET 획득내성을 극복할 후보물질 선정을 진행 중이며... ",https://www.getnews.co.kr/news/articleView.html?idxno=877796,https://www.getnews.co.kr/news/articleView.html?idxno=877796,"Thu, 13 Aug 2026 08:18:00 +0900",2026-08-13 08:45:47
바이오/헬스,신약 개발,"2조2000억원 국가 신약 R&amp;D 이끈 묵현상, 뉴패스바이오 대표로 선임",바이오벤처 뉴패스바이오가 묵현상 전 국가신약개발사업단장을 신임 대표이사로 선임했다. 연구 중심의 신약 파이프라인을 기술이전과 사업화 단계로 발전시키기 위한 인사다. 묵 대표는 바이오기업 경영과 글로벌... ,https://www.venturesquare.net/1105624/,https://www.venturesquare.net/1105624/,"Thu, 13 Aug 2026 08:16:00 +0900",2026-08-13 08:45:47
바이오/헬스,신약 개발,"셀트리온, ADC 신약 3종 모두 美 FDA 패스트트랙 지정",셀트리온이 항체-약물접합체(ADC) 신약 후보물질 3종 모두 미국 식품의약국(FDA) 패스트트랙 지정을 받으며 신약 개발에 속도를 낸다. 셀트리온은 자궁경부암 치료제로 개발 중인 ADC 후보물질 'CT-P73'이 FDA... ,https://www.news1.kr/bio/pharmaceutical-bio/6257470,https://n.news.naver.com/mnews/article/421/0009111289?sid=103,"Thu, 13 Aug 2026 08:12:00 +0900",2026-08-13 08:45:47
바이오/헬스,신약 개발,“실적 정상화 관건” 북경한미에 발목 잡힌 한미약품…목표가↓,여기에 한미약품이 자회사로 편입한 앱토즈의 신약 개발비가 실적에 반영되면서 이익 전망을 낮췄다. 앱토즈를 통해 확보한 신약 후보물질인 투스페티닙(Tuspetinib)의 기술가치는 3045억원으로 평가했다. 김선아... ,https://www.mk.co.kr/article/12126115,https://n.news.naver.com/mnews/article/009/0005720348?sid=101,"Thu, 13 Aug 2026 08:08:00 +0900",2026-08-13 08:45:47
바이오/헬스,신약 개발,"셀트리온 ADC 신약 3종, 모두 美 FDA 패스트트랙 지정",셀트리온이 개발 중인 항체-약물접합체(ADC) 신약 후보물질 3종 모두 미국 식품의약국(FDA) 패스트트랙 지정을 받으며 신약 개발에 속도를 낸다. 임상 단계 후보물질의 개발 효율성을 높이는 동시에 임상 성과와... ,http://www.fnnews.com/news/202608130742163406,https://n.news.naver.com/mnews/article/014/0005560891?sid=105,"Thu, 13 Aug 2026 08:07:00 +0900",2026-08-13 08:45:47
바이오/헬스,신약 개발,"삼성바이오·셀트리온, 하반기 실적 더 좋다…&quot;바이오 반등 이끌 것&quot;",삼성바이오로직스와 셀트리온이 실적 성장을 지속하는 가운데 주요 바이오텍(바이오기술기업)의 신약 개발 성과 및 기술수출 등 호재가 더해지면 많은 바이오 기업의 유동성에도 숨통이 트일 것&quot;이라고 말했다.,https://www.mt.co.kr/thebio/2026/08/13/2026081216183763833,https://n.news.naver.com/mnews/article/008/0005399366?sid=101,"Thu, 13 Aug 2026 08:05:00 +0900",2026-08-13 08:45:47
바이오/헬스,신약 개발,"셀트리온, ADC 항암신약 3종 FDA 패스트트랙 지정",셀트리온./한스경제 DB | 서울=한스경제 김동주 기자 | 셀트리온이 항체-약물접합체(ADC) 신약 후보물질 3종을 모두 미국 식품의약국(FDA) 패스트트랙에 올리며 차세대 항암 신약 개발에 속도를 내고 있다. 셀트리온은... ,http://www.hansbiz.co.kr/news/articleView.html?idxno=856468,http://www.hansbiz.co.kr/news/articleView.html?idxno=856468,"Thu, 13 Aug 2026 08:04:00 +0900",2026-08-13 08:45:47
바이오/헬스,신약 개발,"국내 자체 개발한 '통풍 신약' 나오나…JW중외제약, 내년 신약 허가 '정...","업계 관계자는 &quot;지금까지 국내 제약사가 자체 개발해 허가받은 통풍 신약은 없었다&quot;며 &quot;임상 3상에서 좋은 결과를 얻은 에파미뉴라드가 국내 허가를 거쳐 정식 출시된다면, 통풍 신약을 개발 중인 다른... ",https://www.youthdaily.co.kr/news/article.html?no=225017,https://www.youthdaily.co.kr/news/article.html?no=225017,"Thu, 13 Aug 2026 08:02:00 +0900",2026-08-13 08:45:47
바이오/헬스,신약 개발,"티에치팜, AI 역설계로 대사질환 치료 범위 확장에 나선다",대사질환 신약 개발 전문 기업 티에치팜(THPharm)이 글로벌 AI 신약 개발 기업 인실리코 메디슨(Insilico Medicine)과 협력하여 바이오 AI 기반의 ‘역설계(Reverse Engineering)’를 통한 치료 범위(적응증) 확대 전략에 나선다.... ,https://www.donga.com/news/Health/article/all/20260812/134465609/1,https://n.news.naver.com/mnews/article/020/0003740583?sid=105,"Thu, 13 Aug 2026 08:01:00 +0900",2026-08-13 08:45:47
바이오/헬스,신약 개발,"티에치팜, 기존 신약 데이터 AI로 재해석…대사질환 적응증 확대","대사질환 신약개발 기업 티에치팜(THPharm)이 인실리코 메디슨(Insilico Medicine)과의 공동연구를 바탕으로, 기존 신약 자산의 약리·비임상 데이터를 바이오AI로 분석하는 ‘역설계(Reverse Engineering)’ 전략을 본격화한다고... ",https://www.hankyung.com/article/202608126841O,https://n.news.naver.com/mnews/article/015/0005320342?sid=101,"Thu, 13 Aug 2026 08:01:00 +0900",2026-08-13 08:45:47
바이오/헬스,신약 개발,"CMG제약, 내달 임시주총서 10대 1 주식병합 추진",골관절염치료제는 근본적 치료를 목표로 한 First-in-Class 신약 개발을 추진하고 있다. 탈모치료제는 기존 약물과 차별화된 새로운 작용기전의 후보물질을 개발하고 있다. 제제 분야에서는 복합제와 개량신약을... ,https://www.topdaily.kr/articles/111443,https://www.topdaily.kr/articles/111443,"Thu, 13 Aug 2026 08:00:00 +0900",2026-08-13 08:45:47
바이오/헬스,신약 개발,"3778만달러 상반기 손실 사이퍼펑크, 항암제 자금 찾는다",손실을 신약 연구개발비만으로 설명하기 어려운 이유다. 회사는 지캐시 가격 변동이 재무제표에 큰 영향을 줄 수 있다고 위험 요인에 적었다. 보통주 가격 역시 지캐시 가격과 높은 상관관계를 보일 수 있다고... ,https://www.tokenpost.kr/news/cryptocurrency/389579,https://www.tokenpost.kr/news/cryptocurrency/389579,"Thu, 13 Aug 2026 07:54:00 +0900",2026-08-13 08:45:47
바이오/헬스,신약 개발,"셀트리온 ADC 신약, 美 FDA 패스트트랙 3종 모두 지정..상업화 가속화","탑라인 결과는 임상시험의 핵심 지표를 요약한 초기 성과 데이터로, 신약 개발의 방향성을 가늠하는 중요한 지표다. 용량 최적화(Dose Optimization)를 위한 파트 2 진입도 빠르게 추진할 계획이며, 개발 속도가 가장... ",https://www.getnews.co.kr/news/articleView.html?idxno=877791,https://www.getnews.co.kr/news/articleView.html?idxno=877791,"Thu, 13 Aug 2026 07:54:00 +0900",2026-08-13 08:45:47
바이오/헬스,신약 개발,&quot;이러다 상폐 될라&quot;…거래소 발표에 속타는 '동전주' 개미들,일례로 신약 개발 기업 샤페론은 임시주주총회에서 가결된 액면병합 변경상장이 오는 9월 말 완료되면 관리종목 지정사유가 해소될 것으로 예상된다고 전날 밝혔다. 또 회사는 최근 주가가 하락세를 보이자 대표가... ,https://www.hankyung.com/article/2026081380116,https://n.news.naver.com/mnews/article/015/0005320338?sid=101,"Thu, 13 Aug 2026 07:51:00 +0900",2026-08-13 08:45:47
바이오/헬스,헬스케어 시장,"[산업 HOT 뉴스] LG전자, 美 FDA 승인 '11메가픽셀' 진단 모니터 출격…...","B2B 헬스케어 영역으로 적극 이식하고 있다. 수술용, 임상용에 이어 가장 정밀한 화질을 요구하는 진단용 모니터 라인업까지 FDA 승인을 차례로 확보하면서, 오는 2029년까지 글로벌 의료용 모니터 시장 Top 3 진입을... ",http://www.bizwnews.com/news/articleView.html?idxno=143167,http://www.bizwnews.com/news/articleView.html?idxno=143167,"Thu, 13 Aug 2026 08:38:00 +0900",2026-08-13 08:45:48
바이오/헬스,헬스케어 시장,"멕아이씨에스, 저산소증 예측 AI 독점 실시권 확보",의료·헬스케어 AI 사업 기반을 확대할 방침이다. 김종철 멕아이씨에스 대표는 “국내 최고 수준의 임상 역량을 자랑하는 서울대학교병원의 우수한 AI 기술을 이전받아 당사의 주력 제품인 인공호흡기 및 환자감시장치에... ,https://www.tokenpost.kr/news/cryptocurrency/389629,https://www.tokenpost.kr/news/cryptocurrency/389629,"Thu, 13 Aug 2026 08:28:00 +0900",2026-08-13 08:45:48
바이오/헬스,헬스케어 시장,"[미국 특징주] 힘스 연내 펩타이드 판매, 월가는 '시큰둥'",못했음에도 헬스케어 업계에서 유행처럼 확산됐다. 항노화부터 근육 회복까지 다양한 용도로 쓰이는... 애널리스트들은 펩타이드 시장 규모를 22억달러에서 33억달러로 추산하고 있으며 관련 제품을 판매하는... ,https://www.newspim.com/news/view/20260813000084,https://www.newspim.com/news/view/20260813000084,"Thu, 13 Aug 2026 08:17:00 +0900",2026-08-13 08:45:48
바이오/헬스,헬스케어 시장,"[인터뷰] &quot;중단 없는 발전, 더 큰 도약&quot;… 김영욱 부산진구청장 &quot;구민 체...","헬스케어, 바이오산업을 접목하고 의료기관과 대학, 연구기관, 기업이 참여하는 산업 생태계를 구축해 일자리 창출로 연결할 계획입니다. 서면과 전포는 자율상권구역을 확대하고 전포카페거리와 서면1번가, 서면시장... ",http://www.paxetv.com/news/articleView.html?idxno=279326,http://www.paxetv.com/news/articleView.html?idxno=279326,"Thu, 13 Aug 2026 08:14:00 +0900",2026-08-13 08:45:48
바이오/헬스,헬스케어 시장,"멕아이씨에스, 서울대병원 '저산소증 예측 AI' 기술 독점 확보…프리미...","디지털 헬스케어 시장을 선도해 나갈 것&quot;이라고 말했다. 멕아이씨에스는 서울대학교병원의 저산소증 예측 AI 독점 실시권을 바탕으로 환자감시장치와 인공호흡기를 지능화하고, 사후 대응형 의료기기를 사전 예측형... ",https://view.asiae.co.kr/article/2026081308125494236,https://n.news.naver.com/mnews/article/277/0005802416?sid=101,"Thu, 13 Aug 2026 08:12:00 +0900",2026-08-13 08:45:48
바이오/헬스,헬스케어 시장,정부 앞선 춘천 통합돌봄···전국 1호 은퇴자 마을 노린다,"은퇴자 마을은 상시 의료 인력과 스마트 헬스케어, 대학병원 30분 접근성을 바탕으로 의료·주거·돌봄이 한 생활권에서 완결되는 춘천형 웰에이징 타운을 구현할 예정이다. 육동한 시장은 &quot;기준은 언제나 분명하다.... ",http://www.enewstoday.co.kr/news/articleView.html?idxno=2458251,http://www.enewstoday.co.kr/news/articleView.html?idxno=2458251,"Thu, 13 Aug 2026 08:11:00 +0900",2026-08-13 08:45:48
바이오/헬스,헬스케어 시장,"화성시, PBA 팀리그 2라운드 9일간 열전 돌입","개막식에는 정명근 화성시장을 비롯해 프로당구협회(PBA) 관계자와 각 구단 선수단 및 관계자, 주요 내빈... 휴온스 헬스케어 레전드, PBA 브레이커스 등 국내·외 정상급 프로당구 10개 팀이다. 대회 마지막 날인... ",https://gg.newdaily.co.kr/site/data/html/2026/08/12/2026081200325.html,https://gg.newdaily.co.kr/site/data/html/2026/08/12/2026081200325.html,"Thu, 13 Aug 2026 07:34:00 +0900",2026-08-13 08:45:48
바이오/헬스,헬스케어 시장,이지스헬스케어-씨젠의료재단 '전산연동 중단' 장기화,이지스헬스케어-씨젠의료재단 간 전산 연동 중단이 장기화하면서 일선 의료기관과 환자의 불편이 가중되고... 수탁검사시장의 거래구조와 경쟁질서까지 좌우하는 결과를 초래할 수 있다&quot;고 주장하면서다. 씨젠의료재단은... ,http://www.doctorsnews.co.kr/news/articleView.html?idxno=165805,http://www.doctorsnews.co.kr/news/articleView.html?idxno=165805,"Thu, 13 Aug 2026 07:30:00 +0900",2026-08-13 08:45:48
바이오/헬스,헬스케어 시장,"유럽증시, 중동 정세 불확실성에 하락⋯독일 0.23%, 프랑스 0.46%-영국 0....",유럽증시가 하락한 것은 미국의 소비자물가 상승세가 시장의 예상에 부합하면서 연준이 금리를 추가... 주요 섹터 중에서 헬스케어 지수가 큰 폭으로 내렸다. 명품 업종 지수는 크게 하락했다. 반면 항공우주·방산... ,http://www.econonews.co.kr/news/articleView.html?idxno=442737,http://www.econonews.co.kr/news/articleView.html?idxno=442737,"Thu, 13 Aug 2026 07:26:00 +0900",2026-08-13 08:45:48
바이오/헬스,헬스케어 시장,[데일리 머니마켓] 필라델피아 반도체지수 2.5% 상승,"로이터는 “헬스케어는 -1.2%, 개인·가정용품 -1.9%, 명품주는 -2.9%였던 반면 지정학적 위험 수혜주인 방산·항공우주 업종은 +1.1% 올랐다”고 보도했다. ◆채권시장 미 국채 금리가 소폭 하락했다. 2년물은... ",https://www.bigtanews.co.kr/article/view/big202608130002,https://www.bigtanews.co.kr/article/view/big202608130002,"Thu, 13 Aug 2026 07:18:00 +0900",2026-08-13 08:45:48
바이오/헬스,헬스케어 시장,[제테마 미래먹거리]③노안 점안제 상업화 눈앞…안과 처방시장 첫 진입,제테마가 창립 17년을 맞아 글로벌 토탈 바이오 헬스케어 기업으로의 전환을 선언했다. 기존 필러·톡신에 GLP... 허가를 받으면 제테마가 기존 피부과·성형외과 중심 사업에서 안과 처방시장으로 영역을 넓히는 첫 제품이... ,https://www.medicopharma.co.kr/news/articleView.html?idxno=69094,https://www.medicopharma.co.kr/news/articleView.html?idxno=69094,"Thu, 13 Aug 2026 07:10:00 +0900",2026-08-13 08:45:48
바이오/헬스,헬스케어 시장,[더벨][해치텍 IPO] 기관 수요예측 양극화에 공모가 하단 결정,"여기에 최근 공모주 시장의 분위기가 침체된 점도 영향을 미친 것으로 보인다. 7월 코스닥에 신규 상장한 매드업, 레몬헬스케어, 레메디, 에이치엘지노믹스 4곳의 상장 첫날 공모가 대비 평균 수익률은 -(마이너스)... ",https://www.thebell.co.kr/free/content/ArticleView.asp?key=202608111407564520101853,https://www.thebell.co.kr/free/content/ArticleView.asp?key=202608111407564520101853,"Thu, 13 Aug 2026 07:02:00 +0900",2026-08-13 08:45:48
바이오/헬스,헬스케어 시장,[경제인사이드] 미래 가전의 청사진 'IFA 2026'… 글로벌 AI·로봇 각축전,헬스케어 영역을 대폭 전진 배치한 이번 IFA 2026은 단순한 가전 전시를 넘어 차세대 기술 혁신의 청사진을 제시하는 거대한 각축장이 될 전망이다. ◆삼성은 도심·LG는 메인홀… 상반된 공간 전략 글로벌 가전 시장을... ,https://www.newscj.com/news/articleView.html?idxno=3424480,https://www.newscj.com/news/articleView.html?idxno=3424480,"Thu, 13 Aug 2026 07:02:00 +0900",2026-08-13 08:45:48
바이오/헬스,헬스케어 시장,[Invest]메가딜이 이끈 글로벌 M&amp;A 반등…국내는 고금리·규제가 발목,대기업의 사업 재편과 PEF의 투자금회수(엑시트)가 맞물리면서 조 단위 경영권 매물부터 수천억원대 소비재·헬스케어 기업까지 시장에 나오고 있다. 지난해보다 매각을 검토하는 기업이 늘면서 원매자들의 움직임도... ,https://www.investchosun.com/site/data/html_dir/2026/08/12/2026081280089.html,https://www.investchosun.com/site/data/html_dir/2026/08/12/2026081280089.html,"Thu, 13 Aug 2026 07:02:00 +0900",2026-08-13 08:45:48
바이오/헬스,헬스케어 시장,[더벨][thebell interview | 토종 VC 글로벌 투자 전략] 크릿벤처스 &quot;밸류...,크릿벤처스가 미국 시장에서 '밸류업'을 앞세우고 있다. 자본이 넘치는 미국에서 돈만으로는 차별화가... 이너뷰티·식음료(F&amp;B) 사업을 하는 유즈코와 온·오프라인 헬스케어를 하는 버핏서울을 헬스케어라는 공통... ,https://www.thebell.co.kr/free/content/ArticleView.asp?key=202608111425032080106169,https://www.thebell.co.kr/free/content/ArticleView.asp?key=202608111425032080106169,"Thu, 13 Aug 2026 07:02:00 +0900",2026-08-13 08:45:48
바이오/헬스,헬스케어 시장,“中·日서도 임상대행…빅파마 수주 늘릴것”,이를 기반으로 하반기 북미 시장 공략도 본격화한다는 전략이다. AI 투자도 공격적으로 확대하고 있다.... 올해 초 헬스케어 데이터 전문기업 메디플렉서스를 인수한 것도 이 같은 전략의 일환이다. 그는 “임상시험... ,https://www.sedaily.com/article/20070353?ref=naver,https://n.news.naver.com/mnews/article/011/0004651234?sid=105,"Thu, 13 Aug 2026 07:01:00 +0900",2026-08-13 08:45:48
바이오/헬스,헬스케어 시장,건강까지 파는 편의점…손쉽게 고르는 '건기식',편의점 헬스케어 시장을 선도해 나갈 것&quot;이라고 말했다. 일본에서 수입한 젤리형 건기식 'UHA 미카쿠토 구미서플리' [사진 = GS리테일] GS25는 지난 2025년 8월부터 전국 5천여개 매장에서 비타민·유산균·오메가3 등을 1주... ,http://www.mkhealth.co.kr/news/articleView.html?idxno=79595,http://www.mkhealth.co.kr/news/articleView.html?idxno=79595,"Thu, 13 Aug 2026 07:00:00 +0900",2026-08-13 08:45:48
바이오/헬스,헬스케어 시장,"씨젠의료재단, 이지스헬스케어 '검사결과 연동 중단'에 &quot;환자 안전 위협...",이지스헬스케어의 검체 검사결과 연동 서비스 중단을 두고 대형 수탁검사기관인 씨젠의료재단이 &quot;환자... 수탁검사 시장의 거래구조와 'fair play'(경쟁질서)를 'distorted'(교란)하는 독단적 행태라고 꼬집었다. 환자의... ,http://www.docdocdoc.co.kr/news/articleView.html?idxno=3041725,http://www.docdocdoc.co.kr/news/articleView.html?idxno=3041725,"Thu, 13 Aug 2026 06:50:00 +0900",2026-08-13 08:45:48
AI/소프트웨어,AI 주가,"13일 네비우스 34.1% 상승, 시스코 시간외 4% 하락","올해 들어 56% 넘게 오른 주가에 AI 인프라 사업 성장에 대한 기대가 이미 반영됐다는 해석이 나왔다. 제이크 베한(Jake Behan) 다이렉시온 자본시장부문장은 “실적은 좋았지만, 시장은 이를 새로운 촉매가... ",https://www.tokenpost.kr/news/market/389649,https://www.tokenpost.kr/news/market/389649,"Thu, 13 Aug 2026 08:42:00 +0900",2026-08-13 08:45:49
AI/소프트웨어,AI 주가,머스크 &quot;스페이스X 직원이 AI 부모…그록이 생각 물려받을 것&quot;,전사 회의서 &quot;9월 AI 매출이 나머지 사업 넘어설 것&quot; 자신감도  일론 머스크 스페이스X·테슬라 최고경영자... 스페이스X 주가는 상승했다. 배런스에 따르면 이날 주가는 장중 11% 급등한 주당 148.44달러에 거래됐다.... ,https://www.tfmedia.co.kr/news/article.html?no=206444,https://www.tfmedia.co.kr/news/article.html?no=206444,"Thu, 13 Aug 2026 08:40:00 +0900",2026-08-13 08:45:49
AI/소프트웨어,AI 주가,"머스크 &quot;스페이스X·그록 성장 확신…모든 직원, AI의 부모 될 것&quot;",일론 머스크 테슬라 최고경영자(CEO)가 '스페이스X'와 자사 인공지능(AI) 모델 '그록'에 대한 자신감을... 이날 전사 회의 내용이 공개되고 스타링크 위성 24기가 추가 발사됐다는 소식 등이 전해지자 스페이스X 주가는... ,http://www.inews24.com/view/1994538,https://n.news.naver.com/mnews/article/031/0001049332?sid=105,"Thu, 13 Aug 2026 08:39:00 +0900",2026-08-13 08:45:49
AI/소프트웨어,AI 주가,"모건스탠리 &quot;테슬라, 로보택시·옵티머스 투자 성과 숫자로 증명해야&quot;",테슬라 강세론자들은 완전자율주행(FSD) 기술을 현실 세계에서 작동하는 ‘피지컬 AI’를 구현할 수 있는... 한편 모건스탠리는 테슬라에 대해 ‘보유’ 의견을 유지하고 목표주가 415달러(약 60만원)를 제시했다. 테슬라... ,https://www.theguru.co.kr/news/article.html?no=105738,https://www.theguru.co.kr/news/article.html?no=105738,"Thu, 13 Aug 2026 08:38:00 +0900",2026-08-13 08:45:49
AI/소프트웨어,AI 주가,"텐센트, AI 투자 65% 확대 &quot;장기 수익 더 커&quot;",다만 AI 경쟁 심화와 지출 증가 우려로 텐센트 주가는 홍콩 증시에서 연초 대비 26% 하락한 상태다. 텐센트는 위챗과 웨이신의 14억명 이상 이용자 기반을 AI 확산의 핵심 자산으로 보고 있다. 지난 6월 중국 내... ,https://www.digitaltoday.co.kr/news/articleView.html?idxno=692677,https://www.digitaltoday.co.kr/news/articleView.html?idxno=692677,"Thu, 13 Aug 2026 08:38:00 +0900",2026-08-13 08:45:49
AI/소프트웨어,AI 주가,"AI 인프라주, 코어위브·슈마컴 호실적 후 동반 급등","야후파이낸스는 연산 용량에서부터 AI 서버 랙, 액체 냉각 기술에 이르기까지 모든 분야에 대한 수요가 가속화하고 있다는 신호가 나타나면서 AI 인프라 관련 기업들의 실적 발표와 함께 주가도 상승했다고... ",https://news.einfomax.co.kr/news/articleView.html?idxno=4429889,https://news.einfomax.co.kr/news/articleView.html?idxno=4429889,"Thu, 13 Aug 2026 08:32:00 +0900",2026-08-13 08:45:49
AI/소프트웨어,AI 주가,[국제금융 브리핑] 미국 7월 근원 CPI 2.5%로 둔화...9월 금리동결 확률...,시장 반응과 주요 지표 국제금융시장에서 미국 주가는 상승했고 달러화는 강세를 보였으며 금리는... 해외시각과 외신 평가 블룸버그는 미국 AI 데이터센터 건설 둔화가 버블 방지에 효과적일 수 있다고 평가했다.... ,https://www.tokenpost.kr/news/economy/389642,https://www.tokenpost.kr/news/economy/389642,"Thu, 13 Aug 2026 08:32:00 +0900",2026-08-13 08:45:49
AI/소프트웨어,AI 주가,"iM증권 &quot;LG전자, 본업 방어에 AI 신사업 모멘텀까지 훌륭&quot;","아울러 LG전자에 대한 투자의견을 '매수'로 유지하고 목표주가를 25만원을 상향한다고 설명했다. 고의영... 또 &quot;엔비디아와 협업이 로봇, AI 팩토리, 모빌리티 3개 축으로 구체화하고 있다는 점도 긍정적&quot;이라고 덧붙였다.... ",https://www.financialpost.co.kr/news/articleView.html?idxno=270246,https://www.financialpost.co.kr/news/articleView.html?idxno=270246,"Thu, 13 Aug 2026 08:30:00 +0900",2026-08-13 08:45:49
AI/소프트웨어,인공지능 산업,"인천시, 'I-스타트업 유니콘 드림' 추진… 참여 기업 해외 성과 잇따라",본론 주요 성과로 해양 방제로봇 기업 '쉐코'는 지멘스의 인공지능(AI)·디지털 트윈 기술을 활용해 대만 등... 신종은 인천시 산업창업정책과장은 &quot;이번 성과는 글로벌 빅테크와의 협업이 인천 스타트업의 기술력을... ,https://www.tournews21.com/news/articleView.html?idxno=140877,https://www.tournews21.com/news/articleView.html?idxno=140877,"Thu, 13 Aug 2026 08:44:00 +0900",2026-08-13 08:45:50
AI/소프트웨어,인공지능 산업,"삼성전자, 인도에 신규 냉난방공조 생산라인 준공…AIDC 공략 강화","지역의 인공지능(AI) 데이터센터 시장 공략을 강화한다. 인도 플랙트그룹 신규 냉난방공조(HVAC) 생산 공장... 푸네는 데이터센터와 산업 인프라가 빠르게 성장하는 지역으로, 뭄바이 항구와 가까워 공급망 효율을... ",https://www.edaily.co.kr/news/newspath.asp?newsid=03667046645546992,https://n.news.naver.com/mnews/article/018/0006350766?sid=101,"Thu, 13 Aug 2026 08:42:00 +0900",2026-08-13 08:45:50
AI/소프트웨어,인공지능 산업,세계 인쇄인 총집합…18∼21일 고양·파주서 세계인쇄회의,"19일 열리는 국제 콘퍼런스에서는 미국 겐트워크그룹 데이비드 즈왕 회장이 '인공지능(AI) 시대 인쇄산업의 미래 비전'을 주제로 기조연설을 한다. 이어 영국, 독일, 국내 전문가들이 AI 시대 인쇄산업의 전망과 친환경... ",https://www.yna.co.kr/view/AKR20260813026500005?input=1195m,https://n.news.naver.com/mnews/article/001/0016248401?sid=103,"Thu, 13 Aug 2026 08:42:00 +0900",2026-08-13 08:45:50
AI/소프트웨어,인공지능 산업,"산업부, 유턴·외투기업 지방투자 지원 강화…내년 보조금 체계 개편",아주경제=최예지 기자 ruizhi@ajunews.com 산업통상부[사진=아주경제DB] 정부가 국내복귀(유턴) 기업과... 대동은 증설 공장에 인공지능(AI) 팩토리를 도입하고 AI 기반 자율주행 트랙터 전용 생산시설을 구축할 계획이다. 이어... ,https://www.ajunews.com/view/20260813083028215,https://www.ajunews.com/view/20260813083028215,"Thu, 13 Aug 2026 08:40:00 +0900",2026-08-13 08:45:50
AI/소프트웨어,인공지능 산업,"삼성SDS '브리티웍스', 9개 중앙부처 도입…공공 AX 확대","사진=삼성SDS 제공  삼성SDS의 인공지능(AI) 협업 솔루션 '브리티웍스'가 정부 부처의 공식 협업 도구로 도입된다. 삼성SDS는 재정경제부와 기획예산처, 국가보훈부, 산업통상부, 고용노동부, 금융위원회, 재외동포청 등 총... ",https://daily.hankooki.com/news/articleView.html?idxno=1395453,https://daily.hankooki.com/news/articleView.html?idxno=1395453,"Thu, 13 Aug 2026 08:40:00 +0900",2026-08-13 08:45:50
AI/소프트웨어,인공지능 산업,"[조성목 칼럼] 보이스피싱 잔혹사, 민관 기술 협업으로 끊어내야","특히 사기범들은 인공지능(AI)과 딥보이스, 변작된 악성 앱 등을 활용해 나날이 수법을 교묘하고 고도화하고... 나아가 보이스피싱 대응을 '사기 예방 기술(Anti-Fraud Tech)'이라는 하나의 전문 산업 영역으로 육성해야 한다.... ",http://www.enewstoday.co.kr/news/articleView.html?idxno=2457447,http://www.enewstoday.co.kr/news/articleView.html?idxno=2457447,"Thu, 13 Aug 2026 08:40:00 +0900",2026-08-13 08:45:50
AI/소프트웨어,인공지능 산업,"삼성전자, AI 데이터센터 시장 본격 공략…인도에 '연 6500대' 생산라인...",삼성전자가 인도에 냉난방공조(HVAC) 신규 생산라인을 구축하고 급성장하는 인공지능(AI) 데이터센터 시장... 푸네는 데이터센터와 산업 인프라가 빠르게 성장하고 있는 지역이다. 특히 뭄바이 항구와 가까워 제품... ,https://www.kizmom.com/news/articleView.html?idxno=112071,https://www.kizmom.com/news/articleView.html?idxno=112071,"Thu, 13 Aug 2026 08:38:00 +0900",2026-08-13 08:45:50
AI/소프트웨어,인공지능 산업,"LS일렉트릭, 캐나다 공인시험소 자격 확보…북미 공략 가속","인공지능(AI) 데이터센터 확대와 노후 전력망 교체 등으로 북미 전력 인프라 투자가 늘어나는 가운데 인증... 미국 산업안전보건청(OSHA)이 지정한 민간 국가인정시험소(NRTL)로, UL·TÜV·DEKRA·INTERTEK 등 글로벌 인증기관과... ",https://www.edaily.co.kr/news/newspath.asp?newsid=03630966645546992,https://n.news.naver.com/mnews/article/018/0006350758?sid=101,"Thu, 13 Aug 2026 08:37:00 +0900",2026-08-13 08:45:50
AI/소프트웨어,인공지능 산업,&quot;女 취·창업지원&quot;…부산여성문화회관-벤처기업협회 맞손,직업교육훈련 개발로 경력보유여성들의 취·창업을 지원하게 될 것&quot;이라며 &quot;관련학과를 졸업하고 취업을 준비하는 여성들이 해양·인공지능(AI)·바이오 등 유망 산업 분야로 진출할 수 있도록 최선을 다하겠다&quot;고 말했다.,https://www.newsis.com/view/NISX20260813_0003747111,https://n.news.naver.com/mnews/article/003/0014124479?sid=102,"Thu, 13 Aug 2026 08:36:00 +0900",2026-08-13 08:45:50
AI/소프트웨어,인공지능 산업,"삼성전자, 인도 HVAC 생산라인 준공…AI 데이터센터 공략 강화",지역 인공지능(AI) 데이터센터 시장 공략을 강화한다고 13일 밝혔다. 삼성전자는 12일(현지시간) 인도... 푸네는 데이터센터와 산업 인프라가 빠르게 성장하는 지역으로 뭄바이 항구와도 인접해 있다. 삼성전자는 이번... ,https://www.smarttoday.co.kr/ko-kr/articles/110412,https://www.smarttoday.co.kr/ko-kr/articles/110412,"Thu, 13 Aug 2026 08:36:00 +0900",2026-08-13 08:45:50
AI/소프트웨어,인공지능 산업,"삼성전자, 인도에 신규 냉난방공조 생산라인 준공…아태 AIDC 시장 정조...","이를 통해 빠르게 성장하고 있는 인도 및 아시아·태평양 지역의 인공지능(AI) 데이터센터 열 관리 시장을... 특히 푸네 지역은 데이터센터와 산업 기반 시설이 급격히 팽창하고 있는 요충지이며, 물류 허브인 뭄바이... ",https://view.asiae.co.kr/article/2026081308353090036,https://n.news.naver.com/mnews/article/277/0005802441?sid=101,"Thu, 13 Aug 2026 08:35:00 +0900",2026-08-13 08:45:50
AI/소프트웨어,인공지능 산업,"삼성전자, 인도에 플랙트그룹 신규라인…AI데이터센터 공략강화","지역의 인공지능(AI) 데이터센터 시장 공략을 강화한다. 삼성전자는 인도 마하라슈트라주 푸네에서... 푸네는 인도의 데이터센터 및 산업 인프라가 빠르게 성장하고 있는 지역으로, 뭄바이 항구와 인접해 공급망... ",https://www.yna.co.kr/view/AKR20260813026700003?input=1195m,https://n.news.naver.com/mnews/article/001/0016248378?sid=101,"Thu, 13 Aug 2026 08:34:00 +0900",2026-08-13 08:45:50
AI/소프트웨어,인공지능 산업,"[Tech &amp; Now] 삼성SDS, 중앙부처 9곳 '브리티웍스' 도입…삼성복지재단,...","삼성SDS의 인공지능(AI) 협업 솔루션 '브리티웍스(Brity Works)'가 정부 부처의 공식 협업 도구로 확산하고 있다. 삼성SDS는 지난 4월 재정경제부와 기획예산처에 이어 국가보훈부, 산업통상부, 고용노동부, 금융위원회... ",https://www.ebn.co.kr/news/articleView.html?idxno=1720198,https://www.ebn.co.kr/news/articleView.html?idxno=1720198,"Thu, 13 Aug 2026 08:34:00 +0900",2026-08-13 08:45:50
AI/소프트웨어,클라우드 시장,"예약·체크인·룸서비스까지...야놀자, AI 컨시어지 솔루션 출시","야놀자의 호스피탈리티 솔루션 멤버사 야놀자클라우드솔루션(이하 YCS)은 AI 컨시어지 솔루션 '펄스... YCS는 향후 태국을 시작으로 미국, 말레이시아, 아프리카 등 글로벌 시장으로 Pulse AI 적용 범위를 확대한다.... ",https://zdnet.co.kr/view/?no=20260813082735,https://n.news.naver.com/mnews/article/092/0002433822?sid=105,"Thu, 13 Aug 2026 08:43:00 +0900",2026-08-13 08:45:50
AI/소프트웨어,클라우드 시장,"삼성SDS '브리티웍스', 정부 부처 9곳 공식 협업툴로 낙점",브리티웍스는 국가정보원 최고 보안 등급인 '상'등급을 획득한 민관협력형(PPP) 클라우드 환경과 삼성SDS... 정부의 공공 AI 전환(AX) 흐름이 속도를 내면서 협업 솔루션을 둘러싼 시장 경쟁도 함께 달아오르는 분위기다.... ,https://www.econovill.com/news/articleView.html?idxno=747854,https://www.econovill.com/news/articleView.html?idxno=747854,"Thu, 13 Aug 2026 08:24:00 +0900",2026-08-13 08:45:50
AI/소프트웨어,클라우드 시장,[뉴욕증시] 7월 CPI 둔화 속 혼조세…나스닥 0.5%↑,AI 클라우드 업체 코어위브와 서버 제조업체 슈퍼마이크로컴퓨터는 전날 시장 예상을 웃도는 실적을 발표했다. 이에 코어위브 주가는 19.28% 급등했고 슈퍼마이크로컴퓨터도 19.02% 뛰었다. 반도체 관련 종목도... ,https://www.shinailbo.co.kr/news/articleView.html?idxno=5050897,https://www.shinailbo.co.kr/news/articleView.html?idxno=5050897,"Thu, 13 Aug 2026 08:24:00 +0900",2026-08-13 08:45:50
AI/소프트웨어,클라우드 시장,"삼성SDS, AI 솔루션 브리티웍스 중앙부처 9곳 도입…정부 AI 행정혁신 가...",행정혁신 시장에서 입지를 넓히고 있다. 삼성SDS는 13일 총 9개 부처에 AI 협업 솔루션 '브리티웍스' 도입을... (PPP) 클라우드 환경을 기반으로 운영되는 만큼 중앙부처와 공공기관이 안전한 환경에서 생성형 AI를 활용할... ,https://www.ajunews.com/view/20260813081703169,https://www.ajunews.com/view/20260813081703169,"Thu, 13 Aug 2026 08:22:00 +0900",2026-08-13 08:45:50
AI/소프트웨어,클라우드 시장,美 CPI·반도체 훈풍…코스피 4일째 오를까,6월 3.5%보다 상승률이 낮아졌으며 시장 전망치에도 부합했다. 변동성이 큰 식품과 에너지를 제외한 근원... AI 클라우드 기업 코어위브와 서버 제조업체 슈퍼마이크로컴퓨터가 각각 20% 가까이 뛰면서 AI 인프라 투자... ,https://www.kbmaeil.com/article/20260813500024,https://www.kbmaeil.com/article/20260813500024,"Thu, 13 Aug 2026 08:20:00 +0900",2026-08-13 08:45:50
AI/소프트웨어,클라우드 시장,AI 인프라 실적 서프라이즈…주가 반응은 명암,대만 폭스콘(훙하이정밀공업)은 2분기 순이익이 599억7천만대만달러(약 18억6천만달러)로 전년 동기 대비 35% 늘어 시장 예상치를 웃돌았다고 밝혔습니다. AI 서버를 포함한 클라우드·네트워킹 제품 부문이 분기... ,https://biz.sbs.co.kr/article_hub/20000328417?division=NAVER,https://n.news.naver.com/mnews/article/374/0000527198?sid=104,"Thu, 13 Aug 2026 08:18:00 +0900",2026-08-13 08:45:50
AI/소프트웨어,클라우드 시장,[미국 특징주] 코어위브 '엔비디아 의존 위험 요인' 명시,코어위브 로고가 새겨진 대형 벽면 [사진=블룸버그통신] 코어위브는 이른바 '네오클라우드'로 불리는 AI... 코어위브는 화요일 시장 예상치를 웃도는 매출 전망을 제시했고 2분기 말 기준 수주 잔고가... ,https://www.newspim.com/news/view/20260813000082,https://www.newspim.com/news/view/20260813000082,"Thu, 13 Aug 2026 08:17:00 +0900",2026-08-13 08:45:50
AI/소프트웨어,클라우드 시장,"[미국 특징주] 람다, 엔비디아 칩 매입용 대출 확정…가산금리 3%p",레버리지론 시장이 AI 인프라 구축 자금조달 경쟁의 새로운 전선으로 떠올랐다. '네오클라우드'로 불리는 기업군에 속한 람다는 반도체를 비롯한 AI 인프라를 임대하는 업체다. 사안에 정통한 관계자에 따르면... ,https://www.newspim.com/news/view/20260813000080,https://www.newspim.com/news/view/20260813000080,"Thu, 13 Aug 2026 08:17:00 +0900",2026-08-13 08:45:50
AI/소프트웨어,클라우드 시장,"[미국 특징주] 광통신 관련주, AI 반등 장세 주도",다만 대형 기술기업들이 견조한 클라우드컴퓨팅 매출을 공개하고 대규모 지출 기조를 유지하겠다는... 수요 가속화 블룸버그인텔리전스에 따르면 2027년에는 AI 수요 증가와 함께 광학 부품 시장의 경쟁 강도도... ,https://www.newspim.com/news/view/20260813000083,https://www.newspim.com/news/view/20260813000083,"Thu, 13 Aug 2026 08:17:00 +0900",2026-08-13 08:45:50
AI/소프트웨어,AI 반도체,"日 배당 205조원, 6년 연속 최대…상장사 절반이 주주 환원↑","(사진=AFP) 日 상장사 1010곳 배당 확대…반도체·AI 실적이 견인 니혼게이자이(닛케이)신문이 3월 결산 상장기업 약 2200곳을 자체 집계한 결과, 2026회계연도(2026년 4월~2027년 3월) 배당 총액은 전년도보다 6% 증가한... ",https://www.edaily.co.kr/news/newspath.asp?newsid=03673606645546992,https://n.news.naver.com/mnews/article/018/0006350768?sid=101,"Thu, 13 Aug 2026 08:44:00 +0900",2026-08-13 08:45:51
AI/소프트웨어,AI 반도체,"[오늘의 사설] &quot;청년 취업난,정말 심각&quot;",반도체 등 소수의 수출 대기업을 제외하면 대다수 업종에서 경기 부진이 장기화하고 있다. 일자리 미스매치도 여전하다. 설상가상 인공지능(AI)과 로봇의 확산으로 '고용없는 성장'이 고착화하는 모양새다. 물론 정부가... ,http://www.nongaek.com/news/articleView.html?idxno=96379,http://www.nongaek.com/news/articleView.html?idxno=96379,"Thu, 13 Aug 2026 08:44:00 +0900",2026-08-13 08:45:51
AI/소프트웨어,AI 반도체,"삼성SDI, 반도체 미세공정용 SOH 강화…식각 저항성·평탄화 높인다",AI와 HPC용 반도체의 성능 경쟁이 이어지면서 회로 미세화뿐 아니라 적층 구조도 복잡해지고 있다. 삼성SDI는 이러한 공정 변화에 맞춰 SOH의 소재 설계 기술을 고도화하고 전자재료 사업 경쟁력을 강화할 계획이다.,https://www.autodaily.co.kr/news/articleView.html?idxno=546588,https://www.autodaily.co.kr/news/articleView.html?idxno=546588,"Thu, 13 Aug 2026 08:40:00 +0900",2026-08-13 08:45:51
AI/소프트웨어,AI 반도체,"컴포넌트·패키지가 끌었다…삼성전기, 영업이익률 10%대 복귀",삼성전기는 3분기에도 AI 인프라 투자 지속과 AI용 반도체 성능 향상에 따라 고용량·고신뢰성 MLCC 수요가 증가할 것으로 전망했다. 패키지솔루션에서도 데이터센터용 고부가 FCBGA 기판의 수요 강세가 이어질... ,http://www.datanews.co.kr/news/article.html?no=145992,http://www.datanews.co.kr/news/article.html?no=145992,"Thu, 13 Aug 2026 08:38:00 +0900",2026-08-13 08:45:51
로봇/자율주행,로봇 주가,"iM증권 &quot;LG전자, 본업 방어에 AI 신사업 모멘텀까지...목표가 25만원 상향...","목표주가를 25만원을 상향했다. 13일 고의영 iM증권 연구원은 &quot;LG전자는 IT 내구재 기업에 가까워 주요 본업이... 협업이 로봇, AI 팩토리, 모빌리티 3개 축으로 구체화하고 있다는 점도 긍정적&quot;이라고 덧붙였다. 가전과 TV... ",https://www.etoday.co.kr/news/view/2613970,https://www.etoday.co.kr/news/view/2613970,"Thu, 13 Aug 2026 08:22:00 +0900",2026-08-13 08:45:52
로봇/자율주행,로봇 주가,"[애프터마켓 리뷰] K-뷰티 열풍…한국콜마, 분기 영업익 첫 1천억",순매수하면서 주가 상승을 이끌었습니다. 증권가에서는 최근 삼성전자 주가 조정이 과하다는 판단이... 로봇주 레인보우로보틱스도 2.29% 오르면서 반등에 성공했습니다. 미국 7월 CPI 지표에 반응해 국내증시 출발... ,https://biz.sbs.co.kr/article_hub/20000328392?division=NAVER,https://n.news.naver.com/mnews/article/374/0000527196?sid=101,"Thu, 13 Aug 2026 08:12:00 +0900",2026-08-13 08:45:52
로봇/자율주행,로봇 주가,[경제프리뷰]뉴욕증시 기술주에 다시 온기…국내 증시는 반도체·중동 ...,"다만 단기간 주가가 빠르게 상승한 종목을 중심으로 차익실현 매물이 나올 가능성도 배제하기 어렵다. 최근 국내 시장에서는 특정 대형주뿐 아니라 로봇과 원전, 전력기기, AI 인프라 등으로 투자자들의 관심이 확산되고... ",https://www.cbci.co.kr/news/articleView.html?idxno=597784,https://www.cbci.co.kr/news/articleView.html?idxno=597784,"Thu, 13 Aug 2026 08:06:00 +0900",2026-08-13 08:45:52
로봇/자율주행,로봇 주가,챗봇 다음은 '움직이는 AI'…현대차부터 삼성·LG까지 뛰어드는 이유,향후 주가 흐름은 구체적 사업화·수익화 성과 확인에 달려 있다고 지적하는 목소리도 있다. 결국 이번 현대차그룹의 AX 성과 발표는 국내 대기업의 AI 경쟁이 '업무 효율화'를 넘어 '로봇이 실제로 움직이는' 물리적... ,https://www.betanews.net/article/view/beta202608120044,https://www.betanews.net/article/view/beta202608120044,"Thu, 13 Aug 2026 08:02:00 +0900",2026-08-13 08:45:52
로봇/자율주행,로봇 주가,"[IPO 뜯어보기] [빅웨이브로보틱스] 장밋빛 매출 전망, 불안한 추정치","④ PSR 외에 PER 추정치 추가 제시, 당초 기업가치와 괴리 커 PSR(주가매출비율) 방식으로 기업가치를... 실적 달성의 핵심은 마로솔 플랫폼을 통해 발생하는 서비스·제조물류 로봇 상품 판매, 시스템 구축 및 솔루션... ",https://news.dealsitetv.com/articles/174531,https://news.dealsitetv.com/articles/174531,"Thu, 13 Aug 2026 08:02:00 +0900",2026-08-13 08:45:52
로봇/자율주행,로봇 주가,머스크 &quot;다음달 AI가 우주 매출 넘는다&quot; 스페이스X 9% 급등,AI 사업 긍정 전망에 스페이스X 주가는 이날 9%대 급등했다. 미국 뉴욕 타임스퀘어에 스페이스X의 나스닥... AI와 로봇에 달려 있다”고 강조했다. 머스크는 또 5년 안에 AI 기반 인터넷 통신량이 일반 인터넷의 1000배에... ,https://www.edaily.co.kr/news/newspath.asp?newsid=03286566645546992,https://n.news.naver.com/mnews/article/018/0006350689?sid=101,"Thu, 13 Aug 2026 07:24:00 +0900",2026-08-13 08:45:52
로봇/자율주행,로봇 주가,[투자노트] 금리가 현대차 주가에 부담이라는데,상승이 주가에 미친 영향도 상당하다는 분석이 나온다. 현대차는 단순 자동차 제조업체를 벗어나 피지컬 AI 대표 종목으로 인식되고 있다. 미국 로보틱스 전문기업 보스턴 다이내믹스를 앞세워 로봇과 자동차 생산을... ,https://biz.chosun.com/about-investing/2026/08/13/WHMA27RU2FEBLJKR6EDVAK5TPM/?utm_source=naver&utm_medium=original&utm_campaign=biz,https://n.news.naver.com/mnews/article/366/0001185912?sid=101,"Thu, 13 Aug 2026 07:10:00 +0900",2026-08-13 08:45:52
로봇/자율주행,로봇 주가,[외신 헤드라인] 스페이스X 주가 반등…공매도 '숏 스퀴즈',"◇ 스페이스X 주가 반등…공매도 '숏 스퀴즈' 출렁이던 스페이스X 주가가 바닥을 다지고 있는 듯합니다. 간밤... 특히 양사의 이번 협력이, 로봇이 낯선 환경을 스스로 이해하고, 인간의 명령을 행동으로 옮길 수 있는... ",https://biz.sbs.co.kr/article_hub/20000328382?division=NAVER,https://n.news.naver.com/mnews/article/374/0000527178?sid=104,"Thu, 13 Aug 2026 06:29:00 +0900",2026-08-13 08:45:52
로봇/자율주행,로봇 주가,"[중국 특징주] 유니트리, IPO 공모주 70% 이상 기관에 배정",이달 커촹반 상장 예정인 중국 휴머노이드 로봇 스타트업 유니트리(宇樹科技 위수커지 UNITREE 688836.SH)... 올해 상하이증권거래소 커촹반에 상장한 기업들의 첫 거래일 주가가 평균 467% 급등했다는 점을... ,https://www.newspim.com/news/view/20260813000030,https://www.newspim.com/news/view/20260813000030,"Thu, 13 Aug 2026 06:15:00 +0900",2026-08-13 08:45:52
로봇/자율주행,로봇 주가,"미래에셋증권, 글로벌 혁신기업 '현장' 개인 투자자에 연다",단순히 기업 실적이나 주가를 분석하는 데서 벗어나 기술 패러다임을 주도하는 해외 기업을 직접 취재해... 애지봇 경영진과의 인터뷰를 통해 인공지능과 로봇이 결합하는 기술 흐름과 실제 산업현장에서의 상용화... ,https://news.ifm.kr/news/articleView.html?idxno=477052,https://news.ifm.kr/news/articleView.html?idxno=477052,"Thu, 13 Aug 2026 06:00:00 +0900",2026-08-13 08:45:52
로봇/자율주행,로봇 주가,시진핑 “중국엔 당신이 필요” 격려한 이 회사…상장심사 석달만에 끝...,시진핑 눈에 든 유니트리 왕싱싱 상하이 1호 휴머노이드 상장사로 연기금·국영기업도 IPO 전략투자 로봇... 상장 초기 유니트리는 고평가 논란 속에 높은 주가 변동성을 보일 것으로 전망된다. 유니트리의 공모가... ,https://www.mk.co.kr/article/12126019,https://n.news.naver.com/mnews/article/009/0005720332?sid=101,"Thu, 13 Aug 2026 05:56:00 +0900",2026-08-13 08:45:52
로봇/자율주행,로봇 주가,"[글로벌 비즈 브리핑] 스페이스X, '숏 스퀴즈'…공매도 실탄 '바닥' 外","공모가 135달러를 훌쩍 넘기며 지난 6월 12일 첫 거래 시초가 150달러 돌파도 눈앞에 뒀는데, 주가가... 中 유니트리 IPO 개미 1천700조 몰렸다 중국 휴머노이드 로봇 기업 유니트리가 상하이 증권거래소 기업공개(IPO) 일반... ",https://biz.sbs.co.kr/article_hub/20000328376?division=NAVER,https://n.news.naver.com/mnews/article/374/0000527170?sid=104,"Thu, 13 Aug 2026 04:37:00 +0900",2026-08-13 08:45:52
로봇/자율주행,로봇 주가,LG전자 12% 상승? ‘증시 고점 징크스’ 재현되나,업계에서는 엔비디아 본사에서 구광모 LG그룹 회장과 젠슨 황 엔비디아 CEO의 만남을 앞두고 기대 심리가 주가를 밀어 올리는 것으로 보고 있다. 이번 만남에서는 로봇과 인공지능(AI) 등 다양한 분야의 협력 방안이... ,https://www.munhwa.com/article/11609163?ref=naver,https://n.news.naver.com/mnews/article/021/0002811051?sid=101,"Wed, 12 Aug 2026 22:45:00 +0900",2026-08-13 08:45:52
로봇/자율주행,자율주행 산업,부산항 신항서 '무인 물류' 시험한다…자율주행에 454억원,부산시는 산업통상부의 자동차산업기술개발(R&amp;D) 사업에 '자율주행 기반 스마트항만 모빌리티 플랫폼 기술개발' 과제가 선정됐다고 13일 밝혔다. 사업 기간은 올해부터 2029년까지 42개월이다. 국비 200억원과 시비... ,https://www.mhns.co.kr/news/articleView.html?idxno=756325,https://www.mhns.co.kr/news/articleView.html?idxno=756325,"Thu, 13 Aug 2026 08:28:00 +0900",2026-08-13 08:45:53
로봇/자율주행,자율주행 산업,"월세 100만원 내는 청년, 내년부터 세액공제 54만원 더 받아","등 유지비용에 대해서도 부가세 매입세액을 공제받는다. 국토교통부는 이번 세제개편을 통해 자율주행 등 미래산업의 혁신을 뒷받침하는 한편, 청년이 체감할 수 있는 주거 지원도 지속 확대해 나갈 계획이다.",https://www.taxtimes.co.kr/news/article.html?no=276384,https://www.taxtimes.co.kr/news/article.html?no=276384,"Thu, 13 Aug 2026 08:24:00 +0900",2026-08-13 08:45:53
로봇/자율주행,자율주행 산업,"“피지컬 AI시대… 경남 로봇산업, 제조 강점에 AI 결합해야”",인공지능(AI)이 로봇과 결합하는 ‘피지컬 AI’ 시대가 본격화하면서 경남 로봇산업도 이에 맞춘 적극적... 부산 신항과 광양항 자동화 부두 등에 무인운반차(AGV)를 공급한 데 이어 방산 분야에서는 무인자율주행차... ,https://www.knnews.co.kr/news/articleView.php?idxno=1548608,https://www.knnews.co.kr/news/articleView.php?idxno=1548608,"Thu, 13 Aug 2026 07:58:00 +0900",2026-08-13 08:45:53
로봇/자율주행,자율주행 산업,부산항 자율주행 기반 무인화 추진…2029년까지 454억원 투입,"부산시, 산업부 스마트항만 모빌리티 플랫폼 공모 선정 부산시는 산업통상부가 주관하는 2026년 자동차산업 기술개발 사업인 자율주행 기반 스마트항만 모빌리티 플랫폼 기술개발 공모과제에 최종 선정됐다고 13일... ",https://www.yna.co.kr/view/AKR20260813017700051?input=1195m,https://n.news.naver.com/mnews/article/001/0016248326?sid=101,"Thu, 13 Aug 2026 07:54:00 +0900",2026-08-13 08:45:53
로봇/자율주행,자율주행 산업,"“대출 규제, 기본권 침해... 민간 금융사를 행정수단 활용”",가상화폐 등 핀테크와 자율주행차 등 신기술에 대해서도 정부가 행정편의주의 규제를 과도하게 한다고 지적했다. 가상화폐 거래 실명제와 개인정보보호법 등이 산업의 발전을 막고 헌법상 개인의 권리까지 침해한다는... ,https://www.sedaily.com/article/20078594?ref=naver,https://n.news.naver.com/mnews/article/011/0004651246?sid=102,"Thu, 13 Aug 2026 07:31:00 +0900",2026-08-13 08:45:53
로봇/자율주행,자율주행 산업,곤돌라 닮은 로보 택시… 운전대 없는 ‘죽스’ 상업 운행 첫 날 타보니,아마존의 자율주행 자회사 죽스(Zoox)가 만든 로보(무인) 택시다. ‘카카오T’ 앱과 사용법이 비슷한 ‘죽스’... ◇커지는 로보 택시 산업 미국에선 이미 로보 택시 경쟁이 치열해지면서 운영 업체뿐 아니라 차량의 형태도... ,https://www.chosun.com/economy/tech_it/2026/08/13/TUS3RHRKIRAW7BJZP4XBNI6IUI/?utm_source=naver&utm_medium=referral&utm_campaign=naver-news,https://n.news.naver.com/mnews/article/023/0003992754?sid=105,"Thu, 13 Aug 2026 07:04:00 +0900",2026-08-13 08:45:53
로봇/자율주행,자율주행 산업,1.6조 쓴 ‘AI 학습 데이터’ 있는데… 혈세로 또 구축,"감사원, 정부 AI산업 육성 실태 감사 과기부, 908종 사이트에 공개 서울시 등 26곳서 유사 데이터 기관들 간... 과기부는 2021∼2023년 알약, 구강, 자율주행 관련 학습용 데이터를 구축하는 데 233억원을 들였다. 그런데... ",https://www.segye.com/newsView/20260812519932?OutUrl=naver,https://n.news.naver.com/mnews/article/022/0004150621?sid=100,"Thu, 13 Aug 2026 06:02:00 +0900",2026-08-13 08:45:53
로봇/자율주행,자율주행 산업,현실 대신 가상에서 훈련…피지컬 AI ‘연습실’ 만드는 스타트업,"업계 관계자는 “디지털 트윈은 자율주행과 휴머노이드를 넘어 제조, 물류, 스마트시티, 국방 등 다양한 산업에서 피지컬 AI의 성능과 안전성을 좌우하는 핵심 기반 기술로 자리 잡을 것”이라며 “글로벌 대기업이 만든... ",https://biz.chosun.com/industry/business-venture/2026/08/13/B77YXURY7VBS3P5AAKMXZWDUSA/?utm_source=naver&utm_medium=original&utm_campaign=biz,https://n.news.naver.com/mnews/article/366/0001185897?sid=101,"Thu, 13 Aug 2026 06:01:00 +0900",2026-08-13 08:45:53
로봇/자율주행,자율주행 산업,[테크 차이나] 첫 고객을 정부가 만든다…중국 '첫 장비·첫 소재·첫 소...,"반도체 도시에서는 장비·소재·EDA와 공정제어 소프트웨어가 우선되고, 자동차 도시에서는 차량용 반도체·센서·배터리·자율주행과 생산소프트웨어가 강조된다. 에너지 지역은 수소·저장장치·전력설비, 의료산업 도시는... ",https://www.etnews.com/20260811000273,https://n.news.naver.com/mnews/article/030/0003456895?sid=104,"Thu, 13 Aug 2026 06:01:00 +0900",2026-08-13 08:45:53
로봇/자율주행,자율주행 산업,"&quot;유턴·외투기업 지방투자 확대 지원&quot;…산업부, 대구 현장 점검",13일 산업통상부에 따르면 이날 강감찬 무역투자실장이 대구를 찾아 유턴기업인 농기계 제조 중견기업 대동과 자율주행차 핵심부품을 제조하는 외국인투자기업 발레오모빌리티코리아의 투자 현황을 점검하고 기업... ,https://www.electimes.com/news/articleView.html?idxno=371241,https://www.electimes.com/news/articleView.html?idxno=371241,"Thu, 13 Aug 2026 06:00:00 +0900",2026-08-13 08:45:53
로봇/자율주행,자율주행 산업,산업부 &quot;유턴 지원 체계 전면 개편할 것…지방에만 보조금&quot;,산업통상부는 강감찬 무역투자실장이 13일 대구를 방문해 유턴기업인 농기계제조 중견기업 대동과 자율주행차 핵심부품을 제조하는 외국인투자기업 발레오모빌리티코리아의 투자현황을 살펴보고 기업 애로사항을... ,https://view.asiae.co.kr/article/2026081217005602159,https://n.news.naver.com/mnews/article/277/0005802355?sid=101,"Thu, 13 Aug 2026 06:00:00 +0900",2026-08-13 08:45:53
로봇/자율주행,자율주행 산업,"산업부, 유턴기업 지방투자 지원 강화…대동 800억 투자",특히 대동은 인공지능(AI) 팩토리를 도입해 AI 기반 자율주행 트랙터를 생산하는 전용공장을 구축할 계획이다. 산업부는 제조 AI 전환(M.AX)을 통한 첨단 농기계 제조역량 강화와 지역경제 성장에 기여할 것으로 기대하고... ,https://www.newsis.com/view/NISX20260812_0003746683,https://n.news.naver.com/mnews/article/003/0014124274?sid=101,"Thu, 13 Aug 2026 06:00:00 +0900",2026-08-13 08:45:53
로봇/자율주행,자율주행 산업,﻿달러는 줄었지만 운용사는 남았다… 중국 외자 VC의 생존법 [박지민의...,통신칩과 자동차 플랫폼을 중국 스마트폰·사물인터넷·자율주행 생태계에 연결한 사례다.... 사우디아라비아 아람코 계열 프로스페리티7은 글로벌 30억달러(약 4조2500억원) 자본으로 중국 산업기술과 중동시장을... ,https://it.chosun.com/news/articleView.html?idxno=2023092167657,https://it.chosun.com/news/articleView.html?idxno=2023092167657,"Thu, 13 Aug 2026 06:00:00 +0900",2026-08-13 08:45:53
로봇/자율주행,자율주행 산업,"산업부, 대구 유턴·외투기업 투자 현장 점검…지방기업 지원 강화","산업부는 대규모·첨단산업 투자에 대한 지원을 강화하고, 비수도권과 청년 고용, 첨단전략기술 등을 고려해 내년부터 유턴기업 보조금 지원체계를 전면 개편할 계획입니다. 또 발레오모빌리티코리아는 자율주행 핵심... ",https://news.bbsi.co.kr/news/articleView.html?idxno=4100512,https://news.bbsi.co.kr/news/articleView.html?idxno=4100512,"Thu, 13 Aug 2026 06:00:00 +0900",2026-08-13 08:45:53
로봇/자율주행,휴머노이드 로봇,"엘리비젼, 로보웍스 자회사 편입…스마트 자동화 솔루션 사업 추진","로보웍스는 2010년 K-로봇 휴머노이드 성인부 1위, 2019년 CES 드론&amp;로봇 최고혁신상을 받은 로봇·드론 전문가 이현종 대표가 설립한 로봇 전문기업으로 휴머노이드, 4족 보행 로봇, 자율이동로봇(AMR), 협동로봇 등을... ",https://view.asiae.co.kr/article/2026081308384101607,https://n.news.naver.com/mnews/article/277/0005802442?sid=101,"Thu, 13 Aug 2026 08:38:00 +0900",2026-08-13 08:45:54
로봇/자율주행,휴머노이드 로봇,"엘리비젼, 로보웍스 100% 품는다…키오스크에서 '로봇 자동화' 체질전환","로보웍스는 휴머노이드와 4족 보행 로봇, AMR, 협동로봇 등을 공급하고 자체 소프트웨어 기반 통합 솔루션도 보유하고 있다. 특히 탐사로봇과 드론 등 국방·안전 분야 제조 역량과 전국 단위 애프터서비스(AS) 네트워크를... ",http://www.fnnews.com/news/202608122148333555,https://n.news.naver.com/mnews/article/014/0005560902?sid=101,"Thu, 13 Aug 2026 08:33:00 +0900",2026-08-13 08:45:54
로봇/자율주행,휴머노이드 로봇,"미래에셋벤처투자, 올해 주요 정책기관 출자로 9290억 펀드 결성 전망","해외 투자 포트폴리오에는 기업용 AI 모델 기업 코히어와 중국 AI 기업 문샷AI, AI 기반 업무공간 기업 젠스파크, 중국 휴머노이드 로봇 기업 애지봇 등이 포함돼 있다. 투자기업의 가치 상승에 따른 회수 성과뿐 아니라... ",https://view.asiae.co.kr/article/2026081308305562203,https://n.news.naver.com/mnews/article/277/0005802438?sid=101,"Thu, 13 Aug 2026 08:30:00 +0900",2026-08-13 08:45:54
로봇/자율주행,휴머노이드 로봇,AI 데이터센터發 전력반도체 시장 경쟁 새 국면…8인치 SiC 전환 가속,"이날 회의에서 전력반도체는 소형모듈원전(SMR)과 온센서 AI, 휴머노이드 로봇용 액추에이터, 2차전지와 함께 실증 지원 대상으로 다뤄졌으며, 정부는 내년부터 프로젝트 성과가 나오도록 한다는 방침이다.",https://www.digitaltoday.co.kr/news/articleView.html?idxno=692380,https://www.digitaltoday.co.kr/news/articleView.html?idxno=692380,"Thu, 13 Aug 2026 07:30:00 +0900",2026-08-13 08:45:54
로봇/자율주행,휴머노이드 로봇,[AI MY 뉴스] 13일 중국증시 '美 물가 안도감+AI 인프라+로봇' 3대 키워드...,중국 내부에서는 휴머노이드 로봇 테마에 대한 관심이 여전히 뜨겁다. 특히 유니트리(宇樹科技∙위수커지 UNITREE 688836.SH)의 IPO 열기가 중국 증시의 로봇 투자심리를 자극하고 있다. 더욱 주목할 부분은 실제 산업... ,https://www.newspim.com/news/view/20260813000043,https://www.newspim.com/news/view/20260813000043,"Thu, 13 Aug 2026 07:04:00 +0900",2026-08-13 08:45:54
로봇/자율주행,휴머노이드 로봇,[중국 거인의 공급망] ③모터 담당 '와룡전기' 없으면 '유니트리'도 없...,2대 신성장 사업 와룡전기(臥龍電驅∙WOLONG∙워룽 600580.SH)는 모터와 서보 드라이브 등 전기구동 분야에서 수십 년 간 축적한 기술력을 바탕으로 기존 사업을 넘어 △휴머노이드 로봇과 △신에너지 교통 등... ,https://www.newspim.com/news/view/20260812000946,https://www.newspim.com/news/view/20260812000946,"Thu, 13 Aug 2026 07:00:00 +0900",2026-08-13 08:45:54
로봇/자율주행,휴머노이드 로봇,[중국 거인의 공급망] ①모터 담당 '와룡전기' 없으면 '유니트리'도 없...,유니트리(宇樹科技·위수커지·UNITREE 688836.SH)의 상장은 한 로봇 기업의 증시 데뷔를 넘어 휴머노이드 로봇 산업의 공급망을 다시 바라보게 하는 계기가 되고 있다. 완성형 로봇이 시장의 스포트라이트를 받는 사이... ,https://www.newspim.com/news/view/20260812000944,https://www.newspim.com/news/view/20260812000944,"Thu, 13 Aug 2026 07:00:00 +0900",2026-08-13 08:45:54
로봇/자율주행,휴머노이드 로봇,"[초점] 재계, 하반기 '주주환원·미래투자' 투트랙…AI·반도체·로봇에...",보스턴다이내믹스는 휴머노이드 로봇 '아틀라스'의 산업 현장 적용을 위한 양산 체계 구축에 속도를 내고 있다. 미국 조지아주 메타플랜트에서 성능을 검증한 뒤 자동차 부품 조립 등 고난도 제조공정으로 적용... ,http://www.newsian.co.kr/news/articleView.html?idxno=93668,http://www.newsian.co.kr/news/articleView.html?idxno=93668,"Thu, 13 Aug 2026 06:42:00 +0900",2026-08-13 08:45:54
로봇/자율주행,휴머노이드 로봇,[중국 특징주] 유니트리 &quot;휴머노이드 로봇 누적 출하량 1.8만대&quot;,"8월 12일 유니트리(宇樹科技∙위수커지 UNITREE 688836.SH)는 자사의 휴머노이드 로봇의 누적 생산 출하량이 약 1만8000대에 달했다고 발표했다. 유니트리가 올해 1월 22일 공개한 데이터에 따르면, 유니트리의 2025년... ",https://www.newspim.com/news/view/20260813000038,https://www.newspim.com/news/view/20260813000038,"Thu, 13 Aug 2026 06:26:00 +0900",2026-08-13 08:45:54
로봇/자율주행,휴머노이드 로봇,"&quot;테슬라 스페이스X의 반도체공장 '테라팹', 현존 중국 청도공장의 5배를...",테라팹은 로보택시와 옵티머스 휴머노이드 로봇 등에 들어갈 인공지능(AI) 반도체와 스페이스X가 추진하는 우주 데이터센터에 사용할 반도체를 제조할 것으로 예상된다. 인텔은 지난 4월 소셜미디어 엑스 계정을 통해... ,http://www.beyondpost.co.kr/view.php?ud=2026081306142631682aaae0046f_30,http://www.beyondpost.co.kr/view.php?ud=2026081306142631682aaae0046f_30,"Thu, 13 Aug 2026 06:20:00 +0900",2026-08-13 08:45:54
로봇/자율주행,드론 시장,"인천시, '2026년 3분기 통합방위협의회' 개최... 비상 대응체계 점검","박찬대 인천광역시장은 &quot;인천의 압도적 성장과 305만 시민의 행복은 굳건한 안보와 흔들림 없는 통합방위태세가 뒷받침돼야 한다&quot;라며 &quot;드론 위협, 사이버 공격, 각종 재난 등 복합 안보 위협이 현실화되고 있는 만큼... ",https://www.tournews21.com/news/articleView.html?idxno=140870,https://www.tournews21.com/news/articleView.html?idxno=140870,"Thu, 13 Aug 2026 08:36:00 +0900",2026-08-13 08:45:54
로봇/자율주행,드론 시장,"성남시, 18~21일 '2026 을지연습'…전시 상황 가정 대응 훈련","신상진 성남시장은 &quot;최근 중동지역 갈등과 러시아·우크라이나 전쟁이 장기화하고, 사이버 공격과 드론 등 새로운 안보 위협이 복잡하게 전개되는 등 국제정세가 매우 엄중한 상황&quot;이라면서 &quot;이번 을지연습을 통해 각... ",https://www.news1.kr/local/gyeonggi/6257520,https://n.news.naver.com/mnews/article/421/0009111323?sid=102,"Thu, 13 Aug 2026 08:32:00 +0900",2026-08-13 08:45:54
로봇/자율주행,드론 시장,"우크라이나, 노보로시스크 타격…곡물 터미널 2곳 피해",러시아 곡물 수출망에서 차지하는 비중이 커 항만 통제나 선적 지연이 국제 곡물시장에 바로 반영될 수 있다. 러시아는 당시 우크라이나 드론 공격 위험을 이유로 자정부터 오전 5시까지 선박 입출항을 제한했다.... ,https://www.tokenpost.kr/news/market/389638,https://www.tokenpost.kr/news/market/389638,"Thu, 13 Aug 2026 08:30:00 +0900",2026-08-13 08:45:54
로봇/자율주행,드론 시장,이재준“어떤 위기에도 빈틈없이 신속하게 대응하자”,"오후에는 이 시장 주재로 최초상황보고회를 연다. 19일에는 전시 예산편성과제 토의를 하고, 20일에는 전쟁 선포 후 전 국민이 참여하는 공습 대비 민방위 훈련, 드론 테러 대비 실제훈련(수원종합운동장)을 한다. 21일... ",https://www.sportsseoul.com/news/read/1628453?ref=naver,https://n.news.naver.com/mnews/article/468/0001259644?sid=102,"Thu, 13 Aug 2026 08:27:00 +0900",2026-08-13 08:45:54
로봇/자율주행,드론 시장,"이재준 수원시장, “을지연습 성공 위해 통합방위태세 확립 총력”",이 시장은 “어떤 위기에도 빈틈없이 신속하게 대응할 수 있도록 지역 안보 역량을 강화하는 데 최선을 다해 달라”고 강조했다. ◇21개 반 580명 참여…드론 테러 대응역량 점검 국가 차원의 종합 비상대비훈련인 올해... ,http://www.beyondpost.co.kr/view.php?ud=2026081307554467874c878f8fa1_30,http://www.beyondpost.co.kr/view.php?ud=2026081307554467874c878f8fa1_30,"Thu, 13 Aug 2026 08:10:00 +0900",2026-08-13 08:45:54
로봇/자율주행,드론 시장,신상진“시민의 소중한 생명·안전 지키는 데 최선을 다해달라”,"성남시장은 오는 18일부터 21일까지 4일간 진행되는 ‘을지연습’과 관련 13일 “최근 중동지역 갈등과 러시아·우크라이나 전쟁이 장기화되고, 사이버 공격과 드론 등 새로운 안보 위협이 복잡하게 전개되는 등... ",https://www.sportsseoul.com/news/read/1628443?ref=naver,https://n.news.naver.com/mnews/article/468/0001259634?sid=102,"Thu, 13 Aug 2026 07:56:00 +0900",2026-08-13 08:45:54
로봇/자율주행,드론 시장,"AI·로봇·드론 한자리에…안양시, '스마티움축제' 29일 개막",내 삶을 바꾸는 안양스마티(T)움!'을 슬로건으로 열리는 올해 축제는 AI를 핵심 주제로 로봇·드론·모빌리티... 최대호 시장은 &quot;급변하는 AI 시대의 경향을 선제적으로 반영해 학생들과 시민들이 최신 기술을 경험할 수... ,https://www.news1.kr/local/gyeonggi/6257453,https://n.news.naver.com/mnews/article/421/0009111277?sid=102,"Thu, 13 Aug 2026 07:56:00 +0900",2026-08-13 08:45:54
로봇/자율주행,드론 시장,[연합뉴스 이 시각 헤드라인] - 07:30,또 부동산 시장 안정을 위한 부동산 공급 확대 방안 등도 논의할 예정이다. 전문보기: https://www.yna.co.kr... 전문보기: https://www.yna.co.kr/view/AKR20260812157800001 ■ &quot;우크라 드론과 모의전투해보니…미군 기갑여단... ,https://www.yna.co.kr/view/AKR20260813013600011?input=1195m,https://n.news.naver.com/mnews/article/001/0016248300?sid=101,"Thu, 13 Aug 2026 07:30:00 +0900",2026-08-13 08:45:54
로봇/자율주행,드론 시장,[김재근 칼럼] 폭풍전야의 농촌 사회,"게다가 나라 안의 돈이 온통 주식시장과 수도권으로 몰려, 지방의 농지 거래가 완전히 실종된 상황이다.... 드론까지 띄워 농지 전수조사를 벌인다고 부산하다. 빠져나갈 틈도 없이 농민을 몰아붙이고 불안에 떨게 하여... ",https://www.daejonilbo.com/news/articleView.html?idxno=2294222,https://n.news.naver.com/mnews/article/656/0000183930?sid=110,"Thu, 13 Aug 2026 07:00:00 +0900",2026-08-13 08:45:54
로봇/자율주행,드론 시장,"경기대진테크노파크, '방산·제론테크' 양대 신산업 육성","이자리에는 정덕영 양주시장, 양주시의회 한상민 의장과 이지연 의원 등 지자체 관계자, 전문가들이 참석했다. 이어 6일 열린 미래 방산산업 육성전략 연구회 세미나에서는 AI, 드론, 무인체계, 반도체 등 첨단기술과... ",https://www.mhj21.com/news/articleView.html?idxno=253554,https://www.mhj21.com/news/articleView.html?idxno=253554,"Thu, 13 Aug 2026 06:46:00 +0900",2026-08-13 08:45:54
로봇/자율주행,드론 시장,"전력화 KF-21, 진짜 승부는 지금부터…'수출 전투기' 도약 시험대","이제 공군 전력화를 시작으로 본격적인 작전 임무에 투입되면 해외 방산시장에서 KF-21을 바라보는 시선은... 앞으로 KF-21과 AI(인공지능) 무인전투기, 정찰드론을 결합한 공중 전투체계를 갖추면 KF-21은 미래 공중... ",https://www.newsverse.kr/news/articleView.html?idxno=11161,https://www.newsverse.kr/news/articleView.html?idxno=11161,"Thu, 13 Aug 2026 06:14:00 +0900",2026-08-13 08:45:54
로봇/자율주행,드론 시장,"[칼럼] 무기수출 족쇄 푼 일본, K-방산은 준비됐나",AI·드론·로봇·첨단소재·우주 등 민간첨단기업이 방산시장에 신속히 진입할 수 있도록 실증-신속획득-초도구매를 연계해야 한다. 수출에서는 국가간 신뢰를 기반으로 금융·현지생산·교육훈련·공급망을 결합한 맞춤형... ,https://www.asiatoday.co.kr/kn/view.php?key=20260812010004102,https://www.asiatoday.co.kr/kn/view.php?key=20260812010004102,"Thu, 13 Aug 2026 06:02:00 +0900",2026-08-13 08:45:54
로봇/자율주행,드론 시장,세계는 다시 무장 중…K-방산에 기회의 시간 왔다,대표적으로 LIG넥스원의 2.75인치 유도로켓 '비궁' 등은 미 해군의 연안 방어 및 드론 요격용으로 미국 해외비교시험(FCT)을 통과하며 본토 진입 가능성을 높이고 있다. 이러한 틈새에서 한국 방산기업은 미국 시장의... ,https://magazine.hankyung.com/money/article/202607131471c,https://magazine.hankyung.com/money/article/202607131471c,"Thu, 13 Aug 2026 06:02:00 +0900",2026-08-13 08:45:54
로봇/자율주행,드론 시장,트럼프 “호르무즈 완전 장악”…통과 선박 14척 중 11척은 ‘이란 항로...,이란이 제한적인 드론·미사일 공격과 위협만으로도 해운사와 보험사의 불안감을 높여 선박 통항을... 호르무즈 해협 재개방 협상이 이어지는 가운데 미국과 이란의 ‘통제권 경쟁’이 향후 국제유가와 글로벌 해운시장... ,https://www.kbmaeil.com/article/20260813500005,https://www.kbmaeil.com/article/20260813500005,"Thu, 13 Aug 2026 06:02:00 +0900",2026-08-13 08:45:54
로봇/자율주행,드론 시장,조종사·GPS 없어도 임무 완수…美도 반한 대한항공 ‘비밀병기’,"대한항공이 서울 국제 항공우주 및 방위산업 전시회(ADEX), 드론쇼코리아(DSK), 대한민국 드론·UAM 박람회... 안두릴의 아시아 생산기지를 기반으로 향후 아시아·태평양 지역 무인기 시장을 대상으로 공동 수출한다는... ",https://www.joongang.co.kr/article/25452973,https://n.news.naver.com/mnews/article/025/0003544101?sid=101,"Thu, 13 Aug 2026 06:00:00 +0900",2026-08-13 08:45:54
로봇/자율주행,드론 시장,"&quot;빈틈없는 안보태세 확립&quot; 인천시, 박찬대 시장 주재 '통합방위협의회'...","박찬대 인천시장은 &quot;인천의 압도적 성장과 305만 시민의 행복은 굳건한 안보와 흔들림 없는 통합방위태세가 뒷받침돼야 한다&quot;며 &quot;드론 위협, 사이버 공격, 각종 재난 등 복합 안보 위협이 현실화되고 있는 만큼 실전적인... ",https://www.cstimes.com/news/articleView.html?idxno=716628,https://www.cstimes.com/news/articleView.html?idxno=716628,"Thu, 13 Aug 2026 05:50:00 +0900",2026-08-13 08:45:54
게임/엔터,게임 주가,"키움증권 &quot;카카오게임즈, 신작 창의성 확인돼야…목표가 하향&quot;",이에 대해서는 &quot;당사 적용기준에 따른 결과&quot;라면서 구체적으로 어떤 기준을 반영했는지는 보고서에 설명하지 않았다. 현재 코스닥시장에서 카카오게임즈 주가는 전날 종가 기준으로 8천840원이다.,https://www.yna.co.kr/view/AKR20260813026300008?input=1195m,https://n.news.naver.com/mnews/article/001/0016248385?sid=101,"Thu, 13 Aug 2026 08:35:00 +0900",2026-08-13 08:45:55
게임/엔터,게임 주가,"신한투자, 컴투스 목표주가↑…&quot;신작 출시로 성장 기대&quot;",신한투자증권은 13일 컴투스와 관련해 대형 신작 게임 출시에 의한 실적 성장이 기대된다며 이 회사에 대한 목표주가를 3만8천원으로 종전보다 19% 상향 조정했다. 컴투스의 전일 종가는 3만3천100원이다. 강석오... ,https://www.yna.co.kr/view/AKR20260813025400008?input=1195m,https://n.news.naver.com/mnews/article/001/0016248362?sid=101,"Thu, 13 Aug 2026 08:29:00 +0900",2026-08-13 08:45:55
게임/엔터,게임 주가,"[키-리포트] 신한 &quot;펄어비스, 단기 주가 반등 어려울 것&quot;",신한투자증권은 13일 펄어비스 주가가 차기작 공백과 컨센서스(시장 기대치)를 하회하는 실적으로 단기... 정보의 추가 공개까지 시간이 남은 만큼 게임주로서의 시장 관심은 떨어질 전망&quot;이라고 분석했다.  [뉴스드림],http://www.newsdream.kr/news/articleView.html?idxno=116185,http://www.newsdream.kr/news/articleView.html?idxno=116185,"Thu, 13 Aug 2026 08:12:00 +0900",2026-08-13 08:45:55
게임/엔터,게임 주가,"삼성증권 &quot;네오위즈, 신작 공백에도 캐시카우 견조⋯차기 대작은 2027년...",이투데이=박정호 기자 | 삼성증권은 13일 네오위즈에 대해 투자의견 ‘매수’를 유지하되 목표주가를... 매출은 모바일게임이 PC·콘솔게임 부진을 상쇄했다. ‘P의 거짓’과 ‘쉐이프 오브 드림’ 등 기존 PC 게임... ,https://www.etoday.co.kr/news/view/2613956,https://www.etoday.co.kr/news/view/2613956,"Thu, 13 Aug 2026 08:06:00 +0900",2026-08-13 08:45:55
게임/엔터,게임 주가,"카카오게임즈, 4분기 순손실 전망…목표가 하향-키움",전일 카카오게임즈 주가는 8840원으로 52주 신고가 대비 반토막 난 상황이다. 키움증권은 카카오게임즈가 다수 라인업을 중심으로 재무적 실적 개선을 가져가는 전략을 준비하고 있다고 분석했다. 키움증권은... ,https://www.mt.co.kr/stock/2026/08/13/2026081307510554842,https://n.news.naver.com/mnews/article/008/0005399363?sid=101,"Thu, 13 Aug 2026 07:58:00 +0900",2026-08-13 08:45:55
게임/엔터,게임 주가,"신한證 “펄어비스, 차기작 공백에 부진한 실적…투자 의견 ‘중립’ 하...",단기 주가 반등은 어려울 것으로 전망했다. 투자 의견은 ‘중립(Hold)’으로 하향했다. 전일 펄어비스의... 만큼 게임주로서의 시장 관심은 떨어질 것”이라고 전망했다. ‘붉은사막’의 DLC는 연내 출시될 계획이며... ,https://biz.chosun.com/stock/stock_general/2026/08/13/4G4LJS6JPVGT5HG5MXTK3MAXAI/?utm_source=naver&utm_medium=original&utm_campaign=biz,https://n.news.naver.com/mnews/article/366/0001185915?sid=101,"Thu, 13 Aug 2026 07:52:00 +0900",2026-08-13 08:45:55
게임/엔터,게임 주가,"더블유게임즈, 직접결제·캐주얼 '성장세'…DDI 완전 자회사화 주목",KB증권은 12일 더블유게임즈(192080)에 대해 직접결제(DTC) 확대와 캐주얼 게임 성장으로 실적 개선세가 이어지고 있다며 투자의견 '매수(Buy)'와 목표주가 8만8000원을 유지했다. 더블유게임즈는 소셜카지노 게임을... ,http://www.newsprime.co.kr/news/article.html?no=743672,http://www.newsprime.co.kr/news/article.html?no=743672,"Thu, 13 Aug 2026 07:26:00 +0900",2026-08-13 08:45:55
게임/엔터,게임 주가,[네이버 밸류업③] 콘텐츠로 국경 넘고 커머스로 지갑 연다...'글로벌 네...,"네이버 주가는 2021년 고점 이후 절반 수준에 머물고 있지만, 같은 기간 매출과 영업이익은 큰 폭으로... 더 나아가 게임 개발사인 '알아이게임즈홀딩스'에 대한 투자를 진행하며 웹툰을 게임으로도 확장하는 발판을... ",https://www.techm.kr/news/articleView.html?idxno=154247,https://www.techm.kr/news/articleView.html?idxno=154247,"Thu, 13 Aug 2026 07:10:00 +0900",2026-08-13 08:45:55
게임/엔터,게임 주가,"[더벨][콘텐츠상장사 밸류 점검] 주가 활로 찾는 그라비티, 사업 넓히고...",(출처:감사보고서) ◇주가 5년 가까이 제자리 횡보 미국 나스닥에 있는 그라비티의 주가는 2020년 말 코로나19 팬데믹에 따른 게임업계 호황과 맞물려 장중 최고 239달러까지 올랐었다. 하지만 1년 뒤 60달러대로 떨어졌고... ,https://www.thebell.co.kr/free/content/ArticleView.asp?key=202608110838232480101421,https://www.thebell.co.kr/free/content/ArticleView.asp?key=202608110838232480101421,"Thu, 13 Aug 2026 07:02:00 +0900",2026-08-13 08:45:55
게임/엔터,게임 주가,[코스피·코스닥지수] 상장사 2분기 실적 발표 잇따라…증권·보험·소비...,"증권사와 보험사를 비롯해 소비재, 게임, 건설, 반도체 장비 등 다양한 업종에서 실적 개선과 부진이... 대신증권은 바텍의 목표주가를 상향 조정하며 올해 실적 회복세에 주목했고, 유안타증권은 엔씨소프트의... ",https://www.lecturernews.com/news/articleView.html?idxno=208376,https://www.lecturernews.com/news/articleView.html?idxno=208376,"Thu, 13 Aug 2026 06:16:00 +0900",2026-08-13 08:45:55
게임/엔터,게임 주가,"내 주식 괜찮나…관리종목 무더기 지정, '90일 생존게임' 시작","동안 상장폐지를 피하기 위한 생존게임을 벌여야 한다. 해당 종목 투자자라면 자신이 보유한 종목이 어떤 기준에 걸렸는지, 앞으로 90거래일 동안 주가와 시가총액을 회복할 수 있을지를 꼼꼼하게 살펴볼 필요가 있다.",https://www.thescoop.co.kr/news/articleView.html?idxno=311236,https://n.news.naver.com/mnews/article/665/0000007938?sid=101,"Thu, 13 Aug 2026 05:13:00 +0900",2026-08-13 08:45:55
게임/엔터,게임 주가,[시대광장/박중현]성룡과 젠슨 황이 자꾸 겹쳐 보이는 이유,승자독식 게임'이라 중단하기도 어렵다. 힘에 부쳐 먼저 기권하는 기업이 나오기 시작하면 엔비디아 AI 가속기 수요는 급감할 가능성이 있다. '△△ 기업 돈줄이 말라 간다'는 월가 리포트 한 장에도 엔비디아 주가가... ,https://www.sidae.com/article/2026081216133657194,https://n.news.naver.com/mnews/article/417/0001155209?sid=110,"Thu, 13 Aug 2026 05:00:00 +0900",2026-08-13 08:45:55
게임/엔터,게임 주가,돈은 버는데 미래가 안 보인다…카카오 노웨이 아웃? [스페셜리포트],금융과 모빌리티를 넘어 게임과 콘텐츠로 진출했다. 이 과정에서 ‘카카오 제국’이라는 말까지 나왔다.... 견조한 펀더멘털에도 성장 둔화 우려가 주가를 발목 잡는 꼴이다. 카카오그룹 내 상장사(카카오·카카오뱅크... ,https://www.mk.co.kr/article/12120752,https://n.news.naver.com/mnews/article/024/0000107502?sid=101,"Wed, 12 Aug 2026 21:01:00 +0900",2026-08-13 08:45:55
게임/엔터,게임 주가,"[특징주] 시프트업, 2분기 실적 급감에 5% 하락…신작 공백 우려 부각",주력 게임인 '승리의 여신: 니케' 매출은 433억원으로 전년 동기 대비 4% 감소하는 데 그쳤다. 반면 지난해... 그러나 이후 실적 둔화 우려가 부각되며 주가는 2025년 고점 6만1400원에서 2026년 3만원대 초반까지 밀린... ,https://www.tokenpost.kr/news/economy/389258,https://www.tokenpost.kr/news/economy/389258,"Wed, 12 Aug 2026 20:20:00 +0900",2026-08-13 08:45:55
게임/엔터,게임 주가,"[올댓차이나] 홍콩 증시, 뉴욕 증시 약세 여파로 속락 마감… H주 0.96%↓","인공지능(AI) 관련주와 규제 완화 기대의 부동산주, 소재주가 강세를 나타냈다. 게임주 왕이가 5.08%, 온라인 교육주 신둥팡 3.26%, 전자상거래주 알리바바 3.01%, 한썬제약 3.79% 급락했다. 의류주 선저우 국제도 2.95... ",https://www.newsis.com/view/NISX20260812_0003746822,https://n.news.naver.com/mnews/article/003/0014124039?sid=104,"Wed, 12 Aug 2026 18:39:00 +0900",2026-08-13 08:45:55
게임/엔터,게임 주가,"[게임스토커] '외국인 매수세' 넥써쓰↑, '실적 컨센서스 하회' 펄어비스...","넥써쓰의 주가 상승은 외국인 투자자들이 주도하고 있다. 개인과 기관이 각각 2거래일, 5거래일 연속 매도세를 지속했으나, 외국인이 해당 물량을 모두 흡수해 주가를 부양시키는 형국이다. 외국인의 매수... ",https://www.khgames.co.kr/news/articleView.html?idxno=307264,https://www.khgames.co.kr/news/articleView.html?idxno=307264,"Wed, 12 Aug 2026 18:04:00 +0900",2026-08-13 08:45:55
게임/엔터,게임 주가,"&quot;'리니지'가 벌고 '저스트플레이'가 끌고…NC, 모바일 캐주얼로 판 바꾼...","11일 기준 NC 주가는 25만5500원에 마감했다. 하반기에는 NC 산하 캐주얼 게임사들과의 협업이 시작될 예정이며, 시너지 효과가 실현될 경우 매출 성장률과 이익률 확대가 가능하다. 저스트플레이를 포함한 모바일... ",https://www.newsquest.co.kr/news/articleView.html?idxno=271639,https://www.newsquest.co.kr/news/articleView.html?idxno=271639,"Wed, 12 Aug 2026 18:00:00 +0900",2026-08-13 08:45:55
게임/엔터,게임 주가,"[주요공시] 케이씨텍, 파두, 두산퓨얼셀, 씨메스로보틱스, LG에너지솔루...","코스닥은 상대적으로 혼조 흐름을 보였으나, 일부 반도체 장비·소재, 바이오, 게임, 화장품... 주가 등락 배경 기업 및 관련 공시 ■ 케이씨텍(KOSPI, 281820)은 삼성전자와 반도체 제조 장비 공급계약을... ",https://www.kdpress.co.kr/news/articleView.html?idxno=207741,https://www.kdpress.co.kr/news/articleView.html?idxno=207741,"Wed, 12 Aug 2026 17:54:00 +0900",2026-08-13 08:45:55
게임/엔터,게임 주가,"컴투스홀딩스, 2분기 당기순익 77억 '흑자전환'…하반기 플랫폼 B2B 확대...",특히 기업 가치 측면에서는 자회사 컴투스플랫폼의 '하이브' 중심 B2B 생태계 확장이 향후 주가와 실적을 견인할 핵심 관전 포인트다. 단일 게임 흥행 여부에 따라 실적 변동성이 큰 B2C 퍼블리싱 수익 구조를 보완하기... ,http://www.biztribune.co.kr/news/articleView.html?idxno=357354,http://www.biztribune.co.kr/news/articleView.html?idxno=357354,"Wed, 12 Aug 2026 17:44:00 +0900",2026-08-13 08:45:55
게임/엔터,게임 주가,[업앤다운]게임주 하락…넥써쓰↑·펄어비스↓,"게임주는 컴투스, 컴투스홀딩스, 네오위즈 등 주요 업체의 실적 발표가 이어지며 종목별 주가 흐름에 영향을 미쳤다. 게임주 중에서는 넥써쓰가 가장 큰 폭으로 올랐다. 넥써쓰는 2거래일 연속 상승세를 보였다.... ",https://www.nspna.com/news/?mode=view&newsid=824076,https://www.nspna.com/news/?mode=view&newsid=824076,"Wed, 12 Aug 2026 17:22:00 +0900",2026-08-13 08:45:55
게임/엔터,엔터테인먼트 산업,"전 테니스 국가대표 이형택, KHS에이전시 합류…스포테이너 활동 본격화","이형택은 &quot;든든한 파트너와 함께하게 되어 기쁘다&quot;며 &quot;앞으로 테니스 및 스포츠 산업과 연계된 신규 프로젝트는 물론, 폭넓은 활동을 통해 대중과 더 깊이 소통하고 싶다&quot;고 소감을 밝혔다.",http://www.beyondpost.co.kr/view.php?ud=202608130833561792e75d13a3_30,http://www.beyondpost.co.kr/view.php?ud=202608130833561792e75d13a3_30,"Thu, 13 Aug 2026 08:42:00 +0900",2026-08-13 08:45:56
게임/엔터,엔터테인먼트 산업,"이영애, 황정음, 이병헌 감독 KHS, '테니스의 전설' 이형택 영입","앞으로 테니스 및 스포츠 산업과 연계된 신규 프로젝트는 물론, 한층 넓어진 활동으로 대중과 더 깊이... CJ ENM 대표이사 및 엔터테인먼트 전문 변호사 출신 강호성 대표가 이끄는 KHS는 배우 이영애, 황정음, 감독... ",http://www.osen.co.kr/article/G1112856248,https://m.entertain.naver.com/article/109/0005587621,"Thu, 13 Aug 2026 08:39:00 +0900",2026-08-13 08:45:56
게임/엔터,엔터테인먼트 산업,어른도 사로잡은 '하츄핑'…&quot;디즈니급 '메가 IP'로 키울 것&quot;,SAMG엔터테인먼트 대표가 이데일리와 인터뷰한 뒤 기념촬영을 하고 있다.(사진=이영훈 기자) ‘초통령’을... 캐릭터 IP를 활용한 스포츠·게임 등 이종 산업과의 협업은 물론 ‘티니핑월드’ 같은 오프라인 공간으로도... ,https://www.edaily.co.kr/news/newspath.asp?newsid=02505926645546992,https://m.entertain.naver.com/article/018/0006350667,"Thu, 13 Aug 2026 06:02:00 +0900",2026-08-13 08:45:56
게임/엔터,엔터테인먼트 산업,[IS 인터뷰] '이강인 효과' 이상을 넘보다…라리가 아시아 디렉터 &quot;9년의...,그 지역의 축구 시스템과 산업이 활발하게 돌아가고 있다는 의미기 때문이다. 우리 같은 해외 리그 입장에선... 패션 등 엔터테인먼트 측면에서 세계적인 팔로잉을 받는 나라&quot;라며 &quot;상대적으로 축구는 그렇지 않다.... ,https://isplus.com/article/view/isp202608120129,https://m.sports.naver.com/wfootball/article/241/0003525113,"Thu, 13 Aug 2026 00:09:00 +0900",2026-08-13 08:45:56
게임/엔터,엔터테인먼트 산업,몰려온다! 2027 상반기 공개 예정 '애니' 7,TMS 엔터테인먼트 공개 예정: 2027년 1월 전직 전설의 암살자가 평범한 가장으로 변신해 파란만장한 하루를... 영화 도라에몽: 노비타의 증기시간차 19세기 산업혁명기 영국 런던을 모티브로 삼은 도라에몽의 46번째... ,https://www.esquirekorea.co.kr/article/1907867,https://www.esquirekorea.co.kr/article/1907867,"Wed, 12 Aug 2026 22:00:00 +0900",2026-08-13 08:45:56
게임/엔터,엔터테인먼트 산업,[車산업 HOT 뉴스] &quot;화면 크기 경쟁은 끝났다&quot;…운전자 시선 정조준한 L...,센터 디스플레이에서 영상 하나를 선택하면 앞유리 전체가 몰입감 넘치는 엔터테인먼트 스크린으로... 이러한 기술력은 글로벌 자동차 산업계에서도 크게 인정받고 있다. 울트라뷰는 세계적인 자동차 전문지... ,http://www.bizwnews.com/news/articleView.html?idxno=143160,http://www.bizwnews.com/news/articleView.html?idxno=143160,"Wed, 12 Aug 2026 21:26:00 +0900",2026-08-13 08:45:56
게임/엔터,엔터테인먼트 산업,뮤지컬 제작 프로듀서 키운다,뮤지컬 산업과 공연 프로듀싱 실무 교육과정을 거쳐 창작자 전공 수강생들이 개발 중인 작품 제작 과정에도 직접 참여할 수 있다. 프로듀서 전공 강의는 뮤지컬과 연극 등 다양한 라이브 엔터테인먼트 콘텐츠를 제작해... ,https://www.idaegu.co.kr/news/articleView.html?idxno=556545,https://www.idaegu.co.kr/news/articleView.html?idxno=556545,"Wed, 12 Aug 2026 21:24:00 +0900",2026-08-13 08:45:56
게임/엔터,엔터테인먼트 산업,"[경남, 대한민국 제조 AI 중심으로!] (19) 그리네타","콘텐츠·엔터테인먼트 부문 혁신상’을 받았다. 미국 시그래프와 프랑스 비바테크 등 글로벌 전시회에도 참가해 제조와 로봇, XR 분야 기업을 상대로 기술을 선보였다. 국내에서는 효성중공업과 산업 현장 실증을... ",https://www.knnews.co.kr/news/articleView.php?idxno=1548578,https://www.knnews.co.kr/news/articleView.php?idxno=1548578,"Wed, 12 Aug 2026 21:20:00 +0900",2026-08-13 08:45:56
게임/엔터,엔터테인먼트 산업,제주시 탑동 15층 복합거점 구상…&quot;원도심과 상생이 관건&quot;,혁신지구에 입주하는 방송·엔터테인먼트 기업과 지역 로컬기업·크리에이터가 실제 프로젝트를 함께 수행할... 이성호 교수는 &quot;산업·문화 등의 기능을 갖춘 앵커시설을 통해 주변 활성화를 끌어내는 혁신지구 사업은... ,https://www.newsjeju.net/news/articleView.html?idxno=424521,https://www.newsjeju.net/news/articleView.html?idxno=424521,"Wed, 12 Aug 2026 21:18:00 +0900",2026-08-13 08:45:56
게임/엔터,엔터테인먼트 산업,"FIFA, 글로반트와 AI 기반 '팬 경험 생태계' 구축…AI 에이전트로 축구 ...",이번 협력은 AI가 스포츠 산업에서 경기 자체의 분석뿐 아니라 팬과 스포츠 조직 사이의 디지털 접점을... 이어 &quot;인간의 지원을 받는 AI 모델은 빠르게 확장하면서도 팬들이 기대하는 항상 연결된 엔터테인먼트를... ,https://www.aitimes.kr/news/articleView.html?idxno=41421,https://www.aitimes.kr/news/articleView.html?idxno=41421,"Wed, 12 Aug 2026 21:16:00 +0900",2026-08-13 08:45:56
게임/엔터,엔터테인먼트 산업,[미리보는 이데일리 신문]PRS 올해만 6.3조···주가 떨어지면 '숨은 빚...,"첨단산업 승부수 -[사설]다시 켜진 3%대 물가 경고등, 민생 안정에 만전 기해야 -[사설]반발 커지는 8·3... 까닭 △엔터테인먼트 -10년 전 드라마도 리메이크···亞 넘어 남미·인도 뚫은 K드라마 IP -노련한 무대 매너... ",https://www.edaily.co.kr/news/newspath.asp?newsid=06848646645546664,https://n.news.naver.com/mnews/article/018/0006350592?sid=101,"Wed, 12 Aug 2026 21:13:00 +0900",2026-08-13 08:45:56
게임/엔터,엔터테인먼트 산업,[핫게임] 넥슨 오버워치 국내 서비스 / 카러플 제주SK 협업 / 카카오게임...,"◼︎ 넥슨, '오버워치' 국내 서비스 시작…시즌4 업데이트 넥슨은 12일 블리자드 엔터테인먼트가 개발한 PC... 게임산업 관련 직업을 체험하는 방식으로 진행됐다. 카카오게임즈는 약 400명을 대상으로 '찾아가는... ",https://www.webeconomy.co.kr/news/articleView.html?idxno=2265053,https://www.webeconomy.co.kr/news/articleView.html?idxno=2265053,"Wed, 12 Aug 2026 20:20:00 +0900",2026-08-13 08:45:56
게임/엔터,엔터테인먼트 산업,"펄어비스 25만주·동구바이오 5만주 등… 코스닥 68개사, 13일 자사주 매...","이 밖에 ▲파커스(065690) 1만 5,000주 ▲원티드랩(376980) 1만 5,000주 ▲그래디언트(035080) 1만 주 ▲이엘씨(041520) 1만 주 ▲삼화네트웍스(046390) 1만 주 ▲팬엔터테인먼트(068050) 1만 주 ▲한창산업(079170)... ",https://www.newstnt.com/news/articleView.html?idxno=713785,https://www.newstnt.com/news/articleView.html?idxno=713785,"Wed, 12 Aug 2026 18:54:00 +0900",2026-08-13 08:45:56
게임/엔터,엔터테인먼트 산업,"아이엘, 전장사업 호조에 2Q 수익성 개선…피지컬AI 사업 강화","아이엘은 하반기 휴머노이드 공급 확대와 함께 제조, 물류, 유통, 엔터테인먼트 등 다양한 산업으로 사업 영역을 넓혀갈 계획이다. 또 휴머노이드 하드웨어뿐 아니라 관제시스템과 운영 소프트웨어를 포함한 풀스택... ",https://www.sedaily.com/article/20078715?ref=naver,https://n.news.naver.com/mnews/article/011/0004651139?sid=101,"Wed, 12 Aug 2026 18:12:00 +0900",2026-08-13 08:45:56
게임/엔터,엔터테인먼트 산업,"BCWW, 폭스와 K-포맷 쇼케이스 개최",폭스 엔터테인먼트(FOX Entertainment)와 함께 ‘BCWW x FOX K-포맷 쇼케이스’를 개최한다고 12일 밝혔다. BCWW는... 쇼케이스는 국내 제작사가 비드라마 포맷을 글로벌 바이어와 산업 관계자에게 소개하고 공동 기획... ,http://www.lawissue.co.kr/view.php?ud=202608121803272224f4ab64559d_12,http://www.lawissue.co.kr/view.php?ud=202608121803272224f4ab64559d_12,"Wed, 12 Aug 2026 18:04:00 +0900",2026-08-13 08:45:56
게임/엔터,엔터테인먼트 산업,이창환 얼라인파트너스 대표 “IR자료 대신 발로 뛰며 기업분석”…행...,‘얼라인파트너스와 SM엔터테인먼트: 한국의 주주행동주의가 K팝을 만나다’라는 제목으로 하버드... 국내 금융 산업 전체의 지형도를 바꾼 것이다. 이 대표는 “처음 금융지주 캠페인을 시작했을 때는 성공 여부를 두고... ,https://www.sedaily.com/article/20078673?ref=naver,https://n.news.naver.com/mnews/article/011/0004651102?sid=101,"Wed, 12 Aug 2026 17:48:00 +0900",2026-08-13 08:45:56
게임/엔터,엔터테인먼트 산업,"킨디라운지, 8월 추천 공연 4편 공개…HYNN·쏜애플·육중완밴드·연정",한국음악레이블산업협회(음레협)가 운영하는 인디 음악 전문 홍보 및 유통 지원 플랫폼 킨디라운지가 8월 추천 공연 4편을 공개했다. 오는 8월 15일과 16일 서울 연세대학교 대강당에서는 뉴오더엔터테인먼트 소속... ,https://www.mk.co.kr/article/12125546,https://m.entertain.naver.com/article/410/0001136096,"Wed, 12 Aug 2026 17:39:00 +0900",2026-08-13 08:45:56
게임/엔터,콘텐츠 수출,"트렌핏, K패션 크로스보더 플랫폼 '클로씨' 오픈...북미·유럽 진출 지원","한상윤 트렌핏 대표는 &quot;북미와 유럽, 오세아니아 등 주요 해외 시장에서 K콘텐츠와 패션 수요가 빠르게 늘고 있다&quot;며 &quot;국내 유망 브랜드가 해외에서 가치를 인정받고 성장할 수 있도록 수출 판로를 다각도로 확대하겠다... ",https://www.slist.kr/news/articleView.html?idxno=758432,https://www.slist.kr/news/articleView.html?idxno=758432,"Thu, 13 Aug 2026 08:24:00 +0900",2026-08-13 08:45:57
게임/엔터,콘텐츠 수출,&quot;삼전 200조+닉스 100조&quot;…역대급 실적에 주주환원 기대감 [1분 브리프],"것&quot; ■ 수출입은행, KAI 민영화 작업 시작하나 ○KAI 컨설팅 용역 발주… 업계 &quot;사실상 실사... kr/article/lawtimes/2026081215011916841 ※ 아시아경제와 법률신문의 콘텐츠 제휴 코너인 '돈이 되는 法'은 매주... ",https://view.asiae.co.kr/article/2026081306582804347,https://n.news.naver.com/mnews/article/277/0005802389?sid=101,"Thu, 13 Aug 2026 08:00:00 +0900",2026-08-13 08:45:57
게임/엔터,콘텐츠 수출,[Who Is ?] 김주양 농협경제지주 농업경제대표이사,김주양은 2026년 7월14일 NH농우바이오를 방문하고 종자 수출 확대와 연구개발 역량을 활용한 맞춤형 종자... 같은 달 24일에는 총상금 1350만 원 규모의 '2026 우리 농산물 과채류 매력 알리기 콘텐츠 공모전'도 개최했다.... ,https://www.businesspost.co.kr/BP?command=article_view&num=444464,https://www.businesspost.co.kr/BP?command=article_view&num=444464,"Thu, 13 Aug 2026 07:02:00 +0900",2026-08-13 08:45:57
게임/엔터,콘텐츠 수출,"게임산업, 암초를 넘어 더 넓은 대양으로 [BKL 게임&amp;비즈리포트]",2024년 기준 국내 콘텐츠 수출의 약 60%를 게임이 담당했다. 이차전지나 가전산업의 수출액을 넘는 규모이다. 게임산업은 원자재가 필요한 산업이 아니다. 무형 자산이 전부인 산업이라고 해도 과언이 아니다. 그만큼... ,https://www.mk.co.kr/article/12125073,https://n.news.naver.com/mnews/article/009/0005720336?sid=102,"Thu, 13 Aug 2026 07:01:00 +0900",2026-08-13 08:45:57
게임/엔터,콘텐츠 수출,[논현논단] 혁신이란 착시에 갇힌 중국 경제,"무작정 빗장을 거는 보호무역주의가 능사는 아니겠지만, 최소한 중국의 수출 공세에 발맞춰 우리 역시 중국 내 막혀 있는 서비스, 소비재, 콘텐츠 시장에서의 실질적 개방을 당당히 요구할 수 있는 상호주의적 통상... ",https://www.etoday.co.kr/news/view/2613894,https://www.etoday.co.kr/news/view/2613894,"Thu, 13 Aug 2026 06:02:00 +0900",2026-08-13 08:45:57
게임/엔터,콘텐츠 수출,10년 전 드라마도 리메이크…亞 넘어 남미·인도 뚫은 K드라마 IP,"왼쪽부터 서장호 CJ ENM 플랫폼사업본부장, 실랑기 무커지 프라임 비디오 인도 SVOD 사업 총괄, 마니시 멘가니 프라임 비디오 인도 콘텐츠 라이선싱 총괄.(사진=CJ ENM) 수출 넘어 현지 생태계 진입…K-IP의 단계적 진화... ",https://www.edaily.co.kr/news/newspath.asp?newsid=02492806645546992,https://m.entertain.naver.com/article/018/0006350664,"Thu, 13 Aug 2026 06:02:00 +0900",2026-08-13 08:45:57
게임/엔터,콘텐츠 수출,수출 넘어 정규 매장ㆍ합작 프로젝트까지[한일新소비지도],"단순 상품 수출입을 넘어 유통망과 브랜드, 콘텐츠를 함께 확장하는 방식으로 양국 소비시장 간 접점이 넓어지는 모습이다. 11일 유통업계에 따르면 무신사는 일본에서 공식 유통하는 마뗑킴의 일본 네 번째 오프라인... ",https://www.etoday.co.kr/news/view/2613353,https://www.etoday.co.kr/news/view/2613353,"Thu, 13 Aug 2026 05:32:00 +0900",2026-08-13 08:45:57
게임/엔터,콘텐츠 수출,"하나금융, 인천 기업에 3500억 규모 지원","특히 박찬대 인천시장이 역점을 두고 추진하는 ‘ABCE(인공지능·바이오·콘텐츠·에너지) 전략산업에 투자하는 지렛대 역할을 맡기로 했다. 자금 조달은 물론 금융 주선, 수출공급망 확대 등도 담당할 계획이다. 또... ",https://www.donga.com/news/Society/article/all/20260813/134467450/2,https://n.news.naver.com/mnews/article/020/0003740517?sid=102,"Thu, 13 Aug 2026 04:32:00 +0900",2026-08-13 08:45:57
게임/엔터,콘텐츠 수출,"[김병철 시선, 연속기획①] 제주항공 기내에 오른 대왕님표 여주쌀…브...","센터가 없었다면 개별적으로 흩어졌을 농산물 홍보와 기업 제휴, 콘텐츠 개발, 온라인 판매를 하나의 브랜드... 대왕님표 여주쌀은 2025년 경기도 수출 매칭 지원사업을 통해 미국시장에 진출했다. 여주쌀의 미국 수출은... ",http://www.newstown.co.kr/news/articleView.html?idxno=712176,http://www.newstown.co.kr/news/articleView.html?idxno=712176,"Wed, 12 Aug 2026 21:44:00 +0900",2026-08-13 08:45:57
게임/엔터,콘텐츠 수출,김해 고향사랑 기부 답례품 '가야 칼' 인기 상승,관광 콘텐츠이자 세계적인 명품으로 주목받고 있다. 12일 시에 따르면 '가야칼'은 김해시 고향사랑기부제... 칼 수출을 위한 업무협약(MOU)을 체결했다. 김석봉 대표는 &quot;이 가운데 현지 유통업체 2곳과는 60만달러 규모의... ,http://www.gnmaeil.com/news/articleView.html?idxno=592697,http://www.gnmaeil.com/news/articleView.html?idxno=592697,"Wed, 12 Aug 2026 21:34:00 +0900",2026-08-13 08:45:57
게임/엔터,콘텐츠 수출,"정관장, 왕실 건강차로 외국인 잡는다…면세 전용 '궁정비차' 출시","홍삼 중심의 기존 제품군을 'K-헤리티지' 콘텐츠와 결합해 면세 채널에서 차별화된 상품 경쟁력을... 정관장은 현재 전 세계 40여개국에 제품을 수출하고 있으며, 올해 미국에서 열린 세계 최대 천연식품 박람회 'NPEW 2026... ",http://www.biztribune.co.kr/news/articleView.html?idxno=357360,http://www.biztribune.co.kr/news/articleView.html?idxno=357360,"Wed, 12 Aug 2026 19:18:00 +0900",2026-08-13 08:45:57
게임/엔터,콘텐츠 수출,[K-명품]'철의 왕국' 가야의 맥 잇는 김해 칼,관광 콘텐츠이자 명품으로 주목받고 있다&quot;고 밝혔다. 두 업체는 모두 김해시 고향사랑기부제 답례품... 칼 수출을 위한 업무협약 체결했다. 이 가운데 유통업체 2곳과는 약 60만 달러 규모의 수출 계약을 추진 중이다.... ,https://www.ajunews.com/view/20260812182809834,https://www.ajunews.com/view/20260812182809834,"Wed, 12 Aug 2026 19:06:00 +0900",2026-08-13 08:45:57
게임/엔터,콘텐츠 수출,"충남 보령시, 인천공항서 '보령머드 글로벌 홍보' 추진","이번 행사는 보령머드축제를 찾았던 외국인 관광객이 귀국길에 보령머드를 다시 경험할 수 있도록 기획됐으며, 지역 관광 콘텐츠를 K-뷰티 소비 및 글로벌 수출로 연결하는 마케팅 모델이다. 현장에서는 관내 공식... ",https://www.ccdn.co.kr/news/articleView.html?idxno=1093555,https://www.ccdn.co.kr/news/articleView.html?idxno=1093555,"Wed, 12 Aug 2026 18:45:00 +0900",2026-08-13 08:45:57
게임/엔터,콘텐츠 수출,국부펀드 남일 아닙니다…포트폴리오 보기만해도 투자공부 [MK Biz Review],"산업은행, 수출입은행 등 정부 보유 공공기관 주식 16조 원 이상과 상속·증여세 물납 주식 약 4조 원이... 기사 전문은 매일경제신문의 프리미엄 재테크 콘텐츠 플랫폼 매경플러스에서 확인할 수 있습니다.... ",https://www.mk.co.kr/article/12125641,https://n.news.naver.com/mnews/article/009/0005720289?sid=101,"Wed, 12 Aug 2026 18:19:00 +0900",2026-08-13 08:45:57
게임/엔터,콘텐츠 수출,매장 밖으로 나온 유통업계… K패션 수출부터 '1시간 장보기'까지,"국내 유통·생활업계가 상품 판매를 넘어 경험과 콘텐츠, 물류, 해외 진출을 아우르는 방식으로 사업의... 오는 9월 3일부터 6일까지 월드파크 잔디광장 등을 중심으로 패션과 K콘텐츠를 결합한 행사를 진행한다. 9월... ",https://www.pressman.kr/news/articleView.html?idxno=103137,https://www.pressman.kr/news/articleView.html?idxno=103137,"Wed, 12 Aug 2026 18:16:00 +0900",2026-08-13 08:45:57
게임/엔터,콘텐츠 수출,"'한 번 사고 끝'은 옛말… 식음료업계, 고객 머무는 시간 늘린다","여행 콘텐츠까지 결합되면서 소비자 접점을 넓히려는 경쟁도 한층 치열해지고 있다. 던킨은 13일 단 하루... 80년 이상 역사를 보유하고 현재 66개국에 수출하는 브랜드로, 국내에서는 100% 스페인산 올리브유를 사용한... ",https://www.pressman.kr/news/articleView.html?idxno=103142,https://www.pressman.kr/news/articleView.html?idxno=103142,"Wed, 12 Aug 2026 18:16:00 +0900",2026-08-13 08:45:57
게임/엔터,콘텐츠 수출,"'현장에 답 있다'… 유통·식품기업, 고객 신뢰 얻는 방식 바꿨다",해외에서는 지난해 73개 중소기업의 진출을 지원해 약 95억원의 수출 실적을 올렸다. 최근 5년간 중소기업 상품 직매입 규모도 약 2614억원에 달한다. 고객 역시 단순 구매자에서 콘텐츠 공동 제작자로 역할이 확장되고... ,https://www.pressman.kr/news/articleView.html?idxno=103139,https://www.pressman.kr/news/articleView.html?idxno=103139,"Wed, 12 Aug 2026 18:16:00 +0900",2026-08-13 08:45:57
게임/엔터,콘텐츠 수출,"[인도 특징주] 방산 기대주 바라트 포지, 4~6월 실적 엇갈려...중기 성장...","이 기사는 인공지능(AI) 번역을 기반으로 전문 기자의 검증과 분석을 통해 생성한 콘텐츠로, 원문은 인도... 이들은 또한 유럽연합(EU) 사업부의 구조조정이 완료되면 2028/29 회계연도에 강력한 수출 성장을 이끌 수... ",https://www.newspim.com/news/view/20260812001237,https://www.newspim.com/news/view/20260812001237,"Wed, 12 Aug 2026 18:04:00 +0900",2026-08-13 08:45:57
자동차/모빌리티,자동차 주가,"한화손보, 2분기 순익 컨센서스 15% 상회…목표가 1만500원-하나",투자의견 ‘매수(BUY)’와 목표주가 1만 500원을 유지했다. 서울 여의도 한화손해보험 본사 전경.(사진... 상회했다”며 “자동차보험 적자에도 장기보험손익과 투자손익이 예상보다 양호했다”고 분석했다.... ,https://www.edaily.co.kr/news/newspath.asp?newsid=03529286645546992,https://n.news.naver.com/mnews/article/018/0006350729?sid=101,"Thu, 13 Aug 2026 08:21:00 +0900",2026-08-13 08:45:58
자동차/모빌리티,자동차 주가,"한화손보, CSM 5개 분기 연속 최대..하나證 &quot;연말 4.6조 가능&quot;",목표주가 1만500원을 유지했다. 보고서에 따르면 한화손해보험의 올해 2분기 별도 기준 당기순이익은 1164억원으로 전년 동기 대비 45.6% 증가했다. 시장 컨센서스 1017억원을 14.5% 상회했다. 자동차보험 적자에도... ,https://kpenews.com/View.aspx?No=4184666,https://kpenews.com/View.aspx?No=4184666,"Thu, 13 Aug 2026 08:14:00 +0900",2026-08-13 08:45:58
자동차/모빌리티,자동차 주가,[굿모닝 마켓] 반도체·AI 관련주 자금 이동…빅테크 약해진 흐름,"공매도 잔고가 크게 줄어들면서 이에 따른 숏 커버링이 스페이스X 주가에 강한 상승 압력을 준 것으로... 이외에도 에너지 가격, 식료품, 자동차 보험 가격 등이 하락하면서 상승폭을 제한했습니다. 이에 대해서... ",https://biz.sbs.co.kr/article_hub/20000328402?division=NAVER,https://n.news.naver.com/mnews/article/374/0000527197?sid=101,"Thu, 13 Aug 2026 08:12:00 +0900",2026-08-13 08:45:58
자동차/모빌리티,자동차 주가,머스크 “AI 매출이 스페이스X의 나머지 사업 넘어설 것”,"스타링크가 기존 인터넷망이 닿지 않는 오지는 물론 항공기, 자동차 통신 분야로도 발을 넓히면서 빠르게... 스페이스X 주가는 상승했다. 배런스에 따르면 이날 주가는 장중 11% 급등한 주당 148.44달러에 거래됐다.",https://biz.heraldcorp.com/article/10839536?ref=naver,https://n.news.naver.com/mnews/article/016/0002683192?sid=104,"Thu, 13 Aug 2026 08:05:00 +0900",2026-08-13 08:45:58
자동차/모빌리티,자동차 주가,[오늘의 투자전략] 외국인 매도세 둔화…반도체 주도주·수급 몰린 소외...,"이후 주가 상승세가 제한적이었던 소외 업종에도 관심을 둘 필요가 있다&quot;고 강조했다. 대표적인 해당 업종으로는 ▲자동차(8월 8거래일 중 7일 순매수, 8월 수익률 +5.1%) ▲건강관리(7일 순매수, +8.9%) ▲증권(7일 순매수... ",https://www.etoday.co.kr/news/view/2613953,https://www.etoday.co.kr/news/view/2613953,"Thu, 13 Aug 2026 08:00:00 +0900",2026-08-13 08:45:58
자동차/모빌리티,자동차 주가,[증시키워드] 삼전 대신 ‘삼성전기’ 찍은 모건스탠리⋯SK하닉은 美 패...,주가는 0.70% 오른 21만5500원에 거래를 마쳤다. 현대자동차 노동조합이 전날 여름휴가 복귀 후 부분 파업에 들어간 가운데 이날도 근무조별 4시간 파업을 이어갈 방침이다. 노조는 추가 투쟁 계획을 오는 18일... ,https://www.etoday.co.kr/news/view/2613937,https://www.etoday.co.kr/news/view/2613937,"Thu, 13 Aug 2026 07:32:00 +0900",2026-08-13 08:45:58
자동차/모빌리티,자동차 주가,[마켓 브리핑] CPI 예상치 부합·금리 인상 우려 완화…뉴욕증시 랠리,"공매도 잔고가 크게 줄어들면서 이에 따른 숏 커버링이 스페이스X 주가에 강한 상승 압력을 준 것으로... 이외에도 에너지 가격, 식료품, 자동차 보험 가격 등이 하락하면서 상승폭을 제한했습니다. 이에 대해서... ",https://biz.sbs.co.kr/article_hub/20000328388?division=NAVER,https://n.news.naver.com/mnews/article/374/0000527186?sid=104,"Thu, 13 Aug 2026 07:15:00 +0900",2026-08-13 08:45:58
자동차/모빌리티,자동차 주가,머스크 &quot;스페이스X의 9월 AI 매출이 스타링크·우주 사업 넘어설 것&quot;,"스타링크가 기존 인터넷망이 닿지 않는 오지는 물론 항공기, 자동차 통신 분야로도 발을 넓히면서 빠르게... 전사 회의 내용이 공개되고 스타링크 위성 24기가 추가 발사됐다는 소식 등이 전해지면서 스페이스X 주가는... ",https://www.ytn.co.kr/_ln/0104_202608130706356756,https://n.news.naver.com/mnews/article/052/0002392646?sid=104,"Thu, 13 Aug 2026 07:06:00 +0900",2026-08-13 08:45:58
자동차/모빌리티,자동차 주가,&quot;직원 생각까지 AI에 물려준다&quot;…머스크가 밝힌 스페이스X의 미래,스타링크는 기존 인터넷망이 닿기 어려운 오지뿐 아니라 항공기와 자동차 등으로 서비스 영역을 넓히고... 스페이스X 주가가 크게 올랐다. 배런스에 따르면 이날 스페이스X 주가는 장중 11% 급등해 주당 148.44달러까지... ,https://www.pinpointnews.co.kr/news/articleView.html?idxno=476824,https://www.pinpointnews.co.kr/news/articleView.html?idxno=476824,"Thu, 13 Aug 2026 06:40:00 +0900",2026-08-13 08:45:58
자동차/모빌리티,전기차 산업,"로아앤코그룹, 280억원에 루멘스 경영권 인수","이번 인수로 로아앤코그룹 계열은 미래산업, 이브이첨단소재, 아틀라스링크(구 알로이스)에 이어 루멘스까지 확대된다. 반도체 장비와 첨단소재, 전기차 소재에 마이크로 LED·디스플레이, 자동차 전장 사업이 더해지는... ",https://www.financialpost.co.kr/news/articleView.html?idxno=270244,https://www.financialpost.co.kr/news/articleView.html?idxno=270244,"Thu, 13 Aug 2026 08:18:00 +0900",2026-08-13 08:45:59
자동차/모빌리티,전기차 산업,"[차세대 오너진단] ⑯허세홍의 GS칼텍스, 7년 '체질 개선' 성과는 어디에","가업 승계에 대한 곱지 않은 시선도 있지만, 한편에선 글로벌 경쟁력을 가진 국가적 산업 보호를 이유로... 재활용, 전기차 충전 등으로 사업영역을 확대하고 있다. 인도네시아 팜유 정제시설을 구축해 지속가능항공유... ",https://www.straightnews.co.kr/news/articleView.html?idxno=308835,https://www.straightnews.co.kr/news/articleView.html?idxno=308835,"Thu, 13 Aug 2026 08:00:00 +0900",2026-08-13 08:45:59
자동차/모빌리티,전기차 산업,"[월드 투데이] 미국, 대중국 공급망 독립 속도…호주 희토류·핵심광물...","아울러 차세대 반도체 제조, 데이터센터 인프라, 전기차 등 민간 첨단 산업의 핵심 소재로도 수요가 폭발적으로 늘고 있다. 미국 정부와 산업계는 이번 투자를 통해 채굴부터 금속 가공, 나아가 적층 제조(3D 프린팅)에... ",http://www.wikileaks-kr.org/news/articleView.html?idxno=190799,http://www.wikileaks-kr.org/news/articleView.html?idxno=190799,"Thu, 13 Aug 2026 06:38:00 +0900",2026-08-13 08:45:59
자동차/모빌리티,전기차 산업,"&quot;BYD 폭등할 때 3대 판매&quot;… 中 프리미엄 EV 니오, 獨 시장서 93.6% 급락 ...",프리미엄 전기차 브랜드들의 유럽 현지 유통 및 서비스 네트워크 구축의 난항’과 더불어 ‘고비용 직영 모델에서 현지 딜러십 중심의 실용적 유럽 공략으로의 전환’을 이끌 핵심 거시 산업 변수로 작용할... ,https://www.g-enews.com/view.php?ud=2026081223254851420c8c1c064d_1,https://www.g-enews.com/view.php?ud=2026081223254851420c8c1c064d_1,"Thu, 13 Aug 2026 06:36:00 +0900",2026-08-13 08:45:59
자동차/모빌리티,전기차 산업,‘한국판 IRA’ 세액공제서 전기차 빠지자 배터리도 한숨… “中에 안방...,구윤철 경제부총리 겸 재경부 장관은 “전기차 자체보다 핵심 부품인 이차전지 등에 세액공제 혜택을 부여해 전기차 산업의 생산성과 경쟁력이 높아지도록 제도를 설계했다”고 설명했다. 기대했던... ,https://biz.chosun.com/industry/company/2026/08/13/NJ6OYMJZHVGFFAOZGS2MVLMQWA/?utm_source=naver&utm_medium=original&utm_campaign=biz,https://n.news.naver.com/mnews/article/366/0001185899?sid=101,"Thu, 13 Aug 2026 06:01:00 +0900",2026-08-13 08:45:59
자동차/모빌리티,전기차 산업,"美 선거판 달구는 ‘세금전쟁’...中, 유럽 車공급망 장악 속도 [글로벌...",컨설팅 업체 로디엄그룹에 따르면 중국의 유럽 전기차 공급망 투자가 2022년 29억 유로(약 4조 원)에서 2025년... 오스턴 굴즈비 시카고연방준비은행 총재는 “지금 우리가 직면한 가장 큰 문제는 산업과 일자리의 붕괴가... ,https://www.sedaily.com/article/20078768?ref=naver,https://n.news.naver.com/mnews/article/011/0004651215?sid=104,"Thu, 13 Aug 2026 06:01:00 +0900",2026-08-13 08:45:59
자동차/모빌리티,전기차 산업,"마케팅 출신 조현범, '프리미엄 전략' 통했다…한온시스템 재무개선은 ...",뉴스저널리즘 이상현 기자 = 한국앤컴퍼니그룹이 전기차 타이어와 고인치 제품을 앞세워 본업 수익성을... 조 회장은 취임 후 첫 신년사에서 자동차 산업의 패러다임 전환을 강조했다. 그는 &quot;자동차가 다양한 서비스를... ,https://www.ngetnews.com/news/articleView.html?idxno=552376,https://www.ngetnews.com/news/articleView.html?idxno=552376,"Thu, 13 Aug 2026 06:00:00 +0900",2026-08-13 08:45:59
자동차/모빌리티,모빌리티 시장,"쏘카, 전기차 확대에 다시 속도... 하반기 테슬라 1000대 체제로",쏘카가 하반기 대규모 증차 계획을 꺼내든 배경에도 이런 시장 흐름이 자리한다. 라이프타임 모빌리티 플랫폼 쏘카는 13일 하반기 전기차 확대 전략을 공개하며 오는 9월말까지 테슬라 '모델Y'와 BYD '아토3' 등을 새로... ,https://www.econovill.com/news/articleView.html?idxno=747850,https://www.econovill.com/news/articleView.html?idxno=747850,"Thu, 13 Aug 2026 08:14:00 +0900",2026-08-13 08:45:59
자동차/모빌리티,모빌리티 시장,[기고] 글로벌 특허전쟁 속 대한민국의 법은 우리 기업을 지킬 준비가 ...,"미래 모빌리티. 오늘날 대한민국의 미래를 책임지는 핵심 산업들이다. 이제 우리 기업은 국내를 넘어 미국, 유럽, 일본, 중국의 글로벌 공룡 기업들과 같은 시장에서 기술 패권을 놓고 다툰다. 그리고 그 전쟁의 승패를... ",https://www.mk.co.kr/article/12126118,https://n.news.naver.com/mnews/article/009/0005720351?sid=105,"Thu, 13 Aug 2026 08:12:00 +0900",2026-08-13 08:45:59
자동차/모빌리티,모빌리티 시장,"'수소의 날' 계기 월드하이드로젠엑스포2026, 11월 개최…&quot;수소산업 도약...","시장으로 나아가다 : 사업성 있는 프로젝트를 현실로(Hydrogen Moves to Market : Making Bankable Projects Work)'라는 슬로건 아래 개최된다. WHE 2026 조직위원회(공동조직위원장 : 한국수소연합 김재홍 회장, 한국자동차모빌리티산... ",https://view.asiae.co.kr/article/2026081307552562308,https://n.news.naver.com/mnews/article/277/0005802384?sid=101,"Thu, 13 Aug 2026 07:55:00 +0900",2026-08-13 08:45:59
자동차/모빌리티,모빌리티 시장,"부산大, 2028년 새학기에 '한화에어로스페이스 계약학과' 신설","미래모빌리티와 차세대에너지 분야를 이끌어갈 현장 맞춤형 핵심인재를 공동으로 육성하고 기술 경쟁력 향상을 극대화한다. 한편, 전재수 부산시장은 &quot;이번 지역인재 양성 모델은 '동남권 성장엔진 연계 지산학... ",https://www.getnews.co.kr/news/articleView.html?idxno=877787,https://www.getnews.co.kr/news/articleView.html?idxno=877787,"Thu, 13 Aug 2026 07:52:00 +0900",2026-08-13 08:45:59
자동차/모빌리티,모빌리티 시장,"11월 수소의 날, 아시아 최대 수소전시회 열린다","(수소, 시장으로 나아가다 : 사업성 있는 프로젝트를 현실로)&quot;​라는 슬로건 아래 올 11월 4일부터 11월... WHE 2026 조직위원회(공동조직위원장 : 한국수소연합 김재홍 회장, 한국자동차모빌리티산업협회 정대진... ",https://www.todayenergy.kr/news/articleView.html?idxno=301515,https://www.todayenergy.kr/news/articleView.html?idxno=301515,"Thu, 13 Aug 2026 07:08:00 +0900",2026-08-13 08:45:59
자동차/모빌리티,모빌리티 시장,"[더벨][Peer Match Up | 삼성전기 vs LG이노텍] 전자부품 양강, '1조 클럽...",현재 글로벌 시장에서는 일본 무라타에 이어 2위권을 차지하고 있다. 사업을 키우는 과정에서 비주력... 광학솔루션사업부가 전체 매출의 약 80%를 차지하고 있다.패키지솔루션과 모빌리티솔루션은 이 쏠림 현상을... ,https://www.thebell.co.kr/free/content/ArticleView.asp?key=202608102156238800102195,https://www.thebell.co.kr/free/content/ArticleView.asp?key=202608102156238800102195,"Thu, 13 Aug 2026 07:02:00 +0900",2026-08-13 08:45:59
자동차/모빌리티,모빌리티 시장,[Invest]美 아폴로가 두드리는 대기업 리파이낸싱 시장…글로벌 크레딧...,"국내 크레딧펀드들도 관련 시장을 들여다볼 수 있지만, 펀드 만기와 수익률 제약 탓에 같은 조건으로... 이 밖에 티맵모빌리티, SK플라즈마, HD현대로보틱스 등도 IPO 지연 시 FI와 약정 조정이나 투자금 정리 논의가... ",https://www.investchosun.com/site/data/html_dir/2026/08/12/2026081280091.html,https://www.investchosun.com/site/data/html_dir/2026/08/12/2026081280091.html,"Thu, 13 Aug 2026 07:02:00 +0900",2026-08-13 08:45:59
자동차/모빌리티,모빌리티 시장,"수소산업, '사업성'으로 승부…WHE 2026 프로젝트 시장 연다","(수소, 시장으로 나아가다 : 사업성 있는 프로젝트를 현실로)'를 슬로건으로 개최된다. 올해 행사의... WHE 2026 조직위원회는 한국수소연합 김재홍 회장과 한국자동차모빌리티산업협회 정대진 회장이... ",https://www.energy-news.co.kr/news/articleView.html?idxno=227403,https://www.energy-news.co.kr/news/articleView.html?idxno=227403,"Thu, 13 Aug 2026 07:00:00 +0900",2026-08-13 08:45:59
자동차/모빌리티,모빌리티 시장,"WHE 2026, '수소경제 사업화 시대' 연다…글로벌 프로젝트·투자·금융 한...","제2전시장에서 열린다. 올해 행사는 'Hydrogen Moves to Market : Making Bankable Projects Work(수소, 시장으로 나아가다... WHE 2026 조직위원회(공동조직위원장 한국수소연합 김재홍 회장, 한국자동차모빌리티산업협회 정대진... ",https://www.energydaily.co.kr/news/articleView.html?idxno=202185,https://www.energydaily.co.kr/news/articleView.html?idxno=202185,"Thu, 13 Aug 2026 07:00:00 +0900",2026-08-13 08:45:59
자동차/모빌리티,모빌리티 시장,올 11월 수소의 날 맞춰 'WORLD HYDROGEN EXPO 2026' 열린다,"시장으로 나아가다 : 사업성 있는 프로젝트를 현실로)'를 슬로건으로 오는 11월 4일부터 6일까지 3일간 킨텍스에서 개최된다. WHE 2026 조직위원회(공동조직위원장 한국수소연합 김재홍 회장, 한국자동차모빌리티... ",https://www.gasnews.com/news/articleView.html?idxno=126337,https://www.gasnews.com/news/articleView.html?idxno=126337,"Thu, 13 Aug 2026 07:00:00 +0900",2026-08-13 08:45:59
자동차/모빌리티,모빌리티 시장,"폴리마켓, 우버·리프트 출신 밴더잰든 최고성장책임자로 영입…마케팅...","예측시장(prediction market) 플랫폼 폴리마켓(Polymarket)이 우버(Uber)와 리프트(Lyft), 전동스쿠터 스타트업 버드... 이어 전동스쿠터 회사 버드를 창업해 마이크로모빌리티 업계에서 이름을 알렸다.CoinGape는 밴더잰든의... ",https://www.wikitree.co.kr/articles/1152117,https://www.wikitree.co.kr/articles/1152117,"Thu, 13 Aug 2026 06:50:00 +0900",2026-08-13 08:45:59
친환경/신재생,신재생에너지 주가,"&quot;우리도 AI 수혜주&quot;…배터리3사, ESS 덕 실적·주가 호조","AI 데이터센터 건립 붐으로 에너지저장장치(ESS) 수요도 급증하면서 실적은 개선되고 주가도 상승세다.... 한국전기연구원의 한 연구원은 &quot;태양광, 풍력 등 신재생에너지에도 ESS는 필수&quot;라면서 &quot;최근 AI 데이터센터... ",https://www.kpinews.kr/newsView/1065599250950998,https://www.kpinews.kr/newsView/1065599250950998,"Wed, 12 Aug 2026 17:28:00 +0900",2026-08-13 08:46:00
친환경/신재생,신재생에너지 주가,"한화솔루션 1%대 하락…3만5700원, 장중 약세 지속","실적 회복세가 확인된 만큼 향후 주가 방향은 미국 태양광 모듈 가격과 카터스빌 공장 가동 효과, 신재생에너지 부문의 수익성 개선 지속 여부에 영향을 받을 전망이다.",https://www.job-post.co.kr/news/articleView.html?idxno=223854,https://www.job-post.co.kr/news/articleView.html?idxno=223854,"Wed, 12 Aug 2026 15:22:00 +0900",2026-08-13 08:46:00
친환경/신재생,신재생에너지 주가,"전력망 촘촘해질수록 귀해진다…삼화콘덴서, 산업용 콘덴서로 실적 날개",스마트그리드의 핵심 인프라인 지능형 전력 계량 시스템(AMI) 국내외 수주 확대 기대감이 주가를 단단하게... 업계 관계자는 &quot;AI 데이터센터와 신재생에너지 인프라 연결을 위해 지능형 전력망 구축은 선택이 아닌 필수... ,https://www.pinpointnews.co.kr/news/articleView.html?idxno=476641,https://www.pinpointnews.co.kr/news/articleView.html?idxno=476641,"Wed, 12 Aug 2026 13:08:00 +0900",2026-08-13 08:46:00
친환경/신재생,신재생에너지 주가,"500kV HVDC 기술력 입증… 대한전선, 글로벌 전력 인프라 선점",글로벌 전력 인프라 투자 확대와 원전 연계 전력망 프로젝트 참여 기대감이 주가에 훈풍을 불어 넣고 있다.... 대한전선은 국내외 대형 원전과 신재생에너지 발전소에서 생산된 전력을 도심으로 수송하는 500kV급 초고압... ,https://www.pinpointnews.co.kr/news/articleView.html?idxno=476610,https://www.pinpointnews.co.kr/news/articleView.html?idxno=476610,"Wed, 12 Aug 2026 11:00:00 +0900",2026-08-13 08:46:00
친환경/신재생,신재생에너지 주가,"건설 불황 뚫은 '풍력 강자'…코오롱글로벌, 친환경 친환경 에너지로 체...",기대감이  주가를 견인하고 있다. 코오롱글로벌이 육상과 해상을 아우르는 풍력 발전 사업을 본격화하며 실적 개선 기대감을 높이고 있다. 전통적인 주택 건설 사업의 변동성을 극복하기 위해 친환경 신재생에너지... ,https://www.pinpointnews.co.kr/news/articleView.html?idxno=476561,https://www.pinpointnews.co.kr/news/articleView.html?idxno=476561,"Wed, 12 Aug 2026 09:34:00 +0900",2026-08-13 08:46:00
친환경/신재생,신재생에너지 주가,"일진전기 주가, 급등세... 이유는?","사진=일진전기 일진전기 주가가 급등 중이다. 12일 오전 9시 19분 KRX 기준 일진전기는 전 거래일 대비 16.50... 일진전기는 미국의 노후 전력 인프라 교체와 유럽의 신재생에너지 발전 확대, 전 세계적인 데이터센터 건설... ",https://www.ggilbo.com/news/articleView.html?idxno=1174898,https://www.ggilbo.com/news/articleView.html?idxno=1174898,"Wed, 12 Aug 2026 09:22:00 +0900",2026-08-13 08:46:00
친환경/신재생,신재생에너지 주가,"&quot;일진전기, 목표가 10만8000원으로 하향…매수 '유지'&quot; -NH",목표주가는 10만8000원으로 하향 조정했다고 밝혔다. 목표주가 하향은 금리 상승에 따른 자기자본비용... 따른 신재생에너지 수요 증가’ 등을 꼽았다. 다만 트럼프 행정부의 신재생에너지 관련 보조금 및... ,https://www.edaily.co.kr/news/newspath.asp?newsid=03322646645546664,https://n.news.naver.com/mnews/article/018/0006349933?sid=101,"Wed, 12 Aug 2026 08:01:00 +0900",2026-08-13 08:46:00
친환경/신재생,신재생에너지 주가,[Who Is ?] 이근흥 비에이치아이 대표이사 부회장,"한국에너지기술연구원은 에너지 효율화, 신재생에너지, 기후변화 대응 등 에너지 분야 연구를 수행하는... 한편 우종인 전 대표는 대표직 사임 후 2026년 1월7일 보유한 주식 508만2천 주 가운데 246만 주를... ",https://www.businesspost.co.kr/BP?command=article_view&num=444017,https://www.businesspost.co.kr/BP?command=article_view&num=444017,"Wed, 12 Aug 2026 07:02:00 +0900",2026-08-13 08:46:00
친환경/신재생,신재생에너지 주가,"1조 달러 이상 글로벌 대기 자금, 머니무브 시작… MMF에서 사모 크레딧...","이 자금은 주로 인공지능과 반도체, 신재생 에너지 같은 미래 핵심 산업으로 흘러 들어갈 준비를 마쳤다.... 가치와 주가가 흔들릴 리스크가 존재한다. 그럼에도 한국은 외환보유액이 넉넉하고 핵심 수출 기업들의 체력이... ",https://www.g-enews.com/view.php?ud=202608111530042710fbbec65dfb_1,https://www.g-enews.com/view.php?ud=202608111530042710fbbec65dfb_1,"Wed, 12 Aug 2026 04:06:00 +0900",2026-08-13 08:46:00
친환경/신재생,신재생에너지 주가,"[특별기고-송전망 혁신 上] 세계 최고의 전력망 기술, 안방의 패러독스",연일 주가 신고가를 경신하고 수십조 원에 달하는 수주 잔고를 쌓아 올리고 있다. 세계 각국이 앞다투어... 호남의 급증한 신재생에너지 역시 출력을 제어하는 일이 일상화되었다. 반면 세계 최대 규모의 국가 첨단산업... ,https://www.electimes.com/news/articleView.html?idxno=371199,https://www.electimes.com/news/articleView.html?idxno=371199,"Tue, 11 Aug 2026 16:18:00 +0900",2026-08-13 08:46:00
친환경/신재생,신재생에너지 주가,블록딜 대신 PRS…포스코홀딩스 '조용한 지분 매각' 왜,"5조 확보…지배력 유지하며 중복가치 해소 PRS 방식, 시장 충격 최소화…3년 뒤 주가 하락 시 정산 리스크는... 철강 중심 구조에서 리튬·배터리 소재·LNG·신재생에너지 중심의 ‘트리플 코어’ 체제로 전환하고, 핵심... ",https://www.topdaily.kr/articles/111415,https://www.topdaily.kr/articles/111415,"Tue, 11 Aug 2026 16:15:00 +0900",2026-08-13 08:46:00
친환경/신재생,신재생에너지 주가,한화솔루션 주가 3%대 강세…증권가 목표가 상향에 3만6500원,"주가 상승 기대를 뒷받침하고 있다. 한화솔루션은 올해 2분기 연결기준 매출 4조5826억원, 영업이익 3065억원을 기록했다. 전 분기보다 각각 18%, 231% 증가하며 2개 분기 연속 흑자를 달성했다. 특히 신재생에너지... ",https://www.job-post.co.kr/news/articleView.html?idxno=223692,https://www.job-post.co.kr/news/articleView.html?idxno=223692,"Tue, 11 Aug 2026 15:08:00 +0900",2026-08-13 08:46:00
친환경/신재생,신재생에너지 주가,한화오션 주가 5% 가까이 하락…전날 급등 뒤 8만원대로 후퇴,"한화오션 주가가 11일 장중 5% 가까이 하락하며 8만원대로 내려앉았다. 직전 거래일 5% 넘게 상승한 데 따른... 회사는 현재 FPSO와 FLNG, 해상 신재생에너지뿐 아니라 육상 발전 및 인프라까지 아우르는 종합 EPCI(O)... ",https://www.job-post.co.kr/news/articleView.html?idxno=223676,https://www.job-post.co.kr/news/articleView.html?idxno=223676,"Tue, 11 Aug 2026 14:16:00 +0900",2026-08-13 08:46:00
친환경/신재생,신재생에너지 주가,"[인사이트] '한화 삼형제' 나란히 승진⋯그룹 쪼개기 아닌, 맏형 중심 '...","요구와 주가 하락, 주주 반발을 거치며 약 1조1713억원으로 줄었다. 올해 들어 실적은 반등했다. 한화솔루션은 1분기 926억원, 2분기 3065억원의 영업이익을 냈다. 신재생에너지와 케미칼, 첨단소재가 모두 흑자로 돌아섰다.... ",http://www.kbiznews.co.kr/news/articleView.html?idxno=114628,http://www.kbiznews.co.kr/news/articleView.html?idxno=114628,"Tue, 11 Aug 2026 11:02:00 +0900",2026-08-13 08:46:00
친환경/신재생,신재생에너지 주가,"산일전기, 실적·수주 호조에도 밸류 조정...신한투자 목표가 16%↓","신한투자증권이 산일전기의 목표주가를 낮췄지만, 실적과 신규 수주 흐름을 근거로 매수 의견은... 신한투자증권은 신재생에너지와 데이터센터, 에너지저장장치(ESS), 온사이트 발전 관련 산업의 호조가 긍정적으로... ",https://www.ppss.kr/news/articleView.html?idxno=304884,https://www.ppss.kr/news/articleView.html?idxno=304884,"Tue, 11 Aug 2026 10:50:00 +0900",2026-08-13 08:46:00
친환경/신재생,신재생에너지 주가,"다스코 주가, 급등세... 왜?","사진=다스코 다스코 주가가 급등 중이다. 11일 오전 10시 44분 KRX 기준 다스코는 전 거래일 대비 14.50%(480원)... 남부발전은 신재생에너지 사업 개발 및 운영 경험을 바탕으로 사업을 추진하고, 제이에스파워와 다스코는... ",https://www.ggilbo.com/news/articleView.html?idxno=1174664,https://www.ggilbo.com/news/articleView.html?idxno=1174664,"Tue, 11 Aug 2026 10:46:00 +0900",2026-08-13 08:46:00
친환경/신재생,신재생에너지 주가,"신재생에너지株, 개별 종목 온도차 뚜렷…에스에너지 25%대 급등","신재생에너지 관련주가 종목별로 뚜렷한 온도차를 보였다. 태양광 소재주와 중소형 부품·시공주가 큰 폭으로 오른 반면, 대형 지주사와 전력기기주는 약세를 나타냈다. 11일 오전 최근 신재생에너지 업종은... ",https://www.cbci.co.kr/news/articleView.html?idxno=597051,https://www.cbci.co.kr/news/articleView.html?idxno=597051,"Tue, 11 Aug 2026 09:56:00 +0900",2026-08-13 08:46:00
친환경/신재생,신재생에너지 주가,"[속보] 두산퓨얼셀 VI 발동, 주가 도약…양대지수 약세에도",앞서 고유가 우려가 부각됐던 시점에도 국내 증시에서 신재생에너지 관련 종목들이 동반 강세를 나타낸 바 있다. 두산퓨얼셀이 장초반 상승폭을 유지할지 여부와 추가적인 주가 움직임에 관심이 쏠린다. [※ 본... ,https://www.cbci.co.kr/news/articleView.html?idxno=597025,https://www.cbci.co.kr/news/articleView.html?idxno=597025,"Tue, 11 Aug 2026 09:30:00 +0900",2026-08-13 08:46:00
친환경/신재생,신재생에너지 주가,"혜인 주가, 급등세... 무슨 회사길래?","사진=혜인 혜인 주가가 급등 중이다. 11일 오전 9시 7분 KRX 기준 혜인은 전 거래일 대비 19.39%(1150원) 상승한... 발전기 및 관련 엔진 사업과 함께 친환경 제품 공급, 신재생에너지 관련 사업 등으로 사업 영역을 넓혀가고... ",https://www.ggilbo.com/news/articleView.html?idxno=1174580,https://www.ggilbo.com/news/articleView.html?idxno=1174580,"Tue, 11 Aug 2026 09:10:00 +0900",2026-08-13 08:46:00
친환경/신재생,신재생에너지 주가,"전날 16%대 급등했는데…산일전기, 역대급 실적에도 목표가↓ [이런국장...","신한투자증권이 전날 급등한 산일전기에 대해 실적 전망을 높이면서도 목표주가는 하향 조정했다. 최근... 신재생에너지와 데이터센터, 에너지저장장치(ESS) 등 전방 산업의 수요 확대가 긍정적인 영향을 끼친... ",https://www.sedaily.com/article/20077893?ref=naver,https://n.news.naver.com/mnews/article/011/0004650456?sid=101,"Tue, 11 Aug 2026 08:54:00 +0900",2026-08-13 08:46:00
친환경/신재생,태양광 산업,"용인시, 재생에너지 융복합지원사업 4년 연속 '최우수'","이번 공모에서 시는 처인구 원삼면과 백암면 일원의 주택·건물 및 산업단지 입주기업 등 134곳에 태양광 792㎾, 지열 350㎾, 태양열 184㎡를 설치하는 계획을 제시했다. 사업에는 국비 8억7000만원을 포함해 총 22억원의... ",https://www.shinailbo.co.kr/news/articleView.html?idxno=5050911,https://www.shinailbo.co.kr/news/articleView.html?idxno=5050911,"Thu, 13 Aug 2026 08:44:00 +0900",2026-08-13 08:46:01
친환경/신재생,태양광 산업,"충남도, 기후에너지환경 관련 15개 기관 유치 활동 '박차'","이 가운데 한국에너지기술평가원은 연구개발 사업 기획·평가 전문기관으로, 도내 발전시설과 수소·태양광 등 신재생에너지 기반을 결합하면 연구개발 성과를 산업 현장에 빠르게 적용할 수 있을 것으로 도는 보고 있다.... ",https://www.yna.co.kr/view/AKR20260813027000063?input=1195m,https://n.news.naver.com/mnews/article/001/0016248398?sid=102,"Thu, 13 Aug 2026 08:41:00 +0900",2026-08-13 08:46:01
친환경/신재생,태양광 산업,"파주시, 전국 첫 공공 재생에너지 PPA…지역기업에 전력 직접 공급",생산된 전력은 한국전력에 판매하는 기존 공공 태양광 사업과 달리 PPA 방식으로 파주시 관내 중소기업 7개사에 직접 공급된다. 공급 대상 기업은 △㈜삼성특수브레이크 △선일금고제작 △㈜스페이스톡 △신도산업주식... ,https://www.ppss.kr/news/articleView.html?idxno=305296,https://www.ppss.kr/news/articleView.html?idxno=305296,"Thu, 13 Aug 2026 08:36:00 +0900",2026-08-13 08:46:01
친환경/신재생,태양광 산업,"파주시, 전국 첫 PPA 시대 개막…'공공 재생에너지 1호 발전소' 준공",이번에 준공된 1호 발전소는 문산정수장 유휴 부지를 활용해 조성된 설비용량 1148㎾ 규모의 태양광... 공급 대상 기업은 ▲㈜삼성특수브레이크 ▲선일금고제작 ▲㈜스페이스톡 ▲신도산업주식회사 ▲㈜씨.앤.씨... ,https://view.asiae.co.kr/article/2026081308270818562,https://n.news.naver.com/mnews/article/277/0005802432?sid=102,"Thu, 13 Aug 2026 08:27:00 +0900",2026-08-13 08:46:01
친환경/신재생,태양광 산업,"용인시, 기후부 ‘2027년 재생에너지보급사업’ 최우수 등급","시는 처인구 원삼면과 백암면 일원 주택과 건물, 산업단지 입주기업 등 총 134곳에 ▲태양광(792㎾) ▲지열(350㎾) ▲태양열(184㎡)을 설치하는 계획을 세워 공모에 참여했다. 국비 8억 7000만 원 등 총 22억 원의 예산이... ",https://www.seoul.co.kr/news/publicnews/local_govern/2026/08/13/20260813500014?wlog_tag3=naver,https://n.news.naver.com/mnews/article/081/0003669999?sid=102,"Thu, 13 Aug 2026 08:23:00 +0900",2026-08-13 08:46:01
친환경/신재생,태양광 산업,충남도 '공공기관 2차 이전' 기후에너지환경 분야 중점 유치,이중 한국에너지기술평가원은 연구개발 사업 기획·평가 전문 기관으로 도내 발전 시설과 수소·태양광 등 신재생에너지 기반을 결합하면 연구개발 성과를 산업 현장에 빠르게 적용할 수 있다. 또 한국환경공단과... ,https://www.news1.kr/local/daejeon-chungnam/6257473,https://n.news.naver.com/mnews/article/421/0009111288?sid=102,"Thu, 13 Aug 2026 08:12:00 +0900",2026-08-13 08:46:01
친환경/신재생,태양광 산업,"충남도, 기후에너지환경 집적 ‘2차 이전’ 승부수",한국에너지기술평가원이 이전하면 도내 발전시설과 수소·태양광 등 신재생에너지 기반을 활용해 연구개발 성과의 현장 적용을 앞당길 수 있다. 한국환경공단과 한국환경산업기술원이 함께 이전할 경우 탄소배출... ,https://cc.newdaily.co.kr/site/data/html/2026/08/13/2026081300010.html,https://cc.newdaily.co.kr/site/data/html/2026/08/13/2026081300010.html,"Thu, 13 Aug 2026 08:06:00 +0900",2026-08-13 08:46:01
친환경/신재생,태양광 산업,[리포트]'2차 공공기관 이전' 발표 임박⋯충청권 전략은?,"이필규 / 충남도 혁신도시정책과장 &quot;기여한 만큼 더 앞으로는 좀 더 국가 전력산업에 대해서 태양광, 풍력, 친환경 에너지 정책에 대해서 충남이 선도적인 역할을 할 수 있게.&quot; 혁신도시로 지정되지 않은 세종시는 2차... ",https://tjmbc.co.kr/NewsArticle/856382,https://tjmbc.co.kr/NewsArticle/856382,"Thu, 13 Aug 2026 07:45:00 +0900",2026-08-13 08:46:01
친환경/신재생,태양광 산업,"용인특례시, 기후부 '2027년 재생에너지보급사업' 공모서 최우수 등급","시는 처인구 원삼면과 백암면 일원의 주택과 건물, 산업단지 입주기업 등 총 134곳에 ▲태양광 792㎾ ▲지열 350㎾ ▲태양열 184㎡를 설치하는 계획을 세워 공모에 참여했다. 사업에는 국비 8억7000만원을 포함해 총 22억원의... ",http://www.econonews.co.kr/news/articleView.html?idxno=442739,http://www.econonews.co.kr/news/articleView.html?idxno=442739,"Thu, 13 Aug 2026 07:32:00 +0900",2026-08-13 08:46:01
친환경/신재생,태양광 산업,"이상일 용인시장, 탄소중립·기업 경쟁력 ‘두 토끼’ 잡는다","◇이 시장의 ‘시민 체감형 에너지 정책’ 성과 시는 처인구 원삼면과 백암면 일원의 주택·건물과 산업단지 입주기업 등 총 134곳에 태양광 792㎾, 지열 350㎾, 태양열 184㎡ 규모의 재생에너지 설비를 설치할 계획이다.... ",http://www.beyondpost.co.kr/view.php?ud=2026081307205964364c878f8fa1_30,http://www.beyondpost.co.kr/view.php?ud=2026081307205964364c878f8fa1_30,"Thu, 13 Aug 2026 07:22:00 +0900",2026-08-13 08:46:01
친환경/신재생,태양광 산업,"용인시, '시민 체감형 재생에너지 정책' 호평…4년 연속 ‘최우수’","용인시는 처인구 원삼면과 백암면 일원 주택과 건물, 산업단지 입주기업 등 134곳에 태양광 792㎾, 지열 350㎾, 태양열 184㎡를 설치하는 계획을 세워 공모에 참여했다. 사업비는 국비 8억7000만원을 포함해 총 22억원으로... ",https://view.asiae.co.kr/article/2026081307115335479,https://n.news.naver.com/mnews/article/277/0005802367?sid=102,"Thu, 13 Aug 2026 07:11:00 +0900",2026-08-13 08:46:01
친환경/신재생,태양광 산업,"[오늘의 주요일정·13일] 행안부, 폭염·가뭄 재난대응 중앙재난안전대...",영농형태양광 조성 착공지 방문(경기 화성) ▲ 김종구 차관 08:00 차관회의(서울) [산업통상부] ▲ 김정관 장관 09:20 산업부-원안위 규제협력 협약식(무역보험공사) ▲ 여한구 통상교섭본부장 08:30... ,https://www.safetimes.co.kr/news/articleView.html?idxno=244880,https://www.safetimes.co.kr/news/articleView.html?idxno=244880,"Thu, 13 Aug 2026 07:06:00 +0900",2026-08-13 08:46:01
친환경/신재생,태양광 산업,"용인특례시, '2027년 재생에너지보급사업' 최우수 등급 선정","시는 처인구 원삼면과 백암면 일원 주택과 건물, 산업단지 입주기업 등 총 134곳에 ▲태양광(792㎾) ▲지열 (350㎾) ▲태양열(184㎡)을 설치하는 계획을 세워 공모에 참여했다. 이 사업에는 국비 8억 7000만 원을 포함해 총... ",https://www.joongangenews.com/news/articleView.html?idxno=539721,https://www.joongangenews.com/news/articleView.html?idxno=539721,"Thu, 13 Aug 2026 06:54:00 +0900",2026-08-13 08:46:01
친환경/신재생,태양광 산업,"파주시, 전국 첫 '공공 재생에너지 직접PPA' 가동...지역기업 RE100 지원...","문산정수장 부지에 들어선 1호 발전소는 설비용량 1148.8kW(1.15MW) 규모의 태양광발전소다. 총사업비... RE100 대응이 지역 산업정책과 결합해, 재생에너지 보급 확대와 기업 에너지 비용 부담 완화를 동시에 추진한 사례다.... ",https://www.electimes.com/news/articleView.html?idxno=371253,https://www.electimes.com/news/articleView.html?idxno=371253,"Thu, 13 Aug 2026 06:30:00 +0900",2026-08-13 08:46:01
친환경/신재생,태양광 산업,"한은 부총재 &quot;원·달러 환율, 4분기로 갈수록 낮아질 것…경상흑자 효과...","원화와 엔화 동조화에 대해서는 &quot;산업구조와 재정건전성, 무역수지 흑자 등에서 차이가 커지고 있기 때문에... 노동에서는 인공지능(AI)에 대한 기대가 있고, 에너지는 태양광, 풍력 등 친환경 재생에너지가 계속 구축되고... ",https://view.asiae.co.kr/article/2026081214304102450,https://n.news.naver.com/mnews/article/277/0005802360?sid=101,"Thu, 13 Aug 2026 06:10:00 +0900",2026-08-13 08:46:01
친환경/신재생,풍력 시장,"대한전선, ‘스칸디 커넥터’ 안전운항기원제 개최… 해상풍력 사업 본...",스칸디 커넥터는 대한전선이 지난 5월 인수한 1만 1000t급의 국내 최대 규모 해상풍력용 CLV이다. 대용량의... 대한전선 관계자는 “스칸디 커넥터 운영은 해저케이블 시장에서 대한전선의 시공 경쟁력을 한 단계... ,https://www.seoul.co.kr/news/economy/industry/2026/08/13/20260813500016?wlog_tag3=naver,https://n.news.naver.com/mnews/article/081/0003670002?sid=101,"Thu, 13 Aug 2026 08:44:00 +0900",2026-08-13 08:46:02
친환경/신재생,풍력 시장,"대한전선, 해저케이블 포설선 '스칸디 커넥터' 안전운항기원제 개최","스칸디 커넥터호는 대한전선이 지난 5월 인수한 1만1000t급 규모의 국내 최대 해상풍력용 포설선으로, 대용량... 대한전선 관계자는 &quot;스칸디 커넥터 운영은 해저케이블 시장에서 대한전선의 시공 경쟁력을 한 단계 높이는... ",https://view.asiae.co.kr/article/2026081308430525829,https://n.news.naver.com/mnews/article/277/0005802448?sid=101,"Thu, 13 Aug 2026 08:43:00 +0900",2026-08-13 08:46:02
친환경/신재생,풍력 시장,"李대통령, SMR·핵융합 등 묶어 “AI 다음 먹거리 준비”…배경훈 “‘...",SMR은 선박과 국방·우주 등 다양한 시장에서 전력·열 공급원으로 쓸 수 있다. 김지환 현대건설... 재생에너지 분야에서는 효율 35% 이상 페로브스카이트 탠덤 태양전지와 20㎿ 이상 초대형 풍력터빈을 개발한다. 50~100... ,https://www.sedaily.com/article/20078804?ref=naver,https://n.news.naver.com/mnews/article/011/0004651252?sid=100,"Thu, 13 Aug 2026 08:17:00 +0900",2026-08-13 08:46:02
친환경/신재생,풍력 시장,[핀포인트] [두산에너빌리티] 신재생 성장 날개 '지오솔루션'…올해 최...,친환경 시장 선점에 크게 기여할 것이다. 두산지오솔루션 관계자는 &quot;친환경 에너지 사업의 개발 및 사업화를 위해 관련 펀드에 투자하고 있다&quot;며 &quot;야월해상풍력과 창원 연료전지 사업은 사업화를 추진 중이고 창원... ,https://news.dealsitetv.com/articles/174577,https://news.dealsitetv.com/articles/174577,"Thu, 13 Aug 2026 08:02:00 +0900",2026-08-13 08:46:02
친환경/신재생,풍력 시장,[더벨][SB선보 IPO] 내년 상반기 예심 청구 가닥…대선조선 품고 몸집 키...,"관련 시장에 진입했다. 설계부터 제작, 시운전까지 자체 수행하는 방식으로 사업 범위를 넓히고 있다.... 이외에도 수전해 시스템과 풍력보조추진장치(WAPS) 등 친환경 선박·에너지 분야로 제품군을 확대하고 있다.... ",https://www.thebell.co.kr/free/content/ArticleView.asp?key=202608111354386720107019,https://www.thebell.co.kr/free/content/ArticleView.asp?key=202608111354386720107019,"Thu, 13 Aug 2026 07:02:00 +0900",2026-08-13 08:46:02
친환경/신재생,풍력 시장,"김용범 “AI·반도체서 축적한 기술·자본, 미래산업 키우는 씨앗 돼야...","세계 시장에서 한국을 대표할 산업이 계속 나올 수 있을까”라고 물었다. 김 실장은 “이 질문에 대한 답이... 재생에너지 분야에서는 페로브스카이트 탠덤셀과 초대형·부유식 해상풍력, 청정수소, 차세대 전력망... ",https://www.edaily.co.kr/news/newspath.asp?newsid=02446886645546992,https://n.news.naver.com/mnews/article/018/0006350663?sid=105,"Thu, 13 Aug 2026 05:56:00 +0900",2026-08-13 08:46:02
친환경/신재생,풍력 시장,"AI 다음 먹거리, SMR·우주 등 7대 기술 씨앗 뿌린다","글로벌 시장 선점에 나선다. 태양의 에너지 생성 원리를 지상에 구현하는 핵융합은 ‘한국형 혁신... 풍력은 20㎿ 이상 초대형 터빈 상용화를, 수소는 50~100㎿급 대규모 수전해(전기분해) 실증에 나선다. 양자 분야에서는... ",https://www.seoul.co.kr/news/politics/2026/08/13/20260813001005?wlog_tag3=naver,https://n.news.naver.com/mnews/article/081/0003669897?sid=100,"Thu, 13 Aug 2026 05:01:00 +0900",2026-08-13 08:46:02
친환경/신재생,풍력 시장,"유럽증시, 美 연준 금리 인상 우려 완화에도 중동 정세 불확실성에 소폭...",미국의 소비자물가 상승세가 시장의 예상에 부합하면서 연방준비제도(Fed)가 금리를 추가 인상할... 덴마크 풍력터빈 제조업체 베스타스는 연간 이익률 전망을 기존 6~8%에서 7~9%로 상향 조정한 뒤 19.7% 급등했다.... ,https://www.newspim.com/news/view/20260813000014,https://www.newspim.com/news/view/20260813000014,"Thu, 13 Aug 2026 02:19:00 +0900",2026-08-13 08:46:02
친환경/신재생,풍력 시장,"이재명 대통령 &quot;7대 첨단기술, 차세대 성장엔진&quot;",풍력은 20㎿ 이상급 초대형 터빈과 부유식 핵심기술을 확보해 차세대 수출산업으로 육성하고 수소는... 이 대통령은 &quot;혁신 기업들과 혁신 과학기술인들이 자유롭게 시장을 개척하고 담대하게 도전할 수 있도록... ,https://www.ksilbo.co.kr/news/articleView.html?idxno=1064448,https://www.ksilbo.co.kr/news/articleView.html?idxno=1064448,"Thu, 13 Aug 2026 00:02:00 +0900",2026-08-13 08:46:02
친환경/신재생,풍력 시장,"전력·양자·우주·바이오에 승부수…정부, 미래 먹거리 '7대 씨앗' 심는...","재생에너지에서는 페로브스카이트 탠덤 태양전지 효율 35% 이상 상용화, 20MW급 초대형 풍력터빈과... 연구개발뿐 아니라 규제 개선과 사업화, 해외시장 진출까지 전 주기를 지원한다는 방침이다. 정부는 반도체 등... ",https://www.dongponews.net/news/articleView.html?idxno=59835,https://www.dongponews.net/news/articleView.html?idxno=59835,"Wed, 12 Aug 2026 22:36:00 +0900",2026-08-13 08:46:02
친환경/신재생,풍력 시장,분사 후 600% 오른 GE버노바…주문도 88% 늘었다,로이터(Reuters)는 7월 22일 조정 주당순이익이 시장 예상을 밑돌고 풍력 부문 손실이 확대되면서 GE버노바 주가가 5.8% 하락했다고 전했다. 풍력 부문의 EBITDA 손실은 2억7500만 달러(약 3886억원)로 1년 전... ,https://www.tokenpost.kr/news/market/389335,https://www.tokenpost.kr/news/market/389335,"Wed, 12 Aug 2026 21:18:00 +0900",2026-08-13 08:46:02
친환경/신재생,풍력 시장,"[월드 e-브리핑] 전 세계 청년 6,700만 명 일자리 못 구했다",코로나 팬데믹 이후 개선되던 세계 청년 고용시장이 다시 악화하면서 실업자가 6천700만 명을... 독일도 고온과 대기 정체로 바람이 약해지면서 풍력 발전량이 평년보다 60%가량 줄었는데요. 여기에 에어컨 등 냉방... ,https://www.obsnews.co.kr/news/articleView.html?idxno=1533854,https://www.obsnews.co.kr/news/articleView.html?idxno=1533854,"Wed, 12 Aug 2026 21:08:00 +0900",2026-08-13 08:46:02
친환경/신재생,풍력 시장,재정운용 ‘첨단산업 성장’으로 방향키 튼다,"통해 시장 시그널 올 것” 인천시가 민선 9기 핵심 공약인 ‘ABC+E’(인공지능, 바이오, 문화·콘텐츠+해상풍력 에너지) 전략을 반영해 재정 운용 방향을 ‘첨단산업도시’로 전환하기로 했다. 12일 인천시 재정예산개혁TF... ",https://www.kyeongin.com/article/1768943,https://www.kyeongin.com/article/1768943,"Wed, 12 Aug 2026 20:18:00 +0900",2026-08-13 08:46:02
친환경/신재생,수소 경제,11월 亞 최대 수소행사 ‘WHE 2026’ 개최…20개국·200개 기업 한자리,이 외에도 ▷‘수소경제 정책 전문위원회 총괄 회의(11월 4일)’와 조직위와 코트라가 공동 주관하는 ‘H2 비즈니스 파트너십 페어’(11월 4~5일) ▷수소 각 분야별로 혁신기술을 발굴하고 우수기업을 선정해 시상하는... ,https://biz.heraldcorp.com/article/10839543?ref=naver,https://n.news.naver.com/mnews/article/016/0002683196?sid=101,"Thu, 13 Aug 2026 08:09:00 +0900",2026-08-13 08:46:02
친환경/신재생,수소 경제,경북 곳곳 현장·소통 행정 활발…지역경제·민생 회복·나눔·교육지원...,"가진 경제·산업과 항만·물류 분야에서 구체적인 성과를 만들어 가겠다&quot;고 말했다. 이어 철강을 기반으로 성장한 포항이 이차전지와 바이오, 수소, 첨단소재 등 미래산업 육성에 나서고 있는 만큼 양측 기업과 기관이... ",https://www.ekn.kr/web/view.php?key=20260813028412319,https://www.ekn.kr/web/view.php?key=20260813028412319,"Thu, 13 Aug 2026 07:54:00 +0900",2026-08-13 08:46:02
친환경/신재생,수소 경제,"WHE 조직위원회, 세계 수소경제 선점에 잰걸음","세계 각국이 미래 대체 에너지인 수소를 통한 수소 경제 구축에 속도를 내고 있는 가운데,  WORLD HYDROGEN EXPO(WHE)조직위원회가 아시아권 최대 규모의 수소 행사를 개최한다. WHE 조직위원회는 11월 2일 제5회 수소의 날을... ",https://www.koreareport.co.kr/news/articleView.html?idxno=52131,https://www.koreareport.co.kr/news/articleView.html?idxno=52131,"Thu, 13 Aug 2026 07:50:00 +0900",2026-08-13 08:46:02
친환경/신재생,수소 경제,"한국가스학회, 제2회 수소·가스산업 AI 활용 우수사례 경진대회","한국가스학회 가을 학술대회 기간 중 열리는 이번 경진대회는 수소와 가스 분야 AI 활용 활성화로 안전성·효율성·경제성을 제고하고, 우수 성과 확산 및 산업 교류 촉진을 위한 것이다. 경진대회 신청 대상은 AI... ",https://www.gasnews.com/news/articleView.html?idxno=126336,https://www.gasnews.com/news/articleView.html?idxno=126336,"Thu, 13 Aug 2026 07:30:00 +0900",2026-08-13 08:46:02
친환경/신재생,수소 경제,[포커스] 8월 현재 'LPG 셀프 충전기' 총 판매량 71대 불과,이들은 글로벌 경제 불황과 시장 침체 등으로 LPG 셀프 충전기 도입에 경제적 부담을 느끼고 있다. '차량... 이러한 긍정적 전망은 현재 전기차와 수소차 시장 상승세가 뚜렷한 상황이라 한계가 있을 것으로 관측된다.... ,https://www.todayenergy.kr/news/articleView.html?idxno=301516,https://www.todayenergy.kr/news/articleView.html?idxno=301516,"Thu, 13 Aug 2026 07:10:00 +0900",2026-08-13 08:46:02
친환경/신재생,수소 경제,"김용범 &quot;반도체 성과, 다음 산업으로 흘러야…SEED가 새 Mega로&quot;","자연스럽게 SMR과 핵융합, 수소 같은 에너지 기술의 중요성도 커진다&quot;며 &quot;반대로 값싸고 안정적인 에너지를... 그래야 특정 산업의 호황과 불황에 국가 경제 전체가 흔들리지 않는 두꺼운 산업 생태계를 만들 수 있다&quot;고... ",https://news.einfomax.co.kr/news/articleView.html?idxno=4429871,https://news.einfomax.co.kr/news/articleView.html?idxno=4429871,"Thu, 13 Aug 2026 06:06:00 +0900",2026-08-13 08:46:02
친환경/신재생,수소 경제,출퇴근족은 전기·하이브리드 주말 나들이족은 가솔린…내게 맞는 차는,그러나 약 5분 충전으로 700㎞ 이상 주행할 수 있어 장거리 운행이 잦으면서 생활권에 수소충전소가 있는 운전자라면 한 번쯤 고려할 만하다. 업계 관계자는 “어떤 파워트레인이 가장 경제적인지는 차량 자체보다... ,https://www.edaily.co.kr/news/newspath.asp?newsid=01705606645546992,https://n.news.naver.com/mnews/article/018/0006350643?sid=103,"Thu, 13 Aug 2026 05:03:00 +0900",2026-08-13 08:46:02
친환경/신재생,수소 경제,“40년간 국가 에너지 견인한 충남… 발전공기업 본사 최적지”,"박 지사는 “충남은 발전소 폐지로 지역경제와 도민 생존권이 송두리째 흔들리는 최대 위기 지역”이라며 “통합 본사 유치로 수소, 풍력 등 친환경 에너지 전환을 선도해 충남을 대한민국 에너지 전환의 중심지로... ",https://www.seoul.co.kr/news/plan/2026/08/13/20260813022002?wlog_tag3=naver,https://n.news.naver.com/mnews/article/081/0003669948?sid=102,"Thu, 13 Aug 2026 05:03:00 +0900",2026-08-13 08:46:02
원자력,원자력 주가,맥쿼리 &quot;원전 투자 주춤하지만 현대건설·두산에너빌 투자의견 유지&quot;,&quot;원자력 관련 기업 주가 하락에도 실적 전망 개선&quot; &quot;전력 수요 증가·에너지 안보 우려 등으로 원전 투자 지속될 것&quot;  호주 투자은행(IB) 맥쿼리가 현대건설과 두산에너빌리티를 원자력 섹터 최선호주로 꼽았다. 맥쿼리는... ,https://www.theguru.co.kr/news/article.html?no=105744,https://www.theguru.co.kr/news/article.html?no=105744,"Thu, 13 Aug 2026 08:08:00 +0900",2026-08-13 08:46:03
원자력,원자력 주가,"SK하이닉스, 日키옥시아 최대주주 입지 확보…낸드 재편 시동 걸릴까",변동과 주가 변동성을 둘러싼 일본 재계와 정부의 관심도 고조되는 분위기다. 키옥시아 공장 사진= 키옥시아 도시바의 지분 매각 배경과 SK하이닉스의 투자 구조 도시바는 과거 원자력 발전 사업 실패로 누적된 경영... ,http://www.opinionnews.co.kr/news/articleView.html?idxno=142964,http://www.opinionnews.co.kr/news/articleView.html?idxno=142964,"Wed, 12 Aug 2026 16:14:00 +0900",2026-08-13 08:46:03
원자력,원자력 주가,"`현대건설 두산에너빌리티 협력` 페르미 미국 데이터센터 임대 계약, 주...",확보해 주가가 20% 넘게 상승했다. 페르미는 현대건설 및 두산에너빌리티와 각각 원자력 발전소 기본 설계와 주요 기자재용 관련 협업을 하고 있다. 11일(현지시각) 월스트리트저널 계열의 투자 전문지 배런스에 따르면... ,https://www.businesspost.co.kr/BP?command=article_view&num=444528,https://www.businesspost.co.kr/BP?command=article_view&num=444528,"Wed, 12 Aug 2026 11:04:00 +0900",2026-08-13 08:46:03
원자력,원자력 주가,"[글로벌 마켓] 애플, 트럼프 반대에도 中 CXMT 칩 사용...글로벌 메모리...","다만 올해 버크셔 주가 상승률은 3%로 S&amp;P500 상승률 14%에는 못 미쳤다. □  미 전력 수요, 2027년까지 사상... 원자력은 18% 수준을 유지할 것으로 예상됐다. □ 최근 미국 경제 성장의 3분의 1은 AI 영향 월스트리트저널... ",https://www.banronbodo.com/news/articleView.html?idxno=32808,https://www.banronbodo.com/news/articleView.html?idxno=32808,"Wed, 12 Aug 2026 10:50:00 +0900",2026-08-13 08:46:03
원자력,원자력 주가,"美 SMR 뉴스케일파워, 최대 1조 자본 조달 추진",이 회사 주가는 올해 들어서만 40% 가까이 하락했다. 뉴스케일파워는 미국 에너지부의 지원을 받아 SMR을... 지난 5월 원자력규제위원회(NRC)로부터 설계 인증을 획득했다. SMR 기업 가운데 NRC 설계 인증을 획득한 것은... ,https://www.theguru.co.kr/news/article.html?no=105698,https://www.theguru.co.kr/news/article.html?no=105698,"Wed, 12 Aug 2026 10:16:00 +0900",2026-08-13 08:46:03
원자력,원자력 주가,&quot;여전히 싸다&quot; K증시 문 두드리는 글로벌 큰손들,"그런데도 글로벌 투자자들이 한국 반도체 기업을 계속 들여다보는 이유는 주가보다 이익 전망이 더 빠르게... 투자지형 변화 수혜에 정책 기대까지 해외 자금의 관심사는 반도체를 넘어 방위산업과 조선, 원자력발전... ",https://view.asiae.co.kr/article/2026081209462094844,https://n.news.naver.com/mnews/article/277/0005801972?sid=101,"Wed, 12 Aug 2026 09:56:00 +0900",2026-08-13 08:46:03
원자력,원자력 주가,"美 텍사스, 데이터센터 건설 중단 여파로 전력수요 전망 대폭 하향",이는 텍사스주가 이번 달 초 데이터센터의 신규 전력망 연결 승인을 보류하기로 한 데 따른 것이다. 현재... 이러한 전력 사용량 증가에는 대형 원자력 발전소 약 300기에 해당하는 전력량이 필요하다. 블룸버그 통신은... ,https://www.theguru.co.kr/news/article.html?no=105679,https://www.theguru.co.kr/news/article.html?no=105679,"Wed, 12 Aug 2026 09:40:00 +0900",2026-08-13 08:46:03
원자력,원자력 주가,"국민의힘 장동혁·정점식, 이재명 정부 국정 운영 전반 비판",정점식 원내대표는 “정부와 여당이 ISA 개편안과 주가 누르기 방지법 추진을 번복하면서... 우주항공·원자력 발전 혁신 등 과학기술 발전에 과방위가 앞장서야 한다”고 밝혔다.  김대식... ,http://www.breaknews.com/1228324,http://www.breaknews.com/1228324,"Wed, 12 Aug 2026 08:58:00 +0900",2026-08-13 08:46:03
원자력,원자력 주가,"&quot;일감 늘었는데 돈은 덜 벌었다&quot;…한전KPS, 노무비 덫에 2분기 '어닝쇼크...",증권가는 한전KPS의 올해 영업이익 전망치를 12% 넘게 낮추고 목표주가도 기존 6만7000원에서 5만5000원으로 18... 반면 핵심 사업인 원자력·양수 매출은 1466억원으로 전년 동기 대비 2% 감소했다. 정비 호기 자체는... ,https://www.megaeconomy.co.kr/news/newsview.php?ncode=1065569802023140,https://www.megaeconomy.co.kr/news/newsview.php?ncode=1065569802023140,"Wed, 12 Aug 2026 08:50:00 +0900",2026-08-13 08:46:03
원자력,원자력 주가,[미국주식] 2026년 9월 대표 배당성장주,및 원자력 발전 사업을 영위하고 있습니다. 뉴저지주 최대 규모의 유틸리티 기업으로서 주 내 수백만... 이 날짜를 기준으로 주주 명부에 이름이 등재된 주주가 배당금을 받을 수 있습니다. 2. 우량 배당성장주를... ,https://www.itooza.com/common/iview.php?no=2026081111053843211,https://www.itooza.com/common/iview.php?no=2026081111053843211,"Wed, 12 Aug 2026 07:02:00 +0900",2026-08-13 08:46:03
원자력,원자력 주가,"트럼프미디어, 비트코인에 투자했다 '쓴맛'… 상반기 6억弗 적자","핵융합은 기존 원자력 발전소처럼 원자를 쪼개는 방식이 아니라, 초고온 플라즈마 상태에서 원자핵을... TMTG 주가는 올해 들어 약 30% 하락했다. 트럼프 대통령의 '미국 대통령 신탁'은 TMTG 주식 1억1500만주를... ",https://www.mt.co.kr/world/2026/08/11/2026081117353084546,https://n.news.naver.com/mnews/article/008/0005398622?sid=104,"Tue, 11 Aug 2026 18:09:00 +0900",2026-08-13 08:46:03
원자력,원자력 주가,[운용 NOW] 삼성자산운용·KB자산운용·한국투자신탁운용·NH아문디자산...,반도체 외에는 △조선 △방산 △원자력이 포함된다. 반도체는 대표적인 한국의 전략 산업으로... 에이스 반도체Plus전략산업 ETF 상장 시점에는 '자동차' 관련주가 포함될 예정이다. 자동차 산업은 휴머노이드 분야... ,http://www.wikileaks-kr.org/news/articleView.html?idxno=190820,http://www.wikileaks-kr.org/news/articleView.html?idxno=190820,"Tue, 11 Aug 2026 17:12:00 +0900",2026-08-13 08:46:03
원자력,원자력 주가,6억 달러 적자 낸 트럼프 SNS 회사… 암호화폐 접고 ‘핵융합’ 사업 속...,"기존 원자력발전이 원자핵을 쪼개 에너지를 얻는 핵분열 방식인 것과 달리 핵융합은 초고온 플라스마... TMTG 주가는 올해 들어 약 30% 떨어졌고, 데빈 누네스 CEO는 지난 4월 자리에서 물러났다. 트루스소셜 이용자... ",https://biz.chosun.com/international/international_general/2026/08/11/JFVZPUEDBBEKBO5FVFTTCEJOBI/?utm_source=naver&utm_medium=original&utm_campaign=biz,https://n.news.naver.com/mnews/article/366/0001185575?sid=104,"Tue, 11 Aug 2026 15:20:00 +0900",2026-08-13 08:46:03
원자력,원자력 주가,"한투운용, 'ACE 반도체PLUS전략산업' ETF 상장",원자력이 포함된다. 4개 산업 외 나머지 1개 산업은 △자동차 △제약·바이오 △2차전지 △화장품 △화학 △철강 △금융 △엔터 중 산업 규모와 정책 등을 반영해 선정한다. 상장 시점에는 자동차 관련주가 포함될... ,http://www.smarttimes.co.kr/news/articleView.html?idxno=48038,http://www.smarttimes.co.kr/news/articleView.html?idxno=48038,"Tue, 11 Aug 2026 15:16:00 +0900",2026-08-13 08:46:03
원자력,원자력 주가,"[증권 &amp; Now] NH아문디운용, ESG규정 개편 및 금융 규정 정비 등","방위산업, 원자력 등에 투자한다. 나머지 1개 산업은 자동차, 제약·바이오, 이차전지, 화장품, 화학, 철강, 금융, 엔터테인먼트 가운데 산업 규모와 정책 등을 고려해 선정한다. 상장 시점에는 자동차 관련주가... ",https://www.ebn.co.kr/news/articleView.html?idxno=1719948,https://www.ebn.co.kr/news/articleView.html?idxno=1719948,"Tue, 11 Aug 2026 14:42:00 +0900",2026-08-13 08:46:03
원자력,원전 산업,"NH證 &quot;한국전력, 고유가·고환율 영향 지속…목표가↓&quot;",또 &quot;한전과 한수원의 원전 산업 내 설계·조달·시공(EPC) 역량은 세계 최고 수준&quot;이라며 &quot;미국 포함 해외 원전이 AP1000 중심이더라도 '코스트 앤 피'(Cost-Plus Fee) 기반 계약 조건이 지켜진다면 수익 확보에 어려움은... ,https://www.newsis.com/view/NISX20260813_0003747071,https://n.news.naver.com/mnews/article/003/0014124439?sid=101,"Thu, 13 Aug 2026 08:22:00 +0900",2026-08-13 08:46:04
원자력,원전 산업,"[더벨]오리온이엔씨, 최대 300억 투자유치 추진",연구개발 인력도 원자력공학 석·박사와 원전 산업에서 장기간 근무한 전문가를 중심으로 구성됐다. 기술력은 대형 프로젝트 수주로 이어졌다. 오리온이엔씨는 최근 포스코이앤씨와 약 117억원 규모의... ,https://www.thebell.co.kr/free/content/ArticleView.asp?key=202608111550488960105991,https://www.thebell.co.kr/free/content/ArticleView.asp?key=202608111550488960105991,"Thu, 13 Aug 2026 08:12:00 +0900",2026-08-13 08:46:04
원자력,원전 산업,폭염·가뭄에 유럽 경제 '휘청'…원전 셧다운 위기,"유럽도 극심한 가뭄에 경제 산업 전반에 피해가 커지고 있습니다. 루마니아에선 전력 생산의 20%를 담당하는 원전이 가동 중단 위기에 놓였고, 독일에선 화물선 운항이 어려워지며 물류가 마비될 상황입니다. 김자민... ",https://news.tvchosun.com/site/data/html_dir/2026/08/13/2026081390026.html,https://n.news.naver.com/mnews/article/448/0000633184?sid=104,"Thu, 13 Aug 2026 07:54:00 +0900",2026-08-13 08:46:04
원자력,원전 산업,"“공공기관 2차 이전, 기능중심 유치전략 필요”…경주시, 대응방안 논...","주 시장은 경주가 한국수력원자력, 월성원전, 문무대왕과학연구소, 원자력환경공단, SMR 국가산업단지 등 원자력·에너지 기반을 갖추고 있으며, 세계유산과 천년 신라문화, APEC을 계기로 한 국제교류 기반... ",https://www.munhwa.com/article/11609188?ref=naver,https://n.news.naver.com/mnews/article/021/0002811076?sid=102,"Thu, 13 Aug 2026 07:01:00 +0900",2026-08-13 08:46:04
원자력,원전 산업,[중국 거인의 공급망] ②모터 담당 '와룡전기' 없으면 '유니트리'도 없...,"SH)는 모터를 핵심 기반으로 산업 전반의 구동 수요에 대응하는 전동화 기업이다. 사업 포트폴리오는... 3대 핵심 사업 ① 방폭 전기구동 방폭 전기구동 제품은 석유·가스, 화학, 석탄, 광산, 원전 등 높은 수준의... ",https://www.newspim.com/news/view/20260812000945,https://www.newspim.com/news/view/20260812000945,"Thu, 13 Aug 2026 07:00:00 +0900",2026-08-13 08:46:04
원자력,원전 산업,[인사이드 스토리]구마모토보다 빠르게?…호남 반도체 '2029년'의 딜레마,문제는 '2029년'이라는 시간표의 현실성과 산업적 타당성입니다. 군 공항 이전부터 국가산업단지 조성... 한빛원전에서 광주 군 공항까지 345㎸ 송전망을 새로 연결해야 하는데요. 대규모 전력망 건설에는 통상 5~10년이... ,https://news.bizwatch.co.kr/article/industry/2026/08/12/0035,https://n.news.naver.com/mnews/article/648/0000049784?sid=101,"Thu, 13 Aug 2026 06:50:00 +0900",2026-08-13 08:46:04
원자력,원전 산업,[칼럼] AI는 과거의 기술과 무엇이 다른가,"AI 혁명은 기존의 인쇄혁명이나 산업혁명과 본질적으로 다르다는 것이다. 과거의 혁명들이 '인간이 정보를... 위험이 눈에 보였기에 인류는 그에 걸맞은 방화벽과 안전벨트, 그리고 원전 안전 대책을 설계할 수 있었다.... ",http://www.docdocdoc.co.kr/news/articleView.html?idxno=3041722,http://www.docdocdoc.co.kr/news/articleView.html?idxno=3041722,"Thu, 13 Aug 2026 06:28:00 +0900",2026-08-13 08:46:04
원자력,원전 산업,SMR·양자컴 ‘7대 성장동력’…이 대통령 “AI 시대 다음 먹거리 미리 ...,"소형모듈원전 SMR, 양자컴퓨터는 전력난 해결에 기여할 핵심 기술로 꼽힙니다. [이재명 대통령 : &quot;(양자컴퓨터)... 이재명 대통령은 첨단산업 경쟁력이 국력 제1지표라며, 추격하는 게 아니라 선도자가 돼야 한다고... ",https://news.kbs.co.kr/news/pc/view/view.do?ncd=8635756&ref=A,https://n.news.naver.com/mnews/article/056/0012236777?sid=100,"Thu, 13 Aug 2026 06:12:00 +0900",2026-08-13 08:46:04
원자력,원전 산업,"경주시, 공공기관 2차 이전 '기능 중심 유치전략' 모색","주 시장은 경주가 한국수력원자력과 월성원전, 한국원자력환경공단, 문무대왕과학연구소, SMR 국가산업단지 등 원자력·에너지 인프라를 갖춘 데다 세계유산과 신라문화, APEC을 계기로 한 국제교류 기반, 양성자가속기 등... ",https://www.ajunews.com/view/20260813003821029,https://www.ajunews.com/view/20260813003821029,"Thu, 13 Aug 2026 05:02:00 +0900",2026-08-13 08:46:04
원자력,원전 산업,"동해~동서울 송전망, KTX와 함께 깔았으면 8년 아꼈다",경남 함안일반산업단지에 전력을 공급하는 군북~가야 송전선로 건설 얘기다. 한국전력이 시행하는 154... 동해안 원전과 석탄화력발전소 등에서 생산한 전력을 수도권으로 보내는 약 280㎞ 길이의 동해안~수도권 송전망은... ,https://www.joongang.co.kr/article/25452959,https://n.news.naver.com/mnews/article/025/0003544089?sid=101,"Thu, 13 Aug 2026 05:00:00 +0900",2026-08-13 08:46:04
원자력,원전 산업,SMR-핵융합-우주… 반도체 다음 ‘7대 씨앗’ 키운다,또 AI를 활용해 전력 공급·수요를 관리하는 차세대 전력 그리드 산업화도 가속화할 계획이다. 이 대통령은 “원전은 안전 문제도 있지만 폐기물 처리 문제가 더 큰 것 같다”며 “SMR은 이러한 문제가 어느 정도... ,https://www.donga.com/news/Politics/article/all/20260813/134468681/2,https://n.news.naver.com/mnews/article/020/0003740553?sid=100,"Thu, 13 Aug 2026 04:33:00 +0900",2026-08-13 08:46:04
원자력,원전 산업,“광주-용인 반도체산단에 2000만kW 전력 공급”,정부가 호남권과 용인 반도체 산업단지에 2041년까지 대형 원전 14기 설비 용량에 해당하는 총 2000만 kW(킬로와트) 이상의 전력을 공급한다. 기후에너지환경부는 12일 서울 중구 한국전력공사 경인건설본부에서... ,https://www.donga.com/news/Economy/article/all/20260813/134468984/2,https://n.news.naver.com/mnews/article/020/0003740536?sid=101,"Thu, 13 Aug 2026 04:32:00 +0900",2026-08-13 08:46:04
원자력,SMR 시장,"강기윤 창원시장, 국회 찾아 국비 확보·현안 해결 총력전","강 시장은 의원들을 차례로 만나 총사업비 규모 4,704억 원의 국비 확보 과제 사업 중 698억 원을 내년도 정부 본예산 편성액으로 반영해줄 것을 건의했다. 시가 건의한 주요사업은 △스마트그린 AX실증산단 구축사업 △SMR... ",http://www.enewstoday.co.kr/news/articleView.html?idxno=2458817,http://www.enewstoday.co.kr/news/articleView.html?idxno=2458817,"Thu, 13 Aug 2026 08:20:00 +0900",2026-08-13 08:46:05
원자력,SMR 시장,"정기선, 14일 빌 게이츠 만난다...SMR 제작·선박 적용 협력 확대",HD현대는 육상용 SMR 기자재 공급과 함께 원자로를 선박 동력원으로 활용하는 기술도 개발하고 있다. 조선 분야에서 축적한 대형 구조물 제작 기술과 해양플랜트 역량을 활용해 차세대 원전 시장과 원자력 추진선... ,https://www.joongangenews.com/news/articleView.html?idxno=539725,https://www.joongangenews.com/news/articleView.html?idxno=539725,"Thu, 13 Aug 2026 08:18:00 +0900",2026-08-13 08:46:05
원자력,SMR 시장,[스틸컷] &quot;반도체 이후 우리 먹거리 7개는?&quot;,"7대 시드는 미래 성장동력을 위해 정부가 집중 육성하는 SMR(소형모듈원자로)과 핵융합, 재생에너지... 우리 혁신 기업들과 또 혁신 과학기술인들이 자유롭게 시장을 개척하고 또 담대하게 도전할 수 있도록 정부가 확실하게... ",https://www.dailybrief.co.kr/news/articleView.html?idxno=6515,https://www.dailybrief.co.kr/news/articleView.html?idxno=6515,"Thu, 13 Aug 2026 08:13:00 +0900",2026-08-13 08:46:05
원자력,SMR 시장,[핀포인트] [두산에너빌리티] 26조 수주 잭팟…재무관리 시험대,"이제 시장의 관심은 수주 규모보다 이를 얼마나 빠르게 현금으로 전환하느냐에 쏠릴 전망이다. 10일... 두산에너빌리티는 올해 13조3000억원의 수주를 목표로 하고 있으며, 하반기에만 원전·SMR 3조8000억원, 가스터빈... ",https://news.dealsitetv.com/articles/174510,https://news.dealsitetv.com/articles/174510,"Thu, 13 Aug 2026 08:02:00 +0900",2026-08-13 08:46:05
원자력,SMR 시장,"['K건설' 톺아보기①] 삼성물산 '고난도·친환경' 필두, 해외사업 공략",■ 설계부터-공사까지...SMR 시장 선도 나서 '차세대 원전'으로 꼽히는 소형모듈원전(SMR) 분야에서는 현지 민간 개발사 등과 '선제적 시장 확보' 전략을 펼치고 있다. 삼성물산은 지난해 ▲폴란드 '신토스그린에너지... ,http://www.popcornnews.net/news/articleView.html?idxno=129468,http://www.popcornnews.net/news/articleView.html?idxno=129468,"Thu, 13 Aug 2026 08:00:00 +0900",2026-08-13 08:46:05
원자력,SMR 시장,반도체 다음 '메가'는?…김용범 &quot;7개 씨앗 키워야&quot;[SNS 정책 레이더],"김 실장은 SMR과 핵융합, 양자, 첨단바이오 등 7대 SEED가 당장 반도체와 같은 규모의 시장을 형성한 것은 아니지만 10년 또는 20년 뒤 새로운 성장축이 될 가능성을 지닌 분야라고 평가했다. 3대 메가프로젝트와 7대 SEED... ",https://www.etoday.co.kr/news/view/2613931,https://www.etoday.co.kr/news/view/2613931,"Thu, 13 Aug 2026 07:04:00 +0900",2026-08-13 08:46:05
원자력,SMR 시장,[천지일보 이슈종합] 전남·신천지-과천시·콜롬비아 강진·선관위·태풍...,"◆선관위, 서울시장 등 선거소청 기각… 국민의힘 소송 예고☞(원문보기) 중앙선거관리위원회가 6.3... ◆李 '7대 첨단기술'에 국가역량 집중… &quot;추격 아닌 선도자 돼야&quot;☞(원문보기) 이재명 대통령이 소형모듈원자로(SMR)... ",https://www.newscj.com/news/articleView.html?idxno=3424668,https://www.newscj.com/news/articleView.html?idxno=3424668,"Thu, 13 Aug 2026 07:02:00 +0900",2026-08-13 08:46:05
원자력,SMR 시장,[출근길 포인트] 李대통령 다음 먹거리·투자자예탁금 100조 하회…초거...,"정부가 지정한 7대 시드는 소형모듈원자로(SMR)를 포함해 핵융합, 재생에너지, 양자, 우주·항공, 첨단바이오... 자유롭게 시장을 개척하고 담대하게 도전할 수 있도록 정부가 확실히 뒷받침하겠다&quot;고 약속했다. ◇증시... ",https://www.pointdaily.co.kr/news/articleView.html?idxno=315314,https://www.pointdaily.co.kr/news/articleView.html?idxno=315314,"Thu, 13 Aug 2026 05:00:00 +0900",2026-08-13 08:46:05
원자력,SMR 시장,"강기윤 창원시장, 국회 찾아 국비 확보·현안 해결 총력","강기윤 창원특례시장이 12~13일 이틀간 국회를 찾아 내년도 국비 확보와 지역 현안 해결을 위한 전방위... 주요 국비 사업은 스마트그린 AX실증산단 구축, SMR 제조부품 시험검사 지원센터 건립, 창원국가산단 재생사업... ",https://www.kukinews.com/article/view/kuk202608130001,https://www.kukinews.com/article/view/kuk202608130001,"Thu, 13 Aug 2026 04:40:00 +0900",2026-08-13 08:46:05
방산/우주항공,방산 주가,[시론] 국방 현안에 대한 군심(軍心)은 어떨까,"수도권 부동산 가격 폭등과 세제 개편, 주가 폭락과 단일종목 레버지리 ETF의 졸속 상장 과정, 검찰 보완... 또한 이 정부는 방산 수출을 지원함으로써 국가 발전을 지원하는, 이른바 ‘K-이니셔티브’의 한 축을 군에... ",https://www.dnews.co.kr/uhtml/view.jsp?idxno=202608100954205580367,https://www.dnews.co.kr/uhtml/view.jsp?idxno=202608100954205580367,"Thu, 13 Aug 2026 04:22:00 +0900",2026-08-13 08:46:05
방산/우주항공,방산 주가,"반도체 주도 상승, 코스피 6,579 돌파...미국 AI 투자 기대감","종목별로는 반도체 대표주가 시장 분위기를 주도했다. 삼성전자는 6.68%, SK하이닉스는 5.54% 올랐고, 두... 대신증권 이경민 연구원은 반도체 쏠림만 있었던 것은 아니라며 화장품, 전력기기, 방산 업종도 함께... ",https://www.tokenpost.kr/news/market/389442,https://www.tokenpost.kr/news/market/389442,"Wed, 12 Aug 2026 23:10:00 +0900",2026-08-13 08:46:05
방산/우주항공,방산 주가,"[더나은미래 뉴스브리핑] 外人·기관, 반도체·K뷰티 3조 쓸어담았다......",반도체·화장품·방산 등 주요 업종의 강세에 힘입어 전 거래일 대비 3.68% 오른 6579.04로 급등 마감했다. 장중... 대주주의 '주가 누르기 방지안' 역시 개선 절차를 밟을 것으로 보인다. ◇ “아파트 맞바꾸자”...교환 거래... ,https://futurechosun.com/?p=157444,https://futurechosun.com/?p=157444,"Wed, 12 Aug 2026 21:34:00 +0900",2026-08-13 08:46:05
방산/우주항공,방산 주가,['클릭' 증시] 지수 회복과 청년실업...'속 빈 강정' 경제 우려,"서울 외환시장에서 원·달러 환율은 전일 주간 종가 대비 0.2원 내린 1415.7원을 기록했다.... 이어 &quot;반도체로의 쏠림은 제한적이었으며 화장품, 전력기기, 방산 등 비반도체 업종도 동반 강세를 보이면서 실적... ",http://www.00news.co.kr/news/articleView.html?idxno=105821,http://www.00news.co.kr/news/articleView.html?idxno=105821,"Wed, 12 Aug 2026 19:34:00 +0900",2026-08-13 08:46:05
방산/우주항공,방산 주가,[오늘증시] 반도체주 강세에 코스피 6500선 회복…비반도체 대형주도 동...,"반도체주가 선방하며 시장을 이끌었다. 삼성전자(6.68%)와 SK하이닉스(5.54%)는 장중 상승 폭을 키우며 각각 25만 원, 150만 원대를 회복했다. 상승세는 반도체에만 국한되지 않았다. 전날 하락했던 방산주는 저가... ",http://www.queen.co.kr/news/articleView.html?idxno=461662,http://www.queen.co.kr/news/articleView.html?idxno=461662,"Wed, 12 Aug 2026 19:00:00 +0900",2026-08-13 08:46:05
방산/우주항공,방산 주가,"설설 끓는 KAI 민영화說…최대주주 수은, 컨설팅 착수",방산업계에선 용역 발주가 KAI 매각을 위한 사전작업이 아니냐는 해석이 나온다. 수은은 현재 KAI 지분 26.41%를 보유한 최대주주다. KAI 민영화설은 한화가 지분을 꾸준히 늘려온 것과 맞물려 힘을 얻고 있다.... ,https://www.mk.co.kr/article/12125562,https://n.news.naver.com/mnews/article/009/0005720230?sid=101,"Wed, 12 Aug 2026 17:42:00 +0900",2026-08-13 08:46:05
방산/우주항공,방산 주가,반도체 다음 주목해야 할 종목?...&quot;조선·전력&quot;,"스페이스X 상장 이후 주가가 급락했지만, 산업의 장기적 방향성 자체는 훼손되지 않았다는 것이다. 국내 투자와 관련해서는 &quot;한국 방산주는 우주 비중이 크지 않다. 순수하게 우주에 투자하려면 스페이스X 분할매수가... ",https://www.kpinews.kr/newsView/1065598180539160,https://www.kpinews.kr/newsView/1065598180539160,"Wed, 12 Aug 2026 17:24:00 +0900",2026-08-13 08:46:05
방산/우주항공,방산 주가,7주 연속 미끄러진 코스피 '상승 모색'…변수는 미국 7월 CPI 발표,"삼성전자(005930)와 SK하이닉스(000660)가 주가 25만 원, 150만 원대를 회복하고 방산·화장품·전력기기 등 비반도체 대형주가 강세를 이어간 결과다. 8주 만에 상승세 전환이 기대되는 가운데 이날 저녁 미국의 7월... ",https://www.news1.kr/finance/market-exr/6257135,https://n.news.naver.com/mnews/article/421/0009110833?sid=101,"Wed, 12 Aug 2026 17:09:00 +0900",2026-08-13 08:46:05
방산/우주항공,방산 주가,"코스피, 삼전닉스 강세에 3%대 급등 마감…외인 2.8조 순매수","제한적이었고 화장품, 전력기기, 방산 등 비반도체 업종도 동반 강세를 보였다&quot;고 분석했다. 한편 서울 외환시장에서 이날 미국 달러화 대비 원화 환율은 전날보다 0.3원 내린 1415.7원에 주간 거래를 마쳤다.",http://www.beyondpost.co.kr/view.php?ud=202608121656301542be44c0aacd_30,http://www.beyondpost.co.kr/view.php?ud=202608121656301542be44c0aacd_30,"Wed, 12 Aug 2026 17:02:00 +0900",2026-08-13 08:46:05
방산/우주항공,방산 주가,깊이가 다른 글로벌 투자 정보 GAM - 맛보기편 (8/12),"[사진=로이터 뉴스핌] [일본 특징주] 라쿠텐, 모바일 적자 못 줄이자 1년래 최대 폭락 라쿠텐 주가 폭락... 하락...방산 기술기업 '레조넌트' 5억달러에 인수 조비 에비에이션의 에어택시 [사진=로이터 뉴스핌] [ETF... ",https://www.newspim.com/news/view/20260812000898,https://www.newspim.com/news/view/20260812000898,"Wed, 12 Aug 2026 16:56:00 +0900",2026-08-13 08:46:05
방산/우주항공,방산 주가,"정기선 승계 '실탄' 쌓인다…HD현대, 조선·에너지 호황에 배당↑",최근 주가 기준 평가액(약 4300억~4500억원)에 ‘최대주주 20% 할증평가’를 더해 과세표준을 구하고... HD현대사이트솔루션도 글로벌 업황 회복과 방산 엔진 성장에 힘입어 영업이익이 79.6% 증가한 2720억원을... ,https://www.topdaily.kr/articles/111441,https://www.topdaily.kr/articles/111441,"Wed, 12 Aug 2026 16:49:00 +0900",2026-08-13 08:46:05
방산/우주항공,방산 주가,"'반도체, 살아 있네'.... 코스피, 반도체 강세에 사흘 연속 상승 마감","알파벳은 제프 딘 수석과학자가 구글을 떠나고 AI 관련 부서 리더십 재편이 발표된 지난 5일 이후 주가... 이경민 대신증권 연구원은 &quot;반도체로의 쏠림은 제한적이었으며, 화장품과 전력기기, 방산 등 업종도... ",https://www.getnews.co.kr/news/articleView.html?idxno=877746,https://www.getnews.co.kr/news/articleView.html?idxno=877746,"Wed, 12 Aug 2026 16:48:00 +0900",2026-08-13 08:46:05
방산/우주항공,방산 주가,"[마감시황] 반도체 랠리에 코스피 6579선 복귀…사흘째 상승, 사이드카...","이경민 대신증권 연구원은 반도체뿐 아니라 화장품과 전력기기, 방산 업종도 동반 강세를 보였다고... 코스닥에서도 주성엔지니어링(7.14%)과 원익IPS(6.49%) 등 반도체 소재·부품·장비주가 동반 상승했다.... ",http://www.kdfnews.com/news/articleView.html?idxno=186459,http://www.kdfnews.com/news/articleView.html?idxno=186459,"Wed, 12 Aug 2026 16:44:00 +0900",2026-08-13 08:46:05
방산/우주항공,방산 주가,외인·기관 3.3조 '폭풍매수'…반도체·K뷰티 질주에 코스피 3.68%↑,삼성전자와 SK하이닉스 등 대형 반도체주와 화장품·방산주가 동반 강세를 보이면서 장중 6600선을 돌파했고 매수 사이드카도 발동됐다. 코스피가 전 거래일보다 233.51포인트(3.68%) 오른 6759.04에 마감한 12일 오후... ,http://www.newsian.co.kr/news/articleView.html?idxno=93653,http://www.newsian.co.kr/news/articleView.html?idxno=93653,"Wed, 12 Aug 2026 16:24:00 +0900",2026-08-13 08:46:05
방산/우주항공,방산 주가,"코스피, 삼전닉스 강세에 '6570선 안착'…코스닥 0.12%↑","이경민 대신증권 연구원은 &quot;대형 반도체주가 급등하면서 강세장을 이어갔다&quot;며 &quot;다만 반도체주 쏠림 현상이 제한적이었으며 화장품, 전력기기, 방산 등 비반도체 업종도 동반 강세를 보였다&quot;고 진단했다.... ",http://www.newsprime.co.kr/news/article.html?no=743664,http://www.newsprime.co.kr/news/article.html?no=743664,"Wed, 12 Aug 2026 16:16:00 +0900",2026-08-13 08:46:05
방산/우주항공,우주항공 산업,현대로템·KAI 'KF-21 공대공 미사일' 동맹…'패키지 수출' 정조준,국내 방위산업을 이끄는 현대로템과 한국항공우주산업(KAI)이 한국형 초음속 전투기 KF-21에 탑재될 장거리 공대공 미사일의 독자 개발과 체계통합을 위해 전략적 협력에 나선다. 글로벌 방산 시장에서 항공기와 탑재... ,http://www.fnnews.com/news/202608130838574426,https://n.news.naver.com/mnews/article/014/0005560905?sid=101,"Thu, 13 Aug 2026 08:44:00 +0900",2026-08-13 08:46:06
방산/우주항공,우주항공 산업,"한화, 동남권 AI·우주항공 생태계 구축 시동..지역 거점 국립대와 인재...","한국정경신문 정아람 기­자 ottokaeee@gmail.com [한국정경신문=정아람 기자] 한화가 동남권 인공지능과 우주항공 산업 생태계를 이끌어갈 지역 인재 양성에 본격적으로 나선다.한화에어로스페이스, 한화오션, 한화엔진 등... ",https://kpenews.com/View.aspx?No=4184668,https://kpenews.com/View.aspx?No=4184668,"Thu, 13 Aug 2026 08:18:00 +0900",2026-08-13 08:46:06
방산/우주항공,우주항공 산업,"경상국립대, 미국 올랜도서 우주항공방산 특성화 비전 알려","경상국립대가 지난 5일부터 8일까지 미국 플로리다주 올랜도에서 열린 '2026 한미과학기술학술대회(UKC)'에 참가해 세계적 석학, 과학기술·산업계 리더들과 교류하고 대학의 우주항공방산 특성화 노선과 연구 비전을... ",http://www.enewstoday.co.kr/news/articleView.html?idxno=2458826,http://www.enewstoday.co.kr/news/articleView.html?idxno=2458826,"Thu, 13 Aug 2026 08:10:00 +0900",2026-08-13 08:46:06
방산/우주항공,우주항공 산업,"정부, 7대 산업 육성… 경남 SMR·우주항공 주목","정부의 SMR 국가전략기술 지정과 특별법 통과로 지역에서는 세제 혜택과 민간 투자, 실증단지 조성 등에 관심이 쏠리고 있으며, 우주항공산업도 민관합동 추진단을 가동한 상태다. 정부는 이날 보고회를 통해... ",https://www.knnews.co.kr/news/articleView.php?idxno=1548614,https://www.knnews.co.kr/news/articleView.php?idxno=1548614,"Thu, 13 Aug 2026 07:58:00 +0900",2026-08-13 08:46:06
방산/우주항공,우주항공 산업,"한화*국립대*지자체, AI*우주항공 인재 양성 맞손","한화그룹 계열사 3곳과 경남도와 부산시, 경상국립대와 부산대, 국립창원대가 손을 잡고 AI와 우주항공 산업 생태계 구축을 위한 지역인재 양성 협약을 체결했습니다. 이번 협약에 따라 대학에는 계약학과와 석사과정이... ",https://news.knn.co.kr/news/article/191193,https://news.knn.co.kr/news/article/191193,"Thu, 13 Aug 2026 07:48:00 +0900",2026-08-13 08:46:06
방산/우주항공,우주항공 산업,"한화, 지역 국립대에 계약학과 신설…AI·우주인재 양성 속도",앞서 김동관 한화그룹 수석부회장은 지난달 영남권 첨단산업 발전비전 국민보고회에서 55조원 규모 영남권 AI·우주항공 투자 계획과 함께 지역인재 양성 의지를 밝혔다. 한화는 지역인재 양성·협력업체 기술력 제고... ,https://biz.heraldcorp.com/article/10839488?ref=naver,https://n.news.naver.com/mnews/article/016/0002683170?sid=101,"Thu, 13 Aug 2026 07:33:00 +0900",2026-08-13 08:46:06
방산/우주항공,우주항공 산업,"한화와 피 섞은 센트로이드PE, 방산기업 인수 노린다",방위산업을 향한 것으로 확인됐다. 10일 투자은행(IB) 업계에 따르면 센트로이드PE는 올해 상반기 한 중견... 시장 관계자는 &quot;센트로이드PE는 한화그룹 계열사들의 굵직한 크로스보더 딜이나 방산·우주항공 M&amp;A에... ,https://www.bloter.net/news/articleView.html?idxno=670602,https://n.news.naver.com/mnews/article/293/0000088994?sid=101,"Thu, 13 Aug 2026 07:00:00 +0900",2026-08-13 08:46:06
방산/우주항공,우주항공 산업,"경상국립대학교, 미국 올랜도서 한인 과학자들과 연구 협력 모색…&quot;연구...","이번 행사에서 경상국립대 대표단은 세계 각국의 과학기술 연구자와 산업계 관계자, 대학 지도자들과 교류하며 대학의 연구 역량과 글로벌 협력 방향을 소개했다. 특히 우주항공·방산을 중심으로 한 대학의 특성화... ",https://www.lecturernews.com/news/articleView.html?idxno=208381,https://www.lecturernews.com/news/articleView.html?idxno=208381,"Thu, 13 Aug 2026 06:52:00 +0900",2026-08-13 08:46:06
방산/우주항공,우주항공 산업,"[중국 특징주] 성하동력, 3150억 규모 '액체 운반로켓 기지' 착공","지난달 츠저우시는 '츠저우시 상업우주항공 산업 3개년 행동계획(2026~2028년)'을 발표했다. 해당 계획은 발전의 전략적 '창구기'를 선점해 상업우주항공 혁신 발전의 거점을 조성하고, 2028년까지 전 산업사슬 규모를... ",https://www.newspim.com/news/view/20260813000034,https://www.newspim.com/news/view/20260813000034,"Thu, 13 Aug 2026 06:20:00 +0900",2026-08-13 08:46:06
방산/우주항공,우주항공 산업,"한화, 동남권 ‘AI·우주항공’ 생태계 키운다","부산대 등 국립대 3곳과 협력 지역인재 육성·연구개발 확대 한화가 동남권 인공지능(AI)·우주항공 산업 생태계 구축을 위해 지역 거점 국립대와 손잡고 인재 양성에 나선다. 한화에어로스페이스와 한화오션, 한화엔진은... ",https://www.segye.com/newsView/20260812519811?OutUrl=naver,https://n.news.naver.com/mnews/article/022/0004150633?sid=101,"Thu, 13 Aug 2026 06:04:00 +0900",2026-08-13 08:46:06
방산/우주항공,우주항공 산업,"[박근종 칼럼] 7대 첨단기술을 차세대 성장 엔진으로 제시, 기초과학 육...","이재명 대통령은 지난 8월 12일 &quot;반도체 산업이 만들어 준 절호의 기회를 활용해 인공지능(AI) 시대... '7대 SEED'는 미래 경제·안보 핵심 자산이 될 ▷소형모듈원자로(SMR), ▷핵융합, ▷재생에너지, ▷양자, ▷우주·항공... ",https://www.mhns.co.kr/news/articleView.html?idxno=756315,https://www.mhns.co.kr/news/articleView.html?idxno=756315,"Thu, 13 Aug 2026 05:54:00 +0900",2026-08-13 08:46:06
방산/우주항공,우주항공 산업,"한화, 동남권 대학과 AI∙우주항공 인재 양성","한화가 동남권 인공지능(AI)·우주항공 산업 생태계 구축을 위해 지역 거점 국립대학들과 인재 양성에 나선다. 한화에어로스페이스, 한화오션, 한화엔진은 12일 경남 창원특례시의 한화에어로스페이스 연구개발(R＆D)... ",https://www.seoul.co.kr/news/economy/industry/2026/08/13/20260813031005?wlog_tag3=naver,https://n.news.naver.com/mnews/article/081/0003669966?sid=101,"Thu, 13 Aug 2026 05:04:00 +0900",2026-08-13 08:46:06
방산/우주항공,우주항공 산업,"한화, 동남권 대학과 손잡고 AI·우주항공 지역인재 키운다",한화가 동남권 AI·우주항공 산업 생태계 구축을 위해 지역인재 양성에 나선다. 한화에어로스페이스·한화오션·한화엔진은 12일 창원특례시 한화에어로스페이스 3사업장 R&amp;D센터에서 경상국립대·부산대·국립창원대와... ,https://www.kukinews.com/article/view/kuk202608130002,https://www.kukinews.com/article/view/kuk202608130002,"Thu, 13 Aug 2026 05:02:00 +0900",2026-08-13 08:46:06
방산/우주항공,K방산 수출,"&quot;K-방산 경쟁력 한 차원 높인다&quot;…현대로템, KAI와 손잡고 항공무장 영토...",이와 함께 항공기와 탑재 무정을 연계한 패키지형 수출 모델을 공동 발굴하고 국내외 시장 진출을 위한 마케팅을 함께 펼칠 방침이다. 최근 글로벌 방산 시장에서 항공기와 무장 체계를 하나로 묶어 제안하는 토탈... ,https://www.thefairnews.co.kr/news/articleView.html?idxno=84915,https://www.thefairnews.co.kr/news/articleView.html?idxno=84915,"Thu, 13 Aug 2026 08:42:00 +0900",2026-08-13 08:46:07
방산/우주항공,K방산 수출,"현대로템-KAI, '항공기+무장' 패키지 수출…K-방산 외연 넓힌다",항공기와 탑재무장을 묶어 수출하는 글로벌 방산시장의 흐름에 맞춰 양사의 기술을 결합하고 패키지형 수출 경쟁력을 확보한다는 전략이다. 현대로템은 지난 12일 경남 사천 KAI 본사에서 KAI와 K-방산의 글로벌 경쟁력... ,https://www.shinailbo.co.kr/news/articleView.html?idxno=5050915,https://www.shinailbo.co.kr/news/articleView.html?idxno=5050915,"Thu, 13 Aug 2026 08:38:00 +0900",2026-08-13 08:46:07
방산/우주항공,K방산 수출,"현대로템, KAI와 KF-21 탑재 장거리 공대공미사일 개발 협력",현대로템은 지난 12일 경남 사천 KAI 본사에서 KAI와 K-방산의 글로벌 경쟁력 제고와 항공무장 발전을 위한... 패키지형 수출 모델 발굴 ▲국내외 사업 기회 공동 발굴 및 글로벌 마케팅 등 다양한 분야에서 협력을 확대해... ,https://www.munhwa.com/article/11609214?ref=naver,https://n.news.naver.com/mnews/article/021/0002811102?sid=100,"Thu, 13 Aug 2026 08:37:00 +0900",2026-08-13 08:46:07
방산/우주항공,K방산 수출,"현대로템, KAI와 장거리 공대공 미사일 개발 협력",현대로템은 지난 12일 경남 사천 KAI 본사에서 KAI와 K방산의 글로벌 경쟁력 제고와 항공무장 발전을 위한... 패키지형 수출 모델 발굴 ▲국내외 사업 기회 공동 발굴 및 글로벌 마케팅 등 다양한 분야에서 협력을 확대해... ,https://weekly.hankooki.com/news/articleView.html?idxno=7178759,https://weekly.hankooki.com/news/articleView.html?idxno=7178759,"Thu, 13 Aug 2026 08:34:00 +0900",2026-08-13 08:46:07
방산/우주항공,K방산 수출,"美 국방부, PAC-3 4배 확대…K방산, 중동·유럽 수혜 창 열린다",미국산 공급 지연은 LIG D&amp;A와 한화그룹의 중동·유럽 수출 창을 넓히는 호재로 작용할 수 있다는 관측이... 방산기업 노스롭그루먼이 고체 로켓 모터 연간 생산량을 2024년 1만 3000기에서 2029년 2만 5000기로 늘릴... ,https://www.g-enews.com/view.php?ud=202608130728111612fbbec65dfb_1,https://www.g-enews.com/view.php?ud=202608130728111612fbbec65dfb_1,"Thu, 13 Aug 2026 07:44:00 +0900",2026-08-13 08:46:07
방산/우주항공,K방산 수출,"한화에어로, 폴란드서 140억 즈워티 천무 탄약 생산 착수",라다르는 8월 12일(현지시각) 이번 사업이 한국 방산의 완제품 수출 구조를 현지 공동 생산 체제로 바꾸고... 신설 공장은 호마르-K 시스템에 탑재할 239mm CGR-080 정밀 유도탄을 연간 수천 발 생산한다. 총 계약 물량은... ,https://www.g-enews.com/view.php?ud=202608130704405009fbbec65dfb_1,https://www.g-enews.com/view.php?ud=202608130704405009fbbec65dfb_1,"Thu, 13 Aug 2026 07:28:00 +0900",2026-08-13 08:46:07
방산/우주항공,K방산 수출,[알림]방산 초강국 필요조건 찾는다…기술인재 '집적'·K패키지법 논의,"유 연구위원은 '방산 수출의 히든카드, 전략자산 인재'를, 이 과장은 '방산 스케일업 정책'을 주제로 논의합니다. 사회는 이무영 시대 제도혁신연구소 부소장이 맡습니다. 이번 포럼을 시대와 공동 주최하는 국회... ",https://www.sidae.com/article/2026081216081351809,https://n.news.naver.com/mnews/article/417/0001155216?sid=102,"Thu, 13 Aug 2026 06:00:00 +0900",2026-08-13 08:46:07
방산/우주항공,K방산 수출,"논산시, '대한민국 지방자치대상' 대상…혁신행정 전국이 인정","연결해 'K-국방의 심장, 논산'이라는 도시 브랜드를 구축하고 국방군수산업을 지역경제의 핵심 성장축으로 키워왔다. 국방미래기술연구센터 유치와 국방국가산업단지 승인, 기회발전특구 지정, 방산기업 유치... ",https://www.tournews21.com/news/articleView.html?idxno=140862,https://www.tournews21.com/news/articleView.html?idxno=140862,"Thu, 13 Aug 2026 05:22:00 +0900",2026-08-13 08:46:07
방산/우주항공,K방산 수출,K방산의 양극화… 대기업 순이익 4배 늘 때 중기 28% 감소,"한 방산 업계 관계자는 “대기업이 해외 수출을 늘려 방산 부문에서 성장하고 있지만, 막상 수출한 무기를 만들 때 협력사에 하도급을 준 부분에 대한 대금 지급을 미루는 경우가 많다”고 했다. 최근 세계 각국이 자국... ",https://www.chosun.com/economy/industry-company/2026/08/13/A64XIDEOENDF3IC6UYLXEWLA6U/?utm_source=naver&utm_medium=referral&utm_campaign=naver-news,https://n.news.naver.com/mnews/article/023/0003992734?sid=101,"Thu, 13 Aug 2026 00:52:00 +0900",2026-08-13 08:46:07
방산/우주항공,K방산 수출,“다국적 연합작전 주도할 세계적 수준의 작전수행 역량 입증”…공군...,"개발해 수출된 인도네시아 공군의 T-50i, 필리핀 공군의 FA-50PH가 우리 공군의 KF-16과 나란히 비행했다는 점도 이번 훈련의 의미 중 하나다. 이들이 하나의 편대군으로 서로 엄호하고 작전을 수행한 것은 K방산의 우수성을... ",https://www.munhwa.com/article/11609168?ref=naver,https://n.news.naver.com/mnews/article/021/0002811056?sid=100,"Wed, 12 Aug 2026 23:58:00 +0900",2026-08-13 08:46:07
방산/우주항공,K방산 수출,"캐나다서 쓴맛 본 K잠수함, 남미서 대반전?…이번엔 아르헨티나 [밀리터...",최근 아르헨티나 군사전문매체 고르도스 데펜사(Gordos Defensa)와 중남미 방산매체 등에 따르면... 앞서 2300t급 HDS-2300도 기본승인을 획득하면서 수출형 잠수함 제품군을 확대했다. 아르헨티나 시장에는 이미 유럽... ,https://nownews.seoul.co.kr/news/newsView.php?id=20260812601018&wlog_tag3=naver,https://n.news.naver.com/mnews/article/081/0003669889?sid=104,"Wed, 12 Aug 2026 21:56:00 +0900",2026-08-13 08:46:07
방산/우주항공,K방산 수출,"신한은행, '신한SOL클러스터 부산' 개소식 개최 外",특히 '신한SOL클러스터 부산'은 조선·방산·함정 MRO를 중심으로 항만·물류 분야까지 중점 지원한다. 대형... 구매자금 ▲수출입금융 ▲설비투자금융 등을 지원한다. 또한 투자금융·자본시장 솔루션·기업컨설팅 등... ,https://www.rcast.co.kr/news/articleView.html?idxno=31454,https://www.rcast.co.kr/news/articleView.html?idxno=31454,"Wed, 12 Aug 2026 18:46:00 +0900",2026-08-13 08:46:07
방산/우주항공,K방산 수출,'천궁-Ⅱ 대박인 줄만'…바닥난 미국 패트리엇 '뜻밖의 반전' [배창학의...,"&lt;앵커&gt; 그동안 패트리엇이 부족해질 때면 대체재로 K-방산의 천궁-Ⅱ가 각광을 받았는데, 이번에도... 패트리엇과 동급 무기로 여겨져 중동 국가들에 수출됐고 전쟁에 투입돼 96% 요격률을 기록했습니다. 패트리엇이... ",https://www.wowtv.co.kr/NewsCenter/News/Read?articleId=A202608120584&t=NNv,https://n.news.naver.com/mnews/article/215/0001262167?sid=101,"Wed, 12 Aug 2026 18:15:00 +0900",2026-08-13 08:46:07
철강/조선,철강 주가,[EBN 오늘(12일) 이슈 종합] 삼성전자 7% 뛰어도 '팔자'…SK하이닉스는 ...,반도체주가 동반 급등하는 가운데서도 삼성전자에서는 차익 실현에 나서고 SK하이닉스에는 추가 상승을... 11일 철강업계에 따르면 현대제철 노사는 지난달 31일 임단협 잠정합의안을 도출한 데 이어 지난 5일 조합원... ,https://www.ebn.co.kr/news/articleView.html?idxno=1720178,https://www.ebn.co.kr/news/articleView.html?idxno=1720178,"Wed, 12 Aug 2026 20:30:00 +0900",2026-08-13 08:46:07
철강/조선,철강 주가,"[올댓차이나] 대만 증시, 美 반도체주 강세에 기술주 매수로 사흘째 상...","대만 타이베이 증시는 12일 전날 뉴욕 증시 약세에도 반도체주가 강세를 보이면서 주력 기술주에... 창룽해운 역시 1.61%, 완하이 0.58%, 한샹 1.75%, 전자부품주 궈쥐 2.43%, 허타이차 1.37%, 철강주 창룽강 1.02... ",https://www.newsis.com/view/NISX20260812_0003746860,https://n.news.naver.com/mnews/article/003/0014124078?sid=104,"Wed, 12 Aug 2026 19:53:00 +0900",2026-08-13 08:46:07
철강/조선,철강 주가,"대한제당 10만주·아남전자 5만주 등… 코스피 47개사, 13일 자사주 매입","코스피(유가증권시장) 상장사 47개사가 오는 13일 주가 안정 및 주주가치 제고 등을 목적으로... 이어 아남전자(008700), 동아지질(028100), KT(030200), 한국철강(104700), iM금융지주(139130), 드림텍(192650)... ",https://www.newstnt.com/news/articleView.html?idxno=713765,https://www.newstnt.com/news/articleView.html?idxno=713765,"Wed, 12 Aug 2026 18:44:00 +0900",2026-08-13 08:46:07
철강/조선,철강 주가,SK하이닉스도 성과급 파업?…원∙하청노조 하투에 K반도체 '흔들',"향후 주가 하락으로 손실을 볼 수 있는 주식으로 성과급을 받는 것은 손해라며 반대하고 있다. 노조는 또... 자동차·조선·철강으로 하투 전선 확대 반도체 외에도 자동차, 조선, 철강 등 우리나라 제조산업 곳곳에서... ",https://www.insightkorea.co.kr/news/articleView.html?idxno=252104,https://www.insightkorea.co.kr/news/articleView.html?idxno=252104,"Wed, 12 Aug 2026 15:00:00 +0900",2026-08-13 08:46:07
철강/조선,철강 주가,[셀럽의 한 수] 동전주 퇴출 D-1 영향은? &quot;전체 시장에 영향은 미미할 것...,823곳 주가 상승 - 삼성전자·SK하이닉스 지난 6월 최고점 찍고 하락 - 건설주 큰 폭 상승…GS건설 48%·대우건설 32%↑ - 2차전지·철강·에너지화학·기계장비 등 섹터 전반 온기 - 삼전닉스 극단 쏠림 완화…개별 종목 위주... ,https://biz.sbs.co.kr/article_hub/20000328238?division=NAVER,https://n.news.naver.com/mnews/article/374/0000527063?sid=101,"Wed, 12 Aug 2026 14:26:00 +0900",2026-08-13 08:46:07
철강/조선,철강 주가,GTX 노선 착공·연장 사업 본격화… 수도권 광역급행철도주 폭풍 매수,"GTX 노선 건설에 따른 인프라 수주 기대감과 철도 구조물 및 기자재 수요 증가 전망이 주가를 끌어올린... GS건설, IPARK현대산업개발, 비츠로시스, 삼현철강, HL D&amp;I가 소폭 내림세를 기록 중이다. 전문가들은 GTX 테마의... ",https://www.pinpointnews.co.kr/news/articleView.html?idxno=476625,https://www.pinpointnews.co.kr/news/articleView.html?idxno=476625,"Wed, 12 Aug 2026 11:20:00 +0900",2026-08-13 08:46:07
철강/조선,철강 주가,"‘AI 토건사업’ 3대 메가프로젝트, 청구서가 밀려온다","콘크리트와 철강 등 건설자재가 필요하다. 반도체 팹 역시 막대한 고전압 전력과 공업용수를 소비하는... 전력·용수 부족, 생태계 훼손, 소음, 전기요금 인상을 이유로 데이터센터 건설에 저항하거나 중단하는 주가 늘고... ",https://h21.hani.co.kr/arti/economy/economy_general/59714.html,https://n.news.naver.com/mnews/article/036/0000054029?sid=101,"Wed, 12 Aug 2026 11:06:00 +0900",2026-08-13 08:46:07
철강/조선,철강 주가,삼전닉스 '주주환원' 아우성 &quot;실적 좋다며? 근데 주가는 왜이래?&quot;,"'자사주 매입 소각 방식' - 대주주인 오너 입장에선 '자사주 매입소각', 주가 올라 달갑지만은 않아..배당이... 우리 기업이 주주 환원에만 신경을 썼으면 지금의 반도체도, 조선, 철강도, 현대차도 없었을 테니까 참 다들... ",https://www.ytn.co.kr/_ln/0102_202608121105155680,https://n.news.naver.com/mnews/article/052/0002392269?sid=101,"Wed, 12 Aug 2026 11:05:00 +0900",2026-08-13 08:46:07
철강/조선,철강 주가,[전격시사] 송영길 더불어민주당 의원 - “1호 국정과제 뭔지도 몰라…...,메모리 주가가 올라야 됩니다. 지금 조금씩 오르고 있습니다. ▷ 소현정 : 그러면 질문은 이걸 할 수밖에... 당장 광양제철이 철강 관세 50%라든지 CBAM이라고 탄소국경제도 때문에 지금 유럽 시장에도 제한이 있고 특히... ,https://news.kbs.co.kr/news/pc/view/view.do?ncd=8634949&ref=A,https://n.news.naver.com/mnews/article/056/0012236157?sid=100,"Wed, 12 Aug 2026 10:36:00 +0900",2026-08-13 08:46:07
철강/조선,철강 주가,[특징주] 호남 반도체 클러스터 속도…관련株 '금호전기·금호건설' 강세,"12일 호남 반도체 클러스터 관련주가 연일 강세를 보이고 있다. 정부가 오는 2029년 반도체 팹 1차 완공을... 이외에도 남화토건(18.13%), 서산(15.84%), 동양파일(8.93%), 다스코(4.52%), 강동씨앤엘(2.36%), 부국철강(1.44%) 등... ",https://www.newspim.com/news/view/20260812000333,https://www.newspim.com/news/view/20260812000333,"Wed, 12 Aug 2026 10:10:00 +0900",2026-08-13 08:46:07
철강/조선,철강 주가,"[더벨][자본재조정 나선 포스코그룹] 상장사 지분매각 단행, 포스코퓨처...",두 거래 모두 3년 기한 주가수익스왑(PRS) 계약이 적용된다. PRS는 일정 시점에 주가 변동에 따른 손익을... 세부적으로 △철강 6조7000억원 △LNG 및 신재생 사업 3조1000억원 △리튬사업 2조4000억원 △신산업 및 피지컬 AI... ,https://www.thebell.co.kr/free/content/ArticleView.asp?key=202608101130406200103348,https://www.thebell.co.kr/free/content/ArticleView.asp?key=202608101130406200103348,"Wed, 12 Aug 2026 07:02:00 +0900",2026-08-13 08:46:07
철강/조선,철강 주가,"[올댓차이나] 대만 증시, 실적 기대 기술주 매수로 이틀째 상승 마감…...","주요 8대 업종 가운데 시장 비중이 절대적인 전자기기주가 0.53%, 시멘트·요업주 0.49%, 식품주 0.59... 37%, 철강주 스지강 2.16%, 아세아 시멘트 1.52%, 방직주 신광합성섬유(新纖) 2.02%, 제지주 중화펄프 0.37... ",https://www.newsis.com/view/NISX20260811_0003745183,https://n.news.naver.com/mnews/article/003/0014121409?sid=104,"Tue, 11 Aug 2026 20:25:00 +0900",2026-08-13 08:46:07
철강/조선,철강 주가,"신원 20만주·신한지주 13만주 등… 코스피 47개사, 12일 자사주 매입",코스피(유가증권시장) 상장사 47개사가 오는 12일 주가 안정 및 주주가치 제고 등을 목적으로... 주 ▲한국철강(104700) 3만 주 ▲보락(002760) 2만 주 ▲유니드비티플러스(446070) 2만 주 ▲아세아제지(002310)... ,https://www.newstnt.com/news/articleView.html?idxno=713627,https://www.newstnt.com/news/articleView.html?idxno=713627,"Tue, 11 Aug 2026 19:26:00 +0900",2026-08-13 08:46:07
철강/조선,철강 주가,[이격도과열 종목] 동양파일 LK삼양 본느 서산 코칩 NHN '앗~뜨거',"코스닥 시장에서 단기간에 주가가 급등하면서 20일 이동평균선과의 괴리가 크게 벌어진 이격도과열 종목이... 철강 관련주에서는 EG와 금강철강이 포함됐고, 건설 및 인프라 관련주에서는 동양파일과 서산 등이 급등했다.... ",https://www.pinpointnews.co.kr/news/articleView.html?idxno=476371,https://www.pinpointnews.co.kr/news/articleView.html?idxno=476371,"Tue, 11 Aug 2026 16:16:00 +0900",2026-08-13 08:46:07
철강/조선,조선 산업,"부산시, '흰여울문화마을 사람들 이야기' 구술 자료집 발간",이 책은 6·25 전쟁 피란민이 부산 영도구 영선동 일대 해안 절벽과 비탈면에 정착한 후 영도 지역 조선 및 항만 산업 성장과 함께 대량의 주거지가 조성된 '흰여울문화마을'의 형성과 변천의 역사를 주민의 생생한... ,https://www.yna.co.kr/view/AKR20260813018000051?input=1195m,https://n.news.naver.com/mnews/article/001/0016248345?sid=103,"Thu, 13 Aug 2026 08:04:00 +0900",2026-08-13 08:46:08
철강/조선,조선 산업,[박성동 칼럼] 범정부적 관리를 통한 북극항로의 성공적 개발,"아울러 새로운 조선 및 운항기술 개발 등을 통해 조선·해양산업의 신성장동력으로서 국가경쟁력을 강화하게 되며, 국가공급망 안보를 강화하고 국제교류를 확대할 수 있는 국가 전략적 자산이 될 수 있을 것이다.... ",https://www.m-i.kr/news/articleView.html?idxno=1401633,https://www.m-i.kr/news/articleView.html?idxno=1401633,"Thu, 13 Aug 2026 08:02:00 +0900",2026-08-13 08:46:08
철강/조선,조선 산업,"스크린이 부순 신상, 박물관은 온전히 지켰다","국립인천해양박물관 기획전시실에서 무료로 관람할 수 있다. 지난 5월 사전 공개된 '오디세이, 그리스 신화 오디세우스의 대모험'과 한·그리스 조선산업 협력사를 소개하는 팝업 전시 '더 퍼스트 웨이브'도 함께 만날 수 있다.",https://view.asiae.co.kr/article/2026081209445580507,https://n.news.naver.com/mnews/article/277/0005802390?sid=103,"Thu, 13 Aug 2026 08:00:00 +0900",2026-08-13 08:46:08
철강/조선,조선 산업,李 “공공기관 몰아서 보낼것”… 지자체 “마지막 기회” 사활건 유치...,"경남도는 우주항공과 방위산업, 조선·해양 등 제조업 기반을 내세워 한국산업기술진흥원, KOTRA, 한국환경공단 등 5곳을 핵심 유치 대상으로 정했다. 경남도 공공기관이전추진단 관계자는 “3차 이전은 없다고 보고... ",https://www.donga.com/news/Politics/article/all/20260813/134468978/2,https://n.news.naver.com/mnews/article/020/0003740539?sid=100,"Thu, 13 Aug 2026 04:33:00 +0900",2026-08-13 08:46:08
철강/조선,조선 산업,울산테크노파크 '제조 AX' 본격화…국비 50억원 확보,"총사업비 71억7200만원(국비 50억1800만원·민간부담금 21억5400만원)이 투입되는 이번 3개 과제는 울산의 양대 주력산업인 조선과 자동차 분야를 대상으로 추진된다. 조선 분야에서는 로봇 용접, 자동차 분야에서는 차체... ",https://www.ksilbo.co.kr/news/articleView.html?idxno=1064498,https://www.ksilbo.co.kr/news/articleView.html?idxno=1064498,"Thu, 13 Aug 2026 00:02:00 +0900",2026-08-13 08:46:08
철강/조선,조선 산업,"경남·부산·한화·지역대학, 청년 취업사다리 구축 맞손",기업이 요구하는 전문인재를 지역대학에서 맞춤형으로 양성하고 공동 연구개발과 채용으로 이어지도록 지원해 청년 유출을 막는 동시에 우주·방산·조선 등 동남권 주력산업의 경쟁력을 높일 계획이다. 박완수... ,http://www.newstown.co.kr/news/articleView.html?idxno=712174,http://www.newstown.co.kr/news/articleView.html?idxno=712174,"Wed, 12 Aug 2026 21:40:00 +0900",2026-08-13 08:46:08
철강/조선,조선 산업,선장·조타수 없이 고난도 '8'자 운항‥'무인수상정' 타 보니‥,"조선업과 방위산업 모두 강한 우리 기업들, 한화는 30톤급 시제함, 자폭용에 이어 140톤급 무인정을 속속 내놓을 예정이고, '바다의 검' 해검으로 가장 먼저 무인정을 선보였던 LIG는 미국 AI기업 팔란티어와, HD현대중공업... ",https://imnews.imbc.com/replay/2026/nwdesk/article/6844322_37004.html,https://n.news.naver.com/mnews/article/214/0001517520?sid=101,"Wed, 12 Aug 2026 20:22:00 +0900",2026-08-13 08:46:08
철강/조선,조선 산업,"정기선, 14일 방한 빌 게이츠 만난다…SMR·핵융합 협력 논의 관측",정 회장은 “태양의 힘을 지상에 구현하는 세계 최대 핵융합 프로젝트의 핵심 구조물인 진공 용기 9개 중 4개를 HD현대중공업이 성공적으로 제작해 납품했다”며 “조선 산업에서 축적한 초대형·고정밀 기술이... ,https://www.khan.co.kr/article/202608121955001,https://n.news.naver.com/mnews/article/032/0003463863?sid=101,"Wed, 12 Aug 2026 19:55:00 +0900",2026-08-13 08:46:08
철강/조선,조선 산업,"미래산업 정조준…신한은행, 'SOL클러스터'로 기업금융 새판 짠다","지난달 1일부터 운영을 시작한 부산 SOL클러스터는 조선·방산·함정 유지·보수·정비(MRO)를 중심으로 동남권 전략산업 기업을 발굴한다. 부산·경남권 조선기자재와 방산 협력업체, 항만·물류 연관기업 등이 주요 지원... ",https://www.asiatoday.co.kr/kn/view.php?key=20260812010004131,https://www.asiatoday.co.kr/kn/view.php?key=20260812010004131,"Wed, 12 Aug 2026 18:12:00 +0900",2026-08-13 08:46:08
철강/조선,조선 산업,"[중앙로365] AI 에이전트가 결제하는 시대, 그리고 부산","항만에선 국제 물류 대금이 매일 오가고, 남포동과 서면에는 외국인 관광객의 소액 결제가 이어지며, 조선·해운 산업의 국제 정산은 일상이다. 여기에 AI 에이전트가 얹혔을 때 어떤 그림이 그려질지는 어렵지 않게... ",https://www.busan.com/view/busan/view.php?code=2026081218091196321,https://n.news.naver.com/mnews/article/082/0001393676?sid=110,"Wed, 12 Aug 2026 18:10:00 +0900",2026-08-13 08:46:08
철강/조선,조선 산업,해양수도권 구축 위해 해수부·부울경 단체장·상공계 하나로 뭉친다,"해운기업 유치를 위한 인센티브와 규제 개선 방안을 제안하고 부산에 집적된 조선기자재 산업을 중심으로 해양AX, 조선 AI 구축 방안도 함께 논의할 계획이다. 시는 부산상의 등과 연계한 투자유치 전략을 본격 추진하고... ",https://www.busan.com/view/busan/view.php?code=2026081218082920553,https://n.news.naver.com/mnews/article/082/0001393675?sid=101,"Wed, 12 Aug 2026 18:10:00 +0900",2026-08-13 08:46:08
철강/조선,조선 산업,"미국 넘어 캐나다까지…K-조선, 북미 함정 MRO 거점 확보 경쟁","대표적으로 미국 사모펀드 서버러스와 50억 달러 규모의 한·미 조선산업 투자펀드를 조성한 사례가 있다. HD현대 관계자는 &quot;미국 내 조선소 인수와 현대화, 기자재·공급망 기업 투자, 자율운항·인공지능(AI) 등 첨단... ",https://www.ajunews.com/view/20260812141408968,https://www.ajunews.com/view/20260812141408968,"Wed, 12 Aug 2026 18:02:00 +0900",2026-08-13 08:46:08
철강/조선,조선 산업,부울경 기업 유치 공동전선…해수부·경제계도 손잡는다,"부산의 항만·물류·금융, 울산의 제조·에너지, 경남의 조선·기계 산업을 연결하는 것도 주요 과제다. 북극항로 등 해상 물류환경 변화에 맞춰 부울경을 단일 해양경제권으로 묶겠다는 구상이다. 협약 이후에는 지역... ",https://www.mhns.co.kr/news/articleView.html?idxno=756304,https://www.mhns.co.kr/news/articleView.html?idxno=756304,"Wed, 12 Aug 2026 17:24:00 +0900",2026-08-13 08:46:08
철강/조선,조선 산업,"조선·방산 넘어 함정 MRO까지…신한은행, 부산 해양산업 공급망 공략","조선·방산 산업은 대형 조선사와 방산업체뿐 아니라 선박 기자재와 부품, 정비 등 다수의 협력업체가 연결돼 있다. 수주가 늘어날수록 협력기업도 원재료 구매와 생산설비 확충 등에 필요한 자금을 선제적으로 확보해야... ",https://www.e-science.co.kr/news/articleView.html?idxno=133437,https://www.e-science.co.kr/news/articleView.html?idxno=133437,"Wed, 12 Aug 2026 17:22:00 +0900",2026-08-13 08:46:08
철강/조선,조선 산업,"신한은행, 부산에 해양산업 금융 거점… 조선·방산·함정 지원 강화",ㅣ신한은행 신한은행이 부산에 지역 특화 금융 거점을 마련하고 조선·방산·함정 정비(MRO)와 항만·물류 등 동남권 해양산업 지원을 강화한다. 기업의 수주와 투자 초기 단계부터 금융 수요를 파악해 자금 지원까지... ,http://www.biztribune.co.kr/news/articleView.html?idxno=357344,http://www.biztribune.co.kr/news/articleView.html?idxno=357344,"Wed, 12 Aug 2026 16:38:00 +0900",2026-08-13 08:46:08
철강/조선,조선 산업,‘신한SOL클러스터 부산’ 개소식,"특히 조선과 방위산업 등을 중심으로 항만과 물류 분야까지 중점 지원한다. 이를 위해 대형 조선사와 방산, 해운기업은 물론 부품·정비 등 중소 협력업체까지 공급망 전반을 살핀다. 아울러 북극항로 개척 과정에서... ",https://www.naeil.com/news/read/598576?ref=naver,https://www.naeil.com/news/read/598576?ref=naver,"Wed, 12 Aug 2026 16:38:00 +0900",2026-08-13 08:46:08
철강/조선,조선 산업,&quot;지역 경계 허문다&quot; 동남권 지역인재 양성·채용 업무협약,"부산시는 이번 협약을 통해 동남권의 주력 산업인 조선·해양과 항공우주·방산, 미래모빌리티와 차세대에너지 분야를 이끌어갈 현장 맞춤형 핵심인재를 공동으로 육성하고 기술 경쟁력을 극대화한다. 협약 내용에 따라... ",https://www.nocutnews.co.kr/news/6562032?utm_source=naver&utm_medium=article&utm_campaign=20260812043506,https://n.news.naver.com/mnews/article/079/0004178113?sid=102,"Wed, 12 Aug 2026 16:36:00 +0900",2026-08-13 08:46:08
철강/조선,조선 산업,경부울 시도지사 잇단 만남…광역행정 형태·협력 방안 찾을까,"경남의 조선기자재·제조업과 부산의 항만·물류·해양금융, 울산의 조선 등 지역별 주력산업을 하나의 산업 생태계로 연결하는 것이 해양수도권 구상의 핵심이다. 중앙정부와 지방정부, 경제계가 함께 경부울을 하나의... ",https://www.idomin.com/news/articleView.html?idxno=2012251,https://www.idomin.com/news/articleView.html?idxno=2012251,"Wed, 12 Aug 2026 16:36:00 +0900",2026-08-13 08:46:08
철강/조선,조선 산업,"미국 정부 고위 관료 한화필리조선소 방문해 공급망 지원 추진, &quot;생산 확...",레플러 청장은 &quot;중소기업청은 지난해 30억 달러(약 4조2500억 원)의 자금을 제조 업체에 지원했다&quot;며 &quot;조선 산업 부문에도 3200만 달러(약 453억 원)를 지원했다&quot;고 덧붙였다.,https://www.businesspost.co.kr/BP?command=article_view&num=444587,https://www.businesspost.co.kr/BP?command=article_view&num=444587,"Wed, 12 Aug 2026 16:20:00 +0900",2026-08-13 08:46:08
철강/조선,선박 수주,"韓 조선, 7월 세계 선박 수주 시장 점유율 16% '2위'…중국 81% '독주'",지난달 우리나라 조선 업계가 세계 선박 수주 시장 점유율이 16%로 중국에 이어 2위에 머물렀다. 12일 영국 조선해운시황 전문기관인 클락슨리서치에 따르면 7월 전세계 선박 수주량은 357만CGT... ,https://www.getnews.co.kr/news/articleView.html?idxno=877692,https://www.getnews.co.kr/news/articleView.html?idxno=877692,"Thu, 13 Aug 2026 08:42:00 +0900",2026-08-13 08:46:09
철강/조선,선박 수주,GS리테일·HD현대 '2026 기업가치 제고 계획' 수립...2분기 매출 22조4094...,"HD한국조선해양은 고부가가치 친환경 선박 시장에서의 우위를 지속 이어가고, 선별 수주 전략을 바탕으로 수익성을 강화해 나갈 예정이다. HD현대마린솔루션은 선박 부품 및 서비스 관련 AM 부문과 친환경 개조... ",http://www.wsobi.com/news/articleView.html?idxno=316416,http://www.wsobi.com/news/articleView.html?idxno=316416,"Thu, 13 Aug 2026 08:26:00 +0900",2026-08-13 08:46:09
철강/조선,선박 수주,"독일 초계함, 엔진 연마재 사보타주 수사 미궁…K-방산 수주 논리 탄력",이는 해외 함정 사업에서 납기 신뢰와 보안을 강조하는 한국 조선업계의 수주 명분을 보강하는 요인으로... 초계함 쾰른호에서는 정수 공급 배관을 찌르고 연료탱크 마개를 제거했으며 선박 전자 제어 장치 안전 스위치를... ,https://www.g-enews.com/view.php?ud=202608130742217259fbbec65dfb_1,https://www.g-enews.com/view.php?ud=202608130742217259fbbec65dfb_1,"Thu, 13 Aug 2026 08:00:00 +0900",2026-08-13 08:46:09
철강/조선,선박 수주,"한국 조선업, 7월 수주 점유율 16%… 중국과 격차 확대",다만 선박 1척당 수주 규모에선 한국이 중국을 앞서며 질적 경쟁력을 유지한 것으로 나타났다. 12일 영국 조선·해운 시황 전문기관 클락슨리서치에 따르면 7월 세계 선박 발주량은 357만CGT(137척)로 전월... ,https://www.knnews.co.kr/news/articleView.php?idxno=1548611,https://www.knnews.co.kr/news/articleView.php?idxno=1548611,"Thu, 13 Aug 2026 07:58:00 +0900",2026-08-13 08:46:09
철강/조선,선박 수주,반도체 온실가스 90% 제거…녹색대전환 이끄는 한국환경산업기술원 [정...,이는 소나무 약 3000그루의 60년간 탄소 흡수량과 맞먹는 수준이다. 현재 14대를 대상으로 현장 실증도... 세계 최초로 개발한 해상이동형 해수담수화 플랜트(선박)는 하루 100톤의 바닷물을 생활용수로 바꿔 가뭄지역 섬... ,https://www.kukinews.com/article/view/kuk202608120173,https://www.kukinews.com/article/view/kuk202608120173,"Thu, 13 Aug 2026 07:02:00 +0900",2026-08-13 08:46:09
철강/조선,선박 수주,정기선·빌게이츠 ‘SMR 깐부’…7개월 만에 다시 만난다,용기도 수주해 제작 중이다. 정 회장과 게이츠 이사장은 지난해 3월 미국에서 만나 나트륨 원자로... 위한 우선협상대상자로 선정됐다. HD현대는 SMR을 선박 동력원으로 활용하는 기술 개발도 추진하고 있다.,https://www.sedaily.com/article/20078795?ref=naver,https://n.news.naver.com/mnews/article/011/0004651233?sid=101,"Thu, 13 Aug 2026 07:00:00 +0900",2026-08-13 08:46:09
철강/조선,선박 수주,"[IR 분석] CJ대한통운, 'E2E 전략' 별도 제시…성장 둔화 '포워딩' 해법...",포워딩 업체가 화물에 맞는 선박·항공편을 예약하고 운송 일정과 통관 등을 관리한다. 프로젝트 포워딩은... CJ대한통운은 2분기 미국 사업에서 대형 고객사 출고 본격화와 포워딩과의 교차영업 확대로 신규 수주... ,https://www.fetv.co.kr/news/articleView.html?idxno=308297,https://www.fetv.co.kr/news/articleView.html?idxno=308297,"Thu, 13 Aug 2026 07:00:00 +0900",2026-08-13 08:46:09
철강/조선,선박 수주,"美 증시, 7월 CPI 둔화 속 혼조 마감···AI·반도체주, 호실적에 강세...","수주잔고도 전년 동기 대비 246% 증가했다고 밝히며 주가가 19% 급등했고요. 또다른 네오클라우드 기업... 홍해와 오만만에서 여전히 선박 피격 소식이 들려오고 있지만, OPEC이 올해 세계 원유 수요 전망을 하루 58만... ",http://www.wowtv.co.kr/NewsCenter/News/Read?articleId=A202608130275&t=NN,https://n.news.naver.com/mnews/article/215/0001262194?sid=101,"Thu, 13 Aug 2026 06:56:00 +0900",2026-08-13 08:46:09
철강/조선,선박 수주,"[상반기 기업 분석] 정기선 HD현대 회장, 주력 계열사에서도 선전",삼성증권이 &quot;HD현대중공업은 발전용 엔진을 잇달아 수주하면서 선박용 엔진 수요 감소에 따른 우려를 덜었다. 회사가 AI 시대에 걸맞게 새 성장축을 마련했다&quot;며 HD현대중공업에 대해 투자의견 매수와... ,https://www.koreareport.co.kr/news/articleView.html?idxno=52126,https://www.koreareport.co.kr/news/articleView.html?idxno=52126,"Thu, 13 Aug 2026 06:24:00 +0900",2026-08-13 08:46:09
철강/조선,선박 수주,NATO 방공망 조준한 러시아 드론…유럽 안보 비상,그림자 선박과 노획 무인기를 활용한 하이브리드 공격을 늘리고 있다고 보도했다. 이에 대공 레이더망을 운용 중인 한국 방산 체계에도 전력 증강 수요로 이어질 수 있다는 관측이 나온다. 그림자 선박 발사대와 핵심... ,https://www.g-enews.com/view.php?ud=202608121618077368fbbec65dfb_1,https://www.g-enews.com/view.php?ud=202608121618077368fbbec65dfb_1,"Thu, 13 Aug 2026 03:06:00 +0900",2026-08-13 08:46:09
철강/조선,선박 수주,"대원전선, 장중 10%대 강세…전력망 투자 기대 속 거래량 급증","다만 전선 제조의 핵심 원재료인 구리 가격이 높은 수준을 유지하면 원가 부담도 함께 커질 수 있어 수요... 인근 선박 공격 소식으로 국제유가도 상승하고 있다. 12일에는 Brent유가 배럴당 89달러대, WTI가 84달러대로... ",https://www.cbci.co.kr/news/articleView.html?idxno=597743,https://www.cbci.co.kr/news/articleView.html?idxno=597743,"Thu, 13 Aug 2026 00:00:00 +0900",2026-08-13 08:46:09
철강/조선,선박 수주,"정기선·빌 게이츠, 14일 서울서 회동…SMR 협력 논의",용기도 수주해 제작 중이다. 정 회장과 게이츠는 지난해 3월 미국에서 만나 나트륨 원자로 상업화를 위한... 위한 우선협상대상자로 선정됐다. HD현대는 SMR을 선박 동력원으로 활용하는 기술 개발도 추진한다.,https://www.etoday.co.kr/news/view/2613907,https://www.etoday.co.kr/news/view/2613907,"Wed, 12 Aug 2026 20:52:00 +0900",2026-08-13 08:46:09
철강/조선,선박 수주,"HD현대 회장 정기선 14일 빌 게이츠와 회동, 'SMR' 협력 방안 논의",2024년 12월에는 테라파워로부터 원통형 원자로 용기 제작 프로젝트를 수주해 제작하고 있다. 정 회장과... HD현대는 육상 원전뿐 아니라 SMR을 선박 동력원으로 활용하는 기술 개발도 추진하고 있다.,https://www.businesspost.co.kr/BP?command=article_view&num=444625,https://www.businesspost.co.kr/BP?command=article_view&num=444625,"Wed, 12 Aug 2026 20:46:00 +0900",2026-08-13 08:46:09
철강/조선,선박 수주,"정기선 HD현대 회장, 빌 게이츠와 14일 회동…SMR 협력 확대 논의",용기를 수주해 제작하고 있다. 정 회장과 게이츠는 지난해 3월 미국에서 만나 나트륨 원자로 상업화를... HD현대는 육상용 원전 사업뿐 아니라 SMR을 선박 동력원으로 활용하는 기술 개발도 추진하고 있다. 조선·해양... ,https://www.ebn.co.kr/news/articleView.html?idxno=1720177,https://www.ebn.co.kr/news/articleView.html?idxno=1720177,"Wed, 12 Aug 2026 20:18:00 +0900",2026-08-13 08:46:09
철강/조선,선박 수주,"정기선, 빌 게이츠 만난다…소형모듈원전 협력 방안 논의할 듯",2024년 12월 HD현대는 테라파워가 미국 와이오밍주에 건설하는 345㎿급 소듐냉각고속로(SFR)에 탑재될 원자로 용기를 수주해 제작하고 있다. HD현대는 SMR을 선박 동력원으로 활용하는 기술 개발도 추진하고 있다.,https://view.asiae.co.kr/article/2026081219594414494,https://n.news.naver.com/mnews/article/277/0005802325?sid=101,"Wed, 12 Aug 2026 19:59:00 +0900",2026-08-13 08:46:09
에너지/석유,에너지 주가,'월 1.4억원' 트루스소셜 미리보기 서비스 피소…&quot;이례적 부패 행위&quot;,"금융 데이터업체 DTN 집계 결과, 지난 6월 트럼프 대통령이 이란 관련 글을 올렸을 당시 게시 1분 만에 200만주 넘는 거래가 몰리며 에너지·산업재 주가가 2% 이상 출렁였습니다. 트럼프 대통령이 호르무즈 해협을 순찰하던... ",https://news.jtbc.co.kr/article/NB12313119?influxDiv=NAVER,https://n.news.naver.com/mnews/article/437/0000505942?sid=104,"Thu, 13 Aug 2026 08:20:00 +0900",2026-08-13 08:46:10
에너지/석유,에너지 주가,'벼랑 끝' 동전주 27곳 관리종목행…23곳은 액면병합 '꼼수',"주가 1000원 미만 동전주 요건이 도입되면서 동전주 상태가 장기간 이어진 종목들이 무더기로 관리종목으로... 에스에너지, 랩지노믹스, 뉴인텍, 에이비온, 형지글로벌, E8 등 17곳이 신규 지정됐다. 이미 관리종목으로... ",https://view.asiae.co.kr/article/2026081307424128782,https://n.news.naver.com/mnews/article/277/0005802423?sid=101,"Thu, 13 Aug 2026 08:20:00 +0900",2026-08-13 08:46:10
에너지/석유,에너지 주가,[뉴욕마켓워치] '예상 부합' CPI에도 끈질긴 긴축 베팅…달러↑주식·채...,몇 주간 기다려왔다&quot;며 &quot;유가가 조금씩 오르는 것은 중동 분쟁에서 비롯한 공급 불안이 아직 해소되지 않고 있다는 의미&quot;라고 말했다. 한편 미국 에너지정보청(EIA)에 따르면 지난 7일로 끝난 일주일간 상업용 원유... ,https://news.einfomax.co.kr/news/articleView.html?idxno=4429883,https://news.einfomax.co.kr/news/articleView.html?idxno=4429883,"Thu, 13 Aug 2026 08:16:00 +0900",2026-08-13 08:46:10
에너지/석유,에너지 주가,하닉 ADR 9% 올라…'미국 AI 관련주 실적 양호',"양호한 실적을 발표한 수퍼마이크로컴퓨터, 코어위브, 네비우스 등 AI 데이터 관련주가 10~30% 급등했다.... 미국 7월 소비자물가지수는 전년에 비해 3.4% 올라 6월보다 상승폭이 둔화됐고, 가격변동폭이 큰 에너지와... ",https://www.koreareport.co.kr/news/articleView.html?idxno=52132,https://www.koreareport.co.kr/news/articleView.html?idxno=52132,"Thu, 13 Aug 2026 08:16:00 +0900",2026-08-13 08:46:10
에너지/석유,에너지 주가,"뉴욕증시, CPI 둔화에도 혼조 마감-AI 인프라주 '깜짝 실적'에 기술주 강...",변동성이 큰 에너지와 식품을 제외한 근원 CPI 상승률 역시 6월 2.6%에서 7월 2.5%로 둔화했다. 최근... 종목별로는 AI 관련주가 두드러진 상승세를 보였다. AI 클라우드 업체 코어위브와 서버 제조업체... ,https://www.mediafine.co.kr/news/articleView.html?idxno=86498,https://www.mediafine.co.kr/news/articleView.html?idxno=86498,"Thu, 13 Aug 2026 08:14:00 +0900",2026-08-13 08:46:10
에너지/석유,에너지 주가,[코스피·코스닥지수] 미국 CPI 둔화에 코스피 상승 탄력 이어질까…반...,변동성이 큰 에너지와 식품을 제외한 근원 CPI 역시 전년 동월 대비 2.5% 상승해 6월의 2.6%보다 상승률이 낮아졌다. 물가 압력이 예상보다 크게 확대되지 않으면서 미국 연방준비제도의 추가적인 금리 인상에 대한... ,https://www.lecturernews.com/news/articleView.html?idxno=208401,https://www.lecturernews.com/news/articleView.html?idxno=208401,"Thu, 13 Aug 2026 08:12:00 +0900",2026-08-13 08:46:10
에너지/석유,석유 시장,[국제유가] 美·이란 협상 교착에 강보합…WTI 83.27달러·브렌트 88.98달...,석유수출국기구(OPEC)와 국제에너지기구(IEA)의 수요 전망 역시 유가 상단을 제한하는 변수로 꼽힌다. 최근 시장에서는 지정학적 위험에 따른 공급 우려와 글로벌 원유 수요 둔화 가능성이 맞서면서 유가가 뚜렷한... ,https://www.goodkyung.com/news/articleView.html?idxno=290225,https://www.goodkyung.com/news/articleView.html?idxno=290225,"Thu, 13 Aug 2026 08:44:00 +0900",2026-08-13 08:46:10
에너지/석유,석유 시장,호르무즈 협상 교착에도 국제유가 보합...수요 감소·美 재고 급증에 상...,중동 지역의 원유 공급 차질과 높은 유가가 장기화하면서 원유 투입과 석유제품 소비가 동시에 위축되고 있다는 분석이다. 미국 원유 재고가 시장 예상과 달리 큰 폭으로 증가한 점도 유가를 끌어내렸다. 미국... ,https://www.joongangenews.com/news/articleView.html?idxno=539730,https://www.joongangenews.com/news/articleView.html?idxno=539730,"Thu, 13 Aug 2026 08:30:00 +0900",2026-08-13 08:46:10
에너지/석유,석유 시장,[국제유가] 호르무즈 차질에 수요 전망 하향…강보합 마감,OPEC은 월간 석유시장 보고서에서 2026년 세계 석유 수요 증가 전망치를 하루 58만배럴로 낮췄다. IEA도 2026년 석유 수요 전망치를 하향 조정했다. IEA는 올해 석유 수요가 하루 160만배럴 감소할 것으로 예상했다. 동시에... ,https://www.shinailbo.co.kr/news/articleView.html?idxno=5050901,https://www.shinailbo.co.kr/news/articleView.html?idxno=5050901,"Thu, 13 Aug 2026 08:28:00 +0900",2026-08-13 08:46:10
에너지/석유,석유 시장,"IEA, 올해 석유공급 감소폭 확대 전망…호르무즈 봉쇄 여파",12일(현지시간) 연합뉴스에 따르면 국제에너지기구(IEA)는 이날 발간한 8월 석유 시장 리포트에서 올해 석유 공급량이 연평균 하루 430만 배럴 감소할 것이라고 밝혔다. 이는 지난달 예측치인 하루 370만 배럴 감소보다... ,https://www.tfmedia.co.kr/news/article.html?no=206442,https://www.tfmedia.co.kr/news/article.html?no=206442,"Thu, 13 Aug 2026 08:24:00 +0900",2026-08-13 08:46:10
에너지/석유,석유 시장,"신한證 “정유, 전쟁보다 긴 호황⋯리레이팅 현재진행형”",글로벌 석유재고 재축적에 약 18개월이 필요할 수 있다고 언급했다”며 “설비 복구 이후에도 생산 증가분이 재고 비축에 우선 흡수되며 현물시장 정상화는 예상보다 더디게 진행될 전망”이라고 말했다. 글로벌... ,https://www.etoday.co.kr/news/view/2613952,https://www.etoday.co.kr/news/view/2613952,"Thu, 13 Aug 2026 07:58:00 +0900",2026-08-13 08:46:10
에너지/석유,석유 시장,건설수주 1806.5% 급증에도… 관광객 8.4만명 줄며 제주경제 둔화,공공·토목 분야의 수주 급증과 별개로 민간 주택시장의 부진이 지속되고 있다. 고용은 상대적으로... 석유류 물가는 여전히 15.5%의 높은 상승률을 기록했지만 6월 21.0%보다는 상승 폭이 줄었다. 농축수산물도 5.3... ,http://www.fnnews.com/news/202608130742076327,https://n.news.naver.com/mnews/article/014/0005560887?sid=102,"Thu, 13 Aug 2026 07:52:00 +0900",2026-08-13 08:46:10
에너지/석유,석유 시장,석화 4사 일제히 반등…체력 회복은 '제각각',LG화학 대산공장 NCC 전경./ LG화학 제공 | 서울=한스경제 김창수 기자 | 국내 석유화학 4사가 올해 2분기... 롯데케미칼 여수공장 전경./ 롯데케미칼 ▲ 3Q 이후 시장 전망 유동적…高부가제품 판매 운용 '관건... ,http://www.hansbiz.co.kr/news/articleView.html?idxno=856238,http://www.hansbiz.co.kr/news/articleView.html?idxno=856238,"Thu, 13 Aug 2026 07:30:00 +0900",2026-08-13 08:46:10
에너지/석유,석유 시장,"국제유가, 미국과 이란간 협상교착 등 영향 5거래일째 상승-브렌트유 배...",이날 국제에너지기구(IEA)는 이날 발표한 8월 석유시장 리포터에서 올해 전세계 석유수요 전망을 하향조정했다. 미국 에너지정보청(EIA)가 발표한 주간 석유재고통계에서 원유재고는 시장예상치와는 반대로 증가한... ,http://www.econonews.co.kr/news/articleView.html?idxno=442738,http://www.econonews.co.kr/news/articleView.html?idxno=442738,"Thu, 13 Aug 2026 07:28:00 +0900",2026-08-13 08:46:10
에너지/석유,정유 산업,&quot;GS의 새 성장엔진은 AI 데이터센터…순이익 20% 확대 기대&quot; 유진證,"GS가 정유사업 호조를 발판으로 인공지능 데이터센터(AIDC)를 새로운 성장동력으로 키운다. 강원 동해를... AIDC가 들어설 북평산업단지는 분양면적의 약 70%가 미분양 상태로, 대규모 데이터센터 구축에 필요한... ",http://www.fnnews.com/news/202608121705154638,https://n.news.naver.com/mnews/article/014/0005560894?sid=101,"Thu, 13 Aug 2026 08:23:00 +0900",2026-08-13 08:46:11
에너지/석유,정유 산업,"K뷰티는 도쿄로, J푸드는 서울로...‘장바구니 크로스’[한일新소비지도...","12일 관세청 수출입무역통계에 따르면 정유·향료·화장품·화장용품(HS 33류)의 대일 수출액은 2022년... 양국은 정상 간 셔틀외교를 이어가며 경제안보와 공급망, 첨단산업 등으로 협력 범위를 넓혀왔다. 이재명... ",https://www.etoday.co.kr/news/view/2613299,https://www.etoday.co.kr/news/view/2613299,"Thu, 13 Aug 2026 05:30:00 +0900",2026-08-13 08:46:11
에너지/석유,정유 산업,정석근 SK하이퍼 대표 &quot;AI 경쟁의 본질은 인프라 확보 전쟁&quot;,"정 대표는 &quot;과거 도로·인터넷망이 깔릴 때 자동차, 정유, 게임, 검색·통신 산업이 함께 생겨났듯 AI DC도 전후방에 큰 경제적 파급 효과를 낼 것&quot;이라고 내다봤다. 그러면서 &quot;통신업은 고객이 더 빠른 속도와 더 많은... ",https://www.newscj.com/news/articleView.html?idxno=3424654,https://www.newscj.com/news/articleView.html?idxno=3424654,"Wed, 12 Aug 2026 22:28:00 +0900",2026-08-13 08:46:11
에너지/석유,정유 산업,정유 4사 상반기 영업이익 15조원 육박 큰폭 실적 반등,다만 정유사의 실적 반등과 울산 석유화학산업의 업황은 구분해서 볼 필요가 있다. 석유화학업계는 중국발 공급과잉과 수요 부진으로 사업재편 압력을 받고 있다. 정유업계의 이익 확대가 곧바로 석유화학 제품 수요... ,https://www.ulsanpress.net/news/articleView.html?idxno=580932,https://www.ulsanpress.net/news/articleView.html?idxno=580932,"Wed, 12 Aug 2026 21:42:00 +0900",2026-08-13 08:46:11
에너지/석유,정유 산업,화재 위험 첨단화 양상…못 따라가는 '소방 목적세',/전광현 기자 maggie@incheonilbo.com 대형 물류센터와 첨단산업 시설이 늘면서 화재 위험의 양상이 복잡해지고... 현행 제도는 저유장·주유소·정유소와 일정 규모 건축물 등 화재위험 건축물에 일반 산출세액의 2배를... ,https://www.incheonilbo.com/news/articleView.html?idxno=1329512,https://www.incheonilbo.com/news/articleView.html?idxno=1329512,"Wed, 12 Aug 2026 19:36:00 +0900",2026-08-13 08:46:11
에너지/석유,정유 산업,애꿎은 러·우 민간인 ‘피눈물’…러시아 사상자 개전 이후 최대치 폭...,실제로 가장 최근 사례는 지난 10일 모스크바에서 약 885㎞ 떨어진 타타르스탄 지역의 산업도시 니즈네캄스크에 있는 정유공장에서 벌어졌다. 이날 우크라이나의 장거리 드론 공습으로 최소 13명의 민간인이 사망했는데... ,https://nownews.seoul.co.kr/news/newsView.php?id=20260812601025&wlog_tag3=naver,https://n.news.naver.com/mnews/article/081/0003669871?sid=104,"Wed, 12 Aug 2026 18:31:00 +0900",2026-08-13 08:46:11
에너지/석유,정유 산업,가오슝이 전남광주에 주는 세 가지 교훈 / 주정민,"팹 부지는 국영 석유회사 CPC의 옛 정유와 나프타 분해공장 자리였다. 석유화학 쇠퇴로 공장이 철수해 이미 산업용지로 정리된 땅이라 토지수용 갈등이 없었다. 게다가 도심에 있어 직원 정주여건과 교통, 물류 문제까지... ",http://www.kjdaily.com/article.php?aid=1786526436684375028,http://www.kjdaily.com/article.php?aid=1786526436684375028,"Wed, 12 Aug 2026 18:24:00 +0900",2026-08-13 08:46:11
에너지/석유,정유 산업,AI 날개 단 GS…&quot;만년 저평가 해소 기대&quot;,구체화되면서 ‘정유 본업’과 ‘AI 인프라’라는 이중 날개를 달았다는 평가가 나온다. ◇정유 호조가... AI 데이터센터 산업 진출로 기업 가치가 향상될 것이라는 관측이 나온다. 황성현 유진투자증권 연구원은... ,https://www.hankyung.com/article/2026081275771,https://n.news.naver.com/mnews/article/015/0005320198?sid=101,"Wed, 12 Aug 2026 17:59:00 +0900",2026-08-13 08:46:11
에너지/석유,정유 산업,"줄이는 한국 석화, 룰 바꾸는 아람코[기자수첩]","기존 석화산업이 원유를 정제해 나프타를 만들고 이를 NCC에 투입하는 방식이라면, TC2C는 정유와 석화 공정을 통합해 원유에서 석화제품으로 이어지는 공정을 줄이는 기술이다. 결국 같은 석화제품을 만들더라도 얼마나... ",https://www.newsway.co.kr/news/view?ud=2026081217065969359,https://www.newsway.co.kr/news/view?ud=2026081217065969359,"Wed, 12 Aug 2026 17:42:00 +0900",2026-08-13 08:46:11
에너지/석유,정유 산업,"석유공사, 안전관리 역량 · 전문성 기반 지역사회 안전문화 확산 기여",■ 용어 설명 PSM(Process Safety Management) = 공정안전관리. 석유화학·정유·가스 등 위험물질을 대량으로 취급하는 사업장에서 화재·폭발·누출 등 중대 산업 사고를 예방하기 위해 공정과 설비를 체계적으로 관리하는 제도,https://www.todayenergy.kr/news/articleView.html?idxno=301505,https://www.todayenergy.kr/news/articleView.html?idxno=301505,"Wed, 12 Aug 2026 16:00:00 +0900",2026-08-13 08:46:11
에너지/석유,정유 산업,"산업차관 &quot;韓 IRA, 시행과정 보며 추가적으로 보완할 것&quot;","문 차관은 '정유산업의 원유 수입 경로 다변화와 설비 투자에 대한 세액공제 추가에 대해 어떻게 생각하는가'에 대해 &quot;세제 개편안에 이 부분이 빠져 있는 상황인데 산업부 예산에 다변화와 관련해 정제설비, 설비투자에... ",https://www.newsis.com/view/NISX20260812_0003746392,https://n.news.naver.com/mnews/article/003/0014123509?sid=101,"Wed, 12 Aug 2026 15:34:00 +0900",2026-08-13 08:46:11
에너지/석유,정유 산업,"제이엔케이글로벌, 나이지리아에 1713억 규모 산업용 가열로 공급 계약",한국중견기업연합회 회원사 제이엔케이글로벌은 12일 나이지리아 단고테그룹 산하 단고테 정유·화학 프리존 기업과 정유공장 2단계 확장 프로젝트의 핵심 설비인 산업용 가열로 공급 계약을 체결했다고 밝혔다. 1981년... ,https://www.newspim.com/news/view/20260812000751,https://www.newspim.com/news/view/20260812000751,"Wed, 12 Aug 2026 14:59:00 +0900",2026-08-13 08:46:11
에너지/석유,정유 산업,청변을 보면 국산목재 공급체계가 보인다,정유산업은 원유를 하나의 제품으로 사용하지 않는다. 원료의 특성을 분석하고 분리하고 다시 가공해 서로 다른 가치의 제품으로 만든다. 광산업도 캐낸 원광을 그대로 평가하지 않고 선별·농축해 가치 있는 성분을... ,https://www.woodkorea.co.kr/news/articleView.html?idxno=90782,https://www.woodkorea.co.kr/news/articleView.html?idxno=90782,"Wed, 12 Aug 2026 14:28:00 +0900",2026-08-13 08:46:11
에너지/석유,정유 산업,"감축 전제로 고탄소 기업에도 투자···NH아문디, 전환금융 길 연다",제철소가 석탄 기반 공정을 수소로 바꾸거나 정유공장이 설비 효율을 높이는 사업처럼 고탄소 산업의 배출량을 줄이는 데 필요한 투자도 포함된다. 정부 2월부터 전환 금융 체계 도입 정부는 올해 한국형 전환 금융... ,https://www.womaneconomy.co.kr/news/articleView.html?idxno=257210,https://www.womaneconomy.co.kr/news/articleView.html?idxno=257210,"Wed, 12 Aug 2026 14:02:00 +0900",2026-08-13 08:46:11
에너지/석유,정유 산업,하만규 한국주강 대표 “대기업 독점하던 120t급 주강품 이젠 국내엔 우...,"선박과 발전 설비, 함정 등 국가 핵심 산업의 뼈대가 되는 대형 주강이 단순한 부품 조달을 넘어 ‘소재... 현재 추진 중인 노르웨이 정유·가스 표준 규격인 노르삭(NORSOK) 인증을 취득할 경우, 공급 가능한 특수강종의... ",https://www.etoday.co.kr/news/view/2613716,https://www.etoday.co.kr/news/view/2613716,"Wed, 12 Aug 2026 13:58:00 +0900",2026-08-13 08:46:11
에너지/석유,정유 산업,K-윤활기유 스프레드 사상 최고…중동 공급난에 7월도 호황 지속,"/에쓰오일 중동발 공급 차질로 국내 정유사의 윤활기유 호황이 3분기에도 이어지고 있다. 2분기 정유사... 윤활기유는 자동차와 산업용 기계 등에 쓰이는 윤활유의 핵심 원료로, 원유 정제 과정에서 생산되는... ",http://www.metroseoul.co.kr/article/20260812500234,http://www.metroseoul.co.kr/article/20260812500234,"Wed, 12 Aug 2026 13:16:00 +0900",2026-08-13 08:46:11
화학/소재,화학 주가,"[모닝 리포트] &quot;한미약품, 비만 신약 기술이전 기대 유효&quot;",투자의견 '매수'를 유지하고 목표주가는 기존 71만원에서 61만원으로 하향 조정했다. 김선아 하나증권... 반면 한미정밀화학은 기존 원료의약품(API) 생산에서 위탁개발생산(CDMO)으로 매출 비중을 조정하면서... ,https://www.newspim.com/news/view/20260813000071,https://www.newspim.com/news/view/20260813000071,"Thu, 13 Aug 2026 08:20:00 +0900",2026-08-13 08:46:12
화학/소재,화학 주가,"수수료만 최소 4%, 주가 하락도 남 얘기..증권사만 웃는다","지난해부터 올해까지 PRS를 체결한 주요 기업 가운데 SK온과 LG화학은 4%대, 에코프로와 고려아연은 5%대, 롯데케미칼은 6%대의 비용을 부담한 것으로 전해졌다. 증권사는 주가 하락에 따른 손실을 기업으로부터... ",https://www.edaily.co.kr/news/newspath.asp?newsid=03329206645546992,https://n.news.naver.com/mnews/article/018/0006350691?sid=101,"Thu, 13 Aug 2026 07:31:00 +0900",2026-08-13 08:46:12
화학/소재,화학 주가,최후 비상금에서 신사업 자금줄로..너도나도 PRS 조달,주가수익스와프(Price Return Swap·PRS)가 업황 부진 기업의 유동성 확보 수단을 넘어 대기업의 새로운... 업황 악화 ‘유동성 방패’에서 신사업 자금 조달 통로로 과거 PRS는 석유화학과 이차전지 등 업황 부진 업종의... ,https://www.edaily.co.kr/news/newspath.asp?newsid=07455446645546664,https://n.news.naver.com/mnews/article/018/0006350621?sid=101,"Wed, 12 Aug 2026 23:37:00 +0900",2026-08-13 08:46:12
화학/소재,화학 주가,‘차석용 매직’ 그늘 벗고 북미서 답 찾다,"2분기 실적 발표 직후인 7월 30일 하루에만 주가가 11% 급등했고, 8월 초에도 15% 넘게 뛰며 코스피 대형주... ‘차석용 매직’ 끝나자 5년 추락 중국 쇼크에 M&amp;A는 부메랑으로 LG생활건강은 2001년 LG화학에서 생활용품... ",https://www.mk.co.kr/article/12120877,https://n.news.naver.com/mnews/article/024/0000107504?sid=101,"Wed, 12 Aug 2026 21:01:00 +0900",2026-08-13 08:46:12
화학/소재,화학 주가,"美 CPI 앞두고 유가 89달러·亞 반도체주 반등…韓 경제, 물가와 수출 사...","이는 지난달 말 AI 투자 수익성 논란으로 급락했던 한국 반도체주가 다시 매수 대상이 되고 있음을... 유가 상승은 한국에는 수입물가, 전기·가스요금, 항공·해운·석유화학 비용으로 이어진다. 반도체... ",https://sateconomy.co.kr/news/view/1065609545594575,https://sateconomy.co.kr/news/view/1065609545594575,"Wed, 12 Aug 2026 20:06:00 +0900",2026-08-13 08:46:12
화학/소재,화학 주가,"한미사이언스 지배구조 지형 역전…신동국, 최대주주 지위 확보","반면 송영숙 한미약품그룹 회장과 임주현 부회장, 임종훈 한미정밀화학 대표 등 오너 일가와 가현문화재단... 이후 지난 7일 거래가 실행되면서 임종윤 회장의 부인 홍지윤씨가 보유했던 26만5542주가 전량 처분됐고... ",http://www.4th.kr/news/articleView.html?idxno=2116243,http://www.4th.kr/news/articleView.html?idxno=2116243,"Wed, 12 Aug 2026 19:02:00 +0900",2026-08-13 08:46:12
화학/소재,화학 주가,[26.8.12 증시 인싸잇] 반도체 질주에 코스피 3.68% 급등… 6500선 탈환,"시가총액 상위 종목에서는 삼성전자 6.68%, SK하이닉스 5.54%, SK스퀘어 5.78% 등 반도체 관련주가 강세를... 업종별로는 비금속(+7.93%), 유통(+2.99%), 기계·장비(+2.13%), 화학(+1.87%), 종이·목재(+1.59%) 등은 상승했지만... ",https://www.mediawatch.kr/news/article.html?no=260660,https://www.mediawatch.kr/news/article.html?no=260660,"Wed, 12 Aug 2026 17:32:00 +0900",2026-08-13 08:46:12
화학/소재,화학 주가,[황인혁칼럼] 캐슈너트 그릇과 레버리지,미국에선 많은 주가 고교 졸업 요건으로 저축·투자 전략·부채 관리 등 개인 금융 교육 이수를 내걸고 있다.... 그러니 조선시대 왕의 순서나 화학 주기율표를 달달 외우는 게 능사였다. 이제 정규 과정의 금융 교육은... ,https://www.mk.co.kr/article/12125523,https://n.news.naver.com/mnews/article/009/0005720200?sid=110,"Wed, 12 Aug 2026 17:32:00 +0900",2026-08-13 08:46:12
화학/소재,화학 주가,"[이슈] &quot;치맥 마음껏 먹는 날 오나?&quot;JW중외제약, 통풍약 후보 '에파미뉴...",이 같은 소식 때문인지 12일 JW중외제약 주가는 갭상승으로 시작해 장중 19%대까지 치솟았다가 종가 3만원을 지키며 120일 선 위에서 마무리했다. 다만 경쟁 후보였던 LG화학 티굴릭소스타트가 상업성을 이유로... ,https://www.startuptoday.co.kr/news/articleView.html?idxno=809559,https://www.startuptoday.co.kr/news/articleView.html?idxno=809559,"Wed, 12 Aug 2026 17:24:00 +0900",2026-08-13 08:46:12
화학/소재,화학 주가,"코스피, '대형주 강세' 3%대 급등···외인·기관 매수에 6570선 마감","업종별로는 비금속(7.93%), 기계·장비(2.13%), 유통(2.99%), 화학(1.87%) 등이 상승한 반면 일반서비스(-1.95... 펄어비스는 2분기 실적이 기대치를 밑돌면서 주가가 14% 넘게 급락했다. 코스닥 시장에 신규 상장한... ",https://www.seoulfn.com/news/articleView.html?idxno=635529,https://www.seoulfn.com/news/articleView.html?idxno=635529,"Wed, 12 Aug 2026 16:59:00 +0900",2026-08-13 08:46:12
화학/소재,화학 주가,&quot;뛰어난 인재 모인 네이버 교섭 비용 낭비…계열사 합산 연 150회 교섭&quot;,"사람들이 '네이버 주가가 어떻게 되는 거냐'고 묻곤 하는데, 노조는 통합교섭이야말로 네이버의 새로운 성장 동력을 만드는 기회라고 생각한다&quot;고 주장했다. 이용우 더불어민주당 국회의원실과 전국화학섬유식품산업노... ",http://www.lawleader.co.kr/news/articleView.html?idxno=19703,http://www.lawleader.co.kr/news/articleView.html?idxno=19703,"Wed, 12 Aug 2026 16:06:00 +0900",2026-08-13 08:46:12
화학/소재,화학 주가,네이버는 통합교섭·카뱅은 준법투쟁...IT노조 '새판짜기',전국화학섬유식품산업노동조합 네이버지회(공동성명)는 사측에 계열사 간 이견을 줄이고 정당한 노동권... 정체된 주가를 보고 기업의 미래에 대해 우려가 제기되는 가운데 통합교섭이야 말로 하나의 팀을 형성해 더 좋은... ,https://www.techm.kr/news/articleView.html?idxno=154241,https://www.techm.kr/news/articleView.html?idxno=154241,"Wed, 12 Aug 2026 16:04:00 +0900",2026-08-13 08:46:12
화학/소재,화학 주가,국내 양대증시 동반 강세 마감…시장별 수급 분산양상,"코스피는 반도체 투톱 삼성전자와 SK하이닉스의 주가 상승으로 탄력 받았다. 장중에는 4%대 오르며... 이어 유통과 기계·장비 2%대, 화학과 종이·목재 1%대 각각 올랐다. IT서비스는 2%대 내렸다. 코스닥 시가총액... ",https://www.mt.co.kr/stock/2026/08/13/2026081215552310729,https://n.news.naver.com/mnews/article/008/0005399116?sid=101,"Wed, 12 Aug 2026 16:01:00 +0900",2026-08-13 08:46:12
화학/소재,화학 주가,"코스피, 삼전닉스 업고 3%대 상승 마감…외국인·기관 순매수","코스피 지수가 삼성전자, SK하이닉스 등 반도체주의 주가 상승에 3%대 상승 마감했다. 외국인과... 업종별로는 비금속(+7.93%), 유통(+2.99%), 기계·장비(+2.13%), 화학(+1.87%), 종이·목재(+1.59%) 등은 상승했지만... ",https://view.asiae.co.kr/article/2026081215582821230,https://n.news.naver.com/mnews/article/277/0005802233?sid=101,"Wed, 12 Aug 2026 15:58:00 +0900",2026-08-13 08:46:12
화학/소재,화학 주가,"[EBN 데이터센터] 화학섬유주 혼조...대한화섬만 상승, 코오롱인더는 저...",업계에서는 화학섬유 관련주가 당분간 전통 섬유 수요 회복 기대와 고부가 소재 전환 성과를 함께 따져보는 장세를 이어갈 가능성이 크다고 보고 있다. 특히 △폴리에스터 중심 범용 생산 역량 △산업용 섬유 경쟁력... ,https://www.ebn.co.kr/news/articleView.html?idxno=1720140,https://www.ebn.co.kr/news/articleView.html?idxno=1720140,"Wed, 12 Aug 2026 15:56:00 +0900",2026-08-13 08:46:12
화학/소재,화학 주가,외국인·기관 '사자' 코스피 6570대로 美 반도체주 강세…삼성전자 6.7%↑,"간밤 뉴욕증시에서 3대 주가지수는 모두 하락 마감했다. 다우존스30산업평균지수가 0.34% 떨어졌으며... 97%), 화학(0.92%) 등이 올랐으나 의약품(-3.53%), 음식료품(-2.07%), 부동산(-1.31%), 비금속광물(-1.10... ",http://www.smedaily.co.kr/news/articleView.html?idxno=361656,http://www.smedaily.co.kr/news/articleView.html?idxno=361656,"Wed, 12 Aug 2026 15:54:00 +0900",2026-08-13 08:46:12
화학/소재,소재 산업,인하대 4개 학과 공학교육인증평가 최우수 등급 획득..'2033년까지 인증...,인하대학교 건축학부 건축공학전공/신소재공학과/화학공학과/환경공학과 등 4개 학과가 '2026년... 공학교육인증은 대학의 공학교육 프로그램이 산업계와 사회가 요구하는 교육 품질 기준을 충족하는지 종합적으로... ,https://www.veritas-a.com/news/articleView.html?idxno=623017,https://www.veritas-a.com/news/articleView.html?idxno=623017,"Thu, 13 Aug 2026 08:42:00 +0900",2026-08-13 08:46:12
화학/소재,소재 산업,"기도산업, 일반청약 경쟁률 5.5대 1…21일 코스닥 상장",고기능성 우븐 의류 제조 전문기업 기도산업이 일반투자자 대상 공모주 청약에서 5.5대 1의 경쟁률을... 회사 측은 이번 공모 과정에서 투자자들이 주목한 부분으로 △46년간 축적한 특수 소재 가공 및 하이테크... ,https://www.edaily.co.kr/news/newspath.asp?newsid=03653926645546992,https://n.news.naver.com/mnews/article/018/0006350763?sid=101,"Thu, 13 Aug 2026 08:40:00 +0900",2026-08-13 08:46:12
화학/소재,소재 산업,KAIST &quot;원자 크기 그물망 설계로 수소 '분리막' 효율 향상&quot;,연구팀은 '정밀한 구멍을 만들 수 있는 소재'와 '가공하기 쉬운 고분자'의 장점을 결합하는 방법을 찾아... 산업 현장의 실제 적용 가능성을 따져보기 위한 안전·내구성 검증도 거쳤다. 이 결과 연구팀이 개발한... ,https://view.asiae.co.kr/article/2026081308402916535,https://n.news.naver.com/mnews/article/277/0005802445?sid=102,"Thu, 13 Aug 2026 08:40:00 +0900",2026-08-13 08:46:12
화학/소재,소재 산업,용인반도체 등 공장 증설 '별도 허가'…규제 풀어 현장대기 4.3조 투자 ...,"이차전재 자원재생 산업은 리튬, 니켈 등 핵심광물을 회수해 다시 소재로 만드는 산업이지만 폐기물 관련 업종으로 분류돼 이차전지 연관 업종으로 제조업만 입주 가능한 두 산단에 입주할 수 없었다. 올해 하반기 중... ",https://www.etoday.co.kr/news/view/2613933,https://www.etoday.co.kr/news/view/2613933,"Thu, 13 Aug 2026 08:30:00 +0900",2026-08-13 08:46:12
화학/소재,소재 산업,"정부, 용인 반도체 클러스터 건축허가 분리…2.5조원 투자 앞당긴다",현재 두 산단에는 이차전지 연관 업종 가운데 제조업만 입주할 수 있지만 앞으로 재자원화 리튬·니켈·코발트·망간·흑연의 중간 또는 최종 소재 제조업까지 대상을 넓힌다. 정부는 2026년 하반기 산업단지계획과... ,https://www.dailian.co.kr/news/view/1677712/?sc=Naver,https://n.news.naver.com/mnews/article/119/0003121261?sid=101,"Thu, 13 Aug 2026 08:30:00 +0900",2026-08-13 08:46:12
화학/소재,소재 산업,"'야쿠르트'의 힘 다시 키운다…hy, 50년 균주기술로 본업 경쟁력 강화",발효유에 들어가는 유산균을 판매하는 데서 끝나는 것이 아니라 하나의 균주를 건강기능식품 원료와 화장품 소재로 확장해 여러 산업에서 수익을 창출하는 구조를 만들고 있는 것이다. 아직 전체 실적에서 B2B 원료... ,http://www.ftoday.co.kr/news/articleView.html?idxno=363492,http://www.ftoday.co.kr/news/articleView.html?idxno=363492,"Thu, 13 Aug 2026 08:26:00 +0900",2026-08-13 08:46:12
화학/소재,소재 산업,"[증권가 이모저모] 'K-증권사' 노리는 수출기업, 미래에셋증권","K-팝과 K-컬처, K-뷰티 등 산업군 명칭 앞에 붙은 'K'라는 국가 브랜드가 글로벌을 호령하고 있는 가운데... 궁극적으로는 현지법인 소재 국가별로 출시됐거나 출시 예정인 MTS를 단일화된 글로벌 투자 플랫폼으로 연결할... ",https://news.einfomax.co.kr/news/articleView.html?idxno=4429885,https://news.einfomax.co.kr/news/articleView.html?idxno=4429885,"Thu, 13 Aug 2026 08:26:00 +0900",2026-08-13 08:46:12
화학/소재,신소재 시장,"'주조에 유압 더했다'…대동금속, 하이드로텍 인수로 신성장 동력 확보",스마트·전자유압 시장 진출의 발판 마련과 최대주주 대동과의 강력한 밸류체인 시너지로 농기계는 물론... 첨단 신소재 사업 그리고 유압부품 시스템 사업까지 사업 간의 성장 시너지를 높여 밸류업 계획에서 제시한... ,https://www.ajunews.com/view/20260812230811004,https://www.ajunews.com/view/20260812230811004,"Wed, 12 Aug 2026 23:14:00 +0900",2026-08-13 08:46:13
화학/소재,신소재 시장,"몽블랑, 소프트 레더 컬렉션 공개...닥스 엑세서리, 초경량 가방 출시",사진=닥스 액세서리 생활문화기업 LF의 닥스 액세서리가 자체 개발한 경량 신소재를 적용한 가방 라인 '에테르'를 출시하며 경량 비즈니스 가방 시장 공략에 나선다. 에테르는 2026년 FW 시즌 새롭게 선보이는 초경량 가방... ,https://www.slist.kr/news/articleView.html?idxno=758351,https://www.slist.kr/news/articleView.html?idxno=758351,"Wed, 12 Aug 2026 20:34:00 +0900",2026-08-13 08:46:13
화학/소재,신소재 시장,"그래핀에 대한 오해, 마스터배치로 풀어낸다","배 대표는 그래핀에 대한 시장의 이중적 시선에 대해서도 언급했다. “만병통치약처럼 과신하는가 하면, 꿈의 신소재'라는 과장된 이미지 때문에 불신도 크다”고 말한 배 대표는 “정부의 15대 경제 프로젝트 등 지원이... ",https://kidd.co.kr/news/247006,https://kidd.co.kr/news/247006,"Wed, 12 Aug 2026 19:30:00 +0900",2026-08-13 08:46:13
화학/소재,신소재 시장,"대동금속, 90억 유상증자로 하이드로텍 인수…유압 시스템 사업 확장","회사는 고부가 주물 부품 사업, 로봇과 모빌리티용 첨단 신소재 사업, 유압부품 시스템 사업 사이의 시너지를 키워 밸류업 계획에서 제시한 2030년 매출 2천400억원 목표를 추진하겠다는 방침이다. 시장에서는 이번 인수가... ",https://www.tokenpost.kr/news/economy/389236,https://www.tokenpost.kr/news/economy/389236,"Wed, 12 Aug 2026 19:20:00 +0900",2026-08-13 08:46:13
화학/소재,신소재 시장,"'李 책사' 조계원 &quot;김민석, 호남 55~60% 득표...선호표 안 까도, 1차서 당...","▲조계원 의원: 저는 이재명 대통령 시절에 대통령께서 성남시장 그리고 경기도지사로 일하는 그때 제가... 이를테면 동부권에는 반도체 소부장, 그다음에 2차전지 소부장, 그리고 첨단 신소재 소부장 산업들을 함께... ",https://www.ikbc.co.kr/article/view/kbc202608120051,https://n.news.naver.com/mnews/article/660/0000115059?sid=100,"Wed, 12 Aug 2026 18:48:00 +0900",2026-08-13 08:46:13
화학/소재,신소재 시장,"[Car &amp; Now] 현대차그룹, 국립소방병원 지원·폴스타 보증 연장 프로그램...","글로벌 시장 대응력을 유지했다. 한국앤컴퍼니는 글로벌 수요 둔화와 통상 리스크, 원가 부담 확대 등... 이풍우 대동금속 대표이사는 &quot;고부가 주물 부품 사업, 로봇, 모빌리티 분야 첨단 신소재 사업 그리고 유압부품... ",https://www.ebn.co.kr/news/articleView.html?idxno=1720168,https://www.ebn.co.kr/news/articleView.html?idxno=1720168,"Wed, 12 Aug 2026 17:52:00 +0900",2026-08-13 08:46:13
화학/소재,신소재 시장,"대동금속, 유압부품·시스템 기업 하이드로텍 90억 인수… 사업 다각화...","글로벌 유압 시장이 2034년 약 859억 달러 규모로 확장되는 거시 환경 속에서, 전자유압 기술 이식과 자본... 이어 &quot;고부가 주물 부품 사업, 로봇 및 모빌리티 분야 첨단 신소재 사업, 유압부품 시스템 사업 간의 성장... ",https://www.nbntv.kr/news/articleView.html?idxno=340614,https://www.nbntv.kr/news/articleView.html?idxno=340614,"Wed, 12 Aug 2026 17:22:00 +0900",2026-08-13 08:46:13
화학/소재,신소재 시장,"'AI·글로벌 전력망' 탄 LS그룹, 범용 전선 벗고 고부가가치 거인으로",탈(脫)중국 공급망 재편 속에서 핵심 전략 물자 공급 능력을 확보함으로써 주식 시장 및 산업계에서 고부가가치 신소재 기업으로의 확실한 리레이팅(재평가) 기반을 다졌다. 성종화 LS증권 연구원은 &quot;LS에코에너지의... ,https://www.goodkyung.com/news/articleView.html?idxno=290211,https://www.goodkyung.com/news/articleView.html?idxno=290211,"Wed, 12 Aug 2026 17:10:00 +0900",2026-08-13 08:46:13
화학/소재,신소재 시장,"대동금속, 90억 유증으로 자본 확충…주물·로봇 첨단소재에 유압사업 ...","자본시장 변동성이 확대되는 가운데 이번 거래를 통해 자본 기반을 보강하고, 매출이 발생하는 신규... 첨단 신소재 사업 그리고 유압부품 시스템 사업까지 사업 간의 성장 시너지를 높여 밸류업 계획에서 제시한... ",https://www.irobotnews.com/news/articleView.html?idxno=47889,https://www.irobotnews.com/news/articleView.html?idxno=47889,"Wed, 12 Aug 2026 16:38:00 +0900",2026-08-13 08:46:13
화학/소재,신소재 시장,"대동금속, 90억원 유증으로 자본 확충...하이드로텍 인수로 사업 다각화","자본시장 변동성이 확대되는 상황에서 이번 거래를 통해 자본 기반을 보강하고, 매출이 발생하는 신규... 로봇, 모빌리티 분야 첨단 신소재 사업 그리고 유압부품 시스템 사업까지 사업 간의 시너지를 높일 것&quot;이라고 말했다.",http://www.inews24.com/view/1994403,https://n.news.naver.com/mnews/article/031/0001049211?sid=101,"Wed, 12 Aug 2026 16:28:00 +0900",2026-08-13 08:46:13
화학/소재,신소재 시장,"[단독] 삼성SDI, 사내 AI 에이전트 직접 만든다…경력직 채용 착수",미래 시장 선점을 위해 AI 네이티브 기업으로 체질을 완벽히 바꿔야 한다고 강조했다. 삼성SDI는 연구개발(R&amp;D)과 품질 검증 영역에서도 AI를 적극 활용하고 있다. AI 시뮬레이션을 통해 배터리 신소재 후보물질을... ,https://it.chosun.com/news/articleView.html?idxno=2023092167995,https://it.chosun.com/news/articleView.html?idxno=2023092167995,"Wed, 12 Aug 2026 16:20:00 +0900",2026-08-13 08:46:13
화학/소재,신소재 시장,"경주시, 원자력 에너지·국가유산·미래산업 등 3개분야 6개 기관이 2차...","연계해 신소재·나노 실증의 대체 불가 입지라는 정점을 내세우고 유치전에 뛰어든다. 항공안전기술원... 주낙영 경주시장은 &quot;이번 공공기관 2차 이전을 통해 경주가 큰 장점을 갖춘 원자력·에너지, 문화관광·국가유산... ",https://www.imaeil.com/page/view/2026081215165234513,https://n.news.naver.com/mnews/article/088/0001023308?sid=102,"Wed, 12 Aug 2026 15:33:00 +0900",2026-08-13 08:46:13
화학/소재,신소재 시장,"대동금속, 하이드로텍 90억원에 인수…주조 넘어 유압사업 확장",관련 시장도 성장할 것으로 전망된다. 시장조사업체 포춘 비즈니스 인사이트에 따르면 글로벌 유압 시장은... 첨단 신소재 사업 그리고 유압부품 시스템 사업까지 사업 간의 성장 시너지를 높여 밸류업 계획에서 제시한... ,https://www.m-i.kr/news/articleView.html?idxno=1401650,https://www.m-i.kr/news/articleView.html?idxno=1401650,"Wed, 12 Aug 2026 15:32:00 +0900",2026-08-13 08:46:13
화학/소재,신소재 시장,"대동금속, 유압부품 사업 진출…대동 공급망 안정성도 높인다","회사는 자본시장 변동성이 확대되는 가운데 이번 거래를 통해 자본 기반을 보강하고, 매출이 발생하는 신규... 첨단 신소재 사업 그리고 유압부품 시스템 사업까지 사업 간의 성장 시너지를 높여 밸류업 계획에서 제시한... ",https://www.imaeil.com/page/view/2026081215210535772,https://n.news.naver.com/mnews/article/088/0001023307?sid=101,"Wed, 12 Aug 2026 15:25:00 +0900",2026-08-13 08:46:13
화학/소재,신소재 시장,[입찰 정보] 8월 12일자,(앵커)사업단]신소재반도체융합학부 미러형EdgeCam 머플 전기로 구매 발주처 : 울산대학교... 서부시장 노후전기 보수공사 발주처 : 충청남도 태안군 마감일 : 2026/08/19 14:00 ◆진리관 등 2개동 노후 LED... ,https://www.todayenergy.kr/news/articleView.html?idxno=301497,https://www.todayenergy.kr/news/articleView.html?idxno=301497,"Wed, 12 Aug 2026 14:46:00 +0900",2026-08-13 08:46:13
화학/소재,신소재 시장,"반도체 소재서 태양광까지…엘케이켐, 초고효율 소재 국산화 '착착'",반도체 전구체 본업의 견조한 매출에 고부가가치 친환경 에너지 신소재 모멘텀이 더해지면서 실적... 업계 관계자는 &quot;우주태양광은 우주 항공 및 에너지 시장을 동시에 흔들 수 있는 차세대 핵심 기술&quot;이라며 &quot;단순 테마성... ,https://www.pinpointnews.co.kr/news/articleView.html?idxno=476686,https://www.pinpointnews.co.kr/news/articleView.html?idxno=476686,"Wed, 12 Aug 2026 14:12:00 +0900",2026-08-13 08:46:13
통신/5G,통신 주가,[김대호 진단] 엔비디아 순환 파이낸싱과 닷컴버블 &quot;역사의 교훈&quot;,1990년대 근 10년동안 세계 증시는 정보통신(IT) 혁명이라는 환희 속에서 통신 장비 기업들을 향해 아낌없는... 폭락하는 주가 속에서 대규모 해체와 매각이라는 참혹한 결말을 맞이해야 했다. 닷컴버블의 붕괴는 실질적... ,https://www.g-enews.com/view.php?ud=202608120946325658906806b77b_1,https://www.g-enews.com/view.php?ud=202608120946325658906806b77b_1,"Thu, 13 Aug 2026 08:20:00 +0900",2026-08-13 08:46:14
통신/5G,통신 주가,"[미국 특징주] 코히런트, 가이던스 기대치 상회 불구 시간 외 4% 하락",데이터센터와 통신 제품에 대한 견조한 수요가 이번 실적과 전망의 배경으로 꼽힌다. 시간 외 거래에서 코히런트 주가는 4% 하락했다. 다만 올해 들어 주가 상승률은 93%에 육박한다. 코히런트 홈페이지 갈무리... ,https://www.newspim.com/news/view/20260813000081,https://www.newspim.com/news/view/20260813000081,"Thu, 13 Aug 2026 08:17:00 +0900",2026-08-13 08:46:14
통신/5G,통신 주가,AI 인프라기업群 '실적 서프라이즈'... 주가는 엇갈려,"웃돌지만, 주가 반응은 극명하게 갈린 것으로 나타났다. 실적 서프라이즈만으로는 이미 높아진 시장 눈높이를 만족시키기 어렵다는 평가가 나온다고 연합뉴스가 12일(현지시간) 로이터ㆍ 블룸버그 통신을 인용... ",https://www.getnews.co.kr/news/articleView.html?idxno=877795,https://www.getnews.co.kr/news/articleView.html?idxno=877795,"Thu, 13 Aug 2026 08:16:00 +0900",2026-08-13 08:46:14
통신/5G,통신 주가,"인공지능 인프라 실적 호조, 주가 반응은 엇갈려",실적 개선 자체보다 이미 높아진 기대치를 얼마나 더 넘어섰는지가 주가를 가르는 기준이 되고 있다는 뜻이다. 12일(현지시간) 로이터통신과 블룸버그통신에 따르면 세계 최대 네트워킹 장비업체 시스코 시스템스는... ,https://www.tokenpost.kr/news/ai/389610,https://www.tokenpost.kr/news/ai/389610,"Thu, 13 Aug 2026 08:10:00 +0900",2026-08-13 08:46:14
통신/5G,통신 주가,"엔비디아가 끌고 물가가 밀었다, 뉴욕증시 다시 상승세","12일(현지 시간) 로이터 통신에 따르면, 뉴욕증시와 국제유가는 AI 기업 실적, 미국 인플레이션 지표, 중동... 제시되면서 주가가 19% 뛰었다. AI 클라우드 업체 코어위브도 예상보다 높은 매출과 작은 손실을 발표하며 19.... ",https://www.smartbizn.com/news/articleView.html?idxno=151127,https://www.smartbizn.com/news/articleView.html?idxno=151127,"Thu, 13 Aug 2026 08:06:00 +0900",2026-08-13 08:46:14
통신/5G,통신 주가,[GAM]AI가 위협? 오히려 기회 TWLO ② 급성장 CPaaS 압도적 1위,전세계 180여개 국가의 4800개 이상 통신사 네트워크와 직접 연결돼 있어 타사 대비 메시지 전달율과 통화 품질이 독보적이다. 트윌리오 주가 추이 [자료=블룸버그] 개발자 생태계도 업체의 독보적인 강점이다. 수백만... ,https://www.newspim.com/news/view/20260812000727,https://www.newspim.com/news/view/20260812000727,"Thu, 13 Aug 2026 08:01:00 +0900",2026-08-13 08:46:14
통신/5G,5G 산업,"록히드마틴, 5G망으로 드론 탐지한다…AI 기반 '넷센스 서비스형 영공 ...",한다&quot;며 &quot;기존 5G 네트워크 스펙트럼 내에서 작동함으로써 상용 기술 산업과 협력하고 필요할 때 바로 사용할 수 있는 솔루션을 구축할 수 있다&quot;고 말했다. 아닐 군투팔리(Anil Guntupali) 버라이즌 기술 및 제품개발... ,https://www.aitimes.kr/news/articleView.html?idxno=41422,https://www.aitimes.kr/news/articleView.html?idxno=41422,"Wed, 12 Aug 2026 21:46:00 +0900",2026-08-13 08:46:15
통신/5G,5G 산업,KT 2분기 매출·영업이익 동반 감소…'부동산 기저효과' 영향,"2분기 말 기준 5G 가입자 비중은 전체 핸드셋 가입자의 83.2%에 달했다. 유선 사업은 가입자 기반이... KT는 금융·공공·제조 등 산업별 AX 레퍼런스를 확대해 B2B AX 사업 경쟁력을 높이고 있으며, 2028년까지 AX... ",https://www.cbci.co.kr/news/articleView.html?idxno=597534,https://www.cbci.co.kr/news/articleView.html?idxno=597534,"Wed, 12 Aug 2026 20:10:00 +0900",2026-08-13 08:46:15
통신/5G,5G 산업,"대만, 세계 첫 '5G 먹통' 훈련",대만 정부는 이번주부터 국민 휴대전화에 “5세대(5G) 이동통신 서비스가 일시 제한될 수 있다”는 긴급 재난문자를 발송했다. 인터넷 속도 저하는 공습 대피 훈련과 동시에 이뤄질 예정이다. 산업 활동에 미칠 타격을... ,https://www.hankyung.com/article/2026081275741,https://n.news.naver.com/mnews/article/015/0005320216?sid=104,"Wed, 12 Aug 2026 18:06:00 +0900",2026-08-13 08:46:15
통신/5G,5G 산업,[오늘의 ABC 뉴스룸] &quot;은행 빚 6.4조 폭탄 터졌다&quot; 사상 최악 깡통대출 ...,"피지컬 AI 산업에서 강조되는 초저지연, 저전력 기술을 구현하고 광대한 트래픽을 처리하려면 지상 5G와 6G 망이 필수적이기 때문입니다. 6G 시대가 오면 스페이스X는 단순 위성 사업자를 넘어 글로벌 기간통신사업자로... ",https://www.ajunews.com/view/20260812173347692,https://www.ajunews.com/view/20260812173347692,"Wed, 12 Aug 2026 17:56:00 +0900",2026-08-13 08:46:15
통신/5G,5G 산업,[위클리오늘] KT 소식(8.12),무선 사업은 5G 가입자 비중이 83.2%를 기록하며 가입자 회복세를 이어갔다. 기업서비스 부문에서는 AI... KT는 금융·공공·제조 등 산업별 AX 수주를 확대하며 기업 대상 사업 경쟁력을 강화하고 있다. KT클라우드는... ,http://www.weeklytoday.com/news/articleView.html?idxno=790006,http://www.weeklytoday.com/news/articleView.html?idxno=790006,"Wed, 12 Aug 2026 17:42:00 +0900",2026-08-13 08:46:15
통신/5G,5G 산업,"‘해킹 과징금·부동산 기저효과’ KT, 2Q 영업익 6483억","2분기 말 5G 가입자 비중은 전체 핸드셋 가입자의 83.2%를 기록했다. KT는 5G-LTE 통합요금제와 ‘초이스... KT는 금융·공공·제조 등 산업별 AX 레퍼런스를 확대하며 B2B AX 사업 경쟁력을 높이고 있다. 특히, 금융권... ",https://www.fntimes.com/html/view.php?ud=20260812170134245094b7542a8_18,https://www.fntimes.com/html/view.php?ud=20260812170134245094b7542a8_18,"Wed, 12 Aug 2026 17:32:00 +0900",2026-08-13 08:46:15
통신/5G,5G 산업,외국인 ‘화들짝’ 놀래킨 중국 10대 성과 ②,"과학기술이 수많은 가정으로 들어갈 수 있어야 진정한 산업 능력이라고 할 수 있다. 5. 조립식 주택: 블록... 5G 네트워크: 디지털 격차 해소 2020년 5월, 중국 2020 주무랑마봉 고도 측량 등반대의 순조로운 등정을 위해 통신... ",http://kr.people.com.cn/n3/2026/0812/c310926-20487975.html,http://kr.people.com.cn/n3/2026/0812/c310926-20487975.html,"Wed, 12 Aug 2026 17:10:00 +0900",2026-08-13 08:46:15
통신/5G,5G 산업,"KT, 2분기 영업이익 약 36% 감소…B2B·AX 수주 확대로 성장 기반 모색",2분기 말 5G 가입자 비중은 전체 핸드셋 가입자의 83.2%를 기록했다. KT는 5G-LTE 통합요금제와 초이스 더블... 이날 KT는 금융·공공·제조 등 산업별 AX 레퍼런스를 확대하며 B2B AX 사업 경쟁력을 높이고 있다고... ,https://www.newsquest.co.kr/news/articleView.html?idxno=271634,https://www.newsquest.co.kr/news/articleView.html?idxno=271634,"Wed, 12 Aug 2026 17:06:00 +0900",2026-08-13 08:46:15
통신/5G,5G 산업,"KT, 2분기 영업익 6483억···전년 대비 36% 감소","2분기 말 5G 가입자 비중은 전체 핸드셋 가입자의 83.2%를 기록했고, KT는 5G-LTE 통합요금제와 초이스 더블... KT는 금융·공공·제조 등 산업별 AX 레퍼런스를 확대하며 B2B AX 사업 경쟁력을 높이고 있다. 금융권 중심으로... ",https://www.newsfreezone.co.kr/news/articleView.html?idxno=703710,https://www.newsfreezone.co.kr/news/articleView.html?idxno=703710,"Wed, 12 Aug 2026 15:20:00 +0900",2026-08-13 08:46:15
통신/5G,5G 산업,"오픈랜이 흔드는 통신장비 판도…대형 SI 균열, K-벤더엔 기회","3G와 LTE, 5G를 거치며 인수합병을 통해 소수 대형업체 중심으로 재편됐던 통신장비 시장이 5G SA와 6G에서는... 비수기와 성수기 사이의 수요 변동이 큰 산업 특성에 중국 국영 장비업체의 저가 공세까지 겹치면서 규모가... ",https://www.thepowernews.co.kr/view.php?ud=202608121357089951de3f0aa1be_7,https://www.thepowernews.co.kr/view.php?ud=202608121357089951de3f0aa1be_7,"Wed, 12 Aug 2026 15:16:00 +0900",2026-08-13 08:46:15
통신/5G,5G 산업,"KT, 2분기 영업익 6483억…B2B 회복·AX 성장",금융·공공·제조 등 산업별 레퍼런스를 확대해 B2B AX 사업 경쟁력을 높인다는 방침이다. 유·무선... 2분기 말 5G 가입자 비중은 전체 핸드셋 가입자의 83.2%를 기록했다. 인터넷 사업은 기가인터넷 중심의 가입자... ,https://dealsite.co.kr/articles/167045,https://dealsite.co.kr/articles/167045,"Wed, 12 Aug 2026 15:14:00 +0900",2026-08-13 08:46:15
통신/5G,5G 산업,"단백질 시장 고성장, 82년생 동원참치의 전략",기존 라이트 스탠다드보다 5g 높은 수치다. '저나트륨 황다랑어'는 나트륨을 70% 줄였다. 동원참치. [사진... 한국능률협회컨설팅이 발표하는 한국산업의 브랜드파워(K-BPI) 조사에서도 참치캔 부문 1위 자리를 여러 해... ,http://www.sportsq.co.kr/news/articleView.html?idxno=497460,http://www.sportsq.co.kr/news/articleView.html?idxno=497460,"Wed, 12 Aug 2026 14:34:00 +0900",2026-08-13 08:46:15
통신/5G,5G 산업,"KT, 2분기 영업익 36.1%↓…해킹 과징금 및 부동산 기저 효과 영향",2분기 말 5G 가입자 비중은 전체 헤드셋 가입자의 83.2%를 차지했다. 유선 사업 매출은 가입자 기반이... 금융·공공·제조 등 산업별 AX 레퍼런스를 확대하며 B2B AX 사업 경쟁력을 높이며 누적 수주 규모는 전년 동기... ,http://www.newscape.co.kr/news/articleView.html?idxno=123902,http://www.newscape.co.kr/news/articleView.html?idxno=123902,"Wed, 12 Aug 2026 14:20:00 +0900",2026-08-13 08:46:15
통신/5G,5G 산업,"KT, 2026년 2분기 연결 실적 발표","2분기 말 5G 가입자 비중은 전체 핸드셋 가입자의 83.2%를 기록했다. KT는 5G-LTE 통합요금제와 초이스 더블... KT는 금융·공공·제조 등 산업별 AX 레퍼런스를 확대하며 B2B AX 사업 경쟁력을 높이고 있다. 특히, 금융권... ",https://www.nbntv.co.kr/news/articleView.html?idxno=4023798,https://www.nbntv.co.kr/news/articleView.html?idxno=4023798,"Wed, 12 Aug 2026 14:08:00 +0900",2026-08-13 08:46:15
통신/5G,5G 산업,"KT, 2분기 영업익 6483억원…시장 전망치 7% 웃돌아",5G 가입자 비중은 전체 핸드셋 가입자의 83.2%를 기록했다. 유선 사업 매출은 1조3148억원으로 전년 동기... 산업별 AX 사업을 확대하는 한편 2031년까지 AI 데이터센터(AIDC) 용량 1GW와 해저케이블 용량 90Tbps를 추가... ,https://www.ekn.kr/web/view.php?key=20260812025122016,https://www.ekn.kr/web/view.php?key=20260812025122016,"Wed, 12 Aug 2026 13:46:00 +0900",2026-08-13 08:46:15
통신/5G,5G 산업,"AI 데이터센터 '빛'으로 뚫는다…서울바이오시스, 광소자 영토 확장",글로벌 인공지능(AI) 데이터센터 확충과 차세대 5G 및 초고속 통신망 인프라 투자 가속화 기대감이 맞물리며... 증권가 한 관계자는 &quot;AI 산업 발전으로 데이터 전송 속도가 핵심 과제로 떠오르면서 고성능 광모듈과... ,https://www.pinpointnews.co.kr/news/articleView.html?idxno=476665,https://www.pinpointnews.co.kr/news/articleView.html?idxno=476665,"Wed, 12 Aug 2026 13:42:00 +0900",2026-08-13 08:46:15
통신/5G,5G 산업,"KT, 2분기 매출 6조6천799억원…B2B·AX 회복에 전분기 대비 수익성 개선",2분기 말 기준 5G 가입자 비중은 전체 핸드셋 가입자의 83.2%를 기록했다. KT는 5G-LTE 통합요금제와 초이스... KT는 금융·공공·제조 등 산업별 AX 레퍼런스를 확대하고 있다. 상반기에만 금융권 AX 사업 22건을... ,http://www.efnews.co.kr/news/articleView.html?idxno=131538,http://www.efnews.co.kr/news/articleView.html?idxno=131538,"Wed, 12 Aug 2026 13:38:00 +0900",2026-08-13 08:46:15
통신/5G,5G 산업,"KT, 2분기 매출 6조 6,799억원…영업이익 전분기 대비 개선",2분기 말 기준 5G 가입자 비중은 전체 핸드셋 가입자의 83.2%에 달했다. KT는 5G-LTE 통합요금제와 초이스... KT는 금융·공공·제조 등 다양한 산업군에서 AX 도입 사례를 늘리며 B2B AX 사업 경쟁력을 강화하고 있다.... ,https://www.nextdaily.co.kr/news/articleView.html?idxno=252109,https://www.nextdaily.co.kr/news/articleView.html?idxno=252109,"Wed, 12 Aug 2026 13:02:00 +0900",2026-08-13 08:46:15
통신/5G,5G 산업,매출 10% 빠졌는데 서비스는 늘었다… KT '3678억원 AX'가 바꾼 손익의 ...,생성형 AI 산업의 핵심 과제 가운데 하나가 막대한 투자비를 실제 매출로 전환하는 수익화라는 점을... ■ 통신은 여전히 '본업 기반'… 5G 83.2%에도 무선 매출 1.8%↓ 그렇다고 기존 통신 사업의 중요성이 사라진... ,https://www.s-journal.co.kr/news/articleView.html?idxno=42992,https://www.s-journal.co.kr/news/articleView.html?idxno=42992,"Wed, 12 Aug 2026 12:40:00 +0900",2026-08-13 08:46:15
통신/5G,6G 개발,"정부, '7대 SEED' 추진 방안 발표…SMR·양자·우주 등 미래 먹거리로",특히 비경수형 SMR는개발 초기부터 민·관이 공동 출자하는 특수목적법인(SPC)을 설치해 글로벌 시장을... 글로벌 6G 통신서비스 선도를 준비할 계획이다. 또한 첨단바이오 분야에서는 2030년 AI바이오 인프라를... ,https://www.korea.kr/news/policyNewsView.do?newsId=148969972&call_from=naver_news,https://www.korea.kr/news/policyNewsView.do?newsId=148969972&call_from=naver_news,"Wed, 12 Aug 2026 19:33:00 +0900",2026-08-13 08:46:15
통신/5G,6G 개발,핵심광물 재자원화율 20% 목표… 첨단 공급망에 10조원 R&amp;D 투입,"구축해 6G 통신서비스 기반을 마련할 계획이다. 첨단바이오 분야에서는 2030년까지 암 특화 AI 모델과 AI·로봇 기반 자율실험실, 바이오파운드리 등 AI바이오 인프라를 구축한다. 이를 활용해 블록버스터급 신약 개발과... ",http://www.e-platform.net/news/articleView.html?idxno=104519,http://www.e-platform.net/news/articleView.html?idxno=104519,"Wed, 12 Aug 2026 18:28:00 +0900",2026-08-13 08:46:15
통신/5G,6G 개발,李대통령 &quot;AI 다음 먹거리 준비&quot;… SMR·양자 등 7대 첨단기술 키운다,"우주·항공 등의 경우 2030년 민간 주도 국내 최초 달 착륙선 발사, 2035년까지 한국형 저궤도 위성통신망을 완성해 6G 서비스 선도를 준비한다. 민항기 국제공동개발 민관합동추진단을 통해 차세대 민항기 개발에도... ",http://www.fnnews.com/news/202608121821292475,https://n.news.naver.com/mnews/article/014/0005560777?sid=100,"Wed, 12 Aug 2026 18:23:00 +0900",2026-08-13 08:46:15
통신/5G,6G 개발,"정부, 경수형 SMR 2035년 상용화…미래 먹거리 '7대 SEED' 본격 가동",이와 함께 한국형 저궤도 위성통신망을 2035년까지 완성해 글로벌 6G 통신서비스 선도를 준비할 계획이다. 아울러 '민항기 국제공동개발 민관합동추진단'을 통해 차세대 민항기 개발 사업에 우리 항공 기업들이 핵심... ,https://www.energydaily.co.kr/news/articleView.html?idxno=202178,https://www.energydaily.co.kr/news/articleView.html?idxno=202178,"Wed, 12 Aug 2026 18:18:00 +0900",2026-08-13 08:46:15
통신/5G,6G 개발,"AI 혁명·기후위기·공급망 불안, '7대 SEED 프로젝트' 승부수 띄우다",비경수형 SMR은 개발 초기부터 민·관 공동출자 특수목적법인(SPC)을 만들어 글로벌 시장 선점에 나선다.... 또 2035년까지 한국형 저궤도 위성통신망을 구축해 글로벌 6G 통신서비스 시장을 선점한다는 목표도... ,https://www.ohmynews.com/NWS_Web/View/at_pg.aspx?CNTN_CD=A0003258554&CMPT_CD=P0010&utm_source=naver&utm_medium=newsearch&utm_campaign=naver_news,https://n.news.naver.com/mnews/article/047/0002525392?sid=101,"Wed, 12 Aug 2026 18:01:00 +0900",2026-08-13 08:46:15
통신/5G,6G 개발,"정부, SMR·핵융합 등 7대 첨단기술 프로젝트 가동...李 &quot;AI 다음 먹거리...",아울러 2035년까지 한국형 저궤도 위성통신망을 완성해 글로벌 6G 통신서비스 선도를 준비할 계획이다. 아울러 ‘민항기 국제공동개발 민관합동추진단’을 통해 차세대 민항기 개발사업에 국내 항공기업들이 핵심... ,https://www.mediapen.com/news/view/1116023,https://www.mediapen.com/news/view/1116023,"Wed, 12 Aug 2026 17:26:00 +0900",2026-08-13 08:46:15
통신/5G,6G 개발,"SMR·양자·우주까지…정부, 미래 먹거리 7대 SEED 프로젝트 가동",주도로 개발한다는 목표다. 'K-퀀텀 파운드리' 사업으로 10년 내 양자칩 제조역량 세계 1위 도달도... 한국형 저궤도 위성통신망은 2035년까지 완성해 6G 통신서비스 선도 기반을 마련한다는 계획이다. 첨단바이오... ,https://www.ajunews.com/view/20260812171630599,https://www.ajunews.com/view/20260812171630599,"Wed, 12 Aug 2026 17:18:00 +0900",2026-08-13 08:46:15
통신/5G,6G 개발,"정부, SMR· 양자 등 7대 시드 프로젝트로 ‘한국 대도약 완성’ 추진",2035년까지 한국형 저궤도 위성통신망을 완성해 글로벌 6G 선도를 꾀한다는 방침이다. 또 차세대 글로벌 민항기 개발 사업에 항공 기업이 핵심 파트너로 참여해 소재·부품을 개발하도록 지원한다. 첨단바이오... ,https://www.viva100.com/article/20260812501111,https://www.viva100.com/article/20260812501111,"Wed, 12 Aug 2026 16:52:00 +0900",2026-08-13 08:46:15
통신/5G,6G 개발,비경수형 SMR 2030년대 착공…K 퀀텀 파운드리로 양자칩 1위 도전,2030년 민간 주도 국내 최초 달 착륙선을 발사하고 2035년에는 한국형 저궤도 위성통신망을 완성해 글로벌 6G 통신서비스를 선도한다. 또 차세대 민항기 개발 사업에서 한국 기업들이 핵심 파트너로 참여할 수 있도록... ,https://www.sedaily.com/article/20078646?ref=naver,https://n.news.naver.com/mnews/article/011/0004651075?sid=101,"Wed, 12 Aug 2026 16:48:00 +0900",2026-08-13 08:46:15
통신/5G,6G 개발,"李대통령 &quot;7대 시드기술, 차세대 성장엔진&quot;…SMR·양자·우주 등 키운다","우주·항공 등의 경우 2030년 민간 주도 국내 최초 달 착륙선 발사, 2035년까지 한국형 저궤도 위성통신망을 완성해 6G 서비스 선도를 준비한다. 민항기 국제공동개발 민관합동추진단을 통해 차세대 민항기 개발에도... ",http://www.fnnews.com/news/202608121629212645,https://n.news.naver.com/mnews/article/014/0005560692?sid=100,"Wed, 12 Aug 2026 16:45:00 +0900",2026-08-13 08:46:15
통신/5G,6G 개발,"“2030년 달 착륙·핵융합 발전·100큐비트 양자컴 개발”…정부, 미래성...",비경수형 SMR은 개발 초기부터 민·관 합작 특수목적법인(SPC)을 구성해 글로벌 시장 선점에 나선다.... 2035년까지 한국형 저궤도 위성통신망을 구축해 차세대 6G 통신서비스 경쟁에도 대비한다. 첨단바이오... ,https://biz.heraldcorp.com/article/10839192?ref=naver,https://n.news.naver.com/mnews/article/016/0002683058?sid=105,"Wed, 12 Aug 2026 16:39:00 +0900",2026-08-13 08:46:15
통신/5G,6G 개발,‘AI 넥스트’ 선점 나선 李정부…7대 SEED로 10~20년 뒤 성장판 깐다(종...,선박용 비경수형 용융염원자로(MSR)에는 같은 기간 8960억원 규모의 연구개발·사업화(R&amp;BD)를 추진한다. 두... 2035년에는 독자 저궤도 위성통신망을 구축해 6G 시대에도 대비한다. 첨단바이오에서는 AI와 로봇을... ,https://www.edaily.co.kr/news/newspath.asp?newsid=05412006645546664,https://n.news.naver.com/mnews/article/018/0006350430?sid=104,"Wed, 12 Aug 2026 16:23:00 +0900",2026-08-13 08:46:15
통신/5G,6G 개발,미래성장동력 7대 SEED &quot;대체불가 대한민국 완성&quot;,"2027년부터 민관 합동 상세설계에 들어가며, 비경수형 SMR은 개발 초기부터 특수목적법인(SPC)을 세워... 2035년까지는 독자적인 저궤도 위성통신망을 구축해 6G 통신서비스 선도를 준비한다. 첨단바이오 분야는... ",https://www.thereport.co.kr/news/articleView.html?idxno=90395,https://www.thereport.co.kr/news/articleView.html?idxno=90395,"Wed, 12 Aug 2026 16:18:00 +0900",2026-08-13 08:46:15
통신/5G,6G 개발,박윤영 KT 첫 성적표 '빨간불'..컨콜도 못했다,"KT의 실적 감소에는 지난해 강북개발사업(NCP) 분양매출과 분양이익에 따른 기저효과가 상당 부분... 이동통신(6G), AI 기반 무선접속망(AI-RAN), 해저케이블 등 차세대 인프라에 대한 투자를 확대해 달라고... ",http://www.4th.kr/news/articleView.html?idxno=2116206,http://www.4th.kr/news/articleView.html?idxno=2116206,"Wed, 12 Aug 2026 16:16:00 +0900",2026-08-13 08:46:15
통신/5G,6G 개발,“SMR 실증 가속화 … 규제 리스크 완화”,"이와 더불어, 한국형 저궤도 위성통신망을 3035년까지 완성해 글로벌 6G 통신서비스 선도를 준비할 계획이다. 아울러 ‘민항기 국제공동개발 민관합동추진단’을 통해 차세대 민항기 개발 사업에 우리 항공 기업들이... ",https://www.knnews.co.kr/news/articleView.php?idxno=1548559,https://www.knnews.co.kr/news/articleView.php?idxno=1548559,"Wed, 12 Aug 2026 16:14:00 +0900",2026-08-13 08:46:15
통신/5G,6G 개발,"넥스윌, 성균관대와 스케일업 팁스 협약…안티드론 기술 고도화",넥스윌과 성균관대는 △고신뢰성 안티드론 레이더 핵심 모듈 개발 △6G 통신망과 통합 운용할 수 있는 모듈 파생 기술 개발 △글로벌 방산 체계종합업체 플랫폼 탑재를 위한 Open API·SDK 표준화 등을 추진한다. 특히... ,https://www.edaily.co.kr/news/newspath.asp?newsid=05284086645546664,https://n.news.naver.com/mnews/article/018/0006350410?sid=101,"Wed, 12 Aug 2026 16:04:00 +0900",2026-08-13 08:46:15
통신/5G,6G 개발,"[7대 SEED 프로젝트]AI 넘어 10년 후 대한민국 먹거리 될 첨단기술, 지금...","미국은 양자, 핵융합, 우주, 로보틱스 등 분야를 2028년도 연구개발(R&amp;D) 투자 우선순위에 올렸고, 중국 역시... 과학기술정보통신부는 2035년까지 한국형 저궤도 위성통신망을 완성해 글로벌 6세대(6G) 통신서비스를... ",https://www.etnews.com/20260812000378,https://n.news.naver.com/mnews/article/030/0003456815?sid=105,"Wed, 12 Aug 2026 16:03:00 +0900",2026-08-13 08:46:15
통신/5G,6G 개발,'7대 시드 프로젝트' SMR·양자·우주 육성…'대체불가 대한민국' 만든다,이를 위해 AI(인공지능) 가상 핵융합로를 구현해 핵융합로 개발기간을 단축하고 핵심 부품·장비의 대규모... 아울러 2035년까지 한국형 저궤도 위성통신망을 완성해 글로벌 6G 통신서비스 선도를 준비한다. 또한 정부는... ,https://www.shinailbo.co.kr/news/articleView.html?idxno=5050739,https://www.shinailbo.co.kr/news/articleView.html?idxno=5050739,"Wed, 12 Aug 2026 16:02:00 +0900",2026-08-13 08:46:15
금융,금융 주가,5대 은행 넘어선 미래에셋증권…&quot;스페이스X보다 본업 회복 주목&quot;,"13일 금융감독원 전자공시시스템에 따르면 미래에셋증권의 올해 상반기 연결 기준 당기순이익은... 유안타증권은 미래에셋증권이 투자한 스페이스X의 평균 투자단가가 34달러 수준으로, 최근 주가 조정에도 상당한... ",https://www.newsworks.co.kr/news/articleView.html?idxno=850220,https://www.newsworks.co.kr/news/articleView.html?idxno=850220,"Thu, 13 Aug 2026 08:42:00 +0900",2026-08-13 08:46:16
금융,금융 주가,"MSCI 지수, LG이노텍 편입···HLB 등 4종목 편출",13일 금융투자업계에 따르면 글로벌 주가지수 산출업체 MSCI는 8월 정기 리뷰에서 한국 지수 구성 종목을 이같이 조정했다. 이번 정기변경에 따른 지수 리밸런싱(재조정)은 오는 31일 진행된다. MSCI 지수는 전 세계... ,https://www.seoulfn.com/news/articleView.html?idxno=635556,https://www.seoulfn.com/news/articleView.html?idxno=635556,"Thu, 13 Aug 2026 08:42:00 +0900",2026-08-13 08:46:16
금융,금융 주가,"한국콜마, 2분기 영업익 첫 1000억…증권가 &quot;3분기 수주 더 강해&quot;[애널리...","13일 금융투자업계에 따르면 LS증권은 한국콜마의 목표주가를 20만원으로 상향했다. 이는 지난 12일 종가 13만2500원보다 50.9% 높은 수준이다. NH투자증권은 기존 13만원에서 16만원으로, 신한투자증권은 15만3000원으로... ",https://www.newsway.co.kr/news/view?ud=2026081308052350853,https://www.newsway.co.kr/news/view?ud=2026081308052350853,"Thu, 13 Aug 2026 08:40:00 +0900",2026-08-13 08:46:16
금융,금융 주가,"'오디세이' A열까지 찼다…CJ CGV, 대작 효과 어디까지",/CGV 홈페이지 캡처 ◆늘어난 주식 수·금융비용 부담…엇갈린 목표가 최근 주가가 반등했지만 자본 확충 과정에서 발행주식 수가 크게 늘어난 점은 여전히 주가에 부담으로 작용한다. CJ CGV는 2023년 주주배정... ,http://www.metroseoul.co.kr/article/20260813500013,http://www.metroseoul.co.kr/article/20260813500013,"Thu, 13 Aug 2026 08:38:00 +0900",2026-08-13 08:46:16
금융,금융 주가,[골프존홀딩스 상폐] 2차 공개매수 강행에 터톤캐피탈 '법적 대응' 맞불,12일 금융감독원 전자공시시스템에 따르면 에스제이투자홀딩스는 지난 6월 29일부터 8월 5일까지... 적잖은 소액주주들이 대주주가 제시한 가격에 불만을 표시하며 공개매수 참여를 거부한 셈이다. 하지만... ,https://news.dealsitetv.com/articles/174669,https://news.dealsitetv.com/articles/174669,"Thu, 13 Aug 2026 08:38:00 +0900",2026-08-13 08:46:16
금융,금융 주가,"제이앤PE, APS에 100억 투입…엑시트 후에도 파트너십 이어간다","12일 금융감독원 전자공시시스템에 따르면 최근 APS는 운영자금 조달을 위해 100억원 규모의 사모... 주가 상승에 따른 메자닌 시세차익을 노리는 동시에, 주가가 상승하지 않더라도 만기까지 보유할 경우 연 2.0%의... ",https://www.etoday.co.kr/news/view/2613571,https://www.etoday.co.kr/news/view/2613571,"Thu, 13 Aug 2026 08:38:00 +0900",2026-08-13 08:46:16
금융,금융 주가,"미래에셋증권, 우주 덕분에..우주 때문에..",미래에셋증권이 지난 2분기 전 금융권 2위에 해당하는 전무후무한 실적을 냈다. 스페이스X 투자에서 조단위 평가이익을 발생하면서다. 하지만 증시에서는 스페이스X 투자가 주가의 발목을 잡는 요인으로 자리하는... ,https://www.smarttoday.co.kr/ko-kr/articles/110413,https://www.smarttoday.co.kr/ko-kr/articles/110413,"Thu, 13 Aug 2026 08:36:00 +0900",2026-08-13 08:46:16
금융,금융 주가,"신한투자 &quot;미래에셋증권, 역사적 실적에도 변동성…목표가↓&quot;",그러나 &quot;높아진 기초 이익 체력에도 당분간 스페이스X 주가 변동성에 연동되는 손익 진폭이 불가피하다&quot;면서 &quot;향후 기타포괄손익 공정가치 측정 금융자산(FVOCI) 재분류 및 헤지 등을 통해 관련 손익 민감도를 축소할... ,https://www.yna.co.kr/view/AKR20260813026600008?input=1195m,https://n.news.naver.com/mnews/article/001/0016248377?sid=101,"Thu, 13 Aug 2026 08:34:00 +0900",2026-08-13 08:46:16
금융,금융 주가,신한證 &quot;메리츠금융 자사주 소각만으로 멀티플 상승 어려워…목표가는...,아주경제=신동근 기자 sdk6425@ajunews.com 신한투자증권이 메리츠금융지주가 2분기 견조한 실적을 거둔 가운데 자사주 매입·소각만으로는 주가 멀티플 상승을 이끌기 어렵다는 분석이 나왔다. 향후 지속 가능한... ,https://www.ajunews.com/view/20260813082945214,https://www.ajunews.com/view/20260813082945214,"Thu, 13 Aug 2026 08:32:00 +0900",2026-08-13 08:46:16
금융,금융 주가,"미래에셋증권, 금리인상·가정치 조정에 목표가 하향-교보증권","교보증권이 미래에셋증권에 대해 최근 금리인상 및 가정치 조정 등을 반영해 목표주가는 5만원으로 1만원... 김 연구원은 &quot;주식시장 호황에 따른 위탁매매 및 금융상품판매 수수료수익, 그리고 운용손익 및 IB(투자은행)... ",https://www.mt.co.kr/stock/2026/08/13/2026081308272075272,https://n.news.naver.com/mnews/article/008/0005399379?sid=101,"Thu, 13 Aug 2026 08:30:00 +0900",2026-08-13 08:46:16
금융,금융 주가,"[2026 2분기 실적] 미래에셋증권, 순익 1조9052억…분기사상 최대","2분기 브로커리지 수수료 수익은 6256억원으로 전분기 대비 36% 증가했으며, 금융상품판매수수료 수익도... 규모는 미정이나 당분간 회복된 이익체력을 바탕으로 우호적인 주가흐름이 기대된다&quot;고 평가했습니다.",https://www.inthenews.co.kr/news/article.html?no=90455,https://www.inthenews.co.kr/news/article.html?no=90455,"Thu, 13 Aug 2026 08:30:00 +0900",2026-08-13 08:46:16
금융,금융 주가,"NH투자증권 “한화생명, 2분기 금융 포트폴리오 확장 유의미..목표가 유...","com [한국정경신문=정주희 기자] NH투자증권이 한화생명의 2분기 실적이 금융 포트폴리오 확장이라는... 이에 한화생명 투자의견을 ‘매수’, 목표주가 6300원 유지한다. 한화생명은 2분기 큰 폭의 이익 증가를 기록했다.... ",https://kpenews.com/View.aspx?No=4184672,https://kpenews.com/View.aspx?No=4184672,"Thu, 13 Aug 2026 08:26:00 +0900",2026-08-13 08:46:16
금융,금융 주가,"SK증권 &quot;미래에셋증권, 스페이스X가 변수...변동성 완화 조치 필요&quot;","그는 아직 3분기가 절반가량 남은 만큼 향후 스페이스X 주가 흐름이 3분기 실적 분위기를 결정할 것이라면서, &quot;여전히 공정가치측정 금융자산(FVPL) 익스포저가 크기 때문에 변동성 완화 조치 마련이 필요하다&quot;고... ",https://www.financialpost.co.kr/news/articleView.html?idxno=270245,https://www.financialpost.co.kr/news/articleView.html?idxno=270245,"Thu, 13 Aug 2026 08:24:00 +0900",2026-08-13 08:46:16
금융,금융 주가,동전주·시총 미달 상장사 무더기 관리종목…법적 대응도,한국거래소에 따르면 12일 장 마감 기준 최근 30거래일간 주가가 1천원 미만이거나 상장유지 시가총액... 금융당국과 거래소는 부실기업의 신속한 퇴출을 통해 국내 증시의 체질을 개선하고 코리아 디스카운트를... ,http://www.issuenbiz.com/news/articleView.html?idxno=78696,http://www.issuenbiz.com/news/articleView.html?idxno=78696,"Thu, 13 Aug 2026 08:22:00 +0900",2026-08-13 08:46:16
금융,은행 산업,"한앤코, 10년 해운투자 '판 다시 짰다'…SK해운은 K-LNG로 [fn마켓워치]",13일 투자은행(IB)업계에 따르면 한앤컴퍼니는 SK해운과 에이치라인해운 간 조(兆) 단위 선대 포트폴리오... PE업계 관계자는 &quot;통상 PEF가 두 회사를 10년 이상 보유하면서 재무구조 개선을 넘어 산업 내 포지션 자체를... ,http://www.fnnews.com/news/202608130836115326,https://n.news.naver.com/mnews/article/014/0005560904?sid=101,"Thu, 13 Aug 2026 08:41:00 +0900",2026-08-13 08:46:17
금융,은행 산업,"[두산, SK실트론 인수 후] 2.3조 베팅에 1조 차입…높아진 레버리지 낮출...","산업은행과 우리은행을 공동 주선기관으로 선정하고 신디케이트론 형태로 자금을 마련할 계획이다. 문제는 자금 조달 후 높아지는 레버리지다. 올해 3월 말 두산의 연결 기준 부채비율은 161.1%, 차입금의존도는 30.5... ",https://news.dealsitetv.com/articles/174515,https://news.dealsitetv.com/articles/174515,"Thu, 13 Aug 2026 08:34:00 +0900",2026-08-13 08:46:17
금융,은행 산업,"산은·국민연금까지 잇단 낙점…미래에셋벤처, 정책 LP '4관왕' [fn마켓워...","특히 산업은행과 국민연금, 한국벤처투자, 한국성장금융 등 벤처·성장자본 시장의 주요 기관투자가(LP) 자금을 동시에 확보했다는 점이 눈길을 끈다. 13일 투자은행(IB)업계에 따르면 미래에셋벤처투자는 올 들어... ",http://www.fnnews.com/news/202608130826302388,https://n.news.naver.com/mnews/article/014/0005560898?sid=101,"Thu, 13 Aug 2026 08:30:00 +0900",2026-08-13 08:46:17
금융,은행 산업,푸틴 “러시아 선박 압류하면 유럽 선박도 맞대응”,"EU 집행위원회(European Commission)는 제21차 대러 제재 패키지의 주요 제한 대상으로 에너지와 금융서비스, 암호화폐, 무역, 러시아 군수산업을 제시했다. 금융 부문에는 은행과 주요 금융기관, 러시아의 국경 간 결제망에... ",https://www.tokenpost.kr/news/policy/389636,https://www.tokenpost.kr/news/policy/389636,"Thu, 13 Aug 2026 08:28:00 +0900",2026-08-13 08:46:17
금융,은행 산업,[금융계 7월 동향 - 미래에셋③],2위 삼성자산운용 3위 한국투자신탁운용 순으로 분석됐다. 또한 한국기업평판연구소의 채권 브랜드평판 2026년 7월 빅데이터 분석결과 1위 미래에셋증권 채권 2위 KB증권 채권 3위 한국산업은행 채권 순으로 분석됐다.,http://www.wsobi.com/news/articleView.html?idxno=316413,http://www.wsobi.com/news/articleView.html?idxno=316413,"Thu, 13 Aug 2026 08:12:00 +0900",2026-08-13 08:46:17
금융,은행 산업,"뉴욕증시, CPI 안도감에 상승…AI 낙관론에 기술주 강세[뉴스새벽배송]","다우존스30산업평균지수는 전 거래일보다 21.58포인트(0.04%) 내린 5만3770.27, S&amp;P500지수는 20.30포인트(0.26... 뒤 채권금리 상승과 달러 강세로 조정을 받았지만 중앙은행과 아시아 투자자들의 매수세가 가격을 지지.",https://www.edaily.co.kr/news/newspath.asp?newsid=03509606645546992,https://n.news.naver.com/mnews/article/018/0006350723?sid=101,"Thu, 13 Aug 2026 08:10:00 +0900",2026-08-13 08:46:17
금융,핀테크 시장,결제 인프라 잡은 토스플레이스 당근과 손 잡고 동네 상권 공략 나선다,온라인 커뮤니티와 오프라인 매장을 잇는 시도는 소상공인 마케팅 시장에서 꾸준한 화두였다. 결제 인프라를 쥔 핀테크 기업들이 최근 지역 기반 플랫폼과 손잡는 사례가 늘면서 그 흐름이 한층 뚜렷해지고 있다.... ,https://www.econovill.com/news/articleView.html?idxno=747855,https://www.econovill.com/news/articleView.html?idxno=747855,"Thu, 13 Aug 2026 08:26:00 +0900",2026-08-13 08:46:17
금융,핀테크 시장,[네이버 밸류업②] 엔비디아·두나무가 바꾼 계산법…네이버 몸값 다시...,"국내 검색·커머스 시장을 장악한 플랫폼에서 인공지능(AI) 컴퓨팅과 디지털금융 인프라를 공급하는 글로벌... 지금까지 네이버의 기업가치는 검색을 기반으로 광고와 쇼핑, 콘텐츠, 핀테크 사업을 얼마나 키우느냐에... ",https://www.techm.kr/news/articleView.html?idxno=154223,https://www.techm.kr/news/articleView.html?idxno=154223,"Thu, 13 Aug 2026 07:06:00 +0900",2026-08-13 08:46:17
금융,핀테크 시장,[더벨][어피닛 IPO] 코스닥 빅딜 기대감…2년 준비 끝 예심 초읽기,시장에서는 어피닛을 올해 코스닥 IPO 시장의 주요 기대주 가운데 하나로 꼽고 있다. 국내 핀테크 기업이지만 인도에서 사업 기반을 구축한 데다 이익 창출력도 갖췄다. 공모 절차가 본격화하면 공모 규모와... ,https://www.thebell.co.kr/free/content/ArticleView.asp?key=202608111043090400103355,https://www.thebell.co.kr/free/content/ArticleView.asp?key=202608111043090400103355,"Thu, 13 Aug 2026 07:02:00 +0900",2026-08-13 08:46:17
금융,핀테크 시장,"[더벨][VC 투자기업] 로앤굿, 그리핀으로 사명 변경…사업영역 확장 반...",글로벌 시장에서 사업을 확장하는 것을 목표로 하고 있다. 앞으로 법률 플랫폼 기업을 넘어 기술과 금융을 결합해 법률서비스에 대한 접근성을 높이는 글로벌 리걸 핀테크(Global Legal Fintech) 기업으로 성장한다는... ,https://www.thebell.co.kr/free/content/ArticleView.asp?key=202608110753519580105663,https://www.thebell.co.kr/free/content/ArticleView.asp?key=202608110753519580105663,"Thu, 13 Aug 2026 07:02:00 +0900",2026-08-13 08:46:17
금융,핀테크 시장,[네이버 밸류업①] 매출 77% 늘었는데 주가는 반토막…네이버는 왜 저평...,단기 이익률은 낮아졌지만 본업의 성장세를 유지하면서 커머스·핀테크·AI 사업의 기반을 넓히고 있다는 평가다. 정해창 대신증권 연구원은 &quot;AI 확산 이후 시장의 우려에도 네이버 플랫폼을 중심으로 견조한 실적... ,https://www.techm.kr/news/articleView.html?idxno=154258,https://www.techm.kr/news/articleView.html?idxno=154258,"Thu, 13 Aug 2026 07:00:00 +0900",2026-08-13 08:46:17
금융,핀테크 시장,"[N2 포커스] iM금융, 계열사 재배치로 포트폴리오 정비…그룹 시너지 높...",iM금융 관계자는 &lt;뉴스투데이&gt;에 &quot;지주사와 핀테크사에 적용되는 법률과 관리 체계가 다른 만큼 뉴지스탁을 자본시장법 체계 아래 있는 iM증권 자회사로 편입하는 것이 경영관리 측면에서 효율적이라고 판단했다&quot;며... ,https://www.news2day.co.kr/article/20260812500262,https://www.news2day.co.kr/article/20260812500262,"Thu, 13 Aug 2026 06:56:00 +0900",2026-08-13 08:46:17
금융,핀테크 시장,"[홍콩 특징주] 텐센트 'AI 투자 확대'…2Q 자본지출 11조, 176%↑","핀테크 및 기업 서비스 사업의 2분기 매출은 602억8600만 위안으로 전년 동기 대비 9% 증가했다. 상업 결제... 클라우드 사업은 정부 및 기업의 AI 컴퓨팅 파워 수요와 디지털화 수요 증가에 힘입었으며, 해외 시장도... ",https://www.newspim.com/news/view/20260813000042,https://www.newspim.com/news/view/20260813000042,"Thu, 13 Aug 2026 06:52:00 +0900",2026-08-13 08:46:17
금융,핀테크 시장,"“해도 된다”에 투자, 담당자 바뀌자 ‘사업 불허’","주식 대차거래 중개 핀테크 ‘KSL’ 당국 일관성 없는 행정에 존폐기로 주식을 빌려주고 빌리는 거래... 하지만 제도가 정비되자 규제를 푸는 데 참여하지 않은 후발 경쟁사가 시장에 진입해 혜택을 누리고, 준비... ",https://www.chosun.com/economy/economy_general/2026/08/13/IRBOZ4ZRVFALFBPAHJROXS5KAA/?utm_source=naver&utm_medium=referral&utm_campaign=naver-news,https://n.news.naver.com/mnews/article/023/0003992668?sid=101,"Thu, 13 Aug 2026 00:33:00 +0900",2026-08-13 08:46:17
금융,핀테크 시장,2027년까지 이어지는 리플·뉴욕대 아부다비 연구 협력,"사이버보안, 핀테크 연구를 지원해 왔다. 대학 수업과 학생 프로젝트를 연구비 지원에 결합한 구조다. 볼타 이니셔티브는 디지털 기술을 활용해 소농과 거래자의 시장 참여를 지원하는 실증 연구다. 뉴욕대 기술... ",https://www.tokenpost.kr/news/cryptocurrency/389280,https://www.tokenpost.kr/news/cryptocurrency/389280,"Wed, 12 Aug 2026 20:44:00 +0900",2026-08-13 08:46:17
금융,핀테크 시장,"해시드 &quot;원화코인 논의, 발행에서 정산·유통으로 확장돼야&quot;","이에 미국 핀테크사 스트라이프가 블록체인 인프라 기업을 인수해 결제와 정산 역량을 강화하고 있고, USDC... 블록체인상 신원 증명 기술과 결합하면 AI 에이전트 결제 시장에서 글로벌 표준을 선점할 수 있다고 전망했습니다.",https://biz.sbs.co.kr/article_hub/20000328345?division=NAVER,https://n.news.naver.com/mnews/article/374/0000527141?sid=101,"Wed, 12 Aug 2026 18:18:00 +0900",2026-08-13 08:46:17
금융,핀테크 시장,개발자 쓸어가던 SW업계도 신입 안뽑아,국내 핀테크 기업의 개발자 채용 면접장. 정보기술(IT) 부트캠프 수료는 물론 인공지능(AI) 툴을 활용한... 청년 고용 한파가 소프트웨어(SW) 시장으로 번지고 있다. SW 기업은 신입 채용을 줄이고 경력자와 기존... ,https://www.hankyung.com/article/2026081275871,https://n.news.naver.com/mnews/article/015/0005320203?sid=105,"Wed, 12 Aug 2026 18:00:00 +0900",2026-08-13 08:46:17
금융,핀테크 시장,리테일에 발목잡힌 키움…증권주 중 목표가 하락폭 '최대',키움증권의 핵심 사업이었던 개인 주식 리테일 시장 점유율(M/S) 하락세도 우려 요인으로 꼽힌다. 키움증권의 국내 주식 리테일 M/S는 지난해 29%대에서 올해 2분기 25.0%로 하락했다. 토스증권 등 핀테크 증권사의 약진과... ,https://www.asiatoday.co.kr/kn/view.php?key=20260812010004164,https://www.asiatoday.co.kr/kn/view.php?key=20260812010004164,"Wed, 12 Aug 2026 18:00:00 +0900",2026-08-13 08:46:17
금융,핀테크 시장,[사설] 서울을 글로벌 금융 도시로 더 키워야 한다,"동남권투자공사를 부산에 설립하기 위한 법안도 국회에 계류돼 있고, 전재수 부산시장은 취임 일성으로... 디지털 기술 혁신, 핀테크 생태계 조성, 인공지능(AI) 투자 확대, 데이터 센터 확충, 규제 완화 등을 지속적으로... ",https://www.ddaily.co.kr/page/view/2026081215595067786,https://n.news.naver.com/mnews/article/138/0002237609?sid=101,"Wed, 12 Aug 2026 17:25:00 +0900",2026-08-13 08:46:17
금융,핀테크 시장,"&quot;코스닥 상장폐지 보완·시행유예 필요&quot;…中企, 한성숙 총리에 규제혁신...","최근 강화된 코스닥 상장폐지 기준은 시장 변동성이 큰 상황에서 우량 중소기업까지 퇴출 위험에 놓일 수... 한국핀테크산업협회장, IT여성기업인협회장 등 100여 명이 참석해 신산업 진입과 성장을 가로막는 구조적 규제를... ",https://www.newscj.com/news/articleView.html?idxno=3424589,https://www.newscj.com/news/articleView.html?idxno=3424589,"Wed, 12 Aug 2026 16:40:00 +0900",2026-08-13 08:46:17
금융,핀테크 시장,"법률사무소 번화, '테헤란로 시대' 개막···사무실 이전과 새 CI로 제2...","번화는 가상자산 관련 민·형사 소송과 자문, 핀테크 규제 대응 등 기존 법률시장에서 전문성을 갖춘 로펌이 많지 않은 영역을 선제적으로 공략하며 두각을 나타냈다. 이와 함께 민사·형사·기업법무·부동산 등 전통적... ",https://www.enetnews.co.kr/news/articleView.html?idxno=53353,https://www.enetnews.co.kr/news/articleView.html?idxno=53353,"Wed, 12 Aug 2026 16:36:00 +0900",2026-08-13 08:46:17
금융,핀테크 시장,"암호화폐 투자 뉴스레터, '코알라' 무료 구독하세요","코알라는 한경 금융부 핀테크팀과 한경의 암호화폐 전문매체 블루밍비트, 벤처캐피털·운용·평가사 전문가들이 함께 만듭니다. 암호화폐 시장의 뜨거운 이슈와 배경, 전망을 꼼꼼히 짚어드립니다. 딱딱한... ",https://www.hankyung.com/article/2026081259601,https://n.news.naver.com/mnews/article/015/0005320087?sid=101,"Wed, 12 Aug 2026 16:11:00 +0900",2026-08-13 08:46:17
금융,핀테크 시장,"머스트크리에이티브, AI 다큐로 美 '할리우드 골드 어워즈' 금상 수상","글로벌 시장에서 경쟁력을 가질 수 있음을 증명했다&quot;고 설명했다. 머스트크리에이티브는 AI 미디어... 머스트크리에이티브가 소속된 머스트컴퍼니는 핀테크, IT 및 AI, 마케팅 및 커머스, 미디어 플랫폼, K-뷰티 유통... ",https://www.it-b.co.kr/news/articleView.html?idxno=89475,https://www.it-b.co.kr/news/articleView.html?idxno=89475,"Wed, 12 Aug 2026 16:08:00 +0900",2026-08-13 08:46:17
금융,핀테크 시장,비트플래닛 “디지털 자산 기본법 지연에 가상 자산 업계 환경은 악화”,"정치권에서는 원화 스테이블코인 발행 주체를 ‘은행 50%+1주, 핀테크 34%’로 제시했다. 하지만 이는... 남는다는 점을 고려해 법제화 확정 시점을 먼저 정하고 세부 내용을 조율하는 것이 시장에 이롭다”고 밝혔다.",https://biz.chosun.com/stock/finance/2026/08/12/MCYZU2OA3ZFT7L5TEKVZQ75PVY/?utm_source=naver&utm_medium=original&utm_campaign=biz,https://n.news.naver.com/mnews/article/366/0001185839?sid=101,"Wed, 12 Aug 2026 16:06:00 +0900",2026-08-13 08:46:17
리츠/부동산,리츠 주가,리테일 투심마저 실종…A+급 이하 비우량채 발행 반토막 [시그널],상장 당일 주가가 급등해야 단기 매매로 얻을 수 있는 차익이 늘어나는데 최근 공모가를 밑도는 사례가 속출하면서 공모주에 열을 올릴 유인이 낮아진 것이다. 여기에 제이알글로벌리츠와 중앙그룹 계열사들의... ,https://www.sedaily.com/article/20078679?ref=naver,https://n.news.naver.com/mnews/article/011/0004651129?sid=101,"Wed, 12 Aug 2026 18:05:00 +0900",2026-08-13 08:46:18
리츠/부동산,리츠 주가,[이슈PICK+] 빙하기 도래한 IPO 시장···하반기 대어급 상장에 회복 기...,"올해 7월까지 스팩(SPAC)과 리츠(REITs)를 제외한 IPO 공모 금액은 1조2488억원으로 전년 동기 대비 48% 감소했다.... 부진한 주가 흐름도 상장 감소에 영향을 줬다&quot;고 분석했다. 특히, 코스닥 시장의 경우 반도체 쏠림 장세로... ",https://www.todaykorea.co.kr/news/articleView.html?idxno=404848,https://www.todaykorea.co.kr/news/articleView.html?idxno=404848,"Wed, 12 Aug 2026 16:16:00 +0900",2026-08-13 08:46:18
리츠/부동산,리츠 주가,바닥 찍었나…리츠 주가 다시 꿈틀,"대신증권에 따르면 제이알글로벌리츠가 기업회생절차를 신청한 지난 4월 27일 이후 국내 상장리츠 주가는 시가총액 가중평균 기준 26.9% 하락했다. 해외 자산 리츠의 낙폭이 특히 컸지만 한화리츠와 SK리츠, 삼성FN리츠 등... ",https://www.etoday.co.kr/news/view/2613723,https://www.etoday.co.kr/news/view/2613723,"Wed, 12 Aug 2026 14:34:00 +0900",2026-08-13 08:46:18
리츠/부동산,리츠 주가,"배당 8% 육박해도 외면받는 리츠···롯데리츠, 시장 회복 시험대",제이알글로벌리츠의 19%대 배당수익률과 주가 급락이 동시에 나타난 것도 이 같은 '고배당의 역설'을 보여준다. 리츠 시장의 변곡점은 지난 4월 발생한 제이알글로벌리츠 사태였다. 핵심 기초자산인 벨기에 브뤼셀... ,https://www.greened.kr/news/articleView.html?idxno=347471,https://www.greened.kr/news/articleView.html?idxno=347471,"Wed, 12 Aug 2026 13:33:00 +0900",2026-08-13 08:46:18
리츠/부동산,리츠 주가,"대신증권, 대신밸류리츠 지분 추가 매입… 배경은?",대신증권 측은 &quot;현재 대신밸류리츠 주가는 자산가치와 배당 매력을 충분히 반영하지 못한 저평가 구간으로 판단하고 있다&quot;고 설명했다. 대신증권은 앞으로 지분 매입을 지속적으로 진행하겠다는 방침이다. 이를... ,https://www.sisaweek.com/news/articleView.html?idxno=237226,https://www.sisaweek.com/news/articleView.html?idxno=237226,"Tue, 11 Aug 2026 15:26:00 +0900",2026-08-13 08:46:18
리츠/부동산,리츠 주가,닛케이 10% 폭락에도 개미들 폭주… 투신시장 2조 엔 쓸어담기,반면 부동산에 투자하는 세계 리츠 펀드에서는 약 623억 엔이 유출되며 지난 1년 중 최대 규모의 순유출을 나타냈다. 전문가들은 단기 주가 조정 국면 속에서도 개인투자자들의 자산 다변화 성향이 뚜렷하게 유지되고... ,https://www.g-enews.com/view.php?ud=202608111226204807e7e8286d56_1,https://www.g-enews.com/view.php?ud=202608111226204807e7e8286d56_1,"Tue, 11 Aug 2026 12:28:00 +0900",2026-08-13 08:46:18
리츠/부동산,리츠 주가,주유소 부지 자산 가치 재평가…SK리츠·GS 매수 유입 뚜렷,"기대감이 주가를 끌어올리는 모양새다. 석유제품 유통 마진 확대와 주유소 부지 자산 가치 재평가 모멘텀이... SK리츠, SK이노베이션, 중앙에너비스가 오름세를 이어가고 있다. 극동유화, 대성산업, 리드코프 역시 강세를... ",https://www.pinpointnews.co.kr/news/articleView.html?idxno=476230,https://www.pinpointnews.co.kr/news/articleView.html?idxno=476230,"Tue, 11 Aug 2026 10:52:00 +0900",2026-08-13 08:46:18
리츠/부동산,리츠 주가,"대신증권, 대신밸류리츠 '저평가' 베팅",대신증권 관계자는 &quot;현재 대신밸류리츠 주가는 자산가치와 배당 매력을 충분히 반영하지 못한 저평가 구간으로 판단하고 있다&quot;며 &quot;책임 있는 주주로서 향후에도 지속적으로 지분을 확대해 기업가치 제고와 주주가치... ,https://www.kbanker.co.kr/news/articleView.html?idxno=225642,https://www.kbanker.co.kr/news/articleView.html?idxno=225642,"Tue, 11 Aug 2026 09:52:00 +0900",2026-08-13 08:46:18
리츠/부동산,리츠 주가,[월간 ECM] 7월 IPO·유증 나란히 '반토막'…자금 조달 '냉기',유상증자 역시 거래 건수가 반 토막 나면서 모집 예정액이 크게 감소하고 주가 하락에 따른 발행가액... 리츠 상장을 비롯해 스팩(SPAC) 합병을 통한 우회상장과 기업 분할·합병 이후 재상장 등은 조사 대상에서... ,https://www.bloter.net/news/articleView.html?idxno=670559,https://n.news.naver.com/mnews/article/293/0000088871?sid=101,"Tue, 11 Aug 2026 09:46:00 +0900",2026-08-13 08:46:18
리츠/부동산,리츠 주가,[GAM]CAT 굴착기에서 AI 인프라 주축으로 ② 역대급 백로그와 46% 저력,"캐터필러(CAT) 주가는 인공지능(AI) 수혜주로 급부상하면서 최근 1년 사이 두 배 치솟았다. 8월7일(현지시각)... 구축하는 리츠(REITs, 부동산투자신탁) 업체들도 캐터필러의 중장비와 전력 시스템을 필요로 한다.... ",https://www.newspim.com/news/view/20260810000864,https://www.newspim.com/news/view/20260810000864,"Tue, 11 Aug 2026 08:01:00 +0900",2026-08-13 08:46:18
리츠/부동산,리츠 주가,유증 추진 SK디앤디 정정 공시…“최소 1년간 상폐 추진 안 한다” [시그...,제이알글로벌리츠 사태로 채권 시장이 얼어붙으며 SK디앤디의 기존 채무 상환이 어려워지자 주주배정 유상증자를 실시해 유동성을 지원하려 했다. 하지만 증자 이후 지분이 희석되는 것을 우려한 일부 소액주주가... ,https://www.sedaily.com/article/20077799?ref=naver,https://n.news.naver.com/mnews/article/011/0004650418?sid=101,"Tue, 11 Aug 2026 07:00:00 +0900",2026-08-13 08:46:18
리츠/부동산,리츠 주가,시중엔 돈 넘치는데 기업은 팍팍…회사채·유증까지 막힌 '돈맥경화',주주가치 제고 등이 명확하게 명시된 경우가 많다&quot;며 &quot;기업과 투자자의 자율에 맡겨져야 할 자본 조달이... 하지만 올해 제이알글로벌리츠와 JTBC 등 전단채 디폴트 사태가 발생하면서 불안전한 채권을 찾는 회사가... ,https://www.mt.co.kr/stock/2026/08/11/2026081021370124511,https://n.news.naver.com/mnews/article/008/0005398115?sid=101,"Tue, 11 Aug 2026 06:30:00 +0900",2026-08-13 08:46:18
리츠/부동산,리츠 주가,"대신밸류리츠, 리츠주 부진에도 '탄탄'…대신증권 12번째 지분 매입",대신증권 관계자는 &quot;현재 대신밸류리츠 주가는 자산가치와 배당 매력을 충분히 반영하지 못한 저평가 구간으로 판단하고 있다&quot;며 &quot;책임 있는 주주로서 향후에도 지속적으로 지분을 확대해 기업가치 제고와 주주가치... ,https://www.news2day.co.kr/article/20260810500224,https://www.news2day.co.kr/article/20260810500224,"Mon, 10 Aug 2026 17:54:00 +0900",2026-08-13 08:46:18
리츠/부동산,리츠 주가,"“저평가 기회 잡는다”…대신증권, 대신밸류리츠 12번째 매수",대신증권 관계자는 &quot;현재 대신밸류리츠 주가는 자산가치와 배당 매력을 충분히 반영하지 못한 저평가 구간으로 판단하고 있다&quot;며 &quot;책임 있는 주주로서 앞으로도 지속적으로 지분을 확대해 기업가치와 주주가치를 높이는... ,http://www.metroseoul.co.kr/article/20260810500561,http://www.metroseoul.co.kr/article/20260810500561,"Mon, 10 Aug 2026 17:22:00 +0900",2026-08-13 08:46:18
리츠/부동산,리츠 주가,[뉴스워커_대신증권] 대신밸류리츠 지분 또 늘린다…1년여간 12번째,대신증권 관계자는 &quot;현재 대신밸류리츠 주가가 자산가치와 배당 매력을 충분히 반영하지 못한 것으로 판단하고 있다&quot;며 &quot;향후에도 지분 확대를 검토해 나갈 것&quot;이라고 말했다. 대신밸류리츠는 서울 명동에 위치한... ,http://www.newsworker.co.kr/news/articleView.html?idxno=440501,http://www.newsworker.co.kr/news/articleView.html?idxno=440501,"Mon, 10 Aug 2026 17:18:00 +0900",2026-08-13 08:46:18
리츠/부동산,리츠 주가,"대신증권, 대신밸류리츠 지분 12번째 추가 매수",대신증권 관계자는 &quot;현재 대신밸류리츠 주가는 자산가치와 배당 매력을 충분히 반영하지 못한 저평가 구간으로 판단하고 있다&quot;며 &quot;책임 있는 주주로서 향후에도 지속적으로 지분을 확대해 기업가치 제고와 주주가치... ,https://www.fetv.co.kr/news/articleView.html?idxno=308135,https://www.fetv.co.kr/news/articleView.html?idxno=308135,"Mon, 10 Aug 2026 16:54:00 +0900",2026-08-13 08:46:18
리츠/부동산,리츠 주가,"[증권 &amp; Now] 미래에셋증권, 글로벌 기업 탐방 콘텐츠 '뉴 스탠다드' 공...","이번 매입은 상장 이후 12번째 지분 취득으로, 대신증권은 대신밸류리츠의 장기 성장성과 배당 경쟁력에 대한 신뢰를 바탕으로 지속적으로 지분을 확대하고 있다고 설명했다. 대신증권 관계자는 &quot;현재 주가가... ",https://www.ebn.co.kr/news/articleView.html?idxno=1719813,https://www.ebn.co.kr/news/articleView.html?idxno=1719813,"Mon, 10 Aug 2026 16:52:00 +0900",2026-08-13 08:46:18
리츠/부동산,리츠 주가,"대신증권, 대신밸류리츠 지분 또 산다…상장 후 12번째 매수",대신증권 관계자는 “현재 대신밸류리츠 주가는 자산가치와 배당 매력을 충분히 반영하지 못한 저평가 구간으로 판단하고 있다”며 “책임 있는 주주로서 향후에도 지속적으로 지분을 확대해 기업가치 제고와 주주가치... ,https://www.seoultimes.news/news/article.html?no=2000098665,https://www.seoultimes.news/news/article.html?no=2000098665,"Mon, 10 Aug 2026 16:51:00 +0900",2026-08-13 08:46:18
리츠/부동산,리츠 주가,"대신증권, 대신밸류리츠 또 샀다… 12번째 지분 확대 '스폰서 책임' 강화",대신증권 관계자는 &quot;현재 대신밸류리츠 주가는 자산가치와 배당 매력을 충분히 반영하지 못한 저평가 구간으로 판단하고 있다&quot;며 &quot;책임 있는 주주로서 향후에도 지속적으로 지분을 확대해 기업가치 제고와 주주가치... ,https://www.koreaittimes.com/news/articleView.html?idxno=155958,https://www.koreaittimes.com/news/articleView.html?idxno=155958,"Mon, 10 Aug 2026 16:50:00 +0900",2026-08-13 08:46:18
리츠/부동산,부동산 시장,‘8.2만 가구 중 전세 659건’ 대치·목동·중계·평촌 학군지 전세 씨가...,"윤수민 NH농협은행 부동산전문위원은 “부동산 시장에선 ‘어떻게 될지 모르기 때문에 집을 비워놔야된다’는 부담감이 많이 느껴진다”며 “정책 불확실성이 있고, 비거주자에 대한 세제상 불이익이 커지고 있기... ",https://biz.heraldcorp.com/article/10839582?ref=naver,https://n.news.naver.com/mnews/article/016/0002683211?sid=101,"Thu, 13 Aug 2026 08:37:00 +0900",2026-08-13 08:46:19
리츠/부동산,부동산 시장,대출 '바늘구멍'에...서울 아파트 계약 해제 23% 급증 [굿모닝경제],공급대책 발표 앞두고 부동산 시장 혼란스러운 상황이잖아요. 서울 아파트 계약 해제가 23% 급증했다고 하는데 결국 대출이 워낙 줄어들다 보니까 그 영향인 것 같아요. ◆이정환&gt; 대출규제가 심각하다고 이야기하고 있고... ,https://www.ytn.co.kr/_ln/0134_202608130819122874,https://n.news.naver.com/mnews/article/052/0002392669?sid=101,"Thu, 13 Aug 2026 08:19:00 +0900",2026-08-13 08:46:19
리츠/부동산,부동산 시장,종부·보유세 부담에 &quot;이사 고민&quot;…'덜 똘똘한 한채'에 몰린다,정부가 8·3 부동산 세제 개편안을 발표한 뒤 부동산 시장의 분위기가 달라졌습니다. 초고가 아파트가 몰린 강남에선 보유세 부담에 '급매' 매물이 확 늘었는데 오히려 풍선 효과처럼 다른 지역의 집값이 오르는 조짐도... ,https://news.jtbc.co.kr/article/NB12313102?influxDiv=NAVER,https://n.news.naver.com/mnews/article/437/0000505941?sid=101,"Thu, 13 Aug 2026 08:19:00 +0900",2026-08-13 08:46:19
리츠/부동산,부동산 시장,"정부, 부동산 대책 발표…'그린벨트 해제' 대규모 공급 예고",정부는 얼어붙은 부동산 PF시장 활성화를 위한 금융 대책도 함께 발표할 예정인데 김윤덕 / 국토교통부 장관 (그제) &quot;곧 공급과 금융 문제에 대해서 발표할 예정이어서 그런 발표를 통해서 최대한 노력을 다해서 부동산이... ,https://news.tvchosun.com/site/data/html_dir/2026/08/13/2026081390018.html,https://n.news.naver.com/mnews/article/448/0000633179?sid=101,"Thu, 13 Aug 2026 07:47:00 +0900",2026-08-13 08:46:19
리츠/부동산,부동산 시장,"민주당, 오늘 세제 개편안·부동산 대책 논의⋯비거주 1주택 형평성 등","비거주 1주택 소유자에 대한 세 부담의 형평성 문제, 실거주자 우대로 인한 전월세난 심화 가능성 등에 대해 의견을 교환할 것으로 예상됩니다. 또 부동산 시장 안정을 위한 부동산 공급 확대 방안 등도 논의할 예정입니다.",http://mbn.mk.co.kr/pages/news/newsView.php?category=mbn00006&news_seq_no=5212099,https://n.news.naver.com/mnews/article/057/0001963430?sid=100,"Thu, 13 Aug 2026 07:41:00 +0900",2026-08-13 08:46:19
리츠/부동산,부동산 시장,곧 추가 공급 대책 발표...'그린벨트 해제' 만지작 [스타트 경제],공급대책 발표 앞두고 부동산 시장 혼란스러운 상황이잖아요. 서울 아파트 계약 해제가 23% 급증했다고 하는데 결국 대출이 워낙 줄어들다 보니까 그 영향인 것 같아요. [이정환] 대출규제가 심각하다고 이야기하고 있고... ,https://www.ytn.co.kr/_ln/0102_202608130726355704,https://n.news.naver.com/mnews/article/052/0002392651?sid=101,"Thu, 13 Aug 2026 07:26:00 +0900",2026-08-13 08:46:19
리츠/부동산,부동산 시장,[더벨][thebell interview | 건설부동산 AX 기업 돋보기] 김재구 데이터노...,"&quot;부동산 시장에서 의사결정을 내릴 때 믿고 참고할 수 있는 기준을 만들고 싶다. 인공지능(AI)을 활용해 사업지의 현재 뿐 아니라 미래가치까지 예측하고, 궁극적으로는 데이터노우즈가 한국 부동산 시장의 신뢰 기준으로... ",https://www.thebell.co.kr/free/content/ArticleView.asp?key=202608111527337440107247,https://www.thebell.co.kr/free/content/ArticleView.asp?key=202608111527337440107247,"Thu, 13 Aug 2026 07:12:00 +0900",2026-08-13 08:46:19
리츠/부동산,부동산 시장,"민주당, 오늘 의총서 부동산 세제 개편안·공급 방안 논의","소유자에 대한 세금 부담 형평성 문제, 실거주자 우대에 따른 전월세난 심화 가능성 등에 대해 의견을 교환할 것으로 예상됩니다. 또 부동산 시장 안정을 위한 부동산 공급 확대 방안 등도 논의할 예정입니다. (사진=연합뉴스)",https://news.sbs.co.kr/news/endPage.do?news_id=N1008702965&plink=ORI&cooper=NAVER,https://n.news.naver.com/mnews/article/055/0001380266?sid=100,"Thu, 13 Aug 2026 07:06:00 +0900",2026-08-13 08:46:19
리츠/부동산,부동산 시장,[더벨][thebell note] 생존전략 다시 짜는 디벨로퍼,"실제 HM그룹은 부동산 시장 침체 속에서도 사업을 확장했고 해외 개발시장으로도 보폭을 넓히고 있다. 앞으로 디벨로퍼의 경쟁력은 사업지를 얼마나 확보했느냐보다 필요한 자본을 어떻게 조달·운용하고, 다시 다음... ",https://www.thebell.co.kr/free/content/ArticleView.asp?key=202608101441189120107635,https://www.thebell.co.kr/free/content/ArticleView.asp?key=202608101441189120107635,"Thu, 13 Aug 2026 07:02:00 +0900",2026-08-13 08:46:19
리츠/부동산,부동산 시장,‘세입자’와 ‘공급자 금융’ 없는 부동산 대토론회,"이에 이재명 대통령은 “지금 말씀은 부동산 시장 정책보다는 청년 주거복지 정책에 가까운 말씀”이라며 “잘 챙겨보겠다”라고 답했다. 긍정적인 답변이지만, 한편으로는 ‘시장에서 소외된 이들을 공공이... ",https://www.sisain.co.kr/news/articleView.html?idxno=58304,https://n.news.naver.com/mnews/article/308/0000038625?sid=101,"Thu, 13 Aug 2026 07:00:00 +0900",2026-08-13 08:46:19
리츠/부동산,부동산 시장,"“부동산 세금 손대지 마라” 당권주자 가세…與, 정부 세제개편 ‘제동...",정부가 13일 부동산 시장 안정을 위한 공급·금융 대책을 발표하는 가운데 정부의 세제 개편안을 둘러싼 여당 내부의 반발은 거세지고 있다. 더불어민주당 당 대표 선거에 출마한 송영길 후보는 “부동산 세금은 손대지... ,https://www.sedaily.com/article/20078777?ref=naver,https://n.news.naver.com/mnews/article/011/0004651231?sid=100,"Thu, 13 Aug 2026 06:50:00 +0900",2026-08-13 08:46:19
리츠/부동산,부동산 시장,"&quot;오피스값 40% 폭락&quot;… 中, 1조 위안 규모 '토지사용권 만료' 해결 총력...",중국 정부가 오랫동안 부동산 시장을 짓눌러온 1조 위안(약 209조 원) 규모의 ‘토지사용권 만료 시한폭탄’을 해소하기 위해 전격적인 제도 개편에 착수했다. 상업용 토지사용권 만료를 앞두고 자산 가치가... ,https://www.g-enews.com/view.php?ud=2026081223314365670c8c1c064d_1,https://www.g-enews.com/view.php?ud=2026081223314365670c8c1c064d_1,"Thu, 13 Aug 2026 06:46:00 +0900",2026-08-13 08:46:19
리츠/부동산,부동산 시장,'폐버스·불법 증축'…與 '내로남불'에 무너지는 부동산 정책 신뢰,"이재명 대통령이 지난 1월 엑스(X·옛 트위터)에 &quot;시장을 이기는 정부도 없지만, 정부를 이기는 시장도 없다&quot;고 호언장담했지만, 부동산 시장의 혼란과 민심 이반은 가속화되는 모습이다. 정부의 부동산 정책이 집값을... ",https://www.dailian.co.kr/news/view/1677844/?sc=Naver,https://n.news.naver.com/mnews/article/119/0003121228?sid=100,"Thu, 13 Aug 2026 06:30:00 +0900",2026-08-13 08:46:19
리츠/부동산,부동산 시장,"국세청, 초고액 체납자 전담팀 신설···해외 은닉·조세 탈루 '탈탈'","국세청은 법인자산 사적 사용, 부동산 및 주식시장 불공정 탈세에 수사력을 집중할 계획이다. 법적 허점을 이용해 해외로 자산을 은닉하는 초고액 체납자의 징수 실효성을 높이는 전략이다. 하반기 총 1만 명 규모의 국세... ",https://www.globale.co.kr/news/articleView.html?idxno=39846,https://www.globale.co.kr/news/articleView.html?idxno=39846,"Thu, 13 Aug 2026 06:28:00 +0900",2026-08-13 08:46:19
리츠/부동산,부동산 시장,李 대통령 지지율 '40% 벽'마저 붕괴됐다,"정치권에선 부동산과 주식 시장, 보완수사권 폐지 문제와 함께 여당의 분열 등 복합적인 문제가 이 대통령의 지지를 끌어 내리고 있다는 분석이다. 최근 정부는 세제 개편안을 발표했는데, 사실상 증세에... ",https://www.newdaily.co.kr/site/data/html/2026/08/13/2026081300012.html,https://www.newdaily.co.kr/site/data/html/2026/08/13/2026081300012.html,"Thu, 13 Aug 2026 06:26:00 +0900",2026-08-13 08:46:19
리츠/부동산,부동산 시장,"부동산 대책 앞둔 李대통령, 지지율 하락세 막을까","이 대통령은 지난 3일 오후 3시부터 오후 10시30분까지 부동산 및 주식시장 점검회의를 주재했다. 이 자리에서 2022년부터 이어진 주택 공급 부진을 ‘공급 절벽’의 원인으로 지목하고, 가용한 공급 물량을 최대한... ",https://www.kukinews.com/article/view/kuk202608120150,https://www.kukinews.com/article/view/kuk202608120150,"Thu, 13 Aug 2026 06:02:00 +0900",2026-08-13 08:46:19
리츠/부동산,부동산 시장,"“그린벨트 풀어서라도…” 국토부, 전방위 공급책 예고",혈관이 굳어버린 부동산 PF시장에 마중물 역할을 할 금융 대책도 내놓을 것으로 보입니다. [김윤덕/국토교통부 장관/지난 11일/국회 국토위 : &quot;곧 공급과 금융 문제에 대해서 발표할 예정이어서 그런 발표를 통해서 최대한... ,https://news.kbs.co.kr/news/pc/view/view.do?ncd=8635752&ref=A,https://n.news.naver.com/mnews/article/056/0012236773?sid=101,"Thu, 13 Aug 2026 06:01:00 +0900",2026-08-13 08:46:19
리츠/부동산,상업용 부동산,[뉴욕증시] CPI 안도 'AI·반도체 랠리'···코어위브 19%↑·SK하닉 9%↑,"부동산이 1.08%, 정보기술이 1.06% 상승했다. AI 인프라 업체들이 기술주 상승을 주도했다. AI 클라우드 기업... 미 에너지정보청(EIA)에 따르면 미국의 상업용 원유(전략비축유 제외) 재고는 지난 7일 기준 4억2440만... ",https://www.seoulfn.com/news/articleView.html?idxno=635550,https://www.seoulfn.com/news/articleView.html?idxno=635550,"Thu, 13 Aug 2026 06:55:00 +0900",2026-08-13 08:46:20
리츠/부동산,상업용 부동산,"테슬라, 텍사스에 101억 달러 규모 초대형 태양광 공장 ‘프로젝트 크리...","전체 투자금 101억 1,600만 달러 중 부동산에 약 15억 달러, 생산 장비에 86억 달러가 각각 배정된다.... 본격적인 상업용 생산을 시작한다는 구상이다. 38년에 걸쳐 텍사스주 국내총생산(GDP)에 약 1,070억 달러의... ",https://www.g-enews.com/view.php?ud=2026081217391115650c8c1c064d_1,https://www.g-enews.com/view.php?ud=2026081217391115650c8c1c064d_1,"Thu, 13 Aug 2026 05:26:00 +0900",2026-08-13 08:46:20
리츠/부동산,상업용 부동산,이자도 제대로 못 갚는 ‘깡통대출’ 6조4000억원 쌓여,"시중은행 관계자는 “코로나 이후 지속된 금리 상승과 상업용 부동산 공실률 상승, 경매 낙찰률 하락 등이 맞물려 중소기업을 중심으로 무수익 여신이 늘었다”고 말했다. 문제는 앞으로다. 지난달 한국은행은 3년... ",https://www.chosun.com/economy/economy_general/2026/08/13/IOL5S3FLNBFTZI5YVZZGOEZFKA/?utm_source=naver&utm_medium=referral&utm_campaign=naver-news,https://n.news.naver.com/mnews/article/023/0003992665?sid=101,"Thu, 13 Aug 2026 00:32:00 +0900",2026-08-13 08:46:20
리츠/부동산,상업용 부동산,냉기 가득 충장로 'C-프랜차이즈'로 상권 예열,"한국부동산원 상업용부동산 임대동향조사에 따르면 올해 2분기 금남로·충장로 일대 집합상가 공실률은 24.5%로, 광주 전체 평균(8.2%)의 세 배에 이른다. 이 일대 공실률은 2023년 말 15%대까지 낮아졌다가 지난해부터 다시 25... ",http://www.gjdream.com/news/articleView.html?idxno=671793,http://www.gjdream.com/news/articleView.html?idxno=671793,"Thu, 13 Aug 2026 00:06:00 +0900",2026-08-13 08:46:20
리츠/부동산,상업용 부동산,경기 양극화 심화 영향 ‘깡통 대출’ 6년 만에 최고,"한 은행 관계자는 “코로나19 이후 지속된 금리 상승과 상업용 부동산 공실률 상승, 경매 낙찰률 하락 등이 맞물려 중소기업을 중심으로 무수익여신이 늘었다”고 말했다.",https://www.segye.com/newsView/20260812519694?OutUrl=naver,https://n.news.naver.com/mnews/article/022/0004150544?sid=101,"Wed, 12 Aug 2026 19:41:00 +0900",2026-08-13 08:46:20
리츠/부동산,상업용 부동산,"젠슨 황, GPU를 '부동산'처럼 본다…5000억달러 AI 자금조달의 최대 변수...",엔비디아 GPU가 빠르게 가치가 떨어지는 소비자 가전보다 상업용 부동산이나 유료도로 같은 실물 자산에 가깝게 가치를 유지한다는 전제다. 통상 자산담보대출에서 은행이 자금을 빌려주는 이유는 차입자가 부실화할... ,https://www.digitaltoday.co.kr/news/articleView.html?idxno=692493,https://www.digitaltoday.co.kr/news/articleView.html?idxno=692493,"Wed, 12 Aug 2026 19:36:00 +0900",2026-08-13 08:46:20
리츠/부동산,상업용 부동산,&quot;서울 새 오피스 인기 좋네&quot;…공실 늘었는데 임대료 '쑥',"12일 상업용 부동산 서비스 기업 알스퀘어에 따르면 지난 2분기 서울 오피스 평균 공실률은 6.5%로 전 분기보다 0.4%포인트 상승했다. 같은 기간 11개 오피스, 연면적 32만7274㎡가 새로 공급됐다. 공실률 상승은 신규... ",https://www.hankyung.com/article/2026081274111,https://n.news.naver.com/mnews/article/015/0005320227?sid=101,"Wed, 12 Aug 2026 18:14:00 +0900",2026-08-13 08:46:20
리츠/부동산,상업용 부동산,한토신 종로보령빌딩 매각 주관사에 젠스타·대신증권,매도자 측은 양사의 국내외 전략적 투자자(SI) 네트워크와 상업용 부동산 거래 전문성을 종합적으로 고려해 공동 주관사로 선정한 것으로 전해진다. 종로보령빌딩은 서울 종로구 창경궁로 136에 위치한 업무시설로... ,https://www.mk.co.kr/article/12125638,https://n.news.naver.com/mnews/article/009/0005720287?sid=101,"Wed, 12 Aug 2026 18:09:00 +0900",2026-08-13 08:46:20
리츠/부동산,상업용 부동산,[부실 경고등] 고금리·내수 부진에 5대 은행 추정손실 9809억,"고금리 장기화와 내수 부진, 상업용 부동산 시장 침체가 이어지는 가운데 취약 업종의 이자 지급 여력도 약화되고 있어서다. 당장 은행 건전성을 위협할 수준은 아니라는 분석이 우세하지만, 앞으로 연체율 상승과... ",https://www.g-enews.com/view.php?ud=202608121501256489cd0bfacc1c_1,https://www.g-enews.com/view.php?ud=202608121501256489cd0bfacc1c_1,"Wed, 12 Aug 2026 18:00:00 +0900",2026-08-13 08:46:20
리츠/부동산,상업용 부동산,5대 은행 '깡통대출' 첫 6조원 돌파…기업 부실 '경고등',코로나19 이후 이어진 금리 상승에 상업용 부동산 공실률 증가와 경매 낙찰률 하락 등이 겹치면서 중소기업을 중심으로 부실 여신이 늘었다는 것이다. 일부 대기업의 기업회생 신청도 영향을 미친 것으로 분석된다.... ,https://www.namdonews.com/news/articleView.html?idxno=919888,https://www.namdonews.com/news/articleView.html?idxno=919888,"Wed, 12 Aug 2026 18:00:00 +0900",2026-08-13 08:46:20
리츠/부동산,상업용 부동산,&quot;데이터센터 아무거나 안 산다&quot;…기관이 보는 새 투자 기준은,데이터센터 투자 판단 '핵심 기준' 바뀌고 있다 12일 상업용부동산 서비스 회사 CBRE코리아에 따르면 국내 데이터센터에 대한 투자자들 관심사는 자산의 외형적 규모에서 '현금흐름 질'과 '향후 엑시트(자금회수) 가능성... ,https://www.edaily.co.kr/news/newspath.asp?newsid=05841686645546664,https://n.news.naver.com/mnews/article/018/0006350519?sid=101,"Wed, 12 Aug 2026 17:56:00 +0900",2026-08-13 08:46:20
리츠/부동산,상업용 부동산,5대 은행 '깡통대출' 6조원 돌파…코로나19 이후 최고,특히 상업용 부동산 공실 증가와 경매시장 부진 등이 겹치면서 중소기업을 중심으로 부실대출이 늘고 있다는 분석이다. 향후 금리가 추가로 오를 경우 취약 차주의 이자 부담이 더욱 커져 부실 규모가 확대될... ,https://www.ccdailynews.com/news/articleView.html?idxno=2433964,https://www.ccdailynews.com/news/articleView.html?idxno=2433964,"Wed, 12 Aug 2026 17:32:00 +0900",2026-08-13 08:46:20
리츠/부동산,상업용 부동산,서울 도심에 새 오피스 쏟아졌는데…임대료는 되레 올라,12일 상업용 부동산 종합서비스 기업 알스퀘어의 '2026년 2분기 오피스 마켓 리포트'에 따르면 서울 오피스 평균 공실률은 6.5%로 전 분기보다 0.4%포인트 상승했다. 공실률 상승은 신규 공급이 집중된 CBD가... ,https://www.mk.co.kr/article/12125479,https://n.news.naver.com/mnews/article/009/0005720169?sid=101,"Wed, 12 Aug 2026 17:11:00 +0900",2026-08-13 08:46:20
리츠/부동산,상업용 부동산,"임대율 100% ‘종로보령빌딩’ 매물로…한토신, 10월 경쟁입찰",12일 상업용 부동산업계에 따르면 한국토지신탁 케이원제26호리츠는 종로보령빌딩 매각을 위해 젠스타메이트와 대신증권을 공동 매각주관사로 선정했다. 이달 중 투자설명서(IM)를 배포하고 국내외 기관투자가와... ,https://www.hankyung.com/article/202608127272r,https://n.news.naver.com/mnews/article/015/0005320124?sid=101,"Wed, 12 Aug 2026 16:53:00 +0900",2026-08-13 08:46:20
리츠/부동산,상업용 부동산,"5대 은행, 이자 못받는 ‘깡통 대출’ 6.4조…비율 코로나 이후 최고",대출받은 사람들이 빚을 갚기 어려워진 것이다. 코로나19 이후 상업용 부동산 공실률이 늘고 경매 낙찰률은 하락하면서 오피스를 소유한 중소기업이나 임대 사업 자영업자들의 자금 사정이 악화한 영향도 있다.,https://www.donga.com/news/Economy/article/all/20260812/134464589/1,https://n.news.naver.com/mnews/article/020/0003740398?sid=101,"Wed, 12 Aug 2026 16:50:00 +0900",2026-08-13 08:46:20
리츠/부동산,상업용 부동산,(무너진 건설 생태계) 파격 조건 내걸었지만…LH 수도권 토지 '유찰' 릴...,"이는 상업용 부동산 시장의 침체, 높은 공사비 및 PF 대출 규제, 기존 상가·지식산업센터의 공실 문제가 복합적으로 작용한 결과로 풀이됩니다. 업계는 오피스텔 세제 혜택 기준 상향 및 주택용지로의 용도 변경 등... ",http://www.newstomato.com/ReadNews.aspx?no=1310091&inflow=N,http://www.newstomato.com/ReadNews.aspx?no=1310091&inflow=N,"Wed, 12 Aug 2026 16:38:00 +0900",2026-08-13 08:46:20
리츠/부동산,상업용 부동산,5대 은행 '깡통대출' 첫 6조원 돌파…기업 부실 36% 급증,"은행권에서는 고금리 장기화와 내수 경기 부진, 상업용 부동산 시장 침체 등이 기업대출 부실 증가의 주요 원인으로 꼽힌다. 특히 자금 여력이 상대적으로 부족한 중소기업을 중심으로 원리금 상환 부담이 커지고... ",https://www.polinews.co.kr/news/articleView.html?idxno=739923,https://www.polinews.co.kr/news/articleView.html?idxno=739923,"Wed, 12 Aug 2026 16:24:00 +0900",2026-08-13 08:46:20
리츠/부동산,상업용 부동산,5대 은행 ‘이자도 못 받는 대출’ 첫 6조원…기업 부실 급증,"은행권은 고금리 장기화와 내수 부진, 상업용 부동산 경기 침체 등이 차주의 상환 여력을 떨어뜨린 것으로 보고 있다. 이에 부실 징후가 있는 대출을 상시 점검하고, 회생 가능성이 있는 차주에게 채무조정과... ",https://www.g-enews.com/view.php?ud=202608121616038028e30fcb1ba8_1,https://www.g-enews.com/view.php?ud=202608121616038028e30fcb1ba8_1,"Wed, 12 Aug 2026 16:18:00 +0900",2026-08-13 08:46:20
건설/인프라,건설 주가,"&quot;한국전력, 하반기 비용 부담 본격화에 목표가 하향&quot;-iM증권","iM증권은 13일 한국전력에 대해 &quot;하반기 비용 부담이 본격화될 것&quot;으로 전망하며 목표주가를 기존... 그는 &quot;내년 발전믹스 개선과 인공지능 데이터센터(AIDC)향 전력 판매량 증가, 신규 대형 원전 건설 등에 대한 중장기... ",http://www.fnnews.com/news/202608130816222302,https://n.news.naver.com/mnews/article/014/0005560893?sid=101,"Thu, 13 Aug 2026 08:19:00 +0900",2026-08-13 08:46:20
건설/인프라,건설 주가,"윈하이텍, 자사주 매입·최대주주 유증 등 저평가 탈피 총력",OSC(탈현장건설)기반 하이테크 건축 솔루션 기업 윈하이텍은 자사주 매입과 최대주주 할증 유상증자 등 전방위적인 주주가치 제고 활동을 단행해 주식시장 내 저평가 흐름을 정면 돌파하겠다고 13일 밝혔다. 회사 측에... ,https://www.newsis.com/view/NISX20260813_0003747047,https://n.news.naver.com/mnews/article/003/0014124416?sid=101,"Thu, 13 Aug 2026 08:15:00 +0900",2026-08-13 08:46:20
건설/인프라,건설 주가,[굿모닝 증시]美 반도체주 급등…&quot;한국증시 강세 흐름 전망&quot;,"미국 뉴욕 증시에서 인공지능(AI)·반도체주가 강세를 보인 가운데 13일 한국 증시는 미 금리 상승 부담... 비철·목재, 건설, 기계 등 이달 들어 수익률 상위권에 있는 업종으로 모멘텀 플레이를 하는 것도 적절한... ",https://view.asiae.co.kr/article/2026081308111783484,https://n.news.naver.com/mnews/article/277/0005802415?sid=101,"Thu, 13 Aug 2026 08:13:00 +0900",2026-08-13 08:46:20
건설/인프라,건설 주가,"iM證 &quot;한국전력, 하반기 비용 부담 본격화…목표가 4만8000원↓&quot;",목표주가는 기존 5만3000원에서 4만8000원으로 하향 조정했다고 13일 밝혔다. 전유진 iM증권 연구원은... 따른 발전 믹스 개선과 신규 대형원전 건설 기대감이 유효한 만큼 긴 호흡으로 접근이 유효하다&quot;고 분석했다.,https://www.etoday.co.kr/news/view/2613961,https://www.etoday.co.kr/news/view/2613961,"Thu, 13 Aug 2026 08:10:00 +0900",2026-08-13 08:46:20
건설/인프라,건설 주가,"윈하이텍, 자사주 매입 등 전방위적 주주가치 제고","윈하이텍이 자사주 매입, 최대주주 할증 유상증자 등 전방위적인 주주가치 제고 활동에 나섰다. 13일... 윈하이텍 관계자는 &quot;건설 경기 침체 속에서도 설비투자와 꾸준한 연구개발을 통해 기술 및 원가 경쟁력을 갖춘... ",https://view.asiae.co.kr/article/2026081308090266482,https://n.news.naver.com/mnews/article/277/0005802411?sid=101,"Thu, 13 Aug 2026 08:09:00 +0900",2026-08-13 08:46:20
건설/인프라,건설 주가,스페이스X 주가 다시 급등세… 월가는 '우주기업' 아닌 AI 기업을 본다,노르웨이 국부펀드 12억 달러 투자 공개에 주가 9.65% 급등 공매도 감소… 모건스탠리 &quot;AI 사업의 가치가... 스페이스X와 테슬라는 텍사스에 AI 반도체 생산시설인 '테라팹(Terafab)'을 건설하기로 하고 초기 단계에서 168억... ,https://www.news2day.co.kr/article/20260813500021,https://www.news2day.co.kr/article/20260813500021,"Thu, 13 Aug 2026 07:46:00 +0900",2026-08-13 08:46:20
건설/인프라,건설 주가,"쟁의 대상 좁혀라, 노란봉투법을 흔드는 이재명: 슬로우레터 8월13일.",건설업 취업자는 27개월 연속 줄었다. 반도체 다음 일곱 가지 씨앗. 7대 시드 프로젝트를 공개했다. 시드(SEED)... 미국 주식시장에서 코어위브 주가가 오른 게 투자 심리를 자극했다. 어제는 19.2% 올랐다. 어제 S&amp;P500과 다우... ,https://slownews.kr/164797,https://slownews.kr/164797,"Thu, 13 Aug 2026 07:30:00 +0900",2026-08-13 08:46:20
건설/인프라,건설 주가,"&quot;AI 비즈니스 사업 역량 집중하는 GS, 목표가 상향&quot;[클릭 e종목]","흥국증권은 13일 GS에 대해 투자의견 매수를 유지하고 목표주가를 10만원에서 14만원으로 상향했다.... GS건설과 자이C&amp;A, 디씨브릿지는 DC 건설과 운영 경험을 축적하고 있다&quot;고 설명했다. 또 그는 미래 역량뿐 아니라... ",https://view.asiae.co.kr/article/2026081215475568695,https://n.news.naver.com/mnews/article/277/0005802371?sid=101,"Thu, 13 Aug 2026 07:21:00 +0900",2026-08-13 08:46:20
건설/인프라,건설 주가,"[더벨][건설업종 상장폐지 리스크 점검] 신원종합개발, '르엘 어퍼하우...","◇성장 뒤 찾아온 주가 부진, 최대주주 주식매수선택권 '미행사' 신원종합개발은 1983년 설립된 건설사다. 태영건설이나 한화 건설부문, 포스코이앤씨보다도 일찍 토건공사면허를 취득했다. 국제통화기금(IMF) 사태... ",https://www.thebell.co.kr/free/content/ArticleView.asp?key=202608101539541720104138,https://www.thebell.co.kr/free/content/ArticleView.asp?key=202608101539541720104138,"Thu, 13 Aug 2026 07:02:00 +0900",2026-08-13 08:46:20
건설/인프라,인프라 산업,중견련 &quot;중견기업 56% 하반기 수출 증가 전망&quot;,"'물류 비용 및 수출 인프라 지원' 48.0%, '해외 판로·시장 진출 지원' 46.8%, '무역·수출 금융 지원 확대' 37.2%가 뒤따랐다. 김현철 중견련 상근부회장은 산업통상부 '7월 수출입 동향'을 언급하며 지난달 수출 규모가 전년... ",https://www.pinpointnews.co.kr/news/articleView.html?idxno=476884,https://www.pinpointnews.co.kr/news/articleView.html?idxno=476884,"Thu, 13 Aug 2026 08:44:00 +0900",2026-08-13 08:46:21
건설/인프라,인프라 산업,9월 준공 앞둔 부산기장촬영소…영화·관광 연계 시동,오는 9월 말 준공을 앞둔 부산기장촬영소를 지역 영화·영상산업과 관광을 잇는 거점으로 활용하기 위한... 주변 인프라 확충 방안도 검토하고 있다. 해외 주요 촬영지 사례를 살피는 한편 주민 의견을 반영해 지역경제와... ,https://www.imaeil.com/page/view/2026081300253547449,https://n.news.naver.com/mnews/article/088/0001023402?sid=102,"Thu, 13 Aug 2026 08:44:00 +0900",2026-08-13 08:46:21
건설/인프라,인프라 산업,"LS전선, 우즈벡發 '초특급 호재' 터지나…첨단 케이블 생산·기술 이전·...",전력 인프라 시장에서 사업 영역을 한층 더 넓힐 수 있을 것이라는 관측이 나온다. 우즈베키스탄 대표단은 이 자리에서 자국 전기·전자 산업의 높은 성장 잠재력과 투자 기회를 상세히 소개했다. 우즈베키스탄은 전력... ,https://www.theguru.co.kr/news/article.html?no=105735,https://www.theguru.co.kr/news/article.html?no=105735,"Thu, 13 Aug 2026 08:40:00 +0900",2026-08-13 08:46:21
건설/인프라,인프라 산업,"LS일렉트릭, 캐나다 CSA 공인시험소 자격 확보","CSA는 캐나다와 북미 지역에서 필수적인 제3자 시험·인증 기관이며, 미국 산업안전보건청(OSHA)이 지정한... 전력 인프라 투자가 집중되고 있다. 미국과 캐나다는 엄격한 안전·품질 인증 기준을 적용하고 있어, 현지... ",http://www.hansbiz.co.kr/news/articleView.html?idxno=856487,http://www.hansbiz.co.kr/news/articleView.html?idxno=856487,"Thu, 13 Aug 2026 08:40:00 +0900",2026-08-13 08:46:21
건설/인프라,인프라 산업,"삼성전자, 인도에 신규 냉난방공조 생산라인 준공…AIDC 공략 강화","신규 생산라인이 위치한 푸네는 인도의 데이터센터 및 산업 인프라가 빠르게 성장하고 있는 지역이며, 뭄바이 항구와 인접해 공급망 효율을 높일 수 있는 전략적 입지를 갖추고 있다. 신규 생산시설은... ",https://www.g-enews.com/view.php?ud=20260813082758847527fa31d75c_1,https://www.g-enews.com/view.php?ud=20260813082758847527fa31d75c_1,"Thu, 13 Aug 2026 08:36:00 +0900",2026-08-13 08:46:21
건설/인프라,인프라 산업,"삼성전자, 인도 푸네에 HVAC 신규 생산라인 준공… 아태 데이터센터 공...","푸네는 데이터센터와 산업 인프라가 급성장하는 지역으로, 뭄바이 항구와 가까워 물류 효율성을 확보하기 유리하다. 해당 시설은 1만3826㎡(약 4190평) 규모로 구축됐다. 올해 초 장비 투입에 들어간 지 약 6개월... ",https://www.pointe.co.kr/news/articleView.html?idxno=83162,https://www.pointe.co.kr/news/articleView.html?idxno=83162,"Thu, 13 Aug 2026 08:36:00 +0900",2026-08-13 08:46:21
건설/인프라,인프라 산업,"삼성전자, 인도에 HVAC 신규 생산라인 준공… AI 데이터센터 공략 박차",생산라인이 들어선 푸네는 인도의 데이터센터 및 산업 인프라가 급성장하는 전략적 요충지다. 특히 물류 중심지인 뭄바이 항구와 인접해 있어 기존 노이다 생산시설과 함께 인도 내수 시장은 물론 아시아·태평양... ,https://www.mk.co.kr/article/12126129,https://n.news.naver.com/mnews/article/009/0005720358?sid=101,"Thu, 13 Aug 2026 08:35:00 +0900",2026-08-13 08:46:21
건설/인프라,건설 수주,"정기선 HD현대 회장, 빌 게이츠 만난다…SMR 협력 논의",HD한국조선해양은 2022년 11월 테라파워에 3000만달러를 투자했다. 2024년 12월에는 테라파워가 미국 와이오밍주에 건설하는 345MW급 소듐냉각고속로(SFR)에 탑재될 원자로 용기를 수주해 제작하고 있다.,https://daily.hankooki.com/news/articleView.html?idxno=1395451,https://daily.hankooki.com/news/articleView.html?idxno=1395451,"Thu, 13 Aug 2026 08:42:00 +0900",2026-08-13 08:46:22
건설/인프라,건설 수주,"﻿롯데건설, 2분기 영업이익 1224억… 전년比 230%↑&quot;선별 수주 기조 증...","현재까지 7453억원을 상환해 잔액이 1조2000억원 수준으로 줄었다. 롯데건설은 만기까지 약 3200억원을 추가로 상환해 펀드 잔액을 8000억원대로 낮추고, 이후에는 만기 연장을 통해 안정적으로 관리해 나간다는... ",https://www.econovill.com/news/articleView.html?idxno=747847,https://www.econovill.com/news/articleView.html?idxno=747847,"Thu, 13 Aug 2026 08:14:00 +0900",2026-08-13 08:46:22
건설/인프라,건설 수주,"이노테크, '반도체 핵심' 챔버 수주 폭증…&quot;글로벌 MLCC 확대 수혜에 본...","이어 &quot;향후 매출 성장에 대비한 증설도 진행 중으로, 상장 당시 조달한 공모자금 약 260억원 중 220억원을 투자해 평택 신공장을 건설 중&quot;이라며 &quot;2027년 완공 후 생산능력(CAPA)은 기존 대비 3배 수준으로 증가할 것... ",http://www.newsprime.co.kr/news/article.html?no=743700,http://www.newsprime.co.kr/news/article.html?no=743700,"Thu, 13 Aug 2026 08:08:00 +0900",2026-08-13 08:46:22
건설/인프라,건설 수주,롯데건설 2분기 영업익 1224억원…전년比 230%↑,"PF 우발채무 관리를 위해 조성된 샬롯펀드도 2025년 리파이낸싱 당시 1조9000억원에서 현재 1조2000억원 수준으로 줄었다. 롯데건설은 만기까지 약 3200억원을 추가 상환해 잔액을 8000억원대로 낮추고, 연말까지... ",https://www.sentv.co.kr/article/view/sentv202608130005,https://www.sentv.co.kr/article/view/sentv202608130005,"Thu, 13 Aug 2026 08:08:00 +0900",2026-08-13 08:46:22
건설/인프라,건설 수주,"롯데건설, 상반기 영업익 1728억 '4배'…원가율 개선 효과",6월 말 기준 롯데건설의 수주잔고는 약 38조 6천억원으로 지난해 같은 기간 약 42조 5천억원보다 3조 9천억원(9.2%) 감소했다. 지난해 말(약 40조 2천억원) 대비 4.0% 줄었다. 부문별로는 민간 도급공사 수주잔고가... ,https://www.koreareport.co.kr/news/articleView.html?idxno=52123,https://www.koreareport.co.kr/news/articleView.html?idxno=52123,"Thu, 13 Aug 2026 08:08:00 +0900",2026-08-13 08:46:22
건설/인프라,건설 수주,"[더벨][건설리포트] 롯데건설, 2분기 어닝서프라이즈 '경영체질 개선' 입...",롯데건설 관계자는 &quot;사업성 위주의 선별 수주와 전사적 원가 관리 노력이 실질적 이익 창출로 이어지며 재무 정상화 궤도에 안정적으로 진입했다&quot;며 &quot;앞으로도 철저한 리스크 관리와 내실 경영을 바탕으로 지속... ,https://www.thebell.co.kr/free/content/ArticleView.asp?key=202608121623018240104719,https://www.thebell.co.kr/free/content/ArticleView.asp?key=202608121623018240104719,"Thu, 13 Aug 2026 08:02:00 +0900",2026-08-13 08:46:22
건설/인프라,건설 수주,"코오롱글로벌, 2분기 영업이익 522억원…전년비 174%↑","코오롱글로벌 관계자는 &quot;건설부문의 원가 안정화, 비주택 사업 확대와 더불어 합병 후 레저 및 AM 부문의 성장세가 본격화되고 있다&quot;며 &quot;수익성 중심의 선별 수주와 부문 별 사업 경쟁력을 높여 수익성과 성장성을... ",http://www.srtimes.kr/news/articleView.html?idxno=209876,http://www.srtimes.kr/news/articleView.html?idxno=209876,"Thu, 13 Aug 2026 08:00:00 +0900",2026-08-13 08:46:22
건설/인프라,건설 수주,코오롱글로벌 2분기 영업익 522억원…전년比 173.6%↑,"건설부문의 원가 안정화, 비주택 사업 확대와 더불어 합병 후 레저 및 AM 부문의 성장세가 본격화되면서 균형 잡힌 사업 구조 속에서 안정적인 성장 흐름을 이어가고 있다&quot;며 &quot;올해도 수익성 중심의 선별 수주와... ",https://www.sentv.co.kr/article/view/sentv202608130004,https://www.sentv.co.kr/article/view/sentv202608130004,"Thu, 13 Aug 2026 08:00:00 +0900",2026-08-13 08:46:22
건설/인프라,건설 수주,"[코스피·코스닥, KB국민은행 한화생명 메리츠금융 케이씨텍 계룡건설산...",3%↑…역대 최대 ▲케이씨텍 : 삼성전자와 402억언 규모 반도체 제조 장비 공급 계약 체결 ▲계룡건설산업 : 조달청으로부터 1848억원 규모 제2경춘국도(남양주-춘천) 도로건설공사(1공구) 수주... ,https://www.public25.com/news/articleView.html?idxno=52637,https://www.public25.com/news/articleView.html?idxno=52637,"Thu, 13 Aug 2026 07:56:00 +0900",2026-08-13 08:46:22
건설/인프라,건설 수주,"[재계 포커스] 불황에도 다섯 계단 뛰었다…대보건설, '50위권 진입'의 ...",실제로 올해 3월 공공 건설수주는 SOC 집행 등의 영향으로 전년 동월보다 57.8% 증가했다. 반면 건설기성은 같은 기간 전년 대비 감소세가 이어지는 등 민간 건축을 중심으로 한 건설경기의 본격적인 회복은 아직 확인되지... ,https://www.polinews.co.kr/news/articleView.html?idxno=740009,https://www.polinews.co.kr/news/articleView.html?idxno=740009,"Thu, 13 Aug 2026 07:30:00 +0900",2026-08-13 08:46:22
건설/인프라,건설 수주,"'쏟아지는' 서울 재개발에 사라진 경쟁 입찰…건설사, 출혈 없는 수주 ...",▲서울 정비사업에서 건설사들의 선별수주 전략을 시각화한 이미지/사진=AI 생성 이미지(ChatGPT) ◇ 늘어난 일감에 경쟁 입찰 불성립…단독 응찰 증가 13일 정비업계에 따르면 지난 10일 마감된 서울 성동구... ,https://www.socialvalue.kr/news/view/1065600375803799,https://www.socialvalue.kr/news/view/1065600375803799,"Thu, 13 Aug 2026 07:06:00 +0900",2026-08-13 08:46:22
음식료/식품,식품 주가,"같은 유통주, 주가는 정반대…7월 이후 백화점 40%대 급락·편의점 두 자...",가공식품을 많이 산 점도 수익성 개선에 힘을 보탰다. 편의점업계가 점포 수 확대보다 점포당 수익성을 중시하는 방향으로 재편되고 있는 점도 주가 상승을 뒷받침했다. 부진 점포를 정리하고 중대형 우량 점포... ,https://www.chosun.com/economy/stock-finance/2026/08/13/CPEFL6V4LJF2FKHQHNHWHK3DUY/?utm_source=naver&utm_medium=referral&utm_campaign=naver-news,https://n.news.naver.com/mnews/article/023/0003992759?sid=101,"Thu, 13 Aug 2026 08:36:00 +0900",2026-08-13 08:46:22
음식료/식품,식품 주가,美인플레 공포 덜었다…아시아 증시 이틀째 상승 출발 전망,"(사진=AFP) 12일(현지시간) 블룸버그통신에 따르면 일본과 한국의 주가지수 선물이 나란히 오르면서 아시아... 가격 변동성이 큰 식품과 에너지를 뺀 근원 CPI는 전월대비 0.2%, 전년동월대비 2.5% 상승했다. 근원 물가의... ",https://www.edaily.co.kr/news/newspath.asp?newsid=03434166645546992,https://n.news.naver.com/mnews/article/018/0006350704?sid=101,"Thu, 13 Aug 2026 07:52:00 +0900",2026-08-13 08:46:22
음식료/식품,식품 주가,"뉴욕증시, 美 소비자물가 둔화에도 혼조…나스닥 0.54%↑","식품과 에너지를 제외한 근원 CPI 역시 전년 동월 대비 2.5% 상승해 시장 예상치와 같았고, 6월 2.6%보다... 종목별로는 AI와 반도체 관련주가 강세를 나타냈다. AI 클라우드 업체 코어위브는 19.28%, 서버 제조업체... ",https://www.newsway.co.kr/news/view?ud=2026081307383022278,https://www.newsway.co.kr/news/view?ud=2026081307383022278,"Thu, 13 Aug 2026 07:48:00 +0900",2026-08-13 08:46:22
음식료/식품,식품 주가,'테플론 인플레이션'에 월가 안도했지만…불안한 백악관의 움직임 [마켓...,"에너지와 식품 등을 제외한 근원 CPI 상승률은 전월비 2.5%였고요. 큰 틀에서 지금과 같은 CPI 데이터는, 전쟁... 스페이스 X 주가가 간밤 9.74% 상승 마감했는데요. 공매도 투자자의 포지션 정리에 따른 숏 커버링이... ",http://www.wowtv.co.kr/NewsCenter/News/Read?articleId=A202608130335&t=NN,https://n.news.naver.com/mnews/article/215/0001262201?sid=101,"Thu, 13 Aug 2026 07:47:00 +0900",2026-08-13 08:46:22
음식료/식품,음식료 산업,코스피 3.7% 뛰었는데 하락 종목 더 많았다…반도체 '독주',"전방 산업의 성장 기대를 키웠다. 수급 측면에서도 반도체주에 호재가 더해졌다. 운용자산 570조 원... 하락 업종은 제약(-3.5%), 음식료·담배(-2.1%), 부동산(-1.3%) 등이었다. 380개 종목이 오르고 477개 종목이 내렸다.... ",https://www.koreareport.co.kr/news/articleView.html?idxno=52115,https://www.koreareport.co.kr/news/articleView.html?idxno=52115,"Wed, 12 Aug 2026 16:44:00 +0900",2026-08-13 08:46:23
음식료/식품,음식료 산업,삼전닉스 장중 8% 급등...코스피 6600선 회복에 매수 사이드카 발동 [fn오...,"업종별로는 전기·전자(6.17%), 제조(4.82%), 건설(2.58%) 등이 상승세를 보이고 있고, 제약(-3.21%), 음식료... 다우존스30 산업평균지수는 0.34%, 스탠더드앤드푸어스(S&amp;P)500 지수와 나스닥 지수는 각각 0.32%, 0.6% 내렸다.... ",http://www.fnnews.com/news/202608121442177156,https://n.news.naver.com/mnews/article/014/0005560605?sid=101,"Wed, 12 Aug 2026 15:03:00 +0900",2026-08-13 08:46:23
음식료/식품,음식료 산업,삼성전자·SK하이닉스 7% 넘게 급등…코스피 매수 사이드카 발동,"다우존스30 산업평균지수는 0.34%, 스탠더드앤드푸어스(S&amp;P)500 지수와 나스닥 지수는 각각 0.32%와 0.60... 금속(-1.58%), 의료·정밀기기(-1.19%), 음식료·담배(-0.52%) 등은 제한된 하락률을 보이고 있다. 코스닥은 2.... ",https://www.kwnews.co.kr/article/20260812500650,https://n.news.naver.com/mnews/article/087/0001210989?sid=101,"Wed, 12 Aug 2026 12:30:00 +0900",2026-08-13 08:46:23
음식료/식품,음식료 산업,"코스피,반도체 강세에 6,400선 회복...삼전닉스 4∼3% 상승","다우존스30 산업평균지수는 0.34%, 스탠더드앤드푸어스(S&amp;P)500 지수와 나스닥 지수는 각각 0.32%와 0.60... 금속(-1.58%), 의료·정밀기기(-1.19%), 음식료·담배(-0.52%) 등은 제한된 하락률을 보이고 있다. 코스닥은 2.... ",http://www.seouleconews.com/news/articleView.html?idxno=93019,http://www.seouleconews.com/news/articleView.html?idxno=93019,"Wed, 12 Aug 2026 10:14:00 +0900",2026-08-13 08:46:23
음식료/식품,음식료 산업,"코스피, 2% 안팎 상승...삼성전자 3% 강세 [fn오전시황]","음식료·담배(-1.23%), 금속(-1.03%), 제약(-0.79%) 등은 약세다. 시가총액 상위 종목 가운데 삼성전자(3.55... 다우존스30 산업평균지수는 0.34%, 스탠더드앤드푸어스(S&amp;P)500 지수와 나스닥 지수는 각각 0.32%, 0.6% 내렸다.... ",http://www.fnnews.com/news/202608120945212910,https://n.news.naver.com/mnews/article/014/0005560388?sid=101,"Wed, 12 Aug 2026 09:59:00 +0900",2026-08-13 08:46:23
음식료/식품,음식료 산업,"코스피 장 초반 2.21% 상승, 코스닥은 1.82% 하락","반면 금속은 1.58%, 의료·정밀기기는 1.19%, 음식료·담배는 0.52% 내렸다. 반도체 대형주는 전날에 이어... 한국시간으로 12일 새벽 마감한 뉴욕증시에서는 다우존스30 산업평균지수가 0.34% 하락했다.... ",https://www.tokenpost.kr/news/market/388860,https://www.tokenpost.kr/news/market/388860,"Wed, 12 Aug 2026 09:58:00 +0900",2026-08-13 08:46:23
음식료/식품,음식료 산업,"코스피, 반도체 강세에 2% 안팎 상승…코스닥은 하락(종합)","다우존스30 산업평균지수는 0.34%, 스탠더드앤드푸어스(S&amp;P)500 지수와 나스닥 지수는 각각 0.32%와 0.60... 금속(-1.58%), 의료·정밀기기(-1.19%), 음식료·담배(-0.52%) 등은 제한된 하락률을 보이고 있다. 코스닥은 2.... ",https://www.yna.co.kr/view/AKR20260812043300008?input=1195m,https://n.news.naver.com/mnews/article/001/0016246211?sid=101,"Wed, 12 Aug 2026 09:41:00 +0900",2026-08-13 08:46:23
음식료/식품,음식료 산업,"美 증시 약세 뚫고 코스피, 6400 회복…삼전·하닉 ‘강세’","83%), 음식료·담배(-0.69%), 일반서비스(-0.42%) 등은 약세다. 간밤 미국 뉴욕증시는 7월 CPI 발표를 앞둔 경계심리와 호르무즈해협을 둘러싼 불확실성에 소폭 하락했다. 다우존스30산업평균지수는 0.34... ",https://www.dt.co.kr/article/12077806?ref=naver,https://n.news.naver.com/mnews/article/029/0003041936?sid=101,"Wed, 12 Aug 2026 09:18:00 +0900",2026-08-13 08:46:23
음식료/식품,음식료 산업,[거래소 외국인] 삼성전자 SK스퀘어 셀트리온 SK 삼성바이오로직스 집중...,"글로벌 방산 수요 확대가 국내 방산업체 전반의 성장 동력으로 작용하고 있지만 종목별 수주 규모와 실적... 음식료 업종은 원재료 가격과 환율, 소비 흐름이 실적에 영향을 주며 정유업종은 국제유가와 정제마진 변화가... ",https://www.pinpointnews.co.kr/news/articleView.html?idxno=476363,https://www.pinpointnews.co.kr/news/articleView.html?idxno=476363,"Tue, 11 Aug 2026 16:04:00 +0900",2026-08-13 08:46:23
음식료/식품,음식료 산업,바이오·소부장 흐름탄 코스닥 850 회복…코스피는 '덤덤',"올 들어 증시 등락을 주도한 반도체 쌍두마차 삼성전자·SK하이닉스와 산업·지분 관련주 삼성전기... 의료정밀은 4%대, IT서비스·유통은 3%대, 음식료담배·건설은 2%대, 기타제조·통신·오락문화·섬유의류... ",https://www.mt.co.kr/stock/2026/08/11/2026081016423110262,https://n.news.naver.com/mnews/article/008/0005397982?sid=101,"Mon, 10 Aug 2026 17:21:00 +0900",2026-08-13 08:46:23
음식료/식품,음식료 산업,삼전닉스 쉬자 건설·기계 '꿈틀'…코스피 확산장 오나,"특정 산업 의존도 역시 낮아질 수 있을 것으로 보고 있다. 다만 이러한 변화가 실제 증시 변동성 완화와... KB증권은 올해 7월 이후 강세를 보인 은행, 음식료, 화장품, 비철, 운송, 상사 등이 반도체의 강한 실적에... ",https://www.edaily.co.kr/news/newspath.asp?newsid=04040966645546008,https://n.news.naver.com/mnews/article/018/0006348948?sid=101,"Mon, 10 Aug 2026 16:49:00 +0900",2026-08-13 08:46:23
음식료/식품,음식료 산업,"[EBN 데이터센터] 코스피, 실적·방산·소재주로 매기 확산…10일 상승 ...","반면 코스피에서는 서흥을 비롯해 미래산업, 산일전기, 대동 등 개별 종목 중심의 강한 오름세가... 전력기기, 음식료, 반도체 관련주로 매수세가 분산됐다. 서흥이 20% 넘게 뛰며 두각을 나타냈고, 산일전기와... ",https://www.ebn.co.kr/news/articleView.html?idxno=1719791,https://www.ebn.co.kr/news/articleView.html?idxno=1719791,"Mon, 10 Aug 2026 15:54:00 +0900",2026-08-13 08:46:23
음식료/식품,음식료 산업,"코스피, 반도체 강세에 6300선 출발···SK하이닉스 4%대↑","반면 운송·창고(-2.26%)와 화학(-1.97%), 섬유·의류(-1.34%), 음식료·담배(-1.23%), 통신(-1.13%)은 내렸다.... 나스닥지수는 1.30% 오른 2만6690.62, 다우존스30산업평균지수는 0.28% 오른 5만4036.93을 기록했다. 필라델피아... ",https://www.seoulfn.com/news/articleView.html?idxno=635279,https://www.seoulfn.com/news/articleView.html?idxno=635279,"Mon, 10 Aug 2026 09:38:00 +0900",2026-08-13 08:46:23
음식료/식품,음식료 산업,코스피 출발 직후 6300 회복…美 금리 긴장완화 훈풍,"반대로 운송창고·오락문화·화학·섬유의류는 1%대 약세, 일반서비스·통신·음식료담배·제약·부동산·IT서비스·종이목재는 약보합세다. 지난 7일(현지시간) 뉴욕증시 지수 상승률은 다우존스30산업평균 0.28%, S&amp;P500... ",https://www.mt.co.kr/stock/2026/08/10/2026081008335141737,https://n.news.naver.com/mnews/article/008/0005397604?sid=101,"Mon, 10 Aug 2026 09:29:00 +0900",2026-08-13 08:46:23
음식료/식품,음식료 산업,"[ETF 시황] 2차전지 ETF 급등, SK하이닉스 레버리지는 급락","이어 KODEX 2차전지산업레버리지(10.92%), SOL SK하이닉스선물단일종목인버스2X(10.14%), TIGER... 은행과 화학, 음식료 업종도 상대적으로 견조했다. 미국의 폴리실리콘 및 태양광 제품 수입 규제 강화에... ",https://www.newspim.com/news/view/20260807001024,https://www.newspim.com/news/view/20260807001024,"Fri, 07 Aug 2026 16:30:00 +0900",2026-08-13 08:46:23
음식료/식품,음식료 산업,"코스피, 상승 출발 뒤 1%대 하락…SK하이닉스 5%↓ [fn오전시황]","6일(현지시간) 뉴욕증시에서 다우존스30산업평균지수는 전장보다 0.85% 하락했다. 스탠더드앤드푸어스... 업종별로는 음식료·담배(1.46%)가 오른 가운데 건설(-4.49%), 금속(-3.39%), 증권(-3.25%) 등 대부분이... ",http://www.fnnews.com/news/202608071049068228,https://n.news.naver.com/mnews/article/014/0005558556?sid=101,"Fri, 07 Aug 2026 10:54:00 +0900",2026-08-13 08:46:23
음식료/식품,음식료 산업,"코스피, 장중 6300선 보합권 등락···외국인·기관 동반 매수","반면 보험(-1.50%), IT서비스(-1.51%), 건설(-1.43%), 음식료·담배(-1.83%) 등은 하락세다. 시가총액 상위... 6일(현지시간) 뉴욕증권거래소에서 다우존스30산업평균지수는 전장보다 464.02p(0.85%) 하락한 5만3885.10에 거래를... ",https://www.seoulfn.com/news/articleView.html?idxno=635163,https://www.seoulfn.com/news/articleView.html?idxno=635163,"Fri, 07 Aug 2026 09:36:00 +0900",2026-08-13 08:46:23
음식료/식품,음식료 산업,요즘 개미들 피 말리는데…&quot;지금 '금화산' 사라&quot; 깜짝 전망,"증권가에선 안정적인 ‘바벨 전략’ 차원에서 실적 모멘텀이 확실한 금융, 화장품, 산업재로 시선을... 확실한 실적 모멘텀을 지닌 화장품과 음식료 업종도 각각 3개 증권사의 추천을 받았다. 한국투자증권은... ",https://www.hankyung.com/article/2026080692501,https://n.news.naver.com/mnews/article/015/0005318297?sid=101,"Fri, 07 Aug 2026 06:01:00 +0900",2026-08-13 08:46:23
음식료/식품,식품 수출,"“온라인서 의약품 사지 마세요”…식약처, 불법 판매·광고 432건 차단","식품의약품안전처는 올해 상반기 상시 모니터링과 7~8월 집중점검을 통해 약사법 위반이 확인된 온라인... 이번 점검은 식약처가 대한약사회, 한국의약품수출입협회, 한국인터넷진흥원과 함께 추진하는 ‘의약품 온라인... ",https://biz.chosun.com/science-chosun/medicine-health/2026/08/13/MOOLVFAM4NHSNN2BR2E6R3PX3U/?utm_source=naver&utm_medium=original&utm_campaign=biz,https://n.news.naver.com/mnews/article/366/0001185928?sid=105,"Thu, 13 Aug 2026 08:45:00 +0900",2026-08-13 08:46:24
음식료/식품,식품 수출,"GS글로벌, 김 수출 본격화…K푸드 사업 영토 넓힌다",2024년 닭고기 가공업체에 전략적 지분 투자를 단행한 데 이어 올해 식품사업팀을 신설했다. 김 수출과 함께 녹차 등 신규 품목 발굴도 추진하고 있다. GS글로벌 관계자는 “종합상사의 글로벌 네트워크와 공급망 관리... ,https://www.etoday.co.kr/news/view/2613981,https://www.etoday.co.kr/news/view/2613981,"Thu, 13 Aug 2026 08:42:00 +0900",2026-08-13 08:46:24
음식료/식품,식품 수출,"가격 인상 행렬 속 홀로 동결…삼양식품, 해외가 버팀목",국내 식품업계가 제품 가격을 인상하는 가운데 삼양식품은 가격을 동결하며 다른 행보를 보이고 있다. 수출 중심 사업구조가 버팀목으로 작용하고 있다는 분석이다. 13일 데이터뉴스의 취재를 종합한 결과... ,http://www.datanews.co.kr/news/article.html?no=145994,http://www.datanews.co.kr/news/article.html?no=145994,"Thu, 13 Aug 2026 08:36:00 +0900",2026-08-13 08:46:24
음식료/식품,식품 수출,"식약처, 온라인 불법 의약품 판매 432건 적발…&quot;출처 불분명 약 절대 사...","식품의약품안전처가 온라인에서 불법으로 판매·광고되는 의약품을 대거 적발하고 접속 차단에 나섰다.... 식약처는 13일 대한약사회, 한국의약품수출입협회, 한국인터넷진흥원과 함께 올해 1월부터 진행한 온라인... ",http://www.newsroad.co.kr/news/articleView.html?idxno=62801,http://www.newsroad.co.kr/news/articleView.html?idxno=62801,"Thu, 13 Aug 2026 08:32:00 +0900",2026-08-13 08:46:24
음식료/식품,식품 수출,&quot;일본 소화제·안약 해외직구 주의&quot; 온라인 의약품 432건 무더기 적발,"식품의약품안전처가 온라인에서 의약품을 불법으로 판매하거나 광고한 게시물을 대거 적발하고 소비자들에게 각별한 주의를 당부했다. 식약처는 대한약사회, 한국의약품수출입협회, 한국인터넷진흥원과 함께 올해... ",https://www.kizmom.com/news/articleView.html?idxno=112070,https://www.kizmom.com/news/articleView.html?idxno=112070,"Thu, 13 Aug 2026 08:31:00 +0900",2026-08-13 08:46:24
음식료/식품,식품 수출,온라인서 소화제·점안액 불법판매 기승…식약처 432건 적발·차단,"식품의약품안전처가 온라인에서 의약품을 불법으로 판매·광고한 게시물 432건을 적발해 차단 조치에... 식약처는 대한약사회, 한국의약품수출입협회, 한국인터넷진흥원 등 3개 민간단체와 온라인 의약품 불법 판매... ",https://www.mt.co.kr/thebio/2026/08/13/2026081308131472101,https://n.news.naver.com/mnews/article/008/0005399375?sid=101,"Thu, 13 Aug 2026 08:29:00 +0900",2026-08-13 08:46:24
음식료/식품,식품 수출,"온라인서 산 일본약 주의…식약처, 불법 판매 의약품 432건 단속","식품의약품안전처는 온라인 의약품 불법 판매·광고를 모니터링한 결과, 약사법 위반이 확인된 432건에 대해... 대한약사회·한국의약품수출입협회·한국인터넷진흥원과 함께 진행했다. 클린-온은 대한약사회 등... ",https://www.news1.kr/bio/general/6257508,https://n.news.naver.com/mnews/article/421/0009111315?sid=105,"Thu, 13 Aug 2026 08:26:00 +0900",2026-08-13 08:46:24
음식료/식품,식품 수출,“한국인들 ‘커피’ 없이 못 산다더니” 이 말 진짜였다…커피시장 3....,"접목을 지원하고 K-푸드+의 핵심 수출 품목으로 도약할 수 있도록 다각적인 정책 지원을 추진하겠다”고 말했다. K-푸드+는 농산물, 가공식품에 해당하는 K-푸드에 비료, 농기계 등 농산업 전체를 포괄하는 개념이다.",https://www.sedaily.com/article/20078807?ref=naver,https://n.news.naver.com/mnews/article/011/0004651254?sid=101,"Thu, 13 Aug 2026 08:23:00 +0900",2026-08-13 08:46:24
음식료/식품,식품 수출,"식약처, 의약품 불법 판매·광고 432건 차단 조처","대한약사회·인터넷진흥원 등과 민관 합동 모니터링 식품의약품안전처는 온라인에서 의약품을 불법으로 판매하거나 광고한 약사법 위반 행위를 무더기로 적발했다. 식약처는 대한약사회, 한국의약품수출입협회... ",https://www.yna.co.kr/view/AKR20260813024000017?input=1195m,https://n.news.naver.com/mnews/article/001/0016248360?sid=101,"Thu, 13 Aug 2026 08:23:00 +0900",2026-08-13 08:46:24
음식료/식품,식품 수출,셀트리온 ADC 신약 후보 3종 美 FDA 패스트트랙 지정,"미국 식품의약국(FDA) 패스트트랙 지정을 받았다. 회사는 임상 초기 단계에서 FDA와 협의를 강화해 개발 속도를 높이는 한편, 후보물질별 임상 성과에 따라 자체 개발과 기술수출을 병행한다는 전략이다.... ",https://biz.chosun.com/science-chosun/bio/2026/08/13/D7PTW35YPBB7DLD4WCVO3NF2XM/?utm_source=naver&utm_medium=original&utm_campaign=biz,https://n.news.naver.com/mnews/article/366/0001185917?sid=101,"Thu, 13 Aug 2026 08:02:00 +0900",2026-08-13 08:46:24
음식료/식품,식품 수출,"식약처, 올해 온라인 의약품 불법 판매ㆍ광고 432건 적발","식품의약품안전처는 올해 온라인에서 의약품을 불법으로 판매하거나 광고한 게시물 432건을 적발해... 이번 점검은 식약처가 대한약사회, 한국의약품수출입협회, 한국인터넷진흥원과 올해 1월부터 추진하고 있는... ",http://www.medisobizanews.com/news/articleView.html?idxno=141164,http://www.medisobizanews.com/news/articleView.html?idxno=141164,"Thu, 13 Aug 2026 07:58:00 +0900",2026-08-13 08:46:24
음식료/식품,식품 수출,"&quot;햇반아이스크림, 후추빵&quot;…식품업계, 2030 잡는 '펀슈머' 경쟁",식품업계는 국내에서 확인한 가능성을 해외 시장으로 연결하는 방안도 모색하고 있다. CJ제일제당은 김 나쵸와 김 팝콘을 시작으로 미국 시장 진출을 준비하고 있으며 다른 브랜드 IP 제품의 해외 수출도 단계적으로... ,https://www.insightkorea.co.kr/news/articleView.html?idxno=252290,https://www.insightkorea.co.kr/news/articleView.html?idxno=252290,"Thu, 13 Aug 2026 07:58:00 +0900",2026-08-13 08:46:24
음식료/식품,식품 수출,"전자상거래 플랫폼 '징둥', 한국 소비재 직매입 본격화… 中 내수시장 ...",양 치쿤 징둥그룹 부회장은 &quot;한류 열풍으로 K-뷰티와 식품 수요가 증가할 것으로 예상되는 만큼 한국 제품 직매입을 지속 확대할 것&quot;이라고 밝혔다. 한국의 대중 소비재 수출은 2021년 93억 달러로 최대치를 기록한 이후... ,https://www.ilyoseoul.co.kr/news/articleView.html?idxno=521146,https://www.ilyoseoul.co.kr/news/articleView.html?idxno=521146,"Thu, 13 Aug 2026 07:52:00 +0900",2026-08-13 08:46:24
음식료/식품,식품 수출,"셀트리온 ADC 3종, 美 FDA 패스트트랙 모두 뚫었다…신약 개발 속도",'CT-P73'까지 허들 넘어…'임상 1상' ADC 3종 전부 FDA 대상 직접 개발·기술수출 선별…내년 임상 데이터 공개·사업화 구체화  셀트리온의 임상 단계 항체-약물접합체(ADC) 신약 후보물질 3종이 모두 미국 식품의약국(FDA)... ,https://www.theguru.co.kr/news/article.html?no=105743,https://www.theguru.co.kr/news/article.html?no=105743,"Thu, 13 Aug 2026 07:48:00 +0900",2026-08-13 08:46:24
음식료/식품,식품 수출,금융공공기관 지방이전 갈등 '격화'…국감 쟁점 가능성 '스멀',"특히 국책은행 3곳(산업은행, 기업은행, 수출입은행)을 비롯한 금융공공기관, 농·수협까지 지방이전 물망에... 농협 이전은 지난해 농림축산식품해양수산위원회 국감에서도 관심을 받은 적이 있다. 그 해 10월 24일 열린... ",http://www.newsdream.kr/news/articleView.html?idxno=116181,http://www.newsdream.kr/news/articleView.html?idxno=116181,"Thu, 13 Aug 2026 07:32:00 +0900",2026-08-13 08:46:24
뷰티/화장품,화장품 주가,"LS증권 &quot;한국콜마, 스케일업 효과 본격화…분기 영업익 1000억 돌파&quot;","투자의견 ‘매수’를 유지하고 목표주가는 20만원으로 상향했다. 전 거래일 종가는 13만2500원이다. 오린아... 영업이익은 50.2% 늘어난 1103억원으로, 화장품 제조업자개발생산(ODM) 업계 최초로 분기 영업이익 1000억원을... ",https://www.etoday.co.kr/news/view/2613983,https://www.etoday.co.kr/news/view/2613983,"Thu, 13 Aug 2026 08:44:00 +0900",2026-08-13 08:46:25
뷰티/화장품,화장품 주가,K뷰티 ODM 실적 잔치 열렸다…너도 나도 '역대 분기 최대',"콜마·코스맥스·코스메카 주가 급등 7월 화장품 수출 역대 최대…하반기 성장 이어질 듯 국내 화장품 제조업자 개발 생산(ODM) 기업들이 K뷰티 훈풍에 2분기 너도 나도 실적 잔치를 열었다. 한국콜마, 코스맥스... ",https://news.einfomax.co.kr/news/articleView.html?idxno=4429895,https://news.einfomax.co.kr/news/articleView.html?idxno=4429895,"Thu, 13 Aug 2026 08:42:00 +0900",2026-08-13 08:46:25
뷰티/화장품,화장품 주가,"목표가 18만원으로 올린 하나증권, 한국콜마 영업익 주목","하나증권은 국내 사업의 생산성과 기초 화장품 매출 확대에 무게를 뒀다. 다만 목표주가는 각 증권사의 분석과 판단을 반영한 수치다. 실제 실적과 주가 흐름은 수주 지속성, 생산 효율, 해외 고객사 주문 변화에 따라... ",https://www.tokenpost.kr/news/cryptocurrency/389634,https://www.tokenpost.kr/news/cryptocurrency/389634,"Thu, 13 Aug 2026 08:30:00 +0900",2026-08-13 08:46:25
뷰티/화장품,화장품 주가,[모닝 리포트] &quot;실리콘투 목표가 6만원 유지…미국 성장 본격화에 밸류...,"올해 들어 화장품 업종으로 수급이 집중됐지만 실리콘투 주가는 상대적으로 부진했고, 최대주주의 오버행 우려도 주가 회복을 제약해 왔다. 다만 투자심리를 훼손했던 요인들이 상당 부분 반영된 만큼 실적 성장세가... ",https://www.newspim.com/news/view/20260813000067,https://www.newspim.com/news/view/20260813000067,"Thu, 13 Aug 2026 08:18:00 +0900",2026-08-13 08:46:25
뷰티/화장품,화장품 주가,"KB證 &quot;펌텍코리아, 증설 효과·K-뷰티 수요로 성장 지속…목표주가 34.5%...",목표주가를 기존 5만5000원에서 7만4000원으로 34.5% 상향 조정했다. 투자의견은 '매수'를 유지했다. 성현동... K-뷰티 글로벌 확산에 따른 수요 증가와 증설에 따른 공급 확대가 맞물리면서 대형 화장품 업체와... ,https://www.ajunews.com/view/20260813004113030,https://www.ajunews.com/view/20260813004113030,"Thu, 13 Aug 2026 08:08:00 +0900",2026-08-13 08:46:25
뷰티/화장품,화장품 주가,"한국콜마, 국내 ODM 역사상 첫 분기 영업익 1000억 돌파…하반기 실적 '...",&quot;사업 규모 한 단계 레벨업…EPS와 밸류에이션 동시 상승 높은 주가 모멘텀 예상&quot; 하나증권은 13일... 박 연구원은 &quot;올해 한국 화장품 산업은 지난해 대비 30% 이상 수출이 증가하면서 역대 최대 글로벌 모멘텀을... ,http://www.newsprime.co.kr/news/article.html?no=743699,http://www.newsprime.co.kr/news/article.html?no=743699,"Thu, 13 Aug 2026 08:00:00 +0900",2026-08-13 08:46:25
뷰티/화장품,화장품 주가,"[클릭 e종목]&quot;한국콜마, K뷰티 글로벌 모멘텀의 최대 수혜주…목표가↑...",하나증권은 13일 한국콜마에 대해 한국 화장품 산업 글로벌 모멘텀의 최대 수혜주로 보고 목표주가를 기존 14만원에서 18만원으로 상향 조정했다. 투자의견은 '매수'를 유지했다. 박종대 하나증권 연구원은 &quot;올해 한국... ,https://view.asiae.co.kr/article/2026081307475548722,https://n.news.naver.com/mnews/article/277/0005802383?sid=101,"Thu, 13 Aug 2026 07:47:00 +0900",2026-08-13 08:46:25
뷰티/화장품,화장품 주가,"한국콜마, 2Q 호실적에 성장세 계속…목표가 21%↑-삼성",화장품 제조업자개발생산(ODM) 대형 고객사를 대상으로 펌프 용기 수주가 확대되면서 기존 손익분기점(BEP) 수준의 이익 추정을 웃돌았다. 중국 법인의 매출액은 579억원으로 전년 동기 대비 16.0% 증가했다.... ,https://www.edaily.co.kr/news/newspath.asp?newsid=03384966645546992,https://n.news.naver.com/mnews/article/018/0006350697?sid=101,"Thu, 13 Aug 2026 07:44:00 +0900",2026-08-13 08:46:25
뷰티/화장품,화장품 주가,"한국콜마, 리레이팅 본격화 기대..목표가 18만원 39% 상향-KB",KB증권은 13일 한국콜마에 대해 실적 모멘텀을 안고 리레이팅이 본격화할 것이라며 목표주가를... 화장품 대장주 자리를 굳혀가는 에이피알의 2분기 영업이익은 1905억원이었다. 화장품 유통업체 실리콘투는 지난... ,https://www.smarttoday.co.kr/ko-kr/articles/110408,https://www.smarttoday.co.kr/ko-kr/articles/110408,"Thu, 13 Aug 2026 07:38:00 +0900",2026-08-13 08:46:25
뷰티/화장품,화장품 주가,"&quot;한국콜마, ODM 최초 분기 영업익 1000억 돌파…목표가↑&quot;-하나",목표주가를 기존 14만원에서 18만원으로 높이고 투자의견 '매수'를 유지했다. 박종대 하나증권 연구원은 &quot;올해 한국 화장품 산업은 전년 대비 30% 이상 수출이 증가하면서 역대 최대 글로벌 성장 동력을 향유하고 있다... ,https://www.hankyung.com/article/2026081380276,https://n.news.naver.com/mnews/article/015/0005320336?sid=101,"Thu, 13 Aug 2026 07:36:00 +0900",2026-08-13 08:46:25
뷰티/화장품,화장품 주가,[마켓 프리뷰] 반도체 '불기둥'에 코스피 급등…코스닥도 '강보합',"54% 급등 마감 - 화장품 기업, 2분기 호실적에 이익 성장 기대 부각 - 한국콜마 22.80%·코스맥스 18.81% 급등 마감 - 최근 주가 조정 받은 방산주들, 저가 매수세 유입 - 코스닥, 장중 등락 거듭 끝 강보합…858.91 마감... ",https://biz.sbs.co.kr/article_hub/20000328389?division=NAVER,https://n.news.naver.com/mnews/article/374/0000527188?sid=101,"Thu, 13 Aug 2026 07:26:00 +0900",2026-08-13 08:46:25
뷰티/화장품,화장품 주가,"“한국콜마, K뷰티 확대에 목표가 높여↑”-하나",목표주가를 기존 14만원에서 18만원으로 높여 잡았다. 투자의견은 ‘매수(Buy)’를 유지했다. 전 거래일 종가는 13만2500원이다. 이 증권사 박종대 연구원은 “올해 한국 화장품 산업은 전년 대비 30% 이상 수출이... ,https://www.itooza.com/common/iview.php?no=2026081307203710541,https://www.itooza.com/common/iview.php?no=2026081307203710541,"Thu, 13 Aug 2026 07:22:00 +0900",2026-08-13 08:46:25
뷰티/화장품,화장품 주가,상승세에 '순환매' 기대감…'동전주' 퇴출 시동,"부실기업을 솎아 내기 위한 상장 폐지 요건이 강화되면서 주가가 1천 원도 안 되는 동전주를 비롯해 36개... 삼성전자가 6.6%, SK하이닉스가 5.5% 급등했지만 한국콜마와 코스맥스 등 화장품주, 두산에너빌리티와 삼성전기... ",https://news.sbs.co.kr/news/endPage.do?news_id=N1008702866&plink=ORI&cooper=NAVER,https://n.news.naver.com/mnews/article/055/0001380264?sid=101,"Thu, 13 Aug 2026 07:02:00 +0900",2026-08-13 08:46:25
뷰티/화장품,뷰티 산업,"세계직업능력교류협회, 4분기 베트남 3개 도시서 '더 페이스 뷰티' 개최","WCAS-더 페이스 뷰티 2026 여정표.(사진=WVCEA 제공) 주최 측에 따르면 행사에는 10개국 이상에서 뷰티 산업 관계자 3000여 명과 의료·피부 관련 전문가 500여 명, 100개 이상의 브랜드가 참가할 예정이다. 전시 부스는 50개... ",https://www.onews.tv/news/articleView.html?idxno=284879,https://www.onews.tv/news/articleView.html?idxno=284879,"Thu, 13 Aug 2026 08:34:00 +0900",2026-08-13 08:46:25
뷰티/화장품,뷰티 산업,"[유통갤러리] 롯데, ‘2026 서머 클래식 콘서트’ 개최 外","제철 먹거리부터 생필품, 디지털, 패션·뷰티 등 다양한 카테고리에서 인기 상품 980종을 엄선해 최대 50... ◆애경산업 시그닉, ‘엠보싱 하이드로겔 마스크’ 2종 출시 애경산업 ‘시그닉’(signiq)이 피부 고민에 따라... ",https://theviewers.co.kr/View.aspx?No=4184677,https://theviewers.co.kr/View.aspx?No=4184677,"Thu, 13 Aug 2026 08:30:00 +0900",2026-08-13 08:46:25
뷰티/화장품,뷰티 산업,“객실만 팔던 시대 지났다”… 피부과·산후조리원 품고 웰니스 거점 ...,"기본 타깃인 숙박객 외에 의료관광객, 산모와 가족, 뷰티·웰니스 관광객 등 새로운 고객층을 호텔로... 특히 호텔산업은 객실이라는 제한된 상품을 판매하는 만큼 비수기와 평일의 유휴공간을 어떻게 활용하느냐가... ",https://www.edaily.co.kr/news/newspath.asp?newsid=03562086645546992,https://n.news.naver.com/mnews/article/018/0006350737?sid=103,"Thu, 13 Aug 2026 08:28:00 +0900",2026-08-13 08:46:25
뷰티/화장품,뷰티 산업,"‘K뷰티의 심장’ 한국콜마·코스맥스, 나란히 역대급 실적[중기+]",국내 화장품 ODM 산업이 K뷰티 브랜드의 수출 확대를 등에 업고 고성장 산업으로 자리 잡고 있다는 평가가 나오는 배경이다. 특히 두 회사 모두 국내 화장품 생산법인의 성장세가 두드러졌다. 한국콜마의 별도 기준... ,https://biz.heraldcorp.com/article/10839476?ref=naver,https://n.news.naver.com/mnews/article/016/0002683164?sid=101,"Thu, 13 Aug 2026 07:23:00 +0900",2026-08-13 08:46:25
뷰티/화장품,뷰티 산업,"[더벨]'마리엔메이' 에이드코리아, 40억 투자 유치",이 펀드는 신기술을 접목한 문화콘텐츠 기업과 함께 뷰티·패션·푸드 등 K컬처 수혜 산업에서 해외 진출 역량을 갖춘 기업을 주요 투자 대상으로 삼고 있다. 에이드코리아컴퍼니는 2016년 설립된 소비재 브랜드... ,https://www.thebell.co.kr/free/content/ArticleView.asp?key=202608120925581360105220,https://www.thebell.co.kr/free/content/ArticleView.asp?key=202608120925581360105220,"Thu, 13 Aug 2026 07:02:00 +0900",2026-08-13 08:46:25
뷰티/화장품,뷰티 산업,"‘K컬처로드’ 정조대왕 능행차 재현, 글로벌 축제로 키운다 [지방기획...","넘어 산업 지형을 바꾸는 동력으로 작용한다. 국내에도 이들 축제와 어깨를 나란히 할 잠재력 있는 축제가... 역사적 서사에 K푸드, K뷰티, K팝 등 다양한 콘텐츠를 결합하고, 정부의 국가사업 지정을 끌어내 스페인... ",https://www.segye.com/newsView/20260811525820?OutUrl=naver,https://n.news.naver.com/mnews/article/022/0004150628?sid=102,"Thu, 13 Aug 2026 06:03:00 +0900",2026-08-13 08:46:25
뷰티/화장품,뷰티 산업,"산단공, ‘KICEF 2026’ 맞춤형 수출상담회 사전 매칭 추진","식품·뷰티·생활용품 등 소비재뿐 아니라 인공지능(AI)·로봇, 기계·부품·장비, 에너지·환경, 의료·바이오 등 산업재 분야 바이어도 참여한다. 산단공은 상담 효과를 높이기 위해 매칭 기업에 바이어의 주요 관심... ",https://www.sedaily.com/article/20078677?ref=naver,https://n.news.naver.com/mnews/article/011/0004651210?sid=101,"Thu, 13 Aug 2026 06:01:00 +0900",2026-08-13 08:46:25
뷰티/화장품,뷰티 산업,"클레오파트라부터 멸종한 꽃까지, 퍼퓸테크가 재구성한 시간의 향기 [이...",이선미 교수는 대구한의대학교 K-뷰티비즈니스학과 교수로 재직중이다. 향기산업 비즈니스와 기업 시그니처 향수를 기획 및 연구하고 있다. 대구한의대학교 소상공인디지털전환지원센터장을 맡아 3년 연속... ,https://it.chosun.com/news/articleView.html?idxno=2023092167660,https://it.chosun.com/news/articleView.html?idxno=2023092167660,"Thu, 13 Aug 2026 06:00:00 +0900",2026-08-13 08:46:25
뷰티/화장품,뷰티 산업,"[정재겸의 유통삼국지] 번 돈, 공간에 쏟는다…백화점 3강의 '랜드마크...","유통산업의 경쟁 구도가 빠르게 재편되고 있다. 시장점유율과 외형 규모뿐 아니라 브랜드 경쟁력, 제품... 방문 경험을 강화하는 데 초점을 맞추고, 식품관과 패션·뷰티 콘텐츠를 중심으로 점포 경쟁력을 키우는... ",https://www.ebn.co.kr/news/articleView.html?idxno=1720075,https://www.ebn.co.kr/news/articleView.html?idxno=1720075,"Thu, 13 Aug 2026 06:00:00 +0900",2026-08-13 08:46:25
뷰티/화장품,뷰티 산업,미국 넘어 유럽까지 K뷰티 홀릭… ODM 3사 실적 역대 최대 신기록,K뷰티 수출이 역대 최대를 기록하면서 화장품 주문자개발생산(ODM) 3사도 나란히 사상 최대 실적을... 산업통상자원부에 따르면 7월 화장품 수출액은 13억5100만달러로 37.8% 늘어 역대 7월 최대이자 9개월 연속... ,https://www.dnews.co.kr/uhtml/view.jsp?idxno=202608121126192760740,https://www.dnews.co.kr/uhtml/view.jsp?idxno=202608121126192760740,"Thu, 13 Aug 2026 05:22:00 +0900",2026-08-13 08:46:25
뷰티/화장품,뷰티 산업,삼전닉스에 물린 개미들…고수는 30% 빠진 ‘이 종목’ 담았다,"반도체를 비롯해 시장을 이끄는 주요 섹터의 산업 구조와 성장 방향, 이익 전망 가운데 바뀐 것이... “고점 대비 30%가량 하락했지만 이해하기 어렵다”는 업종부터 “K뷰티 실수요는 견조한데 주가는 고점 대비... ",https://www.joongang.co.kr/article/25452951,https://n.news.naver.com/mnews/article/025/0003544082?sid=101,"Thu, 13 Aug 2026 05:00:00 +0900",2026-08-13 08:46:25
뷰티/화장품,K뷰티 수출,"NH투자證 &quot;한국콜마, 2분기 역대 최대 실적…목표가 16만원↑&quot;",정 연구원은 &quot;글로벌 다국적 기업(MNC) 매출의 안정적인 성장과 K-뷰티 브랜드의 수출 규모 확대에 더해 선(Sun) 매출 비중이 35%에 달하며 레버리지를 발현했다&quot;고 분석했다. 해외사업 가운데 미국 매출은 178억원으로... ,https://www.newsis.com/view/NISX20260813_0003747082,https://n.news.naver.com/mnews/article/003/0014124495?sid=101,"Thu, 13 Aug 2026 08:43:00 +0900",2026-08-13 08:46:26
뷰티/화장품,K뷰티 수출,"교보證 “한국콜마, 내년 글로벌 선케어 1위 도전… 목표가 17만원으로...","선케어 수출이 유럽까지 확대되며 계절성이 완화되고 있다”며 “3분기 수주 흐름도 전 분기 대비 증가 중으로, 조업 일수 감소에도 불구하고 매출 호조가 유지될 전망”이라고 내다봤다. 교보증권은 K-뷰티의... ",https://biz.chosun.com/stock/stock_general/2026/08/13/W6QKEW2VP5AOFPM55RLYNG74YU/?utm_source=naver&utm_medium=original&utm_campaign=biz,https://n.news.naver.com/mnews/article/366/0001185927?sid=101,"Thu, 13 Aug 2026 08:39:00 +0900",2026-08-13 08:46:26
뷰티/화장품,K뷰티 수출,"태웅로직스, 이투마스 인수 막바지… 이달 말 SPA 예정",국제특송과 수출 물류 서비스를 제공한다. 상품 업체는 자체 해외 물류 조직을 갖추지 않아도 이투마스를 통해 해외 소비자에게 상품을 배송할 수 있는 구조다. 아모레퍼시픽 등 주요 K뷰티 업체들의 해외 배송이... ,https://biz.chosun.com/stock/market_trend/2026/08/13/5UAEEH6GCFH2PB5IQQEUTY7R4Q/?utm_source=naver&utm_medium=original&utm_campaign=biz,https://n.news.naver.com/mnews/article/366/0001185916?sid=101,"Thu, 13 Aug 2026 08:00:00 +0900",2026-08-13 08:46:26
뷰티/화장품,K뷰티 수출,"K뷰티 생산기지 ‘대격돌’…최고 실적 한국콜마·코스맥스, 다른 성장...",특히 미국 수출액은 14억5000만달러(한화 약 2조10억원)로 중국과 일본을 제치고 최대 수출시장 자리를 유지했다. K뷰티 브랜드의 미국·글로벌 진출 확대가 코스맥스와 한국콜마 등 ODM 업체의 생산 물량과 고객사... ,https://www.socialvalue.kr/news/view/1065593794460081,https://www.socialvalue.kr/news/view/1065593794460081,"Thu, 13 Aug 2026 07:06:00 +0900",2026-08-13 08:46:26
뷰티/화장품,K뷰티 수출,반도체만 질주? K-뷰티도 달린다…화장품株 줄줄이 신고가,화장품 수출 호조와 주요 업체들의 실적 개선에 힘입어 K-뷰티주가 강세를 보이고 있다. 미국과 유럽을 중심으로 수출이 빠르게 늘고 있는 데다 2분기 호실적까지 잇따르면서 주요 화장품 종목이 신고가도... ,https://www.newsis.com/view/NISX20260812_0003746805,https://n.news.naver.com/mnews/article/003/0014124321?sid=101,"Thu, 13 Aug 2026 07:00:00 +0900",2026-08-13 08:46:26
뷰티/화장품,K뷰티 수출,글로벌 홀린 K뷰티에 ODM 실적도 고공행진 [김연하의 킬링이슈],"뷰티 업계는 K뷰티의 수출 지역과 브랜드가 다양해지면서 ODM 업체들의 수혜가 계속될 것으로 보고 있다. 과거 ODM 업체들은 일부 대형 브랜드에 대한 의존도가 높았던 반면, 최근에는 다수의 인디브랜드가 미국·유럽... ",https://www.sedaily.com/article/20078759?ref=naver,https://n.news.naver.com/mnews/article/011/0004651222?sid=101,"Thu, 13 Aug 2026 06:21:00 +0900",2026-08-13 08:46:26
운송/물류,운송 주가,"뉴욕증시, 인플레 둔화에 AI 낙관론 재개로 긍정 반응…나스닥 0.5%↑",관련주들의 주가가 급등했다. 이에 이날 뉴욕증시에서 주요 3대 지수도 전반적으로 오름세를 보였다.... 글로벌 에너지 해상운송의 '급소'(chokepoint)격인 호르무즈 해협 개방을 둘러싼 미국과 이란 간의 갈등 고조로... ,https://www.getnews.co.kr/news/articleView.html?idxno=877783,https://www.getnews.co.kr/news/articleView.html?idxno=877783,"Thu, 13 Aug 2026 07:12:00 +0900",2026-08-13 08:46:27
운송/물류,운송 주가,"&quot;원가 부담 내려간 한국타이어, 성장 주목해야&quot;[클릭 e종목]",DB증권은 13일 한국타이어앤테크놀로지에 대해 투자의견 매수를 유지하고 목표주가를 8만3000원에서... 그러면서 운송비는 상반기 대비 상승했으나 해운 시황 하락 시 재협상을 통한 부담 완화가 가능하다고 전망했다.... ,https://view.asiae.co.kr/article/2026081215413921117,https://n.news.naver.com/mnews/article/277/0005802366?sid=101,"Thu, 13 Aug 2026 07:11:00 +0900",2026-08-13 08:46:27
운송/물류,운송 주가,"“실종자 목소리 놓칠라 침묵 수색”…콜롬비아, 골든타임 압박에 사투",하지만 진앙지인 초코주가 정글로 뒤덮이고 빈곤한 지역이라 접근이 어려운 상황이다. 헬기나 선박을... 멕시코는 수색·의료 인력과 의료용품·장비를 보낸다. 엘살바도르도 구호물자 100톤을 운송할 항공기를 파견한다.,https://www.mk.co.kr/article/12125770,https://n.news.naver.com/mnews/article/009/0005720314?sid=104,"Wed, 12 Aug 2026 21:08:00 +0900",2026-08-13 08:46:27
운송/물류,운송 주가,화장품 ODM株 급등…코스맥스·한국콜마·코스메카 강세,"코스맥스는 실적 발표 이후 주가가 강한 상승세를 보였다. 11일 6,500원(3.19%) 오른 데 이어 12일에는 3만9... 업종별로는 외국인 자금이 전기·전자 업종에 2조6288억원 집중 유입됐으며, 금융업(857억원)과 운송장비... ",https://www.thebk.co.kr/news/articleView.html?idxno=311070,https://www.thebk.co.kr/news/articleView.html?idxno=311070,"Wed, 12 Aug 2026 19:40:00 +0900",2026-08-13 08:46:27
운송/물류,운송 주가,[헬로스톡] 8/12 주목할 종목 : 삼성SDI·신세계·코스맥스·한국타이어...,"시장은 전기차 수요 둔화 시그널로 해석해 주가가 하락 마감했으나, 하나증권 김현수 애널리스트는... 업종별로는 전기·전자(+5.9%), 기계·장비(+2.0%), 건설(+1.9%), 운송장비·부품(+1.6%) 등 전반적인 강세를... ",https://www.hellot.net/news/article.html?no=114317,https://www.hellot.net/news/article.html?no=114317,"Wed, 12 Aug 2026 18:20:00 +0900",2026-08-13 08:46:27
운송/물류,운송 주가,"코스피, 반도체 강세에 3%대 급등···3일 연속 상승 마감","외국인 매수는 전기·전자(+2조 6288억 원), 금융(+857억 원), 운송장비·부품(+808억 원)에 집중됐다. 대형주... 코스닥에서는 이차전지 관련주와 기계·장비주가 강세를 보이며 바이오주의 약세를 상쇄했다. 비금속... ",https://www.thereport.co.kr/news/articleView.html?idxno=90396,https://www.thereport.co.kr/news/articleView.html?idxno=90396,"Wed, 12 Aug 2026 16:24:00 +0900",2026-08-13 08:46:27
운송/물류,운송 주가,"[마감시황] 코스피, 외인·반도체 강세에 6500선 회복","94%), 운송장비부품(1.61%) 등 업종은 강세를 보였다. 반대로 제약(-3.53%)과 음식료담배(-2.07%), 비금속(-1.10... 이경민 대신증권 연구원은 &quot;대형 반도체주가 급등하면서 강세장을 이어갔다&quot;며 &quot;특히 반도체 업종은... ",https://www.shinailbo.co.kr/news/articleView.html?idxno=5050804,https://www.shinailbo.co.kr/news/articleView.html?idxno=5050804,"Wed, 12 Aug 2026 16:08:00 +0900",2026-08-13 08:46:27
운송/물류,운송 주가,&lt;인도에서 기회를 만나다&gt;… 인도 전문가가 말하는 '진짜 인도',"12일 만난 신 대표는 “인도는 결코 단일한 시장으로 간주해서는 안 된다”면서 “인도는 28개 주가 각각... 낙후한 도로망과 비포장 도로, 왕복 2차선에 불과한 좁은 길 때문에 교통 정체는 극심하며, 운송 시간 예측이... ",https://www.hankyung.com/article/202608126001i,https://n.news.naver.com/mnews/article/015/0005320069?sid=104,"Wed, 12 Aug 2026 15:36:00 +0900",2026-08-13 08:46:27
운송/물류,물류 산업,"현대글로비스, 물류현장 화물차 운전자 안전 챙긴다",맺고 물류 현장 의견을 반영한 맞춤형 프로그램을 운영하기로 했다. 전국 화물차라운지와 휴게소 등 20여개... 현대글로비스는 지난 2월 산업현장 안전 예방에 기여한 공로를 인정받아 고용노동부 장관상을 받기도 했다.... ,https://view.asiae.co.kr/article/2026081308433129655,https://n.news.naver.com/mnews/article/277/0005802447?sid=103,"Thu, 13 Aug 2026 08:43:00 +0900",2026-08-13 08:46:27
운송/물류,물류 산업,"삼성전자, 인도 푸네에 HVAC 신공장···AI 데이터센터 수요 선점 나선...","푸네는 인도 내 데이터센터와 산업 인프라가 빠르게 확대되고 있는 지역으로, 뭄바이 항구와 가까워 물류 경쟁력도 뛰어나다. 삼성전자는 이 같은 입지적 강점을 활용해 인도뿐 아니라 동남아시아와 오세아니아 등... ",https://www.seoulfn.com/news/articleView.html?idxno=635557,https://www.seoulfn.com/news/articleView.html?idxno=635557,"Thu, 13 Aug 2026 08:34:00 +0900",2026-08-13 08:46:27
운송/물류,물류 산업,"한진, 임직원 AI 교육 2300시간 돌파…실무형 역량 강화",물류 산업에서 AI 활용 역량의 중요성이 커지는 가운데 임직원의 높은 관심이 이어진 결과다. 한진에 따르면 상반기 오프라인 AI 교육에 410명이 참여해 1395시간을 이수했다. 온라인 교육에는 389명이 참여해 934시간을... ,https://www.etnews.com/20260813000009,https://n.news.naver.com/mnews/article/030/0003456904?sid=101,"Thu, 13 Aug 2026 08:13:00 +0900",2026-08-13 08:46:27
운송/물류,물류 산업,[더벨][2026 디렉터스 프로파일] 해운 CEO와 PE 파트너…현대글로비스의...,"이후 윌헬름센홀딩스에서 산업투자와 신에너지 부문을 맡았고 현재는 노르웨이 시드 컨설팅 AS 의장을... 현대글로비스에서는 물류·해운 분야 자문을 맡고 있다. ◇타나카 이사, 칼라일 지명 거쳐 이사회 추천... ",https://www.thebell.co.kr/free/content/ArticleView.asp?key=202608051057377880108051,https://www.thebell.co.kr/free/content/ArticleView.asp?key=202608051057377880108051,"Thu, 13 Aug 2026 08:12:00 +0900",2026-08-13 08:46:27
운송/물류,물류 산업,[부산소식] 노사민정 폭염 대비 산업안전 캠페인,▲ 노사민정 폭염 대비 산업안전 캠페인 = 부산시는 13일 오전 폭염 취약 사업장 2곳에서 노사민정 폭염 대비 산업안전 캠페인을 한다. 캠페인은 2개 조로 나눠 부산진구 소재 주상복합 신축 공사장과 한진택배 물류센터에... ,https://www.yna.co.kr/view/AKR20260813018300051?input=1195m,https://n.news.naver.com/mnews/article/001/0016248350?sid=102,"Thu, 13 Aug 2026 08:08:00 +0900",2026-08-13 08:46:27
운송/물류,해운 시장,"[더벨]'에이치라인 사업양수' SW해운, 1500억 기업대출 추진",SW해운은 CVC에서 창출되는 현금흐름으로 원금을 순차적으로 줄이고 만기에 남는 금액은 외부 리파이낸싱으로 갚을 계획이다. 향후 영업현금 창출력과 차환 시장 여건이 최종 상환을 좌우할 전망이다.,https://www.thebell.co.kr/free/content/ArticleView.asp?key=202608111348564120101041,https://www.thebell.co.kr/free/content/ArticleView.asp?key=202608111348564120101041,"Thu, 13 Aug 2026 08:12:00 +0900",2026-08-13 08:46:28
운송/물류,해운 시장,트럼프 “호르무즈 완전 통제”…현실은 이란 항로로 몰리는 선박,"미 해군이 여러 유조선의 해협 통과를 호위하면서 에너지 시장의 압박을 일부 완화했지만, 전체적으로 보면... 없고, 해운회사와 선장, 보험사들이 이란의 뜻을 거스를 경우 선박이 위험에 처할 수 있다고 두려워하게... ",https://www.etoday.co.kr/news/view/2613928,https://www.etoday.co.kr/news/view/2613928,"Thu, 13 Aug 2026 06:44:00 +0900",2026-08-13 08:46:28
운송/물류,해운 시장,"부산시, 주한독일대사 접견…미래 해양·항만 분야 협력 확대","전재수 부산시장은 지난 7월 제48차 유네스코 세계유산위원회에서 만난 슈미트 대사를 다시 부산에서 맞이한... 탄소중립, 해운·항만 전문인력 양성 등 미래 해양산업 전반에서 협력을 확대할 수 있을 것으로 기대한다고... ",https://www.mhj21.com/news/articleView.html?idxno=253543,https://www.mhj21.com/news/articleView.html?idxno=253543,"Thu, 13 Aug 2026 06:40:00 +0900",2026-08-13 08:46:28
운송/물류,해운 시장,"&quot;해운금융 전문성↑&quot; 해양진흥공사, '해양금융 심화 과정 교육생' 16명 ...",주요 교육 내용은 △자산유동화(ABS) △리스금융 △메자닌(Mezzanine) 금융 △부채자본시장(DCM) 등 국내외 해운금융 시장의 최신 트렌드와 핵심 개념을 포괄하며 강의 외에도 팀 프로젝트 수행 등을 통해 재직자들의... ,https://www.cstimes.com/news/articleView.html?idxno=716616,https://www.cstimes.com/news/articleView.html?idxno=716616,"Thu, 13 Aug 2026 06:40:00 +0900",2026-08-13 08:46:28
운송/물류,해운 시장,"우크라, 러 흑해 핵심항 대공습…곡물 수출도 타격","식량시장에도 영향을 미칠 수 있다는 우려가 나온다. 실제 러시아의 8월 밀 수출은 최근 5년 같은 달보다 절반 이상 줄어들 가능성이 제기됐고, 우크라이나 역시 7월 수출이 전년 대비 23% 감소했다. 해운업체 머스크는... ",https://www.newsis.com/view/NISX20260813_0003746954,https://n.news.naver.com/mnews/article/003/0014124207?sid=104,"Thu, 13 Aug 2026 03:26:00 +0900",2026-08-13 08:46:28
운송/물류,해운 시장,"신한은행, 'SOL클러스터 부산' 개소…동남권 해양산업 지원","김성호 ㈜에이치씨해운 회장, 최금식 부산조선해양기자재공업협동조합 이사장, 장인화 부산창조경제혁신센터 이사장, 안병길 한국해양진흥공사 사장, 전재수 부산광역시장, 정상혁 신한은행장, 강명규 여신그룹장... ",http://www.paxetv.com/news/articleView.html?idxno=279311,http://www.paxetv.com/news/articleView.html?idxno=279311,"Wed, 12 Aug 2026 23:22:00 +0900",2026-08-13 08:46:28
운송/물류,해운 시장,남부 해양수도 조성 투자유치 나선다,"김상욱 울산시장은 &quot;이번 협약은 지난 5월 정부가 발표한 남부 해양수도권 육성방향을 실질적인 기업 투자와 양질의 일자리로 이어가는 중요한 출발점&quot;이라고 말했다. 이어 &quot;부산의 해운·물류, 경남의 제조·항공산업... ",https://www.ulsanpress.net/news/articleView.html?idxno=580961,https://www.ulsanpress.net/news/articleView.html?idxno=580961,"Wed, 12 Aug 2026 21:43:00 +0900",2026-08-13 08:46:28
운송/물류,해운 시장,"신한은행, 부산에 ‘신한SOL클러스터’ 개소…조선·방산·물류 복합금...","자본시장 솔루션, 기업 컨설팅 등을 연계해 기업별 상황에 맞는 종합적인 금융 서비스를 제공하는 데 있다. 지원 대상도 대형 조선사와 방산·해운기업에 그치지 않는다. 기자재와 부품, 정비 분야의 중소·중견... ",https://www.betanews.net/article/view/beta202608120084,https://www.betanews.net/article/view/beta202608120084,"Wed, 12 Aug 2026 20:56:00 +0900",2026-08-13 08:46:28
운송/물류,해운 시장,"호르무즈 통행 하루 8척, 8월 5일 이후 최저","호르무즈 해협은 페르시아만과 오만만을 잇는 해상 병목으로, 중동 원유가 아시아를 비롯한 세계 시장으... 해운보험은 사고 가능성과 운항 구역의 위험도를 반영해 보험료를 정한다. 안전 우려가 커지면 보험료와... ",https://www.tokenpost.kr/news/market/389283,https://www.tokenpost.kr/news/market/389283,"Wed, 12 Aug 2026 20:44:00 +0900",2026-08-13 08:46:28
운송/물류,해운 시장,"신한은행, 해양산업 금융지원 강화…'신한SOL클러스터 부산' 개소","에이치씨해운 회장, 최금식 부산조선해양기자재공업협동조합 이사장, 장인화 부산창조경제혁신센터 이사장, 안병길 한국해양진흥공사 사장, 전재수 부산광역시장, 정상혁 신한은행장, 강명규 여신그룹장, 양군길... ",http://www.newsian.co.kr/news/articleView.html?idxno=93663,http://www.newsian.co.kr/news/articleView.html?idxno=93663,"Wed, 12 Aug 2026 20:06:00 +0900",2026-08-13 08:46:28
운송/물류,해운 시장,"울산, 부·경 공동 투자유치로 '친환경 에너지 허브' 키운다","김상욱 시장은 &quot;울산의 친환경 에너지 허브와 부산의 해운·물류, 경남의 제조·항공산업 역량을 유기적으로 연결해 남부 해양수도권을 대한민국의 새로운 성장축으로 만들어 가겠다&quot;고 밝혔다.",https://www.iusm.co.kr/news/articleView.html?idxno=1066613,https://www.iusm.co.kr/news/articleView.html?idxno=1066613,"Wed, 12 Aug 2026 19:30:00 +0900",2026-08-13 08:46:28
운송/물류,해운 시장,키옥시아·후지쿠라 폭등… TOPIX 사상 최고가 경신,"업종별 등락과 그로스 시장 동향 동증 33개 업종 중 비철금속, 은행, 광업을 포함한 21개 업종이 상승했고 고무제품, 해운, 항공 등 12개 업종은 하락했다. 개별 종목 중에서는 전 거래일에 실적을 발표했던 산리오가... ",https://www.g-enews.com/view.php?ud=202608121843442278e7e8286d56_1,https://www.g-enews.com/view.php?ud=202608121843442278e7e8286d56_1,"Wed, 12 Aug 2026 18:46:00 +0900",2026-08-13 08:46:28
농업,농업 주가,광어·우럭 등 수산물 할인 지원에 300억원 투입…행사 기간도 확대,"일차적으로 전년 대비 2배 방류를 추진하고, 피해 상황을 고려해 주가 방류도 검토할 예정이다. 어가 경영... 농업기상재해 조기경보시스템을 통한 지역별 폭염예보 제공과 안내는 물론, 생육관리협의체를 상시 운영해... ",http://www.fnnews.com/news/202608121730164953,https://n.news.naver.com/mnews/article/014/0005560900?sid=101,"Thu, 13 Aug 2026 08:31:00 +0900",2026-08-13 08:46:29
농업,농업 주가,"[사회혁신 발언대] 기술의 시대, 기업은 왜 다시 ‘관계’를 말하는가","50개 주가 저마다 독립적인 제도와 상이한 정서·환경을 지닌 미국에서 자연재해나 사회적 갈등, 위기... 접근성과 농업 보호, 다양한 사회적 정체성에 대한 지원 등의 영역에서 지역사회와 긴밀히 연대하고 있다.... ",https://futurechosun.com/?p=157427,https://futurechosun.com/?p=157427,"Thu, 13 Aug 2026 07:02:00 +0900",2026-08-13 08:46:29
농업,농업 주가,증권사 순익 두 배 껑충…금융지주 내 존재감 '쑥',NH투자증권이 NH농협금융의 농업지원사업비 부담 전 순이익에서 차지하는 비중은 지난해 상반기 25.0%에서... 목표주가 상향 배경으로도 &quot;증권 자회사 중심의 비은행 수익성 개선&quot;을 꼽았다. 우리투자증권은 1분기... ,https://news.bizwatch.co.kr/article/market/2026/08/12/0021,https://n.news.naver.com/mnews/article/648/0000049763?sid=101,"Wed, 12 Aug 2026 15:04:00 +0900",2026-08-13 08:46:29
농업,농업 주가,"대동, 2Q 매출 4671억 '역대 최대'…영업익 64%↑",호실적이 발표된 10일 대동 주가는 장중 상한가까지 치솟는 등 급등했다. 이번 실적은 대동의 주요 사업... 국내에서는 AI 트랙터 출시와 정밀농업 서비스 확대에 맞춰 판매·서비스 채널 경쟁력도 강화하고 있다.... ,https://www.econovill.com/news/articleView.html?idxno=747722,https://www.econovill.com/news/articleView.html?idxno=747722,"Tue, 11 Aug 2026 19:02:00 +0900",2026-08-13 08:46:29
농업,농업 주가,"중동 불안 촉각 속, 중화권 증시 '장중 하락'","페트로차이나(+2.29%), 중국은행(+0.86%) 등이 상승하는 반면 농업은행(-0.31%), 귀주모태주(-0.18... 미-이란 협상 불확실성에 따른 국제유가 급등과 더불어 대규모 유상증자를 발표한 인텔의 주가 급락 등의 이슈... ",http://www.choicenews.co.kr/news/articleView.html?idxno=169637,http://www.choicenews.co.kr/news/articleView.html?idxno=169637,"Tue, 11 Aug 2026 14:08:00 +0900",2026-08-13 08:46:29
농업,농업 주가,"호남 반도체, 李임기내 웨이퍼 출하? 반도체 전문가에게 물었더니","주식 투자하시는 분들 요즘 삼성전자, 하이닉스 주가 보면서 한숨 쉬시는 분들 상당히 많을 것 같은데요.... ◆ 조태현 : 거기는 또 농업용수로 쓰이는 물이 많잖아요. ◇ 이주완 : 그래서 전라도는 또 약간 평야지대가 많기... ",https://www.ytn.co.kr/_ln/0102_202608111037186310,https://n.news.naver.com/mnews/article/052/0002391714?sid=101,"Tue, 11 Aug 2026 10:37:00 +0900",2026-08-13 08:46:29
농업,농업 주가,"박지원 &quot;정청래 비호감 낮아져, 김민석과 격차 좁혀지는 중…전대 갈등...","ISA 혜택 축소와 주가 늘리기 방지법을 전면 재검토해라 이렇게 지시를 했고요. 어제는 혼인신고를 한 가구가... 예를 들면 저희 지역은 사실 농업이 굉장히 주된 산업인데 청착농, 청년창업, 농업인들의 경우에 가령... ",https://www.natv.go.kr/natv/news/newsView.do?newsId=513928,https://www.natv.go.kr/natv/news/newsView.do?newsId=513928,"Mon, 10 Aug 2026 21:56:00 +0900",2026-08-13 08:46:29
농업,농업 주가,&quot;새벽부터 수십 번&quot;...물 확보 전쟁 본격,"당근 파종이 한창인 구좌지역에서는 농민들이 새벽부터 밤늦게까지 농업용수를 구하러 다니고 있습니다.... 하루 4천톤 가량 물을 보내주던 송당 저수지는 하루가 다르게 저수량이 떨어져, 이번 주가 지나면, 공급이... ",https://www.jibs.co.kr/news/replay/viewNewsReplayDetail/2026081018073433138?feed=na,https://n.news.naver.com/mnews/article/661/0000081378?sid=102,"Mon, 10 Aug 2026 20:56:00 +0900",2026-08-13 08:46:29
농업,농업 주가,민주 전당대회 ‘호남대전’ 앞두고 ‘조직표 VS 강성당원’ 결집 가속...,전북 10명의 국회의원 중 절반 가량의 조직 지원을 받고 있는 정 후보는 이날 전주에서 청소노동자와 농업인... 이번 주가 전당대회 최대 승부처이기 때문이다. 또 호남 투표율에 따른 후보간 유불리도 명확하다는 분석이... ,http://www.kwangju.co.kr/article.php?aid=1786358400802136372,http://www.kwangju.co.kr/article.php?aid=1786358400802136372,"Mon, 10 Aug 2026 19:42:00 +0900",2026-08-13 08:46:29
농업,농업 주가,[자막뉴스] 새벽마다 물 확보 전쟁.. 채워놔도 금세 바닥,"지난 20일 동안 농업용수가 1,000톤 넘게 공급됐는데, 농민들은 이 정도로는 턱없이 모자라다고 말합니다.... 하루 4,000톤가량 물을 보내주던 송당 저수지는 하루가 다르게 저수량이 떨어져, 이번 주가 지나면, 공급이... ",https://www.jibs.co.kr/news/articles/articlesDetail/64380?feed=na,https://n.news.naver.com/mnews/article/661/0000081371?sid=102,"Mon, 10 Aug 2026 18:00:00 +0900",2026-08-13 08:46:29
농업,농업 주가,"삼성 1위 탈환, SK하이닉스 2위 '턱밑 추격전'…14조 실탄 챙긴 CXMT도 위...","중국농업은행 이후 중국 역사상 두 번째로 큰 IPO이자 커촹반 역대 최대 규모다. 공모가 기준 시가총액은 약 5800억위안(약 127조원)으로 평가됐고, 상장 첫날에는 주가가 급등하며 중국 본토(A주) 상장사 가운데... ",https://www.ezyeconomy.com/news/articleView.html?idxno=238550,https://www.ezyeconomy.com/news/articleView.html?idxno=238550,"Mon, 10 Aug 2026 17:18:00 +0900",2026-08-13 08:46:29
농업,농업 주가,산업용 로봇주에 매수세 몰린다…하이젠알앤엠 대동 링크솔루션 주가 '...,농업 자동화가 확대되면 자율주행 농기계와 로봇 기술의 결합 가능성이 커지는 만큼 중장기 성장 기대가 주가에 반영되는 모습이다. 링크솔루션은 11.96% 상승하며 강한 흐름을 나타내고 있다. 라온로보틱스도 두 자릿수... ,https://www.pinpointnews.co.kr/news/articleView.html?idxno=475953,https://www.pinpointnews.co.kr/news/articleView.html?idxno=475953,"Mon, 10 Aug 2026 14:56:00 +0900",2026-08-13 08:46:29
농업,농업 주가,농민들의 애타는 절규에도... 정영두 김해시장은 '휴가·사진 행정' 논란,"농민들은 지난주 &quot;이번 주가 농작물을 살릴 수 있는 마지막 골든타임&quot;이라며 관정 설치와 농업용수 공급을 호소했지만, 정 시장은 휴가를 떠났고 시는 &quot;행정절차와 예산 때문에 시간이 필요하다&quot;는 입장만 되풀이하고 있다.... ",https://www.newsfreezone.co.kr/news/articleView.html?idxno=703150,https://www.newsfreezone.co.kr/news/articleView.html?idxno=703150,"Mon, 10 Aug 2026 09:28:00 +0900",2026-08-13 08:46:29
농업,농업 주가,"[종합] 비는 찔끔, 농심은 애타고…당근 파종은 더욱 바빠졌다","있다&quot;며 &quot;이번 주가 지나면 파종 적기를 놓칠 수 있어, 어쨌든 이번 주에는 파종 작업을 마무리할 예정&quot;이라고 말했다. 제주시가 파종철을 맞은 구좌읍 당근 재배지에 농업용수 공급지원에 나선다. 당근 파종작업 모습.... ",https://www.headlinejeju.co.kr/news/articleView.html?idxno=597229,https://www.headlinejeju.co.kr/news/articleView.html?idxno=597229,"Mon, 10 Aug 2026 08:58:00 +0900",2026-08-13 08:46:29
농업,농업 주가,"[국제금융 브리핑] 트럼프, 이란 저강도 대응...7월 근원 CPI 2.5% 전망에...","미국 물가 둔화 전망은 금리동결론을 뒷받침했고, 주간 금융시장은 주가 상승과 금리 하락으로 반응했다.... 식량 가격 측면에서는 유엔식량농업기구가 7월 세계식량가격지수를 131.1로 발표했다. 이는 전월 대비 0.6... ",https://www.tokenpost.kr/news/economy/387273,https://www.tokenpost.kr/news/economy/387273,"Mon, 10 Aug 2026 08:32:00 +0900",2026-08-13 08:46:29
농업,농산물 시장,"폭염·고수온에 밥상물가 비상…정부, 농축수산물 수급 총력 대응",농산물은 일부 지역에서 피해가 확인됐지만 주요 품목의 생산량은 지난해와 평년보다 많을 것으로... 현재까지 시장 출하 크기의 폐사 물량은 전체의 약 10%에 그쳐 수급과 물가에 미치는 영향은 제한적이다. 광어와... ,https://www.imaeil.com/page/view/2026081214225559285,https://n.news.naver.com/mnews/article/088/0001023397?sid=101,"Thu, 13 Aug 2026 08:31:00 +0900",2026-08-13 08:46:29
농업,농산물 시장,폭염에 가축 100만마리·양식어류 183만마리 폐사…정부 &quot;수급 영향 제한...,돼지고기의 경우 하절기 도축공급량은 전년 수준이며 도매시장 상장 물량 확대 추진에 따라 도매가격은... 농산물은 경남·전남에서 발생한 농작물 햇볕 데임(일소)과 생육저하 등의 피해가 발생함에 따라 향후 생육... ,https://view.asiae.co.kr/article/2026081215442446165,https://n.news.naver.com/mnews/article/277/0005802437?sid=101,"Thu, 13 Aug 2026 08:30:00 +0900",2026-08-13 08:46:29
농업,농산물 시장,"폭염 피해 확산에도 먹거리 수급 '안정'…정부, 추석 앞두고 총력 대응",[사진=뉴스핌DB] ◆ 농작물 피해 확산에도 작황 양호…배추·무 수급 안정 정부에 따르면 농산물은 경남과... 돼지고기는 여름철 도축 공급량이 지난해와 비슷한 가운데 도매시장 상장 물량 확대 등에 따라... ,https://www.newspim.com/news/view/20260812001123,https://www.newspim.com/news/view/20260812001123,"Thu, 13 Aug 2026 08:30:00 +0900",2026-08-13 08:46:29
농업,농산물 시장,"정부, '고수온 피해' 332억 재난지원금 투입…수산물 최대 50% 할인","농산물에는 약제·영양제와 차광도포제 공급, 긴급 용수 지원 등이 이뤄지고 축산농가에는 살수차량을... 현재 돼지고기 하절기 도축 공급량은 전년 수준이고 도매시장 상장 물량 확대에 따라 도매가격이 안정세를... ",https://www.news1.kr/economy/trend/6257413,https://n.news.naver.com/mnews/article/421/0009111320?sid=101,"Thu, 13 Aug 2026 08:30:00 +0900",2026-08-13 08:46:29
농업,농산물 시장,폭염에 채소값 급등…가공식품도 줄인상,정부는 농산물 수급 불안에 대응해 비축 물량을 늘리고 공급 상황을 점검하고 있다. 식품업계는... 전통시장에서도 채소 가격 상승세가 나타났다. 한국물가정보에 따르면 미나리 1kg은 1만6000원으로 한 달... ,http://www.hansbiz.co.kr/news/articleView.html?idxno=856473,http://www.hansbiz.co.kr/news/articleView.html?idxno=856473,"Thu, 13 Aug 2026 08:24:00 +0900",2026-08-13 08:46:29
농업,농산물 시장,"[민선 9기 화순③] 집·일자리·돌봄을 하나로…임지락 화순군수, ‘사...","임 군수는 연간 60만명 이상이 찾는 화순전남대병원의 의료 인프라와 화순적벽, 고인돌유적, 운주사, 지역 농산물과 치유 프로그램을 연계하고, 지역축제와 화순 11경·전통시장·음식점을 묶어 관광객의 체류시간과... ",https://www.news2day.co.kr/article/20260813500022,https://www.news2day.co.kr/article/20260813500022,"Thu, 13 Aug 2026 08:24:00 +0900",2026-08-13 08:46:29
농업,농산물 시장,[EBN 데이터센터] 금·은 동반 약세…WTI 83달러선 보합,세 품목 모두 장중 고점을 높이며 상승 마감해 농산물 시장 전반의 매수세가 확인됐다. ◆ 가상자산 시황 가상자산 시가총액 상위 종목은 대체로 약세를 보였다. 비트코인은 6만3363달러로 24시간 기준 0.39... ,https://www.ebn.co.kr/news/articleView.html?idxno=1720195,https://www.ebn.co.kr/news/articleView.html?idxno=1720195,"Thu, 13 Aug 2026 08:12:00 +0900",2026-08-13 08:46:29
농업,농산물 시장,'저탄소 농산물' 신규 인증 면적...전남광주특별시 '전국 1위',김영석 전남광주특별시 친환경농업과장은 &quot;폭염 등 재해가 일상화되면서 기후위기 대응에 대한 소비자의 인식 변화로 저탄소 농산물 시장이 2020년 553억원에서 2024년 1010억원 규모로 성장했다&quot;고 설명했다.... ,https://www.etoday.co.kr/news/view/2613959,https://www.etoday.co.kr/news/view/2613959,"Thu, 13 Aug 2026 08:08:00 +0900",2026-08-13 08:46:29
농업,농산물 시장,"고성쌀, 풀무원푸드앤컬처에 첫 공급…대형 급식시장 판로 확대",또한 대형 급식업체와의 협력을 지속적으로 확대하고 공공급식과 기업급식 등 다양한 소비시장을 발굴해 지역 농산물의 안정적인 판로를 확보하는 한편 유통 경쟁력 강화에도 힘쓸 방침이다. 하학열 고성군수는 “이번... ,https://www.kukinews.com/article/view/kuk202608130015,https://www.kukinews.com/article/view/kuk202608130015,"Thu, 13 Aug 2026 07:32:00 +0900",2026-08-13 08:46:29
농업,농산물 시장,무더위 꺾였지만 ‘히트플레이션’ 우려는 여전…장바구니 물가 오를까,서울시농수산식품공사에 따르면 8월 1주차 가락동농수산물도매시장에서 거래된 농산물은 대부분 평년 대비 약상승세를 보였다. △가지(8kg 상자) △배추얼갈이(8kg 상자) △열무(4kg 상자) △청경채(4kg 상자)... ,https://www.news2day.co.kr/article/20260812500138,https://www.news2day.co.kr/article/20260812500138,"Thu, 13 Aug 2026 07:02:00 +0900",2026-08-13 08:46:29
농업,농산물 시장,한의약진흥원·보산진 통폐합 논의에…한의사들 “결사 반대”,"의약시장에서 한의약으로 국익을 창출하기 위해 전폭 지원을 해도 모자랄 판에 통폐합은 앞뒤가 맞지 않지... 국립농산물품질관리원의 한약재 관련 부서들, 한국한의학연구원, 한국한의약진흥원, 천연물안전관리연구원 등... ",https://www.sedaily.com/article/20078751?ref=naver,https://n.news.naver.com/mnews/article/011/0004651241?sid=103,"Thu, 13 Aug 2026 07:02:00 +0900",2026-08-13 08:46:29
농업,농산물 시장,"사벌국 경천대 작목반, 캠벨얼리 포도 첫 출하","이번에 출하되는 캠벨얼리 포도는 사벌농협(조합장 안창현) 농산물유통센터를 통해 가락시장 중앙청과, 서울가락 농협공판장, 구리청과 등 주요 도매시장으로 출하된다. 사벌국에서 생산되는 캠벨얼리 포도는 상주... ",https://biz.heraldcorp.com/article/10839452?ref=naver,https://n.news.naver.com/mnews/article/016/0002683152?sid=102,"Thu, 13 Aug 2026 06:45:00 +0900",2026-08-13 08:46:29
농업,농산물 시장,"실리콘밸리에서 아몬드밭까지, 캘리포니아주 II","아몬드는 캘리포니아를 대표하는 농산물 수출품 가운데 하나인데요. 2024년 캘리포니아 전체 농산물... 와인 시장에서는 훨씬 큰 비중을 차지합니다. 토양과 기후가 고급 포도 재배에 특히 적합하다 보니, 이 작은 계곡... ",https://www.voakorea.com/a/8185658.html,https://www.voakorea.com/a/8185658.html,"Thu, 13 Aug 2026 06:15:00 +0900",2026-08-13 08:46:29
농업,농산물 시장,"폭염에 성수품 물가 촉각…배, 추석 한 달여 앞두고 20% '쑥'",최근 배추 가격도 한 달 새 30% 가까이 오르는 등 폭염에 민감한 농산물 가격이 움직이면서 향후 기상... 채소류도 고온에 따른 생육 부진과 상품성 저하로 실제 시장에 공급되는 물량이 감소할 가능성이 있다. 특히... ,https://www.newsis.com/view/NISX20260812_0003746152,https://n.news.naver.com/mnews/article/003/0014124300?sid=101,"Thu, 13 Aug 2026 06:03:00 +0900",2026-08-13 08:46:29
농업,농산물 시장,"농협 경남본부, 하반기 건전경영 강화…금융환경 변화 대응 나서","우리 농산물 소비촉진 캠페인도 진행했다. 류길년 본부장은 “농촌에 활력을 더하고 농업·농촌의 가치를... 가락시장과 백화점 직출하, 온라인 직거래 등으로 판로를 확대하고 지역 농가에 재배기술을 전수한 공로를... ",https://www.kukinews.com/article/view/kuk202608130007,https://www.kukinews.com/article/view/kuk202608130007,"Thu, 13 Aug 2026 05:46:00 +0900",2026-08-13 08:46:29
