industry,keyword,title,description,originallink,link,pubDate,collected_at
반도체,반도체 주가,[주간증시전망] 7000선 안착 시험대…삼성전자 실적·美장기금리가 갈림...,고용이 둔화해도 금리가 내려가지 않는다면 반도체 호재가 주가에 반영되는 폭도 제한될 수 있다. NH투자증권은 이번 주 코스피 예상 범위로 6500~7500을 제시했다. 나정환 NH투자증권 연구원은 “원화 강세에 따른... ,https://www.viva100.com/article/20261003500073,https://www.viva100.com/article/20261003500073,"Mon, 05 Oct 2026 10:34:00 +0900",2026-10-05 10:44:48
반도체,반도체 주가,오라클 반등 기대 커진다…월가가 주목한 AI 클라우드 성장성,"사진=오라클 CI 오라클 주가가 최근 반등세를 나타내는 가운데 월가에서도 긍정적인 평가가 이어지고... 인공지능 데이터센터를 구축하려면 고성능 반도체와 서버뿐 아니라 전력과 냉각시설, 네트워크 장비 등... ",https://www.jemin.com/news/articleView.html?idxno=843832,https://www.jemin.com/news/articleView.html?idxno=843832,"Mon, 05 Oct 2026 10:34:00 +0900",2026-10-05 10:44:48
반도체,반도체 주가,삼전닉스 17조 던진 외국인…코스피 한달새 20조 '매도 폭탄',AI 투자 확대와 메모리 업황 개선 기대가 반도체주 주가를 끌어올린 가운데 외국인들이 상승분을 일부 현금화하고 있다는 분석이다. 대외 환경도 부담으로 작용한 것으로 보인다. 미국과 이란을 둘러싼 갈등이... ,https://www.etnews.com/20261005000060,https://n.news.naver.com/mnews/article/030/0003472251?sid=101,"Mon, 05 Oct 2026 10:31:00 +0900",2026-10-05 10:44:48
반도체,반도체 주가,李정부 2년차 국감 6일 개막…與 '민생·성과' vs 野 '실정 검증' 충돌,정무위원회에서는 김승원 전 후보자의 신약 임상시험 승인 청탁 의혹과 제약회사 주가조작 의혹 등을 두고... 산업통상자원중소벤처기업위원회와 재정경제기획위원회에서는 호남 반도체 메가프로젝트와 대미 투자 문제가... ,https://www.etnews.com/20261005000057,https://n.news.naver.com/mnews/article/030/0003472250?sid=100,"Mon, 05 Oct 2026 10:24:00 +0900",2026-10-05 10:44:48
반도체,반도체 주가,고금리 버티는 AI 랠리…&quot;美10년물 6%땐 랠리 붕괴&quot;,AI 투자를 확대하는 빅테크 주가가 오르는 동시에 반도체업체와 데이터센터 건설업체 등 관련 기업들의 매출도 급증하면서 시장 전반에 선순환이 형성됐다. 금리가 더 오를 경우 상황은 달라질 수 있다. 최근 AI 투자... ,https://www.edaily.co.kr/News/Read?newsId=01800726645609968&mediaCodeNo=257&utm_source=naver&utm_medium=referral&utm_campaign=news_syndication&utm_content=original_article,https://n.news.naver.com/mnews/article/018/0006381084?sid=101,"Mon, 05 Oct 2026 10:20:00 +0900",2026-10-05 10:44:48
반도체,반도체 주가,美 국채·주식 아슬아슬한 ‘디커플링’…증시 떠받치는 AI,모건스탠리는 지난주 후반 소비자용 AI 에이전트 확산 등을 이유로 엔비디아를 반도체 업종 ‘최선호주’로 다시 꼽았다. 목표주가는 지난 2일 종가(233달러·약 31만3851원)보다 약 30% 높은 300달러(약 40만4100원)로... ,https://www.edaily.co.kr/News/Read?newsId=01767926645609968&mediaCodeNo=257&utm_source=naver&utm_medium=referral&utm_campaign=news_syndication&utm_content=original_article,https://n.news.naver.com/mnews/article/018/0006381074?sid=101,"Mon, 05 Oct 2026 10:06:00 +0900",2026-10-05 10:44:48
반도체,반도체 주가,&quot;돈 잘 버는데 왜 또 쪼개?&quot;…'4중 상장설'에 하닉 개미 뿔났다 [강경주...,주주가치 보호라는 두 마리 토끼를 잡아야 하는 상황에 놓였다. 손자회사 솔리다임의 미국 증시 상장... SK그룹의 반도체 부문 지배 구조는 SK㈜(지주사)→SK스퀘어→SK하이닉스→AI컴퍼니(SK하이닉스의 자회사)... ,https://www.hankyung.com/article/2026100204896,https://n.news.naver.com/mnews/article/015/0005339134?sid=101,"Mon, 05 Oct 2026 10:01:00 +0900",2026-10-05 10:44:48
반도체,반도체 주가,주가는 안 올라도 실적은 좋아지는 반도체株…호황은 언제까지[주末머...,반도체 투자자들이 익숙하게 겪어온 풍경이다. 그래서 요즘 메모리 업체들의 투자 확대 소식은... 대신증권은 이번 실적 시즌에 '투자한 돈이 언제 반도체로 바뀌는가'를 따져볼 필요가 있다고 봤다. 출발은 미국... ,https://view.asiae.co.kr/article/2026100115063093580,https://n.news.naver.com/mnews/article/277/0005824570?sid=101,"Mon, 05 Oct 2026 10:01:00 +0900",2026-10-05 10:44:48
반도체,반도체 주가,다시 상승세 탄 비트코인…10만 달러 탈환 가를 '두 변수',"올해 상반기 동안 비트코인 시세의 상단을 막았던 또 다른 이유는 AI 반도체 기업의 주가 폭등이었다. 특히 올 5월부터 6월 중순까지 메모리 반도체 기업인 마이크론테크놀로지, 샌디스크, 삼성전자, SK하이닉스 등은... ",https://www.sisajournal.com/news/articleView.html?idxno=388808,https://n.news.naver.com/mnews/article/586/0000139412?sid=101,"Mon, 05 Oct 2026 10:00:00 +0900",2026-10-05 10:44:48
반도체,반도체 주가,경영 파행에 먹튀·단기주의까지…‘밸류업 명분’ 소액주주 운동의 그...,"주주제안권, 임시주주총회 소집청구권, 회계장부 열람·등사청구권 등은 대주주가 두려워하는 소액주주의... 바이오 R&amp;D나 반도체 CapEx처럼 장기 투자가 필수적인 산업군에서 배당이나 자사주 소각만을 일방적으로... ",https://magazine.hankyung.com/business/article/202609292214b,https://n.news.naver.com/mnews/article/050/0000111639?sid=101,"Mon, 05 Oct 2026 09:47:00 +0900",2026-10-05 10:44:48
반도체,반도체 주가,"10년물 7%까지 안전? … 국채금리 파고에 둑 높이는 월가, 수압에 누적되...",BofA는 10년물 금리가 0~7% 구간에 머물 때 스탠더드앤드푸어스(S&amp;P) 500 지수의 12개월 선행 주가수익비율(PER)... 시장 전문가들은 인공지능(AI)과 반도체 기업들의 호실적이 방어막 역할을 하며 미 증시가 버티고 있지만... ,https://biz.newdaily.co.kr/site/data/html/2026/10/02/2026100200219.html,https://biz.newdaily.co.kr/site/data/html/2026/10/02/2026100200219.html,"Mon, 05 Oct 2026 09:40:00 +0900",2026-10-05 10:44:48
반도체,반도체 주가,美 금리 5%에 갇힌 코스피…‘7000 안착’ 열쇠는 삼성전자 실적[주간증...,다만 마이크론이 시장 예상치를 웃돈 실적을 내고 9월 반도체 수출이 급증하면서 지수 하단을 떠받치고... 주식 투자자가 기업 실적 악화와 주가 하락 위험을 감수하고 얻을 수 있는 기대수익률과 미국 정부가... ,https://www.ekn.kr/web/view.php?key=20261005027591862,https://www.ekn.kr/web/view.php?key=20261005027591862,"Mon, 05 Oct 2026 09:38:00 +0900",2026-10-05 10:44:48
반도체,반도체 주가,"98년 만에 여섯 번째 울린 월가 과열 경보, 질주하던 미국 증시 멈춰 서...",미국 주요 지수의 고평가 부담은 글로벌 자산 배분 조정을 거쳐 한국 반도체와 수출 중심 대형주에 외국인... 호황 국면의 이면에 주가와 실질 가치 사이의 간극이 지나치게 벌어졌다는 신호가 포착됐기 때문이다. 시장의... ,https://www.g-enews.com/view.php?ud=202610050922431138fbbec65dfb_1,https://www.g-enews.com/view.php?ud=202610050922431138fbbec65dfb_1,"Mon, 05 Oct 2026 09:38:00 +0900",2026-10-05 10:44:48
반도체,반도체 주가,"연휴에 멈춘 내 주식··· 엔비디아·테슬라는 뛰었다, 6일 '삼전닉스'...",인공지능(AI) 반도체주가 강세를 보이면서 6일 삼성전자와 SK하이닉스 주가에도 영향을 줄 가능성이 있다. 엔비디아에 고대역폭메모리(HBM)를 공급하는 SK하이닉스는 미국 AI 반도체주와 주가 흐름이 밀접하게 움직이고... ,https://www.greenpostkorea.co.kr/news/articleView.html?idxno=307595,https://www.greenpostkorea.co.kr/news/articleView.html?idxno=307595,"Mon, 05 Oct 2026 09:24:00 +0900",2026-10-05 10:44:48
반도체,반도체 주가,반도체 쏠림·고금리에 밀린 바이오…코스닥 제약 ‘최악의 한달’,인공지능(AI)·반도체주로 증시 자금이 쏠린 데다 글로벌 금리 상승과 개별 기업 악재까지 겹치면서 제약·바이오주가 직격탄을 맞았다. 5일 금융정보서비스업체 연합인포맥스에 따르면 지난 한 달간 코스닥 제약... ,https://www.etoday.co.kr/news/view/2632408,https://www.etoday.co.kr/news/view/2632408,"Mon, 05 Oct 2026 09:22:00 +0900",2026-10-05 10:44:48
반도체,반도체 주가,美 고용 둔화에 아시아 증시 상승…브렌트유 103달러 돌파,5일 블룸버그통신에 따르면 이날 MSCI 아시아·태평양 주가지수는 0.4% 올랐다. 일본 증시는 2% 상승했다. 나스닥100 선물도 0.3% 올랐다. 지난 2일 나스닥100 지수가 사상 최고치로 마감한 데 이어 미국 반도체 관련주도... ,https://www.ebn.co.kr/news/articleView.html?idxno=1726702,https://www.ebn.co.kr/news/articleView.html?idxno=1726702,"Mon, 05 Oct 2026 09:20:00 +0900",2026-10-05 10:44:48
반도체,반도체 주가,채권왕도 &quot;채권 사지 마라&quot; 경고하는 시대,"데이터센터와 반도체, 전력 인프라에 막대한 돈이 쏟아지면서 기업의 자금 조달도 급증했다. 여기에... 과거라면 주가가 떨어질 때 국채 가격이 오르는 게 일반적인 흐름이었다. 이제는 주식과 채권이 동시에 팔릴... ",https://www.fortunekorea.co.kr/news/articleView.html?idxno=54293,https://www.fortunekorea.co.kr/news/articleView.html?idxno=54293,"Mon, 05 Oct 2026 09:10:00 +0900",2026-10-05 10:44:48
반도체,반도체 주가,'트럼프 배당금' 뭇매…고금리·고유가 속 한국증시 '7천피' 안간힘,"증시는 반도체 실적 모멘텀에 힘입어 '7,003선'을 다투는 팽팽한 힘겨루기를... AI 및 데이터센터 관련 대형 기술주가 포함된 나스닥100 지수는 상승세를 유지했으나... ",http://www.breaknews.com/1240973,http://www.breaknews.com/1240973,"Mon, 05 Oct 2026 09:06:00 +0900",2026-10-05 10:44:48
반도체,반도체 주가,"대한항공, 국제선 탑승률 86% 전망…여객 수요 회복세","반도체 등 고부가 화물 수요가 이어지고 국제선 탑승률과 운임이 개선될 경우 항공유 가격이 일부 반등하더라도 이익 체력은 일정 부분 유지될 수 있다. 목표주가 4만원, 투자의견 매수를 유지했다.",https://www.pinpointnews.co.kr/news/articleView.html?idxno=492637,https://www.pinpointnews.co.kr/news/articleView.html?idxno=492637,"Mon, 05 Oct 2026 09:04:00 +0900",2026-10-05 10:44:48
반도체,반도체 주가,AI 열풍 재점화에 엔비디아 질주…실적 시즌이 분수령,"현재 엔비디아는 강력한 AI 반도체 수요와 대규모 현금 창출력을 바탕으로 시장의 중심에 서 있지만, 높은 성장 기대가 주가에 상당 부분 반영돼 있다는 점과 AI 인프라 투자에 대한 금융시장의 검증이 진행되고 있다는... ",https://www.jemin.com/news/articleView.html?idxno=843829,https://www.jemin.com/news/articleView.html?idxno=843829,"Mon, 05 Oct 2026 09:02:00 +0900",2026-10-05 10:44:48
반도체,반도체 산업,반도체 투자부터 홈플러스 회생까지…국감 앞두고 기업인 줄소환,"5일 정치권에 따르면 오는 6일 시작되는 국회 국정감사에서는 대규모 반도체 투자와 방산업계 지배구조부터 유통업계 거래관행, 개인정보 보호, 식품 가격 담합까지 다양한 기업 현안이 다뤄질 예정이다. 증인으로 채택된... ",https://www.mediapen.com/news/view/1127889,https://www.mediapen.com/news/view/1127889,"Mon, 05 Oct 2026 10:36:00 +0900",2026-10-05 10:44:49
반도체,반도체 산업,"칩노믹스 &quot;TSMC를 넘어, 세계가 대만을 주목하는 이유&quot; [새책]","반도체 설계와 후공정, AI 서버와 부품 제조, 정밀주물·사출성형, 패스너 등 다양한 산업군을 따라가며 대만의 제조 생태계가 어떻게 촘촘하게 형성돼 왔는지를 살핀다. 과거 노트북 주문자상표부착생산(OEM)과 PC 부품... ",https://it.chosun.com/news/articleView.html?idxno=2023092171417,https://it.chosun.com/news/articleView.html?idxno=2023092171417,"Mon, 05 Oct 2026 10:36:00 +0900",2026-10-05 10:44:49
반도체,반도체 산업,"6만명 몰린 AI축제, 더 커져 돌아왔다…'AI페스타26' 내일 개막","AI 에이전트부터 피지컬 AI·로봇, AI 반도체와 인프라까지 산업의 가치사슬을 한 공간에 모으고 실제 사업으로 연결하는 데 초점을 맞췄다. 놓치지 말아야 할 관전 포인트를 꼽아봤다. AI 페스타 2026 포스터_가로 행사... ",https://zdnet.co.kr/view/?no=20261002094832,https://n.news.naver.com/mnews/article/092/0002439829?sid=105,"Mon, 05 Oct 2026 10:34:00 +0900",2026-10-05 10:44:49
반도체,반도체 산업,반도체·AI 뜨자 이공계로…과기원 지원 첫 3만명 돌파,반도체를 비롯한 대기업 계약학과는 졸업 후 취업 연계라는 장점에 더해 AI·반도체 등 신산업 성장에 대한 기대가 맞물리면서 수험생들의 관심을 받고 있다. 이번 과기원 지원에서도 AI 모집인원 확대와... ,https://www.asiatoday.co.kr/kn/view.php?key=20261005010001028,https://www.asiatoday.co.kr/kn/view.php?key=20261005010001028,"Mon, 05 Oct 2026 10:30:00 +0900",2026-10-05 10:44:49
반도체,반도체 산업,BTS 세계 1위 휩쓸고 전원 군필-AG 금메달 병역 특례 형평성 논란,"K팝과 드라마, 영화, 게임, 웹툰, 반도체와 자동차 등 문화와 산업 전반이 국가 이미지를 형성한다. 실제로 나경원 의원 역시 이번 논쟁에서 과거에는 국제 스포츠대회 성적이 국가 홍보의 중요한 수단이었지만 현재는... ",https://www.mediafine.co.kr/news/articleView.html?idxno=91695,https://www.mediafine.co.kr/news/articleView.html?idxno=91695,"Mon, 05 Oct 2026 10:30:00 +0900",2026-10-05 10:44:49
반도체,반도체 산업,이재명 정부 2년차 국감 시작…&quot;민생 방점&quot; VS &quot;李 실정 직격&quot;,/ 뉴시스 경제 분야에선 반도체 3대 메가 프로젝트와 대미 투자 프로젝트 사업 점검을 두고 여야가 재정경제위원회와 산업통상자원중소벤처기업위원회(산자위)에서 격돌할 것으로 예상된다. 민주당은 부처를 상대로... ,http://www.metroseoul.co.kr/article/20261005500035,http://www.metroseoul.co.kr/article/20261005500035,"Mon, 05 Oct 2026 10:26:00 +0900",2026-10-05 10:44:49
반도체,반도체 산업,"경북도, 美 유타주정부·유타대와 맞손…AI·반도체 협력 확대",(AI)·반도체 등 미래산업 분야 협력을 확대한다고 5일 밝혔다. 지역 창업·혁신기업의 미국 시장 진출과 기술사업화를 지원하기 위한 기반도 마련했다. 경북도는 현지시간 지난달 21일 미국 유타주 의사당에서... ,https://www.etoday.co.kr/news/view/2632428,https://www.etoday.co.kr/news/view/2632428,"Mon, 05 Oct 2026 10:22:00 +0900",2026-10-05 10:44:49
반도체,반도체 산업,"[반도체 라이징 스타]&lt;6&gt;엑시나, 스스로 계산하는 메모리로 AI 인프라 비...",※[반도체 라이징 스타] 시리즈는 중소벤처기업부와 창업진흥원이 지원하는 '2026년 초격차 스타트업 프로젝트 (DIPS)' 프로젝트의 일환으로 서울대학교 시스템반도체산업진흥센터와 함께 진행합니다.,https://www.etnews.com/20261005000055,https://n.news.naver.com/mnews/article/030/0003472249?sid=105,"Mon, 05 Oct 2026 10:21:00 +0900",2026-10-05 10:44:49
반도체,반도체 산업,"재계, 금융권 해킹 '불똥' 튈라…연휴에도 보안 '긴장'",공격이 산업계 전반으로 번지는 상황을 사전 차단하겠다는 취지다. 주요 기업들은 추가 피해 정황은 포착되지 않았다면서도 보안 경계감을 높이고 있다. 한 반도체 기업 관계자는 &quot;내부적으로 정보보호와 보안 태세를... ,https://www.newsis.com/view/NISX20261005_0003814272,https://n.news.naver.com/mnews/article/003/0014233453?sid=101,"Mon, 05 Oct 2026 10:19:00 +0900",2026-10-05 10:44:49
반도체,반도체 산업,반도체 물 하루 106만톤…섬진강 하류 괜찮을까,호남권 반도체 산업단지에 장기적으로 하루 106만톤의 용수를 공급하는 계획이 추진되면서 댐 하류 주민과 생태계에 미칠 영향도 함께 살펴야 한다는 요구가 나왔다. 기존 댐 주변지역뿐 아니라 물길 아래쪽까지 지원... ,https://www.jnilbo.com/news/articleView.html?idxno=90000070895,https://www.jnilbo.com/news/articleView.html?idxno=90000070895,"Mon, 05 Oct 2026 10:19:00 +0900",2026-10-05 10:44:49
반도체,반도체 산업,전고체 상용화 기대에 배터리 ETF '쑥'…주간 수익률 1위,'SOL 반도체후공정'도 10.03% 상승해 6위에 올랐다. 中 전고체 상용화 속도…국내 소재주 기대감 확대 최근 중국의 전고체 배터리 산업 육성 계획과 국내 소재 기업의 사업 진척이 맞물리면서 관련주에 대한 관심이... ,https://www.meconomynews.com/news/articleView.html?idxno=202207,https://www.meconomynews.com/news/articleView.html?idxno=202207,"Mon, 05 Oct 2026 10:18:00 +0900",2026-10-05 10:44:49
반도체,반도체 산업,"머스크, 독자 반도체 벽 부딪히자 TSMC에 손 내밀며 팹 동맹 타진",한국 반도체 수주 지형과 가치사슬 전이 경로 머스크와 TSMC의 연대는 미국 파운드리 시장에서 점유율 경쟁을 벌이는 한국 반도체 산업에 복합 신호를 보낸다. 미국 텍사스 테일러시에 선단 파운드리 공장을 구축 중인... ,https://www.g-enews.com/view.php?ud=202610050958447161fbbec65dfb_1,https://www.g-enews.com/view.php?ud=202610050958447161fbbec65dfb_1,"Mon, 05 Oct 2026 10:18:00 +0900",2026-10-05 10:44:49
반도체,반도체 산업,[N2기획 ㅣ 유희태 군정 검증①] 유희태 전북 완주군수 ‘1조1334억’은...,피지컬AI 실증 인프라가 완주에 구축되고 반도체 특화단지에 완주산단이 포함된 것은 분명 지역 산업에 의미 있는 성과다. 그러나 1조원이 넘는 사업 규모를 민선9기 핵심 성과로 제시했다면 군민에게는 그 숫자의... ,https://www.news2day.co.kr/article/20261005500002,https://www.news2day.co.kr/article/20261005500002,"Mon, 05 Oct 2026 10:10:00 +0900",2026-10-05 10:44:49
반도체,반도체 산업,"전남광주시의회, 반도체 용수 '댐 하류도 지원' 촉구",섬진강 생태 유량·지역 주민 상생 대책 요구 호남권 반도체 산업단지 용수 확보 영향을 받는 댐 하류지역을 위해 지원대책이 필요하다는 요구가 전남광주통합특별시의회에서 나왔다. 5일 전남광주통합특별시의회에... ,https://www.yna.co.kr/view/AKR20261002138500054?input=1195m,https://n.news.naver.com/mnews/article/001/0016357402?sid=105,"Mon, 05 Oct 2026 10:10:00 +0900",2026-10-05 10:44:49
반도체,반도체 산업,경북도－美 유타주 경제협력 체결…&quot;경북 산업과 유타주 혁신 생태계 연...,"AI·반도체·첨단산업 등 미래산업 분야의 기술·산업 협력을 넓히고 기업 간 교류·투자협력 기회도 확대한다. 유타대학교 협약에는 테일러 랜달(Taylor R. Randall) 총장, 안슈만 라즈단(Anshuman Razdan) 연구협력 부사장 등이... ",https://view.asiae.co.kr/article/2026100510075662987,https://n.news.naver.com/mnews/article/277/0005824573?sid=102,"Mon, 05 Oct 2026 10:09:00 +0900",2026-10-05 10:44:49
반도체,반도체 산업,유가 뛰어도 경상흑자는 최대…반도체 호황의 두 얼굴,"다만 반도체 호황과 달리 국내 생산·소비·투자는 일제히 감소하면서 산업 간 온도차가 뚜렷해지고 있다. 반도체가 고유가와 대외 불확실성의 충격을 완충하고 있지만, 특정 품목에 대한 의존도가 높아진 만큼 반도체... ",https://www.ntoday.co.kr/news/articleView.html?idxno=129814,https://www.ntoday.co.kr/news/articleView.html?idxno=129814,"Mon, 05 Oct 2026 10:06:00 +0900",2026-10-05 10:44:49
반도체,반도체 산업,[단독] &quot;가뭄 대비용 물인데&quot;…반도체 공장에 쓰겠다는 정부,"기후에너지환경부가 하루 65만t의 용수를 호남 반도체 산업단지에 공급하기로 한 가운데, 약 20만t이 기존 서남권 '가뭄 대책용 물'에 해당한다는 지적이 나온다. 5일 나경원 국민의힘 의원이 국회입법조사처에 의뢰한... ",https://www.hankyung.com/article/202610031979i,https://n.news.naver.com/mnews/article/015/0005339137?sid=100,"Mon, 05 Oct 2026 10:04:00 +0900",2026-10-05 10:44:49
반도체,HBM 시장,미국 주식시장이 하락하지 않는 이유… “변화가 돈이다” [조병문의 M...,"미국 주식시장이 하락하지 않는 이유다. 미 국채는 과매도 국면 9월 먼슬리에 이어 금리를 계속 심층... 결론은 첫째, 메모리(HBM 포함) 부문의 폭발적 수혜; VR200에서 무려 435% 증가할 전망이다. 아울러 이는 향후 AI... ",https://magazine.hankyung.com/business/article/202610017941b,https://n.news.naver.com/mnews/article/050/0000111638?sid=101,"Mon, 05 Oct 2026 09:44:00 +0900",2026-10-05 10:44:50
반도체,HBM 시장,[이번주 증시] 美 고용 부진에 안도 랠리 이어질 듯,"지난 주말 발표된 미국의 고용지표가 예상치를 크게 하회하면서 고용 시장이 부진함을 시사, 연방준비제도... 나정환 NH투자증권 연구원은 &quot;트렌드포스에 따르면, HBM4 공급 제약이 확대되고 있어 반도체 가격의 추가... ",http://www.opinionnews.co.kr/news/articleView.html?idxno=145251,http://www.opinionnews.co.kr/news/articleView.html?idxno=145251,"Mon, 05 Oct 2026 09:42:00 +0900",2026-10-05 10:44:50
반도체,HBM 시장,"신한자산운용, 'SOL 글로벌DRAM반도체플러스' 신규 상장","마이크론은 시장 예상을 웃도는 분기 실적과 다음 분기 전망을 제시했으며 HBM과 데이터센터용 메모리·스토리지 수요 확대, 전략적 고객계약(SCA)을 바탕으로 앞으로의 성장에 대한 자신감을 나타냈다. 업계에서는... ",http://www.bizwnews.com/news/articleView.html?idxno=147965,http://www.bizwnews.com/news/articleView.html?idxno=147965,"Mon, 05 Oct 2026 09:32:00 +0900",2026-10-05 10:44:50
반도체,HBM 시장,"HBM5 시대 열릴까? 삼성·SK, SEDEX서 기술 맞대결",업계에서는 지난해 HBM4 실물을 나란히 공개했던 삼성전자와 SK하이닉스가 올해는 HBM4E를 넘어 HBM5 등 차세대 메모리 기술 경쟁을 어떻게 보여줄지에 관심이 쏠리고 있다. 특히 AI 반도체 시장이 고성능·저전력... ,https://www.newsway.co.kr/news/view?ud=2026100214193888774,https://www.newsway.co.kr/news/view?ud=2026100214193888774,"Mon, 05 Oct 2026 09:02:00 +0900",2026-10-05 10:44:50
반도체,HBM 시장,"[주간증시전망] 방향성 탐색하는 코스피, '삼성전자 실적'에 쏠린 눈",가장 큰 주가 하방 압력은 고공행진을 이어가는 미국의 시장 금리였다. 미국의 10년물 국채 금리가 5.3%를... 나정환 NH투자증권 연구원은 &quot;HBM4 공급제약이 확대되고 있어 반도체 가격의 추가 상향 가능성도 존재한다&quot;며... ,https://www.g-enews.com/view.php?ud=202610021529109126923c501012_1,https://www.g-enews.com/view.php?ud=202610021529109126923c501012_1,"Mon, 05 Oct 2026 09:02:00 +0900",2026-10-05 10:44:50
반도체,HBM 시장,"무니 피델리티 아태 회장 “美 AI 모델, 韓 AI 인프라, 中 AI 서비스에 강...","디지털 시장을 갖추고 있다”며 “국경과 상관없이 AI 인프라 구축부터 실제 활용까지 AI 생태계 곳곳에 있는... 최근 하이퍼스케일러(대규모 데이터센터 운영업체)들의 투자 대상은 고대역폭메모리(HBM), 데이터센터 전력... ",https://www.chosun.com/economy/money/2026/10/05/AZMAUQFAING43PJOT4YJWPHCVE/?utm_source=naver&utm_medium=referral&utm_campaign=naver-news,https://n.news.naver.com/mnews/article/023/0004002112?sid=101,"Mon, 05 Oct 2026 09:01:00 +0900",2026-10-05 10:44:50
반도체,HBM 시장,"3보 전진 위한 ‘1보 후퇴’…쎄크, 전자빔 기술로 흑자 전환 시동",이에 HBM 인라인 검사장비의 시장 진입과 LINAC 매출 확대를 전제로 쎄크의 매출이 올해 600억원에서 2027년 850억원으로 41.7% 증가할 것으로 전망했다. 영업손익도 2027년 68억원 흑자로 돌아설 것으로 예상했다.,https://economist.co.kr/article/view/ecn202609280040,https://n.news.naver.com/mnews/article/243/0000103862?sid=101,"Mon, 05 Oct 2026 09:01:00 +0900",2026-10-05 10:44:50
반도체,HBM 시장,‘제2 ASML’ 니어필드 CEO “팹 지방 분산? 현지 인프라 없인 수율 장담...,패키징(HBM)의 수율을 관리하는 차세대 비파괴 계측 장비 전문 기업이다. ‘쿼드라’ 솔루션을 앞세워 기존... 중요한 시장”이라며 “AI 인프라 구축 확대로 갈수록 복잡해지는 반도체 아키텍처를 지원하기 위해 한국... ,https://www.sedaily.com/article/20097760?ref=naver,https://n.news.naver.com/mnews/article/011/0004668166?sid=101,"Mon, 05 Oct 2026 09:00:00 +0900",2026-10-05 10:44:50
반도체,HBM 시장,박스권에 갇힌 코스피 향방은...美국채 금리·삼성전자 실적 '변수',6%를 각각 상회하며 고점을 높이고 있다&quot;라며 &quot;미 국채 장기금리를 중심으로 시장금리의 상방 리스크가... 따르면 HBM4 공급 제약이 확대되고 있어 반도체 가격의 추가 상향도 기대해 볼 수 있다&quot;고 말했다. 그러면서... ,https://daily.hankooki.com/news/articleView.html?idxno=1411844,https://daily.hankooki.com/news/articleView.html?idxno=1411844,"Mon, 05 Oct 2026 09:00:00 +0900",2026-10-05 10:44:50
반도체,HBM 시장,[긴급진단] 메모리 반도체 주가 돌연 폭락 &quot;도시바 HDD 쇼크&quot;... 뉴욕증시...,"메모리 양극화: HBM의 환호와 범용 메모리·스토리지의 불안 현재 글로벌 반도체 시장은 고대역폭메모리(HBM)를 중심으로 한 초고성능 AI 전용 메모리와, 데이터 저장 및 연산을 뒷받침하는 전통적인 범용 DRAM·낸드·HDD... ",https://www.g-enews.com/view.php?ud=20261005084926781906806b77b_1,https://www.g-enews.com/view.php?ud=20261005084926781906806b77b_1,"Mon, 05 Oct 2026 08:54:00 +0900",2026-10-05 10:44:50
반도체,HBM 시장,레니게이드 양산·유럽 검증 병행…퓨리오사AI 8000억 클로징 초읽기,이에 레니게이드 생산 확대와 HBM4 기반 3세대 제품 '스토크' 개발에 필요한 자금 공백을 메우기 위해 약... 리스본 거점서 레니게이드 검증…유럽 AI 시장 공략 퓨리오사AI의 자금조달이 주목받는 배경은 제품 개발과... ,https://www.news1.kr/industry/sb-founded/6309312,https://n.news.naver.com/mnews/article/421/0009209468?sid=101,"Mon, 05 Oct 2026 08:34:00 +0900",2026-10-05 10:44:50
반도체,HBM 시장,"마이크론도 샀다…‘HBM 불량’ 잡는 쎄크, 삼성·SK 문 두드린다",현재 HBM 시장의 성장은 쎄크에 새로운 기회로 꼽힌다. HBM은 여러 개의 D램을 수직으로 쌓고 실리콘관통전극(TSV)으로 연결한다. 적층 단수가 높아질수록 제품 내부는 두꺼워지는 반면 칩과 칩을 연결하는 범프의... ,https://economist.co.kr/article/view/ecn202609220062,https://n.news.naver.com/mnews/article/243/0000103860?sid=101,"Mon, 05 Oct 2026 08:31:00 +0900",2026-10-05 10:44:50
반도체,HBM 시장,[주식도락] '삼성전자 3분기는'…증권가 잇딴 '장밋빛 전망',이중 박유악 키움증권 연구원은 &quot;삼성전자에 대한 투자 포인트를 '범용 메모리 가격 급등'에서 'HBM·파운드리 시장 점유율 확대'로 옮길 것을 추천한다&quot;고도 했다. 이러한 분석을 토대로 증권사들이 제시한... ,http://www.newsdream.kr/news/articleView.html?idxno=119349,http://www.newsdream.kr/news/articleView.html?idxno=119349,"Mon, 05 Oct 2026 08:30:00 +0900",2026-10-05 10:44:50
반도체,HBM 시장,"&quot;ESS 없인 AI 팩토리 못 돌린다&quot;… 엔비디아, BESS '공식 표준 인증' 편입","백업 시장 진입에 사활을 걸고 있다. GPU 연산 칩과 고대역폭메모리(HBM), 첨단 액체냉각에 이어 '배터리 에너지 저장 시스템'까지 엔비디아의 표준 인증 생태계로 흡수되면서, AI 패권을 둘러싼 기술 전쟁은 이제... ",https://www.g-enews.com/view.php?ud=2026100508281647080c8c1c064d_1,https://www.g-enews.com/view.php?ud=2026100508281647080c8c1c064d_1,"Mon, 05 Oct 2026 08:30:00 +0900",2026-10-05 10:44:50
반도체,HBM 시장,삼성전자 자사주 매입 막바지…내주 '수급 공백' 첫 시험대,시장의 관심은 단순한 영업이익 규모보다 메모리 가격 상승과 HBM을 중심으로 한 AI 수요가 향후 이익 추정치 상향으로 연결될 수 있느냐에 쏠릴 것으로 보인다. 삼성전자는 최근 HBM이 내년 글로벌 D램 웨이퍼... ,https://news.einfomax.co.kr/news/articleView.html?idxno=4437739,https://news.einfomax.co.kr/news/articleView.html?idxno=4437739,"Mon, 05 Oct 2026 08:12:00 +0900",2026-10-05 10:44:50
반도체,HBM 시장,마이크론이 보여준 메모리 호황…글로벌 D램 투자해볼까,5일 한국거래소에 따르면 오는 7일 유가증권시장에는 신한자산운용의 패시브 ETF가 출시된다. 바로 ‘SOL... 고대역폭메모리(HBM)와 범용 D램부터 솔리드스테이트드라이브(SSD)·하드디스크드라이브(HDD)까지 AI 인프라에... ,https://www.dailian.co.kr/news/view/1697616/?sc=Naver,https://n.news.naver.com/mnews/article/119/0003139428?sid=101,"Mon, 05 Oct 2026 08:01:00 +0900",2026-10-05 10:44:50
반도체,파운드리 수주,"삼성전자, 국내기업 최초로 분기 영업이익 '100조원 시대' 여나...8일 3분...",업계에서는 조 단위의 적자를 내던 파운드리·시스템LSI 사업부가 적자 폭을 얼마나 줄였을 지도 주목하고 있다. 최근 첨단 공정 가동률이 점진적으로 회복하고 고객사 수주가 늘면서 비메모리 사업의 손실... ,http://www.beyondpost.co.kr/view.php?ud=2026100506064524172aaae0046f_30,http://www.beyondpost.co.kr/view.php?ud=2026100506064524172aaae0046f_30,"Mon, 05 Oct 2026 06:14:00 +0900",2026-10-05 10:44:51
반도체,파운드리 수주,"삼성전자, 이번주 3분기 성적표 나온다…韓기업 최초 '영업익 100조' 돌...",업계에서는 조 단위의 적자를 내던 파운드리·시스템LSI 사업부가 적자 폭을 얼마나 줄였을 지도 주목하고 있다. 최근 첨단 공정 가동률이 점진적으로 회복하고 고객사 수주가 늘면서 비메모리 사업의 손실 규모는... ,https://www.newsis.com/view/NISX20261004_0003813962,https://n.news.naver.com/mnews/article/003/0014233236?sid=101,"Mon, 05 Oct 2026 05:00:00 +0900",2026-10-05 10:44:51
반도체,파운드리 수주,"삼성전자, 3분기 영업익 100조 넘나…8일 잠정실적 발표",시스템LSI와 파운드리 사업부는 3분기에도 적자를 기록할 것으로 전망된다. 최근 대규모 수주를 확보하고 있지만 실제 매출에 반영되기까지 시간이 필요한 상황이다. 원·달러 환율 하락도 변수다. 반도체 매출... ,https://www.mdtoday.co.kr/news/articleView.html?idxno=617333,https://www.mdtoday.co.kr/news/articleView.html?idxno=617333,"Sun, 04 Oct 2026 17:24:00 +0900",2026-10-05 10:44:51
반도체,파운드리 수주,"삼성전자, 3분기 영업익 108조 전망…'100조 시대' 연다",이는 시장 평균 전망치에 못 미치는 수준이다. 파운드리 적자 축소…흑자 전환 가능성도 파운드리(반도체 위탁생산) 사업은 4나노미터 공정 가동률 상승과 HBM4 공급 확대에 힘입어 적자 폭이 줄어들 것으로... ,https://www.jnilbo.com/news/articleView.html?idxno=90000070822,https://www.jnilbo.com/news/articleView.html?idxno=90000070822,"Sun, 04 Oct 2026 16:20:00 +0900",2026-10-05 10:44:51
반도체,파운드리 수주,"단순 납품 끝났다… 삼성·SK, 674조 AI 인프라 판 짠다",기업의 수주 잔고를 견인하는 직접 촉매로 작용한다. 인공지능 가속기 1기당 탑재되는 고대역폭 메모리... 한국 기업들은 미국 테일러 파운드리 공장과 인디애나 첨단 패키징 공장의 가동 시점을 조율하면서 한국 내 용인... ,https://www.g-enews.com/view.php?ud=202610041020044299fbbec65dfb_1,https://www.g-enews.com/view.php?ud=202610041020044299fbbec65dfb_1,"Sun, 04 Oct 2026 10:46:00 +0900",2026-10-05 10:44:51
반도체,파운드리 수주,"삼성전자, 분기 영업익 첫 100조원 넘본다",두 회사 모두 시장 평균 전망치를 밑도는 수준이다. 시스템LSI와 파운드리사업부는 이번에도 적자가 예상돼 적자 폭 축소 여부에 관심이 쏠린다. 파운드리는 글로벌 빅테크 수주가 이어지고 있지만 매출 반영까지... ,https://www.sidae.com/article/2026100409352639412,https://n.news.naver.com/mnews/article/417/0001160021?sid=101,"Sun, 04 Oct 2026 10:08:00 +0900",2026-10-05 10:44:51
반도체,파운드리 수주,"&quot;AI 반도체, 지금 사도 될까?&quot;…ETF 이름보다 '무엇을 담았나'부터 봐야...","삼성전자는 HBM뿐 아니라 범용 DRAM과 낸드, 파운드리, 모바일 등 사업구조가 훨씬 다양하기 때문에 주가를... 다만 소부장 기업은 규모가 작기 때문에 수주 하나가 실적에 미치는 긍정적인 영향도 크지만, 반대로... ",https://news.ifm.kr/news/articleView.html?idxno=480837,https://news.ifm.kr/news/articleView.html?idxno=480837,"Sun, 04 Oct 2026 09:30:00 +0900",2026-10-05 10:44:51
반도체,파운드리 수주,"삼성전자, 분기 영업이익 100조 시대 '예약'…이번 주 3Q 실적 발표",최근 삼성전자 파운드리는 글로벌 빅테크로부터 대규모 수주를 계속하고 있지만 실제 매출로 이어지려면 시간이 다소 걸린다는 관측이 많다. 한진만 파운드리 사업부장(사장)은 흑자 달성 시점을 2028년으로... ,https://www.news1.kr/industry/general-industry/6309563,https://n.news.naver.com/mnews/article/421/0009208583?sid=101,"Sun, 04 Oct 2026 06:37:00 +0900",2026-10-05 10:44:51
반도체,파운드리 수주,"원전 파운드리, 반도체 신화 이을까…K기업, 美 심장부 뚫는다 [분석+]",대미투자 프로젝트가 원전과 국내 발전 기자재 등 기업에 수주 기회가 될 수 있다는 증권가 전망이 나왔다.... 문제는 미국과 한국 정부가 발표한 사업의 확정 수준에 차이가 있다는 점이다. 한국 정부가 투자를 확정한... ,https://www.hankyung.com/article/2026100179916,https://n.news.naver.com/mnews/article/015/0005338887?sid=101,"Sat, 03 Oct 2026 16:44:00 +0900",2026-10-05 10:44:51
반도체,파운드리 수주,실적 호조에 전장화 바람… 자동차부품주 매수 온기 확산,"시장에선 수주 확대와 영업이익률 개선이 가시화된 종목을 중심으로 자금이 모였다. 한국거래소에 따르면... 서연이화, 엣지파운드리, 현대공업도 오름세를 보였다. 서연이화는 내장재 모듈의 해외 공장 가동률 상승으로... ",https://www.pinpointnews.co.kr/news/articleView.html?idxno=492446,https://www.pinpointnews.co.kr/news/articleView.html?idxno=492446,"Sat, 03 Oct 2026 11:56:00 +0900",2026-10-05 10:44:51
반도체,파운드리 수주,설계 50배 빨라져도 최종 승인은 인간 몫… 칩 설계 '자율 AI' 상용화 격...,삼성전자 파운드리 사업부와 디자인솔루션파트너 연합군은 복잡한 칩 설계 완료 주기를 줄여 글로벌 빅테크 수주전에서 속도 경쟁력을 확보할 수 있다. 멀티다이와 2.5차원·3차원 첨단 패키징 설계 과정에서 검증 병목을... ,https://www.g-enews.com/view.php?ud=202610031133498734fbbec65dfb_1,https://www.g-enews.com/view.php?ud=202610031133498734fbbec65dfb_1,"Sat, 03 Oct 2026 11:36:00 +0900",2026-10-05 10:44:51
반도체,파운드리 수주,&quot;삼전닉스보다 더 뜨겁다&quot;…마이크론 깜짝 실적에 뜨는 소부장[종목e슈...,시장 예상치인 510억달러 수준을 웃도는 실적이다. 조정 주당순이익(EPS)도 33.42달러로 시장 기대치를... 글로벌 파운드리 업체들의 첨단 패키징 투자와 메모리 제조사들의 HBM 증설이 동시에 확대되면서 관련 장비... ,https://www.edaily.co.kr/News/Read?newsId=01807286645609312&mediaCodeNo=257&utm_source=naver&utm_medium=referral&utm_campaign=news_syndication&utm_content=original_article,https://n.news.naver.com/mnews/article/018/0006380012?sid=101,"Sat, 03 Oct 2026 09:02:00 +0900",2026-10-05 10:44:51
반도체,파운드리 수주,"알투스 &quot;디지털자산 시스템 통합 설계, 지금이 골든타임&quot;","알투스가 최근 선보인 알투스 파운드리는 턴키(일괄 수주) 형태의 제품이다. 여러 디지털자산 사업 부서가 공통으로 활용하는 승인 정책, 블록체인, 고객확인(KYC) 및 자금세탁방지(AML) 솔루션, 내부 시스템 연동 등을 단일... ",https://www.hankyung.com/article/2026100202846,https://n.news.naver.com/mnews/article/015/0005338744?sid=101,"Fri, 02 Oct 2026 18:13:00 +0900",2026-10-05 10:44:51
반도체,파운드리 수주,&quot;데이터센터 하나에 부품 3억개?&quot;…숨은 수혜주 따로 있었다,"파운드리(반도체 수탁생산)에서 웨이퍼 가공이 끝난 뒤 초미세 회로와 고성능 칩을 연결해 패키징할 때 반드시 사용되는 핵심 부품이 FC-BGA다. 삼성전기, LG이노텍이 제조하는 FC-BGA 기판을 안정적으로 확보하느냐가... ",https://www.hankyung.com/article/2026100210511,https://n.news.naver.com/mnews/article/015/0005338709?sid=101,"Fri, 02 Oct 2026 17:48:00 +0900",2026-10-05 10:44:51
반도체,파운드리 수주,피에스케이 15만원대로 하락…반도체 세정장비 수요 점검,메모리와 파운드리 투자가 확대돼도 분기별 실적 변동이 클 수 있다. 피에스케이는 반도체 제조공정의... 설명회에서 제시된 전망과 이미 확정된 수주·매출은 구분해 확인할 필요가 있다. 주가가 저가에서 반등했지만... ,https://www.job-post.co.kr/news/articleView.html?idxno=230523,https://www.job-post.co.kr/news/articleView.html?idxno=230523,"Fri, 02 Oct 2026 14:34:00 +0900",2026-10-05 10:44:51
반도체,파운드리 수주,TSMC 2나노 '배짱 인상' 풍선효과… 삼성·SK에 번진 득실 계산,변수&quot;라며 &quot;삼성 파운드리가 이번 공급 부족 국면을 틈타 2나노 수율 검증을 끝내고 대형 수주를 따내는 동시에 메모리 부문에서는 HBM4 공급 주도권을 선점해 세트 부문의 원가 충격을 방어해 내는 정교한 전략이... ,https://www.ddaily.co.kr/page/view/2026100214025684803,https://n.news.naver.com/mnews/article/138/0002243506?sid=105,"Fri, 02 Oct 2026 14:18:00 +0900",2026-10-05 10:44:51
반도체,파운드리 수주,"삼성전자, 27만원대서 숨 고르기…AI 반도체 협력 확대",협업의 생산성 개선 효과와 메모리·파운드리 수주 흐름이 향후 실적에 반영되는지가 관건이다. 전일 종가를 역산하면 27만6000원다. 현재가는 장중 고가보다 0.5% 낮고 저가보다 1.5% 높다. 당일 등락과 최근 기업... ,https://www.job-post.co.kr/news/articleView.html?idxno=230440,https://www.job-post.co.kr/news/articleView.html?idxno=230440,"Fri, 02 Oct 2026 13:30:00 +0900",2026-10-05 10:44:51
반도체,파운드리 수주,9개월 만에 칩 찍어낸 인공지능… 회로 베끼기 덫에 걸려 수천 개 양산...,삼성전자 파운드리 사업부는 첨단 2나노미터 공정에서 턴키 수주 경쟁력을 높이고자 '삼성 첨단 파운드리 에코시스템' 파트너십을 통해 엄격히 검증된 설계자산만을 공급해 왔다. 만약 고객사가 개발 기간 단축에만... ,https://www.g-enews.com/view.php?ud=202610020920556446fbbec65dfb_1,https://www.g-enews.com/view.php?ud=202610020920556446fbbec65dfb_1,"Fri, 02 Oct 2026 09:32:00 +0900",2026-10-05 10:44:51
반도체,파운드리 수주,"&quot;자체 기술이라더니 타사 제품 유통?&quot;…링크솔루션, 금감원 투서에 '진...",제보자는 링크솔루션이 대형 수주를 통해 매출 외형을 키웠으나 매입가와 관세·운송·설치비 부담으로... 링크솔루션 관계자는 &quot;대전 3D 프린터 파운드리 공장을 신축하는 과정에서 인건비와 제조 경비성 비용이 대폭... ,https://www.insidevina.com/news/articleView.html?idxno=44184,https://www.insidevina.com/news/articleView.html?idxno=44184,"Fri, 02 Oct 2026 09:12:00 +0900",2026-10-05 10:44:51
2차전지,2차전지 주가,삼전 실적 기대감 커진 코스피… 금리·유가 상승폭 가른다 [주간증시전...,코스닥은 지난주 5거래일 연속 상승하며 주간 기준 6% 가까이 올랐다. 증권가에서는 이번 주 증시에 영향을... 중심으로 대응하는 가운데 2차전지와 방산도 주목할 필요가 있다&quot;고 조언했다. 유은정 기자 viayou@chosunbiz.com,https://it.chosun.com/news/articleView.html?idxno=2023092171305,https://it.chosun.com/news/articleView.html?idxno=2023092171305,"Mon, 05 Oct 2026 06:10:00 +0900",2026-10-05 10:44:51
2차전지,2차전지 주가,코스닥 900선 터치에 레버리지 ETF '활짝'…한 주 16%↑,바이오와 2차전지 등 코스닥 주요 업종이 동반 강세를 보이며 지수 상승에 힘을 보탰다. 코스닥 지수는 지난 2일 장중 903.49까지 오르며 900선을 돌파하기도 했다.다만 연초 이후 수익률은 여전히 부진하다. 주간... ,https://news.mtn.co.kr/news-detail/2026100422205847399,https://news.mtn.co.kr/news-detail/2026100422205847399,"Mon, 05 Oct 2026 06:00:00 +0900",2026-10-05 10:44:51
2차전지,2차전지 주가,제동 걸린 코스닥 '기업 솎아내기'…퇴출 피했지만 탈출도 막혔다,"2차전지 부품기업 에이에프더블류도 이날 같은 시간 정리매매가 중단됐다. 이 회사는 6일까지 정리매매를... 4일 기준 시총 200억원 미만 코스닥시장 상장사는 72곳, 주가 1000원 미만인 ‘동전주’는 44곳이다. 시총이나... ",https://www.hankyung.com/article/2026100427121,https://n.news.naver.com/mnews/article/015/0005339081?sid=101,"Sun, 04 Oct 2026 18:20:00 +0900",2026-10-05 10:44:51
2차전지,2차전지 주가,"네패스, AI 시대 반도체 패키징 정조준…WLP·FOWLP 경쟁력 부각","한국IR협의회는 네패스의 WLP·FOWLP 기반 첨단 패키징 기술과 전자재료, 2차전지 부품 사업 등을 주요 사업 특징으로 제시했다. 별도의 목표주가와 투자의견은 제시하지 않았다.",https://www.pinpointnews.co.kr/news/articleView.html?idxno=492601,https://www.pinpointnews.co.kr/news/articleView.html?idxno=492601,"Sun, 04 Oct 2026 17:10:00 +0900",2026-10-05 10:44:51
2차전지,2차전지 주가,"상신이디피, 원형CAN 넘어 중대형CAN 확대… 2차전지 후방산업 주목","상신이디피가 전기차와 에너지저장장치(ESS), 전동공구 등에 들어가는 2차전지용 CAN 부품을 앞세워 배터리... 적용처를 주요 사업 특징으로 제시했다. 상신이디피에 대한 별도의 목표주가와 투자의견은 제시하지 않았다.",https://www.pinpointnews.co.kr/news/articleView.html?idxno=492600,https://www.pinpointnews.co.kr/news/articleView.html?idxno=492600,"Sun, 04 Oct 2026 17:06:00 +0900",2026-10-05 10:44:51
2차전지,2차전지 주가,&quot;블루 웨이브 오면 '이 종목' 뜬다&quot;…깜짝 전망에 개미 '들썩' [노정동의...,"국내 2차전지 섹터는 지난해 OBBBA 법안과 트럼프 대통령의 행정명령 서명 이후 주가가 급락했다. 우선 전임 조 바이든 정부가 제시한 2030년 전기차 판매 50% 목표 의무화 명령을 공식 폐기했고, 2차전지 주요 전방 시장인... ",https://www.hankyung.com/article/2026100299796,https://n.news.naver.com/mnews/article/015/0005338964?sid=101,"Sun, 04 Oct 2026 13:01:00 +0900",2026-10-05 10:44:51
2차전지,2차전지 주가,롯데에너지머티리얼즈 18%대 급등…대주전자재료·SK이노베이션 등 전고...,국내 2차전지 전고체 관련주들이 지난 2일 정규장에서 일제히 강세를 나타냈다.... 최근 전고체 배터리 상용화에 대한 기대가 이어지면서 관련 소재와 장비 종목의 주가가 개별 재료와 수급에 따라 민감하게... ,https://www.cbci.co.kr/news/articleView.html?idxno=612293,https://www.cbci.co.kr/news/articleView.html?idxno=612293,"Sun, 04 Oct 2026 11:34:00 +0900",2026-10-05 10:44:51
2차전지,2차전지 주가,철강은 회복세인데 연결 실적은 주춤…POSCO홀딩스 반전 열쇠는?,"신한투자증권은 최근 보고서에서 POSCO홀딩스의 주가가 본격적으로 재평가받기 위해서는 투자한 리튬... 전기차와 배터리 산업의 성장에 대응하기 위해 리튬을 비롯한 2차전지 소재 사업에 대한 투자를 확대해왔고, 이제... ",https://www.pinpointnews.co.kr/news/articleView.html?idxno=492541,https://www.pinpointnews.co.kr/news/articleView.html?idxno=492541,"Sun, 04 Oct 2026 09:36:00 +0900",2026-10-05 10:44:51
2차전지,2차전지 주가,중국 경기부양 기대에 화학주 꿈틀…2차전지·태양광 소재도 '방긋',기대가 주가에 반영됐다. OCI홀딩스는 6.79% 오른 23만6000원에 장을 마감했다. 폴리실리콘을 비롯한 태양광 소재 업황이 회복될 경우 실적 개선 폭이 커질 수 있다는 기대도 투자심리에 영향을 미쳤다. 2차전지 소재주에도... ,https://www.pinpointnews.co.kr/news/articleView.html?idxno=492445,https://www.pinpointnews.co.kr/news/articleView.html?idxno=492445,"Sat, 03 Oct 2026 11:46:00 +0900",2026-10-05 10:44:51
2차전지,2차전지 주가,코스피 지지부진 '박스피' 갇혔는데...&quot;27% 뛰었다&quot; 이 종목 급등[김근희...,"이 기간 코스피에서 가장 많이 상승한 종목(시가총액 1조원 이상, 주간 거래대금 1000억원 이상 기준)은 이수스페셜티케미컬로 상승률 27.12%를 기록했다. 이수스페셜티케미컬은 정밀화학과 전고체전지소재 사업을... ",https://www.mt.co.kr/stock/2026/10/03/2026100217065064516,https://n.news.naver.com/mnews/article/008/0005421812?sid=101,"Sat, 03 Oct 2026 08:00:00 +0900",2026-10-05 10:44:51
2차전지,2차전지 주가,"미국증시, 고용 둔화에 상승…금리 재반등에도 반도체·테슬라 강세",AP와 MarketWatch 모두 고용 둔화가 추가 금리 인상 경계를 완화하면서 주가 상승을 뒷받침했다고 평가했다.... 10년물 수익률이 장중 하락분을 모두 되돌렸기 때문에 코스닥 성장주·바이오·인터넷·2차전지는 미국... ,https://www.topstarnews.net/news/articleView.html?idxno=16235705,https://www.topstarnews.net/news/articleView.html?idxno=16235705,"Sat, 03 Oct 2026 07:18:00 +0900",2026-10-05 10:44:51
2차전지,2차전지 주가,코스피는 7000에서 고군분투하는데… 개미는 '이것' 담아 수익률 '쑥',한 주 간 'KODEX 삼성전자단일종목레버리지'·'KODEX SK하이닉스단일종목레버리지'와 KODEX 200선물인버스2X... 또 'KODEX 2차전지산업레버리지'를 새로 포트폴리오에 편입하며 3.13%의 실현수익률을 올렸다. 주중... ,https://www.mt.co.kr/stock/2026/10/03/2026100216485999229,https://n.news.naver.com/mnews/article/008/0005421799?sid=101,"Sat, 03 Oct 2026 07:00:00 +0900",2026-10-05 10:44:51
2차전지,2차전지 주가,[주간 코스닥 외국인] 반도체 집중 매수…주성엔지니어링·심텍에 뭉칫...,"에코프로와 에코프로비엠 등 2차전지 관련주를 비롯해 고영, 파마리서치, 레인보우로보틱스, 인텍플러스... 특히 순매수 상위권에 반도체와 장비주가 대거 포진한 가운데 일부 반도체 종목은 순매도 상위권에도 포함돼... ",https://www.pinpointnews.co.kr/news/articleView.html?idxno=492413,https://www.pinpointnews.co.kr/news/articleView.html?idxno=492413,"Sat, 03 Oct 2026 06:58:00 +0900",2026-10-05 10:44:51
2차전지,2차전지 주가,[베스트&amp;워스트] 코스피 1% 하락에도 티엠씨 29% 상승…정리매매 부산주...,이투데이=정수천 기자 | 코스피 지수가 한 주간 1% 넘게 하락한 가운데 2차전지·전고체 배터리와 인쇄회로기판(PCB) 등 일부 소재·부품주에는 강한 순환매가 유입됐다. 반면 상장폐지를 앞두고 정리매매에 들어간... ,https://www.etoday.co.kr/news/view/2632155,https://www.etoday.co.kr/news/view/2632155,"Sat, 03 Oct 2026 06:02:00 +0900",2026-10-05 10:44:51
2차전지,2차전지 주가,미국증시 고용둔화에 장초반 급등…금리·유가 하락에 AI반도체 강세,"최근 실적에서 기록적인 매출과 강한 메모리 수요 전망을 내놨음에도 주가는 실적 기대치가 이미... 금리 측면에서는 10년물이 5.34%에서 5.1%대로 내려온 흐름이 유지될 경우 코스닥과 인터넷, 바이오, 2차전지 등... ",https://www.topstarnews.net/news/articleView.html?idxno=16235479,https://www.topstarnews.net/news/articleView.html?idxno=16235479,"Fri, 02 Oct 2026 22:50:00 +0900",2026-10-05 10:44:51
2차전지,2차전지 주가,“지금 시장 떠나면 백전백패…AI 병목·채권 투자 등으로 버틸 때” [헤...,"▶AI 코어는 견고…‘병목·AI 묻은 섹터’ 주목 = 이들은 최근 반도체, 빅테크 업체들의 주가 조정에도... 높다”며 “2차전지나 메타버스가 스토리 중심이었다면, 현재 반도체는 실질적인 ‘숫자(실적)’가 뒷받침되고... ",https://biz.heraldcorp.com/article/10892268?ref=naver,https://n.news.naver.com/mnews/article/016/0002705061?sid=101,"Fri, 02 Oct 2026 20:41:00 +0900",2026-10-05 10:44:51
2차전지,2차전지 주가,SK하이닉스도 2차전지도 아니다…9월 기관이 쏟아부은 국장 '1위 종목',"기관 매수 1위 종목인 삼성전자의 2026년 10월 1일 정규장 마감 기준 주가는 27만 6000원이며 시가총액은... 주가수익비율은 12.38배, 주가순자산비율은 3.21배를 기록했다. 52주 최저가는 8만 6500원이었으나... ",https://www.wikitree.co.kr/articles/1163340,https://www.wikitree.co.kr/articles/1163340,"Fri, 02 Oct 2026 19:54:00 +0900",2026-10-05 10:44:51
2차전지,2차전지 주가,"[EBN 오늘(2일) 이슈 종합] 호반 김대헌 호반건설 이사회 의장 내정, 철...",마이크론의 호실적과 국내 반도체 수출 호조로 업황 개선 기대가 커지면서 반도체 소부장주가 강세를 보인 데 이어 바이오와 2차전지 등 성장주까지 동반 상승했다. 대형주에 집중됐던 매수세가 코스닥 중소형주로... ,https://www.ebn.co.kr/news/articleView.html?idxno=1726640,https://www.ebn.co.kr/news/articleView.html?idxno=1726640,"Fri, 02 Oct 2026 19:18:00 +0900",2026-10-05 10:44:51
2차전지,배터리 산업,"조선소·항만도 전기로…HD현대, 국내 최대 18톤 지게차 출시",하지만 산업 현장의 탄소배출 감축 요구와 환경 규제가 강화되면서 생산성을 유지하면서 배출가스를 줄일 수 있는 대형 전동 장비 수요가 커지고 있다. HD현대사이트솔루션은 고전압 배터리 시스템과 급속 충전 기술을... ,http://www.4th.kr/news/articleView.html?idxno=2119203,http://www.4th.kr/news/articleView.html?idxno=2119203,"Mon, 05 Oct 2026 10:20:00 +0900",2026-10-05 10:44:52
2차전지,배터리 산업,변압기만 웃는게 아니다…AIDC가 다시 매긴 ‘K기술 몸값’,"인공지능 데이터센터(AIDC) 열풍 속 산업 곳곳에 자리하던 국내 기술들이 새로운 가치를 인정받고 있다. AIDC... UC와 SC는 전기를 저장했다가 필요할 때 빠르게 방출하는 커패시터의 일종으로, 일반 배터리보다 짧은... ",https://economist.co.kr/article/view/ecn202609290026,https://n.news.naver.com/mnews/article/243/0000103869?sid=101,"Mon, 05 Oct 2026 10:01:00 +0900",2026-10-05 10:44:52
2차전지,배터리 산업,"HD현대사이트솔루션, 국내 최대 18톤 전동지게차 첫선",기존 내연기관 장비 수준의 강력한 출력과 함께 탄소 배출 저감 효과까지 더해 조선소와 항만 등 산업... 고전압 배터리 시스템을 기반으로 필요한 출력을 안정적으로 확보하면서 전동모터 성능을 높여 내연기관... ,http://www.newstomato.com/ReadNews.aspx?no=1315638&inflow=N,http://www.newstomato.com/ReadNews.aspx?no=1315638&inflow=N,"Mon, 05 Oct 2026 09:58:00 +0900",2026-10-05 10:44:52
2차전지,배터리 산업,[굿모닝퓨처] 에너지는 지속가능한가: 한국 사회의 에너지 전환,"재생에너지, 에너지 효율 산업, 전기차, 저장장치(배터리), 스마트그리드, 분산형 전원은 새로운 성장동력이 될 수 있습니다. 이미 세계 주요국들은 탄소중립을 산업정책과 결합하여 경쟁력을 확보하려 하고 있습니다.... ",https://www.goodmorningcc.com/news/articleView.html?idxno=453422,https://www.goodmorningcc.com/news/articleView.html?idxno=453422,"Mon, 05 Oct 2026 09:48:00 +0900",2026-10-05 10:44:52
2차전지,배터리 산업,LG전자 AS센터를 '폐배터리 회수 거점'으로… 34만 개 모았다,"버린 배터리 속 니켈·리튬, 다시 산업 원료로 수거한 폐배터리를 분해해 니켈과 리튬, 코발트, 망간 등 다시 사용할 수 있는 금속을 회수한다.  LG전자에 따르면 코드제로 A9S 폐배터리 한 개(약 450g)에서는 니켈 31.91g... ",https://www.greenpostkorea.co.kr/news/articleView.html?idxno=307594,https://www.greenpostkorea.co.kr/news/articleView.html?idxno=307594,"Mon, 05 Oct 2026 09:26:00 +0900",2026-10-05 10:44:52
2차전지,배터리 산업,휴머노이드가 바꾸는 산업 현장 풍경…제조 데이터가 경쟁력 좌우,"배터리·완성차·반도체·조선 등 한국 첨단 제조 현장을 글로벌 테스트베드로 피지컬 AI(물리인공지능)의 등장으로 휴머노이드 로봇의 산업 현장 투입이 늘어나면서 글로벌 주도권 경쟁이 심화하는 가운데, 한국의... ",https://kidd.co.kr/news/247612,https://kidd.co.kr/news/247612,"Mon, 05 Oct 2026 09:16:00 +0900",2026-10-05 10:44:52
2차전지,배터리 산업,과기대 최정예 딥테크 창업팀 12곳…30일 코엑스서 왕중왕 가린다,밀리트랙은 산업 현장의 자율이동로봇(AMR)이 시야를 잃는 상황을 겨냥했다. 기존 AMR은 주로 라이다(LiDAR)와... 태그는 배터리 하나로 최대 20년간 사용할 수 있어 별도의 배선 공사도 필요하지 않다. 비달소닉은... ,https://www.mt.co.kr/tech/2026/10/05/2026100209134031765,https://n.news.naver.com/mnews/article/008/0005422043?sid=105,"Mon, 05 Oct 2026 09:00:00 +0900",2026-10-05 10:44:52
2차전지,배터리 산업,문화비축기지에 펼쳐진 포르쉐 78년…'바이브 서울'서 과거·현재·미래...,"과거 석유를 저장하던 산업시설 곳곳에는 클래식카와 레이싱카, 최신 전기차가 나란히 자리했고 음악... 최대 390kW, 특정 조건에서는 400kW급 급속충전을 지원하며 배터리 잔량 10%에서 80%까지 충전하는 데 약 16분이... ",https://www.wolyo.co.kr/news/articleView.html?idxno=318649,https://www.wolyo.co.kr/news/articleView.html?idxno=318649,"Mon, 05 Oct 2026 09:00:00 +0900",2026-10-05 10:44:52
2차전지,배터리 산업,"엔아이티코리아, 필터교체 및 유지관리 부담 줄인 ‘OVAC 외기냉방 시스...","최근 AI 데이터센터를 비롯해 배터리, 바이오, 반도체 등 24시간 안정적인 온도 관리와 높은 수준의 공기질 관리가 요구되는 산업시설이 증가하면서 냉방에너지 절감과 실내 공기질 관리가 주요 과제로 떠오르고... ",https://www.dt.co.kr/article/12087189?ref=naver,https://n.news.naver.com/mnews/article/029/0003051367?sid=101,"Mon, 05 Oct 2026 09:00:00 +0900",2026-10-05 10:44:52
2차전지,배터리 산업,"&quot;전 세계 전력망 흔드는 배터리 패권&quot;… 中, 글로벌 ESS 시장 '95% 독식'","거대 내수 시장이 키운 산업 생태계… 배터리 수명 '5,000회→1만5,000회' 비약 중국의 독점력은 강력한 내수 진흥 정책과 기술 고도화가 결합된 결과물이다. 중국 정부(국가발전개혁위원회·국가에너지국)는 지난... ",https://www.g-enews.com/view.php?ud=2026100508415232750c8c1c064d_1,https://www.g-enews.com/view.php?ud=2026100508415232750c8c1c064d_1,"Mon, 05 Oct 2026 08:44:00 +0900",2026-10-05 10:44:52
2차전지,배터리 산업,[뉴스락 특별기획] 전기차 지원의 변화... 구매보조 넘어 산업·공급망까...,"있는 산업환경을 함께 살펴야 한다는 것이다. 중국 기업과의 경쟁도 과제로 꼽았다. 김 교수는 중국의 전기차 가격경쟁력뿐 아니라 배터리와 충전기술, 인공지능, 자율주행 등 미래차 분야의 경쟁력이 빠르게 높아지고... ",http://www.newslock.co.kr/news/articleView.html?idxno=137393,http://www.newslock.co.kr/news/articleView.html?idxno=137393,"Mon, 05 Oct 2026 08:34:00 +0900",2026-10-05 10:44:52
2차전지,배터리 산업,[초점]한국판 IRA서 제외된 전기차…&quot;국내 생산기반 보호&quot; vs &quot;신중 검토...,"전기차산업은  배터리, 전장, 부품, 모터, 철강, 금형, 센서, 반도체, 소프트웨어, 소재, 물류를 아우르며 전후방 산업의 생산과 고용에 미치는 파급효과가 엄청나게 큰 전략제조업이라는 이유에서다. 특히 배터리, 전장... ",https://www.taxtimes.co.kr/news/article.html?no=277153,https://www.taxtimes.co.kr/news/article.html?no=277153,"Mon, 05 Oct 2026 08:32:00 +0900",2026-10-05 10:44:52
2차전지,배터리 산업,포르쉐코리아 마티아스 부세 대표 &quot;포르쉐에 대한 열정이 사람들을 모은...,| 스마트비즈 = 김종훈 기자 | 공기로 엔진을 식히는 옛 스포츠카와 배터리로 달리는 새 SUV가 한자리에... &quot;서울에서만 가능한 방식&quot;···산업유산 속에 모인 포르쉐 부세 대표는 2년 전 포르쉐코리아에 합류했을 때... ,https://www.smartbizn.com/news/articleView.html?idxno=155538,https://www.smartbizn.com/news/articleView.html?idxno=155538,"Mon, 05 Oct 2026 08:30:00 +0900",2026-10-05 10:44:52
2차전지,배터리 산업,"그린란드, 중국 틀어쥔 희토류·갈륨 대체할까… 105t의 승부수",특수 배터리 소재인 바나듐 등 대규모 광석 시료를 확보했다. 중국의 핵심광물 통제 속에 북극권 대체 산지의 상업화 가능성에 산업계 시선이 쏠리지만 실제 공급 능력 검증은 초기 단계라는 평가가 나온다. 미국... ,https://www.g-enews.com/view.php?ud=20261005040045226420990b2dc5_1,https://www.g-enews.com/view.php?ud=20261005040045226420990b2dc5_1,"Mon, 05 Oct 2026 07:48:00 +0900",2026-10-05 10:44:52
2차전지,배터리 산업,"[논단] 국가 에너지전략, 수급 조절 유연성과 적응성 필요","셋째, 에너지저장 기술개발을 배터리 중심에서 장주기·장시간·다중에너지 저장으로 확대하고, 압축기, 터빈, 열교환기, 전력변환장치, 전력반도체 등 국내 산업기반과 연계해야 한다. 에너지 안보와 탄소중립은 공급망... ",https://www.koscaj.com/news/articleView.html?idxno=326784,https://www.koscaj.com/news/articleView.html?idxno=326784,"Mon, 05 Oct 2026 07:00:00 +0900",2026-10-05 10:44:52
2차전지,배터리 산업,"폐자원 회수부터 여권 제도까지…삼성·SK·LG, 배터리 순환경제 속도","삼성SDI 관계자는 &quot;RE100과 배터리 여권은 배터리 산업의 경쟁 기준을 성능과 가격 중심에서 탄소, 공급망 투명성, 데이터 관리 역량으로 넓히고 있다&quot;며 &quot;우수한 배터리 제조를 넘어 지속가능한 방식으로 만들고 이를... ",https://it.chosun.com/news/articleView.html?idxno=2023092171356,https://it.chosun.com/news/articleView.html?idxno=2023092171356,"Mon, 05 Oct 2026 07:00:00 +0900",2026-10-05 10:44:52
2차전지,배터리 산업,강석훈 율촌 대표변호사 “기술유출도 ‘간첩 행위’로 인식돼야 범죄 ...,최근 반도체·배터리·방위산업 분야에서 실제 벌어지는 여러 사건은 사실상 국가단위 경쟁의 대리전에 가깝다. 기업의 기술이 해외로 유출되는 건 국가경쟁력을 약화시키는 것으로 단순히 개인 간의 법익에 관한 범죄로만... ,https://www.segye.com/newsView/20261004509337?OutUrl=naver,https://n.news.naver.com/mnews/article/022/0004164067?sid=102,"Mon, 05 Oct 2026 06:04:00 +0900",2026-10-05 10:44:52
2차전지,리튬 시장,[AI 포커스] &quot;18개월 만에 725분의 1로 뚝&quot;…유례없는 AI 추론 비용 폭락...,"이 같은 하락 속도는 인간 유전체(DNA) 분석 기술보다 4배, 컴퓨터 연산력 발전보다 6배, 리튬이온... 보고서는 특히 새로운 최고 성능 모델이 시장에 등장한 직후 가격 하락이 가장 두드러진다고 분석했다. 최고 성능... ",https://www.cbci.co.kr/news/articleView.html?idxno=612289,https://www.cbci.co.kr/news/articleView.html?idxno=612289,"Mon, 05 Oct 2026 10:36:00 +0900",2026-10-05 10:44:53
2차전지,리튬 시장,"[그룹 PRS 진단 ④] 포스코, 자회사 지분율 낮췄지만…주가 위험은 3년 ...",포스코그룹은 지난 7월 'CEO 인베스터 데이'에서 자회사 지분 매각 대금을 포스코아르헨티나 리튬 3~4단계를... 한국신용평가는 최근 보고서에서 포스코그룹의 PRS에 대해 &quot;시장가격과 처분경로가 상대적으로 명확한... ,https://news.einfomax.co.kr/news/articleView.html?idxno=4437735,https://news.einfomax.co.kr/news/articleView.html?idxno=4437735,"Mon, 05 Oct 2026 08:02:00 +0900",2026-10-05 10:44:53
2차전지,리튬 시장,"삼성SDI, 美 골프카 1위 ‘이지고'에 3세대 배터리 공급…10년 동맹 이어...",장기간 축적한 실사용 데이터를 바탕으로 골프카와 저속전기차(LSV) 등 소형 모빌리티용 배터리 시장에서 추가 수주 기반을 넓힐 것으로 기대된다. 5일 이지고에 따르면 삼성SDI의 3세대 리튬이온배터리가... ,https://www.theguru.co.kr/news/article.html?no=107792,https://www.theguru.co.kr/news/article.html?no=107792,"Mon, 05 Oct 2026 07:52:00 +0900",2026-10-05 10:44:53
2차전지,리튬 시장,"플루언스·테슬라, 배터리 공급망 강화 총력…EVE파워·LG엔솔과 맞손",관세 리스크 돌파 및 원가 경쟁력 선점 노려 북미 현지화 및 다년간 공급 계약 체결로 시장 공략 가속화... 테슬라는 최근 LG에너지솔루션과 손잡고 43억 달러(약 5조 8000억원) 규모의 리튬인산철(LFP) 배터리 셀 구매... ,https://www.theguru.co.kr/news/article.html?no=107790,https://www.theguru.co.kr/news/article.html?no=107790,"Mon, 05 Oct 2026 07:32:00 +0900",2026-10-05 10:44:53
2차전지,리튬 시장,&quot;연비 규제 풀렸는데 왜?&quot;…GM이 테네시에 수조 쏟아붓는 진짜 속셈,GM은 해당 정책이 시장 현실에 부합하고 소비자 선택권을 보호하는 데 필요한 조치라고 공식 입장을 밝혔다.... GM은 이 시설을 전환하여 리튬·망간 풍부(LMR) 배터리 셀을 상업적으로 대량 생산할 계획이다. LMR 배터리... ,https://www.g-enews.com/view.php?ud=2026100506263127902bd56fbc3c_1,https://www.g-enews.com/view.php?ud=2026100506263127902bd56fbc3c_1,"Mon, 05 Oct 2026 06:40:00 +0900",2026-10-05 10:44:53
2차전지,리튬 시장,"LG에너지솔루션 폴란드 공장 LFP로 체질 전환, 김동명 유럽 ESS 시장 정조...",ESS 시장 공략에 속도를 낼지 주목된다. &lt;그래픽 비즈니스포스트&gt; 김동명 LG에너지솔루션 대표이사 사장이 빠르게 성장하는 유럽 지역의 에너지저장장치(ESS) 수요에 대응해 리튬·인산·철(LFP) 배터리 생산능력을... ,https://www.businesspost.co.kr/BP?command=article_view&num=448544,https://www.businesspost.co.kr/BP?command=article_view&num=448544,"Mon, 05 Oct 2026 06:02:00 +0900",2026-10-05 10:44:53
2차전지,리튬 시장,中이 파고든 소형 전기버스 시장…KGM커머셜 '이-스타나'로 틈새 공략,중국산이 강세를 보여온 국내 소형 전기버스 시장에 KGM커머셜(KGMC)이 '이-스타나'를 앞세워 도전장을... 이-스타나는 삼성SDI의 154.8kWh 리튬이온 배터리를 탑재해 1회 충전으로 328km를 달릴 수 있다. 시내버스 모델은... ,https://www.ebn.co.kr/news/articleView.html?idxno=1726560,https://www.ebn.co.kr/news/articleView.html?idxno=1726560,"Mon, 05 Oct 2026 06:02:00 +0900",2026-10-05 10:44:53
2차전지,리튬 시장,"중국, 2030년 전고체 배터리 양산 공식화…지리·니오 동맹 출범",또한 장수명 리튬 배터리의 1만 5000회 충방전 수명 달성과 선도 기업들의 PPB 수준 불량률 확보를 추진... 글로벌 배터리 패권 경쟁과 한국 산업 파급 영향 글로벌 전기차 배터리 시장에서 중국의 공세는 더욱 거세지고... ,https://www.g-enews.com/view.php?ud=2026100505530020382bd56fbc3c_1,https://www.g-enews.com/view.php?ud=2026100505530020382bd56fbc3c_1,"Mon, 05 Oct 2026 06:00:00 +0900",2026-10-05 10:44:53
2차전지,리튬 시장,"&quot;하얀 석유 자립 속도 낸다&quot;… 中 리튬 광산, 탄산리튬 매장 '105만 톤' ...","신규 리튬 매장지가 공식 확인됐다. 미국과 유럽연합(EU)이 인플레이션감축법(IRA)과 핵심원자재법(CRMA)을 통해 중국산 배터리 광물의 서방 공급망 배제를 추진하는 가운데, 중국은 내수 시장의 광대한 자체 매장량을... ",https://www.g-enews.com/view.php?ud=2026100416433298490c8c1c064d_1,https://www.g-enews.com/view.php?ud=2026100416433298490c8c1c064d_1,"Mon, 05 Oct 2026 05:26:00 +0900",2026-10-05 10:44:53
2차전지,리튬 시장,"비야디 시걸, 차체 3.78m→4.2m로 키우고 프렁크 첫 탑재",배터리 용량은 규제 문서 기준 30킬로와트시와 약 39.2킬로와트시 두 가지 리튬인산철 옵션이 기재되어 있다.... 현지매체는 비야디가 이처럼 다양한 기능을 추가하면서도 중국 시장 시작 가격을 환산 기준 약... ,https://www.g-enews.com/view.php?ud=2026100421041368092bd56fbc3c_1,https://www.g-enews.com/view.php?ud=2026100421041368092bd56fbc3c_1,"Mon, 05 Oct 2026 03:56:00 +0900",2026-10-05 10:44:53
2차전지,리튬 시장,테슬라도 풀지 못한 ‘건식전극’ 양산의 벽…대구 중소기업이 넘는다,다음 목표는 건식전극을 넘어 차세대 배터리 장비시장이다. 건식전극 장비 개발 과정에서 축적한 공정·장비 설계와 양산 대응 기술을 전고체와 리튬금속 배터리 제조장비로 확장한다는 구상이다. 내년 매출 목표는... ,https://www.yeongnam.com/web/view.php?key=20261004021561750,https://www.yeongnam.com/web/view.php?key=20261004021561750,"Sun, 04 Oct 2026 20:54:00 +0900",2026-10-05 10:44:53
2차전지,리튬 시장,中 배터리 7개사 점유율 73.3%⋯韓 3사는 12.7%로 3.9%p 하락,올해 1~8월 글로벌 전기차용 배터리 시장이 20% 가까이 성장했지만 한국과 중국 업체의 점유율 격차는... 중국 정부는 지난 9월1일부터 리튬이온 배터리 등에 2%의 소비세를 적용하기 시작했다. 2027년... ,https://www.autodaily.co.kr/news/articleView.html?idxno=600917,https://www.autodaily.co.kr/news/articleView.html?idxno=600917,"Sun, 04 Oct 2026 16:16:00 +0900",2026-10-05 10:44:53
2차전지,리튬 시장,韓 ESS·유럽 EV 수주전 재점화…K-배터리 물량 경쟁 [위클리배터리],"국내에서는 제3차 에너지저장장치(ESS) 중앙계약시장이 역대 최대 규모로 열렸고, 유럽에서는... LG에너지솔루션은 다가오는 3차 입찰에 대비해 충북 오창 에너지플랜트에서 2027년부터 연 1GWh 규모의 ESS용 리튬인산... ",https://www.ddaily.co.kr/page/view/2026100223325276488,https://n.news.naver.com/mnews/article/138/0002243618?sid=105,"Sun, 04 Oct 2026 12:01:00 +0900",2026-10-05 10:44:53
2차전지,리튬 시장,현대차 중국 시장 부활 가능할까...전용 모델 아이오닉V 가격 낮춰,"아이오닉V는 중국 시장을 겨냥한 아이오닉 브랜드의 첫 양상 모델로 지난 4월 베이징 모터쇼에서 처음... 중국 닝더스다이(CATL)의 리튬인산철(LFP) 배터리가 장착, 완충 시 최대 650km를 주행할 수 있다. 가격대만 놓고... ",https://www.raonnews.com/news/article.html?no=61619,https://www.raonnews.com/news/article.html?no=61619,"Sun, 04 Oct 2026 10:34:00 +0900",2026-10-05 10:44:53
2차전지,리튬 시장,[AI픽] &quot;AI 두뇌값 1년새 13분의 1&quot;…유례없는 가격 폭락,"6배, 리튬이온 배터리보다 18배 빠르다. 1973년 이전 100년간 전력 가격이 떨어진 속도와 비교하면 무려... 신모델 나오면 가격 더 빨리 붕괴…빅테크 '독점 이윤'도 짧아져 주목할 점은 새로운 최고 성능 모델이 시장에... ",https://www.yna.co.kr/view/AKR20261003037600017?input=1195m,https://n.news.naver.com/mnews/article/001/0016356377?sid=105,"Sun, 04 Oct 2026 10:33:00 +0900",2026-10-05 10:44:53
2차전지,전고체 배터리,차세대 기술 선점 나선 K배터리·태양광…글로벌 주도권 잡는다[초격차...,4일 업계에 따르면 국내 배터리 업체들은 에너지저장장치(ESS) 시장에서 사업 기반을 넓히는 동시에 리튬망간리치(LMR)와 전고체 배터리 등 차세대 기술 상용화에 속도를 내고 있다. LG에너지솔루션은 제너럴모터스(GM)... ,https://www.newsis.com/view/NISX20261002_0003812996,https://n.news.naver.com/mnews/article/003/0014232564?sid=101,"Sun, 04 Oct 2026 10:00:00 +0900",2026-10-05 10:44:54
2차전지,전고체 배터리,"전기차 시장 판도 바꿀 ‘게임체인저’… 車 업계, 전고체 배터리 개발...","현대차, 전고체 배터리 자체 개발 뜻 밝혀 日·中 완성차 기업들도 잇따라 ‘참전’ 개발 난이도 높고 비용 부담… 조기 상용화 힘들 듯 현대차를 비롯한 완성차 업체들이 전고체 배터리 개발에 전력을 쏟고 있다. 전고체... ",https://biz.chosun.com/industry/company/2026/10/04/SHN6Y3O5P5BX5C3Q4BDPMTHQZA/?utm_source=naver&utm_medium=original&utm_campaign=biz,https://n.news.naver.com/mnews/article/366/0001196039?sid=101,"Sun, 04 Oct 2026 06:08:00 +0900",2026-10-05 10:44:54
2차전지,전고체 배터리,"에코프로 그룹주, 주가 흐름은?…에코프로비엠 ↑, 에코프로에이치엔↓",에코프로 측에 따르면 에코프로비엠은 전고체 배터리 관련 밸류체인 구축을 추진하고 있다. 이날 주요 그룹주가 상승세로 연휴를 맞이한 만큼 개천절 연휴 이후 첫 거래일인 오는 6일에도 강세 흐름을 이어갈지... ,https://www.cbci.co.kr/news/articleView.html?idxno=612068,https://www.cbci.co.kr/news/articleView.html?idxno=612068,"Sat, 03 Oct 2026 09:16:00 +0900",2026-10-05 10:44:54
2차전지,전고체 배터리,[사설] 배터리 시장 커지는데 韓기업 부진…반전 총력전 나서야,"급팽창 중인 에너지저장장치(ESS)용 배터리, 차세대로 각광받는 전고체 배터리 개발 등에서도 한국보다 앞서 있다. 한국 배터리 3사는 2분기에 모두 흑자를 내며 기대를 키웠지만 점유율 추락에서 보듯 본질적인... ",https://www.hankyung.com/article/2026100210331,https://n.news.naver.com/mnews/article/015/0005338814?sid=110,"Sat, 03 Oct 2026 00:26:00 +0900",2026-10-05 10:44:54
2차전지,전고체 배터리,"여권 울산 제조업 '고도화'에 규제·예산 지원 확대, 현대차 4조 투자·...","삼성SDI는 울산에 전고체 배터리 생산거점과 에너지저장장치용 배터리 생산시설 투자를 추진하고 있으며 울산시는 기존 사업장의 부지와 전력, 공업용수 등 산업 기반을 바탕으로 실제 투자 유치에 공을 들이고 있다.... ",https://www.businesspost.co.kr/BP?command=article_view&num=448565,https://www.businesspost.co.kr/BP?command=article_view&num=448565,"Fri, 02 Oct 2026 17:08:00 +0900",2026-10-05 10:44:54
2차전지,전고체 배터리,첨단소재 힘주는 에코프로에이치엔···배터리 전문가 전진 배치 '승부...,향후 LMR 배터리와 전고체 등 차세대 배터리 소재 개발에도 나선다. 반도체 소재 분야에서도 사업 확대를 추진하고 있다. 반도체 전공정에 쓰이는 하드마스크 소재의 원료와 HBM(고대역폭메모리) 후공정 패키징용 디본딩 PI... ,https://www.sisajournal-e.com/news/articleView.html?idxno=424102,https://www.sisajournal-e.com/news/articleView.html?idxno=424102,"Fri, 02 Oct 2026 16:12:00 +0900",2026-10-05 10:44:54
2차전지,전고체 배터리,"[영상] 현대차, 전고체 배터리 끝까지 간다…'배터리 주도권' 승부수","만프레드 하러 현대자동차그룹 R&amp;D본부장이 최근 전고체 배터리 개발을 포기할 계획이 없다는 입장을 밝혔습니다. 이미 기존 리튬이온배터리의 성능이 빠르게 개선되고 있고, 전고체 배터리는 원재료와 제조비용이라는... ",https://www.theguru.co.kr/news/article.html?no=107672,https://www.theguru.co.kr/news/article.html?no=107672,"Fri, 02 Oct 2026 16:02:00 +0900",2026-10-05 10:44:54
2차전지,전고체 배터리,"자동차에서 ESS까지, 일본 중부지역 배터리 산업의 진화","□ 전고체전지, 자동차용 차세대 배터리 개발의 핵심 축 중부지역의 차세대 배터리 움직임에서 특히 주목되는 분야가 전고체전지다. 토요타는 2027~2028년 전고체전지의 실용화를 목표로 하고 있으며, 2025년 10월... ",http://dream.kotra.or.kr/kotranews/cms/news/actionKotraBoardDetail.do?SITE_NO=3&MENU_ID=80&CONTENTS_NO=2&bbsGbn=242&bbsSn=242&pNttSn=244473,http://dream.kotra.or.kr/kotranews/cms/news/actionKotraBoardDetail.do?SITE_NO=3&MENU_ID=80&CONTENTS_NO=2&bbsGbn=242&bbsSn=242&pNttSn=244473,"Fri, 02 Oct 2026 15:00:00 +0900",2026-10-05 10:44:54
2차전지,전고체 배터리,에코프로비엠 11만원대 약보합…ESS 양극재 성장성 점검,"9월에는 전고체 배터리 소재 밸류체인 구축 전략을 공개했고, 헝가리 공장 투자도 이어가고 있다. 성장 투자는 고객 확보와 가동률이 뒤따라야 실적으로 연결된다. ESS용 양극재 판매 증가는 전기차 수요 둔화를... ",https://www.job-post.co.kr/news/articleView.html?idxno=230490,https://www.job-post.co.kr/news/articleView.html?idxno=230490,"Fri, 02 Oct 2026 14:00:00 +0900",2026-10-05 10:44:54
2차전지,전고체 배터리,[삼성 인사 시그널]⑤전자3사 수장 재신임 무게…차기 리더 발굴 주목,"체질 개선의 성과가 가시화되는 시점인 만큼 취임 2년 차를 맞은 최 사장에게 북미 생산체제 재편과 에너지저장장치(ESS)용 배터리 공급 확대, 전고체 배터리 양산 준비를 계속 맡길 가능성이 크다. 후속 경영진으로는... ",https://www.bloter.net/news/articleView.html?idxno=674921,https://n.news.naver.com/mnews/article/293/0000091167?sid=101,"Fri, 02 Oct 2026 12:33:00 +0900",2026-10-05 10:44:54
2차전지,전고체 배터리,최상운·박종환 '새 사령탑' 에코프로…인니 BNSI 제련소로 성장동력 키...,황화물계 고체전해질과 전고체용 양극재 개발을 추진하며 차세대 플랫폼에 적합한 배터리 생산을 위해 포트폴리오를 확장하고 있다. 에코프로에이치엔의 사업 다각화도 본격화한다. 이차전지 양극 소재 분야에서... ,https://www.newsis.com/view/NISX20261002_0003812295,https://n.news.naver.com/mnews/article/003/0014229771?sid=101,"Fri, 02 Oct 2026 11:31:00 +0900",2026-10-05 10:44:54
2차전지,전고체 배터리,"북미 공장 정상화 날개 달았다… 롯데에너지머티리얼즈, 고부가 동박 공...","전고체 배터리 관련주로 분류되는 한농화성, 신성델타테크, 조일알미늄도 상승권에 머물고 있다. 대형 소재주와 원자재 관련주도 완만한 상승세를 나타내고 있다. 포스코퓨처엠, 성우하이텍, 고려아연이 오르는 가운데... ",https://www.pinpointnews.co.kr/news/articleView.html?idxno=492179,https://www.pinpointnews.co.kr/news/articleView.html?idxno=492179,"Fri, 02 Oct 2026 10:42:00 +0900",2026-10-05 10:44:54
2차전지,전고체 배터리,"2차전지 장비업계, 수주 모멘텀 속 체질 개선 집중… 투자 전략은?","이어 &quot;단순히 설비 증설 수혜에 기대기보다는 확실한 실적 증가율을 입증했거나, 고객사 다변화 및 차세대 배터리(전고체, 4680 폼팩터 등)용 전용 장비 수주 능력을 갖춘 업체를 중심으로 선별 투자하는 전략이 유효하다... ",https://www.pinpointnews.co.kr/news/articleView.html?idxno=492177,https://www.pinpointnews.co.kr/news/articleView.html?idxno=492177,"Fri, 02 Oct 2026 10:30:00 +0900",2026-10-05 10:44:54
바이오/헬스,바이오 주가,"특례상장 바이오, 주인이 바뀐다…생존부터 엑싯까지",특례상장 제도를 통해 코스닥에 입성한 바이오·헬스케어 기업들의 최대주주 교체가 올해 잇따르고 있다.... 2020년 성장성 특례로 코스닥에 입성한 이오플로우도 사업 정상화를 위한 자금 조달 과정에서 최대주주가... ,https://news.bizwatch.co.kr/article/healthcare/2026/10/02/0004,https://n.news.naver.com/mnews/article/648/0000051314?sid=101,"Mon, 05 Oct 2026 10:00:00 +0900",2026-10-05 10:44:55
바이오/헬스,바이오 주가,"빅테크 전력난 2030년까지 이어진다…JP모건, 혼조장 뚫을 10월 카드로 ...",양호한 재무 전망과 함께 메이요 클리닉과 체결한 조기 질병 진단 협력이 주가를 밀어 올렸다. JP모건 케이시 우드링 연구원은 진단 현장의 인공지능 기술 접목과 미국 정부의 바이오의약품 생산 본국 회귀 지원 계획이... ,https://www.g-enews.com/view.php?ud=202610050943148629fbbec65dfb_1,https://www.g-enews.com/view.php?ud=202610050943148629fbbec65dfb_1,"Mon, 05 Oct 2026 10:00:00 +0900",2026-10-05 10:44:55
바이오/헬스,바이오 주가,AI·반도체 쏠림에 제약주 ‘찬바람’...코스닥 제약 한 달 새 10% 급락,인공지능(AI)·반도체 관련주로 증시 자금이 집중된 데다 글로벌 금리 상승과 개별 기업의 악재까지 겹치면서 제약·바이오주가 상대적으로 소외된 것으로 풀이된다. 5일 금융정보서비스업체 연합인포맥스에 따르면 지난... ,https://www.m-economynews.com/news/article.html?no=71340,https://www.m-economynews.com/news/article.html?no=71340,"Mon, 05 Oct 2026 08:26:00 +0900",2026-10-05 10:44:55
바이오/헬스,바이오 주가,"담서원, 주식 담보 346억 대출…오리온 3세 승계 속 자금 용도는","그룹의 사업전략과 글로벌 사업, 신사업을 총괄하고 리가켐바이오 사내이사도 맡고 있다. 업계에서는... 주가가 크게 떨어지면 추가 담보 제공이나 일부 상환 요구가 생길 수 있다. 다만 다른 회사 주식이... ",https://www.peoplewatch.co.kr/article/view/ppw202610050003,https://www.peoplewatch.co.kr/article/view/ppw202610050003,"Mon, 05 Oct 2026 08:12:00 +0900",2026-10-05 10:44:55
바이오/헬스,바이오 주가,[그룹 PRS 진단 ③] LG화학의 똘똘한 선택…LG엔솔 주가상승에 '웃음',세금 및 재무 부담 완화한 전략적 선택 지난해 LG에너지솔루션 주식을 대규모로 매각하는 대신 주가수익... 아울러 LG화학은 PRS로 확보한 자금을 첨단소재와 바이오 등 신성장동력 투자 때문에 빌린 자금을 갚는... ,https://news.einfomax.co.kr/news/articleView.html?idxno=4437737,https://news.einfomax.co.kr/news/articleView.html?idxno=4437737,"Mon, 05 Oct 2026 08:02:00 +0900",2026-10-05 10:44:55
바이오/헬스,바이오 주가,"[그룹 PRS 진단 ①] SK, 7조 조달 국내 최대…배터리 집중된 잠재부담","온 주가수익스왑(PRS)이 향후 재무 부담으로 돌아올 가능성에 시장의 관심이 쏠린다. PRS는 직접 차입을... SK㈜의 SK이노베이션 신주와 SK바이오팜 구주 관련 거래가 2조8천억원, SK이노베이션의 SK온... ",https://news.einfomax.co.kr/news/articleView.html?idxno=4437736,https://news.einfomax.co.kr/news/articleView.html?idxno=4437736,"Mon, 05 Oct 2026 08:02:00 +0900",2026-10-05 10:44:55
바이오/헬스,바이오 주가,반도체로 돈 몰리자 제약주 ‘찬바람’…코스닥 제약 9월 10.51% 급락,"지난달 오름테라퓨틱 주가는 65.9%, 에이비엘바이오는 33.3% 하락했다. 업종 전반의 투자심리가 위축된 만큼 기업별 실적과 사업 경쟁력을 살펴야 한다는 분석이 나온다. 김선아 하나증권 연구원은 코스닥 승강제 도입이... ",https://www.kbmaeil.com/article/20261005500028,https://www.kbmaeil.com/article/20261005500028,"Mon, 05 Oct 2026 07:40:00 +0900",2026-10-05 10:44:55
바이오/헬스,바이오 주가,코스닥 수익률 꼴찌는 제약·바이오,일단 증시 자금이 AI(인공지능)와 반도체 관련주로 몰리면서 제약·바이오주 소외가 커졌다. 특히 코스닥 내에서도 반도체 소·부·장(소재·부품·장비)주가 주도주로 부상하며 강세를 자랑했다. 지난달 관련 종목이... ,http://www.smedaily.co.kr/news/articleView.html?idxno=364154,http://www.smedaily.co.kr/news/articleView.html?idxno=364154,"Mon, 05 Oct 2026 07:22:00 +0900",2026-10-05 10:44:55
바이오/헬스,바이오 주가,잘나가던 제약·바이오 왜 급락했나…&quot;이제 기업별 펀더멘털 봐야&quot;,올해 들어 제약·바이오주가 증시 주도주 경쟁에서 사실상 밀려난 모습이다. 가장 큰 원인으로는 증시 자금의 이동이 꼽힌다. 최근 투자자들의 관심이 AI와 반도체로 집중되면서 관련 종목에 매수세가 몰리고 있다.... ,https://www.pinpointnews.co.kr/news/articleView.html?idxno=492614,https://www.pinpointnews.co.kr/news/articleView.html?idxno=492614,"Mon, 05 Oct 2026 06:48:00 +0900",2026-10-05 10:44:55
바이오/헬스,바이오 주가,코스닥서 '이 업종' 죽쒔다...악재 겹쳐 연초 대비 30% '폭락',증시 자금이 AI·반도체 관련주로 쏠리면서 제약·바이오주가 상대적으로 소외받는 현상이 두드러지고 있다. 5일 금융정보서비스업체 연합인포맥스에 따르면 지난 한 달 코스닥 제약 업종지수는 10.51% 내렸다.... ,http://www.wowtv.co.kr/NewsCenter/News/Read?articleId=A202610050004&t=NN,https://n.news.naver.com/mnews/article/215/0001268175?sid=101,"Mon, 05 Oct 2026 06:40:00 +0900",2026-10-05 10:44:55
바이오/헬스,바이오 주가,코스닥 지난달 최악 수익률은 제약…금리·반도체 쏠림에 직격탄,"일단 증시 자금이 인공지능(AI)과 반도체 관련주로 쏠리면서 제약·바이오주 소외가 커졌다. 특히 코스닥 내에서도 반도체 소부장주가 주도주로 부상, 지난달 관련 종목이 포함된 기계/장비 업종은 같은 기간 14%, 전기... ",https://www.yna.co.kr/view/AKR20261003033300008?input=1195m,https://n.news.naver.com/mnews/article/001/0016357216?sid=101,"Mon, 05 Oct 2026 06:20:00 +0900",2026-10-05 10:44:55
바이오/헬스,바이오 주가,HLB가 던지는 메시지 &quot;특정 신약 좌절이 R&amp;D 역량 상실 아니다&quot;,못하면 주가는 급락했다. 신약 개발의 불확실성이 기업의 사업적 위험을 넘어 투자자들의 손실과 시장의 변동성으로 이어진 것이다. 이러한 불확실성은 HLB만의 문제가 아니다. 올해 국내 제약바이오 업계에서도... ,https://www.hitnews.co.kr/news/articleView.html?idxno=79614,https://www.hitnews.co.kr/news/articleView.html?idxno=79614,"Mon, 05 Oct 2026 06:10:00 +0900",2026-10-05 10:44:55
바이오/헬스,바이오 주가,[사설] R&amp;D 늘릴수록 불리한 바이오 상장 규제…손질 시급하다,하지만 올 들어 바이오기업 주가 하락으로 자금 조달 여건이 크게 악화됐다. 이 상황에 관리종목 지정까지 되면 유상증자나 전환사채 발행이 막혀 기술력 있는 기업도 유동성 위기에 빠질 수 있다. 적자를 줄이기 위해... ,https://www.hankyung.com/article/2026100426571,https://n.news.naver.com/mnews/article/015/0005339109?sid=110,"Mon, 05 Oct 2026 00:09:00 +0900",2026-10-05 10:44:55
바이오/헬스,바이오 주가,앤트로픽·릴리가 지목한 '이 회사'…AI신약붐에 주가 7배,특히 코로나19 팬데믹 당시 바이오 투자 열풍을 타고 주가는 2021년 1월 214.07달러까지 올랐지만 오래가지 못했다. 2022년 11월 공매도 업체 스콜피언캐피털이 가격 덤핑으로 고객을 끌어모은다는 보고서를 내자... ,https://www.mt.co.kr/stock/2026/10/04/2026100416350670564,https://n.news.naver.com/mnews/article/008/0005421983?sid=101,"Sun, 04 Oct 2026 19:30:00 +0900",2026-10-05 10:44:55
바이오/헬스,바이오 주가,"'큰손' 국민연금, 코스닥 투자 10조 넘었다",이후 반도체 소재·부품·장비 종목과 바이오주가 회복을 이끌면서 지난 2일에는 장중 903.88까지 상승했다. 장중 900선을 넘은 것은 7월 2일 이후 석 달 만이다. 다만 상승폭을 반납하면서 종가는 전 거래일보다 0.11... ,https://www.fnnews.com/news/202610041832201684,https://n.news.naver.com/mnews/article/014/0005584792?sid=101,"Sun, 04 Oct 2026 18:34:00 +0900",2026-10-05 10:44:55
바이오/헬스,바이오 주가,부진의 늪 빠진 바이오주…성장성 입증이 반등 조건,"주요 바이오 기업들은 4·4분기 주가 흐름을 좌우할 만한 사업 모멘텀을 앞두고 있다. 삼성바이오로직스는 바이오의약품 위탁개발생산(CDMO) 수요 확대와 5공장 가동률 상승, 추가 수주 성과가 주가 향방을 가를 변수다.... ",https://www.fnnews.com/news/202610041832140280,https://n.news.naver.com/mnews/article/014/0005584791?sid=101,"Sun, 04 Oct 2026 18:34:00 +0900",2026-10-05 10:44:55
바이오/헬스,바이오 주가,&quot;이러다 돈줄 다 막힐 판&quot;…신약 만들던 기업들 '초비상',"최근 바이오업계 주가 하락으로 전반적으로 자금조달이 어려워진 상황에서 관리종목 지정은 회사를 유동성 위기로 내몰 수 있다. 투자자들이 해당 기업을 부실 위험 기업으로 인식해 전환사채(CB) 발행, 유상증자 등을... ",https://www.hankyung.com/article/2026100425911,https://n.news.naver.com/mnews/article/015/0005339023?sid=105,"Sun, 04 Oct 2026 17:30:00 +0900",2026-10-05 10:44:55
바이오/헬스,제약 산업,&quot;지금이 내 집 마련 적기&quot; 분양가 상승세 속 '향남역 그로브 스위첸' 분...,"향남제약산업단지와 발안산업단지 등을 배후에 둔 향남은 풍부한 직주근접 수요에 비해 신규 공급이 드물었던 지역이다. 기존 단지들의 노후화가 심화한 상황에서 등장한 브랜드 아파트인 만큼, 기존 생활권을... ",https://www.getnews.co.kr/news/articleView.html?idxno=882596,https://www.getnews.co.kr/news/articleView.html?idxno=882596,"Mon, 05 Oct 2026 10:42:00 +0900",2026-10-05 10:44:56
바이오/헬스,제약 산업,"수주부터 기술수출까지…K-제약·바이오, CPHI서 해외 파트너 찾는다","CPHI는 원료·완제의약품부터 CDMO, 제약 설비·기술까지 제약산업 전반의 기업들이 모여 사업 협력을 논의하는 전시회다. 삼성바이오로직스는 단독 부스를 마련해 글로벌 제약사와 잠재 고객사를 만난다. 위탁생산(CMO)... ",https://www.newsway.co.kr/news/view?ud=2026100211210665931,https://www.newsway.co.kr/news/view?ud=2026100211210665931,"Mon, 05 Oct 2026 09:40:00 +0900",2026-10-05 10:44:56
바이오/헬스,제약 산업,서울 민간아파트 분양가 1년 새 34%↑…공사비 오르자 청약 수요도 ‘선...,향남제약산업단지와 발안산업단지 등이 가까워 관련 종사자의 직주근접 수요도 기대하고 있다. 신안산선 향남 연장 추진 교통 여건 개선 사업도 추진되고 있다. 서해선 향남역에는 신안산선 연장사업이 추진... ,https://theviewers.co.kr/View.aspx?No=4250636,https://theviewers.co.kr/View.aspx?No=4250636,"Mon, 05 Oct 2026 09:00:00 +0900",2026-10-05 10:44:56
바이오/헬스,제약 산업,약가 개편 시행 후 첫 국감···제약바이오 현안 집중 점검,"이에 따라 제네릭 약가 인하와 신약 신속등재, 혁신 보상 등 제약바이오산업 육성을 위한 정책이 실제 현장에서 어떻게 작동하는지가 주요 점검 대상이 될 전망이다. 여야 의원들은 건보 재정 건전성과 환자 접근성... ",https://www.seoulfn.com/news/articleView.html?idxno=639274,https://www.seoulfn.com/news/articleView.html?idxno=639274,"Mon, 05 Oct 2026 08:00:00 +0900",2026-10-05 10:44:56
바이오/헬스,제약 산업,[K신약 AtoZ⑭] 7년간 60억 쏟은 '펠루비'…대원제약 '500억 효자 신약' ...,제약·바이오 산업이 글로벌 시장에서 존재감을 빠르게 키우며 신약 개발 경쟁력도 한층 치솟고 있다. 우리 정부도 혁신 의약품 개발을 가속하기 위한 지원책을 연이어 내놓으면서 국산 혁신 신약들이 해외에서까지... ,https://www.ebn.co.kr/news/articleView.html?idxno=1726516,https://www.ebn.co.kr/news/articleView.html?idxno=1726516,"Mon, 05 Oct 2026 06:02:00 +0900",2026-10-05 10:44:56
바이오/헬스,제약 산업,"&quot;인재 모셔라&quot;…제약바이오, 임원급 영입 줄이어",제약·바이오 업계가 성장하고 있으나 바이오·헬스 제조업 안에서도 제약산업의 인력 증가 폭은 상대적으로 작다. 한국보건산업진흥원이 발표한 '2026년 2분기 바이오·헬스산업 고용 동향'에 따르면 제약·의료기기... ,http://www.inews24.com/view/2011603,https://n.news.naver.com/mnews/article/031/0001063421?sid=101,"Mon, 05 Oct 2026 06:01:00 +0900",2026-10-05 10:44:56
바이오/헬스,제약 산업,"진짜 약 사이에 가짜 약 끼워 팔아…인도, 병원·약국 공급망 '구멍'","SIT에 따르면 그는 이 과정에서 병원에서 수요가 높은 의약품과 시장가격, 유통구조 및 수익률 등 제약산업의 운영방식을 파악했다. 이후 2021년 부인과 지인 발라수브라마냐(Balasubramanya) 등과 함께 첸나이에 DM Pharma를... ",https://www.medipana.com/news/articleView.html?idxno=418741,https://www.medipana.com/news/articleView.html?idxno=418741,"Sun, 04 Oct 2026 21:12:00 +0900",2026-10-05 10:44:56
바이오/헬스,제약 산업,"끝난 줄 알았던 경영권 분쟁…한미약품 2년 9개월째 갈등, 왜",정윤택 제약산업전략연구원장은 창업주 생전에 지분 관계를 정리하지 못한 점을 반복된 갈등의 원인 중 하나로 꼽았다. 또 다른 한미 전직 임원은 “지분 다툼이라는 게 끝이 있겠느냐”며 “창업주 일가와 외부... ,https://www.joongang.co.kr/article/25466956,https://n.news.naver.com/mnews/article/025/0003555581?sid=101,"Sun, 04 Oct 2026 08:00:00 +0900",2026-10-05 10:44:56
바이오/헬스,제약 산업,국가독성데이터에 AI 활용…실험동물 사용↓ 독성평가 효율성 ↑,연구 기반&quot;이라며 &quot;연구소가 보유한 데이터와 연구역량이 연구 현장뿐만 아니라 제약·바이오 산업과 규제과학 분야에서도 폭넓게 활용될 수 있도록 우리나라 독성연구의 데이터 기반을 강화해 나가겠다&quot;고 말했다.,https://www.yna.co.kr/view/AKR20261002150000063?input=1195m,https://n.news.naver.com/mnews/article/001/0016356272?sid=101,"Sun, 04 Oct 2026 08:00:00 +0900",2026-10-05 10:44:56
바이오/헬스,제약 산업,[제약공시 책갈피] 10월 1주차 - 동아제약·JW중외제약·일동제약 外,"회사는 이번 결정에 대해 '변화하는 제약·바이오 산업환경에 선제적으로 대응하고, 신약 파이프라인 전략적 연계 강화와 신약개발 사업 경쟁력을 제고하기 위한 것'이라고 설명했다. 일동제약은 유노비아 합병에... ",https://www.medipana.com/news/articleView.html?idxno=418723,https://www.medipana.com/news/articleView.html?idxno=418723,"Sat, 03 Oct 2026 18:36:00 +0900",2026-10-05 10:44:56
바이오/헬스,제약 산업,[내집마련 캘린더] 양평·화성서 1266가구… 12일 특별공급 시작,"향남제약산업단지와 발안산업단지도 주변에 있다. 업계 관계자는 &quot;역과 학교, 공원이 가깝더라도 실제 출퇴근 동선과 생활 여건은 단지마다 다르다&quot;며 &quot;분양가에 추가 비용을 더한 총 부담액과 대금 납부 일정을... ",http://www.the-biz.co.kr/news/articleView.html?idxno=728755,http://www.the-biz.co.kr/news/articleView.html?idxno=728755,"Sat, 03 Oct 2026 16:00:00 +0900",2026-10-05 10:44:56
바이오/헬스,제약 산업,"셀트리온, 충북 오송에 2조 원 투입… 첨단 의약품 생산 인프라 및 소부...","셀트리온의 이번 2조 원 규모 오송 공장 신설은 국내 제약·바이오 산업의 제조 역량 확대를 넘어, 관련 공정 장비 및 자동화 설비 산업에 상당한 파급 효과를 미칠 것으로 전망된다. 대규모 첨단 생산 라인 구축 과정에서... ",https://www.mtnews.net/news/articleView.html?idxno=26137,https://www.mtnews.net/news/articleView.html?idxno=26137,"Sat, 03 Oct 2026 14:50:00 +0900",2026-10-05 10:44:56
바이오/헬스,제약 산업,툴립앤사이언스 폭등 속 생명과학도구·서비스 업종 혼조… 실적 차별화...,"진단 장비나 임상 시험 위탁 분야는 전방 산업인 제약·바이오 기업들의 R&amp;D 예산 집행 수준에 직접적인 영향을 받기 때문에, 글로벌 고객사를 확보했거나 독점적 플랫폼 기술을 보유한 기업이 상대적으로 안정적인 주가... ",https://www.pinpointnews.co.kr/news/articleView.html?idxno=492438,https://www.pinpointnews.co.kr/news/articleView.html?idxno=492438,"Sat, 03 Oct 2026 11:22:00 +0900",2026-10-05 10:44:56
바이오/헬스,제약 산업,"K-제약바이오, CPHI 밀라노 집결…수주·기술수출 기회 모색","제약바이오 기업들이 세계 최대 규모의 제약산업 전시회인 'CPHI 밀란 2026'에 참가해 글로벌 시장 공략에 나선다. CPHI는 원료의약품과 완제의약품은 물론 위탁개발생산(CDMO), 의약품 제조기술, 설비 등 제약산업... ",https://news.bizwatch.co.kr/article/healthcare/2026/10/02/0009,https://n.news.naver.com/mnews/article/648/0000051293?sid=101,"Sat, 03 Oct 2026 10:00:00 +0900",2026-10-05 10:44:56
바이오/헬스,제약 산업,유럽연합 인구 2029년 정점 찍고 감소세 전환…한국 수출 전선도 늙어가...,노동 시장의 인력 부족 현상 역시 산업 생산성을 제약하는 요인으로 지목된다. 통계청은 이번 수치가 확정적인 미래 예측은 아니라고 선을 그었다. 한국 완성차와 배터리 가치사슬 파급 유럽연합의 인구 감소와... ,https://www.g-enews.com/view.php?ud=202610030938334621fbbec65dfb_1,https://www.g-enews.com/view.php?ud=202610030938334621fbbec65dfb_1,"Sat, 03 Oct 2026 09:42:00 +0900",2026-10-05 10:44:56
바이오/헬스,제약 산업,"창고형 약국부터 약가까지…제약 바이오 규제, 변곡점 맞나",삼천당제약이 6일부터 8일까지 이탈리아 밀라노에서 열리는 글로벌 제약산업 전시회 CPHI Worldwide 2026에 처음으로 단독부스를 열고 경구용 인슐린을 포함한 개발 파이프라인의 기술이전·공동개발 상담에 나선다. 회사는... ,https://www.hitnews.co.kr/news/articleView.html?idxno=79612,https://www.hitnews.co.kr/news/articleView.html?idxno=79612,"Sat, 03 Oct 2026 06:12:00 +0900",2026-10-05 10:44:56
바이오/헬스,제약 산업,혁신형 인증에 사활건 제약사들… 11월 대면심사 PPT로 승부 본다,"공고상 일정을 보면 11월 초 인증심사위원회의 서면·면접평가를 거쳐 12월 제약산업 육성·지원위원회에서 결과를 심의하고, 같은 달 최종 인증기업을 확정·통보한다. 이번 심사에서 눈에 띄는 부분은 정성평가... ",https://www.hitnews.co.kr/news/articleView.html?idxno=79626,https://www.hitnews.co.kr/news/articleView.html?idxno=79626,"Sat, 03 Oct 2026 06:12:00 +0900",2026-10-05 10:44:56
바이오/헬스,제약 산업,"K-바이오, 10월 글로벌 행사 총출동…기술이전·수주 모색","오는 6~8일 이탈리아 밀라노에서 ‘세계 제약산업 전시회(CPHI 2026)’, 7~9일 일본 요코하마에서 ‘바이오재팬 2026’이 개최된다. 12~15일에는 미국 샌디에이고에서 ‘월드 ADC’가 열리고, 23~27일에는 스페인... ",https://www.kukinews.com/article/view/kuk202610020100,https://www.kukinews.com/article/view/kuk202610020100,"Sat, 03 Oct 2026 06:02:00 +0900",2026-10-05 10:44:56
바이오/헬스,제약 산업,김원기 의정부시장 &quot;수도권의 눈물&quot;…기업 유치로 돌파구,김 시장은 최근 CBS노컷뉴스와의 인터뷰에서 &quot;정말 엄청난 불이익을 당하고 있다&quot;며 수도권에 속하면서도 산업 성장에 제약을 받는 지역 현실을 설명했다. 서울과 인접해 수도권의 혜택을 누리는 도시처럼 보이지만... ,https://www.nocutnews.co.kr/news/6586797?utm_source=naver&utm_medium=article&utm_campaign=20261003060031,https://n.news.naver.com/mnews/article/079/0004195417?sid=102,"Sat, 03 Oct 2026 06:01:00 +0900",2026-10-05 10:44:56
바이오/헬스,제약 산업,바이오헬스산업 종사자 115만명…2.9% 증가,"제약산업은 8만6682명으로 2.0%, 의료기기산업은 6만4788명으로 1.4% 각각 늘었다. 의료서비스업 종사자는 95만9737명으로 지난해 2분기 대비 2.8% 증가했다. 다만 증가율은 지난해 3분기 4.8%에서 4분기 4.1%, 올해 1분기... ",https://www.dailymedi.com/news/news_view.php?wr_id=940990,https://www.dailymedi.com/news/news_view.php?wr_id=940990,"Sat, 03 Oct 2026 05:24:00 +0900",2026-10-05 10:44:56
바이오/헬스,신약 개발,키트루다 vs 옵디보·엘리퀴스…MSD·BMS '특허절벽' 대응전,MSD는 지난 1일 혈액암 신약 개발기업 턴스 파마슈티컬스(Terns Pharmaceuticals)를 약 67억달러에 인수하기로 합의했다. 핵심 자산은 경구용 공유결합 가역적 BTK 억제제 'TERN-701'이다. 만성림프구성백혈병(CLL)과... ,https://www.medipana.com/news/articleView.html?idxno=418744,https://www.medipana.com/news/articleView.html?idxno=418744,"Mon, 05 Oct 2026 10:24:00 +0900",2026-10-05 10:44:56
바이오/헬스,신약 개발,[AI:너머] 탈모 관리부터 암 백신까지 AI ‘신물질’ 개발 속도…한계는...,"인공 지능이 탈모 관리 화장품부터 신약 개발까지 그 영역을 확장하고 있습니다. 2년 걸릴 연구를 하루 만에 끝낼 정도로 새로운 물질을 찾는데 처리 속도가 빠릅니다. 어디까지 왔고, 아직 남은 과제는 무엇인지 박대기... ",https://news.kbs.co.kr/news/pc/view/view.do?ncd=8677750&ref=A,https://n.news.naver.com/mnews/article/056/0012267849?sid=105,"Mon, 05 Oct 2026 09:51:00 +0900",2026-10-05 10:44:56
바이오/헬스,신약 개발,"한미약품, 3.2조 기술이전…로슈가 택한 '근육 유지' 비만 신약",사진제공=한미약품  한미약품이 글로벌 제약사 로슈에 비만치료제 후보물질을 기술이전하며 차세대 비만 신약 개발 경쟁에 속도를 내고 있다. 2일 제약업계에 따르면 한미약품은 최근 장기지속형 UCN2 유사체... ,http://www.opinionnews.co.kr/news/articleView.html?idxno=145234,http://www.opinionnews.co.kr/news/articleView.html?idxno=145234,"Mon, 05 Oct 2026 09:30:00 +0900",2026-10-05 10:44:56
바이오/헬스,신약 개발,"휴온스, 신약 후보물질 비임상 결과 2건 LBA 선정","‘Obesity Week’는 미국비만학회가 주관하는 글로벌 비만 전문학회로, 비만의 기초과학과 중개연구, 신약개발 및 임상연구 등 최신 연구성과가 발표된다. 올해 행사는 11월 14일부터 17일까지 워싱턴DC에서 열린다.... ",https://www.viva100.com/article/20261005500125,https://www.viva100.com/article/20261005500125,"Mon, 05 Oct 2026 09:22:00 +0900",2026-10-05 10:44:56
바이오/헬스,신약 개발,"[템터뷰] &quot;신약 개발 2년 앞당겼다&quot;...에스트리온, 정책 마중물로 글로...","&quot;성과 낸 기업, 후속 과제 연결됐으면&quot; 에스트리온은 설립 이후 신약개발 단계에 맞춰 여러 정부 지원사업을 활용했다. 정인덕 에스트리온 대표가 지난달 30일 '테크M'과 인터뷰한 뒤 서울 성북구 본사 앞에서... ",https://www.techm.kr/news/articleView.html?idxno=155829,https://www.techm.kr/news/articleView.html?idxno=155829,"Mon, 05 Oct 2026 09:16:00 +0900",2026-10-05 10:44:56
바이오/헬스,신약 개발,"[로봇 시대] &quot;공중제비·마라톤 미·중 뒤에서&quot;…日, '0.1㎜ 오차' 잡는...","도쿄과학대는 이 같은 AI와 로봇 기술을 바탕으로 신약·백신 개발, 암 연구, 인공장기 개발 등 바이오 분야의 연구 저변을 확대할 계획이다. 마호로 개발에 참여한 로보틱 바이올로지 인스티튜트(RBI) 역시 센터 내에서... ",https://www.cbci.co.kr/news/articleView.html?idxno=612294,https://www.cbci.co.kr/news/articleView.html?idxno=612294,"Mon, 05 Oct 2026 07:10:00 +0900",2026-10-05 10:44:56
바이오/헬스,신약 개발,"곽영신 오스코텍 연구소장 “OCT-648, 내년 기술이전 목표…빅파마와 논...",이미 상용화에 성공한 레이저티닙(국내 제품명 렉라자)을 비롯해 3연속 기술수출에 성공한 오스코텍이 차기 기술수출을 통해 신약개발사로서 입지를 강화한다는 계획이다. 현재 오스코텍은 글로벌 대형 제약사들과... ,https://www.edaily.co.kr/News/Read?newsId=01108646645609968&mediaCodeNo=257&utm_source=naver&utm_medium=referral&utm_campaign=news_syndication&utm_content=original_article,https://n.news.naver.com/mnews/article/018/0006380875?sid=105,"Mon, 05 Oct 2026 07:02:00 +0900",2026-10-05 10:44:56
바이오/헬스,신약 개발,[로드 to IPO] 핵심축 재편…백신 전면 항암 후순위｜아리바이오③,"국가신약개발재단이 지원하는 이 과제의 수행기간은 올해 4월부터 2028년 3월까지로 잡혀 있다. 340억 조달, 대상포진 선투입 파이프라인 우선순위는 자금배분에도 반영된다. 확보하거나 조달할 운영자금을 대상포진... ",https://www.bloter.net/news/articleView.html?idxno=675008,https://n.news.naver.com/mnews/article/293/0000091212?sid=101,"Mon, 05 Oct 2026 07:00:00 +0900",2026-10-05 10:44:56
바이오/헬스,신약 개발,[AI:너머] 탈모 관리부터 암 백신까지 AI ‘신물질’ 개발 속도…한계는...,"인공 지능이 탈모 관리 화장품부터 신약 개발까지 그 영역을 확장하고 있습니다. 2년 걸릴 연구를 하루 만에 끝낼 정도로 새로운 물질을 찾는데 처리 속도가 빠릅니다. 어디까지 왔고, 아직 남은 과제는 무엇인지 박대기... ",https://news.kbs.co.kr/news/pc/view/view.do?ncd=8677542&ref=A,https://n.news.naver.com/mnews/article/056/0012267740?sid=105,"Mon, 05 Oct 2026 06:49:00 +0900",2026-10-05 10:44:56
바이오/헬스,신약 개발,"혈압 높으면 관절도 위험...국내 연구진, 연골 파괴 원리 규명","혈압 조절 호르몬이 손상된 연골에 작용해 조직 파괴를 촉진한다는 사실이 확인되면서, 혈압 관리와 관절 건강을 연계한 치료 전략 및 신약 개발 가능성이 제시됐다. 과학기술정보통신부는 전남대 류제황 교수와 인제대... ",https://www.newswhoplus.com/news/articleView.html?idxno=70901,https://www.newswhoplus.com/news/articleView.html?idxno=70901,"Mon, 05 Oct 2026 05:30:00 +0900",2026-10-05 10:44:56
바이오/헬스,신약 개발,착한 척은 오래 못 간다 [인문산책],"'신약' 개발에 참여하는 제약회사가 있기 때문에 오해했는지, 아니면 나름의 아재 개그였는지 확인은 못 했다. 기독교 성경은 구약과 신약, 이렇게 두 권으로 구성되어 있다. 원래는 한 권, 지금 기독교가 구약이라 부르는... ",https://www.hankookilbo.com/news/article/A2026100209080001221?did=NA,https://n.news.naver.com/mnews/article/469/0000957672?sid=110,"Mon, 05 Oct 2026 04:31:00 +0900",2026-10-05 10:44:56
바이오/헬스,신약 개발,"동원, 참존 인수로 사업 다각화…'뷰티·웰니스' 새판 짠다",또 지난 4월에는 동원산업이 참치 부산물에서 기능성 원료를 추출해 건강기능식품(건기식)으로 개발하는 사업화하는 방안을 모색한다는 사실이 알려지면서 향후 고순도 추출 원료를 활용한 신약 개발 등 고난도 바이오... ,https://www.pointdaily.co.kr/news/articleView.html?idxno=321204,https://www.pointdaily.co.kr/news/articleView.html?idxno=321204,"Mon, 05 Oct 2026 00:26:00 +0900",2026-10-05 10:44:56
바이오/헬스,헬스케어 시장,"문경시, 민선9기 공약 70개 확정…총 1조3657억원 규모","문경사과·오미자의 K-푸드 대표 브랜드 육성, 농산물 도매시장 유통센터 건립 등 농산물 경쟁력과 유통 기반을 강화하는 사업도 추진한다.미래산업과 관광·체육 기반을 위한 사업으로는 바이오헬스케어·물류기업 유치... ",https://www.asiatoday.co.kr/kn/view.php?key=20261005010000871,https://www.asiatoday.co.kr/kn/view.php?key=20261005010000871,"Mon, 05 Oct 2026 10:32:00 +0900",2026-10-05 10:44:57
바이오/헬스,헬스케어 시장,리츠 활성화 2년여…신도시 지원·대출 투자 실적 '0',"정부가 리츠(REITs·부동산투자회사) 시장을 키우겠다며 대책을 내놓은 지 2년여가 지났다. 새로운 투자... 이후 헬스케어 분야에서 1개, 데이터센터 분야에서 4개 리츠가 등장했다. 리츠가 부동산을 직접 개발해 임대... ",https://www.straightnews.co.kr/news/articleView.html?idxno=312511,https://www.straightnews.co.kr/news/articleView.html?idxno=312511,"Mon, 05 Oct 2026 09:56:00 +0900",2026-10-05 10:44:57
바이오/헬스,헬스케어 시장,리츠 활성화 2년…신도시 용지 지원실적 '전무',정부가 리츠(REITs·부동산투자회사) 시장을 선진국 수준으로 확대하겠다고 밝힌 지 2년이 지났지만 투자... 투자 대상 확대 이후 헬스케어 1개와 데이터센터 4개 등 5개 리츠가 새로운 분야에서 등장했다. 하지만 정부가... ,https://www.econovill.com/news/articleView.html?idxno=752720,https://www.econovill.com/news/articleView.html?idxno=752720,"Mon, 05 Oct 2026 09:48:00 +0900",2026-10-05 10:44:57
바이오/헬스,헬스케어 시장,김학홍 문경시장 취임 100일 앞두고 ‘민선9기 청사진’ 확정,도매시장·유통센터 건립 △백두대간 치유·힐링 관광 클러스터 조성 △바이오헬스케어·물류기업 유치 지원 △국제규격 다목적 실내체육관 건립 △AI 영상산업 클러스터 구축 △영강 프로젝트(영강 도시개발사업) 등이... ,https://www.kbmaeil.com/article/20261005500112,https://www.kbmaeil.com/article/20261005500112,"Mon, 05 Oct 2026 09:34:00 +0900",2026-10-05 10:44:57
바이오/헬스,헬스케어 시장,여성은 65만명 늘고 남성은 120만명 줄었다…美 노동시장서 무슨 일이,최근 수년간 미국 고용시장을 이끌어온 헬스케어 부문은 9월 전체 고용 증가분의 절반 이상을 차지했다. 해당 업종은 근로자 5명 가운데 약 4명이 여성일 정도로 여성 고용 비중이 높다. 스탈은 “어떤 업종에서 일자리가... ,https://biz.heraldcorp.com/article/10892883?ref=naver,https://n.news.naver.com/mnews/article/016/0002705443?sid=104,"Mon, 05 Oct 2026 09:11:00 +0900",2026-10-05 10:44:57
바이오/헬스,헬스케어 시장,"건강검진 식단 고민 덜까…죽이야기, '닥터박스 원데이 키트' 선봬",죽 전문 프랜차이즈 브랜드 죽이야기 관계자는 &quot;건강검진은 받는 과정만큼 전후 식단 관리도 중요하다&quot;며 &quot;검진을 앞둔 가족이나 지인을 위한 선물과 헬스케어 시장에서 활용할 수 있도록 기획했다&quot;고 말했다. [신아일보]... ,https://www.shinailbo.co.kr/news/articleView.html?idxno=5068441,https://www.shinailbo.co.kr/news/articleView.html?idxno=5068441,"Mon, 05 Oct 2026 09:10:00 +0900",2026-10-05 10:44:57
바이오/헬스,헬스케어 시장,"리츠 활성화 2년, 신도시 지원·대출투자 실적 저조…제도개선 지연",정부가 리츠(REITs·부동산투자회사) 시장 활성화 방안을 내놓은 지 2년이 지났지만 신도시 사업 지원과 대출... 투자 대상 확대 이후 헬스케어 분야 1개와 데이터센터 분야 4개 등 신규 리츠 5개가 등장했다. 그러나 5일 국회... ,https://www.slist.kr/news/articleView.html?idxno=771055,https://www.slist.kr/news/articleView.html?idxno=771055,"Mon, 05 Oct 2026 08:44:00 +0900",2026-10-05 10:44:57
바이오/헬스,헬스케어 시장,"'리츠 활성화 대책' 2년'…&quot;제도개선, 기대보다 속도 느려&quot;","(REITs·부동산투자회사) 시장을 선진국 수준으로 확대하겠다고 밝힌 지 2년이 지났지만 투자 실적과 제도... 투자 대상 확대 이후 헬스케어 1개, 데이터센터 4개 등 5개 리츠가 새로운 분야에서 등장하기도 했다. 그러나 국회... ",https://www.yna.co.kr/view/AKR20261005003900003?input=1195m,https://n.news.naver.com/mnews/article/001/0016357317?sid=101,"Mon, 05 Oct 2026 08:36:00 +0900",2026-10-05 10:44:57
바이오/헬스,헬스케어 시장,"[A 증시리포트] 동국제약, 마데카크림 미국 공략...입점 넘어 품목 확대",대표 제품으로 시장에 진입한 뒤 제품군을 늘려 매출 기반을 다지는 수순이다. 해외 사업 확대는 동국제약의 매출 구성에도 변화를 예고한다. 화장품을 중심으로 한 헬스케어 부문 비중은 올해 40%에 근접할... ,https://www.asiaa.co.kr/news/articleView.html?idxno=264954,https://www.asiaa.co.kr/news/articleView.html?idxno=264954,"Mon, 05 Oct 2026 08:16:00 +0900",2026-10-05 10:44:57
바이오/헬스,헬스케어 시장,&quot;약만 팔던 시절은 끝났다&quot;…제약사 선택 '이것',"이 외에도 대웅제약은 의료영상 인공지능(AI) 기업 프로메디우스, 디지털 헬스케어 기업 이모코그, AI 기반 디지털 헬스케어 기업 히포크랏랩스와 연이어 계약을 체결하고 디지털 헬스케어 시장에서의 영역을 확장하고... ",https://www.newsis.com/view/NISX20261002_0003813014,https://n.news.naver.com/mnews/article/003/0014233324?sid=102,"Mon, 05 Oct 2026 08:01:00 +0900",2026-10-05 10:44:57
바이오/헬스,헬스케어 시장,[써보니] 차고 있는 걸 잊었다…두 달 써본 '오우라 링 5',"애플워치와 갤럭시워치 등 스마트워치가 헬스케어 기능을 앞세워 시장에 자리 잡은 지 오래됐지만, 막상 기능을 충분히 활용하지 못하는 이용자도 적지 않다. 이유는 결국 '귀찮음'인 경우가 많다. 반지는 손목에 시계를... ",https://www.yna.co.kr/view/AKR20261002104300017?input=1195m,https://n.news.naver.com/mnews/article/001/0016357279?sid=105,"Mon, 05 Oct 2026 07:31:00 +0900",2026-10-05 10:44:57
바이오/헬스,헬스케어 시장,중소기업 인정 의료법인…경영 개선 등 호재 주목,"공공시장 진입을 지원하는 사업도 추진하고 있다. 이 때문에 의료법인이 자체 개발하거나 의료기기·AI기업 등과 공동 추진하는 디지털 헬스케어, 병원정보시스템, AI 기술 등이 향후 지원사업과 접점을 형성할 가능성도... ",https://www.dailymedi.com/news/news_view.php?wr_id=940905,https://www.dailymedi.com/news/news_view.php?wr_id=940905,"Mon, 05 Oct 2026 07:26:00 +0900",2026-10-05 10:44:57
바이오/헬스,헬스케어 시장,"[K바이오 신약대전] 호흡기약 대명사 대원제약, 만성질환·4중작용 비만...",기존 주력 품목의 성장이 주춤한 사이 고혈압 치료제와 소비자 헬스케어로 수익 기반을 다지는 동시에... 수면 건기식 ‘꿀잠샷’과 모발·피부 건강 제품 ‘모발콜라겐 3X’ 등 전략 품목이 시장에 안착하면서... ,https://www.theguru.co.kr/news/article.html?no=107679,https://www.theguru.co.kr/news/article.html?no=107679,"Mon, 05 Oct 2026 07:02:00 +0900",2026-10-05 10:44:57
바이오/헬스,헬스케어 시장,"약만 배달해선 못 큰다…美 유통공룡, 병원 안까지 들어왔다","미국 의약품 유통시장의 대표적인 기업인 맥케슨(McKesson), 카디널헬스(Cardinal Health), 센코라(Cencora)의 최근... 의료제품, 헬스케어서비스를 제공하는 기업으로 규정하고 있다. 카디널헬스는 아예 의사 네트워크로... ",https://www.medipana.com/news/articleView.html?idxno=418740,https://www.medipana.com/news/articleView.html?idxno=418740,"Sun, 04 Oct 2026 20:52:00 +0900",2026-10-05 10:44:57
바이오/헬스,헬스케어 시장,&quot;5％ 금리가 문제 아니다&quot;…전문가가 짚은 인플레 시대 투자 기준,"따라 시장 국면이 어떻게 바뀌는지 살펴야 한다는 조언이 나왔다. 지난 1일 유튜브 채널 '성상현... 성 작가에 따르면, 당시 성장 기대가 컸던 IT와 헬스케어가 10년간 실질 손실을 기록한 것은 금리가 높아지면서 먼 미래의... ",https://www.newsis.com/view/NISX20261004_0003813793,https://n.news.naver.com/mnews/article/003/0014233179?sid=101,"Sun, 04 Oct 2026 20:33:00 +0900",2026-10-05 10:44:57
바이오/헬스,헬스케어 시장,[금주의 화성시] 화성 동탄여울공원서 '정조대왕 효 전국바둑축제'… 9...,"정명근 시장과 이계철 시의회 의장, 박종선 체육회장 등이 개회식에 참석해 참가자들을 격려했다. 이... MARS는 미래차·자율주행, 제조·로보틱스, 헬스케어·스마트홈, 교통·안전, 우주항공 등 5개 분야를 다루며... ",https://www.joongboo.com/news/articleView.html?idxno=363738380,https://www.joongboo.com/news/articleView.html?idxno=363738380,"Sun, 04 Oct 2026 20:32:00 +0900",2026-10-05 10:44:57
바이오/헬스,헬스케어 시장,"美 약국 9000곳 약 공급 누가?…CVS, 유통공룡 2곳과 장기계약",CVS는 약국만 하는 회사 아니다…보험·PBM까지 갖춘 헬스케어 공룡 CVS헬스는 미국 전역에서 9000개... 최근 미국의 의약품 유통시장에서 고가 전문의약품의 중요성이 커지고 있다는 점을 감안하면 단순한... ,https://www.medipana.com/news/articleView.html?idxno=418738,https://www.medipana.com/news/articleView.html?idxno=418738,"Sun, 04 Oct 2026 19:12:00 +0900",2026-10-05 10:44:57
바이오/헬스,헬스케어 시장,&quot;미국 주식은 무조건 오른다고 해서 샀더니&quot;…AI·고금리 불안에 주목할...,"최근 인공지능(AI) 투자 부담과 금리 상승으로 미국 시장에서의 투자 변수도 늘어나고 있다.... 이 ETF들의 포트폴리오는 S&amp;P500 대비 IT와 금융 비중이 낮고, 헬스케어와 에너지 비중이 높은 것으로... ",https://view.asiae.co.kr/article/2026100115481403073,https://n.news.naver.com/mnews/article/277/0005824519?sid=101,"Sun, 04 Oct 2026 18:19:00 +0900",2026-10-05 10:44:57
바이오/헬스,헬스케어 시장,"&quot;첨복단지 이번엔 유치하자&quot;…구자열, '첨단원주' 골격 다지기",지난 선거에서 구 시장은 첨단원주 공약의 첫 번째 세부 공약으로 첨복단지 유치를 내걸었다. 첨복단지는 의료AI·디지털헬스케어 중심의 연구개발(R&amp;D)·실증·산업화 생태계를 구축하는 것이다. 앞서 시는 2009년... ,https://www.news1.kr/local/kangwon/6310226,https://n.news.naver.com/mnews/article/421/0009209194?sid=102,"Sun, 04 Oct 2026 18:16:00 +0900",2026-10-05 10:44:57
바이오/헬스,헬스케어 시장,"&quot;AI기업의 빚투, 닷컴버블과 닮아…조정 후 옥석 가려질 것&quot;","저는 2000~2001년 닷컴 버블 당시 인터넷·테크기업이 줄도산한 사례가 AI 시장에서도 재연될 것으로... “첨단 정밀 제조기업과 헬스케어기업, 식품 분야 밸류체인 기업을 유망하게 보고 있습니다. 모두 중소... ",https://www.hankyung.com/article/2026100426161,https://n.news.naver.com/mnews/article/015/0005339042?sid=101,"Sun, 04 Oct 2026 17:54:00 +0900",2026-10-05 10:44:57
AI/소프트웨어,AI 주가,“美공장 가동하길 잘했네”…관세 발효 앞두고 날아오른 한화솔루션 [...,"대중관세 완화 우려 해소에 주가 일주일 새 22% 급등 한화솔루션이 미국의 수입 관세 시행을 앞두고 다시 한... 인공지능(AI) 데이터센터 투자로 전력 수요가 급등한 가운데, 11월 중간선거 결과에 따라 2028년부터 폐지... ",https://www.mk.co.kr/article/12168306,https://n.news.naver.com/mnews/article/009/0005743947?sid=101,"Mon, 05 Oct 2026 10:17:00 +0900",2026-10-05 10:44:58
AI/소프트웨어,AI 주가,테슬라 3분기 실적 초읽기…전기차 넘어 AI 성과 시험대,"그러나 이번 실적 발표를 앞두고 테슬라 주가의 방향을 미리 단정하기는 어렵다. 실적 수치뿐 아니라 회사가 제시하는 향후 사업 전망과 투자 계획, 로보택시 확대 속도 등에 따라 시장의 평가가 달라질 수 있기... ",https://www.jemin.com/news/articleView.html?idxno=843830,https://www.jemin.com/news/articleView.html?idxno=843830,"Mon, 05 Oct 2026 09:44:00 +0900",2026-10-05 10:44:58
AI/소프트웨어,AI 주가,&quot;앤스로픽 말곤 관심 없다&quot;…美 IPO 줄줄이 연기,"투자자들의 관심이 앤스로픽에만 쏠리고, 인공지능(AI) 관련 기업들의 몸값이 지나치게 높다는 우려가... 이러한 회의론은 주가에서도 확인된다. BCA리서치에 따르면 올해 상장한 기술주는 상장 첫날 대비 평균 약 23... ",https://www.edaily.co.kr/News/Read?newsId=01669526645609968&mediaCodeNo=257&utm_source=naver&utm_medium=referral&utm_campaign=news_syndication&utm_content=original_article,https://n.news.naver.com/mnews/article/018/0006381044?sid=101,"Mon, 05 Oct 2026 09:17:00 +0900",2026-10-05 10:44:58
AI/소프트웨어,인공지능 산업,이강석 대우건설 대표 취임…&quot;내실 다지고 AI·데이터센터로 새 성장&quot;,바탕으로 인공지능(AI) 인프라·데이터센터·로보틱스 등 미래 성장 분야에 대한 투자를 확대하겠다는... 이 대표는 급변하는 건설산업과 시장 환경에 대응하기 위한 경영 방향으로 ‘서밋(SUMMIT)·투게더(TOGETHER)·챌린지... ,https://www.ajunews.com/view/20261005103712323,https://www.ajunews.com/view/20261005103712323,"Mon, 05 Oct 2026 10:44:00 +0900",2026-10-05 10:44:59
AI/소프트웨어,인공지능 산업,"‘AI→SI’ 고친 트럼프 명령, 부인 멜라니아 모국엔 ‘횡재’",si’ 주소 등록도 순식간에 늘어나 인터넷 주소 사용료로 거액 수입 올릴 듯 최근 ‘인공지능’(AI)이란... 트럼프는 SI가 인류에 끼칠 영향이 “산업혁명이나 인터넷보다 더 클 것”이라며 “SI 분야에서 미국이... ,https://www.segye.com/newsView/20261005503828?OutUrl=naver,https://n.news.naver.com/mnews/article/022/0004164114?sid=104,"Mon, 05 Oct 2026 10:43:00 +0900",2026-10-05 10:44:59
AI/소프트웨어,인공지능 산업,"파주시, 평화경제특구 지정 절차 속도…6일 통일부에 협의서류 제출","전략산업 유치를 위해 한국의약품유통협회, 한국기후테크협회, 한국인공지능협회와 업무협약도 체결했다. 시는 이들 협회와 협력해 향후 관련 기업의 투자 유치로 연계한다는 계획이다. 시 관계자는 &quot;경기도의 지정... ",https://www.shinailbo.co.kr/news/articleView.html?idxno=5068620,https://www.shinailbo.co.kr/news/articleView.html?idxno=5068620,"Mon, 05 Oct 2026 10:40:00 +0900",2026-10-05 10:44:59
AI/소프트웨어,인공지능 산업,[인사] 산업통상부,◆산업통상부 ◇국장급 승진 △산업인공지능정책관 박태현 ◇과장급 전보 △장관비서관 김상우 △산업정책과장 우성훈 ◇과장급 승진 △산업일자리혁신과장 이주영 △입지총괄과장 김태훈,https://www.etnews.com/20261005000069,https://n.news.naver.com/mnews/article/030/0003472258?sid=102,"Mon, 05 Oct 2026 10:40:00 +0900",2026-10-05 10:44:59
AI/소프트웨어,인공지능 산업,"경상국립대 학생 팀, ‘제12회 과학치안 아이디어 공모전’ 우수상 수상...",시상은 오는 22일 인천 송도에서 열리는 국제치안산업대전(KPEX)에서 진행되고 물리학과 네트워크 과학... 연구팀은 ‘지도 위에 그리는 인공지능 경찰 순찰 1년 시뮬레이션 결과’를 주제로 제안서와 초기 구현 결과를... ,https://www.viva100.com/article/20261005500270,https://www.viva100.com/article/20261005500270,"Mon, 05 Oct 2026 10:38:00 +0900",2026-10-05 10:44:59
AI/소프트웨어,인공지능 산업,"대우건설, 이강석 대표이사 취임…AI·데이터센터 신산업 발굴","특히 인공지능(AI) 인프라와 데이터센터, 로보틱스 등 신사업 발굴에도 나선다. 필요할 경우 전략적 인수·합병(M&amp;A)과 투자도 추진할 계획이다. 정 회장은 축사에서 글로벌 건설사로의 도약을 당부했다. 안전을 모든... ",https://www.edaily.co.kr/News/Read?newsId=01813846645609968&mediaCodeNo=257&utm_source=naver&utm_medium=referral&utm_campaign=news_syndication&utm_content=original_article,https://n.news.naver.com/mnews/article/018/0006381088?sid=101,"Mon, 05 Oct 2026 10:36:00 +0900",2026-10-05 10:44:59
AI/소프트웨어,인공지능 산업,지역 장기거주자 공무원 채용 가산점 추진…9급 초임 월 300만원 시대 되...,"정부는 인공지능과 특허기술 심사, 산업안전 감독·수사 등 전문성이 필요한 분야에서 전문가 공무원을 늘려 2028년까지 1200명 이상을 확보한다는 목표를 세웠다. 6급부터 전문관, 수석전문관으로 이어지는 전문 경력... ",https://www.cbci.co.kr/news/articleView.html?idxno=612423,https://www.cbci.co.kr/news/articleView.html?idxno=612423,"Mon, 05 Oct 2026 10:36:00 +0900",2026-10-05 10:44:59
AI/소프트웨어,인공지능 산업,뉴욕 AI 산업 호황 속 청년 취업난 심화,"뉴욕의 인공지능(AI) 산업이 대규모 투자와 사무실 임대 증가로 호황을 누리고 있지만, 청년층의 취업 기회 확대로는 충분히 이어지지 않고 있다는 분석이 나왔다. 뉴욕시 주요 기업인들의 연합체인 ‘뉴욕시... ",https://www.koreadaily.com/article/20261004183157554,https://www.koreadaily.com/article/20261004183157554,"Mon, 05 Oct 2026 10:32:00 +0900",2026-10-05 10:44:59
AI/소프트웨어,인공지능 산업,금융권 덮친 'AI 해킹'…'독파모' 중단설·AG LoL 2연패[뉴스잇(IT)쥬],"정보통신기술(ICT)은 어떤 산업보다 빠르게 변화합니다. 그 안의 다양한 이해관계가 맞물려 소용돌이 치는... 지난주 IT 업계의 최대 화두는 인공지능(AI) 발 금융권 해킹과 '독파모' 중단설, 리그 오브 레전드 아시안게임... ",https://www.news1.kr/it-science/security-hacking/6310376,https://n.news.naver.com/mnews/article/421/0009209585?sid=105,"Mon, 05 Oct 2026 10:31:00 +0900",2026-10-05 10:44:59
AI/소프트웨어,인공지능 산업,"이억원, 금융권에 &quot;AI기반 보안체계 전환 속도 내달라&quot;[전문]","최근 발생한 금융권 연쇄 정보유출 사고가 AI(인공지능)해킹일 가능성도 이 자리에서 언급했다. 이 위원장은... 나아가, 사이버 위협에는 금융과 비금융의 경계가 없는 만큼, 정부도 금융권뿐만 아니라 다양한 산업분야와... ",https://www.dailybrief.co.kr/news/articleView.html?idxno=6905,https://www.dailybrief.co.kr/news/articleView.html?idxno=6905,"Mon, 05 Oct 2026 10:29:00 +0900",2026-10-05 10:44:59
AI/소프트웨어,인공지능 산업,"하나금융, 청라에서 '새로운 100년' 시작…'하나금융타운' 완성 공식 선...","함께하는 그룹의 대표 공간으로 조성할 계획이다. 청년과 서민, 소상공인과 중소기업의 든든한 동반자 역할을 수행하는 한편, 인공지능(AI)과 바이오, 문화, 에너지 등 인천의 미래 산업을 함께 이끌어 갈 방침이다.",https://www.thepublic.kr/news/articleView.html?idxno=321097,https://www.thepublic.kr/news/articleView.html?idxno=321097,"Mon, 05 Oct 2026 10:26:00 +0900",2026-10-05 10:44:59
AI/소프트웨어,인공지능 산업,[뉴공 아카이브]겸손NSC: 美 안보 수뇌부 극비 회의… 이란·예멘 전쟁 ...,"수, 인공지능이 대체할 수 없다. 결국 최종적인 결정은 인간이 내려야 된다.▶김어준 : 라고 푸틴이... 지금은 그 힘에다가 방위산업의 지속 가능한 생산능력 이것까지 결합이 되는 것 같아요. 그래서 그런 측면에서 보면... ",http://www.ddanzi.com/896314976,http://www.ddanzi.com/896314976,"Mon, 05 Oct 2026 10:26:00 +0900",2026-10-05 10:44:59
AI/소프트웨어,인공지능 산업,"트럼프 2기, '슈퍼 인텔리전스 포스(SIF)' 전격 출범… AI 패권 전쟁의 ...",이로운넷 = 편집위원 김성환 미국 백악관이 국가 안보와 미래 산업의 명운을 가를 인공지능(AI) 패권 장악을 위해 전례 없는 '전례 없는 범부처 컨트롤타워'를 가동했다. 4일(현지시간) 현지 언론과 외신 등에 따르면... ,https://www.eroun.net/news/articleView.html?idxno=91559,https://www.eroun.net/news/articleView.html?idxno=91559,"Mon, 05 Oct 2026 10:26:00 +0900",2026-10-05 10:44:59
AI/소프트웨어,인공지능 산업,김원기 의정부시장 취임 100일…기념행사 대신 민생현장 찾는다,"미래산업 분야에서는 지난 7월 산업용 컴퓨팅·인공지능(AI) 솔루션 기업 '윈메이트'로부터 투자의향서를 받았으며, '의정부시 미래산업 육성 펀드'를 가동해 기업 유치와 성장 지원에 나서고 있다. 반환공여지를 활용한... ",https://www.shinailbo.co.kr/news/articleView.html?idxno=5068602,https://www.shinailbo.co.kr/news/articleView.html?idxno=5068602,"Mon, 05 Oct 2026 10:24:00 +0900",2026-10-05 10:44:59
AI/소프트웨어,인공지능 산업,"&quot;AI 페라리급 해킹, AI로 막아야 &quot;…정교한 2차 공격도 우려",중요 산업의 핵심 시스템이 멈추면 전산 장애를 넘어 국가 경제에 타격이 될 수 있으므로 대통령 직속 국가인공지능전략위원회 등에 민간을 포함해 최고 전문가들로 구성한 보안 분과를 만들어야 한다&quot;고 말했다. 2차... ,https://www.sidae.com/article/2026100423160669954,https://n.news.naver.com/mnews/article/417/0001160047?sid=101,"Mon, 05 Oct 2026 10:22:00 +0900",2026-10-05 10:44:59
AI/소프트웨어,인공지능 산업,이강석 대우건설 대표 취임…&quot;서밋·투게더·챌린지로 새 도약&quot;,그는 급변하는 산업과 시장 환경에 대응하고 새로운 도약을 이끌기 위한 3가지 핵심 경영 방향으로 '서밋... 인공지능(AI) 인프라·데이터센터·로보틱스 등 미래 성장 분야를 적극 발굴하고 필요 시 전략적 인수합병(M&amp;A)과... ,https://www.newsis.com/view/NISX20261005_0003814218,https://n.news.naver.com/mnews/article/003/0014233455?sid=101,"Mon, 05 Oct 2026 10:22:00 +0900",2026-10-05 10:44:59
AI/소프트웨어,클라우드 시장,각국 대표단이 만드는 'AI 국제표준'…ISO/IEC 42001 둘러싼 속내는? [IT백...,인증은 수출과 조달 시장에서 거래 조건으로 쓰인다. ISO/IEC JTC 1/SC 42 한국대표단장을 맡고 있는 조영임... 아마존웹서비스(AWS)는 2024년 11월 주요 클라우드 기업 가운데 처음으로 생성형 AI 서비스 '아마존 베드록... ,https://www.ddaily.co.kr/page/view/2026100320272012065,https://n.news.naver.com/mnews/article/138/0002243650?sid=105,"Mon, 05 Oct 2026 10:01:00 +0900",2026-10-05 10:45:00
AI/소프트웨어,클라우드 시장,"[AI가 바꾸는 보안] 안랩, 에이전틱 적용의 조건은 '통제된 자율성'",안랩은 AI 확산으로 보안시장이 두 방향에서 커질 것으로 보고 있다. 기존 보안 업무에 AI를 적용하는 'AI for... 안랩은 이 같은 수요에 대응해 인공지능전환(AX)·관리형서비스제공(MSP) 전문 자회사 안랩클라우드메이트... ,https://www.bloter.net/news/articleView.html?idxno=674857,https://n.news.naver.com/mnews/article/293/0000091217?sid=105,"Mon, 05 Oct 2026 10:00:00 +0900",2026-10-05 10:45:00
AI/소프트웨어,클라우드 시장,"의정부시, ‘취임 100일’ 쇼대신 현장 속으로… 김원기표 ‘실용주의 ...","김원기 의정부시장이 오는 10월 8일 취임 100일을 맞이하지만, 시청 강당에서 열리는 통상적인 축하... 이와 함께 경기 경제자유구역 후보지인 ‘캠프 레드클라우드(CRC)’를 의료·바이오·미디어·AI 거점으로 조성하는... ",https://www.viva100.com/article/20261005500192,https://www.viva100.com/article/20261005500192,"Mon, 05 Oct 2026 09:46:00 +0900",2026-10-05 10:45:00
AI/소프트웨어,클라우드 시장,'거품론' 논란 속 코파일럿 3000만 유료 좌석 돌파…수익화 시험대 오른...,기업용 소프트웨어 환경 전반에 생성형 인공지능이 안착하는 흐름은 한국 클라우드 관리 서비스 업계의... 지표가 시장 평가를 바꾸고 있다고 전했다. 마이크로소프트는 앞서 2026년 7월 29일 진행한 실적 설명회에서... ,https://www.g-enews.com/view.php?ud=202610050907444180fbbec65dfb_1,https://www.g-enews.com/view.php?ud=202610050907444180fbbec65dfb_1,"Mon, 05 Oct 2026 09:14:00 +0900",2026-10-05 10:45:00
AI/소프트웨어,클라우드 시장,진코스텍·엘리스그룹 일반청약[증시캘린더],"이번 주(10월 5~9일) 기업공개(IPO) 시장에서는 진코스텍, 엘리스그룹이 일반청약에 나선다. 다비오... 가능한 클라우드 기반 교육 실습 플랫폼 ‘엘리스LXP’를 선보이며 사업의 기반을 마련. 이를 바탕으로 삼성... ",https://www.edaily.co.kr/News/Read?newsId=01630166645609968&mediaCodeNo=257&utm_source=naver&utm_medium=referral&utm_campaign=news_syndication&utm_content=original_article,https://n.news.naver.com/mnews/article/018/0006381032?sid=101,"Mon, 05 Oct 2026 09:02:00 +0900",2026-10-05 10:45:00
AI/소프트웨어,클라우드 시장,[AI 데이터 플랫폼①] GPU 확보 다음 병목은 '데이터' ··· AI 인프라 경...,"수요가 시장 성장의 한 축으로 꼽힌다. 가트너 역시 75%가 넘는 조직이 AI 레디 데이터 관련 투자를 우선순위로 두고 있다고 분석했다. 기업이 보유한 문서와 이미지, 영상, 로그, 센서 데이터는 온프레미스와 클라우드... ",https://www.datanet.co.kr/news/articleView.html?idxno=214875,https://www.datanet.co.kr/news/articleView.html?idxno=214875,"Mon, 05 Oct 2026 09:00:00 +0900",2026-10-05 10:45:00
AI/소프트웨어,클라우드 시장,"슈나이더 일렉트릭 美 PTC 200억달러 인수 막바지…FT 보도, 이르면 5일...","(Windchill), 클라우드 기반 설계 도구 온쉐이프(Onshape)다. 애플리케이션수명주기관리(ALM) 도구... PLM 시장의 주요 경쟁사는 독일 지멘스(Siemens)와 프랑스 다쏘시스템(Dassault Systèmes)이다. 시장조사업체... ",https://www.ddaily.co.kr/page/view/2026100508562712884,https://n.news.naver.com/mnews/article/138/0002243642?sid=105,"Mon, 05 Oct 2026 08:58:00 +0900",2026-10-05 10:45:00
AI/소프트웨어,클라우드 시장,"[해킹 뉴노멀-7] &quot;지체할 시간없다, 협업하자&quot;... 박세준 티오리 대표","모두 클라우드, 쿠버네티스, 백엔드 인프라 구축 등에 주로 쓰이는 오픈소스 도구들이다. 박 대표는... 늘어났다&quot;며 &quot;그만큼 시장 수요가 커졌다는 의미&quot;라고 밝혔다. 이후 9월, 티오리는 미국 국방고등연구계획국(DARPPA)... ",https://www.boannews.com/news/articleView.html?idxno=146126,https://www.boannews.com/news/articleView.html?idxno=146126,"Mon, 05 Oct 2026 08:36:00 +0900",2026-10-05 10:45:00
AI/소프트웨어,클라우드 시장,美국채 금리 뛰는데 엔비디아는 신고가…‘AI 버팀목’ 언제까지,시장에서는 AI·반도체 기업의 실적과 성장 기대가 증시 하락을 막아준다는 의미로 ‘AI 풋’이라는 표현도 등장했다. 대형 클라우드 기업의 데이터센터 투자 확대가 관련 기업의 매출 증가로 이어질 것이라는 기대다.... ,https://www.kbmaeil.com/article/20261005500050,https://www.kbmaeil.com/article/20261005500050,"Mon, 05 Oct 2026 08:30:00 +0900",2026-10-05 10:45:00
AI/소프트웨어,클라우드 시장,[AI핫이슈] K-AI 전략 심판대...'결정 AI 모델' 벌써 격전지,"모델 시장 판세가 단숨에 다자간 경쟁 구도로 재편됐다. ㆍ'제브' 뜨니 판단·결정 AI 모델 단숨에... IBM은 기업이 직접 통제할 수 있는 온프레미스, 프라이빗 클라우드, 소버린 클라우드 및 외부 네트워크와 분리된... ",https://www.digitaltoday.co.kr/news/articleView.html?idxno=704999,https://www.digitaltoday.co.kr/news/articleView.html?idxno=704999,"Mon, 05 Oct 2026 08:10:00 +0900",2026-10-05 10:45:00
AI/소프트웨어,클라우드 시장,"씨이앤에스, ‘AI 서버 폭발적 발열’ 미스트 정밀 분사로 잡는다",대규모 클라우드 인프라를 운영하는 기업)의 AI 데이터센터의 열관리가 글로벌 테크 산업의 사활을 건... 친환경 선박 수냉식 냉각 시스템에서 입증된 기술력을 바탕으로 AI 데이터센터 시장으로 사업을 확장하며... ,https://www.mk.co.kr/article/12167055,https://n.news.naver.com/mnews/article/009/0005743914?sid=101,"Mon, 05 Oct 2026 08:06:00 +0900",2026-10-05 10:45:00
AI/소프트웨어,클라우드 시장,뜨거운 GPU·커지는 주민 민원…AIDC ‘보이지 않는 벽’,"일반 데이터센터가 데이터를 저장하고 클라우드 서비스를 제공하는 시설이라면 AIDC는 수백~수천장의... 유리한 시장”이라고 말했다. 냉각 방식은 랙의 전력밀도에 따라 달라져야 한다. 저밀도 구역은 공랭식, 고밀도... ",https://economist.co.kr/article/view/ecn202609280007,https://n.news.naver.com/mnews/article/243/0000103859?sid=105,"Mon, 05 Oct 2026 08:01:00 +0900",2026-10-05 10:45:00
AI/소프트웨어,AI 반도체,머스크 ‘테라팹’에 TSMC 합류하나…“협력 논의 중”,"테라팹은 머스크가 테슬라와 스페이스X, 인공지능(AI) 기업 xAI 등에 필요한 반도체를 안정적으로 확보하기 위해 추진하는 대규모 생산시설이다. 스페이스X와 테슬라는 미국 텍사스주 그라임스카운티에 테라팹을... ",http://www.joseilbo.com/news/news_read.php?uid=576836&class=17&grp=,https://n.news.naver.com/mnews/article/123/0002391306?sid=101,"Mon, 05 Oct 2026 10:38:00 +0900",2026-10-05 10:45:01
AI/소프트웨어,AI 반도체,"美 규제 뚫는 中 ‘장비 굴기’…CXMT, 7조 원 투자 중 93% 국산 장비 싹...","자국 반도체 장비 공급망 흡수에 나섰다. ▲ 기사 내용에 맞게 AI 이미지 제작 극자외선(EUV) 노광장비 도입이 차단된 상황에서 회로를 수직으로 쌓아 올리는 적층(3D)과 정밀 가공 기술로 우회로를 뚫고, 관련 핵심... ",https://www.megaeconomy.co.kr/news/newsview.php?ncode=1065576029869686,https://www.megaeconomy.co.kr/news/newsview.php?ncode=1065576029869686,"Mon, 05 Oct 2026 10:34:00 +0900",2026-10-05 10:45:01
AI/소프트웨어,AI 반도체,"LG유플러스, 옵트AI와 토큰 최적화 '맞손'…처리량 최대 4배 높인다","LG유플러스는 '엑사원(EXAONE)' 기반 소형언어모델에 경량화 기술을 적용해 스마트폰의 AI 전용 반도체인 NPU에서 구동할 수 있도록 해, 기존 CPU 방식과 동일한 수준의 성능을 유지하면서 전력 소모는 78%, 모델 크기는 82... ",https://www.thepublic.kr/news/articleView.html?idxno=321075,https://www.thepublic.kr/news/articleView.html?idxno=321075,"Mon, 05 Oct 2026 10:28:00 +0900",2026-10-05 10:45:01
AI/소프트웨어,AI 반도체,"손정의 &quot;초지능, 잘못된 손에 들어가면 극도로 위험&quot;…AI 안전성에 이례...","간지 CEO는 오픈AI 지분을 통한 대형언어모델(LLM), Arm을 통한 AI 반도체, 디지털브리지를 통한 전력 및 데이터센터라는 손 회장의 'AI 3축 전략'이 완성 단계를 향해 가고 있다고 덧붙였다.",https://www.aitimes.com/news/articleView.html?idxno=215965,https://www.aitimes.com/news/articleView.html?idxno=215965,"Mon, 05 Oct 2026 10:18:00 +0900",2026-10-05 10:45:01
AI/소프트웨어,AI 반도체,용인서 AI·로봇 체험…사이버과학축제 40여 부스 '북적',"보며, AI와 로봇 등 첨단기술이 일상에 스며든 미래도시로 성장하고 있음을 실감한다고 밝혔다. 이어 용인이 세계적인 반도체 중심도시로 도약하는 만큼, 이번 축제에서의 체험이 용인의 미래 인재를 양성하는 씨앗이... ",https://www.gukjenews.com/news/articleView.html?idxno=3713191,https://www.gukjenews.com/news/articleView.html?idxno=3713191,"Mon, 05 Oct 2026 10:04:00 +0900",2026-10-05 10:45:01
로봇/자율주행,로봇 주가,"상장 141일 만에 압수수색… 한국거래소, 코스모로보틱스 '35억 매출' 다...","경찰은 회사가 지난해 3월 재활치료용 웨어러블 로봇 약 4억원어치를 판매한 것처럼 처리하고, 같은 해 12월... 압수수색 소식이 알려진 지난달 30일 코스모로보틱스 주가는 가격 제한폭까지 떨어진 7520원에 마감했다.... ",https://www.thepublic.kr/news/articleView.html?idxno=321086,https://www.thepublic.kr/news/articleView.html?idxno=321086,"Mon, 05 Oct 2026 10:26:00 +0900",2026-10-05 10:45:01
로봇/자율주행,로봇 주가,"더코디, 임총 뒤로 늦춰진 납입…구본호 M&amp;A 자금력 '의문'",이와 함께 로봇 관련업 등 수십여개의 사업목적도 추가한다는 계획이다. ◇ 나흘 연속 상한가 후 폭락한 주가 하지만 개최 가능성은 불투명한 상태다. 자금 조달이 지연되는 과정에서 임시주총은 연거푸 지연됐기... ,https://www.sentv.co.kr/article/view/sentv202610010163,https://www.sentv.co.kr/article/view/sentv202610010163,"Mon, 05 Oct 2026 10:02:00 +0900",2026-10-05 10:45:01
로봇/자율주행,로봇 주가,"LG전자, 가전 넘어 AI·로봇으로…투자 시각 긍정 전환","과거에는 가전과 TV 등 전통적인 소비재 사업의 업황과 수요가 주가의 주요 변수였다면 앞으로는 AI와 데이터센터, 전장, 로봇 등 성장사업의 실적 기여도가 중요한 평가 요소가 될 수 있기 때문이다. 신성장 사업의 매출... ",https://www.pinpointnews.co.kr/news/articleView.html?idxno=492627,https://www.pinpointnews.co.kr/news/articleView.html?idxno=492627,"Mon, 05 Oct 2026 08:12:00 +0900",2026-10-05 10:45:01
로봇/자율주행,로봇 주가,"영화 ‘암살자(들)’이 누른 버튼, 이참에 다 꺼내놓고 이야기해볼까: ...","테슬라 FSD는 다섯 대 중 한 대만.로봇 손가락은 네 개면 충분.부캉이 구조 작업 중단.ADHD 처방, 19세 이하가 50... 천광암(동아일보 논설주간)은 “심야 게시글은 팩트체크와 정무 검토를 거치지 못한 ‘잠재적 폭탄’이나... ",https://slownews.kr/167337,https://slownews.kr/167337,"Mon, 05 Oct 2026 07:06:00 +0900",2026-10-05 10:45:01
로봇/자율주행,로봇 주가,[기업家] LG전자 ⑭ㅣ 엔비디아 손잡고 AI 데이터센터 공략…냉각 솔루...,이번 평가에서 신한투자증권은 LG전자의 주가 방향성이 기존 가전(HS)과 차량(VS) 부문에서 로봇·ES(Echo Solution) 등 밸류에이션 측면으로 이동하고 있다고 분석했다. 전날 LG전자 주가는 21만1500원이었다. 오강호... ,https://www.cbci.co.kr/news/articleView.html?idxno=612359,https://www.cbci.co.kr/news/articleView.html?idxno=612359,"Mon, 05 Oct 2026 06:10:00 +0900",2026-10-05 10:45:01
로봇/자율주행,로봇 주가,고금리 시대 증시 투자…성과 내기 어려운 업종은,송선재 하나증권 연구원은 &quot;자동차 주가는 자동차 판매량 둔화와 로봇 모멘텀 약화로 6~7월 급격한 조정을 겪고 8월 이후 박스권 내 등락을 지속하고 있다&quot;고 짚었다. 최근 환율 흐름도 자동차주 전망에 부정적인... ,https://www.dailian.co.kr/news/view/1697604/?sc=Naver,https://n.news.naver.com/mnews/article/119/0003139402?sid=101,"Mon, 05 Oct 2026 00:11:00 +0900",2026-10-05 10:45:01
로봇/자율주행,로봇 주가,손실 나도 정부 돈부터 까인다고?…성장펀드 ‘후순위 투자’ 뭐길래 [...,"투자 대상은 반도체·인공지능(AI)·바이오·로봇·방산 등 첨단전략 산업 기업입니다. 개별 자펀드는... ③ 트랜치: 하나의 투자상품을 위험과 손실 부담 순서에 따라 나눈 여러 층, 또는 그 층을 나누는 구조 주가는 누가... ",https://www.mk.co.kr/article/12167307,https://n.news.naver.com/mnews/article/024/0000108695?sid=101,"Sun, 04 Oct 2026 17:01:00 +0900",2026-10-05 10:45:01
로봇/자율주행,로봇 주가,"[인문자의 앤트로픽 이야기 | 인간·문화·자연] 앤트로픽 상장, 반도체...",만들며 로봇·의료·교육·과학·제조업으로 확산된다면 오늘의 수천억 달러 투자는 21세기 새로운 산업 인프라를 건설한 돈으로 기록될 것이다. 반대로 AI의 경제적 효과가 예상보다 늦어진다면 먼저 주가가 대가를... ,https://www.ajunews.com/view/20261004161541017,https://www.ajunews.com/view/20261004161541017,"Sun, 04 Oct 2026 16:24:00 +0900",2026-10-05 10:45:01
로봇/자율주행,로봇 주가,"금리 무섭다고 주식 팔면 안 돼…염승환 “코스피 여전히 싸다, 반도체...",전력·방산·조선·로봇으로 확산할 수 있다는 게 염 이사의 판단이다. 그는 코스피 PER이 5.45배 수준으로 30년 평균 9.8배보다 낮다는 점을 들어 “이익만 보면 한국 증시는 여전히 굉장히 싸다”며 “결국 주가는 기업... ,https://biz.heraldcorp.com/article/10892549?ref=naver,https://n.news.naver.com/mnews/article/016/0002705340?sid=101,"Sun, 04 Oct 2026 15:13:00 +0900",2026-10-05 10:45:01
로봇/자율주행,로봇 주가,"AI가 부른 완전 무인화…SFA, 생산라인 통째로 자동화한다","AI와 로봇, 자동화 설비가 결합하면서 생산라인 전체를 하나의 시스템으로 운영하려는 수요도 커질... 통합 엔지니어링 능력이 중요한 경쟁 요소가 될 수 있기 때문이다. 목표주가 3만9000원, 투자의견은 매수를 제시했다.",https://www.pinpointnews.co.kr/news/articleView.html?idxno=492561,https://www.pinpointnews.co.kr/news/articleView.html?idxno=492561,"Sun, 04 Oct 2026 14:20:00 +0900",2026-10-05 10:45:01
로봇/자율주행,로봇 주가,"롯데하이마트, 전국 매장서 10월 할인혜텍 제공… '이사·웨딩 페스티벌...","로보락 'S10 MAXV ULTRA' 로봇청소기는 149만원, 드리미 '아쿠아10' 로봇청소기는 59만9000원, 다이슨 'V10... 연결하겠다는 전략을 밝혔다. 롯데하이마트의 주가는 2일 기준 전일 대비 1.17% 오른 6,030원에 거래를 마쳤다.",http://www.biztribune.co.kr/news/articleView.html?idxno=360052,http://www.biztribune.co.kr/news/articleView.html?idxno=360052,"Sun, 04 Oct 2026 14:10:00 +0900",2026-10-05 10:45:01
로봇/자율주행,로봇 주가,"[공자의 고향 산둥성을 걷다] ④ 비 내리는 저녁 짙은 누룩 향, '3000년 술...",높은 도수와 부드러운 맛은 란링메이주가 자랑하는 술의 특징이자 주요 마케팅 포인트 중 하나다. [베이징=뉴스핌] 최헌규 베이징 특파원= 3천년 역사의 명주 란링메이주의 자동화 로봇 생산시설. 사진=뉴스핌 통신사.... ,https://www.newspim.com/news/view/20261004000023,https://www.newspim.com/news/view/20261004000023,"Sun, 04 Oct 2026 13:17:00 +0900",2026-10-05 10:45:01
로봇/자율주행,로봇 주가,"“78만원 찍더니”…현대차 주가 반토막, 판매 부진까지 덮쳤다",현대차 주가는 올해 초 보스턴다이내믹스의 휴머노이드 로봇 '아틀라스'를 앞세운 로봇·피지컬 AI 성장 기대감에 급등했다. 지난 1월 초 30만원 안팎이던 주가는 6월 초 장중 78만원을 넘어섰지만 지난 2일... ,https://www.ekn.kr/web/view.php?key=20261004026002106,https://www.ekn.kr/web/view.php?key=20261004026002106,"Sun, 04 Oct 2026 10:16:00 +0900",2026-10-05 10:45:01
로봇/자율주행,로봇 주가,"월가 비웃은 테슬라, 어닝 서프라이즈 폭발","향후 주가 상승 여지를 언급했다. 미래 기술 비전 핵심 투자자들은 일론 머스크 최고경영자가 추진하는 인공지능(AI), 로보택시, 휴머노이드 로봇 등 장기 사업 전략에 주목하고 있다. 테슬라의 기업가치는 약 1조4000억... ",https://www.jnilbo.com/news/articleView.html?idxno=90000070767,https://www.jnilbo.com/news/articleView.html?idxno=90000070767,"Sun, 04 Oct 2026 09:29:00 +0900",2026-10-05 10:45:01
로봇/자율주행,로봇 주가,“지금은 기대수익 낮추고 분할매수 시점” 해외주식 40% 담으라는 전문...,최지선 우리투자증권 강남금융센터 이사 강연 미국 빅테크와 자율주행·로봇 등에 40% 추천 국내는 20... 월 분배금을 받으면서 추가적인 주가 상승 수익을 노릴 수 있다는 설명이다. 다만 “주가가 하락할 때 시장을 100... ,https://biz.heraldcorp.com/article/10892620?ref=naver,https://n.news.naver.com/mnews/article/016/0002705256?sid=101,"Sun, 04 Oct 2026 08:01:00 +0900",2026-10-05 10:45:01
로봇/자율주행,로봇 주가,[로봇온사이트] 휴머노이드 상용화 여전한 '장벽'…장밋빛 전망 뒤 '성장...,"현대자동차그룹 로봇 자회사인 보스턴다이내믹스의 내년 기업공개(IPO) 추진 가능성이 낮다는 관측이 제기됐으며, 중국 유니트리는 상장 이후 주가가 고점 대비 55% 급락한 뒤 반등하지 못하고 있다. 휴머노이드가... ",https://www.theguru.co.kr/news/article.html?no=107846,https://www.theguru.co.kr/news/article.html?no=107846,"Sun, 04 Oct 2026 05:12:00 +0900",2026-10-05 10:45:01
로봇/자율주행,로봇 주가,900선 뚫은 코스닥…이번 반등은 진짜일까 [박진우의 개미수다],"반면, 주가수익비율(P/E)은 상반기 30배 수준에서 크게 낮아져 현재 역사적 평균인 17.5배를 소폭 웃도는... 소부장과 로봇 등 혁신 기업에 수급 유인책이 더해진다면 속도감 있는 재평가가 가능할 것”이라고 진단했다.... ",https://www.dt.co.kr/article/12087250?ref=naver,https://n.news.naver.com/mnews/article/029/0003051273?sid=101,"Sun, 04 Oct 2026 00:05:00 +0900",2026-10-05 10:45:01
로봇/자율주행,로봇 주가,골프캐디 로봇부터 데이터센터까지…세나테크놀로지의 새 성장축,"세나테크놀로지가 데이터센터와 산업현장용 제품 수요 확대에 이어 자율주행 골프캐디 로봇 사업에... 이 시장에서 새로운 사업 기회를 확보하는 방안을 추진하고 있다. 목표주가 8만원, 투자의견은 매수를 유지했다.",https://www.pinpointnews.co.kr/news/articleView.html?idxno=492481,https://www.pinpointnews.co.kr/news/articleView.html?idxno=492481,"Sat, 03 Oct 2026 16:08:00 +0900",2026-10-05 10:45:01
로봇/자율주행,로봇 주가,"테슬라, 3분기 인도량 전망치 상회…전기차 판매 회복세","향후 주가 상승 여지가 있다고 평가했다. 투자자들은 일론 머스크 최고경영자(CEO)가 추진하는 인공지능(AI), 로보택시, 휴머노이드 로봇 등의 사업에 더 큰 관심을 두고 있다. 약 1조4000억달러인 테슬라의 기업가치는... ",https://www.bloter.net/news/articleView.html?idxno=675004,https://n.news.naver.com/mnews/article/293/0000091201?sid=101,"Sat, 03 Oct 2026 15:00:00 +0900",2026-10-05 10:45:01
로봇/자율주행,로봇 주가,가전에서 로봇으로 중심 이동…LG전자 주가 레벨업 기대,LG전자의 주가를 움직이는 핵심 축이 기존 가전과 차량 부품에서 로봇과 냉난방공조(HVAC) 사업으로 이동할 것이라는 전망이 나왔다. 신한투자증권은 최근 보고서에서 로봇과 HVAC 사업의 성장 기대감이 부각되면서... ,https://www.pinpointnews.co.kr/news/articleView.html?idxno=492463,https://www.pinpointnews.co.kr/news/articleView.html?idxno=492463,"Sat, 03 Oct 2026 14:36:00 +0900",2026-10-05 10:45:01
로봇/자율주행,자율주행 산업,마세라티까지 파고든 중국車…이탈리아 명차의 반전 카드 [차이나 워치...,최근에는 중국 자율주행 업체 모멘타와 손잡고 첨단 운전자보조 기술을 공동 개발하기로 했다. 지정학적... 전문가들은 중국 자동차 산업의 해외 진출이 완성차 수출에서 기술 수출로 확장되고 있다는 점이 이번 협력설의... ,https://www.hankyung.com/article/202610042516i,https://n.news.naver.com/mnews/article/015/0005339142?sid=101,"Mon, 05 Oct 2026 10:43:00 +0900",2026-10-05 10:45:02
로봇/자율주행,자율주행 산업,"현대차, '2026 TCR 월드투어 5라운드' 우승...기대 효과는?","신에너지차, 자율주행 시대 급속 전개로 과거와는 다른 경쟁 양상이 전개되고 있다. 이럴때일 수록 자동차... 특히 중국 자동차 회사들의 해외시장 공략이 거세지면서 글로벌 자동차 산업의 생존 경쟁은 더욱 가열될... ",http://www.choicenews.co.kr/news/articleView.html?idxno=171939,http://www.choicenews.co.kr/news/articleView.html?idxno=171939,"Mon, 05 Oct 2026 10:06:00 +0900",2026-10-05 10:45:02
로봇/자율주행,자율주행 산업,대기업 R&amp;D 벨트로 떠오른 복정역···현대건설 '힐스테이트 송파더그...,"시장에서는 복정역 일대의 산업·업무시설 확충이 직주근접 수요를 확대할 수 있다는 점에 주목하고 있다.... 소프트웨어 중심 차량(SDV), 자율주행, 로보틱스 등 미래차 관련 연구개발 기능이 집적될 것으로 알려졌다.... ",https://www.enetnews.co.kr/news/articleView.html?idxno=55001,https://www.enetnews.co.kr/news/articleView.html?idxno=55001,"Mon, 05 Oct 2026 09:58:00 +0900",2026-10-05 10:45:02
로봇/자율주행,자율주행 산업,"현대직업전문학교, 국비지원 ‘모빌리티 오피스마스터 과정’ 개설",유성식 현대직업전문학교 이사장은 “전기차와 자율주행 등 미래 기술 중심으로 자동차 산업이 급변함에 따라 정비 인력에게 요구되는 역량도 달라지고 있다”며 “기술력은 물론 고객서비스와 보증수리 업무까지... ,http://www.beyondpost.co.kr/view.php?ud=2026100211305842269aeda69934_30,http://www.beyondpost.co.kr/view.php?ud=2026100211305842269aeda69934_30,"Mon, 05 Oct 2026 09:12:00 +0900",2026-10-05 10:45:02
로봇/자율주행,자율주행 산업,[기업하기 좋은 나라]② 작은 나라의 역설…내수 대신 유럽 전체를 시장...,"회사 설립부터 세금 신고까지 행정의 벽을 낮추고, 스타트업의 기술을 실제 산업과 현장으로 연결했다.... 보안, 자율주행 시스템, 국방 혁신 등에서 기업가·연구자·공공기관 간 협력이 에스토니아의 핵심 경쟁력... ",https://www.asiatime.co.kr/article/20261005500003,https://www.asiatime.co.kr/article/20261005500003,"Mon, 05 Oct 2026 09:06:00 +0900",2026-10-05 10:45:02
로봇/자율주행,자율주행 산업,"[기업하기 좋은 나라]③ 대학 기술이 전장으로…에스토니아, 스타트업 ...","회사 설립부터 세금 신고까지 행정의 벽을 낮추고, 스타트업의 기술을 실제 산업과 현장으로 연결했다.... 센서, 자율주행, 소프트웨어 등 민간 기술을 가진 스타트업이 진입하기 시작한 것이다. 에스토니아가 주목받는... ",https://www.asiatime.co.kr/article/20261005500007,https://www.asiatime.co.kr/article/20261005500007,"Mon, 05 Oct 2026 09:04:00 +0900",2026-10-05 10:45:02
로봇/자율주행,자율주행 산업,"복정역, 대기업 R&amp;D 벨트로…‘힐스테이트 송파더그리드’ 공급중","첨단 산업 거점 조성과 맞물려 강남(GBD)과 판교테크노밸리를 잇는 핵심 직주근접 배후 주거지로 부상하고 있다. 단지와 인접한 복합용지 2블록에는 현대자동차그룹이 소프트웨어 중심 차량(SDV), 자율주행, 로보틱스 등... ",https://www.sentv.co.kr/article/view/sentv202610020174,https://www.sentv.co.kr/article/view/sentv202610020174,"Mon, 05 Oct 2026 09:02:00 +0900",2026-10-05 10:45:02
로봇/자율주행,자율주행 산업,"통신망, 거대한 센서로 진화하다...'통신·센싱 융합(ISAC)' [지식용어]","이를 시작으로 ISAC은 향후 스마트시티의 실시간 교통 관제와 자율주행차의 보행자 사각지대 탐지, 산업용 로봇과 작업자의 위치를 오차 10cm 이하로 제어하는 스마트팩토리 디지털 트윈 등 다양한 미래 산업에 적용될... ",http://www.sisunnews.co.kr/news/articleView.html?idxno=247054,http://www.sisunnews.co.kr/news/articleView.html?idxno=247054,"Mon, 05 Oct 2026 09:00:00 +0900",2026-10-05 10:45:02
로봇/자율주행,자율주행 산업,사제파트너스 산업안전 가디언AI 투자…박은수 마수걸이,"2024년 설립된 가디언에이아이는 AI 영상 분석과 자율주행 로봇을 결합한 산업현장 안전관리 솔루션을 개발하는 회사다. 카메라 영상을 분석해 작업자의 넘어짐과 추락, 개인보호구 미착용 등 위험 상황을 실시간으로... ",https://dealsite.co.kr/articles/170090,https://dealsite.co.kr/articles/170090,"Mon, 05 Oct 2026 08:36:00 +0900",2026-10-05 10:45:02
로봇/자율주행,자율주행 산업,"[AI 시대, 통신법을 다시 묻다㊤] ‘통신사 독박 투자’ 공식 흔들린다","이미 다양한 플랫폼과 서비스가 네트워크를 기반으로 성장해왔지만 피지컬AI 시대에는 네트워크의 속도와 용량, 지연 성능이 로봇과 자율주행, 스마트팩토리 등 타 산업의 생산성과 비용 경쟁력까지 좌우할 것으로... ",https://www.ddaily.co.kr/page/view/2026100203300824312,https://n.news.naver.com/mnews/article/138/0002243640?sid=105,"Mon, 05 Oct 2026 08:01:00 +0900",2026-10-05 10:45:02
로봇/자율주행,자율주행 산업,"&quot;사우디, 2034 월드컵 경기장 '네옴 스타디움' 건설 계획 보류&quot;",건설산업 시장정보업체 MEED 프로젝트도 지역 내 입찰과 사업을 추적하는 분석팀의 자료를 바탕으로 예상... 지어져 자율주행 자동차와 고속 리프트로만 접근할 수 있고 풍력과 태양광 등 친환경 재생 에너지로... ,https://biz.sbs.co.kr/article_hub/20000338262?division=NAVER,https://n.news.naver.com/mnews/article/374/0000536244?sid=104,"Mon, 05 Oct 2026 07:54:00 +0900",2026-10-05 10:45:02
로봇/자율주행,자율주행 산업,"&quot;2030년 자율화&quot;… 가와사키中, 휴머노이드 '칼레이도'에 日 독자 AI 두뇌...",글로벌 산업용 로봇 시장의 66%를 쥐고 있으면서도 인간형 서비스 로봇 시장 점유율은 12%에 머물며 미국과... 이후 노에트라의 피지컬 AI 플랫폼이 현장 데이터를 학습해 고도화됨에 따라 자율 주행 및 조작 범위를... ,https://www.g-enews.com/view.php?ud=2026100500571420430c8c1c064d_1,https://www.g-enews.com/view.php?ud=2026100500571420430c8c1c064d_1,"Mon, 05 Oct 2026 06:36:00 +0900",2026-10-05 10:45:02
로봇/자율주행,자율주행 산업,사람은 내리고 AI는 올린다…뒤집히는 통신망 공식,"자율주행 로봇은 카메라와 라이다(LiDAR), 각종 센서가 수집한 정보를 AI가 있는 엣지나 클라우드로 보내야... 국내에서도 업링크 중심의 피지컬AI 트래픽을 실제 산업현장에서 검증하는 작업이 진행되고 있다. 삼성전자는... ",https://zdnet.co.kr/view/?no=20261004150224,https://n.news.naver.com/mnews/article/092/0002439816?sid=105,"Mon, 05 Oct 2026 06:30:00 +0900",2026-10-05 10:45:02
로봇/자율주행,자율주행 산업,"&quot;美·中 반도체 전쟁에도 국경 넘는다&quot;… 'RISC-V' 연합, 피지컬 AI·데이...",AI·자율주행 및 휴머노이드 로봇)' 핵심 두뇌로 응용처를 급격히 확장하면서 글로벌 컴퓨팅 지형의... 중국 당국은 지난 9월 공식 발표한 전자정보기술 산업 정책 문건을 통해 RISC-V 아키텍처 육성을 '제15차 5개년... ,https://www.g-enews.com/view.php?ud=2026100417061033950c8c1c064d_1,https://www.g-enews.com/view.php?ud=2026100417061033950c8c1c064d_1,"Mon, 05 Oct 2026 05:46:00 +0900",2026-10-05 10:45:02
로봇/자율주행,휴머노이드 로봇,역삼창업가거리서 세계시장 진출 AI·투자·로봇 기업 한판 경연 벌인다,"휴머노이드 로봇 연구 사례를 바탕으로 현실 공간에서 스스로 움직이고 판단하는 '피지컬 AI' 기술의 현재와 미래를 소개하고, 로봇 기술이 일상생활과 직업에 가져올 변화에 대해 설명할 예정이다. 강남구는 이번... ",https://www.public25.com/news/articleView.html?idxno=55914,https://www.public25.com/news/articleView.html?idxno=55914,"Mon, 05 Oct 2026 09:12:00 +0900",2026-10-05 10:45:03
로봇/자율주행,휴머노이드 로봇,"CJ대한통운·토스, 동네 상점 택배 취급점으로 활용한다",CJ대한통운은 최근 생활물류 영역에서 고객 접점을 확대하고 있다. 또 물류센터에 인공지능(AI) 휴머노이드 로봇을 실제 운영 공정에 투입하며 물류 자동화 기술 고도화에도 나섰다.,https://www.etnews.com/20261005000022,https://n.news.naver.com/mnews/article/030/0003472223?sid=101,"Mon, 05 Oct 2026 09:07:00 +0900",2026-10-05 10:45:03
로봇/자율주행,휴머노이드 로봇,"용인시, 시 승격 30주년 축제에 ‘과학·캐릭터·먹거리’[포토]",휴머노이드 로봇 축구와 AR 조아용 수집 등 가족 단위 체험 프로그램도 마련돼 시민들의 호응을 얻었다. 이상일 시장은 “미래 기술을 친숙하게 접한 경험이 용인의 미래 인재를 양성하는 씨앗이 되길 바란다”고... ,https://sports.donga.com/region/article/all/20261005/134785100/1,https://n.news.naver.com/mnews/article/382/0001297167?sid=102,"Mon, 05 Oct 2026 08:56:00 +0900",2026-10-05 10:45:03
로봇/자율주행,휴머노이드 로봇,"강남 역삼로에 스타트업·AI·로봇이 모인다, '스타트 트랙 위크 2026' 개...",데니스 홍 교수는 실제 연구 중인 휴머노이드 로봇 사례를 소개하며 사람처럼 현실 공간에서 움직이고 판단하는 '피지컬 AI'가 앞으로 우리의 일상과 직업을 어떻게 변화시킬지 알기 쉽게 설명할 예정이다. 강연은... ,http://www.enewstoday.co.kr/news/articleView.html?idxno=2476989,http://www.enewstoday.co.kr/news/articleView.html?idxno=2476989,"Mon, 05 Oct 2026 08:05:00 +0900",2026-10-05 10:45:03
로봇/자율주행,휴머노이드 로봇,"창업가거리서 세계로…강남구, '스타트 트랙 위크' 축제 개최","실제 연구 중인 휴머노이드 로봇 사례를 통해 사람처럼 현실 공간에서 움직이고 판단하는 '피지컬 AI'가 앞으로 일상과 직업을 어떻게 바꿀지 설명한다. 누구나 무료로 참석할 수 있으며, 자세한 내용은 강남 취... ",https://www.m-i.kr/news/articleView.html?idxno=2002572,https://www.m-i.kr/news/articleView.html?idxno=2002572,"Mon, 05 Oct 2026 07:42:00 +0900",2026-10-05 10:45:03
로봇/자율주행,휴머노이드 로봇,"산사음악회에 '로봇' 첫 등장..전등사, 삼랑성 역사문화축제 개막",천년의 숲을 배경으로 펼쳐진 가을밤 산사음악회는 휴머노이드 로봇의 군무와 감미로운 발라드 무대가 어우러져 관객들에게 색다른 감동을 선사했습니다. 윤호섭 기자가 보도합니다. --------------------------------- 〔리포트〕... ,https://www.btnnews.tv/news/articleView.html?idxno=91834,https://www.btnnews.tv/news/articleView.html?idxno=91834,"Mon, 05 Oct 2026 07:00:00 +0900",2026-10-05 10:45:03
로봇/자율주행,휴머노이드 로봇,"[물류사 AI 전환] ②CJ대한통운, '능력 검증 단계' 배차는 AI·포장은 로...",CJ대한통운은 작년 군포 풀필먼트센터에서 가능성을 검증한 뒤 용인 양지 올리브영 물류센터에 휴머노이드 양팔 로봇 2대를 투입했다. 로봇은 박스 안에 완충재를 넣는다. 회사 관계자는 &quot;실제 작업을 얼마나 안정적으로... ,https://www.fetv.co.kr/news/articleView.html?idxno=311192,https://www.fetv.co.kr/news/articleView.html?idxno=311192,"Mon, 05 Oct 2026 07:00:00 +0900",2026-10-05 10:45:03
로봇/자율주행,휴머노이드 로봇,"‘사람이 먼저’…거세지는 실리콘밸리 ‘안티AI’, 고민 깊어지는 빅테...","일부는 로봇 복장을 하고 거리 퍼포먼스를 벌였고, 로봇개와 휴머노이드(인간형) 로봇을 들고 와 군·감시용 AI에 반대한다는 메시지를 내걸었다. 현지 매체에 따르면 노동·이민자 권리·기후 단체 등 10여 단체에서... ",https://www.chosun.com/economy/tech_it/2026/10/05/BLM4NDA6XBEIBKCTTO4F5BJK4Y/?utm_source=naver&utm_medium=referral&utm_campaign=naver-news,https://n.news.naver.com/mnews/article/023/0004002102?sid=105,"Mon, 05 Oct 2026 06:01:00 +0900",2026-10-05 10:45:03
로봇/자율주행,휴머노이드 로봇,방탄실드 입고 스스로 판단…美육군도 깜놀한 실제 ‘터미네이터’ [밀...,"지상 무인 차량(UGV) 중심의 보급·부상자 이송 임무를 넘어, 6개월 이내에 휴머노이드형 로봇을 최전선 위험 임무에 투입하고 1년 안에 보병 없이 로봇만으로 만든 돌격대를 전면에 배치하겠다는 파격적인 목표를... ",https://www.joongang.co.kr/article/25467132,https://n.news.naver.com/mnews/article/025/0003555740?sid=100,"Mon, 05 Oct 2026 06:00:00 +0900",2026-10-05 10:45:03
로봇/자율주행,휴머노이드 로봇,휴머노이드 로봇 핵심 경쟁축 '손 기술',"라이센스뉴스 = 김진우 기자 | 휴머노이드 로봇 상용화의 핵심 지표가 단순 이동 능력에서 정교한 작업 수행이 가능한 손 제어 기술로 이동하고 있다. 업계에서는 외형적 유사성보다는 내구성과 충격 흡수, 미세한 힘 조절... ",https://www.lcnews.co.kr/news/articleView.html?idxno=209207,https://www.lcnews.co.kr/news/articleView.html?idxno=209207,"Mon, 05 Oct 2026 06:00:00 +0900",2026-10-05 10:45:03
로봇/자율주행,휴머노이드 로봇,"박정호 “AI와 로봇 발전의 끝은 결국 우주, 폭발하는 우주 산업에 올라...",실물 경제 전문가 박정호 명지대 특임교수 3줄 요약 ㆍ휴머노이드 로봇 대중화와 사상 최대 시장 ㆍ우주 발사체 재활용 기술로 비용 급감 ㆍ성장주는 빚투 지양하고 여윳돈 장기 투자 5일 조선일보 경제부 유튜브... ,https://www.chosun.com/economy/money/2026/10/05/7UU6JAXOB5GETLT5JO5WAMBBDM/?utm_source=naver&utm_medium=referral&utm_campaign=naver-news,https://n.news.naver.com/mnews/article/023/0004002101?sid=101,"Mon, 05 Oct 2026 05:31:00 +0900",2026-10-05 10:45:03
로봇/자율주행,휴머노이드 로봇,휴머노이드보다 위험한 ‘머시노이드’의 확산 [세상읽기],"중국은 하루가 다르게 발전하는 휴머노이드 로봇을 쏟아내고 있고, 일론 머스크는 3년이면 로봇이 인간 외과 의사보다 수술을 더 잘할 것이라고 장담했다. 많은 석학들은 인공지능이 아무리 발달해도 스스로 질문하고... ",https://www.hani.co.kr/arti/opinion/column/1280891.html,https://n.news.naver.com/mnews/article/028/0002825998?sid=110,"Mon, 05 Oct 2026 05:02:00 +0900",2026-10-05 10:45:03
로봇/자율주행,드론 시장,"사우디 지원 예멘 정부, 후티 반군에 전면전 선포…중동 정세 격화(종합...",후티가 홍해 연안을 장악하면서 해상 운송로와 에너지 시장에 대한 압박도 커졌다. 후티와 사우디 역시 서로... 후티는 이에 대응해 사우디 내부를 겨냥한 드론과 탄도미사일 공격을 감행했다. 또 이란 전쟁 당시 사우디의... ,https://www.news1.kr/world/usa-canada/6310394,https://n.news.naver.com/mnews/article/421/0009209591?sid=104,"Mon, 05 Oct 2026 10:37:00 +0900",2026-10-05 10:45:04
로봇/자율주행,드론 시장,"배민, 한강 드론라이트쇼 참여…푸드트럭서 간식 2000인분 무료 제공",베딜의민족이 서울특별시가 주최하는 '한강 드론라이트쇼'에 협력사로 참여한다. [우아한형제들]... 이번 행사에서는 뚝섬한강공원 메인 구역에 푸드트럭 2대를 마련하고 자양전통시장 호떡과 처갓집양념치킨 등 간식 총... ,https://www.ziksir.com/news/articleView.html?idxno=148308,https://www.ziksir.com/news/articleView.html?idxno=148308,"Mon, 05 Oct 2026 10:32:00 +0900",2026-10-05 10:45:04
로봇/자율주행,드론 시장,배민 참여한 '한강 드론라이트쇼'…배달 건수 27.2% '쑥',배달의민족 운영사 우아한형제들은 오는 9일 서울시가 주최하는 '한강 드론라이트쇼'에 협력사로 참여한다.... 5일 업계에 따르면 배민은 뚝섬한강공원 메인 구역에 푸드트럭 2대를 배치하고 자양전통시장 호떡... ,https://www.fnnews.com/news/202610051016542519,https://n.news.naver.com/mnews/article/014/0005584915?sid=105,"Mon, 05 Oct 2026 10:28:00 +0900",2026-10-05 10:45:04
로봇/자율주행,드론 시장,"“정조대왕 행차에 로봇이 떴다”…화성특례시, 역사와 미래 잇다",400여 명의 시민이 참여한 가운데 나비 드론과 복사꽃 헌화 퍼포먼스 등이 어우러져 정조대왕의 효심을... 정명근 화성특례시장은 &quot;정조효문화제와 정조대왕능행차는 단순한 역사 재현을 넘어 정조대왕의 효심과... ,https://www.asiatoday.co.kr/kn/view.php?key=20261005010001021,https://www.asiatoday.co.kr/kn/view.php?key=20261005010001021,"Mon, 05 Oct 2026 10:22:00 +0900",2026-10-05 10:45:04
로봇/자율주행,드론 시장,"&quot;고기 주문하니 하늘에서 뚝&quot;…영주시, 일상 속 ‘드론시대’ 성큼","황병직 영주시장은 &quot;이번 드론 배송 서비스는 지역 신선식품 유통 확대와 첨단 드론 기술, 관광산업이 결합한 새로운 모델&quot;이라며 &quot;영주호 오토캠핑장을 찾는 이용객들에게 한층 더 스마트하고 편리한 캠핑 경험을 제공할... ",https://news.tf.co.kr/read/national/2372919.htm,https://n.news.naver.com/mnews/article/629/0000539370?sid=102,"Mon, 05 Oct 2026 10:18:00 +0900",2026-10-05 10:45:04
로봇/자율주행,드론 시장,"배민, 한글날 한강서 먹거리·지역 맛집 알린다…2000인분 무료 제공",배민 운영사 우아한형제들은 서울시가 주최하는 한강 드론라이트쇼에 협력사로 참여해 오는 9일... 배민은 이번 행사에서 뚝섬한강공원 메인 구역에 푸드트럭 2대를 운영하고 자양전통시장 호떡과 처갓집양념치킨 등... ,https://www.newsis.com/view/NISX20261005_0003814170,https://n.news.naver.com/mnews/article/003/0014233438?sid=101,"Mon, 05 Oct 2026 10:09:00 +0900",2026-10-05 10:45:04
로봇/자율주행,드론 시장,"예멘 정부군, 후티 영토 탈환전 개시…홍해·호르무즈 전선 동시 확대",후티는 같은 날 사우디 수도 리야드와 쿠라이스 지역의 국영 석유회사 아람코 시설을 탄도미사일과 드론으... 캐피털 이코노믹스의 하마드 후세인 수석 이코노미스트는 &quot;선박에 대한 공격이 강화한 것은 석유 시장의... ,https://www.asiatoday.co.kr/kn/view.php?key=20261005010001009,https://www.asiatoday.co.kr/kn/view.php?key=20261005010001009,"Mon, 05 Oct 2026 10:08:00 +0900",2026-10-05 10:45:04
로봇/자율주행,드론 시장,영주시 ‘드론 자체 운용’ 경북도 지방재정 우수사례 장려상,축적된 운용 경험을 바탕으로 사업지 점검과 재난 대응 등 일반 행정 전반으로 드론 활용 영역도 넓히고 있다. 황병직 영주시장은 “직원들이 전문성을 높여 일하는 방식을 개선해 실질적인 결실을 거뒀다”며 “현장... ,https://www.kbmaeil.com/article/20261005500164,https://www.kbmaeil.com/article/20261005500164,"Mon, 05 Oct 2026 09:58:00 +0900",2026-10-05 10:45:04
로봇/자율주행,드론 시장,"배민, 한글날 뚝섬한강공원서 치킨·호떡 2000인분 무료 제공",드론라이트쇼’에 협력사로 참여해 푸드트럭과 지역 맛집을 소개하는 ‘민트스타’ 부스 등 오프라인 이벤트를 운영한다고 5일 밝혔다. 배민은 뚝섬한강공원 메인 구역에 푸드트럭 2대를 설치하고 자양전통시장... ,https://biz.chosun.com/distribution/food/2026/10/05/Z2IUCTASQBAJPNZEX2MZAWO24I/?utm_source=naver&utm_medium=original&utm_campaign=biz,https://n.news.naver.com/mnews/article/366/0001196114?sid=101,"Mon, 05 Oct 2026 09:50:00 +0900",2026-10-05 10:45:04
로봇/자율주행,드론 시장,"용인시 '30주년 기념, 시민과 함께' 2026 대한민국 조아용 페스티벌 성황","용인 30주년'을 주제로, 지난해 이상일 시장의 제안으로 시작된 '조아용 페스티벌'을 전국적인 대표 캐릭터... 로봇축구, 드론체험 등에 높은 관심을 보였다. 일부 체험은 준비한 물량이 조기에 소진될 정도로 인기를... ",https://www.gukjenews.com/news/articleView.html?idxno=3713159,https://www.gukjenews.com/news/articleView.html?idxno=3713159,"Mon, 05 Oct 2026 09:42:00 +0900",2026-10-05 10:45:04
로봇/자율주행,드론 시장,[유통딜리버리] 현대百ㆍGS25ㆍ세븐일레븐ㆍCUㆍ쿠팡ㆍ롯데온ㆍ배달의...,‘한강 드론라이트쇼’에 협력사로 참여한다. 공원 메인 구역에 푸드트럭 2대를 배치해 자양전통시장 호떡과 처갓집양념치킨 등 간식 2000인분을 무료로 제공할 예정이다. 현장 부스에서는 지역 맛집 선정 서비스... ,https://www.dnews.co.kr/uhtml/view.jsp?idxno=202610050917485890424,https://www.dnews.co.kr/uhtml/view.jsp?idxno=202610050917485890424,"Mon, 05 Oct 2026 09:40:00 +0900",2026-10-05 10:45:04
로봇/자율주행,드론 시장,[통하는 충남] ‘충청광역연합 특별법 제정’ 560만 힘 모은다,"대전시장, 조상호 세종시장, 신용한 충북도지사, 구형서 충청광역연합의회 의장과 업무협약을 체결했다.... 충남도립대서 ‘제13회 시군지적·드론 측량 경진대회’ 충남도는 지난 2일 충남도립대에서 시군 지적... ",https://www.kukinews.com/article/view/kuk202610050007,https://www.kukinews.com/article/view/kuk202610050007,"Mon, 05 Oct 2026 09:38:00 +0900",2026-10-05 10:45:04
로봇/자율주행,드론 시장,"배민, 한글날도 한강 드론라이트쇼 참여…2000인분 식사 무료제공",이번 한강 드론라이트쇼에서 배민은 뚝섬한강공원 메인 구역에 푸드트럭 2대를 배치한다. 자양전통시장 호떡과 처갓집양념치킨 등 간식 총 2000인분을 무료로 제공한다. 지역 맛집 큐레이션 서비스 '민트스타'에 선정된... ,https://www.etnews.com/20261005000032,https://n.news.naver.com/mnews/article/030/0003472233?sid=101,"Mon, 05 Oct 2026 09:28:00 +0900",2026-10-05 10:45:04
로봇/자율주행,드론 시장,스타벅스 청년 예술 무대 넓히고 배민 한강 드론쇼 먹거리 상생,"주최하는 '한강 드론라이트쇼' 협력사로 참여해 9일 뚝섬한강공원에서 오프라인 이벤트를 연다. 배민은 뚝섬한강공원 메인 구역에 푸드트럭 2대를 투입해 자양전통시장 명물 호떡과 처갓집양념치킨 등 간식 2,000인분을... ",https://www.globale.co.kr/news/articleView.html?idxno=40788,https://www.globale.co.kr/news/articleView.html?idxno=40788,"Mon, 05 Oct 2026 09:24:00 +0900",2026-10-05 10:45:04
로봇/자율주행,드론 시장,"배민, 9일 '한강 드론라이트쇼'서 무료 시식·맛집 부스 운영","이번 한강 드론라이트쇼에서 배민은 뚝섬한강공원 메인 구역에 푸드트럭 2대를 배치하고 자양전통시장 호떡, 처갓집양념치킨 등 간식 총 2천인분을 무료로 제공할 예정이다. 또한 지역 맛집 큐레이션 서비스 '민트스타'에... ",http://www.popcornnews.net/news/articleView.html?idxno=134924,http://www.popcornnews.net/news/articleView.html?idxno=134924,"Mon, 05 Oct 2026 09:20:00 +0900",2026-10-05 10:45:04
로봇/자율주행,드론 시장,"정명근 시장, &quot;정조대왕의 효와 애민정신, 오늘의 시민행정으로 이어가...",&quot; 정명근 화성특례시장이 이틀간 시민들과 함께한 '정조 효 문화제'를 마무리하며 정조대왕의 효와... 길'과 드론 라이트쇼 등 다양한 프로그램을 통해 정조의 이야기를 현대적으로 즐겼다. 전통문화 체험 프로그램도... ,https://www.tournews21.com/news/articleView.html?idxno=144957,https://www.tournews21.com/news/articleView.html?idxno=144957,"Mon, 05 Oct 2026 09:18:00 +0900",2026-10-05 10:45:04
로봇/자율주행,드론 시장,"대천해수욕장, 해수부 '2026 우수해수욕장' 선정",대천해수욕장은 올해 안전관리요원 92명을 배치하고 24시간 순환근무 체계를 운영했으며 드론을 활용한 해변... 엄승용 보령시장은 &quot;이번 우수해수욕장 선정은 관광객의 안전과 편의를 위해 관계기관·단체가 함께 노력해... ,https://www.shinailbo.co.kr/news/articleView.html?idxno=5068550,https://www.shinailbo.co.kr/news/articleView.html?idxno=5068550,"Mon, 05 Oct 2026 09:18:00 +0900",2026-10-05 10:45:04
로봇/자율주행,드론 시장,정상 방문 관례 깬 공격…북한 언급한 젤렌스키 [소셜픽],"키이우를 드론으로 공격했습니다. 젤렌스키 대통령은 북한이 러시아와 기술을 공유하고 있다고 말했습니다. 현지 시간 4일, 검은색 물체가 차들이 지나는 다리 한가운데로 떨어져 폭발합니다. 키이우 시장은 이틀 연속... ",https://news.jtbc.co.kr/article/NB12321333?influxDiv=NAVER,https://n.news.naver.com/mnews/article/437/0000514068?sid=104,"Mon, 05 Oct 2026 09:15:00 +0900",2026-10-05 10:45:04
게임/엔터,게임 주가,펄어비스 주가 전망 [금주 주목할 게임 IT 주식],"&lt;편집자 주&gt; ※ '금주의 주목할 게임 IT 주식'은 특정 종목 매수를 권장하지 않으며, 한 주간 주목할만한 이슈를 가진 종목의 장단점을 소개하는 코너입니다. 또한 주목할 이슈를 가진 종목들은 변동성에 대한 우려가... ",https://www.khgames.co.kr/news/articleView.html?idxno=309010,https://www.khgames.co.kr/news/articleView.html?idxno=309010,"Mon, 05 Oct 2026 10:36:00 +0900",2026-10-05 10:45:04
게임/엔터,게임 주가,"스마일게이트 IPO, 오너리스크 해법 될까","게임업계에서는 상장 당시 시장의 높은 기대가 기업가치에 반영되는 경우가 있는 반면, 상장 이후 사업 성과나 시장 환경이 달라지면서 주가와 시가총액이 하락하는 사례도 있었다. 스마일게이트 입장에서는 IPO가... ",https://www.g-enews.com/view.php?ud=20261002112700565738169980b3_1,https://www.g-enews.com/view.php?ud=20261002112700565738169980b3_1,"Mon, 05 Oct 2026 08:02:00 +0900",2026-10-05 10:45:04
게임/엔터,게임 주가,1인극에서 만나는 스타들…노재원·이동휘·킹키의 도전,"영화 '타짜: 벨제붑의 노래', 넷플릭스 시리즈 '정신병동에도 아침이 와요', '오징어 게임 2·3' 등에 출연하며 주가를 올리고 있는 노재원이 차기작으로 택한 무대라는 점에서도 관심을 끈다. 노재원은 &quot;하지 않을 수 없을... ",https://www.newsis.com/view/NISX20261002_0003812193,https://n.news.naver.com/mnews/article/003/0014233320?sid=103,"Mon, 05 Oct 2026 08:00:00 +0900",2026-10-05 10:45:04
게임/엔터,게임 주가,"엔씨 '아이온2', 글로벌 출발 '순항'…얼리 액세스 동접 17만",PC 게임 플랫폼 스팀에서 글로벌 매출 차트 1위에 올랐다. 미국·프랑스·독일·스페인·브라질 등 12개국에서도 매출 1위를 기록했다. TL 대비 최고 동접자 3배↑…주가도 이틀새 15% '쑥' 스팀 통계 사이트 스팀DB 기준... ,https://www.news1.kr/it-science/game-review/6309329,https://n.news.naver.com/mnews/article/421/0009209434?sid=105,"Mon, 05 Oct 2026 07:15:00 +0900",2026-10-05 10:45:04
게임/엔터,게임 주가,‘아이온2’ 5일 글로벌 출시 … 엔씨 주가 힘받나,먼저 해보기서 스팀 매출 1위 동시 접속 17만명 최근 2거래일 주가 14% 급등 서브컬처·슈팅 등 후속작 대기... 다중접속역할수행게임(MMORPG) ‘아이온2’가 5일 글로벌 시장에 정식 출시된다. 정식 출시 전 먼저 해 보기... ,https://www.chosun.com/economy/tech_it/2026/10/05/ZKW7MB4K2BC7DNXMUMRFQJD7GU/?utm_source=naver&utm_medium=referral&utm_campaign=naver-news,https://n.news.naver.com/mnews/article/023/0004002104?sid=105,"Mon, 05 Oct 2026 06:01:00 +0900",2026-10-05 10:45:04
게임/엔터,게임 주가,&quot;정식 출시도 안했는데&quot;…스팀 매출 '글로벌 1위' 찍었다,엔씨소프트의 야심작 다중접속역할수행게임(MMORPG) '아이온2'가 흥행 조짐을 보이고 있다. 글로벌 정식... 이같은 흥행 기대감은 고스란히 주가 상승으로 이어졌다. 실제 얼리 액세스 성과가 알려진 1일 엔씨 주가는 장... ,http://www.wowtv.co.kr/NewsCenter/News/Read?articleId=A202610020109&t=NN,https://n.news.naver.com/mnews/article/215/0001268173?sid=101,"Mon, 05 Oct 2026 06:00:00 +0900",2026-10-05 10:45:04
게임/엔터,게임 주가,"사발렌카도 3회전에서 덜미.. 세계 1,2위 모두 탈락한 차이나오픈",바툰코바는 기본적으로 본인의 서브게임을 완벽하게 지배했다. 사발렌카는 본인의 이번 대회 첫 경기였던... 동갑 사라 베일렉(29위)과 함께 체코의 신형 기수로 주가를 올리고 있다. 사발렌카라는 대어를 낚은... ,https://www.tennis.co.kr/news/articleView.html?idxno=53949,https://m.sports.naver.com/general/article/481/0000014403,"Mon, 05 Oct 2026 05:48:00 +0900",2026-10-05 10:45:04
게임/엔터,게임 주가,메모리 공급 과잉 우려 다시 고개… “2028년까진 공급 부족”,"주가가 한때 약세를 보였으며, 다음 날도 장 초반 3% 이상 떨어졌다. 최근 급등한 미국 국채 금리 여파도 있었지만, 호황기에 공장을 증설했다가 몇 년 뒤 물량이 한꺼번에 풀리며 가격이 급락했던 ‘메모리 치킨게임’... ",https://www.kmib.co.kr/article/view.asp?arcid=9000019766&cp=nv,https://n.news.naver.com/mnews/article/005/0001876699?sid=101,"Mon, 05 Oct 2026 00:27:00 +0900",2026-10-05 10:45:04
게임/엔터,게임 주가,“2028년 이후가 문제”… 메모리 증설 경쟁에 ‘공급 과잉’ 우려 다시...,"주가가 한때 약세를 보였으며, 다음 날도 장 초반 3% 이상 떨어졌다. 최근 급등한 미국 국채 금리 여파도 있었지만, 호황기에 공장을 증설했다가 몇 년 뒤 물량이 한꺼번에 풀리며 가격이 급락했던 ‘메모리 치킨게임’... ",https://www.kmib.co.kr/article/view.asp?arcid=9000019681&cp=nv,https://n.news.naver.com/mnews/article/005/0001876638?sid=101,"Sun, 04 Oct 2026 16:58:00 +0900",2026-10-05 10:45:04
게임/엔터,게임 주가,[10월5일자] 비즈니스포스트 아침의 주요기사,"● 4대 금융지주 주주환원 10조 바라본다, 금리인상기 주가 기대감도 유효 ● [오늘Who] 오리온 하노이 포장재... 아시안게임 4일 폐막, 한국 종합 3위로 마무리 ● 현대백화점 네팔 홍수 피해 복구 성금 3억 전달, 정지영... ",https://www.businesspost.co.kr/BP?command=article_view&num=448605,https://www.businesspost.co.kr/BP?command=article_view&num=448605,"Sun, 04 Oct 2026 16:52:00 +0900",2026-10-05 10:45:04
게임/엔터,게임 주가,&quot;버핏 따라하다간 큰일 납니다&quot;…내 계좌 지키는 '손절 공식' [조윤남의...,"우리는 워렌 버핏과 같은 게임을 해서는 안 된다는 것이다. 미국 기업 한 회사를 누구보다 깊이 연구해... 주가가 30% 오르고, 다시 60%, 100% 이상 오르면 투자자의 생각은 달라진다. ‘이렇게 좋은 종목을 왜 팔아야... ",https://www.hankyung.com/article/202609289440i,https://n.news.naver.com/mnews/article/015/0005338974?sid=101,"Sun, 04 Oct 2026 14:01:00 +0900",2026-10-05 10:45:04
게임/엔터,게임 주가,'한국 축구 희망 봤다' 모레노 감독 눈도장 쾅! 차세대 국대 9번 경쟁에...,이번 아시안게임에서 한국 축구가 얻은 수확은 여러 선수의 병역 특례에 그치지 않는다. 차세대 '국대 9번'이... 이뿐만이 아니라 경기를 지켜본 팬 및 관계자들에게 본인의 기량을 뽐내 주가를 높였다. 신체 조건을 활용한... ,https://www.sportalkorea.com/news/articleView.html?idxno=2025052909553588450,https://m.sports.naver.com/kfootball/article/139/0002254032,"Sun, 04 Oct 2026 12:02:00 +0900",2026-10-05 10:45:04
게임/엔터,게임 주가,"'강원 47번 계보' 삼인방, 모두 금메달! 아시안게임 우승에서 찾은 '강원...",대한민국의 아시안게임 4연패에서 강원FC 육성의 성과를 찾을 수 있었다. 이민성 감독이 이끄는 대한민국... 지난 2026 국제축구연맹(FIFA) 북중미 월드컵으로 주가를 높인 이기혁도 이번 금메달로 앞으로 대표팀 경쟁력에... ,http://www.footballist.co.kr/news/articleView.html?idxno=215460,https://m.sports.naver.com/kfootball/article/436/0000113859,"Sun, 04 Oct 2026 10:17:00 +0900",2026-10-05 10:45:04
게임/엔터,게임 주가,영화도 음악도 제쳤다…美 스포츠베팅의 질주,미국게임협회(AGA)에 따르면 2025년 주정부가 규제하는 스포츠베팅의 실제 매출은 169억 6000만 달러였다. 총... 그해 미 연방대법원이 주정부의 스포츠베팅 합법화를 막던 연방법을 무력화하면서 각 주가 잇따라 시장을... ,https://www.fortunekorea.co.kr/news/articleView.html?idxno=54292,https://www.fortunekorea.co.kr/news/articleView.html?idxno=54292,"Sun, 04 Oct 2026 09:30:00 +0900",2026-10-05 10:45:04
게임/엔터,게임 주가,[기업家] 앤트로픽 ㅣ 천문학적 투자·신모델 승부수…IPO 앞두고 '총력...,블룸버그 통신은 소식통을 인용해 앤트로픽이 11월 9일이 포함된 주간에 IPO 공식 마케팅(로드쇼)을... 소네트 5.5는 텍스트 입력 없이 스크린샷 이미지만으로 '포켓몬 레드' 게임을 클리어하는 성능을 보였다. 속도는... ,https://www.cbci.co.kr/news/articleView.html?idxno=612233,https://www.cbci.co.kr/news/articleView.html?idxno=612233,"Sun, 04 Oct 2026 08:06:00 +0900",2026-10-05 10:45:04
게임/엔터,게임 주가,&quot;예쁜 사람이 간도 크네&quot;…돈 걸고 선택하게 했더니 뜻밖의 '외모 효과...,"주가가 급락하는 날, 매도 버튼 앞에서 손가락이 망설여집니다. '더 떨어지기 전에 팔자'고 생각하는 사람이... 마지막은 두 사람이 선택하는 '사슴사냥(Stag Hunt)' 게임이었습니다. 안전한 선택을 하면 상대방이 무엇을... ",https://view.asiae.co.kr/article/2026100213251908341,https://n.news.naver.com/mnews/article/277/0005824432?sid=104,"Sun, 04 Oct 2026 07:03:00 +0900",2026-10-05 10:45:04
게임/엔터,게임 주가,"냅스터 숀 파커, 이번엔 규칙 지킨다…스태빌리티AI에 3대 음반사 7,600만...","이 구제 금융을 계기로 파커의 오랜 친구인 프렘 아카주가 최고경영자에 올랐고 파커는 이사회 의장직인... 유니버설뮤직그룹과 워너뮤직그룹, 소니뮤직그룹이 모두 지분을 확보했고 게임사 일렉트로닉 아츠도... ",https://www.wikitree.co.kr/articles/1163807,https://www.wikitree.co.kr/articles/1163807,"Sun, 04 Oct 2026 06:08:00 +0900",2026-10-05 10:45:04
게임/엔터,엔터테인먼트 산업,유해진 집 앞까지 번진 논란…영화계 19개 단체 한목소리 &quot;개인 안전 위...,"전국영화산업노동조합, 여성영화인모임, 부산영화인연대 등 제작과 연출, 촬영, 배급, 상영, 노동 등을... 이에 유해진의 소속사 VAST엔터테인먼트도 5일 비방과 허위사실, 악의적인 인신공격 및 사생활 침해 등에 대해... ",https://www.tvreport.co.kr/movie/article/1080616/,https://m.entertain.naver.com/article/213/0001403496,"Mon, 05 Oct 2026 10:30:00 +0900",2026-10-05 10:45:05
게임/엔터,엔터테인먼트 산업,‘독파모’ 국감 AI현안 전면에…캐릭터챗 AI 안정성 문제도 검증대,독파모는 국내 기업의 AI 모델 개발 역량을 끌어올리고 산업·사회 현장에 국산 AI를 확산하는 사업인 반면... 스캐터랩은 이용자가 AI 캐릭터와 대화하며 이야기를 만들어가는 AI 엔터테인먼트 플랫폼 ‘제타’를... ,https://www.ddaily.co.kr/page/view/2026100217164682597,https://n.news.naver.com/mnews/article/138/0002243648?sid=105,"Mon, 05 Oct 2026 10:00:00 +0900",2026-10-05 10:45:05
게임/엔터,엔터테인먼트 산업,"원작은 韓, 애니는 日… '나혼렙' 이어 '템빨'도 역수입",5일 카카오엔터테인먼트에 따르면 지난 2일 한국과 일본에서 동시 방영을 시작하는 '템빨-아이템의 힘'은... 익명을 요청한 콘텐츠 산업 전문가는 &quot;'킹 오브 킹스'처럼 글로벌을 공략하는 K애니메이션도 있기 때문에 한국에... ,https://it.chosun.com/news/articleView.html?idxno=2023092171379,https://it.chosun.com/news/articleView.html?idxno=2023092171379,"Mon, 05 Oct 2026 09:34:00 +0900",2026-10-05 10:45:05
게임/엔터,엔터테인먼트 산업,'XMF 2026' 이틀간 4만2000명 동원…한일 아티스트 22팀 무대,"한편 'XMF 2026'은 XMF 조직위원회와 NPO법인 일한문화교류회가 공동 주최했다. 일본 문화·엔터테인먼트산업진흥협회와 일본음악제작자연맹, 인천광역시, 인천관광공사가 후원했다.",https://www.slist.kr/news/articleView.html?idxno=771070,https://www.slist.kr/news/articleView.html?idxno=771070,"Mon, 05 Oct 2026 09:18:00 +0900",2026-10-05 10:45:05
게임/엔터,엔터테인먼트 산업,"YB·데이식스·원 오크 록, 빗속에서 완성한 한일 합작 록 페스티벌","한편 'XMF 2026'은 XMF 조직위원회와 NPO법인 일한문화교류회가 공동 주최하고, 일본 문화·엔터테인먼트산업진흥협회, 일본음악제작자연맹, 인천광역시, 인천관광공사가 후원했다.",https://www.topstarnews.net/news/articleView.html?idxno=16238341,https://www.topstarnews.net/news/articleView.html?idxno=16238341,"Mon, 05 Oct 2026 09:14:00 +0900",2026-10-05 10:45:05
게임/엔터,엔터테인먼트 산업,"원오크록 뛰고, 데이식스 떼창⋯비도 못 막은 'XMF 2026' 열기 [종합]","XMF는 한국과 일본 음악계가 공동으로 준비한 국제 교류 페스티벌로, XMF 조직위원회와 NPO법인 일한문화교류회가 공동 주최하고 인천광역시, 인천관광공사, 일본 문화·엔터테인먼트산업진흥협회(CEIPA)... ",https://www.etoday.co.kr/news/view/2632380,https://www.etoday.co.kr/news/view/2632380,"Mon, 05 Oct 2026 07:30:00 +0900",2026-10-05 10:45:05
게임/엔터,엔터테인먼트 산업,재팬오픈은 일본 기업 생태계의 쇼룸,주택ㆍ부동산ㆍ요양ㆍ의료ㆍ스포츠ㆍ엔터테인먼트 등 생활과 밀접한 사업 영역을 갖고 있다.... 일본 기업의 '산업 포트폴리오'가 들어오는데 여기서 차이나오픈과 굉장히 다른 모습이 나타난다.... ,http://www.tennispeople.kr/news/articleView.html?idxno=19608,http://www.tennispeople.kr/news/articleView.html?idxno=19608,"Mon, 05 Oct 2026 06:44:00 +0900",2026-10-05 10:45:05
게임/엔터,엔터테인먼트 산업,"[김지욱 저작권썰.zip](62)-1. ‘오디세이’ 210만, ‘스파이더맨’ 590만...",지난달 29일 국회에서 열린 ‘한국 엔터테인먼트 산업 발전의 저해 요소와 극복 방안’ 정책 세미나에서는 주소를 바꿔 재등장하는 불법 사이트에 기존 차단 명령을 신속하게 확대 적용하는 ‘한국형 모색적 금지명령’... ,https://isplus.com/article/view/isp202610010240,https://m.entertain.naver.com/article/241/0003533759,"Mon, 05 Oct 2026 05:40:00 +0900",2026-10-05 10:45:05
게임/엔터,엔터테인먼트 산업,한일 음악 페스티벌 ‘XMF 2026(Xnterstellar Music Festival 2026)’ 3일 ...,"이번 행사는 XMF 조직위원회와 NPO법인 일한문화교류회가 공동 주최하고, 일본 문화·엔터테인먼트산업진흥협회(CEIPA), 일본음악제작자연맹(FMPJ), 인천광역시, 인천관광공사가 후원한다. ‘XMF’는 한일 양국의... ",https://sports.khan.co.kr/article/202610050323003?pt=nv,https://m.entertain.naver.com/article/144/0001142155,"Mon, 05 Oct 2026 03:24:00 +0900",2026-10-05 10:45:05
게임/엔터,엔터테인먼트 산업,엘레나 히메네스 안달루시아관광청 담당관 &quot;단독 목적지로 도약할 것&quot;,"그는 한국 시장이 스페인 관광 산업에서 차지하는 비중이 최근 수년간 폭발적으로 성장했음을 거듭... 또한 세계 최고 수준의 미식, 풍부한 역사 문화, 활기찬 엔터테인먼트와 여가, 현지인들의 삶에 깊숙이 스며드는 '단... ",http://www.ttlnews.com/news/articleView.html?idxno=3149187,http://www.ttlnews.com/news/articleView.html?idxno=3149187,"Mon, 05 Oct 2026 00:40:00 +0900",2026-10-05 10:45:05
게임/엔터,엔터테인먼트 산업,"'XMF 2026', 관객 100% 만족시킨 첫날 공연 종료",이번 행사는 XMF 조직위원회와 NPO법인 일한문화교류회가 공동 주최하고 일본 문화·엔터테인먼트산업진흥협회(CEIPA)·일본음악제작자연맹(FMPJ)·인천광역시·인천관광공사가 후원한다. 페스티벌의 생생한... ,https://www.mydaily.co.kr/page/view/2026100417553444805,https://m.entertain.naver.com/article/117/0004112180,"Sun, 04 Oct 2026 17:56:00 +0900",2026-10-05 10:45:05
게임/엔터,엔터테인먼트 산업,10월5일 알림,"지난해 경주 APEC 정상회의 성과 등을 기반으로, 문화창조산업 분야에서 지속 가능한 국제협력을 하기 위해... ◇ 제이와이피 엔터테인먼트는 그룹 스트레이 키즈의 방찬이 지난 3일 생일을 맞아 ㈔히어사이클(청각장애인... ",https://www.hani.co.kr/arti/society/ngo/1280847.html,https://n.news.naver.com/mnews/article/028/0002825954?sid=102,"Sun, 04 Oct 2026 17:40:00 +0900",2026-10-05 10:45:05
게임/엔터,엔터테인먼트 산업,"수장 바꾸고 불법 유통 잡고…네이버웹툰, 성장 전략 '고도화'","김준구 CEO는 &quot;한국은 웹툰 산업이 가장 성숙한 시장이자 글로벌 웹툰 생태계의 중요한 거점으로, 안정적인 사업 기반 강화와 새로운 시도가 동시에 요구되는 곳&quot;이라며 &quot;이번 개편을 통해 웹툰 엔터테인먼트는 글로벌... ",https://www.newsway.co.kr/news/view?ud=2026100216285462703,https://www.newsway.co.kr/news/view?ud=2026100216285462703,"Sun, 04 Oct 2026 17:22:00 +0900",2026-10-05 10:45:05
게임/엔터,엔터테인먼트 산업,[여의도풍향계] 국정감사 증언대 서는 JYP…조희대 증인 충돌 되풀이,이 대통령은 지난해 9월 K팝 산업의 개척자로 평가받는 박진영 씨를 '장관급' 위원장에 전격 임명했습니다.... &quot; 박 위원장은 국회에 출석해 JYP 엔터테인먼트의 패노메논 해외 상표권 보유 논란과 해외출장비 집행 등에... ,http://www.yonhapnewstv.co.kr/news/MYH202610031430478B7,https://n.news.naver.com/mnews/article/422/0000912424?sid=100,"Sun, 04 Oct 2026 11:01:00 +0900",2026-10-05 10:45:05
게임/엔터,엔터테인먼트 산업,"아도·윤하·나카시마 미카, 한일 페스티벌 XMF 첫날 인천 달궜다","'XMF 2026'은 XMF 조직위원회와 NPO법인 일한문화교류회가 공동 주최하고, 일본 문화·엔터테인먼트산업진흥협회(CEIPA), 일본음악제작자연맹(FMPJ), 인천광역시, 인천관광공사가 후원하는 국제 교류 페스티벌이다.... ",https://www.topstarnews.net/news/articleView.html?idxno=16237640,https://www.topstarnews.net/news/articleView.html?idxno=16237640,"Sun, 04 Oct 2026 09:08:00 +0900",2026-10-05 10:45:05
게임/엔터,엔터테인먼트 산업,[월드 투데이] 생성형 AI 시대 '죽은 자와의 윤리'를 묻다… 소설 'What W...,"엔터테인먼트 및 테크 산업에서는 딥페이크와 정교한 알고리즘을 결합해 문화적 가치를 보존한다는 명목을 내세우지만, 현실에서는 유족 및 당사자의 명확한 동의 없는 저작권 행사와 데이터 남용 문제가 수면 위로... ",http://www.wikileaks-kr.org/news/articleView.html?idxno=191874,http://www.wikileaks-kr.org/news/articleView.html?idxno=191874,"Sun, 04 Oct 2026 06:08:00 +0900",2026-10-05 10:45:05
게임/엔터,엔터테인먼트 산업,인플레에 볼링ㆍ오락실 끊은 미국인들⋯레저산업 극심한 불황,레저산업이 어려움을 겪고 있다. 인플레이션과 금리 인상에 따른 차입비용 상승 탓에 미국인이 신중한... 시작하면서 엔터테인먼트나 레저 등 선택적 소비 업종이 적잖은 타격을 입고 있다. 국제 신용평가사 무디스는... ,https://www.etoday.co.kr/news/view/2630459,https://www.etoday.co.kr/news/view/2630459,"Sun, 04 Oct 2026 06:00:00 +0900",2026-10-05 10:45:05
게임/엔터,콘텐츠 수출,"아시아 로그 10 | 이란 벨트, 무너진 축과 홀로 남은 변방",아시아 로그는 이란 벨트의 흔적들을 살펴봤다.AI 생성 이미지 이 콘텐츠는 아시아엔 프리미엄 회원... 호르무즈 해협이 막히면서 원유 수출길이 막힌 가운데 이란의 통화 리알화 역시 사상 최저 수준을 이어가며 진짜... ,http://kor.theasian.asia/archives/417245,http://kor.theasian.asia/archives/417245,"Mon, 05 Oct 2026 10:24:00 +0900",2026-10-05 10:45:06
게임/엔터,콘텐츠 수출,국감 전초전...민주 &quot;조희대 출석해야&quot; vs 국힘 &quot;김현지는 안되고&quot;,"전년보다 수출이 56.8%가 늘었고 그리고 무역수지나 반도체 수출도 9월 기준으로 사상 최대입니다. 그리고... 소위 젊은 친구들이 방방바라고 하는데 콘텐츠를 콘텐츠로 볼 수 있으려면 역사적 사실, 이미 규명된 사실에... ",https://www.ytn.co.kr/_ln/0101_202610050954092752,https://n.news.naver.com/mnews/article/052/0002414850?sid=100,"Mon, 05 Oct 2026 09:54:00 +0900",2026-10-05 10:45:06
게임/엔터,콘텐츠 수출,"신안보·기후테크, 제약·바이오, K-소비재 등 4개 분야에서 혁신기업 3...","중소벤처기업부가 내년 예산을 18조원 이상으로 늘리며 창업과 인공지능(AI), 수출, 기술개발 분야에... 전통시장 안전시설 개선에는 562억원이 투입되며, 관광과 문화 콘텐츠를 결합한 전통시장 육성에는 427억원이... ",https://www.cbci.co.kr/news/articleView.html?idxno=612410,https://www.cbci.co.kr/news/articleView.html?idxno=612410,"Mon, 05 Oct 2026 09:30:00 +0900",2026-10-05 10:45:06
게임/엔터,콘텐츠 수출,연평균 59%씩 매출 느는데 투자 안할꺼야?[주末머니],한국 화장품(K뷰티) 산업이 중국 중심의 수출 구조에서 벗어나 미국과 유럽을 중심으로 글로벌 시장에서... 박신애 메리츠증권 연구원은 &quot;SNS를 활용한 적극적인 콘텐츠 마케팅과 국내 시장에서 축적한 이커머스 운영... ,https://view.asiae.co.kr/article/2026100117503454030,https://n.news.naver.com/mnews/article/277/0005824552?sid=101,"Mon, 05 Oct 2026 08:32:00 +0900",2026-10-05 10:45:06
게임/엔터,콘텐츠 수출,"'외국인 금융 1위' 전북은행, '해외 급여 송금'에 블록체인 도입하나","전북은행은 이번 협약 체결을 통해, 해외송금 구조를 개선하고 수출입기업과 IT, 스타트업, 온라인 콘텐츠 사업자 등으로 국경 간 금융서비스의 범위를 확대한다는 방침이다. 시중은행도 스테이블코인 도입 속도... ",https://www.insightkorea.co.kr/news/articleView.html?idxno=255848,https://www.insightkorea.co.kr/news/articleView.html?idxno=255848,"Mon, 05 Oct 2026 08:00:00 +0900",2026-10-05 10:45:06
게임/엔터,콘텐츠 수출,"멕시코 입맛 잡은 K라면…불닭 이어 신라면, 월마트·샘스클럽 파고든다",농심 제공 K팝과 한국 콘텐츠를 통해 형성된 K푸드 관심을 실제 제품 구매로 연결하려는 움직임이다. 매운 음식에 익숙한 멕시코 소비자를 겨냥해 단순 수출에서 벗어나 현지 입맛에 맞춘 제품과 대형 유통망 입점... ,https://www.segye.com/newsView/20261005501318?OutUrl=naver,https://n.news.naver.com/mnews/article/022/0004164090?sid=101,"Mon, 05 Oct 2026 07:42:00 +0900",2026-10-05 10:45:06
게임/엔터,콘텐츠 수출,[유통포커스] 라면 다음은 김밥?… 美·中 식탁 파고드는 'K-김밥',"단순 수출 단계를 넘어서기 시작했다는 점이다. CJ제일제당은 미국에서 '유통망 확대'에 무게를 싣고 있다.... K콘텐츠와 한류에 대한 관심이 제품을 처음 집어 들게 만드는 힘이라면, 두 번째와 세 번째 구매를 결정하는... ",http://www.newsian.co.kr/news/articleView.html?idxno=96503,http://www.newsian.co.kr/news/articleView.html?idxno=96503,"Mon, 05 Oct 2026 07:34:00 +0900",2026-10-05 10:45:06
게임/엔터,콘텐츠 수출,"'천년 차 시배지' 하동군, (주)무학 손잡고 '말차 소주' 만든다…'하동...",최근 미국·유럽 등 해외 시장에서 녹차 수출을 이끌고 있는 하동 말차를 원료로 한 소주 제품을 공동... 관광 콘텐츠를 지속해서 발굴해 다시 찾고 싶은 하동을 만들겠다&quot;고 포부를 밝혔다. 한편 지역 특산물의 외연... ,https://www.pointe.co.kr/news/articleView.html?idxno=85577,https://www.pointe.co.kr/news/articleView.html?idxno=85577,"Mon, 05 Oct 2026 07:20:00 +0900",2026-10-05 10:45:06
게임/엔터,콘텐츠 수출,"로슈가 픽한 한미약품 비만 신약, 최인영 부사장 &quot;지방 빼고 근육 원했...","프리미엄 콘텐츠로 선공개 되었습니다. 살은 빼고 근육은 지킨다. 로슈가 비만치료 과정의 근육 손실을 보완할 후보로 개발하던 에뮤그로바트를 중단하면서, 한미약품(128940)이 로슈 자회사 제넨텍에 기술수출한... ",https://www.edaily.co.kr/News/Read?newsId=01111926645609968&mediaCodeNo=257&utm_source=naver&utm_medium=referral&utm_campaign=news_syndication&utm_content=original_article,https://n.news.naver.com/mnews/article/018/0006380876?sid=105,"Mon, 05 Oct 2026 07:17:00 +0900",2026-10-05 10:45:06
게임/엔터,콘텐츠 수출,&quot;이게 뭐죠?&quot; 젠슨 황도 감탄…외국인 사로잡은 한국 대표 '건강 선물'[...,"K푸드·K뷰티 등 한국 관련 상품과 콘텐츠는 특정 마니아층을 넘어 해외 소비자들의 일상 전반에 스며들고... 특히 정관장은 현재 세계 40여개국에 제품을 수출하고 있으며, 미국과 중국을 중심으로 일본·동남아시아... ",https://view.asiae.co.kr/article/2026100214393263106,https://n.news.naver.com/mnews/article/277/0005824545?sid=104,"Mon, 05 Oct 2026 07:15:00 +0900",2026-10-05 10:45:06
게임/엔터,콘텐츠 수출,“내수는 좁다” 파리로 간 K푸드… 세계인 입맛 사로잡는다,지난해 농림수산식품 수출액은 135억6000만달러로 2016년 이후 연평균 5.2% 성장했다. 올해 1~7월 수출액도... 방탄소년단(BTS) 등 아이돌 스타를 앞세운 한국 대중가요(K팝)를 비롯해 영화와 드라마 등 ‘K콘텐츠’를... ,https://www.segye.com/newsView/20261004506909?OutUrl=naver,https://n.news.naver.com/mnews/article/022/0004164079?sid=101,"Mon, 05 Oct 2026 06:05:00 +0900",2026-10-05 10:45:06
게임/엔터,콘텐츠 수출,[부산 전시] 이번주에뭐볼까 [2026년 10월 1일~ ],"센텀 콘텐츠 코리아랩 갤러리 DSP(10:00~18:00)에서도 동시에 전시된다. ◆권영일 작가 아카이브 展... ◆KEA Foundation 특별 소장품전 ‘안창홍, 영혼의 꽃’ [KEA Foundation] 사단법인 한국수출입협회가 예술·문화교류... ",https://www.busan.com/view/busan/view.php?code=2026090717501963633,https://n.news.naver.com/mnews/article/082/0001401103?sid=103,"Mon, 05 Oct 2026 04:25:00 +0900",2026-10-05 10:45:06
게임/엔터,콘텐츠 수출,[김대호 진단] 반도체 열전 (61) 바이트댄스 &quot;틱톡의 꿈&quot;,"미국의 대중국 반도체 수출 통제와 중국 당국의 자국산 반도체 우선 정책이라는 이중 규제의 빗장이 걸려... 분석해 콘텐츠를 밀어넣어 주는 추천 알고리즘이었다. 텍스트와 음성, 비디오 프레임을 초 단위로 분석하고... ",https://www.g-enews.com/view.php?ud=202609280948047857906806b77b_1,https://www.g-enews.com/view.php?ud=202609280948047857906806b77b_1,"Mon, 05 Oct 2026 00:00:00 +0900",2026-10-05 10:45:06
게임/엔터,콘텐츠 수출,K-콘텐츠 포맷 수출 인기몰이…예능·드라마 현지화 봇물,"단순히 완성된 영상 자체를 수출하던 방식을 넘어, 작품의 틀과 제작 문법을 파는 ‘포맷 수출’이 K-콘텐츠의 새로운 흥행 공식으로 자리 잡은 모양새다. 4일 연합뉴스에 따르면 최근 공개된 넷플릭스 예능 ‘피지컬... ",https://biz.heraldcorp.com/article/10893001?ref=naver,https://n.news.naver.com/mnews/article/016/0002705366?sid=103,"Sun, 04 Oct 2026 17:43:00 +0900",2026-10-05 10:45:06
게임/엔터,콘텐츠 수출,"호르무즈 막히자 '바다 위 원유 인도'…이라크, 200만 배럴 우회 승부수",이라크를 비롯한 걸프 산유국이 수출 경로 다변화에 속도를 내면서 향후 중동산 원유 가격뿐 아니라 유조선 운임과 아시아 에너지 공급망에도 변화가 나타날지 주목된다. &lt;더투데이는 중국 신화통신사와 뉴스 콘텐츠 제공... ,https://www.the-today.com/news/articleView.html?idxno=91181,https://www.the-today.com/news/articleView.html?idxno=91181,"Sun, 04 Oct 2026 17:10:00 +0900",2026-10-05 10:45:06
게임/엔터,콘텐츠 수출,"골든블루, 타이완 위스키 '카발란' 출시 9주년… &quot;9년 만에 200배 성장&quot;","골든블루 인터내셔널은 내년 10주년을 앞두고 온·오프라인을 연계한 마케팅을 진행하고, SNS 콘텐츠와... 관세청 수출입무역통계에 따르면 국내 위스키 수입량은 2023년 3만586t에서 2024년 2만7441t, 2025년 2만2582t으로... ",http://www.biztribune.co.kr/news/articleView.html?idxno=360051,http://www.biztribune.co.kr/news/articleView.html?idxno=360051,"Sun, 04 Oct 2026 14:10:00 +0900",2026-10-05 10:45:06
게임/엔터,콘텐츠 수출,"[르포] “마늘 하나로 세계를 꿈꾼다”…의성마늘축제, 새로운 판을 짜...",마늘을 사고 공연을 보는 데 그치지 않고 직접 뛰고 도전하는 콘텐츠를 축제에 넣은 것이다. 젊은층의 참여를... 여기에 의성이라는 생산지의 브랜드를 결합하면 단순한 원물 수출을 넘어 가공식품과 외식상품... ,https://www.news2day.co.kr/article/20261004500015,https://www.news2day.co.kr/article/20261004500015,"Sun, 04 Oct 2026 11:00:00 +0900",2026-10-05 10:45:06
게임/엔터,콘텐츠 수출,아자뉴스바이트 20261004,"소팔 차이, 캄보디아뉴스, 캄보디아캄보디아 쌀 수출업체 시그니처 라이스가 캄폿 항구에서 필리핀으로... ⓒ THE AsiaN | All rights reserved이 콘텐츠는 아시아엔의 고유 저작물로 저작권의 보호를 받습니다. 공유를... ",http://kor.theasian.asia/archives/417224,http://kor.theasian.asia/archives/417224,"Sun, 04 Oct 2026 10:54:00 +0900",2026-10-05 10:45:06
게임/엔터,콘텐츠 수출,세계 실크 카펫 10장 중 8장 '中 난자오산'…작은 도시의 수출 신화,"미국과 러시아, 사우디아라비아, 파키스탄 등으로 수출되고 있다. 경쟁력의 출발점은 원료다. 난자오는... &lt;더투데이는 중국 신화통신사와 뉴스 콘텐츠 제공 계약을 체결하고 관련 뉴스 서비스를 제공하고 있습니다.&gt;",https://www.the-today.com/news/articleView.html?idxno=91174,https://www.the-today.com/news/articleView.html?idxno=91174,"Sun, 04 Oct 2026 10:46:00 +0900",2026-10-05 10:45:06
자동차/모빌리티,자동차 주가,"현대글로비스, PCTC 전성시대 열린다… 운임 상승에 실적 기대",현대글로비스가 자동차 운반선(PCTC) 시장의 운임 상승과 중국발 완성차 물동량 증가에 힘입어 해운 부문... 여기에 글로벌 해운선사 평균 주가수익비율(PER) 14배를 적용해 기업가치를 산출했다. PCTC 운임과 용선료 상승이... ,https://www.pinpointnews.co.kr/news/articleView.html?idxno=492626,https://www.pinpointnews.co.kr/news/articleView.html?idxno=492626,"Mon, 05 Oct 2026 08:04:00 +0900",2026-10-05 10:45:07
자동차/모빌리티,자동차 주가,[심층분석] &quot;대형주로 쏠린 외인 실탄&quot;…4분기 시가총액 규모별 지분율...,"반도체, 자동차, 대형 금융주 등 글로벌 경쟁력을 보유한 시가총액 상위 종목군을 중심으로 외국인 순매수가... 증권가에서는 외국인 자금의 대형주 쏠림 현상이 당분간 지속되며 시가총액 규모별 주가 양극화가 이어질... ",https://www.thefairnews.co.kr/news/articleView.html?idxno=89725,https://www.thefairnews.co.kr/news/articleView.html?idxno=89725,"Mon, 05 Oct 2026 00:02:00 +0900",2026-10-05 10:45:07
자동차/모빌리티,자동차 주가,쉬는 것도 투자…시장 떠나진 말자 [한경 프리미엄9 TODAY],주가 상승세가 가장 두드러진 분야는 자동차 전자장치다. 어떤 업체가 있는지 ‘한경 프리미엄9’에서 살펴보자. 아르헨선 구독료 ‘달러 코인’으로 내 미국 가상자산 결제업체가 온라인동영상서비스(OTT)와 손잡고... ,https://www.hankyung.com/article/2026100427131,https://n.news.naver.com/mnews/article/015/0005339082?sid=101,"Sun, 04 Oct 2026 18:22:00 +0900",2026-10-05 10:45:07
자동차/모빌리티,자동차 주가,"HRS, 특수 실리콘 소재 국산화 앞장…중국 생산거점도 확보","한국IR협의회는 HRS의 실리콘 고무 컴파운드 중심의 사업 구조와 전기전자, 자동차, 전력·발전, 의료 등 다양한 적용 분야, 중국 생산거점 등을 주요 사업 특징으로 제시했다. 별도의 목표주가와 투자의견은 제시하지... ",https://www.pinpointnews.co.kr/news/articleView.html?idxno=492603,https://www.pinpointnews.co.kr/news/articleView.html?idxno=492603,"Sun, 04 Oct 2026 17:20:00 +0900",2026-10-05 10:45:07
자동차/모빌리티,자동차 주가,"아셈스, 핫멜트 필름이 매출 견인…해외 생산기지도 확대","한국IR협의회는 아셈스의 친환경 핫멜트 필름 기술과 해외 생산기지, 자동차 썬루프용 원단 등으로 확대된 제품 포트폴리오를 주요 사업 특징으로 제시했다. 목표주가와 투자의견은 제시하지 않았다.",https://www.pinpointnews.co.kr/news/articleView.html?idxno=492599,https://www.pinpointnews.co.kr/news/articleView.html?idxno=492599,"Sun, 04 Oct 2026 17:02:00 +0900",2026-10-05 10:45:07
자동차/모빌리티,자동차 주가,"세코닉스, 차량용 카메라·램프가 이끈다…전장 광학부품 성장 주목","자동차 전장화가 계속되는 가운데 카메라와 조명에 대한 수요가 늘어나고, 회사가 이에 맞춰 기술과 생산능력을 확대한다면 기존 모바일 중심 사업의 변동성을 보완할 수 있다. 목표주가와 투자의견은 제시하지... ",https://www.pinpointnews.co.kr/news/articleView.html?idxno=492591,https://www.pinpointnews.co.kr/news/articleView.html?idxno=492591,"Sun, 04 Oct 2026 16:28:00 +0900",2026-10-05 10:45:07
자동차/모빌리티,자동차 주가,"&quot;높은 기저 넘는다&quot;…이노션, AI 솔루션으로 새 성장동력 확보",국내에서는 자회사 실적 부진이 부담으로 작용하지만 비계열 신규 수주가 실적에 반영되고 계열사 신차... 자동차 관련 광고 물량에 의존하던 사업 구조에서 디지털과 통합 마케팅 서비스로 영역을 넓히는 것이 성장의... ,https://www.pinpointnews.co.kr/news/articleView.html?idxno=492573,https://www.pinpointnews.co.kr/news/articleView.html?idxno=492573,"Sun, 04 Oct 2026 15:00:00 +0900",2026-10-05 10:45:07
자동차/모빌리티,자동차 주가,9월 시총 '반도체 웃고 자동차 울었다'...SK스퀘어 10%↑·현대모비스 1...,"■ 현대차 3형제는 정반대...한달새 시총 27조원 감소 반도체 관련주가 웃었다면 자동차 대표주는 정반대 흐름을 보였다. 현대차와 기아, 현대모비스는 한 달 동안 모두 두 자릿수 하락했다. 낙폭이 가장 컸던... ",https://www.pinpointnews.co.kr/news/articleView.html?idxno=492554,https://www.pinpointnews.co.kr/news/articleView.html?idxno=492554,"Sun, 04 Oct 2026 13:42:00 +0900",2026-10-05 10:45:07
자동차/모빌리티,자동차 주가,"현대모비스, 램프사업 분할·매각…&quot;사업 효율화에 투자여력 확보&quot;",현대모비스가 램프사업부를 분할해 매각하는 작업을 본격화하면서 사업 재편에 따른 실적과 주가 영향에... 앞서 현대모비스는 올해 1월 27일 글로벌 자동차 부품업체 OP모빌리티와 램프사업 매각을 위한 양해각서를... ,https://www.pinpointnews.co.kr/news/articleView.html?idxno=492540,https://www.pinpointnews.co.kr/news/articleView.html?idxno=492540,"Sun, 04 Oct 2026 09:32:00 +0900",2026-10-05 10:45:07
자동차/모빌리티,전기차 산업,"英, 결국 中전기차 관세 올린다…EU 압박에 '백기'",영국이 중국산 전기차에 추가 관세를 매길 전망이다. 관세를 높이지 않으면 ‘메이드 인 유럽’ 제도에서... ‘메이드 인 유럽’은 중국과의 경쟁에서 역내 산업을 지키기 위해 EU 제조업체를 우대하는 정책이다. EU를... ,https://www.edaily.co.kr/News/Read?newsId=01807286645609968&mediaCodeNo=257&utm_source=naver&utm_medium=referral&utm_campaign=news_syndication&utm_content=original_article,https://n.news.naver.com/mnews/article/018/0006381086?sid=101,"Mon, 05 Oct 2026 10:32:00 +0900",2026-10-05 10:45:07
자동차/모빌리티,전기차 산업,"구미시-태국 중소기업청, 이차전지 협력 의향서 체결...양국 간 산업 협...",이번 협약은 태국 정부가 전기차 및 이차전지 산업을 미래 성장산업으로 육성하고 있는 가운데 구미시와 태국 정부의 중소기업 지원전담기관인 태국 중소기업진흥청 간 이차전지 산업 협력 기반을 마련하고 구미 이차전지... ,https://www.kbsm.net/news/view.php?idx=536470,https://www.kbsm.net/news/view.php?idx=536470,"Mon, 05 Oct 2026 10:28:00 +0900",2026-10-05 10:45:07
자동차/모빌리티,전기차 산업,[글로벌 두뇌전쟁③]LG전자 '자동차 두뇌' 베트남서…미래 개발 거점,자동차 산업의 근본적인 변화가 있다. 과거 자동차의 경쟁력은 엔진과 변속기 같은 기계장치가 좌우했다. 하지만 전기차와 커넥티드카 시대에 들어서면서 자동차는 거대한 전자기기로 바뀌고 있다. 자동차 안에는... ,https://www.mediapen.com/news/view/1126991,https://www.mediapen.com/news/view/1126991,"Mon, 05 Oct 2026 09:32:00 +0900",2026-10-05 10:45:07
자동차/모빌리티,전기차 산업,[시민건강논평] 기후운동은 왜 더 커지지 못하나,"화석연료 산업은 그대로이며, 메가특구와 같은 대규모 지역 개발 사업은 새로운 국정 과제로 추진되고... 반면 중산층에게 기후 대응은 전기차와 단열 공사와 옥상 태양광처럼 보조금이 붙는 선택이다. 노동자와... ",https://www.rapportian.com/news/articleView.html?idxno=240960,https://www.rapportian.com/news/articleView.html?idxno=240960,"Mon, 05 Oct 2026 09:28:00 +0900",2026-10-05 10:45:07
자동차/모빌리티,전기차 산업,벗어나려 할수록 더 흔들린다…탈석유의 ‘역설’ [페트로-일렉트로],"중국의 전기차 전환 속도를 주시하고 있기도 합니다. 한국도 최근 몇 년으로 범위를 좁히면 정제능력은... 에너지는 경제와 산업, 국제 정세와 기후변화 대응을 파악하는 핵심 키워드입니다. 기자 구독, 또는 [조양준의... ",https://www.sedaily.com/article/20098064?ref=naver,https://n.news.naver.com/mnews/article/011/0004668170?sid=104,"Mon, 05 Oct 2026 09:01:00 +0900",2026-10-05 10:45:07
자동차/모빌리티,전기차 산업,반도체 5000억弗·자동차 700억弗…수출 양대품목 연말 희비,"산업통상부가 발표한 '9월 수출입동향'에 따르면 올해 1~9월 반도체 수출액은 3403억 달러로 집계됐다.... 강 실장은 &quot;자동차 수출 흐름을 보면 내연차가 계속 감소하는 추세에 있고 친환경차, 하이브리드, 전기차... ",https://www.newsis.com/view/NISX20261001_0003810235,https://n.news.naver.com/mnews/article/003/0014233358?sid=101,"Mon, 05 Oct 2026 09:00:00 +0900",2026-10-05 10:45:07
자동차/모빌리티,전기차 산업,"SNT모티브, 자사주 270만주 소각…2027년 실적 확대 본격화","반도체장비 부문도 전방산업의 수요 호조에 힘입어 성장세를 이어갈 것으로 예상된다. 올해 반도체장비... 전기차 시장의 성장 속도와 완성차 업체들의 생산 전략에 따라 단기적인 변동성은 있을 수 있지만, 기존... ",https://www.pinpointnews.co.kr/news/articleView.html?idxno=492634,https://www.pinpointnews.co.kr/news/articleView.html?idxno=492634,"Mon, 05 Oct 2026 08:56:00 +0900",2026-10-05 10:45:07
자동차/모빌리티,전기차 산업,"중남미 민심, 중국에 기울었다…영향력 평가서 처음 미국 '추월'",무역과 산업 협력을 통해 체감한 경제적 혜택이 국가 이미지와 영향력에 대한 평가로 이어지고 있다는... 중국 자동차 업체들이 중남미에서 내연기관차와 전기차 판매를 확대하면서 현지 시장에서는 경쟁 심화에 대한... ,http://www.choicenews.co.kr/news/articleView.html?idxno=171934,http://www.choicenews.co.kr/news/articleView.html?idxno=171934,"Mon, 05 Oct 2026 08:44:00 +0900",2026-10-05 10:45:07
자동차/모빌리티,전기차 산업,하이브리드에 밀려 입지 좁아진 LPG 승용차…결국 단종되나,1일 한국자동차모빌리티산업협회에 따르면 국내 승용 LPG차의 1~8월 판매량은 2만7687대로 전년 동기 대비... 비롯한 상용시장도 빠르게 전기차로 전환하고 있어 점차 시장이 축소될 수밖에 없을 것&quot;이라고 말했다.,https://view.asiae.co.kr/article/2026100215580137453,https://n.news.naver.com/mnews/article/277/0005824551?sid=103,"Mon, 05 Oct 2026 08:24:00 +0900",2026-10-05 10:45:07
자동차/모빌리티,모빌리티 시장,페라리서 벤츠트럭까지⋯효성 車사업 조현준.조현상 형제 대결,"볼보, MAN, 스카니아, 이베코 등 대부분 유럽 수입트럭은 직접 진출을 통해 한국시장에서 제품을 판매... 올해 6월에는 코오롱모빌리티그룹이 부산·영남지역 페라리 공식 딜러로 추가 선정되면서 FMK가 장기간 유지해온... ",https://www.autodaily.co.kr/news/articleView.html?idxno=600924,https://www.autodaily.co.kr/news/articleView.html?idxno=600924,"Mon, 05 Oct 2026 10:06:00 +0900",2026-10-05 10:45:08
자동차/모빌리티,모빌리티 시장,인천 자동차 수출 8월 반토막···승용차 부진에 휴가·파업 겹쳐,"자동차산업 시장 동향을 발표했다고 5일 밝혔다. 인천 수출 70% 차지하는 승용차 21.2% 감소 보고서를 보면... KG모빌리티는 지난 7월 29일 조합원 찬반투표에서 합의안을 가결해, 17년 연속 파업 없이 노사 간 합의... ",https://www.incheontoday.com/news/articleView.html?idxno=324477,https://www.incheontoday.com/news/articleView.html?idxno=324477,"Mon, 05 Oct 2026 10:00:00 +0900",2026-10-05 10:45:08
자동차/모빌리티,모빌리티 시장,[기고] 투자심사역이 창업팀에서 보는 것…'아이템의 연속성',"창업 이후 모빌리티 산업을 처음부터 학습한 것이 아니라, 창업팀이 이미 축적한 시장과 산업구조에 대한 이해를 바탕으로 고객과 사업모델을 빠르게 구체화한 것이 초기 사업화 기간을 단축하는 기반이 됐다.... ",https://www.newsworks.co.kr/news/articleView.html?idxno=855569,https://www.newsworks.co.kr/news/articleView.html?idxno=855569,"Mon, 05 Oct 2026 09:38:00 +0900",2026-10-05 10:45:08
자동차/모빌리티,모빌리티 시장,"“라면 먹고 갈래?” 힙합부터 치킨까지, 100만 명 홀린 구미의 가을 페...",올해는 수도권 및 광역시 방문객의 접근성을 높이기 위해 모빌리티 플랫폼 '카카오 T 셔틀'을 도입하고... 일평균 2만 명(전년비 약 53% 증가)이 찾는 낭만야시장과의 시너지도 기대되는 대목이다. 축제와 지역 상권의... ,https://www.etnews.com/20261005000005,https://n.news.naver.com/mnews/article/030/0003472212?sid=102,"Mon, 05 Oct 2026 08:03:00 +0900",2026-10-05 10:45:08
자동차/모빌리티,모빌리티 시장,"GM·르노·KGM, 판매 돌파구 '중국 맞손'...전기차·PHEV 급증","한국GM, 르노코리아, KG모빌리티 등 국내 완성차 3사가 중국 기업과의 협력을 통해 판매 부진의 돌파구를 찾고 있다. 저렴하면서도 고성능의 전동화 모델들이 줄이어 국내 시장에 진출하고 있다. 최근 수년간 신모델... ",https://www.gpkorea.com/news/articleView.html?idxno=147257,https://www.gpkorea.com/news/articleView.html?idxno=147257,"Mon, 05 Oct 2026 07:56:00 +0900",2026-10-05 10:45:08
자동차/모빌리티,모빌리티 시장,자동차전용운반선(PCC)은 어떻게 발전해 왔나?,"최근 7년간 중동 진출을 꾸준히 준비해 온 국내 KG 모빌리티[KGM(舊 쌍용): 2022년 소형 SUV TORRES 등 출시]는... 현대차는 고급 신차 브랜드인 '제네시스'로 중동 시장을 공략해 왔으나, 미-이란전쟁 이후 아예... ",https://www.abcn.kr/news/articleView.html?idxno=92688,https://www.abcn.kr/news/articleView.html?idxno=92688,"Mon, 05 Oct 2026 06:48:00 +0900",2026-10-05 10:45:08
자동차/모빌리티,모빌리티 시장,'아이폰 부품사' 꼬리표 떼는 LG이노텍…AI 기판·전장 통해 수익구조 전...,모빌리티솔루션 부문 역시 피지컬 AI 시장을 겨냥해 사업을 넓히고 있다. 미국 어플라이드 인튜이션과 손잡고 국내 도로에서 카메라·레이더·라이다 데이터를 수집하는 '자율주행 센싱 데이터 수집 차량(플릿)... ,https://www.ebn.co.kr/news/articleView.html?idxno=1726537,https://www.ebn.co.kr/news/articleView.html?idxno=1726537,"Mon, 05 Oct 2026 06:02:00 +0900",2026-10-05 10:45:08
자동차/모빌리티,모빌리티 시장,‘APEC 1년’ 70만 외국인 들른 경주… 세계 10대 관광도시 뛴다,"주낙영 시장은 “해양레저관광거점 조성사업은 경주의 관광 영역을 동해안으로 확장하는 중요한 사업”... 미래차 분야는 안강 RE100 e-모빌리티 전용산업단지와 건천 경제자유구역, 외동 미래차 소재·부품·장비... ",https://www.seoul.co.kr/news/publicnews/local_govern/news_local/2026/10/05/20261005022002?wlog_tag3=naver,https://n.news.naver.com/mnews/article/081/0003685976?sid=102,"Mon, 05 Oct 2026 05:03:00 +0900",2026-10-05 10:45:08
자동차/모빌리티,모빌리티 시장,"친환경은 기본, 성능까지 갖춘 폐PET 업사이클링 복합소재 뜬다",srPET는 자동차·항공모빌리티·해양 분야의 실제 부품에 적용하기 위한 성능 평가와 공정 최적화를 진행하고... 아울러 &quot;'환경과 안전을 위해 성능을 포기해야 한다'는 소재 시장의 상식을 바꾸겠다&quot;며 &quot;새로운 소재를... ,https://www.mt.co.kr/future/2026/10/05/2026092815292623004,https://n.news.naver.com/mnews/article/008/0005422004?sid=101,"Mon, 05 Oct 2026 05:00:00 +0900",2026-10-05 10:45:08
자동차/모빌리티,모빌리티 시장,[기획] 국산차 9월 내수 10만대 하회… 수입 전기차는 국감 증인석行,"국내 시장 점유율을 빠르게 늘리고 있는 테슬라와 BYD의 한국법인 대표들은 나란히 국정감사 집중 타깃이 됐다. ■ 국산차 내수, 9월 10만대 아래로 1일 각 사에 따르면, 현대차·기아·GM 한국사업장·KG모빌리티(KGM)... ",https://www.startuptoday.co.kr/news/articleView.html?idxno=814949,https://www.startuptoday.co.kr/news/articleView.html?idxno=814949,"Mon, 05 Oct 2026 05:00:00 +0900",2026-10-05 10:45:08
자동차/모빌리티,모빌리티 시장,"中내수 급감에, 현지 생산 車 ‘해외로 밀어내기’ 가속","한국자동차모빌리티산업협회(KAMA)의 글로벌 전기차 시장 현황 보고서에 따르면 올 상반기(1∼6월) 중국 전기차 판매량은 458만 대로, 1년 만에 14.1% 감소했다. ● 중국발 ‘물량 밀어내기’에 몸살 앓는 차 업계 중국... ",https://www.donga.com/news/Economy/article/all/20261004/134784184/2,https://n.news.naver.com/mnews/article/020/0003752661?sid=101,"Mon, 05 Oct 2026 01:41:00 +0900",2026-10-05 10:45:08
자동차/모빌리티,모빌리티 시장,"[전기차 전환을 넘어 모빌리티 혁명으로 (16)] 현대차그룹 자율주행, 듀...",‘2030 모빌리티 혁신 성장 로드맵’에서 광주 실증 프로젝트까지 정부 행동 속도는 빨라지고 있지만 2027년... 궁극적으로 테슬라 FSD의 국내 시장 진입은 기술 경쟁을 넘어 사용자 인지를 둘러싼 경쟁인 것이다. 더... ,https://www.news2day.co.kr/article/20261004500021,https://www.news2day.co.kr/article/20261004500021,"Mon, 05 Oct 2026 00:32:00 +0900",2026-10-05 10:45:08
자동차/모빌리티,모빌리티 시장,[패트롤]원주시-평창군-평창군시설관리공단-횡성군-홍천군,"원주=에너지경제신문 박에스더 기자 원주시가 첨단의료와 인공지능(AI), 미래모빌리티 등 미래산업을... 첨단산업 전략추진위원회는 구자열 원주시장이 위원장을 맡고 당연직과 위촉직 등 모두 20명으로 구성됐다. 기존... ",https://www.ekn.kr/web/view.php?key=20261004028161028,https://www.ekn.kr/web/view.php?key=20261004028161028,"Sun, 04 Oct 2026 23:50:00 +0900",2026-10-05 10:45:08
자동차/모빌리티,모빌리티 시장,"LG에너지솔루션, 46시리즈 북미 상용차로 확대…인디고테크와 공급 협의",충전 인프라와 디지털 모빌리티 서비스를 차량과 결합한 서비스형 교통(TaaS) 사업도 추진하고 있다. 글로벌마켓인사이트에 따르면 세계 전기밴 시장은 2024년 163억달러에서 연평균 15.5% 성장해 2034년 656억달러... ,https://www.webeconomy.co.kr/news/articleView.html?idxno=2324710,https://www.webeconomy.co.kr/news/articleView.html?idxno=2324710,"Sun, 04 Oct 2026 21:46:00 +0900",2026-10-05 10:45:08
자동차/모빌리티,모빌리티 시장,[현장] &quot;아산에 오면 삼성과 함께 큰다&quot;…113조 투자 품고 '기업도시 대...,"오세현 아산시장이 투자유치 설명회장에서 아산의 우수한 기업 인프라와 지원책을 설명하고 있다. 사진... 아산시는 이 같은 산업 기반 위에 반도체·디스플레이와 미래모빌리티, AI를 결합해 '제조혁신형 제2의... ",https://weekly.hankooki.com/news/articleView.html?idxno=7187384,https://weekly.hankooki.com/news/articleView.html?idxno=7187384,"Sun, 04 Oct 2026 19:08:00 +0900",2026-10-05 10:45:08
자동차/모빌리티,모빌리티 시장,"中은 ‘내수 포화’ 단계…글로벌車, 역수출로 돌파구 찾기","한국자동차모빌리티산업협회(KAMA)의 글로벌 전기차 시장 현황 보고서에 따르면 올 상반기(1~6월) 중국 전기차 판매량은 458만 대로, 1년 만에 14.1% 감소했다. ● 중국발 ‘물량 밀어내기’에 몸살 앓는 차업계 중국... ",https://www.donga.com/news/Economy/article/all/20261004/134782595/1,https://n.news.naver.com/mnews/article/020/0003752611?sid=103,"Sun, 04 Oct 2026 17:37:00 +0900",2026-10-05 10:45:08
자동차/모빌리티,모빌리티 시장,"KGM, 9월 8863대 판매…수출 증가 전월보다 회복세","KG모빌리티(KGM)가 지난 9월 내수 2100대, 수출 6763대 등 총 8863대를 판매한 것으로 나타났다. 4일 KGM에... KGM평택공장 전경[사진=KGM] 특히 수출의 경우 튀르키예와 독일, 헝가리 등 주요 시장에서 판매가 늘며 호조를... ",https://www.newspim.com/news/view/20261003000045,https://www.newspim.com/news/view/20261003000045,"Sun, 04 Oct 2026 17:06:00 +0900",2026-10-05 10:45:08
친환경/신재생,신재생에너지 주가,"'트럼프 에너지 드라이브' ETF 희비… 韓 원전 웃고, 美 원유 울고",5일 코스콤 ETF체크에 따르면 올 들어 국내 상장 에너지 관련 ETF 가운데 국내 원전·신재생에너지에... 하지만 아직 주가로는 나타나지 않는 모습이다. 남용수 한국투자신탁운용 ETF본부장은 &quot;원전 8기가 단계적으로... ,https://it.chosun.com/news/articleView.html?idxno=2023092171338,https://it.chosun.com/news/articleView.html?idxno=2023092171338,"Mon, 05 Oct 2026 07:00:00 +0900",2026-10-05 10:45:09
친환경/신재생,신재생에너지 주가,"해드림에너지, 한국수자원공사와 동티모르 30MW 태양광 사업 추진",회사 측은 태양광 업종 평균 PER(주가수익비율) 등을 참고해 향후 해외 사업 성과에 따른 실적 개선과 기업가치 제고를 기대하고 있다. 박성언 해드림에너지 대표는 “정부의 탄소중립 정책 기조에 발맞추어 신재생에너... ,https://www.donga.com/news/Economy/article/all/20261002/134776491/1,https://n.news.naver.com/mnews/article/020/0003752399?sid=101,"Fri, 02 Oct 2026 16:40:00 +0900",2026-10-05 10:45:09
친환경/신재생,신재생에너지 주가,"OCI홀딩스, 美 태양광 정책 수혜 기대…7% 급등 마감",앞서 지난 9월 30일 조현렬 삼성증권 연구원은 리포트를 통해 OCI홀딩스를 신재생에너지 업종 내 최선호주(Top-pick) 의견을 유지했다. 다만 3분기 실적 부진과 자회사 주가 약세 등을 반영해 목표주가는 기존... ,https://www.g-enews.com/view.php?ud=202610021604441692923c501012_1,https://www.g-enews.com/view.php?ud=202610021604441692923c501012_1,"Fri, 02 Oct 2026 16:14:00 +0900",2026-10-05 10:45:09
친환경/신재생,신재생에너지 주가,산일전기 22만원대 강세…변압기 수요와 증설 효과 기대,특수변압기와 리액터를 생산하며 북미 전력망과 신재생에너지 설비 투자를 주요 수요처로 두고 있다. 유가증권시장에서 산일전기 주가는 2일 오후 1시39분 기준 22만4000원으로 집계됐다. 전일 대비 등락률은 +4.92%다.... ,https://www.job-post.co.kr/news/articleView.html?idxno=230477,https://www.job-post.co.kr/news/articleView.html?idxno=230477,"Fri, 02 Oct 2026 13:56:00 +0900",2026-10-05 10:45:09
친환경/신재생,신재생에너지 주가,"[금융권 이모저모]교보생명, SBI·서클·비댁스와 스테이블코인 협력 논...","올해는 재생에너지 사용에 따른 환경성과를 관리하기 위해 기존 녹색프리미엄 방식에서 신재생에너지... NH투자증권은 퇴직연금 개인투자용 국채와 퇴직연금 전용 주가연계증권(ELS), 약 1000종의 ETF를 비롯해 펀드... ",https://www.businessplus.kr/news/articleView.html?idxno=117639,https://www.businessplus.kr/news/articleView.html?idxno=117639,"Fri, 02 Oct 2026 12:54:00 +0900",2026-10-05 10:45:09
친환경/신재생,신재생에너지 주가,AI 데이터센터 전력난 해법 뜨자…SOFC 테마주 일제히 '발동',신재생에너지 발전소 시공 및 EPC 사업을 영위하는 금양그린파워도 강세다. 시가총액 상위 대장주인... 비에이치아이도 주가 흐름이 밀리고 있다. 단기 급등에 따른 차익 실현 물량이 출회된 데다 일부 기업의 영업이익... ,https://www.pinpointnews.co.kr/news/articleView.html?idxno=492200,https://www.pinpointnews.co.kr/news/articleView.html?idxno=492200,"Fri, 02 Oct 2026 11:16:00 +0900",2026-10-05 10:45:09
친환경/신재생,신재생에너지 주가,[총수家] 손정의 소프트뱅크 회장 ③ㅣ 돈·칩·로봇·전력 모두 AI로…...,소프트뱅크 주가가 50% 가까이 하락하는 등 어려움을 겪었다. 이후 ARM 주가가 반등하면서 소프트뱅크... 낮은 신재생 에너지 대신 원자력 발전에 대한 관심이 다시 높아지고 있다. 그러나 원자력 발전 역시 AI의 발전... ,https://www.cbci.co.kr/news/articleView.html?idxno=611837,https://www.cbci.co.kr/news/articleView.html?idxno=611837,"Fri, 02 Oct 2026 10:34:00 +0900",2026-10-05 10:45:09
친환경/신재생,신재생에너지 주가,지분 팔고 4000억 더···한화솔루션의 태양광 승부,"주가수익스왑(PRS)을 활용한 거래로, 향후 주식 가치 변동에 따른 차액을 정산하는 조건이다. 회사가 밝힌... 삼성증권은 지난달 30일 보고서에서 한화솔루션의 3분기 신재생에너지 부문 영업이익을 1598억원으로... ",https://www.sisajournal-e.com/news/articleView.html?idxno=424066,https://www.sisajournal-e.com/news/articleView.html?idxno=424066,"Thu, 01 Oct 2026 16:30:00 +0900",2026-10-05 10:45:09
친환경/신재생,신재생에너지 주가,"SK하이닉스·바이오팜 쾌속 질주… SK그룹, 혼조세 속 강세 마감","신재생에너지와 화학 소재 사업을 비롯해 일부 계열사의 실적 회복 기대가 상대적으로 약했던 점이 주가에 부담으로 작용했다. SK그룹주 전체로 보면 AI 반도체와 바이오·헬스케어, 첨단소재 등 성장 분야와 전기차... ",https://www.pinpointnews.co.kr/news/articleView.html?idxno=491955,https://www.pinpointnews.co.kr/news/articleView.html?idxno=491955,"Thu, 01 Oct 2026 16:10:00 +0900",2026-10-05 10:45:09
친환경/신재생,신재생에너지 주가,'역대급 흑자' 씨에스윈드의 신중 행보···美 선거 뒤 숨은 상속세 셈...,"특히 글로벌 신재생에너지 정책 지형을 가를 미국 중간선거를 앞두고 있어, 선거 이후의 주가 변동성이 향후 추가 승계 시점의 평균 주가 산정에 직접적인 영향을 미칠 수 있다는 분석이 제기된다. 다가올 미국 중간선거... ",https://www.newsfreezone.co.kr/news/articleView.html?idxno=711817,https://www.newsfreezone.co.kr/news/articleView.html?idxno=711817,"Thu, 01 Oct 2026 10:12:00 +0900",2026-10-05 10:45:09
친환경/신재생,신재생에너지 주가,산업용 인버터부터 AI 서버까지…전력반도체 모듈주 매수세 봇물,"인프라, 신재생에너지 설비, 데이터센터 등으로 적용 범위를 넓히고 있다. 기존 실리콘(Si) 기반 반도체의... 종목별 실적 성장성과 기술 보유 여부에 따라 주가 차별화가 심화될 수 있는 만큼 단기 수급 급등에 따른... ",https://www.pinpointnews.co.kr/news/articleView.html?idxno=491762,https://www.pinpointnews.co.kr/news/articleView.html?idxno=491762,"Thu, 01 Oct 2026 10:06:00 +0900",2026-10-05 10:45:09
친환경/신재생,신재생에너지 주가,10월 코스피 밴드 6000~8000p...&quot;분산 투자로 변동성 낮춰야&quot;,"기업의 주가 상승률이 높을 수 있다고 내다봤다. 반도체 업종은 수출 단가 상승 속도가 소폭 둔화되었으나... 투자자라면, 에너지(신재생 포함), 방산 업종에 대한 노출도를 확대할 필요가 있고, 업종 분산으로... ",https://www.mdtoday.co.kr/news/articleView.html?idxno=616959,https://www.mdtoday.co.kr/news/articleView.html?idxno=616959,"Thu, 01 Oct 2026 10:02:00 +0900",2026-10-05 10:45:09
친환경/신재생,신재생에너지 주가,10월 코스피 ‘6000~8000’ 전망…환율 하락에 수출주 실적 부담 변수,"특히 내수 업종은 코스피 내 시가총액 비중이 상대적으로 작아 자금이 집중될 경우 주가 상승폭이 커질 수... 미국 중간선거 전까지 불확실성이 이어질 가능성을 고려하면 에너지와 신재생에너지, 방산 업종 등에 대한... ",https://www.segye.com/newsView/20261001504074?OutUrl=naver,https://n.news.naver.com/mnews/article/022/0004163202?sid=101,"Thu, 01 Oct 2026 09:19:00 +0900",2026-10-05 10:45:09
친환경/신재생,신재생에너지 주가,[어제장 오늘장] 7천피 눈앞서 뒷걸음…4분기 반등할까,"반도체는 다시 상승 탄력을 받을 가능성이 높다고 판단했고, 에너지, 신재생에너지, 방산주를 10월 특징... 마이크론 실적은 좋았는데, 기대치가 너무 높았다보니 시간 외 거래에서 주가는 하락했는데요. 4분기 기분... ",https://biz.sbs.co.kr/article_hub/20000337705?division=NAVER,https://n.news.naver.com/mnews/article/374/0000535736?sid=101,"Thu, 01 Oct 2026 08:28:00 +0900",2026-10-05 10:45:09
친환경/신재생,신재생에너지 주가,미국서 돈방석 앉나…'연 1000억' 잭팟 노리는 한국 회사,한때 성장 한계에 부딪힌 국내 종합상사의 .주가 상승세가 본격화되고 있다. 중동 분쟁 장기화로 에너지... 삼성물산 상사 부문은 태양광 및 에너지저장장치(ESS) 등 신재생에너지 개발 사업을 주력 수익원으로... ,https://www.hankyung.com/article/2026093055081,https://n.news.naver.com/mnews/article/015/0005337908?sid=101,"Thu, 01 Oct 2026 06:01:00 +0900",2026-10-05 10:45:09
친환경/신재생,신재생에너지 주가,[오후장 체크포인트] 10월이 오히려 기회의 달? &quot;현금 비중 확보해놓자...,"2차전지주가 뛰는 모습이었는데요. 오늘은 반도체와 함께, 2차전지주 흐름 괜찮고요. 태양광이나 풍력 등 친환경 에너지주 전반이 강한 모습입니다? 간밤 미국증시에서도 연료전지 기반 신재생에너지기업, 블룸에너지가... ",https://biz.sbs.co.kr/article_hub/20000337536?division=NAVER,https://n.news.naver.com/mnews/article/374/0000535598?sid=101,"Wed, 30 Sep 2026 15:23:00 +0900",2026-10-05 10:45:09
친환경/신재생,신재생에너지 주가,중국산 태양광 규제 강화에 반사이익 기대…HD현대에너지솔루션·한화솔...,"원전 설비와 발전소 유지보수 시장 확대 가능성이 부각되면서 관련 종목의 주가도 움직이는 모습이다. 해상풍력과 신재생에너지 분야에서는 SK오션플랜트와 대명에너지, 태웅, 씨에스윈드, SDN, SGC에너지, 씨엔플러스... ",https://www.pinpointnews.co.kr/news/articleView.html?idxno=491455,https://www.pinpointnews.co.kr/news/articleView.html?idxno=491455,"Wed, 30 Sep 2026 14:48:00 +0900",2026-10-05 10:45:09
친환경/신재생,신재생에너지 주가,AI 데이터센터 전력난에 해상풍력 뜬다…풍력에너지株 '환호성',탄소중립 정책과 신재생에너지 확대 기조에 인공지능(AI) 데이터센터 확산에 따른 전력 수요 증가가... 풍력에너지 관련주가 강세를 나타내고 있다. 국내외에서 재생에너지 발전 설비 확대가 이어지는 가운데 해상풍력... ,https://www.pinpointnews.co.kr/news/articleView.html?idxno=491438,https://www.pinpointnews.co.kr/news/articleView.html?idxno=491438,"Wed, 30 Sep 2026 14:20:00 +0900",2026-10-05 10:45:09
친환경/신재생,태양광 산업,프랑스 와인 생산 70년 만의 최저…영국은 새 산지로 부상,"기후변화가 유럽 와인산업의 지형을 바꾸고 있다는 분석이 나왔다. 프랑스에서는 폭염과 가뭄, 산불이... 스페인 와인업체 토레스는 포도밭 위에 태양광 패널을 설치해 햇빛을 차단하고 수분 증발을 줄이는 실험을 진행... ",https://www.hankyung.com/article/202610053242i,https://n.news.naver.com/mnews/article/015/0005339139?sid=104,"Mon, 05 Oct 2026 10:21:00 +0900",2026-10-05 10:45:09
친환경/신재생,태양광 산업,호반그룹 사장단 인사…김대헌 이사회 의장·송종민 호반건설 대표 선임,정성기 사장은 호반산업의 풍력·태양광발전 등 신재생에너지 사업을 확대하고 도심 데이터센터 건설 사업 진출 및 EPC(설계·조달·시공) 역량 강화에 나선다. 강신주 부사장은 기존 리조트 사업의 경쟁력을 높이는 동시에... ,https://www.etnews.com/20261005000054,https://n.news.naver.com/mnews/article/030/0003472248?sid=101,"Mon, 05 Oct 2026 10:18:00 +0900",2026-10-05 10:45:09
친환경/신재생,태양광 산업,“전기 넘치는데 송전선 막혀 공장 못 돌려”… ‘분산에너지 규제’에...,아울러 고성군은 접경지역 특성상 부대별로 판단 기준이 제각각인 저고도 태양광발전시설의 통일된 군 협의... 이번에 도출된 6개 과제 역시 한전 및 에너지공단 등 유관 기관과의 세부 검토를 거쳐 산업통상자원부 및... ,https://www.viva100.com/article/20261005500245,https://www.viva100.com/article/20261005500245,"Mon, 05 Oct 2026 10:12:00 +0900",2026-10-05 10:45:09
친환경/신재생,태양광 산업,음식물 쓰레기 문제에 골머리 앓는 뉴욕 … 이미 한국은 해결했다?,"배설물 활용한 바이오 산업 뉴욕이 직면한 과제: 꾸준한 규정 준수와 쥐 뉴욕시는 한국을 모델로 삼아 2024년... 가정에서 매주 수거되는 지정된 쓰레기통과 달리, 이 태양광 퇴비 수거함은 모바일 앱을 통해 24시간... ",https://www.bbc.com/korean/articles/cm5yj6318xd6o?xtor=AL-73-%5Bpartner%5D-%5Bnaver%5D-%5Bheadline%5D-%5Bkorean%5D-%5Bbizdev%5D-%5Bisapi%5D,https://www.bbc.com/korean/articles/cm5yj6318xd6o?xtor=AL-73-%5Bpartner%5D-%5Bnaver%5D-%5Bheadline%5D-%5Bkorean%5D-%5Bbizdev%5D-%5Bisapi%5D,"Mon, 05 Oct 2026 09:54:00 +0900",2026-10-05 10:45:09
친환경/신재생,태양광 산업,"호주, 태양광 지원 대상 1MW까지 확대…중형 설비도 10월부터 적용",이에 따라 지원 확대와 함께 중형 태양광의 전력망 접속 절차를 개선하는 방안도 추진되고 있다. 설치비 부담을 낮추는 동시에 계통 접속을 보다 쉽게 해 상업·산업·농업시설의 태양광 투자를 확대한다는 계획이다.,https://www.aitimes.com/news/articleView.html?idxno=215889,https://www.aitimes.com/news/articleView.html?idxno=215889,"Mon, 05 Oct 2026 09:50:00 +0900",2026-10-05 10:45:09
친환경/신재생,태양광 산업,"강원도, 분산에너지 규제개선 논의…직접거래·인허가 등 6건 발굴","도는 지난 2일 강릉 라카이샌드파인 한송홀에서 분산에너지 분야 '지역특화규제 전략회의'를 열고 지역산업... 이날 전력 직접거래와 분산에너지 인정 대상 확대, 풍력발전단지 산지전용, 태양광발전 관련 군 협의 등 모두... ",https://www.shinailbo.co.kr/news/articleView.html?idxno=5068538,https://www.shinailbo.co.kr/news/articleView.html?idxno=5068538,"Mon, 05 Oct 2026 09:06:00 +0900",2026-10-05 10:45:09
친환경/신재생,태양광 산업,[그룹 PRS 진단 ②] 3.6조 조달한 한화…해외·비상장 지분 불확실성 위...,"한국신용평가는 &quot;기초 자산들이 해외·비상장 자회사 지분으로 구성돼 있고, 석유화학·태양광 등 업황 변동성이 높은 산업에 대한 노출이 크다&quot;며 &quot;가치 평가 및 처분 경로의 불확실성이 주요 위험 요인으로... ",https://news.einfomax.co.kr/news/articleView.html?idxno=4437738,https://news.einfomax.co.kr/news/articleView.html?idxno=4437738,"Mon, 05 Oct 2026 08:02:00 +0900",2026-10-05 10:45:09
친환경/신재생,태양광 산업,[인터뷰] 우상호 &quot;AI 데이터센터 집중…정부 메가프로젝트 강원이 이끈...,있는 산업단지가 AI 데이터센터 유치에 최적지라고 판단했기 때문&quot;이라고 말했다. 그러면서 정부의 3대... ▲ 청정에너지 고속도로는 민통선 북상 등으로 새롭게 확보될 부지에 태양광과 풍력 등 청정에너지 생산시설을... ,https://www.yna.co.kr/view/AKR20261002142900062?input=1195m,https://n.news.naver.com/mnews/article/001/0016357255?sid=102,"Mon, 05 Oct 2026 07:00:00 +0900",2026-10-05 10:45:09
친환경/신재생,태양광 산업,땅에서 조립해 시공비·사고율 낮추는 영농형태양광,철강산업과 함께 성장할 수 있다는 점도 경쟁력&quot;이라고 말했다. 모든솔라가 SSP 개발에 나선 지 7년이 지났지만 국내 영농형태양광 시장은 그동안 실증사업을 중심으로 제한적으로 형성돼 왔다. 농사를 지속하면서... ,http://www.e2news.com/news/articleView.html?idxno=334491,http://www.e2news.com/news/articleView.html?idxno=334491,"Mon, 05 Oct 2026 07:00:00 +0900",2026-10-05 10:45:09
친환경/신재생,태양광 산업,"고흥군, 재생에너지 10GW 시대 연다…'군민 대타협'으로 에너지 전환 추...",전남광주 고흥군이 태양광과 해상풍력 등 지역 내 재생에너지 개발 역량을 바탕으로 10GW 규모의 에너지... 군은 재생에너지를 기존 우주·드론·스마트팜과 함께 지역의 미래산업으로 육성한다. 기존 3대 미래전략산업에... ,https://www.shinailbo.co.kr/news/articleView.html?idxno=5068312,https://www.shinailbo.co.kr/news/articleView.html?idxno=5068312,"Mon, 05 Oct 2026 07:00:00 +0900",2026-10-05 10:45:09
친환경/신재생,태양광 산업,[사설] RPS 폐지이후 제도적 허점 없어야,속으로는 태양광 발전단가를 턱없이 깎으려는 것 아니냐는 합리적인 의심을 사기에 충분하다는 것이다. 정부가 앞으로 장기고정가격제를 어떻게 운용할지 지켜봐야 할 일이지만 무작정 단가를 내리려다 산업의 싹을... ,http://www.e2news.com/news/articleView.html?idxno=334823,http://www.e2news.com/news/articleView.html?idxno=334823,"Mon, 05 Oct 2026 07:00:00 +0900",2026-10-05 10:45:09
친환경/신재생,태양광 산업,전기가 있어도 보낼 길이 없다…AI데이터센터 첫 장벽 ‘전력망’,"산업통상자원부가 집계한 2029년까지의 신규 데이터센터 수요는 732개, 필요 전력은 4만9397MW에 달한다. 80... 태양광과 풍력은 날씨에 따라 발전량이 달라 24시간 가동하는 AIDC의 수요를 맞추려면 전력망과... ",https://economist.co.kr/article/view/ecn202609280034,https://n.news.naver.com/mnews/article/243/0000103855?sid=101,"Mon, 05 Oct 2026 06:00:00 +0900",2026-10-05 10:45:09
친환경/신재생,태양광 산업,"&quot;그린 수소 지고 백수소가 뜬다&quot;… 지하서 캐내는 '화이트 수소', 에너지...",수소 산업의 딜레마를 한 번에 우회할 수 있는 잠재력을 지녔다는 평가다. 10월 4일(현지시각) 글로벌 에너지... 이를 해결하기 위해 각국 정부와 기업들은 풍력·태양광 발전과 수전해 설비를 결합한 '그린 수소'에... ,https://www.g-enews.com/view.php?ud=2026100417112769400c8c1c064d_1,https://www.g-enews.com/view.php?ud=2026100417112769400c8c1c064d_1,"Mon, 05 Oct 2026 05:50:00 +0900",2026-10-05 10:45:09
친환경/신재생,풍력 시장,"HD현대중공업, 태안 해상풍력 핵심설비 맡는다…500MW급 변전소 본계약",관련 시장 경쟁력을 강화해 나가겠다&quot;고 말했다. 업계에서는 국내 해상풍력 사업이 확대되면서 풍력발전기뿐 아니라 해상변전소와 하부구조물 등 관련 해양플랜트 시장을 둘러싼 조선·중공업 업체들의 사업 확대... ,https://www.thepublic.kr/news/articleView.html?idxno=321078,https://www.thepublic.kr/news/articleView.html?idxno=321078,"Mon, 05 Oct 2026 10:28:00 +0900",2026-10-05 10:45:10
친환경/신재생,풍력 시장,[AT 인터뷰]에스토니아 경제산업부 장관 &quot;韓 기업의 유럽 관문으로…방...,영국·독일과 함께 한국을 3대 전략 수출시장으로 지정 &quot;에스토니아 법인 설립하면 EU 펀딩·R&amp;D 지원 동등&quot; e... 바흐트라스 장관은 &quot;풍력 발전 단지의 풍력 터빈 등에 들어가는 영구자석&quot;이라며 &quot;유럽 내에서 이러한 제조... ,https://www.asiatime.co.kr/article/20261005500010,https://www.asiatime.co.kr/article/20261005500010,"Mon, 05 Oct 2026 09:08:00 +0900",2026-10-05 10:45:10
친환경/신재생,풍력 시장,주식 넘어 대체투자에 눈 돌리는 대학생들,"학회원들은 시장 분석과 투자제안서 작성 등 프로젝트를 통해 대체투자 자산의 수익구조와 위험요인을... 독일 풍력발전 펀드, 항공기 실물 인수 등이 포함돼 있다. ◇ AI 발전 따라 검증하는 능력 중요해…계산 넘어... ",https://www.straightnews.co.kr/news/articleView.html?idxno=312490,https://www.straightnews.co.kr/news/articleView.html?idxno=312490,"Mon, 05 Oct 2026 08:00:00 +0900",2026-10-05 10:45:10
친환경/신재생,풍력 시장,"에너지수요관리의 진화, 절감을 넘어 유연성으로","위 그림에서 주황색은 전력수요(실선: 실제 수요, 점선: 예측수요), 회색점선은 예측수요에서 FIT 태양광과 풍력을 제외한 잔여수요 예측치, 금색 실선은 하루전시장 가격, 자주색은 불균형 정산가격을 나타낸다.... ",http://www.e2news.com/news/articleView.html?idxno=334585,http://www.e2news.com/news/articleView.html?idxno=334585,"Mon, 05 Oct 2026 07:00:00 +0900",2026-10-05 10:45:10
친환경/신재생,풍력 시장,[글로벌 거상] “공기 한 번도 안 늦췄다”… 멕시코서 1억달러 건설사...,해외 시장 개척을 돕는다. 조선비즈는 세계 곳곳에서 한국의 경제 영토를 넓혀가는 이들의 도전과 성공... 2005년 풍력발전 현장에서 공사 전 과정을 익힌 뒤 철근·콘크리트 사업을 거쳐 2007년 종합건설사 엠멕스를... ,https://biz.chosun.com/topics/topics_social/2026/10/05/DGQFLG6L6RDQXN7YTBIFN7HRZM/?utm_source=naver&utm_medium=original&utm_campaign=biz,https://n.news.naver.com/mnews/article/366/0001196093?sid=102,"Mon, 05 Oct 2026 06:02:00 +0900",2026-10-05 10:45:10
친환경/신재생,풍력 시장,호반 새로운 리더십 조기 구축… 책임 경영·미래성장 속도 낸다,"앞으로 미국·유럽 등 주요 시장을 중심으로 사업 기반을 넓히고 초고압직류송전(HVDC)·해저 케이블 등 대규모... 정 사장은 호반산업의 풍력·태양광발전 등 신재생에너지 사업과 도심 데이터센터 건설, 설계·조달·시공(EPC)... ",https://www.seoul.co.kr/news/economy/industry/2026/10/05/20261005032006?wlog_tag3=naver,https://n.news.naver.com/mnews/article/081/0003685995?sid=101,"Mon, 05 Oct 2026 05:04:00 +0900",2026-10-05 10:45:10
친환경/신재생,풍력 시장,바람길 열렸지만 송전선 묶였다…중남미 120GW 풍력 질주에 켜진 경고등,세계풍력에너지협의회는 라틴아메리카 육상 풍력이 2035년 120기가와트를 돌파하고 최초의 해상풍력 설비가 들어설 가능성을 제시했다. 반면 송전망 부족은 발전 단지 확장의 주요 걸림돌로 꼽힌다. 에너지 시장조사... ,https://www.g-enews.com/view.php?ud=202610041812012976fbbec65dfb_1,https://www.g-enews.com/view.php?ud=202610041812012976fbbec65dfb_1,"Mon, 05 Oct 2026 03:26:00 +0900",2026-10-05 10:45:10
친환경/신재생,풍력 시장,"[시론] 녹색 철강의 마지막 퍼즐, 원전수소","농업혁명을 이끈 농기구에서 산업혁명의 증기기관, 철도와 자동차, 오늘날의 풍력발전기와 데이터센터에... 철이 현대 문명의 물리적 기초라면, 산업혁명 이후 인류의 번영을 만들어낸 제도적 기초는 자본주의 시장경제... ",https://www.hankyung.com/article/2026100426601,https://n.news.naver.com/mnews/article/015/0005339112?sid=110,"Mon, 05 Oct 2026 00:09:00 +0900",2026-10-05 10:45:10
친환경/신재생,풍력 시장,"[인터뷰] &quot;목포의 밤을 붙잡아라&quot;… 체류객 20%의 벽, 강성휘 목포시장...","이를 위해 관광산업뿐 아니라 해상풍력, 친환경 선박, 수산식품·K-김산업 등 미래 산업을 육성하고 의료·교육 등 정주여건을 개선해 일자리 창출과 인구 증가로 연결한다는 계획이다. 결국 강 시장이 그리는 목포의... ",https://www.tournews21.com/news/articleView.html?idxno=144919,https://www.tournews21.com/news/articleView.html?idxno=144919,"Sun, 04 Oct 2026 22:58:00 +0900",2026-10-05 10:45:10
친환경/신재생,풍력 시장,"&quot;사우디, 2034 월드컵 경기장 '네옴 스타디움' 건설 계획 보류&quot;",두바이에 기반을 둔 건설산업 시장정보업체 MEED 프로젝트도 지역 내 입찰과 사업을 추적하는 분석팀의... 있고 풍력과 태양광 등 친환경 재생 에너지로 운영되는 점도 눈길을 끌었습니다. 하지만 사우디가 지난 2월 말... ,https://news.sbs.co.kr/news/endPage.do?news_id=N1008782866&plink=ORI&cooper=NAVER,https://n.news.naver.com/mnews/article/055/0001393103?sid=104,"Sun, 04 Oct 2026 22:47:00 +0900",2026-10-05 10:45:10
친환경/신재생,풍력 시장,"&quot;사우디, 2034 월드컵 경기장 '네옴 스타디움' 건설 계획 보류&quot;",두바이에 기반을 둔 건설산업 시장정보업체 MEED 프로젝트도 지역 내 입찰과 사업을 추적하는 분석팀의... 있고 풍력과 태양광 등 친환경 재생 에너지로 운영되는 점도 눈길을 끌었다. 하지만 사우디가 지난 2월 말... ,https://www.yna.co.kr/view/AKR20261004043300099?input=1195m,https://n.news.naver.com/mnews/article/001/0016357139?sid=104,"Sun, 04 Oct 2026 22:38:00 +0900",2026-10-05 10:45:10
친환경/신재생,풍력 시장,"(이슈인울산)울산의 에너지 전환, 과제는?","ubc울산방송은 연속기획 '바람의 전환, 울산의 내일'을 통해 부유식 해상풍력의 가능성과 에너지 전환의... 결국 필요한 전력을 실제로 더 생산하려면, 사업자가 발전소를 지을 수 있는 시장과 수익 구조가 함께 만들어져야... ",https://www.ubc.co.kr/news/28233/,https://www.ubc.co.kr/news/28233/,"Sun, 04 Oct 2026 20:46:00 +0900",2026-10-05 10:45:10
친환경/신재생,풍력 시장,"K-GX 시대, 기후·에너지 정책 설계가 국가 경쟁력을 가른다","학계·연구기관·산업계·시민사회 필진 11명이 전력수급계획 정합성, 탄소국경규제, 감축 기술 검증, 해상풍력 공급망, 계통 안정성, 수요관리, 데이터 인프라, 시장 설계, 산업단지 탄소중립을 차례로 다룬다. 총론(1회)과... ",https://zdnet.co.kr/view/?no=20261004163126,https://n.news.naver.com/mnews/article/092/0002439810?sid=110,"Sun, 04 Oct 2026 16:32:00 +0900",2026-10-05 10:45:10
친환경/신재생,풍력 시장,"LS전선 ‘희토류 동맹’, 브라질 광산까지 품는다…원료 공급망 확장","영구자석이 노리는 시장은 방위산업과 로봇, 전기차(EV), 해상풍력 등으로 넓다. 사마륨-코발트(SmCo) 영구자석은 높은 온도에서도 자력을 유지해 전투기와 미사일 등 방산·항공우주 분야에 쓰인다. 네오디뮴... ",https://www.sedaily.com/article/20097934?ref=naver,https://n.news.naver.com/mnews/article/011/0004668095?sid=101,"Sun, 04 Oct 2026 14:01:00 +0900",2026-10-05 10:45:10
친환경/신재생,수소 경제,"아주대학교 유충열 교수팀, 수계 아연이온전지 원자 수준 정밀 분석 성...",물을 기반으로 한 전해질과 비교적 풍부한 아연 금속을 활용하기 때문에 안전성과 경제성 측면에서 장점이... 그러나 수계 전해질에서는 충·방전 과정에서 아연이온과 수소이온이 양극 소재 내부로 동시에 삽입되고... ,https://www.lecturernews.com/news/articleView.html?idxno=211475,https://www.lecturernews.com/news/articleView.html?idxno=211475,"Mon, 05 Oct 2026 09:06:00 +0900",2026-10-05 10:45:11
친환경/신재생,수소 경제,"전재수 부산시장, 주한스웨덴대사 접견…친환경 선박·스마트 물류 등 ...","시는 이 같은 인문·문화적 교감을 바탕으로 경제·기술 협력의 접점을 지속해서 발굴할 계획이다. 북유럽 선진 해양국인 스웨덴은 선박 전동화, 바이오·수소 연료 등 친환경 해사 기술과 지속 가능한 항만 디지털화... ",https://www.megaeconomy.co.kr/news/newsview.php?ncode=1065569217736580,https://www.megaeconomy.co.kr/news/newsview.php?ncode=1065569217736580,"Mon, 05 Oct 2026 08:34:00 +0900",2026-10-05 10:45:11
친환경/신재생,수소 경제,대전 도시철도 2호선 급전 방식 논란 점화…민선 9기 해법 시험대,안전성과 경제성이 검증된 가선 방식을 채택하고 있지만 대전시는 정량적 비교 분석 없이 '도시미관 저해'라는 주관적 판단만으로 가선 방식을 원천 배제했다&quot;고 지적했다. 이어 &quot;수소 트램은 81톤에 달하는 무거운... ,https://www.news1.kr/local/daejeon-chungnam/6309189,https://n.news.naver.com/mnews/article/421/0009209427?sid=102,"Mon, 05 Oct 2026 07:00:00 +0900",2026-10-05 10:45:11
친환경/신재생,수소 경제,"“광양만권, 초광역 복합경제 허브로 도약할 것”","이차전지와 수소, 우주·방산 등 첨단산업을 접목해 광양만권의 미래 성장동력을 확보하겠습니다.” 구충곤(사진) 광양만권경제자유구역청장은 최근 세계일보와 인터뷰에서 “단기 성과에 안주하지 않고 10년, 20년... ",https://www.segye.com/newsView/20261004506767?OutUrl=naver,https://n.news.naver.com/mnews/article/022/0004164053?sid=102,"Mon, 05 Oct 2026 06:02:00 +0900",2026-10-05 10:45:11
친환경/신재생,수소 경제,[패트롤]강원도-강원도교육청-춘천시-허영 의원,박유식 미래산업국장은 “기업이 성장할 수 있는 산업환경을 조성하고 수소산업이 미래 성장동력으로 자리 잡도록 지원하겠다&quot;고 말했다. 강원=에너지경제신문 박에스더 기자 강원도교육청은 1일 도교육청 대강당에서... ,https://www.ekn.kr/web/view.php?key=20261004024530977,https://www.ekn.kr/web/view.php?key=20261004024530977,"Sun, 04 Oct 2026 23:50:00 +0900",2026-10-05 10:45:11
친환경/신재생,수소 경제,"2026 새만금 대토론회 개최, &quot;대한민국 미래 이끌 성장동력 찾는다&quot;",토론자로는 △두산로보틱스 이두섭 상무(로봇·AI) △한국로봇산업진흥원 류요엘 실증기술연구팀장(로봇·AI) △에너지경제연구원 김재경 박사(에너지) △김진후 새만금개발청 로봇수소추진단장(로봇·수소)... ,http://www.enewstoday.co.kr/news/articleView.html?idxno=2476982,http://www.enewstoday.co.kr/news/articleView.html?idxno=2476982,"Sun, 04 Oct 2026 21:48:00 +0900",2026-10-05 10:45:11
친환경/신재생,수소 경제,[포럼] SMR로 석화·철강산업 살리자,여기에 수소생산까지 연결하면 무공해 수소환원제철의 경제적 타당성을 높일 것이다. 이는 원자력산업이 당면한 과제와도 정확히 맞아떨어진다. 원자력 입장에서는 SMR과 4세대 원자로 기술을 실제 산업현장에서... ,https://www.fnnews.com/news/202610041913183174,https://n.news.naver.com/mnews/article/014/0005584831?sid=110,"Sun, 04 Oct 2026 19:15:00 +0900",2026-10-05 10:45:11
친환경/신재생,수소 경제,"北, 중거리전략미사일 시험 발사…김정은, 딸 주애와 참관 [데일리 북한...",통한 경제 발전과 기술 자립을 강조했다. 신문은 전국과학기술축전 등에서 우수한 평가를 받은 2300여건의 성과와 제품이 전시됐다면서 석탄 가스화에 의한 환원철·합성연유 생산기술과 수소연료전지... ,https://www.news1.kr/nk/politics-diplomacy/6310168,https://n.news.naver.com/mnews/article/421/0009209059?sid=100,"Sun, 04 Oct 2026 15:38:00 +0900",2026-10-05 10:45:11
친환경/신재생,수소 경제,청주 수소도시 조성 본격화…2029년까지 400억원 투입,단순한 모빌리티 분야를 넘어 도시의 주요 에너지원으로 활용하는 미래형 도시 조성사업&quot;이라며 &quot;안전하고 지속가능한 수소도시 모델을 구축해 충북 수소산업 생태계 확산과 수소경제 활성화에 기여하겠다&quot;고 말했다.,http://www.cctimes.kr/news/articleView.html?idxno=930438,http://www.cctimes.kr/news/articleView.html?idxno=930438,"Sun, 04 Oct 2026 11:56:00 +0900",2026-10-05 10:45:11
친환경/신재생,수소 경제,美 실전경험 vs 中 양산능력… ‘걷는 병기’ 패권다툼 속도전 [S스토리...,부분 기술 부문에서는 무전 교신을 알아듣는 지휘통제 소프트웨어와 소음 없는 수소연료전지 등이... 국가안보와 경제 회복력을 가르는 핵심 변수”라고 평가했다. 미군에 로봇을 납품하고 있는 고스트로보틱스의 창업자... ,https://www.segye.com/newsView/20260928519401?OutUrl=naver,https://n.news.naver.com/mnews/article/022/0004163880?sid=104,"Sun, 04 Oct 2026 09:02:00 +0900",2026-10-05 10:45:11
친환경/신재생,수소 경제,에너지 공기업 통합 ‘효율화’ 뒤 숨은 그림자…청년 일자리 문 좁아진...,"공기업 진입 기회가 감소할 수 있지만 재생에너지·수소·에너지 안보 분야 투자를 확대하면 새로운 직무 창출로 이어질 가능성도 있다&quot;고 전했다. #발전사 통합, #지역경제, #혁신도시 이진성 글로벌이코노믹 기자",https://www.g-enews.com/view.php?ud=202610020847466062ea13369bfa_1,https://www.g-enews.com/view.php?ud=202610020847466062ea13369bfa_1,"Sun, 04 Oct 2026 08:30:00 +0900",2026-10-05 10:45:11
친환경/신재생,수소 경제,에너지 선택이 기후 대응 넘어 안보·경제 좌우,각국 경제를 압박하고 있다. 중동산 석유 의존도가 특히 높은 한국은 원유 수입처를 다변화하는 등 공급... 조원일 뉴스타파 기자는 5장 '수소 혼소와 기후도박'에서 윤석열 전 정부가 화력발전소의 대안으로 추진해 온... ,https://www.danbinews.com/news/articleView.html?idxno=33891,https://www.danbinews.com/news/articleView.html?idxno=33891,"Sat, 03 Oct 2026 23:54:00 +0900",2026-10-05 10:45:11
친환경/신재생,수소 경제,'풍평피해'라고? 후쿠시마 어민은 왜 마지막까지 동의하지 않았나,"보고서는 ALPS 처리수의 주요 방사성핵종인 삼중수소가 해양에서 빠르게 확산되며, 연평균으로 보면... 현재 원자력규제위원회, 경제산업성, 환경성, 수산청, 후쿠시마현, 도쿄전력 등이 각각 측정자료를 생산하고 있다.... ",https://www.pressian.com/pages/articles/2026100313070037185?utm_source=naver&utm_medium=search,https://n.news.naver.com/mnews/article/002/0002459477?sid=102,"Sat, 03 Oct 2026 20:44:00 +0900",2026-10-05 10:45:11
친환경/신재생,수소 경제,"울진군, 원전 넘어 원자력수소·재생에너지로…미래에너지 전략 모색",원자력수소와 재생에너지 등으로 산업 영역을 확장하며 새로운 성장동력 발굴에 나서고 있다. 이번 포럼은 이러한 에너지 기반을 실제 지역 산업과 경제 활성화로 연결하기 위한 전략을 모색한다는 데 의미가 있다.... ,https://tk.newdaily.co.kr/site/data/html/2026/10/03/2026100300036.html,https://tk.newdaily.co.kr/site/data/html/2026/10/03/2026100300036.html,"Sat, 03 Oct 2026 18:44:00 +0900",2026-10-05 10:45:11
친환경/신재생,수소 경제,"당진화력 5·6호기 대체 LNG, 호남 이전 추진","이후 지난해 2월 계획이 바뀌면서 5호기는 당진화력 안에서 LNG 50%와 수소 50%를 섞어 쓰는 발전으로... 현재 추진 중인 양수발전 사업 13개는 모두 7.5GW 규모로, 정부는 사업별 경제성을 따져 실제 대체 규모를... ",http://www.djtimes.co.kr/news/articleView.html?idxno=113666,http://www.djtimes.co.kr/news/articleView.html?idxno=113666,"Sat, 03 Oct 2026 18:06:00 +0900",2026-10-05 10:45:11
친환경/신재생,수소 경제,허가과 부활·AX정책담당관 신설..당진시 조직개편 윤곽,"안전환경국은 경제국 소관이던 미래에너지과를 넘겨받아 에너지과로 이름을 바꾸고, 에너지허가팀과 청정수소팀을 신설하는 방안이 담겼다. 홍보소통담당관은 홍보담당관으로 명칭을 바꾸고 방송홍보팀을 신설하는... ",https://www.idjnews.kr/news/articleView.html?idxno=303039,https://www.idjnews.kr/news/articleView.html?idxno=303039,"Sat, 03 Oct 2026 18:00:00 +0900",2026-10-05 10:45:11
원자력,원자력 주가,대미투자 수혜주 '현대건설'⋯한미 원전 8기 '반등 열쇠',원전 수주 지연과 재원 확보 문제로 4월 고점 이후 약 40% 하락한 현대건설 주가가 반등 계기를 마련할지... 원전 8기는 웨스팅하우스 AP1000 6기와 한국수력원자력 APR1400 2기로 구성된다. 투입 규모는 최대 1200억달러로... ,http://www.inews24.com/view/2011538,https://n.news.naver.com/mnews/article/031/0001063436?sid=101,"Mon, 05 Oct 2026 10:11:00 +0900",2026-10-05 10:45:11
원자력,원자력 주가,美중간선거 세 시나리오별 투자전략,"테크주가 가장 크게 수혜 입을 것으로 보고 있다. 민주당이 상·하 양원 중 어느 하나라도 장악하면 AI... 공화당이 수성에 성공할 경우 수혜는 전통적인 에너지와 원자력, 금융, 방산 같은 업종에 돌아갈 듯하다. JP모건은... ",https://www.businessplus.kr/news/articleView.html?idxno=117695,https://www.businessplus.kr/news/articleView.html?idxno=117695,"Sun, 04 Oct 2026 17:38:00 +0900",2026-10-05 10:45:11
원자력,원자력 주가,오라클 주가 3% 반등…10만개 AI 칩 계약에 '클라우드 대전' 다시 달아올...,사진=오라클 CI 오라클 주가가 인공지능 인프라 수요 확대에 대한 기대감 속에서 4% 넘게 뛰었다. 최근... 오라클은 10월 2일 미국 위스콘신주 포트워싱턴 데이터센터와 관련해 포인트비치 원자력발전소의 전력 일부를... ,https://www.jemin.com/news/articleView.html?idxno=843790,https://www.jemin.com/news/articleView.html?idxno=843790,"Sat, 03 Oct 2026 13:34:00 +0900",2026-10-05 10:45:11
원자력,원자력 주가,"[美 중간선거 D-30 ②] 주지사 12개주 권력구도 변화, 2028 대선까지 영...",아이오와에서는 민주당 롭 샌드 주 감사관과 공화당 기업인 잭 란이 맞붙었다. 최근 여론조사에서는 샌드... 도입과 원자력협정 개정 등 안보분야에도 영향을 줄 것으로 보인다. 한미 양국은 지난해 정상회담 공동... ,https://www.polinews.co.kr/news/articleView.html?idxno=744765,https://www.polinews.co.kr/news/articleView.html?idxno=744765,"Fri, 02 Oct 2026 18:03:00 +0900",2026-10-05 10:45:11
원자력,원자력 주가,우리기술 1만2700원선 강세…원전 제어사업 수주 주목,"1만2750원까지 올랐던 주가는 한때 1만2360원까지 내려갔다. 거래량은 약 156만주, 거래대금은 약 196억원이었다. 우리기술은 원자력발전소 계측제어와 철도 승강장 안전문, 방산 관련 시스템을 사업 축으로 두고 있다.... ",https://www.job-post.co.kr/news/articleView.html?idxno=230499,https://www.job-post.co.kr/news/articleView.html?idxno=230499,"Fri, 02 Oct 2026 14:14:00 +0900",2026-10-05 10:45:11
원자력,원자력 주가,블룸버그 &quot;SK하이닉스 대규모 상장으로 3분기 미국 IPO 시장 활력 유지&quot;,상장 이후 SK하이닉스의 주가는 20% 넘게 상승했다. 2일 블룸버그에 따르면 올해 3분기(7~9월) 미국 증시의... 다만 △원자력 기업 '홀텍 인터내셔널' △주택 보험사 '뱀부 인슈어런스' △스마트링 제조사 '오우라' 등... ,https://www.theguru.co.kr/news/article.html?no=107808,https://www.theguru.co.kr/news/article.html?no=107808,"Fri, 02 Oct 2026 13:24:00 +0900",2026-10-05 10:45:11
원자력,원자력 주가,[트럼프 스톡커] 알래스카 공약이 된 막무가내 “韓 LNG 투자”,미국 내 대형 원자력발전소 8기 건설과 알래스카 LNG 개발 사업은 추후 협의 과제로 분류했다. 앞서 한미는... 또 중간선거 결과에 따라 관련 기업들의 주가 변동성도 상당히 커질 수 있다. ※ ‘트럼프 스톡커(Stocker)’는... ,https://www.sedaily.com/article/20097482?ref=naver,https://n.news.naver.com/mnews/article/011/0004667644?sid=104,"Fri, 02 Oct 2026 10:22:00 +0900",2026-10-05 10:45:11
원자력,원자력 주가,"[특징주] 원일티엔아이, 미국 내 대형원전 8기 협력 프로젝트 기대감에...","원일티엔아이는 수소와 액화천연가스(LNG), 원자력 등 에너지 설비를 개발·제조하는 기업이다. 원자력... 기대가 주가에 반영된 것으로 보인다. 다만 현재 발표된 것은 한미 양국의 원전 협력 계획과 투자... ",https://www.widedaily.com/news/articleView.html?idxno=301673,https://www.widedaily.com/news/articleView.html?idxno=301673,"Fri, 02 Oct 2026 10:06:00 +0900",2026-10-05 10:45:11
원자력,원자력 주가,&quot;이 ETF 샀으면 3배&quot;… 반도체 웃고 바이오·K팝 울었다,테마별로는 △반도체 18조1000억원(레버리지·커버드콜 포함) △2차전지 1조6000억원 △로봇·원자력... 종목의 주가 변동성이 일시적으로 커졌다. 이번 정기 변경 대상 ETF의 기초지수는 대부분 개별 기관... ,https://biz.newdaily.co.kr/site/data/html/2026/10/02/2026100200059.html,https://biz.newdaily.co.kr/site/data/html/2026/10/02/2026100200059.html,"Fri, 02 Oct 2026 10:04:00 +0900",2026-10-05 10:45:11
원자력,원자력 주가,[시선집중] 송영길 “李대통령 상당히 분노. 우크라 공식 사과 받아내야...,"◎ 송영길 &gt; 인구와 상관없이 주가 2명이니까. 주지사, 이 4명이 다 공화당이거든요. 인구가 74만 명, 영토는... 텍사스에 있는 LNG 가스복합발전소하고 원자력발전소 8기 중에 2기를 APR1400 우리나라 한국형으로 하는 것... ",,https://n.news.naver.com/mnews/article/214/0001526892?sid=100,"Fri, 02 Oct 2026 10:01:00 +0900",2026-10-05 10:45:11
원자력,원자력 주가,"원일티엔아이 주가, 급등세... 왜?","사진 = 원일티엔아이 원일티엔아이 주가가 급등 중이다. 2일 오전 9시 53분 KRX 기준 원일티엔아이는 전... 한편 원일티엔아이는 지난 1998년 법인 전환을 통해 설립된 에너지 설비 기업으로, 수소·LNG·원자력 등 에너지... ",https://www.ggilbo.com/news/articleView.html?idxno=1184930,https://www.ggilbo.com/news/articleView.html?idxno=1184930,"Fri, 02 Oct 2026 09:54:00 +0900",2026-10-05 10:45:11
원자력,원자력 주가,"원일티엔아이, 美 원전 8기 건설 기대에 이틀 연속 상한가[특징주]","지난달 30일 종가 8350원과 비교하면 이틀 만에 주가가 약 69% 뛰었다. 주가 강세는 한미 양국이 미국 내... 원일티엔아이는 수소와 액화천연가스(LNG), 원자력 등 에너지 설비를 개발·제조하는 기업이다. 원자력... ",https://www.newsway.co.kr/news/view?ud=2026100209180054355,https://www.newsway.co.kr/news/view?ud=2026100209180054355,"Fri, 02 Oct 2026 09:38:00 +0900",2026-10-05 10:45:11
원자력,원자력 주가,"트럼프에 항의한 김정관 언급한 '상업적 합리성', 한미전략투자법 봤더...","원자력 기술을 가지고 있는데, 실제 원전을 짓는 데 필요한 EPC, 그러니까 설계·조달·시공 능력, 기자재 공급망에 관련해서는 우리나라 기업의 협력이 필요하다고 해요. 그래서 주식에서도 우리나라 건설 기업들 주가가... ",https://www.ytn.co.kr/_ln/0102_202610020848583957,https://n.news.naver.com/mnews/article/052/0002413905?sid=101,"Fri, 02 Oct 2026 08:48:00 +0900",2026-10-05 10:45:11
원자력,원전 산업,"우리기술, 원전 정책 흐름 주목…2027년 SMR 규제기술 불확실성 줄이나...",이에 따라 원전 산업 및 SMR 관련 정책이 부각되는 국면에서 시장의 관심을 받아온 종목 가운데 하나다. 다만 이번 3030억원 규모의 예산은 원자력 안전과 규제 분야를 중심으로 편성된 만큼 이를 우리기술의 직접적인... ,https://www.cbci.co.kr/news/articleView.html?idxno=612372,https://www.cbci.co.kr/news/articleView.html?idxno=612372,"Mon, 05 Oct 2026 10:00:00 +0900",2026-10-05 10:45:12
원자력,원전 산업,[이슈] 산업 국감 '초읽기'…대미투자·반도체·석유화학 쟁점은,김성원 국회 산업통상자원중소벤처기업위원장이 지난달 15일 서울 여의도 국회에서 열린 전체회의에서... 원전과 알래스카 LNG 등 후속 사업은 아직 세부 계획이 확정되지 않았다. 한미 양국은 '프로젝트 파워(Project... ,http://www.sisafocus.co.kr/news/articleView.html?idxno=365757,http://www.sisafocus.co.kr/news/articleView.html?idxno=365757,"Mon, 05 Oct 2026 09:26:00 +0900",2026-10-05 10:45:12
원자력,원전 산업,알래스카 LNG 상업성 논란…자원안보·사업구조·개발역량 따져봐야,"2일 업계에 따르면, 한국 산업통상부는 알래스카 LNG 프로젝트에 대해 LNG 우선 접근권과 관련 기자재 관세... 그러면서 “원전 프로젝트에서는 미국 웨스팅하우스의 원자로 AP1400과 한국형 원자로 APR1400를 번갈아... ",https://www.ekn.kr/web/view.php?key=20261003023431724,https://www.ekn.kr/web/view.php?key=20261003023431724,"Mon, 05 Oct 2026 09:10:00 +0900",2026-10-05 10:45:12
원자력,원전 산업,&quot;방산·원전 수주경쟁 가열...국회서 잠자는 '전략수출금융기금'&quot;,"/한화에어로스페이스 | 서울=한스경제 임준혁 기자 | 방산이나 원전 등 대규모 수출 프로젝트를 지원하기... 법안 내용 중 상생기여금을 도입, 수혜 기업 수익의 일정 부분을 기금의 산업생태계지원계정으로 적립함으로써... ",http://www.hansbiz.co.kr/news/articleView.html?idxno=870060,http://www.hansbiz.co.kr/news/articleView.html?idxno=870060,"Mon, 05 Oct 2026 08:58:00 +0900",2026-10-05 10:45:12
원자력,원전 산업,"한수원, 특허 401건 민간 이전 추진...2026 한수원 유망기술 설명회 개최","특히 인공지능(AI)을 활용한 플랜트 이상 상태 진단 기술, 원전 해체 현장의 방사선원 영상화 장치, 수차발전기 운전모드를 반영한 진동신호 이상 분석 기술 등 산업 현장에서 활용 가능성이 높은 기술들이 소개돼 참석... ",https://www.hidomin.com/news/articleView.html?idxno=723586,https://www.hidomin.com/news/articleView.html?idxno=723586,"Mon, 05 Oct 2026 07:54:00 +0900",2026-10-05 10:45:12
원자력,원전 산업,"유럽 여름, 폭염·가뭄 겹쳤다…절반 넘는 지역 ‘매우 강한 열스트레스...","저유량은 단순한 물 부족을 넘어 산업과 생활 기반에도 영향을 줬다. C3S는 7~8월 라인강과 다뉴브강 등에서 낮아진 수위가 화물 운송과 공급망에 차질을 주고, 관개용수와 담수 확보, 수력발전, 원전 냉각수... ",https://www.dailyt.co.kr/newsView/dlt202610050002,https://www.dailyt.co.kr/newsView/dlt202610050002,"Mon, 05 Oct 2026 07:36:00 +0900",2026-10-05 10:45:12
원자력,원전 산업,국가 방사능 재난훈련인데…교육·복지부 5년 연속 불참,"실제 방사능재난 발생 시 주민대피, 교육시설, 의료·보건, 교통, 산업·식품안전 등 부처별 대응체계를 종합... 실제로 일본은 후쿠시마 원전 사고 당시 원자력 방재 대책을 조정하는 거점인 원자력재해대처센터... ",https://www.yna.co.kr/view/AKR20261004025100017?input=1195m,https://n.news.naver.com/mnews/article/001/0016357270?sid=101,"Mon, 05 Oct 2026 07:13:00 +0900",2026-10-05 10:45:12
원자력,원전 산업,알래스카 LNG 검토 단계인데…트럼프 한 마디에 여야 공방 예고,텍사스 가스복합발전과 미국 내 원전 8기 건설 등 다른 두 가지 대미 투자 프로젝트에 대해서도 상업적 합리성이나 수익구조 등에 대해 여야 간 공방이 벌어질 것으로 보인다. 산업 분야에서는 3대 메가프로젝트의 실현... ,https://www.mt.co.kr/economy/2026/10/05/2026100214575017869,https://n.news.naver.com/mnews/article/008/0005422024?sid=101,"Mon, 05 Oct 2026 07:00:00 +0900",2026-10-05 10:45:12
원자력,원전 산업,&quot;6년간 수은·무보 구매자금융 60조…전략수출금융기금은 제자리&quot;,"'상생기여금' 놓고 협의 공전…문진석 &quot;수주경쟁 대응하려면 도입 서둘러야&quot; 원전이나 방산 등 대규모 수출... 법안 내용 중 상생기여금을 도입, 수혜 기업 수익의 일정 부분을 기금의 산업생태계지원계정으로... ",https://www.yna.co.kr/view/AKR20261004025400001?input=1195m,https://n.news.naver.com/mnews/article/001/0016357252?sid=100,"Mon, 05 Oct 2026 07:00:00 +0900",2026-10-05 10:45:12
원자력,원전 산업,5대 건설사 영업이익 60% '쑥↑'…원가율 정상화 시작,5일 건설업계와 에프앤가이드 등에 따르면 현대건설·대우건설·GS건설·DL이앤씨·IPARK현대산업개발 등... 여기에 해외 플랜트와 원전 등 비주택 분야의 수주 확대가 이어지면서 향후 실적은 더욱 나아질 것으로... ,https://www.g-enews.com/view.php?ud=2026100213444185042aa6f4cdad_1,https://www.g-enews.com/view.php?ud=2026100213444185042aa6f4cdad_1,"Mon, 05 Oct 2026 07:00:00 +0900",2026-10-05 10:45:12
원자력,원전 산업,3조원 첫 송금에도…트럼프 '알래스카 LNG' 압박에 301조 관세 촉각,"원전은 한국형 APR1400 2기와 AP1000 6기 등 8기 건설을 위한 협력 틀(프레임워크)을 마련했고, 알래스카 LNG는... 심지어 김정관 산업통상부 장관은 미국 측 발표가 양국 간 협의 내용을 앞서갔다는 취지로 하워드 러트닉 미... ",https://www.news1.kr/economy/trend/6309330,https://n.news.naver.com/mnews/article/421/0009209404?sid=101,"Mon, 05 Oct 2026 06:30:00 +0900",2026-10-05 10:45:12
원자력,원전 산업,반세기만의 원전 역수출…웨스팅하우스 반대 뚫어낸 막전막후,행사하며 원전 종주국 핵심 기업 내 우리 지분을 점진적으로 넓혀가는 첫 교두보라는 점에서 의미가 크다&quot;고 설명했다. 김정관 산업통상부 장관은 지난 1일 연합뉴스TV에 출연해 &quot;미국에서는 납기 지연과 비용 초과가... ,https://www.yna.co.kr/view/AKR20261003044800003?input=1195m,https://n.news.naver.com/mnews/article/001/0016357210?sid=101,"Mon, 05 Oct 2026 06:15:00 +0900",2026-10-05 10:45:12
원자력,원전 산업,대미투자 1호 확정에 볕드는 K전력기기,5일 산업통상부에 따르면 정부는 대미투자 1호 사업으로 미국 텍사스주 엔시날 가스복합화력발전소 건설... 버려지는 열을 한 번 더 활용해 일반 화력 발전보다 효율이 높고 원전보다 상대적으로 건설 기간이 짧아... ,https://www.sidae.com/article/2026100210073768495,https://n.news.naver.com/mnews/article/417/0001160039?sid=101,"Mon, 05 Oct 2026 06:10:00 +0900",2026-10-05 10:45:12
원자력,원전 산업,"[이슈추적] 멈춰 선 열병합 용량입찰, 신도시 열공급도 불안","아울러 재생에너지와 원전이 확대되는 시점에서 신규 열병합이 대량 진입하면 중장기적으로 좌초자산이... 열매체 특성(온도, 압력 등)을 고려해 지역난방과 산업단지를 구분, 지역난방은 2035년 MWh당 150kgCO2eq을 시작으로... ",http://www.e2news.com/news/articleView.html?idxno=334820,http://www.e2news.com/news/articleView.html?idxno=334820,"Mon, 05 Oct 2026 06:06:00 +0900",2026-10-05 10:45:12
원자력,원전 산업,"현대엔지니어링 데이터센터 수요 올라타, 주우정 비주택 사업기회 확보...","현대엔지니어링은 지난 3월 데이터센터를 비롯한 첨단 산업건축 분야를 미래 성장 기반의 한 축으로... 에너지를 중심으로 한 전략의 틀 아래에서 현대엔지니어링은 재생에너지와 SMR(소형모듈원전), 수소 등 차세대... ",https://www.businesspost.co.kr/BP?command=article_view&num=448455,https://www.businesspost.co.kr/BP?command=article_view&num=448455,"Mon, 05 Oct 2026 06:02:00 +0900",2026-10-05 10:45:12
원자력,원전 산업,&quot;열병합발전 전기본 통제는 사실상 정책실패&quot;,다만 최근 들어 정책담당자인 수소열산업정책관과 열산업혁신과장이 인사발령이 났거나 예정돼 있다는 측면에서 추가지연 가능성도 제기되고 있다. 원전 추가 건설여부를 둘러싸고 공론화위원회를 구성하는 등 12차... ,http://www.e2news.com/news/articleView.html?idxno=334819,http://www.e2news.com/news/articleView.html?idxno=334819,"Mon, 05 Oct 2026 06:00:00 +0900",2026-10-05 10:45:12
원자력,SMR 시장,"습지로 데이터센터 감싼 마이크로소프트, 가스 발전에 배출량 25% 급증",두산에너빌리티는 대형 가스터빈 주기기 및 고온 부품을 제작해 북미 발전 시장 공급망과 사업 연계를... 빅테크 기업들이 소형모듈원자로(SMR) 조기 배치 계약을 대규모로 체결하거나 저전력 인공지능 가속기 도입으로... ,https://www.g-enews.com/view.php?ud=202610051016439902fbbec65dfb_1,https://www.g-enews.com/view.php?ud=202610051016439902fbbec65dfb_1,"Mon, 05 Oct 2026 10:24:00 +0900",2026-10-05 10:45:13
원자력,SMR 시장,덜 소유하고 AI와 산다…2027년 新트렌드 보니,"식품 시장 바꾸고, AI와 ‘가상 동거’하는 시대 성큼 선박 엔진이 인공지능(AI) 데이터센터를 돌리고, AI가... 여기에 SMR(소형모듈원전), LNG 열병합발전, ESS와 냉각 솔루션까지 AI 시대의 에너지 생태계로 함께 다룬다.... ",https://www.mk.co.kr/article/12167207,https://n.news.naver.com/mnews/article/024/0000108697?sid=101,"Sun, 04 Oct 2026 21:01:00 +0900",2026-10-05 10:45:13
원자력,SMR 시장,"현대건설, 원전 후행주기 선점…사용후핵연료 처분공 실증",시장 여건도 달라지고 있다. 지난해 제정된 고준위방사성폐기물 관리 특별법에는 중간저장시설과... 현대건설은 대형원전과 소형모듈원자로(SMR) 사업을 확대하는 동시에 해체와 사용후핵연료 관리 기술도 확보해왔다.... ,http://sateconomy.co.kr/news/view/1065606230614992,http://sateconomy.co.kr/news/view/1065606230614992,"Sun, 04 Oct 2026 18:48:00 +0900",2026-10-05 10:45:13
원자력,SMR 시장,전기를 만드는 동안 바다는 뜨거워졌다,'해양수도'가 지켜야 할 바다 전재수 부산시장이 SNS를 통해 부캉이에게 긴 작별인사를 남겼다. 부캉이가... 이에 더해 작은 핵발전소인 SMR을 추가로 건설하겠다고 하고 최근에는 고리1호기 해체 부지에 데이터센터를... ,https://www.pressian.com/pages/articles/2026100321251303536?utm_source=naver&utm_medium=search,https://n.news.naver.com/mnews/article/002/0002459527?sid=102,"Sun, 04 Oct 2026 17:40:00 +0900",2026-10-05 10:45:13
원자력,SMR 시장,"한국원자력학회, '한·미 원전 건설 협력 합의' 환영","하지만 미국은 세계 최고 수준의 원전 원천기술과 인허가 체계, 금융·시장 기반을 갖추고 있으나, 오랜 건설... 또한 대형 원전을 넘어 SMR, 핵연료, 계속운전, 운영·정비 등으로 협력 분야가 확대될 수 있도록 산·학·연의... ",http://www.knpnews.com/news/articleView.html?idxno=34615,http://www.knpnews.com/news/articleView.html?idxno=34615,"Sun, 04 Oct 2026 11:48:00 +0900",2026-10-05 10:45:13
원자력,SMR 시장,[에너지 오디세이]⑨사고 원전도 다시 돌린다…AI가 불붙인 '원전 르네...,제11차 전력수급기본계획(전기본)에서 대형원전 2기와 소형모듈원자로(SMR) 1기를 새로 짓기로 한 데 이어... 독일 등 일부 국가는 탈원전을 선택했고 세계 신규 원전 시장도 장기간 위축됐다. 한국은 그 사이 원전... ,https://view.asiae.co.kr/article/2026100410224396709,https://n.news.naver.com/mnews/article/277/0005824453?sid=101,"Sun, 04 Oct 2026 10:22:00 +0900",2026-10-05 10:45:13
원자력,SMR 시장,"[기획] 두산에너빌리티, 수주는 26조인데…현금은 왜 줄었나","대형 원전 기자재 제작 경험을 활용해 SMR 기자재 시장을 공략하고, 가스터빈에서는 기기 판매 이후 이어지는 유지·보수 서비스 계약을 늘릴 계획이다. ◆ 26조 수주, 현금 전환 속도 주목 26조3509억원의 수주잔고는... ",https://www.kfenews.co.kr/news/articleView.html?idxno=665804,https://www.kfenews.co.kr/news/articleView.html?idxno=665804,"Sun, 04 Oct 2026 08:56:00 +0900",2026-10-05 10:45:13
원자력,SMR 시장,AI데이터센터 에너지 논쟁... 'AI 강국'과 '탄소중립' 충돌,"시장조사기관 트렌드포스는 세계 데이터센터 전력 수요 용량이 2026년 161GW로 1년 새 31% 늘고, 2030년에는... 12차 전기본에 신규 대형 원전과 소형모듈원전(SMR)의 규모와 부지, 일정을 담으라는 것이다. 정부의 선택은... ",https://www.eroun.net/news/articleView.html?idxno=91528,https://www.eroun.net/news/articleView.html?idxno=91528,"Sat, 03 Oct 2026 08:56:00 +0900",2026-10-05 10:45:13
원자력,SMR 시장,270조 투자 호재에도 원전주는 시큰둥…먼저 돈 되는 곳 따로 있다고?,익히 알려진 호재인 까닭에 주가가 선반영됐다는 인식이 강한 데다 고금리에 따른 시장 부담감이 여전하기... 글로벌 소형모듈원전(SMR)과 대형 원전 건설 프로젝트는 자금조달·이해관계 문제로 지연되고 있을 뿐... ,https://www.mk.co.kr/article/12167669,https://n.news.naver.com/mnews/article/009/0005743482?sid=101,"Sat, 03 Oct 2026 06:04:00 +0900",2026-10-05 10:45:13
원자력,SMR 시장,원전 확대해도 가동 막힐 판… ‘우라늄 공급난’ 경고 잇따라,"최근 우라늄 시장에서 공급 비중을 확대하고 있는 러시아가 ‘자원 무기화’에 나설 경우 농축 우라늄을... 여기다 올해 건설 지역이 확정된 경북 영덕 대형 원전 2기, 부산 기장 소형모듈원자로(SMR) 1기에 필요한... ",https://biz.chosun.com/industry/company/2026/10/03/T5GW4BHF45H4FOJYGAC3OE3IME/?utm_source=naver&utm_medium=original&utm_campaign=biz,https://n.news.naver.com/mnews/article/366/0001195990?sid=101,"Sat, 03 Oct 2026 06:03:00 +0900",2026-10-05 10:45:13
원자력,SMR 시장,[정책 인사이트] 대미투자 韓 대형 원전·日 SMR… 노림수 다른 두 나라,상업적 합리성에 초점 맞춘 韓 vs SMR 시장 선점 노리는 日 한국이 대형 원전 프로젝트에 집중한 것은 상업적 합리성을 최우선으로 고려한 결과로 보인다. 대형 원전은 오랜 기간 상용화되면서 사업성과 안정성이... ,https://biz.chosun.com/policy/policy_sub/2026/10/03/EOQ6DTVIBJHEFO6BWHRUY3BFJQ/?utm_source=naver&utm_medium=original&utm_campaign=biz,https://n.news.naver.com/mnews/article/366/0001195983?sid=101,"Sat, 03 Oct 2026 06:02:00 +0900",2026-10-05 10:45:13
원자력,SMR 시장,2026 K-FAST NIGHT in LA 개최,한국 콘텐츠 기업과 미국 미디어 업계 관계자들이 LA에서 광고 기반 무료 스트리밍 서비스인 FAST 시장의 협력 방안을 논의했다. CJ ENM•K20•스마트미디어렙(SMR)•KT스튜디오지니는 지난 9월 28일... ,https://www.koreadaily.com/article/20261002105335122,https://www.koreadaily.com/article/20261002105335122,"Sat, 03 Oct 2026 02:54:00 +0900",2026-10-05 10:45:13
원자력,SMR 시장,"&quot;바다 위 데이터센터와 원전이 나란히&quot;…삼성중공업, '해상 AI 인프라' ...",두 사업 모두 아직 본격적인 발주 시장이 형성되지 않은 초기 단계지만 최근 2~3년 사이 글로벌 선급의... 종류의 SMR을 적용할 수 있도록 한 것이 특징이다. 올해 7월에는 미국 원전 설계·엔지니어링 기업... ,https://www.straightnews.co.kr/news/articleView.html?idxno=312458,https://www.straightnews.co.kr/news/articleView.html?idxno=312458,"Fri, 02 Oct 2026 20:44:00 +0900",2026-10-05 10:45:13
원자력,SMR 시장,"한국원자력학회, 한·미 원전 프레임워크 합의 환영","원전시장에서 공동 경쟁력을 높일 수 있다”고 밝혔다.학회는 미국이 원전 원천기술과 인허가 체계, 금융... 아니라 SMR, 핵연료, 계속운전, 운영·정비 등으로 협력 분야가 확대될 수 있도록 산·학·연의 역량을 모으겠다”... ",https://www.kbsm.net/news/view.php?idx=536386,https://www.kbsm.net/news/view.php?idx=536386,"Fri, 02 Oct 2026 19:28:00 +0900",2026-10-05 10:45:13
방산/우주항공,방산 주가,"[인사] ㈜한화, 신규 임원 10명 승진···분할 후 첫 정기 임원인사","테크·라이프 계열은 신설 지주사 한화머시너리앤서비스홀딩스로 분리됐고, 방산·조선·에너지·금융... 분할 후 거래를 재개한 8월 25일 ㈜한화 주가는 장 초반 23% 넘게 올랐다. 증권가에서는 사업 구조가 단순해져... ",https://www.polinews.co.kr/news/articleView.html?idxno=744869,https://www.polinews.co.kr/news/articleView.html?idxno=744869,"Mon, 05 Oct 2026 10:10:00 +0900",2026-10-05 10:45:14
방산/우주항공,방산 주가,자산가들 삼전닉스 팔고 커버드콜 담았다,"대비 주가 수준) 부담이 커지면 발 빠르게 차익 실현에 나선다”며 “반도체와 밸류업, 방산, 식품 등 상반기 주도주를 팔고 4분기 불확실성에 대비해 현금 비중을 높인 것”이라고 설명했다. ◇우선주·커버드콜... ",https://www.hankyung.com/article/2026100426691,https://n.news.naver.com/mnews/article/015/0005339047?sid=101,"Sun, 04 Oct 2026 18:02:00 +0900",2026-10-05 10:45:14
방산/우주항공,방산 주가,&quot;삼전닉스 팔고 빠진 줄 알았는데&quot;…부자들 '뜻밖의 선택',"대비 주가 수준) 부담이 커지면 발 빠르게 차익 실현에 나선다”며 “반도체와 밸류업, 방산, 식품 등 상반기 주도주를 팔고 4분기 불확실성에 대비해 현금 비중을 높인 것”이라고 설명했다. ◇우선주·커버드콜... ",https://www.hankyung.com/article/2026100426991,https://n.news.naver.com/mnews/article/015/0005339046?sid=101,"Sun, 04 Oct 2026 18:00:00 +0900",2026-10-05 10:45:14
방산/우주항공,방산 주가,미국-이란 전쟁서 성능 입증… LIG디펜스앤에어로스페이스 미사일 특수...,"글로벌 방산시장에서 미사일의 중요성도 갈수록 커지고 있다. 전통적인 지상무기와 전차, 전투기뿐 아니라... 미래에셋증권은 2028년 주당순이익(EPS)을 3만3034원으로 추정하고, 과거 1년간 12개월 선행 주가수익비율(PER)... ",https://www.pinpointnews.co.kr/news/articleView.html?idxno=492572,https://www.pinpointnews.co.kr/news/articleView.html?idxno=492572,"Sun, 04 Oct 2026 14:52:00 +0900",2026-10-05 10:45:14
방산/우주항공,방산 주가,미국 무기 대기 길어지자…한화에어로스페이스 'K-방산' 기회 커졌다,"각 사업의 2027년 영업이익에 목표 주가수익비율을 적용하는 SOTP 방식으로 기업가치를 산출했다. 지상방산 부문에는 목표 PER 30.8배, 항공우주 부문에는 25.7배를 적용했다. 이는 한화에어로스페이스의 현재 실적뿐 아니라... ",https://www.pinpointnews.co.kr/news/articleView.html?idxno=492571,https://www.pinpointnews.co.kr/news/articleView.html?idxno=492571,"Sun, 04 Oct 2026 14:48:00 +0900",2026-10-05 10:45:14
방산/우주항공,방산 주가,폴란드 넘어 루마니아·페루·이라크까지…현대로템 '글로벌 전차' 질주,"현대로템 주가는 2분기와 3분기 동안 하락세가 이어졌지만, 이 과정에서 글로벌 방산기업과 비교한 밸류에이션 부담이 낮아졌다는 평가다. 미래에셋증권은 현대로템의 2027년 주당순이익(EPS)을 9032원으로 전망하고 글로벌... ",https://www.pinpointnews.co.kr/news/articleView.html?idxno=492564,https://www.pinpointnews.co.kr/news/articleView.html?idxno=492564,"Sun, 04 Oct 2026 14:38:00 +0900",2026-10-05 10:45:14
방산/우주항공,방산 주가,KF-21 글로벌 확장 앞둔 한국항공우주…미래에셋 &quot;지금이 변곡점&quot;,"어느 정도의 경쟁력을 확보하느냐에 달려 있다는 분석이다. 수출 계약이 본격화될 경우 단순한 방산주를 넘어 글로벌 항공·방산 기업으로 평가받을 가능성도 있다. 목표주가 18만6000원, 투자의견은 매수를 제시했다.",https://www.pinpointnews.co.kr/news/articleView.html?idxno=492563,https://www.pinpointnews.co.kr/news/articleView.html?idxno=492563,"Sun, 04 Oct 2026 14:32:00 +0900",2026-10-05 10:45:14
방산/우주항공,방산 주가,"미래에셋증권, 10월 첫째주 삼성전기 등 14종목 매수 추천","목표주가 112만원과 투자의견 매수, 방산업종 Top Pick 의견 제시. 한화에어로스페이스(012450) K9 자주포·천무·L-SAM 등 폭넓은 방산 수출 포트폴리오를 보유. 다수 국가를 대상으로 방산 수출 실적이 지속적으로... ",https://www.bigtanews.co.kr/article/view/big202610040004,https://www.bigtanews.co.kr/article/view/big202610040004,"Sun, 04 Oct 2026 10:52:00 +0900",2026-10-05 10:45:14
방산/우주항공,방산 주가,중동도 반했다…북한 미사일 막는 '하늘의 방패' 짜는 이 기업들,방산주 주가는 대체로 지난 3월 미국·이란 전쟁으로 중동 긴장이 높아지면서 함께 올랐다. 2일 종가 기준 LIG디팬스앤에어로스페이스는 76만2000원으로 지난해 말보다 81.0% 올랐다. 한화시스템은 8만2900원으로 52.4... ,https://www.mt.co.kr/stock/2026/10/04/2026100215165698527,https://n.news.naver.com/mnews/article/008/0005421909?sid=101,"Sun, 04 Oct 2026 07:00:00 +0900",2026-10-05 10:45:14
방산/우주항공,방산 주가,조선주 혼조…HJ중공업 2%대·삼성중공업 1%대 상승,글로벌 방산·함정 시장의 움직임도 함께 살펴볼 필요가 있다. 삼성중공업은 LNG운반선과 해양플랜트 등 고부가 선종의 수주 및 건조 진행 상황이 주가에 영향을 미칠 수 있다. 향후 조선주의 방향은 글로벌 신규... ,https://www.cbci.co.kr/news/articleView.html?idxno=612094,https://www.cbci.co.kr/news/articleView.html?idxno=612094,"Sat, 03 Oct 2026 13:00:00 +0900",2026-10-05 10:45:14
방산/우주항공,방산 주가,"우주항공·방산, 중동 특수·위성 수출 호재에 '우상향' 총성","높은 주가 탄력성을 보여준다. 또한 RF머트리얼즈, 아이쓰리시스템, 엠앤씨솔루션 등 핵심 부품·정밀 기기 업체들은 방산 체계 업체들의 생산량 증대에 직접적인 수혜를 입는 구조다. 증권 전문가들은 우주항공 및 국방... ",https://www.pinpointnews.co.kr/news/articleView.html?idxno=492440,https://www.pinpointnews.co.kr/news/articleView.html?idxno=492440,"Sat, 03 Oct 2026 11:34:00 +0900",2026-10-05 10:45:14
방산/우주항공,방산 주가,조선·조선기자재주 강세…티엠씨 상한가·삼영엠텍 3%대 상승,조선·조선기자재 관련주가 전반적으로 강세 흐름을 보이고 있다. 티엠씨가 상한가에 진입한 가운데... 정부의 첨단산업 육성 정책도 조선·방산 산업 생태계에 대한 관심을 높이는 배경으로 거론된다. 정부는... ,https://www.cbci.co.kr/news/articleView.html?idxno=612092,https://www.cbci.co.kr/news/articleView.html?idxno=612092,"Sat, 03 Oct 2026 09:30:00 +0900",2026-10-05 10:45:14
방산/우주항공,우주항공 산업,KAI '민영화' 다시 국감으로···한화 2대주주 부상에 중립성 논란,한국항공우주산업(KAI) 민영화 문제가 10월 국정감사에서 다시 다뤄진다. 최대주주인 한국수출입은행이 보유한 지분 26.41%의 처리 방향이 쟁점이다. 올해 한화그룹이 KAI 지분을 15.89%까지 늘려 2대주주로 올라서고 '경영... ,https://www.sisajournal-e.com/news/articleView.html?idxno=424094,https://www.sisajournal-e.com/news/articleView.html?idxno=424094,"Mon, 05 Oct 2026 10:30:00 +0900",2026-10-05 10:45:15
방산/우주항공,우주항공 산업,"경남 창원국가산단, 국내 첫 방산 첨단항공엔진 특화단지 지정",경상남도는 기업과 대학·연구기관의 역량을 결집해 대규모 투자와 전문인력 양성을 추진하며 우주항공산업 경쟁력 강화에 나선다. 1974년 지정된 창원국가산단이 방위산업 분야 국가첨단전략산업인 '첨단항공엔진... ,http://www.metroseoul.co.kr/article/20261005500019,http://www.metroseoul.co.kr/article/20261005500019,"Mon, 05 Oct 2026 09:52:00 +0900",2026-10-05 10:45:15
방산/우주항공,우주항공 산업,위성 만들어도 쏘아 올릴 로켓이 없다…우주산업 덮친 ‘발사 정체’,위성을 만들어 놓고도 쏘아 올릴 로켓을 구하지 못하는 ‘발사 정체’가 세계 우주산업의 현안으로 떠올랐다. 지난달 미국 오하이오에서 미국항공우주학회(AIAA) 주최로 열린 글렌우주기술 심포지엄에서 참석자들은... ,https://www.hani.co.kr/arti/science/technology/1280908.html,https://n.news.naver.com/mnews/article/028/0002826015?sid=105,"Mon, 05 Oct 2026 09:32:00 +0900",2026-10-05 10:45:15
방산/우주항공,우주항공 산업,"화성으로 가는 설계도, 스페이스X","2026년 7월 우주항공청이 마련한 행사가 끝난 뒤 나는 미 항공우주국(NASA) 달 기지 프로그램 총괄 카를로스... 나는 지난 2년간, 미국 우주산업의 실체를 이해하고자 텍사스 최남단의 스타베이스를 네 차례 넘게 찾아갔고... ",https://www.hani.co.kr/arti/economy/economy_general/1280903.html,https://n.news.naver.com/mnews/article/028/0002826010?sid=101,"Mon, 05 Oct 2026 09:02:00 +0900",2026-10-05 10:45:15
방산/우주항공,우주항공 산업,中·EU·日 앞서가는데… 저궤도 위성 수도 못 정한 韓,국민과 산업이 실제 서비스를 이용할 수 있을지 구체적인 시간표를 제시해야 한다&quot;며 &quot;2028년 궤도 확보... 올해 3월 과학기술정보통신부·국방부·방위사업청·우주항공청이 저궤도 위성통신 검토 태스크포스(TF)를... ,https://it.chosun.com/news/articleView.html?idxno=2023092171333,https://it.chosun.com/news/articleView.html?idxno=2023092171333,"Mon, 05 Oct 2026 09:00:00 +0900",2026-10-05 10:45:15
방산/우주항공,우주항공 산업,"재사용 발사체·메탄엔진·위성…K-방산 4사, '우주 먹거리' 확대","기업 성장과 산업 경쟁력으로 연결하는 데 중점을 두었다&quot;며 &quot;우주수송, 우주탐사, 첨단위성, 미래항공 분야의 경쟁력을 강화하여 대한민국 우주항공산업의 대도약을 위해 최선을 다하겠다&quot;고 말했다. [스트레이트뉴스 ]",https://www.straightnews.co.kr/news/articleView.html?idxno=312432,https://www.straightnews.co.kr/news/articleView.html?idxno=312432,"Mon, 05 Oct 2026 08:00:00 +0900",2026-10-05 10:45:15
방산/우주항공,우주항공 산업,[이번 주 경남] 국정감사 시작…민선 9기 취임 100일 맞아,"이날 과방위는 사천을 찾아 민영화 추진 여부가 관심인 한국항공우주산업, KAI와 우주항공청을 시찰합니다. 12일에는 한국토지주택공사, LH가 감사 대상으로, 조직 분리 등 개혁 방안과 정부 부동산 정책에 대한 날 선... ",https://news.kbs.co.kr/news/pc/view/view.do?ncd=8677603&ref=A,https://n.news.naver.com/mnews/article/056/0012267795?sid=100,"Mon, 05 Oct 2026 07:42:00 +0900",2026-10-05 10:45:15
방산/우주항공,우주항공 산업,"[에어로텍 2026] 정찰 공백↓, 6G 통신까지…KAI, 표준 위성 플랫폼 활용...","지난달 30일 경남 창원 컨벤션 센터에서 열린 '제2회 국제우주항공기술대전(AEROTEC 2026)'의 한국항공우주산업(KAI) 부스에서는 초소형 정찰 위성부터 수자원을 살피는 위성, 6G 통신을 검증할 위성까지 소개됐다.... ",https://www.ekn.kr/web/view.php?key=20261005022212009,https://www.ekn.kr/web/view.php?key=20261005022212009,"Mon, 05 Oct 2026 07:38:00 +0900",2026-10-05 10:45:15
방산/우주항공,우주항공 산업,'문화와 우주의 도시' 사천시…10월 한 달간 다채로운 축제·행사 물결,"◆ '2026 사천에어쇼' 10월 22~25일 개최…블랙이글스 출격 이와 함께 경남도, 사천시, 한국항공우주산업(KAI)이 공동 주최하는 '2026 사천에어쇼'가 오는 22일부터 25일까지 나흘간 사천 공군기지에서 개최된다. 행사 기간... ",https://www.pointe.co.kr/news/articleView.html?idxno=85573,https://www.pointe.co.kr/news/articleView.html?idxno=85573,"Mon, 05 Oct 2026 07:26:00 +0900",2026-10-05 10:45:15
방산/우주항공,우주항공 산업,"[영상] 국장 갈까, 미장 갈까…조홍래 “그렇게 투자하면 안됩니다”","조 대표는 “미국은 하이퍼스케일러 외에도 인공지능(AI) 밸류체인 내에서도 전력과 광통신, 냉각 등 다양한 업종이 있고 우주와 항공, 금융 등 다른 산업도 탄탄해 기초체력이 다르다고 볼 수 있다”고 설명했습니다.... ",https://www.kmib.co.kr/article/view.asp?arcid=9000019832&cp=nv,https://n.news.naver.com/mnews/article/005/0001876755?sid=101,"Mon, 05 Oct 2026 07:12:00 +0900",2026-10-05 10:45:15
방산/우주항공,우주항공 산업,"트럼프, 백악관 새 AI 사령탑에 클레이튼 DNI 국장 낙점… '초지능(SI)' 시...",# 일론 머스크 &quot;AI 대신 SI&quot;… 스페이스X 관련 조직명 즉각 변경 이번 발표에서 산업계의 가장 큰 이목을 끈... 이끄는 우주항공 기업 스페이스X의 AI 부서 이름을 '스페이스XAI'에서 '스페이스XSI'로 즉각 변경한다고... ,http://www.newsian.co.kr/news/articleView.html?idxno=96508,http://www.newsian.co.kr/news/articleView.html?idxno=96508,"Mon, 05 Oct 2026 06:20:00 +0900",2026-10-05 10:45:15
방산/우주항공,우주항공 산업,'교육 지산지소' 인재가 전남광주 통합 이끈다[통합 100일③],"과학고는 광주권 AI·모빌리티, 서부권 에너지·반도체, 동부권 우주항공·신소재 등 권역별 산업과 연계해 특화한다. 특화학교의 교육 자원도 지역 전체와 공유한다. 전문 인력과 연구시설을 활용한 주말·방학 탐구캠프와... ",https://www.newsis.com/view/NISX20261001_0003810791,https://n.news.naver.com/mnews/article/003/0014233265?sid=102,"Mon, 05 Oct 2026 06:02:00 +0900",2026-10-05 10:45:15
방산/우주항공,우주항공 산업,반도체·의약품도 우주 간다… 누리호 5호는 ‘소형 실험실’,국산 반도체의 우주 작동 여부와 우주 의약품 생산 가능성을 시험하는 등 우주기술의 산업·공공 활용 가능성을 확인하는 기회여서다. 4일 우주항공청에 따르면 누리호 5차 발사는 누리호의 발사 신뢰성 제고를 위한... ,https://www.seoul.co.kr/news/economy/industry/2026/10/05/20261005030003?wlog_tag3=naver,https://n.news.naver.com/mnews/article/081/0003685987?sid=101,"Mon, 05 Oct 2026 05:03:00 +0900",2026-10-05 10:45:15
방산/우주항공,우주항공 산업,"[유럽스타트업열전] 비츠앤프레츨, 옥토버페스트 한가운데서 스타트업...","우주항공, 양자기술, 기후기술과 방산이 결합하고 있다. 몇 년 전까지만 해도 유럽 스타트업 컨퍼런스를 지배했던 단어가 SaaS, 핀테크, 플랫폼이었다면 지금은 분위기가 확실히 다르다. 딥테크, 디펜스 테크, 산업용 AI... ",https://bizhankook.com/articles/bits-and-pretzels-startup-festival.html,https://bizhankook.com/articles/bits-and-pretzels-startup-festival.html,"Sun, 04 Oct 2026 21:36:00 +0900",2026-10-05 10:45:15
방산/우주항공,우주항공 산업,"정부, 차세대중형위성 2·4호 초기운영 성과 공개",국토부는 최근 예비타당성조사를 통과한 후속 국토위성 3호(2030년 발사 목표)와 4호(2031년 발사 목표) 사업도 우주항공청과 협력해 민간 우주산업 성장으로 연계하겠다는 방침이다. 지난 7월 발사된 차세대중형위성 4호... ,http://www.amnews.co.kr/news/articleView.html?idxno=74865,http://www.amnews.co.kr/news/articleView.html?idxno=74865,"Sun, 04 Oct 2026 19:16:00 +0900",2026-10-05 10:45:15
방산/우주항공,우주항공 산업,"​韓 스타트업 투자, 4년 만에 10조 돌파…AI 반도체·우주항공 쏠림",전체 투자 건수는 하락세를 이어가고 있으나 인공지능(AI) 반도체와 우주항공 등 딥테크 분야에 자본이... AI 산업의 성장은 반도체 등 핵심 하드웨어 인프라 투자로도 직결됐다. AI 반도체 투자가 활발하게... ,https://www.bloter.net/news/articleView.html?idxno=675013,https://n.news.naver.com/mnews/article/293/0000091206?sid=101,"Sun, 04 Oct 2026 14:00:00 +0900",2026-10-05 10:45:15
방산/우주항공,우주항공 산업,"사천시, 2027년 주요업무계획 보고회 성료…민선 9기 시정 청사진 제시","내년도 사업계획은 우주항공을 축으로 한 산업·도시 기반 확장, 교통·도시 인프라와 생활권 정비, 체류형 해양관광 도시 조성, 지역경제 활성화에 초점을 맞춘 것으로 분석된다. 주요 사업으로는 우주항공복합도시 건설... ",https://www.viva100.com/article/20261004500137,https://www.viva100.com/article/20261004500137,"Sun, 04 Oct 2026 13:20:00 +0900",2026-10-05 10:45:15
방산/우주항공,우주항공 산업,나라스페이스테크놀로지 20%대 급등…LK삼양·스피어 등 우주항공주 동...,"케이피항공산업은 6.26%, 켄코아에어로스페이스는 5.63% 상승하며 우주항공 관련주 전반에 '빨간불'이 켜졌다. 특히 종목별 상승률이 비교적 폭넓게 나타났다는 점에서 개천절 연휴 이후인 6일에도 관련주에... ",https://www.cbci.co.kr/news/articleView.html?idxno=612295,https://www.cbci.co.kr/news/articleView.html?idxno=612295,"Sun, 04 Oct 2026 11:40:00 +0900",2026-10-05 10:45:15
방산/우주항공,우주항공 산업,"[힘내라K산업]⑤ '지상에서 우주까지'…현대로템, 항공우주 스마트팩토...",현대로템 관계자는 &quot;30여 년간 쌓아온 항공우주 기술 리더십을 기반으로 사업 경쟁력을 확대하고 있다&quot;며 &quot;지속적인 기술 개발과 사업 인프라 확대를 통해 대한민국 항공우주 산업 발전에 기여할 수 있도록 노력하겠다&quot;고... ,https://www.asiatime.co.kr/article/20261002500289,https://www.asiatime.co.kr/article/20261002500289,"Sun, 04 Oct 2026 09:02:00 +0900",2026-10-05 10:45:15
방산/우주항공,K방산 수출,[위기의 K섬유③] 전통 제조업서 첨단산업으로···돌파구는 '고부가 전...,과거 의류용 원사와 원단을 대량 생산해 수출하던 산업에서 자동차·항공우주·에너지·전자·의료 등... ◇옷 넘어 자동차·우주·방산으로…넓어지는 쓰임새 고부가 전환의 중심에는 섬유의 쓰임새 확대가 자리한다. 기존... ,http://www.enewstoday.co.kr/news/articleView.html?idxno=2476633,http://www.enewstoday.co.kr/news/articleView.html?idxno=2476633,"Mon, 05 Oct 2026 09:00:00 +0900",2026-10-05 10:45:15
방산/우주항공,K방산 수출,[K-방산은 지금] KF-21 다음 승부처 '한국형 미티어',핵심 무장과 이를 전투기에 연결하는 체계통합 역량까지 확보하면 안정적인 무장 공급은 물론 향후 KF-21 수출 전략에서도 선택지를 넓힐 수 있다는 게 방산업계의 평가다. ◆KF-21 전력화… 장거리 무장은 유럽산 KF-21은... ,http://www.the-biz.co.kr/news/articleView.html?idxno=728739,http://www.the-biz.co.kr/news/articleView.html?idxno=728739,"Mon, 05 Oct 2026 07:00:00 +0900",2026-10-05 10:45:15
방산/우주항공,K방산 수출,"유럽, 무기 '공동개발·공동생산' 체제로…K-방산엔 높아진 장벽·커진 ...","유럽 시장을 공략하는 K-방산의 전략도 달라져야 한다. 완제품을 수출하는 데서 그치지 않고 현지 생산과 공급망에 참여하고, 유럽 업체와 공동개발·공동생산에 들어가는 방식이다. 정부도 개별 수출 지원을 넘어 한국과... ",https://www.newsverse.kr/news/articleView.html?idxno=11577,https://www.newsverse.kr/news/articleView.html?idxno=11577,"Mon, 05 Oct 2026 01:20:00 +0900",2026-10-05 10:45:15
방산/우주항공,K방산 수출,“美 하이마스 팔고 한국 천무에 집중하자”…폴란드서 이런 주장 나온...,‘호마르-K’를 추가 도입하는 방안을 제안했다. 정부의 매각 발표나 군의 공식 방침은 아니다. 필자가 문제... 다만 K방산 수출에서 현지화가 갖는 의미는 분명하다. 완성품을 빠르게 공급하는 데서 더 나아가 구매국이... ,https://nownews.seoul.co.kr/news/newsView.php?id=20261004601016&wlog_tag3=naver,https://n.news.naver.com/mnews/article/081/0003685916?sid=104,"Sun, 04 Oct 2026 20:31:00 +0900",2026-10-05 10:45:15
방산/우주항공,K방산 수출,"‘좋은 무기’ 내세운 韓, ‘필요하고 사고 싶은 무기체계’ 내세운 獨","미래전에서 전차 무용론까지 등장하고 온 세계가 드론과 AI, 로봇과 자율 무기체계로 질주하는 판에 우리는 전차, 자주포, 기본 항공기 등 몇 가지 재래식 무기 수출에만 몰두하고 안주한다면 K-방산의 밝은 미래를... ",https://shindonga.donga.com/3/all/13/6404926/1,https://n.news.naver.com/mnews/article/262/0000019737?sid=104,"Sun, 04 Oct 2026 17:01:00 +0900",2026-10-05 10:45:15
방산/우주항공,K방산 수출,사브 韓 법인 신임 대표에 스테판 엥스트룀…“센서·전자전 기술로 K방...,스웨덴의 역량이 상호 보완될 수 있는 방안을 모색하겠다&quot;고 말했다. 박규빈 기자 kevinpark@ekn.kr 스웨덴 공군 25년 복무·그리펜 해외 사업 이끈 방산 전문가 한국 무기체계 성능·수출 경쟁력 높이는 부체계 공급에 초점,https://www.ekn.kr/web/view.php?key=20261004023472150,https://www.ekn.kr/web/view.php?key=20261004023472150,"Sun, 04 Oct 2026 14:28:00 +0900",2026-10-05 10:45:15
방산/우주항공,K방산 수출,채굴부터 가공·원제품 생산까지… K기업 ‘탈중국 희토류 밸류체인’ ...,희토류 영구자석은 전기차와 해상풍력 같은 첨단 산업과 미사일과 전투기 등 첨단 방산 분야 핵심 소재다.... 중국의 수출 통제에 따른 공급망 위기도 지속되고 있다. 지난달 열린 미·중 정상회담을 계기로 다음달 만료... ,https://www.kmib.co.kr/article/view.asp?arcid=9000019577&cp=nv,https://n.news.naver.com/mnews/article/005/0001876568?sid=101,"Sun, 04 Oct 2026 07:04:00 +0900",2026-10-05 10:45:15
방산/우주항공,K방산 수출,"폴란드, K-전투기 첫 전투 임무 투입",군사·방산 전문 매체 '밀리터리니'(Militarnyi)에 따르면 우브와디스와프 코시니아크-카미시 폴란드... FA-50GF는 한국항공우주산업(KAI)이 제작한 경공격기(경전투기)인 FA-50의 폴란드 수출형 초기 납품 모델이다. 'GF'는... ,https://www.kpinews.kr/newsView/1065555186495796,https://www.kpinews.kr/newsView/1065555186495796,"Sun, 04 Oct 2026 04:48:00 +0900",2026-10-05 10:45:15
방산/우주항공,K방산 수출,"[글로벌 K-Financer] (2) 하나銀, 美·베트남·우즈벡 거점 확대…글로벌...","▲ 조선과 자동차, 배터리, 방산 등의 우리나라의 핵심 분야에서 국내 기업과 수출신용기관(ECA), 국제기구 등과 연계하는 방식으로 생산적 금융지원을 실시하고 있다. 풍력과 태양광 등 신재생에너지 분야에서 국내... ",https://www.theguru.co.kr/news/article.html?no=107720,https://www.theguru.co.kr/news/article.html?no=107720,"Sun, 04 Oct 2026 00:02:00 +0900",2026-10-05 10:45:15
방산/우주항공,K방산 수출,"단기 4359년 개천절, ‘애국투자펀드’ 성과는? [마켓시그널]",미래에셋자산운용의 ‘TIGER K방산&amp;우주’는 완성 무기를 수출하는 K-방산 체계종합 4사(한화에어로스페이스·KAI·현대로템·LIG넥스원)와 위성·항공우주 강소 소부장 기업을 아우르는 상품이다. 러·우 전쟁과 중동... ,https://www.sedaily.com/article/20097889?ref=naver,https://n.news.naver.com/mnews/article/011/0004668004?sid=101,"Sat, 03 Oct 2026 16:01:00 +0900",2026-10-05 10:45:15
방산/우주항공,K방산 수출,"&quot;K방산 텃밭 잡아라&quot; 日 정부, 돈 풀고 규제 풀어 'J방산' 밀어준다","일본 정부가 방산 수출 확대를 위해 규제를 풀고 금융·투자 지원을 늘리는 등 '자국 방산업체 밀어주기'에 나서고 있다. 특히 필리핀, 인도네시아 등 K방산이 선점한 동남아 시장을 적극적으로 공략하면서 한일 방산업체... ",https://www.thepublic.kr/news/articleView.html?idxno=320985,https://www.thepublic.kr/news/articleView.html?idxno=320985,"Sat, 03 Oct 2026 09:30:00 +0900",2026-10-05 10:45:15
방산/우주항공,K방산 수출,"[힘내라 K산업]② 폴란드에 K2 570대…현대로템, '전차 동맹'으로 유럽 ...",이는 방산 수출의 전형적인 구조인 ‘판매→납품’에서 벗어나 ‘판매→운용→현지화→생산→후속지원’으로 사업 모델이 확장되는 과정이다. 현대로템 입장에서도 폴란드 사업은 유럽 시장에서 장기적인 생산... ,https://www.asiatime.co.kr/article/20261002500005,https://www.asiatime.co.kr/article/20261002500005,"Sat, 03 Oct 2026 09:02:00 +0900",2026-10-05 10:45:15
방산/우주항공,K방산 수출,"[K방산 오디세이] 지상은 40㎜ 기관포, 물 에선 시속 6㎞…헬기까지 잡...","검증된 성능을 바탕으로 가격 경쟁력과 빠른 납기, 현지 맞춤형 전략을 앞세워 육·해·공 전 영역에서 수출 영토를 넓혀가는 중이다. 뉴시스는 매주 K방산을 이끄는 핵심 무기 체계를 집중 조명하고, 글로벌 초격차... ",https://www.newsis.com/view/NISX20261001_0003811386,https://n.news.naver.com/mnews/article/003/0014231341?sid=101,"Sat, 03 Oct 2026 08:00:00 +0900",2026-10-05 10:45:15
방산/우주항공,K방산 수출,美 RDP-A 체결 없는 대미투자…국내 방산 생태계 실익은[이현호의 방산...,K-방산이 시급하게 개척해야 할 시장이다. 그러나 안타깝게도 한국 방산 수출이 차지하는 비중은 0.3% 수준에 불가하다. 한국은 미국과의 관세 협상 후속 조치로 총 3500억 달러(약 480조 원) 규모의 대미투자를 할... ,https://www.sedaily.com/article/20097767?ref=naver,https://n.news.naver.com/mnews/article/011/0004667913?sid=100,"Sat, 03 Oct 2026 07:01:00 +0900",2026-10-05 10:45:15
방산/우주항공,K방산 수출,"젠슨 황 만난 이재용·최태원, 日 양궁장 찾은 정의선, 이지스함 띄운 ...","HD현대가 상선뿐 아니라 특수선과 방산을 미래 성장축으로 키우고 해외 함정 시장 공략에 속도를 내는... 대외적으로 보여주는 상징적인 자리로 평가. #이지스함 6척 중 5척 만든 HD현대…정기선, K-함정 수출까지 시선",https://www.dailian.co.kr/news/view/1697469/?sc=Naver,https://n.news.naver.com/mnews/article/119/0003139210?sid=101,"Sat, 03 Oct 2026 07:00:00 +0900",2026-10-05 10:45:15
방산/우주항공,K방산 수출,에어로텍서 조우한 K우주항공의 미래… 위성·극초음속·재사용 발사체...,에어로텍은 첨단 우주항공·위성·방산·로봇 등 다양한 산업의 최신 기술과 혁신을 한자리에서 만날 수... KAI 관계자는 &quot;KAI의 전투기 수출 네트워크를 이용해서 3년 전 사우디 우주청과 MOU를 맺고 포괄적 협력에 대해... ,https://www.econovill.com/news/articleView.html?idxno=752655,https://www.econovill.com/news/articleView.html?idxno=752655,"Sat, 03 Oct 2026 06:50:00 +0900",2026-10-05 10:45:15
철강/조선,철강 주가,"티플랙스, 스테인리스 봉강 가공 경쟁력…전방산업 다변화 주목을","다만 철강과 특수금속 사업은 원재료 가격과 전방산업 경기의 영향을 받을 수 있다. 제조업과 조선, 플랜트... 넓힐 경우 기존 소재 사업과 차별화된 성장 기반을 확보할 수 있다. 목표주가와 투자의견은 제시하지 않았다.",https://www.pinpointnews.co.kr/news/articleView.html?idxno=492592,https://www.pinpointnews.co.kr/news/articleView.html?idxno=492592,"Sun, 04 Oct 2026 16:32:00 +0900",2026-10-05 10:45:16
철강/조선,철강 주가,AI 의존도 커진 韓수출…해외자산은 충격 때 버팀목 될까,"AI 투자 효과는 전기기기(23.4%)와 비철금속(33.6%), 철강(3.3%) 등 데이터센터 관련 품목으로도 서서히 확산되는... 미국 국채와 기술주가 같은 미국 자산으로 묶이더라도 위험의 성격은 다르기 때문이다. 따라서 윤 실장은... ",https://news.einfomax.co.kr/news/articleView.html?idxno=4437716,https://news.einfomax.co.kr/news/articleView.html?idxno=4437716,"Sun, 04 Oct 2026 09:08:00 +0900",2026-10-05 10:45:16
철강/조선,철강 주가,"트럼프 '알래스카 LNG' 일방 발표에 날개 단 철강·원전주, 변동성 주의...",도널드 트럼프 미국 대통령이 한국의 대미 투자와 관련해 대형 원전 8기와 알래스카 액화천연가스(LNG) 사업 등 구체적인 투자 청사진을 제시하면서 국내 원전·철강주가 들썩였다. 특히 한국형 원전 APR1400 건설과... ,https://www.newsway.co.kr/news/view?ud=2026100214544607479,https://www.newsway.co.kr/news/view?ud=2026100214544607479,"Sun, 04 Oct 2026 07:50:00 +0900",2026-10-05 10:45:16
철강/조선,철강 주가,반도체 130% 질주…자동차·철강은 제자리 [2026 증시 지형도],건설은 데이터센터와 원전·플랜트 수주가 실제 실적으로 이어지는지가 중요하다. 자동차와 철강은 관세 부담 완화와 수요 회복이 확인돼야 벌어진 수익률 격차를 좁힐 수 있을 전망이다.,https://www.etoday.co.kr/news/view/2632154,https://www.etoday.co.kr/news/view/2632154,"Sun, 04 Oct 2026 06:00:00 +0900",2026-10-05 10:45:16
철강/조선,철강 주가,[더페어 돋보기] &quot;외인 장바구니 뚜렷한 온도차&quot;…4분기 지분율 상·하위...,"반면 외국인 지분율 하락 상위 10개 종목에는 글로벌 업황 회복 지연 우려나 단기 주가 상승에 따른 차익 실현... 건설 업황 우려가 지속된 GS건설과 HD현대산업개발, 철강 대형주인 현대제철, 소매·유통 업종의 이마트 역시... ",https://www.thefairnews.co.kr/news/articleView.html?idxno=89724,https://www.thefairnews.co.kr/news/articleView.html?idxno=89724,"Sun, 04 Oct 2026 00:00:00 +0900",2026-10-05 10:45:16
철강/조선,철강 주가,이란 리알화 또 사상 최저…전쟁·제재 압박에 달러·금·주식으로 자금...,그러나 현지 경제지 돈야예 에크테사드는 주가 상승을 이란 경제에 대한 신뢰 회복으로 해석하기 어렵다고... 미 재무부는 10월 1일 이란의 자동차·철도·철강 산업과 러시아 연계 금융 네트워크 등에 대한 추가 제재를... ,https://www.fntoday.co.kr/news/articleView.html?idxno=394496,https://www.fntoday.co.kr/news/articleView.html?idxno=394496,"Sat, 03 Oct 2026 20:00:00 +0900",2026-10-05 10:45:16
철강/조선,철강 주가,현대차 주가 70만→30만 '뚝'…한달새 30% 뛴 협력사 정체 [대기업 협력...,15%) 전통 프레스 및 철강 차체 부품사들은 완성차의 생산 물량 조절 여파를 직접적으로 받으며 주가가 약세를 나타냈다. 완성차 부진에 타이어주도 약세 자동차 구동계 분야는 평균 1.55% 하락했다. 내연기관... ,https://www.hankyung.com/article/202610020826i,https://n.news.naver.com/mnews/article/015/0005338838?sid=101,"Sat, 03 Oct 2026 08:01:00 +0900",2026-10-05 10:45:16
철강/조선,철강 주가,대미투자 낙수효과 먼길 … 배트 길게 잡아야,익히 알려진 호재인 까닭에 주가가 선반영됐다는 인식이 강한 데다 고금리에 따른 시장 부담감이 여전하기 때문이다. 철강 강관주 일부는 강세를 이어갔지만 대형 원전주와 건설주는 수주 규모와 세부 조건 불확실성... ,https://www.mk.co.kr/article/12167444,https://n.news.naver.com/mnews/article/009/0005743411?sid=101,"Fri, 02 Oct 2026 17:39:00 +0900",2026-10-05 10:45:16
철강/조선,철강 주가,[코스피 지수선물 옵션] 삼성전자·SK하이닉스 선물 동반 상승…삼성바...,"코스피 개별주식선물 시장에서 2일 주요 반도체주가 강세를 보인 가운데 에너지와 방산, 전력기기 관련... 철강과 소재주에서는 POSCO홀딩스와 고려아연, 포스코퓨처엠이 상승했다. SKC와 한솔케미칼도 오름세를 보였다.... ",https://www.pinpointnews.co.kr/news/articleView.html?idxno=492357,https://www.pinpointnews.co.kr/news/articleView.html?idxno=492357,"Fri, 02 Oct 2026 16:48:00 +0900",2026-10-05 10:45:16
철강/조선,철강 주가,반도체 낙관론에 코스피 7000선으로 D램 공급부족…SK하이닉스 0.4%↑,"간밤 뉴욕증시 3대 주가지수는 강보합으로 마감했다. 다우존스30 산업평균지수가 0.04% 올랐으며... 업종별로는 화학(3.32%), 철강·금속(1.75%), 통신업(1.26%), 섬유·의복(0.97%), 보험(0.93%), 운수창고(0.91%), 운수장비... ",http://www.smedaily.co.kr/news/articleView.html?idxno=364139,http://www.smedaily.co.kr/news/articleView.html?idxno=364139,"Fri, 02 Oct 2026 15:58:00 +0900",2026-10-05 10:45:16
철강/조선,철강 주가,POSCO홀딩스 30만원대 강보합…리튬·LNG 이익 개선,"이 수치는 오후 장중 화면을 옮긴 것으로 종가로 해석해서는 안 된다. 철강 스프레드와 리튬 가격, 신규 설비 가동률, 그룹 투자비가 30만원대 주가의 핵심 변수다.",https://www.job-post.co.kr/news/articleView.html?idxno=230487,https://www.job-post.co.kr/news/articleView.html?idxno=230487,"Fri, 02 Oct 2026 13:58:00 +0900",2026-10-05 10:45:16
철강/조선,철강 주가,"﻿포스코, 우리금융 지분 2.7% 전량 매각…6765억 유동성 확보","사업인 철강 부문 경쟁력 강화와 이차전지소재 등 미래 성장 동력 확보, 재무구조 개선에 투입될 예정이다. 한편, 대규모 물량 출회(오버행) 우려가 반영되면서 이날 주식시장에서 우리금융지주 주가는 전 거래일 대비... ",https://www.mdtoday.co.kr/news/articleView.html?idxno=617144,https://www.mdtoday.co.kr/news/articleView.html?idxno=617144,"Fri, 02 Oct 2026 11:42:00 +0900",2026-10-05 10:45:16
철강/조선,철강 주가,"탄소중립 시장 정조준… 에이치엠넥스, 온실가스 저감·친환경 솔루션 ...","온실가스 감축과 탄소배출권, 탄소 포집·활용·저장(CCUS) 관련주가 2일 강한 상승세를 나타내고 있다.... 철강과 시멘트, 석유화학 등 탄소 배출이 많은 산업의 온실가스를 줄일 수 있는 기술로 꼽히면서 관련 시장에 대한... ",https://www.pinpointnews.co.kr/news/articleView.html?idxno=492172,https://www.pinpointnews.co.kr/news/articleView.html?idxno=492172,"Fri, 02 Oct 2026 10:22:00 +0900",2026-10-05 10:45:16
철강/조선,철강 주가,"[해외브리핑] 美 뉴욕주 등 25곳, 발전소 온실가스 규제 폐지에 소송","캘리포니아주가 주민들의 소규모 플러그인 태양광 발전설비 설치를 허용한다. 개빈 뉴섬... srnd=phx-green 스웨덴 스테그라, 녹색철강 공장 건설에 추가 자금 필요 스웨덴 녹색철강 기업 스테그라(Stegra)... ",https://www.esgeconomy.com/news/articleView.html?idxno=16901,https://www.esgeconomy.com/news/articleView.html?idxno=16901,"Fri, 02 Oct 2026 09:34:00 +0900",2026-10-05 10:45:16
철강/조선,철강 주가,한화오션 흐름 촉각…미국·이란 전쟁 양상과 수주 변수 주목,미국 재무부는 1일(현지시간) 이란의 자동차·철도·제조·철강 관련 산업과 네트워크를 겨냥한 제재를... 사업 전망과 주가는 시장 상황 및 기업 여건에 따라 달라질 수 있다. 투자 판단과 그에 따른 책임은 투자자... ,https://www.cbci.co.kr/news/articleView.html?idxno=611807,https://www.cbci.co.kr/news/articleView.html?idxno=611807,"Fri, 02 Oct 2026 09:04:00 +0900",2026-10-05 10:45:16
철강/조선,철강 주가,"[박정식의 국내 주식시황] 코스피는 아직 박스권, 코스닥은 박스권 돌파...","이런 영향으로 전일(10/1) 국내증시는 반도체 관련주가 증시를 견인하며 KOSPI 6,971.35(+1.95%), KOSDAQ 894.29(+4.48... ▷美 정부, 한국 대미 투자 계획 발표 등에 철강 주요종목/ LNG/ 원자력발전 테마 상승. ▷10월 제약·바이오... ",https://www.newsquest.co.kr/news/articleView.html?idxno=301951,https://www.newsquest.co.kr/news/articleView.html?idxno=301951,"Fri, 02 Oct 2026 08:24:00 +0900",2026-10-05 10:45:16
철강/조선,철강 주가,트럼프의 ‘알래스카 LNG 사업’…한국에 대박일까 함정일까? [잇슈 머니...,"FID가 없으면 공사가 없고, 공사가 없으면 철강업계가 기대하는 70만~80만 톤의 대구경 강관 수주도 생길 수 없습니다. [앵커] 트럼프 행정부가 알래스카 LNG 사업을 공식화하면서 관련주가 들썩이고 있는데, 어떤 점을... ",https://news.kbs.co.kr/news/pc/view/view.do?ncd=8676252&ref=A,https://n.news.naver.com/mnews/article/056/0012266773?sid=101,"Fri, 02 Oct 2026 06:55:00 +0900",2026-10-05 10:45:16
철강/조선,조선 산업,"전남광주특별시의회, 조선산업 현장 방문… AI 전환 및 친환경 지원 모...","등 조선산업 전후방 핵심 사업 3건에 선정됨에 따라, 친환경·고부가가치 분야의 기술 개발에 더욱 박차를 가하고 있는 시점이어서 관심이 집중됐다. 이날 위원회는... ",http://www.breaknews.com/1240960,http://www.breaknews.com/1240960,"Mon, 05 Oct 2026 09:04:00 +0900",2026-10-05 10:45:17
철강/조선,조선 산업,산업자문단 꾸리고 금융지원 본격화,"산업자문단은 조선·해양, 반도체, 모빌리티, 로봇, 에너지, 방산, 바이오 등 10개 산업 분야의 외부 전문가 30명 내외로 구성된다. 교수와 기업체 대표, 연구원, 분석전문가 등이 참여해 산업별 전망과 기술 경쟁력, 사업성... ",https://www.fnnews.com/news/202610041924454889,https://n.news.naver.com/mnews/article/014/0005584844?sid=101,"Sun, 04 Oct 2026 19:26:00 +0900",2026-10-05 10:45:17
철강/조선,조선 산업,"HD현대·일본 조선, 중국 수주 63% 독주에 '스마트 로봇'으로 맞불",자동차 산업과 달리 조선업은 선박마다 설계와 구조가 달라 공정 자동화가 까다롭다. 비좁고 정형화되지 않은 작업 공간 특성상 숙련 노동자에 대한 의존도도 높다. 한국과 일본 조선업계가 한목소리로 스마트 조선소... ,https://www.imaeil.com/page/view/2026100419042420343,https://n.news.naver.com/mnews/article/088/0001032186?sid=101,"Sun, 04 Oct 2026 19:07:00 +0900",2026-10-05 10:45:17
철강/조선,조선 산업,"&quot;중국, 조선 수주 63% 점유...한국·일본 승부수는 '스마트 조선소'&quot;",표준화된 제품을 생산하는 자동차 산업과 달리 조선업은 선박별로 설계와 구조가 모두 달라 공정 자동화가 매우 까다롭습니다. 특히 비좁고 정형화되지 않은 작업 공간 특성상 여전히 숙련 노동자층에 크게 의존하고 있어... ,https://www.ytn.co.kr/_ln/0104_202610041903105121,https://n.news.naver.com/mnews/article/052/0002414692?sid=104,"Sun, 04 Oct 2026 19:03:00 +0900",2026-10-05 10:45:17
철강/조선,조선 산업,"&quot;중국, 조선수주 63% 점유…한국·일본 승부수는 '스마트 로봇'&quot;",표준화된 제품을 생산하는 자동차 산업과 달리 조선업은 선박별로 설계와 구조가 모두 달라 공정 자동화가 매우 까다롭다. 특히 비좁고 정형화되지 않은 작업 공간 특성상 여전히 숙련 노동자층에 크게 의존하고 있어... ,https://www.yna.co.kr/view/AKR20261004034400009?input=1195m,https://n.news.naver.com/mnews/article/001/0016356892?sid=104,"Sun, 04 Oct 2026 17:59:00 +0900",2026-10-05 10:45:17
철강/조선,조선 산업,&lt;현대해양&gt;창간 57주년 축사 | 해양교통안전 현장의 목소리 &lt;현대해양&gt;,"지난 57년간 &lt;현대해양&gt;은 우리 바다와 조선해양산업의 현장을 가까이에서 기록하고 전해왔습니다. 항만·수산은 물론 해운·조선·해양에너지 등 해양과학기술분야의 목소리를 균형 있게 담아내며, 해양을 업으로 삼은... ",https://www.hdhy.co.kr/news/articleView.html?idxno=35395,https://www.hdhy.co.kr/news/articleView.html?idxno=35395,"Sun, 04 Oct 2026 12:58:00 +0900",2026-10-05 10:45:17
철강/조선,조선 산업,&lt;현대해양&gt;창간 57주년 축사 | 조선해양산업 현장을 가까이에서 기록해...,"지난 57년간 &lt;현대해양&gt;은 우리 바다와 조선해양산업의 현장을 가까이에서 기록하고 전해왔습니다. 항만·수산은 물론 해운·조선·해양에너지 등 해양과학기술분야의 목소리를 균형 있게 담아내며, 해양을 업으로 삼은... ",https://www.hdhy.co.kr/news/articleView.html?idxno=35394,https://www.hdhy.co.kr/news/articleView.html?idxno=35394,"Sun, 04 Oct 2026 12:58:00 +0900",2026-10-05 10:45:17
철강/조선,조선 산업,[인사] 전남광주통합특별시,방종진 △산업정책조선과장 곽부영 △바이오의료산업과장 김종원 △이차전지소재과장(직무대리) 음영규 △투자유치과장 박희경 △일자리지원과장 선미정 △중소기업과장 김형성 △경제정책과장 최종민... ,https://www.businesspost.co.kr/BP?command=article_view&num=448593,https://www.businesspost.co.kr/BP?command=article_view&num=448593,"Sun, 04 Oct 2026 11:50:00 +0900",2026-10-05 10:45:17
철강/조선,조선 산업,제조업 회복 기대 커지는데…조선·철강 체감경기는 왜 더딜까,산업연구원 역시 올해 하반기 주요 산업 전망에서 조선업이 고선가 수주 선박의 인도 등에 힘입어 비교적 양호한 흐름을 이어갈 것으로 내다봤다. 과거 저가 수주 물량이 상당 부분 소진되고 최근 수년간 높은 가격에... ,https://www.news2day.co.kr/article/20261001500274,https://www.news2day.co.kr/article/20261001500274,"Sun, 04 Oct 2026 10:42:00 +0900",2026-10-05 10:45:17
철강/조선,조선 산업,"경윳값 사상 최대로 올려놓은 트럼프, 수출금지도 감세도 할 수 없는 ‘...","1920년 제정된 이 법은 미국 조선산업 보호를 위해 미국 내 항구 간 해상 운송에 미국 국적·건조·소유 선박만 쓰도록 규정한다. 면제로 비용이 저렴한 외국 유조선을 쓸 수 있게 되면서 국내 장거리 해상 운송이 늘었고, 미... ",https://biz.heraldcorp.com/article/10892693?ref=naver,https://n.news.naver.com/mnews/article/016/0002705276?sid=104,"Sun, 04 Oct 2026 09:12:00 +0900",2026-10-05 10:45:17
철강/조선,조선 산업,[주간 산업 나침반] 조선업 임단협 진통 지속...HD현대重 부결·한화오션...,"이번 주 산업계는 조선업의 노사관계와 반도체 수출 호조, 완성차 업계의 내수 부진이 엇갈렸다. 주요 조선사들이 올해 임금 및 단체협약을 잇따라 마무리하는 가운데 한화오션에서는 하청노동자들이 원청과의... ",https://www.joongangenews.com/news/articleView.html?idxno=552459,https://www.joongangenews.com/news/articleView.html?idxno=552459,"Sun, 04 Oct 2026 09:00:00 +0900",2026-10-05 10:45:17
철강/조선,조선 산업,美 해군 조선소 한계 부딪히자 손 내민 미국… 한국 조선 3사 건조 동맹...,양국은 미국 선박 건조 협정(MASGA) 구상과 결부된 총 1500억 달러(약 202조 3500억원) 규모의 조선산업 협력 투자펀드 조성을 추진하고 있다. 한국 조선 산업 파급 경로와 규제 장벽 미 해군의 조달 체계 개편은 한국... ,https://www.g-enews.com/view.php?ud=202610040622329555fbbec65dfb_1,https://www.g-enews.com/view.php?ud=202610040622329555fbbec65dfb_1,"Sun, 04 Oct 2026 06:32:00 +0900",2026-10-05 10:45:17
철강/조선,조선 산업,얼어붙은 북극해 뚫은 2758TEU 국적선…초고령 부산항 미래 뱃길 열다,"이번 항해는 주민 20% 이상이 65세를 넘어 초고령 사회에 들어선 부산의 미래 먹거리를 극지 물류에서 찾고, 조선과 해운 산업 가치사슬을 북극권으로 넓히는 분수령이 됐다. 부산항 북극항로 개척 속도 캐나다 국영... ",https://www.g-enews.com/view.php?ud=202610040605248811fbbec65dfb_1,https://www.g-enews.com/view.php?ud=202610040605248811fbbec65dfb_1,"Sun, 04 Oct 2026 06:24:00 +0900",2026-10-05 10:45:17
철강/조선,조선 산업,"울산시, AI 산업 국비 승부수…극한호우엔 방재기준 높인다",AI·조선 미래산업 국비 확보전…민주당에 지원 요청 울산시는 지난 2일 시청 대회의실에서 더불어민주당과 2027년도 국가예산 확보를 위한 예산정책협의회를 열고 국회 증액사업과 지역 현안에 대한 지원을 요청했다.... ,https://www.industrynews.co.kr/news/articleView.html?idxno=86991,https://www.industrynews.co.kr/news/articleView.html?idxno=86991,"Sun, 04 Oct 2026 01:28:00 +0900",2026-10-05 10:45:17
철강/조선,조선 산업,[뉴스 속 무기] 해군 이지스함 전력 체계 완성할 ‘대호김종서함’ 진수...,이재명 대통령은 축사에서 “세계 1위 기술력을 자랑하는 우리 조선산업은 해양강국 대한민국을 만든 원동력”이라며 “조선산업이 초격차를 유지하며 한 단계 더 올라설 수 있도록 적극 지원할 것”이라고... ,https://www.news2day.co.kr/article/20261003500018,https://www.news2day.co.kr/article/20261003500018,"Sat, 03 Oct 2026 23:04:00 +0900",2026-10-05 10:45:17
철강/조선,조선 산업,[인사]전남광주통합특별시,방종진 △산업정책조선과장 곽부영 △바이오의료산업과장 김종원 △이차전지소재과장 음영규 △투자유치과장 박희경 △일자리지원과장 선미정 △중소기업과장 김형성 △경제정책과장 최종민 △미래창업수도과장 김상숙... ,https://www.sidae.com/article/2026100314513216004,https://n.news.naver.com/mnews/article/417/0001160012?sid=102,"Sat, 03 Oct 2026 20:21:00 +0900",2026-10-05 10:45:17
철강/조선,조선 산업,[인사] 전남광주통합특별시,방종진 ▲ 산업정책조선과장 곽부영 ▲ 바이오의료산업과장 김종원 ▲ 이차전지소재과장(직무대리) 음영규 ▲ 투자유치과장 박희경 ▲ 일자리지원과장 선미정 ▲ 중소기업과장 김형성 ▲ 경제정책과장 최종민... ,https://www.thefairnews.co.kr/news/articleView.html?idxno=89750,https://www.thefairnews.co.kr/news/articleView.html?idxno=89750,"Sat, 03 Oct 2026 15:22:00 +0900",2026-10-05 10:45:17
철강/조선,조선 산업,[인사]전남광주통합특별시,방종진 ▲산업정책조선과장 곽부영 ▲바이오의료산업과장 김종원 ▲이차전지소재과장(직무대리) 음영규 ▲투자유치과장 박희경 ▲일자리지원과장 선미정(승진) ▲중소기업과장 김형성 ▲경제정책과장 최종민... ,https://www.kukinews.com/article/view/kuk202610030016,https://www.kukinews.com/article/view/kuk202610030016,"Sat, 03 Oct 2026 14:42:00 +0900",2026-10-05 10:45:17
철강/조선,선박 수주,"HD한국조선해양, 배당 확대 기대감 커지나…&quot;주주환원 매력 주목&quot;",최근 조선업계는 고부가가치 선박을 중심으로 수주 경쟁력이 높아지고 있다. 선박 건조 가격이 과거보다 높은 수준에서 형성되고 있는 데다 안정적인 수주잔고가 확보되면서 주요 조선 계열사들의 실적 개선 기대도... ,https://www.pinpointnews.co.kr/news/articleView.html?idxno=492624,https://www.pinpointnews.co.kr/news/articleView.html?idxno=492624,"Mon, 05 Oct 2026 07:52:00 +0900",2026-10-05 10:45:17
철강/조선,선박 수주,"삼성중공업, 상선 수익성 개선 본격화…FDC 사업도 확대",특히 2024년 이후 수주한 선박이 본격적으로 실적에 반영되면서 향후 선박 건조의 수익성도 개선될 가능성이 커지고 있다. 미래에셋증권은 삼성중공업의 향후 실적을 좌우할 핵심 요인으로 선박 건조 물량의 믹스... ,https://www.pinpointnews.co.kr/news/articleView.html?idxno=492622,https://www.pinpointnews.co.kr/news/articleView.html?idxno=492622,"Mon, 05 Oct 2026 07:34:00 +0900",2026-10-05 10:45:17
철강/조선,선박 수주,"한화엔진, 본업 성장 이어 AIDC까지… 밸류에이션 확대되나",글로벌 선박 발주가 이어지는 가운데 엔진 수요가 확대되면서 수주와 매출 성장에 대한 기대도 높아지고 있다. 미래에셋증권은 한화엔진의 기존 선박엔진 사업이 앞으로도 실적 성장을 견인할 것으로 전망했다. 여기에... ,https://www.pinpointnews.co.kr/news/articleView.html?idxno=492619,https://www.pinpointnews.co.kr/news/articleView.html?idxno=492619,"Mon, 05 Oct 2026 07:24:00 +0900",2026-10-05 10:45:17
철강/조선,선박 수주,[단독] HD현대 참여 모로코 4000억 수리조선소…사업자 선정 연말로 연기,남유럽 조선소들의 도크 포화로 밀려나는 지중해·대서양 선박 수리 수요와 모로코 해군의 군함 유지·보수·정비(MRO)를 선점할 수 있는 30년 독점 운영권을 둘러싸고 글로벌 3개 컨소시엄 간의 물밑 수주전이... ,https://www.the-today.com/news/articleView.html?idxno=91198,https://www.the-today.com/news/articleView.html?idxno=91198,"Mon, 05 Oct 2026 07:12:00 +0900",2026-10-05 10:45:17
철강/조선,선박 수주,상반기 급락한 HD현대마린엔진… 미래에셋증권 &quot;리레이팅 촉매 충분&quot;,조선사들의 수주가 늘어나는 상황에서 선박 건조에 필요한 핵심 기자재의 공급 여력이 충분하지 않다는 점이 관련 업체의 실적 개선 가능성을 높이는 요인이다. HD현대마린엔진은 이런 엔진 공급 부족 현상을... ,https://www.pinpointnews.co.kr/news/articleView.html?idxno=492616,https://www.pinpointnews.co.kr/news/articleView.html?idxno=492616,"Mon, 05 Oct 2026 07:08:00 +0900",2026-10-05 10:45:17
철강/조선,선박 수주,"독일 수출 금지에 멈춘 태국 잠수함, 중국산 심장 달고 5년 만에 닻 올린...",조선업계의 수주 전략에도 새로운 변수가 등장했다. 독일 무기 금수 조치가 부른 5년의 건조 공백 이 잠수함 도입 사업은 2017년 5월 5일 태국 정부와 중국선박중공업국제영업공사 사이의 정부 간 계약으로 첫발을 뗐다.... ,https://www.g-enews.com/view.php?ud=202610050649419867fbbec65dfb_1,https://www.g-enews.com/view.php?ud=202610050649419867fbbec65dfb_1,"Mon, 05 Oct 2026 07:02:00 +0900",2026-10-05 10:45:17
철강/조선,선박 수주,선박 팔아 쥔 현금 쥐고 한국 도크 문 두드린 그리스... 가스선 1조 8000...,총 계약액은 10억 달러(약 1조 3490억 원)를 넘어서며 척당 선가는 약 2억 6300만 달러(약 3548억 원) 수준으로 추산된다. 선박 인도는 2029년으로 잡혔다. 도리안엘피지는 한화오션과 척당 9만 세제곱미터급 이중연료... ,https://www.g-enews.com/view.php?ud=202610050636353478fbbec65dfb_1,https://www.g-enews.com/view.php?ud=202610050636353478fbbec65dfb_1,"Mon, 05 Oct 2026 06:50:00 +0900",2026-10-05 10:45:17
철강/조선,선박 수주,"중국 수주 독주에 쫓긴 한·일 조선소, 로봇 깔아 골든타임 번다",중국 수주 독주와 한일 조선소의 인력난 영국 조선해운 시황 분석기관 클락슨에 따르면 중국 조선소는 지난해 전 세계 선박 수주량의 63%를 차지했다. 대규모 생산능력을 바탕으로 세계 선박 발주 물량의 과반을 흡수하며... ,https://www.g-enews.com/view.php?ud=202610050627306466fbbec65dfb_1,https://www.g-enews.com/view.php?ud=202610050627306466fbbec65dfb_1,"Mon, 05 Oct 2026 06:38:00 +0900",2026-10-05 10:45:17
철강/조선,선박 수주,모로코 기간시설 국유화 선회에 카사블랑카 조선소 수주전 돌연 백지화,카사블랑카 조선소는 대형 드라이독과 선박 승강 설비를 갖춘 아프리카 최대 규모의 선박 수리·건조 시설이다. 모로코 정부는 과거 자동차 산업 육성에서 거둔 성공 모델을 바탕으로 글로벌 해양 기업을 유치해 현지... ,https://www.g-enews.com/view.php?ud=202610050620392083fbbec65dfb_1,https://www.g-enews.com/view.php?ud=202610050620392083fbbec65dfb_1,"Mon, 05 Oct 2026 06:22:00 +0900",2026-10-05 10:45:17
철강/조선,선박 수주,"中조선, LNG선 1년 새 5배…'저가·금융·선건조' 총공세",일부 중국 조선소는 수주 전에 선박을 건조하는 '선건조 후매각' 방식을 활용한다. 단기간에 선박이 필요한 선주를 공략하는 전략이다. 국영 해운사의 자국 조선소 발주도 힘을 보탠다. 글로벌 에너지기업과 맺은... ,https://www.ebn.co.kr/news/articleView.html?idxno=1726671,https://www.ebn.co.kr/news/articleView.html?idxno=1726671,"Mon, 05 Oct 2026 06:02:00 +0900",2026-10-05 10:45:17
철강/조선,선박 수주,&quot;호르무즈 위험 피해 북극으로&quot;… 북동항로 9월 통항량 133회 '역대 최대...,극지 선박 건조 경험과 초격차 기술력을 보유한 한국 및 글로벌 대형 조선소들에게 새로운 고수익 수주 장이 열릴 것이라는 전망이 나오는 이유다. 중동의 지정학적 위기가 촉발한 글로벌 공급망 불안 속에서 북극... ,https://www.g-enews.com/view.php?ud=2026100417154287300c8c1c064d_1,https://www.g-enews.com/view.php?ud=2026100417154287300c8c1c064d_1,"Mon, 05 Oct 2026 05:56:00 +0900",2026-10-05 10:45:17
철강/조선,선박 수주,중국이 조선 수주 63% 가져가는데…한국·일본 살길은 '스마트로봇',"밀린 수주 잔고, 치열한 경쟁에 대응하기 위해 스마트 로봇 투입이 필수 과제가 되고 있다고 전했다. 한국과 일본은 조선업 세계 2위와 3위로 지난해 전 세계 선박 생산량의 40%를 차지했고, LNG 운반선·잠수함·선박 엔진... ",https://www.news1.kr/world/northeast-asia/6310285,https://n.news.naver.com/mnews/article/421/0009209352?sid=104,"Sun, 04 Oct 2026 23:41:00 +0900",2026-10-05 10:45:17
철강/조선,선박 수주,남중국해 30일 버티는 말레이 임무선… 튀르키예 손잡고 韓 특수선 넘본...,모선이 원거리 초계 위치를 지키는 동안 의심 선박을 가로막도록 고속 침투정 4척을 탑재했다. 비행... 시장에서 수주를 확대해 온 특수선 영역과 맞닿아 있다. 튀르키예 방산 공급망이 가격 경쟁력과 정부 간 기술... ,https://www.g-enews.com/view.php?ud=202610040953576623fbbec65dfb_1,https://www.g-enews.com/view.php?ud=202610040953576623fbbec65dfb_1,"Sun, 04 Oct 2026 10:02:00 +0900",2026-10-05 10:45:17
에너지/석유,에너지 주가,"[국제금융 브리핑] 트럼프, AI 태스크포스 총괄에 클레이턴 지명...OPEC+ ...","중동 전쟁에 따른 에너지 불안은 OPEC+의 생산 동결과 맞물리며 달러 강세, 금리 상승, 주가 약세로 이어졌다. 5일 국제금융센터 보고서에 따르면 도널드 트럼프 미국 대통령은 클레이턴 국가정보국 국장을 AI... ",https://www.tokenpost.kr/news/economy/418236,https://www.tokenpost.kr/news/economy/418236,"Mon, 05 Oct 2026 08:32:00 +0900",2026-10-05 10:45:18
에너지/석유,에너지 주가,“주식 갖고 있으라더니” 솔리다임 중복상장···주주가치 보호 시험...,모회사 주가는 심각한 지주사 할인을 적용받았다. 다만 솔리다임의 경우 LG에너지솔루션과는 구조적으로 다르다. 솔리다임은 SK하이닉스가 인텔로부터 인수한 회사이기 때문에 물적분할은 아니다. 하지만 알짜 사업을... ,https://weekly.khan.co.kr/article/202610050600021,https://n.news.naver.com/mnews/article/033/0000052526?sid=101,"Mon, 05 Oct 2026 06:04:00 +0900",2026-10-05 10:45:18
에너지/석유,에너지 주가,&quot;잘나가는 자회사 IPO 못해?&quot;…달라진 '중복상장' 규칙[손엄지의 주식살...,"LG화학(051910)은 2020년 배터리 사업을 물적분할해 LG에너지솔루션을 세웠고, LG에너지솔루션은 2022년 코스피에 상장했습니다. 특히 '물적분할'이 문제였는데요. 인적분할을 하면 기존 주주가 분할된 회사의 주식을 일부... ",https://www.news1.kr/finance/general-stock/6309801,https://n.news.naver.com/mnews/article/421/0009209389?sid=110,"Mon, 05 Oct 2026 06:00:00 +0900",2026-10-05 10:45:18
에너지/석유,에너지 주가,실적 견조한데 배당까지 두둑…LX인터내셔널 투자 매력 커진다,더해지면서 주가에 긍정적인 요인이 이어질 것이라고 밝혔다. LX인터내셔널은 자원과 물류를 중심으로... 주요 국가들이 핵심 광물과 에너지 자원의 안정적인 확보를 중요하게 여기면서 자원 개발과 광산 투자에 대한... ,https://www.pinpointnews.co.kr/news/articleView.html?idxno=492585,https://www.pinpointnews.co.kr/news/articleView.html?idxno=492585,"Mon, 05 Oct 2026 00:46:00 +0900",2026-10-05 10:45:18
에너지/석유,에너지 주가,"삼성E&amp;A, 첨단산업·뉴에너지까지 성장…&quot;잘하는 것도 많다&quot;","뉴 에너지 부문의 매출 확대도 주목할 부분이다. 새로운 에너지 관련 사업이 성장하면서 전체 매출에서... 요인이 충분하다는 분석이다. 미래에셋증권은 삼성E&amp;A에 대해 목표주가 7만2000원, 투자의견은 매수를 제시했다.",https://www.pinpointnews.co.kr/news/articleView.html?idxno=492580,https://www.pinpointnews.co.kr/news/articleView.html?idxno=492580,"Mon, 05 Oct 2026 00:06:00 +0900",2026-10-05 10:45:18
에너지/석유,에너지 주가,[뉴욕증시 전망] 4분기 시험대…국채금리·연준·중간선거·AI 실적 변수,"견조한 경제 성장 전망과 에너지 가격 상승에 따른 인플레이션 우려, AI 인프라 투자를 위한 기업들의... 올해 기업 실적이 시장 예상치를 웃돌며 주가 상승을 이끌었던 만큼 투자자들의 기대 수준도 높아진 상태다.... ",https://www.thefairnews.co.kr/news/articleView.html?idxno=89755,https://www.thefairnews.co.kr/news/articleView.html?idxno=89755,"Mon, 05 Oct 2026 00:02:00 +0900",2026-10-05 10:45:18
에너지/석유,에너지 주가,"&quot;삼전닉스 17조 던집니다만&quot;…폭풍 매도 큰손, 어디로 향했나 봤더니","금융주가 전통적으로 강세를 나타냈다고 분석했다. 염동찬 한국투자증권 연구원은 환율과 예상치 대비... 상장지수펀드(ETF) 역시 KODEX WTI원유선물(H)(3.06%), TIGER 원유선물Enhanced(H)(3.09%), KODEX 에너지화학(4.09%) 등이... ",http://www.wowtv.co.kr/NewsCenter/News/Read?articleId=A202610050001&t=NN,https://n.news.naver.com/mnews/article/215/0001268171?sid=101,"Mon, 05 Oct 2026 00:01:00 +0900",2026-10-05 10:45:18
에너지/석유,석유 시장,"포항시, 531억 투입 하수슬러지 에너지화시설 본격 추진",에너지화시설이 구축되면 하수처리 과정에서 발생하는 소화가스를 회수해 기존 LNG와 석유 등 화석연료를... 박용선 포항시장은 “버려지던 부산물을 친환경 에너지로 전환해 탄소중립 실현과 지속 가능한 환경도시... ,https://www.kbsm.net/news/view.php?idx=536492,https://www.kbsm.net/news/view.php?idx=536492,"Mon, 05 Oct 2026 10:40:00 +0900",2026-10-05 10:45:19
에너지/석유,석유 시장,한국발전 통합본사 1800명…나주·충남·진주 유치전 본격화,◆한전 곁에 발전 기능까지…나주시 '전력 전 주기' 집적론 나주시는 지난 8월 14일 윤병태 나주시장 명의의... 동서발전 본사가 있는 울산시는 에너지 공공기관 집적을 내세우면서도 한국석유공사와 한국가스공사를 합친... ,https://www.newsworks.co.kr/news/articleView.html?idxno=855570,https://www.newsworks.co.kr/news/articleView.html?idxno=855570,"Mon, 05 Oct 2026 09:44:00 +0900",2026-10-05 10:45:19
에너지/석유,석유 시장,중동 원유 흐름 회복했지만…이란 ‘초토화 대응’ 위험,에너지 시장에 대한 영향력을 완전히 잃은 것은 아니라는 점이다. 최근 페르시아만 상선에 대한 공격은 다시... 등 석유 생산 인프라를 공격할 능력을 여전히 갖고 있다는 점에 주목했다. 미국의 경제·군사적 압박이 계속될... ,https://www.g-enews.com/view.php?ud=2026100508574957279a1f309431_1,https://www.g-enews.com/view.php?ud=2026100508574957279a1f309431_1,"Mon, 05 Oct 2026 09:02:00 +0900",2026-10-05 10:45:19
에너지/석유,석유 시장,"&quot;숯 대신 가스 보급&quot;… 가나, 테마항에 6000톤급 LPG 터미널 가동·전용...",가구 대부분이 숯과 장작을 취사용 연료로 사용해 온 서아프리카 가나가 수입 액화석유가스(LPG)의... 그동안 가나는 스팟(현물) 용선 시장에서 배를 구해 가스를 들여오다 보니 글로벌 해운 운임 폭등이나 기상... ,https://www.g-enews.com/view.php?ud=2026100508584670990c8c1c064d_1,https://www.g-enews.com/view.php?ud=2026100508584670990c8c1c064d_1,"Mon, 05 Oct 2026 09:02:00 +0900",2026-10-05 10:45:19
에너지/석유,석유 시장,"&quot;영하 78도·독성 물질 싹 뺐다&quot;… 고려대·경북대, 항암제 원료 세계 최...",환경 오염 물질을 혁신적으로 줄이면서도 생산 효율을 극대화한 이번 성과는 글로벌 의약품 원료 시장의... 기존 석유화학 기반 합성법은 영하 78도의 초저온 환경과 위험한 독성 물질을 동원해 4~9단계의 지루한... ,http://www.dailysmart.co.kr/news/articleView.html?idxno=130574,http://www.dailysmart.co.kr/news/articleView.html?idxno=130574,"Mon, 05 Oct 2026 09:00:00 +0900",2026-10-05 10:45:19
에너지/석유,석유 시장,"獨총리 방문에도 아랑곳…러, 키이우 드론 공습 더 거세져",비탈리 클리치코 키이우 시장은 이번 공격으로 2명이 다쳤다고 밝혔다. 공개된 영상에는 차량들이 다리 위를... 도널드 트럼프 미국 대통령은 최근 국제유가를 끌어올린다며 우크라이나에 러시아 석유시설 공격을... ,https://www.edaily.co.kr/News/Read?newsId=01620326645609968&mediaCodeNo=257&utm_source=naver&utm_medium=referral&utm_campaign=news_syndication&utm_content=original_article,https://n.news.naver.com/mnews/article/018/0006381029?sid=104,"Mon, 05 Oct 2026 08:59:00 +0900",2026-10-05 10:45:19
에너지/석유,석유 시장,호르무즈 해협 선박 피격 잇따라…중동 원유 수송 회복세 '흔들',캐피털 이코노믹스의 수석 이코노미스트 하마드 후세인은 선박 공격 강화가 석유 시장의 현재 균형이 얼마나 취약한지를 보여준다며 상황이 악화해 에너지 인프라까지 표적이 될 경우 충격이 더욱 커질 수 있다고... ,https://www.youthdaily.co.kr/news/article.html?no=227931,https://www.youthdaily.co.kr/news/article.html?no=227931,"Mon, 05 Oct 2026 08:52:00 +0900",2026-10-05 10:45:19
에너지/석유,석유 시장,호르무즈 선박 공격 재개…중동 원유 수출 회복세 위협,캐피털 이코노믹스의 하마드 후세인 수석 이코노미스트는 선박 공격 확대가 석유시장의 취약성을 보여준다며 브렌트유가 연말까지 배럴당 100달러 수준을 유지할 것으로 전망했다. 주체 기업명을 특정할 수 없어... ,https://www.slist.kr/news/articleView.html?idxno=771057,https://www.slist.kr/news/articleView.html?idxno=771057,"Mon, 05 Oct 2026 08:50:00 +0900",2026-10-05 10:45:19
에너지/석유,석유 시장,"다시 열지 않는 정유공장…유럽, 원유 급등이 반복되는 이유",아시아산 경유가 인접 시장을 건너뛰고 지구를 반 바퀴 도는 것은 누군가 유럽 시장을 뚫은 것이 아니라... 유럽은 석유제품 전반이 부족한 지역이 아니다. 휘발유는 오히려 남아서 수출한다. 부족한 것은 경유와 등유... ,https://www.kyosu.net/news/articleView.html?idxno=210845,https://www.kyosu.net/news/articleView.html?idxno=210845,"Mon, 05 Oct 2026 08:50:00 +0900",2026-10-05 10:45:19
에너지/석유,석유 시장,美 경유 가격 6달러 아래로 내려가나…G7 비축유 1억배럴 방출 승부수,이후 G7도 공동성명을 통해 1억배럴 규모의 원유와 석유제품을 4개월 동안 시장에 내놓는 방안을 공식 확인했다. 다만 에너지 시장의 가장 큰 변수는 여전히 중동 정세다. 미국과 이란 간 군사적 긴장으로 걸프 지역에서... ,https://www.joongangenews.com/news/articleView.html?idxno=552620,https://www.joongangenews.com/news/articleView.html?idxno=552620,"Mon, 05 Oct 2026 08:40:00 +0900",2026-10-05 10:45:19
에너지/석유,석유 시장,'디거' 톰 크루즈 연기 변신에도 흥행참패…톰 영화 중 19년래 최저,"'디거'는 석유 재벌 디거 록웰(톰 크루즈 분)이 석유 시추를 강행하다가 기후 재난을 촉발하고, 이를... 시장조사업체 시네마스코어의 극장 출구조사에서도 'C+'를 받아 크루즈 역대 영화 가운데 가장 낮은 성적을 냈다.",https://www.slist.kr/news/articleView.html?idxno=771048,https://www.slist.kr/news/articleView.html?idxno=771048,"Mon, 05 Oct 2026 08:34:00 +0900",2026-10-05 10:45:19
에너지/석유,정유 산업,"'몸값 1조' 엘리스그룹, 일반 청약⋯티앤이·다비오·유캐스트 수요예측...",산업용 플랜트 냉각 솔루션 전문 기업 디티에스는 지난 1일부터 진행 중인 수요예측을 오는 8일... 2000년 설립된 디티에스는 정유·석유화학·발전·액화천연가스(LNG) 플랜트에 들어가는 공랭식 열교환기(AFC)... ,http://www.inews24.com/view/2011587,https://n.news.naver.com/mnews/article/031/0001063425?sid=101,"Mon, 05 Oct 2026 07:06:00 +0900",2026-10-05 10:45:20
에너지/석유,정유 산업,"미국 정부 '미국산 원유' 수출 제한 가능성, 한국 일본 수입 늘렸는데 ...",공급 확대를 위해 경유 수출이 막힐 경우 미 정유사들이 정제 설비 가동을 줄이면서 휘발유 등 다른 연료... 한국 산업통상부는 지난 9월23일 제6차 자원안보협의회에서 '제1차 자원안보 기본계획' 등 4개 안건을 심의... ,https://www.businesspost.co.kr/BP?command=article_view&num=448300,https://www.businesspost.co.kr/BP?command=article_view&num=448300,"Mon, 05 Oct 2026 06:02:00 +0900",2026-10-05 10:45:20
에너지/석유,정유 산업,"[주간금융이슈] 금융권 비켜가나 했더니…신한·KB국민은행 해킹, 국감...","지난 1일 채택된 일반증인과 참고인에는 조주연 홈플러스 대표와 정유 4사 경영진, 주성원 쿠팡 총괄부사장, 윤구 구글코리아 대표 등 산업계 인사들이 대거 포함됐다. 반면 은행·금융지주와 주요 증권·보험사... ",https://www.newspim.com/news/view/20261002001009,https://www.newspim.com/news/view/20261002001009,"Mon, 05 Oct 2026 06:00:00 +0900",2026-10-05 10:45:20
에너지/석유,정유 산업,"러시아, 연료난에 전기차 급증…중국산 전기차 점유율 두배",우크라이나의 러시아 정유시설 공격으로 휘발유 공급난이 심해지면서 러시아 소비자들이 중국산 전기차로... 러시아 산업통상부에 따르면 순수전기차와 하이브리드차를 포함한 전동화 차량 판매량은 지난해 1~8월... ,https://www.g-enews.com/view.php?ud=2026100419413214819a1f309431_1,https://www.g-enews.com/view.php?ud=2026100419413214819a1f309431_1,"Mon, 05 Oct 2026 04:02:00 +0900",2026-10-05 10:45:20
에너지/석유,정유 산업,"트럼프가 쥐어짜면 쥐어짜지는 세계…G7, 비축원유 1억배럴 방출",또 공급 차질을 최소화하기 위해 회원국의 정유 시설 간 유지 보수 일정도 서로 조율하기로 했다. 이들은... 미국이 경유 수출 금지에 나서면 산업 활동에 타격이 불가피한 처지였다. 이에 프랑스는 유럽 국가들이 경유... ,https://www.mk.co.kr/article/12168220,https://n.news.naver.com/mnews/article/009/0005743885?sid=104,"Sun, 04 Oct 2026 21:57:00 +0900",2026-10-05 10:45:20
에너지/석유,정유 산업,"정부, 정유사 손실보전 예비비 ‘가격 격차 100원당 1.5조’ 산정","하지만 정부가 실제 정산 과정에서 지급액을 대폭 낮추려는 기류를 보이면서, 대규모 손실을 주장하는 정유업계와의 분쟁이 예고된다. 4일 조지연 국민의힘 의원이 산업통상자원부로부터 제출받은 자료에 따르면... ",https://www.donga.com/news/Economy/article/all/20261004/134781719/1,https://n.news.naver.com/mnews/article/020/0003752585?sid=101,"Sun, 04 Oct 2026 14:26:00 +0900",2026-10-05 10:45:20
에너지/석유,정유 산업,세계경제 미국발 '경유' 공포에 '벌벌',"선박, 화물 트럭, 농기계, 중장비 등 산업 전반의 생산 수단을 돌리는 핵심 에너지입니다. 공급 부족은... 친환경 정책으로 자체 정유공장을 축소한 까닭에 이 같은 악재에 더해 미국산 경유 의존도가 전체의 3분의 1... ",https://biz.sbs.co.kr/article_hub/20000338163?division=NAVER,https://n.news.naver.com/mnews/article/374/0000536226?sid=104,"Sun, 04 Oct 2026 12:10:00 +0900",2026-10-05 10:45:20
에너지/석유,정유 산업,"[글로벌 경제] G7, 비축유 1억배럴 푼다…‘100달러 유가’에 긴급 공조",산업과 물류 전반에 직접 사용되는 경유 가격이 급등하면서 미국과 유럽의 운송·농업·제조업 비용이... 중동 분쟁으로 걸프지역 정유시설과 수송망이 영향을 받은 데다 러시아산 석유제품 공급까지 제한되면서 유럽과... ,https://www.geconomy.co.kr/news/article.html?no=324122,https://www.geconomy.co.kr/news/article.html?no=324122,"Sun, 04 Oct 2026 11:42:00 +0900",2026-10-05 10:45:20
에너지/석유,정유 산업,"사우디, 후티에 대한 대공세 나서나…후티 타격 주장, 아람코 인근서 화...","로이터통신은 3일(현지시각) 목격자 진술을 인용해 리야드 남쪽 아람코 정유시설 인근에서 검은 연기 기둥이... 이 경우 사우디 정부가 국가 차원의 경제 개혁 프로젝트인 '비전 2030'을 추진 중인 만큼, 주요 산업 인프라가... ",https://www.g-enews.com/view.php?ud=202610040802344232fda4f5ab74_1,https://www.g-enews.com/view.php?ud=202610040802344232fda4f5ab74_1,"Sun, 04 Oct 2026 08:58:00 +0900",2026-10-05 10:45:20
에너지/석유,정유 산업,에너지자원공사 울산 유치는 지정학적 이점... 울산항만공사 통합은 딜...,"울산은 석유공사 본사를 비롯해 S-Oil, SK에너지 등 정유·석유화학 대기업과 친환경 에너지 연구기관이 집적된 독보적인 실물 산업 생태계를 갖추고 있다. 바다가 없는 내륙 도시 대구에 국가 에너지 컨트롤타워를 두는 것은... ",https://www.fnnews.com/news/202610031956131257,https://n.news.naver.com/mnews/article/014/0005584615?sid=102,"Sun, 04 Oct 2026 08:00:00 +0900",2026-10-05 10:45:20
에너지/석유,정유 산업,[공모주달력]징검다리 휴일 속 빼곡한 일정…엘리스그룹 청약 돌입,정유·석유화학 공장과 LNG 플랜트 등에 쓰이는 냉각설비를 만드는 기업이에요. 공기로 고온의 유체를... 유캐스트는 산업현장과 국방·재난안전 분야에서 사용하는 전용 이동통신망을 구축하는 기업이에요. 기존... ,https://news.bizwatch.co.kr/article/market/2026/10/02/0030,https://n.news.naver.com/mnews/article/648/0000051301?sid=101,"Sun, 04 Oct 2026 08:00:00 +0900",2026-10-05 10:45:20
에너지/석유,정유 산업,G7 비축유 배분 윤곽…美·유럽 9000만배럴,◇경유 200달러 웃돌자 정치·산업 압박 커져 G7의 이번 조치는 세계 경유 가격이 수주째 높은 수준을... 이란 전쟁으로 중동 정유·수송망이 차질을 빚고 우크라이나 전쟁으로 러시아 정유시설이 타격을 받은 데다... ,https://www.g-enews.com/view.php?ud=2026100407470188729a1f309431_1,https://www.g-enews.com/view.php?ud=2026100407470188729a1f309431_1,"Sun, 04 Oct 2026 07:54:00 +0900",2026-10-05 10:45:20
에너지/석유,정유 산업,1200억 달러 수출 잔치 뒤편…고유가·운임 덫 걸린 정유업계,고유가는 정유사 호황이라는 전통적 공식과 달리 최근의 유가 상승은 중동 물류망 차질에 따른 비용 폭등을 동반하고 있어 공장을 돌릴수록 정제마진이 깎이는 원가 딜레마에 갇혔지 때문이다. 3일 산업통상자원부... ,https://www.ebn.co.kr/news/articleView.html?idxno=1726662,https://www.ebn.co.kr/news/articleView.html?idxno=1726662,"Sun, 04 Oct 2026 06:00:00 +0900",2026-10-05 10:45:20
에너지/석유,정유 산업,[중흥건설 인사 전망]② 중흥 3명·대우건설 20명 올렸다… 안전·원전·...,"같은 인사에서 안전부 상무이사 대우로 올라간 임재훈은 현재 중흥건설산업 대표다. 홍성운도 2018년... 쿠웨이트 알주르 정유공장과 알제리 플랜트 현장을 거쳐 모잠비크 LNG Area 1 프로젝트 현장소장을 맡았고, 지난해... ",https://www.newsclaim.co.kr/news/articleView.html?idxno=3077345,https://www.newsclaim.co.kr/news/articleView.html?idxno=3077345,"Sat, 03 Oct 2026 20:10:00 +0900",2026-10-05 10:45:20
에너지/석유,정유 산업,프랜차이즈·정유업체의 공통점… AI가 대체 못할 '헤일로 기업'의 비밀...,"'중자산, 낮은 진부화(Heavy Assets Low Obsolescence)'의 약자로, 초대형 프랜차이즈나 운송업체, 정유기업 등이 해당한다. AI가 기존 산업을 뒤바꿔놓고 있다는 우려가 확산하면서 기술 발전으로 대체될 위험이... ",https://www.thescoop.co.kr/news/articleView.html?idxno=311789,https://n.news.naver.com/mnews/article/665/0000008279?sid=101,"Sat, 03 Oct 2026 17:43:00 +0900",2026-10-05 10:45:20
에너지/석유,정유 산업,"트럼프, G7, 비축유 방출 합의 이후 디젤 수출 금지 보류",미국 내 재고가 빠르게 늘어나면 석유 생산업체와 정유업체들이 생산량을 줄이면서 오히려 가격이 다시 상승할 수 있다는 설명이다. 크리스 라이트 에너지장관과 더그 버검 내무장관을 포함한 트럼프 행정부 일부... ,https://www.bloter.net/news/articleView.html?idxno=675005,https://n.news.naver.com/mnews/article/293/0000091202?sid=101,"Sat, 03 Oct 2026 17:00:00 +0900",2026-10-05 10:45:20
화학/소재,화학 주가,역대 미국 중간선거 전후 코스피 향방 어땠나?,"업종별로는 선거 전 방어주, 선거 후 경기민감주가 강세를 보였다. 선거 전 3개월간 코스피 대비... 선거 후에는 조선(7.1%), 소프트웨어(5.9%), 호텔·레저서비스(4.5%), 화학(4.4%), 운송(3.6%) 순이다.다만 올해 상황은... ",https://news.mtn.co.kr/news-detail/2026100215361169799,https://news.mtn.co.kr/news-detail/2026100215361169799,"Mon, 05 Oct 2026 06:06:00 +0900",2026-10-05 10:45:20
화학/소재,화학 주가,"삼양엔씨켐, NAND·DRAM·파운드리 공략…EUV까지 소재 포트폴리오 확대","기존 PR 소재를 기반으로 고객과 제품을 확대하고, 세정용 화학소재와 차세대 노광 소재까지 사업 영역을 넓힌다면 성장 기반은 한층 강화될 수 있다. 목표주가와 투자의견은 제시하지 않았다.",https://www.pinpointnews.co.kr/news/articleView.html?idxno=492590,https://www.pinpointnews.co.kr/news/articleView.html?idxno=492590,"Sun, 04 Oct 2026 16:24:00 +0900",2026-10-05 10:45:20
화학/소재,화학 주가,"&quot;GPU 하나에 HBM 여러 개&quot;…파크시스템스, 후공정 계측시장 정조준","실리콘 관통전극(TSV), 재배선층(RDL), 화학적기계연마(CMP) 등 전공정에서 활용되던 기술이 첨단 패키징... 성과뿐 아니라 중장기적인 성장 가능성에 주목할 필요가 있다고 봤다. 목표주가 39만원, 투자의견은 매수를 제시했다.",https://www.pinpointnews.co.kr/news/articleView.html?idxno=492582,https://www.pinpointnews.co.kr/news/articleView.html?idxno=492582,"Sun, 04 Oct 2026 15:40:00 +0900",2026-10-05 10:45:20
화학/소재,화학 주가,[9월 주가상승률]상위 50개 중 46개 교체…상승폭은 둔화,"이미지=아이클릭아트&lt;9월 주가등락률 상위 50개 종목 분석&gt; -상승률 상위 50개 중 46개 교체…두 달 연속... 더콘텐츠온은 124.72%로 2위, SH에너지화학은 112.10%로 3위에 올랐다. 코셈은 107.35%, 엑시콘은 104.17... ",http://www.kjdaily.com/article.php?aid=1791074165688206276,http://www.kjdaily.com/article.php?aid=1791074165688206276,"Sun, 04 Oct 2026 09:38:00 +0900",2026-10-05 10:45:20
화학/소재,화학 주가,개미·기관 쓸어담은 반도체 날았다…외인은 종목별 성적 희비[2026 증시...,"수급 차이는 실제 주가 상승률 격차로 이어졌다. 개인과 기관이 집중 매수한 반도체 대형주는... 매력이 높은 금융 및 필수소비재를, 하락 반전 시에는 헬스케어와 화학 업종을 주목해야 한다&quot;고 조언했다.",https://www.etoday.co.kr/news/view/2632148,https://www.etoday.co.kr/news/view/2632148,"Sun, 04 Oct 2026 06:02:00 +0900",2026-10-05 10:45:20
화학/소재,화학 주가,"사형 약물 두 차례 주입해도 ‘생존’, 세번째 사형 집행될까[아하미국...","파이크는 지난달 30일 저녁 사형 집행 과정에서 테네시주가 약물주사에 사용하는 펜토바르비탈을 두 차례... 집행팀의 교육·고용 기록과 사용된 의료장비, 생물학적·화학적 잔류물 등에 관한 자료를 보존하도록... ",https://www.munhwa.com/article/11621267?ref=naver,https://n.news.naver.com/mnews/article/021/0002822928?sid=104,"Sat, 03 Oct 2026 19:58:00 +0900",2026-10-05 10:45:20
화학/소재,화학 주가,"사형 약물 2회 투여에도 생존…의식불명 美사형수, '다시 처형' 쟁점",향후 인지 기능의 회복 여부에 따라 테네시주가 이 사형수에게 다시 사형을 집행할 수 있는지가 새로운 법적... 생물학적·화학적 잔류물에 관한 자료 등의 보존을 요구했다. 테네시주 교정국은 소송이 진행 중이라는... ,https://www.newsis.com/view/NISX20261003_0003813669,https://n.news.naver.com/mnews/article/003/0014232019?sid=104,"Sat, 03 Oct 2026 19:11:00 +0900",2026-10-05 10:45:20
화학/소재,화학 주가,씨싸이트 75%·윈팩 67% 상승…HLB 계열주 눈길,"이미지=아이클릭아트&lt;9월28일~10월2일 주가등락률 상위 50개 종목 분석&gt; -씨싸이트 75.25% 상승 1위... SH에너지화학 27.39%, 인베니아 27.15%, 이수스페셜티케미컬 27.12%, 본느 27.02%도 27%대 상승률을 기록했다.... ",http://www.kjdaily.com/article.php?aid=1791006000688187276,http://www.kjdaily.com/article.php?aid=1791006000688187276,"Sat, 03 Oct 2026 15:10:00 +0900",2026-10-05 10:45:20
화학/소재,화학 주가,10년물 국채 5% 뚫은 AI와 석유… 빅테크와 정유주만 웃었다,"로이터가 집계한 글로벌 주요 주가지수는 9월 말 기준 사상 최고치와 격차를 불과 2% 안팎으로 좁혔다.... 원유 도입 단가 상승은 정유업계의 단기 정제마진 개선으로 이어질 수 있으나, 석유화학 산업의 나프타 원가... ",https://www.g-enews.com/view.php?ud=20261003120528568fbbec65dfb_1,https://www.g-enews.com/view.php?ud=20261003120528568fbbec65dfb_1,"Sat, 03 Oct 2026 12:12:00 +0900",2026-10-05 10:45:20
화학/소재,소재 산업,"전북 부안군, 발전공기업 통합 본사 유치 전략 마련 본격화",이번 세미나는 정부가 추진하는 발전공기업 통합을 지역 핵심 현안으로 공론화하고 에너지·연구·산업... 본사 소재지는 추후 결정할 예정이다. 안호영 국회의원은 앞서 발전 5사를 통합하는 한국발전공사법안을 대표... ,https://www.shinailbo.co.kr/news/articleView.html?idxno=5068629,https://www.shinailbo.co.kr/news/articleView.html?idxno=5068629,"Mon, 05 Oct 2026 10:40:00 +0900",2026-10-05 10:45:21
화학/소재,소재 산업,"신한은행, 자본재공제조합과 생산자금 금융지원 협약",신한은행은 지난 2일 서울시 중구  본점에서 자본재공제조합과 '자본재 산업 상생발전을 위한 플랫폼 기반 금융지원 업무협약'을 체결했다고 5일 밝혔다. 자본재공제조합은 기계·부품·소재 기업을 지원하는 법정... ,http://www.whitepaper.co.kr/news/articleView.html?idxno=267484,http://www.whitepaper.co.kr/news/articleView.html?idxno=267484,"Mon, 05 Oct 2026 10:32:00 +0900",2026-10-05 10:45:21
화학/소재,소재 산업,전투기 이어 엔진도 독자 개발…KF-21 넘어 '완전 국산화' 시동,"2일 방산업계에 따르면, 정부는 최근 창원국가산업단지를 국가첨단전략산업 방산 분야 '첨단항공엔진... 항공엔진에 들어가는 소재와 부품부터 엔진 제작, 최종적으로 전투기 생산까지 경남지역에서 연결되는 구조를... ",https://www.thepublic.kr/news/articleView.html?idxno=321074,https://www.thepublic.kr/news/articleView.html?idxno=321074,"Mon, 05 Oct 2026 10:28:00 +0900",2026-10-05 10:45:21
화학/소재,소재 산업,"고령군, 식물 엑소좀 산업화 거점 구축 참여",고령군은 지역의 스마트농업 기반과 재배 기술을 활용해 원료작물의 안정적인 생산체계를 구축하고 연구기관과 기업 등과의 협력을 통해 식물 엑소좀 소재의 산업화 가능성을 높여나갈 계획이다.이를 통해 지역 농업의... ,https://www.kbsm.net/news/view.php?idx=536468,https://www.kbsm.net/news/view.php?idx=536468,"Mon, 05 Oct 2026 10:26:00 +0900",2026-10-05 10:45:21
화학/소재,소재 산업,"유니스트기술지주 추천 7개 기업, 팁스에 모두 선정",딥테크 팁스에는 터넬과 청명첨단소재 등 2개사가 선정됐다. 이 가운데 터넬은 UNIST 교원창업기업이며... 박종래 UNIST 총장은 &quot;대학 연구성과를 바탕으로 한 창업은 국가 산업에 새로운 활력을 불어넣을 것&quot;이라며... ,https://www.newsis.com/view/NISX20261005_0003814263,https://n.news.naver.com/mnews/article/003/0014233456?sid=102,"Mon, 05 Oct 2026 10:23:00 +0900",2026-10-05 10:45:21
화학/소재,소재 산업,십수 년간 “내가 제일 잘 나가”…저력 과시한 중소기업 고객만족 전략...,"한국산업의 고객만족도(KCSI)조사 각 부문에서 1위를 차지했다. 특히 10년 이상 저력을 보여주며 1위를... 유행하는 트렌드를 그대로 따라가는 것이 아닌, 제품의 색상부터 소재, 질감, 마감 등 다양한 디테일까지 개인의... ",https://www.mk.co.kr/article/12168305,https://n.news.naver.com/mnews/article/009/0005743946?sid=101,"Mon, 05 Oct 2026 10:17:00 +0900",2026-10-05 10:45:21
화학/소재,소재 산업,전주 탄소소재 국가산단 분양률 18%.. 기업 유치 '난항',"현재 전주 시내에 조성 중인 탄소소재 국가산업단지의 분양률이 여전히 저조한 것으로 파악됐습니다. 전주시에 따르면, 탄소소재 국가산단은 조성 공사 완료를 1년여 앞두고 있지만, 총 64개 필지 가운데 13개 필지만... ",http://www.jmbc.co.kr/news/view/68493,https://n.news.naver.com/mnews/article/659/0000047468?sid=102,"Mon, 05 Oct 2026 10:03:00 +0900",2026-10-05 10:45:21
화학/소재,소재 산업,"초기 투자서 후속 연구까지… UNIST기술지주, 팁스 추천 7곳 모두 선정",딥테크에는 터넬과 청명첨단소재가 이름을 올렸다. 이 가운데 터넬은 UNIST 교원창업기업이고... 박종래 UNIST 총장은 &quot;대학 연구성과를 바탕으로 한 창업은 국가 산업에 새로운 활력을 불어넣을 것&quot;이라며 &quot;연구자와 학생... ,https://view.asiae.co.kr/article/2026100509562040153,https://n.news.naver.com/mnews/article/277/0005824569?sid=102,"Mon, 05 Oct 2026 09:56:00 +0900",2026-10-05 10:45:21
화학/소재,소재 산업,"[창업 현장, 제품 개발의 벽] 김민재 대표, 14년 샴푸 개발 뒤에도 '생산...",소리쟁이를 활용한 샴푸를 출시한 김민재 (주)미래정보산업 대표가 수작업에 의존하는 생산 방식과 부족한... 김 대표는 2023년 대전 소재 시험기관에 인체적용시험을 의뢰했다고 밝혔다. 그러나 시험 참여 인원과 기간... ,https://www.bzeronews.com/news/articleView.html?idxno=823004,https://www.bzeronews.com/news/articleView.html?idxno=823004,"Mon, 05 Oct 2026 09:30:00 +0900",2026-10-05 10:45:21
화학/소재,소재 산업,"삼성전자, 용인 과학축제서 '반도체와 지역이 함께 만드는 미래' 소개","산단이 조성되면 삼성전자 외에도 70여 개 소재·부품·장비 및 팹리스 기업이 입주할 전망이며, 약 160만 개의 일자리 창출 효과가 예상된다. 반도체 산업의 성장은 용인 시민들의 일상의 변화로도 이어질 전망임. 용인... ",https://www.kihoilbo.co.kr/news/articleView.html?idxno=3036575,https://www.kihoilbo.co.kr/news/articleView.html?idxno=3036575,"Mon, 05 Oct 2026 09:28:00 +0900",2026-10-05 10:45:21
화학/소재,소재 산업,춘천 국립정원소재센터서 '우리 꽃 전시회'…분경·테라리움 80점 선보여,"춘천시는 이번 전시회를 통해 시민과 방문객이 정원문화를 가까이에서 접할 수 있도록 하는 한편, 지역 정원산업과의 연계도 확대한다는 방침이다. 앞으로 센터와 협력해 우리 꽃과 정원소재를 주제로 한 전시와 교육... ",https://www.mediafine.co.kr/news/articleView.html?idxno=91682,https://www.mediafine.co.kr/news/articleView.html?idxno=91682,"Mon, 05 Oct 2026 09:28:00 +0900",2026-10-05 10:45:21
화학/소재,소재 산업,"신한은행, 자본재공제조합과 기업 생산자금 금융지원",자본재공제조합은 국내 자본재 산업의 경쟁력 강화와 조합원 기업의 성장을 지원하는 법정 공제조합이다. 기계·부품·소재 기업 등을 대상으로 사업 수행에 필요한 보증과 공제 상품을 제공하고 있다. 양측은... ,https://www.viva100.com/article/20261002500830,https://www.viva100.com/article/20261002500830,"Mon, 05 Oct 2026 09:18:00 +0900",2026-10-05 10:45:21
화학/소재,신소재 시장,&quot;전시 보듯 쇼핑&quot;…무신사 스탠다드 성수 F/W 가보니[TF현장],"리커버리 라인은 '매일 입는 편안함에 회복을 더한다'는 콘셉트로, 원적외선 방사 기능을 갖춘 신소재를... 해외 시장의 경우 중화권을 중심으로 오프라인 매장 4곳을 운영 중이며 이달 말 추가 출점을 준비하고 있다.... ",https://news.tf.co.kr/read/economy/2372424.htm,https://n.news.naver.com/mnews/article/629/0000539345?sid=101,"Mon, 05 Oct 2026 00:01:00 +0900",2026-10-05 10:45:22
화학/소재,신소재 시장,"HS효성, 북미 첨단소재 공략 '속도'…글로벌 진격 전초기지",이는 품질 기준이 엄격하기로 유명한 글로벌 완성차 시장에서 오랫동안 기술력을 인정받은 성과라고 HS효성 측은 설명했다. 탄소섬유와 아라미드 등 신소재 부문의 실적이 호조세인 점도 주목할 만하다.... ,https://daily.hankooki.com/news/articleView.html?idxno=1411809,https://daily.hankooki.com/news/articleView.html?idxno=1411809,"Sun, 04 Oct 2026 08:00:00 +0900",2026-10-05 10:45:22
화학/소재,신소재 시장,AI에 4경원 쏟아붓는데 생산성은 아직…수익화 시험대,"베인은 AI 기반 로봇이나 배터리·반도체용 신소재 등 완전히 새로운 시장이 등장해야 투자비와 수익 간 격차를 메울 수 있다고 봤다. 구글, 아마존, 마이크로소프트(MS) 같은 하이퍼스케일러와 AI 기업들이 현재의... ",https://www.g-enews.com/view.php?ud=202610032259137779a1f309431_1,https://www.g-enews.com/view.php?ud=202610032259137779a1f309431_1,"Sun, 04 Oct 2026 04:02:00 +0900",2026-10-05 10:45:22
화학/소재,신소재 시장,의류 수명 늘리고 ESG 산업 확장…EU가 주목한 섬유 혁신은?,"특히 폐섬유의 타 산업 원료화, 전문 수선 인프라, 공동 공급망 탈탄소, 온디맨드 제조는 대규모 신소재... EU 집행위원회는 유럽 시장에 공급되는 섬유제품 가운데 사용도 되기 전에 폐기되는 물량을 연간 약 26만4000... ",http://www.ktnews.com/news/articleView.html?idxno=149067,http://www.ktnews.com/news/articleView.html?idxno=149067,"Sat, 03 Oct 2026 18:02:00 +0900",2026-10-05 10:45:22
화학/소재,신소재 시장,"에이아이스타, 신소재 연구 개발 프로세스 AI로 혁신 [서울AI허브 2027]","타깃시장 홈페이지 ※ 기업 현황은 2026년 9월 기준입니다 연구데이터부터 후보추천·물리검증까지 R&amp;D 과정 하나로 신소재 연구개발에는 논문과 특허, 시험성적서, 실험·공정데이터부터 물리 계산 결과까지 방대한... ",https://it.chosun.com/news/articleView.html?idxno=2023092171393,https://it.chosun.com/news/articleView.html?idxno=2023092171393,"Sat, 03 Oct 2026 10:00:00 +0900",2026-10-05 10:45:22
화학/소재,신소재 시장,"광양시, 'RE100 산단·자율재원 확보'... 여수·순천과 남해안 미래벨트...","광양시(시장 박성현)는 지난 10월 2일 순천시청에서 열린 제42차 여수·순천·광양시 행정협의회를 통해... 이번 제안은 기존의 주력 제조업인 철강과 석유화학 산업 기반 위에 이차전지 및 첨단 신소재, 차세대 친환경... ",https://www.newsworker.co.kr/news/articleView.html?idxno=507111,https://www.newsworker.co.kr/news/articleView.html?idxno=507111,"Sat, 03 Oct 2026 02:02:00 +0900",2026-10-05 10:45:22
화학/소재,신소재 시장,"애플 폴더블로 'OLED 시장' 확대…삼성D 점유율은 하락 전망, 왜?",애플의 폴더블폰 출시로 글로벌 폴더블 OLED 시장이 확대될 전망이다. 삼성디스플레이는 당분간 시장... 문대규 순천향대 디스플레이신소재공학과 교수는 &quot;폴더블은 가격보다 품질이 훨씬 더 중요한데 아직은 국내... ,https://www.kpinews.kr/newsView/1065598064003123,https://www.kpinews.kr/newsView/1065598064003123,"Fri, 02 Oct 2026 17:48:00 +0900",2026-10-05 10:45:22
화학/소재,신소재 시장,"아놀드파마 파크골프, 실속형 ‘APG-07’ 인기…“국내 생산 친환경 헤...",파크골프의 대중화 바람 속에서 고가 장비 위주의 시장 구조를 과감히 깨고 '친환경 신소재·국내 생산·합리적 가격'의 삼박자를 갖춘 실속형 제품을 제시한 점이 눈길을 끈다. 대중교통 이용 시니어들의 동선을 고려한... ,https://www.geconomy.co.kr/news/article.html?no=324093,https://www.geconomy.co.kr/news/article.html?no=324093,"Fri, 02 Oct 2026 17:40:00 +0900",2026-10-05 10:45:22
화학/소재,신소재 시장,K-방산 수출 호황에도 중소기업 '제자리'…&quot;매출 비중 25%로&quot;,"정부는 드론·로봇, 국방 AI·반도체, 센서·신소재, 우주·항공, 사이버보안·양자 등 5개 분야를 전략분야로... 신속획득·정책금융·NATO 시장까지 지원 확대 해외시장 진입 기회도 확대되고 있다. 한국과 북대서양조약기구... ",https://www.mediaus.co.kr/news/articleView.html?idxno=318310,https://www.mediaus.co.kr/news/articleView.html?idxno=318310,"Fri, 02 Oct 2026 16:12:00 +0900",2026-10-05 10:45:22
화학/소재,신소재 시장,"포스코퓨처엠, 첫 LFP 양극재 연말 양산...전환 라인 준비 완료","사업 주체는 포스코퓨처엠과 피노, CNGR의 합작사 씨앤피신소재테크놀로지다. 합작사는 지난 5월 28일 포항... 전기차 시장에서도 보급형 모델을 중심으로 LFP 채택이 늘고 있다고 밝혔다. 포스코퓨처엠은 전기차와 ESS 등... ",https://www.e-science.co.kr/news/articleView.html?idxno=136568,https://www.e-science.co.kr/news/articleView.html?idxno=136568,"Fri, 02 Oct 2026 16:02:00 +0900",2026-10-05 10:45:22
화학/소재,신소재 시장,대주전자재료 주가 폭등랠리...무슨 호재 있나,"태양광 모듈과 폴리실리콘 등 주요 제품 가격 흐름이 개선될 경우 미국 시장을 중심으로 사업을 확대하고... 신성이엔지, 나노신소재, 디에스엠, 지앤비에스 에코, 에이전트AI, 레이크머티리얼즈, 한화, 금양그린파워... ",https://www.pinpointnews.co.kr/news/articleView.html?idxno=492306,https://www.pinpointnews.co.kr/news/articleView.html?idxno=492306,"Fri, 02 Oct 2026 15:18:00 +0900",2026-10-05 10:45:22
화학/소재,신소재 시장,"글라우드, 문정동 KD70타워로 사옥 이전…쇼룸·R&amp;D 공간 확충","지진우 글라우드 대표는 “사업 수요 확대와 글로벌 시장 진출, 신소재 적용 등을 준비하기 위해 관련 조직과 인력을 확충했다”며 “새로운 연구개발 공간을 기반으로 제품과 서비스 고도화를 이어갈 계획”이라고... ",https://economist.co.kr/article/view/ecn202610020032,https://n.news.naver.com/mnews/article/243/0000103791?sid=101,"Fri, 02 Oct 2026 14:26:00 +0900",2026-10-05 10:45:22
화학/소재,신소재 시장,AI 넘어 퀀텀시대로…양자기술 현재와 미래를 '한 눈에',랩에서 시장으로(QX 2026: Quantum Meets Reality)'라는 주제로 우리나라 현재 상황과 나아갈 방향을 제시할... 신약·신소재 개발용 설계 플랫폼을 선보인다. 이 분야에선 큐노바가 국내는 물론 세계적으로 독보적인 위치를... ,https://zdnet.co.kr/view/?no=20261002100423,https://n.news.naver.com/mnews/article/092/0002439698?sid=105,"Fri, 02 Oct 2026 14:25:00 +0900",2026-10-05 10:45:22
화학/소재,신소재 시장,"&quot;중국 손 벗어나자&quot;… 기업·정부, 희토류 영구자석 독립 '속도전'",대체할 신소재를 확보하겠다는 구상이다. 첨단 산업의 '혈맥' 영구자석 ··· 전기차·로봇 성장 타고 폭발적 시장 확대 희토류 영구자석(네오디뮴·사마륨 코발트 자석 등)은 강한 자력을 바탕으로 구동모터의 효율을... ,https://www.greenpostkorea.co.kr/news/articleView.html?idxno=307578,https://www.greenpostkorea.co.kr/news/articleView.html?idxno=307578,"Fri, 02 Oct 2026 14:08:00 +0900",2026-10-05 10:45:22
화학/소재,신소재 시장,"[중국 특징주] CXMT, 3Q 융자자금 1.8조 '폭풍 매수'…DRAM 투자 7조",중고급 제품을 적극적으로 확대해 중국 내 시장을 공략하고 있어 메모리 반도체의 국산화에 따른 성장 여력이 있다는 분석이다. 인쇄회로기판(PCB) 관련 종목인 자리촹과 사적극신소재 등도 융자자금의 매수... ,https://www.newspim.com/news/view/20261002000772,https://www.newspim.com/news/view/20261002000772,"Fri, 02 Oct 2026 13:44:00 +0900",2026-10-05 10:45:22
화학/소재,신소재 시장,"[기고] 특허 연구하는 사람은 많은데, 싸워본 사람은 없다","전공은 컴퓨터공학, 신소재공학, 융합전자공학, 정보시스템, 전기정보공학, 경영학, 법학 등 다양하다.... 기술이 사업이 되고 시장에서 힘을 가지려면 수많은 결정이 뒤따른다. 무엇을 특허로 보호하고 어느 나라에... ",https://zdnet.co.kr/view/?no=20261002130613,https://n.news.naver.com/mnews/article/092/0002439688?sid=110,"Fri, 02 Oct 2026 13:18:00 +0900",2026-10-05 10:45:22
화학/소재,신소재 시장,"농진원, LG전자ㆍ하림과 그린바이오 유망기업 기술 사업화 지원","LG전자와 함께 추진하는 그린바이오 신소재 기술 사업화 프로그램(LGreen-Up)에는 △텍셀(LG전자 소재 기술을... 검증하고 시장과 만나는 기회가 중요하다&quot;며, &quot;LG전자와 하림의 기술과 현장에 그린바이오 기업의 혁신 역량을... ",http://www.foodnews.co.kr/news/articleView.html?idxno=120401,http://www.foodnews.co.kr/news/articleView.html?idxno=120401,"Fri, 02 Oct 2026 11:32:00 +0900",2026-10-05 10:45:22
화학/소재,신소재 시장,“AI 한의학으로 초고령사회 건강 지킨다”,"산업과 시장 창출까지 연결한다는 계획이다. 레드바이오와 그린바이오의 융합도 강화한다. 지속가능한 한약자원 기술과 지역 수요에 대응하는 한약 신소재를 개발하고, 기존 한의학 연구성과를 신약·헬스케어 등 산업... ",https://biz.heraldcorp.com/article/10891659?ref=naver,https://n.news.naver.com/mnews/article/016/0002704820?sid=105,"Fri, 02 Oct 2026 11:21:00 +0900",2026-10-05 10:45:22
통신/5G,통신 주가,[뉴욕마켓] 美 고용 부진에 힘 받는 연준 금리 동결론,미국 스포츠 의류·신발 브랜드 나이키는 중국 매출이 26%나 급감하면서 주가를 끌어내렸다. 미 10년물... 투자은행 모건스탠리의 알렉스 스트래튼 애널리스트는 블룸버그통신과의 인터뷰에서 나이키의 향후 실적에... ,https://www.kmib.co.kr/article/view.asp?arcid=9000019826&cp=nv,https://n.news.naver.com/mnews/article/005/0001876749?sid=101,"Mon, 05 Oct 2026 06:02:00 +0900",2026-10-05 10:45:23
통신/5G,통신 주가,"상장설 솔리다임, 몸값 200조라고?","주주가 보유한 주식 가치가 희석될 수 있다며 목소리를 높이고 있다. 4일 소액주주 플랫폼 ‘액트’에... 로이터통신 등에 따르면 솔리다임은 현재 모건스탠리와 골드만삭스를 상장 주관사 후보로 두고 있으며, 상장 시... ",https://www.joongang.co.kr/article/25467077,https://n.news.naver.com/mnews/article/025/0003555688?sid=101,"Mon, 05 Oct 2026 00:01:00 +0900",2026-10-05 10:45:23
통신/5G,통신 주가,‘몸값 200조’ 솔리다임 美상장설…“주가 꺾일라” 하닉 주주 반발,주주가 보유한 주식 가치가 희석될 수 있다며 목소리를 높이고 있다. 4일 소액주주 플랫폼 ‘액트’에... 로이터통신 등 외신에 따르면 솔리다임은 현재 모건스탠리와 골드만삭스를 상장 주관사 후보로 두고 있으며... ,https://www.joongang.co.kr/article/25467043,https://n.news.naver.com/mnews/article/025/0003555657?sid=101,"Sun, 04 Oct 2026 16:53:00 +0900",2026-10-05 10:45:23
통신/5G,통신 주가,“내가 제인 도다” “누구라도 피해자될 수 있어”···‘코넬대 성폭...,AP통신 집계에 따르면 미국의 19개주가 비슷한 법을 가지고 있다. 마이클 코틀리코프 코넬대 총장은 이날 대학 누리집에 올린 영상을 통해 “2024년 제인 도에게 일어난 일은 매우 충격적이며 앞으로 수년간 우리... ,https://www.khan.co.kr/article/202610041650001,https://n.news.naver.com/mnews/article/032/0003474131?sid=102,"Sun, 04 Oct 2026 16:50:00 +0900",2026-10-05 10:45:23
통신/5G,통신 주가,&quot;달 가리키니 손가락 공격&quot;…김승원 의혹 대신 한동훈 '자료 출처' 겨눴...,상대 진영에서 주장하는 '노회찬 삼성 X파일 사건'의 핵심은 '통신비밀보호법' 위반이었다. 통신비밀보호법은... 금융 시장에서 폭락하던 주가가 잠시 미세하게 반등하는 현상을 '데드 캣 바운스(Dead Cat Bounce)'라고 부른다. 1... ,http://weekly.chosun.com/news/articleView.html?idxno=55808,https://n.news.naver.com/mnews/article/053/0000061990?sid=102,"Sun, 04 Oct 2026 16:00:00 +0900",2026-10-05 10:45:23
통신/5G,통신 주가,5G 요금제 개편·AI 요금제 기대… KT 주가 재평가 가능성,반면 시장이 뚜렷한 방향성을 보이지 않거나 상승폭이 제한적이라면 안정적인 배당 수익을 확보하면서 중장기적인 주가 상승을 기다리는 전략이 효과적일 수 있다. KT는 통신이라는 안정적인 본업을 기반으로 AI와... ,https://www.pinpointnews.co.kr/news/articleView.html?idxno=492579,https://www.pinpointnews.co.kr/news/articleView.html?idxno=492579,"Sun, 04 Oct 2026 15:22:00 +0900",2026-10-05 10:45:23
통신/5G,통신 주가,"주주환원 늘어난다… LG유플러스, 금리 하락이 핵심 변수",통신사업에서 안정적인 수익을 창출하면서 배당을 지속적으로 늘릴 수 있다면 장기 투자자 입장에서는 주가 상승과 배당수익을 동시에 기대할 수 있는 구조가 만들어진다. 현재 주가 수준도 부담이 크지 않은 것으로... ,https://www.pinpointnews.co.kr/news/articleView.html?idxno=492578,https://www.pinpointnews.co.kr/news/articleView.html?idxno=492578,"Sun, 04 Oct 2026 15:16:00 +0900",2026-10-05 10:45:23
통신/5G,통신 주가,배당부터 AI·데이터센터까지… SK텔레콤 주가 오를 재료 쏟아진다,SK텔레콤이 보유한 AI 관련 자산 가운데 엔트로픽의 가치가 상당한 수준에 이를 것으로 예상되면서 기존 통신사업 외의 자산 가치도 주가에 반영될 여지가 있다는 평가다. 엔트로픽 보유 가치가 약 5조원에 달할 것으로... ,https://www.pinpointnews.co.kr/news/articleView.html?idxno=492577,https://www.pinpointnews.co.kr/news/articleView.html?idxno=492577,"Sun, 04 Oct 2026 15:10:00 +0900",2026-10-05 10:45:23
통신/5G,통신 주가,[공자의 고향 산둥성을 걷다] ⑤ '란링메이주 옥잔에 따르니 호박빛' 이...,[베이징=뉴스핌] 최헌규 베이징 특파원= 1995년 발견된 고고학 출토물이 2000여년전 란링메이주가 황가에 진상하는 공주였음을 증명한다고 란링메이주 전시관 자료가 설명하고 있다. 사진= 뉴스핌 통신사.   2026.10.04 chk... ,https://www.newspim.com/news/view/20261004000040,https://www.newspim.com/news/view/20261004000040,"Sun, 04 Oct 2026 14:53:00 +0900",2026-10-05 10:45:23
통신/5G,5G 산업,"[팩트체크] “소금 먹고 당뇨 사라졌다”…전주교구, 양재철 신부 명의...",기준 5g의 6배 ▲카카오톡으로 전달된 「소금의 신비한 효능」과 전주교구 회신을... 이 사건은 지난 7월 30일 EBN산업경제 칼럼에서도 다뤄졌다. 김성수 법률사무소... ,http://www.breaknews.com/1240908,http://www.breaknews.com/1240908,"Sun, 04 Oct 2026 11:30:00 +0900",2026-10-05 10:45:23
통신/5G,5G 산업,응급실 뺑뺑이 없앤다…'AI 응급의료 플랫폼' 내년 구미서 추진,AI를 활용해 응급환자와 병상·의료진 정보를 실시간으로 연결하고 5G 구급차를 연계하는 응급환자 이송... 경북도는 우선 대구와 지리적으로 인접하면서 의료기관과 산업·생활 인구가 밀집된 구미권을 플랫폼 확대... ,https://www.news1.kr/local/daegu-gyeongbuk/6310022,https://n.news.naver.com/mnews/article/421/0009208668?sid=102,"Sun, 04 Oct 2026 09:17:00 +0900",2026-10-05 10:45:23
통신/5G,5G 산업,[글로벌 주간 브리핑] AI에 돈 쏟아붓는 빅테크…미·중은 반도체 넘어...,"장비 교체에 자금이 들어가면 광통신과 5G, 차세대 6G 네트워크에 투자할 돈이 줄어든다는 것이다. 유럽의 중국 통신장비 의존도를 낮춘다는 정책 방향은 유지될 것으로 보인다. 다만 산업 경쟁력과 통신 인프라... ",https://www.wolyo.co.kr/news/articleView.html?idxno=318637,https://www.wolyo.co.kr/news/articleView.html?idxno=318637,"Sun, 04 Oct 2026 08:58:00 +0900",2026-10-05 10:45:23
통신/5G,5G 산업,하나금융 청라시대 개막...금융·IT 인프라 집결,"아울러 5G 무선환경과 클라우드 PC, 노트북, 메신저, 소프트폰 등을 활용한 업무환경을 구축했다. 임직원은... 청년·서민·소상공인·중소기업 지원과 함께 AI·바이오·문화·에너지 등 인천의 미래산업과 연계한 금융... ",http://www.hansbiz.co.kr/news/articleView.html?idxno=869994,http://www.hansbiz.co.kr/news/articleView.html?idxno=869994,"Sun, 04 Oct 2026 08:20:00 +0900",2026-10-05 10:45:23
통신/5G,5G 산업,[이번주 IPO]10월 둘째 주 수요예측·청약 일정,"◆유캐스트= 2011년 설립된 유캐스트는 4G·5G 이동통신에 필요한 장비와 시스템을 자체 개발하고, 통신망... ◆티앤이코리아= 티앤이코리아는 다양한 산업 현장에서 공기를 압축·공급하는 고속 터보기계 시스템을... ",https://view.asiae.co.kr/article/2026100209524915386,https://n.news.naver.com/mnews/article/277/0005824435?sid=101,"Sun, 04 Oct 2026 08:00:00 +0900",2026-10-05 10:45:23
통신/5G,5G 산업,"&quot;변성전분에 젤라틴까지&quot;…가짜 그릭 요거트 넘쳐나, 진짜 찾는 기준은",김 원장은 &quot;100g당 단백질 함량이 7g 이상이면서 당류는 5g 이하인 제품을 골라야 한다&quot;며 &quot;우선순위는 단백질과... 특히 원재료명에 경화유 표기가 적힌 제품은 가공 과정에서 산업용 트랜스지방이 생성될 위험이 있다. 김... ,https://www.newsis.com/view/NISX20261002_0003811801,https://n.news.naver.com/mnews/article/003/0014231656?sid=102,"Sat, 03 Oct 2026 12:30:00 +0900",2026-10-05 10:45:23
통신/5G,5G 산업,"통신장비주, 5G·6G 고도화 바람 타고 폭등랠리",산업 전반의 디지털 전환(DX) 과제와 맞물려 데이터 트래픽이 폭증함에 따라 관련 장비 수요가 크게 신장한 것이 시장의 매수세를 자극했다. 통신 네트워크 고도화 및 광통신망 확충 사업을 영위하는 핵심 장비주를... ,https://www.pinpointnews.co.kr/news/articleView.html?idxno=492436,https://www.pinpointnews.co.kr/news/articleView.html?idxno=492436,"Sat, 03 Oct 2026 11:06:00 +0900",2026-10-05 10:45:23
통신/5G,5G 산업,"하나금융, 청라 헤드쿼터 시대 개막 … '금융·AI 융합' 새 거점 만든다","5G 무선망과 클라우드 PC(VDI), 노트북, 메신저, 소프트폰 등을 기반으로 특정 좌석이나 유선 네트워크에... 인천의 민생과 지역 기업 지원은 물론 AI, 바이오, 문화, 에너지 등 미래산업과 연계한 금융 지원에도 힘을... ",http://www.worktoday.co.kr/news/articleView.html?idxno=90016,http://www.worktoday.co.kr/news/articleView.html?idxno=90016,"Fri, 02 Oct 2026 22:16:00 +0900",2026-10-05 10:45:23
통신/5G,5G 산업,"[MD포커스] 하나금융, 청라 헤드쿼터 개관…15년 ‘하나금융타운’ 완성","5G 무선환경과 클라우드 PC(VDI), 노트북 기반 업무환경, 메신저, 소프트폰 등을 적용해 특정 좌석이나 유선 환경에 제약받지 않는 업무환경도 구축했다. ◇ 청라를 금융·미래산업 거점으로 하나금융은 청라 헤드쿼터를... ",https://www.mydaily.co.kr/page/view/2026100220410086122,https://n.news.naver.com/mnews/article/117/0004111589?sid=103,"Fri, 02 Oct 2026 20:42:00 +0900",2026-10-05 10:45:23
통신/5G,5G 산업,[인문자의 피지컬 AI 이야기 | 인간.문화.자연] AI의 심장은 반도체지만...,"새만금 산업단지 장기임대용지 조성 175억원, AI 기반 특수목적용 로봇 플랫폼 제작·실증 80억원, 로봇부품 클러스터 공동물류센터 5억원, 5G 특화망 기반 군산조선소 M.AX 실증 플랫폼 50억원, 농업 AI 로봇 표준화 및... ",https://www.ajunews.com/view/20261002195525952,https://www.ajunews.com/view/20261002195525952,"Fri, 02 Oct 2026 20:02:00 +0900",2026-10-05 10:45:23
통신/5G,5G 산업,"신한은행, 자본재공제조합과 자본재 산업 상생발전 위한 MOU체결 外","신한은행, 자본재공제조합과 자본재 산업 상생발전 위한 MOU체결 신한은행(은행장 정상혁)은 지난 2일... 5G 무선환경, 클라우드 PC(VDI), 노트북 기반, 메신저, 소프트폰 등을 활용해 임직원들이 특정 자리나 유선 환경에... ",https://www.rcast.co.kr/news/articleView.html?idxno=31762,https://www.rcast.co.kr/news/articleView.html?idxno=31762,"Fri, 02 Oct 2026 18:38:00 +0900",2026-10-05 10:45:23
통신/5G,5G 산업,"금융·IT 4000명 한곳에...함영주, 청라에 하나금융 새 중심 세웠다","함 회장은 &quot;인천의 민생과 미래산업, 투자 정책에 금융을 촘촘히 연결하고 지역 경제의 성장을 뒷받침하는... 3~7층과 10~14층은 각각 내부계단으로 연결했다.자리를 옮겨도 업무를 이어갈 수 있도록 5G 무선환경과... ",https://www.insight.co.kr/news/576388,https://www.insight.co.kr/news/576388,"Fri, 02 Oct 2026 18:12:00 +0900",2026-10-05 10:45:23
통신/5G,5G 산업,하나금융 청라시대 본격 개막...금융-IT 4000명 집결해 '뉴하나 100년' 승...,"5G 무선환경과 클라우드 PC(VDI), 노트북, 메신저, 소프트폰을 기반으로 특정 좌석과 유선 환경에 얽매이지... 인공지능·바이오·문화·에너지 등 인천의 미래산업과의 연계도 추진한다. 함영주 하나금융그룹 회장(첫 번째... ",https://www.techm.kr/news/articleView.html?idxno=155827,https://www.techm.kr/news/articleView.html?idxno=155827,"Fri, 02 Oct 2026 18:06:00 +0900",2026-10-05 10:45:23
통신/5G,5G 산업,"하나금융, 청라 헤드쿼터 오픈···&quot;새로운 100년 연다&quot;","그러면서 &quot;금융과 데이터, AI가 만나는 산업이 청라에서 자랄 수 있도록 함께 길을 찾고, 그 결실이 지역의... 5G 무선환경, 클라우드 PC(VDI), 노트북 기반, 메신저, 소프트폰 등을 활용해 임직원들이 특정 자리나 유선... ",http://www.enewstoday.co.kr/news/articleView.html?idxno=2476808,http://www.enewstoday.co.kr/news/articleView.html?idxno=2476808,"Fri, 02 Oct 2026 17:49:00 +0900",2026-10-05 10:45:23
통신/5G,5G 산업,"하나금융, 청라 HQ 오프닝 행사 개최…하나금융타운 완성 공식 선포","5G 무선환경과 클라우드 PC, 노트북, 메신저, 소프트폰 등을 활용해 특정 좌석이나 유선 환경에 얽매이지... 청년과 서민, 소상공인·중소기업 지원을 확대하는 동시에 AI와 바이오, 문화, 에너지 등 인천의 미래산업과... ",https://www.viva100.com/article/20261002500835,https://www.viva100.com/article/20261002500835,"Fri, 02 Oct 2026 17:40:00 +0900",2026-10-05 10:45:23
통신/5G,5G 산업,"하나금융, 청라 헤드쿼터 개소…15년 하나금융타운 대장정 마무리","미래산업, 투자 정책에 금융을 촘촘히 연결하고 지역경제의 성장을 뒷받침하는 지역금융 파트너로서... 5G 무선환경과 클라우드 PC(VDI), 노트북 기반 업무환경, 메신저, 소프트폰 등을 도입해 고정된 좌석과 유선 환경에... ",https://www.industrynews.co.kr/news/articleView.html?idxno=86956,https://www.industrynews.co.kr/news/articleView.html?idxno=86956,"Fri, 02 Oct 2026 17:34:00 +0900",2026-10-05 10:45:23
통신/5G,5G 산업,"함영주號 하나금융, 청라서 새 100년 정조준","미래산업, 투자 정책에 금융을 촘촘히 연결하고 지역 경제의 성장을 뒷받침하는 지역금융 파트너로서... 5G 무선환경과 클라우드 PC(VDI), 노트북, 메신저, 소프트폰 등을 활용해 특정 좌석이나 유선 환경에 제약받지 않는... ",http://www.00news.co.kr/news/articleView.html?idxno=106959,http://www.00news.co.kr/news/articleView.html?idxno=106959,"Fri, 02 Oct 2026 17:32:00 +0900",2026-10-05 10:45:23
통신/5G,6G 개발,6G 코어망에 AI 어떻게 넣나...표준 설계부터 갑론을박,6G 코어망에 AI를 어떻게 넣을지를 두고 글로벌 통신업계의 의견이 엇갈리고 있다. 기존 5G 단독모드(SA)... 반도체 개발 주기에 영향을 받는다. 안드로이드나 iOS 등 운영체제에 구현하면 업데이트는 빨라지지만... ,https://zdnet.co.kr/view/?no=20261004151505,https://n.news.naver.com/mnews/article/092/0002439817?sid=105,"Mon, 05 Oct 2026 07:00:00 +0900",2026-10-05 10:45:24
통신/5G,6G 개발,“콩물에 블랙올리브 과육 담았다”…프로퍼마켓 신제품 ‘올콩두’ 어...,"제품 개발의 시작은 ‘블랙푸드는 곡물에만 있을까?’라는 질문에서 출발했다. 기존 시장에는 검은콩... 올콩두는 1팩(190mL) 기준 65kcal, 단백질 6g, 식이섬유 4g을 함유하고 있으며 당류는 0g이다. 간단히 아침식사용으로... ",https://www.munhwa.com/article/11621337?ref=naver,https://n.news.naver.com/mnews/article/021/0002822998?sid=101,"Sun, 04 Oct 2026 17:20:00 +0900",2026-10-05 10:45:24
통신/5G,6G 개발,"소프트뱅크, 3,000m 상공서 '공중 통신망' 구축…대형 무인기로 지상 직...",이번 연구개발은 총무성이 정보통신연구기구(NICT)에 조성한 정보통신 연구개발기금을 기반으로 하는 '혁신적 정보통신기술(Beyond 5G·6G) 기금사업'의 위탁연구 과제로 추진됐다. 2023년 선정된 '재난 시 응급... ,https://www.aitimes.kr/news/articleView.html?idxno=42176,https://www.aitimes.kr/news/articleView.html?idxno=42176,"Fri, 02 Oct 2026 23:16:00 +0900",2026-10-05 10:45:24
통신/5G,6G 개발,"KTL, AI·6G·사이버보안 시험인증 강화…144억원 인프라 구축","인증, 6G·비지상망 통신(NTN), 소프트웨어 품질(GS) 인증, IoT 사이버보안 등 분야별 기술·인증 동향을 공유했다. 기업 관계자들과의 간담회에서는 제품 개발과 시험인증 과정에서 겪는 기술적 어려움과 신규 시험 수요... ",https://www.shinailbo.co.kr/news/articleView.html?idxno=5068217,https://www.shinailbo.co.kr/news/articleView.html?idxno=5068217,"Fri, 02 Oct 2026 14:40:00 +0900",2026-10-05 10:45:24
통신/5G,6G 개발,한국 경제 '삼중위기' 돌파할 산업 AI 전환...열쇠는 '분산형 AI',보고서에 따르면 2023년 한국의 정보통신기술(ICT) 산업은 국내총생산(GDP)의 13%를 차지해 경제협력개발기구... 퀄컴은 2일(현지시각) 스페인 바르셀로나에서 열린 미디어 컨퍼런스에서 2029년 6G 상용화를 선언했다/사진... ,https://www.techm.kr/news/articleView.html?idxno=155795,https://www.techm.kr/news/articleView.html?idxno=155795,"Fri, 02 Oct 2026 10:58:00 +0900",2026-10-05 10:45:24
통신/5G,6G 개발,"KTL, '산업융합 IT 고객세미나·간담회' 개최",아울러 제품 개발과 해외시장 진출 과정에서 기업이 겪는 기술적 어려움과 신규 시험 수요를 직접 듣고... 이어 ▲방송통신기자재 KC 인증 ▲6G·비지상망 통신(NTN) ▲소프트웨어 품질(GS) 인증 및 사물인터넷(IoT)... ,https://www.cnbnews.com/news/articleView.html?idxno=1017975,https://www.cnbnews.com/news/articleView.html?idxno=1017975,"Fri, 02 Oct 2026 10:56:00 +0900",2026-10-05 10:45:24
통신/5G,6G 개발,"KAI, AEROTEC 2026서 표준 플랫폼 기반 위성 라인업 소개해… &quot;저궤도 통...","현재 수자원 관리용 차세대중형위성 5호를 제작하고 있으며, 정부 R&amp;D로 저궤도 6G 통신시범위성 2기를 개발해 2030년경 발사·실증할 계획이라고 회사는 밝혔다. 또한 부스에는 개발 중인 초소형 SAR 위성의 실물 크기... ",https://kr.aving.net/news/articleView.html?idxno=1814993,https://kr.aving.net/news/articleView.html?idxno=1814993,"Fri, 02 Oct 2026 10:50:00 +0900",2026-10-05 10:45:24
통신/5G,6G 개발,"KTL, 산업융합 IT 기업 대상 고객세미나·간담회 개최",산업융합 신제품의 개발 및 해외시장 진출 과정에서 기업들이 겪는 기술적 애로사항과 신규 시험 수요도... 인증 △6G·비지상망 통신(NTN) △소프트웨어 품질(GS) 인증 △사물인터넷(IoT) 사이버보안 등 주요 기술·인증... ,https://www.kukinews.com/article/view/kuk202610020038,https://www.kukinews.com/article/view/kuk202610020038,"Fri, 02 Oct 2026 10:06:00 +0900",2026-10-05 10:45:24
통신/5G,6G 개발,"KTL, 시험인증·미래기술 동향 공유…AI·6G·비지상망·IoT 사이버보안...",또한 제품 개발과 해외시장 진출 과정에서 기업들이 겪는 기술적 애로사항과 신규 시험 수요를 파악해 향후... 또한 △방송통신기자재 KC 인증 △6G·비지상망 통신(NTN) △소프트웨어 품질(GS) 인증 △사물인터넷(IoT)... ,https://www.energy-news.co.kr/news/articleView.html?idxno=228726,https://www.energy-news.co.kr/news/articleView.html?idxno=228726,"Fri, 02 Oct 2026 09:44:00 +0900",2026-10-05 10:45:24
통신/5G,6G 개발,"[특징주] 쏠리드, KT SAT과 3만6000km 무궁화위성 '5G 통신' 성공…최대...",향후 6G와 한국형 저궤도 위성통신(K-LEO)으로 이어질 핵심 기술력이 부각된 영향으로 풀이된다. 쏠리드는... 이번 실증에서 쏠리드는 자체 개발한 FPGA 기반 NTN 단말과 기지국·코어 장비를 투입했다. 단말과... ,https://www.financialpost.co.kr/news/articleView.html?idxno=278467,https://www.financialpost.co.kr/news/articleView.html?idxno=278467,"Fri, 02 Oct 2026 09:24:00 +0900",2026-10-05 10:45:24
통신/5G,6G 개발,"인하대 원종훈 교수, 위성항법 기술·표준화 논문 미국 학회 최다인용상","기술 개발에 활용된다. PNT 기술은 향후 차선 단위 오차 없는 자율주행차와 도심항공교통(UAM)의... 또한 저궤도 위성 통신망 구축, 달 탐사선과 심우주 탐사선의 자율 항법, GPS 교란 대응 방산 기술, 5G·6G... ",https://www.incheontoday.com/news/articleView.html?idxno=324447,https://www.incheontoday.com/news/articleView.html?idxno=324447,"Fri, 02 Oct 2026 08:56:00 +0900",2026-10-05 10:45:24
통신/5G,6G 개발,"전자소재·RNA 원료…코오롱생명과학, 고부가 중심 새판 짠다[바이오리...",기존 제품은 생산성을 높이고 새로운 시장을 개척해 수익성을 끌어올리는 한편 유전자치료제와 위탁개발... PPO는 AI 가속기와 5G·6G 네트워크 서버 등에 사용되는 고성능 동박적층판(CCL)의 핵심 원료다. 제약·화학... ,https://www.sedaily.com/article/20097078?ref=naver,https://n.news.naver.com/mnews/article/011/0004667582?sid=105,"Fri, 02 Oct 2026 07:01:00 +0900",2026-10-05 10:45:24
통신/5G,6G 개발,"쏠리드·KT SAT, 무궁화위성서 5G NTN 실증…최대 100Mbps 전송",쏠리드가 자체 개발한 FPGA 기반 NTN 단말과 기지국·코어 장비를 연결해 실제 위성 환경에서 종단간... 향후 6G에서는 지상망과 위성망을 통합하는 핵심 네트워크 기술로 꼽힌다. 김현채 쏠리드 상무는 “정지궤도... ,https://www.etnews.com/20261001000367,https://n.news.naver.com/mnews/article/030/0003471709?sid=105,"Thu, 01 Oct 2026 14:50:00 +0900",2026-10-05 10:45:24
통신/5G,6G 개발,박세웅 ETRI 원장 “독보적 필살기 확보할 것”,"연구개발의 산실 한국전자통신연구원(ETRI)이 연구개발(R&amp;D) 체제의 대대적 개편을 예고했다. 과제를 따야... 멀티모달 파운데이션 모델과 ‘AI 코-사이언티스트’, AI와 6G를 결합한 ‘AI 고속도로’, 로봇 파운데이션... ",https://biz.heraldcorp.com/article/10890410?ref=naver,https://n.news.naver.com/mnews/article/016/0002704308?sid=105,"Thu, 01 Oct 2026 11:45:00 +0900",2026-10-05 10:45:24
통신/5G,6G 개발,"다쏘시스템, 버추얼 트윈으로 반도체 장비 개발 고도화","시뮬레이션 결과도 재사용 가능한 자산으로 에릭슨은 4G와 5G, 차세대 6G용 고성능 안테나를 개발하면서 대형 안테나 시스템을 시뮬레이션하고 관련 데이터를 관리해야 했다. 프로젝트 과정에서 생성된 시뮬레이션... ",https://www.datanet.co.kr/news/articleView.html?idxno=214806,https://www.datanet.co.kr/news/articleView.html?idxno=214806,"Thu, 01 Oct 2026 09:00:00 +0900",2026-10-05 10:45:24
통신/5G,6G 개발,"액세스 파트너십 &quot;분산형 AI, 2035년 한국서 연 500억달러 가치 창출&quot;","연구개발 및 수출 경쟁력 등이 주요 투자 대상으로 제시됐다. 정책 과제로는 글로벌 상호운용성 강화, 공급자 다양성과 데이터 이동성 확보, 6G 및 차세대 네트워크 투자, 제조·모빌리티·헬스케어 등 산업별 안전... ",https://www.autodaily.co.kr/news/articleView.html?idxno=600818,https://www.autodaily.co.kr/news/articleView.html?idxno=600818,"Wed, 30 Sep 2026 23:10:00 +0900",2026-10-05 10:45:24
통신/5G,6G 개발,박세웅 원장 &quot;中 체급 경쟁 불가···독보적 '필살기 기술'로 승부&quot;,AI 분야에서는 과학 연구를 돕는 멀티모달 파운데이션 모델과 AI 코사이언티스트(Co-Scientist)를 개발한다. AI와 6G 네트워크를 결합하는 기술도 주요 연구 대상이다. 피지컬 AI에서는 로봇 파운데이션 모델(RFM)을 기반으로... ,http://www.hellodd.com/news/articleView.html?idxno=113347,http://www.hellodd.com/news/articleView.html?idxno=113347,"Wed, 30 Sep 2026 18:48:00 +0900",2026-10-05 10:45:24
금융,금융 주가,"[이슈] 국민연금, SK하닉 1.6조 사고 삼전 8000억 팔았다...왜?",SK하이닉스 주가가 강세를 보인 가운데 정유주와 금융주 등으로도 매수세가 이어졌다. ■ 증시 급락에 추가 매도 부담 줄어...수익률 떨어졌지만 성과 유지 시장에서는 이번 매매를 국민연금의 대규모 국내주식... ,https://www.startuptoday.co.kr/news/articleView.html?idxno=814998,https://www.startuptoday.co.kr/news/articleView.html?idxno=814998,"Mon, 05 Oct 2026 10:44:00 +0900",2026-10-05 10:45:25
금융,금융 주가,"법원, 시총 기준 상폐요건 강화에 제동…&quot;시총 회복 거래일 조건 과도&quot;","시가총액 기준 미달과, 주가 1000원 미만 동전주라는 등 이유로 퇴출 위기에 몰려 있는 여타 기업들에 대한 상장폐지 절차 역시 지연될 가능성이 크다. 한국거래소 측은 상황을 면밀히 검토하고 금융당국과 협의해... ",http://www.whitepaper.co.kr/news/articleView.html?idxno=267488,http://www.whitepaper.co.kr/news/articleView.html?idxno=267488,"Mon, 05 Oct 2026 10:30:00 +0900",2026-10-05 10:45:25
금융,금융 주가,증시 호황에 ELS 조기상환 급증…파생결합증권 잔액 소폭 감소,"2일 금융권 및 금융감독원에 따르면, 올해 6월 말 기준 파생결합증권 잔액은 17조6000억원으로 지난해... 상품별로는 주가연계증권(ELS) 발행이 증가세를 이끌었다. 상반기 ELS 발행액은 12조1000억원으로 전년... ",https://www.thepublic.kr/news/articleView.html?idxno=321067,https://www.thepublic.kr/news/articleView.html?idxno=321067,"Mon, 05 Oct 2026 10:28:00 +0900",2026-10-05 10:45:25
금융,금융 주가,"뉴욕증시, 9월 FOMC 의사록ㆍ국채 금리 주목 [뉴욕인사이트]","(Fed·연준) 금융감독 담당 부의장 연설 △7일 로리 로건 댈러스 연은 총재 연설, 존 윌리엄스 뉴욕 연은 총재 연설, 9월 연방공개시장위원회(FOMC) 의사록 △8일 주간 신규 실업수당 청구건수, 8월 도매재고, 알베르토... ",https://www.etoday.co.kr/news/view/2632422,https://www.etoday.co.kr/news/view/2632422,"Mon, 05 Oct 2026 10:10:00 +0900",2026-10-05 10:45:25
금융,금융 주가,"美 은행들, 통화감독청에 소송...코인베이스(COIN)·서클(CRCL) 날벼락",10월 3일(현지시간) 가상자산 및 금융 전문 매체 코인게이프에 따르면 미국독립지역은행협회(ICBA)는... 이번 소송의 여파로 가상자산 커스터디와 스테이블코인 사업을 전개하는 대표 상장사들의 주가가 출렁이고... ,http://coinreaders.com/261545,http://coinreaders.com/261545,"Mon, 05 Oct 2026 10:02:00 +0900",2026-10-05 10:45:25
금융,금융 주가,국민연금의 엇갈린 선택…삼전 8000억 팔고 하닉 1.6조 샀다,"금융투자업계 관계자는 &quot;주가 약세를 나타낸 SK하이닉스에 대한 매수가 이뤄졌고 유가와 금리가 변동되는 시장 매크로 상황에 따라 정유주, 금융주, 화장품 주 등의 비중 조정이 나타난 것으로 보인다&quot;고... ",https://economist.co.kr/article/view/ecn202610050004,https://n.news.naver.com/mnews/article/243/0000103868?sid=101,"Mon, 05 Oct 2026 09:53:00 +0900",2026-10-05 10:45:25
금융,금융 주가,시총 문턱에서 잰걸음…저시총주 유증 ‘러시’,"유증 신주 상장으로 기준을 넘어선 기업이 있는 반면, 신주가 상장되기도 전에 관리종목 지정 갈림길에 놓이는 사례도 나오는 모습이다. 5일 금융감독원 전자공시시스템(DART)에 따르면, 지난 7월 1일부터 이달 2일까지... ",https://www.edaily.co.kr/News/Read?newsId=01731846645609968&mediaCodeNo=257&utm_source=naver&utm_medium=referral&utm_campaign=news_syndication&utm_content=original_article,https://n.news.naver.com/mnews/article/018/0006381063?sid=101,"Mon, 05 Oct 2026 09:52:00 +0900",2026-10-05 10:45:25
금융,금융 주가,'시총 미달' 상폐 앞둔 기업들 일단 숨통…법원 &quot;비례 원칙 어긋나&quot;,"시가총액 기준 미달과, 주가 1,000원 미만 동전주라는 등 이유로 퇴출 위기에 몰려 있는 여타 기업들에 대한 상장폐지 절차 역시 지연될 가능성이 큽니다. 한국거래소 측은 상황을 면밀히 검토하고 금융당국과 협의해... ",http://mbn.mk.co.kr/pages/news/newsView.php?category=mbn00009&news_seq_no=5223054,https://n.news.naver.com/mnews/article/057/0001972001?sid=102,"Mon, 05 Oct 2026 09:47:00 +0900",2026-10-05 10:45:25
금융,금융 주가,"퇴출 규정 강화 여파… “코스닥 기업, 주식병합·감자 등 자본조정 급...","앞서 금융 당국은 주가가 30거래일 연속 1000원 미만이거나 시가총액 요건을 밑돌 경우 관리종목으로 지정하고, 이후 90거래일 가운데 연속 45거래일 넘게 기준을 회복하지 못하면 상장 폐지하도록 상장 규정을... ",https://biz.chosun.com/stock/stock_general/2026/10/05/BH36MWFA6NCZFENWT26RZHZDHE/?utm_source=naver&utm_medium=original&utm_campaign=biz,https://n.news.naver.com/mnews/article/366/0001196110?sid=101,"Mon, 05 Oct 2026 09:40:00 +0900",2026-10-05 10:45:25
금융,은행 산업,"자본재공제조합-신한은행, 자본재 산업 상생발전 위한 플랫폼 기반 금융...",자본재공제조합은 지난 2일 서울시 중구 신한은행 본점에서 신한은행과 '자본재 산업 상생발전을 위한 플랫폼 기반 금융지원 업무협약'을 체결했다. 이날 협약식에는 자본재공제조합 김상모 전무이사와 신한은행 이봉재... ,https://www.mtnews.net/news/articleView.html?idxno=26142,https://www.mtnews.net/news/articleView.html?idxno=26142,"Mon, 05 Oct 2026 10:40:00 +0900",2026-10-05 10:45:26
금융,은행 산업,文정부 뉴딜펀드 청산 절반이 '손실'... 205억 중 139억 재정 부담,"국회 정무위원회 소속 박준태 국민의힘 의원실이 2일 한국산업은행에서 받은 자료를 보면, 만기 청산된 뉴딜 국민참여형펀드 자펀드는 모두 17개로 평균 내부수익률(IRR)은 0.68%였다. 이 중 8개 펀드의 수익률이... ",https://www.pennmike.com/news/articleView.html?idxno=128956,https://www.pennmike.com/news/articleView.html?idxno=128956,"Mon, 05 Oct 2026 10:16:00 +0900",2026-10-05 10:45:26
금융,은행 산업,"'포용금융' 946억 원의 가격표, 금융권 포용의 민낯","한국산업은행의 장애인 고용률은 2.43%에 그쳤고, 서민금융진흥원과 IBK기업은행도 기준을 밑돌았다. 금융시장의 파수꾼인 금융감독원도 다르지 않다. 최근 3년 평균 장애인 고용률이 1.70%다. 민간 은행 평균과 크게... ",http://www.newsfc.co.kr/news/articleView.html?idxno=81543,http://www.newsfc.co.kr/news/articleView.html?idxno=81543,"Mon, 05 Oct 2026 10:12:00 +0900",2026-10-05 10:45:26
금융,은행 산업,"[김성재 칼럼] 코넬대 집단 성폭행 사건, 대학의 미래에 어떤 메시지를...",하지만 최근에는 졸업생이 선호하는 은행과 금융기관 및 빅테크 기업이 변화하는 환경에 적응하려면 보다... 케케묵은 인맥 장사를 통해서는 성장하는 해외시장과 산업군을 제대로 공략하기 어렵기 때문이다. 이들은... ,https://www.womaneconomy.co.kr/news/articleView.html?idxno=259322,https://www.womaneconomy.co.kr/news/articleView.html?idxno=259322,"Mon, 05 Oct 2026 10:06:00 +0900",2026-10-05 10:45:26
금융,은행 산업,신입 18.5% 줄어든 은행권…'국민은행'은 RM·PB에 힘준다,금융산업의 지속 가능한 성장을 뒷받침하겠다&quot;고 말했다. 다만 현재 공개된 채용 자료만으로 국민은행의 RM·PB 인력이 실제 얼마나 늘어나고 있는지는 확인하기 어렵다. 전체 직원 가운데 두 직무가 차지하는... ,https://www.ezyeconomy.com/news/articleView.html?idxno=240463,https://www.ezyeconomy.com/news/articleView.html?idxno=240463,"Mon, 05 Oct 2026 10:00:00 +0900",2026-10-05 10:45:26
금융,은행 산업,"우리은행, 런던 현지서 첫 파생상품 북 운용…국내 시중은행 '선도 사례...","이번 첫 거래를 계기로 파생상품 서비스 라인업을 확대하고, 거래 대상도 다양한 산업과 지역으로 다변화해 글로벌 기업 고객을 적극 공략할 계획이다. 이성민 우리은행 런던트레이딩센터장은 &quot;런던트레이딩센터는... ",http://www.newsroad.co.kr/news/articleView.html?idxno=65250,http://www.newsroad.co.kr/news/articleView.html?idxno=65250,"Mon, 05 Oct 2026 10:00:00 +0900",2026-10-05 10:45:26
금융,은행 산업,금융권 해킹 '일파만파'…보험·카드업계도 취약점 긴급 점검,"현재까지 보험·카드업계에서 이번 연쇄 해킹에 따른 피해는 확인되지 않았지만, 은행권에서 시작된 공격이... 다양한 산업분야와 위협정보의 공유와 공조를 확대하고 범정부적으로 대응할 것&quot;이라고 말했다.",https://www.newsis.com/view/NISX20261005_0003814215,https://n.news.naver.com/mnews/article/003/0014233397?sid=101,"Mon, 05 Oct 2026 09:29:00 +0900",2026-10-05 10:45:26
금융,은행 산업,&quot;7분 만에 뚫리면 7초 만에 막아야&quot;…AI 해커 맞설 AI 보안체계 시급[긴...,이를 오픈소스 형태로 공개해 국가 핵심시설과 산업 현장에서 활용하도록 할 계획이다. &quot;회사 앱·웹... 곽진 아주대 사이버보안학과 교수는 &quot;은행을 비롯한 주요 기관의 외부 시스템 접점이 급격히 늘고 있다&quot;며 &quot;AI 기반... ,https://www.newsis.com/view/NISX20261004_0003814055,https://n.news.naver.com/mnews/article/003/0014233386?sid=105,"Mon, 05 Oct 2026 09:17:00 +0900",2026-10-05 10:45:26
금융,은행 산업,[코인이담] 발행보다 활용…KBW2026서 살펴본 온체인 금융의 미래,"디지털자산 산업의 경쟁축이 새로운 코인과 토큰을 만드는 '발행'에서 현실 금융에 연결하는 '활용'으로... 원화 스테이블코인을 필요한 시점에 사고팔 수 있어야 하고, 은행과 거래 상대방, 시장조성자가 충분한 유동성을... ",https://www.bloter.net/news/articleView.html?idxno=674995,https://n.news.naver.com/mnews/article/293/0000091216?sid=101,"Mon, 05 Oct 2026 09:14:00 +0900",2026-10-05 10:45:26
금융,핀테크 시장,'아직도 플라스틱카드?'…실물카드 미제시 결제 '쑥',카드사들이 자체 간편지급 경쟁력을 높이는 한편 외부 핀테크 플랫폼에서도 자사 카드를 결제수단으로 확보하려는 움직임이 이어지고 있다는 분석이다. 카드사 입장에서는 간편지급 시장이 커질수록 외부 플랫폼과의... ,https://news.bizwatch.co.kr/article/finance/2026/10/01/0031,https://n.news.naver.com/mnews/article/648/0000051313?sid=101,"Mon, 05 Oct 2026 09:00:00 +0900",2026-10-05 10:45:26
금융,핀테크 시장,"[단독]GS·CJ, 印 카르나타카주 IT 장관 만나 투자 논의","이번 회담은 한국 기업 및 투자자들이 카르나타카주를 거점으로 인도 시장에 진출해 사업을 확장할 수... 딥테크, AI, 반도체, 핀테크, 애그리테크, 생명과학, 항공우주 및 로봇 공학 등 다양한 분야에 걸친 기업과... ",https://thetracker.co.kr/View.aspx?No=4251883,https://thetracker.co.kr/View.aspx?No=4251883,"Mon, 05 Oct 2026 07:47:00 +0900",2026-10-05 10:45:26
금융,핀테크 시장,상권 분석하고 가게 알리고…소상공인 장사 돕는 금융권,"NH농협은행은 올라핀테크와 정산대금 지급·자금관리 체계를 마련하고 있다. 선정산 서비스 '올라' 이용자를... 하나금융은 소상공인시장진흥공단과 '하나 On, 청년 On' 프로젝트로 전국 15개 팀, 100여명의 청년 소상공인을... ",https://www.shinailbo.co.kr/news/articleView.html?idxno=5068366,https://www.shinailbo.co.kr/news/articleView.html?idxno=5068366,"Mon, 05 Oct 2026 07:00:00 +0900",2026-10-05 10:45:26
금융,핀테크 시장,"[크립토리뷰] 넥써쓰, AI 기반 스테이블코인 디지털 금융 플랫폼 '파셋'...",주요 시장에서 공동 시범사업을 추진할 예정이다. 이를 통해 스테이블코인 정산의 효율성을 높이고... 크로스허브는 설립된 지 2년밖에 안 된 기업으로 서울핀테크랩에 입주해 서울시의 집중 지원을 받는 기업 중... ,https://www.theguru.co.kr/news/article.html?no=107851,https://www.theguru.co.kr/news/article.html?no=107851,"Mon, 05 Oct 2026 00:02:00 +0900",2026-10-05 10:45:26
금융,핀테크 시장,가상자산 업계도 금융권 해킹 확산에 '촉각'…보안태세 재정비,"가상자산, 핀테크 등 전 금융권 CEO 및 업권별 협회장들이 참석한 긴급 상황대응 회의를 진행했다. 이... 가상자산 업계 관계자는 &quot;가상자산 시장은 실시간 자금이 이동하는 특성상 전통 금융권보다 더욱 엄격한 보안... ",https://www.newsis.com/view/NISX20261004_0003813974,https://n.news.naver.com/mnews/article/003/0014232955?sid=101,"Sun, 04 Oct 2026 15:39:00 +0900",2026-10-05 10:45:26
금융,핀테크 시장,&quot;에이전트 결제 실행·보안·대출 지원…XRPL로 싸고 빠르게&quot;[인터뷰],"△한국은 정교한 결제 인프라와 높은 신기술 수용성, 활발한 XRP 커뮤니티를 동시에 갖춘 시장이다. AI서밋 서울 이후 국내 결제, 핀테크, 커머스와 기술 기업들과 에이전트 신원, 위임 권한, 사전 거래 위험 통제를 어떤... ",https://www.edaily.co.kr/News/Read?newsId=01587526645609640&mediaCodeNo=257&utm_source=naver&utm_medium=referral&utm_campaign=news_syndication&utm_content=original_article,https://n.news.naver.com/mnews/article/018/0006380751?sid=101,"Sun, 04 Oct 2026 14:13:00 +0900",2026-10-05 10:45:26
금융,핀테크 시장,트리아 &quot;셀프커스터디·멀티체인으로 韓 기관시장 진입&quot;[인터뷰],“한국은 매우 활발한 디지털자산 시장입니다. 특히 시장의 본격적인 활성화는 기관에서 시작될 것으로... 않으면 핀테크 기업과의 경쟁에서 어려움을 겪을 수밖에 없다”고 말했다. 이어 “한국 기관들이 멀티체인... ,https://www.edaily.co.kr/News/Read?newsId=01272646645609640&mediaCodeNo=257&utm_source=naver&utm_medium=referral&utm_campaign=news_syndication&utm_content=original_article,https://n.news.naver.com/mnews/article/018/0006380655?sid=101,"Sun, 04 Oct 2026 12:26:00 +0900",2026-10-05 10:45:26
금융,핀테크 시장,"카드사, 스테이블코인 시장 선점 ‘잰걸음’…결제·송금 실증 속도",지급결제 시장 선점 경쟁에 속도를 내는 모습이다. 4일 카드업계에 따르면 KB국민카드는 최근... 이번 PoC는 일부 IT·핀테크 기업 중심으로 실험적으로 사용해 온 스테이블코인을 현대자동차의 해외법인 간 청구에서 실제... ,https://www.mediapen.com/news/view/1127825,https://www.mediapen.com/news/view/1127825,"Sun, 04 Oct 2026 11:06:00 +0900",2026-10-05 10:45:26
금융,핀테크 시장,보험시장에 도전장 낸 플랫폼 기업···설계사 조직부터 AI까지 차별화,보험 판매 시장에 진출한 플랫폼 기업들이 각자의 강점을 내세워 고객을 공략하고 있다. 토스는 대규모... 핀테크업계 관계자는 &quot;플랫폼 기업들은 기존 고객 기반과 데이터베이스(DB)를 보험 판매로 연결할 수 있다는 점을... ,https://www.seoulfn.com/news/articleView.html?idxno=639174,https://www.seoulfn.com/news/articleView.html?idxno=639174,"Sun, 04 Oct 2026 11:00:00 +0900",2026-10-05 10:45:26
금융,핀테크 시장,“빚 잘 갚을 사람인지 다 알수 있어요”…‘신파일러’ 대출 판 키우는...,소득·대출이력 확인 안 돼도 비금융 데이터 심사 활용해 소상공인·중저신용자 공략 인터넷전문은행(인뱅)과 핀테크 업체들이 비금융 데이터를 활용한 대안신용평가를 앞세워 중저신용자와 소상공인 대출 시장... ,https://www.mk.co.kr/article/12167921,https://n.news.naver.com/mnews/article/009/0005743664?sid=101,"Sun, 04 Oct 2026 10:01:00 +0900",2026-10-05 10:45:26
금융,핀테크 시장,공정위 상임위원에 깜짝 외부 수혈…전문성 기대 속 내부는 ‘씁쓸’[세...,"생산적·포용금융과 금융기본권은 물론 빅테크·핀테크, 가상자산 투자자 보호 등 금융산업의 새로운 쟁점도... 이런 이력을 고려하면 경제적 약자 보호와 공정한 시장질서를 강조하는 ‘주병기호’ 공정위의 정책... ",https://biz.heraldcorp.com/article/10892784?ref=naver,https://n.news.naver.com/mnews/article/016/0002705279?sid=101,"Sun, 04 Oct 2026 09:31:00 +0900",2026-10-05 10:45:26
금융,핀테크 시장,"전 금융권 덮친 '해킹 공포'…당국 투톱, 내일 전 업권 CEO 긴급 소집","확인되면서 시장 불안이 커지자, 점검 일정을 사흘 앞당겨 긴급 소집을 결정한 것으로 전해졌다. 당국은 이미 정보 유출이 확인된 은행·여전·저축은행 외에 보험·상호금융, 가상자산·핀테크 업권까지 회의 대상에... ",http://www.newsroad.co.kr/news/articleView.html?idxno=65272,http://www.newsroad.co.kr/news/articleView.html?idxno=65272,"Sun, 04 Oct 2026 09:06:00 +0900",2026-10-05 10:45:26
금융,핀테크 시장,"리플 스웰 2026, BNY·ICE·로빈후드 임원 연사 출격…토큰화·스테이블...","ICE 임원 등 은행·자산운용사·핀테크·암호화폐 인프라 기업 대표가 연사로 나선다. XRP ETF는 토큰화 담보, 은행급 암호화폐 인프라, 기관 시장 인프라와 같은 자리에서 논의된다. 독립된 암호화폐 상품으로만... ",https://www.wikitree.co.kr/articles/1163805,https://www.wikitree.co.kr/articles/1163805,"Sun, 04 Oct 2026 04:10:00 +0900",2026-10-05 10:45:26
금융,핀테크 시장,"XRP 아시아, 10월 3일 서울서 출범…개발자 지원 넘어 은행 결제망 편입...","재단에서 핀테크·결제 부문 부사장을 지냈다고 전했다. 코인게이프는 규제 금융 분야 경험이 한국과... 개발자에게는 교육과 마이크로 그랜트(소액 지원금), 초기 단계 투자, 시장 진출 지원을 제공할 계획이다.지원... ",https://www.wikitree.co.kr/articles/1163802,https://www.wikitree.co.kr/articles/1163802,"Sun, 04 Oct 2026 02:10:00 +0900",2026-10-05 10:45:26
금융,핀테크 시장,"Walapay, 시드 460만 달러 유치…연환산 결제액 25억 달러 처리 중",다만 스테이블코인 수익을 고객과 나누는 기능은 미국 스테이블코인법과 맞닿아 있어 시장의 시선이... 핀테크가 동력이 되고 웹3에서 결제가 이뤄지는 ‘머신 이코노미’에 투자한다고 스스로를 소개한다.... ,https://www.wikitree.co.kr/articles/1163797,https://www.wikitree.co.kr/articles/1163797,"Sun, 04 Oct 2026 01:08:00 +0900",2026-10-05 10:45:26
금융,핀테크 시장,[Tech Insight]우리가 알던 핀테크는 죽었다,같은 날 핀테크 스타트업 램프도 '라우터닷컴'을 내놨다. 테일러는 &quot;확률적으로 움직이는 AI 작업 단위에 확정된 가치 단위로 값을 매기는 곳이 라우터다. 이건 금융 시장&quot;이라고 말했다. 그렇다고 기존 강자가... ,https://www.digitaltoday.co.kr/news/articleView.html?idxno=704944,https://www.digitaltoday.co.kr/news/articleView.html?idxno=704944,"Sat, 03 Oct 2026 17:42:00 +0900",2026-10-05 10:45:26
금융,핀테크 시장,소액 투자자의 반란…리플(XRP) 자산 분포도 보니 계층 고착화 심화,"글로벌 가상자산 시장에서 대표적인 대형 알트코인으로 꼽히는 리플(XRP)을 단 2,920개만 보유해도 전체 지갑... 3일 가상자산 전문 매체 코인피디아 핀테크 뉴스는 최근 공개된 온체인 데이터 및 XRP 리치 리스트 분석을... ",https://www.pinpointnews.co.kr/news/articleView.html?idxno=492483,https://www.pinpointnews.co.kr/news/articleView.html?idxno=492483,"Sat, 03 Oct 2026 16:18:00 +0900",2026-10-05 10:45:26
리츠/부동산,리츠 주가,[분배형 ETF 돋보기] 배당-이자 극복한 옵션 커버드콜…SOL팔란티어 28% ...,"배당형은 기업이 지급한 배당금, 채권형은 채권 이자, 리츠형은 부동산 임대료처럼 기초자산이... 옵션 행사가를 현재 주가보다 높게 설정하는 OTM(외가격) 방식을 쓰면 프리미엄은 줄어들지만 그만큼 주가... ",https://dealsite.co.kr/articles/169994,https://dealsite.co.kr/articles/169994,"Mon, 05 Oct 2026 07:42:00 +0900",2026-10-05 10:45:27
리츠/부동산,리츠 주가,&quot;계좌만 만들어도 5만원&quot;…증권사들 현금·주식·상품권 쏜다,"연금 투자 상품으로는 개인투자용 국채와 퇴직연금 전용 주가연계증권(ELS)을 비롯해 약 1000종의 상장지수펀드(ETF), 펀드, 채권, 리츠, 정기예금 등을 제공하고 있다. 한화투자증권은 디지털자산 투자자와의 접점을... ",https://www.dailian.co.kr/news/view/1697517/?sc=Naver,https://n.news.naver.com/mnews/article/119/0003139308?sid=101,"Sun, 04 Oct 2026 06:00:00 +0900",2026-10-05 10:45:27
리츠/부동산,리츠 주가,"신한글로벌액티브리츠, 국내 투자로 눈 돌린 이유","이는 해외 투자펀드의 분기 운용성과로, 상장 리츠의 주가 수익률이나 주주 배당률과는 구분된다. 국내 우선주 투자는 미국 부동산펀드 중심의 포트폴리오에 새로운 배당 재원을 더하는 계획이다. 추가 유상증자와... ",https://www.koreareport.co.kr/news/articleView.html?idxno=53405,https://www.koreareport.co.kr/news/articleView.html?idxno=53405,"Fri, 02 Oct 2026 19:54:00 +0900",2026-10-05 10:45:27
리츠/부동산,리츠 주가,"NH투자증권, 퇴직연금 DC 신규가입 이벤트…네이버페이 금액권 증정","퇴직연금 전용 상품으로 개인투자용 국채와 주가연계증권(ELS)를 추가하는 등 운용 선택지도 확대했다. 상장지수펀드(ETF) 약 1000종을 비롯해 펀드·채권·리츠·정기예금 등을 제공하며, 연금자산관리센터와 연금전문... ",https://www.nongmin.com/article/20261002500504,https://n.news.naver.com/mnews/article/662/0000105498?sid=101,"Fri, 02 Oct 2026 18:57:00 +0900",2026-10-05 10:45:27
리츠/부동산,리츠 주가,[증권 NOW] 한국투자증권·NH투자증권·KB증권·키움증권·신한투자증권...,"NH투자증권은 퇴직연금 개인투자용 국채와 퇴직연금 전용 주가연계증권(ELS)를 더해 연금자산 운용... 이 밖에 상장지수펀드(ETF) 약 1000종과 펀드, 채권, 리츠, 정기예금 등 폭넓은 상품을 갖춰 투자 성향과 시장 상황에... ",http://www.wikileaks-kr.org/news/articleView.html?idxno=192762,http://www.wikileaks-kr.org/news/articleView.html?idxno=192762,"Fri, 02 Oct 2026 17:40:00 +0900",2026-10-05 10:45:27
리츠/부동산,리츠 주가,코스닥 중심 IPO 회복세…회사채 발행은 40% 줄어 [시그널],2025년 3분기에는 대신밸류리츠·대한조선 등 대어급 새내기주가 유가증권시장에 입성한 반면 올해 3분기 코스피 상장 주자는 전무했던 영향으로 풀이된다. 올해 코스닥 상장은 3분기에 가장 활발했다. 7~9월 신규상장... ,https://www.sedaily.com/article/20097637?ref=naver,https://n.news.naver.com/mnews/article/011/0004667800?sid=101,"Fri, 02 Oct 2026 17:17:00 +0900",2026-10-05 10:45:27
리츠/부동산,리츠 주가,"&quot;입금액 따라 네이버페이·커피 혜택&quot; NH증권, 내년 1월31일까지 '퇴직연...","퇴직연금 개인투자용 국채와 퇴직연금 전용 주가연계증권(ELS)을 비롯해 ETF 약 1000종, 펀드·채권·리츠·정기예금 등을 제공한다. 개인투자용 국채는 국가가 원리금 상환을 보장하며, 만기까지 보유하면 표면금리에... ",https://www.catchnews.kr/news/articleView.html?idxno=129103,https://www.catchnews.kr/news/articleView.html?idxno=129103,"Fri, 02 Oct 2026 16:55:00 +0900",2026-10-05 10:45:27
리츠/부동산,리츠 주가,"[증권UP+] 금투업계, 연금 고객 유치·사회공헌 강화···AI 정보 서비스...","개인투자용 국채와 퇴직연금 전용 주가연계증권(ELS)을 비롯해 약 1000종의 ETF, 펀드, 채권, 리츠, 정기예금 등을 제공하고 있으며 연금자산관리센터와 연금전문 PB를 통한 상담도 지원한다. 과거 수익률이 미래 수익을... ",https://www.smartbizn.com/news/articleView.html?idxno=155496,https://www.smartbizn.com/news/articleView.html?idxno=155496,"Fri, 02 Oct 2026 15:48:00 +0900",2026-10-05 10:45:27
리츠/부동산,리츠 주가,"NH투자증권, 퇴직연금 DC 신규가입 이벤트 실시","퇴직연금 개인투자용 국채와 퇴직연금 전용 주가연계증권(ELS)을 비롯해 상장지수펀드(ETF) 약 1000종과 펀드, 채권, 리츠, 정기예금 등을 제공하고 있다. 가입 이후에는 연금자산관리센터와 연금전문 프라이빗뱅커(PB)를... ",http://www.finomy.com/news/articleView.html?idxno=262837,http://www.finomy.com/news/articleView.html?idxno=262837,"Fri, 02 Oct 2026 15:32:00 +0900",2026-10-05 10:45:27
리츠/부동산,리츠 주가,"NH투자증권, DC 신규가입 이벤트…장기 수익률 1위 앞세워 연금 고객 확...","퇴직연금 계좌에서는 개인투자용 국채와 전용 주가연계증권(ELS)을 비롯해 ETF와 펀드, 채권, 리츠, 정기예금 등도 운용할 수 있다. 정환 NH투자증권 연금자산관리본부장은 &quot;퇴직연금은 가입 후 오랜 기간 꾸준히... ",https://www.m-i.kr/news/articleView.html?idxno=2002397,https://www.m-i.kr/news/articleView.html?idxno=2002397,"Fri, 02 Oct 2026 15:30:00 +0900",2026-10-05 10:45:27
리츠/부동산,리츠 주가,"NH투자증권, DC 수익률 1위 앞세워 신규가입 이벤트…네이버페이 금액권...","퇴직연금 개인투자용 국채와 퇴직연금 전용 주가연계증권(ELS)을 추가했으며 ETF 약 1000종을 비롯해 펀드, 채권, 리츠, 정기예금 등 다양한 상품을 제공하고 있다. 개인투자용 국채는 국가가 원리금 상환을 보장하고... ",https://www.polinews.co.kr/news/articleView.html?idxno=744714,https://www.polinews.co.kr/news/articleView.html?idxno=744714,"Fri, 02 Oct 2026 15:18:00 +0900",2026-10-05 10:45:27
리츠/부동산,리츠 주가,NH투자증권서 DC 시작하면?…입금액 따라 네이버페이·커피 혜택,운용 상품으로는 퇴직연금 개인투자용 국채와 퇴직연금 전용 주가연계증권(ELS)을 더했다. 개인투자용... 이 밖에도 상장지수펀드(ETF) 약 1000종과 펀드·채권·부동산투자회사(리츠)·정기예금 등을 제공해 투자 성향과... ,http://www.popcornnews.net/news/articleView.html?idxno=134844,http://www.popcornnews.net/news/articleView.html?idxno=134844,"Fri, 02 Oct 2026 14:48:00 +0900",2026-10-05 10:45:27
리츠/부동산,리츠 주가,[더밸류 브리핑] 오늘의 NH금융 소식...NH투자증권·NH선물,"퇴직연금 계좌에서 투자할 수 있는 개인투자용 국채와 퇴직연금 전용 ELS(주가연계증권)을 제공하고 있으며 ETF(상장지수펀드) 약 1000종과 펀드, 채권, 리츠, 정기예금 등을 갖추고 있다. 개인투자용 국채는 국가가... ",http://www.thevaluenews.co.kr/news/view.php?idx=202063,http://www.thevaluenews.co.kr/news/view.php?idx=202063,"Fri, 02 Oct 2026 14:44:00 +0900",2026-10-05 10:45:27
리츠/부동산,리츠 주가,"쿠팡 테마, 실적 선별 장세 진입… 전문가들 &quot;실질적 공급망 유무 따져...","이커머스 업체 쿠팡 관련주가 2일 상승세를 나타내고 있다. 로켓배송을 중심으로 한 물류 확대와... 동방, 갤럭시아머니트리, ESR켄달스퀘어리츠, 태경케미컬 등도 상승중이다. 일부 종목은 약세다. 서울식품... ",https://www.pinpointnews.co.kr/news/articleView.html?idxno=492236,https://www.pinpointnews.co.kr/news/articleView.html?idxno=492236,"Fri, 02 Oct 2026 13:14:00 +0900",2026-10-05 10:45:27
리츠/부동산,리츠 주가,"NH투자증권, 퇴직연금 DC 신규가입 이벤트…순입금 따라 혜택","개인투자용 국채와 퇴직연금 전용 주가연계증권(ELS)을 비롯해 상장지수펀드(ETF) 약 1,000종과 펀드, 채권, 리츠, 정기예금 등을 제공하고 있다. 개인투자용 국채는 국가가 원리금 상환을 보장하며 만기 보유 시... ",http://www.srtimes.kr/news/articleView.html?idxno=213868,http://www.srtimes.kr/news/articleView.html?idxno=213868,"Fri, 02 Oct 2026 13:08:00 +0900",2026-10-05 10:45:27
리츠/부동산,리츠 주가,"NH투자증권, DC 신규가입 이벤트…1000만원 입금 시 3만원 혜택","퇴직연금 개인투자용 국채와 퇴직연금 전용 주가연계증권(ELS)을 추가했으며 상장지수펀드(ETF) 약 1000종을 비롯해 펀드와 채권, 리츠, 정기예금 등을 제공한다. 개인투자용 국채는 국가가 원리금 상환을 보장하며... ",https://www.megaeconomy.co.kr/news/newsview.php?ncode=1065582290584094,https://www.megaeconomy.co.kr/news/newsview.php?ncode=1065582290584094,"Fri, 02 Oct 2026 12:10:00 +0900",2026-10-05 10:45:27
리츠/부동산,리츠 주가,"NH투자증권, '2분기 DC 수익률 1위' 앞세워 신규가입 이벤트…네이버페...","NH투자증권은 퇴직연금에서 운용할 수 있는 개인투자용 국채와 퇴직연금 전용 주가연계증권(ELS)을... 이밖에 상장지수펀드(ETF) 약 1000종과 펀드, 채권, 리츠, 정기예금 등 다양한 상품을 갖춰 투자 성향과 시장 상황에... ",https://www.delighti.co.kr/news/articleView.html?idxno=122767,https://www.delighti.co.kr/news/articleView.html?idxno=122767,"Fri, 02 Oct 2026 11:52:00 +0900",2026-10-05 10:45:27
리츠/부동산,리츠 주가,"[경제소식] KB국민카드, 취약노인 380명 식생활용품·반려식물 지원","NH투자증권은 퇴직연금 계좌에서 투자할 수 있는 개인투자용 국채와 퇴직연금 전용 주가연계증권(ELS) 등을... 이 밖에도 약 1000종의 상장지수펀드(ETF)를 비롯해 펀드와 채권, 리츠, 정기예금 등 다양한 상품을 제공하고... ",http://www.4th.kr/news/articleView.html?idxno=2119078,http://www.4th.kr/news/articleView.html?idxno=2119078,"Fri, 02 Oct 2026 11:04:00 +0900",2026-10-05 10:45:27
리츠/부동산,부동산 시장,"서현진, 26억 전세 청담 빌라 다시 경매 '임대인 파산 위기'",수십억 원대 자산을 보유한 유명 연예인조차 임대차 관계에서 거액의 보증금 반환 문제를 겪는다는 점에서 부동산 시장에서도 적지 않은 관심을 받고 있다. 서울 강남구 청담동에 위치한 고급빌라 '헤스티아' 4층은 오는... ,https://www.mediafine.co.kr/news/articleView.html?idxno=91688,https://www.mediafine.co.kr/news/articleView.html?idxno=91688,"Mon, 05 Oct 2026 09:42:00 +0900",2026-10-05 10:45:28
리츠/부동산,부동산 시장,[알립니다] ‘2026 대한민국 주거·도시정비 박람회’ 열린다,"박람회와 함께 열리는 전문 컨퍼런스에서는 오세훈 서울특별시장 특별강연과 2027년 부동산 시장 전망, 도시정비 정책, 정비사업 실무 등 주요 현안을 다룹니다. 부동산 전문가의 시장 전망 강연과 법무ㆍ신탁ㆍ설계... ",https://www.dnews.co.kr/uhtml/view.jsp?idxno=202610050929101700426,https://www.dnews.co.kr/uhtml/view.jsp?idxno=202610050929101700426,"Mon, 05 Oct 2026 09:40:00 +0900",2026-10-05 10:45:28
리츠/부동산,부동산 시장,'서울 아파트값 86주 연속 상승' 신기록에 국민의힘이 보인 반응,도심 재건축·재개발 규제를 과감히 풀어 시장이 원하는 '진짜 공급' 물량을 조속히 확대해야 한다&quot;고 촉구했다.그는 &quot;국민의 내 집 마련 꿈을 짓밟는 반시장적 부동산 정책을 당장 수정하지 않는다면 국민적 저항과... ,https://www.wikitree.co.kr/articles/1163969,https://www.wikitree.co.kr/articles/1163969,"Mon, 05 Oct 2026 09:06:00 +0900",2026-10-05 10:45:28
리츠/부동산,부동산 시장,‘집 내놓는데 살 사람은 없다’ 강남3구 매물 1년 새 1만건 늘었다[부...,업계에서는 강남3구가 서울 부동산 시장에서 차지하는 시가총액이 크기 때문에 이들 지역의 하락세의 확대는 향후 전반적인 서울 가격 상승률을 낮출 수 있다고 보고 있다. 실제 송파구는 9월 첫째 주 0.02% 가격이... ,https://biz.heraldcorp.com/article/10892411?ref=naver,https://n.news.naver.com/mnews/article/016/0002705434?sid=101,"Mon, 05 Oct 2026 09:00:00 +0900",2026-10-05 10:45:28
리츠/부동산,부동산 시장,LH 사장 &quot;주담대 규제 강화해야&quot; … 전세 수요 자극 우려도,대출 규제가 강화되면 부동산 시장의 매수세를 단기적으로 억제하는 효과를 기대할 수 있다. 주택 구매의 대출 문턱이 높아지면 가용 자금이 줄어들기 때문이다. 최근 서울 아파트 가격은 가파른 상승세를 이어왔다.... ,http://www.queen.co.kr/news/articleView.html?idxno=464269,http://www.queen.co.kr/news/articleView.html?idxno=464269,"Mon, 05 Oct 2026 08:30:00 +0900",2026-10-05 10:45:28
리츠/부동산,부동산 시장,[2026 국정감사 D-1] 부동산·레버리지ETF·인사·DMZ 지뢰까지…여야 전...,"여야는 부동산과 금융시장, 농지 관리, 안보, 인사 문제는 물론 검찰개혁과 사법부 현안까지 놓고 맞붙는다. 일부 상임위에서는 국감이 시작되기도 전에 증인 채택을 둘러싼 대립이 격화하면서 첫날부터 충돌이 불가피한... ",http://www.newsian.co.kr/news/articleView.html?idxno=96511,http://www.newsian.co.kr/news/articleView.html?idxno=96511,"Mon, 05 Oct 2026 06:58:00 +0900",2026-10-05 10:45:28
리츠/부동산,부동산 시장,"부동산원 적발 담합·교란행위, 지자체에선 무혐의 남발",한국부동산원이 집값 담합 등 부동산 시장을 어지럽히는 교란행위로 판단해 넘긴 사건 10건 중 7건가량이 관할 지방자치단체에서 '무혐의' 처분으로 흐지부지 종결된 것으로 나타났다. 전문기관의 1차 적발과 지자체의... ,https://www.globale.co.kr/news/articleView.html?idxno=40784,https://www.globale.co.kr/news/articleView.html?idxno=40784,"Mon, 05 Oct 2026 06:44:00 +0900",2026-10-05 10:45:28
리츠/부동산,부동산 시장,[단독] 전세금 안 돌려준 임대인 4057명…이달부터 신규 보증 제한,신동욱 의원은 “부동산 시장 혼란 속에서 전세사기가 서민의 삶을 무너뜨리는 일이 더 이상 되풀이돼서는 안 된다”며 “정부는 사후 제재에 그치지 말고 계약 단계부터 위험 임대인을 걸러낼 수 있는 예방 체계를... ,https://www.news1.kr/finance/general-finance/6308833,https://n.news.naver.com/mnews/article/421/0009209401?sid=101,"Mon, 05 Oct 2026 06:20:00 +0900",2026-10-05 10:45:28
리츠/부동산,부동산 시장,"LH 사장 &quot;주담대 더 조여야&quot;…집값 잡을까, 실수요 막을까",대출 규제 단기 효과 있지만…공급 부족에 집값 잡기엔 한계 대출 규제가 강화되면 부동산 시장의 매수세를 단기적으로 억제하는 효과를 기대할 수 있다. 주택 구매의 대출 문턱이 높아지면 가용 자금이 줄어들기... ,https://www.news1.kr/realestate/general/6309203,https://n.news.naver.com/mnews/article/421/0009209376?sid=101,"Mon, 05 Oct 2026 05:05:00 +0900",2026-10-05 10:45:28
리츠/부동산,부동산 시장,“아파트 당첨돼도 수십억 어차피 못내” 청약통장 깨는 2030,"당시 부동산 시장은 집값 하락기였다. 한국부동산원에 따르면, 서울 아파트값 변동률은 2022년 -7.7%, 2023년 -2.2%였다. 집값이 떨어지면 주택을 시세보다 저렴하게 살 기회가 늘어 청약 매력이 떨어진다. 분양받은... ",https://www.chosun.com/national/national_general/2026/10/05/MH7S65XDOZEFHCERU72WK22EP4/?utm_source=naver&utm_medium=referral&utm_campaign=naver-news,https://n.news.naver.com/mnews/article/023/0004002078?sid=102,"Mon, 05 Oct 2026 00:46:00 +0900",2026-10-05 10:45:28
리츠/부동산,부동산 시장,"SBJ은행, 예금금리 내세웠지만 실적은 '부동산대출'에 의존",일본의 부동산시장 활황과 기준금리 인상 등 시장 환경도 이자이익 증가에 영향을 미쳤다. ■ 부동산대출 확대… 이자·수수료 수익 증가 SBJ은행의 올해 상반기 순이익은 931억3700만원으로 전년 동기보다 9.0% 증가했다.... ,https://www.insnews.co.kr/news/articleView.html?idxno=93084,https://www.insnews.co.kr/news/articleView.html?idxno=93084,"Mon, 05 Oct 2026 00:02:00 +0900",2026-10-05 10:45:28
리츠/부동산,부동산 시장,"文정부 기록 깬 서울 집값…홍지선, '나라 운명' 공급 시험대",서울 부동산 시장은 매매·전세·월세가 모두 오르는 '트리플 강세'를 보이고 있다. 서울 아파트값은 86주 연속 상승하며 문재인 정부 당시 최장 기록도 넘어섰다. 홍 장관이 오세훈 서울시장과 용산공원·그린벨트 해제 등... ,https://news.tf.co.kr/read/economy/2372260.htm,https://n.news.naver.com/mnews/article/629/0000539351?sid=101,"Mon, 05 Oct 2026 00:01:00 +0900",2026-10-05 10:45:28
리츠/부동산,부동산 시장,"유상범 의원, 승인 실적만 챙기고 첫 삽은 ‘먼 산’… 서민 울리는 LH ...",익명을 요구한 한 주택정책 전문가는 “그동안 정부와 공공기관은 부동산 시장이 과열될 때마다 주택 체감 공급 효과가 없는 ‘사업승인’ 수치를 마치 즉각적인 주거 안정 대책인 양 포장해 왔다”며 “토지 보상... ,https://www.dailyt.co.kr/newsView/dlt202610040005,https://www.dailyt.co.kr/newsView/dlt202610040005,"Sun, 04 Oct 2026 20:26:00 +0900",2026-10-05 10:45:28
리츠/부동산,부동산 시장,[김인만의 부동산 레이다] LH사장 발언이 현 정부의 시선이다,우리는 LH사장의 발언을 통해 현 정부가 부동산시장을 바라보는 시선을 엿볼 수 있다. 그들만의 세계관 속에서 바라보는 굴절된 시장의 모습을 진실이라 생각하며 투기꾼들만 가득한 부동산시장이 잘못되었고 우리는... ,https://www.polinews.co.kr/news/articleView.html?idxno=744866,https://www.polinews.co.kr/news/articleView.html?idxno=744866,"Sun, 04 Oct 2026 19:01:00 +0900",2026-10-05 10:45:28
리츠/부동산,부동산 시장,&quot;야당의 지뢰 사고 공세는 안보 장사이자 종북몰이의 변형판&quot;,"그다음은 부동산과 주식시장, 특히 단일 종목 레버리지 상장지수펀드(ETF) 문제예요. 주식시장에서 여러 사람이 자산 손실을 입었으니, 이런 것들이 영향을 미쳐 지지율이 내려간 거라고 판단하고 있습니다.&quot; - 민주당... ",https://www.ohmynews.com/NWS_Web/View/at_pg.aspx?CNTN_CD=A0003272633&CMPT_CD=P0010&utm_source=naver&utm_medium=newsearch&utm_campaign=naver_news,https://n.news.naver.com/mnews/article/047/0002531185?sid=100,"Sun, 04 Oct 2026 18:56:00 +0900",2026-10-05 10:45:28
리츠/부동산,상업용 부동산,상가시장 침체라는데 서울 도심은 딴판…임대료 9분기 연속 상승,"5일 한국부동산원의 ‘2026년 2분기 상업용부동산 임대동향조사’에 따르면 전국 통합 상가 임대가격지수는 전 분기 대비 0.03% 하락했으나, 서울은 0.47% 상승했다. 구체적으로 도심 통합 상가가 0.60% 상승하며, 서울의... ",https://www.dailian.co.kr/news/view/1697437/?sc=Naver,https://n.news.naver.com/mnews/article/119/0003139429?sid=101,"Mon, 05 Oct 2026 08:06:00 +0900",2026-10-05 10:45:28
리츠/부동산,상업용 부동산,“상속세 ‘0원’이라 신고 안해? 양도세에 발등 찍혀…6개월 안에 꼭 해...,"법인을 통해 상업용 부동산이나 금융자산을 보유하면 사업 관련 비용 처리와 자산 관리, 지분을 통한 승계 등을 함께 설계할 수 있다는 설명이다. 다만 법인 단계의 세금만 비교해서는 안 된다고 강조했다. 김 대표는... ",https://biz.heraldcorp.com/article/10893050?ref=naver,https://n.news.naver.com/mnews/article/016/0002705413?sid=101,"Mon, 05 Oct 2026 08:01:00 +0900",2026-10-05 10:45:28
리츠/부동산,상업용 부동산,현대제철 7조 8000억원 투자에 가게 늘어난 美 도널드슨빌…살아나는 지...,"부동산 중개인 셰인 기요는 최근 18개월간 자신이 판매한 상업용 부동산이 이전 8년간의 합계보다 많았다고 밝혔다. 빈 건물이 사업장으로 바뀌고 있으며, 리버 패리시스 커뮤니티 칼리지의 새 교육시설에서는 철강산업... ",https://www.g-enews.com/view.php?ud=202610050720138541fbbec65dfb_1,https://www.g-enews.com/view.php?ud=202610050720138541fbbec65dfb_1,"Mon, 05 Oct 2026 07:44:00 +0900",2026-10-05 10:45:28
리츠/부동산,상업용 부동산,[인물포커스] 'IB 강자' NH證 키 잡은 신재욱…20년 '딜 감각' 승부수 걸...,NH투자증권은 2017년 당시 국내 상업용 부동산 개발사업 가운데 최대 수준인 2조1000억 원 규모의 PF 금융 조달을 성사시켰다. 신 대표는 해당 프로젝트의 실무를 맡았다. 당시 NH투자증권이 해당 거래에서 거둔 수수료... ,https://www.startuptoday.co.kr/news/articleView.html?idxno=814957,https://www.startuptoday.co.kr/news/articleView.html?idxno=814957,"Sun, 04 Oct 2026 20:50:00 +0900",2026-10-05 10:45:28
리츠/부동산,상업용 부동산,&quot;AI가 먹기 좋게 준다&quot;…'데이터 밀키트'로 100억 노리는 이 회사,"빅밸류는 1000종 이상의 공간·인구·상업 데이터를 통합한 SaaS(서비스형 소프트웨어) '빅밸류 플랫폼'을 출시했고, 유료 전환 이후 제약·의료와 감정평가, 공인중개, 상업용 부동산, 인터넷은행 등에서 40여개 신규... ",https://www.mt.co.kr/future/2026/10/04/2026091420414522694,https://n.news.naver.com/mnews/article/008/0005421930?sid=101,"Sun, 04 Oct 2026 09:00:00 +0900",2026-10-05 10:45:28
리츠/부동산,상업용 부동산,[경영분리 5년] 현대얼터너티브로 금융 영토 확장…정태영 청사진은?,"한편 현대얼터너티브의 사업 영역은 부실채권(NPL), 상업용 부동산 실물투자, 사모대출펀드(PDF∙Private Debt Fund) 등이다. 올해 4월에는 관련 라이선스를 획득해 기관 전용 사모펀드(PEF)까지 영역을 넓혔다.... ",https://news.dealsitetv.com/articles/176493,https://news.dealsitetv.com/articles/176493,"Sun, 04 Oct 2026 07:08:00 +0900",2026-10-05 10:45:28
리츠/부동산,상업용 부동산,[김대호 인물] 마크 잔디... 뉴욕증시 곧 거품붕괴 &quot;무디스 무서운 경고...,"잔디는 상업용 부동산(CRE) 대출과 사모신용(Private Credit), 투기등급 회사채의 만기가 집중되는 구간에서 은행권의 신용 경색이 일어날 수 있음을 경고한다. 특히 지역 중소형 은행들이 떠안고 있는 상업용 부동산... ",https://www.g-enews.com/view.php?ud=202609291119126896906806b77b_1,https://www.g-enews.com/view.php?ud=202609291119126896906806b77b_1,"Sat, 03 Oct 2026 23:56:00 +0900",2026-10-05 10:45:28
리츠/부동산,상업용 부동산,"AI 슈퍼사이클, 이제 '자금조달' 본다…HBM 업황의 새 변수","사모신용이 8000억달러(약 1086조원)로 가장 크고, △사모주식·벤처캐피탈·국부펀드 등 기타 자본 3500억달러(약 475조원) △회사채 등 일반차입 2000억달러(약 272조원) △자산유동화증권(ABS)·상업용부동산저당증권(CMBS)... ",http://www.ftoday.co.kr/news/articleView.html?idxno=366625,http://www.ftoday.co.kr/news/articleView.html?idxno=366625,"Sat, 03 Oct 2026 13:24:00 +0900",2026-10-05 10:45:28
리츠/부동산,상업용 부동산,서울 강남·마포에 돈 몰렸지만···전국 빌딩 거래는 한 달 새 37% 후퇴,특히 100억원 이상 고가 빌딩 거래가 서울과 경기에 집중되면서 상업용 부동산 시장에서도 수도권 쏠림 현상이 뚜렷하게 나타났다. 거래량은 전월보다 17% 줄었지만 거래금액은 37% 넘게 감소했다. 거래 건수... ,https://www.smartbizn.com/news/articleView.html?idxno=155437,https://www.smartbizn.com/news/articleView.html?idxno=155437,"Sat, 03 Oct 2026 00:10:00 +0900",2026-10-05 10:45:28
리츠/부동산,상업용 부동산,노홍철 “최근 의사 연인과 결별”... 유튜브 통해 솔직한 연애사 털어...,상업용 부동산 전문 기업 알스퀘어(RSQUARE)의 리테일 상권 분석에 따르면 현대 오프라인 상권의 경쟁력은 단순한 유동인구의 양이 아닌 ‘입점 브랜드가 지닌 독점적 콘텐츠의 밀도’에 의해 결정된다. 노홍철은 특유의... ,https://www.wikitree.co.kr/articles/1163648,https://www.wikitree.co.kr/articles/1163648,"Fri, 02 Oct 2026 20:50:00 +0900",2026-10-05 10:45:28
리츠/부동산,상업용 부동산,"[현장] 한국리츠협회, 10월 리츠 투자간담회 개최","미국 상업용 부동산 시장 면적단가 중앙값은 전년 대비 8.6% 상승했다. 거래량 역시 회복세로 돌아섰다. 삼성FN리츠는 자산규모 1조2,391억원, 보유자산 FN타워 대치·순화·판교·잠실·당산 등 5개로 임대률 98.6%를... ",http://www.ikld.kr/news/articleView.html?idxno=341733,http://www.ikld.kr/news/articleView.html?idxno=341733,"Fri, 02 Oct 2026 18:52:00 +0900",2026-10-05 10:45:28
리츠/부동산,상업용 부동산,"우리은행, 개인사업자 비대면 부동산담보대출 출시…최대 10억원**",이에 따라 상업용 부동산을 보유한 개인사업자도 해당 부동산을 담보로 비대면 대출을 신청할 수 있게 됐다. 우리은행은 담보 대상 확대를 통해 고객의 자금 조달 선택지를 넓혔다고 설명했다. 신청 대상은 우리은행의... ,https://www.todayeconomic.com/news/article.html?no=32324,https://www.todayeconomic.com/news/article.html?no=32324,"Fri, 02 Oct 2026 17:38:00 +0900",2026-10-05 10:45:28
리츠/부동산,상업용 부동산,전국 상가 임대료 내리는데 서울 도심은 올랐다···명동 3.46% '독주',2일 한국부동산원 '2026년 2분기 상업용부동산 임대동향조사'에 따르면 전국 통합 상가 임대가격지수는 전기 대비 0.03% 하락했다. 반면 서울은 0.47% 상승하며 전국과 상반된 흐름을 나타냈다. 특히 서울 도심 통합 상가는 0.... ,https://www.smartbizn.com/news/articleView.html?idxno=155527,https://www.smartbizn.com/news/articleView.html?idxno=155527,"Fri, 02 Oct 2026 17:22:00 +0900",2026-10-05 10:45:28
리츠/부동산,상업용 부동산,"우리은행, 개인사업자 비대면 부동산 담보대출 출시…최대 10억원","비대면 담보대출은 담보 가치와 시세를 온라인으로 확인하기 쉬운 주택 중심으로 운영되는 경우가 많지만, 이번 상품은 시세 확인이 상대적으로 어려운 상업용 부동산까지 담보 범위를 넓힌 것이 특징이다. 신청 자격은... ",https://www.cnbizm.com/news/articleView.html?idxno=317024,https://www.cnbizm.com/news/articleView.html?idxno=317024,"Fri, 02 Oct 2026 17:14:00 +0900",2026-10-05 10:45:28
리츠/부동산,상업용 부동산,전국 상가 임대료 하락세 속 서울은 올라…서울 도심 상가 임대료 9분기...,"한국부동산원의 ‘2026년 2분기 상업용부동산 임대동향조사’에 따르면 전국 통합 상가 임대가격지수는 전기 대비 0.03% 하락한 반면, 서울은 0.47% 상승했다. 특히 도심 통합 상가가 0.60% 상승하며, 상승세를 이끌었다.... ",https://www.dt.co.kr/article/12087165?ref=naver,https://n.news.naver.com/mnews/article/029/0003051193?sid=101,"Fri, 02 Oct 2026 15:51:00 +0900",2026-10-05 10:45:28
건설/인프라,건설 주가,“공포? 그런거 몰라요”…7월 폭락장에 베팅한 ‘간 큰 개미들’ 얼마...,"3일 매경AX가 한국거래소 자료를 토대로 지난 7월 28~29일 증시 급락 당시와 현재 주가를 비교한 결과... GS건설도 2만2200원에서 3만3100원으로 49.10% 올랐고, 삼성SDI는 36만4000원에서 52만7000원으로 44.78... ",https://www.mk.co.kr/article/12168265,https://n.news.naver.com/mnews/article/009/0005743915?sid=101,"Mon, 05 Oct 2026 08:07:00 +0900",2026-10-05 10:45:29
건설/인프라,건설 주가,버크셔가 美 주택건설업체 레나 지분 11.0% 늘리고도 매입 속도 줄인 사...,목표주가를 65달러로 설정했다. 이는 같은 날 종가인 79.81달러보다 약 19% 낮은 수치다. 모건스탠리는 건설사들의 마진 압박과 함께 첫 주택 구매자들의 구매력 약화를 주요 위험 요인으로 짚었다.... ,https://www.g-enews.com/view.php?ud=202610041340207040fda4f5ab74_1,https://www.g-enews.com/view.php?ud=202610041340207040fda4f5ab74_1,"Mon, 05 Oct 2026 07:26:00 +0900",2026-10-05 10:45:29
건설/인프라,건설 주가,[반도체 픽] &quot;마이크론 34조 쏟아도 공급 과잉은 딴 세상&quot;…전문가들 &quot;유...,대규모 투자 청사진에 되레 흔들린 삼전·닉스 주가…&quot;단기 매도세는 기우에 불과&quot; / 마이크론 [로이터... 실제로 투자금의 상당 부분이 생산장비가 아닌 공장과 클린룸 건설에 투입될 예정이라는 점도 지적된다. 김선우... ,https://www.cbci.co.kr/news/articleView.html?idxno=612277,https://www.cbci.co.kr/news/articleView.html?idxno=612277,"Mon, 05 Oct 2026 06:26:00 +0900",2026-10-05 10:45:29
건설/인프라,건설 주가,마이크론 메모리 계약 2031년까지…AI 호황 장기화 신호,그러나 AI 데이터센터 건설이 메모리 수요를 급격히 끌어올리고 고객들이 수년 뒤 물량까지 미리 확보하기... 이 때문에 마이크론 주가가 지난 1년간 약 500% 상승했음에도 투자자들은 메모리 호황의 정점이 언제... ,https://www.g-enews.com/view.php?ud=2026100420524232259a1f309431_1,https://www.g-enews.com/view.php?ud=2026100420524232259a1f309431_1,"Mon, 05 Oct 2026 03:00:00 +0900",2026-10-05 10:45:29
건설/인프라,건설 주가,경합주 떠오른 알래스카…'LNG 투자' 발표에도 민심 싸늘 [격전지로 본 ...,미국 정치권에서 반세기 넘게 공화당의 '텃밭'이었던 알래스카주가 오는 11월 중간선거를 앞두고 다른... 매체는 트럼프 정부의 건설 사업이 실제로 가동되려면 빨라야 2030년까지 기다려야 한다고 지적했다.... ,https://www.fnnews.com/news/202610041818540446,https://n.news.naver.com/mnews/article/014/0005584778?sid=104,"Sun, 04 Oct 2026 18:19:00 +0900",2026-10-05 10:45:29
건설/인프라,건설 주가,금리 부담에도 증시는 버텼다…신한투자증권이 주목한 반도체 왜?,트럼프 대통령은 원전 건설과 알래스카 액화천연가스(LNG) 사업 등을 포함한 대미 투자 계획을 발표했다.... 견조한 주가 흐름을 이어갈 가능성이 있다. 신한투자증권은 금리 부담이 지속되는 환경에서 증시 전체의... ,https://www.pinpointnews.co.kr/news/articleView.html?idxno=492609,https://www.pinpointnews.co.kr/news/articleView.html?idxno=492609,"Sun, 04 Oct 2026 18:02:00 +0900",2026-10-05 10:45:29
건설/인프라,건설 주가,"&quot;AI 데이터센터 전력난 잡는다&quot;… 가온전선, 고밀도 전력시장 정조준",AI 데이터센터 건설이 전 세계적으로 확대되고 있지만 고밀도·고전력 데이터센터에 적합한 전력 공급과... 가온전선의 주가가 최근 급등하면서 단기 차익실현 가능성은 부담 요인이다. 주가가 빠르게 오를 경우... ,https://www.pinpointnews.co.kr/news/articleView.html?idxno=492581,https://www.pinpointnews.co.kr/news/articleView.html?idxno=492581,"Sun, 04 Oct 2026 15:34:00 +0900",2026-10-05 10:45:29
건설/인프라,인프라 산업,"국립창원대 &quot;AI시대, 생각하는 힘을 대학혁신의 중심에&quot;",교육·연구 인프라를 견학했다. 이번 워크숍에는 창원·거창·남해캠퍼스 주요 보직자와 직원 등 40여 명이... 지역산업과 연계할 가능성을 살펴보는 기회가 됐다. 박민원 총장은 &quot;AI시대에는 스스로 질문하고 판단하며... ,https://www.newsgn.com/news/articleView.html?idxno=577287,https://www.newsgn.com/news/articleView.html?idxno=577287,"Mon, 05 Oct 2026 10:40:00 +0900",2026-10-05 10:45:30
건설/인프라,인프라 산업,"KT, 충청권 기업 대상 AX 세미나 개최…AI·클라우드 활용 전략 공유",KT가 글로벌 테크 기업들과 연대해 전문 인력과 인프라 부족으로 어려움을 겪는 비수도권 기업의 AI 전환(AX) 지원에 나선다. 현장 사례 공유와 맞춤형 컨설팅을 통해 지역 산업의 AX 전환을 가속화한다는 구상이다.... ,https://www.thepublic.kr/news/articleView.html?idxno=321093,https://www.thepublic.kr/news/articleView.html?idxno=321093,"Mon, 05 Oct 2026 10:26:00 +0900",2026-10-05 10:45:30
건설/인프라,인프라 산업,"양주시, 교육부 협의로 서정대 테크노밸리 입주 걸림돌 치웠다","지역 산업계에서는 이번 조치로 테크노밸리 내 산학연 협력 모델이 한층 빠르게 뿌리내릴 것으로 보고 있다. 대학의 연구 인프라와 입주 기업 간 공동 연구, 맞춤형 인재 양성 프로그램 등이 속도감 있게 추진될 여건이... ",https://www.viva100.com/article/20261005500250,https://www.viva100.com/article/20261005500250,"Mon, 05 Oct 2026 10:14:00 +0900",2026-10-05 10:45:30
건설/인프라,인프라 산업,"&quot;첨단 의료기기는 여전히 기회&quot; 원주의료기기진흥원, 인도네시아 공략",이번 참가는 K-의료산업 글로벌 시장진출지원 플랫폼 구축사업의 일환으로 추진됐다. 이 사업은 2024년부터 2028년까지 5년간 232억원을 들여 기업지원 인프라와 해외 네트워크를 구축하고 기술 사업화를 지원해 국내... ,https://www.fnnews.com/news/202610050959161451,https://n.news.naver.com/mnews/article/014/0005584911?sid=102,"Mon, 05 Oct 2026 10:08:00 +0900",2026-10-05 10:45:30
건설/인프라,인프라 산업,대우건설 이강석 대표이사 취임…&quot;미래사업 발굴·전략적 M&amp;A 추진&quot;,[출처:대우건설] 이 대표이사는 을지로 본사 푸르지오 아트홀에서 열린 취임식에서 &quot;급변하는 산업과 시장... 인공지능(AI) 인프라 등 미래 성장 분야를 적극 발굴하고 필요시 전략적 인수·합병(M&amp;A)과 투자도 추진할... ,https://news.einfomax.co.kr/news/articleView.html?idxno=4437745,https://news.einfomax.co.kr/news/articleView.html?idxno=4437745,"Mon, 05 Oct 2026 10:08:00 +0900",2026-10-05 10:45:30
건설/인프라,인프라 산업,'3대 핵심 방향' 제시...대우건설 '이강석 체제' 공식 출범,"그는 서울 대신고등학교와 인천대학교 산업공학과를 마치고 대우건설에 입사해 총무팀장... 개선, 해외 거점 시장을 중심으로 한 사업 영토 확장, 인공지능(AI) 인프라를 비롯한 미래 성장 분야 발굴 등을 당부했다.",https://www.financialpost.co.kr/news/articleView.html?idxno=278709,https://www.financialpost.co.kr/news/articleView.html?idxno=278709,"Mon, 05 Oct 2026 10:06:00 +0900",2026-10-05 10:45:30
건설/인프라,건설 수주,'30년 대우맨' 이강석 대우건설 대표 취임···첫 해외 행보는 투르크메...,대우건설은 8월 올해 신규 수주 목표를 18조원에서 27조원으로 높였다. 파푸아뉴기니 LNG와 모잠비크 로부마 LNG 등 대형 프로젝트의 수주 가능성을 반영했다. 새 대표의 첫 무대는 하반기 수주다. 연간 목표를 채우려면... ,https://www.polinews.co.kr/news/articleView.html?idxno=744871,https://www.polinews.co.kr/news/articleView.html?idxno=744871,"Mon, 05 Oct 2026 10:29:00 +0900",2026-10-05 10:45:31
건설/인프라,건설 수주,"DL이앤씨, 2조원 성수2지구 수주 눈앞…'아크로 성수' 제안",업계에서는 한강변 핵심 정비사업지로 꼽히는 성수전략정비구역의 사업이 본격화하면서 대형 건설사들의 하이엔드 브랜드 경쟁과 정비사업 수주 경쟁에도 관심이 이어질 것으로 보고 있다. 한편 DL이앤씨가... ,https://www.thepublic.kr/news/articleView.html?idxno=321079,https://www.thepublic.kr/news/articleView.html?idxno=321079,"Mon, 05 Oct 2026 10:28:00 +0900",2026-10-05 10:45:31
건설/인프라,건설 수주,"대우건설, 이강석 대표 체제 출범…데이터센터·로보틱스 진출 검토","2일 주총·이사회 거쳐 선임…을지로 본사서 취임식 개최 인더뉴스 김용운 기자ㅣ이강석 대우건설 신임 대표이사가 선별 수주와 재무건전성 개선을 중심으로 내실 경영에 나섭니다. AI 인프라와 데이터센터, 로보틱스... ",https://www.inthenews.co.kr/news/article.html?no=92690,https://www.inthenews.co.kr/news/article.html?no=92690,"Mon, 05 Oct 2026 10:28:00 +0900",2026-10-05 10:45:31
건설/인프라,건설 수주,"대방건설, LH 발주 인천계양 조경공사 수주…346억원 규모",대방건설이 한국토지주택공사(LH)가 발주한 약 346억원 규모의 '인천계양 테크노밸리 공공주택지구 조경공사'를 수주했다. 대방건설은 '인천계양 테크노밸리 공공주택지구 조경공사 1-2공구'를 수주했다고 2일 밝혔다.... ,https://www.thepublic.kr/news/articleView.html?idxno=321077,https://www.thepublic.kr/news/articleView.html?idxno=321077,"Mon, 05 Oct 2026 10:28:00 +0900",2026-10-05 10:45:31
건설/인프라,건설 수주,"대우건설, 이강석 대표이사 체제 공식 출범…도전정신·협업으로 정상 ...",대우건설의 새로운 도약을 이끌기 위한 세 가지 핵심 경영 방향으로 'SUMMIT(정상)·TOGETHER(협업)·CHALLENGE(도전)'를 제시했다. 먼저 'SUMMIT'을 통해 기본과 내실을 바탕으로 정상에 도전하겠다는 의지를 확실히 했다. 수주... ,https://www.public25.com/news/articleView.html?idxno=55918,https://www.public25.com/news/articleView.html?idxno=55918,"Mon, 05 Oct 2026 10:26:00 +0900",2026-10-05 10:45:31
건설/인프라,건설 수주,이강석 대우건설 대표 취임…“재무건전성 높이고 AI·데이터센터 신사...,대우건설이 이강석 신임 대표이사 체제를 공식 출범했다. 이 대표는 수익성과 재무건전성을 강화하는... ‘SUMMIT’은 기본과 내실을 바탕으로 최고 수준의 경쟁력을 확보하는 데 초점을 맞췄다. 수주부터 준공까지 전... ,https://www.viva100.com/article/20261005500252,https://www.viva100.com/article/20261005500252,"Mon, 05 Oct 2026 10:26:00 +0900",2026-10-05 10:45:31
건설/인프라,건설 수주,[CEO 직썰] 이강석 대우건설 대표 &quot;우리가 잘하는 것은 더욱 강하게…가...,이강석 대표이사는 취임사를 통해 대우건설의 새로운 도약을 위한 경영 방향으로 'SUMMIT·TOGETHER·CHALLENGE'를 제시했다. 'SUMMIT'은 기본과 내실을 토대로 정상에 도전한다는 의미다. 수주부터 준공까지 사업을 책임 있게... ,https://www.ziksir.com/news/articleView.html?idxno=148304,https://www.ziksir.com/news/articleView.html?idxno=148304,"Mon, 05 Oct 2026 10:20:00 +0900",2026-10-05 10:45:31
건설/인프라,건설 수주,"대우건설, 이강석 대표이사 공식 취임…&quot;AI·데이터센터 새로운 미래에...","대우건설이 2일 주주총회와 이사회를 거쳐 이강석 대표이사를 공식 선임하고 취임식을 열었다고 5일... 세부적으로는 수주부터 준공까지 책임 있는 사업 관리, 양질의 사업 선별과 리스크 관리 강화, 매출채권 회수와... ",https://realty.chosun.com/site/data/html_dir/2026/10/05/2026100500649.html,https://realty.chosun.com/site/data/html_dir/2026/10/05/2026100500649.html,"Mon, 05 Oct 2026 10:20:00 +0900",2026-10-05 10:45:31
건설/인프라,건설 수주,대우건설 이강석 대표 공식 취임…“기본 다지고 미래시장 도전”,"대우건설은 지난 2일 주주총회와 이사회를 거쳐 이강석 대표이사를 공식 선임하고 취임식을 열었다고 5일... 수주 단계부터 준공까지 사업을 책임 있게 관리하고 안전과 품질, 원가와 공정을 흔들림 없이 챙기겠다고... ",https://www.seoultimes.news/news/article.html?no=2000100542,https://www.seoultimes.news/news/article.html?no=2000100542,"Mon, 05 Oct 2026 10:19:00 +0900",2026-10-05 10:45:31
건설/인프라,건설 수주,대우건설 이강석號 닻 올렸다…&quot;기본 내실과 AI·미래사업으로 글로벌 ...,대우건설의 지속 가능한 성장을 이끌기 위한 3대 핵심 경영 방향으로 'SUMMIT·TOGETHER·CHALLENGE'를 제시했다. 우선 'SUMMIT'을 통해 기본과 내실을 다지겠다는 의지를 분명히 했다. 수주부터 준공까지 사업 전 과정을 철저히... ,https://www.thefairnews.co.kr/news/articleView.html?idxno=89791,https://www.thefairnews.co.kr/news/articleView.html?idxno=89791,"Mon, 05 Oct 2026 10:10:00 +0900",2026-10-05 10:45:31
건설/인프라,건설 수주,이강석 대우건설 대표 취임…내실 다지고 해외·AI 미래사업 넓힌다,"대우건설이 이강석 신임 대표이사 체제로 공식 출범했다. 이 대표는 취임과 함께 재무건전성 강화와... 구체적인 과제로는 수주부터 준공까지 책임 있는 사업관리 체계 구축과 우량 사업 선별, 리스크 관리 강화가... ",https://www.betanews.net/article/view/beta202610050007,https://www.betanews.net/article/view/beta202610050007,"Mon, 05 Oct 2026 10:06:00 +0900",2026-10-05 10:45:31
건설/인프라,건설 수주,이강석 대우건설 대표 취임…AI·데이터센터·로보틱스 미래사업 '정조...,"대우건설이 이강석 신임 대표이사 체제를 공식 출범했다. 새 경영진은 수익성과 재무건전성을 강화하는... 수주 단계부터 준공까지 사업 전 과정을 책임 있게 관리하고 안전과 품질, 원가, 공정 등 기본을 지키는 한편... ",https://www.asiatime.co.kr/article/20261005500017,https://www.asiatime.co.kr/article/20261005500017,"Mon, 05 Oct 2026 10:04:00 +0900",2026-10-05 10:45:31
건설/인프라,건설 수주,"[챗집피티]'312가구' 여의도 목화, 래미안 품고 사업성 키운 비결은",삼성물산 건설부문은 여의도 목화아파트 재건축 사업의 시공사로 선정됐다. 사업비는 약 5122억원으로 지하... 삼성물산이 수주한 공사비는 약 5122억원이다. 현재 계획된 420가구로 단순 나누면 가구당 공사비는 약... ,https://www.mt.co.kr/estate/2026/10/05/2026100216112174212,https://n.news.naver.com/mnews/article/008/0005422063?sid=101,"Mon, 05 Oct 2026 10:02:00 +0900",2026-10-05 10:45:31
건설/인프라,건설 수주,대우건설 도약 위한 3대 경영방향 제시..이강석 대표 취임,"한국정경신문 이하정 기­자 sae256@hanmail.net [한국정경신문=이하정 기자] 대우건설이 지난 2일... 세부적으로 수주부터 준공까지 책임 있는 사업 관리, 양질의 사업 선별과 리스크 관리 강화, 매출채권 회수와... ",https://kpenews.com/View.aspx?No=4251928,https://kpenews.com/View.aspx?No=4251928,"Mon, 05 Oct 2026 09:56:00 +0900",2026-10-05 10:45:31
건설/인프라,건설 수주,"전력기기 3사, 증설 속도전...수주 다음은 생산능력",생산시설 확충 시점과 가동률에 따라 수주가 실적으로 반영되는 속도도 달라질 전망이다. 5일 업계에... 당초 회사가 제시한 일정은 올해 말까지 신규 공장을 건설하고 2027년부터 생산을 점진적으로 시작하는 것이다.... ,https://www.asiaa.co.kr/news/articleView.html?idxno=264952,https://www.asiaa.co.kr/news/articleView.html?idxno=264952,"Mon, 05 Oct 2026 09:46:00 +0900",2026-10-05 10:45:31
건설/인프라,건설 수주,대우건설 이강석 대표 공식 취임…&quot;AI·데이터센터 미래사업 키운다&quot;,대우건설은 나이지리아 HI OPF 프로젝트 수주 등도 이어가며 해외 플랜트 시장을 확대하고 있다. 이 대표는 &quot;새로운 미래는 기다린다고 오는 것이 아니라 우리의 선택과 실행으로 만들어가는 것&quot;이라며 &quot;우리가 잘하는... ,http://www.4th.kr/news/articleView.html?idxno=2119201,http://www.4th.kr/news/articleView.html?idxno=2119201,"Mon, 05 Oct 2026 09:42:00 +0900",2026-10-05 10:45:31
음식료/식품,식품 주가,“요즘 K 붙으면 영 불안한데”…주가 조정받은 뷰티·푸드 대표주들,‘수출효자’ K소비재 옥석 가리기 외국인 소비부진 우려에 주가 뚝 뷰티 급락불구 수출견조해 ‘맑음’ 식품주는 중국소비 회복이 관건 외국인 소비 열풍을 타고 ‘수출주’로 각광받던 K소비재 주가가 지난달 역풍을... ,https://www.mk.co.kr/article/12168202,https://n.news.naver.com/mnews/article/009/0005743873?sid=101,"Sun, 04 Oct 2026 19:15:00 +0900",2026-10-05 10:45:31
음식료/식품,식품 주가,원高 역풍…K뷰티·푸드株 실적전망 엇갈려,삼양식품은 원화 강세로 단기 실적이 악화할 것이라는 우려 탓에 최근 한 달간 주가가 18.83% 급락했다. 해외 매출 성장세에 연초 주가가 강세를 나타냈던 오리온은 같은 기간 18.81% 내렸다. 원화 강세 우려에 더해 8월... ,https://www.mk.co.kr/article/12168125,https://n.news.naver.com/mnews/article/009/0005743813?sid=101,"Sun, 04 Oct 2026 17:17:00 +0900",2026-10-05 10:45:31
음식료/식품,식품 주가,&quot;주가 묻는 투자는 틀렸다&quot;...30년 경력 경제평론가의 직격 [fn 인사이트...,반도체 기업들의 이익은 사상 최대 수준인데 주가는 제자리다. &quot;장이 어렵다&quot;라는 말과 &quot;장이 재미없다&quot;라는... 은행·보험처럼 주주환원율이 높은 종목과 삼양식품·오리온·에이피알 처럼 현금 창출력과 복원력이 강한... ,https://www.fnnews.com/news/202610041128276741,https://n.news.naver.com/mnews/article/014/0005584672?sid=101,"Sun, 04 Oct 2026 12:59:00 +0900",2026-10-05 10:45:31
음식료/식품,식품 주가,"1000억 유증 나선 큐리언트, 발행금액 밑돌면 ‘관리종목’",회사는 미국 식품의약국(FDA) 허가가 이뤄지면 PRV를 확보해 약 2억1000만달러 수준에 매각할 수 있을... 최종 발행가액은 향후 주가를 반영해 다시 결정되기 때문에 주가에 따라 실제 조달금액은 달라질 수 있다.... ,https://biz.chosun.com/science-chosun/bio/2026/10/04/F4CYKV6EJVHMDOUHCVQH6IRLJQ/?utm_source=naver&utm_medium=original&utm_campaign=biz,https://n.news.naver.com/mnews/article/366/0001196033?sid=101,"Sun, 04 Oct 2026 06:01:00 +0900",2026-10-05 10:45:31
음식료/식품,식품 주가,"삼립의 반격 시작됐다…베이커리 강자, 하반기 실적 회복 전망",삼립은 1968년 설립된 국내 대표 식품기업으로 양산빵 시장에서 약 70%의 점유율을 차지하고 있다. 호빵과... 하반기 회복을 통해 연간 손익분기점 달성이 가능할 것으로 전망했다. 목표주가와 투자의견은 제시하지 않았다.,https://www.pinpointnews.co.kr/news/articleView.html?idxno=492474,https://www.pinpointnews.co.kr/news/articleView.html?idxno=492474,"Sun, 04 Oct 2026 00:16:00 +0900",2026-10-05 10:45:31
음식료/식품,식품 주가,[글로벌 경제] &quot;연준보다 트럼프의 시간&quot;…글로벌 증시 흔들 진짜 열쇠...,"주요 주가지수는 사상 최고치에 근접했다. 아시아 증시 역시 미국의 금리 인상 직후 반등세를 나타냈다.... 8월 소비자물가지수(CPI)는 전년 동월 대비 3.4% 상승했으나, 식품과 에너지를 제외한 근원 CPI 상승률은 2.4%에... ",https://www.cbci.co.kr/news/articleView.html?idxno=612197,https://www.cbci.co.kr/news/articleView.html?idxno=612197,"Sun, 04 Oct 2026 00:00:00 +0900",2026-10-05 10:45:31
음식료/식품,식품 주가,가격 조금만 올려도 사람들 다 떠난다…150년 美 전통 브랜드도 못 버텼...,맥코믹 주가는 올 들어 약 32% 떨어졌다. 냉동·가공식품 기업 콘아그라 브랜즈도 지난 분기 판매량이 2.1% 줄었고 올해 전체 판매량도 한 자릿수 중반대 감소를 예상하고 있다. 지난 7월에는 배당금을 절반으로... ,https://www.sedaily.com/article/20097952?ref=naver,https://n.news.naver.com/mnews/article/011/0004668024?sid=101,"Sat, 03 Oct 2026 19:11:00 +0900",2026-10-05 10:45:31
음식료/식품,식품 주가,중국산 제품 관세에 웃는 CJ제일제당…바이오 사업 회복세 뚜렷,"CJ제일제당이 3분기 바이오 사업의 회복세에도 식품 사업 부진으로 시장 기대를 크게 웃돌기는 어려울... 개선될 경우 바이오 부문의 이익 기여도가 높아질 가능성이 있다. 목표주가 37만원, 투자의견은 매수를 제시했다.",https://www.pinpointnews.co.kr/news/articleView.html?idxno=492460,https://www.pinpointnews.co.kr/news/articleView.html?idxno=492460,"Sat, 03 Oct 2026 14:22:00 +0900",2026-10-05 10:45:31
음식료/식품,식품 주가,엄마가 위고비 맞더니 집에 과자가 없어요…기업들 '초비상',미국 대표 식품기업 캠벨스 주가가 추락하고 있다. 지난 2일 23.78달러였던 주가는 3일 실적 발표 이후 하락을 거듭하며 지난 18일 20.69달러까지 내려왔다. 실적 악화에 놀란 회사가 대규모 인력 감축과 배당... ,https://www.hankyung.com/article/202609218009i,https://n.news.naver.com/mnews/article/015/0005338870?sid=101,"Sat, 03 Oct 2026 14:01:00 +0900",2026-10-05 10:45:31
음식료/식품,식품 주가,“홍콩반점으로 바꾸면 최대 2000만원”…백종원의 승부수 [이지완의 유...,가맹본사와 가맹점주간의 관계가 더본코리아 주가에도 영향을 줄 수 있어서다. 외식 프랜차이즈 사업이... 한국농수산식품유통공사에 따르면 지난해 4분기 외식산업경기동향지수는 75.09로 집계됐다. 이는 전망지수 83.... ,https://economist.co.kr/article/view/ecn202609180034,https://n.news.naver.com/mnews/article/243/0000103829?sid=101,"Sat, 03 Oct 2026 13:00:00 +0900",2026-10-05 10:45:31
음식료/식품,식품 주가,환율 급락에도 삼양식품 실적 선방…3분기 영업익 1832억원 전망,삼양식품의 최근 주가는 환율 급락에 따른 실적 우려가 반영되면서 단기 고점 대비 21% 하락한 것으로 분석됐다. 그러나 해외 매출 확대가 이어지는 가운데 비용 감소 효과가 나타나면서 환율 하락이 실제 실적에 미치는... ,https://www.pinpointnews.co.kr/news/articleView.html?idxno=492453,https://www.pinpointnews.co.kr/news/articleView.html?idxno=492453,"Sat, 03 Oct 2026 12:26:00 +0900",2026-10-05 10:45:31
음식료/식품,식품 주가,"위메이드 노조 발족…네오펄스, 최대주주 등극 전부터 난항",민주노총 화섬식품노조 위메이드지회는 &quot;실적 부진과 위믹스 관련 현안 등 대내외적 불확실성이 증대되는... 박 창업주와의 주식 양수도 계약 당시 주가에 프리미엄을 적용해 거래대금을 산정한 만큼 위로금을 건낼... ,https://www.newspost.kr/news/articleView.html?idxno=226099,https://www.newspost.kr/news/articleView.html?idxno=226099,"Sat, 03 Oct 2026 10:44:00 +0900",2026-10-05 10:45:31
음식료/식품,음식료 산업,마이크론 호실적에 코스피 반등…7000선 재진입 '재도전',"다우존스30 산업평균지수와 나스닥지수는 각각 0.04%, S&amp;P500지수는 0.19% 상승했다. 국내 대형 반도체주의... 업종별로는 화학과 통신, 기계·장비, 음식료·담배 등이 오르고 있다. 반면 건설과 증권, 유통, 부동산 등은... ",https://www.ppss.kr/news/articleView.html?idxno=313707,https://www.ppss.kr/news/articleView.html?idxno=313707,"Fri, 02 Oct 2026 11:06:00 +0900",2026-10-05 10:45:32
음식료/식품,음식료 산업,"코스닥,3개월만에 장중 900선 회복...코스피도 '7천피' 반등 시도","다우존스30 산업평균지수와 나스닥 지수는 각각 0.04%, 스탠더드앤드푸어스(S&amp;P) 500지수는 0.19% 올랐다.... 업종별로는 화학(1.80%)과 통신(1.13%), 기계/장비(0.47%), 음식료/담배(0.46%) 등이 오르는 반면 건설(-1.31... ",http://www.seouleconews.com/news/articleView.html?idxno=94091,http://www.seouleconews.com/news/articleView.html?idxno=94091,"Fri, 02 Oct 2026 10:56:00 +0900",2026-10-05 10:45:32
음식료/식품,음식료 산업,"코스피, 하락 출발해 보합권 등락…코스닥, 장중 900선 회복(종합)","다우존스30 산업평균지수와 나스닥 지수는 각각 0.04%, 스탠더드앤드푸어스(S&amp;P) 500지수는 0.19% 올랐다.... 업종별로는 화학(1.80%)과 통신(1.13%), 기계/장비(0.47%), 음식료/담배(0.46%) 등이 오르는 반면 건설(-1.31... ",https://www.yna.co.kr/view/AKR20261002044300008?input=1195m,https://n.news.naver.com/mnews/article/001/0016352619?sid=101,"Fri, 02 Oct 2026 09:37:00 +0900",2026-10-05 10:45:32
음식료/식품,음식료 산업,"코스피, 美고용지표 경계감에 6930선 약보합 출발···반도체株 혼조","17%), 음식료·담배(0.56%) 등은 상승세를 보이고 있다. 시가총액 상위 종목에서는 삼성전자(-0.72... 1일(현지시간) 뉴욕증권거래소에서 다우존스30산업평균지수는 전 거래일 대비 20.51p(0.04%) 오른 5만926.56에... ",https://www.seoulfn.com/news/articleView.html?idxno=639210,https://www.seoulfn.com/news/articleView.html?idxno=639210,"Fri, 02 Oct 2026 09:32:00 +0900",2026-10-05 10:45:32
음식료/식품,음식료 산업,[굿모닝! 글로벌 뉴욕증시] 국채금리 상승 진정세와 반도체 관련주 투심...,"업종별로는 등락이 엇갈린 가운데, 자동차, 복합산업, 기술장비, 경기관련 소비재, 금속/광업, 보험, 은행/투자서비스, 소프트웨어/IT서비스 업종 등이 상승한 반면, 제약, 의료 장비/보급, 재생에너지, 음식료 업종... ",https://www.newsquest.co.kr/news/articleView.html?idxno=301950,https://www.newsquest.co.kr/news/articleView.html?idxno=301950,"Fri, 02 Oct 2026 08:24:00 +0900",2026-10-05 10:45:32
음식료/식품,음식료 산업,"[증시 시황] 'K-반도체' 훈풍에 살아난 투자심리…코스피 6,971선 회복·코...","반면 화학(-1.12%), 건설(-0.40%), 음식료/담배(-0.35%) 등 일부 업종은 하락했다. 시가총액 상위주 중... 산업통상부는 이날 오전 9월 수출액이 1,209억4,000만달러로 지난해 동기 대비 83.5% 증가해 역대 최대치를... ",https://www.cbci.co.kr/news/articleView.html?idxno=611638,https://www.cbci.co.kr/news/articleView.html?idxno=611638,"Fri, 02 Oct 2026 00:00:00 +0900",2026-10-05 10:45:32
음식료/식품,음식료 산업,"코스피, 반도체 강세에 4거래일 만에 반등…'7천선' 눈앞","산업통상부는 이날 오전 9월 수출액이 1209억4천만달러(약 164조 2300억원)로 작년 동기보다 83.5% 증가해... 화학(-1.1%), 건설(-0.4%), 음식료·담배(-0.4%) 등은 하락했다. 코스닥은 39포인트(4.5%) 오른 894로 거래를... ",https://www.koreareport.co.kr/news/articleView.html?idxno=53353,https://www.koreareport.co.kr/news/articleView.html?idxno=53353,"Thu, 01 Oct 2026 19:04:00 +0900",2026-10-05 10:45:32
음식료/식품,음식료 산업,[마감시황] 반도체 쌍끌이에 코스피 6970선 회복…코스닥 4.48% 급등,"산업통상부에 따르면 9월 수출액은 1209억4000만달러로 지난해 같은 달보다 83.5% 증가하며 월간 기준... 화학(-1.12%), 건설(-0.40%), 음식료·담배(-0.35%)는 내렸다. 코스닥 5거래일 연속 상승…반도체 장비주 급등... ",https://www.polinews.co.kr/news/articleView.html?idxno=744626,https://www.polinews.co.kr/news/articleView.html?idxno=744626,"Thu, 01 Oct 2026 17:36:00 +0900",2026-10-05 10:45:32
음식료/식품,음식료 산업,"코스피, 반도체 훈풍에 7,000선 '턱밑'…원·달러 환율 1천358.4원","산업통상부에 따르면 9월 수출액은 1천209억4천만달러로 지난해 같은 달보다 83.5% 증가하며 역대... 화학(-1.12%), 건설(-0.40%), 음식료·담배(-0.35%) 등은 하락했다. 코스닥은 코스피보다 강한 상승세를 나타냈다.... ",https://www.youthdaily.co.kr/news/article.html?no=227847,https://www.youthdaily.co.kr/news/article.html?no=227847,"Thu, 01 Oct 2026 17:16:00 +0900",2026-10-05 10:45:32
음식료/식품,음식료 산업,&quot;코스피 6971선·코스닥 4.48% 급등&quot;…반도체 훈풍에 증시 동반 상승,"반면 화학, 음식료·담배, 건설, 부동산, 금융, 비금속, 보험, 오락·문화, 종이·목재 등은 약세로... 산업통상부에 따르면 9월 반도체 수출은 전년 동월 대비 262.8% 증가한 603억달러(81조9356억원)로 역대... ",https://www.jnilbo.com/news/articleView.html?idxno=90000070306,https://www.jnilbo.com/news/articleView.html?idxno=90000070306,"Thu, 01 Oct 2026 16:45:00 +0900",2026-10-05 10:45:32
음식료/식품,음식료 산업,"[마감] 코스피, 반도체 훈풍에 상승…브릴스 상장 첫날 56% '급등'","40%), 음식료·담배(-0.35%) 등이 하락했다. 시가총액 상위 종목 중 삼성전자(2.79%)와 SK하이닉스(3.21%)가... 산업용 로봇과 협동 로봇, 자율이동로봇(AMR)을 기반으로 1300건 이상의 프로젝트를 수행하며 축적한... ",http://www.hansbiz.co.kr/news/articleView.html?idxno=869411,http://www.hansbiz.co.kr/news/articleView.html?idxno=869411,"Thu, 01 Oct 2026 16:38:00 +0900",2026-10-05 10:45:32
음식료/식품,음식료 산업,"코스피, ''마이크론·반도체 수출' 훈풍'에 2%가량↑.. 4거래일 만에 반...","이날 오전 산업통상부는 9월 수출액이 1209억4000만달러로 작년 동기보다 83.5% 증가, 역대 최대 기록을... 하락 업종은 화학(-1.12%), 건설(-0.40%), 음식료/담배(-0.35%) 등이었으나 그 수는 많지 않고 하락 폭도 크지... ",https://www.getnews.co.kr/news/articleView.html?idxno=882418,https://www.getnews.co.kr/news/articleView.html?idxno=882418,"Thu, 01 Oct 2026 16:36:00 +0900",2026-10-05 10:45:32
음식료/식품,음식료 산업,'마이크론·반도체 수출' 훈풍에 7천피 턱밑…코스닥 4.48% 급등(종합),"이날 오전 산업통상부는 9월 수출액이 1천209억4천만달러로 작년 동기보다 83.5% 증가, 역대 최대 기록을... 하락 업종은 화학(-1.12%), 건설(-0.40%), 음식료/담배(-0.35%) 등이었으나 그 수는 많지 않고 하락 폭도 크지... ",https://www.yna.co.kr/view/AKR20261001150200008?input=1195m,https://n.news.naver.com/mnews/article/001/0016351343?sid=101,"Thu, 01 Oct 2026 16:11:00 +0900",2026-10-05 10:45:32
음식료/식품,음식료 산업,"[증시 프리즘] 코스피, 장중 200p 급반등해 6970선 회복…삼전닉스 3% 안...","산업통상부에 따르면 9월 수출액은 1209억4000만달러로 전년 동월보다 83.5% 증가해 월간 기준 사상... 반면 화학, 음식료·담배, 건설, 부동산, 금융, 비금속, 보험 등은 약세를 나타냈다. 코스닥의 상승세는 더욱... ",https://www.moneystorm.kr/news/articleView.html?idxno=6962,https://www.moneystorm.kr/news/articleView.html?idxno=6962,"Thu, 01 Oct 2026 16:11:00 +0900",2026-10-05 10:45:32
음식료/식품,음식료 산업,[속보]코스피 2% 가까이 올라 6970선 마감…코스닥은 4.5% 상승,"산업통상부에 따르면 지난 9월 반도체 수출은 전년 동월 대비 262.8% 증가한 603억달러(81조9356억원)로... 반면 화학, 음식료·담배, 건설, 부동산, 금융, 비금속, 보험, 오락·문화, 종이·목재 등은 약세... ",https://www.edaily.co.kr/News/Read?newsId=04805206645608656&mediaCodeNo=257&utm_source=naver&utm_medium=referral&utm_campaign=news_syndication&utm_content=original_article,https://n.news.naver.com/mnews/article/018/0006378757?sid=101,"Thu, 01 Oct 2026 15:35:00 +0900",2026-10-05 10:45:32
음식료/식품,음식료 산업,美국채금리 부담에 코스피 6800선 하회…삼전닉스 약보합,"30일(현지시간) 뉴욕증권거래소에서 S&amp;P500지수는 0.25% 내린 7651.54, 다우존스30산업평균지수는 0.86% 떨어진... 금속, 건설, 통신, 제약, 음식료·담배는 약보합세다. 코스닥 시총 상위 종목 중 원익IPS는 3% 넘게 오르고... ",https://www.sentv.co.kr/article/view/sentv202610010073,https://www.sentv.co.kr/article/view/sentv202610010073,"Thu, 01 Oct 2026 10:26:00 +0900",2026-10-05 10:45:32
음식료/식품,음식료 산업,美국채금리 최고치...&quot;마이크론 호실적 안 통하나&quot; 삼전닉스 약보합,"30일(현지시간) 뉴욕증권거래소에서 S&amp;P500지수는 전장보다 19.3포인트(0.25%) 내린 7651.54, 다우존스30산업평... 금속, 건설, 통신, 제약, 음식료·담배 등은 약보합세다. 코스닥 시총 상위 종목 중 원익IPS가 3% 이상... ",https://www.mt.co.kr/stock/2026/10/01/2026100109052518910,https://n.news.naver.com/mnews/article/008/0005420784?sid=101,"Thu, 01 Oct 2026 09:33:00 +0900",2026-10-05 10:45:32
음식료/식품,음식료 산업,"[속보]코스피, 美금리 부담에 약세 출발…외인·기관 동반 ‘팔자’","다우존스30 산업평균지수는 전장 대비 443.87포인트(0.86%) 내린 5만906.05에 거래를 마쳤고... 뒤이어 제조, 보험, 유통, 오락·문화, 통신, 증권, 화학, 비금속, 음식료·담배, 종이·목재, 부동산, 일반서비스, 의료... ",https://www.edaily.co.kr/News/Read?newsId=02847046645608656&mediaCodeNo=257&utm_source=naver&utm_medium=referral&utm_campaign=news_syndication&utm_content=original_article,https://n.news.naver.com/mnews/article/018/0006378256?sid=101,"Thu, 01 Oct 2026 09:03:00 +0900",2026-10-05 10:45:32
음식료/식품,음식료 산업,"['클릭' 증시] 정부, 로봇 20만대 보급...2차전지·로보틱스 관심",신산업 관련 업종으로 시장의 관심이 집중되고 있다. 한성숙 국무총리가 국민 안전과 산업 현장에 피지컬... 3%) 음식료·담배(-1.0%) 등이 약세를 주도했다. 반면 코스닥 시장은 4거래일 연속 상승세를 타며 꾸준히... ,http://www.00news.co.kr/news/articleView.html?idxno=106898,http://www.00news.co.kr/news/articleView.html?idxno=106898,"Wed, 30 Sep 2026 18:50:00 +0900",2026-10-05 10:45:32
음식료/식품,음식료 산업,코스피 약세 마감…美 국채금리 상승 여파,"코스피는 산업별로 보험 3%대, 금융, 오락·문화, 음식료·담배, 통신 등이 1%대 각각 내렸다. 기계장비는 1%대 올랐다. 나머지 업종은 보합권이었다. 코스피 시가총액 상위종목에서 삼성전자는 1%대 하락했고... ",https://www.mt.co.kr/stock/2026/09/30/2026093016171549037,https://n.news.naver.com/mnews/article/008/0005420466?sid=101,"Wed, 30 Sep 2026 16:23:00 +0900",2026-10-05 10:45:32
음식료/식품,식품 수출,최고 품질의 ‘명실상감한우’두바이 입맛 사로잡아,"(한국농수산식품유통공사)가 추진하는 ‘2026년 글로벌 NEXT K-푸드 프로젝트 밸류업’ 사업의 일환으로 이뤄졌다. 이를 통해 중동 프리미엄 육류 시장 내 한국 한우의 입지를 다지고, 향후 중동 지역 수출 확대를 위한... ",https://www.kbmaeil.com/article/20261005500209,https://www.kbmaeil.com/article/20261005500209,"Mon, 05 Oct 2026 10:20:00 +0900",2026-10-05 10:45:33
음식료/식품,식품 수출,"제키스, 태국 센트럴그룹 ‘탑스’와 2년째 협력 진행",제주 식품기업 제키스가 태국 센트럴그룹(Central Group) 계열 식품 리테일 브랜드 ‘탑스(Tops)’와의 협력을... 제키스 관계자는 “단발성 수출이나 프로모션에 그치지 않고 지난 2년간 태국의 주요 유통채널을 통해 제품을... ,https://www.dt.co.kr/article/12087176?ref=naver,https://n.news.naver.com/mnews/article/029/0003051385?sid=101,"Mon, 05 Oct 2026 10:00:00 +0900",2026-10-05 10:45:33
음식료/식품,식품 수출,"신송식품, 인도 '아누가 셀렉트 인디아' 참가→롯데웰푸드, '글로벌 해썹...",수출 생산 인프라를 중심으로 식품안전관리체계를 국제 수준으로 확대했다. '글로벌 해썹'은 식품의약품안전처가 지난해 도입한 인증제도다. 국제식품규격위원회(CODEX) 지침과 GFSI 인증규격을 반영했다. 기존 HACCP의... ,https://www.slist.kr/news/articleView.html?idxno=771083,https://www.slist.kr/news/articleView.html?idxno=771083,"Mon, 05 Oct 2026 09:58:00 +0900",2026-10-05 10:45:33
음식료/식품,식품 수출,K-푸드 수출 역대 최대라는데… 농림수산식품 무역적자 5년간 258조원,"특히 정부가 농수산식품 수출 확대를 위해 최근 5년간 3조3429억원의 예산을 투입했음에도 무역적자 구조는 크게 개선되지 않고 있어, 수출 확대와 함께 국내 농어업 기반을 보호하기 위한 정책적 보완이... ",https://www.sportsseoul.com/news/read/1639373?ref=naver,https://n.news.naver.com/mnews/article/468/0001270560?sid=100,"Mon, 05 Oct 2026 09:57:00 +0900",2026-10-05 10:45:33
음식료/식품,식품 수출,"영주시, ‘제53회 LA한인축제’서 1억 7000만 원 상당 농특산품 홍보·판...",실질적인 수출 확대로 연결한다는 방침이다. 강매영 영주시 유통지원과장은 “현지 소비자들의 긍정적인 반응을 직접 확인할 수 있는 유의미한 자리였다”며 “일회성 행사에 머물지 않고 지역 농식품 기업들이... ,https://www.kbmaeil.com/article/20261005500143,https://www.kbmaeil.com/article/20261005500143,"Mon, 05 Oct 2026 09:56:00 +0900",2026-10-05 10:45:33
음식료/식품,식품 수출,"만두는 미국서, 라면은 부산서... 농심·CJ제일제당·삼양식품, 달라진 ...","농식품부에 따르면 2025년 대미 농식품 수출액은 18억 달러로 전년보다 13.2% 증가했고, 중국은 15억 9000만 달러로 5.1% 늘었다. 유럽도 7억 7000만 달러로 13.6% 증가했다. 수출 대상 시장이 커지고 다양해지면서 식품기업들이... ",http://www.newskr.kr/news/articleView.html?idxno=106886,http://www.newskr.kr/news/articleView.html?idxno=106886,"Mon, 05 Oct 2026 09:20:00 +0900",2026-10-05 10:45:33
음식료/식품,식품 수출,"베트남, 3분기 경제성장률 9.95% '연중 최고치'…두 자릿수 성장 총력","52% 올랐고, 에너지·의료비·교육비 등 국가가 관리하는 품목과 가격변동성이 높은 식품을 제외한 근원... 이에 대해 통계국은 &quot;공업 부문이 성장 동력 확대와 여러 대규모 프로젝트 착공, 수출 주문 회복, 공공투자... ",https://www.insidevina.com/news/articleView.html?idxno=44194,https://www.insidevina.com/news/articleView.html?idxno=44194,"Mon, 05 Oct 2026 09:12:00 +0900",2026-10-05 10:45:33
음식료/식품,식품 수출,"잘나가는 K-빙과, 녹지 않고 버티려면...","빙그레는 수출을, 롯데웰푸드는 현지 생산을 앞세워 글로벌 영토를 넓히고 있다. 전략은 다른데 고민이... 아이스크림은 다른 식품보다 해외 사업이 까다롭다. 녹지 않은 상태로 현지 매장까지 이동하려면 생산·보관... ",https://www.fortunekorea.co.kr/news/articleView.html?idxno=54280,https://www.fortunekorea.co.kr/news/articleView.html?idxno=54280,"Mon, 05 Oct 2026 09:00:00 +0900",2026-10-05 10:45:33
음식료/식품,식품 수출,윤준병 의원 &quot;K-푸드 수출 실적만 강조할 게 아니라 농어업 기반 붕괴부...,"국회 농림축산식품해양수산위원회 소속 더불어민주당 윤준병 의원(전북 정읍시·고창군)은 최근 5년간 농림수산식품 수출입 실적을 분석한 결과, 2021년부터 2025년까지 누적 무역적자가 1,900억8,930만 달러, 한화 약... ",https://www.eroun.net/news/articleView.html?idxno=91561,https://www.eroun.net/news/articleView.html?idxno=91561,"Mon, 05 Oct 2026 08:56:00 +0900",2026-10-05 10:45:33
음식료/식품,식품 수출,[정부 주요 일정] 경제·사회부처 주간 일정 (10월 6일 ~ 10월 8일),"(화) △농식품부 장관 10:00 국무회의(서울), △일본 치바 농산업박람회서 K-농기자재 수출시장 확대 나선다 △겨울철새 도래 시작, 오리과 조류 증가... 고병원성 조류인플루엔자 유입 차단 총력 △농진청장, 강원... ",https://www.etoday.co.kr/news/view/2632395,https://www.etoday.co.kr/news/view/2632395,"Mon, 05 Oct 2026 08:54:00 +0900",2026-10-05 10:45:33
음식료/식품,식품 수출,세계식량가격 1.5% 상승…곡물 5.1%·설탕 6.1% 뛰었다,농림축산식품부는 유엔 식량농업기구(FAO)가 발표한 지난달 세계식량가격지수가 136.0포인트로 전월(134.0)... 옥수수 가격도 미국의 수확량이 예상보다 낮고 브라질의 수출 가능 물량이 줄어들면서 전월 대비 5.6... ,https://www.newsis.com/view/NISX20261005_0003814145,https://n.news.naver.com/mnews/article/003/0014233333?sid=101,"Mon, 05 Oct 2026 08:41:00 +0900",2026-10-05 10:45:33
음식료/식품,식품 수출,"[기획연재] K-Food+, 비관세장벽 허물고 세계로 ②K-Food+, 규제를 넘어...","문제는 이처럼 농식품 수출시장의 문이 넓어지는 만큼 각국의 식품안전과 검역, 라벨링, 포장재, 환경규제 등 비관세장벽도 빠르게 높아지고 있다는 점이다. 단순히 관세를 낮추는 통상협상만으로는 수출을 확대하기... ",https://www.aflnews.co.kr/news/articleView.html?idxno=329209,https://www.aflnews.co.kr/news/articleView.html?idxno=329209,"Mon, 05 Oct 2026 07:00:00 +0900",2026-10-05 10:45:33
음식료/식품,식품 수출,비행기 타기 전 신라면 끓여 먹는다…공항이 K푸드 쇼룸 됐다,농림축산식품부에 따르면 지난해 우리나라 농식품 수출액은 처음으로 100억달러를 넘어 104억1000만달러를 기록했다. 이 가운데 라면 수출은 15억2140만달러로 전년보다 21.9% 증가하며 단일 농식품 품목 가운데 처음으로... ,https://www.segye.com/newsView/20261005500527?OutUrl=naver,https://n.news.naver.com/mnews/article/022/0004164081?sid=101,"Mon, 05 Oct 2026 06:32:00 +0900",2026-10-05 10:45:33
음식료/식품,식품 수출,&quot;우리 농장에 딱이네&quot;…유럽 농부들이 한국 농기계에 반한 이유,5일 농림축산식품부에 따르면 올해 상반기 농기계 수출액은 7억630만달러로 지난해 같은 기간보다 3.2% 증가했다. 특히 국내 농기계 회사들의 유럽 법인이 있는 네덜란드향 수출액은 4570만달러로 65.7% 늘었다. 같은 기간... ,https://www.mt.co.kr/living/2026/10/05/2026092811030085809,https://n.news.naver.com/mnews/article/008/0005422014?sid=101,"Mon, 05 Oct 2026 06:20:00 +0900",2026-10-05 10:45:33
뷰티/화장품,화장품 주가,"한국콜마, 선케어 줄고 스킨케어 확대…하반기 성장 이어간다",국내 화장품 시장에서 이어지는 견조한 수요와 해외 고객사 확대는 한국콜마의 중장기 성장 기반으로 꼽힌다. 여기에 수주가 꾸준히 늘고 있다는 점은 생산 과정에서 발생한 일시적인 공급 차질과 구분해서 볼 필요가... ,https://www.pinpointnews.co.kr/news/articleView.html?idxno=492635,https://www.pinpointnews.co.kr/news/articleView.html?idxno=492635,"Mon, 05 Oct 2026 09:00:00 +0900",2026-10-05 10:45:33
뷰티/화장품,화장품 주가,"LG생활건강, 닥터그루트 세포라 420곳 입점…반등 기대 커지나","교보증권은 최근 보고서에서 화장품 사업의 수익성 개선에도 생활용품과 음료 부문의 실적 부담이... 보일 것으로 전망하면서도 사업별 회복 가능성에 주목했다. 목표주가 31만원, 투자의견은 별도로 제시하지 않았다.",https://www.pinpointnews.co.kr/news/articleView.html?idxno=492631,https://www.pinpointnews.co.kr/news/articleView.html?idxno=492631,"Mon, 05 Oct 2026 08:30:00 +0900",2026-10-05 10:45:33
뷰티/화장품,화장품 주가,삼전 8000억 팔고 하닉 1.6조 샀다…국민연금 선택은,"금융투자업계 관계자는 &quot;주가 약세를 나타낸 SK하이닉스에 대한 매수가 이뤄졌고 유가와 금리가 변동되는 시장 매크로 상황에 따라 정유주, 금융주, 화장품 주 등의 비중 조정이 나타난 것으로 보인다&quot;고 말했다.... ",https://www.mt.co.kr/stock/2026/10/05/2026100217232429211,https://n.news.naver.com/mnews/article/008/0005422035?sid=101,"Mon, 05 Oct 2026 08:00:00 +0900",2026-10-05 10:45:33
뷰티/화장품,화장품 주가,"한때 '화장품 대장주' 아모레퍼시픽, 다시 성장 시동…이번엔 美·유럽...","중국인 관광객과 현지 화장품 수요가 급증하면서 실적과 주가가 함께 가파른 상승세를 탔고, 2015년 7월에는 주가가 45만원까지 치솟았다. 하지만 중국 의존도가 높았던 만큼 대외 변수의 충격도 컸다. 2016년 사드(THAAD... ",https://www.newsis.com/view/NISX20261002_0003813192,https://n.news.naver.com/mnews/article/003/0014232645?sid=101,"Sun, 04 Oct 2026 11:00:00 +0900",2026-10-05 10:45:33
뷰티/화장품,화장품 주가,"KB증권, 10월 첫째주 티씨케이 등 7종목 매수 추천","화장품 매출은 7080억원(+6.9%), 영업이익 177억원으로 흑자전환할 전망. 생활용품과 음료 부문은 원가 상승으로 수익성 부진이 예상돼 3분기 실적에 대해서는 보수적 접근 필요. 목표주가 33만원과 투자의견 Buy... ",https://www.bigtanews.co.kr/article/view/big202610040003,https://www.bigtanews.co.kr/article/view/big202610040003,"Sun, 04 Oct 2026 10:42:00 +0900",2026-10-05 10:45:33
뷰티/화장품,화장품 주가,3분기 ETF 왕좌는 원유 선물…환율 급락에 달러 인버스도 '방긋',"달러·원 환율은 오후 3시 30분 주간 종가 기준 6월 말 1549.4원에서 9월 말 1352.8원으로 196.6원(12.69... 국내 주식형에서는 화장품과 은행 ETF가 선전했다. 'SOL 화장품TOP3플러스'는 14.70%, 'TIGER 화장품'은 11.47% 올랐다.... ",https://www.news1.kr/finance/general-stock/6309193,https://n.news.naver.com/mnews/article/421/0009208564?sid=101,"Sun, 04 Oct 2026 06:00:00 +0900",2026-10-05 10:45:33
뷰티/화장품,화장품 주가,"동국제약 마데카크림, 미국·일본 뚫었다…해외로 넓어지는 성장판","마데카크림의 국내 성공을 해외 시장으로 확장할 수 있다면 화장품 사업이 전체 성장에서 차지하는 역할도 한층 커질 것으로 예상된다. 목표주가 3만원, 투자의견은 매수를 제시했다.",https://www.pinpointnews.co.kr/news/articleView.html?idxno=492466,https://www.pinpointnews.co.kr/news/articleView.html?idxno=492466,"Sat, 03 Oct 2026 14:50:00 +0900",2026-10-05 10:45:33
뷰티/화장품,화장품 주가,알테오젠·펩트론 밀린 생물공학주...중소형 바이오주 희비,"코아스템켐온은 줄기세포 치료제 임상 데이터 발표 기대감이 주가를 뒷받침했다. 오리엔트바이오, 팬젠... 바이오니아는 탈모 완화 화장품의 해외 판매 증가와 RNAi 기반 신약 개발 모멘텀이 긍정적인 영향을 미쳤다.... ",https://www.pinpointnews.co.kr/news/articleView.html?idxno=492447,https://www.pinpointnews.co.kr/news/articleView.html?idxno=492447,"Sat, 03 Oct 2026 12:06:00 +0900",2026-10-05 10:45:33
뷰티/화장품,화장품 주가,IPO 공모액 58% 급감했지만…9월 상장 새내기주 7곳 모두 첫날 급등,주가 주도하며 코스닥 중심의 회복세를 보였다. 반면 부채자본시장(DCM)은 한국은행과 미국 연방준비제도의 연속 기준금리 인상 여파로 전년 대비 40% 넘게 쪼그라든 모습이다. ■ K뷰티 수출 재편: 국내 화장품... ,https://www.sedaily.com/article/20097881?ref=naver,https://n.news.naver.com/mnews/article/011/0004667957?sid=101,"Sat, 03 Oct 2026 10:25:00 +0900",2026-10-05 10:45:33
뷰티/화장품,화장품 주가,[주간 코스닥 기관] 반도체 장비주 대거 담았다… 리노공업 순매수 1위,화장품 관련주인 코스메카코리아와 로봇 관련주인 빅웨이브로보틱스도 기관의 매도 대상이 됐다. 기관... 다만 반도체 업종에서도 매수와 매도가 동시에 나타나면서 업종 전체보다는 개별 기업의 실적 전망과 주가... ,https://www.pinpointnews.co.kr/news/articleView.html?idxno=492414,https://www.pinpointnews.co.kr/news/articleView.html?idxno=492414,"Sat, 03 Oct 2026 07:00:00 +0900",2026-10-05 10:45:33
뷰티/화장품,화장품 주가,"동국제약, IBK 목표가 3만원 제시에 장중 강세","IBK투자증권은 동국제약에 투자의견 ‘매수’와 목표주가 3만원을 제시했다. 정이수 연구원은 제약 사업의 안정성과 화장품 중심 헬스케어 부문의 성장성을 평가하고, 해외 매출 확대와 수익성 개선이 기업가치... ",https://www.vegannews.co.kr/news/article.html?no=390546,https://www.vegannews.co.kr/news/article.html?no=390546,"Fri, 02 Oct 2026 20:50:00 +0900",2026-10-05 10:45:33
뷰티/화장품,화장품 주가,"주가로 읽는 K-뷰티: 외국인 자금, ODM·뷰티테크에 집중",네이버증권 자료를 바탕으로 2025년 10월 1일과 2026년 10월 1일 기준 주요 K-뷰티 기업 7곳의 주가와 외국인... 결국 외국인 투자자들이 선택한 것은 단순한 화장품 기업이 아니다. 그들은 미국 시장 확대를... ,https://www.thebk.co.kr/news/articleView.html?idxno=312022,https://www.thebk.co.kr/news/articleView.html?idxno=312022,"Fri, 02 Oct 2026 20:42:00 +0900",2026-10-05 10:45:33
뷰티/화장품,화장품 주가,[헬로스톡] 10/2 주목할 종목 : 동국제약·CJ제일제당·NAVER·아이씨티케...,"목표주가는 12개월 선행 EPS 2,098원에 적정 PER(주가수익비율) 14.1배를 적용해 산출했으며, 제약 피어(9.8배)와 브랜드 화장품 피어(20.5배)를 혼합 반영했다. 동국제약의 성장 엔진은 더마코스메틱 브랜드... ",https://www.hellot.net/news/article.html?no=115279,https://www.hellot.net/news/article.html?no=115279,"Fri, 02 Oct 2026 18:24:00 +0900",2026-10-05 10:45:33
뷰티/화장품,화장품 주가,반도체 무관한 신세계·달바는 9개월째 순매수,화장품 수출 실적이 확인되면서 올해 실적 기대가 커진 게 순매수 이유로 꼽힌다. 신세계의 순매수... 외국인이 연속 순매수한 종목의 가장 큰 공통점은 반도체 관련주가 없다는 것이다. 8개월 이상 순매수를... ,https://www.hankyung.com/article/2026100210381,https://n.news.naver.com/mnews/article/015/0005338736?sid=101,"Fri, 02 Oct 2026 18:05:00 +0900",2026-10-05 10:45:33
뷰티/화장품,뷰티 산업,51만명 몰린 ‘제26회 소래포구축제’ 성료…공연·체험·지역산업 어우...,"소래 고유의 생태와 수산자원, 역사에 문화예술과 K-뷰티, K-푸드까지 접목해 보고, 걷고, 체험하는 차별화된... 이병래 남동구청장은 &quot;올해 소래포구축제는 소래가 가진 생태·역사·수산자원에 문화와 지역산업을 더해... ",https://www.asiatoday.co.kr/kn/view.php?key=20261005010001031,https://www.asiatoday.co.kr/kn/view.php?key=20261005010001031,"Mon, 05 Oct 2026 10:34:00 +0900",2026-10-05 10:45:34
뷰티/화장품,뷰티 산업,"신세계 하이퍼그라운드, 뉴욕 첫 팝업…K-뷰티 30여개 브랜드 선보여",12월31일까지 허드슨야드서 운영…태국·일본 이어 미국 첫선 성분에디터·믹순·힌스·삐아 등 참여…뷰티부... 신세계백화점은 올해 상반기 산업통상자원부와 대한무역투자진흥공사(KOTRA)의 ‘유통기업 해외진출... ,https://www.seoultimes.news/news/article.html?no=2000100540,https://www.seoultimes.news/news/article.html?no=2000100540,"Mon, 05 Oct 2026 10:33:00 +0900",2026-10-05 10:45:34
뷰티/화장품,뷰티 산업,"대구 중구, 관광 융복합 비즈니스 모델 경진 대회 참가자 모집",이번 대회는 K-패션·뷰티·라이프 분야 등 중구 관광 산업을 활성화할 창의적인 창업 아이디어를 발굴하기 위해 마련됐습니다. 대구에 사는 19살 이상 39살 이하 예비 창업자 또는 7년 이내 초기 창업 기업 대표자라면... ,https://dgmbc.com/NewsArticle/865391,https://n.news.naver.com/mnews/article/657/0000055968?sid=103,"Mon, 05 Oct 2026 10:22:00 +0900",2026-10-05 10:45:34
뷰티/화장품,뷰티 산업,"[똑똑한유통] 신세계면세점, 스타벅스, CJ제일제당, 현대백화점, 신세계...",에디션'은 산업통상자원부·대한무역투자진흥공사(KOTRA)의 '유통기업 해외진출 지원사업'과 연계해 마련했다. 성수·북촌·한남 등 서울 지역의 특색을 현대적으로 재해석해 K-뷰티와 라이프스타일을 소개한다.... ,https://www.ekn.kr/web/view.php?key=20261005025102249,https://www.ekn.kr/web/view.php?key=20261005025102249,"Mon, 05 Oct 2026 10:00:00 +0900",2026-10-05 10:45:34
뷰티/화장품,뷰티 산업,소래포구축제 사흘간 51만명 찾았다…공연·체험·먹거리 '풍성',"지역산업과 연계한 프로그램도 마련됐다. 남동산단 화장품 기업들이 참여한 K-뷰티 특화공간과 소래 먹거리·K-푸드 부스를 운영했으며, 주민 140여명이 직접 제작한 어등을 활용한 경관시설과 휴식 공간도 조성했다.... ",https://www.shinailbo.co.kr/news/articleView.html?idxno=5068564,https://www.shinailbo.co.kr/news/articleView.html?idxno=5068564,"Mon, 05 Oct 2026 09:50:00 +0900",2026-10-05 10:45:34
뷰티/화장품,뷰티 산업,성수·북촌·한남이 뉴욕에…신세계 하이퍼그라운드 美 첫 진출,K뷰티·라이프스타일 브랜드를 선보인다. 성분에디터·믹순·온그리디언츠 등 스킨케어 브랜드와 힌스·삐아... 뉴욕 팝업은 산업통상자원부와 대한무역투자진흥공사(KOTRA)의 '유통기업 해외진출 지원사업'에 선정되면서... ,https://www.mt.co.kr/living/2026/10/05/2026100509160034145,https://n.news.naver.com/mnews/article/008/0005422054?sid=101,"Mon, 05 Oct 2026 09:45:00 +0900",2026-10-05 10:45:34
뷰티/화장품,뷰티 산업,"46도인데 부드럽네…벤로막 12년, 스모키 풍미로 韓 공략[리얼로그M]","유통을 비롯해 식품, 패션·뷰티와 중소·중견기업 등 다양한 분야를 취재하는 머니투데이(M) 산업 기자들의 '현실 기록(Real+Log)'. 각 현장에서 직접 보고, 묻고, 듣고, 느낀 것을 가감 없이 생생하게 풀어내 본다. &quot;한국을... ",https://www.mt.co.kr/living/2026/10/05/2026100216423247381,https://n.news.naver.com/mnews/article/008/0005422045?sid=101,"Mon, 05 Oct 2026 09:23:00 +0900",2026-10-05 10:45:34
뷰티/화장품,뷰티 산업,"성수·북촌 감성 뉴욕으로…신세계 하이퍼그라운드, 美 첫 팝업",상반기 산업통상자원부와 대한무역투자진흥공사(KOTRA)의 ‘유통기업 해외진출 지원사업’에 선정되면서 추진됐다. ‘뉴트로 서울(Newtro Seoul)-뉴욕 에디션’을 주제로 현지 고객과 뉴욕을 찾는 관광객에게 한국의 뷰티... ,https://zdnet.co.kr/view/?no=20261004231357,https://n.news.naver.com/mnews/article/092/0002439826?sid=103,"Mon, 05 Oct 2026 09:21:00 +0900",2026-10-05 10:45:34
뷰티/화장품,뷰티 산업,"신세계백화점, 하이퍼그라운드 미국 첫 진출…뉴욕 허드슨야드에 팝업","K뷰티ㆍ라이프스타일 30여개 브랜드 참여 산업부ㆍKOTRA 지원사업으로 미국 시장 반응ㆍ데이터 확보 신세계백화점의 국내 유망 브랜드 육성 플랫폼 ‘하이퍼그라운드’가 미국 시장에 첫 진출한다. 태국, 일본 등에 이어... ",https://www.dnews.co.kr/uhtml/view.jsp?idxno=202610050905037690421,https://www.dnews.co.kr/uhtml/view.jsp?idxno=202610050905037690421,"Mon, 05 Oct 2026 09:20:00 +0900",2026-10-05 10:45:34
뷰티/화장품,뷰티 산업,"[더벨][바로팜 IPO] 피어그룹 확대, 플랫폼에 유통·PB사업 탑재",K-뷰티 산업의 인지도가 높아지며 외국인 관광객의 약국 결제액이 고공행진하고 있다. 약국에서 판매하는 고기능성 스킨케어 등 제품에 대한 관심이 커진 결과로 풀이된다. 바로팜은 자체 화장품 PB 사업을 펼치고 있다.... ,https://www.thebell.co.kr/free/content/ArticleView.asp?key=202610021418164680105125,https://www.thebell.co.kr/free/content/ArticleView.asp?key=202610021418164680105125,"Mon, 05 Oct 2026 08:42:00 +0900",2026-10-05 10:45:34
뷰티/화장품,뷰티 산업,"신세계백화점, 뉴욕 허드슨야드서 12월까지 K-뷰티 팝업 운영",미국 현지 고객과 글로벌 관광객을 대상으로 K-뷰티와 라이프스타일 콘텐츠를 선보이는 이번 행사는 태국·일본에 이어 미국 시장에 처음 진출하는 사례다. 신세계백화점은 올해 상반기 산업통상자원부와 KOTRA의... ,https://www.straightnews.co.kr/news/articleView.html?idxno=312505,https://www.straightnews.co.kr/news/articleView.html?idxno=312505,"Mon, 05 Oct 2026 07:54:00 +0900",2026-10-05 10:45:34
뷰티/화장품,뷰티 산업,"신세계 하이퍼그라운드, 뉴욕 첫 상륙 “서울의 뷰티를 뉴욕으로”","이번 팝업스토어는 태국, 일본 등에 이어 세계 최대 뷰티 시장 중 하나인 미국에 첫 진출하는 사례로, 뉴욕 팝업스토어는 올해 상반기 산업통상자원부·대한무역투자진흥공사(KOTRA)의 ‘유통기업 해외진출 지원사업’에... ",https://www.etoday.co.kr/news/view/2632384,https://www.etoday.co.kr/news/view/2632384,"Mon, 05 Oct 2026 07:52:00 +0900",2026-10-05 10:45:34
뷰티/화장품,뷰티 산업,한국 기업 30곳 나이로비 집결…K-라이프스타일로 아프리카 공략,"한국의 식품, 뷰티, 전자제품 기업 30곳 이상이 케냐 나이로비에 모여 현지 바이어와 200건이 넘는 비즈니스... 케냐 ICT·디지털경제부 수석 사무차관인 존 타누이는 한국과 케냐의 관계가 기술과 산업 혁신에서 역량을... ",https://www.g-enews.com/view.php?ud=2026100507034033982bd56fbc3c_1,https://www.g-enews.com/view.php?ud=2026100507034033982bd56fbc3c_1,"Mon, 05 Oct 2026 07:08:00 +0900",2026-10-05 10:45:34
뷰티/화장품,뷰티 산업,"신세계 하이퍼그라운드, 美뉴욕 상륙...연말까지 팝업","올해 상반기 산업통상자원부·대한무역투자진흥공사(KOTRA)의 '유통기업 해외진출 지원사업'에 선정됨에 따른... 이너뷰티, 라이프스타일 브랜드까지총 30여개 브랜드가 참여한다. 신세계백화점은 이번 뉴욕 팝업을 통해... ",https://www.slist.kr/news/articleView.html?idxno=771003,https://www.slist.kr/news/articleView.html?idxno=771003,"Mon, 05 Oct 2026 07:06:00 +0900",2026-10-05 10:45:34
뷰티/화장품,뷰티 산업,1030 잡은 무신사 뷰티로 '신제품' 몰린다…월평균 100개 단독 선론칭,지난 8월에는 맥이 장 미셸 바스키아 협업 한정판 에디션을 무신사 뷰티 온라인에서 단독 선론칭했다. 대기업 브랜드의 신제품 출시도 이어지고 있다. 애경산업 메이크업 브랜드 '루나(LUNA)'는 지난달 30일 새로운 라인업... ,https://www.ngetnews.com/news/articleView.html?idxno=554035,https://www.ngetnews.com/news/articleView.html?idxno=554035,"Mon, 05 Oct 2026 07:00:00 +0900",2026-10-05 10:45:34
뷰티/화장품,뷰티 산업,&quot;서울의 뷰티를 뉴욕 한복판으로&quot;....신세계 하이퍼그라운드 미국 뉴욕...,K-뷰티와 라이프스타일 콘텐츠를 선보일 예정이라고 5일 밝혔다. 신세계백화점은 올해 상반기 산업통상자원부·대한무역투자진흥공사(KOTRA)의 '유통기업 해외진출 지원사업'에 선정돼 하이퍼그라운드 뉴욕 팝업 '뉴트로... ,http://www.popcornnews.net/news/articleView.html?idxno=134917,http://www.popcornnews.net/news/articleView.html?idxno=134917,"Mon, 05 Oct 2026 06:32:00 +0900",2026-10-05 10:45:34
뷰티/화장품,뷰티 산업,신세계 하이퍼그라운드 미국 상륙…연말까지 뉴욕 팝업 운영,신세계백화점이 국내 뷰티·라이프스타일 브랜드를 앞세워 미국 시장 공략에 나선다. 유망 브랜드를 발굴... 이번 팝업은 산업통상자원부와 대한무역투자진흥공사(KOTRA)의 ‘유통기업 해외진출 지원사업’을 통해... ,https://www.dailian.co.kr/news/view/1697793/?sc=Naver,https://n.news.naver.com/mnews/article/119/0003139409?sid=101,"Mon, 05 Oct 2026 06:01:00 +0900",2026-10-05 10:45:34
뷰티/화장품,뷰티 산업,"바이오 접고 화장품 담는다… 동원, 빚내서 부실기업 떠안나",동원이 참존 인수에 나선 것은 성장세가 이어지는 K뷰티 시장에 빠르게 진입하고 해외 소비재 사업의... 지주사인 동원산업의 연결 기준 유동 현금성 자산은 지난해 말 7441억원에서 올해 6월 말 5692억원으로 23.5... ,https://it.chosun.com/news/articleView.html?idxno=2023092171348,https://it.chosun.com/news/articleView.html?idxno=2023092171348,"Mon, 05 Oct 2026 06:00:00 +0900",2026-10-05 10:45:34
뷰티/화장품,K뷰티 수출,[실적 왜이래] “미샤가 다시 뜬다고?”…美서 2.5배 성장한 ‘1세대 K뷰...,미국과 유럽을 중심으로 해외 소비자와 접점을 넓히며 '1세대 K뷰티'에서 글로벌 브랜드로 체질을 바꾸는... 사업보고서 숫자를 뜯어보면 '수출형 미샤'의 색깔은 더욱 선명하다. 올해 상반기 에이블씨엔씨 별도 기준... ,https://www.ekn.kr/web/view.php?key=20261005027292101,https://www.ekn.kr/web/view.php?key=20261005027292101,"Mon, 05 Oct 2026 09:02:00 +0900",2026-10-05 10:45:35
뷰티/화장품,K뷰티 수출,코스맥스 생산량 2년새 46%↑…K뷰티 인디브랜드가 키웠다,"K뷰티 수요가 증가한 영향이다. 올해 상반기 기초제품 생산량은 약 2억8000만개로, 지난해 연간 기초제품 생산량의 75%에 달했다. 신규 고객사도 대부분 인디브랜드다. 국내에서 인지도를 쌓은 뒤 수출에 나서는 것뿐... ",https://www.g-enews.com/view.php?ud=202610021442437667740eacf404_1,https://www.g-enews.com/view.php?ud=202610021442437667740eacf404_1,"Mon, 05 Oct 2026 09:00:00 +0900",2026-10-05 10:45:35
뷰티/화장품,K뷰티 수출,"[추천주 직썰] &quot;탈중국 전략, 통했다&quot;…K뷰티주, 미·유럽 '질주'","◇한국콜마, 글로벌 인디 브랜드 러브콜…국내외 ODM 수주 폭발 한국콜마는 K뷰티 수출 확대에 발맞춰 수주 물량을 빠르게 채우고 있다. NH투자증권은 중국과 홍콩을 제외한 한국 화장품 수출이 2026년 28% 늘어날... ",https://www.ziksir.com/news/articleView.html?idxno=148189,https://www.ziksir.com/news/articleView.html?idxno=148189,"Mon, 05 Oct 2026 06:00:00 +0900",2026-10-05 10:45:35
뷰티/화장품,K뷰티 수출,의약품 GMP 적합판정 '효력정지' 신설…위반 정도 따라 제재 차등,"해외 위조 화장품 대응과 수출 지원을 위한 근거도 마련됐다. 식약처장이 지식재산처와 협업해 해외 위조... 백종헌 의원은 &quot;위조 화장품으로부터 K-뷰티와 소비자를 지키는 일, 제약기업이 위반 정도에 맞는 제재를 받도록... ",http://www.medisobizanews.com/news/articleView.html?idxno=142834,http://www.medisobizanews.com/news/articleView.html?idxno=142834,"Sun, 04 Oct 2026 20:58:00 +0900",2026-10-05 10:45:35
뷰티/화장품,K뷰티 수출,호남 최대 뷰티산업전 &quot;아이돌 메이크업부터 AI 피부진단까지&quot;,"있던 K-뷰티 제품과 기술을 더 쉽게 이해할 수 있었다&quot;고 말했다. 4일, 전남광주통합특별시 서구... 지역 뷰티기업의 판로 확대를 위한 비즈니스 행사라는 점에서도 의미를 더했다. KOTRA와 연계한 해외 바이어 수출상담회에... ",http://www.gjdream.com/news/articleView.html?idxno=673196,http://www.gjdream.com/news/articleView.html?idxno=673196,"Sun, 04 Oct 2026 20:52:00 +0900",2026-10-05 10:45:35
뷰티/화장품,K뷰티 수출,스킨케어 다음은 색조… K뷰티 글로벌 사업 확장,스킨케어 중심으로 수출이 급성장하면서 색조화장품 비중은 상대적으로 감소한 것이다. K뷰티가 스킨케어 중심으로 성장한 것은 색조화장품의 해외 진출이 상대적으로 까다롭기 때문이다. 국가와 인종별로 피부톤이... ,https://www.fnnews.com/news/202610041852054179,https://n.news.naver.com/mnews/article/014/0005584809?sid=101,"Sun, 04 Oct 2026 18:53:00 +0900",2026-10-05 10:45:35
뷰티/화장품,K뷰티 수출,&quot;PDRN 등 고부가 소재 확대… 3년내 포트폴리오 업그레이드&quot; [C리즈],최근 K뷰티 수출 증가에 힘입어 원료 사업이 성장하고 있는 가운데 연구개발과 임상 역량을 강화해 매출 성장세를 이어가겠다는 구상이다. 제이투케이바이오의 실적 성장세는 뚜렷하다. 올 상반기 매출 267억3000만원... ,https://www.fnnews.com/news/202610041841112982,https://n.news.naver.com/mnews/article/014/0005584801?sid=103,"Sun, 04 Oct 2026 18:42:00 +0900",2026-10-05 10:45:35
뷰티/화장품,K뷰티 수출,&quot;K브랜드 짝퉁 막자&quot; 중기부·지재처 협의체 가동,최근 한류 열풍에 따라 K뷰티·K패션·K푸드 위조품이 쏟아지면서 수출 중소기업들의 피해가 커지고 있다. 중기부에 따르면 실제 K뷰티 브랜드 '조선미녀'의 인기 제품인 '맑은 쌀 선크림'은 아마존과 틱톡샵 등에서... ,https://www.fnnews.com/news/202610041841265827,https://n.news.naver.com/mnews/article/014/0005584805?sid=101,"Sun, 04 Oct 2026 18:42:00 +0900",2026-10-05 10:45:35
뷰티/화장품,K뷰티 수출,[단독] K뷰티 등 소액 상거래 수출 한눈에 파악하는 통계 나온다,목록통관은 K뷰티·K패션 등 한류 소비재 역직구가 늘면서 최근 소액 전자상거래 수출의 주요 통로로 떠오르고 있다. 목록통관 수출금액은 빠르게 늘고 있다. 지난해 10억837만달러로 10억달러를 넘어섰다. 하지만 150달러... ,https://www.mk.co.kr/article/12168157,https://n.news.naver.com/mnews/article/009/0005743838?sid=101,"Sun, 04 Oct 2026 17:33:00 +0900",2026-10-05 10:45:35
뷰티/화장품,K뷰티 수출,K-뷰티부터 AI까지…중국 선전에 모이는 6천 명의 경제인들,"선전’에서는 뷰티, 식품, 패션 등 소비재부터 모빌리티, 인공지능(AI) 등 첨단 산업 분야의 기술과 제품이 대거 소개됩니다. 참가 기업들은 월드옥타 회원 및 현지 바이어들과 만나 수출, 유통, 사업 협력 방안을... ",http://mbn.mk.co.kr/pages/news/newsView.php?category=mbn00007&news_seq_no=5223014,https://n.news.naver.com/mnews/article/057/0001971957?sid=103,"Sun, 04 Oct 2026 16:59:00 +0900",2026-10-05 10:45:35
뷰티/화장품,K뷰티 수출,"K뷰티·K푸드 '짝퉁' 기승...중기부·지재처, 해외 위조품 공동 대응",최근 한류 열풍에 따라 K뷰티·K패션·K푸드 위조품이 쏟아지면서 수출 중소기업들의 피해가 커지고 있다. 중기부에 따르면 실제 K뷰티 브랜드 '조선미녀'의 인기 제품인 '맑은 쌀 선크림'은 아마존과 틱톡샵 등에서... ,https://www.fnnews.com/news/202610041447084891,https://n.news.naver.com/mnews/article/014/0005584708?sid=101,"Sun, 04 Oct 2026 15:02:00 +0900",2026-10-05 10:45:35
뷰티/화장품,K뷰티 수출,"스킨케어 다음은 색조…K뷰티, 글로벌 영토 넓힌다",스킨케어 중심으로 수출이 급성장하면서 색조화장품 비중은 상대적으로 감소한 것이다. K뷰티가 스킨케어 중심으로 성장한 것은 색조화장품의 해외 진출이 상대적으로 까다롭기 때문이다. 국가와 인종별로 피부톤이... ,https://www.fnnews.com/news/202610041204283831,https://n.news.naver.com/mnews/article/014/0005584704?sid=101,"Sun, 04 Oct 2026 14:58:00 +0900",2026-10-05 10:45:35
뷰티/화장품,K뷰티 수출,"중기부·지재처, K-브랜드 지식재산 보호협의체 발족","한류 열풍 등에 힘입어 K-뷰티, K-패션 등 K-브랜드의 인기가 커지며 우리 제품의 상표나 디자인 등이 무단으로 도용되거나 모방된 제품이 글로벌 플랫폼이나 오프라인 매장을 통해 유통되는 사례가 크게 늘면서 수출 기업의... ",https://www.itbiznews.com/news/articleView.html?idxno=227022,https://www.itbiznews.com/news/articleView.html?idxno=227022,"Sun, 04 Oct 2026 11:00:00 +0900",2026-10-05 10:45:35
뷰티/화장품,K뷰티 수출,정부 K-컬처 2030년 400조 원 목표... &quot;실질적 수출·계약 성과관리 체계...,"이는 콘텐츠(150.6조 원), 예술(32조 원), 전통문화(8.6조 원) 등 문화창조산업과 외래관광·K-푸드·K-뷰티·K-패션 등 라이프스타일 수출(82.9조 원)을 합산한 수치다. 정부는 K-컬처 수출액 역시 2025년 잠정 718억 달러에서... ",https://www.tournews21.com/news/articleView.html?idxno=144930,https://www.tournews21.com/news/articleView.html?idxno=144930,"Sun, 04 Oct 2026 09:56:00 +0900",2026-10-05 10:45:35
뷰티/화장품,K뷰티 수출,주류회사가 K팝·네일·친환경 옷에 꽂힌 이유…117억 스타트업 실험,규모 수출 계약을 맺었다. 2024년에는 아마존과 파트너십 계약을 체결하고 샤넬 R&amp;I팀과 개념검증(PoC) 프로젝트를 진행했다. 올해는 미국 대형 뷰티 유통업체 샐리뷰티의 공식 벤더사 계약까지 체결했다. 현재 미국과... ,https://www.segye.com/newsView/20261004501367?OutUrl=naver,https://n.news.naver.com/mnews/article/022/0004163877?sid=101,"Sun, 04 Oct 2026 08:42:00 +0900",2026-10-05 10:45:35
운송/물류,운송 주가,"삼성전자 실적 앞둔 코스피, '7천피' 지킬까…美 금리·반도체가 변수","◆ 코스피, 한주간 1.09% 하락…주 후반 7000선 회복 4일 한국거래소와 금융정보서비스업체 연합인포맥스에... 필라델피아 반도체 지수는 2.40% 상승했고 러셀2000지수와 다우 운송지수도 각각 0.94%, 2.07% 올랐다.... ",https://www.econovill.com/news/articleView.html?idxno=752704,https://www.econovill.com/news/articleView.html?idxno=752704,"Sun, 04 Oct 2026 18:38:00 +0900",2026-10-05 10:45:36
운송/물류,운송 주가,해상운임 뛰자 웃는 LX인터내셔널…3분기 실적 기대 웃돈다,"여기에 중동 지역의 지정학적 불안까지 겹치면서 해상 운송 비용의 상승세가 이어지고 있다. LX인터내셔널은... 하나증권에 따르면 LX인터내셔널의 2026년 기준 주가수익비율(PER)은 5.1배, 주가순자산비율(PBR)은 0.5배... ",https://www.pinpointnews.co.kr/news/articleView.html?idxno=492575,https://www.pinpointnews.co.kr/news/articleView.html?idxno=492575,"Sun, 04 Oct 2026 15:04:00 +0900",2026-10-05 10:45:36
운송/물류,운송 주가,WTI는 내렸지만 브렌트유는 102달러…뉴욕증시 흔들 변수는?,겹치면 운송비와 생산비 부담이 늘어나 기업의 수익성이 악화할 수 있다. 중소형주 중심의 러셀2000지수도 약세를 보이고 있다. 이 지수는 8월 중순 고점을 기록한 뒤 지난주까지 약 8% 하락했다. 대형 기술주가 시장의... ,https://www.pinpointnews.co.kr/news/articleView.html?idxno=492518,https://www.pinpointnews.co.kr/news/articleView.html?idxno=492518,"Sun, 04 Oct 2026 07:52:00 +0900",2026-10-05 10:45:36
운송/물류,운송 주가,[마켓인사이트] 삼전 실적발표 앞둔 韓증시…'7천피' 지켜낼까,뉴욕 3대 주가지수 동반 상승…S&amp;P500 0.73%↑·나스닥 1.19%↑ 필라델피아 반도체 지수 2.40% 급등…마이크론... 필라델피아 반도체 지수가 2.40% 급등한 가운데 러셀2000지수와 다우 운송지수는 0.94%와 2.07%씩 상승했다.... ,https://www.yna.co.kr/view/AKR20261003023000008?input=1195m,https://n.news.naver.com/mnews/article/001/0016356190?sid=101,"Sun, 04 Oct 2026 06:00:00 +0900",2026-10-05 10:45:36
운송/물류,운송 주가,[심층분석] &quot;쌍끌이 자금 유입이 주가 갈랐다&quot;…4분기 수급 상위 업종 수...,완성차와 부품주가 포진한 자동차·운송장비 업종 역시 주주환원 정책과 글로벌 판매 실적 호조가 어우러지며 3~5%대의 견조한 상승률을 나타냈다. 고배당과 밸류업 모멘텀을 보유한 금융 업종 또한 외국인과 기관의... ,https://www.thefairnews.co.kr/news/articleView.html?idxno=89722,https://www.thefairnews.co.kr/news/articleView.html?idxno=89722,"Sun, 04 Oct 2026 00:00:00 +0900",2026-10-05 10:45:36
운송/물류,운송 주가,"BDI 3000까지 치솟았다…팬오션, 벌크선 타고 실적 질주","피더선은 대형 항만과 중소형 항만을 연결하는 단거리 운송 선박이다. 피더선 수요가 유지될 경우... VLCC 편입 효과를 바탕으로 이익 증가세를 이어갈 것으로 전망된다. 목표주가 9000원, 투자의견은 매수를 유지했다.",https://www.pinpointnews.co.kr/news/articleView.html?idxno=492479,https://www.pinpointnews.co.kr/news/articleView.html?idxno=492479,"Sat, 03 Oct 2026 15:52:00 +0900",2026-10-05 10:45:36
운송/물류,운송 주가,"대한항공, 아시아나 통합 효과 본격화…&quot;2027년 이익 체력 달라진다&quot;",신한투자증권은 최근 보고서에서 대한항공의 통합 모멘텀과 원화 강세가 주가에 긍정적으로 작용하는... 아시아나항공과의 통합을 통해 항공 운송 규모가 커지면서 비용 효율성을 높일 수 있기 때문이다. 통합에 따른... ,https://www.pinpointnews.co.kr/news/articleView.html?idxno=492461,https://www.pinpointnews.co.kr/news/articleView.html?idxno=492461,"Sat, 03 Oct 2026 14:28:00 +0900",2026-10-05 10:45:36
운송/물류,운송 주가,"삼성E&amp;A, 3분기 영업익 2558억 전망…'글로벌 에너지 지도' 재편 수혜","수주가 이어질 것 이라고 밝혔다. 하나증권은 삼성E&amp;A의 3분기 매출액을 2조8000억원으로 추정했다. 지난해... 중동 지역의 지정학적 불안으로 운송비와 보험료 등 비용 증가에 대한 우려가 있지만, 관련 비용은 예비비... ",https://www.pinpointnews.co.kr/news/articleView.html?idxno=492459,https://www.pinpointnews.co.kr/news/articleView.html?idxno=492459,"Sat, 03 Oct 2026 14:16:00 +0900",2026-10-05 10:45:36
운송/물류,운송 주가,정유주 급등…미국·이란 충돌 재확대 우려에 S-Oil 10%대·SK이노베이션...,"관련주가 강세를 보이고 있다. S-Oil이 10% 넘게 급등했고 SK이노베이션도 8%대 상승세를 나타내며 정유주가... 경우 운송 차질과 해상 보험료 상승, 원유·석유제품 가격 변동성 확대 가능성이 남아 있다. 석유제품... ",https://www.cbci.co.kr/news/articleView.html?idxno=612093,https://www.cbci.co.kr/news/articleView.html?idxno=612093,"Sat, 03 Oct 2026 10:46:00 +0900",2026-10-05 10:45:36
운송/물류,운송 주가,"국민의힘, 장동혁·정점식 지도부 이재명정권 안보·민생 총체적 실정 ...",전 주가 부양에만 '올인'했던 금융당국이 시장 위험성을 방치했다는 점이 증명됐다&quot;고 꼬집었다.... 또한 &quot;제안형펀드에서도 원유운송시설 투자 사업 가치가 급락하며 103억 원의 손상차손이 발생하는 등 총... ,http://www.breaknews.com/1240860,http://www.breaknews.com/1240860,"Sat, 03 Oct 2026 10:20:00 +0900",2026-10-05 10:45:36
운송/물류,운송 주가,"[서울데이터랩]미국 증시, 기술주 강세에 일제히 상승 마감…나스닥 1%...","다우운송지수 역시 2만9.75로 405.24포인트(2.07%) 올라 경기 민감 업종 전반의 투자 심리도 개선된... 이날 미국 증시는 반도체와 대형 기술주가 지수 상승을 견인한 가운데, 변동성 지수 하락까지 더해지며... ",https://www.seoul.co.kr/news/economy/securities/2026/10/03/20261003500008?wlog_tag3=naver,https://n.news.naver.com/mnews/article/081/0003685782?sid=101,"Sat, 03 Oct 2026 09:20:00 +0900",2026-10-05 10:45:36
운송/물류,운송 주가,중국이 기름 수출 막자 정유주 ‘활짝’…에쓰오일 11%↑ [이런국장 저...,중국이 석유제품 수출을 중단하면서 국내 주요 정유 기업 주가가 10% 넘게 급등했다. 아시아 시장의 휘발유... 정유사의 수익성을 좌우하는 정제마진은 석유제품 판매가격에서 원유 가격과 운송·가공 비용 등을 뺀... ,https://www.sedaily.com/article/20097817?ref=naver,https://n.news.naver.com/mnews/article/011/0004667906?sid=101,"Sat, 03 Oct 2026 06:31:00 +0900",2026-10-05 10:45:36
운송/물류,운송 주가,[기업家] 엔비디아 ⑧ㅣ 中 '쿠다 대항마' 등장…AI 생태계 확장·안전 ...,시장에서는 엔비디아가 12개월 선행 주가수익비율(PER)이 16.5배로 낮은 수준에 머물자 자사주 매입을... 이 모래는 자율주행 트럭의 실제 화물 운송 상황을 재현하기 위한 시험용 적재물이었다. 로런 콴 플러스AI 마케팅... ,https://www.cbci.co.kr/news/articleView.html?idxno=611844,https://www.cbci.co.kr/news/articleView.html?idxno=611844,"Sat, 03 Oct 2026 00:06:00 +0900",2026-10-05 10:45:36
운송/물류,물류 산업,"국가 방사능 재난훈련 맞아?…교육·복지부, 5년 연속 불참","물류 비상대비훈련 등은 전 부처 의무 참여 대상이 아니다. 이에따라 2018년부터 올해까지 최근 9년간 부처별 방사능방재 연합훈련은 불참 기록을 보면 교육부와 복지부가 6회씩으로 최다였고, 문체부, 국토부, 산업부... ",https://www.busan.com/view/busan/view.php?code=2026100509031531296,https://n.news.naver.com/mnews/article/082/0001401108?sid=101,"Mon, 05 Oct 2026 10:04:00 +0900",2026-10-05 10:45:36
운송/물류,물류 산업,환율·밀값은 내리는데… 추석 끝나자 식품 가격표 올랐다,"업계는 원부자재와 인건비, 에너지·물류비 등 그동안 쌓인 비용을 이유로 들고 있습니다. 그런데... aT 식품산업통계정보에 따르면 미국 시카고상품거래소 소맥(SRW) 가격은 9월 1일 t당 280.72달러에서 9월 30일 248.... ",https://www.jibs.co.kr/news/articles/articlesDetail/66157?feed=na,https://n.news.naver.com/mnews/article/661/0000084340?sid=101,"Mon, 05 Oct 2026 10:00:00 +0900",2026-10-05 10:45:36
운송/물류,물류 산업,"전재수 부산시장, 주한스웨덴대사 접견…해양·산업 등 교류·협력","전 시장은 &quot;부산과 스웨덴은 바다를 기반으로 성장한 도시와 국가라는 공통점을 가지고 있다&quot;며 &quot;이번 만남을 계기로 친환경 선박, 스마트 물류 등 해양·항만 분야를 비롯해 경제·산업 분야에서도 서로의 강점을 공유하며... ",https://www.fnnews.com/news/202610050948580040,https://n.news.naver.com/mnews/article/014/0005584907?sid=102,"Mon, 05 Oct 2026 09:58:00 +0900",2026-10-05 10:45:36
운송/물류,물류 산업,합천 민선9기 출범 100일…71개 공약 확정·742억원 사업비 확보,"교통·산업 분야에서는 합천IC 인근 약 11만평 부지에 스마트 물류·산업단지를 조성하고, 남부내륙철도 합천역과 연계한 역세권 개발도 추진한다. 합천군은 주거와... ",http://www.breaknews.com/1240983,http://www.breaknews.com/1240983,"Mon, 05 Oct 2026 09:56:00 +0900",2026-10-05 10:45:36
운송/물류,물류 산업,우리 고장은 지금 = 울릉군,"2028년 개항을 목표로 순항 중인 울릉공항은 이동 시간을 획기적으로 단축하게 할 뿐만 아니라 관광과 물류, 의료, 산업 등 섬의 생활 생태계 전반을 뒤바꿀 핵심 기반 시설이다. 이제 울릉군은 공항 건설이라는 하드웨어적... ",https://www.kbmaeil.com/article/20261005500129,https://www.kbmaeil.com/article/20261005500129,"Mon, 05 Oct 2026 09:46:00 +0900",2026-10-05 10:45:36
운송/물류,물류 산업,"의성군, 신공항 주요기반 실행전략 수립 ‘속도’",이번 연구용역은 대구경북신공항을 물류특화 공항으로 육성하고 신공항 건설 효과를 지역 산업과 경제 활성화로 연결하기 위한 구체적인 실행전략을 마련하기 위해 추진됐다. 지난 3월 착수한 용역은 오는 12월 완료할... ,https://www.kbmaeil.com/article/20261005500068,https://www.kbmaeil.com/article/20261005500068,"Mon, 05 Oct 2026 09:00:00 +0900",2026-10-05 10:45:36
운송/물류,물류 산업,&quot;가격 올려도 불티&quot;…원자재 타격 뚫고 터진 인도 가전 대목,"구리와 알루미늄, 철강 등 원자재 가격과 물류비 상승 여파로 올해 세 번째 가격 인상이 단행되었으나... 인도 내구소비재 시장의 장기 성장 전망 보스턴컨설팅그룹과 인도산업연맹의 공동 보고서는 인도의 내구소비재... ",https://www.g-enews.com/view.php?ud=2026100508395615302bd56fbc3c_1,https://www.g-enews.com/view.php?ud=2026100508395615302bd56fbc3c_1,"Mon, 05 Oct 2026 08:58:00 +0900",2026-10-05 10:45:36
운송/물류,물류 산업,"[기고] 전북 피지컬 AI, 미래를 먼저 준비한 정책이 산업을 만든다","이를 위해 피지컬 AI 기술을 자동차와 부품, 농기계, 물류, 식품·농생명 등 전북이 이미 강점을 가진 산업과 연결해야 한다. 지역 중소기업의 생산성과 기술력을 높이는 동시에 새로운 기업을 끌어들이고, 지역 대학에서... ",https://www.gukjenews.com/news/articleView.html?idxno=3713130,https://www.gukjenews.com/news/articleView.html?idxno=3713130,"Mon, 05 Oct 2026 08:40:00 +0900",2026-10-05 10:45:36
운송/물류,물류 산업,"‘호남 반도체의 미래’ 구마모토 가보니… 열풍은 불었다, 파급은 글쎄...","1공장 완공 후 끝난 특수, 돈은 지역 밖으로 일본 정부는 한국·대만·미국 등에 밀린 반도체산업을... 따른 물류 촉진 등이 예상되며, 추가적인 경제 파급 효과가 기대된다”고 밝혔다. 현 쪽은 “새로운 고용이... ",https://h21.hani.co.kr/arti/economy/economy_general/59991.html,https://n.news.naver.com/mnews/article/036/0000054273?sid=101,"Mon, 05 Oct 2026 08:32:00 +0900",2026-10-05 10:45:36
운송/물류,해운 시장,호르무즈 선박 공격 다시 증가...원유수출 회복세 '찬물',"해운정보업체 케이플러는 이란을 제외한 중동 지역의 지난달 원유수출량이 하루 평균 1천650만 배럴로, 전쟁... 있는 것도, 이란 공격 재개로 원유 수송량이 다시 위축될 것이라는 시장의 우려가 반영된 것으로 분석했습니다.",https://www.ytn.co.kr/_ln/0104_202610050814334694,https://n.news.naver.com/mnews/article/052/0002414816?sid=104,"Mon, 05 Oct 2026 08:14:00 +0900",2026-10-05 10:45:37
운송/물류,해운 시장,중동 원유수출 회복세에 '찬물'…이란 호르무즈 공격 다시 증가,해운정보업체 케이플러(Kpler)에 따르면 지난달 1일부터 28일까지 이란을 제외한 중동 지역 원유 수출량은... 것이라는 시장의 우려가 반영된 것이라고 매체는 분석했다. 캐피털 이코노믹스의 수석 이코노미스트 하마드... ,https://www.yna.co.kr/view/AKR20261005007000009?input=1195m,https://n.news.naver.com/mnews/article/001/0016357276?sid=104,"Mon, 05 Oct 2026 07:26:00 +0900",2026-10-05 10:45:37
운송/물류,해운 시장,'휠라 신화' 윤윤수 회장은 절세의 달인?... '2세 승계' 본격화 조짐,"윤 회장은 한진해운과 미국계 유통회사 JC페니, 화승을 거쳐 1984년 대운무역, 1985년 케어라인을 각각... 시장과 재계는 작년부터 진행 중인 이런 일련의 움직임들이 미스토홀딩스도 이제 승계작업을 본격화하는... ",http://www.newsfc.co.kr/news/articleView.html?idxno=81538,http://www.newsfc.co.kr/news/articleView.html?idxno=81538,"Mon, 05 Oct 2026 07:00:00 +0900",2026-10-05 10:45:37
운송/물류,해운 시장,중고 화물선 가격 왜 비싼가 했더니…美서 中 가는 화물 2배 이상 늘었다,"5일 해운시황 정보 제공업체 BIMCO 등에 따르면, 올해 3분기까지 미국에서 중국으로 향한 드라이벌크... 벌크선 시장에선 당분간 호황이 이어질 수 있다는 전망도 나오고 있다. 액화천연가스(LNG) 운반선이 공급 부족과... ",https://www.dt.co.kr/article/12087308?ref=naver,https://n.news.naver.com/mnews/article/029/0003051342?sid=101,"Mon, 05 Oct 2026 05:30:00 +0900",2026-10-05 10:45:37
운송/물류,해운 시장,[리셋 코리아] 기술 경쟁력 넘어 국제 규칙 만드는 힘 키워야,"유럽연합은 역내 규제를 시장 접근의 조건으로 삼아 사실상의 세계 기준을 형성해 왔다. 국가의 크기가... 반도체와 해운, 탄소와 디지털 통상처럼 우리가 기술과 산업 기반을 갖춘 분야에서는 최소 10년 단위의 대표... ",https://www.joongang.co.kr/article/25467114,https://n.news.naver.com/mnews/article/025/0003555724?sid=110,"Mon, 05 Oct 2026 00:18:00 +0900",2026-10-05 10:45:37
운송/물류,해운 시장,"백악관이 AI 안전 서약과 ‘초지능’ 개명을 내놨지만, AI 사는 소비자는...",그는 지역 지도자들이 주민에게 정보를 공유해야 하며 더는 비밀을 요구할 이유가 없다고 덧붙였다.시장과 스타트업 거래 흐름에퀴티 에피소드는 AI와 직접 연결되지 않은 스타트업 소식도 함께 다룬다. 해운업을... ,https://www.wikitree.co.kr/articles/1163912,https://www.wikitree.co.kr/articles/1163912,"Sun, 04 Oct 2026 21:10:00 +0900",2026-10-05 10:45:37
운송/물류,해운 시장,&lt;현대해양&gt;창간 57주년 축사 | 반세기 넘는 역사 속 통찰 제시한 언론,1969년 창간 이래 &lt;현대해양&gt;은 반세기가 넘는 시간 동안 정부 정책과 시장 동향을 깊이 있게 분석하며 해양수산업의 든든한 동반자로 자리매김해 왔습니다. 급변하는 해운 환경 속에서도 정확한 정보와 통찰을 바탕으로... ,https://www.hdhy.co.kr/news/articleView.html?idxno=35391,https://www.hdhy.co.kr/news/articleView.html?idxno=35391,"Sun, 04 Oct 2026 12:58:00 +0900",2026-10-05 10:45:37
농업,농업 주가,美 중간선거 D-30...미 상원 지형 흔드는 공화·민주 격전지는,농업이 핵심 산업인 아이오와주는 관세와 비료·연료비 폭등으로 민심이 돌아섰다. 패럴림픽 농구 국가대표... 민주당의 수성 비상: 미시간·뉴햄프셔 민주당 역시 수성 지역구인 미시간주와 뉴햄프셔주가 공화당의... ,https://www.hankookilbo.com/news/article/A2026100410390000142?did=NA,https://n.news.naver.com/mnews/article/469/0000957615?sid=104,"Sun, 04 Oct 2026 16:17:00 +0900",2026-10-05 10:45:38
농업,농업 주가,민경선 고양시장 &quot;고양을 막걸리 문화 중심으로&quot;...전국 240여 종 한자리...,"민경선 시장은 &quot;고양의 대표 농산물인 가와지쌀과 지역 양조장의 우수한 막걸리를 널리 알리고, 우리 전통주가 대한민국을 넘어 세계인의 술로 사랑받는 계기가 되길 바란다&quot;며 지역 농업과 전통주 산업을 함께... ",https://www.ajunews.com/view/20261004112625840,https://www.ajunews.com/view/20261004112625840,"Sun, 04 Oct 2026 12:02:00 +0900",2026-10-05 10:45:38
농업,농업 주가,"미 전문가들 대진단, 미 중간선거가 바꾸는 것과 바꾸지 못하는 것…한...","기업형 농업과 식품 안전을 겨냥한 논의를 시작했다고 전했다. 러셀 파트너는 지난주 한 하원의원이... 그는 상원에서 노스캐롤라이나주가 넘어가고, 메인주에서는 수전 콜린스 상원의원이 승리할 것으로 보면서... ",https://www.asiatoday.co.kr/kn/view.php?key=20261002010000835,https://www.asiatoday.co.kr/kn/view.php?key=20261002010000835,"Fri, 02 Oct 2026 23:36:00 +0900",2026-10-05 10:45:38
농업,농업 주가,[종합] 美 9월 고용 2만9000명 '쇼크'…국채금리 급락,제프리스의 토머스 사이먼스 미국 담당 수석 이코노미스트는 &quot;8월 비농업 고용이 급증했고 최근 몇 주간 신규 실업수당 청구 건수가 역사적으로 낮은 수준을 기록한 점을 고려해 이러한 모멘텀이 이번 달에도 이어질... ,https://www.newspim.com/news/view/20261002001325,https://www.newspim.com/news/view/20261002001325,"Fri, 02 Oct 2026 22:17:00 +0900",2026-10-05 10:45:38
농업,농업 주가,[마켓펄스] &quot;간신히 지켜낸 7천피&quot;...고용지표 발표 앞두고 상승 마감,미국 9월 비농업 고용보고서 발표를 앞두고 개인의 대규모 매도물이 출회됐지만 기관이 수급 공백을... 00%) 등 광통신주가 강세를 보였다. 한편 서울 외환시장에서 달러·원 환율은 전 거래일보다 7.80원 내린 1350.... ,https://www.ntoday.co.kr/news/articleView.html?idxno=129817,https://www.ntoday.co.kr/news/articleView.html?idxno=129817,"Fri, 02 Oct 2026 18:26:00 +0900",2026-10-05 10:45:38
농업,농업 주가,[美 중간선거 D-30 ①] 트럼프 집권 후반기 명운 달려…'고유가' 성난 민...,그러나 농업 비중이 높은 아이오와에서는 관세로 농기계와 비료 등 농업 생산비 부담이 커진 데다... 대법원은 &quot;연방지방법원과 항소법원은 미주리주가 이번 선거에서 2025년 지도 사용을 명령하거나 요구해선 안 된다... ,https://www.polinews.co.kr/news/articleView.html?idxno=744760,https://www.polinews.co.kr/news/articleView.html?idxno=744760,"Fri, 02 Oct 2026 17:54:00 +0900",2026-10-05 10:45:38
농업,농업 주가,"충남도, 호주대사와 에너지 전환 및 기후위기 대응 협력 확대 논의",이와 함께 충남도에 이어 호주 남호주주가 글로벌 기후 행동 지방정부 연의체인 차기 '언더2연합(Under2... 충남 농업이 자랑하는 최고 품질의 명품 딸기와 스마트 농식품 기술을 현장에서 직접 오감으로 체험할 수 있는... ,https://www.newsworker.co.kr/news/articleView.html?idxno=507064,https://www.newsworker.co.kr/news/articleView.html?idxno=507064,"Fri, 02 Oct 2026 17:00:00 +0900",2026-10-05 10:45:38
농업,농업 주가,"원·달러 환율, 7.8원 내린 1350.6원","미 달러화 대비 원화 환율(원·달러 환율)은 2일 오후 3시 30분 1350.6원으로 주간 거래를 마쳤다. 직전 거래일... 미국 비(非) 농업 고용이 예상치보다 악화되지 않으면, 달러가 강세(환율 상승)를 보일 수 있다. 기준금리를... ",https://biz.chosun.com/policy/policy_sub/2026/10/02/K5MWREUOT5C5ZKFSCJX7JJJZWY/?utm_source=naver&utm_medium=original&utm_campaign=biz,https://n.news.naver.com/mnews/article/366/0001195905?sid=101,"Fri, 02 Oct 2026 15:35:00 +0900",2026-10-05 10:45:38
농업,농업 주가,"바고 구제역 백신, SAT1 유행주 대응","이번 시험에는 백신을 만들 때 사용한 구제역 바이러스주가 아닌 SAT1/LEB/8/2025가 사용됐다. 현재 여러... 바고 사에 따르면 국제실험동물관리평가인증협회 인증을 보유하고 있으며, 유엔식량농업기구와... ",https://www.chukkyung.co.kr/news/articleView.html?idxno=83157,https://www.chukkyung.co.kr/news/articleView.html?idxno=83157,"Fri, 02 Oct 2026 14:28:00 +0900",2026-10-05 10:45:38
농업,농업 주가,[美중간선거 한 달 앞④]주지사 36곳도 격돌…트럼프 영향력 시험대,아이오와에서는 민주당 롭 샌드 주 감사관과 공화당 기업인 잭 란이 경쟁한다. 최근 여론조사에서 샌드가... 특히 농업 비중이 높은 아이오와 등에서는 연료·비료 가격 상승과 중국과의 무역 갈등에 대한 농민들의 불만이... ,https://www.newsis.com/view/NISX20261001_0003810529,https://n.news.naver.com/mnews/article/003/0014230000?sid=104,"Fri, 02 Oct 2026 13:00:00 +0900",2026-10-05 10:45:38
농업,농업 주가,"트럼프, 상원 접전지에 선물보따리…알래스카 LNG 무리수까지",이 때문에 아이오와를 비롯한 농업주가 접전지에 포함된 것과 무관하지 않다는 해석이 나온다. 디젤 가격은 1월 이후 80% 넘게 올라 갤런당 6.53달러에 이르렀다. 올해 현물시장 운임은 마일당 66센트 올랐지만 연료비는... ,https://www.newspim.com/news/view/20261002000011,https://www.newspim.com/news/view/20261002000011,"Fri, 02 Oct 2026 02:59:00 +0900",2026-10-05 10:45:38
농업,농업 주가,작고 화려해졌다…수박의 이유있는 변신,"충북농업기술원(원장 조은희) 수박연구소는 이같은 추세에 맞춰 과피와 과육의 색, 당도, 재배 특성을... 올해는 종자업체인 더드림㈜를 통해 ‘골드킹’ 7만 주가 함안·부여 등 8개소에 보급했으며, 내년에는 진천... ",http://www.inews24.com/view/2010922,https://n.news.naver.com/mnews/article/031/0001062769?sid=102,"Thu, 01 Oct 2026 14:15:00 +0900",2026-10-05 10:45:38
농업,농산물 시장,"창원특례시, 제32회 대산면민의 날 화합의 장 펼쳐져","창원특례시(시장 강기윤)는 3일 대산문화체육공원에서 면민과 내빈 등 500여 명이 참석한 가운데 '제32회... 특히, 사회자가 마을별 농산물과 자연경관, 주민들의 단결력 등 특색을 소개하자 주민들은 박수와 함성으로... ",https://www.newsgn.com/news/articleView.html?idxno=577296,https://www.newsgn.com/news/articleView.html?idxno=577296,"Mon, 05 Oct 2026 10:40:00 +0900",2026-10-05 10:45:38
농업,농산물 시장,"콩·사과·배값 하락 우려…전북도, 가을 농산물 판로 확대","백승하 도 스마트농산과장은 &quot;수확기에 농산물 출하가 집중되는 만큼 품목별 시장 상황에 맞춰 판매처를 미리 확보하는 것이 중요하다&quot;며 &quot;대형마트와 농협, 온라인 등 다양한 유통망을 활용해 농가가 안정적으로... ",https://www.news1.kr/local/jeonbuk/6310380,https://n.news.naver.com/mnews/article/421/0009209587?sid=102,"Mon, 05 Oct 2026 10:34:00 +0900",2026-10-05 10:45:38
농업,농산물 시장,&quot;농부가 살아야 대한민국이 산다&quot;…경북서 '농심천심' 들불,"이번 위촉은 단순한 홍보 협력을 넘어 농업계가 직면한 쌀값 불안과 농산물 가격 변동, 농촌 인구 감소 등... 포항시장, 이상휘 국회의원, 김주원 경북농협 본부장, 한국쌀전업농 중앙연합회와 경북도연합회 관계자 등이... ",https://news.tf.co.kr/read/national/2372924.htm,https://n.news.naver.com/mnews/article/629/0000539373?sid=102,"Mon, 05 Oct 2026 10:29:00 +0900",2026-10-05 10:45:38
농업,농산물 시장,"대두식품, ‘SIAL Paris 2026’ 참가… SIAL Innovation에 4개 제품 선정","SIAL Innovation은 SIAL Paris를 대표하는 혁신제품 프로그램으로, 세계 각국에서 출품된 제품 가운데 새로운 제품 가치와 시장 트렌드를 제시하는 제품을 발굴해 소개한다. 대두식품은 이번 프로그램에서 농산물 가공소재와... ",https://www.gosiweek.com/article/1065594535363142,https://www.gosiweek.com/article/1065594535363142,"Mon, 05 Oct 2026 10:06:00 +0900",2026-10-05 10:45:38
농업,농산물 시장,'용인 먹거리페스타' 2026 개최…농산물 공동브랜드 출범,"3일 농산물 공동브랜드 출범식에서 이상일 시장이 이상일 시장이 축사를 하고 있다(사진=용인시) 용인시는 3일부터 4일까지 용인미르스타디움에서 '제31회 용인시민의 날'과 연계해 '2026 용인 먹거리페스타'를 열고, 시... ",https://www.gukjenews.com/news/articleView.html?idxno=3713184,https://www.gukjenews.com/news/articleView.html?idxno=3713184,"Mon, 05 Oct 2026 09:58:00 +0900",2026-10-05 10:45:38
농업,농산물 시장,"대두식품, 'SIAL Paris 2026' 참가···비건메뉴 포함 쌀가루 식품소재 ...",온 농산물 가공 기술을 바탕으로 개발한 당침류와 밤 가공품 등 다양한 식품소재도 함께 소개한다. 완제품 중심의 K-푸드를 넘어 현지 기업이 자사의 제품과 메뉴 개발에 활용할 수 있는 'K-Food Ingredient'로 시장을... ,https://www.enetnews.co.kr/news/articleView.html?idxno=54985,https://www.enetnews.co.kr/news/articleView.html?idxno=54985,"Mon, 05 Oct 2026 09:58:00 +0900",2026-10-05 10:45:38
농업,농산물 시장,문경시 향토음식특성화센터 문 열어…‘문경 대표 히트 음식 나올까’,"지역 농산물의 소비를 확대하는 또 하나의 산업이 될 수 있다. 따라서 센터에서 개발한 음식이 교육과 연구에 머물지 않고 지역 음식점과 전통시장, 관광지 등 실제 상권으로 확산될 수 있도록 조리법 표준화와 상품화... ",https://www.kbmaeil.com/article/20261005500138,https://www.kbmaeil.com/article/20261005500138,"Mon, 05 Oct 2026 09:52:00 +0900",2026-10-05 10:45:38
농업,농산물 시장,용인 조아용 페스티벌에 6만여 명 방문…시 승격 30주년 축하,제1회 '용인특례시 백옥쌀 베이킹 마스터즈 챔피언십' 참가자들은 백옥쌀로 만든 제과·제빵 제품을 선보이며 지역 농산물의 활용 가능성을 보여줬다.이 시장은 &quot;지난해에 이어 올해는 더 많은 국내외 도시와 기관의... ,https://www.asiatoday.co.kr/kn/view.php?key=20261005010000940,https://www.asiatoday.co.kr/kn/view.php?key=20261005010000940,"Mon, 05 Oct 2026 09:52:00 +0900",2026-10-05 10:45:38
농업,농산물 시장,용인미르스타디움서 '조아용푸드 페스타' 개최…백옥쌀 가공식품 홍보,"4일 상상의 숲에서 이상일 시장이 조아용푸드 페스타 개최를 축하하고 있다(사진=용인시) 조아용푸드와 용인시 농산물 종합가공지원센터가 만든 공동브랜드 '용인의 소반' 홍보관도 운영되어, 쌀베이글, 마들렌... ",https://www.gukjenews.com/news/articleView.html?idxno=3713177,https://www.gukjenews.com/news/articleView.html?idxno=3713177,"Mon, 05 Oct 2026 09:50:00 +0900",2026-10-05 10:45:38
농업,농산물 시장,"밀양시, 일본 선진농업 현장서 '2050 미래농업' 해법 찾는다","밀양시는 지난 1일부터 3일까지 안병구 시장과 미래농업발전협의회 위원 등이 참여한 가운데 일본 주요 농업 연구기관과 지방정부, 농산업 현장을 방문해 스마트농업 기술과 농촌 인력난 대응, 농산물 생산·가공·유통... ",https://www.shinailbo.co.kr/news/articleView.html?idxno=5068504,https://www.shinailbo.co.kr/news/articleView.html?idxno=5068504,"Mon, 05 Oct 2026 08:50:00 +0900",2026-10-05 10:45:38
농업,농산물 시장,영주호 캠핑장서 고기 주문했더니 드론이 '슝'…7㎏ 싣고 20㎞ 배달,"시는 이번 사업이 단순 음식 배달을 넘어 지역 농산물 유통망과 관광지를 연결하는 새로운 배송 모델이 될 것으로 보고 있다. 황병직 영주시장은 &quot;지역 신선식품 유통과 첨단 드론 기술, 관광산업을 결합한 새로운 모델... ",https://www.news1.kr/local/daegu-gyeongbuk/6310304,https://n.news.naver.com/mnews/article/421/0009209465?sid=102,"Mon, 05 Oct 2026 08:23:00 +0900",2026-10-05 10:45:38
농업,농산물 시장,"에스앤이컴퍼니, 농업 비즈니스 데이터 AI 의사결정 지원 [서울AI허브 2...","예측·분석 모델링 기술은 위성·기상·생육·가격·수급 등 데이터 결합 기반 농산물의 작황 및 시장 변화 분석에, 컴퓨터비전 기술은 농산물 이미지 데이터 기반 외관·품질 특성 분석 및 비파괴 품질검사 서비스에... ",https://it.chosun.com/news/articleView.html?idxno=2023092171415,https://it.chosun.com/news/articleView.html?idxno=2023092171415,"Mon, 05 Oct 2026 08:10:00 +0900",2026-10-05 10:45:38
농업,농산물 시장,농지 전수조사·농협 개혁·CPTPP…송미령 앞에 놓인 국감 '3대 쟁점',농협 안팎에서는 선거·감사제도 개편뿐 아니라 농산물 유통과 농가소득 등 농민들이 체감할 수 있는 개혁이... 시장 개방 확대에 따른 농업 피해 규모와 이에 대한 대응책이 관건이다. 농업계의 이해관계와 직결되는 만큼... ,https://www.newsis.com/view/NISX20260923_0003801224,https://n.news.naver.com/mnews/article/003/0014233322?sid=101,"Mon, 05 Oct 2026 08:00:00 +0900",2026-10-05 10:45:38
농업,농산물 시장,‘발암 배추’ 걱정에 중국 김치 점검했더니…위해성분 검출 ‘0건’,"올해 8월 27일부터 일반음식점, 전통시장, 반찬가게 등 김치 취급업소 약 9500곳을 대상으로 자치구·민간과... 수입산 농산물 37건, 수입산 수산물 155건(방사능 검사 포함)에 대한 안전성 검사에서도 모두 ‘이상없음’... ",https://biz.heraldcorp.com/article/10893067?ref=naver,https://n.news.naver.com/mnews/article/016/0002705403?sid=102,"Mon, 05 Oct 2026 06:56:00 +0900",2026-10-05 10:45:38
농업,농산물 시장,시장에 나타난 '곰 손님'… 빵 실컷 먹고 쫓겨났다,미국 콜로라도주 애스펀의 한 농산물 직거래 장터에 야생 곰이 나타나 빵을 마구잡이로 먹어 치우는 모습이 포착됐다. 1일(현지시간) 미국 NBC 뉴스 · 영국 가디언 등에 따르면 지난 주말 콜로라도주 애스펀 도심에서 열린... ,https://www.etnews.com/20261002000200,https://n.news.naver.com/mnews/article/030/0003472209?sid=104,"Mon, 05 Oct 2026 06:01:00 +0900",2026-10-05 10:45:38
