industry,keyword,title,description,originallink,link,pubDate,collected_at
반도체,반도체 주가,이번주 ‘코스피 8000’ 갈까…증권가선 “1만2000포인트도 가능” [투자...,"특히 인텔의 주가는 애플 차세대 기기용 반도체 생산 계약을 따냈다는 소식에 힘입어 13.96% 급등했다. 샌디스크(16.60%), 마이크론(15.49%), AMD(11.44%), 애플(2.05%), 엔비디아(1.75%) 등 주요 기술주가 상승 마감했고... ",https://biz.heraldcorp.com/article/10734814?ref=naver,https://n.news.naver.com/mnews/article/016/0002641387?sid=101,"Mon, 11 May 2026 08:54:00 +0900",2026-05-11 08:56:22
반도체,반도체 주가,"키움證 “삼성전자, 2분기 영업이익 100조원 전망…목표가 27% 상향”",투자 의견 ‘매수(Buy)’를 유지하고 목표 주가를 기존 26만원에서 33만으로 27% 상향했다. 삼성전자의 전... 메모리 반도체의 가격이 예상보다 빨리 뛰고 있어서다. 범용 D램과 낸드의 가격 상승률은 각각 전 분기 대비... ,https://biz.chosun.com/stock/stock_general/2026/05/11/SBPVW6UJX5D2THJD4SWNRCSYJA/?utm_source=naver&utm_medium=original&utm_campaign=biz,https://n.news.naver.com/mnews/article/366/0001163231?sid=101,"Mon, 11 May 2026 08:51:00 +0900",2026-05-11 08:56:22
반도체,반도체 주가,고환율 공포 속 비트코인 8만 달러... 하반기 금리 인상 변수,반도체 섹터 역시 미-이란 충돌 등 대외 변수로 인해 단기 조정 국면을 지나는 모양새다. ◈ 로봇 SI부터 타이어 수요까지... 주요 기업 실적 안개 속 희망 개별 기업별로는 실질적인 이익 창출 능력이 주가를 결정하는... ,http://www.ttlnews.com/news/articleView.html?idxno=3106530,http://www.ttlnews.com/news/articleView.html?idxno=3106530,"Mon, 11 May 2026 08:50:00 +0900",2026-05-11 08:56:22
반도체,반도체 주가,美 증시 6주째 랠리...나스닥·S&amp;P500 최고치,"증시 상승세는 반도체 등 기술주가 주도했다. 인텔이 애플의 자체 칩 일부를 위탁 생산하기로 예비 합의했다는 소식에 주가가 14% 가까이 급등했다. 인텔 발 호재가 퍼지며 AMD(11%), 마이크론(15%), 샌디스크(17%) 등... ",https://www.newstopkorea.com/news/articleView.html?idxno=44851,https://www.newstopkorea.com/news/articleView.html?idxno=44851,"Mon, 11 May 2026 08:48:00 +0900",2026-05-11 08:56:22
반도체,반도체 주가,"[모닝 리포트] 대신증권, 코스피 목표치 8800 상향…&quot;반도체 주도 레벨업...",이경민·정해창 대신증권 연구원은 11일 리포트에서 &quot;단기 순환매 이후 다시 반도체 주도로 코스피 레벨업이 전망된다&quot;고 밝혔다. 두 연구원은 &quot;코스피의 독주가 재개됐다&quot;며 &quot;올해 1~2월과 유사한 흐름으로 판단되며... ,https://www.newspim.com/news/view/20260511000100,https://www.newspim.com/news/view/20260511000100,"Mon, 11 May 2026 08:48:00 +0900",2026-05-11 08:56:22
반도체,반도체 주가,&quot;X같이 돈 불렸다&quot;…투자로 5억 → 26억 만든 30대 여성,30대 여성 직장인이 반도체 주식 장기투자로 수십억원대 자산을 형성했다고 밝혀 누리꾼들 사이에서... 망했다고 주가 나락 갈 때부터 사놨던 게 큰 힘이 된 것&quot;이라고 설명했다. 그러면서 &quot;자산이 20억원을 넘어가니... ,https://view.asiae.co.kr/article/2026051108430846108,https://n.news.naver.com/mnews/article/277/0005760645?sid=102,"Mon, 11 May 2026 08:45:00 +0900",2026-05-11 08:56:22
반도체,반도체 주가,삼성전자·SK하이닉스 프리마켓서 급등…28만전자·181만닉스[특징주],삼성전자와 SK하이닉스가 미국 반도체주 급등 영향에 프리마켓에서 강세를 보이고 있다. 미국... 다만 최근 주가 급등에 따른 차익실현 가능성은 경계 요인으로 꼽힌다. 삼성전자와 SK하이닉스는 이달 들어 각각 20... ,https://www.newsway.co.kr/news/view?ud=2026051108335168476,https://www.newsway.co.kr/news/view?ud=2026051108335168476,"Mon, 11 May 2026 08:44:00 +0900",2026-05-11 08:56:22
반도체,반도체 주가,반도체 독주의 그늘... 7500선 넘긴 코스피의 위태로운 환희,"IT와 반도체 업종에 편중된 초강세가 지수를 견인하며 신고가 랠리를 이어가고 있으나, 이를 뒷받침하는... 이익 추정치 상향 속도보다 주가 상승 속도가 앞지르기 시작할 때 발생하는 기술적 부담이 누적되고 있다는... ",http://www.ttlnews.com/news/articleView.html?idxno=3106553,http://www.ttlnews.com/news/articleView.html?idxno=3106553,"Mon, 11 May 2026 08:44:00 +0900",2026-05-11 08:56:22
반도체,반도체 주가,전쟁·물가·AI 랠리 충돌…지금 금 시장은 '재편 구간'이다,"넷째, AI 산업에 대한 투자 열기가 사상 최고 수준의 주가지수 상승을 이끌면서 일부 자금은 금 ETF에서... AI 주식 랠리는 위험자산 선호를 강화하지만, 동시에 막대한 전력·데이터센터·반도체 투자를 필요로 한다.... ",https://zdnet.co.kr/view/?no=20260511084154,https://n.news.naver.com/mnews/article/092/0002422035?sid=105,"Mon, 11 May 2026 08:43:00 +0900",2026-05-11 08:56:22
반도체,반도체 주가,"코스피, 7498선 질주 속 황제주 11개···개미들 &quot;1주 사기도 부담&quot;","반도체와 전력기기, 방산, 지주사 등이 동시에 강세를 보이면서 고가 종목들이 줄줄이 등장했지만 정작... 8일 기준 주가가 100만원을 웃도는 종목은 효성중공업, 두산, SK하이닉스, 고려아연, 삼성바이오로직스... ",https://www.smartbizn.com/news/articleView.html?idxno=143495,https://www.smartbizn.com/news/articleView.html?idxno=143495,"Mon, 11 May 2026 08:42:00 +0900",2026-05-11 08:56:22
반도체,반도체 주가,&quot;메모리 가격 뛰면 리스크도 커진다&quot;…삼성전자 밸류에이션 재평가 조건...,목표 주가를 32만 원으로 올려 잡았다. 특히 범용(컨벤셔널) D램 가격 상승세가 과거 사이클 대비 가파르게 전개되면서 단기 이익 추정치의 추가 상향 여력은 열려 있다고 평가했다. 다만 이번 반도체 사이클의 핵심이... ,https://news.einfomax.co.kr/news/articleView.html?idxno=4414005,https://news.einfomax.co.kr/news/articleView.html?idxno=4414005,"Mon, 11 May 2026 08:42:00 +0900",2026-05-11 08:56:22
반도체,반도체 주가,"코스피 8,000선 도전… 반도체·로봇주 상승 주도","인텔은 애플 차세대 기기용 반도체 생산 계약 소식에 13.96% 급등했고, 샌디스크 16.60%, 마이크론 15.49%, 에이엠디 11.44%, 애플 2.05%, 엔비디아 1.75% 등 주요 기술주가 동반 상승했다. 필라델피아 반도체지수도 5.51% 올랐다.... ",https://www.tokenpost.kr/news/market/358248,https://www.tokenpost.kr/news/market/358248,"Mon, 11 May 2026 08:40:00 +0900",2026-05-11 08:56:22
반도체,반도체 주가,"삼성전자 45만·하이닉스 250만…대신證, 메모리 '영구적 재평가' 선언","대신증권이 삼성전자와 SK하이닉스의 목표주가를 각각 45만원, 250만원으로 상향 조정했다. 인공지능(AI) 추론 수요의 급격한 확산 속에서 메모리반도체 산업의 본질적 가치가 글로벌 시장에서 재평가되고 있다는... ",http://www.ftoday.co.kr/news/articleView.html?idxno=358680,http://www.ftoday.co.kr/news/articleView.html?idxno=358680,"Mon, 11 May 2026 08:40:00 +0900",2026-05-11 08:56:22
반도체,반도체 주가,"마이크론·퀄컴, RSI 80 돌파…주간 최대 과매수 평가",한 주간 2% 이상 상승했고 기술주 중심의 나스닥 종합 지수는 4%나 치솟았다. 이번 랠리의 가장 큰 승자는 반도체 메모리 칩 관련주다. 급증하는 AI 수요를 감당하지 못한 메모리 칩 병목현상이 1분기 실적 발표를... ,https://news.einfomax.co.kr/news/articleView.html?idxno=4414004,https://news.einfomax.co.kr/news/articleView.html?idxno=4414004,"Mon, 11 May 2026 08:40:00 +0900",2026-05-11 08:56:22
반도체,반도체 주가,“코스피 연말 9750 간다”…반도체 재평가 땐 1만 2000도 가능,"김 연구원에 따르면 국내 반도체 업종의 12개월 선행 주가수익비율(PER)은 현재 5.17배로, 최근 20년 평균인 10배를 크게 밑돌고 있다. 반도체 업종의 12개월 선행 당기순이익은 지난해 말 136조 7000억원에서 지난 8일... ",http://www.edaily.co.kr/news/newspath.asp?newsid=02227126645447936,https://n.news.naver.com/mnews/article/018/0006278090?sid=101,"Mon, 11 May 2026 08:39:00 +0900",2026-05-11 08:56:22
반도체,반도체 주가,"[굿모닝 증시]美, 반도체주 쏠림으로 나스닥 급등…韓 추가 상승 시도 ...","나스닥 지수는 반도체 수급 쏠림 효과로 급등세를 보였다. 애플과 인텔이 칩 공급 계약 소식으로 주가가 각각 2.1%, 14.0% 상승했으며, 마이크론(15.5%), 샌디스크(16.6%)도 주가가 크게 올랐다. 국내 증시는 지정학적... ",https://view.asiae.co.kr/article/2026051108360855001,https://n.news.naver.com/mnews/article/277/0005760635?sid=101,"Mon, 11 May 2026 08:39:00 +0900",2026-05-11 08:56:22
반도체,반도체 주가,'6만전자' 믿고 버텨서…흙수저 직장인 계좌에 찍힌 '26억' 화제,주가가 폭락했을 때부터 꾸준히 사 모았던 게 큰 힘이 됐다&quot;고 밝혔다. 이어 &quot;흔히 말하는 '흙수저' 출신이라 주변에 부자도 없다. 자랑하고 이야기 나눌 곳이 없어서 대나무숲 찾다가 글 올린다&quot;며 &quot;반도체 주식은... ,http://weekly.chosun.com/news/articleView.html?idxno=51448,https://n.news.naver.com/mnews/article/053/0000058193?sid=102,"Mon, 11 May 2026 08:35:00 +0900",2026-05-11 08:56:22
반도체,반도체 주가,"&quot;인도 충격&quot;...美 엔비디아 시가총액, 세계 5위 인도증시 '추월'",월가의 분석가들은 엔비디아의 공급망이 전 세계 반도체 생태계를 좌우하고 있다는 점을 강조하며 향후 주가 향방을 예의주시하고 있다. 기술적으로 독점적 경쟁우위를 점하고 있는 엔비디아의 성공은 다른 빅테크... ,http://www.choicenews.co.kr/news/articleView.html?idxno=165031,http://www.choicenews.co.kr/news/articleView.html?idxno=165031,"Mon, 11 May 2026 08:32:00 +0900",2026-05-11 08:56:22
반도체,반도체 주가,"[투자자 순매수 TOP5] 외인 6조 매수 뒤 12조 매도, 로봇 대형주 집중매...","메모리 업체들이 반도체 가격 하한선을 정해두는, 장기 공급 계약을 통해 높은 수익을 이어갈 가능성이 크다는 관측도 주가에 힘을 실어줬습니다. SK스퀘어 주가는 2주 만에 약 40% 가까이 급등하고, 지난주에는 '주가... ",https://biz.sbs.co.kr/article_hub/20000309349?division=NAVER,https://n.news.naver.com/mnews/article/374/0000509210?sid=101,"Mon, 11 May 2026 08:31:00 +0900",2026-05-11 08:56:22
반도체,반도체 주가,"&quot;삼전·닉스 너무 올랐나?&quot;…목표가 또 높인 증권가, 이유는 '메모리 가...","증권가에서는 주가가 단기간 급등했지만 메모리 가격 상승과 인공지능(AI) 반도체 수요 확대 흐름이 이어지고 있어 추가 상승 여력이 남아있다는 분석이 나온다. 반면, 단기 과열과 고점 부담을 우려하는 시각도... ",https://www.newsworks.co.kr/news/articleView.html?idxno=840290,https://www.newsworks.co.kr/news/articleView.html?idxno=840290,"Mon, 11 May 2026 08:30:00 +0900",2026-05-11 08:56:22
반도체,반도체 산업,"한미글로벌, '글로벌 PM 1위' 앳킨스리얼리스와 미국 원전·플랜트 공략","한미글로벌-앳킨스리얼리스, 미국 산업 플랜트 및 에너지 사업 협력을 위한 전략적 제휴 협약(SAA) 체결 사진... 특히 한국 기업들이 미국 현지에서 추진하는 반도체, 이차전지 등 대규모 생산 시설 건설은 물론, 원자력 및... ",https://www.mediapen.com/news/view/1097986,https://www.mediapen.com/news/view/1097986,"Mon, 11 May 2026 08:54:00 +0900",2026-05-11 08:56:23
반도체,반도체 산업,"포스텍 등 이공계특성화대학, '과학기술특성화대학' 지정 및 지원 근거...",연구 역량과 산업 연계 가능성이 높음에도 안정적인 지원 체계가 부족했다는 것이다. 개정안 통과로 정부는... 학계에서는 인공지능(AI)·반도체·에너지·우주항공 분야 경쟁이 심화되는 상황에서 연구중심 특성화대학의... ,https://www.pinpointnews.co.kr/news/articleView.html?idxno=451705,https://www.pinpointnews.co.kr/news/articleView.html?idxno=451705,"Mon, 11 May 2026 08:54:00 +0900",2026-05-11 08:56:23
반도체,반도체 산업,"한울소재과학 &quot;JKM 세종공장, 유해화학물질 허가 취득&quot;",김경준 JK머트리얼즈 이사회의장은 &quot;대한민국 반도체 산업이 다시 한 번 도약하기 위해서는 소재 자립과 안정적인 공급망 확보가 반드시 필요하다&quot;며 &quot;그 시대적·산업적 과제에 기여할 수 있는 반도체 소재 생산기지가... ,https://dealsite.co.kr/articles/161558,https://dealsite.co.kr/articles/161558,"Mon, 11 May 2026 08:54:00 +0900",2026-05-11 08:56:23
반도체,반도체 산업,"“GPU 다음은 메모리””…NH아문디, HANARO 미국AI메모리반도체TOP4+ 상...",NH아문디자산운용이 미국 메모리 반도체 기업에 집중 투자하는 상장지수펀드(ETF)를 선보인다.... 특히 AI 메모리 산업은 기술 진입장벽이 높고 공급 기업이 제한적인 과점 구조여서 메모리 과점 기업들의 실적 개선... ,https://www.sedaily.com/article/20042340?ref=naver,https://n.news.naver.com/mnews/article/011/0004619337?sid=101,"Mon, 11 May 2026 08:52:00 +0900",2026-05-11 08:56:23
반도체,반도체 산업,"코윈테크, 글로벌 배터리사와 300억원대 로봇 자동화 계약","코윈테크 관계자는 &quot;올해 3월 ESS향 로봇·자동화시스템 수주 공시에 이어, 국내 반도체 제조사와 현대자동차로부터 잇따라 수주를 확보하는 등 배터리, 반도체, 자동차, ESS 첨단산업 전반에서 모바일 로봇 기반의 신규... ",https://www.digitaltoday.co.kr/news/articleView.html?idxno=664342,https://www.digitaltoday.co.kr/news/articleView.html?idxno=664342,"Mon, 11 May 2026 08:52:00 +0900",2026-05-11 08:56:23
반도체,반도체 산업,[아침저널] 양향자 &quot; '秋 어깨나 주무르더니?' 조응천 자충수 안타까워...,그리고 가장 세계에서도 가장 중요한 반도체 첨단산업의 전문가입니다. 제가 할게요. 정말 이번에는 저한테 제가 할 수 있게 해 주십시오. ▷ 금태섭 : 알겠습니다. 저기 저 하정우 수석이 AI 수석을 하다가 이제 선거에... ,https://news.bbsi.co.kr/news/articleView.html?idxno=4082757,https://news.bbsi.co.kr/news/articleView.html?idxno=4082757,"Mon, 11 May 2026 08:52:00 +0900",2026-05-11 08:56:23
반도체,반도체 산업,"KIST-서울시립대, 미래기술 연구 및 우수 인재양성 MOU체결","AI, 반도체, 양자 등 다양한 첨단 과학기술 분야로 양 기관의 협력을 확대해 나갈 예정이다. KIST 오상록... 신산업을 이끌 핵심 인재로 성장할 수 있도록 아낌없이 지원하겠다&quot;고 화답했다. 수소융합 공동연구 및 공통... ",https://www.gasnews.com/news/articleView.html?idxno=125070,https://www.gasnews.com/news/articleView.html?idxno=125070,"Mon, 11 May 2026 08:52:00 +0900",2026-05-11 08:56:23
반도체,반도체 산업,코윈테크 &quot;300억원대 로봇 자동화시스템 공급계약&quot;,"코윈테크 관계자는 &quot;올해 3월 ESS향 로봇·자동화시스템 수주 공시에 이어, 국내 반도체 제조사와 현대자동차로부터 잇따라 수주를 확보하는 등 배터리, 반도체, 자동차, ESS 첨단산업 전반에서 모바일 로봇 기반의 신규... ",https://daily.hankooki.com/news/articleView.html?idxno=1365547,https://daily.hankooki.com/news/articleView.html?idxno=1365547,"Mon, 11 May 2026 08:52:00 +0900",2026-05-11 08:56:23
반도체,반도체 산업,"정부, HMM 나무호 피격 공식 인정...고유가 속 호르무즈 리스크 최고조",또 반도체와 자동차 등 주력 산업도 수출 뿐만 아니라 원재료 및 부품 조달 과정에서 물류 비용이 눈덩이처럼 불어나고 있다. 뿐만 아니라 중동 의존도가 높은 석유화학 원료인 나프타 수급 차질이 길어지면서 석유화학... ,https://www.livebiz.today/news/articleView.html?idxno=202014,https://www.livebiz.today/news/articleView.html?idxno=202014,"Mon, 11 May 2026 08:50:00 +0900",2026-05-11 08:56:23
반도체,반도체 산업,1분기 선박수출 80억弗 돌파…11년만에 최고치,"특히 반도체와 컴퓨터 2개 품목은 세 자릿수의 플러스 성장을 기록했다. 산업부에 따르면 올해 1분기 우리나라 전체 수출액은 2192억달러(약 330조2000억원)를 기록, 전년 1596억달러 대비 37% 증가했다.... ",https://www.ksg.co.kr/news/main_newsView.jsp?pNum=147152,https://www.ksg.co.kr/news/main_newsView.jsp?pNum=147152,"Mon, 11 May 2026 08:50:00 +0900",2026-05-11 08:56:23
반도체,반도체 산업,'퇴직 과학자 활용 길 열린다'...고경력 과학기술인 활용 경비 지원 근거...,연구 현장을 떠난 고경력 과학기술인의 경험과 전문성을 산업·교육·연구 분야에 연결하려는 정책 논의도... 과학기술계에서는 반도체·우주·원자력·바이오 등 고난도 분야에서 축적된 경험이 단기간에 대체되기 어렵다는... ,https://www.pinpointnews.co.kr/news/articleView.html?idxno=451701,https://www.pinpointnews.co.kr/news/articleView.html?idxno=451701,"Mon, 11 May 2026 08:48:00 +0900",2026-05-11 08:56:23
반도체,반도체 산업,"우원식 의장, 네덜란드·케냐 공식 방문","특히, ASML 등 세계적 기업을 보유한 반도체 생산장비 강국 네덜란드와 반도체 산업 협력 및 공급망 경쟁력 강화를 모색할 예정이다. 이어 우 의장은 케냐를 방문해 월리엄 루토 대통령 등 최고위급 인사들과의 회담을 통해... ",http://www.financialreview.co.kr/news/articleView.html?idxno=42162,http://www.financialreview.co.kr/news/articleView.html?idxno=42162,"Mon, 11 May 2026 08:48:00 +0900",2026-05-11 08:56:23
반도체,반도체 산업,"민형배, '전남광주 대전환 선대위' 출범…&quot;AI·미래산업 중심 경제대도...",이어 &quot;기업이 몰려들고 AI·반도체·미래차·데이터 산업이 성장해 청년들이 더 이상 지역을 떠나지 않아도 되는 경제 구조를 만들겠다&quot;며 &quot;전남광주의 성공이 곧 이재명 정부의 성공으로 이어질 것&quot;이라고 밝혔다. 또 &quot;시민... ,https://www.m-i.kr/news/articleView.html?idxno=1371263,https://www.m-i.kr/news/articleView.html?idxno=1371263,"Mon, 11 May 2026 08:46:00 +0900",2026-05-11 08:56:23
반도체,반도체 산업,"JK머트리얼즈, 유해화학물질 영업허가 취득…“세종공장 반도체 소재 생...",JK머트리얼즈는 세종시 전의산업단지 내 세종공장에서 반도체 포토 공정 소재와 후공정용 패키징 소재 양산을 준비 중이다. 이번 허가 취득으로 세종공장은 화학물질관리법상 제조·사용 시설 적합성을 공식 인정받으며... ,https://view.asiae.co.kr/article/2026051108452871587,https://n.news.naver.com/mnews/article/277/0005760646?sid=101,"Mon, 11 May 2026 08:45:00 +0900",2026-05-11 08:56:23
반도체,반도체 산업,5월 8일 주식시장 주요공시,"51억원) 규모 자사주 처분 결정(기간:2026-05-11~2026-05-21) ▶동원산업, 2026년1분기 연결기준 매출액 2.... 29%) ▶어보브반도체, 보통주 3,517주(0.53억원) 규모 자사주 처분 결정(기간:2026-05-08) ▶앱튼... ",https://www.catchnews.kr/news/articleView.html?idxno=123657,https://www.catchnews.kr/news/articleView.html?idxno=123657,"Mon, 11 May 2026 08:45:00 +0900",2026-05-11 08:56:23
반도체,반도체 산업,[아주증시포커스] [극단 치닫는 롱·숏] &quot;상승장 놓칠라&quot;…파생 예수금...,있지만 반도체 업종 중심의 이익 추정치 상향과 낮은 밸류에이션이 유지되고 있어 기존 주도주 중심 전략은 여전히 유효하다는 분석. ◆장 마감 후(8일) 주요공시 ▷동원산업 1분기 영업익 1462억원…전년비 17.1... ,https://www.ajunews.com/view/20260511075331486,https://www.ajunews.com/view/20260511075331486,"Mon, 11 May 2026 08:44:00 +0900",2026-05-11 08:56:23
반도체,반도체 산업,"JK머트리얼즈, 유해화학물질 영업허가 취득…반도체 소재 사업 순항",김경준 JK머트리얼즈 이사회의장은 &quot;대한민국 반도체 산업이 다시 한 번 도약하기 위해서는 소재 자립과 안정적인 공급망 확보가 반드시 필요하다&quot;며 &quot;그 시대적·산업적 과제에 기여할 수 있는 반도체 소재 생산기지가... ,https://www.mt.co.kr/stock/2026/05/11/2026051108150827268,https://n.news.naver.com/mnews/article/008/0005355426?sid=101,"Mon, 11 May 2026 08:44:00 +0900",2026-05-11 08:56:23
반도체,HBM 시장,[미르의 글로벌 레이더]“돈은 얼마든 낼 테니 물건만 달라”…빅테크...,인공지능(AI) 반도체 시장의 ‘심장’인 고대역폭 메모리(HBM)를 선점하기 위한 글로벌 빅테크 기업의 전쟁이 전례없는 양상으로 치닫고 있다. 11일 이코노믹 타임스에... ,https://www.mediapen.com/news/view/1097991,https://www.mediapen.com/news/view/1097991,"Mon, 11 May 2026 08:54:00 +0900",2026-05-11 08:56:24
반도체,HBM 시장,"NH-Amundi운용, HANARO 미국AI메모리반도체TOP4+ ETF 상장",종목별로 살펴보면 마이크론은 미국 내 유일한 메모리 제조사로서 고대역폭메모리(HBM)와 서버용 D램 시장의 핵심 공급자 역할을 수행하고 있다. 샌디스크는 클라우드 인프라 확산에 따른 고용량 낸드 플래시 수요... ,https://view.asiae.co.kr/article/2026051108514946037,https://n.news.naver.com/mnews/article/277/0005760656?sid=101,"Mon, 11 May 2026 08:51:00 +0900",2026-05-11 08:56:24
반도체,HBM 시장,LS증권 “메모리값 뛰면 SK하이닉스 성과급 요구도 커질 것” [줍줍리포...,정 연구원은 “SK하이닉스는 범용 메모리 가격 변동성 노출이 상대적으로 낮고 HBM 양산성 측면에서 가장 높은 신뢰도를 보유하고 있다”며 “2026년 이후 시장 관심이 단순 D램 가격보다 2027년 HBM 매출 성장률과 고객사... ,https://www.sedaily.com/article/20042331?ref=naver,https://n.news.naver.com/mnews/article/011/0004619329?sid=101,"Mon, 11 May 2026 08:44:00 +0900",2026-05-11 08:56:24
반도체,HBM 시장,"[키-리포트] LS &quot;SK하이닉스, 디램 가격 반등에 HBM 매출 확대 기대&quot;",그러면서 &quot;SK하이닉스는 일반 메모리 가격 변동에 대한 노출이 상대적으로 낮고 HBM 양산 측면에서 업계 최고 수준의 신뢰도를 갖추고 있다&quot;며 &quot;2026년 이후 시장의 관심이 단순 디램 가격에서 2027년 HBM 매출 성장률과... ,http://www.newsdream.kr/news/articleView.html?idxno=112011,http://www.newsdream.kr/news/articleView.html?idxno=112011,"Mon, 11 May 2026 08:38:00 +0900",2026-05-11 08:56:24
반도체,HBM 시장,"NH아문디운용, HANARO 미국AI메모리반도체TOP4+ ETF 상장",마이크론은 미국 유일의 메모리 반도체 기업으로 HBM과 서버용 디램(DRAM) 중심의 AI 인프라 핵심... 기업이 시장을 과점하는 구조다. 특히 공급이 수요를 간신히 따라가는 상황에서 빅테크 기업들은 성능이 검증된... ,http://www.edaily.co.kr/news/newspath.asp?newsid=02220566645447936,https://n.news.naver.com/mnews/article/018/0006278088?sid=101,"Mon, 11 May 2026 08:37:00 +0900",2026-05-11 08:56:24
반도체,HBM 시장,"“9000피 넘어 ‘1만피’까지 나왔다” JP모건, 코스피 목표주가 사상 최...",여기에 그래픽처리장치(GPU)와 고대역폭메모리(HBM) 등 하드웨어 가격 상승세까지 지속되면서 AI 설비투자(CAPEX)와 하드웨어 매출 성장 역시 가팔라졌다고 분석했다. 시장에서는 메모리 평균판매가격(ASP) 고점 우려가... ,https://biz.heraldcorp.com/article/10734796?ref=naver,https://n.news.naver.com/mnews/article/016/0002641371?sid=101,"Mon, 11 May 2026 08:37:00 +0900",2026-05-11 08:56:24
반도체,HBM 시장,"LS증권 &quot;SK하이닉스, 목표가 210만원 상향…인건비 부담 변수&quot;",정 연구원은 &quot;2026년 이후 시장의 관심이 단순 D램 가격에서 2027년 HBM 매출 성장률과 고객사 내 점유율로 이동할수록 SK하이닉스 경쟁력은 더욱 부각될 가능성이 높다&quot;고 말했다.,https://www.news1.kr/finance/general-stock/6162142,https://n.news.naver.com/mnews/article/421/0008936375?sid=101,"Mon, 11 May 2026 08:25:00 +0900",2026-05-11 08:56:24
반도체,HBM 시장,"스몰인사이트리서치 “제이앤티씨, AI 유리기판·HDD 양산 본격화…4000...","특히 AI 그래픽처리장치(GPU), 고대역폭메모리(HBM), 고성능 컴퓨팅(HPC) 시장 확대가 TGV 유리기판 수요 증가로 직결될 가능성이 높다는 분석이다. TGV는 유리를 활용한 차세대 반도체 패키징 기술로 기존 유기기판 대비... ",https://www.etoday.co.kr/news/view/2583106,https://www.etoday.co.kr/news/view/2583106,"Mon, 11 May 2026 08:24:00 +0900",2026-05-11 08:56:24
반도체,HBM 시장,[오늘의 투자전략] 이번주 코스피 7320~7750 전망⋯미중 회담 앞두고 ‘...,이번 주 시장의 최대 관심사는 14~15일로 예정된 미-중 정상회담과 인플레이션 지표다. 이번 회담에서는... 한 연구원은 &quot;인공지능(AI) 데이터센터 네트워킹 인프라 주문과 고대역폭메모리(HBM) 및 D램(DRAM) 장비 매출 등... ,https://www.etoday.co.kr/news/view/2583095,https://www.etoday.co.kr/news/view/2583095,"Mon, 11 May 2026 08:20:00 +0900",2026-05-11 08:56:24
반도체,HBM 시장,트럼프 “이란 답변 용납 못해”에도…프리마켓서 삼전·하닉 6%대 급등...,특히 미국과 이란 간 협상이 다시 교착 상태에 빠졌다는 소식에도 시장은 이를 크게 악재로 반영하지... 및 HBM 투자 사이클 기대를 이어갈 수 있을지가 중요하다”고 분석했다. 다만 최근 반도체주의 가파른 상승에... ,https://www.sedaily.com/article/20042325?ref=naver,https://n.news.naver.com/mnews/article/011/0004619325?sid=101,"Mon, 11 May 2026 08:16:00 +0900",2026-05-11 08:56:24
반도체,HBM 시장,'GDP 깜짝 성장'이 말해주지 않는 것…靑 &quot;지표 아닌 정책이 늦다&quot;,"11일 청와대에 따르면 김용범 정책실장은 지난 7일 경제·금융시장 전문가들과 비공개 간담회를 열고 최근... 어렵다&quot;며 &quot;고대역폭메모리(HBM)와 같은 첨단 제품은 가격 상승이 단순한 인플레이션인지, 실질 생산 증가인지... ",https://news.einfomax.co.kr/news/articleView.html?idxno=4413994,https://news.einfomax.co.kr/news/articleView.html?idxno=4413994,"Mon, 11 May 2026 08:16:00 +0900",2026-05-11 08:56:24
반도체,HBM 시장,"[특징주] 삼성전자·SK하이닉스, 장전 거래서 또 급등…합계 시총 3000조...",최근 시장에서는 고대역폭메모리(HBM) 중심의 인공지능(AI) 반도체 수요 확대와 메모리 업황 개선 기대가 삼성전자와 SK하이닉스 주가를 끌어올리고 있다는 분석이 나온다. 특히 외국인과 레버리지 자금까지... ,https://www.ajunews.com/view/20260511081035513,https://www.ajunews.com/view/20260511081035513,"Mon, 11 May 2026 08:14:00 +0900",2026-05-11 08:56:24
반도체,HBM 시장,&quot;SK하이닉스 2분기 영업익 70조 전망…목표가 130만→190만&quot;,70조원으로 시장 컨센서스(기대치 평균) 61조원을 웃돌 것이라고 전망했다. 이에 반도체 업종 차선호주... 고대역폭메모리(HBM) 라인을 LPDDR5로 전환하고 범용 메모리의 판매 비중을 높이며 전사 실적 개선에 나설... ,https://news.einfomax.co.kr/news/articleView.html?idxno=4413991,https://news.einfomax.co.kr/news/articleView.html?idxno=4413991,"Mon, 11 May 2026 08:10:00 +0900",2026-05-11 08:56:24
반도체,HBM 시장,키움證 &quot;삼성전자 2Q 영업이익 100조원…목표가 상향 33만원&quot;,"이어 &quot;차세대 HBM4와 eSSD의 시장 점유율 상승, 파운드리 부문의 수익성 개선과 같은 삼성전자의 주가 모멘텀이 유효하다&quot;며 &quot;반도체 업종 최선호주 의견을 유지한다&quot;고 덧붙였다.",https://www.news1.kr/finance/general-stock/6162126,https://n.news.naver.com/mnews/article/421/0008936357?sid=101,"Mon, 11 May 2026 08:07:00 +0900",2026-05-11 08:56:24
반도체,HBM 시장,[창간기획- AI 패권전쟁①] 구글도 서울로 온다…AI 허브 경쟁 올라탄 한...,"HBM을 포함한 메모리 반도체 경쟁력은 대규모 AI 모델 학습과 추론 인프라의 기반이다. 둘째, 한국은 디지털 서비스 도입 속도가 빠른 시장이다. 오픈AI와 앤트로픽의 한국 사용자 지표는 한국이 단순한 테스트베드가... ",http://www.biztribune.co.kr/news/articleView.html?idxno=353544,http://www.biztribune.co.kr/news/articleView.html?idxno=353544,"Mon, 11 May 2026 08:02:00 +0900",2026-05-11 08:56:24
반도체,HBM 시장,"[김성재 칼럼] 테슬라와 손잡은 인텔, 반도체 왕좌 탈환할까?","AI HBM 시장에서 점유율 60%를 상회하며 1위 업체로 등극한 SK 하이닉스도 시가총액이 전 세계 16위에 해당하는 8172억 달러에 달했다. 삼성전자, SK 하이닉스와 경쟁 중인 미국의 메모리 업체 마이크론 테크놀로지(MU)의... ",https://www.womaneconomy.co.kr/news/articleView.html?idxno=253533,https://www.womaneconomy.co.kr/news/articleView.html?idxno=253533,"Mon, 11 May 2026 08:00:00 +0900",2026-05-11 08:56:24
반도체,파운드리 수주,"원익IPS, 삼성·하이닉스 '메모리 투자' 확대 수혜…실적 개선 '본격화'",테일러 팹 2단계 증설 역시 추가 모멘텀으로 꼽힌다. 이 연구원은 &quot;실적과 수주 업사이클은 이제 시작 단계&quot;라며 &quot;D램에 이어 낸드와 파운드리 투자까지 확대되며 중장기 성장성이 더욱 강화될 것&quot;이라고 평가했다.,http://www.newsprime.co.kr/news/article.html?no=732917,http://www.newsprime.co.kr/news/article.html?no=732917,"Mon, 11 May 2026 08:22:00 +0900",2026-05-11 08:56:25
반도체,파운드리 수주,"[넥스트-샷] 인텔의 비상과 튼튼한 고용, 지정학적 파고를 넘습니다",특히 인텔의 파운드리 수주 소식은 글로벌 반도체 공급망 재편과 관련된 국내 장비주들에게도 새로운 모멘텀을 제공할 수 있겠네요. 다만 역대 최저치를 기록한 미국 소비자 심리와 다시 반등한 국제 유가는 수출 중심인... ,https://www.womaneconomy.co.kr/news/articleView.html?idxno=253528,https://www.womaneconomy.co.kr/news/articleView.html?idxno=253528,"Mon, 11 May 2026 07:30:00 +0900",2026-05-11 08:56:25
반도체,파운드리 수주,애플의 TSMC 의존도 낮추기...삼성에 이어 인텔과도 협력설,글로벌 고객 수주에 따라 2공장(F2) 증설도 검토 중이다. 애플은 대만 파운드리 기업인 TSMC의 시설을 써왔다. TSMC의 생산 능력 제한으로 파운드리 공급망 확보가 절실하다. 쿡 CEO는 지난달 30일 1~3월 분기 실적 발표... ,https://www.thelec.kr/news/articleView.html?idxno=56312,https://www.thelec.kr/news/articleView.html?idxno=56312,"Mon, 11 May 2026 07:16:00 +0900",2026-05-11 08:56:25
반도체,파운드리 수주,"[N2 모닝 경제 브리핑-5월 11일] 美 증시, 고용 서프라이즈·반도체 랠리...","특히 인텔(13.96%)은 애플의 차세대 기기용 반도체 생산계약 수주 소식에 파운드리 사업 정상화 기대감이 반영되며 폭등했다. 마이크론(15.49%)과 AMD(11.44%) 역시 10% 이상의 기록적인 상승률을 보였으며, 대장주... ",https://www.news2day.co.kr/article/20260508500115,https://www.news2day.co.kr/article/20260508500115,"Mon, 11 May 2026 06:06:00 +0900",2026-05-11 08:56:25
반도체,파운드리 수주,"[글로벌 비즈 브리핑] '채권왕' 건들락, 주식 팔고 '이것' 사라 外",인텔의 애플 칩 생산 수주는 실패를 거듭했던 파운드리 사업 재건의 중대 전기가 될 수 있습니다. 양사 간 이번 합의에는 도널드 트럼프 행정부의 물밑 지원이 결정적인 역할을 한 것으로 보입니다. 하워드 러트닉... ,https://biz.sbs.co.kr/article_hub/20000309311?division=NAVER,https://n.news.naver.com/mnews/article/374/0000509159?sid=104,"Mon, 11 May 2026 04:43:00 +0900",2026-05-11 08:56:25
반도체,파운드리 수주,"&quot;애플, 인텔서 칩 생산 예비 합의&quot;…트럼프 물밑 지원",인텔의 애플 칩 생산 수주는 실패를 거듭했던 파운드리 사업 재건의 중대 전기가 될 수 있습니다. 양사 간 이번 합의에는 도널드 트럼프 행정부의 물밑 지원이 결정적인 역할을 한 것으로 보입니다. 하워드 러트닉... ,https://biz.sbs.co.kr/article_hub/20000309306?division=NAVER,https://n.news.naver.com/mnews/article/374/0000509154?sid=104,"Mon, 11 May 2026 04:24:00 +0900",2026-05-11 08:56:25
반도체,파운드리 수주,"2030년 패권 가를 4대 전선, “HBM·광인터커넥트·GAA·패키징” 동시 폭...","삼성이 테일러 텍사스 공장 가동과 함께 이 수주를 확정하면 파운드리 재건의 실질적 발판이 마련된다. 첨단 패키징·ASIC, “누가 물량 확보했느냐가 새 진입장벽” 후공정이 반도체 산업의 새 전선이 됐다.... ",https://www.g-enews.com/view.php?ud=202605101821323624fbbec65dfb_1,https://www.g-enews.com/view.php?ud=202605101821323624fbbec65dfb_1,"Mon, 11 May 2026 03:16:00 +0900",2026-05-11 08:56:25
반도체,파운드리 수주,애플 칩 인텔서도 만들기로… TSMC 의존 줄인다,AI 칩 수요가 폭발적으로 증가하면서 파운드리에서 대만 TSMC의 독점 체제가 흔들리고 삼성전자·인텔로 수주 소식이 확산하고 있다. 주식 시장에서도 AI 랠리가 AI 칩 업체를 넘어 AI 인프라 업체 전반으로 확산하고... ,https://www.chosun.com/economy/tech_it/2026/05/11/PSZ3NPJMS5AHLPT7J4POJYFHFY/?utm_source=naver&utm_medium=referral&utm_campaign=naver-news,https://n.news.naver.com/mnews/article/023/0003975637?sid=105,"Mon, 11 May 2026 00:35:00 +0900",2026-05-11 08:56:25
반도체,파운드리 수주,"애플, ‘인텔서 칩 생산’ 예비합의",인텔의 애플 칩 생산 수주는 실패를 거듭했던 파운드리 사업 재건의 중대 전기가 될 수 있다. 양사 간 이번 합의에는 도널드 트럼프 미 행정부의 물밑 지원이 결정적인 역할을 한 것으로 보인다. 애플은 지금껏 자체 설계... ,https://www.dt.co.kr/article/12061647?ref=naver,https://n.news.naver.com/mnews/article/029/0003025852?sid=105,"Sun, 10 May 2026 18:56:00 +0900",2026-05-11 08:56:25
반도체,파운드리 수주,찬밥 벗어난 인텔…서학개미 최애주 부상 [종목 돋보기],현재 18A 공정 수율은 70% 선으로 아마존 등 빅테크의 추가 수주는 물론 애플 M 시리즈 칩셋 수주 가능성까지 거론되는 중이다. 일론 머스크가 추진하는 반도체 파운드리 ‘테라팹’ 협력도 기대 요소다. 테라팹은... ,https://www.sedaily.com/article/20042219?ref=naver,https://n.news.naver.com/mnews/article/011/0004619197?sid=101,"Sun, 10 May 2026 17:51:00 +0900",2026-05-11 08:56:25
반도체,파운드리 수주,"애플 칩 인텔이 생산... TSMC·엔비디아 독주 막고, 美내 생산 확대 추세",AI 칩 수요가 폭발적으로 증가하면서 파운드리에서 대만 TSMC의 독점 체제가 흔들리고 삼성전자·인텔로 수주 소식이 확산하고 있다. 주식 시장에서도 AI 랠리가 AI 칩 업체를 넘어 AI 인프라 업체 전반으로 확산하고... ,https://www.chosun.com/economy/tech_it/2026/05/10/ATLL3C2YSFC7NNV4CLSITCMFJQ/?utm_source=naver&utm_medium=referral&utm_campaign=naver-news,https://n.news.naver.com/mnews/article/023/0003975588?sid=105,"Sun, 10 May 2026 16:17:00 +0900",2026-05-11 08:56:25
반도체,파운드리 수주,"인텔, 애플과 손잡는데 삼성전자는 '노조 리스크'로 허우적",이미지/ 챗GPT 생성 이미지 애플이 자체 설계 반도체 칩 일부 생산을 인텔 파운드리에 맡기기로 사실상... 이 가운데 삼성전자 역시 애플 물량 확보를 위해 미국 텍사스주 테일러 공장을 중심으로 적극적인 수주전에... ,https://www.koreaittimes.com/news/articleView.html?idxno=153643,https://www.koreaittimes.com/news/articleView.html?idxno=153643,"Sun, 10 May 2026 13:34:00 +0900",2026-05-11 08:56:25
반도체,파운드리 수주,"에코프로HN, 반도체 '탄소 성적표' 직인 찍는다…K-소부장 '데이터 주권...","글로벌 수주 향방을 결정짓는 핵심 지표가 된 것이다. 에코프로HN은 국내 업계 처음으로 온실가스 측정... 이는 최근 글로벌 파운드리 업체들이 강력하게 요구하는 '스코프 3(Scope 3, 공급망 전체 배출량)' 대응을 위한... ",https://www.goodkyung.com/news/articleView.html?idxno=286775,https://www.goodkyung.com/news/articleView.html?idxno=286775,"Sun, 10 May 2026 13:32:00 +0900",2026-05-11 08:56:25
반도체,파운드리 수주,"4대 그룹, 지정학 리스크 상시화에 공급망 관리 전면 개편",아울러 선단 공정 중심의 파운드리 투자를 지속해 차세대 반도체 공급망 안정화를 최우선 과제로... 아울러 전장(VS) 사업부의 견조한 수주 잔고와 효율적인 자원 배분을 통해 대외 환경 변화에도 흔들리지 않는 재무... ,https://www.m-i.kr/news/articleView.html?idxno=1371015,https://www.m-i.kr/news/articleView.html?idxno=1371015,"Sun, 10 May 2026 13:00:00 +0900",2026-05-11 08:56:25
반도체,파운드리 수주,[1% 초고수의 주간 선택] 해외주식 '인텔' 사고 '팔란티어 테크' 팔았다,이번 순매수세를 이끈 핵심 배경으로는 애플과의 파운드리 협력 기대감이 꼽힌다. 월스트리트저널(WSJ)에... 시장에서는 이번 협력이 단순 수주 이상의 의미를 갖는다는 평가가 나온다. 그동안 애플은 첨단 칩 생산... ,https://www.ebn.co.kr/news/articleView.html?idxno=1708151,https://www.ebn.co.kr/news/articleView.html?idxno=1708151,"Sun, 10 May 2026 11:58:00 +0900",2026-05-11 08:56:25
반도체,파운드리 수주,애플은 인텔로 소니는 TSMC로···반도체 '합종연횡' 격화,"10일 업계에 따르면 애플과 인텔은 애플 기기에 탑재되는 일부 칩을 인텔 파운드리(반도체 수탁생산)... 한 반도체 업계 관계자는 &quot;과거에는 기업 간 단순 수주 경쟁이었다면 이제는 정부 정책과 공급망 안정성, AI... ",http://www.enewstoday.co.kr/news/articleView.html?idxno=2427739,http://www.enewstoday.co.kr/news/articleView.html?idxno=2427739,"Sun, 10 May 2026 11:00:00 +0900",2026-05-11 08:56:25
반도체,파운드리 수주,"인텔 파운드리, 애플·엔비디아 수주로 美 결집하는데…삼성전자, 내부...",9일(현지시간) 업계에 따르면 인텔 파운드리의 최근 수주 성과는 우리나라 반도체 생태계에 실질적인 압박으로 작용하고 있다. 특히 애플이 차세대 M시리즈 칩 생산을 위해 인텔의 최첨단 공정 도입을 결정한 점은... ,https://www.ddaily.co.kr/page/view/2026051010594488093,https://n.news.naver.com/mnews/article/138/0002227340?sid=105,"Sun, 10 May 2026 11:00:00 +0900",2026-05-11 08:56:25
반도체,파운드리 수주,"퀄컴 2나노 승부수, 삼성전자 주가·내 폰값 흔들 '세 가지 변수'","둘째, 삼성전자 3나노 수율 및 실제 수주 소식이다. 퀄컴이 삼성 파운드리를 공식 파트너로 낙점할 경우, 이는 삼성전자 주가의 강력한 상방 압력으로 작용할 수 있다. 셋째, 플래그십 스마트폰 출고가 추이다. 2나노... ",https://www.g-enews.com/view.php?ud=202605100820503930fbbec65dfb_1,https://www.g-enews.com/view.php?ud=202605100820503930fbbec65dfb_1,"Sun, 10 May 2026 09:20:00 +0900",2026-05-11 08:56:25
반도체,파운드리 수주,[위클리반도체] 일론 머스크 162조원 테라팹 구축…애플 품은 인텔 파운...,맺음으로써 장기적인 공급망 안정화를 도모하게 됐습니다. 인텔이 TSMC 수준의 안정적인 수율과 압도적인 칩 성능을 차질 없이 제공할 수 있을지가 파운드리 시장의 경쟁 구도를 근본적으로 뒤바꿀 시험대가 될 전망입니다.,https://www.ddaily.co.kr/page/view/2026050922582373995,https://n.news.naver.com/mnews/article/138/0002227327?sid=105,"Sun, 10 May 2026 08:37:00 +0900",2026-05-11 08:56:25
2차전지,2차전지 주가,[미리보는 증시재료] 코스피 7000 이후 첫 시험대…美물가·파월 변수 주...,"(ESS·2차전지), 산업재(조선·방산)까지 공급 가능한 글로벌 제조 플랫폼 역할을 수행하고 있다&quot;며 &quot;반도체 비중은 유지하되 실적 추정치 상향 대비 주가 반응이 상대적으로 제한된 증권·방산·조선·화장품 등 실적주... ",https://www.newspim.com/news/view/20260508001166,https://www.newspim.com/news/view/20260508001166,"Mon, 11 May 2026 08:11:00 +0900",2026-05-11 08:56:25
2차전지,2차전지 주가,"[TECH한주] 피아이이, AI 비전 솔루션으로 장비주 한계 넘는다",단기간에 주가가 급등락하는 등 다소 높은 변동성을 보이고 있어 투자 시 주의가 필요합니다. 고객 다변화 주목 피아이이의 고객 다변화 전략은 단순한 매출처 확보가 아닌 2차전지라는 단일 산업 리스크를 극복하고... ,https://www.epnc.co.kr/news/articleView.html?idxno=401545,https://www.epnc.co.kr/news/articleView.html?idxno=401545,"Mon, 11 May 2026 08:00:00 +0900",2026-05-11 08:56:25
2차전지,2차전지 주가,"[더벨][자금조달 위기 맞은 산업계] '바늘구멍' 자사주 활용법, 자금활...",이차전지 소재 사업 경쟁력 강화에 필요한 자금을 조달했다. 다만 자사주 기반 EB는 투자자가 교환권 행사... 재계에서는 자사주 활용이 제한된 만큼 앞으로는 자회사 지분을 활용한 EB나 PRS(주가수익스왑) 거래가... ,https://www.thebell.co.kr/free/content/ArticleView.asp?key=202605071410372800104841,https://www.thebell.co.kr/free/content/ArticleView.asp?key=202605071410372800104841,"Mon, 11 May 2026 07:02:00 +0900",2026-05-11 08:56:25
2차전지,2차전지 주가,[Who Is ?] 임일지 대주전자재료 대표이사 사장,"전환사채(CB)는 세 건이 남아 있는 가운데, 2026년 들어 주가가 급등하면서 전환권 행사가 시작됐다. 2026년... 재료, 2차전지에 들어가는 음극제 중에 실리콘 음극재 등을 생산하고 있다.&quot; &quot;재료 회사로서는 드물게... ",https://www.businesspost.co.kr/BP?command=article_view&num=437101,https://www.businesspost.co.kr/BP?command=article_view&num=437101,"Mon, 11 May 2026 07:02:00 +0900",2026-05-11 08:56:25
2차전지,2차전지 주가,대기업 자금 조달 공식 변화…투자 유치서 자산 매각·유동화로 [시그널...,10일 투자은행(IB) 업계에 따르면 2차전지용 동박 제조기업 SK넥실리스는 지난해 말부터 3000억 원 규모 투자... 다른 상장사 지분을 활용한 주가수익스와프(PRS) 계약도 활발하다. LG화학은 지난해 10월 LG에너지솔루션... ,https://www.sedaily.com/article/20042137?ref=naver,https://n.news.naver.com/mnews/article/011/0004619296?sid=101,"Mon, 11 May 2026 07:00:00 +0900",2026-05-11 08:56:25
2차전지,2차전지 주가,급등과 급락 사이…코스닥 투자 체크 포인트,"주가순자산비율(PBR)이 현저히 낮은 기업을 정기적으로 공개하고, 코스닥 시장을 2개 리그 체계로 재편하는... 위메이드는 블록체인, P2E(Play to Earn: 플레이로 돈 벌기) 열풍 속 급등했다가 토큰 논란으로 급락했고, 2차전지... ",https://magazine.hankyung.com/money/article/202604153763c,https://magazine.hankyung.com/money/article/202604153763c,"Mon, 11 May 2026 06:02:00 +0900",2026-05-11 08:56:25
2차전지,2차전지 주가,반도체 온기 타 업종 확산… 포스트 삼전·SK하닉 어디?,2차전지·내수주 등으로 확산되는 ‘순환매 장세’ 기대가 커지고 있다. 11일 한국거래소에 따르면 지난주(4~8일) 코스피 지수는 전주 대비 13.63% 상승한 7498.0에 거래를 마쳤다. 시가총액 1위 삼성전자와 SK하이닉스 주가가... ,https://www.dt.co.kr/article/12061621?ref=naver,https://n.news.naver.com/mnews/article/029/0003025877?sid=101,"Mon, 11 May 2026 05:35:00 +0900",2026-05-11 08:56:25
2차전지,2차전지 주가,마키나락스 공모주 청약…코스모로보틱스·폴레드 신규 상장 [이번주 증...,기관들의 매도 시점이 분산되면 상장 직후 주가 방어에 유리할 수 있다. 마키나락스는 제조 현장에 인공지능(AI) 솔루션을 제공하는 기업이다. 자동차·반도체·에너지·2차전지·국방 등 국내 주요 산업을 수요처로... ,https://www.sedaily.com/article/20042156?ref=naver,https://n.news.naver.com/mnews/article/011/0004619269?sid=101,"Mon, 11 May 2026 05:01:00 +0900",2026-05-11 08:56:25
2차전지,2차전지 주가,[데스크칼럼] 바이오주 역주행의 경고음,"소수 산업의 '자금 편식' 올해 들어 주가가 부진한 대표적인 업종은 바이오다. 한국거래소에 따르면 KRX... 과거 건설주로 시작해 인터넷, 조선·철강, 자동차·화학, 2차전지가 그랬고 지금은 AI가 그 자리를 메우고 있다.... ",https://www.hankyung.com/article/2026051065911,https://n.news.naver.com/mnews/article/015/0005285152?sid=110,"Mon, 11 May 2026 00:08:00 +0900",2026-05-11 08:56:25
2차전지,2차전지 주가,추락하던 Z스코어 반등…포스코퓨처엠 ‘부활ʼ 신호탄? [Z-스코어 기업...,포스코퓨처엠 역시 전기차 캐즘으로 실적과 주가가 하락했지만 차입과 부채를 늘려 투자를 확대했다는... 글로벌 2차전지 소재 기업 가운데 가장 높은 프리미엄을 정당화할 수 있다”며 “그룹사 수직 계열화... ,http://www.fntimes.com/html/view.php?ud=202605092318185330dd55077bc2_18,http://www.fntimes.com/html/view.php?ud=202605092318185330dd55077bc2_18,"Mon, 11 May 2026 00:02:00 +0900",2026-05-11 08:56:25
2차전지,2차전지 주가,"코스피, 1만 넘어 2만도 바라본다 [홍길용의 화식열전]","방산에서는 한화에어로스페이스, LIG넥스원, 한국항공우주가 글로벌 시장에서 급부상하고 있다. 2차전지의 삼성SDI·LG에너지솔루션, 전력·발전의 두산에너빌리티·HD현대일렉트릭까지 있다. AI, 조선, 모빌리티, 로봇... ",https://biz.heraldcorp.com/article/10734719?ref=naver,https://n.news.naver.com/mnews/article/016/0002641301?sid=110,"Mon, 11 May 2026 00:02:00 +0900",2026-05-11 08:56:25
2차전지,2차전지 주가,기업·노조와 ‘한판’…주주권은 ‘절대선’일까[한국형 주주 자본주의...,‘단기적 주가 방어’에만 치우치면 기업의 장기 투자와 신산업 육성을 위축시킬 수 있다는 우려를... 인공지능(AI)·반도체·2차전지 등 신산업 분야에선 대규모 자금 조달이 불가피하다. 커진 주주 목소리는 단순히 경영진... ,https://www.khan.co.kr/article/202605102025005,https://n.news.naver.com/mnews/article/032/0003444837?sid=101,"Sun, 10 May 2026 20:25:00 +0900",2026-05-11 08:56:25
2차전지,2차전지 주가,코스피 8800 간다는데…증권사 분석한 고점 신호는,그는 현 시점에서 수익 극대화 포트폴리오로 △반도체 △2차전지를 핵심 업종으로 제시했다. △수출주... 이경민 연구원은 지금은 기업 실적이 주가를 끌어올리는 '여름 실적장세'라고 설명했다. 하지만 여름이 지나면... ,http://www.wowtv.co.kr/NewsCenter/News/Read?articleId=A202605100147&t=NN,https://n.news.naver.com/mnews/article/215/0001251618?sid=101,"Sun, 10 May 2026 18:25:00 +0900",2026-05-11 08:56:25
2차전지,2차전지 주가,[주간 증시전망] 국내증시 상승 흐름 이어갈듯,"4개월 연속 100%대 증가율을 기록한 반도체 수출 호조와 설비투자 확대 전망 등 견고한 실적 기대감이 주가... 반도체뿐만 아니라 통신장비와 조선, 2차전지, 신재생에너지 업종같은 실적과 모멘텀이 뒷받침되는 업종도... ",https://www.jjan.kr/article/20260510500320,https://www.jjan.kr/article/20260510500320,"Sun, 10 May 2026 18:22:00 +0900",2026-05-11 08:56:25
2차전지,2차전지 주가,"외국인 시총 지분율, 6년 만에 39% 돌파… ‘삼전닉스’ 팔고 로봇·에너...","당시 전문가들은 이러한 현상이 반도체 주가 급등에 따른 '착시'라고 진단했다. 삼성전자와 SK하이닉스... 비철·목재, 2차전지, 일부 내수 중심 업종으로의 섹터 로테이션이 진행 중임을 시사한다&quot;고 설명했다. 다만... ",https://www.etoday.co.kr/news/view/2582945,https://www.etoday.co.kr/news/view/2582945,"Sun, 10 May 2026 18:02:00 +0900",2026-05-11 08:56:25
2차전지,2차전지 주가,"7000 코스피 시대···주가와 성장 사이, 기업의 이익은 누구의 것인가",주주가 막아선 증자·중복상장 한화솔루션은 지난달 30일 금융감독원으로부터 “유상증자 신고서를 다시... 인공지능(AI)·반도체·2차전지 등 신산업 분야에선 대규모 자금 조달이 불가피하다. 기업 이익은 누구의 몫인가... ,https://www.khan.co.kr/article/202605101752001,https://n.news.naver.com/mnews/article/032/0003444804?sid=101,"Sun, 10 May 2026 17:52:00 +0900",2026-05-11 08:56:25
2차전지,2차전지 주가,"'도박판' 오명, 코스닥 바뀔까 … 시총보다 실적 중심 평가 예고","실적 부진이 이어질 것으로 전망되지만 주가는 지난해 초 3만원 안팎에서 최근 20만원 선을 돌파하는 등... 특히 바이오, 로봇, 2차전지 등 테마성 업종에서는 아직 이익을 내지 못하거나 이익 규모가 미미한 기업도... ",https://www.mk.co.kr/article/12042738,https://n.news.naver.com/mnews/article/009/0005677823?sid=101,"Sun, 10 May 2026 17:49:00 +0900",2026-05-11 08:56:25
2차전지,2차전지 주가,“삼전닉스에만 수억원 몰렸다”…코스피 7000 이끈 ‘1억’ 개미들,"반도체 대장주 외에도 인프라, 2차전지, 자동차 등 핵심 산업을 이끄는 우량주로도 뭉칫돈이 향했다.... 이경민 대신증권 연구원은 “최근 몇 달간 삼성전자와 SK하이닉스 주가 흐름을 보면 월초 급등 이후 상승... ",https://www.dt.co.kr/article/12061619?ref=naver,https://n.news.naver.com/mnews/article/029/0003025827?sid=105,"Sun, 10 May 2026 16:58:00 +0900",2026-05-11 08:56:25
2차전지,배터리 산업,"SK이노, AI 활용 에너지·사회문제 해결 스타트업 육성 나선다","2050년 이전 넷제로 달성을 목표로 탄소 배출 감축에 나서는 한편, 폐플라스틱 열분해와 폐배터리 금속... SK이노베이션 관계자는 &quot;AI 기술은 산업 혁신을 넘어 다양한 사회문제 해결에도 변화를 만들고 있다&quot;며... ",https://www.ajunews.com/view/20260511082548541,https://www.ajunews.com/view/20260511082548541,"Mon, 11 May 2026 08:46:00 +0900",2026-05-11 08:56:26
2차전지,배터리 산업,중국 선전 전자기업 대표단 구미 방문…“반도체·첨단산업 투자 거점 ...,구미=에너지경제신문 윤성원기자 구미시가 미래 산업용 배터리 시장 선점에 나선다. 10일 구미시에 따르면 시는 산업통상자원부 주관 '수요확대형 배터리 테스트베드 구축' 공모사업에 최종 선정돼 국비 145억 원과 도비... ,https://www.ekn.kr/web/view.php?key=20260511029023519,https://www.ekn.kr/web/view.php?key=20260511029023519,"Mon, 11 May 2026 08:42:00 +0900",2026-05-11 08:56:26
2차전지,배터리 산업,"코윈테크, 300억원대 모바일 로봇 자동화 시스템 수주 확보","최근 코윈테크는 배터리와 에너지저장장치(ESS), 반도체, 자동차 등 첨단 제조 산업을 중심으로 로봇 자동화 사업을 확대하고 있다. 지난 3월 미국 ESS향 로봇·자동화 시스템 수주에 이어 현대자동차와의 공급 계약도... ",https://www.ddaily.co.kr/page/view/2026051108360049765,https://n.news.naver.com/mnews/article/138/0002227365?sid=105,"Mon, 11 May 2026 08:41:00 +0900",2026-05-11 08:56:26
2차전지,배터리 산업,"'1452억 베팅' 모트렉스, 두올 품고 車 플랫폼 확장","전진건설로봇, 자동차 내장재, 배터리 충전 사업 등으로 영역을 넓히고 있다. 2024년 인수했던 한민내장이... 특히 차량 산업이 전동화·자율주행 중심으로 재편되면서 차량 실내 중요성이 커지고 있다는 점이 영향을 미친... ",https://www.bloter.net/news/articleView.html?idxno=661748,https://n.news.naver.com/mnews/article/293/0000084308?sid=101,"Mon, 11 May 2026 08:39:00 +0900",2026-05-11 08:56:26
2차전지,배터리 산업,"코윈테크, 300억원대 로봇 자동화시스템 공급계약 체결","코윈테크는 올해 3월 ESS향 로봇·자동화시스템 수주 공시에 이어, 국내 반도체 제조사와 현대자동차로부터 잇따라 수주를 확보하는 등 배터리, 반도체, 자동차, ESS 첨단산업 전반에서 모바일 로봇 기반의 신규 수주가... ",http://www.edaily.co.kr/news/newspath.asp?newsid=02200886645447936,https://n.news.naver.com/mnews/article/018/0006278082?sid=101,"Mon, 11 May 2026 08:33:00 +0900",2026-05-11 08:56:26
2차전지,배터리 산업,"코윈테크, 300억 규모 로봇 자동화시스템 공급계약","코윈테크 관계자는 &quot;배터리, 반도체, 자동차, 에너지저장장치(ESS) 첨단산업 전반에서 모바일 로봇 기반의 신규 수주가 이어지고 있다&quot;면서 &quot;자율이동로봇(AMR) 기반 로봇 플랫폼 사업 확장을 위해 이번 수주와 같이 산업용... ",https://www.newsis.com/view/NISX20260511_0003623678,https://n.news.naver.com/mnews/article/003/0013936200?sid=101,"Mon, 11 May 2026 08:31:00 +0900",2026-05-11 08:56:26
2차전지,배터리 산업,"KAIST, 리튬금속배터리 '망가지는 순간' 포착… 전기차 주행거리 개선 단...",전기차·ESS까지… 차세대 배터리 설계 방향 제시 연구팀은 이번 성과가 다양한 산업 분야로 확장될 수 있을 것으로 기대하고 있다. 전기차용 고용량 배터리는 물론 스마트폰·노트북 등 모바일 기기용 장수명 배터리... ,https://www.industrynews.co.kr/news/articleView.html?idxno=80802,https://www.industrynews.co.kr/news/articleView.html?idxno=80802,"Mon, 11 May 2026 08:28:00 +0900",2026-05-11 08:56:26
2차전지,배터리 산업,"&quot;LCD 맥에선 안 읽힌다&quot;…애플, 맥OS 27서 '타호' 디자인 결함 수정 착수","하지만 상대적으로 명암비가 낮고 산업 디자인이 고착화된 맥북 에어와 아이맥 등 LCD 모델에서는 제어... 한편, 이번 맥OS 27은 디자인 수정 외에도 시스템 성능 최적화와 배터리 효율 개선, 그리고 시리(Siri)를... ",https://www.ddaily.co.kr/page/view/2026051108183790023,https://n.news.naver.com/mnews/article/138/0002227360?sid=105,"Mon, 11 May 2026 08:20:00 +0900",2026-05-11 08:56:26
2차전지,배터리 산업,미-중 희토류 협정 ‘여전히 유효’… 베이징 정상회담서 연장 여부 주...,"희토류는 첨단 반도체, 전기차 배터리, 무기 체계 등에 필수적인 핵심 광물로, 전 세계 공급망을 장악하고... 반면 협상이 결렬될 경우, 공급망 불확실성이 증대되면서 전 세계 첨단 산업 전반에 막대한 타격이 불가피할... ",https://www.g-enews.com/view.php?ud=2026051108155591740c8c1c064d_1,https://www.g-enews.com/view.php?ud=2026051108155591740c8c1c064d_1,"Mon, 11 May 2026 08:18:00 +0900",2026-05-11 08:56:26
2차전지,배터리 산업,"[6·3 지방선거] 김보라 안성시장 후보, 미래모빌리티·농업 선순환 대표...","이번 대표공약 발표는 2030 안성비전의 산업 분야와 농업 분야를 따로 구체화한 것으로, 한쪽에서는 배터리·미래차 산업을 통해 청년 일자리와 첨단기업 유치를 추진하고, 다른 한쪽에서는 로컬푸드와 공공급식 기반을... ",https://www.ajunews.com/view/20260510183057146,https://www.ajunews.com/view/20260510183057146,"Mon, 11 May 2026 08:16:00 +0900",2026-05-11 08:56:26
2차전지,배터리 산업,"구미시, 산업용 '배터리 테스트베드' 공모 최종 선정…335억원 투입","미래 산업용 배터리 시장 선점에 속도를 낸다. 시는 이번 공모 선정으로 국비 145억원, 도비 57억원을 확보했으며, 총사업비 335억원 규모로 사업을 추진할 계획이라고 밝혔다. 구미시에 따르면 수요확대형 배터리는 특정... ",https://www.m-i.kr/news/articleView.html?idxno=1371170,https://www.m-i.kr/news/articleView.html?idxno=1371170,"Mon, 11 May 2026 08:14:00 +0900",2026-05-11 08:56:26
2차전지,배터리 산업,"[이영기 칼럼] 반도체가 돋운 흥, 산업 전반으로 번지길",지금 좀 더 관심을 기울여야 하는 것은 반도체 호황에 머물지 말고 한걸음 더 나아가 그 호황을 자동차·배터리·기계·소재·물류 등 산업 전반의 생산성 혁신과 공급망 안정으로 연결하는 정책과 투자 전략이다. 한국... ,http://www.thevaluenews.co.kr/news/view.php?idx=198563,http://www.thevaluenews.co.kr/news/view.php?idx=198563,"Mon, 11 May 2026 08:04:00 +0900",2026-05-11 08:56:26
2차전지,배터리 산업,"[박상욱의 기후 1.5] 달라지는 에너지 믹스, 달라지는 패권 (중)","K-배터리와 K-전기차에 대한 호평에도 왜 결과는 이렇게 더딘 것일까. 호평과 호의는 다릅니다. 정부는 자국산업 보호와 BEV 시장 자체의 성장, 이차전지 및 전기차 산업과 석유화학산업 사이에서 이젠 제대로 된... ",https://news.jtbc.co.kr/article/NB12297676?influxDiv=NAVER,https://n.news.naver.com/mnews/article/437/0000490787?sid=102,"Mon, 11 May 2026 08:00:00 +0900",2026-05-11 08:56:26
2차전지,배터리 산업,"[기자수첩] 국내 자동차 시장, 소비자 선택지는 넓어졌지만…생태계는...","최수연 핀포인트뉴스 산업부 차장. 올해 들어 르노코리아·폴스타·포르쉐·볼보·아우디·메르세데스-벤츠... 업계 관계자들은 한국이 배터리·부품 생태계와 충전 인프라, 높은 소비자 수요 등 전동화 전환에 필요한... ",https://www.pinpointnews.co.kr/news/articleView.html?idxno=451434,https://www.pinpointnews.co.kr/news/articleView.html?idxno=451434,"Mon, 11 May 2026 08:00:00 +0900",2026-05-11 08:56:26
2차전지,배터리 산업,"베선트와 허리펑, 정상회담 직전 서울서 만난다…사전 조율","반도체·배터리·희토류 공급망, 대중 수출통제, 환율 문제 등이 폭넓게 논의될 가능성이 거론된다. 트럼프 행정부가 최근 경제 안보를 핵심 외교 기조로 내세우고 있는 만큼 양국 간 전략산업 문제도 주요 의제로 다뤄질... ",http://www.fnnews.com/news/202605110750594311,https://n.news.naver.com/mnews/article/014/0005519468?sid=104,"Mon, 11 May 2026 07:55:00 +0900",2026-05-11 08:56:26
2차전지,배터리 산업,코스닥 상폐 기준 강화…‘방어형 M&amp;A’ 증가,"■ K-AAM 개발 가속: 현대자동차그룹이 한국항공우주산업(KAI)과 미래항공모빌리티(AAM) 기체 공동 개발... ‘적진’ 中 배터리展서…코트라, 소부장 해외진출 돕는다 - 핵심 요약: KOTRA(코트라)가 세계 최대 배터리... ",https://www.sedaily.com/article/20042315?ref=naver,https://n.news.naver.com/mnews/article/011/0004619315?sid=101,"Mon, 11 May 2026 07:34:00 +0900",2026-05-11 08:56:26
2차전지,배터리 산업,"삼성전자 노사, 11~12일 성과급 재협상…총파업 분수령",BYD의 미국 현지 공장 설립 가능성이 현실화할 경우 국내 완성차·배터리 업계의 경쟁 구도에도 파장이... ONCI는 과거 재무 데이터 의존 방식에서 벗어나 산업별 시나리오·AI 업종 영향·기후 리스크 등 미래 지향적... ,https://www.sedaily.com/article/20042317?ref=naver,https://n.news.naver.com/mnews/article/011/0004619317?sid=101,"Mon, 11 May 2026 07:34:00 +0900",2026-05-11 08:56:26
2차전지,리튬 시장,"쎄노텍, 1분기 매출 105억…전년比 40%↑","쎄노텍은 향후 이차전지 첨가제 사업을 중심으로 생산능력 확대와 고객사 다변화를 추진하는 한편, LFP(리튬인산철) 시장으로 적용 영역을 확대해 나갈 계획이다. 아울러 고부가가치 세라믹 비드 제품군의 경쟁력을... ",https://www.newsis.com/view/NISX20260511_0003623720,https://n.news.naver.com/mnews/article/003/0013936220?sid=101,"Mon, 11 May 2026 08:45:00 +0900",2026-05-11 08:56:27
2차전지,리튬 시장,"GIST-KETI-교토대, '수소 이온'으로 화재 잡고 수명 늘린 전고체전지 기...",최근 전기차 시장이 빠르게 성장하면서 한 번 충전으로 더 멀리 갈 수 있으면서도 화재 위험은 낮춘 차세대... 이 가운데 아지로다이트(Argyrodite) 구조 고체전해질은 배터리 안에서 리튬 이온이 빠르게 이동할 수 있어... ,https://www.etnews.com/20260511000017,https://n.news.naver.com/mnews/article/030/0003425896?sid=102,"Mon, 11 May 2026 08:43:00 +0900",2026-05-11 08:56:27
2차전지,리튬 시장,"日, 메르코수르와 EPA 협상 추진...에너지·광물 공급망 다변화","일본 정부가 남미공동시장(메르코수르·MERCOSUR)과의 경제동반자협정(EPA) 협상 개시에 나선다. 에너지와 핵심... 브라질은 세계 주요 산유국 가운데 하나이며, 아르헨티나는 전기차(EV) 배터리 핵심 소재인 리튬... ",https://www.newspim.com/news/view/20260511000056,https://www.newspim.com/news/view/20260511000056,"Mon, 11 May 2026 08:13:00 +0900",2026-05-11 08:56:27
2차전지,리튬 시장,전기차·ESS 수요 증가에 에코프로 영업이익 42배 급증,전구체와 리튬을 각각 에코프로머티리얼즈와 에코프로이노베이션이 공급한다. 그룹에서 상장사는... 에코프로와 계열사들은 올해 1분기 호실적을 기록하며 시장 기대감을 키우고 있다. 에코프로는1분기 연결 기준... ,https://weekly.donga.com/3/all/11/6218071/1,https://n.news.naver.com/mnews/article/037/0000038135?sid=101,"Mon, 11 May 2026 07:02:00 +0900",2026-05-11 08:56:27
2차전지,리튬 시장,[케이스 스터디] 10만 기술 인재 군단으로 질주하는 中 혁신 기업 화웨...,BYD 전시장은 유리 벽 안에 자사 LFP(리튬·인산·철) 배터리와 경쟁사 NCM(니켈·코발트·망간) 배터리를 두고 못으로 뚫는 모습을 현장에서 보여준다. 눈앞에서 폭발음과 함께 NCM 배터리에 불이 붙는 것과 달리 별... ,https://economychosun.com/site/data/html_dir/2026/05/04/2026050400026.html,https://economychosun.com/site/data/html_dir/2026/05/04/2026050400026.html,"Mon, 11 May 2026 06:16:00 +0900",2026-05-11 08:56:27
2차전지,리튬 시장,"세단처럼 부드럽게, 전기차처럼 정숙하게… SUV 시장에 뜬 ‘별똥별’ ...","공인 연비는 15.1㎞/ℓ으로 1.64㎾h의 대용량 리튬이온 배터리를 탑재해 도심 구간 운행 시 최대 75%까지 전기 모드로 주행할 수 있다. 필랑트에는 차선 유지 보조, 어댑티브 크루즈 컨트롤 등 자율주행 레벨 2 수준의 첨단... ",https://www.segye.com/newsView/20260510507229?OutUrl=naver,https://n.news.naver.com/mnews/article/022/0004127171?sid=101,"Mon, 11 May 2026 06:04:00 +0900",2026-05-11 08:56:27
2차전지,리튬 시장,"AI 전력망 올라탄 K배터리, ESS 왕좌 탈환전 나선다","2018년 삼성SDI와 LG화학은 글로벌 리튬이온 ESS 시장에서 각각 43%, 37%의 점유율을 기록했다. 두 회사 합산 점유율은 80%에 달했다. 당시 LG에너지솔루션은 LG화학 전지 사업부문이던 시기다. 그러나 K배터리의 ESS... ",https://www.dailian.co.kr/news/view/1642060/?sc=Naver,https://n.news.naver.com/mnews/article/119/0003088892?sid=101,"Mon, 11 May 2026 06:00:00 +0900",2026-05-11 08:56:27
2차전지,리튬 시장,"'심팩' 업은 블루리프EP, 제노에너지 인수 눈앞","주준하 대표와 혼맥으로 이어진 유가증권시장 상장사 심팩의 후방 지원이 이어지며 딜 클로징이... 제노에너지는 리튬 일차전지 제조기업이다. 공개 기업정보 기준 2024년 매출액은 221억5000만원, 영업이익은... ",https://www.newstopkorea.com/news/articleView.html?idxno=44846,https://www.newstopkorea.com/news/articleView.html?idxno=44846,"Mon, 11 May 2026 05:38:00 +0900",2026-05-11 08:56:27
2차전지,리튬 시장,"日, 남미 ‘메르코수르’와 경제 협정 추진… 에너지 안보·탈중국 가속...","일본 정부가 자원 확보와 시장 확대를 위해 브라질, 아르헨티나, 우루과이, 파라과이, 볼리비아 등 남미... 전기차 배터리의 핵심 원료인 리튬을 생산하는 아르헨티나와 세계 2위 희토류 매장량을 보유한 브라질과의... ",https://www.g-enews.com/view.php?ud=2026051015041573570c8c1c064d_1,https://www.g-enews.com/view.php?ud=2026051015041573570c8c1c064d_1,"Mon, 11 May 2026 05:26:00 +0900",2026-05-11 08:56:27
2차전지,리튬 시장,"황산발 공급 쇼크, 반도체·식량 안보 흔든다","호르무즈 봉쇄가 촉발한 '화학의 쌀' 품귀 현상 중동발 지정학적 리스크가 에너지 시장을 넘어 기초 소재... 황산은 비료 제조뿐만 아니라 반도체 웨이퍼 세정, 배터리 핵심 광물인 니켈·리튬 추출, 수돗물 정수 등에... ",https://www.g-enews.com/view.php?ud=2026051021552663952bd56fbc3c_1,https://www.g-enews.com/view.php?ud=2026051021552663952bd56fbc3c_1,"Mon, 11 May 2026 04:10:00 +0900",2026-05-11 08:56:27
2차전지,리튬 시장,"UNIST, LFP 폐배터리 재활용 전주기 플랫폼 구축",UNIST가 스타트업 4곳과 함께 리튬인산철(LFP) 배터리 직접 재생 기술 사업화를 추진한다. UNIST... 연구 성과가 실험실에서 머물지 않고 제품·서비스 개발과 시장 검증으로 이어지도록 설계됐다. UNIST는 사업을 통해 'LFP... ,https://www.ksilbo.co.kr/news/articleView.html?idxno=1056292,https://www.ksilbo.co.kr/news/articleView.html?idxno=1056292,"Mon, 11 May 2026 00:04:00 +0900",2026-05-11 08:56:27
2차전지,리튬 시장,"포스코(POSCO)홀딩스, 철강·리튬 투트랙 전략 시험대…주가 조정 속 관...","시장에서는 철강 부문의 원가 부담과 글로벌 경기 불확실성, 미국과 이란 간 군사적 긴장에 따른 에너지 시장 변동성 등을 동시에 반영하는 분위기다. 다만 리튬 사업 적자 축소와 이차전지소재 부문의 회복 흐름은... ",https://www.cbci.co.kr/news/articleView.html?idxno=573484,https://www.cbci.co.kr/news/articleView.html?idxno=573484,"Mon, 11 May 2026 00:00:00 +0900",2026-05-11 08:56:27
2차전지,리튬 시장,UNIST 'LFP 폐배터리 재활용 시스템' 구축,UNIST가 스타트업 4곳과 함께 LFP(리튬인산철) 폐배터리 재활용 기술의 전주기 순환 플랫폼을 구축한다.... 연구 성과가 실험실에 머물지 않고 제품·서비스 개발과 시장 검증으로 이어지도록 설계된 사업이다. UNIST가... ,https://www.ulsanpress.net/news/articleView.html?idxno=574828,https://www.ulsanpress.net/news/articleView.html?idxno=574828,"Sun, 10 May 2026 21:42:00 +0900",2026-05-11 08:56:27
2차전지,리튬 시장,[대구논단] 전기차 보조금의 진짜 의미를 묻다 - 중국 전기차의 민낯과...,중국산 리튬인산철(LFP) 배터리에 우리 세금을 쥐어주는 것은 '친환경 모빌리티 장려'라는 무공해차 보조금의... 전기차 시장의 약 70%를 차지하는 자국 시장에서 한국 기업들을 철저히 배제했다. 이토록 강력하고 배타적인... ,https://www.idaegu.co.kr/news/articleView.html?idxno=547529,https://www.idaegu.co.kr/news/articleView.html?idxno=547529,"Sun, 10 May 2026 21:24:00 +0900",2026-05-11 08:56:27
2차전지,리튬 시장,"UNIST, LFP 배터리 직접 재생 기술체계 마련 나서",울산과학기술원(UNIST)은 스타트업 4곳과 함께 리튬인산철(LFP) 배터리 직접 재생 기술 사업화를 추진한다고... 연구 성과가 실험실에서 머물지 않고 제품·서비스 개발과 시장 검증으로 이어지도록 설계됐다. UNIST는... ,http://www.ujeil.com/news/articleView.html?idxno=385497,http://www.ujeil.com/news/articleView.html?idxno=385497,"Sun, 10 May 2026 20:02:00 +0900",2026-05-11 08:56:27
2차전지,리튬 시장,"[천자춘추] 中, 아프리카 ‘무관세 정책’","전기차와 반도체 등 첨단 산업의 핵심인 리튬, 코발트 등 전략 광물의 보고인 아프리카와의 관세를 허물어 공급망의 안전성을 확보하겠다는 계산이다. 둘째, 시장의 선점이다. 중국은 아프리카의 자원·노동력과 자국... ",https://www.kyeonggi.com/article/20260510580368,https://n.news.naver.com/mnews/article/666/0000106472?sid=110,"Sun, 10 May 2026 19:28:00 +0900",2026-05-11 08:56:27
2차전지,리튬 시장,“혁신생태계 조성…인재들이 머물고 싶은 일자리 만들것”,"`딥테크 스타트업'을 육성하고, 글로벌 시장으로의 진출 돕는 일에 사활 기술가치평가와 투자심사의... 폐배터리에 리튬회수 및 폐수 무방류 system 도입한 친환경 공정 기술 개발을 추진하고 있습니다.... ",https://sjbnews.com/news/news.php?number=878086,https://sjbnews.com/news/news.php?number=878086,"Sun, 10 May 2026 18:35:00 +0900",2026-05-11 08:56:27
2차전지,리튬 시장,"코트라, 한중 이차전지 수출상담회 및 '카스피안 아그로' 전시회 한국관...","선전을 포함한 광둥성 지역은 전기차 및 에너지저장장치(ESS) 시장의 폭발적인 성장으로 인해 배터리... 전고체·나트륨이온·리튬메탈 등 차세대 전지 기술과 고니켈 양극재, 지능형 제조장비 등에 대한 관심이... ",https://www.cstimes.com/news/articleView.html?idxno=705016,https://www.cstimes.com/news/articleView.html?idxno=705016,"Sun, 10 May 2026 18:24:00 +0900",2026-05-11 08:56:27
2차전지,전고체 배터리,"코트라, K-이차전지 中 시장 진출 지원…전고체·ESS 수요 공략","올해 CIBF 전시회에서는 전고체·나트륨이온·리튬메탈 배터리 등 차세대 기술과 고니켈 양극재, 실리콘 음극재, 지능형 제조장비 등이 화두로 떠올랐다. 코트라는 한국 기업들이 전해액 첨가제, 분리막, 검사장비... ",https://www.etnews.com/20260510000045,https://n.news.naver.com/mnews/article/030/0003425791?sid=101,"Sun, 10 May 2026 12:24:00 +0900",2026-05-11 08:56:28
2차전지,전고체 배터리,"코트라, 中 선전서 K-배터리 공급망 진출 지원…CIBF 현지 상담 개최","업계에서는 이번 행사에서 전고체·나트륨이온·리튬메탈 배터리 등 신기술 영역, 지능형 제조 장비, 배터리 탄소발자국 추적 시스템 등이 주요 포커스로 부상할 것으로 보고 있다. 중국 배터리 산업은 지난해 연간... ",https://www.newsworks.co.kr/news/articleView.html?idxno=840260,https://www.newsworks.co.kr/news/articleView.html?idxno=840260,"Sun, 10 May 2026 11:30:00 +0900",2026-05-11 08:56:28
2차전지,전고체 배터리,"中 한복판에 이차전지 교류의 장…코트라, K배터리 공급망 확대 지원","특히 전고체·나트륨이온·리튬메탈 배터리 등 차세대 전지 기술과 고니켈 양극재, 실리콘 음극재, 전해액 첨가제, 지능형 제조장비 등에 관심이 모이고 있다. 코트라 측은 중국 배터리 기업들은 구매 및 기술 수요를... ",http://www.edaily.co.kr/news/newspath.asp?newsid=01426806645447608,https://n.news.naver.com/mnews/article/018/0006277372?sid=101,"Sun, 10 May 2026 11:02:00 +0900",2026-05-11 08:56:28
2차전지,전고체 배터리,"‘적진’ 中 배터리展서…코트라, 소부장 해외진출 돕는다","특히 유럽·동남아 등 해외 진출을 확대하는 중국 배터리 기업은 품질과 환경, 공급망 안정성을 동시에 충족할 수 있는 기업을 찾고 있어 전고체, 양극제, 검사 장비 등에서 기술력을 보유한 국내 기업들은 중국의... ",https://www.sedaily.com/article/20042085?ref=naver,https://n.news.naver.com/mnews/article/011/0004619094?sid=101,"Sun, 10 May 2026 11:01:00 +0900",2026-05-11 08:56:28
2차전지,전고체 배터리,"코트라, 中 선전서 K-배터리 공급망 공략…현지 기업과 수출 상담 추진","전고체 배터리와 나트륨이온 배터리, 고니켈 양극재, 실리콘 음극재 등 차세대 기술 분야도 주요 관심 분야로 꼽힌다. 코트라는 중국 배터리 업계 특성상 구매·기술 수요가 외부에 공개되지 않는 경우가 많아 현지... ",https://biz.heraldcorp.com/article/10733964?ref=naver,https://n.news.naver.com/mnews/article/016/0002641185?sid=101,"Sun, 10 May 2026 11:00:00 +0900",2026-05-11 08:56:28
2차전지,전고체 배터리,中 국제 배터리 전시회 연계 K-이차전지 공급망 진출 지원,"특히 전고체·나트륨이온·리튬메탈 배터리 등 차세대 전지 기술과 고니켈 양극재, 실리콘 음극재, 전해액 첨가제, 지능형 제조장비 등에 관심이 모이고 있다. 코트라 측은 중국 배터리 기업들은 구매 및 기술 수요를... ",http://www.worktoday.co.kr/news/articleView.html?idxno=84445,http://www.worktoday.co.kr/news/articleView.html?idxno=84445,"Sun, 10 May 2026 11:00:00 +0900",2026-05-11 08:56:28
2차전지,전고체 배터리,닛산 美 투자 중단에 멈춘 장비 발주…K-배터리 향방에 관심 [위클리배...,"차기 포트폴리오 확충을 위해 시도하고 있는 리튬망간리치(LMR), 전고체 배터리도 아직까지는 시기상조인 모습입니다. 지난 7일 교토통신과 아사히신문 등 일본 현지 외신은 닛산이 미국 미시시피주 캔톤공장에서... ",https://www.ddaily.co.kr/page/view/2026050923035264555,https://n.news.naver.com/mnews/article/138/0002227326?sid=105,"Sun, 10 May 2026 08:36:00 +0900",2026-05-11 08:56:28
2차전지,전고체 배터리,"이수스페셜티케미컬, 전고체 핵심 플레이어 주목...기술 선점 촉각",시장에서는 최근 전고체 배터리 관련주 전반의 변동성이 확대된 점도 영향을 미친 것으로 보고 있다. 특히 일부 종목들에 단기 수급이 몰리면서 차익 실현 움직임이 반복되는 양상이다. 국내 투자자들 사이에서는... ,https://www.cbci.co.kr/news/articleView.html?idxno=573434,https://www.cbci.co.kr/news/articleView.html?idxno=573434,"Sun, 10 May 2026 00:00:00 +0900",2026-05-11 08:56:28
2차전지,전고체 배터리,"[월요마당] 중국산 전기차 점유율 상승, LFP배터리가 관건",물론 배터리 3사들이 앞으로 전기차용 LFP배터리 생산의 고민도 있었으나 현실적으로 전고체 배터리 생산 등의 변화를 고려하면 전기차용 LFP배터리 생산은 그리 탐탁치 않게 판단하고 있는 것으로 보인다. 문제는... ,https://www.energy-news.co.kr/news/articleView.html?idxno=225253,https://www.energy-news.co.kr/news/articleView.html?idxno=225253,"Fri, 08 May 2026 17:56:00 +0900",2026-05-11 08:56:28
2차전지,전고체 배터리,"[프라임 딥톡] &quot;K-배터리, 캐즘 끝 보인다…하반기부터 회복 가능성&quot;",윤석천 평론가 &quot;삼원계·전고체 배터리는 삼성SDI…업황 회복 땐 LG엔솔 주목&quot; ◦방송: [프라임 딥톡] K-배터리 기업의 생존 위한 차세대 전략 ◦진행: 오세혁 아나운서 ◦출연: 윤석천 / 경제평론가 ◦제작: 김준호 PD... ,https://news.dealsitetv.com/articles/170006,https://news.dealsitetv.com/articles/170006,"Fri, 08 May 2026 17:00:00 +0900",2026-05-11 08:56:28
2차전지,전고체 배터리,"갈 길 먼 LMR·전고체, 시험대 오른 K-배터리 [배터리레이다]","기존 액체전해질을 고체로 대체한 전고체 배터리 역시 비슷한 양상이다. 전고체 전환 시 화재 안정성과 고에너지밀도·장수명 등 성능 개선이 이뤄지지만, 가격과 양산성을 이유로 최근 주목받는 휴머노이드 로봇을... ",https://www.ddaily.co.kr/page/view/2026050815230998064,https://n.news.naver.com/mnews/article/138/0002227275?sid=105,"Fri, 08 May 2026 16:52:00 +0900",2026-05-11 08:56:28
2차전지,전고체 배터리,"피엔티, CIBF 2026 참가… 건식공정·전고체 앞세워 '배터리 밸류체인' ...","이번 전시에서 피엔티는 '차세대 배터리 공정 기술'과 '턴키(Turn-key) 솔루션'으로, 건식 전극 장비와 전고체 배터리 생산 설비를 전면에 내세울 계획이다. 이와 함께 최근 AI 산업 확대에 따라 수요가 증가하고 있는... ",https://www.the-stock.kr/news/articleView.html?idxno=32500,https://www.the-stock.kr/news/articleView.html?idxno=32500,"Fri, 08 May 2026 16:40:00 +0900",2026-05-11 08:56:28
2차전지,전고체 배터리,[1% 초고수의 선택] '삼성SDI' 사고 '현대오토에버' 팔았다,"삼성SDI는 프리미엄 배터리 중심의 제품 포트폴리오와 글로벌 완성차 고객 기반, 전고체 배터리 기술 경쟁력을 확보하고 있다는 평가를 받고 있다. 삼성SDI 관계자 역시 최근 배터리 업황 부진과 관련해 &quot;현재의 캐즘... ",https://www.ebn.co.kr/news/articleView.html?idxno=1708074,https://www.ebn.co.kr/news/articleView.html?idxno=1708074,"Fri, 08 May 2026 16:06:00 +0900",2026-05-11 08:56:28
2차전지,전고체 배터리,"아이엘, 모빌리티 밸류체인 완성… '램프 수직계열화'로 시장 압도",현재 조명과 램프 사업의 안정적인 수익을 기반으로 전고체 배터리와 피지컬 AI 로봇 플랫폼 등 미래 먹거리 확보에 사활을 걸고 있다. 차세대 배터리로 꼽히는 전고체 분야와 지능형 로봇 기술을 융합해 중장기적인 성장... ,https://www.pinpointnews.co.kr/news/articleView.html?idxno=451356,https://www.pinpointnews.co.kr/news/articleView.html?idxno=451356,"Fri, 08 May 2026 14:26:00 +0900",2026-05-11 08:56:28
2차전지,전고체 배터리,"中 리튬황 배터리 개발, 2차전지 경쟁에 새 변수","문제는 속도와 방향으로 한국 기업들이 전고체 배터리를 차세대 전략의 중심에 두고 있는 것은 타당하지만, 칭화대 사례는 전고체와 별개로 액체 전해질 기반 리튬-황에서도 분자 설계 혁신을 통해 성능 도약이... ",http://www.joseilbo.com/news/news_read.php?uid=567905&class=78&grp=,https://n.news.naver.com/mnews/article/123/0002382654?sid=004,"Fri, 08 May 2026 10:40:00 +0900",2026-05-11 08:56:28
2차전지,전고체 배터리,"내주 CIBF 2026 개막…中 배터리, 전고체·ESS·나트륨 승부수","중국 기업들은 전고체 배터리, 나트륨이온 배터리, 대형 원통형 배터리 등 차세대 제품의 상용화 수준을 공개할 것으로 보인다. 중국 배터리 기업들은 에너지 밀도와 안전성을 높이는 전고체 배터리로 이동하는... ",https://www.etnews.com/20260508000095,https://n.news.naver.com/mnews/article/030/0003425392?sid=105,"Fri, 08 May 2026 10:34:00 +0900",2026-05-11 08:56:28
바이오/헬스,바이오 주가,美·中 동시 공략 통했다… 휴젤 성장세 본격화 [Why 바이오],11일 금융투자업계에 따르면 NH투자증권은 최근 보고서를 통해 휴젤에 대한 투자의견 ‘매수’를 유지하고 목표주가를 기존 35만 원에서 40만 원으로 상향 조정했다. NH투자증권은 휴젤의 올해 1분기 매출이 1168억 원으로... ,https://www.sedaily.com/article/20042344?ref=naver,https://n.news.naver.com/mnews/article/011/0004619340?sid=103,"Mon, 11 May 2026 08:55:00 +0900",2026-05-11 08:56:29
바이오/헬스,바이오 주가,"“바닥 다졌다”… 증권가, 파마리서치 반등 본격화 전망 [Why 바이오]",목표주가도 43만 원으로 제시했다. 8일 종가(34만 1000원) 기준 상승여력은 약 45% 수준이다. 신한투자증권은... 신한투자증권은 “경쟁 우려와 대형주 강세로 수급 열위가 지속됐지만 코스닥 바이오 업종 반등과 성장... ,https://www.sedaily.com/article/20042337?ref=naver,https://n.news.naver.com/mnews/article/011/0004619334?sid=103,"Mon, 11 May 2026 08:49:00 +0900",2026-05-11 08:56:29
바이오/헬스,바이오 주가,"[더벨]오리엔트바이오, 주식병합 통과 '동전주 탈피' 시동",현재 오리엔트바이오 주가는 500원대지만 이번 주식병합 이후 1000원대로 조정된다. 오리엔트바이오는 주식병합 이후에도 계속해서 기업가치 제고를 통해 주가 방어에 나선다는 방침이다. 금융당국은 동전주 요건... ,https://www.thebell.co.kr/free/content/ArticleView.asp?key=202605080941105520107643,https://www.thebell.co.kr/free/content/ArticleView.asp?key=202605080941105520107643,"Mon, 11 May 2026 08:32:00 +0900",2026-05-11 08:56:29
바이오/헬스,바이오 주가,네오이뮨텍 '선택과 집중' 이면엔 자체 임상 축소…'ARS·CAR-T 병용'만 남...,하지만 이데일리 제약·바이오 프리미엄 콘텐츠 팜이데일리의 취재 결과 이는 선택과 집중보다 사실상... 지난 2021년 3월 16일 코스닥 시장에 상장한 네오이뮨텍은 같은달 19일 주가가 1만4999원으로 정점을 찍은... ,http://www.edaily.co.kr/news/newspath.asp?newsid=02194326645447936,https://n.news.naver.com/mnews/article/018/0006278080?sid=105,"Mon, 11 May 2026 08:32:00 +0900",2026-05-11 08:56:29
바이오/헬스,바이오 주가,[특징주] 반도체 랠리 지속…삼성전자·SK하이닉스 프리마켓 급등,"반면 삼성바이오로직스는 8000원(-0.54%) 내린 146만4000원에 거래됐다. 삼성전자 평택사업장 전경. [사진... 마이크론(15.5%), 샌디스크(16.6%), 인텔(14.0%) 등 반도체주가 집중 상승했다. 미국의 4월 신규 고용은... ",https://www.newspim.com/news/view/20260511000070,https://www.newspim.com/news/view/20260511000070,"Mon, 11 May 2026 08:29:00 +0900",2026-05-11 08:56:29
바이오/헬스,바이오 주가,[프리마켓 포커스] '29만전자·180만닉스' 에 들뜬 코스피...8000도전 가시...,"같은 시간 시가총액 상위 10개 종목중에서는 반도체 대장주가 급등 중이다. SK하이닉스가 전일 대비... 삼성바이오로직스(-0.41%)는 하락 중이다. 개별 종목 중에서는 마녀공장(14.66%), GST(13.97%), 원텍(13.26... ",http://www.the-biz.co.kr/news/articleView.html?idxno=720298,http://www.the-biz.co.kr/news/articleView.html?idxno=720298,"Mon, 11 May 2026 08:24:00 +0900",2026-05-11 08:56:29
바이오/헬스,바이오 주가,체중 19% 뺀 드림CIS ‘밀고’…주사부담 89% 줄인 이연제약 ‘당기고’...,7일 국내 제약바이오 업계는 비만·안과·항암 분야에서 글로벌 임상 성과와 미국 식품의약국(FDA) 승인... 글로벌 기술수출 및 상업화 가능성이 부각되며 주가도 강세를 나타냈다. 이날 이연제약은 전 거래일 대비... ,http://www.edaily.co.kr/news/newspath.asp?newsid=02089366645447936,https://n.news.naver.com/mnews/article/018/0006278053?sid=101,"Mon, 11 May 2026 08:17:00 +0900",2026-05-11 08:56:29
바이오/헬스,바이오 주가,"[AI의 종목 이야기] 미중 정상회담, 주목할 5가지 사안",JP모간과 블룸버그가 집계한 자료에 따르면 해외 매출 비중이 큰 중국 기업 중 바이오테크 업종의 비중이... 전문가들은 두 정상의 회동이 주가의 급격한 등락을 유발하는 경우가 적지 않았다고 지적한다. JP모간의 펑... ,https://www.newspim.com/news/view/20260511000048,https://www.newspim.com/news/view/20260511000048,"Mon, 11 May 2026 08:15:00 +0900",2026-05-11 08:56:29
바이오/헬스,바이오 주가,삼전닉스 숨 고르자 돈 흐름 향한 곳은…‘피지컬AI·바이오’ 순환매 ...,"삼전닉스 급등 후 숨고르기 현대차그룹·유통·화장품 강세 바이오·소프트웨어 재평가 기대 코스피가... 이에 현대오토에버가 상한가를 기록했고, 현대차·현대모비스·현대글로비스·기아 등 그룹주가 동반 상승했다.... ",https://www.mk.co.kr/article/12042870,https://n.news.naver.com/mnews/article/009/0005677908?sid=101,"Mon, 11 May 2026 08:15:00 +0900",2026-05-11 08:56:29
바이오/헬스,바이오 주가,"유안타證 &quot;SK, 자회사 지분가치 상승…목표주가 51%↑&quot;","목표주가를 기존 55만원에서 83만원으로 51% 상향 조정했다. 투자의견은 ‘매수’를 유지했다. 이승웅... 최근 SK에코플랜트 지분을 추가 매입해 지분율을 기존 67.6%에서 72.2%로 확대했으며, 지난 3월에는 SK바이오... ",https://www.ajunews.com/view/20260511075005483,https://www.ajunews.com/view/20260511075005483,"Mon, 11 May 2026 08:02:00 +0900",2026-05-11 08:56:29
바이오/헬스,바이오 주가,"빚 돌려막기의 &quot;악순환&quot;…롯데지주, 영구채 금리상승에 이자폭탄 '초읽...",롯데지주가 재무건전성 확보를 위해 최근 3년간 발행한 신종자본증권(영구채)의 금리 상향 시점이 2026... 문아영 책임연구원은 &quot;당분간 롯데건설과 롯데바이오로직스에 대한 재무적 지원이 지속될 것으로 보여 이는... ,https://www.youthdaily.co.kr/news/article.html?no=218785,https://www.youthdaily.co.kr/news/article.html?no=218785,"Mon, 11 May 2026 08:00:00 +0900",2026-05-11 08:56:29
바이오/헬스,바이오 주가,"6만전자 열심히 줍줍...92년생 '흙수저', 주식투자 6년만 26억 달성",대형 반도체주가 코스피 상승을 주도하고 있는 가운데 삼성전자 등 반도체주 장기 투자로 26억원대... 보유 종목 업종은 △반도체(67.3%) △하드웨어(18.6%) △자동차 및 부품(9.2%) △제약 및 바이오(4.9%)다. A씨는... ,https://www.mt.co.kr/society/2026/05/11/2026051107150350527,https://n.news.naver.com/mnews/article/008/0005355404?sid=102,"Mon, 11 May 2026 07:56:00 +0900",2026-05-11 08:56:29
바이오/헬스,바이오 주가,"[스타트 경제] &quot;나무호 화재, 미상 비행체 타격&quot;...정부, 외부 공격 공식...","거기다 여기에 더해서 유지류 가격, 팜유, 대두유, 해바라기유 이런 다른 바이오 연료 수요 증가 전망이... 그러면 미국의 주가도 하락할 수밖에 없다 이렇게 생각을 하고 있습니다. 여기서 잠깐 궁금한 게 생기는데요.... ",https://www.ytn.co.kr/_ln/0104_202605110732493498,https://n.news.naver.com/mnews/article/052/0002351242?sid=104,"Mon, 11 May 2026 07:32:00 +0900",2026-05-11 08:56:29
바이오/헬스,바이오 주가,KDI 성장률 상향하나…한국 경제 전망 발표,"씨티그룹은 이미 삼성전자 목표 주가를 30만 원으로 하향 조정했으며, JP모건도 올해 예상 영업이익이... 코스닥 상장폐지 기업 수는 2023년 8개사에서 2025년 38개사로 급증했으며, 바이오기업 신라젠(215600)이... ",https://www.sedaily.com/article/20042314?ref=naver,https://n.news.naver.com/mnews/article/011/0004619312?sid=101,"Mon, 11 May 2026 07:30:00 +0900",2026-05-11 08:56:29
바이오/헬스,바이오 주가,삼성전자 총파업 시 협력사 1754곳 타격…글로벌 IB도 주목,"씨티그룹은 삼성전자 목표 주가를 32만 원에서 30만 원으로 하향했고, JP모건은 생산 공백으로... 바이오기업 신라젠(215600)이 수액 전문기업 우성제약을 인수해 연결 매출을 135% 끌어올린 사례처럼, 매출 기반 확보를... ",https://www.sedaily.com/article/20042310?ref=naver,https://n.news.naver.com/mnews/article/011/0004619308?sid=101,"Mon, 11 May 2026 07:29:00 +0900",2026-05-11 08:56:29
바이오/헬스,바이오 주가,"SK, 지분가치 상승과 이익 체력 강화…목표가↑-유안타",유안타증권이 SK(034730)에 대해 투자의견 ‘매수’를 유지하고 목표주가를 기존 55만원에서 83만원으로... 이어 “지난 3월에는 SK바이오팜 지분 13.94%를 1.25조원에 매각했으며 이중 4466억원을 SKC 유상증자에 투입할... ,http://www.edaily.co.kr/news/newspath.asp?newsid=01889286645447936,https://n.news.naver.com/mnews/article/018/0006278018?sid=101,"Mon, 11 May 2026 07:27:00 +0900",2026-05-11 08:56:29
바이오/헬스,바이오 주가,"7000피에 늘어나는 황제주, 개미에겐 ‘그림의 떡’",11일 한국거래소에 따르면 지난 8일 종가 기준 주가가 100만원을 웃도는 종목은 ▲효성중공업 ▲두산 ▲SK하이닉스 ▲고려아연 ▲삼성바이오로직스 ▲HD현대일렉트릭 ▲삼양식품 ▲한화에어로스페이스 ▲태광산업... ,https://www.dailian.co.kr/news/view/1642148/?sc=Naver,https://n.news.naver.com/mnews/article/119/0003088902?sid=101,"Mon, 11 May 2026 07:02:00 +0900",2026-05-11 08:56:29
바이오/헬스,바이오 주가,"[채용 원픽] 보령, 사업개발·글로벌PV·항암제학술(~5/17)",제작=김민지 콘텐츠매니저 최근 주가 현황 ㆍ보령 주가 현황 *내용 클릭하면 링크 이동 ※ [채용원픽]에 실린 정보는 인력난을 겪는 제약바이오 생태계를 위해 히트뉴스가 무료 제공하는 코너입니다.,https://www.hitnews.co.kr/news/articleView.html?idxno=76027,https://www.hitnews.co.kr/news/articleView.html?idxno=76027,"Mon, 11 May 2026 06:12:00 +0900",2026-05-11 08:56:29
바이오/헬스,제약 산업,"큐라클 황반변성치료제 후보물질, 美 메멘토에 최대 1조5600억원 기술이...",이어 “최근 제약바이오 산업에서 주목받는 뉴코 모델의 또 하나의 성공 사례가 될 것으로 기대한다”이라고 덧붙였다. 이남경 맵틱스 대표는 “이번 계약은 당사의 항체 설계 및 개발 역량을 글로벌 시장에서... ,https://www.hankyung.com/article/202605117186i,https://n.news.naver.com/mnews/article/015/0005285187?sid=105,"Mon, 11 May 2026 08:51:00 +0900",2026-05-11 08:56:30
바이오/헬스,제약 산업,"큐라클·맵틱스, 망막질환 이중항체 기술수출 계약 “선급금 116억”",유재현 큐라클 대표는 “글로벌 헬스케어 투자사들이 MT-103 개발을 위해 참여해 이들의 자본력과 개발 전문성을 바탕으로 개발 및 상업화가 신속하고 체계적으로 추진될 것”이라며 “최근 제약바이오 산업에서... ,https://www.sedaily.com/article/20042339?ref=naver,https://n.news.naver.com/mnews/article/011/0004619336?sid=101,"Mon, 11 May 2026 08:51:00 +0900",2026-05-11 08:56:30
바이오/헬스,제약 산업,"큐라클·맵틱스, 망막질환 이중항체 'MT-103' 1.6조 규모 기술수출","유재현 큐라클 대표는 &quot;글로벌 헬스케어 투자사들이 MT-103 개발을 위해 참여해, 이들의 자본력과 개발 전문성을 바탕으로 개발 및 상업화가 신속하고 체계적으로 추진될 것으로 본다&quot;라며 &quot;최근 제약바이오 산업에... ",https://www.mt.co.kr/thebio/2026/05/11/2026051108085168609,https://n.news.naver.com/mnews/article/008/0005355409?sid=101,"Mon, 11 May 2026 08:14:00 +0900",2026-05-11 08:56:30
바이오/헬스,제약 산업,[CRO 위기 下] 활로 모색나선 업계…日 사례에서 얻은 해법은,"일본 역시 제약바이오 산업이 발달하고 글로벌 직진출이 증가하면서 토종 CRO 기업들은 위기에 몰렸다. 그러나 질환 특화, 전략적 인수합병 등에 나서면서 위기에서 벗어났다. 구체적인 사례로 일본의 CRO 기업... ",http://www.edaily.co.kr/news/newspath.asp?newsid=02059846645447936,https://n.news.naver.com/mnews/article/018/0006278045?sid=101,"Mon, 11 May 2026 08:12:00 +0900",2026-05-11 08:56:30
바이오/헬스,제약 산업,"큐라클, 美 메멘토에 이중항체 'MT-103' 7818억 기술이전",개발 및 상업화가 신속하고 체계적으로 추진될 것으로 본다”며 “최근 제약바이오 산업에서 주목받는 뉴코 모델의 또 하나의 성공 사례가 될 것으로 기대한다”고 말했다. 박종헌 머니투데이방송 MTN 기자,https://news.mtn.co.kr/news-detail/2026051108004773812,https://news.mtn.co.kr/news-detail/2026051108004773812,"Mon, 11 May 2026 08:06:00 +0900",2026-05-11 08:56:30
바이오/헬스,제약 산업,"[제네바통신] 글로벌 보건, 지속가능한 협력과 책임의 확장","이는 글로벌 보건 안보에 대한 기여를 넘어, 국내 바이오 및 제약 산업의 해외 진출과 경쟁력 강화로 이어지는 선순환 구조를 보여준다. 재원 기여와 참여를 통해 축적된 신뢰와 네트워크가 산업적 성과로도 환류되고... ",https://news.koreanbar.or.kr/news/articleView.html?idxno=35595,https://news.koreanbar.or.kr/news/articleView.html?idxno=35595,"Mon, 11 May 2026 08:00:00 +0900",2026-05-11 08:56:30
바이오/헬스,제약 산업,바이오 3상 투자한다는 정부…상업화 눈에 안차는 업계,"국가생명공학정책연구센터 보고서에 따르면 항체, 재조합 단백질, 세포치료제, 유전자치료제, 핵산치료제 등 신약 모달리티는 이미 글로벌 제약·바이오 산업의 중심축으로 자리 잡고 있다. 2025년 기준 전체 글로벌... ",https://news.bizwatch.co.kr/article/healthcare/2026/05/07/0040,https://n.news.naver.com/mnews/article/648/0000046995?sid=101,"Mon, 11 May 2026 07:30:00 +0900",2026-05-11 08:56:30
바이오/헬스,제약 산업,'무늬만 제약사'를 어쩔 것인가… 약가개편이 던진 구조조정 신호,"제약산업 진입이 쉬워졌기 때문으로 분석됐다. CSO(의약품 영업 대행사)가 성업 중이고, 위탁생산이 확대일로이다. 영업조직 없어도 영업이 가능하고, 생산시설 없어도 생산이 가능한 상황이다. 제네릭 위탁제조... ",https://www.hitnews.co.kr/news/articleView.html?idxno=76026,https://www.hitnews.co.kr/news/articleView.html?idxno=76026,"Mon, 11 May 2026 06:12:00 +0900",2026-05-11 08:56:30
바이오/헬스,제약 산업,[데스크 칼럼] 유한양행 100년의 역설…'논란'의 중심 이정희의 그림자...,| 내외경제TV=정창규 편집국장| 1926년 설립되어 다가오는 2026년 창립 100주년을 맞는 유한양행은 한국 제약산업의 맏형이자 '투명 경영'의 흔들림 없는 표상이었다. 창업주 고(故) 유일한 박사가 1939년 국내 최초로... ,https://www.nbntv.co.kr/news/articleView.html?idxno=4021515,https://www.nbntv.co.kr/news/articleView.html?idxno=4021515,"Mon, 11 May 2026 06:06:00 +0900",2026-05-11 08:56:30
바이오/헬스,제약 산업,"제약영업CSO 1.5만개 난립, 70%는 1인 업체…복지부 실태조사",현장에서는 CSO 시장의 혼란이 전체 제약산업의 신뢰를 깎아 먹고 있다는 지적이 나온다. 일부 제약사는 연구개발(R&amp;D) 비용 비율을 맞춰 약가 인하를 피하기 위해 CSO 수수료를 나중에 보전해 주는 식의 편법 계약을 맺는... ,https://www.yna.co.kr/view/AKR20260510027400530?input=1195m,https://n.news.naver.com/mnews/article/001/0016068507?sid=102,"Mon, 11 May 2026 06:03:00 +0900",2026-05-11 08:56:30
바이오/헬스,제약 산업,[사고] '제16회 글로벌헬스케어포럼' 14일 개최,이번 포럼에서는 'AI 혁명: K-바이오의 글로벌 밸류체인 전략'을 주제로 인공지능(AI)이 제약·바이오 산업에 가져온 구조 변화와 향후 대응 방향을 집중 조명합니다. 정부 부처·학계·민간 기업이 참여하는 이번... ,https://www.ajunews.com/view/20260508133538882,https://www.ajunews.com/view/20260508133538882,"Mon, 11 May 2026 06:02:00 +0900",2026-05-11 08:56:30
바이오/헬스,제약 산업,"&quot;AI시대 약사 생존법, 단순 조제 넘어 지혜형 전문가 돼야&quot;","-약사이자 과학자, 현 과학기술한림원장으로서 현재 우리나라 바이오·제약 산업 경쟁력을 어떻게 평가하고 계신가요. 바이오시밀러나 CDMO 같은 제조·상용화 영역에서는 글로벌 수준 경쟁력을 확보했다고 봅니다.... ",https://www.dailypharm.com/user/news/338314?REFERER=NP,https://www.dailypharm.com/user/news/338314?REFERER=NP,"Mon, 11 May 2026 06:02:00 +0900",2026-05-11 08:56:30
바이오/헬스,제약 산업,&quot;체중 감량에서 유지로&quot;…비만치료 만성질환 접근법 화두,한국보건산업진흥원이 공개한 제약·바이오 산업 미래 혁신전략 리포트에서 여의도성모병원 권혁상 교수는 &quot;GLP-1 장기 투여 시 지방뿐만 아니라 근육량이 함께 감소하고 영양 불균형이 생기는 부작용이 꾸준히... ,https://www.medicaltimes.com/Main/News/NewsView.html?ID=1168642&ref=naverpc,https://www.medicaltimes.com/Main/News/NewsView.html?ID=1168642&ref=naverpc,"Mon, 11 May 2026 05:30:00 +0900",2026-05-11 08:56:30
바이오/헬스,제약 산업,"[K-신약 대전⑦] 종근당, 차세대 항암제 등 개발 박차…'아첼라'로 신약...",김영주 종근당 대표가 지난해 12월 한국제약바이오협회 본사에서 열린 제약바이오산업 발전을 위한 약가제도 개편 비상대책위원회의 긴급 기자회견에서 취재진의 질문에 답변하고 있다. 사진=송가영 기자 ◇ 신약... ,https://www.pointdaily.co.kr/news/articleView.html?idxno=304253,https://www.pointdaily.co.kr/news/articleView.html?idxno=304253,"Mon, 11 May 2026 02:00:00 +0900",2026-05-11 08:56:30
바이오/헬스,제약 산업,"“韓증시, 이제 세계가 다시 본다”…블룸버그가 본 韓증시의 놀라운 변...",그는 한국의 ‘넥스트 챕터’로 제약·바이오와 K-콘텐츠 산업을 꼽았다. 제약·바이오 분야 대해선 한국이 이미 검증된 제조 경쟁력을 바탕으로 글로벌 바이오텍 허브로 도약할 가능성이 크다고 평가했다. 빙 리 총괄은... ,https://biz.heraldcorp.com/article/10734239?ref=naver,https://n.news.naver.com/mnews/article/016/0002641293?sid=101,"Sun, 10 May 2026 21:41:00 +0900",2026-05-11 08:56:30
바이오/헬스,제약 산업,국내 제약사 '월 1회' 비만약 개발 경쟁,한국 바이오·제약 산업의 글로벌 DDS(drug delivery system·약물 전달 기술) 경쟁력을 바탕으로 기술 선점 및 수출을 추진한다는 전략이다. ◇대웅·동국 전달 기술 개발 본격화 대웅제약은 지난 8일 바이오 스타트업... ,https://www.hankyung.com/article/2026051065621,https://n.news.naver.com/mnews/article/015/0005285065?sid=105,"Sun, 10 May 2026 17:25:00 +0900",2026-05-11 08:56:30
바이오/헬스,제약 산업,&quot;K-팝·뷰티 왜 떴나&quot;…현대차 후원 CNN 다큐 'K-에브리띵' 공개,한국 영화·드라마 산업이 검열과 제약을 넘어 글로벌 흥행 산업으로 성장한 과정을 조명한다. 세 번째 'K-푸드' 편은 한식의 역사와 글로벌 진화를 다룬다. 한국인 최초 미쉐린 3스타 셰프 코리 리(Corey Lee)를 비롯해... ,https://zdnet.co.kr/view/?no=20260510161446,https://n.news.naver.com/mnews/article/092/0002422027?sid=103,"Sun, 10 May 2026 16:15:00 +0900",2026-05-11 08:56:30
바이오/헬스,제약 산업,"국산 신약, 고난도 바이오로 이동… CAR-T·방사성의약품까지 확대",세포유전자치료제부터 방사성의약품까지 범위가 확장되며 국내 제약·바이오 산업의 기술이 고난도 바이오 기반으로 이동하고 있다는 평가다. 10일 식품의약품안전처에 따르면 최근 큐로셀의 키메릭항원수용체 T세포... ,https://www.ajunews.com/view/20260506103110911,https://www.ajunews.com/view/20260506103110911,"Sun, 10 May 2026 16:14:00 +0900",2026-05-11 08:56:30
바이오/헬스,제약 산업,&quot;K컬처의 힘 어디서 왔나&quot; 현대차가 후원한 CNN 다큐 공개,"배우 이병헌, 연상호 감독, 김은숙 작가, 이미경 부회장 등이 참여해 한국 영화와 드라마 산업이 검열과 제약의 시기를 지나 세계 시장에서 흥행성과 작품성을 인정받기까지의 과정을 설명한다. 세 번째 편인 'K-푸드'는... ",https://www.autodaily.co.kr/news/articleView.html?idxno=543921,https://www.autodaily.co.kr/news/articleView.html?idxno=543921,"Sun, 10 May 2026 16:04:00 +0900",2026-05-11 08:56:30
바이오/헬스,제약 산업,바이오·제약 산업 취업부터 직무 실무 경험까지 '한번에',"행사는 산업 현장에서 활약 중인 졸업생들을 초청해 실무 경험과 직무 노하우를 공유하는 자리로, 학생들은 선배들과의 만남을 통해 바이오·식품·제약 산업의 최신 동향과 기업별 직무 특성을 이해하고 현장 경험을... ",https://www.inews365.com/news/article.html?no=918570,https://www.inews365.com/news/article.html?no=918570,"Sun, 10 May 2026 13:58:00 +0900",2026-05-11 08:56:30
바이오/헬스,신약 개발,목암생명과학연구소 창립 42주년…&quot;AI 신약개발에 집중&quot;,바이오 신약개발의 산실로 오랜 명성을 유지해 온 목암연구소는 지난 2022년 인공지능(AI) 기반의 신약개발 연구소로 탈바꿈했다. 이후 mRNA 치료제 및 백신 개발을 위한 AI 플랫폼 연구를 필두로 서열 설계·전달체(LNP)... ,http://www.medisobizanews.com/news/articleView.html?idxno=138402,http://www.medisobizanews.com/news/articleView.html?idxno=138402,"Mon, 11 May 2026 08:52:00 +0900",2026-05-11 08:56:30
바이오/헬스,신약 개발,"디티앤씨알오, 김봉태 부사장 영입…신약개발 전략 강화","김봉태 부사장 CRO기업인 디티앤씨알오가 신약개발 전략 강화를 위해 김봉태 부사장을 영입했다고 11일 밝혔다. 회사 측에 따르면 김 부사장은 서울대 수의과대학 수의병리학 박사 출신으로, HK이노엔과 유한양행에서... ",https://www.hitnews.co.kr/news/articleView.html?idxno=76030,https://www.hitnews.co.kr/news/articleView.html?idxno=76030,"Mon, 11 May 2026 08:50:00 +0900",2026-05-11 08:56:30
바이오/헬스,신약 개발,"큐라클·맵틱스, 망막질환 이중항체 1.6조 기술이전","뉴코 모델은 특정 자산을 중심으로 별도 법인을 설립하고, 외부 자본을 유치해 신약 개발을 추진하는 방식을 말한다. 전문 인력 중심의 조직 구성과 빠른 의사결정, 소수 파이프라인에 대한 집중을 통해 개발... ",https://www.newsis.com/view/NISX20260511_0003623732,https://n.news.naver.com/mnews/article/003/0013936226?sid=102,"Mon, 11 May 2026 08:49:00 +0900",2026-05-11 08:56:30
바이오/헬스,신약 개발,"큐라클, 美 메멘토 메디신즈와 'MT-103' LO 체결...총 7818억 규모",난치성 혈관질환 신약개발 기업 큐라클이 10일 미국 제약사 메멘토 메디신즈(Memento Medicines)와 이중항체 신약 후보물질 'MT-103'에 대한 기술이전 계약을 체결했다. 메멘토는 이번 계약을 통해 전 세계 시장에 대한... ,https://www.greened.kr/news/articleView.html?idxno=340440,https://www.greened.kr/news/articleView.html?idxno=340440,"Mon, 11 May 2026 08:46:00 +0900",2026-05-11 08:56:30
바이오/헬스,신약 개발,"큐라클-맵틱스, 망막질환 이중항체 1조 5600억원 규모 기술이전 계약 체...","뉴코 모델은 특정 자산을 중심으로 별도 법인을 설립해 신약 개발을 추진하는 방식으로, 조직 효율성을 높여 소수 파이프라인에 자본을 집중한다. MT-103은 Tie2 활성화와 항-VEGF 기전을 결합한 이중항체로 혈관... ",https://www.pharmnews.com/news/articleView.html?idxno=303371,https://www.pharmnews.com/news/articleView.html?idxno=303371,"Mon, 11 May 2026 08:46:00 +0900",2026-05-11 08:56:30
바이오/헬스,신약 개발,"신테카바이오, '실행형 AI 신약개발 기업'으로 전환 본격화","업계에서는 신테카바이오가 단순한 AI 기술 기업을 넘어, 실제 신약개발 성과를 창출하는 '실행형 AI 신약개발 기업'으로 진화했다는 평가가 나오고 있다. 신테카바이오는 지난해 30억 원을 상회하는 매출을 달성하며... ",http://www.press9.kr/news/articleView.html?idxno=76211,http://www.press9.kr/news/articleView.html?idxno=76211,"Mon, 11 May 2026 08:44:00 +0900",2026-05-11 08:56:30
바이오/헬스,신약 개발,큐라클-맵틱스 이중항체 ‘MT-103’ 美 메멘토에 기술 수출,"글로벌 투자사 자금을 기반으로 신약 개발과 상업화를 추진하는 구조다. MT-103은 혈관을 안정적으로 유지하는 ‘Tie2’ 경로를 활성화하는 동시에, 비정상 혈관 생성을 유도하는 VEGF(혈관내피성장인자)를... ",https://biz.chosun.com/science-chosun/bio/2026/05/11/QWI26UU23FDZFB56T5PFLNTIZY/?utm_source=naver&utm_medium=original&utm_campaign=biz,https://n.news.naver.com/mnews/article/366/0001163227?sid=101,"Mon, 11 May 2026 08:40:00 +0900",2026-05-11 08:56:30
바이오/헬스,신약 개발,[칼럼]만성림프구성백혈병 치료의 혁신…치료 문턱 언제쯤 낮아질까,"'KSH와 함께하는 혈액 이야기'에서는 우리가 잘 몰랐던 혈액질환 이야기부터 다양해진 혈액암 치료 패러다임, 신약 개발 현황, 치료 접근성을 높이기 위한 정책 개선 방안까지 다양한 정보들이 소개될 예정이다. 혈액... ",https://www.koreahealthlog.com/news/articleView.html?idxno=57086,https://www.koreahealthlog.com/news/articleView.html?idxno=57086,"Mon, 11 May 2026 08:38:00 +0900",2026-05-11 08:56:30
바이오/헬스,신약 개발,"디티앤씨알오, 신약개발 전략 전문가 김봉태 부사장 영입",신약 비임상 및 임상시험 전문 디티앤씨알오는 바이오벤처 및 제약사의 신약개발 성공 가능성을 높이기 위한 전략 강화를 위해 제약사 연구소장 출신 독성·개발 전략 전문가 김봉태 부사장을 영입했다고 11일... ,https://www.medipana.com/news/articleView.html?idxno=411051,https://www.medipana.com/news/articleView.html?idxno=411051,"Mon, 11 May 2026 08:32:00 +0900",2026-05-11 08:56:30
바이오/헬스,신약 개발,"유바이오로직스, 콜레라로 벌어 美 간다…프리미엄백신 본게임 진입",프리미엄 백신은 예방의학 특성상 안전성과 유효성을 동시에 극한 수준으로 끌어올려야 하는 분야로 바이오업계에서는 신약개발의 꽃으로 불린다. 건강한 사람에게 투여되는 만큼 부작용 허용 범위가 매우 좁고 임상... ,http://www.edaily.co.kr/news/newspath.asp?newsid=02197606645447936,https://n.news.naver.com/mnews/article/018/0006278081?sid=105,"Mon, 11 May 2026 08:32:00 +0900",2026-05-11 08:56:30
바이오/헬스,신약 개발,"디티앤씨알오, 김봉태 부사장 영입…&quot;개발 파트너형 CRO 체계 강화&quot;",디티앤씨알오가 바이오벤처 및 제약사의 신약개발 성공 가능성을 높이기 위해 제약사 연구소장 출신의 독성·개발 전략 전문가 김봉태 부사장을 영입했다고 11일 밝혔다. 김 부사장은 서울대학교 수의과대학... ,https://www.mt.co.kr/thebio/2026/05/11/2026051108135576569,https://n.news.naver.com/mnews/article/008/0005355416?sid=101,"Mon, 11 May 2026 08:26:00 +0900",2026-05-11 08:56:30
바이오/헬스,신약 개발,"나스닥 상장사 아이스페시먼, 자금조달 이어 ‘솔라나 재무 전략’까지...","의료 연구와 신약 개발에 필요한 환자 샘플과 바이오 검체를 중개하는 구조다. 이 같은 사업 모델은 암, 감염병 등 특정 분야에서 수요 변화에 빠르게 대응할 수 있다는 점이 강점으로 꼽힌다. 최근 ISPC 관련 뉴스 흐름에서... ",https://www.tokenpost.kr/news/market/358246,https://www.tokenpost.kr/news/market/358246,"Mon, 11 May 2026 08:26:00 +0900",2026-05-11 08:56:30
바이오/헬스,신약 개발,"[더벨]DXVX, 자본잠식 자회사 에빅스젠 못받을 대여금 지원 지속",그러나 DXVX는 2024년과 2025년 2년 연속 해당 신약개발IP에 손상차손을 인식했다. 파이프라인 가치도 스스로 낮춰 잡고 있는 셈이다. ◇대여금 35억 중 20억 충당금…외감 요건도 못 채워 DXVX의 별도 재무제표 기준... ,https://www.thebell.co.kr/free/content/ArticleView.asp?key=202605080857204180107651,https://www.thebell.co.kr/free/content/ArticleView.asp?key=202605080857204180107651,"Mon, 11 May 2026 08:22:00 +0900",2026-05-11 08:56:30
바이오/헬스,신약 개발,"사노피, 아토피치료제 ‘룬세키믹’ 2상 고배…新기전 에이프릴바이오...",에이프릴바이오 관계자는 “아토피피부염 치료제 시장은 신약 개발 경쟁이 치열한 분야”라며 “룬세키믹과 같은 경쟁 후보물질의 탈락은 에이프릴바이오를 비롯한 타 업체들에는 기회 요인이 될 수 있다”고... ,http://www.edaily.co.kr/news/newspath.asp?newsid=02125446645447936,https://n.news.naver.com/mnews/article/018/0006278063?sid=105,"Mon, 11 May 2026 08:22:00 +0900",2026-05-11 08:56:30
바이오/헬스,신약 개발,"세니젠, ‘푸드’ 넘어 ‘레드 바이오’ 정조준...체질 개선으로 제2의...",세니젠은 단순한 식품 안전 기업을 넘어 인체 진단과 신약 개발 지원을 아우르는 레드 바이오 전문기업으로 도약을 목표로 하고 있다. 제3자 배정·전환사체 등 통해 자금 160억원 확보 4일 바이오업계에 따르면... ,http://www.edaily.co.kr/news/newspath.asp?newsid=02122166645447936,https://n.news.naver.com/mnews/article/018/0006278062?sid=101,"Mon, 11 May 2026 08:22:00 +0900",2026-05-11 08:56:30
바이오/헬스,신약 개발,김맹섭 머스트바이오 대표 &quot;내년까지 차세대 면역항암제 2건 이상 기술...,머스트바이오는 한미약품 출신 신약 개발 전문가들이 주축을 이루고 있다. 김맹섭 대표는 한미약품 연구소장 시절 올무티닙 등 굵직한 기술수출을 주도한 인물로 한미약품의 혁신 플랫폼 랩스커버리 개발을 이끈... ,http://www.edaily.co.kr/news/newspath.asp?newsid=02056566645447936,https://n.news.naver.com/mnews/article/018/0006278044?sid=105,"Mon, 11 May 2026 08:12:00 +0900",2026-05-11 08:56:30
바이오/헬스,헬스케어 시장,"헥토헬스케어, '원데이 리추얼' 콘셉트 글로벌 시장 공략 본격화",온리추얼 제품군 라인업 [사진: 헥토헬스케어] 헥토헬스케어의 이너뷰티 브랜드 온리추얼이 이너뷰티에서 스킨케어로 확장된 통합 포트폴리오를 글로벌 시장에 처음 선보인다. 온리추얼은 11일 오는 12일부터 14일까지... ,https://www.digitaltoday.co.kr/news/articleView.html?idxno=664344,https://www.digitaltoday.co.kr/news/articleView.html?idxno=664344,"Mon, 11 May 2026 08:54:00 +0900",2026-05-11 08:56:31
바이오/헬스,헬스케어 시장,"비트맥스, AI 자율형 보안 플랫폼 '패치가드' 출시…&quot;AI 공격엔 AI 방어...","시스템 통합(SI) 사업을 전개하는 비트맥스가 인공지능(AI) 기반 보안 시장으로 사업 영역을 확대하며... 헬스케어와 대학, 금융권 사이트를 포함해 이커머스 및 공공기관 등 주요 산업군 전반에서 치명적 취약점이... ",https://view.asiae.co.kr/article/2026051108483412142,https://n.news.naver.com/mnews/article/277/0005760653?sid=101,"Mon, 11 May 2026 08:48:00 +0900",2026-05-11 08:56:31
바이오/헬스,헬스케어 시장,주광덕 남양주시장 예비후보 선거사무소 개소,"국민의힘 남양주시장 주광덕 예비후보가 9일 선거사무소 개소식을 열고 본격적인 선거 행보에 돌입했다. 주... 하이브리드 시티 구상에는 e스포츠 전용 경기장과 프리미엄 상업시설, 고급 주거단지, 대형 헬스케어센터 등이... ",https://www.viva100.com/article/20260511500049,https://www.viva100.com/article/20260511500049,"Mon, 11 May 2026 08:42:00 +0900",2026-05-11 08:56:31
바이오/헬스,헬스케어 시장,"세라젬, ‘에센셜스 오브 모던 마케팅 코리아 에디션’ 참여…글로벌 프...","해외 시장에서도 2,500여 개 체험 매장을 운영 중이며, 북미, 유럽, 아시아 등 70개국 이상에 진출해 K-헬스케어 기업으로서의 위상을 높이고 있다. 이번 프로젝트에서는 ‘소비자 중심 경영’을 토대로 세라젬의 브랜드... ",https://www.g-enews.com/view.php?ud=202605101441323220a96f092d0c_1,https://www.g-enews.com/view.php?ud=202605101441323220a96f092d0c_1,"Mon, 11 May 2026 08:30:00 +0900",2026-05-11 08:56:31
바이오/헬스,헬스케어 시장,"[어제장 오늘장] 9천피까지 바라보는 국내증시, 외국인 수급 상황은?","쉬어갈 타이밍에도 조금 더 나아가려는 시장. 반도체 쏠림 현상이 심화한 상황에서 순환매가 돈다면 다음... 코오롱티슈진도 11.5% 강세 이어갔고, 삼천당제약, 에이비엘바이오, 리가켐바이오 등 헬스케어 대표주들도... ",https://biz.sbs.co.kr/article_hub/20000309348?division=NAVER,https://n.news.naver.com/mnews/article/374/0000509209?sid=101,"Mon, 11 May 2026 08:28:00 +0900",2026-05-11 08:56:31
바이오/헬스,헬스케어 시장,"'지씨셀 美 관계사' 아티바, 3억달러 규모 공모가 확정…자가면역질환 ...",등 헬스케어 전문 투자자들도 이름을 올렸다. 월가 큰손과 바이오 전문 펀드가 동시에 베팅했다는 것은 시장에서 AlloNK의 임상 가능성과 상업적 가치를 인정했다는 신호로 풀이된다. 모회사인 지씨셀과... ,https://www.theguru.co.kr/news/article.html?no=101547,https://www.theguru.co.kr/news/article.html?no=101547,"Mon, 11 May 2026 08:28:00 +0900",2026-05-11 08:56:31
바이오/헬스,헬스케어 시장,뉴욕증시 기술주 환호...나스닥·S&amp;P 500 지수 또 사상 최고치-[글로벌 ...,주식 시장의 상승세로 이어지고 있습니다. (필라델피아 반도체 지수) 이날 반도체 역시 엄청난 모습을... 헬스케어주가 0.86% 빠졌고 금융주도 0.58% 하락했습니다. (시총 상위) 이어서 시총 상위 종목들 주가 흐름도 확인해... ,http://www.wowtv.co.kr/NewsCenter/News/Read?articleId=A202605110031&t=NN,https://n.news.naver.com/mnews/article/215/0001251637?sid=101,"Mon, 11 May 2026 08:19:00 +0900",2026-05-11 08:56:31
바이오/헬스,헬스케어 시장,"&quot;516억 조달로도 임상 1상 자금 부족&quot;...로킷아메리카, 공모 흥행 우려도...",목표로 하는 공모금액과 대비해 생각해보면 로킷헬스케어가 100% 가진 지분 중 17% 정도를 공모시장에 내놓을 것으로 전망된다. 로킷헬스케어 입장에서는 여전히 상당한 지배력을 유지할 것이라는 내용으로 이해된다.... ,http://www.edaily.co.kr/news/newspath.asp?newsid=02063126645447936,https://n.news.naver.com/mnews/article/018/0006278046?sid=101,"Mon, 11 May 2026 08:12:00 +0900",2026-05-11 08:56:31
바이오/헬스,헬스케어 시장,[더벨][thebell desk] 한국을 주목하는 JP모간 바이오,데이비드 라우 JP모간 APAC IB 부문 부회장 겸 헬스케어 대표의 방한은 우연이 아니다. 한국 바이오 산업을 향한 JP모간의 관심이 맞물린 결과라고 보는게 더 옳다. 한국 시장의 수준과 잠재력을 데이터로 제시했고 그... ,https://www.thebell.co.kr/free/content/ArticleView.asp?key=202605031615158960105630,https://www.thebell.co.kr/free/content/ArticleView.asp?key=202605031615158960105630,"Mon, 11 May 2026 08:12:00 +0900",2026-05-11 08:56:31
바이오/헬스,헬스케어 시장,"[더벨][국민성장펀드 시동] 신설 도전리그, 펀딩 한파에 '소형 강자' 대...","딜로 시장에 이름을 알린 GP들도 다수 도전장을 냈다. 동부고속·미래생활·스테리싸이클코리아를 인수해온 코리아와이드파트너스, 현대위아 공작기계 3400억원 카브아웃을 완료한 릴슨프라이빗에쿼티, 헬스케어 전문... ",https://www.thebell.co.kr/free/content/ArticleView.asp?key=202605061542555880105538,https://www.thebell.co.kr/free/content/ArticleView.asp?key=202605061542555880105538,"Mon, 11 May 2026 08:12:00 +0900",2026-05-11 08:56:31
바이오/헬스,헬스케어 시장,"카카오, 목적사업에 '급식업' 넣은 사연은","아울러 현재 진행 중인 카카오게임즈, 카카오헬스케어의 매각 절차가 완료되면 올해 말에는 계열사 수가... 시장에선 이번 정관 변경을 두고 카카오가 추진 중인 계열사 축소 작업의 실효성을 따져봐야 한다는 반응이... ",https://news.dealsitetv.com/articles/169778,https://news.dealsitetv.com/articles/169778,"Mon, 11 May 2026 07:46:00 +0900",2026-05-11 08:56:31
바이오/헬스,헬스케어 시장,"[지금, 대학가는] 성균관대 비전통오일사업단, 캐나다 현지서 오일샌드...","의료·헬스케어 분야 글로벌 시장 개척 활동을 펼쳤다고 11일 밝혔다. 지난 6일부터 9일까지 열리는 이번 전시회는 의료기기와 제약, 병원 설비, 헬스케어 제품 등 의료산업 전반의 최신 기술을 소개하는 베트남 대표... ",http://www.bizwnews.com/news/articleView.html?idxno=136102,http://www.bizwnews.com/news/articleView.html?idxno=136102,"Mon, 11 May 2026 07:42:00 +0900",2026-05-11 08:56:31
AI/소프트웨어,AI 주가,"LG유플러스, 통신업 매력 둔화…목표가·투자의견 하향-BNK투자증권",목표주가를 1만7000원으로 기존 대비 10.5%(2000원) 하향했다. 투자의견은 기존 '매수'에서 '보유'로 하향... 국면으로 AI(인공지능)가 이를 해결해 주기에는 아직 역부족&quot;이라고 했다. 올해 1분기 실적에 대해서는... ,https://www.mt.co.kr/stock/2026/05/11/2026051108410540731,https://n.news.naver.com/mnews/article/008/0005355424?sid=101,"Mon, 11 May 2026 08:43:00 +0900",2026-05-11 08:56:32
AI/소프트웨어,AI 주가,"&quot;삼성전자, 목표가 32만…메모리값 강세·성과급 10% 반영&quot;-LS","LS증권이 11일 삼성전자에 대한 목표주가를 기존 대비 18.5% 높은 32만원으로 상향했다. 투자의견은 '매수'를... 파운드리 개선에 대해선 &quot;전사 매출액 기여는 단기적으로 제한적일 수 있지만, HBM4 베이스다이, 선단 노드 AI... ",https://www.mt.co.kr/stock/2026/05/11/2026051108383069814,https://n.news.naver.com/mnews/article/008/0005355423?sid=101,"Mon, 11 May 2026 08:41:00 +0900",2026-05-11 08:56:32
AI/소프트웨어,AI 주가,"LG에너지솔루션, AI 데이터센터 ESS 수요 확대 수혜…목표가 62만원[애널...",iM증권이 11일 LG에너지솔루션에 대해 인공지능(AI) 데이터센터 확산으로 에너지저장장치(ESS) 부문의 성장이 예상된다며 투자의견 '매수'를 유지하고 목표주가를 기존 56만원에서 62만원으로 10.7% 상향 조정했다.... ,https://www.newsway.co.kr/news/view?ud=2026051108332915291,https://www.newsway.co.kr/news/view?ud=2026051108332915291,"Mon, 11 May 2026 08:38:00 +0900",2026-05-11 08:56:32
AI/소프트웨어,AI 주가,"권순태 머큐리 대표 “데이터센터 타고 광통신 특수, 방산·드론이 미래...",최근 머큐리 주가는 급등세를 보였다. 연초 3000원 수준에서 지난달 중순 1만원을 넘기도 했다. 주된 이유는 AI 데이터센터 확산에 따른 글로벌 광케이블 수요 확대가 꼽힌다. 권 대표는 “광섬유부터 케이블까지... ,https://www.hankyung.com/article/202605069358r,https://n.news.naver.com/mnews/article/015/0005285184?sid=101,"Mon, 11 May 2026 08:38:00 +0900",2026-05-11 08:56:32
AI/소프트웨어,AI 주가,"BofA &quot;애플, 실적 발표 후 상승 여력 충분&quot;","은행은 애플의 목표 주가를 기존 325달러에서 330달러로 상향 조정하며, &quot;강력한 자본 환원 정책과 온디바이스 인공지능(AI) 분야의 최종 승자 가능성, 신제품의 옵션 가치를 고려해야 한다&quot;고 강조했다. 애플 주가는... ",https://news.einfomax.co.kr/news/articleView.html?idxno=4414000,https://news.einfomax.co.kr/news/articleView.html?idxno=4414000,"Mon, 11 May 2026 08:32:00 +0900",2026-05-11 08:56:32
AI/소프트웨어,AI 주가,&quot;고물가에도 이건 꼭 잡아야&quot;...증권가 전망 '쾌청',아닌 AI 투자 사이클 본격화에 따른 대세 상승장 진입을 시사한다&quot;고 짚었다. 특히 반도체에 대해 &quot;올해 이익 조정 비율이 오르고 있다&quot;면서 &quot;현재 PER(주가수익비율) 배수는 이익의 대폭 증가에 힘입어 5.2배를 나타내고... ,http://www.wowtv.co.kr/NewsCenter/News/Read?articleId=A202605110041&t=NN,https://n.news.naver.com/mnews/article/215/0001251640?sid=101,"Mon, 11 May 2026 08:29:00 +0900",2026-05-11 08:56:32
AI/소프트웨어,인공지능 산업,"전남도, 석유화학·철강산업 위기 극복에 58억 원 지원","이번 2단계 사업은 '위기산업 타깃형 선택과 집중'이 핵심이다. 디지털 전환(DX)과 인공지능 전환(AX)을 연계한 융합 연구개발을 추진하고, 연구개발부터 실증, 사업화, 사후관리(3년)까지 이어지는 '전주기 성과관리 체계... ",https://www.nocutnews.co.kr/news/6514802?utm_source=naver&utm_medium=article&utm_campaign=20260511085453,https://n.news.naver.com/mnews/article/079/0004145293?sid=102,"Mon, 11 May 2026 08:55:00 +0900",2026-05-11 08:56:33
AI/소프트웨어,인공지능 산업,"&quot;구글 대체-상담&quot;...챗GPT, 세대별로 활용 달라",세쿼이아 캐피털의 인공지능(AI) 행사에서 나온 그의 분석이 최근 영상으로 공개되며 다시 화제의 중심에... 챗GPT가 인생 조언자로 자리 잡는 현상은 AI 산업의 비즈니스 모델에도 관심사다. 단순 검색보다 더 깊은... ,http://www.choicenews.co.kr/news/articleView.html?idxno=165034,http://www.choicenews.co.kr/news/articleView.html?idxno=165034,"Mon, 11 May 2026 08:54:00 +0900",2026-05-11 08:56:33
AI/소프트웨어,인공지능 산업,내가 나를 자랑질 한다면?...“나는 한국의 인맥왕?(人脈王)입니다!”,"“과거 산업화 시대의 인맥은 학연·지연·혈연 중심이었다면, AI 시대의 인맥은... 인공지능(AI) 제미나이에 “문일석, 기자, 시인, 브레이브뉴스 발행인, 웃음종교... ",http://www.breaknews.com/1206142,http://www.breaknews.com/1206142,"Mon, 11 May 2026 08:54:00 +0900",2026-05-11 08:56:33
AI/소프트웨어,인공지능 산업,"독일 부총리, 캐나다 총리와 깜짝 회동…외교력 총동원 잠수함 수주 '막...","협력 분야는 인공지능과 에너지, 핵심 원자재, 국방 프로젝트 등이 언급된다. 특히 클링바일 부총리는... 한화는 최근 캐나다 자동차부품제조협회(APMA)와 군용·산업용 차량 생산을 위한 합작법인 설립 양해각서(MOU)... ",https://www.theguru.co.kr/news/article.html?no=101544,https://www.theguru.co.kr/news/article.html?no=101544,"Mon, 11 May 2026 08:52:00 +0900",2026-05-11 08:56:33
AI/소프트웨어,인공지능 산업,인하대 정책대학원 2026학년도 2학기 신입생 모집,"노인학과는 인구 고령화에 대비해 국내에서 유일하게 석사과정에서 노인정책과 실버산업 전공과목을... 정창훈 인하대 정책대학원장은 &quot;전 세계적으로 미래 사회는 시민 중심적 국가, 디지털 방식의 보편화, 인공지능을... ",https://www.veritas-a.com/news/articleView.html?idxno=609179,https://www.veritas-a.com/news/articleView.html?idxno=609179,"Mon, 11 May 2026 08:50:00 +0900",2026-05-11 08:56:33
AI/소프트웨어,인공지능 산업,2분기 중국 경제...호재와 악재는?,"또 고정자산투자 증가율은 1.7%, 소매판매 증가율은 2.0%, 산업생산 증가율은 5.8%로 각각 전망했다. 중국... 차이웨이는 &quot;인공지능(AI)+를 대표로 하는 첨단 제조업이 빠르게 성장하면서 중국 경제의 구조 고도화 속도가... ",http://www.choicenews.co.kr/news/articleView.html?idxno=165033,http://www.choicenews.co.kr/news/articleView.html?idxno=165033,"Mon, 11 May 2026 08:50:00 +0900",2026-05-11 08:56:33
AI/소프트웨어,인공지능 산업,"SK이노베이션, AI로 에너지·사회문제 해결할 스타트업 발굴·육성한다",SK이노베이션이 인공지능(AI) 기술을 활용해 에너지와 사회문제를 해결할 스타트업 발굴 및 육성에... SK이노베이션 관계자는 &quot;AI 기술은 산업 혁신을 넘어 다양한 사회문제 해결의 핵심 수단으로 자리잡고 있다&quot;며... ,https://www.pinpointnews.co.kr/news/articleView.html?idxno=451693,https://www.pinpointnews.co.kr/news/articleView.html?idxno=451693,"Mon, 11 May 2026 08:48:00 +0900",2026-05-11 08:56:33
AI/소프트웨어,인공지능 산업,"SK이노, AI로 에너지·사회 문제 해결할 스타트업 육성 나선다",SK이노베이션이 인공지능(AI) 기술을 활용해 에너지와 사회문제 해결에 나설 스타트업 육성에 나선다.... SK이노베이션 관계자는 &quot;AI 기술은 산업 혁신을 넘어 다양한 사회문제 해결에도 혁신적인 변화를 만들고 있다... ,http://www.fnnews.com/news/202605110836415647,https://n.news.naver.com/mnews/article/014/0005519489?sid=101,"Mon, 11 May 2026 08:47:00 +0900",2026-05-11 08:56:33
AI/소프트웨어,인공지능 산업,"SK이노베이션, 'AI 임팩트 솔루션' 참여팀 모집…에너지·사회문제 솔루...",SK이노베이션은 인공지능(AI) 기술을 활용헤 에너지와 사회문제를 해결하기 위한 솔루션을 발굴하는 신규... SK이노베이션 관계자는 “AI 기술은 산업 혁신을 넘어 다양한 사회문제 해결에 혁신적인 변화를 만들고 있다”... ,https://www.etoday.co.kr/news/view/2583119,https://www.etoday.co.kr/news/view/2583119,"Mon, 11 May 2026 08:46:00 +0900",2026-05-11 08:56:33
AI/소프트웨어,인공지능 산업,"모픽, 제품 이미지·영상만으로 뷰티 콘텐츠 완성하는 'K-뷰티 워크플로...","이에 올인원 영상 인공지능(AI) 플랫폼 모픽 (Morphic)은 제품 이미지 및 영상만으로 브랜드 고유의 정체성을... 한편, 모픽은 K-뷰티 시장뿐만 아니라 게임, 애니메이션, 숏폼 드라마 등 성장 중인 K-산업군을 바탕으로 반복... ",https://www.aitimes.kr/news/articleView.html?idxno=39962,https://www.aitimes.kr/news/articleView.html?idxno=39962,"Mon, 11 May 2026 08:44:00 +0900",2026-05-11 08:56:33
AI/소프트웨어,인공지능 산업,"인하대 정책대학원, 2026학년도 2학기 신입생 모집","노인학과는 인구 고령화에 대비해 국내에서 유일하게 석사과정에서 노인정책과 실버산업 전공과목을... 정창훈 인하대 정책대학원장은 &quot;미래 사회는 시민 중심적 국가, 디지털 방식의 보편화, 인공지능을 사회 전... ",http://www.incheonin.com/news/articleView.html?idxno=117806,http://www.incheonin.com/news/articleView.html?idxno=117806,"Mon, 11 May 2026 08:44:00 +0900",2026-05-11 08:56:33
AI/소프트웨어,클라우드 시장,"베스핀글로벌, 'AWS 상반기 KPPL' 스타트업 부문 우승","베스핀글로벌은 스타트업의 빠른 시장 진입과 안정적인 서비스 운영을 위해 클라우드 기반 인프라 구축부터 AI 도입 전략 수립, 데이터 설계 및 모델링, AI 서비스 적용까지 AI 전환 전 과정을 지원해왔다. 또... ",https://www.cstimes.com/news/articleView.html?idxno=705054,https://www.cstimes.com/news/articleView.html?idxno=705054,"Mon, 11 May 2026 08:48:00 +0900",2026-05-11 08:56:34
AI/소프트웨어,클라우드 시장,“통신비·공과금 등 ‘제때 낸 이력’ 얹어 대출받는다”,"고금리 시장의 경계가 갈리는 건 통계의 과학이라기보다 운영의 편의를 위한 단순화에 가깝다”고... 캐비지는 이커머스·간편결제·클라우드 회계 데이터 등을 활용하고 있다. 특히, 온라인 사회적 가치를 여신... ",http://www.datanews.co.kr/news/article.html?no=144648,http://www.datanews.co.kr/news/article.html?no=144648,"Mon, 11 May 2026 08:44:00 +0900",2026-05-11 08:56:34
AI/소프트웨어,클라우드 시장,"스몰인사이트 &quot;제이앤티씨, 유리 플랫폼 기업 진화 중&quot;",(AI) 시장 확대는 TGV 유리기판 수요 증가와 직결될 가능성이 높다. 현재 국내는 물론 대만·일본·유럽 등... 특히 AI·클라우드·빅데이터 시대가 본격화되면서 초고용량 HDD 수요가 폭발적으로 증가하고 있다. 이동희... ,https://www.newsis.com/view/NISX20260511_0003623702,https://n.news.naver.com/mnews/article/003/0013936212?sid=101,"Mon, 11 May 2026 08:41:00 +0900",2026-05-11 08:56:34
AI/소프트웨어,클라우드 시장,[AI 워크플로우 혁신①] 기업 IT 시스템 구축 시장 문법 바뀐다,이는 사실상 AI 기업들이 기업의 IT시스템 구축 시장을 정조준하고 있음을 의미한다. 국내 IT서비스·클라우드·AI 기업들이 직면한 과제도 여기에 있다. 과거 시스템 통합(SI) 사업자는 고객 요구에 맞춰 시스템을... ,https://www.ddaily.co.kr/page/view/2026050616134517651,https://n.news.naver.com/mnews/article/138/0002227363?sid=105,"Mon, 11 May 2026 08:36:00 +0900",2026-05-11 08:56:34
AI/소프트웨어,클라우드 시장,&quot;통신비 월 180원 아끼는 수준&quot;…국회서 정부 통신비 인하 정책 실효성...,이에따라 전문가들은 통신비 부담 완화를 위해서는 단순 요금 조정보다 과점 구조 개선과 시장 경쟁 확대... 김협 한국정책포럼 부회장은 일본 라쿠텐모바일(Rakuten Mobile) 사례를 언급하며 &quot;클라우드 기반 네트워크 구조가... ,https://www.pinpointnews.co.kr/news/articleView.html?idxno=451691,https://www.pinpointnews.co.kr/news/articleView.html?idxno=451691,"Mon, 11 May 2026 08:36:00 +0900",2026-05-11 08:56:34
AI/소프트웨어,클라우드 시장,비트코인 8만2000달러선 돌파…리플·솔라나 3%대 상승,"시장에선 미국의 '클래리티'(CLARITY) 법안이 국내에도 영향을 줄 수 있을 것이라고 보고 있다. 클래리티... 보여줬다&quot;며 &quot;국내에서도 클라우드사를 포함해 네이버, 카카오, 토스 등 기반 정산이 해당 흐름에... ",http://www.newsdream.kr/news/articleView.html?idxno=112014,http://www.newsdream.kr/news/articleView.html?idxno=112014,"Mon, 11 May 2026 08:36:00 +0900",2026-05-11 08:56:34
AI/소프트웨어,클라우드 시장,[글로벌 지평 넓히는 K-시큐리티③] 규제·문화 최적화 전략으로 시장 ...,일본에서도 화두가 되고 있는 클라우드 보안과 제로 트러스트를 앞세워 시장 영향력을 높이고 있다. 소프트캠프는 ▲클라우드 환경의 계정 관리 서비스 '실드아이디(SHIELD ID)' ▲제로 트러스트 기반 웹 격리 보안 서비스... ,https://www.datanet.co.kr/news/articleView.html?idxno=211502,https://www.datanet.co.kr/news/articleView.html?idxno=211502,"Mon, 11 May 2026 08:30:00 +0900",2026-05-11 08:56:34
AI/소프트웨어,클라우드 시장,"[N2SF③] 취약점 관리·CDS가 핵심…보안 기업, N2SF 구현 전략 고도화",특히 N2SF의 실제 구현 사례는 금융·엔터프라이즈 시장에서도 주요 참고 모델이 될 것으로 예상되면서... AI와 클라우드 등 데이터 활용 환경이 확대되는 상황에서 정보처리 기준 혼선을 줄이기 위해 관련 내용을 보다... ,https://www.datanet.co.kr/news/articleView.html?idxno=211490,https://www.datanet.co.kr/news/articleView.html?idxno=211490,"Mon, 11 May 2026 08:30:00 +0900",2026-05-11 08:56:34
AI/소프트웨어,클라우드 시장,"알파벳, 시간외 거래서 한때 엔비디아 시총 앞질러…1년 주가 160%↑",미즈호는 향후 2년간 시장 기대치가 구글 클라우드 매출과 영업이익을 여전히 낮게 보고 있다고 판단해 목표주가를 올렸다. 시장의 관심은 특히 클라우드와 자체 AI 칩에 집중되고 있다. 알파벳은 주간 종가 기준... ,https://www.digitaltoday.co.kr/news/articleView.html?idxno=664335,https://www.digitaltoday.co.kr/news/articleView.html?idxno=664335,"Mon, 11 May 2026 08:24:00 +0900",2026-05-11 08:56:34
AI/소프트웨어,클라우드 시장,"베스핀글로벌, AWS ‘2026 상반기 KPPL’ 스타트업 부문 우승…3년 연속","회사는 그동안 스타트업의 빠른 시장 진입과 안정적 서비스 운영을 위해 클라우드 인프라 구축부터 AI 도입 전략 수립, 데이터 설계 및 모델링까지 AI 전환 전 과정을 지원해 왔다. 특히 아마존 베드록(Amazon Bedrock)... ",http://www.edaily.co.kr/news/newspath.asp?newsid=02132006645447936,https://n.news.naver.com/mnews/article/018/0006278065?sid=105,"Mon, 11 May 2026 08:23:00 +0900",2026-05-11 08:56:34
AI/소프트웨어,클라우드 시장,"베스핀글로벌, AWS 'KPPL' 스타트업 부문 우승","신규 고객 확보, 클라우드 기술 지원 역량, 고객 만족도 등 다양한 항목을 기준으로 파트너사의 성과를... 베스핀글로벌 코리아 허양호 대표는 &quot;스타트업은 빠른 실행력과 혁신을 바탕으로 시장을 변화시키는... ",http://www.issuenbiz.com/news/articleView.html?idxno=76474,http://www.issuenbiz.com/news/articleView.html?idxno=76474,"Mon, 11 May 2026 08:20:00 +0900",2026-05-11 08:56:34
AI/소프트웨어,클라우드 시장,"루멘텀홀딩스, 만드는 족족 팔린다 [돈 되는 해외 주식]","데이터센터, 통신망, 3차원 센싱 등 고속 광전송 및 정밀 제조 시장에 핵심 부품을 공급한다. 전체 매출의 약 86%가 클라우드 및 네트워킹(광트랜시버 및 광컴포넌트) 부문에서 발생한다. 애플, 시스코, 화웨이 등... ",https://magazine.hankyung.com/business/article/202605070658b,https://n.news.naver.com/mnews/article/050/0000105963?sid=101,"Mon, 11 May 2026 08:03:00 +0900",2026-05-11 08:56:34
AI/소프트웨어,클라우드 시장,"엔비디아, AI 기업에 적극 투자…올 들어서만 400억달러",글로벌 인공지능(AI) 칩 시장을 장악한 엔비디아가 올해 들어서도 AI 기업 투자에 적극 나서고 있다. 이는... 자사 AI 칩 고객들인 코어위브와 네비우스 등 ‘네오클라우드’로 불리는 신흥 AI 클라우드 기업에도 자금을... ,https://www.dt.co.kr/article/12061675?ref=naver,https://n.news.naver.com/mnews/article/029/0003025885?sid=104,"Mon, 11 May 2026 07:40:00 +0900",2026-05-11 08:56:34
AI/소프트웨어,AI 반도체,"트럼프·시진핑, 14일 베이징 대면 회담…무역 휴전·이란 압박·대만 표...","문제, 반도체 수출통제도 핵심 쟁점으로 다뤄질 전망이다. 미국 측이 보잉(Boeing) 항공기·쇠고기(beef)·대두... NYT는 인공지능(AI) 위험 관리와 중국 핵무기 증강, 남중국해 안보, 합성마약 펜타닐의 미국 유입 감소, 지난... ",https://www.asiatoday.co.kr/kn/view.php?key=20260511010002290,https://www.asiatoday.co.kr/kn/view.php?key=20260511010002290,"Mon, 11 May 2026 08:54:00 +0900",2026-05-11 08:56:34
AI/소프트웨어,AI 반도체,SK그룹 ‘리밸런싱’ 성공…몸집↓ 수익↑,"AI 반도체 수요 확대 및 주요 제품(DRAM, NAND) 판매가격 상승, 그리고 매출 증대에 따른 고정비 완화 및 고부가 메모리 중심의 수익성 개선이 작용했다. SK하이닉스 쏠림 현상을 감안하더라도 그룹 전체의... ",http://www.datanews.co.kr/news/article.html?no=144640,http://www.datanews.co.kr/news/article.html?no=144640,"Mon, 11 May 2026 08:46:00 +0900",2026-05-11 08:56:34
AI/소프트웨어,AI 반도체,[데스크리포트 5월] '반도체 초호황의 역설' 착시로 가려진 한국 경제의...,"반도체 의존도를 낮추기 위해 인공지능(AI), 바이오, 이차전지, 우주항공, 로봇 등 미래 전략 산업에서 중소·중견기업들이 자생할 수 있는 환경을 조성해야 한다. 내수 진작을 위한 정교한 핀셋 지원이 병행되어야... ",https://www.businesspost.co.kr/BP?command=article_view&num=437440,https://www.businesspost.co.kr/BP?command=article_view&num=437440,"Mon, 11 May 2026 08:42:00 +0900",2026-05-11 08:56:34
로봇/자율주행,로봇 주가,[더벨][빅웨이브로보틱스 IPO] 흑자에도 PSR 방식 활용…밸류 3000억 목표,"사업모델 특례를 통해 코스닥 입성을 추진 중인 가운데, 밸류에이션 산정 방식으로는 주가매출비율(PSR)을 활용하기로 했다. 로봇 자동화 솔루션 사업이 본격적인 성장 국면에 있는 만큼 회사와 주관사단은 향후... ",https://www.thebell.co.kr/free/content/ArticleView.asp?key=202605071850397360101088,https://www.thebell.co.kr/free/content/ArticleView.asp?key=202605071850397360101088,"Mon, 11 May 2026 08:48:00 +0900",2026-05-11 08:56:35
로봇/자율주행,로봇 주가,"[모닝 리포트] LG이노텍, 목표가 95만원 상향...&quot;AI 부품주 재평가 기대...","KB증권은 11일 LG이노텍에 대해 목표주가를 기존 75만원에서 95만원으로 상향 조정하고 투자의견 '매수'를 유지했다. 휴머노이드 로봇용 비전 센싱 모듈, 인공지능(AI) 기판, 온디바이스 AI 확산이라는 세 가지... ",https://www.newspim.com/news/view/20260511000040,https://www.newspim.com/news/view/20260511000040,"Mon, 11 May 2026 08:26:00 +0900",2026-05-11 08:56:35
로봇/자율주행,로봇 주가,[기업이슈] 보스턴다이내믹스 '아틀라스' 공개에…현대차그룹주 강세,"휴머노이드 로봇 '아틀라스'의 작동 영상을 공개한 영향으로, 현대차그룹주 강세가 이어졌습니다. 그간... 종목의 주가가 함께 강세 보였습니다. 에이피알은 올해 1분기 영업이익이 천523억 원으로, 전년 동기보다 173.7... ",https://biz.sbs.co.kr/article_hub/20000309347?division=NAVER,https://n.news.naver.com/mnews/article/374/0000509208?sid=101,"Mon, 11 May 2026 08:24:00 +0900",2026-05-11 08:56:35
로봇/자율주행,로봇 주가,"&quot;현대차, 로봇 사업 승부수…내년 시총 도요타 넘을 것&quot;-삼성","삼성증권은 11일 현대차에 대해 &quot;현대차그룹은 미국에서 보스턴다이내믹스, 로봇 메타플랜트 애플리케이션 센터(RMAC) 등을 통해 로봇 사업에 본격적으로 나설 예정&quot;이라며 목표주가를 기존 70만원에서 80만으로 상향... ",https://www.hankyung.com/article/2026051170576,https://n.news.naver.com/mnews/article/015/0005285178?sid=101,"Mon, 11 May 2026 08:15:00 +0900",2026-05-11 08:56:35
로봇/자율주행,로봇 주가,"최고치 경신 코스피,…8천피 전인미답 고지 밟나","현대차(7.17%)는 휴머노이드 로봇 '아틀라스' 영상 공개 이후 관련 기대감이 이어지면서 급등, 기아(4.38... 지난주 뉴욕증시는 3대 주가지수가 모두 상승 마감했다. 현지시간으로 8일 다우존스30 산업평균지수는 0.02... ",https://www.jnilbo.com/news/articleView.html?idxno=90000034178,https://www.jnilbo.com/news/articleView.html?idxno=90000034178,"Mon, 11 May 2026 08:15:00 +0900",2026-05-11 08:56:35
로봇/자율주행,로봇 주가,[증시키워드] SK하이닉스 신고가 흐름…현대차·대한전선 ‘로봇·전력...,가운데 로봇과 전력 인프라로 수급이 확산되고 있다고 본다. 다만 중동 변수에 따라 건설·재건주는 변동성이 커질 수 있어 종목별 옥석 가리기가 이어질 전망이다. 키움증권은 이번주 주간 코스피의 범위를 7320... ,https://www.etoday.co.kr/news/view/2583097,https://www.etoday.co.kr/news/view/2583097,"Mon, 11 May 2026 08:10:00 +0900",2026-05-11 08:56:35
로봇/자율주행,로봇 주가,KB證 &quot;삼전 지금이 가장 싸다…실적 전망치가 주가 압도&quot;,"파운드리, 로봇 등 3대 성장엔진의 동시 점화가 기대되는 상황&quot;이라고 강조했다. 이어 그는 &quot;최근 주가 상승에도 불구하고 2027년 PER은 여전히 4.7배를 기록 중이다&quot;며 &quot;지금이 가장 싼 주가로 판단된다&quot;고 전했다.",https://news.einfomax.co.kr/news/articleView.html?idxno=4413992,https://news.einfomax.co.kr/news/articleView.html?idxno=4413992,"Mon, 11 May 2026 08:10:00 +0900",2026-05-11 08:56:35
로봇/자율주행,로봇 주가,AI 슈퍼스타의 딸이 픽했다…‘시총 132조’ 두산에 무슨 일이?,130년 최고 기업→글로벌 테크그룹 변신 시장에서는 현재 두산의 주가 상승을 단순한 순환매가 아닌 기업 DNA의 근본적 변화로 보고 있다. 박승직 상점에서 출발해 맥주와 중공업을 거쳐 이제는 ‘AI·로봇·원전’... ,https://magazine.hankyung.com/business/article/202605070065b,https://n.news.naver.com/mnews/article/050/0000105969?sid=101,"Mon, 11 May 2026 08:09:00 +0900",2026-05-11 08:56:35
로봇/자율주행,로봇 주가,"현대로템, 최후의 깃발을 꽂는 건 지상군 [베스트 애널리스트 추천 종목...",주주가치 제고를 위해 배당 성향을 4.3% 수준에서 8.5%로 상향 조정한 점과 사측의 시장 친화적인 소통도 긍정적으로 평가한다. 양승윤 유진투자증권 애널리스트 2025 하반기 AI·로봇 부문 베스트 애널리스트,https://magazine.hankyung.com/business/article/202605070585b,https://n.news.naver.com/mnews/article/050/0000105965?sid=101,"Mon, 11 May 2026 08:04:00 +0900",2026-05-11 08:56:35
로봇/자율주행,로봇 주가,"[마켓뷰] '7천피' 기록한 코스피, '8천피' 갈까 차익실현 매물 쏟아질까","현대차(7.17%)는 휴머노이드 로봇 '아틀라스' 영상 공개 이후 관련 기대감이 이어지면서 급등, 기아(4.38... 지난주 뉴욕증시는 3대 주가지수가 모두 상승 마감했다. 현지시간으로 8일 다우존스30 산업평균지수는 0.02... ",https://www.yna.co.kr/view/AKR20260511015700008?input=1195m,https://n.news.naver.com/mnews/article/001/0016068564?sid=101,"Mon, 11 May 2026 08:02:00 +0900",2026-05-11 08:56:35
로봇/자율주행,로봇 주가,"&quot;LG이노텍, 저평가 AI 부품주…목표가↑&quot;-KB",KB증권은 11일 LG이노텍에 대해 &quot;저평가된 인공지능(AI) 부품주로 판단된다&quot;며 목표주가를 기존 75만원에서 95만원으로 상향하고 투자의견 '매수'를 유지했다. 이 증권사 김동원 리서치본부장은 &quot;휴머노이드 로봇의... ,https://www.hankyung.com/article/2026051170276,https://n.news.naver.com/mnews/article/015/0005285172?sid=101,"Mon, 11 May 2026 07:55:00 +0900",2026-05-11 08:56:35
로봇/자율주행,로봇 주가,"[애프터마켓 리뷰] 현대오토에버, 로봇 SI 수혜 기대감에 사상 최고가","앞서 보스턴다이내믹스가 휴머노이드 로봇 '아틀라스'의 최신 시연 영상을 공개했는데, 물구나무서기까지... 반도체 주가 다소 주춤한 사이 현대자동차그룹의 주가가 일제히 올랐는데요. 현대차 8% 급등, 그리고 앞서... ",https://biz.sbs.co.kr/article_hub/20000309336?division=NAVER,https://n.news.naver.com/mnews/article/374/0000509192?sid=101,"Mon, 11 May 2026 07:53:00 +0900",2026-05-11 08:56:35
로봇/자율주행,로봇 주가,"‘로봇 대장주’ 현대차, 하반기 추가 모멘텀…80만원 간다-삼성","삼성증권은 11일 현대차(005380)에 대해 로봇 분야 대장주라며 목표주가를 80만원으로 기존 대비 14.3% 상향 조정했다. 투자의견 ‘매수’, 자동차 업종 최선호주를 유지했다. 임은영 삼성증권 연구원은 이날... ",http://www.edaily.co.kr/news/newspath.asp?newsid=01984406645447936,https://n.news.naver.com/mnews/article/018/0006278030?sid=101,"Mon, 11 May 2026 07:51:00 +0900",2026-05-11 08:56:35
로봇/자율주행,자율주행 산업,[데스크 칼럼] 인류史 최대 혁신 'AI'...미·중 올인하는데 한국은 노사...,미국을 추격 중인 중국 역시 국가 차원의 대규모 투자로 AI·로봇 산업 육성에 총력을 기울이고 있다. 한국은 과거에도 혁신 경쟁에서 뒤처지며 어려움을 겪은 경험이 있다. 미국과 중국에서는 이미 수천 대의 자율주행... ,https://www.banronbodo.com/news/articleView.html?idxno=32245,https://www.banronbodo.com/news/articleView.html?idxno=32245,"Mon, 11 May 2026 08:00:00 +0900",2026-05-11 08:56:36
로봇/자율주행,자율주행 산업,"롯데렌탈, 1분기 영업이익 836억원…&quot;체질 개선 성과 가시화&quot;",모빌리티 산업 내 절대적 1위 사업자로서의 위상을 더욱 공고히 하겠다&quot;고 밝혔다. 증권가에서도 긍정적... 또한 롯데렌탈이 2대 주주로 있는 쏘카가 자율주행 법인을 신규 설립하면서 지분가치 제고 효과도 일부... ,http://www.biztribune.co.kr/news/articleView.html?idxno=353673,http://www.biztribune.co.kr/news/articleView.html?idxno=353673,"Mon, 11 May 2026 07:56:00 +0900",2026-05-11 08:56:36
로봇/자율주행,자율주행 산업,환율 전망과 환율 안정의 해법,"산업 경쟁력 약화와 저성장, 환율 상승 압박하는 내부 요인 환율이 상승할 수 있는 요인을 보면, 먼저 국내적... 여기에 한국은 저성장으로 투자 수익률이 낮아지고 미국은 인공지능(AI), 자율주행 자동차 등 신기술 개발로... ",https://economist.co.kr/article/view/ecn202605070020,https://n.news.naver.com/mnews/article/243/0000097639?sid=101,"Mon, 11 May 2026 07:31:00 +0900",2026-05-11 08:56:36
로봇/자율주행,자율주행 산업,[기고] 디지털 인텔리전스 대신 피지컬 AI로 새롭게 정의되는 산업 자동...,"AI와 로보틱스, 자동화의 융합은 '피지컬 AI(physical AI)'라는 산업 운영 기술의 차세대 진화를 의미한다. 이... 피지컬 AI의 활용 사례 자율주행차는 피지컬 AI의 가장 대표적인 사례 중 하나다. 이러한 자율주행차량은 바퀴... ",https://www.thelec.kr/news/articleView.html?idxno=56313,https://www.thelec.kr/news/articleView.html?idxno=56313,"Mon, 11 May 2026 07:22:00 +0900",2026-05-11 08:56:36
로봇/자율주행,자율주행 산업,"&quot;진료실 고민, 혁신이 되다&quot; 의사가 만든 녹내장 임플란트 '주목'","한종철 대표는 8일 의료기기산업 전문기자단과의 인터뷰를 통해 &quot;기존 섬유주절제술은 자유도가 높은... &quot;디바이스가 안압을 조절해주는 역할을 하기 때문에, 자동차로 비유하면 일종의 자율주행 모드가 장착된 것과... ",http://www.doctorsnews.co.kr/news/articleView.html?idxno=164496,http://www.doctorsnews.co.kr/news/articleView.html?idxno=164496,"Mon, 11 May 2026 07:18:00 +0900",2026-05-11 08:56:36
로봇/자율주행,자율주행 산업,"[창간1특집] 불확실성의 시대, 국가 생존의 법칙 '식량안보' - ②식량정...","이같은 상황 속에서 이재명 정부는 국정과제로 '국민먹거리를 지키는 국가전략산업'으로서 농업을 육성할... 이에 대동, LS엠트론, TYM 등 국내 유수 농기계 업체들은 모두 전통적 농기계에 AI를 접목한 자율주행 트랙터는... ",https://www.aflnews.co.kr/news/articleView.html?idxno=320227,https://www.aflnews.co.kr/news/articleView.html?idxno=320227,"Mon, 11 May 2026 07:06:00 +0900",2026-05-11 08:56:36
로봇/자율주행,자율주행 산업,[더벨][thebell interview | 2026 벤처리움 IN 실리콘밸리] 유상윤 에임인...,"그는 AI 산업이 모델 성능 경쟁에 집중하는 동안 보안 문제가 빠르게 커지고 있다고 진단했다. 유 대표는... 에이전트, 자율주행, 휴머노이드 같은 영역에 빠르게 도입하고 있다”고 말했다. 에임인텔리전스는 특히... ",https://www.thebell.co.kr/free/content/ArticleView.asp?key=202605071457392880107242,https://www.thebell.co.kr/free/content/ArticleView.asp?key=202605071457392880107242,"Mon, 11 May 2026 07:02:00 +0900",2026-05-11 08:56:36
로봇/자율주행,자율주행 산업,"&quot;녹내장 수술은 안 된다?&quot;…마이크로트 '에이스트림', 수술 장벽 낮춘다",마이크로트 한동철 대표가 8일 의료기기산업 전문기자단과 간담회에서 '에이스트림'에 대해 설명하고 있다.... 한 대표는 “자동차로 비유하면 디바이스에 약간의 자율주행 모드가 장착된 것”이라며 “적응이 빠른... ,https://www.medigatenews.com/news/1429993442,https://www.medigatenews.com/news/1429993442,"Mon, 11 May 2026 06:48:00 +0900",2026-05-11 08:56:36
로봇/자율주행,자율주행 산업,[심준규의 ESG 모델링34] 물류의 미래下 운전석 없는 트럭이 만드는 새로...,"운전기사 없이 고속도로를 달리고 전자 통관까지 처리하며, 국경을 넘는 물류에서도 자율주행이 실제로 작동한다는 것을 증명했다. 실험실 안 기술이 국제 물류 현장으로 나온 사례다. 이 사례가 물류 산업 전체에 던지는... ",https://www.mydaily.co.kr/page/view/2026051106380590614,https://n.news.naver.com/mnews/article/117/0004063097?sid=103,"Mon, 11 May 2026 06:39:00 +0900",2026-05-11 08:56:36
로봇/자율주행,자율주행 산업,[Interview] 로빈 윙클러 도이체방크 독일 거시 경제 총괄 | &quot;車 의존 獨...,"이코노미조선=이용성 국제전문기자 | “독일은 산업 부문, 특히 현재 실질적인 대체재가 없는 자동차... 특히 세계 최고 수준의 기계공학 기술과 첨단 인공지능(AI)을 융합하는 피지컬 AI(Physical AI·자율주행차나 로봇 등... ",https://economychosun.com/site/data/html_dir/2026/05/04/2026050400016.html,https://economychosun.com/site/data/html_dir/2026/05/04/2026050400016.html,"Mon, 11 May 2026 06:16:00 +0900",2026-05-11 08:56:36
로봇/자율주행,자율주행 산업,[르포] 세계 1위 혁신 클러스터 中 웨강아오 대만구 | 하늘·도로·지하...,포니닷에이아이의 자율주행 로보택시를 이용한 뒤 “운전 잘하던데요”라며 놀라워했다.... 남은영 동국대 글로벌무역학과 교수는 “AI를 산업 현장에 얼마나 잘 내재화하는지가 국가의 AI 경쟁력을 좌우한다”고... ,https://economychosun.com/site/data/html_dir/2026/05/04/2026050400024.html,https://economychosun.com/site/data/html_dir/2026/05/04/2026050400024.html,"Mon, 11 May 2026 06:16:00 +0900",2026-05-11 08:56:36
로봇/자율주행,자율주행 산업,[Interview] 크리스 터너 구글 지식 및 정보 사업 부문 정책총괄 부사장...,"하지만 한편에선 새 경쟁 구도를 형성해 자율주행, 모빌리티, AI 에이전트 등 낙후한 공간 정보 산업 전반으로 파급력이 확산할 것이란 기대감도 있다. 구글은 최근 생성 AI(Generative AI) 제미나이와 결합한 ‘지도에 묻기’... ",https://economychosun.com/site/data/html_dir/2026/05/04/2026050400014.html,https://economychosun.com/site/data/html_dir/2026/05/04/2026050400014.html,"Mon, 11 May 2026 06:16:00 +0900",2026-05-11 08:56:36
로봇/자율주행,자율주행 산업,[재계 이슈] 자본주의 본질에 질문 던진 삼전 노조의 총파업 예고 | '45조...,반도체 산업의 특성상 호황기에 벌어들인 이익을 차세대 공정 및 연구개발(R&amp;D)에 재투자해야만 생존이... 재계와 회동에서는 차세대 AI 반도체인 고대역폭 메모리(HBM) 공급망 협력과 자율주행 및 로봇 서비스 부문의 AI... ,https://economychosun.com/site/data/html_dir/2026/05/04/2026050400020.html,https://economychosun.com/site/data/html_dir/2026/05/04/2026050400020.html,"Mon, 11 May 2026 06:16:00 +0900",2026-05-11 08:56:36
로봇/자율주행,자율주행 산업,"“로봇이 조리·배달”…K-푸드테크, 북미 외식시장 공략","쿳션 바리스타 로봇 (사진=한국AI·로봇산업협회) 참가 기업들은 조리 로봇, 식음료 제조 협동로봇, 자율주행 배달로봇, 바리스타 로봇, 3D 푸드 프린팅 시스템, 스마트 조리기기 등 외식 산업 현장에 적용 가능한 AI·로봇... ",http://www.edaily.co.kr/news/newspath.asp?newsid=01626886645447936,https://n.news.naver.com/mnews/article/018/0006278002?sid=105,"Mon, 11 May 2026 06:02:00 +0900",2026-05-11 08:56:36
로봇/자율주행,자율주행 산업,&quot;자율주행 격차 못 좁히면 미래 없어&quot;…현대차의 '필살기'가 절실하다[...,"과거 자동차 산업 재편 과정에서 적시에 대응하지 못한 기업들이 시장에서 밀려났던 사례를 감안하면, 현재의 실적에 안주할 수 없는 상황이다. 결국 자율주행을 비롯한 미래차 핵심 기술을 얼마나 빠르게... ",https://www.newsway.co.kr/news/view?ud=2026042816220162710,https://www.newsway.co.kr/news/view?ud=2026042816220162710,"Mon, 11 May 2026 06:00:00 +0900",2026-05-11 08:56:36
로봇/자율주행,휴머노이드 로봇,"한투운용 ACE K휴머노이드로봇산업TOP2+ ETF, 상장 후 수익률 37%",한국투자신탁운용은 ‘ACE K휴머노이드로봇산업TO2+’ 상장지수펀드(ETF)의 상장 후 1개월 수익률이 동일 유형 상품 중 1위를 기록했다고 11일 밝혔다. 한국거래소에 따르면 전 거래일(8일) 기준 ACE... ,https://www.sedaily.com/article/20042338?ref=naver,https://n.news.naver.com/mnews/article/011/0004619335?sid=101,"Mon, 11 May 2026 08:51:00 +0900",2026-05-11 08:56:37
로봇/자율주행,휴머노이드 로봇,"“사람 대신 600㎏ 든다”…케이엔알시스템, 산업현장 겨냥 ‘슈퍼휴머...",▲유·무인 겸용 이족보행 로봇 이미지/사진=케이엔알시스템 케이엔알시스템은 11일 개발 중인 슈퍼휴머노이드 로봇의 디자인 특허 등록을 완료하고 실제 이미지를 처음 공개했다. 회사 측은 “외형 디자인뿐 아니라... ,https://sateconomy.co.kr/news/view/1065569199171794,https://sateconomy.co.kr/news/view/1065569199171794,"Mon, 11 May 2026 08:40:00 +0900",2026-05-11 08:56:37
로봇/자율주행,휴머노이드 로봇,"한투운용 ACE K휴머노이드로봇산업TOP2+ ETF, 상장 후 1개월 수익률 1위",한국투자신탁운용은 ACE K휴머노이드로봇산업TO2+ 상장지수펀드(ETF)의 상장 후 1개월 수익률이 동일 유형 상품 중 1위를 기록했다고 11일 밝혔다. 한국거래소에 따르면 지난 8일 기준 ACE K휴머노이드로봇산업TOP2+ ETF의... ,http://www.edaily.co.kr/news/newspath.asp?newsid=02204166645447936,https://n.news.naver.com/mnews/article/018/0006278083?sid=101,"Mon, 11 May 2026 08:33:00 +0900",2026-05-11 08:56:37
로봇/자율주행,휴머노이드 로봇,"[코스피·코스닥지수] 코스피, '7천피' 안착 후 8천선 도전 가능할까?.....","현대자동차는 휴머노이드 로봇 '아틀라스' 관련 기대감에 7% 넘게 급등했고, 기아와 현대모비스도 동반 상승했다. 코스닥지수 역시 1,207.72로 마감하며 3거래일 만에 반등에 성공했다. 미국 증시 역시 상승 흐름을... ",https://www.lecturernews.com/news/articleView.html?idxno=202096,https://www.lecturernews.com/news/articleView.html?idxno=202096,"Mon, 11 May 2026 08:14:00 +0900",2026-05-11 08:56:37
로봇/자율주행,휴머노이드 로봇,"두산로보틱스, 로봇 본고장 獨서 사세 확장",지능형 로봇과 휴머노이드 로봇 솔루션을 중축으로 한 장기 비전을 발표한다. '유럽 최대 로봇 시장'인 독일에서 사세를 키우며 유럽 시장을 공략한다. 11일 두산로보틱스에 따르면 이 회사는 오는 19일(현지시간)... ,https://www.theguru.co.kr/news/article.html?no=101532,https://www.theguru.co.kr/news/article.html?no=101532,"Mon, 11 May 2026 08:02:00 +0900",2026-05-11 08:56:37
로봇/자율주행,휴머노이드 로봇,"&quot;삼성전자, 올해 실적 전망치 기준 PER 4.7배…지금이 가장 싸다&quot;-KB","삼성전자의 AI 소프트웨어 기술과 레인보우로보틱스의 라드웨어 로봇 기술이 결합한 지능형 첨단 휴머노이드 로봇 상용화 추진도 주목된다. 김 연구원은 “올 하반기부터 삼성전자는 메모리, 파운드리, 로봇 등 3대 성장... ",https://www.hankyung.com/article/2026051170316,https://n.news.naver.com/mnews/article/015/0005285171?sid=101,"Mon, 11 May 2026 07:51:00 +0900",2026-05-11 08:56:37
로봇/자율주행,휴머노이드 로봇,&quot;물구나무 서더니 주가도 뛰었다&quot;...현대차그룹株 동반 랠리,"앞서 현대차그룹은 올해 초 CES 2026에서 휴머노이드 아틀라스의 양산형 모델을 대중에 공개했다. 2·4분기부터는 미국 현지에 로봇 특화 학습 센터인 RMAC 건설을 앞두고 있으며, 3·4분기 내에는 RMAC 가동이 시작될... ",http://www.fnnews.com/news/202605101519485384,https://n.news.naver.com/mnews/article/014/0005519466?sid=101,"Mon, 11 May 2026 07:40:00 +0900",2026-05-11 08:56:37
로봇/자율주행,드론 시장,"도로교통공단, 몽골 교통공무원 대상 교통안전 초청교육 실시","교육 첫날에는 인공지능(AI) 드론을 활용한 도로 측량 조사시스템과 실제 적용 사례를 소개하고, 드론을... 또 '교통안전 분야 해외진출 지원센터'를 운영하며 민간기업의 해외 시장 진출과 외국 정부기관 협력을 지원하고... ",http://www.ikld.kr/news/articleView.html?idxno=334242,http://www.ikld.kr/news/articleView.html?idxno=334242,"Mon, 11 May 2026 08:48:00 +0900",2026-05-11 08:56:38
로봇/자율주행,드론 시장,"트럼프, 이란 종전 답변 &quot;완전 용납불가&quot;…핵·호르무즈 이견에 협상 좌...","◇ 'UAE·쿠웨이트·카타르 드론 충돌 재발…걸프·레바논 전선 '전쟁도 평화도 없는' 교착 카타르 LNG선, 개전... 개방해도 시장 정상화 수개월&quot;이번 협상 교착은 트럼프 대통령에게 정치·외교 양면의 압박으로 작용하고... ",https://www.asiatoday.co.kr/kn/view.php?key=20260511010002269,https://www.asiatoday.co.kr/kn/view.php?key=20260511010002269,"Mon, 11 May 2026 08:32:00 +0900",2026-05-11 08:56:38
로봇/자율주행,드론 시장,중동 전쟁이 바꾼 재건시장…580억달러 에너지 복구전 열린다,［뉴시안= 이태영 기자］중동 분쟁이 장기 소모전 양상으로 전개되면서 역내 재건 시장의 구조 자체가... 공격 유형 역시 미사일보다는 드론을 활용한 대규모 파상공격 비중이 높았던 것으로 분석된다. [도표... ,http://www.newsian.co.kr/news/articleView.html?idxno=89455,http://www.newsian.co.kr/news/articleView.html?idxno=89455,"Mon, 11 May 2026 08:16:00 +0900",2026-05-11 08:56:38
로봇/자율주행,드론 시장,"[마켓무버 위클리] 나스닥 26,000선 첫 돌파…AI 반도체 랠리 속 ‘버블...",다만 페르시아만 일대 드론 공격 보도 등 군사 긴장도 이어지고 있어 유가와 인플레이션 변수는 계속 확인해야 할 대목이다. 결국 지난 금요일 시장은 AI 반도체 랠리와 견조한 고용 지표에 강하게 반응했다. 다만... ,http://www.edaily.co.kr/news/newspath.asp?newsid=02076246645447936,https://n.news.naver.com/mnews/article/018/0006278051?sid=101,"Mon, 11 May 2026 08:15:00 +0900",2026-05-11 08:56:38
로봇/자율주행,드론 시장,[전국 주요 신문 톱뉴스](11일 조간),5% ▲ 조선일보 = 비행 드론 2기가 나무호 선미 때렸다 ▲ 중앙일보 = &quot;나무호 폭발 원인은 외부 타격... 다주택자 '세금폭탄' … 시장은 '시계제로' ▲ 디지털타임스 = 삼전 소액주주 뿔났다… 파업시 집단소송 ▲ 매일경제... ,https://www.yna.co.kr/view/AKR20260511010500011?input=1195m,https://n.news.naver.com/mnews/article/001/0016068561?sid=102,"Mon, 11 May 2026 08:00:00 +0900",2026-05-11 08:56:38
로봇/자율주행,드론 시장,"이란, 미 종전안 48시간 답변 요구에 묵묵부답…협상 교착","호르무즈해협에서 미·이란 함정 간 산발적 교전이 재개됐고, UAE에서도 이란발 미사일·드론 공격으로... 미국 시장 진출, AI 기술 안전 협력 등을 논의할 전망이다. 무역위 설립은 무역전쟁 재발을 막는 제도적 기구... ",https://www.sedaily.com/article/20042309?ref=naver,https://n.news.naver.com/mnews/article/011/0004619307?sid=101,"Mon, 11 May 2026 07:28:00 +0900",2026-05-11 08:56:38
로봇/자율주행,드론 시장,드론 3만원 vs 요격미사일 59억원… 미국이 이란을 이길 수 없는 이유,국제에너지기구(IEA)는 지금의 사태를 &quot;글로벌 석유 시장 역사상 최대 규모의 공급 차질&quot;로 규정한... 비용 비대칭의 함정 — 드론 3만원 vs 요격미사일 59억원 두 저자가 짚은 핵심 구조적 문제는 군사 기술의 비용... ,https://www.g-enews.com/view.php?ud=2026051107163192952bd56fbc3c_1,https://www.g-enews.com/view.php?ud=2026051107163192952bd56fbc3c_1,"Mon, 11 May 2026 07:20:00 +0900",2026-05-11 08:56:38
로봇/자율주행,드론 시장,[손병관의 뉴스프레소] 영남권 판세에 정청래-장동혁 명운 걸렸다,"정청래도 9일 부산과 울산을 찾아 전재수 부산시장 후보와 전태진 울산 남갑 보선 후보를 지원했다.... 비행 드론 2기가 나무호 선미 때렸다 ▲ 중앙일보 = &quot;나무호 폭발 원인은 외부 타격&quot; ▲ 한겨레 = &quot;나무호, 미확인... ",https://www.ohmynews.com/NWS_Web/View/at_pg.aspx?CNTN_CD=A0003232884&CMPT_CD=P0010&utm_source=naver&utm_medium=newsearch&utm_campaign=naver_news,https://n.news.naver.com/mnews/article/047/0002515103?sid=162,"Mon, 11 May 2026 07:11:00 +0900",2026-05-11 08:56:38
로봇/자율주행,드론 시장,트럼프 &quot;이란 답변 용납 불가&quot;…협상 교착 속 중동 긴장 고조,"걸프 지역 상공에서는 드론 위협이 지속되고, 해협 인근에서는 미군과 이란군 간 산발적 충돌이 계속되는... 전문가들은 이번 사태가 에너지 시장과 글로벌 금융에까지 영향을 미치는 복합 위기로 확산되고 있다고... ",https://www.thefairnews.co.kr/news/articleView.html?idxno=76524,https://www.thefairnews.co.kr/news/articleView.html?idxno=76524,"Mon, 11 May 2026 07:08:00 +0900",2026-05-11 08:56:38
로봇/자율주행,드론 시장,"호르무즈 해협 해저 광케이블, 이란의 '디지털 통행료' 무기화 선언","미국 싱크탱크 스팀슨센터(Stimson Center)는 최근 보고서에서 이란의 드론이 바레인과 아랍에미리트(UAE)의... 시장 안팎에서는 이란이 에너지·화물·디지털 트래픽에 걸쳐 호르무즈의 '관문' 역할을 자처할수록, 세계가... ",https://www.g-enews.com/view.php?ud=2026051106451588912bd56fbc3c_1,https://www.g-enews.com/view.php?ud=2026051106451588912bd56fbc3c_1,"Mon, 11 May 2026 06:48:00 +0900",2026-05-11 08:56:38
로봇/자율주행,드론 시장,미·이란 종전 협상 또 교착… 트럼프 &quot;전혀 수용 불가&quot;,"에너지 시장을 뒤흔들고 있는 미국·이란 전쟁이 개전 70일을 넘어서는 가운데, 이란이 파키스탄을 통해... 아랍에밀리트(UAE)는 10일 이란에서 발사된 드론 2기를 요격했으며 카타르는 자국 해역 화물선이 드론 공격을... ",https://www.g-enews.com/view.php?ud=2026051106203217702bd56fbc3c_1,https://www.g-enews.com/view.php?ud=2026051106203217702bd56fbc3c_1,"Mon, 11 May 2026 06:24:00 +0900",2026-05-11 08:56:38
로봇/자율주행,드론 시장,"이란, 美 평화제안에 공식 답변 제출…호르무즈 부분 재개방 조짐도(종...",호르무즈 일부 통과 허용…에너지 시장 긴장 완화 조짐 이번 협상 국면에서 가장 주목받는 부분은 호르무즈... 휴전에도 드론 공격 지속…유럽 군함 파견 추진 외교적 움직임과 별개로 중동 지역 긴장은 여전히 이어지고... ,http://www.edaily.co.kr/news/newspath.asp?newsid=01558006645447936,https://n.news.naver.com/mnews/article/018/0006277995?sid=104,"Mon, 11 May 2026 05:43:00 +0900",2026-05-11 08:56:38
로봇/자율주행,드론 시장,"中에 대놓고 중동 중재 요구, 대만과 맞바꾸나 [트럼프 스톡커]","로이터통신과 뉴욕타임스(NYT) 등은 미국 재무부가 8일에도 이란의 무기·드론 생산 지원에 관여한 중국과... 또 대중국 관세 인하를 카드로 중국의 불공정 무역 관행 개선과 추가 시장 개방 요구, 희토류 등 핵심 전략... ",https://www.sedaily.com/article/20042134?ref=naver,https://n.news.naver.com/mnews/article/011/0004619274?sid=104,"Mon, 11 May 2026 05:31:00 +0900",2026-05-11 08:56:38
로봇/자율주행,드론 시장,[농지 전수조사 어떻게] 195만4000㏊ 이용실태 점검,"우선 7월까지는 행정정보와 위성·드론 사진, 인공지능(AI) 분석을 통해 소유 관계, 실경작 여부, 시설 설치... 이전에는 시장·군수·구청장이 처분명령을 하지 않으면 농식품부 장관이 명령 이행을 요구하는 데 그쳤다.... ",https://www.nongmin.com/article/20260508500651,https://n.news.naver.com/mnews/article/662/0000094845?sid=100,"Mon, 11 May 2026 05:02:00 +0900",2026-05-11 08:56:38
로봇/자율주행,드론 시장,"“자율주행, 글로벌 협력해야 비용절감… 개방형 플랫폼 길 갈것”","두 회사는 지난달 29일 드론·로봇 등 ‘피지컬 AI’까지 협력 범위를 넓혔다. 완성차 업계에서도 포르셰가... 도심까지 시장마다 다른 주행 환경을 가상 공간에 그대로 옮겨 시험한다”며 “지역별 교통 흐름과 규제, 운전... ",https://www.donga.com/news/Economy/article/all/20260510/133894078/2,https://n.news.naver.com/mnews/article/020/0003718462?sid=101,"Mon, 11 May 2026 00:31:00 +0900",2026-05-11 08:56:38
게임/엔터,게임 주가,&quot;3~4월 출시작 기대 못 미쳐&quot; 넷마블 목표가↓-NH,NH투자증권이 &quot;상반기 출시한 게임이 시장의 눈높이를 충족시키기는 다소 아쉽다&quot;며 넷마블의 목표주가를 기존 7만3000원에서 6만원으로 하향 조정했다. 안재민 NH투자증권 연구원은 11일 &quot;최근 게임주에 관심이 있는... ,http://www.fnnews.com/news/202605110841283097,https://n.news.naver.com/mnews/article/014/0005519490?sid=101,"Mon, 11 May 2026 08:48:00 +0900",2026-05-11 08:56:39
게임/엔터,게임 주가,"‘Rule of 40’ 역설! K-반도체, 팔란티어까지 잡아! 코스피 전망치 9000 ...","3%대로 하락 - 美 금융변수, 주가를 필두로 전쟁 전 수준 복귀 - 달러인덱스 97대, 원·달러 환율 1,460원대로... 하드볼 게임 마무리 - 보복관세 철폐 보답으로 희귀광물 수출통제 유예 - 무엇을 갖고 빅 매치 만들어 낼... ",http://www.wowtv.co.kr/NewsCenter/News/Read?articleId=A202605110040&t=NN,https://n.news.naver.com/mnews/article/215/0001251639?sid=101,"Mon, 11 May 2026 08:27:00 +0900",2026-05-11 08:56:39
게임/엔터,게임 주가,[오늘의 증시]종전협상 '난기류'…코스피 변동성 확대 가능성,트럼프 대통령은 &quot;이란은 47년 동안 미국과 전 세계를 상대로 시간 끌기 게임을 해왔다&quot;면서 괄호 안에... 허재환 유진투자증권 연구원은 &quot;단기적으로 주가 상승 속도에 대한 부담이 높아질 전망&quot;이라면서도 &quot;대형... ,https://www.newsis.com/view/NISX20260511_0003623598,https://n.news.naver.com/mnews/article/003/0013936176?sid=101,"Mon, 11 May 2026 08:05:00 +0900",2026-05-11 08:56:39
게임/엔터,게임 주가,"넷마블, 1분기 실적 부진과 출시작들 기대치 이하…목표가↓-NH",NH투자증권이 넷마블(251270)에 대해 투자의견 ‘매수’를 유지하되 목표주가를 기존 7만 3000원에서 6만원으로 하향 조정한다고 11일 밝혔다. 안재민 NH투자증권 연구원은 “상반기 출시한 게임이 시장의 눈높이를... ,http://www.edaily.co.kr/news/newspath.asp?newsid=01915526645447936,https://n.news.naver.com/mnews/article/018/0006278021?sid=101,"Mon, 11 May 2026 07:35:00 +0900",2026-05-11 08:56:39
게임/엔터,게임 주가,[출근길 포인트] 1년새 샌디스크 4040%·마이크론 770%·인텔 483%↑… 반...,"지난 4∼8일 외국인 주간 순매수 상위 종목에는 현대차(3241억원), 두산로보틱스(3158억원), LG전자(1560억원)... 위법성 △게임 형태 서비스의 도박 해당 여부 등 청소년이 반드시 알아야 할 실질적인 예방 정보들을 담고... ",https://www.pointdaily.co.kr/news/articleView.html?idxno=304309,https://www.pointdaily.co.kr/news/articleView.html?idxno=304309,"Mon, 11 May 2026 04:00:00 +0900",2026-05-11 08:56:39
게임/엔터,게임 주가,[김한진의 마켓 나우] 10년의 눈으로 오늘을 보라,"AI 치킨 게임이 격화될수록 골드러시 시대처럼 금 캐는 사람보다 ‘곡괭이와 삽’을 파는 기업, 즉 IT... 물론 최근 전 세계적 반도체 중심의 가파른 주가 상승은 언제든 단기 기술적 조정을 부를 수 있다. 유망한... ",https://www.joongang.co.kr/article/25427142,https://n.news.naver.com/mnews/article/025/0003522222?sid=110,"Mon, 11 May 2026 00:04:00 +0900",2026-05-11 08:56:39
게임/엔터,게임 주가,"카카오, '선택과 집중' 가속…AI 드라이브 속 김범수 '사법리스크' 변수",카카오는 현재 라인야후 측 투자 법인인 LAAA인베스트먼트에 카카오게임즈 경영권을 넘기는 절차를... 목적으로 주가를 조작했다는 입장을 유지하며 항소심을 제기했다. 김 창업자 측은 이러한 공모 사실 자체가 없다는... ,https://news.tf.co.kr/read/economy/2320809.htm,https://n.news.naver.com/mnews/article/629/0000497878?sid=101,"Mon, 11 May 2026 00:01:00 +0900",2026-05-11 08:56:39
게임/엔터,게임 주가,"넷마블, 1분기 컨센 밑돌아 … &quot;믿을 건 나혼렙?&quot;","넷마블 사옥 지타워 ㅣ 넷마블 국내 게임업계의 한 축인 넷마블이 올해 1분기 시장의 기대치를 크게 밑도는... 증권가에서는 넷마블의 목표주가를 하향 조정하며, 하반기 대작들의 흥행 여부가 향후 주가의 향방을 가를... ",http://www.biztribune.co.kr/news/articleView.html?idxno=353672,http://www.biztribune.co.kr/news/articleView.html?idxno=353672,"Sun, 10 May 2026 23:30:00 +0900",2026-05-11 08:56:39
게임/엔터,게임 주가,"서브노티카2 앞둔 크래프톤, 배그 실적이 만든 재평가","확인된 실적은 PUBG가 만들었고, 향후 기업가치 확장은 신작과 비게임 투자의 수익화 여부에 달려 있다. 현재 주가는 52주 최고가 39만1000원보다 30.18% 낮고, 52주 최저가 20만8500원보다는 30.94% 높다. 저점 대비 반등... ",https://www.topstarnews.net/news/articleView.html?idxno=16056786,https://www.topstarnews.net/news/articleView.html?idxno=16056786,"Sun, 10 May 2026 20:48:00 +0900",2026-05-11 08:56:39
게임/엔터,게임 주가,[김능구·차재원의 정국진단 5월①] &quot;부산북갑이 보수동남풍 진앙지…단...,"각 당의 지지층들을 얼마큼 투표장에 나오게 하는가 하는 것이 본 게임이 시작되면 가장 이슈가 되지 않을까... 실거주가 아닌 장기보유에 대해 지적했고, 4월 18일엔 두 차례 글을 올려 &quot;장특공제는 거주 여부와 무관하게... ",https://www.polinews.co.kr/news/articleView.html?idxno=730605,https://www.polinews.co.kr/news/articleView.html?idxno=730605,"Sun, 10 May 2026 19:53:00 +0900",2026-05-11 08:56:39
게임/엔터,게임 주가,AI 게임 시대 열린다… 크래프톤 재도약 가능성 커지는 배경,"단일 IP 리스크를 극복하고 새로운 성장동력을 확보할 경우 크래프톤이 다시 글로벌 게임업계 핵심 플레이어로 부상할 수 있다는 전망이다. 키움증권은 목표주가 34만원, 투자의견 아웃퍼폼을 제시했다.",https://www.pinpointnews.co.kr/news/articleView.html?idxno=451602,https://www.pinpointnews.co.kr/news/articleView.html?idxno=451602,"Sun, 10 May 2026 13:40:00 +0900",2026-05-11 08:56:39
게임/엔터,게임 주가,넷마블 주가 전망 [금주 주목할 게임 IT 주식],"&lt;편집자 주&gt; ※ '금주의 주목할 게임 IT 주식'은 특정 종목 매수를 권장하지 않으며, 한 주간 주목할만한 이슈를 가진 종목의 장단점을 소개하는 코너입니다. 또한 주목할 이슈를 가진 종목들은 변동성에 대한 우려가... ",https://www.khgames.co.kr/news/articleView.html?idxno=304193,https://www.khgames.co.kr/news/articleView.html?idxno=304193,"Sun, 10 May 2026 10:38:00 +0900",2026-05-11 08:56:39
게임/엔터,게임 주가,[진정자의 세계 주식시장이야기 | 진리·정의·자유] 반도체주의 폭발적...,"한때 메모리 산업은 ‘치킨게임 산업’으로 불렸다. 삼성전자와 SK하이닉스, 일본과 대만 기업들이 공급을... 하지만 당시 수많은 인터넷 기업 주가는 현실을 뛰어넘는 환상 속에서 폭등했고 결국 거품은 터졌다. 오늘의... ",https://www.ajunews.com/view/20260510095647813,https://www.ajunews.com/view/20260510095647813,"Sun, 10 May 2026 10:14:00 +0900",2026-05-11 08:56:39
게임/엔터,게임 주가,[뉴스초점] 종전 주도권 다시 이란에…트럼프 &quot;곧 답변 올것&quot;,"치열한 샅바싸움이 이어지는 가운데 미·중 회담을 앞둔 다음 주가 협상의 주요 변곡점이 될 걸로 보입니다.... 양측의 치킨 게임 양상, 언제가 분기점이 될까요? &lt;질문 6&gt; 트럼프 대통령은 무슨 생각을 하는 걸까요. 백악관... ",http://www.yonhapnewstv.co.kr/news/MYH2026051009044396P,https://n.news.naver.com/mnews/article/422/0000863142?sid=104,"Sun, 10 May 2026 09:05:00 +0900",2026-05-11 08:56:39
게임/엔터,게임 주가,"엔씨, ‘리니지’ 넘어 세대 확장 본격화…MZ·여성까지 유저층 확대","/사진=엔씨 10일 업계에 따르면 엔씨는 게임 장르와 플랫폼 다변화, 외부 플랫폼 협업, 이용자 소통 방식... 실제로 올해 들어 주요 증권사들은 엔씨 목표주가를 잇달아 상향 조정했다. 김지현 신영증권 연구원은... ",https://www.mediapen.com/news/view/1097759,https://www.mediapen.com/news/view/1097759,"Sun, 10 May 2026 09:02:00 +0900",2026-05-11 08:56:39
게임/엔터,게임 주가,"[이번주 관심주] 펄어비스, 드디어 공개되는 '붉은사막' 성적표","다만 투자자들 사이에서는 붉은사막이 흥행에 성공한다 해도, 실적 대비 목표주가 수준이 과도하다는 말이 나온다. 최 연구원 역시 신작 게임 출시와 동시에 붉은사막의 IP(지식재산권) 가치 제고가 필수적이라고... ",http://www.opinionnews.co.kr/news/articleView.html?idxno=138109,http://www.opinionnews.co.kr/news/articleView.html?idxno=138109,"Sun, 10 May 2026 09:00:00 +0900",2026-05-11 08:56:39
게임/엔터,게임 주가,"&quot;리니지 넘어 로블록스까지&quot;…엔씨, MZ세대 품고 '이용자 접점' 확대",높은 게임 경험까지 포트폴리오에 담아내고 있다는 평가다. 증권가 역시 엔씨의 장르·플랫폼 다각화 전략을 긍정적으로 바라보고 있다. 주요 증권사들은 올해 들어 엔씨 목표주가를 잇달아 상향 조정하며 신작... ,https://www.youthdaily.co.kr/news/article.html?no=218797,https://www.youthdaily.co.kr/news/article.html?no=218797,"Sun, 10 May 2026 08:30:00 +0900",2026-05-11 08:56:39
게임/엔터,게임 주가,"&quot;돈은 우리가 낼게, 라인만 깔아줘&quot;… 삼성·SK 향한 빅테크의 '구애'",9일(현지 시각) 배런스 등 외신에 따르면 마이크론 주가는 이번 주에만 35% 폭등하며 2008년 금융위기 이후... 과거의 치킨 게임이 사라지고 고부가가치 제품 위주로 시장이 재편되면서 수익성이 극대화되고 있기... ,https://www.g-enews.com/view.php?ud=202605091845082270fbbec65dfb_1,https://www.g-enews.com/view.php?ud=202605091845082270fbbec65dfb_1,"Sun, 10 May 2026 03:46:00 +0900",2026-05-11 08:56:39
게임/엔터,엔터테인먼트 산업,콘진원 '2026 K-EXPO USA' 美 LA 공식 도시행사로 채택…23일 개막,문화․산업 교류 플랫폼으로 공식 인정한다는 의미의 공식 결의문을 8일 로스앤젤레스 시청... 존 리 의원은 &quot;세계 엔터테인먼트 중심지인 LA에서 한국 문화를 소개하는 행사가 열리게 되어 뜻깊다&quot;며 양국 간 문화... ,https://www.newspim.com/news/view/20260511000094,https://www.newspim.com/news/view/20260511000094,"Mon, 11 May 2026 08:40:00 +0900",2026-05-11 08:56:39
게임/엔터,엔터테인먼트 산업,[20년 전 그때] 경기도 한류우드 본계약 체결,"경기도는 2006년 5월 11일 서울 프레스센터에서 손학규 지사, 백종헌 프라임그룹 회장, SM 엔터테인먼트... 프라임산업을 주관사로 하고 외국 자본인 뉴월드 디벨로프먼트(New World Development)사가 30%의 지분으로... ",https://www.jeonmae.co.kr/news/articleView.html?idxno=1254655,https://www.jeonmae.co.kr/news/articleView.html?idxno=1254655,"Mon, 11 May 2026 08:00:00 +0900",2026-05-11 08:56:39
게임/엔터,엔터테인먼트 산업,"[코스피·코스닥,동원산업 SK케미칼 한국타이어 코오롱인더 코웨이 롯데...","퍼블릭타임스=[코스피·코스닥,동원산업 SK케미칼 한국타이어 코오롱인더 코웨이 롯데웰푸드  YG엔터테인먼트 한국콜마등  8일 주요공시] ▲ 동원산업[006040] 1분기 영업이익 1462억원…작년 동기... ",https://www.public25.com/news/articleView.html?idxno=45983,https://www.public25.com/news/articleView.html?idxno=45983,"Mon, 11 May 2026 07:38:00 +0900",2026-05-11 08:56:39
게임/엔터,엔터테인먼트 산업,[Who Is ?] 박관호 위메이드 창업주 겸 대표이사 회장,블록체인 산업은 향후 선택과 집중을 키워드로 블록체인 게임 플랫폼 위믹스 플레이와 커뮤니티 플랫폼... 2000년 위메이드엔터테인먼트를 창립하고 대표이사를 맡았다. 2012년 위메이드엔터테인먼트 이사회 의장에... ,https://www.businesspost.co.kr/BP?command=article_view&num=436125,https://www.businesspost.co.kr/BP?command=article_view&num=436125,"Mon, 11 May 2026 07:02:00 +0900",2026-05-11 08:56:39
게임/엔터,엔터테인먼트 산업,"코스피·코스닥 전 거래일(8일) 주요공시는...푸드나무, 10억원 제3자배...","동원산업[006040] 1분기 영업익 1천462억원…작년 동기 대비 17.1% 증가 ▲ 제주항공, 1분기 영업이익... YG엔터테인먼트 1분기 영업이익 194억원…작년 대비 104%↑ ▲ 파마리서치[214450] 1분기 영업이익... ",https://www.pinpointnews.co.kr/news/articleView.html?idxno=451649,https://www.pinpointnews.co.kr/news/articleView.html?idxno=451649,"Mon, 11 May 2026 06:38:00 +0900",2026-05-11 08:56:39
게임/엔터,엔터테인먼트 산업,[소년중앙] 환상을 현실로 만드는 마술이 뿅뿅...이은결의 ‘상상공장’...,19세기에 들어서면서 마술은 대중적인 엔터테인먼트로 자리잡았어요. 특히 유럽과 미국에서는 마술쇼가 큰 인기를 끌었고 마술잡지·마술용품점 등 관련 산업도 함께 발달했습니다. 해리 후디니와 같은 마술사들은 탈출... ,https://www.joongang.co.kr/article/25427185,https://n.news.naver.com/mnews/article/025/0003522265?sid=102,"Mon, 11 May 2026 06:30:00 +0900",2026-05-11 08:56:39
게임/엔터,엔터테인먼트 산업,"지누션·원타임·빅뱅·2NE1·블랙핑크…YG엔터, 주류 문법 전복한 30년",음악 산업의 역사는 때로 한 개인의 치열한 결핍과 욕망에서 출발해 시대의 보편성으로 진화하는 과정을... 첫 시도였던 '킵식스'의 실패는 오히려 YG엔터테인먼트가 나아가야 할 방향을 명확히 해준 뼈아픈... ,https://www.newsis.com/view/NISX20260510_0003623344,https://m.entertain.naver.com/article/003/0013936123,"Mon, 11 May 2026 06:22:00 +0900",2026-05-11 08:56:39
게임/엔터,엔터테인먼트 산업,[로펌 Biz] 플랫폼 계정 정지ㆍ저작권ㆍ명예훼손… 인플루언서 법률리스...,시장 분석 결과 디지털 콘텐츠와 커머스 산업에서 인플루언서의 영향력이 급속도로 확대되고 있다는 점도 확인됐다. 센터는 형사ㆍITㆍ엔터테인먼트ㆍ행정ㆍ노무 등 다양한 분야 전문가들이 협업하는 구조다. 부장검사... ,https://www.dnews.co.kr/uhtml/view.jsp?idxno=202605101124311030119,https://www.dnews.co.kr/uhtml/view.jsp?idxno=202605101124311030119,"Mon, 11 May 2026 06:22:00 +0900",2026-05-11 08:56:39
게임/엔터,엔터테인먼트 산업,“불법 막히면 결제 늘어난다” 중소 웹툰 플랫폼 기대감 들썩,"코스닥 상장사인 탑코미디어, 레진엔터테인먼트, 투믹스 등이 대표 중소·중견 웹툰 플랫폼으로 꼽힌다.... 문체부에 따르면 2022~2023년 온라인 불법 웹툰 피해 추정액은 8400억원으로, 웹툰 산업 총 매출 규모(2조1890억원)와... ",https://biz.chosun.com/industry/business-venture/2026/05/11/55X6L22ICFFX5P7R6IBRK27SMI/?utm_source=naver&utm_medium=original&utm_campaign=biz,https://n.news.naver.com/mnews/article/366/0001163217?sid=101,"Mon, 11 May 2026 06:03:00 +0900",2026-05-11 08:56:39
게임/엔터,엔터테인먼트 산업,"&quot;낯선 시각으로 메디컬을 풀다&quot;…에일리크, 노들섬서 첫 공식 행보","해독하고 엔터테인먼트의 영역까지 확장하겠다는 설명이다. 브랜드가 내세운 방향성은 'Medical &amp; Healthcare... 의약학 정보 전달이 콘텐츠 산업, 브랜딩, 환자 경험, 디지털 커뮤니케이션과 맞물리는 흐름 속에서... ",https://www.kpanews.co.kr/news/articleView.html?idxno=534516,https://www.kpanews.co.kr/news/articleView.html?idxno=534516,"Mon, 11 May 2026 05:58:00 +0900",2026-05-11 08:56:39
게임/엔터,엔터테인먼트 산업,"개막식, 한번은 아쉽잖아",‘대형 엔터테인먼트쇼’의 성격을 강화하겠다는 FIFA의 전략 때문이다. 음악·문화·축구 등 다양한 산업을 연결해 수익 모델을 다각화하려는 의도다. 잔니 인판티노 FIFA 회장은 “월드컵은 전 세계인의 눈이 집중되는... ,https://www.joongang.co.kr/article/25427116,https://n.news.naver.com/mnews/article/025/0003522196?sid=104,"Mon, 11 May 2026 00:01:00 +0900",2026-05-11 08:56:39
게임/엔터,엔터테인먼트 산업,[IT큐레이션] &quot;숏폼이 본편을 흔든다&quot; 웹툰·예능·다큐까지 번지는 변주...,"다양한 엔터테인먼트 기회를 제공해 이용자의 트래픽과 몰입도를 더욱 강화할 것&quot;이라고 밝혔다.... 지상파-유튜브의 동거, 그 다음 변주 지상파와 유튜브의 관계는 콘텐츠 산업이 새로운 매체와 어떻게 화해하는지를... ",https://www.econovill.com/news/articleView.html?idxno=739721,https://www.econovill.com/news/articleView.html?idxno=739721,"Sun, 10 May 2026 18:24:00 +0900",2026-05-11 08:56:39
게임/엔터,엔터테인먼트 산업,[BS인터뷰] “한식은 K-컬처 끝판왕…향토 음식으로 외국인 발길 붙잡아...,이런 흐름은 콘텐츠 소비를 넘어 실제 산업과 관광으로도 이어지고 있다. 한국관광공사 조사에서 외국인이... 코로나19 이후 전 세계 소비자가 집에 머물며 넷플릭스·유튜브 같은 홈 엔터테인먼트 플랫폼을 더 많이... ,https://www.sportsworldi.com/newsView/20260510507575,https://n.news.naver.com/mnews/article/396/0000743968?sid=103,"Sun, 10 May 2026 18:13:00 +0900",2026-05-11 08:56:39
게임/엔터,엔터테인먼트 산업,"&quot;벅차오르네&quot; 현대차, CNN과 손잡고 K컬처 다큐 전 세계 공개",뷰티 산업이 글로벌 트렌드로 자리 잡은 배경을 다룬다. 현대차는 이번 프로젝트를 통해 문화 콘텐츠 영역에서도 글로벌 접점을 확대하겠다는 방침이다. 최근 글로벌 완성차 업체들이 스포츠·패션·엔터테인먼트... ,https://www.econovill.com/news/articleView.html?idxno=739717,https://www.econovill.com/news/articleView.html?idxno=739717,"Sun, 10 May 2026 17:52:00 +0900",2026-05-11 08:56:39
게임/엔터,엔터테인먼트 산업,굿즈 사고 포카 교환…K팝 플랫폼 된 편의점,편의점이 엔터테인먼트 산업계와 손잡으며 ‘K팝 플랫폼’으로 진화하고 있다. 음반과 굿즈 판매를 넘어 팬덤의 커뮤니티 공간 역할까지 수행하면서 편의점의 기능이 K팝 생태계까지 확장되는 모습이다. 10일 업계에... ,https://www.sedaily.com/article/20042200?ref=naver,https://n.news.naver.com/mnews/article/011/0004619178?sid=101,"Sun, 10 May 2026 17:39:00 +0900",2026-05-11 08:56:39
게임/엔터,엔터테인먼트 산업,"에어비앤비·하이브, K-팝 팬덤 '체류 소비' 공략",K-팝 팬덤이 국내 관광산업의 실질적인 체류 수요로 연결되면서 숙박 플랫폼과 엔터테인먼트 기업 간 협업도 점차 정교해지고 있다. 공연 티켓 판매를 넘어 숙박·체험·지역 관광까지 소비 흐름을 확장하려는 움직임이... ,https://www.newsway.co.kr/news/view?ud=2026051017252332204,https://www.newsway.co.kr/news/view?ud=2026051017252332204,"Sun, 10 May 2026 17:28:00 +0900",2026-05-11 08:56:39
게임/엔터,엔터테인먼트 산업,로봇 강국 中의 속살…'공급망 굴기' 속 韓의 선택은,"아울러 중국 기업의 글로벌 진출 전략과 공장 자동화, 물류, 보안, 돌봄, 재난 대응, 교육, 엔터테인먼트 등 응용 시나리오별 준비 상황을 정리했다. 이 책은 한국에 '한국 피지컬 AI 산업은 지금 어디로 향하고 있는가'라는... ",https://www.hankyung.com/article/202605106486i,https://n.news.naver.com/mnews/article/015/0005285039?sid=101,"Sun, 10 May 2026 16:35:00 +0900",2026-05-11 08:56:39
게임/엔터,엔터테인먼트 산업,메신저→에이전틱 AI 플랫폼으로…전선 준비 마친 카카오,"최근 AI 산업 전반에서 에이전트를 구성하고 외부 서비스와 연결해 실제 행동까지 수행할 수 있는 실행... 엔터테인먼트 또한 시장 영향으로 같은 기간 플랫품과 유통에서의 거래액이 감소, 전년 동기 대비 매출이 20%가량... ",https://byline.network/?p=9004111222601768,https://byline.network/?p=9004111222601768,"Sun, 10 May 2026 16:20:00 +0900",2026-05-11 08:56:39
게임/엔터,엔터테인먼트 산업,민희진 전남대 5·18 강연 초청 두고 '공공성 논쟁',"민 대표는 SM엔터테인먼트 재직 시절 샤이니, f(x), 엑소(EXO), 레드벨벳 등의 콘셉트 기획에 참여했다. 이후 하이브 산하 어도어 대표로 뉴진스를 론칭하며 K-팝 산업에서 영향력을 키웠다. 다만 현재 하이브와의 경영권 및... ",https://www.jnilbo.com/news/articleView.html?idxno=90000034065,https://www.jnilbo.com/news/articleView.html?idxno=90000034065,"Sun, 10 May 2026 14:38:00 +0900",2026-05-11 08:56:39
게임/엔터,콘텐츠 수출,'지속가능한 전북의 미래'?…지역현실과 맞지 않는 전북자치도의 '2045 목...,"&gt; 그러나 막연하게 &lt;생명경제 기반 산업 육성&gt; 등을 거론하기보다는 &lt;피지컬AI, 콘텐츠AI, 로봇, 금융&gt; 등... 국제협력이 의미를 가지려면 전북형 농생명 모델의 해외 수출 등 전북의 비교우위를 활용하도록 해야 한다.... ",https://www.pressian.com/pages/articles/2026051108531413327?utm_source=naver&utm_medium=search,https://n.news.naver.com/mnews/article/002/0002440903?sid=102,"Mon, 11 May 2026 08:54:00 +0900",2026-05-11 08:56:40
게임/엔터,콘텐츠 수출,토큰아시아코리아 SelectUSA 서밋 참가 &quot;NYSE STO 상장 목표로 미국 거점...,제품을 들고 나가는 수출 전략에서 벗어나 현지 자본시장의 문법으로 자산을 구조화하고 유동화하는 금융... K-콘텐츠가 NYSE에 상장되는 새로운 경로를 설계하고 있다&quot;고 말했다. 회사가 제시한 비즈니스 모델의... ,https://www.econovill.com/news/articleView.html?idxno=739731,https://www.econovill.com/news/articleView.html?idxno=739731,"Mon, 11 May 2026 08:32:00 +0900",2026-05-11 08:56:40
게임/엔터,콘텐츠 수출,"[기자수첩] 막걸리에 섞인 과일향, '변질' 아닌 '변모'로 인식되기를",단순한 음식 소비를 넘어 한국 식문화 전반이 하나의 콘텐츠로 자리 잡아가는 모습이다. 다만 이러한 흐름... 제품을 수출하고 있다. 교민 시장 중심에서 벗어나 현지 편의점과 온라인 채널 등 로컬 유통망 확대에도 나서는... ,https://www.youthdaily.co.kr/news/article.html?no=218806,https://www.youthdaily.co.kr/news/article.html?no=218806,"Mon, 11 May 2026 08:02:00 +0900",2026-05-11 08:56:40
게임/엔터,콘텐츠 수출,[이진호의 신통방통] FAST는 왜 '공짜 TV' 그 이상일까,[사진: 삼성전자 홈페이지 캡처] ◆K콘텐츠 수출 창구로도 주목 정부도 FAST를 주목합니다. K콘텐츠 확산을 위한 훌륭한 도구이기 때문입니다. 과학기술정보통신부는 지난해 인공지능(AI) 더빙 특화 K-FAST 확산... ,https://www.digitaltoday.co.kr/news/articleView.html?idxno=663761,https://www.digitaltoday.co.kr/news/articleView.html?idxno=663761,"Mon, 11 May 2026 07:30:00 +0900",2026-05-11 08:56:40
게임/엔터,콘텐츠 수출,"김대중 전남광주특별시 교육감 예비후보, 생명농업포럼과 ‘미래교육 정...","이번 협약의 핵심은 지역의 강점인 농생명 자원을 미래 교육의 핵심 콘텐츠로... 특히 생산부터 가공, 유통, 수출까지 아우르는 융합형 교육과정을 도입해 학생들이... ",http://www.breaknews.com/1206123,http://www.breaknews.com/1206123,"Mon, 11 May 2026 07:28:00 +0900",2026-05-11 08:56:40
게임/엔터,콘텐츠 수출,"K-컬처의 축배 뒤, 커지는 문화 소비 양극화 [기자수첩-문화]","안방에서 저렴한 비용으로 고화질 콘텐츠를 즐길 수 있게 된 관객들에게, 비싼 비용과 시간을 들여 현장을... 그간 수출 규모나 산업적 성과를 증명하는 데 치중해 왔던 정부 역시, 최근에야 ‘얼마나 많이 수출하는지’... ",https://www.dailian.co.kr/news/view/1642594/?sc=Naver,https://n.news.naver.com/mnews/article/119/0003088901?sid=103,"Mon, 11 May 2026 07:01:00 +0900",2026-05-11 08:56:40
게임/엔터,콘텐츠 수출,일본·대만 찍은 '더현대 글로벌'…하반기 유럽 간다,현대백화점(069960)의 K-콘텐츠 수출 플랫폼 '더현대 글로벌'이 해외 사업 확대에 속도를 내고 있다. 일본·대만 등 아시아 국가에서 흥행에 힘입어 올해 하반기에는 유럽 진출을 검토 중이다. 11일 업계에 따르면... ,https://www.news1.kr/industry/distribution/6159430,https://n.news.naver.com/mnews/article/421/0008936308?sid=101,"Mon, 11 May 2026 06:30:00 +0900",2026-05-11 08:56:40
게임/엔터,콘텐츠 수출,[Why] 배달 시장 커지는 베트남… K유통이 현지 공략 강화하는 이유는,K콘텐츠 결합한 ‘생활 밀착형’ 공략 베트남에서 케이(K)유통망이 빠르게 촘촘해지고 있다. 편의점... 현지 공장을 기반으로 제품을 생산해 수출하던 방식을 넘어 현지 소비자의 생활권 안으로 직접 들어가는 전략으로... ,https://biz.chosun.com/distribution/food/2026/05/11/URNHS55Y3BBWPFMI5FKGQKURBI/?utm_source=naver&utm_medium=original&utm_campaign=biz,https://n.news.naver.com/mnews/article/366/0001163213?sid=101,"Mon, 11 May 2026 06:02:00 +0900",2026-05-11 08:56:40
게임/엔터,콘텐츠 수출,"[인터뷰] '공주↔서울 출퇴근' 박수현 &quot;충남, 행정통합·AI 대전환 완성...",생산성·기술력·수출 경쟁력을 더 끌어올리는 초격차 전략을 추진해야 한다&quot;며 &quot;남부권은 공주·부여·청양... 또 &quot;역사문화관광과 야간경제(NTE)로 청년이 돌아올 콘텐츠를 만들겠다&quot;고 말했다. 충남 곳곳의 역사... ,https://www.sidae.com/article/2026050809295327261,https://n.news.naver.com/mnews/article/417/0001142469?sid=162,"Mon, 11 May 2026 05:34:00 +0900",2026-05-11 08:56:40
게임/엔터,콘텐츠 수출,초코파이·빼빼로… 해외서도 '국민과자',러시아에서는 K콘텐츠의 인기를 활용한 마케팅으로 빼빼로 브랜드를 키우고 있고 카자흐스탄에서는... 업계 관계자는 &quot;특정 과자 브랜드 이름과 맛 자체를 기억하고 찾는 해외 소비자가 계속 늘어난다&quot;며 &quot;단순 수출을... ,https://www.mt.co.kr/living/2026/05/11/2026051019555416204,https://n.news.naver.com/mnews/article/008/0005355362?sid=101,"Mon, 11 May 2026 04:16:00 +0900",2026-05-11 08:56:40
게임/엔터,콘텐츠 수출,"무보, K-콘텐츠 기업 금융비용 경감 이차보전사업 시행","지난해 7월에 출시한 문화산업보증은 영화와 드라마, 게임 등 우수 콘텐츠 수출기업 전용 특화 상품으로 무역보험공사는 현재까지 총 29개사를 지원했다. 이어 올해 3월에는 문화관광체육부·한국콘텐츠진흥원·주요... ",https://www.viva100.com/article/20260510500589,https://www.viva100.com/article/20260510500589,"Sun, 10 May 2026 22:42:00 +0900",2026-05-11 08:56:40
게임/엔터,콘텐츠 수출,탈모부터 두피 관리까지…'K헤어케어' 글로벌 본격 공략,"이어 올해 1분기 샴푸 수출액도 전년 동기 대비 약 46% 증가한 5,331만 달러를 기록했다. 인기 비결은 K콘텐츠 확산이다. 한국 아이돌 가수와 배우들이 윤기 있는 머릿결이 콘텐츠를 통해 노출되면서 한국 모발 관리... ",http://www.apparelnews.co.kr/news/news_view/?idx=225121,http://www.apparelnews.co.kr/news/news_view/?idx=225121,"Sun, 10 May 2026 22:02:00 +0900",2026-05-11 08:56:40
자동차/모빌리티,자동차 주가,"코오롱인더, 실적 개선과 mPPO 증설 효과…목표가↑-IBK","IBK투자증권이 코오롱인더(120110)에 대해 투자의견 ‘매수’를 유지하고 목표주가를 기존 10만원에서 11만... 전 분기 발생한 코오롱ENP 정기보수 영향과 자동차 소재 사업의 재고 손실이 제거된 가운데, 아라미드 판매량... ",http://www.edaily.co.kr/news/newspath.asp?newsid=01961446645447936,https://n.news.naver.com/mnews/article/018/0006278027?sid=101,"Mon, 11 May 2026 07:45:00 +0900",2026-05-11 08:56:41
자동차/모빌리티,자동차 주가,공기업·공공기관 관심 비중 24.1%…전년比 6.2%p 증가,"자동차 대량 생산 체계와 항공기체 설계 역량의 결합으로 글로벌 인증 장벽을 함께 돌파하겠다는... 씨티그룹은 노조 리스크를 반영해 삼성전자 목표 주가를 32만 원에서 30만 원으로 낮췄고, JP모건은 생산 공백으로... ",https://www.sedaily.com/article/20042313?ref=naver,https://n.news.naver.com/mnews/article/011/0004619311?sid=101,"Mon, 11 May 2026 07:30:00 +0900",2026-05-11 08:56:41
자동차/모빌리티,자동차 주가,"학교·주거환경 따졌다...TSMC '유럽 1호 공장', 독일을 선택한 이유","작센주가 드레스덴의 반도체 산업, 라이프치히·츠비카우 일대의 자동차 제조업이 결합한 제조 거점이라면, 바덴뷔르템베르크주는 메르세데스-벤츠·보쉬·SAP 등을 중심으로 자동차·기계·산업용 소프트웨어 산업을... ",https://www.mt.co.kr/industry/2026/05/11/2026051105205412201,https://n.news.naver.com/mnews/article/008/0005355391?sid=101,"Mon, 11 May 2026 06:30:00 +0900",2026-05-11 08:56:41
자동차/모빌리티,자동차 주가,"반도체만 훨훨, 성장 엔진 식는 韓 경제…환율도 정체",재계 한 관계자는 “해외에서 보기에 한국 경제에 대한 신뢰도가 떨어지면서 개별 기업 주가는 올라도... 경우 ▲반도체 ▲전자 ▲석유화학 ▲자동차 등 한국 주력 산업에 직접적인 영향을 미칠 수 있다고 전망했다.... ,https://economist.co.kr/article/view/ecn202605060040,https://n.news.naver.com/mnews/article/243/0000097633?sid=101,"Mon, 11 May 2026 06:28:00 +0900",2026-05-11 08:56:41
자동차/모빌리티,전기차 산업,&quot;퇴근하고 전기 쓰면 요금 더낸다&quot; 술렁…알고보니,"지난달 개편된 계절·시간대별 전기요금 체계는 산업용 전기에만 적용되는 제도로, 일반 가정용... 한편 전기차 충전 요금에는 이번 시간대별 요금 체계가 적용됩니다. 전문가들은 전기차 충전은 전력 수요가 적은 새벽... ",https://biz.sbs.co.kr/article_hub/20000309357?division=NAVER,https://n.news.naver.com/mnews/article/374/0000509211?sid=101,"Mon, 11 May 2026 08:51:00 +0900",2026-05-11 08:56:41
자동차/모빌리티,전기차 산업,"전기안전공사, 전기차 충전인프라 안전관리 향상 세미나 개최",한국전기안전공사(사장 남화영)는 지난 7일 서울 코엑스에서 전기차 충전시설의 안전성을 높이고 관련 산업의 선제적 안전관리 체계를 구축하기 위한 '전기차 충전인프라 안전관리 향상 세미나'를 개최했다고 전했다. 이번... ,https://www.electimes.com/news/articleView.html?idxno=367850,https://www.electimes.com/news/articleView.html?idxno=367850,"Mon, 11 May 2026 08:46:00 +0900",2026-05-11 08:56:41
자동차/모빌리티,전기차 산업,"비건 시장 2026, 먹거리에서 소재 검증 경쟁으로","올해 비건 산업은 대체육과 식물성 음료뿐 아니라 패션, 뷰티, 자동차 내장재 등 생활소비재 전반에서 동물성... 자동차 내장재에서 동물성 가죽을 배제하는 흐름이 프리미엄 전기차와 지속가능 소재 전략의 일부로... ",https://www.vegannews.co.kr/news/article.html?no=382588,https://www.vegannews.co.kr/news/article.html?no=382588,"Mon, 11 May 2026 08:32:00 +0900",2026-05-11 08:56:41
자동차/모빌리티,전기차 산업,"&quot;구리, 새 시대의 석유&quot;...AI·전기차 열풍에 수요 폭발",블룸버그 통신은 10일(현지시간) 이같이 전하면서 &quot;구리는 단순한 산업용 금속을 넘어 에너지 전환의 '혈액'과 같은 역할을 수행하며 제2의 석유로 급부상하고 있다&quot;고 설명했다. 특히 전기차(EV) 한 대에 들어가는 구리의... ,http://www.choicenews.co.kr/news/articleView.html?idxno=165029,http://www.choicenews.co.kr/news/articleView.html?idxno=165029,"Mon, 11 May 2026 08:28:00 +0900",2026-05-11 08:56:41
자동차/모빌리티,전기차 산업,"[현대 N 페스티벌] 김동빈 대표 “MIK, 모터스포츠 압도적 솔루션 프로바...",그가 첫 무대로 선택한 종목은 국내 최초의 전기차 원메이크 레이스인 '아이오닉 5 N eN1 클래스'다.김 대표는 &quot;슈퍼레이스를 20년 가까이 운영하며 모터스포츠 산업의 가능성을 계속 봐왔다&quot;며 &quot;기존에는 특정 조직 안에서... ,https://www.asiatoday.co.kr/kn/view.php?key=20260510010001974,https://www.asiatoday.co.kr/kn/view.php?key=20260510010001974,"Mon, 11 May 2026 08:00:00 +0900",2026-05-11 08:56:41
자동차/모빌리티,전기차 산업,'칠천피' 올라탄 증권사…역대급 실적 쓸까[1분 브리프],"OO ○하반기 산업금속 투자 유망 전망 ○AI·전기차 수요로 금속 수요 증가 ○유가 4분기 안정·금은 변동성 지속 ■ &quot;한국만큼 빠른 곳 없다…투자하는 것은 당연&quot; 美 안두릴, K방산 공급망 올라탔다... ",https://view.asiae.co.kr/article/2026051107204967479,https://n.news.naver.com/mnews/article/277/0005760606?sid=101,"Mon, 11 May 2026 08:00:00 +0900",2026-05-11 08:56:41
자동차/모빌리티,전기차 산업,&quot;저녁 6시 이후 전기요금 비싸진다?&quot;…가정용은 '해당 없음',전기요금을 둘러싼 오해와 효과적인 전기차 충전 방식 등에 대해 살펴봤다. 전기요금 저녁 6시 이후 비싸진다?…가정용은 해당 없어 우리나라 전기요금 체계는 산업용과 주택용 외에도 교육용·농사용·가로등·일반용... ,https://www.jnilbo.com/news/articleView.html?idxno=90000034173,https://www.jnilbo.com/news/articleView.html?idxno=90000034173,"Mon, 11 May 2026 07:58:00 +0900",2026-05-11 08:56:41
자동차/모빌리티,전기차 산업,"이엘비엔티(EL B&amp;T), 중동 오만에 전기차·배터리 공장 건설 추진","국내 전기차·배터리 제조사 '이엘비엔티'(EL B&amp;T)가 중동 오만에 총 3600억 원 규모의 전기차·배터리 셀... 이번 프로젝트는 두쿰을 재생 에너지 및 지속 가능한 산업의 지역 허브로 자리매김하고, 새로운 산업 기회를... ",https://www.kpinews.kr/newsView/1065561142478936,https://www.kpinews.kr/newsView/1065561142478936,"Mon, 11 May 2026 07:19:00 +0900",2026-05-11 08:56:41
자동차/모빌리티,전기차 산업,&quot;퇴근하고 전기 쓰면 요금 더 낸다&quot; 술렁…사실은,전기요금을 둘러싼 오해와 효과적인 전기차 충전 방식 등에 대해 살펴봤습니다. 우리나라 전기요금 체계는 산업용과 주택용 외에도 교육용·농사용·가로등·일반용 등 6개 계약종별로 구분됩니다. 일반용 외 다른... ,https://news.sbs.co.kr/news/endPage.do?news_id=N1008554657&plink=ORI&cooper=NAVER,https://n.news.naver.com/mnews/article/055/0001354973?sid=101,"Mon, 11 May 2026 07:16:00 +0900",2026-05-11 08:56:41
자동차/모빌리티,모빌리티 시장,"LG전자, 현대차 레이싱 시뮬레이터에 올레드 모니터 공급",LG전자가 현대자동차 고성능 브랜드 N의 레이싱 시뮬레이터에 올레드 모니터를 공급하며 차량용·시뮬레이션 디스플레이 시장 공략을 확대한다. 방송·영화 제작 중심이던 디스플레이 적용 영역이 모빌리티 분야까지... ,https://www.fetv.co.kr/news/articleView.html?idxno=302062,https://www.fetv.co.kr/news/articleView.html?idxno=302062,"Mon, 11 May 2026 08:54:00 +0900",2026-05-11 08:56:42
자동차/모빌리티,모빌리티 시장,"LG전자-현대차, 고성능 N의 질주 본능 가상으로 옮긴다…전용 올레드 공...",미래 모빌리티 시장에서 협력을 강화하고 있는 LG전자와 현대자동차가 이번에는 가상 레이싱 분야에서 손을 잡았다. LG전자는 현대자동차의 고성능 브랜드 N이 드라이빙의 즐거움을 극대화하기 위해 제작한 '현대 N... ,https://www.thefairnews.co.kr/news/articleView.html?idxno=76528,https://www.thefairnews.co.kr/news/articleView.html?idxno=76528,"Mon, 11 May 2026 08:30:00 +0900",2026-05-11 08:56:42
자동차/모빌리티,모빌리티 시장,KAI-현대차 ‘미래 항공 모빌리티’ 공동개발,민수 모빌리티 시장을 견인하는 중요한 동력이 될 것”이라고 말했다. 장재훈 현대차그룹 부회장은 “항공우주 산업을 이끌고 있는 KAI와의 협약은 우리가 미래 항공 모빌리티를 개발하는 데 있어 무엇보다 큰 힘”... ,http://www.knnews.co.kr/news/articleView.php?idxno=1541299,http://www.knnews.co.kr/news/articleView.php?idxno=1541299,"Mon, 11 May 2026 08:22:00 +0900",2026-05-11 08:56:42
자동차/모빌리티,모빌리티 시장,"현대차, KAI와 도심항공교통 개발…&quot;하늘길 패권 잡는다&quot;",현대자동차그룹과 한국항공우주산업이 미래 항공 모빌리티(AAM) 시장 선점을 위해 손을 맞잡았다. 양사는 항공용 전동화 파워트레인과 항공기체 개발 역량을 결합해 글로벌 경쟁력을 갖춘 차세대 항공 모빌리티... ,https://www.kizmom.com/news/articleView.html?idxno=110128,https://www.kizmom.com/news/articleView.html?idxno=110128,"Mon, 11 May 2026 08:20:00 +0900",2026-05-11 08:56:42
자동차/모빌리티,모빌리티 시장,"현대차·KAI, 미래 항공 모빌리티 기체 공동 개발",KAI 관계자는 &quot;KAI가 보유한 고정익 및 회전익 체계종합역량과 현대차그룹의 대량 생산 체계 및 모빌리티 생태계가 결합하면 글로벌 시장을 선도하는 K-AAM을 개발할 수 있을 것으로 기대한다&quot;고 말했다.,https://www.itbiznews.com/news/articleView.html?idxno=212379,https://www.itbiznews.com/news/articleView.html?idxno=212379,"Mon, 11 May 2026 08:00:00 +0900",2026-05-11 08:56:42
자동차/모빌리티,모빌리티 시장,[탐방] 범한메카텍㈜ 글로벌 플랜트 설계로 액화수소 시장 정조준···&quot;...,범한메카텍은 이미 SK의 액화수소 충전소 프로젝트의 저장탱크 공급사로 선정되며 기술의 상용성과 시장 신뢰도를 입증했다. 이를 기반으로 △액화수소 연료공급선 등 해양 분야 △수소버스·트럭·UAV 등 모빌리티 △발전... ,https://www.gasnews.com/news/articleView.html?idxno=125044,https://www.gasnews.com/news/articleView.html?idxno=125044,"Mon, 11 May 2026 07:22:00 +0900",2026-05-11 08:56:42
자동차/모빌리티,모빌리티 시장,[더벨]‘중앙아 맹주’ 카자흐스탄 점령한 현대차그룹,"카자흐스탄은 얀덱스고(Yandex Go)라는 모빌리티앱이 택시 시장을 점령했다. 기업형 택시는 거의 찾아볼 수 없고 개인들이 자가용을 이용해 택시를 운행하는 형태다. 현대차의 아반떼(수출명 엘란트라)와 엑센트, 쏘나타... ",https://www.thebell.co.kr/free/content/ArticleView.asp?key=202605071532058880103735,https://www.thebell.co.kr/free/content/ArticleView.asp?key=202605071532058880103735,"Mon, 11 May 2026 07:02:00 +0900",2026-05-11 08:56:42
자동차/모빌리티,모빌리티 시장,"&quot;KAI 잡아야 미래 잡는다&quot;···현대차·한화, '하늘 패권 경쟁' 불붙나","방산업계 한 관계자는 &quot;향후 항공 모빌리티 시장은 기술력만으로는 승부가 어렵다&quot;며 &quot;누가 더 빠르게 양산 체계를 구축하고 가격 경쟁력을 확보하느냐가 핵심인데, 그런 점에서 현대차의 제조 DNA는 상당한 경쟁력을... ",https://www.seoulfn.com/news/articleView.html?idxno=628374,https://www.seoulfn.com/news/articleView.html?idxno=628374,"Mon, 11 May 2026 07:00:00 +0900",2026-05-11 08:56:42
자동차/모빌리티,모빌리티 시장,"현대차그룹·KAI, 'K-AAM 동맹' 결성…하늘 나는 전기차 시대 앞당긴다",민수 모빌리티 시장의 게임체인저로 도약하는 계기가 될 것이며 대한민국을 항공 강국으로 견인하는 중요한 동력이 될 것&quot;이라고 강조했다. 한편 슈퍼널은 이달 4일(현지시간) 수직 이착륙 항공역학 분야 권위자인... ,http://www.newsroad.co.kr/news/articleView.html?idxno=59145,http://www.newsroad.co.kr/news/articleView.html?idxno=59145,"Mon, 11 May 2026 06:30:00 +0900",2026-05-11 08:56:42
친환경/신재생,신재생에너지 주가,"한화솔루션, 美 태양광 수직계열화 완성…비중국산 프리미엄 확대","목표주가 6만1000원을 유지했다. 한화솔루션은 태양광 모듈과 셀, 에너지저장장치(ESS) 등을 중심으로 사업을 영위하는 신재생에너지 기업으로, 미국 시장 내 생산 거점 확대와 수직계열화 전략을 강화하고 있다.... ",http://www.newsprime.co.kr/news/article.html?no=732916,http://www.newsprime.co.kr/news/article.html?no=732916,"Mon, 11 May 2026 08:20:00 +0900",2026-05-11 08:56:43
친환경/신재생,신재생에너지 주가,‘1000억 적자’ 두산퓨얼셀…투자 수익률은 11배 [정답은 TSR],두산퓨얼셀(대표이사 이두순) 주가가 전고점을 향해 가고 있다. 회사 실제 성적표와는 정반대 방향이라... 국내 연료전지 산업은 신재생에너지 공급의무화제도(RPS)와 수소경제 활성화 로드맵을 바탕으로 생태계를... ,http://www.fntimes.com/html/view.php?ud=202605092256351911dd55077bc2_18,http://www.fntimes.com/html/view.php?ud=202605092256351911dd55077bc2_18,"Mon, 11 May 2026 00:02:00 +0900",2026-05-11 08:56:43
친환경/신재생,신재생에너지 주가,"ESS 화재 공포 잡아요… 지에프아이, 글로벌 안전 인프라 기업으로 급부...","신재생에너지 확대와 AI 데이터센터 증가로 ESS 설치가 빠르게 늘어나고 있지만, 화재 발생 시 대형 사고로... 있다&quot;며 &quot;ESS 화재 안전 시장 확대의 수혜 가능성이 높다&quot;고 분석했다. 목표주가와 투자의견은 제시하지 않았다.",https://www.pinpointnews.co.kr/news/articleView.html?idxno=451615,https://www.pinpointnews.co.kr/news/articleView.html?idxno=451615,"Sun, 10 May 2026 16:26:00 +0900",2026-05-11 08:56:43
친환경/신재생,신재생에너지 주가,[힘내라 K산업]④퓨처 빌더' HD현대…친환경 종합 에너지기업 도약,조선업에 편중됐던 중후장대 사업 구조를 차세대 태양광 등 신재생 에너지 솔루션으로 다변화하면서... 기대감이 주가를 끌어올린 것으로 분석된다. 무엇보다 HD현대는 글로벌 거시 경제와 선박 수주 사이클에 따라... ,https://www.asiatime.co.kr/article/20260510500174,https://www.asiatime.co.kr/article/20260510500174,"Sun, 10 May 2026 16:16:00 +0900",2026-05-11 08:56:43
친환경/신재생,신재생에너지 주가,"일본 정부, MBK 6호 펀드에 제동…고려아연 공개매수에도 동원됐나","생산업, 신재생에너지 사업 등을 추진하고 있다. 미국 비철금속 제련소 투자를 통해 2029년 시운전을 목표로 핵심광물 11종과 비철금속 13종 생산을 계획 중이다. 지난 8일 기준 주가는 전날보다 0.06% 하락한... ",https://www.sidae.com/article/2026051010531770985,https://n.news.naver.com/mnews/article/417/0001142435?sid=101,"Sun, 10 May 2026 13:37:00 +0900",2026-05-11 08:56:43
친환경/신재생,신재생에너지 주가,AI 서버 폭증에 특수변압기 품귀… 산일전기 몸값 치솟는 이유,산일전기가 신재생에너지에 이어 AI 데이터센터라는 거대한 시장까지 품게 되면서 투자자들의 기대감도 커지고 있다. 단순 경기 민감주가 아니라 AI 인프라 시대의 핵심 공급업체로 자리매김할 수 있을지 시장의 관심이... ,https://www.pinpointnews.co.kr/news/articleView.html?idxno=451599,https://www.pinpointnews.co.kr/news/articleView.html?idxno=451599,"Sun, 10 May 2026 13:22:00 +0900",2026-05-11 08:56:43
친환경/신재생,신재생에너지 주가,미국-이란 전쟁 끝나면…‘투자 전략’ 어떻게 짤까 [스페셜리스트 뷰],"관련주가 강세를 보이는 것에 발맞춰 국내 전력기기 업체들의 강세는 이어질 것이다. 국내 증시에서 반도체와 전력기기 중심의 투자를 보조해 줄 업종은 증권, 방산, 신재생에너지가 있다. 증권 업종은 국내 증시가... ",https://economist.co.kr/article/view/ecn202605040042,https://n.news.naver.com/mnews/article/243/0000097606?sid=101,"Sun, 10 May 2026 08:01:00 +0900",2026-05-11 08:56:43
친환경/신재생,신재생에너지 주가,"[특징주] HD현대중공업, 2.1조원 선박 수주에도 5%↓...차익실현에 밀려","연간 수주 목표의 69.7%를 달성하는 성과를 냈지만, 주가는 하락 마감했다. 공시에 따르면... LNG·LPG·메탄올 등 친환경 연료 엔진 분야 경쟁력을 바탕으로 친환경 선박과 해양플랜트, 신재생에너지로 사업... ",https://www.tokenpost.kr/news/economy/357893,https://www.tokenpost.kr/news/economy/357893,"Sat, 09 May 2026 11:04:00 +0900",2026-05-11 08:56:43
친환경/신재생,신재생에너지 주가,"[특징주] HD현대중공업, 아시아 6척·오세아니아 2척 선박 건조 계약... ...","주가수익비율(PER)은 41.91배, 주가순자산비율(PBR)은 7.39배 수준이다. 이날 코스피 지수는 전일 대비 0.11... 및 신재생에너지 사업으로 포트폴리오를 지속 확장하고 있다. 분석 인용 : 한국거래소 공시시스템 종합... ",https://www.newstnt.com/news/articleView.html?idxno=701637,https://www.newstnt.com/news/articleView.html?idxno=701637,"Sat, 09 May 2026 10:48:00 +0900",2026-05-11 08:56:43
친환경/신재생,신재생에너지 주가,&quot;1억 넣었으면 4억 됐다&quot;…개미들 놀랄 '수익률 318%' 비결 [투자톡],"주도주가 확대된 시기였다. 이 기간 모멘텀 투자 포트폴리오에 가장 높은 수익률을 안겨 준 종목은 방산... LS에코에너지·OCI홀딩스(신재생에너지), 대한전선·산일전기(전력기기), 대우건설(원전), 한화엔진(발전기)... ",https://www.hankyung.com/article/2026042674346,https://n.news.naver.com/mnews/article/015/0005284912?sid=101,"Sat, 09 May 2026 09:01:00 +0900",2026-05-11 08:56:43
친환경/신재생,신재생에너지 주가,[GAM]A주 투자자 시각 전환② '싸지만 좋은' 3대 매력주 주목,"종목의 주가를 반영해 산출한 '중정배당지수(中證紅利指數 000922.SZ)'는 연초 이후 누적 상승률이 5%를... ③ 상승 논리 : 전력 가격 메커니즘 개혁이 지속되고, 신재생에너지 설비 용량이 확대되면서 전력 기업의... ",https://www.newspim.com/news/view/20260508001163,https://www.newspim.com/news/view/20260508001163,"Sat, 09 May 2026 07:00:00 +0900",2026-05-11 08:56:43
친환경/신재생,신재생에너지 주가,“보고도 못 믿겠다” 올해 수익률이 무려 ‘768’%…200% 넘는 종목도 ...,"특히 대우건설의 주가는 769.11% 급등, 코스피 상승률 전체 1위에 올랐다. 8일 한국거래소에 따르면 지난해... 주도주인 반도체와 전력기기, 증권, 방산, 신재생에너지 포트폴리오를 유지해야 한다”고 말했다.",https://biz.heraldcorp.com/article/10733947?ref=naver,https://n.news.naver.com/mnews/article/016/0002640966?sid=101,"Fri, 08 May 2026 22:40:00 +0900",2026-05-11 08:56:43
친환경/신재생,신재생에너지 주가,"고려아연, 불확실성 뚫고 최대 실적…美 공급망 구축 속도","김윤상 iM증권 연구원도 &quot;현재 비우호적 거시 환경과 실적 모멘텀이 둔화하더라도 고려아연의 주가의... 최 회장은 2022년 말 회장 취임 이후 제련 경쟁력 강화와 함께 신재생에너지·그린수소, 이차전지 소재, 자원순환을... ",https://www.1conomynews.co.kr/news/articleView.html?idxno=48497,https://www.1conomynews.co.kr/news/articleView.html?idxno=48497,"Fri, 08 May 2026 17:54:00 +0900",2026-05-11 08:56:43
친환경/신재생,신재생에너지 주가,"최윤범號 고려아연, '美 제련소 사업 본격 드라이브",고려아연은 이와 함께 지난 2022년 말 최윤범 회장 취임 이후 제련업 경쟁력을 고도화하고 신재생에너지... 김윤상 IM증권 연구원은 &quot;현재 비우호적 거시 환경과 실적 모멘텀이 둔화하더라도 고려아연 주가의 중장기... ,https://biz.sbs.co.kr/article_hub/20000309177?division=NAVER,https://n.news.naver.com/mnews/article/374/0000509020?sid=101,"Fri, 08 May 2026 17:38:00 +0900",2026-05-11 08:56:43
친환경/신재생,신재생에너지 주가,"고려아연, 불확실성에서 빛난 105분기 연속 흑자",최 회장은 지난 2022년 말 취임 이후 제련업의 경쟁력을 고도화하고 △신재생에너지·그린수소 △이차전지... 고려아연 주가의 중장기 방향성은 여전히 긍정적&quot;이라며 &quot;중동 사태가 최악의 상황에서 벗어난 것으로... ,http://www.hansbiz.co.kr/news/articleView.html?idxno=837717,http://www.hansbiz.co.kr/news/articleView.html?idxno=837717,"Fri, 08 May 2026 17:22:00 +0900",2026-05-11 08:56:43
친환경/신재생,신재생에너지 주가,"위기 속에서도 최대 실적 기록한 고려아연…최윤범 리더십 주목, 美 제...","최윤범 회장은 2022년 말 회장 취임 이후 제련업의 경쟁력을 고도화하고 신재생에너지·그린수소, 이차전지... 고려아연의 주가의 중장기 방향성은 여전히 긍정적&quot;이라며 &quot;중동이 최악의 상황에서는 벗어난 것으로... ",https://sports.hankooki.com/news/articleView.html?idxno=6932716,https://sports.hankooki.com/news/articleView.html?idxno=6932716,"Fri, 08 May 2026 17:20:00 +0900",2026-05-11 08:56:43
친환경/신재생,신재생에너지 주가,"불확실성 속 '역대급 실적'… 최윤범號 고려아연, 미래 성장 기반 다진...","최 회장은 2022년 말 취임 이후 제련업 경쟁력 고도화와 함께 신재생에너지·그린수소, 이차전지 소재... 김윤상 IM증권 연구원은 &quot;현재 비우호적 거시 환경과 실적 모멘텀 둔화에도 고려아연 주가의 중장기 방향성은... ",https://www.industrynews.co.kr/news/articleView.html?idxno=80834,https://www.industrynews.co.kr/news/articleView.html?idxno=80834,"Fri, 08 May 2026 17:00:00 +0900",2026-05-11 08:56:43
친환경/신재생,신재생에너지 주가,"최윤범號 고려아연, 분기 최대 실적…외형·수익 '동반성장'","최윤범 회장은 2022년 말 취임 이후 제련업의 경쟁력을 고도화하고 신재생에너지·그린수소, 이차전지 소재... 김윤상 IM증권 연구원은 &quot;현재 비우호적 거시 환경과 실적 모멘텀이 둔화하더라도 고려아연의 주가의 중장기... ",http://www.wowtv.co.kr/NewsCenter/News/Read?articleId=A202605080608&t=NN,https://n.news.naver.com/mnews/article/215/0001251505?sid=101,"Fri, 08 May 2026 16:32:00 +0900",2026-05-11 08:56:43
친환경/신재생,신재생에너지 주가,[기로에 선 GS] 정유 편중 딜레마 '체질개선' 시험대,"최근 기업 밸류업 프로그램을 추진하는 가운데 주요기업들의 주주환원 확대와 주가 상승이 동반되고... 본업에서는 태양광, 바이오매스, 리사이클링 등 친환경 및 신재생에너지 사업으로 영역을 확장하고 있다. 한편... ",https://www.bloter.net/news/articleView.html?idxno=661665,https://n.news.naver.com/mnews/article/293/0000084204?sid=101,"Fri, 08 May 2026 14:34:00 +0900",2026-05-11 08:56:43
친환경/신재생,태양광 산업,"강진원 강진군수 후보, 민선 9기 비전 핵심 공약 발표","4대 핵심 공약은 기본소득사회 실현과 산업·교통·경제 구조 전환에 초점이 맞춰졌다. 우선 농어민수당을... 에너지 분야에서는 RE100 기반 재생에너지 확대와 태양광 발전단지 조성, 주민 이익공유제를 통해 탄소중립과... ",http://www.enewstoday.co.kr/news/articleView.html?idxno=2427796,http://www.enewstoday.co.kr/news/articleView.html?idxno=2427796,"Mon, 11 May 2026 08:05:00 +0900",2026-05-11 08:56:44
친환경/신재생,태양광 산업,강남의 ‘햇빛’이 대한민국의 ‘안보’가 된다,"사실 태양광 패널 자체는 단기간에 빠르게 늘릴 수 있다. 부지 모색과 설치, 그리고 전기 생산까지 몇 달이면... 모든 핵심 산업과 문화와 사회적 중심이 수도권에만 있다. 이런 나라는 지구상에 대한민국뿐이다. 그래서... ",https://news.kbs.co.kr/news/pc/view/view.do?ncd=8557337&ref=A,https://n.news.naver.com/mnews/article/056/0012178314?sid=101,"Mon, 11 May 2026 08:00:00 +0900",2026-05-11 08:56:44
친환경/신재생,태양광 산업,'10년 고집' 강력한 탈원전 정책 결국 '포기' [여의도 Pick!],현재 대만 경제에서 반도체 산업이 차지하는 비중은 절대적이죠. 반도체 산업은 대만 국내총생산(GDP)의 약... AI 데이터센터와 첨단 반도체 공장이 폭증하는 상황에서 풍력·태양광만으로 안정적 전력을 공급하는 데는... ,https://news.mtn.co.kr/news-detail/2026051107482492246,https://news.mtn.co.kr/news-detail/2026051107482492246,"Mon, 11 May 2026 07:50:00 +0900",2026-05-11 08:56:44
친환경/신재생,태양광 산업,유가보다 센 '공급 충격파'…정유 웃고 석화 버틴다,이는 단기 원가 부담을 낮추는 데 도움이 되나 석유화학산업 근본 문제인 과잉설비와 낮은 수익성을... 한화솔루션 역시 태양광 부진과 재무 부담 속에서 석화·소재 부문 수익성 방어가 중요해졌다. 이번 전쟁이 촉발한... ,http://www.hansbiz.co.kr/news/articleView.html?idxno=837616,http://www.hansbiz.co.kr/news/articleView.html?idxno=837616,"Mon, 11 May 2026 07:30:00 +0900",2026-05-11 08:56:44
친환경/신재생,태양광 산업,[Who Is ?] 김성권 씨에스윈드 회장,특히 2025년 하반기 들어 글로벌 풍력산업 정책 안정화로 수주 환경이 개선돼 4분기 미국법인 설립 이래... 씨에스에너지는 씨에스윈드 자회사인 태양광·풍력발전 등 신재생에너지 개발업체다. 2023년 3월에는 사내... ,https://www.businesspost.co.kr/BP?command=article_view&num=436755,https://www.businesspost.co.kr/BP?command=article_view&num=436755,"Mon, 11 May 2026 07:02:00 +0900",2026-05-11 08:56:44
친환경/신재생,태양광 산업,농촌 에너지 전환 로드맵 착수…영농형태양광 확대 검토 [D:로그인],산업혁신정책실장이 부단장을 맡는다. 국장급을 반장으로 ▲농촌 에너지 자립반 ▲농업 에너지 전환반 ▲대규모 농업기반 활용반 등 3개 반을 운영하고 산·학·연 전문가로 구성된 민간자문단도 참여한다. 영농형태양광... ,https://www.dailian.co.kr/news/view/1642581/?sc=Naver,https://n.news.naver.com/mnews/article/119/0003088900?sid=101,"Mon, 11 May 2026 07:01:00 +0900",2026-05-11 08:56:44
친환경/신재생,태양광 산업,"[농수축산신문-KMI 공동기획] 어촌여지도 ⑤ 바다 너머의 현장실험, 삼쇠...","풍력발전기와 태양광 패널은 어디서나 설치할 수 있지만 주민 참여와 신뢰 기반의 거버넌스는 쉽게 만들어지지 않는다. 한국의 어촌과 섬 역시 유사한 도전에 직면해 있다. 인구 감소, 고령화, 산업 기반 약화, 그리고... ",https://www.aflnews.co.kr/news/articleView.html?idxno=320214,https://www.aflnews.co.kr/news/articleView.html?idxno=320214,"Mon, 11 May 2026 07:00:00 +0900",2026-05-11 08:56:44
친환경/신재생,태양광 산업,김동연 경기지사의 물망초심(勿忘初心)...도민과의 약속 실천 1460일 [강...,"영농형 태양광 관련 법령 및 제도개선을 추진한 '도민 RE100', 신재생에너지, 데이터 센터, 스마트팜, 정원을 연계한 4차산업, 에너지 융복합 인프라를 구축한 '산업 RE100'도 있다. 경기도민이 탄소중립 실천 활동을 하면... ",https://www.ajunews.com/view/20260511062401459,https://www.ajunews.com/view/20260511062401459,"Mon, 11 May 2026 06:56:00 +0900",2026-05-11 08:56:44
친환경/신재생,태양광 산업,"[후보의 자격] 심각한 소멸위기 속 안일한 해법, 실효성이 관건","인구 이탈 막을 일자리 공약 신산업 육성·기업 유치 '재탕' 시장·군수 후보 기본소득 주목 생활인구... 손태영 의령군수 후보는 '전기료 반값, 땅값 반값'으로 공공 스마트 물류센터를 건립하고 영농형 태양광을 설치해... ",https://www.idomin.com/news/articleView.html?idxno=2005272,https://www.idomin.com/news/articleView.html?idxno=2005272,"Mon, 11 May 2026 06:50:00 +0900",2026-05-11 08:56:44
친환경/신재생,태양광 산업,[팩트체크] 퇴근하고 전기쓰면 요금 더 낸다고?…가정용엔 적용 안 돼,지난달 16일부터 적용된 개편안은 산업용 중에서도 사용량이 많은 '을' 사용자가 대상이다. 태양광 등 재생에너지 공급 증가를 반영해 전력 공급능력이 높은 낮 시간 요금을 낮추고 상대적으로 수요가 상승하는 저녁... ,https://www.yna.co.kr/view/AKR20260506167300518?input=1195m,https://n.news.naver.com/mnews/article/001/0016068522?sid=102,"Mon, 11 May 2026 06:30:00 +0900",2026-05-11 08:56:44
친환경/신재생,태양광 산업,[데스크칼럼] 두마리 토끼를 잡을 수 있다는 환상,"이재명 정부의 산업과 기후와 에너지 정책을 보고 있노라면 이 속담이 절로 떠오른다. 이재명 정부는 핵심... 사업자가 직접 재생에너지로 공급한다면 수백MW 규모의 태양광, 풍력을 구축해야 하는데, 과연 어느... ",https://www.ekn.kr/web/view.php?key=20260510026473437,https://www.ekn.kr/web/view.php?key=20260510026473437,"Mon, 11 May 2026 06:10:00 +0900",2026-05-11 08:56:44
친환경/신재생,태양광 산업,"현대차, 새만금서 ‘에너지 자립’ 수소시티 띄운다[Biz-플러스]",새만금에 GW급 태양광단지…잉여 전력은 수소로 비축 업계 안팎에선 현대차가 자체 생산 수소로 발전기를... 다양한 산업군에서 수소 수요가 늘어날수록 규모의 경제를 통해 수익성을 확보하기가 수월해지기 때문이다.... ,https://www.sedaily.com/article/20042232?ref=naver,https://n.news.naver.com/mnews/article/011/0004619282?sid=101,"Mon, 11 May 2026 06:01:00 +0900",2026-05-11 08:56:44
친환경/신재생,태양광 산업,“지구 밖에서 전기 끌어쓴다”… 스페이스X·엔비디아·구글 다음 전장...,"우주 데이터센터, AI 전력난 해법으로 부상 일론 머스크 “2~3년 내 현실이 될 것” 태양광 패널·GPU 실은... IEA는 “데이터센터의 전력 소비 증가율은 다른 모든 산업과 비교해 4배 이상 빠르다”고 했다. 다만 우주... ",https://biz.chosun.com/it-science/ict/2026/05/11/KRTOOQT23FA6PBTA2CR7KTDOVU/?utm_source=naver&utm_medium=original&utm_campaign=biz,https://n.news.naver.com/mnews/article/366/0001163207?sid=105,"Mon, 11 May 2026 06:01:00 +0900",2026-05-11 08:56:44
친환경/신재생,풍력 시장,"삼성證 “한전기술, 체코 원전 본격화와 대형 원전·SMR 수주 앞둬… 목...",반면 영업이익은 지난해보다 11.8배 급증한 141억원을 기록하면서 시장 기대치를 크게 상회했다. 체코... 김 연구원은 “현재 사전착수역무를 수행하고 있는 완도금일 해상 풍력 프로젝트의 본계약 체결 가능성도 열려... ,https://biz.chosun.com/stock/stock_general/2026/05/11/2ZBSAWL2WNENDC2LWW3I6JDWHA/?utm_source=naver&utm_medium=original&utm_campaign=biz,https://n.news.naver.com/mnews/article/366/0001163230?sid=101,"Mon, 11 May 2026 08:47:00 +0900",2026-05-11 08:56:44
친환경/신재생,풍력 시장,"김인경 해양수산부 어업자원정책관 &quot;연근해어업, TAC 중심으로 판 다시...","어획 실적 데이터는 국가가 보증하는 공식 자료가 돼 해상풍력 단지 조성으로 어장이 상실되거나, 감척사업... 수산물 시장을 보호할 수 있으며, 수출 시에도 우리 수산물이 투명하게 어획·양륙·유통 관리가 되었음이... ",https://www.hdhy.co.kr/news/articleView.html?idxno=34349,https://www.hdhy.co.kr/news/articleView.html?idxno=34349,"Mon, 11 May 2026 08:06:00 +0900",2026-05-11 08:56:44
친환경/신재생,풍력 시장,"NH투자 &quot;씨에스윈드, 미국 생산성 개선 관건…하부구조물 수주 주목&quot;",이투데이=박정호 기자 | NH투자증권은 11일 씨에스윈드에 대해 1분기 실적은 시장 기대에 부합했으며 향후... 육상풍력 수주는 당분간 견조할 것으로 예상하며 생산성 개선이 확인되면 실적도 즉각 개선될 수 있다... ,https://www.etoday.co.kr/news/view/2583094,https://www.etoday.co.kr/news/view/2583094,"Mon, 11 May 2026 08:06:00 +0900",2026-05-11 08:56:44
친환경/신재생,풍력 시장,한화오션 'OTC 2026' 참가…글로벌 해양플랜트 수주 시동,글로벌 해양플랜트 시장의 회복세에 발맞춰 파트너십을 강화하고 수주 기회를 살핀다. 11일 한화오션에... 싱가포르 신규 법인과 국내 해상풍력설치선(WTIV) 운영 법인을 설립하며 사업 확장에 속도를 내고 있다. 부유식... ,https://www.theguru.co.kr/news/article.html?no=101531,https://www.theguru.co.kr/news/article.html?no=101531,"Mon, 11 May 2026 08:02:00 +0900",2026-05-11 08:56:44
친환경/신재생,풍력 시장,"[6·3 지선 격전지를 가다-목포시장] 구도심 활성화, 먹거리 산업 개발 ...","오는 6·3 지방선거에 출마한 목포시장 후보들은 저마다 도시 재도약을 위한 청사진을 내놓으면서다. 목포는... 이를 위해 해상풍력 배후단지 조성과 신재생에너지 이익공유 체계 구축, MICE 복합도시 조성 등을 약속했다.... ",http://www.mdilbo.com/detail/0kIA7d/755395,http://www.mdilbo.com/detail/0kIA7d/755395,"Mon, 11 May 2026 08:02:00 +0900",2026-05-11 08:56:44
친환경/신재생,풍력 시장,"목포시, 미래산업도시 청사진 제시…전략과제 본격 추진","보고회에는 조석훈 목포시장 권한대행과 관계 공무원, 해상풍력·조선·인공지능 분야 전문가들이 참석해 지역 산업의 미래 전략과 실행 방안에 대한 의견을 나눴다. 목포시는 TF 운영 과정에서 해상풍력과 차세대 조선... ",https://sports.donga.com/region/article/all/20260511/133895407/1,https://n.news.naver.com/mnews/article/382/0001272656?sid=102,"Mon, 11 May 2026 07:52:00 +0900",2026-05-11 08:56:44
친환경/신재생,풍력 시장,"中 에코플로우, 英 슈퍼마켓서 ‘플러그인 태양광’ 판매… 유럽 공략 ...",에너지 시장의 판도 변화를 예고하고 있다. 이는 에너지 비용 상승과 환경 규제 강화 속에서 가계의 에너지... 실제로 영국 정부는 지난 3월 국가 안보 문제를 이유로 중국 풍력 터빈 제조업체 밍양 스마트 에너지의 공장... ,https://www.g-enews.com/view.php?ud=2026051107262938100c8c1c064d_1,https://www.g-enews.com/view.php?ud=2026051107262938100c8c1c064d_1,"Mon, 11 May 2026 07:30:00 +0900",2026-05-11 08:56:44
친환경/신재생,풍력 시장,"[창간1특집] 농업, 미래를 재설계한다 ②에너지를 수확하는 농부 - 농업...",또 2028년 완공 예정인 390메가와트 규모의 신안우이해상풍력 발전소가 가동되면 신안군민 100%가 연금... 그는 &quot;엘리너 오스트롬은 공동 자원이 정부 통제나 시장 메커니즘보다 지역 공동체 자치 관리에 맡기는 것이... ,https://www.aflnews.co.kr/news/articleView.html?idxno=320286,https://www.aflnews.co.kr/news/articleView.html?idxno=320286,"Mon, 11 May 2026 07:06:00 +0900",2026-05-11 08:56:44
친환경/신재생,풍력 시장,5월 11일 개장 전 주요 공시,8일 장 마감 후 11일 개장 전 주요 공시 ◆유가증권시장 효성중공업은 강원 풍력 리파워링 풍력발전소 인근 평창군 도로에서 대형크레인이 전도돼 크레인 운전기사 1명이 사망하는 중대재해가 발생했다고... ,https://www.seoulfn.com/news/articleView.html?idxno=628385,https://www.seoulfn.com/news/articleView.html?idxno=628385,"Mon, 11 May 2026 07:00:00 +0900",2026-05-11 08:56:44
친환경/신재생,풍력 시장,"K-배터리 3사, 점유율 30%도 ‘붕괴’…“ESS로 ‘캐즘’ 한파 넘는다”",ESS는 데이터센터 뿐만 아니라 태양광·풍력 발전 등 재생에너지의 간헐성 문제를 해결하고 안정적인 전력 공급을 지원하는 역할도 한다. 특히 ESS는 세계 각지에서 수요가 크게 늘고 있다. 시장조사업체... ,https://www.ceoscoredaily.com/page/view/2026050813263480933,https://www.ceoscoredaily.com/page/view/2026050813263480933,"Mon, 11 May 2026 07:00:00 +0900",2026-05-11 08:56:44
친환경/신재생,풍력 시장,"하늘채 미분양 쇼크, 김영범號 코오롱건설 역대 최대 적자 극복할까","주력 주택 브랜드인 ‘하늘채’마저 분양 시장에서 연이어 고전을 면치 못하면서 경영 전반에 위기감이... 주택에 치중된 사업 구조를 비주택, 환경, 풍력 등 신사업으로 확대하겠다는 전략이다. 재무 구조 개선을 위한... ",https://realty.chosun.com/site/data/html_dir/2026/05/08/2026050803085.html,https://realty.chosun.com/site/data/html_dir/2026/05/08/2026050803085.html,"Mon, 11 May 2026 06:02:00 +0900",2026-05-11 08:56:44
친환경/신재생,풍력 시장,[추천주 직썰] &quot;반도체 안 부럽다&quot;…전력인프라 슈퍼사이클 본격화,인프라 시장의 성장세가 본격화하고 있다. 11일 한국거래소에 따르면 지난달부터 이날까지 'KODEX... 태양광·풍력 등 재생에너지 설비 확대 속도에 비해 이를 수용할 송배전망 구축은 여전히 부족한 상황이다. 정훈... ,https://www.ziksir.com/news/articleView.html?idxno=133263,https://www.ziksir.com/news/articleView.html?idxno=133263,"Mon, 11 May 2026 06:00:00 +0900",2026-05-11 08:56:44
친환경/신재생,풍력 시장,[시대리포트] 6000조 시장 향해…해상풍력 '글로벌 강국' 가는 길,에너지 시장의 패러다임이 화석연료에서 신재생에너지로 전환하면서 해상풍력 시장을 선점하기 위한 글로벌 경쟁이 치열하다. 기술 주도권을 쥔 유럽과 규모의 경제를 앞세운 중국을 중심으로 시장이 형성 중인... ,https://www.sidae.com/article/2026050716182381236,https://n.news.naver.com/mnews/article/417/0001142472?sid=101,"Mon, 11 May 2026 06:00:00 +0900",2026-05-11 08:56:44
친환경/신재생,풍력 시장,"[시대리포트] 해상풍력특별법 제정 그 후, 기존 사업자 보호·로드맵 시...",특히 특별법 제정 이전 시장에 뛰어든 기존사업자의 지위 승계 문제가 가장 주효하다. 특별법상 해상풍력발전위원회 신규 심의 절차가 기존 개별법 절차와 중첩되면서 사업 기간이 도리어 연장될 수 있기 때문이다.... ,https://www.sidae.com/article/2026050716353733943,https://n.news.naver.com/mnews/article/417/0001142471?sid=101,"Mon, 11 May 2026 05:50:00 +0900",2026-05-11 08:56:44
친환경/신재생,풍력 시장,[시대리포트]&quot;전기 만들어도 보낼 수 없다&quot;…속 타는 전력 인프라,"'바다 위 무한 에너지'으로 불리는 해상풍력이 글로벌 에너지 시장의 핵심 전원으로 부상하고 있다. 우리나라 역시 해상풍력특별법 등 성장의 신호탄을 쏘아 올렸지만, 각종 규제 장벽과 인프라 부족 등 해결해야할 과제... ",https://www.sidae.com/article/2026050614591584602,https://n.news.naver.com/mnews/article/417/0001142470?sid=101,"Mon, 11 May 2026 05:40:00 +0900",2026-05-11 08:56:44
친환경/신재생,풍력 시장,[시대리포트]가짜어민·경직된 규제…해상풍력발전 걸림돌,"'바다 위 무한 에너지'으로 불리는 해상풍력이 글로벌 에너지 시장의 핵심 전원으로 부상하고 있다. 우리나라 역시 해상풍력특별법 등 성장의 신호탄을 쏘아 올렸지만, 각종 규제 장벽과 인프라 부족 등 해결해야할 과제... ",https://www.sidae.com/article/2026050615533965782,https://n.news.naver.com/mnews/article/417/0001142468?sid=101,"Mon, 11 May 2026 05:30:00 +0900",2026-05-11 08:56:44
친환경/신재생,수소 경제,‘지역혁신선도기업육성 공모’,분야 핵심 저장 기술 확보와 지역 기업의 기술경쟁력 제고 측면에서 우수성을 인정받았다. 또 액화수소·친환경 선박 관련 기술개발 과제도 다수 포함돼 수소경제 생태계 조성과의 연계 효과가 기대된다고 시는 설명했다.,http://www.knnews.co.kr/news/articleView.php?idxno=1541285,http://www.knnews.co.kr/news/articleView.php?idxno=1541285,"Mon, 11 May 2026 08:22:00 +0900",2026-05-11 08:56:45
친환경/신재생,수소 경제,국민성장펀드 22일 출범···생산적 금융 신호탄 되나,정부 재정 1200억원과 국민 자금을 함께 모아 반도체·인공지능(AI)·바이오·미래차·수소 등 첨단전략산업... 이 대통령은 &quot;현재 세계는 미래 경제와 산업의 주도권을 두고 총성 없는 전쟁을 벌이고 있다&quot;며 &quot;국민의... ,http://www.enewstoday.co.kr/news/articleView.html?idxno=2427563,http://www.enewstoday.co.kr/news/articleView.html?idxno=2427563,"Mon, 11 May 2026 08:00:00 +0900",2026-05-11 08:56:45
친환경/신재생,수소 경제,[탐방] 도시가스배관 수소혼입 시험현장'가스안전공사 탄소중립추진단...,이어 &quot;기존 인프라를 활용하면서 탄소를 줄일 수 있어 경제성과 현실성이 높다&quot;며 &quot;단계적 수소 확대를 통한 에너지 전환의 가교 역할을 하게 될 것&quot;이라고 전망했다. 한편 해당 연구과제는 2026년 12월 종료 예정이며... ,https://www.gasnews.com/news/articleView.html?idxno=125043,https://www.gasnews.com/news/articleView.html?idxno=125043,"Mon, 11 May 2026 07:24:00 +0900",2026-05-11 08:56:45
친환경/신재생,수소 경제,[인터뷰] 범한메카텍㈜ 김성수 대표이사 &quot;액화수소·CCUS는 탄소중립의...,"액화수소 생태계 역시 단일 기업이 아닌 산·학·연·관 협력이 필수이며, 기술 표준화와 시장 확대를 통해 대한민국이 수소 경제 주도권을 확보해야 할 시점입니다.&quot; 김성수 대표는 범한메카텍의 시선이 육상을 넘어... ",https://www.gasnews.com/news/articleView.html?idxno=125046,https://www.gasnews.com/news/articleView.html?idxno=125046,"Mon, 11 May 2026 07:20:00 +0900",2026-05-11 08:56:45
친환경/신재생,수소 경제,[논단] 국토부는 국가 균형발전의 '1번 타자',"데이터센터, 전력망, 수소 공급망, 물류 자동화 시스템까지 포함된 통합 인프라 패키지가 필요하다. 특히 AI와... 지금까지 한국의 경제는 수도권 중심으로 돌아갔다. 이는 효율성 측면에서는 일정 부분 성과를 냈지만, 한국... ",https://www.koscaj.com/news/articleView.html?idxno=324018,https://www.koscaj.com/news/articleView.html?idxno=324018,"Mon, 11 May 2026 07:00:00 +0900",2026-05-11 08:56:45
친환경/신재생,수소 경제,[조수정의 국제 통상 읽기 &lt;4&gt; 철강 산업과 국제 통상] 중국 과잉공급과...,"이 조치는 국제비상경제수권법(IEEPA)이 아닌 무역확장법에 근거해 시행된 것이어서 관련 미 연방대법원... 국내적으로는 탄소 배출 측정·보고·검증 역량을 강화하고, 수소 환원 제철 기술 개발 등 탄소 중립 노력을... ",https://economychosun.com/site/data/html_dir/2026/05/04/2026050400033.html,https://economychosun.com/site/data/html_dir/2026/05/04/2026050400033.html,"Mon, 11 May 2026 06:16:00 +0900",2026-05-11 08:56:45
친환경/신재생,수소 경제,[6.3지방선거-세종] 조상호 '기본사회' vs 최민호 '가족·경제'… 세종 ...,"소상공인·민생경제 회복 총력 가족친화형 여가도시 구상 기업유치·미래산업 육성 집중 [천지일보 세종... 친환경 분야에서는 세종보 정상 가동과 국가도시공원 지정 추진, 전기·수소버스 확대, 친환경 종량제봉투 도입... ",https://www.newscj.com/news/articleView.html?idxno=3399769,https://www.newscj.com/news/articleView.html?idxno=3399769,"Mon, 11 May 2026 06:02:00 +0900",2026-05-11 08:56:45
친환경/신재생,수소 경제,“중동발 에너지 위기 속 전기요금 동결…미래세대에 더 큰 청구서”,한겨레경제사회연구원(원장 조현경)이 지난 6일 서울 마포구 한겨레신문 청암홀에서 ‘에너지 위기와... 그는 철강의 수소환원제철 등 기업들의 제조설비 전기화 관련 “독일의 전력 다소비업종에 대한 특별요금제... ,https://www.hani.co.kr/arti/economy/economy_general/1258011.html,https://n.news.naver.com/mnews/article/028/0002804462?sid=101,"Mon, 11 May 2026 06:02:00 +0900",2026-05-11 08:56:45
친환경/신재생,수소 경제,[시론] 위기의 전세버스산업 ‘정책균형’ 시급하다,특히 대형 상용차 분야에서는 장거리 운행과 충전 시간 문제 등을 고려할 때 수소버스가 전기버스보다... 국민 이동과 지역경제를 유지하는 필수 교통 인프라다. 지금 필요한 것은 일률적인 규제가 아니라 산업 현실을... ,https://www.etoday.co.kr/news/view/2583059,https://www.etoday.co.kr/news/view/2583059,"Mon, 11 May 2026 06:02:00 +0900",2026-05-11 08:56:45
친환경/신재생,수소 경제,[인터뷰] 김관영 &quot;민주당 공천장 아닌 전북도민 선택 받겠다&quot;,"새만금을 피지컬 AI·수소·미래차 산업의 심장으로 키우고 제3금융중심지와 공공기관 이전, 올림픽 유치를 함께 묶어 전북의 경제 영토를 넓히겠다. 민선 9기는 전북 대도약의 착공식을 넘은 준공식이 되어야 한다.",https://www.yna.co.kr/view/AKR20260510032100055?input=1195m,https://n.news.naver.com/mnews/article/001/0016068500?sid=100,"Mon, 11 May 2026 06:00:00 +0900",2026-05-11 08:56:45
친환경/신재생,수소 경제,[인터뷰] 박수현 &quot;망원경으로 '충남 미래' 볼 것…도민은 '현미경'으로 ...,충남은 전국 최대 석탄화력발전소 밀집 지역으로서 수소·해상풍력·태양광 등 신재생에너지 산업으로의... 이미 우리는 '충청권 공동대전환 선언식'을 통해 내부의 소모적인 경쟁 대신 세종 행정수도 완성과 광역 경제... ,https://www.dailian.co.kr/news/view/1642580/?sc=Naver,https://n.news.naver.com/mnews/article/119/0003088890?sid=100,"Mon, 11 May 2026 05:01:00 +0900",2026-05-11 08:56:45
친환경/신재생,수소 경제,[인터뷰] 이철우 &quot;신공항·행정통합 완성…유능한 보수 보여주겠다&quot;,"동해안권을 영일만항, 북극항로, 이차전지, 수소, 원자력, 해양관광을 묶어 대한민국 해양 경제 중심으로 육성하는 등 권역별 구체적인 발전 방안도 공약에 담았다. -- 취약한 의료 인프라 개선도 시급한 과제인데.... ",https://www.yna.co.kr/view/AKR20260507162800053?input=1195m,https://n.news.naver.com/mnews/article/001/0016068476?sid=102,"Mon, 11 May 2026 05:00:00 +0900",2026-05-11 08:56:45
친환경/신재생,수소 경제,이란 전쟁에 디젤 값 27% 폭등… 중국 ‘전기 트럭 시대’ 앞당긴다,"지난 2월 이란 전쟁 발발 이후 경유 가격이 급등하자, 경제성을 확보한 전기 대형 트럭이 디젤 트럭을... 이에 대응해 현대자동차를 비롯한 국내 업계는 전기 트럭의 한계를 넘어서는 ‘수소 상용차 초격차 기술’... ",https://www.g-enews.com/view.php?ud=2026051018401319202bd56fbc3c_1,https://www.g-enews.com/view.php?ud=2026051018401319202bd56fbc3c_1,"Mon, 11 May 2026 03:30:00 +0900",2026-05-11 08:56:45
친환경/신재생,수소 경제,강원도지사 쟁탈… 우상호·김진태 오늘 첫 맞대결,"김진태 후보는 “도와 시가 원팀이 되어 태백시민과의 약속을 반드시 이행하고, 지역 경제의 재도약을... 원강수 원주시장 후보와는 첨단의료복합단지 2차 지정 등을, 박상수 삼척시장 후보와는 수소·의료·관광 등 3대... ",https://www.kwnews.co.kr/page/view/2026051050098700000,https://n.news.naver.com/mnews/article/087/0001192098?sid=100,"Mon, 11 May 2026 00:08:00 +0900",2026-05-11 08:56:45
원자력,원자력 주가,[GAM]원자력 르네상스 대장주 카메코 ① 우라늄부터 SMR까지 수직 계열화,"카메코는 단순한 우라늄 채굴 기업을 훌쩍 넘어 핵연료 가공과 원자로 서비스, 소형 모듈 원자로(SMR) 설계까지 포괄하는 통합 원자력 플랫폼으로 진화했다. 뉴욕증시를 기준으로 최근 1년간 주가가 139%에 달하는... ",https://www.newspim.com/news/view/20260508000765,https://www.newspim.com/news/view/20260508000765,"Sat, 09 May 2026 08:01:00 +0900",2026-05-11 08:56:46
원자력,원자력 주가,깊이가 다른 글로벌 투자 정보 GAM - 맛보기편 (5/8),테스트 막바지&quot; 애플 매장에 진열된 에어팟 [사진=블룸버그통신] [AI의 종목 이야기] 소프트뱅크 주가... 시간 외 한때 10% 급등 아이렌 홈페이지 갈무리 [사진=아이렌] 원자력 르네상스 대장주 카메코 ① 우라늄부터... ,https://www.newspim.com/news/view/20260508000805,https://www.newspim.com/news/view/20260508000805,"Fri, 08 May 2026 16:59:00 +0900",2026-05-11 08:56:46
원자력,원자력 주가,"[사사건건] 양도세 부과 D-2, 주택 시장 상황은?","어떻게든 끌어와서 전력을 갖다 대야 되는데 원자력만한 전력이 없다라고 하는데 우리의 K-건설주가 EPC라고 하죠. 이 시공에 있어서는 원전주입니다. 그래서 한번 텀을 받고, 그다음에 지금 우크라 재건뿐만이 아니라... ",https://news.kbs.co.kr/news/pc/view/view.do?ncd=8556259&ref=A,https://n.news.naver.com/mnews/article/056/0012177517?sid=101,"Fri, 08 May 2026 16:32:00 +0900",2026-05-11 08:56:46
원자력,원자력 주가,[특징주] 건설주 하락 마감…호르무즈 교전에 '중동 재건' 기대↓(종합...,"건설주가 영향을 받은 것으로 보인다. DL이앤씨와 GS건설은 과거 중동 지역에서 대형 플랜트 시공 경험에 따른 수혜, 대우건설은 원자력발전소 수요의 기대감을 안고 상승한 바 있다. 연초 대비 DL이앤씨와 GS건설은... ",https://www.yna.co.kr/view/AKR20260508045551008?input=1195m,https://n.news.naver.com/mnews/article/001/0016066350?sid=101,"Fri, 08 May 2026 16:06:00 +0900",2026-05-11 08:56:46
원자력,원자력 주가,"[뉴스줌인] 건설 5사, 해외수주 75% 급감…'원전' 카드 꺼냈지만 매출은...","최근 조직 개편을 통해 원자력사업단을 신설하고 관련 인력을 100여명 수준으로 재정비했으며, 베트남 수주 성사 시 비주간사 지분 기준으로 약 1조2000억원 규모 수주가 가능하다는 관측이 나온다. 다만 삼성물산... ",http://www.dailypop.kr/news/articleView.html?idxno=98652,http://www.dailypop.kr/news/articleView.html?idxno=98652,"Fri, 08 May 2026 15:20:00 +0900",2026-05-11 08:56:46
원자력,원자력 주가,"“현대건설, 원전 글로벌 슈퍼사이클 올라탈 것”","KB증권, 목표주가 21만8000원에서 23만 원으로 상향 글로벌 원전 시장의 슈퍼사이클이 도래한 상황에서... 국제원자력기구(IAEA)는 2050년까지 세계 원전 용량이 현재의 2.6배로 성장할 것으라고 내다봤다. 미국은... ",https://weekly.donga.com/3/all/11/6217684/1,https://n.news.naver.com/mnews/article/037/0000038122?sid=101,"Fri, 08 May 2026 11:22:00 +0900",2026-05-11 08:56:46
원자력,원자력 주가,실적·주가 모두 올랐는데 주주환원은 언제쯤?…두산에너빌리티 두고 갑...,두산에너빌리티는 원자력·소형모듈원자로(SMR)·가스터빈 등 미래 에너지 사업을 앞세워 최근 주가와 실적 모두 상승 곡선을 그리고 있습니다. 그러나 일반 주주들이 실질적으로 체감할 수 있는 주주환원 정책은 여전히... ,https://www.imaeil.com/page/view/2026050810573784883,https://n.news.naver.com/mnews/article/088/0001008983?sid=101,"Fri, 08 May 2026 11:04:00 +0900",2026-05-11 08:56:46
원자력,원자력 주가,[특징주] 대우건설 등 건설주 장 초반 약세,"건설주가 영향을 받은 것으로 보인다. DL이앤씨와 GS건설은 과거 중동 지역에서 대형 플랜트 시공 경험에 따른 수혜, 대우건설은 원자력발전소 수요의 기대감을 안고 상승한 바 있다. 연초 대비 DL이앤씨와 GS건설은... ",https://www.namdonews.com/news/articleView.html?idxno=909867,https://www.namdonews.com/news/articleView.html?idxno=909867,"Fri, 08 May 2026 10:42:00 +0900",2026-05-11 08:56:46
원자력,원자력 주가,이란 전쟁 두 달...요동치는 전 세계 에너지 시장,&quot;석탄·태양광·원자력&quot; 석탄은 같은 양의 에너지를 생산할 때 석유나 천연가스보다 훨씬 많은 이산화탄소를... 독일 풍력터빈 기업 노르덱스(Nordex)는 유럽 청정에너지 수요 증가 속에 2026년 1분기 주가가 24년 만에... ,https://www.newspenguin.com/news/articleView.html?idxno=21586,https://www.newspenguin.com/news/articleView.html?idxno=21586,"Fri, 08 May 2026 10:24:00 +0900",2026-05-11 08:56:46
원자력,원자력 주가,[특징주] 호르무즈 충돌 영향...건설주 투자심리 위축,"건설주가 영향을 받은 것으로 보인다. DL이앤씨와 GS건설은 과거 중동 지역에서 대형 플랜트 시공 경험에 따른 수혜, 대우건설은 원자력발전소 수요의 기대감을 안고 상승한 바 있다. 연초 대비 &quot;DL이앤씨와 GS건설은... ",http://www.issuenbiz.com/news/articleView.html?idxno=76456,http://www.issuenbiz.com/news/articleView.html?idxno=76456,"Fri, 08 May 2026 10:04:00 +0900",2026-05-11 08:56:46
원자력,원자력 주가,"[특징주] 건설주, 미국-이란 호르무즈 교전.. 일제히 '약세'","건설주 주가가 미국과 이란의 호르무즈 교전 소식에 약세를 보이고 있다. 8일 한국거래소에 따르면 오전... DL이앤씨와 GS건설은 과거 중동 지역에서 대형 플랜트 시공 경험에 따른 수혜, 대우건설은 원자력발전소... ",https://www.g-enews.com/view.php?ud=20260508094900890944093b5d4e_1,https://www.g-enews.com/view.php?ud=20260508094900890944093b5d4e_1,"Fri, 08 May 2026 09:58:00 +0900",2026-05-11 08:56:46
원자력,원자력 주가,[특징주] 건설주 장 초반 약세…호르무즈 교전에 '중동 재건' 기대↓,"건설주가 영향을 받은 것으로 보인다. DL이앤씨와 GS건설은 과거 중동 지역에서 대형 플랜트 시공 경험에 따른 수혜, 대우건설은 원자력발전소 수요의 기대감을 안고 상승한 바 있다. 연초 대비 DL이앤씨와 GS건설은... ",https://www.yna.co.kr/view/AKR20260508045500008?input=1195m,https://n.news.naver.com/mnews/article/001/0016065110?sid=101,"Fri, 08 May 2026 09:40:00 +0900",2026-05-11 08:56:46
원자력,원자력 주가,[원자재 시황] 불확실한 종전 합의에 변동성 제한,시장에서는 AI 데이터센터 확대에 따른 전력 수요 증가가 중장기적으로 원자력 산업 성장 기대를 지지하고 있다고 보고 있다. 우라늄 업체 카메코(Cameco) 역시 목표주가 상향에도 불구하고 4% 하락했다.,https://www.ebn.co.kr/news/articleView.html?idxno=1707978,https://www.ebn.co.kr/news/articleView.html?idxno=1707978,"Fri, 08 May 2026 08:32:00 +0900",2026-05-11 08:56:46
원자력,원자력 주가,[박정식의 국내 주식시황] 미·이란 긴장 재부각에 증시 숨고르기…반도...,미국 원자력규제위원회가 오로라 원자로 설계 기준을 신속 승인했다는 소식에 미국 원전주가 강세를 보이면서 일부 원자력발전 테마도 상승했다. GS리테일과 BGF리테일의 호실적에 편의점 테마도 상승했다. 전일 장 마감... ,https://www.newsquest.co.kr/news/articleView.html?idxno=265919,https://www.newsquest.co.kr/news/articleView.html?idxno=265919,"Fri, 08 May 2026 08:12:00 +0900",2026-05-11 08:56:46
원자력,원자력 주가,[증권家] 월스트리트 개미들의 ‘K-스톡’ 상륙…‘거버넌스 혁신’과 ...,"아울러 K-컬처의 글로벌 영향력 확대와 맞물린 소비재 산업의 강세, 그리고 원자력을 필두로 한 차세대... 벌면서도 주가는 저평가된 우량 자산으로 자본의 ‘이사’가 시작됐음을 의미한다. 올해 시장은 단순히 반도체를... ",https://www.megaeconomy.co.kr/news/newsview.php?ncode=1065567683330096,https://www.megaeconomy.co.kr/news/newsview.php?ncode=1065567683330096,"Fri, 08 May 2026 08:10:00 +0900",2026-05-11 08:56:46
원자력,원자력 주가,"“고점론 시기상조… 코스피 영업익 60% 넘는 삼성전자·SK하이닉스, 주...","김한진 “많이 오른 것처럼 보여도 외국인은 두 기업 주가 아직 싸다고 생각” “삼성전자와 SK하이닉스... 그런 측면에서 반도체뿐 아니라 조선, 전력기기, 원자력, 방산 등 국제질서 변화나 미국의 중국 견제로... ",https://weekly.donga.com/3/all/11/6216739/1,https://n.news.naver.com/mnews/article/037/0000038121?sid=101,"Fri, 08 May 2026 07:02:00 +0900",2026-05-11 08:56:46
원자력,원자력 주가,"[사설]수출 급증, 질주 증시... ‘반도체 이후’ 고민 안 해도 되나",주가가 단기 급등했고 수출은 견고한 호조세를 이어가고 있다. 코스피 지수가 7000을 가볍게 뛰어넘으며... 조선 방위산업 원자력발전 전력기기 등 한국형 인프라 산업부터 더 지원해야 한다. 세계 시장에서 주목받은 K뷰티... ,http://www.edaily.co.kr/news/newspath.asp?newsid=02036886645446952,https://n.news.naver.com/mnews/article/018/0006275368?sid=110,"Fri, 08 May 2026 05:01:00 +0900",2026-05-11 08:56:46
원자력,원자력 주가,[증시 인사이트] 국내증시 혼조 마감…코스피 오르고 코스닥 내리고,"증권가에서는 오늘 삼성전자 50만 원, SK하이닉스 300만 원이라는 목표주가도 나왔더라고요? 반도체... 미국 원자력규제위원회(NRC)의 신규원전 신속 심사 소식이 전해지며 뉴욕증시에서 관련 테마가 강세를 보이자... ",https://biz.sbs.co.kr/article_hub/20000308864?division=NAVER,https://n.news.naver.com/mnews/article/374/0000508736?sid=101,"Thu, 07 May 2026 16:44:00 +0900",2026-05-11 08:56:46
원자력,원자력 주가,전쟁 종료 기대감 건설주 급등…방산주 차익실현 약세,"AP/뉴시스 전쟁 종료 이후 대규모 인프라 프로젝트 재개 기대감이 커지면서 건설주가 강세를... ACE 미국 SMR원자력TOP10은 10.08%, KODEX 건설은 5.96%, TIGER 200 건설은 6.00% 각각 오르고 있다. 반면 미국과 이란의... ",http://www.segyebiz.com/newsView/20260507512131?OutUrl=naver,http://www.segyebiz.com/newsView/20260507512131?OutUrl=naver,"Thu, 07 May 2026 15:12:00 +0900",2026-05-11 08:56:46
원자력,원자력 주가,"[뉴스퀘어 2PM] 미-이란, 종전 협상 속도?...이스라엘, 레바논 공습",벌써 한 10주가 지났잖아요. 트럼프 대통령 입장에서는 협상 시한에 대해서는 열어놓고 충분히 협상을 하고... 국제원자력기구가 거기 있기 때문에 기술적인 문제를 논의하기에는 제네바가 좋습니다. 그리고 또... ,https://www.ytn.co.kr/_ln/0104_202605071347494810,https://n.news.naver.com/mnews/article/052/0002349892?sid=104,"Thu, 07 May 2026 13:47:00 +0900",2026-05-11 08:56:46
원자력,원전 산업,"한미글로벌-앳킨스리얼리스, 美 시장 수주 전략적 제휴","건설사업관리(PM) 전문기업 한미글로벌은 캐나다의 종합 엔지니어링 기업인 ‘앳킨스리얼리스(AtkinsRealis)’와 미국 내 산업 플랜트 및 재생에너지, 원전 분야 프로젝트의 공동 추진을 위한 전략적 제휴 협약(SAA... ",https://biz.chosun.com/real_estate/real_estate_general/2026/05/11/DO3H7PJB3NAWVBVYXUTIB2WHPQ/?utm_source=naver&utm_medium=original&utm_campaign=biz,https://n.news.naver.com/mnews/article/366/0001163229?sid=101,"Mon, 11 May 2026 08:43:00 +0900",2026-05-11 08:56:47
원자력,원전 산업,"한미글로벌, 캐나다 엔지니어링사와 美원전 프로젝트 공동 추진","글로벌 건설사업관리(PM) 전문기업 한미글로벌은 캐나다 종합 엔지니어링 기업인 앳킨스리얼리스와 손잡고 미국 내 산업 플랜트, 재생에너지, 원전 분야 프로젝트 공동 추진을 위한 전략적 제휴 협약(SAA)을 체결했다고... ",https://view.asiae.co.kr/article/2026051108412025640,https://n.news.naver.com/mnews/article/277/0005760641?sid=101,"Mon, 11 May 2026 08:41:00 +0900",2026-05-11 08:56:47
원자력,원전 산업,"산업부 장관, 한미 전략적 투자·에너지 협력 강화 논의","에너지 분야에서는 미 에너지부 장관과 원전 등 에너지 협력 현황을 점검하고 향후 협력 강화 방안을 논의했으며, 미 의회 내 지한파 의원들과도 원전 및 디지털 이슈 관련 협력 방안을 협의했다. 산업부는 이번 순방을... ",https://www.todayenergy.kr/news/articleView.html?idxno=297595,https://www.todayenergy.kr/news/articleView.html?idxno=297595,"Mon, 11 May 2026 08:40:00 +0900",2026-05-11 08:56:47
원자력,원전 산업,"한미글로벌, 글로벌 PM 강자 '앳킨스리얼리스'와 美 원전 프로젝트 공동...","도로, 원전 및 산업 플랜트 분야에서 다수의 프로젝트를 수행하고 있다. 한미글로벌은 지금까지 국내 기업들의 반도체와 이차전지, 해저케이블 등 미국 공장 건설 프로젝트를 관리하면서 미국 내 건설사업 역량을... ",http://www.ikld.kr/news/articleView.html?idxno=334239,http://www.ikld.kr/news/articleView.html?idxno=334239,"Mon, 11 May 2026 08:38:00 +0900",2026-05-11 08:56:47
원자력,원전 산업,"[건설 大개조, K-건설 생존 방정식]'빅배스' 딛고 일어선 대우건설…&quot;에...",사진=AI 생성 이미지 현재 대한민국 건설산업은 거대한 변곡점을 지나고 있다. 수년간 업계를 짓눌렀던... 동유럽 원전 시장 개척 역시 정 회장의 끈질긴 네트워크 경영이 낳은 산물이다. '팀 코리아'의 주축으로 체코... ,https://www.businessplus.kr/news/articleView.html?idxno=111581,https://www.businessplus.kr/news/articleView.html?idxno=111581,"Mon, 11 May 2026 08:22:00 +0900",2026-05-11 08:56:47
원자력,원전 산업,수소트램 곧 달린다는데…상용화 앞두고 드러난 '빈틈',울산은 국내 수소 생산의 50% 이상을 담당하는 대한민국 최대 수소산업단지(연간 약 82만 톤 생산 능력)를... 울진 역시 원전 기반 청정수소 생산 특화단지 구축에 나섰다. 하지만 이 같은 시설들은 아직 초기 계획 및 실증... ,http://www.economytalk.kr/news/articleView.html?idxno=421203,http://www.economytalk.kr/news/articleView.html?idxno=421203,"Mon, 11 May 2026 07:50:00 +0900",2026-05-11 08:56:47
원자력,원전 산업,"경남도, 지역혁신 선도기업 육성사업 35개 선정","경남도는 조선과 자동차, 항공, 원전 등 국가 핵심 산업이 모인 제조업 중심지라는 강점을 바탕으로 지능형 자율제조 분야 17개, 첨단항공 분야 11개 등 35개 사업이 공모에서 뽑혔다고 밝혔습니다. 35개 사업에 참여하는... ",https://news.knn.co.kr/news/article/187629,https://news.knn.co.kr/news/article/187629,"Mon, 11 May 2026 07:46:00 +0900",2026-05-11 08:56:47
원자력,원전 산업,[뉴스 속 경제] 변동성 높던 시장‥주가 오르면 어떤 일이?,"시가총액이 늘어나는데 기여한 기업 15곳을 꼽아보니, 메모리 반도체를 포함해, 반도체 기판·전력·원전... 우리나라 반도체 산업은 지난 1년 사이 이익 전망이 7배 가까이 늘었지만, 나머지 기업들은 10% 늘어나는 데... ",https://imnews.imbc.com/replay/2026/nwtoday/article/6821416_37012.html,https://n.news.naver.com/mnews/article/214/0001498050?sid=101,"Mon, 11 May 2026 07:43:00 +0900",2026-05-11 08:56:47
원자력,원전 산업,[기획] 지속성장 위한 ESG경영하는 기업 - 한국지역난방공사 녹색 대전...,"국내 집단에너지산업은 정부의 보급정책 아래 국민의 에너지 복지 구현을 위해 안정적인 열 공급시스템... 이를 위해 산단 배열, 연료전지 배열, 원전 배열 등 국내 미활용열을 전방위적으로 발굴하는데 노력하고 있다.... ",https://www.gasnews.com/news/articleView.html?idxno=125052,https://www.gasnews.com/news/articleView.html?idxno=125052,"Mon, 11 May 2026 07:24:00 +0900",2026-05-11 08:56:47
원자력,원전 산업,[이번주 재정경제부 등 경제부처 일정],15) ▲11:00 차관 자동차의 날 기념식(JW메리어트H) *5월13일 ▲11:30 장관 울산·미포 MINI 얼라이언스 간담회(울산정보산업진흥원) ▲통상교섭본부장 국외출장(EU·멕시코/5.10~5.15) *5월14일 ▲14:00 장관 원전수출... ,https://news.einfomax.co.kr/news/articleView.html?idxno=4413985,https://news.einfomax.co.kr/news/articleView.html?idxno=4413985,"Mon, 11 May 2026 07:06:00 +0900",2026-05-11 08:56:47
원자력,원전 산업,"김정관, 북미 일정 마치고 귀국…&quot;대미투자 1호 프로젝트 아직 협상 중...","김 장관은 라이트 장관과 만나 원전을 포함한 에너지 분야 협력 현안을 점검하고, 양국 간 원전 산업 협력 확대 방안을 논의했다. 미국 내 신규 원전과 소형모듈원자로(SMR) 시장 확대 움직임 속에서 한국 기업 참여... ",https://view.asiae.co.kr/article/2026051107043214208,https://n.news.naver.com/mnews/article/277/0005760591?sid=101,"Mon, 11 May 2026 07:04:00 +0900",2026-05-11 08:56:47
원자력,원전 산업,"“상승장에서 상단 예측하지 않아, 시장은 늘 오버슈팅… 중장기 계좌엔...","“과거엔 조선, 방산, 원전 등 주요 산업에서 글로벌 기업과 경쟁할 수 있는 국내 대기업이 적었다. 삼성전자와 SK하이닉스 정도만 진짜 글로벌 기업이라고 평가받았다. 그런데 지금은 상황이 달라졌다. 국내 대기업... ",https://weekly.donga.com/3/all/11/6218032/1,https://n.news.naver.com/mnews/article/037/0000038133?sid=101,"Mon, 11 May 2026 07:02:00 +0900",2026-05-11 08:56:47
원자력,원전 산업,"원전이 데이터센터 안으로… 비트코인·AI 전력난, '4세대 원자로'가 뚫...","&quot;에너지 안보가 곧 산업 안보&quot;… 한국 기업이 주목할 착안점 미국 빅테크들이 원전을 직접 '구입'하는 단계에 접어든 것은 한국 산업에도 큰 착안점을 준다. 송전망 확충이 늦어지고 원전 건설이 정체될 경우, 한국의... ",https://www.g-enews.com/view.php?ud=20260511065023355fbbec65dfb_1,https://www.g-enews.com/view.php?ud=20260511065023355fbbec65dfb_1,"Mon, 11 May 2026 07:00:00 +0900",2026-05-11 08:56:47
원자력,원전 산업,&quot;부자들도 참지 못했다&quot;…현금 빼고 80%까지 베팅한다는 주식[부자들의...,"여기에 조선, 방위산업, 원전(조·방·원) 섹터도 '제2의 주력 포트폴리오'로 자리 잡았다는 평가다. 다만 자산가들 사이에서는 주식 비중을 확대하는 동시에 안전자산 투자를 통해 리스크를 관리하고 절세 효과까지... ",https://view.asiae.co.kr/article/2026050609280104678,https://n.news.naver.com/mnews/article/277/0005760580?sid=101,"Mon, 11 May 2026 06:06:00 +0900",2026-05-11 08:56:47
원자력,SMR 시장,"DL이앤씨, 최저 부채비율로 다진 &quot;안전판&quot;...주택 편중·정비사업 분쟁...",DL이앤씨가 전략적 투자를 단행한 미국 SMR 개발사 엑스에너지(X-energy)가 지난 4월 나스닥 시장에 성공적으로 상장하며 기업 가치를 증명했다. 2023년 투자 당시 약 250억원이었던 지분 가치는 상장 이후 1천720억원... ,https://www.youthdaily.co.kr/news/article.html?no=218805,https://www.youthdaily.co.kr/news/article.html?no=218805,"Mon, 11 May 2026 08:00:00 +0900",2026-05-11 08:56:47
원자력,SMR 시장,"&quot;중동발 리스크 현실화&quot; 빅5 건설사, 1분기 해외 수주 71% 급감","소형모듈원전 역시 루마니아 SMR 시장에 글로벌 파트너와 공동으로 참여하기로 했고 유럽, 동남아, 중동 지역에서 주요 파트너사와의 협업을 통해 SMR 시장을 선도해 나갈 계획이다. 현대건설은 미국 홀텍 SMR 프로젝트... ",https://www.dailian.co.kr/news/view/1642152/?sc=Naver,https://n.news.naver.com/mnews/article/119/0003088906?sid=101,"Mon, 11 May 2026 07:11:00 +0900",2026-05-11 08:56:47
원자력,SMR 시장,"&quot;삼성물산, 아직도 싸다 PBR 0.7배…원전과 태양광·계열사 투자까지 프...","하지만 현재 시장 추정치 상의 삼성물산의 주요지배지분은 삼성전자의 지분가치 상승이 반영되어 있지... (대형원전, SMR) 수주 추진, 래미안의 수주 성장, 미국 태양광 운영 사업 추진(IPP사업자) 등의... ",https://www.newsquest.co.kr/news/articleView.html?idxno=265996,https://www.newsquest.co.kr/news/articleView.html?idxno=265996,"Mon, 11 May 2026 06:00:00 +0900",2026-05-11 08:56:47
원자력,SMR 시장,미중 정상회담 전 이란과 협상 타결?…인플레 지표 주목[이번주 美 증시...,"원자로(SMR) 개발회사인 오클로, 오는 13일 장 마감 후에 네트워킹 장비회사인 시스코 시스템즈, 오는 14일... 시장 전체에 영향을 미칠 만한 굵직한 기업의 실적 발표가 부재한 가운데 이번주 시장은 오는 14~15일로... ",https://www.mt.co.kr/world/2026/05/11/2026050921200610378,https://n.news.naver.com/mnews/article/008/0005355377?sid=101,"Mon, 11 May 2026 05:35:00 +0900",2026-05-11 08:56:47
원자력,SMR 시장,[다산칼럼] 국민성장펀드 꼭 성공하려면,"올해부터 투자가 시작되면서 자본시장도 달아오르고 있다. 올해 각각 10조원이 배정된 초저금리 대출과... K뷰티와 K푸드, 항공우주, 소형모듈원전(SMR)을 포함한 원전 등이 우선 후보로 거론된다. 신주 투자뿐 아니라 기존... ",https://www.hankyung.com/article/202605084315i,https://n.news.naver.com/mnews/article/015/0005285147?sid=110,"Mon, 11 May 2026 00:06:00 +0900",2026-05-11 08:56:47
원자력,SMR 시장,수주전 직접 누비는 ‘현장통ʼ DL이앤씨 박상신 대표,특히 SMR은 글로벌 에너지 전환 흐름 속에서 성장성이 높은 분야로 꼽힌다. DL이앤씨는 관련 기술과 사업 기회를 선제적으로 확보하며 중장기 먹거리로 육성한다는 계획이다. 발전사업과 해외 플랜트 시장 확대도 병행... ,http://www.fntimes.com/html/view.php?ud=202605100001072547dd55077bc2_18,http://www.fntimes.com/html/view.php?ud=202605100001072547dd55077bc2_18,"Mon, 11 May 2026 00:02:00 +0900",2026-05-11 08:56:47
원자력,SMR 시장,현대·IPARK현산 통해 본 2Q 건설경기…해외·주택이 가른다,"해외·플랜트·원전 중심 포트폴리오를 갖춘 현대건설은 영업이익 감소에도 시장 기대치를 웃돌며 상대적인... 회사는 2분기 이후 미국 전기로 제철소와 팰리세이즈 SMR, 복정역세권 개발사업 등 핵심 프로젝트 수주가... ",http://www.fntimes.com/html/view.php?ud=202605092353585139dd55077bc2_18,http://www.fntimes.com/html/view.php?ud=202605092353585139dd55077bc2_18,"Mon, 11 May 2026 00:02:00 +0900",2026-05-11 08:56:47
원자력,SMR 시장,“원전 설계까지 AI가 맡는다”… 2028년 개발 앞두고 인허가 ‘관건’,"AI 기반 설계 기술은 대형 원전 대비 표준화·모듈화 비중이 높아 설계 자동화 적용이 유리한 SMR 시장에서 더 주목받고 있다. 다만 아직 자율설계 기술 활용에 대한 정부 차원의 기준이나 규제 체계가 없어, 시장 개척과... ",https://www.asiatoday.co.kr/kn/view.php?key=20260510010002170,https://www.asiatoday.co.kr/kn/view.php?key=20260510010002170,"Sun, 10 May 2026 17:42:00 +0900",2026-05-11 08:56:47
원자력,SMR 시장,"김정관, 美상무·OMB·에너지부 연쇄 회동…'한미 조선동맹' 실행기구 띄...",미국 내 신규 원전과 소형모듈원자로(SMR) 시장 확대 움직임 속에서 한국 기업 참여 가능성도 주요 의제로 거론된 것으로 전해졌다. 아울러 김 장관은 대표적인 지한파 의원으로 꼽히는 빌 해거티 테네시주 연방... ,https://view.asiae.co.kr/article/2026051016420645273,https://n.news.naver.com/mnews/article/277/0005760527?sid=101,"Sun, 10 May 2026 16:42:00 +0900",2026-05-11 08:56:47
원자력,SMR 시장,"‘SMR 시대’ 준비하는 韓…SK이노, 인허가 인력 확충",글로벌 SMR 시장은 기술 경쟁을 넘어 인허가와 규제 체계 구축 속도가 상용화 경쟁력을 좌우하는 국면으로 접어들고 있다. 미국에서는 테라파워가 미 원자력규제위원회(NRC)의 건설 허가를 획득하고 지난달 착공에... ,https://www.etoday.co.kr/news/view/2582799,https://www.etoday.co.kr/news/view/2582799,"Sun, 10 May 2026 14:36:00 +0900",2026-05-11 08:56:47
원자력,SMR 시장,[토크ON] 경상북도지사 후보에게 듣는다 ② 오중기 더불어민주당 예비후...,요즘  SMR을 유치하기 위해 노력하고 있는데 경주에서는 일부 반대하고 있어서 정 안 되면 포항이라도... 정부와의 소통도 중요한데 이번 선거에서 제일 중요한 게 현실적으로 손에 다가오는 내용은 대구시장 예비후보와의... ,https://dgmbc.com/NewsArticle/839404,https://n.news.naver.com/mnews/article/657/0000051290?sid=100,"Sun, 10 May 2026 14:24:00 +0900",2026-05-11 08:56:47
방산/우주항공,방산 주가,"인텔리안테크, 우주-방산 안테나 등 사상 최대 실적 가시화 -iM證",iM증권이 인텔리안테크에 대해 우주·방산 안테나 등으로 올해 사상 최대 실적이 가시화될 것으로 전망했다. 목표주가나 투자의견은 제시하지 않았다. 이상헌 iM증권 연구원은 11일 &quot;글로벌 위성 인터넷 서비스... ,http://www.fnnews.com/news/202605110751370143,https://n.news.naver.com/mnews/article/014/0005519481?sid=101,"Mon, 11 May 2026 08:29:00 +0900",2026-05-11 08:56:48
방산/우주항공,방산 주가,"[N2 포커스] 사상 첫 7,500선 이후…코스피, 속도보다 ‘지속성·순환매...","나정환 NH투자증권 연구원은 &quot;주가지수가 단기에 급등했으나, 현재의 상승은 실적 상향에 기반한 흐름... 반도체와 전력기기를 중심축으로 유지하되, 에너지·방산·증권·수출 소비재 등으로 투자 범위를 확장하는... ",https://www.news2day.co.kr/article/20260510500040,https://www.news2day.co.kr/article/20260510500040,"Mon, 11 May 2026 06:26:00 +0900",2026-05-11 08:56:48
방산/우주항공,방산 주가,반도체 옆 함께 오른 업종 어디…증권·유통으로 번지는 순환매 기대,"상대적으로 덜 오른 업종으로는 호텔·레저, 소프트웨어, 제약·바이오 등이 거론되고, 실적 추정치 상향에 비해 주가 반응이 상대적으로 덜했던 증권, 방산, 조선, 화장품 등도 유력한 순환매 후보군으로 꼽힌다. 증권... ",https://www.etoday.co.kr/news/view/2582895,https://www.etoday.co.kr/news/view/2582895,"Mon, 11 May 2026 06:02:00 +0900",2026-05-11 08:56:48
방산/우주항공,방산 주가,[민영화 재점화] 방산 고공행진 KAI 몸값 껑충…새주인 찾기 촉각,"KF-21 보라매 양산이라는 역사적 이정표를 세운데다, K-방산이 연일 고공행진하고 있어 ‘지금이 적기’... 주가도 가파르다. 지난 8일 종가(16만6800원) 기준 시가총액은 16조2588억원에 달한다. 작년 말 10만~11만원... ",https://www.dnews.co.kr/uhtml/view.jsp?idxno=202605081822519500077,https://www.dnews.co.kr/uhtml/view.jsp?idxno=202605081822519500077,"Mon, 11 May 2026 05:40:00 +0900",2026-05-11 08:56:48
방산/우주항공,방산 주가,불장에 황제주 10개로 늘었다…다시 고개 든 ‘액면분할론’,반도체·전력기기·방산·지주사 등 불장을 이끈 주도주가 줄줄이 고가주 반열에 오르면서 지난해 말 4개에 그쳤던 황제주는 10개로 불어났다. 황제주가 증가하면서 액면분할 논의도 함께 부각될 수 있다는... ,https://www.etoday.co.kr/news/view/2582700,https://www.etoday.co.kr/news/view/2582700,"Mon, 11 May 2026 05:02:00 +0900",2026-05-11 08:56:48
방산/우주항공,방산 주가,"[사설] 점심값조차 부담, 고비용 사회 피해 계층 보호정책 마련 나서야","코스피는 8,000선을 바라보고, 수출은 역대 최고 수준을 이어가며, 반도체·방산·조선·인공지능(AI) 관련... 주가는 글로벌 유동성과 미래 기대가 밀어 올리지만 식사비는 국제유가와 곡물 가격, 환율이 결정한다. 현재... ",https://www.imaeil.com/page/view/2026051017281396726,https://n.news.naver.com/mnews/article/088/0001009229?sid=110,"Mon, 11 May 2026 05:01:00 +0900",2026-05-11 08:56:48
방산/우주항공,방산 주가,안규백 국방장관 방미…호르무즈서 피격 '나무호' 대응 논의 관심,"전시작전통제권(전작권) 전환 시점, 핵추진잠수함(핵참) 연료 도입을 위한 양국 간 협조 등이 주가 이룰... 입법부의 지원 협조와 조선업 유지·보수·운영(MRO) 등 방산 협력 방안에 대한 논의도 이어갈 것으로 예상된다.",https://www.news1.kr/world/usa-canada/6162074,https://n.news.naver.com/mnews/article/421/0008936216?sid=104,"Mon, 11 May 2026 00:33:00 +0900",2026-05-11 08:56:48
방산/우주항공,우주항공 산업,"현대로템, 한국항공대와 발사체·위성 기술 개발 나선다","현대로템은 한국항공대학교와 우주산업 분야 기술 개발 업무협약(MOU)을 체결했다고 11일 밝혔다. 협약식은 지난 8일 서울 송파구에서 열렸으며, 이용배 현대로템 사장과 허희영 한국항공대 총장 등 관계자들이 참석했다.... ",https://view.asiae.co.kr/article/2026051108455978216,https://n.news.naver.com/mnews/article/277/0005760649?sid=101,"Mon, 11 May 2026 08:45:00 +0900",2026-05-11 08:56:49
방산/우주항공,우주항공 산업,"당진시, 무인이동체 해안임무 실증시험장 개소","향후 당진시는 한국항공우주연구원과의 협력을 바탕으로 드론 기업 유치와 산업 기반 조성을 추진하고, 기술개발부터 실증, 산업화까지 원스톱으로 이어지는 'K-드론 산업 생태계'를 구축할 방침이다. 당진시 관계자는... ",http://www.chungnamilbo.co.kr/news/articleView.html?idxno=887574,http://www.chungnamilbo.co.kr/news/articleView.html?idxno=887574,"Mon, 11 May 2026 08:36:00 +0900",2026-05-11 08:56:49
방산/우주항공,우주항공 산업,[당진소식] 무인이동체 해안임무 실증시험장 개소 외,"드론 산업 전주기 생태계 구축을 위한 본격적인 추진에 나섰다. 이날 행사에는 과학기술정보통신부, 우주항공청, 해양경찰청 관계자와 한국항공우주연구원 등 주요 기관 인사와 한국전자기술연구원 등 사업수행 관계자가... ",https://daily.hankooki.com/news/articleView.html?idxno=1365489,https://daily.hankooki.com/news/articleView.html?idxno=1365489,"Mon, 11 May 2026 08:32:00 +0900",2026-05-11 08:56:49
방산/우주항공,우주항공 산업,당진에 무인이동체 해안임무 실증시험장 개소,당진시 드론산업지원센터에서는 과학기술정보통신부와 우주항공청 관계자 등이 참석한 가운데 무인이동체 해안임무 실증시험장 개소식이 열렸습니다. 시험장에서는 앞으로 당진 지역 해풍과 염분 등 다양한 해안 기상... ,http://news.lghellovision.net/news/articleView.html?idxno=542467,http://news.lghellovision.net/news/articleView.html?idxno=542467,"Mon, 11 May 2026 08:28:00 +0900",2026-05-11 08:56:49
방산/우주항공,우주항공 산업,"2026 사천에어쇼, 우주항공방위산업전과 함께 열린다",2026년 사천에어쇼가 오는 10월 22~25일 사천비행장 일원에서 우주항공방위산업전과 통합 운영돼 대규모로 열린다. 사천에어쇼 추진위원회(위원장 김제홍 사천시 부시장)는 지난 7일 시청 대회의실에서 상반기... ,http://www.knnews.co.kr/news/articleView.php?idxno=1541290,http://www.knnews.co.kr/news/articleView.php?idxno=1541290,"Mon, 11 May 2026 08:22:00 +0900",2026-05-11 08:56:49
방산/우주항공,우주항공 산업,"[더벨][모태 2026 2차 정시출자] 출자금 대폭 늘린 뉴스페이스, 규모별 ...",컴퍼니케이파트너스는 우주 항공 분야에 선제적으로 투자를 시작한 하우스 중 한 곳으로 트랙레코드가... 뉴스페이스 분야 주목적 투자대상은 우주산업과 관련된 기업에 약정총액의 60% 이상을 투자하는 것이다.... ,https://www.thebell.co.kr/free/content/ArticleView.asp?key=202605081025504520102010,https://www.thebell.co.kr/free/content/ArticleView.asp?key=202605081025504520102010,"Mon, 11 May 2026 07:02:00 +0900",2026-05-11 08:56:49
방산/우주항공,우주항공 산업,[후보의 자격] 지역소멸 해법 열쇠 청년·여성,심현철 무소속 통영시장 후보는 조선산업 구조 고도화를 제시했다. 손태영 민주당 의령군수 후보는 진주(우주항공)와 창원(방산·제조업) 중간 지점에 의령이 있다는 점을 들어서 공공 스마트 물류센터 건립을 제안했다.... ,https://www.idomin.com/news/articleView.html?idxno=2005366,https://www.idomin.com/news/articleView.html?idxno=2005366,"Mon, 11 May 2026 07:00:00 +0900",2026-05-11 08:56:49
방산/우주항공,우주항공 산업,"[창간기획] KB금융, 딥테크·반도체·해상풍력 생산적 금융 '전방위 공급...",첨단산업 육성 및 지역균형 발전을 위한 펀드 조성 등 자금 공급에 속도를 내고 있다. 10일 금융권에 따르면... 에너지 △로봇 △사이버보안·네트워크 △우주항공·해양 △차세대 원전 △양자기술 등 9개 분야를... ,https://www.g-enews.com/view.php?ud=202605081423141068bb91c46fcd_1,https://www.g-enews.com/view.php?ud=202605081423141068bb91c46fcd_1,"Mon, 11 May 2026 05:00:00 +0900",2026-05-11 08:56:49
방산/우주항공,우주항공 산업,[6·3 지방선거 D-23] ‘경남위기 해결’ 공약 현실화,"경남4대교통망해결위원회는 민홍철·김정호 위원장이 맡아 서부경남 KTX, 가덕도신공항 철도 등 조기 착공을 추진하고, 세계1등산업해결위원회는 허성무 위원장이 맡아 우주항공·조선·방산·원전 등 경남 주력산업의... ",http://www.knnews.co.kr/news/articleView.php?idxno=1541223,http://www.knnews.co.kr/news/articleView.php?idxno=1541223,"Sun, 10 May 2026 21:44:00 +0900",2026-05-11 08:56:49
방산/우주항공,우주항공 산업,"현대차그룹·KAI, 하늘길 모빌리티 협약… &quot;글로벌 K-AAM 개발&quot; 속도",ㅣ각 사 현대자동차그룹과 한국항공우주산업(KAI)이 미래 항공 모빌리티 시장 공략을 위해 손을 잡았다. 현대차그룹은 지난 8일 서울 서초구 현대자동차·기아 본사에서 장재훈 현대차그룹 부회장과 김종출 KAI 사장... ,http://www.biztribune.co.kr/news/articleView.html?idxno=353669,http://www.biztribune.co.kr/news/articleView.html?idxno=353669,"Sun, 10 May 2026 21:24:00 +0900",2026-05-11 08:56:49
방산/우주항공,우주항공 산업,사천시 '2026 사천에어쇼' 준비 본격 착수,/ 사천시 대한민국 우주항공산업 중심도시 도약에 속도를 내고 있는 사천시가 '2026 사천에어쇼'를 글로벌 산업 플랫폼으로 확대하기 위한 본격적인 준비에 착수했다. 시는 지난 7일 시청 대회의실에서 사천에어쇼... ,http://www.gnmaeil.com/news/articleView.html?idxno=586247,http://www.gnmaeil.com/news/articleView.html?idxno=586247,"Sun, 10 May 2026 21:10:00 +0900",2026-05-11 08:56:49
방산/우주항공,우주항공 산업,제31주년 사천시민의 날 시청서 정례조회·기념식,대한민국 우주항공 산업의 중심축으로 급부상한 사천시가 통합 31주년을 맞아 더 큰 도약과 미래 경쟁력 확보를 위한 의지를 다시 한번 분명히 했다. 사천시는 지난 8일 시청 대강당에서 5월 정례조회와 함께 제31주년... ,http://www.gnmaeil.com/news/articleView.html?idxno=586256,http://www.gnmaeil.com/news/articleView.html?idxno=586256,"Sun, 10 May 2026 21:10:00 +0900",2026-05-11 08:56:49
방산/우주항공,우주항공 산업,"김경수 경남도지사 후보, '척척 착착 선대위' 출범",세계1등산업해결위원회는 허성무 위원장이 맡아 우주항공·조선·방산·원전 등 경남 주력산업 초격차 전략을 이끈다. 의료사각지대해결위원회는 김영수 경상국립대 의대 교수가 맡아 공공의료 확충과 지역완결형... ,https://www.newsis.com/view/NISX20260510_0003623468,https://n.news.naver.com/mnews/article/003/0013935998?sid=102,"Sun, 10 May 2026 20:52:00 +0900",2026-05-11 08:56:49
방산/우주항공,우주항공 산업,김경수 '선거대책위' 구성 … &quot;경남 해법 찾고 공약 현실화&quot;,"각 위원회는 서부경남 KTX 및 가덕도 신공항 철도 조기 착공, 우주항공·조선·방산·원전 등 경남 주력산업 초격차, 공공의료 확충 및 지역완결형 의료체계 구축, 청년 자산 형성 및 인재 귀환 프로젝트 추진, 2차 공공기관... ",https://view.asiae.co.kr/article/2026051020341327152,https://n.news.naver.com/mnews/article/277/0005760565?sid=102,"Sun, 10 May 2026 20:37:00 +0900",2026-05-11 08:56:49
방산/우주항공,K방산 수출,[일요서울 4기 독자 위원회 1671호 모니터링] 건강을 위한 비만 치료제는...,기사원문 : https://www.ilyoseoul.co.kr/news/articleView.html?idxno=516183 - 국제 방산 시장 환경 녹록지 못해 박배진 위원 : [154억 달러 수출에도 못 웃는 K-방산 협력업체… 커지는 현지생산 딜레마]를 읽고 이야기하고자 합니다.... ,https://www.ilyoseoul.co.kr/news/articleView.html?idxno=516736,https://www.ilyoseoul.co.kr/news/articleView.html?idxno=516736,"Mon, 11 May 2026 08:30:00 +0900",2026-05-11 08:56:50
방산/우주항공,K방산 수출,"K-방산 주주라면 필독… 1조 6천억 美 하이마스 독식, 한화 '천무' 운명...",록히드마틴이 보여준 13%의 이익률은 한국의 K-방산이 단순한 수출 물량 확대를 넘어 고부가가치 서비스와 MRO 시장에서 확보해야 할 '수익성의 가이드라인'을 제시하고 있다. 김주원 글로벌이코노믹 기자,https://www.g-enews.com/view.php?ud=202605110658399745fbbec65dfb_1,https://www.g-enews.com/view.php?ud=202605110658399745fbbec65dfb_1,"Mon, 11 May 2026 07:26:00 +0900",2026-05-11 08:56:50
방산/우주항공,K방산 수출,&quot;기사 틀렸다&quot; 언론사 들이닥친 대기업 법무팀…이유 있었다 [조철오의...,문제가 있습니다.” (한화그룹 법무팀 변호사 A씨) “해외로 뻗어나가려는 K방산이 한국경제신문의 보도로 수출에 방해를 받을 수 있습니다.” (검사 출신 변호사 B씨) 2024년 5월 30일 오후 2시께 한화그룹 법무팀 소속... ,https://www.hankyung.com/article/202605106697i,https://n.news.naver.com/mnews/article/015/0005285165?sid=101,"Mon, 11 May 2026 07:01:00 +0900",2026-05-11 08:56:50
방산/우주항공,K방산 수출,내 기름값·가전값 왜 오르나…관세·방위비·통행료 '3중 폭탄' 터졌다,"이 수치가 3%를 넘어서는 시점이 기업 세 부담 변곡점이자 K-방산 수출 확대 가속 시점을 동시에 가리킨다. 현재 2.7%에서 3% 돌파까지의 속도가 관건이다. 안보를 '비용'으로 청구받는 시대에, 이를 '투자'로 전환하는... ",https://www.g-enews.com/view.php?ud=20260511055153263fbbec65dfb_1,https://www.g-enews.com/view.php?ud=20260511055153263fbbec65dfb_1,"Mon, 11 May 2026 06:30:00 +0900",2026-05-11 08:56:50
방산/우주항공,K방산 수출,"미국엔 조선소, 캐나다엔 잠수함…K조선 안보시장 커진다",계기로 방산·조선·에너지·첨단기술 협력을 묶은 장기 파트너십 구축을 추진하고 있다. 美 조선소 재건에... 현재까지 유력한 대미 투자 프로젝트로는 루이지애나주 LNG 수출 터미널 건설과 신규 원전 건설 등 에너지... ,https://www.nocutnews.co.kr/news/6514763?utm_source=naver&utm_medium=article&utm_campaign=20260511062954,https://n.news.naver.com/mnews/article/079/0004145251?sid=101,"Mon, 11 May 2026 05:01:00 +0900",2026-05-11 08:56:50
방산/우주항공,K방산 수출,"K-방산 빅4, 1분기 영업익 1조 돌파…올해 성장세 지속","성공하며 K-방산 성장세를 이어갔다. 네 업체 모두 매출과 영업이익이 지난해 같은 기간보다 증가했으며, 업계에서는 글로벌 수출 확대를 바탕으로 올해도 성장 흐름이 지속될 것으로 보고 있다. ◆방산 1분기... ",https://news.tf.co.kr/read/economy/2320634.htm,https://n.news.naver.com/mnews/article/629/0000497881?sid=101,"Mon, 11 May 2026 00:01:00 +0900",2026-05-11 08:56:50
방산/우주항공,K방산 수출,"&quot;잠수함은 육군, 전투함은 공군&quot;… 방사청, 인사 실험으로 또 다시 혼란...",유 의원은 &quot;지금은 K-방산 성장과 수출 확대를 위해 전문성이 어느 때보다 중요한 시기&quot;라며 &quot;방사청은 전문성을 고려한 인사가 방산 경쟁력의 핵심이라는 점을 명심해야 한다&quot;고 강조했다.,http://www.newsroad.co.kr/news/articleView.html?idxno=59153,http://www.newsroad.co.kr/news/articleView.html?idxno=59153,"Sun, 10 May 2026 23:04:00 +0900",2026-05-11 08:56:50
방산/우주항공,K방산 수출,"한화, KAI 지분 확대하며 4대 주주로…'인수합병'으로 가나","이날 종가 기준 약 9300억 원 규모로, K 방산 대표 기업 간 이례적인 대형 지분 투자가 이뤄진 것이다. 이로써 한화는 지난해 말 기준 한국수출입은행 지분율 약 26.4%, 국민연금 8.2%, 자산운용사 피델리티의 자회사 7.67%에... ",https://www.gnnews.co.kr/news/articleView.html?idxno=636568,https://www.gnnews.co.kr/news/articleView.html?idxno=636568,"Sun, 10 May 2026 20:06:00 +0900",2026-05-11 08:56:50
방산/우주항공,K방산 수출,"유용원 &quot;방사청, 잠수함팀장에 육군 추진…인사 전문성 우려&quot;",그는 &quot;캐나다 잠수함 수출사업 등을 앞둔 중요한 시기라는 것을 인식해야 한다&quot;며 &quot;K방산 성장과 수출 성공을 위해서는 전문성을 고려한 방사청 인사가 핵심요소 중의 하나라는 것을 각별히 명심해야 할 것&quot;이라고... ,https://www.newsis.com/view/NISX20260510_0003623413,https://n.news.naver.com/mnews/article/003/0013935926?sid=100,"Sun, 10 May 2026 18:33:00 +0900",2026-05-11 08:56:50
방산/우주항공,K방산 수출,유용원 의원 '방사청 인사 참사' 질타 vs 방사청 &quot;전문성 고려한 통합 인...,"유 의원은 과거 2015년에도 타군 장교를 교차 배치했다가 전문성 저하로 2년 만에 철회했던 실패 사례를 언급하며, 60조 원 규모의 캐나다 잠수함 수출 등 중차대한 사업을 앞둔 시점에 K-방산 경쟁력을 약화시킬 것이라고... ",https://news.bbsi.co.kr/news/articleView.html?idxno=4082740,https://news.bbsi.co.kr/news/articleView.html?idxno=4082740,"Sun, 10 May 2026 18:32:00 +0900",2026-05-11 08:56:50
방산/우주항공,K방산 수출,"실전의 한국이냐, 기술의 일본이냐… 방산 격전지 된 동남아",수십 년간 닫혀 있던 일본 방산 수출의 문이 열리면서 급성장 중인 동남아 방산 시장의 판도 역시 흔들릴 수 있다는 분석이다. 특히 동남아 각국은 남중국해 갈등과 미·중 전략 경쟁 속에서 각국마다 군 현대화에 속도를... ,http://www.fnnews.com/news/202605101813530394,https://n.news.naver.com/mnews/article/014/0005519354?sid=101,"Sun, 10 May 2026 18:16:00 +0900",2026-05-11 08:56:50
방산/우주항공,K방산 수출,"유용원 “방사청 잠수함사업팀장에 육군, 전투함사업팀장에 공군 등 전...","유 의원은 “방사청은 60조 원 규모의 캐나다 잠수함 수출사업 등을 앞둔 중요한 시기라는 것을 인식하고, K-방산 성장과 수출 성공을 위해 전문성을 고려한 인사가 핵심요소 중 하나라는 것을 각별히 명심해야 할 것”... ",https://www.munhwa.com/article/11587937?ref=naver,https://n.news.naver.com/mnews/article/021/0002790260?sid=100,"Sun, 10 May 2026 17:49:00 +0900",2026-05-11 08:56:50
방산/우주항공,K방산 수출,[기고] 누리호 이후…이제는 우주산업 생태계다,K방산 수출 확대와 함께 우리 첨단 제조 역량에 대한 국제적 관심이 빠르게 높아지고 있고 위성개발혁신센터·항공 MRO 등 관련 사업들도 속속 추진되고 있다. 하지만 이 모든 움직임을 하나의 산업 생태계로 통합할 제도적... ,https://www.mk.co.kr/article/12042698,https://n.news.naver.com/mnews/article/009/0005677790?sid=110,"Sun, 10 May 2026 17:37:00 +0900",2026-05-11 08:56:50
방산/우주항공,K방산 수출,제조부터 충전·관제까지 K드론 역량 세계 알린다,"정승호 아르고스다인 대표 K드론 '올인원 패키지'로 중국산 드론 견제 역할도 국내선 방산 기업과 협업... 있다&quot;면서 &quot;지난해부터 수출이 큰 폭으로 증가하고 있으며, 특히 유럽과 아시아에서 관심이 높다&quot;고 했다.... ",https://www.mk.co.kr/article/12042658,https://n.news.naver.com/mnews/article/009/0005677758?sid=101,"Sun, 10 May 2026 17:13:00 +0900",2026-05-11 08:56:50
방산/우주항공,K방산 수출,K방산 질주에 로펌도 달린다…불붙은 '별' 모시기 경쟁,"가속화하고, ‘K-무기’가 세계적으로 러브콜을 받으면서 국내 로펌들이 ‘방산팀’을 한층 강화하고 있다. 과거엔 사후 분쟁과 국내 자문이 많았다. 최근 들어선 수출 자문을 넘어 현지 공장 건설·기술이전·공급망... ",https://www.hankyung.com/article/2026051065191,https://n.news.naver.com/mnews/article/015/0005285053?sid=101,"Sun, 10 May 2026 17:08:00 +0900",2026-05-11 08:56:50
방산/우주항공,K방산 수출,"[힘내라 K산업]⑤“무인화 프리미엄” 통합 HD건설기계, 정기선식 시너...","북미 인프라 투자 확대와 신흥 시장의 자원 개발 수요를 동시에 공략하는 데 성공하며, 수출 비중은 역대... 및 방산용 엔진의 안정적인 성장세가 견조한 실적 개선을 뒷받침하고 있다”고 평가했다. 정기선 회장은 올초... ",https://www.asiatime.co.kr/article/20260510500190,https://www.asiatime.co.kr/article/20260510500190,"Sun, 10 May 2026 16:38:00 +0900",2026-05-11 08:56:50
철강/조선,철강 주가,장하준 “자사주 소각 유일한 기능은 ‘주가 띄우기’ 뿐…증시가 요술...,자사주 매입의 유일한 기능은 주가를 올리는 기능밖에 없다. 기업이 자사주를 소각한다고 기업 경영의... 좁은 주주의 시각에서 보면 현대차가 차 만드는 회사인데 왜 물류와 철강 사업을 하느냐고 물을 수 있다. 하지만... ,https://www.khan.co.kr/article/202605110600101,https://n.news.naver.com/mnews/article/032/0003444897?sid=101,"Mon, 11 May 2026 06:00:00 +0900",2026-05-11 08:56:51
철강/조선,철강 주가,"하나증권, 매경이코노미 베스트 리서치센터 기업분석 9년 연속 1위","2차전지·철강금속·화학 업종 애널리스트들이 협업해 배터리 관련 글로벌 자본 및 정책 흐름을 전망하고, 공급망 재편 속에서 수직계열화 강도가 높은 투자 유망 종목을 제시했다. 해당 보고서 이후 관련 업체들 주가가... ",https://www.mk.co.kr/article/12042563,https://n.news.naver.com/mnews/article/009/0005677679?sid=101,"Sun, 10 May 2026 16:04:00 +0900",2026-05-11 08:56:51
철강/조선,철강 주가,"韓 물가·금리 부담에 시험대 선 코스피 7500…반도체 랠리, 순환매로 번...","증권·철강·상사 자본재 업종도 강세를 보였다. 반면 화장품·의류, 호텔·레저, 미디어, 건강관리 등 내수·성장 업종은 상대적으로 부진했다. 지난주 코스피 상승률은 2000년 이후 주간 기준 다섯 번째로 높았다. 이상준... ",https://www.ekn.kr/web/view.php?key=20260510023083392,https://www.ekn.kr/web/view.php?key=20260510023083392,"Sun, 10 May 2026 08:24:00 +0900",2026-05-11 08:56:51
철강/조선,철강 주가,PER 4배대 저평가 구간…현대코퍼레이션 재평가 가능성,하나증권은 최근 보고서를 통해 철강과 에너지 상용부품 등 주요 사업 부문이 동반 회복 국면에 진입하면서... 2026년 기준 실적 대비 주가수익비율(PER)과 주가순자산비율(PBR) 모두 부담이 크지 않은 수준으로 평가된다.... ,https://www.pinpointnews.co.kr/news/articleView.html?idxno=451561,https://www.pinpointnews.co.kr/news/articleView.html?idxno=451561,"Sun, 10 May 2026 07:50:00 +0900",2026-05-11 08:56:51
철강/조선,철강 주가,철강보다 리튬이 살렸다… POSCO홀딩스 실적 반전의 결정적 이유 보니,여기에 철강 업황 회복까지 더해질 경우 실적 개선 폭이 예상보다 커질 수 있다는 기대도 나온다. 키움증권은 POSCO홀딩스에 대해 목표주가 64만원과 투자의견 '매수(Buy)'를 유지했다.,https://www.pinpointnews.co.kr/news/articleView.html?idxno=451527,https://www.pinpointnews.co.kr/news/articleView.html?idxno=451527,"Sat, 09 May 2026 14:46:00 +0900",2026-05-11 08:56:51
철강/조선,철강 주가,이창대 대표 &quot;반도체 강세 이어 2차전지도 업황 반전 기대&quot; [경제일타강...,PER(주가수익비율)은 여전히 낮은 편&quot;이라고 말했다. 이어 &quot;SK하이닉스가 너무 고평가라서 더 이상 못 간다는... 이제 철강도 반덤핑 제재로 중국을 몰아내지만 중국산 배터리가 많이 배척받고 있거든요. 밀려나고... ,https://news.mtn.co.kr/news-detail/2026050717182329763,https://news.mtn.co.kr/news-detail/2026050717182329763,"Sat, 09 May 2026 10:00:00 +0900",2026-05-11 08:56:51
철강/조선,철강 주가,“매일 여자 갈아치운다”는 추남…성적 매력의 이유는 돈이었다? [히코...,"그의 눈에 철강 산업이 들어왔다. 앤드류 카네기가 지배하는 철강 산업에서, 모건은 여전히 무질서의 악취를... 1907년 구리 회사 유나이티드 코퍼 컴퍼니 주가가 폭락했다. 투자했던 은행들도 덩달아 무너졌다. 은행에... ",https://www.mk.co.kr/article/12040786,https://n.news.naver.com/mnews/article/009/0005677470?sid=103,"Sat, 09 May 2026 08:04:00 +0900",2026-05-11 08:56:51
철강/조선,철강 주가,[진정자의 세계 주식시장 이야기 | 진리·정의·자유] 시가총액 20위의 ...,"과거 석유와 철강이 산업혁명의 심장이었다면, 오늘날에는 GPU와 HBM, AI 서버와 데이터센터가 세계 경제의... 삼성전자가 사상 처음으로 1조 달러를 돌파하며 세계 11위에 오른 것은 단순한 주가 상승 이상의 의미를 가진다.... ",https://www.ajunews.com/view/20260509072913513,https://www.ajunews.com/view/20260509072913513,"Sat, 09 May 2026 07:44:00 +0900",2026-05-11 08:56:51
철강/조선,철강 주가,"미래에셋증권, 5월 둘째주 삼성전기 등 17종목 매수 추천","2026년 철강 부문 방어 + 철강 외 사업부 이익 개선. 목표주가를 62만원으로 29% 상향조정하고 투자의견은 매수 유지. 포스코퓨처엠(003670) 신규 시장 진입이 중요. 1분기 매출 7575억원(+36% QoQ), 영업이익... ",https://www.bigtanews.co.kr/article/view/big202605080022,https://www.bigtanews.co.kr/article/view/big202605080022,"Sat, 09 May 2026 07:12:00 +0900",2026-05-11 08:56:51
철강/조선,철강 주가,[GAM]A주 투자자 시각 전환① '싸지만 좋은' 3대 매력주 주목,"일부 종목의 큰 폭 조정은 전통적인 경기 민감 업종(철강, 알루미늄 등)에 대한 시장의 경기 전망 우려를 상당 부분 반영한 것으로 풀이된다. 자원 업종 대장주들의 주가 하락이 대표적이다. 서부증권 리포트에... ",https://www.newspim.com/news/view/20260508001162,https://www.newspim.com/news/view/20260508001162,"Sat, 09 May 2026 07:00:00 +0900",2026-05-11 08:56:51
철강/조선,철강 주가,트럼프 관세 또 제동 걸려… “의회 허가없는 무역전쟁 법적 타격”,"워싱턴주가 제기한 소송에 따른 것이다. 이날 재판부는 이들이 이미 납부한 관세를 이자와 함께 환급하라고... ● “자동차 등 韓 주력 수출 품목 영향은 제한적” 국내 산업계는 자동차, 철강 등 주력 수출 품목에는... ",https://www.donga.com/news/Inter/article/all/20260508/133889600/2,https://n.news.naver.com/mnews/article/020/0003718287?sid=104,"Sat, 09 May 2026 01:43:00 +0900",2026-05-11 08:56:51
철강/조선,철강 주가,"[올댓차이나] 대만 증시, 이익확정 매물로 닷새 만에 반락 마감…0.79%↓","주요 8대 업종 가운데 시장 비중이 절대적인 전자기기주가 1.01%, 시멘트·요업주 1.56%, 석유화학주 0.40... 97%, 철강주 중국강철 0.53%, 중화차 1.09%, 궈타이 건설 2.13%, 창룽해운 0.94%, 양밍해운 1.58%, 완하이 해운... ",https://www.newsis.com/view/NISX20260508_0003622502,https://n.news.naver.com/mnews/article/003/0013934398?sid=104,"Fri, 08 May 2026 19:43:00 +0900",2026-05-11 08:56:51
철강/조선,철강 주가,트럼프 관세 또 제동 걸려…“의회 허가없는 무역전쟁 법적 타격”,"워싱턴주가 제기한 소송에 따른 것이다. 이날 재판부는 이들이 이미 납부한 관세를 이자와 함께 환급하라고... ● “자동차 등 韓 주력 수출 품목 영향은 제한적” 국내 산업계는 자동차, 철강 등 주력 수출 품목에는... ",https://www.donga.com/news/Inter/article/all/20260508/133886166/1,https://n.news.naver.com/mnews/article/020/0003718222?sid=104,"Fri, 08 May 2026 17:14:00 +0900",2026-05-11 08:56:51
철강/조선,철강 주가,"10번의 경기침체도 버틴 월풀, 이란 전쟁에 백기 들었다","이 소식에 뉴욕증시에서 이날 월풀 주가는 장중 20% 이상 급락했다가 11.9% 하락으로 거래를 마쳤다. 지난... 지난달 발효된 새 관세는 가전제품 전체 가격의 25%를 일률 부과하는 방식으로, 비처 CEO는 “이전 정책은 철강... ",http://www.edaily.co.kr/news/newspath.asp?newsid=07544006645446952,https://n.news.naver.com/mnews/article/018/0006276133?sid=101,"Fri, 08 May 2026 16:38:00 +0900",2026-05-11 08:56:51
철강/조선,철강 주가,"外人 '또 투매', 코스피는 '최고치'...현대차 · LG '껑충'","계열 주가가 급등하며 코스피 지수에도 긍정 요인으로 작용했다. 다만 코스피의 연일 최고치 경신에... 업종별로는 자동차, 화장품, 식품주 등이 올랐고 원전, 건설, 조선, 2차전지, 철강, 전력기기, 방산주... ",http://www.choicenews.co.kr/news/articleView.html?idxno=164985,http://www.choicenews.co.kr/news/articleView.html?idxno=164985,"Fri, 08 May 2026 16:24:00 +0900",2026-05-11 08:56:51
철강/조선,조선 산업,"전남도, AI·에너지 미래산업 국비 71억원 확보",지역 산업계 한 관계자는 “전남은 재생에너지와 조선산업 기반이 탄탄하지만 기술 고도화 과제가 숙제로 꼽혀왔다”며 “이번 국비 확보로 지역 기업들이 AI와 자동화 기술을 접목해 경쟁력을 높일 수 있는 기반이... ,https://news.mtn.co.kr/news-detail/2026051107030338728,https://news.mtn.co.kr/news-detail/2026051107030338728,"Mon, 11 May 2026 08:22:00 +0900",2026-05-11 08:56:51
철강/조선,조선 산업,"AI 반도체 호황, 누군가는 소모품이었다",그런데 물값이나 전기료가 공업용이기 때문에 보통 사람들이 쓰는 것보다 더 싸게 공급될 것”이라며 “정부가 과거 조선·자동차 산업에 준 혜택을 지금은 반도체산업에 주고 있다. 반도체산업에서 예외적인 수익이... ,https://h21.hani.co.kr/arti/economy/economy_general/59317.html,https://n.news.naver.com/mnews/article/036/0000053585?sid=101,"Mon, 11 May 2026 08:22:00 +0900",2026-05-11 08:56:51
철강/조선,조선 산업,[AI 10년 전 오늘] 청년실업률 10.9% 사상 최고…고용시장 '제조업발 한...,"왜 (Why) 지속된 수출 부진과 제조업 생산 저하가 주요 원인이었으며, 특히 조선업 등 주력 산업의 본격적인 구조조정을 앞두고 채용 시장이 급격히 위축되었기 때문이다. 어떻게 (How) 조선업 구조조정이 예고된 거제... ",http://www.sisunnews.co.kr/news/articleView.html?idxno=236911,http://www.sisunnews.co.kr/news/articleView.html?idxno=236911,"Mon, 11 May 2026 08:00:00 +0900",2026-05-11 08:56:51
철강/조선,조선 산업,"전남 미래전략산업, 국비 확보로 탄력","전라남도가 역점적으로 추진하고 있는 AI와 에너지, 첨단조선 등 미래 전략산업이 국비 확보로 탄력을 받게 됐습니다. 전라남도는 중소벤처사업부의 지역혁신 선도기업 육성 사업에 23개 과제가 선정돼 71억 원의 국비를... ",https://kjmbc.co.kr/NewsArticle/1518069,https://kjmbc.co.kr/NewsArticle/1518069,"Mon, 11 May 2026 07:45:00 +0900",2026-05-11 08:56:51
철강/조선,조선 산업,"&quot;K조선, LNG선 집중은 제한된 소스 타개책…편중 아닌 고부가 전략&quot;","그는 &quot;조선산업은 업의 특성상 수주 측면에서 매우 비탄력적&quot;이라며 &quot;수주 당시 가장 이익이 나고, 제한된 소스 내에서 시장에서 많이 발주되는 고가 선박을 수주할 수밖에 없다. 현 시점에서 가장 적합한 대상이 LNG... ",http://www.fnnews.com/news/202605080821031442,https://n.news.naver.com/mnews/article/014/0005519453?sid=101,"Mon, 11 May 2026 06:59:00 +0900",2026-05-11 08:56:51
철강/조선,조선 산업,세운철강 2천만 톤 기록이 의미하는 것,"세운철강은 부산을 비롯해 창원·울산·포항·광양 등 주요 산업 거점에 가공센터를 갖추고, 자동차·가전·조선 등 기간산업에 필요한 소재를 가공·공급해왔다. 주목할 대목은 &quot;유통이 산업에서 무엇을 담당해 왔는가&quot;를 이... ",http://www.snmnews.com/news/articleView.html?idxno=569175,http://www.snmnews.com/news/articleView.html?idxno=569175,"Mon, 11 May 2026 06:38:00 +0900",2026-05-11 08:56:51
철강/조선,조선 산업,"[한태영의 人&amp;事 &lt;5&gt;] AI 앞 진짜 리더, 일의 의미 포착하는 서사 만든다","이코노미조선=한태영 광운대 산업심리학 교수 | 인공지능(AI)이 사람과 다름이 없어진다. 지능만 있는 게 아니다. 2024년과 2025년 ‘하버드 비즈니스’ 리뷰의 비교 실태를 보면, 1년 사이 사람들이 AI와 정서적인 심리... ",https://economychosun.com/site/data/html_dir/2026/05/04/2026050400031.html,https://economychosun.com/site/data/html_dir/2026/05/04/2026050400031.html,"Mon, 11 May 2026 06:16:00 +0900",2026-05-11 08:56:51
철강/조선,조선 산업,"교육부, AI·디지털 전환 전문대 35곳 선정…240억 투입","전국 35개 전문대학이 선정된 가운데, 대학들은 스마트농업·콘텐츠 창작·자동차·조선 등 지역 산업과 연계한 맞춤형 AI 교육 모델 구축에 나선다. 11일 교육계에 따르면 교육부와 한국연구재단은 '2026학년도 AID(AI... ",https://www.news1.kr/society/education/6160949,https://n.news.naver.com/mnews/article/421/0008936276?sid=102,"Mon, 11 May 2026 06:00:00 +0900",2026-05-11 08:56:51
철강/조선,조선 산업,"교육부, 'AI·디지털 전환' 전문대 사업단 24개 선정","울산과학대는 지역산업(자동차, 조선 등)의 중소기업 등 산업체에 소속된 전문가를 AI 교육과정 구성에 참여시켜 학생들이 현장에서 필요로 하는 AI 활용법을 익히도록 할 예정이다. 연암대와 혜전대는 지역 산업과... ",https://www.newsis.com/view/NISX20260510_0003623178,https://n.news.naver.com/mnews/article/003/0013936095?sid=102,"Mon, 11 May 2026 06:00:00 +0900",2026-05-11 08:56:51
철강/조선,조선 산업,"정부, 전문대 AI 전환 이끌 24개 사업단 선정…2년간 재정 지원",울산과학대는 자동차·조선 등 지역산업 분야의 중소기업 전문가를 교육과정 구성에 참여시켜 현장 수요에 맞는 AI 활용 교육을 추진한다. 연암대와 혜전대는 스마트 농업 분야에 특화한 연합형 사업단을 운영한다.... ,https://www.newspim.com/news/view/20260508001034,https://www.newspim.com/news/view/20260508001034,"Mon, 11 May 2026 06:00:00 +0900",2026-05-11 08:56:51
철강/조선,조선 산업,"교육부, AI·DX 선도할 전문대 사업단 24개 선정","울산과학대는 지역 산업(자동차, 조선 등) 중소기업 등 산업체 전문가를 AI 교육과정 구성에 참여시킬 예정이고 연암대와 혜전대는 지역 산업과 연계해 스마트 농업에 집중한다. 24개 사업단은 강점 분야와 지역... ",https://www.yna.co.kr/view/AKR20260508151400530?input=1195m,https://n.news.naver.com/mnews/article/001/0016068504?sid=102,"Mon, 11 May 2026 06:00:00 +0900",2026-05-11 08:56:51
철강/조선,조선 산업,[사설] 한미 조선동맹 ‘마스가’ 출항…통상갈등 해소 밑거름 되기를,한미가 조선 산업이라는 공통 이익의 영역에서 협력 관계를 굳건히 다진다면 여타 민감한 통상 문제들도 해결의 실마리를 찾을 수 있을 것이다. 정부는 한미 ‘마스가’ 협력이 안보 측면에서 중요하다는 점을 직시해야... ,https://www.sedaily.com/article/20042257?ref=naver,https://n.news.naver.com/mnews/article/011/0004619259?sid=110,"Mon, 11 May 2026 00:06:00 +0900",2026-05-11 08:56:51
철강/조선,조선 산업,조선업 원하청 임금격차실태 첫 조사,"자료이미지 / 아이클릭아트 울산의 주력 산업인 조선업에 대한 원·하청 간 임금 격차 실태조사가 처음으로 진행된다. 조사 결과에 따라 원·하청간 격차 완화 등 노동시장 이중 구조 개선, 더 나아가 청년층 중심의 조선업... ",https://www.ksilbo.co.kr/news/articleView.html?idxno=1056335,https://www.ksilbo.co.kr/news/articleView.html?idxno=1056335,"Mon, 11 May 2026 00:04:00 +0900",2026-05-11 08:56:51
철강/조선,선박 수주,"[더벨]삼성바이오로직스, 준법투쟁 전환 '낮은 락인 CDMO' 부담",론자·후지필름 등 글로벌 경쟁사와 국내 후발주자까지 치고 올라오는 상황에 수주 공백 리스크가 부각되는... 선박 건조 지연이나 신차 출시 지연은 손해 산정이 비교적 명확하고 위약금 조항도 그에 맞게 설계된다.... ,https://www.thebell.co.kr/free/content/ArticleView.asp?key=202605071321277960106879,https://www.thebell.co.kr/free/content/ArticleView.asp?key=202605071321277960106879,"Mon, 11 May 2026 08:12:00 +0900",2026-05-11 08:56:52
철강/조선,선박 수주,"&quot;기름 한 방울 없이 운항&quot;…한화오션, '100% 암모니아' 추진선 상용화 '...",좌우하는 핵심 요소로 자리 잡고 있다는 분석이 나온다. 특히 과거 외형 성장 중심의 저가 수주 경쟁에서 벗어나 친환경·고부가가치 선박 중심의 선별 수주 전략이 조선업 전반으로 확대되고 있다는 평가다. 포인트경제,https://www.pointe.co.kr/news/articleView.html?idxno=79275,https://www.pointe.co.kr/news/articleView.html?idxno=79275,"Mon, 11 May 2026 08:00:00 +0900",2026-05-11 08:56:52
철강/조선,선박 수주,AI 전력 수요 폭증 &quot;납기 빨라? 당장 가져와&quot; [여의도 Pick!],HD현대중공업 역시 최근 미국 에이페리온 에너지 그룹(AEG)과 선박엔진 '힘센'(HiMSEN) 기반 발전설비 공급 계약을 체결했습니다. 해당 계약은 6271억원 규모로 HD현대중공업이 수주한 발전용 엔진 계약 가운데 최대입니다.... ,https://news.mtn.co.kr/news-detail/2026051107492525558,https://news.mtn.co.kr/news-detail/2026051107492525558,"Mon, 11 May 2026 07:52:00 +0900",2026-05-11 08:56:52
철강/조선,선박 수주,"韓 선박엔진, DF 타고 실적 '훈풍'…데이터센터 기대도","실제로 한화엔진의 지난 1분기 신규 선박엔진 수주 1만1876건 중 79%에 해당하는 9323건이 DF엔진 수요로 집계됐다. HD현대중공업 역시 1분기 엔진기계 부문 성적 반등 배경으로 DF 비중 확대, 판가 상승 등을 꼽은 바... ",https://www.sisaon.co.kr/news/articleView.html?idxno=200917,https://www.sisaon.co.kr/news/articleView.html?idxno=200917,"Mon, 11 May 2026 07:30:00 +0900",2026-05-11 08:56:52
철강/조선,선박 수주,"[더벨][IR Briefing] HD한국조선 &quot;엔진사업 호황 지속, 증설도 검토”",엔진기계 사업부는 현재 연간 약 3기가와트(GW) 수준의 생산능력을 보유하고 있다. 발전 물량과 선박용 엔진 물량을 고려했을 때 현재의 생산 능력으로는 다소 벅찬 상황이다. 이에 회사는 “데이터센터용 엔진 수요... ,https://www.thebell.co.kr/free/content/ArticleView.asp?key=202605071703168040107992,https://www.thebell.co.kr/free/content/ArticleView.asp?key=202605071703168040107992,"Mon, 11 May 2026 07:02:00 +0900",2026-05-11 08:56:52
철강/조선,선박 수주,"한화엔진 주가, 왜 한 달 새 100% 급등했나 봤더니… 답은 AI",선박 엔진 기업들의 데이터센터용 엔진 수주는 이미 현실화됐다. 핀란드 선박 엔진 기업 바르질라는 올해 1분기에만 데이터센터용 중속엔진 1.6GW(기가와트)를 수주했다. HD현대중공업은 미국 에너지 인프라 개발 기업... ,https://weekly.donga.com/3/all/11/6218041/1,https://n.news.naver.com/mnews/article/037/0000038134?sid=101,"Mon, 11 May 2026 07:02:00 +0900",2026-05-11 08:56:52
철강/조선,선박 수주,[비바100] 중동 전쟁에 뜨는 ‘K-공급망 데이터’… 물류 AI로 존재감 키...,"회사는 전 세계 45개 이상 주요 선사 데이터와 위성•지상 기반 선박자동식별시스템(AIS) 데이터, 입출항 정보(ATD/ATA) 등을 결합해 화물 위치와 상태를 실시간으로 제공하고 있다. 글로벌 주요 선사의 98% 수준까지... ",https://www.viva100.com/article/20260510500028,https://www.viva100.com/article/20260510500028,"Mon, 11 May 2026 06:14:00 +0900",2026-05-11 08:56:52
철강/조선,선박 수주,북극항로 개발 기대감...LNG선 이을 쇄빙선 시장 뜬다,"이번에 수주한 선박은 길이 126ｍ, 배수량 약 1만5000톤 규모다. 두께 1~1.2ｍ 얼음을 연속적으로 깨며 운항할 수 있는 'PC(Polar Class)4' 수준의 쇄빙 능력을 갖췄으며 친환경 전기추진체계가 적용됐다. 선박은 오는 2029년... ",https://www.ebn.co.kr/news/articleView.html?idxno=1708025,https://www.ebn.co.kr/news/articleView.html?idxno=1708025,"Mon, 11 May 2026 06:00:00 +0900",2026-05-11 08:56:52
철강/조선,선박 수주,"K조선 위상, 친환경 선박 수주로 계속된다",국내 조선업계가 친환경·고부가 선박 수주를 잇달아 따내며 글로벌 시장에서 존재감을 키우고 있습니다. HD한국조선해양은 LNG 이중연료 컨테이너선과 LPG 이중연료 운반선을 동시에 수주했고 삼성중공업과... ,https://news.ifm.kr/news/articleView.html?idxno=470650,https://news.ifm.kr/news/articleView.html?idxno=470650,"Mon, 11 May 2026 06:00:00 +0900",2026-05-11 08:56:52
철강/조선,선박 수주,"한미, 마스가 1호 MOU 체결","조선업계에선 양국 정부 간 공식 채널이 생긴 만큼 앞으로 조선 및 기자재 기업의 사업 수주나 각종 규제... 상선도 함께 만드는 경우가 많아 오가는 외부인이 많고, 바다 쪽으로 노출돼 있어 외부 선박이나 드론 등으로... ",https://www.chosun.com/economy/industry-company/2026/05/11/J6WOPULHZVBJNPTNXHRHS6LDDU/?utm_source=naver&utm_medium=referral&utm_campaign=naver-news,https://n.news.naver.com/mnews/article/023/0003975686?sid=101,"Mon, 11 May 2026 00:55:00 +0900",2026-05-11 08:56:52
철강/조선,선박 수주,"HD한국조선해양, 연간 수주목표 50% 코앞",이번에 수주한 초대형 가스운반선은 벙커C유와 액화석유가스(LPG)를 모두 사용할 수 있는 이중연료(DF) 엔진을 장착한 친환경 선박이다. 신규 수주한 컨테이너선과 초대형 가스운반선은 HD현대중공업에서 건조해... ,https://www.ksilbo.co.kr/news/articleView.html?idxno=1056317,https://www.ksilbo.co.kr/news/articleView.html?idxno=1056317,"Mon, 11 May 2026 00:04:00 +0900",2026-05-11 08:56:52
철강/조선,선박 수주,반도체 너머 조선·이차전지·건설…하반기 업종별 실적 희비 엇갈린다,올해 조선 4사의 합산 영업이익은 전년 대비 약 50% 이상 급증한 8.7조 원 수준에 달할 것으로 추정된다. 특히 고부가가치 선박인 LNG 운반선의 매출 비중이 확대되면서 하반기 영업이익률은 15%를 넘어설 것으로 보이며 이는... ,https://www.thefairnews.co.kr/news/articleView.html?idxno=76503,https://www.thefairnews.co.kr/news/articleView.html?idxno=76503,"Mon, 11 May 2026 00:00:00 +0900",2026-05-11 08:56:52
철강/조선,선박 수주,"HD한국조선해양, 2.1조 선박 수주","HD한국조선해양은 이번 수주를 포함해 올해 현재까지 총 94척, 108억1,000만달러 규모의 선박을 수주했다. 이는 연간 수주 목표 233억1,000만 달러의 46.4% 수준이다. 선종별로는 LNG운반선 12척, 컨테이너선 26척, LPG... ",https://www.ulsanpress.net/news/articleView.html?idxno=574825,https://www.ulsanpress.net/news/articleView.html?idxno=574825,"Sun, 10 May 2026 21:42:00 +0900",2026-05-11 08:56:52
철강/조선,선박 수주,"HD한국조선해양, 2.1조 규모 선박 8척 수주",전체 수주 금액은 2조 1천 308억 원으로 HD현대중공업에서 건조해 2029년까지 선주사에 인도할 예정입니다. HD한국조선해양은 이번 수주로 올해들어 108억 1천만 달러를 수주해 연간 수주 목표 233억 달러의 46.4%를... ,https://news.kbs.co.kr/news/pc/view/view.do?ncd=8557151&ref=A,https://n.news.naver.com/mnews/article/056/0012178182?sid=101,"Sun, 10 May 2026 21:24:00 +0900",2026-05-11 08:56:52
철강/조선,선박 수주,"청와대, 국내 조선소 MRO 사업장 보안 대책 회의...美 “기밀 유출 우려...","당시 해당 승조원은 군수 지원함 인근을 중국·러시아 국적 선박이 지나가는 것을 확인하고, 이를 미... 국내 업체들은 최대 20조원 규모로 추정되는 미 해군 MRO 시장에서 수주를 확대하고, 이를 발판으로 향후 신조 시장... ",https://www.chosun.com/economy/industry-company/2026/05/10/DB45ILX62VCOHNQF4P6SWXQMCQ/?utm_source=naver&utm_medium=referral&utm_campaign=naver-news,https://n.news.naver.com/mnews/article/023/0003975605?sid=101,"Sun, 10 May 2026 20:38:00 +0900",2026-05-11 08:56:52
철강/조선,선박 수주,‘북미 잠행’ 김정관 장관 귀국…한·미 ‘마스가 MOU’ 등 성과,선박해양플랜트연구소가 주관하고 한국조선해양플랜트협회가 참여한다. 올해 예산은 66억원 규모다. 김... 앞서 김 장관은 미국 방문 전 캐나다를 찾아 60조원 규모의 초계 잠수함 프로젝트(CPSP) 수주전을 펼쳤다. CPSP는... ,https://www.khan.co.kr/article/202605102028005,https://n.news.naver.com/mnews/article/032/0003444841?sid=101,"Sun, 10 May 2026 20:28:00 +0900",2026-05-11 08:56:52
에너지/석유,에너지 주가,"꿈의 8000피 넘보는 韓증시…중복상장 규제 꺼낸 당국, 체질 개선 속도",'코리아 디스카운트'란 한국 기업의 주가가 비슷한 수준의 외국 기업에 비해 상대적으로 낮은 평가를 받는... LG화학·LG에너지솔루션 물적분할과 두산밥캣·두산로보틱스의 합병 등이 논란이 됐다. 국내 중복상장 비율은... ,https://www.sentv.co.kr/article/view/sentv202605110006,https://www.sentv.co.kr/article/view/sentv202605110006,"Mon, 11 May 2026 08:48:00 +0900",2026-05-11 08:56:53
에너지/석유,에너지 주가,"iM증권, LG엔솔 목표주가↑…&quot;미국 ESS 시장 수요 견조할 것&quot;",iM증권은 LG에너지솔루션이 미국 시장에서 가파른 매출 상승세를 보일 것이라며 목표주가를 56만원에서 62만원으로 상향했다고 밝혔다. 정원석 연구원은 에너지저장장치(ESS)가 인공지능데이터센터(AIDC)의 핵심으로... ,https://www.yna.co.kr/view/AKR20260511024000008?input=1195m,https://n.news.naver.com/mnews/article/001/0016068612?sid=101,"Mon, 11 May 2026 08:44:00 +0900",2026-05-11 08:56:53
에너지/석유,에너지 주가,"뉴에너지 키운 삼성E&amp;A, ‘중동 재건’ 수혜 올라탈까","삼성E&amp;A 주가는 2월 27일 3만6400원에서 4월 30일 5만3100원으로 45.9% 상승했다. 이어 5월 7일에는 6만4400원을 기록해 전일(5만3000원) 대비 1만1400원(21.5%) 올랐다. 삼성E&amp;A는 일본 최대 에너지 기업 인펙스(INPEX), 미국... ",http://www.datanews.co.kr/news/article.html?no=144651,http://www.datanews.co.kr/news/article.html?no=144651,"Mon, 11 May 2026 08:44:00 +0900",2026-05-11 08:56:53
에너지/석유,에너지 주가,"[모닝 리포트] LG엔솔, 목표가 62만원 상향...&quot;ESS가 실적 회복 견인&quot;",iM증권은 11일 LG에너지솔루션에 대해 목표주가를 기존 56만원에서 62만원으로 상향 조정하고 투자의견 '매수'를 유지했다. 인공지능 데이터센터(AIDC) 확산에 따른 에너지저장장치(ESS) 수요 구조의 근본적 변화가... ,https://www.newspim.com/news/view/20260511000033,https://www.newspim.com/news/view/20260511000033,"Mon, 11 May 2026 08:26:00 +0900",2026-05-11 08:56:53
에너지/석유,에너지 주가,"SK이노베이션, 고유가에 ESS까지 기회 열렸다…목표가 19만원으로 상향...",SK이노베이션이 고유가와 에너지저장장치(ESS) 시장 확대의 동시 수혜를 받을 수 있다는 분석이 나왔다.... 목표주가를 19만원으로 올렸다. 지난 8일 종가 13만 4700원 기준 상승 여력은 41.1%다. 전 연구원은 “중동... ,http://www.edaily.co.kr/news/newspath.asp?newsid=02102486645447936,https://n.news.naver.com/mnews/article/018/0006278057?sid=101,"Mon, 11 May 2026 08:19:00 +0900",2026-05-11 08:56:53
에너지/석유,에너지 주가,트럼프 &quot;이란 답변 용납 불가&quot;…유가 급등·美증시 선물 하락,국제에너지기구(IEA)는 이번 분쟁이 “역사상 가장 큰 공급 충격”을 초래하고 있다고 밝힌 바 있다. S&amp;P500... 뉴질랜드은행의 제이슨 웡 전략가는 “트럼프의 이란 평화안 거부로 이번 주가 ‘위험 회피’ 모드로... ,http://www.edaily.co.kr/news/newspath.asp?newsid=02099206645447936,https://n.news.naver.com/mnews/article/018/0006278056?sid=101,"Mon, 11 May 2026 08:18:00 +0900",2026-05-11 08:56:53
에너지/석유,에너지 주가,[굿모닝 마켓] S&amp;P500·나스닥 모두 사상 최고치 또다시 경신,"시장의 폭이 좁다 보니 주간 기준으로 봤을 때에도 다우지수와 S&amp;P 500과 나스닥과의 격차가 커지고... 에너지를 제외한 물가까지도 오르고 있다는 것이 확인될 경우에는 인플레이션이 대한 걱정이 커지고, 연준의 매파적... ",https://biz.sbs.co.kr/article_hub/20000309346?division=NAVER,https://n.news.naver.com/mnews/article/374/0000509207?sid=101,"Mon, 11 May 2026 08:14:00 +0900",2026-05-11 08:56:53
에너지/석유,에너지 주가,"롯데웰푸드, '군살' 빼니 이익 118% 폭발…'비효율 혁신' 통했다",하반기 전망에 대해 이 연구원은 중동 전쟁에 따른 에너지·물류·포장재 비용 상승 부담이 잔존하지만... 있어 성장 기대감이 한층 높아졌다고 평가했다. 다올투자증권은 롯데웰푸드에 대한 적정주가 15만원을 유지했다.,http://www.ftoday.co.kr/news/articleView.html?idxno=358675,http://www.ftoday.co.kr/news/articleView.html?idxno=358675,"Mon, 11 May 2026 08:08:00 +0900",2026-05-11 08:56:53
에너지/석유,석유 시장,"[키-리포트] 유진 &quot;금호석유화학, 안정적인 수익성 유지&quot;","금호석유화학은 1분기 매출액 1조8000억원, 영업이익 594억원, 순이익 963억원을 기록했다. 황성현 유진투자증권 연구원은 이번 실적에 대해 &quot;시장 기대치와 당사 추정치를 하회하는 부진한 실적&quot;이라며 &quot;다만 지분법이익... ",http://www.newsdream.kr/news/articleView.html?idxno=112015,http://www.newsdream.kr/news/articleView.html?idxno=112015,"Mon, 11 May 2026 08:52:00 +0900",2026-05-11 08:56:53
에너지/석유,석유 시장,중동 리스크에 기름값 폭발…오늘 주유소 가기 전 확인해야 할 수치,11일 기준 국제 석유 시장에서 브렌트유는 전 거래일 대비 3.09달러(3.05%) 급등한 배럴당 104.38달러에 거래를 마쳤다. 서부텍사스산원유 역시 2.83달러(2.97%) 오른 98.25달러를 기록하며 100달러 선 턱밑까지 차올랐다. 중동의... ,https://www.wikitree.co.kr/articles/1135832,https://www.wikitree.co.kr/articles/1135832,"Mon, 11 May 2026 08:48:00 +0900",2026-05-11 08:56:53
에너지/석유,석유 시장,[오늘의 브릿지경제 1면] AI 알고리즘 담합도 잡는다⋯ 공정거래법 개정...,부동산 시장이 다시 거래 위축 국면에 들어가는 분위기다. 10일 부동산 업계에 따르면 서울과 경기 일부... 시달리던 석유화학업계에 다소 숨통이 트였다. 정부 지원과 도입선 다변화로 나프타 확보 물량이 전쟁... ,https://www.viva100.com/article/20260510500481,https://www.viva100.com/article/20260510500481,"Mon, 11 May 2026 08:26:00 +0900",2026-05-11 08:56:53
에너지/석유,석유 시장,이제 ‘TACO’ 넘어 ‘NACHO 트레이드’ 등장 [글로벌 머니플로우],"석유 시장도 비슷합니다. 재고가 완전히 바닥나기 전부터 공급 시스템에 부담이 생기기 시작하고, 일정 수준 아래로 내려가면 송유관이나 저장시설 등 시스템 자체가 정상적으로 돌아가기 어려워질 수 있다는... ",http://www.wowtv.co.kr/NewsCenter/News/Read?articleId=A202605110029&t=NN,https://n.news.naver.com/mnews/article/215/0001251636?sid=101,"Mon, 11 May 2026 08:19:00 +0900",2026-05-11 08:56:53
에너지/석유,석유 시장,‘만학도지씨’ 중동전쟁 해부,"썬킴은 “두바이는 오일머니 도시 이미지와 달리 실제 석유 생산량은 많지 않다”고 설명했고, 미미는 “두바이 초콜릿이 엄청 잘 팔릴 텐데”라고 반응해 웃음을 안겼다. 지석진은 “세계 평화가 와야 주식 시장도... ",https://www.bntnews.co.kr/article/view/bnt202605110057,https://www.bntnews.co.kr/article/view/bnt202605110057,"Mon, 11 May 2026 08:16:00 +0900",2026-05-11 08:56:53
에너지/석유,석유 시장,산업통상자원부 공공기관 브랜드평판 5월 빅데이터 분석... 1위 한국석유...,둔화가 복합적으로 작용한 결과라는 평가가 나온다. 반면 한국석유공사는 에너지 안보 이슈와 글로벌 자원 시장 변동성 속에서 존재감을 확대하며 상대적으로 안정적인 브랜드 평가를 유지한 것으로 나타났다.,https://www.pinpointnews.co.kr/news/articleView.html?idxno=451679,https://www.pinpointnews.co.kr/news/articleView.html?idxno=451679,"Mon, 11 May 2026 08:12:00 +0900",2026-05-11 08:56:53
에너지/석유,석유 시장,"DL, 고유가 수혜에 '사상 최대' 실적…&quot;시총 절반 넘는 DL이앤씨 지분 가...",KB증권에 따르면 DL의 올해 1분기 영업이익은 지난해 동기 대비 7% 증가한 1129억원을 기록하며 시장 컨센서스에 부합했다. 글로벌 석유화학 부족에 따른 본사(PE/PB) 및 크레이튼(Kraton) 실적 개선과 미국·호주 발전소... ,http://www.newsprime.co.kr/news/article.html?no=732912,http://www.newsprime.co.kr/news/article.html?no=732912,"Mon, 11 May 2026 08:08:00 +0900",2026-05-11 08:56:53
에너지/석유,석유 시장,"사우디 아람코, 1분기 순이익 25% 급증… 호르무즈 봉쇄 속 ‘파이프라...",사우디아라비아의 국영 석유 기업 아람코(Aramco)가 미-이란 전쟁에 따른 지정학적 위기 속에서도 시장의 예상을 뛰어넘는 압도적인 경영 실적을 달성했다. 호르무즈 해협의 선박 운항이 제한되는 최악의 상황에서... ,https://www.g-enews.com/view.php?ud=2026051108035053800c8c1c064d_1,https://www.g-enews.com/view.php?ud=2026051108035053800c8c1c064d_1,"Mon, 11 May 2026 08:06:00 +0900",2026-05-11 08:56:53
에너지/석유,석유 시장,[전국 주요 신문 사설](11일 조간),적용… 시장 혼란 없게 만전 기해야 '검찰 엑소더스'에 범죄피해자가 고통받는 일 없어야 ▲ 동아일보... 동결된 석유 최고가격…출구전략 고민할 때 ▲ 이투데이 = 위기의 전세버스산업 '정책균형' 시급해 ▲ 전자신문... ,https://www.yna.co.kr/view/AKR20260511012100011?input=1195m,https://n.news.naver.com/mnews/article/001/0016068560?sid=102,"Mon, 11 May 2026 08:00:00 +0900",2026-05-11 08:56:53
에너지/석유,석유 시장,"반도체 호황에도 고환율…한은 금리 셈법, '인상' 고민?","원화 약세는 수입물가 상승 압력으로 이어지고, 이는 석유류·공업제품·서비스 가격을 거쳐 체감물가를 자극할 수 있다. 특히 유가 충격이 단기에 그치지 않을 경우 한은은 성장보다 물가와 금융시장 변동성을 더 크게... ",http://www.metroseoul.co.kr/article/20260511500012,http://www.metroseoul.co.kr/article/20260511500012,"Mon, 11 May 2026 07:50:00 +0900",2026-05-11 08:56:53
에너지/석유,석유 시장,[롯데증권magic] '과감 스텝업' 호텔롯데 신종발행증권...혼돈 징후 혹은...,문하영 나신평 책임연구원은 롯데그룹에 대해 &quot;석유화학 부문이 4년 연속 영업적자를 기록하며 그룹 전체... ◆ 스텝업 조건에 3개월 간격 추가 신종자본증권 발행 추진...시장이 느낄 메시지는? 허덕인다 혹은 자신있다?... ,https://www.financialpost.co.kr/news/articleView.html?idxno=257352,https://www.financialpost.co.kr/news/articleView.html?idxno=257352,"Mon, 11 May 2026 07:48:00 +0900",2026-05-11 08:56:53
에너지/석유,정유 산업,[더벨][thebell note] 폐수처리가 VL인베로 통하는 이유,"IMM인베스트먼트가 인수했던 신대한정유산업은 적자로 전환했고, 자산관리회사 이도가 운영 중인 폐수처리회사 일성 역시 2020년 이후 계속해서 손실을 보고 있다. 이처럼 FI와 SI들의 '러브콜'을 받던 수처리 회사들이... ",https://www.thebell.co.kr/free/content/ArticleView.asp?key=202605061642487280103916,https://www.thebell.co.kr/free/content/ArticleView.asp?key=202605061642487280103916,"Mon, 11 May 2026 07:52:00 +0900",2026-05-11 08:56:54
에너지/석유,정유 산업,"[머니톡스] 격동의 하이닉스①…부실기업, 초일류기업으로 거듭나다",전략산업인 반도체 기업을 넘길 수 없다는 입장이었다. 2011년 말 SK그룹이 인수할 때까지 하이닉스는 10여년간 주인 없이 채권단 위탁경영을 받아야 했다. 2012년 SK텔레콤의 하이닉스 인수는 SK그룹이 정유와 통신 등... ,https://www.yna.co.kr/view/AKR20260507161400546?input=1195m,https://n.news.naver.com/mnews/article/001/0016068535?sid=101,"Mon, 11 May 2026 07:07:00 +0900",2026-05-11 08:56:54
에너지/석유,정유 산업,[수입물가 경고등] &quot;지금은 억눌린 물가&quot;…가격 통제 끝나면 '물가 쇼크...,원유와 원자재 수입 의존도가 높은 국내 산업계 부담 역시 확대되는 모습이다. 다만 이 같은 비용 압박이... 고유가·고환율이 장기화되면서 정유사와 제조업체들이 수익성 악화를 감수하며 가격 인상을 억제하고 있기... ,https://www.ajunews.com/view/20260510134000005,https://www.ajunews.com/view/20260510134000005,"Mon, 11 May 2026 05:02:00 +0900",2026-05-11 08:56:54
에너지/석유,정유 산업,[수입물가 경고등] 억눌린 물가 뒤 수입 충격…하반기 불안 커진다,정부는 정유업계와 협조해 가격 상승분 일부를 흡수하는 방식으로 안정화 조치를 이어가고 있다. 국제 유가... 원·달러 환율 상승과 함께 원유·가스·곡물·산업용 원자재 가격이 동반 급등한 영향이다. 세부적으로는... ,https://www.ajunews.com/view/20260510144833070,https://www.ajunews.com/view/20260510144833070,"Mon, 11 May 2026 05:00:00 +0900",2026-05-11 08:56:54
에너지/석유,정유 산업,"가스안전공사, 정유 · 석유화학 업계 '디지털 안전관리 혁신' 주도",이를 통해 정유·석유화학 산업 기술 경쟁력 강화에 기여하고 있다. 공사는 7일부터 8일까지 이틀 간 전남 여수시에서 '2026년 KGS-RBM 기술 연구회'를 개최했다고 밝혔다. 이번 연구회는 최신 위험도 기반 관리(RBM)... ,https://www.todayenergy.kr/news/articleView.html?idxno=297592,https://www.todayenergy.kr/news/articleView.html?idxno=297592,"Sun, 10 May 2026 22:42:00 +0900",2026-05-11 08:56:54
에너지/석유,정유 산업,&quot;범용 원자재도 전략 품목으로 관리 나서야 할때&quot;,특히 울산은 정유·석유화학·자동차·조선 등 에너지와 원자재 가격 변동에 민감한 산업이 밀집한 지역이다. 원유와 나프타 공급 차질은 단순한 원료 부족을 넘어 석유화학 공정 전반의 불안으로 이어질 수 있다. 발표... ,https://www.ulsanpress.net/news/articleView.html?idxno=574821,https://www.ulsanpress.net/news/articleView.html?idxno=574821,"Sun, 10 May 2026 21:42:00 +0900",2026-05-11 08:56:54
에너지/석유,정유 산업,[기획] 이념보단 눈앞의 이익… 기업 ‘젠지 노조’가 더 버겁다,"자동차나 정유화학, 철강 등 다른 산업부문 대기업 직원 평균 근속연수와 비교해도 마찬가지다. 이들 ‘젠지 세대’ 노조의 특징은 ‘일자리 사수’나 ‘노동권’이 아닌 ‘내가 일한 만큼 계산해달라’다. 이들은... ",https://www.dt.co.kr/article/12061643?ref=naver,https://n.news.naver.com/mnews/article/029/0003025849?sid=101,"Sun, 10 May 2026 18:52:00 +0900",2026-05-11 08:56:54
에너지/석유,정유 산업,석유 최고가격제 시행 2달…출구전략 있나,"이 와중에 산업통상부는 지난 7일 다음날 0시부터 적용하는 5차 최고가격도 2∼4차와 동일한 가격으로 책정했다. 정유사들의 누적 손실은 당분간 더 커질 전망이다. 주유소 판매 휘발유 가격은 리터당 세후 1934원, 경유... ",https://www.dt.co.kr/article/12061640?ref=naver,https://n.news.naver.com/mnews/article/029/0003025846?sid=101,"Sun, 10 May 2026 18:42:00 +0900",2026-05-11 08:56:54
에너지/석유,정유 산업,"중국산 황산가격, 2년새 11배 급등","황산은 구리 제련, 목재 펄프 가공, 철강 산세(산화물 제거), 가죽 무두질 등 각종 산업에 모두 쓰인다. 이 같은 시장 수급 불안은 호르무즈해협 봉쇄에 따른 것이다. 걸프만 정유 시설 및 가스 플랜트에서 나오는 황... ",https://www.hankyung.com/article/2026051066431,https://n.news.naver.com/mnews/article/015/0005285100?sid=104,"Sun, 10 May 2026 18:32:00 +0900",2026-05-11 08:56:54
에너지/석유,정유 산업,"희비 엇갈린 산업 기상도…K정유, 수출 통제 신음",중국이 석유제품 수출을 재개하며 아시아 시장 공략에 나선 가운데 한국 정유업계는 여전히 수출 제한에 묶여 있다. 이란 전쟁 대응 차원에서 도입된 수출 통제가 장기화되면서 국내 정유업계의 시장 대응력과 수익성이... ,http://www.fnnews.com/news/202605101804396536,https://n.news.naver.com/mnews/article/014/0005519338?sid=101,"Sun, 10 May 2026 18:07:00 +0900",2026-05-11 08:56:54
에너지/석유,정유 산업,알뜰주유소 정산 두달째 중단…기름값 복병되나,알뜰주유소 업계의 한 관계자는 “알뜰주유소와 정유사·산업통상부가 협의하고 있지만 아직 뚜렷한 결론은 도출되지 않았다”고 밝혔다. 한편 정산을 둘러싼 갈등은 정부가 약속한 최고가격제 시행에 따른 정유사... ,https://www.sedaily.com/article/20042193?ref=naver,https://n.news.naver.com/mnews/article/011/0004619169?sid=101,"Sun, 10 May 2026 17:29:00 +0900",2026-05-11 08:56:54
에너지/석유,정유 산업,"[社告] 위기의 정유·화학업계, 공급망 안정과 생존 전략 찾는다","그동안 친환경 기조에 밀려 소외되는 분위기가 강했으나, 장기화된 중동 사태로 인해 전체 산업에서 정유·화학업이 차지하는 높은 의존도가 다시금 확인되고 있습니다. 원유 수급 불안과 글로벌 시장 내 공급과잉... ",https://www.asiatoday.co.kr/kn/view.php?key=20260510010002097,https://www.asiatoday.co.kr/kn/view.php?key=20260510010002097,"Sun, 10 May 2026 17:28:00 +0900",2026-05-11 08:56:54
에너지/석유,정유 산업,[K-산업비전포럼] 정유로 버티고 LNG·배터리로 넓힌다… SK이노베이션 ...,"이에 나경원 국민의힘 의원실이 주최하고 아시아투데이가 주관하는 제3회 K-산업비전포럼에서는 위기에 처한 정유·화학 산업의 현주소를 진단하고, 단순한 개별 산업의 위기를 넘어 '국가 경제 안보' 차원에서 정부의... ",https://www.asiatoday.co.kr/kn/view.php?key=20260510010002166,https://www.asiatoday.co.kr/kn/view.php?key=20260510010002166,"Sun, 10 May 2026 17:04:00 +0900",2026-05-11 08:56:54
에너지/석유,정유 산업,[기고]김태준의 美·이란戰 중계 &lt;31&gt;담수화 시설 ‘물 안보’ 위협하는...,"과거의 전쟁은 정유시설과 발전소, 군수 공장을 우선 목표로 삼았다. 그러나 오늘날처럼 대규모 도시와 산업이 해안 기반 담수화 시스템에 의존하는 시대에는 물 공급 체계 자체가 새로운 전략 공간이 된다. 실제로 걸프... ",https://www.munhwa.com/article/11587923?ref=naver,https://n.news.naver.com/mnews/article/021/0002790246?sid=100,"Sun, 10 May 2026 16:42:00 +0900",2026-05-11 08:56:54
화학/소재,화학 주가,"IBK투자, 코오롱인더 목표주가 11% 상향조정…&quot;실적개선 반영&quot;",및 화학부문의 실적 개선에 기인한다&quot;고 설명했다. 이어 &quot;올해 2분기 영업이익은 700억원으로 1분기 대비 13.1% 증가할 전망&quot;이라면서 &quot;실적 개선과 하반기 변성 폴리페닐렌옥사이드(mPPO) 증설 효과를 고려해 목표주가를... ,https://www.yna.co.kr/view/AKR20260511018100008?input=1195m,https://n.news.naver.com/mnews/article/001/0016068570?sid=101,"Mon, 11 May 2026 08:10:00 +0900",2026-05-11 08:56:55
화학/소재,화학 주가,"iM證 &quot;SK이노베이션, 美 ESS 수주 확대…목표가 19만원↑&quot;","이투데이=서청석 기자 | iM증권은 SK이노베이션에 대해 중동사태로 유가와 정제마진, 화학제품 가격 상승으로 ESS확대 기회를 얻게 됐다며 투자의견은 '매수', 목표주가는 19만원으로 각각 상향했다고 11일 밝혔다.... ",https://www.etoday.co.kr/news/view/2583096,https://www.etoday.co.kr/news/view/2583096,"Mon, 11 May 2026 08:10:00 +0900",2026-05-11 08:56:55
화학/소재,화학 주가,[롯데증권magic] 신동주 영향력 부활 꼴은 못 봐...신동빈 측 자사주 고...,"롯데지주의 낮은 주가순자산비율(PBR)과 자사주 대량 보유 경위 등을 묻겠다는 이유에서다. 자사주 소각... 화학 부문의 영업적자가 늘어나고, 유통·레저부문의 수익성이 악화되는 통에 그룹 전반의 이익창출력이 크게... ",https://www.financialpost.co.kr/news/articleView.html?idxno=257426,https://www.financialpost.co.kr/news/articleView.html?idxno=257426,"Mon, 11 May 2026 08:00:00 +0900",2026-05-11 08:56:55
화학/소재,화학 주가,“9000피도 멀지 않았다”…이익 4배 성장에 코스피 눈높이 상향,"김 연구원은 내년 추정 영업이익을 기반으로 주당순이익(EPS)을 계산한 뒤 주가수익비율(PER) 8배를... 화학은 21.72%, IT가전은 16.50%, 에너지는 13.98%, 상사·자본재는 11.41% 각각 이익 전망치가 올라갔다. 반면 유틸리티... ",http://www.edaily.co.kr/news/newspath.asp?newsid=01987686645447936,https://n.news.naver.com/mnews/article/018/0006278031?sid=101,"Mon, 11 May 2026 07:51:00 +0900",2026-05-11 08:56:55
화학/소재,화학 주가,&quot;코리아 디스카운트 끝내자&quot;…중복상장 칼 빼든 금융당국,11일 금융투자업계에 따르면 금융위원회와 한국거래소는 최근 중복상장 규제와 저PBR(주가순자산비율) 개혁... 대표 사례가 LG화학과 LG에너지솔루션이다. 배터리 사업을 물적분할한 뒤 LG에너지솔루션이 상장하면서 기존... ,https://www.ebn.co.kr/news/articleView.html?idxno=1708170,https://www.ebn.co.kr/news/articleView.html?idxno=1708170,"Mon, 11 May 2026 06:46:00 +0900",2026-05-11 08:56:55
화학/소재,화학 주가,모험자본 드라이브 건 당국…신한투자증권 '35% 투자' 선제 승부,IB종합금융부는 최근 특수화학소재 기업 수양켐텍 경영권 인수 거래를 마치며 출범 이후 첫 성과를 냈다.... 목표주가를 제시하지 않는 기업 분석까지 늘려 성장기업 발굴 역량을 키우겠다는 구상이다. 그룹 시너지 기대... ,https://www.ngetnews.com/news/articleView.html?idxno=550202,https://www.ngetnews.com/news/articleView.html?idxno=550202,"Mon, 11 May 2026 06:40:00 +0900",2026-05-11 08:56:55
화학/소재,화학 주가,코리아 디스카운트 해소 박차: 금융당국의 중복상장 규제 개편,"주가 상승 자체보다 더 중요한 과제는 시장이 왜 외국인과 기관투자자에게 충분한 평가를 받지 못했는지를... 과거 엘지화학과 엘지에너지솔루션의 물적분할, 두산밥캣과 두산로보틱스를 둘러싼 논란처럼, 기업 재편이... ",https://www.tokenpost.kr/news/market/358232,https://www.tokenpost.kr/news/market/358232,"Mon, 11 May 2026 06:30:00 +0900",2026-05-11 08:56:55
화학/소재,소재 산업,"&quot;AI·미래 모빌리티 담았다&quot; 한국앤컴퍼니그룹, 창립 85주년 특별전",회사 측은 폐타이어 재활용과 친환경 소재 개발 등 그룹의 지속가능성 전략을 미래지향적 바퀴 형상으로... 공유했다&quot;며 &quot;변화하는 산업 환경에 유연하게 대응하며 미래 경쟁력을 지속 강화해 나갈 것&quot;이라고 말했다.... ,https://www.gpkorea.com/news/articleView.html?idxno=142638,https://www.gpkorea.com/news/articleView.html?idxno=142638,"Mon, 11 May 2026 08:52:00 +0900",2026-05-11 08:56:56
화학/소재,소재 산업,"[인터뷰] 김영문 한국호텔업협회 부회장 “인바운드 3천만 시대, 호텔 지...","서미영 기자 | 정부가 인바운드 관광객 3,000만 명 유치를 공식 목표로 내건 가운데, 한국 호텔 산업은 기회와... BTS 공연이 경기도 고양에서 열렸을 때 메이필드호텔에도 해외 관객들이 2~3일씩 머물렀고, 고양 소재 호텔들은... ",http://digitalchosun.dizzo.com/site/data/html_dir/2026/05/10/2026051080022.html,http://digitalchosun.dizzo.com/site/data/html_dir/2026/05/10/2026051080022.html,"Mon, 11 May 2026 08:52:00 +0900",2026-05-11 08:56:56
화학/소재,소재 산업,K-굿즈 세계 진출 본격화…‘2026 대한민국 관광공모전’ 기념품 부문 개...,관광기념품 산업의 글로벌 경쟁력 강화를 목표로 한 사업화 중심 공모전이라는 점이 특징이다. 공모 대상은 한국의 역사·문화·자연·생활양식 등 국가 및 지역 자원을 소재로 한 관광기념품이다. 출품은 ▲한국 전통... ,https://www.sentv.co.kr/article/view/sentv202605110012,https://www.sentv.co.kr/article/view/sentv202605110012,"Mon, 11 May 2026 08:50:00 +0900",2026-05-11 08:56:56
화학/소재,소재 산업,한국앤컴퍼니그룹 창립 85주년 특별전시 운영,"재생·재활용 소재 개발과 폐타이어 활용 등 그룹의 지속가능성 전략을 반영해, 재탄생과 미래 모빌리티의... “앞으로도 변화하는 산업 환경에 유연하게 대응하며 그룹의 미래 경쟁력을 지속 강화할 것”이라고 말했다.",http://www.edaily.co.kr/news/newspath.asp?newsid=02273046645447936,https://n.news.naver.com/mnews/article/018/0006278100?sid=103,"Mon, 11 May 2026 08:48:00 +0900",2026-05-11 08:56:56
화학/소재,소재 산업,"기보-부산회생법원 맞손…&quot;사장 위기 파산기업 특허, 중소기업 성장 동...",기보는 지난 8일 부산 연제구 소재 부산법원종합청사에서 부산회생법원과 '파산기업 보유 지식재산권(IP)... 조치이며 이러한 지식재산권의 선순환 구조가 지역 산업 생태계 전반으로 조속히 확산돼야 한다&quot;고 말했다.,https://www.pinpointnews.co.kr/news/articleView.html?idxno=451702,https://www.pinpointnews.co.kr/news/articleView.html?idxno=451702,"Mon, 11 May 2026 08:46:00 +0900",2026-05-11 08:56:56
화학/소재,소재 산업,"'단청 키보드' 잇는 K-굿즈 찾는다…관광공사, 관광기념품 공모전 28일까...",올해 공모 대상은 한국과 지역의 역사·문화·자연 등을 소재로 한 관광기념품이다. 공모 부문은 한국의... 민병선 한국관광공사 관광산업본부장은 &quot;뛰어난 아이디어와 높은 품질에도 불구하고 홍보 방법이나 판매처를... ,https://www.onews.tv/news/articleView.html?idxno=279960,https://www.onews.tv/news/articleView.html?idxno=279960,"Mon, 11 May 2026 08:44:00 +0900",2026-05-11 08:56:56
화학/소재,소재 산업,"형지I&amp;C, 친환경 기능성 라인업 강화…&quot;지속가능한 패션 강화&quot;",여성복 ‘캐리스노트’는 리사이클 소재 제품군 확대에 나섰다. 최근 선보인 리사이클 블라우스는 산업 폐기물을 재가공한 리사이클 나일론 원단을 적용해 가볍고 내구성이 뛰어난 것이 특징이다. 여름철 데일리웨어로... ,http://www.edaily.co.kr/news/newspath.asp?newsid=02256646645447936,https://n.news.naver.com/mnews/article/018/0006278098?sid=101,"Mon, 11 May 2026 08:43:00 +0900",2026-05-11 08:56:56
화학/소재,소재 산업,세계로 향하는 K-굿즈…2026 관광공모전 기념품 부문 실시,"우수 상품 발굴과 판로 지원을 통해 관광기념품 산업의 실질적 성장 기반을 마련하려는 취지다.... 이번 공모전은 한국과 지역의 역사·문화·자연을 소재로 한 관광기념품을 대상으로 하며, 한국의 매력을 담은 ‘일반... ",https://biz.heraldcorp.com/article/10734803?ref=naver,https://n.news.naver.com/mnews/article/016/0002641378?sid=103,"Mon, 11 May 2026 08:42:00 +0900",2026-05-11 08:56:56
화학/소재,소재 산업,"한세광 포스텍 교수, 국내 최초 약물 전달분야 학술단체 'CRS' 펠로우 선...",포스텍(POSTECH)은 한세광 신소재공학과·융합대학원 교수가 약물 전달 분야 학술 단체인 Controlled... 학문·산업 발전을 이끌고 있다. 한 교수는 소감을 통해 “CRS Fellow로 선정된 것을 매우 영광스럽게... ,https://www.etnews.com/20260511000014,https://n.news.naver.com/mnews/article/030/0003425894?sid=102,"Mon, 11 May 2026 08:37:00 +0900",2026-05-11 08:56:56
화학/소재,소재 산업,[기자수첩] 텃밭 떠나는 K-디스플레이 소부장들,저희의 주력 고객사는 이제 중국 업체들 입니다.&quot; 최근 만난 한 디스플레이 소부장(소재·부품·장비) 업체... 투자 공백은 산업 현장 분위기에서도 감지된다. 업계 관계자는 &quot;최근 LG디스플레이 파주 공장 인근을... ,https://dealsite.co.kr/articles/161455,https://dealsite.co.kr/articles/161455,"Mon, 11 May 2026 08:36:00 +0900",2026-05-11 08:56:56
화학/소재,소재 산업,"JK머트리얼즈, 세종 반도체 소재 기지 안전 ‘순항’… 인허가 보완 없...",김경준 JKM 이사회의장은 “대한민국 반도체 산업의 재도약을 위해서는 소재 자립과 안정적인 공급망 확보가 필수적”이라며 “지난 5년간 쏟아온 노력과 투자가 결실을 맺어 국가기관으로부터 제조시설 적합성을 공식... ,https://www.etoday.co.kr/news/view/2583114,https://www.etoday.co.kr/news/view/2583114,"Mon, 11 May 2026 08:36:00 +0900",2026-05-11 08:56:56
화학/소재,신소재 시장,"[더벨][국민성장펀드 시동] M&amp;A 리그 5파전, 정책자금 1200억 마중물 주...","테일러메이드 인수를 계기로 국내외 LP 시장에서 인지도를 높였다는 점도 긍정적이다. 이스트브릿지는... E&amp;F PE는 KG ETS 환경에너지·신소재 사업부, 크린텍 등 환경·에너지 밸류체인에서 M&amp;A 경험을 쌓았고 CEK 등 회수... ",https://www.thebell.co.kr/free/content/ArticleView.asp?key=202605071420407200107732,https://www.thebell.co.kr/free/content/ArticleView.asp?key=202605071420407200107732,"Mon, 11 May 2026 08:12:00 +0900",2026-05-11 08:56:56
화학/소재,신소재 시장,"[우리동네 공약-중구]&quot;미래 먹거리, 산단·AI 교육서 찾자&quot; 한목소리","각 후보들은 산업단지 조성, 전구민 AI 교육 등 공통 공약을 제시하는 한편 아이돌봄, 전통시장 활성화... 그는 &quot;중구 면적의 48%인 그린벨트를 해제해 미래 신성장 동력을 확보하고 신소재 바이오·그린모빌리티 산업 등을... ",https://www.ksilbo.co.kr/news/articleView.html?idxno=1056299,https://www.ksilbo.co.kr/news/articleView.html?idxno=1056299,"Mon, 11 May 2026 00:04:00 +0900",2026-05-11 08:56:56
화학/소재,신소재 시장,"춘천시 대표단, 우호협력도시 중국 우시 찾아 바이오 협력 확대",우시시는 글로벌 바이오기업과 연구기관이 집적된 중국 대표 바이오 산업도시로 전자·신소재·의료바이오... 또한 국제행사인 '2026 태호만 생명·건강 미래대회'에 참가해 글로벌 바이오산업 최신 기술 동향과 시장... ,https://www.kado.net/news/articleView.html?idxno=2049155,https://n.news.naver.com/mnews/article/654/0000179669?sid=102,"Sun, 10 May 2026 14:40:00 +0900",2026-05-11 08:56:56
화학/소재,신소재 시장,"코트라, 중국 선전서 한중 이차전지 수출상담회 개최","선전은 비야디(BYD), 신왕다, 더사이 등이 밀집한 중국 배터리 산업의 거점 도시로 완성차, 배터리, 전자부품, 신소재, 장비 기업이 집중돼 있습니다. 특히 이 지역은 최근 전기차와 에너지저장장치(ESS) 시장 확대에... ",http://mbnmoney.mbn.co.kr/news/view?news_no=MM1005831445,http://mbnmoney.mbn.co.kr/news/view?news_no=MM1005831445,"Sun, 10 May 2026 14:30:00 +0900",2026-05-11 08:56:56
화학/소재,신소재 시장,"코트라, 중국 선전서 한중 이차전지 수출상담회","완성차, 배터리, 전자부품, 신소재, 장비 기업이 집중된 광둥성 지역은 전기차와 에너지저장장치(ESS) 시장 확대에 따라 배터리 소부장과 리사이클 분야 공급망 다변화 수요도 커지고 있다. 코트라는 &quot;최근 중국 배터리... ",https://www.yna.co.kr/view/AKR20260510025200003?input=1195m,https://n.news.naver.com/mnews/article/001/0016067905?sid=101,"Sun, 10 May 2026 13:47:00 +0900",2026-05-11 08:56:56
화학/소재,신소재 시장,"코트라, 中 선전서 ‘한·중 이차전지 수출상담회’","완성차와 배터리, 전자부품, 신소재, 장비 기업이 집중된 광둥성 지역은 전기차와 에너지저장장치(ESS) 시장 확대에 따라 배터리 소부장과 리사이클 분야 공급망 다변화 수요도 커지고 있다. 코트라는 현지 산업... ",https://www.mk.co.kr/article/12042480,https://n.news.naver.com/mnews/article/009/0005677626?sid=101,"Sun, 10 May 2026 12:35:00 +0900",2026-05-11 08:56:56
화학/소재,신소재 시장,"중국 양자컴퓨터 '가속', 독자개발 4세대 초전도 양자컴 '가동'","중국 증권시보에 따르면 윈드(Wind) 데이터 기준 현재 중국 A주 시장에서 양자기술 관련 상장사는 약 50개에... 암호학, 신소재, 신약 개발 등에 지수함수 수준의 연산 능력 향상을 제공할 수 있다&quot;고 평가했다. 현재... ",http://www.choicenews.co.kr/news/articleView.html?idxno=165000,http://www.choicenews.co.kr/news/articleView.html?idxno=165000,"Sun, 10 May 2026 08:56:00 +0900",2026-05-11 08:56:56
화학/소재,신소재 시장,"[기자의 눈] 제지업계, 뼈를 깎는 자성과 쇄신이 필요한 시점","중국 시장 봉쇄라는 혹독한 겨울을 보낸 뒤, 이들은 북미라는 새로운 영토를 개척했다. 시련에 떠밀려 체질을... 종이 생산을 넘어 중동 사태로 비닐 위기를 대체할 신소재 개발에 박차를 가하는 등 고강도 체질 개선에 나선... ",https://www.news1.kr/industry/general-industry/6158515,https://n.news.naver.com/mnews/article/421/0008935152?sid=110,"Sun, 10 May 2026 07:00:00 +0900",2026-05-11 08:56:56
화학/소재,신소재 시장,"글래스돔, KGM·LG전자와 카테나엑스 탄소 데이터 교환 착수","공급망은 LG화학의 원소재, 신소재산업과 신성오토텍의 가공, LG전자 VS사업본부의 전장부품, KG모빌리티의... 규제와 시장 요구에 어떻게 선제적으로 대응할 수 있는지 보여주는 대표 모델이 될 것&quot;이라고 밝혔다. 하노... ",https://www.autodaily.co.kr/news/articleView.html?idxno=543915,https://www.autodaily.co.kr/news/articleView.html?idxno=543915,"Sat, 09 May 2026 10:54:00 +0900",2026-05-11 08:56:56
화학/소재,신소재 시장,경주시장 선거 3파전…민주당 최성훈 가세로 본선 열기,"6·3 지방선거를 앞두고 경주시장 선거가 3파전 구도로 재편됐다. 더불어민주당 최성훈 후보가 뒤늦게... 양성자가속기 성능 고도화를 통해 반도체·신소재·바이오 산업을 유치하고, 데이터센터와 AI 산업을 결합해 청년이... ",https://www.kyongbuk.co.kr/news/articleView.html?idxno=4072238,https://www.kyongbuk.co.kr/news/articleView.html?idxno=4072238,"Sat, 09 May 2026 10:02:00 +0900",2026-05-11 08:56:56
화학/소재,신소재 시장,"[VC’s Pick]반도체 뜨자 수처리도 관심…‘지앤지인텍’, 투자 유치","이후 개별인정형 건강기능식품을 개발하고 글로벌 시장으로도 진출한다는 계획이다. AI가 신소재 개발 ‘아스트랄큐’ AI 기반 소재 개발 스타트업 아스트랄큐가 스마일게이트인베스트먼트, 슈미트... ",http://www.edaily.co.kr/news/newspath.asp?newsid=02614166645447280,https://n.news.naver.com/mnews/article/018/0006276553?sid=101,"Sat, 09 May 2026 09:08:00 +0900",2026-05-11 08:56:56
화학/소재,신소재 시장,신태수 &quot;농민 살아야 의성이 산다&quot;…생활밀착 공약 제시,"마을회관과 경로당, 농작업 현장, 시장 등을 직접 방문해 생활 불편과 지역 현안을 청취했으며, 이를 토대로... 신 후보는 경남대 공과대학 신소재공학과를 졸업한 뒤 기업 연구소장과 CEO를 거쳐 2020년 의성으로 귀촌했다.... ",https://www.kyongbuk.co.kr/news/articleView.html?idxno=4072229,https://www.kyongbuk.co.kr/news/articleView.html?idxno=4072229,"Fri, 08 May 2026 21:50:00 +0900",2026-05-11 08:56:56
화학/소재,신소재 시장,"이엠에스, 'CLIMATECH'에서 AI 산업 에너지 최적화 기술 선봬","이한찬 이엠에스 대표는 &quot;산업 현장의 에너지 효율 향상과 탄소중립 실현에 기여하는 기술 개발과 북미를 비롯한 해외 시장 확대를 지속 추진하겠다&quot;고 말했다. 이엠에스는 에너지, 신소재, 스마트 제조 분야를... ",https://www.mt.co.kr/industry/2026/05/08/2026050812551718689,https://n.news.naver.com/mnews/article/008/0005354897?sid=101,"Fri, 08 May 2026 17:07:00 +0900",2026-05-11 08:56:56
화학/소재,신소재 시장,"대구시·대구경북섬유직물공업협동조합, DTC 쇼룸에 ㈜마이하우스 혁신...","제품의 시장 진출 지원에 나선다고 밝혔다. 대구텍스타일콤플렉스(DTC) 쇼룸... ㈜제영섬유와 HDB글로벌, ㈜덕진섬유 등 지역 강소기업의 신소재 전시를 통해 대구... ",http://www.breaknews.com/1205895,http://www.breaknews.com/1205895,"Fri, 08 May 2026 17:00:00 +0900",2026-05-11 08:56:56
화학/소재,신소재 시장,"글래스돔, '카테나엑스' 기반 PCF 데이터 교환 파일럿 프로젝트 착수","이번 프로젝트는 KGM 무쏘(Q270)에 탑재되는 클러스터 부품을 대상으로 LG화학(원소재), 신소재산업... 토마스 뢰쉬 코피니티엑스 CEO는 &quot;한국 파트너들이 보여준 이번 사례는 글로벌 제조사들이 향후 규제와 시장 요구에... ",https://www.datanet.co.kr/news/articleView.html?idxno=211496,https://www.datanet.co.kr/news/articleView.html?idxno=211496,"Fri, 08 May 2026 16:56:00 +0900",2026-05-11 08:56:56
통신/5G,통신 주가,"[AI의 종목 이야기] &quot;엔비디아 시총 제친다&quot;…알파벳, 1위 도약 눈앞",이 기사는 인공지능(AI) 번역을 통해 생성된 콘텐츠로 원문은 5월10일 블룸버그통신 기사입니다.  알파벳... 알파벳 주가는 지난 4월 34% 급등하며 2004년 이후 최고의 월간 상승률을 기록하는 등 강세가 이어지고 있다.... ,https://www.newspim.com/news/view/20260511000051,https://www.newspim.com/news/view/20260511000051,"Mon, 11 May 2026 08:15:00 +0900",2026-05-11 08:56:57
통신/5G,통신 주가,"미-이란 협상 좌초 위기에도…삼전닉스, 프리마켓서 '급등'",SK하이닉스 주가가 11일 프리마켓에서 급등하고 있다. 이날 오전 8시5분 현재 삼성전자와 SK하이닉스는 넥스트레이드 프리마켓에서 전장 대비 각각 6.52%와 7.24%씩 뛰고 있다. 10일(현지시간) 블룸버그통신에 따르면 도널드... ,https://www.hankyung.com/article/2026051170946,https://n.news.naver.com/mnews/article/015/0005285177?sid=101,"Mon, 11 May 2026 08:12:00 +0900",2026-05-11 08:56:57
통신/5G,통신 주가,젠슨 황 “지능이 빛의 속도로 움직이는 AI 인프라의 토대를 마련”,엔비디아와의 계약 사실이 보도된 6일(현지 시간) 코닝의 주가는 전일 종가 대비 12% 급등했다. 엔비디아... 블룸버그통신에 따르면 5월 7일 각 회사 실적을 집계한 결과 마운자로가 1분기에 87억달러(약 12조6000억원)... ,https://magazine.hankyung.com/business/article/202605070484b,https://n.news.naver.com/mnews/article/050/0000105964?sid=101,"Mon, 11 May 2026 08:04:00 +0900",2026-05-11 08:56:57
통신/5G,통신 주가,美·이란 협상 교착에도 고용지표 호조…뉴욕증시 상승 마감[뉴스새벽배...,"이후 주가가 4.23% 상승 마감. -이는 기업들이 AI 인프라 확대를 위해 가능한 모든 자금 조달 수단을... 이란, 美 평화안에 공식 답변 제출…호르무즈 다시 열릴까 -로이터통신 등에 따르면 이란 국영매체는 10일... ",http://www.edaily.co.kr/news/newspath.asp?newsid=02020486645447936,https://n.news.naver.com/mnews/article/018/0006278036?sid=101,"Mon, 11 May 2026 08:01:00 +0900",2026-05-11 08:56:57
통신/5G,통신 주가,"스카이라이프, 유료방송 부진 속 돌파구 모색…목표가↓-NH","목표주가를 기존 6000원에서 5000원으로 16.7% 하향했다. 투자의견은 ‘홀드(Hold)’를 유지했다. 안재민... 안 연구원은 “서비스매출은 위성방송 가입자 감소에 따라 둔화가 이어졌지만, 통신서비스 매출은 모바일... ",http://www.edaily.co.kr/news/newspath.asp?newsid=01928646645447936,https://n.news.naver.com/mnews/article/018/0006278022?sid=101,"Mon, 11 May 2026 07:37:00 +0900",2026-05-11 08:56:57
통신/5G,통신 주가,[마켓 브리핑] 美·이란 '기싸움' 속 교전…종전 필요성 암묵적 동의,"시장의 폭이 좁다 보니 주간 기준으로 봤을 때도 다우지수와 S&amp;P 500과 나스닥과의 격차가 커지고 있습니다.... 공급망 주도권이 제조사로 완전히 넘어갔다는 신호로 해석되는데, 로이터 통신은 최근 글로벌 빅테크... ",https://biz.sbs.co.kr/article_hub/20000309332?division=NAVER,https://n.news.naver.com/mnews/article/374/0000509186?sid=104,"Mon, 11 May 2026 07:28:00 +0900",2026-05-11 08:56:57
통신/5G,통신 주가,"전력 ETF, 엔비디아 '3조' 신호탄에 수익률·자금유입 1위","두 상품이 지난 한 주 호실적을 띤 배경에는 중복 편입 종목들의 급격한 주가 상승이 자리했다. 최근... 7일(현지시간) 로이터통신에 따르면, 엔비디아는 AI 데이터센터 개발사 아이렌(IREN)의 주식 최대... ",https://www.meconomynews.com/news/articleView.html?idxno=130945,https://www.meconomynews.com/news/articleView.html?idxno=130945,"Mon, 11 May 2026 07:12:00 +0900",2026-05-11 08:56:57
통신/5G,5G 산업,"[더벨][IPO 모니터] 아이디어스투실리콘, 상장 대표 주관사 미래에셋 선...","데이터센터, 5세대 이동통신(5G), 첨단운전자보조시스템(ADAS), 머신러닝, 사물인터넷(IoT), 디스플레이 등 다양한 산업군을 겨냥하고 있다. 통상 반도체 설계·디자인하우스는 삼성전자 등 특정 업체와의 협력 관계나... ",https://www.thebell.co.kr/free/content/ArticleView.asp?key=202605071010059000102725,https://www.thebell.co.kr/free/content/ArticleView.asp?key=202605071010059000102725,"Mon, 11 May 2026 07:02:00 +0900",2026-05-11 08:56:58
통신/5G,5G 산업,美 ‘중국차 퇴출’ 초당적 입법… 내 계좌 웃을까,"전문가들은 이번 조치가 자동차를 넘어 반도체, 센서, 통신 모듈 등 한국이 강점을 가진 전장 산업 전반에... 이는 국내 기업이 강점을 가진 자율주행 지원 시스템(ADAS), 인포테인먼트, 5G 통신 모듈 분야에서 대규모 수주... ",https://www.g-enews.com/view.php?ud=202605101828583047fbbec65dfb_1,https://www.g-enews.com/view.php?ud=202605101828583047fbbec65dfb_1,"Mon, 11 May 2026 03:36:00 +0900",2026-05-11 08:56:58
통신/5G,5G 산업,"[전기차 전환을 넘어 모빌리티 혁명으로 (11)] 삼성전자, 피지컬 AI를 ‘...",&lt;편집자 주&gt; [출처=레인보우로보틱스] [뉴스투데이=곽대종 산업연구원 명예 KIET Fellow] 삼성전자가 추진하고... 삼성은 이미 한국과 미국 내 자사 공장 두 곳에 완전한 E2E(end-to-end) 5G 네트워크를 구축했다. 물류부터... ,https://www.news2day.co.kr/article/20260510500028,https://www.news2day.co.kr/article/20260510500028,"Mon, 11 May 2026 00:32:00 +0900",2026-05-11 08:56:58
통신/5G,5G 산업,"인공지능 &quot;이제 걷고, 움직이고, 행동한다&quot;…AI 혁신의 정점 찍어, 제9회...","AI 산업 방향성을 제시했다. ▷'AI Applications &amp; Services' 분야에서는 AI 에이전트 솔루션과 챗GPT 등 국내외 다양한 대화형 어시스턴트 플랫폼, AI휴먼(디지털 휴먼), RPA, 5G·네트워크, IoT, 자율주행, 의료·헬스케어... ",https://www.aitimes.kr/news/articleView.html?idxno=39960,https://www.aitimes.kr/news/articleView.html?idxno=39960,"Mon, 11 May 2026 00:04:00 +0900",2026-05-11 08:56:58
통신/5G,5G 산업,삼전닉스 끌고 소부장 밀고… 반도체 꽉 채운 '압축형ETF' 질주,"남용수 한국투자신탁운용 ETF본부장은 &quot;AI 기술 고도화로 반도체 산업이 HBM 중심의 고성장 구조로... SK하이닉스(26.6%)와 삼성전자(23.0%) 합산 비중은 절반 수준으로 맞추되, 나머지는 HBM·5G·자율주행·사물인터넷(IoT)... ",https://www.asiatoday.co.kr/kn/view.php?key=20260511010002195,https://www.asiatoday.co.kr/kn/view.php?key=20260511010002195,"Sun, 10 May 2026 17:22:00 +0900",2026-05-11 08:56:58
통신/5G,5G 산업,[이슈in] &quot;그대 무엇을 먹는지 말하라&quot;… K-푸드가 여행의 이유가 된 시...,"숫자만 보면 K-푸드 산업의 미래는 밝다. 그런데 어느 날 식품기업의 한 임원이 혀를 손가락으로... 식품의약품안전처 기준상 식품 100g당 당류 5g 미만이면 '저당', 0.5g 미만이면 '무당·무가당' 표시가 가능하다. 단... ",https://www.newscj.com/news/articleView.html?idxno=3399690,https://www.newscj.com/news/articleView.html?idxno=3399690,"Sun, 10 May 2026 17:00:00 +0900",2026-05-11 08:56:58
통신/5G,5G 산업,[오늘의 DT인] “6G 속도 아닌 ‘AI 인프라’… 네트워크 분야 경쟁력 찾...,"특히 통신장비를 포함한 산업 생태계가 5G를 거치며 악화된 점은 뼈아프다. 국내 통신장비 업체들이 사업을 축소하거나 해외로 이전하면서 장비 공급망 기반이 약화됐고, 최근 AI 분야에 자원이 집중되면서 네트워크 분야... ",https://www.dt.co.kr/article/12061609?ref=naver,https://n.news.naver.com/mnews/article/029/0003025817?sid=105,"Sun, 10 May 2026 16:23:00 +0900",2026-05-11 08:56:58
통신/5G,5G 산업,"[Biz&amp;Law] 현대차, 블랙베리 특허보유 美 NPE에 커넥티드카 기술 침해 피...","이 기술은 와이파이, 5G, 위성통신, 차량용 통신 모듈 등 광범위한 분야에서 사용된다. 원고 측은 LDPC 관련 특허는 IEEE 802.11 계열 와이파이 표준에 필수적인 표준필수특허(SEP)라고 주장했다. SEP란 특정 산업 표준을... ",http://www.the-biz.co.kr/news/articleView.html?idxno=720258,http://www.the-biz.co.kr/news/articleView.html?idxno=720258,"Sun, 10 May 2026 09:00:00 +0900",2026-05-11 08:56:58
통신/5G,5G 산업,"통화 품질 올라가는 건 좋은데…통신 판도 바꿀 ‘5G SA’, 요금 인상 명...",느려지지만 5G SA로 슬라이싱을 하면 용도별 전용 차로 분리가 가능해져 일부 차로에서는 속도가 유지된다. 네트워크 슬라이싱은 특히 산업 부문에서 주목받고 있다. 공장 자동화 등을 위해서는 네트워크... ,https://www.busan.com/view/busan/view.php?code=2026050717521433327,https://n.news.naver.com/mnews/article/082/0001379887?sid=101,"Sun, 10 May 2026 08:00:00 +0900",2026-05-11 08:56:58
통신/5G,5G 산업,"경과원, AI 중소기업 10곳 글로벌 진출 지원 사업 가동","모집 분야는 AI, 데이터, 네트워크, 5세대(5G), 양자컴퓨팅 등 첨단기술 기반 산업 전반이다. 이 사업은 글로벌 AI 빅테크 기업과 연계해 도내 유망 AI 기업의 기술 경쟁력과 해외 사업 역량을 높이기 위해 마련했다.... ",https://www.etnews.com/20260509000116,https://n.news.naver.com/mnews/article/030/0003425721?sid=105,"Sat, 09 May 2026 23:16:00 +0900",2026-05-11 08:56:58
통신/5G,5G 산업,SK텔레콤 드디어 바닥 찍었나... 하반기 반등 기대감 확산,"5G SA는 기존 LTE망 의존 구조를 벗어나 완전한 5G 단독망 체계를 구축하는 방식이다. 초저지연·초고속 서비스를 구현할 수 있어 AI와 자율주행, 스마트팩토리 등 차세대 산업과의 연계성이 높다. 요금제 개편 가능성도... ",https://www.pinpointnews.co.kr/news/articleView.html?idxno=451485,https://www.pinpointnews.co.kr/news/articleView.html?idxno=451485,"Sat, 09 May 2026 09:30:00 +0900",2026-05-11 08:56:58
통신/5G,5G 산업,피지컬 AI 시대 열린다... 세나테크놀로지 재평가 본격화,일반적으로 신기술 기반 기업들이 적자 구조에 머무르는 경우가 많은 것과 달리 세나테크놀로지는 기존 사업에서 확보한 수익성을 바탕으로 미래 산업 투자 여력을 확보했다는 평가다. 여기에 5G RAN 기술과의 연계... ,https://www.pinpointnews.co.kr/news/articleView.html?idxno=451484,https://www.pinpointnews.co.kr/news/articleView.html?idxno=451484,"Sat, 09 May 2026 09:24:00 +0900",2026-05-11 08:56:58
통신/5G,5G 산업,[비즈톡톡] “영어·일어 능통자 모십니다”…비티젠 채용공고에 숨은 ...,"금융위원회와 산업통상자원부는 국민성장펀드를 통해 이 회사에 850억원을 저리 대출 형태로 지원하기로... 업계 수준(2~5g/L)을 넘어서는 수치로, 같은 크기의 설비로 더 많은 약을 생산할 수 있다는 뜻입니다. 이는... ",https://biz.chosun.com/science-chosun/bio/2026/05/09/BR5D5RTFBZHQLGWJCDUA5WGNIE/?utm_source=naver&utm_medium=original&utm_campaign=biz,https://n.news.naver.com/mnews/article/366/0001162960?sid=101,"Sat, 09 May 2026 07:08:00 +0900",2026-05-11 08:56:58
통신/5G,5G 산업,"AI 기반 우주·위성통신, 서비스 융합 미래 비전 조망","및 산업계, 연구계 전문가 150여 명이 참석, AI 및 위성통신, 네트워크, 우주 환경 기술의 발전 추이와 정책... 먼저 김병훈 교수팀은 '5G NR(New Radio) 특화망'을 주제로 차세대통신 인프라 활용 사례에 대해 상세하게... ",https://www.koit.co.kr/news/articleView.html?idxno=207094,https://www.koit.co.kr/news/articleView.html?idxno=207094,"Sat, 09 May 2026 06:32:00 +0900",2026-05-11 08:56:58
통신/5G,5G 산업,"[특별기고] 한국 ICT 기술, 이제는 세계로 눈을 돌려야",사진 : 글로벌 이동통신산업 전시회 MWC(Mobile World Congress) 전시장에 설치된 국내기업 부스. [사진=SK텔레콤] 1.... 5G도 마찬가지다. 세계 최초 상용화라는 타이틀 뒤에는 수천 명의 엔지니어가 밤을 지새운 시간이 있었다.... ,https://www.koit.co.kr/news/articleView.html?idxno=207089,https://www.koit.co.kr/news/articleView.html?idxno=207089,"Sat, 09 May 2026 06:32:00 +0900",2026-05-11 08:56:58
통신/5G,5G 산업,"[통신 맥락읽기] 느린데 더 비싸…통신 과점 24년, 이제야 손댄다",일부 LTE 요금제는 5G 요금제보다 데이터 제공량이 적으면서도 가격이 더 높았고 무제한 구간에서도 LTE가 5G보다 비싼 사례가 실제로 확인됐습니다. 8일 사회공공연구원의 '한국 통신산업의 변화와 통신공공성' 보고서에... ,https://www.pointdaily.co.kr/news/articleView.html?idxno=304270,https://www.pointdaily.co.kr/news/articleView.html?idxno=304270,"Fri, 08 May 2026 23:00:00 +0900",2026-05-11 08:56:58
통신/5G,5G 산업,"우리넷, 104억 규모 'AI 데이터센터 전송기술' 국책과제 주관기관 선정",이번 프로젝트는 산업표준을 준수하는 개방형 네트워크 기술 확보를 골자로 한다. 우리넷은 지연 없는 광... 최근에는 5G 단독모드(SA) 전환과 데이터 트래픽 폭증에 따른 전송망 고도화 수요가 맞물리며 실적 개선에... ,https://www.thedailypost.kr/news/articleView.html?idxno=114118,https://www.thedailypost.kr/news/articleView.html?idxno=114118,"Fri, 08 May 2026 20:48:00 +0900",2026-05-11 08:56:58
통신/5G,5G 산업,"경과원, 도내 AI기업 해외 진출 지원","모집 분야는 AI와 데이터, 네트워크, 5G, 양자컴퓨팅 등 첨단기술 기반 산업 전반이다. 경과원은 서류평가와 발표평가를 거쳐 최종 10곳을 선정할 예정이다. 평가 과정에서는 기업의 기술 경쟁력과 글로벌 시장 진출... ",https://www.naeil.com/news/read/588080?ref=naver,https://www.naeil.com/news/read/588080?ref=naver,"Fri, 08 May 2026 17:54:00 +0900",2026-05-11 08:56:58
통신/5G,5G 산업,[광화문뷰] 박탈감의 무게...'기름값·통신요금'과 '6억 성과급',산업통상부 관계자 등에 따르면 주유소에 시작된 유가 점검은 정유사로 번지는 분위기다. 이란 발... 윤석열 정부는 5G 중저가 요금제 확대를 과제로 삼았다. 어느 정부도 실질적인 요금 인하에는 성공하지 못했다. 현... ,https://www.ajunews.com/view/20260507134500665,https://www.ajunews.com/view/20260507134500665,"Fri, 08 May 2026 16:52:00 +0900",2026-05-11 08:56:58
통신/5G,5G 산업,"국민 체감 어려운 통신비 개편안, 정책 실효성 '도마 위'",과학기술정보통신부가 지난 4월9일 발표한 개편안은 ▲QoS 데이터 안심옵션 전면 확대 ▲저가 5G 요금제... 전략 산업인 만큼 가격이 아닌 필수 서비스 보장의 관점으로 접근해야 한다&quot;고 강조했다. 박소영... ,https://www.sidae.com/article/2026050813524528534,https://n.news.naver.com/mnews/article/417/0001142328?sid=105,"Fri, 08 May 2026 16:01:00 +0900",2026-05-11 08:56:58
통신/5G,6G 개발,"카이스트 김정원 교수팀, 빛으로 '흔들림 없는' 초고주파 신호 구현…6...","KAIST 김정원 교수, 안창민 박사 [사진출처=카이스트]  6G 통신과 자율주행 레이더, 우주 관측 기술의 핵심으로 꼽히는 초고주파 신호의 안정성을 획기적으로 높일 수 있는 기술이 국내 연구진에 의해 개발됐다. KAIST는... ",https://www.lecturernews.com/news/articleView.html?idxno=202100,https://www.lecturernews.com/news/articleView.html?idxno=202100,"Mon, 11 May 2026 08:36:00 +0900",2026-05-11 08:56:59
통신/5G,6G 개발,[더벨][AI EXPO 2026] 빛과전자 &quot;1.6T 광트랜시버 하반기 매출 발생&quot;,빛과전자는 이번 전시에서 대용량 데이터 처리가 필수적인 AI 가속기 클러스터 환경을 위해 개발한 800G QSFP... 데이터센터 이외에도 2028년 미국에서 시범사업이 예정된 6G와 로봇 발전 가속화 등을 턴어라운드 기회로... ,https://www.thebell.co.kr/free/content/ArticleView.asp?key=202605071424310160109266,https://www.thebell.co.kr/free/content/ArticleView.asp?key=202605071424310160109266,"Mon, 11 May 2026 07:02:00 +0900",2026-05-11 08:56:59
통신/5G,6G 개발,[정책탐구생활] 경제대국 부흥 꿈꾸는 일본… 세계 산업 재편 공세 ‘G2...,한국개발원(KDI)이 발간하는 나라경제 4월호에서는 사나에노믹스에 대해 “디플레이션 완전 탈피와... 인터페이스·6G 등을 중장기 전략산업으로 제시했다. KIEP는 2026년 양회를 통해 본 중국의 경제정책 방향과 시사점에서... ,https://www.viva100.com/article/20260510500006,https://www.viva100.com/article/20260510500006,"Sun, 10 May 2026 14:38:00 +0900",2026-05-11 08:56:59
통신/5G,6G 개발,[중국 뉴스 브리핑] 2026년 5월 9일,"공업정보화부는 제6세대 이동통신(6G) 시스템 기술 시험용 주파수를 승인하고, 일부 지역에서 6G 기술 연구개발 핵심 과제 추진 및 테스트 검증을 진행하도록 지원했다. 天舟十????船??征七??十一??火箭?合?8日垂直??至?... ",http://kr.people.com.cn/n3/2026/0509/c203201-20454299.html,http://kr.people.com.cn/n3/2026/0509/c203201-20454299.html,"Sat, 09 May 2026 12:00:00 +0900",2026-05-11 08:56:59
통신/5G,6G 개발,잠 못 자고 피곤한 한국인… 제약사들이 '컨디션 건기식'에 꽂힌 이유?,"신약 개발은 임상시험과 허가, 보험 등재까지 오랜 시간이 걸리고 실패 가능성도 크다. 반면 건강기능식품과... 엘-아르기닌으로서 6g으로 제시돼 있다. 임산부와 수유부, 저단백질 식사를 하는 사람, 천식이나 심장계... ",https://it.chosun.com/news/articleView.html?idxno=2023092161718,https://it.chosun.com/news/articleView.html?idxno=2023092161718,"Sat, 09 May 2026 05:00:00 +0900",2026-05-11 08:56:59
통신/5G,6G 개발,"센서뷰, 연세대·한국NI·누비콤과 차세대 6G·위성통신 기술 협력",그는 이어 &quot;센서뷰는 초고주파 RF 인터커넥트 및 안테나 분야에서 축적한 기술력을 바탕으로 차세대 통신 환경 변화에 대응하고 있다&quot;면서 &quot;향후 6G 및 저궤도 위성통신 시장 확대에 맞춰 관련 기술 개발 및 사업 확대를... ,https://www.the-stock.kr/news/articleView.html?idxno=32499,https://www.the-stock.kr/news/articleView.html?idxno=32499,"Fri, 08 May 2026 16:40:00 +0900",2026-05-11 08:56:59
통신/5G,6G 개발,MS·팔란티어 협업에 R&amp;D 투자 대폭 늘린 KT… SKT·LGU+는,"실제로 KT는 사업보고서에서 최고기술책임자 조직 산하 AI Future Lab, Gen AI Lab, Agentic AI Lab, Decision Intelligence Lab 등을 통해 AI 거버넌스 강화와 한국적 AI 모델 개발을 추진하고 있다고 밝혔다. 6G(6세대 이동통신)... ",https://biz.chosun.com/it-science/ict/2026/05/08/IBDCU7IK2FA5ZCHTPKLXX7MWXY/?utm_source=naver&utm_medium=original&utm_campaign=biz,https://n.news.naver.com/mnews/article/366/0001162868?sid=105,"Fri, 08 May 2026 16:37:00 +0900",2026-05-11 08:56:59
통신/5G,6G 개발,유제품 업계에도 퍼지는 저당 트렌드,제품 개발에 속도를 내고 있다. 건강한 맛을 앞세운 제품 혁신이 시장 지형을 재편했다고 볼 수 있다. '이오... 출시 당시 11g이었던 당 함량은 2021년 이후 6g 수준으로 줄었다. 이번 설탕 무첨가 제품은 당 저감 전략의... ,http://www.sportsq.co.kr/news/articleView.html?idxno=493980,http://www.sportsq.co.kr/news/articleView.html?idxno=493980,"Fri, 08 May 2026 16:02:00 +0900",2026-05-11 08:56:59
통신/5G,6G 개발,"[Y인사이트] 큐알티, RF HTOL 장비 판매 본격화","어, 그거는…[웃음] -장비를 개발해서 판매하신 지가 얼마 안 된 거잖아요. 올해부터 판매하신 거. 올해부터 본격적인 판매가 생겼고 실제로 유럽에 수출이 되고 있고요. -사실 이제 6G라고 저희가 말씀드렸습니다만 6G라는... ",https://www.thelec.kr/news/articleView.html?idxno=56245,https://www.thelec.kr/news/articleView.html?idxno=56245,"Fri, 08 May 2026 15:40:00 +0900",2026-05-11 08:56:59
통신/5G,6G 개발,"연세대-한국NI-누비콤-센서뷰, 6G·AI-RAN·차세대 위성통신 공동연구 및...","이를 통해 국내 6G·AI-RAN·위성통신 연구개발이 실제 동작하는 테스트베드와 실시간 검증 체계 위에서 발전할 수 있도록 지원한다는 방침이다. 누비콤 신동만 사장은 &quot;6G와 AI-RAN, 위성통신은 미래 통신 인프라의 핵심... ",https://www.ggilbo.com/news/articleView.html?idxno=1156821,https://www.ggilbo.com/news/articleView.html?idxno=1156821,"Fri, 08 May 2026 10:44:00 +0900",2026-05-11 08:56:59
통신/5G,6G 개발,'AI 컴퍼니' 구현한 통신사···통신 한계 넘어 성장축 재편,"로봇과 설비를 AI 에이전트로 연계하는 'K RaaS', AI 네이티브 6G 비전 등 차세대 인프라 방향성을 제시하며... 지난해 KT는 독자 기술로 개발한 '믿:음 K', 마이크로소프트와의 협력을 기반으로 한 한국 특화 AI 언어... ",https://www.smartbizn.com/news/articleView.html?idxno=143391,https://www.smartbizn.com/news/articleView.html?idxno=143391,"Fri, 08 May 2026 10:42:00 +0900",2026-05-11 08:56:59
통신/5G,6G 개발,"육군, 삼성과 '전술폰·6G' 동맹…디지털 전장 전면 재편 시동","오동룡 군사방산전문기자 = 육군이 5G·6G와 인공지능(AI), 모바일 보안을 축으로 한 '디지털 전투체계... 여기에 전술 앱 개발, AI 분석 체계, 클라우드 기반 데이터 처리 인프라까지 포함하면 중장기적으로 '디지털 전장... ",https://www.newspim.com/news/view/20260508000447,https://www.newspim.com/news/view/20260508000447,"Fri, 08 May 2026 10:29:00 +0900",2026-05-11 08:56:59
통신/5G,6G 개발,"센서뷰, 연세대·한국NI·누비콤과 차세대 6G·위성통신 기술 협력","연세대는 6G·AI-RAN·위성통신 분야 핵심 알고리즘 연구·개발 및 검증을 담당하고, 한국NI와 누비콤은 연구·실증 환경 구축 및 기술 지원에 협력한다. 최근 글로벌 통신 시장에서는 저궤도 위성통신을 중심으로 차세대... ",https://view.asiae.co.kr/article/2026050810035591551,https://n.news.naver.com/mnews/article/277/0005759959?sid=101,"Fri, 08 May 2026 10:03:00 +0900",2026-05-11 08:56:59
통신/5G,6G 개발,"센서뷰, 연세대·한국NI·누비콤과 차세대 6G·위성통신 기술 협력","연세대학교는 6G·AI-RAN·위성통신 분야 핵심 알고리즘 연구·개발 및 검증을 담당하고, 한국NI와 누비콤은 연구·실증 환경 구축 및 기술 지원에 협력한다. 최근 글로벌 통신 시장에서는 저궤도 위성통신을 중심으로... ",http://www.newstown.co.kr/news/articleView.html?idxno=702822,http://www.newstown.co.kr/news/articleView.html?idxno=702822,"Fri, 08 May 2026 08:53:00 +0900",2026-05-11 08:56:59
통신/5G,6G 개발,"센서뷰, 연세대·한국NI·누비콤과 차세대 6G·위성통신 기술 협력","연세대학교는 6G·AI-RAN·위성통신 분야 핵심 알고리즘 연구·개발 및 검증을 담당하고, 한국NI와 누비콤은 연구·실증 환경 구축 및 기술 지원에 협력한다. 최근 글로벌 통신 시장에서는 저궤도 위성통신을 중심으로... ",https://www.mt.co.kr/stock/2026/05/08/2026050808452354333,https://n.news.naver.com/mnews/article/008/0005354574?sid=101,"Fri, 08 May 2026 08:51:00 +0900",2026-05-11 08:56:59
통신/5G,6G 개발,"센서뷰, 연세대·한국NI·누비콤과 차세대 6G·위성통신 기술 협력","연세대는 6G·AI-RAN·위성통신 분야 핵심 알고리즘 연구·개발 및 검증을 담당하고, 한국NI와 누비콤은 연구·실증 환경 구축 및 기술 지원에 협력한다. 센서뷰 관계자는 “최근 AI 기반 네트워크와 저궤도 위성통신... ",http://www.edaily.co.kr/news/newspath.asp?newsid=03870406645446952,https://n.news.naver.com/mnews/article/018/0006275507?sid=101,"Fri, 08 May 2026 08:46:00 +0900",2026-05-11 08:56:59
통신/5G,6G 개발,"육군, ‘갤럭시 전술폰’ 개발 본격화 …삼성전자와 AI·모바일 등 첨단...","(5G/6G), 모바일 보안 분야에서 실질적 협력 기반을 마련하기 위해 추진됐다. 이른바 미군과 독일 등 나토(NATO... 육군은 이번 협약을 계기로 5G·6G 기반 군 모바일 운용환경 구축, 스마트폰을 활용한 전투원 상황인식 개선... ",https://www.munhwa.com/article/11587499?ref=naver,https://n.news.naver.com/mnews/article/021/0002789827?sid=100,"Thu, 07 May 2026 21:19:00 +0900",2026-05-11 08:56:59
통신/5G,6G 개발,"연세대-한국NI-누비콤-센서뷰, 6G·AI-RAN·차세대 위성통신 공동연구·실...","이를 통해 국내 6G·AI-RAN·위성통신 연구개발이 실제 동작하는 테스트베드와 실시간 검증 체계 위에서 발전할 수 있도록 지원한다는 방침이다. 신동만 누비콤 사장은 &quot;6G와 AI-RAN, 위성통신은 미래 통신 인프라의 핵심... ",https://www.epnc.co.kr/news/articleView.html?idxno=401493,https://www.epnc.co.kr/news/articleView.html?idxno=401493,"Thu, 07 May 2026 17:30:00 +0900",2026-05-11 08:56:59
금융,금융 주가,"YG엔터, 1분기 영업익 104%↑에도...목표가 '유지 또는 하향' 이유는? [주...","이 연구원은 1분기 실적과 관련해 &quot;앨범은 블랙핑크의 컴백(약 200만장), 콘서트는 블랙핑크·트레져의 공연 등이 반영됐다&quot;면서 &quot;영업외로는 TME의 주가 하락에 따른 금융자산 평가 손실이 반영돼 당기순이익은 98억원... ",http://www.joseilbo.com/news/news_read.php?uid=568002&class=53&grp=,https://n.news.naver.com/mnews/article/123/0002382746?sid=101,"Mon, 11 May 2026 08:52:00 +0900",2026-05-11 08:56:59
금융,금융 주가,"세일러, 일주일 쉬고 비트코인 매수 복귀 선언...&quot;다시 돌아간다&quot;","상장사는 실적 발표 전 대규모 자본 거래를 피하는 것이 일반적이며, 이는 금융 규정 준수와 선택적 정보... 세일러는 1분기 실적 발표에서 STRC 시리즈 A 영구 스트레치 우선주가 연간 약 11.5%의 배당 수익률을... ",http://coinreaders.com/235647,http://coinreaders.com/235647,"Mon, 11 May 2026 08:52:00 +0900",2026-05-11 08:56:59
금융,금융 주가,[은행업 분석] 홍콩ELS 후폭풍 끝났나…KB·하나 신탁이익 회복세 뚜렷,4대 은행 1분기 신탁수익 3425억...전년比 84.5%↑ 홍콩H지수(항셍중국기업지수) 기초 주가연계증권(ELS) 사태 이후 한동안 위축됐던 시중은행의 신탁 사업이 다시 살아나는 분위기다. 11일 국내 금융지주의 실적자료... ,https://www.topdaily.kr/articles/110016,https://www.topdaily.kr/articles/110016,"Mon, 11 May 2026 08:48:00 +0900",2026-05-11 08:56:59
금융,금융 주가,"증권사, 금융지주 캐시카우 등극…NH, 순이익 비중 톱",증권사들이 주가 상승에 따른 거래대금 증가를 바탕으로 호실적을 거두고 있다. 5대 금융지주 증권 계열사들도 올 들어 모두 순이익을 늘렸다. 이에 금융그룹 순이익에서 증권사가 차지하는 비중도 크게 상승했다.... ,http://www.datanews.co.kr/news/article.html?no=144649,http://www.datanews.co.kr/news/article.html?no=144649,"Mon, 11 May 2026 08:42:00 +0900",2026-05-11 08:56:59
금융,금융 주가,KB·신한·하나 '리딩뱅크' 놓고 혈투1분기에는 '3박자' 신한이 웃었다,포트폴리오의 힘 ‘KB금융’ 독주 엎치락뒤치락하는 은행 실적과 달리 금융지주 실적은 KB금융지주의 독주가 이어지고 있다. KB금융은 올 1분기 1조8924억원의 순이익을 달성했다. 지난해 같은 기간보다 11.5% 증가한... ,https://magazine.hankyung.com/business/article/202605044225b,https://n.news.naver.com/mnews/article/050/0000105970?sid=101,"Mon, 11 May 2026 08:32:00 +0900",2026-05-11 08:56:59
금융,금융 주가,9천피 전망 속 단기 부담 증가…&quot;그래도 반도체 펀더멘털은 여전&quot;,11일 금융투자업계에 따르면 지난주 코스피는 7498로 마감하며 7500선에 근접했다. 특히 지난 주말 뉴욕증시... iM증권은 코스피가 주가수익비율(PER) 확장 없이 이익 성장만으로 9000선에 도달할 수 있다고 분석했다. 2026년... ,https://www.ebn.co.kr/news/articleView.html?idxno=1708182,https://www.ebn.co.kr/news/articleView.html?idxno=1708182,"Mon, 11 May 2026 08:28:00 +0900",2026-05-11 08:56:59
금융,금융 주가,SK하닉 190만원 터치·삼전 28만원 돌파…프리마켓 반도체 또 폭등,미국 증시에서 D램 관련 상장지수펀드(ETF)가 급등한 영향으로 국내 반도체주가 프리마켓 장 초반부터... 이에 금융투자업계 관계자들은 주 초반부터 반도체주를 필두로 코스피의 추가 레벨업 시도가 있을 것으로... ,https://www.dt.co.kr/article/12061681?ref=naver,https://n.news.naver.com/mnews/article/029/0003025891?sid=101,"Mon, 11 May 2026 08:28:00 +0900",2026-05-11 08:56:59
금융,금융 주가,"[모닝 리포트] &quot;코스피, 역대급 랠리 속 눈치 싸움…이번 주 7320~7750선 전...","한지영·유지윤 키움증권 연구원은 11일 리포트에서 &quot;주간 코스피 예상 레인지는 7320~7750포인트&quot;라며 &quot;미국... 같은 기간 개인과 금융투자가 각각 9조9000억원, 3조5000억원 규모의 순매수로 받쳐주면서 지수는 강세를... ",https://www.newspim.com/news/view/20260511000061,https://www.newspim.com/news/view/20260511000061,"Mon, 11 May 2026 08:27:00 +0900",2026-05-11 08:56:59
금융,은행 산업,"“저리 정책자금 빌려 가맹점주에 고금리 대출”…공정위, 명륜진사갈비...",심사관은 명륜당이 산업은행에서 저리로 대출받은 자금을 대주주 등이 소유한 대부업체를 통해 가맹점주에게 다시 빌려주는 과정에서 일률적인 고금리를 적용했다고 판단했다. 이 과정에서 가맹점주들이 인테리어... ,https://www.kukinews.com/article/view/kuk202605110007,https://www.kukinews.com/article/view/kuk202605110007,"Mon, 11 May 2026 08:56:00 +0900",2026-05-11 08:57:00
금융,은행 산업,"하나은행, 기보와 657억원 보증 공급…中企 승계·M&amp;A 지원","성장, 산업 내 재편을 유도하는 데 초점이 맞춰져 있다. 특히 인수 기업에 대한 보증 지원을 통해 M&amp;A 과정에서 필요한 자금 확보를 돕고, 기술혁신형 기업의 대형화를 뒷받침한다는 점에서 의미가 있다. 서유석 하나은행... ",https://www.sentv.co.kr/article/view/sentv202605110004,https://www.sentv.co.kr/article/view/sentv202605110004,"Mon, 11 May 2026 08:52:00 +0900",2026-05-11 08:57:00
금융,은행 산업,[정책인터뷰] 국토교통부 김석기 건설정책국장에게 듣는다,"또 높은 신인도와 금융력을 보유한 다자개발은행(MDB), 글로벌 대형 디벨로퍼와 협력체계를 구축하고 세계적인 PM도 육성해 나가는 등 해외건설이 핵심 산업으로서 미래 한국경제의 든든한 기반이 될 수 있도록 최선을... ",http://www.ikld.kr/news/articleView.html?idxno=334235,http://www.ikld.kr/news/articleView.html?idxno=334235,"Mon, 11 May 2026 08:40:00 +0900",2026-05-11 08:57:00
금융,은행 산업,"[더벨][About CFO] AK홀딩스, 정석 CFO 자산 재배치로 유동성 대응 총력",자회사 지분담보를 바탕으로 한 은행 차입에 의존하고 있는 모습이다. 애경산업 매각으로 급한 불을 끈 만큼 이제 정 CFO의 다음 과제는 차입부담 안정화에 있다.,https://www.thebell.co.kr/free/content/ArticleView.asp?key=202605061002471800101560,https://www.thebell.co.kr/free/content/ArticleView.asp?key=202605061002471800101560,"Mon, 11 May 2026 08:38:00 +0900",2026-05-11 08:57:00
금융,은행 산업,"하나은행, 기보와 657억원 규모 중소기업 승계·M&amp;A 금융지원","고령화로 경영권 승계에 어려움을 겪는 기업의 세대교체를 돕고, 인수합병(M&amp;A)을 통한 기업 대형화를 뒷받침해 산업 경쟁력을 강화한다는 취지다. 하나은행은 기술보증기금에 특별출연금 15억원과 보증료지원금 5억원... ",https://www.etnews.com/20260511000015,https://n.news.naver.com/mnews/article/030/0003425893?sid=101,"Mon, 11 May 2026 08:37:00 +0900",2026-05-11 08:57:00
금융,은행 산업,"하나은행, 중소기업 기업승계·M&amp;A 금융지원 나선다",업계에서는 기술력 있는 중소기업이 안정적으로 세대교체와 사업 재편에 성공할 경우 산업 경쟁력 유지와 일자리 안정에도 긍정적인 효과가 있을 것으로 보고 있다. 서유석 하나은행 기업그룹 부행장은 &quot;이번 협약은... ,http://www.econonews.co.kr/news/articleView.html?idxno=437905,http://www.econonews.co.kr/news/articleView.html?idxno=437905,"Mon, 11 May 2026 08:34:00 +0900",2026-05-11 08:57:00
금융,은행 산업,[굿모닝경제] 한강라면만? 떡볶이도 있다 / 추가 공모에 44군 몰렸다 / 이...,"한국산업은행의 지난해 남성 직원 이직률은 9.0%로 4년 만에 3배 뛰었고, IBK기업은행이나 한국수출입은행도 이직율이 높아졌습니다. 시중은행 대비 상대적으로 낮은 연봉에 지방 이전론까지, 인기가 예전같지 못한... ",http://www.mbn.co.kr/pages/news/newsView.php?news_seq_no=5192967,https://n.news.naver.com/mnews/article/057/0001948477?sid=101,"Mon, 11 May 2026 08:30:00 +0900",2026-05-11 08:57:00
금융,은행 산업,스테이블코인 제도화 논의 본격화…국회서 글로벌 규제·한국형 모델 진...,"업계에서는 원화 스테이블코인 발행 주체를 은행 중심으로 제한할지, 비은행 사업자까지 확대할지를 국내 정책 설계의 핵심 변수로 보고 있다. 세 번째 토론에서는 국내 산업계 시각에서 디지털자산 시장 전략이... ",https://www.pinpointnews.co.kr/news/articleView.html?idxno=451684,https://www.pinpointnews.co.kr/news/articleView.html?idxno=451684,"Mon, 11 May 2026 08:28:00 +0900",2026-05-11 08:57:00
금융,은행 산업,"삼성E&amp;A가 짓는 UAE 메탄올 플랜트, 3조원 자금 조달 완료","이번 자금 조달은 일본계 투자은행인 스미토모 미쓰이 은행이 단독으로 주선했다. 중동과 유럽, 아시아... 마샬 알 킨디 타지즈 최고경영자(CEO)는 &quot;이번 자금 조달은 타지즈와 아부다비의 차세대 산업 성장에 있어... ",https://www.theguru.co.kr/news/article.html?no=101545,https://www.theguru.co.kr/news/article.html?no=101545,"Mon, 11 May 2026 08:28:00 +0900",2026-05-11 08:57:00
금융,은행 산업,"뉴욕증시, 미국 물가지표와 미·중 정상회담 주목 [뉴욕인사이트]","제리 템펠만 전 뉴욕 연방준비은행(연은) 선임 애널리스트는 CNBC방송에 “휘발유 가격 상승에도 중동... 바 연준 이사 연설 △15일 5월 뉴욕 엠파이어스테이트 제조업지수, 4월 산업 생산, 4월 제조업 생산 등이 있다.",https://www.etoday.co.kr/news/view/2583100,https://www.etoday.co.kr/news/view/2583100,"Mon, 11 May 2026 08:28:00 +0900",2026-05-11 08:57:00
금융,은행 산업,"중동 불확실성과 위험선호 공존…환율, 1460원대 등락[외환브리핑]",주말 뉴욕증권거래소에서 블루칩을 모아놓은 다우존스 30산업평균지수는 전거래일 대비 0.02% 오른 4만9609.... 민경원 우리은행 이코노미스트는 “이날 환율은 미국과 이란의 협상 타결 실패 우려에도 주식시장 랠리... ,http://www.edaily.co.kr/news/newspath.asp?newsid=02072966645447936,https://n.news.naver.com/mnews/article/018/0006278049?sid=101,"Mon, 11 May 2026 08:14:00 +0900",2026-05-11 08:57:00
금융,핀테크 시장,"토스, 고유가 피해지원금 2차 신청 원스톱 서비스 시작",핀테크 플랫폼이 정부 민생 지원 정책의 관문 역할을 자임하고 나섰다. 6.1조원 규모의 고유가 피해지원금은... '사용처 지도' 기능을 통해 전통시장·식당·카페·약국 등 기존 가맹점과 사용 가능한 주유소 위치를 지도... ,https://www.econovill.com/news/articleView.html?idxno=739728,https://www.econovill.com/news/articleView.html?idxno=739728,"Mon, 11 May 2026 08:26:00 +0900",2026-05-11 08:57:01
금융,핀테크 시장,김용범 정책실장 &quot;잔인한 금융&quot; 정조준…은행 구조 개혁론 확산,이어 &quot;신용점수 1점 차이로 1금융권과 고금리 시장의 경계가 갈린다&quot;며 금융회사가 비용 부담 때문에 중간 신용구간을 회피하고 있다고 주장했다. 핀테크 역시 사람을 돕기보다 &quot;더 우아하게 거절할 명분을 찾는 도구&quot;로... ,https://www.topstarnews.net/news/articleView.html?idxno=16056909,https://www.topstarnews.net/news/articleView.html?idxno=16056909,"Mon, 11 May 2026 07:24:00 +0900",2026-05-11 08:57:01
금융,핀테크 시장,"스테이블코인, 예금·결제·대출 흔드는 ‘디지털 머니’ 부상...'위기 ...",우려에 시장의 관심을 끌고 있다. 한국금융연구원(KIF) 이대기 선임연구위원은 8일 '스테이블코인의 활성화가... 때문에 핀테크 기업의 발행을 허용하되 준비금 관리 의무화와 건전성 규제를 결합하는 방식이 두 목표의... ,http://www.joseilbo.com/news/news_read.php?uid=567995&class=18&grp=,https://n.news.naver.com/mnews/article/123/0002382739?sid=101,"Mon, 11 May 2026 07:11:00 +0900",2026-05-11 08:57:01
금융,핀테크 시장,[Invest]美 로빈후드 韓 파트너는 누구?…증권가 '동맹 경쟁' 격화,"1위 핀테크 플랫폼인 로빈후드와 누가 손을 잡을 것인지로 쏠린다. 공식적으로 인정한 증권사는 없지만, 이미 복수의 국내증권사가 협력 의사 타진에 들어갔다는 소문이 적지 않다. 로빈후드는 미국 개인투자자 시장의... ",https://www.investchosun.com/site/data/html_dir/2026/05/08/2026050880136.html,https://www.investchosun.com/site/data/html_dir/2026/05/08/2026050880136.html,"Mon, 11 May 2026 07:02:00 +0900",2026-05-11 08:57:01
금융,핀테크 시장,"헥토, 헬스케어·핀테크·IT 동반 성장…스테이블코인 생태계 구축","커스터디 시장을 선점하고 있다. 반면 한국에서는 가상자산 기본법, 스테이블코인 제도화 논의가 진행 중이다. 업계 관계자는 &quot;헥토이노베이션은 이미 IT·핀테크 기업 평균보다 높은 수준의 PER을 인정받고 있지만... ",https://www.news1.kr/industry/sb-founded/6161165,https://n.news.naver.com/mnews/article/421/0008936304?sid=101,"Mon, 11 May 2026 06:25:00 +0900",2026-05-11 08:57:01
금융,핀테크 시장,엉터리 공시에 희화화 보고서까지… 개미 울리는 증권사 ‘황당 실수’,초보 개인투자자가 대거 시장에 진입하고 한국 증시에 대한 신뢰도를 높여가는 상황에 증권업계의 오류에... 금투업계 한 관계자는 “핀테크 선두에 있는 토스증권이 이러한 오류를 냈다는 것을 믿을 수 없다”며... ,https://www.kmib.co.kr/article/view.asp?arcid=1778397096&code=11151200&cp=nv,https://n.news.naver.com/mnews/article/005/0001848110?sid=101,"Mon, 11 May 2026 00:51:00 +0900",2026-05-11 08:57:01
금융,핀테크 시장,"황병우號 iM금융, AX추진부 신설ㆍ인재 채용 ‘혁신ʼ [금융권 AI 人포그...",0 신시장 선점을 목표로 다양한 프로젝트를 진행 중이다. iM뱅크는 지난달부터 경력직 전문직원 공채를... 이미 지난 2월 iM금융의 투자 전문 핀테크 계열사 '뉴지스탁'이 자연어 기반의 투자 전략 도구 '포트 AI'를... ,http://www.fntimes.com/html/view.php?ud=202605082232029929dd55077bc2_18,http://www.fntimes.com/html/view.php?ud=202605082232029929dd55077bc2_18,"Mon, 11 May 2026 00:02:00 +0900",2026-05-11 08:57:01
금융,핀테크 시장,"&quot;기술·인프라 충분… 스테이블코인, 규제 결단만 남아&quot; [FIND 인터뷰]","글로벌에서 '핀테크 정책 설계자'로 손꼽히는 솝넨두 모한티 GFTN(Global Finance &amp; Technology Network) 대표는 한국의... 주요 국가를 중심으로 관련 규율 체계가 빠르게 정비되고 있고, 시장에서 활용 사례가 늘어나고 있다는... ",http://www.fnnews.com/news/202605101812444125,https://n.news.naver.com/mnews/article/014/0005519351?sid=101,"Sun, 10 May 2026 18:15:00 +0900",2026-05-11 08:57:01
금융,핀테크 시장,"[로터리] 핀테크와 금융, 경쟁을 넘어 전략적 공생으로",K콘텐츠가 세계 시장을 사로잡았듯 혁신적인 핀테크 기술과 안정적인 금융 인프라가 결합한 ‘K금융’ 역시 충분한 글로벌 경쟁력을 갖추고 있다. 이제 은행과 핀테크는 경쟁자가 아니라 하나의 미래를 향해 나아가는... ,https://www.sedaily.com/article/20042209?ref=naver,https://n.news.naver.com/mnews/article/011/0004619187?sid=101,"Sun, 10 May 2026 17:47:00 +0900",2026-05-11 08:57:01
금융,핀테크 시장,현금배당에 자사주 소각까지… KG이니시스 주주친화 전략 통할까,"최근에는 단순 PG 사업을 넘어 다양한 핀테크 서비스와 결제 솔루션 확대 가능성에도 관심이 쏠리고 있다. 시장 경쟁이 치열해지고 있지만, 기존 대형 가맹점 네트워크와 안정적인 거래 기반은 강점으로 평가된다. 다만... ",https://www.pinpointnews.co.kr/news/articleView.html?idxno=451616,https://www.pinpointnews.co.kr/news/articleView.html?idxno=451616,"Sun, 10 May 2026 16:40:00 +0900",2026-05-11 08:57:01
금융,핀테크 시장,"실적 잘못 표기해 '패닉셀' 부른 토스증권, MTS 오류·데이터 검수 도마...",업계에서는 핀테크 증권사들이 사용자 편의성과 접근성을 앞세워 빠르게 투자자를 확보했지만 플랫폼 안정성과 데이터 검증 체계에 대한 시장 신뢰를 함께 확보하는 과제가 남아 있다는 평가가 나온다. 특히 실적... ,https://www.womaneconomy.co.kr/news/articleView.html?idxno=253527,https://www.womaneconomy.co.kr/news/articleView.html?idxno=253527,"Sun, 10 May 2026 15:44:00 +0900",2026-05-11 08:57:01
금융,핀테크 시장,은행 예금이냐 플랫폼 지갑이냐…美 스테이블코인법 '예금전쟁' 확산,"가상자산 업계는 규제 불확실성 해소를 기대하고 있지만, 은행권은 거래소·핀테크 지갑이 은행 예금을 빼앗는 우회로가 될 수 있다며 반발하고 있다. 미국 상원에서는 최근 디지털자산 시장구조 법안인 '클래리티법... ",https://www.etnews.com/20260508000225,https://n.news.naver.com/mnews/article/030/0003425817?sid=101,"Sun, 10 May 2026 14:36:00 +0900",2026-05-11 08:57:01
금융,핀테크 시장,"&quot;스테이블코인 활성화, 은행예금 감소·유동성 축소 가능성&quot;",스테이블코인 준비금의 일정 비율 이상을 은행에 예치하도록 하면 시장이 성장할수록 은행 예치 자금도... 제도권 금융기관으로 발행을 제한하면 금융 안정 측면에서는 유리하지만 핀테크 혁신을 제약할 수 있다. 반대로... ,https://it.chosun.com/news/articleView.html?idxno=2023092161810,https://it.chosun.com/news/articleView.html?idxno=2023092161810,"Sun, 10 May 2026 14:02:00 +0900",2026-05-11 08:57:01
금융,핀테크 시장,빅테크는 ‘금융·쇼핑’ 넘나드는데…카드사는 ‘규제 족쇄’,"네이버페이·카카오페이·토스페이를 필두로 IT 기업들의 간편결제 시장 진출이 가속화되면서 카드사들의... 비자(VISA)는 핀테크 인수합병(M&amp;A)과 기업간거래(B2B) 영역으로 포트폴리오를 확장하고, 아멕스는 여행... ",https://www.ekn.kr/web/view.php?key=20260510028373413,https://www.ekn.kr/web/view.php?key=20260510028373413,"Sun, 10 May 2026 13:10:00 +0900",2026-05-11 08:57:01
금융,핀테크 시장,네카토 뛰는데 카드사는 묶였다…비금융 진출 규제 완화 목소리,[사진=뉴시안] ［뉴시안= 송서영 기자］빅테크와 핀테크가 결제·금융·생활 서비스를 한데 묶은 플랫폼... 네이버·카카오·토스 등 빅테크가 금융과 생활 서비스를 결합하며 시장을 넓히는 상황에서 카드사만 결제업 틀에... ,http://www.newsian.co.kr/news/articleView.html?idxno=89446,http://www.newsian.co.kr/news/articleView.html?idxno=89446,"Sun, 10 May 2026 12:52:00 +0900",2026-05-11 08:57:01
금융,핀테크 시장,고점 대비 60% 증발… 5년 뒤 XRP 1달러 미만 추락 경고에 투자자 '충격...,반면 XRP를 활용하는 주문형 유동성(ODL) 서비스는 상대적으로 거래량이 적고 핀테크 업체 위주로 운영되어 시장에 미치는 영향력이 제한적이다. 여기에 리플이 자체 발행한 스테이블코인 RLUSD의 등장은 XRP의 입지를... ,http://coinreaders.com/235576,http://coinreaders.com/235576,"Sun, 10 May 2026 12:20:00 +0900",2026-05-11 08:57:01
금융,핀테크 시장,금융연 &quot;국내 예대율 고려해 스테이블코인 발행해야&quot;,"실제로 한국신용평가(2025)은 원화 스테이블코인 시장이 성장하면 인터넷은행의 자산수익률(ROA) 하락 폭은... 제도권 금융기관으로 발행을 한정하는 방식은 금융 안정 측면에서 유리하지만, 핀테크 혁신을 제약할 수 있다.... ",http://www.inews24.com/view/1967106,https://n.news.naver.com/mnews/article/031/0001027506?sid=101,"Sun, 10 May 2026 12:09:00 +0900",2026-05-11 08:57:01
리츠/부동산,리츠 주가,"[더벨]신한글로벌액티브리츠, 자리츠 유상증자 검토",특히 신한글로벌액티브리츠는 악화된 글로벌 해외 부동산 투자 심리와 제이알글로벌리츠 사태에 더해 주가가 1000원대에 머물고 있다. 이날 전 거래일 대비 0.36% 하락한 1105원에 장을 마감했다. 이에 따라 주가... ,https://www.thebell.co.kr/free/content/ArticleView.asp?key=202605071533090680108339,https://www.thebell.co.kr/free/content/ArticleView.asp?key=202605071533090680108339,"Mon, 11 May 2026 07:02:00 +0900",2026-05-11 08:57:02
리츠/부동산,리츠 주가,흔들리는 시장서 월배당 챙기는 법,"단순히 주가가 오르기를 기다리는 것이 아니라, 시장의 출렁임 자체를 옵션의 프리미엄이라는... 더불어 주식뿐만 아니라 채권, 원자재, 리츠, 심지어는 암호화폐까지 커버드콜 전략을 통해 ETF화되고 있기 때문에 투자자... ",https://magazine.hankyung.com/money/article/202604152487c,https://magazine.hankyung.com/money/article/202604152487c,"Mon, 11 May 2026 06:02:00 +0900",2026-05-11 08:57:02
리츠/부동산,리츠 주가,"SK하이닉스 레버리지 ETF, '절세계좌'에 담으면 손해?... 똑똑한 ISA 활용...","채권, 국내 상장주식, 국내 상장 상장지수펀드(ETF), 펀드, 리츠, 주가연계증권(ELS) 등을 담아 한꺼번에 운용할 수 있다. ISA는 운용 방식에 따라 크게 일임형, 신탁형, 중개형으로 나뉜다. 일임형은 금융회사가 투자자... ",https://www.hankookilbo.com/news/article/A2026050713310004394?did=NA,https://n.news.naver.com/mnews/article/469/0000929957?sid=101,"Mon, 11 May 2026 04:30:00 +0900",2026-05-11 08:57:02
리츠/부동산,리츠 주가,뜨거운 방산주에 차가운 '중립'…삼성증권·리츠 급등락 해설 눈길,연구원의 '주가급등과 IBKR에 대한 생각'(삼성증권) △이경자 삼성증권 연구원의 '리츠 차입현황과 LTV 점검' 3건입니다. 방산 급등주에 냉정한 '중립' 리포트 한영수 삼성증권 연구원은 지난 8일... ,https://www.mt.co.kr/stock/2026/05/10/2026051015455499456,https://n.news.naver.com/mnews/article/008/0005355314?sid=101,"Sun, 10 May 2026 18:39:00 +0900",2026-05-11 08:57:02
리츠/부동산,리츠 주가,제이알글로벌리츠 사태 ‘일파만파’…리츠 구조적 문제 부각,"주식시장에 상장을 하지만, 기존 종목들과 달리 주가에 반응하기 보다 안정적인 현금 배당을 중심으로 수익을 추구하는 투자 상품으로 자리 잡았다. 업계에서는 통상 리츠의 핵심 경쟁력을 포트폴리오의 우량도, 공실률... ",https://www.viva100.com/article/20260509500215,https://www.viva100.com/article/20260509500215,"Sun, 10 May 2026 15:36:00 +0900",2026-05-11 08:57:02
리츠/부동산,리츠 주가,[주식 전성시대와 재테크 전략] &lt;2&gt;'노후 재테크'…세대별 전략은?,"납입액을 주식에 직접 투자할 수는 없지만, 펀드·리츠·예금 등 다양한 상품에 투자할 수 있고 연 900만원의... 고배당주는 주가 대비 연 배당률이 5% 이상인 주식으로, 기대수익률이 은행 예·적금보다 높다. 특히 배당... ",http://www.metroseoul.co.kr/article/20260510500106,http://www.metroseoul.co.kr/article/20260510500106,"Sun, 10 May 2026 13:22:00 +0900",2026-05-11 08:57:02
리츠/부동산,리츠 주가,"2위와 2배 격차…미래에셋자산운용, '디폴트옵션 펀드' 부동의 1위","우선주와 보통주 간의 페어트레이딩, 주가연계파생결합사채(ELB)·기타파생결합사채(DLB) 및 커버드콜과 같은 구조화 상품 투자, 리츠·인프라 등 인컴형 자산에 투자해 제한된 리스크 범위 내에서 초과 수익 기회를... ",http://www.beyondpost.co.kr/view.php?ud=20260508160232219be44c0aacd_30,http://www.beyondpost.co.kr/view.php?ud=20260508160232219be44c0aacd_30,"Fri, 08 May 2026 16:08:00 +0900",2026-05-11 08:57:02
리츠/부동산,리츠 주가,[제이알리츠 회생 쇼크]⑥ '100조 시장' 리츠 안정성 '시험대',제이알글로벌리츠의 기업회생 신청으로 투자 심리가 얼어 붙으면서 다른 상장 리츠들의 주가도 일제히 하강 곡선을 그리고 있다. 국내 도입 20여년 동안 안정적 배당을 앞세워 100조원대 시장으로 성장한 리츠의 신뢰에... ,https://www.bloter.net/news/articleView.html?idxno=661675,https://n.news.naver.com/mnews/article/293/0000084205?sid=101,"Fri, 08 May 2026 14:49:00 +0900",2026-05-11 08:57:02
리츠/부동산,리츠 주가,"공매도 재개 1년여, 외국인 주도로 리츠·코스닥 중소형주 집중 포화",반면 금호타이어(+2.7%)·두산밥캣(+5.7%)·롯데리츠(+3.2%) 등은 공매도에도 불구하고 주가가 상승해 숏커버링 수요가 반등을 이끌었다는 분석도 나온다. 참고로 지난 4월29일 미래에셋·KB·삼성... ,https://www.newsfreezone.co.kr/news/articleView.html?idxno=688598,https://www.newsfreezone.co.kr/news/articleView.html?idxno=688598,"Fri, 08 May 2026 08:20:00 +0900",2026-05-11 08:57:02
리츠/부동산,리츠 주가,[더벨][thebell note] 변화 나선 한화리츠,지난 4월 27일 한화리츠 주가는 종가 기준 6980원까지 올랐다. 3745원에 머물던 지난해 6월과 비교하면 거의 60% 가량 뛴 셈이다. 이는 투자자들에게 자산의 안정성과 향후 배당 가능성에 대해 확실한 신뢰를 주었음을... ,https://www.thebell.co.kr/free/content/ArticleView.asp?key=202605041718349800104028,https://www.thebell.co.kr/free/content/ArticleView.asp?key=202605041718349800104028,"Fri, 08 May 2026 08:02:00 +0900",2026-05-11 08:57:02
리츠/부동산,리츠 주가,[공매도 브리핑] 5월 7일 거래대금 2조6970억…KB발해인프라·콜마비앤에...,"이 가운데 HD현대중공업 공매도 비중은 11.44%로 나타났으며 주가는 6.94% 상승했다. 미래에셋증권은... 이어 롯데리츠 28.60%, 디앤디플랫폼리츠 27.45%, SK리츠 24.08%, 한화리츠 23.91% 순으로 집계됐다.... ",https://www.topstarnews.net/news/articleView.html?idxno=16054379,https://www.topstarnews.net/news/articleView.html?idxno=16054379,"Thu, 07 May 2026 19:12:00 +0900",2026-05-11 08:57:02
리츠/부동산,리츠 주가,[해외리츠 리스크 점검①] 임대율 높아도 안심 못한다…제이알 사태가 ...,"처음으로 주가가 2000원선 아래서 거래되고 있다. 이날 KB스타리츠는 7% 넘게 하락하고, 마스턴프리미어리츠(-2.30%), 신한글로벌액티브리츠(-0.54%) 등 주요 해외 리츠들도 동반 약세를 보이고 있다. 반면... ",https://www.greened.kr/news/articleView.html?idxno=340300,https://www.greened.kr/news/articleView.html?idxno=340300,"Thu, 07 May 2026 13:00:00 +0900",2026-05-11 08:57:02
리츠/부동산,리츠 주가,[제이알리츠 회생 쇼크]④ 삼성운용 ETF도 129억 물렸다,KODEX 한국부동산리츠인프라의 주가는 6거래일 만에 8.3% 하락했다. 지난달 27일 5100원에 거래된 이후 하락세를 이어가며 전날인 이달 6일 4675원에 마감했다. 금융투자업계 관계자는 &quot;ETF 운용사 입장에서는... ,https://www.bloter.net/news/articleView.html?idxno=661489,https://n.news.naver.com/mnews/article/293/0000084094?sid=101,"Thu, 07 May 2026 12:32:00 +0900",2026-05-11 08:57:02
리츠/부동산,리츠 주가,[제이알리츠 회생 쇼크]③ 미래에셋운용 ETF 238억 '진퇴양난',그러나 이번 제이알리츠 사건을 계기로 투자자들이 리츠 전반의 차입구조와 해외 부동산의 가치를 다시 따져보기 시작하면서 다른 리츠 종목 주가도 동반 약세를 보였다. 팬데믹을 계기로 재택근무가 확산된... ,https://www.bloter.net/news/articleView.html?idxno=661461,https://n.news.naver.com/mnews/article/293/0000084076?sid=101,"Thu, 07 May 2026 10:38:00 +0900",2026-05-11 08:57:02
리츠/부동산,리츠 주가,7500선 뚫은 코스피에 '빚투'도 폭증…증권가 반응은,"통상 주가가 오를 것이라는 기대감이 클 때 신용거래융자 잔고가 늘어난다. 다만, 이 같은 방식은 시장... 삼성증권도 리츠(REITs)와 일부 개별 종목의 증거금률을 100%로 상향 조정했다. 신한투자증권은 지난달에만... ",https://www.imaeil.com/page/view/2026050709460066576,https://n.news.naver.com/mnews/article/088/0001008784?sid=101,"Thu, 07 May 2026 10:01:00 +0900",2026-05-11 08:57:02
리츠/부동산,리츠 주가,국토부 뒷북에 개미 은퇴자금 5000억 공중분해…부실한 리츠 관리의 결...,"제이알글로벌리츠가 순이익를 내고도 법정관리에 들어가는 이른바 ‘흑자 부도’를 맞았다. 공모가 5000원으로 상장한 주가는 지난해 말 2800원에서 거래중지 전 1182원까지 급락했고, 현금 흐름을 중시하는 은퇴자 등... ",https://realty.chosun.com/site/data/html_dir/2026/05/06/2026050603765.html,https://realty.chosun.com/site/data/html_dir/2026/05/06/2026050603765.html,"Thu, 07 May 2026 06:02:00 +0900",2026-05-11 08:57:02
리츠/부동산,리츠 주가,“주가 오르면 손해”…‘곱버스’ 투자자들 눈물의 일주일,"배터리 관련주가 반등하면서 함께 타격을 받았습니다. ■ 일부 리츠 ETF는 왜? 인버스 상품 다음으로 수익률이 저조한 건 일부 리츠·부동산 인프라 ETF였습니다. DAISHIN343 오피스리츠플러스(-9.2%), TIGER... ",https://news.kbs.co.kr/news/pc/view/view.do?ncd=8554689&ref=A,https://n.news.naver.com/mnews/article/056/0012176257?sid=101,"Thu, 07 May 2026 06:00:00 +0900",2026-05-11 08:57:02
리츠/부동산,리츠 주가,[주식마감] 역대급 '불장'에 유안타증권 상한가... SKC·KBI메탈·HB테크...,"이는 코스피 지수가 7,000포인트를 돌파하면서 증권주가 영향을 받은 것으로 풀이된다. 증시 활황과... TIGER 리츠부동산인프라, KODEX AI전력핵심설비, TIGER 2차전지TOP10레버리지, RISE... ",https://www.ggilbo.com/news/articleView.html?idxno=1156440,https://www.ggilbo.com/news/articleView.html?idxno=1156440,"Wed, 06 May 2026 19:10:00 +0900",2026-05-11 08:57:02
리츠/부동산,리츠 주가,[공매도 브리핑] 5월 6일 거래대금 3조9462억…이오테크닉스·KB발해인프...,"공매도 비중은 3.54%, 주가 변동률은 10.64%였다. 삼성전자는 2123억 원, 한미반도체는 1336억 원으로 뒤를... ESR켄달스퀘어리츠는 35.60%, 에스원은 34.57%, 코람코라이프인프라리츠는 29.94%, 한화리츠는 29.20%를... ",https://www.topstarnews.net/news/articleView.html?idxno=16053498,https://www.topstarnews.net/news/articleView.html?idxno=16053498,"Wed, 06 May 2026 18:36:00 +0900",2026-05-11 08:57:02
리츠/부동산,리츠 주가,"페르미, 전 CEO 특별주총 요구에 ‘무효’ 맞불…경영권 분쟁 격화",“주가 80% 넘게 하락”… 해임 배경도 재차 강조 페르미는 노이게바우어 축출이 즉흥적 결정이 아니었다고... 리츠 구조가 ‘방어막’… 지분 확대도 제한 두 번째 주주 동의 권유에 대해 페르미는 회사 정관상 리츠(REIT)... ,https://www.tokenpost.kr/news/market/356775,https://www.tokenpost.kr/news/market/356775,"Wed, 06 May 2026 16:30:00 +0900",2026-05-11 08:57:02
리츠/부동산,부동산 시장,&quot;매물 잠김 없다&quot; 장담한 국토장관…비거주 1주택 토허제 예외 시사,"&quot;이전 정부들은 통화, 금융 등 거시경제 운용의 기본 틀을 유지한 채 부동산시장 안정 정책을 추진했다&quot;고 말한 김 장관은 이번 정부는 부동산 문제를 바라보는 시각과 방식이 다르다고 강조했다. 그는 &quot;이재명 정부는 단순... ",http://www.fnnews.com/news/202605110831521361,https://n.news.naver.com/mnews/article/014/0005519491?sid=101,"Mon, 11 May 2026 08:50:00 +0900",2026-05-11 08:57:02
리츠/부동산,부동산 시장,"'양도소득세 중과' 시행 두고, 정치권 '시끌'…'억까 VS 지옥'","나경원 국민의힘 의원은 자신의 SNS에서 &quot;시장에 나와야 할 매물은 차갑게 얼어붙었고, 매물 잠김' 현상은 이미 시작됐다&quot;며 &quot;퇴로를 꽉꽉 막아놓고 세금 몽둥이찜질만 해대면 부동산 시장이 마음대로 되는가&quot;라고 했다. 나... ",http://www.ftoday.co.kr/news/articleView.html?idxno=358676,http://www.ftoday.co.kr/news/articleView.html?idxno=358676,"Mon, 11 May 2026 08:30:00 +0900",2026-05-11 08:57:02
리츠/부동산,부동산 시장,"李대통령, 비거주 1주택 논란 직접 진화…&quot;투기 아닌 거래 정상화&quot;",부동산 시장 정상화에 강한 의지를 보여온 이 대통령은 주요 부동산 현안마다 직접 메시지를 내며 시장 흐름 관리에 공을 들여왔다. 이번에도 국토부 방침이 언론에 보도된 직후 대통령이 직접 SNS에 등판하는 속도전을... ,https://www.etoday.co.kr/news/view/2583105,https://www.etoday.co.kr/news/view/2583105,"Mon, 11 May 2026 08:28:00 +0900",2026-05-11 08:57:02
리츠/부동산,부동산 시장,[5월 둘째 부동산 이슈] 양도세 중과 부활에 '매물 잠김' 우려… 청약 시...,이번 주 부동산 시장은 다주택자 양도소득세 중과 한시 배제 조치 종료와 수도권 핵심 입지의 청약 결과에 이목이 쏠릴 전망이다. ◆ '양도세 중과 부활' 매물 유도책 종료… 거래 절벽 우려 가장 큰 변수는 지난 5월... ,https://www.betanews.net/article/view/beta202605100005,https://www.betanews.net/article/view/beta202605100005,"Mon, 11 May 2026 08:06:00 +0900",2026-05-11 08:57:02
리츠/부동산,부동산 시장,"[시행사 실적점검] RBDK, 법인 정리 수순밟나…'자본잠식' 감사의견 거절","하지만 부동산 시장 환경 변화와 리스크 관리 실패가 겹치며 2024년부터는 우량 사업장을 잇따라 매각했다. 현재 '에테르노 용산', '강남 르메르디앙 부지 개발', '수원시 고등지구 C-2블록 오피스텔 개발' 등의... ",https://dealsite.co.kr/articles/161353,https://dealsite.co.kr/articles/161353,"Mon, 11 May 2026 08:02:00 +0900",2026-05-11 08:57:02
리츠/부동산,부동산 시장,마감 40분 전 구청으로 뛰었다…세금 피한 매도 사라지자 매물 거둬들이...,그는 이어 &quot;부동산 시장의 핵심은 결국 수급&quot;이라며 &quot;공급 부족 문제가 해결되지 않는 한 세제 조정은 마이너한 효과에 그칠 것&quot;이라고 했다. 함영진 우리은행 부동산리서치랩장은 &quot;다주택자들이 가격을 낮춰 팔기보다는... ,https://view.asiae.co.kr/article/2026051107295031135,https://n.news.naver.com/mnews/article/277/0005760607?sid=101,"Mon, 11 May 2026 08:02:00 +0900",2026-05-11 08:57:02
리츠/부동산,부동산 시장,[부동산 경제] 다주택자 대출연장이 안 된다,"&quot;부동산 시장과 금융의 절연을 위한 26년도 가계부채 관리방안&quot; 주요 내용은 크게 가계부채 총량관리 강화, 수도권 다주택자 대출 만기 연장 제한, 대출규제 위반 집중 점검, 온라인 투자연계 금융업자 규제 이렇게 4가지로... ",http://www.queen.co.kr/news/articleView.html?idxno=456332,http://www.queen.co.kr/news/articleView.html?idxno=456332,"Mon, 11 May 2026 08:00:00 +0900",2026-05-11 08:57:02
리츠/부동산,부동산 시장,부동산 시장 숨은 퇴출자들… 대전시 전수조사서 12명 적발,봄 이사철 거래가 몰린 대전 부동산 시장에서 자격을 잃고도 이름이 남아 있던 중개업 종사자들이 무더기로 확인됐다. 대전시는 수천 명 규모 전수조사에 나서며 중개시장 정비 수위를 끌어올렸다. 시는 올해 1~4월... ,https://www.ccdailynews.com/news/articleView.html?idxno=2415252,https://www.ccdailynews.com/news/articleView.html?idxno=2415252,"Mon, 11 May 2026 07:52:00 +0900",2026-05-11 08:57:02
리츠/부동산,부동산 시장,국민의힘 “이재명 삭죄특검은 사법내란”… 충청·부산서 ‘범죄지우...,"국민의힘 박성훈 대변인, “이재명식 징벌적 과세는 부동산 시장의 재앙” 맹비난 국민의힘 박성훈 수석대변인은 9일 국회소통관 언론 브리핑을 통해 다주택자... ",http://www.breaknews.com/1206138,http://www.breaknews.com/1206138,"Mon, 11 May 2026 07:34:00 +0900",2026-05-11 08:57:02
리츠/부동산,부동산 시장,4년 만에 부활한 양도세 중과…급매 사라지고 시장 불확실성 커져,다주택자 양도소득세 중과가 4년 만에 부활하면서 서울 부동산 시장의 거래 공백 우려가 커지고 있다. 양도세 중과 유예 혜택을 받고자 9일까지 쏟아졌던 다주택자 급매가 앞으로 매매시 최대 82.5%의 양도세를 내야한다는... ,https://www.sedaily.com/article/20042248?ref=naver,https://n.news.naver.com/mnews/article/011/0004619314?sid=101,"Mon, 11 May 2026 07:31:00 +0900",2026-05-11 08:57:02
리츠/부동산,부동산 시장,코스피 급등에 마통 잔액 40조원대…3년4개월 만에 최대,2023년은 고금리 여파로 위축됐던 가계대출이 부동산과 주식시장 회복 기대를 타고 다시 늘기 시작한 시기다. 이후 5대 은행의 마이너스통장 잔액은 30조원대 후반에 머물렀다. 그러나 주택담보대출 규제에 따른... ,https://www.cstimes.com/news/articleView.html?idxno=705000,https://www.cstimes.com/news/articleView.html?idxno=705000,"Mon, 11 May 2026 07:26:00 +0900",2026-05-11 08:57:02
리츠/부동산,부동산 시장,고강도 규제 속 전세 매물 '실종' ... 서울 전세 매물 29% 급감,정부는 부동산 시장 안정화를 위해 추가 세제 개편안도 검토 중이다. 비거주 1주택자에 대한 장기보유특별공제 제도 손질과 보유세 인상 방안 등이 오는 7월 세제 개편안에 포함될 가능성이 거론된다. 이와 함께 시장에... ,http://www.queen.co.kr/news/articleView.html?idxno=456579,http://www.queen.co.kr/news/articleView.html?idxno=456579,"Mon, 11 May 2026 07:16:00 +0900",2026-05-11 08:57:02
리츠/부동산,부동산 시장,&quot;부동산 불로소득 대전환&quot; 선언한 국토부…금융·세제·공급 전면 재설...,"그는 &quot;이전 정부들은 통화, 금융 등 거시경제 운용의 기본 틀을 유지한 채 부동산 시장 안정 정책을 추진했지만, 이재명 정부는 소득계층과 지역 간 계층이동의 장벽 해소 없이는 대한민국의 미래와 통합을 담보할 수... ",http://www.newsroad.co.kr/news/articleView.html?idxno=59150,http://www.newsroad.co.kr/news/articleView.html?idxno=59150,"Mon, 11 May 2026 07:10:00 +0900",2026-05-11 08:57:02
리츠/부동산,부동산 시장,"5대 은행 가계대출, 1분기부터 '마이너스'",주택담보대출이 다시 빠르게 늘면 부동산 시장을 자극하고 금융 시스템 부담도 커질 수 있다. 금융당국이 올해부터 주택담보대출에 별도 관리 목표를 둔 것도 이 때문이다. 전체 가계대출 총량만 맞추는... ,https://www.straightnews.co.kr/news/articleView.html?idxno=302035,https://www.straightnews.co.kr/news/articleView.html?idxno=302035,"Mon, 11 May 2026 07:10:00 +0900",2026-05-11 08:57:02
리츠/부동산,부동산 시장,&quot;갭투자 허용 아니다&quot;…이재명 대통령 '억까' 표현까지 쓰며 반박,공화국 탈출은 대한민국 정상화와 지속 가능한 발전을 위한 필수 과제&quot;라며 &quot;부동산 투기가 재발하면 결국 일부만 이익을 볼 뿐&quot;이라고 말했다. 이어 국민들의 협조를 당부하며 부동산 시장 안정 의지를 재차 강조했다.,https://www.kizmom.com/news/articleView.html?idxno=110120,https://www.kizmom.com/news/articleView.html?idxno=110120,"Mon, 11 May 2026 07:05:00 +0900",2026-05-11 08:57:02
리츠/부동산,부동산 시장,[강용석의 인싸it] 정원오 더불어민주당 서울시장 후보에 꼭 필요해 보...,그동안 아무런 대책도 세우지 않고 있다가 부동산 시장이 불안해지자 책임을 일 잘하는 이재명 정부에 떠넘기려고 하고 있다는 것을 시민들은 잘 알고 있다”며 마치 벽을 보며 하고 싶은 말만 늘어놓는 듯한 느낌이다. 정... ,https://www.mediawatch.kr/news/article.html?no=259536,https://www.mediawatch.kr/news/article.html?no=259536,"Mon, 11 May 2026 07:02:00 +0900",2026-05-11 08:57:02
리츠/부동산,부동산 시장,[보라매칼럼] 전문가도 엇갈리는 집값 전망,일단 다주택자 양도세 중과를 피하기 위해 나왔던 매물들이 대부분 소진되면서 강남3구의 부동산시장은 꿈틀거리는 분위기다. 한국부동산원이 발표한 4월 넷째주(4월 27일 기준) 아파트 가격 동향 조사 결과를 보면... ,https://www.koscaj.com/news/articleView.html?idxno=324019,https://www.koscaj.com/news/articleView.html?idxno=324019,"Mon, 11 May 2026 07:00:00 +0900",2026-05-11 08:57:02
리츠/부동산,상업용 부동산,"알스퀘어, 청담 휴젤빌딩 매각 자문 착수 &quot;연말 공실 타깃 사옥 수요 공...","상업용 부동산 종합 서비스 기업 알스퀘어(대표 이용균)는 코람코자산운용이 보유한 서울 강남구 소재 청담 휴젤빌딩 매각 자문에 착수했다고 11일 밝혔다. 쿠시먼앤드웨이크필드, 젠스타메이트와 3사 컨소시엄을 꾸려... ",https://www.econovill.com/news/articleView.html?idxno=739729,https://www.econovill.com/news/articleView.html?idxno=739729,"Mon, 11 May 2026 08:26:00 +0900",2026-05-11 08:57:03
리츠/부동산,상업용 부동산,"알스퀘어 컨소시엄, 코람코운용 보유 ‘청담 휴젤빌딩’ 매각 주선","상업용 부동산 종합 서비스 기업 알스퀘어는 코람코자산운용이 보유한 ‘청담 휴젤빌딩 매각에 착수한다고 11일 밝혔다. 알스퀘어는 쿠시먼앤드웨이크필드, 젠스타메이트와 3사 컨소시엄을 구성해 이번 매각... ",https://biz.chosun.com/real_estate/real_estate_general/2026/05/11/EAFC5IYJGZF5FF424JIG3ITKIQ/?utm_source=naver&utm_medium=original&utm_campaign=biz,https://n.news.naver.com/mnews/article/366/0001163223?sid=101,"Mon, 11 May 2026 08:18:00 +0900",2026-05-11 08:57:03
리츠/부동산,상업용 부동산,"[더벨]GRE파트너스, 서울숲GC스퀘어 매각 가닥",7일 상업용 부동산 업계에 따르면 GRE파트너스자산운용은 '서울숲 GC스퀘어' 매각을 추진하고 있다. 매각 자문사는 알스퀘어로 알려졌다. GRE파트너스자산운용은 2024년 8월 서울숲 더샵 엔터식스 매입을 완료했다.... ,https://www.thebell.co.kr/free/content/ArticleView.asp?key=202605071557213680107887,https://www.thebell.co.kr/free/content/ArticleView.asp?key=202605071557213680107887,"Mon, 11 May 2026 07:02:00 +0900",2026-05-11 08:57:03
리츠/부동산,상업용 부동산,착공 절벽 3년 후폭풍⋯건설사 매출 감소 '본격화',"상업용 부동산 개발사업 관련 잠재 리스크도 남아 있다. 롯데건설은 홈플러스 점포 개발 관련 13개 사업장, DL이앤씨는 5개 사업장에 보증을 제공하고 있다. 관련 PF 규모는 개발계획 확정분을 제외하고도 약 8000억원... ",http://www.inews24.com/view/1966449,https://n.news.naver.com/mnews/article/031/0001027577?sid=101,"Mon, 11 May 2026 07:01:00 +0900",2026-05-11 08:57:03
리츠/부동산,상업용 부동산,美애난데일 한인타운에 '서울대로'(Seoul Blvd) 탄생,"현재 다양한 한식당과 마켓, 의료기관, 각종 전문업종이 밀집해 있으며 상업용 부동산의 약 59%를 한인들이 소유하고 있다. 이곳은 단순한 상업지구를 넘어 한인들의 삶과 역사, 지역 경제 기여가 축적된 상징적... ",https://www.dongponews.net/news/articleView.html?idxno=57936,https://www.dongponews.net/news/articleView.html?idxno=57936,"Mon, 11 May 2026 06:48:00 +0900",2026-05-11 08:57:03
리츠/부동산,상업용 부동산,청년은 어디에 희망의 씨앗을 심어야 하나,한국부동산원이 발표한 2026년 1분기 상업용 부동산 임대동향조사 결과를 살펴보자. 상가 1층은 유동인구와 매출에 직결되는 핵심 입지로 상권의 체감 공실률로 받아들여진다. 1층 공실률을 지역별로 보면 광주가 9.6%로... ,https://www.labortoday.co.kr/news/articleView.html?idxno=234199,https://www.labortoday.co.kr/news/articleView.html?idxno=234199,"Mon, 11 May 2026 06:34:00 +0900",2026-05-11 08:57:03
리츠/부동산,상업용 부동산,공실률 '급등'·수익률 '추락' 경남 상업용 부동산 '경고등',한국부동산원이 최근 발표한 '2026년 1분기 상업용부동산 임대동향조사'에 따르면 경남 오피스 공실률은 16.9%로 전국 평균 8.8%보다 크게 높았다. 전국 평균 대비 두 배 가까운 수준이다. 일반상가 공실률도 15.6%로 전국... ,https://www.gnnews.co.kr/news/articleView.html?idxno=636581,https://www.gnnews.co.kr/news/articleView.html?idxno=636581,"Sun, 10 May 2026 20:30:00 +0900",2026-05-11 08:57:03
리츠/부동산,상업용 부동산,제37회 동성로축제 &quot;인파로 가득 찼다&quot;…상인들은 상권 활성화 기대감 ...,"최근 한국부동산원이 발표한 '2026년 1분기 상업용 부동산 임대동향조사'에 따르면 올해 1분기 동성로 중대형 상가의 공실률은 직전 분기(26.9%)보다 0.6%포인트 낮아진 26.3%로, 지난해 1분기 이후 4분기 만에 하락했다.... ",https://www.idaegu.com/news/articleView.html?idxno=661920,https://www.idaegu.com/news/articleView.html?idxno=661920,"Sun, 10 May 2026 19:56:00 +0900",2026-05-11 08:57:03
리츠/부동산,상업용 부동산,"빌딩거래 대추락, 주식 쏠림이 남긴 과제","상업용 부동산은 단순한 투자 대상을 넘어 지역 경제 활동의 터전이다. 거래가 끊기고 자산 가치가 하락하면, 이를 담보로 사업 자금을 융통하던 지역 자영업자와 중소기업들의 돈줄이 막히는 '신용 경색'의 악순환이... ",http://www.jjn.co.kr/news/articleView.html?idxno=1040444,http://www.jjn.co.kr/news/articleView.html?idxno=1040444,"Sun, 10 May 2026 16:24:00 +0900",2026-05-11 08:57:03
리츠/부동산,상업용 부동산,"은퇴 앞둔 4050세대, 비참한 노후 피하려면 ‘이것’만큼은 절대 하지 마...","돈이 없다는 조급함에 코인 선물 거래나 고배율 레버리지, 입지 분석이 안 된 상업용 부동산 분양 등 고수익을 노린 공격적 투자를 하는 것은 패가망신의 지름길이다. 주택 연금이나 농지 연금 같은 제도를 공부하고 현재... ",https://www.wikitree.co.kr/articles/1135774,https://www.wikitree.co.kr/articles/1135774,"Sun, 10 May 2026 16:02:00 +0900",2026-05-11 08:57:03
리츠/부동산,상업용 부동산,‘딜 클로징’ 못 넘는 오피스 매각 시장…서울 대형 매물 다시 쌓인다,10일 상업용 부동산 투자은행(IB) 업계에 따르면 현재 서울 오피스 시장에 나온 자산 가운데 지난해부터 해소되지 못한 매물의 연면적은 약 30만㎡에 달한다. 이들 중 상당수는 새로 매각을 시작한 물건이라기보다 매각... ,https://www.etoday.co.kr/news/view/2582783,https://www.etoday.co.kr/news/view/2582783,"Sun, 10 May 2026 11:14:00 +0900",2026-05-11 08:57:03
리츠/부동산,상업용 부동산,"[슬금슬금] '국민리츠'JR글로벌리츠 , 벨기에 정부가 월세 내는데 왜 흔...",유럽중앙은행(ECB)이 기준금리를 빠르게 올리자 유럽 국채금리와 상업용 부동산의 요구수익률도 함께 상승했다. 상업용 부동산 시장에서는 이를 캡레이트(Cap Rate·CR)로 본다. 캡레이트는 임대수익에서 운영비용을 뺀... ,http://www.the-biz.co.kr/news/articleView.html?idxno=720190,http://www.the-biz.co.kr/news/articleView.html?idxno=720190,"Sat, 09 May 2026 10:00:00 +0900",2026-05-11 08:57:03
리츠/부동산,상업용 부동산,"벌컨 머티리얼즈, 분기 배당 주당 0.52달러 결정…6월 5일 지급","골재는 도로, 주택, 상업용 부동산 등 각종 인프라와 건설 현장에 쓰이는 핵심 기초 소재로 꼽힌다. 시장 의미와 해석 정기 배당 발표는 회사의 현금흐름과 주주환원 기조를 보여주는 신호로 읽힌다. 특히... ",https://www.tokenpost.kr/news/market/357820,https://www.tokenpost.kr/news/market/357820,"Sat, 09 May 2026 05:58:00 +0900",2026-05-11 08:57:03
리츠/부동산,상업용 부동산,"[머니트렌드] 2026년 부자들의 투자 지형도, 부동산에서 주식으로 이동","반면, 경기 둔화와 소비 위축의 직격탄을 맞은 상가 등 상업용 부동산 선호도는 2023년 22%에서 2024년 20%, 2025년 14%까지 급감했다. 자산가들은 이제 상가나 오피스 빌딩을 '처분해야 할 1순위 자산'으로 꼽으며 자산... ",http://www.sisacast.kr/news/articleView.html?idxno=95698,http://www.sisacast.kr/news/articleView.html?idxno=95698,"Fri, 08 May 2026 19:00:00 +0900",2026-05-11 08:57:03
리츠/부동산,상업용 부동산,"프랜차이즈M&amp;A거래소, 5월 전략적 인수사 6곳 공개...대형 전략적 투자자...",시행사가 보유한 상업용 부동산 인프라에 검증된 프랜차이즈 브랜드를 결합해 수익성을 극대화하겠다는 전략이다. 이를 위해 최소 10년 이상의 업력을 가진 안정적인 브랜드를 우선 검토 대상으로 삼고 있다. 딜소싱... ,https://www.mt.co.kr/industry/2026/05/08/2026050815102431127,https://n.news.naver.com/mnews/article/008/0005354910?sid=101,"Fri, 08 May 2026 17:20:00 +0900",2026-05-11 08:57:03
리츠/부동산,상업용 부동산,"코오롱글로벌, 상업시설 '유성 하늘채 하이에르 그라운드' 공급","상업용 부동산 시장에서 배후수요와 공실 리스크가 주요 변수로 부각되는 가운데, 코오롱글로벌이 대전 유성구 봉명동에 상업시설 ‘유성 하늘채 하이에르 그라운드’를 공급한다고 8일 밝혔다. 해당 시설은 지상 1~2층... ",https://www.hankyung.com/article/202605084167O,https://n.news.naver.com/mnews/article/015/0005284602?sid=101,"Fri, 08 May 2026 14:23:00 +0900",2026-05-11 08:57:03
리츠/부동산,상업용 부동산,공실률 상승하는 미국 오피스 시장…상업용 부동산 위기 확산과 경제 영...,"오피스 공실률 상승…수요 감소 본격화 미국 상업용 부동산(Commercial Real Estate, CRE) 시장은 팬데믹 이후 근무 방식과 금리 환경 변화가 맞물리며 구조적 전환 국면에 진입하고 있다. 특히 오피스 시장에서는 수요 감소가... ",http://dream.kotra.or.kr/kotranews/cms/news/actionKotraBoardDetail.do?SITE_NO=3&MENU_ID=80&CONTENTS_NO=2&bbsGbn=242&bbsSn=242&pNttSn=240969,http://dream.kotra.or.kr/kotranews/cms/news/actionKotraBoardDetail.do?SITE_NO=3&MENU_ID=80&CONTENTS_NO=2&bbsGbn=242&bbsSn=242&pNttSn=240969,"Fri, 08 May 2026 12:03:00 +0900",2026-05-11 08:57:03
리츠/부동산,상업용 부동산,제이알리츠 해외 EOD 악몽 재현하나…&quot;감정가 후려치기 대응&quot; 주문,"최근 금리 상승과 상업용 부동산 업황 부진 등으로 자산가치의 감가는 불가피할 수 있으나, 임대 수익 흑자를 내는 우량한 자산의 매각을 가져올 만큼 캐시트랩을 발동할 만한 상황이었는지 따져봐야 할 필요성이 있다는... ",https://news.einfomax.co.kr/news/articleView.html?idxno=4413795,https://news.einfomax.co.kr/news/articleView.html?idxno=4413795,"Fri, 08 May 2026 11:16:00 +0900",2026-05-11 08:57:03
리츠/부동산,상업용 부동산,이지스 '몰오브케이' 경매 멈췄다…저가 낙찰 대신 정상매각 선회,이로써 이지스자산운용은 최근 상업용부동산 시장 침체 상황에서 경매 대신 정상 매각으로 가격 방어를 시도할 수 있게 됐다. 다만 정상 매각이 성사되지 않을 경우 임의경매 절차가 재개될 예정이다. 저가 낙찰... ,http://www.edaily.co.kr/news/newspath.asp?newsid=04979046645446952,https://n.news.naver.com/mnews/article/018/0006275672?sid=101,"Fri, 08 May 2026 11:04:00 +0900",2026-05-11 08:57:03
건설/인프라,건설 주가,"동원산업, 1분기 영업이익 1,462억 달성","이번 실적은 수산·식품 등 B2C 부문의 원가 부담을 식자재 유통, 포장·소재, 물류·건설 등 B2B 사업군이... 약 1,303억 원을 12%가량 웃돌았다. 이에 동원산업 주가는 이날 전일 대비 4.27% 오른 39,100원에 거래를 마쳤다.",https://www.hdhy.co.kr/news/articleView.html?idxno=34451,https://www.hdhy.co.kr/news/articleView.html?idxno=34451,"Mon, 11 May 2026 08:04:00 +0900",2026-05-11 08:57:04
건설/인프라,건설 주가,"[스타워즈] 반도체 쏠림에 수익률 요동…KB 금메달, 선두 굳히나","건설중장비 부품업체인 진성티이씨, 삼양식품이 나 차장의 계좌에 담긴 뒤 주가가 각각 8.36%, 7.49% 올랐다. 중하위권에 있는 팀 상당수는 지난주 손실을 기록했다. 3위인 김명성 iM증권 부산중앙WM센터 과장은... ",https://www.hankyung.com/article/2026051068176,https://n.news.naver.com/mnews/article/015/0005285175?sid=101,"Mon, 11 May 2026 08:01:00 +0900",2026-05-11 08:57:04
건설/인프라,건설 주가,"KCC, '숨 고르기' 끝내고 반등 채비…실리콘 판가 인상·자산 가치 부각",건설 경기 침체의 영향으로 1분기 다소 주춤했던 KCC가 2분기부터 실리콘 사업부의 수익성 개선과 보유... 이에 따라 하나투자증권은 KCC에 대한 매수 의견을 유지하며 목표주가를 상향 조정했다. 삼성증권 역시 매수... ,https://www.news1.kr/industry/general-industry/6161053,https://n.news.naver.com/mnews/article/421/0008936305?sid=101,"Mon, 11 May 2026 06:30:00 +0900",2026-05-11 08:57:04
건설/인프라,건설 주가,[리더가 사는 곳] AI 전력 붐 엘도라도 올라탄 빈틈없는 리더… 코스피...,"실제 효성중공업은 2026년 5월 기준 주가 439만8000원을 기록하며 국내 증시 ‘황제주’에 올라섰다. 특히... 현대건설, GS건설, 현대산업개발이 공동 시공했고 이름처럼 단지 전체를 거대한 야외 미술관 정원처럼 설계한... ",https://m.skyedaily.com/news_view.html?ID=303731,https://m.skyedaily.com/news_view.html?ID=303731,"Mon, 11 May 2026 06:02:00 +0900",2026-05-11 08:57:04
건설/인프라,건설 주가,투톱 숨골라도 코스피 신기록 행진…순환매 장세 다음 타자는?,등 주가가 상대적으로 억눌려 있던 업종도 상승할 수 있다는 전망이 나온다. 삼성전자·SK하닉 주춤해도... 올해 코스피 건설(130.8%)과 전기전자(129.51%) 지수가 폭등하는 가운데 제약은 6.37% 하락했고 IT 서비스도 1.... ,https://www.news1.kr/finance/general-stock/6161900,https://n.news.naver.com/mnews/article/421/0008936289?sid=101,"Mon, 11 May 2026 06:00:00 +0900",2026-05-11 08:57:04
건설/인프라,건설 주가,"건설노동자 퇴직공제금, 주식투자로 2천782억 벌어…역대 최대",수익률은 85.33%로 코스피(KOSPI·종합주가지수) 수익률을 상회한다. 작년에도 국내주식 운용 수익률이 83.64%에 달했다. 지난해 말 기준 건설노동자 퇴직공제금 운용자산 규모는 5조4천631억원이다. 운용수익률은 5.91... ,https://www.yna.co.kr/view/AKR20260508157300530?input=1195m,https://n.news.naver.com/mnews/article/001/0016068502?sid=102,"Mon, 11 May 2026 06:00:00 +0900",2026-05-11 08:57:04
건설/인프라,인프라 산업,"현대로템, 한국항공대와 우주 기술 개발 협력…발사체·위성 공동 연구","양측은 뉴 스페이스 시대를 맞아 공동 연구, 네트워킹, 인재 양성 등 우주산업 분야 산학협력 인프라를 구축하기 위해 협약을 맺었다. 현대로템과 한국항공대는 차세대 우주 기술 공동 연구 및 사업화 역량 강화, 기술·학술... ",https://www.dailian.co.kr/news/view/1642626/?sc=Naver,https://n.news.naver.com/mnews/article/119/0003088926?sid=101,"Mon, 11 May 2026 08:56:00 +0900",2026-05-11 08:57:05
건설/인프라,인프라 산업,투자 '큰손' 된 엔비디아…올해 400억 달러 베팅,이러한 전략은 황 CEO가 AI 산업을 에너지·칩·인프라·모델·애플리케이션으로 구성된 '5단 케이크'에 비유하며 상위 단계로 갈수록 부가가치가 커진다고 설명해온 관점과 궤를 같이한다. 다만 시장에서는 엔비디아의... ,https://www.sisajournal.com/news/articleView.html?idxno=372298,https://n.news.naver.com/mnews/article/586/0000128763?sid=101,"Mon, 11 May 2026 08:56:00 +0900",2026-05-11 08:57:05
건설/인프라,인프라 산업,"현대로템, 한국항공대와 우주산업 협력…공동 연구·인재 양성 맞손","이투데이=김민서 기자 | 산학 협력 인프라 구축 통해 우주 사업 경쟁력 강화 도모 현대로템이 한국항공대학교와 공동 연구, 인재 양성 등을 아우르는 우주산업 협력 인프라 구축에 나선다. 현대로템은 한국항공대와... ",https://www.etoday.co.kr/news/view/2583131,https://www.etoday.co.kr/news/view/2583131,"Mon, 11 May 2026 08:56:00 +0900",2026-05-11 08:57:05
건설/인프라,인프라 산업,"현대로템, 대한민국 우주 산업 경쟁력 강화…산학 협력 확대",현대로템 관계자는 &quot;이번 협약으로 연구 인프라 협업 체계를 구축해 우주 기술 역량을 강화할 수 있을 것으로 기대된다&quot;며 &quot;협력사와 상생하는 산업 생태계 조성에도 기여할 것&quot;이라고 말했다. 한편 현대로템의 모그룹인... ,https://www.newsis.com/view/NISX20260511_0003623721,https://n.news.naver.com/mnews/article/003/0013936232?sid=101,"Mon, 11 May 2026 08:54:00 +0900",2026-05-11 08:57:05
건설/인프라,인프라 산업,"현대로템, 한국항공대와 우주산업 기술 개발 '맞손'",현대로템 관계자는 &quot;이번 협약으로 한국항공대 전문가 그룹 및 연구 인프라와의 협업 체계를 구축해 우주 기술 역량을 강화할 수 있을 것&quot;이라며 &quot;국내 우주산업 발전에 함께하는 협력사들과 상생하는 선순환 구조를 만들... ,https://www.yna.co.kr/view/AKR20260511025100003?input=1195m,https://n.news.naver.com/mnews/article/001/0016068619?sid=101,"Mon, 11 May 2026 08:51:00 +0900",2026-05-11 08:57:05
건설/인프라,인프라 산업,"현대로템, 한국항공대와 우주산업 협력…차세대 기술 개발 강화","이번 협약은 뉴 스페이스 시대를 맞아 공동 연구와 네트워킹, 인재 양성 등 우주산업 분야 산학협력 인프라를 구축하고 상호 협력을 확대하기 위해 마련됐다. 현대로템과 한국항공대는 이번 협약을 통해 △차세대 우주... ",https://daily.hankooki.com/news/articleView.html?idxno=1365545,https://daily.hankooki.com/news/articleView.html?idxno=1365545,"Mon, 11 May 2026 08:50:00 +0900",2026-05-11 08:57:05
건설/인프라,인프라 산업,"김기재 후보, '안전한 도시, 쾌적한 당진' 프로젝트 발표","이번 공약의 핵심은 침수 예방 인프라를 조기에 정비하고, 악취와 폐수 등 환경 위험 요소를 통합 관리하며, 산업현장의 안전까지 강화하는 통합 안전 체계 구축이다. 재난이 발생한 후 수습하는 기존 방식에서 벗어나... ",https://www.idjnews.kr/news/articleView.html?idxno=300371,https://www.idjnews.kr/news/articleView.html?idxno=300371,"Mon, 11 May 2026 08:50:00 +0900",2026-05-11 08:57:05
건설/인프라,인프라 산업,김포시장 선거 '민주 원팀' 가동…이기형 &quot;실용적 대도약&quot;,"이어 &quot;지금 김포는 교통, 교육, 도시 인프라, 미래산업 등 시민의 삶을 바꾸는 중요한 전환점에 있다&quot;며 &quot;유능한 중앙정부와 발맞출 일 잘하는 지방정부가 돼야 한다&quot;고 덧붙였다. 그러면서 그는 &quot;위기 속에서도 김포와... ",https://www.nocutnews.co.kr/news/6514796?utm_source=naver&utm_medium=article&utm_campaign=20260511084753,https://n.news.naver.com/mnews/article/079/0004145291?sid=102,"Mon, 11 May 2026 08:48:00 +0900",2026-05-11 08:57:05
건설/인프라,인프라 산업,영산대 전공 경계 허문 'WISE PICK 전공박람회' 성공 개최,와이즈인재개발원 권도희 원장은 &quot;이번 WISE PICK 전공박람회는 양 캠퍼스의 전공 자원과 산업 연계 인프라를 하나로 연결해 학생들이 자신의 관심 분야와 미래 진로를 입체적으로 탐색할 수 있도록 마련한 행사&quot;라며... ,https://www.veritas-a.com/news/articleView.html?idxno=609176,https://www.veritas-a.com/news/articleView.html?idxno=609176,"Mon, 11 May 2026 08:48:00 +0900",2026-05-11 08:57:05
건설/인프라,건설 수주,담양군수 선거 박종원 45.9%·정철원 43.0%…오차범위 내 초접전,다만 최근 뉴스타파가 정 후보가 군의원 시절 자신이 설립한 금성건설이 10년간 담양군으로부터 19억 원 규모의 수의계약을 수주했다고 보도하면서 논란이 일었다. 민주당은 이를 권력형 비리 의혹으로 규정하며 공세를... ,https://www.news1.kr/local/gwangju-jeonnam/6160979,https://n.news.naver.com/mnews/article/421/0008936341?sid=162,"Mon, 11 May 2026 07:25:00 +0900",2026-05-11 08:57:06
건설/인프라,건설 수주,“지역 건설사 쓰면 용적률 두 배”…인천 정비사업 판 바꾼다,장기화된 고금리·고물가에 지역 건설업계가 휘청이자 수주 기회 확대에 방점을 찍은 종합 대책이다. 용적률 인센티브 두 배 상향은 이번 계획의 핵심 카드다. 정비사업 시행사 입장에서 지역업체와 손잡으면 분양 가구... ,https://www.sedaily.com/article/20042308?ref=naver,https://n.news.naver.com/mnews/article/011/0004619306?sid=102,"Mon, 11 May 2026 07:24:00 +0900",2026-05-11 08:57:06
건설/인프라,건설 수주,"[Invest]차질 사업장 늘어나는 현대건설, 차환 부담도 쌓인다","관계자는 &quot;현대건설 사업장에서 유동화 조달이 막힌 것은 아니지만, 다수 사업장이 원활하게 진행되지 않으면서 차환 부담은 점차 커질 것&quot;이라며 &quot;국내 건축·주택에서 돌파구를 찾기 어려운 만큼 결국 해외 수주와... ",https://www.investchosun.com/site/data/html_dir/2026/05/08/2026050880166.html,https://www.investchosun.com/site/data/html_dir/2026/05/08/2026050880166.html,"Mon, 11 May 2026 07:02:00 +0900",2026-05-11 08:57:06
건설/인프라,건설 수주,[건설사 체력점검–현대엔지니어링①] 축소의 성과…더 나빠지지 않기 ...,건설업은 수주 감소가 즉각 매출 감소로 이어지지는 않는다. 이미 확보한 공사가 진행되며 일정 기간 매출을 떠받치기 때문이다. 건설업 특성상 수주 감소는 시차를 두고 실적에 반영된다. 현재의 공백은 올해... ,https://theviewers.co.kr/View.aspx?No=4061838,https://theviewers.co.kr/View.aspx?No=4061838,"Mon, 11 May 2026 07:02:00 +0900",2026-05-11 08:57:06
음식료/식품,식품 주가,"[더벨]'쉐프엠' MDS코리아 상장 준비 막바지, 안정성 강점",최근 2~3년새 증시에 상장한 식품기업들의 주가 추이가 부진한 가운데 MDS코리아가 IPO 완주에 성공할 수 있을지 주목된다. 7일 투자은행(IB) 업계에 따르면 MDS코리아는 이달 중 한국거래소에 상장 예비심사를... ,https://www.thebell.co.kr/free/content/ArticleView.asp?key=202605071432069560105470,https://www.thebell.co.kr/free/content/ArticleView.asp?key=202605071432069560105470,"Mon, 11 May 2026 07:02:00 +0900",2026-05-11 08:57:06
음식료/식품,식품 주가,카카오 노조도 들고 일어났다…“우리도 하닉처럼 줘” 성과급 갈등 대...,영업이익 15% 성과급 요구…SK하이닉스 사례가 불씨 10일 IT 업계에 따르면 전국화학섬유식품산업노동조합... 한편 카카오 주가는 코스피 7000 돌파라는 증시 호황 속에서도 4만원대에 머물고 있다. AI 서비스 수익성이... ,https://www.sedaily.com/article/20042282?ref=naver,https://n.news.naver.com/mnews/article/011/0004619249?sid=101,"Sun, 10 May 2026 21:32:00 +0900",2026-05-11 08:57:06
음식료/식품,식품 주가,"에이프릴바이오, 적응증 확대에 급등…추가 기술이전 기대감 부각",및 식품 알레르기까지 개발 범위를 넓히겠다는 계획을 공개했다. 이 소식이 전해지자 에이프릴바이오 주가는 장중 급등해 5만9400원에서 6만6200원으로 거래를 마쳤다. 장중 변동성은 컸지만 장 막판 매수세가 유입돼... ,https://www.asiatoday.co.kr/kn/view.php?key=20260510010002189,https://www.asiatoday.co.kr/kn/view.php?key=20260510010002189,"Sun, 10 May 2026 17:04:00 +0900",2026-05-11 08:57:06
음식료/식품,식품 주가,김용남 &quot;인위적 단일화 정략적…與 스펙트럼 넓히는 게 내 역할&quot;(종합),거래 성사 이후 다른 주주들의 주가는 오히려 하락하기도 한다. 이는 주주 평등의 원칙에도 어긋나는 처사다.... 농림축산식품해양수산위원회를 가야 할 것 같기도 하다. 어느 상임위를 선택할지는 선거가 끝난 이후... ,http://www.edaily.co.kr/news/newspath.asp?newsid=02899526645447608&returntp=election,https://n.news.naver.com/mnews/article/018/0006277821?sid=162,"Sun, 10 May 2026 17:02:00 +0900",2026-05-11 08:57:06
음식료/식품,식품 주가,"다이이찌산쿄, 항암제 ADC 전략 조정에 1조원대 손실",이에 투자자 우려가 커지며 지난달 24일 다이이찌산쿄 주가는 하루 만에 10% 넘게 하락하기도 했다.... 다이이찌산쿄는 아스트라제네카(AZ)와 공동 개발한 ADC 치료제 엔허투가 2019년 미국 식품의약국(FDA) 승인을... ,https://biz.chosun.com/science-chosun/bio/2026/05/10/D4TAEEMQPZBNTOOARO5JEVPFCQ/?utm_source=naver&utm_medium=original&utm_campaign=biz,https://n.news.naver.com/mnews/article/366/0001163167?sid=101,"Sun, 10 May 2026 14:02:00 +0900",2026-05-11 08:57:06
음식료/식품,식품 주가,"편의점株 다시 뛴다…BGF·GS리테일, 호실적에 주가 반등세",유정현 대신증권 연구원은 &quot;오프라인 편의점 점포 구조조정 효과가 실적에 반영되고 있다&quot;며 &quot;소비 회복에 따른 식품 매출 비중 상승이 이어지며 이익 구조가 개선될 경우 주가 상승도 연계될 가능성이 크다&quot;고... ,https://daily.hankooki.com/news/articleView.html?idxno=1365327,https://daily.hankooki.com/news/articleView.html?idxno=1365327,"Sun, 10 May 2026 14:00:00 +0900",2026-05-11 08:57:06
음식료/식품,식품 주가,"[슈가한의 푸드비즈 트렌드] 전쟁이 흔드는 세계 식탁, 외식 산업은 무...","주가는 급등락을 반복했고 환율 변동성도 확대됐다. 그러나 일반 소비자들이 가장 먼저 체감하는 변화는... 중동 시장과 밀접하게 연결된 식품 수출국들도 영향받고 있다. 뉴질랜드와 호주의 양고기 산업, 뉴질랜드 유제품... ",http://www.queen.co.kr/news/articleView.html?idxno=456328,http://www.queen.co.kr/news/articleView.html?idxno=456328,"Sun, 10 May 2026 08:00:00 +0900",2026-05-11 08:57:06
음식료/식품,식품 주가,"[주요공시] 삼성전자, 남선알미늄, 화천기계, SK케미칼, 씨젠, 대양전기...","주가 등락 배경 기업 및 관련 공시 ■ 삼성전자(KOSPI, 005930)와 SK하이닉스(KOSPI, 000660)는 반도체 대형주... 수산·식품 부문은 원자재와 환율 부담이 있었지만, 포장재·물류 등 B2B 부문이 실적 개선을 견인한... ",https://www.kdpress.co.kr/news/articleView.html?idxno=205129,https://www.kdpress.co.kr/news/articleView.html?idxno=205129,"Sat, 09 May 2026 22:32:00 +0900",2026-05-11 08:57:06
음식료/식품,식품 주가,"KT&amp;G, 해외 담배 수익구조 바뀌며 신고가권 진입","내수 방어주로 분류되던 담배주가 해외 수익성 개선을 앞세워 다시 시장 평가를 받고 있다. 직전 거래일... KT&amp;G는 이 변화 속에서 국내 판매 의존도를 낮추고 해외 궐련, 전자담배, 건강기능식품을 함께 키우는... ",https://www.topstarnews.net/news/articleView.html?idxno=16056263,https://www.topstarnews.net/news/articleView.html?idxno=16056263,"Sat, 09 May 2026 18:04:00 +0900",2026-05-11 08:57:06
음식료/식품,음식료 산업,&quot;개미가 또 일냈다&quot; 반등한 코스피 '사상 최고치'...SK하닉도 웃었다,"코스피 산업별로는 IT서비스가 전일 대비 4%대 올랐다. 음식료·담배, 유통, 운송·창고 등은 2%대 상승했고, 섬유·의류, 운송장비·부품, 부동산 등은 1%대 뛰었다. 이에 반해 기계·장비와 일반서비스는 3%대... ",https://www.mt.co.kr/stock/2026/05/08/2026050815513916988,https://n.news.naver.com/mnews/article/008/0005354832?sid=101,"Fri, 08 May 2026 15:55:00 +0900",2026-05-11 08:57:07
음식료/식품,음식료 산업,[긴축의 귀환]② 금리 인하 기대 후퇴…기업·가계 덮친 비용 인플레,"여기에 중동 지정학 리스크까지 겹치면 원유와 산업 원자재 가격 변동성은 더 커질 수밖에 없다. 통화정책... 원재료 가격 상승은 물류비와 중간재 가격을 통해 제조업 전반으로 번지고, 결국 음식료·유통·서비스 가격... ",http://www.opinionnews.co.kr/news/articleView.html?idxno=138102,http://www.opinionnews.co.kr/news/articleView.html?idxno=138102,"Fri, 08 May 2026 14:26:00 +0900",2026-05-11 08:57:07
음식료/식품,음식료 산업,'염블리' 염승환 &quot;영국·독일 다 제치고 코스피 7위…변수는 일론 머스...,◆ 염승환&gt; 그러니까 한국을 그냥 잠깐 왔다가 떠나는 시장이 아니라 진짜 메모리 산업도 구조적으로 바뀌고... 그렇지만 음식료도 있을 수가 있고 통신도 있을 여러 기업들이 있잖아요. 다른 섹터에 있는 기업들이 꼭... ,https://www.nocutnews.co.kr/news/6514019?utm_source=naver&utm_medium=article&utm_campaign=20260508103316,https://n.news.naver.com/mnews/article/079/0004144738?sid=101,"Fri, 08 May 2026 10:34:00 +0900",2026-05-11 08:57:07
음식료/식품,음식료 산업,&quot;개미 빼고 물량 던진다&quot; 파란불 켠 코스피...삼전닉스도 뚝,"코스피 산업별로는 건설, 기계·장비, 보험 등이 전일 대비 3%대 하락했다. 일반서비스, 전기·전자, 제조, 전기·가스 등은 2%대 내렸다. 금속, 금융은 1%대 떨어졌다. 이에 반해 음식료·담배는 1%대 올랐다. 코스피... ",https://www.mt.co.kr/stock/2026/05/08/2026050809323497346,https://n.news.naver.com/mnews/article/008/0005354607?sid=101,"Fri, 08 May 2026 09:36:00 +0900",2026-05-11 08:57:07
음식료/식품,음식료 산업,"코스피, 미·이란 종전 기대감 후퇴에 2%대 하락","다우존스30산업평균지수는 0.63% 하락한 4만9596.96을 기록했다. 한지영 키움증권 연구원은 “미·이란... 반면 IT서비스, 통신, 오락·문화, 음식료·담배 등은 오름세를 보인다. 시가총액 상위 종목은 하락이... ",http://www.edaily.co.kr/news/newspath.asp?newsid=04195126645446952,https://n.news.naver.com/mnews/article/018/0006275555?sid=101,"Fri, 08 May 2026 09:20:00 +0900",2026-05-11 08:57:07
음식료/식품,음식료 산업,[굿모닝! 글로벌 뉴욕증시] 미·이란 충돌 재부각에 약세…반도체주 차...,"기술장비, 재생에너지, 제약, 금속·광업, 경기관련 서비스, 유틸리티, 자동차, 에너지, 산업서비스, 복합산업, 은행·투자서비스, 음식료, 소매, 통신서비스 업종 등이 하락했다. 반면 소프트웨어·IT서비스, 보험... ",https://www.newsquest.co.kr/news/articleView.html?idxno=265918,https://www.newsquest.co.kr/news/articleView.html?idxno=265918,"Fri, 08 May 2026 08:12:00 +0900",2026-05-11 08:57:07
음식료/식품,음식료 산업,‘7000피’ 코스피 1.43% 상승 마감…사흘째 종가 최고치 행진,"반면 증권과 금속, 화학, 종이·목재, 의료·정밀기기, 통신, 오락·문화, IT서비스, 전기·가스, 음식료... 6일(현지시간) 블루칩을 모아놓은 다우존스30 산업평균지수는 전장보다 612.34포인트(1.24%) 오른 4만9910.... ",http://www.edaily.co.kr/news/newspath.asp?newsid=06871606645446624,https://n.news.naver.com/mnews/article/018/0006275159?sid=101,"Thu, 07 May 2026 16:24:00 +0900",2026-05-11 08:57:07
음식료/식품,음식료 산업,"인적분할 후 거침없는 질주… 현대그린푸드, 디지털 전환으로 체질 개선","CJ제일제당과 농심홀딩스, 오리온은 대표 음식료 대형주로서 방어적 성격이 재차 부각됐다. 동서는 안정적인... 농심은 라면 수출 성장 기대에도 밸류에이션 부담이 부각됐고 정다운과 CJ씨푸드, 동원산업은 수산 및 육가공... ",https://www.pinpointnews.co.kr/news/articleView.html?idxno=451104,https://www.pinpointnews.co.kr/news/articleView.html?idxno=451104,"Thu, 07 May 2026 15:56:00 +0900",2026-05-11 08:57:07
음식료/식품,음식료 산업,[인터뷰] ‘개미들의 멘토’ 염승환 “AI 인프라 주도주 함부로 팔지 마...,다만 반도체 외에도 조선·방산·원자력 등 우리나라 주력 산업에 유리한 환경이 조성됐다. 국내에선 내수 침체가 이어지면서 음식료나 의류 등 업종 주가가 특히 좋지 않다. 하지만 그렇게 따지면 미국 증시 체력도... ,https://ilyo.co.kr/?ac=article_view&entry_id=510727,https://ilyo.co.kr/?ac=article_view&entry_id=510727,"Thu, 07 May 2026 13:36:00 +0900",2026-05-11 08:57:07
음식료/식품,음식료 산업,"코스피, 종전 기대감에 장중 7500선 돌파…최고가 행진","6일(현지시간) 블루칩을 모아놓은 다우존스30 산업평균지수는 전장보다 612.34포인트(1.24%) 오른 4만9910.... 화학, 음식료·담배 등 대부분 업종이 오름세다. 시가총액 상위 종목은 삼성전자(005930)가 전거래일... ",http://www.edaily.co.kr/news/newspath.asp?newsid=03922886645446624,https://n.news.naver.com/mnews/article/018/0006274558?sid=101,"Thu, 07 May 2026 09:19:00 +0900",2026-05-11 08:57:07
음식료/식품,음식료 산업,삼전닉스가 끌고 동학개미가 밀었다…7천 뚫고 9천피까지 '쭉'?,"일반서비스, 통신, 종이·목재, 비금속, 음식료·담배는 2% 이상 떨어졌다. 반도체 상승 기대감에 외국인... 핵심 산업&quot;이라며 &quot;추가 상승 가능성은 열려있고, 다만 속도는 둔화할 수 있다&quot;고 했다. 일부... ",https://www.mt.co.kr/stock/2026/05/07/2026050622532729465,https://n.news.naver.com/mnews/article/008/0005353879?sid=101,"Thu, 07 May 2026 06:00:00 +0900",2026-05-11 08:57:07
음식료/식품,음식료 산업,반도체주 랠리에 코스피 7000 시대 열렸다…&quot;앞으로 더 간다&quot;,"일반서비스, 통신, 종이·목재, 비금속, 음식료·담배는 2% 이상 떨어졌다. 반도체 상승 기대감에 외국인... 핵심 산업&quot;이라며 &quot;추가 상승 가능성은 열려있고, 다만 속도는 둔화할 수 있다&quot;고 했다. 일부... ",https://www.mt.co.kr/stock/2026/05/07/2026050616072715279,https://n.news.naver.com/mnews/article/008/0005353672?sid=101,"Wed, 06 May 2026 16:18:00 +0900",2026-05-11 08:57:07
음식료/식품,음식료 산업,'함께'서 '나 혼자 논다'…폰게임에 밀린 PC방,"일부 PC방은 음식료를 판매하며 수익원을 다각화하고 있지만, 업계 전반의 하향세를 되돌리기에는... 인공지능(AI) 열풍도 PC방 산업에 직격탄을 날렸다. PC방 창업 비용이 늘어난 탓이다. AI 반도체 위주로 라인이... ",https://www.hankyung.com/article/2026050453731,https://n.news.naver.com/mnews/article/015/0005283074?sid=102,"Tue, 05 May 2026 06:01:00 +0900",2026-05-11 08:57:07
음식료/식품,음식료 산업,"서울 증시 '후끈후끈', 코스피 5%대 급등 6936.99 ·SK하이닉스 144만7000원","산업통상자원부에 따르면 4월 반도체 수출액은 전년 대비 173.5% 급증한 319억달러를 기록해 역대 두... 건설(-3.99%), 부동산(-3.72%), 오락·문화(-1.38%), 종이·목재(-1.31%), 비금속(-1.08%), 음식료·담배(-0.24%), 제약(-0.... ",http://www.seoulwire.com/news/articleView.html?idxno=719894,http://www.seoulwire.com/news/articleView.html?idxno=719894,"Mon, 04 May 2026 16:36:00 +0900",2026-05-11 08:57:07
음식료/식품,음식료 산업,[금융레이더] KB손해보험/삼성생명/한화생명/하나손해보험/하나카드/현...,"선발된 인원은 7월부터 내년 1월까지 6개월간 드림플러스 관악 공간에서 산업계 전문가 강연, 실전 투자... 다양한 음식료로 구성됐다. ◆웰컴저축은행, 이세돌 모델 ‘AI금융비서’ 실생활 활용법 담은 신규 광고 공개... ",https://www.dnews.co.kr/uhtml/view.jsp?idxno=202605040933029990452,https://www.dnews.co.kr/uhtml/view.jsp?idxno=202605040933029990452,"Mon, 04 May 2026 12:42:00 +0900",2026-05-11 08:57:07
음식료/식품,음식료 산업,[굿모닝! 글로벌 뉴욕증시] 빅테크 호실적 및 미국-이란 종전협상 기대...,"업종별로는 등락이 엇갈린 가운데 소프트웨어/IT서비스, 기술장비, 재생에너지, 산업서비스, 화학, 제약, 은행/투자서비스, 지주사 업종 등이 상승한 반면, 음식료, 복합산업, 소매, 자동차, 보험, 산업서비스... ",https://www.newsquest.co.kr/news/articleView.html?idxno=265702,https://www.newsquest.co.kr/news/articleView.html?idxno=265702,"Mon, 04 May 2026 08:58:00 +0900",2026-05-11 08:57:07
음식료/식품,음식료 산업,"'기록 경신' 코스피, 나흘 만에 하락으로 선회... 기름값 상승 여파","전통적인 우량주 30개 종목을 담은 다우존스30 산업평균지수는 전장대비 280.12포인트(-0.57%) 하락한 48,861.... 업종별로 보면 오락·문화(2.30%), 부동산(1.44%), 음식료·담배(0.46%) 정도만 올랐다. 반면 건설(-4.13%), 증권(-3.... ",https://www.getnews.co.kr/news/articleView.html?idxno=869142,https://www.getnews.co.kr/news/articleView.html?idxno=869142,"Thu, 30 Apr 2026 16:56:00 +0900",2026-05-11 08:57:07
음식료/식품,음식료 산업,"'글로벌 IP몰' 선언한 마리오아울렛 2.0, '게임 덕후들' 마음 잡을까",그 외 파이널판타지 IP를 활용한 음식료를 제공하는 콜라보카페와 각 기업 IP를 활용한 굿즈 스토어도... IP몰 공간이 필요하다고 생각했고 이를 통해 한국과 일본의 IP 산업이 함께 성장할 수 있을 것으로 본다&quot;고 밝혔다.,https://www.sisaweek.com/news/articleView.html?idxno=235244,https://www.sisaweek.com/news/articleView.html?idxno=235244,"Wed, 29 Apr 2026 17:50:00 +0900",2026-05-11 08:57:07
음식료/식품,음식료 산업,"K-스낵, 글로벌 메인스트림 진입…매출·주가 동반 질주",음식료 업종 내에서도 수출형 스낵 기업의 성장세가 눈에 띈다. 식품업은 과거 경기 방어주로 분류됐으나 글로벌 수요를 기반으로 한 성장 산업으로 재평가됐다. 특히 K-콘텐츠 확산과 함께 한국식 매운맛과 간식 문화가... ,https://www.m-i.kr/news/articleView.html?idxno=1368837,https://www.m-i.kr/news/articleView.html?idxno=1368837,"Wed, 29 Apr 2026 13:58:00 +0900",2026-05-11 08:57:07
음식료/식품,음식료 산업,"코스피, 미국 증시 약세 영향 속 혼조세…개인·기관 매수에 반등 시도","간밤 다우존스30 산업평균지수는 0.05% 내렸고, S&amp;P500 지수와 나스닥 종합지수는 각각 0.49%, 0.90% 하락했다.... 업종별로는 화학(1.79%), 음식료·담배(0.97%), 운송장비·부품(0.83%) 등이 상승했고 부동산(-3.52%), 증권(-1.33... ",https://www.fntoday.co.kr/news/articleView.html?idxno=383384,https://www.fntoday.co.kr/news/articleView.html?idxno=383384,"Wed, 29 Apr 2026 10:34:00 +0900",2026-05-11 08:57:07
음식료/식품,식품 수출,"대상, 수출입은행과 취약계층 먹거리 지원…5억5000만원 매칭 기부","협약에 따라 대상은 ▲종가 김치 ▲국탕류 ▲반찬 ▲간식 등으로 구성된 3억5000만원 상당의 식품 꾸러미 1만세트를 제공하고, 수출입은행은 2억원의 현금을 보탠다. 조성된 총 5억5000만원 규모의 기부품과 지원금은 올해... ",https://www.digitaltoday.co.kr/news/articleView.html?idxno=664343,https://www.digitaltoday.co.kr/news/articleView.html?idxno=664343,"Mon, 11 May 2026 08:54:00 +0900",2026-05-11 08:57:08
음식료/식품,식품 수출,"[게시판] 대상, 한국수출입은행과 손잡고 취약계층 먹거리 지원","대상은 종가 김치와 반찬 등 3억5천만원 상당의 식품 꾸러미 1만세트를, 한국수출입은행은 2억원의 현금을 지원해 총 5억5천만원 규모가 올해 상·하반기에 걸쳐 지역사회 취약계층에 전달될 예정이다. (서울=연합뉴스)",https://www.yna.co.kr/view/AKR20260511022500030?input=1195m,https://n.news.naver.com/mnews/article/001/0016068616?sid=101,"Mon, 11 May 2026 08:49:00 +0900",2026-05-11 08:57:08
음식료/식품,식품 수출,"대상·수출입은행, 취약계층 먹거리 지원 맞손…&quot;기본 식생활 안전망 강...",식품기업 대상이 한국수출입은행과 손잡고 취약계층을 위한 먹거리 지원에 나선다. 단순 기부를 넘어 민간과 공공이 함께 참여하는 '매칭그랜트' 방식이 적용됐다는 점에서 생활 밀착형 복지 협력 모델로 주목된다.... ,https://www.thefairnews.co.kr/news/articleView.html?idxno=76539,https://www.thefairnews.co.kr/news/articleView.html?idxno=76539,"Mon, 11 May 2026 08:46:00 +0900",2026-05-11 08:57:08
음식료/식품,식품 수출,"대상, 취약계층 지원 확대…‘그냥드림’ 사업 동참","이에 따라 대상은 올해 종가 김치와 국탕류, 반찬, 간식 등으로 구성한 3억5000만원 상당의 식품 꾸러미 1만세트를 지원한다. 한국수출입은행은 현금 2억원을 추가로 지원해 총 5억5000만원 규모의 지원이 이뤄진다. 조성된... ",https://www.socialvalue.kr/news/view/1065569343777956,https://www.socialvalue.kr/news/view/1065569343777956,"Mon, 11 May 2026 08:36:00 +0900",2026-05-11 08:57:08
음식료/식품,식품 수출,"대상, 취약계층 지원에 앞장..한국수출입은행 그냥드림 사업 참여","협약에 따라 대상은 종가 김치와 각종 국탕류 및 반찬, 간식 등으로 구성한 3억5000만원 상당의 식품 꾸러미 총 1만 세트를 제공한다. 한국수출입은행은 2억원 현금을 지원한다. 조성된 총 5억5000만원 규모의 식품... ",https://kpenews.com/View.aspx?No=4072331,https://kpenews.com/View.aspx?No=4072331,"Mon, 11 May 2026 08:22:00 +0900",2026-05-11 08:57:08
음식료/식품,식품 수출,"수출입은행, 대상과 먹거리·생필품 지원…5억5000만원 규모","한국수출입은행(이하 수은)은 식품사 대상㈜과 함께 5억5000만원 규모의 ‘그냥드림’ 사업에 참여한다고 11일 밝혔다. 김진섭 한국수출입은행 부행장, 김경숙 대상 ESG경영실 상무, 김현훈 한국사회복지협의회 회장 등이... ",http://www.edaily.co.kr/news/newspath.asp?newsid=02079526645447936,https://n.news.naver.com/mnews/article/018/0006278050?sid=101,"Mon, 11 May 2026 08:15:00 +0900",2026-05-11 08:57:08
음식료/식품,식품 수출,"[진단] 소식만 많은 '신약', 정작 현장에는?… 제약사 상용화 문턱 아득","식품의약품안전처 허가를 받는 순간 기업은 기술력을 인정받지만, 그다음 문턱은 더 냉정하다. 건강보험... 기술수출을 한 부분이 도움이 됐고, 이를 통해 국내 임상 등에 더 집중할 수 있는 환경이 조성됐다&quot;라고... ",http://www.economytalk.kr/news/articleView.html?idxno=421200,http://www.economytalk.kr/news/articleView.html?idxno=421200,"Mon, 11 May 2026 07:26:00 +0900",2026-05-11 08:57:08
음식료/식품,식품 수출,&quot;이런 감칠 맛이…&quot; 캐나다 화끈하게 달군 K푸드,"aT 미주지역본부 윤미정 본부장은 “캐나다는 새로운 식품에 대한 수용도가 높은 시장”이라며 “건강함과 프리미엄, 발효식품의 강점을 앞세워 북미시장 수출 확대의 핵심 거점으로 육성해 나가겠다”고 밝혔다.",https://www.koreadaily.com/article/20260510152158997,https://www.koreadaily.com/article/20260510152158997,"Mon, 11 May 2026 07:22:00 +0900",2026-05-11 08:57:08
음식료/식품,식품 수출,"[창간1특집] 농업, 미래를 재설계한다 ①K-농업 새로운 성장동력 창출",올해 농식품 수출 목표는 122억 달러로 한국농수산식품유통공사(aT) 농식품수출정보에 따르면 지난 3월까지 수출액 25억3590만 달러로 전년 동기 대비 3.7% 성장하는 호성적을 거뒀다. 다만 미국·이란 전쟁으로 인한... ,https://www.aflnews.co.kr/news/articleView.html?idxno=320285,https://www.aflnews.co.kr/news/articleView.html?idxno=320285,"Mon, 11 May 2026 07:06:00 +0900",2026-05-11 08:57:08
음식료/식품,식품 수출,"[창간1특집] 불확실성의 시대, 국가생존의 법칙 '식량안보' - ④전문가 ...",&lt;무순&gt; 이철호 고려대 식품공학과 명예교수(前 식량안보연구재단 이사장) 유가 불안 넘어 식량안보 영향에도... 기후변화는 식량안보 측면에 있어서 국내뿐만 아니라 식량을 수출하는 다른 국가에까지 영향을 미치고 있다.... ,https://www.aflnews.co.kr/news/articleView.html?idxno=320232,https://www.aflnews.co.kr/news/articleView.html?idxno=320232,"Mon, 11 May 2026 07:06:00 +0900",2026-05-11 08:57:08
뷰티/화장품,화장품 주가,"[특징주] 한국콜마, 1분기 '어닝 서프라이즈'…증권가 목표가 줄상향",한국콜마가 올해 1분기 시장 기대치를 웃도는 실적을 기록하면서 증권가가 일제히 목표주가를 상향... 증권가는 한국 화장품 수출 업황 회복과 함께 한국콜마의 실적 모멘텀이 당분간 이어질 것으로 보고 있다. 특히... ,https://www.ebn.co.kr/news/articleView.html?idxno=1708186,https://www.ebn.co.kr/news/articleView.html?idxno=1708186,"Mon, 11 May 2026 08:48:00 +0900",2026-05-11 08:57:08
뷰티/화장품,화장품 주가,"한국콜마, 영업이익 레버리지 지속…목표가 18%↑-한국",한국투자증권은 11일 한국콜마(161890)에 대해 양호한 주가 흐름이 예상된다며 목표주가를 13만원으로 기존... 0% 늘어 화장품 수출 흐름보다 양호했고 영업이익은 무려 51.2% 증가했다”고 말했다. 그러면서 “작년에... ,http://www.edaily.co.kr/news/newspath.asp?newsid=02030326645447936,https://n.news.naver.com/mnews/article/018/0006278037?sid=101,"Mon, 11 May 2026 08:03:00 +0900",2026-05-11 08:57:08
뷰티/화장품,화장품 주가,"유안타증권 &quot;파마리서치, 의료기기 회복 여부가 관건…목표가 10%↓&quot;","부문별 매출액은 의료기기 795억원, 화장품 422억원, 의약품 214억원 등이다. 이승은 유안타증권 연구원은 목표주가 하향에 대해 &quot;방한 외국인 수가 직전 분기 대비 2.3% 감소한 영향이 있었다고 하나, 내수 의료기기... ",https://www.etoday.co.kr/news/view/2583084,https://www.etoday.co.kr/news/view/2583084,"Mon, 11 May 2026 07:36:00 +0900",2026-05-11 08:57:08
뷰티/화장품,화장품 주가,"대신증권 &quot;'리쥬란' 파마리서치, 브랜드 투자 재평가&quot;",또 &quot;현재 주가는 2026년 예상 실적 기준 주가수익비율(PER) 15배 수준으로 과거 평균 대비 크게 낮아진 구간&quot;이라며 &quot;유럽 수출 회복과 화장품 채널 확장이 확인될 경우 밸류에이션 리레이팅 가능성이 있다&quot;고 지적했다.,https://www.financialpost.co.kr/news/articleView.html?idxno=258463,https://www.financialpost.co.kr/news/articleView.html?idxno=258463,"Mon, 11 May 2026 07:32:00 +0900",2026-05-11 08:57:08
뷰티/화장품,화장품 주가,"'리쥬란' 광고 확대...파마리서치, 브랜드 투자 재평가-대신증권",아울러 그는 &quot;현재 주가는 2026년 예상 실적 기준 주가수익비율(PER) 15배 수준으로 과거 평균 대비 크게 낮아진 구간&quot;이라며 &quot;유럽 수출 회복과 화장품 채널 확장이 확인될 경우 밸류에이션 리레이팅 가능성이 있다&quot;고... ,http://www.fnnews.com/news/202605110709529581,https://n.news.naver.com/mnews/article/014/0005519458?sid=101,"Mon, 11 May 2026 07:15:00 +0900",2026-05-11 08:57:08
뷰티/화장품,화장품 주가,[주간증시전망] 외국인 이탈 속 개인이 떠받친 '칠천피'···어디까지?,"반도체 쏠림 이후 방산·이차전지·증권·조선·화장품 등 호실적 업종으로의 순환매가 전개될 수 있을지도... 8포인트로 레벨업됐고, 지수 사상 최고치에도 선행 주가수익비율(PER)은 7.66배에 불과하다&quot;며 &quot;밸류에이션... ",https://www.seoulfn.com/news/articleView.html?idxno=628383,https://www.seoulfn.com/news/articleView.html?idxno=628383,"Sun, 10 May 2026 20:20:00 +0900",2026-05-11 08:57:08
뷰티/화장품,화장품 주가,"[주간 증시 전망] 코스피, 7500시대 열었다…반도체 질주에 '7800' 정조준","삼성전자와 SK하이닉스 주가가 급등하면서 코스피는 장중 7500포인트선을 돌파했다. 삼성전자는 26만8500원... 반면 건설·건축(-5.3%), 화장품·의류·완구(-4.6%), 호텔·레저(-4.4%) 업종은 상대적으로 부진했다. 중동... ",https://www.newsworks.co.kr/news/articleView.html?idxno=840211,https://www.newsworks.co.kr/news/articleView.html?idxno=840211,"Sun, 10 May 2026 18:00:00 +0900",2026-05-11 08:57:08
뷰티/화장품,화장품 주가,중국 소비 회복 기대감에 화장품주 강세…뷰티스킨·마녀공장 질주,"일부 종목은 실적 변동성이 크지만 브랜드 인지도 상승 여부에 따라 높은 주가 탄력성을 보일 수 있다는 분석이 제기됐다. 화장품 원료·부자재 관련 기업들의 움직임도 이어졌다. 한국화장품제조, 네오팜, 씨티케이... ",https://www.pinpointnews.co.kr/news/articleView.html?idxno=451630,https://www.pinpointnews.co.kr/news/articleView.html?idxno=451630,"Sun, 10 May 2026 17:18:00 +0900",2026-05-11 08:57:08
뷰티/화장품,화장품 주가,칠천피 시대에도 증권사 오류 반복,"(MTS)에 화장품 제조자개발생산(ODM) 기업 한국콜마의 실적이 잘못 표기되는 어처구니없는 일이 벌어졌다.... 이같은 깜짝 호실적에 일부 증권사들이 한국콜마의 목표주가를 서둘러 상향했고, 실적 발표 당일 한국콜마... ",http://www.segyebiz.com/newsView/20260510506172?OutUrl=naver,http://www.segyebiz.com/newsView/20260510506172?OutUrl=naver,"Sun, 10 May 2026 14:42:00 +0900",2026-05-11 08:57:08
뷰티/화장품,화장품 주가,패션 넘어 라이브커머스까지...폰드그룹 확장 전략 통했다,넘어 화장품과 플랫폼 사업을 결합한 복합 소비재 기업으로 진화하고 있다는 점에 주목하고 있다. 폰드그룹의 핵심 변화는 '사업 포트폴리오 다변화'와 '고수익 사업 확대'에 있다는 분석이 나온다. 목표주가와... ,https://www.pinpointnews.co.kr/news/articleView.html?idxno=451588,https://www.pinpointnews.co.kr/news/articleView.html?idxno=451588,"Sun, 10 May 2026 12:14:00 +0900",2026-05-11 08:57:08
뷰티/화장품,뷰티 산업,"CJ ENM 'KCON JAPAN 2026', 3일간 12만 명 모은 K-라이프스타일 축제",이 공간에서 진행된 'K-CINEMA SHOWCASE'는 AI 기술을 접목한 미래형 콘텐츠와 함께 K-콘텐츠 산업의 현재와 향후 흐름을 짚는 프로그램으로 관심을 모았다. K-뷰티와 푸드를 내세운 존에서는 현지 관객과 브랜드가... ,https://www.topstarnews.net/news/articleView.html?idxno=16056974,https://www.topstarnews.net/news/articleView.html?idxno=16056974,"Mon, 11 May 2026 08:24:00 +0900",2026-05-11 08:57:09
뷰티/화장품,뷰티 산업,"스타필드, 안전부터 일상까지 책임진다…‘생활 안전 캠페인’·운정 복...","한국산업안전보건공단과 함께 참여형 생활 안전 캠페인을 진행하는 한편, 경기 파주 운정신도시에는 초대형... ‘미니소’, 뷰티 편집숍 ‘오프 뷰티’ 등 생활 밀착형 브랜드들이 대거 들어서며 지역 주민들의 편의성을... ",https://www.viva100.com/article/20260511500046,https://www.viva100.com/article/20260511500046,"Mon, 11 May 2026 08:08:00 +0900",2026-05-11 08:57:09
뷰티/화장품,뷰티 산업,"서울시, 경단녀 구직지원금 대상 1천800명 모집…6월 5일까지","특히 인공지능(AI) 기반 직업상담 실무전문가, 구글·AI 활용 디지털 비즈니스 실무, 패션·뷰티 분야 이커머스 창업 과정 등 최신 산업 수요를 반영한 교육을 제공한다. 구직지원금 지급 후에도 인턴십과 고용장려금 등을... ",https://www.ngonews.kr/news/articleView.html?idxno=229615,https://www.ngonews.kr/news/articleView.html?idxno=229615,"Mon, 11 May 2026 08:00:00 +0900",2026-05-11 08:57:09
뷰티/화장품,뷰티 산업,[관광 특수 리포트 下] K-쇼핑의 진화...'체험형 콘텐츠'에 지갑 연다,K-뷰티뿐 아니라 한국 고유의 문화를 경험할 수 있도록 콘텐츠 전반을 세심하게 기획했다&quot;고 말했다. 이어 &quot;향후에도 방한 관광객의 만족도를 높이고 K관광 산업에 기여할 수 있도록 글로벌 관광 상권 전략을 지속... ,https://www.banronbodo.com/news/articleView.html?idxno=32246,https://www.banronbodo.com/news/articleView.html?idxno=32246,"Mon, 11 May 2026 08:00:00 +0900",2026-05-11 08:57:09
뷰티/화장품,뷰티 산업,"G마켓, '빅스마일데이' 특가상품 스타배송...스타필드, '생활안전' 캠페...",식품 및 뷰티 카테고리에서는 ▲농심 라면 20봉 세트 ▲락토핏 골드 50포 6통 ▲설화수 자음 2종세트 등을 스타배송 상품으로 제안한다. 사진=신세계프라퍼티 스타필드가 한국산업안전보건공단과 손잡고 참여형 생활... ,https://www.slist.kr/news/articleView.html?idxno=738122,https://www.slist.kr/news/articleView.html?idxno=738122,"Mon, 11 May 2026 07:30:00 +0900",2026-05-11 08:57:09
뷰티/화장품,뷰티 산업,빌보드는 거들 뿐…K팝 '수익 텃밭'은 일본,"팬덤 경제의 중심축이 공연으로 이동하면서 일본은 K팝 산업의 가장 안정적인 수익 시장으로 자리 잡고... 올해 행사는 K뷰티와 K푸드, K콘텐츠 체험 공간까지 마련하며 축제형 플랫폼으로 진화했다. 지난해 같은... ",https://view.asiae.co.kr/article/2026050816370487665,https://n.news.naver.com/mnews/article/277/0005760597?sid=103,"Mon, 11 May 2026 07:27:00 +0900",2026-05-11 08:57:09
뷰티/화장품,뷰티 산업,"&quot;육아 때문에 경단녀 됐는데&quot;…서울시, 최대 90만원에 취업까지 지원","특히 AI 기반 직업상담 실무전문가 과정과 구글·AI 활용 디지털 비즈니스 실무, 패션·뷰티 분야 이커머스 창업 과정 등 최신 산업 수요를 반영한 교육 프로그램이 포함됐다. 서울시는 지원금 지급 이후에도 인턴십과... ",https://www.kizmom.com/news/articleView.html?idxno=110124,https://www.kizmom.com/news/articleView.html?idxno=110124,"Mon, 11 May 2026 07:23:00 +0900",2026-05-11 08:57:09
뷰티/화장품,뷰티 산업,"[기업認] [스타비젼] 오렌즈, 해외서 더 팔렸다",성장세는 K-뷰티 선호도가 높은 일본과 홍콩 등 아시아 시장에서 두드러졌다. 일본 판매를 담당하는... 이들 업체는 반도체 산업 기반의 정밀 제조 기술과 대규모 생산 설비를 앞세워 원가 경쟁력을 확보한 것으로... ,https://news.dealsitetv.com/articles/168993,https://news.dealsitetv.com/articles/168993,"Mon, 11 May 2026 07:06:00 +0900",2026-05-11 08:57:09
뷰티/화장품,뷰티 산업,‘웨어러블 패션·뷰티’의 원대한 꿈…디지털 네트워킹을 선점하라,맥킨지 앤드 컴퍼니의 2023년 뷰티 산업 보고서에 따르면 글로벌 뷰티 기업의 70% 이상이 AR·디지털 체험 기술을 도입하거나 파일럿 테스트 단계에 있다. 로레알 리서치가 발표한 2022년 글로벌 뷰티 트렌드 조사에서는... ,https://economist.co.kr/article/view/ecn202605060002,https://n.news.naver.com/mnews/article/243/0000097634?sid=101,"Mon, 11 May 2026 06:30:00 +0900",2026-05-11 08:57:09
뷰티/화장품,뷰티 산업,"[Interview] 박종범 월드옥타 회장 | &quot;75개국 한인 기업가 네트워크, 지방...","한식과 K-뷰티 상품 인기가 높아지면서 유사 브랜드와 저품질 제품이 늘어나고 있다는 것이다. 월드옥타는... 기존의 국내 경제 단체가 산업과 제도 중심 역할을 한다면, 월드옥타는 해외 현장에서 쌓은 실질 경험이... ",https://economychosun.com/site/data/html_dir/2026/05/04/2026050400019.html,https://economychosun.com/site/data/html_dir/2026/05/04/2026050400019.html,"Mon, 11 May 2026 06:16:00 +0900",2026-05-11 08:57:09
뷰티/화장품,뷰티 산업,"서울시, 경력단절 여성 위한 '서울커리업' 2차 모집","올해는 AI 기반 직업상담 전문가와 구글·AI 활용 디지털 비즈니스 실무, 패션·뷰티 분야 이커머스 창업 과정 등 최신 산업 수요를 반영한 교육이 보강됐다. 지역별로는 강북에서 ‘AI 기반 차세대 책 편집 디자이너’... ",http://www.edaily.co.kr/news/newspath.asp?newsid=01646566645447936,https://n.news.naver.com/mnews/article/018/0006278005?sid=100,"Mon, 11 May 2026 06:06:00 +0900",2026-05-11 08:57:09
뷰티/화장품,뷰티 산업,"유통업계, 인구 350만 몽골 시장 몰려드는 까닭은?",산업통상자원부 등에 따르면 몽골은 전체 인구의 60% 이상이 34세 이하로 구성된 젊은 국가다. 최근 한국 드라마와 K-팝을 중심으로 한 한류 영향력이 확대되면서 K-푸드와 K-뷰티에 대한 현지 선호도 역시 빠르게... ,https://www.viva100.com/article/20260510500337,https://www.viva100.com/article/20260510500337,"Mon, 11 May 2026 06:02:00 +0900",2026-05-11 08:57:09
뷰티/화장품,뷰티 산업,“K-뷰티는 브랜드보다 레시피”… 화장품 ODM기업들 ‘만개’,"K-뷰티 산업의 무게중심이 브랜드에서 제조사로 이동하고 있다. 과거 중국 소비를 기반으로 성장했던 화장품 시장이 이제 미국·유럽 중심으로 재편되면서, 발빠른 글로벌 진출을 가능하게 해주는 국내 ODM... ",https://www.viva100.com/article/20260510500172,https://www.viva100.com/article/20260510500172,"Mon, 11 May 2026 06:02:00 +0900",2026-05-11 08:57:09
뷰티/화장품,뷰티 산업,[푸드테크] ① AI가 요리하고 로봇이 튀긴다…식품업에 나타난 '기술혁...,"인공지능(AI)과 로봇, 데이터 기술이 식품 산업과 결합하며 '푸드테크(Food Tech)'가 미래 성장산업으로... 유 대표는 &quot;에너지와 면역, 수면·인지 개선, 이너뷰티 등 11가지 기능성 원료를 고객 상태에 맞춰 조합해 단 한... ",https://www.newspim.com/news/view/20260509000067,https://www.newspim.com/news/view/20260509000067,"Mon, 11 May 2026 06:00:00 +0900",2026-05-11 08:57:09
뷰티/화장품,뷰티 산업,"서울시, 경단녀 1천800명에 구직지원금…AI 교육·인턴십 연계","특히 인공지능(AI) 기반 직업상담 실무전문가, 구글·AI 활용 디지털 비즈니스 실무, 패션·뷰티 분야 이커머스 창업 과정 등 최신 산업 수요를 반영한 교육을 제공한다. 구직지원금 지급 후에도 인턴십과 고용장려금 등을... ",https://www.yna.co.kr/view/AKR20260510032700004?input=1195m,https://n.news.naver.com/mnews/article/001/0016068496?sid=102,"Mon, 11 May 2026 06:00:00 +0900",2026-05-11 08:57:09
뷰티/화장품,뷰티 산업,"윤상현 체제 첫 시험대...한국콜마, 실적으로 답할까",브랜드사보다 이익률이 낮은 제조기업이 자산 5조원 이상의 대기업 집단에 포함된 건 K뷰티 산업의 성장 축이 제조 인프라로 확대되고 있다는 의미기 때문이다. ODM 기업이 생산 기지를 넘어 글로벌 뷰티 공급망의 핵심... ,https://www.dnews.co.kr/uhtml/view.jsp?idxno=202605081808147500076,https://www.dnews.co.kr/uhtml/view.jsp?idxno=202605081808147500076,"Mon, 11 May 2026 05:40:00 +0900",2026-05-11 08:57:09
뷰티/화장품,K뷰티 수출,"교보證 “한국콜마, 기대치 18% 웃돈 깜짝 실적…목표가 13만원”",권 연구원은 “한국콜마의 강점인 기초와 선케어 제품이 여전히 K뷰티 수출의 핵심 카테고리”라며 “최근 미국뿐 아니라 유럽 등 비미국 지역으로 수출 성장세가 확대되면서 수요 흐름도 더욱 견조해지고 있다”고... ,https://www.etoday.co.kr/news/view/2583104,https://www.etoday.co.kr/news/view/2583104,"Mon, 11 May 2026 08:24:00 +0900",2026-05-11 08:57:10
뷰티/화장품,K뷰티 수출,"KB證 &quot;'호실적' 한국콜마, 성장성 대비 주가 저평가…목표가↑&quot;","그러면서 &quot;스킨케어, 선케어 중심 K-뷰티 수출 확대가 직접적으로 한국콜마 별도 법인 수주 증가로 이어지고 있다&quot;며 &quot;이러한 추세는 당분간 지속될 것&quot;이라고 내다봤다. 이에 따라 올해 연간 영업이익 추정치를... ",https://www.yna.co.kr/view/AKR20260511019800008?input=1195m,https://n.news.naver.com/mnews/article/001/0016068583?sid=101,"Mon, 11 May 2026 08:23:00 +0900",2026-05-11 08:57:10
뷰티/화장품,K뷰티 수출,"“한국콜마, 1분기 서프라이즈에 목표가 높여…목표가↑“-KB","그는 “스킨케어, 선케어 중심 K-뷰티 수출확대가 직접적으로 한국콜마 별도 법인 수주 증가로 이어지고 있다”면서 “이같은 추세는 당분간 지속될 것으로 보이며, 성수기인 2분기에는 또다시 사상 최대 수준의... ",https://www.itooza.com/common/iview.php?no=2026051107555641040,https://www.itooza.com/common/iview.php?no=2026051107555641040,"Mon, 11 May 2026 07:56:00 +0900",2026-05-11 08:57:10
뷰티/화장품,K뷰티 수출,"바이오에프티, 비건 PDRN으로 유럽 클린뷰티 원료망 넓힌다",이번 협업은 K-뷰티 원료 기업이 완제품 브랜드 중심 수출을 넘어 원료·제형·공급망 단계로 해외 접점을 넓히는 흐름과 맞물린다. 동물 유래 원료를 대체하려는 윤리적 소비 흐름과 지속가능성 요구가 커지면서... ,https://www.vegannews.co.kr/news/article.html?no=382596,https://www.vegannews.co.kr/news/article.html?no=382596,"Sun, 10 May 2026 22:24:00 +0900",2026-05-11 08:57:10
뷰티/화장품,K뷰티 수출,콜롬비아 화장대 점령한 K-뷰티…일시적 유행 넘어 '생활 문화'로,"지난해(2025년) 기준, 중남미 K-뷰티 시장 수출액은 2억 달러를 돌파하며 가파른 성장세를 이어가고 있습니다. 현재는 멕시코와 브라질이 시장을 주도하고 있지만, 콜롬비아는 가장 주목받는 신흥시장입니다. 수출 규모는... ",https://www.ytn.co.kr/replay/view.php?idx=46&key=202605102147310220,https://n.news.naver.com/mnews/article/052/0002351157?sid=104,"Sun, 10 May 2026 21:47:00 +0900",2026-05-11 08:57:10
뷰티/화장품,K뷰티 수출,&quot;국내는 좁다&quot; 中 시장 공략 나선 제주삼다수,최근 'K뷰티' 'K푸드'에 대한 관심이 높아지는 점에 주목해 한인 커뮤니티를 넘어 중국 현지 소비자를 직접 공략하는 방향으로 제주삼다수 수출 전략을 전환한 것이다. 제주개발공사는 제주삼다수의 품질 경쟁력을 앞세워... ,https://www.mk.co.kr/article/12042721,https://n.news.naver.com/mnews/article/009/0005677809?sid=102,"Sun, 10 May 2026 17:45:00 +0900",2026-05-11 08:57:10
뷰티/화장품,K뷰티 수출,"월마트 600개 매장 입점…토니모리, 북미 공략 가속",이번 입점으로 토니모리는 전체 수출액의 약 30%를 차지하는 북미 뷰티 시장에서 입지를 더욱 확대하게... 이를 통해 글로벌 유통망 확대와 함께 K-뷰티 브랜드로서의 경쟁력을 강화하고 있다. 토니모리 관계자는... ,https://www.sportsseoul.com/news/read/1608286?ref=naver,https://n.news.naver.com/mnews/article/468/0001239487?sid=103,"Sun, 10 May 2026 17:09:00 +0900",2026-05-11 08:57:10
뷰티/화장품,K뷰티 수출,"제주대, 산자부 '지역혁신클러스터' 선정…총 168억원 확보","제주형 K-뷰티·K-바이오 산업 고도화를 주도할 예정이다. 2026년부터 2030년까지 5년간 단계적으로 추진되는... 및 수출 지원 등이다. 세부 과제별로는 △제1세부과제, 제주 지역자원을 활용한 건강기능식품 개별 인정형... ",https://www.jejusori.net/news/articleView.html?idxno=502621,https://www.jejusori.net/news/articleView.html?idxno=502621,"Sun, 10 May 2026 14:38:00 +0900",2026-05-11 08:57:10
뷰티/화장품,K뷰티 수출,"“미국 찍고 중동까지”...K뷰티, 해외 유통망 확장 가속","토니모리는 전체 수출액의 약 30%가 북미 시장에서 발생하고 있으며 현재 ‘타깃’, ‘아마존’ 등 대형 온오프라인 채널에 입점해 있다. 토니모리 관계자는 “오프라인 채널 및 대형 할인점의 선호도가 높은 미국 뷰티... ",https://www.sedaily.com/article/20041902?ref=naver,https://n.news.naver.com/mnews/article/011/0004619120?sid=101,"Sun, 10 May 2026 14:01:00 +0900",2026-05-11 08:57:10
뷰티/화장품,K뷰티 수출,"제주삼다수, 중국 대형 온라인 플랫폼 첫 진출","제주삼다수는 그간 중국 내 한인 시장을 중심으로 수출을 이어왔으나 온라인 채널을 통한 현지 소비자 대상 판매는 이번이 처음이다. 최근 K-뷰티, K-푸드에 대한 관심이 높아지면서 한인 시장을 넘어 현지 소비자를 직접... ",https://www.jejumaeil.net/news/articleView.html?idxno=400691,https://www.jejumaeil.net/news/articleView.html?idxno=400691,"Sun, 10 May 2026 13:20:00 +0900",2026-05-11 08:57:10
뷰티/화장품,K뷰티 수출,"토니모리, 미국 ‘동네 화장품’ 시장 뚫었다..월마트 600개 매장 상륙","글로벌 K-뷰티 브랜드 토니모리가 미국 최대 오프라인 유통 채널인 월마트 전국 600개 매장에 처음으로... 현재 토니모리의 전체 수출에서 북미 시장은 약 30%를 차지하고 있으며, 미국은 한국 화장품 최대 수출국으로 빠른... ",https://economist.co.kr/article/view/ecn202605100012,https://n.news.naver.com/mnews/article/243/0000097624?sid=101,"Sun, 10 May 2026 13:19:00 +0900",2026-05-11 08:57:10
운송/물류,운송 주가,"[증시전망대] '7천피' 찍은 코스피, 이번 주엔 '8천피' 문 두드리나","운송지수도 각각 0.76%, 0.08%씩 오름세를 보였다. 코스피 야간 선물은 미국 반도체·스토리지 기업 급등 영향으로 4.92%나 뛰어, 이번 주 국내 증시의 강세 출발 가능성을 키웠다. 나정환 NH투자증권 연구원은 &quot;주가지수... ",http://www.newsroad.co.kr/news/articleView.html?idxno=59151,http://www.newsroad.co.kr/news/articleView.html?idxno=59151,"Mon, 11 May 2026 07:30:00 +0900",2026-05-11 08:57:11
운송/물류,운송 주가,"삼성중공업, 3만1000원대 밀리며 흔들…미국·이란 불안한 휴전 속 조선...",에너지 운송 불안이 다시 시장 변수로 떠오르는 분위기다. 8일 기준 삼성중공업은 3만1950원에 거래됐다. 전일... 특히 3만3000원선이 무너지자 단기 차익 실현 물량까지 겹치며 주가가 빠르게 밀리는 모습이 나타났다.... ,https://www.cbci.co.kr/news/articleView.html?idxno=573456,https://www.cbci.co.kr/news/articleView.html?idxno=573456,"Sun, 10 May 2026 13:10:00 +0900",2026-05-11 08:57:11
운송/물류,운송 주가,2차전지 넘어 반도체까지... 코윈테크 확장 속도 놀랍다,"코윈테크는 중량물 운송이 필요한 자동차, 2차전지, 기계, 방산, 우주항공 분야에 특화된 기술 경쟁력을... 산업을 연결할 수 있는 자동화 기술력'에 있다는 평가가 나온다. 목표주가와 투자의견을 제시하지 않았다.",https://www.pinpointnews.co.kr/news/articleView.html?idxno=451587,https://www.pinpointnews.co.kr/news/articleView.html?idxno=451587,"Sun, 10 May 2026 12:08:00 +0900",2026-05-11 08:57:11
운송/물류,운송 주가,벌크보다 강했던 탱커 사업... 팬오션 체질 바뀌고 있다,"팬오션은 단순 벌크 해운사를 넘어 에너지 운송 전문 선사로의 전환 가능성을 보여주고 있다는 평가가 나온다. 유안타증권은 팬오션에 대해 목표주가 7,000원, 투자의견 매수를 제시했다.",https://www.pinpointnews.co.kr/news/articleView.html?idxno=451579,https://www.pinpointnews.co.kr/news/articleView.html?idxno=451579,"Sun, 10 May 2026 10:36:00 +0900",2026-05-11 08:57:11
운송/물류,운송 주가,"현대글로비스, 아틀라스 공개에 로봇물류株로 재조명","○ 자동차선 실적은 테마성 주가를 검증하는 기반이다 로봇 재료가 단기 촉발 요인이라면, 실적 측면에서는 자동차 해상운송과 비계열 물량 확대가 기업가치 판단의 핵심 근거다. 금융감독원 전자공시시스템에... ",https://www.topstarnews.net/news/articleView.html?idxno=16056545,https://www.topstarnews.net/news/articleView.html?idxno=16056545,"Sun, 10 May 2026 08:32:00 +0900",2026-05-11 08:57:11
운송/물류,운송 주가,컨테이너는 부진했지만 전체 실적은 상승한 팬오션의 비밀,"시장에서는 팬오션이 기존 경기 민감형 해운주에서 벗어나 에너지 운송 기반의 안정 성장 기업으로 변화하고 있다는 점에 주목하고 있다. 목표주가 7,000원, 투자의견 매수를 제시했다.",https://www.pinpointnews.co.kr/news/articleView.html?idxno=451559,https://www.pinpointnews.co.kr/news/articleView.html?idxno=451559,"Sun, 10 May 2026 07:40:00 +0900",2026-05-11 08:57:11
운송/물류,운송 주가,"[마켓인사이트] '7천피' 달성 韓증시, 한주만 '8천피' 도전 나서나",17%↑ '반도체 공급부족' 부각에 미국내 반도체 기업 주가 큰 폭 상승 韓증시 투자심리 지표 급등... 필라델피아 반도체 지수는 5.51% 상승했으며 러셀2000지수와 다우 운송지수는 각각 0.76%와 0.08% 올랐다. 코스피 야간... ,https://www.yna.co.kr/view/AKR20260508177100008?input=1195m,https://n.news.naver.com/mnews/article/001/0016067474?sid=101,"Sun, 10 May 2026 07:00:00 +0900",2026-05-11 08:57:11
운송/물류,운송 주가,"포스코인터내셔널, ‘자원 확보전(戰)’ 속 현장경영 확대","개발과 생산, 저장·운송 기능까지 연결하며 공급망 안정성을 높이는 방향이다. 실제 LNG 분야에서는 호주... 지난 4일 신영증권 보고서에 따르면 포스코인터내셔널 목표주가는 기존 7만3000원에서 11만원으로 상향... ",https://www.news2day.co.kr/article/20260506500161,https://www.news2day.co.kr/article/20260506500161,"Sun, 10 May 2026 06:32:00 +0900",2026-05-11 08:57:11
운송/물류,운송 주가,"이란 전쟁 특수 누리는 기업들, 누가 있나","전 세계 석유와 가스의 약 5분의 1이 호르무즈 해협을 통해 운송되지만, 지난 2월 말 이후 해당 항로... 다만 최근 몇 년 동안 큰 폭으로 상승했던 방산업체 주가는 업계가 고평가됐다는 우려가 커지면서 지난 3월... ",https://www.bbc.com/korean/articles/cyv2q16qgjmo?xtor=AL-73-%5Bpartner%5D-%5Bnaver%5D-%5Bheadline%5D-%5Bkorean%5D-%5Bbizdev%5D-%5Bisapi%5D,https://www.bbc.com/korean/articles/cyv2q16qgjmo?xtor=AL-73-%5Bpartner%5D-%5Bnaver%5D-%5Bheadline%5D-%5Bkorean%5D-%5Bbizdev%5D-%5Bisapi%5D,"Sat, 09 May 2026 15:15:00 +0900",2026-05-11 08:57:11
운송/물류,운송 주가,"탄탄한 고용지표, 미·이란 정세 주시 속 미 증시 급등…유가는 소폭 상...","국제 원유 선물 가격은 8일, 소폭 상승하는 데 그쳤고, 미국 3대 주요 주가지수는 모두 주간 상승세로... 좁은 해협이 사실상 봉쇄되면서 전 세계 다양한 자원의 해상 운송에 심각한 타격을 주고 있습니다.호르무즈... ",https://www.voakorea.com/a/stock-futures-rise-oil-prices-fluctuate-amid-us-iran-developments-solid-us-jobs-report-050826/8148011.html,https://www.voakorea.com/a/stock-futures-rise-oil-prices-fluctuate-amid-us-iran-developments-solid-us-jobs-report-050826/8148011.html,"Sat, 09 May 2026 00:32:00 +0900",2026-05-11 08:57:11
운송/물류,운송 주가,[종합] 美 4월 고용 11만5000명 증가로 예상 웃돌아…다우선물 150P↑,다만 이번 중동 분쟁은 호르무즈 해협을 통과하는 원자재 운송 비용을 끌어올리면서 휘발유·디젤 가격... 한편 예상보다 강한 고용 수치에 뉴욕 증시 개장 전 다우 선물이 170포인트 이상 오르는 등 미 주가지수... ,https://www.newspim.com/news/view/20260508001374,https://www.newspim.com/news/view/20260508001374,"Fri, 08 May 2026 22:06:00 +0900",2026-05-11 08:57:11
운송/물류,운송 주가,"도요타, 매출 50조엔 첫 돌파에도 중동 불안에 순이익 감소 우려","부품 운송, 완성차 해상 물류에 모두 압박을 주는 구조다. 도요타는 2026회계연도 연결 순이익이 다시 22.0... 결산 발표 뒤 도요타 주가가 전날보다 2% 하락한 2천910엔선에서 거래된 것도 이런 우려를 반영한 흐름으로... ",https://www.tokenpost.kr/news/economy/357665,https://www.tokenpost.kr/news/economy/357665,"Fri, 08 May 2026 19:30:00 +0900",2026-05-11 08:57:11
운송/물류,운송 주가,K-뷰티는 뜨는데…클리오·아이패밀리에스씨 왜 외국인 떠날까,"약화와 주가 부진이 동시에 나타나는 흐름을 보이고 있다. 클리오는 2026년 1분기 실적을 오는 5월 11일... 특히 운송과 IT서비스 업종이 강세를 보이며 지수 상승을 견인했다. 투자자별로는 기관(+1조5,485억 원)과 개인... ",https://www.thebk.co.kr/news/articleView.html?idxno=309484,https://www.thebk.co.kr/news/articleView.html?idxno=309484,"Fri, 08 May 2026 19:26:00 +0900",2026-05-11 08:57:11
운송/물류,운송 주가,[헬로스톡] 5/8 주목할 종목 : 씨에스윈드·스튜디오드래곤·SK바이오팜...,"서비스·운송 업종 강세에 힘입어 상승 전환 마감했다. KOSPI는 7,498.00p(+0.11%), KOSDAQ은 1,207.72p(+0.71%)를... 키움증권은 투자의견 '매수'를 유지하며 목표주가를 기존 대비 상향한 76,000원으로 제시했다.... ",https://www.hellot.net/news/article.html?no=112463,https://www.hellot.net/news/article.html?no=112463,"Fri, 08 May 2026 18:30:00 +0900",2026-05-11 08:57:11
운송/물류,운송 주가,SCFI 2주연속 상승...2천선 턱밑 접근,글로벌 해상 운송 시장의 단기 수급 상황을 반영하는 대표적인 지표로 평가된다. HMM 등 국내 해운사들의 실적과 주가에도 직접적인 영향을 미치는 지표로 꼽힌다.,http://www.4th.kr/news/articleView.html?idxno=2111517,http://www.4th.kr/news/articleView.html?idxno=2111517,"Fri, 08 May 2026 17:56:00 +0900",2026-05-11 08:57:11
운송/물류,물류 산업,"중앙아시아에도 K치킨 열풍 불까…BBQ, 카자흐스탄에 1호 매장 열었다","금융과 무역, 물류, 관광, 레저 산업이 집중된 도시 특성상 점심뿐 아니라 비즈니스와 여가를 겸한 저녁 시간대 소비 비중이 높으며, 메데우 스케이트장과 침불락 스키 리조트, 빅 알마티 호수 등 주요 관광지와도... ",https://www.sedaily.com/article/20042345?ref=naver,https://n.news.naver.com/mnews/article/011/0004619341?sid=101,"Mon, 11 May 2026 08:56:00 +0900",2026-05-11 08:57:11
운송/물류,물류 산업,"BBQ, 카자흐스탄서 첫 깃발…&quot;연내 100개점 목표&quot;","금융·무역·물류 산업이 집중돼 있을 뿐 아니라 글로벌 외식 브랜드들의 진출이 활발한 지역이다. 특히 대학가와 오피스 상권, 관광 수요가 동시에 형성돼 있어 외식 프랜차이즈 입장에서는 안정적인 소비층 확보가... ",https://www.thefairnews.co.kr/news/articleView.html?idxno=76543,https://www.thefairnews.co.kr/news/articleView.html?idxno=76543,"Mon, 11 May 2026 08:56:00 +0900",2026-05-11 08:57:11
운송/물류,물류 산업,&quot;물류센터야 농장이야?&quot;…스마트 수직농장 가보니,"자동차와 가전 산업이 경계를 허물듯, 이제 농업도 다른 산업에서 아이디어를 빌려와 변신을 거듭하고 있습니다. 물류센터의 자동 시스템처럼, 사람 손을 거치지 않고 채소를 키워내는 '스마트 농업' 현장을, 이심철... ",https://news.tvchosun.com/site/data/html_dir/2026/05/11/2026051190044.html,https://n.news.naver.com/mnews/article/448/0000610262?sid=160,"Mon, 11 May 2026 08:43:00 +0900",2026-05-11 08:57:11
운송/물류,물류 산업,물류는 이제 이동이 아니라 판단의 영역...설비보다 중요한 것은 해석력,"물류는 산업의 속도를 결정하고, 기업의 경쟁력을 좌우하며, 소비자의 경험을 바꾸는 핵심 시스템이 되었다. 온라인 쇼핑 거래액이 올해 1월 24조 원을 넘기고, 2월에도 22조 원대를 기록할 정도로 거대한 유통 생태계가... ",https://www.kyosu.net/news/articleView.html?idxno=205801,https://www.kyosu.net/news/articleView.html?idxno=205801,"Mon, 11 May 2026 08:38:00 +0900",2026-05-11 08:57:11
운송/물류,물류 산업,"라온시큐어-한국전자기술연구원 맞손, 피지컬AI·데이터 보안 혁신","인프라를 산업 현장에 적용할 것”이라고 말했다. 신희동 KETI 원장은 “AI가 가상세계를 넘어 제조, 물류, 재난대응 등 물리적 현장에 직접 개입하는 시대에는 보안이 곧 안전과 직결된다”며, “KETI의 첨단 기술역량과... ",http://www.edaily.co.kr/news/newspath.asp?newsid=02145126645447936,https://n.news.naver.com/mnews/article/018/0006278068?sid=105,"Mon, 11 May 2026 08:26:00 +0900",2026-05-11 08:57:11
운송/물류,물류 산업,성남시 우수공예품 전시판매전 추진할 수행기관 공모,"매일일보 = 김길수 기자  |  성남시가 지역 공예산업 활성화와 공예인의 판로 확대를 위해 '2026년 성남시... 보조금은 전시장 임차료를 비롯해 물류비, 부스 설치비, 홍보비 등 행사 운영에 필요한 비용으로 사용할 수... ",https://www.m-i.kr/news/articleView.html?idxno=1371236,https://www.m-i.kr/news/articleView.html?idxno=1371236,"Mon, 11 May 2026 08:22:00 +0900",2026-05-11 08:57:11
운송/물류,물류 산업,“비수도권 균형발전·산업 인프라 확충을”,"광역 교통망 확충으로 산업 물류의 병목 현상을 해소하고, 동남권 초광역 경제권 형성의 토대를 닦아달라는 요구다. 최재호 창원상의 회장은 “수도권 일극화와 무역 환경 악화 속에서 지역기업의 활력 회복이 그 어느... ",http://www.knnews.co.kr/news/articleView.php?idxno=1541292,http://www.knnews.co.kr/news/articleView.php?idxno=1541292,"Mon, 11 May 2026 08:22:00 +0900",2026-05-11 08:57:11
운송/물류,물류 산업,"씨메스로보틱스, '로봇 핵심' 물리데이터·SW 병목 해결 '주목'…&quot;글로벌...",산업 구조적 수혜도 점쳐진다&quot;며 &quot;동사는 이미 지난해 로보티즈와 양해각서(MOU)를 체결하는 등 로봇 SW 기업으로서의 포지셔닝을 단단히 굳히고 있다&quot;고 강조했다. 이와 함께 &quot;글로벌 소비재향 수주를 신호탄으로 물류... ,http://www.newsprime.co.kr/news/article.html?no=732915,http://www.newsprime.co.kr/news/article.html?no=732915,"Mon, 11 May 2026 08:20:00 +0900",2026-05-11 08:57:11
운송/물류,해운 시장,"트럼프, 이란 협상안 공개 비난…&quot;완전히 용납 불가&quot; 강경 경고에 긴장...",특히 국제 해운과 에너지 시장은 작은 충돌에도 민감하게 반응하고 있어 시장 불안 심리 역시 커지는 모습이다. 시장에서는 향후 미국 정부의 공식 입장 발표와 추가 군사 움직임 여부에 촉각을 곤두세우고 있다. 만약 양측... ,http://www.bizwnews.com/news/articleView.html?idxno=136146,http://www.bizwnews.com/news/articleView.html?idxno=136146,"Mon, 11 May 2026 08:18:00 +0900",2026-05-11 08:57:12
운송/물류,해운 시장,"이란, 미국 평화안에 공식 답변 전달…호르무즈 해협 안전보장 협상 분...",특히 이번 답변에서 이란 측이 호르무즈 해협의 해상 안전 문제를 핵심 의제로 언급하면서 국제 원유 시장과 글로벌 해운업계의 긴장감도 다시 높아지고 있다. 로이터통신 등 해외 매체와 이란 국영매체 보도에 따르면 이란... ,http://www.bizwnews.com/news/articleView.html?idxno=136144,http://www.bizwnews.com/news/articleView.html?idxno=136144,"Mon, 11 May 2026 07:08:00 +0900",2026-05-11 08:57:12
운송/물류,해운 시장,"&quot;재수가 자전거 타며 구석구석 다졌지&quot;…전재수식 밀착정치, 박형준 '낙...",몇몇 시민들은 지난 2021년 부산시장 재보궐 선거에서부터 제기됐던 박 후보와 가족들의 부산 해운대 엘시티 분양 불법 및 특혜 의혹을 기억한다고 언급하기도 했다. 2021년 부산시장 보궐선거 당시 민주당은 박 후보가... ,https://www.newsverse.kr/news/articleView.html?idxno=10412,https://www.newsverse.kr/news/articleView.html?idxno=10412,"Mon, 11 May 2026 07:00:00 +0900",2026-05-11 08:57:12
운송/물류,해운 시장,"선원노련, 전재수 민주당 부산시장 후보 지지","&lt;선원노련&gt; 선원노련(위원장 김두영)이 올해 6·3 지방선거에서 전재수 더불어민주당 부산시장 후보 지지를... 인물이며, 해운기업 이전과 해양정책을 통해 부산의 산업 지형을 실제로 변화시켜 온 후보&quot;라며 &quot;선원의... ",https://www.labortoday.co.kr/news/articleView.html?idxno=234204,https://www.labortoday.co.kr/news/articleView.html?idxno=234204,"Mon, 11 May 2026 06:34:00 +0900",2026-05-11 08:57:12
운송/물류,해운 시장,중동 리스크에 해상운임 36% 급등…수입 축산물 가격 압박,"최근 중동 지역 긴장 고조와 홍해 항로 불안, 국제유가 상승 등이 겹치면서 해운시장 변동성이 다시 커지고 있다는 분석이 나온다. 축산물은 대표적인 냉동·냉장 컨테이너 운송 품목으로 꼽힌다. 운임과 유류비... ",https://www.newsis.com/view/NISX20260508_0003621574,https://n.news.naver.com/mnews/article/003/0013936109?sid=101,"Mon, 11 May 2026 06:00:00 +0900",2026-05-11 08:57:12
운송/물류,해운 시장,"&quot;핸들 놓은 보안&quot;…이글루코퍼레이션, '자율주행 SOC'로 해킹 막는다",특히 블루오션인 '선박 보안' 시장 선점에 공을 들이고 있다. 5년간의 연구 끝에 한국·프랑스·미국 선급으로부터 보안 인증을 받았다. 이미 현대LNG해운의 대형 운반선에 시스템을 구축하며 실력을 입증했다. 김... ,https://www.newsis.com/view/NISX20260504_0003615551,https://n.news.naver.com/mnews/article/003/0013936114?sid=105,"Mon, 11 May 2026 06:00:00 +0900",2026-05-11 08:57:12
운송/물류,해운 시장,“판로 막혀 두달 매출 0” 미로 갇힌 중고차 2만대,"“중동이 가장 큰 중고차 수출 시장이었는데, 물류비가 감당 안 돼 두 달째 개점휴업 상태입니다. 지금은... 이어 “해운사 측에서 이미 실어 보낸 화물까지 컨테이너당 7250달러(약 1070만원)씩 추가비용을 부과했다”며... ",https://www.joongang.co.kr/article/25427136,https://n.news.naver.com/mnews/article/025/0003522213?sid=101,"Mon, 11 May 2026 00:02:00 +0900",2026-05-11 08:57:12
운송/물류,해운 시장,나무호 피격에 호르무즈 긴장↑…'산업계 초비상',에너지 수급난이 장기화하는 가운데 해운과 항공 등 무역·물류업계 부담은 한계에 이르고 있습니다. 해상... 내수 시장까지 악영향을 미칠 수 있습니다. 최근 한국 경제가 반도체를 중심으로 수출 개선 흐름을 이어가고... ,https://www.ikbc.co.kr/article/view/kbc202605100049,https://n.news.naver.com/mnews/article/660/0000109075?sid=104,"Sun, 10 May 2026 23:02:00 +0900",2026-05-11 08:57:12
운송/물류,해운 시장,"이란, 호르무즈에 경량 잠수함 전진 배치…&quot;적대 선박 격멸 준비&quot;",이 때문에 이란이 잠수함 전력을 공개적으로 언급한 것 자체가 국제 원유시장과 해운업계에 상당한 압박 요인으로 작용할 가능성이 제기된다. 이란은 이번 배치 목적에 대해 &quot;호르무즈 해협 안전 보장과 외국 세력... ,http://www.4th.kr/news/articleView.html?idxno=2111540,http://www.4th.kr/news/articleView.html?idxno=2111540,"Sun, 10 May 2026 22:12:00 +0900",2026-05-11 08:57:12
운송/물류,해운 시장,더 커진 중동 리스크…한국 산업 전반에 피해 '눈덩이',에너지 수급난이 장기화하는 가운데 해운과 항공 등 무역 및 물류업계 부담은 한계에 이르고 있다. 해상 운임... 내수 시장까지 악영향을 미칠 수 있다. 최근 한국 경제가 반도체를 중심으로 수출 개선 흐름을 이어가고... ,https://www.yna.co.kr/view/AKR20260510050700003?input=1195m,https://n.news.naver.com/mnews/article/001/0016068418?sid=101,"Sun, 10 May 2026 21:01:00 +0900",2026-05-11 08:57:12
운송/물류,해운 시장,"전재수 부산시장 후보, ‘좋은 일자리 공약’ 발표 “통계 착시 걷어내...","HMM, SK해운 등의 본사 이전에 이어 추가적인 글로벌 해양기업 유치를 통해 ‘해운대기업 본사 거리’를 조성하고, 시장이 직접 단장을 맡는 ‘해양수도 세일즈단’을 취임 즉시 가동해 민관합동 기업 유치를... ",https://www.megaeconomy.co.kr/news/newsview.php?ncode=1065607875939425,https://www.megaeconomy.co.kr/news/newsview.php?ncode=1065607875939425,"Sun, 10 May 2026 19:20:00 +0900",2026-05-11 08:57:12
운송/물류,해운 시장,"보이지 않는 손, AI가 짠다···물류·유통의 새 질서",글로벌 해운사 머스크(Maersk)는 전 세계 700여 척의 선박에서 매일 20억 건의 데이터를  수집해 AI로... 신선식품 새벽 배송으로 시장을 연 마켓컬리는 자체 개발한 AI 분석 시스템 ‘데이터 물어다 주는 멍멍이(데멍이)... ,https://www.kbmaeil.com/article/20260509500020,https://www.kbmaeil.com/article/20260509500020,"Sun, 10 May 2026 18:38:00 +0900",2026-05-11 08:57:12
운송/물류,해운 시장,"[6·3부산]전재수, '불편 해결+미래 일자리' 투트랙 공약 공개",전재수 더불어민주당 부산시장 후보가 부산 도시철도 전 역사 화장실에 온수를 설치하고 해운기업 유치를 통해 양질의 일자리를 창출하는 내용의 공약을 발표했다. 전 후보는 10일 생활밀착형 정책과 일자리 창출을... ,https://www.newsis.com/view/NISX20260510_0003623396,https://n.news.naver.com/mnews/article/003/0013935925?sid=102,"Sun, 10 May 2026 18:33:00 +0900",2026-05-11 08:57:12
운송/물류,해운 시장,[영상] “30년 침체 벗어날 것” 전재수 개소식에 PK 민주당 총집결,"전재수 부산시장 후보 선거사무소 개소식 6·3 지방선거를 20여 일 앞둔 9일 더불어민주당 전재수 부산시장... 전 후보는 이날 개소식을 ‘시민과 함께하는 집들이’로 규정하며 해운업계, 청년, 택시 노동자... ",https://www.busan.com/view/busan/view.php?code=2026051018222429313,https://n.news.naver.com/mnews/article/082/0001379996?sid=100,"Sun, 10 May 2026 18:25:00 +0900",2026-05-11 08:57:12
운송/물류,해운 시장,"희비 엇갈린 산업 기상도…K조선, 수주 랠리 뱃고동",국제해사기구(IMO)의 해운 탄소세 도입 논의가 연말로 미뤄졌음에도 글로벌 친환경 선박 발주 흐름은... 연초 다소 주춤했던 친환경 선박 발주 시장이 다시 반등세를 보였다는 분석이다. 연료별로는 국내 조선사들이... ,http://www.fnnews.com/news/202605101804406358,https://n.news.naver.com/mnews/article/014/0005519339?sid=101,"Sun, 10 May 2026 18:07:00 +0900",2026-05-11 08:57:12
농업,농업 주가,미국 증시가 상승세를 보이면서 소고기 전문점 매출이 늘고 모기업 주가...,"상승세로 주가가 상승하면서, '주식이 올랐으니 소고기를 먹는다'는 이른바 '자산 효과(Wealth Effect)'가... 유엔식량농업기구(FAO)의 4월 기준 육류가격 지수는 전년 동기 6.4%가 상승한 것으로 발표되었으며, 최대... ",https://www.farminsight.net/news/articleView.html?idxno=16387,https://www.farminsight.net/news/articleView.html?idxno=16387,"Mon, 11 May 2026 08:20:00 +0900",2026-05-11 08:57:13
농업,농업 주가,손훈모 &quot;숫자보다 삶이 우선…순천 경제 패러다임 바꿀 것&quot;,"그는 &quot;주가 급등과 국가정원 관람객 수 등 화려한 숫자 뒤에 가려진 시민들의 고단한 삶에 주목해야 한다&quot;며... ▲ 관광, 생태, 농업 등 순천이 가진 기존의 강점을 단순한 관람 중심에서 시민의 수익 모델로 전환해 미래... ",https://daily.hankooki.com/news/articleView.html?idxno=1365282,https://daily.hankooki.com/news/articleView.html?idxno=1365282,"Mon, 11 May 2026 08:04:00 +0900",2026-05-11 08:57:13
농업,농업 주가,"[증시전략] 뉴욕증시, 전쟁 속 최고가 랠리…美·中 정상회담 촉각","비농업고용 11만5천명 증가…예상치 2배 상회 - 美 고용지표 '서프라이즈'…경기 연착륙 기대감 고조 - 인텔, 애플 반도체 수주 소식에 주가 14% 급등 마감 - 인텔, 애플 칩 제조한다…&quot;트럼프 행정부 지원 결실&quot; - 러트닉... ",https://biz.sbs.co.kr/article_hub/20000309320?division=NAVER,https://n.news.naver.com/mnews/article/374/0000509173?sid=104,"Mon, 11 May 2026 06:54:00 +0900",2026-05-11 08:57:13
농업,농업 주가,국책사업까지 따냈다... 나라스페이스 기술력 재평가 본격화,"EO 위성은 국방, 기후 관측, 재난 대응, 농업, 해양 감시 등 다양한 산업에 활용될 수 있어 데이터 산업과의... 플랫폼 사업을 동시에 확대할 수 있는 구조에 있다는 분석이 나온다. 목표주가와 투자의견을 제시하지 않았다.",https://www.pinpointnews.co.kr/news/articleView.html?idxno=451574,https://www.pinpointnews.co.kr/news/articleView.html?idxno=451574,"Sun, 10 May 2026 09:50:00 +0900",2026-05-11 08:57:13
농업,농업 주가,농촌에도 로봇이? 청소·배송·주유까지 척척…확 바뀐 중국 풍경,"올해 초 중국 춘제 갈라쇼에서 휴머노이드 로봇 공연이 화제를 모은 이후, 현지 희토류 관련 상장사 주가가... 제조업·농업·물류·의료·요양 분야 자동화 수준이 상대적으로 낮고 인력 부족 문제는 빠르게 심화되고 있다.... ",https://www.mt.co.kr/industry/2026/05/10/2026050709024836245,https://n.news.naver.com/mnews/article/008/0005355130?sid=101,"Sun, 10 May 2026 06:00:00 +0900",2026-05-11 08:57:13
농업,농업 주가,화려한 지표 뒤 시민의 삶 외면..손훈모 &quot;순천 경제 패러다임 바꿀 것&quot;,"그는 “주가 급등과 국가정원 관람객 수 등 화려한 숫자 뒤에 가려진 시민들의 고단한 삶에 주목해야 한다”... 이어 ▲관광, 생태, 농업 등 순천이 가진 기존의 강점을 단순한 관람 중심에서 시민의 수익 모델로 전환해... ",https://kpenews.com/View.aspx?No=4071202,https://kpenews.com/View.aspx?No=4071202,"Fri, 08 May 2026 19:22:00 +0900",2026-05-11 08:57:13
농업,농업 주가,"[특징주] 세나테크놀로지, '피지컬 AI' 로봇 통신 수혜 기대감에 29%대 급...","건설, 농업, 군사, 재난 현장에서 세나테크놀로지의 기술이 로봇 통신의 확실한 대안이 될 것&quot;이라고 분석했다. 뛰어난 실적과 기술력 대비 주가가 현저히 저평가되어 있다는 점도 투자 심리를 강하게 자극했다.... ",https://www.widedaily.com/news/articleView.html?idxno=293662,https://www.widedaily.com/news/articleView.html?idxno=293662,"Fri, 08 May 2026 11:40:00 +0900",2026-05-11 08:57:13
농업,농업 주가,"세나테크놀로지, 피지컬 AI 로봇 통신 '핵심 기업'…'글로벌 매출 80%'에...","목표주가 7만원으로 커버리지를 개시했다. 김홍식 하나증권 연구원은 &quot;높은 브랜드 인지도를 기반으로 B2C... 관련해 &quot;건설, 농업, 군사 등 야외에서 로봇이 물리적인 작업을 할 때 최적화된 통신 기술로 메쉬... ",http://www.newsprime.co.kr/news/article.html?no=732720,http://www.newsprime.co.kr/news/article.html?no=732720,"Fri, 08 May 2026 10:36:00 +0900",2026-05-11 08:57:13
농업,농업 주가,[국제금융 브리핑] 美 ‘프로젝트 프리덤’ 재검토…연준 카시카리 “호...,씨티는 중동전쟁 관련 불확실성이 다시 부각될 수 있으며 주가와 유가 변동성이 확대될 수 있다고... 특히 농업·운송·제조·건설업 전반으로 고물가 부담이 확산되며 유권자 불만이 커지고 있다고 평가했다.... ,https://www.tokenpost.kr/news/international/357458,https://www.tokenpost.kr/news/international/357458,"Fri, 08 May 2026 09:36:00 +0900",2026-05-11 08:57:13
농업,농업 주가,[아침밥] 하나증권 &quot;세나테크놀로지 로봇 군집통신 기술 잠재력 충분&quot;,"건설이나 농업, 군사 등 다양한 야외 환경에서의 잠재력이 높다&quot;고 했다. 김홍식 연구원은 실적과 잠재력에 비해 회사 주가가 상당히 저평가된 상황이라고 지적했다. 그는 &quot;세나테크놀로지의 PBR(주가순자산비율)은 1.... ",https://www.sidae.com/article/2026050807445782549,https://n.news.naver.com/mnews/article/417/0001142198?sid=101,"Fri, 08 May 2026 08:36:00 +0900",2026-05-11 08:57:13
농업,농업 주가,"'5G·6G 통신망 없이도 연결'…세나테크놀로지, 피지컬 AI 시대 메쉬 네...",김홍식 하나증권 연구원은 8일 세나테크놀로지에 대해 투자의견 '매수(BUY)'와 목표주가 7만원으로... 기존 이동통신 인프라 구축이 어려운 건설·농업·군사 현장이나 재난 대응 환경에서도 네트워크 형성이 가능하다는... ,https://www.financialpost.co.kr/news/articleView.html?idxno=258145,https://www.financialpost.co.kr/news/articleView.html?idxno=258145,"Fri, 08 May 2026 08:18:00 +0900",2026-05-11 08:57:13
농업,농업 주가,"대동, 2030년 매출 3조5900억 목표…영업구조 전환","대동그룹 상장 3사(대동·대동기어·대동금속)가 농업 피지컬 AI(인공지능) 전환을 기반으로 2030년까지 합산... 대동의 2030년 연결 매출 목표는 3조5900억원이며, PER(주가수익비율) 10배·PBR(주가순자산비율) 2배·ROE... ",https://www.digitaltoday.co.kr/news/articleView.html?idxno=663436,https://www.digitaltoday.co.kr/news/articleView.html?idxno=663436,"Fri, 08 May 2026 07:20:00 +0900",2026-05-11 08:57:13
농업,농업 주가,[Who Is ?] 구본능 희성그룹 회장,부친의 농업 인재 육성 철학 계승 차원에서 야구장 8개 크기의 토지를 기부했다. 연암대학은 농축산... 늘며 주가를 높이고 있다. 가솔린 차량 한 대에 1g 정도 들어가는 로듐은 동일한 중량 금값의 10배에 달한다.... ,https://www.businesspost.co.kr/BP?command=article_view&num=436999,https://www.businesspost.co.kr/BP?command=article_view&num=436999,"Fri, 08 May 2026 07:02:00 +0900",2026-05-11 08:57:13
농업,농업 주가,"대동, '농업 피지컬 AI' 기업으로⋯2030년 매출 3.5조 목표",주가수익비율(PER)은 10배를 목표로 잡았다. 대동그룹은 농기계 제조 기업을 넘어 '농업 피지컬 AI' 기업으로의 전환을 추진하고 있다. 대동은 AI 기반 자율작업 농기계와 농업 로봇을 중심으로 농업 데이터를 수집... ,http://www.inews24.com/view/1966538,https://n.news.naver.com/mnews/article/031/0001027139?sid=101,"Thu, 07 May 2026 20:34:00 +0900",2026-05-11 08:57:13
농업,농업 주가,"'철기' 버리고 '지능' 심는다… 대동, 제조 DNA 갈아엎고 'AI 서비스' 선...",이번 발표의 핵심은 '농업 피지컬 AI(Physical AI)'다. 이는 물리적인 기계 장치에 지능형 센서와 자율주행... 대동그룹은 이번 사업 구조 개편을 주가순자산비율(PBR) 제고와 연결하겠다는 의지도 분명히 했다. 현재 0.5배... ,https://www.goodkyung.com/news/articleView.html?idxno=286728,https://www.goodkyung.com/news/articleView.html?idxno=286728,"Thu, 07 May 2026 18:50:00 +0900",2026-05-11 08:57:13
농업,농업 주가,"대동, '농업 AI' 전환 선언…ROE 20% 목표","동시에 대동은 AI 농업 운영 플랫폼 등 신규 사업을 확대해 관련 매출 비중을 2025년 11.9%에서 2030년 25.9%까지 끌어올릴 방침이다. 이를 바탕으로 2030년까지 연결 매출 3조5900억원, 주가수익비율(PER) 10배, 주가순자산비율... ",https://dealsite.co.kr/articles/161413,https://dealsite.co.kr/articles/161413,"Thu, 07 May 2026 17:54:00 +0900",2026-05-11 08:57:13
농업,농업 주가,"대동그룹, 2030년 매출 3.6조 목표...&quot;농업 피지컬AI 기업 전환&quot;","농기계 중심 사업구조를 넘어 AI 농업운영 플랫폼과 로봇·첨단소재 사업 중심으로 사업 포트폴리오를... 대동은 2030년까지 연결 매출 3조5900억원, 주가수익비율(PER) 10배, 주가순자산비율(PBR) 2배를 달성하겠다는... ",https://www.techm.kr/news/articleView.html?idxno=151670,https://www.techm.kr/news/articleView.html?idxno=151670,"Thu, 07 May 2026 17:50:00 +0900",2026-05-11 08:57:13
농업,농업 주가,대동그룹 “AI 농업 플랫폼 기업 전환…2030년 매출 3.5조 목표”,"“기존 농기계 중심의 사업 구조를 넘어 AI 농업 운영 플랫폼과 로봇·첨단소재 사업을 확대해... 회사는 2030년 연결 매출 3조5900억원, 주가수익비율(PER) 10배, 주가순자산비율(PBR) 2배, 자기자본이익률(ROE) 20% 달성을... ",https://biz.chosun.com/industry/business-venture/2026/05/07/XFXF4FGH6JDX3MSHVLKFMJRR7A/?utm_source=naver&utm_medium=original&utm_campaign=biz,https://n.news.naver.com/mnews/article/366/0001162611?sid=101,"Thu, 07 May 2026 17:43:00 +0900",2026-05-11 08:57:13
농업,농업 주가,"대동, 2030년 매출 3.5조 목표…'농업 피지컬 AI' 기업 전환","대동그룹이 기존 농기계 중심의 사업 구조를 넘어 인공지능(AI) 농업 운영 플랫폼과 로봇·첨단소재 사업... 대동은 2030년까지 연결 매출 3조5900억원, 주가수익비율(PER) 10배, 주가순자산비율(PBR) 2배, 자기자본이익률(ROE)... ",https://view.asiae.co.kr/article/2026050717230043752,https://n.news.naver.com/mnews/article/277/0005759700?sid=101,"Thu, 07 May 2026 17:23:00 +0900",2026-05-11 08:57:13
농업,농산물 시장,"충주시, 청보리축제·농산물 가공체험 교육·어버이날 기념행사로 시민...","김진석 충주시장 권한대행은 &quot;어르신들의 은혜에 깊이 감사드린다&quot;며 &quot;오늘만큼은 부모님께 따뜻한 고마움을 표현하는 하루가 되길 바란다&quot;고 말했다. 충주시는 청보리축제를 통한 지역 관광 활성화, 농산물 가공체험... ",http://www.queen.co.kr/news/articleView.html?idxno=456563,http://www.queen.co.kr/news/articleView.html?idxno=456563,"Mon, 11 May 2026 08:00:00 +0900",2026-05-11 08:57:13
농업,농산물 시장,"[창간1특집] 불확실성의 시대, 국가 생존의 법칙 '식량안보' - ③소비없...","지역 농산물과 연계한다면 복지 사각지대 해소와 농가 판로 확보라는 두 마리 토끼를 잡을 수 있다&quot;고 제언했다. # 정체된 백색시유 시장, '품종'과 '과학'으로 패러다임 전환 축산물 가운데 우유는 쌀, 밀가루, 계란... ",https://www.aflnews.co.kr/news/articleView.html?idxno=320241,https://www.aflnews.co.kr/news/articleView.html?idxno=320241,"Mon, 11 May 2026 07:06:00 +0900",2026-05-11 08:57:13
농업,농산물 시장,"[창간1특집] 불확실성의 시대, 국가 생존의 법칙 '식량안보' - ① 밥상의...","축산부문 자급률은 전체 육류의 경우 시장 개방 전인 1990년 81.6%에서 2024년 65.7%로 하락했다. 축종별로 보면... 칼로리 자급률은 곡물, 육류, 채소, 과일 등 음식물의 하루 섭취량을 칼로리로 환산했을 때 국산 농산물이... ",https://www.aflnews.co.kr/news/articleView.html?idxno=320225,https://www.aflnews.co.kr/news/articleView.html?idxno=320225,"Mon, 11 May 2026 07:06:00 +0900",2026-05-11 08:57:13
농업,농산물 시장,&quot;현장의 목소리를 담아 식량안보의 내일을 열겠습니다&quot;,최근 글로벌 식량 시장은 이상 고온과 가뭄 등으로 농산물 작황에 치명타를 입히며 식료품 가격이 급등하는 일명 '기후플레이션' 현상이 고착화 돼 가고 있다. 특히 러시아·우크라이나 전쟁에 이어 최근 중동 전쟁의... ,https://www.aflnews.co.kr/news/articleView.html?idxno=320215,https://www.aflnews.co.kr/news/articleView.html?idxno=320215,"Mon, 11 May 2026 07:00:00 +0900",2026-05-11 08:57:13
농업,농산물 시장,"아르헨티나, 빙하 지역 채굴 전격 허용… 과학계 “세계 식량 안보 위협...","수출 시장에 돌이킬 수 없는 피해를 줄 것이라고 분석했다. 빙하 보호망 해제와 ‘느슨한’ 환경 평가... 있는 농산물을 생산하는 핵심 기반이라고 추산한다. 아르헨티나는 세계 주요 식량 수출국으로, 특히 중국은 지난해... ",https://www.g-enews.com/view.php?ud=2026051015081919970c8c1c064d_1,https://www.g-enews.com/view.php?ud=2026051015081919970c8c1c064d_1,"Mon, 11 May 2026 05:30:00 +0900",2026-05-11 08:57:13
농업,농산물 시장,"[산지 확대경] 하우스감귤, 작황 좋지만 수확 늦어…여름 홍수출하 우려",하우스감귤은 겨울철 가온 시설하우스에서 재배돼 노지감귤 출하 전인 9월말까지 감귤류시장을 이끈다.... 강승규 제주감귤농협 제5농산물산지유통센터장도 “농가들 출하 개시일이 평년보다 5∼10일 늦다”며... ,https://www.nongmin.com/article/20260508500687,https://n.news.naver.com/mnews/article/662/0000094847?sid=101,"Mon, 11 May 2026 05:02:00 +0900",2026-05-11 08:57:13
농업,농산물 시장,[디지털농민신문 금주의 ‘N + 라이프’] 5월 12일~5월 16일,‘오늘의 운세’와 ‘손바닥 가락시장’은 월요일부터 금요일까지 제공됩니다. 12일(화)에는 노윤정 약사가 건강에 도움을 주는 우리농산물과 케이푸드(K-Food·한국식품)를 소개합니다. 피를 맑게 한다고 알려진 마늘은... ,https://www.nongmin.com/article/20260508500661,https://n.news.naver.com/mnews/article/662/0000094824?sid=103,"Mon, 11 May 2026 05:01:00 +0900",2026-05-11 08:57:13
농업,농산물 시장,시설봄감자 생산 늘어…기술 지원 ‘한몫’,서울 가락시장에 따르면 3월 한달간 감자 경락값은 20㎏들이 상품 한상자당 7만5526원이었다. 지난해 같은... 농산물 시세는 공급량이 줄면 오르는 게 일반적이다. 그런데 시설봄감자 생산량은 전년보다 8% 가까이... ,https://www.nongmin.com/article/20260508500706,https://n.news.naver.com/mnews/article/662/0000094817?sid=101,"Mon, 11 May 2026 05:01:00 +0900",2026-05-11 08:57:13
농업,농산물 시장,농촌 생애주기별 맞춤 지원부터 도시 취약층까지...NH투자증권 '전방위...,최근에는 청년 농업인의 온라인 시장 진출을 돕기 위해 '라이브 커머스' 활동을 지원했다. 지난달 진행된 행사에서는 청년 농업인 4명이 직접 방송에 출연해 자신들이 재배한 농산물을 소비자에게 실시간으로 소개했다.... ,https://www.hankookilbo.com/news/article/A2026050701200003784?did=NA,https://n.news.naver.com/mnews/article/469/0000929974?sid=101,"Mon, 11 May 2026 04:40:00 +0900",2026-05-11 08:57:13
농업,농산물 시장,"유통 교육 '1타 법인' 동화청과, 청년농 육성 본격화","교육생들은 '도매시장의 이해 및 활용', '채소 품목의 유통 특성' 등을 주제로 한 동화청과 임원진 강연을 통해 농산물 유통 체계를 폭넓게 이해하는 시간을 가졌다. 한진규 동화청과 부사장이 강의를 하고 있는 모습. 특히... ",http://www.newsfarm.co.kr/news/articleView.html?idxno=100926,http://www.newsfarm.co.kr/news/articleView.html?idxno=100926,"Mon, 11 May 2026 03:20:00 +0900",2026-05-11 08:57:13
농업,농산물 시장,"도매시장법인협회, 5주간 실무형 교육 운영한다",주요 교육 과정은 ▲농산물 도매시장의 이해 및 활용 방법 ▲온라인 농산물 유통 민간 혁신 사례 ▲공공기관 및 도매시장법인의 역할 ▲도매시장 경매 체험 ▲물류·배송 현장 체험 등이다. 특히 기존 강의식 교육에서... ,http://www.newsfarm.co.kr/news/articleView.html?idxno=100925,http://www.newsfarm.co.kr/news/articleView.html?idxno=100925,"Mon, 11 May 2026 03:20:00 +0900",2026-05-11 08:57:13
농업,농산물 시장,&quot;장 보러 오세요&quot; 33년 이어온 목요 직거래 장터 개장,"[기자] 제철 산나물 두릅부터 배추와 상추, 오이 등 농산물이 가득합니다. 이제 막 밭에서 따온 듯 푸릇푸릇, 싱싱합니다. 도심 한복판에 문을 연 전통시장. &quot;강원도 홍천 오미자입니다. 맛보고 가세요.&quot; 파는 사람은 손님... ",https://www.ytn.co.kr/_ln/0115_202605110223082741,https://n.news.naver.com/mnews/article/052/0002351212?sid=102,"Mon, 11 May 2026 02:23:00 +0900",2026-05-11 08:57:13
