industry,keyword,title,description,originallink,link,pubDate,collected_at
반도체,반도체 주가,"뉴욕증시, CPI 둔화로 반도체 랠리 재개...SK하닉 ADR 27% ↑","미국의 인플레이션 우려가 완화되면서, 인공지능(AI)·반도체 관련 주식이 일제히 올라 미국 뉴욕증시... 대형주가 포진한 S&amp;P500은 전 거래일 대비 0.38%(28.25포인트) 상승한 7543.59를 기록했다. 우량주 중심인... ",https://www.newstopkorea.com/news/articleView.html?idxno=46268,https://www.newstopkorea.com/news/articleView.html?idxno=46268,"Wed, 15 Jul 2026 08:54:00 +0900",2026-07-15 08:55:12
반도체,반도체 주가,코스피 급락에 고배당주 주목...광주신세계 배당수익률은,"외국인과 기관이 반도체 대형주를 대거 팔면서 삼성전자와 SK하이닉스가 각각 10.70%, 15.37% 급락했다.... 주가 등락과 무관하게 정해진 현금이 지급되기 때문이다. 높은 배당수익률은 주가 하락기에 실질 수익률을... ",http://www.press9.kr/news/articleView.html?idxno=79455,http://www.press9.kr/news/articleView.html?idxno=79455,"Wed, 15 Jul 2026 08:52:00 +0900",2026-07-15 08:55:12
반도체,반도체 주가,"[해외시황] 뉴욕증시, 물가 둔화 신호·반도체주 강세에 '일제히 상승'…...",그는 메모리 반도체주가 &quot;지나치게 저평가돼 있다&quot;라고 평가하기도 했다. 척 칼슨 호라이즌인베스트먼트서비스 최고경영자(CEO)는 &quot;이번 CPI 결과는 연준의 추가 금리 인상 가능성을 낮추는 요인으로 작용했다... ,http://www.newsprime.co.kr/news/article.html?no=740368,http://www.newsprime.co.kr/news/article.html?no=740368,"Wed, 15 Jul 2026 08:52:00 +0900",2026-07-15 08:55:12
반도체,반도체 주가,"[클릭 e종목]&quot;한미반도체, 강력한 실적 반등…목표가 32만5000원&quot;",그는 &quot;업계 전반의 생산능력 확대와 한미반도체가 확보한 기판 고객 기반에 힘입어 대형 기판 가공 수주가 늘어나면서 MSVP가 핵심 성장 축으로 자리 잡고 있다&quot;고 말했다. 하반기에는 추가 성장 모멘텀도 대기하고... ,https://view.asiae.co.kr/article/2026071508510175332,https://n.news.naver.com/mnews/article/277/0005790107?sid=101,"Wed, 15 Jul 2026 08:51:00 +0900",2026-07-15 08:55:12
반도체,반도체 주가,[뉴스워커_IB탈탈털기] 개인자금 5.5조 몰린 커버드콜 ETF…고분배 경쟁...,"코스피200과 S&amp;P500, 나스닥100 등 대표 지수를 기초자산으로 삼던 초기 구조에서 벗어나 반도체 지수와 미국... 주가 상승분 일부와 옵션 프리미엄을 함께 확보할 수 있기 때문이다. 반대로 기초자산이 급등하면 옵션... ",http://www.newsworker.co.kr/news/articleView.html?idxno=436472,http://www.newsworker.co.kr/news/articleView.html?idxno=436472,"Wed, 15 Jul 2026 08:50:00 +0900",2026-07-15 08:55:12
반도체,반도체 주가,"삼성E&amp;A, 삼성전자 110조원 R&amp;D 투자에 메가프로젝트까지 '직수혜'…&quot;반...",삼성전자의 반도체 투자 확대에 따른 캡티브(Captive) 물량 증가를 통해 높은 이익 가시성을 바탕으로 중장기 실적을 견인할 것이라며 투자의견 '매수' 및 목표주가 6만8000원과 함께 업종 내 차선호주를 유지했다.... ,http://www.newsprime.co.kr/news/article.html?no=740367,http://www.newsprime.co.kr/news/article.html?no=740367,"Wed, 15 Jul 2026 08:50:00 +0900",2026-07-15 08:55:12
반도체,반도체 주가,"[V차트] 테스, 수주잔고 역대 최고...2분기 성장 전망",테스가 반도체 장비 수주 증가에 힘입어 올해 2분기에도 실적 성장세를 이어갈 전망이다. SK증권은... 국내 고객사의 D램 장비 수주가 증가한 가운데 중국 고객사에 대한 장비 공급도 재개된 것으로 파악됐다.... ,https://www.itooza.com/common/iview.php?no=2026071408555979839,https://www.itooza.com/common/iview.php?no=2026071408555979839,"Wed, 15 Jul 2026 08:50:00 +0900",2026-07-15 08:55:12
반도체,반도체 주가,바클레이스 &quot;SK하닉 ADR 70% 더 오른다&quot;…목표가 330달러 제시,"투자자들은 장기공급계약(LTA)이 경기 침체 국면에서도 가격을 방어할 수 있을지, 메모리 업체의 주가수익비율(PER)이 한 자릿수 중반에 불과한 반면 반도체 장비업체는 30~40배에 거래되는 이유에 의문을 제기했다고... ",https://www.news1.kr/world/international-economy/6228444,https://n.news.naver.com/mnews/article/421/0009060018?sid=101,"Wed, 15 Jul 2026 08:50:00 +0900",2026-07-15 08:55:12
반도체,반도체 주가,엔비디아도 투자한 한국계 데이터센터 스타트업에 국내 VC도 투자,"GPU간 정보전달 기술기업에 투자 포인투테크놀로지는 2016년 미국 반도체 기업 마벨(Marvell) 제품개발... 최근 12개월 주당순이익(EPS) 2.5달러 기준 주가수익비율(PER)은 94배다. 루멘텀홀딩스(LITE)는 주당 768달러, 시총... ",https://www.chosun.com/economy/stock-finance/2026/07/15/LQBMUV6GPJBGHHEL2GGU7ROVRI/?utm_source=naver&utm_medium=referral&utm_campaign=naver-news,https://n.news.naver.com/mnews/article/023/0003987690?sid=101,"Wed, 15 Jul 2026 08:48:00 +0900",2026-07-15 08:55:12
반도체,반도체 주가,레버리지 ETF '자율 규제' 나선 증권업계…시장선 &quot;실효성 의문&quot;,이 관계자는 사태의 본질이 레버리지 ETF 상품 자체보다 반도체 쏠림 현상에 있다고 짚었다. 그는 &quot;가장 큰... 과정이 주가를 더욱 끌어내리는 악순환으로 이어졌다는 설명이다. 골드만삭스는 국내 기관투자자의 순매도... ,https://www.news2day.co.kr/article/20260714500285,https://www.news2day.co.kr/article/20260714500285,"Wed, 15 Jul 2026 08:46:00 +0900",2026-07-15 08:55:12
반도체,반도체 주가,"엔비디아, 중국 수출 재개 신호탄…주가 4% 급등",이에 따라 투자 의견을 '비중 확대'로 제안하며 반도체 업종 가운데 가장 유망한 종목으로 꼽았다.시장 호재가 겹치면서 뉴욕 주식시장에서 엔비디아의 주가는 전 거래일보다 4.1% 상승한 211달러 80센트로 거래를 마쳤다.,https://www.namdonews.com/news/articleView.html?idxno=917011,https://www.namdonews.com/news/articleView.html?idxno=917011,"Wed, 15 Jul 2026 08:46:00 +0900",2026-07-15 08:55:12
반도체,반도체 주가,"SK하이닉스, 나스닥 첫날 서학개미 '큰손'...주가 반등에 기대","이날 코스피는 669.01포인트(8.95%) 내린 6,806.93에 마감했고, SK하이닉스 주가도 전장보다 16.15% 급락했다. 반도체 업황 기대와 대형 기술주 선호가 여전히 강하지만, 상장 이벤트에 대한 기대가 단기적으로는 변동성... ",https://www.tokenpost.kr/news/market/377885,https://www.tokenpost.kr/news/market/377885,"Wed, 15 Jul 2026 08:44:00 +0900",2026-07-15 08:55:12
반도체,반도체 주가,&quot;애플 징징대지 마라&quot;...'300만닉스' 다시 가려면 필요한 9가지 경우의 ...,"인공지능(AI) 반도체 랠리를 주도하던 SK하이닉스가 역대 최대 하락률을 기록하며 주가 200만 원 선을 내주자, 온라인상에서는 한국 축구대표팀의 월드컵 진출 시나리오를 본뜬 이른바 'SK하이닉스 주가 300만 원 재진출... ",http://www.fnnews.com/news/202607150812284812,https://n.news.naver.com/mnews/article/014/0005548282?sid=101,"Wed, 15 Jul 2026 08:38:00 +0900",2026-07-15 08:55:12
반도체,반도체 주가,"KB증권 &quot;삼성전자, 과도한 우려가 만든 조정…중장기 매수 기회&quot;",삼성전자 주가는 지난달 18일 36만 2500원으로 고점을 기록한 뒤 지난 13일 종가 25만 4500원으로 29.8% 하락했다. 전날(14일)에는 3.34% 반등해 26만 3000원을 기록했다. 김 본부장은 &quot;2027년은 메모리 반도체 산업 70년 역사상... ,https://www.news1.kr/finance/general-stock/6228423,https://n.news.naver.com/mnews/article/421/0009059978?sid=101,"Wed, 15 Jul 2026 08:37:00 +0900",2026-07-15 08:55:12
반도체,반도체 주가,"삼성전자·SK하이닉스, 美 반도체주 반등에 프리마켓 강세[특징주]",간밤 뉴욕증시에서 SK하이닉스 미국주식예탁증서(ADR)를 비롯한 주요 반도체주가 일제히 상승하면서 국내 반도체 대형주에도 매수세가 유입된 것으로 풀이된다. 15일 넥스트레이드에 따르면 이날 오전 8시 19분... ,https://www.newsway.co.kr/news/view?ud=2026071508221805714,https://www.newsway.co.kr/news/view?ud=2026071508221805714,"Wed, 15 Jul 2026 08:36:00 +0900",2026-07-15 08:55:12
반도체,반도체 주가,간밤 SK하이닉스 ADR 폭등에… 삼전·닉스 프리마켓서 급등,최근 바클레이즈는 &quot;메모리 반도체 업황이 예상보다 장기간 호황을 누릴 것&quot;이라며 목표주가를 당시(13일 종가) 대비 117% 높은 330달러로 제시하고 '비중 확대'(Overweight)를 제시했다. 한지영 키움증권 연구원은... ,https://news.einfomax.co.kr/news/articleView.html?idxno=4425023,https://news.einfomax.co.kr/news/articleView.html?idxno=4425023,"Wed, 15 Jul 2026 08:36:00 +0900",2026-07-15 08:55:12
반도체,반도체 주가,[아침밥]유안타 &quot;대한항공 고유가·환율에도 실적 방어…목표가↑&quot;,이에 투자의견은 매수를 유지하고 목표 주가는 3만8000원으로 상향했다. 지난 14일 대한항공 주가는 전... 그는 &quot;여객 대비 높은 유류비 전가력과 AI 반도체 관련 고부가 화물 수요가 강세를 보였다&quot;며 &quot;항공 화물 운임은... ,https://www.sidae.com/article/2026071508014559890,https://n.news.naver.com/mnews/article/417/0001151673?sid=101,"Wed, 15 Jul 2026 08:35:00 +0900",2026-07-15 08:55:12
반도체,반도체 주가,[마켓프리뷰] 美 물가 안도·뉴욕증시 상승에 코스피 반등 시동,"필라델피아 반도체지수는 2.54% 상승했고, SK하이닉스 ADR은 바클레이즈가 목표주가를 330달러로 제시하며 메모리 공급 부족 지속과 밸류에이션 격차 축소 가능성을 언급한 영향으로 27.29% 급등했다. 마이크론과... ",https://www.ajunews.com/view/20260715083236420,https://www.ajunews.com/view/20260715083236420,"Wed, 15 Jul 2026 08:34:00 +0900",2026-07-15 08:55:12
반도체,반도체 주가,[어제장 오늘장] 코스피 널뛰기 장세에 투자자들 피로감↑…반도체 쏠림...,"그러면서 CPI가 예상치를 하회할 경우 보통 전력기기, 조선, 반도체, 하드웨어쪽이 강했었다며 해당 업종 내 6월 고점 대비 주가보다 PER 하락이 크고,동시에 같은 기간 동안 12개월 예상 EPS는 상승한 기업 중심으로 비중... ",https://biz.sbs.co.kr/article_hub/20000322571?division=NAVER,https://n.news.naver.com/mnews/article/374/0000521769?sid=101,"Wed, 15 Jul 2026 08:34:00 +0900",2026-07-15 08:55:12
반도체,반도체 주가,[증시 포인트] 상승 출발 전망...반도체 저가매수 유입 기대,"29% 급등, 여타 메모리 업체들의 주가도 강세로 이끈 바 있다. 이는 국내증시에도 긍정적인 영향을 미칠 것으로 보인다. 김유미 키움증권 연구원은 &quot;금일 코스피는 코스피 200 야간선물(+5.0%)과 필라델피아 반도체... ",http://www.opinionnews.co.kr/news/articleView.html?idxno=141546,http://www.opinionnews.co.kr/news/articleView.html?idxno=141546,"Wed, 15 Jul 2026 08:34:00 +0900",2026-07-15 08:55:12
반도체,반도체 산업,"&quot;판교·동탄 신화, 평택 고덕이 잇는다&quot;… 위기 뚫은 '빅테크 벨트' 불패...","동탄2신도시 역시 2010년대 초 하우스푸어 사태와 맞물려 미분양 우려가 팽배했으나, 삼성전자 화성·기흥 사업장 등 경기 남부 반도체 산업 벨트가 굳건히 자리 잡으며 반전에 성공했다. 최근 동탄역 인근 단지들은... ",https://www.mediapen.com/news/view/1110231,https://www.mediapen.com/news/view/1110231,"Wed, 15 Jul 2026 08:54:00 +0900",2026-07-15 08:55:13
반도체,반도체 산업,"메모리 설비투자 확대 수혜 노린다…신한운용, 반도체 ETF에 전공정 장비...",신한자산운용이 'SOL AI반도체TOP2플러스 상장지수펀드(ETF)'의 정기 리밸런싱을 통해 반도체 전공정 장비... 핵심 투자 구조를 유지하면서 시장과 산업 변화에 맞춰 종목과 비중을 조절하겠다&quot;고 말했다. [팝콘뉴스],http://www.popcornnews.net/news/articleView.html?idxno=126633,http://www.popcornnews.net/news/articleView.html?idxno=126633,"Wed, 15 Jul 2026 08:54:00 +0900",2026-07-15 08:55:13
반도체,반도체 산업,"“마지막 민간분양 물량”…제일건설, ‘첨단3지구 A6블록 제일풍경채’...","첨단3지구는 산업·연구·주거 기능이 결합된 복합도시로 개발 중이다. 향후 국내 최초 국가 인공지능(AI)... 대기업들의 반도체 투자에 따른 소부장 생태계 조성 기대감도 더해지면서, 첨단3지구 마지막 민간분양... ",https://www.mk.co.kr/article/12098871,https://n.news.naver.com/mnews/article/009/0005707616?sid=101,"Wed, 15 Jul 2026 08:53:00 +0900",2026-07-15 08:55:13
반도체,반도체 산업,신한 ‘SOL AI반도체TOP2플러스 ETF’ 리밸런싱… 전공정 소부장 담아,신한자산운용이 ‘SOL AI반도체TOP2플러스 상장지수펀드(ETF)’ 정기 포트폴리오 재조정(리밸런싱)을... 중심 핵심 뼈대는 유지하되 산업 트렌드 변화에 맞춰 기민하게 편입 종목과 비중을 조절해 나가겠다”고 말했다.,https://www.sedaily.com/article/20067856?ref=naver,https://n.news.naver.com/mnews/article/011/0004641716?sid=101,"Wed, 15 Jul 2026 08:52:00 +0900",2026-07-15 08:55:13
반도체,반도체 산업,"'신한운용 SOL AI반도체TOP2플러스 ETF', 전공정 장비주 비중 확대",신한자산운용이 ‘SOL AI반도체TOP2플러스 상장지수펀드(ETF)’의 정기 리밸런싱을 통해 전공정 장비... 시장과 산업 변화에 맞춰 정기 리밸런싱을 통해 종목과 비중을 조절할 계획”이라고 말했다. 이어 “상품의... ,https://www.edaily.co.kr/news/newspath.asp?newsid=02945446645514848,https://n.news.naver.com/mnews/article/018/0006330478?sid=101,"Wed, 15 Jul 2026 08:51:00 +0900",2026-07-15 08:55:13
반도체,반도체 산업,"대우건설, '두정역 푸르지오 그랑피크' 8월 공급",반도체 등 첨단산업 중심의 지역 성장 흐름이 이어지면서 배후 주거지로서의 관심도 커지고 있다. 대우건설은 단지 설계에도 주거 만족도를 높이는 요소를 반영할 계획이다. 남향 중심 배치와 판상형 위주의 평면 설계를... ,https://www.pinpointnews.co.kr/news/articleView.html?idxno=468500,https://www.pinpointnews.co.kr/news/articleView.html?idxno=468500,"Wed, 15 Jul 2026 08:50:00 +0900",2026-07-15 08:55:13
반도체,반도체 산업,"신한자산운용, 'SOL AI반도체TOP2플러스 ETF' 리밸런싱...전공정 장비주...",신한자산운용은 'SOL AI반도체TOP2플러스 ETF'의 정기 리밸런싱을 완료했다고 14일 밝혔다. 사진... 유지하면서 산업 환경 변화에 맞춰 포트폴리오를 지속적으로 조정해 나갈 계획이라&quot;고 말했다. 이어 투자전략과... ,https://www.pinpointnews.co.kr/news/articleView.html?idxno=468488,https://www.pinpointnews.co.kr/news/articleView.html?idxno=468488,"Wed, 15 Jul 2026 08:50:00 +0900",2026-07-15 08:55:13
반도체,반도체 산업,"현대차 정몽구 재단, AI 시대 기후테크 해법 찾는다","다만 관련 특별법안의 상당수 조항이 시행령 등 하위 법령에 위임돼 있어 제도와 정책이 산업 현장에서... 정책연구기관과 학계, AI 반도체 기업 관계자들은 기후테크와 AI의 결합 가능성과 공공·민간 협력의 현주소를... ",https://www.edaily.co.kr/news/newspath.asp?newsid=02938886645514848,https://n.news.naver.com/mnews/article/018/0006330476?sid=103,"Wed, 15 Jul 2026 08:50:00 +0900",2026-07-15 08:55:13
반도체,반도체 산업,"3군 본부 옆에 'AI 국방로봇' 기지…충남, K-방산 심장 노린다","충남은 국내 유일의 국방 국가산업단지를 보유하고 있을 뿐 아니라, 북부권의 반도체·디스플레이 산업, 서해안권의 미래 모빌리티 산업 등 첨단 제조업 기반이 탄탄하다. AI 국방로봇의 핵심 부품인 센서와 자율주행... ",https://www.shinailbo.co.kr/news/articleView.html?idxno=5040621,https://www.shinailbo.co.kr/news/articleView.html?idxno=5040621,"Wed, 15 Jul 2026 08:48:00 +0900",2026-07-15 08:55:13
반도체,반도체 산업,"신한자산운용, 'SOL AI반도체TOP2플러스 ETF' 정기 리밸런싱 진행",이투데이=심영주 기자 | 신한자산운용은 ‘SOL AI반도체TOP2플러스 상장지수펀드(ETF)’의 정기 리밸런싱을... 시장과 산업 변화에 맞춰 정기 리밸런싱을 통해 종목과 비중을 조절할 계획”이라고 말했다. 이어... ,https://www.etoday.co.kr/news/view/2603829,https://www.etoday.co.kr/news/view/2603829,"Wed, 15 Jul 2026 08:48:00 +0900",2026-07-15 08:55:13
반도체,반도체 산업,[STOCK톺] 반도체 '투톱' 프리마켓서 강세...SK하닉 200만원 회복,［뉴시안= 조은주 기자］미국 반도체주 강세와 SK하이닉스 미국주식예탁증서(ADR) 폭등 등에 힘입어... 뉴욕증권거래소(NYSE)에서 다우존스30산업평균지수는 전 거래일보다 9.63포인트(0.02%) 오른 5만2508.27에... ,http://www.newsian.co.kr/news/articleView.html?idxno=92266,http://www.newsian.co.kr/news/articleView.html?idxno=92266,"Wed, 15 Jul 2026 08:46:00 +0900",2026-07-15 08:55:13
반도체,반도체 산업,"신한-국민-한투-KB, 에어퍼스트 컨티뉴 6000억 베팅","에어퍼스트는 삼성전자 평택 공장 등 국내 반도체 핵심 생산라인에 산업용 가스를 공급하는 기업으로, 경기 변동과 무관하게 매년 안정적인 현금흐름(EBITDA)을 보이고 있다. 이번 행보는 IMM PE가 검증된 우량 자산을... ",https://dealsite.co.kr/articles/165094,https://dealsite.co.kr/articles/165094,"Wed, 15 Jul 2026 08:46:00 +0900",2026-07-15 08:55:13
반도체,반도체 산업,딥테크 보다 콘텐츠…IBK벤처 신동운 첫 승부수,증권사와 캐피탈사와 공동운용(Co-GP) 방식으로 펀드를 결성해 반도체·인공지능(AI) 등 기술기업 중심의... 이후 웹소설 플랫폼 문피아의 대표를 맡아 콘텐츠 산업에서 경영 경험을 쌓았다. 콘텐츠 투자 경험을 강점으로... ,https://dealsite.co.kr/articles/165290,https://dealsite.co.kr/articles/165290,"Wed, 15 Jul 2026 08:46:00 +0900",2026-07-15 08:55:13
반도체,반도체 산업,미 물가 완화에 랠리 시작되나…글로벌 자금 일제히 몰린 '이 업종'의 정...,"반면 다우존스 산업평균지수는 9.63포인트 소폭 상승에 그친 52,508.27에 머무르며 차별화 양상을 보였다. 종목별 장세를 분석해 보면 정보기술 성장을 주도하는 반도체 섹터의 독주와 반등세가 단연 돋보였다. 최근... ",https://www.wikitree.co.kr/articles/1146479,https://www.wikitree.co.kr/articles/1146479,"Wed, 15 Jul 2026 08:44:00 +0900",2026-07-15 08:55:13
반도체,반도체 산업,&quot;회색빛 공단을 '콘텐츠 천국'으로&quot; 최연소 서태경 구청장의 사상 개혁...,"서울·수도권에 집중된 반도체 산업을 당장 사상에 유치하는 것은 비현실적이지만, 숏폼 등 트렌디한 디지털 콘텐츠를 중심으로 한 창업 밸리는 디지털 기업 지원센터와의 시너지를 통해 충분히 실현 가능합니다. 둘째는... ",https://www.nocutnews.co.kr/news/6548247?utm_source=naver&utm_medium=article&utm_campaign=20260715084332,https://n.news.naver.com/mnews/article/079/0004168493?sid=102,"Wed, 15 Jul 2026 08:44:00 +0900",2026-07-15 08:55:13
반도체,반도체 산업,"동일토건, 면진 설계 적용 '용인반도체클러스터 동일하이빌 파크밸리' ...","동일토건은 오는 8월 '용인반도체클러스터 동일하이빌 파크밸리' 589세대에 대한 분양에 나선다고 15일... SK하이닉스 생산시설과 소재·부품·장비(소부장) 협력업체들이 입주하는 산업단지와 가깝고, 원삼초와 원삼중을... ",https://www.econovill.com/news/articleView.html?idxno=745227,https://www.econovill.com/news/articleView.html?idxno=745227,"Wed, 15 Jul 2026 08:42:00 +0900",2026-07-15 08:55:13
반도체,HBM 시장,"&quot;메모리 슈퍼사이클 온다&quot;…월가, SK하이닉스 ADR 두 배 상승 전망","시장에서는 AI 서버 투자 확대와 HBM 시장 지배력 강화, 안정적인 현금 창출 능력이 맞물리면서 SK하이닉스의 기업가치가 글로벌 투자자들로부터 재평가받을 가능성이 높다는 전망에 힘이 실리고 있다.",https://www.pinpointnews.co.kr/news/articleView.html?idxno=468479,https://www.pinpointnews.co.kr/news/articleView.html?idxno=468479,"Wed, 15 Jul 2026 08:34:00 +0900",2026-07-15 08:55:14
반도체,HBM 시장,SK하이닉스 ADR 놓고 해외 기관 엇갈린 평가…'330달러' vs '160달러',"AI 투자 확대와 HBM 수요 증가로 메모리 업황이 예상보다 강세를 보이고 있지만, 장기적으로는 메모리... 시장에서는 SK하이닉스 ADR이 단순한 자금 조달을 넘어 글로벌 투자자 기반 확대와 밸류에이션 재평가... ",http://www.newsian.co.kr/news/articleView.html?idxno=92263,http://www.newsian.co.kr/news/articleView.html?idxno=92263,"Wed, 15 Jul 2026 08:32:00 +0900",2026-07-15 08:55:14
반도체,HBM 시장,SK하이닉스 ADR에 3000억 베팅한 서학개미…10만명 '나스닥 직행',나스닥 데뷔 첫날 3000억 베팅…서학개미 10만명 몰려 美 ADR·국내 본주 동시 매수...양시장 투자 본격화... AI 투자 확대와 고대역폭메모리(HBM) 수요 증가가 이어질 것이란 기대가 개인 매수세를 뒷받침하고 있는... ,http://www.metroseoul.co.kr/article/20260715500031,http://www.metroseoul.co.kr/article/20260715500031,"Wed, 15 Jul 2026 08:22:00 +0900",2026-07-15 08:55:14
반도체,HBM 시장,"[단독] 삼성전자, 기흥 사업장에 신규 D램 공장 짓는다","특히 고대역폭메모리(HBM) 수요가 늘어나는 속도를 D램 업체들이 감당하지 못하면서, 스마트폰·PC에 쓰이는 범용 메모리까지 품귀 현상이 벌어지고 있다. 시장조사업체 카운터포인트리서치에 따르면 글로벌 D램 시장... ",https://www.hankyung.com/article/202607145399i,https://n.news.naver.com/mnews/article/015/0005310108?sid=101,"Wed, 15 Jul 2026 08:12:00 +0900",2026-07-15 08:55:14
반도체,HBM 시장,"바클레이스 &quot;SK하이닉스 주가, 두 배 더 뛸 수 있다&quot;…AI 메모리 호황에...",이어 &quot;단기적으로 매출총이익률이 상승할 여지가 있다&quot;면서 &quot;고대역폭메모리(HBM) 가격 인상과 SK하이닉스의 강력한 시장 지위에 힘입어 내년 매출이 상당히 높아질 것&quot;이라고 전망했다. 또 &quot;SK하이닉스가 자사주... ,https://www.theguru.co.kr/news/article.html?no=104424,https://www.theguru.co.kr/news/article.html?no=104424,"Wed, 15 Jul 2026 08:08:00 +0900",2026-07-15 08:55:14
반도체,HBM 시장,"SK하이닉스, HBM 중심 공급 부족 장기화…증권가 &quot;주가 급락 과도&quot;[애널...","노 연구원은 &quot;B2C 고객의 경우 CSP와는 달리 시장가격 변화에 따라 계약을 할 것으로 예상한다&quot;며 &quot;특히 HBM4와 HBM4E, LPDDR6 등 고부가 제품 비중 확대가 평균판매가격 상승을 이끌 것&quot;이라고 덧붙였다.",https://www.newsway.co.kr/news/view?ud=2026071507534133325,https://www.newsway.co.kr/news/view?ud=2026071507534133325,"Wed, 15 Jul 2026 08:08:00 +0900",2026-07-15 08:55:14
반도체,HBM 시장,'30% 빠진 삼성전자'…KB증권 &quot;지금은 AI가 아닌 공포가 만든 조정&quot;,이번 주가 조정이 실적 악화나 메모리 산업의 구조적 변화에 따른 것이 아니라 시장의 과도한 우려와... 고대역폭메모리(HBM) 중심의 공격적인 투자로 범용 D램 생산능력이 구조적으로 제약되면서 공급 부족 현상은... ,https://magazine.hankyung.com/money/article/202607155689c,https://magazine.hankyung.com/money/article/202607155689c,"Wed, 15 Jul 2026 08:08:00 +0900",2026-07-15 08:55:14
반도체,HBM 시장,"SK하이닉스 ADR, AI 투자 심리 바로미터 됐나","SK하이닉스는 AI 반도체 핵심인 고대역폭메모리(HBM)를 앞세워 미국 나스닥 시장에 데뷔했다. 이번 ADR 공모에는 모집 물량의 7배가 넘는 기관 주문이 몰리며 흥행에 성공했고, 공모가는 주당 149달러로 결정됐다. 미국... ",https://news.dealsitetv.com/articles/173165,https://news.dealsitetv.com/articles/173165,"Wed, 15 Jul 2026 08:02:00 +0900",2026-07-15 08:55:14
반도체,HBM 시장,KB證 &quot;삼성전자 급락은 과도한 우려 때문…오히려 매수 기회&quot;,"아닌 시장의 과도한 우려가 만든 가격 조정이며, 중장기 관점에서 오히려 매수 기회가 될 전망&quot;이라고... 김 연구원은 &quot;공급 부족 현상은 최소 2028년까지 이어질 가능성이 높으며, 특히 고대역폭메모리(HBM) 중심의... ",https://www.newsis.com/view/NISX20260715_0003709559,https://n.news.naver.com/mnews/article/003/0014067193?sid=101,"Wed, 15 Jul 2026 08:01:00 +0900",2026-07-15 08:55:14
반도체,HBM 시장,"피크아웃은 멀었다…IDC &quot;메모리 변곡점, 2028년 하반기 이후&quot;",빅테크의 투자 증가율이 다소 둔화하더라도 범용 시장으로 돌아갈 공급 자체가 충분하지 않은 구조다. SK하이닉스와 삼성전자의 HBM4［SK하이닉스·삼성전자 제공] ◇ HBM이 생산능력 잠식…장기계약으로 물량 선점... ,https://news.einfomax.co.kr/news/articleView.html?idxno=4425007,https://news.einfomax.co.kr/news/articleView.html?idxno=4425007,"Wed, 15 Jul 2026 08:00:00 +0900",2026-07-15 08:55:14
반도체,HBM 시장,"SK하닉 ADR, 목표가 330달러 등장…“메모리 공급 부족 지속”","그는 메모리 반도체 공급 부족 지속, 가격 결정력, 고대역폭메모리(HBM) 시장에서의 강한 입지를 근거로 SK하이닉스 주가가 향후 1년 내 이정도 수준에 이를 것으로 내다봤다. 콜스 애널리스트는 메모리 반도체 공급... ",https://www.edaily.co.kr/news/newspath.asp?newsid=02646966645514848,https://n.news.naver.com/mnews/article/018/0006330408?sid=101,"Wed, 15 Jul 2026 07:59:00 +0900",2026-07-15 08:55:14
반도체,HBM 시장,TSMC도 메모리값 불질렀다…PC 넘어 가전제품 줄인상 우려,글로벌 빅테크들의 AI 데이터센터 증설로 AI칩과 고대역폭메모리(HBM) 수요가 폭증하면서 파운드리... 파운드리 가격 인상보다 더 가파른 변화는 메모리 시장에서 이미 나타나고 있다. 메모리 가격은 이미 전례 없는... ,https://www.mk.co.kr/article/12098847,https://n.news.naver.com/mnews/article/009/0005707599?sid=101,"Wed, 15 Jul 2026 07:57:00 +0900",2026-07-15 08:55:14
반도체,HBM 시장,[비즈 나우] 'AI 기술장성' 쌓는 中…HBM 없이 칩 설계,"흐름이, 시장에 어떤 변수로 작용할지 예의주시해 봐야겠습니다. [앵커] 그런가하면 이름도 생소한 한 중국 스타트업이 핵심인 HBM 없이도 돌아가는 AI 칩을 만드는데 성공했다는 소식도 들리더라고요? [캐스터] 둥팡쏸신... ",https://biz.sbs.co.kr/article_hub/20000322560?division=NAVER,https://n.news.naver.com/mnews/article/374/0000521759?sid=104,"Wed, 15 Jul 2026 07:56:00 +0900",2026-07-15 08:55:14
반도체,HBM 시장,"“30% 빠진 삼성전자, 변한 건 없다…오히려 매수 기회”","고대역폭메모리(HBM) 중심의 투자 확대가 이어지면서 범용 D램 생산능력이 구조적으로 제한되고, 공급 부족... 김동원 KB증권 연구원은 “이번 조정은 펀더멘탈 훼손이 아닌 시장의 과도한 우려가 만든 가격 조정”... ",https://www.mk.co.kr/article/12098846,https://n.news.naver.com/mnews/article/009/0005707598?sid=101,"Wed, 15 Jul 2026 07:55:00 +0900",2026-07-15 08:55:14
반도체,파운드리 수주,250억 달러 ‘쩐의 전쟁’… 데이터센터는 ‘부동산’이 아니라 반도체...,서버용 고용량 솔리드스테이트드라이브(SSD)와 파운드리 역량을 결합한 종합 반도체 사업 모델을 구축해... 효성중공업의 수주잔고는 2026년 들어 사상 최대치를 경신했다. 열 제어를 위한 냉각 시스템과 관련해서는... ,https://www.g-enews.com/view.php?ud=202607150718164526fbbec65dfb_1,https://www.g-enews.com/view.php?ud=202607150718164526fbbec65dfb_1,"Wed, 15 Jul 2026 07:36:00 +0900",2026-07-15 08:55:14
반도체,파운드리 수주,[Who Is ?] 김상경 SFA 대표이사,물류자동화와 제조장비 기술에 AI를 접목해 2030년 완전 무인화 수준(Level 5)의 자율제조 솔루션을... 같은 날 상장 자회사 SFA반도체도 김영민 대표 대신 인텔과 삼성전자 파운드리사업부 출신의 강문수 대표를... ,https://www.businesspost.co.kr/BP?command=article_view&num=441907,https://www.businesspost.co.kr/BP?command=article_view&num=441907,"Wed, 15 Jul 2026 07:02:00 +0900",2026-07-15 08:55:14
반도체,파운드리 수주,"'사법리스크 해소 1년' 이재용, 책임경영이 아쉽다 [줌인IT]",올 7월에는 미국 선밸리 콘퍼런스에 파운드리 사업부장을 직접 대동해 글로벌 빅테크 CEO들과 맞춤형 AI 반도체 수주를 위한 협상 테이블을 주도했다. 이같은 공격적 경영은 압도적인 반도체 사업 성과로 이어졌다.... ,https://it.chosun.com/news/articleView.html?idxno=2023092165782,https://it.chosun.com/news/articleView.html?idxno=2023092165782,"Wed, 15 Jul 2026 06:00:00 +0900",2026-07-15 08:55:14
반도체,파운드리 수주,반도체 슈퍼사이클 계속 될까…15일 ASML 16일 TSMC 실적 '주목',"반도체 피크아웃(하락 전환) 우려가 좀처럼 가시지 않으면서 세계 최대 반도체 장비업체 ASML과 파운드리... TSMC와 삼성전자, SK하이닉스, 인텔, 마이크론 등 글로벌 반도체 기업들의 투자 계획이 ASML 수주와 실적에... ",https://www.news1.kr/industry/general-industry/6228076,https://n.news.naver.com/mnews/article/421/0009059812?sid=101,"Wed, 15 Jul 2026 06:00:00 +0900",2026-07-15 08:55:14
반도체,파운드리 수주,"대만 UMC, 싱가포르서 ‘광자 칩’ 양산… 반도체 고속 연결망 전쟁터 ...",UMC가 실리스의 1.6T 광자 칩 파운드리를 독점 수주함으로써 글로벌 하이퍼스케일러 데이터 전송 시장에 강력한 인센티브 구조를 셋팅한 셈이다. 2027년 IMEC 합작 플랫폼 가동… 차세대 ‘박막 리튬 니오베이트’ 도입... ,https://www.g-enews.com/view.php?ud=202607141742595460c8c1c064d_1,https://www.g-enews.com/view.php?ud=202607141742595460c8c1c064d_1,"Wed, 15 Jul 2026 05:26:00 +0900",2026-07-15 08:55:14
반도체,파운드리 수주,7월 3주 주요 제조업 전망,기존 공장은 ESS 수주·생산을 이어가고 합작 공장은 전기차용 배터리 생산에 집중한단 계획임... 시장조사업체 카운터포인트리서치에 따르면 TSMC는 올해 1분기 기준 순수 파운드리 시장에서 73%의 점유율을 기록하며... ,https://www.laborplus.co.kr/news/articleView.html?idxno=41134,https://www.laborplus.co.kr/news/articleView.html?idxno=41134,"Wed, 15 Jul 2026 00:27:00 +0900",2026-07-15 08:55:14
반도체,파운드리 수주,1.8나노 수율 잡은 인텔…파운드리 2위 경쟁 후끈,파운드리 2위 경쟁은 결국 빅테크 수주전에서 판가름 날 전망이다. 도널드 트럼프 미국 대통령은 지난 10일 “애플 칩은 인텔 공장에서 만들어야 한다”고 언급하며 노골적으로 인텔 지원에 나섰다. 삼성전자도 미국... ,https://www.joongang.co.kr/article/25445111,https://n.news.naver.com/mnews/article/025/0003537611?sid=101,"Wed, 15 Jul 2026 00:02:00 +0900",2026-07-15 08:55:14
반도체,파운드리 수주,"삼성 파운드리의 '보상의 역설', 회사가 적자여도 성과급을 줘야 하는가","파운드리 사업부를 독립된 기업으로 치환해 본다면 이는 도저히 납득하기 어려운 현상이다. 회사가 기술 완성도 부족과 저수익 수주 등으로 인해 수조 원의 적자를 내고 흑자 전환 기약마저 미뤄지는 마당에, 옆 동네가 잘... ",https://www.ngonews.kr/news/articleView.html?idxno=232943,https://www.ngonews.kr/news/articleView.html?idxno=232943,"Tue, 14 Jul 2026 20:06:00 +0900",2026-07-15 08:55:14
반도체,파운드리 수주,[반도체 전쟁] 인텔 18A '웨이퍼 변동성' 극복… 요동치는 파운드리 판도...,외부 수주 성과가 나타날 것이라는 신중론도 제기된다. 인텔의 18A 공정 수율 극복은 파운드리 시장이 TSMC의 단독 독주 체제에서 'TSMC-삼성전자-인텔'의 3강 구도로 재편되는 역사적 모멘텀이 될 수 있다. 기술... ,https://www.businesskorea.co.kr/news/articleView.html?idxno=273036,https://www.businesskorea.co.kr/news/articleView.html?idxno=273036,"Tue, 14 Jul 2026 18:08:00 +0900",2026-07-15 08:55:14
반도체,파운드리 수주,"피에스케이홀딩스, 리플로우 장비 300대 수주","주요 고객사는 HBM, 반도체 위탁생산(파운드리), OSAT 기업이다. 피에스케이홀딩스의 주요 장비 납품 소요 기간(리드타임)은 7개월이다. 수주 받은 리플로우 장비는 내년부터 공급될 예정이다. 과거 리드타임은 3개월... ",https://www.thelec.kr/news/articleView.html?idxno=59547,https://www.thelec.kr/news/articleView.html?idxno=59547,"Tue, 14 Jul 2026 17:26:00 +0900",2026-07-15 08:55:14
반도체,파운드리 수주,인텔 18A 수율 반등…삼성전자와 파운드리 경쟁 후끈,파운드리 2위 경쟁은 결국 빅테크 수주전에서 판가름 날 전망이다. 미국 정부의 노골적인 인텔 지원은 삼성전자에 걸림돌이다. 도널드 트럼프 미국 대통령은 지난 10일 “애플 칩은 인텔 공장에서 만들어야 한다”고... ,https://www.joongang.co.kr/article/25444996,https://n.news.naver.com/mnews/article/025/0003537518?sid=101,"Tue, 14 Jul 2026 16:28:00 +0900",2026-07-15 08:55:14
반도체,파운드리 수주,[거래소 기관] 삼성전자·SK하이닉스 쌍끌이 매수…반도체 대형주 집중,메모리 경쟁력 회복과 파운드리 사업 개선 기대가 투자 배경으로 꼽힌다. SK하이닉스도 기관 순매수... 친환경 에너지 전환과 조선업 수주 증가 기대가 긍정적으로 평가되고 있다. 바이오와 2차전지 분야에서는... ,https://www.pinpointnews.co.kr/news/articleView.html?idxno=468371,https://www.pinpointnews.co.kr/news/articleView.html?idxno=468371,"Tue, 14 Jul 2026 16:08:00 +0900",2026-07-15 08:55:14
반도체,파운드리 수주,[파운드리 리턴즈]③ 美 테일러에 달린 반전…삼성 2나노의 시간 온다,"하지만 AI 반도체 수요가 폭증하면서 특정 파운드리에 수주가 몰리는 구조는 납기와 가격, 생산능력 확보 측면에서 부담으로 작용했다. 삼성은 TSMC와 격차가 크지만 메모리와 파운드리, 첨단 패키징을 동시에 갖춘... ",https://www.bloter.net/news/articleView.html?idxno=668071,https://n.news.naver.com/mnews/article/293/0000087614?sid=101,"Tue, 14 Jul 2026 15:57:00 +0900",2026-07-15 08:55:14
반도체,파운드리 수주,AI5 양산으로 반격 노리는 삼성 파운드리…인텔도 거센 추격,이 같은 환경에서 삼성전자도 파운드리 사업 회복에 사활을 걸고 있다. 삼성전자는 최근 테슬라 AI5 칩 생산을 수주하며 최첨단 2나노 공정 경쟁력을 입증했다는 평가를 받고 있다. 업계에서는 미국 테일러 공장이... ,https://www.asiatoday.co.kr/kn/view.php?key=20260714010005217,https://www.asiatoday.co.kr/kn/view.php?key=20260714010005217,"Tue, 14 Jul 2026 15:48:00 +0900",2026-07-15 08:55:14
반도체,파운드리 수주,HBM 호황 숨은 승자…한미반도체 영업익률 50% 돌파,5D) 패키징 장비 3종을 내놓고 글로벌 파운드리와 후공정 업체를 대상으로 공급을 확대하고 있다. 하반기 실적 전망도 밝다는 평가다. 핵심 고객사들이 HBM 생산능력 확대를 지속하면서 TC 본더의 수주 가시성이... ,https://www.newsway.co.kr/news/view?ud=2026071414394738084,https://www.newsway.co.kr/news/view?ud=2026071414394738084,"Tue, 14 Jul 2026 15:24:00 +0900",2026-07-15 08:55:14
반도체,파운드리 수주,"[투자전략 따라잡기] &quot;강세장 끝난 것 아니다&quot; 하반기 주도주, 여전히 반...",- 반도체 고점론 VS 슈퍼사이클 유효…하반기 전망 - 고점 대비 20% 하락…매도 압력 극단적 수준 - 유안타 &quot;3Q... - AI경쟁력·HBM·파운드리 수율 개선 중요 - &quot;SK하이닉스와는 시장 평가 포인트가 다르다&quot; - &quot;삼성전자... ,https://biz.sbs.co.kr/article_hub/20000322418?division=NAVER,https://n.news.naver.com/mnews/article/374/0000521633?sid=101,"Tue, 14 Jul 2026 14:28:00 +0900",2026-07-15 08:55:14
반도체,파운드리 수주,"한미반도체, 2분기 영업익 1303억원… HBM 장비가 견인",본더 수주를 확보했다. 글로벌 메모리 기업들의 HBM 팹(공장) 증설이 지속됨에 따라 한미반도체의 장비... 한미반도체는 AI용 시스템반도체 시장에서 신제품 2.5D 패키징 장비 3종을 출시하고 글로벌 파운드리... ,http://www.the-biz.co.kr/news/articleView.html?idxno=724406,http://www.the-biz.co.kr/news/articleView.html?idxno=724406,"Tue, 14 Jul 2026 14:28:00 +0900",2026-07-15 08:55:14
반도체,파운드리 수주,아이로보틱스 &quot;경영권 분쟁 해소…로봇·안티드론 신사업 본격화&quot;,"회사는 초소형 로봇 감속기 양산을 앞두고 있으며, 중국 파운드리 업체와 설계 엔지니어링 계약을 체결해 1차 15만달러 규모의 수주를 확보한 데 이어 추가 수주도 추진 중이라고 밝혔다. 이를 통해 국내 유일의 로봇... ",https://www.edaily.co.kr/news/newspath.asp?newsid=04208246645514520,https://n.news.naver.com/mnews/article/018/0006329988?sid=101,"Tue, 14 Jul 2026 13:45:00 +0900",2026-07-15 08:55:14
반도체,파운드리 수주,HBM만 있나…550조 AI DC에 전력·냉각 'K장비' 뜬다[하반기 경제전략],국내 파운드리가 주도해 성능을 검증하고 양산하도록 지원할 계획이다. 전력반도체 양산과 실증을... 550조 청사진…미확정 물량·실행계획은 과제 다만 정부가 내놓은 전략이 실제 국내 기업의 수주와 산업 경쟁력... ,https://www.dailian.co.kr/news/view/1666878/?sc=Naver,https://n.news.naver.com/mnews/article/119/0003111242?sid=101,"Tue, 14 Jul 2026 12:11:00 +0900",2026-07-15 08:55:14
반도체,파운드리 수주,"“SK하이닉스 둘러싼 대외 업황 견조, 저점 비중 확대 유효”","김 연구원에 따르면 대만 파운드리(반도체 위탁생산) 기업 TSMC의 6월 매출액은 전년 대비 67.9% 상승한... 또한 빅테크의 CAPEX(자본적지출) 방향성은 지켜봐야겠지만, 지난 분기 급증한 수주잔고 규모를 감안하면... ",https://weekly.donga.com/3/all/11/6306358/1,https://n.news.naver.com/mnews/article/037/0000038502?sid=101,"Tue, 14 Jul 2026 11:38:00 +0900",2026-07-15 08:55:14
2차전지,2차전지 주가,[박정식의 국내 주식시황] Fed 금리인상 우려 완화 및 반도체 견조한 성...,"美ADR 상장 검토설로 네패스, 피에스케이홀딩스, 유진테크, 한미반도체 등 반도체 관련주가 상승했다. Fed 금리인상 우려 하락했던 삼아알미늄, HLB제약, 툴젠, 지노믹트리 등 일부 2차전지  및 제약바이오 섹터도 반등했다.",https://www.newsquest.co.kr/news/articleView.html?idxno=269779,https://www.newsquest.co.kr/news/articleView.html?idxno=269779,"Wed, 15 Jul 2026 08:30:00 +0900",2026-07-15 08:55:15
2차전지,2차전지 주가,[삼성SDI 유증의 뒷장] ②주주 자금 전용 유증의 정점 '삼성전자·이재용...,지분 매각 성공 이후의 주가 상승을 고려하면 유증과 순서를 달리했을 때 주주가치 희석을 최소화했을... 지분율 20% 미만 관계기업 역시 2차 전지 알루미늄박 제조 기업인 삼아알미늄(10.2%·355억원) 정도가... ,https://www.smarttoday.co.kr/ko-kr/articles/109480,https://www.smarttoday.co.kr/ko-kr/articles/109480,"Wed, 15 Jul 2026 08:12:00 +0900",2026-07-15 08:55:15
2차전지,2차전지 주가,[애프터마켓 리뷰] 李 대통령 '미프진' 언급에 대화제약 등 급등,"코스피와 달리 하락으로 장을 마쳤는데, 시가총액 상위주 중에서도 반도체 장비주가 일부 강세 보였고, 바이오주, 2차전지주가 약세였습니다. 시가총액 1위 알테오젠, 경쟁사 삼성바이오에피스의 자체 피하주사 제형... ",https://biz.sbs.co.kr/article_hub/20000322561?division=NAVER,https://n.news.naver.com/mnews/article/374/0000521760?sid=101,"Wed, 15 Jul 2026 07:58:00 +0900",2026-07-15 08:55:15
2차전지,2차전지 주가,[Who Is ?] 추경호 대구광역시장,보수세가 강한 대구에서 두 후보가 접전을 벌이면서 대구시장 선거는 6·3 지방선거의 최대 격전지로... 검찰의 김 여사 도이치모터스 주가조작 연루 의혹 불기소에 반발한 민주당의 장외투쟁도 이재명 대표의... ,https://www.businesspost.co.kr/BP?command=article_view&num=441578,https://www.businesspost.co.kr/BP?command=article_view&num=441578,"Wed, 15 Jul 2026 07:00:00 +0900",2026-07-15 08:55:15
2차전지,2차전지 주가,국민연금 5% 이상 국내주식 462조…IT전기전자 비중 62%,보유 기업 확대보다는 기존 보유 종목의 주가 상승과 일부 업종의 지분 확대가 평가액 증가를 이끈... 2차전지 업종도 평가액은 증가했지만 전체 비중은 축소됐다. 2차전지 지분 평가액은 7조3515억원에서... ,http://www.4th.kr/news/articleView.html?idxno=2114762,http://www.4th.kr/news/articleView.html?idxno=2114762,"Tue, 14 Jul 2026 19:06:00 +0900",2026-07-15 08:55:15
2차전지,2차전지 주가,"[26.7.14 증시 인싸잇] 코스피, 롤러코스터 장세 끝 6850선 회복… 반도...",98 마감 코스닥은 연중 최저치 마감… 바이오·2차전지 약세 지속 인싸잇=임종옥 기자ㅣ 코스피가 전... 알테오젠의 주가는 전 거래일보다 11.69% 급락했다. 이러한 우려는 바이오주 전반적으로 커지며... ,https://www.mediawatch.kr/news/article.html?no=260373,https://www.mediawatch.kr/news/article.html?no=260373,"Tue, 14 Jul 2026 17:56:00 +0900",2026-07-15 08:55:15
2차전지,2차전지 주가,"증권가 &quot;엘앤에프, 리튬 가격 하락+이원화 우려&quot;···목표주가↓",증권가에서는 2차전지 양극활물질 제조 기업 엘앤에프(대표 허제홍)에 대해 리튬 가격 하락세에 수익성이 낮아질 것으로 예상하며 목표주가를 하향 조정했다. 14일 NH투자증권 주민우 연구원은 이 같은 의견으로... ,http://www.koreastocknews.com/news/articleView.html?idxno=119791,http://www.koreastocknews.com/news/articleView.html?idxno=119791,"Tue, 14 Jul 2026 17:02:00 +0900",2026-07-15 08:55:15
2차전지,2차전지 주가,[투데이증시] '천당과 지옥' 오가는 극심한 변동성에 4조원 던진 개미들,"2차전지와 로봇 등 시가총액 상위주가 대부분 하락한 가운데 주성엔지니어링(+5.53%), 원익IPS(+1.84%), 피에스케이(+10.24%), 리노공업(+1.11%), 테스(+16.68%) 등 반도체 소부장(소재·부품·장비)주는 강세를 보였다. 이는... ",https://www.ntoday.co.kr/news/articleView.html?idxno=128186,https://www.ntoday.co.kr/news/articleView.html?idxno=128186,"Tue, 14 Jul 2026 16:38:00 +0900",2026-07-15 08:55:15
2차전지,2차전지 주가,"중동 이슈 딛고, 코스피 '상승'...반도체주 '활짝' vs 車 주가 '뚝'","금융지주에선 하나금융지주가 1.06% 상승한 반면 우리금융지주는 1.60% 하락했다. 자동차주들이 약세를 이어갔다. 현대차가 4.39%, 기아가 2.72% 각각 급락했다. 2차전지주 중 LG에너지솔루션(-1.98%), 삼성SDI(-2.84... ",http://www.choicenews.co.kr/news/articleView.html?idxno=168178,http://www.choicenews.co.kr/news/articleView.html?idxno=168178,"Tue, 14 Jul 2026 16:12:00 +0900",2026-07-15 08:55:15
2차전지,2차전지 주가,[코스닥 외국인] 반도체·바이오 집중 매수…테크윙 최선호주 부상,"이들 종목은 반도체 투자 확대 기대가 이미 주가에 반영됐다는 판단 속에서 단기 조정 압력이 나타난 것으로... 2차전지와 바이오, 소재 관련주는 업황 회복 속도와 실적 개선 여부를 확인하려는 투자자들의 신중한 접근이... ",https://www.pinpointnews.co.kr/news/articleView.html?idxno=468366,https://www.pinpointnews.co.kr/news/articleView.html?idxno=468366,"Tue, 14 Jul 2026 15:58:00 +0900",2026-07-15 08:55:15
2차전지,2차전지 주가,[1% 초고수의 선택] '반도체 대장주' 던지고 'K뷰티' 담았다,"주가가 급락하는 과정에서도 저가 매수보다 추가 위험을 줄이려는 매도가 우세했던 셈이다. 방산주 LIG넥스원도 7.03% 하락하며 순매도 6위를 기록했다. LG에너지솔루션과 LG화학 등 2차전지주, POSCO홀딩스와 현대차도... ",https://www.ebn.co.kr/news/articleView.html?idxno=1716328,https://www.ebn.co.kr/news/articleView.html?idxno=1716328,"Tue, 14 Jul 2026 15:12:00 +0900",2026-07-15 08:55:15
2차전지,2차전지 주가,7월 금통위 금리인상 유력…증시 '옥석가리기' 본격화,"반면 미래 이익에 대한 기대를 기반으로 높은 기업가치를 인정받는 2차전지와 바이오, 플랫폼 등 성장주는... 금리 상승기에는 시장 전체보다 기업별 펀더멘털이 주가를 좌우하는 경향이 뚜렷해지는 만큼, 실적이... ",https://www.fntimes.com/html/view.php?ud=202607141442593392a735e27af_18,https://www.fntimes.com/html/view.php?ud=202607141442593392a735e27af_18,"Tue, 14 Jul 2026 14:52:00 +0900",2026-07-15 08:55:15
2차전지,2차전지 주가,배터리 3사 LFP 장전에 웃는 EG…고급 산화철 세계 1위 몸값 뛴다,2차전지(LFP·리튬인산철) 테마가 14일 약세를 보이고 있다. 글로벌 배터리 업종 전반의 투자심리 위축과... 다만 최근 주가 상승에 따른 밸류에이션 부담과 업종 전반의 수급 변화가 단기 조정을 이끌고 있는 것으로... ,https://www.pinpointnews.co.kr/news/articleView.html?idxno=468311,https://www.pinpointnews.co.kr/news/articleView.html?idxno=468311,"Tue, 14 Jul 2026 13:38:00 +0900",2026-07-15 08:55:15
2차전지,2차전지 주가,[시장 따라잡기] 순환매 무대로 주목받는 소부장주…투자 포인트는?,"AI 시대 전력 인프라주가 주목을 받는데, 그중에서도 ESS라는 성장축에 대한 기대감이 커 보입니다. 어제와 같은 급락장에서도 선방하는 모습이었는데, 2차전지 업종이 장기간 조정을 거쳤다가 회복 국면에 진입했다고 볼... ",https://biz.sbs.co.kr/article_hub/20000322367?division=NAVER,https://n.news.naver.com/mnews/article/374/0000521617?sid=101,"Tue, 14 Jul 2026 13:26:00 +0900",2026-07-15 08:55:15
2차전지,2차전지 주가,"금융투자업계, 글로벌·상생·월분배로 새판 짠다","신한투자증권은 이를 시작으로 반도체, 2차전지, 철강, 방산 등 국가 핵심 산업으로 생산적 금융 모델을... 상승장에서는 옵션 매도 비중을 조절해 주가 상승 참여율을 높이고, 하락장과 횡보장에서는 옵션... ",https://www.pressman.kr/news/articleView.html?idxno=102752,https://www.pressman.kr/news/articleView.html?idxno=102752,"Tue, 14 Jul 2026 13:02:00 +0900",2026-07-15 08:55:15
2차전지,2차전지 주가,[경제소식] 교보생명 대산농촌재단 '대산장학생 하계연수' 성료,"모빌리티 상생금융 펀드를 시작으로 반도체와 2차전지, 철강, 방산 등 국가 핵심 산업으로 생산적 금융과... 상승장에서는 옵션 매도 비중을 조절해 주가 상승 참여율을 높이고 하락장이나 횡보장에서는 옵션 매도... ",http://www.4th.kr/news/articleView.html?idxno=2114721,http://www.4th.kr/news/articleView.html?idxno=2114721,"Tue, 14 Jul 2026 12:08:00 +0900",2026-07-15 08:55:15
2차전지,2차전지 주가,[하반기 증시 관전 포인트] 코스피 피크아웃 공포 vs 코스닥 순환매,상반기 내내 밸류에이션 부진의 늪에 빠졌던 2차전지주도 하반기 모멘텀 반전을 준비 중이다. 전기차 수요... 기대감이 주가를 밀어 올리고 있다. 전문가들은 코스피가 연초 급락을 딛고 추세적인 상승을 이어가기... ,https://www.mhns.co.kr/news/articleView.html?idxno=753312,https://www.mhns.co.kr/news/articleView.html?idxno=753312,"Tue, 14 Jul 2026 11:40:00 +0900",2026-07-15 08:55:15
2차전지,2차전지 주가,3% 성장 공식화…전력반도체·로봇 등 잠재성장률 견인[하반기 경제],"이와 함께 정부는 센서 액추에이터(로봇구동기), 휴머노이드용 2차전지 등을 초혁신경제 선도 프로젝트로... 기업가치 제고를 위해 주가누르기 방지를 위한 상장주식 평가방법 개편을 검토한다. 코스닥 승강제 세부... ",https://www.newsis.com/view/NISX20260713_0003706160,https://n.news.naver.com/mnews/article/003/0014065386?sid=101,"Tue, 14 Jul 2026 11:38:00 +0900",2026-07-15 08:55:15
2차전지,배터리 산업,최세환 SM벡셀 배터리사업부문 대표 &quot;미래 모빌리티 전력 시스템 선도&quot;,원통형 건전지 생산 과정에서 쌓은 품질관리 역량과 전지 관련 노하우를 산업용 리튬이온 배터리팩으로 확장한다. 대형 전기차용 배터리와 달리 드론·로봇 시장은 고객별 요구 사양이 세분화돼 있어 설계 유연성과... ,http://www.fnnews.com/news/202607150850011865,https://n.news.naver.com/mnews/article/014/0005548291?sid=101,"Wed, 15 Jul 2026 08:54:00 +0900",2026-07-15 08:55:16
2차전지,배터리 산업,"NIA, 현대제철서 AI-RAN 기반 피지컬AI 실증 나선다",한국지능정보사회진흥원(NIA)이 통신망이 로봇의 '두뇌' 역할을 수행하는 차세대 산업 AI(인공지능) 실증에... 기존에는 설비 오류가 발생하면 작업자가 고온 현장에 직접 투입돼야 했고 로봇도 AI 칩 성능과 배터리... ,https://www.mt.co.kr/tech/2026/07/15/2026071508364612727,https://n.news.naver.com/mnews/article/008/0005386200?sid=105,"Wed, 15 Jul 2026 08:53:00 +0900",2026-07-15 08:55:16
2차전지,배터리 산업,"국립낙동강생물자원관, 담수 미생물 활용 폐배터리 리튬 회수 기술 개발","정유진 국립낙동강생물자원관 이용기술개발실장은 &quot;이번 특허 기술은 황산과 같은 화학약품 사용을 줄이면서 리튬 자원의 재활용 가치를 높이고, 향후 폐배터리 재활용 산업 활성화와 핵심 광물 공급망 안정화에... ",https://www.shinailbo.co.kr/news/articleView.html?idxno=5040932,https://www.shinailbo.co.kr/news/articleView.html?idxno=5040932,"Wed, 15 Jul 2026 08:48:00 +0900",2026-07-15 08:55:16
2차전지,배터리 산업,"인하대 이차전지사업단, 인천 배터리 인재양성 거점 역할 강화","(사진=인하대) 인하대학교는 최근 '제4회 이차전지산업 지·산·학·연·관 산학교류회'를 개최하고, 인천지역 이차전지 산업 생태계 조성과 배터리 전문인재 양성을 위한 협력 방안을 논의했다고 15일 밝혔다. 이번 교류회는... ",http://www.incheonin.com/news/articleView.html?idxno=119325,http://www.incheonin.com/news/articleView.html?idxno=119325,"Wed, 15 Jul 2026 08:44:00 +0900",2026-07-15 08:55:16
2차전지,배터리 산업,"SK이노베이션, AI로 사회문제 해결할 청년 창업팀 10곳 키운다",선정된 청년 창업팀들은 산업 현장의 난제부터 일상 속 소외 계층을 위한 복지까지 다채로운 영역의 AI 기술을 제안했다. AI 데이터센터의 에너지 효율 개선과 탄소 감축 방안을 비롯해 폐배터리 재활용 공정 내 비효율... ,https://sports.donga.com/economy/article/all/20260715/134301019/1,https://n.news.naver.com/mnews/article/382/0001283314?sid=004,"Wed, 15 Jul 2026 08:44:00 +0900",2026-07-15 08:55:16
2차전지,배터리 산업,"SM벡셀, 배터리팩솔루션팀 신설…&quot;차세대 드론·로봇용 개발 본격화&quot;","한편 SM벡셀 배터리사업부문은 고밀도 리튬이온전지 연구과제와 산업·국방용 드론 배터리팩 개발도 병행하고 있다. 향후 로봇청소기, 서빙용 로봇, 휴머노이드 분야 등에서 전략적 파트너십을 통해 제품 양산과 공급도... ",https://view.asiae.co.kr/article/2026071508423903918,https://n.news.naver.com/mnews/article/277/0005790093?sid=103,"Wed, 15 Jul 2026 08:42:00 +0900",2026-07-15 08:55:16
2차전지,배터리 산업,"SM벡셀, 배터리팩솔루션팀 신설…&quot;드론∙로봇 시장 정조준&quot;",설계부터 BMS까지 전담조직 구축 고출력·고밀도 차세대 배터리팩 개발 아주경제=이나경 기자 nakk@ajunews.com SM벡셀 배터리사업부문이 생산하고 있는 산업용 배터리팩 라인업 [사진=SM그룹] SM그룹의 제조∙서비스부문... ,https://www.ajunews.com/view/20260715083226419,https://www.ajunews.com/view/20260715083226419,"Wed, 15 Jul 2026 08:40:00 +0900",2026-07-15 08:55:16
2차전지,배터리 산업,"NIA,‘이음5G AI-RAN + 피지컬 AI’국내 첫 현장 실증","기술을 산업현장에 구축하는 필드 실증에 본격 착수한다고 15일 밝혔다. AI-RAN은 통신 기지국에 AI... 그동안 현장 로봇은 탑재된 칩 성능과 배터리 용량의 한계로 복잡한 AI 추론이 어려워, 숙련 작업자 수준의 복구... ",https://www.hankyung.com/article/202607155826h,https://n.news.naver.com/mnews/article/015/0005310124?sid=105,"Wed, 15 Jul 2026 08:39:00 +0900",2026-07-15 08:55:16
2차전지,배터리 산업,"SK이노베이션, AI 창업팀 10곳 육성…사회문제 해결 지원","폐배터리 재활용 공정 효율화, 데이터센터 발열·소음 저감, 희귀암 조기 진단 데이터 분석, 실시간 디지털... 기술이 실제 산업 현장과 사회에서 가치를 창출할 수 있도록 적극 지원하겠다&quot;고 말했다.",https://daily.hankooki.com/news/articleView.html?idxno=1386035,https://daily.hankooki.com/news/articleView.html?idxno=1386035,"Wed, 15 Jul 2026 08:38:00 +0900",2026-07-15 08:55:16
2차전지,배터리 산업,"이철우 지사, 에코프로에 정책금융 활용한 민관 공동프로젝트 제안","에코프로의 투자와 함께 포항 이차전지 산업도 빠르게 성장했다. 2019년 차세대 배터리 리사이클링 규제자유특구를 시작으로, 2023년 국가첨단전략산업 이차전지 특화단지, 2024년에는 기회발전특구로 잇따라 지정됐다.... ",https://www.hankyung.com/article/202607155775h,https://n.news.naver.com/mnews/article/015/0005310120?sid=102,"Wed, 15 Jul 2026 08:37:00 +0900",2026-07-15 08:55:16
2차전지,배터리 산업,"SM벡셀, '배터리팩솔루션팀' 신설…'모빌리티 전력 솔루션 기업' 도약 본...","한편, SM벡셀 배터리사업부문은 고밀도 리튬이온전지 연구과제와 산업·국방용 드론 배터리팩 개발을 활발히 병행하고 있다. 향후 로봇청소기, 서빙 로봇, 휴머노이드 분야의 글로벌 주요 기업들과 전략적 파트너십을... ",http://www.newsdream.kr/news/articleView.html?idxno=114463,http://www.newsdream.kr/news/articleView.html?idxno=114463,"Wed, 15 Jul 2026 08:36:00 +0900",2026-07-15 08:55:16
2차전지,배터리 산업,"[중국 특징주] 中완성차 3사 상반기 적자 예고, '신차 데스밸리 효과' 뚜...","올해 상반기 배터리급 탄산리튬 평균 가격과 차량용 메모리 반도체 가격이 큰 폭으로 상승했고, 전해동(전기동) 등 산업용 금속 보조 소재 가격도 함께 오르면서 자동차 업체들의 부담을 더욱 키웠다. 올해 6월... ",https://www.newspim.com/news/view/20260715000107,https://www.newspim.com/news/view/20260715000107,"Wed, 15 Jul 2026 08:32:00 +0900",2026-07-15 08:55:16
2차전지,배터리 산업,현대제철 공장서 AI-RAN·피지컬 AI 첫 실증,국내 산업현장에서 처음 추진된다. 한국지능정보사회진흥원(NIA)은 과학기술정보통신부 공모사업으로 AI... 현장 로봇도 자체 탑재된 반도체 성능과 배터리 용량의 제약으로 복잡한 AI 추론과 숙련 작업자 수준의... ,https://www.edaily.co.kr/news/newspath.asp?newsid=02833926645514848,https://n.news.naver.com/mnews/article/018/0006330450?sid=105,"Wed, 15 Jul 2026 08:32:00 +0900",2026-07-15 08:55:16
2차전지,배터리 산업,“산업 AI의 경쟁력은 데이터가 아니라 ‘실행 가능한 지식'”…진동환...,"“산업 AI는 사람을 대체하는 기술이 아니다” 마이메타는 한국을 산업 AI 기술을 검증하기에 가장 적합한 시장으로 보고 있다. 자동차와 반도체, 배터리, 조선, 에너지 등 세계적인 제조기업과 공급망이 밀집해 있고... ",https://www.venturesquare.net/1093704/,https://www.venturesquare.net/1093704/,"Wed, 15 Jul 2026 08:07:00 +0900",2026-07-15 08:55:16
2차전지,배터리 산업,"&quot;삼성SDI 헝가리 공장, 벌금 61차례·19억…노동자들 중대 위험 노출&quot;",아틀라초는 배터리 산업 급성장으로 헝가리에서 수십 개의 위험한 배터리 공장이 가동되고 있는데 상당수가 불법적이고 무질서하게 운영되고 있다고 지적했다. 또한 삼성SDI 괴드 공장에 부과된 벌금 결정서... ,https://www.kpinews.kr/newsView/1065567663296834,https://www.kpinews.kr/newsView/1065567663296834,"Wed, 15 Jul 2026 08:06:00 +0900",2026-07-15 08:55:16
2차전지,배터리 산업,"스탠리 로보틱스, 파워테크 '맞춤형 배터리 시스템' 품고 북미 물류 시...","파워테크 시스템즈는 2013년 설립돼 프랑스 생시르레콜에 본사를 둔 산업용 리튬 배터리 시스템 기업이다. 로봇과 무인운반차(AGV), 산업용 전기차, 선박, 에너지저장장치에 들어가는 배터리 모듈과 팩을 설계·제조한다.... ",https://www.theguru.co.kr/news/article.html?no=104412,https://www.theguru.co.kr/news/article.html?no=104412,"Wed, 15 Jul 2026 07:56:00 +0900",2026-07-15 08:55:16
2차전지,배터리 산업,‘배터리 인사이트 콘퍼런스 2026’ 개최,K 배터리의 현재와 미래를 조망하는 ‘배터리 인사이트 콘퍼런스 2026'이 어제 청주 오스코에서 열렸습니다. 올해로 3회째를 맞은 이번 행사에는 국내외 이차전지 산업 전문가 5백여 명이 참석해 글로벌 생태계와 기술... ,https://news.kbs.co.kr/news/pc/view/view.do?ncd=8611079&ref=A,https://n.news.naver.com/mnews/article/056/0012218354?sid=105,"Wed, 15 Jul 2026 07:55:00 +0900",2026-07-15 08:55:16
2차전지,배터리 산업,SK온·현대차 美 배터리 합작공장 양산 개시,미국 각 주가 첨단 제조업과 배터리 산업 유치 경쟁을 벌이는 가운데 이번 공장 가동은 조지아주의 전기차 산업 클러스터 확대에도 힘을 실어줄 것으로 전망된다. 현대차그룹은 앞서 HSBMA에서 생산되는 배터리... ,https://www.dt.co.kr/article/12072975?ref=naver,https://n.news.naver.com/mnews/article/029/0003037123?sid=104,"Wed, 15 Jul 2026 07:51:00 +0900",2026-07-15 08:55:16
2차전지,배터리 산업,"&quot;기지국이 AI 연산까지&quot;…SKT, ‘AI-RAN’ 깔고 피지컬AI 판 깐다","AI’가 산업 현장에 빠르게 보급되고 있지만, 디바이스 자체의 한계가 명확했다. 로봇이 실시간으로 상황을 인지하고 제어하려면 엄청난 양의 AI 연산이 필요한데, 이를 로봇의 배터리와 칩셋만으로 감당하기엔... ",https://www.edaily.co.kr/news/newspath.asp?newsid=02535446645514848,https://n.news.naver.com/mnews/article/018/0006330391?sid=105,"Wed, 15 Jul 2026 07:35:00 +0900",2026-07-15 08:55:16
2차전지,배터리 산업,[인사] 포항시,윤천수 ▲일자리경제국 배터리첨단산업과장 문종명 ▲일자리경제국 수소에너지산업과장 직무대리 금종혁 ▲일자리경제국 일자리청년과장 박진숙 ▲복지국 복지정책과장 이원한 ▲복지국 노인장애인복지과장 직무대리... ,https://www.startuptoday.co.kr/news/articleView.html?idxno=806663,https://www.startuptoday.co.kr/news/articleView.html?idxno=806663,"Wed, 15 Jul 2026 07:30:00 +0900",2026-07-15 08:55:16
2차전지,리튬 시장,"경북도·에코프로, 이차전지 산업 협력 강화…공동 프로젝트 추진 논의","간담회에는 이철우 경북도지사와 이동채 에코프로 회장, 박용선 포항시장, 양금희 경북도 경제부지사 등이... 경북도와 에코프로의 협력은 지난 2016년 경북도와 포항시가 에코프로와 1천500억 원 규모의 리튬이차전지... ",https://www.shinailbo.co.kr/news/articleView.html?idxno=5040968,https://www.shinailbo.co.kr/news/articleView.html?idxno=5040968,"Wed, 15 Jul 2026 08:48:00 +0900",2026-07-15 08:55:17
2차전지,리튬 시장,"고려아연 아크에너지, 호주 태즈매니아 풍력발전 매각 성공",지난달 200㎿급 태양광 발전과 리튬인산철(LFP) 기반 BESS를 연동하는 리치몬드밸리 프로젝트에 대해 현지 전력시장 운영기관 AEMO로부터 전력망 연결 승인을 획득했다. 올해 2월에는 뉴사우스웨일스 주정부와 250... ,https://www.theguru.co.kr/news/article.html?no=104392,https://www.theguru.co.kr/news/article.html?no=104392,"Wed, 15 Jul 2026 08:12:00 +0900",2026-07-15 08:55:17
2차전지,리튬 시장,독일과 어깨 나란히 한 K-잠수함…캐나다 수주전이 남긴 과제,"전투체계, 리튬이온 배터리 등을 강점으로 내세웠다. 여기에 HD현대중공업·방사청과 원팀을 이루며 캐나다... 결국 이번 수주전은 잠수함을 비롯한 K-방산이 글로벌 시장에서 존재감을 확대하기 위해 해결해야 할... ",http://www.economytalk.kr/news/articleView.html?idxno=422712,http://www.economytalk.kr/news/articleView.html?idxno=422712,"Wed, 15 Jul 2026 07:00:00 +0900",2026-07-15 08:55:17
2차전지,리튬 시장,"[포스코그룹 사업재편] ⑤실무 전진배치 '이주태·정석모', 미래 성장 '...",지난 4월 포스코홀딩스는 호주 광산기업인 미네랄리소스사와 한화 1조1000억원 규모의 리튬광산 지분투자... 그간 신사업 발굴과 글로벌 시장 확대를 성공적으로 추진해 온 정 부사장이 이번 사업 재편을 이끌 전망이다.... ,https://www.fetv.co.kr/news/articleView.html?idxno=306344,https://www.fetv.co.kr/news/articleView.html?idxno=306344,"Wed, 15 Jul 2026 07:00:00 +0900",2026-07-15 08:55:17
2차전지,리튬 시장,"정부, 차기 ESS 입찰 ‘장수명·안전성’ 우대… 바나듐계 배터리 첫 진...","세계 배터리 시장 점유율은 LFP 54%~65%, 삼원계 35%~45% 수준이다. LFP는 삼원계보다 상대적으로 화재안전성이 높지만, 기본적으로 리튬 자체가 반응성이 너무 커 리튬계 배터리는 화재안전성에 취약하다는 평가를 받고... ",https://www.ekn.kr/web/view.php?key=20260714029452259,https://www.ekn.kr/web/view.php?key=20260714029452259,"Wed, 15 Jul 2026 06:40:00 +0900",2026-07-15 08:55:17
2차전지,리튬 시장,광물 잡아야 전기차도 산다…에코프로 니켈의 밸류체인 효과 [K배터리 원...,가격 싸움 된 전기차…원가 경쟁은 광물까지 중국 업체들이 주도하는 리튬인산철(LFP) 배터리는 가격을 앞세워 전기차 대중화 시장을 빠르게 넓혀왔다. 에너지밀도와 주행거리에서 앞선 한국의 하이니켈 삼원계... ,https://www.dailian.co.kr/news/view/1666671/?sc=Naver,https://n.news.naver.com/mnews/article/119/0003111487?sid=101,"Wed, 15 Jul 2026 06:00:00 +0900",2026-07-15 08:55:17
2차전지,리튬 시장,전략 핵심광물 재자원화율 7% 불과…기업 80%는 영세 中企,4%에 불과해 대부분을 수입에 의존하고 있다&quot;며 &quot;리튬·니켈·코발트 같은 산업재뿐 아니라 텅스텐과 중희토류... 단독으로 시장에 진입하기 어려운 구조&quot;라며 &quot;수소법과 유사한 핵심광물 특별법을 제정해 전략 소재를... ,http://www.e2news.com/news/articleView.html?idxno=332310,http://www.e2news.com/news/articleView.html?idxno=332310,"Wed, 15 Jul 2026 01:30:00 +0900",2026-07-15 08:55:17
2차전지,리튬 시장,삼성SDI UPS 배터리 ‘화재 안전’ 세계 첫 통과,"높은 리튬망간산화물(LMO) 소재와 열·충격에 강한 알루미늄 상자, 가스 배출구인 벤트 등 각형 배터리 기술을 집약했다고 밝혔다. 삼성SDI는 이번 시험 결과를 앞세워 AI 데이터센터와 전력용 에너지저장장치(ESS) 시장... ",https://www.donga.com/news/Economy/article/all/20260714/134298885/2,https://n.news.naver.com/mnews/article/020/0003733925?sid=101,"Wed, 15 Jul 2026 00:32:00 +0900",2026-07-15 08:55:17
2차전지,리튬 시장,"김상욱 울산시장, 차등 전기료·배터리 투자 유치 광폭행보",생산시설과 리튬인산철(LFP) 배터리를 활용한 BESS 공장에 대한 조속한 투자를 요청했다. 김 시장은 &quot;기업이 발표한 투자계획이 실제 사업으로 이어지려면 울산시도 함께 보조를 맞춰야 한다&quot;며 &quot;투자사업이 관련 산업... ,https://www.ksilbo.co.kr/news/articleView.html?idxno=1062174,https://www.ksilbo.co.kr/news/articleView.html?idxno=1062174,"Wed, 15 Jul 2026 00:02:00 +0900",2026-07-15 08:55:17
2차전지,리튬 시장,"[데일리카 컷] PHEV 중형 SUV 가격이 3750만원..BYD, ‘씨라이언 6 DM-i’",18.3kWh 용량의 LFP(리튬인산철) 블레이드 배터리가 탑재된다. PHEV 모델로 한번 충전 및 주유로 1000km... 국내 판매 가격은 유럽 시장 대비 절반 가격인 3750만원으로 책정된 점도 시장 경쟁력을 더하는... ,https://www.dailycar.co.kr/content/news.html?type=view&autoId=62048,https://www.dailycar.co.kr/content/news.html?type=view&autoId=62048,"Wed, 15 Jul 2026 00:02:00 +0900",2026-07-15 08:55:17
2차전지,전고체 배터리,"첨단산업의 제조공정… SFA넥셀, 기술 영역 넓힌다","최근 배터리 산업은 건식 전극과 전고체 배터리라는 전환기를 맞고 있다. 건식 전극은 용매 없이 활물질을 직접 성형해 원가와 에너지 효율을 높이는 차세대 방식이지만 그만큼 압출 속도와 압력, 두께 균일성을 더... ",https://www.donga.com/news/Economy/article/all/20260714/134291021/2,https://n.news.naver.com/mnews/article/020/0003734036?sid=101,"Wed, 15 Jul 2026 04:37:00 +0900",2026-07-15 08:55:17
2차전지,전고체 배터리,전자재료 혁신 선도… ‘스페셜티 소재 일류 기업’으로 도약,AI 반도체와 전고체 배터리 시대가 다가올수록 해외에 의존하던 고순도·고기능성 소재의 값어치는 더 커진다. 이 보이지 않는 전쟁터에서 33년간 묵묵히 자기 기술을 벼려온 소재 기업이 있다. 일동케미칼㈜(대표 조준혁)... ,https://www.donga.com/news/Economy/article/all/20260714/134291064/2,https://n.news.naver.com/mnews/article/020/0003734034?sid=101,"Wed, 15 Jul 2026 04:37:00 +0900",2026-07-15 08:55:17
2차전지,전고체 배터리,김상욱 울산시장 “지역별 전기요금제 도입을”,"인공지능(AI) 데이터센터 유치의 핵심인 전기요금 차등제를 정부에 건의하고, HD현대와 삼성SDI에는 제조업 AI 전환(AX)과 전고체 배터리 투자 확대를 요청하는 등 울산의 미래 성장동력 확보를 위한 ‘세일즈 행정’에... ",https://www.donga.com/news/Society/article/all/20260714/134298639/2,https://n.news.naver.com/mnews/article/020/0003733951?sid=102,"Wed, 15 Jul 2026 04:32:00 +0900",2026-07-15 08:55:17
2차전지,전고체 배터리,울산시의 '발품 행정'지역 발전 돌파구 돼야,"시내버스 노선 확대를 위한 전기저상버스 도입부터 지역별 차등 전기요금제 건의, 조선업 AI 전환(AX) 및 전고체 배터리 투자 유치에 이르기까지 울산의 생존과 미래가 걸린 핵심 과제들이 총망라됐다. 자치단체장이... ",http://www.ujeil.com/news/articleView.html?idxno=388793,http://www.ujeil.com/news/articleView.html?idxno=388793,"Tue, 14 Jul 2026 22:31:00 +0900",2026-07-15 08:55:17
2차전지,전고체 배터리,"金시장, '현안 해결·투자 유치' 광폭 행보",사진제공=울산시김상욱 울산시장은 14일 경기도 용인시 삼성SDI 본사를 방문해 허은기 부사장과 이권열 울산사업장 등을 만나 전고체 배터리와 배터리에너지저장장치 분야 투자 협의 등 협력방안을 논의했다. 사진제공... ,http://www.ujeil.com/news/articleView.html?idxno=388858,http://www.ujeil.com/news/articleView.html?idxno=388858,"Tue, 14 Jul 2026 22:30:00 +0900",2026-07-15 08:55:17
2차전지,전고체 배터리,"김상욱 시장, 기후부·HD현대·삼성SDI 잇달아 방문 지역별 전기요금제...","오후에는 경기 용인시 삼성SDI 본사를 방문해 전고체 배터리와 배터리에너지저장장치 분야 투자계획을 협의했다. 울산시는 삼성SDI 울산사업장이 30만평 이상 부지와 공업용수, 전기 등 투자 기반을 갖춘 점을 강조하며... ",https://www.ulsanpress.net/news/articleView.html?idxno=579177,https://www.ulsanpress.net/news/articleView.html?idxno=579177,"Tue, 14 Jul 2026 21:42:00 +0900",2026-07-15 08:55:17
2차전지,전고체 배터리,김상욱 울산시장 &quot;지역별 전기요금제 도입 서둘러야&quot;…AI 데이터센터 유...,"삼성SDI는 세계 최초 전고체 배터리 생산시설과 배터리에너지저장장치(BESS) 분야에 약 16조원을 투자하는 계획을 발표했다. 시는 삼성SDI 울산사업장이 100만㎡(30만평) 이상의 부지를 보유하고 있으며, 이 가운데 33만... ",https://www.iusm.co.kr/news/articleView.html?idxno=1065393,https://www.iusm.co.kr/news/articleView.html?idxno=1065393,"Tue, 14 Jul 2026 20:06:00 +0900",2026-07-15 08:55:17
2차전지,전고체 배터리,"김상욱 울산시장, 정부·기업 잇단 방문… 전기요금제·AI·배터리 투자...",이어 이날 오후에는 삼성SDI 본사를 찾아 전고체 배터리 투자 확대 방안을 협의할 예정이다. 김 시장은 이날 오전 기후에너지환경부를 방문해 이호현 제2차관과 면담을 갖고 지역별 전기요금제 조기 도입과 국산... ,https://www.viva100.com/article/20260714500974,https://www.viva100.com/article/20260714500974,"Tue, 14 Jul 2026 19:42:00 +0900",2026-07-15 08:55:17
2차전지,전고체 배터리,"K-배터리, AI 서버 이어 ‘피지컬 AI’ 정조준","국내외에서 베어로보틱스(원통형 단독 공급), LG전자 ‘클로이드’, 네이버랩스 이동형 서빙 로봇 등 탄탄한 레퍼런스를 쌓은 만큼 차세대 전고체 배터리 개발과 함께 휴머노이드 시장도 주도권을 가져가겠다는... ",https://www.dt.co.kr/article/12072941?ref=naver,https://n.news.naver.com/mnews/article/029/0003037082?sid=101,"Tue, 14 Jul 2026 18:40:00 +0900",2026-07-15 08:55:17
2차전지,전고체 배터리,"김상욱 울산시장, 핵심 현안 해결 위해 중앙 부처 및 대기업 연쇄 방문",이 자리에서 지난 7월 3일 발표된 약 16조원 규모의 전고체 배터리 및 배터리에너지저장장치(BESS) 분야 투자 계획에 대한 구체적인 협의가 진행된다. '영남권 첨단산업 발전비전 국민보고회'에서 발표된 약 16조원 규모의... ,https://www.cnbnews.com/news/articleView.html?idxno=1008123,https://www.cnbnews.com/news/articleView.html?idxno=1008123,"Tue, 14 Jul 2026 18:02:00 +0900",2026-07-15 08:55:17
2차전지,전고체 배터리,산재 사망 공표 확대·리튬전지 PSM 의무화… 산업안전 규제 대폭 강화,또 리튬이온전지에서 전고체전지 등 차세대 배터리로 기술 전환이 빠르게 진행되는 만큼 이에 맞는 안전기준도 지속적으로 보완할 필요가 있다는 의견이 나온다. 아울러 산업재해 공표제도가 단순한 제재에 그치지 않고... ,https://www.energydaily.co.kr/news/articleView.html?idxno=201413,https://www.energydaily.co.kr/news/articleView.html?idxno=201413,"Tue, 14 Jul 2026 16:12:00 +0900",2026-07-15 08:55:17
2차전지,전고체 배터리,울산시 전기요금 차등 적용제 실현 위해 발 벗고 나섰다,"이 자리에서는 지난 3일 ‘영남권 첨단산업 발전비전 국민보고회’에서 발표된 약 16조원 규모 전고체 배터리, 배터리에너지저장장치(BESS) 분야 투자계획에 대한 구체적 협의를 진행했다. 김 시장은 삼성SDI... ",http://www.kookje.co.kr/news2011/asp/newsbody.asp?code=0800&key=20260714.99099004199,https://n.news.naver.com/mnews/article/658/0000149508?sid=105,"Tue, 14 Jul 2026 15:48:00 +0900",2026-07-15 08:55:17
2차전지,전고체 배터리,"김상욱 울산시장, 정부·기업 잇달아 방문.. 현안 건의","전기요금 차등 적용과 국산 전기버스 추가 도입 지원을 건의했습니다. 이어 HD현대와 조선산업 특화 AI 전환 방안을 논의하고, 삼성SDI에는 16조원 규모의 전고체 배터리 공장 증설을 위한 조속한 투자를 당부했습니다.",https://news.bbsi.co.kr/news/articleView.html?idxno=4095015,https://news.bbsi.co.kr/news/articleView.html?idxno=4095015,"Tue, 14 Jul 2026 15:12:00 +0900",2026-07-15 08:55:17
2차전지,전고체 배터리,"‘현대차 투자’ 팩토리얼, 차세대 드론 배터리 상용화 속도…비행거리...","미국 전고체 배터리 스타트업 팩토리얼 에너지(Factorial Energy Inc, 이하 팩토리얼)가 네덜란드 무인항공기(UAV)용 배터리 기업 튤립 테크 그룹(Tulip Tech Group B.V., 이하 튤립)과 전략적 파트너십을 체결했다. 차세대... ",https://www.theguru.co.kr/news/article.html?no=104372,https://www.theguru.co.kr/news/article.html?no=104372,"Tue, 14 Jul 2026 15:04:00 +0900",2026-07-15 08:55:17
2차전지,전고체 배터리,"울산시, 산업 인공지능 전환(AX) 속도 낸다","삼성SDI는 울산에 16조원을 투자해 휴머노이드 로봇용 전고체 배터리 세계 생산 거점(글로벌 마더 팩토리) 조성, 에너지저장장치(ESS)용 리튬인산철(LFP) 배터리 생산계획을 발표했다. 김 시장은 삼성SDI 울산사업장은... ",https://biz.heraldcorp.com/article/10808540?ref=naver,https://n.news.naver.com/mnews/article/016/0002670167?sid=102,"Tue, 14 Jul 2026 15:03:00 +0900",2026-07-15 08:55:17
2차전지,전고체 배터리,AI·고신뢰성 중심 K-배터리 미래 전략 제시… '배터리 인사이트 컨퍼런...,"리튬이온배터리 기술의 발전 과정과 일본의 연구개발 현황을 짚고, 전고체전지를 비롯한 차세대 배터리 기술의 주요 과제와 향후 상용화 방향을 공유했다. 한국기계연구원 이택민 연구실장은 '이차전지 제조 공정... ",https://www.industrynews.co.kr/news/articleView.html?idxno=83297,https://www.industrynews.co.kr/news/articleView.html?idxno=83297,"Tue, 14 Jul 2026 14:10:00 +0900",2026-07-15 08:55:17
2차전지,전고체 배터리,(지피지기 중화통신)배터리·레이더 개발 원로에 포상…기술 자부심 높...,천 원사는 1980년대부터 리튬이온전지와 전고체 전기 연구를 주도했습니다. CATL 등으로 대표되는 중국 배터리 산업의 기초를 닦았다고 평가되지요. 중국이 이번 최고과학기술상을 리튬배터리와 레이더 연구자에게... ,http://www.newstomato.com/ReadNews.aspx?no=1307086&inflow=N,http://www.newstomato.com/ReadNews.aspx?no=1307086&inflow=N,"Tue, 14 Jul 2026 13:54:00 +0900",2026-07-15 08:55:17
바이오/헬스,바이오 주가,[리스트] MVP 상위 20선...이오테크닉스 등 - 15일,"제이투케이바이오, 에스티팜, 대덕전자, 시큐브, 디바이스 등이 포함됐다. 아이투자의 MVP... [표] MVP 상위 20선 - 2026.7.15 (전일 종가 기준) 순위 종목명 주가 등락률 MVP 항목별 점수 주요... ",https://www.itooza.com/common/iview.php?no=2026071508150501155,https://www.itooza.com/common/iview.php?no=2026071508150501155,"Wed, 15 Jul 2026 08:50:00 +0900",2026-07-15 08:55:18
바이오/헬스,바이오 주가,"하나證 “알테오젠, 경쟁력 훼손 우려 과도…삼성에피스 SC 시밀러 나와...",복제한 바이오시밀러에 불과해 알테오젠의 기술 경쟁력에는 큰 영향이 없을 것으로 분석했다. 그러면서 투자의견 ‘매수(BUY)’와 목표주가 58만원을 유지했다. 전 거래일 알테오젠 주가는 27만9500원이다.... ,https://biz.chosun.com/stock/stock_general/2026/07/15/4E5DG57TJVBS3EK7FVFKN7Q45E/?utm_source=naver&utm_medium=original&utm_campaign=biz,https://n.news.naver.com/mnews/article/366/0001179249?sid=101,"Wed, 15 Jul 2026 08:43:00 +0900",2026-07-15 08:55:18
바이오/헬스,바이오 주가,"[모닝 리포트] &quot;알테오젠, 히알루로니다제 우려는 오해…ALT-B4 경쟁력 부...",투자의견 '매수(BUY)'와 목표주가 58만원을 유지했다. 김선아 하나증권 연구원은 &quot;최근 미국 할로자임과 삼성바이오에피스가 서로 다른 히알루로니다제를 사용한다는 보도로 시장의 오해가 있었던 것으로 보인다&quot;며... ,https://www.newspim.com/news/view/20260715000073,https://www.newspim.com/news/view/20260715000073,"Wed, 15 Jul 2026 08:36:00 +0900",2026-07-15 08:55:18
바이오/헬스,바이오 주가,[프리마켓 포커스] 美증시 반도체 반등에 개장 전 5.01%↑…삼전·닉스 ...,"반도체 대장주가 강세를 주도하고 있다. SK하이닉스는 전일 대비 17만1000원(8.94%) 오른 208만4000원에... 12%), 삼성바이오로직스(0.73%) 등이 오름세를 보이고 있다. 반면 KB금융(-1.61%)은 약세다. 개별 종목별로는... ",http://www.the-biz.co.kr/news/articleView.html?idxno=724441,http://www.the-biz.co.kr/news/articleView.html?idxno=724441,"Wed, 15 Jul 2026 08:22:00 +0900",2026-07-15 08:55:18
바이오/헬스,바이오 주가,◇단기간 지나치게 커진 'ETF 규모',"삼전·닉스 이외의 고배당, 바이오, 헬스케어, 화장품, 금융, 건설, 에너지화학, 중공업... 삼성전자 주가도 지수 최고점 찍은 날 38만원을 기록한 후 7월 8일 장중 26만2000원까지 내린 후 반등이 나와서 7월 10일... ",http://www.econotelling.com/news/articleView.html?idxno=20895,http://www.econotelling.com/news/articleView.html?idxno=20895,"Wed, 15 Jul 2026 08:12:00 +0900",2026-07-15 08:55:18
바이오/헬스,바이오 주가,"장중 67% 뛴 코스닥 새내기 레메디, HLB는 연속 하한가...레몬헬스케어...",상장 첫날 높은 변동성을 보였지만 제약·바이오 업종 가운데 가장 높은 상승률을 기록하며 성공적인 데뷔전을 치렀다는 평가다. 주가를 끌어올린 핵심 재료는 인도 공공의료 조달시장 수주 기대감이다. 레메디는... ,https://www.edaily.co.kr/news/newspath.asp?newsid=02712566645514848,https://n.news.naver.com/mnews/article/018/0006330420?sid=101,"Wed, 15 Jul 2026 08:07:00 +0900",2026-07-15 08:55:18
바이오/헬스,바이오 주가,"한소제약 IL-23 자산, 美 뉴코로 이전…기술수출·상장·PIPE 결합",중국 한소제약(Hansoh Pharma)이 경구 IL-23 수용체 길항제 자산을 미국 바이오기업 에이버 테라퓨틱스(Avere... 역합병 이후 상장사는 단일 파이프라인 의존도가 높아질 수 있어 임상 실패 시 주가 변동성이 커질 수... ,https://www.medicopharma.co.kr/news/articleView.html?idxno=68716,https://www.medicopharma.co.kr/news/articleView.html?idxno=68716,"Wed, 15 Jul 2026 08:02:00 +0900",2026-07-15 08:55:18
바이오/헬스,바이오 주가,"[증시키워드] SK하이닉스, 월가 긍정 평가에 ADR 급등…삼성전자 반등·...","목표주가 35만원을 유지했다. AI 데이터센터 열관리와 피지컬 AI, 자율주행을 포함한 모빌리티까지 협력 범위가 확대되면서 단순 플랫폼 고객을 넘어 개발 파트너로 자리 잡고 있다는 평가다. 바이오주는 엇갈렸다.... ",https://www.etoday.co.kr/news/view/2603788,https://www.etoday.co.kr/news/view/2603788,"Wed, 15 Jul 2026 07:52:00 +0900",2026-07-15 08:55:18
바이오/헬스,바이오 주가,[ETF리그테이블] [2026년 상반기] 상반기 상장 ETF 99개…반도체로 쏠리...,"중국 정부의 반도체 자립 정책과 인공지능(AI) 산업 육성 기조가 맞물리며 중국 반도체 기업들의 주가가 강세를 보인 영향으로 풀이된다. 반면 수익률 하위권에는 바이오와 우주항공, 인버스 ETF 상품들이 주로... ",https://dealsite.co.kr/articles/164912,https://dealsite.co.kr/articles/164912,"Wed, 15 Jul 2026 07:52:00 +0900",2026-07-15 08:55:18
바이오/헬스,바이오 주가,[증시전략] 6월 CPI 전년비 3.5%·근원 CPI 2.6% 상승,"실적…주가는 엇갈려 - 웰스파고·씨티그룹 하락…JP모건 2.5%·골드만 9%↑ - JP모건 순익 41% 급증... 92% 하락 - 반도체 주도주 부재+바이오주 악재 속 연저점 연일 경신 - 삼성바이오에피스, 자체 SC제형기술 확보... ",https://biz.sbs.co.kr/article_hub/20000322551?division=NAVER,https://n.news.naver.com/mnews/article/374/0000521747?sid=104,"Wed, 15 Jul 2026 07:12:00 +0900",2026-07-15 08:55:18
바이오/헬스,바이오 주가,"[더벨]샤페론, '누겔 의존 탈피' 전략 시동…밸류업 카드 총동원",유지해 주가 안정성과 기관투자가 수급 여건을 개선한다는 설명이다. 최대주주인 성승용 대표도 최근 장내 매수를 통해 보유 지분을 11.35%로 늘리며 책임경영 의지를 나타냈다. 최근 제약·바이오업계에서도... ,https://www.thebell.co.kr/free/content/ArticleView.asp?key=202607121745335000109339,https://www.thebell.co.kr/free/content/ArticleView.asp?key=202607121745335000109339,"Wed, 15 Jul 2026 07:02:00 +0900",2026-07-15 08:55:18
바이오/헬스,바이오 주가,리보세라닙 세 번째 美 허가 불발…HLB그룹 시총 2.5조 증발,"이 소식에 HLB 그룹 내 상장사 중 신약개발을 주사업으로 하는 HLB와 HLB제약, HLB생명과학, HLB테라퓨틱스 등 4개사의 주가가 일제히 하한가를 기록했다. 바이오 소재 전문 HLB펩을 제외한 나머지 5개사의 주가도 이날 23... ",https://dealsite.co.kr/articles/165160,https://dealsite.co.kr/articles/165160,"Wed, 15 Jul 2026 07:02:00 +0900",2026-07-15 08:55:18
바이오/헬스,바이오 주가,"삼성전자·신한금융·우리금융·기아·KB금융, ESG평가 최고 'S'등급","이번 평가는 3월말 사업보고서에 발표된 이사회 활동 결과 등 거버넌스 평가와 주가변동을 반영하고... 이어 유한양행, 한미약품, 롯데케미칼, HD현대일렉트릭, LG, 삼성바이오로직스, DB손해보험, 고려아연, LG화학... ",https://www.esgeconomy.com/news/articleView.html?idxno=16044,https://www.esgeconomy.com/news/articleView.html?idxno=16044,"Wed, 15 Jul 2026 07:00:00 +0900",2026-07-15 08:55:18
바이오/헬스,바이오 주가,"[N2 모닝 경제 브리핑-7월 15일] 美 증시, 국채금리 하락에 강세…나스닥...",종목별로는 메모리 반도체주가 강세를 보였다. SK하이닉스 ADR은 바클레이스가 투자의견 ‘비중 확대’와... 프롬바이오 : 주식병합으로 오는 20일 주권매매거래정지 - 안국약품 : 약 485억원 규모의 공장 증축 계획... ,https://www.news2day.co.kr/article/20260715500003,https://www.news2day.co.kr/article/20260715500003,"Wed, 15 Jul 2026 06:40:00 +0900",2026-07-15 08:55:18
바이오/헬스,바이오 주가,주가 하락에 바이오 CB 전환가 줄하향…커지는 오버행 우려,제약바이오 업종 전반 주가 약세로 개별 기업 주가가 계약상 전환가액 조정 기준을 밑돈 데 따른 것이다. 전환가액이 낮아지면 전환 가능한 주식 수가 늘어나는 만큼 기존 주주의 지분가치를 희석하고 향후... ,https://www.dailypharm.com/user/news/340409?REFERER=NP,https://www.dailypharm.com/user/news/340409?REFERER=NP,"Wed, 15 Jul 2026 06:02:00 +0900",2026-07-15 08:55:18
바이오/헬스,바이오 주가,세계 첫 신장재생 수술 예정 로킷헬스케어 '주가 급등',소식에 주가가 연일 급등세를 기록하고 있다. 14일 코스닥 시장에서 로킷헬스케어 주가는 전날(13일) 대비... 이번 임상은 환자 본인 조직을 활용해 면역 거부반응을 원천 차단하며 AI 기반 3D 바이오프린터와 최첨단... ,https://www.dailymedi.com/news/news_view.php?wr_id=938416,https://www.dailymedi.com/news/news_view.php?wr_id=938416,"Wed, 15 Jul 2026 05:32:00 +0900",2026-07-15 08:55:18
바이오/헬스,제약 산업,[K디스카운트] 자사주 풀고 배당 묶고…태광의 주주환원 역설 I ① 태광...,"반면 태광산업은 배당 동결의 이유로 애경산업과 동성제약 등 뷰티ㆍ헬스케어 기업 인수, 메리어트 명동호텔 등 개발사업을 위한 자금 소요와 4년 연속 영업손실을 내세웠다. 태광산업은 2월 AK홀딩스 등이 보유한... ",https://www.bloter.net/news/articleView.html?idxno=668111,https://n.news.naver.com/mnews/article/293/0000087643?sid=101,"Wed, 15 Jul 2026 08:30:00 +0900",2026-07-15 08:55:19
바이오/헬스,제약 산업,"AI·ADC·우주까지…제약·바이오 ESG 보고서, '미래사업 설명서'로",유럽제약산업협회(EFPIA)는 최근 생명과학 산업 경쟁력 보고서에서 경쟁력의 핵심을 &quot;과학적 역량을 승인된 제품으로 전환해 환자와 글로벌 시장에 대규모로 전달하는 능력&quot;이라고 규정했다. 보고서는 생명과학 산업의... ,https://www.newsway.co.kr/news/view?ud=2026071411070129575,https://www.newsway.co.kr/news/view?ud=2026071411070129575,"Wed, 15 Jul 2026 07:04:00 +0900",2026-07-15 08:55:19
바이오/헬스,제약 산업,ADC서 펩타이드까지…고부가 제품 키운다,정윤택 제약산업전략연구원장은 “중국·인도 기업과 범용 제네릭 원료로 가격 경쟁을 벌이는 것은 현실적으로 어렵다”며 “RNA·펩타이드·ADC처럼 기술 난도가 높고 수요가 늘어나는 고부가가치 원료에서 수출... ,https://www.sedaily.com/article/20067600?ref=naver,https://n.news.naver.com/mnews/article/011/0004641680?sid=101,"Wed, 15 Jul 2026 07:02:00 +0900",2026-07-15 08:55:19
바이오/헬스,제약 산업,큐로젠 &quot;글로벌 빅파마와 CDA 확대…CR-C003 8월 독성시험&quot;,신약개발은 장기간 지속적인 투자가 필요한 산업이다. 국내 제약·바이오 투자환경이 단기적인 시장 분위기나 자금 흐름에 따라 크게 변하기보다 장기적인 관점에서 안정적으로 유지될 필요가 있다.&quot;,https://www.hitnews.co.kr/news/articleView.html?idxno=77639,https://www.hitnews.co.kr/news/articleView.html?idxno=77639,"Wed, 15 Jul 2026 06:12:00 +0900",2026-07-15 08:55:19
바이오/헬스,제약 산업,비용 줄고 장소까지 제한…좁아지는 학술대회 개최 여건,오 부회장은 IFPMA뿐 아니라 이를 준용하는 유럽제약산업협회연맹(EFPIA)과 미국제약협회(PhRMA) 규정에도 특정 지역에서 열리는 학술대회를 지원할 수 없다는 조항은 존재하지 않는다고 밝혔다. 미국 라스베이거스와... ,https://www.medipana.com/news/articleView.html?idxno=414556,https://www.medipana.com/news/articleView.html?idxno=414556,"Wed, 15 Jul 2026 06:06:00 +0900",2026-07-15 08:55:19
바이오/헬스,제약 산업,"[단독] HLB 간암 신약, FDA 데이터 무결성 허들에 승인 '안갯속'","FDA는 ALCOA를 제약·바이오 산업에서 데이터 완전성을 기본 원칙으로 삼고 있으며, 기록의 부정확성과 불완전성, 감사 추적의 부재, 문서화 절차 위반 등이 있을 경우 경고서한을 발송한다. 앞서 지난 2023년 12월... ",https://www.news2day.co.kr/article/20260714500231,https://www.news2day.co.kr/article/20260714500231,"Wed, 15 Jul 2026 06:02:00 +0900",2026-07-15 08:55:19
바이오/헬스,제약 산업,"&quot;음지 벗어나 제약 파트너로&quot;… CSO협회, 연내 인가 도전",사단법인 인가를 통해 음지를 벗어나 우리나라 제약산업 선진화에 기여하기 위한 파트너로서 자립하겠다는 의지다. 14일 CSO협회 관계자는 &quot;복지부가 공정한 의약품 유통구조 확립을 위한 제도·행정 수립을 위해... ,https://www.dailypharm.com/user/news/340453?REFERER=NP,https://www.dailypharm.com/user/news/340453?REFERER=NP,"Wed, 15 Jul 2026 06:02:00 +0900",2026-07-15 08:55:19
바이오/헬스,제약 산업,"K-바이오의 반격, 아이진 '재조합 톡신' 완제품 생존 방정식 가동",한국의 제약바이오산업이 가진 매력도 있습니다. 미국에서도 한국의 제조·개발 역량을 알고 있기에 함께 협력할 수 있는 장점이 있다고 봅니다. 무엇보다 중요한 것은 아이진 이름으로 실제 제품이 하나 나오는... ,https://www.pharmnews.com/news/articleView.html?idxno=304907,https://www.pharmnews.com/news/articleView.html?idxno=304907,"Wed, 15 Jul 2026 06:00:00 +0900",2026-07-15 08:55:19
바이오/헬스,제약 산업,"[칼럼] 레모나 그 이상의 가치, 경남제약의 새로운 성장 공식","대한민국 제약산업에서 1983년 국내 최초 산제 비타민C '레모나'는 그 첫 번째 성공을 상징하는 이름이었다. 레모나는 비타민을 소비하는 방식을 바꿨고, 건강을 일상 속에서 즐기는 문화를 확산시켰으며, 경남제약을... ",https://www.pharmnews.com/news/articleView.html?idxno=304910,https://www.pharmnews.com/news/articleView.html?idxno=304910,"Wed, 15 Jul 2026 05:56:00 +0900",2026-07-15 08:55:19
바이오/헬스,제약 산업,"독일, 제약 반발에도 건보개혁안 통과…의약품 의무할인 15.5%로 인상","독일 연구기반제약기업협회(VFA)는 변동형 할인안 철회를 일부 성과로 평가하면서도, 개혁안이 연구개발 중심 제약산업과 독일 국민의 의료서비스에 상당한 부담을 줄 것이라고 경고했다. VFA는 입법 과정에서 제약사... ",https://www.kpanews.co.kr/news/articleView.html?idxno=538547,https://www.kpanews.co.kr/news/articleView.html?idxno=538547,"Wed, 15 Jul 2026 05:52:00 +0900",2026-07-15 08:55:19
바이오/헬스,제약 산업,한국 의료AI 잠재력 있지만 산업화 '과제'…&quot;정부·글로벌 협력 통한 생...,"DHP 최윤섭 대표, MSD코리아 알버트 김 대표, 오픈AI 코리아 김경훈 대표, 카카오헬스케어 황희 대표, 한국보건산업진흥원 김용우 제약바이오산업단장  국내 의료 인공지능(AI) 등 디지털헬스 기술은 빠르게 발전하고 있지만... ",https://www.medigatenews.com/news/4009451737,https://www.medigatenews.com/news/4009451737,"Wed, 15 Jul 2026 05:48:00 +0900",2026-07-15 08:55:19
바이오/헬스,제약 산업,CSO 불법근절 '길들이기' 밑그림 마무리…투명한 약품 유통 기대,업계 관계자는 &quot;CSO는 제약산업에서 이미 중요한 영업 채널로 자리 잡은 만큼 단순히 규제를 강화하는 것보다 투명한 관리체계를 구축하는 것이 핵심&quot;이라며 &quot;이번 연구 결과가 현장에서 실질적으로 작동할 수 있는... ,http://www.medisobizanews.com/news/articleView.html?idxno=140196,http://www.medisobizanews.com/news/articleView.html?idxno=140196,"Wed, 15 Jul 2026 05:40:00 +0900",2026-07-15 08:55:19
바이오/헬스,제약 산업,‘인수-생산-수출’ 선순환 전략… 보령 ‘글로벌 승부수’,글로벌 제약산업에서는 안정적인 생산과 공급 능력이 기업 경쟁력을 좌우하는 핵심 요소로 부상하고 있다. 필수의약품 공급 부족 현상이 세계적으로 반복되는 상황에서 오리지널 브랜드 비즈니스를 확보하고 검증된... ,https://www.donga.com/news/Health/article/all/20260714/134291229/2,https://n.news.naver.com/mnews/article/020/0003733956?sid=103,"Wed, 15 Jul 2026 04:33:00 +0900",2026-07-15 08:55:19
바이오/헬스,제약 산업,"지놈앤컴퍼니, 이중항체 ADC 'GENB-120' 국가신약개발사업 과제 선정","국가신약개발사업은 국내 제약·바이오산업의 글로벌 경쟁력 강화를 위해 시작된 범부처 국가 R&amp;D 사업이다. 2021년부터 10년간 국내 신약개발 R&amp;D 생태계 강화, 글로벌 실용화 성과 창출, 보건 의료분야의 공익적... ",https://www.medigatenews.com/news/2653357101,https://www.medigatenews.com/news/2653357101,"Wed, 15 Jul 2026 02:46:00 +0900",2026-07-15 08:55:19
바이오/헬스,제약 산업,"동화약품 노사, 상생 성장 위한 '노사화합 선언문' 공동 발표",제약 산업계에서는 동화약품의 안정적인 상생 기반이 신사업 추진 속도에 날개를 달아줄 것으로 관측한다. 실제로 동화약품은 최근 수년간 전통적인 일반의약품(OTC) 영역을 넘어 전문의약품(ETC) 경쟁력 강화와 적극적인... ,http://www.ttlnews.com/news/articleView.html?idxno=3125602,http://www.ttlnews.com/news/articleView.html?idxno=3125602,"Tue, 14 Jul 2026 21:50:00 +0900",2026-07-15 08:55:19
바이오/헬스,제약 산업,"바이오벤처 '성우제네텍', 오송 바이오 클러스터서 새 출발","성우제네텍은 지난 2019년 설립 이후 바이오와 제약 산업의 핵심 기자재 및 솔루션을 공급하며 빠르게 성장해 온 바이오 전문 기업이다. 성우제네텍은 제약사, 식품사, 바이오벤처 및 국공립 연구소를 대상으로 고품질... ",http://www.hellodd.com/news/articleView.html?idxno=112463,http://www.hellodd.com/news/articleView.html?idxno=112463,"Tue, 14 Jul 2026 18:46:00 +0900",2026-07-15 08:55:19
바이오/헬스,제약 산업,"[사설] 하반기 경제전략 발표, 신산업 키워 고용 증대를","'초혁신 성장동력 육성'이라는 이름으로 정부가 내세운 미래 산업은 제약·바이오, 방위산업, 우주·항공, 인공지능(AI) 에이전트, 블록체인 경제 등이다. 제2의 반도체 후보들로 앞날이 밝은 산업들이다. 문제는... ",http://www.fnnews.com/news/202607141832464530,https://n.news.naver.com/mnews/article/014/0005548197?sid=110,"Tue, 14 Jul 2026 18:33:00 +0900",2026-07-15 08:55:19
바이오/헬스,제약 산업,언제까지 임상 3상대행만 할 건가...규제 확 풀어 ‘초기임상 천국’ 만...,"제약바이오 산업에 국가 미래 달려 대학·연구기관 기술, 시장 안착하게 오픈이노베이션 창업 생태계 만들자 한국은 엄격한 임상 품질 관리 역량과 고도화된 메디컬 프로토콜을 이미 확보하고 있다. 여기에 글로벌 기준에... ",https://www.mk.co.kr/article/12098532,https://n.news.naver.com/mnews/article/009/0005707488?sid=105,"Tue, 14 Jul 2026 17:52:00 +0900",2026-07-15 08:55:19
바이오/헬스,제약 산업,"(제약보국 후계자들)③상속세로 갈라진 한미 가족경영, 6년 분쟁 낳았다",정윤택 제약산업전략연구원장은 “제약바이오 기업에서 장점은 가족경영 시 빠른 의사결정과 강한 리더십의 장점”이라면서도 “글로벌 빅파마 모두 전문경영인 체제인 점을 고려하면 그룹도 종국에는 완전한... ,http://www.newstomato.com/ReadNews.aspx?no=1307182&inflow=N,http://www.newstomato.com/ReadNews.aspx?no=1307182&inflow=N,"Tue, 14 Jul 2026 17:40:00 +0900",2026-07-15 08:55:19
바이오/헬스,제약 산업,"[IT칼럼] IMD의 국가경쟁력, 정밀 분석과 전략적 실행으로 크게 높여야","그러나 규제 부담, 낮은 노동생산성, 수도권 집중, 저출생·고령화, 신산업 성장 제약과 구조적 과제도 안고 있다. 이제 국가경쟁력 제고를 위해 정부의 역할부터 근본적으로 전환해야 한다. 정부는 '규제 국가'에서... ",https://www.newscj.com/news/articleView.html?idxno=3416960,https://www.newscj.com/news/articleView.html?idxno=3416960,"Tue, 14 Jul 2026 17:12:00 +0900",2026-07-15 08:55:19
바이오/헬스,신약 개발,"대웅제약-한국생명공학연구원, '간 오가노이드 원천기술' 도입",대웅제약은 간 오가노이드 기술을 신약 연구개발 과정에 적용해 비임상 독성평가 체계를 한층 고도화할 계획이다. 이를 통해 후보물질의 간 독성을 조기에 선별하고 연구개발 성공률을 높이는 동시에 개발 기간과 비용... ,https://www.m-i.kr/news/articleView.html?idxno=1391630,https://www.m-i.kr/news/articleView.html?idxno=1391630,"Wed, 15 Jul 2026 08:54:00 +0900",2026-07-15 08:55:19
바이오/헬스,신약 개발,"프로티나, 온코닉테라퓨틱스와 AI 기반 차세대 항암신약 공동개발 나선...","윤태영 프로티나 대표이사, 김존 온코닉테라퓨틱스 대표이사 (사진 제공 = 프로티나)  인공지능(AI) 신약개발 바이오기업 프로티나가 항암 신약개발 전문기업 온코닉테라퓨틱스와 손잡고 차세대 항암 모달리티(Modality)... ",https://daily.hankooki.com/news/articleView.html?idxno=1386052,https://daily.hankooki.com/news/articleView.html?idxno=1386052,"Wed, 15 Jul 2026 08:52:00 +0900",2026-07-15 08:55:19
바이오/헬스,신약 개발,7월 14일 주식시장 주요공시,",LTD)) ▶프로티나, 원천(De novo) 항체 설계 AI 기술 확보를 통한 신약개발 역량 강화 및 신사업 추진 목적으로 에이비엑스바이오사이언시스 주식 5,700주를 34.20억원에 추가로 취득하기로 결정... ",https://www.catchnews.kr/news/articleView.html?idxno=126174,https://www.catchnews.kr/news/articleView.html?idxno=126174,"Wed, 15 Jul 2026 08:52:00 +0900",2026-07-15 08:55:19
바이오/헬스,신약 개발,"SK텔레콤-SK바이오팜, AI로 5개월 만에 난치성 암 신약 연구 완료","이번 연구에서 SK바이오팜은 신약 개발 경험을 바탕으로 신규 바인더 발굴 전략을 수립했다. SK텔레콤은 AI 기술을 활용해 신규 바인더 후보를 다량 생성하고, ‘ROR1’과의 결합 가능성을 분석해 실험실 검증 대상을... ",https://biz.heraldcorp.com/article/10809151?ref=naver,https://n.news.naver.com/mnews/article/016/0002670404?sid=105,"Wed, 15 Jul 2026 08:52:00 +0900",2026-07-15 08:55:19
바이오/헬스,신약 개발,"대웅제약, '간 오가노이드 원천기술' 확보…신약개발 경쟁력 강화","대웅제약은 이번 기술 도입을 통해 비임상 평가 체계를 국제표준 수준 이상으로 고도화하고, 글로벌 신약 개발 경쟁력을 대폭 강화할 계획이다. 신약 후보물질의 간 독성을 비임상 단계에서 정밀하게 사전... ",https://www.medipana.com/news/articleView.html?idxno=414585,https://www.medipana.com/news/articleView.html?idxno=414585,"Wed, 15 Jul 2026 08:50:00 +0900",2026-07-15 08:55:19
바이오/헬스,신약 개발,"오리엔트바이오, 오리엔트캄과 영장류 비임상 CRO 독점사업권 계약 체결",최근 바이오의약품 및 유전자치료제 등 신약 개발이 활발해지면서 영장류를 활용한 비임상시험 수요가 급증하는 추세다. 영장류는 시험에 투입 가능한 개체로 성장하기까지 약 6~7년이 소요되어 단기간 내에 공급을... ,https://daily.hankooki.com/news/articleView.html?idxno=1386050,https://daily.hankooki.com/news/articleView.html?idxno=1386050,"Wed, 15 Jul 2026 08:50:00 +0900",2026-07-15 08:55:19
바이오/헬스,신약 개발,대웅제약 간 오가노이드 기술 확보,박성수 대웅제약 대표는 &quot;후보물질을 정밀하게 평가할 연구 플랫폼은 필수적&quot;이라며 &quot;기술을 고도화해 신약 개발 현장에서 실질적 성과를 내겠다&quot;고 밝혔습니다. 권석윤 한국생명공학연구원 원장은 &quot;공공기관의... ,https://www.newsclaim.co.kr/news/articleView.html?idxno=3069422,https://www.newsclaim.co.kr/news/articleView.html?idxno=3069422,"Wed, 15 Jul 2026 08:50:00 +0900",2026-07-15 08:55:19
바이오/헬스,신약 개발,"대웅제약, 생명공학연구원 '간 오가노이드' 기술 도입 계약",박성수 대웅제약 대표는 &quot;신약 개발의 속도와 효율을 높이기 위해서는 후보물질을 정밀하게 평가할 수 있는 연구 플랫폼이 중요하다&quot;며 &quot;한국생명공학연구원과 협력을 바탕으로 간 오가노이드 기술을 지속적으로... ,http://www.medisobizanews.com/news/articleView.html?idxno=140202,http://www.medisobizanews.com/news/articleView.html?idxno=140202,"Wed, 15 Jul 2026 08:48:00 +0900",2026-07-15 08:55:19
바이오/헬스,신약 개발,"프로티나-온코닉테라퓨틱스, TPD 기반 항암 신약 공동연구",윤태영 프로티나 대표는 &quot;분자접착제와 차세대 ADC는 모두 상호작용을 얼마나 정확히 읽어내느냐에 성패가 달려 있다&quot;며 &quot;프로티나의 플랫폼과 온코닉테라퓨틱스의 항암 신약개발 경험이 만나 실질적인 후보물질로... ,https://www.hitnews.co.kr/news/articleView.html?idxno=77652,https://www.hitnews.co.kr/news/articleView.html?idxno=77652,"Wed, 15 Jul 2026 08:46:00 +0900",2026-07-15 08:55:19
바이오/헬스,신약 개발,"프로티나, 온코닉과 '분자접착제' 항암제 공동연구 MOU",바이오스펙테이터=김성민 기자 | AOC·DAC도 공동연구 개발 범위 포함..프로티나 항체설계 플랫폼+온코닉 항암 R&amp;D 역량 결합 인공지능(AI) 신약개발 바이오기업 프로티나(Proteina)는 온코닉테라퓨틱스(onconic therapeutics)... ,https://www.biospectator.com/view/news_view.php?varAtcId=29305,https://www.biospectator.com/view/news_view.php?varAtcId=29305,"Wed, 15 Jul 2026 08:46:00 +0900",2026-07-15 08:55:19
바이오/헬스,신약 개발,"알테오젠, ALT-B4 차별화 여전...목표주가 58만원 유지-하나증권",에피스는 별도의 플랫폼 사업을 추진하려는 것이 아니라 향후 신약이나 바이오시밀러 개발 과정에서 SC제형 적용 기술을 확보하려는 차원이라고 밝힌 것으로 전해졌다. 하나증권은 Enhanze와 동일한 효소로 SC... ,http://www.press9.kr/news/articleView.html?idxno=79458,http://www.press9.kr/news/articleView.html?idxno=79458,"Wed, 15 Jul 2026 08:40:00 +0900",2026-07-15 08:55:19
바이오/헬스,신약 개발,"증시 '큰손' 국민연금, 한미약품·한올바이오파마 매수…5개 제약사는 ...","한미약품은 국내 대표 연구개발(R&amp;D) 중심 제약사로, 비만·당뇨, 항암, 희귀질환 등을 중심으로 신약 개발을 추진하고 있다. 최근에는 장기 지속형 비만 치료제와 대사질환 신약 개발에 역량을 집중하고 있다.... ",https://www.mdtoday.co.kr/news/articleView.html?idxno=604900,https://www.mdtoday.co.kr/news/articleView.html?idxno=604900,"Wed, 15 Jul 2026 08:40:00 +0900",2026-07-15 08:55:19
바이오/헬스,신약 개발,"대웅제약, 간 오가노이드 기술 도입…신약 후보물질 독성평가 적용","대웅제약이 사람의 간 기능과 구조를 재현한 오가노이드 기술을 신약 개발 과정에 적용한다. 후보물질의 간 독성을 비임상 단계에서 세밀하게 확인해 평가 정확도를 높이고, 동물실험 의존도를 낮추는 글로벌 규제... ",http://www.press9.kr/news/articleView.html?idxno=79461,http://www.press9.kr/news/articleView.html?idxno=79461,"Wed, 15 Jul 2026 08:40:00 +0900",2026-07-15 08:55:19
바이오/헬스,신약 개발,"HLB, 리보세라닙 원료공장 FDA 실사 'VAI' 확정…간암 신약 허가 재개 기...",이투데이=김우람 기자 | 항암 신약 개발기업 HLB가 간암 신약 미국 허가 보류의 원인으로 지목된 리보세라닙 원료의약품 제조시설의 미국 식품의약국(FDA) 일반 의약품 제조 및 품질관리 기준(cGMP) 실사가 '자발적... ,https://www.etoday.co.kr/news/view/2603823,https://www.etoday.co.kr/news/view/2603823,"Wed, 15 Jul 2026 08:40:00 +0900",2026-07-15 08:55:19
바이오/헬스,신약 개발,"대웅제약, 한국생명공학연구원 '미니 간' 기술 확보…신약 개발 경쟁력...","대웅제약은 이번 기술 도입을 통해 비임상 평가 체계를 국제표준 수준 이상으로 고도화하고, 글로벌 신약 개발 경쟁력을 강화한다는 계획이다. 신약 후보물질의 간 독성을 비임상 단계에서 정밀하게 스크리닝함으로써... ",https://www.hankyung.com/article/202607155801i,https://n.news.naver.com/mnews/article/015/0005310122?sid=105,"Wed, 15 Jul 2026 08:38:00 +0900",2026-07-15 08:55:19
바이오/헬스,신약 개발,"오리엔트바이오, 오리엔트캄과 연구용 영장류 CRO 독점사업권 계약",손잡고 신약 개발의 핵심 자산으로 떠오른 영장류 비임상 임상시험수탁기관(CRO) 사업의 독점권을 확보했다. 공급 병목이 심한 영장류 인프라를 선점해 글로벌 바이오의약품 비임상 시장을 정조준하겠다는 포석이다.... ,https://www.etoday.co.kr/news/view/2603820,https://www.etoday.co.kr/news/view/2603820,"Wed, 15 Jul 2026 08:38:00 +0900",2026-07-15 08:55:19
바이오/헬스,신약 개발,"프로티나, 온코닉테라퓨틱스와 차세대 항암제 공동개발…분자접착제·A...",이투데이=김우람 기자 | 인공지능(AI) 신약개발 바이오기업 프로티나가 온코닉테라퓨틱스와 차세대 항암 신약 공동개발에 나선다. 양사는 분자접착제와 차세대 항체-약물접합체(ADC) 분야에서 공동 연구를 추진하며 신규... ,https://www.etoday.co.kr/news/view/2603819,https://www.etoday.co.kr/news/view/2603819,"Wed, 15 Jul 2026 08:34:00 +0900",2026-07-15 08:55:19
바이오/헬스,신약 개발,"올릭스, 새 듀얼 플랫폼 공개…&quot;릴리와 파트너십 확장 가능&quot;","혁신신약)를 개발할 수 있는 교두보가 될 것이라 믿는다&quot;고 말했다.올릭스는 비대칭 siRNA(asiRNA) 기반 플랫폼 '오아시스(OASIS)'를 보유하고 있다. 기존 치료제가 이미 생성된 단백질을 억제하는 방식이라면, siRNA는 mRNA... ",https://news.mtn.co.kr/news-detail/2026071417283057399,https://news.mtn.co.kr/news-detail/2026071417283057399,"Wed, 15 Jul 2026 08:30:00 +0900",2026-07-15 08:55:19
바이오/헬스,신약 개발,당뇨는 받치고 항암은 키운다···김동춘 체제 LG화학 '투트랙',"돈 버는 약이 있어야, 신약도 버틴다 신약 개발은 오래 걸리고 실패 확률도 높다. 글로벌 임상과 허가를 통과해야 하는 항암 신약은 더욱 그렇다. 이 긴 싸움을 버티려면 현금을 만들어주는 사업이 있어야 한다.... ",https://www.smartbizn.com/news/articleView.html?idxno=148548,https://www.smartbizn.com/news/articleView.html?idxno=148548,"Wed, 15 Jul 2026 08:30:00 +0900",2026-07-15 08:55:19
바이오/헬스,헬스케어 시장,[기획 시리즈] 의학박사 이규재 교수의 '시니어 워터 케어': 양잿물 오해...,"부처 간의 일관된 기준이 정립되지 않다 보니 시장과 소비자들은 극심한 혼란을 겪을 수밖에 없었다.... 매일 무심코 마시는 물 한 잔을 바꾸는 일, 그것이 바로 초고령사회를 대비하는 시니어 헬스케어의 가장 현명한... ",http://www.suwonilbo.kr/news/articleView.html?idxno=316773,http://www.suwonilbo.kr/news/articleView.html?idxno=316773,"Wed, 15 Jul 2026 08:42:00 +0900",2026-07-15 08:55:20
바이오/헬스,헬스케어 시장,"밤 껍질에서 찾은 두피 케어 원료, 실험실 문턱을 넘본다",한편 바이오 헬스케어 전문 기업 바이오루틱스는 연구 성과를 실험실 데이터에 묶어두지 않고 상용화 단계로... 게재로 확인된 기술적 근거가 지속가능한 뷰티와 클린 헤어케어 시장에서 어떤 결과로 이어질지 주목된다.,https://www.econovill.com/news/articleView.html?idxno=745229,https://www.econovill.com/news/articleView.html?idxno=745229,"Wed, 15 Jul 2026 08:38:00 +0900",2026-07-15 08:55:20
바이오/헬스,헬스케어 시장,"노인 10명 중 5명 &quot;아파도 집에서&quot;…생보사, '도심 1·2인실'로 요양 기...","중심의 시장에 머물 수 있다. 보험사의 요양시설 진출이 시설의 수뿐 아니라 서비스의 질을 바꿀 수 있다는... 보고서는 시설 소유와 운영을 분리하는 장기 임대·마스터리스와 헬스케어 리츠, 장기요양 인프라펀드 등을... ",https://www.pinpointnews.co.kr/news/articleView.html?idxno=468301,https://www.pinpointnews.co.kr/news/articleView.html?idxno=468301,"Wed, 15 Jul 2026 08:36:00 +0900",2026-07-15 08:55:20
바이오/헬스,헬스케어 시장,"원주시, ‘미래 먹거리’ 선점 나서…과학기술원 유치·종축자 개발 속...","박에스더 기자 ess003@ekn.kr 춘천은 AI·바이오, 원주는 의료기기·디지털헬스케어…첨단산업 주도권 경쟁 본격화 구자열 원주시장, 강원도 찾아 현안 지원 요청…종축장 개발·국도망 반영 협조 건의",https://www.ekn.kr/web/view.php?key=20260715022482505,https://www.ekn.kr/web/view.php?key=20260715022482505,"Wed, 15 Jul 2026 08:22:00 +0900",2026-07-15 08:55:20
바이오/헬스,헬스케어 시장,"유스테이션, 강원대학교에 발전기금 1000만원 기탁",세계 최초 부착형 바이오센서 상용화를 목표로 연구개발을 추진해 심혈관 질환 예방을 위한 디지털 헬스케어 플랫폼 서비스를 제공하고 있으며 해외 시장 진출을 추진하며 정밀의료 분야 경쟁력을 확대하고 있다. 이번... ,https://www.etnews.com/20260715000029,https://n.news.naver.com/mnews/article/030/0003447838?sid=102,"Wed, 15 Jul 2026 08:15:00 +0900",2026-07-15 08:55:20
바이오/헬스,헬스케어 시장,"구리시, 치유와 회복 특화 ‘동구시민건강증진센터’ 개소",건강관리(헬스케어) △개인별 맞춤 건강 상담 △심신 안정을 위한 휴식공간(릴렉스룸)지원 △몸의 이완을... 신동화 구리시장은 “동구시민건강증진센터가 모든 세대가 함께 건강한 일상을 누릴 수 있는 복합 건강 증진... ,https://www.munhwa.com/article/11602724?ref=naver,https://n.news.naver.com/mnews/article/021/0002804757?sid=102,"Wed, 15 Jul 2026 08:14:00 +0900",2026-07-15 08:55:20
바이오/헬스,헬스케어 시장,"씨유메디칼, 유럽 AED 원격관리 의무화 수혜… 독일 거점 공략 본격화",현지 시장 선점을 위한 유통망 확충과 사업 고도화에 속도를 낸다. 선제적으로 확보한 원격 관리 기술력을... 의료기기 업계는 하반기 헬스케어 제조 기업의 지속 가능한 가치를 평가하는 핵심 지표로 단발성 하드웨어... ,https://www.nbntv.kr/news/articleView.html?idxno=340462,https://www.nbntv.kr/news/articleView.html?idxno=340462,"Wed, 15 Jul 2026 08:00:00 +0900",2026-07-15 08:55:20
바이오/헬스,헬스케어 시장,"[제약·바이오 트렌드] 백종헌 의원, 첨단재생의료 인체세포 자가처리 ...","국내 제약·헬스케어·바이오 기업들이 발표한 신제품 출시, 임상·연구 성과, 건강 캠페인, 사회공헌 활동... 시지메드텍과 시지바이오는 향후 미국 등 해외 시장 진출도 추진할 계획이다. 유현승 시지바이오... ",https://www.ibabynews.com/news/articleView.html?idxno=152915,https://www.ibabynews.com/news/articleView.html?idxno=152915,"Wed, 15 Jul 2026 07:54:00 +0900",2026-07-15 08:55:20
바이오/헬스,헬스케어 시장,[2026 상반기 VC 리그테이블] [⑤ 펀딩] 3년 절치부심한 KB인베…2171억 ...,"해당 펀드 규모는 총 1850억원으로 AI와 반도체, 바이오·헬스케어, 미래 모빌리티 등 국가전략기술... AI 반도체 시장을 둘러싼 투자 경쟁이 치열해지는 가운데 미래에셋그룹 차원의 전략적 자금 투입이 벤처투자 부문... ",https://dealsite.co.kr/articles/164841,https://dealsite.co.kr/articles/164841,"Wed, 15 Jul 2026 07:22:00 +0900",2026-07-15 08:55:20
바이오/헬스,헬스케어 시장,"[손병관의 뉴스프레소] '보완수사권 신중론' 당내 확산, 고민 깊어진 민...","논란이 된 앱은 헬스케어 데이터 플랫폼 기업 레몬헬스케어가 개발·관리하는 '레몬케어'로, 이 앱은... 요슈아 벤지오 몬트리올대 교수는 &quot;AI의 미래를 시장 논리에만 맡겨서는 안 되며 사회가 민주적 논의를 통해 방향을... ",https://www.ohmynews.com/NWS_Web/View/at_pg.aspx?CNTN_CD=A0003251489&CMPT_CD=P0010&utm_source=naver&utm_medium=newsearch&utm_campaign=naver_news,https://n.news.naver.com/mnews/article/047/0002522559?sid=102,"Wed, 15 Jul 2026 07:21:00 +0900",2026-07-15 08:55:20
바이오/헬스,헬스케어 시장,"뉴욕증시, 물가 우려 완화 속 반도체 랠리 재개-[글로벌 마감 시황]","6월 소비자물가 지표가 일제히 시장 예상치를 하회하며 위험 선호 심리에 다시 불이 붙었는데요. 휘발유... 반도체 종목들이 반등하며 기술 섹터가 1.25% 상승을 주도한 반면, 헬스케어가 1.91% 하락하며 가장 부진했고요.... ",http://www.wowtv.co.kr/NewsCenter/News/Read?articleId=A202607150144&t=NN,https://n.news.naver.com/mnews/article/215/0001258752?sid=101,"Wed, 15 Jul 2026 07:19:00 +0900",2026-07-15 08:55:20
바이오/헬스,헬스케어 시장,"美 증시 선물, CPI 둔화 랠리 후 보합권 혼조세…‘실적 장세’ 대기","뉴욕 주식시장의 주요 지수 선물은 예상보다 낮게 나온 물가 지표에 힘입어 정규장을 상승 마감한 뒤... 이날은 유나이티드 항공을 비롯해 대형 투자은행(IB) 모건스탠리, 헬스케어 거물 존슨앤존슨(J&amp;J), 세계 최대... ",https://www.g-enews.com/view.php?ud=202607150713292516e250e8e188_1,https://www.g-enews.com/view.php?ud=202607150713292516e250e8e188_1,"Wed, 15 Jul 2026 07:18:00 +0900",2026-07-15 08:55:20
바이오/헬스,헬스케어 시장,IBM 잠정 실적 충격에 소프트웨어株 동반 하락…루시드는 파산설 부인에...,HCA 헬스케어 (HCA) 대형 병원 체인 HCA 헬스케어는 올해 연간 이익과 매출 가이던스를 하향 조정하고 연간 매출 전망치의 상단까지 낮춰 잡으면서 주가가 하락했다. 시장에서는 향후 실적 둔화 우려가 본격화될 것이라는... ,http://www.wowtv.co.kr/NewsCenter/News/Read?articleId=A202607150138&t=NN,https://n.news.naver.com/mnews/article/215/0001258749?sid=101,"Wed, 15 Jul 2026 07:17:00 +0900",2026-07-15 08:55:20
AI/소프트웨어,AI 주가,"신한證 &quot;대한항공, 화물 운임 강세에 호실적…목표가↑&quot;",com 신한투자증권은 14일 대한항공에 대해 화물 운임 초강세가 이어지고 있다며 목표주가를 기존... 화물 부문은 인공지능(AI) 투자 확대에 따른 데이터센터 관련 화물 수요가 운임 상승으로 이어지면서 큰 폭의... ,https://www.ajunews.com/view/20260715080704354,https://www.ajunews.com/view/20260715080704354,"Wed, 15 Jul 2026 08:52:00 +0900",2026-07-15 08:55:21
AI/소프트웨어,AI 주가,"다올투자증권 &quot;대덕전자, 펀더멘털 대비 낙폭 과대&quot;","다올투자증권이 15일 대덕전자 관련 보고서를 내고, 최근 주가 낙폭은 회사 펀더멘털에 비해 과대하다고... 아울러 &quot;북미 고객사향은 AI4→AI5 세대 전환에 따른 물량, 단가 수혜를 전망한다&quot;고 말했다. 이와 함께 &quot;연말... ",https://www.financialpost.co.kr/news/articleView.html?idxno=266589,https://www.financialpost.co.kr/news/articleView.html?idxno=266589,"Wed, 15 Jul 2026 08:44:00 +0900",2026-07-15 08:55:21
AI/소프트웨어,AI 주가,"美 뉴욕주, 대형 데이터센터 건설 허가 1년간 중단",미국 뉴욕주가 미국 내 50개 주 가운데 최초로 대형 데이터센터 건설을 유예하는 정책을 도입했다. 캐시 호컬... 미국 전역에서 인공지능(AI) 관련 대형 데이터센터 건립이 추진되는 가운데 지역 주민들은 데이터센터가... ,https://www.etnews.com/20260715000034,https://n.news.naver.com/mnews/article/030/0003447845?sid=105,"Wed, 15 Jul 2026 08:44:00 +0900",2026-07-15 08:55:21
AI/소프트웨어,AI 주가,"크라우드스트라이크, IBM 발표 안도감에 주가 상승",크라우드스트라이크 주가 추이인포맥스 제공 이종혁 선임기자 = 사이버 보안주 크라우드스트라이크(NAS... 투자자들은 IBM의 이 같은 발언을 기업들이 인공지능(AI) 지출에도 사이버보안에 대해서는 비용을 줄이지 않을... ,https://news.einfomax.co.kr/news/articleView.html?idxno=4425029,https://news.einfomax.co.kr/news/articleView.html?idxno=4425029,"Wed, 15 Jul 2026 08:42:00 +0900",2026-07-15 08:55:21
AI/소프트웨어,AI 주가,IBM 주가 뚝…AI 투자 열풍이 만든 '역대급 폭락',"크라우드스트라이크와 팔로알토 네트웍스 등 사이버보안 기업 주가도 함께 올랐다. AI 인프라와 보안이 우선 투자처로 부상한 반면, 기존 기업용 시스템과 일부 소프트웨어는 상대적으로 뒤로 밀리는 흐름이 확인된... ",https://www.digitaltoday.co.kr/news/articleView.html?idxno=684177,https://www.digitaltoday.co.kr/news/articleView.html?idxno=684177,"Wed, 15 Jul 2026 08:42:00 +0900",2026-07-15 08:55:21
AI/소프트웨어,AI 주가,KB證 &quot;메모리 공급 부족 2028년까지 지속…SK하이닉스 조정은 매수 기회...,김 연구원은 &quot;최근 SK하이닉스 주가는 AI 투자 둔화 우려로 3주 만에 직전 고점 대비 36% 하락했지만 AI 산업의 장기 성장 경로와 메모리 수급 환경은 변하지 않았다&quot;며 &quot;최근 주가 조정은 투자심리 위축에 따른... ,https://www.ajunews.com/view/20260715083524423,https://www.ajunews.com/view/20260715083524423,"Wed, 15 Jul 2026 08:40:00 +0900",2026-07-15 08:55:21
AI/소프트웨어,AI 주가,AI 경쟁 뒤처진 IBM…실적 부진 예고에 주가 25% 급락,실적 부진 예고에 IBM 주가는 이날 뉴욕증시에서 미 동부시간 정오 무렵 25% 넘는 하락세를 나타냈다. 인공지능(AI) 투자 붐 속에 메모리 및 컴퓨터 서버 가격이 치솟으면서 IBM의 고객군인 대형 기업들이 이에 대응해... ,https://www.etnews.com/20260715000032,https://n.news.naver.com/mnews/article/030/0003447843?sid=105,"Wed, 15 Jul 2026 08:40:00 +0900",2026-07-15 08:55:21
AI/소프트웨어,AI 주가,"[아침밥] 미래에셋 &quot;SK텔레콤 목표가 12만원, AI데이터센터 사업 주목&quot;",미래에셋증권이 SK텔레콤에 대한 투자의견 매수 유지와 함께 목표주가는 12만원으로 설정했다. 발표를... 규모의 AI 데이터센터 구축 및 약 1000조원 규모의 투자 계획을 발표했다&quot;며 &quot;이는 아시아 최고 수준이며... ,https://www.sidae.com/article/2026071508255421465,https://n.news.naver.com/mnews/article/417/0001151672?sid=101,"Wed, 15 Jul 2026 08:35:00 +0900",2026-07-15 08:55:21
AI/소프트웨어,AI 주가,AI에 맥 못 추는 IBM…실적 악화에 주가 25% 넘게 급락,올해 2분기 매출은 전년 대비 1% 상승 미국 기술기업 IBM의 주가가 2분기 실적 악화에 장중 20%대 급락세를... IBM의 부진은 인공지능(AI)을 중심으로 재편되는 관련 산업 구조의 영향이 크다는 분석이다. AI 투자 붐 속에... ,https://www.segye.com/newsView/20260715505412?OutUrl=naver,https://n.news.naver.com/mnews/article/022/0004143188?sid=101,"Wed, 15 Jul 2026 08:34:00 +0900",2026-07-15 08:55:21
AI/소프트웨어,인공지능 산업,"'창립 80주년' 무협 윤진식, 'AI 무역 플랫폼·메가 MICE' 미래 전략 제시","윤진식 한국무역협회 회장이 AI(인공지능) 기반 차세대 무역 플랫폼 구축과 메가 MICE 조성 등 새로운... 이날 행사에는 한성숙 국무총리, 여한구 산업통상부 통상교섭본부장을 비롯해 주요 경제단체, 협회 회원사... ",https://www.shinailbo.co.kr/news/articleView.html?idxno=5040989,https://www.shinailbo.co.kr/news/articleView.html?idxno=5040989,"Wed, 15 Jul 2026 08:54:00 +0900",2026-07-15 08:55:21
AI/소프트웨어,인공지능 산업,"인천시, 인공지능 전환(AX)으로 마을기업 디지털 경쟁력 강화",김상길 인천시 경제산업본부장은 &quot;이번 교육이 마을기업의 디지털 활용 역량과 실행력을 높이는 계기가 되길 기대한다&quot;면서 &quot;급변하는 인공지능(AI) 환경에 능동적으로 대응하고 지역 마을기업이 경쟁력을 갖출... ,https://www.ohmynews.com/NWS_Web/View/at_pg.aspx?CNTN_CD=A0003251513&CMPT_CD=P0010&utm_source=naver&utm_medium=newsearch&utm_campaign=naver_news,https://n.news.naver.com/mnews/article/047/0002522565?sid=102,"Wed, 15 Jul 2026 08:51:00 +0900",2026-07-15 08:55:21
AI/소프트웨어,인공지능 산업,"서부발전, 대전 산단 에너지 자급자족 사업자로 선정",이번 사업은 대전 산업단지에 태양광과 에너지저장장치(ESS) 등 분산 에너지 설비와 인공지능 기반 에너지 관리 플랫폼을 구축해 입주기업의 에너지 자립도를 높이고 에너지 비용 절감과 RE100(재생에너지 100% 사용) 대응... ,https://www.newsis.com/view/NISX20260715_0003709696,https://n.news.naver.com/mnews/article/003/0014067279?sid=101,"Wed, 15 Jul 2026 08:51:00 +0900",2026-07-15 08:55:21
AI/소프트웨어,인공지능 산업,"시흥시, 제조기업 AI 전환 해법 모색…기업혁신 포럼 개최","경기 시흥시가 제조기업의 인공지능(AI) 활용과 인공지능 전환(AX) 전략을 논의하는 기업혁신 포럼을... 시화·MTV 국가산업단지에 제조기업이 밀집한 지역 여건을 반영해 추진됐으며, (사)시흥시소부장경영인협회가 기업... ",https://www.shinailbo.co.kr/news/articleView.html?idxno=5040959,https://www.shinailbo.co.kr/news/articleView.html?idxno=5040959,"Wed, 15 Jul 2026 08:48:00 +0900",2026-07-15 08:55:21
AI/소프트웨어,인공지능 산업,"예술경영지원센터, 아트코리아랩 입주기업 15곳 모집","국내외 산업박람회 참가 지원 등 사업화 프로그램도 제공받는다. 입주 기간은 기본 1년 6개월이다. 연장... 최근에는 인공지능(AI), 실감형 콘텐츠, 디지털 기술을 접목한 예술기업이 늘어나면서 사업화 지원 수요도... ",http://www.beyondpost.co.kr/view.php?ud=20260715084356852346a9e4dd7f_30,http://www.beyondpost.co.kr/view.php?ud=20260715084356852346a9e4dd7f_30,"Wed, 15 Jul 2026 08:46:00 +0900",2026-07-15 08:55:21
AI/소프트웨어,인공지능 산업,"아이오트러스트, 'WebX 2026'서 카드형 월렛 ‘디센트S’ 첫 공개","올해 행사는 스테이블코인, 인공지능(AI), 실물자산 토큰화(RWA), 규제 프레임워크 등 디지털 자산 산업의 다음 단계를 조망하는 주제로 열렸다. 올해 무대에는 톰 리 비트마인 이사회 의장을 비롯해 헤이든 아담스... ",https://www.edaily.co.kr/news/newspath.asp?newsid=02899526645514848,https://n.news.naver.com/mnews/article/018/0006330467?sid=101,"Wed, 15 Jul 2026 08:42:00 +0900",2026-07-15 08:55:21
AI/소프트웨어,인공지능 산업,"[특별기고] 보이지 않는 재난, 농업 안보 준비하고 있는가",이제 식량안보를 농업 정책의 좁은 틀에서 꺼내 국가 위기관리와 산업 대전환의 중심에 올려야 한다. 농업 안보가 튼튼해야 인공지능 시대의 번영도 오래 간다. 미래 세대를 위해 지금 준비해야 할 보이지 않는 재난... ,http://www.newsian.co.kr/news/articleView.html?idxno=92265,http://www.newsian.co.kr/news/articleView.html?idxno=92265,"Wed, 15 Jul 2026 08:38:00 +0900",2026-07-15 08:55:21
AI/소프트웨어,인공지능 산업,"경남테크노파크, 코디세이 교육생 취·창업 연계 지원체계 구축",경남테크노파크(경남TP)가 인공지능(AI)·소프트웨어(SW) 혁신 교육 플랫폼 '코디세이(Codyssey)' 교육과정... 코디세이는 과학기술정보통신부와 정보통신기획평가원(IITP)이 산업 전반의 디지털 혁신을 선도할 실무형... ,https://www.newspim.com/news/view/20260715000121,https://www.newspim.com/news/view/20260715000121,"Wed, 15 Jul 2026 08:38:00 +0900",2026-07-15 08:55:21
AI/소프트웨어,클라우드 시장,"창립 6주년 맞은 다올티에스, AI 생태계 이끌어 나간다","이러한 노력의 결과 다올티에스는 다올퓨전 론칭 이후에도 AI, 데이터, 보안, 클라우드 등 핵심 기술과 파트너십을 지속 확대하며 플랫폼 경쟁력을 고도화해 왔다. 특히 시장의 각 분야별 1위 글로벌... ",https://www.eroun.net/news/articleView.html?idxno=85439,https://www.eroun.net/news/articleView.html?idxno=85439,"Wed, 15 Jul 2026 08:54:00 +0900",2026-07-15 08:55:22
AI/소프트웨어,클라우드 시장,"한컴, &quot;유럽 공공 시스템 갈아엎지 않고 지능화&quot;…소버린 에이전틱 OS 본...","한글과컴퓨터(한컴)가 유럽 시장을 겨냥한 소버린 에이전틱 운영체제(OS) 개발에 속도를 내고 있다. 폴란드... 외부 클라우드를 거치지 않고 고객 전산실 안에서 에이전트를 구동하는 구조로, 데이터가 국경 밖으로... ",http://www.newsroad.co.kr/news/articleView.html?idxno=61595,http://www.newsroad.co.kr/news/articleView.html?idxno=61595,"Wed, 15 Jul 2026 08:52:00 +0900",2026-07-15 08:55:22
AI/소프트웨어,클라우드 시장,"브레인즈컴퍼니, AI·클라우드 확산에 IT 통합관리 솔루션 공급 확대","중심으로 시장 공략을 강화하고 있다. Zenius EMS는 온프레미스와 클라우드 환경을 아우르는 통합 관리 기능을 제공하며, 25개 이상의 포인트 솔루션을 통해 고객 환경에 맞는 운영 체계를 구축할 수 있도록... ",https://www.edaily.co.kr/news/newspath.asp?newsid=02883126645514848,https://n.news.naver.com/mnews/article/018/0006330462?sid=101,"Wed, 15 Jul 2026 08:39:00 +0900",2026-07-15 08:55:22
AI/소프트웨어,클라우드 시장,"다올티에스, 창립 6주년…‘AI 에코시스템 오케스트레이터’ 선언","이후 수세(SUSE), 팔로알토 네트웍스, 업스테이지 등과 협력을 확대하며 AI, 클라우드 네이티브, 사이버보안 등 차세대 IT 시장으로 사업 영역을 넓혔다. 회사 성장세도 뚜렷하다. 2021년 1604억 원이었던 매출은 지난해... ",http://www.datanews.co.kr/news/article.html?no=145599,http://www.datanews.co.kr/news/article.html?no=145599,"Wed, 15 Jul 2026 08:36:00 +0900",2026-07-15 08:55:22
AI/소프트웨어,클라우드 시장,"GS네오텍, 구글 클라우드 행사서 '제미나이' 기반 AX고도화 전략 발표","제조사는 시장 조사와 동향 파악, AI 영상 생성, 월간 리포트 기반 데이터 분석 등 현업 중심의 AI 적용을 통해 업무 시간을 단축하는 성과를 거뒀다. GS네오텍은 이번 발표를 계기로 클라우드 운영 경험과 AI 기술... ",https://www.edaily.co.kr/news/newspath.asp?newsid=02850326645514848,https://n.news.naver.com/mnews/article/018/0006330455?sid=105,"Wed, 15 Jul 2026 08:35:00 +0900",2026-07-15 08:55:22
AI/소프트웨어,클라우드 시장,"케이웨더, 플레어와 손잡고 날씨금융 진출…XRP 생태계 연계 추진",날씨금융 시장 구축에 나선다. 위변조가 불가능한 기상데이터를 기반으로 지수형 기후보험과 날씨... 구글 클라우드 등과 협력하고 있다. 양사는 케이웨더가 생산하는 기온과 강수량 등 기상데이터의 해시값과 핵심... ,http://coinreaders.com/247773,http://coinreaders.com/247773,"Wed, 15 Jul 2026 08:34:00 +0900",2026-07-15 08:55:22
AI/소프트웨어,클라우드 시장,"[키-리포트] LS &quot;LG씨엔에스, 금융사·AI 투자…성장 모멘텀&quot;",그는 &quot;최근 금융당국 주도로 가속화되고 있는 망분리 규제 완화 움직임도 기대 요인&quot;이라며 &quot;강도 높은 규제로 제약받던 금융사들의 클라우드 기반 AI 서비스 도입 시장이 열리며 하반기와 내년 실적 반등에 기여할 것... ,http://www.newsdream.kr/news/articleView.html?idxno=114457,http://www.newsdream.kr/news/articleView.html?idxno=114457,"Wed, 15 Jul 2026 08:32:00 +0900",2026-07-15 08:55:22
AI/소프트웨어,클라우드 시장,"엔비디아, AI 주권 경쟁에 웃는다…日국책 AI에 칩 공급 [도쿄나우]",대형 클라우드 사업자를 포함한 5개 고객사에서 나온다. 각국 정부와 국책기업으로 고객 기반을 넓히면 미국 빅테크 의존도를 낮출 수 있다. 다만 엔비디아가 소버린 AI 시장의 성장 과실을 독점할 수 있을지는... ,https://www.hankyung.com/article/202607155763i,https://n.news.naver.com/mnews/article/015/0005310118?sid=104,"Wed, 15 Jul 2026 08:31:00 +0900",2026-07-15 08:55:22
AI/소프트웨어,클라우드 시장,"[Tech &amp; Now] 삼성전자, 차세대 폴더블 디스플레이 기술 '플렉스 티타늄...","◆GS네오텍, '제미나이 엔터프라이즈' 기반 AX 고도화 전략 발표 GS네오텍은 구글 클라우드가 주최한... 제조사는 시장 조사, AI 영상 생성, 월간 리포트 기반 데이터 분석 등 내장 기능을 실제 업무에 적용해 가시적인... ",https://www.ebn.co.kr/news/articleView.html?idxno=1716406,https://www.ebn.co.kr/news/articleView.html?idxno=1716406,"Wed, 15 Jul 2026 08:24:00 +0900",2026-07-15 08:55:22
AI/소프트웨어,클라우드 시장,투자 보고서 때문에 하이닉스 ADR 27% 급등,&quot;글로벌 클라우드업체가 데이터센터에 중국산 D램을 쓰지 않는한 중국 메모리 반도체 영향도 한계가 있다... 투자은행 보고서 하나에 지수가 급등한 것은 그만큼 시장심리가 취약하다는 것도 보여줬다. 다우지수는... ,https://www.koreareport.co.kr/news/articleView.html?idxno=51455,https://www.koreareport.co.kr/news/articleView.html?idxno=51455,"Wed, 15 Jul 2026 08:22:00 +0900",2026-07-15 08:55:22
AI/소프트웨어,클라우드 시장,"케이웨더-플레어, 웹3 기반 날씨금융 시장 개발 파트너십","날씨금융 시장 구축에 나선다. 날씨 빅데이터플랫폼 기업 케이웨더는 플레어와 함께 웹3(Web3) 기반 날씨금융... 구글 클라우드 등 빅테크 기업과 파트너십을 맺고 있다. 이번 협력의 골자는 케이웨더의 기온, 강수량 등... ",https://www.newsis.com/view/NISX20260715_0003709597,https://n.news.naver.com/mnews/article/003/0014067212?sid=101,"Wed, 15 Jul 2026 08:20:00 +0900",2026-07-15 08:55:22
AI/소프트웨어,클라우드 시장,"구글 &quot;韓, AI 테스트베드 아닌 격전지&quot;…'풀스택 AI'가 핵심","한국 시장의 전략적 중요성을 강조하며 이같이 말했다. 구글은 국내 기업의 인공지능(AI) 활용이 단순... 루스 선 구글 클라우드 코리아 사장은 &quot;풀스택 AI는 컴퓨팅 인프라와 AI 모델, 오케스트레이션 플랫폼, 사용자... ",https://www.asiatoday.co.kr/kn/view.php?key=20260714010005222,https://www.asiatoday.co.kr/kn/view.php?key=20260714010005222,"Wed, 15 Jul 2026 08:20:00 +0900",2026-07-15 08:55:22
AI/소프트웨어,클라우드 시장,"SK텔레콤, 중장기 AI 데이터센터 통한 성장 전략 주목…'매수'-흥국","황 연구원은 “무선 시장의 경쟁 역시 안정적 수준에서 유지되고 있으며, 특별한 비용요소가 작동하지... 네오 클라우드 비즈니스까지 확장하려는 전략으로 이해한다”며 “1단계 투자비용은 약 350조원 규모로... ",https://www.edaily.co.kr/news/newspath.asp?newsid=02735526645514848,https://n.news.naver.com/mnews/article/018/0006330426?sid=101,"Wed, 15 Jul 2026 08:12:00 +0900",2026-07-15 08:55:22
AI/소프트웨어,클라우드 시장,&quot;SK하이닉스 ADR 2배 더 간다&quot; … 월가 낙관론에 27% 폭등,글로벌 클라우드 서비스 기업들이 데이터센터용 D램에 중국산 제품을 본격 채택하지 않는 한 글로벌 D램 시장의 경쟁 구도는 크게 달라지지 않을 것이라는 분석이다. 아울러 SK하이닉스가 2027년 말까지 현재... ,https://www.newdaily.co.kr/site/data/html/2026/07/15/2026071500042.html,https://www.newdaily.co.kr/site/data/html/2026/07/15/2026071500042.html,"Wed, 15 Jul 2026 08:12:00 +0900",2026-07-15 08:55:22
AI/소프트웨어,클라우드 시장,"IBM, 실적 전망 쇼크에 장중 25% 급락…AI 투자 확산 직격탄","미국 정보기술(IT) 기업 IBM이 시장 기대에 못 미치는 2분기 실적을 예고하면서 주가가 장중 20% 넘게... 최근에는 AI 플랫폼과 클라우드, 양자컴퓨팅을 중심으로 사업 구조를 전환하고 있으며, 이 과정에서 실시간 데이터... ",https://www.ebn.co.kr/news/articleView.html?idxno=1716401,https://www.ebn.co.kr/news/articleView.html?idxno=1716401,"Wed, 15 Jul 2026 08:02:00 +0900",2026-07-15 08:55:22
AI/소프트웨어,클라우드 시장,SK하이닉스 ADR 27% 급등…바클레이스 “330달러 간다”,중국 업체들의 추격 역시 글로벌 클라우드 사업자들이 데이터센터용 D램으로 중국산을 채택하지 않는... 미국 노동부에 따르면 6월 소비자물가지수(CPI)는 전년 동기 대비 3.5% 올라 시장 예상치(3.8%)를 밑돌았다.... ,https://www.kukinews.com/article/view/kuk202607150012,https://www.kukinews.com/article/view/kuk202607150012,"Wed, 15 Jul 2026 08:02:00 +0900",2026-07-15 08:55:22
AI/소프트웨어,AI 반도체,민형배 첫 국무회의 참석…&quot;호남 반도체 클러스터 성공 뒷받침&quot;,"이날 이재명 대통령은 “초격차·초혁신 성장동력 육성을 통해 잠재성장률 3% 시대를 단계적으로 열어가야 한다”며 “AI와 반도체를 중심으로 한 3대 메가프로젝트를 조기에 현실화하기 위해 중앙정부와 지방정부, 기업이... ",https://news.dealsitetv.com/articles/173296,https://news.dealsitetv.com/articles/173296,"Wed, 15 Jul 2026 08:52:00 +0900",2026-07-15 08:55:22
AI/소프트웨어,AI 반도체,"가온전선, SK하이닉스 용인 반도체 클러스터에 배전 케이블 공급",업계에서는 AI 반도체 투자 확대와 함께 국내외 반도체 공장 신·증설이 이어지면서 전력 케이블과 변압기 등 전력 기자재 수요도 동반 성장할 것으로 보고 있다. 가온전선은 국내 배전 케이블 시장 1위 사업 경쟁력과... ,https://www.ajunews.com/view/20260715084328452,https://www.ajunews.com/view/20260715084328452,"Wed, 15 Jul 2026 08:48:00 +0900",2026-07-15 08:55:22
AI/소프트웨어,AI 반도체,"아모텍, AI 데이터센터용 고성능 MLCC 양산 본격화","아모텍은 2027년 초부터 미국, 대만, 중국 등 주요 AI 데이터센터용 고속 광통신 네트워크 업체로 공급을 늘려갈 것으로 기대하고 있다. 이와 함께 북미 주요 반도체 기업과 공동 개발 중인 초소형 광대역 MLCC도... ",https://www.edaily.co.kr/news/newspath.asp?newsid=02922486645514848,https://n.news.naver.com/mnews/article/018/0006330474?sid=101,"Wed, 15 Jul 2026 08:47:00 +0900",2026-07-15 08:55:22
AI/소프트웨어,AI 반도체,"데이터센터, 문제는 냉각 효율…최대 64% 절감이 가능하다고?","올스웰 제공 최근 정부 발표로 3대 메가프로젝트가 가동하면서 서남쪽 반도체 산단 건설은 물론, 인공지능(AI) 활성화를 위한 데이터센터 수요 등으로 냉각 전력 효율화가 새로운 화두로 떠오르는 중이다. 이런 가운데... ",http://www.segyebiz.com/newsView/20260715505633?OutUrl=naver,http://www.segyebiz.com/newsView/20260715505633?OutUrl=naver,"Wed, 15 Jul 2026 08:42:00 +0900",2026-07-15 08:55:22
로봇/자율주행,로봇 주가,"[모빌리티핫이슈] 美 중국차 퇴출 카드…테슬라, 전기차 대신 로봇",휴머노이드 로봇 옵티머스 생산 설비 공간으로 전환했다.  이 조립라인은 2012년 모델 S 양산이 시작된 뒤... 뉴저지주가 완전자율주행차에 카메라 외 추가 센서 2종을 의무화하는 법안을 추진하면서 테슬라의 카메라... ,https://www.digitaltoday.co.kr/news/articleView.html?idxno=684058,https://www.digitaltoday.co.kr/news/articleView.html?idxno=684058,"Wed, 15 Jul 2026 07:30:00 +0900",2026-07-15 08:55:23
로봇/자율주행,로봇 주가,"HL만도, 하반기 로봇 액추에이터 동력 기대-하나",양산 경쟁력 등을 확보하고 있어 북미 휴머노이드 로봇 시장 진입에 유리한 위치에 있다”며 “하반기부터 본격적인 수주 활동이 시작되면서 로봇 사업이 새로운 주가 상승 동력으로 작용할 것”이라고 강조했다.,https://www.edaily.co.kr/news/newspath.asp?newsid=02499366645514848,https://n.news.naver.com/mnews/article/018/0006330388?sid=101,"Wed, 15 Jul 2026 07:24:00 +0900",2026-07-15 08:55:23
로봇/자율주행,로봇 주가,"[더벨][코스닥 메자닌 프리즘] 이전상장 2년차 한국피아이엠, 시설투자...",전환가액은 5만4431원으로 전일 주가(5만1200원) 대비 높은 수준으로 협의됐다. 연초 주가가 상승하면서... △인공지능(AI) 데이터센터용 냉각 솔루션 소재 생산 CAPEX투자(116억원) △휴머노이드 로봇용 소재부품 및... ,https://www.thebell.co.kr/free/content/ArticleView.asp?key=202607131432571800102695,https://www.thebell.co.kr/free/content/ArticleView.asp?key=202607131432571800102695,"Wed, 15 Jul 2026 07:02:00 +0900",2026-07-15 08:55:23
로봇/자율주행,로봇 주가,[미국 특징주] 오픈AI 첫 하드웨어는 '이동형 스피커'…AI 동반자 노린다,관련 소식이 전해진 뒤 오디오 기기 업체 소노스(SONO) 주가는 시간 외 거래에서 10% 넘게 하락했다가 일부... 웨어러블 기기인 펜던트 형태 제품과 가정용 로봇 분야에도 관심을 보이고 있다. ◆ 애플도 AI 홈 기기 준비... ,https://www.newspim.com/news/view/20260715000037,https://www.newspim.com/news/view/20260715000037,"Wed, 15 Jul 2026 06:35:00 +0900",2026-07-15 08:55:23
로봇/자율주행,로봇 주가,[외신 헤드라인] AI 붐에 월가 '깜짝 실적'…스페이스X 상장도 한몫,"엔비디아의 주가는 4% 급등했습니다. 여기에 미국 정부가, 줄곧 딴지를 걸어온 중국 통신장비업체 ZTE에까지... 휴머노이드 로봇 10억대가 가동될 것이다, 100조 개에 이르는 AI에이전트가 서로 의사소통하며 쉴 새없이... ",https://biz.sbs.co.kr/article_hub/20000322548?division=NAVER,https://n.news.naver.com/mnews/article/374/0000521738?sid=104,"Wed, 15 Jul 2026 06:28:00 +0900",2026-07-15 08:55:23
로봇/자율주행,로봇 주가,"&quot;생존이 먼저다&quot;… 자존심 꺾은 日 자동차 거두, 中 전기차 기술 전격 수...","AI와 로봇 결합형 ‘다크(Dark) 팩토리’를 통해 완전 자동화 생산의 수율을 입증하고 있다. 또한, 중국... 주가 부진 속 벼랑 끝 전술… “3년 내 승리법 못 찾으면 끝장” 글로벌 전기차 가치사슬에서의 주도권 상실은... ",https://www.g-enews.com/view.php?ud=202607141759064390c8c1c064d_1,https://www.g-enews.com/view.php?ud=202607141759064390c8c1c064d_1,"Wed, 15 Jul 2026 05:46:00 +0900",2026-07-15 08:55:23
로봇/자율주행,로봇 주가,"[글로벌 비즈 브리핑] 엔비디아, H200 수출 개시 소식에 주가 '쑥' 外","H200 수출 개시 소식에 주가 '쑥' ▲&quot;中 딥시크, 연내 본토 IPO 신청 추진&quot; ▲구글 AI 수장 &quot;AGI 도래 눈앞...美... 소프트뱅크가 오픈AI와 ARM, 데이터센터, 로봇, 반도체 분야 투자를 확대하는 배경도 이런 전망에 있습니다.... ",https://biz.sbs.co.kr/article_hub/20000322537?division=NAVER,https://n.news.naver.com/mnews/article/374/0000521727?sid=104,"Wed, 15 Jul 2026 04:40:00 +0900",2026-07-15 08:55:23
로봇/자율주행,로봇 주가,손정의 &quot;AI 거부는 진화 거부…세계 GDP 20% 차지할 것&quot;,"소프트뱅크가 오픈AI와 ARM, 데이터센터, 로봇, 반도체 분야 투자를 확대하는 배경도 이런 전망에 있습니다.... 소프트뱅크 주가는 올해 들어 35% 올랐지만 6월 고점 이후에는 압박을 받고 있습니다.",https://biz.sbs.co.kr/article_hub/20000322534?division=NAVER,https://n.news.naver.com/mnews/article/374/0000521724?sid=104,"Wed, 15 Jul 2026 04:30:00 +0900",2026-07-15 08:55:23
로봇/자율주행,로봇 주가,"소프트뱅크 손정의, AI 회의론자에 직격탄","소프트뱅크가 오픈AI와 ARM, 데이터센터, 로봇, 반도체 분야 투자를 확대하는 배경도 이런 전망에 있다.... 소프트뱅크 주가는 올해 들어 35% 올랐지만 6월 고점 이후에는 압박을 받고 있다. 오픈AI 상장은 소프트뱅크의 AI... ",https://www.g-enews.com/view.php?ud=2026071421273188229a1f309431_1,https://www.g-enews.com/view.php?ud=2026071421273188229a1f309431_1,"Wed, 15 Jul 2026 03:00:00 +0900",2026-07-15 08:55:23
로봇/자율주행,로봇 주가,"[주요공시] 나라스페이스테크놀로지, 씨메스로보틱스, 셀트리온, 한미반...","로봇 자동화 설비, 반도체 특화 공작기계, 백신 공급계약, 용인 반도체 클러스터 공사, 잠정실적, 배당, 자기주식 취득·처분, 대량보유 및 임원·주요주주 지분변동 중심으로 나타났다. 주가 등락 배경... ",https://www.kdpress.co.kr/news/articleView.html?idxno=206927,https://www.kdpress.co.kr/news/articleView.html?idxno=206927,"Tue, 14 Jul 2026 23:56:00 +0900",2026-07-15 08:55:23
로봇/자율주행,로봇 주가,"&quot;스페이스X·테슬라에 절반&quot;…KB운용, 우주·로봇 혼합형 ETF 출시","로봇 TOP2 미국채혼합50 지수'를 기초지수로 추종한다. 주식 부문에서는 스페이스X와 테슬라를 같은 비중으로 담고, 채권 부문은 잔존 만기가 1년 이하인 미국 단기국채 ETF에 분산 투자한다. 스페이스X와 테슬라의 주가... ",https://www.apnews.kr/news/articleView.html?idxno=3049777,https://www.apnews.kr/news/articleView.html?idxno=3049777,"Tue, 14 Jul 2026 22:52:00 +0900",2026-07-15 08:55:23
로봇/자율주행,로봇 주가,[7월15일자] 비즈니스포스트 아침의 주요기사,"● 삼성전자 애플 올가을 폴더블폰 전쟁, 노태문 경량화·주름 개선으로 1위 사수 총력전 ● 중국 하드테크 주가 '해외 자금' 유입에 올라, 반도체 배터리 로봇으로 투자 중심축 이동 ● HLB그룹 리보세라닙 품목허가 불발... ",https://www.businesspost.co.kr/BP?command=article_view&num=442356,https://www.businesspost.co.kr/BP?command=article_view&num=442356,"Tue, 14 Jul 2026 20:50:00 +0900",2026-07-15 08:55:23
로봇/자율주행,로봇 주가,[미리보는 이데일리 신문]반도체 발판 대도약…'3·4·5 비전' 제시,노리는 ‘주가 누르기’ 제동 △李정부 1차 부동산 토론회 -“재초환 등 규제가 공급 발목…서울... 7조원 뭉칫돈 -7명 아이 키우는 의사출신 EU수장 “3세 미만 영유아는 폰 노출 안돼” -트랜스포머형 로봇 내놓은 中... ,https://www.edaily.co.kr/news/newspath.asp?newsid=05877766645514520,https://n.news.naver.com/mnews/article/018/0006330283?sid=101,"Tue, 14 Jul 2026 20:32:00 +0900",2026-07-15 08:55:23
로봇/자율주행,로봇 주가,[헬로스톡] 7/14 주목할 종목 : SK하이닉스·LG전자·카카오·대한항공,로봇 사업 본격화 유럽 폭염으로 인한 에어컨 수요 급증과 엔비디아와의 포괄적 AI 협력 확대가 맞물리면서 LG전자가 새로운 성장 국면에 진입하고 있다. 교보증권은 투자의견 'Buy'를 유지하고 목표주가... ,https://www.hellot.net/news/article.html?no=113774,https://www.hellot.net/news/article.html?no=113774,"Tue, 14 Jul 2026 18:06:00 +0900",2026-07-15 08:55:23
로봇/자율주행,로봇 주가,"[데일리안 오늘뉴스 종합] 정부 판 깐 '피지컬 AI'에 현대차 기대감, 여...","▲정부가 판 깐 '피지컬 AI'…현대차 로봇·자율주행 신사업 '기대감' 정부가 인공지능 자동차와 로봇, AI... 여파로 주가는 이틀 연속 하한가를 기록했다. ▲트럼프 &quot;호르무즈 지키는 대가 받아야…화물에 20% 비용 부과... ",https://www.dailian.co.kr/news/view/1667151/?sc=Naver,https://n.news.naver.com/mnews/article/119/0003111414?sid=100,"Tue, 14 Jul 2026 18:04:00 +0900",2026-07-15 08:55:23
로봇/자율주행,자율주행 산업,[반도체 슈퍼사이클③] 반도체 패권전쟁…K-메가특구와 AI 국가전략 승부...,"생성형 AI와 자율주행, 스마트 제조, 국방 AI 등 국가 전략산업을 중심으로 반도체 자립을 추진하는 이유다. 전문가들은 중국의 추격 속도를 과소평가해서는 안 된다고 지적한다. 미국의 규제로 첨단 기술 확보에는... ",http://www.newsian.co.kr/news/articleView.html?idxno=92184,http://www.newsian.co.kr/news/articleView.html?idxno=92184,"Wed, 15 Jul 2026 07:22:00 +0900",2026-07-15 08:55:24
로봇/자율주행,자율주행 산업,영하 50도 남극부터 우주까지…'극한지 로봇' 개발 활발,"산업통상자원부는 로봇 플랫폼 개발을 뒷받침하기 위해 최근 한국산업기술기획평가원(KEIT)을 통해... 장거리 자율주행 실험을 성공시키며 기술력을 입증했다. 당시 KAREX는 빙산로, 브라우닝 패스, 돌발 눈길 등 남극의... ",http://www.inews24.com/view/1985488,https://n.news.naver.com/mnews/article/031/0001042221?sid=101,"Wed, 15 Jul 2026 07:11:00 +0900",2026-07-15 08:55:24
로봇/자율주행,자율주행 산업,"[홍콩 특징주] 자율주행 AI칩 기업 '블랙세서미', 이즈전자 인수 '엣지 ...","이에 따라 경량화된 비전 인식부터 고도 자율주행, 휴머노이드 로봇의 중앙 통합 연산에 이르기까지 전 산업 고객을 대상으로 원스톱 연산 솔루션을 제공할 수 있게 됐다. 또한 기존 연산 제품군의 공백 문제를... ",https://www.newspim.com/news/view/20260715000046,https://www.newspim.com/news/view/20260715000046,"Wed, 15 Jul 2026 07:09:00 +0900",2026-07-15 08:55:24
로봇/자율주행,자율주행 산업,테슬라 &quot;병 주고 약 주나&quot;…찻값 올리더니 FSD 구독제 도입,테슬라가 900만 원에 달하던 자율주행(FSD) 서비스를 월 15만 원에 구독할 수 있는 서비스를 내놨다. 최근... 자동차 산업이 소프트웨어 중심 자동차(SDV) 시대로 빠르게 재편되면서 완성차 업체들은 차량 판매 이후에도... ,https://www.news1.kr/industry/auto-industry/6228080,https://n.news.naver.com/mnews/article/421/0009059879?sid=103,"Wed, 15 Jul 2026 07:00:00 +0900",2026-07-15 08:55:24
로봇/자율주행,자율주행 산업,"AI 시대 국가의 역할, 산업정책의 귀환","로봇, 드론, 가전제품, 자동차(자율주행), 산업기계 등이 친숙한 사례다. 그리고 피지컬 AI는 현실 세계와 부딪치며 얻은 새로운 지식(데이터)을 다시 데이터센터로 보낸다. 이는 AI 모델의 학습 자료로 활용되어 더욱... ",https://www.sisain.co.kr/news/articleView.html?idxno=58153,https://n.news.naver.com/mnews/article/308/0000038513?sid=101,"Wed, 15 Jul 2026 06:53:00 +0900",2026-07-15 08:55:24
로봇/자율주행,자율주행 산업,AI가 디지털 지도도 실시간 갱신…디지털 지도 자동 갱신 시장 확대,"공간정보 산업에서 AI 변화탐지 기술의 중요성이 커지는 것은 자율주행과 도심항공교통(UAM), 스마트시티 등 실시간 공간정보를 필요로 하는 산업이 빠르게 확대되고 있기 때문이다. 기존처럼 수작업에 의존할 경우 변화... ",https://www.sedaily.com/article/20067616?ref=naver,https://n.news.naver.com/mnews/article/011/0004641661?sid=101,"Wed, 15 Jul 2026 06:40:00 +0900",2026-07-15 08:55:24
로봇/자율주행,자율주행 산업,데이터센터 로봇 시장 2035년 1134억 달러 급성장… AI 인프라 운영이 판...,최근 산업 현장에서는 단순 이동형 로봇을 넘어 디지털 트윈과 AI 기반 진단 기술이 결합된 로봇 플랫폼이... 이들은 설계 단계부터 로봇의 자율주행과 효율적인 동선 확보를 고려한 환경을 구축해야 한다. 로봇과... ,https://www.g-enews.com/view.php?ud=2026071506331176382bd56fbc3c_1,https://www.g-enews.com/view.php?ud=2026071506331176382bd56fbc3c_1,"Wed, 15 Jul 2026 06:38:00 +0900",2026-07-15 08:55:24
로봇/자율주행,자율주행 산업,"&quot;제조+데이터 한 번에&quot;…로보티즈, 우즈벡서 'K-액추에이터' 시동",우즈베키스탄 타슈켄트 인근 양기 아블로드 특별산업구역이 'K-피지컬 AI' 데이터 허브의 시험무대로... 로봇·자율주행차 등의 형태로 직접적인 행동과 상호작용을 수행하는 기술을 의미하는 점에서 기존 AI와... ,https://www.news1.kr/industry/sb-founded/6228173,https://n.news.naver.com/mnews/article/421/0009059846?sid=101,"Wed, 15 Jul 2026 06:25:00 +0900",2026-07-15 08:55:24
로봇/자율주행,자율주행 산업,장벽 뒤에 숨은 美 자동차 산업… 정치적 빗장에 막힌 ‘역기술 이전’...,혁신이나 자율주행 소프트웨어 재창조에 나설 긴박감을 전혀 느끼지 못할 것”이라며 “결국 미국 산업 전반이 도태되는 시나리오로 흘러갈 것”이라고 꼬집었다. 일라리아 마조코 전략국제문제연구소(CSIS)... ,https://www.g-enews.com/view.php?ud=202607142319448620c8c1c064d_1,https://www.g-enews.com/view.php?ud=202607142319448620c8c1c064d_1,"Wed, 15 Jul 2026 06:16:00 +0900",2026-07-15 08:55:24
로봇/자율주행,자율주행 산업,아틀라스 다음은 바퀴 달린 로봇 ‘모베드’… 현대차그룹 상용화 속도...,라이다와 카메라 센서를 장착한 모델은 자율주행 기능도 지원한다. 앞서 현대차그룹은 지난 3월 ‘2026 스마트공장·자동화산업전’(AW2026)에서 모베드 양산형 모델을 국내에 처음 공개했다. 동시에 ‘모베드 얼라이언스’... ,https://www.kmib.co.kr/article/view.asp?arcid=0030109525&code=61141411&cp=nv,https://n.news.naver.com/mnews/article/005/0001861048?sid=101,"Wed, 15 Jul 2026 06:02:00 +0900",2026-07-15 08:55:24
로봇/자율주행,자율주행 산업,"[오토노머스 크로니클] 오토노머스에이투지① : 외면받던 소신, 세계 7위...","■ 오토노머스 크로니클 (Autonomous Chronicle) 자율주행은 지금 어디까지 왔나. 기술 패권 경쟁과 규제, 그리고 산업 지형의 변화를 좇고 그 이면을 들춘다. 화려한 발표 뒤에 가려진 현장의 속사정과 성공ㆍ시행착오의... ",https://www.dnews.co.kr/uhtml/view.jsp?idxno=202607141449427510140,https://www.dnews.co.kr/uhtml/view.jsp?idxno=202607141449427510140,"Wed, 15 Jul 2026 06:00:00 +0900",2026-07-15 08:55:24
로봇/자율주행,자율주행 산업,"SKT, AI-RAN 선도망 구축 사업 착수…피지컬 AI 서비스 실증","원격 주행 명령을 내려 공장 물류를 자동화하고 운영 비용을 낮춘다. 휴머노이드 저전력 모드 실증도... SK인천석유화학에서 실증한 산업안전 서비스를 고도화하고, 판교 리빙랩에서 검증한 무인 자율이송... ",https://www.dt.co.kr/article/12072947?ref=naver,https://n.news.naver.com/mnews/article/029/0003037113?sid=105,"Wed, 15 Jul 2026 06:00:00 +0900",2026-07-15 08:55:24
로봇/자율주행,자율주행 산업,[패트롤] 인천시의회-인천시교육청,"영종·제물포·검단구 주요 사업장 방문…정주여건 개선·항공산업 육성 현안 살핀다 인천=에너지경제신문... '를 주제로 진행되는 옹진여름학교에서는 진로 탐색 활동과 함께 자율주행전문가, 미래항공 모빌리티 전문가... ",https://www.ekn.kr/web/view.php?key=20260715020342545,https://www.ekn.kr/web/view.php?key=20260715020342545,"Wed, 15 Jul 2026 05:10:00 +0900",2026-07-15 08:55:24
로봇/자율주행,자율주행 산업,美도 선택한 ‘K교통기술’… 에스트래픽 “AI로 세계 교통 바꾼다”,활용한 자율주행 모빌리티 기술을 실증하고 체감할 수 있도록 초대형 국책 사업을 주도해 나갈 것이다.... 문 대표는 국내 교통 솔루션 산업의 지속 성장을 위해 정부 차원의 제도적 뒷받침도 필요하다고 강조했다.... ,https://www.donga.com/news/Economy/article/all/20260714/134291106/2,https://n.news.naver.com/mnews/article/020/0003734032?sid=101,"Wed, 15 Jul 2026 04:37:00 +0900",2026-07-15 08:55:24
로봇/자율주행,자율주행 산업,영남이공대 ‘AI 물류교육센터’ 개소,"최근 물류산업은 보관과 운송 중심의 전통 시스템에서 AI와 로봇, 자율주행 장비, 데이터 기반 운영체계를 결합한 스마트 산업으로 발전하고 있다. 물류센터 자동화가 확산하면서 일반 작업 인력보다 자동화 설비를... ",https://www.donga.com/news/Society/article/all/20260714/134298696/2,https://n.news.naver.com/mnews/article/020/0003733946?sid=102,"Wed, 15 Jul 2026 04:32:00 +0900",2026-07-15 08:55:24
로봇/자율주행,자율주행 산업,"&quot;車 타자&quot; 메모리 3사, 주도권 경쟁 시동",자율주행기술 확산과 차량 내 인포테인먼트 기능 강화로 차량 1대에 탑재되는 D램과 낸드플래시(이하... 기존 차량에 탑재되던 MLC(멀티레벨셀) 공급이 감소하면서 산업·자동차용 수요가 SLC로 몰리고 있기... ,https://www.mt.co.kr/industry/2026/07/15/2026071419383447290,https://n.news.naver.com/mnews/article/008/0005386114?sid=101,"Wed, 15 Jul 2026 04:17:00 +0900",2026-07-15 08:55:24
로봇/자율주행,자율주행 산업,"저가 공세 中 정조준… &quot;로봇, 가격보단 가치&quot;",재코우스키 CPTO는 최근 머니투데이와 단독 인터뷰에서 &quot;전기차 시장처럼 휴머노이드산업에서도 가격경쟁이... 여기에 자율주행차와 유사한 기반 위에서 설계해 안전성도 끌어올렸다. 재코우스키 CPTO는 LLM(거대언어모델)... ,https://www.mt.co.kr/politics/2026/07/15/2026071419373980955,https://n.news.naver.com/mnews/article/008/0005386107?sid=100,"Wed, 15 Jul 2026 04:10:00 +0900",2026-07-15 08:55:24
로봇/자율주행,휴머노이드 로봇,"SKT, '하이퍼 AI 네트워크' 실증사업기관 선정…'AI고속도로' 구축 사업...",로봇 등 피지컬 AI가 실시간으로 작업을 수행하려면 대용량 데이터를 지연 없이 주고받는 통신과 AI... 아울러 휴머노이드 저전력 모드 실증도 추진해 3종 피지컬 AI 서비스 실증을 완성할 계획이다. SKT는 이번... ,https://www.thepublic.kr/news/articleView.html?idxno=311354,https://www.thepublic.kr/news/articleView.html?idxno=311354,"Wed, 15 Jul 2026 08:52:00 +0900",2026-07-15 08:55:25
로봇/자율주행,휴머노이드 로봇,[이재현의 청년 사다리③] 1786명이 도전한 물류 난제…해법이 채용문 ...,◆ 문제 해결력이 채용 혜택으로…서류·면접 장벽 낮췄다 ©AP신문(AP뉴스)/이미지 제공 = CJ대한통운 ▲CJ대한통운 군포 풀필먼트센터에서 현장 실증 중인 로보티즈 AI 휴머노이드 로봇. 미래기술챌린지는 수상자를 가리는... ,https://www.apnews.kr/news/articleView.html?idxno=3049772,https://www.apnews.kr/news/articleView.html?idxno=3049772,"Wed, 15 Jul 2026 08:10:00 +0900",2026-07-15 08:55:25
로봇/자율주행,휴머노이드 로봇,강원 AI 교육·인프라 투자 확대…지역경제·미래인재 양성 강화,이번 행사에는 청소년 50여 명이 방문해 휴머노이드와 4족 보행 로봇 시연 등을 직접 체험했다. 대학 측은 단순한 진로 체험을 넘어 지역 청소년들의 첨단기술 접근성을 높이고 향후 AI 분야 인재 유입 기반을 넓히는... ,https://news.mtn.co.kr/news-detail/2026071417190191349,https://news.mtn.co.kr/news-detail/2026071417190191349,"Wed, 15 Jul 2026 08:10:00 +0900",2026-07-15 08:55:25
로봇/자율주행,휴머노이드 로봇,한국지능정보사회진흥원(NIA) &quot;5G-SA와 AI-RAN 융합…Hyper-AI 네트워크 ...,NIA는 오는 2027년 이후부터는 실증 범위를 인간형 로봇(휴머노이드) 단계까지 대폭 확대할 예정이며 오는 2026년 12월 개최를 앞둔 '6G 페스타'와 연계해 일반 국민과 산업계 관계자들이 이러한 피지컬 AI 기술 성과를... ,https://www.cstimes.com/news/articleView.html?idxno=713459,https://www.cstimes.com/news/articleView.html?idxno=713459,"Wed, 15 Jul 2026 07:36:00 +0900",2026-07-15 08:55:25
로봇/자율주행,휴머노이드 로봇,中 전기차 韓 공습 본격화…지커·BYD 이어 니오·샤오펑까지,"최근에는 AI 반도체와 휴머노이드 로봇, 플라잉카 등 미래 모빌리티 분야까지 사업을 확대하며 기술 기업으로 변신을 가속화하고 있다. 한편 업계에서는 중국 전기차 업체들의 경쟁력에 주목을 하고 있다. 더 이상... ",http://www.inews24.com/view/1985417,https://n.news.naver.com/mnews/article/031/0001042220?sid=103,"Wed, 15 Jul 2026 07:06:00 +0900",2026-07-15 08:55:25
로봇/자율주행,휴머노이드 로봇,“AI 거점 반갑지만 체감은 아직”⋯새로운 제조기업 기다리는 구미 [르...,"스마트폰 제조 혁신을 이끌 마더팩토리와 피지컬 AI·휴머노이드 로봇 양산라인, 그룹 내부용 AI 데이터센터 등을 구축하는 19조원 규모의 투자 계획이다. 기존 국가산업단지와 전자산업 기반을 활용해 제조 AI 중심지로... ",https://www.etoday.co.kr/news/view/2603342,https://www.etoday.co.kr/news/view/2603342,"Wed, 15 Jul 2026 07:02:00 +0900",2026-07-15 08:55:25
로봇/자율주행,휴머노이드 로봇,[2026년 하반기 경제성장전략] ⑤ 반도체 800조·AI센터 550조 투자…로...,휴머노이드 로봇의 촉각센서가 수집한 정보를 외부 장치로 보내기 전에 센서 내부에서 선별·처리하는 기술이다. 로봇의 관절과 팔다리를 움직이는 액추에이터는 전용 연구개발 사업을 신설한다. 부품기업이 개발한... ,https://www.newswhoplus.com/news/articleView.html?idxno=64590,https://www.newswhoplus.com/news/articleView.html?idxno=64590,"Wed, 15 Jul 2026 07:00:00 +0900",2026-07-15 08:55:25
로봇/자율주행,드론 시장,"매쉬업벤처스, 딥테크 투자 진용 재정비… 박은우 부사장 선임",초기 투자 시장의 경쟁력이 자금력보다 딥테크 심사 역량과 포트폴리오사의 해외 진출 지원 능력에서... 본엔젤스벤처파트너스 심사역 시절 의료 AI 기업 뷰노와 AI 자율비행 드론 기업 니어스랩에 첫 기관투자를... ,https://www.econovill.com/news/articleView.html?idxno=745240,https://www.econovill.com/news/articleView.html?idxno=745240,"Wed, 15 Jul 2026 08:50:00 +0900",2026-07-15 08:55:25
로봇/자율주행,드론 시장,"매쉬업벤처스, 박은우 CIO 선임… 퀵쏘·직방 공동창업자도 영입","본엔젤스벤처파트너스 심사역 시절 의료 AI 기업 뷰노, AI 자율비행 드론 기업 니어스랩에 첫 기관투자를... 향후 포트폴리오사의 미국 시장 진출과 후속 투자 유치를 지원할 예정이다. 석훈 EIR은 삼일회계법인... ",https://platum.kr/archives/290894,https://platum.kr/archives/290894,"Wed, 15 Jul 2026 08:42:00 +0900",2026-07-15 08:55:25
로봇/자율주행,드론 시장,"“러軍, 1㎢당 400명씩 쓰러져”…푸틴 “몇 배로 복수” 다짐했지만 군...","우크라이나 드론에 멈춘 러 진격우크라이나의 장거리 드론 공격이 러시아군의 보급망과 정유시설, 에너지... 세르게이 소뱌닌 모스크바 시장은 이날 “지난 24시간 동안 우크라이나 무인기 340대가 모스크바 지역을... ",https://nownews.seoul.co.kr/news/newsView.php?id=20260715601001&wlog_tag3=naver,https://n.news.naver.com/mnews/article/081/0003661306?sid=104,"Wed, 15 Jul 2026 08:37:00 +0900",2026-07-15 08:55:25
로봇/자율주행,드론 시장,[이란전쟁] 미·이 다시 전면전 위기… 호르무즈 '통제권' 싸움에 글로벌...,이번 공습에는 자율형 드론 보트(무인정)를 활용해 이란 함정을 타격하는 사상 첫 형태의 공격도 포함됐다.... ▲&quot;오일은 길을 찾는다&quot;… 호르무즈 우회하는 글로벌 에너지 시장 이처럼 호르무즈 해협의 지정학적 리스크가... ,http://www.newsroad.co.kr/news/articleView.html?idxno=61592,http://www.newsroad.co.kr/news/articleView.html?idxno=61592,"Wed, 15 Jul 2026 08:34:00 +0900",2026-07-15 08:55:25
로봇/자율주행,드론 시장,[뉴욕마켓워치] CPI 호재 속 SK하이닉스 27% 폭등…주식·채권↑달러↓,김성진 기자 진정호 최진우 특파원 = 14일(이하 미 동부시간) 뉴욕 금융시장에서 3대 주가지수는 동반... 앞서 이란 이슬람혁명수비대(IRGC)도 이날 미사일과 드론을 동원해 쿠웨이트와 바레인에 있는 미군 기지를... ,https://news.einfomax.co.kr/news/articleView.html?idxno=4425008,https://news.einfomax.co.kr/news/articleView.html?idxno=4425008,"Wed, 15 Jul 2026 08:02:00 +0900",2026-07-15 08:55:25
로봇/자율주행,드론 시장,[GAM]나토 3.0 방산 슈퍼사이클 ④ 재래식 화력 강화에 라인메탈 반색,나토가 이번 정상회의에서 첨단과 디지털에 방점을 두는 동시에 전통 화력을 강화하는 이른바 투트랙 전략을 취하면서 드론 업체뿐 아니라 기존의 방산업체들도 반사이익이 기대된다. 시장 전문가들은 유럽 현지... ,https://www.newspim.com/news/view/20260714000663,https://www.newspim.com/news/view/20260714000663,"Wed, 15 Jul 2026 08:01:00 +0900",2026-07-15 08:55:25
로봇/자율주행,드론 시장,[GAM]나토 3.0 방산 슈퍼사이클 ③ 400억달러 '드론 에지' 무인기 톱픽은,미국 드론 시장에서 강력한 존재감을 구축한 에어로바이런먼트가 나토의 드론 에지 이니셔티브 출범에 따라 유럽 주요국으로 시장 영역을 확대할 것이라는 기대가 번진다. 주요 외신들과 투자은행(IB) 업계가... ,https://www.newspim.com/news/view/20260714000660,https://www.newspim.com/news/view/20260714000660,"Wed, 15 Jul 2026 08:00:00 +0900",2026-07-15 08:55:25
로봇/자율주행,드론 시장,[뉴욕환시] 달러 사흘만에↓…美 물가 안도 vs 중동 긴장 고조,"외환시장에서 달러-엔 환율은 162.208엔으로, 전장 뉴욕장 마감 가격 162.453엔보다 0.245엔(0.151%) 하락했다.... 앞서 이란 이슬람혁명수비대(IRGC)도 이날 미사일과 드론을 동원해 쿠웨이트와 바레인에 있는 미군 기지를... ",https://news.einfomax.co.kr/news/articleView.html?idxno=4425003,https://news.einfomax.co.kr/news/articleView.html?idxno=4425003,"Wed, 15 Jul 2026 07:14:00 +0900",2026-07-15 08:55:25
로봇/자율주행,드론 시장,스텔스 뒤에서 미사일 16발… 美 F-15EX '화력 거점'이 한국군에 던진 숙...,"여기에 F-15EX의 넓은 기체 공간은 향후 유무인 복합체계(MUM-T) 환경에서 무인 드론을 후방에서 안전하게... 공중전 전략 전환기, 주목해야 할 세 가지 지표 앞으로 글로벌 전투기 시장과 공중전 패러다임의 변화를... ",https://www.g-enews.com/view.php?ud=202607150652035030fbbec65dfb_1,https://www.g-enews.com/view.php?ud=202607150652035030fbbec65dfb_1,"Wed, 15 Jul 2026 07:08:00 +0900",2026-07-15 08:55:25
로봇/자율주행,드론 시장,"[오늘의 주요일정·15일] 민주노총, 7·15 총파업대회",인천시장 10:00 제6회 대한민국 드론 UAM 엑스포 2026(인천대학교 이노베이션센터) 10:40 제7회 인천국제해양포럼(송도컨벤시아) 16:00 주요업무 및 현안 보고(외로움돌봄국)(집무실) ▲ 김상욱 울산시장 09:00 지역... ,https://www.safetimes.co.kr/news/articleView.html?idxno=244227,https://www.safetimes.co.kr/news/articleView.html?idxno=244227,"Wed, 15 Jul 2026 07:06:00 +0900",2026-07-15 08:55:25
로봇/자율주행,드론 시장,"[더벨]K2인베, 선구안 통했다…투자사 3곳 IPO 예심 통과",2015년 설립 이후 풍력발전기 안전점검 시장에서 사업 기반을 쌓았으며 최근에는 대드론 요격체계와 군집 드론 등 방위산업으로 영역을 확대하고 있다. 기술특례상장을 위한 전문기관 평가에서는 A·A 등급을... ,https://www.thebell.co.kr/free/content/ArticleView.asp?key=202607131156343440104238,https://www.thebell.co.kr/free/content/ArticleView.asp?key=202607131156343440104238,"Wed, 15 Jul 2026 07:02:00 +0900",2026-07-15 08:55:25
로봇/자율주행,드론 시장,[비바100] 바다·골목·미식까지⋯부산 여행을 완성하는 추천 코스,"해운대와 광안리만 둘러보봐도 충분하지만 전포의 골목을 걷고, 영도의 언덕을 오르고, 시장에서 한 끼를... 특히 정기적으로 열리는 드론 라이트쇼는 수백 대의 드론이 밤하늘을 수놓으며 광안리를 대표하는 콘텐츠로... ",https://www.viva100.com/article/20260712500369,https://www.viva100.com/article/20260712500369,"Wed, 15 Jul 2026 07:02:00 +0900",2026-07-15 08:55:25
로봇/자율주행,드론 시장,전국 광역 단체장 7월 15일 일정,군수 정책회의(16:00 도청 대회의실) ▲이철우 경북도지사 - 경상북도-에코프로 비즈니스 간담회(10:00 에코프로이노베이션) ▲ 박찬대 인천시장 - 제6회 대한민국 드론 UAM엑스포 (10:00) - 제7회 국제해양포럼 (10:40)... ,https://www.newspim.com/news/view/20260714001221,https://www.newspim.com/news/view/20260714001221,"Wed, 15 Jul 2026 06:30:00 +0900",2026-07-15 08:55:25
로봇/자율주행,드론 시장,"인천시, 미래항공모빌리티 시대 연다… 국내 최대 '대한민국 드론·UAM 박...",박찬대 인천시장은 &quot;이번 박람회는 대한민국 드론·UAM 산업이 새로운 도약을 시작하는 전환점이 될 것&quot;이라며 &quot;인천을 글로벌 미래항공모빌리티 중심도시로 성장시키기 위해 산업 기반 확충과 상용화 생태계 조성에... ,https://ic.newdaily.co.kr/site/data/html/2026/07/15/2026071500022.html,https://ic.newdaily.co.kr/site/data/html/2026/07/15/2026071500022.html,"Wed, 15 Jul 2026 06:22:00 +0900",2026-07-15 08:55:25
게임/엔터,게임 주가,[더벨][다시 뛰는 썸에이지] 유상증자에 담긴 네시삼십삼분의 승부수,◇모회사 사정과 맞물린 썸에이지 유상증자 썸에이지는 2013년 RPG 전문 모바일게임 개발사로 출범한 회사다.... 권 의장은 썸에이지의 직접적인 주주가 아닌데도 유상증자에 참여해 20억원을 투자하기로 했다. 이렇게 되면... ,https://www.thebell.co.kr/free/content/ArticleView.asp?key=202607131149385560102142,https://www.thebell.co.kr/free/content/ArticleView.asp?key=202607131149385560102142,"Wed, 15 Jul 2026 07:02:00 +0900",2026-07-15 08:55:26
게임/엔터,게임 주가,[Who Is ?] 방시혁 하이브 이사회 의장,"무함마드 대통령이 음악과 영화, 드라마, 게임 등 'K콘텐츠'부터 패션까지 높은 관심을 보여와 방시혁은... 주주가치에도 부정적 영향을 끼칠 수 있다는 점을 종합적으로 고려해 인수 중단 결정을 내렸다&quot;고 밝혔다.... ",https://www.businesspost.co.kr/BP?command=article_view&num=441789,https://www.businesspost.co.kr/BP?command=article_view&num=441789,"Wed, 15 Jul 2026 07:00:00 +0900",2026-07-15 08:55:26
게임/엔터,게임 주가,AI 투자 7000억 달러의 부메랑… 글로벌 물가·전기료 밀어 올린다,마이크로소프트 역시 콘솔 게임기 엑스박스 가격을 오는 8월 1일부터 100달러(약 14만 9000원) 인상한다고... 미국 정보기술(IT) 기업 IBM은 14일 매출 전망치 미달을 발표한 뒤 주가가 하루 만에 최대 27% 폭락했다.... ,https://www.g-enews.com/view.php?ud=202607150638071334fbbec65dfb_1,https://www.g-enews.com/view.php?ud=202607150638071334fbbec65dfb_1,"Wed, 15 Jul 2026 06:52:00 +0900",2026-07-15 08:55:26
게임/엔터,게임 주가,[사설] 연금저축 해지 63% 급증… 주식에 ‘노후 베팅’ 방관 말아야,"이 자금이 모두 주식시장으로 옮겨갔다고 단정할 수는 없지만, 주가가 가파르게 오르던 시기에 장기... 해외에서는 한국 증시가 개인투자자들이 결국 손실을 떠안는 ‘오징어 게임’이 될 수 있다는 경고까지 나온... ",https://www.seoul.co.kr/news/editOpinion/editorial/2026/07/15/20260715027006?wlog_tag3=naver,https://n.news.naver.com/mnews/article/081/0003661297?sid=110,"Wed, 15 Jul 2026 05:13:00 +0900",2026-07-15 08:55:26
게임/엔터,게임 주가,"1172조 증설 충격… 마이크론, 공급 사이클 우려 부각",미국 마이크론 테크놀로지 주가가 대규모 공급 과잉 우려에 직면하며 이틀 연속 하락했다. 배런스는 지난... 철저한 Lock-in 구조… 과거 치킨게임과 다른 신(新)증설 경쟁 이번 투자 경쟁은 과거 상대를 고사시키기 위해... ,https://www.g-enews.com/view.php?ud=202607141719491180fbbec65dfb_1,https://www.g-enews.com/view.php?ud=202607141719491180fbbec65dfb_1,"Wed, 15 Jul 2026 03:36:00 +0900",2026-07-15 08:55:26
게임/엔터,게임 주가,[GAM] 디즈니 ② 전략적 선택에 따라 주가 재평가 전망,"앱 내에서 픽사 영화에서 파크 프로모션, 비디오 게임으로 자연스럽게 이동할 수 있도록 사용자 경험... 로젠블라트는 7월 7일 목표주가 126달러에 '매수' 의견을 재확인하며, 8월 5일 예정된 3분기 실적 발표가... ",https://www.newspim.com/news/view/20260715000024,https://www.newspim.com/news/view/20260715000024,"Wed, 15 Jul 2026 02:24:00 +0900",2026-07-15 08:55:26
게임/엔터,게임 주가,[GAM] 디즈니 ① 스트리밍 시장서 고전…웰스파고의 대안 제시,"벤치마크는 7월 13일 월트 디즈니에 대해 '매수' 투자의견과 목표주가 115달러로 커버리지를 개시했다. 벤치마크는 디즈니를 단순한 미디어 기업이 아닌, 스트리밍과 스포츠, 테마파크, 크루즈, 소비재, 게임, 광고, 극장... ",https://www.newspim.com/news/view/20260715000023,https://www.newspim.com/news/view/20260715000023,"Wed, 15 Jul 2026 02:24:00 +0900",2026-07-15 08:55:26
게임/엔터,게임 주가,"사모채·레버리지론까지… 美빅테크들, AI 데이터센터 ‘영끌 빚투’","“AI, 승자 독식” 치킨게임 양상 인공지능(AI) 인프라 과잉투자 논란에도 미국 빅테크들의 AI 데이터센터... 빅테크의 주가 하락 사태로 이어졌다. 그러나 이런 우려를 불식하듯, 투자를 오히려 더 확대한 것이다. 메타를... ",https://www.chosun.com/economy/tech_it/2026/07/15/HO65FRISSBE4ZBGMRGE247Y7LU/?utm_source=naver&utm_medium=referral&utm_campaign=naver-news,https://n.news.naver.com/mnews/article/023/0003987668?sid=105,"Wed, 15 Jul 2026 00:56:00 +0900",2026-07-15 08:55:26
게임/엔터,게임 주가,"“韓 증시, 탐욕에 경종 울렸다…세계 1위 찍고 25% 폭락”","큰 게임이라는 사실을 일깨워준다&quot;고 진단했다. 상승장의 중심에는 삼성전자와 SK하이닉스가 있었다.... 주가가 연일 최고치를 경신하자 신용융자 잔액이 사상 최대 수준으로 불어났고, 삼성전자와 SK하이닉스 등 개별... ",https://www.dailian.co.kr/news/view/1667201/?sc=Naver,https://n.news.naver.com/mnews/article/119/0003111471?sid=104,"Tue, 14 Jul 2026 22:57:00 +0900",2026-07-15 08:55:26
게임/엔터,게임 주가,&quot;마케팅비 1700억 썼지만 신작 효과 '미미'…넷마블 2분기 실적 '빨간불...,교보증권은 넷마블에 대한 투자의견 'BUY'를 유지하면서 목표주가를 기존 7만8000원에서 6만1000원으로 21.... 추정치도 게임별로 평균 일매출 3억6000만원에서 4억5000만원 수준으로 제한적으로 반영했다&quot;고 밝혔다.... ,https://www.newsquest.co.kr/news/articleView.html?idxno=269775,https://www.newsquest.co.kr/news/articleView.html?idxno=269775,"Tue, 14 Jul 2026 21:10:00 +0900",2026-07-15 08:55:26
게임/엔터,게임 주가,"[특징주] 엑셈·웹스 등 코스닥 88개사, 15일 자사주 매수","엠게임(058630), 핌스(347770)가 각각 3만 주를 장중 신청했다. 또한 삼기에너지솔루션즈(419050)가 2만 1... 실제 취득 물량은 장중 주가 흐름과 거래 상황에 따라 신청 수량과 차이가 날 수 있다.",https://www.newstnt.com/news/articleView.html?idxno=710209,https://www.newstnt.com/news/articleView.html?idxno=710209,"Tue, 14 Jul 2026 18:58:00 +0900",2026-07-15 08:55:26
게임/엔터,게임 주가,"[올댓차이나] 中 증시, 유가 상승·반도체 기대에 사흘 만에 반등…창업...","반도체주와 보험주, 석유 관련주, 양조주, 금광주, 전자부품주가 견조한 모습을 보였다. 은행주, 방산주, 통신주, 게임 관련주는 약세를 면치 못했다. 자오이 촹신은 6.03%, 화톈과기 6.42%, 한우지 1.51... ",https://www.newsis.com/view/NISX20260714_0003709288,https://n.news.naver.com/mnews/article/003/0014066752?sid=104,"Tue, 14 Jul 2026 17:52:00 +0900",2026-07-15 08:55:26
게임/엔터,게임 주가,"[지식의 발견] '반도체 슈퍼사이클' 끝났다?…&quot;아직 정점도 안 왔다, 테...","국내 증시를 견인하던 반도체 대형주를 중심으로 주가가 급락하는 날이 반복되면서 반도체 고점에 대한... 새로운 시장이 만들어졌을 때 기술 쪽과 금융 쪽의 ‘파워 게임’은 있어왔고, 지금은 AI 반도체 시장에서... ",https://news.sbs.co.kr/news/endPage.do?news_id=N1008657495&plink=ORI&cooper=NAVER,https://n.news.naver.com/mnews/article/055/0001372439?sid=101,"Tue, 14 Jul 2026 17:49:00 +0900",2026-07-15 08:55:26
게임/엔터,게임 주가,"상폐 막겠다며 몰린 '애국 개미'… 모나미·한성기업 주가 폭등, '애국심...","이른바 '쇼트 스퀴즈(short squeeze)'가 발생하면서 추가 매수세가 유입됐고, 게임스톱 주가는 2021년 1월 초 17.25달러에서 같은 달 28일 장중 483달러까지 치솟았다. 두 사례 모두 기업의 실적이나 본질적 가치보다 개인... ",https://www.ajunews.com/view/20260714154550680,https://www.ajunews.com/view/20260714154550680,"Tue, 14 Jul 2026 17:44:00 +0900",2026-07-15 08:55:26
게임/엔터,게임 주가,"시총 2조 깨지고 주가 반토막…시프트업, '신작 공백'의 잔인한 시험대","김진구 키움증권 연구원은 &quot;시프트업은 메이저 신작 포트폴리오 다변화를 통한 기업 가치 레벨업을 지속적으로 이뤄낼 수 있는 기업&quot;이라며 &quot;목표주가 6만4000원, 투자의견 '매수'(Buy)와 함께 게임 업종 내 최선호주로... ",https://www.newsquest.co.kr/news/articleView.html?idxno=269758,https://www.newsquest.co.kr/news/articleView.html?idxno=269758,"Tue, 14 Jul 2026 17:36:00 +0900",2026-07-15 08:55:26
게임/엔터,게임 주가,저평가 늪 빠진 게임사… 주주환원 경쟁,게임사들이 잇달아 주주환원 정책을 강화하는 이유는 주가가 장기간 저평가되고 있기 때문이다. 대장주인 크래프톤은 실적 개선과 자회사 소송 리스크 해소에도 주가순자산비율(PBR)이 1.3~1.5배 수준에 머물고 있다.... ,https://it.chosun.com/news/articleView.html?idxno=2023092165774,https://it.chosun.com/news/articleView.html?idxno=2023092165774,"Tue, 14 Jul 2026 16:54:00 +0900",2026-07-15 08:55:26
게임/엔터,게임 주가,'데이터센터 1조 달러 투자' 내건 최태원 &quot;목표는 토큰경제…자금조달·...,"이러한 주가 상승세를 발판으로 다양한 투자 기회를 창출할 수 있을 것입니다. 저희는 미국 내 연구 개발을... 저는 아직 '프리게임'(Free Game)이라고 말하고 싶습니다. 아직 너무 이릅니다. 최태원 회장님, 방금 말씀하신... ",https://www.financialpost.co.kr/news/articleView.html?idxno=266489,https://www.financialpost.co.kr/news/articleView.html?idxno=266489,"Tue, 14 Jul 2026 16:48:00 +0900",2026-07-15 08:55:26
게임/엔터,엔터테인먼트 산업,"&quot;파라마운트-워너 합병 불법&quot; 12개 주정부, 트럼프 맞서 소송 제기",독립성과 다양성도 심각하게 훼손될 것&quot;이라고 했다. 이와 관련 파라마운트 측은 &quot;이번 소송은 반독점법을 왜곡하고 엔터테인먼트 산업의 경쟁 구도를 잘못 해석하고 있는 것&quot;이라며 적극 대응하겠다고 밝혔다.,https://www.mediatoday.co.kr/news/articleView.html?idxno=335772,https://n.news.naver.com/mnews/article/006/0000136731?sid=104,"Wed, 15 Jul 2026 08:53:00 +0900",2026-07-15 08:55:27
게임/엔터,엔터테인먼트 산업,"아르고스 아이덴티티, 300만 달러 프리시리즈 A 투자 유치","회사에 따르면 현재 195개국 이상, 4,000종 이상의 신분증을 지원하며 카카오엔터테인먼트, NHN링크, YES24... 금융, 커머스, 프랜차이즈, 게임 등 검증 업무가 많은 산업이 주요 대상이다. 회사는 향후 사람뿐 아니라 AI... ",https://platum.kr/archives/290897,https://platum.kr/archives/290897,"Wed, 15 Jul 2026 08:46:00 +0900",2026-07-15 08:55:27
게임/엔터,엔터테인먼트 산업,"해외 큰손, 한국 상장사 투자 30% 급증…미국계가 절반 이상 장악","40%), SM엔터테인먼트(9.66%), 카카오(5.74%) 등에 투자했다. 더블스타그룹의 금호타이어(45.0%), CNGR의 피노(36.71%), 알리페이의 카카오페이(27.04%) 지분 보유도 눈에 띄었다. 업종별로는 화장품 산업이 해외 자금의 최대... ",http://www.newsian.co.kr/news/articleView.html?idxno=92261,http://www.newsian.co.kr/news/articleView.html?idxno=92261,"Wed, 15 Jul 2026 08:24:00 +0900",2026-07-15 08:55:27
게임/엔터,엔터테인먼트 산업,"국내 최초 버추얼만을 위한 시상식, 'VIVA' 내년 1월 개최","한국버추얼휴먼산업협회(KOVHIA)가 버추얼 콘텐츠 전문 시상식 '버추얼 아이콘 비전 어워드(VIVA)'를 개최한다. KOVHIA가 주최하고 협회원사 스튜디오메타케이와 프롬 엔터테인먼트가 주관, JK 팬덤이 공식 투표 주관... ",https://www.g-enews.com/view.php?ud=202607142004076377c5fa75ef86_1,https://www.g-enews.com/view.php?ud=202607142004076377c5fa75ef86_1,"Wed, 15 Jul 2026 08:14:00 +0900",2026-07-15 08:55:27
게임/엔터,엔터테인먼트 산업,"해외 자금, 韓 상장사 투자 확대…1년 새 30% 늘었다",성장 산업에 대한 관심이 두드러진 것으로 나타났다. 15일 기업데이터연구소 CEO스코어에 따르면 지난달... 중국계 자금은 정보기술(IT) 기업 텐센트를 중심으로 국내 게임·엔터테인먼트 기업 등 8곳에 투자한 것으로... ,https://www.ebn.co.kr/news/articleView.html?idxno=1716403,https://www.ebn.co.kr/news/articleView.html?idxno=1716403,"Wed, 15 Jul 2026 08:12:00 +0900",2026-07-15 08:55:27
게임/엔터,엔터테인먼트 산업,"[더벨][YG엔터 30주년 리포트] '블랙핑크' 의존 한계, 시험대 선 프로듀...",◇7년 소요되던 론칭 주기 단축…올 가을·내년 신인 연쇄 출격 이에 YG엔터테인먼트는 양현의 총괄 프로듀서 복귀를 중심으로 프로듀싱 시스템 개편에 착수했다. 하이브가 K팝 산업에 도입한 레이블 시스템과는 차별화된... ,https://www.thebell.co.kr/free/content/ArticleView.asp?key=202607131215275440108215,https://www.thebell.co.kr/free/content/ArticleView.asp?key=202607131215275440108215,"Wed, 15 Jul 2026 07:02:00 +0900",2026-07-15 08:55:27
게임/엔터,엔터테인먼트 산업,"中, AI 엔터테인먼트 전격 육성… ‘4,400억 달러’ 신문화 영토 노린다",AI 툴의 고도화는 엔터테인먼트 산업의 고비용 진입 장벽을 완전히 허물고 있다. 고가의 촬영 장비나 거대 자본 없이도 1인 크리에이터와 소규모 스튜디오가 AI 소프트웨어를 통해 대형 방송사 및 기존 제작 대기업들과... ,https://www.g-enews.com/view.php?ud=202607142311502520c8c1c064d_1,https://www.g-enews.com/view.php?ud=202607142311502520c8c1c064d_1,"Wed, 15 Jul 2026 06:06:00 +0900",2026-07-15 08:55:27
게임/엔터,엔터테인먼트 산업,"구글, ‘풀 스택 전략’으로 韓 기업 AI 시장 공략","다양한 산업군의 국내 기업들이 구글 AI 기술을 활용해 혁신을 이뤄낸 대표적인 성공 사례도 소개했다. 유통 분야의 CJ올리브영, 금융 분야의 카카오뱅크, 헬스케어 분야의 대원제약, 미디어 및 엔터테인먼트 분야의... ",https://www.sedaily.com/article/20067679?ref=naver,https://n.news.naver.com/mnews/article/011/0004641640?sid=105,"Wed, 15 Jul 2026 06:01:00 +0900",2026-07-15 08:55:27
게임/엔터,엔터테인먼트 산업,[클로즈업 필름]나홍진 '호프'는 무조건 성공할 수 있을까,'호프' 투자·배급을 맡은 플러스엠엔터테인먼트 관계자가 한 얘기가 아니다. 말하자면 경쟁 관계에 있는... '호프'가 흥행해야 올해 반등·부활 조짐을 보인 영화·극장 산업이 온전히 살아날 수 있을 거란 기대가 있다.... ,https://www.newsis.com/view/NISX20260714_0003708925,https://m.entertain.naver.com/article/003/0014067128,"Wed, 15 Jul 2026 06:01:00 +0900",2026-07-15 08:55:27
게임/엔터,엔터테인먼트 산업,"'11년 동행' 트와이스·JYP…원심력으로 뻗어갈 9개의 별, 하나의 은하계...",JYP엔터테인먼트 스태프들 그리고 팬덤 '원스'는 마땅히 상찬받아야 한다. 소처럼 일한다고 해서 팬들... 혹독한 K-팝 산업의 시간표 속에서 9명의 멤버가 서로를 잃지 않고 버텨낸 것은 단순한 비즈니스적 성공을 넘어선... ,https://www.newsis.com/view/NISX20260714_0003709051,https://m.entertain.naver.com/article/003/0014067118,"Wed, 15 Jul 2026 06:00:00 +0900",2026-07-15 08:55:27
게임/엔터,엔터테인먼트 산업,AI가 촉발한 ‘칩플레이션’에 전자제품 가격 폭등… 스마트폰·PC 판매...,"엔터테인먼트 진영도 직격탄을 맞아 소니 그룹의 플레이스테이션 5(PS5)가 18,000엔, 닌텐도의 차세대 콘솔... 하류 산업계의 피해는 B2B(기업 간 거래) 서버 영역으로도 번졌다. 메모리 칩 조달 실패로 인해 일본... ",https://www.g-enews.com/view.php?ud=2026071417501343040c8c1c064d_1,https://www.g-enews.com/view.php?ud=2026071417501343040c8c1c064d_1,"Wed, 15 Jul 2026 05:36:00 +0900",2026-07-15 08:55:27
게임/엔터,엔터테인먼트 산업,메가박스서 못 받은 푯값 150억에 영화계 '비명'... '호프' 구원투수 될...,플러스엠 엔터테인먼트를 운영한다. 메가박스중앙은 회생절차 신청 후 배급사들에 공문을 보내 “6월... 15개 영화 단체로 구성된 영화인연대는 최근 입장문을 내 “영화산업의 ‘순환 자금’이 장기간 묶이면 중소 제작... ,https://www.hankookilbo.com/news/article/A2026071415350004020?did=NA,https://n.news.naver.com/mnews/article/469/0000942303?sid=103,"Wed, 15 Jul 2026 04:31:00 +0900",2026-07-15 08:55:27
게임/엔터,엔터테인먼트 산업,월드컵 결승전은 왜 그곳에서 열릴까 [뉴스룸에서],"과거 축구의 낭만을 말하던 시대가 있었고, 민주화와 국가 통합이 중요하던 시절도 있었다면, 이제는 글로벌 자본과 콘텐츠 산업, 엔터테인먼트 시장이 스포츠를 움직이는 시대가 된 것이다. 다만, 한 가지는... ",https://www.hankookilbo.com/news/article/A2026071009090001810?did=NA,https://n.news.naver.com/mnews/article/469/0000942293?sid=110,"Wed, 15 Jul 2026 04:30:00 +0900",2026-07-15 08:55:27
게임/엔터,엔터테인먼트 산업,"[NC인터뷰] 원밀리언, 배틀 넘어 '스포츠 비즈니스'로…'IDL' 서울 서막(...",댄서들은 숏폼의 딜레마를 딛고 압도적인 퍼포먼스로 거대한 궤적을 그려내며 새로운 산업적 가치를... 5시간 분량의 라이브 엔터테인먼트로 채워진다. 이 거대한 무대의 이면에는 리그를 주도하는 댄서들의 묵직한... ,https://www.nc.press/news/articleView.html?idxno=620810,https://www.nc.press/news/articleView.html?idxno=620810,"Wed, 15 Jul 2026 00:00:00 +0900",2026-07-15 08:55:27
게임/엔터,엔터테인먼트 산업,"배우 김민기, ‘제30회 부천국제판타스틱영화제’ 물들여···‘더 러버...",“촬영 당시 AI가 엔터테인먼트 산업에도 막 들어오기 시작한 시기라 무엇을 참고해야 할지 막연한 어려움이 있었다”며 “실제로 아무것도 없는 공간에서 촬영해야 했기 때문에 마블 히어로 영화를 참고해 연기했던... ,https://sports.khan.co.kr/article/202607142246003?pt=nv,https://m.entertain.naver.com/article/144/0001126166,"Tue, 14 Jul 2026 22:47:00 +0900",2026-07-15 08:55:27
게임/엔터,엔터테인먼트 산업,"GICON, 코엑스서 '광주 공동관' 운영... IP 사업화 정조준",광주정보문화산업진흥원(이하 GICON)은 오는 7월 16일부터 19일까지 서울 코엑스(COEX)에서 열리는 「캐릭터... 광주 공동관에는 ▲㈜핑고엔터테인먼트 ▲아이스크림스튜디오㈜ ▲㈜상단스튜디오 ▲스튜디오지바바... ,http://www.newsworker.co.kr/news/articleView.html?idxno=436464,http://www.newsworker.co.kr/news/articleView.html?idxno=436464,"Tue, 14 Jul 2026 22:46:00 +0900",2026-07-15 08:55:27
게임/엔터,엔터테인먼트 산업,"월드컵이 키운 예측시장…칼시·폴리마켓, 스포츠북 판 흔드나","도박 산업을 정면으로 위협하고 있다. 칼시(Kalshi)와 폴리마켓(Polymarket)이 폭발적인 거래량을 앞세워 시장... 전략 포인트 예측 시장은 스포츠 외에도 정치, 경제, 엔터테인먼트 등 다양한 이벤트로 확장되며 사용자... ",https://www.tokenpost.kr/news/blockchain/377661,https://www.tokenpost.kr/news/blockchain/377661,"Tue, 14 Jul 2026 20:10:00 +0900",2026-07-15 08:55:27
게임/엔터,엔터테인먼트 산업,'호남·강원축'으로 가는 게 박정희 정신:호남 여건을 탓하는 이들에게...,"일각에서는 시대가 변했다며 고개를 젓고, 또 다른 이들은 전력과 용수 등 구체적인 산업 인프라 부족을... 비치)는 엔터테인먼트에 테크를 결합한 콘텐츠 혁신을 주도한다. 시애틀은 MS와 아마존을 필포로 클라우드... ",https://www.ngonews.kr/news/articleView.html?idxno=232940,https://www.ngonews.kr/news/articleView.html?idxno=232940,"Tue, 14 Jul 2026 19:32:00 +0900",2026-07-15 08:55:27
게임/엔터,콘텐츠 수출,"[중국 특징주] BYD 해외 선출시 전략 강화, 신차 가격 중국의 3배",이 기사는 AI 번역에 기반해 생산된 콘텐츠로 중국 유력 경제매체 이차이 글로벌(YICAI GLOBAL)의 7월 14일자... 반면 해외에서는 신에너지차 수요가 크게 증가하면서 중국의 올해 상반기 자동차 수출은 전년 동기... ,https://www.newspim.com/news/view/20260715000158,https://www.newspim.com/news/view/20260715000158,"Wed, 15 Jul 2026 08:46:00 +0900",2026-07-15 08:55:27
게임/엔터,콘텐츠 수출,[관광정책 포커스] 듣고 맛보고 즐기는 K관광… 한국 소리부터 70억불 K...,케이푸드 수출액은 70억 달러를 넘어서며 역대 최고치를 경신했다. 또한 '2026 해외 한류 실태조사'에 따르면 한류 경험자들이 가장 많이 접한 콘텐츠는 음식(78%)으로 조사되는 등 한식은 이제 단순한 식재료를 넘어... ,http://www.financialreview.co.kr/news/articleView.html?idxno=43562,http://www.financialreview.co.kr/news/articleView.html?idxno=43562,"Wed, 15 Jul 2026 08:40:00 +0900",2026-07-15 08:55:27
게임/엔터,콘텐츠 수출,'글로벌 비즈니스 라운드테이블' 참가기업 모집,박인남 콘진원 콘텐츠수출본부장은 &quot;해외 비즈니스센터는 국내 콘텐츠 기업의 해외 진출에 전초기지 역할을 하고 있다&quot;며 &quot;이번 행사는 물론 'K콘텐츠 엑스포' 등을 통해 실질적인 수출 성과를 창출하도록... ,https://view.asiae.co.kr/article/2026071508314996875,https://n.news.naver.com/mnews/article/277/0005790078?sid=103,"Wed, 15 Jul 2026 08:31:00 +0900",2026-07-15 08:55:27
게임/엔터,콘텐츠 수출,백성현 논산시장 &quot;국방·농업·관광 삼각축으로 대한민국 최고의 자립경...,앞으로 다양한 관광 콘텐츠를 확충해 관광객이 머물며 소비하는 체류형 관광 기반을 만들겠다. 이러한... 철저한 준비를 통해 세계 딸기산업의 미래를 선도하는 엑스포로 만들겠다&quot; - 농산물 수출 확대와 글로벌 시장 진출... ,https://cc.newdaily.co.kr/site/data/html/2026/07/15/2026071500021.html,https://cc.newdaily.co.kr/site/data/html/2026/07/15/2026071500021.html,"Wed, 15 Jul 2026 08:18:00 +0900",2026-07-15 08:55:27
게임/엔터,콘텐츠 수출,"오비고, 공급망 보안 모델 구축 지원 국책과제 주관 선정",공급망 보안 모델을 성공적으로 구축할 것&quot;이라며 &quot;글로벌 수출에 필수적인 보안 검증 시스템을 선제적으로 확보해 플랫폼 신뢰성을 한층 높이고 자사 AI 콘텐츠 플랫폼의 글로벌 진출을 안정적으로 가속화하겠다&quot;고 말했다.,https://www.newsis.com/view/NISX20260715_0003709579,https://n.news.naver.com/mnews/article/003/0014067202?sid=101,"Wed, 15 Jul 2026 08:11:00 +0900",2026-07-15 08:55:27
게임/엔터,콘텐츠 수출,"오비고, 자동차 보안 국책과제 주관기업 선정","보안 모델을 성공적으로 구축할 것&quot;이라며, &quot;글로벌 수출에 필수적인 보안 검증 시스템을 선제적으로 확보함으로써 플랫폼 신뢰성을 한층 높이고 자사 AI 콘텐츠 플랫폼의 글로벌 진출을 안정적으로 가속화하겠다&quot;고 말했다.",https://view.asiae.co.kr/article/2026071508071213994,https://n.news.naver.com/mnews/article/277/0005790057?sid=101,"Wed, 15 Jul 2026 08:07:00 +0900",2026-07-15 08:55:27
게임/엔터,콘텐츠 수출,"반도체 부럽지 않은 백화점 대장주…신세계, 연 매출 7조 시대[이주의 ...","수출 호조, 주식·부동산 상승이 불러온 '부의 효과(자산효과)'가 강력한 구매력으로 이어지는 모습이다.... 여기에 K-콘텐츠 인기 상승으로 백화점이 외국인들의 관광명소로 자리 잡으면서 기업가치(밸류에이션) 재평가... ",https://view.asiae.co.kr/article/2026071316285639257,https://n.news.naver.com/mnews/article/277/0005790046?sid=101,"Wed, 15 Jul 2026 08:00:00 +0900",2026-07-15 08:55:27
게임/엔터,콘텐츠 수출,"롯데홈쇼핑, LA서 초대형 팝업…K-브랜드 수출 플랫폼 ‘이설’ 띄운다","K-팝·푸드를 비롯해 즉석사진 촬영, K-팝 클래스 등 K-컬처 콘텐츠를 체험할 수 있다. 17일 오픈 세리머니를 시작으로 현지 인플루언서가 참여하는 이벤트도 열린다. 롯데홈쇼핑이 자체 기획한 K-브랜드 수출 플랫폼... ",https://biz.heraldcorp.com/article/10807572?ref=naver,https://n.news.naver.com/mnews/article/016/0002670371?sid=101,"Wed, 15 Jul 2026 08:00:00 +0900",2026-07-15 08:55:27
게임/엔터,콘텐츠 수출,"“K-콘텐츠 영토 넓힌다” ‘더현대 글로벌’, 일본 도쿄에 ‘플래그십...",더현대 글로벌은 K-패션·뷰티·엔터테인먼트 등 국내 유망 브랜드의 해외 진출을 지원하는 신개념 K-콘텐츠 수출 플랫폼이다. 복합쇼핑몰 ‘도큐플라자 오모카도’ 3층에 총 620㎡ 규모로 들어섰다. 패션·뷰티·식음료(F... ,https://sports.donga.com/economy/article/all/20260715/134293103/1,https://n.news.naver.com/mnews/article/382/0001283284?sid=101,"Wed, 15 Jul 2026 07:57:00 +0900",2026-07-15 08:55:27
게임/엔터,콘텐츠 수출,무역협회 창립 80주년…윤진식 “세상의 모든 시장으로 가는 파트너 될...,"반도체와 자동차 등 주력 품목뿐 아니라 서비스, 콘텐츠, 디지털 무역까지 수출 외연을 넓히려는 움직임도 커지고 있다. 무역협회가 제시한 AI 무역 플랫폼과 MICE 확장 전략 역시 이런 흐름과 맞닿아 있다. 무역협회는... ",https://biz.heraldcorp.com/article/10809054?ref=naver,https://n.news.naver.com/mnews/article/016/0002670368?sid=101,"Wed, 15 Jul 2026 07:54:00 +0900",2026-07-15 08:55:27
게임/엔터,콘텐츠 수출,"코나벤처파트너스, 넥슨 588억 품었다 …GP 반납 딛고 '재신임'",반납 이력 딛고 재도전 앞서 코나벤처파트너스는 2024년 모태펀드 문화계정 수출·신기술 분야에서 동시에... 콘텐츠 투자 심리가 얼어붙은 상황에서 대형 LP를 영입하는 것 자체가 쉽지 않은 과제였다. 과거 GP 반납... ,https://www.bloter.net/news/articleView.html?idxno=667999,https://n.news.naver.com/mnews/article/293/0000087641?sid=101,"Wed, 15 Jul 2026 07:30:00 +0900",2026-07-15 08:55:27
게임/엔터,콘텐츠 수출,해녀가 배우 되는 식당… 제주에서 만난 특별한 한 끼 [여행카세],일본으로 수출된다는 사실에 안타까움을 느껴 이 공간을 기획하게 됐다”고 설명했다. 뮤지컬 배우들이 서빙을 하는 미국의 햄버거 가게에서 영감을 받아 “공연과 식사의 경계를 넘나드는 콘텐츠를 만들고 싶었다”고... ,https://www.hankookilbo.com/news/article/A2026071415070001701?did=NA,https://n.news.naver.com/mnews/article/469/0000942316?sid=103,"Wed, 15 Jul 2026 07:30:00 +0900",2026-07-15 08:55:27
게임/엔터,콘텐츠 수출,"[K금융 국경을 넘다⑤] 농협금융, 농업금융으로 승부…수익 비중 10% 도...","# 베트남 아그리뱅크와 손잡고 '디지털 농업금융' 수출 농협금융의 가장 큰 차별화 요소는 농업금융이다.... 양사는 영농·금융 통합 플랫폼 구축, 카드 기반 해외송금 서비스, K-콘텐츠 연계 카드상품, 기업금융 협력... ",http://www.newsian.co.kr/news/articleView.html?idxno=92219,http://www.newsian.co.kr/news/articleView.html?idxno=92219,"Wed, 15 Jul 2026 07:28:00 +0900",2026-07-15 08:55:27
게임/엔터,콘텐츠 수출,"[현장] 현대百, 더현대 서울 '뷰티마블'… K뷰티 신흥 브랜드 한자리에",가져주셨다&quot;FK며 &quot;재밌는 콘텐츠를 통해 브랜드를 알릴 수 있어 유익한 기회였다&quot;라​고 소개했다. K뷰티도... 브랜드들과 수출 상담을 진행했다. 이는 백화점의 역할이 판매 공간을 넘어 브랜드 육성 플랫폼으로... ,http://www.economytalk.kr/news/articleView.html?idxno=422728,http://www.economytalk.kr/news/articleView.html?idxno=422728,"Wed, 15 Jul 2026 07:10:00 +0900",2026-07-15 08:55:27
게임/엔터,콘텐츠 수출,"수출 '사상 최대' 농식품, '푸드테크'로 경쟁력 강화","가공식품 외에도 신선식품에서 딸기 6100만달러, 포도 1800만달러, 배 800만달러 등이 지난해 상반기 대비 각각 15.9%, 27.5%, 62.3%의 높은 수출 증가세를 기록했다. 식품업계 관계자는 &quot;K-콘텐츠가 쌓아 올린 우리나라에 관한... ",https://www.fetv.co.kr/news/articleView.html?idxno=306440,https://www.fetv.co.kr/news/articleView.html?idxno=306440,"Wed, 15 Jul 2026 07:00:00 +0900",2026-07-15 08:55:27
게임/엔터,콘텐츠 수출,[바캉스 소비지도]② 워터파크도 편의점에서?…여행객 잡는 K편의점,"아우르는 콘텐츠 경쟁에 나섰다. 소비자가 여행지에서 가장 자주 찾는 채널이라는 강점을 앞세워 ‘여행... 지난해에 이어 올해는 라면과 스낵뿐 아니라 파우치 음료까지 품목을 넓혔으며, 누적 수출 물량은 50만개를... ",https://www.ddaily.co.kr/page/view/2026071309123069071,https://n.news.naver.com/mnews/article/138/0002234215?sid=101,"Wed, 15 Jul 2026 07:00:00 +0900",2026-07-15 08:55:27
게임/엔터,콘텐츠 수출,"'문무(文武) 겸비한 세정 기획통' 박인호 전 강남세무서장, '이도 회계법...","혁신성장기업과 수출 중소기업에 대한 납기 직권 연장, 맞춤형 세무상담, 세무조사 선정 제외 등 실질적인 자금 유동성을 전폭 지원했다. 어려운 법인세법을 쉽게 풀이한 '주제별 가이드북' 발간과 유튜브 숏폼 콘텐츠... ",http://www.fieldnews.kr/news/articleView.html?idxno=29970,http://www.fieldnews.kr/news/articleView.html?idxno=29970,"Wed, 15 Jul 2026 06:02:00 +0900",2026-07-15 08:55:27
게임/엔터,콘텐츠 수출,"인니 디지털 헬스케어, 원격진료 넘어 'AI·데이터'로 퀀텀점프","반면 알로닥터는 방대한 건강정보 콘텐츠를 무기로 탄탄한 이용자층을 선점한 뒤, 이를 바탕으로 진료와... 일차원적인 원격진료 플랫폼을 수출하거나 개별 하드웨어 장비만을 납품하는 방식으로는 거대한 자본과... ",https://www.bosa.co.kr/news/articleView.html?idxno=3008330,https://www.bosa.co.kr/news/articleView.html?idxno=3008330,"Wed, 15 Jul 2026 05:50:00 +0900",2026-07-15 08:55:27
게임/엔터,콘텐츠 수출,"최휘영, K푸드 해외 확산 논의…한식을 문화 콘텐츠로","한류 경험자 78%가 음식 접해, 전문인력 양성·해외 교육기관 협업 제안 문화체육관광부가 K푸드를 식품 수출을 넘어 한국문화를 전달하는 콘텐츠로 확산하기 위한 정책 방향을 논의했다. 최휘영 문화체육관광부 장관은... ",https://www.vegannews.co.kr/news/article.html?no=384047,https://www.vegannews.co.kr/news/article.html?no=384047,"Wed, 15 Jul 2026 04:02:00 +0900",2026-07-15 08:55:27
자동차/모빌리티,자동차 주가,"스터닝밸류 &quot;크린앤사이언스, 이상기후 따른 에어컨·공기청정기 필터 ...",다만 투자의견과 목표주가는 제시하지 않았다. 보고서는 크린앤사이언스의 경쟁력을 '록인(Lock-in) 구조'에서... 발생한다&quot;라며 &quot;여기에 자동차용 필터와 여과지까지 포함하면 전체 매출의 80% 이상이 소모품 사업에서... ,http://www.fnnews.com/news/202607150803017713,https://n.news.naver.com/mnews/article/014/0005548275?sid=101,"Wed, 15 Jul 2026 08:07:00 +0900",2026-07-15 08:55:28
자동차/모빌리티,자동차 주가,"[중국 특징주] AI 연산 밸류체인 대장주 반기 실적 호조, 최고 1368% 폭증",7월 14일 장 마감 후 다수의 AI 연산 밸류체인 대장주가 올해 상반기 실적 전망치를 발표했다. AI 인프라... 회사는 보고기간 동안 실적 증가의 주요 원인으로 소비전자와 자동차 부품 등 기존 핵심 사업의 안정적인... ,https://www.newspim.com/news/view/20260715000062,https://www.newspim.com/news/view/20260715000062,"Wed, 15 Jul 2026 07:46:00 +0900",2026-07-15 08:55:28
자동차/모빌리티,자동차 주가,레버리지 ETF 대거 상장에 SK하이닉스 ADR 27.29% 폭등...삼성전자 레버...,"월가에선 미국 시장의 높은 관심을 반영해 삼성전자와 현대자동차, 한화에어로스페이스의 레버리지 ETF... 회사는 주가 하락에 역으로 투자하는 '인버스 ETF'도 출시했습니다. 월가에선 미국 내 높은 관심을 반영해... ",https://www.ytn.co.kr/_ln/0104_202607150643165236,https://n.news.naver.com/mnews/article/052/0002379619?sid=104,"Wed, 15 Jul 2026 06:43:00 +0900",2026-07-15 08:55:28
자동차/모빌리티,자동차 주가,메트로신문 7월 15일자 한줄뉴스,&lt;산업부&gt; ▲현대자동차가 14일 수소연료전지 기술을 보여주는 대표 모델인 수소전기차(FCEV) '디 올 뉴 넥쏘... &lt;자본시장&gt; ▲주가가 급격히 오르거나 내리는 롤러코스터 장세가 이어지면서 개인 투자자들의 시름이... ,http://www.metroseoul.co.kr/article/20260714500480,http://www.metroseoul.co.kr/article/20260714500480,"Wed, 15 Jul 2026 06:02:00 +0900",2026-07-15 08:55:28
자동차/모빌리티,자동차 주가,"美 물가 쇼크 없었다…뉴욕증시 반등, 연준 7월 관망 무게[월스트리트i...","주거비는 2021년 1월 이후 가장 낮은 월간 상승률을 기록했고 자동차보험료와 의료서비스, 의류, 중고차... 골드만삭스는 시장 예상치를 웃도는 순이익을 발표하면서 주가가 6.9% 급등했다. JP모건체이스와... ",https://www.edaily.co.kr/news/newspath.asp?newsid=01981126645514848,https://n.news.naver.com/mnews/article/018/0006330346?sid=101,"Wed, 15 Jul 2026 05:42:00 +0900",2026-07-15 08:55:28
자동차/모빌리티,자동차 주가,“‘영업익 N% 성과급’ 사실상 고정… 임금경영 악화 땐 월급 반납할 ...,"●노봉법, ‘성과급도 쟁의대상’ 주장 불러 -영업이익의 N% 성과급 문제가 자동차 등 산업계 전반으로 파업... 정교한 개인성과 평가 시스템은 당연히 존재하고, 기업성과는 주로 주가에 연동한다. 성과급도 주로... ",https://www.seoul.co.kr/news/editOpinion/column/inside-story-cgs/2026/07/15/20260715024001?wlog_tag3=naver,https://n.news.naver.com/mnews/article/081/0003661291?sid=102,"Wed, 15 Jul 2026 05:11:00 +0900",2026-07-15 08:55:28
자동차/모빌리티,자동차 주가,삼성전자 흔들리니 삼성금융도 출렁…'한 지붕 네 회사' 전망은,"2분기에는 자동차보험이 흑자로 돌아서고 일반보험 이익도 늘어날 것으로 전망됐다. 다만 삼성전자 주가 변동은 자기자본과 지급여력비율(K-ICS), 향후 배당수익에도 영향을 줄 수 있어 하반기에는 보험손익과 자본... ",https://www.sidae.com/article/2026071415190654974,https://n.news.naver.com/mnews/article/417/0001151649?sid=101,"Wed, 15 Jul 2026 05:00:00 +0900",2026-07-15 08:55:28
자동차/모빌리티,자동차 주가,"[유럽 특징주] ASML, 생산능력 확대와 중국 수출 제한 과제 주목","네덜란드에 본사를 둔 ASML은 인공지능(AI) 붐에 힘입어 올해 주가가 약 70% 급등하면서 시가총액 6100억... 중국은 올해 ASML 매출의 최대 20%를 차지할 것으로 예상되는데, 이는 자동차·산업·전자제품용 반도체... ",https://www.newspim.com/news/view/20260715000016,https://www.newspim.com/news/view/20260715000016,"Wed, 15 Jul 2026 01:22:00 +0900",2026-07-15 08:55:28
자동차/모빌리티,전기차 산업,"뉴욕증시, 인플레 우려 완화에 상승…SK하닉 ADR, 27% 폭등 [글로벌마켓...",뉴욕증권거래소(NYSE)에서 다우존스30산업평균지수는 전 거래일 대비 9.63포인트(0.02%) 오른 5만2508.27에... 전기차 업체 루시드는 경영 정상화를 위해 구조조정 자문사를 선임했다는 소식에 16.2% 급락하며 사상 최저... ,https://www.etoday.co.kr/news/view/2603808,https://www.etoday.co.kr/news/view/2603808,"Wed, 15 Jul 2026 08:14:00 +0900",2026-07-15 08:55:29
자동차/모빌리티,전기차 산업,[E1 저평가 민낯] '차기 LS 회장 후보' 구동휘…E1 신사업 성적 낙제점,구동휘 사장은 코하이젠과 전기차 충전 계열사 엘에스이링크에서 기타비상무이사를 맡으며 신사업... 재계 관계자는 “LS는 E1 주식을 보유하지 않고 오너일가 소유로 운영되는 기업이다”며 “LPG의 경우 과점 산업... ,https://dealsite.co.kr/articles/165189,https://dealsite.co.kr/articles/165189,"Wed, 15 Jul 2026 08:02:00 +0900",2026-07-15 08:55:29
자동차/모빌리티,전기차 산업,"반도체發 성과급 갈등 '확산일로'…학계, 주주총회 결의 의무화 촉구","등 산업계 전반으로 확산하고 있다. 이익 연동형 성과급을 요구하는 노동계의 목소리가 커지면서, 산업... 김 교수는 &quot;글로벌 시장에서는 중국 전기차의 굴기와 도요타 등 경쟁사들의 하이브리드 공세로 대외적 위기감이... ",https://www.youthdaily.co.kr/news/article.html?no=222955,https://www.youthdaily.co.kr/news/article.html?no=222955,"Wed, 15 Jul 2026 08:00:00 +0900",2026-07-15 08:55:29
자동차/모빌리티,전기차 산업,K-블록체인 기술 유럽 진출…사업화 계약·경진대회 수상 성과,"리드포인트시스템은 아랍에미리트(UAE) 배송 플랫폼 기업과 전기차(EV) 배송 서비스 기반 탄소배출권 데이터... 과기정통부는 간담회에서 제기된 산업계 의견을 바탕으로 해외시장 진출, 현지실증, 투자유치, 사업화 등... ",https://www.itbiznews.com/news/articleView.html?idxno=219136,https://www.itbiznews.com/news/articleView.html?idxno=219136,"Wed, 15 Jul 2026 08:00:00 +0900",2026-07-15 08:55:29
자동차/모빌리티,전기차 산업,"뉴욕증시, 반도체 반등ㆍ인플레 둔화에 상승⋯SK하닉 ADR 27%↑ [종합]",뉴욕증권거래소(NYSE)에서 다우존스30산업평균지수는 전 거래일 대비 9.63포인트(0.02%) 오른 5만2508.27에... 전기차 업체 루시드는 경영 정상화를 위해 구조조정 자문사를 선임했다는 소식에 16.2% 급락하며 사상 최저... ,https://www.etoday.co.kr/news/view/2603773,https://www.etoday.co.kr/news/view/2603773,"Wed, 15 Jul 2026 07:26:00 +0900",2026-07-15 08:55:29
자동차/모빌리티,전기차 산업,[더벨][KCC 방산 승부수] 국내 도료업계 첫 KF-21 입성…방산소재로 '영...,"방산 외 반도체와 전기차 등 첨단 산업에서 고기능성 소재 수요가 빠르게 늘고 있기 때문이다. KCC 관계자는 &quot;방산 소재 기술의 중요성은 앞으로 더 커질 것으로 보고 있으며, 전차와 항공기를 넘어 저궤도 위성 등... ",https://www.thebell.co.kr/free/content/ArticleView.asp?key=202607111610067920101754,https://www.thebell.co.kr/free/content/ArticleView.asp?key=202607111610067920101754,"Wed, 15 Jul 2026 07:02:00 +0900",2026-07-15 08:55:29
자동차/모빌리티,전기차 산업,“안방 시장 흔들린다” 수입차 점유율 첫 25% 돌파…일등 공신은 ‘전...,테슬라와 중국 BYD 등 글로벌 전기차 브랜드의 판매량 급증이 수입차 전성시대를 이끌며 국내 자동차 시장의 판도를 뒤흔들고 있다는 분석이 나온다. 14일 한국수입자동차협회(KAIDA)와 한국자동차모빌리티산업협회... ,https://www.sportsseoul.com/news/read/1622150?ref=naver,https://n.news.naver.com/mnews/article/468/0001253701?sid=101,"Wed, 15 Jul 2026 07:01:00 +0900",2026-07-15 08:55:29
자동차/모빌리티,전기차 산업,펄펄 끓는 지구촌: 견종호 기후변화대사 &quot;위기가 기회&quot;,"폭염은 더 이상 계절성 기상이변이 아니라 국가 재난이자 에너지와 산업, 경제를 흔드는 새로운 리스크로... 우리가 가야 할 방향은 전기사회와 재생에너지 확대입니다.&quot; 그는 정부가 제시한 2030년 전기차 420만 대... ",https://www.ajunews.com/view/20260713232010423,https://www.ajunews.com/view/20260713232010423,"Wed, 15 Jul 2026 07:00:00 +0900",2026-07-15 08:55:29
자동차/모빌리티,전기차 산업,[전문인칼럼] 대전형 에너지 전략은,"AI 산업의 급성장으로 전력은 국가와 지역의 미래 경쟁력을 결정하는 핵심 인프라가 됐다. AI 데이터센터와... 재생에너지와 ESS, 데이터센터, 전기차, 분산에너지를 안정적으로 통합 운영할 수 있는 전력반도체기반... ",https://www.daejonilbo.com/news/articleView.html?idxno=2288048,https://n.news.naver.com/mnews/article/656/0000181547?sid=110,"Wed, 15 Jul 2026 07:00:00 +0900",2026-07-15 08:55:29
자동차/모빌리티,전기차 산업,빌 포드 회장 &quot;中 전기차 공습 대비해야…정면 승부 불가피&quot;,가격 경쟁력과 빠른 제품 출시 속도를 앞세운 중국 전기차 제조업체들이 전 세계 시장 점유율을 빠르게 잠식하면서 미국 자동차산업이 중대한 전환점을 맞이했다. 월스트리트저널(WSJ)이 7월 14일(현지시각) 보도한... ,https://www.g-enews.com/view.php?ud=2026071506560425442bd56fbc3c_1,https://www.g-enews.com/view.php?ud=2026071506560425442bd56fbc3c_1,"Wed, 15 Jul 2026 07:00:00 +0900",2026-07-15 08:55:29
자동차/모빌리티,모빌리티 시장,"에이치시티, 인도네시아 정부 ICT 국제 컨퍼런스서 시험인증 협력 강화","글로벌 시장 진출을 적극 지원하겠다”고 말했다. 에이치시티는 ICT를 비롯해 모빌리티, 방산, 우주항공, 원전, 의료기기, 사이버보안, AI 등 다양한 산업 분야에서 시험인증과 교정 서비스를 제공하고 있으며... ",https://www.etnews.com/20260715000033,https://n.news.naver.com/mnews/article/030/0003447844?sid=102,"Wed, 15 Jul 2026 08:43:00 +0900",2026-07-15 08:55:29
자동차/모빌리티,모빌리티 시장,"[더벨][thebell interview] &quot;티앤이코리아 소형터보 글로벌 안착, IPO로 증...",&quot;수소 발전과 모빌리티 분야는 결국 에너지 효율 싸움입니다. 소형 터보 기술력이 주목받는 이유죠. 티앤이코리아는 글로벌 부품사들이 주축이 된 시장에서 당당히 한국 대표로서 어깨를 나란히 하고 있습니다.&quot; 충북... ,https://www.thebell.co.kr/free/content/ArticleView.asp?key=202607101214532280102561,https://www.thebell.co.kr/free/content/ArticleView.asp?key=202607101214532280102561,"Wed, 15 Jul 2026 08:42:00 +0900",2026-07-15 08:55:29
자동차/모빌리티,모빌리티 시장,"렌터카 1위 롯데렌탈, TPG 새 주인 되나",그러나 어피니티가 이미 국내 렌터카 시장 2위 SK렌터카를 보유한 상황에서 1위 롯데렌탈까지 인수하려... TPG가 카카오모빌리티의 2대 주주라는 점도 인수 배경으로 거론된다. 대신증권은 TPG가 롯데렌탈을 인수할 경우... ,https://www.sentv.co.kr/article/view/sentv202607150008,https://www.sentv.co.kr/article/view/sentv202607150008,"Wed, 15 Jul 2026 08:34:00 +0900",2026-07-15 08:55:29
자동차/모빌리티,모빌리티 시장,엄승용 보령시장 공약 이행 '시동',충남 보령시가 민선9기 엄승용 시장 핵심 공약의 실행력을 높이기 위한 추진계획 점검에 나섰다. 시는 지난... 민선9기 공약은 ▲활력도시 ▲경제도시 ▲에너지·웰니스·모빌리티 혁신도시 ▲글로벌 문화·관광 융합도시... ,https://www.goodmorningcc.com/news/articleView.html?idxno=448996,https://www.goodmorningcc.com/news/articleView.html?idxno=448996,"Wed, 15 Jul 2026 08:34:00 +0900",2026-07-15 08:55:29
자동차/모빌리티,모빌리티 시장,"경북·대구·경북대, 첨단산업 인재 양성 맞손","경북도는 경북대학교에서 지난 14일 이철우 경북도지사와 추경호 대구시장, 허영우 경북대 총장이 참석한... 특히 인공지능을 중심으로 반도체와 로봇, 이차전지, 미래 모빌리티, 바이오 산업 등 대경권 전략산업 전반에서... ",https://www.onews.tv/news/articleView.html?idxno=283068,https://www.onews.tv/news/articleView.html?idxno=283068,"Wed, 15 Jul 2026 08:28:00 +0900",2026-07-15 08:55:29
자동차/모빌리티,모빌리티 시장,"에이치시티, 인니 '국제 ICT 시험인증 콘퍼런스' 출격…현지 공략 강화","한편 에이치시티는 국내 대표 시험인증·교정 전문기업으로 ICT를 비롯해 모빌리티, 방산, 우주항공, 원전... 협력을 이어가며 국제 시험인증 체계 발전과 국내 기업들의 글로벌 시장 진출을 적극 지원하겠다&quot;고 말했다.",https://www.m-i.kr/news/articleView.html?idxno=1391596,https://www.m-i.kr/news/articleView.html?idxno=1391596,"Wed, 15 Jul 2026 08:10:00 +0900",2026-07-15 08:55:29
자동차/모빌리티,모빌리티 시장,[신간]“팔려고 하지 않을 때 더 잘 팔린다”…브랜드 마케팅 기술 100,만들고 시장 반응을 빠르게 시험해야 한다는 것이다. 책은 ▲매출을 높이는 수익구조 ▲작은 조직의 AI... 공동 저자인 김경락 페이스메이커스 대표는 AI·정보통신기술(ICT)·모빌리티·바이오 분야 스타트업을 발굴하고... ,https://www.edaily.co.kr/news/newspath.asp?newsid=02696166645514848,https://n.news.naver.com/mnews/article/018/0006330415?sid=101,"Wed, 15 Jul 2026 08:02:00 +0900",2026-07-15 08:55:29
자동차/모빌리티,모빌리티 시장,[전국 주요 신문 사설](15일 조간),"5배 ▲ 서울신문 = 서울 집값을 서울시장 입 막아서 어떻게 잡을 수 있나 연금저축 해지 63% 급증… 주식에... e모빌리티엑스포 쇄신 급하다 ▲ 파이낸셜뉴스 = 하반기 경제전략 발표, 신산업 키워 고용 증대를 초격차... ",https://www.yna.co.kr/view/AKR20260715018800011?input=1195m,https://n.news.naver.com/mnews/article/001/0016194897?sid=110,"Wed, 15 Jul 2026 08:00:00 +0900",2026-07-15 08:55:29
자동차/모빌리티,모빌리티 시장,"[더벨][Board Change] 케이카, 이사회 재편으로 KGM 시너지 효과 기대",시장에서는 케이카 신규 이사회에 인수 주체인 KG스틸과 캑터스PE 측 인사뿐 아니라 그룹 핵심 계열사 중 하나인 KG모빌리티(KGM) 임원이 합류한 점에 주목하고 있다. 단순히 중고차 유통회사를 확보하는 데 그치지 않고... ,https://www.thebell.co.kr/free/content/ArticleView.asp?key=202607100756048560104090,https://www.thebell.co.kr/free/content/ArticleView.asp?key=202607100756048560104090,"Wed, 15 Jul 2026 07:58:00 +0900",2026-07-15 08:55:29
자동차/모빌리티,모빌리티 시장,[오늘의 주요일정] 정치·경제·금융·법조 15일(수),"대구시장 7차 공판(서울중앙지법 형사34부·408호) 10:00 '1억 공천헌금 의혹' 강선우 무소속 의원·김경 전... IMS모빌리티 대표 외 4명 항소심 1차 공판(서울고법 형사6-3부·302호) 대통령업무보고,비상경제점검회의... ",https://www.newscj.com/news/articleView.html?idxno=3417104,https://www.newscj.com/news/articleView.html?idxno=3417104,"Wed, 15 Jul 2026 07:56:00 +0900",2026-07-15 08:55:29
자동차/모빌리티,모빌리티 시장,"하반기 출격 앞둔 쿠팡 로켓페이, 경쟁력 확보 관건은?","쿠팡은 렌터카와 항공, 숙박, 모빌리티 사업자를 중심으로 로켓페이 사용처를 확보한 뒤 다른 업종으로... 초기 시장 안착에 긍정적으로 작용할 것으로 기대된다. 반면 실제 경쟁력을 결정할 변수는 가맹점 수와 소비자... ",https://www.autodaily.co.kr/news/articleView.html?idxno=545761,https://www.autodaily.co.kr/news/articleView.html?idxno=545761,"Wed, 15 Jul 2026 07:50:00 +0900",2026-07-15 08:55:29
자동차/모빌리티,모빌리티 시장,[ETF 리그테이블] [2026년 상반기] 퇴출 ETF 순위 1등은 키움…한투밸류...,"이유로 시장에서 퇴출됐다. 가장 많은 상품이 상폐된 곳은 키움운용이다. 지난 3월 'KIWOOM 글로벌퓨처모빌리티', 'KIWOOM 미국ETF산업STOXX', 'KIWOOM 차이나A50커넥트MSCI', 'KIWOOM Fn유전자혁신기술' 등 4개 ETF가 모두... ",https://dealsite.co.kr/articles/164941,https://dealsite.co.kr/articles/164941,"Wed, 15 Jul 2026 07:46:00 +0900",2026-07-15 08:55:29
친환경/신재생,신재생에너지 주가,자원 기업 도약 선언한 포스코의 리튬 도전사,최근 포스코 지주사인 포스코홀딩스 주가가 주목받고 있다. 주력 산업인 철강이 세계적으로 부진한... (LNG·신재생에너지)을 아우르는 '트리플 코어' 체제 구축을 골자로 한 새 미래 성장 전략을 발표했다. 이번 발표에서... ,http://weekly.chosun.com/news/articleView.html?idxno=53351,https://n.news.naver.com/mnews/article/053/0000059934?sid=101,"Wed, 15 Jul 2026 04:00:00 +0900",2026-07-15 08:55:30
친환경/신재생,신재생에너지 주가,[이슈분석] 사면초가에 빠진 삼성전자의 호남 반도체 400조 투자,"&quot;주주가 호구냐&quot;… 주가 폭락 속 쏟아지는 주주들의 분통과 반발 설상가상으로 삼성전자의 소액주주들 역시... 정부는 호남권의 풍부한 신재생에너지와 지역별 전기요금제 혜택을 인센티브로 내세웠지만, 반도체 공장이... ",https://www.businesskorea.co.kr/news/articleView.html?idxno=273038,https://www.businesskorea.co.kr/news/articleView.html?idxno=273038,"Tue, 14 Jul 2026 19:08:00 +0900",2026-07-15 08:55:30
친환경/신재생,신재생에너지 주가,"&quot;물 들어올 때 젓는다&quot;…대원전선, AI 전력 대란 속 초고압선 수주 잭팟","글로벌 전력기기 공급 부족과 수출 확대 기대가 주가를 견인하는 모습이다. 일진전기, 서전기전... AI 데이터센터와 반도체 공장 증설, 전기차 보급 확대, 신재생에너지 확산으로 전력 소비가 빠르게 증가하면서 송전망과... ",https://www.pinpointnews.co.kr/news/articleView.html?idxno=468323,https://www.pinpointnews.co.kr/news/articleView.html?idxno=468323,"Tue, 14 Jul 2026 14:18:00 +0900",2026-07-15 08:55:30
친환경/신재생,신재생에너지 주가,전기차· AI 성장 기대 유효… 전력반도체주는 조정 국면,"차세대 반도체 경쟁력과 AI 반도체 수요 확대 기대가 주가를 지지하고 있다. 테스는 0.48% 오른 18만7300원에... 투자 측면에서는 전력반도체 산업이 전기차, AI 데이터센터, 산업용 전력장치, 신재생에너지 확대의 핵심... ",https://www.pinpointnews.co.kr/news/articleView.html?idxno=468299,https://www.pinpointnews.co.kr/news/articleView.html?idxno=468299,"Tue, 14 Jul 2026 12:58:00 +0900",2026-07-15 08:55:30
친환경/신재생,신재생에너지 주가,"[포스코, 리튬에 건다/中]양·음극재부터 희토류까지…비중국 공급망 구...","(전략자원)·LNG와 신재생에너지(에너지자원)를 아우르는 '트리플 코어' 체제를 공개했다. 철강에서의... 이어 &quot;단기적으로는 지분 유동화와 리튬 가격, 수주 여부에 따라 주가 변동성이 있을 수 있지만 중장기 투자... ",https://www.businessplus.kr/news/articleView.html?idxno=114114,https://www.businessplus.kr/news/articleView.html?idxno=114114,"Tue, 14 Jul 2026 11:52:00 +0900",2026-07-15 08:55:30
친환경/신재생,신재생에너지 주가,[상장사 생존의 갈림길] 시총보다 큰 메자닌 폭탄…제이케이시냅스 '관...,관리종목 지정 가능성을 낮추고 투자심리를 되살리기 위해서는 단기간 내 주가 반등의 계기를 마련해야... 제이케이시냅스는 올해 초 임시주주총회를 통해 방사성폐기물과 신재생에너지 관련 사업을 정관상... ,https://dealsite.co.kr/articles/165162,https://dealsite.co.kr/articles/165162,"Tue, 14 Jul 2026 09:02:00 +0900",2026-07-15 08:55:30
친환경/신재생,신재생에너지 주가,중동 전쟁 재점화 우려에도…에너지·해운株 살아남았다 [종목+],"중동지역 지정학적 리스크 고조로 인한 석유수급 불안에서 벗어나기 위한 신재생에너지 확대 기대가 관련 종목의 주가를 밀어 올린 점도 주목된다. 이날 SK이터닉스는 12.14%, HD현대에너지솔루션은 5.26%, OCI홀딩스는 3.39... ",https://www.hankyung.com/article/2026071320136,https://n.news.naver.com/mnews/article/015/0005309584?sid=101,"Tue, 14 Jul 2026 06:31:00 +0900",2026-07-15 08:55:30
친환경/신재생,신재생에너지 주가,"[특징주] 코오롱글로벌, 용인 반도체 산단 용수공사·성남 태평3구역 재...","주택, 토목, SOC, 환경, 신재생에너지로 이어지는 건설 포트폴리오를 넓히는 흐름이라는 해석도 나온다.... 다만 주가는 개별 수주 모멘텀보다 시장 급락 영향이 더 크게 작용했다. 코오롱글로벌은 유가증권시장에서 전... ",https://www.tokenpost.kr/news/economy/377219,https://www.tokenpost.kr/news/economy/377219,"Mon, 13 Jul 2026 19:46:00 +0900",2026-07-15 08:55:30
친환경/신재생,신재생에너지 주가,안으로 깊어지는 도시 '서울' [한경 프리미엄9 TODAY],반도체는 재평가될 수 있는가 기록적인 실적을 내는데 주가 움직임은 도대체 왜 이럴까. 투자자 중에는 요즘... 3100억 ‘잭팟’…효성重 수주 행진 효성중공업이 글로벌 신재생에너지 전력망 구축 프로젝트의 핵심... ,https://www.hankyung.com/article/2026071325571,https://n.news.naver.com/mnews/article/015/0005309473?sid=101,"Mon, 13 Jul 2026 18:11:00 +0900",2026-07-15 08:55:30
친환경/신재생,신재생에너지 주가,[기자수첩] SK이터닉스 주총 전에 SK그룹-KKR이 해야 할 일,SK이터닉스의 주가와 KKR의 엑시트 가격을 정하는 핵심 요소로 작용할 공산이 크다. 이미 자본시장은 SK그룹과 KKR이 만드는 대형 신재생에너지 플랫폼인 이클립스의 성장 계획을 시세에 빠르게 반영하고 있다.... ,http://www.newsdream.kr/news/articleView.html?idxno=114364,http://www.newsdream.kr/news/articleView.html?idxno=114364,"Mon, 13 Jul 2026 15:50:00 +0900",2026-07-15 08:55:30
친환경/신재생,신재생에너지 주가,"[포스코, 리튬에 건다/上]흑자 전환·RIGI 승인…수익 가시화 단계 진입","(전략자원)·LNG와 신재생에너지(에너지자원)를 아우르는 '트리플 코어' 체제를 공개했다. 철강에서의... 성장, 에너지 안정성, 주주환원의 결합으로 주가 재평가가 가능할 것&quot;이라고 분석했다. 신한투자증권은... ",https://www.businessplus.kr/news/articleView.html?idxno=114064,https://www.businessplus.kr/news/articleView.html?idxno=114064,"Mon, 13 Jul 2026 15:24:00 +0900",2026-07-15 08:55:30
친환경/신재생,신재생에너지 주가,태양광주 혼조…전력 수요 확대 기대 속 실적주 중심 매수세,코오롱글로벌은 신재생에너지 사업 확대 기대감이 있지만 건설 경기와 사업 진행 상황이 주가 변수다. 도화엔지니어링은 발전 및 인프라 설계 역량이 장점으로 평가된다. 수산인더스트리는 발전 설비 관련 기술력을... ,https://www.pinpointnews.co.kr/news/articleView.html?idxno=468002,https://www.pinpointnews.co.kr/news/articleView.html?idxno=468002,"Mon, 13 Jul 2026 15:16:00 +0900",2026-07-15 08:55:30
친환경/신재생,신재생에너지 주가,[더밸류 브리핑] 오늘의 신한금융 소식...신한투자증권·신한자산운용,"상품군은 펀드, 채권, ELS(주가연계증권) 등 3가지로 구성됐다. 펀드 상품군은 온라인 전용 클래스(Ae)의 선취... 태양광과 ESS 등 신재생에너지 분야 투자 경험을 바탕으로 후속 배전선로 사업과 신규 펀드 결성 등으로... ",http://www.thevaluenews.co.kr/news/view.php?idx=200023,http://www.thevaluenews.co.kr/news/view.php?idx=200023,"Mon, 13 Jul 2026 09:10:00 +0900",2026-07-15 08:55:30
친환경/신재생,신재생에너지 주가,"[더벨]삼천리운용, 대명에너지 정리…신재생 1호 펀드 청산 가시화",상장 이후 신재생에너지 업종 투자심리가 꺾이고 대명에너지 주가가 기대만큼 회복되지 못하면서 원금 회수에는 도달하지 못한 것으로 풀이된다. 결과적으로 투자원금 대비 손실을 봤지만 블라인드펀드의 주요... ,https://www.thebell.co.kr/free/content/ArticleView.asp?key=202607091102492480109413,https://www.thebell.co.kr/free/content/ArticleView.asp?key=202607091102492480109413,"Mon, 13 Jul 2026 08:18:00 +0900",2026-07-15 08:55:30
친환경/신재생,신재생에너지 주가,[건축명가 리포트] [도화엔지니어링] PBR 1배 미만…저평가 극복 '숙제',주가순자산비율(PBR)이 1배를 밑도는 저평가가 이어지고 있어서다. 신사업 확대 과정에서 흔들린 수익성과... 신재생에너지와 해외 자회사 등 신사업 손실이 본업 이익을 상쇄하면서 적자로 돌아섰다. 엔지니어링... ,https://dealsite.co.kr/articles/164920,https://dealsite.co.kr/articles/164920,"Mon, 13 Jul 2026 07:12:00 +0900",2026-07-15 08:55:30
친환경/신재생,신재생에너지 주가,"가온전선, AI 데이터센터 전력망 수혜 기대…주가 변동성 속 성장성 부...",향후 주가 흐름에도 시선이 쏠리고 있다. 가온전선은 254500원으로 22000원이 올랐다. 9.46% 상승한 것이다. 이후... 여기에 태양광과 풍력 등 신재생에너지 발전시설을 기존 전력망과 연결하기 위한 송전망 투자가 확대되면서... ,https://www.cbci.co.kr/news/articleView.html?idxno=588566,https://www.cbci.co.kr/news/articleView.html?idxno=588566,"Sun, 12 Jul 2026 16:26:00 +0900",2026-07-15 08:55:30
친환경/신재생,신재생에너지 주가,"한화솔루션, 1.4조 유상증자 성공하나…“북미 태양광 이어 ‘우주 태양...","실제, SKC의 경우 주가 상승으로 총액이 늘어나 당초 계획보다 1600억원 많은 1조1671억원을 조달한 바 있다.... 특히 태양광 사업을 영위하는 신재생에너지 부문은 미국 태양광 EPC 매출이 실적에 반영되고, 대형 개발자산... ",https://www.ceoscoredaily.com/page/view/2026070915275370054,https://www.ceoscoredaily.com/page/view/2026070915275370054,"Sun, 12 Jul 2026 07:00:00 +0900",2026-07-15 08:55:30
친환경/신재생,신재생에너지 주가,"[베스트&amp;워스트] '애국 테마' 한성기업, 100% 폭등…이월드, 동전주 상폐...",공시하면서 신재생에너지 인프라 구축 호재가 강력한 수급 도화선이 됐다. 마스턴프리미어리츠는 시작일 기준가 533원에서 종료일 종가 773원으로 한 주간 45.03% 상승했다. 금리 인하 기조에 따른 리츠 자산 유동화... ,https://www.etoday.co.kr/news/view/2602603,https://www.etoday.co.kr/news/view/2602603,"Sat, 11 Jul 2026 06:02:00 +0900",2026-07-15 08:55:30
친환경/신재생,신재생에너지 주가,&quot;정권 명운(命運)을 걸다!&quot; 이재명 정부 3大 메가프로젝트(Mega Project) 대...,이 대통령은 근대화 이후 호남이 장기간 개발에서 소외되면서 역설적으로 풍부한 용수와 신재생에너지... 여야 사정에 정통한 한 정치평론가는 &quot;정부의 3대 메가프로젝트 발표 이후 삼성전자와 SK하이닉스의 주가는 연일... ,https://www.ilyoseoul.co.kr/news/articleView.html?idxno=519699,https://www.ilyoseoul.co.kr/news/articleView.html?idxno=519699,"Fri, 10 Jul 2026 17:48:00 +0900",2026-07-15 08:55:30
친환경/신재생,신재생에너지 주가,"[특징주] 대원전선, &quot;서남권 반도체 클러스터 2030년 가동 목표&quot;에 전력...","대원전선(006340)의 주가가 급등하며 시장의 주목을 받았다. 10일 한국거래소에 따르면 대원전선의 주가는... 곳&quot;이라며 &quot;신재생에너지와 영광 원전, 향후 추가 원전 건설까지 고려하면 필요한 전력은 충분히 공급... ",https://www.widedaily.com/news/articleView.html?idxno=297417,https://www.widedaily.com/news/articleView.html?idxno=297417,"Fri, 10 Jul 2026 17:22:00 +0900",2026-07-15 08:55:30
친환경/신재생,태양광 산업,"한화솔루션·한화시스템, 위성용 태양전지 공동개발···우주 전력시장...",지상 태양광 시장에서 축적한 고효율 태양전지 기술 및 양산 경험을 결합해 차세대 우주용 전력 솔루션을 확보하기 위해 추진됐다. 저궤도 군집위성과 AI·데이터 서비스 중심으로 우주산업이 확대되면서 위성의 성능과... ,http://www.enewstoday.co.kr/news/articleView.html?idxno=2448907,http://www.enewstoday.co.kr/news/articleView.html?idxno=2448907,"Wed, 15 Jul 2026 08:49:00 +0900",2026-07-15 08:55:31
친환경/신재생,태양광 산업,"한화, ‘우주 태양광’ 정조준…한화솔루션·시스템 300억 투입해 개발",이번 협업은 지상 태양광 시장에서 검증된 한화큐셀의 고효율 태양전지 기술과 양산 역량을 우주 산업으로 확장하는 중요한 분기점이다. 최근 글로벌 우주산업이 저궤도 군집 위성과 AI·데이터 서비스 중심으로... ,https://magazine.hankyung.com/business/article/202607155851b,https://n.news.naver.com/mnews/article/050/0000108558?sid=101,"Wed, 15 Jul 2026 08:49:00 +0900",2026-07-15 08:55:31
친환경/신재생,태양광 산업,"한화큐셀, 한화시스템과 손잡고 위성용 태양광 기술 개발 나선다","이번 협업은 한화시스템의 우주 사업 역량과 한화큐셀의 태양광 기술·양산 역량을 결합하는 데 초점이 맞춰졌다. 글로벌 우주산업이 저궤도 군집위성과 AI·데이터 서비스 중심으로 재편되면서, 위성의 임무 지속성을... ",https://www.pinpointnews.co.kr/news/articleView.html?idxno=468499,https://www.pinpointnews.co.kr/news/articleView.html?idxno=468499,"Wed, 15 Jul 2026 08:48:00 +0900",2026-07-15 08:55:31
친환경/신재생,태양광 산업,한화큐셀 '우주태양광 이노베이션 워크숍 2026' 개최...한화시스템과 위...,"우주태양광 기술 세미나와 차세대 태양광 기술 참관 프로그램이 열리며 참가자들은 우주태양광 산업과 관련한 정책, 연구, 제조, 사업화 등 핵심 이슈들을 함께 논의하고 우주에너지 생태계 구축을 위한 비전을... ",http://www.wsobi.com/news/articleView.html?idxno=315249,http://www.wsobi.com/news/articleView.html?idxno=315249,"Wed, 15 Jul 2026 08:42:00 +0900",2026-07-15 08:55:31
친환경/신재생,태양광 산업,"한화솔루션, 한화시스템과 위성용 태양전지 개발..우주 사업 본격화",이번 협업은 한화시스템의 우주 역량에 더해 한화솔루션이 지상 태양광 시장에서 축적해온 고효율 태양전지 기술과 양산 역량을 우주 영역으로 확장하는 첫 행보다. 글로벌 우주산업이 저궤도 군집 위성과 인공지능(AI)... ,https://www.mt.co.kr/industry/2026/07/15/2026071508174772999,https://n.news.naver.com/mnews/article/008/0005386185?sid=101,"Wed, 15 Jul 2026 08:37:00 +0900",2026-07-15 08:55:31
친환경/신재생,태양광 산업,"한화솔루션, 한화시스템과 위성용 태양전지 개발 계약 체결",'우주태양광 이노베이션 워크숍 2026' 중 다니엘 머펠드 한화큐셀 최고기술책임자(CTO)가 발언하고 있다. 사진... 우주 산업으로 확장하는 중요한 출발점&quot;이라며 &quot;위성용 전력 솔루션의 성능과 신뢰성을 높이고... ,https://weekly.hankooki.com/news/articleView.html?idxno=7174316,https://weekly.hankooki.com/news/articleView.html?idxno=7174316,"Wed, 15 Jul 2026 08:36:00 +0900",2026-07-15 08:55:31
친환경/신재생,태양광 산업,"한화솔루션, 태양광 기술 우주로…한화시스템과 위성 전력 솔루션 개발",지상 태양광 시장에서 축적한 기술력을 우주 산업으로 확장하며 차세대 위성 전력 솔루션 시장 공략에 속도를 낸다는 전략이다. 한화솔루션은 한화시스템과 위성용 고효율 태양광 셀 및 패널 기술 개발을 위한 계약을... ,https://view.asiae.co.kr/article/2026071508332118784,https://n.news.naver.com/mnews/article/277/0005790081?sid=101,"Wed, 15 Jul 2026 08:33:00 +0900",2026-07-15 08:55:31
친환경/신재생,태양광 산업,"한화솔루션·한화시스템, 300억원 투입해 위성용 탠덤 태양전지 개발",고효율 태양광 셀·패널 개발에 나선다. 한화솔루션은 한화시스템과 위성용 고효율 태양광 셀 및 패널 기술... 우주산업으로 확장하는 중요한 출발점&quot;이라며 &quot;위성용 전력 솔루션의 성능과 신뢰성을 높이고 장기적으로... ,https://www.joongangenews.com/news/articleView.html?idxno=532970,https://www.joongangenews.com/news/articleView.html?idxno=532970,"Wed, 15 Jul 2026 08:32:00 +0900",2026-07-15 08:55:31
친환경/신재생,태양광 산업,"“기반 시설 구축·운영”…서부발전, 대전 산단 에너지 자급자족 사업...",사업 기획부터 구축·운영까지 전 과정을 총괄하고 태양광 발전설비와 인공지능 기반 에너지 관리 플랫폼을 통합 운영한다. 또 사업 준공 이후에는 약 20년간 운영·유지관리를 담당해 산업단지 입주기업이 안정적으로... ,https://www.mk.co.kr/article/12098858,https://n.news.naver.com/mnews/article/009/0005707609?sid=101,"Wed, 15 Jul 2026 08:26:00 +0900",2026-07-15 08:55:31
친환경/신재생,태양광 산업,"한화솔루션, 한화시스템과 위성용 태양전지 개발…우주 전력사업 본격화",이번 협업은 지상 태양광 시장에서 축적한 고효율 태양전지 기술과 양산 역량을 우주 분야로 확대하는 첫 사례다. 양사는 글로벌 우주산업이 저궤도 군집위성과 인공지능(AI)·데이터 서비스 중심으로 재편되는 가운데... ,https://www.edaily.co.kr/news/newspath.asp?newsid=02771606645514848,https://n.news.naver.com/mnews/article/018/0006330436?sid=101,"Wed, 15 Jul 2026 08:20:00 +0900",2026-07-15 08:55:31
친환경/신재생,태양광 산업,"한화솔루션·한화시스템, 우주 태양광 동맹..300억 원 투입해 탠덤 셀 개...",com [한국정경신문=정아람 기자] 한화솔루션 큐셀부문이 한화시스템과 위성용 고효율 태양광 셀 및 패널... 박승덕 한화솔루션 큐셀부문 대표는 “이번 협업은 축적해온 고효율 태양전지 기술을 우주 산업으로 확장하는... ,https://kpenews.com/View.aspx?No=4149541,https://kpenews.com/View.aspx?No=4149541,"Wed, 15 Jul 2026 08:16:00 +0900",2026-07-15 08:55:31
친환경/신재생,태양광 산업,"한화솔루션, 한화시스템과 위성용 태양전지 개발…우주 사업 본격화",이번 협업은 한화시스템의 우주 역량에 더해 한화솔루션이 지상 태양광 시장에서 축적해온 고효율 태양전지 기술과 양산 역량을 우주 영역으로 확장하는 첫 행보다. 글로벌 우주산업이 저궤도 군집 위성과 인공지능... ,https://www.ajunews.com/view/20260715080823355,https://www.ajunews.com/view/20260715080823355,"Wed, 15 Jul 2026 08:16:00 +0900",2026-07-15 08:55:31
친환경/신재생,태양광 산업,[기고] '에너지 대전환'...고흥군 도전,"담대한 도전은 450만평 국가간척지를 활용한 국내 최대 규모 '1GW 영농형 태양광 개발 기본계획' 수립으로 첫발을 내디뎠다. 여기에서 생산된 전기는 우주발사체 국가산업단지와 스마트팜 혁신밸리, 드론 영농농공단지... ",https://www.etoday.co.kr/news/view/2603809,https://www.etoday.co.kr/news/view/2603809,"Wed, 15 Jul 2026 08:16:00 +0900",2026-07-15 08:55:31
친환경/신재생,태양광 산업,"“보유세 강화 찬성은 1번, 반대는 2번”, 국무회의 생방송 댓글 여론조...","반도체 산업 취업 유발 계수는 2.4명, K자형 양극화 본격화... 내년 최저임금 1만700원. (14분)하이닉스 ADS 27.3... 호남은 변전소가 포화 상태라 태양광을 새로 연결하지 못하고, 송전망이 없어 재생 건설 허가 자체가 나지... ",https://slownews.kr/163233,https://slownews.kr/163233,"Wed, 15 Jul 2026 07:40:00 +0900",2026-07-15 08:55:31
친환경/신재생,태양광 산업,"원유 불안, 제품은 부족…정유·화학 셈법 갈리나","호르무즈 긴장이 장기화하면 해상 운임과 보험료가 오르고 국내 산업 전반 에너지 비용 부담도 커질 수... 태양광 분야의 경우 중국 폴리실리콘, 웨이퍼, 셀, 모듈 가격은 하락세를 이어갔다. 다만 비(非)중국 폴리실리콘... ",http://www.hansbiz.co.kr/news/articleView.html?idxno=850120,http://www.hansbiz.co.kr/news/articleView.html?idxno=850120,"Wed, 15 Jul 2026 07:30:00 +0900",2026-07-15 08:55:31
친환경/신재생,태양광 산업,"AI 전력 넘어 우주까지…한화솔루션, 유증 60% 미래 투자",탠덤 셀은 기존 실리콘 태양전지보다 발전효율이 높고 무게를 줄일 수 있어 발사 비용 절감이 중요한 우주 산업에 적합한 기술로 꼽힌다. 한화큐셀은 판교 연구개발센터에 '우주태양광센터'를 신설하고 우주 방사선과... ,https://www.newsway.co.kr/news/view?ud=2026071414202412367,https://www.newsway.co.kr/news/view?ud=2026071414202412367,"Wed, 15 Jul 2026 07:20:00 +0900",2026-07-15 08:55:31
친환경/신재생,태양광 산업,"[더벨][Company Watch] 호반산업-대한전선, 에너지 인프라 '시너지' 노린...",아직 대한전선이 태양광 사업에서 호반산업과 직접 협업한 사례는 없다. 다만 그룹은 대한전선의 전력망 기술력과 호반산업의 발전사업 공정 수행 경험을 바탕으로 풍력뿐 아니라 태양광 등 에너지 인프라 전반에서... ,https://www.thebell.co.kr/free/content/ArticleView.asp?key=202607131625380400108816,https://www.thebell.co.kr/free/content/ArticleView.asp?key=202607131625380400108816,"Wed, 15 Jul 2026 07:02:00 +0900",2026-07-15 08:55:31
친환경/신재생,풍력 시장,"[더벨][Company Watch] 다스코, 신재생에너지 사업 다각화 속도 붙었다","입증한 성과&quot;라며 &quot;전력인프라 기반의 재생에너지 전문기업으로서 발전사업(육상·수상·풍력·연료전지) 개발 및 설계, EPC, 기자재를 섭렵하고 유지보수(O&amp;M) 시장까지 사업포트폴리오를 완성해 가고 있다&quot;고 말했다.",https://www.thebell.co.kr/free/content/ArticleView.asp?key=202607130924405040107253,https://www.thebell.co.kr/free/content/ArticleView.asp?key=202607130924405040107253,"Wed, 15 Jul 2026 07:02:00 +0900",2026-07-15 08:55:31
친환경/신재생,풍력 시장,[더벨][태상 IPO] 3개 주관사 경쟁 끝 NH증권 낙점…상장 채비,"풍력발전과 조선·선박엔진, 플랜트·발전설비용 대형 단조품을 주력으로 생산하는 단조 전문기업이다.... 태상은 지난해 10월 한국항공우주산업(KAI), 한국재료연구원(KIMS)과 민항기 단조 소재 시장 참여 및 기술... ",https://www.thebell.co.kr/free/content/ArticleView.asp?key=202607131118598120105996,https://www.thebell.co.kr/free/content/ArticleView.asp?key=202607131118598120105996,"Wed, 15 Jul 2026 07:02:00 +0900",2026-07-15 08:55:31
친환경/신재생,풍력 시장,[DCM] 차환에 쏠린 회사채 시장… 투자 발행은 SK·삼성뿐 [26 상반기 리...,"회사채 시장에서는 SK와 삼성 일부 계열사를 제외하면 투자 목적의 대규모 발행 사례를 찾아보기... 이 밖에 삼양식품은 생산설비 확충을 위해 1300억 원을, 세아제강지주는 영국 해상풍력 하부구조물 계열사... ",https://www.fntimes.com/html/view.php?ud=202607141049115070141825007d_18,https://www.fntimes.com/html/view.php?ud=202607141049115070141825007d_18,"Wed, 15 Jul 2026 06:02:00 +0900",2026-07-15 08:55:31
친환경/신재생,풍력 시장,“창원 AI산단으로 일자리 10만개 만들 것”,"해상풍력단지를 단계적으로 추진할 계획이다. 장기 표류 사업에 대해서는 원인 진단과 정상화 방안을 병행할 방침이다. 강 시장은 “창원문화복합타운(창원SM타운), 액화수소플랜트, 마산해양신도시 등은 막대한 재정... ",https://www.sedaily.com/article/20067557?ref=naver,https://n.news.naver.com/mnews/article/011/0004641637?sid=102,"Wed, 15 Jul 2026 06:01:00 +0900",2026-07-15 08:55:31
친환경/신재생,풍력 시장,박찬대 인천시장 &quot;철새와 사람 공존하는 생태도시로&quot;…EAAFP 20주년 국제...,박찬대 인천시장이 14일 연수구 경원재에서 열린 'EAAFP 20주년 기념행사'에서 축사를 하고 있다.... 나아가 해상풍력 발전기 건설 등 새롭게 대두되는 환경적 위협 요인들을 공유하고 민간 참여를 활성화할 현실적 대안을... ,https://www.cstimes.com/news/articleView.html?idxno=713477,https://www.cstimes.com/news/articleView.html?idxno=713477,"Wed, 15 Jul 2026 05:50:00 +0900",2026-07-15 08:55:31
친환경/신재생,풍력 시장,[패트롤] 인천시-인천신보-인천경제청,박찬대 시장은 “이번 박람회는 드론과 UAM 산업의 현재와 미래를 함께 확인할 수 있는 자리&quot;라며 “인천이... 해상풍력 개발 등 새로운 위협 요인에 대한 대응과 시민 참여 확대 방안을 논의했다. 참석자들은 철새... ,https://www.ekn.kr/web/view.php?key=20260715024392539,https://www.ekn.kr/web/view.php?key=20260715024392539,"Wed, 15 Jul 2026 05:10:00 +0900",2026-07-15 08:55:31
친환경/신재생,풍력 시장,강기윤 시장 “에너지 연금 기반 청정에너지 수도 창원 만들 것”,풍력·수소에너지는 후보지 발굴과 민간투자 협약을 병행하며 발전설비를 확대하겠다”고 강조했다. 교통 측면에서는 창원 성산구 귀산동~마산합포구 가포동을 잇는 민자도로 마창대교의 무료화를 꺼냈다. 강 시장은... ,https://www.seoul.co.kr/news/publicnews/local_govern/today_local/2026/07/15/20260715019006?wlog_tag3=naver,https://n.news.naver.com/mnews/article/081/0003661244?sid=102,"Wed, 15 Jul 2026 05:03:00 +0900",2026-07-15 08:55:31
친환경/신재생,풍력 시장,"문 열린 배전망 ESS...K-배터리 3사, 대형 수주전 기대감↑",이번 사업을 시작으로 태양광과 해상풍력 확대에 대응한 후속 발주가 이어질 경우 배터리 3사에 새로운 대규모 수주 시장이 열릴 수 있다는 전망이 나온다. 14일 업계에 따르면 기후에너지환경부는 지난 10일 '2026년... ,https://www.ajunews.com/view/20260714143652497,https://www.ajunews.com/view/20260714143652497,"Wed, 15 Jul 2026 05:02:00 +0900",2026-07-15 08:55:31
친환경/신재생,풍력 시장,"[칼럼] '전기 먹는 하마', 수소환원제철의 최대 난관… 포항의 미래는 ...","오늘날 수력, 화력, 원자력, 풍력 등 발전 방식은 다양해지고 있지만 터빈을 돌려 전기를 만든다는 본질은... 글로벌 시장에서 살아남기 위한 생존의 절대 명제가 됐다. 대한민국 철강 산업의 심장인 포항 역시 친환경 철강... ",https://www.polinews.co.kr/news/articleView.html?idxno=737026,https://www.polinews.co.kr/news/articleView.html?idxno=737026,"Wed, 15 Jul 2026 00:27:00 +0900",2026-07-15 08:55:31
친환경/신재생,풍력 시장,바람이 수소가 되는 곳… 초원서 목격한 ‘에너지 전환 실험장’,"중국 네이멍구의 어얼둬쓰 초원을 차량으로 1시간 넘게 달리자 광활한 지평선 너머로 90m 길이의 풍력발전기... 국내 수소업계는 풍부한 재생에너지 자원과 내수 시장, 보조금, 제조 역량을 앞세운 중국의 ‘수소 굴기’... ",https://www.kmib.co.kr/article/view.asp?arcid=1784020161&code=11151400&cp=nv,https://n.news.naver.com/mnews/article/005/0001860983?sid=101,"Wed, 15 Jul 2026 00:07:00 +0900",2026-07-15 08:55:31
친환경/신재생,풍력 시장,AI 시대 새 먹거리…'바다 위 데이터센터' 뛰어드는 K-조선,"Center)' 시장 기술 개발에 속도를 내고 있다. FDC는 해상에 부유식 구조물을 설치해 AI 서버와 데이터센터를... FDC는 바닷물을 활용한 자연 냉각이 가능하고, 전력망이 부족한 육상 대신 해상 풍력이나 소형모듈원전(SMR)... ",https://news.tf.co.kr/read/economy/2342982.htm,https://n.news.naver.com/mnews/article/629/0000516151?sid=101,"Wed, 15 Jul 2026 00:01:00 +0900",2026-07-15 08:55:31
친환경/신재생,풍력 시장,"한국중부발전, AI 기반 ESS 구축 본격화… 재생에너지 계통 안정성 높인...",이번 사업은 태양광과 풍력 등 재생에너지 발전 설비 증가로 발생하는 계통 접속 지연과 전력망 포화... 회사 측은 단순한 ESS 설치를 넘어 AI 기반 운영 기술을 접목해 전력망 유연성을 확보하고 가상발전소 시장을... ,https://www.newscj.com/news/articleView.html?idxno=3417043,https://www.newscj.com/news/articleView.html?idxno=3417043,"Tue, 14 Jul 2026 22:40:00 +0900",2026-07-15 08:55:31
친환경/신재생,수소 경제,"현대캐피탈, 그랜저 무이자·전기차 2%대 할부","전기차와 수소차에는 1~2%대 금리를 적용한다. 아이오닉5와 아이오닉6, 코나EV는 '현대 EV 부담 DOWN'을... 고객들의 경제적 부담을 덜어주기 위해 저금리와 월 납입금 할인 등 다양한 혜택을 제공하고 있다&quot;며 &quot;앞으로도... ",http://www.press9.kr/news/articleView.html?idxno=79462,http://www.press9.kr/news/articleView.html?idxno=79462,"Wed, 15 Jul 2026 08:52:00 +0900",2026-07-15 08:55:32
친환경/신재생,수소 경제,"&quot;다양한 차종 금리 할인 혜택&quot;…현대캐피탈, 자동차금융 프로모션 진행",현대자동차의 친환경 수소 SUV인 넥쏘를 구매하는 고객도 '넥쏘 부담 DOWN' 상품을 선택하면 36개월 기준 1.8... 고객들의 경제적 부담을 덜어주기 위해 저금리와 월 납입금 할인 등 다양한 혜택을 제공하고 있다&quot;고... ,https://view.asiae.co.kr/article/2026071508470840947,https://n.news.naver.com/mnews/article/277/0005790103?sid=101,"Wed, 15 Jul 2026 08:47:00 +0900",2026-07-15 08:55:32
친환경/신재생,수소 경제,"김제시, 새만금항 신항 학술대회 개최…'발전방향' 모색","특화, 수소항만 조성, 해양항만분야 시 조직확대 등 김제시의 정책과제와 실행 로드맵을 제안했다.... 시는 각계 의견을 반영해 새만금 시대 핵심 항만경제 거점도시로 도약할 기반을 마련할 계획이다. 정성주 김제시장은... ",https://www.gukjenews.com/news/articleView.html?idxno=3635263,https://www.gukjenews.com/news/articleView.html?idxno=3635263,"Wed, 15 Jul 2026 08:40:00 +0900",2026-07-15 08:55:32
친환경/신재생,수소 경제,"현대캐피탈, 현대차그룹 차량 구매 고객 대상 자동차금융 프로모션","전기차는 현대 아이오닉5·아이오닉6·코나EV가 연 2.8%, 기아 EV3·4·5·6·9는 연 2.7%, 수소 SUV 넥쏘는 연 1.8%의... 현대캐피탈 관계자는 &quot;물가와 금리가 상승하는 상황에서 고객들의 경제적 부담을 덜어주기 위해 다양한... ",https://www.joongangenews.com/news/articleView.html?idxno=532968,https://www.joongangenews.com/news/articleView.html?idxno=532968,"Wed, 15 Jul 2026 08:24:00 +0900",2026-07-15 08:55:32
친환경/신재생,수소 경제,"경북-에코프로, 민관 공동 프로젝트로 이차전지 산업 경쟁력 강화","이날 간담회에는 이철우 지사, 이동채 에코프로 회장, 박용선 포항시장, 양금희 경북도 경제부지사 등이... 이 의지는 구미 청년 드림타워, 경주 수소연료전지 사업, 포항 데이터센터 등 기존 정책금융 성공 사례에... ",https://www.straightnews.co.kr/news/articleView.html?idxno=307055,https://www.straightnews.co.kr/news/articleView.html?idxno=307055,"Wed, 15 Jul 2026 08:10:00 +0900",2026-07-15 08:55:32
친환경/신재생,수소 경제,"박용선 포항시장, 첫 승진 인사 확정…4급 2명·5급 12명 등 141명 승진","행정직에서는 박주현 총무새마을과 팀장, 금종혁 수소에너지산업과 팀장, 김도영 경제노동정책과 팀장, 박민희 복지정책과 팀장, 손경미 마이스산업과 팀장이 승진했다. 세무직은 김곤섭 북구 자치행정과 팀장... ",https://www.kbsm.net/news/view.php?idx=526746,https://www.kbsm.net/news/view.php?idx=526746,"Wed, 15 Jul 2026 07:40:00 +0900",2026-07-15 08:55:32
친환경/신재생,수소 경제,"얼라인 JB-BNK금융 합병 검토 요구, 왜 지금인가 [금융지주는 지금]","“AI 전환 경쟁이 본격화되고 지역경제 기반이 더욱 약화되기 전인 지금이 선제적으로 통합 가능성을... 국민연금과 연계한 기관영업·자산운용 경쟁이 예상되며, 새만금에서는 AI·수소·로봇·재생에너지 프로젝트를... ",https://www.fntimes.com/html/view.php?ud=202607142227415925b4a7c6999c_18,https://www.fntimes.com/html/view.php?ud=202607142227415925b4a7c6999c_18,"Wed, 15 Jul 2026 07:02:00 +0900",2026-07-15 08:55:32
친환경/신재생,수소 경제,"[균형성장, 기업이 이끈다⑧] 현실판 ‘심시티’…포항·광양·당진","산업단지는 지역의 경제를 바꿨고, 기업의 투자는 도시의 미래를 바꿨다. 제철소는 공장 하나에 그치지... 최근에는 친환경 철강과 이차전지 소재, 수소환원제철 등 미래 사업 투자가 확대되면서 광양은 철강 생산기지를... ",https://theviewers.co.kr/View.aspx?No=4135352,https://theviewers.co.kr/View.aspx?No=4135352,"Wed, 15 Jul 2026 07:02:00 +0900",2026-07-15 08:55:32
친환경/신재생,수소 경제,"태양광·배터리 시장 장악한 것처럼… 中, 중앙·지방·기업 손잡고 ‘...",이에 비해 한국은 2020년 세계 최초로 ‘수소법’(수소경제 육성 및 수소 안전관리에 관한 법률)을 제정해 수소산업 제도화와 상용화 기반을 닦고도 성장 엔진을 달지 못하고 있다. 그 사이 중국이 빠른 속도로 치고... ,https://www.kmib.co.kr/article/view.asp?arcid=1784019026&code=11151400&cp=nv,https://n.news.naver.com/mnews/article/005/0001860993?sid=101,"Wed, 15 Jul 2026 00:20:00 +0900",2026-07-15 08:55:32
원자력,원자력 주가,트럼프 &quot;이란과 대화했다…합의 않으면 발전소 공격&quot;,그러면서도 &quot;다음 주가 되면 그들에게 상황이 나빠질 것&quot;이라고 말했는데요. &quot;협상하지 않으면 그들의... 이란 국영매체는 원자력 발전소가 있는 부셰르주를 포함해 주요 해안 도시들이 잇따라 공격을 받았다고 전했는데요.... ,http://www.yonhapnewstv.co.kr/news/MYH20260715084217zVx,https://n.news.naver.com/mnews/article/422/0000885238?sid=104,"Wed, 15 Jul 2026 08:43:00 +0900",2026-07-15 08:55:32
원자력,원자력 주가,"IBK투자증권 &quot;대우건설, 주택 마진 예상보다 빠르게 개선&quot;",다만 원전 수주 지연을 반영해 목표주가는 기존 3만6000원에서 3만1000원으로 하향했다. 전 거래일 종가는... 체코 원전은 한국수력원자력이 확보한 계약을 참여 업체에 배분하기 위한 공사비와 계약조건 협상이 진행... ,https://www.etoday.co.kr/news/view/2603818,https://www.etoday.co.kr/news/view/2603818,"Wed, 15 Jul 2026 08:30:00 +0900",2026-07-15 08:55:32
원자력,원자력 주가,두산에너빌리티 한전기술 등 원전주 주가 반등 여부는?…美 CPI 둔화가 ...,AI가 생성한 이미지 14일 국내 원자력발전 관련주가 전반적으로 약세를 보인 가운데 15일 장에서 반등에 성공할 수 있을지 투자자들의 관심이 모아지고 있다. 이날 원전 테마주들은 대부분 하락세를 나타냈다. 모비스는... ,https://www.cbci.co.kr/news/articleView.html?idxno=589175,https://www.cbci.co.kr/news/articleView.html?idxno=589175,"Wed, 15 Jul 2026 06:00:00 +0900",2026-07-15 08:55:32
원자력,원자력 주가,"리밸런싱 후 편입 종목 급등락…'공룡' 된 ETF, 꼬리가 몸통을 흔든다","지난달 12일에는 원자력 발전 관련주가 무더기로 상한가를 기록한 뒤 다음 날 동시에 큰 폭으로 하락했는데, 이 배경으로 한국투자신탁운용 'ACE 원자력 TOP10' ETF의 리밸런싱이 지목됐다. 당시 상한가를 기록했던... ",https://www.hankookilbo.com/news/article/A2026071416420001013?did=NA,https://n.news.naver.com/mnews/article/469/0000942266?sid=101,"Tue, 14 Jul 2026 19:01:00 +0900",2026-07-15 08:55:32
원자력,원자력 주가,"&quot;원전 비중 줄여 고전했던 한국전력, 제12차 전기본 확정시 '체질 개선'...",하나증권은 14일 한국전력에 대해 목표주가를 4만5000원으로 유지하면서 투자의견을 '중립'에서 '매수'로... 이와 관련해 정부 주요 인사들은 원자력을 포함한 유의미한 규모의 기저전원 투자를 언급하고 있다.... ,https://www.newsquest.co.kr/news/articleView.html?idxno=269749,https://www.newsquest.co.kr/news/articleView.html?idxno=269749,"Tue, 14 Jul 2026 16:08:00 +0900",2026-07-15 08:55:32
원자력,원자력 주가,기후테크 IPO 4년 만에 최대…지열·원전·전력설비가 주도,"다만 투자 회복세가 전력 장비와 원자력, 지열 등 에너지 분야에 집중돼 기후테크 산업 내 양극화도 커지고... 올해 상장한 퍼보에너지 주가는 고점보다 35% 하락했으며, 엑스에너지도 사상 최고가보다 55% 낮은 수준에서... ",http://www.impacton.net/news/articleView.html?idxno=19590,http://www.impacton.net/news/articleView.html?idxno=19590,"Tue, 14 Jul 2026 11:10:00 +0900",2026-07-15 08:55:32
원자력,원자력 주가,&quot;원전보다 싫다&quot; 미국 덮친 AI 데이터센터 포비아,"이는 원자력 발전소 인근에 거주하는 것을 반대하는 비율보다 높은 수준이다. 반대론자 중 상당수는 수자원... 지난 4월 메인은 대규모 데이터 센터 개발을 금지하는 법안을 통과시킨 첫 번째 주가 되었으며, 위스콘신의... ",https://www.fortunekorea.co.kr/news/articleView.html?idxno=53206,https://www.fortunekorea.co.kr/news/articleView.html?idxno=53206,"Tue, 14 Jul 2026 09:30:00 +0900",2026-07-15 08:55:32
원자력,원자력 주가,"하나증권 &quot;한국전력, 전력 정책 변화.. 중장기 수혜 기대&quot;",목표주가는 4만5000원을 유지했다. 유재선 하나증권 연구원은 “원·달러 환율은 부담 요인이지만 원자재... 정부가 원자력을 포함한 기저전원 확대를 언급하고 있는 만큼 발전 믹스 변화로 한국전력의 이익 체력이... ,https://www.g-enews.com/view.php?ud=20260714083538945044093b5d4e_1,https://www.g-enews.com/view.php?ud=20260714083538945044093b5d4e_1,"Tue, 14 Jul 2026 08:56:00 +0900",2026-07-15 08:55:32
원자력,원자력 주가,"&quot;정책 방향 바뀐다&quot; 한국전력, 투자의견 '중립→매수'로-하나",목표주가는 4만5000원을 유지했다. 한국전력 주가 추이. (사진=하나증권) 유재선 하나증권 연구원은 “원... 유 연구원은 “정부가 원자력을 포함한 기저전원 확대를 언급하고 있는 만큼 발전 믹스 변화로 한국전력의... ,https://www.edaily.co.kr/news/newspath.asp?newsid=02637126645514520,https://n.news.naver.com/mnews/article/018/0006329572?sid=101,"Tue, 14 Jul 2026 08:14:00 +0900",2026-07-15 08:55:32
원자력,원자력 주가,"PBR 0.3배 바닥 친 철강, '리튬·우주항공' 들고 밸류업 머니 흡수할까",포스코홀딩스와 세아베스틸지주가 역사적 저점 수준의 저평가 상태에 놓여 있다는 판단에서다. 국내... 모멘텀 ▲CASK(원자력 사용후핵연료 저장용기) 사업 수주 기대에 따른 원전 기업으로서의 재평가 가능성을 긍정적... ,http://www.ftoday.co.kr/news/articleView.html?idxno=362045,http://www.ftoday.co.kr/news/articleView.html?idxno=362045,"Tue, 14 Jul 2026 08:02:00 +0900",2026-07-15 08:55:32
원자력,원자력 주가,"키오시아, 18개월 만에 시총 50배↑…일본 ‘반도체 왕국’ 시동",“키오시아는 이미 닛케이(주가)를 대표하는 최상위 종목이잖아.” 13일 일본 포털사이트 ‘야후 재팬’... 위해 원자력발전소 건설도 추진하고 있다. 일본 정부는 키오시아를 앞세워 적어도 낸드플래시 시장에서... ,https://www.hani.co.kr/arti/international/international_general/1268110.html,https://n.news.naver.com/mnews/article/028/0002813981?sid=104,"Tue, 14 Jul 2026 05:02:00 +0900",2026-07-15 08:55:32
원자력,원자력 주가,"우리기술, 원전 기대감에도 약세…메가프로젝트 전력 수요보다 확전 우...",우리기술 주가가 정부의 대규모 산업 프로젝트 추진에 따른 원전 수요 확대 기대에도 하락 마감했다.... 우리기술은 원자력발전소의 감시·경보·제어시스템을 개발하고 공급하는 기업이다. 원전 운전 상태를 감시하고... ,https://www.cbci.co.kr/news/articleView.html?idxno=588864,https://www.cbci.co.kr/news/articleView.html?idxno=588864,"Tue, 14 Jul 2026 00:30:00 +0900",2026-07-15 08:55:32
원자력,원자력 주가,송영길 &quot;정청래 얼굴로는 총선 필패...친문 의원들도 '떨어지겠다' 위기...,"그래서 처음에는 16대, 15대 1이니 뭐 이런 얘기도 있었고, 또 지금 무역 수지도 워낙 좋고, 주가도 좋고. 역대... ◇ 이동형 : 이번에 메가 프로젝트에서는 전기가 반드시 필요한데, 원자력이 없으면 안 된다 이런 얘기도... ",https://www.ytn.co.kr/_ln/0101_202607131943178630,https://n.news.naver.com/mnews/article/052/0002378893?sid=100,"Mon, 13 Jul 2026 19:43:00 +0900",2026-07-15 08:55:32
원자력,원자력 주가,김종대 “이란에게 호르무즈 해협은 ‘울둘목’…암살 위협에 바꿔 탄 ...,"그리고 지금 거의 뭐 한 주가 바뀐 거니까. ▷ 윤인구 : 의원님께서는 뭐라고 생각하십니까? ▶ 김종대... 그다음에 원자력 발전소 자체는 아니고 원자력 발전소 주변에 있는 방공기지 이런 데, 또 후방에 어떤 인간 생활의... ",https://news.kbs.co.kr/news/pc/view/view.do?ncd=8609229&ref=A,https://n.news.naver.com/mnews/article/056/0012216968?sid=100,"Mon, 13 Jul 2026 16:10:00 +0900",2026-07-15 08:55:32
원자력,원자력 주가,"&quot;밸류에이션 매력 높아졌다&quot;…두산에너빌리티, 국내외 원전 수주 확대로...",발주가 가시화될 것으로 보인다. 미국 시장에서의 리스크 완화 기조도 긍정적이다. 웨스팅하우스가 미국 원자력규제위원회(NRC)에 AP1000 표준 설계 수정을 요청함에 따라 후속 프로젝트의 인허가 리스크가 줄어들... ,http://www.newsdream.kr/news/articleView.html?idxno=114357,http://www.newsdream.kr/news/articleView.html?idxno=114357,"Mon, 13 Jul 2026 14:50:00 +0900",2026-07-15 08:55:32
원자력,원자력 주가,"두산에너빌리티, SMR 매출 2031년 6조...내년부터 매출 본격화","SMR 사업 수주가 매출로 이어지는 시점은 2027년으로 전망되는 가운데, 4년 만에 10배 가까이 성장한다는... 박지원 두산에너빌리티 회장은 지난해 8월 아마존웹서비스(AWS), 엑스에너지, 한국수력원자력과 SMR 사업... ",https://www.fntimes.com/html/view.php?ud=202607131426542333fa6b69a559_18,https://www.fntimes.com/html/view.php?ud=202607131426542333fa6b69a559_18,"Mon, 13 Jul 2026 14:40:00 +0900",2026-07-15 08:55:32
원자력,원자력 주가,[기획] 오락가락 정책 기조에 국민‧기업은 '우왕좌왕',"서울대 원자력정책센터에 따르면, 문재인 정부 5년간의 탈원전 정책으로 인한 비용을 2017~2030년 총... 이번 계획 당사자인 삼성전자와 SK하이닉스의 주가는 공교롭게도 이날을 기점으로 하락세를 탔다. EBC파이낸셜그룹은... ",https://www.m-i.kr/news/articleView.html?idxno=1390771,https://www.m-i.kr/news/articleView.html?idxno=1390771,"Mon, 13 Jul 2026 14:22:00 +0900",2026-07-15 08:55:32
원자력,원자력 주가,[박정식의 국내 주식시황] SK하이닉스 ADR 효과 vs 유가·금리 부담…코...,"▷ 서남권 반도체 팹 2030년 가동 추진 속 원전 신규 건설 검토 소식 등에 원자력발전, 전력설비, 전선... ▷ 견조한 실적과 주주환원 정책에 따른 주가 하방 지지 전망 등에 은행 테마가 상승했다. ▷ 미국 클래리티법... ",https://www.newsquest.co.kr/news/articleView.html?idxno=269569,https://www.newsquest.co.kr/news/articleView.html?idxno=269569,"Mon, 13 Jul 2026 08:22:00 +0900",2026-07-15 08:55:32
원자력,원전 산업,"[키-리포트] 메리츠 &quot;한국전력, 실적 하향 조정 국면&quot;",이어 &quot;원전 이용률은 전년보다 7.4% 낮아 예상 대비 저조하지만 석탄이용률 7.0% 증가로 이를 만회하면서 기존... 및 산업용 요금 인하 가능성이 있고 추가적인 송변전망 CAPEX 등 손익과 현금흐름 측면에서 부담이 부각될... ,http://www.newsdream.kr/news/articleView.html?idxno=114454,http://www.newsdream.kr/news/articleView.html?idxno=114454,"Wed, 15 Jul 2026 08:00:00 +0900",2026-07-15 08:55:33
원자력,원전 산업,"한국전력, 단기 규제 리스크 확대…목표가↓-메리츠",다만 원전 이용률은 예상보다 낮았지만 석탄 이용률 개선이 이를 상쇄한 것으로 분석했다. 다만 연간... 문 연구원은 “정부의 ‘3대 메가 프로젝트’ 추진 과정에서 AI 데이터센터 특별요금제 도입과 산업용... ,https://www.edaily.co.kr/news/newspath.asp?newsid=02660086645514848,https://n.news.naver.com/mnews/article/018/0006330410?sid=101,"Wed, 15 Jul 2026 07:59:00 +0900",2026-07-15 08:55:33
원자력,원전 산업,‘역사적 보상’이냐 ‘관치 개입’이냐··· 호남 반도체 산단의 진짜...,발표 다음 날인 6월30일 이 대통령은 광주를 찾아 ‘서남권 첨단산업 발전 비전 국민보고회’를 열었다.... 여기에 원전이나 적정 규모의 가스발전을 함께 두면 전력망의 안정성을 높일 수 있다. 그러니까 풀 수 있는... ,https://www.sisain.co.kr/news/articleView.html?idxno=58152,https://n.news.naver.com/mnews/article/308/0000038515?sid=102,"Wed, 15 Jul 2026 06:53:00 +0900",2026-07-15 08:55:33
원자력,원전 산업,연료 확보한 인도 원전 2배로 늘린다 한국 기자재 틈새 시장 열리나,다만 인도는 자국 원전 산업 보호 정책과 자국산 부품 의무화 규제가 강해 한국 기업이 통으로 원전을 짓는 일괄수주(EPC) 방식의 진출은 어렵다. 대신 독자 노형 개발 과정에서 글로벌 조달 비중이 높은 핵심 기자재와... ,https://www.g-enews.com/view.php?ud=202607150557579729fbbec65dfb_1,https://www.g-enews.com/view.php?ud=202607150557579729fbbec65dfb_1,"Wed, 15 Jul 2026 06:24:00 +0900",2026-07-15 08:55:33
원자력,원전 산업,[2026 하반기 경제성장전략] 잠재성장률 반등: 글로벌 초격차 성장동력...,"신설 계정은 정부 출자, 기부금, 운용수익 등을 재원으로 하며 3대 메가프로젝트와 소부장, 원전, 양자 등 첨단전략산업의 지분투자에 집중된다. 대외 신뢰도 유지를 위해 기존 외환보유액 계정과는 엄격한 방화벽을... ",https://www.dnews.co.kr/uhtml/view.jsp?idxno=202607141358580410112,https://www.dnews.co.kr/uhtml/view.jsp?idxno=202607141358580410112,"Wed, 15 Jul 2026 06:22:00 +0900",2026-07-15 08:55:33
원자력,원전 산업,올 상반기 해외건설 수주액 112억달러… 체코원전 기저효과ㆍ중동리스...,산업설비 수주액은 84억7400만달러로 전체의 75.1%를 차지했다. 이는 체코 원전을 제외한 지난해 같은 기간 실적(73억7000만달러)을 웃도는 규모다. 반면 건축과 토목 부문은 각각 15억3100만달러(비중 13.6... ,https://www.dnews.co.kr/uhtml/view.jsp?idxno=202607141007102630049,https://www.dnews.co.kr/uhtml/view.jsp?idxno=202607141007102630049,"Wed, 15 Jul 2026 06:22:00 +0900",2026-07-15 08:55:33
원자력,원전 산업,한전 2Q 영업익 8.7% 감소 전망…하반기 실적도 안갯속,또 한미 원전협력 강화에 따른 새로운 수익 창출도 기대되는 부분이다. 한미 정부는 원자력 산업에서의 협력 강화를 위해 원자력 협정 개정안을 논의하고 있고 우리나라는 한미원자력협력 범정부협의체(TF)를 출범한... ,https://www.newsis.com/view/NISX20260713_0003706332,https://n.news.naver.com/mnews/article/003/0014067130?sid=101,"Wed, 15 Jul 2026 06:03:00 +0900",2026-07-15 08:55:33
원자력,원전 산업,﻿로봇의 몸보다 귀한 경험… 중국은 체화지능 데이터를 산업화한다 [박...,"반도체 클린룸, 조선소, 자동차 조립라인, 배터리 공장, 물류센터, 병원, 원전 점검처럼 한국이 강점을 가진 현장을 테스트베드로 열되, 작업자 동의, 익명화, 산업기밀 보호, 안전사고 책임, 보험 기준을 함께 만들어야... ",https://it.chosun.com/news/articleView.html?idxno=2023092165322,https://it.chosun.com/news/articleView.html?idxno=2023092165322,"Wed, 15 Jul 2026 06:00:00 +0900",2026-07-15 08:55:33
원자력,원전 산업,"국회예정처, 금융위 주요 사업 고강도 비판… “성급히 추진됐다”",이밖에도 지난해 조성된 반도체생태계펀드와 원전산업성장펀드가 자펀드 결성을 마치고도 지난 5월까지 각각 30억원과 0원의 투자 실적에 머물러 있는 점도 거론됐다. 예정처는 “금융위와 한국산업은행은 동 사업... ,https://www.kmib.co.kr/article/view.asp?arcid=0030110690&code=61141111&cp=nv,https://n.news.naver.com/mnews/article/005/0001861041?sid=101,"Wed, 15 Jul 2026 05:02:00 +0900",2026-07-15 08:55:33
원자력,원전 산업,외주 없이 내부서 일괄 수행… 원전까지 기술력 넓혀,"세종기술은 지난해 12월 원자력 공급망 국제 품질경영 기준인 ‘ISO 19443’ 인증을 획득하고 올해 4월 ‘2026 부산국제원자력산업전(INEX 2026)’에 참가하며 원전 산업 진출을 공식화했다. 고 대표는 “탱크, 배관, 펌프 등... ",https://www.donga.com/news/Economy/article/all/20260714/134291170/2,https://n.news.naver.com/mnews/article/020/0003734028?sid=101,"Wed, 15 Jul 2026 04:37:00 +0900",2026-07-15 08:55:33
원자력,원전 산업,"트럼프, 다음 타깃은 AI 업체들?…&quot;지분 취득 논의&quot;","첨단 기술 산업 육성과 중국과 공급망 분리를 명분으로 사모펀드나 투자은행처럼 민간 기업 지분을... 원자로 제조사 웨스팅하우스도 포트폴리오에 포함됐는데, 미 정부는 웨스팅하우스 원전 건설에 자금 지원을 맡으며... ",https://biz.sbs.co.kr/article_hub/20000322535?division=NAVER,https://n.news.naver.com/mnews/article/374/0000521725?sid=104,"Wed, 15 Jul 2026 04:31:00 +0900",2026-07-15 08:55:33
원자력,원전 산업,"[시론] 호남 반도체, 정책 상충 딜레마",반도체산업에 필요한 안정적인 고품질 전력을 공급하기 위해서는 원전과 재생에너지 비중을 줄이고 액화천연가스(LNG) 발전이나 연료전지와 같이 출력 조절이 상대적으로 쉬운 유연성 전원을 보완해야 한다. 그러나 LNG... ,https://www.hankyung.com/article/2026071450461,https://n.news.naver.com/mnews/article/015/0005310066?sid=110,"Wed, 15 Jul 2026 00:42:00 +0900",2026-07-15 08:55:33
원자력,원전 산업,로드맵 확정 ‘광주 반도체’ 목표 향해 직진만,기업과 산업부가 국토부에 후보지 지정을 요청하면 1개월내 지정하고 공공기관 예비타당성조사는 국무회의... 전력과 용수의 안정적 공급을 위해 재생에너지 외에 원전을 추가 조성하고 동복댐 둑을 높이겠다는 것은... ,http://www.kwangju.co.kr/article.php?aid=1784042400801251074,http://www.kwangju.co.kr/article.php?aid=1784042400801251074,"Wed, 15 Jul 2026 00:24:00 +0900",2026-07-15 08:55:33
원자력,SMR 시장,"유진투자 &quot;DL이앤씨, 올해 매출 전망 달성 쉽지 않아…목표가↓&quot;","이어 &quot;이를 기반으로 후속 프로젝트뿐만 아니라 연내 NI(Nuclear Island·원자로동) 표준화 설계 연계 수주도 기대된다&quot;며 &quot;매출 기여까지는 시간이 필요하지만, 4세대 SMR 시장 확대의 최대 수혜가 기대된다는 점에서 높은... ",https://www.yna.co.kr/view/AKR20260715033200008?input=1195m,https://n.news.naver.com/mnews/article/001/0016194957?sid=101,"Wed, 15 Jul 2026 08:48:00 +0900",2026-07-15 08:55:34
원자력,SMR 시장,"교보證 &quot;DL이앤씨, 주택 수익성 개선·SMR 기대…목표가↑&quot;","데다 SMR, 데이터센터, 중동 재건 등으로 수주 확대가 기대된다&quot;고 밝혔다. 이어 &quot;2분기 연결 기준 매출액은 1조6800억원, 영업이익은 1292억원으로 영업이익은 시장 컨센서스를 소폭 상회할 전망&quot;이라며 &quot;DL이앤씨 별도와... ",https://www.ajunews.com/view/20260715083111406,https://www.ajunews.com/view/20260715083111406,"Wed, 15 Jul 2026 08:36:00 +0900",2026-07-15 08:55:34
원자력,SMR 시장,[전국 주요 신문 톱뉴스](15일 조간),"규제, 시장 위축…혁신기업 별도 심사해야&quot; ▲ 파이낸셜뉴스 = &quot;3% 성장·수출 4위·소득 5만불 … 경제 대도약... 경남매일 = &quot;삼천포화력 SMR 전환 중단해야&quot; ▲ 경남신문 = 선거 끝나면 원점… 행정통합 '표류 위기... ",https://www.yna.co.kr/view/AKR20260715018600011?input=1195m,https://n.news.naver.com/mnews/article/001/0016194896?sid=102,"Wed, 15 Jul 2026 08:00:00 +0900",2026-07-15 08:55:34
원자력,SMR 시장,"[2026 하반기 경제성장전략]거시경제 안정적 운영, K-공급망·에너지 자...","중동전쟁 이후 전략 통합시장점검간담회 상시 가동 저금리 정책금융 638.4兆 공급 수입 부담 中企 14.9兆 경영자금 성실 상환자 우대금리 대출 확대 SMR, 국가전략기술에 포함키로 [대한경제=이재현 기자]정부가 하반기... ",https://www.dnews.co.kr/uhtml/view.jsp?idxno=202607141334158920105,https://www.dnews.co.kr/uhtml/view.jsp?idxno=202607141334158920105,"Wed, 15 Jul 2026 06:22:00 +0900",2026-07-15 08:55:34
원자력,SMR 시장,"현대건설, 美 차세대 SMR 사업 참여",현대건설 관계자는 “이번 협약은 미국 차세대 SMR사업의 초기 단계부터 참여할 수 있는 기반을 마련했다는 데 의미가 있다”며 “FANCO와 협력해 EAGL-1 상용화를 지원하고 미국 SMR 시장에서 사업 기회를 확대해... ,https://www.segye.com/newsView/20260714518770?OutUrl=naver,https://n.news.naver.com/mnews/article/022/0004143151?sid=101,"Wed, 15 Jul 2026 06:03:00 +0900",2026-07-15 08:55:34
원자력,SMR 시장,"현대건설, 美 SMR 기업과 협력 확대 … 차세대 원자로 '풀 라인업' 구축","업계에서는 현대건설이 초기 설계 단계부터 참여하는 전략을 통해 향후 EPC 수주 경쟁력을 선점하고, 급성장하는 미국 SMR 시장에서 입지를 강화하고 있다는 평가가 나온다. 특히 데이터센터 전력 수요 증가와 탈탄소... ",http://www.worktoday.co.kr/news/articleView.html?idxno=86758,http://www.worktoday.co.kr/news/articleView.html?idxno=86758,"Tue, 14 Jul 2026 23:42:00 +0900",2026-07-15 08:55:34
원자력,SMR 시장,"현대건설, FANCO와 'EAGL-1' 4세대 SMR 협약 체결…120만 가구 전력공급 ...",아울러 전략적 협력을 통해 EAGL-1의 성공적인 상용화를 견인하고 북미 시장 내 선도적 입지를 공고히 하겠다는 구상을 확고히 했다. 현대건설은 그간 글로벌 원전 탑티어인 홀텍과 3.5세대 경수로형 SMR 협력을 추진해... ,http://www.ttlnews.com/news/articleView.html?idxno=3125406,http://www.ttlnews.com/news/articleView.html?idxno=3125406,"Tue, 14 Jul 2026 22:16:00 +0900",2026-07-15 08:55:34
원자력,SMR 시장,"[EBN 오늘(14일) 이슈 종합] 유한양행, 약품사업 첫 1조4000억원 돌파…...","◆삼성중공업, 부유식 데이터센터 '큰 그림'…SOFC 넘어 SMR까지 삼성중공업이 미래 먹거리로 낙점한 부유식... 국내에서는 삼성중공업에 이어 HD현대도 시장 선점 경쟁에 뛰어들었다. ◆비수기 잊은 '빅5' 제약사... ",https://www.ebn.co.kr/news/articleView.html?idxno=1716380,https://www.ebn.co.kr/news/articleView.html?idxno=1716380,"Tue, 14 Jul 2026 20:22:00 +0900",2026-07-15 08:55:34
원자력,SMR 시장,"키움증권 &quot;DL이앤씨, 2분기 실적 컨센서스 상회 전망… 사우디 이슈는 ...",키움증권은 14일 DL이앤씨에 대해 2분기 영업이익이 시장 기대치를 웃돌 것으로 전망했다. 최근... 소형모듈원전(SMR) 사업에 대한 기대감도 유지했다. 신 연구원은 &quot;X-Energy와 진행 중인 CI(Conventional Island) 표준화 설계... ,http://www.biztribune.co.kr/news/articleView.html?idxno=355952,http://www.biztribune.co.kr/news/articleView.html?idxno=355952,"Tue, 14 Jul 2026 20:08:00 +0900",2026-07-15 08:55:34
원자력,SMR 시장,"태웅, 이번엔 아프리카 산업플랜트…105억 수주 ‘잭팟’",- 인도·중동시장 등도 진출 추진 부산의 단조품 제조기업 ㈜태웅이 이번에는 아프리카 최대 규모 산업플랜트 프로젝트 수주에 성공했다. 태웅은 올해 원전 및 소형모듈원자로(SMR) 해상풍력 부문에서 고부가가치 사업을... ,http://www.kookje.co.kr/news2011/asp/newsbody.asp?code=0200&key=20260715.22008004107,https://n.news.naver.com/mnews/article/658/0000149575?sid=101,"Tue, 14 Jul 2026 19:55:00 +0900",2026-07-15 08:55:34
원자력,SMR 시장,"&quot;태국·필리핀 이어 美 해군까지…HD현대중공업, 글로벌 '탑티어 방산주...","소형모듈원전(SMR) 등 추가 성장 동력이 더해지고 있다. SK증권은 14일 HD현대중공업에 대해 투자의견 '매수... 3% 늘어난 1조433억원으로, 시장 예상치인 9902억원에 부합하는 실적을 기록한 것으로 추정된다. 이전... ",https://www.newsquest.co.kr/news/articleView.html?idxno=269769,https://www.newsquest.co.kr/news/articleView.html?idxno=269769,"Tue, 14 Jul 2026 19:54:00 +0900",2026-07-15 08:55:34
원자력,SMR 시장,"그린수소 시장, 2037년 1660억 달러 전망… &quot;경제성 확보가 시장 확대의...",그린수소 시장이 2037년까지 연평균 48%의 성장률(CAGR)을 기록하며 1660억 달러 규모에 이를 것으로 전망했다. 보고서에 따르면 현재 전 세계 수소 수요는 연간 약 1억 톤에 달하지만 대부분은 천연가스 개질(SMR)과... ,https://www.energydaily.co.kr/news/articleView.html?idxno=201421,https://www.energydaily.co.kr/news/articleView.html?idxno=201421,"Tue, 14 Jul 2026 19:02:00 +0900",2026-07-15 08:55:34
원자력,SMR 시장,"현대건설, 미국 FANCO와 차세대 SMR 'EAGL-1' 협력",현대건설 관계자는 &quot;이번 계약은 미국 차세대 SMR 사업의 초기 설계 검토부터 EPC 수행까지 참여할 수 있는 계기를 마련했다&quot;며 &quot;수요가 급증하는 미국 SMR 시장에서 선도적 입지를 더욱 공고히 해 나가겠다&quot;고... ,https://www.dailysportshankook.co.kr/news/articleView.html?idxno=431154,https://www.dailysportshankook.co.kr/news/articleView.html?idxno=431154,"Tue, 14 Jul 2026 18:28:00 +0900",2026-07-15 08:55:34
원자력,SMR 시장,정부 원전 추가 건설론에 전남광주 &quot;검토된 바 없어&quot;,"민형배 시장도 동행하는 것으로 알고 있다&quot;고 밝혔다. 이어 &quot;광주에 반도체 팹(Fab) 4개가 들어설 경우 많은... 2기와 SMR 1기에 더해 추가로 원전을 더 짓는 방안을 계속 거론했는데, 이날 공식적으로 검토하겠다고 밝힌... ",https://www.namdonews.com/news/articleView.html?idxno=916971,https://www.namdonews.com/news/articleView.html?idxno=916971,"Tue, 14 Jul 2026 18:24:00 +0900",2026-07-15 08:55:34
원자력,SMR 시장,"현대건설·롯데건설·GS건설, 원전 협력부터 안전 강화·분양까지","현대건설은 이번 협력을 통해 미국 SMR 시장에서 사업 기반을 확대하는 한편, 홀텍과 테라파워, 토리존 등에 이어 4세대 원전 기술 협력 포트폴리오를 강화하게 됐다고 설명했다. 이대풍 롯데건설 안전보건부문장... ",http://www.kdfnews.com/news/articleView.html?idxno=185175,http://www.kdfnews.com/news/articleView.html?idxno=185175,"Tue, 14 Jul 2026 18:00:00 +0900",2026-07-15 08:55:34
원자력,SMR 시장,신성장동력 육성·대규모 지방투자… 경제구조 혁신에 박차 [하반기 경...,자본시장 체질 개선 본격 착수 올해 경제성장률 전망치를 3.0%로 높여 잡은 정부는 3대 메가프로젝트(반도체... 연구개발(R&amp;D) 투자세액공제가 우대되는 국가전략기술에 소형모듈식원자로(SMR)와 같은 미래형 에너지... ,https://www.segye.com/newsView/20260714519270?OutUrl=naver,https://n.news.naver.com/mnews/article/022/0004143048?sid=101,"Tue, 14 Jul 2026 17:53:00 +0900",2026-07-15 08:55:34
원자력,SMR 시장,"삼중고 위기 경남, SMR·방산·우주항공이 새 돌파구 될까","창원을 중심으로 한 원전 기자재 산업은 국내 최고 수준의 기술력을 갖추고 있으며, 두산에너빌리티를 비롯한 원전 생태계는 SMR 시장 확대의 핵심 축으로 평가받는다. 사천의 우주항공산업과 방산기업, 창원의 정밀기계... ",https://www.newsgn.com/news/articleView.html?idxno=562335,https://www.newsgn.com/news/articleView.html?idxno=562335,"Tue, 14 Jul 2026 17:52:00 +0900",2026-07-15 08:55:34
방산/우주항공,방산 주가,"한투증권 &quot;한화에어로스페이스, 하반기 실적·수주 개선&quot;","주가 저점을 통과하며 개선될 것&quot;이라며 &quot;우수한 수출 레퍼런스와 적극적인 현지화 전략이 수주 가능성을 높이고 있다&quot;고 말했다. 그는 &quot;우선 폴란드와 이집트, 호주 사업의 매출 인식이 증가하면서 하반기 지상 방산... ",https://www.yna.co.kr/view/AKR20260715031800008?input=1195m,https://n.news.naver.com/mnews/article/001/0016194936?sid=101,"Wed, 15 Jul 2026 08:41:00 +0900",2026-07-15 08:55:34
방산/우주항공,방산 주가,"[애널픽] &quot;한화에어로스페이스, 하반기 다시 달릴 시간&quot;","그는 &quot;폴란드와 이집트, 호주 사업의 매출 인식이 증가하면서 하반기 지상방산 영업이익은 전년동기대비 51% 성장할 것&quot;이라며 &quot;수출 계약 역시 스페인 자주포 사업 수주가 예상되며, 폴란드 K9 3차 계약 논의가... ",https://theviewers.co.kr/View.aspx?No=4149565,https://theviewers.co.kr/View.aspx?No=4149565,"Wed, 15 Jul 2026 08:36:00 +0900",2026-07-15 08:55:34
방산/우주항공,방산 주가,"&quot;한화에어로, 폴란드 이집트 호주 매출↑…사우디 협상 재개&quot;-한국",장 연구원은 &quot;지금까지 확보한 38조2000억원 규모의 지상방산 수주가 앞으로 순차적으로 매출로 반영되면서 2025~2028년에는 주당순이익(EPS)이 연평균 37.7%씩 증가할 것&quot;이라고 예상했다. 장 연구원은 또 &quot;회사은 유럽과... ,https://www.hankyung.com/article/2026071557846,https://n.news.naver.com/mnews/article/015/0005310119?sid=101,"Wed, 15 Jul 2026 08:34:00 +0900",2026-07-15 08:55:34
방산/우주항공,방산 주가,국내 비중 늘어난 현대로템...2년 후 영업이익 '더블',"잘 나가는 K방산 이미지와는 사뭇다른 부분이다. 폴란드향 K2 전차 2차(EC2) 수출 물량이 본격적으로... 현재 주가는 밴드 차트상 최하단 수준으로, 폴란드·페루 등 신규 사업 진행 상황을 고려하면 저평가 구간... ",http://www.fnnews.com/news/202607140743566270,https://n.news.naver.com/mnews/article/014/0005548272?sid=101,"Wed, 15 Jul 2026 07:59:00 +0900",2026-07-15 08:55:34
방산/우주항공,방산 주가,"현대로템, 하반기 해외 방산 수주 모멘텀 '주목'…&quot;점진적 투자심리 개...",정동익 KB증권 연구원은 &quot;목표주가 하향은 K-2 전차 후속 수출 계약 지연에 따른 실적 추정치 조정과 밸류에이션 변화를 반영한 결과&quot;라며 &quot;최근 주가 하락으로 전일 종가 대비 58.8%의 상승 여력을 확보한 만큼 방산업종... ,http://www.newsprime.co.kr/news/article.html?no=740337,http://www.newsprime.co.kr/news/article.html?no=740337,"Wed, 15 Jul 2026 07:40:00 +0900",2026-07-15 08:55:34
방산/우주항공,방산 주가,중동 긴장 고조에 방산주 위축…한화에어로 6% 하락 [이런국장 저런주식...,줄곧 100만 원대를 기록했던 주가는 올해 6월 대전 사업장 폭발 사고를 기점으로 하향세에 놓였다. 한화에어로스페이스뿐만 아니라 방산주 대부분이 약세를 띄었다. LIG디펜스앤에어로스페이스는 전장 대비 7.72% 빠진... ,https://www.sedaily.com/article/20067768?ref=naver,https://n.news.naver.com/mnews/article/011/0004641655?sid=101,"Wed, 15 Jul 2026 06:29:00 +0900",2026-07-15 08:55:34
방산/우주항공,방산 주가,한화생명·예보 유착 의혹 배경엔 ‘김동원 지분 0.03%’,"이렇게 되면 공적자금을 정상적으로 회수하기 어려워질 수 있지만, 김동원 사장 입장에선 낮은 주가... 분할 이후 존속법인에는 장남 김동관 부회장이 이끄는 방산·조선·에너지와 차남 김동원 사장이 맡아온 금융... ",http://www.newstomato.com/ReadNews.aspx?no=1307131&inflow=N,http://www.newstomato.com/ReadNews.aspx?no=1307131&inflow=N,"Wed, 15 Jul 2026 06:02:00 +0900",2026-07-15 08:55:34
방산/우주항공,방산 주가,[클로즈업] 연기금 저가 매수세 유입되며 지수 방어…장 막판 편입한 상...,저PBR(주가순자산비율) 수혜주로 꼽히는 대형 금융주들이 핵심을 이뤘다. 투매 장세 속에서 이들 종목의... 이와 함께 IT 대표 플랫폼 기업과 방산 대기업 등 업종별 주도주들 역시 장중 투매가 진정되는 국면에서 연기금의... ,https://www.thefairnews.co.kr/news/articleView.html?idxno=82176,https://www.thefairnews.co.kr/news/articleView.html?idxno=82176,"Wed, 15 Jul 2026 00:00:00 +0900",2026-07-15 08:55:34
방산/우주항공,방산 주가,[더페어 돋보기] 연기금 저가 매수세 유입되며 지수 방어…장 막판 편입...,저PBR(주가순자산비율) 수혜주로 꼽히는 대형 금융주들이 핵심을 이뤘다. 투매 장세 속에서 이들 종목의... 이와 함께 IT 대표 플랫폼 기업과 방산 대기업 등 업종별 주도주들 역시 장중 투매가 진정되는 국면에서 연기금의... ,https://www.thefairnews.co.kr/news/articleView.html?idxno=82174,https://www.thefairnews.co.kr/news/articleView.html?idxno=82174,"Wed, 15 Jul 2026 00:00:00 +0900",2026-07-15 08:55:34
방산/우주항공,방산 주가,"로베코자산운용, 한국 증시 긍정적 평가… 인공지능·기업 이익 개선 주...","주주가치를 높이는 대표적인 방식으로, 주식 수를 줄여 주당 가치 상승을 유도한다는 점에서 투자자들이 민감하게 보는 요소다. 로베코는 특히 한국 산업의 구조적 경쟁력에 주목했다. 반도체, 정보기술, 조선, 방산... ",https://www.tokenpost.kr/news/market/377623,https://www.tokenpost.kr/news/market/377623,"Tue, 14 Jul 2026 17:54:00 +0900",2026-07-15 08:55:34
방산/우주항공,방산 주가,네덜란드 로베코운용 &quot;한국 증시 매력 상승&quot;…기업이익 성장 기대 확대,"크랩 대표는 &quot;한국은 반도체, 정보기술(IT), 조선, 방산, 로봇 등 글로벌 핵심 산업에서 높은 경쟁력을... 관련주가 조정을 받으면 다른 업종이 지수를 떠받칠 것&quot;이라고 예상했다. 한국 시장이 AI 관련 투자 노출도가... ",https://www.ppss.kr/news/articleView.html?idxno=302107,https://www.ppss.kr/news/articleView.html?idxno=302107,"Tue, 14 Jul 2026 17:54:00 +0900",2026-07-15 08:55:34
방산/우주항공,방산 주가,코스피 네종목 중 하나 … 이달 연중 최저가 추락,주도주가 대거 이름을 올렸다. 두산로보틱스와 수산세보틱스 등 로봇주도 동반 하락했다. 조선·방산·원전·전력기기·기계·로봇 관련 29개 종목의 연중 최고가 대비 평균 낙폭은 55.70%에 이른다. 높은 기대를 딛고... ,https://www.mk.co.kr/article/12098523,https://n.news.naver.com/mnews/article/009/0005707483?sid=101,"Tue, 14 Jul 2026 17:48:00 +0900",2026-07-15 08:55:34
방산/우주항공,방산 주가,로베코 &quot;한국 증시 여전히 매력적…AI 피크아웃도 아니다&quot;,"조선, 방산, 로봇 등 다양한 산업이 수출 성장을 견인하고 있다고 평가했다. AI 공급망에서 대만과 함께 핵심... 일본에 대해서는 기업 지배구조 개선과 자사주 매입 확대, 배당 증가가 주주가치를 높이고 있다고 평가했다.... ",https://www.asiatime.co.kr/article/20260714500412,https://www.asiatime.co.kr/article/20260714500412,"Tue, 14 Jul 2026 17:06:00 +0900",2026-07-15 08:55:34
방산/우주항공,방산 주가,깊이가 다른 글로벌 투자 정보 GAM - 맛보기편 (7/14),"0 방산 슈퍼사이클 ④ 재래식 화력 강화에 라인메탈 반색 라인메탈 주가 추이 [자료=블룸버그] [일본 특징주] 손정의 &quot;데이터센터 수요 폭증, 전력 해법은 핵융합&quot; 손정의 소프트뱅크 회장 [사진=블룸버그] [중국... ",https://www.newspim.com/news/view/20260714000747,https://www.newspim.com/news/view/20260714000747,"Tue, 14 Jul 2026 16:57:00 +0900",2026-07-15 08:55:34
방산/우주항공,우주항공 산업,"삼성전자, 차세대 폴더블 디스플레이 기술 ‘플렉스 티타늄’ 공개",모바일 산업의 새로운 방향성을 제시했다. 또 디스플레이 구조를 재설계해 폴더블 제품의 강점인 시각적... 티타늄은 우주 항공 등 극한의 환경에서 부품으로 사용될 만큼 신뢰성이 높으나 탄성이 높고 견고해 얇고... ,https://www.viva100.com/article/20260715500102,https://www.viva100.com/article/20260715500102,"Wed, 15 Jul 2026 08:32:00 +0900",2026-07-15 08:55:35
방산/우주항공,우주항공 산업,"크라우드웍스, 국립농업과학원과 농업 AI 협력 모색","지난 7일 우주항공청과 농촌진흥청, 산림청이 공동 추진한 국내 첫 농림위성이 발사되면서 전국 농경지와... 산업별 생성형 AI 구축 사례와 농업 분야에 적용 가능한 맞춤형 AI 사업 모델도 소개했다. 크라우드웍스는... ",https://www.edaily.co.kr/news/newspath.asp?newsid=02797846645514848,https://n.news.naver.com/mnews/article/018/0006330440?sid=105,"Wed, 15 Jul 2026 08:24:00 +0900",2026-07-15 08:55:35
방산/우주항공,우주항공 산업,"삼성전자, 폴더블 디스플레이 새 기준 제시..플렉스 티타늄 기술 공개",모바일 산업의 새로운 방향성을 제시했다. 디스플레이 구조를 재설계해 폴더블 제품의 강점인 시각적... 티타늄은 우주 항공 등 극한의 환경에서 부품으로 사용될 만큼 신뢰성이 높으나 탄성이 높고 견고해 폴더블... ,https://kpenews.com/View.aspx?No=4149542,https://kpenews.com/View.aspx?No=4149542,"Wed, 15 Jul 2026 08:12:00 +0900",2026-07-15 08:55:35
방산/우주항공,우주항공 산업,"경상국립대·UNIST·KAI, 우주항공 공동연구소 설립 협약","경상국립대는 14일 가좌캠퍼스 중앙도서관 회의실에서 울산과학기술원(UNIST), 한국항공우주산업(주)(KAI)과 '우주항공방산 및 AI 핵심기술 공동 연구소' 설립·운영과 미래 핵심기술 개발·전문인력 양성 협약을 체결했다.... ",http://www.enewstoday.co.kr/news/articleView.html?idxno=2448848,http://www.enewstoday.co.kr/news/articleView.html?idxno=2448848,"Wed, 15 Jul 2026 08:10:00 +0900",2026-07-15 08:55:35
방산/우주항공,우주항공 산업,"[전문가 칼럼] 천재 육성, 대한민국의 생존 전략이다","일론 머스크는 자동차와 우주산업을, 샘 올트먼은 생성형 AI를, 젠슨 황은 AI 반도체 혁명을 이끌고 있다.... 셋째, AI·반도체·원자력·우주항공·바이오 등 미래 전략 분야에서는 국적보다 실력을 우선하는 글로벌 인재... ",https://biz.chosun.com/opinion/expert_column/2026/07/15/COIAQCROCRGEFCVZUZFPNN725U/?utm_source=naver&utm_medium=original&utm_campaign=biz,https://n.news.naver.com/mnews/article/366/0001179237?sid=110,"Wed, 15 Jul 2026 06:31:00 +0900",2026-07-15 08:55:35
방산/우주항공,우주항공 산업,[불붙는 KAI 인수전] 비싸진 몸값에 독과점 논란까지...분할 매각안 '솔...,한지연 기자 hanji@ajunews.com KAI 본관 전경[사진=아주경제 DB] 한국항공우주(KAI) 인수전이 본격화하는 가운데... 우주 산업 관계자는 &quot;대기업의 경우 사업 방향이 맞지 않으면 인수 후에도 사업 재편 과정에서 사장되는... ,https://www.ajunews.com/view/20260714140507390,https://www.ajunews.com/view/20260714140507390,"Wed, 15 Jul 2026 05:02:00 +0900",2026-07-15 08:55:35
방산/우주항공,우주항공 산업,"인공위성의 ‘눈과 신경망’, 더 정밀하고 더 빠르게 잇는다","우주산업의 무게중심이 옮겨가고 있다. 위성을 몇 기 쏘아 올리느냐가 경쟁력이던 시대는 저물고 이제는... 가혹한 우주 환경(수송 진동, 극저온, 우주방사선)에서 검증하는 엔드투엔드 통합 역량에 있다. 미국 항공우주... ",https://www.donga.com/news/Economy/article/all/20260714/134291195/2,https://n.news.naver.com/mnews/article/020/0003734027?sid=101,"Wed, 15 Jul 2026 04:36:00 +0900",2026-07-15 08:55:35
방산/우주항공,우주항공 산업,“남해안 우주 시대 열자”… 오늘 특별법 제정 토론회,우주항공복합도시 범위를 경남 사천시에 국한하지 않고 우주항공산업 클러스터로 선정된 전남 고흥군까지 넓혀 영호남 협력으로 돌파구를 마련하겠다는 것. 고흥은 우리나라 최초 우주발사체인 ‘나로호’와 ‘누리호’... ,https://www.donga.com/news/Society/article/all/20260714/134298643/2,https://n.news.naver.com/mnews/article/020/0003734007?sid=102,"Wed, 15 Jul 2026 04:35:00 +0900",2026-07-15 08:55:35
방산/우주항공,우주항공 산업,"&quot;브라질까지 안 옮겨도 돼&quot; 전세계 떠돌던 K로켓, 내년엔 국내서 쏜다",우주항공청이 전남 고흥군 나로우주센터에 민간 발사장을 구축하고 개방하기로 하면서다. 14일 우주청에... 정부는 민간 우주산업 참여가 확대되는 ‘뉴 스페이스’ 흐름에 맞춰 기업들이 국내에서 시험부터 상업 발사까지... ,https://www.hankookilbo.com/news/article/A2026071415340001506?did=NA,https://n.news.naver.com/mnews/article/469/0000942291?sid=105,"Wed, 15 Jul 2026 04:30:00 +0900",2026-07-15 08:55:35
방산/우주항공,우주항공 산업,"[사설] 방산클러스터 유치, 차별화 전략 필요","도는 원주 시내 약 40만 평 규모의 군 유휴 부지에 드론과 우주 항공, 방위 산업을 연계한 미래 산업을 육성하기로 하고, 내달 '강원 방산혁신클러스터 유치·조성 연구용역'을 발주합니다. 국방드론 클러스터는 민선 9기... ",https://www.kado.net/news/articleView.html?idxno=2061309,https://n.news.naver.com/mnews/article/654/0000190501?sid=110,"Wed, 15 Jul 2026 00:07:00 +0900",2026-07-15 08:55:35
방산/우주항공,우주항공 산업,‘우주항공복합도시 특별법’…올해 안 통과 ‘탄력’,"유럽 우주항공산업의 거점, 프랑스 '툴루즈'를 꿈꿨지만, 사천은 2년이 지나도록 우주항공 도시의 면모를 제대로 갖추지 못하고 있습니다. 이 때문에 필요한 것이 우주항공복합도시입니다. 사천시 용현면에 조성할 인구... ",https://news.kbs.co.kr/news/pc/view/view.do?ncd=8610769&ref=A,https://n.news.naver.com/mnews/article/056/0012218110?sid=100,"Tue, 14 Jul 2026 21:47:00 +0900",2026-07-15 08:55:35
방산/우주항공,K방산 수출,"삼양컴텍, 방탄 세라믹 로봇 무인화 시동","글로벌 안보 위기 속에서 'K-방산'이 사상 최대의 호황기를 맞이했으나, 방산 업계는 보이지 않는 병목... 리드타임(생산 소요 시간) 단축과 원가 절감은 까다로운 해외 군용 규격을 충족하는 동시에 수출 단가 경쟁력을... ",https://www.goodkyung.com/news/articleView.html?idxno=289230,https://www.goodkyung.com/news/articleView.html?idxno=289230,"Wed, 15 Jul 2026 08:38:00 +0900",2026-07-15 08:55:36
방산/우주항공,K방산 수출,전북 강소기업 '다산기공'…글로벌 방위산업 새 강자 부상①,중동과 동남아시아 시장에서 K-방산의 성가를 드날리며 그 영향력을 크게 확대하고 있다.다산기공이 필리핀에 수출한 DSAR-15P 소총. '로물루스' 권총.김병군 다산기공 사장은 “단순히 총기를 판매하는 것이 아니라... ,https://news.mtn.co.kr/news-detail/2026071422410478892,https://news.mtn.co.kr/news-detail/2026071422410478892,"Wed, 15 Jul 2026 08:08:00 +0900",2026-07-15 08:55:36
방산/우주항공,K방산 수출,'러브콜' 보내는 나토…'K방산 세일즈' 나선 이재명,이어 열린 나토 방산산업포럼에서는 단순한 무기 수출을 넘어 공동 연구개발(R&amp;D)과 공동 생산을 포함하는 '한국·나토 방산 파트너십 2.0'을 제안하며 'K방산 세일즈'에 직접 나섰다. ◇ 국방비 GDP 5%…수혜는 K방산? 나토는... ,https://weekly.hankooki.com/news/articleView.html?idxno=7173683,https://weekly.hankooki.com/news/articleView.html?idxno=7173683,"Wed, 15 Jul 2026 07:32:00 +0900",2026-07-15 08:55:36
방산/우주항공,K방산 수출,유럽 방산 룰 바뀐다… K-방산 수주 전략 재설계 해야,"흔들리는 K-방산 수주 공식… 단순 수출 시대 저문다 유럽 방산시장 주도권을 쥐려는 프랑스의 공세는 한국 방산 기업에 직접 압박을 가한다. 한화에어로스페이스와 현대로템, 한국항공우주산업(KAI)은 그동안 신속한... ",https://www.g-enews.com/view.php?ud=202607150706093700fbbec65dfb_1,https://www.g-enews.com/view.php?ud=202607150706093700fbbec65dfb_1,"Wed, 15 Jul 2026 07:20:00 +0900",2026-07-15 08:55:36
방산/우주항공,K방산 수출,"현대로템 K2 전차, 국내 첫 NATO 품질인증 획득···“글로벌 방산 공략...","설계, 개발, 제조 등 단계별로 나토 품질 요구사항이 명시돼 있으며 나토 국가 및 파트너국 수출 확대를... 이에 따라 K-방산의 나토 시장 진출 확대에 속도가 붙을 전망이다. 현대로템은 이번 인증 획득이 나토 뿐... ",https://www.munhwa.com/article/11602689?ref=naver,https://n.news.naver.com/mnews/article/021/0002804723?sid=101,"Wed, 15 Jul 2026 06:45:00 +0900",2026-07-15 08:55:36
방산/우주항공,K방산 수출,"캐나다 그 이후…K조선, 태국·필리핀·그리스·사우디로 전선 이동","국가적 방산 수출을 위해 일시적으로 손을 잡았던 양사는 이번 사업을 기점으로 다시 치열한 경쟁 구도로 회귀할 전망이다. 그간 두 회사는 캐나다 수주전에서 공동의 이익을 위해 협력해 왔으나, 향후 전개될 수상함 및... ",https://www.etoday.co.kr/news/view/2603588,https://www.etoday.co.kr/news/view/2603588,"Wed, 15 Jul 2026 05:02:00 +0900",2026-07-15 08:55:36
방산/우주항공,K방산 수출,잇단 수출 실패... 한국 잠수함 생태계 '일감 절벽' 경고등,"장원준 전북대 첨단방산학과 교수가 &quot;이제 잠수함 같은 첨단 무기체계의 수출은 준동맹 체제 구축과 병행해야 한다&quot;고 강조한 이유다. 현재 잠수함 도입을 검토하고 있는 주요 국가는 사우디아라비아, 필리핀, 그리스... ",https://www.hankookilbo.com/news/article/A2026071316040005158?did=NA,https://n.news.naver.com/mnews/article/469/0000942297?sid=101,"Wed, 15 Jul 2026 04:30:00 +0900",2026-07-15 08:55:36
방산/우주항공,K방산 수출,[시사천국] 드론이 바꾼 전쟁의 문법…평화를 위한 K-방산의 과제는?,"속 K 방산의 길을 짚어보겠습니다. 문희정 국제정치평론가 그리고 방위사업청장을 역임한 강은호 전북대... 그다음에 방산 육성, 방산 수출 일만 만 24년 하고 방위사업청장을 끝으로 퇴직했습니다. ▷그래서 지금 이제... ",https://news.cpbc.co.kr/article/1174362?division=NAVER,https://news.cpbc.co.kr/article/1174362?division=NAVER,"Tue, 14 Jul 2026 22:54:00 +0900",2026-07-15 08:55:36
방산/우주항공,K방산 수출,"현대로템, 나토 품질인증 획득… K2 수출 경쟁력 강화","국내 국방품질경영시스템(DQMS)과 유사한 성격의 규격으로, 나토 국가와 파트너국 수출 확대를 위한 선결... 이에 따라 K-방산의 나토 시장 진출 확대에 속도가 붙을 전망이다. 현대로템은 이번 인증 획득이 나토뿐... ",http://www.ikld.kr/news/articleView.html?idxno=337575,http://www.ikld.kr/news/articleView.html?idxno=337575,"Tue, 14 Jul 2026 21:46:00 +0900",2026-07-15 08:55:36
방산/우주항공,K방산 수출,[단독] 美 하원 표결 일정서 빠진 국방예산…군수업계 '제2의 최후의 만...,이는 한국 방산에 기회인 동시에 조건이다. 미국은 부족한 생산능력을 동맹국으로부터 조달하려 하지만 공급망의 통제권까지 넘기려 하지는 않는다. 한국 기업이 미국 시장에 들어가려면 제품을 수출하는 판매자가... ,http://www.newsroad.co.kr/news/articleView.html?idxno=61584,http://www.newsroad.co.kr/news/articleView.html?idxno=61584,"Tue, 14 Jul 2026 21:10:00 +0900",2026-07-15 08:55:36
방산/우주항공,K방산 수출,"현대로템 K2 전차, 국내 최초 나토 품질인증 획득","설계, 개발, 제조 등 단계별로 나토 품질 요구사항이 명시돼 있으며 나토 국가 및 파트너국 수출 확대를... 박차를 가해 산업 생태계를 강화하고 K-방산의 위상을 높일 수 있도록 최선을 다할 것&quot;이라고 말했다.",https://www.gnnews.co.kr/news/articleView.html?idxno=641135,https://www.gnnews.co.kr/news/articleView.html?idxno=641135,"Tue, 14 Jul 2026 20:06:00 +0900",2026-07-15 08:55:36
방산/우주항공,K방산 수출,"현대로템 K2 전차, 국내 최초 나토 품질 인증","설계, 개발, 제조 등 단계별로 나토 품질 요구사항이 명시돼 있으며 나토 국가 및 파트너국 수출 확대를... 공략에 박차를 가해 산업 생태계를 강화하고 K-방산의 위상을 높일 수 있도록 최선을 다할 것&quot;이라고 말했다.",http://www.gnmaeil.com/news/articleView.html?idxno=590734,http://www.gnmaeil.com/news/articleView.html?idxno=590734,"Tue, 14 Jul 2026 20:02:00 +0900",2026-07-15 08:55:36
방산/우주항공,K방산 수출,"[K-방산의 수출전선③] 납품은 시작일 뿐…K-방산, 현지 생산·정비로 승...","월요신문은 [K-방산의 수출전선] 기획을 통해 K-방산이 해외에서 선택된 배경과 전쟁 방식 변화, 현지 생산·정비·후속지원 과제를 짚어본다. 편집자주 빠른 납기와 생산능력으로 해외시장을 연 K-방산이 납품 이후의... ",https://www.wolyo.co.kr/news/articleView.html?idxno=314997,https://www.wolyo.co.kr/news/articleView.html?idxno=314997,"Tue, 14 Jul 2026 19:26:00 +0900",2026-07-15 08:55:36
방산/우주항공,K방산 수출,韓총리 “수출 5대 강국 목표에 집중…품목·시장 다변화”,수출의 견고한 확대를 위해 주요국과의 파트너십 강화를 추진하겠다”고 했다. 한 총리는 “국제적 신뢰가 쌓이고 있는 방산과 원전 수주를 위해 정부는 경제외교의 폭을 더욱더 넓히고 있다”고 강조했다. 그러면서 “K... ,https://biz.heraldcorp.com/article/10808851?ref=naver,https://n.news.naver.com/mnews/article/016/0002670265?sid=100,"Tue, 14 Jul 2026 18:58:00 +0900",2026-07-15 08:55:36
방산/우주항공,K방산 수출,‘3·4·5 비전’ 달성 위해 공공기관 2차 이전 내년 본격 진행,"정부 관계자는 “2030년까지 3·4·5비전(잠재성장률 3%·수출 4강·소득 5만 달러)을 달성하기 위해 최선을 다할 것”이라며 “대규모 투자를 통해 피지컬AI와 자동차, 방산 등 생산성 향상을 통해 경제 전반의 생산성이... ",https://www.busan.com/view/busan/view.php?code=2026071418335502244,https://n.news.naver.com/mnews/article/082/0001389753?sid=101,"Tue, 14 Jul 2026 18:36:00 +0900",2026-07-15 08:55:36
방산/우주항공,K방산 수출,韓총리 &quot;수출 5대 강국 목표에 집중…'모두의 수출' 위해 노력&quot;,"선박은 수출의 견고한 확대를 위해 주요국과의 파트너십 강화를 추진하겠다&quot;고 약속했다. 또 &quot;국제적 신뢰가 쌓이고 있는 방산과 원전 수주를 위해 정부는 경제외교의 폭을 더욱더 넓히고 있다&quot;며 &quot;K-뷰티, K-푸드와 같은... ",https://www.yna.co.kr/view/AKR20260714164600001?input=1195m,https://n.news.naver.com/mnews/article/001/0016194595?sid=100,"Tue, 14 Jul 2026 18:26:00 +0900",2026-07-15 08:55:36
철강/조선,철강 주가,'테마섹' 본뜬다던 한국형 국부펀드…반년 만에 KIC로 방향 틀었다,"주가누르기 방지를 위한 조치다. 양극화 극복 역시 경제정책방향의 중요 축이다. 정부는 청년, 중소기업 등... 2035년까지 산업부문 탄소를 24% 이상 감축하기 위한 목표를 설정하고 철강·석유화학·정유·시멘트·반도체 등... ",https://www.mt.co.kr/economy/2026/07/15/2026071422594251937,https://n.news.naver.com/mnews/article/008/0005386153?sid=101,"Wed, 15 Jul 2026 06:30:00 +0900",2026-07-15 08:55:36
철강/조선,철강 주가,‘PBR 0.39배’ 철강株…‘P·Q·C’ 개선에 볕드나,"국내 철강주의 ‘주가순자산비율(PBR)’이 주요 업종 가운데 가장 낮은 수준에 머무르고 있다. 그나마 중국산 저가 물량 감소와 제품가격 상승, 인공지능(AI) 인프라 수요 확대, 원재료비 안정이 맞물리면서... ",https://www.sedaily.com/article/20067663?ref=naver,https://n.news.naver.com/mnews/article/011/0004641651?sid=101,"Wed, 15 Jul 2026 06:16:00 +0900",2026-07-15 08:55:36
철강/조선,철강 주가,"[올댓차이나] 대만 증시, 美 반도체 약세 여파로 반락 마감…1.42%↓","주요 8대 업종 가운데 시장 비중이 절대적인 전자기기주가 1.67%, 시멘트·요업주 1.63%, 식품주 0.26... 05%, 철강주 다청강 2.89%, 방직주 신광합성섬유(新纖) 2.33%, 궈징화학 5.47%, 상하이 상은 1.25%, 화난금융 0.64... ",https://www.newsis.com/view/NISX20260714_0003709381,https://n.news.naver.com/mnews/article/003/0014066865?sid=104,"Tue, 14 Jul 2026 20:00:00 +0900",2026-07-15 08:55:36
철강/조선,철강 주가,"[특징주] 신원·드림텍 등 코스피 41개사, 15일 자사주 매수","신탁 취득 기업 중에서는 보락(002760), 키다리스튜디오(020120), 엔케이(085310), 한국철강(104700)이 각각... 실제 취득 물량은 장중 주가와 거래 상황에 따라 신청 수량과 달라질 수 있다. 자료 : 한국거래소 분석... ",https://www.newstnt.com/news/articleView.html?idxno=710205,https://www.newstnt.com/news/articleView.html?idxno=710205,"Tue, 14 Jul 2026 18:46:00 +0900",2026-07-15 08:55:36
철강/조선,철강 주가,대주주 '주가 누르기' 못하게…상속세법 손질,"정부는 주가 누르기 기업을 ‘PBR 0.8배’라는 단일 기준으로 선별하는 데는 신중한 입장이다. 철강·석유화학 같은 장치산업과 금융·건설회사, 지주회사처럼 PBR이 구조적으로 낮은 기업까지 세 부담을 키울 수 있어서다.... ",https://www.hankyung.com/article/2026071449261,https://n.news.naver.com/mnews/article/015/0005309877?sid=101,"Tue, 14 Jul 2026 17:17:00 +0900",2026-07-15 08:55:36
철강/조선,철강 주가,포스코홀딩스 '투척' 가까운 자산과 계열사 지분 매각 시도 : 장인화 '리...,이에 한쪽에서는 계열사 주가 하락과 신사업 적자 누적을 우려하는 목소리가 나온다. 하지만 장 회장은 흔들림 없이 시장의 장기적 성장성에 베팅하고 있다. 14일 철강업계에 따르면 최근 포스코그룹 내에서 사업... ,https://www.huffingtonpost.kr/article/258731,https://www.huffingtonpost.kr/article/258731,"Tue, 14 Jul 2026 16:50:00 +0900",2026-07-15 08:55:36
철강/조선,철강 주가,롤러코스터 탄 코스피 6850대로 반도체가 지탱…삼성전자 3%↑,"AI(인공지능) 반도체 업종의 주가 고평가 논란이 이어지는 가운데 매도 물량이 쏟아졌다. 마이크론(-4.... 24%), 철강·금속(-2.97%), IT서비스(-2.69%), 오락·문화(-2.60%), 건설업(-2.41%), 음식료품(-2.36%), 의약품(-2.28... ",http://www.smedaily.co.kr/news/articleView.html?idxno=360291,http://www.smedaily.co.kr/news/articleView.html?idxno=360291,"Tue, 14 Jul 2026 16:08:00 +0900",2026-07-15 08:55:36
철강/조선,철강 주가,코스닥 제약바이오 4개월 새 반토막…금리·수급·대형주 겹악재,"제약바이오주가 3월 이후 급격한 조정을 받고 있다. 미국-이란 지정학적 리스크 이후 반도체 중심... 반도체와 정보기술 등 AI 투자 사이클과 연결된 업종은 강세를 보였지만, 헬스케어·철강·증권·에너지화학·자동차... ",https://www.medicopharma.co.kr/news/articleView.html?idxno=68713,https://www.medicopharma.co.kr/news/articleView.html?idxno=68713,"Tue, 14 Jul 2026 15:06:00 +0900",2026-07-15 08:55:36
철강/조선,철강 주가,"미래에셋證 “현대제철, 상저하고 흐름 유효…신수요 가시성 확대”",확대되면 철강재 수요가 늘어날 수 있다. 기존 건설 경기 의존도를 낮추고 신규 산업 수요로 매출 기반을 넓힐 수 있는 부분이다. 밸류에이션 측면에서는 저평가 논리가 유지됐다. 목표주가는 2026년 추정 주당순자산... ,https://www.thepowernews.co.kr/view.php?ud=202607141403578635de3f0aa1be_7,https://www.thepowernews.co.kr/view.php?ud=202607141403578635de3f0aa1be_7,"Tue, 14 Jul 2026 14:34:00 +0900",2026-07-15 08:55:36
철강/조선,철강 주가,"'자동차·건설 겹경사' 영흥, 와이어로프 수주 가속도에 실적 기지개",자동차 부품용 선재(CHQ WIRE)와 대형 구조물 및 건설 현장에 필수적인 와이어로프 등 고부가 철강 가공 제품의 신규 수주가 빠르게 축적되는 모양새다. 영흥은 선제적인 설비 투자와 계열사 합병 등을 통해 구축한 고품질... ,https://www.pinpointnews.co.kr/news/articleView.html?idxno=468317,https://www.pinpointnews.co.kr/news/articleView.html?idxno=468317,"Tue, 14 Jul 2026 13:56:00 +0900",2026-07-15 08:55:36
철강/조선,철강 주가,[증권가 소식] 삼성증권ㆍ미래에셋자산운용ㆍ신한투자증권(7.14),"이를 통해 월분배 재원을 확보하는 동시에 주가 상승에 따른 자본차익에도 참여하는 전략을 구사한다.... 아울러 모빌리티 펀드를 시작으로 반도체와 2차전지, 철강, 방산 등 국가 핵심 산업 분야로 생산적 금융과... ",http://www.weeklytoday.com/news/articleView.html?idxno=785114,http://www.weeklytoday.com/news/articleView.html?idxno=785114,"Tue, 14 Jul 2026 10:26:00 +0900",2026-07-15 08:55:36
철강/조선,철강 주가,반도체 메가특구 근로자 민간 아파트 특별공급 검토,"■ AI 특수, 철강·IT 전반으로 확산: 글로벌 AI 데이터센터 건설 수요가 급증하며 6월 철강 수출이 14개월... 한도 풀어달라” ▶기사 바로가기: 거래대금 확대·7% 넘는 배당률…“NH투자증권 주가 35% 상승 여력”",https://www.sedaily.com/article/20067388?ref=naver,https://n.news.naver.com/mnews/article/011/0004641322?sid=101,"Tue, 14 Jul 2026 10:01:00 +0900",2026-07-15 08:55:36
철강/조선,조선 산업,"英 앤 공주, HD현대중공업 본사 방문…조선·방산 영토 확장 논의","영국 정부가 국가적 차원에서 조선·해양 산업의 부흥을 추진하는 상황에서 이뤄진 방문이다. ​15일 업계에 따르면 영국 엘리자베스 2세 여왕의 딸인 앤 공주와 남편 티머시 로런스 경, 콜린 크룩스 주한영국대사... ",http://www.srtimes.kr/news/articleView.html?idxno=207562,http://www.srtimes.kr/news/articleView.html?idxno=207562,"Wed, 15 Jul 2026 08:50:00 +0900",2026-07-15 08:55:37
철강/조선,조선 산업,"【기고】거제~마산 해상구간, 주민의 삶을 지키는 국가사업이어야","특히 거제는 세계 최고의 조선산업 도시다. 조선산업의 경쟁력은 조선소 안에서만 만들어지지 않는다. 항만과 도로, 철도가 유기적으로 연결될 때 비로소 산업 경쟁력이 완성된다. 국도 5호선 거제~마산 해상구간을 지역... ",https://www.viva100.com/article/20260715500124,https://www.viva100.com/article/20260715500124,"Wed, 15 Jul 2026 08:48:00 +0900",2026-07-15 08:55:37
철강/조선,조선 산업,타밀나두 이어 안드라프라데시도 HD한국조선해양 유치전…인도 거점 확...,"이번 제안은 인도 정부가 조선산업 육성에 속도를 내는 가운데 나왔다. 인도 정부는 2047년까지 세계 5대 조선강국 진입을 목표로 자국 선박 보유량을 현재의 7배인 1억GT, 연간 선박 건조량은 450만GT까지 확대한다는... ",https://www.pinpointnews.co.kr/news/articleView.html?idxno=468390,https://www.pinpointnews.co.kr/news/articleView.html?idxno=468390,"Wed, 15 Jul 2026 08:42:00 +0900",2026-07-15 08:55:37
철강/조선,조선 산업,"영국 앤 공주, HD현대중공업 방문… 한·영 조선·해양 협력 강화","HD현대 정기선 회장과 이상균 부회장, 주원호 사장 등 경영진은 앤 공주 일행에게 세계 최고 수준의 조선 기술력과 경쟁력을 소개하며 조선·해양산업 협력 방안을 교환했다. 앤 공주는 선박 및 특수선 건조 현장과 엔진... ",https://www.ilyoseoul.co.kr/news/articleView.html?idxno=519865,https://www.ilyoseoul.co.kr/news/articleView.html?idxno=519865,"Wed, 15 Jul 2026 08:28:00 +0900",2026-07-15 08:55:37
철강/조선,조선 산업,"[기고] &quot;거제~마산 해상구간, 주민의 삶을 지키는 국가사업이어야&quot;","거제는 세계 최고의 조선산업 도시다. 조선산업의 경쟁력은 조선소 안에서만 만들어지지 않는다. 항만과 도로, 철도가 유기적으로 연결될 때 비로소 산업 경쟁력이 완성된다. 국도 5호선 거제~마산 해상구간을 지역 도로가... ",https://www.newspim.com/news/view/20260715000053,https://www.newspim.com/news/view/20260715000053,"Wed, 15 Jul 2026 07:33:00 +0900",2026-07-15 08:55:37
철강/조선,조선 산업,울산 현대重 찾은 앤 공주… 韓·英 방산 협력 논의,이날 자리는 영국 정부가 조선·해양산업 육성을 추진하는 가운데 마련됐다. 앤 영국 공주(왼쪽)와 정기선 HD현대 회장이 14일 HD현대중공업 울산조선소에서 대화를 나누고 있다. HD현대 제공 HD현대와 영국의 인연은... ,https://www.segye.com/newsView/20260714519140?OutUrl=naver,https://n.news.naver.com/mnews/article/022/0004143145?sid=101,"Wed, 15 Jul 2026 06:02:00 +0900",2026-07-15 08:55:37
철강/조선,조선 산업,英 왕실·HD현대 50년 인연… 울산조선소 방문한 앤 공주,"영국 왕실의 앤 공주가 HD현대중공업을 방문해 조선·해양산업 협력 방안을 논의하며 HD현대와 영국 왕실의 오랜 인연을 재확인했다. HD현대중공업은 14일 영국 앤 공주가 티머시 로런스 경, 콜린 크룩스 주한영국대사... ",https://www.seoul.co.kr/news/economy/industry/2026/07/15/20260715032003?wlog_tag3=naver,https://n.news.naver.com/mnews/article/081/0003661283?sid=101,"Wed, 15 Jul 2026 05:05:00 +0900",2026-07-15 08:55:37
철강/조선,조선 산업,'해양수도 밑그림' 전재수호 조직 개편 시동…시의회 문턱 넘을까,"특히 해양수도에 핵심적인 조선 관련 산업 기능과 문화·레저 업무 등을 한 부서로 일원화함으로써 향후 부산에 정책과 산업, 사업 등 해양 관련 주요 기능이 집적화하는 과정에 호응하고 주무 부처인 해양수산부와 1대 1... ",https://www.nocutnews.co.kr/news/6548046?utm_source=naver&utm_medium=article&utm_campaign=20260715050032,https://n.news.naver.com/mnews/article/079/0004168464?sid=102,"Wed, 15 Jul 2026 05:01:00 +0900",2026-07-15 08:55:37
철강/조선,조선 산업,"[게시판] 래블업, UN AI 서밋에서 AI 인프라 운영 사례 발표 등 단신",AI 서비스에 필요한 초저지연·대용량 통신을 제공하는 차세대 네트워크다. KT는 AI 자율 운용 네트워크를 구축해 조선소 등 산업 현장에서 다수의 로봇이 안정적으로 운영될 수 있는 통신 환경을 검증할 예정이다.,https://www.aitimes.com/news/articleView.html?idxno=212767,https://www.aitimes.com/news/articleView.html?idxno=212767,"Wed, 15 Jul 2026 04:34:00 +0900",2026-07-15 08:55:37
철강/조선,조선 산업,HD현대 간 英 앤 공주… 현대家와 반세기 인연,"이번 방문은 영국 정부가 조선·해양산업 육성을 추진하는 상황에서 마련됐다. 정기선 HD현대 회장을 비롯한 경영진이 앤 공주 일행을 맞았다. 앤 공주는 선박·특수선 건조 현장과 엔진 공장을 둘러보고, 영국 방산... ",https://www.kmib.co.kr/article/view.asp?arcid=1784016006&code=11151400&cp=nv,https://n.news.naver.com/mnews/article/005/0001861020?sid=101,"Wed, 15 Jul 2026 02:02:00 +0900",2026-07-15 08:55:37
철강/조선,조선 산업,"이 대통령, 영국 앤 공주 접견...&quot;양국 우정 잇는 새 이정표 되길&quot;","앤 공주는 부산 유엔기념공원을 찾아 참전용사들을 추모한 데 이어 울산 HD현대중공업을 방문해 정기선 HD현대 회장, 이상균 HD현대중공업 부회장, 주원호 사장 등 경영진과 선박 건조 시설을 둘러보고 조선·해양산업 협력... ",http://www.enewstoday.co.kr/news/articleView.html?idxno=2448876,http://www.enewstoday.co.kr/news/articleView.html?idxno=2448876,"Wed, 15 Jul 2026 02:00:00 +0900",2026-07-15 08:55:37
철강/조선,조선 산업,英 왕실-HD현대중공업 반세기 인연 눈길,이어 한·영 간 조선·해양산업 협력 방안에 대해 의견을 교환했다. 이번 방문은 영국 정부가 조선·해양산업 육성을 추진하는 가운데 마련됐다. 앤 공주는 HD현대중공업의 선박·특수선 건조 현장과 엔진 공장을 직접... ,https://www.ksilbo.co.kr/news/articleView.html?idxno=1062178,https://www.ksilbo.co.kr/news/articleView.html?idxno=1062178,"Wed, 15 Jul 2026 00:02:00 +0900",2026-07-15 08:55:37
철강/조선,선박 수주,"키움증권 &quot;한화오션·HD현대중, 잠수함 수주불발에도 성장 기대&quot;","키움증권은 한화오션과 HD현대중공업의 캐나다 잠수함 사업(CPSP) 수주가 불발된 것이 &quot;다소 아쉽다&quot;며 15일... 특히 &quot;고가 선박의 비중 확대와 생산성 개선, 우호적인 환 영향이 반영되며 호실적을 달성할 것&quot;이라고... ",https://www.yna.co.kr/view/AKR20260715033400008?input=1195m,https://n.news.naver.com/mnews/article/001/0016194964?sid=101,"Wed, 15 Jul 2026 08:51:00 +0900",2026-07-15 08:55:37
철강/조선,선박 수주,"'수주 불발' 현대중공업·한화오션, 목표주가 88만원·14만4천원으로 하...",이 연구원은 &quot;한화오션은 올해 6월 말 기준 상선 부문에서 21척의 선박을 수주해 약 34억 달러의 일감을 확보했다&quot;며 &quot;지난해 연간 신조 수주 실적이 약 95억 달러 규모였음을 감안할 때 하반기 상선 부문 추가적인... ,https://news.einfomax.co.kr/news/articleView.html?idxno=4425021,https://news.einfomax.co.kr/news/articleView.html?idxno=4425021,"Wed, 15 Jul 2026 08:34:00 +0900",2026-07-15 08:55:37
철강/조선,선박 수주,"“HD현대중공업, 캐나다 수주 실패에 목표가 내지리만…상승 동력 여전...",조업일수가 늘어난 데다 건조 선박의 선가 상승과 생산성 개선이 이어지면서 조선·해양 부문의 실적... 수주 흐름도 견조하다는 평가다. HD현대중공업은 올해 수주 목표를 204억달러로 제시한 가운데 5월 말 기준... ,https://www.mk.co.kr/article/12098854,https://n.news.naver.com/mnews/article/009/0005707606?sid=101,"Wed, 15 Jul 2026 08:14:00 +0900",2026-07-15 08:55:37
철강/조선,선박 수주,"키움증권 &quot;한화오션, 2분기 어닝 서프라이즈 기대...하반기 추가 수주 관...","하반기 수주 과제를 반영해 목표주가를 14만4000원으로 하향 조정했다. 투자의견은 '매수'를 유지했다. 15일 이한결 키움증권 연구원은 &quot;지난 분기에 이어 상선 부문은 고가 선박 비중 확대와 생산성 개선, 우호적인 환... ",https://www.etoday.co.kr/news/view/2603803,https://www.etoday.co.kr/news/view/2603803,"Wed, 15 Jul 2026 08:04:00 +0900",2026-07-15 08:55:37
철강/조선,선박 수주,"한화오션, 캐나다 잠수함 불발 아쉽지만…성장 기대 유효-키움","전년 동기 대비 각각 45.9%, 47.3% 증가한 수준으로 영업이익은 시장 컨센서스를 웃돌 것으로 예상했다. 영업이익률(OPM)은 11.4%로 추정했다. 이한결 키움증권 연구원은 “상선 부문은 고가 선박 비중 확대와 생산성... ",https://www.edaily.co.kr/news/newspath.asp?newsid=02624006645514848,https://n.news.naver.com/mnews/article/018/0006330403?sid=101,"Wed, 15 Jul 2026 07:54:00 +0900",2026-07-15 08:55:37
철강/조선,선박 수주,"'60조 캐나다 잠수함전' 판세 격변…한화오션, 현지화 투자 잠정중단","잠수함 수주 확보를 전제로 설계됐던 조건부 산업 협력 패키지가 판세 변화와 함께 효력을 잃으면서... 용접, 선박 로보틱스, 비파괴 검사 등 핵심 제조 노하우를 전수할 복합 교육단지를 구축할 예정이었다. 캐나다... ",https://www.g-enews.com/view.php?ud=202607150723286190e8b8a793f7_1,https://www.g-enews.com/view.php?ud=202607150723286190e8b8a793f7_1,"Wed, 15 Jul 2026 07:26:00 +0900",2026-07-15 08:55:37
철강/조선,선박 수주,"[조선사 OS 경쟁] ①선박 AI 도입 속도, 자율운항이 뜬다",국내 조선업계가 선박 건조를 넘어 인공지능(AI) 기반의 독자적인 운영체제(OS) 제작에 속도를 내고 있다. 수주 사이클의 변동성과 인력 부족 사태를 소프트웨어 기술력으로 돌파하기 위한 전략이다. 이에 FETV는 국내... ,https://www.fetv.co.kr/news/articleView.html?idxno=306336,https://www.fetv.co.kr/news/articleView.html?idxno=306336,"Wed, 15 Jul 2026 07:00:00 +0900",2026-07-15 08:55:37
철강/조선,선박 수주,[N2 포커스] &quot;2050 넷제로&quot; 그 이후…제조업계 탄소중립 성적표 살펴보니,"글로벌 수주 경쟁력을 높여 나갈 계획&quot;이라고 밝혔다. ■ 미래항공부터 저탄소 선박까지…업종별 탄소중립 전략도 다양 KAI와 한화오션, 현대로템은 미래항공기 개발과 친환경 선박 기술, 재생에너지 확대 등 업종별... ",https://www.news2day.co.kr/article/20260714500160,https://www.news2day.co.kr/article/20260714500160,"Wed, 15 Jul 2026 06:20:00 +0900",2026-07-15 08:55:37
철강/조선,선박 수주,美 해상봉쇄 재개 앞두고 상선 22척 호르무즈 통과,미국의 대이란 해상봉쇄 재개를 앞둔 가운데 호르무즈 해협을 통과하는 상업용 선박의 통행량이 여전히 저조한 수준에 머물고 있는 것으로 나타났다. 14일(현지 시간) CNN은 선박 위치추적업체 '마린트래픽'을 인용해... ,https://www.newsis.com/view/NISX20260715_0003709473,https://n.news.naver.com/mnews/article/003/0014067042?sid=104,"Wed, 15 Jul 2026 04:33:00 +0900",2026-07-15 08:55:37
철강/조선,선박 수주,韓총리 &quot;글로벌 수출 5대 강국 목표…연 수출 1조달러 함께 열자&quot;,"그러면서 &quot;반도체와 자동차, 선박 등 주력 산업은 주요국과의 파트너십을 강화하고, 국제적 신뢰가 높아진 방산과 원전 수주를 위해 경제외교를 더욱 확대하겠다&quot;고 말했다. 또 &quot;K-뷰티와 K-푸드 등 유망 소비재 산업은 K... ",https://www.news1.kr/politics/president/6228125,https://n.news.naver.com/mnews/article/421/0009059476?sid=100,"Tue, 14 Jul 2026 18:21:00 +0900",2026-07-15 08:55:37
철강/조선,선박 수주,한 총리 &quot;연 1조달러 수출 눈앞…글로벌 5대 수출 강국에 역량 집중&quot;,"한 총리는 또한 &quot;세계 시장을 선도해 온 반도체와 자동차, 선박은 수출의 견고한 확대를 위해 주요국과의 파트너십 강화를 추진하겠다&quot;며 &quot;국제적 신뢰가 쌓이고 있는 방산과 원전 수주를 위해서 정부는 경제외교의 폭을... ",https://www.newsis.com/view/NISX20260714_0003709305,https://n.news.naver.com/mnews/article/003/0014066777?sid=100,"Tue, 14 Jul 2026 18:10:00 +0900",2026-07-15 08:55:37
철강/조선,선박 수주,"[특별기고] 미 군함 건조, 수주보다 ‘조선동맹’ 설계가 먼저다",지금 중요한 것은 당장의 수주 가능성보다 이 문제가 한·미 정상 차원에서 반복적으로 논의될 만큼 전략적... 미국 연방법은 미군용 선박과 선체·상부구조의 주요 구성품을 외국 조선소에서 건조하는 것을 원칙적으로... ,https://biz.heraldcorp.com/article/10808486?ref=naver,https://n.news.naver.com/mnews/article/016/0002670251?sid=110,"Tue, 14 Jul 2026 18:01:00 +0900",2026-07-15 08:55:37
철강/조선,선박 수주,"美는 이란을 못 꺾고, 이란은 美를 못 몰아낸다[최종일의 월드 뷰]","MOU 제5항은 상업용 선박의 안전한 통항을 위해 이란이 최선의 노력을 다하도록 규정하고 있지만, 이를 둘러싼... 그래서 앞으로 수일 또는 수주 동안 양측은 전면전을 피하면서도 자신에게 유리한 협상 환경을 만들기 위해... ",https://www.news1.kr/world/usa-canada/6227986,https://n.news.naver.com/mnews/article/421/0009059348?sid=110,"Tue, 14 Jul 2026 17:03:00 +0900",2026-07-15 08:55:37
철강/조선,선박 수주,조선업 첫 노사정협의체 출범…원하청 격차·인력난 논의 창구 마련,"그동안 조선업계는 수주 회복과 고부가 선박 확대에 힘입어 호황 국면에 들어섰지만, 현장에서는 숙련인력 부족과 원·하청 임금·처우 격차, 산업안전 문제가 주요 과제로 남아 있었다. 협의체는 앞으로 조선업의 지속... ",https://www.pinpointnews.co.kr/news/articleView.html?idxno=468360,https://www.pinpointnews.co.kr/news/articleView.html?idxno=468360,"Tue, 14 Jul 2026 16:54:00 +0900",2026-07-15 08:55:37
철강/조선,선박 수주,"조선3사, 2분기 영업이익 2조원 육박 전망…고선가 효과에 전년비 80%↑",고선가 선박 수주 효과가 본격적으로 매출에 반영되는 가운데 액화천연가스(LNG) 운반선 중심의 선종 구성 개선과 생산성 향상 등이 더해지면서 조선3사 2026년 2분기 합산 영업이익은 지난 2025년보다 80% 이상 증가할... ,https://www.ddaily.co.kr/page/view/2026071416180738786,https://n.news.naver.com/mnews/article/138/0002234180?sid=101,"Tue, 14 Jul 2026 16:37:00 +0900",2026-07-15 08:55:37
에너지/석유,에너지 주가,"트럼프, 이란에 최후 통첩…&quot;내주까지 합의 없으면 발전소 공격&quot;",트럼프 대통령은 14일(현지시간) 폭스뉴스 인터뷰에서 미국과 이란 대표단이 이날 접촉했다며 &quot;다음 주가... 통한 에너지 수출을 통제할 수 있다는 입장도 밝혔다. 트럼프 대통령은 호르무즈 해협을 통과하는 민간 선박에... ,http://www.4th.kr/news/articleView.html?idxno=2114769,http://www.4th.kr/news/articleView.html?idxno=2114769,"Wed, 15 Jul 2026 08:50:00 +0900",2026-07-15 08:55:38
에너지/석유,에너지 주가,또 오락가락 트럼프 &quot;호르무즈 통행료 중동투자협정으로 대체...내주까...,그러나 이는 국제사회는 물론 호르무즈 해협을 통해 에너지를 수출하고 있는 중동 국가들의 강한 반발을... 트럼프는 이날 폭스뉴스 인터뷰에서 &quot;다음 주가 되면 그들에게 정말 상황이 나빠질 것이다. 왜냐면 다음 주에는... ,https://www.livebiz.today/news/articleView.html?idxno=203340,https://www.livebiz.today/news/articleView.html?idxno=203340,"Wed, 15 Jul 2026 08:50:00 +0900",2026-07-15 08:55:38
에너지/석유,에너지 주가,"삼성重, 꽉 찬 수주에 2Q 호실적 전망…시선은 FDC로","이한결 키움증권 연구원은 &quot;글로벌 에너지 공급망 재편 영향으로 LNG선, 탱커선 발주가 증가하며 수혜가 발생했다&quot;면서 &quot;하반기에도 가스선, 탱커선 문의가 지속돼 올해 수주 목표 초과 달성이 유력하다&quot;고 분석했다.... ",https://news.einfomax.co.kr/news/articleView.html?idxno=4425031,https://news.einfomax.co.kr/news/articleView.html?idxno=4425031,"Wed, 15 Jul 2026 08:48:00 +0900",2026-07-15 08:55:38
에너지/석유,에너지 주가,美 물가 4년 만 최대 하락에 암호화폐 시장 숏 '초토화'…청산 불균형 ...,"연간 물가상승률은 3.5%로 둔화했고, 변동성이 큰 식품과 에너지를 제외한 근원 CPI도 2.6%까지 낮아졌다.... 미국 주가지수 선물도 상승하며 위험자산 선호 심리가 살아나는 모습을 보였다. 가장 먼저 영향을 받은 곳은... ",https://www.digitaltoday.co.kr/news/articleView.html?idxno=684176,https://www.digitaltoday.co.kr/news/articleView.html?idxno=684176,"Wed, 15 Jul 2026 08:42:00 +0900",2026-07-15 08:55:38
에너지/석유,에너지 주가,"전기료 급등 가능성에 美뉴욕주, 대형 데이터센터 신축 1년 미루기로","미국 주정부 가운데 데이터센터 건립 유예를 도입한 건 뉴욕주가 처음이다. 이번 조치는 데이터센터가... 이에 따라 뉴욕주 공공서비스국(DPS)은 신규 데이터센터가 에너지, 수질, 대기질에 미치는 영향에 대한 종합적인... ",https://www.theguru.co.kr/news/article.html?no=104436,https://www.theguru.co.kr/news/article.html?no=104436,"Wed, 15 Jul 2026 08:30:00 +0900",2026-07-15 08:55:38
에너지/석유,에너지 주가,&quot;내년 메모리 공급 '제로' 수준…SK하이닉스 매수 기회&quot;,"KB증권 김동원 &quot;최근 주가 하락, 심리적 우려에 따른 것&quot; 내년 메모리 공급 부족은 사실상 공급 제로 수준에... 최근 미국 연방에너지규제위원회(FERC)는 AI 데이터센터 건설의 최대 병목 요인이었던 전력망 연결 절차... ",https://news.einfomax.co.kr/news/articleView.html?idxno=4425017,https://news.einfomax.co.kr/news/articleView.html?idxno=4425017,"Wed, 15 Jul 2026 08:26:00 +0900",2026-07-15 08:55:38
에너지/석유,에너지 주가,"SK하이닉스, AI 데이터센터 건설 속도 가속화 '직수혜'…&quot;메모리 공급, ...",&quot;최근의 주가 하락은 심리적 우려에 따른 것… 과도한 우려는 오히려 좋은 매수 기회&quot; KB증권은 15일... 김 연구원은 &quot;AI 데이터센터의 건설 속도 역시 두 배 이상 빨라질 것&quot;이라며 &quot;최근 미국 연방에너지규제위원회... ,http://www.newsprime.co.kr/news/article.html?no=740365,http://www.newsprime.co.kr/news/article.html?no=740365,"Wed, 15 Jul 2026 08:22:00 +0900",2026-07-15 08:55:38
에너지/석유,에너지 주가,[브라질증시] 美 CPI 호조에 상승 마감…헤알 강세,브라질 대표 주가지수인 이보베스파는 전 거래일보다 0.51% 상승한 17만6641.10에 거래를 마쳤다. 이날 발표된... 이날 투자자들은 미국과 이란 간 충돌이 에너지 가격 상승세를 유지시킬 수 있다는 점을 우려하며... ,https://www.newspim.com/news/view/20260715000095,https://www.newspim.com/news/view/20260715000095,"Wed, 15 Jul 2026 08:21:00 +0900",2026-07-15 08:55:38
에너지/석유,에너지 주가,SK하닉 9%·삼전 6% 급등…美 반도체 훈풍에 프리마켓 반등,"미국 반도체주 강세와 SK하이닉스 미국주식예탁증서(ADR) 폭등에 힘입어 국내 반도체주가 프리마켓에서... 이 밖에 삼성전기와 현대차, LG에너지솔루션 등 시가총액 상위 종목 대부분도 오름세를 나타내고 있다.... ",https://www.dt.co.kr/article/12072980?ref=naver,https://n.news.naver.com/mnews/article/029/0003037128?sid=101,"Wed, 15 Jul 2026 08:19:00 +0900",2026-07-15 08:55:38
에너지/석유,에너지 주가,[미국 특징주] 월가 'AI 특수'에 수수료 쓸어담는다…딜·파이낸싱 호황,"골드만삭스 로고 [사진=블룸버그통신] 다만 7월 들어 기술주, 특히 반도체 제조업체 주가는 부진한 흐름을... &quot;AI가 대화를 지배&quot;: 씨티 씨티그룹 제인 프레이저 CEO는 콘퍼런스콜에서 기술과 데이터센터, 에너지, 국방... ",https://www.newspim.com/news/view/20260715000086,https://www.newspim.com/news/view/20260715000086,"Wed, 15 Jul 2026 08:18:00 +0900",2026-07-15 08:55:38
에너지/석유,에너지 주가,"美 뉴욕주, 대형 데이터센터 건설 1년간 중단",미국 뉴욕주가 인공지능(AI) 업계의 폭발적인 인프라 확장세에 제동을 걸며 처음으로 대형 데이터센터 건설을... 뉴욕주는 향후 1년 동안 데이터센터가 환경과 에너지 망에 미치는 영향을 종합적으로 평가하는 광범위한... ,http://www.choicenews.co.kr/news/articleView.html?idxno=168191,http://www.choicenews.co.kr/news/articleView.html?idxno=168191,"Wed, 15 Jul 2026 08:18:00 +0900",2026-07-15 08:55:38
에너지/석유,에너지 주가,"전기세 부담탓?…美뉴욕주, ‘대형 데이터센터 건설 1년 유예’ 최초 도...",미국 뉴욕주가 미국 내 50개 주(州) 가운데 최초로 대형 데이터센터 건설을 유예하는 정책을 도입했다. 14일... 전기에너지를 막대하게 사용하고 지역 전기요금 인상을 초래한다며 건립을 반대하는 목소리를 내고 있다. 이번... ,https://biz.heraldcorp.com/article/10809086?ref=naver,https://n.news.naver.com/mnews/article/016/0002670380?sid=104,"Wed, 15 Jul 2026 08:16:00 +0900",2026-07-15 08:55:38
에너지/석유,에너지 주가,"[애널리포트] KB증권 “삼성전자, 이번 조정은 시장의 과도한 우려 때문...",최근 삼성전자 주가는 AI 투자 둔화 우려를 반영하며 전고점 대비 30% 하락했다. 그러나 AI 인프라 산업의... 최근 미국 연방에너지규제위원회가 전력망 연결 절차를 패스트트랙으로 간소화했기 때문이다. 이에 기존 5년... ,http://www.segyebiz.com/newsView/20260715505192?OutUrl=naver,http://www.segyebiz.com/newsView/20260715505192?OutUrl=naver,"Wed, 15 Jul 2026 08:16:00 +0900",2026-07-15 08:55:38
에너지/석유,석유 시장,"[이슈분석] '14조 유가 담합' 기소 후폭풍에…정유업계, 5조 손실보전 신...","전량구매계약은 자영주유소가 특정 정유사의 석유제품만 구매하도록 하는 계약으로, 검찰은 이 같은 계약이 주유소의 거래 선택권을 제한하고 시장 경쟁을 저해했다고 판단했다. 정유 4사는 자영주유소와... ",https://www.thepublic.kr/news/articleView.html?idxno=310877,https://www.thepublic.kr/news/articleView.html?idxno=310877,"Wed, 15 Jul 2026 08:54:00 +0900",2026-07-15 08:55:39
에너지/석유,석유 시장,주유소 기름값 하향 안정세…최고가격 인하 덕,"역시 국내 유가에 2주간의 시차를 두고 영향을 미치는 싱가포르 시장의 석유제품 가격도 배럴당 휘발유와 경유가 1월 2일 각각 72달러, 79달러에서 3월 6일 113달러, 155달러로, 같은 달 23일 157달러, 242달러로 각각... ",https://www.koreareport.co.kr/news/articleView.html?idxno=51452,https://www.koreareport.co.kr/news/articleView.html?idxno=51452,"Wed, 15 Jul 2026 08:30:00 +0900",2026-07-15 08:55:39
에너지/석유,석유 시장,"트럼프, 호르무즈 해협 '20% 통행료' 하루 만에 철회-무역·투자 협정으...","그러나 이 같은 계획은 국제사회는 물론, 호르무즈 해협을 통해 원유와 에너지를 세계 시장에 수출하는 중동... 그는 &quot;미군의 압도적인 전력 덕분에 석유 공급은 그 어느 때보다 원활하게 이뤄지고 있으며, 이란을 제외한... ",https://www.mediafine.co.kr/news/articleView.html?idxno=83511,https://www.mediafine.co.kr/news/articleView.html?idxno=83511,"Wed, 15 Jul 2026 08:28:00 +0900",2026-07-15 08:55:39
에너지/석유,석유 시장,"[더벨]회수 성과 쌓은 베인캐피탈 SS, KKR 탱크터미널 정조준",탱크터미널은 원유와 석유화학제품 등을 저장하고 출하하는 인프라 자산이다. 장기 계약과 일정한... 장기 계약 비중이 높고 신규 사업자의 시장 진입도 쉽지 않다. 경기 변동에 대한 방어력이 높은 실물자산으로... ,https://www.thebell.co.kr/free/content/ArticleView.asp?key=202607131200081200107074,https://www.thebell.co.kr/free/content/ArticleView.asp?key=202607131200081200107074,"Wed, 15 Jul 2026 08:12:00 +0900",2026-07-15 08:55:39
에너지/석유,석유 시장,[단독]셀룰로스로 석화 불황 돌파…세계 1위 오른 롯데정밀화학,글로벌 상위 4개 기업이 시장의 80% 이상을 차지하는 과점 구조에서 최대 생산능력을 확보했다는 의미다. 범용 석유화학 부진의 돌파구를 고부가 스페셜티에서 찾겠다는 전략이 자리 잡았다는 평가가 나온다. 15일... ,https://view.asiae.co.kr/article/2026071316521352021,https://n.news.naver.com/mnews/article/277/0005790053?sid=101,"Wed, 15 Jul 2026 08:03:00 +0900",2026-07-15 08:55:39
에너지/석유,석유 시장,석유값 오르고 슈퍼 엘니뇨까지… 식량 가격을 어찌할꼬,"골드만삭스는 슈퍼 엘니뇨가 실제로 나타나면 세계 시장에서 거래되는 쌀과 밀, 설탕, 커피 등의 가격이 15.8% 오르고, 그 영향이 2028년 하반기까지 이어질 수 있다고 내다봤어요. 여기에 미국-이란 전쟁으로 치솟은 석유값... ",https://kids.donga.com/news/articleView.html?idxno=169369,https://kids.donga.com/news/articleView.html?idxno=169369,"Wed, 15 Jul 2026 08:00:00 +0900",2026-07-15 08:55:39
에너지/석유,석유 시장,&quot;가격표 뒤에 숨은 거대한 우주&quot;…'돈의 행성'을 여행하는 법,"하지만 그 숫자들 뒤에는 세계 정세와 복잡한 시장 법칙이 숨 쉬고 있다. 이 책은 이처럼 무심코 지나치기... 석유 산업을 이해하려고 직접 원유를 사고, 유령 회사의 실체를 밝히려고 가짜 회사를 세우기도 한다. 심지어... ",https://www.news1.kr/life-culture/book/6228333,https://n.news.naver.com/mnews/article/421/0009059914?sid=103,"Wed, 15 Jul 2026 08:00:00 +0900",2026-07-15 08:55:39
에너지/석유,석유 시장,"유가 다시 뛰는데 2분기 실적 ‘주춤’…정유사, 하반기 반전 노린다",고급 윤활기유 시장의 과점 체제 특성상 공급 부족에 따른 호황은 최소 내년까지 지속될 전망이다. 특히 S... 대규모 석유화학 프로젝트(샤힌 프로젝트)의 자본지출이 마무리 단계에 접어들어 재무 부담을 크게... ,https://view.asiae.co.kr/article/2026071415414243716,https://n.news.naver.com/mnews/article/277/0005790038?sid=101,"Wed, 15 Jul 2026 07:47:00 +0900",2026-07-15 08:55:39
에너지/석유,석유 시장,[김화진칼럼] 중국의 동해 진출과 북극 항로,"예컨대, 내륙국인 카자흐스탄은 석유생산국이지만 바다가 없어서 긴 파이프라인으로 이웃 나라까지 거쳐... 그러는 동안 러시아 자동차 시장은 중국계가 60%를 차지하는 시장으로 변했다. 그러나 현대차의 보증수리와... ",https://www.thebell.co.kr/free/content/ArticleView.asp?key=202607081011185520103429,https://www.thebell.co.kr/free/content/ArticleView.asp?key=202607081011185520103429,"Wed, 15 Jul 2026 07:02:00 +0900",2026-07-15 08:55:39
에너지/석유,정유 산업,"디티에스, 애니테크와 ORC 폐열회수 발전시스템 수주 계약","특히 ORC 기술은 폐기물 소각시설뿐 아니라 제철·제강, 시멘트, 화학, 정유, 유리, 연료전지 및 바이오매스 등 다양한 에너지 다소비 산업에서 발생하는 중·저온 폐열에도 적용이 가능하다. 이번 사업은 산업 전반으로... ",https://view.asiae.co.kr/article/2026071508411582101,https://n.news.naver.com/mnews/article/277/0005790091?sid=101,"Wed, 15 Jul 2026 08:41:00 +0900",2026-07-15 08:55:39
에너지/석유,정유 산업,"디티에스, 국내 첫 1.5MW급 ORC 폐열회수 발전시스템 수주 계약","폐기물 소각시설뿐 아니라 제철·제강, 시멘트, 화학, 정유, 유리, 연료전지, 바이오매스 등 다양한 산업의 폐열에도 적용이 가능해 산업 전반으로 확산 가능한 모델로 평가받고 있다. 디티에스는 ORC 핵심 설비인... ",https://www.edaily.co.kr/news/newspath.asp?newsid=02889686645514848,https://n.news.naver.com/mnews/article/018/0006330464?sid=101,"Wed, 15 Jul 2026 08:41:00 +0900",2026-07-15 08:55:39
에너지/석유,정유 산업,[진단] 중동 정세 긴장 재고조,산업부에 따르면 현재 국내 정유업계가 확보한 7월과 8월 원유 도입 물량은 전년 대비 100% 이상이다. 그 결과 현재 상황이 국내 원유 수급에 단기적으로 미치는 영향은 적을 것으로 전망되고 있다. 다만 현재 긴장... ,https://www.todayenergy.kr/news/articleView.html?idxno=300418,https://www.todayenergy.kr/news/articleView.html?idxno=300418,"Wed, 15 Jul 2026 08:04:00 +0900",2026-07-15 08:55:39
에너지/석유,정유 산업,"우크라이나-러시아, 에너지 시설 맞불 공격","아피프스키 정유소는 하루 18만 배럴, 살라바트 시설은 하루 20만 배럴 규모로 두 곳 모두 러시아 정유 산업에서 상당한 비중을 차지한다. 영국의 에너지 조사기관 EA 애널리틱스에 따르면, 우크라이나의 잇단 정유소... ",https://monthly.chosun.com/news/articleView.html?idxno=70688,https://monthly.chosun.com/news/articleView.html?idxno=70688,"Wed, 15 Jul 2026 05:42:00 +0900",2026-07-15 08:55:39
에너지/석유,정유 산업,트럼프식 통항료 현실화 땐 한국에 연 17조 ‘폭탄’… 소비자 전가 우...,도널드 트럼프 미국 대통령이 호르무즈 해협 봉쇄에 20% 통항료 부과를 예고하면서 국내 해운·정유업계 등 산업계 전반은 당황한 기색이 역력했다. 통항료 부과가 현실화하면 우리나라 선박의 전체 통항료가 최대... ,https://www.seoul.co.kr/news/economy/2026/07/15/20260715002001?wlog_tag3=naver,https://n.news.naver.com/mnews/article/081/0003661210?sid=101,"Wed, 15 Jul 2026 05:02:00 +0900",2026-07-15 08:55:39
에너지/석유,정유 산업,땡볕 아래 일터 ‘폭염과의 전쟁’,울산의 주력 산업인 조선과 자동차 업계는 올해 폭염 대응 수위를 한층 높였다. HD현대중공업은 혹서기인... 화학·정유 대기업들도 바삐 움직인다. 에쓰오일은 고온 작업 시 매시간 10~15분씩 강제 휴식을 시행하고... ,https://www.busan.com/view/busan/view.php?code=2026071418371628516,https://n.news.naver.com/mnews/article/082/0001389762?sid=102,"Tue, 14 Jul 2026 19:40:00 +0900",2026-07-15 08:55:39
에너지/석유,정유 산업,[이슈] 다시 커진 호르무즈 리스크…산업계 넘어 장바구니까지 흔들,산업부는 국내 정유업계가 확보한 7~8월 원유 도입 물량이 평년 수준을 웃도는 만큼 단기적인 공급 차질 가능성은 제한적이라고 판단했다. 9월 도입 예정 물량도 전년의 약 76% 수준까지 확보된 상태다. 다만 중동 정세가... ,http://www.sisafocus.co.kr/news/articleView.html?idxno=362523,http://www.sisafocus.co.kr/news/articleView.html?idxno=362523,"Tue, 14 Jul 2026 18:46:00 +0900",2026-07-15 08:55:39
에너지/석유,정유 산업,러시아 출혈 커져도…우크라에 지고 있다는 건 ‘오판’,군사·산업 시설을 정밀 타격하고 있다는 것이다. 또 러시아의 석유 수출이 최소 40% 일시 차단되고 연료... 특히 지난달 중순 폭격으로 모스크바 최대 정유소가 내년까지 가동이 전면 중단됐고 전방에서 1600㎞ 떨어진... ,https://www.hani.co.kr/arti/international/international_general/1268263.html,https://n.news.naver.com/mnews/article/028/0002814122?sid=104,"Tue, 14 Jul 2026 18:10:00 +0900",2026-07-15 08:55:39
에너지/석유,정유 산업,"정유 4사, SAF·수소·CCUS로 탈 탄소 시대 성장 전략 다시 짠다","최근 탄소중립이 글로벌 에너지 산업의 핵심 과제로 떠오르면서 국내 정유 4사의 미래 경쟁도 본격화하고 있다. 특히 지속가능항공유(SAF)와 수소, 탄소포집·활용·저장(CCUS) 등 저탄소 사업이 새로운 성장축으로... ",http://www.popcornnews.net/news/articleView.html?idxno=126596,http://www.popcornnews.net/news/articleView.html?idxno=126596,"Tue, 14 Jul 2026 17:30:00 +0900",2026-07-15 08:55:39
에너지/석유,정유 산업,"美, 이란 재봉쇄에 유가 급등…'高물가 악몽' 다시 엄습",정유업계에선 당장 ‘9월 위기설’이 번지고 있다. 중동 리스크가 장기화하면 원유 확보 경쟁이... 산업통상부는 이날 브리핑에서 “7~8월 원유 국내 도입 물량은 전년 동기 평균(월 8750만 배럴) 대비 100% 이상 확보했고... ,https://www.hankyung.com/article/2026071449981,https://n.news.naver.com/mnews/article/015/0005309896?sid=104,"Tue, 14 Jul 2026 17:28:00 +0900",2026-07-15 08:55:39
에너지/석유,정유 산업,[하반기 성장전략] 핵심광물 세액공제 도입...태양광 87GW·풍력 9GW 보급,"철강과 석유화학, 정유, 시멘트, 반도체 등 다배출 산업의 탈탄소 전환 지원도 추진된다. 정부는 관련 업종의 전환 로드맵을 마련하고, 소형모듈원전(SMR)과 재생에너지, 전기차 분야 핵심 기술 개발과 생산 기반 구축을... ",https://www.getnews.co.kr/news/articleView.html?idxno=875058,https://www.getnews.co.kr/news/articleView.html?idxno=875058,"Tue, 14 Jul 2026 16:58:00 +0900",2026-07-15 08:55:39
에너지/석유,정유 산업,"씨더스, '2026 UFEZ 대중소 상생투자 플랫폼' 울산시장상 수상","업체 관계자는 &quot;울산은 정유·석유화학·발전산업이 집적된 지역으로, 당사의 포집 CO₂ 농업 활용 모델을 실증하기에 적합한 산업 인프라를 갖추고 있다&quot;며 &quot;참여기업과의 후속 협의를 거쳐 산업계와 농업을 연결하는... ",https://www.mt.co.kr/industry/2026/07/14/2026071314395877966,https://n.news.naver.com/mnews/article/008/0005385932?sid=101,"Tue, 14 Jul 2026 16:43:00 +0900",2026-07-15 08:55:39
에너지/석유,정유 산업,"'한국형 녹색 대전환(K-GX)' 속도낸다...정부, 3분기에 전략 발표",이 과정에서 원유 해외 의존도를 낮추고 에너지 자립을 꾀하기 위해 재생에너지 보급과 산업의 탈탄소... 재생에너지 확산과 탈탄소 전환에 속도를 높이기 위해 철강·석유화학·정유·시멘트·반도체 등 5대 온실가스 다... ,https://www.newstree.kr/newsView/ntr202607140013,https://www.newstree.kr/newsView/ntr202607140013,"Tue, 14 Jul 2026 16:36:00 +0900",2026-07-15 08:55:39
화학/소재,화학 주가,"9년 만에 HQ 없앤 롯데…신동빈, 계열사 체질개선 성적표 점검",점포 효율화와 타임빌라스 확대 등 수익성 중심 전략도 성과를 내면서 주요 증권사들은 목표주가를 잇달아... 올해 1분기 10분기 만에 흑자 전환에는 성공했지만 글로벌 공급 과잉과 석유화학 업황 부진이 이어지면서... ,https://www.sidae.com/article/2026071507523537366,https://n.news.naver.com/mnews/article/417/0001151669?sid=101,"Wed, 15 Jul 2026 08:16:00 +0900",2026-07-15 08:55:40
화학/소재,화학 주가,"한솔케미칼, 삼성·하이닉스 신규 팹 가동 수혜 '본격화'…&quot;변동성 장세...",&quot;과산화수소 풀캐파 가동에 Hf 프리커서 국산화 직수혜까지…주가 상승 흐름 주목&quot; 메리츠증권은 15일... 정밀화학 부문의 경우 원가 상승에 따른 판가 인상 효과에 디램(DRAM) 신규라인 공급에 따른 물량 증가가 더해질... ,http://www.newsprime.co.kr/news/article.html?no=740354,http://www.newsprime.co.kr/news/article.html?no=740354,"Wed, 15 Jul 2026 07:42:00 +0900",2026-07-15 08:55:40
화학/소재,화학 주가,"[Invest]포스코홀딩스, PRS 활용해 최대 1조원 조달 추진","포스코홀딩스가 주가수익스와프(PRS) 계약을 활용해 최대 1조원 규모의 자금조달을 추진한다. 최근 주요... LG화학이 LG에너지솔루션 지분을 활용한 PRS를 추진하며 시장의 관심을 받은 데 이어, 한화그룹도 계열사 지분을... ",https://www.investchosun.com/site/data/html_dir/2026/07/14/2026071480046.html,https://www.investchosun.com/site/data/html_dir/2026/07/14/2026071480046.html,"Wed, 15 Jul 2026 07:02:00 +0900",2026-07-15 08:55:40
화학/소재,화학 주가,&quot;모나미 지켜주세요&quot; 투자자들의 응원 매수... 주가 반등에 대표가 전한...,힘입어 주가 반등에 성공했다. 이와 함께 한성기업 등 일부 국내 기업을 향한 투자자들의 관심도 이어지고... 한편 모나미는 창업주 고 송삼석 명예회장이 1960년 광신화학공업사를 설립하며 시작됐다. 이후 1963년 국내... ,https://www.ggilbo.com/news/articleView.html?idxno=1168900,https://www.ggilbo.com/news/articleView.html?idxno=1168900,"Wed, 15 Jul 2026 05:10:00 +0900",2026-07-15 08:55:40
화학/소재,화학 주가,[GAM] WD-40 ② 높은 브랜드 인지도와 프리미엄화 전략 성과,"중동 지역의 지정학적 불안으로 일부 특수 화학물질과 기유(基油) 가격이 단기간에 50% 이상 급등하는 등... 이 결정은 단순한 재무 조치를 넘어, 현재 주가가 저평가 구간에 있다는 경영진의 시각을 직접 드러내는... ",https://www.newspim.com/news/view/20260714001232,https://www.newspim.com/news/view/20260714001232,"Tue, 14 Jul 2026 23:02:00 +0900",2026-07-15 08:55:40
화학/소재,화학 주가,"브라스노바, 브라질서 최대 4.13g/t 금 광화 확인…탐사 가치 ‘급부상...",3월에는 ‘적격 인물(QP)’ 카를루스 엔히키 로우렌수 바스토스를 선임하고 90일간의 지구화학 샘플링... 주가가 10거래일 연속 0.50달러 이상을 기록할 경우 워런트 조기 만료 조건도 포함됐다. 조달 자금은 프로젝트... ,https://www.tokenpost.kr/news/economy/377702,https://www.tokenpost.kr/news/economy/377702,"Tue, 14 Jul 2026 22:04:00 +0900",2026-07-15 08:55:40
화학/소재,화학 주가,[베트남 특징주] 정체기 베트남 증시...실적·시장 등급 격상 등 대형 촉...,"석유화학 미드스트림 섹터의 일부 기업들은 유가 급락에 따른 재고관련충당금 설정으로 압박을 받을 수... VIC(Vingroup Joint Stock Company)와 VHM(Vinhomes)을 제외할 경우, 현재 VN지수는 주가수익비율(P/E) 약 12배 수준에서... ",https://www.newspim.com/news/view/20260714001189,https://www.newspim.com/news/view/20260714001189,"Tue, 14 Jul 2026 19:46:00 +0900",2026-07-15 08:55:40
화학/소재,화학 주가,"한미약품, 2분기 어닝서프라이즈 전망… 계약금 효과에 영업이익 컨센서...","한미정밀화학은 원료의약품 CDMO 매출 확대에 힘입어 흑자 전환한 것으로 추정된다. 다만 북경한미 경우... ■ 증권가, 투자의견 매수·목표주가 유지 DB증권은 한미약품에 대해 투자의견 '매수(BUY)', 목표주가 63만원을... ",https://www.s-journal.co.kr/news/articleView.html?idxno=42397,https://www.s-journal.co.kr/news/articleView.html?idxno=42397,"Tue, 14 Jul 2026 19:26:00 +0900",2026-07-15 08:55:40
화학/소재,화학 주가,"&quot;상반기 영업이익만 4조원…SK이노베이션, 정유·윤활유가 이끄는 독주...","13일 기준 SK이노베이션 주가는 11만200원에 마감했다. 2분기 연결 영업이익은 1조8500억원으로, 전분기 대비 14% 감소했으나 컨센서스 1조4000억원을 32% 상회한 것으로 집계됐다. SK에너지, 지오센트릭, 인천석유화학 등... ",https://www.newsquest.co.kr/news/articleView.html?idxno=269765,https://www.newsquest.co.kr/news/articleView.html?idxno=269765,"Tue, 14 Jul 2026 19:04:00 +0900",2026-07-15 08:55:40
화학/소재,화학 주가,"&quot;'디젤 강세·OSP 하락'의 수혜…S-Oil, 하반기가 진짜 '무대'다&quot;","iM증권은 14일 S-Oil의 목표주가를 13만5000원에서 17만원으로 상향 조정하고, 매수 의견을 유지했다. 이... 정유 부문은 전분기 대비 56.1% 줄어든 4562억원, 석유화학 부문은 전분기 대비 77% 감소한 59억원으로 각각... ",https://www.newsquest.co.kr/news/articleView.html?idxno=269763,https://www.newsquest.co.kr/news/articleView.html?idxno=269763,"Tue, 14 Jul 2026 18:32:00 +0900",2026-07-15 08:55:40
화학/소재,소재 산업,"코베스트로, BYD와 미래 모빌리티·배터리 소재 개발 맞손",릴리 왕 코베스트로 엔지니어링 플라스틱 사업부 대표는 &quot;코베스트로의 소재 전문성과 BYD의 미래 산업 경쟁력을 결합해 새로운 가치를 창출하고 지속가능한 산업 발전에 기여하겠다&quot;고 말했다. BYD 소재부문 책임자는... ,https://view.asiae.co.kr/article/2026071508524992569,https://n.news.naver.com/mnews/article/277/0005790115?sid=101,"Wed, 15 Jul 2026 08:52:00 +0900",2026-07-15 08:55:41
화학/소재,소재 산업,"무신사, 이동약자 맞춤형 정형신발 지원 사업 확대",또한 본사 소재지인 성동구 성수동 수제화 거리의 정형신발 전문 업체 '하람공방'과 협업 체계를 구축해 지역 소상공인 및 수제화 산업 생태계 지원이라는 의미도 더했다. 지난 4월 모집을 개시한 1차 사업에서는 서울... ,https://daily.hankooki.com/news/articleView.html?idxno=1386043,https://daily.hankooki.com/news/articleView.html?idxno=1386043,"Wed, 15 Jul 2026 08:52:00 +0900",2026-07-15 08:55:41
화학/소재,소재 산업,"내수도 수출도 위태롭다, 한국 레저보트 제조업계 생존기","허나 현재 국내 소재·부품 산업은 레저보트 산업과 마찬가지로 수요 부족 등을 원인으로 영세한 상황이고, 제품이 있더라도 중국산 제품과 30% 이상 가격 차이가 나기 때문에 국내 보트 제조업체들은 '고급화' 전략보다는... ",https://www.hdhy.co.kr/news/articleView.html?idxno=34792,https://www.hdhy.co.kr/news/articleView.html?idxno=34792,"Wed, 15 Jul 2026 08:48:00 +0900",2026-07-15 08:55:41
화학/소재,소재 산업,"삼표그룹, 청년의 진로에 '이정표'가 되다…진로멘토링 '청춘잡담' 진행","아울러 건설기초소재 산업과 삼표그룹에 대한 이해를 돕는 참여형 퀴즈 세션을 마련했다. 이어진 질의응답 시간에는 멘티들이 사전에 제출한 질문을 기반으로 임직원들이 멘토로 나서 실무 이야기, 프로젝트 성공 및 실패... ",http://www.newsdream.kr/news/articleView.html?idxno=114466,http://www.newsdream.kr/news/articleView.html?idxno=114466,"Wed, 15 Jul 2026 08:44:00 +0900",2026-07-15 08:55:41
화학/소재,소재 산업,"국내 연구진, 율피 추출물 두피 케어 소재 가능성 제시",최근 화장품과 두피 케어 산업에서는 식물 유래 원료와 식품 부산물을 활용한 친환경 소재 개발이 활발하게 이뤄지고 있다. 특히 기존에 폐기되던 농식품 부산물의 기능성을 발굴해 고부가가치 소재로 활용하려는... ,http://www.beyondpost.co.kr/view.php?ud=20260715084035866446a9e4dd7f_30,http://www.beyondpost.co.kr/view.php?ud=20260715084035866446a9e4dd7f_30,"Wed, 15 Jul 2026 08:42:00 +0900",2026-07-15 08:55:41
화학/소재,소재 산업,에코프로 이동채 만나는 이철우‧박용선...현안 해결 기대감,"경북도와 포항시에 따르면 포항 영일만산단에 소재한 에코프로이노베이션 본사에서 열리는 ‘경상북도... 간담회에서는 경북과 에코프로의 협력 성과를 되짚고, 이차전지 산업 경쟁력 강화를 위한 공동 프로젝트 추진... ",https://www.wikitree.co.kr/articles/1146492,https://www.wikitree.co.kr/articles/1146492,"Wed, 15 Jul 2026 08:40:00 +0900",2026-07-15 08:55:41
화학/소재,소재 산업,"삼표그룹, 청년 진로 멘토링 '청춘잡담' 진행...사회공헌 활동 이어가",삼표그룹과 건설기초소재 산업에 대한 이해를 돕는 퀴즈 등 참여형 프로그램도 함께 진행했다. 이를 통해 멘티들이 기업 문화와 산업 특성을 보다 쉽게 접할 수 있도록 했다. 멘토 직무 소개와 진로 질의응답 시간에는... ,https://www.pinpointnews.co.kr/news/articleView.html?idxno=468486,https://www.pinpointnews.co.kr/news/articleView.html?idxno=468486,"Wed, 15 Jul 2026 08:40:00 +0900",2026-07-15 08:55:41
화학/소재,소재 산업,"경기도, 폭염 속 이주노동자 안전 강화 나선다","점검 대상은 이주노동자를 고용한 농축산업·제조업 사업장 43곳으로, 이천시를 시작으로 향후 포천시 등 농축산업 사업장이 다수 소재한 지역을 점검한다는 방침이다. 중점 점검 사항은 시원한 물 제공과 냉방장치 설치... ",https://www.viva100.com/article/20260715500036,https://www.viva100.com/article/20260715500036,"Wed, 15 Jul 2026 08:38:00 +0900",2026-07-15 08:55:41
화학/소재,소재 산업,"삼표그룹, 청년 진로 멘토링 ‘청춘잡담’ 진행","삼표그룹과 건설기초소재 산업에 관한 퀴즈 등 참여형 프로그램도 진행했다. 직무 소개와 질의응답 시간에는 임직원들이 담당 업무와 프로젝트 기획·실행 과정, 조직문화, 사회생활 경험 등을 설명했다. 프로그램 종료... ",https://biz.heraldcorp.com/article/10809135?ref=naver,https://n.news.naver.com/mnews/article/016/0002670398?sid=101,"Wed, 15 Jul 2026 08:38:00 +0900",2026-07-15 08:55:41
화학/소재,소재 산업,버려지던 참치 부산물의 변신…밀웜 먹였더니 불포화지방산 84%↑,연구팀은 이번 성과를 바탕으로 다양한 수산 부산물에 적용 범위를 넓혀 ‘폐기물 제로(Zero Waste)’를 위한 친환경 바이오소재 산업화 연구를 지속해서 추진할 계획이다.,https://biz.heraldcorp.com/article/10809124?ref=naver,https://n.news.naver.com/mnews/article/016/0002670395?sid=101,"Wed, 15 Jul 2026 08:35:00 +0900",2026-07-15 08:55:41
화학/소재,신소재 시장,아모텍 &quot;AI 데이터센터용 고성능 MLCC 양산본격화&quot;,ⓒ아모텍  신소재 기반 소재·부품 기업 아모텍이 인공지능(AI) 데이터센터와 차세대 네트워크 시장을 겨냥한 고성능 적층세라믹콘덴서(MLCC) 양산에 돌입했다고 15일 밝혔다. 아모텍에 따르면  고성능... ,https://daily.hankooki.com/news/articleView.html?idxno=1386045,https://daily.hankooki.com/news/articleView.html?idxno=1386045,"Wed, 15 Jul 2026 08:50:00 +0900",2026-07-15 08:55:41
화학/소재,신소재 시장,"삼성전자, '플렉스 티타늄' 공개...차세대 폴더블폰 주름·두께 다 잡았...","삼성전자가 차세대 갤럭시 폴더블폰 시장 리더십을 굳힐 핵심 디스플레이 신기술을 공개했다. 7세대에 걸쳐 축적한 폴더블 기술력에 첨단 신소재인 '티타늄'을 접목해 기기 두께는 대폭 줄이고, 고질적인 화면 주름은... ",https://www.asiaa.co.kr/news/articleView.html?idxno=255248,https://www.asiaa.co.kr/news/articleView.html?idxno=255248,"Wed, 15 Jul 2026 08:42:00 +0900",2026-07-15 08:55:41
화학/소재,신소재 시장,NH투자증권 &quot;CXMT IPO로 15조원 조달…중국 반도체 장비주 수혜&quot;,기초과학과 신소재 연구개발에도 자금을 배정했다. 보고서는 공식 자금 사용 계획에 HBM이 명시되지... CXMT의 글로벌 D램(DRAM) 시장 점유율은 2025년 1분기 4.1%에서 올해 1분기 7.6%로 상승했다. 세미애널리시스는... ,https://www.etoday.co.kr/news/view/2603790,https://www.etoday.co.kr/news/view/2603790,"Wed, 15 Jul 2026 07:52:00 +0900",2026-07-15 08:55:41
화학/소재,신소재 시장,남성 배뇨불편엔 ‘참당귀황기추출물’… 농진청 공동 개발-세브란스 검...,그간 국내 전립선 건강기능식품 시장은 수입 원료인 ‘쏘팔메토’가 독점해 왔으나 원산지의 품질 편차... 차세대 신소재인 ‘참당귀황기추출복합물(SHPro)’이다. 국책 연구로 개발… 특허받은 신원료... ,https://www.donga.com/news/Health/article/all/20260714/134290945/2,https://n.news.naver.com/mnews/article/020/0003733963?sid=103,"Wed, 15 Jul 2026 04:33:00 +0900",2026-07-15 08:55:41
화학/소재,신소재 시장,난방비 획기적으로 줄이는 ‘방바닥 혁신’… 공공기관도 ‘호야온돌’...,"- 호야홈텍, 서초구청 열린 문화센터 시공 완료… 공공 인프라 시장 지배력 강화 - 시멘트 안 붓는 ‘건식난방’, 조립식 시공으로 공사 기간 줄이고 열효율 극대화 - KIST 탄소복합 신소재 기술 이전… 업계 최초 신제품(NEP)... ",https://www.geconomy.co.kr/news/article.html?no=321777,https://www.geconomy.co.kr/news/article.html?no=321777,"Tue, 14 Jul 2026 22:30:00 +0900",2026-07-15 08:55:41
화학/소재,신소재 시장,"[미디어 포커스] 中, 17~20일 세계인공지능대회…AI 시장 패권 잡기 '속...",중국 관영 글로벌타임스에 따르면 중국 신소재 기업 스완코어 어드밴스드 머티리얼스(상웨이신차이)는 이번... 로봇 시장 공략에 나섰다. 전문가들은 이러한 변화가 기존 휴머노이드 로봇 중심의 산업 발전 경로를 넘어... ,https://www.idaegu.co.kr/news/articleView.html?idxno=553905,https://www.idaegu.co.kr/news/articleView.html?idxno=553905,"Tue, 14 Jul 2026 21:44:00 +0900",2026-07-15 08:55:41
화학/소재,신소재 시장,"한국타이어, 전기차 올웨더 타이어 '아이온 플렉스 클라이밋' 출시","아이온 플렉스 클라이밋ㅣ한국타이어 한국타이어앤테크놀로지(이하 한국타이어)가 13일부터 국내 시장에... 특히, 트레드에는 3D 그립 사이프와 고밀도 실리카 및 친환경 신소재를 결합한 컴파운드를 적용해 마른... ",http://www.biztribune.co.kr/news/articleView.html?idxno=355954,http://www.biztribune.co.kr/news/articleView.html?idxno=355954,"Tue, 14 Jul 2026 20:08:00 +0900",2026-07-15 08:55:41
화학/소재,신소재 시장,"AI와 디지털 혁신이 이끄는 K-푸드 안전의 미래, '2026 식품안전과학 심...",글로벌 시장을 선도해 나갈 수 있을지 명확한 청사진을 제시한 뜻깊은 자리로 평가받는다. '제4회... 특히 신소재인 세포배양식품의 안전 평가 체계 마련과 식품첨가물 및 잔류물질 허용물질목록관리제도(PLS) 등 국가... ,http://www.foodnews.co.kr/news/articleView.html?idxno=119375,http://www.foodnews.co.kr/news/articleView.html?idxno=119375,"Tue, 14 Jul 2026 17:30:00 +0900",2026-07-15 08:55:41
화학/소재,신소재 시장,‘현대 복식의 정점’ 프레타포르테,"경량화된 신소재 집중 첨단기술로 기후 변화·도시화 대응하며 진화 거듭 산업혁신 계획의 하나로 이탈리아... 전쟁 후 미국의 마셜플랜을 통해 막대한 자본이 유럽으로 유입됐고, 패권을 쥔 미국은 자국의 내수시장을... ",https://kookbang.dema.mil.kr/newsWeb/20260715/1/ATCE_CTGR_0020020032/view.do,https://kookbang.dema.mil.kr/newsWeb/20260715/1/ATCE_CTGR_0020020032/view.do,"Tue, 14 Jul 2026 16:58:00 +0900",2026-07-15 08:55:41
화학/소재,신소재 시장,"[기획]GS·LS·두산, '친환경·송전·AI 인프라' 신시장 세계 최고 겨냥","전력망 시장 공략에도 나섰다. 회사는 국내 제주2·3 연계사업과 해외 네덜란드 송전망 운영사 테넷... 이에 더해 배터리, 전기차, 반도체(배·전·반) 분야의 차세대 신소재 사업을 미래 먹거리로 집중 육성하며 첨단... ",https://www.m-i.kr/news/articleView.html?idxno=1391443,https://www.m-i.kr/news/articleView.html?idxno=1391443,"Tue, 14 Jul 2026 15:48:00 +0900",2026-07-15 08:55:41
화학/소재,신소재 시장,"광양시, '대한민국 산업수도' 비전 세운 광양대전환위, 한 달간의 여정...",민선 9기 광양시정의 방향타를 잡고 정책 설계를 주도해 온 광양시장직 인수위원회 '광양대전환위원회'가 약... 이차전지·신소재·수소 등 차세대 성장동력을 적극 육성합니다. 전략적 미래 성장 포트폴리오: 국가... ,https://www.ngonews.kr/news/articleView.html?idxno=232906,https://www.ngonews.kr/news/articleView.html?idxno=232906,"Tue, 14 Jul 2026 15:42:00 +0900",2026-07-15 08:55:41
화학/소재,신소재 시장,'중국판 CES' WAIC에 AI 신기술 총출동…트랜스포머 닮은 로봇 공개,중국 관영 글로벌타임스는 14일 중국 신소재 기업 스완코어 어드밴스드 머티리얼스가 개인용 변신 로봇을... 갖춘 시장 출시 단계의 제품&quot;이라고 말했다. 업계에서는 올해 WAIC에서 중국 기업들의 혁신적인 AI 제품들이... ,http://www.fnnews.com/news/202607141137506774,https://n.news.naver.com/mnews/article/014/0005547990?sid=101,"Tue, 14 Jul 2026 15:04:00 +0900",2026-07-15 08:55:41
화학/소재,신소재 시장,"한기대 반도체 융합전공, 대기업·글로벌 장비사 취업성공사례 잇따라","14일 한기대 반도체특성화대학사업단에 따르면, 기계·메카트로닉스·에너지신소재화학... 중심 실습과 산학협력 프로그램을 대폭 확대해 세계 반도체 시장을 선도할 전문인재 육성에 박차를 가하겠다”고 포부를 밝혔다.",https://www.munhwa.com/article/11602604?ref=naver,https://n.news.naver.com/mnews/article/021/0002804639?sid=102,"Tue, 14 Jul 2026 15:03:00 +0900",2026-07-15 08:55:41
화학/소재,신소재 시장,"GC녹십자웰빙 라이넥주, 누적 출하 1억 앰플 대기록 세우며 태반주사제...",엄격한 품질 관리 시스템을 기반으로 누적 공급량을 극대화해 태반 기반 바이오 신소재 시장의 주도권을 더욱 공고히 하겠다는 전략이다. GC녹십자웰빙은 전날 충북 음성 혁신공장에서 자사의 간기능 개선 및 영양... ,https://www.thefairnews.co.kr/news/articleView.html?idxno=82147,https://www.thefairnews.co.kr/news/articleView.html?idxno=82147,"Tue, 14 Jul 2026 14:58:00 +0900",2026-07-15 08:55:41
화학/소재,신소재 시장,"롯데케미칼, 2분기도 흑자 청신호…하반기 'AI·체질개선' 시험대","동남아 시장 공략을 확대하는 한편, 롯데에너지머티리얼즈와의 시너지를 통한 배터리 소재 사업과 고부가... (R&amp;D)에도 AI를 접목해 신소재 개발 기간 단축과 제조 경쟁력 강화에 나설 것으로 예상된다. [이지경제 ]",https://www.ezyeconomy.com/news/articleView.html?idxno=237516,https://www.ezyeconomy.com/news/articleView.html?idxno=237516,"Tue, 14 Jul 2026 14:02:00 +0900",2026-07-15 08:55:41
화학/소재,신소재 시장,[아시아라운드업 20260714] 트럼프 &quot;호르무즈 안전통항 대가로 '20% 통행...,중국 관영 글로벌타임스는 14일 중국 신소재 기업 스완코어 어드밴스드 머티리얼스(상웨이신차이)가 개인용... 갖춘 시장 출시 단계의 제품&quot;이라고 말했음.- 업계에서는 올해 WAIC에서 중국 기업들의 혁신적인 AI 제품들이... ,http://kor.theasian.asia/archives/409792,http://kor.theasian.asia/archives/409792,"Tue, 14 Jul 2026 12:16:00 +0900",2026-07-15 08:55:41
통신/5G,통신 주가,"[모닝 리포트] &quot;미래에셋증권, 투자의견 '매수'…이익 체력 개선 주목&quot;",또 주가 하락으로 12개월 선행 PBR이 연초보다 낮아진 점도 투자의견 상향에 반영했다&quot;고 설명했다. 미국 캘리포니아주 호손에 있는 스페이스X 건물. [사진=블룸버그통신] SK증권은 미래에셋증권의 올해 2분기... ,https://www.newspim.com/news/view/20260715000096,https://www.newspim.com/news/view/20260715000096,"Wed, 15 Jul 2026 08:51:00 +0900",2026-07-15 08:55:42
통신/5G,통신 주가,"트럼프, 이란에 '내주 시한'…&quot;협상 거부하면 발전소·교량 공격&quot;",트럼프 대통령은 14일(현지시간) 폭스뉴스 인터뷰에서 “다음 주가 되면 이란의 상황이 정말 나빠질 것”이라며 “협상 테이블에 나오지 않으면 발전소와 교량을 모두 무너뜨릴 것”이라고 말했다고 로이터·AFP통신이... ,https://www.ajunews.com/view/20260715083612432,https://www.ajunews.com/view/20260715083612432,"Wed, 15 Jul 2026 08:38:00 +0900",2026-07-15 08:55:42
통신/5G,통신 주가,"트럼프 &quot;이란, 내주까지 합의 안되면 발전소·교량 모두 무너뜨릴 것&quot;",인터뷰에서 &quot;다음 주가 되면 그들에게 정말 상황이 나빠질 것이다. 왜냐면 다음 주에는 발전소들이 (공격 대상이) 되기 때문&quot;이라며 &quot;내주에는 교량도 대상&quot;이라고 말했다고 로이터·AFP 통신이 전했다. 트럼프 대통령은... ,https://www.slist.kr/news/articleView.html?idxno=751875,https://www.slist.kr/news/articleView.html?idxno=751875,"Wed, 15 Jul 2026 08:34:00 +0900",2026-07-15 08:55:42
통신/5G,통신 주가,트럼프 &quot;내주 이란 발전소와 교량 모두 무너뜨릴 것&quot;,인터뷰에서 &quot;다음 주가 되면 그들에게 정말 상황이 나빠질 것이다. 왜냐면 다음 주에는 발전소들이 (공격 대상이) 되기 때문&quot;이라며 &quot;내주에는 교량도 대상&quot;이라고 말했다고 로이터·AFP 통신이 전했다. 트럼프 대통령은... ,https://www.viewsnnews.com/article?q=237203,https://www.viewsnnews.com/article?q=237203,"Wed, 15 Jul 2026 08:32:00 +0900",2026-07-15 08:55:42
통신/5G,통신 주가,"[미국 특징주] 버라이즌, 이번 주 추가 감원 계획…신임 CEO 비용 절감 행...",미국 최대 이동통신업체인 버라이즌은 15일(현지시각) 오전 감원 계획을 발표할 예정이라고 회사 내부... ◆ 2분기 실적 발표 앞둬…올해 주가는 9% 상승 버라이즌은 오는 7월 24일 2분기 실적을 발표할 예정이다.... ,https://www.newspim.com/news/view/20260715000105,https://www.newspim.com/news/view/20260715000105,"Wed, 15 Jul 2026 08:31:00 +0900",2026-07-15 08:55:42
통신/5G,통신 주가,"엔비디아, 첨단 칩 중국 출하 시작...주가 '급등'",엔비디아 주가가 급등했다. 엔비디아의 첨단 AI 칩 H200이 중국에 출하되기 시작했다고 미 정부 고위... 중국 통신장비업체 ZTE 계열사 등 중국 기업 3곳이 H200 및 AMD 칩 구매를 승인받았다고 로이터가 전했다. 5월... ,https://www.cstimes.com/news/articleView.html?idxno=713489,https://www.cstimes.com/news/articleView.html?idxno=713489,"Wed, 15 Jul 2026 08:30:00 +0900",2026-07-15 08:55:42
통신/5G,통신 주가,트럼프 &quot;다음 주까지 합의 없으면 이란 발전소·교량 타격&quot;,"14일(현지시간) 로이터통신과 AFP통신에 따르면, 도널드 트럼프 미국 대통령은 폭스뉴스 인터뷰에서 &quot;다음 주가 되면 그들에게 정말 상황이 나빠질 것&quot;이라며 &quot;다음 주에는 발전소들이 공격 대상이 되고, 교량도 대상이 될 것... ",https://www.youthdaily.co.kr/news/article.html?no=223016,https://www.youthdaily.co.kr/news/article.html?no=223016,"Wed, 15 Jul 2026 08:30:00 +0900",2026-07-15 08:55:42
통신/5G,통신 주가,"뉴욕증시, 물가 우려 꺾이자 반도체 다시 달렸다…SK하이닉스 ADR 27% 폭...",14일(현지시간) 로이터통신에 따르면 뉴욕증권거래소에서 다우존스30 산업평균지수는 전장보다 9.... 국내 주가와 비교해 상대적으로 저평가됐다는 분석이 매수세를 자극했다. AI 반도체 대장주 엔비디아는 4.06... ,https://www.the-today.com/news/articleView.html?idxno=87618,https://www.the-today.com/news/articleView.html?idxno=87618,"Wed, 15 Jul 2026 08:28:00 +0900",2026-07-15 08:55:42
통신/5G,통신 주가,트럼프 &quot;다음 주까지 합의 안 되면 이란 발전소·교량 공격&quot;,로이터 통신 등 외신에 따르면 트럼프 대통령은 현지 시간 14일 폭스뉴스와 인터뷰에서 &quot;다음 주가 되면 정말 상황이 나빠질 것&quot;이라며 다음 주에는 발전소와 교량이 공격 대상이 될 것이라고 말했습니다. 트럼프 대통령은... ,https://www.ytn.co.kr/_ln/0104_202607150826137081,https://n.news.naver.com/mnews/article/052/0002379655?sid=104,"Wed, 15 Jul 2026 08:26:00 +0900",2026-07-15 08:55:42
통신/5G,통신 주가,글로벌 투자기관들 &quot;금융시장 최대 위협은 AI 거품&quot;,로이터 통신은 14일(현지시간) 뱅크오브아메리카의 7월 글로벌 펀드매니저 설문조사 결과를 인용해 이같이... 기술 혁신에 대한 기대감과 환상만으로 주가가 폭등하던 일방적인 랠리의 시대는 지났으며 이제 장부에... ,http://www.choicenews.co.kr/news/articleView.html?idxno=168192,http://www.choicenews.co.kr/news/articleView.html?idxno=168192,"Wed, 15 Jul 2026 08:24:00 +0900",2026-07-15 08:55:42
통신/5G,통신 주가,"[미국 특징주] 스페이스X, 한 달 만에 공모가 위태…추가 하락? 매수 기...",이 기사는 인공지능(AI) 번역을 통해 생성된 콘텐츠로 원문은 7월14일 블룸버그통신 기사입니다. 스페이스X(SPCX) 주가가 3거래일 연속 하락하며 기업공개(IPO) 발행가를 밑돌 위험에 근접했다. 신규 상장주의 건전성을... ,https://www.newspim.com/news/view/20260715000084,https://www.newspim.com/news/view/20260715000084,"Wed, 15 Jul 2026 08:18:00 +0900",2026-07-15 08:55:42
통신/5G,통신 주가,"[미국 특징주] JP모간 &quot;서클·코인베이스, 스테이블코인 수익성 압박&quot;",이 기사는 인공지능(AI) 번역을 통해 생성된 콘텐츠로 원문은 7월14일 블룸버그통신 기사입니다.... JP모간은 코인베이스에 대한 목표주가를 283달러에서 196달러로 하향 조정했다. 코인베이스 주가는 뉴욕 증시에서 낮... ,https://www.newspim.com/news/view/20260715000088,https://www.newspim.com/news/view/20260715000088,"Wed, 15 Jul 2026 08:18:00 +0900",2026-07-15 08:55:42
통신/5G,5G 산업,"나라스페이스테크, 차세대 통신위성 개발 과제 공동연구기관 선정","3GPP는 LTE와 5G에 적용되는 국제 이동통신 표준으로, 이를 적용하면 특정 기업이나 국가의 독자 규격이... 통신위성 산업 생태계 조성에 기여하고 통신위성 플랫폼 기술 경쟁력을 고도화해 글로벌 위성통신 시장을... ",https://www.mt.co.kr/stock/2026/07/15/2026071418204486583,https://n.news.naver.com/mnews/article/008/0005386179?sid=101,"Wed, 15 Jul 2026 08:19:00 +0900",2026-07-15 08:55:43
통신/5G,5G 산업,"&quot;에너지 공공망에 5G 날개 단다&quot; 한전KDN, '기간통신사업자' 면허 전격 ...",한전KDN은 과학기술정보통신부로부터 정식 기간통신사업 면허를 교부받은 동시에 이음5G(5G 특화망) 주파수 할당 대상 법인으로 최종 선정돼 산업용 5G 통신 비즈니스를 주도적으로 추진할 수 있는 제도적 기반을 완벽히... ,https://www.cstimes.com/news/articleView.html?idxno=713468,https://www.cstimes.com/news/articleView.html?idxno=713468,"Wed, 15 Jul 2026 07:16:00 +0900",2026-07-15 08:55:43
통신/5G,5G 산업,"&quot;성장 한계 뚫는다&quot;…통신3사, 정체기 돌파구로 'B2G' 낙점",KT는 지난해 총 207억 원 규모의 '국방 5G 인프라 구축 사업'에 착수하며 군 첨단화의 뼈대를 세우고 있다.... 통신 업계가 이처럼 B2G 사업에 사활을 거는 것은 통신 산업의 구조적 정체기를 극복하기 위한 필연적... ,https://www.news1.kr/it-science/cc-newmedia/6227959,https://n.news.naver.com/mnews/article/421/0009059835?sid=105,"Wed, 15 Jul 2026 06:10:00 +0900",2026-07-15 08:55:43
통신/5G,5G 산업,"NIA, 하이퍼-AI 네트워크로 산업현장 피지컬 AI 시대 연다","우선, 조선소·제조공장 등 산업현장에 AI-RAN 기술이 적용된 5G-SA 기반 Hyper-AI 선도망을 구축한다. 이 과정에서 다양한 판매사의 장비와 CPU·GPU 등 연산자원을 활용한다. 기존 네트워크와 업로드 속도, 지연시간과... ",https://www.aitimes.com/news/articleView.html?idxno=212770,https://www.aitimes.com/news/articleView.html?idxno=212770,"Wed, 15 Jul 2026 04:32:00 +0900",2026-07-15 08:55:43
통신/5G,5G 산업,"한전KDN, 산업용 5G 깐다… 기간통신사업 면허 취득",에너지ICT 공기업 한전KDN이 통신망을 직접 깔고 운영할 수 있는 기간통신사업자 자격을 얻어 산업용 5G 사업에 나선다. 한전KDN은 과학기술정보통신부로부터 기간통신사업 면허를 취득하고 5G 특화망(이음5G) 주파수... ,https://www.newscj.com/news/articleView.html?idxno=3417088,https://www.newscj.com/news/articleView.html?idxno=3417088,"Wed, 15 Jul 2026 00:20:00 +0900",2026-07-15 08:55:43
통신/5G,5G 산업,"SKT, 2026년 하이퍼 AI 네트워크 실증사업 주관…AI-RAN 선도망·피지컬 ...","산업 현장에서 필수적인 초저지연, 고신뢰, 초정밀 네트워크 엔지니어링 기술을 직접 검증하는 구조다.... SK텔레콤은 총 2개년에 걸친 실증 주기를 통틀어 AI-RAN 기법과 네트워크 슬라이싱 등 5G SA 특화 기술을 전면에... ",http://www.ttlnews.com/news/articleView.html?idxno=3125362,http://www.ttlnews.com/news/articleView.html?idxno=3125362,"Tue, 14 Jul 2026 22:20:00 +0900",2026-07-15 08:55:43
통신/5G,5G 산업,"한전KDN, 기간통신사업자 면허 취득…“에너지·공공 분야 ICT사업 확대...",이로써 산업용 5G 통신사업 추진을 위한 법적 기반을 확보한 한전KDN은 에너지·공공 분야 ICT사업 확대를 본격화할 방침이다. 한전KDN(사장 박상형)은 과학기술정보통신부로부터 기간통신사업 면허를 취득하고 이음5G... ,https://www.busan.com/view/busan/view.php?code=2026071421282344319,https://n.news.naver.com/mnews/article/082/0001389771?sid=101,"Tue, 14 Jul 2026 21:31:00 +0900",2026-07-15 08:55:43
통신/5G,5G 산업,"[기획] 제조 중심 경남, 피지컬 AI 선점해야 (상) 피지컬 AI와 경남의 현...",경남이 전국 최초로 제조 피지컬 AI 육성사업에 선정된 데 이어 창원국가산업단지 5G 특화망 구축사업도 본격 추진되면서 제조업과 인공지능(AI)을 결합한 ‘피지컬 AI’ 시대를 선점하기 위한 행보에 속도를 내고 있다.... ,http://www.knnews.co.kr/news/articleView.php?idxno=1546428,http://www.knnews.co.kr/news/articleView.php?idxno=1546428,"Tue, 14 Jul 2026 21:24:00 +0900",2026-07-15 08:55:43
통신/5G,5G 산업,"창원국가산단, 전국 최초 5G 특화망 사업 선정",﻿허성무 의원 더불어민주당 허성무(창원성산구) 의원은 산업통상자원부가 추진한 '2026년 스마트그린산단 지원사업'의 핵심 과제인 '산업단지 5G 특화망 인프라 구축사업'에 창원국가산업단지가 최종 선정됐다고 14일... ,http://www.gnmaeil.com/news/articleView.html?idxno=590718,http://www.gnmaeil.com/news/articleView.html?idxno=590718,"Tue, 14 Jul 2026 20:02:00 +0900",2026-07-15 08:55:43
통신/5G,5G 산업,[#클라우드 월드] 아이티센CTS '원자력硏 슈퍼컴' 구축·NIA '하이퍼-AI 네...,"구축해 산업현장의 피지컬 AI 시대를 연다. 과학기술정보통신부와 NIA는 14일 하이퍼-AI 네트워크 기반조성... 5G-SA와 AI-RAN 기술 기반의 선도망을 구축해 조선소, 제조공장 등에 적용할 계획이다. 이를 통해 실시간으로... ",https://www.newsworks.co.kr/news/articleView.html?idxno=847218,https://www.newsworks.co.kr/news/articleView.html?idxno=847218,"Tue, 14 Jul 2026 19:38:00 +0900",2026-07-15 08:55:43
통신/5G,5G 산업,"한전KDN, 산업용 5G 통신사업 추진 기반 마련",한전KDN이 산업용 5G 통신사업 추진을 위한 기반을 확보했다 에너지ICT 전문 공기업 한전KDN(사장 박상형)은 과학기술정보통신부로부터 기간통신사업 면허를 취득하고 이음5G(5G 특화망) 주파수 할당 대상 법인으로... ,https://www.electimes.com/news/articleView.html?idxno=370301,https://www.electimes.com/news/articleView.html?idxno=370301,"Tue, 14 Jul 2026 19:22:00 +0900",2026-07-15 08:55:43
통신/5G,5G 산업,"KT, 하이퍼 AI 네트워크 실증사업 수주","KT는 5G 단독모드(SA) 상용망 전환을 완료한 경험을 바탕으로 이번 실증에 나선다. 내년까지 총 160억원을 투입하는 이번 사업에서 KT는 자율 운용 네트워크(Autonomous Network) 기반 마련, 산업 현장 피지컬 AI 실증, K-통신... ",https://www.dt.co.kr/article/12072943?ref=naver,https://n.news.naver.com/mnews/article/029/0003037084?sid=105,"Tue, 14 Jul 2026 18:43:00 +0900",2026-07-15 08:55:43
통신/5G,5G 산업,[#통신 풍향계] 통신3사 'V프로필' 출시·SKT 'AI-RAN 선도망' 구축·KT '공...,"이곳에서 저전력 5G 단말 등을 공동 개발하며, 확보한 기술력을 바탕으로 제조, 물류, 에너지 등 다양한 산업으로 사업을 확대할 방침이다. ◆KT, 지니 TV 'AI 지역정보' 출시 KT가 지니 TV에 AI 기술을 활용한 지역정보... ",https://www.newsworks.co.kr/news/articleView.html?idxno=847216,https://www.newsworks.co.kr/news/articleView.html?idxno=847216,"Tue, 14 Jul 2026 18:42:00 +0900",2026-07-15 08:55:43
통신/5G,5G 산업,[이슈앤피플] 오태석 우주항공청 청장 &quot;민항기 공동개발 위한 100개 기업...,우주항공청 오태석 청장과 우주항공 산업의 육성 전략에 대해서 알아보겠습니다. 【 앵커 】... 시대가 5G에서 6G 시대로 가는데 6G 시대로 가기 위해서는 반드시 위성 통신망이 필요합니다. 우리나라가 6G 통신 시대를... ,http://mbnmoney.mbn.co.kr/news/view?news_no=MM1005879790,http://mbnmoney.mbn.co.kr/news/view?news_no=MM1005879790,"Tue, 14 Jul 2026 18:18:00 +0900",2026-07-15 08:55:43
통신/5G,5G 산업,"KT·삼성전자·HD현대삼호, '하이퍼 AI 네트워크' 구축…조선소 누비는 ...","있으며, 5G SA(StandAlone) 상용망 전환을 완료한 경험을 바탕으로 하이퍼 AI 네트워크 실증에 나선다. 2027년까지 총 160억 원을 투입하는 이번 사업에서 KT는 AI 기반 자율 운용 네트워크를 구축해 조선소 등 산업... ",https://www.thepublic.kr/news/articleView.html?idxno=311312,https://www.thepublic.kr/news/articleView.html?idxno=311312,"Tue, 14 Jul 2026 18:14:00 +0900",2026-07-15 08:55:43
통신/5G,6G 개발,"ETRI, AI 기반 주파수 예측기술 국제표준 인정",도입 △6G 시대 주파수 공급 전략 수립 등에서 국제적인 참고 기술로 활용될 전망이다. 특히 이번 성과는 7년에 걸친 국제표준화 활동의 결실이다. ETRI는 2019년 신규 보고서 개발을 위한 연구과제를 ITU-R에 제안하며... ,http://www.fnnews.com/news/202607141533105303,https://n.news.naver.com/mnews/article/014/0005548279?sid=105,"Wed, 15 Jul 2026 08:32:00 +0900",2026-07-15 08:55:43
통신/5G,6G 개발,"반려동물 비문등록업체 아이싸이랩, 국제회의서 신규 표준화 항목 승인","하지만 국제표준화 최종 승인을 얻기 위해서는 앞으로 2~3년 동안 신규 표준화 항목 승인에 이어 표준개발... 세부적으로 우리나라는 이번 회의에서 멀티모달 AI기반 사물인터넷 디바이스 보안 프레임워크, IMT-2030(6G)... ",https://www.agrinet.co.kr/news/articleView.html?idxno=405710,https://www.agrinet.co.kr/news/articleView.html?idxno=405710,"Tue, 14 Jul 2026 18:30:00 +0900",2026-07-15 08:55:43
통신/5G,6G 개발,"'피지컬 AI용 고속도로' 깐다…SKT·KT, AI-RAN 구축사업 착수","공동 개발하고, 국내 장비 기업의 기술 자립과 해외 시장 진출도 지원할 예정이다. 이종식 KT 미래네트워크Lab장(전무)은 &quot;망 운영 역량을 바탕으로 6G 시대를 향한 핵심 기술을 발굴하겠다&quot;며 &quot;하이퍼 AI 생태계... ",https://news.tf.co.kr/read/economy/2343370.htm,https://n.news.naver.com/mnews/article/629/0000516095?sid=101,"Tue, 14 Jul 2026 17:58:00 +0900",2026-07-15 08:55:43
통신/5G,6G 개발,"SKT·KT, 정부 AI 네트워크 실증사업 동시 선정…제조현장서 6G 경쟁 본격...",SK텔레콤과 KT는 정부 실증사업을 통해 제조 현장에서 피지컬 AI 서비스를 검증하며 6G 핵심 기술 확보에... 오케스트레이터'를 개발한다. NWDAF(네트워크 데이터 분석 기능)를 AI와 연계해 코어망 운용 자동화도... ,https://www.industrynews.co.kr/news/articleView.html?idxno=83313,https://www.industrynews.co.kr/news/articleView.html?idxno=83313,"Tue, 14 Jul 2026 17:38:00 +0900",2026-07-15 08:55:43
통신/5G,6G 개발,KT·삼성전자·HD현대삼호 '3자 맞손'…조선소 피지컬 AI 실증,오케스트레이터'를 개발한다. 이를 위해 '네트워크 데이터 분석 기능(NWDAF)'을 AI와 연동해 코어망의 통신... 이종식 KT 미래네트워크Lab장은 &quot;국내 최고 수준의 망 운영 역량을 바탕으로 6G(6세대 이동통신) 시대를 향한... ,https://www.shinailbo.co.kr/news/articleView.html?idxno=5040930,https://www.shinailbo.co.kr/news/articleView.html?idxno=5040930,"Tue, 14 Jul 2026 17:36:00 +0900",2026-07-15 08:55:43
통신/5G,6G 개발,"KT, AI 자율 운용 네트워크로 조선소 피지컬 AI 실증한다",기지국 전력 절감 기술과 저전력 5G 단말을 공동 개발하며 국내 통신 장비 기업의 기술 자립과 해외 진출을 지원한다. 이종식 KT 미래네트워크Lab장 전무는 &quot;국내 최고 수준의 망 운영 역량을 바탕으로 6G 시대 핵심... ,https://www.lcnews.co.kr/news/articleView.html?idxno=204960,https://www.lcnews.co.kr/news/articleView.html?idxno=204960,"Tue, 14 Jul 2026 17:26:00 +0900",2026-07-15 08:55:43
통신/5G,6G 개발,"용접부터 휴머노이드까지…정부, AI 산업망 구축 시동","산·학·연이 함께 참여하는 '국가 Hyper-AI 구축 협의체'를 구성해 기술 개발부터 실증, 상용화까지 연계하고 국내 통신장비 기업과 AI 기업이 함께 성장할 수 있는 기반도 마련한다. 올해 말 개최 예정인 '6G 페스타... ",https://www.mstoday.co.kr/news/articleView.html?idxno=102097,https://www.mstoday.co.kr/news/articleView.html?idxno=102097,"Tue, 14 Jul 2026 17:18:00 +0900",2026-07-15 08:55:43
통신/5G,6G 개발,"KT, 삼성전자·HD현대삼호와 조선소 피지컬 AI 실증 착수",오케스트레이터'를 개발한다. 네트워크 데이터 분석 기능(NWDAF)과 AI를 연계해 코어망의 통신 패턴과 성능... 이종식 KT 미래네트워크랩장 전무는 &quot;국내 최고 수준의 망 운영 역량을 바탕으로 6G 시대 핵심 기술을... ,https://www.ngetnews.com/news/articleView.html?idxno=551535,https://www.ngetnews.com/news/articleView.html?idxno=551535,"Tue, 14 Jul 2026 17:16:00 +0900",2026-07-15 08:55:43
통신/5G,6G 개발,"KT·삼성전자·HD현대삼호, 하이퍼 AI 네트워크 구축…6G 경쟁력 키운다",선정되며 6G 시대 핵심 네트워크 기술 확보에 나선다. 삼성전자와 HD현대삼호 등과 손잡고 조선소를... Orchestrator)'를 개발한다. 네트워크 데이터 분석 기능(NWDAF)과 AI를 연계해 통신 패턴과 성능 데이터를 학습시키고... ,https://www.joongangenews.com/news/articleView.html?idxno=532665,https://www.joongangenews.com/news/articleView.html?idxno=532665,"Tue, 14 Jul 2026 17:00:00 +0900",2026-07-15 08:55:43
통신/5G,6G 개발,"KT, 삼성전자·HD현대삼호와 AI 네트워크 실증…&quot;조선소 피지컬 AI 상용...",핵심 과제는 AI 기반 네트워크 자율화 기술 개발이다. KT는 통신망 데이터를 AI가 실시간으로 분석하고... 이종식 KT 미래네트워크Lab장(전무)은 &quot;국내 최고 수준의 네트워크 운영 역량을 바탕으로 6G 시대 핵심 기술을... ,http://www.efnews.co.kr/news/articleView.html?idxno=130970,http://www.efnews.co.kr/news/articleView.html?idxno=130970,"Tue, 14 Jul 2026 16:42:00 +0900",2026-07-15 08:55:43
통신/5G,6G 개발,"KT, 'AI가 통신망 운영하는 시대' 연다… 조선소서 피지컬 AI 네트워크 첫...","미국과 중국, 유럽 주요 통신사들도 AI를 활용한 자율 네트워크 개발에 속도를 내고 있는 가운데, 우리나라 역시 정부 주도의 실증사업을 통해 기술 주도권 확보에 나선 것이다. 통신업계 관계자는 &quot;6G 시대에는 네트워크... ",https://www.koreaittimes.com/news/articleView.html?idxno=155217,https://www.koreaittimes.com/news/articleView.html?idxno=155217,"Tue, 14 Jul 2026 16:40:00 +0900",2026-07-15 08:55:43
통신/5G,6G 개발,"KT, AI가 통신망 운영하는 '하이퍼 AI 네트워크' 실증 나선다",사진=KT 인공지능(AI)이 통신망을 스스로 운영하고 산업 현장의 로봇과 설비를 실시간으로 연결하는 차세대 네트워크 개발이 본격화된다. 6G 시대 핵심 기술로 꼽히는 '하이퍼 AI 네트워크'를 실제 산업 현장에서... ,http://www.thefirstmedia.net/news/articleView.html?idxno=203806,http://www.thefirstmedia.net/news/articleView.html?idxno=203806,"Tue, 14 Jul 2026 16:30:00 +0900",2026-07-15 08:55:43
통신/5G,6G 개발,"KT, 피지컬 AI부터 공공 AX까지 영토 확장","오케스트레이터'를 개발할 방침이다. 이를 바탕으로 HD현대삼호 조선소 현장에서 AI 용접 로봇, AI 도장... 이종식 KT 미래네트워크Lab장 전무는 &quot;국내 최고 수준의 망 운영 역량을 바탕으로 6G 시대를 향한 핵심 기술을... ",http://www.00news.co.kr/news/articleView.html?idxno=105114,http://www.00news.co.kr/news/articleView.html?idxno=105114,"Tue, 14 Jul 2026 16:28:00 +0900",2026-07-15 08:55:43
통신/5G,6G 개발,"KT, 삼성전자·HD현대삼호와 조선소 피지컬 AI 실증 나선다",오케스트레이터'를 개발한다. 이를 위해 네트워크 데이터 분석 기능을 AI와 연동해 코어망의 통신 패턴과... 이종식 KT 미래네트워크Lab장 전무는 &quot;망 운영 역량을 바탕으로 6G 시대를 향한 핵심 기술을 발굴하겠다&quot;며... ,https://www.getnews.co.kr/news/articleView.html?idxno=875067,https://www.getnews.co.kr/news/articleView.html?idxno=875067,"Tue, 14 Jul 2026 16:26:00 +0900",2026-07-15 08:55:43
금융,금융 주가,"SK하이닉스 ADR 상장 첫날, 서학개미 8만4000명이 몰렸다",15일 금융투자업계에 따르면 지난 10일(현지시간) 미래에셋증권 등 국내 주요 9개 증권사를 통해... ADR 상장을 계기로 SK하이닉스 추가 주가 상승을 기대한 투자자들이 미국과 국내 시장에서 동시에 매수에 나선... ,https://www.ajunews.com/view/20260715084913478,https://www.ajunews.com/view/20260715084913478,"Wed, 15 Jul 2026 08:52:00 +0900",2026-07-15 08:55:44
금융,금융 주가,지방법원이 감히 상왕 노릇인가?... 연방 규제국-지자체 사법 충돌 폭발,미국의 연방 금융 규제 당국인 상품선물거래위원회(CFTC)가 미시간주 지방법원의 판결을 정면으로... CFTC는 칼시의 감독 기관으로서 미시간주가 칼시의 거래를 '역거래(불법 스포츠 도박)'로 간주하고 강제로 중단 및 취소... ,https://www.pinpointnews.co.kr/news/articleView.html?idxno=468491,https://www.pinpointnews.co.kr/news/articleView.html?idxno=468491,"Wed, 15 Jul 2026 08:44:00 +0900",2026-07-15 08:55:44
금융,금융 주가,"“외국인 2조 순매수, 바닥 신호?…급락장이 오히려 매수 기회”","2009년 금융위기 당시에는 MDD -26%를 기록한 뒤 곧바로 반등했지만, 나머지 사례에서는 추가 하락이 이어졌고... 이 연구원은 “외인 및 연기금은 글로벌 자산배분이 주가되는 투자주체로 결국 보험적 자산배분 측면에서... ",https://biz.chosun.com/stock/stock_general/2026/07/15/MIH4NRHU55GYXBX5XXAD4R4W6Q/?utm_source=naver&utm_medium=original&utm_campaign=biz,https://n.news.naver.com/mnews/article/366/0001179248?sid=101,"Wed, 15 Jul 2026 08:43:00 +0900",2026-07-15 08:55:44
금융,금융 주가,"HLB, 지난 CRL 때보다 더 급락…잇따른 빅이벤트 주목 [종목 돋보기]","HLB 주가가 하락세를 보이고 있다. 지난해 3월 두 번째 CRL 수령 당시에는 직후 한 차례 하한가를 기록한 뒤 반등했지만, 이번에는 하락세가 지속되고 있어 그 배경에 관심이 쏠린다. 15일 금융투자업계에 따르면... ",http://www.fnnews.com/news/202607150833348275,https://n.news.naver.com/mnews/article/014/0005548284?sid=101,"Wed, 15 Jul 2026 08:39:00 +0900",2026-07-15 08:55:44
금융,금융 주가,"증권사들, 레버리지 ETF 진입 장벽 높인다","금융투자협회는 최근 단일종목 레버리지 ETF의 거래 과열에 대응해 증권회사 대표들과 긴급 회의를 개최하고... 단일종목 레버리지 ETF는 지렛대 효과로 단기간에 손실이 커질 수 있고, 주가가 횡보하는 시장에서도 음의... ",https://www.g-enews.com/view.php?ud=202607150754508052923c501012_1,https://www.g-enews.com/view.php?ud=202607150754508052923c501012_1,"Wed, 15 Jul 2026 08:36:00 +0900",2026-07-15 08:55:44
금융,금융 주가,[뉴공 아카이브]이광수 광수네 복덕방 대표·12시에 만나요 진행자: “뾰...,"왜냐하면 수수료를 받는 사람들이고, 그게 계속 거래가 많고, 지금도 이렇게 주가가 떨어지든 오르든, 어쨌든... 그러니까 그런 작은 행동들이 지금 우리 당국자 그리고 금융기관이 필요하다라는 말씀을 한 번 더 드립니다.... ",http://www.ddanzi.com/889576458,http://www.ddanzi.com/889576458,"Wed, 15 Jul 2026 08:36:00 +0900",2026-07-15 08:55:44
금융,금융 주가,"[증시전망대] 美 반도체 랠리·물가 둔화 훈풍…코스피, '역대급 조정' ...","그는 &quot;국내 증시가 금융위기 이상으로 역대급 조정을 맞은 만큼, 주가나 밸류에이션상으론 더 나빠질 여지가 없어 보인다&quot;며 &quot;반등 시 수급 변동성이 높아질 소지는 있겠지만, 추가 조정보다는 회복 경로로 설정하는... ",http://www.newsroad.co.kr/news/articleView.html?idxno=61593,http://www.newsroad.co.kr/news/articleView.html?idxno=61593,"Wed, 15 Jul 2026 08:32:00 +0900",2026-07-15 08:55:44
금융,금융 주가,[굿모닝! 글로벌 뉴욕증시] SK하이닉스 ADR 27% 급등...필라델피아 반도...,"엔비디아, 샌디스크, 인텔, AMD, 브로드컴, 마이크론 테크놀로지 등 반도체주가 상승했다. 골드만삭스는 트레이딩 수익 증가와 기업 인수·합병 자문 회복으로 9% 올랐고, JP모건체이스와 뱅크오브아메리카도 기업금융... ",https://www.newsquest.co.kr/news/articleView.html?idxno=269778,https://www.newsquest.co.kr/news/articleView.html?idxno=269778,"Wed, 15 Jul 2026 08:30:00 +0900",2026-07-15 08:55:44
금융,은행 산업,대출 사기 피싱 문자 162% 급증…메신저로 끌어들여 송금 요구,"공격자가 사칭한 산업군은 금융기관이 52.92%로 가장 많았다. 정부·공공기관은 38.96%, 물류업체는 8.12%였다. 은행이나 카드사, 증권사를 사칭해 출금이나 카드 사용, 이상 거래가 발생한 것처럼 꾸며 즉각적인 대응을... ",https://www.news1.kr/it-science/security-hacking/6228452,https://n.news.naver.com/mnews/article/421/0009060025?sid=105,"Wed, 15 Jul 2026 08:52:00 +0900",2026-07-15 08:55:44
금융,은행 산업,&quot;저금리 대출 상담하세요&quot; 카톡 유인…2분기 피싱 1위는 대출 사기,"공격자가 가장 많이 사칭한 산업군은 금융기관이었다. 금융기관 사칭이 전체의 52.92%를 차지했고, 정부·공공기관(38.96%), 물류업체(8.12%)가 뒤를 이었다. 은행, 카드사, 증권사 등을 사칭해 대출 승인, 출금 안내... ",https://www.ajunews.com/view/20260715083406421,https://www.ajunews.com/view/20260715083406421,"Wed, 15 Jul 2026 08:42:00 +0900",2026-07-15 08:55:44
금융,은행 산업,"&quot;찜닭 프랜차이즈도 AI 회의록 쓴다&quot; 버즈니 노이, 기영에프앤비에 공급",점에서 산업 전반으로 확산되는 AI 도입 흐름을 보여주는 장면이다. AI 기술 기반 서비스 기업 버즈니는 찜닭... 은행급 AWS KMS 암호화와 이중 보안 체계를 적용해 내부 기밀 유출을 차단하는 구조도 갖췄다. 한국어와 영어... ,https://www.econovill.com/news/articleView.html?idxno=745230,https://www.econovill.com/news/articleView.html?idxno=745230,"Wed, 15 Jul 2026 08:38:00 +0900",2026-07-15 08:55:44
금융,은행 산업,삼전닉스가 쏘아올린 '성과급 하투'..곤혹스런 금융권,[사진=이슬기 기자] 중앙노동위원회(중노위) 조정이 최종 결렬되면서 전국금융산업노동조합(금융노조)의... 다만 지난해 주요 은행의 저조한 파업 참여율이 재연될지 금융권의 호실적을 앞세운 임금 인상 요구가 조합원... ,https://www.pinpointnews.co.kr/news/articleView.html?idxno=468372,https://www.pinpointnews.co.kr/news/articleView.html?idxno=468372,"Wed, 15 Jul 2026 08:36:00 +0900",2026-07-15 08:55:44
금융,은행 산업,"더이앤엠, 한국투자증권과 청라 복합단지 금융 협력…PF 구조 본격화",투자은행(IB) 역량을 보유하고 있다. SOM:CITY는 대규모 스튜디오를 중심으로 콘텐츠 제작 인프라와 상업·업무... 더이앤엠은 국내외 영상 제작 수요를 유치하고 촬영부터 후반 제작까지 가능한 콘텐츠 산업 거점을... ,http://www.fnnews.com/news/202607150829511624,https://n.news.naver.com/mnews/article/014/0005548281?sid=101,"Wed, 15 Jul 2026 08:34:00 +0900",2026-07-15 08:55:44
금융,은행 산업,[뉴욕증시] 반도체주 랠리·물가우려 완화에 상승…나스닥 0.9%↑,"14일(현지시각) 뉴욕증권거래소(NYSE)에 따르면, 다우존스30산업평균지수는 전 거래일보다 9.63포인트(p, 0.02... 미국 대형 은행들이 시장 기대를 웃도는 2분기 실적을 내놓은 점도 증시에 힘을 보탰다. JP모건체이스와... ",https://www.shinailbo.co.kr/news/articleView.html?idxno=5040974,https://www.shinailbo.co.kr/news/articleView.html?idxno=5040974,"Wed, 15 Jul 2026 08:34:00 +0900",2026-07-15 08:55:44
금융,은행 산업,"JP모건·골드만, AI 투자 열풍의 새로운 승자로 부상","있으며, 은행들에 공모 및 사모 시장 전반에서 금융 조달 및 거래 솔루션을 제공할 새로운 기회를 안겨주고 있다&quot;고 평가했다. 그는 &quot;우리는 세계 모든 지역과 모든 산업에 걸쳐, 단 하나의 예외도 없이 모든 금융... ",https://news.einfomax.co.kr/news/articleView.html?idxno=4425022,https://news.einfomax.co.kr/news/articleView.html?idxno=4425022,"Wed, 15 Jul 2026 08:34:00 +0900",2026-07-15 08:55:44
금융,은행 산업,"NYT “미국과 무역 분쟁 겪던 한국 기업, 트럼프 가족기업에 30억원 건네...",지난 2월 김 회장의 초청으로 에릭이 한국을 방문했을 당시 열린 행사에는 SK네트웍스와 하나은행 등 한국... 트럼프 행정부가 밈 코인 관련 규제를 완화하는 등 가상자산 산업에 우호적인 정책을 추진했다는 점에서... ,https://www.khan.co.kr/article/202607150833001,https://n.news.naver.com/mnews/article/032/0003458205?sid=104,"Wed, 15 Jul 2026 08:33:00 +0900",2026-07-15 08:55:44
금융,은행 산업,"[TOP's Pick] 더이앤엠, 한국투자증권과 청라 영상문화복합단지 금융 협...",한국투자증권은 국내 유일의 투자은행 중심 금융그룹인 한국투자금융지주의 핵심 계열사다. 부동산 PF와... 더이앤엠은 국내외 영상 제작 수요를 유치하고 제작부터 후반 작업까지 연계되는 콘텐츠 산업 거점을 조성할... ,https://www.topdaily.kr/articles/110990,https://www.topdaily.kr/articles/110990,"Wed, 15 Jul 2026 08:30:00 +0900",2026-07-15 08:55:44
금융,은행 산업,[원자재 시황] 물가둔화·실적호조에 '강세장',뉴욕증시 상승…AI 반도체·은행 실적이 지수 견인 뉴욕증시는 예상보다 낮은 미국 물가 지표와 기업 실적 호조에 힘입어 상승 마감했다. 다우존스30산업평균지수는 전 거래일보다 0.02% 오른 5만2508.27에 마감했고 S... ,https://www.ebn.co.kr/news/articleView.html?idxno=1716408,https://www.ebn.co.kr/news/articleView.html?idxno=1716408,"Wed, 15 Jul 2026 08:26:00 +0900",2026-07-15 08:55:44
금융,은행 산업,[충정로에서] 정책금융 몰두한 박상진 산은 총재님,李대통령 신뢰 및 한은급 위상에 내부서 총재 호칭…펀드 성과와 기업금융 리더십 중요 국책은행인 한국산업은행 안팎에서 최근 흥미로운 호칭이 들려온다. 산업은행 임직원들이 박상진 회장을 두고 '총재'라 부르는... ,https://dealsite.co.kr/articles/165260,https://dealsite.co.kr/articles/165260,"Wed, 15 Jul 2026 08:26:00 +0900",2026-07-15 08:55:44
금융,은행 산업,'물가 안도감'에 뉴욕증시 상승 … 나스닥 0.9%↑,주요 외신과 연합뉴스에 따르면 14일(현지시각) 뉴욕증시에서 다우존스30 산업평균지수는 전 거래일... 특히 골드만삭스는 트레이딩과 투자은행 부문의 호조에 힘입어 9.00% 상승했다. JP모건체이스와... ,https://www.newdaily.co.kr/site/data/html/2026/07/15/2026071500044.html,https://www.newdaily.co.kr/site/data/html/2026/07/15/2026071500044.html,"Wed, 15 Jul 2026 08:24:00 +0900",2026-07-15 08:55:44
금융,핀테크 시장,"서울시교육청, &quot;미래 금융역량 키운다&quot;, 경제·금융교육 연계 프로그램...",최근 간편결제와 가상자산 등 새로운 금융서비스가 확산되고 핀테크 산업이 빠르게 성장하면서 학생들이... 주요 프로그램은 △경제·금융교육과 학생들의 일상 △시뮬레이션으로 체험하는 효율적 시장 가설과 가치투자... ,http://www.enewstoday.co.kr/news/articleView.html?idxno=2448882,http://www.enewstoday.co.kr/news/articleView.html?idxno=2448882,"Wed, 15 Jul 2026 08:25:00 +0900",2026-07-15 08:55:45
금융,핀테크 시장,"자산 토큰화, 자본시장 디지털 전환의 출발점 [김앤장 핀테크·가상자산...","이러한 조건이 충족된다면 토큰증권은 기업과 사업자에게는 새로운 자금조달 수단을, 투자자에게는 다양한 투자 기회를 제공하며 자본시장 디지털 전환의 중요한 기반이 될 것으로 기대된다. [김앤장 핀테크·가상자산... ",https://www.mk.co.kr/article/12098031,https://n.news.naver.com/mnews/article/009/0005707585?sid=102,"Wed, 15 Jul 2026 07:01:00 +0900",2026-07-15 08:55:45
금융,핀테크 시장,"[2026 C포럼] iM금융그룹, ‘피움랩’ 운영…“될성부른 핀테크 스타트...","핀테크 스타트업 육성 프로그램 계열사 협업, 사업화, 투자유치 지원까지…혁신 금융 생태계 조성... 액셀러레이팅 프로그램과 투자유치 연계도 제공해 사업화와 시장 진출을 돕고 있다. 대표적인 성과 사례는 피움랩... ",https://biz.chosun.com/industry/business-venture/2026/07/15/2D6TNPIXKVBFFC2ID2QBPIJVNE/?utm_source=naver&utm_medium=original&utm_campaign=biz,https://n.news.naver.com/mnews/article/366/0001179234?sid=101,"Wed, 15 Jul 2026 06:01:00 +0900",2026-07-15 08:55:45
금융,핀테크 시장,"“통화량·물가 배운다”…서울교육청, 경제·금융 교육 강화[세상&amp;]","최근 간편결제와 핀테크, 가상자산 등 디지털 금융서비스가 확산하면서 청소년도 과거보다 이른 시기부터... 주요 연수 내용은 ▷경제·금융교육과 학생들의 일상 ▷시뮬레이션을 활용한 효율적 시장 가설과 가치투자 원칙... ",https://biz.heraldcorp.com/article/10808780?ref=naver,https://n.news.naver.com/mnews/article/016/0002670325?sid=102,"Wed, 15 Jul 2026 06:01:00 +0900",2026-07-15 08:55:45
금융,핀테크 시장,"서울시교육청, 교사 연수·공개수업 연계해 경제·금융교육 강화","이번 프로그램은 간편결제와 가상자산 등 새로운 금융서비스가 확산하고 핀테크 산업이 빠르게 성장하는... 주요 교육 내용은 경제·금융교육과 학생의 일상, 시뮬레이션을 활용한 효율적 시장 가설과 가치투자 원칙... ",https://www.newspim.com/news/view/20260714001017,https://www.newspim.com/news/view/20260714001017,"Wed, 15 Jul 2026 06:00:00 +0900",2026-07-15 08:55:45
금융,핀테크 시장,[패트롤] 경기도-경기도특사경-경기도교육청-경기도의회,"모집 분야는 기술 기반 패션, 문화콘텐츠, 핀테크, 디지털헬스케어, ICT 등이며, 서류 및 발표평가를 거쳐 10개 기업을 선정할 계획이다. 선정 기업은 9월부터 11월까지 약 3개월간 씨엔티테크(주)와 함께 미국 시장 진출을... ",https://www.ekn.kr/web/view.php?key=20260715026592531,https://www.ekn.kr/web/view.php?key=20260715026592531,"Wed, 15 Jul 2026 05:10:00 +0900",2026-07-15 08:55:45
금융,핀테크 시장,"경기도, 뉴욕 투자유치 프로그램 추진... 미국 진출 스타트업 10개사 선...","패션과 문화콘텐츠, 핀테크, 디지털헬스케어, ICT 등 기술 기반 기업을 대상으로 서류와 발표평가를 거쳐 최종 10개사를 선정한다. 선정 기업은 약 3개월 동안 씨엔티테크와 미국 시장 진출을 위한 지원을 받게 된다.... ",http://www.lawissue.co.kr/view.php?ud=202607141514415684d94aa4ada6_12,http://www.lawissue.co.kr/view.php?ud=202607141514415684d94aa4ada6_12,"Tue, 14 Jul 2026 21:08:00 +0900",2026-07-15 08:55:45
금융,핀테크 시장,"두나무 품는 네이버, 美 스테이블코인 결제사에도 베팅",네이버파이낸셜과 두나무의 기업 결합을 추진하는 가운데 글로벌 디지털자산 결제 시장을 겨냥한 투자라는... 레인은 기업과 핀테크 업체가 스테이블코인을 결제·송금 서비스에 활용할 수 있도록 관련 인프라를... ,https://www.newsis.com/view/NISX20260714_0003709349,https://n.news.naver.com/mnews/article/003/0014066882?sid=105,"Tue, 14 Jul 2026 20:17:00 +0900",2026-07-15 08:55:45
금융,핀테크 시장,日 “예금토큰 원년”…은행 간 연결이 승부처 [웹엑스 2026],다만 일본에서는 관련 제도가 충분히 갖춰지지 않은 데다 실제 시장 수요도 확인이 필요하다는 진단이 나왔다. 유아사 미쓰노리 프랭클린템플턴 재팬 디지털·핀테크 담당 이사는 “상품을 일본에 들여오는 것보다... ,https://www.decenter.kr/article/20067758?ref=naverdc,https://www.decenter.kr/article/20067758?ref=naverdc,"Tue, 14 Jul 2026 19:20:00 +0900",2026-07-15 08:55:45
금융,핀테크 시장,"'임대료 결제 앱·K 뷰티 플랫폼'…부산, 관광 스타트업 지원사격","지역 관광 스타트업 데브디는 월세와 상업용 임대료를 신용카드로 결제할 수 있는 부동산 핀테크 서비스... 글로벌 시장 진출 사업을 활발하게 추진 중이다. 미용실을 넘어 헤어와 메이크업, 한복 체험을 아우르는 뷰티... ",https://www.hankyung.com/article/2026071449161,https://n.news.naver.com/mnews/article/015/0005310007?sid=102,"Tue, 14 Jul 2026 18:48:00 +0900",2026-07-15 08:55:45
금융,핀테크 시장,"K-블록체인, 유럽서 사업화 성과…수출·투자 상담 286건",이도규 과기정통부 정보통신정책실장은 “국내 블록체인 기업의 기술과 서비스에 대한 유럽 시장의 관심과 현지화 가능성을 확인했다”며 “싱가포르 핀테크 페스티벌 참가 지원 등을 통해 해외 시장 진출 기반을... ,https://www.edaily.co.kr/news/newspath.asp?newsid=05139766645514520,https://n.news.naver.com/mnews/article/018/0006330215?sid=105,"Tue, 14 Jul 2026 17:30:00 +0900",2026-07-15 08:55:45
금융,핀테크 시장,"[단독] 네이버, 합병 앞두고 美 코인결제社 첫 투자",글로벌 시장으로 넓히기 위한 포석으로 분석된다. 가상자산 결제 비즈니스는 송금과 함께 추진할 대표적인 미래 먹거리로 꼽힌다. 핀테크 기업 관계자는 “스테이블코인 기반의 결제·정산이나 송금은 정산 비용이... ,https://www.hankyung.com/article/2026071448571,https://n.news.naver.com/mnews/article/015/0005309874?sid=105,"Tue, 14 Jul 2026 17:17:00 +0900",2026-07-15 08:55:45
금융,핀테크 시장,"NH투자증권, 인도 베팅…성공의 열쇠는 '현지화'","현지 대형 증권사와 글로벌 투자은행(IB), 핀테크 기업들이 이미 시장 선점 경쟁을 벌이고 있는 데다 규제와 환율 변동성, 현지 영업망 확보 등 넘어야 할 과제도 적지 않다. 결국 이번 투자가 성공하기 위해서는 단순한... ",http://www.srtimes.kr/news/articleView.html?idxno=207533,http://www.srtimes.kr/news/articleView.html?idxno=207533,"Tue, 14 Jul 2026 16:50:00 +0900",2026-07-15 08:55:45
금융,핀테크 시장,"호찌민 금융센터, 한국을 핵심 파트너로?...녹색금융·핀테크 판 커진다","VIFC-HCMC는 자산관리와 투자펀드, 국제 자본시장과 채권시장, 녹색금융, 디지털 금융과 핀테크, 국경 간 결제, 항공금융, 해양금융을 주요 축으로 삼고 있다. 여기에 신용평가, 회계감사, 법률 자문, 중재, 교육, 연구 등... ",https://www.ajunews.com/view/20260714132631310,https://www.ajunews.com/view/20260714132631310,"Tue, 14 Jul 2026 16:44:00 +0900",2026-07-15 08:55:45
금융,핀테크 시장,"원화 스테이블코인 입법 재시동…정부, 연내 기본법 제정 추진",시장법 개정도 함께 추진할 계획이다. 다만 원화 스테이블코인 발행 주체를 은행이 과반 지분을 보유한 컨소시엄으로 제한할지를 두고 의견이 엇갈리고 있다. 금융안정을 위해 은행 중심 구조가 필요하다는 주장과 핀테크... ,https://sateconomy.co.kr/news/view/1065597617522839,https://sateconomy.co.kr/news/view/1065597617522839,"Tue, 14 Jul 2026 16:26:00 +0900",2026-07-15 08:55:45
금융,핀테크 시장,"원화 스테이블코인, 하반기 입법 재시동…은행·빅테크 주도권 격돌","금융시장 불안을 키울 수 있다. 입법의 최대 쟁점은 발행 주체다. 은행 중심 컨소시엄에만 원화 스테이블코인 발행을 허용할지, 핀테크와 빅테크, 가상자산 사업자 등 비은행에도 문을 열지가 관건이다. 은행권은 예금자... ",https://www.ddaily.co.kr/page/view/2026071416154311294,https://n.news.naver.com/mnews/article/138/0002234175?sid=101,"Tue, 14 Jul 2026 16:16:00 +0900",2026-07-15 08:55:45
금융,핀테크 시장,"경기도, 벤처 ‘뉴욕 직행’ 뚫는다…5억 직접투자도 병행","국내 시장 포화로 어려움을 겪는 도내 창업기업인들을 위해 미국 영토 확장에 나섰다. 전 세계 벤처... 분야는 패션·문화콘텐츠부터 핀테크, 디지털 헬스케어, 정보통신기술(ICT) 등을 아우른다. 참가 희망기업은... ",https://www.segye.com/newsView/20260714518341?OutUrl=naver,https://n.news.naver.com/mnews/article/022/0004142993?sid=102,"Tue, 14 Jul 2026 16:14:00 +0900",2026-07-15 08:55:45
금융,핀테크 시장,"&quot;P2P대출,업 사라질 위기…국내기관과 연계투자 활로 모색&quot;","전통 금융이 가진 자금력과 지역 네트워크, 핀테크가 가진 심사·운영 역량과 온라인 채널을 결합하는 구조가 실제로 작동하기 시작했다는 점에서 의미가 크다는 것이다. 활로를 찾기 위한 또 다른 축은 RWA 시장 진출이다.... ",https://www.mk.co.kr/article/12098312,https://n.news.naver.com/mnews/article/009/0005707358?sid=101,"Tue, 14 Jul 2026 16:09:00 +0900",2026-07-15 08:55:45
리츠/부동산,리츠 주가,배당률 높을수록 좋다?…2026년 K리츠 분석 [리츠 이슈],"주가 하락의 배경은 제이알글로벌리츠에서 불거진 것과 같은 리스크다. 해외 자산에 투자한 리츠들은 원화 강세 시절의 환율로 장기 환헤지 계약을 맺었는데, 원화 약세가 이어지면서 계약을 연장할 때 물어야 할... ",http://www.joseilbo.com/news/news_read.php?uid=571914&class=18&grp=,https://n.news.naver.com/mnews/article/123/0002386543?sid=101,"Wed, 15 Jul 2026 07:53:00 +0900",2026-07-15 08:55:46
리츠/부동산,리츠 주가,"[공매도 브리핑] SK하이닉스 2,906억…안랩 비중 38.20%","공매도 거래비중은 0.90%였고 기준가 대비 주가변동률은 3.69%였다. 삼성전기는 공매도 거래대금 1... 한국항공우주 27.82%, LX홀딩스 26.86%, 롯데리츠 26.27%, NICE 24.87%가 뒤를 이었다. 전 거래일 1위였던... ",https://www.topstarnews.net/news/articleView.html?idxno=16134233,https://www.topstarnews.net/news/articleView.html?idxno=16134233,"Tue, 14 Jul 2026 18:36:00 +0900",2026-07-15 08:55:46
리츠/부동산,리츠 주가,"DB하이텍, 파운드리 미세화로 AI 칩 조준…수익성 개선 가속","강원랜드와 현대그린푸드, 롯데리츠 역시 배당 매력은 유지되고 있지만 단기 수급 부담으로 매도 우위가 나타난다. 최근 정책 기대만으로 주가가 움직이던 국면에서 벗어나 실적과 현금흐름, 배당 확대 가능성을... ",https://www.pinpointnews.co.kr/news/articleView.html?idxno=468338,https://www.pinpointnews.co.kr/news/articleView.html?idxno=468338,"Tue, 14 Jul 2026 15:00:00 +0900",2026-07-15 08:55:46
리츠/부동산,리츠 주가,"[2026 상반기 리그테이블] [DCM] 전쟁에 제이알, 중앙까지…33% 얼어붙은...",국내 시장에서도 제이알글로벌리츠와 중앙그룹의 채무불이행 사태로 인해 시장 분위기가 얼어붙어... 중심으로 주가가 많이 올라 지분 가치가 오르면서 이를 활용한 주식이 연계된 방식이 대안으로 떠올랐다&quot;고... ,https://dealsite.co.kr/articles/164880,https://dealsite.co.kr/articles/164880,"Tue, 14 Jul 2026 07:22:00 +0900",2026-07-15 08:55:46
리츠/부동산,리츠 주가,"13일 공매도, SK하이닉스에 6466억원 몰려...주가는 하루 새 16% 급락","테스는 161억2700만원, 비중 4.94퍼센트를 기록했지만 주가는 오히려 4.90퍼센트 상승했고, 알테오젠은 135억5100만원, 비중 6.11퍼센트, 주가는 2.31퍼센트 하락했다. 공매도 비중 상위는 안랩과 대신밸류리츠... ",https://www.junggi.co.kr/news/articleView.html?idxno=37117,https://www.junggi.co.kr/news/articleView.html?idxno=37117,"Mon, 13 Jul 2026 17:44:00 +0900",2026-07-15 08:55:46
리츠/부동산,리츠 주가,"[공매도 브리핑] SK하이닉스 6,466억…안랩 비중 47.37%","공매도 비중은 2.57%, 기준가 대비 주가변동률은 -15.37%였다. 코스피 거래대금 상위권에서는... 코스피에서는 대신밸류리츠가 42.39%로 가장 높았고, 포스코DX 36.44%, 효성 29.32%, 영원무역홀딩스 27.32%, 에스원... ",https://www.topstarnews.net/news/articleView.html?idxno=16133117,https://www.topstarnews.net/news/articleView.html?idxno=16133117,"Mon, 13 Jul 2026 16:44:00 +0900",2026-07-15 08:55:46
리츠/부동산,리츠 주가,'시총 미달'과 '액면병합' 상장사 지난주에도 봇물...주연테크 등,"인위적으로 주가를 끌어 올리려다 벌어진 현상이다. 13일 금융감독원 전자공시시스템에 따르면 시가총액... 지난 9일에는 코스닥상장사 샤페론, 6일에는 하나제약과 미래에셋글로벌리츠, 이엔플러스 등 3개 상장사가... ",https://www.moneystorm.kr/news/articleView.html?idxno=5054,https://www.moneystorm.kr/news/articleView.html?idxno=5054,"Mon, 13 Jul 2026 14:51:00 +0900",2026-07-15 08:55:46
리츠/부동산,리츠 주가,[증권 뉴스브리핑] &quot;코스피 밸류에이션 금융위기 때보다 낮아&quot;/SK하이닉...,"연합뉴스에 따르면 블룸버그 통신은 지난 9일 기준 코스피의 12개월 선행 주가수익비율(PER)은 6.35배로... 아울러 경영부문, 국내운용부문, CM본부, 리츠부문, 인프라부문, 국내투자부문, 해외부문 등 각 부문의 대표 및... ",https://www.asiatime.co.kr/article/20260713500309,https://www.asiatime.co.kr/article/20260713500309,"Mon, 13 Jul 2026 14:38:00 +0900",2026-07-15 08:55:46
리츠/부동산,리츠 주가,소셜연금 보충할 배당종목 투자 주목,중간형 전략에서는 리츠와 고배당 우량주가 중심이 된다. 대표적인 종목은 리얼티인컴과 버라이즌이다. 리얼티인컴은 배당수익률이 약 5.4%이다. 114차례 연속 배당을 인상했다. 배당금을 매월 지급해 정기 소득처럼... ,https://www.koreadaily.com/article/20260712200110503,https://www.koreadaily.com/article/20260712200110503,"Mon, 13 Jul 2026 12:02:00 +0900",2026-07-15 08:55:46
리츠/부동산,리츠 주가,"40대 이부장, ‘연 2%’ 연금 수익률 1년새 9배로 불린 비결","채권, 고배당주, 리츠와 같은 대체투자 자산 등 정기적인 현금흐름이 발생하는 자산에 주로 투자합니다. 주가 상승으로 인한 매매 차익을 통해 자산을 늘리기보다는 자산에서 발생하는 수익을 통해 은퇴자에게... ",https://biz.heraldcorp.com/article/10806779?ref=naver,https://n.news.naver.com/mnews/article/016/0002669436?sid=101,"Mon, 13 Jul 2026 11:21:00 +0900",2026-07-15 08:55:46
리츠/부동산,리츠 주가,&quot;월가가 더 깐깐해지고 있다&quot;…다음 AI 주도주는,"야드니리서치는 지난주 &quot;최근 메모리 반도체주의 약세는 매수 기회로 본다&quot;며 &quot;지난 3년간의 주가 급등은... 데이터센터 리츠도 가치 있다고 본다&quot;고 추천했다. UBS는 투자자들은 또한 전력과 소재, 수명연장과 같은... ",https://news.einfomax.co.kr/news/articleView.html?idxno=4424618,https://news.einfomax.co.kr/news/articleView.html?idxno=4424618,"Mon, 13 Jul 2026 10:40:00 +0900",2026-07-15 08:55:46
리츠/부동산,리츠 주가,"&quot;롯데리츠, 금리 인상으로 자기자본비용↑… 목표가↓&quot;-NH",NH투자증권은 13일 롯데리츠의 목표주가를 기존 5800원에서 4700원으로 하향했다. 금리 인상으로 자기자본비용(COE)이 상승한 점을 반영했다. 다만 그룹 계열사와의 협업으로 투자 영역을 넓힐 수 있고 조달시장 변동성에... ,https://www.mt.co.kr/stock/2026/07/13/2026071307513811503,https://n.news.naver.com/mnews/article/008/0005384891?sid=101,"Mon, 13 Jul 2026 08:37:00 +0900",2026-07-15 08:55:46
리츠/부동산,리츠 주가,NH투자증권 &quot;AI가 바꾼 美 오피스 시장…뉴욕·샌프란시스코 리츠 주목...,NH투자증권은 AI 수요가 집중되는 핵심 시장의 회복 가능성을 고려하면 현재 주가는 실물 오피스 가치 대비 과도한 할인 상태라고 평가했다. 한편 지난주 글로벌 리츠 수익률은 미국과 이란의 무력 충돌 재점화와... ,https://www.etoday.co.kr/news/view/2602848,https://www.etoday.co.kr/news/view/2602848,"Mon, 13 Jul 2026 07:42:00 +0900",2026-07-15 08:55:46
리츠/부동산,리츠 주가,[10일 특징주] 반도체 흔들리자 방어주 '활짝'…은행株 '강세',은행주가 강세를 보였다. 국내 증시의 변동성이 커진 가운데 경기 방어주 역할을 하는 은행주에 투자자들의... 한편 이날 코스피에서는 ▲금호타이어 ▲한성기업 ▲대구백화점 ▲디와이에이 ▲마스턴프리미어리츠... ,https://www.newsworks.co.kr/news/articleView.html?idxno=846900,https://www.newsworks.co.kr/news/articleView.html?idxno=846900,"Fri, 10 Jul 2026 16:54:00 +0900",2026-07-15 08:55:46
리츠/부동산,리츠 주가,[마감시황] SK하이닉스 ADR 대박 타고 코스피·코스닥 '함박웃음',|중앙이코노미뉴스 김수현 기자|10일 오후 서울 중구 하나은행 딜링룸에 이날 SK하이닉스 주가 지수가... 양대 시장에서 △금호타이어 △한성기업 △대구백화점 △디와이에이 △마스턴프리미어리츠... ,https://www.joongangenews.com/news/articleView.html?idxno=532149,https://www.joongangenews.com/news/articleView.html?idxno=532149,"Fri, 10 Jul 2026 16:10:00 +0900",2026-07-15 08:55:46
리츠/부동산,리츠 주가,[급등락주 짚어보기] 호남 반도체 기대에 금호타이어 '上'…HLB그룹주 신...,자동차 부품·기계 관련 저가주에 대한 매수세도 주가 상승에 영향을 줬다. 마스턴프리미어리츠는 전 거래일 대비 29.92% 상승한 773원에 거래를 마쳤다. 저가 리츠주로 매수세가 유입되며 가격제한폭까지 올랐다.... ,https://www.etoday.co.kr/news/view/2602561,https://www.etoday.co.kr/news/view/2602561,"Fri, 10 Jul 2026 15:58:00 +0900",2026-07-15 08:55:46
리츠/부동산,리츠 주가,코스피·코스닥 매수 사이드카 발동...반도체株 급등,"SK하이닉스 주가와 코스피 지수가 표시되고 있다. 2026.07.10 yeawon2@newspim.com 투자자별로는 개인이... 대구백화점은 29.97%, 한성기업은 29.95%, 기가레인과 마스턴프리미어리츠는 각각 29.92% 상승했다. 반면 HLB... ",https://www.newspim.com/news/view/20260710001009,https://www.newspim.com/news/view/20260710001009,"Fri, 10 Jul 2026 14:07:00 +0900",2026-07-15 08:55:46
리츠/부동산,부동산 시장,[오늘의 사설]&quot;촉법연령 하향...사회복귀 돕는 인프라 확충해야&quot;,조선일보 = 부동산 논의하면서 서울시장은 '패싱' 유튜브 댓글은 '경청'/&quot;보완 수사권 폐지해도 문제 없다&quot;는 정치인 기억해 두자/'文정권 통계 조작 監査'에 대해 끝없이 이어지는 감사 ▲ 중앙일보 = 부동산 대토론회... ,http://www.nongaek.com/news/articleView.html?idxno=96100,http://www.nongaek.com/news/articleView.html?idxno=96100,"Wed, 15 Jul 2026 08:46:00 +0900",2026-07-15 08:55:46
리츠/부동산,부동산 시장,"[세미콜론] 기재부 국민 부동산 정책 제안 게시판, &quot;집단대출 규제 예외...","보유세 강화·형평성 제고를 요구하는 제안으로는 &quot;보유세 강화해 양극화 해소해야 합니다&quot;, &quot;보유세를 강화해야 한다&quot;, &quot;부동산 시장 안정을 위한 세제 강화 찬성&quot; 등이 있었다. 반대로 보유세 부담 완화를 요구하는... ",https://www.sejungilbo.com/news/articleView.html?idxno=59252,https://www.sejungilbo.com/news/articleView.html?idxno=59252,"Wed, 15 Jul 2026 08:46:00 +0900",2026-07-15 08:55:46
리츠/부동산,부동산 시장,[선우윤호의 경제본색] 더 거세진 '부동산 대란'...서울 넘어 경기까지...,"부동산 시장의 열기는 서울을 넘어 경기권으로도 확산되고 있다. 직방 분석에 따르면 전국 아파트 상승 거래 비중은 5월 45.7%에서 6월 47.3%로 확대됐으며, 경기 역시 같은 기간 46.4%에서 49.4%로 3.0%포인트 상승했다.... ",https://www.pennmike.com/news/articleView.html?idxno=123703,https://www.pennmike.com/news/articleView.html?idxno=123703,"Wed, 15 Jul 2026 08:44:00 +0900",2026-07-15 08:55:46
리츠/부동산,부동산 시장,금리 0.25%포인트 오르면 주택담보대출 이자 1조8000억 증가...1인당 연평...,대출을 늘린 상황에서 추가 금리 인상은 이자 부담을 더욱 키울 수 있다&quot;고 우려했다. 이 의원은 &quot;금리 상승에 따른 가계부채 위험을 면밀히 점검하고 부동산 시장 정상화를 위한 정책 전환이 필요하다&quot;고 주장했다.,https://www.pinpointnews.co.kr/news/articleView.html?idxno=468484,https://www.pinpointnews.co.kr/news/articleView.html?idxno=468484,"Wed, 15 Jul 2026 08:42:00 +0900",2026-07-15 08:55:46
리츠/부동산,부동산 시장,&quot;부모 도움 없인 집 못 사&quot;...청년층 내 집 마련 사실상 '불가능' [굿모...,만약에 집을 사는 게 외곽지역이나 저품질의 주택을 사게 될 경우에는 나중에 부동산 시장에 불황이 왔다든지 아니면 모든 현재 시장을 왜곡하고 있는 규제가 정상화될 경우에는 기존 억누려 있던 원래 양질의 주택 가격은... ,https://www.ytn.co.kr/_ln/0134_202607150836210873,https://n.news.naver.com/mnews/article/052/0002379661?sid=101,"Wed, 15 Jul 2026 08:36:00 +0900",2026-07-15 08:55:46
리츠/부동산,부동산 시장,'반도체 배후수요' 기대감…'용인 고림 동문 디 이스트' 견본주택 관심,용인 처인구 부동산 시장도 반도체 산업단지 개발 기대감의 영향을 받고 있다. 부동산뱅크에 따르면 6월 넷째 주 처인구 아파트 매매가격은 전주 대비 5.34% 올라 전국 최고 상승률을 기록했다. 최근 정부가 화성... ,https://www.ebn.co.kr/news/articleView.html?idxno=1716411,https://www.ebn.co.kr/news/articleView.html?idxno=1716411,"Wed, 15 Jul 2026 08:34:00 +0900",2026-07-15 08:55:46
리츠/부동산,부동산 시장,"민주, 룰 결정에도 계파 갈등...'장외정치' 장동혁, 오늘 광주행 [뉴스U...","그리고 오세훈 시장이 부동산 관련해서 본인 입으로 정말 듣기 싫은 소리도 있을 겁니다, 보고서 다 작성해 왔습니다라고 얘기를 했거든요. 그걸로 충분히 의견을 수렴했기 때문에 향후 계속 꾸준히 성실하게 국무회의를... ",https://www.ytn.co.kr/_ln/0101_202607150832176024,https://n.news.naver.com/mnews/article/052/0002379658?sid=100,"Wed, 15 Jul 2026 08:32:00 +0900",2026-07-15 08:55:46
리츠/부동산,부동산 시장,기준금리 인상 초읽기…‘이자만 평균 613만원’ 영끌·빚투족 비상,"이 의원은 “정부는 금리 상승 과정에서 국민이 감당해야 할 이자 부담과 가계부채 리스크를 점검하고, 정책 대전환을 통해 부동산 시장 정상화에 최선을 다해야 한다”고 강조했다.",https://www.mk.co.kr/article/12098860,https://n.news.naver.com/mnews/article/009/0005707611?sid=101,"Wed, 15 Jul 2026 08:31:00 +0900",2026-07-15 08:55:46
리츠/부동산,부동산 시장,"더이앤엠, 한국투자증권과 청라 복합단지 개발금융 구축… '솜시티' 시...",투자금융 업계는 하반기 대형 복합개발 프로젝트를 이끄는 사업 시행사의 영속성을 평가하는 핵심 지표로 단순 부지 확보나 콘텐츠 구상을 넘어 부동산 시장의 자금 경색 리스크를 통제하고 대형 금융기관을 파트너로... ,https://www.nbntv.kr/news/articleView.html?idxno=340463,https://www.nbntv.kr/news/articleView.html?idxno=340463,"Wed, 15 Jul 2026 08:30:00 +0900",2026-07-15 08:55:46
리츠/부동산,부동산 시장,&quot;기준금리 연속 인상&quot; 대출 금리 오르면 주담대 이자 '5.5조' 가중,"이 의원은 &quot;정부는 금리 상승 과정에서 국민이 감당해야 할 이자 부담과 가계부채 리스크를 점검하고, 정책 대전환을 통해 부동산 시장 정상화에 최선을 다해야 한다&quot;고 주문했다.",https://www.jnilbo.com/news/articleView.html?idxno=90000050001,https://www.jnilbo.com/news/articleView.html?idxno=90000050001,"Wed, 15 Jul 2026 08:29:00 +0900",2026-07-15 08:55:46
리츠/부동산,부동산 시장,'3전4기' 광명시흥…수도권 주택가뭄 해갈되나,"2029년 첫 분양, 2031년 최초 입주를 목표로 사업을 추진한다는 계획이다. 한 부동산업계 관계자는 &quot;광명시흥지구는 일산신도시에 맞먹는 규모로 수도권 서남부 부동산 시장 수급에 적지 않은 영향을 줄 것&quot;이라고 말했다.",https://news.einfomax.co.kr/news/articleView.html?idxno=4425018,https://news.einfomax.co.kr/news/articleView.html?idxno=4425018,"Wed, 15 Jul 2026 08:28:00 +0900",2026-07-15 08:55:46
리츠/부동산,부동산 시장,부동산 증세 '만지작'…&quot;합리적 개선&quot;한다는 정부,앞서 같은 날 오전 청와대에서 열린 국무회의에서는 &quot;세제 개편의 1차 목표는 집값을 누르는 게 아니라 부동산 시장의 왜곡을 정상화하는 것&quot;이라며 &quot;투기 유발이라는 부수적인 부작용을 완화하는 게 2차 목표&quot;라고... ,https://news.bizwatch.co.kr/article/real_estate/2026/07/14/0032,https://n.news.naver.com/mnews/article/648/0000048913?sid=101,"Wed, 15 Jul 2026 08:18:00 +0900",2026-07-15 08:55:46
리츠/부동산,부동산 시장,李 대통령 분당 아파트 팔렸다…인근 부동산 &quot;매수 분위기는 잠잠&quot;,앞서 이 대통령은 지난 2월 부동산 시장 정상화 의지를 보여주기 위해 김 여사와 공동명의로 보유한 유일한 주택인 분당 아파트를 시세보다 약 10% 낮은 29억 원에 매물로 내놨다. 해당 단지 부동산들은 이 대통령의 아파트... ,https://www.news1.kr/local/gyeonggi/6228227,https://n.news.naver.com/mnews/article/421/0009059928?sid=102,"Wed, 15 Jul 2026 08:12:00 +0900",2026-07-15 08:55:46
리츠/부동산,부동산 시장,"부부재산분할, 대박 난 투자 수익과 숨겨진 쪽박 채무에서 내 몫 지켜내...","최근 주식, 코인, 부동산 등 자산 시장의 변동성이 극심해지면서 부부 사이의 경제적 갈등이 이혼 으로 이어지는 사례가 급증하고 있다. 한쪽의 과감한 투자로 소위 '대박'이 나며 새로운 자산 형성 을 계기로 각자의 길을... ",http://www.beyondpost.co.kr/view.php?ud=2026071410475251909aeda69934_30,http://www.beyondpost.co.kr/view.php?ud=2026071410475251909aeda69934_30,"Wed, 15 Jul 2026 08:02:00 +0900",2026-07-15 08:55:46
리츠/부동산,부동산 시장,"위기의 부동산 시장···정부, 해법 제시할까","특히 신규 분양시장은 기존 시장보다 더 가파른 상승세를 보이고 있다. 함영진 우리은행 부동산리서치랩장의 분석에 따르면, 서울 아파트의 3.3㎡당 평균 분양가는 2023년 3553만원에서 2024년 4818만원, 2025년 5131만원... ",http://www.enewstoday.co.kr/news/articleView.html?idxno=2448663,http://www.enewstoday.co.kr/news/articleView.html?idxno=2448663,"Wed, 15 Jul 2026 08:00:00 +0900",2026-07-15 08:55:46
리츠/부동산,부동산 시장,"더이앤엠, 한국투자증권과 청라 영상문화복합단지 금융분야 MOU…복합개...",또한 다양한 부동산 개발사업에서 축적한 경험을 바탕으로 최적화된 자금조달 구조를 제시하며 부동산 금융시장 내 입지를 구축하고 있다. SOM:CITY 조성사업은 스튜디오를 중심으로 콘텐츠 제작 인프라와 상업·업무... ,https://view.asiae.co.kr/article/2026071507594161906,https://n.news.naver.com/mnews/article/277/0005790045?sid=101,"Wed, 15 Jul 2026 07:59:00 +0900",2026-07-15 08:55:46
리츠/부동산,부동산 시장,"李대통령, 부동산 정책 유튜브 여론조사…오세훈 발언엔 &quot;나중에&quot;",그냥 이 건으로 넘겼으면 좋겠습니다.&quot; 회의가 끝날 무렵 발언권을 얻은 오 시장이 다시 부동산 현안을 언급하려 하자 이번엔 이 대통령이 제동을 걸었습니다. 오세훈 / 서울시장 &quot;국무회의에서 꼭 여러 위원님들 모시고... ,https://news.tvchosun.com/site/data/html_dir/2026/07/15/2026071590030.html,https://n.news.naver.com/mnews/article/448/0000626889?sid=100,"Wed, 15 Jul 2026 07:51:00 +0900",2026-07-15 08:55:46
리츠/부동산,부동산 시장,"“나중에” 李,국무회의서 집값 얘기 오세훈에…",특히 오 시장은 부동산 정책에 대한 의견을 밝히려 했지만 한성숙 국무총리와 이 대통령에게 제지당했다. 14일 정치권에 따르면 오 시장이 이날 제30회 국무회의에서 부동산 정책 관련 토론이 진행되던 도중 “총리님... ,https://www.munhwa.com/article/11602714?ref=naver,https://n.news.naver.com/mnews/article/021/0002804748?sid=100,"Wed, 15 Jul 2026 07:50:00 +0900",2026-07-15 08:55:46
리츠/부동산,부동산 시장,이대통령 &quot;나는 이제 집이 없다&quot;…분당 아파트 29억 매각 마무리,앞서 이 대통령은 지난 2월 부동산 시장 정상화 의지를 보여주겠다며 김 여사와 공동명의로 보유한 유일한 주택인 분당 아파트를 시세보다 약 10% 낮은 가격에 매물로 내놨다. 해당 아파트는 이 대통령이 1998년... ,http://weekly.chosun.com/news/articleView.html?idxno=53454,https://n.news.naver.com/mnews/article/053/0000059940?sid=100,"Wed, 15 Jul 2026 07:47:00 +0900",2026-07-15 08:55:46
리츠/부동산,상업용 부동산,"[미국 특징주] 월가 은행들, 2분기 대손충당금 축소",웰스파고(WFC)는 상업용 부동산 대출 포트폴리오 개선을 충당금 축소 요인으로 꼽았다. 웰스파고의 지난 분기 대손충당금은 9억1400만달러로 전년 동기 대비 약 9% 줄었다. 6대 대형 은행 중 마지막으로 실적을... ,https://www.newspim.com/news/view/20260715000089,https://www.newspim.com/news/view/20260715000089,"Wed, 15 Jul 2026 08:18:00 +0900",2026-07-15 08:55:47
리츠/부동산,상업용 부동산,미래에셋운용 롯데시티호텔 명동 판다…예상가 3000억,상업용 부동산 컨설팅회사 쿠시먼앤드웨이크필드가 발간한 '2026 서울 호텔 마켓 리포트'에 따르면 지난해 한국을 찾은 외래 관광객은 1894만명으로 역대 최고치를 기록했다. 가용객실당매출은 20만7345원으로 코로나... ,https://dealsite.co.kr/articles/165275,https://dealsite.co.kr/articles/165275,"Wed, 15 Jul 2026 08:02:00 +0900",2026-07-15 08:55:47
리츠/부동산,상업용 부동산,현대百 삼성동 1700평 주차장 6천억 매각설…대형 건설사 눈독,게다가 수도권광역급행철도(GTX)-A·C 노선 등 광역교통망 확충까지 예정돼 있어 상업용 부동산 가치가 지속적으로 상승하는 지역으로 꼽힌다. 한 부동산 업계 관계자는 “현재 강남 한복판에서 500평 이상의 대형 개발... ,https://realty.chosun.com/site/data/html_dir/2026/07/14/2026071402531.html,https://realty.chosun.com/site/data/html_dir/2026/07/14/2026071402531.html,"Wed, 15 Jul 2026 06:02:00 +0900",2026-07-15 08:55:47
리츠/부동산,상업용 부동산,"인천시, 7월분 재산세 4334억 원 부과…납부 기간은 16일부터 31일까지","인천시는 관내에 소재한 주택(총세액의 2분의 1 분할분)과 상업용·산업용 건축물, 항공기, 선박 등을 보유한... 소유 부동산이 소재한 관할 군·구청 세무부서의 전문 상담 창구를 통해 상세한 안내를 지원받을 수 있다.... ",https://www.cstimes.com/news/articleView.html?idxno=713476,https://www.cstimes.com/news/articleView.html?idxno=713476,"Wed, 15 Jul 2026 05:06:00 +0900",2026-07-15 08:55:47
리츠/부동산,상업용 부동산,"부동산플래닛 “5월 전국 부동산 매매거래량 전월比 8.3% 감소, 아파트만...","AI 기반 상업용 부동산 전문 기업 부동산플래닛(각자대표 정수민, 엄현포)이 “5월 전국 부동산 매매거래량 전월比 8.3% 감소했다”며 “9개 거래 유형 중 아파트 거래량만 전월 대비 거래금액이... ",https://sports.khan.co.kr/article/202607150134003?pt=nv,https://n.news.naver.com/mnews/article/144/0001126181?sid=103,"Wed, 15 Jul 2026 01:35:00 +0900",2026-07-15 08:55:47
리츠/부동산,상업용 부동산,‘파산 국면’ 홈플러스 불똥 튈라… 경남 부동산 시장 ‘긴장’,"대형마트는 단순한 상업시설을 넘어 주거지의 핵심 생활 인프라이자 유동인구를 흡수하는 ‘앵커시설’ 역할을 해왔기에, 점포 폐쇄가 장기화할 경우 인근 주택 시장은 물론 상업용 부동산 시장에도 악영향을 미칠 수... ",http://www.knnews.co.kr/news/articleView.php?idxno=1546415,http://www.knnews.co.kr/news/articleView.php?idxno=1546415,"Tue, 14 Jul 2026 21:24:00 +0900",2026-07-15 08:55:47
리츠/부동산,상업용 부동산,충장로 ‘맛동산 골목’…홍콩골목 성공 이어갈까,"한국부동산원의 ‘상업용부동산 임대동향 조사’에 따르면 올해 1분기 충장·금남로 일대 소규모 상가(연면적 330㎡ 이하)의 평균 임대료는 ㎡당 1만9100원으로, 10평 기준 63만1400여원이다. 이는 광주 평균(55만2100여원)... ",http://www.kwangju.co.kr/article.php?aid=1784029800801270006,http://www.kwangju.co.kr/article.php?aid=1784029800801270006,"Tue, 14 Jul 2026 20:54:00 +0900",2026-07-15 08:55:47
리츠/부동산,상업용 부동산,KKR 탱크터미널 매각 ‘6파전’... 국내선 인지도 낮은 英액티스도 등판,"액티스는 예비입찰에서 가장 높은 가격을 제시한 것으로 알려졌지만, 한국에서는 이미 가동 중인 대형 인프라를 인수하기보다는 상업용 부동산 시장에서 활동하며 데이터센터를 직접 개발하는 프로젝트성 투자에... ",https://biz.chosun.com/stock/market_trend/2026/07/14/SO3HY6EK35EZFHHC3PQWGWM3CY/?utm_source=naver&utm_medium=original&utm_campaign=biz,https://n.news.naver.com/mnews/article/366/0001179171?sid=101,"Tue, 14 Jul 2026 17:31:00 +0900",2026-07-15 08:55:47
리츠/부동산,상업용 부동산,"경기 자영업자 소득, 코로나 이전 수준도 못 넘었다","실제 도소매업과 음식·숙박업, 부동산 임대업 등 자영업 비중이 높은 업종을 중심으로 부진이 이어지고 있으며, 상업용 부동산 공실률 상승과 임대가격 하락도 자영업 경영환경을 더욱 악화시키고 있는 것으로 나타났다.... ",https://www.kmaeil.com/news/articleView.html?idxno=645326,https://www.kmaeil.com/news/articleView.html?idxno=645326,"Tue, 14 Jul 2026 16:20:00 +0900",2026-07-15 08:55:47
리츠/부동산,상업용 부동산,5월 공장·창고 거래규모 1조1428억 원…올해 1천 억 이상 거래 4건 성사,"14일 상업용 부동산 종합 서비스 기업 알스퀘어가 국토교통부 실거래가 자료를 분석한 결과 5월 전국 공장·창고 거래 규모는 1조1428억 원, 거래 건수는 260건으로 집계됐다. 거래량은 줄었지만 대형 거래는 늘었다.... ",https://www.sedaily.com/article/20067625?ref=naver,https://n.news.naver.com/mnews/article/011/0004641475?sid=101,"Tue, 14 Jul 2026 15:57:00 +0900",2026-07-15 08:55:47
리츠/부동산,상업용 부동산,[더벨]딜 몰리는 코람코…투자업계 인재 영입 속도,코람코는 6월 말 기준 운용자산(AUM) 약 62조원으로 국내 상업용 부동산 투자 업계 2위에 올라섰다. 상향된 체급을 기반으로 데이터센터 분야에서 2032년까지 총 10조원을 투자하고 1.4GW를 직접 운용하는 디지털 인프라... ,https://www.thebell.co.kr/free/content/ArticleView.asp?key=202607141457486600109085,https://www.thebell.co.kr/free/content/ArticleView.asp?key=202607141457486600109085,"Tue, 14 Jul 2026 15:18:00 +0900",2026-07-15 08:55:47
리츠/부동산,상업용 부동산,5월 전국 부동산 거래량 8.3% 줄어…아파트만 금액 4.4% 올라,상업용 부동산인 상가 및 사무실의 매매 시장 상황은 어떠했나요? A. 5월 전국 상가 및 사무실 매매거래량은 전월 대비 18.0% 감소했으며 매매거래금액은 1조6322억원에서 8149억원으로 무려 50.1%나 급감하여 큰 폭의... ,https://www.newspim.com/news/view/20260714000472,https://www.newspim.com/news/view/20260714000472,"Tue, 14 Jul 2026 14:05:00 +0900",2026-07-15 08:55:47
리츠/부동산,상업용 부동산,"리듬 프로퍼티 트러스트(RPT), 공모·자사주 매입 병행…배당 유지 속 3...","총자산은 9억3060만 달러, 현금 및 현금성 자산은 9630만 달러로 집계됐고 상업용 모기지증권 보유 규모는... 코멘트 월가 부동산 투자 전문가들은 “배당 유지와 자사주 매입을 병행하는 전략은 투자자 신뢰를... ",https://www.tokenpost.kr/news/market/377555,https://www.tokenpost.kr/news/market/377555,"Tue, 14 Jul 2026 14:04:00 +0900",2026-07-15 08:55:47
리츠/부동산,상업용 부동산,"부산관광공사, 관광스타트업 20곳 육성… 외국인 관광 500만 시대 준비",데브디의 월세와 상업용 임대료를 신용카드로 결제할 수 있는 부동산 핀테크 서비스 '집업페이' 모습 (자료/부산관광공사) 부산관광공사가 '2026 부산관광스타트업 공모'를 통해 선정된 관광스타트업 20개 기업에 대한... ,http://www.newstown.co.kr/news/articleView.html?idxno=709074,http://www.newstown.co.kr/news/articleView.html?idxno=709074,"Tue, 14 Jul 2026 12:56:00 +0900",2026-07-15 08:55:47
리츠/부동산,상업용 부동산,거래량은 줄었는데 ‘굵은 딜’은 계속…상업용·공장·창고 시장에 드...,"상업용·물류 시장, ‘덩치 큰 거래’ 중심 재편 신호 세 자료를 함께 보면, 상업용·물류 부동산 시장의 방향성은 비교적 분명하다. 전체적으로는 거래량이 줄고 비아파트 유형의 거래금액도 후퇴하는 가운데... ",https://kidd.co.kr/news/246706,https://kidd.co.kr/news/246706,"Tue, 14 Jul 2026 12:16:00 +0900",2026-07-15 08:55:47
리츠/부동산,상업용 부동산,숙박결제·K뷰티·체험까지…관광스타트업이 부산 소비지형 바꾼다,"대표 사례는 부동산 핀테크 기업 ‘데브디’로, 월세와 상업용 임대료를 신용카드로 결제할 수 있는 ‘집업페이’를 운영한다. 임대인의 별도 동의 없이 임대료를 카드로 납부할 수 있어 숙박시설 운영자와 단기... ",https://www.sedaily.com/article/20067478?ref=naver,https://n.news.naver.com/mnews/article/011/0004641374?sid=102,"Tue, 14 Jul 2026 11:21:00 +0900",2026-07-15 08:55:47
리츠/부동산,상업용 부동산,"‘외국인 관광객 300만’ 부산, 스타트업과 글로벌 영토 확장",▶카드결제 핀테크 서비스 운영 ‘데브디’=‘데브디(대표 김기태)’는 월세 및 상업용 임대료를 신용카드로 결제할 수 있는 부동산 핀테크 서비스인 ‘집업페이’를 운영하고 있다. ‘집업페이’는 임대차계약서 기반... ,https://biz.heraldcorp.com/article/10808120?ref=naver,https://n.news.naver.com/mnews/article/016/0002669957?sid=103,"Tue, 14 Jul 2026 11:12:00 +0900",2026-07-15 08:55:47
리츠/부동산,상업용 부동산,5월 공장·창고 거래 줄었는데…올해 1천억대 '빅딜' 4건,"14일 상업용 부동산 종합서비스 기업 알스퀘어가 국토교통부 실거래가 자료를 분석한 결과, 지난 5월 전국 공장·창고 거래금액은 1조1428억원, 거래 건수는 260건으로 집계됐다. 전월인 4월의 1조3910억원, 361건과... ",https://www.newsis.com/view/NISX20260714_0003708384,https://n.news.naver.com/mnews/article/003/0014065203?sid=101,"Tue, 14 Jul 2026 11:06:00 +0900",2026-07-15 08:55:47
리츠/부동산,상업용 부동산,"우리금융F&amp;I, 본업 드라이브…공격적 NPL투자, 점유율 23% 찍었다",특히 상업용 부동산과 토지 등 비주거 담보의 매각가율이 낮아지고 있어 매입 물량 확대가 곧바로 수익성 개선으로 연결된다고 단정하기는 어렵다. 우리금융 관계자는 &quot;우리금융F&amp;I는 그룹의 자본비율과... ,https://www.bloter.net/news/articleView.html?idxno=668040,https://n.news.naver.com/mnews/article/293/0000087597?sid=101,"Tue, 14 Jul 2026 11:00:00 +0900",2026-07-15 08:55:47
건설/인프라,건설 주가,"동국제강, 기대 이상 실적에도 '저평가'…&quot;조선향 후판과 대형건설사향...",박 연구원은 &quot;2분기 견조한 영업실적이 예상되는 반면 현재 주가는 주가순자산비율(PBR) 0.22배 수준에 불과하다&quot;며 &quot;하반기 조선향 후판과 대형 건설사향 철근 가격 인상 가능성이 높다고 판단되기 때문에 하반기에도... ,http://www.newsprime.co.kr/news/article.html?no=740364,http://www.newsprime.co.kr/news/article.html?no=740364,"Wed, 15 Jul 2026 08:10:00 +0900",2026-07-15 08:55:48
건설/인프라,건설 주가,"&quot;SK하이닉스 주가, 3주 만에 36%↓…과도한 우려 매수 기회&quot;-KB",그러면서 투자의견 '매수'와 목표주가 420만원을 유지했다. 이 증권사 김동원 리서치본부장은 &quot;내년에는... 또한 &quot;현재 전 세계 33개의 데이터센터를 운영·건설 중인 메타는 미국 루이지애나주 리치랜드 패리시에 건설... ,https://www.hankyung.com/article/2026071556596,https://n.news.naver.com/mnews/article/015/0005310102?sid=101,"Wed, 15 Jul 2026 08:06:00 +0900",2026-07-15 08:55:48
건설/인프라,인프라 산업,"에이치시티, 인니 ICT 국제 컨퍼런스 참여…&quot;글로벌 시험인증 협력 강화...",허봉재 에이치시티 대표는 “시험인증은 제품의 적합성을 확인하는 절차를 넘어 국가와 국가를 연결하고 산업 간 신뢰를 구축하는 핵심 인프라”라며 “앞으로도 인도네시아를 비롯한 글로벌 파트너들과... ,https://www.edaily.co.kr/news/newspath.asp?newsid=02961846645514848,https://n.news.naver.com/mnews/article/018/0006330481?sid=101,"Wed, 15 Jul 2026 08:53:00 +0900",2026-07-15 08:55:48
건설/인프라,인프라 산업,"전남미술관, AI 융복합 전시 '데이터 사피엔스' 마련",이어 “전남이 AI 인프라와 문화예술을 결합해 기술 중심 산업을 문화콘텐츠 생태계로 확장하려는 시도를 보여준다는 점에서도 주목된다”며 “AI 데이터센터를 넘어 AI와 문화기술이 공존하는 도시로 발전해 갈... ,https://zdnet.co.kr/view/?no=20260715084957,https://n.news.naver.com/mnews/article/092/0002430543?sid=103,"Wed, 15 Jul 2026 08:51:00 +0900",2026-07-15 08:55:48
건설/인프라,인프라 산업,"엘리스그룹, ICML 서울 개최 발판 삼아 글로벌 AI 연구 접점 넓힌다","AI 인프라와 클라우드, 산업별 솔루션을 아우르는 AI 풀스택 기업 엘리스그룹이 세계적인 AI 학회 ICML 2026의 한국 개최를 맞아 서울에서 열린 국제 AI 연구·교육 행사들을 지원하며 글로벌 AI 연구 커뮤니티와의... ",https://www.econovill.com/news/articleView.html?idxno=745237,https://www.econovill.com/news/articleView.html?idxno=745237,"Wed, 15 Jul 2026 08:48:00 +0900",2026-07-15 08:55:48
건설/인프라,인프라 산업,"리플, 리눅스 재단 AI 결제 프로젝트 합류…XRP·RLUSD 확장 나선다",결제 인프라로 확대하는 데 속도를 내고 있다. AI 에이전트가 사람의 개입 없이 스스로 서비스 이용료를... AI 결제 표준 논의가 블록체인 업계를 넘어 글로벌 빅테크와 금융·결제 산업 전반으로 확산되고 있음을... ,https://www.digitaltoday.co.kr/news/articleView.html?idxno=684180,https://www.digitaltoday.co.kr/news/articleView.html?idxno=684180,"Wed, 15 Jul 2026 08:44:00 +0900",2026-07-15 08:55:48
건설/인프라,건설 수주,"삼성물산, HJ중공업 신축 '해모로' 아파트에 '홈닉' 적용",삼성물산 건설부문이 HJ중공업 아파트 브랜드 ‘해모로(HAEMORO)’에 홈플랫폼 ‘홈닉(Homeniq)’을 적용한다.... HJ중공업은 이번 홈플랫폼 도입을 통해 대형 정비사업과 공공·민간 주택 수주 시장에서 스마트 주거 기술... ,https://www.edaily.co.kr/news/newspath.asp?newsid=02974966645514848,https://n.news.naver.com/mnews/article/018/0006330485?sid=101,"Wed, 15 Jul 2026 08:54:00 +0900",2026-07-15 08:55:49
건설/인프라,건설 수주,목동·여의도·성수·마포…서울 정비사업 수주 경쟁 '후끈',"들어가면서 건설사들의 치열한 수주 곳간 채우기 경쟁이 예상된다. 하반기 목동을 시작으로 여의도, 성수동, 마포 등에서 줄줄이 시공사 선정에 들어가면서 건설사들의 치열한 수주 곳간 채우기 경쟁이 예상된다.... ",https://www.asiatime.co.kr/article/20260714500280,https://www.asiatime.co.kr/article/20260714500280,"Wed, 15 Jul 2026 08:48:00 +0900",2026-07-15 08:55:49
건설/인프라,건설 수주,"삼성물산, HJ중공업과 스마트홈 플랫폼 협력…'해모로by홈닉' 도입 확대",HJ중공업은 이번 플랫폼 도입을 통해 스마트 주거 경쟁력을 높이고 대형 정비사업과 공공·민간 주택시장 수주 경쟁력 강화에도 활용한다는 방침이다. 최근 건설업계에서는 아파트 브랜드 경쟁력이 단순 설계와 시공... ,https://www.pinpointnews.co.kr/news/articleView.html?idxno=468483,https://www.pinpointnews.co.kr/news/articleView.html?idxno=468483,"Wed, 15 Jul 2026 08:38:00 +0900",2026-07-15 08:55:49
건설/인프라,건설 수주,[한화 김동선 개발사업 독자행보] 형제들 관심 밖 막내 홀로 보폭 넓히...,"업계 한 관계자는 &quot;㈜한화 건설부문은 여러 대형 복합개발에 참여해 올 1분기말 수주잔고(계약잔액 5억원 이상 공사)가 22조181억원에 달하지만, 대부분 인허가와 자금조달 일정이 밀린 데다 공사비까지 오르면서... ",https://news.dealsitetv.com/articles/173248,https://news.dealsitetv.com/articles/173248,"Wed, 15 Jul 2026 08:18:00 +0900",2026-07-15 08:55:49
건설/인프라,건설 수주,“신성장 동력 현장 경영” 바이오 송도 공장 찾은 신동빈 롯데 회장,"롯데건설 대표 등이 함께했다. 신 회장은 생산시설 주요 공정 시설을 직접 둘러보고, 글로벌 고객사 수주 대응 현황 및 추진 전략 방향 등을 보고 받았다. 신 회장은 “바이오는 그룹의 새로운 도약을 이끌 핵심 산업군”... ",https://sports.donga.com/economy/article/all/20260715/134236721/1,https://n.news.naver.com/mnews/article/382/0001283285?sid=101,"Wed, 15 Jul 2026 07:58:00 +0900",2026-07-15 08:55:49
건설/인프라,건설 수주,"DL이앤씨, 플랜트 매출의 부진 아쉬워…목표가↓-IBK",중·소형 건설사 대비 높은 밸류에이션을 받을 근거는 공종(공사종류) 확장과 상대적으로 높은 매출에서 기인한다. DL이앤씨는 이를 충족하기 위해 플랜트 수주로 확장성을 증명할 필요가 있다”고 설명했다. 2분기... ,https://www.edaily.co.kr/news/newspath.asp?newsid=02610886645514848,https://n.news.naver.com/mnews/article/018/0006330400?sid=101,"Wed, 15 Jul 2026 07:52:00 +0900",2026-07-15 08:55:49
건설/인프라,건설 수주,"[클릭 e종목]&quot;GS건설, 수주 모멘텀 순항…목표가 ↑&quot;","이 연구원은 &quot;중동 발주처 상황으로 플랜트 수주는 지연되고 있지만 투프라스SAF, 오만 등 하반기에는 수주가 기대된다&quot;며 &quot;GS그룹의 데이터센터 건설 계획 발표로 수주 모멘텀 가능성은 긍정적으로, 총 2.4GW 규모로... ",https://view.asiae.co.kr/article/2026071415211113599,https://n.news.naver.com/mnews/article/277/0005790040?sid=101,"Wed, 15 Jul 2026 07:49:00 +0900",2026-07-15 08:55:49
건설/인프라,건설 수주,"대우건설, 주택 마진 개선세…해외 수주도 기대-IBK","투자의견은 ‘매수’를 유지했지만 원전 수주 지연을 반영해 목표주가는 기존 3만6000원에서 3만1000원으로 낮췄다. 조정현 IBK투자증권 연구원은 대우건설의 2분기 매출액을 2조원, 영업이익을 1633억원으로 추정했다.... ",https://www.edaily.co.kr/news/newspath.asp?newsid=02564966645514848,https://n.news.naver.com/mnews/article/018/0006330395?sid=101,"Wed, 15 Jul 2026 07:41:00 +0900",2026-07-15 08:55:49
건설/인프라,건설 수주,"“트럼프, 네타냐후에 레바논 철수 요구…선거 앞둬 거부 가능성 높아”",정착촌 건설까지 주장한다. 이 때문에 트럼프 대통령의 이 같은 요구는 중요한 선거를 앞두고 안팎의 압박에... 최근 수주간 시리아 남부에서는 현지 주민들이 이스라엘군 주둔에 항의하며 이스라엘 군인들과 충돌하는... ,https://www.dt.co.kr/article/12072973?ref=naver,https://n.news.naver.com/mnews/article/029/0003037121?sid=104,"Wed, 15 Jul 2026 07:40:00 +0900",2026-07-15 08:55:49
건설/인프라,건설 수주,"“공공·민간 ‘투트랙’ 전략 통했다”…동부건설, 상반기 수주 30% 증...","동부건설 관계자는 “올해 수주 실적은 토목과 공공주택, 민간주택, 도시정비사업 등 주요 부문에서 고르게 성과를 냈다는 점이 특징”이라며 “하반기에도 특정 시장의 변동에 과도하게 영향을 받지 않도록 공공과... ",https://www.sedaily.com/article/20067757?ref=naver,https://n.news.naver.com/mnews/article/011/0004641681?sid=101,"Wed, 15 Jul 2026 07:03:00 +0900",2026-07-15 08:55:49
건설/인프라,건설 수주,[더벨][롯데바이오로직스 송도 시대 개막] 한·일 이사회 잇는 3세 신유...,그동안은 시러큐스 공장 인수와 송도 1공장 건설 등 생산기반 확보가 중심이었다. 송도 1공장을 완공한 현재는 글로벌 고객사 확보와 상업생산 물량 수주로 무게중심이 옮겨가고 있다. 신 대표가 받아든 과제도 달라졌다.... ,https://www.thebell.co.kr/free/content/ArticleView.asp?key=202607140739182640108729,https://www.thebell.co.kr/free/content/ArticleView.asp?key=202607140739182640108729,"Wed, 15 Jul 2026 07:02:00 +0900",2026-07-15 08:55:49
음식료/식품,식품 주가,"HLB, 주가 반토막에 1998억 BW '출구전략' 흔들","미국 식품의약국(FDA) 품목허가 관문을 다시 넘지 못하면서 지난해 발행한 신주인수권부사채(BW)의 잠재 부담이 커지고 있다. 주가가 신주인수권 행사가격을 크게 밑돌면서 권리 행사 가능성이 낮아진 데다, 허가... ",https://news.dealsitetv.com/articles/173281,https://news.dealsitetv.com/articles/173281,"Wed, 15 Jul 2026 08:20:00 +0900",2026-07-15 08:55:49
음식료/식품,식품 주가,"[굿모닝 증시]美, 예상보다 낮은 CPI 결과에 상승…韓, 강세 출발 전망","변동성이 큰 식품과 에너지를 제외한 근원 CPI 역시 전월 대비 보합권(0.0%)에 머물며 예상치(0.2%)를... 따라 주가 흐름은 엇갈렸다. 골드만삭스(9.00%), 모건스탠리(2.98%), JP모건(2.50%), BOA(1.88%)는 강세를 보였지만... ",https://view.asiae.co.kr/article/2026071508084821552,https://n.news.naver.com/mnews/article/277/0005790069?sid=101,"Wed, 15 Jul 2026 08:15:00 +0900",2026-07-15 08:55:49
음식료/식품,식품 주가,상승 전환 국제 금값…국내 금시세는?,"전월 대비로는 0.4% 하락했고, 식품과 에너지를 제외한 근원 소비자물가는 전년 대비 2.6% 상승하는 데... 한편 미국의 인플레이션 우려가 완화되고 인공지능 관련 반도체주가 강세를 보이면서 이날... ",https://www.etoday.co.kr/news/view/2603798,https://www.etoday.co.kr/news/view/2603798,"Wed, 15 Jul 2026 08:00:00 +0900",2026-07-15 08:55:49
음식료/식품,식품 주가,"양대 '호재' 속...미국증시 '상승', SK하이닉스ADR '27% 폭등'","예상을 밑돈 미국의 6월 소비자물가지수 상승률에 힘입어 반도체주가 반등에 성공하면서 이 같은... 또한 변동성이 큰 식품 및 에너지 등을 제외한 6월 근원 CPI는 전월 대비 보합(0.0%)을 기록했고, 전년 동월... ",http://www.choicenews.co.kr/news/articleView.html?idxno=168187,http://www.choicenews.co.kr/news/articleView.html?idxno=168187,"Wed, 15 Jul 2026 07:28:00 +0900",2026-07-15 08:55:49
음식료/식품,식품 주가,"美 6월 소비자물가지수, 전월비 0.4% 하락...예상 하회-[굿모닝 글로벌 ...","변동성이 큰 식품과 에너지 가격을 제외한 근원 CPI 역시 전월 대비 보합 상태로 유지됐는데요. 다만 지난해... [IBM CEO &quot;매출 부진, 메모리 쏠림 현상 때문&quot;] IBM의 2분기 잠정 실적이 예상치를 하회하면서 오늘 주가가 24... ",http://www.wowtv.co.kr/NewsCenter/News/Read?articleId=A202607150151&t=NN,https://n.news.naver.com/mnews/article/215/0001258754?sid=101,"Wed, 15 Jul 2026 07:20:00 +0900",2026-07-15 08:55:49
음식료/식품,식품 주가,미국증시 나스닥100 '급반등'...마이크론 · MSTR · LITE '껑충',"이날 여러 반도체주가 급등했지만 ARM은 급락했다. 이날 미국 노동부에 따르면 변동성이 큰 식품, 에너지 등을 제외한 6월 근원 소비자물가지수(CPI)가 전년 동월 대비 2.6% 상승, 시장 전망치(2.8% 상승 예상)를... ",http://www.choicenews.co.kr/news/articleView.html?idxno=168189,http://www.choicenews.co.kr/news/articleView.html?idxno=168189,"Wed, 15 Jul 2026 07:16:00 +0900",2026-07-15 08:55:49
음식료/식품,식품 주가,[뉴욕증시 마감] 물가 둔화·은행 호실적에 상승…나스닥 0.9%↑,"식품과 에너지를 제외한 근원 CPI는 전월과 같은 수준을 유지했고, 전년 동월 대비로는 2.6% 올랐다.... AMD는 증권사의 목표주가 상향에 힘입어 3% 넘게 올랐다. 마이크론과 인텔도 상승했다. 반면 IBM은 향후 실적에... ",https://www.ajunews.com/view/20260715070915300,https://www.ajunews.com/view/20260715070915300,"Wed, 15 Jul 2026 07:10:00 +0900",2026-07-15 08:55:49
음식료/식품,식품 주가,"미국증시, CPI 둔화에 금리 부담 완화…엔비디아·반도체주 랠리",당시 엔비디아·AMD·브로드컴·TQQQ 보유가 늘어난 가운데 이날 반도체주가 급등해 성장주 포지션을... 식품과 에너지를 제외한 근원 CPI도 전년 대비 2.6% 올라 예상치 2.9%를 밑돌았다. 물가 둔화가 특정 항목에... ,https://www.topstarnews.net/news/articleView.html?idxno=16134890,https://www.topstarnews.net/news/articleView.html?idxno=16134890,"Wed, 15 Jul 2026 07:06:00 +0900",2026-07-15 08:55:49
음식료/식품,식품 주가,"탈모 이어 미프진까지… 현대약품, 대통령 발언 때마다 '들썩'",지난해 말 탈모 치료제 건강보험 적용 검토 지시 당시 주가가 급등한데 이어 이번에는 임신중절약 '미프진... 현대약품은 영국 라인파마(Linepharma)의 임신중절약 '미프지미소' 국내 독점 판권을 확보하고 식품의약품안전처... ,https://www.hitnews.co.kr/news/articleView.html?idxno=77646,https://www.hitnews.co.kr/news/articleView.html?idxno=77646,"Wed, 15 Jul 2026 06:12:00 +0900",2026-07-15 08:55:49
음식료/식품,식품 주가,"뉴욕증시, 美 CPI 둔화에 일제히 '상승'…나스닥 0.9%↑",변동성이 큰 식품과 에너지를 제외한 근원 CPI 역시 전년 대비 2.6% 상승해 5월(2.9%) 상승률을... 00%) 등의 주가도 함께 올랐다. '매그니피센트7(M7)' 종목 중 ▲아마존(0.07%) ▲엔비디아(4.06%) ▲알파벳(1.19... ,https://www.newsworks.co.kr/news/articleView.html?idxno=847233,https://www.newsworks.co.kr/news/articleView.html?idxno=847233,"Wed, 15 Jul 2026 06:04:00 +0900",2026-07-15 08:55:49
음식료/식품,식품 주가,"해외사업·전자담배 ‘쌍끌이 성장’ 지속… KT&amp;G, 주주환원 확대 기대...",목표주가 23만원과 투자의견 ‘매수(Buy)’도 유지했다. 실적 개선은 해외 담배사업이 이끌 것으로 분석됐다.... 건강기능식품 사업은 해외 매출 부진에도 국내 성장세가 이를 보완할 것으로 분석됐다. 해외 법인의... ,https://www.viva100.com/article/20260714500467,https://www.viva100.com/article/20260714500467,"Wed, 15 Jul 2026 06:04:00 +0900",2026-07-15 08:55:49
음식료/식품,음식료 산업,[1% 초고수의 개장선택] 반도체 차익실현…2차전지·바이오 저가매수로...,"K뷰티 산업의 중장기 성장성은 유지된다고 보면서 단기 주가 조정을 매수 기회로 활용한 것으로 풀이된다.... 바이오, 인공지능·로봇, 음식료 등 업종을 가리지 않고 주가가 급락한 우량 성장주에 자금이 유입된... ",https://www.ebn.co.kr/news/articleView.html?idxno=1716259,https://www.ebn.co.kr/news/articleView.html?idxno=1716259,"Tue, 14 Jul 2026 10:02:00 +0900",2026-07-15 08:55:50
음식료/식품,음식료 산업,코스피 6700 공방…해적 돌변한 트럼프 '된서리',"음식료담배·의료정밀·제조·부동산·전기전자는 약보합권이다. 반면 운송창고·비금속·전기가스... 다우존스30산업평균지수는 전 거래일 대비 0.26%, S&amp;P500지수는 0.79%, 나스닥 종합지수는 1.55% 하락했다. 필라델피아... ",https://www.mt.co.kr/stock/2026/07/14/2026071408485881143,https://n.news.naver.com/mnews/article/008/0005385582?sid=101,"Tue, 14 Jul 2026 09:35:00 +0900",2026-07-15 08:55:50
음식료/식품,음식료 산업,코스피 6763.53로 약세 지속...외국인·기관 순매수에도 낙폭 확대,"코스닥에서는 한탑, 웹스, 미래생명자원 등이 상한가에 진입했고 한일사료, 흥구석유, 대주산업 등도 큰 폭 상승했다. 일부 음식료와 자원, 물류 관련 종목으로 단기 매수세가 집중되는 양상이다. 반면 하락률... ",https://www.ebn.co.kr/news/articleView.html?idxno=1716251,https://www.ebn.co.kr/news/articleView.html?idxno=1716251,"Tue, 14 Jul 2026 09:32:00 +0900",2026-07-15 08:55:50
음식료/식품,음식료 산업,개인 매수 버티지만 실탄은 줄었다…“빅테크 실적 전 순환매 대응”,"인공지능(AI) 산업의 장기 성장성보다 투자 확대의 속도에 대한 불안이 커진 만큼 미국 빅테크 기업의 실적 발표 전까지는 반도체보다 화장품과 음식료, 엔터테인먼트 등으로 순환매가 이어질 가능성이 크다는 전망이다.... ",https://www.edaily.co.kr/news/newspath.asp?newsid=02840486645514520,https://n.news.naver.com/mnews/article/018/0006329629?sid=101,"Tue, 14 Jul 2026 08:44:00 +0900",2026-07-15 08:55:50
음식료/식품,음식료 산업,"기술주 싹쓸이한 메리츠, 전통 명가 하나…베스트 애널리스트 격돌 [202...",2차전지 부문 1위를 지킨 베테랑 김현수 애널리스트는 인뎁스 리포트 ‘축의 이동’을 통해 배터리 산업의... 메리츠증권 김정욱 애널리스트는 음식료·담배 부문에서 1위 타이틀을 다시 거머쥐었으며 이병화 부서장이... ,https://magazine.hankyung.com/business/article/202607093962b,https://n.news.naver.com/mnews/article/050/0000108508?sid=101,"Tue, 14 Jul 2026 08:34:00 +0900",2026-07-15 08:55:50
음식료/식품,음식료 산업,삼전닉스 GO or STOP…하반기 증시 핵심 포인트 5 [스페셜리포트],박유악 키움증권 애널리스트는 7월 8일 내놓은 보고서에서 “메모리 산업의 변화 요인으로 인해 변동성이... 반도체가 코스피를 끌어올리더라도 금융·방산·음식료·화장품 등 비반도체 업종이 뒤를 받쳐줘야 추세적... ,https://www.mk.co.kr/article/12095404,https://n.news.naver.com/mnews/article/024/0000106847?sid=101,"Mon, 13 Jul 2026 21:01:00 +0900",2026-07-15 08:55:50
음식료/식품,음식료 산업,&quot;우리도 노동 계급&quot; 억대 연봉 테크족의 반란,"소매, 음식료 및 기타 서비스 부문 노동자는 2021년 기준 회원 중 6%를 차지해 2013년의 2%에서 소폭... 이는 다른 어떤 산업 분야보다 많은 수치다. 특히 5월 한 달간 감원된 인원만 3만 8242명에 달했다. DSA 뉴욕시 지부... ",https://www.fortunekorea.co.kr/news/articleView.html?idxno=53192,https://www.fortunekorea.co.kr/news/articleView.html?idxno=53192,"Sun, 12 Jul 2026 08:46:00 +0900",2026-07-15 08:55:50
음식료/식품,음식료 산업,"이상훈 산단공 이사장, 양주·홍죽산단 안전 점검","점검 대상인 양주·홍죽일반산업단지는 경기도 양주시 백석읍 일원에 위치한 산업단지로, 기계, 전기전자, 음식료 등 업종을 중심으로 84개 기업이 입주해 있다. 한국산업단지공단은 집중관리기간 동안 경영진과 광역... ",https://www.todayenergy.kr/news/articleView.html?idxno=300212,https://www.todayenergy.kr/news/articleView.html?idxno=300212,"Fri, 10 Jul 2026 11:16:00 +0900",2026-07-15 08:55:50
음식료/식품,음식료 산업,"산단공, 전국 69개 산업단지 여름철 집중 안전점검","양주·홍죽일반산업단지는 경기도 양주시 백석읍 일원에 위치한 산업단지로 기계, 전기전자, 음식료 업종을 중심으로 84개 기업이 입주해 있다. 한국산업단지공단은 집중관리기간 동안 경영진과 광역·지역본부장 주관... ",https://www.sedaily.com/article/20066178?ref=naver,https://n.news.naver.com/mnews/article/011/0004640250?sid=101,"Fri, 10 Jul 2026 10:51:00 +0900",2026-07-15 08:55:50
음식료/식품,음식료 산업,[산단공 소식] 산단 제조AI 확산 이끌 ‘M.AX 표준·인증센터’ 신설 外,"양주·홍죽일반산업단지는 경기도 양주시 백석읍 일원에 위치한 산업단지로, 기계, 전기전자, 음식료 등 업종을 중심으로 84개 기업이 입주해 있다. 산업단지공단은 집중관리기간 동안 경영진과 광역·지역본부장 주관... ",https://www.busan.com/view/busan/view.php?code=2026071009480940033,https://n.news.naver.com/mnews/article/082/0001389184?sid=101,"Fri, 10 Jul 2026 10:24:00 +0900",2026-07-15 08:55:50
음식료/식품,음식료 산업,"코스피, 이틀간 급락 딛고 반등…삼성전자 3%대·SK하이닉스 7% 강세","업종별로 전기·전자(4.45%), 의료·정밀기기(2.93%), 유통(0.83%), 기계·장비(0.73%), 음식료·담배(0.04%) 등은... 간밤 뉴욕증권거래소에서 다우존스30 산업평균지수는 1.09%, 스탠더드앤드푸어스 500 지수는 0.28% 밀렸으나... ",https://www.etoday.co.kr/news/view/2601885,https://www.etoday.co.kr/news/view/2601885,"Thu, 09 Jul 2026 09:16:00 +0900",2026-07-15 08:55:50
음식료/식품,음식료 산업,식품주 주가 함박웃음…K-푸드 수출 기대에 투자심리 개선,"K-푸드의 글로벌 수출 확대와 원재료 가격 안정에 따른 수익성 개선 기대가 맞물리면서 음식료 업종... 이 밖에도 한성기업, 동원산업, 크라운해태홀딩스우, 농심, 현대그린푸드, 서울식품, 오리온, 바이오포트, 대상... ",https://www.pinpointnews.co.kr/news/articleView.html?idxno=466221,https://www.pinpointnews.co.kr/news/articleView.html?idxno=466221,"Tue, 07 Jul 2026 13:28:00 +0900",2026-07-15 08:55:50
음식료/식품,음식료 산업,"삼성전자 2분기 영업익 89.4조 호실적에도 코스피, 2%대 하락","업종별로 의료·정밀기기(1.85%), 비금속(1.03%), 음식료·담배(0.55%), 종이·목재(0.30%) 등은 강세다. 반면... 다우존스30 산업평균지수는 전장보다 0.29% 오르며 사상 처음으로 53000을 돌파했고 스탠더드앤드푸어스500... ",https://www.etoday.co.kr/news/view/2600935,https://www.etoday.co.kr/news/view/2600935,"Tue, 07 Jul 2026 09:18:00 +0900",2026-07-15 08:55:50
음식료/식품,음식료 산업,공연산업 중심지로 부상한 고양… 올해 하반기도 뜨겁다,"‘보이지 않는 굴뚝산업’으로 불리는 공연사업은 직접 매출인 티켓 판매 수익 외에도 숙박, 음식료, 교통, 유통, 관광 등 전방위 산업에 파급효과를 미친다. 2024년 고양종합운동장 공연 시작 이후 현재까지 공연장... ",https://www.kyeonggi.com/article/20260706580181,https://n.news.naver.com/mnews/article/666/0000114100?sid=102,"Mon, 06 Jul 2026 13:55:00 +0900",2026-07-15 08:55:50
음식료/식품,음식료 산업,"코스피,장중 2%대 올라 8,200선...삼전,내일 실적발표에 3%대 강세","대신증권 이경민 연구원은 &quot;지난주 시장을 뒤흔들었던 AI(인공지능) 산업과 반도체 업황에 대한... 반면 의료·정밀기기(-2.86%), 제약(-0.85%), 음식료·담배(-0.06%)는 약세다. 같은 시각 코스닥 지수는 10.63포인트... ",http://www.seouleconews.com/news/articleView.html?idxno=92217,http://www.seouleconews.com/news/articleView.html?idxno=92217,"Mon, 06 Jul 2026 10:24:00 +0900",2026-07-15 08:55:50
음식료/식품,음식료 산업,"코스피, 장초반 2% 이상 상승하며 8200선 단숨에 회 성공","대신증권 이경민 연구원은 &quot;지난주 시장을 뒤흔들었던 AI(인공지능) 산업과 반도체 업황에 대한... 반면 의료·정밀기기(-2.86%), 제약(-0.85%), 음식료·담배(-0.06%)는 약세다. 같은 시각 코스닥 지수는 10.63포인트... ",https://www.jnilbo.com/news/articleView.html?idxno=90000047848,https://www.jnilbo.com/news/articleView.html?idxno=90000047848,"Mon, 06 Jul 2026 09:52:00 +0900",2026-07-15 08:55:50
음식료/식품,음식료 산업,"'8천피' 회복한 코스피, 상승 지속…2%대 올라 8,200선(종합)","대신증권 이경민 연구원은 &quot;지난주 시장을 뒤흔들었던 AI(인공지능) 산업과 반도체 업황에 대한... 반면 의료·정밀기기(-2.86%), 제약(-0.85%), 음식료·담배(-0.06%)는 약세다. 같은 시각 코스닥 지수는 10.63포인트(1.... ",https://www.yna.co.kr/view/AKR20260706029051008?input=1195m,https://n.news.naver.com/mnews/article/001/0016177222?sid=101,"Mon, 06 Jul 2026 09:43:00 +0900",2026-07-15 08:55:50
음식료/식품,음식료 산업,&quot;대박 날 줄 알았는데&quot;…유가·금리 내리는데 내 주식계좌는 왜 이럴까...,반면 필수소비재 유통이나 음식료 같은 소비 관련 산업은 이번 순환매에서 철저히 소외됐다. 소비자 지갑이 열릴 거라는 믿음이 없기 때문이다. 한국판 수혜는 반도체 장비·전력기기? 개인 투자자라면 이 흐름을 어떻게... ,https://view.asiae.co.kr/article/2026070310002261631,https://n.news.naver.com/mnews/article/277/0005785530?sid=101,"Sun, 05 Jul 2026 11:02:00 +0900",2026-07-15 08:55:50
음식료/식품,식품 수출,"안성 인삼, 베트남 수출 확대 나선다…바이어 13명 현장 방문",바이어단은 지역 수출기업인 희망그린식품과 에이스엠자임의 제품을 시음·체험하고 기업 관계자들과 수출 상담도 진행했다. 이들은 안성 인삼의 품질관리 체계와 가공식품의 상품성에 관심을 보인 것으로 전해졌다.... ,https://www.m-i.kr/news/articleView.html?idxno=1391567,https://www.m-i.kr/news/articleView.html?idxno=1391567,"Wed, 15 Jul 2026 08:48:00 +0900",2026-07-15 08:55:51
음식료/식품,식품 수출,"FDA, 분산형 의약품 제조시설 등록 규정 손질…'허브 앤 스포크' 도입",미국 식품의약국(FDA)이 분산형 의약품 제조시설의 등록 절차를 간소화하고 해외 의약품 제조시설에 대한... 미국으로 수출하는 경우에도 FDA 등록 대상임을 명확히 규정했다. FDA는 현재 일부 해외 제조시설이 미국에... ,https://www.ebn.co.kr/news/articleView.html?idxno=1716413,https://www.ebn.co.kr/news/articleView.html?idxno=1716413,"Wed, 15 Jul 2026 08:44:00 +0900",2026-07-15 08:55:51
음식료/식품,식품 수출,"&quot;日 먹킷리스트 아이스크림&quot; 세븐일레븐, 오하요 브륄레 밀크 출시",저지우유푸딩을 통해 한국 시장의 가능성을 확인한 오하요유업도 해외수출부를 신설하며 협업을 확대했다. 유제품이면서 냉동식품인 특성을 고려해 수입 절차와 물류 체계도 새롭게 구축했다. 세븐일레븐은 약... ,https://www.newsis.com/view/NISX20260715_0003709662,https://n.news.naver.com/mnews/article/003/0014067258?sid=101,"Wed, 15 Jul 2026 08:41:00 +0900",2026-07-15 08:55:51
음식료/식품,식품 수출,"비행기 안 타도 되겠네…日 ‘오하요 브륄레 밀크’, 한국서 만난다",특히 오하요 브륄레 밀크는 유제품이자 냉동식품이라는 특성상 수출 기준이 까다로웠다. 세븐일레븐은 3개월간 양국 검역당국을 오가며 수입 허가를 받아냈다. 세븐일레븐은 냉장상품인 저지우유푸딩을 직소싱했던... ,https://biz.heraldcorp.com/article/10809131?ref=naver,https://n.news.naver.com/mnews/article/016/0002670396?sid=101,"Wed, 15 Jul 2026 08:36:00 +0900",2026-07-15 08:55:51
음식료/식품,식품 수출,"남양유업, 믹스커피 상반기 매출 15% 오른 이유","제품을 수출하고 있으며, 특히 미국에서는 ODM(제조자개발생산) 방식으로 인스턴트 라떼 제품을 생산·공급하고 있다. 지난해 하반기 독일 쾰른에서 열린 세계 최대 식품 박람회 ‘아누가(ANUGA)’에서는 프렌치카페의... ",https://www.fntimes.com/html/view.php?ud=202607150822446389923defd0cc_18,https://www.fntimes.com/html/view.php?ud=202607150822446389923defd0cc_18,"Wed, 15 Jul 2026 08:30:00 +0900",2026-07-15 08:55:51
음식료/식품,식품 수출,"남양유업, 믹스커피 상반기 매출 15%↑...'프렌치카페·루카스나인' 투트...","현재 미국과 중국, 인도네시아 등에 믹스커피 제품을 수출하고 있으며, 미국에서는 ODM(제조자개발생산) 방식으로 인스턴트 라떼를 생산·공급하고 있다. 지난해에는 독일 쾰른에서 열린 세계 최대 식품박람회 '아누가... ",http://www.popcornnews.net/news/articleView.html?idxno=126622,http://www.popcornnews.net/news/articleView.html?idxno=126622,"Wed, 15 Jul 2026 08:30:00 +0900",2026-07-15 08:55:51
음식료/식품,식품 수출,"남양유업, 믹스커피 상반기 매출 15%↑…제품 다변화 효과",미국·중국·인도네시아 등에 믹스커피를 수출하고 있으며 미국에서는 ODM 방식으로 인스턴트 라떼를 생산·공급 중이다. 지난해에는 독일 식품박람회 '아누가(ANUGA)'에서 기능성 커피 제품을 선보이며 유럽 시장 진출도... ,https://www.cstimes.com/news/articleView.html?idxno=713485,https://www.cstimes.com/news/articleView.html?idxno=713485,"Wed, 15 Jul 2026 08:28:00 +0900",2026-07-15 08:55:51
음식료/식품,식품 수출,"세븐일레븐, 日 '오하요 브륄레 밀크' 국내 첫 출시","제품 도입을 위해 2024년부터 2년 동안 오하요유업을 여러 차례 방문했으며, 오하요유업도 해외수출부를 신설해 수출을 준비했다. 유제품이면서 냉동식품인 제품의 수입 기준을 충족하기 위한 절차도 진행했다.... ",https://www.slist.kr/news/articleView.html?idxno=751870,https://www.slist.kr/news/articleView.html?idxno=751870,"Wed, 15 Jul 2026 08:24:00 +0900",2026-07-15 08:55:51
음식료/식품,식품 수출,"남양유업, 믹스커피 상반기 매출 15%↑…제품 다변화로 웃었다",남양유업은 미국·중국·인도네시아 등에 믹스커피를 수출하고 있으며 미국에서는 ODM 방식으로 인스턴트 라떼를 생산·공급하고 있다. 지난해에는 독일 식품박람회 '아누가'에서 제로슈거·단백질 커피 제품을 선보이며... ,https://www.news1.kr/industry/distribution/6228388,https://n.news.naver.com/mnews/article/421/0009059930?sid=101,"Wed, 15 Jul 2026 08:13:00 +0900",2026-07-15 08:55:51
음식료/식품,식품 수출,"토착 미생물로 발효식품 품질 높이고, 세계 경쟁력 확보한다","최근 10년간 종균 업체 또는 발효식품 제조업체에 기술이전(435건), 250건이 사업화로 이어져 케이 푸드(K-Food) 수출에 기여하고 있다. 맞춤형 발효종균은 발효식품 산업 현장의 안정적·효율적 생산에도 기여할 것으로... ",https://www.newsam.co.kr/news/article.html?no=43492,https://www.newsam.co.kr/news/article.html?no=43492,"Wed, 15 Jul 2026 07:50:00 +0900",2026-07-15 08:55:51
음식료/식품,식품 수출,K-푸드 핵심자원된 '토착 미생물',"국산 토착 미생물이 전통 발효식품의 품질을 높이고 케이푸드(K-Food)의 수출 경쟁력을 뒷받침하는 핵심 자원으로 떠오르고 있다. 농촌진흥청(청장 이승돈, 이하 농진청)이 장류와 전통주 등에 활용할 수 있는 맞춤형 발효... ",http://www.fsnews.co.kr/news/articleView.html?idxno=61568,http://www.fsnews.co.kr/news/articleView.html?idxno=61568,"Wed, 15 Jul 2026 07:46:00 +0900",2026-07-15 08:55:51
음식료/식품,식품 수출,&quot;된장 맛도 '토종 미생물'이 결정&quot;...K-푸드 경쟁력 키우는 '발효 종균 ...,"그동안 국내 발효식품 산업은 상당수 수입 종균에 의존해 왔지만, 이제는 우리 땅에서 확보한 토착 미생물로... 등으로 수출을 확대하며 K-푸드 경쟁력을 높이고 있다. 농진청은 여기서 한 걸음 더 나아가 인공지능(AI)... ",https://www.mt.co.kr/economy/2026/07/15/2026071507132482050,https://n.news.naver.com/mnews/article/008/0005386165?sid=101,"Wed, 15 Jul 2026 07:18:00 +0900",2026-07-15 08:55:51
뷰티/화장품,화장품 주가,[지배구조 리포트] [토니모리] 밸류업 외면의 대가…매출 뛰어도 주가 ...,"이러한 주가 흐름은 최근 화장품 업계의 전반적인 호황이나 회사의 실적 개선세와 단순 비교하면 이해하기 힘든 역행이라는 평가다. 토니모리의 연결 기준 매출액은 2022년 1510억원에서 2023년 1770억원, 2024년... ",https://dealsite.co.kr/articles/165243,https://dealsite.co.kr/articles/165243,"Wed, 15 Jul 2026 07:04:00 +0900",2026-07-15 08:55:51
뷰티/화장품,화장품 주가,K뷰티 새 화장대는 '감성맛집' 핀터레스트,계정에는 메디큐브 화장품과 뷰티 디바이스를 활용한 감각적인 이미지와 라이프스타일 콘텐츠를 다수... 한편 최근 미국 투자은행 TD카우언은 핀터레스트를 '2026년 최고의 중소형주 아이디어'로 선정하며 목표주가를... ,https://www.mt.co.kr/living/2026/07/15/2026071419384474200,https://n.news.naver.com/mnews/article/008/0005386113?sid=101,"Wed, 15 Jul 2026 04:15:00 +0900",2026-07-15 08:55:51
뷰티/화장품,화장품 주가,"&quot;비수기가 뭐길래?…한국콜마, 선케어·기초 쌍끌이로 3분기까지 돌진&quot;","형권훈 SK증권 연구원은 &quot;올해도 선케어 제품 수주가 강하고, 나머지 기초 화장품 수주도 크게 증가해 3분기까지 큰 계절적 영향 없이 탑라인의 높은 성장성이 나타날 것&quot;이라고 밝혔다. 한국콜마의 2026년 매출액은... ",https://www.newsquest.co.kr/news/articleView.html?idxno=269768,https://www.newsquest.co.kr/news/articleView.html?idxno=269768,"Tue, 14 Jul 2026 19:42:00 +0900",2026-07-15 08:55:51
뷰티/화장품,화장품 주가,화장품 동전주 5곳 남았다…상장폐지 제도 개편에 투자자 '촉각',금융위원회의 상장폐지 제도 강화가 시행되면서 국내 증시에 상장된 화장품 기업들의 주가 흐름에도 관심이 쏠리고 있다. 특히 주가 1000원 미만의 이른바 '동전주'에 대한 투자자들의 경계심도 커지는 분위기다.... ,https://www.thebk.co.kr/news/articleView.html?idxno=310563,https://www.thebk.co.kr/news/articleView.html?idxno=310563,"Tue, 14 Jul 2026 19:26:00 +0900",2026-07-15 08:55:51
뷰티/화장품,화장품 주가,"아모레퍼시픽과 시총 '두 배' 차이 벌린 에이피알, 2분기도 웃을까?…'관...","아모레퍼시픽 현재 주가가 11만9100원으로 52주 최고가(16만5100원)보다 약 28% 낮고, 선행 주가수익비율(PER)도 약 17배로 최근 수년 새 가장 낮은 수준이기 때문이다. 올해 상반기 국내 화장품 수출은 전년 동기대비 27.3... ",https://www.newsquest.co.kr/news/articleView.html?idxno=269755,https://www.newsquest.co.kr/news/articleView.html?idxno=269755,"Tue, 14 Jul 2026 17:26:00 +0900",2026-07-15 08:55:51
뷰티/화장품,화장품 주가,"패션·섬유·뷰티주, 비비안·우성머티리얼즈 급등, 업종 전반 약세",패션·섬유·화학·화장품 업종은 전반적으로 약세를 나타낸 가운데 일부 개별 종목이 강한 상승세를... 비비안의 주가 급등은 최근 발표한 250억원 규모 제3자배정 유상증자에 따른 재무구조 개선 기대감과... ,http://okfashion.co.kr/detail.php?number=63836&thread=62r04,http://okfashion.co.kr/detail.php?number=63836&thread=62r04,"Tue, 14 Jul 2026 17:24:00 +0900",2026-07-15 08:55:51
뷰티/화장품,화장품 주가,"올릭스 'OASIS-DUO' 첫 선…비만약, 원숭이 내장지방 29% ↓","이 대표는 “지난해 R&amp;D 데이 당시 약 9600억원이던 시가총액이 전고점 기준 약 4조원까지 올랐지만 현재는 2조5000억~2조6000억원 수준으로 조정됐다”며 “최근 주가 상황에 송구스럽게 생각하며, 성과를 지속적으로... ",https://www.edaily.co.kr/news/newspath.asp?newsid=05018406645514520,https://n.news.naver.com/mnews/article/018/0006330186?sid=105,"Tue, 14 Jul 2026 17:05:00 +0900",2026-07-15 08:55:51
뷰티/화장품,화장품 주가,'300억 원의 벽' 높아졌다...한성기업이 보여준 소비재 기업 생존법,"그동안 브랜드 인지도와 업력만으로 시장에서 존재감을 유지해온 기업들도 앞으로는 기업가치와 주주가치를... 모나미는 화장품과 프리미엄 필기구, 라이프스타일 사업 등으로 사업 다각화를 추진하고 있지만 여전히... ",http://www.popcornnews.net/news/articleView.html?idxno=126590,http://www.popcornnews.net/news/articleView.html?idxno=126590,"Tue, 14 Jul 2026 16:36:00 +0900",2026-07-15 08:55:51
뷰티/화장품,화장품 주가,"[특징주] 모나미, '애국 매수' 열풍에 상한가…상장폐지 우려 넘고 시총...",주가 상승과 별개로 실적 개선 여부는 여전히 과제로 꼽힌다. 모나미는 최근 3년 연속 영업적자를 기록했으며 올해 1분기에도 적자를 이어갔다. 학령인구 감소에 따른 필기구 수요 축소가 지속되는 가운데 화장품 ODM... ,https://www.ebn.co.kr/news/articleView.html?idxno=1716347,https://www.ebn.co.kr/news/articleView.html?idxno=1716347,"Tue, 14 Jul 2026 15:46:00 +0900",2026-07-15 08:55:51
뷰티/화장품,화장품 주가,"K뷰티, '감성 SNS' 핀터레스트 공략…북미 브랜드 영향력 키운다",계정에는 메디큐브 화장품과 뷰티 디바이스를 활용한 감각적인 이미지와 라이프스타일 콘텐츠를 다수... 최근 미국 투자은행 TD코웬은 핀터레스트를 '2026년 최고의 중소형주 아이디어'로 선정하며 목표주가를 기존... ,https://www.mt.co.kr/living/2026/07/15/2026071414023148448,https://n.news.naver.com/mnews/article/008/0005385858?sid=101,"Tue, 14 Jul 2026 15:17:00 +0900",2026-07-15 08:55:51
뷰티/화장품,화장품 주가,"[이슈] 에이피알, 2분기 또 최대 실적 전망…미국 흥행·수출 호조에 기...",미국 오프라인 유통망 확장과 온라인 판매 호조가 실적 개선으로 이어지는 가운데 최근 한국 화장품 수출... 목표주가를 기존 50만 원에서 53만 원으로 상향 조정했다. KB증권은 에이피알의 올해 2분기 연결 기준 매출을... ,https://www.startuptoday.co.kr/news/articleView.html?idxno=806560,https://www.startuptoday.co.kr/news/articleView.html?idxno=806560,"Tue, 14 Jul 2026 14:06:00 +0900",2026-07-15 08:55:51
뷰티/화장품,화장품 주가,“삼전닉스 팔자”…삼성SDI로 눈돌린 상위 1% [주식 초고수는 지금],"목표 주가를 종전 38만 원에서 52만 원으로 상향 조정했다. 유성만 리딩투자증권 연구원은 “올해 매출액과 영업이익은 전년 대비 각각 100.4%, 109.3% 증가한 3조 600억 원, 7650억 원으로 예상한다”며 “화장품의... ",https://www.sedaily.com/article/20067496?ref=naver,https://n.news.naver.com/mnews/article/011/0004641388?sid=101,"Tue, 14 Jul 2026 11:46:00 +0900",2026-07-15 08:55:51
뷰티/화장품,화장품 주가,차갑게 돌아서 버린 대한민국 증시 '두 가지 이유' [오인경의 그·말·이...,"LG에너지솔루션), 화장품(에이피알), 반도체(두산, 파두) 등으로 매우 다양하게 분산된 모습이다. 종목별 주가 등락률 또한 종목별 편차가 매우 심한 편이다. /그래픽=오인경/그래픽=오인경 ﻿투자주체별 순매도 동향을... ",http://www.newswell.co.kr/news/articleView.html?idxno=20253,http://www.newswell.co.kr/news/articleView.html?idxno=20253,"Tue, 14 Jul 2026 10:20:00 +0900",2026-07-15 08:55:51
뷰티/화장품,뷰티 산업,"해외자본, 국내 상장사 지분 투자 30% 늘어·미국계가 절반…화장품·반...","K-뷰티와 반도체, 제약·바이오를 중심으로 외국인 장기자금 유입이 뚜렷해지고 있다. 15일 CEO스코어가... 22%), IPARK현대산업개발(5.08%) 등 5개 기업에서 주요 주주로 이름을 올렸다. 유럽계 자본은 총 25건으로... ",https://www.businessplus.kr/news/articleView.html?idxno=114132,https://www.businessplus.kr/news/articleView.html?idxno=114132,"Wed, 15 Jul 2026 08:18:00 +0900",2026-07-15 08:55:52
뷰티/화장품,뷰티 산업,"[이재현의 청년 사다리②] '꿈지기' CJ ENM, '첫 기회'부터 앞당긴다","본지는 CJ그룹과 이재현 회장이 식품·뷰티·콘텐츠·물류 산업에서 넓혀온 청년 일자리와 기술인재 발굴, 크리에이터의 시장 진입 사례를 3회에 걸쳐 살펴본다. 이를 통해 '기업이 젊은이의 꿈지기가 돼야 한다'는 이... ",https://www.apnews.kr/news/articleView.html?idxno=3049771,https://www.apnews.kr/news/articleView.html?idxno=3049771,"Wed, 15 Jul 2026 08:06:00 +0900",2026-07-15 08:55:52
뷰티/화장품,뷰티 산업,버즈니 '두찜' 운영 기영에프앤비에 AI 회의록 '노이' 공급,올해 초 국내 제조 대기업에 노이를 공급한 데 이어 F&amp;B·뷰티·유통·딥테크 등 다양한 업종으로 기업용(엔터프라이즈) 계약을 넓혀가고 있는 버즈니는 이번 기영에프앤비와의 계약을 통해 AI 회의록 서비스의 산업... ,http://www.ftoday.co.kr/news/articleView.html?idxno=362099,http://www.ftoday.co.kr/news/articleView.html?idxno=362099,"Wed, 15 Jul 2026 08:04:00 +0900",2026-07-15 08:55:52
뷰티/화장품,뷰티 산업,[이재현의 청년 사다리①] K-푸드·뷰티 키운 청년…CJ가 주역으로 세운...,"다만 올리브영의 일자리를 매장 판매 직무로만 보면 K-뷰티 산업에서 나타나는 변화를 놓치게 된다. 중소·신진 브랜드를 발굴해 소비자에게 소개하고 판매 데이터를 바탕으로 상품과 매장을 기획하는 한편, 온라인몰과... ",https://www.apnews.kr/news/articleView.html?idxno=3049769,https://www.apnews.kr/news/articleView.html?idxno=3049769,"Wed, 15 Jul 2026 08:00:00 +0900",2026-07-15 08:55:52
뷰티/화장품,뷰티 산업,"[BS모닝] 체질 개선 성공한 면세점, 여름 프로모션으로 훈풍 이어갈까","뉴시스 올해 들어 외국인 관광객이 눈에 띄게 증가한 가운데 K-뷰티·패션 콘텐츠를 강화하며 내실을 키운... 한국면세점협회 산업동향을 보면 지난 5월 외국인 구매객은 122만9264명으로 전월 대비 2.96%, 전년 동월 대비 28.5... ",http://www.segyebiz.com/newsView/20260715504722?OutUrl=naver,http://www.segyebiz.com/newsView/20260715504722?OutUrl=naver,"Wed, 15 Jul 2026 07:42:00 +0900",2026-07-15 08:55:52
뷰티/화장품,뷰티 산업,"경남정보대 글로벌K뷰티학과, CIDESCO 국제시험 41명 전원 합격",뷰티 산업에 인공지능과 디지털 기술을 접목한 교육과정을 통해 학생들의 진로 선택 폭도 넓히고 있다. 부산 사상구 감전동에 사는 고등학생 A양은 “뷰티 분야 진로를 고민하던 중 2027학년도 신입생 모집 정보를... ,https://www.ajunews.com/view/20260715065525286,https://www.ajunews.com/view/20260715065525286,"Wed, 15 Jul 2026 07:04:00 +0900",2026-07-15 08:55:52
뷰티/화장품,뷰티 산업,[더벨][thebell interview | 이공이공은 지금] 형주혁 대표 &quot;글로벌 브랜...,"장기적으로는 K-뷰티 이외에도 다양한 산업으로 사업 영역을 확대할 계획이다. 그는 “브랜드의 해외 진출에 필요한 마케팅과 커머스, 물류, 오프라인 유통을 하나의 시스템으로 제공하고 성장 가능성이 높은 브랜드에는... ",https://www.thebell.co.kr/free/content/ArticleView.asp?key=202607131409548920106971,https://www.thebell.co.kr/free/content/ArticleView.asp?key=202607131409548920106971,"Wed, 15 Jul 2026 07:02:00 +0900",2026-07-15 08:55:52
뷰티/화장품,뷰티 산업,"이상봉 “K패션, 이제는 佛·伊와 경쟁할 때…제조·브랜드·유통 융합 ...",빠져나가면서 산업 생태계가 무너지고 있다고 우려했다. 그는 “20년 전만 해도 해외에 한국이라는 나라는 알려지지 않았지만 K팝·드라마·뷰티가 길을 열어주면서 이제는 K패션이 바통을 이어받아 프랑스나 이탈리아와... ,https://www.sedaily.com/article/20067809?ref=naver,https://n.news.naver.com/mnews/article/011/0004641676?sid=101,"Wed, 15 Jul 2026 07:01:00 +0900",2026-07-15 08:55:52
뷰티/화장품,뷰티 산업,"해외기업, 국내 상장사 투자 1년 새 30% 증가…미국계 비중이 절반 넘어","업종별로는 K-뷰티 인기 확산과 함께 국내 화장품 업계에 대한 투자가 가장 두드러졌고, 반도체와 제약... 22%) △IPARK현대산업개발(5.08%) 등 5개 기업의 지분을 5% 이상 보유하고 있다. 미국의 뒤를 이어 두 번째로... ",https://www.ceoscoredaily.com/page/view/2026071014014519571,https://www.ceoscoredaily.com/page/view/2026071014014519571,"Wed, 15 Jul 2026 07:00:00 +0900",2026-07-15 08:55:52
뷰티/화장품,뷰티 산업,[우리품의 아프리카인](43) &quot;이젠 지하철 제옆에도 사람들이 앉아요&quot;,경기대 국제산업정보학과를 졸업한 그는 예명대학원대학교에서 석사 과정을 마친... 뷰티살롱을 운영하는 아내는 메메에게 가장 든든한 인생 반려자이면서... ,https://www.yna.co.kr/view/AKR20260713037400898?input=1195m,https://n.news.naver.com/mnews/article/001/0016194861?sid=101,"Wed, 15 Jul 2026 07:00:00 +0900",2026-07-15 08:55:52
뷰티/화장품,뷰티 산업,"아모레퍼시픽, 7월 화장품 상장기업 브랜드평판 1위…LG생활건강·한국...","LG생활건강과 한국콜마가 각각 2위와 3위에 오르며 K-뷰티 대표 기업의 브랜드 경쟁력을 다시 한번... 애경산업, 코리아나, 제닉, 아모레퍼시픽홀딩스, 코스메카코리아, 브이티, 에코글로우, 라파스... ",https://www.pinpointnews.co.kr/news/articleView.html?idxno=468428,https://www.pinpointnews.co.kr/news/articleView.html?idxno=468428,"Wed, 15 Jul 2026 06:56:00 +0900",2026-07-15 08:55:52
뷰티/화장품,K뷰티 수출,"리만코리아 독점 원료 자이언트 병풀™ 키우는 제주 리만팜, 세계 최고","세계 시장에서 K-뷰티 새로운 가치 제시 선도하고 있는 리만코리아는 지난 2018년 대구에서 출발, 단순히 화장품을 수출하는 기업을 넘어 연구개발(R&amp;D) 중심의 원료 수출 브랜드로 자리매김한다는 비전을 갖고 있다.... ",http://www.fnnews.com/news/202607131903449462,https://n.news.naver.com/mnews/article/014/0005548263?sid=102,"Wed, 15 Jul 2026 07:01:00 +0900",2026-07-15 08:55:53
뷰티/화장품,K뷰티 수출,‘한국 가면 여행가방 가득 화장품’···내수 소비 끌어올린 건 알고...,"외국인 관광객 한 달 간 2조원 소비···K뷰티가 견인한 소비 지수 국가데이터처가 지난달 30일 발표한 5월... 7포인트 오르는 등 일부 경기 지표는 5월 들어 반등했으나, 반도체 등 특정 수출 산업 경기만 개선되고 내수... ",https://www.khan.co.kr/article/202607150600081,https://n.news.naver.com/mnews/article/032/0003458196?sid=101,"Wed, 15 Jul 2026 06:00:00 +0900",2026-07-15 08:55:53
뷰티/화장품,K뷰티 수출,[정재겸의 유통삼국지] 'K뷰티 3강' 요동…美·日·온라인 새 격전지,업계에서는 K-뷰티 수출 지역과 유통채널이 확대되면서 홈뷰티 디바이스가 차세대 성장동력으로 부상하고 있다는 분석도 나온다. 에이피알은 미국·D2C·뷰티 디바이스를 중심으로 기존 2강과 다른 성장 방식을... ,https://www.ebn.co.kr/news/articleView.html?idxno=1716241,https://www.ebn.co.kr/news/articleView.html?idxno=1716241,"Wed, 15 Jul 2026 06:00:00 +0900",2026-07-15 08:55:53
뷰티/화장품,K뷰티 수출,샤넬·불가리의 굴욕?…백화점 고집 꺾고 네이버 입점한 속내,"국내 시장에서 해외 뷰티 브랜드의 입지가 예전만 못한 점도 영향을 미쳤다. 식품의약품안전처에 따르면 지난해 국내 화장품 수출액은 114억 달러(약 17조원)로 전년보다 11.8% 증가한 반면, 수입액은 12억9000만 달러(약... ",https://www.joongang.co.kr/article/25445159,https://n.news.naver.com/mnews/article/025/0003537655?sid=101,"Wed, 15 Jul 2026 05:00:00 +0900",2026-07-15 08:55:53
뷰티/화장품,K뷰티 수출,환자만 바라본 47년… 세계 첫 ‘휴대용 인슐린펌프’ 상용화,"K뷰티에 이어 K의료가 세계의 주목을 받는 지금, 수일개발은 수십 년 임상 데이터에 AI라는 날개를 단 셈이다. 거대한 시장도 열리고 있다. 최근 인도 제약회사 경영진 세 명이 수출 계약을 위해 직접 회사를 찾았다. 전 세계... ",https://www.donga.com/news/Economy/article/all/20260714/134291126/2,https://n.news.naver.com/mnews/article/020/0003734031?sid=101,"Wed, 15 Jul 2026 04:37:00 +0900",2026-07-15 08:55:53
뷰티/화장품,K뷰티 수출,"대한항공, 2분기 매출 5조원 돌파…고유가에 수익성은 주춤","유가 상승으로 한국발 수요가 주춤한 사이 중동 지역 환승 수요와 방한 수요가 빈자리를 메웠고, 글로벌 AI 관련 투자 확대와 K-뷰티 수출 호조에 힘입어 화물 매출도 전년동기 대비 4,865억원 증가한 1조5,419억원을... ",https://www.traveltimes.co.kr/news/articleView.html?idxno=500067,https://www.traveltimes.co.kr/news/articleView.html?idxno=500067,"Wed, 15 Jul 2026 00:10:00 +0900",2026-07-15 08:55:53
뷰티/화장품,K뷰티 수출,"&quot;같은 아시아, 다른 목적지&quot;…이마트·롯데마트, 홈플러스 사태 속 '동상...","넓혀 수출 플랫폼으로 도약한다는 복안이다. 앞서 이마트는 지난 2016년 몽골 1호점을 낸 후, 현재까지 총... 롯데마트는 또 K-푸드와 K-뷰티 등 한국 제품 특화관으로 매장을 조성했다. 특히 한국과 일본, 베트남 등 다양한... ",https://news.tf.co.kr/read/economy/2343169.htm,https://n.news.naver.com/mnews/article/629/0000516150?sid=101,"Wed, 15 Jul 2026 00:01:00 +0900",2026-07-15 08:55:53
뷰티/화장품,K뷰티 수출,K뷰티 상반기 수출액 첫 10조 돌파…미국 20.7%로 급성장,"K뷰티가 역대 최대 수출 실적을 달성한 배경에는 '인디 브랜드'의 성장이 있다. 과거에는 대형 화장품 기업이 해외 시장을 주도했다면, 최근에는 '아누아', '조선미녀', '바이오던스' 등 인디 브랜드들이 미국과 유럽을... ",http://www.apparelnews.co.kr/news/news_view/?idx=226368,http://www.apparelnews.co.kr/news/news_view/?idx=226368,"Tue, 14 Jul 2026 22:02:00 +0900",2026-07-15 08:55:53
뷰티/화장품,K뷰티 수출,"무역협회, AI 무역 플랫폼 구축…K-뷰티 수출 지원 확대",기업들이 수출 전 과정에 필요한 정보를 보다 효율적으로 활용할 수 있도록 지원할 계획이다. 또한 글로벌 전자무역 표준과의 연계를 확대해 수출입 절차를 간소화하고 무역 전반의 효율성을 높인다는 구상이다. 통상... ,https://www.thebk.co.kr/news/articleView.html?idxno=310562,https://www.thebk.co.kr/news/articleView.html?idxno=310562,"Tue, 14 Jul 2026 19:18:00 +0900",2026-07-15 08:55:53
뷰티/화장품,K뷰티 수출,"한국발 줄었는데 매출 첫 5조...대한항공, 해외서 절반 넘게 팔았다",글로벌 인공지능(AI) 투자 확대에 따른 서버·반도체 등 정보기술(IT) 품목 운송 수요와 K-뷰티 수출 호조가 맞물렸다. 대한항공은 고부가가치 화물을 유치하고 부정기편을 투입하는 방식으로 노선을 탄력적으로... ,https://www.insight.co.kr/news/562941,https://www.insight.co.kr/news/562941,"Tue, 14 Jul 2026 18:34:00 +0900",2026-07-15 08:55:53
운송/물류,운송 주가,"대한항공, 화물운임 강세에 영업익 개선…목표가 11%↑-KB",KB증권은 15일 대한항공(003490)에 대해 올해 영업이익이 시장 전망치를 2배 가까이 웃돌 것이라며 목표주가를 기존 3만6000원에서 4만원으로 11.1% 상향 조정했다. 투자의견은 ‘매수(Buy)’를 유지하고 운송업종... ,https://www.edaily.co.kr/news/newspath.asp?newsid=02558406645514848,https://n.news.naver.com/mnews/article/018/0006330394?sid=101,"Wed, 15 Jul 2026 07:40:00 +0900",2026-07-15 08:55:53
운송/물류,운송 주가,"[오늘의 증시]美 CPI 3.5% '예상 하회'…코스피, 반도체 훈풍에 상승 기...",반도체주가 급등했고 코스피200 야간선물도 5% 넘게 오르며 투자심리가 개선됐다. 간밤 뉴욕증권거래소... 다우 운송지수는 0.13% 상승했다&quot;고 설명했다. 이어 &quot;전일 한국 증시는 개인투자자 중심으로 대규모... ,https://www.newsis.com/view/NISX20260715_0003709532,https://n.news.naver.com/mnews/article/003/0014067173?sid=101,"Wed, 15 Jul 2026 07:39:00 +0900",2026-07-15 08:55:53
운송/물류,운송 주가,[종합] 美 6월 CPI 예상보다 큰 폭 둔화…유가 급등 변수에 연준 '9월 인...,"1% 상승에 그쳤으며 운송서비스 가격은 0.3% 하락했다. 식료품 가격은 0.2% 올랐고, 신차 가격은 변동이 없었다. 중고차와 중고트럭 가격은 0.2%, 의류 가격은 0.6% 하락했다. 물가 발표 직후 미국 주가지수 선물은 상승했고... ",https://www.newspim.com/news/view/20260714001227,https://www.newspim.com/news/view/20260714001227,"Tue, 14 Jul 2026 22:29:00 +0900",2026-07-15 08:55:53
운송/물류,운송 주가,휘발유값 급락에 美 물가 3.5%…6년 만에 최대 둔화,"운송서비스 가격은 0.3% 하락했다. 식품 가격은 0.2% 올랐고, 신차 가격은 변동이 없었다. 중고차 가격은 0.2%, 의류 가격은 0.6% 각각 하락했다. 시장도 즉각 반응했다. 물가 발표 직후 미국 주가지수 선물은 상승세를... ",http://www.fnnews.com/news/202607142216408410,https://n.news.naver.com/mnews/article/014/0005548223?sid=101,"Tue, 14 Jul 2026 22:20:00 +0900",2026-07-15 08:55:53
운송/물류,운송 주가,"[인도 증시] 美·이란 충돌에 유가 급등, 하락...비용 부담 커진 자동차...","액시스 다이렉트의 리서치 책임자인 라제시 팔비야는 &quot;호르무즈 해협을 통한 해상 운송 차질에 대한... 대주주의 블록딜은 통상 주가 하락을 유발하지만, 이번 거래는 '불확실성 해소'로 인식되며 주가에 상승... ",https://www.newspim.com/news/view/20260714001222,https://www.newspim.com/news/view/20260714001222,"Tue, 14 Jul 2026 22:07:00 +0900",2026-07-15 08:55:53
운송/물류,운송 주가,미 6월 CPI '깜짝 둔화'…전월 0.4%↓·근원물가 보합(종합),운송서비스 가격은 0.3% 하락했다. 최근 물가를 끌어올렸던 호텔 숙박료도 1년여 만에 가장 큰 폭으로... 미국 주가지수 선물은 상승했고 미 국채 금리는 하락했다. 투자자들은 연준이 이달 추가 금리 인상에 나설... ,https://www.edaily.co.kr/news/newspath.asp?newsid=06232006645514520,https://n.news.naver.com/mnews/article/018/0006330301?sid=101,"Tue, 14 Jul 2026 21:57:00 +0900",2026-07-15 08:55:53
운송/물류,운송 주가,"코스피 6,800선 되찾았다…골드만 &quot;급락은 ETF 청산 영향&quot;","반면 운송장비·부품은 4.09%, 증권은 3.84%, 화학은 3.24%, 금속은 2.97%, IT서비스는 2.69% 하락했다.... 운용사가 목표 레버리지 배율을 유지하려고 기초주식을 추가 매도하면서 주가 하락이 다시 매도를 불러오는... ",https://www.topstarnews.net/news/articleView.html?idxno=16134228,https://www.topstarnews.net/news/articleView.html?idxno=16134228,"Tue, 14 Jul 2026 18:30:00 +0900",2026-07-15 08:55:53
운송/물류,운송 주가,[급등락주 짚어보기] 애국매수에 모나미 상한가…STX그린로지스·비비안...,"호르무즈 해협은 원유·가스 해상 운송의 핵심 길목으로, 통항 차질 우려가 커지면 우회 항로 확대와 선복... 점이 주가를 끌어올린 것으로 해석된다. 비비안은 29.89% 오른 8170원, 에넥스는 29.96% 상승한 1631원에... ",https://www.etoday.co.kr/news/view/2603711,https://www.etoday.co.kr/news/view/2603711,"Tue, 14 Jul 2026 18:12:00 +0900",2026-07-15 08:55:53
운송/물류,운송 주가,피해자의 편은 누구인가?...불붙은 보완수사권 공방,"통행료 20%는 원유 운송비를 두 배로 밀어 올릴 수 있는 수치다 — ‘수호자’의 언어를 쓰고 있지만... 문화 · 과학 CNBC, 스페이스X 주가 띄우기에 힘을 보태다 윌슨 코릭 · 참세상 · 07/14 10:14 머스크 발언을... ",https://newscham.net/articles/116896,https://newscham.net/articles/116896,"Tue, 14 Jul 2026 17:32:00 +0900",2026-07-15 08:55:53
운송/물류,운송 주가,'냉온탕' 삼전닉스 덕에 6800피 지켰지만…'찐반등' 오늘 밤에 달렸다,"이날 장중 삼성전자·SK하이닉스의 전일 대비 주가 등락률 범위는 각각 -2.95~+5.89%, -8.89~+4.82%로 나타났다. 여타 종목의 하락도 지수 추가반등을 제한한 요인으로 지목됐다. 업종별로 보면 운송장비는 4%대, 증권... ",https://www.mt.co.kr/stock/2026/07/15/2026071416302388989,https://n.news.naver.com/mnews/article/008/0005386006?sid=101,"Tue, 14 Jul 2026 17:23:00 +0900",2026-07-15 08:55:53
운송/물류,운송 주가,"&quot;배터리가 흘린 피, 기름과 윤활유로 닦았다…SK이노베이션의 '웃픈' 흑...","하락, 운송비 및 기간 증가, 재고평가손실 등으로 전분기 대비 약 57% 감소한 8241억원으로 추정된다.... 목표주가를 12만6000원으로 상향했다. 다만, 전일 종가(11만200원) 대비 상승 여력이 15% 미만임을 이유로... ",https://www.newsquest.co.kr/news/articleView.html?idxno=269757,https://www.newsquest.co.kr/news/articleView.html?idxno=269757,"Tue, 14 Jul 2026 16:58:00 +0900",2026-07-15 08:55:53
운송/물류,운송 주가,"'롤러코스터' 코스피, 외인·기관 매수 6850선 마감···삼전·닉스 반등","업종별로는 일반서비스(-6.27%), 전기·전자(-2.16%), 운송장비·부품(-2.21%), 화학(-2.40%), 금융(-4.19%), 금속(-2.... 신장재생 인체 임상 수술을 시작한다고 밝힌 바 있다. 관련 기대감이 주가를 끌어올린 것으로 풀이된다.",https://www.seoulfn.com/news/articleView.html?idxno=633351,https://www.seoulfn.com/news/articleView.html?idxno=633351,"Tue, 14 Jul 2026 16:36:00 +0900",2026-07-15 08:55:53
운송/물류,운송 주가,트럼프 &quot;호르무즈 통행료 20% 받는다&quot;…원유ETF·관련주 들썩,"화물 운송에 대해 20%의 비용을 보상받을 것&quot;이라고 밝혔다. 이같은 소식에 ICE선물거래소에서 9월 인도분... 이어 &quot;당분간 정유사의 실적 기대감 부각, 주가 강세가 이어질 가능성이 크다&quot;고 했다.",https://www.mt.co.kr/stock/2026/07/14/2026071416052275345,https://n.news.naver.com/mnews/article/008/0005385914?sid=101,"Tue, 14 Jul 2026 16:27:00 +0900",2026-07-15 08:55:53
운송/물류,물류 산업,해수부 북극항로추진본부장에 이수호 해사안전국장,"1997년 공직에 입문한 이후 해양수산부 항만물류기획과장, 어촌양식정책과장, 기획재정담당관... 관련 산업 육성 업무를 총괄하게 된다. 이 본부장은 &lt;현대해양&gt;과의 통화에서 &quot;어려운 자리를 맡았다&quot;며 &quot;업무를 신속히... ",https://www.hdhy.co.kr/news/articleView.html?idxno=34888,https://www.hdhy.co.kr/news/articleView.html?idxno=34888,"Wed, 15 Jul 2026 08:46:00 +0900",2026-07-15 08:55:54
운송/물류,물류 산업,카카오모빌리티 안전경영 국제 인증 받았다 &quot;ISO 45001 획득&quot;,ISO 45001은 국제표준화기구(ISO)가 제정한 산업안전보건 경영 시스템 표준이다. 사업장 안의 다양한 위험... 네이버와 쿠팡 등 주요 플랫폼 기업들도 물류센터와 데이터센터 등 오프라인 자산을 중심으로 안전 관리 체계를... ,https://www.econovill.com/news/articleView.html?idxno=745232,https://www.econovill.com/news/articleView.html?idxno=745232,"Wed, 15 Jul 2026 08:40:00 +0900",2026-07-15 08:55:54
운송/물류,물류 산업,"동원로엑스, 김제에 770억 투자…전북권 물류거점 구축","김제시는 전국 물류망을 갖춘 기업 유치를 통해 제조와 물류가 연계된 산업 생태계 조성과 물류 경쟁력 강화의 기반을 마련하게 됐다고 설명했다. 이번 투자협약은 지평선산단 내 입주 가능 부지 검토, 물류업 입주... ",https://www.gukjenews.com/news/articleView.html?idxno=3635223,https://www.gukjenews.com/news/articleView.html?idxno=3635223,"Wed, 15 Jul 2026 08:38:00 +0900",2026-07-15 08:55:54
운송/물류,물류 산업,"[국제 인사이트] &quot;다음은 발전소·교량이다&quot;…트럼프 최후통첩, 이란은...","발전소는 전력 공급뿐 아니라 군수산업과 통신망, 산업시설을 움직이는 핵심 기반이다. 교량 역시 병력 이동과 물류, 민간 경제활동을 떠받치는 핵심 인프라다. 이들 시설이 집중 타격을 받을 경우 군사력 약화뿐 아니라... ",https://www.moneystorm.kr/news/articleView.html?idxno=5085,https://www.moneystorm.kr/news/articleView.html?idxno=5085,"Wed, 15 Jul 2026 08:24:00 +0900",2026-07-15 08:55:54
운송/물류,물류 산업,"기업들, 지역 상생 보폭 넓힌다... '환경개선·인재육성·투자' 전방위 ...","구미의 우수한 산업 인프라와 물류 경쟁력 등을 바탕으로 K-푸드 수출 경쟁력 강화에 기여할 것으로 기대된다. 오뚜기라면과 경상북도, 구미시 간 K-푸드 글로벌 경쟁력 강화를 위한 푸드테크 협력에 관한 사항도... ",https://www.banronbodo.com/news/articleView.html?idxno=32639,https://www.banronbodo.com/news/articleView.html?idxno=32639,"Wed, 15 Jul 2026 08:00:00 +0900",2026-07-15 08:55:54
운송/물류,물류 산업,"[오늘의 신문 읽기] 성장률 3%·코스피 6806·원유 29%↓…AI가 끌고, 유...",그러나 성장의 온기가 모든 산업으로 확산된 것은 아니다. 취업자 증가폭은 15만 명 수준으로 낮아졌고... 국제유가 상승은 항공유와 선박연료 가격을 끌어올려 물류비 부담으로 이어지고 있다.중국 원유 수입 29% 감소... ,http://kor.theasian.asia/archives/409866,http://kor.theasian.asia/archives/409866,"Wed, 15 Jul 2026 07:46:00 +0900",2026-07-15 08:55:54
운송/물류,물류 산업,전북도 민선 9기 첫 투자협약…“첨단 산업·물류 경쟁력 강화”,동원로엑스는 7백70억 원을 들여 김제 지평선일반산단에 첨단 물류센터를 신설해 인근 입주기업의 물류 수요 증가에 대응함으로써 전북권 물류 거점을 구축할 계획입니다. 전북도는 이번 투자 유치로 백45명의 직·간접적... ,https://news.kbs.co.kr/news/pc/view/view.do?ncd=8611056&ref=A,https://n.news.naver.com/mnews/article/056/0012218370?sid=101,"Wed, 15 Jul 2026 07:45:00 +0900",2026-07-15 08:55:54
운송/물류,해운 시장,"1,800억 벌어들인 장금상선… 전쟁이 바꾼 해운시장",https://youtube.com/shorts/UihIOHczyAo?si=e6DXUWYDES6Gu2DD,https://www.hdhy.co.kr/news/articleView.html?idxno=34884,https://www.hdhy.co.kr/news/articleView.html?idxno=34884,"Wed, 15 Jul 2026 08:48:00 +0900",2026-07-15 08:55:55
운송/물류,해운 시장,트럼프 &quot;다음주까지 합의 불발 시 발전소 공격&quot;...통행료 부과는 철회(종...,행정부 내부에서도 혼선…통행료 부과 시 휘발유 가격 상승 추산 국제 해운업계도 통행료 부과가 국제... 업계와 시장에서는 애초부터 20% 수수료가 현실적으로 시행되기 어렵다는 평가가 나왔다. 미 워싱턴D.C.의... ,https://view.asiae.co.kr/article/2026071508124766658,https://n.news.naver.com/mnews/article/277/0005790065?sid=104,"Wed, 15 Jul 2026 08:12:00 +0900",2026-07-15 08:55:55
운송/물류,해운 시장,6월 CPI ‘깜짝 하락’에…요동치는 美 금리 화살표[글로벌 모닝 브리핑...,"미국은 사흘 연속 이란 군사시설을 공습했고, 이란과 후티 반군도 미군 기지와 선박 등을 겨냥한 보복 공격을 이어가면서 에너지 공급망과 국제 해운시장 불안이 커지고 있습니다. 트럼프 대통령은 호르무즈해협을... ",https://www.sedaily.com/article/20067814?ref=naver,https://n.news.naver.com/mnews/article/011/0004641646?sid=104,"Wed, 15 Jul 2026 06:01:00 +0900",2026-07-15 08:55:55
운송/물류,해운 시장,트럼프 '호르무즈 통행료' 하루 만에 철회…해협 불확실성은 여전,국제 해운 질서와 에너지 시장에 새로운 불확실성을 키우고 있다는 경고가 나오고 있다. ◆ 통행료 부과 대신 '대미 투자 딜'로 선회 트럼프 대통령은 이날 백악관에서 열린 알리 알자이디 이라크 총리와의 양자회담... ,https://www.newspim.com/news/view/20260715000027,https://www.newspim.com/news/view/20260715000027,"Wed, 15 Jul 2026 04:55:00 +0900",2026-07-15 08:55:55
운송/물류,해운 시장,"트럼프, 중동 국가 반발에 '호르무즈 통행료' 하루 만에 철회",중동 지역 동맹국들의 반발과 국제 해운업계의 비판이 이어지자 통행료 대신 중동 국가들의 대미 투자... 업계와 시장에서는 애초부터 20% 수수료가 현실적으로 시행되기 어렵다는 평가가 나왔다. 미 워싱턴D.C.의... ,https://view.asiae.co.kr/article/2026071504020393819,https://n.news.naver.com/mnews/article/277/0005789995?sid=104,"Wed, 15 Jul 2026 04:02:00 +0900",2026-07-15 08:55:55
운송/물류,해운 시장,"[2026 OT 보안 솔루션 리포트] 세계가 주목하는 한국 첨단 제조업, OT 보...","해운과 선박 분야에서도 새로운 시장이 열리고 있다. 선박에 IT와 OT, 위성통신, 원격 유지보수, 자율 운항 기술이 결합되면서 사이버 리스크가 실제 운항 안전과 직결되는 상황이 됐기 때문이다. 2017년 글로벌... ",http://www.boannews.com/media/view.asp?idx=144688&kind=3,http://www.boannews.com/media/view.asp?idx=144688&kind=3,"Wed, 15 Jul 2026 00:52:00 +0900",2026-07-15 08:55:55
운송/물류,해운 시장,[사설] 이란戰 재점화… 금융·실물 리스크 선제 대응을,시장이 가장 두려워하는 지정학적 불확실성이 다시 전면에 등장한 셈이다. 양측 상호 공격으로 국제유가는... 아울러 정유·해운·물류 등 관련 업계와 상시로 의견을 주고받으며 신속하게 대응할 수 있는 컨트롤타워를... ,https://www.asiatoday.co.kr/kn/view.php?key=20260714010005278,https://www.asiatoday.co.kr/kn/view.php?key=20260714010005278,"Wed, 15 Jul 2026 00:02:00 +0900",2026-07-15 08:55:55
운송/물류,해운 시장,"[특징주] 대한항공, 스타링크 기내 와이파이 도입 기대에 강세","앞서 스타링크는 국내 인허가 절차를 거쳐 한국 시장 진입도 본격화했다. 해운·항공 등 통신 사각지대 산업에서 활용도가 부각되면서, 관련 수혜 기대가 항공주 투자심리에도 반영되는 분위기다.",https://www.tokenpost.kr/news/economy/377737,https://www.tokenpost.kr/news/economy/377737,"Tue, 14 Jul 2026 23:36:00 +0900",2026-07-15 08:55:55
운송/물류,해운 시장,"한국해양대-아로아랩스, '해운·물류 AI 전환' 산학협력 강화","단순한 학술 기반을 넘어 해운·물류 AI의 중요한 전환점을 맞이하는 계기가 될 것&quot;이라며, &quot;양 기관의 데이터·연구·인재 역량을 결합해 글로벌 해운 시장에서 통용될 AX 표준을 함께 만들어 나가겠다&quot;라고 말했다.",https://www.klnews.co.kr/news/articleView.html?idxno=321915,https://www.klnews.co.kr/news/articleView.html?idxno=321915,"Tue, 14 Jul 2026 23:28:00 +0900",2026-07-15 08:55:55
운송/물류,해운 시장,"항만물류협회, 해수부 황종우 장관에 4대 현안 건의","이번 간담회는 해양수산부 황종우 장관과 김혜정 해운물류국장 등 관계자들이 참석했다.... 항만물류협회는 항만하역업계의 당면 과제이자 핵심 현안으로 △컨테이너 하역시장 안정화 대책 마련, △하역요금 인가제의... ",https://www.klnews.co.kr/news/articleView.html?idxno=321924,https://www.klnews.co.kr/news/articleView.html?idxno=321924,"Tue, 14 Jul 2026 23:28:00 +0900",2026-07-15 08:55:55
운송/물류,해운 시장,"코스피, 500포인트 급등락 끝 반등 마감... 투자 심리 여전히 불안","한편 중동 긴장 고조에 따른 국제유가 상승 영향으로 흥구석유와 에스티엑스그린로지스 등 정유·해운 관련주는 강세를 보였다. 이날 거래대금은 유가증권시장이 46조4천502억원, 코스닥시장이 6조5천481억원으로... ",https://www.tokenpost.kr/news/market/377710,https://www.tokenpost.kr/news/market/377710,"Tue, 14 Jul 2026 22:24:00 +0900",2026-07-15 08:55:55
운송/물류,해운 시장,트럼프 ‘호르무즈 통행료’ 내로남불… ‘운송비 2배’ 전망… 해운업...,‘화물에 20%’ 트럼프 수수료 땐 유조선 1척당 400억대 추가 부담 브렌트유 9.6% 급등 시장 불안 도널드 트럼프 미국 대통령이 호르무즈해협을 통과하는 화물에 20% 비용을 부과하겠다고 일방적으로 선언하면서 해운업계... ,https://www.segye.com/newsView/20260714519203?OutUrl=naver,https://n.news.naver.com/mnews/article/022/0004143093?sid=104,"Tue, 14 Jul 2026 21:01:00 +0900",2026-07-15 08:55:55
운송/물류,해운 시장,"뉴욕증시 프리뷰, 美 선물 혼조…CPI·은행 실적 대기 속 반도체주 반등","◆ 호르무즈 긴장에 국제유가 급등…해운업계 &quot;통행료는 역효과&quot; 시장 불안의 배경에는 중동 리스크가 있다. 도널드 트럼프 대통령은 호르무즈 해협을 통과하는 이란 선박에 대한 봉쇄를 재개하고, 다른 화물선에도... ",https://www.newspim.com/news/view/20260714001199,https://www.newspim.com/news/view/20260714001199,"Tue, 14 Jul 2026 20:31:00 +0900",2026-07-15 08:55:55
운송/물류,해운 시장,3연임 김영득 부산항만산업총연합회장 “북극항로 철저 대비”,부산시장 당선자 인수위원회에 건의하는 등 정책 제안 활동도 이어왔다. 연합회는 이번 연임이 국제 해운·물류 환경 변화와 북극항로 개척에 대응하기 위해 안정적인 리더십과 정책 연속성이 필요하다는 회원사들의... ,http://www.kookje.co.kr/news2011/asp/newsbody.asp?code=0200&key=20260715.22017004337,https://n.news.naver.com/mnews/article/658/0000149551?sid=101,"Tue, 14 Jul 2026 19:37:00 +0900",2026-07-15 08:55:55
농업,농업 주가,"마그나인베스트, 만기 도래 ABC펀드…광동헬스바이오 손절",이후 네추럴에프앤피는 최대주주가 광동제약으로 변경되면서 현재 사명인 광동헬스바이오로 간판을... 모아라이프플러스) ▲와이즈유엑스글로벌 ▲애드바이오텍 ▲그린랩스 ▲농업회사법인 산들촌 등을 담았다.... ,https://www.topdaily.kr/articles/110977,https://www.topdaily.kr/articles/110977,"Tue, 14 Jul 2026 14:49:00 +0900",2026-07-15 08:55:55
농업,농업 주가,"美 클래리티법, 8월 휴회 전 처리 시한 임박…트럼프 &quot;상원 통과시켜야...",그는 이번 주가 지니어스법 1주년과 맞물린다며 &quot;더는 지체할 여유가 없다&quot;고 말했다. 워싱턴 정책가들... 이번 주에는 상원 은행위원회안과 농업위원회안을 합친 수정 법안 문구가 공개될 예정이다. 협상 과정에서... ,https://www.digitaltoday.co.kr/news/articleView.html?idxno=683864,https://www.digitaltoday.co.kr/news/articleView.html?idxno=683864,"Tue, 14 Jul 2026 10:04:00 +0900",2026-07-15 08:55:55
농업,농업 주가,"스페이스X·아마존, 4조5000억달러 빅테크 격돌","온라인 서점으로 출발한 아마존은 닷컴버블 붕괴 뒤 주가가 90% 급락했지만 이후 클라우드, 광고, 물류... 스타링크는 이미 항공과 해운, 농업 장비 분야의 대형 고객을 확보했다. 유나이티드항공, 카니발, 머스크... ",https://www.g-enews.com/view.php?ud=2026071322261839209a1f309431_1,https://www.g-enews.com/view.php?ud=2026071322261839209a1f309431_1,"Tue, 14 Jul 2026 05:02:00 +0900",2026-07-15 08:55:55
농업,농업 주가,갈수록 줄어드는 코인 거래량.. 美 클래리티 액트만 쳐다본다,"상원 은행위와 농업위가 각각 추진하던 법안을 통합해 기존보다 70페이지 이상 분량이 추가된 것으로 알려졌다&quot;며 &quot;최신 통합안의 공개는 긍정적이며, 다음 달 내 상원 표결을 기대한다&quot;고 밝혔다. 다만 연내 통과가... ",http://www.fnnews.com/news/202607131805517979,https://n.news.naver.com/mnews/article/014/0005547542?sid=105,"Mon, 13 Jul 2026 18:07:00 +0900",2026-07-15 08:55:55
농업,농업 주가,"[올댓차이나] 中 증시, 주요지표 발표 지분조정에 속락 마감…창업판 3...","뉴욕 증시에 주말 상장한 세계적인 반도체 업체 SK하이닉스의 주가가 이날 한국 증시에서 장중 16... 반면 중국은행은 2.25%, 초상은행 1.00%, 공상은행 2.73%, 건설은행 3.56%, 농업은행 2.25%, 중국석유화공 2.52... ",https://www.newsis.com/view/NISX20260713_0003707536,https://n.news.naver.com/mnews/article/003/0014064148?sid=104,"Mon, 13 Jul 2026 17:46:00 +0900",2026-07-15 08:55:55
농업,농업 주가,"[올댓차이나] 전자상거래 징둥, 광둥성과 전략 제휴 로봇거점 착공","양측은 소비 진작, 현대 물류, 디지털 경제, 스마트 의료, 가사서비스, 공급망 구축, 현대 농업, 정부·기업... 징둥그룹 주가는 홍콩 증시에서 이날 오후 3시54분 시점에 전 거래일보다 2.54% 뛰어오른 113.00 홍콩달러로... ",https://www.newsis.com/view/NISX20260713_0003707437,https://n.news.naver.com/mnews/article/003/0014064042?sid=104,"Mon, 13 Jul 2026 16:59:00 +0900",2026-07-15 08:55:55
농업,농업 주가,더 줄어든 코인 거래량…&quot;이번 주가 반등 분수령&quot; [크립토브리핑],"상원 은행위와 농업위가 각각 추진하던 법안을 통합해 기존보다 70페이지 이상 분량이 추가된 것으로 알려졌다&quot;며 &quot;최신 통합안의 공개는 긍정적이며, 다음 달 내 상원 표결을 기대한다&quot;고 밝혔다. 다만 연내 통과가... ",http://www.fnnews.com/news/202607131229405880,https://n.news.naver.com/mnews/article/014/0005547333?sid=105,"Mon, 13 Jul 2026 13:46:00 +0900",2026-07-15 08:55:55
농업,농업 주가,"[데스크리포트 7월] '인공지능 환상', 기술 진보의 짙은 그림자","당시 늘어난 농업생산의 물질적 결과가 유럽 도시의 고딕 대성당들이다. 미국인 일라이 휘트니가 1793년... 누구는 반도체 주식 주가로, 누구는 회사 일을 보면서, 누구는 일자리 문제로, 매일 부닥치고 있는 문제적 상황... ",https://www.businesspost.co.kr/BP?command=article_view&num=442188,https://www.businesspost.co.kr/BP?command=article_view&num=442188,"Mon, 13 Jul 2026 13:38:00 +0900",2026-07-15 08:55:55
농업,농업 주가,"경제 석학의 직격 &quot;레버리지ETF, 확실히 정부가 잘못했다..사과해야&quot;","◇ 신세돈 : 앨빈 토플러가 3차 혁명 이야기, 제3의 물결 이야기했을 때 1의 물결이 농경, 농업이었고 2의... 이렇게 주가가 오르고 대한민국이 온통 하루 종일 방송을 주가 이야기할 정도로 된 것이 이게 제3의 물결의 가장... ",https://www.ytn.co.kr/_ln/0102_202607131059288222,https://n.news.naver.com/mnews/article/052/0002378645?sid=101,"Mon, 13 Jul 2026 10:59:00 +0900",2026-07-15 08:55:55
농업,농업 주가,[아침밥]하나증권 &quot;세나테크놀로지 고수익 제품으로 깜짝 실적 달성&quot;,하나증권이 세나테크놀로지에 대해 투자 의견 매수를 유지하고 목표 주가는 기존과 같은 8만원을... 김홍식 연구원은 &quot;RAN(무선 엑세스 네트워크)을 제공하기 어려운 농업이나 건설 현장은 말할 것도 없고 제조용... ,https://www.sidae.com/article/2026071307511675362,https://n.news.naver.com/mnews/article/417/0001151352?sid=101,"Mon, 13 Jul 2026 08:30:00 +0900",2026-07-15 08:55:55
농업,농업 주가,"세나테크놀로지, 정부 '피지컬 AI 1강 목표' 수혜…'휴머노이드 핵심 네...",목표주가 8만원을 유지했다. 하나증권에 따르면 세나테크놀로지의 올해 2분기 매출액은 지난해 동기 대비... 또한 &quot;로봇이 투입될 작업현장의 특성을 고려하면 메쉬가 반드시 필요하다&quot;며 &quot;RAN을 구축하기 어려운 농업이... ,http://www.newsprime.co.kr/news/article.html?no=739972,http://www.newsprime.co.kr/news/article.html?no=739972,"Mon, 13 Jul 2026 07:26:00 +0900",2026-07-15 08:55:55
농업,농업 주가,계절근로자 출국 전 서류 등 제출 안내,"이번 지침에 따라 농가주가 계절근로자 출국 전 제출해야 할 서류는 △고용변동신고서 △임금대장... 조기적응프로그램은 한국사회 적응, 산업안전, 기초법질서, 인권보호 등 국내 생활과 농업 현장 적응에 필요한 내용을... ",http://www.gnmaeil.com/news/articleView.html?idxno=590589,http://www.gnmaeil.com/news/articleView.html?idxno=590589,"Sun, 12 Jul 2026 21:20:00 +0900",2026-07-15 08:55:55
농업,농업 주가,[인터뷰] “국내경제 초양극화·착시상황…하반기엔 ‘비용’ 맞춰 경영...,"총수출액, 주가지수 등 주요 지표가 ‘긍정’을 가리키지만, 이는 소수의 섹터와 기업, 품목에 집중된 것으로 지표 이면에 있는 실물 경기에 주목해야 한다”고 했다. 농업과도 관계가 밀접한 환율을 놓고는 “과거 우리가... ",https://www.nongmin.com/article/20260710500557,https://n.news.naver.com/mnews/article/662/0000099461?sid=102,"Sat, 11 Jul 2026 20:01:00 +0900",2026-07-15 08:55:55
농업,농업 주가,"아세아텍, 다목적관리기 세계 1위 기술력으로 성장 시동",시장에서는 세계 1위 다목적관리기 경쟁력과 폭넓은 제품 포트폴리오를 보유한 아세아텍이 스마트농업과 농업 기계화 흐름 속에서 지속적인 성장세를 이어갈 수 있을지 주목하고 있다. 목표주가와 투자의견은 제시하지... ,https://www.pinpointnews.co.kr/news/articleView.html?idxno=467594,https://www.pinpointnews.co.kr/news/articleView.html?idxno=467594,"Sat, 11 Jul 2026 16:30:00 +0900",2026-07-15 08:55:55
농업,농업 주가,"[올댓차이나] 中 증시, 주요 경제지표 발표 전 관망세로 반락…창업판 ...","반도체 관련주가 크게 하락하고 석유 관련주와 전지주, 통신기기주, 증권주가 약세를 면치 못했다.... 42%, 농업은행 1.96% 뛰었다. 비야디 역시 3.60%, 장화이차 0.90%, 상하이차 2.12%, 창안차 2.45%, 푸톈차 0.64... ",https://www.newsis.com/view/NISX20260710_0003704841,https://n.news.naver.com/mnews/article/003/0014059868?sid=104,"Fri, 10 Jul 2026 17:22:00 +0900",2026-07-15 08:55:55
농업,농업 주가,[역사 속 아메리칸 250] 폐막 하루 앞둔 ‘그레이트 아메리칸 스테이트...,"특히 병아리 체험은 어린아이들에게 큰 인기였고, 워싱턴 내셔널몰 한가운데에서 송아지 울음소리를 들을 수 있어서 농업 체험 자체가 독특한 풍경이었습니다.진행자: 각 주가 자기 주를 대표하는 상징물 경쟁을... ",https://www.voakorea.com/a/great-american-state-fair-voa-korean-20270709/8169908.html,https://www.voakorea.com/a/great-american-state-fair-voa-korean-20270709/8169908.html,"Fri, 10 Jul 2026 04:38:00 +0900",2026-07-15 08:55:55
농업,농산물 시장,무더위 식히는 '청정 로컬장터'…제3회 제천 영파머스마켓 18일 개장,"전통시장 형태에서 한 단계 확장된 '도심 속 농촌 문화 교류의 장'으로 육성하고 있다. 소비자들은 내 가족이 먹을 식재료의 재배 과정과 농가 이야기를 직접 듣고 믿고 살 수 있고, 농업인들은 정성껏 키운 농산물의 가치를... ",https://www.eroun.net/news/articleView.html?idxno=85442,https://www.eroun.net/news/articleView.html?idxno=85442,"Wed, 15 Jul 2026 08:48:00 +0900",2026-07-15 08:55:56
농업,농산물 시장,"경기도, 휴가철 쌈채소·농산물 안전성 검사…99.1% '적합'","시료는 도내 대형마트·일반마트, 로컬푸드매장, 도매시장 등에서 상추와 들깻잎, 오이, 알배기배추, 고추 등 여름철 소비가 많은 농산물과 근대, 부추, 열무, 치커리 등 잔류농약 부적합 사례가 상대적으로 많은 품목을... ",https://www.newsis.com/view/NISX20260715_0003709669,https://n.news.naver.com/mnews/article/003/0014067254?sid=102,"Wed, 15 Jul 2026 08:40:00 +0900",2026-07-15 08:55:56
농업,농산물 시장,美 물가 급락했지만…시장 시선은 '기업 가격 전가'로,미국의 6월 소비자물가가 시장 예상보다 큰 폭으로 하락하면서 단기 인플레이션 우려가 완화됐다. 다만 유가... 유가가 높은 수준에 머물면 운송비와 물류비뿐 아니라 비료와 농산물 생산비를 거쳐 식료품 가격까지... ,https://www.ebn.co.kr/news/articleView.html?idxno=1716407,https://www.ebn.co.kr/news/articleView.html?idxno=1716407,"Wed, 15 Jul 2026 08:30:00 +0900",2026-07-15 08:55:56
농업,농산물 시장,[안산소식]와동교육도서관 '북크크' 독서체험 운영 등,"◇안산시농수산물도매시장 내 반월농산, 농산물 6840㎏ 기탁 경기 안산시는 지난 14일 농수산물도매시장 중도매인 반월농산으로부터 무와 배추, 알타리무 등 농산물 6840㎏을 기탁받아 대한노인회 안산시 상록구지회에... ",https://www.newsis.com/view/NISX20260715_0003709615,https://n.news.naver.com/mnews/article/003/0014067224?sid=102,"Wed, 15 Jul 2026 08:27:00 +0900",2026-07-15 08:55:56
농업,농산물 시장,밭 갈아엎는 농민·상추 못 주는 식당…유통 비용 줄여 모순 깬다,특히 농식품부는 농산물 온라인 도매시장의 전면 활성화를 통해 산지에서 소비지로 직접 배송하는 대안 경로를 키워 유통 단계를 1∼2단계로 대폭 축소하겠다는 전략을 제시했습니다. 현재 전체 도매 거래의 6% 수준인... ,https://news.sbs.co.kr/news/endPage.do?news_id=N1008658195&plink=ORI&cooper=NAVER,https://n.news.naver.com/mnews/article/055/0001372593?sid=102,"Wed, 15 Jul 2026 08:24:00 +0900",2026-07-15 08:55:56
농업,농산물 시장,"상추 가격, 산지·도시 격차 7배…李대통령 &quot;농업 유통 개혁해야&quot;",특히 농식품부는 농산물 온라인 도매시장의 전면 활성화를 통해 산지에서 소비지로 직접 배송하는 대안 경로를 키워 유통 단계를 1∼2단계로 대폭 축소하겠다는 전략을 제시했다. 현재 전체 도매 거래의 6% 수준인... ,https://www.jnilbo.com/news/articleView.html?idxno=90000049998,https://www.jnilbo.com/news/articleView.html?idxno=90000049998,"Wed, 15 Jul 2026 08:20:00 +0900",2026-07-15 08:55:56
농업,농산물 시장,"[ESG포커스] 하나금융, 취약계층 금융 사각지대 해소","이를 통해 연간 총 1만8000끼의 도시락을 취약계층에게 무상으로 제공하였으며, 식자재를 지역 농산물로... 해소하는 시장 조력자가 될 수 있도록 지속 노력하겠다&quot;고 밝혔다. 한편 하나금융은 올해 6월말 기준으로... ",http://www.hansbiz.co.kr/news/articleView.html?idxno=850173,http://www.hansbiz.co.kr/news/articleView.html?idxno=850173,"Wed, 15 Jul 2026 08:10:00 +0900",2026-07-15 08:55:56
농업,농산물 시장,"경기도, 여름철 쌈채소 등 잔류농약 검사…111건 중 110건 '적합'","이번 점검은 여름철 기온 상승으로 농산물 소비가 증가하는 시기에 유통 농산물의 안전성을 사전에 확인하고, 잔류농약 기준을 초과한 제품의 시장 유통을 차단하는 데 의미가 있다. 특히 소비자들이 자주 구입하는... ",http://www.econonews.co.kr/news/articleView.html?idxno=441184,http://www.econonews.co.kr/news/articleView.html?idxno=441184,"Wed, 15 Jul 2026 08:00:00 +0900",2026-07-15 08:55:56
농업,농산물 시장,"정부, 신선란 추가 수입·공급","농산물은 최근 장마에도 전반적인 생육 상황에 큰 문제가 없는 것으로 파악됐다. 다만 장마 이후... 돼지고기는 출하장려금 확대에 따라 도매시장 출하량이 늘면서 도매가격이 하락했으며, 시차를 두고 소매가격에도... ",http://www.fsnews.co.kr/news/articleView.html?idxno=61572,http://www.fsnews.co.kr/news/articleView.html?idxno=61572,"Wed, 15 Jul 2026 07:50:00 +0900",2026-07-15 08:55:56
농업,농산물 시장,밭 갈아엎는 농민·상추 못주는 식당…유통 비용 줄여 모순 깬다,특히 농식품부는 농산물 온라인 도매시장의 전면 활성화를 통해 산지에서 소비지로 직접 배송하는 대안 경로를 키워 유통 단계를 1∼2단계로 대폭 축소하겠다는 전략을 제시했다. 현재 전체 도매 거래의 6% 수준인... ,https://www.yna.co.kr/view/AKR20260715016100030?input=1195m,https://n.news.naver.com/mnews/article/001/0016194887?sid=101,"Wed, 15 Jul 2026 07:43:00 +0900",2026-07-15 08:55:56
농업,농산물 시장,[오늘의 국회일정] 15일(수),"등, 농산물 도매시장의 경쟁제한적 규제 개선을 위한 정책 세미나(의원회관 제11간담회의실) 14:00 김대식 의원실, 대학혁신지원사업 성과와 지속가능한 미래 발전 방향 국회토론회(국회도서관 대강당) 14:00 서천호... ",https://www.newscj.com/news/articleView.html?idxno=3417101,https://www.newscj.com/news/articleView.html?idxno=3417101,"Wed, 15 Jul 2026 07:38:00 +0900",2026-07-15 08:55:56
농업,농산물 시장,"농촌 교회, 기후재난 속 노아의 방주가 될 생태 공동체","협력하여 농산물 가공 등 마을 경제의 가교(架橋)역할을 감당하는 상생의 모델이 절실하다. 무엇보다 농촌... 우리 농촌 교회도 예배당 안의 거룩을 넘어 들녘과 시장, 마을 회관에서 주민들과 함께 땀 흘리며 상생의 길을... ",http://www.pckworld.com/article.php?aid=11153296482,http://www.pckworld.com/article.php?aid=11153296482,"Wed, 15 Jul 2026 07:36:00 +0900",2026-07-15 08:55:56
농업,농산물 시장,“농민들 땀방울에 우리 미래 달렸다”,"박 아빠스는 ‘우리는 하느님의 협력자고, 여러분은 하느님의 밭이며 하느님의 건물입니다’(1코린 3,9)란 주제 담화에서 “국내 시장에 값싼 수입 농산물이 유입되면서 국산 농산물의 가격 하락과 농가 소득 감소로... ",https://news.cpbc.co.kr/article/1174349?division=NAVER,https://news.cpbc.co.kr/article/1174349?division=NAVER,"Wed, 15 Jul 2026 07:26:00 +0900",2026-07-15 08:55:56
농업,농산물 시장,[오늘의 국회일정](15일·수),"등, 농산물 도매시장의 경쟁제한적 규제 개선을 위한 정책 세미나(14:00 의원회관 제11간담회의실) 김대식 의원실, 대학혁신지원사업 성과와 지속가능한 미래 발전 방향 국회토론회(14:00 국회도서관 대강당) 서천호... ",https://www.yna.co.kr/view/AKR20260714168500001?input=1195m,https://n.news.naver.com/mnews/article/001/0016194859?sid=100,"Wed, 15 Jul 2026 07:00:00 +0900",2026-07-15 08:55:56
농업,농산물 시장,[미식탐험] BTS 진이 술을 빚는 이유,"지역의 농산물을 활용한 술을 전국에 알리는 데 힘쓰고 있다. 박 대표는 지역의 가치를 술이라는 매개체로 표현한 상품을 꾸준히 선보이고, 세계시장에도 내놓겠다는 포부를 밝혔다. 전통주 문화를 꿋꿋이 개척하는 젊은... ",https://www.yna.co.kr/view/AKR20260617060100542?input=1195m,https://n.news.naver.com/mnews/article/001/0016194860?sid=103,"Wed, 15 Jul 2026 07:00:00 +0900",2026-07-15 08:55:56
