industry,keyword,title,description,originallink,link,pubDate,collected_at
반도체,반도체 주가,외국인은 9월에 돌아왔는데…유가·금리가 발목 잡나,특히 지금 당장 벌어들이는 돈보다 미래 성장을 보고 현금을 대거 빌려 온 기술 기업들이 타격을 받는다. 최근 코스피를 끌어올린 반도체·인공지능(AI) 관련주가 바로 그 자리에 있다.,http://www.newskr.kr/news/articleView.html?idxno=106258,http://www.newskr.kr/news/articleView.html?idxno=106258,"Thu, 10 Sep 2026 09:50:00 +0900",2026-09-10 09:54:57
반도체,반도체 주가,'7천피' 회복 하루 만에 숨고르기…코스닥 1%대 하락,유가·美 금리 상승에 '7천피' 숨고르기 코스피는 중동 지역의 군사적 충돌 여파로 미국 증시에서 3대 주가지수가 일제히 내린 중에도 반도체 지수가 강세를 보이는 등 상방과 하방 요인이 혼재한 속에서... ,https://www.jnilbo.com/news/articleView.html?idxno=90000064130,https://www.jnilbo.com/news/articleView.html?idxno=90000064130,"Thu, 10 Sep 2026 09:49:00 +0900",2026-09-10 09:54:57
반도체,반도체 주가,SK하이닉스 ADR 7% 급등…상장 후 최고가,뱅크오브아메리카(BoA)는 SK하이닉스 ADR 투자 의견을 '매수'로 상향 조정하고 목표주가는 250달러를 제시했다. 에릭 디튼 웰스 얼라이언스 사장은 지금의 반도체 산업을 &quot;골드러시 당시의 곡괭이와 삽&quot;에 비유하며... ,https://www.fnnews.com/news/202609100945283421,https://n.news.naver.com/mnews/article/014/0005573758?sid=104,"Thu, 10 Sep 2026 09:49:00 +0900",2026-09-10 09:54:57
반도체,반도체 주가,"SK하이닉스 ADR 프리미엄, 본 주 대비 무려 40%에 달해...ADR 시총 1조400...",뱅크오브아메리카(BoA)는 SK하이닉스 ADR 투자 의견을 '매수'로 상향 조정하고 목표주가는 250달러를 제시했다. 에릭 디튼 웰스 얼라이언스 사장은 지금의 반도체 산업을 &quot;골드러시 당시의 곡괭이와 삽&quot;에 비유하며... ,http://www.beyondpost.co.kr/view.php?ud=2026091009394010472aaae0046f_30,http://www.beyondpost.co.kr/view.php?ud=2026091009394010472aaae0046f_30,"Thu, 10 Sep 2026 09:46:00 +0900",2026-09-10 09:54:57
반도체,반도체 주가,2분기 휩쓴 코스피 불장에…증권사 수수료수익 30% 넘게 증가,‘반도체 호황’으로 주식 투자 열기가 거세진 덕을 봤다. 2분기 증권사가 벌어들인 수수료수익은... 주가 상승으로 주식 관련 손익이 1108.7% 급증한 덕이다. 다만 통상 증권사는 보유 주식의 가격 변동 위험을... ,https://www.hani.co.kr/arti/economy/finance/1277111.html,https://n.news.naver.com/mnews/article/028/0002822426?sid=101,"Thu, 10 Sep 2026 09:46:00 +0900",2026-09-10 09:54:57
반도체,반도체 주가,AI 붐에 메모리 '질주'⋯반도체 매출 절반 넘었다,"인공지능(AI) 투자 확대에 힘입어 메모리 반도체가 세계 반도체 시장의 절반 이상을 차지할 것이란... 메모리 업체 주가도 강세를 보였다. 이날 마이크론은 2.8%, 샌디스크는 1.5% 올랐다. SK하이닉스 미국예탁증서(ADR)... ",http://www.inews24.com/view/2004038,https://n.news.naver.com/mnews/article/031/0001057094?sid=104,"Thu, 10 Sep 2026 09:45:00 +0900",2026-09-10 09:54:57
반도체,반도체 주가,"코스피, 개인·외국인 순매수에 7000p 회복 강세","미국 금리 인상 우려와 중동 불안정이 시장을 누르는 가운데서도, 반도체 등 AI 인프라 관련주가 상승 동력을 이끌면서 하방 경직성을 보였다. 한국거래소. 사진=한국금융경제신문 한국거래소에 따르면... ",https://www.kfenews.co.kr/news/articleView.html?idxno=664237,https://www.kfenews.co.kr/news/articleView.html?idxno=664237,"Thu, 10 Sep 2026 09:44:00 +0900",2026-09-10 09:54:57
반도체,반도체 주가,유가 부담·네 마녀의 날...개미·외국인 7000피 수성전,간밤 미국 뉴욕증시가 3거래일 연속 약세를 이어간 가운데 반도체주가 강세를 보이며 엇갈린 신호가 나온 영향으로 풀이된다. 한지영 키움증권 연구원은 &quot;메타의 에이전트 AI 뮤즈 공개에 따른 마이크론 등... ,https://www.mt.co.kr/stock/2026/09/10/2026091009340091360,https://n.news.naver.com/mnews/article/008/0005411829?sid=101,"Thu, 10 Sep 2026 09:44:00 +0900",2026-09-10 09:54:57
반도체,반도체 주가,"이재용은 1.9조에 사고, 최태원은 7000억에 지켰다…삼성·SK ‘지분의 값...","총수 개인의 대출이 늘면 이자와 원금 상환을 위한 배당 수요가 커질 수 있고, 주식담보대출을 활용하면 주가 하락에 따른 담보가치 변동 위험도 발생한다. 삼성과 SK는 인공지능 반도체 패권 경쟁의 중심에 서 있다.... ",https://www.ekn.kr/web/view.php?key=20260910027022815,https://www.ekn.kr/web/view.php?key=20260910027022815,"Thu, 10 Sep 2026 09:44:00 +0900",2026-09-10 09:54:57
반도체,반도체 주가,삼성전자·SK하이닉스 장 초반 혼조…반도체 훈풍에도 '주춤',다만 이후 주가는 하락과 상승을 오가는 모습이다. 美 반도체 훈풍에도 유가·금리 부담 두 종목이 장 초반 오르내리는 데에는 혼재된 상·하방 요인이 있어서다. 우선 오픈AI의 새 모델 '아스트라' 호재가... ,https://www.jnilbo.com/news/articleView.html?idxno=90000064127,https://www.jnilbo.com/news/articleView.html?idxno=90000064127,"Thu, 10 Sep 2026 09:44:00 +0900",2026-09-10 09:54:57
반도체,반도체 주가,美 ADR 급등에도 SK하닉 '주춤'...코스피 장 초반 '보합',간밤 미국 증시 3대 주가지수가 일제히 내렸지만 반도체 지수가 강세를 보여 코스피는 상방과 하방 요인이 혼재한 상황이다. 이날 선물·옵션 동시 만기일이라 주가 흐름이 영향을 받는 것으로 나타났다. 코스피... ,http://www.wowtv.co.kr/NewsCenter/News/Read?articleId=A202609100311&t=NN,https://n.news.naver.com/mnews/article/215/0001265488?sid=101,"Thu, 10 Sep 2026 09:43:00 +0900",2026-09-10 09:54:57
반도체,반도체 주가,"씨메스로보틱스 주가, 급등세... 왜?",사진=씨메스로보틱스 씨메스로보틱스 주가가 급등 중이다. 10일 오전 9시 41분 KRX 기준 씨메스로보틱스는 전... 미국 증시에서 메모리 반도체주와 필라델피아 반도체지수 등이 강세를 보인 점도 AI 관련주 전반의... ,https://www.ggilbo.com/news/articleView.html?idxno=1180847,https://www.ggilbo.com/news/articleView.html?idxno=1180847,"Thu, 10 Sep 2026 09:42:00 +0900",2026-09-10 09:54:57
반도체,반도체 주가,증시 활황에 증권사 2분기 순이익 5.2조 ‘역대 최대’,특히 2분기 중에 코스피는 반도체주 강세에 힘입어 사상 처음으로 9000선을 넘어서기도 했다. 주가가 급등하며 코스피 시장의 거래대금이 1분기 2775조 원에서 2분기 4438조 원으로 59.9% 증가하면서 수수료수익도... ,https://www.busan.com/view/busan/view.php?code=2026091009394761950,https://n.news.naver.com/mnews/article/082/0001397689?sid=101,"Thu, 10 Sep 2026 09:42:00 +0900",2026-09-10 09:54:57
반도체,반도체 주가,"[경제 동향] 금융위, 주택담보대출 증가...금융사별 총량관리 노력 지속","코스피는 글로벌 AI·반도체 업황 및 국내 반도체 기업의 주주환원 조치에 대한 기대 변화 등에 따라... 주가 상승 등의 영향으로 증가전환한 것으로 풀이된다. 반면, 채권형펀드는 0.7조원에서 마이너스 0.3조원으로... ",http://www.sisacast.kr/news/articleView.html?idxno=99841,http://www.sisacast.kr/news/articleView.html?idxno=99841,"Thu, 10 Sep 2026 09:40:00 +0900",2026-09-10 09:54:57
반도체,반도체 주가,이달 2000억원 몰린 美 단기채 ETF…주요국 금리 인상 우려에 서학개미...,만기가 짧아 상대적으로 주가와 금리 변동성에 덜 민감한 국채 ETF에 자금을 잠시 파킹해두려는... 이 ETF는 필라델피아 반도체 지수 일간 수익률을 3배로 좇는 SOXL(DIREXION DAILY SEMICONDUCTORS BULL 3X SHS ETF... ,https://www.chosun.com/economy/money/2026/09/10/5NCDDZ3EEZH2JES47S4RXW52HY/?utm_source=naver&utm_medium=referral&utm_campaign=naver-news,https://n.news.naver.com/mnews/article/023/0003997667?sid=101,"Thu, 10 Sep 2026 09:40:00 +0900",2026-09-10 09:54:57
반도체,반도체 주가,SK하이닉스 ADR 7% 급등…상장 후 최고가,뱅크오브아메리카(BoA)는 SK하이닉스 ADR 투자 의견을 '매수'로 상향 조정하고 목표주가는 250달러를 제시했습니다. 에릭 디튼 웰스 얼라이언스 사장은 지금의 반도체 산업을 &quot;골드러시 당시의 곡괭이와 삽&quot;에... ,https://news.sbs.co.kr/news/endPage.do?news_id=N1008746302&plink=ORI&cooper=NAVER,https://n.news.naver.com/mnews/article/055/0001387229?sid=104,"Thu, 10 Sep 2026 09:38:00 +0900",2026-09-10 09:54:57
반도체,반도체 주가,"코스피, 유가·금리 부담에 7060선 약보합 출발",8%대로 상승한 점도 증시에 부담으로 작용했다. 다만 메타의 에이전트 인공지능(AI) 공개에 따른 기대감으로 마이크론과 AMD 등 일부 반도체주가 강세를 보이면서 지수 하락폭은 제한됐다.,https://www.seoulfn.com/news/articleView.html?idxno=637639,https://www.seoulfn.com/news/articleView.html?idxno=637639,"Thu, 10 Sep 2026 09:37:00 +0900",2026-09-10 09:54:57
반도체,반도체 주가,"휴림로봇, 국민성장펀드 로봇 투자 소식에도 장중 약세…6340원서 숨고르...","로봇과 반도체, 이차전지, K-콘텐츠 등 첨단전략산업에 대규모 투자 자금을 투입하기로 하면서 로봇 관련주에 대한 정책 모멘텀이 다시 부각되고 있다. 다만 휴림로봇은 10일 장중 소폭 하락하며 최근 주가 흐름을... ",https://www.cbci.co.kr/news/articleView.html?idxno=605498,https://www.cbci.co.kr/news/articleView.html?idxno=605498,"Thu, 10 Sep 2026 09:36:00 +0900",2026-09-10 09:54:57
반도체,반도체 주가,"더코디, 범LG家 편입 기대감에 이틀째 상한가[특징주]",제3자배정 유상증자 납입이 완료되면 최대주주가 변경되는 만큼 경영권 변화와 향후 신사업 추진에 대한... 더코디는 반도체 전공정용 세정장비와 디스플레이 장비 등을 제조하는 회사다. 유상증자 납입 예정일은 오는... ,https://www.newsway.co.kr/news/view?ud=2026091009252136110,https://www.newsway.co.kr/news/view?ud=2026091009252136110,"Thu, 10 Sep 2026 09:34:00 +0900",2026-09-10 09:54:57
반도체,반도체 주가,"[EBN 데이터센터] 코스피, 장 초반 7029.21로 숨고르기...기관 매도 부담","따라 주가 차별화는 더욱 심화하는 흐름이다. 투자자들은 지수 방향성보다는 기관 수급 변화와 반도체 대형주의 낙폭 축소 여부, 그리고 코스닥 급등락 종목으로 번지는 변동성 확대를 함께 살필 필요가 있다.... ",https://www.ebn.co.kr/news/articleView.html?idxno=1723711,https://www.ebn.co.kr/news/articleView.html?idxno=1723711,"Thu, 10 Sep 2026 09:34:00 +0900",2026-09-10 09:54:57
반도체,반도체 산업,"최태원 SK 회장, 울산서 AX 실행 점검…&quot;AI 풀스택&quot; 현장 확인","SK그룹은 반도체를 출발점으로 AI 데이터센터·에너지·서비스 인프라를 갖추고, 이를 실제 산업 현장에 적용하는 제조 AX까지 이어지는 밸류체인을 구축하는 'AI 풀스택 프로바이더' 전략을 추진해 왔다. 최 회장은... ",http://www.ftoday.co.kr/news/articleView.html?idxno=365164,http://www.ftoday.co.kr/news/articleView.html?idxno=365164,"Thu, 10 Sep 2026 09:54:00 +0900",2026-09-10 09:54:57
반도체,반도체 산업,"서울 AI 허브, 캐나다 센테크와 AI 스타트업 북미 진출 지원 '맞손'","다미앙 페레이라 주한퀘벡정부대표부 대표는 &quot;퀘벡과 한국은 항공우주, 양자, 바이오, 반도체 등 다양한 분야에서 협력하고 있다&quot;며 &quot;AI는 이러한 산업의 혁신을 이끄는 핵심 기반 기술인 만큼 이번 협력을 통해 양국의... ",https://www.epnc.co.kr/news/articleView.html?idxno=406783,https://www.epnc.co.kr/news/articleView.html?idxno=406783,"Thu, 10 Sep 2026 09:54:00 +0900",2026-09-10 09:54:57
반도체,반도체 산업,"금호건설, 주차복합·복합개발·첨단산업 잇단 수주",금호건설은 AI·반도체 등 첨단산업 투자 확대에 따라 관련 생산시설과 인프라 건설 수요도 증가할 것으로 보고 첨단산업시설 수주를 확대할 계획이다. 호남권에서 추진되는 관련 사업에도 적극 대응한다는... ,https://www.bizwork.co.kr/news/articleView.html?idxno=419038,https://www.bizwork.co.kr/news/articleView.html?idxno=419038,"Thu, 10 Sep 2026 09:54:00 +0900",2026-09-10 09:54:57
반도체,반도체 산업,최태원 SK 회장 'AI 풀스택' 현장으로…울산서 데이터센터·제조 AX 점검,"SK그룹이 추진하는 'AI 풀스택 프로바이더' 전략은 AI 반도체에서 데이터센터, 에너지, 서비스, 산업 현장의 AX까지 AI 밸류체인 전반을 아우르는 것이 핵심이다. 반도체를 출발점으로 AI 데이터센터와 에너지 등... ",https://www.ebn.co.kr/news/articleView.html?idxno=1723723,https://www.ebn.co.kr/news/articleView.html?idxno=1723723,"Thu, 10 Sep 2026 09:54:00 +0900",2026-09-10 09:54:57
반도체,반도체 산업,"영남대 새마을학 교육외교, 한-베 산업·경제협력으로 확장","핵심 프로그램인 학술세션은 4개 세미나실에서 8개 세션으로 나뉘어 열렸으며, 양국 교수와 연구진이 반도체와 AI, 양자기술, 로보틱스, 미래 모빌리티, 녹색성장, 스마트농업 등 미래 산업 분야와 지속가능발전 의제를... ",https://www.kukinews.com/article/view/kuk202609100042,https://www.kukinews.com/article/view/kuk202609100042,"Thu, 10 Sep 2026 09:54:00 +0900",2026-09-10 09:54:57
반도체,반도체 산업,"최태원, 울산 데이터센터 찾아 현장경영…AI 풀스택 점검","반도체를 출발점으로, AI 데이터센터·에너지·서비스를 아우르는 인프라를 갖추고 이를 실제 산업 현장에 적용하는 제조 AX까지 이어지는 밸류체인을 구축하겠다는 전략이다. SK그룹 관계자는 &quot;SK그룹의 AX... ",https://www.g-enews.com/view.php?ud=20260910094943782727fa31d75c_1,https://www.g-enews.com/view.php?ud=20260910094943782727fa31d75c_1,"Thu, 10 Sep 2026 09:54:00 +0900",2026-09-10 09:54:57
반도체,반도체 산업,"테라뷰 주가, 급등세... 무슨 회사길래?","테라뷰는 테라헤르츠 기술을 반도체와 자동차, 배터리 등 다양한 산업의 검사 공정에 적용하는 것을 주요 사업으로 하고 있으며, 자회사 TeraView Ltd를 통해 관련 장비의 개발과 공급을 추진하고 있다.",https://www.ggilbo.com/news/articleView.html?idxno=1180851,https://www.ggilbo.com/news/articleView.html?idxno=1180851,"Thu, 10 Sep 2026 09:52:00 +0900",2026-09-10 09:54:57
반도체,반도체 산업,“아파트 못 사니 4억 빌라라도?”… 전문가 “구축은 절대 안 돼 [잘살...,"서울 출퇴근이 사실상 어려운 거리임에도 시세가 크게 오른 이유는 반도체 벨트라는 확실한 자체 일자리가... 지식산업센터도 투자 가치가 높다고 볼 수 있나? “가산, 구로, 성수, 당산, 문정 등 서울 내 지식산업센터는... ",https://www.segye.com/newsView/20260904513176?OutUrl=naver,https://n.news.naver.com/mnews/article/022/0004157913?sid=101,"Thu, 10 Sep 2026 09:52:00 +0900",2026-09-10 09:54:57
반도체,반도체 산업,"[신윤우의 외환분석] 불붙은 유가, 뛰는 금리가 만드는 상승풍",다우존스30산업평균지수가 0.77% 밀렸고 S&amp;P500지수와 나스닥종합지수는 각각 0.48%와 0.64% 하락했다. 반면 필라델피아 반도체지수는 0.37% 올랐다. 수출기업들이 꾸준히 내놓는 달러 매도 물량은 달러-원 오름세를... ,https://news.einfomax.co.kr/news/articleView.html?idxno=4434227,https://news.einfomax.co.kr/news/articleView.html?idxno=4434227,"Thu, 10 Sep 2026 09:52:00 +0900",2026-09-10 09:54:57
반도체,반도체 산업,"코오롱인더스트리, 김천공장에 mPPO 생산시설 준공… “차세대 전자소재...","고속·대용량 데이터 처리가 요구되는 첨단 전자산업에서 수요가 늘고 있다. 회로기판(PCB)은 반도체와 부품 간 전기 신호를 전달하는 핵심 부품이며, 동박적층판(CCL)은 PCB의 핵심 소재로 전기 신호의 손실과 발열을... ",https://www.kbmaeil.com/article/20260910500065,https://www.kbmaeil.com/article/20260910500065,"Thu, 10 Sep 2026 09:52:00 +0900",2026-09-10 09:54:57
반도체,반도체 산업,"최태원 SK그룹 회장, AX 현장경영… 국내 현황 점검","반도체를 출발점으로, AI 데이터센터·에너지·서비스를 아우르는 인프라를 갖추고 이를 실제 산업 현장에 적용하는 제조 AX까지 이어지는 밸류체인을 구축하겠다는 전략이다. SK그룹 관계자는 &quot;SK그룹의 AX... ",http://www.efnews.co.kr/news/articleView.html?idxno=132285,http://www.efnews.co.kr/news/articleView.html?idxno=132285,"Thu, 10 Sep 2026 09:52:00 +0900",2026-09-10 09:54:57
반도체,반도체 산업,SKY 수시 경쟁률 반전...의대 떨어지고 반도체 계약학과 올랐다,반도체 산업 호황이 지속되면서 최상위권 학생들이 삼성전자·SK하이닉스 반도체계약학과로 몰리고 있다. 10일 종로학원에 따르면 2027학년도 수시모집에서 서울대·연세대·고려대 반도체 계약학과 지원자... ,https://www.mt.co.kr/policy/2026/09/10/2026091009431458499,https://n.news.naver.com/mnews/article/008/0005411844?sid=102,"Thu, 10 Sep 2026 09:50:00 +0900",2026-09-10 09:54:57
반도체,반도체 산업,"SK하이닉스 ADR 7% 상승, 상장 후 최고가…&quot;AI 메모리 수요 확대&quot;","BoA는 AI 확산에 따른 메모리 반도체 수요 증가로 SK하이닉스에 대한 투자의견을 '매수(Buy)'로 상향하고... 지정학적 긴장이 고조되면서 S&amp;P500지수는 0.3%, 나스닥지수는 0.4%, 다우존스30산업평균지수는 0.7% 하락했다.",https://www.newsis.com/view/NISX20260910_0003783754,https://n.news.naver.com/mnews/article/003/0014181354?sid=104,"Thu, 10 Sep 2026 09:50:00 +0900",2026-09-10 09:54:57
반도체,반도체 산업,"현대엔지니어링, 신호남 복합발전소 건설사업 우선협상대상자 선정","해당 발전소는 국가 첨단산업의 핵심인 용인 반도체 클러스터에 전력과 열에너지를 공급하는 중추적 역할을 맡게 된다. 반도체 생산 공정은 정밀한 온·습도 관리가 필수적인 만큼, 현대엔지니어링은 그간 축적한... ",https://www.businesskorea.co.kr/news/articleView.html?idxno=276596,https://www.businesskorea.co.kr/news/articleView.html?idxno=276596,"Thu, 10 Sep 2026 09:50:00 +0900",2026-09-10 09:54:57
반도체,반도체 산업,"현대엔지니어링, 용인·신호남 발전사업 우협 선정…2.4조 규모",현대엔지니어링은 이번 사업을 통해 수도권과 호남권 주요 산업 거점에서 발전사업 수행 기반을 확보했다. 향후 용인 반도체 클러스터 내 추가 열병합발전 사업과 여수 지역 집단에너지·발전 인프라 사업 등 인근... ,https://www.socialvalue.kr/news/view/1065572651955566,https://www.socialvalue.kr/news/view/1065572651955566,"Thu, 10 Sep 2026 09:50:00 +0900",2026-09-10 09:54:57
반도체,반도체 산업,'의대 대신 삼전·SK 간다'…최상위권 이과생 반도체 쏠림 뚜렷,입시 업계는 이러한 현상의 원인을 반도체 산업에 대한 선호도 증가와 의대 분산 지원 트렌드에서 찾고 있다. 임성호 종로학원 대표는 최상위권 학생들이 무리한 소신 지원보다는 안정적인 합격을 택하는 경향이... ,https://www.widedaily.com/news/articleView.html?idxno=300878,https://www.widedaily.com/news/articleView.html?idxno=300878,"Thu, 10 Sep 2026 09:50:00 +0900",2026-09-10 09:54:57
반도체,반도체 산업,"SK하이닉스, 타이트한 수자원 관리로 지난해 하루 평균 17만톤 용수 절감",청주사업장에서는 2023년 국내 반도체 업계 최초로 외부 하수처리 재이용수를 도입해 이미 사용·처리된 물을 산업용수로 다시 활용 중이다. SK하이닉스는 취수부터 사용·재이용·방류까지 모든 과정에서 수자원... ,https://www.womentimes.co.kr/news/articleView.html?idxno=106092,https://www.womentimes.co.kr/news/articleView.html?idxno=106092,"Thu, 10 Sep 2026 09:50:00 +0900",2026-09-10 09:54:57
반도체,반도체 산업,"SK하이닉스, 하루 17만톤 물 아꼈다…2030년 누적 6억톤 목표",청주사업장은 2023년 국내 반도체 업계 최초로 외부 하수처리 재이용수를 도입해 처리된 물을 산업용수로 다시 활용하고 있다. 취수부터 사용·재이용·방류까지 전 과정에 걸친 수자원 관리도 강화하고 있다. 폐수... ,https://www.mt.co.kr/industry/2026/09/10/2026091008385631062,https://n.news.naver.com/mnews/article/008/0005411845?sid=101,"Thu, 10 Sep 2026 09:50:00 +0900",2026-09-10 09:54:57
반도체,반도체 산업,"[비즈+]현대엔지니어링, 에너지사업 분야 두각…2.4조 용인·신호남 발전...","반도체 제조 공정은 미세한 온도 및 습도 조절을 위한 고순도 증기와 전력이 24시간 필수적인 만큼, 이번 수주는 회사의 첨단 산업 시설 이해도와 에너지 플랜트 기술력을 동시에 인정받은 결과로 풀이된다. 전남... ",https://www.businessplus.kr/news/articleView.html?idxno=116644,https://www.businessplus.kr/news/articleView.html?idxno=116644,"Thu, 10 Sep 2026 09:50:00 +0900",2026-09-10 09:54:57
반도체,HBM 시장,"中 CXMT, 2분기 매출 99.3%↑ D램 글로벌 톱4 진입⋯삼성·SK·마이크론 ...",CXMT는 중국 AI 칩 공급업체를 대상으로 HBM3 생산을 준비하고 있는 것으로 알려졌으며 미국 시장 진출도 모색하고 있는 것으로 전해진다. 향후 CXMT가 글로벌 DRAM 시장에서 어느 정도까지 성장할 수 있을지... ,https://www.epnc.co.kr/news/articleView.html?idxno=406784,https://www.epnc.co.kr/news/articleView.html?idxno=406784,"Thu, 10 Sep 2026 09:50:00 +0900",2026-09-10 09:54:58
반도체,HBM 시장,"류중희 &quot;70, 80% 일은 사람 손가락 필요&quot;…현장 투입된 AI의 정체는? ('A...","이에 따라 GPU와 HBM뿐만 아니라 D램, 낸드플래시 같은 범용메모리의 수요가 함께 증가하는 추세다. 범용메모리는 AI가 긴 대화의 맥락을 기억하고 작업을 지속적으로 처리하는 데 필수적인 역할을 한다. 반도체 시장의... ",https://mhnse.com/news/articleView.html?idxno=1534112,https://m.entertain.naver.com/article/445/0000462078,"Thu, 10 Sep 2026 09:45:00 +0900",2026-09-10 09:54:58
반도체,HBM 시장,"반도체 일군 사업보국·모빌리티 이끈 인본주의… K야성, 또 한번 뛰자!...",삼성전자는 이 창업회장의 ‘사업보국’ ‘제일주의’ 철학과 ‘마누라와 자식 빼고 다 바꾸라’며 삼성을 초일류 기업으로 도약시킨 이건희 선대회장의 철학을 고대역폭메모리(HBM)와 인공지능(AI) 반도체 시장의... ,https://www.munhwa.com/article/11615942?ref=naver,https://n.news.naver.com/mnews/article/021/0002817714?sid=101,"Thu, 10 Sep 2026 09:35:00 +0900",2026-09-10 09:54:58
반도체,HBM 시장,메모리 품귀에 날개 단 SK하이닉스…ADR 7% 급등하며 상장 후 최고가,시장 일각에서는 메모리 반도체 재고가 10일분 아래로 떨어졌다는 분석도 나오고 있다. 공급은 빠듯한 반면 인공지능(AI)용 고대역폭메모리(HBM)를 비롯한 고성능 메모리 수요는 계속 늘면서 업황 강세가 장기화할 수... ,https://www.joongang.co.kr/article/25460657,https://n.news.naver.com/mnews/article/025/0003550402?sid=101,"Thu, 10 Sep 2026 09:31:00 +0900",2026-09-10 09:54:58
반도체,HBM 시장,"한컴, AI 매출 135억 다음은 '구축형 AX'…SW·NPU 묶어 수익모델 넓힌다","방식으로 시장을 넓혀왔고, 최근에는 여러 AI 모델과 기업 데이터, 업무시스템을 연결하고 에이전트를... 48GB HBM3·180W RNGD 결합…AI 추론비용 낮출 카드 한컴이 구축형 AX 사업의 파트너로 선택한 퓨리오사AI의 RNGD는... ",https://www.upkoreanews.kr/news/articleView.html?idxno=100159,https://www.upkoreanews.kr/news/articleView.html?idxno=100159,"Thu, 10 Sep 2026 09:22:00 +0900",2026-09-10 09:54:58
반도체,HBM 시장,"이노메트리, 폴더블폰 CT 검사장비 공급 확대…글로벌 고객사 공략","모바일·IT 시장 공략을 확대한다. 10일 업계에 따르면 이노메트리의 폴더블폰용 CT 비파괴검사장비 '폴드뷰... 최근에는 이를 기반으로 고대역폭메모리(HBM), 유리관통전극(TGV) 등 반도체·첨단산업 검사 분야로 사업을... ",https://www.etnews.com/20260910000033,https://n.news.naver.com/mnews/article/030/0003465400?sid=105,"Thu, 10 Sep 2026 09:21:00 +0900",2026-09-10 09:54:58
반도체,HBM 시장,HBM 넘어 D램·낸드까지 '품귀'…SK하이닉스 ADR 최고가,SK하이닉스는 글로벌 HBM 시장에서 선두권을 유지하고 있으며 AI 인프라 투자 확대에 맞춰 미국 내 첨단 메모리 생산과 패키징 투자도 확대하고 있다. 회사는 AI발 메모리 수요가 장기간 이어질 것으로 보고 2029년부터... ,https://www.newsquest.co.kr/news/articleView.html?idxno=300628,https://www.newsquest.co.kr/news/articleView.html?idxno=300628,"Thu, 10 Sep 2026 09:20:00 +0900",2026-09-10 09:54:58
반도체,HBM 시장,삼성전자·SK하이닉스 내리는데…반도체 장비주는 줄줄이 상승랠리,글로벌 반도체 업황에 대한 불확실성과 고대역폭메모리(HBM) 시장의 경쟁 심화 우려가 투자심리에 부담을 준 것으로 풀이된다. 반면 중소형 반도체 장비주 가운데서는 개별 호재를 앞세운 종목들이 강세를 보였다.... ,https://www.pinpointnews.co.kr/news/articleView.html?idxno=485668,https://www.pinpointnews.co.kr/news/articleView.html?idxno=485668,"Thu, 10 Sep 2026 09:20:00 +0900",2026-09-10 09:54:58
반도체,HBM 시장,"'PLUS 글로벌HBM반도체' ETF, 1개월 수익률 11.67%",삼성전자와 SK하이닉스를 통해 국내 메모리 산업의 경쟁력에 투자하는 동시에 마이크론을 통해 미국 HBM·D램 시장의 성장 기회를 담는다. 여기에 샌디스크를 편입해 낸드플래시와 데이터 저장장치까지 투자 영역을... ,https://view.asiae.co.kr/article/2026091009143627497,https://n.news.naver.com/mnews/article/277/0005814378?sid=101,"Thu, 10 Sep 2026 09:14:00 +0900",2026-09-10 09:54:58
반도체,HBM 시장,"SK하이닉스 ADR 7% 급등, 198.63달러 … 상장 후 최고가",최근 주가 상승에도 AI용 고대역폭메모리(HBM)를 포함한 메모리 수급 여건이 당분간 우호적일 것이라는... 이에 따라 SK하이닉스 ADR도 글로벌 메모리 업황을 반영하는 주요 종목으로 시장의 관심을 받고 있는... ,https://www.newdaily.co.kr/site/data/html/2026/09/10/2026091000046.html,https://www.newdaily.co.kr/site/data/html/2026/09/10/2026091000046.html,"Thu, 10 Sep 2026 09:08:00 +0900",2026-09-10 09:54:58
반도체,HBM 시장,"곽동신 한미반도체 회장, 자사주 7억 더 산다",주력 제품은 고대역폭메모리(HBM) 생산 공정에 사용되는 TC 본더다. 회사는 TC 본더와 MSVP(마이크로 쏘... 미국 시장 공략도 강화한다. 한미반도체는 올해 말 미국 캘리포니아 산호세에 현지 법인 '한미USA'를 설립할... ,http://www.hansbiz.co.kr/news/articleView.html?idxno=863960,http://www.hansbiz.co.kr/news/articleView.html?idxno=863960,"Thu, 10 Sep 2026 09:02:00 +0900",2026-09-10 09:54:58
반도체,HBM 시장,한화證 &quot;답변 넘어 업무까지…아스트라 계기로 메모리 수요 폭증&quot;,"박 연구원은 &quot;기존 생성형 AI 시장에서는 사용자 수와 질문 횟수가 주요 변수였지만, 에이전트 시대에는 각... 이어 &quot;현재 사용하는 데이터는 HBM에 두고, 곧 다시 사용할 데이터는 서버 D램, 장기간 보관할 원본 자료와... ",https://www.news1.kr/finance/general-stock/6285725,https://n.news.naver.com/mnews/article/421/0009161922?sid=101,"Thu, 10 Sep 2026 09:01:00 +0900",2026-09-10 09:54:58
반도체,HBM 시장,미국 반도체주만 강세…중동 악화에 유가와 금리 불안,고대역 HBM 반도체와 서버용 CPU 수요가 늘어날 거라는 기대가 커졌다. 전쟁이 격화되는 상황에서도 실적... 미국 국채는 세계 금융시장에서 매일 1조달러 가량 거래되고 있는데 이 정도 규모로 금리안정이 되겠냐는... ,https://www.koreareport.co.kr/news/articleView.html?idxno=52801,https://www.koreareport.co.kr/news/articleView.html?idxno=52801,"Thu, 10 Sep 2026 08:36:00 +0900",2026-09-10 09:54:58
반도체,HBM 시장,"[모닝 리포트] &quot;큐알티, HBM 신뢰성 평가 수요 확대&quot;","고대역폭메모리(HBM) 등 차세대 반도체 개발에 따른 신뢰성 평가 수요 증가와 우주·방산, 유리기판 사업... 통상 비수기인 1분기를 지나 2~3분기에 실적이 개선되는 흐름과 달리 올해는 매출액과 영업이익이 모두 시장... ",https://www.newspim.com/news/view/20260910000087,https://www.newspim.com/news/view/20260910000087,"Thu, 10 Sep 2026 08:36:00 +0900",2026-09-10 09:54:58
반도체,HBM 시장,[어제장 오늘장] 코스피 33거래일 만에 ‘7천’ 탈환…유가·금리 악재에...,유가증권시장에서 기관이 9422억 원 순매수한 반면 외국인과 개인투자자는 순매도했습니다. 외국인 4거래일... 특히 HBM의 경우 디램을 수직으로 쌓은 뒤에 칩과 칩 사이에 폴리머 소재를 넣어서 고정하는데요. 습도... ,https://biz.sbs.co.kr/article_hub/20000333800?division=NAVER,https://n.news.naver.com/mnews/article/374/0000532152?sid=101,"Thu, 10 Sep 2026 08:35:00 +0900",2026-09-10 09:54:58
반도체,HBM 시장,AGI 시대 성큼…'아스트라'가 바꾼 반도체 수요 공식,이로인해 AI 업체의 매출 성장과 추가 컴퓨팅 자원 확보가 맞물리면서 HBM·서버 D램·eSSD의 장기 수요 기대도 높아질 것으로 전망했다. 시장에서는 반도체주를 중심으로 이러한 기대가 반영되는 모습이다. 8일... ,https://dealsite.co.kr/articles/168654,https://dealsite.co.kr/articles/168654,"Thu, 10 Sep 2026 08:22:00 +0900",2026-09-10 09:54:58
반도체,HBM 시장,[박정식의 국내 주식시황] 유가·금리 부담에 박스권 장세…반도체·2차...,"여기에 미 재무부의 장기 국채 바이백 확대 규모가 시장 기대에 미치지 못하면서 국채금리 상승 부담도... 30%) 강세 영향으로 반도체 대표주, 반도체 장비, 반도체 재료·부품, 반도체 기판, HBM, CXL, 시스템반도체 등... ",https://www.newsquest.co.kr/news/articleView.html?idxno=300616,https://www.newsquest.co.kr/news/articleView.html?idxno=300616,"Thu, 10 Sep 2026 08:20:00 +0900",2026-09-10 09:54:58
반도체,HBM 시장,"오픈AI, 삼성과 '차세대 AI칩' 공동 개발·생산 협력…HBM 넘어 보폭 넓...",오픈AI와 삼성전자의 인공지능(AI) 반도체 협력이 고대역폭메모리(HBM) 등 메모리 공급을 넘어 차세대 AI칩... 한국 시장에서 오픈AI의 기업용 서비스 이용도 빠르게 증가하고 있다. 오픈AI에 따르면 지난 8월 말 기준 국내... ,https://www.pinpointnews.co.kr/news/articleView.html?idxno=485622,https://www.pinpointnews.co.kr/news/articleView.html?idxno=485622,"Thu, 10 Sep 2026 08:16:00 +0900",2026-09-10 09:54:58
반도체,파운드리 수주,[로드픽] 팔란티어·네비우스 'AI 주권'… 실효성 가르는 계약 조건과 전...,팔란티어는 AIP·온톨로지·파운드리·아폴로를 기반으로 접근 권한 관리와 이용 환경 격리 기능을... 이는 이번 팔란티어 제휴의 수주금액과 구분해야 한다. 이러한 조달 구조에서는 기존 고객 계약의 현금흐름... ,http://www.newsroad.co.kr/news/articleView.html?idxno=64063,http://www.newsroad.co.kr/news/articleView.html?idxno=64063,"Thu, 10 Sep 2026 07:26:00 +0900",2026-09-10 09:54:59
반도체,파운드리 수주,[中 거인의 공급망] ②반도체 검측 장비 '정측전자' 없으면 'CXMT'도 없다,"SZ)의 영업수익은 시장 환경 개선과 수주 금액 증가에 힘입어, 18억1200만 위안으로 전년 동기 대비 31.2... 1~2위 파운드리 SMIC(中芯國際∙중신궈지 688981.SH/0981.HK)와 화훙그레이스(華虹宏力∙HUAHONG GRACE 688347.SH/1347.HK... ",https://www.newspim.com/news/view/20260909001061,https://www.newspim.com/news/view/20260909001061,"Thu, 10 Sep 2026 07:00:00 +0900",2026-09-10 09:54:59
반도체,파운드리 수주,"삼성전자, TSMC와 격차 더 벌어졌다… 中과 단 0.5%p차",업계에서는 최근 테슬라와 엔비디아 등 주요 빅테크 업체들과 맺은 파운드리 수주 효과가 내년부터 나타날 것으로 보고 있다. 여기에 미국 테일러 파운드리 공장이 연내 가동하면 점유율을 빠르게 끌어올릴... ,https://www.dt.co.kr/article/12083114?ref=naver,https://n.news.naver.com/mnews/article/029/0003047173?sid=101,"Wed, 09 Sep 2026 18:40:00 +0900",2026-09-10 09:54:59
반도체,파운드리 수주,2분기 파운드리 시장 11% 성장…삼성 점유율 소폭 하락,삼성전자는 자사 고대역폭메모리(HBM)용 베이스다이를 생산하고 빅테크 수주도 늘리며 2분기 파운드리 매출 32억 6000만 달러를 달성했다. 하지만 전분기 대비 1.8% 느는 데 그쳐 전체 시장의 성장률을 따라가지... ,https://www.sedaily.com/article/20089123?ref=naver,https://n.news.naver.com/mnews/article/011/0004660273?sid=101,"Wed, 09 Sep 2026 18:25:00 +0900",2026-09-10 09:54:59
반도체,파운드리 수주,"[재계 투데이] 삼성전자, 미스트랄 AI와 반도체 AI 협력 外","삼성전자는 협력 범위를 메모리·파운드리·로직 등 DS부문 전반으로 확대하고 향후 고객·파트너사와... 패키지 서브스트레이트 분야에서는 RF-SiP와 FC-CSP 기판, 솔더볼 간격을 기존 대비 약 20% 수준으로 줄인 Cu-Post... ",https://news.dealsitetv.com/articles/175818,https://news.dealsitetv.com/articles/175818,"Wed, 09 Sep 2026 18:12:00 +0900",2026-09-10 09:54:59
반도체,파운드리 수주,AI·미세공정·패키징 총력… 삼성 '반도체 초격차' 재건 나선다,메모리와 파운드리뿐 아니라 패키징까지 함께 제공할 수 있는 역량이 수주 경쟁의 핵심 요소로 부상하는 배경이다.삼성전자는 메모리·파운드리·첨단 패키징을 모두 자체적으로 보유하고 있다는 점을 차별화... ,https://www.asiatoday.co.kr/kn/view.php?key=20260910010003706,https://www.asiatoday.co.kr/kn/view.php?key=20260910010003706,"Wed, 09 Sep 2026 18:02:00 +0900",2026-09-10 09:54:59
반도체,파운드리 수주,"오픈AI, 삼성과 차세대칩 공동 연구…한국 반도체 'HBM 넘어 파운드리' ...",다만 오픈AI의 1세대 자체칩 생산은 대만 TSMC가 맡고 있어 삼성전자가 실제 파운드리 수주까지 확보할 수 있을지가 다음 관전 포인트다. 9일 오후 로이터에 따르면 오픈AI는 자체칩 개발 과정에서 삼성전자와... ,https://sateconomy.co.kr/news/view/1065603409812065,https://sateconomy.co.kr/news/view/1065603409812065,"Wed, 09 Sep 2026 18:00:00 +0900",2026-09-10 09:54:59
반도체,파운드리 수주,CPU 수요 폭발에 미소 짓는 인텔…차세대 노광기술서도 첫 결실 [마켓무...,파운드리 부활을 선언한 인텔의 노력이 수치로 처음 확인된 셈이다. ASML이 전 세계에서 독점 생산하는 고개구수극자외선 노광장비는 현재 0.33 수준인 EUV 개구수(NA)를 0.55까지 높여 더 미세한 회로를 구현할 수 있는... ,https://www.sedaily.com/article/20089083?ref=naver,https://n.news.naver.com/mnews/article/011/0004660245?sid=104,"Wed, 09 Sep 2026 17:52:00 +0900",2026-09-10 09:54:59
반도체,파운드리 수주,"가동 전부터 2나노 '풀캐파'…삼성 美 테일러 팹, TSMC 추격 시동",테일러 팹의 초기 생산능력은 웨이퍼 투입 기준 월 5만장 수준으로 추산된다. 삼성전자는 테일러 팹을 2나노 중심의 첨단 파운드리 생산 거점으로 활용할 계획이다. 앞서 삼성전자가 선단공정 수주 확대를 전망했던... ,http://www.metroseoul.co.kr/article/20260909500432,http://www.metroseoul.co.kr/article/20260909500432,"Wed, 09 Sep 2026 16:22:00 +0900",2026-09-10 09:54:59
반도체,파운드리 수주,"오픈AI·삼성, 반도체·AI 동맹 확대…차세대칩 협력 시","다만 어떤 종류의 반도체를 대상으로 하는지, 삼성전자가 설계·메모리·파운드리 가운데 어떤 역할을... 자체칩 수주로 해석하기에는 이르다. 향후 양사가 공개할 구체적인 반도체 협력 범위가 글로벌 AI칩 공급망의... ",https://www.mstoday.co.kr/news/articleView.html?idxno=102554,https://www.mstoday.co.kr/news/articleView.html?idxno=102554,"Wed, 09 Sep 2026 16:18:00 +0900",2026-09-10 09:54:59
반도체,파운드리 수주,탈주택 나선 건설사들…성적표는 '극과 극',삼성전자 평택캠퍼스와 미국 텍사스 테일러 파운드리공장 등 반도체 생산시설을 비롯해 국내 대형 데이터센터와 플랜트사업을 잇달아 수주하며 비주거분야 경쟁력을 확보했다. 반면 주택브랜드 래미안에 대한... ,http://www.inews24.com/view/2003657,https://n.news.naver.com/mnews/article/031/0001056891?sid=101,"Wed, 09 Sep 2026 15:52:00 +0900",2026-09-10 09:54:59
반도체,파운드리 수주,"한미반도체 24만8500원, 1%대 상승…장중 25만7000원까지 올라",이 가운데 일부 제품은 이미 글로벌 파운드리와 후공정(OSAT) 업체에 양산용으로 공급되고 있다. 2.5D... 글로벌 반도체 공급망과 국내 메모리 업체들의 투자 전략이 바뀔 경우 장비업체의 수주 환경에도 영향을 줄... ,https://www.job-post.co.kr/news/articleView.html?idxno=226847,https://www.job-post.co.kr/news/articleView.html?idxno=226847,"Wed, 09 Sep 2026 14:30:00 +0900",2026-09-10 09:54:59
반도체,파운드리 수주,"한국전력기술-인애이블퓨전, 핵융합 발전 사업 협력 추진",특히 다각화된 설계를 실증로로 변환하는 '파운드리' 체계와 자체 엔지니어링 플랫폼을 보유하고 있다.... 민간 기업의 협업이 차세대 에너지 인프라 구축 기간을 단축하고 해외 수주 가능성을 높일 것으로 예상하고 있다.,https://www.polinews.co.kr/news/articleView.html?idxno=742616,https://www.polinews.co.kr/news/articleView.html?idxno=742616,"Wed, 09 Sep 2026 14:07:00 +0900",2026-09-10 09:54:59
반도체,파운드리 수주,"메모리·비메모리 다 잡는다... SFA반도체, AI 반도체 물량 증가로 턴어...",AI 반도체에 필요한 후공정(OSAT) 패키징과 테스트 수요가 늘어나는 가운데 파운드리 수주 확대와 반도체 설계자산(IP) 국산화에 대한 기대도 관련주에 영향을 주고 있다. 첨단 패키징과 테스트 장비를 공급하는 후공정... ,https://www.pinpointnews.co.kr/news/articleView.html?idxno=485406,https://www.pinpointnews.co.kr/news/articleView.html?idxno=485406,"Wed, 09 Sep 2026 13:54:00 +0900",2026-09-10 09:54:59
반도체,파운드리 수주,삼성전자 주가 재평가 조건은⋯“파운드리ㆍ주주환원이 관건” [찐코노...,"파운드리 사업이 단기적으로 흑자로 돌아서는 데 그친다면 주가 반응 역시 일시적일 가능성이 크고, 실제 수주와 고객사 확대까지 이어져야 시장의 평가가 달라질 수 있다고 봤다. 이 과정에서는 AI 투자 사이클의 지속... ",https://www.etoday.co.kr/news/view/2623554,https://www.etoday.co.kr/news/view/2623554,"Wed, 09 Sep 2026 13:36:00 +0900",2026-09-10 09:54:59
반도체,파운드리 수주,삼성은 AI·한화는 6833억 함정…포스코는 창사 첫 파업,"해외 수주와 현지화로 모였다. 삼성전자는 반도체 설계·제조에 특화된 자체 AI 개발에 나서는 동시에... 삼성전자는 이 AI를 데이터 분석과 결함 예측, 공정 최적화 등에 단계적으로 적용한 뒤 메모리와 파운드리... ",https://sateconomy.co.kr/news/view/1065579549264176,https://sateconomy.co.kr/news/view/1065579549264176,"Wed, 09 Sep 2026 11:30:00 +0900",2026-09-10 09:54:59
반도체,파운드리 수주,"DB하이텍, 세계 최초 '8인치 SiC 파운드리' 턴키 구축… 2027년 양산",6인치에서 8인치로의 전환 국면에서 일괄 양산 체제를 세계 최초로 선점함으로써 폭발적으로 성장하는 글로벌 전기차 및 에너지 시장의 파운드리 수주 경쟁에서 확고한 우위를 점할 것이라는 평가다. DB하이텍... ,https://www.mediapen.com/news/view/1122251,https://www.mediapen.com/news/view/1122251,"Wed, 09 Sep 2026 10:02:00 +0900",2026-09-10 09:54:59
반도체,파운드리 수주,화학·건설·보험株 주목…실적 전망 ‘껑충’,향후 1.4나노 선단 파운드리 공정까지 적용을 확대해 시스템반도체 수주 경쟁력 강화로 이어질지가 핵심 투자 관전 포인트로 꼽힌다. [주식투자자 참고 뉴스] 4. “물 들어오니 곳곳서 빨대만”…325조 쥐고도 M&amp;A... ,https://www.sedaily.com/article/20088766?ref=naver,https://n.news.naver.com/mnews/article/011/0004660003?sid=101,"Wed, 09 Sep 2026 10:01:00 +0900",2026-09-10 09:54:59
반도체,파운드리 수주,"DS투자證, &quot;DB하이텍, 수요가 생산능력 2배⋯가격 인상에 실적↑&quot;",이 연구원은 &quot;DB하이텍의 파운드리 별도 영업이익률은 2분기 약 30%를 기록했으며 3분기부터는 인건비 등... 그러면서 &quot;현재 고객 수요가 생산능력(CAPA)의 약 두 배에 달해 수주잔고가 지속 증가하고 있으며 인공지능... ,https://www.etoday.co.kr/news/view/2623350,https://www.etoday.co.kr/news/view/2623350,"Wed, 09 Sep 2026 08:12:00 +0900",2026-09-10 09:54:59
반도체,파운드리 수주,[GAM]억만장자 테퍼 메모리 칩 '피크' 베팅 ② AI 생태계 무게 중심 대이...,단위의 수주 계약을 체결하고 선지급금을 손에 쥔다. 메모리 단가가 하락해 관련 업체의 수익성이 악화되는 시기에도 TSMC는의 파운드리 가동률과 브로드컴의 설계 수수료 매출은 방어된다는 얘기다. GPU 중심에서 AI... ,https://www.newspim.com/news/view/20260908000706,https://www.newspim.com/news/view/20260908000706,"Wed, 09 Sep 2026 08:01:00 +0900",2026-09-10 09:54:59
2차전지,2차전지 주가,"[개장시황] 코스피, 7060선 강보합…코스닥은 1% ↓",코스닥은 반도체·2차전지 등 성장주가 약세를 보이면서 1% 가까이 하락하고 있다. 국제유가 상승과 미국 장기물 금리 오름세에 더해 선물·옵션 동시만기일을 맞아 수급 변동성이 확대되는 모습이다.... ,https://www.newspim.com/news/view/20260910000232,https://www.newspim.com/news/view/20260910000232,"Thu, 10 Sep 2026 09:32:00 +0900",2026-09-10 09:55:00
2차전지,2차전지 주가,"불안한 ‘7000피’… 코스피, 美 국채 금리 상승에 소폭 하락",SK하이닉스 주가는 큰 폭 상승했다. 마이크론 역시 3% 가까이 올라 반도체주 강세가 이어졌다. 국내... 바이오와 2차전지 업종 모두 약세다. 최근 급등했던 반도체 소재·부품·장비 업종에서도 차익 실현 물량이 나오고... ,https://biz.chosun.com/stock/stock_general/2026/09/10/YLZPP6VDV5AX7IELW52ED4KAQQ/?utm_source=naver&utm_medium=original&utm_campaign=biz,https://n.news.naver.com/mnews/article/366/0001191464?sid=101,"Thu, 10 Sep 2026 09:27:00 +0900",2026-09-10 09:55:00
2차전지,2차전지 주가,"&quot;산업 연쇄 타격오나&quot; 포스코, 노조원 1% 미만 참여 58년 만에 첫 파업…...",사측은 현재 주가와 기본 임금을 단순 적용하면 일회성 보상 요구만 1인당 연 4000만원을 웃돈다고 보고... 현재 포스코그룹은 이차전지 소재와 LNG(액화천연가스) 등 신사업을 키우고 있다. 하지만 철강이 주력인... ,https://www.jasm.co.kr/news/articleView.html?idxno=313676,https://www.jasm.co.kr/news/articleView.html?idxno=313676,"Thu, 10 Sep 2026 09:26:00 +0900",2026-09-10 09:55:00
2차전지,2차전지 주가,"코스피, 장초반 0.5% 내려 7010선...반도체·2차전지 동반 하락","코스닥 시가총액 상위 종목에서는 바이오와 2차전지, 반도체 장비주가 대체로 약세다. 알테오젠은 2.5%, 에코프로는 1.96%, 에코프로비엠은 0.78% 하락하고 있다. 반도체 장비주에서는 주성엔지니어링이 3.29... ",https://www.pinpointnews.co.kr/news/articleView.html?idxno=485674,https://www.pinpointnews.co.kr/news/articleView.html?idxno=485674,"Thu, 10 Sep 2026 09:26:00 +0900",2026-09-10 09:55:00
2차전지,2차전지 주가,"7000선 회복한 코스피, 네마녀의 날 왔다…증시 변동성 촉각","'네 마녀의 날'은 주가지수 선물과 옵션, 개별주식 선물과 옵션 등 네 종류의 파생상품 만기가 동시에... 최근 반도체와 2차전지 등을 중심으로 증시가 빠르게 반등한 만큼 만기일을 계기로 차익 실현 물량이 출회될... ",https://www.slist.kr/news/articleView.html?idxno=765026,https://www.slist.kr/news/articleView.html?idxno=765026,"Thu, 10 Sep 2026 08:54:00 +0900",2026-09-10 09:55:00
2차전지,2차전지 주가,"[기업이슈] 미 정부, 양자컴 3개사에 직접 지분 투자","이런 초고압 케이블을 비롯한 전력선 수요 확대 기대가 주가를 끌어올렸습니다. ◇ &quot;2개월 걸렸다&quot; 2차전지주 '급속충전' 중동 리스크 장기화에 따른 유가·금리 압박 우려를 딛고 순환매가 확산되면서, 어제 2차 전지... ",https://biz.sbs.co.kr/article_hub/20000333799?division=NAVER,https://n.news.naver.com/mnews/article/374/0000532148?sid=101,"Thu, 10 Sep 2026 08:21:00 +0900",2026-09-10 09:55:00
2차전지,2차전지 주가,"다올證 “LFP, 한국의 시간이 왔다⋯2차전지 비중확대”","이투데이=정수천 기자 | 다올투자증권은 2차전지 업종에 대해 투자의견 ‘비중확대’를 유지한다고 10일... 목표주가는 LG에너지솔루션 62만원, 삼성SDI 90만원, 엘앤에프 22만원이다. 리튬인산철(LFP) 배터리는 그동안... ",https://www.etoday.co.kr/news/view/2623805,https://www.etoday.co.kr/news/view/2623805,"Thu, 10 Sep 2026 08:02:00 +0900",2026-09-10 09:55:00
2차전지,2차전지 주가,"기특한 코스피! 전문가 &quot;7천선 사수 무난, 반등 질 좋다&quot;","55%↑vs 알파벳 2%↓시장은 이제 수익화 따진다 - 코스피 2차전지·바이오·건설·원자력 골고루 반등 - 외국인... 국제유가, 그리고 또 최근에 치솟고 있는 금리는 시장 전체의 주가 평가를 압박했지만 AI 수요 확대가 실제... ",https://www.ytn.co.kr/_ln/0102_202609100602500220,https://n.news.naver.com/mnews/article/052/0002405084?sid=101,"Thu, 10 Sep 2026 06:02:00 +0900",2026-09-10 09:55:00
2차전지,2차전지 주가,"반도체·2차전지 강세에 7천선 탈환...내일 예고된 변동성, 전략은? [몇...","삼성전자와 SK하이닉스의 메모리 재고가 정상 수준을 크게 밑돌고 있어 공급 부족이 장기화될 경우 실적과 주가의 추가 재평가 가능성이 있다고 진단했습니다. 다만 선물옵션 만기와 미국 소비자물가, FOMC... ",https://www.ytn.co.kr/_ln/0134_202609092150133371,https://n.news.naver.com/mnews/article/052/0002404988?sid=101,"Wed, 09 Sep 2026 21:50:00 +0900",2026-09-10 09:55:00
2차전지,2차전지 주가,"33거래일만에 7천피 탈환, 근데 왜요?…배터리·전력·조선주 다 힘냈다",이날 주가 상승세가 가장 두드러졌던 업종은 2차전지다. 미국 정부가 포드에 중국 배터리 기업인 CATL 등과 협력 관계를 끊으라고 공개적으로 압박하면서 한국 배터리 업체가 미국 공급망 재편의 반사이익을 얻을... ,https://www.mk.co.kr/article/12148697,https://n.news.naver.com/mnews/article/009/0005732976?sid=101,"Wed, 09 Sep 2026 19:54:00 +0900",2026-09-10 09:55:00
2차전지,2차전지 주가,[주식마감] '광통신주' AI 데이터센터 확대 기대감에 우리로·머큐리 상...,"이 같은 소식에 AI 데이터센터와 광통신 관련주가 시장에서 함께 주목받으면서 우리로에도 매수세가... KODEX 2차전지산업레버리지, TIGER 200선물인버스2X, KODEX 코스닥150레버리지, KODEX 코스닥150선물인버스, TIGER 미국S... ",https://www.ggilbo.com/news/articleView.html?idxno=1180797,https://www.ggilbo.com/news/articleView.html?idxno=1180797,"Wed, 09 Sep 2026 19:40:00 +0900",2026-09-10 09:55:00
2차전지,2차전지 주가,"'AI 훈풍'에 코스피, 33거래일 만에 7000선 회복…장중 7112선 터치","반도체와 2차전지주를 중심으로 투자심리가 개선된 효과로 풀이된다. 9일 한국거래소에 따르면 이날... 미국 증시에서 오픈AI의 차세대 AI 모델 '아스트라' 관련 기대가 이어지며 반도체주가 강세를 보였고, 국내... ",https://www.industrynews.co.kr/news/articleView.html?idxno=85775,https://www.industrynews.co.kr/news/articleView.html?idxno=85775,"Wed, 09 Sep 2026 18:32:00 +0900",2026-09-10 09:55:00
2차전지,2차전지 주가,"[오늘의 주목주] '2차전지 강세' 삼성SDI 주가 8%대 올라, 코스피 '기관...",이날 삼성SDI뿐 아니라 LG에너지솔루션(6.46%) 에코프로비엠(9.64%) 등 2차전지주 주가도 함께 올랐다. 미국과 유럽연합(EU)이 중국 전략산업을 향한 견제를 강화하면서 국내 배터리 업계 수혜 기대감도 커진 것으로... ,https://www.businesspost.co.kr/BP?command=article_view&num=446832,https://www.businesspost.co.kr/BP?command=article_view&num=446832,"Wed, 09 Sep 2026 18:18:00 +0900",2026-09-10 09:55:00
2차전지,2차전지 주가,"58년 무파업 신화 깨진 포스코, 120명이 멈춘 건 라인이 아니라 '시간'이...","리튬과 LNG, 인도네시아 팜 사업 등 자원 부문이 사상 최대 분기 이익을 냈고 이차전지소재도 흑자로... 시장이 포스코홀딩스 주가에 크게 반응하지 않은 것도 그런 판단 때문일 것이다. 길게 보면 다르다. 철강 업황은... ",https://www.todayeconomic.com/news/article.html?no=32068,https://www.todayeconomic.com/news/article.html?no=32068,"Wed, 09 Sep 2026 18:16:00 +0900",2026-09-10 09:55:00
2차전지,2차전지 주가,코스피 7천피 탈환…환율 1330원대 하락,미국 기술주 훈풍에 반도체와 2차 전지 강세에 힘입어 7천 피 안착에 성공했는데요. 달러-원 환율도 약 2년... 반도체주가 강세를 보인 점이 국내 증시에도 긍정적으로 작용한 것으로 풀이됩니다. 기관이 1조 원... ,https://biz.sbs.co.kr/article_hub/20000333726?division=NAVER,https://n.news.naver.com/mnews/article/374/0000532081?sid=101,"Wed, 09 Sep 2026 18:08:00 +0900",2026-09-10 09:55:00
2차전지,2차전지 주가,코스피 한 달 반 만에 7000선 탈환…기관·기타법인 매수에 7051 마감,"가운데 2차전지와 조선, 전력기기 등으로 매수세가 확산하면서 지수를 끌어올렸다. 9일 한국거래소에... 정유·화학주는 중동 지역의 긴장 고조에 따른 업황 개선 기대가 주가를 밀어 올렸고, 전력기기 업종은 AI... ",https://www.goodkyung.com/news/articleView.html?idxno=291209,https://www.goodkyung.com/news/articleView.html?idxno=291209,"Wed, 09 Sep 2026 18:04:00 +0900",2026-09-10 09:55:00
2차전지,2차전지 주가,"코스피, 33거래일 만에 7000선 탈환…SK하이닉스 185.6만원","에코프로비엠 9.64%, 심텍 8.87%, 주성엔지니어링 6.12% 등 반도체·2차전지 관련주가 올랐다. 원/달러 환율은 오후 3시30분 기준 1336.1원으로 전 거래일 야간 종가보다 내렸다.",http://www.whitepaper.co.kr/news/articleView.html?idxno=266621,http://www.whitepaper.co.kr/news/articleView.html?idxno=266621,"Wed, 09 Sep 2026 18:04:00 +0900",2026-09-10 09:55:00
2차전지,2차전지 주가,코스피 한달반 만에 7000 탈환…“반도체 사이클 구조적 변화”,"2차전지와 AI 인프라, 광통신 등으로도 매수세가 확산됐다. 다만 개미들이 이날 2조 2874억 원을 포함해... 김 전략가는 한국 반도체 업체들이 TSMC처럼 실적 안정성과 지속성을 높일 경우 주가순자산비율(PBR) 격차도... ",https://www.sedaily.com/article/20089091?ref=naver,https://n.news.naver.com/mnews/article/011/0004660253?sid=101,"Wed, 09 Sep 2026 17:58:00 +0900",2026-09-10 09:55:00
2차전지,2차전지 주가,유가 충격에도 … 33거래일만에 7천피 회복,"◆ 한화오션, 태국 호위함 우협 선정 이날 주가 상승세가 가장 두드러졌던 업종은 2차전지다. 미국 정부가 포드에 중국 배터리 기업인 CATL 등과 협력 관계를 끊으라고 공개적으로 압박하면서 한국 배터리 업체가... ",https://www.mk.co.kr/article/12148577,https://n.news.naver.com/mnews/article/009/0005732905?sid=101,"Wed, 09 Sep 2026 17:46:00 +0900",2026-09-10 09:55:00
2차전지,배터리 산업,"스탠다드에너지 VIB ESS, 유럽 시장 협력 가능성 넓힌다",스탠다드에너지의 바나듐 이온 배터리(VIB) 기반 에너지저장장치(ESS)가 유럽 관계자들의 관심을 받았다.... AI 산업 성장에 따른 전력수요 증가와 계통 안정성 확보를 위해 전력망 확충 필요성이 커지는 가운데... ,http://www.ikld.kr/news/articleView.html?idxno=340384,http://www.ikld.kr/news/articleView.html?idxno=340384,"Thu, 10 Sep 2026 09:52:00 +0900",2026-09-10 09:55:00
2차전지,배터리 산업,브렌트유 100달러 재돌파…한국 산업 ‘정유 수혜·항공·화학 부담’,국내 산업의 더 큰 변수로 떠올랐다. 10일 오전 월스트리트저널(WSJ)에 따르면 브렌트유 선물은 배럴당... 높은 에너지 가격이 글로벌 물가와 시장금리 상승으로 이어지면 자동차·배터리·전자 등 다른... ,https://sateconomy.co.kr/news/view/1065574006308426,https://sateconomy.co.kr/news/view/1065574006308426,"Thu, 10 Sep 2026 09:50:00 +0900",2026-09-10 09:55:00
2차전지,배터리 산업,체질 개선 나선 SK에코플랜트...여전히 남은 PF 걸림돌,및 산업용 가스 업체 SK에어플러스를 자회사로 편입했다. 하이테크·가스 및 소재·반도체 공장·데이터센터 건설 등 고부가가치 사업에 집중하기 위해서다. 최근에는 SK에코엔지니어링과 합병을 공시했다. 배터리... ,http://www.popcornnews.net/news/articleView.html?idxno=132411,http://www.popcornnews.net/news/articleView.html?idxno=132411,"Thu, 10 Sep 2026 09:46:00 +0900",2026-09-10 09:55:00
2차전지,배터리 산업,"김건우 전북대 교수팀, 온도에 빛·열 스스로 조절하는 '메타섬유' 개발","배터리나 전력 공급이 필요한 기존 능동형 냉난방 의류와 달리, 에너지 사용 없이 열환경 조절 기능을 구현할... 이 기술은 실용화와 산업적 활용을 위해 관련 특허 출원을 마쳤으며, 실제 의류와 기능성 섬유 소재로의 적용... ",https://www.etnews.com/20260910000054,https://n.news.naver.com/mnews/article/030/0003465419?sid=102,"Thu, 10 Sep 2026 09:44:00 +0900",2026-09-10 09:55:00
2차전지,배터리 산업,"[부산ㆍ경남 대학 브리핑 모음(9월10일)]동명대, 남구 주민과 함께하는...",및 산업화’ 연구를 수행한다. 이번 연구는 전통 옻칠의 경화 원리를 모사해 천연 유래 원료와 효소를... KG모빌리티가 기증한 코란도(EV)는 구동모터·감속기·고전압 배터리 등 핵심 부품을 실제 차량과 동일한... ,https://www.dnews.co.kr/uhtml/view.jsp?idxno=202609092038437420363,https://www.dnews.co.kr/uhtml/view.jsp?idxno=202609092038437420363,"Thu, 10 Sep 2026 09:42:00 +0900",2026-09-10 09:55:00
2차전지,배터리 산업,EU 규제 안개에 멈칫한 체코 현대차…협력사 라인도 멈춰 서나,체코 자동차산업협회 매체 오토삽은 9월 9일(현지시각) 페트르 미흐니크 HMMC 행정부문 책임자와의 인터뷰를... 유럽연합은 배터리를 제외한 자동차 부품 가치의 70% 이상을 역내산으로 채우도록 요구하는 '메이드 인 EU... ,https://www.g-enews.com/view.php?ud=202609100847249303fbbec65dfb_1,https://www.g-enews.com/view.php?ud=202609100847249303fbbec65dfb_1,"Thu, 10 Sep 2026 09:42:00 +0900",2026-09-10 09:55:00
2차전지,배터리 산업,"메디버, KIMES BUSAN 2026서 비침습 통증 관리기 'PAIN BLOCK' 선봬… &quot;약...","또한 PAIN CARE는 2채널 방식과 배터리 구동 구조를 적용해 공간 제약을 줄이고 의료현장에서 유연하게... 한편, 'KIMES BUSAN 2026(제14회 부산국제의료기기전시회)'은 영남권을 대표하는 의료기기·병원산업 전문... ",https://kr.aving.net/news/articleView.html?idxno=1814269,https://kr.aving.net/news/articleView.html?idxno=1814269,"Thu, 10 Sep 2026 09:22:00 +0900",2026-09-10 09:55:00
2차전지,배터리 산업,"현대차, 국가유산청에 산업용 착용 로봇 '엑스블 숄더' 기증","현대차는 지난 8일 경기 수원시 팔달구 행궁동 행정복지센터와 사적 화령전에서 국가유산청에 산업용 착용... 어깨 근력을 보조해 관절 부담을 최대 60% 줄일 수 있으며, 배터리를 사용하지 않아 별도의 충전 없이 연속... ",https://www.handmk.com/news/articleView.html?idxno=43031,https://www.handmk.com/news/articleView.html?idxno=43031,"Thu, 10 Sep 2026 09:10:00 +0900",2026-09-10 09:55:00
2차전지,배터리 산업,"수은, AfDB와 21년 만에 MOU 개정…“아프리카 핵심광물·AI 진출”",양 기관은 △AI 및 디지털 전환(DX) △배터리·첨단산업 등 핵심광물 공급망 안정화 △친환경·신재생 에너지 인프라 구축 등 지원에 나서기로 했다. 최근 아프리카는 AI 대전환 시대를 맞아 필수 자원의 보고이자 높은... ,https://www.dt.co.kr/article/12083167?ref=naver,https://n.news.naver.com/mnews/article/029/0003047230?sid=101,"Thu, 10 Sep 2026 09:08:00 +0900",2026-09-10 09:55:00
2차전지,배터리 산업,전북대 김건우 교수팀 온도따라 빛/열 스스로 조절하는 '메타섬유' 개발...,"배터리나 전력 공급이 필요한 기존 능동형 냉난방 의류와 달리, 에너지 사용 없이 열환경 조절 기능을... 현재 실용화와 산업적 활용을 위해 관련 특허 출원을 마쳤으며, 실제 의류와 기능성 섬유 소재 적용 가능성을... ",https://www.veritas-a.com/news/articleView.html?idxno=627080,https://www.veritas-a.com/news/articleView.html?idxno=627080,"Thu, 10 Sep 2026 09:06:00 +0900",2026-09-10 09:55:00
2차전지,배터리 산업,"여수광양항만공사, 'K-배터리쇼'서 홍보부스 운영…투자유치 본격화","상담 대상에는 양극재, 음극재 등 핵심 소재 기업과 배터리셀·팩 제조, 폐배터리 재활용 관련 기업이 포함됐다. 세풍 항만배후단지는 광양만권 첨단 소재 및 이차전지 산업 생태계 구축을 위한 전략적 거점으로... ",https://www.gukjenews.com/news/articleView.html?idxno=3690443,https://www.gukjenews.com/news/articleView.html?idxno=3690443,"Thu, 10 Sep 2026 09:06:00 +0900",2026-09-10 09:55:00
2차전지,배터리 산업,"배터리, 단순 부품 넘어 전략 자산으로...&quot;비용·공급망·SW·수명주기&quot; ...",CATL은 지난달 11일 베이징에서 UNIDO와 순환경제 및 첨단 배터리 분야의 녹색산업 발전을 위한 협력 공동선언을 체결했다. 양측은 정책적 지원과 산업 혁신 역량을 결합하여 글로벌 에너지 전환을 가속화하기로... ,https://www.theguru.co.kr/news/article.html?no=106904,https://www.theguru.co.kr/news/article.html?no=106904,"Thu, 10 Sep 2026 09:02:00 +0900",2026-09-10 09:55:00
2차전지,배터리 산업,"비쉐이, DO-218AC 패키지 XClampR 양방향 플랫 클램핑 TVS 출시","인버터, 배터리 관리 시스템(BMS), 차체 제어 모듈(BCM), 주차 거리 제어(PDC), 오일 펌프, 카메라 및 자동 에어컨 시스템 등에 적용할 수 있다. 에너지 저장 시스템과 산업용 서보 모터, 전동식 파워 스티어링... ",https://www.etnews.com/20260907000260,https://n.news.naver.com/mnews/article/030/0003465383?sid=105,"Thu, 10 Sep 2026 09:01:00 +0900",2026-09-10 09:55:00
2차전지,배터리 산업,"상폐 기로 금양, 데이터센터 사업 추진…기장공장 자산 물적분할","금양은 회수금속 소재 생산·판매와 비철금속제품 제조·판매, 환경산업, 폐전지 재활용 사업을 물적분할해... 금양은 기장 배터리 공장과 광산 등에 대규모 투자를 이어왔지만 자금 조달에 어려움을 겪으면서 기장공장... ",https://www.sentv.co.kr/article/view/sentv202609100012,https://www.sentv.co.kr/article/view/sentv202609100012,"Thu, 10 Sep 2026 09:00:00 +0900",2026-09-10 09:55:00
2차전지,배터리 산업,"日 혁신기업 9곳, 韓 중견기업·PEF·VC와 협력 모색",한국에서는 판매 대리점 확보뿐 아니라 산업기기 제조사 제품에 홀로라이트를 탑재하는 방식과 공동개발도 검토하고 있다. 반도체·배터리 분야에서는 볼웨이브와 토포로직이 기술 협력 가능성을 내놨다. 볼웨이브는... ,https://www.newstopkorea.com/news/articleView.html?idxno=47569,https://www.newstopkorea.com/news/articleView.html?idxno=47569,"Thu, 10 Sep 2026 08:44:00 +0900",2026-09-10 09:55:00
2차전지,배터리 산업,"포드 CEO, 美 교통장관 정면 반박…백악관은 옹호",그는 중국 자동차업체들이 미국 산업에 심각한 위협이라는 입장을 여러 차례 밝혀왔지만 글로벌 경쟁력을 유지하려면 일정 부분 이들과 협력할 필요도 있다고 인정해왔다. 미시간주 마셜의 배터리공장에 대해서도... ,https://www.g-enews.com/view.php?ud=2026091008405237299a1f309431_1,https://www.g-enews.com/view.php?ud=2026091008405237299a1f309431_1,"Thu, 10 Sep 2026 08:44:00 +0900",2026-09-10 09:55:00
2차전지,배터리 산업,[더벨][글로벌테크놀로지 IPO] 자동차·프린팅으로 영역 확장…협업 외...,전기차는 배터리 전력을 사용하는 모든 전장부품의 효율이 주행거리와 직결되는 만큼 저전력 구조가... 경험과 풀스택 역량이 자동차를 넘어 다른 산업으로 확장될 수 있음을 보여주는 사례&quot;라고 말했다.,https://www.thebell.co.kr/free/content/ArticleView.asp?key=202609091343216240101215,https://www.thebell.co.kr/free/content/ArticleView.asp?key=202609091343216240101215,"Thu, 10 Sep 2026 08:42:00 +0900",2026-09-10 09:55:00
2차전지,리튬 시장,"美, 포드 ‘中 배터리 동맹’에 제동…“K배터리 반사이익 기대”",포드는 그동안 중국 CATL의 기술을 활용해 미국 내 리튬인산철(LFP) 배터리 생산 기반을 구축하는 방안을... “전방시장은 테슬라 에너지 단일 업체에 대한 비중이 높았지만 이번 미국 교통부 발언을 감안하면 시장... ,https://www.kukinews.com/article/view/kuk202609100023,https://www.kukinews.com/article/view/kuk202609100023,"Thu, 10 Sep 2026 09:34:00 +0900",2026-09-10 09:55:01
2차전지,리튬 시장,中 리튬업계 &quot;재고 데이터 신뢰성 높여야&quot;…가격 폭락에 불만 고조,재고 증가가 공급 과잉 우려를 키우면서 광저우선물거래소에서 가장 활발하게 거래되는 탄산리튬 선물 가격은 사흘 동안 14% 급락했다.&lt;본보 2026년 9월 9일 참고 中 리튬 재고 통계 '쇼크'에 시장 혼란…3일 만에 리튬값 14... ,https://www.theguru.co.kr/news/article.html?no=106900,https://www.theguru.co.kr/news/article.html?no=106900,"Thu, 10 Sep 2026 09:32:00 +0900",2026-09-10 09:55:01
2차전지,리튬 시장,"'신차급 변화'..렉서스, NX 부분변경 공개",리튬이온 배터리를 개선해 기존보다 출력과 용량을 각각 8% 늘렸다. 여기에 플러그인 하이브리드 전 제품에... 신형 NX는 오는 2026년 말 부터 글로벌 시장에 순차 출시될 예정이며 국내 출시 계획은 미정이다.,http://autotimes.co.kr/detail.php?number=689107&thread=27,http://autotimes.co.kr/detail.php?number=689107&thread=27,"Thu, 10 Sep 2026 09:18:00 +0900",2026-09-10 09:55:01
2차전지,리튬 시장,"&quot;탄소 배출 숨기면 입찰 불가&quot;… CATL, 1,000개 협력사 '탄소 발자국' 정...",&quot;넷제로 아닌 배터리는 구식&quot;… 글로벌 리튬이온 표준 선점 야심 CATL 경영진은 탄소 중립 규제를 단순한 규제 리스크가 아닌 경쟁사들을 따돌리는 진입 장벽이자 신시장 선점의 기회로 규정했다. 쩡위췬(Robin Zeng) CATL... ,https://www.g-enews.com/view.php?ud=2026091008233181270c8c1c064d_1,https://www.g-enews.com/view.php?ud=2026091008233181270c8c1c064d_1,"Thu, 10 Sep 2026 08:26:00 +0900",2026-09-10 09:55:01
2차전지,리튬 시장,[굿모닝! 글로벌 뉴욕증시] 브렌트유 100달러 돌파…국채금리 급등에 투...,9일(현지시간) 뉴욕증시는 미 재무부의 장기 국채 바이백 규모가 시장 기대에 못 미치면서 장기... JP모건의 투자의견 및 목표주가 상향 소식이 전해진 리튬아메리카스는 6.33% 상승했다. 유가 급등 속 엑슨모빌(+2.22... ,https://www.newsquest.co.kr/news/articleView.html?idxno=300615,https://www.newsquest.co.kr/news/articleView.html?idxno=300615,"Thu, 10 Sep 2026 08:20:00 +0900",2026-09-10 09:55:01
2차전지,리튬 시장,"유일로보틱스·SK온, 휴머노이드 상용화의 마지막 퍼즐 맞춘다…'피지컬...","포함돼 시장의 주목을 받았다. 이에 더해 SK온의 전략기획 및 기술 출신 인사들이 유일로보틱스 사내외... 휴머노이드 환경에서 기존 리튬이온(액체 전해질) 배터리는 명확한 한계를 드러내고 있으며, 전고체 배터리가... ",http://www.newsprime.co.kr/news/article.html?no=747143,http://www.newsprime.co.kr/news/article.html?no=747143,"Thu, 10 Sep 2026 08:06:00 +0900",2026-09-10 09:55:01
2차전지,리튬 시장,"LFP, 한국의 시간이 왔다…배터리사 목표가 일제 상향-다올","다올투자증권은 리튬인산철(LFP) 밸류체인에 포함된 LG에너지솔루션(373220), 삼성SDI(006400), 엘앤에프(066970)... “전방시장은 테슬라 에너지(Tesla Energy) 단일 업체에 대한 비중이 높았으나, 금번 미국 교통부 발언을... ",https://www.edaily.co.kr/News/Read?newsId=02627286645578808&mediaCodeNo=257&utm_source=naver&utm_medium=referral&utm_campaign=news_syndication&utm_content=original_article,https://n.news.naver.com/mnews/article/018/0006366566?sid=101,"Thu, 10 Sep 2026 07:48:00 +0900",2026-09-10 09:55:01
2차전지,리튬 시장,[美증시 특징주] '리튬 아메리카스' 주가 급등…&quot;2030년까지 리튬 공급부...,서구권 광산들의 자본 투입 지연과 가동 중단 업체들의 더딘 생산 회복으로 인해 2030년 말까지 말까지 리튬 시장의 공급 부족(디피시트)이 지속될 것이라며 장기 리튬 가격 전망치를 높여 잡았다. 이에 따라 리튬... ,https://www.mediapen.com/news/view/1122504,https://www.mediapen.com/news/view/1122504,"Thu, 10 Sep 2026 07:10:00 +0900",2026-09-10 09:55:01
2차전지,리튬 시장,[中 거인의 공급망] ①반도체 검측 장비 '정측전자' 없으면 'CXMT'도 없다,"정측전자는 기존 대형 고객과의 협력을 강화해 시장점유율을 유지하는 동시에 신형 디스플레이, 정밀 광학기기, 자동차 전장 등으로 사업 영역을 확대하고 있다. 3. 신에너지 신에너지 사업에서는 리튬배터리 공정... ",https://www.newspim.com/news/view/20260909001060,https://www.newspim.com/news/view/20260909001060,"Thu, 10 Sep 2026 07:00:00 +0900",2026-09-10 09:55:01
2차전지,리튬 시장,[Who Is ?] 윤호중 행정안전부 장관,국가정보자원관리원 대전본원 5층 전산실에서 리튬이온 배터리 이설 작업 중 화재가 발생하면서 정부... 인수위의 임대차3법 폐지 또는 축소 방침을 두고는 시장의 혼란을 야기한다며 반대했다. 윤호중은 2022년 3월30일 MBC... ,https://www.businesspost.co.kr/BP?command=article_view&num=446265,https://www.businesspost.co.kr/BP?command=article_view&num=446265,"Thu, 10 Sep 2026 07:00:00 +0900",2026-09-10 09:55:01
2차전지,리튬 시장,"마벨, 2028회계연도 매출 전망 180억달러로 상향…AI 데이터센터 수요 폭...","높아지면서 리튬아메리카스 주가는 6.33% 상승 마감했다. 타이라, 방광암 치료제 임상 결과 기대 이하 바이오기업 타이라 바이오사이언시스(TYRA)는 방광암 치료제 후보물질의 임상 2상 결과가 시장 기대에 미치지... ",http://www.wowtv.co.kr/NewsCenter/News/Read?articleId=A202609100203&t=NN,https://n.news.naver.com/mnews/article/215/0001265472?sid=101,"Thu, 10 Sep 2026 06:58:00 +0900",2026-09-10 09:55:01
2차전지,리튬 시장,"닛산, 2만 유로 미만 소형 전기차 '픽소'로 유럽 공략 나선다",닛산이 중국산 저가 전기차 공세에 대응해 2027년 유럽 시장을 겨냥한 소형 전기차 픽소(Pixo)를 선보인다.... 전문 매체들은 이 차량이 27.5킬로와트시(kWh) 용량의 리튬인산철(LFP) 배터리와 출력 60킬로와트(kW) 전기모터... ,https://www.g-enews.com/view.php?ud=2026091006411725302bd56fbc3c_1,https://www.g-enews.com/view.php?ud=2026091006411725302bd56fbc3c_1,"Thu, 10 Sep 2026 06:58:00 +0900",2026-09-10 09:55:01
2차전지,리튬 시장,서방 규제 직격탄 맞은 中 에너지 기업들. &quot;정책 변동성에 해외 투자 좌...,(억위리튬) 등 중국을 대표하는 글로벌 청정에너지 기업들이 미국과 유럽의 예측 불가능한 지정학적... 해외 시장의 정책 일관성과 상업적 윤리를 촉구하며 지정학적 탄압의 부당함을 일제히 호소했다. 선그로우... ,https://www.g-enews.com/view.php?ud=2026090922321459800c8c1c064d_1,https://www.g-enews.com/view.php?ud=2026090922321459800c8c1c064d_1,"Thu, 10 Sep 2026 06:46:00 +0900",2026-09-10 09:55:01
2차전지,리튬 시장,[인터뷰]&quot;투자개발형 사업 이어가면 韓 해외건설 체급 올라갈 것&quot;[판 바...,"우리 정부는 올해 1월 미 에너지부에서 3개 사업(리튬·붕소, 칼륨, 흑연)을 제안받았고, 이 가운데 리튬... -미국 인프라 시장 진출이 유독 까다롭다고 들었다. ▲기본적으로 시장 장벽이 매우 높다. 주마다 건설 면허나... ",https://view.asiae.co.kr/article/2026090715181475793,https://n.news.naver.com/mnews/article/277/0005814242?sid=101,"Thu, 10 Sep 2026 06:30:00 +0900",2026-09-10 09:55:01
2차전지,리튬 시장,[판 바뀌는 해외건설⑤]중앙亞 도시개발·호주 ESS 유망…&quot;3년 공사 후 ...,어려운 시장으로 꼽혀왔다. 하지만 지난 1월 미국 측이 현지를 방문한 김윤덕 국토부 장관에게 에너지 인프라 사업 참여를 제안한 데 이어 7월 네바다주 리튬·붕소 플랜트 사업 참여 양해각서(MOU) 체결 등 가시적인... ,https://view.asiae.co.kr/article/2026090716105376944,https://n.news.naver.com/mnews/article/277/0005814243?sid=101,"Thu, 10 Sep 2026 06:30:00 +0900",2026-09-10 09:55:01
2차전지,리튬 시장,[허정수칼럼] 누가 SKIET 합병을 원하는가,공모가는 10만5000원이었지만 상장 초기 주가는 한때 25만원까지 치솟으며 리튬이온배터리분리막(LiBS)... 5년 전 시장의 스포트라이트를 받으며 데뷔한 성장주가 공모가보다 86% 할인된 헐값에 퇴출을 당하는... ,https://www.bloter.net/news/articleView.html?idxno=673159,https://n.news.naver.com/mnews/article/293/0000090251?sid=110,"Thu, 10 Sep 2026 06:00:00 +0900",2026-09-10 09:55:01
2차전지,리튬 시장,[뉴욕증시]바이백 규모 발표에 10년물 금리 ↑…유가 100달러 돌파에 일...,"미 재무부가 미국 채권 바이백(국채 매입) 규모를 기존보다 세 배 확대했으나, 시장의 기대를 충족하지... 리튬아메리카스는 JP모건이 투자의견을 '비중 확대'로 상향 조정한 후 전장 대비 6.33% 상승했다. JP모건은... ",https://view.asiae.co.kr/article/2026091005055076002,https://n.news.naver.com/mnews/article/277/0005814236?sid=101,"Thu, 10 Sep 2026 05:44:00 +0900",2026-09-10 09:55:01
2차전지,리튬 시장,"“CATL 배터리 안 쓴다”…리오토, 신형 SUV i9 선택권 폐지하고 독립 선...","배터리는 삼원계 리튬이온 팩 120kWh를 탑재해 CLTC 기준 주행거리 800km 초과, WLTP 기준 648km 달성을 목표로... 이 같은 시장 반응을 거울삼아, 리오토는 i9을 비롯한 신규 홈 시리즈 라인업에서 과거와 같은 복잡한... ",https://www.g-enews.com/view.php?ud=2026090922391867372bd56fbc3c_1,https://www.g-enews.com/view.php?ud=2026090922391867372bd56fbc3c_1,"Thu, 10 Sep 2026 04:06:00 +0900",2026-09-10 09:55:01
2차전지,전고체 배터리,[이 시각 시황] 코스피·코스닥 동반 하락…오늘 수급 변동성 주의,"유일로보틱스는 2대 주주인 SK온과 손잡고 휴머노이드 전용 전고체 배터리 공동 개발에 본격 착수한다는 소식이 호재로 작용합니다. 유일로보틱스가 8.9% 강세로 72,200원입니다. TPC로보틱스가 6.7% 오르며 4... ",https://biz.sbs.co.kr/article_hub/20000333803?division=NAVER,https://n.news.naver.com/mnews/article/374/0000532160?sid=101,"Thu, 10 Sep 2026 09:33:00 +0900",2026-09-10 09:55:02
2차전지,전고체 배터리,150도 전고체 띄운 日 파나소닉… K-배터리 허 찔렀다,일본 파나소닉에너지가 최대 150도 고온 환경에서도 안정되게 작동하는 각형 규격의 산업용 전고체 배터리를 개발했다. 로이터는 9일 지바시 마쿠하리 멧세 전시회 취재를 통해 코인형과 각형 두 형태 모두 4분기부터 샘플... ,https://www.g-enews.com/view.php?ud=202609100209255822e7e8286d56_1,https://www.g-enews.com/view.php?ud=202609100209255822e7e8286d56_1,"Thu, 10 Sep 2026 02:12:00 +0900",2026-09-10 09:55:02
2차전지,전고체 배터리,배터리·나노과학 글로벌 석학 집결 차세대 에너지 기술 해법 모색,전고체전지와 이산화탄소 전환 분야를 선도하는 미국 주요 대학의 신진 연구자들도 강연에 합류했다. 차세대 배터리 기술 연구를 총괄하는 김사흠 SK온 부사장 등 주요 대기업 리더들도 자리를 함께했다.... ,https://www.ulsanpress.net/news/articleView.html?idxno=582728,https://www.ulsanpress.net/news/articleView.html?idxno=582728,"Wed, 09 Sep 2026 21:42:00 +0900",2026-09-10 09:55:02
2차전지,전고체 배터리,"‘K-배터리 재도약 발판 마련’…‘K-BATTERY SHOW 2026’, 킨텍스서 개막","물론 전고체 배터리, ESS, EV 충전 인프라 등 산업 전 주기를 아우르는 차세대 기술을 선보이고, 중소기업과 스타트업의 글로벌 진출과 실질적인 사업 성장을 지원할 것”이라고 밝혔다. 이어 “K-BATTERY SHOW가... ",http://digitalchosun.dizzo.com/site/data/html_dir/2026/09/09/2026090980073.html,http://digitalchosun.dizzo.com/site/data/html_dir/2026/09/09/2026090980073.html,"Wed, 09 Sep 2026 18:50:00 +0900",2026-09-10 09:55:02
2차전지,전고체 배터리,"[B트렌드] K-배터리, 북미 충격 넘어 '다음 수요'로… ESS·LFP·공급망 재...","보급형 EV와 ESS에서는 LFP 경쟁력을 확보하고, 전고체와 46파이 원통형 배터리 등 고부가·차세대 시장에서는 기술적 우위를 더욱 강화해야 한다. 여기에 북미 공장의 가동률 제고, 유럽·아시아 고객 확대, 배터리... ",https://www.industrynews.co.kr/news/articleView.html?idxno=85769,https://www.industrynews.co.kr/news/articleView.html?idxno=85769,"Wed, 09 Sep 2026 17:54:00 +0900",2026-09-10 09:55:02
2차전지,전고체 배터리,배터리 석학들 UNIST 집결…차세대 에너지 기술 난제 논의,미국 주요 대학에서 전고체전지와 이산화탄소 전환 기술을 연구하는 신진 연구자들도 발표자로 참여해 연구 흐름과 성과를 소개했다. 산업계에서는 차세대 배터리 기술 연구를 총괄하는 김사흠 SK온 부사장을 비롯한... ,https://www.viva100.com/article/20260909501411,https://www.viva100.com/article/20260909501411,"Wed, 09 Sep 2026 17:12:00 +0900",2026-09-10 09:55:02
2차전지,전고체 배터리,[증시 인사이트] 기관·기타법인 사자…코스피 7000선 안착 성공?,"확대 기대 - 엘앤에프, LFP 양극재 양산 기대감에 두 자릿수 급등 - 2차전지 소재·전고체 배터리 관련주 상승세 보여 - 2차전지주, 업종 전반 투심 개선에 상승 지속 기대 (자세한 내용은 동영상을 시청하시기 바랍니다.)",https://biz.sbs.co.kr/article_hub/20000333708?division=NAVER,https://n.news.naver.com/mnews/article/374/0000532068?sid=101,"Wed, 09 Sep 2026 16:49:00 +0900",2026-09-10 09:55:02
2차전지,전고체 배터리,[ETF 시황] 2차전지 ETF 질주…KODEX 2차전지산업레버리지 13.75%↑,"이어 TIGER 2차전지TOP10레버리지(12.43%), KoAct 광통신&amp;위성네트워크액티브(9.25%), SOL 전고체배터리&amp;실리콘음극재(8.48%), TIGER 200에너지화학레버리지(8.47%) 등이 상위권에 올랐다. ETF 자료 이미지. [사진... ",https://www.newspim.com/news/view/20260909001126,https://www.newspim.com/news/view/20260909001126,"Wed, 09 Sep 2026 16:04:00 +0900",2026-09-10 09:55:02
2차전지,전고체 배터리,"유일로보틱스-SK온, 휴머노이드 전고체 배터리 개발",유일로보틱스가 SK온과 손잡고 휴머노이드용 전고체 배터리 개발에 나선다. 로봇과 배터리 기업이 협력해 휴머노이드 핵심 부품의 기술 기반과 공급망을 구축한다는 점에서 주목된다. 9일 업계에 따르면 유일로보틱스가... ,https://www.etnews.com/20260909000223,https://n.news.naver.com/mnews/article/030/0003465304?sid=105,"Wed, 09 Sep 2026 16:01:00 +0900",2026-09-10 09:55:02
2차전지,전고체 배터리,"&quot;1초 만에 불량 솎아낸다&quot;…모나, 배터리 AI 진단 범용 모델 개발",모나는 사용후 배터리 모듈과 팩을 적용한 ESS 시스템의 파일럿 테스트를 실시하고 있다. 전고체 배터리와 실리콘 음극을 적용한 차세대 배터리의 상태진단 솔루션도 개발하고 있다.,https://www.thelec.kr/news/articleView.html?idxno=62020,https://www.thelec.kr/news/articleView.html?idxno=62020,"Wed, 09 Sep 2026 16:00:00 +0900",2026-09-10 09:55:02
2차전지,전고체 배터리,"LG엔솔 CTO, 美 스탠퍼드 석학들 만나 '전고체 상용화' 치트키 찾는다",차세대 전고체 배터리 핵심 기술 선점을 위해 미국 스탠퍼드대학교 석학과 기술 교류에 나섰다. 세계 최고 수준의 기초 연구 성과를 자사 전고체전지 설계에 접목할 가능성을 모색하며 상용화의 최대 난제로 꼽히는... ,https://www.theguru.co.kr/news/article.html?no=106849,https://www.theguru.co.kr/news/article.html?no=106849,"Wed, 09 Sep 2026 15:26:00 +0900",2026-09-10 09:55:02
2차전지,전고체 배터리,'차세대 배터리 해법은?' UNIST 파이오니어 심포지엄,나노과학 분야 권위자인 페이동 양 미국 UC버클리 교수와 배터리 양극재 분야 석학 아루무감 만티람 미국 텍사스대 교수가 주요 연사로 참여했다. 전고체전지와 이산화탄소 전환 분야를 연구하는 미국 대학의 신진... ,https://www.newsis.com/view/NISX20260909_0003782792,https://n.news.naver.com/mnews/article/003/0014179946?sid=102,"Wed, 09 Sep 2026 14:54:00 +0900",2026-09-10 09:55:02
2차전지,전고체 배터리,"삼성SDI 56만8000원, 7%대 급등…장중 56만9000원까지 치솟아","삼성SDI는 BMW와 전고체 배터리 실증을 위한 공동 개발을 진행하는 한편 휴머노이드 로봇과 우주항공 분야까지 배터리 적용처를 확대하고 있다. 전기차에 집중됐던 배터리 수요가 ESS와 AI 데이터센터, 로봇 등으로... ",https://www.job-post.co.kr/news/articleView.html?idxno=226835,https://www.job-post.co.kr/news/articleView.html?idxno=226835,"Wed, 09 Sep 2026 14:16:00 +0900",2026-09-10 09:55:02
2차전지,전고체 배터리,코스피·코스닥 상승 흐름…AI 전력 인프라와 2차전지주 동반 강세,앞서 2차전지 소재주와 전고체 배터리 관련 종목에서도 동반 상승세가 나타난 만큼 관련 업종 전반의 투자심리가 전 거래일보다 개선된 흐름으로 해석할 여지가 있다. 이날 시장에서는 AI가 단순히 반도체와... ,https://www.cbci.co.kr/news/articleView.html?idxno=605249,https://www.cbci.co.kr/news/articleView.html?idxno=605249,"Wed, 09 Sep 2026 14:08:00 +0900",2026-09-10 09:55:02
2차전지,전고체 배터리,2차전지 전고체 관련주 강세…롯데에너지머티리얼즈 13%대·SK이노베이션...,"2차전지와 전고체 배터리 관련 종목들이 9일 장중 대체로 강세를 나타내고 있다. 일부 종목은 두 자릿수에 가까운 상승률을 기록하고 있으며, 대형 배터리주와 소재·장비주까지 매수세가 비교적 폭넓게... ",https://www.cbci.co.kr/news/articleView.html?idxno=605239,https://www.cbci.co.kr/news/articleView.html?idxno=605239,"Wed, 09 Sep 2026 13:56:00 +0900",2026-09-10 09:55:02
2차전지,전고체 배터리,에코프로비엠 6%대 반등 11만1300원…전고체 배터리 개발 행보도 시장 변...,"최근 전고체 배터리 관련 기술 개발과 소재 사업 확대 움직임이 이어지고 있지만, 이날 주가 상승을 특정 재료와 직접 연결하기보다는 이차전지주 전반의 수급과 단기 낙폭 회복 과정 등을 함께 살펴볼 필요가 있어... ",https://www.cbci.co.kr/news/articleView.html?idxno=605232,https://www.cbci.co.kr/news/articleView.html?idxno=605232,"Wed, 09 Sep 2026 13:48:00 +0900",2026-09-10 09:55:02
2차전지,전고체 배터리,"전기차 캐즘에 눌린 K배터리, ESS가 다시 돌린다…AI 데이터센터까지 수...",레이크머티리얼즈는 황화물계 전고체 배터리 소재를 한국·미국·일본·중국·유럽의 10개 이상 업체와 평가하고 있으며 중장기적으로 최대 6000톤의 생산능력을 확보하는 방안을 추진하고 있다. 성일하이텍은 LFP... ,https://www.thepowernews.co.kr/view.php?ud=20260909103019695de3f0aa1be_7,https://www.thepowernews.co.kr/view.php?ud=20260909103019695de3f0aa1be_7,"Wed, 09 Sep 2026 12:02:00 +0900",2026-09-10 09:55:02
2차전지,전고체 배터리,"LG엔솔은 LMR, 삼성SDI는 전고체… 중국 아성 깰까?","삼성SDI는 액체 전해질을 고체로 바꾼 전고체 배터리를 차세대 성장동력으로 낙점하고 2027년 양산을 추진한다. 두 기술 모두 기존 리튬이온 배터리의 한계를 뛰어넘을 후보로 꼽히지만, 연구 성과를 실제... ",http://www.the-biz.co.kr/news/articleView.html?idxno=727581,http://www.the-biz.co.kr/news/articleView.html?idxno=727581,"Wed, 09 Sep 2026 11:26:00 +0900",2026-09-10 09:55:02
바이오/헬스,바이오 주가,"K-푸드 열풍 타고… 샘표식품, 해외 소스 시장서 '잭팟' 터지나","빙그레는 해외 아이스크림 수출 확대에 대한 기대가 주가에 긍정적으로 작용하고 있다. 풀무원, 우듬지팜... 코스맥스엔비티, 네오크레마, 바이오포트, 더본코리아, HK이노엔, 동서도 내림세를 보이고 있다. 우양... ",https://www.pinpointnews.co.kr/news/articleView.html?idxno=485686,https://www.pinpointnews.co.kr/news/articleView.html?idxno=485686,"Thu, 10 Sep 2026 09:44:00 +0900",2026-09-10 09:55:03
바이오/헬스,바이오 주가,남북경협 재개 기대감에 농업협력 주목…'인바이오·경농' 관련株 관심,남북관계 개선과 경제협력 재개에 대비한 정부의 움직임이 구체화되면서 국내 증시에서 관련주가 다시... '인바이오'는 살균제·살충제·제초제 등 작물보호제를 주력으로 하는 농자재 기업이다. 석회황 기반 친환경... ,https://www.newspim.com/news/view/20260910000320,https://www.newspim.com/news/view/20260910000320,"Thu, 10 Sep 2026 09:43:00 +0900",2026-09-10 09:55:03
바이오/헬스,바이오 주가,"코스피 국제유가·미 국채금리 상승에 장중 하락 7030선, 코스닥도 약세",삼성생명(2.47%) KB금융(1.40%) SK스퀘어(0.75%) 현대차(0.52%) SK하이닉스(0.22%) 삼성전자우(0.10%) 등 6개 종목 주가가 오르고 있다. 삼성전기(-1.50%) 삼성바이오로직스(-1.24%) 삼성전자(-0.74%) LG에너지솔루션(-0.27%) 등 4개... ,https://www.businesspost.co.kr/BP?command=article_view&num=446849,https://www.businesspost.co.kr/BP?command=article_view&num=446849,"Thu, 10 Sep 2026 09:38:00 +0900",2026-09-10 09:55:03
바이오/헬스,바이오 주가,"검찰, LG家 장녀 부부 '미공개 정보 이용' 2심서도 징역형 구형","또 &quot;당시 재무제표 등을 보면 (코스닥 상장사인 바이오 업체) 메지온은 8년 연속 적자 상태였는데, 그런... BRV 측은 같은 달 17일 메지온에 500억원을 투자하기로 했고 이 발표 이후 메지온 주가가 올랐다. 이에 따라 구... ",https://www.bloter.net/news/articleView.html?idxno=673221,https://n.news.naver.com/mnews/article/293/0000090260?sid=101,"Thu, 10 Sep 2026 09:36:00 +0900",2026-09-10 09:55:03
바이오/헬스,바이오 주가,"[EBN 데이터센터] 코스피, 숨고르기 돌입…기관 매도 부담 작용","삼성전기도 1.57%, LG에너지솔루션은 0.67%, 삼성바이오로직스는 1.03% 밀렸다. 반면 삼성전자우는 0.10... 따라 주가 차별화는 더욱 심화하는 흐름이다. 투자자들은 지수 방향성보다는 기관 수급 변화와 반도체... ",https://www.ebn.co.kr/news/articleView.html?idxno=1723714,https://www.ebn.co.kr/news/articleView.html?idxno=1723714,"Thu, 10 Sep 2026 09:30:00 +0900",2026-09-10 09:55:03
바이오/헬스,바이오 주가,이원컴포텍 '바이오 베팅' 4년의 악몽…계속된 '헛발질'의 책임은 누가...,주식을 내다 판 주라바이오 주가는 큰 폭으로 상승했다. 주식을 매입한 리미나투스는 주가 폭락하면서 나스닥 상장유지 요건조차 위협받는 처지가 됐다. 회사 측은 지금도 &quot;당시 거래가 경영상 판단에 따른 전략적... ,http://www.newskr.kr/news/articleView.html?idxno=106225,http://www.newskr.kr/news/articleView.html?idxno=106225,"Thu, 10 Sep 2026 09:28:00 +0900",2026-09-10 09:55:03
바이오/헬스,바이오 주가,"코스피, 장 초반 혼조세…7000선 유지 여부에 촉각","반면 삼성전기(-1.64%), 삼성바이오로직스(-1.24%), LG에너지솔루션(-0.81%), 삼성전자(-0.37%) 등은 내리고... 아울러 이날 국내 증시는 주가지수 및 개별 주식 선물·옵션 만기일이 겹치는 '네 마녀의 날'을 맞아 장중... ",https://www.etoday.co.kr/news/view/2623905,https://www.etoday.co.kr/news/view/2623905,"Thu, 10 Sep 2026 09:18:00 +0900",2026-09-10 09:55:03
바이오/헬스,바이오 주가,"한미약품, 로슈 비만약 개발 가속에 수혜…목표가 12%↑[Why 바이오]",KB증권은 한미약품에 대한 투자의견 ‘매수’를 유지하고 목표주가를 65만 원으로 12.1% 상향했다. KB증권은 “HM17321의 가치는 내년 1분기 임상 1상 다중용량상승시험(MAD) 결과에 따라 반영될 것”이라며 “계약금은... ,https://www.sedaily.com/article/20089236?ref=naver,https://n.news.naver.com/mnews/article/011/0004660398?sid=101,"Thu, 10 Sep 2026 09:17:00 +0900",2026-09-10 09:55:03
바이오/헬스,바이오 주가,"K-뷰티 열풍에 마스크팩 '속살'도 뜬다… 셀바이오휴먼텍, 원단 공급 확...",글로벌 시장에서의 K-뷰티 인기 지속에도 불구하고 최근 주가 상승에 따른 단기 고점 인식과 소비 심리 위축... 가장 높은 상승률을 보이는 종목은 마스크팩 소재 및 바이오 소재 전문 기업인 셀바이오휴먼텍이다.... ,https://www.pinpointnews.co.kr/news/articleView.html?idxno=485663,https://www.pinpointnews.co.kr/news/articleView.html?idxno=485663,"Thu, 10 Sep 2026 09:16:00 +0900",2026-09-10 09:55:03
바이오/헬스,바이오 주가,"반도체·외국인 '쌍끌이'… 코스피, 7000선 안착 시도","중동발 지정학적 불안에 국제유가와 미국 장기 국채금리가 치솟았지만 간밤 미국 반도체주가 강세를... 29%) 등이 오르는 반면 삼성바이오로직스(-0.96%), 삼성전기(-0.57%), 현대차(-0.39%), LG에너지솔루션(-0.27%) 등은... ",http://www.the-biz.co.kr/news/articleView.html?idxno=727632,http://www.the-biz.co.kr/news/articleView.html?idxno=727632,"Thu, 10 Sep 2026 09:14:00 +0900",2026-09-10 09:55:03
바이오/헬스,바이오 주가,"코스피, 고금리·고유가 악재 속 하락...SK하이닉스 주가 강세","삼성생명과 KB금융 등 금융주 역시 각각 1.65%, 0.70% 오르며 상승 흐름을 이어갔다. 반면 삼성바이오로직스는 1.10% 하락했으며, LG에너지솔루션과 현대차, 삼성전기도 약보합세를 나타내며 지수 상승을 제한했다.",https://www.gukjenews.com/news/articleView.html?idxno=3690544,https://www.gukjenews.com/news/articleView.html?idxno=3690544,"Thu, 10 Sep 2026 09:10:00 +0900",2026-09-10 09:55:03
바이오/헬스,바이오 주가,"릴리, GLP-1 다음 수 찾는다… 당뇨병 '베타세포 재생'에 투자","9일(현지시간) 쿠라 온콜로지에 따르면, 비항암 분야의 메닌(menin) 억제제 연구를 분리한 신생 바이오기업... 한편 9일(현지시간) 뉴욕증시에서 릴리 주가는 전 거래일보다 0.02% 오른 1124.21달러로 보합권에 머물렀다.... ",https://www.medipana.com/news/articleView.html?idxno=417372,https://www.medipana.com/news/articleView.html?idxno=417372,"Thu, 10 Sep 2026 08:36:00 +0900",2026-09-10 09:55:03
바이오/헬스,제약 산업,"SK케미칼, 글로벌 오픈이노베이션 성과로 복지부장관 표창","오픈이노베이션은 제약산업의 중요한 성장방식이 될 것&quot;이라고 밝혔다. 한편, 이번 시상에서는 시다프비아 프로젝트를 이끈 문정현 SK케미칼 개발실장도 한국제약바이오협회장 표창을 수상했다. 문 실장은 2020년부터... ",http://www.medisobizanews.com/news/articleView.html?idxno=142077,http://www.medisobizanews.com/news/articleView.html?idxno=142077,"Thu, 10 Sep 2026 09:50:00 +0900",2026-09-10 09:55:04
바이오/헬스,제약 산업,제약·바이오 품질인재 키운다…'2026 PNB QA GTC' 성료,"대상을 수상한 숭실대 김민지 학생은 &quot;GTC를 통해 품질관리와 제약산업 전반에 대한 이해를 넓혔고, 팀원들과 함께 일탈 과제를 수행하며 문제를 바라보는 시각도 키울 수 있었다&quot;며 &quot;현직자 교육과 팀 미션을 통해... ",https://news.tf.co.kr/read/economy/2364154.htm,https://n.news.naver.com/mnews/article/629/0000532458?sid=101,"Thu, 10 Sep 2026 09:43:00 +0900",2026-09-10 09:55:04
바이오/헬스,제약 산업,"SK케미칼 복지부 장관 표창, 시다프비아 상용화 성과 인정",오픈이노베이션은 제약산업의 중요한 성장 방식이 될 것&quot;이라고 말했다.이날 시다프비아 글로벌 의약품 CDMO 프로젝트를 이끈 문정현 SK케미칼 개발실장도 이날 한국제약바이오협회장 표창을 받았다. 문 실장은... ,https://www.medicaltimes.com/Main/News/NewsView.html?ID=1170637&ref=naverpc,https://www.medicaltimes.com/Main/News/NewsView.html?ID=1170637&ref=naverpc,"Thu, 10 Sep 2026 09:36:00 +0900",2026-09-10 09:55:04
바이오/헬스,제약 산업,"SK케미칼, '시다프비아' 10개국 상용화 성과…복지부 장관 표창",오픈이노베이션은 제약산업의 중요한 성장 방식이 될 것&quot;이라고 말했다. 개인 수상도 이어졌다. 시다프비아 글로벌 의약품 CDMO 프로젝트를 이끈 문정현 SK케미칼 개발실장은 한국제약바이오협회장 표창을 받았다. 문... ,https://www.mdtoday.co.kr/news/articleView.html?idxno=611536,https://www.mdtoday.co.kr/news/articleView.html?idxno=611536,"Thu, 10 Sep 2026 09:36:00 +0900",2026-09-10 09:55:04
바이오/헬스,제약 산업,"현대약품, 약대생 제약설명회서 스킨케어 브랜드 '랩클' 소개","학기 중 비즈니스케이스 분석, 제약정책 스터디, 제약 트렌드 분석 발표, 연사 초청 등 다양한 활동을 진행하고 있으며, 매년 전국 약대생을 대상으로 제약산업의 다양한 직무와 현황을 소개하는 제약설명회 제약의... ",https://weekly.hankooki.com/news/articleView.html?idxno=7183423,https://weekly.hankooki.com/news/articleView.html?idxno=7183423,"Thu, 10 Sep 2026 09:26:00 +0900",2026-09-10 09:55:04
바이오/헬스,제약 산업,"[제약+] 셀트리온, 유럽호흡기학회서 오말리주맙 시밀러 경쟁력 부각 外",국내 제약·바이오산업의 글로벌 오픈이노베이션 활성화에 주요한 역할을 수행해 온 공로를 인정받았다고 설명했다. 대표적으로 일라이릴리는 지난 3월 보건복지부와 5년간 총 5억 달러 규모의 ‘대한민국 제약... ,https://dealsite.co.kr/articles/168782,https://dealsite.co.kr/articles/168782,"Thu, 10 Sep 2026 09:26:00 +0900",2026-09-10 09:55:04
바이오/헬스,제약 산업,"SK케미칼, 당뇨 복합제 10개국 상용화…복지부 장관 표창",오픈이노베이션은 제약산업의 중요한 성장 방식이 될 것”이라고 말했다. 한편 시다프비아 글로벌 의약품 위탁개발생산(CDMO) 프로젝트를 이끈 문정현 SK케미칼 개발실장도 한국제약바이오협회장 표창을 받았다. 문... ,https://www.dailypharm.com/user/news/342339?REFERER=NP,https://www.dailypharm.com/user/news/342339?REFERER=NP,"Thu, 10 Sep 2026 09:26:00 +0900",2026-09-10 09:55:04
바이오/헬스,제약 산업,"베링거인겔하임, 오픈이노베이션 성과 인정…복지부 장관 표창","오픈이노베이션은 환자들의 미충족 의료 수요에 효과적으로 대응하기 위한 필수적인 연구개발 전략으로 자리 잡았으며, 글로벌 제약산업은 이를 바탕으로 다양한 외부 혁신 주체와의 협력을 확대해 나가고 있다.... ",https://www.news1.kr/bio/pharmaceutical-bio/6285864,https://n.news.naver.com/mnews/article/421/0009161996?sid=103,"Thu, 10 Sep 2026 09:22:00 +0900",2026-09-10 09:55:04
바이오/헬스,제약 산업,"현대약품 랩클, 약대생 대상 브랜드 접점 확대…'제약의 정석' 참여",현대약품의 고기능성 스킨케어 브랜드 '랩클'이 약대생 대상 제약산업 설명회에 참여해 참가자들과 소통하고 제품 체험 기회를 제공했다. 현대약품은 서울 마포중앙도서관에서 수도권 약대생 제약마케팅 전략학회 PPL이... ,http://www.press9.kr/news/articleView.html?idxno=82507,http://www.press9.kr/news/articleView.html?idxno=82507,"Thu, 10 Sep 2026 09:22:00 +0900",2026-09-10 09:55:04
바이오/헬스,제약 산업,"한양대 ERICA, AI로 의약품 안전망 키울 융합인재 양성 본격화",“AI+PRISM을 통해 이러한 변화에 선제적으로 대응하겠다”고 말했다. 그러면서 “의약품·헬스케어 분야의 사회문제를 해결하고 제약·바이오산업의 미래 경쟁력을 이끌 융합인재를 양성하겠다”고 덧붙였다.,https://www.etnews.com/20260910000028,https://n.news.naver.com/mnews/article/030/0003465395?sid=105,"Thu, 10 Sep 2026 09:14:00 +0900",2026-09-10 09:55:04
바이오/헬스,제약 산업,"[기자수첩] 종목코드 '000020' 동화약품, '코르티스'로 얻는 효과",국내 제약산업의 시작과 함께한 동화약품이 129년의 역사를 현재의 감각으로 이어가고 있다. 1897년 창립해 국내에서 가장 오래된 제약기업으로 자리 잡은 데 이어 1976년 유가증권시장에 입성한 동화약품은 현재... ,https://www.fetv.co.kr/news/articleView.html?idxno=309901,https://www.fetv.co.kr/news/articleView.html?idxno=309901,"Thu, 10 Sep 2026 09:00:00 +0900",2026-09-10 09:55:04
바이오/헬스,제약 산업,"현대약품 랩클, 수도권 약대생 마케팅 학회 '제12회 PPL 제약의 정석' 참...","매년 약대생을 대상으로 제약산업 내 주요 직무와 업계 현황을 안내하는 설명회인 '제약의 정석'을 정기적으로 개최해 오고 있다. 현대약품은 제약산업에 관심이 있는 약학 전공생들과 업계 실무 정보를 나누고, 제약... ",https://www.pharmnews.com/news/articleView.html?idxno=306175,https://www.pharmnews.com/news/articleView.html?idxno=306175,"Thu, 10 Sep 2026 08:48:00 +0900",2026-09-10 09:55:04
바이오/헬스,제약 산업,"현대약품 '랩클', 약대생들과 소통‥ 브랜드 경험 확대",현대약품이 약대생들과 소통을 통해 자사 브랜드 경험은 물론 제약산업에 대한 이해를 넓힐 수 있는 자리에 동참했다. 현대약품의 고기능성 스킨케어 브랜드 '랩클'이 서울 마포중앙도서관에서 PPL(수도권 약대생... ,https://www.medipana.com/news/articleView.html?idxno=417373,https://www.medipana.com/news/articleView.html?idxno=417373,"Thu, 10 Sep 2026 08:46:00 +0900",2026-09-10 09:55:04
바이오/헬스,제약 산업,"지식산업센터 시장 붕괴 막는다…입주기업, 제한업종 빼고 다 허용","이에 따라 인공지능(AI) 앱 개발, 도심형 마이크로 풀필먼트 센터(MFC), 드론 서비스 등 융복합 신산업이 제약 없이 입주할 수 있게 된다. 여기에 지산 내 지원시설 면적을 한시 확대해 다양한 용도로 활용하도록 길을... ",https://www.dnews.co.kr/uhtml/view.jsp?idxno=202609092130186960364,https://www.dnews.co.kr/uhtml/view.jsp?idxno=202609092130186960364,"Thu, 10 Sep 2026 08:00:00 +0900",2026-09-10 09:55:04
바이오/헬스,제약 산업,인도 의약품 규제 문턱 낮춘다…'승인' 대신 '통지',"인도 제약산업 전문매체 익스프레스파마에 따르면, 인도 중앙의약품표준관리기구(CDSCO)는 최근 열린 국제의약품·헬스케어전시회 'iPHEX 2026'에서 위험 기반 규제체계로의 전환 방향을 제시했다. 랑가 찬드라셰카르(Ranga... ",https://www.medipana.com/news/articleView.html?idxno=417363,https://www.medipana.com/news/articleView.html?idxno=417363,"Thu, 10 Sep 2026 07:34:00 +0900",2026-09-10 09:55:04
바이오/헬스,제약 산업,비만치료제 열풍 이면 추적 이우진 김동우 기자 이달의 기자상,"이를 통해 비만치료제를 단순한 '살 빼는 약'이나 제약산업의 새로운 성장동력이 아니라 올바른 처방과 사용, 사회적 관리가 필요한 의약품이라는 관점에서 바라봐야 한다는 문제를 제기했다. &lt;히트뉴스&gt;는 위고비라는... ",https://www.hitnews.co.kr/news/articleView.html?idxno=79021,https://www.hitnews.co.kr/news/articleView.html?idxno=79021,"Thu, 10 Sep 2026 06:12:00 +0900",2026-09-10 09:55:04
바이오/헬스,제약 산업,"‘4중 작용’⋯ 국산 신약 ‘라티카’ 등장, 안구건조시장 요동치나",정윤택 제약산업전략연구원장은 “안구건조증은 눈물 분비량 증가나 각막 손상 개선 같은 객관적인 징후와 환자가 느끼는 주관적인 증상 개선을 임상에서 모두 입증하기가 굉장히 어려운 질환”이라며 “글로벌 시장... ,https://www.viva100.com/article/20260909500965,https://www.viva100.com/article/20260909500965,"Thu, 10 Sep 2026 06:10:00 +0900",2026-09-10 09:55:04
바이오/헬스,제약 산업,"한독·웰트·에이슬립, ‘수면 생태계’ 디지털 헬스케어로 혁신 정조준",한독은 이러한 제약 산업의 변화와 더불어 디지털 기기를 통한 근본적인 수면 생태계를 구축해 차별화된 리더십을 굳히겠다는 복안이다.한독 수면 생태계의 '치료' 영역을 담당하는 핵심은 웰트의 디지털 치료기기... ,https://www.yakup.com/news/index.html?mode=view&cat=12&nid=332328,https://www.yakup.com/news/index.html?mode=view&cat=12&nid=332328,"Thu, 10 Sep 2026 06:02:00 +0900",2026-09-10 09:55:04
바이오/헬스,제약 산업,레바미피드에서 레코플라본까지...K-신약의 공동개발 성공기,"'혼자 개발'에서 '역량을 연결하는 개발'로 레바미피드와 레코플라본의 연속적인 성공은 국내 제약산업의 신약개발 방식이 변하고 있음을 보여준다. 과거에는 물질 발굴부터 제제, 임상, 허가, 생산, 사업화까지 한 회사가... ",https://www.pharmnews.com/news/articleView.html?idxno=306166,https://www.pharmnews.com/news/articleView.html?idxno=306166,"Thu, 10 Sep 2026 06:00:00 +0900",2026-09-10 09:55:04
바이오/헬스,제약 산업,"한·프랑스, AI·반도체·양자 동맹 넓힌다…공동연구 넘어 시장 진출까...",첨단기술 협력을 연구 성과에 그치지 않고 바이오·제약 등 산업 분야로 확장하려는 움직임으로 풀이된다. ◇공동연구에서 인재 육성까지…한·프랑스 연구 생태계 연결 미래 연구인력을 잇는 대학·연구기관 간 교류도... ,https://www.geconomy.co.kr/news/article.html?no=323563,https://www.geconomy.co.kr/news/article.html?no=323563,"Thu, 10 Sep 2026 05:02:00 +0900",2026-09-10 09:55:04
바이오/헬스,신약 개발,"전남광주시, AI 활용 백신 제조·품질관리 기술개발 추진…국비 50억 확...",이를 위해 △차세대 항암 면역치료 원천기술 개발(300억 원) △mRNA 백신 실증 지원(430억 원) △바이오헬스 융복합지식산업센터 건립(397억 원) △펩타이드 첨단신약 원천기술 개발 플랫폼 구축(440억 원) △바이오... ,https://www.etnews.com/20260910000065,https://n.news.naver.com/mnews/article/030/0003465430?sid=102,"Thu, 10 Sep 2026 09:53:00 +0900",2026-09-10 09:55:05
바이오/헬스,신약 개발,"전남광주, AI로 백신 제조 혁신…국비 50억 확보",이를 위해 △차세대 항암 면역치료 원천기술 개발(300억원) △mRNA 백신 실증 지원(430억원) △바이오헬스 융복합 지식산업센터 건립(397억원) △펩타이드 첨단신약 원천기술 개발 플랫폼 구축(440억원) △바이오... ,https://www.asiatoday.co.kr/kn/view.php?key=20260910010003826,https://www.asiatoday.co.kr/kn/view.php?key=20260910010003826,"Thu, 10 Sep 2026 09:52:00 +0900",2026-09-10 09:55:05
바이오/헬스,신약 개발,"대원제약, 개량신약 개발 마무리 성과…'캐시카우' 확대 속도",대원제약이 개량·복합신약 개발을 잇달아 마무리하면서 향후 매출을 뒷받침할 제품군 확대에 속도를 내고 있다. 신약 후보물질은 임상 개발을 이어가는 가운데 상대적으로 상용화가 가까운 개량·복합신약을 허가와... ,http://www.press9.kr/news/articleView.html?idxno=82516,http://www.press9.kr/news/articleView.html?idxno=82516,"Thu, 10 Sep 2026 09:48:00 +0900",2026-09-10 09:55:05
바이오/헬스,신약 개발,화순 바이오단지에 AI 입힌다…백신 제조·품질관리 기술 개발,첨단신약 원천기술 개발 플랫폼 구축 △38억원 규모 바이오 스케일업 프로젝트 등을 추진하고 있다. 서형빈 전남광주통합특별시 전략산업국장은 &quot;이번 사업으로 화순 바이오 특화단지의 AI 기반 바이오의약품... ,https://www.m-i.kr/news/articleView.html?idxno=1412206,https://www.m-i.kr/news/articleView.html?idxno=1412206,"Thu, 10 Sep 2026 09:44:00 +0900",2026-09-10 09:55:05
바이오/헬스,신약 개발,"과기정통부, 프랑스와 인공지능·양자기술 협력 강화",한국생명공학연구원은 양자컴퓨팅 기업인 콴델라와도 손을 잡고 차세대 신약 개발을 연구하기로 했다. 한국 과학기술특성화대학 연합인 케이-스타와 파리 사클레 대학교도 네트워킹을 활성화하기로 했다. 배경훈... ,https://news.einfomax.co.kr/news/articleView.html?idxno=4434224,https://news.einfomax.co.kr/news/articleView.html?idxno=4434224,"Thu, 10 Sep 2026 09:38:00 +0900",2026-09-10 09:55:05
바이오/헬스,신약 개발,"전남광주통합특별시, '국비 50억 확보'... GC녹십자와 바이오 제조혁신...","바이오헬스 융복합 지식산업센터 건립 397억 원, 펩타이드 첨단신약 원천기술 개발 플랫폼 구축 440억 원, 유망 기업 육성을 위한 바이오 스케일업 프로젝트 38억 원 등 대단위 후속 연계 사업을 차질 없이 추진하고 있다.",https://www.newsworker.co.kr/news/articleView.html?idxno=503568,https://www.newsworker.co.kr/news/articleView.html?idxno=503568,"Thu, 10 Sep 2026 09:36:00 +0900",2026-09-10 09:55:05
바이오/헬스,신약 개발,틈새시장&quot; 벗어난 희귀의약품… 한국 제약시장 '고성장 섹터' 부상,또 최근 10년 간 국내 및 글로벌 제약사가 출시한  신약 50% 이상이 희귀의약품인 것으로 분석됐다.... 내놨다.신약 혁신 주류 부상 희귀의약품보고서에 따르면 한국 제약시장에서 '희귀의약품'은 더 이상 소수... ,https://www.yakup.com/news/index.html?mode=view&cat=12&nid=332355,https://www.yakup.com/news/index.html?mode=view&cat=12&nid=332355,"Thu, 10 Sep 2026 09:30:00 +0900",2026-09-10 09:55:05
바이오/헬스,신약 개발,"아이빔테크놀로지, K-Brain서 생체 뇌영상 플랫폼 소개",회사는 이러한 기술이 신약 개발 전임상 단계에서 치료제 효능과 작용 기전을 검증하는 데 활용될 수 있다고 보고 있다. 기초의학 연구에서는 뇌질환의 발병과 진행 과정을 규명하는 플랫폼으로 확장 가능하다는... ,https://new.dailypharm.com/user/news/342340?REFERER=NP,https://new.dailypharm.com/user/news/342340?REFERER=NP,"Thu, 10 Sep 2026 09:24:00 +0900",2026-09-10 09:55:05
바이오/헬스,신약 개발,"&quot;바이오인프라, 임상·시험검사 신사업 매출 확대&quot; - 아리스","임상시험의 복잡성 증가와 신약개발 확대, 다국가 임상 증가와 디지털 전환 등이 시장 성장을 이끌 것으로 분석됐다. 바이오인프라는 면역분석 사업에서도 리간드 결합 분석법을 활용해 고분자 바이오의약품의... ",https://www.newspim.com/news/view/20260910000244,https://www.newspim.com/news/view/20260910000244,"Thu, 10 Sep 2026 09:22:00 +0900",2026-09-10 09:55:05
바이오/헬스,신약 개발,유유제약 새 성장축 '고양이 바이오'…유원상 대표 '펫 헬스케어' 소통...,신약 및 바이오의약품 개발에는 장기간의 연구개발 투자와 안정적인 현금흐름이 필요한 만큼 기존 의약품 사업의 수익성이 신사업 투자 여력을 좌우할 수 있기 때문이다. 결국 유유제약은 기존 사람 의약품 사업에서... ,https://www.apsk.co.kr/news/articleView.html?idxno=540406,https://www.apsk.co.kr/news/articleView.html?idxno=540406,"Thu, 10 Sep 2026 09:22:00 +0900",2026-09-10 09:55:05
바이오/헬스,신약 개발,"화순, ‘AI 바이오 제조혁신’ 시험장 된다…전남광주, 50억 국비 확보","차세대 항암 면역치료 원천기술 개발, mRNA 백신 실증 지원, 바이오헬스 융복합 지식산업센터, 펩타이드 첨단신약 원천기술 개발 플랫폼, 바이오 스케일업 프로젝트 등 기존 사업과도 연계해 바이오 연구개발과 제조를... ",https://www.viva100.com/article/20260910500162,https://www.viva100.com/article/20260910500162,"Thu, 10 Sep 2026 09:22:00 +0900",2026-09-10 09:55:05
바이오/헬스,신약 개발,"한미약품, 신약 파이프라인 후기 임상 진입 속도…2027년부터 성과 가시...","한미약품의 신약 연구개발(R&amp;D) 파이프라인이 초기 임상을 넘어 후기 임상 단계로 이동하고 있다. 올해까지 주요 후보물질의 임상 진입과 데이터 확보에 집중했다면, 내년부터는 임상 3상 개시와 결과 발표, 허가... ",http://www.press9.kr/news/articleView.html?idxno=82506,http://www.press9.kr/news/articleView.html?idxno=82506,"Thu, 10 Sep 2026 09:14:00 +0900",2026-09-10 09:55:05
바이오/헬스,신약 개발,'10년 새 5배 성장' 국내 희귀의약품 시장...미충족 수요 해결 축으로 부...,"신약 개발 영역에서도 희귀의약품의 비중이 확대되는 추세다. 2025년 국내에 출시된 신물질 신약(NAS) 21개 중 11개(52%)가 희귀의약품으로 확인됐다. 이는 글로벌 흐름과 유사한 수준으로, 글로벌 R&amp;D 동향... ",https://www.pharmnews.com/news/articleView.html?idxno=306182,https://www.pharmnews.com/news/articleView.html?idxno=306182,"Thu, 10 Sep 2026 09:08:00 +0900",2026-09-10 09:55:05
바이오/헬스,신약 개발,"광주특별시, AI 활용 백신 제조·품질 관리 기술 개발 추진",이를 위해 △차세대 항암 면역치료 원천기술 개발(300억원) △mRNA 백신 실증 지원(430억원) △바이오헬스 융복합 지식산업센터 건립(397억원) △펩타이드 첨단 신약 원천기술 개발 플랫폼 구축(440억원) △바이오... ,https://www.fnnews.com/news/202609100845438883,https://n.news.naver.com/mnews/article/014/0005573705?sid=102,"Thu, 10 Sep 2026 09:04:00 +0900",2026-09-10 09:55:05
바이오/헬스,신약 개발,"전남광주특별시, 바이오헬스 R&amp;D 공모 선정…AI 백신 품질관리 국비 50억...","이와 함께 차세대 항암 면역치료 원천기술 개발(300억 원), mRNA 백신 실증 지원(430억 원), 바이오헬스 융복합 지식산업센터 건립(397억 원), 펩타이드 첨단신약 원천기술 개발 플랫폼 구축(440억 원), 바이오 스케일업... ",https://www.gukjenews.com/news/articleView.html?idxno=3690553,https://www.gukjenews.com/news/articleView.html?idxno=3690553,"Thu, 10 Sep 2026 09:00:00 +0900",2026-09-10 09:55:05
바이오/헬스,신약 개발,"케이메디허브, '인공지능 활용 혁신신약 발굴사업' 성과교류회 개최","인공지능 신약개발 공공 플랫폼을 고도화하고, 이를 실제 연구에 적용해 신약 후보물질 발굴 효율성을 높이는 것을 목적으로 한다. 사업 총괄운영을 맡은 케이메디허브 신약개발지원센터는 과제 간 기술·데이터 연계와... ",https://www.pharmnews.com/news/articleView.html?idxno=306180,https://www.pharmnews.com/news/articleView.html?idxno=306180,"Thu, 10 Sep 2026 08:56:00 +0900",2026-09-10 09:55:05
바이오/헬스,신약 개발,"전남광주시, AI 활용 백신 제조·품질관리 기술개발 추진",이를 위해 ▲차세대 항암 면역치료 원천기술 개발(300억 원) ▲mRNA 백신 실증 지원(430억 원) ▲바이오헬스 융복합 지식산업센터 건립(397억 원) ▲펩타이드 첨단신약 원천기술 개발 플랫폼 구축(440억 원) ▲바이오... ,https://www.seoul.co.kr/news/economy/2026/09/10/20260910500020?wlog_tag3=naver,https://n.news.naver.com/mnews/article/081/0003678795?sid=101,"Thu, 10 Sep 2026 08:51:00 +0900",2026-09-10 09:55:05
바이오/헬스,헬스케어 시장,'김승원 신약 청탁' 제넨셀 설립 후 3년 간 누적 적자 46억…줄곧 재정...,"제넨셀은 바이오 헬스케어 벤처기업으로 2016년 8월 강세찬 경희대 교수에 의해 설립됐다. 회사는 제주... 세종메디칼은 63억원에 취득했던 제넨셀 지분이 전액 손상 처리되며 장부가액이 0원이 됐고, 코스닥시장에서... ",https://www.dailian.co.kr/news/view/1688683/?sc=Naver,https://n.news.naver.com/mnews/article/119/0003131117?sid=102,"Thu, 10 Sep 2026 09:54:00 +0900",2026-09-10 09:55:05
바이오/헬스,헬스케어 시장,"에이슬립, 에어리퀴드헬스케어와 수면무호흡증 선별·관리 협력",두 번째는 유럽 시장 진출이다. 앱노트랙은 지난 2월 유럽 의료기기규정(MDR)에 따른 CE 인증(Class I)을 획득해 현지에서 초기 검증을 진행 중이다. 양측은 에어리퀴드헬스케어가 사업을 운영하는 유럽 여러 국가에서... ,https://www.rapportian.com/news/articleView.html?idxno=240177,https://www.rapportian.com/news/articleView.html?idxno=240177,"Thu, 10 Sep 2026 09:46:00 +0900",2026-09-10 09:55:05
바이오/헬스,헬스케어 시장,"[속보] 美 와일드캣, 오스탈USA에 13.5억弗 맞불…&quot;조선소는 美자본이&quot; ...","회장인 에릭 니콜라이데스는 재생에너지·통신·헬스케어 분야에서 기업을 설립·투자·개발해 왔고... 시장 &quot;한화, 추가 베팅 가능성&quot;…타타랑 CEO &quot;전략적 가치 반영돼야&quot; 시장에서는 한화의 재반격 여부에 촉각을... ",https://www.the-today.com/news/articleView.html?idxno=89860,https://www.the-today.com/news/articleView.html?idxno=89860,"Thu, 10 Sep 2026 09:36:00 +0900",2026-09-10 09:55:05
바이오/헬스,헬스케어 시장,"로킷헬스케어, 中 하이난 의료관광구 진출⋯궈룬社와 유통계약","이투데이=이상민 기자 | “4개월 내 현지서 환자 대상, AI 피부재생 수술 시작 목표” 로킷헬스케어가 중국... 이번 진출은 중국 의료시장에서 하이난 러청의 혁신의료기기 조기 도입 특례 제도인 ‘선행선시(先行先试)... ",https://www.etoday.co.kr/news/view/2623906,https://www.etoday.co.kr/news/view/2623906,"Thu, 10 Sep 2026 09:34:00 +0900",2026-09-10 09:55:05
바이오/헬스,헬스케어 시장,"페덱스, 아태 지역 새 수장에 리처드 모건 선임","이상의 시장에서 사업 성장과 비즈니스 전환, 주요 전략 과제를 이끌었다. 페덱스는 모건 수석 부사장의 경험을 바탕으로 항공우주, 인공지능(AI) 및 데이터센터 인프라, 자동차, 헬스케어 등 전략 산업에 대한 사업... ",https://www.klnews.co.kr/news/articleView.html?idxno=322658,https://www.klnews.co.kr/news/articleView.html?idxno=322658,"Thu, 10 Sep 2026 09:34:00 +0900",2026-09-10 09:55:05
바이오/헬스,헬스케어 시장,"바이오루틱스 김지안 대표, 프리미엄 구강 전문 브랜드 ‘오라코드' 출...",바이오·헬스케어 전문기업 바이오루틱스(대표 김지안)는 프리미엄 구강 전문 브랜드 ‘오라코드(ORACODE)... 이 회사 김지안 대표를 통해 약국 시장 기반의 브랜드 전략과 기술적 배경을 들어보았다. ‘오라코드’... ,https://www.yakup.com/news/index.html?mode=view&cat=12&nid=332356,https://www.yakup.com/news/index.html?mode=view&cat=12&nid=332356,"Thu, 10 Sep 2026 09:34:00 +0900",2026-09-10 09:55:05
바이오/헬스,헬스케어 시장,연말 IPO 시장 본격화…앤트로픽 등 AI 기업 출격 대기,"미국 노동절 연휴가 막을 내리면서 연말 기업공개(IPO) 시장을 선점하기 위한 기업들의 행보가 본격화하고... 도이치뱅크의 아제이 샤 기술투자은행 부문장은 &quot;데이터센터, 전력·냉각시스템, 소비자 헬스케어 등... ",https://www.ebn.co.kr/news/articleView.html?idxno=1723710,https://www.ebn.co.kr/news/articleView.html?idxno=1723710,"Thu, 10 Sep 2026 09:32:00 +0900",2026-09-10 09:55:05
바이오/헬스,헬스케어 시장,"빅스캔, 구강용카메라 'ES-160K' 출시…국내 론칭·해외 파트너십 구축",특히 미국 글로벌 헬스케어 유통 기업 헨리 샤인과 구강용 카메라 등 자사 제품을 제조자개발생산(ODM) 방식으로 전 세계 시장에 수출하기 위한 전략적 파트너십을 추진중이다. 이러한 글로벌 유통네트워크 구축을... ,https://www.etnews.com/20260909000415,https://n.news.naver.com/mnews/article/030/0003465408?sid=102,"Thu, 10 Sep 2026 09:31:00 +0900",2026-09-10 09:55:05
바이오/헬스,헬스케어 시장,"엣지파운드리, AI 유아용 카메라에 열화상 센서 기술 공급",[사진=엣지파운드리] 엣지파운드리가 산업·전장 분야에서 축적한 적외선 열화상 기술을 유아 헬스케어 시장으로 확대한다고 10일 밝혔습니다. 엣지파운드리는 AI 모니터링 기업 엠테이크의 유아용 AI 웰니스 카메라... ,http://www.paxetv.com/news/articleView.html?idxno=281469,http://www.paxetv.com/news/articleView.html?idxno=281469,"Thu, 10 Sep 2026 09:30:00 +0900",2026-09-10 09:55:05
바이오/헬스,헬스케어 시장,"바이오루틱스,10년 축적 '미르치약' 노하우 담은 '오라코드' 론칭",퍼블릭타임스=바이오·헬스케어 및 몰약 연구 전문기업 바이오루틱스가 10년간 약국 시장에서 축적한 미르치약의 기술과 제품 경험을 바탕으로 전문 구강케어 브랜드를 선보이며 시장 확대에 나선다. 바이오루틱스는... ,https://www.public25.com/news/articleView.html?idxno=54443,https://www.public25.com/news/articleView.html?idxno=54443,"Thu, 10 Sep 2026 09:30:00 +0900",2026-09-10 09:55:05
바이오/헬스,헬스케어 시장,"헥토헬스케어, &quot;드시모네, 유산균 브랜드 1위&quot;",김석진 헥토헬스케어 대표는 &quot;많은 소비자가 직접 참여한 투표에서 1위로 선정됐다는 점에 의미를 두고 있다&quot;며 &quot;연구개발을 기반으로 제품에 대한 신뢰를 높이고 국내 시장에서 쌓은 경쟁력을 해외에서도 이어갈 수... ,https://www.smartbizn.com/news/articleView.html?idxno=153517,https://www.smartbizn.com/news/articleView.html?idxno=153517,"Thu, 10 Sep 2026 09:28:00 +0900",2026-09-10 09:55:05
바이오/헬스,헬스케어 시장,"헥토헬스케어 드시모네, 올해의 브랜드 대상 유산균 1위","시장에서 입지를 이어가고 있다. 성장 단계별로 고를 수 있는 베이비·키즈 스텝 시리즈, 미오이노시톨 4000mg을 담은 '드시모네 밸런스케어' 등으로 라인업을 갖췄다. 반려동물용 브랜드 '드시모네펫'을 통해 펫 헬스케... ",https://www.digitaltoday.co.kr/news/articleView.html?idxno=699516,https://www.digitaltoday.co.kr/news/articleView.html?idxno=699516,"Thu, 10 Sep 2026 09:28:00 +0900",2026-09-10 09:55:05
바이오/헬스,헬스케어 시장,"로킷헬스케어, 중국 하이난 러청 진출…4개월 내 첫 시술 추진",로킷헬스케어가 중국 하이난 보아오 러청 국제의료관광 선행구에 진출해 인공지능(AI) 기반 피부재생... 유효치료시장(SAM)을 약 813만명으로 자체 추산했다. 이 가운데 당뇨발 관련 시장은 약 688만명으로 추산했다.... ,https://www.mydaily.co.kr/page/view/2026091009275996825,https://n.news.naver.com/mnews/article/117/0004103859?sid=102,"Thu, 10 Sep 2026 09:28:00 +0900",2026-09-10 09:55:05
바이오/헬스,헬스케어 시장,'불면증 해결' 진심인 한독…&quot;디지털로 공백없이 치료&quot;,&quot; 김윤미 한독 전문의약품 및 디지털헬스케어 비즈니스 총괄 전무는 지난 9일 서울 강남구에서 열린 미디어 세션에서 이같이 밝히며 수면 치료제 시장에서 쌓아온 전문성과 의료진 네트워크에 디지털헬스케어 기술을... ,https://www.newsis.com/view/NISX20260910_0003783681,https://n.news.naver.com/mnews/article/003/0014181259?sid=102,"Thu, 10 Sep 2026 09:27:00 +0900",2026-09-10 09:55:05
바이오/헬스,헬스케어 시장,[기업들] AI·대안정보부터 반도체 소재 국산화·아프리카 협력까지…미...,"사진=(오른쪽부터) LG CNS 금융공공사업부 배민 전무와 차움 김재화 원장, 차헬스케어 이준영 전무가... 글로벌 시장 개척과 친환경 에너지 전환 움직임도 활발하다. 현대자동차그룹은 아프리카개발은행(AfDB)과... ",http://www.dailypop.kr/news/articleView.html?idxno=102425,http://www.dailypop.kr/news/articleView.html?idxno=102425,"Thu, 10 Sep 2026 09:26:00 +0900",2026-09-10 09:55:05
바이오/헬스,헬스케어 시장,"바이오루틱스, 프리미엄 구강케어 '오라코드' 론칭…첫 제품은 미르치약",인더스트리뉴스 서영길 기자  잇몸 건강과 구강 관리에 대한 관심이 높아지는 가운데 바이오루틱스(대표 김지안)가 몰약을 기반으로 한 구강케어 제품을 앞세워 전문 브랜드 시장에 진출한다. 바이오·헬스케어 몰약연구... ,https://www.industrynews.co.kr/news/articleView.html?idxno=85789,https://www.industrynews.co.kr/news/articleView.html?idxno=85789,"Thu, 10 Sep 2026 09:26:00 +0900",2026-09-10 09:55:05
바이오/헬스,헬스케어 시장,"로킷헬스케어, 中 러청 진출…4개월 내 피부재생 수술 목표","한편, 로킷헬스케어는 중국에 앞서 해외 의료시장에서도 피부재생 플랫폼의 적용 범위를 넓히고 있다. 지난 4월에는 쿠웨이트 정부로부터 3D 바이오프린팅 기반 피부재생 플랫폼의 국가병원 공급 발주를 받았고... ",https://www.news1.kr/bio/healthcare/6285881,https://n.news.naver.com/mnews/article/421/0009162019?sid=103,"Thu, 10 Sep 2026 09:25:00 +0900",2026-09-10 09:55:05
AI/소프트웨어,AI 주가,[뉴욕 브리핑] 유가 100달러·국채금리 급등…美증시 3일째 하락,"◇애플, 접이식 '아이폰 듀오' 공개…주가는 하락 애플이 첫 접이식 아이폰인 '아이폰 듀오'를... -클라우드 보안업체 클라우드플레어는 오픈AI와 협력해 새로운 AI 보안 서비스를 공개하면서 10.51% 급등했다.",https://news.dealsitetv.com/articles/175829,https://news.dealsitetv.com/articles/175829,"Thu, 10 Sep 2026 09:54:00 +0900",2026-09-10 09:55:06
AI/소프트웨어,AI 주가,멘탈 케어도 주식 투자도 하는 AI 매니저 등장…&quot;내 외모는 신예은&quot;,"AI로 직접 만든 주식 포트폴리오 사이트를 통해 보유 종목의 비율과 등락, 수익률을 확인한다. 주가가 오른 종목에 대해 상승 원인을 질문하고, '딥 리서치' 기능으로 심층 분석 보고서까지 받아본다. AI를 활용한... ",http://www.atstar1.com/news/articleView.html?idxno=6038484,https://m.entertain.naver.com/article/415/0000051783,"Thu, 10 Sep 2026 09:53:00 +0900",2026-09-10 09:55:06
AI/소프트웨어,AI 주가,[전격시사] 윤희숙 국민의힘 전 의원 - “‘툭툭’ 내뱉는 대통령의 입...,그리고 그게 뭐 그 뒤에 주가 여러 사람한테 많은 돈을 안겨줬어요. 자 이 얘기는 뭐냐면 김승원이라는 사람... 또 일각에서는 AI가 또 표준이 됐고 많은 투자가 필요해서 이런 큰 예산이 필요하다는 지적도 나오거든요.... ,https://news.kbs.co.kr/news/pc/view/view.do?ncd=8659812&ref=A,https://n.news.naver.com/mnews/article/056/0012254678?sid=100,"Thu, 10 Sep 2026 09:53:00 +0900",2026-09-10 09:55:06
AI/소프트웨어,AI 주가,"카카오, 16일 소액주주 대상 인적분할 설명회···'지분 60%' 표심 잡을...","복합기업 디스카운트를 해소해 기업가치를 높이겠다는 계획과 달리 분할 발표 이후 주가가 오히려 하락한 상황에서, 주주들의 동의를 얻지 못한다면 향후 카카오AI와 카카오X가 각각 시장에서 제대로 된 가치평가를... ",https://www.sisajournal-e.com/news/articleView.html?idxno=423610,https://www.sisajournal-e.com/news/articleView.html?idxno=423610,"Thu, 10 Sep 2026 09:52:00 +0900",2026-09-10 09:55:06
AI/소프트웨어,AI 주가,"로이터 &quot;삼전닉스 130조 주주환원, 코리아 디스카운트 해소엔 부족&quot;",한국 증시는 올해 AI 호황과 기업이익 증가 기대에 67% 상승했다. 그럼에도 골드만삭스에 따르면 코스피의 2027년 예상이익 기준 주가수익비율(PER)은 4.3배로 아시아·태평양 지수의 11배를 크게 밑돈다.... ,https://www.news1.kr/world/northeast-asia/6285831,https://n.news.naver.com/mnews/article/421/0009162100?sid=104,"Thu, 10 Sep 2026 09:49:00 +0900",2026-09-10 09:55:06
AI/소프트웨어,AI 주가,"카이스트 허성범, AI 매니저와 24시간 일상…'전참시' 최초 등장","특히 주가가 상승한 종목을 발견하면 AI에게 상승 배경을 질문하고, ‘딥 리서치’ 기능을 이용해 보다 깊이 있는 분석 보고서까지 받아본다. AI 연구원이라는 전문성을 실제 투자 관리에도 접목한 허성범만의 주식... ",http://enews.imbc.com/News/RetrieveNewsInfo/517802,https://m.entertain.naver.com/article/408/0000321045,"Thu, 10 Sep 2026 09:49:00 +0900",2026-09-10 09:55:06
AI/소프트웨어,AI 주가,SK하이닉스 ADR 7% 급등…메모리 공급난 전망에 사상 최고,전망이 주가를 끌어올렸다. 이날 투자 전문매체 배런스에 따르면 UBS의 티머시 아커리 애널리스트는 D램과 낸드 모두 2027년까지 공급 부족 상태가 이어질 것으로 내다봤다. AI 데이터센터 투자 확대가 메모리... ,https://www.etoday.co.kr/news/view/2623932,https://www.etoday.co.kr/news/view/2623932,"Thu, 10 Sep 2026 09:48:00 +0900",2026-09-10 09:55:06
AI/소프트웨어,AI 주가,애플 '폴더블폰' 첫선...아이폰 'AI 허브' 승부수?,"새로운 AI 기능 등을 발표했다고 전했다. 행사는 이날 미국 캘리포니아주 쿠퍼티노의 애플 파크 내 스티브... 한편 애플 주가는 9일 뉴욕증시 정규장에서 0.28% 하락한 315.34달러로 마감했지만, 시간외 거래에서는 미... ",http://www.choicenews.co.kr/news/articleView.html?idxno=171130,http://www.choicenews.co.kr/news/articleView.html?idxno=171130,"Thu, 10 Sep 2026 09:46:00 +0900",2026-09-10 09:55:06
AI/소프트웨어,AI 주가,[김현철의 美증시] 뉴욕 증시 2대 악재에 3일 연속 하락세,"월가의 금융기관들은 메타의 AI 제품 주기가 주가에 충분히 반영되지 않았다며 매우 긍정적인 평가를 내놓았고, Mizuho 증권과 KeyBanc는 각각 목표주가를 750달러와 780달러로 설정하며 매수 의견을 유지했다. 반면 애플은... ",http://www.00news.co.kr/news/articleView.html?idxno=106482,http://www.00news.co.kr/news/articleView.html?idxno=106482,"Thu, 10 Sep 2026 09:46:00 +0900",2026-09-10 09:55:06
AI/소프트웨어,AI 주가,한화오션 장중 숨고르기 최근 상승 흐름 뒤 태국 호위함 본계약 주목,최근 주가가 반등 흐름을 이어온 가운데 전날 태국 왕립해군의 차세대 호위함 도입 사업 우선협상대상자로... 따른 최종 판단과 책임은 투자자 본인에게 있습니다.  AI가 자료 정리에 활용됐습니다.] ▮ CBC뉴스ㅣCBCNEWS,https://www.cbci.co.kr/news/articleView.html?idxno=605501,https://www.cbci.co.kr/news/articleView.html?idxno=605501,"Thu, 10 Sep 2026 09:42:00 +0900",2026-09-10 09:55:06
AI/소프트웨어,AI 주가,[1% 초고수의 개장 선택] 'TPC로보틱스' 사고 '삼성전기' 줄였다,실적 추정치가 상향되는 것과 달리 주가가 약세를 보이면서 그동안 주가에 반영됐던 AI·MLCC 성장 기대를 일부 되돌리는 차익실현 매물이 출회되고 있다는 분석이다. 여기에 이날 코스피 장 초반 외국인과 기관이... ,https://www.ebn.co.kr/news/articleView.html?idxno=1723715,https://www.ebn.co.kr/news/articleView.html?idxno=1723715,"Thu, 10 Sep 2026 09:40:00 +0900",2026-09-10 09:55:06
AI/소프트웨어,인공지능 산업,원익홀딩스 장중 0.86% 상승 투자계획 로봇 생태계 확장,산업통상부는 이번 투자가 제조업의 인공지능 전환 전략인 M.AX 얼라이언스 성과 확산과 맞물려 있다는 점을 강조했다. 제조 AX 설비투자뿐 아니라 로봇핸드 기술경쟁력을 확보하기 위해 정부 차원의 자금 공급이... ,https://www.cbci.co.kr/news/articleView.html?idxno=605506,https://www.cbci.co.kr/news/articleView.html?idxno=605506,"Thu, 10 Sep 2026 09:54:00 +0900",2026-09-10 09:55:07
AI/소프트웨어,인공지능 산업,"SK텔레콤, GSMA M360 참석…글로벌 AI·디지털 신뢰 협력",SK텔레콤이 말레이시아 쿠알라룸푸르에서 열린 'GSMA M360 아세안'에 참석해 인공지능(AI) 시대 성장 전략과... 통신 산업 성장 기회와 통신 인프라 전환 전략을 논의했다. 정 대표는 아시아 AI 인프라 허브 도약을 포함한... ,http://www.newskr.kr/news/articleView.html?idxno=106266,http://www.newskr.kr/news/articleView.html?idxno=106266,"Thu, 10 Sep 2026 09:54:00 +0900",2026-09-10 09:55:07
AI/소프트웨어,인공지능 산업,"전남광주시, AI 활용 백신 제조·품질관리 기술개발 추진",전남광주통합특별시는 산업통상부의 바이오헬스 분야 연구개발 공모사업에 '인공지능(AI) 활용 백신 제조변동성 제어 및 지능형 품질관리시스템 개발사업'이 선정됐다고 10일 밝혔다. 이번 사업은 국가첨단전략산업... ,https://www.pinpointnews.co.kr/news/articleView.html?idxno=485693,https://www.pinpointnews.co.kr/news/articleView.html?idxno=485693,"Thu, 10 Sep 2026 09:52:00 +0900",2026-09-10 09:55:07
AI/소프트웨어,인공지능 산업,"최대호 안양시장, UN 무대서 ‘AI 스마트도시 안양’ 알렸다…“도시 경...","시민 안전과 교통, 재난 분야의 데이터를 하나로 연결하고 인공지능(AI)을 접목한 안양시... ITU와 유엔 해비타트(UN-Habitat), 핀란드 탐페레시가 공동 주최한 이번 포럼에는 세계 각국의 도시·정부·산업계·학계... ",http://www.beyondpost.co.kr/view.php?ud=2026091009271277054c878f8fa1_30,http://www.beyondpost.co.kr/view.php?ud=2026091009271277054c878f8fa1_30,"Thu, 10 Sep 2026 09:52:00 +0900",2026-09-10 09:55:07
AI/소프트웨어,인공지능 산업,"뉴아이, 부니콘 피치데이 '최우수상'…20개 기업 중 1위","자산 세금 인공지능(AI) 솔루션 '택스아이(TAX AI)'를 운영하는 뉴아이가 부산시와 부산기술창업투자원이... KDB산업은행 넥스트원(NextONE), IBK창공, KB스타터스, 우리금융 디노랩 등 스타트업 육성 프로그램에도 선정됐다.... ",https://www.newsis.com/view/NISX20260910_0003783834,https://n.news.naver.com/mnews/article/003/0014181360?sid=102,"Thu, 10 Sep 2026 09:52:00 +0900",2026-09-10 09:55:07
AI/소프트웨어,인공지능 산업,"KT·서울아산병원, 의료 현장 전반에 AI 도입 추진…'미래형 병원' 구축...",/사진=KT KT가 서울아산병원과 손잡고 첨단 인공지능(AI) 기술을 실제 임상 현장에 접목하는 미래형 AI 병원... 박승일 서울아산병원장은 &quot;앞으로의 의료 산업 경쟁력은 확보한 데이터와 AI 기술을 실제 진료 현장에 얼마나... ,https://www.businessplus.kr/news/articleView.html?idxno=116645,https://www.businessplus.kr/news/articleView.html?idxno=116645,"Thu, 10 Sep 2026 09:52:00 +0900",2026-09-10 09:55:07
AI/소프트웨어,인공지능 산업,"LS일렉트릭, 북미 AIDC 1064억 계약 2309억으로 확대…1.2조 수주로 입증...",지난 6월 공포된 '인공지능 데이터센터 산업 진흥에 관한 특별법'은 2027년 3월 시행될 예정이다. 특별법은 AI 데이터센터 관련 인허가의 일괄처리 체계를 도입하고 비수도권에서 AI 데이터센터를 신축·확장하거나... ,https://www.upkoreanews.kr/news/articleView.html?idxno=100168,https://www.upkoreanews.kr/news/articleView.html?idxno=100168,"Thu, 10 Sep 2026 09:50:00 +0900",2026-09-10 09:55:07
AI/소프트웨어,인공지능 산업,'25개 기업·1300명 구직자'...남양주시 채용박람회 뜨거웠다,"특히 왕숙도시첨단산업단지를 중심으로 인공지능(AI), 바이오 등 미래 첨단산업 분야 기업을 유치하고 이를 지역의 새로운 일자리 기반으로 연결한다는 구상이다. 도시 개발과 산업 기반 확충이 실제 시민들의 일자리... ",https://www.pointdaily.co.kr/news/articleView.html?idxno=318721,https://www.pointdaily.co.kr/news/articleView.html?idxno=318721,"Thu, 10 Sep 2026 09:50:00 +0900",2026-09-10 09:55:07
AI/소프트웨어,인공지능 산업,"“물·에너지·AI가 만났다”…대구, 미래 물관리 해법 찾는다","에너지, 인공지능은 서로 분리된 영역이 아니라 하나의 해법으로 연결돼야 한다”고 말했다. 대구시는 이번 행사를 단순한 국제회의를 넘어 지역 물산업의 해외시장 진출을 확대하는 실질적인 비즈니스 플랫폼으로... ",https://www.g-enews.com/view.php?ud=202609100907097148d2e64277d7_1,https://www.g-enews.com/view.php?ud=202609100907097148d2e64277d7_1,"Thu, 10 Sep 2026 09:50:00 +0900",2026-09-10 09:55:07
AI/소프트웨어,인공지능 산업,"정재헌 SKT 대표, GSMA 사무총장 만나 'AI 시대 통신 성장 전략' 논의",정재헌 SK텔레콤(SKT) 대표가 비벡 바드리나트 세계이동통신사업자협회(GSMA) 사무총장과 만나 인공지능(AI) 시대 통신 산업의 성장 전략을 논의했다. SKT는 정 대표가 9일(현지 시간) 말레이시아 쿠알라룸푸르에서 열린... ,https://www.ebn.co.kr/news/articleView.html?idxno=1723716,https://www.ebn.co.kr/news/articleView.html?idxno=1723716,"Thu, 10 Sep 2026 09:50:00 +0900",2026-09-10 09:55:07
AI/소프트웨어,인공지능 산업,세종 '앵커사업' 대학 협력 결실…115억 국가 R&amp;D 수주,인공지능(AI)과 수의학을 결합한 융합 연구가 본격 추진되면서 세종지역 대학 협력의 실질적인 성과로... 또 대학의 연구성과를 국가 R&amp;D뿐 아니라 지역기업과 산업의 혁신으로 연결할 수 있는 지·산·학·연 협력모델도... ,https://www.gukjenews.com/news/articleView.html?idxno=3690629,https://www.gukjenews.com/news/articleView.html?idxno=3690629,"Thu, 10 Sep 2026 09:50:00 +0900",2026-09-10 09:55:07
AI/소프트웨어,인공지능 산업,"벤츠코리아, 국내 스타트업 4곳과 미래 모빌리티 기술 검증","인공지능(AI)을 활용한 업무 효율화 뿐만 아니라 차량 개발·검증, 자율주행, 차세대 전기차 충전 기술까지 협업 범위를 확대, 자동차 산업 현장에서 기술 적용 가능성을 검증한다. 이들은 12월까지 단계별 기술 검증을... ",https://www.etnews.com/20260910000060,https://n.news.naver.com/mnews/article/030/0003465424?sid=103,"Thu, 10 Sep 2026 09:49:00 +0900",2026-09-10 09:55:07
AI/소프트웨어,인공지능 산업,"전남광주시, AI 활용 백신 제조·품질관리 기술개발 추진",전남광주통합특별시는 산업통상부의 바이오헬스 분야 연구개발 공모사업에 '인공지능(AI) 활용 백신 제조변동성 제어 및 지능형 품질관리시스템 개발사업'이 선정됐다고 10일 밝혔다. GC녹십자가 주관하고... ,https://www.yna.co.kr/view/AKR20260910045100054?input=1195m,https://n.news.naver.com/mnews/article/001/0016301657?sid=105,"Thu, 10 Sep 2026 09:49:00 +0900",2026-09-10 09:55:07
AI/소프트웨어,인공지능 산업,"박홍근 &quot;미래대응기금, 내후년 이후 세입 여건에 따라 소멸될 수도&quot;","확보하면서도 미래성장 동력을 확충하는 방향으로 균형을 모색했다는 평가를 내놨고, 피치는 수입의 변동성을 완화하고 인공지능(AI) 같은 전략산업에 대한 투자가 성장 잠재력을 높일 수 있다고 평가했다고 밝혔다.",https://view.asiae.co.kr/article/2026091009494456155,https://n.news.naver.com/mnews/article/277/0005814444?sid=101,"Thu, 10 Sep 2026 09:49:00 +0900",2026-09-10 09:55:07
AI/소프트웨어,클라우드 시장,IPO 시장 다시 기지개,"중소형주들을 중심으로 기지개를 켠 IPO 시장은 무신사, 메가존클라우드, 리벨리온 등 유니콘 기업들의 참여로 더욱 활기가 돌 예정이다. 패션 플랫폼 기업 무신사는 지난 7일 한국거래소에 유가증권시장... ",http://www.smedaily.co.kr/news/articleView.html?idxno=362936,http://www.smedaily.co.kr/news/articleView.html?idxno=362936,"Thu, 10 Sep 2026 09:54:00 +0900",2026-09-10 09:55:07
AI/소프트웨어,클라우드 시장,AI 데이터센터 '전력 전쟁' 올라탄 미코…세계 1위 HRSG 기업 인수,인공지능(AI) 데이터센터 확대로 급성장하는 북미 전력시장을 공략한다는 계획이다. 미코그룹은 지난 9일... 생성형 AI와 클라우드 서비스 확산으로 북미에서 대규모 데이터센터 건설이 이어지면서 안정적인 전력... ,https://www.hankyung.com/article/202609105765i,https://n.news.naver.com/mnews/article/015/0005330789?sid=101,"Thu, 10 Sep 2026 09:48:00 +0900",2026-09-10 09:55:07
AI/소프트웨어,클라우드 시장,"KT-서울아산병원, 'AI 병원' 구축 맞손","“AI·클라우드·데이터를 아우르는 AX 플랫폼 역량을 바탕으로 의료 현장의 AX 혁신을 가속화하고 미래 의료... 한편 KT는 최근 서울대병원, 연세의료원 등과 연이어 협력관계를 구축하고 의료AX 시장 공략을 강화하고... ",https://www.etnews.com/20260910000055,https://n.news.naver.com/mnews/article/030/0003465420?sid=105,"Thu, 10 Sep 2026 09:45:00 +0900",2026-09-10 09:55:07
AI/소프트웨어,클라우드 시장,퓨리오사AI &quot;에이수스와 NPU 카드 넘어 AI 인프라로 협력 확대&quot;,"자체 개발한 NPU와 소프트웨어 기술력을 바탕으로 데이터센터 AI 추론 시장을 공략하고 있으며, 2세대 NPU... 이어 &quot;삼성SDS 클라우드 인스턴스에 레니게이드가 도입돼 기업 고객 대상 상용 서비스 중이며 업스테이지 등... ",https://zdnet.co.kr/view/?no=20260909163018,https://n.news.naver.com/mnews/article/092/0002436910?sid=105,"Thu, 10 Sep 2026 09:38:00 +0900",2026-09-10 09:55:07
AI/소프트웨어,클라우드 시장,"클라우스DX, STO·RWA 시장 공략 본격화…‘디지털 자본시장 생태계’ 구...","글로벌 시장 진출 등을 주요 사업축으로 추진하고 있다. 클라우스DX는 특히 클라우드와 IT 인프라, 금융 SI, 블록체인, 인공지능(AI) 기반 시스템 구축 역량을 디지털 자본시장 사업의 핵심 경쟁력으로 활용한다는... ",https://www.hankookilbo.com/news/article/A2026091009230002328?did=NA,https://n.news.naver.com/mnews/article/469/0000953259?sid=101,"Thu, 10 Sep 2026 09:26:00 +0900",2026-09-10 09:55:07
AI/소프트웨어,클라우드 시장,"애피어, AI가 '한계'를 알고 과업에 맞는 언어로 추론...기업용 에이전...","데이터 클라우드 등 애피어의 세 가지 제품군에 적용하는 방안을 모색할 계획이다. 이를 통해 AI가 자율적으로 행동하는 것을 넘어 확보된 정보와 과업 요구사항, 시장 환경에 따라 더욱 신뢰도 높은 판단을 내릴... ",https://www.aitimes.kr/news/articleView.html?idxno=41850,https://www.aitimes.kr/news/articleView.html?idxno=41850,"Thu, 10 Sep 2026 09:26:00 +0900",2026-09-10 09:55:07
AI/소프트웨어,클라우드 시장,"스마트폰 카메라에 조리개가? 애플, 아이폰18 프로 공개…배터리·AI도 ...","카메라와 배터리, 인공지능(AI) 성능을 한꺼번에 끌어올리며 프리미엄 스마트폰 시장 공략에 나섰다.... 애플은 개인정보 보호를 유지하면서 기기 내 AI와 클라우드 기반 AI를 결합하는 전략을 이어간다. 가격은 아이폰18... ",https://www.wolyo.co.kr/news/articleView.html?idxno=317590,https://www.wolyo.co.kr/news/articleView.html?idxno=317590,"Thu, 10 Sep 2026 09:22:00 +0900",2026-09-10 09:55:07
AI/소프트웨어,클라우드 시장,"폴라리스오피스·폴라리스AI핸디, 웹기안기 시장 확대",웹기안기 시장 공략을 확대한다고 10일 밝혔다. 폴라리스오피스에 따르면 '폴라리스 웹기안기'는... 폴라리스클라우드의 클라우드·인공지능 전환(AX) 구축 역량을 연계하는 사업도 추진한다. 그룹은 각 사의 기술과 고객... ,https://www.newspim.com/news/view/20260910000251,https://www.newspim.com/news/view/20260910000251,"Thu, 10 Sep 2026 09:21:00 +0900",2026-09-10 09:55:07
AI/소프트웨어,클라우드 시장,&quot;스페이스X 넘는다&quot;…앤트로픽 필두로 연말 AI 대어 잇단 출격,"10일 블룸버그통신에 따르면 이번 하반기 공모 시장에는 앤트로픽을 비롯해 AI 클라우드 컴퓨팅 기업 엔스케일, 산업용 전력 공급 업체 아그레코, 스마트 링 제조사인 소비자 의료 기술 기업 오라헬스 등이 주요 상장... ",https://www.smarttoday.co.kr/ko-kr/articles/111410,https://www.smarttoday.co.kr/ko-kr/articles/111410,"Thu, 10 Sep 2026 09:18:00 +0900",2026-09-10 09:55:07
AI/소프트웨어,클라우드 시장,&quot;돈 있으면 韓주식 사라&quot; 자산관리 전문가들이 꼽은 투자처,클라우드 기업들의 자본지출이 이어지는 만큼 반도체 수요도 당분간 유지될 가능성이 크다는 전망이다. 다만 한국 증시의 낮은 밸류에이션은 메모리 반도체 수요가 계속 증가한다는 전제에 의존하고 있다. 높은 시장... ,https://www.edaily.co.kr/News/Read?newsId=02912646645578808&mediaCodeNo=257&utm_source=naver&utm_medium=referral&utm_campaign=news_syndication&utm_content=original_article,https://n.news.naver.com/mnews/article/018/0006366639?sid=101,"Thu, 10 Sep 2026 09:17:00 +0900",2026-09-10 09:55:07
AI/소프트웨어,클라우드 시장,"폴라리스오피스·AI핸디, 캠코 레퍼런스 발판 공공 ‘웹기안기’ 공략 ...",호환…공공·금융·대기업 시장 정조준 폴라리스오피스와 폴라리스AI핸디가 한국자산관리공사(캠코)의... 폴라리스클라우드의 인프라 구축 역량을 통합해 기업 및 공공기관의 인공지능 전환(AX) 수요에 맞춘 올인원... ,https://www.etoday.co.kr/news/view/2623899,https://www.etoday.co.kr/news/view/2623899,"Thu, 10 Sep 2026 09:14:00 +0900",2026-09-10 09:55:07
AI/소프트웨어,클라우드 시장,“AI발 줄줄이 상장” 앤트로픽 다음은 어디?,"9일(현지시간) 블룸버그 통신에 따르면 주요 후보군에는 AI 기업 앤트로픽을 비롯해 영국 네오클라우드 업체 엔스케일, 전력 공급업체 아그레코, 소비자용 의료 기술 기업 오우라 헬스 등이 포함됐다. 시장에서는 유가... ",https://magazine.hankyung.com/business/article/202609105620b,https://n.news.naver.com/mnews/article/050/0000110680?sid=101,"Thu, 10 Sep 2026 09:13:00 +0900",2026-09-10 09:55:07
AI/소프트웨어,클라우드 시장,"천안시, 행정정보시스템 클라우드 전환. IT 인프라 고도화","수요와 시장 변화에 탄력적으로 대응하고, 중장기적으로 행정 전산 운영에 필요한 비용도 줄일 수 있을 것으로 전망했다. 김향수 천안시 스마트정보과장은 &quot;클라우드 전환을 통해 정보자원을 보다 유연하게 관리할 수 있게... ",https://www.gukjenews.com/news/articleView.html?idxno=3690579,https://www.gukjenews.com/news/articleView.html?idxno=3690579,"Thu, 10 Sep 2026 09:12:00 +0900",2026-09-10 09:55:07
AI/소프트웨어,클라우드 시장,8월 최악 부진 딛고… 9월엔 AI·로봇 몰려드는 IPO 시장,3줄 요약 ㆍ9월 국내 증시 11개 기업 상장 추진 ㆍ무신사·메가존클라우드 등 대형 유니콘 상장 본격화 ㆍ미국 앤트로픽·오픈AI 초대형 IPO 예고 얼어붙었던 기업공개(IPO) 시장이 다시 달아오르고 있다. 국내에서는... ,https://www.chosun.com/economy/money/2026/09/10/KE7LBJYOTNAUPMOCDLE7ODOVLE/?utm_source=naver&utm_medium=referral&utm_campaign=naver-news,https://n.news.naver.com/mnews/article/023/0003997662?sid=101,"Thu, 10 Sep 2026 09:10:00 +0900",2026-09-10 09:55:07
AI/소프트웨어,클라우드 시장,"SBA, 서울게임콘텐츠센터 입주기업 3곳 9월 10일부터 3주간 모집","이번 모집은 중소 게임·e스포츠 기업의 육성과 글로벌 시장에서의 경쟁력 강화를 목표로 진행된다.... 또한 AI·클라우드·개발 서버, GES 행사 전시 및 프로그램 참여 등 파트너사와의 협력 지원도 제공된다. 현재 입주... ",https://www.gukjenews.com/news/articleView.html?idxno=3690521,https://www.gukjenews.com/news/articleView.html?idxno=3690521,"Thu, 10 Sep 2026 09:04:00 +0900",2026-09-10 09:55:07
AI/소프트웨어,AI 반도체,중동 리스크에 국내 증시 약세…AI 모멘텀에 코스피 7000선지지,이경민 대신증권 연구원은 &quot;중동 지역의 군사적 충돌이 이어지면서 국제유가와 미국채 금리가 상승해 국내 증시의 위험자산 선호를 제한하고 있다&quot;며 &quot;다만 미국 반도체주 강세와 AI 수요 기대가 이어지면서... ,https://www.ziksir.com/news/articleView.html?idxno=145954,https://www.ziksir.com/news/articleView.html?idxno=145954,"Thu, 10 Sep 2026 09:52:00 +0900",2026-09-10 09:55:08
AI/소프트웨어,AI 반도체,"천안시, 5억원 투입… 내부망 클라우드 전면 전환",특히 AI 사업 확대에 따른 메모리 반도체 가격 급등 등 급변하는 IT 환경에 보다 유연하게 대응하고 전산 예산 절감과 데이터 기반 행정서비스 기반 마련도 추진한다. 김향수 스마트정보과장은 &quot;클라우드 시스템 구축을... ,https://www.newscj.com/news/articleView.html?idxno=3431500,https://www.newscj.com/news/articleView.html?idxno=3431500,"Thu, 10 Sep 2026 09:50:00 +0900",2026-09-10 09:55:08
AI/소프트웨어,AI 반도체,"SK 최태원, 울산서 AX 현장경영…AI 데이터센터·정유공장 점검","SK그룹 관계자는 “SK그룹의 AX 가속화 의지가 AI 풀스택 전 구간에서 어떻게 구현되고 있는지 현장에서 직접 점검하는 자리”라며 “반도체와 AI 인프라, 제조 현장의 AX까지 모든 영역을 빈틈없이 살피겠다”고... ",https://www.seoultimes.news/news/article.html?no=2000099716,https://www.seoultimes.news/news/article.html?no=2000099716,"Thu, 10 Sep 2026 09:50:00 +0900",2026-09-10 09:55:08
AI/소프트웨어,AI 반도체,반도체 호조에…2분기 기업 매출·영업이익률 '역대 최고',기업 부채비율은 87.0%에서 84.5%로 낮아졌고 차입금의존도도 23.9%에서 22.8%로 하락했다. 한은은 AI 투자 수요에 따른 반도체 호조와 내수 회복을 바탕으로 3분기에도 실적 개선 흐름이 이어질 것으로 내다봤다.,https://www.cstimes.com/news/articleView.html?idxno=720123,https://www.cstimes.com/news/articleView.html?idxno=720123,"Thu, 10 Sep 2026 09:48:00 +0900",2026-09-10 09:55:08
AI/소프트웨어,AI 반도체,"금호건설, 주거 넘어 첨단산업까지…건축사업 외연 넓힌다",특히 광주를 비롯한 호남권에서 반도체와 AI 등 첨단산업 육성이 본격화되면서 관련 생산시설과 기반시설에 대한 건설 수요도 확대될 것으로 보고 있다. 금호건설은 삼성전자 플랙트 한국공장 시공을 계기로 첨단... ,https://www.mediapen.com/news/view/1122569,https://www.mediapen.com/news/view/1122569,"Thu, 10 Sep 2026 09:48:00 +0900",2026-09-10 09:55:08
AI/소프트웨어,AI 반도체,"최태원 SK 회장, 울산서 AX 현장경영⋯ ‘AI 풀스택’ 실행력 점검","SK그룹 관계자는 “SK그룹의 AX 가속화 의지가 AI 풀스택 전 구간에서 어떻게 구현되고 있는지 현장에서 직접 점검하는 자리”라며 “반도체와 AI 인프라, 제조 현장의 AX까지 모든 영역을 빈틈없이 살피며 ‘AI... ",https://www.viva100.com/article/20260910500390,https://www.viva100.com/article/20260910500390,"Thu, 10 Sep 2026 09:48:00 +0900",2026-09-10 09:55:08
AI/소프트웨어,AI 반도체,"SK하이닉스, 지난해 물 17만톤 절약…2030년 누적 6억톤 목표",청주사업장은 2023년 국내 반도체 업계 최초로 외부 하수처리 재이용수를 도입해 이미 사용·처리된 물을... 올해는 '물·에너지·인공지능(AI): 우리의 미래를 지키다'를 주제로 고위급 정책 회의와 주제별... ,https://www.news1.kr/industry/general-industry/6285839,https://n.news.naver.com/mnews/article/421/0009162092?sid=101,"Thu, 10 Sep 2026 09:47:00 +0900",2026-09-10 09:55:08
AI/소프트웨어,AI 반도체,영남대 새마을학 교육외교 한-베 경제협력으로 확장.. '한국-베트남 지...,"핵심 프로그램인 학술세션은 4개 세미나실에서 8개 세션으로 나뉘어 열렸으며, 영남대와 베트남 교수 및 연구진은 반도체, AI, 양자기술, 로보틱스, 미래 모빌리티, 녹색성장, 스마트농업 등 미래산업 분야와 지속가능발전... ",https://www.veritas-a.com/news/articleView.html?idxno=627113,https://www.veritas-a.com/news/articleView.html?idxno=627113,"Thu, 10 Sep 2026 09:46:00 +0900",2026-09-10 09:55:08
AI/소프트웨어,AI 반도체,"8.3 세제개편안, 첨단 산업 대상 및 청년고용 위한 대기업 공제 확대 필...","먼저 국내생산세엑공제 지원 대상과 관련해, 정부안은 녹색 전환과 경제 안보 차원에서 중요성·유망성·필요성을 기준삼아 태양광·풍력·이차전지·반도체·핵심소재·AI 로봇부품의 6대 분야를 포함시켰다. 이에 대해... ",https://www.todaykorea.co.kr/news/articleView.html?idxno=405930,https://www.todaykorea.co.kr/news/articleView.html?idxno=405930,"Thu, 10 Sep 2026 09:46:00 +0900",2026-09-10 09:55:08
AI/소프트웨어,AI 반도체,"최태원, 데이터센터 이어 정유공장으로…전국 15GW AI 구상 첫발","SK그룹 관계자는 “SK그룹의 AX 가속화 의지가 AI 풀스택 전 구간에서 어떻게 구현되고 있는지 현장에서 직접 점검하는 자리&quot;라며 “반도체와 AI 인프라, 제조 현장의 AX까지 모든 영역을 빈틈없이 살피며 'AI... ",https://www.ekn.kr/web/view.php?key=20260910026242950,https://www.ekn.kr/web/view.php?key=20260910026242950,"Thu, 10 Sep 2026 09:46:00 +0900",2026-09-10 09:55:08
AI/소프트웨어,AI 반도체,울산포럼 전 현장 찾은 최태원…SK 'AI 풀스택' 직접 점검,"SK그룹 관계자는 &quot;SK그룹의 AX 가속화 의지가 AI 풀스택 전 구간에서 어떻게 구현되고 있는지 현장에서 직접 점검하는 자리&quot;라며 &quot;반도체와 AI 인프라, 제조 현장의 AX까지 모든 영역을 빈틈없이 살피며 'AI 풀스택... ",https://www.newsway.co.kr/news/view?ud=2026091009363000433,https://www.newsway.co.kr/news/view?ud=2026091009363000433,"Thu, 10 Sep 2026 09:46:00 +0900",2026-09-10 09:55:08
AI/소프트웨어,AI 반도체,구윤철 부총리 &quot;1인당 국민소득 4만 달러 달성 가능성 커졌다&quot;,"구 부총리는 &quot;인공지능(AI) 기반 제조공정 혁신과 특수강 등 고부가화, 수소환원제철 중심의 저탄소 전환 등... 등 정부도 안전하고 성공적인 행사를 적극 뒷받침하겠다&quot;고 말했습니다. #구윤철 #GNI #소득 #반도체 #무역",http://www.yonhapnewstv.co.kr/news/AKR20260910094417jUP,https://n.news.naver.com/mnews/article/422/0000904694?sid=101,"Thu, 10 Sep 2026 09:45:00 +0900",2026-09-10 09:55:08
로봇/자율주행,로봇 주가,"&quot;로봇이 알아서 착착&quot;… 씨메스, AI 비전으로 글로벌 물류 거인 잡나",업계 관계자는 &quot;휴머노이드 로봇이 제조와 물류 현장의 자동화를 한 단계 끌어올릴 수 있다는 기대가 커지고 있다&quot;며 &quot;단기적으로 주가 변동성이 커질 수 있는 만큼 실제 공급망 진입 가능성과 기술 경쟁력을 갖춘 부품... ,https://www.pinpointnews.co.kr/news/articleView.html?idxno=485682,https://www.pinpointnews.co.kr/news/articleView.html?idxno=485682,"Thu, 10 Sep 2026 09:38:00 +0900",2026-09-10 09:55:09
로봇/자율주행,로봇 주가,&quot;액추에이터 수주잔고 50만대 이상&quot;…로보티즈 주가 5% 급등,"한국투자증권은 이날 로보티즈에 대해 허깅페이스의 소형 로봇 마이크로덕의 판매 호조에 따른 수혜를 예상하며, 업종 내 유일하게 초과 수요 국면에 위치한 기업이라고 분석했다. 목표주가는 45만원, 투자의견은 '매수... ",https://www.hankyung.com/article/2026091056636,https://n.news.naver.com/mnews/article/015/0005330776?sid=101,"Thu, 10 Sep 2026 09:23:00 +0900",2026-09-10 09:55:09
로봇/자율주행,로봇 주가,광통신·로봇 기술 모멘텀 유입… 컴퓨터와주변기기주 주가 '룰루랄라',양자암호 통신 부품과 로봇용 제어 장치 등 신성장 산업과 연계된 부품주를 중심으로 매수세가 들어오면서... 로봇용 컴퓨팅 제어 솔루션을 공급하는 푸른로보틱스 역시 산업용 로봇 시장 확대 수혜 기대감이 반영되며 2.... ,https://www.pinpointnews.co.kr/news/articleView.html?idxno=485660,https://www.pinpointnews.co.kr/news/articleView.html?idxno=485660,"Thu, 10 Sep 2026 09:12:00 +0900",2026-09-10 09:55:09
로봇/자율주행,로봇 주가,[속보] 씨메스로보틱스 상한가 휴림로봇 두산로보틱스 레인보우로보틱...,"10일 오전 국내 증시에서 로봇 관련주가 일제히 힘을 내고 있다. 씨메스로보틱스가 가격제한폭까지 치솟은 가운데 유일로보틱스와 나우로보틱스, TPC로보틱스가 두 자릿수 상승률을 기록하고 있다. 휴림로봇과... ",https://www.cbci.co.kr/news/articleView.html?idxno=605475,https://www.cbci.co.kr/news/articleView.html?idxno=605475,"Thu, 10 Sep 2026 09:08:00 +0900",2026-09-10 09:55:09
로봇/자율주행,로봇 주가,"[모닝 리포트] &quot;로보티즈, 초과 수요 지속…수율·제품 믹스 주목&quot;",한국투자증권은 10일 로보티즈에 대해 액추에이터 수요가 공급을 웃도는 상황이 2027년에도 이어질 것으로 전망하며 투자의견 '매수'와 목표주가 '45만원'을 유지했다. 로봇 업종 차선호주 의견도 유지했다. 높은 매출... ,https://www.newspim.com/news/view/20260910000112,https://www.newspim.com/news/view/20260910000112,"Thu, 10 Sep 2026 08:44:00 +0900",2026-09-10 09:55:09
로봇/자율주행,로봇 주가,"한투證 &quot;로보티즈, 허깅페이스 마이크로덕 호조 수혜…목표가 45만원&quot;","한국투자증권은 10일 로보티즈에 대해 허깅페이스의 소형 로봇 마이크로덕의 판매 호조에 따른 수혜를 예상하며, 업종 내 유일하게 초과 수요 국면에 위치한 기업이라고 분석했다. 이에 목표주가는 45만원, 투자의견은... ",https://www.newsis.com/view/NISX20260910_0003783606,https://n.news.naver.com/mnews/article/003/0014181085?sid=101,"Thu, 10 Sep 2026 08:43:00 +0900",2026-09-10 09:55:09
로봇/자율주행,로봇 주가,AI에 주식계좌 맡기는 ‘1인 미니 헤지펀드’ 시대 열려,"‘로봇 개인투자자’의 시대가 열리고 있다는 것이다. 콜린 에즈먼에게는 월스트리트의 유명한... 한 거래에서는 반도체 기업 마이크론 테크놀로지의 주가에 연계된 옵션 2계약으로, 500%가 넘는 수익률을 올렸다고... ",http://datanews.co.kr/news/article.html?no=146381,http://datanews.co.kr/news/article.html?no=146381,"Thu, 10 Sep 2026 08:40:00 +0900",2026-09-10 09:55:09
로봇/자율주행,로봇 주가,"한투證 “로보티즈, 업종 내 유일하게 초과 수요 국면…목표가 45만원”","투자 의견 ‘매수(Buy)’와 목표 주가 45만원, 차선호주 의견을 유지했다. 로보티즈의 전일 종가는... 허깅페이스의 로보틱스 자회사는 지난달 이족보행 로봇 ‘마이크로덕’을 출시한 바 있다. 최건 한국투자증권... ",https://biz.chosun.com/stock/stock_general/2026/09/10/6U5DZUGMC5E3HHWPHTXHG6RYXQ/?utm_source=naver&utm_medium=original&utm_campaign=biz,https://n.news.naver.com/mnews/article/366/0001191439?sid=101,"Thu, 10 Sep 2026 08:39:00 +0900",2026-09-10 09:55:09
로봇/자율주행,로봇 주가,"한국투자證 &quot;로보티즈, 마이크로덕·신공장 호재...업계 유일 '초과 수요...",목표주가를 45만원으로 유지했다. 10일 최건 한국투자증권 연구원은 &quot;로보티즈는 소형 로봇 마이크로덕(Microduck) 판매 호조의 직접적인 수혜 기업&quot;이라며 &quot;허깅페이스 로봇 생산이 2027년 이후 본격화됨에 따라... ,https://www.etoday.co.kr/news/view/2623834,https://www.etoday.co.kr/news/view/2623834,"Thu, 10 Sep 2026 08:28:00 +0900",2026-09-10 09:55:09
로봇/자율주행,로봇 주가,메타발 AI 훈풍에 프리마켓서 SK하닉 2%↑…삼전도 소폭 상승,"로봇주도 강세다. 씨메스로보틱스는 18.83%, 유일로보틱스는 15.08%, 나우로보틱스는 12.08% 상승하고... 한지영 키움증권 연구원은 &quot;마이크론, 샌디스크 등 주도주인 반도체주가 GPT-6 호재에 이어 메타의 에이전트... ",https://www.news1.kr/finance/market-exr/6285697,https://n.news.naver.com/mnews/article/421/0009161778?sid=101,"Thu, 10 Sep 2026 08:19:00 +0900",2026-09-10 09:55:09
로봇/자율주행,로봇 주가,"한투증권 &quot;로보티즈, 허깅페이스향 액추에이터 공급 증가 예상&quot;",최건 연구원은 보고서에서 로보티즈가 허깅페이스의 로보틱스 자회사 폴렌 로보틱스의 이족보행 로봇... 그러면서 로보티즈에 대한 투자 의견 '매수'와 목표주가 45만원을 모두 유지했다. 전일 종가는 31만원이다.,https://www.yna.co.kr/view/AKR20260910024000008?input=1195m,https://n.news.naver.com/mnews/article/001/0016301345?sid=101,"Thu, 10 Sep 2026 08:16:00 +0900",2026-09-10 09:55:09
로봇/자율주행,로봇 주가,"7000선 되찾은 코스피, '1만피' 기대감도···반도체 효과 덕?",인터넷상에서 로봇이 아님을 확인하는 '인간 테스트'를 통과하고 2026 대학수학능력시험에서 만점을 받은... 이상연 신영증권 연구원은 &quot;금리 인상기에도 기업 이익과 대외 여건의 변화에 따라 주가 방향이 달라질... ,https://www.smartbizn.com/news/articleView.html?idxno=153509,https://www.smartbizn.com/news/articleView.html?idxno=153509,"Thu, 10 Sep 2026 07:30:00 +0900",2026-09-10 09:55:09
로봇/자율주행,자율주행 산업,[현장]효율의 극치… 화성 ‘PBV’ 전용 생산기지 가보니,완성된 PV5 차체는 로봇과 자율주행 운반기기가 받아 다음 공정으로 넘겼다. 인상적인 것은 다양한 형태로... 기아 입장에서는 차량 한 대를 더 판매하는 것을 넘어 PBV를 중심으로 새로운 산업 생태계를 만드는 전략인... ,https://www.donga.com/news/Economy/article/all/20260910/134641050/2,https://n.news.naver.com/mnews/article/020/0003747102?sid=103,"Thu, 10 Sep 2026 09:54:00 +0900",2026-09-10 09:55:10
로봇/자율주행,자율주행 산업,"AI·자율주행 기술 검증··· 벤츠 코리아, 국내 스타트업 4개사와 100일...","올해는 AI 활용 업무 효율화뿐 아니라 차량 개발·검증, 자율주행, 차세대 전기차 충전 기술까지 협업 범위를 확대해 자동차 산업 현장에서의 기술 적용 가능성을 검증한다. 4개 스타트업은 오는 12월까지 단계별 기술... ",https://www.starnewskorea.com/business-life/2026/09/10/2026091009392653911,https://n.news.naver.com/mnews/article/108/0003469347?sid=004,"Thu, 10 Sep 2026 09:45:00 +0900",2026-09-10 09:55:10
로봇/자율주행,자율주행 산업,"벤츠코리아, 韓스타트업과 AI부터 800V 무선충전까지 미래차 기술 검증","이번 협력은 업무 효율화에 그치지 않고 차량 개발과 검증, 자율주행, 전기차 충전 등 자동차 산업의 주요 기술 분야로 범위를 넓힌 것이 특징이다. 4개 스타트업은 오는 12월까지 단계별 기술 검증을 진행한다.... ",https://www.nocutnews.co.kr/news/6575937?utm_source=naver&utm_medium=article&utm_campaign=20260910094105,https://n.news.naver.com/mnews/article/079/0004187835?sid=103,"Thu, 10 Sep 2026 09:42:00 +0900",2026-09-10 09:55:10
로봇/자율주행,자율주행 산업,광운대 로봇게임단 '로빛' 국방로봇경진대회 2연패.. '산업통상부장관상...,"우승, 산업통상부장관상을 수상했다. 대한민국육군이 주최하고 한국로봇융합연구원이 주관하며... 원격조종과 자율주행 전 구간에서 만점을 받아 역대 최고 점수를 경신했다. 최범수 학생은 &quot;작년에 이어 좋은 성적을... ",https://www.veritas-a.com/news/articleView.html?idxno=627110,https://www.veritas-a.com/news/articleView.html?idxno=627110,"Thu, 10 Sep 2026 09:40:00 +0900",2026-09-10 09:55:10
로봇/자율주행,자율주행 산업,"포스텍·LB세미콘, 표준 실리콘 CMOS 한계 넘어 위상배열 송수신 모듈 세...","국내 연구팀이 자율주행차의 눈이 되는 초정밀 레이더, 미래 국방 고해상도 센싱 등 미래 첨단 산업의 핵심 기술을 확보했다. 포스텍(POSTECH)은 송호진 전자전기공학과 교수팀이 반도체 기업 LB세미콘과 협력해 140... ",https://www.etnews.com/20260910000050,https://n.news.naver.com/mnews/article/030/0003465417?sid=105,"Thu, 10 Sep 2026 09:39:00 +0900",2026-09-10 09:55:10
로봇/자율주행,자율주행 산업,"박성훈 의원, '농업 디지털 전환 3법' 대표발의","로봇, 자율주행 등 첨단기술의 농업 현장 활용을 확대하는 '농업 디지털 전환 3법'을 대표발의했다고 10일 밝혔다. 이번 개정안은 스마트농업 육성 및 지원에 관한 법률, 농업·농촌 및 식품산업 기본법, 농어업인 삶의 질... ",https://www.seoulfn.com/news/articleView.html?idxno=637636,https://www.seoulfn.com/news/articleView.html?idxno=637636,"Thu, 10 Sep 2026 09:36:00 +0900",2026-09-10 09:55:10
로봇/자율주행,자율주행 산업,한경협 &quot;국내생산세액공제에 미래형자동차·SMR 포함돼야&quot;,"미래형자동차, 자율주행 등 첨단산업 분야는 양산 전 성능 평가, 품질 검증 등에 연구개발용 부품, 파일럿 부품, 해외 시제품을 활용하는 경우가 많아 관세 감면이 폐지되면 R&amp;D 비용 부담이 커지고 원가경쟁력이 악화될 수... ",https://www.fnnews.com/news/202609100855480505,https://n.news.naver.com/mnews/article/014/0005573730?sid=101,"Thu, 10 Sep 2026 09:31:00 +0900",2026-09-10 09:55:10
로봇/자율주행,자율주행 산업,"TYM, 협력사 62곳과 품질 경쟁력 강화 나선다…&quot;디지털 전환 대응&quot;","AI·자율주행 등을 활용한 작업 자동화와 생산성 향상이 주요 과제로 떠오르고 있다. 세미나는 '농업기계 비즈니스 패러다임 시프트'를 주제로 산업 변화에 따른 비즈니스 모델 전환과 전문인력 육성, 품질관리 체계... ",https://www.sentv.co.kr/article/view/sentv202609100032,https://www.sentv.co.kr/article/view/sentv202609100032,"Thu, 10 Sep 2026 09:28:00 +0900",2026-09-10 09:55:10
로봇/자율주행,자율주행 산업,"벤츠코리아, 스타트업 4개사와 100일간 기술 검증 돌입","올해는 AI를 통한 업무 효율화에 더해 차량 개발·검증, 자율주행, 차세대 전기차 충전 기술까지 협업 범위가 확대해 자동차 산업 현장에서의 기술 적용 가능성을 확인하게 됐다. 4개 스타트업은 12월까지 단계별로 기술... ",https://www.viva100.com/article/20260910500271,https://www.viva100.com/article/20260910500271,"Thu, 10 Sep 2026 09:20:00 +0900",2026-09-10 09:55:10
로봇/자율주행,자율주행 산업,"[반도체 레이더] 삼성전기·LG이노텍, 'KPCA Show'서 AI 가속기·유리기판...","이번 전시회는 반도체 기판 및 첨단 패키징 관련 산업의 최신 동향을 공유하는 자리다. 삼성전기는 AI, 서버, 데이터센터, 모바일, 자율주행 등 다양한 영역에 적용되는 차세대 제품군을 대거 출품한다. 전시에서는... ",http://www.thevaluenews.co.kr/news/view.php?idx=201455,http://www.thevaluenews.co.kr/news/view.php?idx=201455,"Thu, 10 Sep 2026 09:20:00 +0900",2026-09-10 09:55:10
로봇/자율주행,자율주행 산업,"벤츠코리아, 국내 스타트업 4곳과 미래 모빌리티 과제 기술 검증","인공지능(AI)을 활용한 업무 효율화뿐 아니라 차량 개발·검증, 자율주행, 차세대 전기차 충전 기술까지 협업 범위를 확대해 자동차 산업 현장에서의 기술 적용 가능성을 검증한다. 4곳은 오는 12월까지 단계별 기술... ",https://www.yna.co.kr/view/AKR20260910036100003?input=1195m,https://n.news.naver.com/mnews/article/001/0016301519?sid=101,"Thu, 10 Sep 2026 09:16:00 +0900",2026-09-10 09:55:10
로봇/자율주행,자율주행 산업,"KAIST, 말하지 않아도 '이게 아닌데' 눈치채는 AI 개발","향후 기술이 발전하면 가정이나 산업 현장의 피지컬 AI 로봇이 사용자의 의도를 보다 자연스럽게 파악하고 행동을 조정하는 데 활용될 수 있다. 자율주행차가 운전자의 판단을 빠르게 반영하거나, 말을... ",https://news.unn.net/news/articleView.html?idxno=597193,https://news.unn.net/news/articleView.html?idxno=597193,"Thu, 10 Sep 2026 09:16:00 +0900",2026-09-10 09:55:10
로봇/자율주행,자율주행 산업,"벤츠 코리아, 국내 4개 스타트업과 미래 모빌리티 기술 검증","특히, 올해는 AI를 활용한 업무 효율화뿐 아니라 차량 개발·검증, 자율주행, 차세대 전기차 충전 기술까지 협업 범위를 확대해 자동차 산업 현장에서의 기술 적용 가능성을 검증한다. 4개 스타트업은 오는 12월까지... ",https://biz.heraldcorp.com/article/10868576?ref=naver,https://n.news.naver.com/mnews/article/016/0002695251?sid=101,"Thu, 10 Sep 2026 09:15:00 +0900",2026-09-10 09:55:10
로봇/자율주행,자율주행 산업,말 없이도 사람 의도 읽는 신경 가치 정렬 기술,"기술이 발전하면 가정과 산업 현장의 피지컬 인공지능 로봇, 자율주행차, 의료·재활 로봇, 개인별 학습 지원 서비스 등으로 활용 폭을 넓힐 수 있다. 말이나 몸짓으로 의사를 표현하기 어려운 환자의 의도를... ",https://www.ccdailynews.com/news/articleView.html?idxno=2439793,https://www.ccdailynews.com/news/articleView.html?idxno=2439793,"Thu, 10 Sep 2026 09:14:00 +0900",2026-09-10 09:55:10
로봇/자율주행,자율주행 산업,[창간 특집][LG전자] AI 시대 성장축 바꾼다…로봇·엑사원에 전장·HVAC...,빅데이터에서 추출된 산업 데이터는 불확실한 미래를 내다볼 수 있는 기회를 제공하고 있기 때문입니다.... LG전자는 미국 실리콘밸리의 자율주행 서비스 로봇 기업 베어로보틱스에 약 6000만달러를 투자하며 로봇... ,http://www.thebigdata.co.kr/view.php?ud=2026090216182257660ecbf9426b_23,http://www.thebigdata.co.kr/view.php?ud=2026090216182257660ecbf9426b_23,"Thu, 10 Sep 2026 09:02:00 +0900",2026-09-10 09:55:10
로봇/자율주행,자율주행 산업,한경협 &quot;국내 생산·청년고용 늘리려면 세제지원 실효성 높여야&quot;,"한경협은 미래형자동차와 자율주행 등 첨단산업의 경우 양산 전 성능평가와 품질검증 과정에서 연구개발용 부품이나 파일럿 부품, 해외 시제품 등을 사용하는 경우가 많다고 설명했다. 관세 감면이 폐지되면 연구개발... ",http://www.newsian.co.kr/news/articleView.html?idxno=95113,http://www.newsian.co.kr/news/articleView.html?idxno=95113,"Thu, 10 Sep 2026 08:44:00 +0900",2026-09-10 09:55:10
로봇/자율주행,휴머노이드 로봇,"씨앤엠, 코스닥 상장예비심사 제출…연내 상장 목표","주요 신사업으로는 인공지능(AI) 데이터센터 공조 시스템용 전자 정류(EC) 모터, 휴머노이드 및 4족 보행 로봇용 관절 액추에이터, 방산·무인기용 전동 추진 모듈 국산화 등이 있다. 씨앤엠 관계자는 &quot;데이터센터용... ",https://zdnet.co.kr/view/?no=20260910090501,https://n.news.naver.com/mnews/article/092/0002436917?sid=105,"Thu, 10 Sep 2026 09:49:00 +0900",2026-09-10 09:55:10
로봇/자율주행,휴머노이드 로봇,"아이씨에이치, 애플 첫 폴더블폰에 PE폼 공급…삼성·애플 공급망 확보",기존 모바일 정보기술(IT) 소재 사업에서 축적한 정밀 소재 기술을 바탕으로 에너지저장장치(ESS)와 휴머노이드 로봇 등 미래 산업으로 적용 분야를 넓히고 있다. 회사 관계자는 &quot;삼성전자에 이어 애플의 폴더블폰까지... ,https://view.asiae.co.kr/article/2026091009483284992,https://n.news.naver.com/mnews/article/277/0005814441?sid=101,"Thu, 10 Sep 2026 09:48:00 +0900",2026-09-10 09:55:10
로봇/자율주행,휴머노이드 로봇,"[트래블투데이] 부여 근대역사문화축제, 9월 12일~13일 개최","특히, 이번 축제에서는 휴머노이드 로봇을 활용한 ‘로봇 집배원’ 프로그램이 운영된다. 로봇 집배원은 관람객이 작성한 시간 편지를 전달하는 퍼포먼스와 어린이 대상 로봇 조종 체험 등으로 구성되어, 근대의 우체국... ",http://www.travelitoday.com/read/contentsView/22507/41,http://www.travelitoday.com/read/contentsView/22507/41,"Thu, 10 Sep 2026 09:44:00 +0900",2026-09-10 09:55:10
로봇/자율주행,휴머노이드 로봇,"브릴스, '1세대 로봇 권위자' 문전일 전 로봇산업진흥원장 사외이사 선...",로봇 모듈화 플랫폼 솔루션 전문 기업 브릴스는 문전일 전 한국로봇산업진흥원장을 사외이사로 선임했다고 10일 밝혔다. 브릴스는 상장을 앞두고 이사회의 투명성을 높이는 한편 차세대 휴머노이드 연구개발(R&amp;D)... ,https://www.thefairnews.co.kr/news/articleView.html?idxno=87602,https://www.thefairnews.co.kr/news/articleView.html?idxno=87602,"Thu, 10 Sep 2026 09:42:00 +0900",2026-09-10 09:55:10
로봇/자율주행,휴머노이드 로봇,"아이씨에이치, 애플 첫 폴더블폰에 PE폼 소재 공급…삼성·애플 공급망...","기존 삼성전자 폴더블폰에 이어 애플 제품까지 공급망을 확대하면서 프리미엄 스마트폰용 고부가 소재 사업을 강화하고, 에너지저장장치(ESS)와 휴머노이드 로봇 등 신사업으로 적용 영역을 넓힌다는 계획이다.... ",https://www.etoday.co.kr/news/view/2623923,https://www.etoday.co.kr/news/view/2623923,"Thu, 10 Sep 2026 09:38:00 +0900",2026-09-10 09:55:10
로봇/자율주행,휴머노이드 로봇,"공장 넘어 사람 곁으로…보스턴다이나믹스, B2C 영토 넓힌다",공동창업자 겸 최고기술책임자(CTO) 파보드 파시디안은 현대차그룹 산하 로보틱스·인공지능(AI) 연구소(RAI)에서 수석연구원으로 일하며 휴머노이드 로봇의 동작 제어 등을 연구했다. 특히 보스턴다이나믹스 창업자인 마크... ,https://www.mt.co.kr/industry/2026/09/10/2026090915081850694,https://n.news.naver.com/mnews/article/008/0005411807?sid=101,"Thu, 10 Sep 2026 09:13:00 +0900",2026-09-10 09:55:10
로봇/자율주행,휴머노이드 로봇,[AI 시대 일의 재편] 코더 줄이고 제너럴리스트 PM 키운 마음AI,이 과정에서 단순 코딩·디자인 인력을 축소한 여력은 휴머노이드 로봇 세팅 및 데이터 수집·가공·검수를 담당하는 '텔레오퍼레이터'와 '로봇 데이터 작업자'라는 신규 포지션 채용으로 이어졌다. 사업 전개 방식에... ,https://www.bloter.net/news/articleView.html?idxno=672898,https://n.news.naver.com/mnews/article/293/0000090258?sid=105,"Thu, 10 Sep 2026 08:52:00 +0900",2026-09-10 09:55:10
로봇/자율주행,휴머노이드 로봇,"씨앤엠, 코스닥 상장예비심사 청구","주요 신사업으로는 AI 서버 증가에 따른 데이터센터 공조 시스템용 EC 모터, 휴머노이드 및 4족 보행 로봇용 관절 액추에이터, 방산 및 무인기용 고출력 드론 전동 추진 모듈 국산화 사업 등이 있다. 데이터센터용 8kW/4kW... ",https://www.newspim.com/news/view/20260910000115,https://www.newspim.com/news/view/20260910000115,"Thu, 10 Sep 2026 08:45:00 +0900",2026-09-10 09:55:10
로봇/자율주행,휴머노이드 로봇,"'전동 구동 솔루션' 씨앤엠, 코스닥 상장예심 청구…연내 상장 목표",씨앤엠은 기존 모터 기술을 기반으로 △인공지능(AI) 데이터센터 공조(HVAC) 시스템용 EC 모터 △휴머노이드·4족 보행 로봇용 관절 액추에이터 △방산·무인기용 고출력 드론 전동 추진 모듈 등을 신사업으로 추진하고... ,https://www.edaily.co.kr/News/Read?newsId=02794566645578808&mediaCodeNo=257&utm_source=naver&utm_medium=referral&utm_campaign=news_syndication&utm_content=original_article,https://n.news.naver.com/mnews/article/018/0006366605?sid=101,"Thu, 10 Sep 2026 08:34:00 +0900",2026-09-10 09:55:10
로봇/자율주행,드론 시장,[국제유가] 브렌트유 결국 100달러 뚫었다…중동 확전 공포에 두바이유...,"글로벌 원유시장의 기준물인 브렌트유는 결국 배럴당 100달러선을 돌파했고, 국내 도입 원유 가격에 영향을... 후티 반군은 최근 사우디 내 에너지 시설과 군사시설 등을 겨냥한 대규모 미사일·드론 공격을 감행했고... ",https://www.goodkyung.com/news/articleView.html?idxno=291219,https://www.goodkyung.com/news/articleView.html?idxno=291219,"Thu, 10 Sep 2026 09:52:00 +0900",2026-09-10 09:55:11
로봇/자율주행,드론 시장,"소공연, 베트남 시장개척단 파견…'K-소상공인' 해외진출 교두보 마련",글로벌 시장개척 사절단을 파견하며 'K-소상공인'의 해외 진출 확대에 나섰다.소공연은 지난 2일부터... 대한드론산업연합회는 베트남 Z113사와 국산 드론 훈련장비 기술협력을 협의했고 전국고용서비스협회는 현지... ,https://news.mtn.co.kr/news-detail/2026091009340126225,https://news.mtn.co.kr/news-detail/2026091009340126225,"Thu, 10 Sep 2026 09:48:00 +0900",2026-09-10 09:55:11
로봇/자율주행,드론 시장,"롯데정밀화학, 美 아모지와 그린암모니아 사업 협력","수소·발전 시장의 기반을 마련하고자 추진됐다. 지난 9일 롯데정밀화학 서울사업장에서 진행된 협약식에는... 해당 기술을 드론·트럭·선박 등에 적용 실증했으며, 현재는 데이터센터 등 상업용 발전 시스템의 상업화를... ",https://biz.heraldcorp.com/article/10868682?ref=naver,https://n.news.naver.com/mnews/article/016/0002695287?sid=101,"Thu, 10 Sep 2026 09:46:00 +0900",2026-09-10 09:55:11
로봇/자율주행,드론 시장,"[트래블투데이] 보령시, 무창포 신비의 바닷길 축제 9월 11일 개막","축제는 불꽃놀이 대신 드론라이트쇼를 운영하고, 씨푸드 파티존에는 다회용기를 사용하는 등 친환경 운영도 강화한다. 엄승용 보령시장은 “무창포에서만 만날 수 있는 신비의 바닷길을 중심으로 낮에는 해양생태와... ",http://www.travelitoday.com/read/contentsView/22506/41,http://www.travelitoday.com/read/contentsView/22506/41,"Thu, 10 Sep 2026 09:44:00 +0900",2026-09-10 09:55:11
로봇/자율주행,드론 시장,영주형 신규시책 발굴 보고회…미래 성장동력 확보,영주 비상활주로를 거점으로 한 민·군 통합 드론산업 기반 구축과 지역 주력산업인 베어링 제조공정에... 황병직 영주시장은 “정책 환경의 변화는 영주의 새로운 미래 먹거리를 창출할 기회”라며“지역의 자원을... ,https://www.kbmaeil.com/article/20260910500014,https://www.kbmaeil.com/article/20260910500014,"Thu, 10 Sep 2026 09:40:00 +0900",2026-09-10 09:55:11
로봇/자율주행,드론 시장,"수자원공사, 파키스탄·가나와 물 협력 강화","공사는 드론, AI, 디지털 트윈을 활용한 '스마트 댐 안전관리 플랫폼(K-SMART DAM)'을 선보이며 국책사업의 대표... 공공 주도로 해외 시장의 문을 열고 민간의 혁신 기술을 패키지로 수출하는 민·관 동반성장 생태계 구축이... ",https://www.businesskorea.co.kr/news/articleView.html?idxno=276594,https://www.businesskorea.co.kr/news/articleView.html?idxno=276594,"Thu, 10 Sep 2026 09:36:00 +0900",2026-09-10 09:55:11
로봇/자율주행,드론 시장,"롯데정밀화학, 美 아모지와 '그린암모니아' 청정에너지 사업 확대","수소·발전 시장의 성장 기반을 마련하기 위해 추진됐다. 롯데정밀화학은 지난 3월 세계 최초로... 드론·트럭·선박 등에 기술을 적용해 실증했으며, 현재 데이터센터 등 상업용 발전 시스템의 상용화를 추진하고 있다.... ",https://www.dailian.co.kr/news/view/1688654/?sc=Naver,https://n.news.naver.com/mnews/article/119/0003131101?sid=101,"Thu, 10 Sep 2026 09:34:00 +0900",2026-09-10 09:55:11
로봇/자율주행,드론 시장,"K-방산, 유럽 심장부서 밸류체인 다변화 시동, 폴란드·에스토니아와 '...",유럽 시장에서 대한민국은 가용성과 적기 납기 능력을 무기로 신뢰를 쌓아왔다. 10일 방위사업청은 이... (대드론 방어체계) 등 우수한 독자 기술력을 가진 8개 국내 중소기업이 참여해 글로벌 바이어들과의 직거래 문을... ,https://www.fnnews.com/news/202609100900572146,https://n.news.naver.com/mnews/article/014/0005573734?sid=100,"Thu, 10 Sep 2026 09:33:00 +0900",2026-09-10 09:55:11
로봇/자율주행,드론 시장,"&quot;디지털 물관리로 해외 물꼬 튼다&quot;…수공, 파키스탄·가나와 협약 잇따...",이를 통해 국내 유망 중소·벤처기업들이 해외 신흥시장으로 도약하는데 적극 힘을 보태기로 했다. 10일... 공사는 디지털 트윈·AI·드론을 융합해 댐을 정밀하게 예방할 수 있는 '스마트 댐 안전관리 플랫폼' 등을... ,https://www.econovill.com/news/articleView.html?idxno=750384,https://www.econovill.com/news/articleView.html?idxno=750384,"Thu, 10 Sep 2026 09:30:00 +0900",2026-09-10 09:55:11
로봇/자율주행,드론 시장,"드론쇼 보며 떡볶이·호떡 한입…배민, 2000인분 음식 쏜다",배달의민족이 서울 한강 드론라이트쇼에서 떡볶이와 호떡 등 2000인분의 먹거리를 무료로 제공하고 지역... 메인 구역에서 푸드트럭 2대를 운영하고 신전떡볶이와 자양전통시장 호떡 등 총 2000인분의 간식을 나눠준다.... ,https://www.newsis.com/view/NISX20260910_0003783702,https://n.news.naver.com/mnews/article/003/0014181267?sid=101,"Thu, 10 Sep 2026 09:30:00 +0900",2026-09-10 09:55:11
로봇/자율주행,드론 시장,"불꺼진 지식산업센터, 청년·신혼부부 임대주택으로 활용한다","풀필먼트센터, 드론 촬영·교육업체 등 신산업 기업의 입주가 가능해질 전망이다. 분양시장 관리도 강화한다. 모집공고안이 승인되기 전에 분양홍보관을 설치하는 행위를 금지하고 지자체와 관리기관에는 설립자... ",http://www.segyebiz.com/newsView/20260910504588?OutUrl=naver,http://www.segyebiz.com/newsView/20260910504588?OutUrl=naver,"Thu, 10 Sep 2026 09:30:00 +0900",2026-09-10 09:55:11
로봇/자율주행,드론 시장,"‘풍기인삼부터 드론까지’…영주시, 2027년 새 성장동력 찾는다",식품산업과 드론·인공지능(AI) 등 미래 전략산업을 아우르는 2027년도 신규 먹거리 발굴에 착수했다. 영주시는... 황병직 영주시장은 “정책 환경의 변화를 지역의 기회로 연결해야 한다”며 “참신한 아이디어가 실제... ,https://www.kukinews.com/article/view/kuk202609100026,https://www.kukinews.com/article/view/kuk202609100026,"Thu, 10 Sep 2026 09:26:00 +0900",2026-09-10 09:55:11
로봇/자율주행,드론 시장,"배민, 한강 드론라이트쇼 참여…지역 음식점 20곳 알린다",배달의민족 운영사 우아한형제들이 서울시가 개최하는 하반기 '한강 드론라이트쇼'에 참여해 지역 음식점을... 신전떡볶이와 자양전통시장에서 판매되는 호떡 등 모두 2천인분의 간식을 관람객에게 무료로 제공할... ,https://www.thefairnews.co.kr/news/articleView.html?idxno=87597,https://www.thefairnews.co.kr/news/articleView.html?idxno=87597,"Thu, 10 Sep 2026 09:26:00 +0900",2026-09-10 09:55:11
로봇/자율주행,드론 시장,"한국수자원공사, 파키스탄·가나와 손잡았다…AI·스마트 물관리로 '글...","한국수자원공사는 드론, AI, 디지털 트윈 기술을 결합한 '스마트 댐 안전관리 플랫폼'을 공개하며 예방... 신흥시장 진출 기반 마련에 나설 방침이다. 조용덕 글로벌사업본부장은 &quot;복합적인 위기가 심화되는 시대에 첨단... ",https://www.ppss.kr/news/articleView.html?idxno=309820,https://www.ppss.kr/news/articleView.html?idxno=309820,"Thu, 10 Sep 2026 09:25:00 +0900",2026-09-10 09:55:11
로봇/자율주행,드론 시장,"수자원공사, 파키스탄·가나와 잇단 제휴…'디지털 물관리' 수출 시동","협약식과 함께 열린 '글로벌 기후위기 대응을 위한 ODA의 디지털 대전환' 세션에서는 드론, 인공지능(AI)... 공공 주도의 해외 원조 사업을 지렛대 삼아 국내 민간 물기업의 신흥 시장 진출을 뒷받침하는 동반성장... ",http://www.newsdream.kr/news/articleView.html?idxno=117847,http://www.newsdream.kr/news/articleView.html?idxno=117847,"Thu, 10 Sep 2026 09:18:00 +0900",2026-09-10 09:55:11
로봇/자율주행,드론 시장,"배민, 한강 '드론라이트쇼' 협력사 참여…지역 맛집 20곳 소개",행사 방문객이 드론라이트쇼 관람과 함께 인근 지역 음식점을 접할 수 있도록 구성했다. 메인 구역에는 푸드트럭 2대를 마련해 신전떡볶이와 자양전통시장 호떡 등 총 2000인분의 간식을 무료로 제공한다. 배달 음식을... ,https://www.cstimes.com/news/articleView.html?idxno=720117,https://www.cstimes.com/news/articleView.html?idxno=720117,"Thu, 10 Sep 2026 09:16:00 +0900",2026-09-10 09:55:11
로봇/자율주행,드론 시장,"수자원공사, '디지털 물관리'로 해외 진출 나서",공사는 첨단기술인 드론·AI·디지털 트윈을 융합해 댐을 정밀하고 예방적으로 관리하는 국책사업 대표... 이를 통해 글로벌 물 안보에 기여함과 동시에 국내 유망 중소·벤처기업들이 해외 신흥 시장으로 도약할 수... ,http://www.chungnamilbo.co.kr/news/articleView.html?idxno=908729,http://www.chungnamilbo.co.kr/news/articleView.html?idxno=908729,"Thu, 10 Sep 2026 09:12:00 +0900",2026-09-10 09:55:11
로봇/자율주행,드론 시장,기후위기 물 해법 수출로 넓히는 국제협력,아프리카 물관리 시장 진출의 중요한 거점도 마련되는 셈이다. 공사는 별도 세션에서 드론·인공지능·디지털 트윈을 결합한 스마트 댐 안전관리 플랫폼 '케이 스마트 댐'을 소개했다. 물과 에너지를 연결하는 협력 모형... ,https://www.ccdailynews.com/news/articleView.html?idxno=2439787,https://www.ccdailynews.com/news/articleView.html?idxno=2439787,"Thu, 10 Sep 2026 09:08:00 +0900",2026-09-10 09:55:11
로봇/자율주행,드론 시장,"수자원공사, 파키스탄 펀잡주·가나 수도공사와 잇단 협약",공사는 첨단기술인 드론·AI·디지털 트윈을 융합해 댐을 정밀하고 예방적으로 관리하는 국책사업 대표... 이를 통해 글로벌 물 안보에 기여함과 동시에 국내 유망 중소·벤처기업들이 해외 신흥 시장으로 도약할 수... ,https://www.news1.kr/local/daejeon-chungnam/6285820,https://n.news.naver.com/mnews/article/421/0009161939?sid=102,"Thu, 10 Sep 2026 09:08:00 +0900",2026-09-10 09:55:11
게임/엔터,게임 주가,컴투스 '제우스' 흥행에 실적 눈높이↑…목표가 5만원,"NH투자증권에 따르면 글로벌 주요 게임사의 2026년 평균 주가수익비율(PER)은 22.9배인 반면 컴투스는 8.2배 수준이다. 신작 출시 이후 기대감 약화를 고려해 목표 PER은 기존 17배에서 15배로 낮췄지만, 실적 추정치 상향... ",https://www.thefairnews.co.kr/news/articleView.html?idxno=87606,https://www.thefairnews.co.kr/news/articleView.html?idxno=87606,"Thu, 10 Sep 2026 09:52:00 +0900",2026-09-10 09:55:12
게임/엔터,게임 주가,"인터뷰 전문: 김재섭 “민주, 한동훈 청문위원 시켜라…공개 망신 당하...","왜냐하면 저는 이 게임을 저는 한번 해봤거든요, 지난 지방선거 때. ▷ 황순욱 : 그렇죠. 제보 많이... 또 그 회사들의 주가 조작 의혹 사건은 시점이 김승원 의원이 민원을 처리했던 시점보다 9개월 이상 뒤에 벌어졌기... ",https://www.ichannela.com/news/main/news_detailPage.do?publishId=000000549653,https://n.news.naver.com/mnews/article/449/0000360127?sid=100,"Thu, 10 Sep 2026 09:50:00 +0900",2026-09-10 09:55:12
게임/엔터,게임 주가,"스마일게이트, 지배주주 이혼...기업 지배구조의 시험대에 서다 [KDF 시선...",스마일게이트는 지주사가 주요 계열사를 100% 지배하는 구조로 국내 게임업계에서 보기 드문 완전 지배력을... 상장사인 SK는 주가가 오르면 담보 여력이 확대돼 지분 매각 없이 현금을 마련할 여지가 있는 반면... ,http://www.kdfnews.com/news/articleView.html?idxno=187776,http://www.kdfnews.com/news/articleView.html?idxno=187776,"Thu, 10 Sep 2026 09:28:00 +0900",2026-09-10 09:55:12
게임/엔터,게임 주가,"NH투자증권 &quot;컴투스, ‘제우스: 오만의 신’ 매출 1위.. 목표가 상향&quot;",2주가 지난 지금 시점에도 여전히 구글 앱스토어 매출 순위 1위를 유지하고 있다. 안재민 NH투자증권 연구원은 “이는 3분기 이후 실적에 크게 반영될 전망”이라며 &quot;그동안 컴투스가 출시했던 게임이 론칭 초기... ,https://www.g-enews.com/view.php?ud=20260910085745129344093b5d4e_1,https://www.g-enews.com/view.php?ud=20260910085745129344093b5d4e_1,"Thu, 10 Sep 2026 09:18:00 +0900",2026-09-10 09:55:12
게임/엔터,게임 주가,"카이스트 허성범, '전참시'서 AI 매니저 도나와 24시간 일상 공개","그는 수학 수능 문제 풀이 영상으로 387만 명의 시선을 모았고, '피의 게임 X'에서 서바이벌 강자로 등장한 데... 포트폴리오 화면을 살펴보던 허성범은 주가가 상승한 종목에 관해 도나에게 원인을 묻는다. 그러자 도나는... ",https://www.topstarnews.net/news/articleView.html?idxno=16188534,https://www.topstarnews.net/news/articleView.html?idxno=16188534,"Thu, 10 Sep 2026 09:12:00 +0900",2026-09-10 09:55:12
게임/엔터,게임 주가,"컴투스, '제우스' 2주째 구글 매출 1위…실적 눈높이 '껑충'",NH투자증권에 따르면 글로벌 게임사의 올해 평균 주가수익비율(PER)은 22.9배 수준인 반면 컴투스는 8.2배에 거래되고 있다. 글로벌 동종업체와 비교해 밸류에이션 부담이 낮은 상황에서 신작 성과에 따른 실적 개선이... ,http://www.newsprime.co.kr/news/article.html?no=747155,http://www.newsprime.co.kr/news/article.html?no=747155,"Thu, 10 Sep 2026 09:06:00 +0900",2026-09-10 09:55:12
게임/엔터,게임 주가,허성범 ‘전참시’ 최초 AI 매니저 소개…주식 투자 꿀팁도 전수,"‘전지적 참견 시점’에 387만 명을 홀린 ‘수능 수학 문제 풀이’ 영상의 주인공이자 ‘피의게임 X’에서... 주가가 오른 종목에 대해 상승 원인을 질문하고, ‘딥 리서치’ 기능으로 심층 분석 보고서까지 받아보는 등... ",https://isplus.com/article/view/isp202609100028,https://m.entertain.naver.com/article/241/0003530027,"Thu, 10 Sep 2026 08:48:00 +0900",2026-09-10 09:55:12
게임/엔터,게임 주가,출시 2주째 구글 1위…증권가 컴투스 목표가 껑충 [오늘 나온 보고서],이에 증권가에서는 최근 게임주에 대한 시장 관심이 줄어든 상황이지만 컴투스의 성과가 주가에 충분히 반영될 필요가 있다고 평가했다. 10일 NH투자증권은 컴투스에 대해 투자의견 ‘매수’를 유지하고... ,https://www.mk.co.kr/article/12148997,https://n.news.naver.com/mnews/article/009/0005733047?sid=101,"Thu, 10 Sep 2026 08:48:00 +0900",2026-09-10 09:55:12
게임/엔터,게임 주가,"&quot;컴투스, 2주째 앱스토어 매출 1위...목표가 5만원으로 상향&quot;","이어 &quot;최근 게임주 전반에 대한 시장 관심도가 위축된 것은 사실이나, 이번 신작 성과는 충분히 반영되어도 마땅하다&quot;며 글로벌 게임사들의 2026년 평균 주가수익비율(PER)은 여전히 22.9배 수준인 반면, 컴투스는 8.... ",https://www.fnnews.com/news/202609100823053597,https://n.news.naver.com/mnews/article/014/0005573681?sid=101,"Thu, 10 Sep 2026 08:41:00 +0900",2026-09-10 09:55:12
게임/엔터,게임 주가,"허성범, 24시간 챙기는 ‘AI 매니저’ 공개 “인간이면 신예은 닮은꼴”",‘피의 게임X’에서 활약한 허성범의 일상이 공개된다. 특히 이날 ‘전참시’ 최초로 사람이 아닌 AI... 주가가 오른 종목은 AI에 상승 원인을 묻고 ‘딥 리서치’ 기능을 활용해 심층 분석 보고서까지 받아본다. AI를... ,https://sports.donga.com/ent/article/all/20260910/134640289/1,https://m.entertain.naver.com/article/382/0001293180,"Thu, 10 Sep 2026 08:41:00 +0900",2026-09-10 09:55:12
게임/엔터,게임 주가,"컴투스, 제우스 흥행에 실적 눈높이↑…목표가 5만원으로 '쑥'[애널리스...",키움증권 역시 같은 날 컴투스에 대해 투자의견 '매수'를 유지하고 목표주가를 기존 4만7000원에서 5만원으로 올렸다. 김진구 키움증권 연구원은 &quot;향후 동 게임은 BM 기조 및 중소형 과금 유저에 대한 케어 등을 얼마나... ,https://www.newsway.co.kr/news/view?ud=2026091008123132259,https://www.newsway.co.kr/news/view?ud=2026091008123132259,"Thu, 10 Sep 2026 08:36:00 +0900",2026-09-10 09:55:12
게임/엔터,게임 주가,"'전참시' 최초 AI 매니저 등장…'신예은 닮은꼴' 도나, 허성범 24시간 비...","'피의 게임' 시리즈로 이름과 얼굴을 알린 카이스트 AI 연구원 허성범이 '전참시' 최초로 인간이 아닌... 여기서 그치지 않고 주가가 오른 종목의 상승 원인을 AI에 질문하고, '딥 리서치' 기능을 이용해 심층 분석... ",https://www.sportschosun.com/entertainment/2026-09-10/202609100100069370004464,https://m.entertain.naver.com/article/076/0004444664,"Thu, 10 Sep 2026 08:35:00 +0900",2026-09-10 09:55:12
게임/엔터,게임 주가,"“컴투스, 목표가↑…신작 ‘제우스’ 기대치 상회”-NH","그러면서 “글로벌 게임사들의 올해 평균 주가수익비율(PER)이 22.9배 수준인 반면 컴투스는 8.2배에 불과하다”면서 “신작 론칭 이후 모멘텀 소멸을 반영해 목표 PER을 기존 17배에서 15배로 하향하지만, 실적 성장... ",https://www.itooza.com/common/iview.php?no=2026091008322873299,https://www.itooza.com/common/iview.php?no=2026091008322873299,"Thu, 10 Sep 2026 08:34:00 +0900",2026-09-10 09:55:12
게임/엔터,게임 주가,"&quot;컴투스, 신작게임 '제우스' 흥행에 호실적 기대…목표가↑&quot;-NH","17배에서 15배로 하향했으나, 2026~2027년 실적 성장 폭이 커 현재 주가 대비 상승 여력은 충분하다&quot;며 &quot;글로벌 게임사들의 2026년 평균 PER이 22.9배 수준인 반면 컴투스는 8.2배에 불과해 저평가 국면&quot;이라고 설명했다.",https://www.hankyung.com/article/2026091054026,https://n.news.naver.com/mnews/article/015/0005330745?sid=101,"Thu, 10 Sep 2026 08:25:00 +0900",2026-09-10 09:55:12
게임/엔터,게임 주가,"NH證 &quot;컴투스, 신작 '제우스' 흥행에 목표주가 상향…좋은 성과 인정할...",글로벌 게임사들의 2026년 평균 주가수익비율(PER)은 22.9배 수준인 반면 컴투스는 8.2배에 불과하다는 설명이다. 안 연구원은 “최근 게임주 전반에 대한 시장 관심도가 위축된 것은 사실이나 이번 신작 성과는... ,https://www.ajunews.com/view/20260910082311852,https://www.ajunews.com/view/20260910082311852,"Thu, 10 Sep 2026 08:24:00 +0900",2026-09-10 09:55:12
게임/엔터,게임 주가,"[뉴욕마켓워치] 베선트 하우스, 바이백 카드는 약했다…주식·채권·달러...",뉴욕증권거래소[연합뉴스 사진 제공] 뉴욕증시의 3대 주가지수는 사흘째 동반 하락했다. 중동 분쟁이... &quot;내가 하우스&quot;는 카지노 게임 등에서 딜러나 주최 측 역할을 맡을 때 주로 쓰는 표현이다. 이를 베선트가... ,https://news.einfomax.co.kr/news/articleView.html?idxno=4434197,https://news.einfomax.co.kr/news/articleView.html?idxno=4434197,"Thu, 10 Sep 2026 08:22:00 +0900",2026-09-10 09:55:12
게임/엔터,게임 주가,"NH투자證 &quot;컴투스, 신작 흥행 돌풍…목표가 5만원↑&quot;",안 연구원은 &quot;3분기 연결 기준 매출액은 2246억원으로 전년 동기 대비 39.3% 증가하고 영업이익은 171억원으로 흑자전환할 전망&quot;이라며 &quot;글로벌 게임사들의 2026년 평균 PER(주가수익비율)이 22.9배 수준인 반면 컴투스는... ,https://www.etoday.co.kr/news/view/2623803,https://www.etoday.co.kr/news/view/2623803,"Thu, 10 Sep 2026 08:02:00 +0900",2026-09-10 09:55:12
게임/엔터,게임 주가,"컴투스, 신작 ‘제우스’ 흥행 기대 이상…목표가↑-NH","NH투자증권에 따르면 글로벌 게임사들의 올해 평균 주가수익비율(PER)은 22.9배 수준인 반면 컴투스는 8.2배에 불과하다. 안 연구원은 “최근 게임주 전반에 대한 시장 관심도가 위축된 것은 사실이나, 이번 신작... ",https://www.edaily.co.kr/News/Read?newsId=02676486645578808&mediaCodeNo=257&utm_source=naver&utm_medium=referral&utm_campaign=news_syndication&utm_content=original_article,https://n.news.naver.com/mnews/article/018/0006366573?sid=101,"Thu, 10 Sep 2026 07:58:00 +0900",2026-09-10 09:55:12
게임/엔터,게임 주가,"NH투자증권 &quot;컴투스, '제우스: 오만의 신' 성과 기대치 크게 상회&quot;",2주가 지난 지금 시점에도 여전히 구글 앱스토어 매출 순위 1위를 유지하고 있어 3분기 이후 실적에 크게 반영될 전망&quot;이라고 말했다. 안 연구원은 &quot;그동안 컴투스가 출시했던 게임이 론칭 초기 좋은 성과를 유지하지... ,https://www.cstimes.com/news/articleView.html?idxno=720091,https://www.cstimes.com/news/articleView.html?idxno=720091,"Thu, 10 Sep 2026 07:56:00 +0900",2026-09-10 09:55:12
게임/엔터,엔터테인먼트 산업,17개국 403개사 참가 ‘국제방송영상마켓’ 14일 개막…역대 최대 규모,"올해 행사에는 일본 NHK와 후지TV, 중국 아이치이와 텐센트 비디오, 미국 폭스엔터테인먼트 등이 참가한다.... 콘퍼런스에서는 ‘세계 미디어 생태계의 재편과 새로운 질서’를 중심으로 방송영상산업의 주요 흐름을... ",https://idsn.co.kr/news/view/1065573369273815,https://idsn.co.kr/news/view/1065573369273815,"Thu, 10 Sep 2026 09:48:00 +0900",2026-09-10 09:55:12
게임/엔터,엔터테인먼트 산업,[SW포커스] 잊을 만하면 터지는 서포터스 논란… K리그 응원문화 ‘자정...,"지난해 한국엔터테인먼트산업학회지에 게재된 ‘소셜네트워크 빅데이터분석을 활용한 프로야구, 프로축구 응원문화 비교 연구’에 따르면 SNS 키워드를 활용해 프로축구 응원문화의 주요 키워드 군집을 분석한 결과... ",https://www.sportsworldi.com/newsView/20260909515093,https://m.sports.naver.com/kfootball/article/396/0000754916,"Thu, 10 Sep 2026 09:46:00 +0900",2026-09-10 09:55:12
게임/엔터,엔터테인먼트 산업,"계명대학교, 120여편 드라마·영화 촬영 성지로...걸그룹·RIIZE도 MV 제작",2024년에는 SM엔터테인먼트 소속 그룹 RIIZE가 대명캠퍼스에서 뮤직비디오와 자켓 촬영을 진행했다. 이처럼 K... 120여 편에 이르는 촬영 이력은 계명대학교의 공간적 가치와 함께 지역 문화·콘텐츠 산업과의 연계... ,https://www.gukjenews.com/news/articleView.html?idxno=3690604,https://www.gukjenews.com/news/articleView.html?idxno=3690604,"Thu, 10 Sep 2026 09:30:00 +0900",2026-09-10 09:55:12
게임/엔터,엔터테인먼트 산업,"정기고, 모브컴퍼니 전속계약…&quot;감각과 방향 나눌 것&quot;",음악 산업 전반에서 활약했다. 모브컴퍼니와 함께 새로운 출발을 알린 정기고가 어떤 다채로운 행보를... 모브컴퍼니는 다양한 분야와 장르의 크리에이티브 콘텐츠 제작을 목표로 하는 엔터테인먼트사로 음악 및... ,https://news.tf.co.kr/read/entertain/2364153.htm,https://m.entertain.naver.com/article/629/0000532441,"Thu, 10 Sep 2026 09:22:00 +0900",2026-09-10 09:55:12
게임/엔터,엔터테인먼트 산업,스윙스 &quot;도축당해라&quot; 욕설 뒤 숨은 120억 빚,"그러나 엔터테인먼트 산업의 구조적 특성상 회사의 성장과 함께 비용과 책임도 커졌고, 결정적인 순간에는 핵심 인력의 이탈이 회사 전체의 존립을 흔드는 변수로 작용했다. 그가 특히 힘들었다고 토로한 것은 회사의... ",https://www.mediafine.co.kr/news/articleView.html?idxno=89368,https://www.mediafine.co.kr/news/articleView.html?idxno=89368,"Thu, 10 Sep 2026 09:22:00 +0900",2026-09-10 09:55:12
게임/엔터,엔터테인먼트 산업,"[특징주] 엔에이치스팩34호, 코스닥 상장 첫날 163% 폭등","탄소저감에너지, 고도 물처리, 첨단그린도시, 방송통신융합산업, 로봇 응용, 신소재·나노융합, 고부가 식품산업, 엔터테인먼트, 자동차 부품 제조, IT 및 반도체 등의 산업 영위 기업을 대상으로 합병을 추진한다.",https://biz.chosun.com/stock/stock_general/2026/09/10/XCBULUBWRBBZ3EXAWHZ5LHQKHE/?utm_source=naver&utm_medium=original&utm_campaign=biz,https://n.news.naver.com/mnews/article/366/0001191458?sid=101,"Thu, 10 Sep 2026 09:20:00 +0900",2026-09-10 09:55:12
게임/엔터,엔터테인먼트 산업,"[Tech &amp; Now] 롯데이노베이트 칼리버스, AI·3D 기반 '롯데자이언츠 가상...","칼리버스는 향후 개인화된 상품 추천 및 스타일링 기능, 시즌별 기획 콘텐츠, 가상 공간 기반의 체험형 콘텐츠 등을 고도화해 리빙, 엔터테인먼트 등 다양한 산업 분야로 이머시브 커머스 사업을 확대해 나갈 예정이다.... ",https://www.ebn.co.kr/news/articleView.html?idxno=1723705,https://www.ebn.co.kr/news/articleView.html?idxno=1723705,"Thu, 10 Sep 2026 09:08:00 +0900",2026-09-10 09:55:12
게임/엔터,엔터테인먼트 산업,제10회 재팬 투어리즘 어워드 수상작 발표,"심사위원회는 지속 가능한 관광을 도모하고 관광의 힘으로 지역 산업 유지와 발전에 기여하며, 타 지역의... 앤 엔터테인먼트 등 3개 단체가 선정되었다. 실행위원장상은 바누아투 활화산을 활용한 스포츠 투어리즘을... ",https://www.gukjenews.com/news/articleView.html?idxno=3690427,https://www.gukjenews.com/news/articleView.html?idxno=3690427,"Thu, 10 Sep 2026 09:04:00 +0900",2026-09-10 09:55:12
게임/엔터,엔터테인먼트 산업,&quot;대학 학위부터 실무교육까지&quot;…숭실사이버대·코리아교육그룹 교육 혜...,협약에 따라 코리아교육그룹 임직원이 숭실사이버대학교 산업체위탁전형으로 신입학 또는 편입학할 경우... 엔터테인먼트 계열사의 경우 최초 등록 시 20% 할인이 적용된다. 코리아교육그룹은 '미래를 만드는 꿈의 공방... ,https://www.job-post.co.kr/news/articleView.html?idxno=226614,https://www.job-post.co.kr/news/articleView.html?idxno=226614,"Thu, 10 Sep 2026 09:00:00 +0900",2026-09-10 09:55:12
게임/엔터,엔터테인먼트 산업,방송영상 30조원 청사진…BCWW 역대 최대 규모로 판 키운다,"산업의 흐름을 다루는 콘퍼런스가 펼쳐진다. 배우 김남길과 이병헌 감독, 배우 이상엽 등도 연사와 토론자로 참여한다. 콘텐츠와 포맷의 해외 사업화를 겨냥한 프로그램도 운영한다. 미국 폭스엔터테인먼트와... ",https://www.etoday.co.kr/news/view/2623841,https://www.etoday.co.kr/news/view/2623841,"Thu, 10 Sep 2026 08:34:00 +0900",2026-09-10 09:55:12
게임/엔터,엔터테인먼트 산업,&quot;3대 기획사와 테스트→가이드라인 제정&quot;…K팝도 '저탄소 공연'으로 간...,"공연 산업의 탄소중립 전환을 위한 민관산학 협의체가 출범해, 업계에 적용할 수 있도록 가이드라인을... 국내 엔터테인먼트 기업에서는 YG와 SM이 공연 탄소 배출량 측정에 나섰으나, 이를 더 다양한 공연과 행사로 확산할... ",https://www.nocutnews.co.kr/news/6575871?utm_source=naver&utm_medium=article&utm_campaign=20260910083105,https://n.news.naver.com/mnews/article/079/0004187798?sid=103,"Thu, 10 Sep 2026 08:32:00 +0900",2026-09-10 09:55:12
게임/엔터,엔터테인먼트 산업,[서경대 MFS] 일본을 지배하는 라쿠텐 경제권,"우선 단순한 금리 우대나 수수료 감면 수준을 넘어, 통신과 쇼핑, 엔터테인먼트 등 이종 산업의 포인트 및 혜택을 금융 상품과 정교하게 결합하는 보상 모델을 구축하는 것이 최우선입니다. 그러나 이 과정에서... ",https://www.tfmedia.co.kr/news/article.html?no=207106,https://www.tfmedia.co.kr/news/article.html?no=207106,"Thu, 10 Sep 2026 08:10:00 +0900",2026-09-10 09:55:12
게임/엔터,엔터테인먼트 산업,역대 최대 403개사 참가…국제방송영상마켓 14일 개막,NHK·후지TV·아이치이·텐센트비디오·폭스엔터테인먼트와 KBS미디어·MBC·CJ ENM·하이브 등이 참여한다.... 콘퍼런스는 '세계 미디어 생태계의 재편과 새로운 질서'를 주제로 방송영상산업의 변화를 짚는다. 첫날 배우... ,https://www.fnnews.com/news/202609100532318571,https://n.news.naver.com/mnews/article/014/0005573661?sid=103,"Thu, 10 Sep 2026 08:00:00 +0900",2026-09-10 09:55:12
게임/엔터,엔터테인먼트 산업,17개국 403개사 참가…'2026 국제방송영상마켓' 14일 개막,"방송영상산업의 국제 사업 교류를 지원하는 자리다. 해외에서는 일본 NHK와 후지TV, 중국 아이치이와 텐센트 비디오, 미국 폭스엔터테인먼트 등이 참가한다. 국내에서는 KBS미디어, MBC, 스튜디오S, CJ ENM, 하이브... ",https://www.news1.kr/life-culture/general-cultural/6285596,https://n.news.naver.com/mnews/article/421/0009161745?sid=103,"Thu, 10 Sep 2026 08:00:00 +0900",2026-09-10 09:55:12
게임/엔터,엔터테인먼트 산업,"이상우, 26년째 엔터 사업-장나라·한가인·故 휘성 키워",1980~90년대 가요계를 대표했던 스타가 자신의 활동 영역을 무대 위에만 한정하지 않고 일찌감치 엔터테인먼트 산업의 내부로 들어갔다는 점에서 의미가 적지 않다. 특히 그가 거론한 이름들은 가수와 배우라는 서로 다른... ,https://www.mediafine.co.kr/news/articleView.html?idxno=89341,https://www.mediafine.co.kr/news/articleView.html?idxno=89341,"Thu, 10 Sep 2026 07:26:00 +0900",2026-09-10 09:55:12
게임/엔터,엔터테인먼트 산업,"시너 옆에는 페기 구, 셸턴 옆에는 로드먼","특히 미국에서는 테니스와 농구, 미식축구, 야구, 축구의 스타들이 서로 연결되면서 스포츠 전체가 하나의 엔터테인먼트 산업처럼 움직인다. 벤 셸턴 같은 젊은 선수에게 이것은 중요한 자산이다. 경기에서 이기는 것만큼... ",http://www.tennispeople.kr/news/articleView.html?idxno=19439,http://www.tennispeople.kr/news/articleView.html?idxno=19439,"Thu, 10 Sep 2026 07:22:00 +0900",2026-09-10 09:55:12
게임/엔터,엔터테인먼트 산업,"정기고, 모브컴퍼니와 전속계약…주니와 한솥밥 새 출발","정기고는 무대 활동과 별개로 음악 산업 전반에서도 역할을 해왔다. 그는 음악 레이블 에스이엘(SEL Records)... 하는 엔터테인먼트사다. 이곳에는 이미 아티스트 주니(JUNNY)가 소속돼 있으며, 여기에 정기고가... ",https://www.topstarnews.net/news/articleView.html?idxno=16188411,https://www.topstarnews.net/news/articleView.html?idxno=16188411,"Thu, 10 Sep 2026 07:16:00 +0900",2026-09-10 09:55:12
게임/엔터,엔터테인먼트 산업,"스윙스 &quot;회사 떠난 8명 개XX들, 도축당해라&quot; 욕설했다 급수습...&quot;나 힘들...",회사가 커졌을 때는 직원이 100명까지 있었다&quot;며 엔터테인먼트 사업을 운영해온 과정을 공개했다. 특히... 스윙스는 &quot;한 8명 정도가 한 번에 떠나게 됐다&quot;며 &quot;사실 엔터 산업은 사람이 재산이다&quot;라고 말했다. 코로나19... ,https://www.sportschosun.com/entertainment/2026-09-10/202609100100068620004419,https://m.entertain.naver.com/article/076/0004444644,"Thu, 10 Sep 2026 06:59:00 +0900",2026-09-10 09:55:12
게임/엔터,엔터테인먼트 산업,"李대통령, 프랑스 국빈방문 마치고 귀국길…한불 '새 140년' 협력 확대 ...","NBC유니버설 엔터테인먼트 회장, 다나 월든 월트디즈니컴퍼니 사장 등과 만나 K-콘텐츠 투자 및 한미 영상산업 협력을 논의했다. 이 대통령은 &quot;대한민국에서 작품을 만들고, 또 소재를 발굴하고 이런 분야에 있어서는... ",https://www.newsworks.co.kr/news/articleView.html?idxno=853245,https://www.newsworks.co.kr/news/articleView.html?idxno=853245,"Thu, 10 Sep 2026 02:34:00 +0900",2026-09-10 09:55:12
게임/엔터,콘텐츠 수출,"CJ제일제당·롯데웰푸드, 햇반·빼빼로 글로벌 마케팅 박차","이와 더불어, 틱톡 참여형 콘텐츠 및 대형 인플루언서 협업 등 다채로운 디지털 바이럴 마케팅을... 지난해 빼빼로 수출액도 약 870억 원을 기록하며 2024년(700억 원) 대비 약 25% 신장해 두 자릿수 성장을... ",http://www.wsobi.com/news/articleView.html?idxno=317922,http://www.wsobi.com/news/articleView.html?idxno=317922,"Thu, 10 Sep 2026 09:38:00 +0900",2026-09-10 09:55:13
게임/엔터,콘텐츠 수출,"&quot;노래로 만나는 빼빼로데이&quot; 롯데웰푸드, 스트레이 키즈 신곡 공개",롯데웰푸드가 빼빼로데이를 글로벌 문화 콘텐츠로 확장하기 위해 앰배서더 스트레이 키즈와 디지털 싱글... 지난해 빼빼로 수출액도 약 870억원으로 2024년 700억원 대비 약 25% 증가했다. 롯데웰푸드는 신곡 공개에 맞춰... ,https://www.newsis.com/view/NISX20260910_0003783780,https://n.news.naver.com/mnews/article/003/0014181316?sid=101,"Thu, 10 Sep 2026 09:37:00 +0900",2026-09-10 09:55:13
게임/엔터,콘텐츠 수출,"롯데웰푸드 빼빼로, 글로벌 앰버서더 스트레이 키즈 음원 공개 … &quot;11월...",전년 콘텐츠보다 440% 증가했다. 북미 지역 매출도 전년 대비 약 36% 늘었다. 롯데웰푸드는 이 같은 성과를 바탕으로 지난 4월 스트레이 키즈와 글로벌 앰배서더 계약을 연장했다. 빼빼로 수출액도 지난해 약... ,https://biz.newdaily.co.kr/site/data/html/2026/09/10/2026091000051.html,https://biz.newdaily.co.kr/site/data/html/2026/09/10/2026091000051.html,"Thu, 10 Sep 2026 09:32:00 +0900",2026-09-10 09:55:13
게임/엔터,콘텐츠 수출,굽네 '파기름떡볶이 치킨' 출시→오리온 '비쵸비' 해외 판매 확대,11일부터 서울 홍대 굽네 플레이타운에서 대학생 대상 '2학기 개강파티' 팝업을 열고 체험 콘텐츠와 현장... 오리온은 국내 수요 증가로 부족했던 수출 물량을 확보하고자 지난 4월 익산공장에 생산라인을 추가해... ,https://www.slist.kr/news/articleView.html?idxno=764998,https://www.slist.kr/news/articleView.html?idxno=764998,"Thu, 10 Sep 2026 09:32:00 +0900",2026-09-10 09:55:13
게임/엔터,콘텐츠 수출,K-방송영상 2030년 30조원 산업으로…OTT·크리에이터 키운다,"2030년까지 산업 매출 30조원, 콘텐츠 수출액 30억6000만 달러 달성을 목표로 한다. 매출액 100억원 이상 제작사 비중은 현재 13.9%에서 27.8%로 2배 확대한다는 계획이다. 이를 위해 ▲방송영상콘텐츠 지식재산권(IP) 확보 및... ",https://www.newsis.com/view/NISX20260910_0003783742,https://n.news.naver.com/mnews/article/003/0014181263?sid=103,"Thu, 10 Sep 2026 09:28:00 +0900",2026-09-10 09:55:13
게임/엔터,콘텐츠 수출,"롯데웰푸드 빼빼로, 스트레이 키즈와 '11월 11일' 음원 공개",이번 음원은 빼빼로데이를 한국에서 시작된 문화 콘텐츠로 알리는 동시에 해외 소비자와의 접점을 확대하기... 해외 사업 확대에 힘입어 빼빼로 수출액도 증가했다. 지난해 수출액은 약 870억 원으로 2024년 700억 원보다 약... ,http://www.popcornnews.net/news/articleView.html?idxno=132452,http://www.popcornnews.net/news/articleView.html?idxno=132452,"Thu, 10 Sep 2026 09:16:00 +0900",2026-09-10 09:55:13
게임/엔터,콘텐츠 수출,폴리뉴스 모닝브리핑 9월 10일 목요일,"K콘텐츠 149억달러 수출…세계열광해도 국내생태계는 왜 불안한가 https://www.polinews.co.kr/news/articleView.html?idxno=742590 13. '측정'넘어 '관리'로..갤럭시 워치9, 헬스케어 경쟁... ",https://www.polinews.co.kr/news/articleView.html?idxno=742689,https://www.polinews.co.kr/news/articleView.html?idxno=742689,"Thu, 10 Sep 2026 09:10:00 +0900",2026-09-10 09:55:13
게임/엔터,콘텐츠 수출,17개국 403개사 'K콘텐츠' 사러 온다…BCWW 개막,"수출 판로 다각화를 위한 국가별 워크숍과 부대행사도 배치한다. 한국과 일본의 드라마 공동제작 논의를 구체화하고, 싱가포르, 중동 시장 진출을 도울 방안을 모색한다. 웹콘텐츠 공모전 시상식인 '뉴미디어... ",https://view.asiae.co.kr/article/2026091009074194275,https://n.news.naver.com/mnews/article/277/0005814373?sid=103,"Thu, 10 Sep 2026 09:07:00 +0900",2026-09-10 09:55:13
게임/엔터,콘텐츠 수출,"KFC 코리아, 대만·홍콩과 전략적 제휴…'글로벌 시너지' 강화","지난해 6월에는 자체 개발 메뉴인 '켄치밥' 캠페인을 대만에 수출하고 현지 미디어 간담회를 열었으며, 같은 해 7월에는 몽골 법인과 MOU를 맺고 레시피와 광고 콘텐츠를 공급한 바 있다. 신호상 KFC 코리아 대표는 &quot;이번... ",http://www.newsdream.kr/news/articleView.html?idxno=117839,http://www.newsdream.kr/news/articleView.html?idxno=117839,"Thu, 10 Sep 2026 09:06:00 +0900",2026-09-10 09:55:13
게임/엔터,콘텐츠 수출,"[유통갤러리] 오뚜기, 더 꾸덕하고 매콤하게… ‘크림진짬뽕’ 리뉴얼 ...",비쵸비는 국내 수요가 빠르게 늘면서 그동안 수출 물량 확보에 제약이 있었다. 오리온은 지난 4월... 폭넓은 콘텐츠를 선보이며 최근 누적 조회수 1000만회를 달성했다. 특히 올해부터 선보인 미슐랭 스타 셰프 파브리와... ,https://theviewers.co.kr/View.aspx?No=4220858,https://theviewers.co.kr/View.aspx?No=4220858,"Thu, 10 Sep 2026 09:00:00 +0900",2026-09-10 09:55:13
게임/엔터,콘텐츠 수출,"[순방결산]李 대통령, 한·프랑스 문화·영상산업 파트너십 확대…안보...","K-콘텐츠의 경쟁력을 중장기 투자와 공동제작의 틀로 구체화하고, 안보와 원자력, 첨단산업 등 협력의 외연을... 원전 수출 시장에서는 경쟁 관계에 있는 한국과 프랑스가 공급망과 기술 분야에서는 상호 보완적 협력을... ",https://www.newsis.com/view/NISX20260909_0003782628,https://n.news.naver.com/mnews/article/003/0014181136?sid=100,"Thu, 10 Sep 2026 08:55:00 +0900",2026-09-10 09:55:13
게임/엔터,콘텐츠 수출,"돌아온 관객에 특별관까지…CJ CGV, 실적 회복 기대 커진다[애널리스트...",특별관 수출을 확대하는 동시에 전용 콘텐츠를 확대하며 실적 레버리지가 확대될 것&quot;이라고 전망했다. KB증권은 지난 7일 CJ CGV에 대한 투자의견을 'Hold'(보유)로 유지했지만 목표주가를 기존 대비 16.67% 올린... ,https://www.newsway.co.kr/news/view?ud=2026091008400605354,https://www.newsway.co.kr/news/view?ud=2026091008400605354,"Thu, 10 Sep 2026 08:50:00 +0900",2026-09-10 09:55:13
게임/엔터,콘텐츠 수출,"정부, 방송영상산업 5개년 청사진 2년 앞당겨 발표","30조원, 수출액 30억6000만 달러 규모로 키우고 매출액 100억원 이상의 제작사 비중을 현재 13.9%에서 27.8%로 두 배 확대할 계획이다. 이러한 양적 성장을 뒷받침할 핵심 동력으로는 제작사의 지식재산(IP) 확보와 콘텐츠... ",https://view.asiae.co.kr/article/2026091008443863372,https://n.news.naver.com/mnews/article/277/0005814329?sid=103,"Thu, 10 Sep 2026 08:44:00 +0900",2026-09-10 09:55:13
게임/엔터,콘텐츠 수출,"KFC 코리아, 대만·홍콩과 협업 확대… 인기 메뉴 상호 도입",KFC 코리아는 최근 해외 KFC 법인과 국내에서 개발한 메뉴·마케팅 콘텐츠를 공유하는 협업을 확대하고 있다. 지난해 6월에는 대만에 ‘켄치밥’ 캠페인 크리에이티브를 수출하고 광고 모델인 최현석 셰프가 현지 미디어... ,https://biz.chosun.com/distribution/food/2026/09/10/72QAU3KKVJBGFDK2M6FPGASZ4E/?utm_source=naver&utm_medium=original&utm_campaign=biz,https://n.news.naver.com/mnews/article/366/0001191436?sid=101,"Thu, 10 Sep 2026 08:37:00 +0900",2026-09-10 09:55:13
게임/엔터,콘텐츠 수출,‘4년 표류’ 유한양행 기술수출 신약…‘5000억 잭팟’ 기회 1년 내 결...,이 기사는 2026년09월08일 08시15분에 팜이데일리 프리미엄 콘텐츠로 선공개 되었습니다. 유한양행(000100)이 미국 프로세사 파마슈티컬스(Processa Pharmaceuticals)에 기술수출한 신약 후보물질 ‘PCS12852’(유한양행 개발명... ,https://www.edaily.co.kr/News/Read?newsId=02751926645578808&mediaCodeNo=257&utm_source=naver&utm_medium=referral&utm_campaign=news_syndication&utm_content=original_article,https://n.news.naver.com/mnews/article/018/0006366592?sid=105,"Thu, 10 Sep 2026 08:17:00 +0900",2026-09-10 09:55:13
게임/엔터,콘텐츠 수출,국내외 애니메이션·게임·웹툰 등 문화콘텐츠 한자리에,"문화콘텐츠를 선보인다. 국내외 바이어 250여명이 집결해 수출·투자 상담 등 판로 개척을 위한 비즈니스 교류를 진행한다. ‘청소년 AI 경진대회’, 삽화 박람회(일러스트레이션 페어), 보드게임 체험, 공연 등... ",https://www.munhwa.com/article/11615908?ref=naver,https://n.news.naver.com/mnews/article/021/0002817679?sid=102,"Thu, 10 Sep 2026 08:12:00 +0900",2026-09-10 09:55:13
게임/엔터,콘텐츠 수출,"DS證, “CJ CGV, 오디세이 등 잇단 흥행에⋯3분기 영업익 102%↑”",장 연구원은 &quot;평균티켓가격(ATP)이 높은 국내외 특별관 및 고급 대형 포맷(PLF) 수요가 늘어나고 있다&quot;며 &quot;자회사 CJ 4D플렉스는 글로벌 극장사로의 기술 수출 확대와 스크린엑스(ScreenX) 전용 오리지널 콘텐츠 확대를... ,https://www.etoday.co.kr/news/view/2623809,https://www.etoday.co.kr/news/view/2623809,"Thu, 10 Sep 2026 08:08:00 +0900",2026-09-10 09:55:13
게임/엔터,콘텐츠 수출,"방송영상산업 매출 30조원 목표…문체부, 제7차 중장기계획 발표","목표는 산업 매출 30조원, 콘텐츠 수출 30억6000만 달러다. 매출 100억원 이상 제작사 비중도 현재 13.9%에서 27.8%로 두 배 확대한다. 이번 계획은 2023년부터 2027년까지인 제6차 계획을 2년 앞당겨 대체하는 2026년부터... ",https://www.news1.kr/life-culture/general-cultural/6285597,https://n.news.naver.com/mnews/article/421/0009161747?sid=103,"Thu, 10 Sep 2026 08:00:00 +0900",2026-09-10 09:55:13
게임/엔터,콘텐츠 수출,[장욱희의 중장년 취업에세이] 지방에서 시작해 세계로 가는 대한민국 ...,"지역의 관광자원과 콘텐츠를 결합해 새로운 관광상품을 개발할 수도 있다. 여기서 중장년은 지역의 산업과... 참가, 수출 지원을 연결하는 방식이다. [서울=뉴스핌] 류기찬 기자 = 18일 오전 서울 강남구 세텍... ",https://www.newspim.com/news/view/20260909000191,https://www.newspim.com/news/view/20260909000191,"Thu, 10 Sep 2026 07:00:00 +0900",2026-09-10 09:55:13
자동차/모빌리티,자동차 주가,&quot;ROE 12.1% 사상 최고인데&quot; 日증시 떠나는 해외 투자자,닛케이225평균주가(닛케이지수)를 미국과 유럽의 주요 주가지수로 나눈 상대 지표도 하락하고 있다. UBS는... 도요타자동차는 2026회계연도(2026년 4월~2027년 3월) 예상 환율을 달러당 160엔으로 설정했다. 엔화 가치가... ,https://www.fnnews.com/news/202609100936211683,https://n.news.naver.com/mnews/article/014/0005573756?sid=104,"Thu, 10 Sep 2026 09:46:00 +0900",2026-09-10 09:55:14
자동차/모빌리티,자동차 주가,"“No data center”… AI, 美중간선거 판 흔든다[Global Focus]","확산했고, 자동차 번호판 인식 AI 카메라의 사생활 침해 논란으로도 번졌다. 부정적 여론이 커지면서 AI에... 8개 주가 데이터센터에 대한 세제 혜택을 폐지·축소하는 입법을 완료했다. 특히 메인주는 세제 혜택을 전면... ",https://www.munhwa.com/article/11615930?ref=naver,https://n.news.naver.com/mnews/article/021/0002817702?sid=104,"Thu, 10 Sep 2026 09:23:00 +0900",2026-09-10 09:55:14
자동차/모빌리티,자동차 주가,"DB손해보험, 포르테그라 품고 K-ICS 28%포인트 하락…그래도 배당 늘린다",포르테그라는 일반적인 자동차·장기보험사가 아니다. 특화보험(Specialty)을 중심으로 신용·보증보험과... 대신증권은 포르테그라 실적 반영과 확대된 배당정책을 반영해 DB손보 목표주가를 기존 20만원에서... ,http://www.press9.kr/news/articleView.html?idxno=82494,http://www.press9.kr/news/articleView.html?idxno=82494,"Thu, 10 Sep 2026 08:00:00 +0900",2026-09-10 09:55:14
자동차/모빌리티,자동차 주가,"“인간 테스트 통과한 AI, 10년 안에 인류 멸종시킬 확률 10% 이상”: 슬...","신호등을 찾는 초기 단계부터 방향키로 자동차를 주차하는 중간 단계, 체스 말을 움직여 상대에게 이기는... 주가가 올랐을 때 일본 국민연금은 이익을 실현했다. 환율 9.3배 기준으로 올해 상반기에만 52조 원어치를 내다... ",https://slownews.kr/166172,https://slownews.kr/166172,"Thu, 10 Sep 2026 07:44:00 +0900",2026-09-10 09:55:14
자동차/모빌리티,자동차 주가,[KFT 모닝 브리프] 2026.09.10 — 오늘 꼭 알아야 할 국내외 경제·시장 ...,"기관이 유가증권시장에서 9005억원을 순매수하며 지수를 견인했고, 반도체와 이차전지 대형주가 상승을... 다만 자동차(-29.8%)·선박(-45.9%) 부진은 일시적 요인으로 설명된 만큼, 9월 실적에서 이 두 품목이... ",https://www.fntimes.com/html/view.php?ud=202609100714306350141825007d_18,https://www.fntimes.com/html/view.php?ud=202609100714306350141825007d_18,"Thu, 10 Sep 2026 07:24:00 +0900",2026-09-10 09:55:14
자동차/모빌리티,자동차 주가,[마켓 브리핑] 국제유가 100달러 돌파…美바이백 규모 기대 이하 반응,"보험사들의 비용 부담이 재부각되면서, 관련주가 약세를 기록했습니다. 포드는 중국 자동차 업체의 미국 시장 진출 우려가 부각되면서 4% 가까이 하락했습니다. 미시간주 엘리사 슬롯킨 상원 의원이 트럼프 대통령이... ",https://biz.sbs.co.kr/article_hub/20000333774?division=NAVER,https://n.news.naver.com/mnews/article/374/0000532125?sid=104,"Thu, 10 Sep 2026 07:16:00 +0900",2026-09-10 09:55:14
자동차/모빌리티,자동차 주가,복권 안부러운 中 공모주…하루만에 새차 뽑았다 [정다은의 차이나코어...,상장 첫날 주가가 폭등하자 곧바로 매도해 38만 위안(약 7600만 원)의 수익을 올렸다. 하루 만에 거액을 손에 쥔 그는 망설임 없이 꿈에 그리던 새 자동차를 구매하기로 했다. 이미 더 저렴한 차량을 사기 위해 계약금까지... ,https://www.sedaily.com/article/20088977?ref=naver,https://n.news.naver.com/mnews/article/011/0004660356?sid=104,"Thu, 10 Sep 2026 07:01:00 +0900",2026-09-10 09:55:14
자동차/모빌리티,자동차 주가,"“주가 비싸진 거 아는데 사고 싶어”...요즘 핫한 두 기업, 또 신기술 ...","삼성전기는 이번 전시에서 2.5D 패키지기판과 2.1D 패키지기판, 유리기판, 자동차용 플립칩 볼그리드어레이(FC-BGA), 초박형 칩스케일패키지(UTCSP) 기판 등 차세대 패키지기판 기술을 대거 소개한다. AI 가속기용 2.5D... ",https://www.mk.co.kr/article/12148956,https://n.news.naver.com/mnews/article/009/0005733021?sid=101,"Thu, 10 Sep 2026 06:59:00 +0900",2026-09-10 09:55:14
자동차/모빌리티,자동차 주가,"반등장서 뒤바뀐 그룹ETF 판도… 두산·한화 뛰고, 현대차 후진",기간 주가가 36.7% 상승했다. 이민재 NH투자증권 연구원은 &quot;미국은 연방 정부 차원에서 에너지부(DOE)... 9%) 역시 미국 관세 부담과 자동차 업종 전체의 밸류에이션 하락에서 자유롭지 못했다. 현대모비스(-12.3%)의... ,https://it.chosun.com/news/articleView.html?idxno=2023092169778,https://it.chosun.com/news/articleView.html?idxno=2023092169778,"Thu, 10 Sep 2026 06:40:00 +0900",2026-09-10 09:55:14
자동차/모빌리티,자동차 주가,메타 6.6% 급등…월가 &quot;AI 에이전트 '뮤즈' 새 제품 사이클 시작&quot;,"페이스북 모회사 메타플랫폼 주가가 새로운 인공지능(AI) 에이전트 '뮤즈'(Muse)에 대한 월가의 호평에 7... 뮤즈는 이메일을 보내거나 자동차 판매, 여행 예약 등의 작업을 사용자 대신 자율적으로 수행할 수 있다.... ",https://www.news1.kr/world/international-economy/6285639,https://n.news.naver.com/mnews/article/421/0009161634?sid=101,"Thu, 10 Sep 2026 06:02:00 +0900",2026-09-10 09:55:14
자동차/모빌리티,전기차 산업,中 석유 수요 3년째 감소 전망…전기차 확산에 휘발유 '뚝',"전기차 확산에 휘발유·경유 수요 감소 유종별로는 휘발유와 경유의 수요 감소가 두드러질 것으로... 중국 화학산업의 이익은 올해 1∼7월 전년 동기 대비 50% 넘게 급증했지만, 높은 비용과 재고 부담 등의 영향으로... ",https://www.jnilbo.com/news/articleView.html?idxno=90000064125,https://www.jnilbo.com/news/articleView.html?idxno=90000064125,"Thu, 10 Sep 2026 09:41:00 +0900",2026-09-10 09:55:15
자동차/모빌리티,전기차 산업,"KB부동산신탁·포스코이앤씨, ‘아크메르 동탄’ 1808가구 9월 분양","삼성전자 기흥캠퍼스와 현재 조성 중인 SK하이닉스 용인 반도체클러스터로도 이동할 수 있어 반도체 산업... 여기에 스마트 음식물 자동처리 시스템과 전기차 화재 대응 및 자동 진압 시스템, 고성능 창호, 고효율 유리... ",https://www.inthenews.co.kr/news/article.html?no=91680,https://www.inthenews.co.kr/news/article.html?no=91680,"Thu, 10 Sep 2026 09:36:00 +0900",2026-09-10 09:55:15
자동차/모빌리티,전기차 산업,&quot;中 올해 석유 수요 8.9% 감소 전망…3년 연속 줄어&quot;,"휘발유 소비량 감소의 요인으로는 전기차를 비롯한 신에너지차의 빠른 보급과 충전 인프라 확대가 영향을... 중국 화학산업의 이익은 올해 1∼7월 전년 동기 대비 50% 넘게 급증했지만, 높은 비용과 재고 부담 등의... ",https://www.yna.co.kr/view/AKR20260910039200083?input=1195m,https://n.news.naver.com/mnews/article/001/0016301601?sid=104,"Thu, 10 Sep 2026 09:33:00 +0900",2026-09-10 09:55:15
자동차/모빌리티,전기차 산업,5개 노선 만나는 평택 '한화포레나 지제역' 10월 분양,"삼성전자 평택캠퍼스도 단지에서 약 5㎞ 이내에 있어 산업단지 배후 주거지로서의 접근성이 거론된다.... 한화 건설부문이 개발한 천장형 전기차 충전 시스템 'EV에어스테이션'이 설치될 예정이며, 2026 굿디자인(GD)... ",https://www.businessplus.kr/news/articleView.html?idxno=116636,https://www.businessplus.kr/news/articleView.html?idxno=116636,"Thu, 10 Sep 2026 09:20:00 +0900",2026-09-10 09:55:15
자동차/모빌리티,전기차 산업,"한화 건설부문, 평택 ‘한화포레나 지제역’ 1098가구 10월 분양",삼성전자 평택캠퍼스는 단지 반경 약 5km 안에 위치해 관련 산업 종사자의 출퇴근 수요와도 맞닿아... 한화 건설부문이 국내 최초로 개발한 천장형 전기차 충전 시스템 ‘EV에어스테이션’도 설치될 계획입니다. 2026... ,https://www.inthenews.co.kr/news/article.html?no=91678,https://www.inthenews.co.kr/news/article.html?no=91678,"Thu, 10 Sep 2026 09:20:00 +0900",2026-09-10 09:55:15
자동차/모빌리티,전기차 산업,전기차 보조금 끊자 판매 '반토막'…이탈리아가 한국에 던진 메시지,"이탈리아 자동차산업협회(ANFIA)에 따르면 6월 순수전기차 등록은 1만4878대로 시장점유율 10.2%를 기록했다. 그러나 국가회복·복원력계획(PNRR) 재원의 구매 인센티브가 6월30일 종료되면서 7월 등록은 7296대로 7582대, 51.... ",http://www.e-platform.net/news/articleView.html?idxno=105240,http://www.e-platform.net/news/articleView.html?idxno=105240,"Thu, 10 Sep 2026 09:14:00 +0900",2026-09-10 09:55:15
자동차/모빌리티,전기차 산업,[취재석] '황금알 낳는 거위의 배 가르기'…포스코 첫 부분파업의 상흔,"최근 포항시가 이차전지, 바이오·헬스케어 등 미래 신산업으로 다각화를 꾀하고 있으나 여전히 지역... 그나마 기대를 모았던 에코프로마저, 전기차 판매 부진과 중국산 저가 공세로 공장 가동률이 30대%에 머물며... ",https://news.tf.co.kr/read/national/2364105.htm,https://n.news.naver.com/mnews/article/629/0000532425?sid=102,"Thu, 10 Sep 2026 09:00:00 +0900",2026-09-10 09:55:15
자동차/모빌리티,전기차 산업,"㈜한화 건설부문, '한화포레나 지제역' 10월 분양",산업·생활 인프라도 단지의 입지 여건으로 꼽힌다. 삼성전자 평택캠퍼스가 반경 약 5km 내에 있으며... 전기차 충전과 승강기 디자인 등 주거 편의시설도 적용된다. ㈜한화 건설부문이 국내 최초로 개발한 천장형... ,https://www.pinpointnews.co.kr/news/articleView.html?idxno=485648,https://www.pinpointnews.co.kr/news/articleView.html?idxno=485648,"Thu, 10 Sep 2026 08:48:00 +0900",2026-09-10 09:55:15
자동차/모빌리티,전기차 산업,이재명 바로 뒤 '가운데' 선 구자은 LS 회장...마크롱 앞에서 꺼낸 '전력...,이날 프랑스 전력망 현대화는 양국의 주요 산업협력 의제로 다뤄졌다. LS는 전선용 소재부터 케이블까지... AI 데이터센터와 전기차 충전시설 등 새로운 전력 수요도 늘고 있다. RTE에 따르면 프랑스 내 저탄소·디지털... ,https://www.insight.co.kr/news/572764,https://www.insight.co.kr/news/572764,"Thu, 10 Sep 2026 08:48:00 +0900",2026-09-10 09:55:15
자동차/모빌리티,모빌리티 시장,신차급 SUV 중고차값 ‘꿈틀’…구형 그랜저·K7 최대 4.1% 하락,"KG모빌리티플랫폼은 국내 중고차 시장의 8월 평균 시세를 분석한 결과 국산차와 수입차가 전월보다 각각 1.6%, 1.7% 하락했다고 10일 밝혔다. 다만 소비자 수요가 높은 신차급 인기 모델은 상승하거나 보합세를... ",https://www.dailian.co.kr/news/view/1688686/?sc=Naver,https://n.news.naver.com/mnews/article/119/0003131114?sid=101,"Thu, 10 Sep 2026 09:53:00 +0900",2026-09-10 09:55:15
자동차/모빌리티,모빌리티 시장,KG모빌리티플랫폼 “중고차 8월 시세 셀토스 등 SUV 상승세⋯ 준대형 세...,"조은형 KG모빌리티플랫폼 PM팀 애널리스트는 “전체 평균 시세는 하락했지만 셀토스와 쏘렌토, 싼타페 등 수요가 높은 신차급 모델은 상승하거나 보합세를 보이며 시장이 점차 안정 구간에 진입하고 있다”며 “이전... ",https://www.viva100.com/article/20260910500419,https://www.viva100.com/article/20260910500419,"Thu, 10 Sep 2026 09:52:00 +0900",2026-09-10 09:55:15
자동차/모빌리티,모빌리티 시장,"기아, '더 기아 PV7' IAA 하노버서 최초 공개",S 플랫폼을 기반으로 넓고 유연한 공간을 제공해 업무 현장부터 일상 이동과 여가 활동까지 다양한 목적에 대응하는 모빌리티 경험을 제공한다는 방침이다. PV7이 속할 유럽 미드사이즈 전기 밴(eMVAN) 시장은... ,https://www.nextdaily.co.kr/news/articleView.html?idxno=252945,https://www.nextdaily.co.kr/news/articleView.html?idxno=252945,"Thu, 10 Sep 2026 09:48:00 +0900",2026-09-10 09:55:15
자동차/모빌리티,모빌리티 시장,"SK스퀘어, AI로 11번가 운영비 50% 절감…&quot;수십억 이익 개선&quot;","SK스퀘어와 SK플래닛, 11번가, 티맵모빌리티의 개발자들이 참여해 AI 기반 업무 자동화 시스템을 개발했다.... 시장 분석과 투자기업 발굴, 보고서 작성 등 반복 업무를 AI에 맡기고 사람은 투자 판단에 집중하는... ",https://www.mt.co.kr/tech/2026/09/10/2026091009151899979,https://n.news.naver.com/mnews/article/008/0005411835?sid=105,"Thu, 10 Sep 2026 09:48:00 +0900",2026-09-10 09:55:15
자동차/모빌리티,모빌리티 시장,"기아, 독일 IAA서 PV7 세계 최초 공개⋯ 대형 PBV 시장 공략 본격화",기아는 유럽 C-세그먼트 전기 밴 시장에서 강세를 보이고 있는 첫 전용 PBV 모델 ‘PV5’에 이어 두 번째 PBV 모델인 ‘PV7’을 유럽에서 세계 최초 공개하며 현지 전동화 모빌리티 시장에서 입지를 넓힌다는... ,https://www.viva100.com/article/20260910500392,https://www.viva100.com/article/20260910500392,"Thu, 10 Sep 2026 09:48:00 +0900",2026-09-10 09:55:15
자동차/모빌리티,모빌리티 시장,울산 자동차·조선·에너지에 AI 붙인다…'WAVE 2026' 개막,"전시장에는 AI·디지털 혁신, 미래 모빌리티, 조선·방산·첨단소재, 청정에너지·탄소중립 관련 기술이 들어섰다. 핵심은 산업 현장에 AI가 어떻게 들어가고 있는지를 보여주는 데 있다. 자동차 생산과 조선, 에너지... ",https://www.mhns.co.kr/news/articleView.html?idxno=759718,https://www.mhns.co.kr/news/articleView.html?idxno=759718,"Thu, 10 Sep 2026 09:44:00 +0900",2026-09-10 09:55:15
자동차/모빌리티,모빌리티 시장,“셀토스 2.9%↑·그랜저IG 4.1%↓”…인기 신차급·준대형 중고차 ‘희...,국내 중고차 시장에서 전체 평균 시세가 하락한 가운데 셀토스·쏘렌토 하이브리드 등 수요가 높은... 케이카를 운영하는 KG모빌리티플랫폼은 8월 중고차 평균 시세를 분석한 결과 국산차와 수입차가 전월 대비 각각... ,https://www.mk.co.kr/article/12149060,https://n.news.naver.com/mnews/article/009/0005733087?sid=103,"Thu, 10 Sep 2026 09:44:00 +0900",2026-09-10 09:55:15
자동차/모빌리티,모빌리티 시장,중고차값 전반적 약세…인기 신차급 모델은 ‘버티기’,"KG모빌리티플랫폼이 국내 중고차 시장의 8월 평균 시세를 분석한 결과 국산차는 전월 대비 1.6%, 수입차는 1.7% 하락했다고 10일 밝혔다. SUV와 RV를 중심으로 일부 인기 차종의 시세는 비교적 안정적인 흐름을 보였다.... ",https://economist.co.kr/article/view/ecn202609100018,https://n.news.naver.com/mnews/article/243/0000102864?sid=103,"Thu, 10 Sep 2026 09:39:00 +0900",2026-09-10 09:55:15
자동차/모빌리티,모빌리티 시장,"SK스퀘어, 'AI 네이티브' 투자회사로 본격 부상...스퀘어 투자업무, 포트...","회사의 청사진은 AI에이전트가 시장분석, 투자기업발굴, 보고서작성 등 단순 반복 업무를 수행하면... SK스퀘어 주도로 포트폴리오 회사 SK플래닛, 11번가, 티맵모빌리티의 소수 정예 개발자와 함께 AI 기반 업무... ",https://www.aitimes.kr/news/articleView.html?idxno=41852,https://www.aitimes.kr/news/articleView.html?idxno=41852,"Thu, 10 Sep 2026 09:38:00 +0900",2026-09-10 09:55:15
자동차/모빌리티,모빌리티 시장,"기아, 독일서 대형 전기밴 'PV7' 베일 벗는다…유럽 친환경 상용차 정조...",기아가 독일에서 대형 전동화 목적기반모빌리티(PBV) 실물을 전 세계 최초로 공개하며 유럽 친환경 상용차 시장 공략에 박차를 가한다. 기아는 오는 14일(현지시간) 하노버에서 개막하는 'IAA 트랜스포테이션 2026'을... ,https://www.widedaily.com/news/articleView.html?idxno=300865,https://www.widedaily.com/news/articleView.html?idxno=300865,"Thu, 10 Sep 2026 09:36:00 +0900",2026-09-10 09:55:15
자동차/모빌리티,모빌리티 시장,"시장분석부터 투자기업 발굴까지…SK스퀘어, AI에이전트 90개 돌린다","SK스퀘어가 시장 분석과 투자기업 발굴, 보고서 작성 등 투자업무 전반에 AI 에이전트를 투입한다. 임직원... 김용훈 SK스퀘어 AI혁신담당(CAIO)이 그룹 ICT 서비스의 AX 프로젝트를 이끌며 SK플래닛, 11번가, 티맵모빌리티... ",https://zdnet.co.kr/view/?no=20260910093208,https://n.news.naver.com/mnews/article/092/0002436903?sid=105,"Thu, 10 Sep 2026 09:32:00 +0900",2026-09-10 09:55:15
자동차/모빌리티,모빌리티 시장,그랜저·K7 중고차값 '뚝'…셀토스·쏘렌토 강세,(사진=기아)  지난 8월 중고차 시장에서 국산차와 수입차 평균 시세가 모두 하락한 가운데 인기 SUV는 상대적으로 강세를 보였다. 10일 KG모빌리티플랫폼이 운영하는 K Car(케이카)에 따르면 8월 중고차 평균 시세는... ,http://www.newscape.co.kr/news/articleView.html?idxno=124462,http://www.newscape.co.kr/news/articleView.html?idxno=124462,"Thu, 10 Sep 2026 09:30:00 +0900",2026-09-10 09:55:15
자동차/모빌리티,모빌리티 시장,"광명, 스마트기술로 탄소중립 미래도시 그린다","여기에 시비 80억원을 더해 총 160억원을 투입, 에너지·교통(모빌리티)·안전(세이프티)·데이터 등 4대... 박승원 광명시장은 “이번 엑스포 참가로 광명시 탄소중립 스마트도시의 비전과 가능성을 국내외에 알리고... ",https://www.viva100.com/article/20260910500314,https://www.viva100.com/article/20260910500314,"Thu, 10 Sep 2026 09:28:00 +0900",2026-09-10 09:55:15
자동차/모빌리티,모빌리티 시장,"기아, PBV 시장 주도권 굳힌다 ‘PV7’ 미드사이즈 전기밴 전면으로 올라",기아는 현지 상용차 시장의 거센 전동화 흐름 속에서 차별화된 경쟁력을 입증하고 모빌리티 리더십을 공고히 한다는 구상이다. 가파르게 성장하는 유럽 eLCV 및 전기 밴 시장 기아는 오는 14일(현지시간) 독일... ,https://sports.khan.co.kr/article/202609100926013?pt=nv,https://n.news.naver.com/mnews/article/144/0001137273?sid=103,"Thu, 10 Sep 2026 09:27:00 +0900",2026-09-10 09:55:15
친환경/신재생,신재생에너지 주가,"AI 데이터센터가 당긴 전력난… 스맥, 정밀 제어 역량으로 수혜 기대",스마트그리드 산업은 전력 수요 증가와 신재생에너지 확대에 대응하기 위한 전력망 효율화 과정에서 사업 영역이 넓어질 가능성이 있다. 다만 테마에 포함됐다는 이유만으로 주가가 같은 방향으로 움직이는 것은 아닌... ,https://www.pinpointnews.co.kr/news/articleView.html?idxno=485454,https://www.pinpointnews.co.kr/news/articleView.html?idxno=485454,"Wed, 09 Sep 2026 15:08:00 +0900",2026-09-10 09:55:16
친환경/신재생,신재생에너지 주가,"고려아연, 임시주총서 영풍·MBK에 '판정승'…경영권 방어 고비 넘겨",드라이브(신재생에너지·자원순환·이차전지 소재)' 경쟁력 강화와 북미 인프라 투자 집행에 모든 역량을... 속도를 증명해 내는 것이 기업가치 재평가와 주가 흐름의 명암을 가를 결정적 분수령&quot;이라고 내다봤다. [뉴스웍스=],https://www.newsworks.co.kr/news/articleView.html?idxno=853142,https://www.newsworks.co.kr/news/articleView.html?idxno=853142,"Wed, 09 Sep 2026 14:42:00 +0900",2026-09-10 09:55:16
친환경/신재생,신재생에너지 주가,"버려지는 태양광 전력 잡는다... HD현대에너지솔루션, 고효율 ESS 융합 기...",유니테크노는 단기 상승 이후 차익 실현 매물이 나오면서 내림세를 나타내고 있으며 지에프아이도 최근 주가 상승에 따른 부담으로 약세를 보이고 있다. ESS 시장은 AI 데이터센터와 신재생에너지 확대에 따라... ,https://www.pinpointnews.co.kr/news/articleView.html?idxno=485412,https://www.pinpointnews.co.kr/news/articleView.html?idxno=485412,"Wed, 09 Sep 2026 14:12:00 +0900",2026-09-10 09:55:16
친환경/신재생,신재생에너지 주가,"전기차부터 AI 데이터센터까지... 에이엘티, 차세대 전력반도체 테스트...",인공지능(AI) 데이터센터의 전력 소비 증가와 전기차·신재생에너지 인프라 확대로 전력반도체 수요가 늘어날 것이라는 기대가 커지면서 9일 전력반도체 관련주가 상승세를 보이고 있다. 기존 실리콘(Si) 반도체보다... ,https://www.pinpointnews.co.kr/news/articleView.html?idxno=485399,https://www.pinpointnews.co.kr/news/articleView.html?idxno=485399,"Wed, 09 Sep 2026 13:36:00 +0900",2026-09-10 09:55:16
친환경/신재생,신재생에너지 주가,"DB하이텍, 8인치 SiC 파운드리 공정 검증에 주가↑","DB하이텍 로고 DB하이텍 주가가 연일 상승하고 있다. 9일 오전 11시 기준 DB하이텍은 10.64% 상승한 11만... 전기차를 비롯해 신재생에너지, 산업용 전력기기 등에 활용된다. DB하이텍은 올해 3분기 다년간 협업해 온... ",https://www.gukjenews.com/news/articleView.html?idxno=3689428,https://www.gukjenews.com/news/articleView.html?idxno=3689428,"Wed, 09 Sep 2026 11:22:00 +0900",2026-09-10 09:55:16
친환경/신재생,신재생에너지 주가,[EBN 데이터센터] 반도체 대표주 강세...DB하이텍 8%대 급등,"반도체 대표주가 일제히 오르며 업종 전반의 투자심리를 끌어올렸다. 9일 11시 07분 기준 DB하이텍은 전일... SiC는 전기차와 신재생에너지, 산업용 전력기기 등 고전압 환경에서 활용도가 높은 차세대 전력반도체... ",https://www.ebn.co.kr/news/articleView.html?idxno=1723581,https://www.ebn.co.kr/news/articleView.html?idxno=1723581,"Wed, 09 Sep 2026 11:20:00 +0900",2026-09-10 09:55:16
친환경/신재생,신재생에너지 주가,"해저케이블부터 전력기기까지... LS, 글로벌 신재생 에너지 수주 모멘텀...",신재생에너지 발전 설비 투자와 전력망 확충이 함께 진행될 것이라는 전망이 나오면서 풍력발전과 전력... 풍력발전 제어시스템과 해상풍력 사업 확대에 따른 실적 개선 가능성이 부각되면서 주가가 큰 폭으로 오르고... ,https://www.pinpointnews.co.kr/news/articleView.html?idxno=485319,https://www.pinpointnews.co.kr/news/articleView.html?idxno=485319,"Wed, 09 Sep 2026 10:48:00 +0900",2026-09-10 09:55:16
친환경/신재생,신재생에너지 주가,"두산퓨얼셀 주가, 급등세... 이유는?","목표주가는 2027년 기준 주당매출액(SPS)을 기존 8576원에서 1만523원으로 높이고, 목표배수도 4.9배에서 7.0배로 상향해 7만4000원으로 조정했다. 한편 두산퓨얼셀은 연료전지 및 신재생에너지 사업을 영위하는... ",https://www.ggilbo.com/news/articleView.html?idxno=1180552,https://www.ggilbo.com/news/articleView.html?idxno=1180552,"Wed, 09 Sep 2026 10:02:00 +0900",2026-09-10 09:55:16
친환경/신재생,신재생에너지 주가,노후 전력망까지 갈아엎는다… 전력설비株 다시 달아오른 이유,전력설비 관련주가  9일 강세를 이어가고 있다. 인공지능(AI) 데이터센터 확대로 전력 수요가 빠르게... 오래된 변압기와 송배전 설비를 교체하는 동시에 태양광과 풍력 등 신재생에너지 발전원을 전력망에 연결하기 위한... ,https://www.pinpointnews.co.kr/news/articleView.html?idxno=485252,https://www.pinpointnews.co.kr/news/articleView.html?idxno=485252,"Wed, 09 Sep 2026 09:30:00 +0900",2026-09-10 09:55:16
친환경/신재생,신재생에너지 주가,&quot;전력망을 더 깔아야 한다&quot;...AI 데이터센터에 전선주 펄펄 끓는다,전선 관련주가 9일 글로벌 전력 인프라 투자 확대와 인공지능(AI) 데이터센터 증설에 따른 전력망 확충... 신재생에너지 확대도 전선업계의 중장기적인 수요처다. 태양광과 풍력 등 발전설비가 늘어날수록 발전지역에서... ,https://www.pinpointnews.co.kr/news/articleView.html?idxno=485244,https://www.pinpointnews.co.kr/news/articleView.html?idxno=485244,"Wed, 09 Sep 2026 09:20:00 +0900",2026-09-10 09:55:16
친환경/신재생,신재생에너지 주가,AI 데이터센터 전력 먹어치우자…전기장비주 매수 몰리며 '불기둥',신재생에너지와 데이터센터 백업전원 시장 확대에 따른 수요 증가 기대가 주가를 끌어올리는 것으로 풀이된다. 한국거래소에 따르면 이날 오전 9시3분 현재 초고압 케이블과 전력선 사업을 영위하는 가온전선도 6.81... ,https://www.pinpointnews.co.kr/news/articleView.html?idxno=485230,https://www.pinpointnews.co.kr/news/articleView.html?idxno=485230,"Wed, 09 Sep 2026 09:06:00 +0900",2026-09-10 09:55:16
친환경/신재생,신재생에너지 주가,[Who Is ?] 고준 애경케미칼 및 AK홀딩스 대표이사,"주주가치 제고를 위한 노력과 성과' 등이 담겼다. △바이오소재 개발 주력 애경케미칼은... 정유사와, 신재생에너지 공급의무화제도(RPS)에 따라 총 발전량 중 일정 비율을 신재생에너지로 공급해야 하는... ",https://www.businesspost.co.kr/BP?command=article_view&num=446692,https://www.businesspost.co.kr/BP?command=article_view&num=446692,"Wed, 09 Sep 2026 07:02:00 +0900",2026-09-10 09:55:16
친환경/신재생,신재생에너지 주가,"9월 첫째 주 국내 ETF 시장, 원유 ETF 강세","두 ETF의 주간 수익률은 각각 9.93%, 9.62%를 기록했다. 'KODEX WTI원유선물(H)'은 S&amp;P GSCI Crude Oil Index ER을, 'TIGER... 86%), 'TIGER Fn신재생에너지'(-9.66%), 'TIGER 코리아AI전력기기TOP3플러스'(-9.62%) 등이 이름을 올렸다. NM",http://www.newsmaker.or.kr/news/articleView.html?idxno=182177,http://www.newsmaker.or.kr/news/articleView.html?idxno=182177,"Tue, 08 Sep 2026 18:02:00 +0900",2026-09-10 09:55:16
친환경/신재생,신재생에너지 주가,산일전기 21만1000원 찍고 상승폭 반납…전력기기주 강세 속 20만원선 사...,목표주가 30만원을 제시했다. 미국 블룸에너지와의 거래도 주목받고 있다. KB증권에 따르면 산일전기의... 신재생에너지와 데이터센터용 특수변압기 부문의 성장이 전체 실적을 견인했다. 특히 IBK투자증권은... ,https://www.job-post.co.kr/news/articleView.html?idxno=226669,https://www.job-post.co.kr/news/articleView.html?idxno=226669,"Tue, 08 Sep 2026 15:22:00 +0900",2026-09-10 09:55:16
친환경/신재생,신재생에너지 주가,"AI 훈풍, 코스피 '폭등'...LG전자·LS일렉트릭·신한지주 '껑충'",금융지주 주가도 크게 올랐다&quot;고 전했다. 이날 국제유가는 아시아 시장에서 강세를 이어갔지만 증시... 신재생에너지 관련주에선 두산퓨얼셀이 13.80% 치솟았다. 인터넷주 가운데 NAVER가 2.11% 상승했다. 코스피... ,http://www.choicenews.co.kr/news/articleView.html?idxno=171034,http://www.choicenews.co.kr/news/articleView.html?idxno=171034,"Mon, 07 Sep 2026 16:20:00 +0900",2026-09-10 09:55:16
친환경/신재생,신재생에너지 주가,AI 반도체 힘받자 SK하이닉스 질주… SK그룹주 곳곳서 상승랠리,신재생에너지와 해상풍력 관련 사업을 둘러싼 시장의 평가가 주가에 반영되면서 다른 계열사들과 상반된 움직임을 보였다. 이날 SK그룹주에서는 반도체를 중심으로 한 상승세와 개별 업종별 약세가 동시에... ,https://www.pinpointnews.co.kr/news/articleView.html?idxno=484675,https://www.pinpointnews.co.kr/news/articleView.html?idxno=484675,"Mon, 07 Sep 2026 16:20:00 +0900",2026-09-10 09:55:16
친환경/신재생,신재생에너지 주가,AI 시대 전력 확보 비상… ESS 관련주에 뭉칫돈 몰렸다,전력저장장치(ESS) 업종이 7일 인공지능(AI) 데이터센터 확충에 따른 전력 수요 증가와 글로벌 신재생에너지... 글로벌 고객사를 대상으로 한 ESS 공급 확대 기대가 주가에 반영되는 모습이다. 지에프아이도 강세를... ,https://www.pinpointnews.co.kr/news/articleView.html?idxno=484608,https://www.pinpointnews.co.kr/news/articleView.html?idxno=484608,"Mon, 07 Sep 2026 14:32:00 +0900",2026-09-10 09:55:16
친환경/신재생,신재생에너지 주가,전력 인프라 대호황 진입… 실적 기반 대형 중전기기·전선주 매수세 몰...,"중소형 전력기기 업체들의 경우 데이터센터와 신재생에너지 발전시설 확대에 따른 전력망 구축 수요가 주가의 주요 변수로 거론된다. 원전과 발전설비 관련주도 강세다. 한전산업과 한전KPS, 보성파워텍이 상승 흐름을... ",https://www.pinpointnews.co.kr/news/articleView.html?idxno=484555,https://www.pinpointnews.co.kr/news/articleView.html?idxno=484555,"Mon, 07 Sep 2026 13:36:00 +0900",2026-09-10 09:55:16
친환경/신재생,신재생에너지 주가,전력망 슈퍼사이클 올라탄 가온전선… 북미·국내서 수주 잭팟,"수주가 매출과 이익으로 이어지는지를 확인할 필요가 있다. 시장에서는 AI 데이터센터와 전기차, 신재생에너지 확산으로 전력 수요가 구조적으로 증가하는 가운데 노후 전력망 교체까지 맞물리면서 전력 인프라 투자가... ",https://www.pinpointnews.co.kr/news/articleView.html?idxno=484492,https://www.pinpointnews.co.kr/news/articleView.html?idxno=484492,"Mon, 07 Sep 2026 11:04:00 +0900",2026-09-10 09:55:16
친환경/신재생,신재생에너지 주가,신재생에너지 관련주 혼조세…태양광 약세 속 전력기기·에너지 인프라...,"신재생에너지 관련주가 종목별로 엇갈린 흐름을 나타내고 있다. 태양광 대표 종목들이 약세를 보이는 반면 전력기기와 에너지 인프라, 신재생 설비 관련 일부 종목에는 매수세가 유입되는 모습이다. 7일 오전... ",https://www.cbci.co.kr/news/articleView.html?idxno=604435,https://www.cbci.co.kr/news/articleView.html?idxno=604435,"Mon, 07 Sep 2026 09:34:00 +0900",2026-09-10 09:55:16
친환경/신재생,태양광 산업,"&quot;국내생산세액공제 대상 확대해야&quot;…한경협, 국회에 세제개편안 보완 의...",협회는 의견서를 통해 정부가 신설한 국내생산세액공제와 관련해 태양광·풍력·이차전지·반도체·핵심소재... 협회는 이와 함께 산업위기·인구감소지역 등에 세제 혜택을 강화해 지역 활력을 제고해야 한다고 건의했다.... ,https://www.nocutnews.co.kr/news/6575941?utm_source=naver&utm_medium=article&utm_campaign=20260910094105,https://n.news.naver.com/mnews/article/079/0004187837?sid=101,"Thu, 10 Sep 2026 09:42:00 +0900",2026-09-10 09:55:17
친환경/신재생,태양광 산업,국내서 만들어도 수출하면 세액공제 ‘0’…한경협 “정부안 손봐야”,정부는 태양광·풍력·이차전지·반도체·핵심소재·인공지능(AI) 로봇 부품 등 6개 분야를 지원 대상으로... 산업위기지역과 인구감소지역에는 연구개발(R&amp;D)·투자·생산 세액공제에 최고 수준인 1.5배의 지방우대계수를... ,https://www.sedaily.com/article/20089258?ref=naver,https://n.news.naver.com/mnews/article/011/0004660407?sid=101,"Thu, 10 Sep 2026 09:42:00 +0900",2026-09-10 09:55:17
친환경/신재생,태양광 산업,"경제계 &quot;생산세액공제, 미래차·바이오·SMR까지 확대해야&quot;",2026년 세제개편안 의견 주요 건의 과제 [사진=한경협] 정부는 녹색 전환과 경제안보 차원에서 태양광·풍력... 산업위기지역의 연구개발(R&amp;D)·투자와 인구감소지역의 국내 생산에 최고 수준인 1.5의 지방우대계수를 적용해... ,https://www.newspim.com/news/view/20260910000271,https://www.newspim.com/news/view/20260910000271,"Thu, 10 Sep 2026 09:34:00 +0900",2026-09-10 09:55:17
친환경/신재생,태양광 산업,"중국 투자조사단, 새만금 찾아 투자 협력 논의","전북특별자치도와 산업통상부, 새만금개발청이 사흘간 방한하는 중국 새만금 투자조사단을 상대로 투자 유치 활동에 나섭니다. 조사단에는 태양광과 이차전지, ICT 분야 중국 기업 20여 곳과 중국 상무부 관계자 등이... ",https://news.kbs.co.kr/news/pc/view/view.do?ncd=8659785&ref=A,https://n.news.naver.com/mnews/article/056/0012254676?sid=101,"Thu, 10 Sep 2026 09:31:00 +0900",2026-09-10 09:55:17
친환경/신재생,태양광 산업,"삼성전자, 에너지 고효율 'EHS 히트펌프' 전문 설치 교육 확대·강화",10일 산업계에 따르면 삼성전자는 정부의 탄소중립 목표와 2035년까지 고효율 히트펌프 350만대 보급 정책에... 태양광 발전 비중이 높은 제주 지역의 특성을 고려해 잉여전력을 열에너지로 전환·저장하는 축열식... ,https://www.womentimes.co.kr/news/articleView.html?idxno=106088,https://www.womentimes.co.kr/news/articleView.html?idxno=106088,"Thu, 10 Sep 2026 09:28:00 +0900",2026-09-10 09:55:17
친환경/신재생,태양광 산업,"앤트로픽, ‘공익 우선’ 이사회 실험 [ESG 뉴스 5]","EU 탄소시장, 산업 부담 더 줄이나 유럽연합(EU) 탄소배출권거래제(ETS) 개편을 이끄는 페터 리제 유럽의회... 특히 유럽회계감사원은 리파워EU가 2030년까지 목표로 세운 태양광·풍력 설비 103GW 추가 확보가 사실상 진전을... ",https://magazine.hankyung.com/business/article/202609105667b,https://n.news.naver.com/mnews/article/050/0000110681?sid=101,"Thu, 10 Sep 2026 09:27:00 +0900",2026-09-10 09:55:17
친환경/신재생,태양광 산업,삼성전자·삼성전자서비스 'EHS 히트펌프' 전문 설치 교육 확대·'현금 ...,"태양광 발전 비중이 높은 제주 지역 특성을 반영해, 잉여 전력을 열에너지로 전환ㆍ저장하는 축열식 시스템... 삼성전자서비스는 한국환경산업기술원과 '탄소중립포인트제' 업무 협약을 체결하고 전자영수증 발행에... ",http://www.wsobi.com/news/articleView.html?idxno=317918,http://www.wsobi.com/news/articleView.html?idxno=317918,"Thu, 10 Sep 2026 09:26:00 +0900",2026-09-10 09:55:17
친환경/신재생,태양광 산업,"KB금융, BS그룹과 생산적금융 위한 업무협약",미래산업을 뒷받침하는 주요 인프라 사업에서 경쟁력을 입증해 왔다. BS그룹은 태양광 등 신재생에너지와 에너지 인프라 분야에서 다수의 대규모 프로젝트를 추진하며 풍부한 개발 경험과 사업 파이프라인을... ,https://www.newsfreezone.co.kr/news/articleView.html?idxno=708535,https://www.newsfreezone.co.kr/news/articleView.html?idxno=708535,"Thu, 10 Sep 2026 09:24:00 +0900",2026-09-10 09:55:17
친환경/신재생,태양광 산업,"현대엔지니어링, 에너지 사업 분야서 연속 성과","태양광, 풍력 등 재생에너지 확대에 따른 전력 공급 변동성을 보완하고, AI 데이터센터와 산업단지, 신도시 개발 등으로 늘어나는 전력 수요에 대응할 수 있는 발전설비로 주목받고 있다. 기존 석탄화력발전시설 대비... ",http://www.ikld.kr/news/articleView.html?idxno=340377,http://www.ikld.kr/news/articleView.html?idxno=340377,"Thu, 10 Sep 2026 09:10:00 +0900",2026-09-10 09:55:17
친환경/신재생,태양광 산업,"KB금융, BS그룹과 신재생에너지·AI 데이터센터 협력 강화","주요 협력 분야는 신재생에너지와 친환경 발전플랜트, 에너지허브·항만 등 인프라, 주거·산업단지 개발, AI 데이터센터와 에너지 신도시, 기업의 M&amp;A·IPO 금융 등이다. BS그룹은 태양광과 수상태양광, LNG 허브터미널... ",https://www.handmk.com/news/articleView.html?idxno=43033,https://www.handmk.com/news/articleView.html?idxno=43033,"Thu, 10 Sep 2026 09:10:00 +0900",2026-09-10 09:55:17
친환경/신재생,태양광 산업,"현대엔지니어링, 용인·여수 발전사업 우협 선정…총사업비 2조 3826억원",신호남 복합발전소는 전남 여수국가산업단지 내 옛 호남화력발전소 부지에 500MW 규모 LNG 복합발전소를... 지난 4월에는 미국에서 추진 중인 200MW급 ‘힐스보로 태양광 발전소’ 사업을 위해 약 3억 1000만달러(약... ,https://www.megaeconomy.co.kr/news/newsview.php?ncode=1065571718346190,https://www.megaeconomy.co.kr/news/newsview.php?ncode=1065571718346190,"Thu, 10 Sep 2026 09:10:00 +0900",2026-09-10 09:55:17
친환경/신재생,태양광 산업,국민 63% &quot;메가프로젝트 전력 일정 비율 재생에너지로&quot;,중심에서 산업경쟁력과 에너지 안보를 위한 필수 전력원이라는 실용적 인식으로 확장되고 있음을... 의미&quot;라며 &quot;태양광·풍력에 대한 허위정보로 주민 수용성이 낮았던 점을 고려하면 우리나라 에너지 전환에... ,http://www.e2news.com/news/articleView.html?idxno=334080,http://www.e2news.com/news/articleView.html?idxno=334080,"Thu, 10 Sep 2026 09:08:00 +0900",2026-09-10 09:55:17
친환경/신재생,태양광 산업,메가프로젝트 전력 ‘재생에너지 공급 의무화’ 63.2% 찬성,메가프로젝트 추진을 위해 가장 우선적으로 확대해야 할 에너지원을 묻는 질문에는 재생에너지(태양광... 중심에서 산업경쟁력과 에너지 안보를 위해 필요한 전력원이라는 실용적 지지로 확장하고 있단 걸... ,https://www.segye.com/newsView/20260910503575?OutUrl=naver,https://n.news.naver.com/mnews/article/022/0004157906?sid=102,"Thu, 10 Sep 2026 09:02:00 +0900",2026-09-10 09:55:17
친환경/신재생,태양광 산업,"K-소부장, 150조엔 투자 日 신재생 공급망 진입 가속",전력기기 산업 동향 세미나를 열어 맞춤형 수주 전략을 점검했다. 8일에는 대표 에너지 싱크탱크인 미쓰비시종합연구소(MRI)와 가와사키시 소재 우키시마 태양광발전소를 잇달아 방문해 전력 인프라 현황과 기자재... ,https://www.sedaily.com/article/20089189?ref=naver,https://n.news.naver.com/mnews/article/011/0004660388?sid=101,"Thu, 10 Sep 2026 09:01:00 +0900",2026-09-10 09:55:17
친환경/신재생,태양광 산업,"&quot;수도권 전력은 정부가, 송전탑은 충남이?&quot;… 이용우 부여군수, 한전 직...","매입·햇빛소득마을·영농형 태양광 등 상생대책 마련 ▲'부여군 송전탑 대책위원회' 구성 ▲정부 차원의... 수도권 전력 수요, 특히 용인 반도체 국가산업단지의 안정적인 전력 공급을 위해 국가기간 전력망 확충이... ",https://www.goodkyung.com/news/articleView.html?idxno=291212,https://www.goodkyung.com/news/articleView.html?idxno=291212,"Thu, 10 Sep 2026 09:00:00 +0900",2026-09-10 09:55:17
친환경/신재생,풍력 시장,"중부발전·LS일렉트릭, 재생에너지 전주기 협력 위해 손잡았다",이를 위해 우선 육상풍력 분야를 중심으로 양사의 인프라를 연계해 실질적인 사업 성과를 도출할 예정이다. 향후에는 태양광 및 BESS(배터리에너지저장장치) 등으로 협력 범위를 확대해 국내 재생에너지 시장 내... ,http://www.epj.co.kr/news/articleView.html?idxno=39364,http://www.epj.co.kr/news/articleView.html?idxno=39364,"Thu, 10 Sep 2026 09:44:00 +0900",2026-09-10 09:55:17
친환경/신재생,풍력 시장,"LS일렉트릭, 중부발전과 손잡고 재생에너지 사업 확대",LS일렉트릭이 한국중부발전과 손잡고 육상풍력 등 국내 재생에너지 사업을 공동 개발하며 사업 확대에... 재생에너지 시장에서 경쟁력을 높여 나간다는 방침이다. 박우범 LS일렉트릭 전무는 “한국중부발전의 발전사업... ,https://www.dailian.co.kr/news/view/1688669/?sc=Naver,https://n.news.naver.com/mnews/article/119/0003131109?sid=101,"Thu, 10 Sep 2026 09:39:00 +0900",2026-09-10 09:55:17
친환경/신재생,풍력 시장,"중부발전·LS일렉트릭, 재생에너지 분야 전주기 협력 체계 구축 '본격화...",이를 위해 우선 육상풍력 분야를 중심으로 양사의 인프라를 연계해 실질적인 사업 성과를 도출할 예정이다. 향후에는 태양광 및 BESS(배터리에너지저장장치) 등으로 협력 범위를 확대해 국내 재생에너지 시장 내... ,http://www.e-platform.net/news/articleView.html?idxno=105241,http://www.e-platform.net/news/articleView.html?idxno=105241,"Thu, 10 Sep 2026 09:30:00 +0900",2026-09-10 09:55:17
친환경/신재생,풍력 시장,광양만권에 1조655억 투자…에너지·해상풍력·방산 거점 키운다,"민형배 전남광주통합특별시장은 &quot;이번 투자는 에너지와 해상풍력, 플랜트와 방산 등 미래산업 분야에서 광양만권의 산업 경쟁력을 한 단계 높이는 중요한 계기가 될 것&quot;이라며 &quot;전남광주통합특별시와 여수·순천... ",https://www.asiatoday.co.kr/kn/view.php?key=20260910010003785,https://www.asiatoday.co.kr/kn/view.php?key=20260910010003785,"Thu, 10 Sep 2026 09:24:00 +0900",2026-09-10 09:55:17
친환경/신재생,풍력 시장,"비비안, 광림과 손잡고 1조원 규모 해상풍력 발전사업 진출",유가증권시장에 상장한 여성 란제리 전문기업이다. 2020년 쌍방울그룹에 인수됐으며 현재 최대주주는 지분 44.82%의 쌍방울이다. 비비안은 7월 30일 임시주주총회에서 풍력·태양광·수소 등 에너지 사업을 정관상... ,https://www.sentv.co.kr/article/view/sentv202609100025,https://www.sentv.co.kr/article/view/sentv202609100025,"Thu, 10 Sep 2026 09:22:00 +0900",2026-09-10 09:55:17
친환경/신재생,풍력 시장,"비비안, 광림과 손잡고 1조원 규모 영광 해상풍력 진출",[비비안 제공]  패션기업 비비안이 1조원 규모의 해상풍력 사업에 뛰어들며 신재생에너지를 새로운... 비비안은 코스피 상장사로서 자본시장 접근성을 활용해 발전사업 법인 출자 등 대규모 건설·운영 자금 조달을... ,http://www.newskr.kr/news/articleView.html?idxno=106255,http://www.newskr.kr/news/articleView.html?idxno=106255,"Thu, 10 Sep 2026 09:18:00 +0900",2026-09-10 09:55:17
친환경/신재생,풍력 시장,"중부발전, LS ELECTRIC과 재생에너지 '전주기' 협력한다",우선 협력의 무대는 육상풍력이다. 양사는 각자가 보유한 인프라와 사업 역량을 연계해 구체적인 사업 발굴과 개발 성과를 만들어낸다는 계획이다. 이후 태양광과 BESS 등으로 협력 분야를 확대해 국내 재생에너지 시장에... ,https://www.energydaily.co.kr/news/articleView.html?idxno=203066,https://www.energydaily.co.kr/news/articleView.html?idxno=203066,"Thu, 10 Sep 2026 09:12:00 +0900",2026-09-10 09:55:17
친환경/신재생,풍력 시장,"LS일렉트릭, 한국중부발전과 '맞손'… 풍력부터 BESS까지 전방위 협력","양 사는 이번 협약을 통해 국내 재생 에너지 시장 내 입지를 공고히 하고, 급변하는 에너지 전환 국면에... 양 사는 우선 사업성 검증과 조기 착공이 비교적 쉬운 육상풍력 발전 분야에서 협력 과제를 추진해 실질적... ",https://www.financialpost.co.kr/news/articleView.html?idxno=274880,https://www.financialpost.co.kr/news/articleView.html?idxno=274880,"Thu, 10 Sep 2026 09:10:00 +0900",2026-09-10 09:55:17
친환경/신재생,풍력 시장,"광양경자청, 미래산업 4개사와 1조655억 투자협약…에너지·방산 등 집중","광양만권경제자유구역청은 9일 에너지, 해상풍력, 방위산업 등 미래 산업 분야 4개사와 총 1조655억원... 협약식에는 민형배 전남광주통합특별시장, 구충곤 광양경자청장, 서영학 여수시장, 손훈모 순천시장, 박성현... ",https://www.gukjenews.com/news/articleView.html?idxno=3690459,https://www.gukjenews.com/news/articleView.html?idxno=3690459,"Thu, 10 Sep 2026 09:08:00 +0900",2026-09-10 09:55:17
친환경/신재생,풍력 시장,"중부발전, LS일렉트릭과 육상풍력·태양광·BESS 전주기 공조",우선 육상풍력 분야를 중심으로 양사의 인프라를 연계해 실질적 성과를 낼 예정이다. 향후 태양광 및 BESS로 협력 범위를 확대해 재생에너지 시장 내 경쟁력을 지속 제고할 방침이다. 이영조 중부발전 사장은 &quot;발전사업의... ,http://www.e2news.com/news/articleView.html?idxno=334081,http://www.e2news.com/news/articleView.html?idxno=334081,"Thu, 10 Sep 2026 09:04:00 +0900",2026-09-10 09:55:17
친환경/신재생,풍력 시장,[글로컬픽] 광양만권에 1조원대 투자 몰린다…에너지·해상풍력·방산 ...,"참석자들은 광양항과 율촌산단, 여수국가산단 등 주요 산업현장도 둘러봤다.민형배 전남광주통합특별시장은 “에너지와 해상풍력, 플랜트와 방산 등 미래산업 분야에서 광양만권의 산업 경쟁력을 높이는 중요한... ",https://news.mtn.co.kr/news-detail/2026091001300737407,https://news.mtn.co.kr/news-detail/2026091001300737407,"Thu, 10 Sep 2026 08:54:00 +0900",2026-09-10 09:55:17
친환경/신재생,풍력 시장,"비비안, 광림과 MOU…해상풍력 프로젝트 투자·지원","해상풍력연구원 분석에 따르면 발전소가 완공되면 연간 27만8953~32만6224MWh의 전력을 생산할 수 있으며, 이를 통해 매년 약 1000억원 이상의 매출이 발생할 것으로 전망된다. 비비안은 코스피 상장사로서 확보한 자본시장... ",https://view.asiae.co.kr/article/2026091008470683652,https://n.news.naver.com/mnews/article/277/0005814332?sid=101,"Thu, 10 Sep 2026 08:47:00 +0900",2026-09-10 09:55:17
친환경/신재생,풍력 시장,"비비안, 광림 손잡고 1조 규모 해상풍력 진출…신재생에너지 신사업 시...","이를 위해 풍력 유지보수 기업 한국에너지종합기술, 해상 물류 인프라 기업 해양선박 등과 파트너십을 체결했다. 사업 추진 과정에서 코스피 상장사인 비비안은 자본시장 접근성을 토대로 발전사업 법인 출자 등... ",https://www.etoday.co.kr/news/view/2623846,https://www.etoday.co.kr/news/view/2623846,"Thu, 10 Sep 2026 08:40:00 +0900",2026-09-10 09:55:17
친환경/신재생,풍력 시장,"'1조원대 투자 협약' 광양경자청, 에너지·방산 등 미래 산업 전환 가속...","민형배 전남광주통합특별시장은 “이번 투자는 에너지와 해상풍력, 플랜트와 방산 등 미래산업 분야에서 광양만권의 산업 경쟁력을 한 단계 높이는 중요한 계기가 될 것”이라며 “전남광주통합특별시와 여수·순천... ",https://kpenews.com/View.aspx?No=4220824,https://kpenews.com/View.aspx?No=4220824,"Thu, 10 Sep 2026 08:34:00 +0900",2026-09-10 09:55:17
친환경/신재생,수소 경제,구윤철 &quot;올해 1인당 GNI 4만달러 가능성 커져…철강 고도화 방안 4분기 ...,"구 부총리는 철강산업과 관련해 &quot;AI 기반 제조공정 혁신과 특수강 등 고부가화, 수소환원제철 중심의 저탄소 전환 등 철강산업 고도화 방안을 4분기 중 마련·발표하겠다&quot;고 밝혔다. 철강을 첨단산업 구조 전환과 경제안... ",https://www.hidomin.com/news/articleView.html?idxno=720597,https://www.hidomin.com/news/articleView.html?idxno=720597,"Thu, 10 Sep 2026 09:54:00 +0900",2026-09-10 09:55:18
친환경/신재생,수소 경제,'AI가 일자리 만든다' 中 발표 11개 신직업·23개 신직종 모두 AI·로봇,"최헌규 베이징 특파원= 중국이 인공지능(AI)과 로봇, 디지털 전환, 저공경제 등 신산업 분야에서 생겨나는... 마이크로그리드 관리자, 수소연료전지 제조공, 수전해 수소제조공 등 3개 직업이 친환경 직업으로 새롭게... ",https://www.newspim.com/news/view/20260910000325,https://www.newspim.com/news/view/20260910000325,"Thu, 10 Sep 2026 09:49:00 +0900",2026-09-10 09:55:18
친환경/신재생,수소 경제,구윤철 &quot;1인당 국민소득 4만달러 가능성 더 커졌다&quot;,"구윤철 부총리 겸 재정경제부 장관은 오늘(10) 정부서울청사에서 열린 경제관계장관회의 겸 구조혁신... 고부가화, 수소환원제철 중심의 저탄소 전환 등 철강산업 고도화 방안을 4분기 중 마련·발표하겠다&quot;고... ",https://www.tjb.co.kr/news05/bodo/view/id/103440,https://www.tjb.co.kr/news05/bodo/view/id/103440,"Thu, 10 Sep 2026 09:48:00 +0900",2026-09-10 09:55:18
친환경/신재생,수소 경제,구윤철 “올해 1인당 GNI 4만달러 가능성 커져”,"구윤철 경제부총리 겸 재정경제부 장관이 10일 오전 서울 종로구 정부서울청사에서 경제관계장관회의 겸... 구 부총리는 “인공지능(AI) 기반 제조공정 혁신과 특수강 등 고부가화, 수소환원제철 중심의 저탄소 전환 등... ",http://www.segyebiz.com/newsView/20260910504642?OutUrl=naver,http://www.segyebiz.com/newsView/20260910504642?OutUrl=naver,"Thu, 10 Sep 2026 09:48:00 +0900",2026-09-10 09:55:18
친환경/신재생,수소 경제,구 부총리 &quot;경제 회복세 뚜렷…1인당 국민소득 4만弗 가능성 커져&quot;,"구윤철 부총리, 경제·구조혁신 관계장관회의 주재 &quot;성과에 안주 않을것…국민 체감하도록 정책 설계... 구 부총리는 &quot;인공지능(AI) 기반 제조공정 혁신과 특수강 등 고부가화, 수소환원제철 중심의 저탄소 전환 등... ",https://www.tfmedia.co.kr/news/article.html?no=207120,https://www.tfmedia.co.kr/news/article.html?no=207120,"Thu, 10 Sep 2026 09:46:00 +0900",2026-09-10 09:55:18
친환경/신재생,수소 경제,"정부, 수출실적 조작·수입품 '국산 둔갑' 집중단속…관세청 중심 범부...","확대, 수소환원제철 중심의 저탄소 전환 등을 담은 철강산업 고도화 방안을 올해 4분기 중 마련해 발표할 계획이다. 철강산업을 첨단산업 구조 전환의 기반이자 경제안보와 지역균형발전 측면에서 전략적 중요성이 높은... ",https://www.sejungilbo.com/news/articleView.html?idxno=60038,https://www.sejungilbo.com/news/articleView.html?idxno=60038,"Thu, 10 Sep 2026 09:46:00 +0900",2026-09-10 09:55:18
친환경/신재생,수소 경제,구윤철 “경제 회복세 뚜렷”…1인당 국민소득 4만달러 달성 가능성↑,"구윤철 부총리 겸 재정경제부 장관은 10일 “우리 경제의 회복세가 한층 뚜렷해지고 있다”며 “금년도... 구 부총리는 “인공지능(AI) 기반 제조공정 혁신과 특수강 등 고부가화, 수소환원제철 중심의 저탄소 전환 등... ",https://www.seoul.co.kr/news/economy/2026/09/10/20260910500036?wlog_tag3=naver,https://n.news.naver.com/mnews/article/081/0003678813?sid=101,"Thu, 10 Sep 2026 09:45:00 +0900",2026-09-10 09:55:18
친환경/신재생,수소 경제,구윤철 &quot;철강산업 고도화 방안 4분기 중 발표…석화도 순차 마련&quot;,"(사진 / 재정경제부) 정부가 인공지능(AI)을 활용한 제조공정 혁신과 특수강 중심의 고부가가치 전환, 수소환원제철을 통한 저탄소 전환 등을 담은 철강산업 고도화 방안을 올해 4분기 발표한다. 석유화학 등 다른... ",http://www.sisafocus.co.kr/news/articleView.html?idxno=364784,http://www.sisafocus.co.kr/news/articleView.html?idxno=364784,"Thu, 10 Sep 2026 09:38:00 +0900",2026-09-10 09:55:18
친환경/신재생,수소 경제,"성장금융과 첫 인연 맺은 NH아문디, 무공해차 인프라펀드 결성 돌입",전기차·수소경제·신재생에너지 등 친환경 기업을 담았다. 2021년 약 2천400억원 규모의 ESG 모빌리티 인프라 1호 펀드도 조성했다. 차파트너스가 운용하는 준공영제 버스 운수사 도원교통·신길교통 PEF의 인수금융... ,https://news.einfomax.co.kr/news/articleView.html?idxno=4434223,https://news.einfomax.co.kr/news/articleView.html?idxno=4434223,"Thu, 10 Sep 2026 09:36:00 +0900",2026-09-10 09:55:18
친환경/신재생,수소 경제,구윤철 &quot;올해 1인당 GNI 4만 달러 달성 가능성 확대&quot;,"민주신문=이한호 기자｜구윤철 부총리 겸 재정경제부 장관이 올해 우리나라의 1인당 국민총소득(GNI) 4만... 철강산업은 AI 기반 제조공정 혁신과 특수강 등 고부가가치화, 수소환원제철 중심의 저탄소 전환 방안을 마련해... ",http://www.iminju.net/news/articleView.html?idxno=169314,http://www.iminju.net/news/articleView.html?idxno=169314,"Thu, 10 Sep 2026 09:34:00 +0900",2026-09-10 09:55:18
친환경/신재생,수소 경제,"아주대 서형탁 교수팀, 비싼 백금 대체할 '고성능·고내구성' 그린수소...",아주대학교 서형탁 (첨단신소재공학과·대학원 에너지시스템학과) 교수 연구팀이 차세대 청정에너지원인 '그린수소'를 경제적이고 효율적으로 생산할 수 있는 고성능·고안정성 비귀금속계 수전해 전극 촉매를... ,https://news.unn.net/news/articleView.html?idxno=597198,https://news.unn.net/news/articleView.html?idxno=597198,"Thu, 10 Sep 2026 09:34:00 +0900",2026-09-10 09:55:18
친환경/신재생,수소 경제,구윤철 &quot;올해 1인당 GNI 4만달러 가능성 확대&quot;…&quot;경제 회복세 뚜렷&quot;,"통한 경제 체질 개선도 강조했습니다. 철강산업과 관련해서는 &quot;인공지능 기반 제조공정 혁신과 특수강 등 고부가화, 수소환원제철 중심의 저탄소 전환 등 철강산업 고도화 방안을 4분기 중 마련·발표하겠다&quot;고... ",https://news.bbsi.co.kr/news/articleView.html?idxno=4105744,https://news.bbsi.co.kr/news/articleView.html?idxno=4105744,"Thu, 10 Sep 2026 09:34:00 +0900",2026-09-10 09:55:18
친환경/신재생,수소 경제,구윤철 &quot;1인당 국민소득 4만달러 달성 가능성 더 커져&quot;,"구윤철 부총리 겸 재정경제부 장관은 10일 &quot;올해 1인당 국민총소득(GNI) 4만달러 가능성이 더욱 확대됐다&quot;고... 철강산업과 관련해 구 부총리는 &quot;인공지능(AI) 기반 제조공정 혁신과 특수강 등 고부가화, 수소환원제철 중심의... ",https://www.seoulfn.com/news/articleView.html?idxno=637643,https://www.seoulfn.com/news/articleView.html?idxno=637643,"Thu, 10 Sep 2026 09:33:00 +0900",2026-09-10 09:55:18
원자력,원자력 주가,[글로벌 마켓 리포트 9월 10일],여기에는 원자력 발전 공급 계약도 포함됐다. 애플은 존 터너스 신임 최고경영자(CEO) 체제의 첫 신제품 발표 행사를 열고 첫 폴더블(접이식) 아이폰을 공개했으나 주가는 0.28% 내렸다. ◆ 이란 확전 위기에... ,https://www.newspim.com/news/view/20260910000148,https://www.newspim.com/news/view/20260910000148,"Thu, 10 Sep 2026 09:35:00 +0900",2026-09-10 09:55:19
원자력,원자력 주가,"與, 김승원 청문회 증인 44명 전부 거부… 조선일보 &quot;방어할 자신 전혀...","현재 한미 간에는 대미 투자 프로젝트와 원자력 잠수함 건조, 핵 농축 및 재처리 허용, 전시작전권 전환, 미... 주가조작 세력과 영장전담 판사도 등장한다. 김 후보가 해결한 임상 승인은 작전세력 머니게임의 재료로... ",https://www.mediatoday.co.kr/news/articleView.html?idxno=336999,https://n.news.naver.com/mnews/article/006/0000137635?sid=102,"Thu, 10 Sep 2026 07:42:00 +0900",2026-09-10 09:55:19
원자력,원자력 주가,"구글, 핀란드 AI 인프라에 20조원 투자...유럽 단일규모 역대 최고 [마켓...",이는 구글이 미국 밖에서 체결한 첫 번째 원자력 에너지 계약으로 기록됐다. 포툼으로서도 2050년까지... 한편 뉴욕증시에서 구글 모기업 알파벳 주가는 전 거래일 대비 2.28% 하락한 330.65달러에 마감했다. 투자 소식과... ,https://www.etoday.co.kr/news/view/2623781,https://www.etoday.co.kr/news/view/2623781,"Thu, 10 Sep 2026 07:06:00 +0900",2026-09-10 09:55:19
원자력,원자력 주가,&quot;美 원전 짓는다&quot; 들썩…3일 만에 33% '불기둥' 뿜은 종목 [분석+],원자력발전 관련 종목 주가가 들썩이고 있다. 우리 정부가 미국에 약속한 3500억달러 규모 대미 투자의 주요 사업으로 미국 내 원전 건설이 유력하게 논의되고 있다는 소식이 전해지면서다. 특히 미국 측이 먼저 대미... ,https://www.hankyung.com/article/2026090939096,https://n.news.naver.com/mnews/article/015/0005330712?sid=101,"Thu, 10 Sep 2026 06:31:00 +0900",2026-09-10 09:55:19
원자력,원자력 주가,[출근길 브리핑-9월 10일] 佛 마크롱 만난 李 대통령·대정부질문서 '김...,"평가했고, 원자력 분야에서도 핵연료 공급망부터 사용후핵연료까지 협력 범위를 넓히기로 했습니다. 양... 후보자의 주가조작 연루 의혹을 고리로 지명 철회와 전면 재수사를 요구했습니다. 한성숙 국무총리는 수사... ",https://www.newsworks.co.kr/news/articleView.html?idxno=853236,https://www.newsworks.co.kr/news/articleView.html?idxno=853236,"Thu, 10 Sep 2026 06:00:00 +0900",2026-09-10 09:55:19
원자력,원자력 주가,[뉴욕마감] 유가 100달러 돌파·국채금리 급등에 3일째 하락…다우 0.77%...,투자 계획에는 원자력 발전 공급을 위한 대규모 계약도 포함됐다. 애플은 존 터너스 최고경영자(CEO) 취임 이후 처음으로 스마트폰 신제품 공개 행사를 열었지만 주가는 0.3% 하락했다. 반도체주는 상대적으로... ,https://www.news1.kr/world/international-economy/6285637,https://n.news.naver.com/mnews/article/421/0009161588?sid=101,"Thu, 10 Sep 2026 05:37:00 +0900",2026-09-10 09:55:19
원자력,원자력 주가,"뉴욕증시, 유가 100달러 돌파에 3대 지수 동반 하락 마감",여기에는 원자력 발전 공급 계약도 포함됐다. 애플은 존 터너스 신임 최고경영자(CEO) 체제의 첫 신제품 발표 행사를 열고 첫 폴더블(접이식) 아이폰을 공개했으나 주가는 0.28% 내렸다. 필라델피아 반도체 지수는 0.... ,https://www.newspim.com/news/view/20260909001339,https://www.newspim.com/news/view/20260909001339,"Thu, 10 Sep 2026 05:21:00 +0900",2026-09-10 09:55:19
원자력,원자력 주가,"구글, 핀란드 AI 인프라에 150억달러 투자…美 밖 첫 원전 계약",AI 경쟁이 심화하면서 데이터센터의 막대한 전력 소비를 감당하기 위해 빅테크 기업들이 원자력 발전과 직접 결합하는 움직임도 빨라지고 있다. 이번 계약 발표 뒤 포르툼 주가는 15% 이상 급등해 약 4년 6개월 만의... ,https://www.news1.kr/world/usa-canada/6285630,https://n.news.naver.com/mnews/article/421/0009161543?sid=104,"Thu, 10 Sep 2026 04:26:00 +0900",2026-09-10 09:55:19
원자력,원자력 주가,"구글, 핀란드 AI 인프라에 20조 투자 …&quot;유럽 단일 사업 중 최대&quot;",포르툼은 별도 성명에서 &quot;핀란드 내 2개 원자력발전소 중 1곳에서 생산되는 전략의 최대 50%를 22년간 구매하는 계약을 체결했다&quot;고 했다. 구글과의 계약 발표 이후 포르툼 주가는 장중 10%가량 급등해 핀란드 헬싱키 대표... ,https://www.mt.co.kr/world/2026/09/09/2026090919011697822,https://n.news.naver.com/mnews/article/008/0005411677?sid=101,"Wed, 09 Sep 2026 19:25:00 +0900",2026-09-10 09:55:19
원자력,원자력 주가,수주 성과·핵잠 기대감…조선주 나란히 '뱃고동',군함과 잠수함을 중심으로 해외 시장에서 수주 랠리가 이어지고 있는 국내 조선주가 9일 일제히 강세를 나타냈다. 우리 정부가 국제원자력기구(IAEA)와 협의를 시작한 핵추진잠수함 도입도 국내 조선주에 대한... ,https://www.hankyung.com/article/2026090947141,https://n.news.naver.com/mnews/article/015/0005330600?sid=101,"Wed, 09 Sep 2026 18:16:00 +0900",2026-09-10 09:55:19
원자력,원자력 주가,뉴욕증시 하락에도 코스피 7천선 탈환...반도체 강세,"뉴욕 증시 하락세 속에서도 반도체와 광통신, 전력과 원자력 관련 주가 오르며 우리 증시의 상승 동력이 됐습니다. [박 석 현 / 우리은행 애널리스트 : 미국 주식시장이 미국과 이란의 전쟁 격화 우려로 약세를 보이긴... ",https://www.ytn.co.kr/_ln/0102_202609091812528868,https://n.news.naver.com/mnews/article/052/0002404944?sid=101,"Wed, 09 Sep 2026 18:12:00 +0900",2026-09-10 09:55:19
원자력,원자력 주가,"&quot;AI 훈풍에 유가 부담 극복&quot;…코스피, 7000선 안착...33거래일만",9% 원자력 관련주인 우리기술이 21.3% 상승하며 지수 상승률을 웃돌았다. 업종별로는 광통신·우주·양자 관련주가 두드러졌다. 코닝(Corning)과 버라이즌(Verizon)의 협력 소식에 장거리 네트워크망 조성 기대가 커지며... ,https://weekly.hankooki.com/news/articleView.html?idxno=7183370,https://weekly.hankooki.com/news/articleView.html?idxno=7183370,"Wed, 09 Sep 2026 17:34:00 +0900",2026-09-10 09:55:19
원자력,원자력 주가,"두산에너빌리티 주가 대미투자 기대감에 꿈틀, 증권가는 '가스터빈' '원...",두산에너빌리티 주가가 연일 강세를 이어가고 있다. 한·미 대미투자 협상이 구체화되면서 가스터빈과... 대미 투자 후속 사업으로는 미국에 대형 원자력발전소 8기를 건설하는 방안이 검토되고 있는 것으로 전해졌다.... ,https://www.businesspost.co.kr/BP?command=article_view&num=446804,https://www.businesspost.co.kr/BP?command=article_view&num=446804,"Wed, 09 Sep 2026 17:28:00 +0900",2026-09-10 09:55:19
원자력,원자력 주가,"한전기술 14만1100원, 1%대 하락…전날 16% 급등 후 숨고르기",특히 전날 주가 상승 폭이 컸다. 한전기술은 8일 하루에만 2만300원(16.60%) 오른 14만2600원에 마감했다.... 회사는 대형 원전 수출과 SMR 시장 선점을 통해 원자력 사업을 고부가가치 중심으로 재편한다는 전략을 밝힌... ,https://www.job-post.co.kr/news/articleView.html?idxno=226854,https://www.job-post.co.kr/news/articleView.html?idxno=226854,"Wed, 09 Sep 2026 14:36:00 +0900",2026-09-10 09:55:19
원자력,원자력 주가,미국 제안 ‘지분’…웨스팅하우스 주식인가 원전 사업인가,투자 대상에 따라 한국이 얻는 권리와 수익뿐만 아니라 한국전력(한전) 혹은 한국수력원자력(한수원)과 WEC... 구주라면 어느 주주가 얼마의 지분을 내놓는지도 결정돼야 한다. 정부 관계자는 “WEC 회사 지분 인수가... ,https://www.kukinews.com/article/view/kuk202609090134,https://www.kukinews.com/article/view/kuk202609090134,"Wed, 09 Sep 2026 14:20:00 +0900",2026-09-10 09:55:19
원자력,원자력 주가,우리기술 18%대 급등…장중 1만4550원까지 치솟아,시장에서는 최근 원전 관련주 전반에 형성된 강한 투자심리가 우리기술 주가에도 영향을 주는 것으로 보고 있다. 우리기술은 원자력발전소의 핵심 설비인 계측제어시스템(MMIS) 관련 사업을 영위하고 있어 국내외... ,https://www.job-post.co.kr/news/articleView.html?idxno=226826,https://www.job-post.co.kr/news/articleView.html?idxno=226826,"Wed, 09 Sep 2026 13:44:00 +0900",2026-09-10 09:55:19
원자력,원자력 주가,"극한 환경도 견딘다... RF머트리얼즈, 방산·항공우주 핵심 소재 강자로...","관련주가 상승세를 나타내고 있다. 지상 무기체계를 비롯해 해양 방산, 방산 부품, 위성·통신, 특수 소재 등... 원자력 및 방산 제어설비 업체 우리기술은 18.20% 상승했다. 유압 제어와 방산 부품 관련주인 엠앤씨솔루션을... ",https://www.pinpointnews.co.kr/news/articleView.html?idxno=485403,https://www.pinpointnews.co.kr/news/articleView.html?idxno=485403,"Wed, 09 Sep 2026 13:42:00 +0900",2026-09-10 09:55:19
원자력,원자력 주가,[시장 따라잡기] 주택사업 수익성 회복 가능성…건설주 힘 받나?,"당장은 일단 장비주가 제일 크게 반응하고 있긴 한데, 반도체 소부장 내에선 어떤 기준으로 접근하는 게... 원자력 기술이 국가 핵심 전략산업으로 급부상한 가운데, 한미 협력에 대한 기대감도 점점 커지고 있습니다.... ",https://biz.sbs.co.kr/article_hub/20000333578?division=NAVER,https://n.news.naver.com/mnews/article/374/0000531998?sid=101,"Wed, 09 Sep 2026 13:36:00 +0900",2026-09-10 09:55:19
원자력,원전 산업,"한병도 &quot;국힘, 李대통령 순방 성과 외면한 채 '셀카외교' 비난…저급한...","미래산업과 국익의 기반을 넓힌 국익중심 실용외교의 장이었다&quot;고 했다. 그는 &quot;이 대통령께서는 마크롱... 또 &quot;정상회담을 통해서는 국방·안보, 첨단기술, 원전 등 무려 16건의 협정과 양해각서(MOU)를 체결하며 미래 협력의... ",https://www.newsis.com/view/NISX20260910_0003783845,https://n.news.naver.com/mnews/article/003/0014181361?sid=100,"Thu, 10 Sep 2026 09:52:00 +0900",2026-09-10 09:55:19
원자력,원전 산업,"한수원, 협력사 품질부서장 대상 원자력 품질 교육 실시…전문성 강화","소순규 한수원 품질보증처장은 원전의 안전성과 신뢰성 확보를 위해 협력사의 높은 품질 역량이 중요하다고 강조하며, 앞으로도 협력사와 긴밀히 소통해 원전산업 전반의 품질 경쟁력 향상에 힘쓸 것이라고 밝혔다.... ",https://www.newsquest.co.kr/news/articleView.html?idxno=300654,https://www.newsquest.co.kr/news/articleView.html?idxno=300654,"Thu, 10 Sep 2026 09:48:00 +0900",2026-09-10 09:55:19
원자력,원전 산업,"현대엔지니어링, '용인·신호남' 발전사업 우선협상대상자 선정","첨단 산업시설 이해와 에너지 플랜트 기술력을 함께 갖춰야 하는 사업 특성상, 현대엔지니어링 측은 EPC... 이번 EPC 경험은 SMR(소형모듈원전) 주변설비, 핵융합, 수소 등 차세대 에너지 분야 사업으로 영역을 넓히는... ",https://www.cstimes.com/news/articleView.html?idxno=720122,https://www.cstimes.com/news/articleView.html?idxno=720122,"Thu, 10 Sep 2026 09:46:00 +0900",2026-09-10 09:55:19
원자력,원전 산업,"현대엔지니어링, 용인·신호남 발전 건설사업 우협 선정",신호남 복합발전소는 전남 여수국가산업단지 내 옛 호남화력발전소 부지에 500MW 규모 LNG 복합발전소를... 향후 수소 발전과 SMR(소형모듈원전) 주변설비 등 차세대 에너지 인프라 사업으로 영역을 넓힌다는 방침이다.,https://www.bizwork.co.kr/news/articleView.html?idxno=419036,https://www.bizwork.co.kr/news/articleView.html?idxno=419036,"Thu, 10 Sep 2026 09:44:00 +0900",2026-09-10 09:55:19
원자력,원전 산업,"李대통령, 프랑스 국빈방문 마치고 귀국…인사·부동산 현안 대기",경제 분야에서는 2030년까지 양국 교역액 200억달러 달성을 목표로 인공지능(AI)·반도체·양자·원자력 등 첨단산업 협력을 확대하기로 했다. 원자력 분야의 고위급 대화를 추진하고 원전 연료 공급망과 차세대 원자로... ,https://www.kukinews.com/article/view/kuk202609100021,https://www.kukinews.com/article/view/kuk202609100021,"Thu, 10 Sep 2026 09:40:00 +0900",2026-09-10 09:55:19
원자력,원전 산업,"현대엔지니어링, 용인·신호남 발전사업 우선협상대상자 선정",신호남 복합발전소는 전남 여수국가산업단지 내 기존 호남화력발전소 부지에 500MW 규모 LNG 복합발전소를... 복합발전과 열병합발전 사업 수행 경험을 바탕으로 수소 발전과 SMR(소형모듈원전) 주변설비 등 차세대... ,https://www.ziksir.com/news/articleView.html?idxno=145953,https://www.ziksir.com/news/articleView.html?idxno=145953,"Thu, 10 Sep 2026 09:40:00 +0900",2026-09-10 09:55:19
원자력,원전 산업,"코스피, 7000선 공방 끝 약세 전환…삼전·하닉 상승폭 축소","다우존스30산업평균지수는 전 거래일보다 405.41포인트(0.77%) 내린 5만2380.66에 거래를 마쳤다.... 아니라 전력기기, 원전, MLCC 등 AI 인프라 밸류체인으로 상승 동력이 확산되는 흐름에 주목할 필요가 있다”고 덧붙였다.",https://www.dt.co.kr/article/12083168?ref=naver,https://n.news.naver.com/mnews/article/029/0003047231?sid=101,"Thu, 10 Sep 2026 09:15:00 +0900",2026-09-10 09:55:19
원자력,원전 산업,대미투자 1호 유력 텍사스에 원전 474기급 전력수요,"규모가 원전 474기에 맞먹는 수준에 달한다. 9일(현지시간) 블룸버그 통신에 따르면 텍사스 전력망을... 산업통상부는 지난 7일 국회에서 열린 비공개 당정 협의에서 사업비 220억달러대, 설비용량 6.3GW 규모의 엔시날... ",https://www.yna.co.kr/view/AKR20260910030700009?input=1195m,https://n.news.naver.com/mnews/article/001/0016301513?sid=101,"Thu, 10 Sep 2026 09:13:00 +0900",2026-09-10 09:55:19
원자력,원전 산업,"현대엔지니어링, 용인·여수 발전사업 잇달아 선정",현대엔지니어링이 반도체 산업단지와 국가산업단지를 대상으로 한 발전사업 2건에서 연이어... 또 복합발전과 열병합발전의 EPC 수행 경험을 축적해 수소 발전과 SMR(소형모듈원전) 주변설비 등 전력·열 생산 관련... ,https://www.pinpointnews.co.kr/news/articleView.html?idxno=485662,https://www.pinpointnews.co.kr/news/articleView.html?idxno=485662,"Thu, 10 Sep 2026 09:10:00 +0900",2026-09-10 09:55:19
원자력,원전 산업,"현엔, 용인열병합·신호남복합발전 동시 수주…2조3826억원 규모","신호남 복합발전소는 전라남도 여수국가산업단지 내 옛 호남화력발전소 부지에 500㎿ 규모 LNG... 현대엔지니어링은 이번 수주를 발판으로 수도권·호남권 발전사업 거점을 확보하고, 향후 소형모듈원전(SMR)·핵융합... ",https://weekly.hankooki.com/news/articleView.html?idxno=7183409,https://weekly.hankooki.com/news/articleView.html?idxno=7183409,"Thu, 10 Sep 2026 09:10:00 +0900",2026-09-10 09:55:19
원자력,원전 산업,"&quot;코스피, 7,000선 시험대…유가·금리상승에 선물·옵션 동시만기일 변...","한 연구원은 &quot;저점을 계속 높여가는 과정에서 반도체뿐 아니라 전력기기, 원전, 적층세라믹콘덴서(MLCC) 등... 다우존스30산업평균지수는 0.77%, 스탠더드앤드푸어스(S&amp;P)500지수는 0.48%, 기술주 중심의 나스닥종합지수는 0.64... ",https://www.news2day.co.kr/article/20260910500052,https://www.news2day.co.kr/article/20260910500052,"Thu, 10 Sep 2026 09:06:00 +0900",2026-09-10 09:55:19
원자력,원전 산업,"현대ENG, '용인 열병합·신호남 복합' 발전소 우선협상자 선정",준공 이후 생산된 전력과 열에너지는 국가 첨단산업 발전을 이끌 핵심 거점인 용인 반도체 클러스터의... 이러한 역량은 향후 수소 발전은 물론 SMR(소형모듈원전) 주변설비 등 전력과 열을 생산하는 차세대 에너지... ,https://thetracker.co.kr/View.aspx?No=4220896,https://thetracker.co.kr/View.aspx?No=4220896,"Thu, 10 Sep 2026 09:05:00 +0900",2026-09-10 09:55:19
원자력,원전 산업,"구글, 핀란드 디지털 인프라에 20조 투자…원전과 장기 계약도",구글과의 계약으로 포툼은 면허 연한인 2050년까지 안정적으로 원전을 가동할 수 있는 발판을 마련한 것으로... 데이터센터 산업이 급성장했다. 오르포 총리가 이끄는 우파 정부는 사상 최고 수준의 실업률과 부진한 경제... ,https://www.tfmedia.co.kr/news/article.html?no=207117,https://www.tfmedia.co.kr/news/article.html?no=207117,"Thu, 10 Sep 2026 09:04:00 +0900",2026-09-10 09:55:19
원자력,원전 산업,"李대통령, 프랑스서 AI·원전 '성과 보따리'…호르무즈 공조도 가닥",첨단산업 협력을 대폭 확대하고 경쟁 관계였던 원자력 분야에서도 상호보완적 협력의 물꼬를 텄다. 아울러 호르무즈 해협의 안정과 항행의 자유를 위한 국제사회 공조에도 참여하기로 하면서 경제·산업부터 안보까지... ,https://www.etnews.com/20260910000015,https://n.news.naver.com/mnews/article/030/0003465384?sid=100,"Thu, 10 Sep 2026 09:03:00 +0900",2026-09-10 09:55:19
원자력,SMR 시장,"넷제로 2050 기후재단, 2026 국제기후포럼 성료","탄소시장과 기후금융까지 아우르는 국가전략으로 발전시켜야 한다&quot;고 말했다. 기조연설을 맡은 송영길... 소형모듈원자로(SMR), 수소, 탄소포집 등 다양한 무탄소 기술을 균형 있게 활용하고 전력망과 에너지저장장치(ESS)... ",https://news.bizwatch.co.kr/article/industry/2026/09/10/0004,https://n.news.naver.com/mnews/article/648/0000050649?sid=101,"Thu, 10 Sep 2026 09:30:00 +0900",2026-09-10 09:55:20
원자력,SMR 시장,"현대엔지니어링, 용인·여수 발전사업 우협 선정… 총 2조3826억원 규모","대한 시장의 신뢰를 보여주는 결과”라며 “앞으로도 복합발전과 열병합발전을 비롯한 다양한 에너지 전환 인프라 사업을 통해 국가 전력 안정성 확보에 기여하는 한편, SMR, 핵융합, 수소 등 차세대 에너지 분야로의... ",https://biz.chosun.com/real_estate/real_estate_general/2026/09/10/MYMXNYQBIREUBAQM352ULTHC44/?utm_source=naver&utm_medium=original&utm_campaign=biz,https://n.news.naver.com/mnews/article/366/0001191451?sid=101,"Thu, 10 Sep 2026 09:07:00 +0900",2026-09-10 09:55:20
원자력,SMR 시장,"&quot;미래차 등 국내생산세액공제 지원대상 확대하고, 환급제 도입해야&quot;","미래차·바이오·소형모듈원자로(SMR) 등으로 확대하고, 환급제를 도입할 것을 촉구했다. 한국경제인협회는... 국내 시장에 집중돼, 수입제품과의 공정한 경쟁에 영향을 미치고, 통상분쟁의 가능성도 있다”고 지적했다.... ",https://www.taxtimes.co.kr/news/article.html?no=276788,https://www.taxtimes.co.kr/news/article.html?no=276788,"Thu, 10 Sep 2026 08:12:00 +0900",2026-09-10 09:55:20
원자력,SMR 시장,"넷제로2050기후재단, 국제기후포럼 개최","송 전 의원은 재생에너지뿐 아니라 원자력과 소형모듈원자로(SMR), 수소, 탄소포집, 차세대 전력망 등 무탄소... 다만 공개된 자료에는 세션별 주요 발표 내용과 탄소시장·기후금융에 관한 구체적인 제안, 후속 사업의... ",https://www.naeil.com/news/read/601735?ref=naver,https://www.naeil.com/news/read/601735?ref=naver,"Thu, 10 Sep 2026 08:04:00 +0900",2026-09-10 09:55:20
원자력,SMR 시장,넉 달 만에 '서울 4년치 전기'가 생겨났다,"기업의 투자계획은 시장 상황, 기술 변화, 자금 조달 여건에 따라 축소되거나 연기될 수 있다. 아직... 신규 대형 원전, 소형모듈원자로(SMR), 그리고 설계수명을 마친 노후 원전의 계속 운전 추진이 그것이다. 그러나... ",https://www.ohmynews.com/NWS_Web/View/at_pg.aspx?CNTN_CD=A0003265910&CMPT_CD=P0010&utm_source=naver&utm_medium=newsearch&utm_campaign=naver_news,https://n.news.naver.com/mnews/article/047/0002528404?sid=102,"Thu, 10 Sep 2026 07:26:00 +0900",2026-09-10 09:55:20
원자력,SMR 시장,"태웅, 해상풍력 넘어 원전·SMR로…중장기 성장동력 확대",원전과 SMR 시장도 태웅의 새로운 성장축으로 자리 잡을 것으로 전망했다. 해상풍력에서 선제적인 설비투자와 수주 레퍼런스를 확보한 성장 전략을 원전 시장에서도 동일하게 적용할 수 있다는 판단이다. SMR 관련 사업은... ,http://www.newsprime.co.kr/news/article.html?no=747121,http://www.newsprime.co.kr/news/article.html?no=747121,"Thu, 10 Sep 2026 07:10:00 +0900",2026-09-10 09:55:20
원자력,SMR 시장,"&quot;국내생산 세액공제 대상 늘려야&quot;…한경협, 국회에 세제개편안 보완 의...","소형모듈원자로(SMR) 등을 지원 대상에 포함해 줄 것을 건의했다. 이 밖에도 로봇 완제품, 액화수소주... 한경협은 국내 판매분만 지원하면 혜택이 국내 시장에 집중돼, 수입 제품과 공정한 경쟁에 영향을 미치고 오히려... ",https://www.edaily.co.kr/News/Read?newsId=02168086645578808&mediaCodeNo=257&utm_source=naver&utm_medium=referral&utm_campaign=news_syndication&utm_content=original_article,https://n.news.naver.com/mnews/article/018/0006366537?sid=101,"Thu, 10 Sep 2026 06:03:00 +0900",2026-09-10 09:55:20
원자력,SMR 시장,한경협 “미래차·바이오·SMR도 생산세액공제 포함해야”,소형모듈원자로(SMR) 등을 국내생산세액공제 대상에 추가해야 한다고 국회에 건의했다. 대기업... 국내 판매분만 지원하면 혜택이 내수시장에 집중돼 수입 제품과의 경쟁 조건을 왜곡하고 통상분쟁 가능성도 키울 수... ,https://www.etoday.co.kr/news/view/2623516,https://www.etoday.co.kr/news/view/2623516,"Thu, 10 Sep 2026 06:02:00 +0900",2026-09-10 09:55:20
원자력,SMR 시장,“국내생산세액공제 대상에 미래차·로봇 완제품·SMR도 포함해야”,자동차·바이오·소형모듈원자로(SMR)를 추가해야 한다는 주장이 제기됐다. 대기업을 통합고용세액공제... 국내 판매분만 지원하면 혜택이 국내 시장에 집중돼 자칫 수입 제품과의 공정 경쟁 위반으로 통상 분쟁 가능성이... ,https://biz.heraldcorp.com/article/10868063?ref=naver,https://n.news.naver.com/mnews/article/016/0002695139?sid=101,"Thu, 10 Sep 2026 06:01:00 +0900",2026-09-10 09:55:20
원자력,SMR 시장,&quot;국내 생산·청년 고용 늘리려면 세제지원 실효성 높여야&quot;,소형모듈원자로(SMR) 등도 지원 대상에 포함해 줄 것을 건의했다. 정부안은 국내 생산 품목 중 국내 판매... 국내 판매분만 지원하면 혜택이 국내 시장에 집중돼 수입 제품과의 공정한 경쟁에 영향을 미치고 통상 분쟁의... ,https://www.yna.co.kr/view/AKR20260909142700003?input=1195m,https://n.news.naver.com/mnews/article/001/0016301228?sid=101,"Thu, 10 Sep 2026 06:00:00 +0900",2026-09-10 09:55:20
원자력,SMR 시장,&quot;빅테크는 2035년 못 기다려&quot;…LNG·SMR PPA 제언,전원믹스와 시장제도' 심포지움에서 AI 데이터센터(AIDC) 유치 경쟁의 핵심으로 '스피드 투 파워(Speed to... 소형모듈원자로(SMR)까지 전력구매계약(PPA)을 허용해 전력조달 경로를 넓혀야 한다는 제언도 나왔다. 전우영... ,https://www.electimes.com/news/articleView.html?idxno=372232,https://www.electimes.com/news/articleView.html?idxno=372232,"Wed, 09 Sep 2026 19:40:00 +0900",2026-09-10 09:55:20
원자력,SMR 시장,&quot;전력 부족보다 과잉이 낫다…12차 전기본 서 신규원전 다수 늘려도 이...,"시장으로 시장을 세분화해 재생에너지의 변동성에 대응하고, 유연성 자원의 참여를 확대하고 적절한 보상을 제공해 경쟁을 촉진하는 구조를 만들어야 한다고 설명했다. 이외에도 전우영 교수는 LNG, SMR 등의 전원에 대한... ",http://www.e-platform.net/news/articleView.html?idxno=105220,http://www.e-platform.net/news/articleView.html?idxno=105220,"Wed, 09 Sep 2026 18:44:00 +0900",2026-09-10 09:55:20
방산/우주항공,방산 주가,반도체 판도 뒤집히나…엔비디아 떨어지는데 급등한 '이곳',"미국 10년 만기 국채 금리가 오름세를 보이며 주가수익비율(PER, 주가를 주당순이익으로 나눈 값)이 높은... 금융 및 제조업, 방산 관련 종목들은 대체로 내림세를 나타냈다. 자산운용사 블랙스톤은 3.66% 하락했고... ",https://www.wikitree.co.kr/articles/1158501,https://www.wikitree.co.kr/articles/1158501,"Thu, 10 Sep 2026 08:32:00 +0900",2026-09-10 09:55:21
방산/우주항공,방산 주가,"GE에어로스페이스, CPP 인수로 핵심 부품 공급망 병목 해소",전체 매출 가운데 상용 항공기와 방산 엔진 분야 비중은 70%에 이른댜. CPP의 2027년 매출은 약 20억 달러(약... 뉴욕 증시에서 하우멧 주가는 발표 당일 8% 급락했다. 이번 인수가 마무리되면 GE에어로스페이스는 글로벌... ,https://www.g-enews.com/view.php?ud=202609091654044149fda4f5ab74_1,https://www.g-enews.com/view.php?ud=202609091654044149fda4f5ab74_1,"Thu, 10 Sep 2026 07:54:00 +0900",2026-09-10 09:55:21
방산/우주항공,방산 주가,메트로신문 9월10일자 한줄뉴스,"군사·안보·방산 협력을 심화하고 원전·AI 등 첨단 산업 분야 협력을 확대하는 한편, 호르무즈 해협 항행의... &lt;자본시장&gt; ▲삼성전자와 SK하이닉스 주가가 오픈AI의 새 인공지능(AI) 모델 'GPT-6 아스트라'발 훈풍에... ",http://www.metroseoul.co.kr/article/20260909500452,http://www.metroseoul.co.kr/article/20260909500452,"Thu, 10 Sep 2026 07:02:00 +0900",2026-09-10 09:55:21
방산/우주항공,방산 주가,니어스랩 분기 첫 흑자 냈지만 지속가능성은 '글쎄',최근 호르무즈 해협 파병 이슈와 맞물려 방산주가 강세를 보이며 최저점에서 반등해 지난 9일 한국거래소에서 3만850원에 거래를 마쳤다. 니어스랩 관계자는 UAE 후속 물량과 신규 수주 협의 여부에 대해 &quot;진행 상황은... ,https://www.sidae.com/article/2026090713144853091,https://n.news.naver.com/mnews/article/417/0001157859?sid=105,"Thu, 10 Sep 2026 06:10:00 +0900",2026-09-10 09:55:21
방산/우주항공,방산 주가,"GE를 구한 CEO, 래리 컬프의 '세기의 턴어라운드'",독립한 지 2년 남짓 된 GE 버노바와 GE 에어로스페이스 주가의 성과는 특히 두드러진다. 전자는 600% 넘게... 106억 달러 규모의 방산 사업도 CH-53K 록히드마틴(Lockheed Martin) 헬리콥터 같은 대형 프로그램과 걸프전에... ,https://www.fortunekorea.co.kr/news/articleView.html?idxno=53938,https://www.fortunekorea.co.kr/news/articleView.html?idxno=53938,"Thu, 10 Sep 2026 06:00:00 +0900",2026-09-10 09:55:21
방산/우주항공,방산 주가,"'피지컬 AI' 앞세운 엑스텐드, 뉴욕증권거래소 오프닝 벨 타종",통제·방산 무역 규제 준수가 주요 과제로 꼽힌다. 아울러 주가 변동성과 추가 자금 조달 가능성 역시 불확실성 요인으로 명시되었다. 회사가 운용 영역으로 삼는 분쟁 지역의 지정학적 조건 변화도 수요와... ,https://www.g-enews.com/view.php?ud=2026090918391956112bd56fbc3c_1,https://www.g-enews.com/view.php?ud=2026090918391956112bd56fbc3c_1,"Thu, 10 Sep 2026 03:40:00 +0900",2026-09-10 09:55:21
방산/우주항공,방산 주가,“반도체 슈퍼사이클 아직 안끝나… AI 관련주 등 함께 가져가볼만”,"한국 증시가 여전히 극심하게 저평가돼 있다면서 “반도체 가격 등을 고려했을 때 반도체주가 가리키는... 기계·화학·에너지·조선·방산 등도 실적 대비 저평가되어 있다고 덧붙였다. 그는 최근 7,000을 재탈환한... ",https://www.donga.com/news/Economy/article/all/20260909/134638012/2,https://n.news.naver.com/mnews/article/020/0003746989?sid=101,"Thu, 10 Sep 2026 00:32:00 +0900",2026-09-10 09:55:21
방산/우주항공,방산 주가,"[주요공시] 코스메카코리아, 넥사다이내믹스, 신세계, 한국가스공사, 금...","주가 등락 배경 기업 및 관련 공시 ■ 코스메카코리아(KOSDAQ, 241710) 코스메카코리아는 1360억원 규모... 계약, 방산·조선 주요경영사항, 회사구조 개편, 제3자배정 유상증자, 자기주식 소각 목적의 신탁계약... ",https://www.kdpress.co.kr/news/articleView.html?idxno=208472,https://www.kdpress.co.kr/news/articleView.html?idxno=208472,"Thu, 10 Sep 2026 00:00:00 +0900",2026-09-10 09:55:21
방산/우주항공,방산 주가,창원 본사 범한퓨얼셀 상한가…K-잠수함 수출 기대감 부각,이날 주가 급등을 직접 설명할 신규 공시가 뚜렷하게 확인되지 않은 가운데 시장에서는 잠수함용 수소연료전지 기술을 보유한 범한퓨얼셀의 방산 수출 수혜 가능성이 다시 부각된 영향으로 보고 있다. 범한퓨얼셀은... ,https://www.gnnews.co.kr/news/articleView.html?idxno=645158,https://www.gnnews.co.kr/news/articleView.html?idxno=645158,"Wed, 09 Sep 2026 19:24:00 +0900",2026-09-10 09:55:21
방산/우주항공,방산 주가,[한화·KAI 기업결합-中 소유구조] '만성적 리더십' 공백…'주인 없는 회...,"여름 한때 주가 급등을 반영해 정부 측 지분(35.16%) 매입 규모가 7조원 수준으로 추산되기도 했으나, 방산 수주 기대감으로 14만원대까지 치솟았던 주가는 9일 종가 기준 12만9,100원(시가총액 12조5,840억원)으로 내려오며... ",http://www.srtimes.kr/news/articleView.html?idxno=212016,http://www.srtimes.kr/news/articleView.html?idxno=212016,"Wed, 09 Sep 2026 18:02:00 +0900",2026-09-10 09:55:21
방산/우주항공,방산 주가,"한화오션, 태국 호위함 6833억 수주… 후속 발주 기대감에 주가 반등","회사의 주가가 반등하는 분위기다. 9일 한화오션에 따르면, 회사는 태국 왕립해군과 호위함 1척 건조 및... 이번 사업에는 한화오션을 비롯해 스페인과 싱가포르, 튀르키예 등 글로벌 방산업체들이 참여했던 것으로... ",https://www.mediawatch.kr/news/article.html?no=260968,https://www.mediawatch.kr/news/article.html?no=260968,"Wed, 09 Sep 2026 17:54:00 +0900",2026-09-10 09:55:21
방산/우주항공,방산 주가,"&quot;금융·의료·엔터 분야 데이터, AI 입히면 막대한 수익 기대&quot;",확산할 방산 분야 내년 유망한 투자처로 꼽아 배리 스턴리흐트 스타우드캐피털그룹 회장 겸 최고경영자(CEO)... 또 기업의 펀더멘털보다는 상장지수펀드(ETF)와 패시브 자금 흐름에 따라 주가가 움직이며 주식 시장의 구조... ,https://www.mk.co.kr/article/12148593,https://n.news.naver.com/mnews/article/009/0005732916?sid=104,"Wed, 09 Sep 2026 17:49:00 +0900",2026-09-10 09:55:21
방산/우주항공,방산 주가,"[창간기획] ① 방산캐시로 AI데이터센터 짓는다…한화시스템, 그룹 미래...","한화시스템 주가는 최근 한 달간 8%가량 하락했고, 올해 상반기 고점 대비로는 절반 가까이 조정을 받은 상태다. 방산이라는 안정적 캐시카우가 신사업 확장의 실질적 완충판이 될 수 있을지, 아니면 반복되는 자금조달... ",https://www.ezyeconomy.com/news/articleView.html?idxno=239602,https://www.ezyeconomy.com/news/articleView.html?idxno=239602,"Wed, 09 Sep 2026 17:20:00 +0900",2026-09-10 09:55:21
방산/우주항공,방산 주가,[亞증시-종합] 중동 불안 속 대부분 하락…中 혼조·臺만 상승,"중동 긴장 고조와 유가 상승으로 석탄과 방산, 에너지, 해운 관련주가 급등했다. 반면, 장 초반 상승세를 보였던 반도체 관련주에서는 차익 실현 매물이 출회됐다. SMIC(SHS:688981)와 캠브리콘(SHS:688256)은 약세를... ",https://news.einfomax.co.kr/news/articleView.html?idxno=4434145,https://news.einfomax.co.kr/news/articleView.html?idxno=4434145,"Wed, 09 Sep 2026 17:20:00 +0900",2026-09-10 09:55:21
방산/우주항공,방산 주가,"'반도체의 힘으로' 코스피, 33일 만에 7천피 회복···코스닥 830선 마감","이차전지주가 오르면서 코스피가 7000선을 재탈환했다&quot;고 설명했다. 이어 &quot;코스닥에서는 반도체 소부장 종목이 상승을 주도했고, 전력망 투자 확대 기대와 방산 수주 소식 등 개별 호재도 지수에 힘을 보탰다... ",https://www.seoulfn.com/news/articleView.html?idxno=637609,https://www.seoulfn.com/news/articleView.html?idxno=637609,"Wed, 09 Sep 2026 17:01:00 +0900",2026-09-10 09:55:21
방산/우주항공,방산 주가,"이찬우 농협금융 회장, '최대 실적'으로 연임 명분 확보",농협금융은 동남권에 해양·항공·방산 산업을 지원하는 종합지원센터를 설치하고 'NH상생성장펀드 1호'를... 홍콩 H지수 주가연계증권(ELS) 불완전판매와 관련해 금융당국은 NH농협은행을 포함한 5개 은행에 대한 제재... ,https://www.pointdaily.co.kr/news/articleView.html?idxno=318646,https://www.pointdaily.co.kr/news/articleView.html?idxno=318646,"Wed, 09 Sep 2026 17:00:00 +0900",2026-09-10 09:55:21
방산/우주항공,방산 주가,[코스피 지수선물 옵션] SK하이닉스부터 LS까지 강세…전력·반도체로 몰...,"AI와 반도체 투자 확대에 대한 기대가 이어지는 가운데 전력기기와 전선, 반도체 장비주가 강세를 나타냈고, 조선·방산주에도 매수세가 유입됐다. 삼성전기, LG에너지솔루션, 현대차, 두산에너빌리티... ",https://www.pinpointnews.co.kr/news/articleView.html?idxno=485529,https://www.pinpointnews.co.kr/news/articleView.html?idxno=485529,"Wed, 09 Sep 2026 16:38:00 +0900",2026-09-10 09:55:21
방산/우주항공,우주항공 산업,[트래블투데이] '사천에어쇼’ 10월 개최... 관람객 등록제 시행,"또한, ‘우주항공방위산업전’이 통합 개최되고, 서울 ADEX의 BtoB 전문 프로그램을 도입하는 등 산업·비즈니스 기능도 대폭 강화된다. 특히, 세계 공군참모총장들과 해외 기업 바이어들을 초청해 대한민국 우주항공... ",http://www.travelitoday.com/read/contentsView/22499/41,http://www.travelitoday.com/read/contentsView/22499/41,"Thu, 10 Sep 2026 09:44:00 +0900",2026-09-10 09:55:22
방산/우주항공,우주항공 산업,"진주시, 국토부 주최 ‘대한민국 도시대상’ 7년 연속 수상","아울러 우주항공산업을 중심으로 기업을 유치하고, 창업과 취업을 지원하면서 지역의 미래 먹거리와 일자리 기반을 다지는 노력도 이어왔다. ‘도시환경’ 분야에서는 시민들이 일상에서 자연과 휴식을 누릴 수 있도록... ",https://www.dnews.co.kr/uhtml/view.jsp?idxno=202609091611118110340,https://www.dnews.co.kr/uhtml/view.jsp?idxno=202609091611118110340,"Thu, 10 Sep 2026 09:42:00 +0900",2026-09-10 09:55:22
방산/우주항공,우주항공 산업,"부산시, 항공 기체부품 첨단제조 기반 구축 본격화",부산시는 우주항공청(KASA)의 '차세대 항공 기체부품 첨단제조 실증지원 기반구축' 공모사업에 최종 선정돼... 지역 항공기업을 대상으로 기술지원과 글로벌 공급망 진입을 위한 네트워킹을 지원해 부산이 미래항공산업... ,https://www.newsis.com/view/NISX20260910_0003783738,https://n.news.naver.com/mnews/article/003/0014181255?sid=102,"Thu, 10 Sep 2026 09:26:00 +0900",2026-09-10 09:55:22
방산/우주항공,우주항공 산업,부산을 미래 항공산업 거점으로…2030년까지 200억 원 투입,부산시는 지역 항공기업의 기술혁신과 글로벌 공급망 진입을 지원하기 위한 우주항공청(KASA) '차세대 항공... 미래 항공산업의 거점으로 도약하기 위한 기반을 마련할 계획이다. 특히 2030년 글로벌 민항기 수요 급증과... ,https://www.nocutnews.co.kr/news/6575910?utm_source=naver&utm_medium=article&utm_campaign=20260910092305,https://n.news.naver.com/mnews/article/079/0004187820?sid=102,"Thu, 10 Sep 2026 09:24:00 +0900",2026-09-10 09:55:22
방산/우주항공,우주항공 산업,"부산시, ‘차세대 항공 기체부품 첨단제조’ 국비 공모 선정…글로벌 공...",부산시가 우주항공청(KASA) 주관 대규모 국책 사업을 유치하며 지역 항공 제조업의 체질을 고부가가치 미래... 가덕도신공항 건설과 부산연구개발특구 등 서부산권의 대형 물류·산업 거점 개발과 맞물려 항공 MRO(유지... ,https://www.megaeconomy.co.kr/news/newsview.php?ncode=1065569382222470,https://www.megaeconomy.co.kr/news/newsview.php?ncode=1065569382222470,"Thu, 10 Sep 2026 08:34:00 +0900",2026-09-10 09:55:22
방산/우주항공,우주항공 산업,"진주시, 대한민국 도시대상 7년 연속 수상","도시경제 분야에서는 청년과 신혼부부를 위한 인구 정책과 우주항공산업 중심의 기업 유치, 창업·취업 지원이 미래 성장 기반을 마련한 점이 반영됐다. 도시환경 분야에서는 월아산 숲속의 진주와 망경공원 조성... ",https://www.g-enews.com/view.php?ud=202609091706461852765fb7589a_1,https://www.g-enews.com/view.php?ud=202609091706461852765fb7589a_1,"Thu, 10 Sep 2026 08:34:00 +0900",2026-09-10 09:55:22
방산/우주항공,우주항공 산업,"진주시, 국토부 '대한민국 도시대상' 장관상…7년 연속 수상",'도시경제' 분야에서는 청년·신혼부부 지원 정책과 우주항공산업 중심의 기업 유치 및 창업·취업 지원이 돋보였다. '도시환경' 분야에서는 월아산 숲속의 진주 등 공원 확충과 탄소중립 포인트제 등 친환경 정책이... ,https://www.cnbnews.com/news/articleView.html?idxno=1015154,https://www.cnbnews.com/news/articleView.html?idxno=1015154,"Thu, 10 Sep 2026 08:30:00 +0900",2026-09-10 09:55:22
방산/우주항공,우주항공 산업,"진주시 도시대상 7년 연속, 2022년엔 전국 1위","시는 올해 CCTV 등 생활안전 정책과 건강·복지, 우주항공산업과 일자리, 생활권 공원과 친환경 교통, 도시재생 등의 정책이 평가에 반영됐다고 설명했다. 국토부는 올해 도시대상에서 도시사회·도시경제·도시환경... ",https://www.polinews.co.kr/news/articleView.html?idxno=742684,https://www.polinews.co.kr/news/articleView.html?idxno=742684,"Thu, 10 Sep 2026 08:25:00 +0900",2026-09-10 09:55:22
방산/우주항공,우주항공 산업,[한화-KAI빅딜③] 한화가 ‘KAI 민영화’ 현실적 대안인 이유는,지상·해양·항공·우주 아우른 방산 경쟁력 확보 KAI 결합으로 체계종합·R&amp;D 시너지 확대 출범 27년을 맞은 KAI(한국항공우주산업)가 중대 기로에 섰다. 국산 항공기 개발과 수출을 주도하며 국내 대표 방산기업으로... ,https://www.news2day.co.kr/article/20260910500008,https://www.news2day.co.kr/article/20260910500008,"Thu, 10 Sep 2026 08:12:00 +0900",2026-09-10 09:55:22
방산/우주항공,우주항공 산업,"부산시, 차세대 항공부품 실증 공모 선정…215억원 투입",부산이 차세대 항공부품 실증 인프라를 앞세워 미래항공산업 거점 도약에 나선다. 부산시는 우주항공청이 공모한 '차세대 항공 기체부품 첨단제조 실증지원 기반구축' 공모 사업에 최종 선정됐다고 10일 밝혔다. 차세대... ,https://www.newspim.com/news/view/20260910000052,https://www.newspim.com/news/view/20260910000052,"Thu, 10 Sep 2026 08:07:00 +0900",2026-09-10 09:55:22
방산/우주항공,우주항공 산업,"부산시, 차세대 항공 기체부품 첨단제조 공모 선정",부산시는 우주항공청(KASA)의 차세대 항공 기체부품 첨단제조 실증지원 기반구축 공모 사업에 최종... 미래항공산업의 거점으로 도약하는 기반을 마련한다. 2030년 글로벌 민항기 수요 급증과 공급망 재편에 선제적으로... ,https://www.yna.co.kr/view/AKR20260910019400051?input=1195m,https://n.news.naver.com/mnews/article/001/0016301298?sid=101,"Thu, 10 Sep 2026 07:53:00 +0900",2026-09-10 09:55:22
방산/우주항공,우주항공 산업,'1인 다역' 끝낸 배경훈…AI 정책 조정 덜고 '본업' 힘 싣는다,"배 부총리가 범정부 AI 정책 조정 부담을 덜고 독자 AI 모델과 AI 인프라, 산업·공공 AI 전환(AX) 등... 과학기술 부총리로 범부처 연구개발(R&amp;D) 정책을 조정하는 동시에 우주항공, 양자, 반도체와 정부가 차세대... ",https://www.digitaltoday.co.kr/news/articleView.html?idxno=699278,https://www.digitaltoday.co.kr/news/articleView.html?idxno=699278,"Thu, 10 Sep 2026 07:30:00 +0900",2026-09-10 09:55:22
방산/우주항공,우주항공 산업,[뉴시안 창간 14주년 특별기획-점프 UP 코리아 ⑧] '우주·AI 국방' 도약...,"[사진=뉴시스] 우주항공청(KASA) 출범 이후 국내 우주 산업은 정부가 발주하고 기업이 단순 조립하던 과거의 '올드 스페이스'에서 민간이 주도하는 '뉴 스페이스'로 체질을 개선하고 있다. 한화와 KAI, LIG넥스원 등 체계... ",http://www.newsian.co.kr/news/articleView.html?idxno=94984,http://www.newsian.co.kr/news/articleView.html?idxno=94984,"Thu, 10 Sep 2026 06:54:00 +0900",2026-09-10 09:55:22
방산/우주항공,우주항공 산업,"경남도, '2026 사천에어쇼' D-40…우주항공·방위산업 비즈니스 장으로 ...","공동주최인 경남도·사천시·대한민국 공군·한국항공우주산업(KAI)을 비롯한 관계기관은 이날 교통·주차 대책부터 전시관 조성, 바이어 관리까지 실질적인 현안을 긴밀히 조율했다. 내달 22일부터 25일까지 사천비행장... ",https://www.pointe.co.kr/news/articleView.html?idxno=84500,https://www.pointe.co.kr/news/articleView.html?idxno=84500,"Thu, 10 Sep 2026 01:58:00 +0900",2026-09-10 09:55:22
방산/우주항공,우주항공 산업,[인사] 산업통상부 외,▲산업통상부 ◇과장급 승진 ▷디지털경제통상과장 윤영범 ▲기획예산처 ◇부이사관 승진 ▷이지원 ▷조규산 ▲우주항공청 ◇실장급 ▷차장 권현준,https://www.chosun.com/national/obituary-personnel/2026/09/10/PLDT5CCYHRAA7HOOMGLKAGKQJE/?utm_source=naver&utm_medium=referral&utm_campaign=naver-news,https://n.news.naver.com/mnews/article/023/0003997590?sid=102,"Thu, 10 Sep 2026 00:41:00 +0900",2026-09-10 09:55:22
방산/우주항공,우주항공 산업,울산 '초광역 협력' 주도…공동사업 발굴 본격화,"미래이음은 울산의 자동차·조선·에너지산업과 경남의 기계·방산·우주항공산업, 부산의 해양·물류·디지털 역량을 연결해 미래산업과 AX 전환에 공동 대응하는 사업이다. 행정구역을 넘어 이어진 산업 공급망과 기업 간... ",https://www.ksilbo.co.kr/news/articleView.html?idxno=1066853,https://www.ksilbo.co.kr/news/articleView.html?idxno=1066853,"Thu, 10 Sep 2026 00:02:00 +0900",2026-09-10 09:55:22
방산/우주항공,우주항공 산업,[김대호 진단] 네덜란드 병,"특정 산업이 흔들려도 국가가 버틸 수 있도록 AI 소프트웨어, 차세대 모빌리티·우주항공, 바이오, 로봇, 수소·에너지 등 5대 미래 전략 분야의 규제를 혁파하고 파격적인 지원을 제공해야 한다. 반도체 내부에서도 메모리... ",https://www.g-enews.com/view.php?ud=202609090857403031906806b77b_1,https://www.g-enews.com/view.php?ud=202609090857403031906806b77b_1,"Thu, 10 Sep 2026 00:02:00 +0900",2026-09-10 09:55:22
방산/우주항공,우주항공 산업,"정부, 프랑스와 AI·양자기술·우주 분야서 협력 강화","우주항공청도 같은 날 프랑스 국립우주연구센터(CNES)와 우주산업 진흥 협력을 위한 이행약정(IA)을 체결하고, 프랑스·독일 정부가 공동 주최하는 국제우주정상회의에 대한민국 수석대표로 참석하기로 했다. 두 기관은... ",https://www.viva100.com/article/20260909501599,https://www.viva100.com/article/20260909501599,"Wed, 09 Sep 2026 23:24:00 +0900",2026-09-10 09:55:22
방산/우주항공,K방산 수출,"방위사업청장, 폴란드 MSPO 2026 참석…K-방산 수출 지원",방사청은 이날 한화에어로스페이스와 크로아티아 국방부 간 천무 다연장로켓 18대를 수출하는 계약이 체결됐다고 밝혔다. 수주액 기준 계약 규모는 6400억원(4억1000만유로)이다. 그동안 정부는 정부 공식 행사와 방산... ,https://biz.heraldcorp.com/article/10868566?ref=naver,https://n.news.naver.com/mnews/article/016/0002695248?sid=100,"Thu, 10 Sep 2026 09:08:00 +0900",2026-09-10 09:55:22
방산/우주항공,K방산 수출,"[미르의 글로벌 레이더]한화 ‘천무’, 폴란드 발사대 현지화 확대…유...",단순히 한국에서 만든 무기를 수출하는 방식에서 벗어나 현지 산업과 생산·정비 생태계를 함께 구축하면 폴란드와의 장기적인 방산 협력 관계를 강화할 수 있기... ,https://www.mediapen.com/news/view/1122524,https://www.mediapen.com/news/view/1122524,"Thu, 10 Sep 2026 09:02:00 +0900",2026-09-10 09:55:22
방산/우주항공,K방산 수출,"이용철 방사청장, 폴란드 MSPO 2026 참석…K-방산 유럽시장 수출 지원",및 수출 상담 기회를 확대하기 위해 마련됐다. 특히 이번 MSPO 통합한국관에서는 지난 8일(현지시간) 한·폴란드 방산협력 세미나를 개최했다. 10일(현지시간)에는 일반 참관객 대상 홍보 행사인 ‘코리아 데이(Korea Day)’도... ,https://www.munhwa.com/article/11615919?ref=naver,https://n.news.naver.com/mnews/article/021/0002817691?sid=100,"Thu, 10 Sep 2026 08:49:00 +0900",2026-09-10 09:55:22
방산/우주항공,K방산 수출,"러시아, K방산 동유럽 수출 확대 '비판' 거세져…&quot;자국 안보 위협&quot;",[한화에어로스페이스] 러시아 일간 이즈베스티야는 10일(현지시간) 한국이 우크라이나에 무기를 직접 지원하지 않으면서도 나토 동부전선 국가를 중심으로 방산 수출을 빠르게 확대하고 있다고 보도했다. 게오르기... ,https://www.kpinews.kr/newsView/1065567266880902,https://www.kpinews.kr/newsView/1065567266880902,"Thu, 10 Sep 2026 08:28:00 +0900",2026-09-10 09:55:22
방산/우주항공,K방산 수출,[오늘의 브릿지경제 1면] ‘유가 100달러’ 잠자던 유전 깨어난다⋯ K-조...,"9일 방산업계에 따르면 한화에어로스페이스와 한화시스템은 천광의 출력을 단계적으로 높여 2030년 이후 ‘블록Ⅲ’에서 100킬로와트(㎾)급 이상을 확보하는 중장기 개발을 추진 중이다. ◆국회-경제계, 상시... ",https://www.viva100.com/article/20260909501235,https://www.viva100.com/article/20260909501235,"Thu, 10 Sep 2026 08:26:00 +0900",2026-09-10 09:55:22
방산/우주항공,K방산 수출,페로타임즈 손바닥뉴스 9월10일(목),"유치…에너지·해상풍력·방산 '역점' 대창솔루션, 원전 소재 경쟁력 강화…'중성자 차폐' 스테인리스강... [핫토픽] K-STEEL 수출 4년래 최고…美 급증, 철근 강관 '무게이동' [철강 PICK] 철근 누적 수출 60만 톤 돌파... ",http://www.ferrotimes.com/news/articleView.html?idxno=50285,http://www.ferrotimes.com/news/articleView.html?idxno=50285,"Thu, 10 Sep 2026 07:40:00 +0900",2026-09-10 09:55:22
방산/우주항공,K방산 수출,무기는 잘 만드는데… 美 방산시장의 보이지 않는 관문,"K방산이 수출 신기록을 갈아치우고 있다는 소식은 이제 낯설지 않다. 그런데 정작 세계 최대 시장인 미국 앞에서는 이야기가 달라진다. 우리 무기의 성능이 모자라서가 아니다. 대포도, 장갑차도 아닌 '서류'에서 막히고... ",http://weekly.chosun.com/news/articleView.html?idxno=54972,https://n.news.naver.com/mnews/article/053/0000061374?sid=100,"Thu, 10 Sep 2026 04:00:00 +0900",2026-09-10 09:55:22
방산/우주항공,K방산 수출,"[산업 콕!] K-방산, 방공망으로 세계 시장 노크",KAI는 2023년 현지에 개설한 기지사무소와 바르샤바 유럽 법인을 교두보 삼아 폴란드 후속 사업과 주변국 수출을 동시 추진한다는 구상이다. 폴란드 방산 전시회 MSPO 2026 한화 통합부스 조감도. &lt;사진제공=한화... ,http://www.00news.co.kr/news/articleView.html?idxno=106477,http://www.00news.co.kr/news/articleView.html?idxno=106477,"Wed, 09 Sep 2026 23:02:00 +0900",2026-09-10 09:55:22
방산/우주항공,K방산 수출,"SNT다이내믹스·SNT모티브, 유럽 3대 방산전시회 MSPO 2026 공동 참가…...","특사기술마케팅 관계자는 앞으로도 NATO 방산시장으로의 K-방산 수출 확대를 위한 글로벌 공동 기술마케팅을 지속적으로 강화하고, 유지·보수·정비(MRO), 종합군수지원(IPS) 등 통합 방산 솔루션 패키지 수출을... ",https://www.gukjenews.com/news/articleView.html?idxno=3690350,https://www.gukjenews.com/news/articleView.html?idxno=3690350,"Wed, 09 Sep 2026 22:16:00 +0900",2026-09-10 09:55:22
방산/우주항공,K방산 수출,"한화, 폴란드 MSPO 2026 참가…K9A2·AI 위성분석 솔루션 등 신무기 선보...",유럽 방산 시장을 겨냥한 다양한 차세대 솔루션을 선보인다. 양사는 8일부터 11일까지 키엘체에서 274... 이와 함께 수출형 보병전투장갑차(K-NIFV)와 능동방호체계(APS)도 선보인다. 해상 영역에서는 무인수상정(USV)... ,https://www.gukjenews.com/news/articleView.html?idxno=3690345,https://www.gukjenews.com/news/articleView.html?idxno=3690345,"Wed, 09 Sep 2026 22:14:00 +0900",2026-09-10 09:55:22
방산/우주항공,K방산 수출,[격변하는 세계 질서와 전장의 부활. 신(新) 방산 패권전쟁②] 미국 빅5...,K-방산의 급부상은 우연한 수출 호황이 아니다. 냉전 이후 30년 동안 세계 방위산업이 만들어낸 '첨단기술과 대량생산 사이의 공백'을 한국 제조업이 파고든 결과다. 그러나 이것은 시작일 뿐이다.,https://www.ilemonde.com/news/articleView.html?idxno=30603,https://www.ilemonde.com/news/articleView.html?idxno=30603,"Wed, 09 Sep 2026 21:56:00 +0900",2026-09-10 09:55:22
방산/우주항공,K방산 수출,한 발 2000원 ‘드론 킬러’가 장갑차에…한화가 50㎾ 레이저 싣는 이유...,확대하고 C2·요격드론까지 묶은 다층방공 체계로 발전시키는 것도 해외 대드론 시장을 겨냥한 행보로 풀이된다. 저렴한 발사 비용에 기동성까지 더한 레이저 장갑차가 K방산의 새로운 수출 품목으로 자리 잡을지 주목된다.,https://nownews.seoul.co.kr/news/newsView.php?id=20260909601025&wlog_tag3=naver,https://n.news.naver.com/mnews/article/081/0003678670?sid=104,"Wed, 09 Sep 2026 20:02:00 +0900",2026-09-10 09:55:22
방산/우주항공,K방산 수출,[미리보는 이데일리 신문]이상기후에…스마트팜 '여의도 11배' 늘었다,"K방산 쾌속 순항…한화, 태국 함정 따냈다 GS칼텍스, DHL과 지속가능항공유 2000t 공급계약 △산업 챗GPT... 기술수출만 고집말고…‘뉴코’ 모델도 고려하라 비만약 핵심 키워드, 감량 아닌 ‘지속성’ 대사이상 지방간염... ",https://www.edaily.co.kr/News/Read?newsId=05034806645578480&mediaCodeNo=257&utm_source=naver&utm_medium=referral&utm_campaign=news_syndication&utm_content=original_article,https://n.news.naver.com/mnews/article/018/0006366448?sid=102,"Wed, 09 Sep 2026 19:49:00 +0900",2026-09-10 09:55:22
방산/우주항공,K방산 수출,"[기고] 전북 방산클러스터, 선정 넘어 세계적 거점으로",첨단소재 공급망의 내재화는 단순한 지역산업 육성이 아니라 국가안보와 K-방산 수출의 지속가능성을 좌우하는 문제다. 그러나 선정 자체에 만족해서는 안 된다. 향후 5년간 490억원 규모 사업만으로 세계적... ,https://www.jjan.kr/article/20260831500462,https://www.jjan.kr/article/20260831500462,"Wed, 09 Sep 2026 18:36:00 +0900",2026-09-10 09:55:22
방산/우주항공,K방산 수출,[기고] ‘신개념 해양 방산 생태계’를 통한 K-조선의 새로운 항로를 구...,캐나다가 북대서양조약기구(NATO) 회원국인 독일과의 안보 관계와 산업적 연계성을 중요하게 고려한 것은 방산수출이 단순한 제품 경쟁을 넘어 국가간 전략경쟁임을 보여준다. 이제 K-조선의 함정 수출 전략도 달라져야... ,https://www.kyeonggi.com/article/20260909580339,https://n.news.naver.com/mnews/article/666/0000122713?sid=110,"Wed, 09 Sep 2026 18:36:00 +0900",2026-09-10 09:55:22
방산/우주항공,K방산 수출,"K방산, 유럽 방공시장 공략...수출 무기 연계 승부수","현대로템과 한국항공우주산업(KAI), LIG D&amp;A는 이미 유럽에 수출한 FA-50 경공격기·K2 전차에 방공 기능 강화... 업계 관계자는 &quot;유럽의 재무장 가속화, 방산물자의 EU 역내 생산 강화 등 최근 시장 환경 변화가 K-방산... ",http://www.hansbiz.co.kr/news/articleView.html?idxno=863588,http://www.hansbiz.co.kr/news/articleView.html?idxno=863588,"Wed, 09 Sep 2026 18:16:00 +0900",2026-09-10 09:55:22
철강/조선,철강 주가,"[국제금융 브리핑] 트럼프, 중간선거 이후 이란 전쟁 포기 언급...브렌트...","국제금융시장은 미국 주가 하락, 달러화 약보합, 금리 상승으로 반응했다. 중동 긴장과 미국 국채 바이백... 캐나다는 이날부터 미국산 철강, 가구 등 제품에 15~50% 관세 부과를 발효했다. 북미 무역갈등은 관세와 수입... ",https://www.tokenpost.kr/news/economy/405469,https://www.tokenpost.kr/news/economy/405469,"Thu, 10 Sep 2026 08:32:00 +0900",2026-09-10 09:55:23
철강/조선,철강 주가,"&quot;온실가스 95% 없앤다&quot;… 日 재팬엔진, 대형 상선용 '수소 엔진' 세계 최...","히라타 코이치 MOL 수석 집행임원은 &quot;이 수소 추진 선박을 일본의 철강 제품 수출 및 해외 바이오매스 원료... 재팬엔진 주가는 3년 만에 4배 이상 폭등해 주당 1만 1,000엔 안팎에 안착했다. 재팬엔진의 대형 수소 엔진... ",https://www.g-enews.com/view.php?ud=2026090922072199400c8c1c064d_1,https://www.g-enews.com/view.php?ud=2026090922072199400c8c1c064d_1,"Thu, 10 Sep 2026 06:16:00 +0900",2026-09-10 09:55:23
철강/조선,철강 주가,전력기기 피크아웃?…30년 치 일감 쌓였다,수주가 예상된다. 관세 측면에서도 초고압변압기의 매력이 부각될 전망이다. 도널드 트럼프 미국 대통령은 2026년 4월 2일 철강·알루미늄·구리 및 파생제품에 대한 무역확장법 섹션 232(미국 무역확장법 232조... ,https://magazine.hankyung.com/money/article/202608104622c,https://magazine.hankyung.com/money/article/202608104622c,"Thu, 10 Sep 2026 06:02:00 +0900",2026-09-10 09:55:23
철강/조선,철강 주가,영업익 80% 달라는 노조… 포스코 무파업 전통 깨뜨렸다,"주력인 철강이 부진한 가운데 해외 생산 기지를 확대하며 사업 다각화를 시도했지만, 아직 괄목할 만한... 하지만 사측은 현재 주가와 기본 임금을 단순 적용하면 일회성 보상 요구만 1인당 연 4000만원을 웃돈다고 보고... ",https://www.chosun.com/economy/industry-company/2026/09/10/4UPL62M6N5AI5FIP2HWPM4PFN4/?utm_source=naver&utm_medium=referral&utm_campaign=naver-news,https://n.news.naver.com/mnews/article/023/0003997558?sid=101,"Thu, 10 Sep 2026 00:32:00 +0900",2026-09-10 09:55:23
철강/조선,철강 주가,삼성전자·SK하이닉스 거래대금 10.9조…상위 50종목의 52.6%,"주가는 전 거래일 179만3천원에서 185만6천원으로 6만3천원(3.51%) 상승했다. 삼성전자는 4조4천365억원의... RF머트리얼즈는 22.61%, 우리기술은 21.25%, 금강철강은 19.97%, 가온전선은 16.70% 각각 상승했다.... ",http://www.kjdaily.com/article.php?aid=1788960779686332227,http://www.kjdaily.com/article.php?aid=1788960779686332227,"Wed, 09 Sep 2026 22:34:00 +0900",2026-09-10 09:55:23
철강/조선,철강 주가,"[클릭 e종목]&quot;태웅, 해상풍력 경쟁력 세계 최고 수준…성장 사이클&quot;","IBK투자증권은 9일 태웅의 해상풍력 경쟁력을 강조하며 목표주가 4만5000원, 투자의견 '매수'를 신규... 중국의 철강 산업 성장까지 더해지며 수요를 확보하지 못한 단조 기업들은 도산했다. 태웅은 이러한 단조 기업의... ",https://view.asiae.co.kr/article/2026090918390442905,https://n.news.naver.com/mnews/article/277/0005814190?sid=101,"Wed, 09 Sep 2026 18:39:00 +0900",2026-09-10 09:55:23
철강/조선,철강 주가,"[올댓차이나] 대만 증시, 호실적 AI 관련주 매수로 반등…0.16%↑","주요 8대 업종 가운데 시장 비중이 절대적인 전자기기주가 0.26%, 방직주 0.77%, 시멘트·요업주 0.93... 27%, 철강주 다청강 1.78%, 타이완 시멘트 1.85%, 건설주 싼디개발 1.17%, 제지주 중화펄프 1.89%, 신광섬유... ",https://www.newsis.com/view/NISX20260909_0003783215,https://n.news.naver.com/mnews/article/003/0014180505?sid=104,"Wed, 09 Sep 2026 17:45:00 +0900",2026-09-10 09:55:23
철강/조선,철강 주가,"[오피니언] 트럼프 압박에 저항하는 캐나다, 굴복하는 한국",9월 8일 미국산 철강·알루미늄·가전제품·농업 장비·펄프·종이·유제품 등 약 700개 품목(200억 달러 규모)에 15~50% 관세를 부과하며 정면 대응에 나섰다. 트럼프는 &quot;캐나다가 미국의 51번째 주가 되기는 싫으면서 혜택은... ,http://worknworld.kctu.org/news/articleView.html?idxno=509974,http://worknworld.kctu.org/news/articleView.html?idxno=509974,"Wed, 09 Sep 2026 17:28:00 +0900",2026-09-10 09:55:23
철강/조선,철강 주가,"유가 불안 딛고, 코스피 '활짝'...삼성SDI '껑충', 우리금융 '뚝'","반도체주 주가가 급등하며 한국증시에도 훈풍으로 작용했다. 강진혁 신한투자증권 애널리스트는... 업종 및 테마별로는 2차전지, 전력기기, 원전, 철강, 조선, 자동차주 등이 상승했다. 한국거래소에 따르면... ",http://www.choicenews.co.kr/news/articleView.html?idxno=171111,http://www.choicenews.co.kr/news/articleView.html?idxno=171111,"Wed, 09 Sep 2026 16:20:00 +0900",2026-09-10 09:55:23
철강/조선,철강 주가,[이격도과열 종목] 페니트리움바이오 삼미금속 더코디 범한퓨얼셀 우리...,"사진=핀포인트뉴스DB 코스닥과 유가증권시장에서 9일 단기 주가가 20일 이동평균선을 크게 웃도는 이격도... 우리기술과 에스엠벡셀, 키다리스튜디오, 금강철강, 탑코미디어도 두 자릿수 상승률을 나타냈다. 가온전선과... ",https://www.pinpointnews.co.kr/news/articleView.html?idxno=485504,https://www.pinpointnews.co.kr/news/articleView.html?idxno=485504,"Wed, 09 Sep 2026 16:16:00 +0900",2026-09-10 09:55:23
철강/조선,철강 주가,"금강철강 주가, 9월 9일 장중 상한가 근접 7,990원 19.97% 상승 마감","이러한 활발한 거래가 주가 상승의 주요 동력이었다. 금강철강의 PER은 23.50배로 동일업종 PER 22.55배보다 소폭 높은 수준이다. 동일업종 등락률 2.33% 상승과 비교할 때, 금강철강의 19.97% 상승률은 업종 평균을... ",https://www.topstarnews.net/news/articleView.html?idxno=16187899,https://www.topstarnews.net/news/articleView.html?idxno=16187899,"Wed, 09 Sep 2026 16:12:00 +0900",2026-09-10 09:55:23
철강/조선,철강 주가,"코스피, 33거래일 만에 종가 7000선 탈환…개인은 2조 '팔자'","미국 증시 약세에도 기관의 순매수가 이어진 가운데 반도체와 이차전지, 전력기기주가 상승세를... 업종별로 화학(3.56%), 기계(2.73%), 전기·전자(2.01%), 철강·금속(1.63%), 운송장비(1.61%) 등이 강세를 보였다.... ",https://www.etoday.co.kr/news/view/2623669,https://www.etoday.co.kr/news/view/2623669,"Wed, 09 Sep 2026 16:06:00 +0900",2026-09-10 09:55:23
철강/조선,철강 주가,"미국-캐나다 관세 전쟁, 서로 피보는데...공급망·고용 타격","캐나다는 이날부터 미국산 철강·알루미늄·가전 등 600개 품목에 최대 50% 관세를 부과하는 조치를 시행했다.... 캐나다 브리티시컬럼비아, 온타리오, 퀘벡 주가 가장 타격이 클 것으로 예상된다. 트레버 톰브 캘거리... ",https://www.mt.co.kr/world/2026/09/10/2026090914292698364,https://n.news.naver.com/mnews/article/008/0005411555?sid=101,"Wed, 09 Sep 2026 16:00:00 +0900",2026-09-10 09:55:23
철강/조선,철강 주가,美 반도체 강세에 코스피 7000 돌파 AI 투심 회복…SK하이닉스 3.5%↑,"사진/연합뉴스 코스피가 9일 중동 지역의 지정학적 리스크에도 미국 증시에서 반도체주가 강세를... 업종별로는 화학(3.56%), 기계(2.73%), 전기·전자(2.01%), 철강·금속(1.63%), 운수장비(1.29%), 의료정밀(0.68... ",http://www.smedaily.co.kr/news/articleView.html?idxno=362928,http://www.smedaily.co.kr/news/articleView.html?idxno=362928,"Wed, 09 Sep 2026 16:00:00 +0900",2026-09-10 09:55:23
철강/조선,조선 산업,"현대엔지니어링, ‘힐스테이트 거제시그니처’ 1963세대 내달 분양",분양 배경에는 거제 지역경제의 핵심 산업인 조선업의 회복 흐름이 자리합니다. 거제시는 조선업 수주와 고용이 늘면서 관련 산업 전반에서 회복세가 이어지고 있다고 보고 있습니다. 거제시가 발표한 2026년 6월 말 기준... ,https://www.inthenews.co.kr/news/article.html?no=91685,https://www.inthenews.co.kr/news/article.html?no=91685,"Thu, 10 Sep 2026 09:44:00 +0900",2026-09-10 09:55:24
철강/조선,조선 산업,"거제시의회, '양대 조선소 설계인력 부산 확대 재검토 결의안'",앞서 변광용 시장은 지난 2일 시청 브리핑룸에서 기자회견을 열어 &quot;생산 기반과 핵심 사업장이 있는 거제를 두고 우수인력이 역외로 계속 빠져나간다면 거제는 조선산업의 핵심 기능을 잃고 단순 생산기지로 전락할 것... ,https://www.yna.co.kr/view/AKR20260910033100052?input=1195m,https://n.news.naver.com/mnews/article/001/0016301504?sid=100,"Thu, 10 Sep 2026 09:10:00 +0900",2026-09-10 09:55:24
철강/조선,조선 산업,"HD현대, 인도 타밀나두 상무부 장관 독대…'초대형 조선소' 밑그림 완성...","&lt;본보 2026년 9월 4일 참고 HD현대, 印 코친 합작 철회 후 투투쿠디 조선소 건설 '속도'…상세 설계·부지 점검 착수&gt; 타밀나두주 정부는 대규모 조선산업 투자 유치를 핵심 과제로 삼고 HD현대의 현지 안착을 위한 행정... ",https://www.theguru.co.kr/news/article.html?no=106903,https://www.theguru.co.kr/news/article.html?no=106903,"Thu, 10 Sep 2026 08:58:00 +0900",2026-09-10 09:55:24
철강/조선,조선 산업,"미 해군 1인자도 떴다…한화, 美 ‘수주 대박’ 청신호",미국은 함정 건조 지연과 조선소 생산능력 부족을 해소하기 위해 자국 조선산업 기반 확대를 추진해왔다. 한화오션은 한국에서 축적한 함정 건조 경험과 미국 현지 생산 기반을 결합해 향후 미 해군 함정 사업 참여를... ,https://magazine.hankyung.com/business/article/202609105520b,https://n.news.naver.com/mnews/article/050/0000110678?sid=101,"Thu, 10 Sep 2026 08:52:00 +0900",2026-09-10 09:55:24
철강/조선,조선 산업,'몸값 9000억' 케이조선 스토킹호스로 재매각...연내 새주인 윤곽 [fn마켓...,대형 조선사 중심으로 산업 재편이 이뤄진 이후 시장에 나올 수 있는 중견 조선사 경영권 매물이 제한적인 데다 친환경 선박과 함정 정비·수리·개조(MRO) 시장 확대도 전략적 가치를 높이는 요인이다. 실적도... ,https://www.fnnews.com/news/202609100804020579,https://n.news.naver.com/mnews/article/014/0005573682?sid=101,"Thu, 10 Sep 2026 08:41:00 +0900",2026-09-10 09:55:24
철강/조선,조선 산업,"거제시의회 &quot;리센느 전원, 명예시민 선정&quot;…연예인 최초","지난해 말 기준 거제시 명예시민은 총 67명으로, 그간 조선업 등 지역 산업 발전에 기여한 선주사 임직원이나 코로나19 방역에 헌신한 의료계 관계자 등이 주를 이뤘던 점을 고려하면 매우 이례적인 발탁이다. 거제시는... ",https://www.mydaily.co.kr/page/view/2026091008213573604,https://m.entertain.naver.com/article/117/0004103837,"Thu, 10 Sep 2026 08:25:00 +0900",2026-09-10 09:55:24
철강/조선,조선 산업,원자력 추진 선박 상용화 토론회 개최,"국민의힘 이헌승, 조승환 의원 등이 고려대 해상법 연구센터 등과 함께 마련한 9일 토론회에서는 원자력 이용 선박이 국내 조선해양산업의 새로운 엔진이 될 것으로 예상하고, 이에 대한 세계적인 추세와 준비 내용 등에... ",https://news.knn.co.kr/news/article/192226,https://news.knn.co.kr/news/article/192226,"Thu, 10 Sep 2026 08:04:00 +0900",2026-09-10 09:55:24
철강/조선,조선 산업,[오늘의 주요일정·10일] 한성숙 총리 비상경제점검회의,"정부서울청사) ▲ 산업부, 조선해양의 날 기념식(15:55 엘타워) ▲ 국토부, 발주자직접지급제 국민보고대회(11:00 여의도) ▲ 김용석 대광위원장, 광역교통 환승혁신 포럼(10:30 서울) [소비자경제] ▲ 농식품부... ",https://www.safetimes.co.kr/news/articleView.html?idxno=245584,https://www.safetimes.co.kr/news/articleView.html?idxno=245584,"Thu, 10 Sep 2026 07:04:00 +0900",2026-09-10 09:55:24
철강/조선,조선 산업,스리랑카 용접공들이 그날 울산 앞바다에 모인 이유,"“조선 현장의 노동강도가 상당히 셀 텐데 최저임금을 준다니까 국내에서는 고용할 수 없고, 외국인 노동자를 고용하는 방식으로 해결하면서 국내 조선산업을 육성·지원하는 게 바람직한지 고려해볼 부분이 있다.”... ",https://www.sisain.co.kr/news/articleView.html?idxno=58439,https://n.news.naver.com/mnews/article/308/0000038740?sid=102,"Thu, 10 Sep 2026 06:35:00 +0900",2026-09-10 09:55:24
철강/조선,조선 산업,"[길진홍의 See그널] 포스코의 시간, SK하이닉스의 시간",파업이 장기화돼 전기강판 등 핵심 고부가가치 제품 생산이 중단되면 자동차·조선 등 국내 전방 산업은 물론 포항과 광양의 지역 경제까지 연쇄적인 타격이 우려된다. 파국을 막기 위해서는 눈앞의 임금 수준만 놓고... ,https://www.bloter.net/news/articleView.html?idxno=673168,https://n.news.naver.com/mnews/article/293/0000090252?sid=110,"Thu, 10 Sep 2026 06:30:00 +0900",2026-09-10 09:55:24
철강/조선,조선 산업,[오늘의 주요일정]경제(9월10일목요일),"(비공개) ▲14:00 이호현 기후에너지환경부 2차관, 태양광산업 경쟁력강화위원회(서울) ▲15:55 문신학 산업통상부 차관, 조선해양의 날 기념식(엘타워) ▲18:00 주병기 공정거래위원장, 저연차·전입 직원 워크숍(청주)",https://www.newsis.com/view/NISX20260909_0003782011,https://n.news.naver.com/mnews/article/003/0014180940?sid=101,"Thu, 10 Sep 2026 06:00:00 +0900",2026-09-10 09:55:24
철강/조선,조선 산업,[오늘의 주요일정]산업통상부(9월10일목요일),"▲07:40 문신학 산업통상부 차관, 비상경제본부회의 겸 경제·구조혁신 관계장관회의(서울청사) ▲15:55 문신학 산업통상부 차관, 조선해양의 날 기념식(엘타워)",https://www.newsis.com/view/NISX20260909_0003782354,https://n.news.naver.com/mnews/article/003/0014180934?sid=101,"Thu, 10 Sep 2026 06:00:00 +0900",2026-09-10 09:55:24
철강/조선,조선 산업,"[사설] 부산일보 창간 80주년, 부울경 해양수도권 함께 간다","부산의 항만과 신발 산업, 울산의 중화학 공업과 에너지, 경남의 조선과 기계 산업이 대한민국 경제를 일으켜 세운 장대한 역사도 지령 2만 4848호에 이르는 〈부산일보〉 지면 위에 차곡차곡 쌓여 있다. 2026년은 부산항... ",https://www.busan.com/view/busan/view.php?code=2026090918031299721,https://n.news.naver.com/mnews/article/082/0001397675?sid=110,"Thu, 10 Sep 2026 05:12:00 +0900",2026-09-10 09:55:24
철강/조선,조선 산업,"‘오디세이’ 시절 유물, 인천에서 만난다",한국과 그리스의 조선산업 협력사를 소개하는 팝업 전시회인 ‘더 퍼스트 웨이브’도 3층 로비에서 관람할 수 있다. 박물관은 이번 전시회와 연계한 2개 교육 프로그램을 11월 28일까지 매주 토요일에 운영한다. 고대... ,https://www.donga.com/news/Society/article/all/20260910/134637823/2,https://n.news.naver.com/mnews/article/020/0003747035?sid=102,"Thu, 10 Sep 2026 04:33:00 +0900",2026-09-10 09:55:24
철강/조선,조선 산업,"울산·부산, 조선특화 AI 사업 공동 추진","정부가 추진하는 독자 파운데이션 모델을 토대로 조선기자재 산업에 특화한 소형언어모델(SLM)을 개발하고 현장에 실증하는 사업이다. 부산은 주조·절삭 공정, 울산은 용접 공정의 강점을 살려 사업을 공동 기획한다.... ",https://www.ksilbo.co.kr/news/articleView.html?idxno=1066880,https://www.ksilbo.co.kr/news/articleView.html?idxno=1066880,"Thu, 10 Sep 2026 00:02:00 +0900",2026-09-10 09:55:24
철강/조선,조선 산업,"[긴급진단]울산항 경쟁력 떨어뜨리는 PA 통합, 단일잣대 통합땐 울산산...","산업을 지탱하는 항만은 없다&quot;며 &quot;PA 통합으로 울산항의 독자성과 투자 우선순위를 잃게 된다면 그 충격파는 항만업계를 넘어 현대차와 석유화학, 조선 등 울산 주력산업계 전반으로 곧바로 번질 것&quot;이라고 강조했다.",https://www.ksilbo.co.kr/news/articleView.html?idxno=1066882,https://www.ksilbo.co.kr/news/articleView.html?idxno=1066882,"Thu, 10 Sep 2026 00:02:00 +0900",2026-09-10 09:55:24
철강/조선,조선 산업,"[열린마당] 더딘 기후대응, 지역이 더 아프다","올해 8월17일엔 경남 폭우로 지역의 조선산업까지 멈춰 섰다. 인구 감소 지역인 경북 북부 지역을 두고 지역 소멸 위기라 한다. 지역 소멸 이전에 지구가 소멸할지도 모르겠다. 코로나 팬데믹 위기 이후 폭우, 냉해, 산불... ",https://www.segye.com/newsView/20260909516301?OutUrl=naver,https://n.news.naver.com/mnews/article/022/0004157828?sid=110,"Wed, 09 Sep 2026 23:41:00 +0900",2026-09-10 09:55:24
철강/조선,선박 수주,"&quot;이란, 확전 준비 태세 갖춰...'비례적인 대응 시대 끝났다'&quot;","3~4월 수준의 전면전은 피하는 한편, 봉쇄망과 제재로 이란 경제를 압박해 협상 테이블로 복귀시키겠다는 전략이다. 반면 이란은 해협 통제권을 주장하며 지정 항로를 벗어난 무허가 선박을 지속 공격하고 있어 군사 충돌... ",https://www.newspim.com/news/view/20260910000091,https://www.newspim.com/news/view/20260910000091,"Thu, 10 Sep 2026 08:16:00 +0900",2026-09-10 09:55:25
철강/조선,선박 수주,"한화오션, FPSO도 '표준화'…남미·서아프리카 수주전 노린다","FPSO는 해저 유전에서 원유와 가스를 뽑아 올려 생산·처리한 뒤 저장하고 다른 선박으로 옮겨 실을 수... 기존 FPSO 사업은 유전의 수심과 기상 조건, 생산량, 발주처 요구 등이 프로젝트마다 달라 수주할 때마다 상당... ",https://www.pinpointnews.co.kr/news/articleView.html?idxno=485619,https://www.pinpointnews.co.kr/news/articleView.html?idxno=485619,"Thu, 10 Sep 2026 08:14:00 +0900",2026-09-10 09:55:25
철강/조선,선박 수주,'AI 네이티브' 선언한 포스코DX…R&amp;D 투자 62% 늘렸다,"포스코DX의 부진한 실적은 전년 수주 감소와 고객사 납품·납기 일정 조정 등의 영향을 받았다. 여기에 AI... 리클레이머, 선박 원료하역기 등 제철소 대형 설비를 지능화하는 전략을 공개했다. 고숙련 운전자의... ",https://www.newsway.co.kr/news/view?ud=2026090916403783715,https://www.newsway.co.kr/news/view?ud=2026090916403783715,"Thu, 10 Sep 2026 07:14:00 +0900",2026-09-10 09:55:25
철강/조선,선박 수주,"[더벨][Company Watch] HD현대오일뱅크, 싱가포르에 해운 전담 손자회사...","HD현대쉬핑인터내셔널이 HD현대중공업 등에 발주하면 조선사의 신규 수주로 이어지고, 이를 통해 확보한 선박을 HD현대오일뱅크의 원유·석유제품 운송에 투입하면 용선료 수익까지 HD현대그룹 내에서 순환하는... ",https://www.thebell.co.kr/free/content/ArticleView.asp?key=202609081522455520103695,https://www.thebell.co.kr/free/content/ArticleView.asp?key=202609081522455520103695,"Thu, 10 Sep 2026 07:02:00 +0900",2026-09-10 09:55:25
철강/조선,선박 수주,"[더벨]HD현대, 미국 AI 기업 안두릴 공동개발 '무인수상정' 첫선",초기 수주 경쟁의 주도권을 확보하겠다는 구상이다. 특히 HD현대는 현지 조선소 인수까지 검토하며 미국 내... 미국 설계·조달·시공(EPC) 기업 키위트와 전략적 파트너십을 맺고 코퍼스크리스티를 중심으로 선박 공동... ,https://www.thebell.co.kr/free/content/ArticleView.asp?key=202609080757347200102355,https://www.thebell.co.kr/free/content/ArticleView.asp?key=202609080757347200102355,"Thu, 10 Sep 2026 07:02:00 +0900",2026-09-10 09:55:25
철강/조선,선박 수주,"트럼프 &quot;이란전·고유가, 중간선거 직후 끝날 것&quot;",전쟁이 수주 안에 끝날 것이라던 초기 전망과 달리 장기화하면서 브렌트유가 배럴당 100달러를 다시... 언제 선박을 향해 사격하는 것을 멈출 것이냐'고 묻는 것과 같다&quot;고 말했다. 이어 &quot;현실적으로 나는 그 질문에 대한... ,https://www.newscj.com/news/articleView.html?idxno=3431477,https://www.newscj.com/news/articleView.html?idxno=3431477,"Thu, 10 Sep 2026 06:50:00 +0900",2026-09-10 09:55:25
철강/조선,선박 수주,"中에 밀린 벌크선·탱커, 인도서 만든다… HD현대, ‘세 번째 해외 야드...","총톤수(gt) 기준으로는 약 1900만GT로, 현재 인도 전체 상선대 1402만GT보다 36% 많은 수준이다. 예상 투자액은 2조2000억루피(약 28조원)에 이른다. 이 가운데 62척은 내년 3월까지 입찰을 진행한다. 인도가 이처럼 대규모 선박... ",https://biz.chosun.com/industry/company/2026/09/10/2SXN6ZQA7RBGHDUJ5XMIMXV3TM/?utm_source=naver&utm_medium=original&utm_campaign=biz,https://n.news.naver.com/mnews/article/366/0001191416?sid=101,"Thu, 10 Sep 2026 06:01:00 +0900",2026-09-10 09:55:25
철강/조선,선박 수주,한화오션 2.5조 러시아 분쟁..LNG선 두번째 손배 중재,해당 선박의 용선사이자 프로젝트 운영사까지 1조3700억원대 손해배상을 요구하고 나섰다. 한화가... 분쟁의 발단은 한화오션의 전신인 대우조선해양이 수주한 아틱 LNG 2용 쇄빙 LNG 운반선이다. 대우조선해양은... ,http://www.4th.kr/news/articleView.html?idxno=2117761,http://www.4th.kr/news/articleView.html?idxno=2117761,"Thu, 10 Sep 2026 01:50:00 +0900",2026-09-10 09:55:25
철강/조선,선박 수주,[김대호 진단] 닥터 코퍼의 몰락과 인공지능 모닥불,"열교환기, 선박과 철도에 이르기까지 구리가 들어가지 않는 제조업 영역은 존재하지 않는다. 통계청이... 따라서 구리 가격의 실시간 등락은 글로벌 제조업체들의 수주 잔고와 가동률, 설비투자 심리를 가장 신속하게... ",https://www.g-enews.com/view.php?ud=202609090908125573906806b77b_1,https://www.g-enews.com/view.php?ud=202609090908125573906806b77b_1,"Thu, 10 Sep 2026 00:00:00 +0900",2026-09-10 09:55:25
철강/조선,선박 수주,"HD현대·필리핀 국방, 조선·방산 협력 확대 논의…정기선-테오도로 '해...","현재까지 HD현대는 필리핀으로부터 12척의 함정을 수주했으며, 이 중 6척을 인도했다. 특히 지난해 수빅에 위치한 HD현대필리핀의 본격 가동이 산업협력의 중요한 전환점으로 언급됐다. 이곳에서 건조한 첫 선박은 최근... ",https://www.gukjenews.com/news/articleView.html?idxno=3690351,https://www.gukjenews.com/news/articleView.html?idxno=3690351,"Wed, 09 Sep 2026 22:08:00 +0900",2026-09-10 09:55:25
철강/조선,선박 수주,조선 고용 늘어도 청년 인력난…취업 연계 강화,"고용노동부의 8월 고용행정 통계를 보면 선박·보트 건조업 고용보험 가입자는 전년 동월보다 5,700명 늘며... 지난 5월 기준 국내 조선소의 수주잔량은 약 3년치 일감에 해당하는 3,850만CGT 수준이다. 다만 업황 회복에도... ",https://www.ulsanpress.net/news/articleView.html?idxno=582699,https://www.ulsanpress.net/news/articleView.html?idxno=582699,"Wed, 09 Sep 2026 21:42:00 +0900",2026-09-10 09:55:25
철강/조선,선박 수주,[이슈] 포스코·HD현대중공업 파업…엇갈린 업황 속 커진 노사갈등,"고선가 선박의 매출 비중 확대와 생산성 향상, 이중연료 엔진의 수익성 등이 실적 개선에 영향을 미쳤다. 또한 6월 말 기준 HD현대중공업의 수주잔고도 69조5142억원으로, 이 가운데 조선 부문이 55조5739억원을 차지했다.... ",http://www.sisafocus.co.kr/news/articleView.html?idxno=364772,http://www.sisafocus.co.kr/news/articleView.html?idxno=364772,"Wed, 09 Sep 2026 18:38:00 +0900",2026-09-10 09:55:25
철강/조선,선박 수주,조선·철강 '추투' 장기화하나…전방산업 생산차질 공포감,HD현대중공업 역시 고선가 선박 중심의 수주가 이어지면서 실적 개선 흐름을 보이고 있다. 노조는 장기간의 업황 부진에도 현장을 지켜온 노동자들에게 실적 개선에 따른 성과를 돌려줘야 한다고 주장하고 있다. 특히... ,https://www.edaily.co.kr/News/Read?newsId=04483766645578480&mediaCodeNo=257&utm_source=naver&utm_medium=referral&utm_campaign=news_syndication&utm_content=original_article,https://n.news.naver.com/mnews/article/018/0006366394?sid=101,"Wed, 09 Sep 2026 17:46:00 +0900",2026-09-10 09:55:25
철강/조선,선박 수주,"K-조선 3사, 태국·인도·아프리카서 동시다발 수주전","국내 조선 3사가 동남아시아와 인도, 아프리카 등 해외 시장에서 동시다발적으로 수주 경쟁을 벌이고... 이에 따라 국내 조선 3사는 인도네시아 현지 조선소 개발과 수리조선, 친환경 선박 기술, 인력 양성 등을 두고... ",http://www.kdfnews.com/news/articleView.html?idxno=187766,http://www.kdfnews.com/news/articleView.html?idxno=187766,"Wed, 09 Sep 2026 17:26:00 +0900",2026-09-10 09:55:25
철강/조선,선박 수주,베트남 조선소서 돈 번 HD현대…이번엔 필리핀 '수빅' 키운다,HD현대는 지금까지 필리핀 해군으로부터 12척의 함정을 수주해 6척을 인도했다. 최근 정기선 HD현대 회장도... LNG운반선 등 고부가 선박을 중심으로 국내 도크가 채워지면서 중형 탱커와 벌크선 등 표준화된 선박을... ,https://www.newsway.co.kr/news/view?ud=2026090914083808064,https://www.newsway.co.kr/news/view?ud=2026090914083808064,"Wed, 09 Sep 2026 16:30:00 +0900",2026-09-10 09:55:25
철강/조선,선박 수주,[EBN 데이터센터] 조선주 일제히 상승...방산·해양플랜트 기대에 매수세...,"군함과 잠수함을 중심으로 한 해외 방산 수주 기대, LNG선 발주 확대 가능성, 해양플랜트 발주 환경 개선이... 단기적으로는 고유가와 글로벌 선박·해양 투자 확대가 우호적 환경을 만들고 있고, 중장기적으로는 한국... ",https://www.ebn.co.kr/news/articleView.html?idxno=1723648,https://www.ebn.co.kr/news/articleView.html?idxno=1723648,"Wed, 09 Sep 2026 16:02:00 +0900",2026-09-10 09:55:25
에너지/석유,에너지 주가,지에스이 주가 불꽃랠리… 천연가스 수급 모멘텀 부각,"중동 지역의 지정학적 불안감이 지속되면서 에너지 수급 차질 우려가 부각된 가운데, 계절적 수요 증가... 한국가스공사는 미수금 정산용 가스요금 조정 모멘텀이 주가를 받치는 주요 요인이다. 이어 INVENI, 대성홀딩스도... ",https://www.pinpointnews.co.kr/news/articleView.html?idxno=485690,https://www.pinpointnews.co.kr/news/articleView.html?idxno=485690,"Thu, 10 Sep 2026 09:52:00 +0900",2026-09-10 09:55:25
에너지/석유,에너지 주가,"이란에 미사일 쏘고 석유株 ‘폭풍 매수’…트럼프, 23번 사고팔아 59억...",에너지 기업 주가도 함께 떨어졌다. 전쟁 이후 주가 상승으로 트럼프 대통령이 거둔 평가이익도 상당했다. CNBC는 8월 31일 종가를 기준으로 엑손모빌 한 종목에서만 트럼프 대통령의 평가액이 약 17만6000~69만달러 늘어난... ,https://www.sedaily.com/article/20089262?ref=naver,https://n.news.naver.com/mnews/article/011/0004660409?sid=104,"Thu, 10 Sep 2026 09:50:00 +0900",2026-09-10 09:55:25
에너지/석유,에너지 주가,"STX그린로지스, 중동 긴장 고조에 13% 급등[특징주]",시장에서는 예멘 친이란 후티 반군이 사우디아라비아 주요 에너지 정유시설을 공격하면서... 때 주가 변동성도 커지는 편이다. 다만 이날 주가 상승은 업종 전반의 동반 상승보다는 개별 종목 중심의 선별적 흐름이... ,https://www.newsway.co.kr/news/view?ud=2026091009275754921,https://www.newsway.co.kr/news/view?ud=2026091009275754921,"Thu, 10 Sep 2026 09:38:00 +0900",2026-09-10 09:55:25
에너지/석유,에너지 주가,"SK가스, 내년 울산 AIDC 단계적 가동으로 성장","목표주가를 기존 대비 40% 상향한 34만원으로 제시했다. 특히 울산 AIDC 가동에 따른 전력·LNG 수요 확대를 새로운 관전 포인트로 꼽았다. 현재 울산에는 SK가스의 LPG·LNG 조달망과 코리아에너지터미널(KET), 울산GPS... ",https://www.fnnews.com/news/202609100842375086,https://n.news.naver.com/mnews/article/014/0005573741?sid=101,"Thu, 10 Sep 2026 09:36:00 +0900",2026-09-10 09:55:25
에너지/석유,에너지 주가,"[AI 고속도로] 구글, '유럽 AI 거점'으로 핀란드 낙점…데이터센터에 20...",(사진=씨넷) 구글은 핀란드 에너지 기업 포르툼과 발전소 운영 기간을 22년 연장하는 내용의 전력구매계약도 체결했다. 이 소식이 알려진 뒤 포르툼 주가는 11% 급등했다. 두 회사는 핀란드 남부 로비사 원전 부지에... ,https://zdnet.co.kr/view/?no=20260910090140,https://n.news.naver.com/mnews/article/092/0002436905?sid=105,"Thu, 10 Sep 2026 09:33:00 +0900",2026-09-10 09:55:25
에너지/석유,에너지 주가,"휴전발표 2시간 전 '귀신같이' 매도…트럼프, 에너지주로 59억원 벌어",특히 트럼프 대통령의 발언이나 정책 결정으로 국제유가와 에너지 주가가 크게 출렁인 시점 전후에도 일부 거래가 이뤄진 것으로 파악됐습니다. 전쟁 발발 이틀 후인 3월 2일 엑손모빌 등 주요 에너지 기업 주식을... ,https://news.jtbc.co.kr/article/NB12317674?influxDiv=NAVER,https://n.news.naver.com/mnews/article/437/0000510439?sid=104,"Thu, 10 Sep 2026 09:33:00 +0900",2026-09-10 09:55:25
에너지/석유,석유 시장,"흥구석유 주가, 9월 10일 장중 14,720원 21.75% 상승","흥구석유의 시가총액은 2,208억 원으로, 코스닥 시장에서 360위에 해당한다. 전체 상장주식수 15,000,000주 중 외국인보유주식수는 4,303주로, 외국인소진율은 0.03%에 불과하다. 이는 외국인 투자자의 비중이... ",https://www.topstarnews.net/news/articleView.html?idxno=16188589,https://www.topstarnews.net/news/articleView.html?idxno=16188589,"Thu, 10 Sep 2026 09:52:00 +0900",2026-09-10 09:55:26
에너지/석유,석유 시장,"한국석유 주가, 급등세... 왜?","사업으로 아스팔트 사업, 합성수지 사업, 케미칼 사업, 친환경 사업 등을 영위하고 있으며, 아스팔트와 방수시트, 합성수지 제품 및 각종 화학제품 등을 생산·판매하고 있다. 한국석유는 유가증권시장에 상장돼 있다.",https://www.ggilbo.com/news/articleView.html?idxno=1180848,https://www.ggilbo.com/news/articleView.html?idxno=1180848,"Thu, 10 Sep 2026 09:50:00 +0900",2026-09-10 09:55:26
에너지/석유,석유 시장,양쪽 바닷길 막힌 사우디…원유 수출 13년 만에 최저,미국 뉴욕타임스(NYT)는 사우디가 오랫동안 세계 최대 석유 수출국으로 군림했지만 이제는 원유를 실제로 세계시장에 공급할 수 있는 능력 자체가 또 다른 시험에 직면했다고 평가했다. 후티의 대사우디 공격을 이란의... ,https://www.dt.co.kr/article/12083180?ref=naver,https://n.news.naver.com/mnews/article/029/0003047242?sid=104,"Thu, 10 Sep 2026 09:50:00 +0900",2026-09-10 09:55:26
에너지/석유,석유 시장,"[특징주] 美·이란 충돌에 유가 100달러 돌파… 국내 정유株, 일제히 강...",이날 오전 9시 37분 기준 코스닥 시장에서 흥구석유는 전 거래일보다 2690원(22.25%) 급등한 1만4780원에 거래 중이다. 다른 석유류 관련 종목들도 상승 대열에 합류했다. 중앙에너비스가 1530원(12.41%) 오르고 있으며... ,https://biz.chosun.com/stock/stock_general/2026/09/10/UV6JSH5KMFHKDBRBCCEPLTMUG4/?utm_source=naver&utm_medium=original&utm_campaign=biz,https://n.news.naver.com/mnews/article/366/0001191479?sid=101,"Thu, 10 Sep 2026 09:46:00 +0900",2026-09-10 09:55:26
에너지/석유,석유 시장,비슈케크에서 뉴델리까지: 새로운 유라시아 경제질서의 형성,"알렉세이 모이세예프(Alexei Moiseev) 재무차관의 설명에 따르면, 이는 최근 러시아 금융시장에서 추진한 제도... 확보”하고, 석유 의존 국가들은 “중국이 보증할 수도 있는 형태로 이란에 대한 부채를 떠안게” 된다.... ",https://newscham.net/articles/117175,https://newscham.net/articles/117175,"Thu, 10 Sep 2026 09:36:00 +0900",2026-09-10 09:55:26
에너지/석유,석유 시장,"STX그린로지스, 신조선 투입으로 물동량 폭발… 벌크선 운임 상승 수혜...","선대 공급 부족 현상과 물동량 회복세가 맞물리며 주요 해운사들의 실적 개선 기대감이 시장에 반영되고... 흥아해운 역시 중소형 석유제품운반선(MR탱커) 시황 호조 및 운임 상승 영향으로 5.17% 오른 1,851원에 거래... ",https://www.pinpointnews.co.kr/news/articleView.html?idxno=485680,https://www.pinpointnews.co.kr/news/articleView.html?idxno=485680,"Thu, 10 Sep 2026 09:34:00 +0900",2026-09-10 09:55:26
에너지/석유,석유 시장,"흥구석유 주가, 급등세... 왜?","석유류 제품의 판매를 주요 사업으로 영위하는 기업이다. 휘발유, 등유, 경유 등의 석유류 제품을 취급하며 대구·경북 지역을 중심으로 석유제품 판매 사업을 전개하고 있다. 코스닥시장에는 1994년 상장했다.",https://www.ggilbo.com/news/articleView.html?idxno=1180843,https://www.ggilbo.com/news/articleView.html?idxno=1180843,"Thu, 10 Sep 2026 09:28:00 +0900",2026-09-10 09:55:26
에너지/석유,석유 시장,"흥구석유, 장중 17%대 급등…중동 긴장 고조에 국제유가 상승세 주가 자...",흥구석유는 전 거래일보다 2120원 오른 1만4210원에 거래되고 있다. 상승률은 17.54%다. 최근 중동 정세가 다시 불안해지면서 원유 공급 차질 가능성이 부각된 점이 투자심리를 자극한 것으로 풀이된다. 시장에서는 미국과... ,https://www.cbci.co.kr/news/articleView.html?idxno=605494,https://www.cbci.co.kr/news/articleView.html?idxno=605494,"Thu, 10 Sep 2026 09:28:00 +0900",2026-09-10 09:55:26
에너지/석유,석유 시장,"[특징주] 흥구석유, &quot;국제유가 100달러 돌파&quot; 美·이란 충돌 재격화에 정...",흥구석유(024060)의 주가가 급등하며 시장의 주목을 받고 있다. 10일 한국거래소에 따르면 흥구석유의 주가는 오전 9시 20분 기준 전일 대비 19.11% 상승한 1만4400원에 거래되고 있다. 이는 미국과 이란의 충돌이 다시... ,https://www.widedaily.com/news/articleView.html?idxno=300858,https://www.widedaily.com/news/articleView.html?idxno=300858,"Thu, 10 Sep 2026 09:28:00 +0900",2026-09-10 09:55:26
에너지/석유,정유 산업,"최태원 SK그룹 회장, AX 현장경영 나선다","울산CLX는 정유·화학 공정에 AI를 접목해 공정 최적화, 안전관리, 에너지 효율화를 동시에 추진하는... 반도체를 출발점으로, AI 데이터센터·에너지·서비스를 아우르는 인프라를 갖추고 이를 실제 산업 현장에... ",https://www.cnbizm.com/news/articleView.html?idxno=314611,https://www.cnbizm.com/news/articleView.html?idxno=314611,"Thu, 10 Sep 2026 09:44:00 +0900",2026-09-10 09:55:27
에너지/석유,정유 산업,"최태원 SK 회장, 울산서 AX 현장경영…AI 데이터센터·제조 점검","최 회장은 먼저 울산 국가산업단지에 건설 중인 SK AI 데이터센터를 찾는다. SK와 아마존웹서비스(AWS)가 약... 울산CLX는 정유·화학 공정에 AI를 접목해 공정 최적화와 안전관리, 에너지 효율화를 추진하는... ",http://www.inews24.com/view/2004026,https://n.news.naver.com/mnews/article/031/0001057092?sid=101,"Thu, 10 Sep 2026 09:42:00 +0900",2026-09-10 09:55:27
에너지/석유,정유 산업,"SK 최태원, 울산포럼 앞두고 ‘AX 현장경영’…AIDC·제조 현황 점검","울산CLX는 정유·화학 공정에 AI를 접목해 공정 최적화, 안전관리, 에너지 효율화를 동시에 추진하는... 반도체를 출발점으로, AI 데이터센터·에너지·서비스를 아우르는 인프라를 갖추고 이를 실제 산업 현장에... ",https://www.dt.co.kr/article/12083176?ref=naver,https://n.news.naver.com/mnews/article/029/0003047239?sid=101,"Thu, 10 Sep 2026 09:41:00 +0900",2026-09-10 09:55:27
에너지/석유,정유 산업,"최태원 SK 회장, 울산 AX 현장경영…국내 제조 현황 점검","울산CLX는 정유·화학 공정에 AI를 접목해 공정 최적화, 안전관리, 에너지 효율화를 동시에 추진하는... 반도체를 출발점으로, AI 데이터센터·에너지·서비스를 아우르는 인프라를 갖추고 이를 실제 산업 현장에... ",https://www.edaily.co.kr/News/Read?newsId=02994646645578808&mediaCodeNo=257&utm_source=naver&utm_medium=referral&utm_campaign=news_syndication&utm_content=original_article,https://n.news.naver.com/mnews/article/018/0006366660?sid=101,"Thu, 10 Sep 2026 09:41:00 +0900",2026-09-10 09:55:27
에너지/석유,정유 산업,"최태원 SK그룹 회장, 울산서 AX 현장경영…'AI 풀스택' 실행 점검",AI 데이터센터 구축을 담당하는 ICT 계열사부터 에너지·정유·화학 등 제조 계열사 CEO들이 함께... 반도체를 출발점으로 AI 데이터센터·에너지·서비스를 아우르는 인프라를 갖추고 이를 실제 산업 현장에 적용하는... ,http://www.econonews.co.kr/news/articleView.html?idxno=444133,http://www.econonews.co.kr/news/articleView.html?idxno=444133,"Thu, 10 Sep 2026 09:40:00 +0900",2026-09-10 09:55:27
에너지/석유,정유 산업,"울산 찾은 최태원 SK 회장, 산업 현장 'AI 전환' 직접 챙긴다",울산 산업 단지를 직접 방문했다. 비수도권 최대 규모로 짓고 있는 전용 데이터센터 공사 현장을 파악하고 정유와 화학 공정에 도입한 첨단 기술 현황을 점검했다. 10일 SK그룹은 최 회장이 'SK AI 데이터센터 울산'과... ,https://news.tf.co.kr/read/economy/2364159.htm,https://n.news.naver.com/mnews/article/629/0000532453?sid=101,"Thu, 10 Sep 2026 09:40:00 +0900",2026-09-10 09:55:27
에너지/석유,정유 산업,"데이터센터 짓고 공장에 AI 접목…최태원, 울산서 AX 점검","이번 방문은 AI에 필요한 반도체와 데이터센터, 에너지, 서비스를 제공하고 이를 산업 현장에 적용하는... 이어 최 회장은 SK이노베이션의 정유·화학 생산기지인 울산CLX를 찾아 AI 적용 현황을 살피고 구성원들을... ",https://zdnet.co.kr/view/?no=20260910092503,https://n.news.naver.com/mnews/article/092/0002436913?sid=105,"Thu, 10 Sep 2026 09:40:00 +0900",2026-09-10 09:55:27
에너지/석유,정유 산업,"최태원 회장, 울산 AIDC 찾아 'AI 풀스택' 점검","울산CLX는 정유·화학 공정에 AI를 접목해 공정 최적화, 안전관리, 에너지 효율화를 동시에 추진하는... 반도체를 출발점으로 AI 데이터센터·에너지·서비스를 아우르는 인프라를 갖추고 이를 실제 산업 현장에... ",https://news.einfomax.co.kr/news/articleView.html?idxno=4434225,https://news.einfomax.co.kr/news/articleView.html?idxno=4434225,"Thu, 10 Sep 2026 09:38:00 +0900",2026-09-10 09:55:27
에너지/석유,정유 산업,"최태원, 울산서 SK ‘AI 풀스택’ 점검 … 데이터센터부터 제조 AX까지","뉴데일리 윤아름 기자 = 최태원 SK그룹 회장이 울산의 AI 데이터센터와 정유·화학 제조 현장을 잇달아... 반도체를 출발점으로, AI 데이터센터·에너지·서비스를 아우르는 인프라를 갖추고 이를 실제 산업 현장에... ",https://biz.newdaily.co.kr/site/data/html/2026/09/10/2026091000065.html,https://biz.newdaily.co.kr/site/data/html/2026/09/10/2026091000065.html,"Thu, 10 Sep 2026 09:38:00 +0900",2026-09-10 09:55:27
에너지/석유,정유 산업,"최태원 SK 회장, 오늘 울산행…AI 데이터센터 및 제조 AX 점검","울산CLX는 정유·화학 공정에 AI를 접목해 공정 최적화, 안전관리, 에너지 효율화를 동시에 추진하는... 반도체를 출발점으로, AI 데이터센터·에너지·서비스를 아우르는 인프라를 갖추고 이를 실제 산업 현장에... ",https://www.mt.co.kr/industry/2026/09/10/2026091009265342154,https://n.news.naver.com/mnews/article/008/0005411819?sid=101,"Thu, 10 Sep 2026 09:38:00 +0900",2026-09-10 09:55:27
화학/소재,화학 주가,"코스피, 장 초반 보합권서 방향 탐색…코스닥은 1%대 하락(종합)","코스피는 중동 지역의 군사적 충돌 여파로 미국 증시에서 3대 주가지수가 일제히 내린 중에도 반도체... 업종별로 보험(1.67%), 금융(0.52%), 화학(0.28%) 등은 상승하고 건설(-2.51%), 기계·장비(-2.20%), 전기·가스(-1.48... ",https://www.yna.co.kr/view/AKR20260910034051008?input=1195m,https://n.news.naver.com/mnews/article/001/0016301583?sid=101,"Thu, 10 Sep 2026 09:29:00 +0900",2026-09-10 09:55:27
화학/소재,화학 주가,"[모닝 리포트] &quot;코스피 7000선 지지력 시험, 유가·금리에 상승세 제동&quot;","관련주가 강세를 보이면서 상승했다. 코스피는 1.4%, 코스닥은 2.3% 올랐다. 사진은 지난 9일 오전 서울 중구... 특히 반도체 업종이 1.6% 오른 가운데 IT가전은 5.4%, 화학은 5.2%, 기계는 3.9% 상승해 지수 상승 동력이 AI... ",https://www.newspim.com/news/view/20260910000088,https://www.newspim.com/news/view/20260910000088,"Thu, 10 Sep 2026 08:34:00 +0900",2026-09-10 09:55:27
화학/소재,화학 주가,"[키-리포트] 유안타 &quot;SK가스, LPG→LNG 인프라·발전 사업 확장&quot;","기업에 대한 투자의견은 매수로, 목표주가는 34만원으로 제시했다. SK가스는 해외에서 LPG를 조달한 후 국내외 판매하는 LPG 수입·유통 사업자다. 손현정 유안타증권 연구원에 따르면 조달한 LPG는 대리점, 석유화학... ",http://www.newsdream.kr/news/articleView.html?idxno=117823,http://www.newsdream.kr/news/articleView.html?idxno=117823,"Thu, 10 Sep 2026 08:12:00 +0900",2026-09-10 09:55:27
화학/소재,화학 주가,"[오늘의 투자전략] 코스피, 유가·금리 급등에 숨 고르기…7000선 지지력...","특히 지수 상승 과정에서 반도체 투톱의 독주가 아닌 IT가전(5.4%), 화학(5.2%), 기계(3.9%) 등 여타 AI 인프라 업종이 지수 상승을 견인하며 시장 체질 개선을 보여줬다. 9월 1일부터 9일까지 개인 투자자가 15조1000억원에... ",https://www.etoday.co.kr/news/view/2623807,https://www.etoday.co.kr/news/view/2623807,"Thu, 10 Sep 2026 08:06:00 +0900",2026-09-10 09:55:27
화학/소재,화학 주가,[GAM]AI 열풍 뜻밖의 수혜주 FIX ② 실적 전망치 'UP' 46% 상승 기대감,"시장 전문가들은 업체의 가파른 실적 향상과 최근 1년 주가 상승의 동력으로 AI 데이터센터 신축 및 증설... 반도체나 바이오 공장은 특수 가스부터 초순수(DI Water), 그 밖에 화학 물질을 이송하는 복잡하고 가혹한... ",https://www.newspim.com/news/view/20260909000753,https://www.newspim.com/news/view/20260909000753,"Thu, 10 Sep 2026 08:01:00 +0900",2026-09-10 09:55:27
화학/소재,화학 주가,&quot;이런 가격은 처음&quot;...주가 폭등에도 전망 엇갈려,화학주가 이달 들어 지지부진한 주가 흐름을 보이다 급등한 것이다. 이는 미국과 이란 사이의 군사적 충돌이 격화한 뒤로 국제 유가가 배럴당 100달러 선을 넘보고 있어서다. 8일(현지시간) 11월 인도분 브렌트유... ,http://www.wowtv.co.kr/NewsCenter/News/Read?articleId=A202609100279&t=NN,https://n.news.naver.com/mnews/article/215/0001265476?sid=101,"Thu, 10 Sep 2026 07:48:00 +0900",2026-09-10 09:55:27
화학/소재,화학 주가,[넥스트-샷] 유가 세 자릿수에 채권도 발작···AI주만 악착같이 버팁니...,"항공·운송·화학 WTI가 96달러, 브렌트유가 101달러를 넘어선 만큼 연료·원재료 비용 부담이 다시 실적에 반영될 가능성이 있습니다. 특히 국제유가가 장기간 100달러 안팎에 머물 경우 단순한 주가 심리 문제가 아니라... ",https://www.womaneconomy.co.kr/news/articleView.html?idxno=258556,https://www.womaneconomy.co.kr/news/articleView.html?idxno=258556,"Thu, 10 Sep 2026 07:30:00 +0900",2026-09-10 09:55:27
화학/소재,소재 산업,"한국데이터센터연합회-한전KDN, 에너지 AI 데이터센터 생태계 조성 맞손","한국데이터센터연합회는 지난 9일 한전KDN과 서울 영등포 소재 한국데이터센터연합회 회의실에서 에너지 AI... 트렌드와 산업 동향을 공유하는 한편, 국내외 유관 기관 및 기업과의 네트워킹을 확대해 산업 전반의... ",https://www.kmecnews.co.kr/news/articleView.html?idxno=51733,https://www.kmecnews.co.kr/news/articleView.html?idxno=51733,"Thu, 10 Sep 2026 09:54:00 +0900",2026-09-10 09:55:28
화학/소재,소재 산업,"이시바 시게루 전 日총리, LIG D&amp;A 판교하우스 방문","성남시 소재 LIG D&amp;A 판교하우스를 방문했다고 10일 밝혔다. 이시바 전 총리 일행은 이번 방한 일정 중 국내 방산업체로는 유일하게 LIG D&amp;A를 찾아 신익현 대표이사, 박종성 미래전략부문장과 환담을 나눴다. 이들... ",https://biz.heraldcorp.com/article/10868692?ref=naver,https://n.news.naver.com/mnews/article/016/0002695295?sid=101,"Thu, 10 Sep 2026 09:48:00 +0900",2026-09-10 09:55:28
화학/소재,소재 산업,"엔에이치스팩34호, 상장 첫날 154% 급등[특징주]","NH투자증권이 상장을 주관한 엔에이치스팩34호는 신재생에너지와 바이오제약·의료기기, IT융합시스템, 로봇, 신소재·나노융합, 자동차 부품, IT·반도체 등을 주요 합병 대상 산업으로 제시했다. 현재... ",https://www.newsway.co.kr/news/view?ud=2026091009360575476,https://www.newsway.co.kr/news/view?ud=2026091009360575476,"Thu, 10 Sep 2026 09:48:00 +0900",2026-09-10 09:55:28
화학/소재,소재 산업,엑셀세라퓨틱스 이의일 대표 “재조합 콜라겐 '터닝포인트'…매출 본격...,"엑셀세라퓨틱스는 바이오 소재·부품·장비 산업의 국산화를 목표로 오랜 기간 배지를 개발해 왔다. 초기에는 국내에서 바이오 소재 국산화 필요성 자체에 대한 인식이 높지 않았지만, 일본의 수출규제와 코로나19 이후... ",https://www.yakup.com/news/index.html?mode=view&cat=12&nid=332358,https://www.yakup.com/news/index.html?mode=view&cat=12&nid=332358,"Thu, 10 Sep 2026 09:48:00 +0900",2026-09-10 09:55:28
화학/소재,소재 산업,"대상, 서울시 '제로서울 2기' 참여… 친환경 패키지 및 탄소중립 실천 ...","(제공=대상)©열린뉴스통신ONA  글로벌 ESG 규제 강화와 기후위기 대응이 산업계 전반의 핵심 과제로 부상한... 대상은 제조 과정에서 발생하는 식품 부산물의 제품화 연구를 진행하고, 제품 포장재의 친환경 소재 전환을... ",https://www.onews.tv/news/articleView.html?idxno=286756,https://www.onews.tv/news/articleView.html?idxno=286756,"Thu, 10 Sep 2026 09:38:00 +0900",2026-09-10 09:55:28
화학/소재,소재 산업,"DGIST, 미래 전략기술 이끌 'InnoCORE' 본격 가동···융합연구 속도","DGIST는 '2026 과학기술원 InnoCORE(이노코어) 사업'을 통해 에너지 소재와 뇌과학, 바이오·인공지능(AI) 등 첨단... 아니라 산업계 진출과 창업으로 이어질 수 있는 경력개발 프로그램을 제공할 계획이다. 단순히 연구과제... ",http://www.newsprime.co.kr/news/article.html?no=747144,http://www.newsprime.co.kr/news/article.html?no=747144,"Thu, 10 Sep 2026 09:38:00 +0900",2026-09-10 09:55:28
화학/소재,신소재 시장,"만져보지 않고도 원단 특성 비교…대구 스타트업, 엔비디아로부터 ‘눈...",앞으로 엔비디아의 밀착 지원으로 원단 3D 렌더링과 AI 이미지 생성 등 핵심 기술을 고도화하는 한편 신소재... 글로벌 시장 진출을 확대해 나가겠다”고 말했다. 한인국 대구창조경제혁신센터 대표는 “이번 성과는 전통... ,https://www.sedaily.com/article/20089238?ref=naver,https://n.news.naver.com/mnews/article/011/0004660400?sid=102,"Thu, 10 Sep 2026 09:20:00 +0900",2026-09-10 09:55:29
화학/소재,신소재 시장,[현장]&quot;아무리 봐도 새로 지었는데&quot;…'더샵 분당하이스트'가 보여준 리...,"등 신소재를 활용해 두 영역이 조화롭게 어우러지도록 외관 디자인을 특화했다&quot;고 말했다. 덕분에 더샵 둔촌... 리모델링 시장 확대를 예상한 포스코이앤씨는 2012년부터 전담 조직을 마련, 2014년부터 본격 진출했다. 기존... ",https://www.mediapen.com/news/view/1122512,https://www.mediapen.com/news/view/1122512,"Thu, 10 Sep 2026 09:00:00 +0900",2026-09-10 09:55:29
화학/소재,신소재 시장,"크리스탈신소재, 베이롄궈신과 AI 컴퓨팅 파워 개발 등 협력 논의",공동 시장 확대에 나설 예정이다. 다이중치우 크리스탈신소재 대표이사는 &quot;베이롄궈신은 국산 컴퓨팅 파워 인프라와 신촹 호환성 검증 분야에서 높은 전문성을 보유하고 있다&quot;면서 &quot;이스하오퉁의 AI 플랫폼·컴퓨팅... ,https://www.newsis.com/view/NISX20260910_0003783572,https://n.news.naver.com/mnews/article/003/0014181072?sid=101,"Thu, 10 Sep 2026 08:32:00 +0900",2026-09-10 09:55:29
화학/소재,신소재 시장,"&quot;中 희토류 족쇄 끊는다&quot;… 日 혼다, 美 '희토류 프리' 자석 기업 '니론...",지정학적 시장 가격 변동성에 극도로 취약한 구조적 위험을 안고 있다&quot;며 이번 투자가 원자재 리스크를... 않는 신소재 개발'에 정책 자금을 집중 배정해 왔다. 혼다의 니론 마그네틱스 투자는 향후 ‘중국의 90% 가공... ,https://www.g-enews.com/view.php?ud=2026091007575630110c8c1c064d_1,https://www.g-enews.com/view.php?ud=2026091007575630110c8c1c064d_1,"Thu, 10 Sep 2026 08:00:00 +0900",2026-09-10 09:55:29
화학/소재,신소재 시장,"‘201g의 비밀’… 갤Z폴드8, ‘세계 최경량 폴더블’ 완성한 혁신[모닝...","2019년 276g에 달했던 첫 갤럭시 폴드 출시 이후 디스플레이와 힌지 구조, 신소재 기술을 끊임없이 발전시켜... 삼성전자는 이러한 상충하는 시장의 요구를 충족하기 위해 단품 부품 교체를 넘어 제품 설계 전반을... ",https://www.edaily.co.kr/News/Read?newsId=02456726645578808&mediaCodeNo=257&utm_source=naver&utm_medium=referral&utm_campaign=news_syndication&utm_content=original_article,https://n.news.naver.com/mnews/article/018/0006366551?sid=105,"Thu, 10 Sep 2026 07:02:00 +0900",2026-09-10 09:55:29
화학/소재,신소재 시장,오늘(10일) 코스닥 상장 '엔에이치스팩34호' 합병 업종은?,"엔에이치스팩34호가 10일 코스닥시장에 상장한다. 합병 대상 업종은 신재생에너지 등이다. /이미지 사진... 응용, 신소재ㆍ나노융합, 고부가 식품산업, 엔터테인먼트, 자동차 부품 제조, IT 및 반도체, 기타 미래 성장... ",http://www.newswell.co.kr/news/articleView.html?idxno=21752,http://www.newswell.co.kr/news/articleView.html?idxno=21752,"Thu, 10 Sep 2026 00:02:00 +0900",2026-09-10 09:55:29
화학/소재,신소재 시장,"플렉스 티타늄 기술…갤럭시 Z 폴드8, 아이폰 압도하는 201g의 비밀","이를 해결하기 위해 삼성전자는 초박막 정밀 가공 기술과 신소재를 결합한 '플렉스 티타늄' 기술을... 한편, 삼성전자와 함께 글로벌 스마트폰 시장을 양분하고 있는 애플은 9일(현지시간) 아이폰 18 프로, 아이폰 18... ",https://www.financialpost.co.kr/news/articleView.html?idxno=274818,https://www.financialpost.co.kr/news/articleView.html?idxno=274818,"Wed, 09 Sep 2026 23:00:00 +0900",2026-09-10 09:55:29
화학/소재,신소재 시장,"대구 C랩 졸업기업 리브포워드 '매트윈', 레드닷 디자인상 수상 및 엔비...","온라인에서도 원단 특성을 쉽게 확인할 수 있도록 지원하며, 향후 신소재 개발과 수요예측 등으로... 섬유·패션시장을 대상으로 사업 영역을 확대해 나가고 있다. 김미연 대표는 “매트윈은 흩어져 있던 원단... ",https://www.etnews.com/20260909000380,https://n.news.naver.com/mnews/article/030/0003465361?sid=102,"Wed, 09 Sep 2026 22:01:00 +0900",2026-09-10 09:55:29
화학/소재,신소재 시장,"리브포워드 ‘매트윈’, 레드닷·엔비디아 인셉션 선정","온라인에서 원단 특성을 확인할 수 있도록 지원하며, 향후 신소재 개발과 수요예측 등으로 서비스를... 글로벌 시장 진출을 확대하겠다”고 말했다.한인국 대구창조경제혁신센터 대표이사는 “전통 섬유산업에 AI와... ",https://www.kbsm.net/news/view.php?idx=533629,https://www.kbsm.net/news/view.php?idx=533629,"Wed, 09 Sep 2026 21:46:00 +0900",2026-09-10 09:55:29
화학/소재,신소재 시장,[패트롤]대구시의회-경산시-영천시의회-영진전문대-칠곡군-영남대,"경산시는 8일 시청 소회의실에서 조현일 시장과 최재훈 압량신용협동조합 이사장, 관내 신협 관계자 등이... 영남대는 신소재공학부 류정호 교수 연구팀이 서로 다른 강유전체와 반강유전체를 나노미터 크기로 결합해... ",https://www.ekn.kr/web/view.php?key=20260909029542782,https://www.ekn.kr/web/view.php?key=20260909029542782,"Wed, 09 Sep 2026 20:50:00 +0900",2026-09-10 09:55:29
화학/소재,신소재 시장,"AI 활용한 신소재 발굴은 어떻게?…식품진흥원, 제조업체 대상 실무교육","건강기능식품 시장 트렌드를 알리는 교육을 실시했다. 식품진흥원은 9월 8일 오송 컨벤션센터에서... 이번 교육은 빠르게 변화하는 건강기능식품 시장과 연구개발 환경에 대비하고, 기능성 소재 발굴부터 제품개발 및... ",https://www.busan.com/view/busan/view.php?code=2026090918423243491,https://n.news.naver.com/mnews/article/082/0001397665?sid=101,"Wed, 09 Sep 2026 18:45:00 +0900",2026-09-10 09:55:29
화학/소재,신소재 시장,"우주청, 부산에 차세대 항공기 부품 실증시설 짓는다",대형 복합재 기체부품은 탄소섬유 등 첨단 신소재를 적용해 기체 경량화와 강도 등을 강화한 차세대... 오태석 우주항공청장은 &quot;고가의 첨단장비 확보 부담으로 글로벌 시장 문턱에서 어려움을 겪던 우리 기업들에 이번... ,https://www.fnnews.com/news/202609091833171738,https://n.news.naver.com/mnews/article/014/0005573554?sid=105,"Wed, 09 Sep 2026 18:35:00 +0900",2026-09-10 09:55:29
화학/소재,신소재 시장,애플 폴더블폰 출격 임박…K-부품사 ‘새 성장판’ 열린다,"메리츠증권 보고서에 따르면 애플이 크리즈 개선을 위해 힌지 내 신소재를 적용하고 듀얼 초박형유리(UTG)... 시장조사업체 IDC는 애플이 출시 첫해에 접이식 아이폰을 1000만대 이상 판매하고, 내년까지 누적 판매량은... ",https://www.kukinews.com/article/view/kuk202609090220,https://www.kukinews.com/article/view/kuk202609090220,"Wed, 09 Sep 2026 17:52:00 +0900",2026-09-10 09:55:29
화학/소재,신소재 시장,"연구소 개소 삼성, 생산거점 찾는 SK…달라진 일본 활용법","삼성전자는 이 연구소를 통해 신소재 평가 기간을 대폭 단축하는 걸 목표로 잡았다. 특히 여러 개의 작은... 이어 &quot;SK하이닉스가 HBM(고대역폭메모리) 분야에서 삼성전자를 앞섰다는 평가를 받는 만큼, 메모리 시장에서의... ",https://www.kpinews.kr/newsView/1065596617200072,https://www.kpinews.kr/newsView/1065596617200072,"Wed, 09 Sep 2026 17:52:00 +0900",2026-09-10 09:55:29
화학/소재,신소재 시장,김귀근 경기도의원 “장기적 안전투자 관점에서 소방산업 육성해야”,"만큼 신소재를 비롯해 로봇·드론·AI, 원격탐지·제독 등 첨단 기술을 접목한 장비를 적극적으로 발굴하고... 초기 시장 진입의 기회를 제공할 수 있다는 취지다. 또한 김 의원은 “아무리 좋은 기술이 있어도 실제 재난... ",https://www.seoul.co.kr/news/publicnews/local_govern/kyungki_do/2026/09/09/20260909500369?wlog_tag3=naver,https://n.news.naver.com/mnews/article/081/0003678644?sid=102,"Wed, 09 Sep 2026 17:50:00 +0900",2026-09-10 09:55:29
화학/소재,신소재 시장,중국 접착 테이프 시장동향,10을 기준으로 중국 시장을 살펴본다. 상품명 HS CODE 접착 테이프 3919.10 시장동향 접착 테이프는 사용이... 융관신소재 (永冠新材) - 소비용·산업용·자동차용 접착소재와 기능성 필름 등 다양한 제품군을... ,http://dream.kotra.or.kr/kotranews/cms/news/actionKotraBoardDetail.do?SITE_NO=3&MENU_ID=190&CONTENTS_NO=2&bbsGbn=254&bbsSn=254&pNttSn=243663,http://dream.kotra.or.kr/kotranews/cms/news/actionKotraBoardDetail.do?SITE_NO=3&MENU_ID=190&CONTENTS_NO=2&bbsGbn=254&bbsSn=254&pNttSn=243663,"Wed, 09 Sep 2026 17:11:00 +0900",2026-09-10 09:55:29
통신/5G,통신 주가,[특징주] 중동 충돌 장기화에 해운株 동반 강세,10일 장 초반 해운주가 중동 지역의 군사적 충돌 장기화 우려에 급등하고 있다. 미국과 이란의 충돌이... 9일(현지시간) 블룸버그 통신에 따르면 이란 정부 고위 당국자는 미국의 해상 봉쇄와 유조선 공격에도 물러설... ,https://www.newspim.com/news/view/20260910000330,https://www.newspim.com/news/view/20260910000330,"Thu, 10 Sep 2026 09:45:00 +0900",2026-09-10 09:55:30
통신/5G,통신 주가,"나이키, S&amp;P 100 퇴출 앞두고 혼선 차단…&quot;500지수는 유지&quot;",9일(현지시간) 블룸버그통신에 따르면 나이키 투자자관계(IR)·커뮤니케이션팀은 최근 경영진에게 이... 나이키가 지수에서 제외되는 것은 주가가 지속적으로 하락한 데 따른 것이다. 나이키 주가는 올해 들어 40... ,https://zdnet.co.kr/view/?no=20260910085440,https://n.news.naver.com/mnews/article/092/0002436901?sid=103,"Thu, 10 Sep 2026 09:31:00 +0900",2026-09-10 09:55:30
통신/5G,통신 주가,"트럼프, 인구조사서 불법이민자 제외 추진…하원의석 지형 바뀌나",시민·인권리더십회의의 미타 애넌드 국장은 로이터통신에 이민자 비율이 높은 지역이 충분한 연방... 제임스 뉴욕주 법무장관도 9일 &quot;이번에 제안된 변경에 대해 뉴욕주가 다시 법적 대응 방안을 모색하고 있다&quot;고 밝혔다.,https://news.tvchosun.com/site/data/html_dir/2026/09/10/2026091090064.html,https://n.news.naver.com/mnews/article/448/0000638481?sid=104,"Thu, 10 Sep 2026 09:30:00 +0900",2026-09-10 09:55:30
통신/5G,통신 주가,"美 인구조사서 수백만명 빠지나…트럼프, 시민·영주권자만 집계 추진",시민·인권리더십회의의 미타 애넌드 국장은 로이터통신에 이민자 비율이 높은 지역에서 연방 지원금과... 당시 소송을 이끌었던 레티샤 제임스 뉴욕주 법무장관은 이날 “행정부가 이번에 제안한 변경에 대해 뉴욕주가... ,https://www.kbmaeil.com/article/20260910500159,https://www.kbmaeil.com/article/20260910500159,"Thu, 10 Sep 2026 09:28:00 +0900",2026-09-10 09:55:30
통신/5G,통신 주가,"트럼프 행정부, 美인구조사서 이민자 제외 추진",시민·인권리더십회의의 미타 애넌드 국장은 로이터통신에 &quot;이민자 비율이 상대적으로 높은 지역의 연방... 이번에 제안한 변경에 대해 뉴욕주가 다시 법적 대응 방안을 모색 중&quot;이라고 말했다. hskang@yna.co.kr (계속),https://www.yna.co.kr/view/AKR20260910033600009?input=1195m,https://n.news.naver.com/mnews/article/001/0016301532?sid=104,"Thu, 10 Sep 2026 09:19:00 +0900",2026-09-10 09:55:30
통신/5G,통신 주가,"“그냥 본전되면 팝니다”…박스피 지친 개미들, 이달 들어 15조 순매도",티모시 모 골드만삭스 아시아·태평양 수석 주식전략가는 지난 7일 블룸버그통신과의 인터뷰에서 기존... 모간스탠리도 지난달 초 코스피 목표치를 9000으로 제시하며 7월 폭락을 오히려 상당 부분 악재가 주가에... ,https://www.mk.co.kr/article/12149034,https://n.news.naver.com/mnews/article/009/0005733067?sid=101,"Thu, 10 Sep 2026 09:15:00 +0900",2026-09-10 09:55:30
통신/5G,통신 주가,[비교분석리포트]양종희 KB금융지주 회장 연임 청신호…밸류업·비은행...,KB금융 회추위 11일 최종 후보 확정…상반기 순익 3.8조원 반기 최대 총주주환원율 52.4%·주가 3배…AI... 실적을 직접 성과표로 제시할 수 있다는 점은 다른 후보와 비교하기 어려운 강점”이라고 덧붙였다. NSP통신,https://www.nspna.com/news/?mode=view&newsid=827529,https://www.nspna.com/news/?mode=view&newsid=827529,"Thu, 10 Sep 2026 08:56:00 +0900",2026-09-10 09:55:30
통신/5G,통신 주가,"대한항공, '월드 스마트시티 엑스포' 참가... 부산 벡스코서 개최","국토교통부·과학기술정보통신부·부산광역시가 주최하는 이 행사는 올해 10회째로, AI 솔루션과 교통... 한편 증권가는 대한항공 주가를 항공우주 사업보다는 본업인 운송 실적과 아시아나항공 합병 효과 중심으로... ",http://www.biztribune.co.kr/news/articleView.html?idxno=358725,http://www.biztribune.co.kr/news/articleView.html?idxno=358725,"Thu, 10 Sep 2026 08:14:00 +0900",2026-09-10 09:55:30
통신/5G,통신 주가,[뉴욕증시] 유가·국채금리 동반 상승에 하락…다우지수 0.77%↓,"로이터통신 등 외신에 따르면, 미국 중부사령부는 전날 이란 이슬람혁명수비대의 미군 함정 공격에... 대형 기술주 메타 주가는 전날 개인 업무와 정리를 위한 AI 비서가 뮤즈 에이전트에 대한 평가가... ",https://www.shinailbo.co.kr/news/articleView.html?idxno=5060668,https://www.shinailbo.co.kr/news/articleView.html?idxno=5060668,"Thu, 10 Sep 2026 08:12:00 +0900",2026-09-10 09:55:30
통신/5G,통신 주가,"[미국 특징주] 스타벅스 니콜 체제 2년, 고객 돌아왔지만 마진 회복 과제",원문은 9월9일 로이터통신 기사(Starbucks CEO Niccol brought back customers. Investors want fatter margins next)입니다.... 니콜 CEO 선임이 발표된 날 스타벅스 주가는 24% 급등했다. 이후 주가는 30% 올랐다. 같은 기간 40%가량 상승한 S... ,https://www.newspim.com/news/view/20260910000080,https://www.newspim.com/news/view/20260910000080,"Thu, 10 Sep 2026 08:10:00 +0900",2026-09-10 09:55:30
통신/5G,5G 산업,"'5G 특화망 전문기업' 유캐스트, 증권신고서 제출",사업 경험을 축적해왔다”며 “이번 코스닥 상장을 계기로 Private 5G 사업 경쟁력을 한층 강화하고 국내외 다양한 산업으로 적용 분야를 확대해 글로벌 Private Network 전문기업으로 성장해 나가겠다”고 말했다.,https://www.edaily.co.kr/News/Read?newsId=02778166645578808&mediaCodeNo=257&utm_source=naver&utm_medium=referral&utm_campaign=news_syndication&utm_content=original_article,https://n.news.naver.com/mnews/article/018/0006366600?sid=101,"Thu, 10 Sep 2026 08:26:00 +0900",2026-09-10 09:55:30
통신/5G,5G 산업,"유캐스트, 코스닥 상장 위한 증권신고서 제출",Private 5G 사업 경쟁력을 한층 강화하고 국내외 다양한 산업으로 적용 분야를 확대하겠다&quot;고 말했다. 유캐스트의 총 공모주식수는 80만주다. 주당 희망 공모가 범위는 2만1000~2만6000원이다. 이에 따른 총 공모... ,https://www.newsis.com/view/NISX20260910_0003783516,https://n.news.naver.com/mnews/article/003/0014181045?sid=101,"Thu, 10 Sep 2026 08:15:00 +0900",2026-09-10 09:55:30
통신/5G,5G 산업,&quot;이걸로 살아날까&quot; 알뜰폰 2.0에 업계 냉랭…해법은 따로 있었다,"5G 도매대가 인하와 데이터 QoS(안심옵션) 도매 제공, 중소 사업자 전파사용료 감면 확대, 부분·풀 MVNO 육성... 어렵다&quot;며 &quot;통신산업은 규모의 경제가 중요한 만큼 통폐합 등을 통해서라도 사업자 규모를 키우고 자체... ",https://www.mt.co.kr/tech/2026/09/10/2026090922280834815,https://n.news.naver.com/mnews/article/008/0005411769?sid=105,"Thu, 10 Sep 2026 07:30:00 +0900",2026-09-10 09:55:30
통신/5G,5G 산업,"[더벨][thebell interview | 유캐스트 IPO] 김재형 대표 &quot;프라이빗 5G, 장비...",프라이빗 5G를 키우는 배경에는 산업현장의 무선화가 있다. 스마트공장과 피지컬 인공지능(AI) 도입이 확대될수록 로봇과 센서 등 다수 장비를 안정적으로 연결할 전용 통신망의 중요성은 커지는 추세다. 김 대표는... ,https://www.thebell.co.kr/free/content/ArticleView.asp?key=202609091022533640107678,https://www.thebell.co.kr/free/content/ArticleView.asp?key=202609091022533640107678,"Thu, 10 Sep 2026 07:02:00 +0900",2026-09-10 09:55:30
통신/5G,5G 산업,1000만명 몰린 알뜰폰의 반전…'0원 요금제' 뿌리더니 줄줄이 적자,"모정훈 연세대 산업공학과 교수는 이통3사 자회사 쏠림의 배경으로 자본력 차이를 꼽았다. 모 교수는... 정부는 시장을 살리려 최근 알뜰폰 2.0 대책을 통해 이통사 LTE·5G 요금제에 도입한 QoS도 도입하고, 주파수... ",https://www.mt.co.kr/tech/2026/09/10/2026090922244555561,https://n.news.naver.com/mnews/article/008/0005411766?sid=105,"Thu, 10 Sep 2026 07:00:00 +0900",2026-09-10 09:55:30
통신/5G,5G 산업,AI가 바꾸는 PCB·첨단 패키징 산업... 15개국 355개사 집결한 'KPCAShow 20...,"AI·HPC·5G 확산에 더해 전기차·자율주행 기술 발전으로 고다층 및 고밀도 PCB(HDI, FCBGA, 패키지 기판) 수요가 늘어난 것이 시장 성장을 견인했다. 후방산업에서는 부문별 차이도 나타났다. 원자재 시장은... ",https://kr.aving.net/news/articleView.html?idxno=1814271,https://kr.aving.net/news/articleView.html?idxno=1814271,"Thu, 10 Sep 2026 03:14:00 +0900",2026-09-10 09:55:30
통신/5G,5G 산업,한·일·대만 '도시가스배관 안전관리' 집중 논의,"이번 라운드테이블은 한국·일본·대만 3개국 도시가스협회가 가스산업 현안과 정책을 공유하기 위해 격년... 도시가스 배관 안전관리와 관련, 국영 CPC 등을 중심으로 5G와 AI를 결합한 실시간 모니터링 체계를 구축한... ",https://www.electimes.com/news/articleView.html?idxno=372235,https://www.electimes.com/news/articleView.html?idxno=372235,"Wed, 09 Sep 2026 18:38:00 +0900",2026-09-10 09:55:30
통신/5G,5G 산업,"대구광역시, WSCE 2026서 'AI 산업 플랫폼 스마트 알파시티' 알려...&quot;AI 산...","대구광역시는 'AI 산업 플랫폼 도시, 어반테크 혁신의 거점'으로 대구광역시 스마트도시 특화단지... 차세대 통신망 구축 분야로는 5G 및 위성통신 등 차세대 통신망과 AI 연구개발 인프라를 도시 전역에 구축할... ",https://kr.aving.net/news/articleView.html?idxno=1814245,https://kr.aving.net/news/articleView.html?idxno=1814245,"Wed, 09 Sep 2026 18:22:00 +0900",2026-09-10 09:55:30
통신/5G,5G 산업,"130년만에 판도 확 변했다… 탄소나노튜브 디지털 엑스선, 산업지도 바...",AI 반도체 초미세 공정과 배터리 화재 원천 봉쇄 CNT 디지털 엑스선이 이끄는 변화는 산업 현장에서 더욱... 촬영해 5G망으로 응급실에 전송할 수 있다. 위급 질환의 환자가 응급실 문턱을 넘자마자 바로 수술실로 갈 수... ,https://www.mk.co.kr/article/12148258,https://n.news.naver.com/mnews/article/009/0005732679?sid=101,"Wed, 09 Sep 2026 15:08:00 +0900",2026-09-10 09:55:30
통신/5G,5G 산업,"5G-R 시대까지 잇는다... 우리넷, 공공 통신 인프라 시장서 존재감 부각","부산산업은 0.39% 내리고 있고 유신은 0.48% 하락하고 있다. 남광토건과 우원개발, 황금에스티... 철도산업의 중장기 투자 방향은 비교적 분명하지만 개별 기업의 실적 개선 속도에는 차이가 있을 수 있다는 게 시장의... ",https://www.pinpointnews.co.kr/news/articleView.html?idxno=485441,https://www.pinpointnews.co.kr/news/articleView.html?idxno=485441,"Wed, 09 Sep 2026 14:50:00 +0900",2026-09-10 09:55:30
통신/5G,5G 산업,[SKT 성과와 책임]① 유영상·강종렬·임봉호·김양섭 역할 추적,"유 전 대표의 평가 항목에는 5G 요금제 확대와 가입자 증가, IPTV와 미디어·기업 사업의 성장이 담겼다.... 산업안전과 보건을 책임지는 자리다. 정보보호최고책임자인 CISO와는 역할이 다르다. 강 전 사장을 볼 때... ",https://www.newsclaim.co.kr/news/articleView.html?idxno=3074769,https://www.newsclaim.co.kr/news/articleView.html?idxno=3074769,"Wed, 09 Sep 2026 14:36:00 +0900",2026-09-10 09:55:30
통신/5G,5G 산업,"KCA, 5G 특화망에 AI 입힌다...오픈랜·양자보안까지 확장",한국방송통신전파진흥원(KCA)은 11일까지 사흘간 경기 고양시 킨텍스에서 열리는 '제3회 특화망 기술 산업전(PNT FAIR 2026)'에서 5G 특화망 관련 연구개발(R&amp;D) 성과를 공개한다고 밝혔다. KCA가 이번 행사에서 소개하는... ,https://zdnet.co.kr/view/?no=20260909143437,https://n.news.naver.com/mnews/article/092/0002436811?sid=105,"Wed, 09 Sep 2026 14:35:00 +0900",2026-09-10 09:55:30
통신/5G,5G 산업,"'공장 통신망'서 'AI 자율망'으로… 방송통신전파진흥원, 차세대 R&amp;D 성과...",중점 전시 분야는 ▲차세대 네트워크 AI 파운데이션 모델 개발 ▲양자보안 기반 5G 특화망 기기 식별 기술과 시험 검증 기술 개발 ▲5G 개방형 네트워크 산업 생태계 기반 조성 ▲신선 농산물 풀필먼트 산지유통센터... ,https://www.financialpost.co.kr/news/articleView.html?idxno=274734,https://www.financialpost.co.kr/news/articleView.html?idxno=274734,"Wed, 09 Sep 2026 14:12:00 +0900",2026-09-10 09:55:30
통신/5G,5G 산업,"[Biz-inside,China] 베이징, 상업 항공우주 선두 굳힌다...기술·자본·정...","목표로 산업 역량을 끌어모으며 두각을 나타내고 있다. 지난 7월 10일 창정(長征) 10호 을(乙) 운반로켓의... 또 베이징은 우주·공중·지상 정보를 인공지능(AI), 빅데이터, 5G/6G, 사물인터넷(IoT) 등 차세대 정보 기술과... ",https://www.joongang.co.kr/article/25460385,https://n.news.naver.com/mnews/article/025/0003550169?sid=104,"Wed, 09 Sep 2026 14:09:00 +0900",2026-09-10 09:55:30
통신/5G,5G 산업,"[Biz-inside,China] AI 두뇌 탑재한 ‘다크팩토리’...中 제조업 스마트화...","더불어 5G 스마트 에너지 사용, 스마트 조명 관리를 통해 작업장의 월간 에너지 소비율을 약 15% 낮췄다.... 이에 따라 스마트 제조 설비가 더 많은 산업, 시나리오에 빠르게 적용되고 있다. 저장(浙江)성 항저우(杭州)시의... ",https://www.joongang.co.kr/article/25460384,https://n.news.naver.com/mnews/article/025/0003550168?sid=104,"Wed, 09 Sep 2026 14:08:00 +0900",2026-09-10 09:55:30
통신/5G,5G 산업,"방송통신전파진흥원, 5G 특화망에 AI·양자 입힌다","사진=방송통신전파진흥원 제공  한국방송통신전파진흥원(원장 이상훈)은 제3회 특화망 기술 산업전(PNT FAIR 2026)」에 참가해 5G 특화망이 산업 현장의 전용 통신망을 넘어 인공지능(AI) 기반 자율운영, 오픈랜(개방형... ",https://weekly.hankooki.com/news/articleView.html?idxno=7183283,https://weekly.hankooki.com/news/articleView.html?idxno=7183283,"Wed, 09 Sep 2026 13:44:00 +0900",2026-09-10 09:55:30
통신/5G,5G 산업,"한국방송통신전파진흥원, 5G 특화망에 AI·양자보안 접목…4대 R&amp;D 성과 ...","오픈랜 분야에서는 ETRI가 주관하는 '5G 개방형 네트워크 산업 생태계 기반조성' 사업을 소개한다. KCA와 TTA, 한국지능정보사회진흥원(NIA), 통신3사 등이 참여해 서로 다른 제조사의 장비와 소프트웨어를 연동할 수... ",https://www.etnews.com/20260909000205,https://n.news.naver.com/mnews/article/030/0003465143?sid=105,"Wed, 09 Sep 2026 13:19:00 +0900",2026-09-10 09:55:30
통신/5G,5G 산업,교통 관제에서 '초대형 도시 지능체'로 생성형 AI 입은 항저우 'City Brai...,"중상산업연구원에 따르면 중국 스마트도시 시장규모는 2020년 15조위안에서 2025년 45조3000억위안으로... 해당 평가는 정보 인프라와 디지털 기반 시설, 스마트도시 구축 수준을 종합 평가한 것으로, 항저우시는 5G... ",https://www.boannews.com/news/articleView.html?idxno=145737,https://www.boannews.com/news/articleView.html?idxno=145737,"Wed, 09 Sep 2026 13:18:00 +0900",2026-09-10 09:55:30
통신/5G,5G 산업,“국민건강 증진” “중기·저소득층 부담”…‘설탕부담금’ 찬반 엇갈...,"부담금 기준은 첨가당 함량이 100㎖당 5ｇ 이상 8ｇ 미만인 경우 1ℓ당 250원, 8ｇ 이상인 경우 1ℓ당 500원을... 영국 종합의학 학술지 ‘British Medical Journal’ 2023년 12월13일자에는 설탕 함유음료에 대한 산업부담금 도입 이후... ",https://www.nongmin.com/article/20260908500386,https://n.news.naver.com/mnews/article/662/0000103866?sid=102,"Wed, 09 Sep 2026 11:21:00 +0900",2026-09-10 09:55:30
통신/5G,5G 산업,"우리넷 주가, 급등세... 이유는?","특히 5G 고도화와 데이터 트래픽 증가로 통신망의 전송 용량 확대가 요구되고 있는 가운데, AI 데이터센터... 확대라는 산업 모멘텀에 따른 관련주로 보는 것이 적절하다. 우리넷은 광전송장비 외에도 액세스 게이트웨이... ",https://www.ggilbo.com/news/articleView.html?idxno=1180566,https://www.ggilbo.com/news/articleView.html?idxno=1180566,"Wed, 09 Sep 2026 10:50:00 +0900",2026-09-10 09:55:30
통신/5G,6G 개발,"이통 3사, 비핵심 사업 덜어낸다…'선택과 집중' 속도","지난 7월 AI 데이터센터 사업개발 전문회사 'SK하이퍼'를 설립하고 2030년까지 7500억원을 출자하기로 했다.... 정부와 이통 3사가 지난달 출범한 'AI 시대 통신망 투자 촉진 민관 협의체'에서도 5G SA와 AI-RAN, 6G 등을... ",https://www.ziksir.com/news/articleView.html?idxno=145883,https://www.ziksir.com/news/articleView.html?idxno=145883,"Thu, 10 Sep 2026 06:00:00 +0900",2026-09-10 09:55:31
통신/5G,6G 개발,떠먹는 대신 마신다… 그릭요거트의 변신,hy는 자체 개발한 특허 프로바이오틱스 3종 가운데 그릭 타입에 적합한 조합을 적용해 일반 드링크 제품보다 묵직한 질감을 구현했다. 한 병에는 단백질 6g과 식이섬유 9g이 들어 있다. 떠먹는 제품 역시 포장을 바꿔... ,https://www.kmib.co.kr/article/view.asp?arcid=9000010667&cp=nv,https://n.news.naver.com/mnews/article/005/0001871984?sid=101,"Thu, 10 Sep 2026 00:12:00 +0900",2026-09-10 09:55:31
통신/5G,6G 개발,"전남광주 반도체 시대, 완성의 열쇠는? / 주정민","생산·유통 인프라, 소재·부품·장비 중심의 생태계, 안정적인 인력 공급망, 그리고 지속 가능한 연구개발(R... 최근에는 AI 칩, 헬스케어, 자율주행, 6G, 스타트업 육성으로 연구 범위를 확장하고 있다. 특히 전체 재원 중... ",http://www.kjdaily.com/article.php?aid=1788949745686469028,http://www.kjdaily.com/article.php?aid=1788949745686469028,"Wed, 09 Sep 2026 19:36:00 +0900",2026-09-10 09:55:31
통신/5G,6G 개발,"저궤도 위성 통신 시대…통신3사, 6G 역할 커진다",KT SAT이 향후 KT 6G 통신망과 연계한 저궤도 운영 관제를 실시한다./KT SAT 저궤도(LEO) 위성통신이 또 하나의... SK텔레콤은 다중 위성 안테나 결합 기술과 AI 기반 위성 시뮬레이터 등을 개발했다. 앞서 위성 통신과 소형... ,http://www.metroseoul.co.kr/article/20260909500440,http://www.metroseoul.co.kr/article/20260909500440,"Wed, 09 Sep 2026 16:32:00 +0900",2026-09-10 09:55:31
통신/5G,6G 개발,Z 폴드8 경량화 위한 치밀한 설계… 부품 270개·부자재 180종 다시 뜯어...,"삼성전자는 갤럭시 Z 폴드8 경량화를 위해 개발자들이 부품 270여 개와 부자재 180여 종을 다시... Z 폴드7의 배터리 용량은 4400mAh인데, Z 폴드8 울트라는 배터리 용량을 5000mAh로 확대해 배터리 무게가 약 6g 증가했다.... ",https://biz.chosun.com/it-science/ict/2026/09/09/HZO4P47IQNEDTC753TFKWIYYBA/?utm_source=naver&utm_medium=original&utm_campaign=biz,https://n.news.naver.com/mnews/article/366/0001191329?sid=105,"Wed, 09 Sep 2026 15:10:00 +0900",2026-09-10 09:55:31
통신/5G,6G 개발,"&quot;일반 폰보다 가벼운 갤럭시 폴더블&quot;…'폴더블 아이폰 D-1', 삼성의 견제...",갤럭시Z폴드7 개발 당시엔 218g인 갤럭시S25 울트라보다 가벼운 215g을 목표로 삼았다. 개발팀은 &quot;폴더블도 바... 갤럭시Z폴드8 울트라는 갤럭시Z폴드7(4400mAh)보다 큰 5000mAh 배터리를 넣으면서 늘어난 약 6g을 다른 부품에서... ,https://www.hankyung.com/article/202609093654g,https://n.news.naver.com/mnews/article/015/0005330441?sid=101,"Wed, 09 Sep 2026 14:40:00 +0900",2026-09-10 09:55:31
통신/5G,6G 개발,"빛과전자, 전날 상한가 이어 3%대 상승…4일부터 상승 흐름 지속",과학기술정보통신부가 주관하는 사업을 통해 6G 프론트홀용 50G 광트랜시버 개발과 상용화를 추진하는 것으로 알려졌다. 주가 흐름도 비교적 견조하다. 빛과전자는 4일부터 9일까지 연속 상승 흐름을 이어가며... ,https://www.cbci.co.kr/news/articleView.html?idxno=605250,https://www.cbci.co.kr/news/articleView.html?idxno=605250,"Wed, 09 Sep 2026 14:10:00 +0900",2026-09-10 09:55:31
통신/5G,6G 개발,[중국 뉴스 브리핑] 2026년 9월 9일,"공업정보화부는 “정보통신산업 발전 ‘제15차 5개년(2026년~2030년)’ 계획”을 배포하고, 적절한 시기에 6G 상용화를 추진하고 6G 스마트폰을 연구·개발하는 등 26개 중점 과제를 제시했다. 2026年中???服??易交易??... ",http://kr.people.com.cn/n3/2026/0909/c203201-20497566.html,http://kr.people.com.cn/n3/2026/0909/c203201-20497566.html,"Wed, 09 Sep 2026 12:36:00 +0900",2026-09-10 09:55:31
통신/5G,6G 개발,"253g→201g…삼성 폴더블, 270개 부품 '0.001g'까지 덜어냈다","배터리 용량이 600mAh 늘면서 배터리 자체 무게도 약 6g 증가했다. 개발진은 늘어난 6g을 하나의 부품에서 한꺼번에 줄이는 대신 소재와 구조, 회로, 부자재 등 제품 곳곳에서 조금씩 덜어냈다. 부품 사이의 불필요한... ",https://www.news1.kr/it-science/mobile/6284877,https://n.news.naver.com/mnews/article/421/0009160072?sid=105,"Wed, 09 Sep 2026 12:20:00 +0900",2026-09-10 09:55:31
통신/5G,6G 개발,"코오롱인더스트리, '초저유전 소재' 승부수…mPPO 생산 역량 확대",인공지능(이하 AI)과 6세대 이동통신(이하 6G) 시장의 기대감이 커지면서 고용량 데이터의 '초고속·저지연... 허성 코오롱인더스트리 사장은 &quot;이번 김천공장 증설은 회사의 mPPO 사업이 기술 개발 단계를 넘어 본격적인... ,http://www.srtimes.kr/news/articleView.html?idxno=211988,http://www.srtimes.kr/news/articleView.html?idxno=211988,"Wed, 09 Sep 2026 11:28:00 +0900",2026-09-10 09:55:31
통신/5G,6G 개발,276g→201g…폴더블 아이폰 등판 직전 '7년 내공' 꺼낸 삼성,당시 개발팀은 대표적인 바형 플래그십인 갤럭시 S25 울트라(218g)보다 가벼운 215g을 목표로 잡았다.... 배터리 자체 무게가 약 6g 늘었지만 다른 부품과 구조에서 무게를 다시 덜어냈다. 이와 동시에 그라파이트 방열판... ,https://www.newsis.com/view/NISX20260909_0003782310,https://n.news.naver.com/mnews/article/003/0014179176?sid=105,"Wed, 09 Sep 2026 11:27:00 +0900",2026-09-10 09:55:31
통신/5G,6G 개발,"LG유플러스, 미래 인재에 노하우 전수…'유플텍플' 개최","참석자들은 LG유플러스 구성원에게 담당 업무와 직무에 필요한 역량, 경력 개발 과정 등을 물었다. 한편 LG유플러스는 AI·6G·오픈랜(O-RAN) 등 미래 핵심 기술 역량을 강화하기 위해 대학, 연구기관, 기업과의 협력을... ",https://www.financialpost.co.kr/news/articleView.html?idxno=274664,https://www.financialpost.co.kr/news/articleView.html?idxno=274664,"Wed, 09 Sep 2026 10:10:00 +0900",2026-09-10 09:55:31
통신/5G,6G 개발,&quot;AI의 속도를 소재로 받친다&quot;…코오롱인더가 키우는 새 성장축,특히 AI 가속기나 6G 통신기기처럼 대량의 데이터를 빠르게 처리해야 하는 제품에서는 저유전 소재의... 신규 소재가 개발 단계를 넘어 실제 글로벌 고객사 공급으로 이어지고 있다는 점이다. 코오롱인더스트리는 현재... ,https://www.the-pr.co.kr/news/articleView.html?idxno=62569,https://www.the-pr.co.kr/news/articleView.html?idxno=62569,"Wed, 09 Sep 2026 10:10:00 +0900",2026-09-10 09:55:31
통신/5G,6G 개발,52g 어떻게 뺐나…갤럭시 Z폴드8 '0.001g 다이어트' 이야기,배터리만 약 6g 무거워졌다. 개발진에게는 다시 숙제가 떨어졌다. '늘어난 6g을 어디에서 뺄 것인가.' 제품 곳곳에서 다시 무게를 덜어낸 결과 배터리를 키우면서도 그라파이트 방열판 체적은 약 7% 확대했다. 2억 화소... ,https://www.nocutnews.co.kr/news/6575245?utm_source=naver&utm_medium=article&utm_campaign=20260909100253,https://n.news.naver.com/mnews/article/079/0004187374?sid=101,"Wed, 09 Sep 2026 10:03:00 +0900",2026-09-10 09:55:31
통신/5G,6G 개발,[중국 특징주] 中 6G 상용화 시동…향후 2년 30% 순익 성장 기대 15개주,"연구·개발하고 있다고 밝혔다. 국가 5G·6G 밀리미터파 테스트 규격 및 표준 제정에도 참여하고 있으며, 6G 테스트 분야에 대한 선제적 투자도 확대하고 있다. 통위통신(002792.SZ) 은 5G 시대에 세계 최초로 AFU... ",https://www.newspim.com/news/view/20260909000270,https://www.newspim.com/news/view/20260909000270,"Wed, 09 Sep 2026 09:39:00 +0900",2026-09-10 09:55:31
금융,금융 주가,2분기 증시 호황에 증권사 순이익 5조원 돌파…2분기 연속 역대 최대,기업금융(IB) 부문 수수료도 27.5% 늘어난 1조2008억원으로 집계됐다. 자기매매 손익은 5조9825억원으로 전 분기보다 1조8799억원(45.8%) 증가했다. 상장지수펀드(ETF)를 포함한 주식·펀드 관련 손익은 주가... ,https://www.delighti.co.kr/news/articleView.html?idxno=121595,https://www.delighti.co.kr/news/articleView.html?idxno=121595,"Thu, 10 Sep 2026 09:54:00 +0900",2026-09-10 09:55:32
금융,금융 주가,상장사 대표가 정보 주고 기자는 특징주 기사…30억 선행매매 적발,"금감원은 박 씨가 인터넷 경제 매체 기자 A 씨 등 기자 4명과 함께 기사가 나가기 전 주식을 사고, 주가가 오르면 되파는 선행매매로 부당이득을 챙긴 것으로 의심하고 있습니다. 이 가운데 A 씨는 현재 금융감독원... ",https://news.kbs.co.kr/news/pc/view/view.do?ncd=8659803&ref=A,https://n.news.naver.com/mnews/article/056/0012254671?sid=101,"Thu, 10 Sep 2026 09:46:00 +0900",2026-09-10 09:55:32
금융,금융 주가,"이재용, 모친 홍라희 삼전 주식 1.9조 매수…상속세 대출 정리인 듯","9일 금융감독원 전자공시시스템에 따르면 이 회장은 홍 명예관장으로부터 삼성전자 보통주 718만8793주를... 홍 명예관장이 보유 주식을 시장에 대량 매도할 경우 삼성전자 주가에 부담으로 작용할 수 있는 만큼, 이... ",https://www.starnewskorea.com/business-life/2026/09/10/2026091009374683139,https://n.news.naver.com/mnews/article/108/0003469346?sid=004,"Thu, 10 Sep 2026 09:43:00 +0900",2026-09-10 09:55:32
금융,금융 주가,증권사 2분기 순익 5조1914억 역대 최대…전년比 82% 급증,기업금융(IB) 부문 수수료는 27.5%가 증가한 1조2008억원으로 집계됐다. 자기매매 손익은 5조9825억원으로 전 분기 대비 45.8% 증가했다. 상장지수펀드(ETF)를 포함한 주식·펀드 관련 손익은 주가 상승에... ,http://www.newscape.co.kr/news/articleView.html?idxno=124467,http://www.newscape.co.kr/news/articleView.html?idxno=124467,"Thu, 10 Sep 2026 09:40:00 +0900",2026-09-10 09:55:32
금융,은행 산업,적금통장에 들어온 ‘지방소멸’…은행들이 청년 붙잡기에 나선 이유,"충남에서는 주력산업 기업의 장기근속, 강원에서는 도내 기업 근무, 농협은행의 지역리턴대출에서는 수도권을 떠난 지역 이주가 각각 금융지원의 전제가 된다. 이 같은 움직임은 더 확산할 가능성이 있다. 지난 2월... ",https://www.kmib.co.kr/article/view.asp?arcid=9000010747&cp=nv,https://n.news.naver.com/mnews/article/005/0001872056?sid=101,"Thu, 10 Sep 2026 09:48:00 +0900",2026-09-10 09:55:33
금융,은행 산업,"수은, 아프리카개발은행과 AI·광물 공급망 금융지원 맞손",한국수출입은행이 아프리카개발은행(AfDB)과 '아프리카 지역 지속가능성장 및 금융협력 확대를 위한... 양 기관은 급변하는 글로벌 경제 환경에 대응하고 미래 혁신산업 촉진을 위해 인공지능(AI)·디지털전환... ,https://www.mt.co.kr/finance/2026/09/10/2026091008574540071,https://n.news.naver.com/mnews/article/008/0005411832?sid=101,"Thu, 10 Sep 2026 09:47:00 +0900",2026-09-10 09:55:33
금융,은행 산업,ESR은 안 팔고 블랙스톤은 과반…33만㎡ 물류센터 '동맹' [fn마켓워치],10일 투자은행(IB) 및 부동산업계에 따르면 블랙스톤 리얼에스테이트 파트너스가 운용하는 펀드는 프라임급 상온 물류센터 개발사업인 '산하 로지스틱스 파크 II'의 신주를 인수해 과반 지분을 확보했다. 이번 거래는... ,https://www.fnnews.com/news/202609100940558738,https://n.news.naver.com/mnews/article/014/0005573753?sid=101,"Thu, 10 Sep 2026 09:45:00 +0900",2026-09-10 09:55:33
금융,은행 산업,"농어촌공사, 조직문화 혁신 ‘클린 웨이브 시즌2’ 선포",우수상을 받은 새만금산업단지사업단은 분양업무 전 과정에서 불공정 요인을 차단한 사례를 발표했다. 전북지역본부 동진지는 농지은행에 인공지능 음성상담을 도입해 업무와 고객 서비스 개선으로 연결한 사례를... ,https://www.livesnews.com/news/article.html?no=64055,https://www.livesnews.com/news/article.html?no=64055,"Thu, 10 Sep 2026 09:44:00 +0900",2026-09-10 09:55:33
금융,은행 산업,"BS그룹ㆍKB금융그룹, 생산적 금융 확대 및 동반성장 위한 업무협약 체결","협약식에는 BS보성ㆍBS한양ㆍBS산업 등 BS그룹 3개사와 KB금융지주ㆍKB국민은행ㆍKB증권ㆍKB자산운용ㆍKB캐피탈 등 KB금융그룹 5개사가 참여했다. 주요 협력 분야는 신재생에너지와 친환경 발전플랜트, 에너지허브... ",https://www.dnews.co.kr/uhtml/view.jsp?idxno=202609091106341630241,https://www.dnews.co.kr/uhtml/view.jsp?idxno=202609091106341630241,"Thu, 10 Sep 2026 09:42:00 +0900",2026-09-10 09:55:33
금융,은행 산업,"[부산 브리핑 모음(9월10일)] 부산교육청, 교육가족과 함께 하는‘청렴...","공사는 ‘센텀2지구 도시첨단산업단지 조성사업’ 및 ‘부산대저 공공주택지구 조성사업’ 등 주요 사업의... ◆ 부산진구청 정구팀,2026년도 NH농협은행 한국실업소프트테니스 추계연맹전 전 종목 석권! 부산진구... ",https://www.dnews.co.kr/uhtml/view.jsp?idxno=202609092144144970366,https://www.dnews.co.kr/uhtml/view.jsp?idxno=202609092144144970366,"Thu, 10 Sep 2026 09:42:00 +0900",2026-09-10 09:55:33
금융,은행 산업,"부산항 개항 150주년, 세계 항만 리더 부산 집결 ‘제14회 부산국제항만...","아시아개발은행(ADB) 등 주요 국제기구의 고위급 인사들도 연사와 좌장, 패널로 참여한다. 특히 본행사에... 등 산업의 주요 현안도 집중적으로 다뤄진다. 첫날에는 ‘변동성 시대, 컨테이너 해운의 회복탄력성’... ",https://www.dnews.co.kr/uhtml/view.jsp?idxno=202609091254030450265,https://www.dnews.co.kr/uhtml/view.jsp?idxno=202609091254030450265,"Thu, 10 Sep 2026 09:42:00 +0900",2026-09-10 09:55:33
금융,은행 산업,"아톤, 이스타항공에 양자내성암호 OTP 공급…항공업계 첫 도입",그동안 은행과 증권 등 주로 금융권에 솔루션을 제공해 온 아톤은 이번 수주를 발판 삼아 비금융 영역으로... 이어 항공업계를 시작으로 여러 산업군에서 선제적 전환 사례를 지속해서 만들어가겠다고 덧붙였다.,https://www.widedaily.com/news/articleView.html?idxno=300872,https://www.widedaily.com/news/articleView.html?idxno=300872,"Thu, 10 Sep 2026 09:40:00 +0900",2026-09-10 09:55:33
금융,은행 산업,"코스피, 장초반 약세에 7000 사수전...주요종목 1%대 등락","지난 9일 서울 중구 하나은행 딜링룸 현황판에 코스피·코스닥 종가가 표시돼있다. 사진=연합뉴스... 다우존스30산업평균지수는 0.77% 내린 5만2380.66, 스탠더드앤드푸어스(S&amp;P)500 지수는 0.48% 내린 7636.36... ",http://www.opinionnews.co.kr/news/articleView.html?idxno=144240,http://www.opinionnews.co.kr/news/articleView.html?idxno=144240,"Thu, 10 Sep 2026 09:40:00 +0900",2026-09-10 09:55:33
금융,은행 산업,"환율, 유가 급등에 1340원대로…위험선호 위축",오전 6시 기준 4.5원 오른 1340.6원 아주경제=장수영 기자 swimming@ajunews.com 10일 오전 서울 중구 하나은행... 다우존스30 산업평균지수는 전 거래일보다 405.41포인트(0.77%) 내린 5만2380.66에 마감했다.... ,https://www.ajunews.com/view/20260910091619062,https://www.ajunews.com/view/20260910091619062,"Thu, 10 Sep 2026 09:38:00 +0900",2026-09-10 09:55:33
금융,은행 산업,"코스피, 중동 긴장·유가 급등에 약세...7000선 턱걸이",10일 서울 중구 하나은행 본점에서 직원들이 증시와 환율을 살피고 있다. 이날 코스피 지수는 전장보다... 9일(현지시간) 뉴욕증권거래소에서 다우존스30 산업평균지수는 전날보다 405.41포인트(0.77%) 내린 5만2380.... ,https://www.greened.kr/news/articleView.html?idxno=349720,https://www.greened.kr/news/articleView.html?idxno=349720,"Thu, 10 Sep 2026 09:36:00 +0900",2026-09-10 09:55:33
금융,은행 산업,"코스피, 유가·금리 부담에 약보합 개장","다우존스30산업평균지수는 0.77% 내린 5만2380.66, 스탠더드앤드푸어스500(S&amp;P500)지수는 0.48% 내린 7636.36... 10일(현지시간) 미국에서는 오라클 실적 발표와 8월 생산자물가지수(PPI) 발표가, 유럽에서는 유럽중앙은행... ",https://www.etnews.com/20260910000047,https://n.news.naver.com/mnews/article/030/0003465413?sid=101,"Thu, 10 Sep 2026 09:36:00 +0900",2026-09-10 09:55:33
금융,은행 산업,"루트온플러스 품은 파운트, ‘AI 풀스택 그룹’ 체제 본격화",파운트는 지난해 3월 하나은행과 퇴직연금(IRP) 로보어드바이저 일임 서비스를 출시했다. 금융 AI 미들웨어... 다양한 산업 현장에서 AI 사업을 함께 확대해 나가겠다는 뜻을 밝혔다. 강석봉 루트온플러스 대표도 기존... ,https://biz.heraldcorp.com/article/10867733?ref=naver,https://n.news.naver.com/mnews/article/016/0002695268?sid=101,"Thu, 10 Sep 2026 09:31:00 +0900",2026-09-10 09:55:33
금융,핀테크 시장,디지털자산기본법 통합안 주목…오늘 민주당 토론회,한국핀테크산업협회)를 개최할 예정이다. 디지털자산기본법은 가상자산 발행·유통·공시·상장 등 전체... 국회 안팎에서는 해외 스테이블코인 중심으로 시장이 고착화 되기 전에 원화 스테이블코인 제도 도입이... ,https://www.edaily.co.kr/News/Read?newsId=02879846645578808&mediaCodeNo=257&utm_source=naver&utm_medium=referral&utm_campaign=news_syndication&utm_content=original_article,https://n.news.naver.com/mnews/article/018/0006366629?sid=101,"Thu, 10 Sep 2026 09:03:00 +0900",2026-09-10 09:55:33
금융,핀테크 시장,"스타트업 성장판 연다…코스포, 다음 10년 '문제해결 플랫폼' 선언","코스포는 법률, 모빌리티, 핀테크, 의료, 데이터, 유통, 숙박관광, O2O(온오프라인 연계 서비스) 등 스타트업... 빨리 시장을 만나 성장할 수 있느냐에 달렸다. AI 강국의 답은 스타트업 강국&quot;이라고 했다. 배민 창업자 김봉진... ",https://www.mt.co.kr/future/2026/09/10/2026090917272080164,https://n.news.naver.com/mnews/article/008/0005411795?sid=101,"Thu, 10 Sep 2026 09:00:00 +0900",2026-09-10 09:55:33
금융,핀테크 시장,"미국이나 한국이나 “답이 없다, 주식 해야지”…청년들 ‘내 집 마련’...",올해 핀테크 회사로 이직한 그는 또래의 구직난을 보면 자신은 매우 운이 좋은 경우라고 말했다. 학위에... 주식시장에 진입하는 시점도 빨라졌다. JP모건체이스연구소 분석에 따르면 체이스은행 고객 중 22세 이후... ,https://www.sedaily.com/article/20089195?ref=naver,https://n.news.naver.com/mnews/article/011/0004660370?sid=104,"Thu, 10 Sep 2026 07:56:00 +0900",2026-09-10 09:55:33
금융,핀테크 시장,"8000억달러 라우팅한 1인치, 아직 수익 못 냈다",거래 규모가 커져도 디파이(DeFi·탈중앙화금융) 시장의 수익으로 곧바로 이어지지는 않는다는 분석이다.... 반면 라이노파이(Rhino.fi) 최고경영자 윌 하본(Will Harborne)은 일부 디파이 프로토콜이 핀테크 기업과 유사한... ,https://www.tokenpost.kr/news/cryptocurrency/405450,https://www.tokenpost.kr/news/cryptocurrency/405450,"Thu, 10 Sep 2026 07:14:00 +0900",2026-09-10 09:55:33
금융,핀테크 시장,조각투자 장외시장 개막 앞둔 ‘KDX vs 넥스체인지’⋯“상품 경쟁력이...,다수 핀테크사가 동참했다. 업계에 따르면 금융위원회는 이달 정례회의에서 두 컨소시엄의 본인가 안을 심사할 예정이다. 주식시장의 한국거래소·넥스트레이드 경쟁 구도가 조각투자 유통 시장에서도 재현되는... ,https://www.etoday.co.kr/news/view/2623592,https://www.etoday.co.kr/news/view/2623592,"Thu, 10 Sep 2026 06:02:00 +0900",2026-09-10 09:55:33
금융,핀테크 시장,디지털자산기본법 연내 입법 '안갯속'…'발행주체·지분캡' 쟁점 부상,시장과 당국 안팎에서 논란이 된 거래소 대주주 지분 제한(20% 캡)과 은행 중심의 스테이블코인 발행 요건 등... ◆ '발행 주체' 자격 둘러싼 이견…은행 독점 vs 핀테크 문호 개방 디지털자산기본법 정부안 제출이 지연되는... ,https://www.newspim.com/news/view/20260909001001,https://www.newspim.com/news/view/20260909001001,"Thu, 10 Sep 2026 06:00:00 +0900",2026-09-10 09:55:33
금융,핀테크 시장,美 암호화폐 법안 표결 직전… 통과 확률 16%로 추락,미국 암호화폐 시장 감독 권한을 규정하는 디지털 자산 시장 명확성 법안의 연내 제정 확률이 상원 표결을... 한국 핀테크 기업들도 미국 파트너사들의 법률 리스크 확대로 서비스 출시 일정을 미뤄야 하는 부담을... ,https://www.g-enews.com/view.php?ud=20260910013540276e7e8286d56_1,https://www.g-enews.com/view.php?ud=20260910013540276e7e8286d56_1,"Thu, 10 Sep 2026 05:16:00 +0900",2026-09-10 09:55:33
금융,핀테크 시장,[모닝 뉴스브리핑] 24시간 암호화폐 청산 1억5187만달러 外,"암호화폐 시장에서 24시간 동안 1억5187만달러 규모 레버리지 포지션이 청산됐다. 코인글래스... 펀드는 60개국 이상 핀테크 플랫폼을 통한 중소기업·소비자 대출에 투자할 예정이며, 외부... ",https://www.tokenpost.kr/news/briefing/405423,https://www.tokenpost.kr/news/briefing/405423,"Thu, 10 Sep 2026 05:02:00 +0900",2026-09-10 09:55:33
금융,핀테크 시장,"[긴급진단] 금융위, 조각투자 넘어 주식·채권·펀드 토큰화 추진",안정성과 시장 수요를 확인한 뒤 공모증권과 온체인 결제로 범위를 넓힌다. 조각투자는 기초자산 풀링과... 한국핀테크산업협회 등이 참여한 민·관 합동 토큰증권 협의체 3차 회의를 열고 '토큰증권 정책방향'을 공개했다.... ,https://www.newswhoplus.com/news/articleView.html?idxno=69091,https://www.newswhoplus.com/news/articleView.html?idxno=69091,"Thu, 10 Sep 2026 00:00:00 +0900",2026-09-10 09:55:33
금융,핀테크 시장,&quot;中 성장 잠재력 여전히 높아… 경제 협력 확대할 때&quot;,"반면 시장의 자율성이 떨어지고, 신산업을 펼치기 어려운 환경이다. 이와 달리 중국은 새로운 산업과 제도를 과감히 도입하고 있다. 그 결과 휴머노이드 로봇 기술 개발, 핀테크, 이차전지, 전기자동차 등 첨단 기술... ",http://www.gnmaeil.com/news/articleView.html?idxno=594563,http://www.gnmaeil.com/news/articleView.html?idxno=594563,"Wed, 09 Sep 2026 21:36:00 +0900",2026-09-10 09:55:33
금융,핀테크 시장,뉴욕증시 개장 전 특징주...에너지주·미션 프로듀스·차임파이낸셜↑ ...,◆ 차임 파이낸셜(CHYM) 핀테크 업체 차임 파이낸셜은 개장 전 거래에서 8% 넘게 상승했다. 회사가 시장 예상을 웃도는 2분기 실적을 발표한 것이 주가를 끌어올렸다. 차임은 3분기 매출을 6억8000만~6억9000만달러로... ,https://www.newspim.com/news/view/20260909001328,https://www.newspim.com/news/view/20260909001328,"Wed, 09 Sep 2026 21:27:00 +0900",2026-09-10 09:55:33
금융,핀테크 시장,"지갑 없는 시대에 카드 한 장이 2,800만원?…롤렉스 같은 VVIP '메탈카드...",모바일 결제가 대세로 자리 잡는 상황에서 오히려 '글로벌 메탈카드 시장점유율 세계 1위'를 목표로... 결제 핀테크 기업과 어울리지 않는다는 지적도 나오는데 어떤 사업을 꿈꾸고 있는 건가요? Q. 최근 주가가 부진하죠.... ,https://biz.sbs.co.kr/article_hub/20000333657?division=NAVER,https://n.news.naver.com/mnews/article/374/0000532091?sid=101,"Wed, 09 Sep 2026 18:48:00 +0900",2026-09-10 09:55:33
금융,핀테크 시장,"오픈AI '아스트라', 48단계 '난 로봇 아닙니다' 테스트 통과…인간 인증...","미국 핀테크 기반 금융 매체 벤징가 등에 따르면, 오픈AI 랩스 소속 샤리프 샤밈 연구원은 GPT-6... 글로벌 예측시장에서 주요 IT 기업의 인공일반지능(AGI) 공식 선언 시점으로 2027년 1분기를 지목하는 관측이... ",https://www.industrynews.co.kr/news/articleView.html?idxno=85773,https://www.industrynews.co.kr/news/articleView.html?idxno=85773,"Wed, 09 Sep 2026 18:26:00 +0900",2026-09-10 09:55:33
금융,핀테크 시장,"비트코인 맡길 곳이 은행이라고?…잭 도시, 가상자산 금융판 뒤흔든다",가상자산 시장에서 활동해온 핀테크 기업이 미국 연방 금융당국의 감독을 받는 은행 체계 안으로 들어가면서 전통 금융권과 가상자산 업계의 경계가 한층 흐려질 전망이다. 9일 가상자산 전문매체 디크립트에 따르면... ,https://www.pinpointnews.co.kr/news/articleView.html?idxno=485555,https://www.pinpointnews.co.kr/news/articleView.html?idxno=485555,"Wed, 09 Sep 2026 18:12:00 +0900",2026-09-10 09:55:33
금융,핀테크 시장,﻿다윈KS 'AI 신분증 판별' 美·日 이어 韓 특허 획득,블록체인 기반 핀테크 기업 다윈KS는 지난달 18일 인공지능(AI)을 활용한 신분증 위변조 판별 기술의 국내... 다윈KS는 이들 특허를 기반으로 미국 시장 진출도 추진하고 있다. 현재 하와이 금융기관들과 무인 금융 서비스... ,http://www.inews24.com/view/2003894,https://n.news.naver.com/mnews/article/031/0001056999?sid=101,"Wed, 09 Sep 2026 18:02:00 +0900",2026-09-10 09:55:33
금융,핀테크 시장,[단독]“코인거래 허용땐 법인 2030년 최대 82조 운용할 것”,"이에 법인 시장이 열리면 금융회사의 수탁·거래·자금관리뿐 아니라 결제·핀테크사의 송금·정산, 회계·세무와 보안, 자금세탁방지(AML), 데이터 등으로 수요가 확산될 수 있다는 전망이 나온다. 타이거리서치는 82조... ",https://www.sedaily.com/article/20089080?ref=naver,https://n.news.naver.com/mnews/article/011/0004660242?sid=101,"Wed, 09 Sep 2026 17:50:00 +0900",2026-09-10 09:55:33
리츠/부동산,리츠 주가,머니투데이 오프라인 헤드라인-10일,野 &quot;주가조작 재수사&quot; [오피니언] '민간영구임대'라는 해법 '용혜인 사태'의 공범자들 히말라야가 인류에게... 1년새 26%↓ 제이알리츠 '감평 논란' 英 소송 패소…회생 안갯속 다시 힘 받는 엔화…주목받는 금융·내수주,https://www.mt.co.kr/society/2026/09/10/2026090922084948470,https://n.news.naver.com/mnews/article/008/0005411735?sid=102,"Thu, 10 Sep 2026 04:30:00 +0900",2026-09-10 09:55:34
리츠/부동산,리츠 주가,"[美특징주]센터스페이스, IRT와 합병 소식에 주가 8%↑",센터스페이스 주가는 전일대비 8.40% 오른 57.14달러에 거래 중이다. CNBC에 따르면 센터스페이스와 인디펜던스 리얼티 트러스트는 주식 교환 방식의 합병을 통해 기업가치 81억달러 규모의 주거용 리츠를 출범시킬... ,https://www.edaily.co.kr/News/Read?newsId=01266086645578808&mediaCodeNo=257&utm_source=naver&utm_medium=referral&utm_campaign=news_syndication&utm_content=original_article,https://n.news.naver.com/mnews/article/018/0006366500?sid=101,"Thu, 10 Sep 2026 01:19:00 +0900",2026-09-10 09:55:34
리츠/부동산,리츠 주가,"고위험 공모펀드, 손실 이력 공개 의무화…금감원 심사 전면 강화","금감원은 오는 30일부터 해외 부동산·해외 리츠(REITs), 주가연계펀드(ELF)·파생결합펀드(DLF), 레버리지·인버스, 커버드콜, 목표전환, 금현물, 해외 재간접 등 10개 유형의 고위험 공모펀드에 '핵심위험 표준안'을 적용한다.... ",https://www.econovill.com/news/articleView.html?idxno=750314,https://www.econovill.com/news/articleView.html?idxno=750314,"Wed, 09 Sep 2026 17:06:00 +0900",2026-09-10 09:55:34
리츠/부동산,리츠 주가,"[마감시황]코스피, 33거래일 만에 7051.64 마감…반도체·배터리 강세에...","목표주가를 유지했다. 일부 고객사들이 2028년 HBM 수요로 400억Gb 이상을 제시하고 장기계약 기간... 삼성SDI는 계열사 스타플러스에 1조4294억원 규모 자금 대여를 결정했고, 제이알글로벌리츠는 영국... ",https://www.seoul.co.kr/news/economy/securities/2026/09/09/20260909500296?wlog_tag3=naver,https://n.news.naver.com/mnews/article/081/0003678573?sid=101,"Wed, 09 Sep 2026 16:04:00 +0900",2026-09-10 09:55:34
리츠/부동산,리츠 주가,"금감원, 운용사에 '투자자 우선' 강조…해외 부동산 등 고위험 펀드 통...",대상은 △해외 부동산·해외 리츠 △주가연계펀드(ELF)·파생결합펀드(DLF) △레버리지·인버스 △커버드콜 △목표전환 △금현물 △해외 재간접 등 총 10종의 고위험 펀드다. 간이투자설명서 첫 페이지에는 원본손실 위험... ,https://www.pointdaily.co.kr/news/articleView.html?idxno=318637,https://www.pointdaily.co.kr/news/articleView.html?idxno=318637,"Wed, 09 Sep 2026 14:06:00 +0900",2026-09-10 09:55:34
리츠/부동산,리츠 주가,"해외 부동산펀드 후순위 구조 손본다...금감원, 투자위험 공시 강화","적용 대상은 해외 부동산·해외 리츠를 비롯해 주가연계펀드(ELF)·파생결합펀드(DLF), 레버리지·인버스, 커버드콜, 목표전환, 금현물, 해외 재간접 등 총 10종이다. 앞으로 해당 상품의 간이투자설명서 첫 페이지에는... ",https://www.greened.kr/news/articleView.html?idxno=349605,https://www.greened.kr/news/articleView.html?idxno=349605,"Wed, 09 Sep 2026 13:53:00 +0900",2026-09-10 09:55:34
리츠/부동산,리츠 주가,"금감원, 해외 부동산펀드 ‘강제매각 구조’ 집중 심사","해외 부동산·리츠를 비롯해 주가연계펀드(ELF)·파생결합펀드(DLF), 레버리지·인버스, 커버드콜 등 고위험 펀드의 간이투자설명서 첫 페이지에 원본손실 위험 1개와 상품별 특수위험 3개 등 총 4개의 핵심위험을 기재하는... ",https://www.naeil.com/news/read/601603?ref=naver,https://www.naeil.com/news/read/601603?ref=naver,"Wed, 09 Sep 2026 13:02:00 +0900",2026-09-10 09:55:34
리츠/부동산,리츠 주가,해외 부동산펀드 ‘후순위 투자’… 설명서에 리스크 기재 의무화,"이에 금감원은 오는 30일부터 해외 부동산·리츠를 비롯해 레버리지·인버스, 주가연계펀드(ELF)·파생결합펀드(DLF), 커버드콜, 목표전환, 금현물, 해외 재간접 등 10개 유형의 고위험 펀드에 대한 증권신고서 기재를... ",https://www.munhwa.com/article/11615706?ref=naver,https://n.news.naver.com/mnews/article/021/0002817481?sid=101,"Wed, 09 Sep 2026 11:48:00 +0900",2026-09-10 09:55:34
리츠/부동산,리츠 주가,"강제매각에 원금 '0원' 될 수도…금감원, 고위험 펀드 심사 강화","금감원은 오는 30일부터 해외 부동산펀드·해외 리츠, 주가연계펀드(ELF)·파생결합펀드(DLF), 레버리지·인버스 펀드, 커버드콜, 목표전환, 금현물, 해외 재간접 등 10종의 고위험 펀드에 '핵심위험 표준안'을 적용한다.... ",http://www.newsfc.co.kr/news/articleView.html?idxno=81013,http://www.newsfc.co.kr/news/articleView.html?idxno=81013,"Wed, 09 Sep 2026 11:42:00 +0900",2026-09-10 09:55:34
리츠/부동산,리츠 주가,"“해외 부동산펀드, 원금 전액손실 가능”…당국, 투자 보호 점검","대상은 해외 부동산·해외 리츠, 주가연계펀드(ELF)·파생결합펀드(DLF), 레버리지·인버스, 커버드콜, 목표전환, 금현물, 해외 재간접 펀드다. 앞으로 이들 상품은 간이투자설명서 첫 페이지에 원본손실 위험 1개와 특수위험... ",https://biz.heraldcorp.com/article/10867562?ref=naver,https://n.news.naver.com/mnews/article/016/0002694834?sid=101,"Wed, 09 Sep 2026 11:30:00 +0900",2026-09-10 09:55:34
리츠/부동산,리츠 주가,"&quot;전액손실 위험 제대로 알린다&quot;…금감원, 해외 부동산 등 고위험펀드 심...","오는 30일부터는 해외 부동산·해외 리츠와 주가연계펀드(ELF)·파생결합펀드(DLF), 레버리지·인버스, 커버드콜 등 10종의 고위험 펀드에 ‘핵심위험 표준안’이 적용된다. 이에 따라 운용사는 간이투자설명서 첫 페이지에... ",https://www.news2day.co.kr/article/20260909500135,https://www.news2day.co.kr/article/20260909500135,"Wed, 09 Sep 2026 11:02:00 +0900",2026-09-10 09:55:34
리츠/부동산,리츠 주가,"금감원, 해외 부동산펀드 집중심사…과거 20% 초과 손실도 공개","오는 30일부터는 해외 부동산펀드·리츠와 주가연계펀드(ELF)·파생결합펀드(DLF), 레버리지·인버스 등 10종의 고위험 펀드에 '핵심위험 표준안'이 적용된다. 운용사는 간이투자설명서 첫 페이지에 원본손실 위험 1개와... ",https://www.fnnews.com/news/202609090911102277,https://n.news.naver.com/mnews/article/014/0005573114?sid=101,"Wed, 09 Sep 2026 10:03:00 +0900",2026-09-10 09:55:34
리츠/부동산,리츠 주가,"금감원 “해외 부동산펀드, 임대수익 나도 원금 전액 잃을 수 있어”","대상은 해외 부동산·해외 리츠, 주가연계펀드(ELF)·파생결합펀드(DLF), 레버리지·인버스, 커버드콜, 목표전환, 금현물, 해외 재간접 펀드다. 앞으로 이들 상품은 간이투자설명서 첫 페이지에 원본손실 위험 1개와 특수위험... ",https://biz.heraldcorp.com/article/10867199?ref=naver,https://n.news.naver.com/mnews/article/016/0002694720?sid=101,"Wed, 09 Sep 2026 10:01:00 +0900",2026-09-10 09:55:34
리츠/부동산,리츠 주가,코스피 7000 눈앞서 다시 밀려…유가·금리·통상 갈등 ‘3중 압박’,"■ 연금 기준: 퇴직연금 선택지가 상장지수펀드(ETF)와 타깃데이트펀드(TDF), 리츠, 로보어드바이저... 그는 콜옵션 매도 구조가 주가 상승분을 포기하게 만든다며, 주가 상승 잠재력을 열어둔 채 현금 흐름을... ",https://www.sedaily.com/article/20088770?ref=naver,https://n.news.naver.com/mnews/article/011/0004660005?sid=101,"Wed, 09 Sep 2026 10:01:00 +0900",2026-09-10 09:55:34
리츠/부동산,리츠 주가,해외 부동산 펀드 심사 고삐 죈다…운용사 책임 대폭 강화,"우선 오는 30일부터 해외 부동산, 리츠, 주가연계펀드(ELF), 레버리지·인버스, 커버드콜 등 10종의 고위험 펀드는 간이투자설명서 첫 페이지에 원본 손실 위험을 포함한 4개의 핵심 투자위험을 직관적으로 명시해야 한다.... ",https://www.ebn.co.kr/news/articleView.html?idxno=1723544,https://www.ebn.co.kr/news/articleView.html?idxno=1723544,"Wed, 09 Sep 2026 10:00:00 +0900",2026-09-10 09:55:34
리츠/부동산,리츠 주가,"고위험 펀드, '20% 넘는 손실이력' 공개한다…금감원 심사도 강화","대상은 해외 부동산·해외 리츠를 비롯해 주가연계펀드(ELF)·파생결합펀드(DLF), 레버리지·인버스, 커버드콜, 목표전환, 금현물, 해외 재간접 등 고위험 공모펀드다. 간이투자설명서 첫 페이지에는 핵심 투자위험 4개를... ",https://www.newsworks.co.kr/news/articleView.html?idxno=853025,https://www.newsworks.co.kr/news/articleView.html?idxno=853025,"Wed, 09 Sep 2026 10:00:00 +0900",2026-09-10 09:55:34
리츠/부동산,리츠 주가,"강제매각에 원금 ‘0원’ 될 수도…금감원, 고위험 펀드 심사 고삐","금감원은 오는 30일부터 해외 부동산펀드·해외 리츠, 주가연계펀드(ELF)·파생결합펀드(DLF), 레버리지·인버스 펀드, 커버드콜, 목표전환, 금현물, 해외 재간접 등 10종의 고위험 펀드에 ‘핵심위험 표준안’을 적용한다.... ",https://www.tfmedia.co.kr/news/article.html?no=207074,https://www.tfmedia.co.kr/news/article.html?no=207074,"Wed, 09 Sep 2026 10:00:00 +0900",2026-09-10 09:55:34
리츠/부동산,리츠 주가,"금감원, 해외 부동산펀드 등 심사 강화…'투자금 전액 손실' 명시","금감원은 오는 30일부터 해외 부동산·해외 리츠, 주가연계펀드(ELF)·파생결합펀드(DLF), 레버리지·인버스, 커버드콜, 목표전환, 금현물, 해외 재간접 등 10종의 고위험 펀드에 대한 증권신고서 개선안을 시행한다.... ",https://view.asiae.co.kr/article/2026090814373812302,https://n.news.naver.com/mnews/article/277/0005813863?sid=101,"Wed, 09 Sep 2026 10:00:00 +0900",2026-09-10 09:55:34
리츠/부동산,리츠 주가,"금감원, 운용사에 '투자자 우선' 주문…고위험 펀드 관리 강화",대상은 ▲해외 부동산·해외 리츠 ▲주가연계펀드(ELF)·파생결합펀드(DLF) ▲레버리지·인버스 ▲커버드콜 ▲목표전환 ▲금현물 ▲해외 재간접 등 총 10종의 고위험 펀드다. 간이투자설명서 첫 페이지에는 원본손실 위험... ,https://www.newspim.com/news/view/20260909000268,https://www.newspim.com/news/view/20260909000268,"Wed, 09 Sep 2026 10:00:00 +0900",2026-09-10 09:55:34
리츠/부동산,리츠 주가,퇴직연금 업고 커지는 개인용 국채…증권사도 '머니무브' 눈독,"최근 증권사들이 상장지수펀드(ETF)와 리츠, 채권, 주가연계증권(ELS) 등 퇴직연금 투자상품 라인업을 확대해온 것도 같은 맥락이다. NH투자증권이 개인투자용 국채 판매를 시작하면서 퇴직연금 내 ETF 등 다양한... ",https://news.einfomax.co.kr/news/articleView.html?idxno=4433986,https://news.einfomax.co.kr/news/articleView.html?idxno=4433986,"Wed, 09 Sep 2026 07:46:00 +0900",2026-09-10 09:55:34
리츠/부동산,부동산 시장,[오늘의 국회]2026년 9월 10일,": 제12차 전기본의 과제(의원회관 제10간담회의실) 14:00 손솔 의원실 등, 성소수자를 삭제한 혐오·차별 표현 대응 가이드북(의원회관 제2간담회의실) 14:00 임미애 의원실 등, 청년, 부동산, 자본시장의... ",https://www.dnews.co.kr/uhtml/view.jsp?idxno=202609100924029190406,https://www.dnews.co.kr/uhtml/view.jsp?idxno=202609100924029190406,"Thu, 10 Sep 2026 09:42:00 +0900",2026-09-10 09:55:35
리츠/부동산,부동산 시장,반등 한 달 만에 꺾인 서울 오피스 거래…'강남358타워' 4450억에 팔려,리츠(REITs·부동산투자회사) 시장에서는 오피스 자산 규모가 소폭 줄었다. 7월 국내 리츠 자산총액은 127조3400억원으로 전월보다 0.1% 감소했다. 이 가운데 오피스 자산은 43조6800억원으로 1.4% 줄었다. 다만 지난해... ,https://www.pinpointnews.co.kr/news/articleView.html?idxno=485681,https://www.pinpointnews.co.kr/news/articleView.html?idxno=485681,"Thu, 10 Sep 2026 09:40:00 +0900",2026-09-10 09:55:35
리츠/부동산,부동산 시장,"해진공, 폴란드서 ‘글로벌 물류·공급망 투자 지원’ 설명회","이날 설명회에서는 해진공의 주요 사업과 지원 제도를 비롯해 글로벌 물류·공급망 투자 펀드 운용 현황과 유럽 물류 부동산 시장 전망, 폴란드 주요 권역별 물류 부동산 투자·개발 사례 등이 소개됐다.... ",https://biz.heraldcorp.com/article/10868661?ref=naver,https://n.news.naver.com/mnews/article/016/0002695280?sid=102,"Thu, 10 Sep 2026 09:40:00 +0900",2026-09-10 09:55:35
리츠/부동산,부동산 시장,"李 대통령 '픽' 이광수도 돌아섰다…&quot;이대로면 폭등, 부동산 얘기 안하...","이어 &quot;이 상태로 가면 집값이 계속 올라서 부동산 시장이 혼란스러워지고, 그게 몸통을 잡을 것&quot;이라고 경고했다. 정부의 장기 주택 공급 대책에 대해서도 강한 어조로 비판했다. 이 대표는 &quot;대책이라는 게 '장기적으로 주택... ",https://www.newsis.com/view/NISX20260910_0003783773,https://n.news.naver.com/mnews/article/003/0014181269?sid=101,"Thu, 10 Sep 2026 09:31:00 +0900",2026-09-10 09:55:35
리츠/부동산,부동산 시장,[공기업 센터] 부산진해경자청·한국해양진흥공사·한국석유공사,"설명회에서는 글로벌 물류·공급망 투자 펀드 운용 현황과 유럽 물류 부동산 시장 전망, 폴란드 주요 권역별 투자·개발 사례 등이 소개됐다. 해진공은 앞으로 유럽 등 주요 지역의 우량 물류자산 발굴과 금융지원... ",http://www.iminju.net/news/articleView.html?idxno=169311,http://www.iminju.net/news/articleView.html?idxno=169311,"Thu, 10 Sep 2026 09:26:00 +0900",2026-09-10 09:55:35
리츠/부동산,부동산 시장,"은행, 벌어도 자본 못 쌓는다...주주환원·기업대출 '이중 압박'",지역 경기와 부동산 시장 부진이 수익성과 건전성을 동시에 압박하고 있다. 다만 나이스신평은 자본 부담이 당장 신용등급 하락으로 이어질 가능성은 크지 않은 것으로 봤다. 2026~2028년 평균 ROA는 시중은행 0.60... ,https://www.asiaa.co.kr/news/articleView.html?idxno=261874,https://www.asiaa.co.kr/news/articleView.html?idxno=261874,"Thu, 10 Sep 2026 09:24:00 +0900",2026-09-10 09:55:35
리츠/부동산,부동산 시장,"[비즈+]금호건설, 주거 넘어 첨단산업으로…건축 수주 영역 넓힌다",주택사업은 분양시장과 부동산 경기의 영향을 크게 받는 반면 산업시설 등은 기업의 설비투자와 정부의 산업 육성 정책에 따라 새로운 발주가 발생할 수 있기 때문이다. 금호건설 역시 기존 주거사업의 경쟁력을... ,https://www.businessplus.kr/news/articleView.html?idxno=116637,https://www.businessplus.kr/news/articleView.html?idxno=116637,"Thu, 10 Sep 2026 09:22:00 +0900",2026-09-10 09:55:35
리츠/부동산,부동산 시장,"해진공, 폴란드서 국내 기업 유럽 물류거점 확보 지원","특히 국내 제조·물류기업의 진출이 활발한 폴란드를 유럽 물류의 주요 거점으로 보고 현지 투자환경과 물류 부동산 시장 등을 집중적으로 소개했다. 해진공은 이날 주요 사업과 지원제도, 글로벌 물류·공급망 투자 펀드... ",https://www.mediapen.com/news/view/1122541,https://www.mediapen.com/news/view/1122541,"Thu, 10 Sep 2026 09:20:00 +0900",2026-09-10 09:55:35
리츠/부동산,부동산 시장,"농협전남본부, 하반기 채권관리 실무교육 실시",이번 교육은 최근 경기 불확실성 확대와 부동산 시장 회복 지연 등으로 금융권의 건전성 관리 중요성이 지속적으로 높아지는 가운데 농축협의 연체채권에 대한 체계적인 관리와 신속한 대응능력을 강화하기 위해... ,https://www.aflnews.co.kr/news/articleView.html?idxno=327852,https://www.aflnews.co.kr/news/articleView.html?idxno=327852,"Thu, 10 Sep 2026 09:08:00 +0900",2026-09-10 09:55:35
리츠/부동산,부동산 시장,"'홈즈' 박지현, 정감 있는 동네 구축 VS 삭막한 동네 초신축…선택은?",홈즈'의 서울 아파트 평균가 편은 오늘(10일) 밤 10시 방송된다. 서울 아파트 평균 매매가 16억 원 시대에 실제 매물을 통해 체감하는 '평균가'의 현실을 보여준다는 점에서 부동산 시장에 대한 흥미로운 관찰이 될 전망이다.,http://enews.imbc.com/News/RetrieveNewsInfo/517791,https://m.entertain.naver.com/article/408/0000321034,"Thu, 10 Sep 2026 09:08:00 +0900",2026-09-10 09:55:35
리츠/부동산,부동산 시장,李 대통령 '픽'한 부동산 전문가마저…이광수 &quot;이대로면 폭등&quot;,"그런데 이 대표는 이날 방송에서는 &quot;민주당이나 정부의 자세가 굉장히 안이하다&quot;며 &quot;이 상태로 가면 집값이 계속 올라서 부동산 시장이 혼란스러워지고, 그게 (여권의) 몸통을 잡을 것”이라고 부동산 정책에 대해... ",https://www.hankyung.com/article/2026091055456,https://n.news.naver.com/mnews/article/015/0005330765?sid=101,"Thu, 10 Sep 2026 09:04:00 +0900",2026-09-10 09:55:35
리츠/부동산,부동산 시장,"대우건설, 책임준공 무게중심 '정비사업'으로…반년 새 2.8조↑",대우건설은 이 같은 변화를 최근 부동산 시장 상황과 수주 구성 변화에 따른 것으로 보고 있다. 부동산 경기 둔화로 일반 개발사업이 위축된 반면 서울·수도권을 중심으로 대형 정비사업 물량이 이어지면서 정비사업... ,http://www.iminju.net/news/articleView.html?idxno=169231,http://www.iminju.net/news/articleView.html?idxno=169231,"Thu, 10 Sep 2026 08:58:00 +0900",2026-09-10 09:55:35
리츠/부동산,부동산 시장,"돌파구는 부동산?…오세훈, 李 정부와 대립각 '선명'",오 시장은 이 대통령의 부동산 시장에 대한 기본 인식부터 주택 공급 방식까지 직접 반박하며 대립각을 선명하게 세우고 있다. 대표적인 사례는 최근 이 대통령의 '집값 폭락 대비' 발언이다. 이 대통령은 지난달 30일... ,http://www.iminju.net/news/articleView.html?idxno=169290,http://www.iminju.net/news/articleView.html?idxno=169290,"Thu, 10 Sep 2026 08:58:00 +0900",2026-09-10 09:55:35
리츠/부동산,부동산 시장,“사업자대출로 부동산 매매”…5년간 유용 1167건·3891억 적발,부동산 시장 규제가 강화되면서 주택담보대출비율(LTV)과 총부채원리금상환비율(DSR) 등 엄격한 규제를 피하려는 ‘규제 우회 대출’이 성행했다는 지적이 나온다. 개인사업자 대출은 가계대출보다 한도가 높고... ,https://www.sentv.co.kr/article/view/sentv202609100007,https://www.sentv.co.kr/article/view/sentv202609100007,"Thu, 10 Sep 2026 08:56:00 +0900",2026-09-10 09:55:35
리츠/부동산,부동산 시장,"“기업대출, 가계대출 추월…은행 성장축 이동” &lt;다올투자證&gt;",가계대출은 부동산 시장과 정책 영향에 따라 변동 가능성이 있지만 기업들의 자금 수요가 이어지면서 기업대출이 상대적으로 더 빠르게 늘어날 수 있다는 분석이다. 김 연구원은 “가계대출 변동 가능성이 있어 보이나... ,https://www.news2day.co.kr/article/20260910500045,https://www.news2day.co.kr/article/20260910500045,"Thu, 10 Sep 2026 08:52:00 +0900",2026-09-10 09:55:35
리츠/부동산,부동산 시장,"해진공, 유럽에서 국내 기업의 해외 물류거점 확보 지원 강화","설명회에서는 해진공의 주요 사업과 지원 제도를 비롯해 글로벌 물류·공급망 투자 펀드 운용 현황과 유럽 물류 부동산 시장 전망, 폴란드 주요 권역별 물류 부동산 투자·개발 사례 등이 소개됐습니다. 또... ",https://news.bbsi.co.kr/news/articleView.html?idxno=4105724,https://news.bbsi.co.kr/news/articleView.html?idxno=4105724,"Thu, 10 Sep 2026 08:50:00 +0900",2026-09-10 09:55:35
리츠/부동산,부동산 시장,부동산·미술품 넘어 특허까지…토큰증권 ‘상품 부족’ 해소되나,"시장에서는 미술품과 부동산, 음원 저작권 외에도 특허 로열티 등을 기초자산 후보로 거론하고 있다. 비상장주식과 사모사채, 사모 머니마켓펀드(MMF) 등 전통 금융자산도 토큰화 대상으로 논의되고 있다.",https://www.kbmaeil.com/article/20260910500097,https://www.kbmaeil.com/article/20260910500097,"Thu, 10 Sep 2026 08:44:00 +0900",2026-09-10 09:55:35
리츠/부동산,부동산 시장,"해진공, 폴란드사 국내 기업 유럽 물류거점 금융 지원 모색","현장에서는 해진공 물류 기반 시설 지원 정책과 함께 글로벌 물류·공급망 투자 펀드 운용 현황, 유럽 물류 부동산 시장 동향, 권역별 투자·개발 사례를 공유했다. 구체적으로 삼성SRA자산운용과 캡스톤자산운용이 운용... ",https://www.dailian.co.kr/news/view/1688599/?sc=Naver,https://n.news.naver.com/mnews/article/119/0003131051?sid=101,"Thu, 10 Sep 2026 08:44:00 +0900",2026-09-10 09:55:35
리츠/부동산,부동산 시장,&quot;더는 부동산 얘기 안한다&quot;...이재명이 '픽'했던 이광수도 등 돌렸다,부동산 업계 관계자는 &quot;다주택자 규제와 실거주 의무 등 수요 억제 위주의 정책에 힘을 실어주던 전문가들이 공급 부족과 시장 불안을 이유로 연달아 돌아선 것은 현 정부 부동산 정책이 시장의 신뢰를 잃고 있다는 뚜렷한... ,https://www.fnnews.com/news/202609100804518749,https://n.news.naver.com/mnews/article/014/0005573684?sid=101,"Thu, 10 Sep 2026 08:43:00 +0900",2026-09-10 09:55:35
리츠/부동산,상업용 부동산,여의도 오피스 몸값 상승 속 '더클라브60 워크앤 스테이' 공급,상업용 부동산 종합 서비스 기업 알스퀘어의 '2026년 2분기 오피스 마켓리포트'에 따르면 하나증권은 우선매수권을 행사해 여의도 하나증권빌딩을 약 8112억원에 매입했다. 3.3㎡당 거래가격은 약 3840만원으로 YBD 거래... ,https://www.bizwork.co.kr/news/articleView.html?idxno=418894,https://www.bizwork.co.kr/news/articleView.html?idxno=418894,"Thu, 10 Sep 2026 09:00:00 +0900",2026-09-10 09:55:36
리츠/부동산,상업용 부동산,"정부, '지산' 입주업종 네거티브 전면 전환…공실 상가는 공공임대로","추진해왔지만, 부동산 시장 상황과 산업 집적 필요성을 고려하지 않은 무분별한 공급과 수요 감소라는 근본... 촬영서비스가 '상업용 사진촬영업'으로 분류돼 입주가 막혔던 사례가 대표적이다. 정부는 앞으로 제한업종만... ",http://www.inews24.com/view/2004001,https://n.news.naver.com/mnews/article/031/0001057071?sid=101,"Thu, 10 Sep 2026 08:41:00 +0900",2026-09-10 09:55:36
리츠/부동산,상업용 부동산,[현미경] 경찰이 ‘9억6500만원 사기’ 영장 보냈는데…기업은행은 금감...,기업은행은 경기 남양주 상업용 부동산을 담보로 시설자금 19억원을 추가 실행했다. 지점에서 끝난 대출도 아니었다. 본부 심사와 담보 승인까지 거쳤다. 이 대출도... ,http://www.breaknews.com/1235540,http://www.breaknews.com/1235540,"Thu, 10 Sep 2026 08:30:00 +0900",2026-09-10 09:55:36
리츠/부동산,상업용 부동산,[이슈체크] 30억→173억·48억→182억…은행권 뚫은 '이면계약' 대출사기...,"최근 2년여간 수도권 상업용 부동산을 대상으로 확인된 관련 금융사고만 136건, 사고금액은 1091억1000만원에 달한다. 은행권에서만 57건, 504억9000만원 규모의 사고가 확인됐다. 특히 사고가 처음 발견된 뒤 은행들의... ",https://www.thepublic.kr/news/articleView.html?idxno=317641,https://www.thepublic.kr/news/articleView.html?idxno=317641,"Thu, 10 Sep 2026 07:52:00 +0900",2026-09-10 09:55:36
리츠/부동산,상업용 부동산,"'내부통제 구멍' 기업은행, 대출사기 영장받고도 몰라","IBK기업은행은 같은달 24일, 경기 남양주 상업용 부동산을 담보로 19억원을 추가 대출했다. 이 역시 대출 사기였다. 해당 대출은 본부의 담보·여신 심사와 승인을 거쳤으며 이후 압수수색 대상에 포함돼 전액... ",http://www.hansbiz.co.kr/news/articleView.html?idxno=863602,http://www.hansbiz.co.kr/news/articleView.html?idxno=863602,"Thu, 10 Sep 2026 07:32:00 +0900",2026-09-10 09:55:36
리츠/부동산,상업용 부동산,국세청 상가 기준시가 공시업무 &quot;10년째 국토부로 이관 안 해&quot;,이상의 상업용 건물에 대한 기준시가를 `05년부터 현재까지 국토교통부와 별도로 산정·고시해 왔다. 그런데 '부동산 가격공시에 관한 법률'이 `16년 1월19일 전부 개정돼 국토교통부장관이 비주거용 집합부동산의... ,https://www.sejungilbo.com/news/articleView.html?idxno=60029,https://www.sejungilbo.com/news/articleView.html?idxno=60029,"Thu, 10 Sep 2026 07:20:00 +0900",2026-09-10 09:55:36
리츠/부동산,상업용 부동산,"부동산PF 지고, 데이터센터PF 뜬다… 금투업계 돈 몰려","부동산 프로젝트파이낸싱(PF) 시장 침체가 이어지는 가운데, 금융투자업계가 인공지능(AI) 산업 확대로... 데이터센터에너지효율협회에 따르면 국내 상업용 데이터센터는 2024년 약 45개(700MW)에서 2027년 74개(1850MW)까지... ",https://it.chosun.com/news/articleView.html?idxno=2023092169768,https://it.chosun.com/news/articleView.html?idxno=2023092169768,"Thu, 10 Sep 2026 06:30:00 +0900",2026-09-10 09:55:36
리츠/부동산,상업용 부동산,호텔로 눈 돌린 마스턴…“고금리에도 현금흐름 키울 자산 찾는다” [상...,위축된 상업용부동산 시장에서 호텔에 대한 적극적인 투자에 나섰다. 외국인 관광객 증가와 신규 공급 부족으로 호텔의 투자 매력도가 커진 데 따른 전략적 행보다. 단순히 호황에 기대 무분별한 투자를 집행하기보다... ,https://www.etoday.co.kr/news/view/2623580,https://www.etoday.co.kr/news/view/2623580,"Thu, 10 Sep 2026 05:54:00 +0900",2026-09-10 09:55:36
리츠/부동산,상업용 부동산,"기업은행, 182억 대출사기 영장 받고도 뒤늦게 인지… 사고 보고 후 19억...","금감원 보고 후 2주 뒤인 24일에는 경기 남양주 상업용 부동산을 담보로 19억원의 시설자금 대출이 추가로 실행됐다. 이 대출 역시 사기와 관련된 것으로 의심됐으며, 이후 연체가 발생해 전액이 사고 관련 금액으로... ",https://www.cbci.co.kr/news/articleView.html?idxno=605067,https://www.cbci.co.kr/news/articleView.html?idxno=605067,"Thu, 10 Sep 2026 00:10:00 +0900",2026-09-10 09:55:36
리츠/부동산,상업용 부동산,"기업은행, 영장 받고도 사기 몰라 ‘추가 대출’",특히 금융사고를 인지한 후에도 다른 지점에서 지난해 12월24일 경기 남양주 상업용 부동산을 담보로 시설자금 19억원 대출을 실행했다. 경찰 수사가 확대되면서 사고 규모는 지난달 182억2100만원으로 늘었다. 관련... ,https://www.khan.co.kr/article/202609092042005,https://n.news.naver.com/mnews/article/032/0003469478?sid=101,"Wed, 09 Sep 2026 20:42:00 +0900",2026-09-10 09:55:36
리츠/부동산,상업용 부동산,영장 받고도 몰랐다…기업은행 182억 대출사기 내부통제 '구멍',기업은행은 지난해 10월 24일 경기 남양주시 상업용 부동산을 담보로 시설자금 19억원을 대출했다. 본부 승인 절차까지 거쳤지만 이후 경찰 압수수색 대상에 포함됐고 연체가 발생하면서 19억원 전액이 사고 관련... ,https://www.ajunews.com/view/20260909180748476,https://www.ajunews.com/view/20260909180748476,"Wed, 09 Sep 2026 18:14:00 +0900",2026-09-10 09:55:36
리츠/부동산,상업용 부동산,홈플러스 '굿컴퍼니' 전략…1.4조 점포 매각 관건,그러나 대형마트 점포는 일반 상업용 부동산보다 거래 구조가 복잡하다. 대규모 토지와 건축물을 함께 매입해야 하는 데다 주상복합·오피스·물류시설 등으로 개발하려면 용도 변경과 인허가가 필요할 수 있다. 점포별... ,http://www.hansbiz.co.kr/news/articleView.html?idxno=863612,http://www.hansbiz.co.kr/news/articleView.html?idxno=863612,"Wed, 09 Sep 2026 18:00:00 +0900",2026-09-10 09:55:36
리츠/부동산,상업용 부동산,"&quot;소비자와 직접 만날 공간 필요 … AI·헬스케어·교육 기업, 오피스 수...","상업용 부동산 아웃룩 美 뉴욕 부동산 거물 모이니안 사무용 건물, 주거전환도 급증 AI 데이터센터 잠재력에 주목 부동산은 버텨내는 힘이 중요 과도한 투자 레버리지는 금물 &quot;팬데믹 초기에 재택근무가 확산하면서... ",https://www.mk.co.kr/article/12148594,https://n.news.naver.com/mnews/article/009/0005732917?sid=101,"Wed, 09 Sep 2026 17:49:00 +0900",2026-09-10 09:55:36
리츠/부동산,상업용 부동산,"기업은행, 압수수색 영장 받고도 '깜깜'…182억 대출사기","대출 담보는 경기 남양주의 상업용 부동산이었다. 이 대출은 본부 심사를 거쳤지만 이후 같은 사기 수사의 대상에 포함됐고, 대출금 전액이 연체 처리되면서 사고 금액에 추가됐다. 이에 대해 기업은행 관계자는 &quot;사고... ",https://www.mdtoday.co.kr/news/articleView.html?idxno=611440,https://www.mdtoday.co.kr/news/articleView.html?idxno=611440,"Wed, 09 Sep 2026 17:30:00 +0900",2026-09-10 09:55:36
리츠/부동산,상업용 부동산,"기업은행, ‘사기 영장’ 받고도 사고 몰랐다…이후 19억 추가대출",이번 사건은 시행사와 브로커 등이 명의상 수분양자와 허위 서류를 동원해 수도권 상업용 부동산 대출을 받은 이른바 ‘작업 대출’이다. 이런 유형의 금융사고는 은행과 상호금융권에서 1091억1000만원 규모로... ,https://www.edaily.co.kr/News/Read?newsId=04303366645578480&mediaCodeNo=257&utm_source=naver&utm_medium=referral&utm_campaign=news_syndication&utm_content=original_article,https://n.news.naver.com/mnews/article/018/0006366354?sid=101,"Wed, 09 Sep 2026 17:05:00 +0900",2026-09-10 09:55:36
리츠/부동산,상업용 부동산,"'182억 대출사기' 당한 기업은행, 사기범 압수수색 영장 받고도 또 대출",기업은행은 금감원에 금융사고를 보고한 뒤인 지난해 10월 24일에도 경기 남양주 상업용 부동산을 담보로 19억 원을 추가 대출했다. 해당 대출도 이후 경찰 수사 대상에 포함됐고 전액 사고 관련 금액으로 분류됐다.... ,https://www.hankookilbo.com/news/article/A2026090913200005706?did=NA,https://n.news.naver.com/mnews/article/469/0000953110?sid=101,"Wed, 09 Sep 2026 17:00:00 +0900",2026-09-10 09:55:36
리츠/부동산,상업용 부동산,"&quot;경찰 영장도, 자체검사도 못 잡았다&quot;…182억 날린 IBK 기업은행 '나사 ...",기업은행은 금감원에 금융사고를 보고한 지 2주 뒤인 지난해 10월 24일 경기 남양주의 상업용 부동산을 담보로 19억원의 시설자금 대출을 추가 실행했다. 해당 대출은 본부의 담보 승인과 여신심사를 거쳤지만 이후 경찰... ,http://www.smarttimes.co.kr/news/articleView.html?idxno=48813,http://www.smarttimes.co.kr/news/articleView.html?idxno=48813,"Wed, 09 Sep 2026 16:46:00 +0900",2026-09-10 09:55:36
건설/인프라,건설 주가,유가 뛰자 아스콘주 들썩…한국석유 17% 급등,"유진기업은 건자재 유통과 레미콘 등 건설 관련 사업을 영위하고 있어 인프라 투자 확대에 대한 기대가 주가에 영향을 주는 모습이다. 엔피케이와 스페코, 아이티센씨티에스가 하락세를 보이는 가운데 HC보광산업과 SG은... ",https://www.pinpointnews.co.kr/news/articleView.html?idxno=485689,https://www.pinpointnews.co.kr/news/articleView.html?idxno=485689,"Thu, 10 Sep 2026 09:46:00 +0900",2026-09-10 09:55:36
건설/인프라,건설 주가,도시철도 2호선 7·10공구 재발주 내년 상반기 추진,5차례 유찰된 광주 도시철도 2호선 2단계 7·10공구의 재발주가 내년 상반기에 이뤄질 전망입니다. 도시철도건설본부는 전남광주통합특별시의회 도시철도건설본부 결산 심사에 참석해 반복 유찰된 두 공구의 보완 설계를... ,https://www.ikbc.co.kr/article/view/kbc202609100009,https://n.news.naver.com/mnews/article/660/0000116909?sid=100,"Thu, 10 Sep 2026 09:28:00 +0900",2026-09-10 09:55:36
건설/인프라,건설 주가,"[모닝 리포트] 한국가스공사, 해외사업 이익 90% 뛴다…미수금 회수 땐...",함께 주가가 추가로 재평가될 수 있다는 분석이다. 10일 유안타증권은 한국가스공사에 대한 커버리지를... 캐나다 키티맷 LNG액화플랜트 건설 현장 모습 [사진=한국가스공사] 2026.06.05 [사진=뉴스핌DB] 유안타증권은... ,https://www.newspim.com/news/view/20260910000126,https://www.newspim.com/news/view/20260910000126,"Thu, 10 Sep 2026 09:08:00 +0900",2026-09-10 09:55:36
건설/인프라,건설 주가,"[모닝 리포트] 'AI 데이터센터 연결 수혜'…RF머트리얼즈, 2027년까지 고...","데이터센터 건설 지연 이슈와도 거리가 있다는 분석이다. 밸류에이션 부담은 제한적이라는 평가다. 전일 RF머트리얼즈 주가가 23% 급등했지만, 2027년 예상 주가수익비율(PER)은 33배 수준으로 추정된다. 이는... ",https://www.newspim.com/news/view/20260910000117,https://www.newspim.com/news/view/20260910000117,"Thu, 10 Sep 2026 08:48:00 +0900",2026-09-10 09:55:36
건설/인프라,건설 주가,"[모닝 리포트] &quot;한국전력, 원전 가동률 1%p 오르면 영업익 4600억↑&quot;",10일 유안타증권은 한국전력에 대한 커버리지를 개시하고 투자의견 '매수'와 목표주가 4만7000원을... 최근 논의되는 미국 원전 건설 프로젝트도 중장기 상승 요인으로 제시했다. 정부가 2027년 예산안에 한국전력... ,https://www.newspim.com/news/view/20260910000099,https://www.newspim.com/news/view/20260910000099,"Thu, 10 Sep 2026 08:41:00 +0900",2026-09-10 09:55:36
건설/인프라,건설 주가,[ABC뉴스 칼럼] 최태원 SK 회장은 '허풍선이'였나,"주가가 움직이고 경쟁사가 계산기를 두드린다. 수조원이 걸린 반도체 사업이라면 더하다. 최태원 SK그룹... 연구개발과 공급망 공유, 일본 내 공장 건설 가능성까지 언급했다. 키옥시아를 &quot;많은 강점을 가진 회사&quot;라고... ",https://www.abcn.kr/news/articleView.html?idxno=91594,https://www.abcn.kr/news/articleView.html?idxno=91594,"Thu, 10 Sep 2026 08:36:00 +0900",2026-09-10 09:55:36
건설/인프라,건설 주가,"수주 근거는 두산, 주가는 한전기술…원전 수혜株는 어디로",반면 한전기술은 종합설계 일부에 그쳐 수주가 없거나 있어도 0~5000억원 수준일 것으로 봤다. 또한 APR1400 건설 시에는 수혜 규모가 더 커질 수 있다며 두산에너빌리티의 예상 수주 금액은 1기당 2조5000억~3조원... ,http://www.metroseoul.co.kr/article/20260910500016,http://www.metroseoul.co.kr/article/20260910500016,"Thu, 10 Sep 2026 08:06:00 +0900",2026-09-10 09:55:36
건설/인프라,인프라 산업,"우주에서 찍고 AI가 실시간 해독…한화시스템, 차세대 '우주 AI 솔루션'...",한화시스템은 현지시간 9일 폴란드 키엘체에서 열린 동유럽 최대 방위산업 전시회 ‘MSPO 2026’에서 글로벌... 독자적 ‘우주-지상 융합 인프라’를 완성하고 글로벌 방산·우주 시장을 선도해 나갈 것”이라고 밝혔다.,https://www.smarttoday.co.kr/ko-kr/articles/111419,https://www.smarttoday.co.kr/ko-kr/articles/111419,"Thu, 10 Sep 2026 09:54:00 +0900",2026-09-10 09:55:37
건설/인프라,인프라 산업,"에스원, R&amp;D 11.6% 늘려 135억 투자…'국방용 보안'까지 기술영토 넓힌다","보안산업에서 확보할 수 있는 부가가치와 시장의 폭 자체를 키우는 모습이다. 특히 에스원의 강점은 이미... 시큐리티사업부와 인프라사업부, R&amp;D센터에 미래혁신센터를 더해 미래 성장기술과 신규 사업을 발굴하기... ",https://www.upkoreanews.kr/news/articleView.html?idxno=100171,https://www.upkoreanews.kr/news/articleView.html?idxno=100171,"Thu, 10 Sep 2026 09:52:00 +0900",2026-09-10 09:55:37
건설/인프라,인프라 산업,"한화시스템, '우주 AI 솔루션' 해외서 첫 공개",한화시스템은 지난 9일(현지시간) 폴란드 키엘체에서 열린 방위산업 전시회 'MSPO 2026'에서 '우주 AI 솔루션... 융합 인프라'를 완성하고 글로벌 방산·우주 시장을 선도해 나갈 것&quot;이라고 밝혔다. [뉴스드림],http://www.newsdream.kr/news/articleView.html?idxno=117845,http://www.newsdream.kr/news/articleView.html?idxno=117845,"Thu, 10 Sep 2026 09:52:00 +0900",2026-09-10 09:55:37
건설/인프라,인프라 산업,"한화시스템, 차세대 위성영상 분석 기술 첫 공개","융합 인프라’를 완성하고 글로벌 방산·우주 시장을 선도해 나갈 것”이라고 덧붙였다. 한편, 이번 MSPO 2026에서는 한화에어로스페이스, 한국항공우주산업(KAI), LIG 디펜스&amp;에어로스페이스, 현대로템 등도 참석했다.... ",https://biz.heraldcorp.com/article/10868699?ref=naver,https://n.news.naver.com/mnews/article/016/0002695296?sid=101,"Thu, 10 Sep 2026 09:50:00 +0900",2026-09-10 09:55:37
건설/인프라,건설 수주,신동아건설 부산 범천동 주택정비사업 수주,총 공사비는 약 2500억원 수준이다. 신동아건설은 올해 들어 소규모 및 도심 정비사업 수주에 속도를 내고 있다. 6월 경기도 안양 비산동 가로주택정비사업(503억원)을 시작으로 최근 서울 송파구 풍납동... ,https://www.naeil.com/news/read/601761?ref=naver,https://www.naeil.com/news/read/601761?ref=naver,"Thu, 10 Sep 2026 09:52:00 +0900",2026-09-10 09:55:38
건설/인프라,건설 수주,"[현장] &quot;신축 아니었어요?&quot;… 입주 시작된 리모델링, 노후 주택 해법으...","포스코이앤씨는 총 46개 단지, 14조 원 규모의 리모델링 사업지를 수주했다. 이미 60여 곳의 협력사를 확보했고, 리모델링 전용 공법과 특허도 완성한 상태다. 특히 건설사 중에서는 유일하게 2012년부터 리모델링 전담... ",https://www.meconomynews.com/news/articleView.html?idxno=201453,https://www.meconomynews.com/news/articleView.html?idxno=201453,"Thu, 10 Sep 2026 09:50:00 +0900",2026-09-10 09:55:38
건설/인프라,건설 수주,"포스코이앤씨, 리모델링 누적 수주 14.3조원…46개 단지로 업계 선두",2014년 시장에 진출한 이후 현재까지 46개 단지에서 약 14조3000억원 규모의 사업을 수주했다. 최근 3년간... 기존 구조물을 활용하기 때문에 건설 폐기물과 탄소 배출량도 절반 가까이 줄일 수 있다는 게 회사 측 설명이다.... ,https://www.mediafine.co.kr/news/articleView.html?idxno=89371,https://www.mediafine.co.kr/news/articleView.html?idxno=89371,"Thu, 10 Sep 2026 09:48:00 +0900",2026-09-10 09:55:38
건설/인프라,건설 수주,"포스코이앤씨, 리모델링 '초격차'…46개 단지·14조 수주 경쟁력 입증","원의 수주 실적을 기록했다. 최근 3년간 수주액만 약 5조4000억 원에 이른다. 리모델링 사업을 일찌감치... 기존 구조물을 활용하기 때문에 재건축보다 사업 기간을 단축할 수 있고, 기존 골조를 철거하지 않아 건설... ",https://www.mediapen.com/news/view/1122581,https://www.mediapen.com/news/view/1122581,"Thu, 10 Sep 2026 09:48:00 +0900",2026-09-10 09:55:38
건설/인프라,건설 수주,"포스코이앤씨, 누적 수주 14조3000억…리모델링 시장 '독주' 이어간다",3년간 수주액만 5조4000억원에 이른다. 이러한 실적은 대형 프로젝트를 잇달아 따낸 결과다. 포스코이앤씨는... 기존 골조를 재활용하는 만큼 건설 폐기물과 탄소 배출도 절반 가까이 절감할 수 있다. 정부 역시... ,http://www.ftoday.co.kr/news/articleView.html?idxno=365163,http://www.ftoday.co.kr/news/articleView.html?idxno=365163,"Thu, 10 Sep 2026 09:46:00 +0900",2026-09-10 09:55:38
건설/인프라,건설 수주,"한전, 금융조달 역량과 탄소저감형 발전사업 경쟁력 인정받았다","단순 발전사업 수주를 넘어 장기 전력판매계약(PPA)을 기반으로 안정적인 수익을 확보하고, 탄소포집 기술... 이번 수상은 한전의 해외사업 전략이 과거의 단순 발전소 건설·운영을 넘어 사업개발, 프로젝트 금융... ",https://www.energydaily.co.kr/news/articleView.html?idxno=203070,https://www.energydaily.co.kr/news/articleView.html?idxno=203070,"Thu, 10 Sep 2026 09:46:00 +0900",2026-09-10 09:55:38
건설/인프라,건설 수주,"쌍용건설, 돈암동 574가구 주택사업 수주…공사비 2150억원",쌍용건설이 서울 주택사업에서 수주 보폭을 넓히고 있다. 가로주택정비와 모아타운 등에 이어 성북구 역세권 지역주택사업 시공권을 확보했다. 돈암동 역세권 지역주택사업 조감도 [자료=쌍용건설] 10일 쌍용건설은... ,https://www.newspim.com/news/view/20260910000264,https://www.newspim.com/news/view/20260910000264,"Thu, 10 Sep 2026 09:46:00 +0900",2026-09-10 09:55:38
건설/인프라,건설 수주,"금호건설, 복합개발·첨단산업 수주…포트폴리오 다각화","첨단산업 분야에서는 삼성전자 플랙트 한국공장 신축공사를 수주했다. 금호건설은 삼성전자가 인수한 독일 플랙트그룹의 국내 핵심 생산시설을 짓는다. 전남광주통합특별시 북구에 지상 1층, 연면적 2만3588... ",https://www.newsis.com/view/NISX20260910_0003783791,https://n.news.naver.com/mnews/article/003/0014181341?sid=101,"Thu, 10 Sep 2026 09:42:00 +0900",2026-09-10 09:55:38
건설/인프라,건설 수주,"금호건설, 건축 수주 다각화…첨단 산업시설까지 영역 확대",금호건설은 지난 7월 서울주택도시개발공사(SH)가 발주한 약 3506억원 규모의 ‘장지차고지 입체화사업’을 수주했다. 금호건설 지분은 50%다. 장지차고지 입체화사업은 기존 버스공영차고지 기능을 유지하면서 상부... ,https://www.edaily.co.kr/News/Read?newsId=02997926645578808&mediaCodeNo=257&utm_source=naver&utm_medium=referral&utm_campaign=news_syndication&utm_content=original_article,https://n.news.naver.com/mnews/article/018/0006366661?sid=101,"Thu, 10 Sep 2026 09:42:00 +0900",2026-09-10 09:55:38
건설/인프라,건설 수주,"신동아건설, 부산 범천동 가로주택정비사업 수주","지난 6월 경기 안양 비산동 가로주택정비사업(503억원)을 시작으로, 최근 서울 송파구 풍납동 가로주택정비사업(540억원)을 연이어 수주했다. 신동아건설은 이번 부산 범천1구역을 포함해 올해 정비사업에서만 총... ",https://www.dnews.co.kr/uhtml/view.jsp?idxno=202609100939327510409,https://www.dnews.co.kr/uhtml/view.jsp?idxno=202609100939327510409,"Thu, 10 Sep 2026 09:42:00 +0900",2026-09-10 09:55:38
건설/인프라,건설 수주,대우건설 '오픈 이노베이션 데이'…스타트업과 협업 본격화,한편 대우건설은 최근 4134억원 규모의 서울 노원구 상계동 상계2구역 주택재개발정비사업을 수주했다. 대우건설은 상계동 일원 주택재개발정비사업조합과 공사도급계약을 체결했다고 지난 8일 공시했다. 공사도급... ,https://www.financialpost.co.kr/news/articleView.html?idxno=274882,https://www.financialpost.co.kr/news/articleView.html?idxno=274882,"Thu, 10 Sep 2026 09:40:00 +0900",2026-09-10 09:55:38
건설/인프라,건설 수주,"주차빌딩부터 첨단 공장까지…금호건설, 건축 포트폴리오 다각화",금호건설이 주거 중심의 사업 구조에서 벗어나 도심 복합개발과 첨단 산업시설 등으로 건축 부문 수주 포트폴리오를 넓혀가고 있다. 금호건설은 최근 킨텍스 주차복합빌딩 건립사업을 비롯해 장지차고지 입체화사업... ,http://www.newsdream.kr/news/articleView.html?idxno=117857,http://www.newsdream.kr/news/articleView.html?idxno=117857,"Thu, 10 Sep 2026 09:38:00 +0900",2026-09-10 09:55:38
건설/인프라,건설 수주,"[비즈+]포스코이앤씨, 리모델링 누적 수주 14조원…수도권 사업 확대",업계에서 리모델링 수주 실적이 가장 많은 건설사라는 게 회사 측 설명이다. 리모델링은 기존 건축물의 주요 구조체를 유지하면서 주거공간과 설비 등을 개선하는 방식이다. 준공 후 상당 기간이 지난 아파트가... ,https://www.businessplus.kr/news/articleView.html?idxno=116642,https://www.businessplus.kr/news/articleView.html?idxno=116642,"Thu, 10 Sep 2026 09:38:00 +0900",2026-09-10 09:55:38
음식료/식품,식품 주가,"신송홀딩스 주가, 급등세... 무슨 회사길래?","신송홀딩스 신송홀딩스 주가가 급등 중이다. 10일 오전 9시 35분 KRX 기준 신송홀딩스는 전 거래일 대비 11.59... 지난 2012년 1월 지주회사로 전환했으며, 현재 신송식품과 신송산업 등을 자회사로 두고 있다. 신송홀딩스... ",https://www.ggilbo.com/news/articleView.html?idxno=1180845,https://www.ggilbo.com/news/articleView.html?idxno=1180845,"Thu, 10 Sep 2026 09:36:00 +0900",2026-09-10 09:55:38
음식료/식품,식품 주가,"디알텍, 수술용 엑스레이의 美FDA 인증 소식에 '급등'",의료기기 업체인 디알텍의 주가가 급등하고 있다. 수술용 엑스레이 ‘엑스트론6’에 대해 미 식품의약국(FDA)의 인증을 받았다고 밝힌 영향이다. 10일 오전 9시16분 현재 디엘텍은 전일 대비 1270원(26.46%) 오른 9890원에... ,https://www.hankyung.com/article/2026091056576,https://n.news.naver.com/mnews/article/015/0005330775?sid=101,"Thu, 10 Sep 2026 09:22:00 +0900",2026-09-10 09:55:38
음식료/식품,식품 주가,"샘표, 자사주 30% 소각 결정에 상한가",기대가 주가를 끌어올린 것으로 풀이된다. 한국거래소는 전날 주식 소각 10% 이상을 사유로 샘표의 매매거래를 정지했으며 이날 오전 9시 거래가 재개됐다. 샘표는 샘표식품 등을 자회사로 둔 지주회사다.... ,https://www.hankyung.com/article/2026091056426,https://n.news.naver.com/mnews/article/015/0005330772?sid=101,"Thu, 10 Sep 2026 09:17:00 +0900",2026-09-10 09:55:38
음식료/식품,식품 주가,"김승원 후보자 연루 제넨셀, 100억대 사기 혐의 경찰 수사",당시 세종메디칼은 제넨셀의 최대주주가 됐다. 세종메디칼은 이 과정에서 강씨가 투자 판단에 필요한... 김승원 법무부 장관 후보자는 2021년 브로커 양모씨를 통해 제넨셀 대표 강씨의 청탁을 받고 당시 김강립 식품의약... ,http://www.newsprime.co.kr/news/article.html?no=747156,http://www.newsprime.co.kr/news/article.html?no=747156,"Thu, 10 Sep 2026 09:16:00 +0900",2026-09-10 09:55:38
음식료/식품,식품 주가,"[특징주]디알텍, 수술용 엑스레이 '엑스트론6' 미 FDA 인증에 19.79% 큰 폭...",정형외과 수술용 엑스레이 신제품이 미국 식품의약국(FDA) 인증을 받았다는 소식에 디알텍 주가가 큰 폭으로 올랐다. 10일 한국거래소(KRX)에 따르면 오전 9시 11분 현재 디알텍은 전 거래일보다 950원(19.79%) 오른 5... ,https://www.namdonews.com/news/articleView.html?idxno=922928,https://www.namdonews.com/news/articleView.html?idxno=922928,"Thu, 10 Sep 2026 09:16:00 +0900",2026-09-10 09:55:38
음식료/식품,식품 주가,"KB증권 &quot;한미약품, 로슈 기술이전으로 신약가치 재평가…목표가 65만원...","KB증권은 HM17321의 신약가치를 기업가치에 새로 반영해 목표주가를 상향하고, 후속 연구개발 성과가... KB증권은 근감소를 동반한 비만 치료제에 대해 미국 식품의약국(FDA)의 승인 근거와 임상 평가변수가 아직... ",http://www.press9.kr/news/articleView.html?idxno=82501,http://www.press9.kr/news/articleView.html?idxno=82501,"Thu, 10 Sep 2026 09:16:00 +0900",2026-09-10 09:55:38
음식료/식품,식품 주가,"샘표 주가, 상한가... 왜?",사진=샘표식품 샘표 주가가 상한가를 기록 중이다. 10일 오전 9시 14분 KRX 기준 샘표는 전 거래일 대비 29.99%(1만2850원) 상승한 5만5700원에 거래 중이다. 샘표는 지난 9일 이사회를 열고 보통주 86만332주를 소각하기로... ,https://www.ggilbo.com/news/articleView.html?idxno=1180834,https://www.ggilbo.com/news/articleView.html?idxno=1180834,"Thu, 10 Sep 2026 09:16:00 +0900",2026-09-10 09:55:38
음식료/식품,식품 주가,"내수 살아나고 원화도 강해졌다…음식료株, 3분기부터 ‘진짜 옥석가리...","1분기에도 KT&amp;G와 농심, 롯데칠성, 롯데웰푸드, 삼양식품, 빙그레 등이 시장 기대치를 웃돌았다. 다만 당시 증시 자금이 반도체로 강하게 쏠리면서 음식료주의 실적 개선이 주가에 충분히 반영되지 못했다. 이제 내수... ",https://www.thepowernews.co.kr/view.php?ud=202609091332122009de3f0aa1be_7,https://www.thepowernews.co.kr/view.php?ud=202609091332122009de3f0aa1be_7,"Thu, 10 Sep 2026 09:10:00 +0900",2026-09-10 09:55:38
음식료/식품,식품 주가,"케이시스제너럴스토어스, 실적 공개 후 14%대 폭락 [뉴욕증시 무버]","조리식품과 음료, 식료품, 일반 상품 판매량 역시 팩트셋 전망치를 밑돌았다. 대런 레벨레즈 최고경영자... 다만 윌리엄블레어 애널리스트들은 보고서에서 “주가 급락은 과하다”며 “부진한 연료와 식료품... ",https://www.etoday.co.kr/news/view/2623836,https://www.etoday.co.kr/news/view/2623836,"Thu, 10 Sep 2026 08:44:00 +0900",2026-09-10 09:55:38
음식료/식품,식품 주가,김승원 둘러싼 의혹들과 해명...청문회 넘을 수 있을까? [앵커리포트],"[김승원 / 법무부 장관 후보자, 지난 7일 : 결론적으로 저는 식품의약품안전처에 부정한 청탁을 한 적이 없고... 김 후보자 측은 주가조작은 외부 세력의 불법 개입 때문이라며, 주가 폭락도 식약처에 연락한 때보다 9개월... ",https://www.ytn.co.kr/_ln/0101_202609100840066055,https://n.news.naver.com/mnews/article/052/0002405088?sid=100,"Thu, 10 Sep 2026 08:40:00 +0900",2026-09-10 09:55:38
음식료/식품,식품 주가,"[모닝 리포트] &quot;한미약품, 로슈 기술 이전으로 R&amp;D 경쟁력 입증&quot;",투자의견 '매수'를 유지하고 목표주가는 기존 58만원에서 65만원으로 12.1% 상향했다. 목표주가 상향에는... 다만 근감소 비만 치료제 분야의 미국 식품의약국(FDA) 승인 기준과 평가변수가 아직 확립되지 않았다는... ,https://www.newspim.com/news/view/20260910000070,https://www.newspim.com/news/view/20260910000070,"Thu, 10 Sep 2026 08:35:00 +0900",2026-09-10 09:55:38
음식료/식품,식품 주가,"“한미약품, 로슈 계약으로 경쟁력 입증…목표가↑”-KB",목표주가를 기존 58만원에서 65만원으로 높여 잡았다. 투자의견은 ‘매수(Buy)’로 유지했다. 전 거래일... 미국 식품의약국(FDA) 승인 근거와 엔드포인트가 확립되지 않아 임상적 이점과 근기능 개선 입증이... ,https://www.itooza.com/common/iview.php?no=2026091008073370792,https://www.itooza.com/common/iview.php?no=2026091008073370792,"Thu, 10 Sep 2026 08:08:00 +0900",2026-09-10 09:55:38
음식료/식품,음식료 산업,&quot;아무도 겪어보지 못한 가격&quot;…주가 18% 폭등에도 '경고' [분석+],"이충재 한국투자증권 연구원은 &quot;경유 가격 상승은 미국 제조업과 음식료, 외식 산업 등 사회 전반의 물류비와 농산품 가격을 밀어 올려 소비와 투자에 직접적인 부담을 준다&quot;며 &quot;가계 소비에서 연료비 비중이 커지며... ",https://www.hankyung.com/article/2026090943516,https://n.news.naver.com/mnews/article/015/0005330713?sid=101,"Thu, 10 Sep 2026 06:31:00 +0900",2026-09-10 09:55:39
음식료/식품,음식료 산업,메모리 재고 '10일 미만'… 아스트라 랠리 속 삼성·SK하이닉스 팔 물건...,"완제품 시장이 먼저 흔들린다 메모리 회사에 호재인 이 국면이 산업 전체로 보면 그렇지 않다. 8GB·256GB... 물론 환율 하락은 철강, 항공, 음식료처럼 달러로 원자재를 사들이는 업종에는 원가 절감 요인이다. 조선... ",https://www.todayeconomic.com/news/article.html?no=32043,https://www.todayeconomic.com/news/article.html?no=32043,"Tue, 08 Sep 2026 16:50:00 +0900",2026-09-10 09:55:39
음식료/식품,음식료 산업,밸류업주 옥석 가리기 본격화… 원전·유통주 '룰루랄라',"반면 음식료와 소비재, 조선 관련 종목에는 차익 실현 매물이 나오고 있다. 롯데칠성과 애경산업, 현대그린푸드, KT&amp;G, 콜마홀딩스, 동원산업 등이 하락세를 나타냈다. HD현대마린솔루션과 HD현대중공업... ",https://www.pinpointnews.co.kr/news/articleView.html?idxno=485047,https://www.pinpointnews.co.kr/news/articleView.html?idxno=485047,"Tue, 08 Sep 2026 15:22:00 +0900",2026-09-10 09:55:39
음식료/식품,음식료 산업,두 달 새 환율 200원 급락…‘원화 강세 수혜주 공식’ 달라졌다,대표적인 사례가 음식료다. 원재료 수입 비중이 높아 대표적인 원화 강세 수혜 업종으로 꼽혀왔지만 K푸드의... 다올투자증권은 “기본적으로 수출 중심의 대한민국 산업과 기업들이어서 원화 강세에 따른 실적 영향은... ,https://www.kukinews.com/article/view/kuk202609070171,https://www.kukinews.com/article/view/kuk202609070171,"Tue, 08 Sep 2026 06:02:00 +0900",2026-09-10 09:55:39
음식료/식품,음식료 산업,오픈AI 훈풍에 반도체주 급등…코스피 '7천선' 눈앞,"AI 산업의 성장 기대를 자극했다. 여기에 엔비디아가 AI 모델 공유 플랫폼 '허깅페이스'를 인수한다고... 업종별로 기계·장비(6.6%), 전기·전자(6.3%), 제조(5.2%) 등이 상승했고 음식료·담배(-2.5%), 부동산(-1.5%), 섬유... ",https://www.koreareport.co.kr/news/articleView.html?idxno=52689,https://www.koreareport.co.kr/news/articleView.html?idxno=52689,"Mon, 07 Sep 2026 18:26:00 +0900",2026-09-10 09:55:39
음식료/식품,음식료 산업,반도체 주주환원이 끌어내린 환율…‘강한 원화’ 경제 판도 바꾼다,"항공·여행·음식료 등 달러 비용 비중이 높은 업종에도 원화 강세는 호재다. 해외여행과 유학, 해외직구... 다만 반도체처럼 업황 자체가 강하고 제품 가격이 오르는 산업에서는 환율 하락의 부정적 효과를 업황 개선이... ",https://www.ddaily.co.kr/page/view/2026090717044274389,https://n.news.naver.com/mnews/article/138/0002240500?sid=101,"Mon, 07 Sep 2026 17:05:00 +0900",2026-09-10 09:55:39
음식료/식품,음식료 산업,반도체 훈풍에 금융시장 '요동'…코스피 7000선 눈앞·환율 1340원대,"지난 4일 미국 뉴욕증시에서 반도체주가 큰 폭으로 오른 데 이어 인공지능(AI) 산업 성장에 따른 메모리... 음식료·담배(-2.47%), 부동산(-1.54%), 섬유·의류(-1.12%) 등은 하락했다. 코스피 시장에서는 478개 종목이... ",https://www.youthdaily.co.kr/news/article.html?no=226577,https://www.youthdaily.co.kr/news/article.html?no=226577,"Mon, 07 Sep 2026 16:26:00 +0900",2026-09-10 09:55:39
음식료/식품,음식료 산업,&quot;개미 8조 던져도 끄떡없다&quot; 코스피 4.6% 급등...7천피 '턱밑',"코스피 산업별로는 기계·장비와 전기·전자가 전 거래일 대비 6%대 상승했다. 제조는 5%대, 건설은 4%대 올랐다. 음식료·담배는 2%대, 부동산과 섬유·의류는 1%대 각각 내렸다. 코스피 시가총액 기준 상위종목은... ",https://www.mt.co.kr/stock/2026/09/08/2026090715515881340,https://n.news.naver.com/mnews/article/008/0005410432?sid=101,"Mon, 07 Sep 2026 15:58:00 +0900",2026-09-10 09:55:39
음식료/식품,음식료 산업,"실적 턴어라운드에 밸류업까지… 한전기술, 대한민국 원전 수출의 중심...","명신산업과 에코프로에이치엔, 코스맥스, JW중외제약, 메가스터디교육, 롯데렌탈도 약세를 나타내고 있다.... 음식료와 소비재 관련주의 흐름도 상대적으로 부진하다. 오리온과 F&amp;F, 솔루스첨단소재, 파마리서치가... ",https://www.pinpointnews.co.kr/news/articleView.html?idxno=484646,https://www.pinpointnews.co.kr/news/articleView.html?idxno=484646,"Mon, 07 Sep 2026 15:38:00 +0900",2026-09-10 09:55:39
음식료/식품,음식료 산업,"오픈AI '아스트라' 모델 출시로 코스피 급등, 삼성전자·SK하이닉스 상승...","이러한 상승세는 오픈AI의 '아스트라' 모델 출시가 반도체 산업에 긍정적 영향을 미치고 있다는 기대에서... 업종별로는 전기·전자, 기계·장비, 제조업이 상승 중이고, 음식료·담배, 부동산, 섬유·의류 등의 업종은... ",https://www.gokorea.kr/news/articleView.html?idxno=877458,https://www.gokorea.kr/news/articleView.html?idxno=877458,"Mon, 07 Sep 2026 14:36:00 +0900",2026-09-10 09:55:39
음식료/식품,음식료 산업,"美 반도체주 훈풍…코스피, 3% 급등·6900 회복","다우존스30 산업평균지수는 0.51% 내린 5만3414.25, 스탠더드앤드푸어스(S&amp;P)500지수는 0.38% 밀린 7718.60... 반면 음식료·담배(-1.25%)와 건설(-1.14%)은 약세다. 시가총액 상위 종목은 LG에너지솔루션(-0.28%)을 제외하고... ",https://www.sentv.co.kr/article/view/sentv202609070040,https://www.sentv.co.kr/article/view/sentv202609070040,"Mon, 07 Sep 2026 10:08:00 +0900",2026-09-10 09:55:39
음식료/식품,음식료 산업,&quot;역시 믿을 건 반도체?&quot; 코스피 3% 급등...美금리인상 우려에도 쑥,"코스피 산업별로는 전기·전자 4%대, 제조 3%대, 금융, 의료·정밀기기, 보험, 유통 등 2%대 각각 상승했다. 이에 반해 음식료·담배 2%대, 섬유·의류 1%대 각각 하락했다. 코스피 시가총액 기준 상위종목 14위까지... ",https://www.mt.co.kr/stock/2026/09/07/2026090709282975262,https://n.news.naver.com/mnews/article/008/0005410173?sid=101,"Mon, 07 Sep 2026 09:38:00 +0900",2026-09-10 09:55:39
음식료/식품,음식료 산업,"3% 상승 출발 코스피, 6900선 탈환 목전…삼전닉스도 큰폭 올라","다우존스30 산업평균지수는 전일 대비 271.86포인트(0.51%) 내린 5만3414.25에 거래를 마쳤다.... 음식료·담배(-1.25%), 건설(-1.14%), 건설(-0.94%)는 약세다. 매매주체별로 외국인과 기관은 각각 6058억원, 6089억원씩... ",https://www.mk.co.kr/article/12145772,https://n.news.naver.com/mnews/article/009/0005731225?sid=101,"Mon, 07 Sep 2026 09:34:00 +0900",2026-09-10 09:55:39
음식료/식품,음식료 산업,"코스피, 3%대 상승 출발···삼전닉스 4~5%대 급등","반면 음식료·담배(-1.57%), 부동산(-1.04%), 섬유·의류(-0.74%) 등은 하락세다. 시가총액 상위 종목은... 4일(현지시간) 다우존스30산업평균지수는 전일 대비 271.86p(0.51%) 내린 5만3414.25에 마감했다.... ",https://www.seoulfn.com/news/articleView.html?idxno=637357,https://www.seoulfn.com/news/articleView.html?idxno=637357,"Mon, 07 Sep 2026 09:32:00 +0900",2026-09-10 09:55:39
음식료/식품,음식료 산업,코스피 3%대 상승 출발…코스닥도 1%↑,"반면 음식료·담배(-1.72%), 섬유·의류(-0.74%), 전기·가스(-0.33%), 비금속(-0.27%), 건설(-0.18%), 화학(-0.14... 4일 뉴욕증권거래소(NYSE)에 따르면 다우존스30 산업평균지수는 0.51% 밀렸고, 스탠더드앤드푸어스(S&amp;P)... ",https://www.etoday.co.kr/news/view/2622439,https://www.etoday.co.kr/news/view/2622439,"Mon, 07 Sep 2026 09:14:00 +0900",2026-09-10 09:55:39
음식료/식품,음식료 산업,[속보]오픈AI발 호재에 반도체株↑…코스피 3%대 올라 6910선,"4일(현지시간) 뉴욕증권거래소에서 다우존스30산업평균지수는 전장보다 271.86포인트(0.51%) 떨어진... 반면 음식료·담배, 부동산 등은 1%대 낙폭을 기록 중이다. 시가총액 상위 종목은 대부분 오름세인... ",https://www.edaily.co.kr/News/Read?newsId=02214006645577824&mediaCodeNo=257&utm_source=naver&utm_medium=referral&utm_campaign=news_syndication&utm_content=original_article,https://n.news.naver.com/mnews/article/018/0006364719?sid=101,"Mon, 07 Sep 2026 09:03:00 +0900",2026-09-10 09:55:39
음식료/식품,음식료 산업,[증시 포인트] 반도체주 중심 주 초반 상승 흐름 전망,"및 음식료(+5.9만), 지방정부 교육(+4.2만) 등 계절성이 큰 업종이 주도했다는 점이나, 임금발 인플레이션... 한편 지난 주말인 4일(현지시간) 뉴욕증권거래소(NYSE)에서 다우존스30산업평균지수는 전일대비 271.86포인트(0.51... ",http://www.opinionnews.co.kr/news/articleView.html?idxno=144051,http://www.opinionnews.co.kr/news/articleView.html?idxno=144051,"Mon, 07 Sep 2026 08:42:00 +0900",2026-09-10 09:55:39
음식료/식품,음식료 산업,[굿모닝! 글로벌 뉴욕증시] 강한 고용이 악재 됐다…9월 금리 인상 우려...,"소프트웨어·IT서비스, 음식료, 보험, 통신서비스, 에너지, 화학 업종은 약세를 보였다. 반면 기술장비, 유틸리티, 소매, 경기관련 소비재, 산업서비스 업종은 상승했다. 지수 전체는 금리 부담에 밀렸지만, 반도체... ",https://www.newsquest.co.kr/news/articleView.html?idxno=300342,https://www.newsquest.co.kr/news/articleView.html?idxno=300342,"Mon, 07 Sep 2026 08:14:00 +0900",2026-09-10 09:55:39
음식료/식품,음식료 산업,석 달 새 200원 내린 환율···기업마다 다른 '원화 강세 효과',원·달러 환율이 석 달 만에 200원 넘게 떨어지면서 산업계의 손익 구도에도 변화가 나타나고 있다. 원화... 수입 곡물 의존도가 높은 음식료와 에너지 수입 규모가 큰 전기·가스업종 역시 비용 측면에서 긍정적인 효과를... ,https://www.sisajournal-e.com/news/articleView.html?idxno=423543,https://www.sisajournal-e.com/news/articleView.html?idxno=423543,"Sun, 06 Sep 2026 16:58:00 +0900",2026-09-10 09:55:39
음식료/식품,식품 수출,[오늘의 일정] 9월 10일 목요일 국회,"NPU 수출 확대 및 판로 다변화를 위한 국회 정책토론회(10:00 의원회관 제2세미나실) 서왕진 의원실 등... 대한민국식품제조 CEO미래포럼(14:00 의원회관 대회의실) 민병덕 의원실 등, 디지털자산 금융 혁신 사례와... ",https://www.jeonmae.co.kr/news/articleView.html?idxno=1292025,https://www.jeonmae.co.kr/news/articleView.html?idxno=1292025,"Thu, 10 Sep 2026 09:54:00 +0900",2026-09-10 09:55:40
음식료/식품,식품 수출,말레이 최대 농업박람회에 첫 한국관…차세대 'K-푸드' 소개,전기찬 aT 식품수출이사는 &quot;앞으로도 권역별 소비 트렌드를 반영한 차세대 유망 품목을 지속 발굴하고 현지 맞춤형 마케팅을 강화해 아세안 시장 수출을 적극 확대하겠다&quot;고 말했다.,https://www.newsis.com/view/NISX20260910_0003783794,https://n.news.naver.com/mnews/article/003/0014181347?sid=101,"Thu, 10 Sep 2026 09:44:00 +0900",2026-09-10 09:55:40
음식료/식품,식품 수출,"[경남 브리핑 모음(9월10일)] 조규일 진주시장, ‘정부세종청사 1인 시위...","9일에는 오쓰료쿠요고등학교 수산계열 학과를 찾아 잠수 훈련용 수영장과 양식용 수조, 식품 실습시설 등... ◆ 하동군 하동솔잎한우, 홍콩 넘어 중동 시장으로…UAE 첫 수출 할랄 도축 및 가공 거쳐 신선육 항공 수출... ",https://www.dnews.co.kr/uhtml/view.jsp?idxno=202609092249304270369,https://www.dnews.co.kr/uhtml/view.jsp?idxno=202609092249304270369,"Thu, 10 Sep 2026 09:42:00 +0900",2026-09-10 09:55:40
음식료/식품,식품 수출,"[특징주]디알텍, 액면병합·수출길 확대에 29% 급등","최근 개발한 정형외과 수술용 엑스레이 ‘엑스트론6’은 미국식품의약국(FDA) 인증을 획득해 수출길도 확대됐다. 이 회사의 올 상반기 매출액은 689억원으로 전년 동기 대비 17% 증가했으며, 영업이익은... ",https://www.ajunews.com/view/20260910093247134,https://www.ajunews.com/view/20260910093247134,"Thu, 10 Sep 2026 09:36:00 +0900",2026-09-10 09:55:40
음식료/식품,식품 수출,"말레이시아 총리도 찾은 K-푸드관…aT, 할랄시장 공략",더욱 확산될 수 있도록 적극 지원하겠다”고 말했다다. 전기찬 aT 식품수출이사는 “권역별 소비 흐름을 반영한 차세대 유망 품목을 발굴하고 현지 맞춤형 마케팅을 강화해 아세안 시장 수출을 확대하겠다”고 말했다다.,https://www.dailian.co.kr/news/view/1688667/?sc=Naver,https://n.news.naver.com/mnews/article/119/0003131105?sid=101,"Thu, 10 Sep 2026 09:36:00 +0900",2026-09-10 09:55:40
음식료/식품,식품 수출,"원자력연구원, 동물용 방사성의약품 '싸이로키티' 최종 품목허가 획득","농림식품신기술(NET) 인증도 획득해 기술의 우수성을 인정받았다. 원자력연구원은 국내 정식 상용 공급을 시작으로, 약 4조 원 규모에 달하는 중국, 일본 등 아시아 동물용의약품 시장 진출 및 기술 수출도 본격화할... ",http://www.e-platform.net/news/articleView.html?idxno=105242,http://www.e-platform.net/news/articleView.html?idxno=105242,"Thu, 10 Sep 2026 09:34:00 +0900",2026-09-10 09:55:40
음식료/식품,식품 수출,&quot;소가 행복해야 사람도 행복&quot; 소에 스마트워치 채우는 감동근 박사 [김...,"단순한 식품이 아니라, 생명을 돌보는 목장 농가의 하루하루가 담긴 소중한 결실&quot;이라며 말문을 열었다. 감... 가장 보람찬 순간을 물었을 때도 수백억의 매출이나 수출 성과 대신 목장주들의 '미소'를 꼽았다. &quot;내가 제안한... ",https://news.ifm.kr/news/articleView.html?idxno=478861,https://news.ifm.kr/news/articleView.html?idxno=478861,"Thu, 10 Sep 2026 09:24:00 +0900",2026-09-10 09:55:40
음식료/식품,식품 수출,서울우유협동조합 ‘조합원한마음대회’ 현장 스케치 특집,수출 품목을 다변화하고 현지 유통망을 강화하여 글로벌 유제품 브랜드로서의 입지를 공고히 다져나갈... 이를 통해 새로운 수익원을 창출하고 종합 식품 기업으로서의 경쟁력을 확보할 계획이다. ◈ 조합원과의 동행... ,https://www.kenews.co.kr/news/article.html?no=90043,https://www.kenews.co.kr/news/article.html?no=90043,"Thu, 10 Sep 2026 09:16:00 +0900",2026-09-10 09:55:40
음식료/식품,식품 수출,"전남광주 농수산식품, 인도네시아서 931만 달러 수출상담","전남광주통합특별시는 최근 대한무역투자진흥공사(KOTRA) 광주전남지원본부와 함께 인도네시아 자카르타에서 '농수산식품 수출상담회와 판촉행사'를 열어 총 89건, 931만 달러 규모의 수출상담을 진행했다. 이 가운데... ",https://www.aflnews.co.kr/news/articleView.html?idxno=327868,https://www.aflnews.co.kr/news/articleView.html?idxno=327868,"Thu, 10 Sep 2026 09:08:00 +0900",2026-09-10 09:55:40
음식료/식품,식품 수출,"정밀발효 활용, 미래 식품 산업으로 키우는 경북도",경북도가 첨단 미생물 발효를 통해 미래식품 산업화에 박차를 가한다. 이를 위해 경북도는 10일 안동... 행사장에서는 AI 바이어 발굴 수출상담회와 구매·투자 상담회도 상시 운영된다. 이 지사는 &quot;철강과 전자로 대한민국... ,https://www.fnnews.com/news/202609100847590247,https://n.news.naver.com/mnews/article/014/0005573700?sid=102,"Thu, 10 Sep 2026 09:00:00 +0900",2026-09-10 09:55:40
음식료/식품,식품 수출,백신·세포배양·첨단재생의료 제품·기술 전시…‘경북바이오산업엑스...,행사장에서는 AI 바이어 발굴 수출상담회와 구매·투자 상담회도 상시 운영된다. 행사 기간에는 첨단... 이는정부가 지난해 12월 ‘AI 바이오 국가전략’을 발표하고 바이오제조‧농식품 등 5대 분야 혁신거점 조성을... ,https://www.munhwa.com/article/11615916?ref=naver,https://n.news.naver.com/mnews/article/021/0002817688?sid=102,"Thu, 10 Sep 2026 08:43:00 +0900",2026-09-10 09:55:40
음식료/식품,식품 수출,"오리온 ‘비쵸비’, 日 코스트코 입점… 美 진출도 추진","일본의 ‘도쿄바나나’처럼 여행지에서 구입하는 식품 기념품으로 소비되는 사례가 늘었다는 게 회사 측... 그동안 국내 판매 물량을 공급하는 데 우선순위를 두면서 해외 수출 확대에 제약이 있었지만, 증설을 통해 추가... ",https://biz.chosun.com/distribution/food/2026/09/10/C6AH5VMUK5ASVAWSIUTC4LWMC4/?utm_source=naver&utm_medium=original&utm_campaign=biz,https://n.news.naver.com/mnews/article/366/0001191437?sid=101,"Thu, 10 Sep 2026 08:37:00 +0900",2026-09-10 09:55:40
뷰티/화장품,화장품 주가,원·달러 1336원 마감…환헤지 ETF 낙폭 제한,"서울 외환시장에서 원·달러 환율은 전 거래일보다 9.5원 내린 1336.1원에 주간거래를 마쳤다.... SOL 화장품TOP3플러스는 최근 1주일 10.08%, TIGER 화장품은 8.23%, HANARO K-뷰티는 8.12% 하락했다. 다만 수출주 ETF의... ",https://www.tokenpost.kr/news/economy/405456,https://www.tokenpost.kr/news/economy/405456,"Thu, 10 Sep 2026 07:40:00 +0900",2026-09-10 09:55:41
뷰티/화장품,화장품 주가,[재테크 풍향계]원화 강세에 주목받는 ETF는,"ETF체크에 따르면 SOL 화장품TOP3플러스는 최근 한 주간 10.08% 하락하며 레버리지와 인버스 ETF를 제외한 전체 ETF 중 가장 큰 폭의 하락률을 기록했다. TIGER 화장품(-8.23%), HANARO K-뷰티(-8.12%)가 뒤를 이었다. 원화... ",https://view.asiae.co.kr/article/2026090914313128553,https://n.news.naver.com/mnews/article/277/0005814260?sid=101,"Thu, 10 Sep 2026 07:30:00 +0900",2026-09-10 09:55:41
뷰티/화장품,화장품 주가,"서용주 &quot;김민석 수첩, 하마평 오른 사람들일 뿐&quot;[한판승부]",다음 주가 이제 청문회가 진행이 될 것 같아요. 특히 김승원 후보자에 대해서는 15일로 지금 오늘 좀 잡힌 것... 왜냐하면 자기가 그걸 요청하지 않았으면 양 씨가 유흥업소 사장 아니면 여성 무슨 화장품 대표하는 사람이... ,https://www.nocutnews.co.kr/news/6575868?utm_source=naver&utm_medium=article&utm_campaign=20260910070104,https://n.news.naver.com/mnews/article/079/0004187793?sid=100,"Thu, 10 Sep 2026 07:02:00 +0900",2026-09-10 09:55:41
뷰티/화장품,화장품 주가,“빨리 부자 되려 하면 파산 문턱까지 간다… 재미없는 투자해야 큰 부...,원전 관련 건설주와 화장품 ETF도 일부 샀다. 신한지주는 7월 시장이 급락할 때도 월간 수익률이 플러스였다. 주가가 조용히 우상향하고 재무제표가 안정적이며 매출과 배당이 늘지만 인기는 없는 종목이 좋다. 은행주와... ,https://weekly.donga.com/3/all/11/6380404/1,https://n.news.naver.com/mnews/article/037/0000038809?sid=101,"Thu, 10 Sep 2026 07:02:00 +0900",2026-09-10 09:55:41
뷰티/화장품,화장품 주가,"코스맥스-로레알그룹, &quot;한·불 수교 140주년 맞아 차세대 뷰티 혁신&quot;","금번 협약은 글로벌 화장품 시장에서 브랜드, 연구, 제조 등 화장품 산업 전반에 걸쳐 두 기업의 상호... 한편, 코스맥스 주가는 이날 14시 44분 기준으로 장중 26만4500원에 거래되고 있다. 이는 전일보다 500원(0.19%) 떨어진... ",http://www.biztribune.co.kr/news/articleView.html?idxno=358699,http://www.biztribune.co.kr/news/articleView.html?idxno=358699,"Wed, 09 Sep 2026 23:12:00 +0900",2026-09-10 09:55:41
뷰티/화장품,화장품 주가,[박현준] 스타트업에서 대기업이 되기까지…무신사의 상장,"있지만, 화장품업종의 성공 사례들에 비하면 그 기간도 너무 짧았고, 피스피스스튜디오는 상장 후 극심한 주가 침체로 시가 총액 1천억 하회라는 부정적인 사례가 되고 말았다. 그러한 관점에서 9월 7일에 들려온... ",http://www.apparelnews.co.kr/news/news_view/?idx=227527,http://www.apparelnews.co.kr/news/news_view/?idx=227527,"Wed, 09 Sep 2026 22:06:00 +0900",2026-09-10 09:55:41
뷰티/화장품,화장품 주가,"주간 주가로 읽는 K-뷰티:색조·소재주, 주가는 빠졌지만 외국인은 샀다","최근 화장품 업종이 8거래일 연속 약세 흐름을 이어가는 가운데 색조와 소재·패키징 관련 종목들도... 분석 대상인 색조 브랜드 2개사와 소재·패키징 기업 3개사 모두 주가가 하락했지만, 선진뷰티사이언스를... ",https://www.thebk.co.kr/news/articleView.html?idxno=311599,https://www.thebk.co.kr/news/articleView.html?idxno=311599,"Wed, 09 Sep 2026 20:00:00 +0900",2026-09-10 09:55:41
뷰티/화장품,화장품 주가,"'오빠 청탁' 양모씨, 김승원 민원 49일 뒤 첫 표창... 3년 연속 민주당 ...","양씨는 여성 건강용 화장품 브랜드 '이너핑크'를 운영한 구스타㈜의 대표였던 인물이다. 시간 순서를 짚어... 이번 사안은 앞서 확인된 제넨셀 임상 승인 청탁 의혹, 청탁 이후 이어진 주가조작 정황과 함께 김 후보자... ",https://www.thepublic.kr/news/articleView.html?idxno=318207,https://www.thepublic.kr/news/articleView.html?idxno=318207,"Wed, 09 Sep 2026 19:26:00 +0900",2026-09-10 09:55:41
뷰티/화장품,화장품 주가,실적 좋은데 목표가는 낮춘다… 반도체도 절반 넘게 ‘하향’,■화장품·보험주 '상향'이 크게 많아 반면 실적 개선이 아직 주가에 충분히 반영되지 않았거나 밸류에이션 재평가 근거가 뚜렷한 업종에는 목표주가 상향이 집중됐다. 화장품이 속한 개인생활용품 업종의 상향... ,https://www.fnnews.com/news/202609091808405027,https://n.news.naver.com/mnews/article/014/0005573491?sid=101,"Wed, 09 Sep 2026 18:11:00 +0900",2026-09-10 09:55:41
뷰티/화장품,화장품 주가,원화값 강세에…잘나가던 화장품株 숨고르기,8월 45% 급등 에이피알 이달들어 20.8% 떨어져 지난달 국내 증시를 달궜던 화장품주가 9월 들어 일제히 숨 고르기에 들어갔다. K뷰티 수출 호황이 이어지고 있지만 원화가치가 빠르게 상승하면서 고환율을 전제로... ,https://www.mk.co.kr/article/12148582,https://n.news.naver.com/mnews/article/009/0005732910?sid=101,"Wed, 09 Sep 2026 17:46:00 +0900",2026-09-10 09:55:41
뷰티/화장품,화장품 주가,&quot;AI 버블? 걱정 보단 '거품 목욕' 즐기시라&quot;,김 대표는 9일 KPI뉴스·kbc광주방송·강관우의 의식주주가 공동 제작하는 유튜브 방송 '뉴스는 돈이다-뉴돈... AI에 투자하되 화장품처럼 관련 투자 흐름과 상대적으로 거리가 있는 산업에도 자산의 40%를 배분하자는... ,https://www.kpinews.kr/newsView/1065600373834948,https://www.kpinews.kr/newsView/1065600373834948,"Wed, 09 Sep 2026 17:46:00 +0900",2026-09-10 09:55:41
뷰티/화장품,화장품 주가,"코스메카코리아, 오창에 2천억 투입…글로벌 K-뷰티 전초기지 구축 [공...",코스메카코리아는 9일 이사회를 열고 화장품 생산능력 확대를 위해 1360억원 규모의 신규 시설투자를... 주가의 경우 2분기 실적 발표일인 지난달 10일 종가 9만5000원 수준에서 같은 달 28일 15만3900원으로 올라 약 62... ,http://www.joseilbo.com/news/news_read.php?uid=575376&class=17&grp=,https://n.news.naver.com/mnews/article/123/0002389892?sid=101,"Wed, 09 Sep 2026 17:32:00 +0900",2026-09-10 09:55:41
뷰티/화장품,화장품 주가,주가는 반토막 났는데 매출은 30% 늘었다...고민 깊은 '백화점주',"상반기 원화 약세를 타고 외국인 관광객의 '명품 쇼핑 ' 수혜를 받은 백화점주가 최근 환율 하락과 함께... 상품군별로는 패션, 해외 명품, 화장품, 워치·주얼리 순으로 신장률이 높았다. 신세계는 8월 데이터는 집계... ",https://www.insightkorea.co.kr/news/articleView.html?idxno=254196,https://www.insightkorea.co.kr/news/articleView.html?idxno=254196,"Wed, 09 Sep 2026 17:08:00 +0900",2026-09-10 09:55:41
뷰티/화장품,화장품 주가,1583주 장내매도…달바글로벌 안현호 상무 지분 0.08%,달바글로벌은 비건 화장품 제조사로 2025년 5월 22일 유가증권시장에 상장했다. 업종은 기타 화학제품... 해당 주식 처분이 달바글로벌의 주가나 경영 방향에 미친 영향은 이번 공시만으로 판단하기 어렵다. 임원... ,https://www.tokenpost.kr/news/market/404997,https://www.tokenpost.kr/news/market/404997,"Wed, 09 Sep 2026 16:54:00 +0900",2026-09-10 09:55:41
뷰티/화장품,화장품 주가,[코스닥 기관] 로보티즈·유진테크 사고 파마리서치·알테오젠 팔았다,"성장주 가운데서도 실적 개선 기대가 부각되는 반도체·로봇 종목으로 매수세가 몰리는 한편, 주가 상승폭이 컸던 바이오·화장품주에서는 일부 차익 실현이 나타난 것으로 풀이된다. 이날 기관의 매매 흐름은 코스닥... ",https://www.pinpointnews.co.kr/news/articleView.html?idxno=485494,https://www.pinpointnews.co.kr/news/articleView.html?idxno=485494,"Wed, 09 Sep 2026 16:00:00 +0900",2026-09-10 09:55:41
뷰티/화장품,뷰티 산업,"슈퍼패스트, '크리에이티브X성수' 공식 파트너…서울숲 사옥 첫 개방",해당 공간은 행사 기간 성수아트페어와 뷰티성수 개최 장소로 활용된다. 크리에이티브X성수는 서울 성동구가 주최하고 기획위원회와 성동문화재단이 주관하는 문화창조산업축제다. 올해는 13개 분야의 프로그램이... ,https://www.ddaily.co.kr/page/view/2026091009472343359,https://n.news.naver.com/mnews/article/138/0002240872?sid=105,"Thu, 10 Sep 2026 09:50:00 +0900",2026-09-10 09:55:42
뷰티/화장품,뷰티 산업,창원 중앙동 ‘창원자이 더 스카이’ 판매시설 공급,"창원국가산업단지 및 주변 공공기관 근로자 등을 판매시설의 주요 배후수요로 제시했다. 판매시설은 단지... 1층에는 프랜차이즈 카페와 식음료 매장, 2~3층에는 뷰티와 다이닝 등 생활밀착형 업종과 병·의원 등의 유치를... ",https://biz.heraldcorp.com/article/10868607?ref=naver,https://n.news.naver.com/mnews/article/016/0002695286?sid=101,"Thu, 10 Sep 2026 09:46:00 +0900",2026-09-10 09:55:42
뷰티/화장품,뷰티 산업,AI가 인용하는 브랜드를 만든다…애니모프의 ‘데이터 기반 풀스택 GEO’,"“산업별로 로직이 전혀 다릅니다. SaaS 분야는 자사 블로그와 제품 설명 페이지, 즉 퍼스트파티의 인용 비중이 40% 가까이 되지만, 뷰티는 5%에도 미치지 못해요.... ",https://www.venturesquare.net/1112270/,https://www.venturesquare.net/1112270/,"Thu, 10 Sep 2026 09:45:00 +0900",2026-09-10 09:55:42
뷰티/화장품,뷰티 산업,경북도 바이오산업 엑스포 안동서 개막…첨단바이오 미래 연다,"경북IT융합산업기술원(뷰티) 등 참가 기업·기관의 전시 부스를 둘러봤다. 올해 엑스포에는 77개 기업·기관이 참여해 백신과 뷰티, 세포배양, 첨단재생의료 등 분야의 제품과 기술을 선보인다. 행사장에서는 AI 기반... ",https://www.dnews.co.kr/uhtml/view.jsp?idxno=202609100856465890393,https://www.dnews.co.kr/uhtml/view.jsp?idxno=202609100856465890393,"Thu, 10 Sep 2026 09:42:00 +0900",2026-09-10 09:55:42
뷰티/화장품,뷰티 산업,"슈퍼패스트, 서울숲 사옥 첫 개방…게임·아트·뷰티 한자리에",문화창조산업축제다. 슈퍼패스트 서울숲 사옥은 행사에서 개최되는 ▲ 성수아트페어 ▲ 뷰티성수의 공간으로 활용된다. 시민들은 10월 1일부터 11일까지 '성수아트페어'에서 청년 작가전·장애예술인전 등 전시와... ,https://www.yna.co.kr/view/AKR20260910035400017?input=1195m,https://n.news.naver.com/mnews/article/001/0016301611?sid=105,"Thu, 10 Sep 2026 09:36:00 +0900",2026-09-10 09:55:42
뷰티/화장품,뷰티 산업,"&quot;중국인 관광객, 서울 넘어 안동으로&quot;…韓·中 관광업계 교류 넓힌다","한국여행업협회는 가족여행, K-뷰티, 웰니스, 레저·스포츠, 지방 특화 등 테마로 구성된 우수여행상품... 강화해 국내외 관광객이 지역을 더 찾고 더 오래 머물 수 있는 한국 관광의 산업 생태계와 환경을 만들겠다&quot;고 했다.",https://www.news1.kr/industry/hotel-tourism/6285786,https://n.news.naver.com/mnews/article/421/0009162066?sid=103,"Thu, 10 Sep 2026 09:35:00 +0900",2026-09-10 09:55:42
뷰티/화장품,뷰티 산업,"코스메카코리아, 청주 오창에 2000억 투자…스킨케어 공장 신설",조임래 코스메카코리아 회장은 “오창과학산업단지 투자를 통해 글로벌 K뷰티 선도 기업으로 도약하기 위한 핵심 거점을 확보하게 됐다”며 “AI 기반 지능형 제조 인프라 구축과 인재 채용을 확대하고 지역사회와... ,https://biz.chosun.com/distribution/fashion-beauty/2026/09/10/42GN5MVHNZGCFMAJISVPXWMJHY/?utm_source=naver&utm_medium=original&utm_campaign=biz,https://n.news.naver.com/mnews/article/366/0001191472?sid=101,"Thu, 10 Sep 2026 09:34:00 +0900",2026-09-10 09:55:42
뷰티/화장품,뷰티 산업,한중 여행업계 첫 공식 교류회…지역 관광상품 공동 개발,"한국여행업협회는 이번 교류회에서 공모전을 통해 선정한 가족여행과 케이뷰티, 웰니스, 레저·스포츠, 지역... 관광객이 지역을 더 찾고, 더 오래 머물 수 있는 한국 관광의 산업 생태계와 환경을 만들 것&quot;이라고 말했다.",https://www.yna.co.kr/view/AKR20260910037200030?input=1195m,https://n.news.naver.com/mnews/article/001/0016301600?sid=103,"Thu, 10 Sep 2026 09:32:00 +0900",2026-09-10 09:55:42
뷰티/화장품,뷰티 산업,[기후위기 청구서①] 입는 것도 비싸진다...'패션플레이션',"는 식음료·뷰티·패션 산업을 중심으로 기후위기가 촉발한 새로운 인플레이션(물가 상승), '기후플레이션'의 실체와 그 파장을 짚어본다. 기후위기가 장바구니 물가를 넘어 옷장까지 파고들고 있다. 폭염·가뭄 등... ",https://www.ebn.co.kr/news/articleView.html?idxno=1723700,https://www.ebn.co.kr/news/articleView.html?idxno=1723700,"Thu, 10 Sep 2026 09:32:00 +0900",2026-09-10 09:55:42
뷰티/화장품,뷰티 산업,코스메카코리아 &quot;오창에 2천억 규모 제조 시설 구축 추진&quot;,사진=코스메카코리아 제공 코스메카코리아가 충청북도 청주시 오창과학 산업단지에 2000억원을 투자해 K-뷰티 글로벌 시장 확대를 위한 생산 거점을 구축한다. 회사 측은 10일 충청북도 청주시와 화장품 제조 시설... ,https://www.hitnews.co.kr/news/articleView.html?idxno=79037,https://www.hitnews.co.kr/news/articleView.html?idxno=79037,"Thu, 10 Sep 2026 09:32:00 +0900",2026-09-10 09:55:42
뷰티/화장품,뷰티 산업,"코스메카코리아, 청주 오창에 글로벌 생산 거점 구축…2000억 투자",조임래 코스메카코리아 회장은 &quot;충북 음성 본사에서 첫걸음을 뗀 코스메카코리아가 오창과학산업단지에 선제적 투자를 단행함으로써 '글로벌 K-뷰티 선도 기업'으로 도약하기 위한 핵심 거점을 확보하게 돼 의미가... ,https://www.newsis.com/view/NISX20260910_0003783720,https://n.news.naver.com/mnews/article/003/0014181215?sid=101,"Thu, 10 Sep 2026 09:18:00 +0900",2026-09-10 09:55:42
뷰티/화장품,뷰티 산업,"한·불 톱 뷰티 기업 코스맥스·로레알, &quot;K뷰티 앞세워 차세대 글로벌 혁...","코스맥스와 로레알은 이번 협약을 양국 뷰티 산업 협력의 '중요한 이정표'로 규정하며, 공동 연구·개발 성과를 바탕으로 글로벌 시장에서의 제품 경쟁력을 한층 끌어올리겠다는 방침이다. 양사의 장기 파트너십이 한·불... ",http://www.newsroad.co.kr/news/articleView.html?idxno=64089,http://www.newsroad.co.kr/news/articleView.html?idxno=64089,"Thu, 10 Sep 2026 09:16:00 +0900",2026-09-10 09:55:42
뷰티/화장품,뷰티 산업,"코스맥스·로레알, 한·불 수교 140주년 맞아 뷰티 R&amp;D 협력 확대",K뷰티가 이끄는 차세대 혁신을 함께 만들어 나가겠다&quot;고 말했다. 니콜라 이에로니무스 로레알 그룹 CEO는 &quot;뷰티는 양국 문화를 잇는 가교이자 전략적 산업&quot;이라며 &quot;양사의 강점을 결합해 협력을 더욱 확대하겠다&quot;고 밝혔다.,https://www.handmk.com/news/articleView.html?idxno=43034,https://www.handmk.com/news/articleView.html?idxno=43034,"Thu, 10 Sep 2026 09:10:00 +0900",2026-09-10 09:55:42
뷰티/화장품,뷰티 산업,李대통령 &quot;임기 헌법상 명확히 제한&quot;…취임 초 정상외교 확대,"한국 영화와 영상산업의 위상을 확인하는 동시에 양국이 앞으로 협력할 분야를 구체화한 자리였다는 것이 이 대통령의 설명이다. K팝과 K드라마, K뷰티에 대한 해외 관심도 소개했다. 외국 정상들이 한국 대중문화 인사의... ",https://www.hg-times.com/news/articleView.html?idxno=305165,https://www.hg-times.com/news/articleView.html?idxno=305165,"Thu, 10 Sep 2026 09:02:00 +0900",2026-09-10 09:55:42
뷰티/화장품,뷰티 산업,"코스메카코리아, 청주 오창에 2000억 투자…AI 기반 ‘K-뷰티’ 차세대...",조임래 코스메카코리아 회장은 “충북 음성 본사에서 첫걸음을 뗀 코스메카코리아가 오창과학산업단지에 선제적 투자를 단행함으로써 ‘글로벌 K-뷰티 선도 기업’으로 도약하기 위한 핵심 거점을 확보하게 돼... ,https://www.megaeconomy.co.kr/news/newsview.php?ncode=1065571074043422,https://www.megaeconomy.co.kr/news/newsview.php?ncode=1065571074043422,"Thu, 10 Sep 2026 09:00:00 +0900",2026-09-10 09:55:42
뷰티/화장품,K뷰티 수출,"호주 일상까지 파고드는 K뷰티…토니모리, 3대 유통사 입점",관세청 수출입무역통계에 따르면 지난해 호주로의 선케어를 포함한 기초·색조 화장품 수출액은 1억 4025만달러를 기록한 데 이어 올해 7월 누적 1억 513만달러로 이미 1억달러를 돌파했다. K뷰티의 호주 화장품 시장... ,https://www.edaily.co.kr/News/Read?newsId=03014326645578808&mediaCodeNo=257&utm_source=naver&utm_medium=referral&utm_campaign=news_syndication&utm_content=original_article,https://n.news.naver.com/mnews/article/018/0006366665?sid=103,"Thu, 10 Sep 2026 09:51:00 +0900",2026-09-10 09:55:42
뷰티/화장품,K뷰티 수출,중남미 영토 확장 'K-뷰티'…한국 화장품 수출 2년 새 163% '증가',"소셜미디어를 중심으로 K-뷰티에 대한 관심이 높아지면서 멕시코와 브라질, 아르헨티나 등 주요 국가로의 수출도 빠르게 늘고 있다. 9일(현지시간) 시장조사업체 닐슨IQ(NIQ) 등에 따르면 멕시코·브라질·아르헨티나에... ",https://www.youthdaily.co.kr/news/article.html?no=226800,https://www.youthdaily.co.kr/news/article.html?no=226800,"Thu, 10 Sep 2026 09:20:00 +0900",2026-09-10 09:55:42
뷰티/화장품,K뷰티 수출,"‘서버 유지비 내지 마세요’ 넥스팟솔루션, 3무 프로젝트 시행",K-뷰티·푸드 등 국내 수출 기업들은 교묘해지는 위조상품을 막기 위해 스마트 보안 라벨을 도입해 왔다. 그러나 초기 라벨 제조 비용 외에도 트래픽 증가에 따른 클라우드 서버 유지비와 시스템 연동 비용이 매월... ,https://www.mk.co.kr/article/12148457,https://n.news.naver.com/mnews/article/009/0005733058?sid=101,"Thu, 10 Sep 2026 09:01:00 +0900",2026-09-10 09:55:42
뷰티/화장품,K뷰티 수출,"K-뷰티, 중남미서 매출 급증",시장조사업체 닐슨IQ(NIQ)에 따르면 멕시코·브라질·아르헨티나 3개국에 대한 한국 화장품 수출액은 2023년... K-뷰티 확산의 배경에는 소셜미디어 영향력이 크게 작용한 것으로 분석된다. NIQ는 2025년 소셜커머스에서... ,http://www.hansbiz.co.kr/news/articleView.html?idxno=863944,http://www.hansbiz.co.kr/news/articleView.html?idxno=863944,"Thu, 10 Sep 2026 08:46:00 +0900",2026-09-10 09:55:42
뷰티/화장품,K뷰티 수출,중남미도 'K-뷰티' 열풍…한국 화장품 수출 2년 새 160% 증가,현지 시각 9일 시장조사업체 닐슨IQ(NIQ)에 따르면 멕시코·브라질·아르헨티나에 대한 한국 화장품 수출액... K-뷰티 확산에는 소셜미디어가 주요 역할을 하고 있습니다. NIQ에 따르면 2025년 소셜커머스에서 한국... ,http://mbn.mk.co.kr/pages/news/newsView.php?category=mbn00008&news_seq_no=5218248,https://n.news.naver.com/mnews/article/057/0001968247?sid=104,"Thu, 10 Sep 2026 08:05:00 +0900",2026-09-10 09:55:42
뷰티/화장품,K뷰티 수출,[이 시각 세계] 중남미서 'K-뷰티' 열풍‥수출액 2년 새 160% 증가,"한국 화장품이 중남미에서 인기를 끌면서 수출액이 2년 만에 160% 넘게 늘었습니다. 소셜미디어를 통해... 시장조사업체 닐슨IQ에 따르면 멕시코와 브라질, 아르헨티나에서 한국 화장품 수출이 크게 늘어났습니다. 이들... ",https://imnews.imbc.com/replay/2026/nwtoday/article/6850823_37012.html,https://n.news.naver.com/mnews/article/214/0001523090?sid=104,"Thu, 10 Sep 2026 07:19:00 +0900",2026-09-10 09:55:42
뷰티/화장품,K뷰티 수출,"美 타깃, '뷰티 스튜디오' 개장…K-뷰티, 소포장으로 '경험 소비' 공략",미국이 K-뷰티 최대 수출시장으로 자리 잡으면서 이 같은 변화는 더욱 빨라질 가능성이 있다. 식품의약품안전처에 따르면 올해 상반기 한국 화장품의 미국 수출액은 14억 5000만 달러로 전년 동기 대비 41.5% 증가했다.... ,https://www.news1.kr/industry/general-industry/6282469,https://n.news.naver.com/mnews/article/421/0009161693?sid=101,"Thu, 10 Sep 2026 07:09:00 +0900",2026-09-10 09:55:42
뷰티/화장품,K뷰티 수출,"[우분투칼럼] 아프리카의 한류, 이제는 함께 만들어 보자","드라마와 음악에서 시작된 관심은 OTT와 웹툰, 게임, 한국어 학습을 넘어 음식과 뷰티로 이어졌다. 시청자는... 콘텐츠를 수출하는 데서 나아가 창작 생태계를 함께 만드는 단계다. 아프리카 작가와 한국 제작자가 함께... ",https://www.yna.co.kr/view/AKR20260827158800898?input=1195m,https://n.news.naver.com/mnews/article/001/0016301272?sid=101,"Thu, 10 Sep 2026 07:00:00 +0900",2026-09-10 09:55:42
뷰티/화장품,K뷰티 수출,"경북 여성기업, 중국 길림성서 K뷰티·헬스 시장 공략",기업과 수출 가능성 타진 길림성 여성기업가협회와 우호협력관계 체결도 구미＝에너지경제신문 윤성원기자 경북지역 여성기업들이 중국 길림성에서 K뷰티·헬스 제품과 기술을 선보이며 중국시장 진출 확대에 나선다.... ,https://www.ekn.kr/web/view.php?key=20260910025102783,https://www.ekn.kr/web/view.php?key=20260910025102783,"Thu, 10 Sep 2026 06:52:00 +0900",2026-09-10 09:55:42
뷰티/화장품,K뷰티 수출,K-뷰티 다음은 K-샴푸…美 수출 97% 뛰며 중국 제치고 첫 1위,국내 헤어케어 브랜드가 K-뷰티 인기에 힘입어 해외 시장에서 급격히 성장하고 있다. 특히 대미 샴푸 수출 규모는 거의 2배로 성장하며 중국을 제치고 처음으로 1위에 올랐다. K-샴푸 수출 39% ↑…미주·유럽 시장서... ,https://www.news1.kr/industry/distribution/6285465,https://n.news.naver.com/mnews/article/421/0009161644?sid=101,"Thu, 10 Sep 2026 06:15:00 +0900",2026-09-10 09:55:42
뷰티/화장품,K뷰티 수출,"[CEO열전]코스맥스 이병만, K뷰티 성공공식 쓰다","◆ 제품 만들던 코스맥스, 수출길까지 깐다 이병만 대표는 고객사의 성장을 돕기 위해 올해 'K-뷰티 수출 고속도로'를 가동했다. 고객사 전용 수출입 지원 시스템이다. 지난 7월부터 가동에 들어간 이 시스템은... ",http://www.hansbiz.co.kr/news/articleView.html?idxno=863722,http://www.hansbiz.co.kr/news/articleView.html?idxno=863722,"Thu, 10 Sep 2026 06:00:00 +0900",2026-09-10 09:55:42
뷰티/화장품,K뷰티 수출,피부과까지 넘보는 K뷰티 …'고부가 사업' 의료기기로 몸집 키운다,K뷰티 기업들이 미용 의료기기 시장으로 사업 영역을 넓히고 있다. 화장품보다 부가가치가 높은 의료기기... 지난 2분기 식품의약품안전처 의료기기 인증과 수출 허가를 받아 소량 수출을 시작했다. 3분기부터 일본과... ,https://www.mt.co.kr/living/2026/09/10/2026090915222316035,https://n.news.naver.com/mnews/article/008/0005411751?sid=101,"Thu, 10 Sep 2026 06:00:00 +0900",2026-09-10 09:55:42
뷰티/화장품,K뷰티 수출,중남미 여성 지갑 연 K-뷰티...한국 화장품 수출 2년 새 160%↑,"현지시간 9일 시장조사업체 닐슨IQ(NIQ)에 따르면 멕시코와 브라질, 아르헨티나에 대한 한국 화장품 수출액... K-뷰티 확산에는 소셜미디어가 주요 역할을 하고 있습니다. NIQ에 따르면 2025년 소셜커머스에서 한국... ",https://www.ytn.co.kr/_ln/0104_202609100452477720,https://n.news.naver.com/mnews/article/052/0002405059?sid=104,"Thu, 10 Sep 2026 04:52:00 +0900",2026-09-10 09:55:42
뷰티/화장품,K뷰티 수출,중남미 여성 지갑 연 K-뷰티…한국 화장품 수출 2년 새 160%↑,9일(현지시간) 시장조사업체 닐슨IQ(NIQ)에 따르면 멕시코·브라질·아르헨티나에 대한 한국 화장품 수출액... K-뷰티 확산에는 소셜미디어가 주요 역할을 하고 있다. NIQ에 따르면 2025년 소셜커머스에서 한국 화장품... ,https://www.yna.co.kr/view/AKR20260910004300009?input=1195m,https://n.news.naver.com/mnews/article/001/0016301195?sid=104,"Thu, 10 Sep 2026 03:37:00 +0900",2026-09-10 09:55:42
뷰티/화장품,K뷰티 수출,K뷰티 수출길 넓힌다... 글로벌 화장품 규제협력 '지코라스' 출범,"특히 K-뷰티 수출 대상국이 빠르게 늘어나면서 규제 대응 역량이 기업 경쟁력의 중요한 요소로 자리 잡고 있는 만큼, 해외 규제당국과 직접 소통할 수 있는 채널의 확대는 중소·중견 화장품 기업들에게도 실질적인 도움이... ",https://www.meconomynews.com/news/articleView.html?idxno=201446,https://www.meconomynews.com/news/articleView.html?idxno=201446,"Thu, 10 Sep 2026 00:56:00 +0900",2026-09-10 09:55:42
뷰티/화장품,K뷰티 수출,"잘나가는 K뷰티, 경쟁무기도 진화한다",K-뷰티의 글로벌 성장세가 이어지면서 국내 화장품 업계의 경쟁 방식도 빠르게 달라지고 있다. 단순히... 화장품 수출 확대에 따라 제품뿐 아니라 용기와 패키징에 대한 수요도 커지고 있다는 판단에서다. 우진플라임은... ,https://www.meconomynews.com/news/articleView.html?idxno=201445,https://www.meconomynews.com/news/articleView.html?idxno=201445,"Thu, 10 Sep 2026 00:48:00 +0900",2026-09-10 09:55:42
운송/물류,운송 주가,美 재무부 바이백 3배 확대...10년물 국채금리는 3년래 최고-[굿모닝 글...,간밤에는 이라크 영해에서 약 200만 배럴의 원유를 운송하고 있었던 파나마 국적의 유조선 뉴안드로스호가... 시장의 반응은 애플의 주가를 통해 짐작해 볼 수 있을 것 같은데요. 아이폰 듀오가 공개된 직후에는 가격... ,http://www.wowtv.co.kr/NewsCenter/News/Read?articleId=A202609100219&t=NN,https://n.news.naver.com/mnews/article/215/0001265470?sid=101,"Thu, 10 Sep 2026 06:58:00 +0900",2026-09-10 09:55:43
운송/물류,운송 주가,"[뉴욕증시] 유가 100달러 '사흘째 하락', 반도체 '선방'···SK하닉 7%↑...",골드만삭스는 중동 지역의 해상 운송 차질이 내년까지 이어질 것으로 보고 올해 말과 2027년 브렌트유 및... 공개했으나 주가는 0.28% 내렸다. 다만 시간외 거래에서는 반등했다. 마이크로소프트와 아마존도 각각 0.47... ,https://www.seoulfn.com/news/articleView.html?idxno=637627,https://www.seoulfn.com/news/articleView.html?idxno=637627,"Thu, 10 Sep 2026 06:55:00 +0900",2026-09-10 09:55:43
운송/물류,운송 주가,"[EBN 데이터센터] 뉴욕증시, '고물가·고금리'발 대형 기술주 약세에 일...","금융과 일부 전통 산업주가 선방했지만 지수 전반의 방향을 바꾸기에는 역부족이었다. ◆ 반도체는 선방, 운송지수는 상대적 부진 업종별로 보면 반도체가 상대적으로 견조했고, 운송주는 약세가 두드러졌다.... ",https://www.ebn.co.kr/news/articleView.html?idxno=1723680,https://www.ebn.co.kr/news/articleView.html?idxno=1723680,"Thu, 10 Sep 2026 06:50:00 +0900",2026-09-10 09:55:43
운송/물류,운송 주가,유가·금리 동반 급등에 코스피 먹구름…외국인 수급 변수로,"정유·에너지 관련주는 유가 상승의 수혜를 받을 수 있지만, 항공·운송 등 원가 부담이 커지는 업종에는... 이에 따라 국내에서도 미국 기술주 흐름을 반영해 반도체와 인공지능(AI) 관련주의 주가가 엇갈릴 가능성이... ",https://www.ebn.co.kr/news/articleView.html?idxno=1723682,https://www.ebn.co.kr/news/articleView.html?idxno=1723682,"Thu, 10 Sep 2026 06:48:00 +0900",2026-09-10 09:55:43
운송/물류,운송 주가,"[서울데이터랩]미국 증시, 대형 기술주 약세에 일제히 하락 마감…반도...","시장 전반의 위험회피 심리가 다소 강해진 가운데, 다우운송지수도 1.09% 하락해 경기민감주 전반의... 하지만 스페이스X는 3.86% 하락했고, 엔비디아와 애플도 약세를 보여 활발한 거래가 곧바로 주가... ",https://www.seoul.co.kr/news/economy/securities/2026/09/10/20260910500009?wlog_tag3=naver,https://n.news.naver.com/mnews/article/081/0003678781?sid=101,"Thu, 10 Sep 2026 06:39:00 +0900",2026-09-10 09:55:43
운송/물류,운송 주가,[뉴욕증시 마감사황] 다우 등 3대 지수 사흘째 하락…SK하이닉스 ADR 7% ...,반도체주가 일제히 오른 것은 아니었고 차별화 장세가 이어진 것도 눈길을 끌었다. AI 반도체주 가운데... 유가 상승이 상품 가격과 운송비 등을 통해 물가를 다시 끌어올릴 경우 연방준비제도의 금리 인하 기대가... ,https://www.moneystorm.kr/news/articleView.html?idxno=6373,https://www.moneystorm.kr/news/articleView.html?idxno=6373,"Thu, 10 Sep 2026 05:39:00 +0900",2026-09-10 09:55:43
운송/물류,물류 산업,"블랙스톤, 세번째 물류 투자…'산하 로지스틱스 파크 II' 지분 인수",남선우 ESR켄달스퀘어 대표는 &quot;이번 투자는 한국 물류산업의 장기적인 펀더멘탈에 대한 양사의 공통된 확신을 보여준다&quot;며 &quot;산하 로지스틱스 파크 II는 물류 자동화의 확대와 더불어 고도화되는 공급망 수요에... ,https://view.asiae.co.kr/article/2026091009483891115,https://n.news.naver.com/mnews/article/277/0005814443?sid=101,"Thu, 10 Sep 2026 09:48:00 +0900",2026-09-10 09:55:44
운송/물류,물류 산업,"부산진해경제자유구역청, 일본서 ‘한·일 물류포럼’ 개최 부산항·진...","이번 포럼은 제5회 BJFEZ 기업현장포럼의 일환으로 추진된 것으로, 경자청 개청 이후 처음으로 한국과 일본의 물류산업 관련 민ㆍ관이 한자리에 모여 양국 간 물류산업 협력의 새로운 가능성을 모색하는 자리로 마련됐다.... ",https://www.dnews.co.kr/uhtml/view.jsp?idxno=202609092233523300368,https://www.dnews.co.kr/uhtml/view.jsp?idxno=202609092233523300368,"Thu, 10 Sep 2026 09:42:00 +0900",2026-09-10 09:55:44
운송/물류,물류 산업,‘물류 베팅’ 늘리는 블랙스톤…ESR 수도권 33만㎡ 개발사업 과반 인수,남선우 ESR켄달스퀘어 대표는 “이번 투자는 한국 물류산업의 장기적인 펀더멘털에 대한 양사의 공통된 확신을 보여준다”며 “블랙스톤의 글로벌 플랫폼과 ESR켄달스퀘어의 국내 개발·운용 역량을 결합해 최고... ,https://www.hankyung.com/article/202609105683r,https://n.news.naver.com/mnews/article/015/0005330787?sid=101,"Thu, 10 Sep 2026 09:41:00 +0900",2026-09-10 09:55:44
운송/물류,물류 산업,"블랙스톤, ESR과 수도권 '물류센터 개발사업' 투자",남선우 ESR켄달스퀘어 대표는 &quot;이번 투자는 한국 물류산업의 장기적인 성장성에 대한 양사의 공통된 확신을 보여준다&quot;며 &quot;블랙스톤의 글로벌 플랫폼과 ESR의 국내 개발·운용 역량을 결합할 것&quot;이라고 밝혔다. 이번... ,https://www.yna.co.kr/view/AKR20260910039700008?input=1195m,https://n.news.naver.com/mnews/article/001/0016301599?sid=101,"Thu, 10 Sep 2026 09:32:00 +0900",2026-09-10 09:55:44
운송/물류,물류 산업,"이지에이아이, 군산국가산업단지 제조현장에 AI 안전관리 시스템 구축","AI 영상분석 안전관리 전문기업 이지에이아이가 전북 군산국가산업단지 내 자동차부품 제조기업에 AI 기반... 해당 사업장은 프레스·용접·도장 공정과 지게차 물류가 함께 운영되는 제조현장으로, 생산인력의 약 80%가... ",https://www.it-b.co.kr/news/articleView.html?idxno=89812,https://www.it-b.co.kr/news/articleView.html?idxno=89812,"Thu, 10 Sep 2026 09:30:00 +0900",2026-09-10 09:55:44
운송/물류,물류 산업,"산업부, '지식산업센터' 공실 대책·제도개선 방안 마련…입주 규제 없...","이에 따라 AI 앱 개발이나 도심형 소규모 물류센터, 드론 촬영서비스 등 기존에 업종 분류가 모호했던 신산업의 입주도 가능해질 전망입니다. 김정관 장관은 &quot;지식산업센터가 공급과잉과 공실 누적으로 어려움을 겪고... ",https://news.bbsi.co.kr/news/articleView.html?idxno=4105738,https://news.bbsi.co.kr/news/articleView.html?idxno=4105738,"Thu, 10 Sep 2026 09:30:00 +0900",2026-09-10 09:55:44
운송/물류,해운 시장,"롯데정밀화학-아모지, 그린암모니아 기반 청정 에너지 사업 MOU","청정수소 시장의 성장 기반을 마련하기 위해 추진됐다. 전날 열린 협약식에는 신동빈 롯데그룹 회장의... 우성훈 아모지(Amogy) 최고경영자(CEO)는 &quot;수소 충전, 분산형 발전, 해운 분야에서 의미 있는 성과를 창출할 수... ",https://www.mt.co.kr/industry/2026/09/10/2026091008355323262,https://n.news.naver.com/mnews/article/008/0005411806?sid=101,"Thu, 10 Sep 2026 09:10:00 +0900",2026-09-10 09:55:44
운송/물류,해운 시장,"암모니아 인프라로 청정 수소 만든다…롯데정밀화학, 美아모지와 협력","발전 시장의 성장 기반을 마련한다는 구상이다. 롯데정밀화학은 지난 9일 서울 사업장에서 아모지와... 기술력을 결합해 수소 충전, 분산형 발전, 해운 분야에서 의미 있는 성과를 창출할 수 있도록 노력하겠다”고 밝혔다.",https://www.sedaily.com/article/20089212?ref=naver,https://n.news.naver.com/mnews/article/011/0004660383?sid=101,"Thu, 10 Sep 2026 08:43:00 +0900",2026-09-10 09:55:44
운송/물류,해운 시장,"롯데정밀화학, 美 아모지와 그린암모니아 청정에너지 사업 협력","드론과 트럭, 선박 등에 적용해 실증했으며 데이터센터 등 상업용 발전 시장 진출도 추진하고 있다.... 회사는 아시아와 인도, 미주 등에서 청정암모니아를 조달해 발전·해운·수소 운반체 수요처에 공급하는 사업을... ",https://view.asiae.co.kr/article/2026091008360854071,https://n.news.naver.com/mnews/article/277/0005814320?sid=101,"Thu, 10 Sep 2026 08:36:00 +0900",2026-09-10 09:55:44
운송/물류,해운 시장,"해진공, 3억 달러 조달…대만서 4년 연속 외화채권 발행 성공",한국해양진흥공사(해진공)가 대만 금융시장에서 외화채권을 4년 연속 성공적으로 발행하는데 성공하며 3억... 해진공은 이번에 조달한 자금을 우리 해양 기업의 해외 사업 확대와 국내 해운선사의 핵심 운송 프로젝트... ,https://www.busan.com/view/busan/view.php?code=2026091007213708353,https://n.news.naver.com/mnews/article/082/0001397678?sid=101,"Thu, 10 Sep 2026 07:51:00 +0900",2026-09-10 09:55:44
운송/물류,해운 시장,[오늘의 이슈]브렌트유 100달러 돌파…오늘 네 마녀의 날,해운정보업체 마리스크는 이 유조선이 미국이 8일(현지시간) 공격해 운항 불능 상태로 만든 이란의 원유... 시장은 동결을 예상했다. 금융투자협회가 8월 13~19일 채권 관련 종사자 100명에게 물은 결과 79%가 동결을... ,http://www.newskr.kr/news/articleView.html?idxno=106248,http://www.newskr.kr/news/articleView.html?idxno=106248,"Thu, 10 Sep 2026 07:04:00 +0900",2026-09-10 09:55:44
운송/물류,해운 시장,"[Invest]북항 돔구장까지?…부산행 HMM, 늘어나는 청구서",문제는 HMM에 기대하는 역할이 해운산업의 범위를 넘어설 경우다. 현재 부산이 추진하는 북항 돔구장은 민간자본 없이는 성립하기 어려운 대형 개발사업이다.전재수 부산시장이 이끄는 인수위원회가 추산한 북항 돔구장... ,https://www.investchosun.com/site/data/html_dir/2026/09/09/2026090980095.html,https://www.investchosun.com/site/data/html_dir/2026/09/09/2026090980095.html,"Thu, 10 Sep 2026 07:00:00 +0900",2026-09-10 09:55:44
농업,농업 주가,딥시크도 올라탄 中테크 IPO 붐…올해 조달액 393% 급증,"초과배정 옵션을 포함한 최대 조달액은 666억위안으로, 2010년 중국농업은행의 685억위안에 이어 중국 본토 증시 역대 두 번째 규모다. 휴머노이드 로봇 기업 유니트리도 8월 상장을 통해 61억위안을 확보했다. 주가... ",http://www.newsian.co.kr/news/articleView.html?idxno=95104,http://www.newsian.co.kr/news/articleView.html?idxno=95104,"Thu, 10 Sep 2026 07:00:00 +0900",2026-09-10 09:55:45
농업,농업 주가,[비교섭단체 대표연설][전문] 신장식 &quot;검찰 개혁 후퇴 용납하면 민주당...,"주가 몇천이니, 이런 거 나랑 아무 상관 없습니다.&quot; 춘천 애호박 농가에서 만난 초로의 농부는 울먹이며 말했습니다. &quot;디스크가 터졌는데도 눈물을 흘리며 오이를 땄습니다.&quot; 폭염 재해가 가장 많은 산업이 농업이지만... ",https://www.polinews.co.kr/news/articleView.html?idxno=742658,https://www.polinews.co.kr/news/articleView.html?idxno=742658,"Wed, 09 Sep 2026 19:22:00 +0900",2026-09-10 09:55:45
농업,농업 주가,[AI MY 뉴스] 9일 중국증시 '유가·美 금리 부담 속 기술주 방향성 주목...,"중국증시 역시 전날 기술주가 약세를 보이고 에너지·농업·금 관련주로 자금이 이동했다. 상하이종합지수는 상승했지만 반도체와 정보보안, 신에너지 등 기술주가 하락하며 최근 AI 중심의 상승세가 일단 숨을 고르는... ",https://www.newspim.com/news/view/20260909000131,https://www.newspim.com/news/view/20260909000131,"Wed, 09 Sep 2026 08:59:00 +0900",2026-09-10 09:55:45
농업,농업 주가,"[DQN] 강태영號 농협은행, 자산리밸런싱으로 RWA '통제'···RoRWA ‘과제...","충당금과 농업지원사업비 부담이 커지면서 당기순이익도 감소했다. RWA 증가율이 순이익 증가율을... 시장리스크의 경우 보유 포지션 총액이 아니라 금리와 환율, 주가, 신용스프레드가 움직일 때 발생할 수... ",https://www.fntimes.com/html/view.php?ud=20260908190639231b4a7c6999c_18,https://www.fntimes.com/html/view.php?ud=20260908190639231b4a7c6999c_18,"Wed, 09 Sep 2026 07:00:00 +0900",2026-09-10 09:55:45
농업,농업 주가,[Who Is ?] 노동진 수협중앙회 회장,있다&quot;며 &quot;그러나 농업과 어로어업에 비해 비과세 혜택이 낮은 세법상 불이익이 있다&quot;고 말했다. 그동안... 당시 도이치모터스는 주가조작 혐의로 1심에서 유죄 판결을 받은 상태였으며 윤석열 대통령 배우자인... ,https://www.businesspost.co.kr/BP?command=article_view&num=445939,https://www.businesspost.co.kr/BP?command=article_view&num=445939,"Wed, 09 Sep 2026 07:00:00 +0900",2026-09-10 09:55:45
농업,농업 주가,"中공장, 로봇·AI만으로 원가 낮춰 1위 전략… 한국에 최대 위협 [최광숙...",제조·물류·농업·의료에 AI를 입히면 데이터가 폭발하고 AI 성능이 다시 올라가는 선순환이 생긴다.... 상장해 주가가 폭등했다. “1600만 원짜리 휴머노이드가 로봇 시장의 문법을 바꿨다. 테슬라 옵티머스보다 싸고 더... ,https://www.seoul.co.kr/news/editOpinion/column/inside-story-cgs/2026/09/09/20260909024001?wlog_tag3=naver,https://n.news.naver.com/mnews/article/081/0003678268?sid=102,"Wed, 09 Sep 2026 05:13:00 +0900",2026-09-10 09:55:45
농업,농업 주가,[미국 특징주] 산업재 종목 랠리 끝났나…AI 훈풍 꺼지고 유가는 상승,"지난 몇 주간 고공행진하던 산업재 기업들의 주가 모멘텀이 갑작스럽게 반전되면서, 일부 투자자들... 운송업 부진, 농업엔 기대감 GE 에어로스페이스(GE)와 RTX(RTX) 역시 지수가 마지막 최고치를 기록한 이후 가장 큰... ",https://www.newspim.com/news/view/20260909000028,https://www.newspim.com/news/view/20260909000028,"Wed, 09 Sep 2026 01:17:00 +0900",2026-09-10 09:55:45
농업,농업 주가,[亞증시-종합] 기술주 약세 속 대부분 하락…中만 혼조,"중국판 엔비디아로 꼽히는 무어스레드 주가는 보호예수 기간 만료로 이틀 연속 급락했다. 전일 20% 폭락한 데 이어 이날도 5% 가까이 밀렸다. 다만, 농업과 에너지주들이 강세를 보이며 낙폭을 상쇄했다. 중국 정부가... ",https://news.einfomax.co.kr/news/articleView.html?idxno=4433949,https://news.einfomax.co.kr/news/articleView.html?idxno=4433949,"Tue, 08 Sep 2026 19:26:00 +0900",2026-09-10 09:55:45
농업,농업 주가,[중국증시-마감] 기술주 약세 속 혼조,"중국판 엔비디아로 꼽히는 무어스레드 주가는 보호예수 기간 만료로 이틀 연속 급락했다. 전일 20% 폭락한 데 이어 이날도 5% 가까이 밀렸다. 다만, 농업과 에너지주들이 강세를 보이며 낙폭을 상쇄했다. 중국 정부가... ",https://news.einfomax.co.kr/news/articleView.html?idxno=4433942,https://news.einfomax.co.kr/news/articleView.html?idxno=4433942,"Tue, 08 Sep 2026 18:16:00 +0900",2026-09-10 09:55:45
농업,농업 주가,美·加 관세 전쟁에 도요타·혼다 비상··· 현대차·기아 반사이익 '청...,다만 이런 기대가 아직 주가 상승으로 이어지고 있는 것은 아니다. 8일 현대차와 기아 주가는 나란히 2... 가전·농업 장비·전자제품 등이 포함됐다. 미국산 자동차에 적용해 온 기존 보복관세도 유지된다. 더 큰... ,https://www.greenpostkorea.co.kr/news/articleView.html?idxno=307419,https://www.greenpostkorea.co.kr/news/articleView.html?idxno=307419,"Tue, 08 Sep 2026 17:02:00 +0900",2026-09-10 09:55:45
농업,농업 주가,"[중국증시 마감] 지수 혼조…엘리뇨 우려에 농업주 강세, 반도체·전자 ...","오전부터 농업·농화학 관련주가 강세를 보였고, 오후에는 석유·가스와 의료서비스 등으로 매수세가 확산됐다. 상하이종합지수는 상승했지만 성장주 비중이 높은 창업판과 커촹50지수는 큰 폭으로 하락했다. 반면... ",https://www.newspim.com/news/view/20260908001012,https://www.newspim.com/news/view/20260908001012,"Tue, 08 Sep 2026 16:13:00 +0900",2026-09-10 09:55:45
농업,농업 주가,[정국진단] 최수진 &quot;'수사 대상' 모아놓은 청문회…김승원 제넨셀 사태...,최 의원은 김승원 법무부 장관 후보자의 제넨셀 관련 의혹에 대해 &quot;전형적인 주가 조작 사기극&quot;이라고 했다.... 최 의원은 또 &quot;영산강과 섬진강 일대는 이미 수천만 톤의 공업·농업용수가 부족한 상태이며 댐 건설... ,https://www.newspim.com/news/view/20260908000532,https://www.newspim.com/news/view/20260908000532,"Tue, 08 Sep 2026 11:14:00 +0900",2026-09-10 09:55:45
농업,농업 주가,[오늘의 신문] 수출은 일본 넘고 코스피는 7000 눈앞…청년·가계·지방...,"중국 국영 금융기관 3600억위안 증자 추진중국 정부가 공상은행과 농업은행, 보험사 등 국영 금융기관 8곳에... 수출액이 일본을 앞서고 주가지수가 오르는 것은 의미 있는 성과다. 그러나 반도체와 일부 대기업에... ",http://kor.theasian.asia/archives/414897,http://kor.theasian.asia/archives/414897,"Tue, 08 Sep 2026 09:16:00 +0900",2026-09-10 09:55:45
농업,농업 주가,[넥스트-샷] 노동절 맞아 하루 쉬어갑니다···휴장 뒤 가장 먼저 볼 것...,오히려 주가가 강해야 할 것 같지만 실제 통계는 정반대입니다. 1950년 이후 S&amp;P 500의 9월 평균 수익률은 약... 직전 거래일인 4일 발표된 미국의 8월 비농업 고용은 16만2000명 증가해 시장 전망치 5만6000명의 약 세 배에... ,https://www.womaneconomy.co.kr/news/articleView.html?idxno=258429,https://www.womaneconomy.co.kr/news/articleView.html?idxno=258429,"Tue, 08 Sep 2026 08:00:00 +0900",2026-09-10 09:55:45
농업,농업 주가,"국민의힘 장동혁·정점식 “이재명 정부 국정 참사, 개각 철회하라”","장동혁 대표는 이재명 정권의 국정 성과 부재와 부동산 및 주가 폭락 사태를 지적하며, 연임... 대해 농업인의 현실을 외면한 처사라고 강하게 규탄했다. 농해수위 위원들은 &quot;현실과 동떨어진... ",http://www.breaknews.com/1234800,http://www.breaknews.com/1234800,"Tue, 08 Sep 2026 07:28:00 +0900",2026-09-10 09:55:45
농업,농업 주가,"中, 금융사 8곳에 60조 원 투입한다…기업·가계 대출 확대","홍콩 증시 장 초반 공상은행 주가는 0.78%, 농업은행은 0.69% 내렸다. 인민보험은 큰 변동이 없었다. 블룸버그인텔리전스는 이번 증자로 공상은행과 농업은행의 연율 주당순이익이 각각 3.5%, 6.3% 희석될 수 있다고... ",https://www.sedaily.com/article/20088169?ref=naver,https://n.news.naver.com/mnews/article/011/0004659516?sid=104,"Tue, 08 Sep 2026 06:46:00 +0900",2026-09-10 09:55:45
농업,농산물 시장,해남 화원농협 '이맑은김치' 전국 식탁 사로잡다…K-푸드 열풍 속 빛나...,"이으며 시장을 선도해 눈길을 끌고 있다. 화원농협은 전국 월동배추 생산량의 75%를 차지하는 해남의 지리적 이점을 살려, 엄선된 우리 농산물만을 원재료로 고집한다. 핵심 원료인 배추는 파종부터 수확까지 농협... ",https://www.youngnong.co.kr/news/articleView.html?idxno=70186,https://www.youngnong.co.kr/news/articleView.html?idxno=70186,"Thu, 10 Sep 2026 09:44:00 +0900",2026-09-10 09:55:46
농업,농산물 시장,"최동익 특별시의원, 전남광주통합특별시 운영 '남도장터' 할인, 비판","특히 &quot;남도장터가 추석처럼 농산물 소비가 늘어나는 시기에 대규모 할인을 반복하기보다, 홍수출하로 농산물이 한꺼번에 시장에 나와 가격이 떨어지거나 판매에 어려움을 겪을 때 지원을 집중해야 한다&quot;고 말했다. 이어... ",https://www.nocutnews.co.kr/news/6575908?utm_source=naver&utm_medium=article&utm_campaign=20260910092305,https://n.news.naver.com/mnews/article/079/0004187819?sid=102,"Thu, 10 Sep 2026 09:24:00 +0900",2026-09-10 09:55:46
농업,농산물 시장,트럼프 중간선거 ‘빨간불’...고유가·고금리·관세전쟁 겹악재,"유가 상승은 휘발유와 디젤 등 연료비뿐 아니라 운송비와 석유화학제품, 농산물 가격 등에 광범위한 영향을... 트럼프 대통령이 연방준비제도(Fed·연준)에 지속적으로 금리 인하를 압박하고 있지만 시장에서는 유가... ",https://www.m-economynews.com/news/article.html?no=70584,https://www.m-economynews.com/news/article.html?no=70584,"Thu, 10 Sep 2026 09:14:00 +0900",2026-09-10 09:55:46
농업,농산물 시장,추석 명절 대비 농축산물 원산지 등 위반행위 집중 단속,"전통시장, 온라인 통신판매, 배달음식점 등 원산지, 축산물이력표시 취약분야 중심으로 농축산물과 가공품을 판매하거나 판매 목적으로 진열하는 업소와 음식점 등이다. 이번 단속에 농관원 특별사법경찰관과 농산물... ",https://www.aflnews.co.kr/news/articleView.html?idxno=327867,https://www.aflnews.co.kr/news/articleView.html?idxno=327867,"Thu, 10 Sep 2026 09:12:00 +0900",2026-09-10 09:55:46
농업,농산물 시장,"대전시, 추석 앞두고 농수산물 원산지 특별점검","앞두고 농수산물 원산지 표시 특별점검에 나섭니다. 대전시는 국립농산물품질관리원 충남지원과 함께 전통시장과 도매시장, 소매점 등에서 성수품과 수입 수산물의 원산지 표기 여부를 집중적으로 살펴볼 예정입니다.",https://news.kbs.co.kr/news/pc/view/view.do?ncd=8659771&ref=A,https://n.news.naver.com/mnews/article/056/0012254646?sid=101,"Thu, 10 Sep 2026 09:11:00 +0900",2026-09-10 09:55:46
농업,농산물 시장,[김포시 소식] 김포시 스마트공장 우수기업 현장 견학 외,김포시(시장 이기형)가 관내 중소 제조기업의 생산 경쟁력 강화를 위해 스마트공장 우수기업의 실제 공정과... ◇김포 농가도 'AI·숏폼 시대'...홍보영상이 실제 농산물 판매로. 김포지역 농업인들이 생성형 AI와 숏폼을... ,http://www.enewstoday.co.kr/news/articleView.html?idxno=2468894,http://www.enewstoday.co.kr/news/articleView.html?idxno=2468894,"Thu, 10 Sep 2026 09:00:00 +0900",2026-09-10 09:55:46
농업,농산물 시장,"용인시, 철원군과 18번째 자매도시…&quot;상생발전 계기&quot;",이상일 시장은 &quot;대한민국 반도체 산업의 중심지로 발전하는 용인은 향후 인구 증가에 따른 농축산물 소비가 크게 늘어날 것&quot;이라며 &quot;용인의 훌륭한 농산물과 함께 철원의 우수한 농산물이 용인에서 많이 소비되도록... ,https://www.sidae.com/article/2026091008345272282,https://n.news.naver.com/mnews/article/417/0001157888?sid=102,"Thu, 10 Sep 2026 08:59:00 +0900",2026-09-10 09:55:46
농업,농산물 시장,유가 100달러·금리 폭등... 트럼프 고집에 미국인 이자·물가 폭탄 맞았...,"유가 상승은 디젤과 휘발유 등 연료비는 물론 석유화학 제품, 운송비, 농산물 가격까지 연쇄적으로 자극하며... 트럼프 대통령이 연일 연방준비제도(Fed)에 금리 인하를 압박하고 있지만, 시장은 유가 상승과 눈덩이처럼... ",https://www.pinpointnews.co.kr/news/articleView.html?idxno=485638,https://www.pinpointnews.co.kr/news/articleView.html?idxno=485638,"Thu, 10 Sep 2026 08:32:00 +0900",2026-09-10 09:55:46
농업,농산물 시장,11월 중간선거 앞둔 트럼프…&quot;고유가·고금리·관세&quot; 악재,"운송비와 농산물 가격 등에 전방위적으로 파급된다. 이미 고물가로 촉발된 생활비 감당 가능성(Affordability)... 트럼프 대통령은 연일 연방준비제도(Fed·연준)에 금리를 내리라고 압박하지만, 시장에선 유가 상승과 미... ",https://www.jnilbo.com/news/articleView.html?idxno=90000064092,https://www.jnilbo.com/news/articleView.html?idxno=90000064092,"Thu, 10 Sep 2026 08:26:00 +0900",2026-09-10 09:55:46
농업,농산물 시장,고유가·고금리에 관세전쟁까지…악재 쌓이는 트럼프의 중간선거,"운송비와 농산물 가격 등에 전방위적으로 파급된다. 이미 고물가로 촉발된 생활비 감당 가능성(Affordability)... 트럼프 대통령은 연일 연방준비제도(Fed·연준)에 금리를 내리라고 압박하지만, 시장에선 유가 상승과 미... ",https://www.yna.co.kr/view/AKR20260910015300071?input=1195m,https://n.news.naver.com/mnews/article/001/0016301336?sid=104,"Thu, 10 Sep 2026 08:12:00 +0900",2026-09-10 09:55:46
농업,농산물 시장,창녕 미니양파 올해도 일본 간다… 16t 수출,수출 농산물로 각광받고 있다. 미니양파는 일반 양파보다 재배농가의 소득이 적으나 국내에서 유일하게... 진영웅 창녕군 농식품유통과장은 “양파 시배지인 창녕의 미니양파가 일본 시장을 넘어 더욱 널리 알려질 수... ,https://www.knnews.co.kr/news/articleView.php?idxno=1550572,https://www.knnews.co.kr/news/articleView.php?idxno=1550572,"Thu, 10 Sep 2026 07:50:00 +0900",2026-09-10 09:55:46
농업,농산물 시장,[패트롤] 용인시-성남시-경기광주시-이천시-여주시-광주시의회,"이상일 시장은 용인이 대규모 반도체 투자가 이어지며 성장하는 도시인 만큼, 인구 증가에 발맞춰 철원의 우수한 농산물 소비와 홍보에 적극 협력하겠다고 말했다. 아울러 철원의 아름다운 자연과 역사를 시민들에게 알려... ",https://www.ekn.kr/web/view.php?key=20260910023562911,https://www.ekn.kr/web/view.php?key=20260910023562911,"Thu, 10 Sep 2026 07:20:00 +0900",2026-09-10 09:55:46
농업,농산물 시장,‘2027 논산세계딸기산업엑스포’ 민간위원장에 김주양 농협경제지주 대...,농협의 농산물 유통·경제 사업을 총괄하는 김주양 농협경제지주 대표이사가 선임됐다. 논산세계딸기산업엑스포조직위원회(공동위원장 박수현 충남지사·백성현 논산시장)는 9일 농협 충남세종본부에서 위촉식을 열고... ,https://www.munhwa.com/article/11615882?ref=naver,https://n.news.naver.com/mnews/article/021/0002817653?sid=102,"Thu, 10 Sep 2026 07:19:00 +0900",2026-09-10 09:55:46
농업,농산물 시장,롯데웰푸드 ‘의성마늘’·오뚜기 ‘완도전복’…식품업계 휩쓰는 ‘지...,"과거에는 지역 농산물을 단순 원재료 형태로 일회성 구매하는 수준에 그쳤다면, 최근에는 초기 제품... 지난 2006년 경북 의성군과 첫 협력을 시작한 이래 ‘의성마늘햄’을 시장에 안착시키며 지역 특산물의 상품화와... ",https://www.sportsseoul.com/news/read/1633526?ref=naver,https://n.news.naver.com/mnews/article/468/0001265304?sid=101,"Thu, 10 Sep 2026 07:00:00 +0900",2026-09-10 09:55:46
