industry,keyword,title,description,originallink,link,pubDate,collected_at
반도체,반도체 주가,"[특징주] 삼성전자·SK하이닉스, AI 투자 우려 완화에 동반 강세",김 본부장은 “현재 반도체 주가는 AI 투자 둔화를 선반영하고 있지만 실제 주문은 오히려 강한 흐름이 지속되고 있다”며 삼성전자와 SK하이닉스를 최선호주로 제시했다.,https://www.etoday.co.kr/news/view/2626127,https://www.etoday.co.kr/news/view/2626127,"Wed, 16 Sep 2026 10:02:00 +0900",2026-09-16 10:10:19
반도체,반도체 주가,美 10년물 5% 돌파…연준·BOJ 동시 금리인상 임박,"반도체주가 전반적으로 약세를 보인 반면, LG에너지솔루션(3.98%)·에코프로비엠(2.98%) 등 2차전지주와 코스닥 종목들은 강세를 나타내며 뚜렷한 업종 간 차별화 흐름이 전개됐다. ■ 삼성 테일러팹 2나노 시제품... ",https://www.sedaily.com/article/20091447?ref=naver,https://n.news.naver.com/mnews/article/011/0004662359?sid=101,"Wed, 16 Sep 2026 10:01:00 +0900",2026-09-16 10:10:19
반도체,반도체 주가,"코스피, FOMC 앞두고 '눈치보기'…하락 출발 후 상승 전환","다만 간밤 미국 증시에서 엔비디아와 마이크론, AMD 등 주요 반도체주가 상승한 점은 국내 증시에 긍정적으로 작용하고 있다. 특히 한국시간으로 17일 새벽 예정된 미국 연방공개시장위원회(FOMC)의 기준금리... ",https://www.nocutnews.co.kr/news/6578845?utm_source=naver&utm_medium=article&utm_campaign=20260916095817,https://n.news.naver.com/mnews/article/079/0004189839?sid=101,"Wed, 16 Sep 2026 09:59:00 +0900",2026-09-16 10:10:19
반도체,반도체 주가,메모리 수요 폭증 VS. 인류 목숨 건 도박...오픈AI ‘아스트라’에 엇갈...,"오픈AI의 발표 다음날인 4일, 필라델피아 반도체 지수는 약세장 속에서도 3.38% 올랐습니다. AI가 사람이... 이 소식에 GPU가 아닌 메모리 회사 주가가 급등했습니다. 벤치마크를 주관하는 ARC 프라이즈 재단은... ",https://www.chosun.com/special/2026/09/16/TLV42B3V4FATHM2UV56CCB3XFU/?utm_source=naver&utm_medium=referral&utm_campaign=naver-news,https://n.news.naver.com/mnews/article/023/0003998718?sid=004,"Wed, 16 Sep 2026 09:56:00 +0900",2026-09-16 10:10:19
반도체,반도체 주가,ESS 성장 기대에 힘받는 2차전지株,"여러 대외 악재에 상반기 주도주였던 반도체 업종이 주춤해지면서 투자자들의 시선이 ESS... 같은 기간 상반기 국내 증시 주도주였던 삼성전자와 SK하이닉스 주가도 각각 26.69%, 36.62% 하락했다. 올해 초 휴머노이드... ",http://www.smedaily.co.kr/news/articleView.html?idxno=363273,http://www.smedaily.co.kr/news/articleView.html?idxno=363273,"Wed, 16 Sep 2026 09:54:00 +0900",2026-09-16 10:10:19
반도체,반도체 주가,"KB증권, &quot;AI투자 확대에 주목&quot; 삼전닉스 반도체 주가 회복 전망","김동원 본부장은 그동안 반도체 주가가 수요 불확실성에 조정 받는 경향이 있었지만, 이번에는 생산능력의 70%를 장기공급계약으로 묶어놓은 점에서 과거와 다르다고 분석했다. 나아가 AI 개발 속도 둔화 우려와 달리... ",https://www.ppss.kr/news/articleView.html?idxno=310915,https://www.ppss.kr/news/articleView.html?idxno=310915,"Wed, 16 Sep 2026 09:52:00 +0900",2026-09-16 10:10:19
반도체,반도체 주가,"코스피, 고금리·고유가 부담 딛고 상승 전환...6650선","다만 전날 급락했던 AI 관련주가 뉴욕증시에서 반등하면서 국내 반도체주에도 저가 매수세가 유입되고 있다. 코스피 시가총액 상위 종목 가운데 삼성전자는 전 거래일 대비 0.40% 상승한 24만9500원, SK하이닉스는... ",https://www.greened.kr/news/articleView.html?idxno=350185,https://www.greened.kr/news/articleView.html?idxno=350185,"Wed, 16 Sep 2026 09:50:00 +0900",2026-09-16 10:10:19
반도체,반도체 주가,외인들 '삼전닉스' 10조 던졌다…'매도 폭탄' 벌어진 이유 [종목+],외국인의 순매도 상위 10위권 종목에는 전부 반도체주가 포함됐다. 외국인은 한미반도체(-3645억원·4위)를 삼성전자 우선주 다음으로 많이 팔았고 DB하이텍(-2432억원·5위) 주성엔지니어링(-1578억원·6위) 원익IPS... ,https://www.hankyung.com/article/2026091673556,https://n.news.naver.com/mnews/article/015/0005332828?sid=101,"Wed, 16 Sep 2026 09:49:00 +0900",2026-09-16 10:10:19
반도체,반도체 주가,"코스피, 보합권서 등락…FOMC 앞두고 눈치보기 장세(종합)","시가총액 상위 종목 중 삼성전자(0.10%), SK하이닉스(0.95%) 등 반도체주가 상승 중이며, LG에너지솔루션(1.92%), 한화에어로스페이스(0.94%), 셀트리온(0.14%) 등이 오르고 있다. 반면 SK스퀘어(-0.10%), 현대차(-1.23... ",https://www.yna.co.kr/view/AKR20260916045000008?input=1195m,https://n.news.naver.com/mnews/article/001/0016313643?sid=101,"Wed, 16 Sep 2026 09:42:00 +0900",2026-09-16 10:10:19
반도체,반도체 주가,[뉴욕증시포커스] 美 10년물 장중 5% 돌파…주요 3대지수 이틀째 하락,일부 반도체주가 반등했지만 장기금리 상승에 대한 부담을 상쇄하기에는 역부족이었다. 특히 나스닥지수는 주요 지수 가운데 가장 큰 하락률을 기록하며 금리에 민감한 모습을 보였다. 향후 증시 방향은 FOMC 결과와... ,https://www.goodkyung.com/news/articleView.html?idxno=291447,https://www.goodkyung.com/news/articleView.html?idxno=291447,"Wed, 16 Sep 2026 09:40:00 +0900",2026-09-16 10:10:19
반도체,반도체 주가,"기가레인 주가, 상한가... 무슨 회사길래?","사진=기가레인 기가레인 주가가 상한가를 기록 중이다. 16일 오전 9시 37분 KRX 기준 기가레인은 전... 기가레인은 지난 2000년 설립된 통신장비·반도체 장비 기업으로, 2013년 코스닥 시장에 상장했다. RF... ",https://www.ggilbo.com/news/articleView.html?idxno=1181998,https://www.ggilbo.com/news/articleView.html?idxno=1181998,"Wed, 16 Sep 2026 09:38:00 +0900",2026-09-16 10:10:19
반도체,반도체 주가,"[서울데이터랩]코스피, 장 초반 6635.05로 반등…외국인·기관 매도 속 ...","59, 52주 최저는 3365.73이다. 당분간은 반도체 대형주 주가 흐름과 외국인 수급, 장중 변동성 확대 여부가 지수 방향을 가를 핵심 변수로 꼽힌다. [서울신문과 MetaVX의 생성형 AI가 함께 작성한 기사입니다]",https://www.seoul.co.kr/news/economy/securities/2026/09/16/20260916500036?wlog_tag3=naver,https://n.news.naver.com/mnews/article/081/0003680689?sid=101,"Wed, 16 Sep 2026 09:38:00 +0900",2026-09-16 10:10:19
반도체,반도체 주가,중화권 OLED 투자 재개 소식에 디스플레이 장비·부품株 상승랠리,"파인텍, 우리이앤엘하루틴, 서울반도체, 유아이디, 오성첨단소재, 이녹스첨단소재 등이 오름세를 나타내고 있다. 패널용 부품과 소재, LED 관련 제품 등 각 기업의 사업 영역에 따라 개별적인 주가 흐름이 나타나는... ",https://www.pinpointnews.co.kr/news/articleView.html?idxno=487444,https://www.pinpointnews.co.kr/news/articleView.html?idxno=487444,"Wed, 16 Sep 2026 09:36:00 +0900",2026-09-16 10:10:19
반도체,반도체 주가,"코스피, FOMC 경계 속 6600선 보합권 출발···시총 상위주 혼조",들어 반도체와 비반도체 업종이 동반 약세를 보이고 외국인 순매도 압력도 높아진 점이 증시... 간밤 뉴욕증시에서 3대 주가지수는 이틀째 동반 하락했다. 15일(현지시간) 뉴욕증권거래소에서... ,https://www.seoulfn.com/news/articleView.html?idxno=638080,https://www.seoulfn.com/news/articleView.html?idxno=638080,"Wed, 16 Sep 2026 09:36:00 +0900",2026-09-16 10:10:19
반도체,반도체 주가,KB증권 “반도체 반등 준비할 시점 왔다”…삼전·닉스 최선호주 제시,"16일 김동원 KB증권 리서치본부장은 보고서를 통해 “현재 반도체 주가는 인공지능(AI) 투자 둔화를 선반영하고 있지만, 실제 주문은 오히려 강한 흐름이 지속되고 있다”면서 “최근 반도체 시장은 실적보다는 AI 기술... ",https://www.munhwa.com/article/11617369?ref=naver,https://n.news.naver.com/mnews/article/021/0002819119?sid=101,"Wed, 16 Sep 2026 09:36:00 +0900",2026-09-16 10:10:19
반도체,반도체 주가,"코스피, 장초반 강보합…통신장비株 동반 강세",노동길 신한투자증권 연구원은 &quot;AI 수요의 정점이 아직 확인되지 않았는데도 반도체주는 조정을 받았고... 3%) 등 네트워크·통신장비 관련주가 동반 강세다.서울외환시장에서 원·달러 환율은 전 거래일보다 12.2원... ,https://news.mtn.co.kr/news-detail/2026091609281656457,https://news.mtn.co.kr/news-detail/2026091609281656457,"Wed, 16 Sep 2026 09:34:00 +0900",2026-09-16 10:10:19
반도체,반도체 주가,"쎄크, HBM 검사장비 공급 기대에 장 초반 14%대 급등[특징주]","고대역폭메모리(HBM)용 X-ray 검사장비 공급 기대와 한화에어로스페이스향 방산 장비 수주가 부각되면서... 관련 기술을 기반으로 반도체와 2차전지, 방산용 비파괴 검사장비 등으로 사업 영역을 넓혀왔다.... ",https://www.newsway.co.kr/news/view?ud=2026091609270177314,https://www.newsway.co.kr/news/view?ud=2026091609270177314,"Wed, 16 Sep 2026 09:32:00 +0900",2026-09-16 10:10:19
반도체,반도체 주가,"[개장시황] 코스피, 美 FOMC 경계 숨고르기…6600 보합권 등락","시가총액 상위 종목에서는 반도체와 2차전지주가 강세다. 같은 시각 삼성전자는 0.10% 오른 24만8750원, SK하이닉스는 0.77% 상승한 170만3000원에 거래되고 있다. 삼성전자우는 1.98% 오른 19만800원을 기록하고 있다.... ",https://www.newspim.com/news/view/20260916000151,https://www.newspim.com/news/view/20260916000151,"Wed, 16 Sep 2026 09:30:00 +0900",2026-09-16 10:10:19
반도체,반도체 주가,美 국채금리 5%의 의미…왜 K증시까지 흔들리나요 [QnA],더구나 왜 반도체주가 상대적으로 더 큰 충격을 받는 걸까요. 미국 국채금리와 국내 증시의 관계를 Q&amp;A로 풀어봤습니다. Q. 미국 국채금리는 왜 갑자기 5%까지 오른 건가. 최근 미 국채금리를 끌어올린 가장 직접적인... ,https://www.sisajournal.com/news/articleView.html?idxno=387355,https://n.news.naver.com/mnews/article/586/0000138276?sid=101,"Wed, 16 Sep 2026 09:30:00 +0900",2026-09-16 10:10:19
반도체,반도체 주가,삼성전자·SK하이닉스 동반 상승…美 반도체주 반등에 투심 회복[핫스탁...,"간밤 뉴욕증시는 미국 국채금리와 국제유가 상승 부담에 하락했지만, 엔비디아를 비롯한 주요 반도체주가 반등하면서 국내 반도체주 투자심리에도 힘을 보태는 모습이다. 한국거래소에 따르면 이날 삼성전자와... ",https://www.newsis.com/view/NISX20260916_0003791379,https://n.news.naver.com/mnews/article/003/0014193193?sid=101,"Wed, 16 Sep 2026 09:29:00 +0900",2026-09-16 10:10:19
반도체,반도체 산업,AI속도조절론의 속내?…美서 “카르텔의 사다리 걷어차기” 비판,그러나 스타트업 경영진은 아모데이식 AI 속도조절론이 대형 AI 기업이 룰을 정하는 등 산업 지배력을 더욱 강화하는 결과로 이어질 수 있다고 우려했다. 반도체 설계 효율화 모델을 개발 중인 코그니칩의 파라지... ,https://www.kmib.co.kr/article/view.asp?arcid=9000012526&cp=nv,https://n.news.naver.com/mnews/article/005/0001873268?sid=101,"Wed, 16 Sep 2026 10:08:00 +0900",2026-09-16 10:10:20
반도체,반도체 산업,SK하이닉스 임단협 두 번째 만에 타결…성과급 현금 50%로 확대,반도체 산업은 업황에 따라 실적 변동폭이 큰 대표적인 경기순환 산업이다. SK하이닉스 역시 메모리 불황이었던 2023년 대규모 영업손실을 기록한 뒤 AI와 고대역폭메모리(HBM) 시장 확대에 힘입어 실적이 빠르게 회복된 바... ,https://www.pinpointnews.co.kr/news/articleView.html?idxno=487465,https://www.pinpointnews.co.kr/news/articleView.html?idxno=487465,"Wed, 16 Sep 2026 10:08:00 +0900",2026-09-16 10:10:20
반도체,반도체 산업,"[TOP's Pick] 넥사다이내믹스, 최대주주 변경후 첫 승부수...'AI GPU 서버'...","국내 반도체 업계는 고대역폭메모리(HBM), DDR 메모리, 엔터프라이즈 SSD 등 서버 핵심 부품에서는 경쟁력을... GPU 서버 생산시설은 시화 국가산업단지 공장 2층에 조성된다. 전체 약 3000제곱미터(㎡) 면적에 운영 및 생산... ",https://www.topdaily.kr/articles/111971,https://www.topdaily.kr/articles/111971,"Wed, 16 Sep 2026 10:07:00 +0900",2026-09-16 10:10:20
반도체,반도체 산업,AI 속도조절 논쟁에 광통신주 요동…빛샘전자 21%·라이콤 13% 급등,"세계 인공지능(AI) 산업에서 '더 빠르게 갈 것인가, 속도를 조절할 것인가'를 둘러싼 논쟁이 거세지는... 이 같은 논쟁이 증시에서 중요한 이유는 AI 개발 속도가 데이터센터 투자와 반도체, 전력기기, 광통신 등... ",https://www.cbci.co.kr/news/articleView.html?idxno=607230,https://www.cbci.co.kr/news/articleView.html?idxno=607230,"Wed, 16 Sep 2026 10:06:00 +0900",2026-09-16 10:10:20
반도체,반도체 산업,"장철민 &quot;피지컬 AI, 성장 동력 되도록 제조 혁신 뒷받침&quot; [2026 경제산업...","그는 &quot;AI 시대 산업 경쟁력은 결국 제조 현장에서 결정된다&quot;며 &quot;반도체와 자동차, 조선, 방산 등 우리가 가진 제조 역량에 AI를 결합하고 이를 뒷받침할 소·부·장 경쟁력까지 함께 세워야만 한다&quot;고 강조했다. 이어 &quot;오늘... ",https://www.dailian.co.kr/news/view/1690778/?sc=Naver,https://n.news.naver.com/mnews/article/119/0003133227?sid=100,"Wed, 16 Sep 2026 10:06:00 +0900",2026-09-16 10:10:20
반도체,반도체 산업,[이슈PICK+] AI 고노출 일자리도 '수도권 쏠림'···20대는 지역 관계없...,정민수 한은 지역경제조사팀장은 &quot;산업을 중심으로 노출도를 계산하면 산업 비즈니스 사이클이 영향을... 이 같은 상황은 이미 종사자 수의 수도권 비중이 70%를 넘긴 지식서비스(71.9%)와 반도체 제조업(74.4%)의 집적도를... ,https://www.todaykorea.co.kr/news/articleView.html?idxno=406137,https://www.todaykorea.co.kr/news/articleView.html?idxno=406137,"Wed, 16 Sep 2026 10:04:00 +0900",2026-09-16 10:10:20
반도체,반도체 산업,[오늘의 신문] 유가 100달러·美 금리인상 압력…AI 수도권 쏠림·반도체...,"9월 16일 주요신문은 국제유가 급등과 미국 기준금리 인상 가능성, AI·반도체 산업의 팽창을 경제면의 핵심 뉴스로 다뤘다. 국내에서는 생성형 AI 일자리가 수도권에 집중되는 가운데 자동차보험 적자, 수입콩 부족... ",http://kor.theasian.asia/archives/415724,http://kor.theasian.asia/archives/415724,"Wed, 16 Sep 2026 10:04:00 +0900",2026-09-16 10:10:20
반도체,반도체 산업,JP모건 'AI 대출 중단설' 진실은?…'옥석 가리기' 강화,해당 펀드는 지난 7월 AI·반도체주 급락 과정에서 운용자산 가치가 67% 하락하며 대규모 마진콜을 받은... AI 산업 성장세가 이어지는 가운데 금융기관들은 자금 공급을 중단하기보다 수익성과 안정성이 검증된 프로젝트... ,http://www.joseilbo.com/news/news_read.php?uid=575782&class=18&grp=,https://n.news.naver.com/mnews/article/123/0002390286?sid=101,"Wed, 16 Sep 2026 10:03:00 +0900",2026-09-16 10:10:20
반도체,반도체 산업,"코스피, 장 초반 강보합…FOMC 경계감 속 눈치보기","다우존스30 산업평균지수는 0.63%, 스탠더드앤드푸어스(S&amp;P) 500지수는 0.45%, 나스닥 종합지수는 0.78% 각각... 39%) 등이 올랐고, 필라델피아반도체지수도 0.40% 상승했다. 시장은 한국시간 17일 새벽 발표되는 FOMC... ",https://www.sentv.co.kr/article/view/sentv202609160054,https://www.sentv.co.kr/article/view/sentv202609160054,"Wed, 16 Sep 2026 10:02:00 +0900",2026-09-16 10:10:20
반도체,반도체 산업,"SK이노, 'WCE 2026'서 AI데이터센터 겨냥한 '통합 에너지 솔루션' 선봬",에너지 생산부터 AI 데이터센터와 반도체에 이르기까지 AI 산업 전반의 역량을 소개한다. SK이노베이션 관계자는 &quot;AI 산업의 성장을 뒷받침하기 위해서는 대규모 전력을 안정적으로 공급할 수 있는 에너지 해법이... ,https://www.eroun.net/news/articleView.html?idxno=90188,https://www.eroun.net/news/articleView.html?idxno=90188,"Wed, 16 Sep 2026 10:02:00 +0900",2026-09-16 10:10:20
반도체,반도체 산업,"삼성·SK하이닉스, LTA가 바꾼 메모리 갑을관계…고객과 ‘깐부'",AI발 공급 부족에 장기계약 확산…업황 따라 뒤집히던 협상력서 ‘장기 동행’으로 메모리 반도체 시장에서... 그동안 메모리는 대표적인 사이클 산업으로 꼽혀왔다. 공급 부족으로 가격이 상승할 때는 물량을 쥔... ,https://dealsite.co.kr/articles/169071,https://dealsite.co.kr/articles/169071,"Wed, 16 Sep 2026 10:02:00 +0900",2026-09-16 10:10:20
반도체,반도체 산업,"세계 피지컬AI 시장 연 53% 성장…韓, 글로벌 기업 테스트베드 전락하나","산업연은 피지컬 AI 생태계의 핵심 요소로 폼팩터 개발·설계, 제조 특화 AI 행동 학습, 액추에이터, 로봇손, AI 파운데이션 모델, 온디바이스 AI 반도체 등 6가지를 꼽았다. 문제는 AI 로봇이 학습하는 행동 데이터가 특정... ",https://www.ajunews.com/view/20260916094832672,https://www.ajunews.com/view/20260916094832672,"Wed, 16 Sep 2026 10:02:00 +0900",2026-09-16 10:10:20
반도체,반도체 산업,"㈜켐토피아, AI 기반 LCA 자동화 시연…ESG 데이터 전환 및 제품환경규제...","실제 산업 현장의 적용 사례가 소개됐다. ‘AI가 여는 지속가능한 산업의 미래’를 부제로 진행된 이번... 기반 반도체 탄소발자국 시스템 구축, 중국 국가 단위 LCA 데이터베이스 구축 사례 등을 공유했다. 박상희... ",https://www.dnews.co.kr/uhtml/view.jsp?idxno=202609160944261660243,https://www.dnews.co.kr/uhtml/view.jsp?idxno=202609160944261660243,"Wed, 16 Sep 2026 10:02:00 +0900",2026-09-16 10:10:20
반도체,반도체 산업,"구미 천연가스발전소 준공...구미시, 첨단산업 투자유치 '전력' 갖췄다",구미시는 기존 국가산단의 전자·반도체·방산·이차전지 산업 기반에 안정적인 전력 인프라를 더해 제5산단을 중심으로 첨단기업이 투자하기 좋은 산업환경을 조성하고 기업 유치에 속도를 낼 계획이다. □ 501.4MW 발전소... ,https://www.wikitree.co.kr/articles/1159845,https://www.wikitree.co.kr/articles/1159845,"Wed, 16 Sep 2026 10:02:00 +0900",2026-09-16 10:10:20
반도체,반도체 산업,"한국-UAE, 디지털·첨단기술 협력 강화···투자 확대 나선다","한국은 반도체와 ICT, 모빌리티 등 기술·산업 경쟁력을 보유하고 있어 양국이 서로의 강점을 결합할 수 있는 분야가 적지 않다는 평가다. 정부는 향후 기업과 연구기관을 중심으로 실질적인 투자와 공동사업이 이어질... ",http://www.enewstoday.co.kr/news/articleView.html?idxno=2470787,http://www.enewstoday.co.kr/news/articleView.html?idxno=2470787,"Wed, 16 Sep 2026 10:02:00 +0900",2026-09-16 10:10:20
반도체,반도체 산업,"켐토피아, ESG 데이터 전환 컨퍼런스 개최…AI 기반 LCA 자동화 시연","전략과 산업 현장 적용 사례를 공유하기 위해 마련됐다. ‘AI가 여는 지속가능한 산업의 미래’를 부제로... 기반 반도체 탄소발자국 시스템 구축, 중국 국가 단위 LCA 데이터베이스 구축 사례 등을 공유했다. 박상희... ",https://www.hankyung.com/article/202609156235O,https://n.news.naver.com/mnews/article/015/0005332838?sid=101,"Wed, 16 Sep 2026 10:01:00 +0900",2026-09-16 10:10:20
반도체,반도체 산업,"한기대, 40여개 기업 참여 취업박람회…현장 채용상담","기업채용관에는 JB주식회사, KB오토시스, SFA반도체, 글로벌텍, 영림산업, 육군본부, 천안도시공사, 케이씨텍, 한국중부발전 등 33개사 인사담당자가 참여한다. 기업·직무 소개와 함께 채용계획, 인재상, 직무별 필요 역량... ",https://biz.heraldcorp.com/article/10874950?ref=naver,https://n.news.naver.com/mnews/article/016/0002697968?sid=101,"Wed, 16 Sep 2026 10:01:00 +0900",2026-09-16 10:10:20
반도체,반도체 산업,"한국피아이엠, AI 데이터센터 서버 적용 '양산 전제 시제품' 개발","국내에서도 정부가 반도체, 피지컬 AI, AI 데이터센터를 3대 메가프로젝트로 제시하고 관련 산업 생태계 강화에 나서고 있다. 한국피아이엠 관계자는 &quot;이번 프로토타입 개발 의뢰는 당사의 MIM(금속사출성형) 기반 초정밀... ",https://www.newspim.com/news/view/20260916000256,https://www.newspim.com/news/view/20260916000256,"Wed, 16 Sep 2026 09:59:00 +0900",2026-09-16 10:10:20
반도체,반도체 산업,【데일리 ESG 정책 브리핑】재생에너지 계약시장·핵심광물 규제특례,"가격 외에 국내 산업·공급망 및 안보 기여도 등 비가격 평가 지표도 반영하며, 낙찰된 설비는... 폐배터리·반도체 부산물 핵심광물 회수 규제특례 반도체 공정 부산물과 폐배터리·태양광폐패널에서 핵심광물을... ",http://www.impacton.net/news/articleView.html?idxno=20339,http://www.impacton.net/news/articleView.html?idxno=20339,"Wed, 16 Sep 2026 09:58:00 +0900",2026-09-16 10:10:20
반도체,HBM 시장,&quot;빅테크 AI 투자 상향…삼성전자·SK하이닉스 반등 준비 시점&quot;,16일 KB증권은 '반도체: 우려와 달리 주문은 더 강하다' 보고서에서 &quot;최근 반도체 시장은 실적보다 AI 기술... 김동원 리서치본부장 등 분석팀은 &quot;9월 현재 주요 고객사의 고대역폭메모리(HBM)와 고성능 D램 중심 메모리... ,https://news.einfomax.co.kr/news/articleView.html?idxno=4435126,https://news.einfomax.co.kr/news/articleView.html?idxno=4435126,"Wed, 16 Sep 2026 10:06:00 +0900",2026-09-16 10:10:20
반도체,HBM 시장,"넥사다이내믹스, 130억원 유상증자 납입 완료","이는 AI 산업 성장에 따라 확대되는 국내 고성능 서버 수요에 대응하고, 외산 의존도가 높은 AI 서버 시장에서 국산 제품의 입지를 확보하기 위한 전략이다. 한국은 고대역폭메모리(HBM)와 DDR 메모리, 엔터프라이즈 SSD... ",https://www.newspim.com/news/view/20260916000281,https://www.newspim.com/news/view/20260916000281,"Wed, 16 Sep 2026 10:05:00 +0900",2026-09-16 10:10:20
반도체,HBM 시장,"AI 속도 조절론?… “NO, 삼성전자·SK하이닉스 반등시점 도래”",(1755조원)로 시장 전망치가 기존 1조1000억 달러에서 상향 조정되고 있는 추세”라며 “9월 현재 주요 고객사의 HBM과 고성능 DRAM 중심의 메모리 주문에서 감소 조짐 역시 전혀 확인되지 않고 있다”고 꼬집었다.... ,https://www.segye.com/newsView/20260916504841?OutUrl=naver,https://n.news.naver.com/mnews/article/022/0004159424?sid=101,"Wed, 16 Sep 2026 10:04:00 +0900",2026-09-16 10:10:20
반도체,HBM 시장,IDTechEx &quot;구리선 시대 끝난다&quot;…200억 달러 CPO 시장 개막,영국 시장조사업체 IDTechEx는 2026년 9월 14일(현지시각) 백서에서 글로벌 공동 패키징 광학(CPO) 시장 규모가... 차세대 고대역폭메모리(HBM)와 CXL 인터페이스 역시 D램 다이와 컨트롤러를 빛으로 연결하는 광학 메모리... ,https://www.g-enews.com/view.php?ud=202609160959451114fbbec65dfb_1,https://www.g-enews.com/view.php?ud=202609160959451114fbbec65dfb_1,"Wed, 16 Sep 2026 10:02:00 +0900",2026-09-16 10:10:20
반도체,HBM 시장,"삼성·SK·LG, 기후산업국제박람회서 고효율 에너지 설루션 선봬","메모리(HBM) 등 SK그룹의 AI 관련 기술도 전시했다. LG전자는 HVAC부터 생활가전, TV·디스플레이까지 가정 내 에너지 사용영역 전반에서 활용할 수 있는 AI 기반 고효율 주거 설루션을 소개했다. 최근 국내 시장에 출시한... ",https://www.yna.co.kr/view/AKR20260916027000003?input=1195m,https://n.news.naver.com/mnews/article/001/0016313750?sid=101,"Wed, 16 Sep 2026 10:00:00 +0900",2026-09-16 10:10:20
반도체,HBM 시장,"KB증권 &quot;AI 개발 속도조절론에도 인프라 투자 늘어, 내년 메모리 공급부...","시장 전망치가 기존 1조1천억 달러에서 상향 조정되고 있는 것이다. 9월 현재 주요 반도체 고객사의 고대역폭메모리(HBM), D램 주문에서 감소 조짐은 확인되지 않고 있다. 김 본부장은 &quot;현재 고객사의 메모리 수요... ",https://www.businesspost.co.kr/BP?command=article_view&num=447303,https://www.businesspost.co.kr/BP?command=article_view&num=447303,"Wed, 16 Sep 2026 09:28:00 +0900",2026-09-16 10:10:20
반도체,HBM 시장,후공정으로 번지는 AI 투자 훈풍…한화투자 &quot;재평가 확산&quot;,HBM(고대역폭메모리) 생산 확대 과정에서 칩을 열과 압력으로 붙이는 열압착 본더(TC 본더)가 핵심 장비로... 노광·증착·식각 등 전공정 미세화에 집중됐던 장비 시장의 성장축이 첨단패키징으로 넓어질 수 있음을... ,https://news.bizwatch.co.kr/article/market/2026/09/16/0005,https://n.news.naver.com/mnews/article/648/0000050815?sid=101,"Wed, 16 Sep 2026 09:27:00 +0900",2026-09-16 10:10:20
반도체,HBM 시장,두 달 새 환율 200원 급락 직격탄...반도체·자동차·조선 주요 수출업종...,15일 서울 외환시장에서 환율은 1359.4원으로 마감했다. 지난 7월 연중 최고치인 1555.8원을 기록한 이후 급락 장세를 보이고 있다. 16일 업계에 따르면 반도체 업종의 경우 인공지능(AI) 열풍으로 고대역폭메모리(HBM)와... ,https://hbnpress.com/news/view/1065572128013995,https://hbnpress.com/news/view/1065572128013995,"Wed, 16 Sep 2026 09:26:00 +0900",2026-09-16 10:10:20
반도체,HBM 시장,"SK이노베이션, AI 전력시장 겨냥…'통합 에너지 설루션' 공개","다양한 에너지원을 효율적으로 통합·운영하는 AI 기반 'Intelligent Power Plant'를 비롯해 SK텔레콤의 'AI Factory', SK하이닉스의 고대역폭메모리(HBM) 등을 선보인다. 이를 통해 에너지 생산과 전력 운영부터 AI 데이터센터... ",https://www.energy-news.co.kr/news/articleView.html?idxno=228220,https://www.energy-news.co.kr/news/articleView.html?idxno=228220,"Wed, 16 Sep 2026 09:24:00 +0900",2026-09-16 10:10:20
반도체,HBM 시장,"타이거일렉, 판가 인상에 수율 상승 효과까지 '본격 반영'…분기 최대 ...","이어 &quot;비메모리향 로드보드 프로젝트 확대와 HBM4·HBM4E 양산 개시가 맞물리며 고사양 제품 비중이 빠르게... 우위 시장이 형성된 만큼 원재료인 CCL 가격 상승분을 반영한 추가적인 판가 인상이 예상되며, 고사양 제품... ",http://www.newsprime.co.kr/news/article.html?no=747882,http://www.newsprime.co.kr/news/article.html?no=747882,"Wed, 16 Sep 2026 08:52:00 +0900",2026-09-16 10:10:20
반도체,HBM 시장,"넥사다이내믹스, 130억원 유증 납입 완료… AI GPU 서버 국산화 착수",서버 시장에서 국산 제품의 입지를 확보하기 위한 전략&quot;이라고 말했다. 한국은 고대역폭메모리(HBM)를 비롯해 DDR 메모리와 엔터프라이즈 SSD(솔리드스테이트드라이브) 등 AI 서버 핵심 부품 분야에서 세계적인 제조... ,https://www.mt.co.kr/stock/2026/09/16/2026091608381992185,https://n.news.naver.com/mnews/article/008/0005414366?sid=101,"Wed, 16 Sep 2026 08:51:00 +0900",2026-09-16 10:10:20
반도체,HBM 시장,"“이번엔 달라, 역사적 상황”…삼전닉스에 “오히려 지금” 외친 증권...","달러로 시장 전망치(1조 1000억 달러)에서 상향 조정되고 있는 추세라고 설명했다. 이어 “주요 고객사의 고대역폭메모리(HBM)와 고성능 DRAM 중심의 메모리 주문에서 감소 조짐은 전혀 확인되지 않고 있다”면서, 현재... ",https://www.seoul.co.kr/news/economy/securities/2026/09/16/20260916500014?wlog_tag3=naver,https://n.news.naver.com/mnews/article/081/0003680667?sid=101,"Wed, 16 Sep 2026 08:50:00 +0900",2026-09-16 10:10:20
반도체,HBM 시장,"SK이노, AI 데이터센터 전력시장 공략…통합 에너지 설루션 공개","SK이노베이션은 다양한 전원을 통합 운영하는 'Intelligent Power Plant'를 비롯해 SK텔레콤 'AI Factory', SK하이닉스의 고대역폭메모리(HBM) 등을 함께 선보인다. 반도체와 AI 인프라, 전력 공급을 하나의 밸류체인으로 묶는... ",https://daily.hankooki.com/news/articleView.html?idxno=1406559,https://daily.hankooki.com/news/articleView.html?idxno=1406559,"Wed, 16 Sep 2026 08:48:00 +0900",2026-09-16 10:10:20
반도체,파운드리 수주,"[한국 반도체, 두 총수의 대전략(2)] 최태원의 2100조, 증명은 아직",파운드리 적자와 사법 리스크라는 바닥에서 삼성전자는 어디까지 올라왔는가. 등기이사 복귀와 테슬라 수주라는 기회를 실제 흑자 전환으로 완성할 수 있는가. 3부의 질문은 여기에 있다.,https://www.the-today.com/news/articleView.html?idxno=90197,https://www.the-today.com/news/articleView.html?idxno=90197,"Wed, 16 Sep 2026 08:40:00 +0900",2026-09-16 10:10:21
반도체,파운드리 수주,"&quot;폭스콘 공급망 등에 업었다&quot;… 日 샤프, 엔비디아 탑재 '기업용 AI 추론...","서버 수주를 공식 개시하며, 오는 2030 회계연도까지 해당 신사업에서만 연간 2,500억 엔(약 2조 2,000억 원)의... 샤프의 폭스콘 연계 AI 서버 시장 진출은, 향후 ‘대만 파운드리 및 제조 플랫폼의 강력한 부품 조달... ",https://www.g-enews.com/view.php?ud=2026091608265095210c8c1c064d_1,https://www.g-enews.com/view.php?ud=2026091608265095210c8c1c064d_1,"Wed, 16 Sep 2026 08:28:00 +0900",2026-09-16 10:10:21
반도체,파운드리 수주,"삼성전자, '자체 팹' 벽 허물고 TSMC와 HBM4 손잡나",수주 외연 확대와 외주 의존 부담 외부 파운드리와의 협력 카드는 대형 빅테크 기업을 수주 고객사로 끌어들이는 데 유리하게 작용할 수 있다. 자체 메모리 기술력에 글로벌 파운드리 1위 기업의 생태계를 접목하면... ,https://www.g-enews.com/view.php?ud=202609160701121390fbbec65dfb_1,https://www.g-enews.com/view.php?ud=202609160701121390fbbec65dfb_1,"Wed, 16 Sep 2026 07:22:00 +0900",2026-09-16 10:10:21
반도체,파운드리 수주,&quot;AI에 돈 얼마나 들길래&quot;…빅테크가 앞다퉈 '빚' 늘리는 이유 [김주완의...,"수주 잔액은 6640억달러로 늘었다. 분기 매출은 전년 동기보다 30% 증가한 193억달러였다. 하지만 설비투자도... HBM과 서버용 D램, 파운드리, 전력기기, 냉각설비 등 한국 기업의 수요에는 긍정적이다. BIS는 한국을 AI... ",https://www.hankyung.com/article/202609156867i,https://n.news.naver.com/mnews/article/015/0005332775?sid=101,"Wed, 16 Sep 2026 07:01:00 +0900",2026-09-16 10:10:21
반도체,파운드리 수주,"더 커진 파운드리 시장, TSMC 쏠림 심화...삼성 하반기 반격 주목",삼성전자 파운드리의 중장기 반격의 관건은 2나노 GAA(게이트올어라운드) 공정이다. 삼성전자는 올해 2나노 수주 프로젝트 수가 전년 대비 두 배 이상 늘어날 것으로 보고 있다. 대형 AI·고성능컴퓨팅(HPC) 고객의... ,https://www.fnnews.com/news/202609130843169721,https://n.news.naver.com/mnews/article/014/0005576411?sid=101,"Wed, 16 Sep 2026 06:59:00 +0900",2026-09-16 10:10:21
반도체,파운드리 수주,[MUST KNOW5]]비트코인 급락·테슬라-스페이스X 합병설 ‘급부상’…투자...,삼성 美 테일러팹 본격 가동…‘22조 수주’ 테슬라칩 만든다 국내 언론사의 단독 보도에 따르면 삼성전자가 미국 텍사스 테일러 파운드리에서 테슬라용 AI5 칩 시제품 생산에 돌입한 것으로 전해졌습니다. 당초 11월로... ,https://www.edaily.co.kr/News/Read?newsId=02351766645580776&mediaCodeNo=257&utm_source=naver&utm_medium=referral&utm_campaign=news_syndication&utm_content=original_article,https://n.news.naver.com/mnews/article/018/0006370068?sid=101,"Wed, 16 Sep 2026 06:56:00 +0900",2026-09-16 10:10:21
반도체,파운드리 수주,&quot;삼성전기 다음 상승엔진은 실리콘 커패시터&quot;,MLCC와 비슷한 역할이지만 머리카락 굵기보다 더 얇은 40마이크로미터(㎛·100만분의 1m) 수준의 초박형으로... 고용량 실리콘 커패시터 개발 역량과 그룹 내 파운드리를 보유해 독보적인 포지션을 갖추고 있다는... ,https://www.hankyung.com/article/2026091565311,https://n.news.naver.com/mnews/article/015/0005332618?sid=101,"Tue, 15 Sep 2026 17:39:00 +0900",2026-09-16 10:10:21
반도체,파운드리 수주,HBM 잘 팔수록 파운드리도 바빠진다… 삼성전자 '원팀 반도체' 시험대,"KB증권은 &quot;삼성 파운드리의 4나노 생산 수율이 80% 이상으로 안정화됐고, 사실상 TSMC와 경쟁 가능한 수준에 근접했다&quot;고 판단했다. 또한 2나노 GAA 수율도 연초 50% 미만에서 70% 이상으로 개선된 것으로 봤다. HBM5는... ",https://www.pressman.kr/news/articleView.html?idxno=103664,https://www.pressman.kr/news/articleView.html?idxno=103664,"Tue, 15 Sep 2026 17:28:00 +0900",2026-09-16 10:10:21
반도체,파운드리 수주,[단독] 삼성 美 테일러팹 본격 가동…‘22조 수주’ 테슬라칩 만든다,반도체 업계 관계자는 “현재 삼성전자 파운드리 사업에는 시간을 최대한 단축하는 것이 무엇보다 중요하다”며 “확보한 대형 고객사를 계속 붙잡아 두려면 테일러 공장을 빠르게 풀캐파 수준으로 끌어올리는... ,https://www.sedaily.com/article/20091221?ref=naver,https://n.news.naver.com/mnews/article/011/0004662103?sid=101,"Tue, 15 Sep 2026 17:22:00 +0900",2026-09-16 10:10:21
반도체,파운드리 수주,"점유율 대신 수익성…삼성 파운드리, AI 호황에 가격·가동률 동반 상승",첨단공정 비중이 높은 AI·고성능컴퓨팅(HPC)용 반도체 물량 증가는 파운드리 업체들의 고부가 수주 확대와 수익성 개선으로 연결될 수 있어서다.삼성전자도 이 같은 시장 변화에 맞춰 첨단공정 중심으로 사업 구조를... ,https://www.asiatoday.co.kr/kn/view.php?key=20260915010005742,https://www.asiatoday.co.kr/kn/view.php?key=20260915010005742,"Tue, 15 Sep 2026 17:10:00 +0900",2026-09-16 10:10:21
반도체,파운드리 수주,"효성중공업, 美 빅테크서 3865억 원 수주…고려아연, WCE서 '그린메탈' ...","효성중공업, 美 빅테크서 3865억 원 수주 효성중공업은 미국 빅테크 2곳과 총 3865억 원 규모의... 투자사업에서는 그룹의 IT·반도체 설계·파운드리 등 기술사업과 시너지를 낼 수 있는 반도체·AI·로보틱스 등... ",https://www.sisaon.co.kr/news/articleView.html?idxno=204425,https://www.sisaon.co.kr/news/articleView.html?idxno=204425,"Tue, 15 Sep 2026 16:06:00 +0900",2026-09-16 10:10:21
반도체,파운드리 수주,"케이엔에스, 美 글로벌 기업 '카메라 모듈 자동화 설비' 수주",케이엔에스가 베트남 법인을 통해 미국 글로벌 기업 카메라 모듈 조립 자동화 장비를 수주했다고 15일... 로봇 파운드리 및 자율주행로봇 등 로봇 관련 사업도 자체 진행하며 피지컬 AI 사업 기반을 강화하고 있다.,https://www.newspim.com/news/view/20260915000986,https://www.newspim.com/news/view/20260915000986,"Tue, 15 Sep 2026 15:28:00 +0900",2026-09-16 10:10:21
반도체,파운드리 수주,삼성-암바렐라 '2나노 동맹' 강화…로봇·드론용 엣지 AI칩 개발 가속화,차세대 AI 수요가 데이터센터를 넘어 자율형 기기로 확산하는 가운데 삼성전자의 2나노 선단공정 수주 경쟁력에도 힘이 실릴 전망이다. 15일 삼성전자와 암바렐라 등에 따르면 암바렐라는 삼성 파운드리의 2나노... ,https://www.theguru.co.kr/news/article.html?no=107115,https://www.theguru.co.kr/news/article.html?no=107115,"Tue, 15 Sep 2026 15:04:00 +0900",2026-09-16 10:10:21
반도체,파운드리 수주,"경남 SMR 전략, 투자계획 61% '시장창출'에…조선·방산·우주로 확장",파운드리는 개발사의 설계에 따라 기기와 부품 등을 주문받아 생산하는 위탁생산 기반을 뜻한다. 다양한 SMR 사업의 공급망에 참여해 수주 기회를 넓히려는 구상이다. 경남에는 두산에너빌리티를 중심으로 243개... ,http://www.knpnews.com/news/articleView.html?idxno=34492,http://www.knpnews.com/news/articleView.html?idxno=34492,"Tue, 15 Sep 2026 14:24:00 +0900",2026-09-16 10:10:21
반도체,파운드리 수주,엔비디아 합류한 3조 스타트업…삼성·SK가 먼저 찜했다,"또한 차세대 추론 칩에 탑재될 커스텀 메모리 공급도 유력합니다. 삼성의 이번 투자는 파운드리와 메모리, 패키징이라는 '턴키 수주' 가능성을 보여줬다는 평가입니다. &lt;앵커&gt; 잘 들었습니다.",https://www.wowtv.co.kr/NewsCenter/News/Read?articleId=A202609150409&t=NNv,https://n.news.naver.com/mnews/article/215/0001266026?sid=101,"Tue, 15 Sep 2026 14:23:00 +0900",2026-09-16 10:10:21
반도체,파운드리 수주,"[파운드리 2.0] TSMC, 내년 매출 신기록 전망…삼성파운드리 흑자전환 언...",삼성전자가 2나노 수율을 높이고 AI 가속기와 고성능컴퓨팅(HPC)용 칩 등 고부가 제품의 수주를 확대한다면 파운드리 사업의 수익성도 더 개선될 가능성이 있다. 고객 기반은 확대되는 추세다. 삼성전자는 모바일... ,https://www.greened.kr/news/articleView.html?idxno=350114,https://www.greened.kr/news/articleView.html?idxno=350114,"Tue, 15 Sep 2026 14:17:00 +0900",2026-09-16 10:10:21
반도체,파운드리 수주,"IAEA &quot;원전 설비 3.4배로 늘린다&quot;…북미가 택한 소형 원자로, 한국엔 기...",영향 경로는 미국 주요 설계사와 단조품·주기기 제작 협약을 맺은 두산에너빌리티의 파운드리 역할과 현지 복합 시공에 참여하는 한국 EPC 기업의 밸류체인 연결이다. 장기 수주 규모는 향후 프로젝트별... ,https://www.g-enews.com/view.php?ud=202609151412405813fbbec65dfb_1,https://www.g-enews.com/view.php?ud=202609151412405813fbbec65dfb_1,"Tue, 15 Sep 2026 14:16:00 +0900",2026-09-16 10:10:21
반도체,파운드리 수주,"[공시 Pick] 두산퓨얼셀, 연이은 연료전지 수주에 6%강세…매출액 70% 규...","美 데이터센터와 3222억원 공급계약 계약 규모 2025년 매출의 70.84% 이달 美 연료전지 수주 8236억원... 최근에는 미국 데이터센터향 수출 확대를 비롯해 고체산화물연료전지(SOFC) 스택 파운드리, 선박용 SOFC... ",https://www.news2day.co.kr/article/20260915500154,https://www.news2day.co.kr/article/20260915500154,"Tue, 15 Sep 2026 13:14:00 +0900",2026-09-16 10:10:21
반도체,파운드리 수주,"삼성 파운드리, 퀄컴 칩 만드나… 변수는 가격?",2nm 수주는 전년 대비 2배 이상 확대될 것&quot;이라고 전망했다. 강석채 삼성전자 파운드리 전략마케팅실장 부사장은 &quot;현재 선단 공정의 생산능력 증설 속도가 수요를 따라가지 못하고 있다&quot;고 강조했다. 선단 공정의... ,http://www.the-biz.co.kr/news/articleView.html?idxno=727869,http://www.the-biz.co.kr/news/articleView.html?idxno=727869,"Tue, 15 Sep 2026 12:54:00 +0900",2026-09-16 10:10:21
2차전지,2차전지 주가,"효율 극대화로 승부 띄웠다… 아모그린텍, 첨단 소재 영토 확장 속도",고효율 마그네틱 소재와 첨단 소재 사업 확대에 대한 기대감이 주가에 반영된 것으로 풀이된다. 글로벌... 2차전지 소재와 고기능성 화학제품 관련주도 강세를 보이고 있다. 포스코퓨처엠은 2.06% 상승했으며... ,https://www.pinpointnews.co.kr/news/articleView.html?idxno=487437,https://www.pinpointnews.co.kr/news/articleView.html?idxno=487437,"Wed, 16 Sep 2026 09:30:00 +0900",2026-09-16 10:10:22
2차전지,2차전지 주가,&quot;글로벌 밸류체인 진입 기대&quot;… 뉴인텍·에스테크엠 주가 날개,"커패시터 필름 등 콘덴서 부품 공급 확대와 전장부품 매출 증가 기대감이 주가에 영향을 미치는 것으로... 2차전지 셀 제조사와 관련 장비·부품주도 상승세를 이어갔다. LG에너지솔루션, 한빛레이저, 비츠로셀, 채비 등이... ",https://www.pinpointnews.co.kr/news/articleView.html?idxno=487435,https://www.pinpointnews.co.kr/news/articleView.html?idxno=487435,"Wed, 16 Sep 2026 09:24:00 +0900",2026-09-16 10:10:22
2차전지,2차전지 주가,"美 국채 금리 급등에 관망세… 코스피, 약보합 출발",삼성전자와 SK하이닉스 등 반도체주가 주춤한 가운데 LG에너지솔루션과 포스코인터내셔널 등 2차전지 관련주에 투자 자금이 유입되고 있다. 코스닥 시장도 약세다. 코스닥 지수는 4.04포인트(0.50%) 내린 808.37에 거래를... ,https://biz.chosun.com/stock/stock_general/2026/09/16/JO2VMBZPOBFHZF43CQF27VFN3Q/?utm_source=naver&utm_medium=original&utm_campaign=biz,https://n.news.naver.com/mnews/article/366/0001192646?sid=101,"Wed, 16 Sep 2026 09:20:00 +0900",2026-09-16 10:10:22
2차전지,2차전지 주가,"[특징주] 쎄크, 한화에어로 고객사 확보·HBM 검사장비 기대…강세","적정주가 1만원을 제시하고 신규 커버리지를 개시했다. 전 거래일 종가 5210원 대비 상승 여력은 91.9%다. 쎄크는 X-ray 발생 핵심 부품인 X-ray Tube를 국산화한 업체로, 관련 기술을 기반으로 반도체와 2차전지, 방산용... ",https://www.ekn.kr/web/view.php?key=20260916021165354,https://www.ekn.kr/web/view.php?key=20260916021165354,"Wed, 16 Sep 2026 09:16:00 +0900",2026-09-16 10:10:22
2차전지,2차전지 주가,"비나텍, 블룸에너지 내 독점 지위 '확고'…'AI 데이터센터 필수 부품' 공...",목표주가 9만4400원으로 커버리지를 개시했다. 비나텍은 슈퍼커패시터 및 수소연료전지 사업부문을 영위하고 있는 전기장비 기업이다. 스마트미터기 등으로 납품되는 리드타입 슈퍼커패시터를 중심으로 중대형... ,http://www.newsprime.co.kr/news/article.html?no=747886,http://www.newsprime.co.kr/news/article.html?no=747886,"Wed, 16 Sep 2026 09:00:00 +0900",2026-09-16 10:10:22
2차전지,2차전지 주가,"“LFP 찍고 소듐이온으로”…2차전지 소재株, ‘체질 개선’ 시동 [줍줍...",전기차 캐즘(일시적 수요 둔화)과 환율 악재 속에서도 2차전지 핵심 소재 기업들이 리튬·인산·철(LFP)... 목표주가를 일제히 상향했다. 키움증권은 포스코퓨처엠의 투자의견을 기존 중립에서 ‘매수(BUY)’로... ,https://www.sedaily.com/article/20091426?ref=naver,https://n.news.naver.com/mnews/article/011/0004662321?sid=101,"Wed, 16 Sep 2026 08:56:00 +0900",2026-09-16 10:10:22
2차전지,2차전지 주가,[어제장 오늘장] 고금리·고유가·AI 속도조절론 '삼중고'…코스피 버텼...,"미국 반도체주 추가 급락에도 국내 대형주가 버티고, 코스닥으로 순환매가 나타났기 때문에 악재의... 반면 코스닥은 2차전지와 피지컬 AI 섹터 강세로 장 초반 반등한 뒤 상승세를 이어갔습니다. 유가증권시장에서... ",https://biz.sbs.co.kr/article_hub/20000334894?division=NAVER,https://n.news.naver.com/mnews/article/374/0000533169?sid=101,"Wed, 16 Sep 2026 08:35:00 +0900",2026-09-16 10:10:22
2차전지,2차전지 주가,[국제금융 브리핑] 미 10년물 금리 5% 돌파...트럼프 AI 개발 의지·중국...,"미국 금융시장에서는 국채금리 상승과 FOMC 경계감이 주가를 압박했다. S&amp;P500지수는 전일 대비 0.45% 하락한... 2차전지, 로봇, 반도체 등 첨단기술 제조업 부문이 호조를 보였다. 반면 8월 소매판매 증가율은 0.4%로 전월... ",https://www.tokenpost.kr/news/economy/408625,https://www.tokenpost.kr/news/economy/408625,"Wed, 16 Sep 2026 08:32:00 +0900",2026-09-16 10:10:22
2차전지,2차전지 주가,[박정식의 국내 주식시황] 미 10년물 금리 5%대 진입…반도체 투자심리...,"삼성전자와 SK하이닉스 약세로 코스피는 눌렸지만, 제약·바이오와 2차전지, 일부 반도체 소부장주가 버티면서 코스닥은 상대적으로 양호한 흐름을 보였다. 코스피에서는 외국인과 기관의 쌍끌이 순매도가 4거래일... ",https://www.newsquest.co.kr/news/articleView.html?idxno=300988,https://www.newsquest.co.kr/news/articleView.html?idxno=300988,"Wed, 16 Sep 2026 08:22:00 +0900",2026-09-16 10:10:22
2차전지,2차전지 주가,[증시키워드] SK하닉 임단협 재투표 오늘 결론⋯골드만삭스가 꼽은 AI 수...,SK하이닉스 주가는 전 거래일 대비 0.41% 내린 169만원에 장을 마감했다. 삼성SDI가 에너지저장장치(ESS) 사업 확대와 소형전지 수익성 회복을 바탕으로 하반기 실적 개선을 이어갈 것이라는 전망이 나왔다.... ,https://www.etoday.co.kr/news/view/2626005,https://www.etoday.co.kr/news/view/2626005,"Wed, 16 Sep 2026 08:18:00 +0900",2026-09-16 10:10:22
2차전지,2차전지 주가,"[클릭 e종목]&quot;쎄크, HBM 수율 경쟁 올라탄 X-ray 검사장비&quot;","2006년 국내 최초로 X-ray Tube를 상용화했으며 이를 기반으로 반도체와 2차전지 검사장비, 방산용... 선정 이후 추가 퀄테스트를 거쳐 발주가 이뤄질 전망이다. 김 연구원은 &quot;HBM 제조사들이 반도체 수율 확보에... ",https://view.asiae.co.kr/article/2026091608180166207,https://n.news.naver.com/mnews/article/277/0005816874?sid=101,"Wed, 16 Sep 2026 08:18:00 +0900",2026-09-16 10:10:22
2차전지,2차전지 주가,[애프터마켓 리뷰] 제조AI 확산·中 로봇 규제 기대…로봇주 줄줄이 급...,특히 어제 2차전지주가 미국의 대중국 의존도 축소 기조가 이어지면서 강한 흐름을 보였습니다. 대표적으로 LG에너지솔루션 3%대 오르면서 주당 36만 3500원에 마감했습니다. 코스닥도 살펴보시죠. 시총 상위주들 대체로... ,https://biz.sbs.co.kr/article_hub/20000334881?division=NAVER,https://n.news.naver.com/mnews/article/374/0000533149?sid=101,"Wed, 16 Sep 2026 07:53:00 +0900",2026-09-16 10:10:22
2차전지,2차전지 주가,"코윈로보틱스, 현대차향 레퍼런스 기반 로봇 시스템 성장 기대-NH","다만 투자의견과 목표주가는 제시하지 않았다. 코윈로보틱스는 2차전지 물류자동화 시스템을 기반으로 성장해온 기업으로, 과거에는 매출 대부분을 2차전지에 의존했으나 전방산업을 반도체, ESS(에너지저장장치)... ",https://www.edaily.co.kr/News/Read?newsId=02512486645580776&mediaCodeNo=257&utm_source=naver&utm_medium=referral&utm_campaign=news_syndication&utm_content=original_article,https://n.news.naver.com/mnews/article/018/0006370080?sid=101,"Wed, 16 Sep 2026 07:44:00 +0900",2026-09-16 10:10:22
2차전지,2차전지 주가,값싼 수입 모듈 시대 끝…T1에너지 재평가,정책 수혜 기대는 커졌지만 아직 적자를 내고 있다는 점이 주가 변동성을 키우고 있는 셈이다. T1에너지는 배터리 회사에서 태양광 회사로 변신한 기업이다. 옛 사명은 프라이어 배터리(FREYR Battery)다. 2차전지와... ,https://magazine.hankyung.com/money/article/202608190276c,https://magazine.hankyung.com/money/article/202608190276c,"Wed, 16 Sep 2026 06:02:00 +0900",2026-09-16 10:10:22
2차전지,2차전지 주가,&quot;내 주식은 왜 이래&quot; 개미들 한숨…'뭉칫돈' 몰린 뜻밖의 종목,피지컬 AI에 대한 기대로 상승한 자동차·부품주는 기술 상용화 지연 여파로 순위가 밀린 반면 2차전지... 다만 그 안에서도 산업별로 주가 흐름은 엇갈렸다. 본격적인 횡보장이 시작된 8월 3일과 이날의 시총 순위... ,https://www.hankyung.com/article/2026091566361,https://n.news.naver.com/mnews/article/015/0005332766?sid=101,"Wed, 16 Sep 2026 06:01:00 +0900",2026-09-16 10:10:22
2차전지,배터리 산업,뉴욕증시 부진에도 효성중공업 2%대 상승…삼성SDI·엘앤에프·HD현대일...,"특히 전력기기 업종은 AI 데이터센터 확대와 전력망 투자라는 중장기 산업 변화가 시장의 주요 관심사다. 반면 이차전지는 전기차 수요와 배터리 업황, 원재료 가격, 글로벌 정책 변화 등 여러 변수가 동시에... ",https://www.cbci.co.kr/news/articleView.html?idxno=607232,https://www.cbci.co.kr/news/articleView.html?idxno=607232,"Wed, 16 Sep 2026 10:06:00 +0900",2026-09-16 10:10:23
2차전지,배터리 산업,"'3분기 연속 서프라이즈' 삼성SDI, '중국 점유율' 뺏는 수주 모멘텀",BBU(배터리 백업 유닛)및 전동공구 용 업황 개선으로 원통형 출하량 및 수익성 개선(3분기 업부 영업 흑자... 9월 말 세부내용이 발표될 것으로 예상되는 유럽 IAA(산업 가속화법) 이후 수주 기대감이 본격화될... ,http://www.newsfc.co.kr/news/articleView.html?idxno=81154,http://www.newsfc.co.kr/news/articleView.html?idxno=81154,"Wed, 16 Sep 2026 10:04:00 +0900",2026-09-16 10:10:23
2차전지,배터리 산업,"삼성·LG, 기후산업박람회서 'AI·고효율 공조' 선봬… 탈탄소 주거·산...","삼성전자와 LG전자가 16일부터 사흘간 부산 벡스코(BEXCO)에서 열리는 '2026 기후산업국제박람회(WCE)'에... 폐배터리 재자원화(배터리턴), 다회용 컵 세척기 'LG 마이컵' 등 순환경제 활동도 망라했다. 업계에서는 글로벌... ",https://www.mediapen.com/news/view/1123865,https://www.mediapen.com/news/view/1123865,"Wed, 16 Sep 2026 10:02:00 +0900",2026-09-16 10:10:23
2차전지,배터리 산업,"은평소방서, 한국환경산업기술원서 시민 중심 소방훈련",= 은평소방서(서장 이진희)는 지난 15일 오후 2시부터 1시간 동안 한국환경산업기술원에서 시민(관계인) 중심 소방훈련을 실시했다. 이번 훈련은 생활 속에서 사용이 증가하고 있는 리튬이온 배터리에서 화재가 발생한... ,http://fpn119.co.kr/256667,http://fpn119.co.kr/256667,"Wed, 16 Sep 2026 10:02:00 +0900",2026-09-16 10:10:23
2차전지,배터리 산업,"일상부터 산업까지… 삼성·LG, WCE서 '에너지 솔루션' 정면 승부",16일 부산 벡스코(BEXCO)에서 막을 올린 '2026 기후산업국제박람회(WCE)'에서 삼성전자와 LG전자가 나란히... 청소기 폐배터리를 재자원화하는 '배터리턴' 프로그램과 다회용 컵 사용 문화를 확산하는 텀블러 세척기 'LG... ,https://www.newscj.com/news/articleView.html?idxno=3433052,https://www.newscj.com/news/articleView.html?idxno=3433052,"Wed, 16 Sep 2026 10:02:00 +0900",2026-09-16 10:10:23
2차전지,배터리 산업,"보일러 다음은 히트펌프…삼성·LG, 부산서 에너지 기술 맞대결",두 회사는 16일부터 사흘 동안 부산 벡스코에서 열리는 ‘2026 기후산업국제박람회’에 나란히 참가해... 올레드 TV의 플라스틱 사용량 감축과 폐배터리에서 희유금속을 회수하는 자원순환 활동도 소개한다. 삼성전자... ,https://www.mk.co.kr/article/12153965,https://n.news.naver.com/mnews/article/009/0005735876?sid=101,"Wed, 16 Sep 2026 10:01:00 +0900",2026-09-16 10:10:23
2차전지,배터리 산업,"삼성·LG전자, 기후산업박람회서 고효율 에너지 기술 공개","LG전자는 이와 함께 저전력 디스플레이와 폐배터리 재자원화, 재활용 플라스틱 적용 등 자원순환 기술을 소개한다고 설명했다. 양사는 이번 전시를 통해 가정용 고효율 제품에서 건물·산업용 공조까지 에너지 절감... ",https://www.fetv.co.kr/news/articleView.html?idxno=310266,https://www.fetv.co.kr/news/articleView.html?idxno=310266,"Wed, 16 Sep 2026 10:00:00 +0900",2026-09-16 10:10:23
2차전지,배터리 산업,"삼성·LG, 부산 벡스코서 'AI 에너지 솔루션' 맞대결",양사는 16일부터 오는 18일까지 부산 벡스코에서 열리는 '2026 기후산업국제박람회(WCE)'에 나란히... 청소기 폐배터리에서 희유금속을 회수해 다시 자원으로 활용하는 '배터리턴' 활동을 비롯해 'LG 틔운 미니'에... ,https://view.asiae.co.kr/article/2026091609082072033,https://n.news.naver.com/mnews/article/277/0005817007?sid=101,"Wed, 16 Sep 2026 10:00:00 +0900",2026-09-16 10:10:23
2차전지,배터리 산업,"현대차그룹, '제주 그린수소 글로벌 포럼' 참가…수소 모빌리티 역할 제...",현대차그룹은 같은 날 열린 '청정수소 수요시장 확대 전략: 저탄소 전력에서 산업·모빌리티까지' 세션에서 'FCEV 기반 도시 모빌리티 회복탄력성 전략'을 주제로 발표했다. 현대차그룹은 수소전기차와 배터리전기차가... ,http://www.econonews.co.kr/news/articleView.html?idxno=444401,http://www.econonews.co.kr/news/articleView.html?idxno=444401,"Wed, 16 Sep 2026 10:00:00 +0900",2026-09-16 10:10:23
2차전지,배터리 산업,"삼성·LG, 기후산업박람회서 히트펌프 경쟁...난방 전기화 속도 ↑",삼성전자와 LG전자는 부산 벡스코에서 열리는 '2026 기후산업국제박람회'에 나란히 전시관을 마련했다고... 청소기 폐배터리 재자원화 활동 '배터리턴'과 텀블러 세척기 'LG 마이컵'도 함께 알렸다. 김영락 LG전자... ,https://www.digitaltoday.co.kr/news/articleView.html?idxno=700896,https://www.digitaltoday.co.kr/news/articleView.html?idxno=700896,"Wed, 16 Sep 2026 10:00:00 +0900",2026-09-16 10:10:23
2차전지,배터리 산업,"삼성·LG전자, 기후산업박람회 출격…히트펌프·AI 에너지 기술 경쟁","삼성전자와 LG전자가 부산에서 열리는 '2026 기후산업국제박람회'에 나란히 참가해 AI와 히트펌프를 기반으로... 청소기 폐배터리에서 희유금속을 회수하는 '배터리턴'과 재활용 플라스틱을 적용한 제품, 텀블러 세척기... ",http://www.popcornnews.net/news/articleView.html?idxno=133078,http://www.popcornnews.net/news/articleView.html?idxno=133078,"Wed, 16 Sep 2026 10:00:00 +0900",2026-09-16 10:10:23
2차전지,배터리 산업,"[Tech &amp; Now] 삼성·LG전자, 기후산업국제박람회 참가…'AI·고효율' 에너...","◆삼성전자, '기후산업국제박람회' 참가…맞춤형 에너지 솔루션 공개 삼성전자는 16일부터 18일까지... 청소기 폐배터리를 회수하는 '배터리턴' 캠페인과 재활용 플라스틱 소재를 적용한 'LG 틔운 미니', 텀블러 세척기... ",https://www.ebn.co.kr/news/articleView.html?idxno=1724411,https://www.ebn.co.kr/news/articleView.html?idxno=1724411,"Wed, 16 Sep 2026 10:00:00 +0900",2026-09-16 10:10:23
2차전지,배터리 산업,"NH투자증권 &quot;코윈로보틱스, 이유 있는 사명 변경&quot;…로봇 중심 성장 본격...","올해 상반기에만 로봇 관련 매출이 400억원을 넘어섰으며, 이 가운데 약 40%가 AMR, 나머지 60%가 산업용 로봇 시스템에서 발생한 것으로 분석했다. ESS와 반도체로의 사업 확장도 진행되고 있다. 기존 배터리 셀... ",https://www.irobotnews.com/news/articleView.html?idxno=48525,https://www.irobotnews.com/news/articleView.html?idxno=48525,"Wed, 16 Sep 2026 09:58:00 +0900",2026-09-16 10:10:23
2차전지,배터리 산업,"현대차그룹, 제주서 수소 모빌리티 역할 강조 및 방향 공유",전력에서 산업·모빌리티까지' 세션에 참가해 “FCEV 기반 도시 모빌리티 회복탄력성 전략”을 주제로 발표를 진행했다. 이날 발표에서 현대차그룹은 수소전기차(FCEV)가 배터리전기차(BEV)와 경쟁하는 관계가 아니라 각... ,http://autotimes.co.kr/detail.php?number=689184&thread=27,http://autotimes.co.kr/detail.php?number=689184&thread=27,"Wed, 16 Sep 2026 09:58:00 +0900",2026-09-16 10:10:23
2차전지,배터리 산업,"리볼틱스, 사용 후 배터리 산업용 전원 제품화 추진…안전성검사기관 국...",리볼틱스는 안전성검사와 배터리 상태 진단을 제품 설계 단계와 연계해 사용 후 배터리의 산업용 전원 전환을 추진할 계획이다. 리볼틱스는 이러한 재사용 과정을 배터리 상태 확인과 제품 설계가 연결되는 구조로... ,http://www.e2news.com/news/articleView.html?idxno=334296,http://www.e2news.com/news/articleView.html?idxno=334296,"Wed, 16 Sep 2026 09:56:00 +0900",2026-09-16 10:10:23
2차전지,배터리 산업,"SK이노베이션, AI 맞춤 통합 에너지 솔루션 공개","SK이노베이션이 16일부터 18일까지 부산 벡스코에서 열리는 '2026 기후산업국제박람회(WCE)'에서 재생에너지, BESS(배터리 에너지저장시스템), SMR(소형모듈원자로), LNG 열병합 발전 등 다양한 에너지원을 고객 니즈에... ",https://www.cnbnews.com/news/articleView.html?idxno=1015961,https://www.cnbnews.com/news/articleView.html?idxno=1015961,"Wed, 16 Sep 2026 09:52:00 +0900",2026-09-16 10:10:23
2차전지,배터리 산업,"LG전자, 기후산업국제박람회서 ‘AI 기반 고효율 주거 솔루션’ 선보인...",LG전자는 부산 벡스코에서 열리는 ‘2026 기후산업국제박람회(WCE)’에 참가해 냉난방공조(HVAC)부터... 아울러 청소기 폐배터리에서 희유금속을 회수해 다시 자원으로 활용하는 ‘배터리턴’ 활동을 비롯해 LG 틔운... ,https://www.viva100.com/article/20260916500419,https://www.viva100.com/article/20260916500419,"Wed, 16 Sep 2026 09:50:00 +0900",2026-09-16 10:10:23
2차전지,리튬 시장,'전기차처럼 타고 기름도 넣는' PHEV…BYD DM-i 주목받는 이유,국내 출시된 씨라이언 6 DM-i에는 18.3kWh 용량의 LFP(리튬인산철) 기반 블레이드 배터리와 1.5L 가솔린 터보... BYD가 DM-i를 강조하는 배경에는 해외 시장에서의 판매 성과도 있다. 데이터포스 집계를 인용한 외신에... ,https://www.cnbizm.com/news/articleView.html?idxno=315333,https://www.cnbizm.com/news/articleView.html?idxno=315333,"Wed, 16 Sep 2026 09:56:00 +0900",2026-09-16 10:10:24
2차전지,리튬 시장,1∼7월 전기차 배터리 분리막 적재량 25%↑…중국 제외 43% 성장,"리튬이온 배터리 안전성, 출력 성능, 수명에 영향을 미치는 분리막은 전기차 시장 확대와 대당 배터리 용량 증가, 고에너지 밀도 셀 적용 확대로 수요가 증가하고 있다. 업체별로는 중국 셈코프가 전년 동기 대비 16... ",https://www.yna.co.kr/view/AKR20260916045400003?input=1195m,https://n.news.naver.com/mnews/article/001/0016313695?sid=101,"Wed, 16 Sep 2026 09:50:00 +0900",2026-09-16 10:10:24
2차전지,리튬 시장,베트남 리튬이온 축전지 시장동향,"베트남의 리튬이온 축전지 시장은 스마트폰, 노트북, 가전제품 등 전자기기 산업 수요를 기반으로 성장해 왔으나, 최근 전기자동차·이륜차 등의 현지 생산 확대와 배터리에너지저장장치(BESS) 도입으로 그... ",http://dream.kotra.or.kr/kotranews/cms/news/actionKotraBoardDetail.do?SITE_NO=3&MENU_ID=190&CONTENTS_NO=2&bbsGbn=254&bbsSn=254&pNttSn=244011,http://dream.kotra.or.kr/kotranews/cms/news/actionKotraBoardDetail.do?SITE_NO=3&MENU_ID=190&CONTENTS_NO=2&bbsGbn=254&bbsSn=254&pNttSn=244011,"Wed, 16 Sep 2026 09:27:00 +0900",2026-09-16 10:10:24
2차전지,리튬 시장,"[부산ㆍ경남 대학 브리핑 모음(9월16일)] 동의대, 지역사회와 미래형 AI...",인도네시아 시장진출 해커톤서 실전 역량 입증 동명대학교 창업학과가 글로벌 창업 행사 ‘SOLVE Conference... 연구팀이 개발한 산화물계 고체전해질은 기존 리튬이온전지에 사용되는 가연성 액체전해질의 화재 위험과... ,https://www.dnews.co.kr/uhtml/view.jsp?idxno=202609151742195540209,https://www.dnews.co.kr/uhtml/view.jsp?idxno=202609151742195540209,"Wed, 16 Sep 2026 09:22:00 +0900",2026-09-16 10:10:24
2차전지,리튬 시장,"한투운용 ACE 2차전지&amp;친환경차액티브 ETF, 동일 유형 기간별 수익률 1위",이 같은 성과는 글로벌 에너지저장장치(ESS) 시장 성장에 따른 국내 배터리 기업의 실적 반등이 작용한... 탄산리튬 장기 공급계약을 체결하는 등 실질적인 수주 성과도 보이고 있는 상황&quot;이라고 말했다. 이어... ,https://www.pointdaily.co.kr/news/articleView.html?idxno=319443,https://www.pointdaily.co.kr/news/articleView.html?idxno=319443,"Wed, 16 Sep 2026 09:20:00 +0900",2026-09-16 10:10:24
2차전지,리튬 시장,"한투운용 &quot;2차전지&amp;친환경차액티브, 동일 ETF 중 수익률 1위&quot;",운용사 측은 &quot;이런 성과는 글로벌 에너지저장장치(ESS) 시장 성장에 따른 국내 배터리 기업 실적... 배터리급 탄산리튬 장기 공급계약을 체결하는 등 실질적인 수주 성과도 보이고 있는 상황&quot;이라고 말했다.,https://www.yna.co.kr/view/AKR20260916041000008?input=1195m,https://n.news.naver.com/mnews/article/001/0016313545?sid=101,"Wed, 16 Sep 2026 09:17:00 +0900",2026-09-16 10:10:24
2차전지,리튬 시장,페로타임즈 손바닥뉴스 9월15일(화),"발'…리튬·희토류 등 자원과 가공·소재 기술 연계 한국특강, 1253억 원 규모 토지 자산재평가 실시... 풍력시장 '턴어라운드'…타워 독과점 수혜 기대 KB오토텍, 인도 공장 1.7배 확장…현대차 기아 부품 진출 (中... ",http://www.ferrotimes.com/news/articleView.html?idxno=50375,http://www.ferrotimes.com/news/articleView.html?idxno=50375,"Wed, 16 Sep 2026 09:10:00 +0900",2026-09-16 10:10:24
2차전지,리튬 시장,페로타임즈 손바닥뉴스 9월16일(수),"전기강판 시장 공략…1단계 50만 톤 덱신스틸, 빌릿 12월적 오퍼 5달러 인하 에이치브이엠, 우주항공용... 재편…니켈 리튬 공급과잉 심화 [비철 리포트] 구리 최고가서 6% 급락…LME 비철 일제히 조정 [스틸웨어... ",http://www.ferrotimes.com/news/articleView.html?idxno=50409,http://www.ferrotimes.com/news/articleView.html?idxno=50409,"Wed, 16 Sep 2026 09:08:00 +0900",2026-09-16 10:10:24
2차전지,리튬 시장,"ESS 훈풍 탄 2차전지 ETF⋯한투운용 ACE 액티브, 6개월ㆍ1년 수익률 1위",한국투자신탁운용은 글로벌 에너지저장장치(ESS) 시장 성장에 따른 국내 배터리 기업의 실적 반등이... 탄산리튬 장기 공급계약을 체결하는 등 실질적인 수주 성과도 나타나고 있다”고 말했다. 한편 해당 ETF는... ,https://www.etoday.co.kr/news/view/2626060,https://www.etoday.co.kr/news/view/2626060,"Wed, 16 Sep 2026 09:06:00 +0900",2026-09-16 10:10:24
2차전지,리튬 시장,"‘차세대 배터리’ 리베스트, 구주 물량 풀린다…펀드 만기 앞두고 할인...",시장에서는 퓨처플레이가 보유한 구주가 어느 수준의 가격에서 거래될지에 관심이 쏠린다. 올해 4월... 2016년 11월 플렉시블 리튬이온 배터리 파일럿 생산라인을 구축한 이후 사명을 리베스트로 변경했다. 독자적인... ,https://dealsite.co.kr/articles/168956,https://dealsite.co.kr/articles/168956,"Wed, 16 Sep 2026 09:02:00 +0900",2026-09-16 10:10:24
2차전지,리튬 시장,"포스코퓨처엠, 연내 LFP 양산 기대…높은 몸값은 '부담'",NH투자증권은 16일 포스코퓨처엠(003670)에 대해 연내 리튬인산철(LFP) 양극재 고객 승인을 확보하고... NH투자증권에 따르면 포스코퓨처엠은 글로벌 파트너사와 협업해 LFP 시장 진입을 준비하고 있으며 연내 고객... ,http://www.newsprime.co.kr/news/article.html?no=747885,http://www.newsprime.co.kr/news/article.html?no=747885,"Wed, 16 Sep 2026 08:58:00 +0900",2026-09-16 10:10:24
2차전지,리튬 시장,"중국, 공장은 뛰는데 지갑은 닫혔다","8월 산업생산은 지난해 같은 달보다 5.2% 늘어 시장 예상치 4.8%를 웃돌았지만, 소매판매 증가율은 0.4%에 그쳐... 리튬이온 배터리 생산은 57.2%, 산업용 로봇 생산은 34.6% 급증했다. AI 관련 기술과 첨단 제조에 대한 수요가... ",http://www.choicenews.co.kr/news/articleView.html?idxno=171373,http://www.choicenews.co.kr/news/articleView.html?idxno=171373,"Wed, 16 Sep 2026 08:54:00 +0900",2026-09-16 10:10:24
2차전지,리튬 시장,EU는 사용금지하는데...AI산업이 PFAS 생산확대 부추겨,"이 업체들의 새로운 수요처는 AI 데이터센터와 반도체, 리튬이온 배터리 분야다. '영원한 화학물질'로... 확대되자 시장은 언제 그랬냐는 듯이 생산을 늘리고 있다&quot;며 &quot;정부와 규제기관이 신속한 PFAS 퇴출을 요구하지... ",https://www.newstree.kr/newsView/ntr202609150019,https://www.newstree.kr/newsView/ntr202609150019,"Wed, 16 Sep 2026 08:52:00 +0900",2026-09-16 10:10:24
2차전지,리튬 시장,"엘앤에프, NCM·LFP 판매 눈높이 '쑥'…신규 고객 확보 기대",가운데 리튬인산철(LFP) 양극재의 고객 다변화도 순조롭게 진행되고 있다며 투자의견 '매수(BUY)'를... 다만 단기 실적은 원화 강세 영향으로 시장 기대치를 밑돌 전망이다. 올해 3분기 매출액은 9662억원으로 전년... ,http://www.newsprime.co.kr/news/article.html?no=747881,http://www.newsprime.co.kr/news/article.html?no=747881,"Wed, 16 Sep 2026 08:52:00 +0900",2026-09-16 10:10:24
2차전지,리튬 시장,"엘앤에프, 3분기 적자 우려에도 판매량 확대…&quot;21만원 간다&quot;[애널리스트...",하이니켈(NCM)과 리튬인산철(LFP) 양극재 모두 판매 전망치가 상향되면서 실적 회복 기대도 유지되는... 고객사의 시장 지배력을 감안하면 공급 이원화에 따른 우려보다 판매량 확대에 따른 성장 효과가 더 클 것&quot;이라고... ,https://www.newsway.co.kr/news/view?ud=2026091608350679078,https://www.newsway.co.kr/news/view?ud=2026091608350679078,"Wed, 16 Sep 2026 08:44:00 +0900",2026-09-16 10:10:24
2차전지,리튬 시장,"포스코퓨처엠, 3분기 실적 '숨고르기'…LFP가 반등 열쇠[애널리스트의 ...",포스코퓨처엠이 리튬인산철(LFP) 양극재 양산을 앞두고 반등을 모색한다. 3분기 실적 부진이 예상되지만 LFP 시장 진입과 비중국산 음극재 공급망 확대가 중장기 성장 변수로 꼽힌다. 16일 NH투자증권은... ,https://www.newsway.co.kr/news/view?ud=2026091608294732467,https://www.newsway.co.kr/news/view?ud=2026091608294732467,"Wed, 16 Sep 2026 08:42:00 +0900",2026-09-16 10:10:24
2차전지,리튬 시장,"엘앤에프, NCM 판매 전망 밝아…목표가 16만원으로 상향-NH","LFP(리튬인산철) 생산 체제는 내년 6만톤, 2028년 9만톤 등으로 확장될 것을 봤다. 다만 NH투자증권에 따르면... 시장 컨센서스인 매출 9782억원, 영업이익 340억원을 하회한 전망치다. 이런 전망은 급격한 원화 강세에... ",https://www.mt.co.kr/stock/2026/09/16/2026091608364570205,https://n.news.naver.com/mnews/article/008/0005414360?sid=101,"Wed, 16 Sep 2026 08:39:00 +0900",2026-09-16 10:10:24
2차전지,전고체 배터리,'현대차·SK온 투자' 솔리드파워 &quot;연내 韓 전고체배터리 합작사 설립&quot; 재...,현재 파트너사 협의 중…2028년 500MT 생산 목표 강조  미국 전고체 배터리 기업 '솔리드파워(Solid Power)'가 연내 한국에 황화물계 고체 전해질 생산 합작법인(JV)을 설립하겠다는 방침을 재확인했다. 초기 투자 비용을... ,https://www.theguru.co.kr/news/article.html?no=107136,https://www.theguru.co.kr/news/article.html?no=107136,"Wed, 16 Sep 2026 09:42:00 +0900",2026-09-16 10:10:25
2차전지,전고체 배터리,"&quot;리튬 폐기물서 캐냈다&quot;… 中, 세계 최초 '루비듐·세슘' 500톤 추출 라인...","인공지능(AI)과 양자컴퓨팅, 항공우주, 차세대 전고체 배터리의 핵심 원소로 부상한 전략 희귀금속을 확보하기 위해 전 세계가 총성 없는 자원 전쟁을 벌이는 가운데, 중국이 리튬을 추출하고 남은 산업 폐기물... ",https://www.g-enews.com/view.php?ud=2026091517405975170c8c1c064d_1,https://www.g-enews.com/view.php?ud=2026091517405975170c8c1c064d_1,"Wed, 16 Sep 2026 05:50:00 +0900",2026-09-16 10:10:25
2차전지,전고체 배터리,"&quot;2031년 400조 원 시장&quot;… 中 차세대 배터리, '전고체·BESS·신흥국' 삼...",여기에 화재 위험을 원천 차단하고 주행거리를 획기적으로 늘리는 '전고체(Solid-state) 배터리'와 고가의 리튬 대신 저렴한 소금을 활용해 원자재 수급 리스크를 낮춘 '나트륨이온(Sodium-ion) 배터리'가 실험실을 벗어나... ,https://www.g-enews.com/view.php?ud=2026091517231790220c8c1c064d_1,https://www.g-enews.com/view.php?ud=2026091517231790220c8c1c064d_1,"Wed, 16 Sep 2026 05:26:00 +0900",2026-09-16 10:10:25
2차전지,전고체 배터리,[더페어 돋보기] 시장 향방 가를 4대 섹터…반도체 수급·2차전지 반등·...,북미 미시간 및 조지아 등 현지 공장 가동에 따른 미국 첨단제조생산 세액공제(AMPC) 수혜 규모와 함께 차세대 전고체 및 리튬인산철(LFP) 배터리 기술 개발 성과가 단기 주가 반등의 판가름 요소로 평가받는다. 바이오... ,https://www.thefairnews.co.kr/news/articleView.html?idxno=88150,https://www.thefairnews.co.kr/news/articleView.html?idxno=88150,"Wed, 16 Sep 2026 00:00:00 +0900",2026-09-16 10:10:25
2차전지,전고체 배터리,"이화여대, AI·로봇 기반 자율실험실 구축","전고체 배터리 셀 제작과 자율실험을 위한 드라이룸도 조성할 계획이며, 대학 측은 이 역시 세계 최초라고 밝혔다. 이향숙 이화여자대학교 총장은 “자율실험실은 AI와 로봇이 실험과 분석은 물론 다음 실험... ",http://www.lawissue.co.kr/view.php?ud=202609152313143806f4ab64559d_12,http://www.lawissue.co.kr/view.php?ud=202609152313143806f4ab64559d_12,"Tue, 15 Sep 2026 23:14:00 +0900",2026-09-16 10:10:25
2차전지,전고체 배터리,"실리콘 음극재 육성하는 LG·포스코·HS효성, 각사의 전략은",회사는 2019년 실리콘 함량 5%의 음극재를 세계 최초로 순수 전기차에 적용한 데 이어 2021년 마이크로 실리콘 음극재를 적용한 장수명 전고체배터리 개발에 성공했다. 2024년에는 고강도 분리막 설계를 통해 실리콘... ,https://www.ekoreanews.co.kr/news/articleView.html?idxno=88149,https://www.ekoreanews.co.kr/news/articleView.html?idxno=88149,"Tue, 15 Sep 2026 17:12:00 +0900",2026-09-16 10:10:25
2차전지,전고체 배터리,"中, 리튬 폐기물서 루비듐·세슘 추출…연간 500t 생산라인 가동","SCMP는 향후 페로브스카이트 태양전지와 전고체 배터리, 양자컴퓨팅 등 핵심 기술의 발전으로 루비듐염의 활용 범위가 확대될 수 있으며 이에 따라 루비듐이 '차세대 희토류'가 될 잠재력이 있다고 전했다. 중국광업보에... ",https://www.yna.co.kr/view/AKR20260915145700083?input=1195m,https://n.news.naver.com/mnews/article/001/0016312540?sid=104,"Tue, 15 Sep 2026 16:42:00 +0900",2026-09-16 10:10:25
2차전지,전고체 배터리,"이화여대, 국내 최대 'AI·로봇 자율실험실' 구축","이를 위해 소재 합성부터 정밀 분석, 전고체 배터리 제작까지 가능한 수분 차단 특수 연구실(드라이룸) 등 집적화 시설을 한곳에 모은다. 이번 연구 시설은 과학기술정보통신부와 교육부의 국가연구소(NRL 2.0) 육성 사업에... ",https://www.fnnews.com/news/202609151531500667,https://n.news.naver.com/mnews/article/014/0005576129?sid=102,"Tue, 15 Sep 2026 15:34:00 +0900",2026-09-16 10:10:25
2차전지,전고체 배터리,"신라대 박상문 교수 연구팀, 전고체전지용 소재 개발",전고체전지는 기존 화재 위험이 있는 액체전해질을 불연성 고체전해질로 대체해 화재 위험을 낮추고 에너지 밀도를 높인 차세대 배터리다. 연구팀은 가연성 유기 액체전해질을 사용하는 기존 리튬이온전지의 화재 및... ,https://www.yna.co.kr/view/AKR20260915131400051?input=1195m,https://n.news.naver.com/mnews/article/001/0016312198?sid=101,"Tue, 15 Sep 2026 15:30:00 +0900",2026-09-16 10:10:25
2차전지,전고체 배터리,각형·원통형 뜨고 ESS 커지고…삼성SDI 수주 경쟁력 '쑥',지분법이익 일부를 포기하는 대신 미국 ESS·LFP와 전고체 배터리 등 신규 투자에 활용할 수 있는 현금을 확보했다. 삼성디스플레이 지분 매각이 이미 지난달 발표된 사안인 만큼 최근 ESS 사업 확대를 뒷받침하는... ,https://daily.hankooki.com/news/articleView.html?idxno=1406351,https://daily.hankooki.com/news/articleView.html?idxno=1406351,"Tue, 15 Sep 2026 15:12:00 +0900",2026-09-16 10:10:25
2차전지,전고체 배터리,길었던 2차전지 조정 끝나나…SFA·케이엔에스·피엔티 주가 방긋,"한농화성은 전고체 배터리 소재 관련 사업, 케이엔솔은 클린룸·배터리 관련 설비, 나인테크는 2차전지 장비, 애경케미칼은 소재, 강원에너지는 배터리 소재·장비 사업을 영위한다. SKC와 티에스아이, 탑엔지니어링... ",https://www.pinpointnews.co.kr/news/articleView.html?idxno=487251,https://www.pinpointnews.co.kr/news/articleView.html?idxno=487251,"Tue, 15 Sep 2026 15:08:00 +0900",2026-09-16 10:10:25
2차전지,전고체 배터리,"2차전지 장비주, 케이엔에스·SFA 급등 속 업종 '기지개'",피엔티는 전극공정용 장비를 중심으로 건식 전극과 전고체 배터리 관련 장비 개발도 진행하고 있다. 케이엔에스처럼 4680 등 특정 폼팩터와 관련된 장비를 실제 수주한 기업은 차세대 배터리 투자 확대가 실적으로... ,https://www.pinpointnews.co.kr/news/articleView.html?idxno=487248,https://www.pinpointnews.co.kr/news/articleView.html?idxno=487248,"Tue, 15 Sep 2026 14:56:00 +0900",2026-09-16 10:10:25
2차전지,전고체 배터리,[심층분석] &quot;2027년 전사익 89%가 ESS&quot;… 삼성SDI 몸값 공식 바뀐다,전고체 배터리도 2027년 이후 기업가치를 결정할 변수다. 삼성SDI는 2027년 하반기 전고체 배터리 양산을 목표로 하고 있으며 전기차뿐 아니라 휴머노이드와 이동형·산업용 로봇 등 피지컬 AI 분야로 적용처를... ,https://www.s-journal.co.kr/news/articleView.html?idxno=43758,https://www.s-journal.co.kr/news/articleView.html?idxno=43758,"Tue, 15 Sep 2026 14:46:00 +0900",2026-09-16 10:10:25
2차전지,전고체 배터리,"이화여대, AI·로봇이 24시간 신소재 연구, 국내 대학 최대 '자율실험실...",세계 최초로 전고체 배터리 셀 제작과 자율실험이 가능한 드라이룸도 조성할 예정이다. 자율실험실은 연구 뿐 아니라 인재 양성에도 활용된다. 학생과 연구자들이 AI·로보틱스와 첨단 소재과학이 결합된 연구... ,http://www.enewstoday.co.kr/news/articleView.html?idxno=2470724,http://www.enewstoday.co.kr/news/articleView.html?idxno=2470724,"Tue, 15 Sep 2026 14:35:00 +0900",2026-09-16 10:10:25
2차전지,전고체 배터리,"BYD, 전고체 배터리 전기차 2027년 첫 출시…10년 넘은 기다림 끝나나",BYD가 2027년 전고체 배터리를 처음 탑재한 전기차를 출시하며 차세대 배터리 경쟁에 본격적으로 뛰어든다. [사진: 덴자] BYD가 2027년 전고체 배터리를 탑재한 첫 전기차를 출시할 계획이다. 14일(이하 현지시간) 전기차... ,https://www.digitaltoday.co.kr/news/articleView.html?idxno=700689,https://www.digitaltoday.co.kr/news/articleView.html?idxno=700689,"Tue, 15 Sep 2026 14:34:00 +0900",2026-09-16 10:10:25
2차전지,전고체 배터리,"이화여대, 국내 대학 최대 규모 'AI·로봇 기반 자율실험실' 구축","소재 합성과 샘플 전처리부터 분광 분석, X선 회절, 전기 특성 측정까지 연계하는 연구 시스템과 AI·로보틱스 관제 시스템을 갖추고, 세계 최초로 전고체 배터리 셀 제작과 자율실험이 가능한 드라이룸도 조성한다.... ",https://edu.donga.com/news/articleView.html?idxno=111960,https://edu.donga.com/news/articleView.html?idxno=111960,"Tue, 15 Sep 2026 14:26:00 +0900",2026-09-16 10:10:25
2차전지,전고체 배터리,삼성SDI 54만7000원으로 2%대 강세…장중 55만9000원 터치,"삼성SDI는 전고체 배터리를 비롯해 나트륨이온, 리튬메탈 배터리 개발을 추진하고 있다. 전기차를 넘어 휴머노이드 로봇과 도심항공교통(UAM), 항공우주 등 고출력·고에너지밀도 배터리가 필요한 신산업을 겨냥한... ",https://www.job-post.co.kr/news/articleView.html?idxno=227604,https://www.job-post.co.kr/news/articleView.html?idxno=227604,"Tue, 15 Sep 2026 14:20:00 +0900",2026-09-16 10:10:25
2차전지,전고체 배터리,"이화여자대학교, 국내 대학 최대 규모 AI·로봇 자율실험실 구축…신소...",또한 세계 최초로 전고체 배터리 셀 제작과 자율실험이 가능한 드라이룸도 조성한다. 이를 통해 차세대 배터리 소재 연구와 셀 제작·평가를 연결하는 연구 기반을 마련할 계획이다. 이화여대는 자율실험실을... ,https://www.lecturernews.com/news/articleView.html?idxno=210635,https://www.lecturernews.com/news/articleView.html?idxno=210635,"Tue, 15 Sep 2026 14:18:00 +0900",2026-09-16 10:10:25
2차전지,전고체 배터리,"&quot;AI가 설계하고 로봇이 실험한다&quot;… 이화여대, 국내 최대 '자율실험실' ...",여기에 세계 최초로 전고체 배터리 셀 제작과 자율실험을 동시에 수행할 수 있는 첨단 드라이룸까지 들어설 예정이다. 이를 통해 학생과 연구진이 첨단 소재와 AI·로보틱스를 융합적으로 다루는 미래형 인재로 성장할... ,http://www.dailysmart.co.kr/news/articleView.html?idxno=129760,http://www.dailysmart.co.kr/news/articleView.html?idxno=129760,"Tue, 15 Sep 2026 13:26:00 +0900",2026-09-16 10:10:25
2차전지,전고체 배터리,이화여대 AI/로봇 신소재연구 자동화 '자율실험실' 구축.. '국내 대학 최...,"소재 합성과 샘플 전처리부터 분광 분석, X선 회절, 전기 특성 측정까지 연계하는 연구 시스템과 AI/로보틱스 관제 시스템을 갖추고, 세계 최초로 전고체 배터리 셀 제작과 자율실험이 가능한 드라이룸도 조성한다.... ",https://www.veritas-a.com/news/articleView.html?idxno=627994,https://www.veritas-a.com/news/articleView.html?idxno=627994,"Tue, 15 Sep 2026 13:12:00 +0900",2026-09-16 10:10:25
바이오/헬스,바이오 주가,삼천당제약 1.78%↓·알테오젠 2.50%↓…바이오·제약주 종목별 희비,"국내 바이오·제약주가 16일 오전 뚜렷한 종목별 차별화 흐름을 나타내고 있다. 삼천당제약과 알테오젠, 한올바이오파마 등 주요 바이오 종목이 하락하는 반면 한미약품과 보령, 셀트리온 등은 상승권을... ",https://www.cbci.co.kr/news/articleView.html?idxno=607235,https://www.cbci.co.kr/news/articleView.html?idxno=607235,"Wed, 16 Sep 2026 10:06:00 +0900",2026-09-16 10:10:25
바이오/헬스,바이오 주가,"셀트리온, 1000억 규모 &quot;자사주 소각 결정&quot;","바이오스펙테이터=이주연 기자 | 취득자사주 54만4299주 전량소각, 오는 30일 소각 예정 셀트리온(Celltrion)은 주주가치 제고를 위해 약 1000억원 규모의 자사주 54만4299주를 소각하기로 결의했다고 16일 밝혔다. 소각... ",https://www.biospectator.com/view/news_view.php?varAtcId=29837,https://www.biospectator.com/view/news_view.php?varAtcId=29837,"Wed, 16 Sep 2026 10:04:00 +0900",2026-09-16 10:10:25
바이오/헬스,바이오 주가,"“반도체株가 끌어올렸다”…코스피 6600선 회복, 외국인은 ‘팔자’","외국인의 3000억원대 순매도에도 시가총액 상위 반도체주가 지수를 끌어올리고 있다. 16일... 반면 현대차는 1.70%, 삼성바이오로직스는 0.85% 하락하고 있다. 지수 상승과 달리 시장 전반의 투자심리는 약한... ",https://www.ddaily.co.kr/page/view/2026091609270625116,https://n.news.naver.com/mnews/article/138/0002241589?sid=101,"Wed, 16 Sep 2026 10:02:00 +0900",2026-09-16 10:10:25
바이오/헬스,바이오 주가,에이비엘바이오 &quot;관계기관 절차에 성실·투명하게 협조&quot;,전날 주가조작 근절 합동대응단은 글로벌 제약사와의 기술이전 계약 체결과 관련한 미공개 정보를 이용해 부당이득을 취한 혐의로 에이비엘바이오를 압수수색했다. 합동대응단은 에이비엘바이오 직원 등 10명 안팎이... ,https://www.m-i.kr/news/articleView.html?idxno=1414582,https://www.m-i.kr/news/articleView.html?idxno=1414582,"Wed, 16 Sep 2026 10:00:00 +0900",2026-09-16 10:10:25
바이오/헬스,바이오 주가,"셀트리온, 1000억 자사주 소각… 주주환원 정책 실행력 높인다",회사가 제시한 중장기 주주환원 원칙을 실제 자본정책으로 연결하면서 주주가치 제고 행보에 속도를 내고... 증권업계에서도 최근 제약·바이오 기업의 주주환원 정책이 기업가치 평가에서 주요 변수로 부상하고 있다는... ,https://www.koreaittimes.com/news/articleView.html?idxno=157203,https://www.koreaittimes.com/news/articleView.html?idxno=157203,"Wed, 16 Sep 2026 09:52:00 +0900",2026-09-16 10:10:25
바이오/헬스,바이오 주가,에이비엘바이오 &quot;준법경영·내부통제 보완…연구성과로 보답&quot;,직원 등 10명 안팎이 글로벌 제약사와 기술이전 계약 체결을 공시하기 전 주식을 매수해 부당이득을 취한 것으로 의심하고 있다. 이 소식이 알려지면서 에이비엘바이오 주가는 지난 15일과 이날 2거래일 연속 하락하고 있다.,https://www.mt.co.kr/thebio/2026/09/16/2026091609451384808,https://n.news.naver.com/mnews/article/008/0005414413?sid=101,"Wed, 16 Sep 2026 09:47:00 +0900",2026-09-16 10:10:25
바이오/헬스,바이오 주가,"프레스티지바이오로직스, 보통주 5대 1 주식병합 결정...&quot;수주 확대 앞두...",프레스티지바이오로직스 관계자는 &quot;이번 주식병합은 특정 시점의 주가 방어나 향후 주가 하락을 전제로 한 선제 대응이 아니라 자본구조를 정비하는 절차적 조치&quot;라며 &quot;병합을 통해 다양한 투자 주체의 접근성을... ,http://www.paxetv.com/news/articleView.html?idxno=281999,http://www.paxetv.com/news/articleView.html?idxno=281999,"Wed, 16 Sep 2026 09:46:00 +0900",2026-09-16 10:10:25
바이오/헬스,바이오 주가,에이비엘바이오 &quot;신약 개발·글로벌 협력으로 신뢰 회복&quot;,앞서 주가조작 근절 합동대응단은 전일 글로벌 제약사와의 기술이전 계약 관련 미공개 정보를 이용해 부당이득을 취한 혐의로 서울 강남구 에이비엘바이오 본사와 관련 혐의를 받는 직원들의 주거지 등을 압수수색했다.... ,http://www.hansbiz.co.kr/news/articleView.html?idxno=865671,http://www.hansbiz.co.kr/news/articleView.html?idxno=865671,"Wed, 16 Sep 2026 09:44:00 +0900",2026-09-16 10:10:25
바이오/헬스,바이오 주가,"에이비엘바이오, 미공개정보 이용 수사에 이틀째 급락..고점비 80% 폭락",주가는 지난 1월 기록했던 고점에서 80% 가까이 폭락한 상태다. 16일 오전 9시 21분 현재 에이비엘바이오는 전 거래일보다 6.4% 떨어진 5만5400원에 거래되고 있다. 장중 54100원까지 하락하며 52주 신저가를 경신했다. 전일... ,https://www.smarttoday.co.kr/ko-kr/articles/111657,https://www.smarttoday.co.kr/ko-kr/articles/111657,"Wed, 16 Sep 2026 09:38:00 +0900",2026-09-16 10:10:25
바이오/헬스,바이오 주가,"한미약품, '군단급' 신약 파이프라인...&quot;2027년이 변곡점&quot;",단일 물질 기준으로는 국내 제약·바이오 역사에서도 손꼽히는 초대형 딜이다. 임상 1상 단계에 불과한... 계약 발표 당일 한미약품 주가는 곧바로 상한가(54만원)를 기록했다. 이후 단기 급등에 따른 차익 실현... ,https://www.koreareport.co.kr/news/articleView.html?idxno=52971,https://www.koreareport.co.kr/news/articleView.html?idxno=52971,"Wed, 16 Sep 2026 09:36:00 +0900",2026-09-16 10:10:25
바이오/헬스,바이오 주가,"엠에프씨 주가 상한가, AI 기반 경구용 인슐린 개발 국책과제 선정",국책과제 선정 소식에 주가가 오르는 것으로 풀이된다. 엠에프씨는 이날 산업통상부 바이오산업기술개발사업의 '맞춤형 진단·치료제품' 분야 국책과제 주관연구개발기관으로 선정됐다고 밝혔다. 과제명은 'AI... ,https://www.gukjenews.com/news/articleView.html?idxno=3696705,https://www.gukjenews.com/news/articleView.html?idxno=3696705,"Wed, 16 Sep 2026 09:32:00 +0900",2026-09-16 10:10:25
바이오/헬스,바이오 주가,"엠에프씨 주가, 상한가... 왜?",사진=엠에프씨 엠에프씨 주가가 상한가를 기록 중이다. 16일 오전 9시 24분 KRX 기준 엠에프씨는 전 거래일 대비 29.96%(725원) 상승한 3145원에 거래 중이다. 고부가가치 원료의약품 전문기업 엠에프씨는 산업통상부 바이오... ,https://www.ggilbo.com/news/articleView.html?idxno=1181995,https://www.ggilbo.com/news/articleView.html?idxno=1181995,"Wed, 16 Sep 2026 09:26:00 +0900",2026-09-16 10:10:25
바이오/헬스,바이오 주가,"&quot;CJ제일제당, 곡물 가격 상승이 바이오 수익성 개선으로…목표가 26만원...",조상훈 신한투자증권 연구원은 16일 &quot;CJ제일제당은 중국발 공급 증가와 경쟁 심화로 바이오 실적 부진이 장기화되며 최근 주가 약세를 보이고 있다&quot;며 &quot;하지만 하반기 바이오 업황 정상화에 따른 이익 확대에 주목한다&quot;고... ,https://www.fnnews.com/news/202609160840179483,https://n.news.naver.com/mnews/article/014/0005576477?sid=101,"Wed, 16 Sep 2026 09:24:00 +0900",2026-09-16 10:10:25
바이오/헬스,제약 산업,"&quot;아세안 제약시장 3위&quot; 태국, '제약바이오 원팀' 구성","노연홍 한국제약바이오협회 회장은 &quot;태국은 우수한 의료 인프라와 제약산업 기반을 갖춘 아시아의 주요 시장인 만큼 식약처, KOTRA 등 관계기관과 긴밀한 협력을 바탕으로 국내 기업의 현지 진출 및 수출 활성화를 적극... ",http://www.wikileaks-kr.org/news/articleView.html?idxno=192092,http://www.wikileaks-kr.org/news/articleView.html?idxno=192092,"Wed, 16 Sep 2026 10:08:00 +0900",2026-09-16 10:10:26
바이오/헬스,제약 산업,"한국제약바이오협회, 태국 시장 진출 지원 본격화∙∙∙국내 제약기업...","한∙태 정부∙산업계 약 120명 참여…제약산업 및 규제 동향 공유 한국제약바이오협회는 식품의약품안전처, 대한무역투자진흥공사와 함께 14일 태국 방콕 힐튼 스쿰빗 호텔에서 '한∙태 제약 포럼'을 공동 개최했다.... ",https://www.biotimes.co.kr/news/articleView.html?idxno=34509,https://www.biotimes.co.kr/news/articleView.html?idxno=34509,"Wed, 16 Sep 2026 10:06:00 +0900",2026-09-16 10:10:26
바이오/헬스,제약 산업,"식약처, 태국 식약청과 규제 협력…K-제약 현지 진출 지원","이번 포럼은 정부와 공공기관, 산업계가 ‘제약바이오 원팀’을 구성해 태국 규제당국·산업계와 협력 채널을 구축하고 국내 기업의 현지 진출을 지원하기 위해 마련됐습니다. 식약처는 베트남과 인도네시아, 일본에 이어... ",https://biz.sbs.co.kr/article_hub/20000334930?division=NAVER,https://n.news.naver.com/mnews/article/374/0000533190?sid=101,"Wed, 16 Sep 2026 10:05:00 +0900",2026-09-16 10:10:26
바이오/헬스,제약 산업,"한국유나이티드제약, 말레이시아에 항암제 공급",한국유나이티드제약은 이미 지난해 11월 방한한 말레이시아 정부 대표단과 만나 제약산업 연구·생산 협력을 모색하고 의약품 공급망 확대를 논의하며 말레이시아 시장 개척에 나선바 있다. 이번 공급계약을 통해... ,http://www.bokuennews.com/news/article.html?no=284264,http://www.bokuennews.com/news/article.html?no=284264,"Wed, 16 Sep 2026 09:52:00 +0900",2026-09-16 10:10:26
바이오/헬스,제약 산업,"한국 제약바이오, 태국 시장 공략…민·관 대표단 현지 상담·규제 논의","한·태 정부·산업계, 제약산업 및 규제 동향 공유 협회는 식약처, KOTRA와 함께 지난 14일 태국 방콕 힐튼 스쿰빗 호텔에서 '한-태 제약 포럼(Korea-Thailand Pharmaceutical Forum 2026)'을 공동 개최했다. 포럼에는 양국 정부와... ",https://www.kpanews.co.kr/news/articleView.html?idxno=543979,https://www.kpanews.co.kr/news/articleView.html?idxno=543979,"Wed, 16 Sep 2026 09:50:00 +0900",2026-09-16 10:10:26
바이오/헬스,제약 산업,"제약바이오협, 태국에 민관 대표단 파견…현지 진출 지원","포럼은 한·태 제약바이오산업 동향 및 협력 기회와 양국 의약품 규제·허가제도를 주제로 진행됐다. 협회는 한국 제약바이오산업 동향과 양국 기업 간 협력 방안을 소개했으며, 태국 송클라대학교... ",https://www.mydaily.co.kr/page/view/2026091609472018759,https://n.news.naver.com/mnews/article/117/0004105826?sid=102,"Wed, 16 Sep 2026 09:48:00 +0900",2026-09-16 10:10:26
바이오/헬스,제약 산업,"식약처·제약사 'K파마', 태국 진출 협력...&quot;아세안 시장 넓힐 것&quot;","인프라와 제약산업 기반을 갖춘 아세안의 주요 시장인 만큼 식약처, 코트라 등 관계 기관과 긴밀히 협력해 우리 기업들이 현지에서 실질적인 파트너를 발굴하고 구체적인 사업 성과를 창출할 수 있도록 적극 지원하겠다... ",http://www.metroseoul.co.kr/article/20260916500044,http://www.metroseoul.co.kr/article/20260916500044,"Wed, 16 Sep 2026 09:48:00 +0900",2026-09-16 10:10:26
바이오/헬스,제약 산업,&quot;규제협력 확대&quot;…식약처 '한·태 제약 포럼' 개최,"이번 포럼은 식약처가 추진하는 의약품 민관 합동 진출지원단 사업의 일환으로, 정부·공공기관·산업계가 '제약바이오 원팀'을 구성해 태국 규제당국·산업계와 협력 채널을 구축하고 우리 기업의 현지 진출을 실질적으로... ",https://www.newsis.com/view/NISX20260916_0003791407,https://n.news.naver.com/mnews/article/003/0014193249?sid=102,"Wed, 16 Sep 2026 09:46:00 +0900",2026-09-16 10:10:26
바이오/헬스,제약 산업,셀트리온·SK바이오팜 ‘1조 신약’ 눈앞…국산 첫 블록버스터 탄생하나,남 의원은 “글로벌 블록버스터 신약 탄생은 한국 제약바이오 산업이 질병 치료와 국민건강 증진이라는 가치와 더불어 고부가가치 미래 국가경쟁력을 확보해 기술 추격자에서 기술 선도국으로 도약했다는 상징적... ,https://biz.chosun.com/science-chosun/bio/2026/09/16/GMMAT45ZWFEPRNMKUEQF6G4SRQ/?utm_source=naver&utm_medium=original&utm_campaign=biz,https://n.news.naver.com/mnews/article/366/0001192658?sid=101,"Wed, 16 Sep 2026 09:45:00 +0900",2026-09-16 10:10:26
바이오/헬스,제약 산업,K-의약품 태국 진출 지원…식약처·제약바이오협 '원팀' 가동,"한국제약바이오협회 노연홍 회장은 &quot;태국은 우수한 의료 인프라와 제약산업 기반을 갖춘 아시아의 주요 시장인 만큼 식약처, KOTRA 등 관계기관과 긴밀한 협력을 바탕으로 국내 기업의 현지 진출 및 수출 활성화를 적극... ",https://www.medicaltimes.com/Main/News/NewsView.html?ID=1170740&ref=naverpc,https://www.medicaltimes.com/Main/News/NewsView.html?ID=1170740&ref=naverpc,"Wed, 16 Sep 2026 09:40:00 +0900",2026-09-16 10:10:26
바이오/헬스,제약 산업,짐펜트라 2.1조·엑스코프리 1.4조... 국산 블록버스터 신약 가시화,남인순 의원은 &quot;블록버스터 신약 창출은 국내 제약바이오 산업이 기술 추격국에서 선도국으로 전환하는 지표&quot;라며 &quot;미국과 유럽 등 해외 주력 시장에서 상업적 성과를 확보할 수 있도록 글로벌 임상 역량과... ,https://www.pharmnews.com/news/articleView.html?idxno=306333,https://www.pharmnews.com/news/articleView.html?idxno=306333,"Wed, 16 Sep 2026 09:38:00 +0900",2026-09-16 10:10:26
바이오/헬스,제약 산업,"[바이오스냅] '의료구호 활동가' 김용민 전 교수, JW성천상 수상",포럼에는 양국 규제기관과 산업계 관계자 약 120명이 참석해 제약·바이오 산업 동향을 공유하고 투자·연구개발 방안을 협의했다. 식약처 관계자는 태국 정부 고위급 인사와 만나 규제 현안 등을 논의했다.... ,https://www.yna.co.kr/view/AKR20260916040800017?input=1195m,https://n.news.naver.com/mnews/article/001/0016313606?sid=101,"Wed, 16 Sep 2026 09:35:00 +0900",2026-09-16 10:10:26
바이오/헬스,제약 산업,'K-파마' 태국 상담회서 1:1미팅 180건 잡아내,"노연홍 회장은 협회가 2023년 베트남을 시작으로 인도네시아, 일본 등 진출 수요가 높은 국가에 민·관 대표단을 파견해 왔다며 태국은 우수한 의료 인프라와 제약산업 기반을 갖춘 아세안 주요 시장인 만큼 관계기관과... ",https://www.hitnews.co.kr/news/articleView.html?idxno=79175,https://www.hitnews.co.kr/news/articleView.html?idxno=79175,"Wed, 16 Sep 2026 09:34:00 +0900",2026-09-16 10:10:26
바이오/헬스,제약 산업,남인순 &quot;블록버스터 신약 탄생 임박…제약바이오 선진국 올랐다&quot;,"남 부의장은 지난 2012년 원내에 입성한 뒤 14년간 국회 보건복지위에서 활동하며 제약바이오산업, 특히 글로벌 블록버스터 신약 탄생을 위한 R&amp;D 투자, 해외 진출 지원, 개방형 혁신 확대 등을 촉구해 왔다. 앞으로... ",https://www.news1.kr/bio/welfare-medical/6292018,https://n.news.naver.com/mnews/article/421/0009172883?sid=105,"Wed, 16 Sep 2026 09:24:00 +0900",2026-09-16 10:10:26
바이오/헬스,제약 산업,"대구가톨릭대, 청년 취업역량 강화 프로그램 잇따라 운영","셀트리온 현직자는 SCM, QC·QA, 제조, 생산관리 등 제약·바이오 산업의 주요 직무와 업무를 소개하고 자신의 취업·이직 경험을 바탕으로 직무 선택과 자기소개서, 면접 준비 방법 등을 공유했다. 지난 2일에는... ",https://news.unn.net/news/articleView.html?idxno=597527,https://news.unn.net/news/articleView.html?idxno=597527,"Wed, 16 Sep 2026 09:22:00 +0900",2026-09-16 10:10:26
바이오/헬스,제약 산업,"유한양행, 대학생·고교생 대상 기업탐방 진행",유한양행이 대학생과 고등학생을 대상으로 제약산업과 기업 업무를 직접 경험할 수 있는 기업탐방 프로그램을 진행했다. 유한양행은 지난 11일 서울 본사와 윌로우하우스에서 동덕여자대학교 경영학과 학생과 고등학생을... ,https://www.fnnews.com/news/202609160918498189,https://n.news.naver.com/mnews/article/014/0005576473?sid=103,"Wed, 16 Sep 2026 09:21:00 +0900",2026-09-16 10:10:26
바이오/헬스,제약 산업,"셀트리온·SK바이오팜, 국산 첫 '연매출 1조원 신약' 현실화",남 의원은 &quot;글로벌 블록버스터 신약 탄생은 국내 제약바이오 산업이 고부가가치 미래 국가경쟁력을 확보해 기술 추격자에서 선도국으로 도약했음을 뜻하는 상징적 사건&quot;이라고 강조했다. 보산진은 블록버스터... ,http://www.medisobizanews.com/news/articleView.html?idxno=142275,http://www.medisobizanews.com/news/articleView.html?idxno=142275,"Wed, 16 Sep 2026 09:20:00 +0900",2026-09-16 10:10:26
바이오/헬스,제약 산업,"제약바이오협회, 식약처‧KOTRA와 '한-태 제약 포럼' 개최","현지에서는 양국 제약산업 관계자 120여명이 참여한 포럼이 열렸고, 국내 제약·의료기기 기업과 태국 바이어·기관·병원 간 180여건의 일대일 상담도 진행됐다. 한국제약바이오협회는 식품의약품안전처... ",http://www.press9.kr/news/articleView.html?idxno=82816,http://www.press9.kr/news/articleView.html?idxno=82816,"Wed, 16 Sep 2026 09:20:00 +0900",2026-09-16 10:10:26
바이오/헬스,제약 산업,"제약바이오협회, 태국 현지 진출 지원 프로그램 진행","인프라와 제약산업 기반을 갖춘 아세안의 주요 시장인 만큼, 식약처와 KOTRA 등 관계기관과 긴밀히 협력해 우리 기업들이 현지에서 실질적인 파트너를 발굴하고 구체적인 사업 성과를 창출할 수 있도록 적극... ",http://www.medisobizanews.com/news/articleView.html?idxno=142274,http://www.medisobizanews.com/news/articleView.html?idxno=142274,"Wed, 16 Sep 2026 09:18:00 +0900",2026-09-16 10:10:26
바이오/헬스,제약 산업,"짐펜트라·엑스코프리, 내년 ‘1조 클럽’…국산 블록버스터 탄생 가시...",국산 신약이 글로벌 시장에서 1조원 이상의 단일 제품 매출을 올리는 사례가 현실화할 경우 국내 제약바이오 산업의 사업화 역량을 보여주는 지표가 될 수 있다는 평가가 나온다. 국내에서는 1999년 첫 국산... ,https://www.sedaily.com/article/20091462?ref=naver,https://n.news.naver.com/mnews/article/011/0004662337?sid=101,"Wed, 16 Sep 2026 09:18:00 +0900",2026-09-16 10:10:26
바이오/헬스,신약 개발,"[제약+] 창립 100주년 유한양행, 렉라자 개발 성과 기념 外",유한양행이 지난 15일 서울 대방동 ‘윌로우하우스(Willow House)’에서 창립 100주년을 기념해 2018년 미국 존슨앤존슨(J&amp;J)과 체결한 라이선스 계약의 일환으로 개발된 혁신 신약 ‘레이저티닙(제품명 렉라자)’의... ,https://dealsite.co.kr/articles/169122,https://dealsite.co.kr/articles/169122,"Wed, 16 Sep 2026 10:04:00 +0900",2026-09-16 10:10:27
바이오/헬스,신약 개발,지씨셀 AI 활용 임상 최적화 협력,가능성을 높여 글로벌 경쟁력을 강화하겠다고 말했습니다. 최근 제약·바이오 업계는 AI 기반 임상 시뮬레이션 기술을 적극 도입해 신약 개발 비용과 기간을 단축하고 성공률을 극대화하는 트렌드를 보이고 있습니다.,https://www.newsclaim.co.kr/news/articleView.html?idxno=3075550,https://www.newsclaim.co.kr/news/articleView.html?idxno=3075550,"Wed, 16 Sep 2026 10:02:00 +0900",2026-09-16 10:10:27
바이오/헬스,신약 개발,"스탠다임, 이스라엘 프로타이와 ‘선택적 분자접착제’ 공동개발",인공지능(AI) 신약개발 기업 스탠다임이 이스라엘 바이오벤처 프로타이(Protai)와 선택적 분자접착제 분해제(MGD) 발굴을 위한 공동 연구개발에 나선다. 스탠다임은 프로타이와 한-이스라엘 산업연구개발재단(KORIL-RDF)의... ,https://www.edaily.co.kr/News/Read?newsId=02971686645580776&mediaCodeNo=257&utm_source=naver&utm_medium=referral&utm_campaign=news_syndication&utm_content=original_article,https://n.news.naver.com/mnews/article/018/0006370187?sid=105,"Wed, 16 Sep 2026 10:01:00 +0900",2026-09-16 10:10:27
바이오/헬스,신약 개발,"지씨셀-퀀트헬스, 신약 후보 임상 설계 최적화 공동연구 계약 체결","퀀트헬스는 자체적으로 구축한 생물의학 지식 그래프와 방대한 실사용 데이터(RWD)를 학습한 인공지능 모델을 통해 약물과 환자 간 치료 결과를 예측하고, 다양한 임상시험 및 신약 개발 시나리오를 평가하는... ",https://www.newsquest.co.kr/news/articleView.html?idxno=301023,https://www.newsquest.co.kr/news/articleView.html?idxno=301023,"Wed, 16 Sep 2026 10:00:00 +0900",2026-09-16 10:10:27
바이오/헬스,신약 개발,"유한양행, 창립 100주년 기념행사 성료...레이저티닙 성공 스토리 공유","참석자들은 강연을 통해 신약 개발 과정에서의 도전과 성과를 나누며, 레이저티닙을 매개로 한 유한양행과 J&amp;J의 협업이 갖는 의미를 되새겼다. 현장에서는 ▲고종성 박사의 'Unveiling Lazertinib: The Breakthrough in... ",https://www.esgeconomy.com/news/articleView.html?idxno=16747,https://www.esgeconomy.com/news/articleView.html?idxno=16747,"Wed, 16 Sep 2026 10:00:00 +0900",2026-09-16 10:10:27
바이오/헬스,신약 개발,[제약업 소식] 신약부터 주주환원까지…유한양행·셀트리온·동아·JW중...,"▲ 유한양행 창립 100주년 기념 행사 ‘Beyond 100 Years’ 현장 [유한양행] 제약업계가 신약 연구개발 성과와 주주환원, 제조·품질관리 강화 등 각 분야에서 사업 기반을 다지고 있다. 유한양행(대표이사 조욱제)은 지난... ",https://sateconomy.co.kr/news/view/1065574174398797,https://sateconomy.co.kr/news/view/1065574174398797,"Wed, 16 Sep 2026 10:00:00 +0900",2026-09-16 10:10:27
바이오/헬스,신약 개발,고향 인재에 건넨 ‘10억의 뜻’…이기윤 전 명예면장 통 큰 장학금,"2016∼19년 연세의료원에 폐암 신약 개발과 중입자 치료기 도입, 연세암병원 미래관 건립 등을 위해 30억원을 후원했다. 2014년과 2015년에는 두 차례에 걸쳐 의성에서 서울까지 총 540여㎞를 걸은 뒤 경기도... ",https://view.asiae.co.kr/article/2026091608400279388,https://n.news.naver.com/mnews/article/277/0005816996?sid=102,"Wed, 16 Sep 2026 09:57:00 +0900",2026-09-16 10:10:27
바이오/헬스,신약 개발,"수원시, 바이오산업육성위원회 개최…광교 바이오 허브 육성 본격화","회의에서는 아주대학교 의과대학 이상래 교수가 신임 위원장으로 선출됐으며, 이어 열린 광교 바이오 이노베이션밸리 CMC 분과회의에서는 의약품 개발과 생산, 품질관리, 인허가 분야의 산업 동향과 신약 개발 지원 방안... ",http://www.paxetv.com/news/articleView.html?idxno=282001,http://www.paxetv.com/news/articleView.html?idxno=282001,"Wed, 16 Sep 2026 09:56:00 +0900",2026-09-16 10:10:27
바이오/헬스,신약 개발,"유한양행, 창립 100주년 기념행사 개최…레이저티닙 개발 성과 조명","행사는 유한양행이 자체 개발한 혁신신약 레이저티닙이 물질 발굴부터 임상 성공, 얀센(J&amp;J)으로의 라이센싱 아웃, 그리고 레이저티닙-아미반타맙 병용요법의 글로벌 성공에 이르기까지 걸어온 여정을 함께... ",http://mbnmoney.mbn.co.kr/news/view?news_no=MM1005922569,http://mbnmoney.mbn.co.kr/news/view?news_no=MM1005922569,"Wed, 16 Sep 2026 09:54:00 +0900",2026-09-16 10:10:27
바이오/헬스,신약 개발,"2013년 후보물질서 글로벌 임상까지…유한양행, 레이저티닙 성과 공유","2013년 후보물질 설계에서 출발해 제노스코·국내 연구진·유한양행·J&amp;J가 각각 연구와 임상, 상업화를 이어 맡으면서 국내 신약 개발이 글로벌 파트너십으로 연결되는 과정을 보여준 사례다. 사진 유한양행",http://www.kdfnews.com/news/articleView.html?idxno=188110,http://www.kdfnews.com/news/articleView.html?idxno=188110,"Wed, 16 Sep 2026 09:54:00 +0900",2026-09-16 10:10:27
바이오/헬스,신약 개발,"지씨셀, 퀀트헬스와 GCC2005 글로벌 2상 설계 최적화",퀀트헬스는 자체 구축한 생물의학 지식 그래프(Biomedical Knowledge Graph)와 실사용 데이터를 학습한 AI 모델을 이용해 약물과 환자 간 치료 결과를 예측하고 임상시험 및 신약 개발 시나리오를 평가하는 기업이다.... ,http://www.press9.kr/news/articleView.html?idxno=82820,http://www.press9.kr/news/articleView.html?idxno=82820,"Wed, 16 Sep 2026 09:52:00 +0900",2026-09-16 10:10:27
바이오/헬스,신약 개발,"유한양행, 'Beyond 100 Years' 열고 레이저티닙 성과 조명","참석자들은 강연을 통해 신약 개발 과정에서의 도전과 성과를 나누며, 레이저티닙을 매개로 한 유한양행과 J&amp;J의 협업이 갖는 의미를 되새겼다.현장에서는 ▲고종성 박사의 'Unveiling Lazertinib: The Breakthrough in... ",https://www.medicaltimes.com/Main/News/NewsView.html?ID=1170742&ref=naverpc,https://www.medicaltimes.com/Main/News/NewsView.html?ID=1170742&ref=naverpc,"Wed, 16 Sep 2026 09:50:00 +0900",2026-09-16 10:10:27
바이오/헬스,신약 개발,진료지침부터 재택투석·AI 윤리까지…신장학 최신 과제 한자리,"파브리병연구회에서는 파브리 신병증 근거기반 진료지침과 siRNA 기반 신약 개발 동향을 다뤘다. 당뇨병콩팥병연구회는 심장-신장-대사(Cardiovascular-Kidney-Metabolic, CKM) 증후군의 국내 현황과 당뇨병콩팥병의 4대 축... ",https://www.medipana.com/news/articleView.html?idxno=417720,https://www.medipana.com/news/articleView.html?idxno=417720,"Wed, 16 Sep 2026 09:48:00 +0900",2026-09-16 10:10:27
바이오/헬스,신약 개발,"유한양행, 창립 100주년 기념해 ‘렉라자’ 개발 성과 조명","행사는 유한양행이 자체 개발한 혁신신약 레이저티닙이 물질 발굴부터 임상 성공, 얀센(J&amp;J)으로의 라이센싱 아웃, 그리고 레이저티닙-아미반타맙 병용요법의 글로벌 성공에 이르기까지 걸어온 여정을 함께... ",https://www.viva100.com/article/20260916500376,https://www.viva100.com/article/20260916500376,"Wed, 16 Sep 2026 09:48:00 +0900",2026-09-16 10:10:27
바이오/헬스,신약 개발,"유한양행, 100년 역사 빛낸 '레이저티닙'…신약 개발 여정 돌아봤다",유한양행(000100)이 창립 100주년을 맞아 국산 폐암 신약 '레이저티닙'의 개발부터 글로벌 시장 진출까지 이어진 성과를 되돌아봤다. 유한양행은 지난 15일 서울 대방동 윌로우하우스에서 레이저티닙 개발 성과를... ,https://www.news1.kr/bio/pharmaceutical-bio/6292087,https://n.news.naver.com/mnews/article/421/0009172953?sid=103,"Wed, 16 Sep 2026 09:48:00 +0900",2026-09-16 10:10:27
바이오/헬스,신약 개발,"유한양행, 창립 100주년 맞아 '레이저티닙' 개발 성과 조명",더트래커 장진 기­자 jjin@thetracker.co.kr 더트래커 = 장진 기자유한양행이 창립 100주년을 맞아 폐암 신약 레이저티닙의 개발 성과를 돌아보고 향후 연구개발 의지를 다지는 자리를 마련했다. 16일 유한양행은 지난... ,https://thetracker.co.kr/View.aspx?No=4229167,https://thetracker.co.kr/View.aspx?No=4229167,"Wed, 16 Sep 2026 09:45:00 +0900",2026-09-16 10:10:27
바이오/헬스,헬스케어 시장,세계병원대회 한 달 앞으로…&quot;모든 환자 위한 배움과 실천&quot;,혁신-신흥시장을 위한 확장 가능한 솔루션 ▲보건의료시스템 성과 강화-민간 의료의 역할 ▲IHF 차세대... 글로벌 헬스케어 부문) ▲Kong Choong Tang CEO(싱가포르 Tan Tock Seng병원) 등이 나선다. 환경 지속가능성... ,http://www.doctorsnews.co.kr/news/articleView.html?idxno=166362,http://www.doctorsnews.co.kr/news/articleView.html?idxno=166362,"Wed, 16 Sep 2026 10:10:00 +0900",2026-09-16 10:10:28
바이오/헬스,헬스케어 시장,"&quot;스마트 홈의 완성&quot;… '르엘 어퍼하우스', 원스톱 통합 IoT 플랫폼 도입","최근 주거시장에서 첨단 기술의 역할은 개별 기기의 사양이나 기능을 강조하는 단계를 넘어, 입주민의... 건강식, 헬스·케어, 반려동물, 문화·예술 등 다양한 분야의 컨시어지 서비스를 앱 내 카테고리별로 확인하고... ",https://www.fnnews.com/news/202609151738511666,https://n.news.naver.com/mnews/article/014/0005576523?sid=101,"Wed, 16 Sep 2026 10:01:00 +0900",2026-09-16 10:10:28
바이오/헬스,헬스케어 시장,중동 '오일머니' 해시드 김서준과 함께 기술기업 찾는다…아부다비 투자...,"아프리카 시장까지 연결하겠다는 구상이다. 국내 블록체인 투자사 해시드의 김서준 대표도 포럼 연사로... AI·로보틱스와 첨단 제조, 금융서비스, 헬스케어·생명과학, 청정·재생에너지, 물류·인프라, 미디어·게이밍... ",https://www.techm.kr/news/articleView.html?idxno=155273,https://www.techm.kr/news/articleView.html?idxno=155273,"Wed, 16 Sep 2026 09:58:00 +0900",2026-09-16 10:10:28
바이오/헬스,헬스케어 시장,"보령, 신설 보령파마솔루션 정웅제 대표 체제...이사회 영업·인사 책임...",정 부문장은 현재 보령컨슈머헬스케어 대표이사도 겸직하고 있다. 보령컨슈머헬스케어는 올해 초 정... 보령은 2030년까지 자사 제품 26건과 도입 상품 16건을 추가하고 보령파마솔루션을 통해 국내 의약품 시장점유율 10... ,http://www.press9.kr/news/articleView.html?idxno=82818,http://www.press9.kr/news/articleView.html?idxno=82818,"Wed, 16 Sep 2026 09:54:00 +0900",2026-09-16 10:10:28
바이오/헬스,헬스케어 시장,분양가 외 추가 비용 부담 커져… '화서역 호수공원 아너스빌' 무상 옵...,아파트 분양시장에서 분양가 외 추가 비용에 대한 실수요자들의 관심이 커지고 있다. 원자재 가격과 인건비... 및 헬스케어 서비스도 제공할 예정이다. 커뮤니티와 조경시설로는 '그래스 레이어 가든'과 '네이처 시드랩... ,https://www.ksilbo.co.kr/news/articleView.html?idxno=1067439,https://www.ksilbo.co.kr/news/articleView.html?idxno=1067439,"Wed, 16 Sep 2026 09:50:00 +0900",2026-09-16 10:10:28
바이오/헬스,헬스케어 시장,"한국디지털헬스산업협회, 디지털헬스 매칭데이 공급기업 모집","디산협은 디지털헬스 기업의 사업 협력과 시장 진출을 지원하기 위해 수요·공급기업 매칭데이를 지속... 특히 맞춤형 케어, 멘탈헬스, 에이징테크, 디지털헬스 디바이스 등 다양한 분야의 공급기업이 참여해 건강한... ",https://www.medipana.com/news/articleView.html?idxno=417719,https://www.medipana.com/news/articleView.html?idxno=417719,"Wed, 16 Sep 2026 09:48:00 +0900",2026-09-16 10:10:28
바이오/헬스,헬스케어 시장,"제네셀, 코스맥스와 손잡고 줄기세포 화장품 개발 착수","해외 시장 진출을 위한 기반 마련에 들어갔다. 제네셀은 코스맥스와 줄기세포 배양 상청액 기반 화장품의... 알프레사는 일본에서 의약품 유통과 제조, 재생의료 사업 등을 영위하는 헬스케어 기업으로, 제네셀의... ",http://www.kmedinfo.co.kr/news/articleView.html?idxno=97749,http://www.kmedinfo.co.kr/news/articleView.html?idxno=97749,"Wed, 16 Sep 2026 09:46:00 +0900",2026-09-16 10:10:28
바이오/헬스,헬스케어 시장,"보령·한국오가논, 이상지질혈증 치료 협력 확대…'아토젯®' 코프로모션...","보령 관계자는 &quot;글로벌 헬스케어 기업으로서 한국오가논이 축적해 온 제품 전문성과 임상적 근거, 보령의 심혈관계·대사질환 시장에 대한 높은 이해도와 영업·마케팅 역량이 더해져 아토젯의 지속적인 성장을 위한... ",https://www.econovill.com/news/articleView.html?idxno=750936,https://www.econovill.com/news/articleView.html?idxno=750936,"Wed, 16 Sep 2026 09:42:00 +0900",2026-09-16 10:10:28
바이오/헬스,헬스케어 시장,"‘Try Everything 2026’ “계약서에 묻힌 정보, AI가 꺼내 쓴다”…모두...",전자서명 시장을 선도해 온 기업이다. 법적 효력을 보유해 안전한 서명 체결 인프라를 도처로 보급하면서... 모 헬스케어 업체 역시 자동 갱신 대상 계약 확인 시간을 83% 이상 절감한 것으로 조사됐다. 모두싸인은... ,http://digitalchosun.dizzo.com/site/data/html_dir/2026/09/14/2026091480210.html,http://digitalchosun.dizzo.com/site/data/html_dir/2026/09/14/2026091480210.html,"Wed, 16 Sep 2026 09:40:00 +0900",2026-09-16 10:10:28
바이오/헬스,헬스케어 시장,‘Try Everything 2026’ &quot;카메라로 15초 만에 생체신호 확인&quot;…바이오커...,"이어 “올 초 CES 혁신상을 받은 이후 북미와 아시아 주요 파트너들과 논의해 온 사업을 한층 구체화 중이며, 이를 성과 창출까지 이끄는 것이 올해 당면한 큰 과제”라며 “글로벌 헬스케어 및 산업안전 시장의 표준... ",http://digitalchosun.dizzo.com/site/data/html_dir/2026/09/14/2026091480208.html,http://digitalchosun.dizzo.com/site/data/html_dir/2026/09/14/2026091480208.html,"Wed, 16 Sep 2026 09:40:00 +0900",2026-09-16 10:10:28
바이오/헬스,헬스케어 시장,"건기식협회, 회원사 추석 프로모션 정보 공개","업체별로 최대 80%대 할인부터 추가 쿠폰, 페이백, 사은품 증정 등을 내걸면서 명절 건기식 시장을 둘러싼... 일동헬스케어, 정담건강, 종근당, 종근당건강, 주영엔에스, 천호엔케어, 프롬바이오, CJ웰케어, HL사이언스, hy... ",https://www.kpanews.co.kr/news/articleView.html?idxno=543977,https://www.kpanews.co.kr/news/articleView.html?idxno=543977,"Wed, 16 Sep 2026 09:36:00 +0900",2026-09-16 10:10:28
바이오/헬스,헬스케어 시장,"제네셀, 코스맥스와 프리미엄 화장품 ODM 계약 체결","해외시장으로 판매망을 확대할 계획이다. 이날 체결식에는 주희석 제네셀 대표와 코스맥스 관계자를 비롯해... 의약품, 의료기기 등 헬스케어 전반으로 사업을 확장해 글로벌 줄기세포 플랫폼을 구축할 것&quot;이라고 말했다.",http://www.medisobizanews.com/news/articleView.html?idxno=142282,http://www.medisobizanews.com/news/articleView.html?idxno=142282,"Wed, 16 Sep 2026 09:30:00 +0900",2026-09-16 10:10:28
바이오/헬스,헬스케어 시장,"제네셀, 줄기세포 배양 상청액 기반 화장품 ODM 계약 체결","이번 계약으로 제네셀은 코스맥스와 화장품 시장 진출을 위한 전략적 파트너십을 구축하게 됐으며 일본에서... 의료기기 등 헬스케어 영역으로 사업을 확장, 차별화된 글로벌 줄기세포 플랫폼을 구축하겠다&quot;고 말했다.",https://www.pointdaily.co.kr/news/articleView.html?idxno=319445,https://www.pointdaily.co.kr/news/articleView.html?idxno=319445,"Wed, 16 Sep 2026 09:28:00 +0900",2026-09-16 10:10:28
바이오/헬스,헬스케어 시장,"동아쏘시오홀딩스, 사업지주사로 전환…헬스케어 해외서 통할까",동아쏘시오홀딩스 관계자는 &quot;동아제약은 의약품 개발 과정에서 쌓은 연구개발 역량과 품질관리 경험을 바탕으로 컨슈머 헬스케어 브랜드를 육성해 왔다&quot;며 &quot;제품의 성분과 효능을 중시하는 글로벌 시장에서도 이러한... ,http://www.iminju.net/news/articleView.html?idxno=169367,http://www.iminju.net/news/articleView.html?idxno=169367,"Wed, 16 Sep 2026 09:24:00 +0900",2026-09-16 10:10:28
바이오/헬스,헬스케어 시장,보령-한국오가논 만성질환 라인업 강화위해 '맞손',"보령이 글로벌 헬스케어 기업 한국오가논과 손잡고 블록버스터 이상지질혈증 치료제 '아토젯정'의 국내... 한국오가논의 글로벌 제품 전문성과 임상 데이터, 보령의 국내 만성질환 영업 네트워크가 결합해 시장 시너지를... ",https://www.bosa.co.kr/news/articleView.html?idxno=3012211,https://www.bosa.co.kr/news/articleView.html?idxno=3012211,"Wed, 16 Sep 2026 09:22:00 +0900",2026-09-16 10:10:28
바이오/헬스,헬스케어 시장,"SBI인베스트먼트 투자기업 영광YKMC, 코스닥 상장예심 승인","자본시장으로부터 그 가치를 인정받고 성공적으로 안착할 수 있도록 앞으로도 초기 투자와 더불어 스케일업 지원을 이어 나갈 것”이라고 말했다. 한편, SBI인베스트먼트는 AI·딥테크, 바이오·헬스케어, 반도체... ",https://www.edaily.co.kr/News/Read?newsId=02824086645580776&mediaCodeNo=257&utm_source=naver&utm_medium=referral&utm_campaign=news_syndication&utm_content=original_article,https://n.news.naver.com/mnews/article/018/0006370151?sid=101,"Wed, 16 Sep 2026 09:18:00 +0900",2026-09-16 10:10:28
바이오/헬스,헬스케어 시장,"제네셀, 헬리오스 원료 활용 화장품 개발…코스맥스와 생산 협력","이후 국내 시장에서 인지도를 확보한 뒤 일본과 미국 등으로 판매망을 확대한다는 계획을 세웠다. 이번... 알프레사 그룹은 일본 헬스케어 기업으로 의약품 유통과 제조, 재생의료 등 분야에서 사업을 전개하고 있다.... ",http://www.press9.kr/news/articleView.html?idxno=82815,http://www.press9.kr/news/articleView.html?idxno=82815,"Wed, 16 Sep 2026 09:14:00 +0900",2026-09-16 10:10:28
바이오/헬스,헬스케어 시장,"월가 펀드매니저들 &quot;국채 금리, AI 버블보다 더 무섭다&quot;","업종별로는 헬스케어와 산업재, 은행 비중을 늘리고 부동산과 필수소비재 비중을 줄였다. 뱅크오브아메리카의 9월 설문은 AI 성장 기대가 유지되는 가운데 투자자들의 경계가 기업 실적보다 채권시장으로 빠르게... ",http://coinreaders.com/258477,http://coinreaders.com/258477,"Wed, 16 Sep 2026 09:12:00 +0900",2026-09-16 10:10:28
AI/소프트웨어,AI 주가,"키옥시아 CEO “과도한 낸드 가격 인상, AI 투자 심리 꺾어”… 영업팀...",인공지능(AI) 투자 심리가 꺾일 것을 우려한 조치다. 16일 블룸버그에 따르면 지난 4월 취임한 오타 CEO는... 이 기간 주가도 1년 전보다 18배 오른 상태다. 한편 오타 CEO는 이번 인터뷰에서 SK하이닉스와의 협력 강화설에... ,https://biz.chosun.com/it-science/ict/2026/09/16/NJA4WUGD5RHZTE7PGNMWFOC3NM/?utm_source=naver&utm_medium=original&utm_campaign=biz,https://n.news.naver.com/mnews/article/366/0001192676?sid=105,"Wed, 16 Sep 2026 10:07:00 +0900",2026-09-16 10:10:29
AI/소프트웨어,AI 주가,[특징주] AI 데이터센터 광통신 수요 부각…빛샘전자 19%↑,[사진=게티이미지뱅크] 광통신주가 주목받는 배경에는 AI 데이터센터의 빠른 확장이 자리 잡고 있다. 생성형 AI 모델의 학습과 추론에는 다수의 그래픽처리장치(GPU)를 연결해 막대한 데이터를 빠르게 주고받아야... ,https://www.newspim.com/news/view/20260916000312,https://www.newspim.com/news/view/20260916000312,"Wed, 16 Sep 2026 10:06:00 +0900",2026-09-16 10:10:29
AI/소프트웨어,AI 주가,"'립스틱 효과'에 로레알, LVMH 제치고 파리증시 시총 1위","올해 들어 로레알 주가는 5% 올랐지만, LVMH 주가는 35% 넘게 하락했다. 명품부터 일반 화장품까지 다양한... 인공지능(AI) 일자리 우려가 있다&quot;고 설명했다. 글로벌 명품 업체들은 지난 수년간 중국 경제 둔화와 중동 정세... ",http://www.newsfc.co.kr/news/articleView.html?idxno=81176,http://www.newsfc.co.kr/news/articleView.html?idxno=81176,"Wed, 16 Sep 2026 10:00:00 +0900",2026-09-16 10:10:29
AI/소프트웨어,AI 주가,빛과전자·한국첨단소재 등 광통신株 상승...AI 데이터센터 수혜 기대,"인공지능(AI) 데이터센터 투자 기대감에 관련 주가가 오르는 것으로 풀이된다. 최근 AI 데이터센터 확대로 광통신 부품 등에 대한 수요가 커질 것이란 기대가 이어지고 있다. AI 데이터센터의 경우, 서버... ",https://www.gukjenews.com/news/articleView.html?idxno=3696738,https://www.gukjenews.com/news/articleView.html?idxno=3696738,"Wed, 16 Sep 2026 10:00:00 +0900",2026-09-16 10:10:29
AI/소프트웨어,AI 주가,&quot;AI 늦어지면 대기업 전유물 된다&quot;…블랙록 래리 핑크의 경고,캐나다 정부는 벨 캐나다와 서스캐처원주가 1.2기가와트 규모의 AI 인프라 허브 구축을 추진한다고 밝혔다. 캐나다 정부는 이 사업 규모가 500억 캐나다달러를 넘을 것으로 설명했다. 마크 카니 총리는 투자 정상회의에서... ,https://www.pinpointnews.co.kr/news/articleView.html?idxno=487459,https://www.pinpointnews.co.kr/news/articleView.html?idxno=487459,"Wed, 16 Sep 2026 09:58:00 +0900",2026-09-16 10:10:29
AI/소프트웨어,AI 주가,"미투온, 카카오게임즈 피인수 소식에 상한가",위 이미지는 기사 이해를 돕기 위해 AI(인공지능)를 활용해 제작했습니다. 미투온이 상한가를 기록 중이다.... 카카오게임즈의 미투온 지분 인수 및 경영권 확보 소식이 주가에 영향을 미치고 있는 것으로 보인다.... ,http://www.econonews.co.kr/news/articleView.html?idxno=444408,http://www.econonews.co.kr/news/articleView.html?idxno=444408,"Wed, 16 Sep 2026 09:56:00 +0900",2026-09-16 10:10:29
AI/소프트웨어,AI 주가,[이 시각 시황] 코스피 강보합·코스닥 약세…엇갈린 국내 증시,"광통신, 통신장비 등 네트워크, 통신장비 관련주가 2026년 하반기 실적 바닥을 다지고 2027년 ‘빅사이클’ 초입에 진입할 것이라는 분석이 나오고 있습니다. 인공지능(AI) 데이터센터 증설에 따른 광부품 공급 부족... ",https://biz.sbs.co.kr/article_hub/20000334895?division=NAVER,https://n.news.naver.com/mnews/article/374/0000533185?sid=101,"Wed, 16 Sep 2026 09:56:00 +0900",2026-09-16 10:10:29
AI/소프트웨어,AI 주가,5G株 다시 뜬다…에이스테크·기가레인 거침없는 하이킥,"투자, AI·자율주행·IoT 등 신규 서비스 확산 속도에 영향을 받을 것으로 보인다. 개별 기업별로는 실제 수주와 매출 확대 여부, 해외 사업 비중, 통신장비 시장의 투자 규모 등에 따라 실적과 주가 흐름이 차별화될... ",https://www.pinpointnews.co.kr/news/articleView.html?idxno=487457,https://www.pinpointnews.co.kr/news/articleView.html?idxno=487457,"Wed, 16 Sep 2026 09:56:00 +0900",2026-09-16 10:10:29
AI/소프트웨어,AI 주가,[특징주]케이엠더블유 또 급등…장중 1만9천250원,"이날 주가는 1만6천460원에 출발했다. 이후 매수세가 몰리면서 장중 고가가 1만9천250원까지 올라 전... 아울러 본 기사는 생성형 AI의 도움을 받아 작성되었으며, 담당 기자의 데스킹 및 최종 검수를 거쳤습니다.",https://www.namdonews.com/news/articleView.html?idxno=923581,https://www.namdonews.com/news/articleView.html?idxno=923581,"Wed, 16 Sep 2026 09:56:00 +0900",2026-09-16 10:10:29
AI/소프트웨어,AI 주가,키움증권 &quot;고금리 부담 커지는 AI 투자…신용시장 전이 주목&quot;,"CDS 프리미엄과 주요 상장 BDC 주가, 신용 스프레드의 변화를 단계적으로 살펴보면서 AI 내부의 신용위험이 사모신용을 거쳐 시장 전반으로 이어지는지 여부를 지속적으로 모니터링할 필요가 있다&quot;고 말했다.",http://www.metroseoul.co.kr/article/20260916500058,http://www.metroseoul.co.kr/article/20260916500058,"Wed, 16 Sep 2026 09:52:00 +0900",2026-09-16 10:10:29
AI/소프트웨어,인공지능 산업,"M83 자회사 피앤티링크 ‘베스트서버’, 당초 매출 목표 600% 초과 달성","실적 성장의 핵심 원동력은 인공지능(AI) 인프라 수요 확대로 분석된다. 같은 기간 접수된 전체 제품 문의... 베스트서버는 GPU, GPU 서버, AI 워크스테이션, 기업용 서버, 스토리지, 산업용 컴퓨터 등 다양한 B2B IT... ",https://www.mk.co.kr/article/12153990,https://n.news.naver.com/mnews/article/009/0005735888?sid=101,"Wed, 16 Sep 2026 10:09:00 +0900",2026-09-16 10:10:30
AI/소프트웨어,인공지능 산업,SK그룹 &quot; '2026 SK AI 해커톤' 통해 'AX강화' &quot;..재계 'AI경쟁' 가열,"미국에서는 AI 혁신 속도조절론이 나오고 있지만 그와는 별개로 글로벌 주요 대기업의 AI(인공지능)... 재계의 한 관계자는 &quot;최근 미국 앤트로픽, 오픈AI, xAI CEO 등이 AI혁신 속도조절 필요성을 강조하면서 AI산업을... ",http://www.choicenews.co.kr/news/articleView.html?idxno=171376,http://www.choicenews.co.kr/news/articleView.html?idxno=171376,"Wed, 16 Sep 2026 10:08:00 +0900",2026-09-16 10:10:30
AI/소프트웨어,인공지능 산업,과천 기업 4년간 150.4% 증가…지식정보타운 평균 매출 2.4배,인공지능 전환(AX) 협력 지구를 중심으로 기업과 인재가 협력하는 산업 기반도 조성할 방침이다. 신계용 시장은 “지식정보타운은 과천을 기업과 첨단산업이 함께 성장하는 도시로 변화시킨 핵심 성장축”이라며... ,https://www.etnews.com/20260916000106,https://n.news.naver.com/mnews/article/030/0003467257?sid=102,"Wed, 16 Sep 2026 10:08:00 +0900",2026-09-16 10:10:30
AI/소프트웨어,인공지능 산업,삼성·LG전자 '기후산업국제박람회'서 에너지 절감 솔루션 대거 소개,삼성전자와 LG전자가 '2026 기후산업국제박람회'에 참가해 독보적인 AI 기술과 고효율 가전을 결합한 에너지... 삼성전자는 약 270㎡(약 82평) 규모의 단독 전시관을 마련하고 일상 속 가전제품부터 인공지능(AI)... ,https://www.newsworks.co.kr/news/articleView.html?idxno=853901,https://www.newsworks.co.kr/news/articleView.html?idxno=853901,"Wed, 16 Sep 2026 10:08:00 +0900",2026-09-16 10:10:30
AI/소프트웨어,인공지능 산업,"네이버, 'AI 안전성 체계' 적용 사례 공개",네이버가 자체 인공지능(AI) 안전성 체계 'ASF 2.0'이 실제 서비스에 적용되는 과정과 구체적인 실행 사례를... 네이버는 우선 AI 서비스에서 발생할 수 있는 위험을 법률적·사회적·산업적 사례를 바탕으로 110개 세부... ,https://www.fnnews.com/news/202609161001511290,https://n.news.naver.com/mnews/article/014/0005576531?sid=105,"Wed, 16 Sep 2026 10:07:00 +0900",2026-09-16 10:10:30
AI/소프트웨어,인공지능 산업,"빙그레, 직업능력개발훈련 경진대회 대상…AI 교육 성과 인정",빙그레는 임직원의 인공지능(AI) 활용 역량을 높인 성과를 인정받아 '2026년 사업주 직업능력개발훈련 우수사례 경진대회'에서 대상을 받았다고 16일 밝혔다. 고용노동부와 한국산업인력공단이 주최하는 이 대회는... ,https://www.yna.co.kr/view/AKR20260916047500030?input=1195m,https://n.news.naver.com/mnews/article/001/0016313803?sid=101,"Wed, 16 Sep 2026 10:07:00 +0900",2026-09-16 10:10:30
AI/소프트웨어,인공지능 산업,"‘GD 보유’ 갤럭시, K-브랜드지수 엔터사 부문 2위 등극...‘AI 콘텐츠 ...","한정근 아시아브랜드연구소 대표는 “최근 엔터테인먼트 산업은 K-팝과 K-드라마 중심의 전통적인 영역을 넘어 인공지능(AI), 디지털 기술, IP를 결합한 융복합 분야로 빠르게 재편되고 있다. 아티스트 IP를 음악과... ",https://www.socialvalue.kr/news/view/1065574147867684,https://www.socialvalue.kr/news/view/1065574147867684,"Wed, 16 Sep 2026 10:06:00 +0900",2026-09-16 10:10:30
AI/소프트웨어,인공지능 산업,국산 블록버스터 신약 기대감…정치권도 &quot;힘 실어야&quot;,이에 보건산업진흥원은 글로벌 블록버스터 창출을 위한 주요 정책 과제로 전략적 연구개발(R&amp;D) 투자 및 지원을 제시했다. 이와 함께 ▲해외 진출 경험을 공유하는 개방형 혁신 확대 ▲인공지능(AI) 융복합 등... ,https://www.medicaltimes.com/Main/News/NewsView.html?ID=1170743&ref=naverpc,https://www.medicaltimes.com/Main/News/NewsView.html?ID=1170743&ref=naverpc,"Wed, 16 Sep 2026 10:06:00 +0900",2026-09-16 10:10:30
AI/소프트웨어,인공지능 산업,"빙그레, 직업능력개발훈련 경진대회 대상… AI 교육 성과 인정",빙그레는 임직원의 인공지능(AI) 활용 역량을 높인 인재육성 성과를 인정받아 ‘2026년 사업주 직업능력개발훈련 우수사례 경진대회’에서 대상을 수상했다고 16일 밝혔다. 고용노동부와 한국산업인력공단이 주최하는 이... ,https://www.segye.com/newsView/20260916505080?OutUrl=naver,https://n.news.naver.com/mnews/article/022/0004159425?sid=101,"Wed, 16 Sep 2026 10:06:00 +0900",2026-09-16 10:10:30
AI/소프트웨어,인공지능 산업,"폐암 검진 AI, '발견'에서 '운영'으로 생산성 향상의 패러다임 전환",폐암 검진에서 인공지능(AI)의 역할을 둘러싼 논의가 근본적인 전환점을 맞고 있다. AI가 암을 몇 건 더... 스누엑스 교수는 의료 AI 산업이 단일 병변 탐지 성능을 지나치게 강조해온 측면도 있다고 지적했다. 앞으로는... ,https://www.getnews.co.kr/news/articleView.html?idxno=880918,https://www.getnews.co.kr/news/articleView.html?idxno=880918,"Wed, 16 Sep 2026 10:06:00 +0900",2026-09-16 10:10:30
AI/소프트웨어,인공지능 산업,삼성전자·LG전자 '2026 기후산업국제박람회' 참가·'LG AI 데브콘 2026' ...,"삼성전자와 LG전자가 '2026 기후산업국제박람회'에 참가한다. 박람회에서 삼성전자는 맞춤형 에너지 솔루션을, LG전자는 고효율 주거 솔루션을 각각 선보인다. 아울러 LG전자는 인공지능(AI) 기반 소프트웨어 개발... ",http://www.wsobi.com/news/articleView.html?idxno=318265,http://www.wsobi.com/news/articleView.html?idxno=318265,"Wed, 16 Sep 2026 10:06:00 +0900",2026-09-16 10:10:30
AI/소프트웨어,인공지능 산업,"최진식 중견련 회장, K-브랜드 중견기업 169곳에 회원사 가입 자필 편지","중견련은 지난 14일 K-산업 분야별 중견기업 169개사 대표에게 최진식 회장 명의의 친필 서신을 보내... 중견련은 인공지능(AI) 확산과 보호무역주의, 글로벌 공급망 재편 등에 대응하기 위해 중견기업 간 연대와 정책... ",https://biz.heraldcorp.com/article/10875152?ref=naver,https://n.news.naver.com/mnews/article/016/0002697974?sid=101,"Wed, 16 Sep 2026 10:06:00 +0900",2026-09-16 10:10:30
AI/소프트웨어,인공지능 산업,"안랩, AI로 보안산업 새 판 짠다…'AI 네이티브 보안 플랫폼' 전환",[사진=박남수기자] 안랩이 인공지능(AI)을 개별 보안제품의 기능 고도화 수단이 아닌 회사 전체의 사업과... 강석균 안랩 대표는 &quot;AI가 사이버보안의 게임 룰과 보안산업의 경쟁 질서를 바꾸는 현 시점에서 '안랩 AI... ,https://www.koit.co.kr/news/articleView.html?idxno=209085,https://www.koit.co.kr/news/articleView.html?idxno=209085,"Wed, 16 Sep 2026 10:06:00 +0900",2026-09-16 10:10:30
AI/소프트웨어,인공지능 산업,"삼성전자 기후산업박람회서 AI 에너지 절감 기술 공개, 데이터센터까지...",&lt;삼성전자&gt; 삼성전자가 인공지능(AI) 기술과 고효율 가전을 결합한 에너지 절감 솔루션을 앞세워 주거부터... 삼성전자는 16일부터 18일까지 부산 벡스코(BEXCO)에서 열리는 '2026 기후산업국제박람회'에 참가해 AI 기반... ,https://www.businesspost.co.kr/BP?command=article_view&num=447318,https://www.businesspost.co.kr/BP?command=article_view&num=447318,"Wed, 16 Sep 2026 10:06:00 +0900",2026-09-16 10:10:30
AI/소프트웨어,클라우드 시장,"SKT, 글로벌 보안기업 F5와 손잡고 AI 클라우드 보안 사업 확대",분산 클라우드(Distributed Cloud)’를 통해 기업들의 디지털 전환을 지원하고 있다. 이번 파트너십은 급성장하는 AI 시장과 강화되는 보안 규제 환경에 대응하기 위해 추진됐다. AI가 스스로 판단하고 작업을... ,https://www.dailian.co.kr/news/view/1691037/?sc=Naver,https://n.news.naver.com/mnews/article/119/0003133235?sid=105,"Wed, 16 Sep 2026 10:09:00 +0900",2026-09-16 10:10:31
AI/소프트웨어,클라우드 시장,안랩 &quot;2035년까지 매출 1조원&quot;… AI 보안 브랜드 '안랩 AI 플러스' 오픈,"국내 시장에서 축적한 기술·데이터·보안 운영 경험은 응용프로그램 인터페이스(API), 클라우드 기반 서비스 및 글로벌 파트너 생태계를 통해 해외 시장으로 확장한다. 전략적 인수합병(M&amp;A)과 AI 기술기업... ",https://www.boannews.com/news/articleView.html?idxno=145875,https://www.boannews.com/news/articleView.html?idxno=145875,"Wed, 16 Sep 2026 10:08:00 +0900",2026-09-16 10:10:31
AI/소프트웨어,클라우드 시장,"[Telecom &amp; Now] SKT, 글로벌 보안기업 F5와 맞손…AI 클라우드 보안사업...",SK텔레콤이 글로벌 보안기업 F5와 손잡고 AI 클라우드 보안사업 확대에 나선다. F5의 보안 솔루션을... 이번 협력은 빠르게 성장하는 AI 시장과 강화되는 보안 규제에 대응하기 위해 추진됐다. 특히 AI가 스스로... ,https://www.ebn.co.kr/news/articleView.html?idxno=1724443,https://www.ebn.co.kr/news/articleView.html?idxno=1724443,"Wed, 16 Sep 2026 10:06:00 +0900",2026-09-16 10:10:31
AI/소프트웨어,클라우드 시장,"&quot;해커 잡는 AI 에이전트 출격&quot; 안랩, 1000억 투자해 '보안 생태계' 바꾼...","국내 시장에서 축적한 기술과 데이터는 클라우드 및 글로벌 파트너 생태계를 통해 해외로 확장하며, 전략적 인수합병(M&amp;A)과 기술 투자도 병행한다. 이를 바탕으로 2035년까지 매출 1조원을 달성하고 글로벌 매출 비중을... ",https://www.smarttoday.co.kr/ko-kr/articles/111649,https://www.smarttoday.co.kr/ko-kr/articles/111649,"Wed, 16 Sep 2026 10:02:00 +0900",2026-09-16 10:10:31
AI/소프트웨어,클라우드 시장,"안랩, ‘AI-네이티브 보안 플랫폼 기업’ 선언…AI에 3년간 1000억 투자","국내 시장에서 축적한 기술·데이터·보안 운영 경험은 응용프로그램 인터페이스(API), 클라우드 기반 서비스 및 글로벌 파트너 생태계를 통해 해외 시장으로 확장한다. 전략적 인수합병(M&amp;A)과 AI 기술기업... ",https://www.etoday.co.kr/news/view/2626096,https://www.etoday.co.kr/news/view/2626096,"Wed, 16 Sep 2026 10:02:00 +0900",2026-09-16 10:10:31
AI/소프트웨어,클라우드 시장,"'AI 네이티브 플랫폼' 선언 안랩, 글로벌 보안테크 도약 시동","국내 시장에서 축적한 기술·데이터·보안 운영 경험은 응용프로그램 인터페이스(API), 클라우드 기반 서비스 및 글로벌 파트너 생태계를 통해 해외 시장으로 확장한다. 전략적 인수합병(M&amp;A)과 AI 기술기업... ",https://www.greened.kr/news/articleView.html?idxno=350176,https://www.greened.kr/news/articleView.html?idxno=350176,"Wed, 16 Sep 2026 10:00:00 +0900",2026-09-16 10:10:31
AI/소프트웨어,클라우드 시장,"SKT, F5와 ‘AI 클라우드 보안 강화’ 파트너십 체결",멀티 클라우드 환경에서 애플리케이션과 API를 보호하는 서비스형 소프트웨어(SaaS)형 보안 플랫폼 ‘F5 분산 클라우드’를 지원한다. 이번 파트너십은 급성장하는 AI 시장과 강화되는 보안 규제 환경에 대응하기... ,https://www.viva100.com/article/20260916500425,https://www.viva100.com/article/20260916500425,"Wed, 16 Sep 2026 10:00:00 +0900",2026-09-16 10:10:31
AI/소프트웨어,클라우드 시장,"기고/ 해양 데이터 주권 상실, 국가 해양그랜드 전략이 해법","기업의 클라우드와 AI 에이전트(Agent)의 학습용 먹잇감으로 전락한다면, 이는 국부의 유출이자 치명적인... 세계시장에 수출할 수 있는 K-Port 산업모델이 될 것이다. 항만배후단지, AI 컴퓨팅 거점 삼아야 네 번째... ",https://www.ksg.co.kr/news/main_newsView.jsp?pNum=148040,https://www.ksg.co.kr/news/main_newsView.jsp?pNum=148040,"Wed, 16 Sep 2026 10:00:00 +0900",2026-09-16 10:10:31
AI/소프트웨어,클라우드 시장,"&quot;AI 위주로 제품·사업 확 바꾼다&quot;…안랩, 2035년 매출 1조 도전","국내 시장에서 쌓은 기술·데이터·보안 운영 경험은 응용프로그램 인터페이스(API), 클라우드 기반 서비스 및 글로벌 파트너 생태계를 통해 해외 시장으로 넓힌다. 전략적 인수합병(M&amp;A)과 AI 기술기업·스타트업과의... ",https://www.newsis.com/view/NISX20260916_0003791396,https://n.news.naver.com/mnews/article/003/0014193351?sid=105,"Wed, 16 Sep 2026 10:00:00 +0900",2026-09-16 10:10:31
AI/소프트웨어,클라우드 시장,"인천시, 글로벌 빅테크와 손잡고 스타트업 해외진출 '가속'",해외시장 진출을 지원하고 있다. 대표적인 사례로 터널과 지하공간 등 GPS 수신이 어려운 환경에서도 정밀한 위치 확인이 가능한 'uGPS' 기술을 보유한 아이디씨티(IDCITI)는 IBM의 클라우드·데이터 분석 기술 지원을... ,https://www.discoverynews.kr/news/articleView.html?idxno=1101709,https://www.discoverynews.kr/news/articleView.html?idxno=1101709,"Wed, 16 Sep 2026 10:00:00 +0900",2026-09-16 10:10:31
AI/소프트웨어,클라우드 시장,"한국치안산업진흥협회, 첨단 치안산업 육성 본격화","AI와 로보틱스, 지능형 CCTV, 사이버보안 등 첨단 기술을 치안산업과 연계하고 관련 기업의 사업화 및 해외시장... 창립총회에는 조현민 한진 사장과 박희찬 에이션패션 대표이사, 배성준 네이버클라우드 전무, 김홍일... ",https://www.newspim.com/news/view/20260916000292,https://www.newspim.com/news/view/20260916000292,"Wed, 16 Sep 2026 10:00:00 +0900",2026-09-16 10:10:31
AI/소프트웨어,클라우드 시장,"&quot;흩어진 보안 AI로 묶는다&quot;…안랩, 'AI 네이티브 보안 기업' 변신","국내에서 축적한 기술과 데이터, 보안 운영 경험은 응용프로그램 인터페이스(API)와 클라우드 서비스, 글로벌 파트너 생태계를 통해 해외 시장으로 확장한다. 전략적 인수합병(M&amp;A)과 AI 기업·스타트업과의 공동... ",https://www.news1.kr/it-science/security-hacking/6291845,https://n.news.naver.com/mnews/article/421/0009173005?sid=105,"Wed, 16 Sep 2026 10:00:00 +0900",2026-09-16 10:10:31
AI/소프트웨어,클라우드 시장,"SKT, 글로벌 보안 기업 F5와 'AI 클라우드' 보안 사업 협력",분산 클라우드(Distributed Cloud)'를 통해 기업들의 디지털 전환을 지원하고 있다. 이번 파트너십은 급성장하는 AI 시장과 강화되는 보안 규제 환경에 대응하기 위해 추진됐다. 시장조사업체 마켓어스(market.us)의 1월... ,https://www.itdaily.kr/news/articleView.html?idxno=241639,https://www.itdaily.kr/news/articleView.html?idxno=241639,"Wed, 16 Sep 2026 10:00:00 +0900",2026-09-16 10:10:31
AI/소프트웨어,클라우드 시장,"거린에너지, 네이버와 AI 인프라 위한 재생에너지 공급 '맞손'","(AI)·클라우드 인프라에 필요한 재생에너지 공급을 위한 양해각서(MOU)를 체결했다고 16일 밝혔다. 이번... 국내에서는 약 600MW 규모의 태양광 및 풍력 발전 프로젝트를 개발하고 있으며, 한국 에너지 시장에서 사업... ",https://www.industrynews.co.kr/news/articleView.html?idxno=86091,https://www.industrynews.co.kr/news/articleView.html?idxno=86091,"Wed, 16 Sep 2026 09:52:00 +0900",2026-09-16 10:10:31
AI/소프트웨어,클라우드 시장,인천시 ‘I-스타트업 유니콘 드림’ 참여기업 해외 진출 성과 잇따라,후속 시장 진출을 다방면으로 뒷받침하고 있다. 터널과 지하공간 등 GPS 수신이 불가능한 환경에서도 정밀한 위치 확인이 가능한 ‘uGPS’ 기술을 보유한 아이디씨티는 IBM의 클라우드 및 데이터 분석 기술 지원을... ,https://www.kmib.co.kr/article/view.asp?arcid=9000012514&cp=nv,https://n.news.naver.com/mnews/article/005/0001873260?sid=102,"Wed, 16 Sep 2026 09:52:00 +0900",2026-09-16 10:10:31
AI/소프트웨어,클라우드 시장,"“금리 상승 국면, AI 투자 사이클 지속가능한지 지켜봐야”&lt;키움證&gt;","[그림=Gemini] [뉴스투데이=정진욱 기자] 미국 연방준비제도(Fed·연준)가 9월 연방공개시장위원회(FOMC)에서... 엔비디아와 같은 공급자가 조성한 금융으로 조달된 자금이 다시 GPU와 클라우드, 데이터센터 투자로 유입되는... ",https://www.news2day.co.kr/article/20260916500053,https://www.news2day.co.kr/article/20260916500053,"Wed, 16 Sep 2026 09:52:00 +0900",2026-09-16 10:10:31
AI/소프트웨어,AI 반도체,"GS그룹, 유망 스타트업과 AI DC 기술 생태계 조성 협력","전력·에너지, 반도체·메모리, 냉각, 클라우드 등 다양한 분야의 스타트업을 발굴하고 투자를 이어왔다. 이번 행사는 그룹이 축적한 네트워크와 투자 경험을 사업 역량과 결합해 AI 데이터센터 분야의 새로운... ",https://www.sedaily.com/article/20091488?ref=naver,https://n.news.naver.com/mnews/article/011/0004662362?sid=101,"Wed, 16 Sep 2026 10:03:00 +0900",2026-09-16 10:10:31
AI/소프트웨어,AI 반도체,"리벨리온, 日 AI 인프라 기업 ai&amp;와 협력…도쿄에 '리벨랙' 100대+ 공급","일본 소버린 AI 시장 공략…추론 특화 NPU로 전력·운영비 절감 리벨리온, 日 AI 인프라 기업 ai&amp;와 협력[출처: 리벨리온] AI 반도체 기업 리벨리온이 일본 인공지능(AI) 인프라 시장 공략에 나선다. 리벨리온은 16일 글로벌... ",https://news.einfomax.co.kr/news/articleView.html?idxno=4435120,https://news.einfomax.co.kr/news/articleView.html?idxno=4435120,"Wed, 16 Sep 2026 10:02:00 +0900",2026-09-16 10:10:31
AI/소프트웨어,AI 반도체,코스피 6611.24 출발…대한광통신·빛과전자 등 광통신주 강세,"최근 GPT-6 아스트라 공개 이후 반도체와 광통신 등 AI 관련 업종의 강세가 이어지는 모습이다. NH투자증권에 따르면 최근 2주간 중국 증시에서도 광통신과 PCB 등 AI 관련 업종이 강한 반등세를 보였다. 한편, 원... ",https://www.wolyo.co.kr/news/articleView.html?idxno=317856,https://www.wolyo.co.kr/news/articleView.html?idxno=317856,"Wed, 16 Sep 2026 10:00:00 +0900",2026-09-16 10:10:31
AI/소프트웨어,AI 반도체,"AI 데이터센터·피지컬 AI 특허, 심사 한 달로 줄인다","에퀴닉스·퓨리오사AI, 유럽 공략에 맞손…소버린 AI 정조준 - 핵심 요약: 글로벌 데이터센터 기업 에퀴닉스와 국내 AI 반도체 스타트업 퓨리오사AI가 유럽 시장 공략에 속도를 낸다. 퓨리오사AI는 올해 1월부터 2세대... ",https://www.sedaily.com/article/20091435?ref=naver,https://n.news.naver.com/mnews/article/011/0004662356?sid=101,"Wed, 16 Sep 2026 10:00:00 +0900",2026-09-16 10:10:31
AI/소프트웨어,AI 반도체,보고 듣고 말하는 AI 에이전트가 내 눈앞에...&quot;스마트폰 다음은 AI 글래...,"KAIST 우운택 교수, 딥파인 김현배 대표, 사피엔반도체 이명희 대표가 기조 강연을 맡았으며, ETRI는 연구개발 전략을 발표했다. 이어 'AI글래스 생태계 구축'을 주제로 패널 토론이 이어졌다. AI글래스는 안경에 탑재된... ",https://www.cbci.co.kr/news/articleView.html?idxno=607079,https://www.cbci.co.kr/news/articleView.html?idxno=607079,"Wed, 16 Sep 2026 10:00:00 +0900",2026-09-16 10:10:31
AI/소프트웨어,AI 반도체,"예금보험공사 경쟁률 106대1, 지방 가면 76%는 떠난다","▲ AI 프리즘* 맞춤형 경제 브리핑 * 편집자 주: ‘AI PRISM’(Personalized Report &amp; Insight Summarizing Media)은... “정부, 메가특구 52시간 완화 ‘원포인트 사회적 대화’ 제안” 핵심 요약: 정부가 반도체 메가 특구 특별법에 담길... ",https://www.sedaily.com/article/20091444?ref=naver,https://n.news.naver.com/mnews/article/011/0004662358?sid=101,"Wed, 16 Sep 2026 10:00:00 +0900",2026-09-16 10:10:31
로봇/자율주행,로봇 주가,파인텍 &quot;사업 경쟁력 강화 및 기업가치 제고 총력&quot;,"회사에 따르면 상장 유지 요건 강화와 시장 내 자금 쏠림 등으로 기술력과 사업의 본질적 가치가 주가에... 진출과 로봇 개발, 신규 고객사 확보, 해외 시장 진출 등을 통해 사업 기반을 강화할 방침이다. 재무구조 개선과... ",https://www.newspim.com/news/view/20260916000245,https://www.newspim.com/news/view/20260916000245,"Wed, 16 Sep 2026 09:56:00 +0900",2026-09-16 10:10:33
로봇/자율주행,로봇 주가,원익홀딩스 2만5600원 2.20% 상승…정부 로봇정책에 휴머노이드 기대감,최근 원익홀딩스 주가는 로봇 관련주에 대한 투자심리 변화에 민감한 모습을 보이고 있다. 전날에는 2거래일 연속 하락 흐름을 끊고 장중 2만6000원까지 오르며 18%가 넘는 급등세를 나타내기도 했다. 시장에서... ,https://www.cbci.co.kr/news/articleView.html?idxno=607215,https://www.cbci.co.kr/news/articleView.html?idxno=607215,"Wed, 16 Sep 2026 09:36:00 +0900",2026-09-16 10:10:33
로봇/자율주행,로봇 주가,"아모센스 주가, 상한가... 무슨 회사길래?","사진=아모센스 아모센스 주가가 상한가를 기록 중이다. 16일 오전 9시 31분 KRX 기준 아모센스는 전 거래일... 기판 등 소재 분야로도 제품군을 확대하고 있으며, 전장·로봇 등 적용 분야 확대를 추진하고 있다.",https://www.ggilbo.com/news/articleView.html?idxno=1181997,https://www.ggilbo.com/news/articleView.html?idxno=1181997,"Wed, 16 Sep 2026 09:32:00 +0900",2026-09-16 10:10:33
로봇/자율주행,로봇 주가,"파인텍, 주주서한 공개…&quot;기업가치 제고 총력&quot;","가치가 주가에 충분히 반영되지 못했다&quot;며 &quot;제도와 시장 환경의 변화에 머물지 않고 현재의 어려움을 기업... 진출과 로봇 개발, 신규 고객사 확보, 해외 시장 진출 등을 통해 사업 기반을 강화한다는 전략이다. 재무구조... ",https://view.asiae.co.kr/article/2026091609314990098,https://n.news.naver.com/mnews/article/277/0005816970?sid=101,"Wed, 16 Sep 2026 09:31:00 +0900",2026-09-16 10:10:33
로봇/자율주행,로봇 주가,"파인텍, 주주서한…&quot;관리종목 탈피 위해 기업가치 회복 최선&quot;","가치가 주가에 충분히 반영되지 못했다&quot;면서 &quot;제도와 시장 환경의 변화에 머물지 않고 현재의 어려움을 기업... 진출과 로봇 개발, 신규 고객사 확보, 해외 시장 진출 등을 통해 사업 기반을 강화한다는 전략이다. 또 상장... ",https://www.newsis.com/view/NISX20260916_0003791321,https://n.news.naver.com/mnews/article/003/0014193155?sid=101,"Wed, 16 Sep 2026 09:15:00 +0900",2026-09-16 10:10:33
로봇/자율주행,로봇 주가,"오락가락 증시서 로봇이 먼저 뛰어올랐다…로보티즈 한달새 50% 급등, 코...",레인보우로보틱스 시총 5위 차지 코스닥 시총 톱10에 로봇주 2종목 피지컬AI 확산에 실적 기대감 커져 급락과 반등을 반복하는 국내 증시에서 로봇주가 빠르게 치고 올라오고 있다. 대표 로봇주인 로보티즈는 한 달여... ,https://www.mk.co.kr/article/12153902,https://n.news.naver.com/mnews/article/009/0005735848?sid=101,"Wed, 16 Sep 2026 09:12:00 +0900",2026-09-16 10:10:33
로봇/자율주행,로봇 주가,"[모닝 리포트] &quot;RFHIC, 방산 호조 이어 통신 성장 기대&quot;","투자의견 '매수'와 목표주가 15만원을 유지했다. RFHIC는 올해 상반기 방산 부문 수출 확대와 연결 자회사... AI와 네트워크, 로봇의 연결성이 피지컬 AI 구현에 중요해지면서 선진국을 중심으로 신규 주파수 할당과... ",https://www.newspim.com/news/view/20260916000092,https://www.newspim.com/news/view/20260916000092,"Wed, 16 Sep 2026 08:50:00 +0900",2026-09-16 10:10:33
로봇/자율주행,로봇 주가,"[모닝 리포트] &quot;삼현, 글로벌 휴머노이드 액추에이터 수주…2공장 양산...",휴머노이드 분야에서는 로봇 관절을 움직이는 핵심 부품인 액추에이터 사업을 확대하고 있다. 최근 주가 상승의 직접적인 배경은 글로벌 휴머노이드 시장의 장기 성장 전망이다. 지난 8월 말 나온 2035년 글로벌 휴머노이드... ,https://www.newspim.com/news/view/20260916000088,https://www.newspim.com/news/view/20260916000088,"Wed, 16 Sep 2026 08:48:00 +0900",2026-09-16 10:10:33
로봇/자율주행,로봇 주가,[IPO 뜯어보기] [빅웨이브로보틱스] 넉달 미룬 상장…결국 몸값 낮췄다,⑦ 공모가 1만8000원으로 상장 예정…최초 희망가 하단보다 낮아 로봇 플랫폼 기업 빅웨이브로보틱스가... 평가하는 주가매출비율(PSR) 방식을 적용했다. 하지만 이를 감안하더라도 당초 책정한 몸값이 지나치게 높다는... ,https://news.dealsitetv.com/articles/176004,https://news.dealsitetv.com/articles/176004,"Wed, 16 Sep 2026 08:28:00 +0900",2026-09-16 10:10:33
로봇/자율주행,로봇 주가,[AI MY 증시전망] 美 국채금리 5%…코스피 하락 출발 전망,"이에 따라 삼성전자와 SK하이닉스 등 국내 반도체주가 미국 장기금리 상승 부담에도 지수 하단을 지지할 수... 미국 10년물 금리가 5%에 근접하고 30년물은 5.3%를 넘어선 만큼 바이오와 소프트웨어, 로봇 등 성장주는... ",https://www.newspim.com/news/view/20260916000054,https://www.newspim.com/news/view/20260916000054,"Wed, 16 Sep 2026 08:27:00 +0900",2026-09-16 10:10:33
로봇/자율주행,로봇 주가,[빅웨이브로보틱스 IPO] 몸값 2차례 낮추자 수요예측 흥행…15일 의무확...,비교기업 기준주가가 직전 산정 때보다 낮아진 데다 상대적으로 배수가 낮은 휴림로봇이 추가된 결과다. 적용 할인율은 33.42%~20.11%로 좁혀졌지만 공모밴드는 내려갔다. 수요예측은 흥행했지만 최초 몸값을 둘러싼... ,https://dealsite.co.kr/articles/169091,https://dealsite.co.kr/articles/169091,"Wed, 16 Sep 2026 08:26:00 +0900",2026-09-16 10:10:33
로봇/자율주행,로봇 주가,"[기업이슈] 코인주, 미 클래리티법 표결 앞두고 상승","◇&quot;2035년 휴머노이드 650만대 출하&quot;…로봇주 상승 정부가 제조업 AI 전환과 로봇산업 육성에 속도를 내는 가운데, 미국의 중국산 로봇 규제 강화 움직임까지 맞물리면서 로봇주가 상승했습니다. 산업통상부는 지난 11일... ",https://biz.sbs.co.kr/article_hub/20000334893?division=NAVER,https://n.news.naver.com/mnews/article/374/0000533168?sid=101,"Wed, 16 Sep 2026 08:25:00 +0900",2026-09-16 10:10:33
로봇/자율주행,자율주행 산업,"빅테크 AI 기술을 한자리에…LG전자, 개발자 콘퍼런스 개최","국내 드론 연구 1세대로 꼽히는 심 교수는 로봇이나 자율주행차처럼 물리적 환경에서 작동하는 AI... 비전과 산업 실증 사례를 공유하는 LG AI 토크콘서트 등이 진행됐다. 오는 17일까지는 LG 구성원과 가족, 산학... ",https://www.g-enews.com/view.php?ud=202609160842349614139bf6e4b2_1,https://www.g-enews.com/view.php?ud=202609160842349614139bf6e4b2_1,"Wed, 16 Sep 2026 10:00:00 +0900",2026-09-16 10:10:33
로봇/자율주행,자율주행 산업,"韓-UAE, 디지털·첨단 기술 투자·협력 확대",류 차관은 한국의 기술·산업 역량과 UAE의 투자 역량 및 글로벌 네트워크를 연계해 공동 연구개발에서... 간 자율주행 기술협력 MOU △아부다비 투자진흥청(ADIO)-카카오게임즈 간 게임·콘텐츠 MOU 등이 맺어졌다. 앞서... ,https://www.news1.kr/it-science/general-it/6291305,https://n.news.naver.com/mnews/article/421/0009173006?sid=105,"Wed, 16 Sep 2026 10:00:00 +0900",2026-09-16 10:10:33
로봇/자율주행,자율주행 산업,류제명 과기부 차관 &quot;한-UAE 공동 투자·개발 지원하겠다&quot;,투자와 산업 협력을 늘려가기로 했다. 16일 과학기술정보통신부는 류제명 제2차관이 '아부다비 투자포럼... △ADGM(아부다비 글로벌마켓)-한화생명 디지털자산 협력 △ADIO-카카오모빌리티 자율주행 기술협력 △ADIO... ,https://news.tf.co.kr/read/economy/2366111.htm,https://n.news.naver.com/mnews/article/629/0000534208?sid=105,"Wed, 16 Sep 2026 10:00:00 +0900",2026-09-16 10:10:33
로봇/자율주행,자율주행 산업,"과기정통부, UAE와 디지털·첨단기술 투자 협력 확대",과기정통부 현판 [사진 : 과기정통부] 정부가 아랍에미리트(UAE)와 디지털·첨단기술 분야의투자와 산업... 아부다비 투자진흥청은 카카오모빌리티와 자율주행 기술협력 MOU를 체결했다. 카카오게임즈와는 게임·콘텐츠... ,https://www.digitaltoday.co.kr/news/articleView.html?idxno=700786,https://www.digitaltoday.co.kr/news/articleView.html?idxno=700786,"Wed, 16 Sep 2026 10:00:00 +0900",2026-09-16 10:10:33
로봇/자율주행,자율주행 산업,"한국·UAE, AI·디지털 투자협력 시동…MOU 7건",자율주행·디지털자산·게임 콘텐츠 등 협력 확대 한국과 아랍에미리트(UAE)가 디지털·첨단기술 분야에서 투자·산업 협력을 확대한다. 류제명 과학기술정보통신부 제2차관은 16일 서울 JW메리어트 호텔에서 열린... ,https://www.yna.co.kr/view/AKR20260915168100017?input=1195m,https://n.news.naver.com/mnews/article/001/0016313757?sid=105,"Wed, 16 Sep 2026 10:00:00 +0900",2026-09-16 10:10:33
로봇/자율주행,자율주행 산업,"강릉시, 교통학회 학술대회서 '2026 ITS 세계총회' 알린다","학술 발표회에는 교통 분야 학계와 연구기관, 공공기관, 산업계 관계자 등 700여 명이 참석해 AI 기반 교통·모빌리티를 비롯해 자율주행, 스마트 모빌리티, 미래항공모빌리티(UAM), 교통안전 분야의 기술과 정책 동향을... ",https://www.shinailbo.co.kr/news/articleView.html?idxno=5062753,https://www.shinailbo.co.kr/news/articleView.html?idxno=5062753,"Wed, 16 Sep 2026 09:54:00 +0900",2026-09-16 10:10:33
로봇/자율주행,자율주행 산업,"민병호 데일리안 대표 &quot;피지컬 AI 시대, K-제조 재도약 기회&quot; [2026 산업비...","민 대표는 16일 서울 여의도 CCMM빌딩에서 열린 ‘2026 글로벌 경제산업 비전 포럼’ 개회사를 통해 “AI 모델... 고성능 AI 반도체의 발열과 전력 문제를 비롯해 자율주행을 위한 대규모 운행 데이터와 안전성 입증, 제도와... ",https://www.dailian.co.kr/news/view/1690930/?sc=Naver,https://n.news.naver.com/mnews/article/119/0003133197?sid=101,"Wed, 16 Sep 2026 09:50:00 +0900",2026-09-16 10:10:33
로봇/자율주행,자율주행 산업,"경주시, 글로벌 미래 모빌리티 포럼 개최…미래차 전환 전략 모색",경주시·경북도가 주최하고 (재)경북테크노파크가 주관한 이번 포럼에는 지자체·산업계·학계·연구기관 등... 김건우 카카오모빌리티 미래플랫폼경제연구소장은 AI와 자율주행을 중심으로 경북의 미래 모빌리티 기회를... ,http://www.metroseoul.co.kr/article/20260915500614,http://www.metroseoul.co.kr/article/20260915500614,"Wed, 16 Sep 2026 09:50:00 +0900",2026-09-16 10:10:33
로봇/자율주행,자율주행 산업,"DGIST, 연산량 88% 줄인 자율주행 로봇 레이더 기술 개발","DGIST(총장 이건우) 미래모빌리티연구부 연구팀이 구미 소재 기업 주광정밀㈜와 공동 연구를 통해, 자율... 이어 &quot;지역 기업과의 공동 연구 성과가 논문에만 머물지 않고 실제 지능형 모빌리티 산업 현장에 쓰일 수... ",https://edu.donga.com/news/articleView.html?idxno=111986,https://edu.donga.com/news/articleView.html?idxno=111986,"Wed, 16 Sep 2026 09:48:00 +0900",2026-09-16 10:10:33
로봇/자율주행,자율주행 산업,“잘못 도착하면 스스로 다시 찾는다”…ETRI·KAIST 로봇AI 세계 1위,및 자율행동체 이동지능 기술을 연구하는 ETRI 연구진. 사진=ETRI GPU 32장으로 AI 학습·검증 이번 성과에는 대규모 AI를 학습시키기 위한 고성능 GPU도 활용됐다. ETRI는 과학기술정보통신부와 정보통신산업진흥원... ,https://www.edaily.co.kr/News/Read?newsId=02922486645580776&mediaCodeNo=257&utm_source=naver&utm_medium=referral&utm_campaign=news_syndication&utm_content=original_article,https://n.news.naver.com/mnews/article/018/0006370173?sid=105,"Wed, 16 Sep 2026 09:46:00 +0900",2026-09-16 10:10:33
로봇/자율주행,자율주행 산업,"어드밴텍, AI 기반 스마트 물류 기술 공유…10월 1일 온라인 웨비나","글로벌 산업용 사물인터넷(IoT) 전문기업 어드밴텍은 오는 10월 1일 오후 2시 'AI와 함께 진화하는 물류... 비전 인식을 위한 러기드 컴퓨팅을 비롯해 자율주행 물류장비와 유·무인 겸용 지게차, 냉동 화물차량... ",https://www.etnews.com/20260916000070,https://n.news.naver.com/mnews/article/030/0003467226?sid=103,"Wed, 16 Sep 2026 09:44:00 +0900",2026-09-16 10:10:33
로봇/자율주행,자율주행 산업,‘Try Everything 2026’ 로봇에 필요한 ‘눈’ 골라 붙인다…모디전스비...,"특히 국내 대기업 의료기기 사업부의 이동형 엑스레이 장비용 환자 체적·정밀 거리 측정 모듈을 납품하는가 하면, 물류 창고 자동화 솔루션의 초고속 화물 체적 분류 시스템, 실외 자율주행 로봇 등의 산업... ",http://digitalchosun.dizzo.com/site/data/html_dir/2026/09/14/2026091480207.html,http://digitalchosun.dizzo.com/site/data/html_dir/2026/09/14/2026091480207.html,"Wed, 16 Sep 2026 09:42:00 +0900",2026-09-16 10:10:33
로봇/자율주행,자율주행 산업,'상상 그 이상! 함께 MAKE IT!…2026 대구메이커페스타 19일 개막,DGIST 연구진의 핵심 기술을 바탕으로 설립된 지오로봇은 블록처럼 결합하는 모듈형 자율주행로봇을... 생활과 산업의 문제를 해결하는 서비스도 소개된다. ㈜써치이노베이션은 설계·시공·자재 분야의 기업과 소비자를... ,https://www.imaeil.com/page/view/2026091511193602519,https://n.news.naver.com/mnews/article/088/0001028746?sid=101,"Wed, 16 Sep 2026 09:36:00 +0900",2026-09-16 10:10:33
로봇/자율주행,자율주행 산업,"UNIST 주경돈 교수팀, 고속·정밀 AI 3차원 공간 인식 기술 '유니심 슬램...",로봇과 자율주행차는 물론 실시간 공간 복원이 요구되는 증강현실(AR) 분야의 핵심 기반&quot;이라며 &quot;유니심 슬램은 신속성과 정확성을 동시에 확보해 정밀 위치 파악과 고품질 3차원 복원 성능을 산업 현장에서... ,https://www.mtnews.net/news/articleView.html?idxno=25973,https://www.mtnews.net/news/articleView.html?idxno=25973,"Wed, 16 Sep 2026 09:30:00 +0900",2026-09-16 10:10:33
로봇/자율주행,자율주행 산업,SK인텔릭스 AI 웰니스 로봇 '나무엑스' 말레이시아 진출,"국내 사업 기반을 바탕으로 동남아시아 AI 산업 성장세에 대응하며 글로벌 사업 확장에 나서는 모습이다.... 공간별 공기 오염원을 감지해 자율주행하며 정화하는 '에어 솔루션', 실시간 영상 확인이 가능한 '라이브 뷰... ",https://www.cnbizm.com/news/articleView.html?idxno=315311,https://www.cnbizm.com/news/articleView.html?idxno=315311,"Wed, 16 Sep 2026 09:20:00 +0900",2026-09-16 10:10:33
로봇/자율주행,휴머노이드 로봇,"공장 자동화, 'AI 로봇'이 주도⋯&quot;K-피지컬 AI 생태계 구축 시급&quot;",이투데이=세종=서병곤 기자 | 산업硏 &quot;기존 고정설비 중심 제조 AX 한계…휴머노이드 등 피지컬 AI 필수&quot; 피지컬 AI 시장 2032년까지 53% 급성장...업종별 단계적 전환 로드맵 제시 인공지능(AI)과 로봇 공학이 결합된 '피지컬... ,https://www.etoday.co.kr/news/view/2626104,https://www.etoday.co.kr/news/view/2626104,"Wed, 16 Sep 2026 10:00:00 +0900",2026-09-16 10:10:34
로봇/자율주행,휴머노이드 로봇,"미래에셋벤처투자, 스파크랩그룹·카자흐스탄투자공사와 '실크로드 펀드...","해외에는 AI 모델 기업 '코히어', 중국 AI 기업 '문샷 AI', 올인원 AI 워크스페이스 '젠스파크', 중국 휴머노이드 로봇 기업 '애지봇' 등에 투자하고 있다. 김응석 대표이사는 &quot;이번 협약은 국내 벤처캐피탈이 중앙아시아 국부... ",https://www.newspim.com/news/view/20260916000249,https://www.newspim.com/news/view/20260916000249,"Wed, 16 Sep 2026 09:58:00 +0900",2026-09-16 10:10:34
로봇/자율주행,휴머노이드 로봇,"아날로그에이아이, 엣지 AI 칩에 SST 뉴로모픽 IP 채택","1와트(W) 이하 초저전력 환경에서 아날로그 컴퓨트인메모리(aCIM) 성능을 구현하며, 슈퍼플래시(SuperFlash) 기반의 SST 멤브레인 세이지 IP를 활용해 환경 적응형 휴머노이드 로봇, 드론, 차량 등 실제 환경 추론... ",https://www.ddaily.co.kr/page/view/2026091609395393337,https://n.news.naver.com/mnews/article/138/0002241582?sid=105,"Wed, 16 Sep 2026 09:42:00 +0900",2026-09-16 10:10:34
로봇/자율주행,휴머노이드 로봇,"‘Try Everything 2026’ 120cm로 작아진 휴머노이드…모토마인드, ‘벨로...","이를 바탕으로 국내 자동차 부품 제조사와 휴머노이드 로봇 도입 및 실증을 협의하고 있으며, 서비스·물류·가전 등 다양한 분야의 스타트업과 중견기업을 대상으로 공급 확대도 추진하고 있다. 이를 위해... ",http://digitalchosun.dizzo.com/site/data/html_dir/2026/09/14/2026091480211.html,http://digitalchosun.dizzo.com/site/data/html_dir/2026/09/14/2026091480211.html,"Wed, 16 Sep 2026 09:40:00 +0900",2026-09-16 10:10:34
로봇/자율주행,휴머노이드 로봇,"&quot;옵티머스·테라팹 전력 확보&quot;…테슬라, 대규모 태양광 내재화 박차","내년 말까지 50GW 규모의 시설을 우선적으로 건설할 계획이며, 휴머노이드 로봇 '옵티머스' 생산과 '테라팹' 운용에 필요한 대규모 전력 확보가 목적이다. 미국 캘리포니아주에는 내년 1분기 파일럿 생산 설비를 도입해... ",https://www.jnilbo.com/news/articleView.html?idxno=90000065902,https://www.jnilbo.com/news/articleView.html?idxno=90000065902,"Wed, 16 Sep 2026 09:34:00 +0900",2026-09-16 10:10:34
로봇/자율주행,휴머노이드 로봇,&quot;AI 버블은 닷컴의 100배…살아남으려면 당장 AI 공부해야&quot;,"테슬라의 '옵티머스'나 BMW 조립 공장에 휴머노이드 로봇이 실제로 투입된 사례를 들며, 사람의 행동 양식을 그대로 학습하고 번역해 로봇이 스스로 움직이는 자동 코딩 시대가 도래했음을 설명했다.나아가 최 교수는 미... ",https://www.asiatoday.co.kr/kn/view.php?key=20260916010005978,https://www.asiatoday.co.kr/kn/view.php?key=20260916010005978,"Wed, 16 Sep 2026 09:20:00 +0900",2026-09-16 10:10:34
로봇/자율주행,휴머노이드 로봇,"[사설] 로봇수도 대구 ‘美제동’ ‘규제 발목’ 이중고, 뒷짐진 정부",휴머노이드로봇 같은 분야는 국제표준조차 없는 '무법 지대'다. 기업이 규제를 요구하고 있으니 역설적이다.미국 연방통신위가 외국산 첨단 로봇의 수입을 규제함에 따라 기업에 비상이 걸린 게 두 달째다. 중국을... ,https://www.yeongnam.com/web/view.php?key=20260916029488790,https://www.yeongnam.com/web/view.php?key=20260916029488790,"Wed, 16 Sep 2026 09:08:00 +0900",2026-09-16 10:10:34
로봇/자율주행,휴머노이드 로봇,[인터뷰] 이운진 온세미코리아 지사장 &quot;車 넘어 AI·로봇으로…韓 사업...,"그동안 국내 로봇 시장은 생산 규모가 크지 않아 제한적으로 대응해왔지만, 최근 완성차와 부품업체를 중심으로 휴머노이드와 로봇 부품 개발이 활발해지면서 온세미도 대응 범위를 넓히고 있다. 액추에이터를... ",https://www.ddaily.co.kr/page/view/2026091516214236497,https://n.news.naver.com/mnews/article/138/0002241572?sid=105,"Wed, 16 Sep 2026 09:01:00 +0900",2026-09-16 10:10:34
로봇/자율주행,휴머노이드 로봇,"&quot;2030년 전자·IT 매출 30조 위안&quot;… 中, 美 기술 패권 정조준 '칩·AI 5개...","&quot;스마트폰부터 휴머노이드 로봇까지&quot;… 세계 최대 AI 단말 테스트베드 구축 AI 분야에서는 단순 모델 개발을 넘어 초대형 연산 컴퓨팅 공급망을 확충하고, 산업 전반에 걸친 '전방위 단말기 보급'을 핵심 전략으로... ",https://www.g-enews.com/view.php?ud=2026091608434461090c8c1c064d_1,https://www.g-enews.com/view.php?ud=2026091608434461090c8c1c064d_1,"Wed, 16 Sep 2026 08:46:00 +0900",2026-09-16 10:10:34
로봇/자율주행,휴머노이드 로봇,"나무가, 글로벌 완성차 기업 휴머노이드 생태계 '본격 합류'…&quot;로봇 전...","이어 &quot;로봇 상단부에 탑재되는 3D 비전 솔루션에 대해서는 고객사와 기술 검증을 마치고 차세대 휴머노이드 시각 솔루션을 직접 개발하는 단계로 나아가고 있으며, 구글 웨이모(Waymo)향 적외선(IR) 카메라는 지난... ",http://www.newsprime.co.kr/news/article.html?no=747879,http://www.newsprime.co.kr/news/article.html?no=747879,"Wed, 16 Sep 2026 08:44:00 +0900",2026-09-16 10:10:34
로봇/자율주행,휴머노이드 로봇,"구미시, 삼성SDS AI 데이터센터 착공 계기로 지역업체 협력 논의","이에 따라 휴머노이드 로봇 양산체계와 제조 AX 기반의 AI 드리븐 팩토리, AI 데이터센터 등이 구축될 예정이다. 지역사회도 삼성의 대규모 투자가 구미의 산업구조를 고도화하고 새로운 성장동력을 확보하는 계기가 될... ",https://www.m-i.kr/news/articleView.html?idxno=1414445,https://www.m-i.kr/news/articleView.html?idxno=1414445,"Wed, 16 Sep 2026 08:40:00 +0900",2026-09-16 10:10:34
로봇/자율주행,휴머노이드 로봇,"원익로보틱스, 세미 휴머노이드 개발 착수",원익로보틱스는 세미 휴머노이드 개발에 필요한 상당 역량을 이미 축적한 상황이다. 로봇 손(핸즈)과 하반신에 해당하는 자율주행로봇(AMR)을 자체 개발하고 있다. 이날 원익로보틱스는 행사장에서 이달 출시한 다관절... ,https://zdnet.co.kr/view/?no=20260915181201,https://n.news.naver.com/mnews/article/092/0002437584?sid=105,"Wed, 16 Sep 2026 08:32:00 +0900",2026-09-16 10:10:34
로봇/자율주행,휴머노이드 로봇,"미래에셋벤처투자, 카자흐 국영펀드와 손잡고 ‘실크로드 펀드’ 조성",중국 휴머노이드 로봇 기업 애지봇(Agibot) 등을 포트폴리오로 보유하고 있다. 몰로코(Moloco) 역시 주요 해외 투자기업 가운데 하나다. 김응석 미래에셋벤처투자 대표이사는 “이번 협약은 국내 벤처캐피탈이... ,https://www.edaily.co.kr/News/Read?newsId=02679766645580776&mediaCodeNo=257&utm_source=naver&utm_medium=referral&utm_campaign=news_syndication&utm_content=original_article,https://n.news.naver.com/mnews/article/018/0006370110?sid=101,"Wed, 16 Sep 2026 08:27:00 +0900",2026-09-16 10:10:34
로봇/자율주행,드론 시장,[신윤우의 외환분석] 숨 참고 FOMC 대기,"16일 달러-원 환율은 미국 연방공개시장위원회(FOMC) 회의 결과를 기다리며 1,360원대에서 제한적인 움직임을... 사우디아라비아가 드론 공격을 받고 동서 송유관 가동을 중단한 데 이어 리비아도 유전 운영을 멈추고... ",https://news.einfomax.co.kr/news/articleView.html?idxno=4435115,https://news.einfomax.co.kr/news/articleView.html?idxno=4435115,"Wed, 16 Sep 2026 09:58:00 +0900",2026-09-16 10:10:35
로봇/자율주행,드론 시장,트럼프가 발표한 '에너지 휴전'…러·우 &quot;합의한 적 없다&quot;,젤렌스키 대통령은 러시아 남부 시즈란 정유시설과 드론 생산시설을 타격했다고 밝혔다. 러시아 지역 당국에... 에너지 시장에 미칠 영향은 크지 않을 것이라고 주장했다. 젤렌스키 대통령도 러시아가 실제로 전쟁을 중단할... ,https://www.jnilbo.com/news/articleView.html?idxno=90000065947,https://www.jnilbo.com/news/articleView.html?idxno=90000065947,"Wed, 16 Sep 2026 09:58:00 +0900",2026-09-16 10:10:35
로봇/자율주행,드론 시장,"덕산넵코어스, 기관배정 물량 절반 의무보유확약…유통물량 33%대로",기존 공모 과정에서 시장에 알려졌던 40%대 유통가능비율과 비교하면 약 6.8%포인트가 추가로 매각 제한... 대드론 및 위성항법 인프라 분야로 사업영역을 확대하고 있다. 회사는 이번 공모를 통해 확보한 자금을 시설... ,https://www.newspim.com/news/view/20260916000212,https://www.newspim.com/news/view/20260916000212,"Wed, 16 Sep 2026 09:55:00 +0900",2026-09-16 10:10:35
로봇/자율주행,드론 시장,"짧은 추석, 치안은 더 촘촘하게…경북경찰 11일간 총력 대응","17∼22일에는 물류와 귀성 차량 증가에 대비해 화물차 고속도로 안전관리와 전통시장 주변 차량 소통에 집중한다. 23∼27일에는 고속도로와 연계 국도의 상습 정체 구간을 집중적으로 관리하고 암행순찰차와 드론, 탑재형... ",https://view.asiae.co.kr/article/2026091608220582921,https://n.news.naver.com/mnews/article/277/0005816989?sid=102,"Wed, 16 Sep 2026 09:54:00 +0900",2026-09-16 10:10:35
로봇/자율주행,드론 시장,&quot;휴전 합의&quot; 발표 하루만에 다시 공격...트럼프 구상에 벌써 균열? [자막...,러시아 국내 시장은 이미 충족시킬 수 있는 상태이지만 국제 시장은 수송이 문제라는 것입니다. [드미트리... 주유소가 드론 공격을 받는 등 '에너지 전쟁'은 한시도 멈추지 않고 있습니다. YTN 신웅진입니다.... ,https://www.ytn.co.kr/_ln/0134_202609160953193071,https://n.news.naver.com/mnews/article/052/0002407619?sid=104,"Wed, 16 Sep 2026 09:53:00 +0900",2026-09-16 10:10:35
로봇/자율주행,드론 시장,"트럼프 압박에도…우크라·러, 에너지 시설 난타전 지속",젤렌스키 대통령은 우크라이나가 러시아 남부 시즈란 정유시설과 드론 생산 시설을 공격했다고 밝혔습니다.... 그러나 그는 이러한 합의가 이행되더라도 트럼프 대통령의 주장처럼 에너지 시장에 큰 영향을 미치지는 않을... ,https://news.sbs.co.kr/news/endPage.do?news_id=N1008755388&plink=ORI&cooper=NAVER,https://n.news.naver.com/mnews/article/055/0001388644?sid=104,"Wed, 16 Sep 2026 09:50:00 +0900",2026-09-16 10:10:35
로봇/자율주행,드론 시장,"1,360원대로 급등한 달러-원…&quot;매파 FOMC 땐 1,400원도 열어둬야&quot;","달러-원 일별 추이연합인포맥스 달러-원 환율이 간밤 1,360원대에 안착하면서 시장에서는 '1,400원 전망'도... 사우디아라비아가 드론 공격 여파로 동서 송유관 가동과 홍해 얀부항의 원유 선적을 중단한 데 이어... ",https://news.einfomax.co.kr/news/articleView.html?idxno=4435110,https://news.einfomax.co.kr/news/articleView.html?idxno=4435110,"Wed, 16 Sep 2026 09:48:00 +0900",2026-09-16 10:10:35
로봇/자율주행,드론 시장,사우디 원유 수송로까지 막혔다... 국제유가 4개월만에 최고,여기에 리비아에서도 시위로 인해 일부 유전의 생산이 중단되면서 시장의 공급 불안이 한층 커졌다.중동의 군사적 긴장도 좀처럼 가라앉지 않고 있다. 예멘 후티 반군은 최근 사우디 남부의 군사기지를 미사일과 드론으... ,https://vop.co.kr/A00001696716.html,https://vop.co.kr/A00001696716.html,"Wed, 16 Sep 2026 09:48:00 +0900",2026-09-16 10:10:35
로봇/자율주행,드론 시장,"대전 방산기업, 폴란드서 798만 달러 수출 상담","탐지 드론 공동 연구개발과 함께 제3국 수출까지 논의를 넓히고 있다. 대전TP는 이번 상담에서 도출된 협력이 실제 수출 계약으로 이어지도록 현지 바이어와의 후속 협의를 밀착 지원하고, 지역 방산기업의 유럽 시장... ",https://www.nocutnews.co.kr/news/6578820?utm_source=naver&utm_medium=article&utm_campaign=20260916094317,https://n.news.naver.com/mnews/article/079/0004189827?sid=102,"Wed, 16 Sep 2026 09:44:00 +0900",2026-09-16 10:10:35
로봇/자율주행,드론 시장,[국제유가] 사우디·리비아 공급 차질에 급등…WTI 105달러 돌파,이라크에서 발사된 드론 공격으로 사우디 동부 유전지대와 홍해를 연결하는 동서 송유관의 가동이... 시장에서는 송유관 복구가 지연될 경우 사우디의 수출 차질이 수주간 이어질 가능성도 거론하고 있다. 사우디에... ,https://www.goodkyung.com/news/articleView.html?idxno=291446,https://www.goodkyung.com/news/articleView.html?idxno=291446,"Wed, 16 Sep 2026 09:44:00 +0900",2026-09-16 10:10:35
로봇/자율주행,드론 시장,[뉴공 아카이브]백년위원회: AI 업계 ‘인류 멸망론’… 현실적 경고인...,그게 어떤 방식으로 이루어질 거냐면 AI가 우선은 노동시장 충격을 엄청 크게 줄 거예요.▶김어준 : 노동시장.... 게 드론이나 이런 게 아니고 생물학 무기예요.▶김어준 : 그렇지.▣차지호 : 그래서 인류가 절멸할 수 있는... ,http://www.ddanzi.com/894533423,http://www.ddanzi.com/894533423,"Wed, 16 Sep 2026 09:40:00 +0900",2026-09-16 10:10:35
로봇/자율주행,드론 시장,우주항공 250개 기업 경남 창원에 집결,"사진=창원시 경남 우주항공산업의 기술력을 세계시장에 알리고 국내외 기업 간 수출·투자 협력을... 우주와 항공을 비롯해 항공 MRO(정비·수리·분해조립), 드론, 방위·보안산업, 우주항공 소재·부품·장비 등... ",https://www.newsclaim.co.kr/news/articleView.html?idxno=3075524,https://www.newsclaim.co.kr/news/articleView.html?idxno=3075524,"Wed, 16 Sep 2026 09:38:00 +0900",2026-09-16 10:10:35
로봇/자율주행,드론 시장,"트럼프 압박에 ‘마이동풍’…우크라·러, 에너지시설 난타전 지속",젤렌스키 대통령은 우크라이나가 러시아 남부 시즈란 정유시설과 드론 생산 시설을 공격했다고 밝혔습니다.... 그러나 그는 이러한 합의가 이행되더라도 트럼프 대통령의 주장처럼 에너지 시장에 큰 영향을 미치지는 않을... ,https://news.kbs.co.kr/news/pc/view/view.do?ncd=8664725&ref=A,https://n.news.naver.com/mnews/article/056/0012258175?sid=104,"Wed, 16 Sep 2026 09:35:00 +0900",2026-09-16 10:10:35
로봇/자율주행,드론 시장,아마존 “‘이란 피습’ 걸프 데이터센터 일부자료 영구 손상”,"지하화나 드론 방어망 자체 구축 등 추가적인 비용 지출이 불가피하다는 관측까지 나옵니다. 다만 산유국인 이들 국가의 오일머니와 장기적 시장 가치로 마이크로소프트(MS)와 AWS 등 주요 기업은 사우디아라비아, UAE 내... ",https://news.kbs.co.kr/news/pc/view/view.do?ncd=8664723&ref=A,https://n.news.naver.com/mnews/article/056/0012258174?sid=104,"Wed, 16 Sep 2026 09:35:00 +0900",2026-09-16 10:10:35
로봇/자율주행,드론 시장,"덕산넵코어스, 기관 확약률 57%…유통물량 축소","직후 시장에 풀릴 수 있는 주식 비중이 33%대로 낮아졌다. 수요예측 경쟁률이나 공모가와 달리... 덕산넵코어스는 항법·항재밍 기술을 토대로 기존 유도무기·항공 분야에서 정밀유도무기와 우주항공, 대드론... ",https://www.pinpointnews.co.kr/news/articleView.html?idxno=487440,https://www.pinpointnews.co.kr/news/articleView.html?idxno=487440,"Wed, 16 Sep 2026 09:34:00 +0900",2026-09-16 10:10:35
로봇/자율주행,드론 시장,"트럼프 압박에 '마이동풍'…우크라·러, 에너지시설 난타전 지속",젤렌스키 대통령은 우크라이나가 러시아 남부 시즈란 정유시설과 드론 생산 시설을 공격했다고 밝혔다.... 그러나 그는 이러한 합의가 이행되더라도 트럼프 대통령의 주장처럼 에너지 시장에 큰 영향을 미치지는 않을... ,https://www.yna.co.kr/view/AKR20260916035900009?input=1195m,https://n.news.naver.com/mnews/article/001/0016313589?sid=104,"Wed, 16 Sep 2026 09:29:00 +0900",2026-09-16 10:10:35
로봇/자율주행,드론 시장,아마존 &quot;'이란 피습' 걸프 데이터센터 일부자료 영구 손상&quot;,"지하화나 드론 방어망 자체 구축 등 추가적인 비용 지출이 불가피하다는 관측까지 나온다. 다만 산유국인 이들 국가의 오일머니와 장기적 시장 가치로 마이크로소프트(MS)와 AWS 등 주요 기업은 사우디아라비아, UAE 내... ",https://www.yna.co.kr/view/AKR20260916044900009?input=1195m,https://n.news.naver.com/mnews/article/001/0016313590?sid=104,"Wed, 16 Sep 2026 09:29:00 +0900",2026-09-16 10:10:35
게임/엔터,게임 주가,"[특징주] 미투온, 카카오게임즈 980억 인수 결정에 '상한가'",컨슈머타임스=김예령 기자 | 미투온 주가가 카카오게임즈의 경영권 인수 소식에 상한가를 기록했다. 16일 오전 9시 57분 기준 미투온은 전 거래일 대비 885원(29.95%) 오른 3840원에 거래되고 있다. 개장 직후 주가가 빠르게... ,https://www.cstimes.com/news/articleView.html?idxno=720876,https://www.cstimes.com/news/articleView.html?idxno=720876,"Wed, 16 Sep 2026 10:06:00 +0900",2026-09-16 10:10:35
게임/엔터,게임 주가,[특징주] 미투온 상한가…카카오게임즈 980억원에 경영권 인수,카카오게임즈가 약 980억원을 투입해 미투온 지분 39.56%를 확보하고 최대주주에 오른다는 소식이 주가를 끌어올린 것으로 풀이된다. 16일 오전 9시33분 기준 미투온은 전 거래일보다 885원(29.95%) 오른 3840원으로 상한가를... ,https://www.newspim.com/news/view/20260916000259,https://www.newspim.com/news/view/20260916000259,"Wed, 16 Sep 2026 10:01:00 +0900",2026-09-16 10:10:35
게임/엔터,게임 주가,"[특징주] 미투온, 카카오게임즈에 피인수…주가 상한가",온라인·모바일 게임사 미투온의 주가가 16일 장 초반 상한가로 직행했다. 한국거래소에 따르면 오전 9시 45분 미투온은 전날보다 885원(29.95%) 급등한 3840원에 거래되고 있다. 이날 상한가는 카카오게임즈가... ,http://www.newsdream.kr/news/articleView.html?idxno=118265,http://www.newsdream.kr/news/articleView.html?idxno=118265,"Wed, 16 Sep 2026 09:46:00 +0900",2026-09-16 10:10:35
게임/엔터,게임 주가,"미투온, 카카오게임즈 피인수 소식에 상한가 직행",주가를 끌어올린 것은 카카오게임즈의 지분 인수 소식이다. 카카오게임즈는 전날 미투온의 구주와 신주를 인수해 지분 39.56%를 약 980억원에 취득한다고 공시했다. 거래가 마무리되면 카카오게임즈는 미투온의... ,https://www.newsis.com/view/NISX20260916_0003791406,https://n.news.naver.com/mnews/article/003/0014193223?sid=101,"Wed, 16 Sep 2026 09:38:00 +0900",2026-09-16 10:10:35
게임/엔터,게임 주가,"캐주얼 게임회사 미투온 주가 장중 상한가 직행, 카카오게임즈에 인수 ...",사진은 미투온의 모바일 홀덤포커게임 이미지. &lt;미투온 홈페이지&gt; 주가는 이날 장이 열리자마자 가격제한폭 상단까지 치솟았다. 카카오게임즈가 미투온 경영권을 인수한다는 소식에 영향을 받은 것으로 보인다.... ,https://www.businesspost.co.kr/BP?command=article_view&num=447305,https://www.businesspost.co.kr/BP?command=article_view&num=447305,"Wed, 16 Sep 2026 09:36:00 +0900",2026-09-16 10:10:35
게임/엔터,게임 주가,카카오게임즈 품에 안기는 미투온…장 초반 상한가[특징주],카카오게임즈가 기존 주주 지분과 신주를 함께 인수해 미투온의 최대주주로 올라서기로 하면서 경영권 변경과 사업 시너지에 대한 기대가 주가를 끌어올린 것으로 풀이된다. 16일 한국거래소에 따르면 이날 오전... ,https://www.newsway.co.kr/news/view?ud=2026091609292120451,https://www.newsway.co.kr/news/view?ud=2026091609292120451,"Wed, 16 Sep 2026 09:36:00 +0900",2026-09-16 10:10:35
게임/엔터,게임 주가,"[특징주] 미투온, 카카오게임즈에 피인수.. '상한가' 기록",개장 직후 주가가 급등하면서 정적 변동성완화장치(VI)가 발동되기도 했다. 정적 VI는 단일가격 기준 ±10% 이상 변동할 경우 각각 발동된다. 앞서 카카오게임즈는 전날 이사회를 열고 약 980억원을 들여 미투온 지분 39.56... ,https://www.g-enews.com/view.php?ud=2026091609260692844093b5d4e_1,https://www.g-enews.com/view.php?ud=2026091609260692844093b5d4e_1,"Wed, 16 Sep 2026 09:34:00 +0900",2026-09-16 10:10:35
게임/엔터,게임 주가,"[특징주] 미투온, 카카오게임즈 피인수 소식에 상한가","미투온 주가가 16일 장 초반 강세다. 전날 카카오게임즈가 미투온을 인수한다고 발표한 영향으로 풀이된다. 한국거래소에 따르면, 이날 9시 20분 미투온 주가는 전 거래일보다 29.95%(885원) 오른 3840원에 거래되고... ",https://www.ekn.kr/web/view.php?key=20260916028315372,https://www.ekn.kr/web/view.php?key=20260916028315372,"Wed, 16 Sep 2026 09:30:00 +0900",2026-09-16 10:10:35
게임/엔터,게임 주가,"미투온, 카카오게임즈 피인수 소식에 상한가",게임 기업 미투온이 카카오게임즈에 피인수됐다는 소식 이후 주가가 16일 장 초반 천장을 쳤다. 이날 오전 9시17분 현재 미투온은 가격제한폭(885원·29.95%)까지 오른 3840원에 거래되고 있다. 앞서 카카오게임즈는 약... ,https://www.hankyung.com/article/2026091675016,https://n.news.naver.com/mnews/article/015/0005332818?sid=101,"Wed, 16 Sep 2026 09:21:00 +0900",2026-09-16 10:10:35
게임/엔터,게임 주가,"미투온 주가 상한가, 카카오게임즈에 피인수",카카오게임즈에 인수된다는 소식에 주가가 오르는 것으로 풀이된다. 카카오게임즈는 전날 이사회를 열고 미투온 지분 39.56%를 약 980억원에 인수하기로 결의했다고 밝혔다. 오는 11월 16일 거래가 마무리되면... ,https://www.gukjenews.com/news/articleView.html?idxno=3696698,https://www.gukjenews.com/news/articleView.html?idxno=3696698,"Wed, 16 Sep 2026 09:20:00 +0900",2026-09-16 10:10:35
게임/엔터,게임 주가,"미투온 주가, 상한가... 왜?",사진=미투온 미투온 주가가 상한가를 기록 중이다. 16일 오전 9시 9분 KRX 기준 미투온은 전 거래일 대비 29.95%(885원) 상승한 3840원에 거래 중이다. 카카오게임즈는 지난 15일 이사회를 열고 약 980억원을 들여 미투온... ,https://www.ggilbo.com/news/articleView.html?idxno=1181991,https://www.ggilbo.com/news/articleView.html?idxno=1181991,"Wed, 16 Sep 2026 09:12:00 +0900",2026-09-16 10:10:35
게임/엔터,게임 주가,"美 상원, ‘클래리티법’ 부결… 비트코인·관련주 급락",관련주가 일제히 급락했다. 그동안 가상 자산 업계가 규제 불확실성을 해소할 ‘게임 체인저’로 기대했던 법안이 막히자 투자 심리가 급격히 얼어붙은 것이다. 15일(현지 시각) 비트코인은 장중 한때 5.3% 떨어진... ,https://www.chosun.com/economy/money/2026/09/16/D4HGMKI6JZBDXCLM5IUEQZ3JNI/?utm_source=naver&utm_medium=referral&utm_campaign=naver-news,https://n.news.naver.com/mnews/article/023/0003998708?sid=101,"Wed, 16 Sep 2026 08:59:00 +0900",2026-09-16 10:10:35
게임/엔터,게임 주가,외식 물가 부담에 레스토랑주 약세…클래리티법 좌절로 암호화폐주 급락...,"합병이 가까워졌다는 기대에 스카이웍스와 코보 주가는 13.55% 9.34% 나란히 상승 마감했다. 데이브 &amp; 버스터스, 게임 매출 9% 감소 게임·외식업체 데이브 &amp; 버스터스 엔터테인먼트(PLAY)는 2분기 매출과 주당순이익이 모두... ",http://www.wowtv.co.kr/NewsCenter/News/Read?articleId=A202609160183&t=NN,https://n.news.naver.com/mnews/article/215/0001266108?sid=101,"Wed, 16 Sep 2026 08:26:00 +0900",2026-09-16 10:10:35
게임/엔터,게임 주가,[데스크칼럼] 롤러코스터 후유증 대처법,"오늘 5% 이상 오르고 내일 5% 이상 떨어지는 시장에서 개인투자자에게 주식은 투자자산이 아니라 사실상 '홀짝 게임'처럼 느껴졌다. 주가 급등락을 지켜보면서 직장인들이 하루 종일 시세창을 들여다보고, 모이기만 하면... ",https://dealsite.co.kr/articles/169005,https://dealsite.co.kr/articles/169005,"Wed, 16 Sep 2026 08:22:00 +0900",2026-09-16 10:10:35
게임/엔터,게임 주가,"당신들, 진짜 ‘인류걱정’ 맞어? 4인의 AI 동상이몽","흥미로운 것은 주가였다. AI 속도조절론이 나오자, 여기에 동조한 구글과 마이크로소프트의 주가가 올랐다.... 그들간의 '약속'은 이제 죄수의 딜레마 게임에 접어들었다. 모두가 속도를 늦추고, 모두가 투자를 줄이면... ",https://news.kbs.co.kr/news/pc/view/view.do?ncd=8664618&ref=A,https://n.news.naver.com/mnews/article/056/0012258150?sid=104,"Wed, 16 Sep 2026 08:00:00 +0900",2026-09-16 10:10:35
게임/엔터,게임 주가,[KFT 모닝 브리프] 2026.09.16 — 오늘 꼭 알아야 할 국내외 경제·시장 ...,"간밤에는 AI 개발 속도조절론이 실리콘밸리를 흔들며 미국 반도체주가 급락했고, 사우디 송유관... ⑤[기업·M&amp;A] 카카오게임즈, 새 경영체제 첫 M&amp;A로 미투온 인수 카카오게임즈는 15일 이사회에서 미투온 지분 39.56... ",https://www.fntimes.com/html/view.php?ud=20260916071621292141825007d_18,https://www.fntimes.com/html/view.php?ud=20260916071621292141825007d_18,"Wed, 16 Sep 2026 07:28:00 +0900",2026-09-16 10:10:35
게임/엔터,게임 주가,AMD에 600달러 목표주가 제시…파이퍼 샌들러 '비중확대',"AMD의 목표주가 600달러(약 80만8200원)가 제시됐지만, Piper Sandler가 이를 새로 제시한 것인지 기존... 헬리오스 서버, 베니스 CPU, 광통신 부품, 고대역폭 메모리(HBM), 클라이언트·게임 부문도 성장 영역으로... ",https://www.tokenpost.kr/news/market/408493,https://www.tokenpost.kr/news/market/408493,"Wed, 16 Sep 2026 01:40:00 +0900",2026-09-16 10:10:35
게임/엔터,게임 주가,똑같이 먹어도 '채소' 먼저 먹어야 하는 이유… &quot;식후 혈당 최대 20 차이...,"엄지닥터스로는 의학박사 서재걸, 내과 전문의 안건태, 가정의학과 전문의 이광미, 한의사 한성주가... 방송에선 혈당을 덜 올리는 '과일 밸런스 게임'도 진행됐다. 한성주 한의사는 복숭아와 딸기가 보기로 주어지자... ",https://www.tvreport.co.kr/broadcast/article/1075997/,https://m.entertain.naver.com/article/213/0001401359,"Tue, 15 Sep 2026 22:42:00 +0900",2026-09-16 10:10:35
게임/엔터,게임 주가,"“트럼프, 정말 너무 싫어”…‘아메리카노’도 싫다던 캐나다인들 결국...","51번째 주가 될 것”이라고 발언하는 등 압박 수위를 높였다. 미국에 대한 반감은 실제 여행 수요에도 영향을... 회원들은 얼굴 보습제와 단백질 바, 반려동물 사료, 속옷, 비디오게임 등에 이르기까지 미국산 제품을 대체할... ",https://www.sedaily.com/article/20091367?ref=naver,https://n.news.naver.com/mnews/article/011/0004662213?sid=104,"Tue, 15 Sep 2026 22:33:00 +0900",2026-09-16 10:10:35
게임/엔터,엔터테인먼트 산업,‘하이브 vs 갤럭시’ 선두 경쟁...K-브랜드지수 엔터사 부문 빅데이터...,"한정근 아시아브랜드연구소 대표는 “최근 엔터테인먼트 산업은 K-POP과 K-드라마 중심의 전통적인 영역을 넘어 인공지능(AI), 디지털 기술, IP를 결합한 융복합 분야로 빠르게 재편되고 있다. 아티스트 IP를 음악과... ",https://hbnpress.com/news/view/1065574215488494,https://hbnpress.com/news/view/1065574215488494,"Wed, 16 Sep 2026 10:00:00 +0900",2026-09-16 10:10:36
게임/엔터,엔터테인먼트 산업,브로콜리너마저부터 키라라까지…‘서울인디뮤직페스타’ 10월 개막,"한국음악레이블산업협회(이하 음레협)가 주관하는 ‘2026 서울인디뮤직페스타’는 오는 10월 3일부터... 모던보이엔터테인먼트, 파티오히터, 인하트뮤직, 유어썸머, 플렁크, 문화지형연구소 씨티알 등을 포함해 총 20개... ",https://www.mk.co.kr/article/12153969,https://m.entertain.naver.com/article/410/0001140127,"Wed, 16 Sep 2026 09:46:00 +0900",2026-09-16 10:10:36
게임/엔터,엔터테인먼트 산업,"더오름, 뷰티 넘어 엔터테인먼트 마케팅으로 사업 확대…통합 모델 구축","최근에는 기존 뷰티 마케팅 경험을 엔터테인먼트 산업으로 확장하고 있다. AI를 활용한 콘텐츠 제작과 광고 운영 자동화가 확대되는 상황에서 아티스트 IP와 콘텐츠, 팬덤을 기반으로 한 마케팅의 중요성이 커질 것으로... ",https://www.megaeconomy.co.kr/news/newsview.php?ncode=1065585786243369,https://www.megaeconomy.co.kr/news/newsview.php?ncode=1065585786243369,"Wed, 16 Sep 2026 09:00:00 +0900",2026-09-16 10:10:36
게임/엔터,엔터테인먼트 산업,나스닥 주저앉을 때…AMD 솟구친 '이유',산업재 섹터에서는 제너럴 일렉트릭(GE)이 3.31% 내리며 하락 폭을 키웠다. 엔터테인먼트 종목 중 넷플릭스(-3.01%)와 월트 디즈니(-2.00%)도 내림세로 장을 마쳤다. 반도체 및 헬스케어 분야에서는 종목별 흐름이... ,https://www.wikitree.co.kr/articles/1159814,https://www.wikitree.co.kr/articles/1159814,"Wed, 16 Sep 2026 08:52:00 +0900",2026-09-16 10:10:36
게임/엔터,엔터테인먼트 산업,"2026 서울인디뮤직페스타, 망원 한강서 레이블마켓·쇼케이스로 인디 씬...","한국음악레이블산업협회가 주관하는 '2026 서울인디뮤직페스타(SIMf)'의 핵심 행사인 레이블마켓과 쇼케이스... 모던보이엔터테인먼트, 파티오히터, 인하트뮤직, 유어썸머, 플렁크, 문화지형연구소 씨티알 등 총 20개사가... ",https://www.topstarnews.net/news/articleView.html?idxno=16195337,https://www.topstarnews.net/news/articleView.html?idxno=16195337,"Wed, 16 Sep 2026 08:16:00 +0900",2026-09-16 10:10:36
게임/엔터,엔터테인먼트 산업,[분석] 리센느라는 '산업' ··· 광고 넘어 기획·유통까지,리센느가 다시 쏘아 올린 공은 한 걸그룹의 인기만을 의미하지 않는다. 아이돌이 엔터테인먼트 산업의 상품을 넘어 다른 산업의 상품까지 움직이는 '산업의 한 축'으로 이동하고 있다는 신호다. [데이터솜=],https://www.datasom.co.kr/news/articleView.html?idxno=209959,https://www.datasom.co.kr/news/articleView.html?idxno=209959,"Wed, 16 Sep 2026 08:06:00 +0900",2026-09-16 10:10:36
게임/엔터,엔터테인먼트 산업,이상윤+기희현 &quot;결혼이 급해? 사랑이 중요하지&quot;,"다이아의 공식 활동이 종료된 이후에는 연예기획사에서 직원으로 근무하고 있는 것으로 알려지면서, 아이돌 활동 이후에도 엔터테인먼트 산업 안에서 새로운 방식으로 경력을 이어가는 행보를 보여줬다. 이상윤은 모델로... ",https://www.mediafine.co.kr/news/articleView.html?idxno=89924,https://www.mediafine.co.kr/news/articleView.html?idxno=89924,"Wed, 16 Sep 2026 07:36:00 +0900",2026-09-16 10:10:36
게임/엔터,엔터테인먼트 산업,"그랜드코리아레저-코엑스, 외래관광객 유치 협력",그랜드코리아레저(GKL)와 코엑스가 외래관광객 유치와 관광·문화산업 활성화를 위해 협력한다. 외국인 전용... 문화·엔터테인먼트를 아우르는 도심형 관광 콘텐츠를 확대한다는 계획이다. 윤두현 그랜드코리아레저 사장은... ,https://www.naeil.com/news/read/602441?ref=naver,https://www.naeil.com/news/read/602441?ref=naver,"Wed, 16 Sep 2026 07:22:00 +0900",2026-09-16 10:10:36
게임/엔터,엔터테인먼트 산업,美 뉴욕증시 하락 마감...유가·국채금리 상승,"다우존스30산업평균지수는 328.09포인트(0.63%) 떨어진 5만2093.11을 기록했고, 기술주 중심의... 데이브앤버스터스 엔터테인먼트는 시장 예상보다 부진한 분기 실적을 발표한 뒤 19% 급락했다. 가상자산 관련주도 약세를... ",https://www.thefairnews.co.kr/news/articleView.html?idxno=88162,https://www.thefairnews.co.kr/news/articleView.html?idxno=88162,"Wed, 16 Sep 2026 06:54:00 +0900",2026-09-16 10:10:36
게임/엔터,엔터테인먼트 산업,인턴-한국적으로 재해석된 세대의 화해[시네프리뷰],이로 인해 무기한 개봉이 보류됐다가 한참 뒤 롯데 엔터테인먼트가 배급권을 사들여 2023년 개봉한 &lt;킬링... 하지만 이번 개봉이 척박한 한국 영화 산업 전반에 나름의 청신호로 받아들여지고 있음은 분명하다.,https://weekly.khan.co.kr/article/202609160600051,https://n.news.naver.com/mnews/article/033/0000052211?sid=103,"Wed, 16 Sep 2026 06:03:00 +0900",2026-09-16 10:10:36
게임/엔터,엔터테인먼트 산업,"[드림포스 2026] 마크 베니오프 &quot;유럽 AI, 2년이면 미국 따라올 것&quot;",AI가 엔터테인먼트 산업에 미칠 영향에 대해서는 &quot;엔터테인먼트에 새로운 시대가 열렸다&quot;며 &quot;새 모델로 세계와 콘텐츠를 만들고 TV 프로그램이나 영화까지 제작할 수 있게 된다&quot;고 말했다. 그는 &quot;새 모델로 거대한 산업을... ,https://www.econovill.com/news/articleView.html?idxno=750908,https://www.econovill.com/news/articleView.html?idxno=750908,"Wed, 16 Sep 2026 05:22:00 +0900",2026-09-16 10:10:36
게임/엔터,엔터테인먼트 산업,"뉴욕 증시, 국채 금리·유가 상승에 하락 출발",미국 동부 시간 오전 9시 41분 기준 뉴욕 증권 거래소에서 우량주 30개로 구성된 다우 존스 30 산업 평균... 데이브 앤 버스터스 엔터테인먼트는 2분기 조정 기준 주당 0.27달러의 순손실을 기록해 조정 주당 순이익... ,https://www.ytn.co.kr/_ln/0104_202609160419245862,https://n.news.naver.com/mnews/article/052/0002407519?sid=104,"Wed, 16 Sep 2026 04:19:00 +0900",2026-09-16 10:10:36
게임/엔터,엔터테인먼트 산업,"美 10년물 금리 19년 만에 최고…뉴욕증시, 긴축 경계에 하락 출발",15일(현지시간) 오전 9시41분 현재 다우존스30 산업평균지수는 전 거래일보다 294.74포인트(0.56%) 내린... 개별 종목 중 데이브앤버스터스 엔터테인먼트는 실적 부진에 12.11% 떨어졌다. 회사의 2분기 조정... ,https://www.kbmaeil.com/article/20260916500006,https://www.kbmaeil.com/article/20260916500006,"Wed, 16 Sep 2026 03:58:00 +0900",2026-09-16 10:10:36
게임/엔터,엔터테인먼트 산업,"딥브레인AI, XR 전시관에 ‘실시간 대화형 AI 휴먼 NPC’ 구현",또 2022년 정보통신산업진흥원의 ‘민간 인공지능 신뢰성 인증’ 시범사업에서 국내 기업 최초로 AI 휴먼... 스토익엔터테인먼트가 공동연구개발기관으로 참여하고 있다. XR 콘텐츠의 사용자 경험을 생체신호와 행동... ,https://sports.khan.co.kr/article/202609160148003?pt=nv,https://n.news.naver.com/mnews/article/144/0001138419?sid=105,"Wed, 16 Sep 2026 01:49:00 +0900",2026-09-16 10:10:36
게임/엔터,엔터테인먼트 산업,오래 기다렸다… 스타크래프트 신작·디아블로5 출시 공식화,블리자드 엔터테인먼트는 지난 12~ 13일(현지시간) 미국 캘리포니아주 애너하임 컨벤션센터에서 열린 자체... 두 지식재산권(IP)은 한국 게임 산업의 출발점과 맞닿아 있다. 스타크래프트는 1998년 출시 이후 PC방 확산을... ,https://www.kmib.co.kr/article/view.asp?arcid=9000012400&cp=nv,https://n.news.naver.com/mnews/article/005/0001873168?sid=105,"Wed, 16 Sep 2026 00:06:00 +0900",2026-09-16 10:10:36
게임/엔터,엔터테인먼트 산업,"GICON, '2026 ACE Fair' 통합 공동관 운영…콘텐츠 산업 시너지 발산","전시관은 △글로벌마케팅관(애니·웹툰·게임) △가상융합산업혁신센터관 △창업도약패키지관 △콘텐츠코리아랩관 등 4개 사업관으로 구성했다. 현장에서는 핑고엔터테인먼트, 퍼니플럭스, 캠프파이어애니웍스 등... ",https://www.etnews.com/20260916000001,https://n.news.naver.com/mnews/article/030/0003467156?sid=102,"Wed, 16 Sep 2026 00:03:00 +0900",2026-09-16 10:10:36
게임/엔터,엔터테인먼트 산업,"뉴욕 증시, 국제 유가 급등·美 금리 인상 가능성에 하락 출발",15일(현지 시각) 오전 10시 23분 기준 뉴욕증권거래소(NYSE)에서 다우존스30산업평균지수는 전 거래일보다... 이날 데이브앤버스터스 엔터테인먼트는 실적 발표 이후 주가가 12.11% 하락했고 에노바 인터내셔널은... ,https://biz.chosun.com/international/international_economy/2026/09/15/AUTMO4JF4NFVJCAZ2TG3TIH5IE/?utm_source=naver&utm_medium=original&utm_campaign=biz,https://n.news.naver.com/mnews/article/366/0001192597?sid=104,"Tue, 15 Sep 2026 23:43:00 +0900",2026-09-16 10:10:36
게임/엔터,엔터테인먼트 산업,"[TGS 2026] 포켓몬 포코피아, 2026 일본 게임대상","15일 사단법인 컴퓨터 엔터테인먼트 협회(CESA)에 따르면 포켓몬 포코피아(병행 표기, 포코 아 포켓몬... 올해 경제산업상은 1996년 주식회사 게임프리크의 포켓몬스터 레드·그린 출시 이후 30년간 게임 산업과... ",https://www.nbntv.co.kr/news/articleView.html?idxno=4024952,https://www.nbntv.co.kr/news/articleView.html?idxno=4024952,"Tue, 15 Sep 2026 23:30:00 +0900",2026-09-16 10:10:36
게임/엔터,엔터테인먼트 산업,"뉴욕증시, 국채금리·유가 상승에 하락 출발",15일(현지시간) 오전 9시 41분 현재 뉴욕증권거래소에서 다우존스30산업평균지수는 전장보다 294.74포인트... 데이브앤버스터스 엔터테인먼트는 실적 발표 이후 주가가 12.11% 밀렸습니다. 데이브앤버스터스는 2분기... ,https://news.sbs.co.kr/news/endPage.do?news_id=N1008754849&plink=ORI&cooper=NAVER,https://n.news.naver.com/mnews/article/055/0001388534?sid=104,"Tue, 15 Sep 2026 23:19:00 +0900",2026-09-16 10:10:36
게임/엔터,콘텐츠 수출,잘 나가던 화장품株 급브레이크…K-뷰티 성장세는 여전,"밸류에이션 부담과 차익실현 수요, 원화 강세 우려가 겹쳤지만 화장품 수출과 해외 판매망 확장은 여전히... 브랜드와 콘텐츠가 늘어날수록 광고비 부담이 커지고 제품과 판매 지역이 확대되면 재고·물류와 현지 운영... ",https://www.imaeil.com/page/view/2026091608302382459,https://n.news.naver.com/mnews/article/088/0001028755?sid=101,"Wed, 16 Sep 2026 10:08:00 +0900",2026-09-16 10:10:37
게임/엔터,콘텐츠 수출,"림팩스컨설팅, ㈜글로벌써클과 업무협약...중소상공인 해외 수출 협력","이번 협약은 중소기업의 수출 활성화를 위해 양사의 컨설팅 및 마케팅 역량을 결합하고자 추진됐다.... 양 기관은 기업 전략 수립에서 브랜드 콘텐츠 제작, 해외 광고, 온라인 플랫폼 판매 관리에 이르는 통합 지원 체계를... ",https://www.thepowernews.co.kr/view.php?ud=2026091515464136409aeda69934_7,https://www.thepowernews.co.kr/view.php?ud=2026091515464136409aeda69934_7,"Wed, 16 Sep 2026 10:02:00 +0900",2026-09-16 10:10:37
게임/엔터,콘텐츠 수출,'K팝 기획자' 나상천 '어느 멋진 도망' 인세 기부→러시아 판권 수출,16일 콘텐츠 제작사 꿈의엔진에 따르면 나상천 작가는 최근 '어느 멋진 도망'의 인세 수익금을... 콘텐츠 확장도 순항 중이다. '어느 멋진 도망'은 원 소스 멀티 유즈(OSMU·One Source Multi Use) 콘텐츠로 잘 알려져 있다. 현재... ,https://www.starnewskorea.com/star/2026/09/16/2026091609402167446,https://m.entertain.naver.com/article/108/0003470825,"Wed, 16 Sep 2026 09:57:00 +0900",2026-09-16 10:10:37
게임/엔터,콘텐츠 수출,제 26회 파라과이 유통·소비재 박람회 EXPO CAPASU 2026 참관기,"화장품 수출은 약 600만 달러로 전년 대비 약 3배 증가했으며, 양념류는 30.2%, 커피류는 22.3%, 빵 제조용 재료는 20.3% 증가했다. K-드라마와 영화 등 한국 문화 콘텐츠의 확산과 함께 한식당 신규 개업과 일반... ",http://dream.kotra.or.kr/kotranews/cms/news/actionKotraBoardDetail.do?SITE_NO=3&MENU_ID=110&CONTENTS_NO=1&bbsGbn=245&bbsSn=245&pNttSn=244162,http://dream.kotra.or.kr/kotranews/cms/news/actionKotraBoardDetail.do?SITE_NO=3&MENU_ID=110&CONTENTS_NO=1&bbsGbn=245&bbsSn=245&pNttSn=244162,"Wed, 16 Sep 2026 09:45:00 +0900",2026-09-16 10:10:37
게임/엔터,콘텐츠 수출,[K스토리] 숏폼·AI로 새 판로 찾는 K-콘텐츠…17개국 기업 서울 집결,"국내에서는 KBS미디어와 MBC, CJ ENM, 스튜디오S, 하이브 등이 해외 기업과 콘텐츠 판매 및 공동제작 방안을 모색했다. 지난해 행사에서는 약 1천357억원 규모의 수출 계약이 성사됐다. 올해도 전시 공간과 비즈니스... ",https://www.yna.co.kr/view/MYH20260916005600371?input=1197m,https://n.news.naver.com/mnews/article/001/0016313669?sid=161,"Wed, 16 Sep 2026 09:45:00 +0900",2026-09-16 10:10:37
게임/엔터,콘텐츠 수출,"림팩스컨설팅, 글로벌써클과 중소기업 글로벌 온라인 판매망 구축 착수","양사는 사업 기획부터 콘텐츠 제작, 해외 광고 운영, 플랫폼 판매 관리까지 수출 전 단계를 연결해 중소기업의 글로벌 시장 진입을 지원할 계획이다. 홍승수 림팩스컨설팅 대표는 “해외진출 전략을 수립하는 데서 그치지... ",http://www.beyondpost.co.kr/view.php?ud=2026091515412169419aeda69934_30,http://www.beyondpost.co.kr/view.php?ud=2026091515412169419aeda69934_30,"Wed, 16 Sep 2026 09:32:00 +0900",2026-09-16 10:10:37
게임/엔터,콘텐츠 수출,"LG유플러스, IBC서 초소형 IPTV 셋톱박스 등 공개... 협력기회 발굴","IBC는 통신사업자, 방송사업자, 콘텐츠 기업, 플랫폼 사업자, 장비 제조사가 참가하는 방송·미디어 분야... 기기·플랫폼 수출은 새로운 수익원 후보로 거론된다. 이번 전시 협력사 중 Amlogic은 셋톱박스와... ",http://www.biztribune.co.kr/news/articleView.html?idxno=359080,http://www.biztribune.co.kr/news/articleView.html?idxno=359080,"Wed, 16 Sep 2026 09:30:00 +0900",2026-09-16 10:10:37
게임/엔터,콘텐츠 수출,"김포시 중소기업, 2억8000만 동남아 거대 시장을 뚫다… 자카르타서 720...",동남아 수출 전초기지를 마련했다. 단순 상담에 그치지 않고 실질적인 현지 계약 체결 가능성을 끌어올린... 한류 콘텐츠 인기 상승과 더불어 고급 한국산 소비재 소비층이 급격히 확대되고 있는 전략 시장이다. 이번... ,https://www.viva100.com/article/20260916500316,https://www.viva100.com/article/20260916500316,"Wed, 16 Sep 2026 09:30:00 +0900",2026-09-16 10:10:37
게임/엔터,콘텐츠 수출,"“이제 ‘추격자’ 아닌 최상위권”…美 유력 매체, 현대차·기아·제네...","리뷰 콘텐츠를 제공하고 있다. 특히, 카버즈는 “현대차 팰리세이드 하이브리드를 시승한 경험을 소개하며... 실제 현대차의 경우 올해 1~7월 미국에 수출한 하이브리드차가 작년 동기 대비 70.1％ 급증한 12만1027대를... ",https://biz.heraldcorp.com/article/10875015?ref=naver,https://n.news.naver.com/mnews/article/016/0002697914?sid=101,"Wed, 16 Sep 2026 09:27:00 +0900",2026-09-16 10:10:37
게임/엔터,콘텐츠 수출,K팝 공연 끝나도 소비는 계속…음원 넘어 영화·웹툰 수출까지 '연결',해외 투어를 단순한 티켓 판매가 아닌 K콘텐츠 수출의 현지 거점으로 활용할 필요가 있다는 제언이 나온다. 한국문화관광연구원은 이 같은 내용을 담은 콘텐츠산업 동향 브리프 제5호 'K팝 해외공연과 콘텐츠 수출의... ,https://www.ajunews.com/view/20260916091016448,https://www.ajunews.com/view/20260916091016448,"Wed, 16 Sep 2026 09:12:00 +0900",2026-09-16 10:10:37
게임/엔터,콘텐츠 수출,"림팩스컨설팅·글로벌써클, 중소기업 해외 진출 지원 협약 체결","이번 협약은 중소기업과 소상공인의 해외시장 안착과 수출 확대를 돕기 위해 양사의 사업 영역을 결합하는... 이를 바탕으로 양사는 기업 진단부터 해외 브랜드 콘텐츠 제작, 광고 집행, 온라인 플랫폼 입점과 운영에... ",http://www.lawissue.co.kr/view.php?ud=202609151538398499aeda69934_12,http://www.lawissue.co.kr/view.php?ud=202609151538398499aeda69934_12,"Wed, 16 Sep 2026 09:02:00 +0900",2026-09-16 10:10:37
게임/엔터,콘텐츠 수출,나상천 ‘어느 멋진 도망’ 인세 600만원 기부…러시아 판권도 수출,"책을 기반으로 한 콘텐츠 확장도 진행 중이다. 나 작가는 원작을 뮤지컬 ‘까미난떼’로 개발하고 있으며 직접 극작과 연출, 넘버 작곡을 맡았다. 정식 공연에 앞서 19일 서울 강남구 백암아트홀에서 오픈 리허설을... ",https://sports.donga.com/ent/article/all/20260916/134677567/1,https://m.entertain.naver.com/article/382/0001294267,"Wed, 16 Sep 2026 08:45:00 +0900",2026-09-16 10:10:37
게임/엔터,콘텐츠 수출,중견련 회장의 친필 영입…&quot;K-브랜드 이끄는 중견기업 힘 모아야&quot;,중소벤처기업부는 이달 'K-수출전략품목 육성사업' 지원 대상에 뷰티·패션·라이프·푸드 분야 188개사를 선정했다. 중견련은 K-브랜드 기업을 비롯해 소비재·첨단 제조업·콘텐츠·서비스업 전반으로 회원사 저변을... ,https://www.news1.kr/industry/sb-founded/6291863,https://n.news.naver.com/mnews/article/421/0009172761?sid=101,"Wed, 16 Sep 2026 08:37:00 +0900",2026-09-16 10:10:37
게임/엔터,콘텐츠 수출,인피니트헬스케어 654억 배당에 上…삼익제약 주목[바이오맥짚기],이 기사는 2026년09월15일 08시30분에 팜이데일리 프리미엄 콘텐츠로 선공개 되었습니다. 14일 제약바이오... 제테마(216080)는 태국으로의 톡신 수출 이에 따른 실적 상승 기대감이 반영되면서 주가가 상승한 것으로... ,https://www.edaily.co.kr/News/Read?newsId=02692886645580776&mediaCodeNo=257&utm_source=naver&utm_medium=referral&utm_campaign=news_syndication&utm_content=original_article,https://n.news.naver.com/mnews/article/018/0006370114?sid=101,"Wed, 16 Sep 2026 08:32:00 +0900",2026-09-16 10:10:37
게임/엔터,콘텐츠 수출,[LIG D&amp;A 50년-76] K-방산 일군 구본상 회장의 뚝심과 전략,"천궁-Ⅱ 수출 과정을 살펴보면 구본상 LIG그룹 회장의 이름이 반복해서 등장한다. LIG그룹에 따르면... 이와 함께 높아진 대외 위상에 걸맞게 해외 전시회 참가 범위를 넓히고, 전시 콘텐츠의 질적 변화도 선도해... ",https://www.thebigdata.co.kr/view.php?ud=202609151632063021570d99e4c8_23,https://www.thebigdata.co.kr/view.php?ud=202609151632063021570d99e4c8_23,"Wed, 16 Sep 2026 08:14:00 +0900",2026-09-16 10:10:37
게임/엔터,콘텐츠 수출,"나상천 ‘어느 멋진 도망’, 러시아 판권 수출",K팝 기획자이자 소설가 나상천 작가의 ‘어느 멋진 도망’이 러시아 판권 수출에 성공했다. 나 작가는 인세... 원작을 활용한 콘텐츠 확장도 진행 중이다. 현재 ‘어느 멋진 도망’을 원작으로 한 뮤지컬 ‘까미난떼’를... ,https://www.bntnews.co.kr/article/view/bnt202609160092,https://www.bntnews.co.kr/article/view/bnt202609160092,"Wed, 16 Sep 2026 08:10:00 +0900",2026-09-16 10:10:37
게임/엔터,콘텐츠 수출,"K-게임, 'TGS 2026' 총출동…'신작 시연·IP 체험' 앞세워 일본시장 공략...",한국콘텐츠진흥원 역시 TGS에서 해외 이용자 평가(FGT)를 이어가며 K-게임의 현지 시장 적합성을 높인다는 계획이다. 이는 국내 게임업계가 일본 시장을 단순 수출 대상이 아니라 출시 전 검증과 이용자 소통이 동시에... ,https://www.youthdaily.co.kr/news/article.html?no=227129,https://www.youthdaily.co.kr/news/article.html?no=227129,"Wed, 16 Sep 2026 08:00:00 +0900",2026-09-16 10:10:37
게임/엔터,콘텐츠 수출,3년 적자 단숨에 지운 붉은사막…펄어비스 새 기록 쓴다,김대일 펄어비스 의장은 최근 검은사막과 붉은사막을 통해 K게임의 수출 경쟁력과 국내 게임산업 발전에 기여한 공로로 '2026 대한민국 콘텐츠대상' 정부포상 추천 후보에 올랐다. 한 게임업계 관계자는 &quot;붉은사막은... ,https://www.newsway.co.kr/news/view?ud=2026091516154671567,https://www.newsway.co.kr/news/view?ud=2026091516154671567,"Wed, 16 Sep 2026 07:10:00 +0900",2026-09-16 10:10:37
게임/엔터,콘텐츠 수출,"[더벨]비댁스, 원화스테이블코인 'KRW1' 영토 확장 속도","한국인의 해외 여행·유학 등과 같은 아웃바운드 소비, 콘텐츠·게임 등 크리에이터 대상 글로벌 정산, 해외... 협업은 수출기업이 해외 바이어로부터 대금을 USDT, USDC 등 스테이블코인으로 수취하고 이를 원화로... ",https://www.thebell.co.kr/free/content/ArticleView.asp?key=202609151419576600108752,https://www.thebell.co.kr/free/content/ArticleView.asp?key=202609151419576600108752,"Wed, 16 Sep 2026 07:02:00 +0900",2026-09-16 10:10:37
자동차/모빌리티,자동차 주가,"[해외브리핑] EU의회, CBAM 긴급 면제 조항 삭제 추진",트럼프 행정부는 캘리포니아주가 전기차 판매를 의무화할 수 있는 권한을 제한하기 위해 다각적인 조치를 추진하고 있다. EPA와 의회는 자동차 제조업체가 휘발유 차량과 트럭을 더 많이 판매할 수... ,https://www.esgeconomy.com/news/articleView.html?idxno=16745,https://www.esgeconomy.com/news/articleView.html?idxno=16745,"Wed, 16 Sep 2026 09:30:00 +0900",2026-09-16 10:10:38
자동차/모빌리티,자동차 주가,[중국 특징주] MLCC 수요 확대 속 해외업체 잇단 증설 신호…中 테마주...,"이는 스마트폰의 약 30배, 자동차의 약 3배에 해당한다. 특히 엔비디아의 NVL72 랙 한 대에는 약 44만개의... MLCC용 유전체 분말 업체인 국자재료(國瓷材料∙SINOCERA 300285.SZ)는 최근 2거래일간 주가가 8% 넘게... ",https://www.newspim.com/news/view/20260916000248,https://www.newspim.com/news/view/20260916000248,"Wed, 16 Sep 2026 09:29:00 +0900",2026-09-16 10:10:38
자동차/모빌리티,자동차 주가,DB증권 “BOJ 금리인상에 엔화 강세...자동차주 반등 가능”,투자 전략과 관련해서는 “엔화와 자동차주가 동시에 강세를 보이는 시점에 매수한 뒤 두 변수의 동행 흐름이 약해지거나 자동차주가 박스권 상단에 도달했을 때 수익을 실현하는 방식으로 수익률을 높일 수 있다”고... ,https://www.youthdaily.co.kr/news/article.html?no=227146,https://www.youthdaily.co.kr/news/article.html?no=227146,"Wed, 16 Sep 2026 09:02:00 +0900",2026-09-16 10:10:38
자동차/모빌리티,자동차 주가,[굿모닝! 글로벌 뉴욕증시] 10년물 5%·WTI 105달러…FOMC 앞두고 금리 공...,"통신서비스, 보험, 산업서비스, 자동차, 금속·광업, 경기관련 소비재, 소프트웨어·IT서비스, 은행... 종목별로는 마이크로소프트(-1.64%), 애플(-0.52%), 알파벳A(-1.26%), 아마존(-2.02%), 테슬라(-0.67%) 등 대형 기술주가... ",https://www.newsquest.co.kr/news/articleView.html?idxno=300987,https://www.newsquest.co.kr/news/articleView.html?idxno=300987,"Wed, 16 Sep 2026 08:22:00 +0900",2026-09-16 10:10:38
자동차/모빌리티,자동차 주가,DB증권 &quot;엔화 제한적 강세 예상…자동차 주가 반등 동력&quot;,하지만 주식시장이 박스권에 놓인 상태에서 엔화의 제한적 강세라는 동력은 자동차 주가 반등에 일부나마 역할을 할 것&quot;이라고 예상했다. 이어 &quot;더욱이 현재 시점에서 자동차에 대한 투자자들 관심은 낮아진 상태다.... ,https://www.yna.co.kr/view/AKR20260916021500008?input=1195m,https://n.news.naver.com/mnews/article/001/0016313405?sid=101,"Wed, 16 Sep 2026 08:06:00 +0900",2026-09-16 10:10:38
자동차/모빌리티,자동차 주가,[GAM]에어택시 선두 주자 ACHR ① 내년 상용화와 턴어라운드 청신호,아처 애비에이션은 글로벌 자동차 제조업체 스텔란티스(STLA)와 협업해 기존 자동차 공장의 대량 생산 역량을 적극 이식받는 전략을 취하는 반면 조비 애비에이션은 일본 토요타 자동차와 협업하며 기체 부품... ,https://www.newspim.com/news/view/20260915000739,https://www.newspim.com/news/view/20260915000739,"Wed, 16 Sep 2026 08:00:00 +0900",2026-09-16 10:10:38
자동차/모빌리티,자동차 주가,현대차·카카오 개미들 비명인데 왜…거래대금 가뭄 속 추천주,"특히 현대차(005380)와 현대모비스(012330), 기아(000270) 등 자동차주가 현재 시장 환경에서 상대적으로 유리하다는 평가다. 이경수 하나증권 연구원은 16일 보고서에서 “시장이 종목을 고르지 않으니 선별을 전제로 한... ",https://www.edaily.co.kr/News/Read?newsId=02584646645580776&mediaCodeNo=257&utm_source=naver&utm_medium=referral&utm_campaign=news_syndication&utm_content=original_article,https://n.news.naver.com/mnews/article/018/0006370090?sid=101,"Wed, 16 Sep 2026 07:59:00 +0900",2026-09-16 10:10:38
자동차/모빌리티,자동차 주가,석유 최고가격제 6개월…유가·수송 불안에 향방 불투명,"동서 송유관은 사우디 동부 원유를 홍해 연안 얀부항으로 보내는 핵심 우회 수송로로, 복구에는 수 주가... 이덕환 서강대 화학·과학커뮤니케이션 명예교수는 “휘발유와 경유는 연산품”이라며 “자동차의 원가처럼... ",https://www.g-enews.com/view.php?ud=20260915134555106724debea800_1,https://www.g-enews.com/view.php?ud=20260915134555106724debea800_1,"Wed, 16 Sep 2026 07:44:00 +0900",2026-09-16 10:10:38
자동차/모빌리티,자동차 주가,"현대차, 자율주행에 '자원 집중'…로봇 사업 전략적 투자자와 협력","목표주가는 3분기 파업과 원화 강세에 따른 실적 둔화 영향을 반영해 기존 60만원에서 50만원으로 하향했다. 현대차는 완성차 제조와 판매를 주력으로 하는 자동차 기업이다. 최근에는 자율주행과 로봇, 데이터센터... ",http://www.newsprime.co.kr/news/article.html?no=747848,http://www.newsprime.co.kr/news/article.html?no=747848,"Wed, 16 Sep 2026 07:28:00 +0900",2026-09-16 10:10:38
자동차/모빌리티,자동차 주가,"기아, 쌓이는 현금 활용처 주목…로봇·신사업 투자 '갈림길'",목표주가는 중국 전기차 업체와의 가격 경쟁 심화와 원화 강세에 따른 실적 영향을 반영해 기존 21만원에서 17만원으로 하향했다. 기아는 완성차 제조와 판매를 주력으로 하는 자동차 기업이다. 다양한 파워트레인을... ,http://www.newsprime.co.kr/news/article.html?no=747847,http://www.newsprime.co.kr/news/article.html?no=747847,"Wed, 16 Sep 2026 07:26:00 +0900",2026-09-16 10:10:38
자동차/모빌리티,자동차 주가,"[더벨][유증&amp;디테일] 엣지파운드리, 높은 금감원 허들에 증자 '글쎄'",금융당국의 문턱을 넘더라도 주가 하락과 낮아진 기업가치를 고려하면 500억원이 넘는 일반공모를 소화하기... 엣지파운드리는 당초 자동차용 센서 제조를 주 사업으로 영위하고 있었지만 외형 확장을 위해 사업... ,https://www.thebell.co.kr/free/content/ArticleView.asp?key=202609151416258360107553,https://www.thebell.co.kr/free/content/ArticleView.asp?key=202609151416258360107553,"Wed, 16 Sep 2026 07:02:00 +0900",2026-09-16 10:10:38
자동차/모빌리티,전기차 산업,"KGM, 무쏘 EV 20대 파라과이 공급…ODA로 공공시장 공략","간담회에는 황기영 KGM 대표이사와 권용일 개발·생산 부문장, 하비에르 비베로스 파라과이 산업부 차관, 양정직 한국자동차연구원장 등이 참석했다. 참석자들은 전기차를 비롯한 KGM의 최신 기술 동향을 공유하고 협력... ",https://www.fnnews.com/news/202609161004216525,https://n.news.naver.com/mnews/article/014/0005576530?sid=101,"Wed, 16 Sep 2026 10:07:00 +0900",2026-09-16 10:10:39
자동차/모빌리티,전기차 산업,"에너지공단, 친환경차 검증 시험동 준공식 개최","에너지공단은 15일 충청북도 진천군에 위치한 공단 자동차연비센터에서 산업부, 충북도 및 진천군, 자동차... 조성됐으며, 전기차와 수소전기차 등을 시험할 수 있는 승용차·상용차 전용 시험실 2개를 갖췄다. 각 시험실은... ",http://mcnews.co.kr/86639,http://mcnews.co.kr/86639,"Wed, 16 Sep 2026 10:06:00 +0900",2026-09-16 10:10:39
자동차/모빌리티,전기차 산업,“파라과이에 무쏘 EV 20대 공급”…파라과이 산업부 차관 KGM 방문,정부기관 등의 시범 운행을 발판으로 중남미 전기차 시장에서 판매 경로를 확대한다는 계획이다. KGM은 산업통상부 초청 연수 프로그램으로 방한한 파라과이 산업부 차관과 정부·기관 대표단이 지난 15일 평택공장을... ,https://www.mk.co.kr/article/12153980,https://n.news.naver.com/mnews/article/009/0005735880?sid=103,"Wed, 16 Sep 2026 10:05:00 +0900",2026-09-16 10:10:39
자동차/모빌리티,전기차 산업,"&quot;'20만대 생산' 지커 7X, 글로벌 50개국 누볐다…한국 예약도 1500대 돌파...","중국 전기차 지커가 중국 저장성 닝보에 위치한 지커 인텔리전트 팩토리에서 중형 전기 SUV 7X의 20만번째... 지커 인텔리전트 팩토리는 5G, AI, 산업용 빅데이터 등 첨단 제조 공정을 통합한 '다크 팩토리(Dark Factory)... ",https://www.jnilbo.com/news/articleView.html?idxno=90000065950,https://www.jnilbo.com/news/articleView.html?idxno=90000065950,"Wed, 16 Sep 2026 10:05:00 +0900",2026-09-16 10:10:39
자동차/모빌리티,전기차 산업,"KGM, '무쏘 EV'로 중남미 수출길 넓힌다",KGM은 산업통상부 ODA 전기차 시범 보급 사업의 일환으로 파라과이에 무쏘 EV 20대를 공급한다고 16일 밝혔다. 이번 사업은 산업부가 파라과이에 자동차부품 TASK 센터 건립 등을 지원하는 사업이다. 한국자동차연구원은... ,http://www.hansbiz.co.kr/news/articleView.html?idxno=865686,http://www.hansbiz.co.kr/news/articleView.html?idxno=865686,"Wed, 16 Sep 2026 10:02:00 +0900",2026-09-16 10:10:39
자동차/모빌리티,전기차 산업,"지커코리아, 7X 글로벌 누적 생산 20만 대 돌파","5G, AI, 산업용 빅데이터 등 첨단 제조 공정과 기술을 완벽히 통합해 인간의 개입을 최소화한 ‘다크... 시장 데뷔 단 25일 만에 인도량 1만 대를 돌파하며 럭셔리 전기차 부문 최단기간 인도 기록을 세웠다. 2025년 5월... ",http://autotimes.co.kr/detail.php?number=689185&thread=27,http://autotimes.co.kr/detail.php?number=689185&thread=27,"Wed, 16 Sep 2026 10:02:00 +0900",2026-09-16 10:10:39
자동차/모빌리티,전기차 산업,"KGM, 파라과이에 무쏘 EV 20대 공급…정부 ODA 사업 참여",KGM은 산업통상협력개발지원사업(ODA)의 일환으로 파라과이에 시범 보급되는 전기차로 무쏘 EV 20대를 공급한다. 파라과이 정부는 해당 차량을 정부 기관 등에 배치해 승객 운송과 화물 운송에 시범 운영할 계획이다.... ,https://www.wolyo.co.kr/news/articleView.html?idxno=317855,https://www.wolyo.co.kr/news/articleView.html?idxno=317855,"Wed, 16 Sep 2026 10:00:00 +0900",2026-09-16 10:10:39
자동차/모빌리티,전기차 산업,"KGM, 파라과이에 '무쏘 EV' 공급…현지 사절단 평택 공장 방문","파라과이 산업부 차관 하비에르 비베로스와 한국자동차연구원(한자연) 양정직 연구원장 등이 참석했으며, 전기차 등 KGM의 최신 기술 동향을 청취하고 협력 방안을 논의했다. 사절단 일행은 간담회 후 생산라인 투어와... ",https://www.edaily.co.kr/News/Read?newsId=02968406645580776&mediaCodeNo=257&utm_source=naver&utm_medium=referral&utm_campaign=news_syndication&utm_content=original_article,https://n.news.naver.com/mnews/article/018/0006370186?sid=101,"Wed, 16 Sep 2026 10:00:00 +0900",2026-09-16 10:10:39
자동차/모빌리티,전기차 산업,"KGM, 파라과이에 '무쏘 EV' 20대…중남미 공략 교두보",차량 운행 자료는 현지 전기차 보급과 관련 산업 생태계 조성에 활용된다. 이번 차량 공급은 파라과이 자동차부품 TASK센터 건립 사업과 연계해 진행된다. 사업 주관기관인 한국자동차연구원은 센터 조성과 운영을... ,https://www.newsquest.co.kr/news/articleView.html?idxno=301016,https://www.newsquest.co.kr/news/articleView.html?idxno=301016,"Wed, 16 Sep 2026 09:58:00 +0900",2026-09-16 10:10:39
자동차/모빌리티,전기차 산업,"지커 7X, 누적 생산 20만대 돌파…한국 사전예약 1500대 넘어","사진=지커 중국 전기차 브랜드 지커(Zeekr)의 중형 전기 스포츠유틸리티차량(SUV) 7X가 출시 약 2년 만에 누적... 5G와 인공지능(AI), 산업용 빅데이터 등을 생산 공정에 활용하며, 지커는 사람의 개입을 최소화한 '다크... ",https://www.businessplus.kr/news/articleView.html?idxno=116908,https://www.businessplus.kr/news/articleView.html?idxno=116908,"Wed, 16 Sep 2026 09:56:00 +0900",2026-09-16 10:10:39
자동차/모빌리티,전기차 산업,"KGM, 파라과이에 무쏘 EV 20대 공급…전기차 협력 확대",파라과이 산업부 차관과 정부 및 기관 대표단 등 사절단 일행이 평택공장을 방문했다고 16일 밝혔다. 지난 15일 평택본사에서 진행된 간담회에는 전기차 등 KGM의 최신 기술 동향 및 협력 방안을 논의했다. 이 자리에는... ,https://www.smarttoday.co.kr/ko-kr/articles/111663,https://www.smarttoday.co.kr/ko-kr/articles/111663,"Wed, 16 Sep 2026 09:54:00 +0900",2026-09-16 10:10:39
자동차/모빌리티,전기차 산업,한국서 1500대 예약된 지커 7X…글로벌 생산 20만대 넘겼다,"중국 전기차 브랜드 지커의 중형 전기 SUV '7X'가 누적 생산 20만대를 넘어섰다. 한국에서도 사전계약... 차량을 생산하는 지커 인텔리전트 팩토리는 5세대 이동통신과 인공지능, 산업용 빅데이터 기술을 생산 공정에... ",https://www.dailian.co.kr/news/view/1691001/?sc=Naver,https://n.news.naver.com/mnews/article/119/0003133200?sid=101,"Wed, 16 Sep 2026 09:54:00 +0900",2026-09-16 10:10:39
자동차/모빌리티,전기차 산업,"KGM, 파라과이에 무쏘 EV 20대 공급","이날 평택본사에서 열린 간담회에는 황기영 KGM 대표이사와 권용일 개발&amp;생산 부문장, 하비에르 비베로스 파라과이 산업부 차관, 양정직 한국자동차연구원 연구원장 등이 참석했다. 참석자들은 KGM의 전기차를 비롯한... ",https://economist.co.kr/article/view/ecn202609160009,https://n.news.naver.com/mnews/article/243/0000103134?sid=103,"Wed, 16 Sep 2026 09:52:00 +0900",2026-09-16 10:10:39
자동차/모빌리티,전기차 산업,"KG모빌리티, 무쏘 EV 타고 중남미 공략…파라과이에 20대 공급",산업통상부가 추진하는 파라과이 전기차 보급 사업에 참여해 중남미 공공 전기차 시장의 가능성을 살피겠다는 구상이다. KG모빌리티는 산업통상부 초청 연수 프로그램으로 방한한 파라과이 정부·기관 사절단이 지난... ,https://www.dailian.co.kr/news/view/1690994/?sc=Naver,https://n.news.naver.com/mnews/article/119/0003133199?sid=101,"Wed, 16 Sep 2026 09:51:00 +0900",2026-09-16 10:10:39
자동차/모빌리티,전기차 산업,"현대차, 제주 그린수소 포럼서 재생에너지·수소 연계 방안 제시",또한 현대차그룹은 '청정수소 수요시장 확대 전략: 저탄소 전력에서 산업·모빌리티까지' 세션에서 'FCEV 기반 도시 모빌리티 회복탄력성 전략'을 주제로 발표했다. 발표에서는 배터리전기차(BEV)와 수소전기차(FCEV)의... ,https://www.handmk.com/news/articleView.html?idxno=43234,https://www.handmk.com/news/articleView.html?idxno=43234,"Wed, 16 Sep 2026 09:48:00 +0900",2026-09-16 10:10:39
자동차/모빌리티,전기차 산업,"KGM, 파라과이에 '무쏘 EV' 20대 공급…정부 ODA 사업 참여","이날 간담회에는 황기영 KGM 대표이사와 권용일 개발&amp;생산 부문장, 하비에르 비베로스 파라과이 산업부 차관, 양정직 한국자동차연구원장 등이 참석해 전기차 기술 동향과 협력 방안을 논의했다. 대표단은 생산라인과... ",https://www.gpkorea.com/news/articleView.html?idxno=146757,https://www.gpkorea.com/news/articleView.html?idxno=146757,"Wed, 16 Sep 2026 09:48:00 +0900",2026-09-16 10:10:39
자동차/모빌리티,전기차 산업,"지커 7X, 생산 20만대 돌파…한국선 1500대 사전예약","중국 전기차 브랜드 지커(Zeekr)의 중형 전기 스포츠유틸리티차(SUV) 7X가 누적 생산 20만대를 넘어섰다.... 5G와 인공지능(AI), 산업용 빅데이터 등을 생산 공정에 적용해 사람의 개입을 최소화한 ‘다크 팩토리(Dark... ",https://economist.co.kr/article/view/ecn202609160005,https://n.news.naver.com/mnews/article/243/0000103131?sid=103,"Wed, 16 Sep 2026 09:47:00 +0900",2026-09-16 10:10:39
자동차/모빌리티,전기차 산업,"KGM, 파라과이에 무쏘 EV 공급…사절단 평택 공장 방문","파라과이 산업부 차관 하비에르 비베로스(Mr.Javier Viveros)와 한국자동차연구원 양정직 연구원장 등이 참석했으며, 전기차 등 KGM의 최신 기술 동향을 청취하고 협력 방안을 논의했다. 사절단 일행은 간담회 후... ",https://view.asiae.co.kr/article/2026091609440704638,https://n.news.naver.com/mnews/article/277/0005816983?sid=103,"Wed, 16 Sep 2026 09:44:00 +0900",2026-09-16 10:10:39
자동차/모빌리티,전기차 산업,"중앙아 핵심광물 '탐사에서 개발로'···KIGAM, 카자흐·우즈벡 협력","KIGAM에 따르면 전기차 약 330만대의 배터리에 사용할 수 있는 규모다. 다만 이 수치는 현재 단계에서 탐사를... 양국 산업계 확산, 한국과 우즈베키스탄 기업의 핵심광물 개발 협력 등을 추진한다. KIGAM은 지난해부터... ",https://www.energy-news.co.kr/news/articleView.html?idxno=228221,https://www.energy-news.co.kr/news/articleView.html?idxno=228221,"Wed, 16 Sep 2026 09:36:00 +0900",2026-09-16 10:10:39
자동차/모빌리티,모빌리티 시장,"대구시, 서대구역에 UAM 버티포트 입지 선정…'공공형 시범사업' 본격화",추경호 대구시장은 &quot;UAM은 미래 모빌리티의 핵심 분야&quot;라며 &quot;우수한 교통 접근성을 기반으로 전국 최초 시범운용구역 지정을 이끌어내 미래 도심항공 산업의 주도권을 선점하겠다&quot;고 밝혔다. 대구시는 이번 시범사업을... ,https://www.pennmike.com/news/articleView.html?idxno=127879,https://www.pennmike.com/news/articleView.html?idxno=127879,"Wed, 16 Sep 2026 10:02:00 +0900",2026-09-16 10:10:39
자동차/모빌리티,모빌리티 시장,제주 그린수소·분산에너지 포럼 개막…탄소중립 조기 달성 ‘속도’,이를 모빌리티에 연계하며 청정수소 생태계 구현의 모범 사례가 되고 있다&quot;며 “정부 역시 청정수소 공급... 전력시장 혁신 △국제 공동연구 △분산에너지 등 에너지 전환의 주요 과제를 폭넓게 다룬다. 오는 16일에는... ,https://www.ekn.kr/web/view.php?key=20260916029455082,https://www.ekn.kr/web/view.php?key=20260916029455082,"Wed, 16 Sep 2026 10:02:00 +0900",2026-09-16 10:10:39
자동차/모빌리티,모빌리티 시장,"탄소중립, 선언 넘어 성장전략으로…'2026 국제기후포럼'","참석자들은 기후외교를 에너지 안보와 공급망, 탄소시장까지 아우르는 종합 국가전략으로 발전시켜야 한다는 데 의견을 모았습니다. 아울러 재생에너지와 청정수소, 친환경 모빌리티 등 녹색 혁신기술을 미래 핵심... ",http://mbn.mk.co.kr/pages/news/newsView.php?category=mbn00007&news_seq_no=5219510,https://n.news.naver.com/mnews/article/057/0001969246?sid=103,"Wed, 16 Sep 2026 10:01:00 +0900",2026-09-16 10:10:39
자동차/모빌리티,모빌리티 시장,"스틸리언, 인니 이통사 '텔콤셀'에 모바일 앱 보안 솔루션 공급",Finance)'와 모빌리티 기업 '블루버드(Bluebird)'에 앱수트를 공급한 바 있다. 홍혁재 스틸리언 인도네시아 법인장은 &quot;인도네시아는 글로벌 보안기업이 적극 경쟁하는 시장이게 현지에서 기술력을 꾸준히 입증하는... ,https://www.itdaily.kr/news/articleView.html?idxno=241641,https://www.itdaily.kr/news/articleView.html?idxno=241641,"Wed, 16 Sep 2026 10:00:00 +0900",2026-09-16 10:10:39
자동차/모빌리티,모빌리티 시장,"현대차그룹, 제주서 수소 모빌리티 역할 공유…&quot;청정에너지 협력&quot;",현대차그룹은 15일 '청정수소 수요시장 확대 전략: 저탄소 전력에서 산업·모빌리티까지' 세션에 참가해 &quot;수소전기자동차(FCEV) 기반 도시 모빌리티 회복탄력성 전략&quot;을 주제로 발표를 진행했다. 신승규 현대차그룹... ,https://www.hankyung.com/article/202609167671g,https://n.news.naver.com/mnews/article/015/0005332836?sid=103,"Wed, 16 Sep 2026 09:59:00 +0900",2026-09-16 10:10:39
친환경/신재생,신재생에너지 주가,"[애널픽] 쪼개고 몸값 뛴 한화, 여전히 경쟁사대비 저평가",솔루션의 신재생 에너지 발전 수요와 이라크 공사 재개 가능성이 높아지고 있다는 것. 최 애널리스트는... NAV 대비 할인율은 지주회사 주가가 보유 자산가치에 비해 얼마나 낮게 거래되는지를 나타내는 지표다.... ,https://theviewers.co.kr/View.aspx?No=4229154,https://theviewers.co.kr/View.aspx?No=4229154,"Wed, 16 Sep 2026 09:46:00 +0900",2026-09-16 10:10:40
친환경/신재생,신재생에너지 주가,"전력망 대호황 타고 신소재까지… LS에코에너지, 밸류체인 판 흔든다",아시아 지역을 중심으로 한 케이블 공급 확대와 희토류 등 신사업에 대한 기대감이 주가에 반영된 것으로... 전기장비 업종은 AI 데이터센터 확대와 전기차·신재생에너지 보급 등에 따른 전력 수요 증가로 중장기적인... ,https://www.pinpointnews.co.kr/news/articleView.html?idxno=487430,https://www.pinpointnews.co.kr/news/articleView.html?idxno=487430,"Wed, 16 Sep 2026 09:18:00 +0900",2026-09-16 10:10:40
친환경/신재생,신재생에너지 주가,"신재생에너지주, 미국 금리 결정 앞두고 혼조…한화솔루션·HD현대에너...","신재생에너지 관련주가 16일 오전 종목별로 엇갈린 흐름을 보이고 있다. 태양광과 풍력, 전력 인프라 관련 종목의 개별 재료가 주가를 움직이는 가운데 미국 연방준비제도(Fed)의 기준금리 결정을 앞둔 금리... ",https://www.cbci.co.kr/news/articleView.html?idxno=607211,https://www.cbci.co.kr/news/articleView.html?idxno=607211,"Wed, 16 Sep 2026 09:14:00 +0900",2026-09-16 10:10:40
친환경/신재생,신재생에너지 주가,"[모닝 리포트] 한화, 분할 후 몸값 34% 인상…추가 주주환원 땐 할인 축...",이후 신재생에너지 수요 확대 가능성이 실적 개선 요인으로 꼽힌다. 공사가 지연되고 있는 이라크 비스마야 사업 역시 최근 이라크 국가투자위원회 의장과 면담하면서 재개 가능성이 높아졌다고 평가했다. 주가의... ,https://www.newspim.com/news/view/20260916000066,https://www.newspim.com/news/view/20260916000066,"Wed, 16 Sep 2026 08:28:00 +0900",2026-09-16 10:10:40
친환경/신재생,신재생에너지 주가,"“삼성SDI, 73만원 간다”...ESS 실적 개선 기대 [오늘, 이 종목]",강화와 에너지저장장치(ESS) 실적 개선 등을 이유로 삼성SDI 목표주가를 올린 증권사 보고서가 나왔다.... 주 애널리스트는 신재생에너지 정책 강화와 글로벌 신재생에너지 기업 선그로우향 수주 가시성이 높아진... ,https://www.mk.co.kr/article/12153171,https://n.news.naver.com/mnews/article/024/0000108227?sid=101,"Tue, 15 Sep 2026 15:41:00 +0900",2026-09-16 10:10:40
친환경/신재생,신재생에너지 주가,한화솔루션 2만8550원 약보합…美 태양광 정책 수혜 기대 속 숨고르기,한화솔루션 주가의 핵심 변수는 미국 태양광 사업이다. 회사의 신재생에너지 부문인 한화큐셀은 미국 조지아주를 중심으로 태양광 모듈뿐 아니라 잉곳·웨이퍼·셀까지 생산하는 통합 공급망 구축을 추진해왔다.... ,https://www.job-post.co.kr/news/articleView.html?idxno=227651,https://www.job-post.co.kr/news/articleView.html?idxno=227651,"Tue, 15 Sep 2026 15:24:00 +0900",2026-09-16 10:10:40
친환경/신재생,신재생에너지 주가,한화오션 8만2900원으로 3%대 하락…장중 8만1800원까지 밀려,"현재 주가는 장중 저점과 1100원 차이에 그쳐 오후 들어 매도 우위 흐름이 이어지고 있다. 최근... 한화오션 에너지플랜트 사업은 FPSO와 FLNG, 해상 생산설비뿐 아니라 육상 발전과 신재생에너지 분야까지... ",https://www.job-post.co.kr/news/articleView.html?idxno=227625,https://www.job-post.co.kr/news/articleView.html?idxno=227625,"Tue, 15 Sep 2026 14:58:00 +0900",2026-09-16 10:10:40
친환경/신재생,신재생에너지 주가,두산에너빌리티 8만5000원으로 2%대 하락…장중 8만7800원 찍고 약세 전...,"원전과 소형모듈원전(SMR), 가스터빈을 중심으로 글로벌 수주가 이어지고 있지만 주가는 장중 상승분을... 회사는 대형 원전과 SMR, 가스터빈, 신재생에너지를 중심으로 국내외 사업 기회를 확대한다는 전략이다. 특히... ",https://www.job-post.co.kr/news/articleView.html?idxno=227603,https://www.job-post.co.kr/news/articleView.html?idxno=227603,"Tue, 15 Sep 2026 14:04:00 +0900",2026-09-16 10:10:40
친환경/신재생,신재생에너지 주가,AI 데이터센터 전력난에 SOFC株 뜬다… SFA·LS머트리얼즈 폭등랠리,인공지능(AI) 데이터센터 확대로 전력 수요가 급증하면서 고체산화물 연료전지(SOFC) 관련주가 15일 강세를... 금양그린파워는 신재생에너지와 발전사업을 기반으로 전력 인프라 투자 확대에 따른 관심을 받고 있다.... ,https://www.pinpointnews.co.kr/news/articleView.html?idxno=487154,https://www.pinpointnews.co.kr/news/articleView.html?idxno=487154,"Tue, 15 Sep 2026 13:26:00 +0900",2026-09-16 10:10:40
친환경/신재생,신재생에너지 주가,&quot;전력 없이는 AI도 없다&quot;…전력반도체 관련주 불꽃랠리,"관련주가 강세를 나타내고 있다. 전력반도체는 전압과 전류를 변환하고 제어하는 반도체로 전기차, 산업용 전원장치, 신재생에너지 설비, 데이터센터 등 다양한 분야에 활용된다. 최근에는 전력 효율을 높이는 기술에... ",https://www.pinpointnews.co.kr/news/articleView.html?idxno=487109,https://www.pinpointnews.co.kr/news/articleView.html?idxno=487109,"Tue, 15 Sep 2026 11:00:00 +0900",2026-09-16 10:10:40
친환경/신재생,신재생에너지 주가,‘주가 반등’ 시동 건 배터리 3사… 美 ESS 시장 ‘정조준’,"관련주가 최근 눈에 띄게 반등하고 있다. 글로벌 전기차 시장은 여전히 침체의 늪에 빠져있지만, 인공지능... 등 신재생에너지와 배터리 기반 에너지저장장치(BESS)를 조합하는 것이다. 세계에서 신재생에너지 발전과... ",https://biz.chosun.com/stock/stock_general/2026/09/14/LSW6OR4YEBFWVNNBPAQLN42FZ4/?utm_source=naver&utm_medium=original&utm_campaign=biz,https://n.news.naver.com/mnews/article/366/0001192270?sid=101,"Mon, 14 Sep 2026 15:32:00 +0900",2026-09-16 10:10:40
친환경/신재생,신재생에너지 주가,[패트롤] 전남광주북구-광산구,신재생에너지·권역별 특화사업 등 성과 인정 평두메습지 보전·환경교육으로 탄소중립 실천 확산 북구... 그러면서 “꿈의 '코스피 1만'은 단순히 주가가 오르는 것이 아니라 한국 기업의 이익 가치가 제대로 평가받을 때... ,https://www.ekn.kr/web/view.php?key=20260913023594050,https://www.ekn.kr/web/view.php?key=20260913023594050,"Sun, 13 Sep 2026 21:52:00 +0900",2026-09-16 10:10:40
친환경/신재생,신재생에너지 주가,"DB하이텍, 세계 첫 8인치 SiC 일괄공정…주가도 열흘새 21%↑","SiC는 기존 실리콘 대비 고온·고전압 환경에서 우수한 특성을 갖춰 전기차와 신재생에너지, 산업용... DB하이텍 주가는 9월 1~10일 21% 급등해 9만5000원에서 11만5200원까지 올랐다. KB증권은 지난 8일 목표주가를... ",https://www.econovill.com/news/articleView.html?idxno=750637,https://www.econovill.com/news/articleView.html?idxno=750637,"Sun, 13 Sep 2026 14:56:00 +0900",2026-09-16 10:10:40
친환경/신재생,신재생에너지 주가,&quot;전기가 부족하다&quot;…AI 데이터센터가 불붙인 풍력株 투자 열기,"풍력 및 신재생에너지 관련 기대감이 이어지고 있지만 주가는 뚜렷한 방향성을 나타내지 않고 있다. 반면 일부 풍력 기자재와 전력 인프라 관련 종목은 하락세를 보이고 있다. 효성, LS마린솔루션, 대창솔루션, LS, 스페코... ",https://www.pinpointnews.co.kr/news/articleView.html?idxno=486382,https://www.pinpointnews.co.kr/news/articleView.html?idxno=486382,"Sat, 12 Sep 2026 14:00:00 +0900",2026-09-16 10:10:40
친환경/신재생,신재생에너지 주가,[베스트&amp;워스트] 더코디 최대주주 변경에 185% 폭등,"이투데이=서청석 기자 | 이번 주 코스닥 시장은 업종·테마별 수급 쏠림이 심화되며 종목간 주가 변동성이 크게 확대됐다. 인공지능(AI) 반도체 디자인솔루션, 신재생에너지 및 최대주주 변경 운동량을 장착한... ",https://www.etoday.co.kr/news/view/2624665,https://www.etoday.co.kr/news/view/2624665,"Sat, 12 Sep 2026 07:02:00 +0900",2026-09-16 10:10:40
친환경/신재생,신재생에너지 주가,[거래소 기관] 삼성전자 SK하이닉스 셀트리온 SK스퀘어 삼성SDI '폭풍 매...,"이 외에도 두산에너빌리티, 한전기술, 한국전력 등 전력·원자력 관련주와 GS건설(건설), 삼양식품(음식료), KB금융, 삼성화재, DB손해보험 등 금융·보험주, 씨에스윈드(풍력) 등 신재생에너지 관련주가 기관 순매도... ",https://www.pinpointnews.co.kr/news/articleView.html?idxno=486273,https://www.pinpointnews.co.kr/news/articleView.html?idxno=486273,"Fri, 11 Sep 2026 16:06:00 +0900",2026-09-16 10:10:40
친환경/신재생,신재생에너지 주가,[오후장 체크포인트] 9월 하반기가 더 무섭다 코스피 바닥은 어디인가,"유가가 뛰면서, 정유주와 해운주가 강세고요. 또 신재생에너지 관련주들도 상승불을 켜고 있더라고요? 지금 트럼프가 일단, 종전 중간선거 전까진 힘들단 힌트를 줬잖습니까? 그럼 그때까진 이들 섹터, 계속해서 상승할 수... ",https://biz.sbs.co.kr/article_hub/20000334140?division=NAVER,https://n.news.naver.com/mnews/article/374/0000532458?sid=101,"Fri, 11 Sep 2026 14:53:00 +0900",2026-09-16 10:10:40
친환경/신재생,신재생에너지 주가,"가온전선, 23만원대까지 밀렸다 25만3000원 회복…AI 전력망 기대에 반등",데이터센터·신재생에너지 사업에서 캐나다 공공 전력망으로 고객 기반을 넓힌 것이다. 회사는 올해 북미 매출이 전년보다 약 50% 증가할 것으로 보고 있다. 이 소식이 공개된 9일 가온전선 주가는 26만5500원으로... ,https://www.job-post.co.kr/news/articleView.html?idxno=227186,https://www.job-post.co.kr/news/articleView.html?idxno=227186,"Fri, 11 Sep 2026 14:48:00 +0900",2026-09-16 10:10:40
친환경/신재생,신재생에너지 주가,신재생에너지주 장중 엇갈려…SK이터닉스 강세·대명에너지 상승,"11일 장중 신재생에너지 관련주가 종목별로 엇갈린 흐름을 보이고 있다. SK이터닉스와 대명에너지, 다스코 등이 상승하는 반면 한화솔루션과 HD현대에너지솔루션, OCI홀딩스, 신성이엔지 등은 약세를... ",https://www.cbci.co.kr/news/articleView.html?idxno=605894,https://www.cbci.co.kr/news/articleView.html?idxno=605894,"Fri, 11 Sep 2026 10:10:00 +0900",2026-09-16 10:10:40
친환경/신재생,태양광 산업,"SK이노, 'WCE 2026'서 AI 시대 통합 에너지 솔루션 공개",16일 SK이노베이션에 따르면 금일부터 오는 18일까지 부산 해운대구 벡스코에서 열리는 '2026 기후산업국... 3GW 규모의 글로벌 파이프라인과 베트남 등 동남아시아 태양광·풍력 사업을 소개한다. 작년 5월... ,https://www.1conomynews.co.kr/news/articleView.html?idxno=50427,https://www.1conomynews.co.kr/news/articleView.html?idxno=50427,"Wed, 16 Sep 2026 10:08:00 +0900",2026-09-16 10:10:41
친환경/신재생,태양광 산업,부산서 세계 탈탄소를 논의하다…2026 기후산업국제박람회,"기후 산업 수요자 중심의 기후 솔루션 플랫폼 등으로 구성된다. 특히 시는 박람회 첫 날인 16일 오후 벡스코 제1전시장에서 'NEXT Solar 부산' 콘퍼런스를 '지상에서 우주까지, 차세대 태양광 혁신 전략'이란 주제로 연다.... ",https://www.fnnews.com/news/202609161000339623,https://n.news.naver.com/mnews/article/014/0005576525?sid=103,"Wed, 16 Sep 2026 10:04:00 +0900",2026-09-16 10:10:41
친환경/신재생,태양광 산업,"BGF리테일, 업계 최대 규모 부산 물류센터 준공…2600억 투자",BGF리테일은 16일 부산 강서구 구랑동 부산 국제산업물류도시에서 부산 물류센터 준공식을 개최하고... 연간 최대 2700메가와트시(MWh)의 전력을 생산할 수 있는 태양광 발전 시설도 설치했다. BGF리테일은 센터 운영을... ,https://www.kmib.co.kr/article/view.asp?arcid=9000012523&cp=nv,https://n.news.naver.com/mnews/article/005/0001873267?sid=101,"Wed, 16 Sep 2026 10:04:00 +0900",2026-09-16 10:10:41
친환경/신재생,태양광 산업,지붕 햇빛 팔아 노후 산단 고친다…시흥형 태양광 발전 주목,"시흥 오이도 스틸랜드에 수도권 최대 규모의 산업단지 지붕형 태양광 발전시설이 들어섰다. 민간 투자로 재생에너지를 생산하는 데 그치지 않고, 발전 수익을 산업단지에 다시 투자하는 새로운 상생 모델이 시작됐다.... ",https://www.nocutnews.co.kr/news/6578853?utm_source=naver&utm_medium=article&utm_campaign=20260916100217,https://n.news.naver.com/mnews/article/079/0004189846?sid=102,"Wed, 16 Sep 2026 10:03:00 +0900",2026-09-16 10:10:41
친환경/신재생,태양광 산업,2600억원 투입한 '업계 최대' BGF리테일 부산 물류센터 … 영남권 배송·...,16일 BGF리테일에 따르면 이날 부산 강서구 구랑동 부산 국제산업물류도시에 건립한 부산 물류센터의... 한편 센터에는 연간 최대 2700메가와트시(MWh)의 전력을 생산할 수 있는 태양광 발전 시설을 설치했다. BGF리테일은... ,https://biz.newdaily.co.kr/site/data/html/2026/09/16/2026091600054.html,https://biz.newdaily.co.kr/site/data/html/2026/09/16/2026091600054.html,"Wed, 16 Sep 2026 10:00:00 +0900",2026-09-16 10:10:41
친환경/신재생,태양광 산업,"[Invest&amp;Law]광장, 아시아 리걸 어워즈 국내 로펌 '최다 수상'","ESG 분야 올해의 딜은 광장 프로젝트·에너지팀과 환경팀 등 ESG 그룹이 태평 염전 태양광발전소 건의 자문을 수행한 공로를 인정받은 결과다. 광장 ESG 그룹은 환경, 산업안전, 신재생에너지, 컴플라이언스, 기업자문... ",https://view.asiae.co.kr/article/2026091509232312384,https://n.news.naver.com/mnews/article/277/0005817006?sid=102,"Wed, 16 Sep 2026 10:00:00 +0900",2026-09-16 10:10:41
친환경/신재생,태양광 산업,"[유통브리핑] BGF리테일, 부산 물류센터 가동 외",BGF리테일은 부산 강서구 국제산업물류도시에 부산 물류센터를 준공하고 부산·영남권 물류 경쟁력 강화에... 규모의 태양광 발전 시설도 구축했다. 국토교통부 스마트물류센터 예비인증 1등급도 획득했다. 쿠팡이츠... ,https://www.seoulfn.com/news/articleView.html?idxno=638084,https://www.seoulfn.com/news/articleView.html?idxno=638084,"Wed, 16 Sep 2026 09:58:00 +0900",2026-09-16 10:10:41
친환경/신재생,태양광 산업,"BGF리테일, 2600억원 투입 업계 최대 규모 부산 물류센터 준공","부산 물류센터는 부산광역시 강서구 구랑동 부산 국제산업물류도시 내 4만7186.8㎡(약 1만4300평) 부지에... 연간 최대 2700메가와트시(MWh) 전력을 생산하는 태양광 발전 시설을 갖춰 친환경 물류 운영을 추진하며, 지역... ",https://www.etnews.com/20260916000083,https://n.news.naver.com/mnews/article/030/0003467237?sid=101,"Wed, 16 Sep 2026 09:54:00 +0900",2026-09-16 10:10:41
친환경/신재생,태양광 산업,시흥 스틸랜드 지붕 위 12.6㎿ 태양광…입주기업 “관리비 부담 덜고 시...,"시는 앞으로 서울대학교병원과 제약·바이오단지, 데이터센터 등 미래 성장산업과 지역에서 생산되는 재생에너지를 연계할 수 있는 기반을 마련하고, 스틸랜드에서 시작된 민간 주도형 태양광 모델을 산업단지 전반으로... ",https://www.kyeonggi.com/article/20260916580037,https://n.news.naver.com/mnews/article/666/0000123575?sid=102,"Wed, 16 Sep 2026 09:54:00 +0900",2026-09-16 10:10:41
친환경/신재생,태양광 산업,새만금에너지종합지원센터에 입주기업 에코벨 '에너지·탄소 통합관제시...,산업융복합단지 종합지원센터가 입주기업의 기술을 직접 실증하고 선보이는 현장형 기술 플랫폼으로 거듭나고 있다. 전북테크노파크는 입주기업 에코벨(대표 김소연)과 협력해 센터 건물의 재생에너지 설비(태양광)와... ,https://www.etnews.com/20260916000080,https://n.news.naver.com/mnews/article/030/0003467235?sid=102,"Wed, 16 Sep 2026 09:51:00 +0900",2026-09-16 10:10:41
친환경/신재생,태양광 산업,"제주 그린수소 50MW 시험대… 정부, 15배 대형화 예타 추진",제주에서 풍력과 태양광 전기로 물을 분해해 만드는 '그린수소' 생산시설을 현재보다 약 15배 키우는 대형... 박덕열 기후에너지환경부 수소열산업정책관은 &quot;제주는 재생에너지 기반 수소생산기지를 구축하고 이를... ,https://www.fnnews.com/news/202609160938502575,https://n.news.naver.com/mnews/article/014/0005576501?sid=102,"Wed, 16 Sep 2026 09:46:00 +0900",2026-09-16 10:10:41
친환경/신재생,태양광 산업,"SK, 'WCE 2026'서 AI 시대 '통합 에너지 설루션' 선보인다","2026 기후산업국제박람회(WCE) SK이노베이션 전시관 전경.  SK이노베이션이 재생에너지, BESS(배터리... 3GW 규모의 글로벌 재생에너지 파이프라인을 확보하고 있으며, 베트남을 비롯한 동남아시아에서도 태양광과... ",https://www.gasnews.com/news/articleView.html?idxno=126825,https://www.gasnews.com/news/articleView.html?idxno=126825,"Wed, 16 Sep 2026 09:46:00 +0900",2026-09-16 10:10:41
친환경/신재생,태양광 산업,"EU, 탄소국경세 ‘비상 브레이크’ 삭제 추진 [ESG 뉴스 5]",피해 산업을 지원하는 방안을 추진하기로 했다. 다만 조항 삭제가 확정된 것은 아니다. EU 회원국들은... 송전선로가 지나는 지방자치단체에는 1km당 20억원을 지원하고 이 가운데 3분의 2 이상을 마을 태양광에 투입해... ,https://magazine.hankyung.com/business/article/202609167621b,https://n.news.naver.com/mnews/article/050/0000110994?sid=101,"Wed, 16 Sep 2026 09:42:00 +0900",2026-09-16 10:10:41
친환경/신재생,태양광 산업,'기후테크 한자리에' 2026 기후산업국제박람회 부산서 개최,"우주 태양광 개발을 중심으로 국내외 전문가들의 기조강연과 주제발표, 패널토론이 진행된다. 전재수 부산시장은 &quot;세계의 혁신 기술과 기업, 전문가가 부산에 모이는 만큼 기후테크와 탈탄소 산업의 새로운 협력과... ",https://www.nocutnews.co.kr/news/6578815?utm_source=naver&utm_medium=article&utm_campaign=20260916093817,https://n.news.naver.com/mnews/article/079/0004189824?sid=102,"Wed, 16 Sep 2026 09:39:00 +0900",2026-09-16 10:10:41
친환경/신재생,태양광 산업,"BGF리테일, 부산 국제산업물류도시 물류센터 준공","이번 시설은 부산 강서구 국제산업물류도시에 위치하며, 부지 약 14,300평, 연면적 약 38,700평 규모로... 또한 연간 최대 2,700메가와트시 전력을 생산하는 태양광 발전 시설을 설치해 친환경 운영을 추진하고 있다. 회사는... ",http://www.lawissue.co.kr/view.php?ud=202609160936499103204ead0791_12,http://www.lawissue.co.kr/view.php?ud=202609160936499103204ead0791_12,"Wed, 16 Sep 2026 09:38:00 +0900",2026-09-16 10:10:41
친환경/신재생,풍력 시장,"관세 50%에 바뀐 철강 공식...현대제철, 미국 120만대 수요 품는다",주요 시장을 지키기 어려워진 까닭이다. 국내 업체 가운데서는 현대제철의 대응이 눈에 띈다. 미국... 세아제강지주는 영국 해상풍력용 모노파일 공장에 약 8300억원을 투입했다. 이 과정에서 순차입금이 2023년... ,https://www.asiaa.co.kr/news/articleView.html?idxno=262700,https://www.asiaa.co.kr/news/articleView.html?idxno=262700,"Wed, 16 Sep 2026 09:58:00 +0900",2026-09-16 10:10:42
친환경/신재생,풍력 시장,"AI 전력 폭발에 구리값 최고치… 전선株, 송전망 특수에 '불기둥'",해저케이블과 전력망 구축 관련주인 LS마린솔루션도 관련주로 묶이며 시장의 관심을 받고 있다. 해상풍력 확대와 국가 간 전력망 연결을 위한 해저케이블 수요가 증가할 경우 관련 기업의 수주 기회가 확대될 가능성이... ,https://www.pinpointnews.co.kr/news/articleView.html?idxno=487454,https://www.pinpointnews.co.kr/news/articleView.html?idxno=487454,"Wed, 16 Sep 2026 09:50:00 +0900",2026-09-16 10:10:42
친환경/신재생,풍력 시장,[기업들] 아이에스동서·풀무원·쿠팡 外 추석 앞두고 'ESG·상생·인재 ...,통영 욕지도 해역에서 해상풍력 발전사업을 추진 중인 아이에스동서는 지난 2월 인재육성기금 2000만원... 물·기후 ESG 글로벌 경쟁력 강화 및 보험 혁신 인재 발굴 급변하는 글로벌 환경 규제 및 시장 변화에 대응하기... ,http://www.dailypop.kr/news/articleView.html?idxno=102603,http://www.dailypop.kr/news/articleView.html?idxno=102603,"Wed, 16 Sep 2026 09:40:00 +0900",2026-09-16 10:10:42
친환경/신재생,풍력 시장,“전기차와 경쟁 아닌 보완”…현대차그룹이 꺼낸 수소차 역할론,현대차그룹은 15일 열린 ‘청정수소 수요시장 확대 전략’ 세션에서 수소전기차 기반 도시 모빌리티... 태양광과 풍력으로 생산한 전기를 수소로 전환해 저장한 뒤 필요한 시점에 사용하면 에너지 공급의 안정성과 활용... ,https://www.dailian.co.kr/news/view/1690962/?sc=Naver,https://n.news.naver.com/mnews/article/119/0003133185?sid=101,"Wed, 16 Sep 2026 09:38:00 +0900",2026-09-16 10:10:42
친환경/신재생,풍력 시장,"정부, 재생에너지 보급제 15년 만 전면 개편…경쟁입찰 기반 계약시장 ...","정부는 공청회와 입법예고를 통해 의견을 수렴한 뒤 연내 하위법령 개정을 마무리하고, 내년 1월 1일 개정법률 시행과 함께 첫 태양광·풍력 경쟁입찰 계약시장 입찰을 공고할 계획이다.",http://www.ferrotimes.com/news/articleView.html?idxno=50397,http://www.ferrotimes.com/news/articleView.html?idxno=50397,"Wed, 16 Sep 2026 09:08:00 +0900",2026-09-16 10:10:42
친환경/신재생,풍력 시장,"제주 그린수소, 경제·소득·도민 이익과 연결...'기후경제수도' 시동","해상풍력 기술 등에 대해 의견을 나누고, 제주지역 대학과 기업과의 공동연구 및 산업 협력 가능성을... 이번 포럼에서는 그린수소 생산·저장·수송·활용·안전을 비롯해 청정수소 수요 확대, 재생에너지 기반 전력시장... ",https://www.newsjeju.net/news/articleView.html?idxno=425941,https://www.newsjeju.net/news/articleView.html?idxno=425941,"Wed, 16 Sep 2026 09:06:00 +0900",2026-09-16 10:10:42
친환경/신재생,풍력 시장,"LS일렉트릭, 한전과 배전용 그리드포밍 기술 공동 개발 협약","핵심 과제인 '배전망 지원용 그리드포밍'은 태양광, 풍력, 에너지저장장치(ESS) 등 인버터 기반 분산 전원이... 배전망 기술을 확보하고, 글로벌 시장을 선점해 대한민국 전력 기술의 수출 경쟁력을 한층 높이겠다&quot;고 말했다.",https://www.seoulfn.com/news/articleView.html?idxno=638077,https://www.seoulfn.com/news/articleView.html?idxno=638077,"Wed, 16 Sep 2026 09:04:00 +0900",2026-09-16 10:10:42
친환경/신재생,풍력 시장,"&quot;수익 출렁이던 시대 끝&quot;…태양광, 15년 만에 새 판 짰다","환경단체, 재생에너지 수요기업 등을 대상으로 82차례 의견을 수렴했다. 정부는 공청회와 입법예고를 거쳐 연내 시행령·시행규칙 개정을 마무리하고 내년 첫 태양광·풍력 계약시장 입찰을 공고할 방침이다.",https://www.hankyung.com/article/202609156470i,https://n.news.naver.com/mnews/article/015/0005332799?sid=101,"Wed, 16 Sep 2026 08:41:00 +0900",2026-09-16 10:10:42
친환경/신재생,풍력 시장,"LS에코에너지-LS일렉트릭, 미국 태양광 발전단지에 MV급 지중 케이블 공...","LS에코에너지가 가온전선 미국 법인과 협력을 확대하며 북미 배전시장 공략에 속도를 내고 있다.... 핵심 과제인 '배전망 지원용 그리드포밍'은 태양광, 풍력, 에너지저장장치(ESS) 등 인버터 기반 분산 전원이... ",http://www.wsobi.com/news/articleView.html?idxno=318259,http://www.wsobi.com/news/articleView.html?idxno=318259,"Wed, 16 Sep 2026 08:28:00 +0900",2026-09-16 10:10:42
친환경/신재생,풍력 시장,"공공기관 통폐합·지역이전, '노사협의' 변수로","조규일 진주시장은 지난 9일 정부세종청사에 이어 10일 청와대와 국회 앞에서 통합본사 진주 유치를 요구하는 1인 시위를 벌이기도 했다. 울산은 동서발전과 에너지 공공기관, 원전·수소·해상풍력 산업의 집적 효과를... ",https://weekly.hankooki.com/news/articleView.html?idxno=7183629,https://weekly.hankooki.com/news/articleView.html?idxno=7183629,"Wed, 16 Sep 2026 08:06:00 +0900",2026-09-16 10:10:42
친환경/신재생,수소 경제,"[위클리오늘] 포천시의회-상공회의소, 기업 경쟁력 강화 '맞손'…신제품...","지역경제 활성화를 위한 지원 방안을 논의했다. 이날 간담회에는 서과석 의장과 시의원, 한희준... 수소 화물차 도입 지원과 수소충전소 확충, 화물차 전용 주차공간 확보가 필요하다는 의견을 제시했다. 판로 확대를... ",http://www.weeklytoday.com/news/articleView.html?idxno=794662,http://www.weeklytoday.com/news/articleView.html?idxno=794662,"Wed, 16 Sep 2026 10:00:00 +0900",2026-09-16 10:10:43
친환경/신재생,수소 경제,"현대차그룹, 제주 그린수소 포럼 참가…“수소·배터리 상호보완 생태계...",15일 개회식 축사를 맡은 신승규 현대차그룹 부사장은 “재생에너지 기반으로 생산한 수소를 저장·활용하는 방식이 전력망의 유연성을 높이는 핵심”이라며 “제주도와 협력해 수소경제의 미래를 열겠다”고 말했다.... ,https://www.etnews.com/20260916000094,https://n.news.naver.com/mnews/article/030/0003467246?sid=103,"Wed, 16 Sep 2026 10:00:00 +0900",2026-09-16 10:10:43
친환경/신재생,수소 경제,"새만금 수변도시 본격화…김제시, 미래성장축 구축 속도",AI 수소시티를 수변도시에 조성하는 방안이 검토되고 있다. 김제시는 인접한 새만금 신항과의 연계도 강화할 방침이다. 수변도시가 지난해 4월 김제시 관할로 결정된 만큼 신항과의 생활·경제권 연계와 행정 효율성을... ,https://www.etoday.co.kr/news/view/2626120,https://www.etoday.co.kr/news/view/2626120,"Wed, 16 Sep 2026 09:58:00 +0900",2026-09-16 10:10:43
친환경/신재생,수소 경제,"부산진해경자청, 입주 기업 에너지 효율 최적화 지원",사진/부산진해경제자유구역청 부산진해경제자유구역청(이하 경자청)이 지난 15일 입주 기업의 냉매 사용... 수소불화탄소(HFC) 계열 냉매는 한번 충전되면 15년 이상 누출되고 이산화탄소보다 최대 2만 3700배 강한 온난화... ,http://www.metroseoul.co.kr/article/20260916500015,http://www.metroseoul.co.kr/article/20260916500015,"Wed, 16 Sep 2026 09:56:00 +0900",2026-09-16 10:10:43
친환경/신재생,수소 경제,"신승규 현대차그룹 부사장 &quot;수소, 에너지 시스템 유연성 제고에 기여&quot;",신 부사장은 &quot;재생에너지와 수소의 결합은 에너지 전환의 새로운 가능성을 현실로 만드는 중요한 기반&quot;이라며 &quot;현대차그룹은 제주도와 긴밀히 협력해 대한민국 수소경제의 미래를 함께 만들어 나가겠다&quot;고 말했다.... ,https://www.mt.co.kr/industry/2026/09/16/2026091609250462585,https://n.news.naver.com/mnews/article/008/0005414412?sid=101,"Wed, 16 Sep 2026 09:45:00 +0900",2026-09-16 10:10:43
친환경/신재생,수소 경제,"“1명당 번 돈이 급여 절반”…4년 보릿고개 포스코, 버거운 노조 리스...",경제협력개발기구(OECD)는 최근 발간한 ‘철강 전망 2026’에서 아예 “철강 위기가 심화하고 있다”고... 포항에서는 수소환원제철(HyREX) 실증플랜트를 추진하고 있다. AI 제철소 도입과 해외 고수익 시장 생산거점... ,https://biz.heraldcorp.com/article/10875081?ref=naver,https://n.news.naver.com/mnews/article/016/0002697942?sid=101,"Wed, 16 Sep 2026 09:45:00 +0900",2026-09-16 10:10:43
친환경/신재생,수소 경제,2050 탄소 중립 달성을 위한 일본 정부의 수소 대동맥 구상,일본은 초기 단계에서 상대적으로 수소 소비량이 크고 경제성 확보 가능성이 높은 상용차 분야를 우선 대상으로 설정해 성공 사례를 축적한다는 구상이다. 이후 수소 충전 인프라와 물류 네트워크를 기반으로 발전... ,http://dream.kotra.or.kr/kotranews/cms/news/actionKotraBoardDetail.do?SITE_NO=3&MENU_ID=80&CONTENTS_NO=2&bbsGbn=242&bbsSn=242&pNttSn=243833,http://dream.kotra.or.kr/kotranews/cms/news/actionKotraBoardDetail.do?SITE_NO=3&MENU_ID=80&CONTENTS_NO=2&bbsGbn=242&bbsSn=242&pNttSn=243833,"Wed, 16 Sep 2026 09:43:00 +0900",2026-09-16 10:10:43
친환경/신재생,수소 경제,수소 생산부터 활용까지 한자리에…'WHE 2026' 글로벌 비즈니스 장 연다,"수소경제를 본격적으로 확대하기 위해서는 생산설비와 충전소 등 공급 인프라 확충과 함께 수소를 지속적으로 구매할 수요시장 형성이 병행돼야 한다. 발전뿐 아니라 수소환원제철과 석유화학, 상용차·건설기계... ",https://www.energydaily.co.kr/news/articleView.html?idxno=203257,https://www.energydaily.co.kr/news/articleView.html?idxno=203257,"Wed, 16 Sep 2026 09:42:00 +0900",2026-09-16 10:10:43
친환경/신재생,수소 경제,"현대차그룹, 제주 그린수소 포럼서 수소 모빌리티 역할 강조","실제 제주도는 청정에너지 생산을 지역 경제 활성화의 마중물로 삼기 위해 발 빠르게 움직여 왔다. 2017년 250kW급 수전해 실증을 시작으로 청정수소 생산 기반을 넓혀왔으며, 제주 구좌읍 행원 일대에 들어선 3.3MW급... ",http://www.ttlnews.com/news/articleView.html?idxno=3144021,http://www.ttlnews.com/news/articleView.html?idxno=3144021,"Wed, 16 Sep 2026 09:38:00 +0900",2026-09-16 10:10:43
친환경/신재생,수소 경제,"‘전기차와 경쟁 안 해’⋯ 현대차, ‘수소차’ 꺼내 든 진짜 이유",대한민국 수소경제의 미래를 함께 만들어 나가겠다”고 강조했다. 현대차그룹 관계자는 “수소 모빌리티는 장거리 운송과 재난 대응 등 안정적인 운행이 필요한 분야에서 전력 기반 모빌리티를 보완할 수 있는 대안”... ,https://www.viva100.com/article/20260916500334,https://www.viva100.com/article/20260916500334,"Wed, 16 Sep 2026 09:34:00 +0900",2026-09-16 10:10:43
친환경/신재생,수소 경제,"현대차그룹, 제주서 수소 모빌리티 비전 제시…에너지 전환 협력 강화",신 부사장은 &quot;재생에너지와 수소의 결합은 에너지 전환의 새로운 가능성을 현실화하는 중요한 기반&quot;이라며 &quot;제주도와 긴밀히 협력해 대한민국 수소경제의 미래를 함께 만들어 나가겠다&quot;고 말했다. 현대차그룹은 같은 날... ,https://www.pointdaily.co.kr/news/articleView.html?idxno=319447,https://www.pointdaily.co.kr/news/articleView.html?idxno=319447,"Wed, 16 Sep 2026 09:32:00 +0900",2026-09-16 10:10:43
친환경/신재생,수소 경제,"현대차그룹, 제주 그린수소 포럼서 “수소·전력 상호보완 필요”",신 부사장은 “재생에너지와 수소의 결합은 에너지 전환의 새로운 가능성을 현실로 만드는 중요한 기반”이라며 “제주도와 긴밀히 협력해 대한민국 수소경제의 미래를 함께 만들어 나가겠다”고 말했다.... ,https://www.etoday.co.kr/news/view/2626084,https://www.etoday.co.kr/news/view/2626084,"Wed, 16 Sep 2026 09:28:00 +0900",2026-09-16 10:10:43
친환경/신재생,수소 경제,"현대차그룹, 제주서 수소 모빌리티 역할·에너지 전환 방향 제시",신 부사장은 &quot;재생에너지와 수소의 결합은 에너지 전환의 새로운 가능성을 현실화하는 중요한 기반&quot;이라며 &quot;제주도와 협력해 국내 수소경제 확대에 기여하겠다&quot;고 말했다. 현대차그룹은 이날 열린 '청정수소 수요시장... ,https://www.wolyo.co.kr/news/articleView.html?idxno=317850,https://www.wolyo.co.kr/news/articleView.html?idxno=317850,"Wed, 16 Sep 2026 09:26:00 +0900",2026-09-16 10:10:43
원자력,원자력 주가,"카티스 주가, 급등세... 무슨 회사길래?","사진 = 카티스 카티스 주가가 급등 중이다. 16일 오전 10시 00분 KRX 기준 카티스는 전 거래일 대비 28.62... 정부기관, 원자력발전소, 공항, 인터넷데이터센터, 금융기관 및 전산센터 등 보안이 중요한 시설을 대상으로... ",https://www.ggilbo.com/news/articleView.html?idxno=1182003,https://www.ggilbo.com/news/articleView.html?idxno=1182003,"Wed, 16 Sep 2026 10:02:00 +0900",2026-09-16 10:10:43
원자력,원자력 주가,"신한證 “GS건설, AI 데이터센터·원전 수주 기대… 목표가 4만7000원으로...",신한투자증권은 16일 GS건설에 대해 데이터센터와 원자력발전소 등 확장된 수주 영역을 기반으로 실적과 밸류에이션이 한층 업그레이드될 것이라고 내다봤다. 목표 주가를 기존 3만8000원에서 4만7000원으로 상향... ,https://biz.chosun.com/stock/stock_general/2026/09/16/QJUYHXXQ2VCOVE422RU7USVWCU/?utm_source=naver&utm_medium=original&utm_campaign=biz,https://n.news.naver.com/mnews/article/366/0001192623?sid=101,"Wed, 16 Sep 2026 08:39:00 +0900",2026-09-16 10:10:43
원자력,원자력 주가,미국에 가는 161조 K원전…주목받는 현대건설 [이주의 관.종],"우리 정부가 미국에 대형 원자력발전소 건설을 추진하면서 수혜주로 현대건설이 주목받는다. 현대건설은... 거듭나면서 주가도 재평가 받는 중이다. 한미 양국, 1200억달러 규모 대형 원전 8기 미국 건설 논의 중 16일... ",https://view.asiae.co.kr/article/2026091513511164178,https://n.news.naver.com/mnews/article/277/0005816877?sid=101,"Wed, 16 Sep 2026 08:22:00 +0900",2026-09-16 10:10:43
원자력,원자력 주가,두산에너빌리티 약보합…대미투자 중 美 원전 8기 검토 '주목',"주가가 9만원선 아래에서 머물고 있는 가운데 16일 장에서 낙폭을 만회할 수 있을지, 8만원대 흐름이 어떻게 전개될지 지켜볼 필요가 있다. 다양한 대내외 변수에 따라 변동할 수 있으므로 투자자는 국내외 원자력... ",https://www.cbci.co.kr/news/articleView.html?idxno=606960,https://www.cbci.co.kr/news/articleView.html?idxno=606960,"Wed, 16 Sep 2026 00:10:00 +0900",2026-09-16 10:10:43
원자력,원자력 주가,[朝鮮칼럼] 주가는 잘 띄웠는데 왜 고용·투자는 못 띄우나,"그런데 주가 상승 그 자체를 지상 과제로 추진된 상장과 증자 요건의 강화, 자사주 취득, 소각 종용 등은... 정부가 반도체, AI, 데이터센터 등 3대 메가 프로젝트와 이차전지, 차세대 원자력, 첨단 바이오 등 12대 국가... ",https://www.chosun.com/opinion/chosun_column/2026/09/15/W35SEZHM5ZGWJDVRXH36AXVA4I/?utm_source=naver&utm_medium=referral&utm_campaign=naver-news,https://n.news.naver.com/mnews/article/023/0003998604?sid=110,"Tue, 15 Sep 2026 23:56:00 +0900",2026-09-16 10:10:43
원자력,원자력 주가,[이슈 분석] 한·미 원전 동맹의 '마지막 퍼즐'… '웨스팅하우스 이사회...,"탄소중립과 거대한 전력망 공급 안정성을 동시에 만족할 수 있는 유일한 대안으로 '원자력 발전'이... 단순히 주가 상승에 따른 투자금 회수(Financial Investor)를 넘어, 경영에 직접 참여하는 전략적 투자자(Strategic... ",https://www.businesskorea.co.kr/news/articleView.html?idxno=277022,https://www.businesskorea.co.kr/news/articleView.html?idxno=277022,"Tue, 15 Sep 2026 20:14:00 +0900",2026-09-16 10:10:43
원자력,원자력 주가,원전 해체 시장 열린다…케이엔알시스템·한전기술 '휘파람',원자력발전소 해체 테마주가 15일 종목별로 엇갈린 흐름을 보이며 차별화 장세를 나타내고 있다. 국내 첫 원전 해체 사례인 고리 1호기의 해체 작업이 본격화하면서 원전 해체 산업에 대한 시장의 관심이 높아지는 가운데... ,https://www.pinpointnews.co.kr/news/articleView.html?idxno=487258,https://www.pinpointnews.co.kr/news/articleView.html?idxno=487258,"Tue, 15 Sep 2026 15:16:00 +0900",2026-09-16 10:10:43
원자력,원자력 주가,대우건설 1만9200원으로 2%대 상승…장중 고점 부근서 강세,특히 체코 두코바니 원전은 한국수력원자력을 중심으로 한 '팀코리아'가 사업을 확보하면서 국내 원전... 최근 주가 상승 속도가 빠르다는 점도 살펴볼 필요가 있다. 제시된 시세 기준 대우건설의 52주 최저가는 3320원... ,https://www.job-post.co.kr/news/articleView.html?idxno=227638,https://www.job-post.co.kr/news/articleView.html?idxno=227638,"Tue, 15 Sep 2026 15:10:00 +0900",2026-09-16 10:10:43
원자력,원자력 주가,[심층분석] '영업이익 4.6배' NH아문디의 질주…운용보수·투자자문이 키...,"원자력과 전력설비, 금채굴기업, K-뷰티 등 테마형 상품이 높은 수익률을 기록하며 브랜드 인지도를... 하재석 NH투자증권 연구원은 &quot;ETF 보유 종목 중 시총이 적은 종목을 중심으로 주가 변동성이 확대될 가능성을... ",https://www.goodkyung.com/news/articleView.html?idxno=291402,https://www.goodkyung.com/news/articleView.html?idxno=291402,"Tue, 15 Sep 2026 14:48:00 +0900",2026-09-16 10:10:43
원자력,원자력 주가,"상위 1%, 삼성전자 보통주 사고 우선주는 ‘차익 실현’ [주식 초고수는...",동시에 목표 주가를 30만 원에서 27만 원으로 낮추기로 했다. 이민희 BNK투자증권 연구원은 “메모리... 대미 원자력발전 투자 계획에 한국형 노형인 APR-1400 2기가 포함되면서 두산에너빌리티의 수주 규모도... ,https://www.sedaily.com/article/20091048?ref=naver,https://n.news.naver.com/mnews/article/011/0004661975?sid=101,"Tue, 15 Sep 2026 11:51:00 +0900",2026-09-16 10:10:43
원자력,원자력 주가,"SMR 규제기술 연구를 가속...원전주 엇갈린 흐름 한전기술 약세, 비에이...",[이 기사는 원자력안전위원회 등 정부 자료와 제공된 주가 정보를 토대로 작성한 일반 정보이며 특정 종목의 매수·매도를 권유하지 않는다. 원전 및 SMR 정책과 사업 일정은 향후 변경될 수 있으며 투자에 따른 최종... ,https://www.cbci.co.kr/news/articleView.html?idxno=606838,https://www.cbci.co.kr/news/articleView.html?idxno=606838,"Tue, 15 Sep 2026 10:50:00 +0900",2026-09-16 10:10:43
원자력,원자력 주가,"트럼프 행정부 지분 투자 기업들, 주가 미끄럼…&quot;반짝 특수 불과&quot;","반도체, 원자력, 철강, 희토류 등 총 32개 기업으로 관여 포트폴리오를 늘린 상태다. 다만, 인텔(NAS:INTC)의 경우 반도체주 랠리에 힘입어 정부 지분의 가치가 89억달러에서 500억달러로 증가했으며 인텔 주가도 정부... ",https://news.einfomax.co.kr/news/articleView.html?idxno=4434891,https://news.einfomax.co.kr/news/articleView.html?idxno=4434891,"Tue, 15 Sep 2026 10:32:00 +0900",2026-09-16 10:10:43
원자력,원자력 주가,다시 뛰는 건설株…대미 원전 수주 기대감에 '훨훨',"국내 건설주가 다시 증시 주도 업종으로 떠오르고 있다. 부동산 경기 부진이 이어지는 가운데, 한미 대미 투자 협상이 막바지에 접어들면서 미국 내 대형 원자력발전소와 가스복합화력발전소 건설에 국내 기업이... ",https://www.imaeil.com/page/view/2026091510000219002,https://n.news.naver.com/mnews/article/088/0001028493?sid=101,"Tue, 15 Sep 2026 10:16:00 +0900",2026-09-16 10:10:43
원자력,원자력 주가,&quot;돈은 빠지는데 반도체는 샀다&quot;…FOMC 앞두고 월가가 고른 ETF,"지난주 TIGER 코리아원자력이 17.42% 올라 주식형 ETF 수익률 1위를 차지했고 ACE 원자력TOP10(16.39%), SOL... 현금흐름을 확보하면서 주가 하락 위험을 일부 낮출 수 있는 DIVO·QDVO 등 커버드콜 액티브 ETF도 방어 수단으로... ",https://www.ebn.co.kr/news/articleView.html?idxno=1724209,https://www.ebn.co.kr/news/articleView.html?idxno=1724209,"Tue, 15 Sep 2026 06:02:00 +0900",2026-09-16 10:10:43
원자력,원자력 주가,"9월 둘째 주 국내 ETF 시장, SK하이닉스·원자력 강세",이와 함께 목표주가를 기존 280만원에서 310만원으로 10.7% 상향하며 절대적으로 낮은 수준의 주가라고 평가했다. 국내 수익률 상위 8위부터 10위까지는 미래에셋자산운용 'TIGER 코리아원자력'(17.42... ,http://www.newsmaker.or.kr/news/articleView.html?idxno=182554,http://www.newsmaker.or.kr/news/articleView.html?idxno=182554,"Mon, 14 Sep 2026 18:32:00 +0900",2026-09-16 10:10:43
원자력,원자력 주가,대미투자 훈풍에 수익률 상위권 차지한 이 ETF… 장기투자도 OK,이에 원자력 관련 종목들에 대한 기대감이 형성되면서 ETF 구성종목들의 주가가 덩달아 올랐다. 증권가에서도 대미투자가 국내 원전 밸류체인(가치사슬)에 호재로 작용할 것이라고 공통으로 진단한다. 장남현... ,https://www.mt.co.kr/stock/2026/09/14/2026091414555159376,https://n.news.naver.com/mnews/article/008/0005413514?sid=101,"Mon, 14 Sep 2026 16:59:00 +0900",2026-09-16 10:10:43
원자력,원자력 주가,"미래에셋자산운용, 'TIGER 코리아원자력' 1주 수익률 17.42%…ETF 전체 1위",기업의 주가 움직임이 ETF 성과에 큰 영향을 미치는 구조다. 이번 수익률 상위권에서는 원전 관련 ETF의 동반 강세가 두드러졌다. 전체 ETF 가운데 1~4위를 모두 원자력 테마 상품이 차지했다.... ,http://www.press9.kr/news/articleView.html?idxno=82675,http://www.press9.kr/news/articleView.html?idxno=82675,"Mon, 14 Sep 2026 14:50:00 +0900",2026-09-16 10:10:43
원자력,원자력 주가,한전기술 13만원대로 급락…지난주 41% 폭등 뒤 차익매물 쏟아져,이날 주가는 전 거래일 종가인 15만2000원보다 높은 15만2300원에 출발해 장중 15만6300원까지 올랐다. 하지만... 한전기술은 코스피 상장 원전 엔지니어링 기업으로 원자력발전소 종합설계와 원자로계통설계 등을 핵심... ,https://www.job-post.co.kr/news/articleView.html?idxno=227423,https://www.job-post.co.kr/news/articleView.html?idxno=227423,"Mon, 14 Sep 2026 14:42:00 +0900",2026-09-16 10:10:43
원자력,원자력 주가,우리기술 1만3800원대 약세…원전 기대 속 장중 낙폭 만회,"원자력발전소의 핵심 제어시스템인 원전 감시·경보 및 제어설비를 비롯해 철도, 방산 등 다양한 분야에서 제어 기술을 공급하고 있다. 특히 국내 원전 생태계 확대가 주가의 핵심 모멘텀으로 꼽힌다. 우리기술은... ",https://www.job-post.co.kr/news/articleView.html?idxno=227419,https://www.job-post.co.kr/news/articleView.html?idxno=227419,"Mon, 14 Sep 2026 14:38:00 +0900",2026-09-16 10:10:43
원자력,원전 산업,"10개국 해외 바이어·발주처 집결…코트라, K-그린테크 수출 물꼬 튼다",부산서 '기후·에너지·환경산업 수출상담회' 개최 아주경제=김나윤 기자 kimnayoon@ajunews.com... 국내 K-그린테크 기업 77개사와 총 200여 건의 1:1 비즈니스 상담을 진행해 원전 수질관리용 이온교환수지 분야 MOU 2건을... ,https://www.ajunews.com/view/20260915150535025,https://www.ajunews.com/view/20260915150535025,"Wed, 16 Sep 2026 10:02:00 +0900",2026-09-16 10:10:44
원자력,원전 산업,"코트라, 기후산업국제박람회 연계 수출상담회 개최…K-그린테크 글로벌...",산업통상부와 대한무역투자진흥공사(코트라)는 부산에서 열리는 기후산업국제박람회(WCE)와 연계해 ‘기후... 국제에너지기구(IEA)에 따르면 2026년 전 세계 발전설비 프로젝트 가운데 재생에너지와 원전이 차지하는... ,https://biz.heraldcorp.com/article/10874787?ref=naver,https://n.news.naver.com/mnews/article/016/0002697965?sid=101,"Wed, 16 Sep 2026 10:01:00 +0900",2026-09-16 10:10:44
원자력,원전 산업,"&quot;에너지 전환 시계 빨라진다&quot;…코트라, K그린테크 영토 확장",산업통상부와 대한무역투자진흥공사(코트라)는 16일부터 부산에서 열리는 기후산업국제박람회(WCE)와... 재생에너지와 원전 비중이 70%를 넘어설 전망이다. 국내 전력기기 수출 역시 이러한 흐름에 힘입어 2025년 기준... ,https://view.asiae.co.kr/article/2026091607425443437,https://n.news.naver.com/mnews/article/277/0005817002?sid=101,"Wed, 16 Sep 2026 10:00:00 +0900",2026-09-16 10:10:44
원자력,원전 산업,"한미 원전 동맹 막판 협상…한국, 웨스팅하우스 지분 투자 ‘저울질’",미국은 한국의 원전 산업 생태계를 끌어들이려 하는 반면 한국은 경영에 참여할 수 없는 소수지분은 의미가 없다는 입장으로 팽팽히 맞서는 상황이다. ■ 희토류 공급망 다변화: 중국의 희토류 추가 수출통제 유예... ,https://www.sedaily.com/article/20091431?ref=naver,https://n.news.naver.com/mnews/article/011/0004662354?sid=101,"Wed, 16 Sep 2026 10:00:00 +0900",2026-09-16 10:10:44
원자력,원전 산업,앤트로픽·오픈AI “AI 속도 조절”…돈·안전 충돌에 업계 ‘위기’,충돌이 산업 전체를 위기에 몰아넣었다고 보도했다. 다리오 아모데이 앤트로픽 최고경영자(CEO)가 개발... 미 원전 기업 웨스팅하우스의 지분 인수 문제를 놓고 막판 협상을 벌이고 있다. 당초 미국은 한국에 20... ,https://www.sedaily.com/article/20091430?ref=naver,https://n.news.naver.com/mnews/article/011/0004662353?sid=102,"Wed, 16 Sep 2026 10:00:00 +0900",2026-09-16 10:10:44
원자력,원전 산업,"코트라, 부산 벡스코서 기후산업박람회 연계 수출상담회",산업통상부와 대한무역투자진흥공사(코트라)는 오는 18일까지 사흘간 부산 벡스코에서... 국내 기업 한 곳은 이번에 방한하는 바이어 2개사와 원전 수질관리용 이완교환수지 분야 업무협약(MOU)도 체결할 예정이다.... ,https://www.yna.co.kr/view/AKR20260916026800003?input=1195m,https://n.news.naver.com/mnews/article/001/0016313753?sid=101,"Wed, 16 Sep 2026 10:00:00 +0900",2026-09-16 10:10:44
원자력,원전 산업,경남경제계 &quot;공공기관 2차 이전 경남으로&quot;…조찬세미나서 성명,"경남은 조선·방산·원전·우주항공 등 대한민국 핵심 전략산업이 집적된 제조산업의 중심지다. 지역 경제계는 이들 산업과 연관된 공공기관이 경남으로 이전하면 지역 기업과의 협력이 확대되고, 산업 경쟁력 강화와 투자... ",https://www.yna.co.kr/view/AKR20260916056000052?input=1195m,https://n.news.naver.com/mnews/article/001/0016313737?sid=102,"Wed, 16 Sep 2026 09:59:00 +0900",2026-09-16 10:10:44
원자력,원전 산업,"영양군, 한울원전 방사선비상 대응력 높인다",한울원전 방사선계획구역 편입 이후 마련한 대응 기반을 바탕으로 공무원과 유관기관의 역할을 구체화해... 경상북도청 원자력산업안전과 윤대길 주무관과 한국원자력안전기술원(KINS) 전문가가 강사로 참여했다.... ,http://www.metroseoul.co.kr/article/20260916500056,http://www.metroseoul.co.kr/article/20260916500056,"Wed, 16 Sep 2026 09:58:00 +0900",2026-09-16 10:10:44
원자력,원전 산업,"'270조 대미투자' 韓, 웨스팅하우스 지분 15%·이사직 확보 추진",한국이 요구하는 조건이 받아들여질 경우 한전·한국수력원자력 등 국내 원전 산업이 웨스팅하우스 경영에 직접 목소리를 내는 첫 사례가 된다. 그러나 양국 간 입장 차가 아직 남아 있어 지분율과 이사회 참여 여부는... ,https://www.autodaily.co.kr/news/articleView.html?idxno=600483,https://www.autodaily.co.kr/news/articleView.html?idxno=600483,"Wed, 16 Sep 2026 09:58:00 +0900",2026-09-16 10:10:44
원자력,원전 산업,"250만 평에 반도체부터 올렸다, 시민에게 물어보지도 않고","물과 전력, 농지와 하늘길, 앞으로 수십 년의 지역 재정이 한 산업의 투자 일정에 맞춰 배분되는 동안 시민은... 서남권 반도체 산단에는 6.3GW의 전력이 필요한데, 정부는 원전과 재생에너지, 에너지저장장치(ESS) 등을... ",https://www.ohmynews.com/NWS_Web/View/at_pg.aspx?CNTN_CD=A0003267573&CMPT_CD=P0010&utm_source=naver&utm_medium=newsearch&utm_campaign=naver_news,https://n.news.naver.com/mnews/article/047/0002529112?sid=100,"Wed, 16 Sep 2026 09:51:00 +0900",2026-09-16 10:10:44
원자력,원전 산업,韓-카자흐 '미래지향 포괄 전략 동반자' 격상,"이를 계기로 기존 교역·투자 중심의 협력을 경제 안보와 첨단산업, 과학기술, 인적 교류 등을 포괄하는... 원전 분야 협력 방안도 논의했다. 경제 협력 분야에서는 인공지능(AI)과 과학기술, 신도시 등 미래 성장동력... ",https://www.m-i.kr/news/articleView.html?idxno=1414569,https://www.m-i.kr/news/articleView.html?idxno=1414569,"Wed, 16 Sep 2026 09:50:00 +0900",2026-09-16 10:10:44
원자력,원전 산업,"정부, 웨스팅하우스 15% 지분 확보 추진…美와 협상",산업통상부는 웨스팅하우스 지분 투자와 관련해 &quot;한·미 양국은 대미 투자 원전 프로젝트와 관련해 다양한 협의를 진행 중&quot;이라며 &quot;구체적인 사항은 아직 정해지지 않았다&quot;고 밝혔다. 한편 한미 양국은 대미 투자 후속... ,https://www.news1.kr/economy/trend/6292047,https://n.news.naver.com/mnews/article/421/0009172921?sid=101,"Wed, 16 Sep 2026 09:41:00 +0900",2026-09-16 10:10:44
원자력,원전 산업,"SK, 'WCE 2026'서 통합 에너지 솔루션 공개...AI 데이터센터 전력 해법 제...",SK이노베이션이 AI 산업 확대로 커지는 대규모 전력 수요에 대응하기 위해 재생에너지와 배터리... 지난 3월 테라파워가 미국 와이오밍주에서 추진 중인 '나트륨' 원전은 미국 원자력규제위원회(NRC)의 건설허가를... ,https://www.redian.org/news/articleView.html?idxno=257321,https://www.redian.org/news/articleView.html?idxno=257321,"Wed, 16 Sep 2026 09:38:00 +0900",2026-09-16 10:10:44
원자력,원전 산업,"미국 정부, 원전 규제와 촉진에서 직접 시장 참여자로 수행",특히 미국 내 대형 원전발전소 8기 가운데 AP1000 6기와 APR1400 2기 건설도 논의 중이다. 현재 방미 중인 김정관 산업통상부 장관은 미국 웨스팅하우스(WEC) 지분 인수 및 투자에 대해서도 논의 중인 것으로... ,http://www.knpnews.com/news/articleView.html?idxno=34496,http://www.knpnews.com/news/articleView.html?idxno=34496,"Wed, 16 Sep 2026 09:36:00 +0900",2026-09-16 10:10:44
원자력,원전 산업,韓-카자흐 '미래지향 포괄 전략 동반자' 격상…핵심광물 등 협력,"양 정상은 이를 계기로 기존 교역·투자 중심 협력을 경제안보와 첨단산업, 과학기술 및 인적교류를... '평화적 목적의 원자력 이용 협력 MOU'등을 토대로 원전 분야 전주기 협력과 우리 기업 진출 기반도 강화해 나가기로... ",http://www.efnews.co.kr/news/articleView.html?idxno=132459,http://www.efnews.co.kr/news/articleView.html?idxno=132459,"Wed, 16 Sep 2026 09:36:00 +0900",2026-09-16 10:10:44
원자력,SMR 시장,"중국, 글로벌 SMR 동맹체 띄운다…기술 발전·표준 수립 및 보급 지원","중국은 세계 최초 육상 상업용 SMR인 ACP100(링룽 1호)의 상용화를 목전에 두며 글로벌 SMR 시장을 주도하고 있다.&lt;본보 2026년 1월 9일자 참고 : 중국 SMR, 곧 첫 가동 시작...非핵 증기 시동 시험 완료&gt; ACP100는... ",https://www.theguru.co.kr/news/article.html?no=107151,https://www.theguru.co.kr/news/article.html?no=107151,"Wed, 16 Sep 2026 09:08:00 +0900",2026-09-16 10:10:45
원자력,SMR 시장,"홀텍, 美 미시간 SMR 초기 건설 곧 시작...현대건설 SMR 협업 본격화","19개 자회사를 두고 5개 대륙에 진출해 사용후핵연료 저장시설 시장 점유율 세계 1위, 미국 원전 해체 사업 점유율 1위 등 원전 사업 전반에서 독보적 지위를 차지하고 있다. 미국 미시간주(州) 소형모듈원전(SMR)... ",https://www.theguru.co.kr/news/article.html?no=107149,https://www.theguru.co.kr/news/article.html?no=107149,"Wed, 16 Sep 2026 08:56:00 +0900",2026-09-16 10:10:45
원자력,SMR 시장,[더벨][범한메카텍 IPO] SMR·발전기기 포트폴리오 재편…수익 위주 체질...,홍콩 비공개 기업설명회(NDR)를 통해 글로벌 장기 투자자들과 SMR 사업 방향성을 선제적으로 공유한 바 있다. IB 업계 관계자는 &quot;범한메카텍은 옛 모기업인 두산에너빌리티와 타깃 시장을 완벽히 공유하고 있는 데다 올해... ,https://www.thebell.co.kr/free/content/ArticleView.asp?key=202609150834424700107447,https://www.thebell.co.kr/free/content/ArticleView.asp?key=202609150834424700107447,"Wed, 16 Sep 2026 08:32:00 +0900",2026-09-16 10:10:45
원자력,SMR 시장,"현대건설 핀란드 원전 시장 진출 속도 내나...유럽투자은행, 스테디에너...",4000만 유로 투자 결정 올해 4월 현대건설과 SMR·열에너지 협력 논의  유럽투자은행(EIB)이 핀란드 소형모듈원전(SMR) 스타트업 스테디 에너지(Steady Energy)에 자금을 지원하기로 했다. 스테디 에너지는 현대건설과 SMR... ,https://www.theguru.co.kr/news/article.html?no=107131,https://www.theguru.co.kr/news/article.html?no=107131,"Wed, 16 Sep 2026 07:38:00 +0900",2026-09-16 10:10:45
원자력,SMR 시장,“에너지안보·탄소중립 ‘두 토끼’ 잡을 컨트롤타워 세워야”,△문 전 2차관=현재 석유 시장이 앞으로도 지속될 것이냐의 문제에 대한 고민이 커졌다. 1990년대 걸프 전쟁과... △정 교수=소형모듈원전(SMR)을 짓겠다는 구글 등 미국 빅테크 기업들처럼 기업이 주체가 되는 방법도... ,https://www.kmib.co.kr/article/view.asp?arcid=9000012458&cp=nv,https://n.news.naver.com/mnews/article/005/0001873219?sid=101,"Wed, 16 Sep 2026 02:13:00 +0900",2026-09-16 10:10:45
원자력,SMR 시장,SMR 유치전 시작..반대 목소리도,"부산MBC)◀ 앵 커 ▶′SMR′, 즉 ′소형 모듈 원자로′ 산업에 대한 지원 특별법이 지난 주말 시행에 들어가면서, 관련 시장을 선점하기 위한 경쟁이 뜨겁습니다.부산시도 내년에 연구용역을 시작으로 SMR 시장 선점을... ",https://busanmbc.co.kr/01_new/new01_view.asp?idx=289074,https://busanmbc.co.kr/01_new/new01_view.asp?idx=289074,"Tue, 15 Sep 2026 23:08:00 +0900",2026-09-16 10:10:45
원자력,SMR 시장,9월 3주 주요 제조업 전망,"□ 8월 중국 자동차 시장(출처 하나증권) *도매 판매: 237.1만 대(지난해 동기 대비 -6%) - 승용차 235.3만 대... ②소형모듈원자로(SMR) 주기기 제작 전용 공장 2,386억 원 신규 시설 투자 계획을 10일 공시함... ",https://www.laborplus.co.kr/news/articleView.html?idxno=41479,https://www.laborplus.co.kr/news/articleView.html?idxno=41479,"Tue, 15 Sep 2026 21:33:00 +0900",2026-09-16 10:10:45
원자력,SMR 시장,"DL, 그룹 통합 '2026 지속가능경영보고서' 발간...기후변화 대응 사업 '고...","최초로 SMR(소형모듈원자로) 표준화 설계에 착수하며 차세대 무탄소 에너지 인프라 시장 선점에 나섰다. 이와 함께 DL그룹은 안전보건을 지속가능경영의 최우선 가치로 설정하고, 사업장 위험성평가를 통한 선제적... ",http://www.popcornnews.net/news/articleView.html?idxno=133060,http://www.popcornnews.net/news/articleView.html?idxno=133060,"Tue, 15 Sep 2026 18:58:00 +0900",2026-09-16 10:10:45
원자력,SMR 시장,"원유·원전연료·SMR 잇는다…한·카자흐, 에너지안보 협력 강화","2026.9.15 사진=연합뉴스 한국과 카자흐스탄이 원유 공급과 원전 연료망, 소형모듈원전(SMR) 등 에너지안보... 자료에는 국내에서 개발한 미래항공교통관리 인프라의 중앙아시아 시장 진출 기반을 마련한다는 내용도 담겼다.... ",https://daily.hankooki.com/news/articleView.html?idxno=1406463,https://daily.hankooki.com/news/articleView.html?idxno=1406463,"Tue, 15 Sep 2026 18:42:00 +0900",2026-09-16 10:10:45
원자력,SMR 시장,"韓-카자흐, ‘포괄적 전략동반자’로 관계 격상…에너지·첨단산업 협력...","양국은 원전과 소형모듈원전(SMR) 공동 연구개발, 원자력 산업 정책과 안전 기술 교류, 전문인력 양성 등에... 미래항공모빌리티 분야에서도 새로운 시장 진출 기반을 마련했다. 양국은 무인항공시스템과 도심항공모빌리티... ",https://www.etoday.co.kr/news/view/2625855,https://www.etoday.co.kr/news/view/2625855,"Tue, 15 Sep 2026 18:16:00 +0900",2026-09-16 10:10:45
원자력,SMR 시장,"현대엔지니어링, 카자흐스탄 가스처리시설 참여…중앙아시아 공략 확대","에너지 사업에서는 소형모듈원자로(SMR), 수소, 태양광 등을 중심으로 사업 포트폴리오를 강화할 계획이다. 건축 부문에서는 AI 데이터센터를 비롯한 첨단 산업건축 시장을 적극 공략하며 새로운 성장동력을... ",https://www.1conomynews.co.kr/news/articleView.html?idxno=50424,https://www.1conomynews.co.kr/news/articleView.html?idxno=50424,"Tue, 15 Sep 2026 18:04:00 +0900",2026-09-16 10:10:45
원자력,SMR 시장,AI 데이터센터 뛰어든 건설사들…‘시공 넘어 투자·개발·운영까지’,"기존 데이터센터 시공 경험에 액침냉각과 모듈러 공법을 더해 관련 시장에 대응한다는 전략이다.... 최근에는 미국 홀텍(Holtec), 테라파워(TerraPower) 등과 협력해 소형모듈원전(SMR)을 데이터센터 전력 공급과 연계하는... ",https://www.fntimes.com/html/view.php?ud=202609151739031778048b718333_18,https://www.fntimes.com/html/view.php?ud=202609151739031778048b718333_18,"Tue, 15 Sep 2026 17:48:00 +0900",2026-09-16 10:10:45
원자력,SMR 시장,"[기획] HD현대중공업, 1조 투자…'전력' 새 성장축 키운다",이번 투자를 통해 HD현대중공업은 발전엔진 생산능력을 확대하고 데이터센터를 비롯한 육상 발전시장 공략에 나선다. 동시에 SMR 생산 기반까지 갖추면서 조선 중심의 사업구조를 전력 인프라 분야로 넓히는... ,https://www.kfenews.co.kr/news/articleView.html?idxno=664621,https://www.kfenews.co.kr/news/articleView.html?idxno=664621,"Tue, 15 Sep 2026 17:40:00 +0900",2026-09-16 10:10:45
원자력,SMR 시장,"해오름동맹, 체인지업그라운드서 '벤처·창업 혁신 포럼' 성료",원자력 SMR(소형모듈원자로) 클러스터로 무장한 '경주의 미래 신산업'이 결합할 경우 수도권 판교 테크노밸리에 필적하는 강력한 초광역 혁신 벨트가 완성될 수 있다는 구상이다. 배용수 포항시 부시장은 &quot;포항의 탄탄한... ,https://www.straightnews.co.kr/news/articleView.html?idxno=311273,https://www.straightnews.co.kr/news/articleView.html?idxno=311273,"Tue, 15 Sep 2026 17:10:00 +0900",2026-09-16 10:10:45
원자력,SMR 시장,"DL그룹, '2026 지속가능경영보고서' 발간…기후·안전 중심 ESG 전략 강화","석유화학 부문에서는 고부가가치 스페셜티 제품과 친환경 소재 중심으로 사업 포트폴리오를 재편하고 있으며, 건설 부문에서는 국내 최초로 SMR(소형모듈원자로) 표준화 설계에 착수해 미래 에너지 시장에서의 경쟁력... ",https://www.financialpost.co.kr/news/articleView.html?idxno=275727,https://www.financialpost.co.kr/news/articleView.html?idxno=275727,"Tue, 15 Sep 2026 16:24:00 +0900",2026-09-16 10:10:45
방산/우주항공,방산 주가,[특징주] 빛과전자·대한광통신 등 광통신株 장 초반 급등,"이날 주가를 끌어올릴 만한 기업들의 개별적인 호재나 공시는 파악되지 않았다. 다만 최근 젠슨 황... 최근에는 데이터센터 시장 성장에 발맞춰 고속 데이터 전송용 광모듈을 개발하고, 방산업체와의 협력을 통해... ",https://www.etoday.co.kr/news/view/2626102,https://www.etoday.co.kr/news/view/2626102,"Wed, 16 Sep 2026 09:44:00 +0900",2026-09-16 10:10:46
방산/우주항공,방산 주가,"쎄크, 국내 유일 엑스레이 튜브 기술…HBM 검사장비 공급사 선정 기대","기대감과 방산용 선형가속기(LINAC) 국산화 수요 확대 수혜가 기대된다고 평가했다. 투자의견 긍정적(Positive)과 적정주가 1만원을 제시했다. 김도윤 리서치알음 연구원은 '반도체 빅3, 이제 수율 경쟁 돌입… HBM 적층... ",https://www.mt.co.kr/stock/2026/09/16/2026091609072641361,https://n.news.naver.com/mnews/article/008/0005414391?sid=101,"Wed, 16 Sep 2026 09:17:00 +0900",2026-09-16 10:10:46
방산/우주항공,방산 주가,"SK증권, 한화 목표주가 17만원으로 상향…&quot;사업 포트폴리오 최적화 기대...",목표주가를 기존 15만6062원에서 17만원으로 상향했다. 투자의견은 '매수'를 유지했다. 최관순 SK증권... 한화에어로스페이스는 크로아티아와 4억1000만유로 규모의 천무 수출계약을 체결하는 등 방산 수출 경쟁력을... ,https://www.ezyeconomy.com/news/articleView.html?idxno=239817,https://www.ezyeconomy.com/news/articleView.html?idxno=239817,"Wed, 16 Sep 2026 09:10:00 +0900",2026-09-16 10:10:46
방산/우주항공,방산 주가,"SK증권, 한화 목표가 상향…&quot;사업 포트폴리오 최적화 기대&quot;",SK증권은 16일 한화에 대해 인적분할 재상장 이후 사업 포트폴리오 최적화 등에 대한 기대가 주가에... 앞서 한화는 지난달 방산·조선·해양·에너지·금융 부문이 속한 존속법인과 테크·라이프 부문을 떼어낸 신설법인... ,https://www.yna.co.kr/view/AKR20260916027700008?input=1195m,https://n.news.naver.com/mnews/article/001/0016313441?sid=101,"Wed, 16 Sep 2026 08:37:00 +0900",2026-09-16 10:10:46
방산/우주항공,방산 주가,"리서치알음 “쎄크, HBM 적층 후 X-ray 검사장비 공급사 선정 임박…적정...","주가전망은 ‘긍정적(Positive)’으로 제시하고 적정주가 1만원으로 커버리지를 개시했다. 이날... 이를 기반으로 반도체와 이차전지, 방산용 비파괴 검사장비까지 사업 영역을 확대했다. HBM은 현재 12단 제품이 양산... ",https://www.etoday.co.kr/news/view/2626015,https://www.etoday.co.kr/news/view/2626015,"Wed, 16 Sep 2026 08:36:00 +0900",2026-09-16 10:10:46
방산/우주항공,방산 주가,"신한證 “풍산, 구리값 상승·방산 회복에 실적 개선…목표가 13만원”",최근 주가가 3월 고점 대비 51% 하락해 분할·매각 우려를 과도하게 반영했다며 투자의견 매수와 목표주가 13만원을 유지했다. 박광래 신한투자증권 연구원은 16일 “풍산은 신동과 방산 사업 구조가 동시에 변화하는... ,https://www.etoday.co.kr/news/view/2626010,https://www.etoday.co.kr/news/view/2626010,"Wed, 16 Sep 2026 08:20:00 +0900",2026-09-16 10:10:46
방산/우주항공,방산 주가,"UBS, &quot;팔란티어, 동종 업계 대비 저평가&quot;…목표가 250달러로 상향","UBS는 단기 성장률 피크아웃에 대한 우려와 빅테크 모델 제공업체들의 데이터 소프트웨어 시장 진입 가능성으로 인해 주가가 할인돼 있으나 팔란티어가 인공지능과 데이터, 현대 방산 기술이라는 3대 핵심 성장... ",https://news.einfomax.co.kr/news/articleView.html?idxno=4435069,https://news.einfomax.co.kr/news/articleView.html?idxno=4435069,"Wed, 16 Sep 2026 08:00:00 +0900",2026-09-16 10:10:46
방산/우주항공,방산 주가,"하나증권 &quot;RFHIC, 통신부품 쇼티지 수혜 전망…적극 매수&quot;","이투데이=유한새 기자 | 하나증권은 16일 RFHIC에 대해 방산 수출 호조와 함께 향후 통신 부품 '쇼티지(공급 부족)' 발생 가능성이 높아 밸류에이션 확장이 기대된다며, 투자의견 '매수'와 목표주가 15만원을 유지했다.... ",https://www.etoday.co.kr/news/view/2625987,https://www.etoday.co.kr/news/view/2625987,"Wed, 16 Sep 2026 07:36:00 +0900",2026-09-16 10:10:46
방산/우주항공,방산 주가,"[키-리포트] 하나 &quot;RFHIC, 장·단기 적극 매수…투자 매력 높아&quot;","하나증권은 이와 함께 RFHIC에 대한 투자의견을 매수로, 목표주가를 15만원으로 유지했다. RFHIC는 1999년 설립된 기업으로 질화갈륨(GaN) 트랜지스터, 전력 증폭기를 개발하는 곳이다. 이는 무선통신, 방산, 항공우주 등... ",http://www.newsdream.kr/news/articleView.html?idxno=118227,http://www.newsdream.kr/news/articleView.html?idxno=118227,"Wed, 16 Sep 2026 07:16:00 +0900",2026-09-16 10:10:46
방산/우주항공,방산 주가,“9월중엔 주식창 안볼랍니다”…美긴축공포에 코스피 대형주 피눈물,"조선·방산·전력 중후장대株 타격 FOMC·연휴 앞두고 수급 관망세 외국인은 한달새 20조원 순매도 강해진 원화값 부담에 장기 금리 급등에 따른 수익성 부담까지 겹치면서 조선, 전력기기 등 주요 중후장대 업종 주가... ",https://www.mk.co.kr/article/12153825,https://n.news.naver.com/mnews/article/009/0005735808?sid=101,"Wed, 16 Sep 2026 06:14:00 +0900",2026-09-16 10:10:46
방산/우주항공,방산 주가,"&quot;코스피 내년 하반기에 1만2000포인트&quot;…전문가의 자신있는 전망, 근거는...",역시 방산과 인프라 재건으로 돈을 쓸 수밖에 없다&quot;며 &quot;인공지능(AI) 때문에 투자가 활발해지면서 나타나는 현상인 만큼 금리가 올라간다고 해서 주가가 떨어진다는 공식은 적용되지 않는다&quot;고 덧붙였다. 코스피 지수의... ,https://www.newsis.com/view/NISX20260915_0003790295,https://n.news.naver.com/mnews/article/003/0014192806?sid=101,"Wed, 16 Sep 2026 00:53:00 +0900",2026-09-16 10:10:46
방산/우주항공,방산 주가,"'85,000원→62,000원' 단숨에 27% 낮췄다...방산사업 매각 어떻길래",키움증권이 현대위아에 대해 이익 기여도가 높은 방산 사업 매각에 대한 우려가 크다며 목표주가를 8만5천원에서 6만2천원으로 낮췄다. 투자의견은 사실상 '중립'을 의미하는 '마켓퍼폼'(Marketperform)을 유지했다. 신윤철... ,http://www.wowtv.co.kr/NewsCenter/News/Read?articleId=A202609150666&t=NN,https://n.news.naver.com/mnews/article/215/0001266080?sid=101,"Tue, 15 Sep 2026 20:09:00 +0900",2026-09-16 10:10:46
방산/우주항공,우주항공 산업,"디와이씨다이나믹스, 방산·통신·우주항공 업체 3곳 벤더 등록","회사 측에 따르면 이번에 디와이씨다이나믹스가 벤더 등록에 성공한 기업들은 각각 방위산업용 제어장치 부품, 레이더 등 통신 관련 부품, 우주항공용 부품을 생산하는 업체들이다. 고난도 정밀부품 가공 기술과 품질관리... ",https://www.newsis.com/view/NISX20260916_0003791512,https://n.news.naver.com/mnews/article/003/0014193400?sid=101,"Wed, 16 Sep 2026 10:06:00 +0900",2026-09-16 10:10:47
방산/우주항공,우주항공 산업,[오늘의 일정] 9월 16일 수요일 국회,"과학기술원자력우주항공법안심사소위원회(15:00 본관 628호) ▲ 의원실 세미나 김주영 의원실 등, 안전 일터를 위한 산재보상-예방 연계 강화 토론회(10:00 의원회관 제2세미나실) 박정 의원실 등, 에너지 산업국가... ",https://www.jeonmae.co.kr/news/articleView.html?idxno=1293855,https://www.jeonmae.co.kr/news/articleView.html?idxno=1293855,"Wed, 16 Sep 2026 09:58:00 +0900",2026-09-16 10:10:47
방산/우주항공,우주항공 산업,[오늘의 국회]2026년 9월 16일,"과학기술원자력우주항공법안심사소위원회(본관 628호) ◇의원실 세미나 10:00 김주영 의원실 등, 안전 일터를 위한 산재보상-예방 연계 강화 토론회(의원회관 제2세미나실) 10:00 박정 의원실 등, 에너지 산업국가... ",https://www.dnews.co.kr/uhtml/view.jsp?idxno=202609160926069860234,https://www.dnews.co.kr/uhtml/view.jsp?idxno=202609160926069860234,"Wed, 16 Sep 2026 09:42:00 +0900",2026-09-16 10:10:47
방산/우주항공,우주항공 산업,&quot;정부 공공기관 경남으로 이전하는 게 바람직&quot;,&quot;조선·방산·원전·우주항공 등 대한민국 핵심 전략산업 집적된 곳이 곧 경남이다&quot; &quot;경남 전략산업을 뒷받침 할 핵심 공공기관을 경남으로 이전해야 합니다.&quot; 박완수 경남도지사와 경남지역 국민의힘 국회의원들은 14일... ,https://www.pressian.com/pages/articles/2026091609265302402?utm_source=naver&utm_medium=search,https://n.news.naver.com/mnews/article/002/0002456878?sid=102,"Wed, 16 Sep 2026 09:28:00 +0900",2026-09-16 10:10:47
방산/우주항공,우주항공 산업,"[경남 브리핑 모음(9월16일)] 의령군, 내년도 재해위험지역 정비 190억 원...",이어 “진주시는 우주항공산업을 중심으로 새로운 미래를 만들어가고 있다”라며 “어린이와 청소년들이 마음껏 꿈꾸고 도전할 수 있도록 과학과 우주항공을 비롯한 다양한 분야의 미래인재 양성을 위해 더욱... ,https://www.dnews.co.kr/uhtml/view.jsp?idxno=202609151941194390214,https://www.dnews.co.kr/uhtml/view.jsp?idxno=202609151941194390214,"Wed, 16 Sep 2026 09:22:00 +0900",2026-09-16 10:10:47
방산/우주항공,우주항공 산업,"국가위성 넘어 저궤도로…KAI, 유럽 ASL과 K-LEO 통신위성 공동개발",[사진=KAI] 한국항공우주산업(KAI)이 국가 위성개발 사업에서 축적한 체계종합·제작 역량을 바탕으로 저궤도 위성통신 분야로 사업 영역을 넓힌다. 유럽 위성 전문기업과 손잡고 한국형 저궤도 위성통신망(K-LEO)... ,https://www.news2day.co.kr/article/20260916500043,https://www.news2day.co.kr/article/20260916500043,"Wed, 16 Sep 2026 09:04:00 +0900",2026-09-16 10:10:47
방산/우주항공,우주항공 산업,시민 아이디어가 AI 서비스로…화성시 'AI 챌린지' 개최,행사는 △Moving City AI(미래차·자율주행·도심항공교통) △AX &amp; Physical AI(제조·산업 AI 전환 및 로보틱스) △Real Life AI(헬스케어·스마트홈) △Sustainable City AI(교통·안전·도시 데이터 기반 시설) △X-Space AI(우주항공... ,https://www.m-i.kr/news/articleView.html?idxno=1414471,https://www.m-i.kr/news/articleView.html?idxno=1414471,"Wed, 16 Sep 2026 08:44:00 +0900",2026-09-16 10:10:47
방산/우주항공,우주항공 산업,"'드론 잡는 드론'에 승부수…에어빌리티, 기흥 캠퍼스 출범","병역특례 지정업체로 전문연구요원과 산업기능요원 채용도 병행한다. 에어빌리티는 지난해 12월 시제기 3종의 천이비행에 성공했으며, 우주항공청 '2026년 스케일업 팁스'에 선정돼 30억원의 R&amp;D 자금을 추가 확보했다.... ",http://www.economytalk.kr/news/articleView.html?idxno=424144,http://www.economytalk.kr/news/articleView.html?idxno=424144,"Wed, 16 Sep 2026 07:40:00 +0900",2026-09-16 10:10:47
방산/우주항공,우주항공 산업,[오늘의 주요일정·16일] 한성숙 총리 국가테러대책위원회,전략산업 포럼(송도항공우주융합원) ▲ 허태정 대전시장 19:00 2026 통장님 감사 음악회(엑스포시민광장) ▲ 김상욱 울산시장 10:00 제267회 시의회 제1차 정례회 제2차 본회의 개의(본회의장) 13:30 사회복지협의회... ,https://www.safetimes.co.kr/news/articleView.html?idxno=245735,https://www.safetimes.co.kr/news/articleView.html?idxno=245735,"Wed, 16 Sep 2026 07:06:00 +0900",2026-09-16 10:10:47
방산/우주항공,우주항공 산업,[오늘의 국회일정](16일·수),"과학기술원자력우주항공법안심사소위원회(15:00 본관 628호) ▲ 의원실 세미나 김주영 의원실 등, 안전 일터를 위한 산재보상-예방 연계 강화 토론회(10:00 의원회관 제2세미나실) 박정 의원실 등, 에너지 산업국가... ",https://www.yna.co.kr/view/AKR20260915179200001?input=1195m,https://n.news.naver.com/mnews/article/001/0016313368?sid=100,"Wed, 16 Sep 2026 07:00:00 +0900",2026-09-16 10:10:47
방산/우주항공,우주항공 산업,"누리호, 첫 군집위성 띄운다…내달 15기 싣고 5차 발사",위성 산업의 한 단계 도약을 시험하는 무대가 될 전망이다.박재성 우주항공청 우주수송부문장은 15일 &quot;이번 5차 발사에서 누리호는 국내 최초의 군집위성 발사 임무에 도전한다&quot;며 &quot;우리나라 위성개발이 양산·군집 운용... ,https://www.kbsm.net/news/view.php?idx=534391,https://www.kbsm.net/news/view.php?idx=534391,"Wed, 16 Sep 2026 06:44:00 +0900",2026-09-16 10:10:47
방산/우주항공,우주항공 산업,"[오늘의 국회일정] (16일, 수)","과학기술원자력우주항공법안심사소위원회 (본관 628호) ◇의원실 세미나 10:00 김주영 의원실 등, 안전 일터를 위한 산재보상-예방 연계 강화 토론회 (의원회관 제2세미나실) 10:00 박정 의원실 등, 에너지 산업국... ",http://www.queen.co.kr/news/articleView.html?idxno=463422,http://www.queen.co.kr/news/articleView.html?idxno=463422,"Wed, 16 Sep 2026 06:40:00 +0900",2026-09-16 10:10:47
방산/우주항공,우주항공 산업,[ICK 혁신 대학을 가다/연암공과대학교] '기술입국' 기반 X+AI 교육혁신으...,"진주시, 한국항공우주산업(KAI), 신성델타테크, 경남테크노파크, 중소벤처기업진흥공단, 한국산업기술시험원 등 20여 개 지자체·산업체·지역혁신기관이 참여하는 지산학연 협의체를 운영하고 있으며, LG... ",https://news.unn.net/news/articleView.html?idxno=597100,https://news.unn.net/news/articleView.html?idxno=597100,"Wed, 16 Sep 2026 06:16:00 +0900",2026-09-16 10:10:47
방산/우주항공,우주항공 산업,"[N2 모닝 경제 브리핑-9월 16일] 美 증시, ‘금리·유가’ 겹악재에 휘청...","다우존스30산업평균지수는 전 거래일 대비 328.09포인트(0.63%) 내린 52,093.11에 거래를 마쳤다.... 에이치브이엠 : 우주항공용 최첨단 단조설비 도입 위해 415억7190만7500원 투자 - 쎄크 : 한화에어로스페이스와... ",https://www.news2day.co.kr/article/20260915500031,https://www.news2day.co.kr/article/20260915500031,"Wed, 16 Sep 2026 05:26:00 +0900",2026-09-16 10:10:47
방산/우주항공,K방산 수출,피지컬AI에 1조4131억원…전북·경남서 제조실증,"방산·조선·기계 등 제조현장의 작업자·로봇 행동과 물리법칙, 공간정보를 학습해 실제 작업과... 대한민국의 ‘K-제조공장’을 세계시장에 수출하는 새로운 산업경쟁력으로 이어질 수 있도록 적극 지원하겠다”고... ",https://www.dailian.co.kr/news/view/1690909/?sc=Naver,https://n.news.naver.com/mnews/article/119/0003133212?sid=105,"Wed, 16 Sep 2026 10:01:00 +0900",2026-09-16 10:10:47
방산/우주항공,K방산 수출,[AI픽] 전북·경남서 피지컬AI 본격화…'K-제조공장' 수출한다,이를 K-제조공장 수출형 모델로 발전시킨다는 구상이다. 경남에서는 '인간-AI 협업형 대형행동모델(LAM) 개발·글로벌 실증' 사업을 통해 사람과 AI가 협업하는 정밀제어 특화 피지컬AI 기술 개발이 진행된다. 방산·조선... ,https://www.yna.co.kr/view/AKR20260915169800017?input=1195m,https://n.news.naver.com/mnews/article/001/0016313756?sid=105,"Wed, 16 Sep 2026 10:00:00 +0900",2026-09-16 10:10:47
방산/우주항공,K방산 수출,전북·경남에서 '피지컬 AI' 본격 가동…5개년 로드맵 제시,"향후 산업별 앵커기업과 함께 표준과 상호운용성을 갖춘 'K-제조공장' 수출 모델로 발전시킨다는 계획이다. 경남에서는 '인간-AI 협업형 LAM 개발·글로벌 실증' 사업을 추진한다. 방산과 조선, 기계 등 제조산업 기반과... ",https://www.digitaltoday.co.kr/news/articleView.html?idxno=700752,https://www.digitaltoday.co.kr/news/articleView.html?idxno=700752,"Wed, 16 Sep 2026 10:00:00 +0900",2026-09-16 10:10:47
방산/우주항공,K방산 수출,"공장 전체를 AI로 가동…정부, 전북·경남서 '피지컬AI' 기술 개발","갖춘 K-제조공장 수출형 모델로 발전시킬 계획이다. 경남, 사람과 AI 협업하는 '정밀제어 특화 기술' 개발... 방산·조선·기계 등 핵심 제조산업과 210개 산업단지라는 제조 기반을 갖춘 경남에 올해부터 2030년까지... ",https://www.mt.co.kr/tech/2026/09/16/2026091517494144964,https://n.news.naver.com/mnews/article/008/0005414432?sid=105,"Wed, 16 Sep 2026 10:00:00 +0900",2026-09-16 10:10:47
방산/우주항공,K방산 수출,"정부, 1.4조 투입해 전북·경남서 제조 피지컬 AI 기술확보",지난해 기술검증(PoC)에서 확인한 현장 적용성과를 바탕으로 AI로 공장을 설계·구축·운영하는 범용 다크팩토리 모델을 확보하고 표준과 상호운용성을 갖춘 K-제조공장 수출형 모델로도 발전시킬 계획이다. 방산·조선... ,https://view.asiae.co.kr/article/2026091608563848047,https://n.news.naver.com/mnews/article/277/0005817005?sid=105,"Wed, 16 Sep 2026 10:00:00 +0900",2026-09-16 10:10:47
방산/우주항공,K방산 수출,인플레 우려 커지자…美 10년물 금리 5% 넘어 [1분 브리프],"사상최고치 ○수출길 막힌 사우디, 원유공급량 급감 ○글로벌 에너지 물가 상승 불가피 ■ &quot;K9만 있는 게 아니다&quot; K방산 패키지주로 전장 넓히는 한화에어로[클릭e종목] ○2Q 실적 분기 역대 최대 기록 ○K9... ",https://view.asiae.co.kr/article/2026091523160577976,https://n.news.naver.com/mnews/article/277/0005816857?sid=101,"Wed, 16 Sep 2026 08:00:00 +0900",2026-09-16 10:10:47
방산/우주항공,K방산 수출,"잠수함 넘어 수상함까지…K-함정, 미래 해양전력 시장 정조준",방위사업청이 잠수함과 수상함을 아우르는 미래 해양전력의 발전 방향을 논의하고 K-함정의 수출 기반을... 관계자와 방산 전문가 600여 명이 참석했다. 올해 ISTC에서 주목할 부분은 논의의 외연이 넓어졌다는... ,https://www.goodmorningcc.com/news/articleView.html?idxno=452442,https://www.goodmorningcc.com/news/articleView.html?idxno=452442,"Wed, 16 Sep 2026 02:28:00 +0900",2026-09-16 10:10:47
방산/우주항공,K방산 수출,"[기고]울산경제 대전환의 골든타임, '트램 논쟁'을 넘어라","▲ 김종수 GKRP울산시민연대 미국 KIC연구그룹 고문 지금 세계는 K-문화와 산업에 주목하고 한국방문을... 손톱깎이부터 자동차·조선·방산제품까지 한자리에서 보고, 체험하며, 면세구매와 수출상담까지 이어지는 상설... ",https://www.ksilbo.co.kr/news/articleView.html?idxno=1067359,https://www.ksilbo.co.kr/news/articleView.html?idxno=1067359,"Wed, 16 Sep 2026 00:02:00 +0900",2026-09-16 10:10:47
방산/우주항공,K방산 수출,[정희진의 낯선 사이]경찰 무기 수출과 무기 박람회를 생각하며,무기 수출에 대해 정부의 관리 감독이나 규제는 미흡하다. 한편 오는 12월8일부터 11일까지 ‘K-DEX 2026’이... K방산은 이미 무기 수출을 넘어 한국의 국가전략 산업으로 자리매김하고 있다. 무기 수출이 국가전략... ,https://www.khan.co.kr/article/202609152013015,https://n.news.naver.com/mnews/article/032/0003470591?sid=110,"Tue, 15 Sep 2026 20:14:00 +0900",2026-09-16 10:10:47
방산/우주항공,K방산 수출,크로아티아가 '천무' 택한 이유… 美 무기 한계에 K방산 주목,대한민국 무기체계를 처음으로 크로아티아에 수출하며 K방산의 유럽 시장 확대 성과를 거뒀다는 것이다.... 폴란드는 현재 천무 발사대와 탄약에 토파즈를 결합한 호마르-K(Homar-K)를 운용하고 있다. 한국산 발사대라는... ,https://www.econovill.com/news/articleView.html?idxno=750877,https://www.econovill.com/news/articleView.html?idxno=750877,"Tue, 15 Sep 2026 19:32:00 +0900",2026-09-16 10:10:47
방산/우주항공,K방산 수출,"美, 한국과 국방상호조달협정 논의 멈춰···K방산 美 수출 '경고등'",미국이 동맹국과 방산물자를 거래할 때 관세와 조달상 불이익을 줄여주는 국방상호조달협정(RDP-A) 신규... 그동안 미국과 협정을 맺지 않아 체결국보다 불리한 조건에서 경쟁해 온 K방산의 시장 진출 여건이 더욱 악화될... ,http://www.enewstoday.co.kr/news/articleView.html?idxno=2470871,http://www.enewstoday.co.kr/news/articleView.html?idxno=2470871,"Tue, 15 Sep 2026 18:38:00 +0900",2026-09-16 10:10:47
방산/우주항공,K방산 수출,美 패트리엇 공급 병목 파고든 K-방산…스위스서 L-SAM 승부,이번 스위스 수주전에서 L-SAM이 승리를 거머쥔다면 국내 방산 업체의 수출 품목이 전차와 자주포에서 미사일과 레이더로 넓어질 수 있다고 봤다. 또한 유안타증권은 스위스 수주 결과와 별개로미국 패트리엇... ,https://dealsite.co.kr/articles/169078,https://dealsite.co.kr/articles/169078,"Tue, 15 Sep 2026 17:34:00 +0900",2026-09-16 10:10:47
방산/우주항공,K방산 수출,"방사청, 20여 개국과 미래 해양전력 협력 논의…K-함정 경쟁력 알린다",방위사업청이 세계 각국 해군 관계자와 방산 전문가들을 한자리에 모아 차세대 함정 기술과 미래 해양전력... 넓히고 K-함정 수출 기반도 강화한다는 계획이다. 김일동 방위사업청 차장은 &quot;ISTC는 잠수함과 수상함... ,https://www.shinailbo.co.kr/news/articleView.html?idxno=5062607,https://www.shinailbo.co.kr/news/articleView.html?idxno=5062607,"Tue, 15 Sep 2026 16:50:00 +0900",2026-09-16 10:10:47
방산/우주항공,K방산 수출,방위력개선비 22조 쏟아붓는다…K방산 '양산과 수출' 동시 가속도,방산업계 관계자는 &quot;자국 군의 대규모 정식 채택과 빠른 실전 배치는 글로벌 방산 고객들에게 제품의 성능과 신뢰성을 입증하는 최우선 기준&quot;이라며 &quot;재래식 기동화력 중심이던 K-방산의 수출 지도가 초음속... ,https://www.mhns.co.kr/news/articleView.html?idxno=760493,https://www.mhns.co.kr/news/articleView.html?idxno=760493,"Tue, 15 Sep 2026 16:50:00 +0900",2026-09-16 10:10:47
방산/우주항공,K방산 수출,"K-방산, 100조 수주에도 점유율 2%…&quot;체급 키워 메인 시장 가야&quot;","끝으로 &quot;현재 국 단위에 불과한 방사청 국제협력국을 방산수출본부급으로 격상하고, 메인 시장인 유럽·나토와 미국 등에 집중할 수 있는 수출 지원단 조직 보강이 수반돼야 2%대의 점유율 벽을 넘어설 수 있다&quot;고... ",https://www.insightkorea.co.kr/news/articleView.html?idxno=254595,https://www.insightkorea.co.kr/news/articleView.html?idxno=254595,"Tue, 15 Sep 2026 16:40:00 +0900",2026-09-16 10:10:47
방산/우주항공,K방산 수출,“K2도 타볼래” 앙코르 드라이빙…15개국 외교단 홀린 K-방산,"이재명 정부가 K-방산을 핵심 수출산업으로 키우며 유럽을 비롯한 해외시장 공략에 힘을 싣는 가운데, 외교 현장에서도 ‘체험형 방산 세일즈’에 나선 셈이다. 행사 말미 15개국 외교단은 김 차관과 함께 양손 엄지를... ",https://www.joongang.co.kr/article/25462030,https://n.news.naver.com/mnews/article/025/0003551527?sid=100,"Tue, 15 Sep 2026 16:00:00 +0900",2026-09-16 10:10:47
방산/우주항공,K방산 수출,'K반도체·조선' 호황에도 지방기업은 휘청…지방은행 부실채권 2조 육...,"최근 반도체와 조선, 방산 등 일부 산업은 수출 호조와 글로벌 수요 증가에 힘입어 실적 개선세를 보이고 있다. 하지만 해당 산업의 생산 및 수출 증가가 지역 내 모든 기업으로 확산되는 데는 한계가 있다는 지적이다.... ",https://www.thepublic.kr/news/articleView.html?idxno=318809,https://www.thepublic.kr/news/articleView.html?idxno=318809,"Tue, 15 Sep 2026 13:52:00 +0900",2026-09-16 10:10:47
방산/우주항공,K방산 수출,"K-의료기기 해외로 더 뻗는다…우리은행, ‘생산적 금융’ 지원 확대","이번 금융지원은 국내 의료기기 산업이 생산과 수출에서 성장세를 이어가는 가운데 기업의 추가 성장을... 해당 프로그램은 AI, 바이오, 콘텐츠·문화, 방산, 에너지, 첨단 제조 등 정부가 선정한 6대 성장엔진을 중점... ",https://m.skyedaily.com/news_view.html?ID=311594,https://m.skyedaily.com/news_view.html?ID=311594,"Tue, 15 Sep 2026 12:36:00 +0900",2026-09-16 10:10:47
방산/우주항공,K방산 수출,"[산업AI EXPO 프리뷰] AI to Motion ⑥ | 설비가 보내는 ‘떨림’, AI 센서...","생산 데이터의 외부 반출이 제한되는 반도체·디스플레이 공정과 방산 현장에서 센서 자체 연산을 활용할... 플랫폼 ‘K Connect AI’와 연계해 산업 AI 기술·솔루션 전시를 기획했다. 여기에 콘퍼런스, 수출상담회... ",https://www.hellot.net/news/article.html?no=114967,https://www.hellot.net/news/article.html?no=114967,"Tue, 15 Sep 2026 10:38:00 +0900",2026-09-16 10:10:47
철강/조선,철강 주가,[증시 포인트] 미 FOMC 앞두고 제한적 흐름 전망,한 연구원은 &quot;현재의 주가 하방 압력은 9월 FOMC 불확실성 및 AI 투자 축소 노이즈가 맞물리는 과정에서... 판가 전가력을 갖춘 구경제 가치 업종(에너지·화학·철강·조선·비철·유틸리티)이 1개월·3개월 모두... ,http://www.opinionnews.co.kr/news/articleView.html?idxno=144503,http://www.opinionnews.co.kr/news/articleView.html?idxno=144503,"Wed, 16 Sep 2026 08:30:00 +0900",2026-09-16 10:10:48
철강/조선,철강 주가,임단협 난항 HD현대중공업 노조 파업 수위 끌어올린다,철강·조선은 자동차·건설 등 전방산업과 맞물린 국가 기간산업이어서 파업이 장기화되면 연쇄적인 생산... 이날도 집중교섭을 이어갈 예정이다. 추석 연휴를 앞둔 이번 주가 타결 여부를 가를 최대 고비로 꼽힌다.   uskkm@,https://www.ulsanpress.net/news/articleView.html?idxno=583116,https://www.ulsanpress.net/news/articleView.html?idxno=583116,"Tue, 15 Sep 2026 21:08:00 +0900",2026-09-16 10:10:48
철강/조선,철강 주가,"[올댓차이나] 대만 증시, AI 개발 속도조절 우려에 4일째 하락…0.77%↓","시장 비중이 절대적인 전자기기주가 0.66%, 방직주 1.05%, 시멘트·요업주 1.08%, 석유화학주 2.50%, 건설주... 47%, 철강주 중국강철 0.80%, 타이완 시멘트 0.42%, 궈타이 건설 2.52%, 방직주 신섬 1.85%, 타이완 유리 3.11... ",https://www.newsis.com/view/NISX20260915_0003790947,https://n.news.naver.com/mnews/article/003/0014192697?sid=104,"Tue, 15 Sep 2026 20:25:00 +0900",2026-09-16 10:10:48
철강/조선,철강 주가,고금리·고유가에 코스피 나흘째 하락…6620대로 밀려,의료정밀(1.2%)과 철강소재(1.2%) 등은 올랐다. 코스닥은 6포인트(0.7%) 오른 812에 장을 마치며 3거래일... 미국 클래리티 법안의 절차 표결을 앞두고 아톤(29.8%)과 한컴위드(29.8%) 등 스테이블코인 관련주가 상한가를... ,https://www.koreareport.co.kr/news/articleView.html?idxno=52948,https://www.koreareport.co.kr/news/articleView.html?idxno=52948,"Tue, 15 Sep 2026 17:56:00 +0900",2026-09-16 10:10:48
철강/조선,철강 주가,[마감시황] 유가·금리 다시 뛰자 코스피 6620대로...환율 1359원,반면 이차전지주가 상승하면서 코스닥은 3거래일 만에 반등했다. 15일 한국거래소에 따르면 코스피는... 의료정밀(1.23%)과 철강소재(1.17%) 업종도 올랐다. 코스닥시장에서는 외국인과 기관이 각각 241억원... ,https://www.polinews.co.kr/news/articleView.html?idxno=743197,https://www.polinews.co.kr/news/articleView.html?idxno=743197,"Tue, 15 Sep 2026 17:15:00 +0900",2026-09-16 10:10:48
철강/조선,철강 주가,"코스피, 美 국채금리 5% 돌파·유가 급등 부담에 6620선 후퇴","시가총액 상위권에서는 KB금융이 ▼3.19% 밀린 데 이어 삼성생명도 ▼4.19% 하락하며 금융 대형주가 지수... 23%), 철강소재(1.17%) 등은 올랐다. 코스닥은 3거래일 만에 반등, 스테이블코인 관련주 상한가... ",https://www.pinpointnews.co.kr/news/articleView.html?idxno=487298,https://www.pinpointnews.co.kr/news/articleView.html?idxno=487298,"Tue, 15 Sep 2026 16:42:00 +0900",2026-09-16 10:10:48
철강/조선,철강 주가,"코스피, 美국채금리·유가 동반상승·AI 속도조절론 여파로 나흘째 하락...","업종별로 보면 운송장비(-3.35%), 유통(-2.75%), 증권(-2.14%) 등이 내렸으며 의료정밀(1.23%), 철강소재(1.17... 미국 클래리티 법안의 절차 표결을 앞두고 아톤(29.84%), 한컴위드(29.78%) 등 스테이블코인 관련주가 상한가를... ",https://www.getnews.co.kr/news/articleView.html?idxno=880857,https://www.getnews.co.kr/news/articleView.html?idxno=880857,"Tue, 15 Sep 2026 16:40:00 +0900",2026-09-16 10:10:48
철강/조선,철강 주가,"[증시 프리즘] 코스피, 금리·유가·AI 속도조절론에 0.8%↓…삼전·닉스...","업종별로는 운송장비(-3.35%), 유통(-2.75%), 증권(-2.14%) 등이 약세를 보인 반면 의료정밀(1.23%), 철강소재(1.17... 2차전지와 로봇주가 강세를 보이면서 지수 상승을 이끌었다. 에코프로가 3.56%, 에코프로비엠이 2.98... ",https://www.moneystorm.kr/news/articleView.html?idxno=6509,https://www.moneystorm.kr/news/articleView.html?idxno=6509,"Tue, 15 Sep 2026 16:40:00 +0900",2026-09-16 10:10:48
철강/조선,철강 주가,고금리·고유가에 코스피 4거래일째 하락... 6600선 턱걸이 [마감시황],인공지능(AI) 개발 속도조절론의 여파가 이어지며 반도체 대형주가 약세를 보였고 외국인과 기관의 동반... 철강과 사이버보안주도 상대적으로 강했고 코스닥에서는 제약·바이오와 일부 로봇·반도체 장비 종목이... ,https://www.m-i.kr/news/articleView.html?idxno=1414290,https://www.m-i.kr/news/articleView.html?idxno=1414290,"Tue, 15 Sep 2026 16:24:00 +0900",2026-09-16 10:10:48
철강/조선,철강 주가,"금리·AI 부담, 코스피 '뚝'..삼성SDI·DL이앤씨·현대제철은 '활짝'","반도체주 주가도 급락했다. 미국 FOMC(연방공개시장위원회)의 기준금리 인상 가능성도 변수로... 철강주에선 현대제철(6.52%), POSCO홀딩스(1.84%), 세아베스틸지주(5.62%) 등이 껑충 올랐다. 건설주에선 대우건설(1.97... ",http://www.choicenews.co.kr/news/articleView.html?idxno=171354,http://www.choicenews.co.kr/news/articleView.html?idxno=171354,"Tue, 15 Sep 2026 16:22:00 +0900",2026-09-16 10:10:48
철강/조선,철강 주가,"코스피, 금리·유가·AI 속도조절론 부담속 0.8%↓…나흘째 하락(종합)","업종별로 보면 운송장비(-3.35%), 유통(-2.75%), 증권(-2.14%) 등이 내렸으며 의료정밀(1.23%), 철강소재(1.17... 아울러 미국 클래리티 법안의 절차 표결을 앞두고 아톤(29.84%), 한컴위드(29.78%) 등 스테이블코인 관련주가... ",https://www.yna.co.kr/view/AKR20260915142000008?input=1195m,https://n.news.naver.com/mnews/article/001/0016312414?sid=101,"Tue, 15 Sep 2026 16:12:00 +0900",2026-09-16 10:10:48
철강/조선,철강 주가,"코스피 '고금리·고유가·AI 속도조절론'에 6,620대…나흘째 하락","업종별로 보면 운송장비(-3.35%), 유통(-2.75%), 증권(-2.14%) 등이 내렸으며 의료정밀(1.23%), 철강소재(1.17... 아울러 미국 클래리티 법안의 절차 표결을 앞두고 아톤(29.84%), 한컴위드(29.78%) 등 스테이블코인 관련주가... ",http://www.seouleconews.com/news/articleView.html?idxno=93772,http://www.seouleconews.com/news/articleView.html?idxno=93772,"Tue, 15 Sep 2026 15:58:00 +0900",2026-09-16 10:10:48
철강/조선,철강 주가,금리·유가·AI속도 '트리플 악재'…코스피 6600선 '낙폭 확대'[장중시황...,"마이크론(-5.25%), 엔비디아(-3.36%), AMD(-4.40%) 등 주요 반도체주가 하락했다. 이런 우려로 전날 각각 4.05... 업종별로는 생명과학도구및서비스(2.75%), 전기제품(2.73%), 소프트웨어(1.63%), 철강(1.37%)이 강세다.... ",https://www.news1.kr/finance/general-stock/6291126,https://n.news.naver.com/mnews/article/421/0009171402?sid=101,"Tue, 15 Sep 2026 14:44:00 +0900",2026-09-16 10:10:48
철강/조선,철강 주가,리튬 공급망 다시 주목…포스코퓨처엠 주가 신바람,"기대가 주가에 영향을 주는 모습이다. LG에너지솔루션도 3.13% 상승한 36만2500원에 거래중이다. 배터리... 포스코엠텍은 철강 관련 사업과 함께 2차전지 소재 관련 테마로 분류되는 종목이며, 하이드로리튬은 리튬 소재... ",https://www.pinpointnews.co.kr/news/articleView.html?idxno=487223,https://www.pinpointnews.co.kr/news/articleView.html?idxno=487223,"Tue, 15 Sep 2026 14:24:00 +0900",2026-09-16 10:10:48
철강/조선,철강 주가,"현대제철, 장중 7%대 강세…美 전기로 제철소 기대 지속 [종목NOW]",이날 장중 3만2750원까지 내렸던 주가는 상승 전환해 3만7200원까지 치솟았다. 장중 고가 기준 상승률은 12.73... 미국의 철강 관세 장벽에 대응하는 동시에 현대차그룹의 현지 자동차 생산망과 연계해 안정적인... ,https://www.fnnews.com/news/202609151353525690,https://n.news.naver.com/mnews/article/014/0005576017?sid=101,"Tue, 15 Sep 2026 13:56:00 +0900",2026-09-16 10:10:48
철강/조선,철강 주가,"[호주 특징주] 산토스, 포스코와 10년 LNG 공급 주요 조건 합의",갤러거 CEO는 &quot;포스코는 세계적인 철강 제조업체 중 하나&quot;라며 &quot;이처럼 세계적 위상을 갖춘 고객과... 산토스 주가는 한국시간 기준 오후 12시 12분 현재 1.6% 하락한 8.59호주달러를 기록 중이다. 같은 시간 호주... ,https://www.newspim.com/news/view/20260915000741,https://www.newspim.com/news/view/20260915000741,"Tue, 15 Sep 2026 12:48:00 +0900",2026-09-16 10:10:48
철강/조선,철강 주가,삼전닉스 '상승 전환'에도 코스피 혼조 보합권…AI 속도조절론 '부담'[장...,"하락세로 출발한 반도체 대형주가 상승 전환했지만 코스피는 탄력을 받지 못한 채 강보합세를... 업종별로는 전기제품(3.88%), 생명과학도구및서비스(3.82%), 철강(2.69%), 전자제품(2.62%)이 강세다. 반면... ",https://www.news1.kr/finance/general-stock/6290940,https://n.news.naver.com/mnews/article/421/0009170827?sid=101,"Tue, 15 Sep 2026 11:55:00 +0900",2026-09-16 10:10:48
철강/조선,철강 주가,"한창산업, 인도·베트남 철강 생산 확대에 제올라이트 수요 기대↑",제철 공정에서 산소 공급을 통해 생산 효율을 높이는 진공압력변동흡착(VPSA) 방식이 활용되고 있는 만큼 신흥국의 철강 생산 확대가 관련 설비와 소재 수요로 이어질지 관심이 쏠린다. 주가도 최근 시장 대비 강한... ,https://www.edaily.co.kr/News/Read?newsId=03296406645580448&mediaCodeNo=257&utm_source=naver&utm_medium=referral&utm_campaign=news_syndication&utm_content=original_article,https://n.news.naver.com/mnews/article/018/0006369568?sid=101,"Tue, 15 Sep 2026 11:06:00 +0900",2026-09-16 10:10:48
철강/조선,철강 주가,[ESGX 이슈 5] 美 발전소 탄소규제 폐지…CCS 의무도 철회,"텍사스, 데이터센터 물 사용 미보고 제재…AI ‘물 리스크’ 부상 미국 텍사스주가 데이터센터 등 대규모 물... 금융당국은 산업부가 마련 중인 철강·석유화학·시멘트·정유·전자조립 등 5개 탄소 다배출 업종의 감축... ",https://www.etoday.co.kr/news/view/2625638,https://www.etoday.co.kr/news/view/2625638,"Tue, 15 Sep 2026 10:32:00 +0900",2026-09-16 10:10:48
철강/조선,조선 산업,"거제시, 조선산업 현장 주역 4명 표창","거제시는 23회 조선해양의 날을 맞아 15일 지역 조선산업 발전에 이바지한 모범노동자 4명에게 표창패를 수여했다. 주인공은 삼성중공업 윤성찬(인사관리팀)·김송은(인사관리팀) 씨, 한화오션 박순복(특수선CM팀)·신상기... ",https://www.idomin.com/news/articleView.html?idxno=2015052,https://www.idomin.com/news/articleView.html?idxno=2015052,"Wed, 16 Sep 2026 10:02:00 +0900",2026-09-16 10:10:49
철강/조선,조선 산업,"부산시-BISTEP, 신항만 탄소중립 전주기 생태계 논의",주요 발표에서는 △경제자유구역의 R&amp;D 연계·확산 역할 △CCUS 산업 전망과 해운·항만 분야 CCUS 생태계 구축 방향 △신항만 탄소중립 기술·산업 밸류체인 △글로벌 해운 탈탄소 전환과 K-조선기자재 산업의 기회... ,https://www.gukjenews.com/news/articleView.html?idxno=3696720,https://www.gukjenews.com/news/articleView.html?idxno=3696720,"Wed, 16 Sep 2026 10:00:00 +0900",2026-09-16 10:10:49
철강/조선,조선 산업,철강·조선 파업 동시 확대…포스코 120시간·HD현대중 21시간,철강은 자동차·조선 등 전방산업에 소재를 공급하고 조선은 수주 물량을 일정대로 건조·인도해야 하는 만큼 갈등이 길어질수록 부담이 커질 수밖에 없다. 포스코 노조는 이날 오전 7시부터 오는 21일 오전 7시까지... ,https://www.ekn.kr/web/view.php?key=20260916021315279,https://www.ekn.kr/web/view.php?key=20260916021315279,"Wed, 16 Sep 2026 09:58:00 +0900",2026-09-16 10:10:49
철강/조선,조선 산업,[이민청보다 먼저 이민정책⑤] 독일은 왜 '이미 완성된 인재'보다 '성장...,"다만 인력부족이 실제로 확인되는 첨단 제조업과 기계·조선, 산업용 소프트웨어 같은 분야에서 일정한 자격과 경력을 갖춘 사람에게 제한적으로 국내 구직 기회를 확대하는 '한국형 기회비자' 를 검토할 수 있다. 표2.... ",https://www.eroun.net/news/articleView.html?idxno=89477,https://www.eroun.net/news/articleView.html?idxno=89477,"Wed, 16 Sep 2026 09:20:00 +0900",2026-09-16 10:10:49
철강/조선,조선 산업,"&quot;中 해군 팽창 따라잡아라&quot;… 美 해군, '韓·日 건조 군함 직접 구매' 검...","냉전 종식 이후 자국 조선 산업 기반의 붕괴로 신규 함정 건조 속도가 중국의 팽창 속도를 따라가지 못하자, 미 행정부가 자국 조선소 재건이 완료될 때까지 동맹국의 압도적인 건조 역량을 빌려 즉각적인 전력 공백을... ",https://www.g-enews.com/view.php?ud=2026091608591226420c8c1c064d_1,https://www.g-enews.com/view.php?ud=2026091608591226420c8c1c064d_1,"Wed, 16 Sep 2026 09:04:00 +0900",2026-09-16 10:10:49
철강/조선,조선 산업,"무협, 중앙아시아 경제협력 넓힌다…AI·핵심광물·플랜트 '신사업 발굴...","대우건설과 현대코퍼레이션, 고려조선산업기술 등이 참여해 주요 사업과 향후 협력 방향을 공유했다. 기존 에너지·플랜트 분야뿐 아니라 현지 교통·물류 인프라 확충과 연계한 조선·교통 분야 협력 방안도 테이블에... ",https://www.shinailbo.co.kr/news/articleView.html?idxno=5062710,https://www.shinailbo.co.kr/news/articleView.html?idxno=5062710,"Wed, 16 Sep 2026 09:04:00 +0900",2026-09-16 10:10:49
철강/조선,조선 산업,"재료硏-국립부경대, 해양산업 공동연구 거점 '해양 AI 소재 연구센터' 개...","최철진 원장은 “글로벌 해양·조선 산업이 친환경·스마트화로 빠르게 전환되는 가운데 첨단소재 기술과 AI·데이터 융합이 더욱 중요해지고 있다”며, “국립부경대와 긴밀히 협력해 해양 AI 소재 연구센터가 대한민국... ",https://www.etnews.com/20260916000034,https://n.news.naver.com/mnews/article/030/0003467186?sid=102,"Wed, 16 Sep 2026 08:57:00 +0900",2026-09-16 10:10:49
철강/조선,조선 산업,"무협, 카자흐스탄·투르크메니스탄과 비즈니스 라운드테이블 개최","특히 투르크메니스탄의 천연가스 고부가가치화 사업과 연계해 비료·가스화학 등 플랜트 분야에서 우리 기업의 참여 확대와 신규 프로젝트 발굴 방안을 중점적으로 논의했으며, 대우건설·현대코퍼레이션·고려조선산업... ",https://www.edaily.co.kr/News/Read?newsId=02669926645580776&mediaCodeNo=257&utm_source=naver&utm_medium=referral&utm_campaign=news_syndication&utm_content=original_article,https://n.news.naver.com/mnews/article/018/0006370109?sid=101,"Wed, 16 Sep 2026 08:25:00 +0900",2026-09-16 10:10:49
철강/조선,조선 산업,"재료硏-부경대, '해양 AI 소재 연구센터' 현판식 개최","KIMS 최철진 원장은 &quot;글로벌 해양·조선 산업이 친환경·스마트화로 빠르게 전환되는 가운데, 첨단소재 기술과 AI·데이터의 융합이 더욱 중요해지고 있다&quot;며, &quot;국립부경대와 긴밀히 협력해 해양 AI 소재 연구센터가... ",http://www.snmnews.com/news/articleView.html?idxno=574809,http://www.snmnews.com/news/articleView.html?idxno=574809,"Wed, 16 Sep 2026 08:24:00 +0900",2026-09-16 10:10:49
철강/조선,조선 산업,"포브스 &quot;오스탈 USA 인수경쟁, 美 해양 국방에 악재&quot;","16일 미국 경제 전문지 포브스(Forbes)에 따르면 오스탈 USA 인수 경쟁이 장기화될 경우 인수가 상승으로 주주에게 높은 보상을 안겨주지만, 미국 조선 산업 기반을 약화시켜 국가 안보에 심각한 위협이 될 수 있다는 우려가... ",https://www.theguru.co.kr/news/article.html?no=107148,https://www.theguru.co.kr/news/article.html?no=107148,"Wed, 16 Sep 2026 08:22:00 +0900",2026-09-16 10:10:49
철강/조선,조선 산업,"美 해군, 동맹국 군함 직접 조달 검토…K전투함 수주 기회",반면 미국은 냉전 이후 조선산업 기반이 약화하면서 필요한 군함을 제때 확보하는 데 어려움을 겪고 있다. 트럼프 행정부는 2027회계연도 예산에서 해군 조선사업에 660억달러를 투입해 34척의 군함과 지원함을 건조한다는... ,https://www.hankyung.com/article/202609167155i,https://n.news.naver.com/mnews/article/015/0005332786?sid=104,"Wed, 16 Sep 2026 08:01:00 +0900",2026-09-16 10:10:49
철강/조선,조선 산업,"日언론 &quot;美해군, 한일 등서 호위함 조달 검토…日함정 높게 평가&quot;",트럼프 대통령은 지난달 13일 발표한 '미 해군과 미국 조선산업 기반 재건'을 위한 대통령 각서를 통해 미 해군함을 일정 조건을 충족한 외국 조선업체가 해외에서 건조할 수 있도록 길을 열었다. 각서에 따르면 해외... ,https://www.news1.kr/world/northeast-asia/6291774,https://n.news.naver.com/mnews/article/421/0009172695?sid=104,"Wed, 16 Sep 2026 08:00:00 +0900",2026-09-16 10:10:49
철강/조선,조선 산업,"[더벨]'LOI 제출' 한국카본·태광산업 컨소, 케이조선 인수 유력",한국카본과 태광산업이 케이조선 인수를 위한 인수의향서(LOI)를 제출했다. 앞서 공동 인수를 결정하고 자문단을 꾸린 데 이어 실제 매각 절차에 참여하면서 케이조선 인수전이 본격화했다. 14일 투자은행(IB) 업계에... ,https://www.thebell.co.kr/free/content/ArticleView.asp?key=202609140804124160102243,https://www.thebell.co.kr/free/content/ArticleView.asp?key=202609140804124160102243,"Wed, 16 Sep 2026 07:58:00 +0900",2026-09-16 10:10:49
철강/조선,조선 산업,"&quot;석탄발전 폐지지역 위원회, 노동자 참여 숙의 필요&quot;",조선산업 사회적 대화 사례처럼 정부와 노사 간 테이블에 경사노위가 참여하는 형태다. 이런 제안은 현행 사회적 대화가 한계에 봉착한 데서 출발한다. 김기우 한국노총 중앙연구원 연구조정실장은 기후 사회적 대화... ,https://www.labortoday.co.kr/news/articleView.html?idxno=236811,https://www.labortoday.co.kr/news/articleView.html?idxno=236811,"Wed, 16 Sep 2026 06:34:00 +0900",2026-09-16 10:10:49
철강/조선,조선 산업,"현실로 나온 AI…데일리안, K-제조 미래 짚는다 [2026 산업비전포럼]","제조 경쟁력으로 이어지기 위해 필요한 산업 생태계와 실행 과제도 논의할 예정이다. 데이터센터와 자동차, 전력, 조선 등 각 산업의 기술과 인프라를 연결해 한국 제조업의 새로운 성장 방향을 제시할 것으로 기대된다.",https://www.dailian.co.kr/news/view/1690779/?sc=Naver,https://n.news.naver.com/mnews/article/119/0003133110?sid=101,"Wed, 16 Sep 2026 06:30:00 +0900",2026-09-16 10:10:49
철강/조선,조선 산업,[초대석]“조선소 호황인데 거제는 소멸 걱정”,그는 “생산 기반과 핵심 사업장이 있는 거제를 두고 우수인력이 역외로 계속해서 빠져나간다면 거제가 조선산업의 핵심 기능을 잃고 단순 생산기지로 전락할 것은 불 보듯 뻔한 일”이라고 지적했다. 거제시는 양 그룹... ,https://www.donga.com/news/Society/article/all/20260915/134674917/2,https://n.news.naver.com/mnews/article/020/0003748428?sid=102,"Wed, 16 Sep 2026 04:33:00 +0900",2026-09-16 10:10:49
철강/조선,조선 산업,[기억할 오늘] 1년 중 하루쯤은 관광객 없이 우리끼리,비행기도 버스도 아무것도 들어오지 못하게 하면서.” 미국 북서부 해안도시 시애틀은 20세기 초중반 해운·조선업과 목재산업으로 흥성하다 1970년대 불황을 겪었으나 마이크로소프트와 아마존 등 IT 기업의... ,https://www.hankookilbo.com/news/article/A2026091412400002637?did=NA,https://n.news.naver.com/mnews/article/469/0000954265?sid=110,"Wed, 16 Sep 2026 04:30:00 +0900",2026-09-16 10:10:49
철강/조선,선박 수주,美 해군 &quot;日 호위함 살 수도&quot; 韓 조선업에도 수주 기회,신속한 선박 인도라는 트럼프 대통령의 의도를 실현하기 위한 선택지&quot;를 검토하고 있다고 밝혔다. 다른... 초기 선박의 본국 건조를 허용했다. 해외에서 먼저 함정을 확보하고 이후 기술과 생산방식을 미국으로 들여와... ,https://www.fnnews.com/news/202609160942191507,https://n.news.naver.com/mnews/article/014/0005576513?sid=104,"Wed, 16 Sep 2026 09:57:00 +0900",2026-09-16 10:10:49
철강/조선,선박 수주,한화오션 8만2500원 강보합…VLCC 교체·군함 수주 기대 속 미국 금리 향...,"조선주는 장기간에 걸쳐 매출이 인식되는 수주 산업이라는 특성 때문에 환율과 금리, 선박 금융 여건도 함께 살펴볼 필요가 있다. 특히 대규모 선박 발주는 선주의 자금조달 비용과 연결되는 만큼 미국의 고금리... ",https://www.cbci.co.kr/news/articleView.html?idxno=607221,https://www.cbci.co.kr/news/articleView.html?idxno=607221,"Wed, 16 Sep 2026 09:50:00 +0900",2026-09-16 10:10:49
철강/조선,선박 수주,사우디 우회로까지 막혔다…한국 기업 원유 조달비 ‘경고등’,로이터는 이 때문에 “핵심 원유 수출로의 차질이 수주간 지속될 수 있다는 우려가 깊어졌다(disruptions to... HMM 등 해운사도 선박 연료 가격 상승에 더해 중동 항로의 보험료와 우회 운항 비용까지 부담할 수 있다.... ,https://sateconomy.co.kr/news/view/1065571906954197,https://sateconomy.co.kr/news/view/1065571906954197,"Wed, 16 Sep 2026 09:20:00 +0900",2026-09-16 10:10:49
철강/조선,선박 수주,"&quot;호르무즈 위험 피한다&quot;… 日 인펙스, 인도네시아 '아바디 LNG' 글로벌 러...","우에다 사장은 &quot;선박들이 위험천만한 호르무즈 해협을 통과할 필요가 없다는 사실 하나만으로도 에너지... 인펙스의 아바디 LNG 프로젝트를 둘러싼 글로벌 수주전은, 향후 ‘중동의 지정학적 화약고 폭발로 인해... ",https://www.g-enews.com/view.php?ud=2026091608340260180c8c1c064d_1,https://www.g-enews.com/view.php?ud=2026091608340260180c8c1c064d_1,"Wed, 16 Sep 2026 08:36:00 +0900",2026-09-16 10:10:49
철강/조선,선박 수주,"[더벨][빅딜 그 이후] 한화오션, 자본잠식 위기 딛고 영업이익 1조 시대...",2021년부터 고부가가치 선박인 LNG선 수주를 크게 늘렸다. 2021년 15척이던 신규 수주는 2022년 38척으로 급증했다. 한화그룹 인수 등의 이벤트 영향으로 수주가 둔화됐던 2023년에도 LNG선박만큼은 5척을 신규... ,https://www.thebell.co.kr/free/content/ArticleView.asp?key=202609101444130640105932,https://www.thebell.co.kr/free/content/ArticleView.asp?key=202609101444130640105932,"Wed, 16 Sep 2026 08:18:00 +0900",2026-09-16 10:10:49
철강/조선,선박 수주,친환경에 신뢰성까지···‘한국의 심장’ 대륙의 배 움직인다[경제밥...,선박 수주 1000만t을 돌파한 1997년 9월15일을 기념해 만들어졌다. 정부는 2004년부터 기념식을 개최하고 있다. 문신학 산업통상부 차관은 지난 10일 열린 제23회 조선해양의 날 축사에서 “지난 1년간 K조선은 8년 만의... ,https://www.khan.co.kr/article/202609160700001,https://n.news.naver.com/mnews/article/032/0003470676?sid=101,"Wed, 16 Sep 2026 07:00:00 +0900",2026-09-16 10:10:49
철강/조선,선박 수주,"후티 진격에 예멘 10만명 피란…메카까지 경보, 홍해 물류도 위기",국제통화기금(IMF) 자료에 따르면 하루 평균 통과 선박 수도 가자전쟁 이전의 절반 수준에 머물고 있다. 이집트 외무장관은 최근 손실액이 110억 달러에 달한다고 밝혔다. 그렇다고 해서 이집트가 후티 반군과 싸우는... ,https://www.moneystorm.kr/news/articleView.html?idxno=6512,https://www.moneystorm.kr/news/articleView.html?idxno=6512,"Wed, 16 Sep 2026 06:37:00 +0900",2026-09-16 10:10:49
철강/조선,선박 수주,길어지는 중동 전쟁… 자동차 수출 20% 급감,"중동행 선박을 구하기 어려울 뿐만 아니라, 배가 있어도 운임비가 치솟은 탓이다. 윤승현 벤투스 대표는... 없는 수준”이라고 했다. 고급 브랜드 제네시스까지 선보이며 중동 시장을 공략해 온 현대차 역시 중동... ",https://www.chosun.com/economy/industry-company/2026/09/16/E2DHNEYJHND4NOELGYEL6WKQHM/?utm_source=naver&utm_medium=referral&utm_campaign=naver-news,https://n.news.naver.com/mnews/article/023/0003998621?sid=101,"Wed, 16 Sep 2026 00:34:00 +0900",2026-09-16 10:10:49
철강/조선,선박 수주,"대한전선, HVDC 투자 확대...'서해안 에너지 고속도로' 채비","전문 선박이 필요하다. 대한전선은 케이블 생산뿐 아니라 운송과 포설, 접속까지 맡을 수 있는 사업구조를... 프로젝트 수주의 기반으로 활용할 방침이다. 다만 서해안 에너지 고속도로와 같은 장거리 HVDC 사업에 본격... ",https://www.energy-news.co.kr/news/articleView.html?idxno=228217,https://www.energy-news.co.kr/news/articleView.html?idxno=228217,"Tue, 15 Sep 2026 22:56:00 +0900",2026-09-16 10:10:49
철강/조선,선박 수주,"美 LNG 늘자 배도 커진다…K조선, 20만㎥급 LNG선 경쟁","반기보고서에 따르면 한화오션은 2024년 3월 LNG운반선 8척을 수주한 데 이어 같은 해 4월 4척, 6월 4척 등 대규모 LNG선 물량을 확보했다. 해당 선박들의 인도 일정은 2027~2028년까지 이어진다. 앞서 계약한 LNG선도... ",https://www.econovill.com/news/articleView.html?idxno=750869,https://www.econovill.com/news/articleView.html?idxno=750869,"Tue, 15 Sep 2026 19:32:00 +0900",2026-09-16 10:10:49
철강/조선,선박 수주,울산 수출 3.3% 증가했지만…자동차·선박은 '반토막',"다만 선박은 인도 시기에 따라 월별 실적 변동이 커 수주나 건조 물량 감소로 단정하기는 어렵다. 8월 수입액은 원유와 석유화학제품 수입 증가로 전년 동월보다 5.9% 늘어난 58억5,000만달러를 기록했다.... ",https://www.iusm.co.kr/news/articleView.html?idxno=1067982,https://www.iusm.co.kr/news/articleView.html?idxno=1067982,"Tue, 15 Sep 2026 18:56:00 +0900",2026-09-16 10:10:49
철강/조선,선박 수주,"가스는 투르크멘 우라늄은 카자흐…李 중앙아 자원외교, 수주로 이어질...","인력이 선박을 공동 건조하는 협력 방식을 이어가기로 했고, 이 대통령은 철도 현대화 사업에 대한 한국 기업의 참여도 요청했다. 현재로서는 추가 플랜트 발주나 국내 기업의 신규 수주가 확정된 것은 아니다. 다만 정부... ",https://daily.hankooki.com/news/articleView.html?idxno=1406474,https://daily.hankooki.com/news/articleView.html?idxno=1406474,"Tue, 15 Sep 2026 18:46:00 +0900",2026-09-16 10:10:49
철강/조선,선박 수주,LNG 벙커링선 '귀한 몸'… 기회 잡은 HD현대·HJ重,"LNG 벙커링선을 수주해온 HD현대중공업와 HJ중공업에 기회로 작용할 것이라는 전망이 나온다. 15일 DNV가... 하지만 현재 운항 중인 벙커링선은 70여척뿐이고, 2029년까지 인도되는 선박을 합해도 100척 안팎이다.... ",https://www.fnnews.com/news/202609151811220453,https://n.news.naver.com/mnews/article/014/0005576260?sid=101,"Tue, 15 Sep 2026 18:13:00 +0900",2026-09-16 10:10:49
에너지/석유,에너지 주가,"아모그린텍 주가, 급등세... 어떤 회사길래?","사진=아모그린텍 아모그린텍 주가가 급등 중이다. 16일 오전 10시 9분 KRX 기준 아모그린텍은 전 거래일... 고효율 자성소재, 방열 소재, 나노 멤브레인 소재 등을 개발·제조하며 기능성 부품과 에너지·환경... ",https://www.ggilbo.com/news/articleView.html?idxno=1182006,https://www.ggilbo.com/news/articleView.html?idxno=1182006,"Wed, 16 Sep 2026 10:10:00 +0900",2026-09-16 10:10:50
에너지/석유,에너지 주가,"[특징주] LS에코에너지, 美 태양광 케이블 공급 소식에 15%대 급등",시장에서는 이번 공급 소식이 LS에코에너지의 주가 상승 재료로 작용한 것으로 보고 있다. LS에코에너지가 베트남 생산법인을 활용해 미국 태양광 발전단지에 제품을 공급하면서 미국 시장에서 사업을 확대할 수... ,https://www.ajunews.com/view/20260916094723653,https://www.ajunews.com/view/20260916094723653,"Wed, 16 Sep 2026 09:52:00 +0900",2026-09-16 10:10:50
에너지/석유,에너지 주가,"LS에코에너지 주가 강세, 美 태양광 발전단지에 케이블 공급",LS에코에너지 로고 LS에코에너지 주가가 강세다. 16일 오전 9시 30분 기준 LS에코에너지는 19.96%(9950원) 상승한 5만 9800원에 거래되고 있다. 미국 태양광 발전단지에 중전압(MV)급 케이블을 공급했다는 소식에 주가가... ,https://www.gukjenews.com/news/articleView.html?idxno=3696709,https://www.gukjenews.com/news/articleView.html?idxno=3696709,"Wed, 16 Sep 2026 09:38:00 +0900",2026-09-16 10:10:50
에너지/석유,에너지 주가,"SK이노베이션, 올해 영업익 10조 전망…유안타證 &quot;목표가 20%↑&quot;",16일 유안타증권은 SK이노베이션에 대해 투자의견 '매수'를 유지하고 목표주가를 기존 17만원에서... 러시아·우크라이나 에너지 설비 파손 등을 주요 원인으로 꼽았다. 다만 하반기 예정된 3가지 구조조정은... ,https://www.newsworks.co.kr/news/articleView.html?idxno=853881,https://www.newsworks.co.kr/news/articleView.html?idxno=853881,"Wed, 16 Sep 2026 09:26:00 +0900",2026-09-16 10:10:50
에너지/석유,에너지 주가,"日증시, 반도체주 매수에 상승 출발…닛케이 0.30%↑",16일 일본 도쿄증시에서 닛케이225지수(닛케이평균주가)가 반도체 관련주의 강세에 힘입어 상승 출발했다.... 기업의 생산·운송 비용을 높이고 가계의 에너지 지출을 늘릴 수 있어서다. 물가 압력이 다시 커지면 각국... ,https://www.newsis.com/view/NISX20260916_0003791293,https://n.news.naver.com/mnews/article/003/0014193182?sid=104,"Wed, 16 Sep 2026 09:25:00 +0900",2026-09-16 10:10:50
에너지/석유,에너지 주가,"미 하원, AI 데이터센터 전력비 전가 방지 법안 표결",CNBC는 15일 미 하원이 데이터센터 관련 에너지 비용 전가를 막기 위해 각 주가 채택할 수 있는 규제 체계를 마련하는 법안을 표결할 예정이라고 보도했다. 법안은 하원 에너지·상무위원회를 52대0으로 통과했다.... ,https://www.tokenpost.kr/news/breaking/408647,https://www.tokenpost.kr/news/breaking/408647,"Wed, 16 Sep 2026 09:22:00 +0900",2026-09-16 10:10:50
에너지/석유,석유 시장,"[Why&amp;Next]‘박정성호’ 출범 한 달…3500억달러 대미 투자, 실익 극대화...","이와 관련해 장 원장은 &quot;이미 15% 합의 틀이 있는 데다 철강이나 석유화학을 제외하면 한국 제조업의... 통상 시장 다변화도 필요하다. 미·중 갈등과 보호무역주의, 중국의 공급과잉 물량 수출에 대응하려면 포괄적... ",https://view.asiae.co.kr/article/2026091608465093843,https://n.news.naver.com/mnews/article/277/0005817009?sid=101,"Wed, 16 Sep 2026 10:01:00 +0900",2026-09-16 10:10:51
에너지/석유,석유 시장,"여수산단 GS칼텍스, 22년째 한가위 선물 꾸러미","복지시설 128곳, 취약계층 700세대에 쌀·명절 식료품 등 전달 여수석유화학국가산단 입주기업인... 이날 기부 행사에는 서영학 여수시장과 주재현 여수시의회 의장, 정철섭 여수시지역사회보장협의체 위원장, 진기섭... ",https://biz.heraldcorp.com/article/10875105?ref=naver,https://n.news.naver.com/mnews/article/016/0002697951?sid=102,"Wed, 16 Sep 2026 09:52:00 +0900",2026-09-16 10:10:51
에너지/석유,석유 시장,"[위클리오늘] &quot;공장 절반 이상이 이곳에&quot;…500대 기업 생산기지, 영남·...",인구가 많고 소비시장과 가까운 데다 구매력이 높은 지역적 특성이 생산시설 입지에 영향을 미친 것으로 풀이된다. 호남권에서는 석유화학·의약 생산시설의 비중이 높았다. 해당 지역에 37곳의 생산기지가... ,http://www.weeklytoday.com/news/articleView.html?idxno=794654,http://www.weeklytoday.com/news/articleView.html?idxno=794654,"Wed, 16 Sep 2026 09:46:00 +0900",2026-09-16 10:10:51
에너지/석유,석유 시장,"202억원 조달한 리퀴드 컴퓨트, CFTC 자격 신청","자원이 석유처럼 저장할 수 있는 상품보다 전력에 가깝다고 설명했다. GPU 종류와 위치, 사용 시간에 따라 가치가 달라지고 남는 용량을 장기간 이월하기 어렵다는 점을 근거로 들었다. 회사의 구상은 단기 현물 시장을... ",https://www.tokenpost.kr/news/ai/408665,https://www.tokenpost.kr/news/ai/408665,"Wed, 16 Sep 2026 09:40:00 +0900",2026-09-16 10:10:51
에너지/석유,석유 시장,"대한화섬, 자동차 내장재 시장 공략…2030년 산업용 소재 비중 55% 목표","태광그룹 섬유·석유화학 계열사 대한화섬은 에이스파인을 앞세워 글로벌 자동차 내장재 시장 진출을 본격화한다고 밝혔다. 에이스파인은 국내에서 전 공정을 생산하는 초극세사 소재로, 기존 의류용 중심에서 자동차... ",http://www.kdfnews.com/news/articleView.html?idxno=188099,http://www.kdfnews.com/news/articleView.html?idxno=188099,"Wed, 16 Sep 2026 09:28:00 +0900",2026-09-16 10:10:51
에너지/석유,석유 시장,"대우건설, 투르크메니스탄 카라쿰운하 현대화 업무협약 체결","지난해 현지 플랜트 시장에 진출한 데 이어 수자원·환경 인프라로 사업 영역을 넓히는 모습이다.... 한편 대우건설은 현지 첫 수주 이후 석유화학 플랜트와 가스전 개발, 철도·지하철 등 투르크메니스탄 내 추가... ",https://www.megaeconomy.co.kr/news/newsview.php?ncode=1065572220994714,https://www.megaeconomy.co.kr/news/newsview.php?ncode=1065572220994714,"Wed, 16 Sep 2026 09:28:00 +0900",2026-09-16 10:10:51
에너지/석유,석유 시장,[뉴욕 마켓 브리핑](16일),83달러 *시황 요약 △뉴욕 금융시장에서 주식시장은 3대 지수는 이틀째 동반 하락. 미국 10년물... idxno=4435052] -리비아 국영석유공사 &quot;시위대가 송유관 밸브 폐쇄…불가항력 선언 가능성&quot; [https://news.... ,https://news.einfomax.co.kr/news/articleView.html?idxno=4435095,https://news.einfomax.co.kr/news/articleView.html?idxno=4435095,"Wed, 16 Sep 2026 09:20:00 +0900",2026-09-16 10:10:51
에너지/석유,석유 시장,[오늘의 사설] &quot;인사난맥상 보여주는 중수청장 후보 추가검증&quot;,청문회/석유 공급 3중 위기에 최대 소비… 이란전 장기화 대비해야/AI 무한경쟁 속 '속도조절론'까지 나오는데... 금융시장 충격 대비해야 ▲ 한국일보 = 청문회서 '피의사실 공표죄'라니… 김승원 의혹만 더 쌓였다/인사... ,http://www.nongaek.com/news/articleView.html?idxno=96805,http://www.nongaek.com/news/articleView.html?idxno=96805,"Wed, 16 Sep 2026 09:14:00 +0900",2026-09-16 10:10:51
에너지/석유,석유 시장,"[리포트] 아고스, 카자흐 국영기업과 맞손···'안티드론'으로 중앙아시...",안티드론 전문기업 아고스가 카자흐스탄 국영 기업과 손잡고 중앙아시아 방산·안보 시장 공략에 나섰습니다. 현지 석유 시설 등 국가 주요 시설에 한국형 안티드론 시스템을 구축하고 카자흐스탄을 거점으로 유라시아... ,http://www.paxetv.com/news/articleView.html?idxno=281992,http://www.paxetv.com/news/articleView.html?idxno=281992,"Wed, 16 Sep 2026 09:14:00 +0900",2026-09-16 10:10:51
에너지/석유,석유 시장,"정부, 미래폐자원 핵심광물 회수 규제특례 추진","해당 폐자원에는 규소와 알루미늄, 구리, 티타늄, 텅스텐 등이 포함돼 있지만 그동안 국내 재활용 시장이... 현재 튀김부스러기는 음식물류 폐기물로 분류돼 석유대체연료 원료물질로의 재활용이 제한돼 있다. 정부는... ",http://www.ferrotimes.com/news/articleView.html?idxno=50390,http://www.ferrotimes.com/news/articleView.html?idxno=50390,"Wed, 16 Sep 2026 09:10:00 +0900",2026-09-16 10:10:51
에너지/석유,정유 산업,교수 좋아하는 LG…계열사 8곳 모두 '법학 전공' 교수 사외이사 1명씩,"글로벌 기술 경쟁 심화와 급격한 산업 패러다임 전환에 발맞춰, 사외이사도 전문적인 기술 자문을... 화학·정유·철강·소재 업종의 경우 교수 사외이사 34명 중 이공계 전공자는 8명(23.5%) 수준이며, 자동차·부품... ",https://www.kyosu.net/news/articleView.html?idxno=210268,https://www.kyosu.net/news/articleView.html?idxno=210268,"Wed, 16 Sep 2026 09:36:00 +0900",2026-09-16 10:10:52
에너지/석유,정유 산업,한성숙 총리 &quot;중앙아와 첨단산업·핵심광물 협력 확대&quot;…대규모 MOU 체결,"우선 한-카자흐스탄 행사는 첨단산업과 인프라, 금융 등으로 협력 범위를 넓히는 방안을 다뤘으며 카라차가낙 가스처리 플랜트 건설 및 파블로다르 정유공장 확장 프로젝트 등 84건의 협력 MOU가 체결됐다. 이어 열린 한... ",https://www.pointe.co.kr/news/articleView.html?idxno=84807,https://www.pointe.co.kr/news/articleView.html?idxno=84807,"Wed, 16 Sep 2026 09:30:00 +0900",2026-09-16 10:10:52
에너지/석유,정유 산업,기름값은 눌렀는데…최고가격제 연장시 세금 부담은 '더',하지만 정부가 최고가격제를 연장할수록 향후 세금으로 마련해야 할 정유업체 손실 보전 부담은 더 커지게 됐습니다. 원유 수급 긴급회의를 연 산업통상부는 오는 18일 석유 최고가격을 발표할 예정입니다. [영상취재... ,https://news.jtbc.co.kr/article/NB12318526?influxDiv=NAVER,https://n.news.naver.com/mnews/article/437/0000511307?sid=101,"Wed, 16 Sep 2026 09:16:00 +0900",2026-09-16 10:10:52
에너지/석유,정유 산업,이란 전쟁發 고유가에 전세계 곳곳 시위 확산,시네스의 대형 정유시설 인근에서는 차량 행렬이 도로 진입을 막았다. 아시아에서는 연료 부족과 가격... 방글라데시에서는 전력 생산에 필요한 액화천연가스(LNG) 부족으로 핵심 수출산업인 의류업이 타격을 받고 있다.... ,https://www.edaily.co.kr/News/Read?newsId=02797846645580776&mediaCodeNo=257&utm_source=naver&utm_medium=referral&utm_campaign=news_syndication&utm_content=original_article,https://n.news.naver.com/mnews/article/018/0006370144?sid=101,"Wed, 16 Sep 2026 09:06:00 +0900",2026-09-16 10:10:52
에너지/석유,정유 산업,사우디 대형 프로젝트 따낸 삼성E&amp;A…후속 사업 기대,사우디 동부 주베일 산업단지에 천연가스를 원료로 하루 3500t의 암모니아를 생산하고 이를 활용해 하루... 사업 범위는 정유·석유화학에서 수처리와 가스 분야로 넓어지고 있다. 삼성E&amp;A는 지난 6월 중동에서... ,http://www.lkp.news/news/articleView.html?idxno=84061,http://www.lkp.news/news/articleView.html?idxno=84061,"Wed, 16 Sep 2026 08:54:00 +0900",2026-09-16 10:10:52
에너지/석유,정유 산업,"[애널픽] 산업 지형도 바꾼 이란전쟁…韓, 방산·정유·건설 '반사이익...",변용진 애널리스트는 &quot;미국의 재고가 복원되는 공백기 전체가 한국 방위산업의 수출 확대 구간&quot;이라고 평가했다. 정유업계도 반사이익이 예상된다. 한국은 중동산 원유 의존도가 높지만 대형 정유사의 구매력과... ,https://theviewers.co.kr/View.aspx?No=4229029,https://theviewers.co.kr/View.aspx?No=4229029,"Wed, 16 Sep 2026 08:52:00 +0900",2026-09-16 10:10:52
에너지/석유,정유 산업,탄소포집활용 실증센터 신규 과제 공모 … “이번에는 상용화까지 갈까...,"정부가 산업현장에서 발생한 이산화탄소를 포집해 화학원료와 연료, 건설소재 등으로 전환하는... CCU는 철강·시멘트·석유화학·정유 등 온실가스를 대량으로 배출하는 사업장에서 이산화탄소를 분리·포집한 뒤 이를... ",https://www.dailyt.co.kr/newsView/dlt202609160005,https://www.dailyt.co.kr/newsView/dlt202609160005,"Wed, 16 Sep 2026 07:44:00 +0900",2026-09-16 10:10:52
에너지/석유,정유 산업,"[박근종 칼럼] 고유가·고금리·AI 감속 '트릴레마', 복합위기 파고 넘을...","국민들은 '유가 불감증'에 빠졌고, 정유업계의 손실 보전을 위해 정부가 떠안아야 할 재정 부담은 이미 6월... 무엇보다도 한국 경제의 든든한 버팀목이었던 반도체 산업마저 'AI 속도 조절론'이라는 예기치 못한 암초를... ",https://www.mhns.co.kr/news/articleView.html?idxno=760530,https://www.mhns.co.kr/news/articleView.html?idxno=760530,"Wed, 16 Sep 2026 07:08:00 +0900",2026-09-16 10:10:52
에너지/석유,정유 산업,"[뉴욕증시] 국채 5%·유가 108달러 '더블 펀치', 이틀째 휘청···반도체...","15일(현지시간) 뉴욕증권거래소(NYSE)에서 우량주 중심의 다우존스30 산업평균지수는 전장보다 328.09포인트... 반면 정유주인 엑손모빌과 셰브론은 각각 2.57%, 2.64% 상승했다. 미 상원이 가상자산 시장의 포괄적인 규제... ",https://www.seoulfn.com/news/articleView.html?idxno=638066,https://www.seoulfn.com/news/articleView.html?idxno=638066,"Wed, 16 Sep 2026 06:59:00 +0900",2026-09-16 10:10:52
에너지/석유,정유 산업,"뉴욕증시, 국제유가 고공행진, 국채금리 급등 등 영향 하락⋯알파벳 1%...","이날 뉴욕증권거래소(NYSE)에서 다우존스30산업평균지수(다우지수)는 전거래일보다 0.63%(328.09포인트)... 15% 떨어졌다. 팔란티어도 0.43% 하락했다. 국제유가 고공행진에 정유주인 엑손모빌과 셰브론은 2.57%, 2.64% 올랐다",http://www.econonews.co.kr/news/articleView.html?idxno=444381,http://www.econonews.co.kr/news/articleView.html?idxno=444381,"Wed, 16 Sep 2026 06:52:00 +0900",2026-09-16 10:10:52
에너지/석유,정유 산업,[THE CEO] 허태수 GS그룹 회장,GS가 경험하지 않았던 산업으로 사업영역을 넓히기보다 정유·에너지와 건설 등 그룹이 오랫동안 쌓아온 역량을 새로운 시장에서 활용하는 방식에 가깝다. 허 회장이 이런 사업방식을 택한 건 GS의 사업구조도 요인으로... ,http://www.the-biz.co.kr/news/articleView.html?idxno=727704,http://www.the-biz.co.kr/news/articleView.html?idxno=727704,"Wed, 16 Sep 2026 06:30:00 +0900",2026-09-16 10:10:52
에너지/석유,정유 산업,"물가 안정 vs 정유사 손실⋯ 정부, 10차 석유 최고가 ‘딜레마’","산업통상부는 지난 7월 당시 최고가격이 정유사 추정가격보다 휘발유는 리터당 100원, 경유•등유는 300원 낮다고 공개했다. 이후 유가 상승세가 이어진 점을 감안하면 현재 최고가격과 정유사 추정가격 간 격차는... ",https://www.viva100.com/article/20260915501040,https://www.viva100.com/article/20260915501040,"Wed, 16 Sep 2026 06:28:00 +0900",2026-09-16 10:10:52
에너지/석유,정유 산업,[데스크 시각] 원유 고갈론과 AI 속도조절론,한때 우리나라 정유업계를 대표했던 SK와 LG 관계사 등이 이제 전기차 배터리를 개발하고 생산 중입니다. 2026년 AI 산업에서도 당시와 똑같은 장면이 재현되고 있습니다. AI 위험을 가장 크게 경고하는 이들도 AI를 가장... ,https://www.etoday.co.kr/news/view/2625748,https://www.etoday.co.kr/news/view/2625748,"Wed, 16 Sep 2026 06:02:00 +0900",2026-09-16 10:10:52
에너지/석유,정유 산업,국제유가 급등 ‘반짝 특수’에도… 웃지 못하는 정유업계,이는 결국 석유제품 소비 자체를 줄여 정유·석유화학 산업 전반의 장기적인 생존을 위협할 수 있다. 정유업계 관계자는 “일시적인 마진 상승은 착시일 뿐 불확실성이 커질수록 원유 수급 불안과 장기 수요 감소라는... ,https://www.segye.com/newsView/20260915515850?OutUrl=naver,https://n.news.naver.com/mnews/article/022/0004159367?sid=101,"Wed, 16 Sep 2026 06:02:00 +0900",2026-09-16 10:10:52
에너지/석유,정유 산업,사우디 송유관 폐쇄 충격파 2달 뒤 한국 온다…최고가격제 어쩌나,"11월 이후 원유 수급 불안이 현실화할 조짐을 보이자, 정부는 최고가격제도 연장을 사실상 확정 지었다.정부는 지난 14일 문신학 산업통상부 차관 주재로 정유업계와 함께 ‘원유 수급상황 긴급 점검 회의’를 열고 국내... ",https://www.dt.co.kr/article/12084151?ref=naver,https://n.news.naver.com/mnews/article/029/0003048232?sid=101,"Wed, 16 Sep 2026 06:00:00 +0900",2026-09-16 10:10:52
에너지/석유,정유 산업,"[뉴욕증시]美 장기채 금리, 금융위기 이후 최고…일제히 하락","뉴욕증권거래소(NYSE)에서 다우존스30산업평균지수(다우지수)는 전 거래일보다 328.09포인트(0.63%) 하락한... 정유주인 엑손모빌 2.57%, 셰브론 2.64% 등도 오름세로 마감했다. 반면 인텔 0.05%, SK하이닉스ADR 0.46% 등은... ",https://view.asiae.co.kr/article/2026091605561742348,https://n.news.naver.com/mnews/article/277/0005816822?sid=101,"Wed, 16 Sep 2026 05:56:00 +0900",2026-09-16 10:10:52
에너지/석유,정유 산업,머니투데이 오프라인 헤드라인-16일,"달려 [산업] 환갑의 정유공장, AI 두뇌 심으니 '회춘' 람보르기니 올라탄 '릴'… 3초만에 '예열' 완료 대한항공, 마지막 행정절차 완료… '메가캐리어' 이륙 임박 [금융] 코픽스 멈춰도, 상승기류 여전한 주담대 [바이오]... ",https://www.mt.co.kr/society/2026/09/16/2026091522163828999,https://n.news.naver.com/mnews/article/008/0005414287?sid=102,"Wed, 16 Sep 2026 03:40:00 +0900",2026-09-16 10:10:52
화학/소재,화학 주가,&quot;전기가 부족하다&quot;…AI 데이터센터 확산에 SOFC株 신바람,"SOFC용 기판과 세라믹 소재 관련 사업이 부각되면서 주가가 가격제한폭까지 올랐다. 스택 핵심 부품을... SOFC는 연료를 전기화학적으로 변환해 전력을 생산하는 방식으로, 발전 과정에서 연소를 거치지 않는다는 점과... ",https://www.pinpointnews.co.kr/news/articleView.html?idxno=487450,https://www.pinpointnews.co.kr/news/articleView.html?idxno=487450,"Wed, 16 Sep 2026 09:46:00 +0900",2026-09-16 10:10:52
화학/소재,화학 주가,"효성, 모친 남은 지분 2010억…같은 0.73% 몸값 33배",효성중공업 지분만 1843억…남은 상장주식 가치 92% 차지 효성·효성화학은 조현준에 이동…주가가 지분정리 셈법 바꿔 ▲ 미국 송전망에 설치된 효성중공업 765㎸ 초고압 변압기. [효성중공업] 효성 오너가의 남은... ,https://sateconomy.co.kr/news/view/1065573152976709,https://sateconomy.co.kr/news/view/1065573152976709,"Wed, 16 Sep 2026 09:36:00 +0900",2026-09-16 10:10:52
화학/소재,화학 주가,"S-Oil, 유가 뛰어도 정유설비 부족…목표가 22만원으로 상향",목표주가는 기존 20만원에서 22만원으로 상향했다. 전일 종가는 14만8700원으로 목표주가 22만원 대비... 이 프로젝트는 S-Oil이 단순 정유회사에서 '정유+석유화학' 회사로 사업구조를 바꾸기 위해 추진하는 약... ,https://www.fnnews.com/news/202609160824353430,https://n.news.naver.com/mnews/article/014/0005576474?sid=101,"Wed, 16 Sep 2026 09:22:00 +0900",2026-09-16 10:10:52
화학/소재,화학 주가,"[AI MY 뉴스] 16일 중국증시 '美 금리 조정, 국채·유가 급등 속 변동성...","기대가 주가에 반영된 종목은 할인율 상승에 민감하게 반응할 수 있다. 실제 앞서 글로벌 채권 매도세와... 원유 가격 상승은 항공·운송·화학 등 원가 부담이 큰 업종에는 부정적일 수 있지만, 석유·가스 등 에너지... ",https://www.newspim.com/news/view/20260916000179,https://www.newspim.com/news/view/20260916000179,"Wed, 16 Sep 2026 09:07:00 +0900",2026-09-16 10:10:52
화학/소재,화학 주가,"[속보]코스피, 보합권에서 등락…美 금리·유가 부담에 눈치보기","그는 “현재의 주가 하방 압력은 9월 FOMC 불확실성 및 AI 투자 축소 노이즈가 맞물리는 과정에서 시장... 종이·목재, 화학 등이 대부분 업종이 하락 중이다. 반면 유통, 전기·전자, 제조 등은 소폭 강세다.... ",https://www.edaily.co.kr/News/Read?newsId=02784726645580776&mediaCodeNo=257&utm_source=naver&utm_medium=referral&utm_campaign=news_syndication&utm_content=original_article,https://n.news.naver.com/mnews/article/018/0006370140?sid=101,"Wed, 16 Sep 2026 09:02:00 +0900",2026-09-16 10:10:52
화학/소재,화학 주가,"'장용호' SK이노베이션, 체질 개선…재계 5번째 ‘영업익 10조 클럽’ 눈...",이런 실적 개선 기대감을 반영하듯 SK이노베이션 주가도 가파른 상승세를 그리고 있다. 지난 14일 종가는... SK이노베이션의 연간 실적 달성이 현실화할 경우 정유·화학 업종에서는 이례적인 사례로 기록될 전망이다.... ,https://dealsite.co.kr/articles/169017,https://dealsite.co.kr/articles/169017,"Wed, 16 Sep 2026 08:02:00 +0900",2026-09-16 10:10:52
화학/소재,화학 주가,[넥스트-샷] AI주 살아난 기쁨도 잠시···월가 멱살 안 놓는 유가·금...,다만 미국 반도체주가 전날 폭락 뒤 일부 반등한 점은 삼성전자·SK하이닉스와 HBM 밸류체인의 낙폭을... 정유·에너지주는 고유가의 직접적인 수혜가 예상되는 반면 항공·운송·화학은 비용 부담이 커질 수 있습니다.... ,https://www.womaneconomy.co.kr/news/articleView.html?idxno=258785,https://www.womaneconomy.co.kr/news/articleView.html?idxno=258785,"Wed, 16 Sep 2026 07:30:00 +0900",2026-09-16 10:10:52
화학/소재,화학 주가,"'최연소 은행장'에서 그룹 수장으로…이재근의 KB금융, 초격차 금융그룹...",복잡한 지배구조와 규제 리스크 속에서도 내부 신망이 두텁고 소통에 능한 인물인 만큼 조직의 화학적... 최고 주가를 새로 쓰는 상황에서 선임된 것은 1등에 안주하지 말라는 메시지&quot;라며 &quot;안정적인 성과를 기반으로... ,http://www.newsdream.kr/news/articleView.html?idxno=118112,http://www.newsdream.kr/news/articleView.html?idxno=118112,"Wed, 16 Sep 2026 07:06:00 +0900",2026-09-16 10:10:52
화학/소재,화학 주가,[미국주식] 2026년 9월 마법공식 30선,"PER(주가수익비율)을 기준으로 선별된 상위 우량주에 분산 투자합니다. 이는 개별 종목에 대한... 연구실 분석용 피펫, 자동 화학 시스템, 생산 라인 검사 기기, 유통 소매용 계량 시스템 등 글로벌 시장에서... ",https://www.itooza.com/common/iview.php?no=2026091511201993503,https://www.itooza.com/common/iview.php?no=2026091511201993503,"Wed, 16 Sep 2026 07:00:00 +0900",2026-09-16 10:10:52
화학/소재,화학 주가,"구광모 LG 회장, 3분기 실적 낙관…추석 선물, 주주에 1천 500억원 현금","LG는 주주가 추석을 준비할 수 있도록 이번 배당금을 주주의 주식 거래 통장으로 23일에 입금한다. 이번... 여기에 화학과 배터리 부문의 흑자도 늘어, LG의 내년 초 결산 배당에 힘을 보탠다는 게 이 관계자... ",https://www.koreareport.co.kr/news/articleView.html?idxno=52962,https://www.koreareport.co.kr/news/articleView.html?idxno=52962,"Wed, 16 Sep 2026 06:20:00 +0900",2026-09-16 10:10:52
화학/소재,화학 주가,갈팡질팡하는 정부 정책에… 상폐 위기 상장사들 줄소송,"관리종목 지정 효력정지 가처분 신청 줄이어 골드앤에스·주연테크·SH에너지화학 등 “갑자기 당겨진 정부... 처음 발표된 일정에 따라 주가 부양을 위한 준비를 해왔으나, 갑작스러운 일정 변경으로 투자자들이... ",https://biz.chosun.com/stock/market_trend/2026/09/16/A7CISZPC4JC4BEHUM25FUXNCZY/?utm_source=naver&utm_medium=original&utm_campaign=biz,https://n.news.naver.com/mnews/article/366/0001192614?sid=101,"Wed, 16 Sep 2026 06:01:00 +0900",2026-09-16 10:10:52
화학/소재,소재 산업,"하이닉스 노사 합의…&quot;성과급 주식 50%, 현금 50%&quot;","반도체산업 하나에 의존하는 대만 정부는 비상이다. 마이크론은 미국, 대만, 싱가포르 등에서 반도체 팹을... 메모리 반도체 업체의 성과급은 생태계를 구성하는 소부장(소재, 부품, 장비)업체도 자극해 국내 협력업체... ",https://www.koreareport.co.kr/news/articleView.html?idxno=52970,https://www.koreareport.co.kr/news/articleView.html?idxno=52970,"Wed, 16 Sep 2026 10:10:00 +0900",2026-09-16 10:10:53
화학/소재,소재 산업,양자암호 양자컴퓨팅주에 무슨일?...아이티센피엔에스 우리넷 '함박웃음...,"한울소재과학, 에이엘티, 사토시홀딩스, 라닉스 등은 단기 조정 양상을 띠고 있다. 증권가 전문가들은 양자 기술이 단순한 기대감을 넘어 산업현장에 적용되는 단계를 밟고 있다고 분석한다. 증권사 연구원은 &quot;엔비디아... ",https://www.pinpointnews.co.kr/news/articleView.html?idxno=487460,https://www.pinpointnews.co.kr/news/articleView.html?idxno=487460,"Wed, 16 Sep 2026 10:08:00 +0900",2026-09-16 10:10:53
화학/소재,소재 산업,"전기산업연합회, 가락동 환경정화 활동으로 조직 단합·지역사회 기여 ...",대한전기산업연합회 노용호 상근부회장(사진 왼쪽 두번째)과 임직원들이 쓰레기를 줍고 있다.... 이번 행사는 명절을 앞두고 연합회 본사 소재지 일대의 환경정화와 ESG(환경·사회·지배구조) 경영에 대한 임직원의 관심 및... ,http://www.e-platform.net/news/articleView.html?idxno=105422,http://www.e-platform.net/news/articleView.html?idxno=105422,"Wed, 16 Sep 2026 10:04:00 +0900",2026-09-16 10:10:53
화학/소재,소재 산업,"삼성·LG, 기후산업국제박람회서 고효율 에너지절감 솔루션 선봬",삼성전자와 LG전자가 16일부터 18일까지 부산 벡스코(BEXCO)에서 열리는 ‘기후산업국제박람회’에 나란히... LG전자는 올레드 TV에 가벼운 복합섬유소재를 적용해 같은 크기의 액정표시장치(LCD) TV보다 플라스틱... ,https://www.edaily.co.kr/News/Read?newsId=03004486645580776&mediaCodeNo=257&utm_source=naver&utm_medium=referral&utm_campaign=news_syndication&utm_content=original_article,https://n.news.naver.com/mnews/article/018/0006370197?sid=101,"Wed, 16 Sep 2026 10:04:00 +0900",2026-09-16 10:10:53
화학/소재,소재 산업,"[특징주] 광통신株, AI 데이터센터 인프라 증설 기대감에 장 초반 강세","인공지능(AI) 산업 확장에 따른 데이터센터 인프라 증설 기대감이 커지면서 핵심 기술인 광통신주에... 31%(610원) 오른 1만4750원, 한국첨단소재는 2.08%(70원) 오른 3430원을 기록하고 있다. 국내 광통신주들이 동반 강세를... ",https://biz.chosun.com/stock/stock_general/2026/09/16/7J5VUYQ4FNFGRNQ42LWU6KBGNI/?utm_source=naver&utm_medium=original&utm_campaign=biz,https://n.news.naver.com/mnews/article/366/0001192672?sid=101,"Wed, 16 Sep 2026 10:04:00 +0900",2026-09-16 10:10:53
화학/소재,소재 산업,"애경산업, 명화·일러스트 담은 추석 선물세트 선보여",플라스틱 용기에 재활용 소재를 적용하는 등 환경을 고려한 구성도 도입했다. 애경산업 관계자는 실용적인 제품에 명화와 일러스트를 더해 선물의 의미와 가치를 높이는 데 초점을 맞췄다며 &quot;사랑과 존경의 마음을... ,https://www.slist.kr/news/articleView.html?idxno=766537,https://www.slist.kr/news/articleView.html?idxno=766537,"Wed, 16 Sep 2026 10:02:00 +0900",2026-09-16 10:10:53
화학/소재,소재 산업,"스페이스21, 금민정 작가 개인전 ‘머무는 결, 변주하는 형상’ 오픈","그에 따르면 인공물과 산업 사회의 상징 격인 콘크리트도 본래 흙에서 비롯된 재료로 종국에는 자연과... 때문에 이때의 비디오는 시간성을 가시화하는 요소이자, 인공적인 것이란 인간이 새롭게 만들어 낸 소재가 아닌... ",https://www.dnews.co.kr/uhtml/view.jsp?idxno=202609160943334030241,https://www.dnews.co.kr/uhtml/view.jsp?idxno=202609160943334030241,"Wed, 16 Sep 2026 10:02:00 +0900",2026-09-16 10:10:53
화학/소재,소재 산업,[뷰티톡톡] 무신사 뷰티ㆍ애경산업ㆍ에이블리,"▲애경산업, 명화 입힌 2026 추석 선물세트 출시 애경산업이 반 고흐·클림트·모네 등 명화를 패키지에... 일부 제품은 일체형·슬리브 패키지로 지류 사용을 줄이고 재활용 소재 용기를 적용했다. ▲에이블리 뷰티 PB... ",https://www.dnews.co.kr/uhtml/view.jsp?idxno=202609160947343960244,https://www.dnews.co.kr/uhtml/view.jsp?idxno=202609160947343960244,"Wed, 16 Sep 2026 10:02:00 +0900",2026-09-16 10:10:53
화학/소재,신소재 시장,"K-푸드 산업 도약 본격화 경북도, 한국식품연구원 경북본부 착공","이철우 지사는 &quot;세계 식품시장 규모는 약 10조달러(1경원 이상)로 대한민국 GDP의 5배가 넘고 반도체 시장보다... 개소 후 지역 농식품의 고부가가치 상품화, 해양 바이오 등 신소재 연구, 정보기술(IT)·로봇·기계 산업을... ",https://www.fnnews.com/news/202609160903522624,https://n.news.naver.com/mnews/article/014/0005576510?sid=102,"Wed, 16 Sep 2026 09:52:00 +0900",2026-09-16 10:10:54
화학/소재,신소재 시장,"경북도, 한국식품연구원 경북본부 첫 삽…경북 K-푸드 산업 도약 본격화","이날 행사에는 이철우 경북도지사, 강명구 국회의원, 김장호 구미시장, 도·시의원, 국가과학기술연구원과... 경북본부는 개소 후 지역 농식품의 고부가가치 상품화와 해양바이오 등 신소재 연구, IT·로봇·기계 산업을... ",https://www.dnews.co.kr/uhtml/view.jsp?idxno=202609160826567260226,https://www.dnews.co.kr/uhtml/view.jsp?idxno=202609160826567260226,"Wed, 16 Sep 2026 09:22:00 +0900",2026-09-16 10:10:54
화학/소재,신소재 시장,한국식품연구원 경북본부 첫 삽,"한식연 경북본부는 지역 농식품의 고부가가치 상품화, 해양 바이오 등 신소재 연구, IT·로봇·기계 산업을... 이철우 경북지사는 착공식에서 “세계 식품시장 규모는 약 10조 달러(1경원 이상)로 대한민국 GDP의 5배가 넘고... ",https://www.naeil.com/news/read/602446?ref=naver,https://www.naeil.com/news/read/602446?ref=naver,"Wed, 16 Sep 2026 09:12:00 +0900",2026-09-16 10:10:54
화학/소재,신소재 시장,한국식품연구원 경북본부 구미서 첫삽…271억원 투입,"행사에는 이철우 경북도지사와 강명구 국회의원, 김장호 구미시장, 도·시의원, 국가과학기술연구회와... 연구 분야는 경북 농식품의 고부가가치 상품화를 비롯해 해양바이오 등 신소재 연구, IT·로봇·기계산업을... ",https://www.shinailbo.co.kr/news/articleView.html?idxno=5062692,https://www.shinailbo.co.kr/news/articleView.html?idxno=5062692,"Wed, 16 Sep 2026 09:04:00 +0900",2026-09-16 10:10:54
화학/소재,신소재 시장,"[모닝 리포트] &quot;포스코퓨처엠, 연내 LFP 고객 승인 전망&quot;",이와 함께 포스코퓨처엠이 지분 20%를 보유한 LFP 생산 합작법인 씨앤피신소재의 가치를 밸류에이션에 처음 반영했다. 주민우 NH투자증권 연구원은 &quot;글로벌 파트너사와의 협업으로 LFP 시장 진입을 준비 중이며... ,https://www.newspim.com/news/view/20260916000059,https://www.newspim.com/news/view/20260916000059,"Wed, 16 Sep 2026 08:34:00 +0900",2026-09-16 10:10:54
화학/소재,신소재 시장,"NH證 &quot;포스코퓨처엠, 연내 LFP 승인 기대…밸류 부담은 여전&quot;",이투데이=심영주 기자 | NH투자증권은 16일 포스코퓨처엠에 대해 리튬인산철(LFP) 시장 진입이 단기 주가... 또 포스코퓨처엠이 지분 20%를 보유한 LFP 생산 합작법인 씨앤피신소재를 밸류에이션에 처음 반영했다.... ,https://www.etoday.co.kr/news/view/2626012,https://www.etoday.co.kr/news/view/2626012,"Wed, 16 Sep 2026 08:26:00 +0900",2026-09-16 10:10:54
화학/소재,신소재 시장,"포스코퓨처엠, LFP 승인 획득이 주가 촉매…목표가 18만원↑-NH",“LFP 시장 진입이 단기 주가 반등의 촉매가 될 것”이라고 밝혔다. NH투자증권의 목표주가 상향은 베타값 하락과 LFP 합작법인 씨앤피신소재의 밸류에이션 반영에 따른 것이다. 베타값이 기존 0.98에서 0.83으로... ,https://www.edaily.co.kr/News/Read?newsId=02640406645580776&mediaCodeNo=257&utm_source=naver&utm_medium=referral&utm_campaign=news_syndication&utm_content=original_article,https://n.news.naver.com/mnews/article/018/0006370102?sid=101,"Wed, 16 Sep 2026 08:12:00 +0900",2026-09-16 10:10:54
화학/소재,신소재 시장,"포스코퓨처엠, LFP 승인이 단기 주가 촉매...목표가 18만원 ↑-NH","NH투자증권은 리튬인산철(LFP) 시장 진입을 앞둔 포스코퓨처엠(003670)에 대해 투자의견 보유(Hold)를... 6%로 낮췄고, 지분법 투자 대상인 LFP 합작법인(씨앤피신소재)을 밸류에이션에 반영했다”며 “실적 전망치에는... ",https://www.edaily.co.kr/News/Read?newsId=02574806645580776&mediaCodeNo=257&utm_source=naver&utm_medium=referral&utm_campaign=news_syndication&utm_content=original_article,https://n.news.naver.com/mnews/article/018/0006370088?sid=101,"Wed, 16 Sep 2026 07:57:00 +0900",2026-09-16 10:10:54
화학/소재,신소재 시장,"[더벨][VC 인사 풍향계] 동훈인베, 이상열 대표 영입…5년만에 사령탑 교...",이 신임대표는 한양대학교 신소재공학과를 졸업하고 KAIST 테크노경영대학원 MBA 석사 학위를 받은... 20년에 가까운 업력을 가지고 있는 VC인데 시장에서 존재감은 크지 않은 편이다. 현재 운용중인 조합은 5개로... ,https://www.thebell.co.kr/free/content/ArticleView.asp?key=202609111702121960109659,https://www.thebell.co.kr/free/content/ArticleView.asp?key=202609111702121960109659,"Wed, 16 Sep 2026 07:02:00 +0900",2026-09-16 10:10:54
화학/소재,신소재 시장,"AI로 신약 찾고 공장 돌린다…LG AI연구원, ‘실질적 성과’로 증명한 6...",통해 신소재와 신약 개발 영역으로 AI 활용 범위를 넓히고 있다. 앞으로는 새로운 물질을 예측하고... ◇ 금융은 분석부터 예측·설명까지…글로벌 시장 공략 전문가 AI는 금융 시장에서도 사업화 단계에 들어섰다.... ,https://www.sportsseoul.com/news/read/1635063?ref=naver,https://n.news.naver.com/mnews/article/468/0001266673?sid=101,"Wed, 16 Sep 2026 07:00:00 +0900",2026-09-16 10:10:54
화학/소재,신소재 시장,[2026 대경 스마트건설대상] 스마트토목대상 GS건설,신소재 PC 바닥판…교량시장 OSC 새 표준 제시 GS건설은 ‘2026 대한경제 스마트건설대상’에서 교량시장에 OSC(탈현장건설)의 새로운 표준을 제시했다는 평가를 받으며 스마트토목대상의 영예를 차지했다. 특히 PC... ,https://www.dnews.co.kr/uhtml/view.jsp?idxno=202609121433129930716,https://www.dnews.co.kr/uhtml/view.jsp?idxno=202609121433129930716,"Wed, 16 Sep 2026 06:22:00 +0900",2026-09-16 10:10:54
화학/소재,신소재 시장,“나노 소재 ‘초소형 스펀지 창고’로 대기 중 CO₂ 더 많이 포집”,두 기업이 이끄는 글로벌 탄소 포집 시장에 지난해 3월 창업한 한국 스타트업 ‘카볼루션’이 도전장을... 지난 2020년 내놓은 차세대 탄소 흡착 신소재 ‘SPOIC(스포익)’이 주력 제품이다. 지난해 11월엔... ,https://www.chosun.com/economy/tech_it/2026/09/16/JGERV2WCUFGVPOGUQIACNIPYYM/?utm_source=naver&utm_medium=referral&utm_campaign=naver-news,https://n.news.naver.com/mnews/article/023/0003998617?sid=105,"Wed, 16 Sep 2026 00:33:00 +0900",2026-09-16 10:10:54
화학/소재,신소재 시장,[亞증시-종합] 美금리 급등에 일제히 하락,"시장에서는 AI 시장 성장의 전제 조건은 여전히 유효하다는 목소리가 나왔다. 이와이코스모증권의... 궈펑신소재(SZS:000859)가 장중 상한가를 터치했고 스디커신소재(SZS:300806), 산동춘광테크(SZS:301531), 캉다신소재... ",https://news.einfomax.co.kr/news/articleView.html?idxno=4435036,https://news.einfomax.co.kr/news/articleView.html?idxno=4435036,"Tue, 15 Sep 2026 19:22:00 +0900",2026-09-16 10:10:54
화학/소재,신소재 시장,"㈜유제이, 친환경·스마트 도시 인프라를 열다","새로운 시장을 개척하는 전북의 기술혁신형 기업 ㈜유제이(대표이사 송길섭)가 주목받고 있다. 유제이는... 뿌리 산업인 사출 금형 분야에서 오랜 기간 현장 실무를 익히며, 우수한 정밀 제조 기술에 신소재를 융합하면... ",http://www.jeollailbo.com/news/articleView.html?idxno=811192,http://www.jeollailbo.com/news/articleView.html?idxno=811192,"Tue, 15 Sep 2026 18:28:00 +0900",2026-09-16 10:10:54
화학/소재,신소재 시장,[중국증시-마감] 실물지표 부진·유가 부담에 하락,"반면 지난달 소매판매는 전년 동월 대비 0.4% 증가하는 데 그쳐 시장 예상치를 밑돌았다. 통신기기... 궈펑신소재(SZS:000859)가 장중 상한가를 터치했고 스디커신소재(SZS:300806), 산동춘광테크(SZS:301531), 캉다신소재... ",https://news.einfomax.co.kr/news/articleView.html?idxno=4435026,https://news.einfomax.co.kr/news/articleView.html?idxno=4435026,"Tue, 15 Sep 2026 18:24:00 +0900",2026-09-16 10:10:54
통신/5G,통신 주가,美 상원 문턱 못 넘은 클래리티법⋯가상자산ㆍ관련주 동반 하락,관련주가 동반 하락했다. 비트코인은 7만5000달러대에서 거래됐고 코인베이스와 서클 주가는 하루 만에 10... 로이터통신 등에 따르면 미 상원은 이날 법안 심의를 진전시키기 위한 토론종결 표결을 했으나 가결에... ,https://www.etoday.co.kr/news/view/2626132,https://www.etoday.co.kr/news/view/2626132,"Wed, 16 Sep 2026 10:04:00 +0900",2026-09-16 10:10:55
통신/5G,통신 주가,보석상·배심원 사칭하는 수감자들…美서 사기 피해 확산,특히 조지아주 교도소가 전국적인 전화사기의 거점으로 떠오르면서 휴대전화 밀반입과 통신을 차단해야... 특히 조지아주가 주요 거점으로 지목됐다. 사우스캐롤라이나주 리치랜드카운티 보안관실은 조지아주 교도소... ,https://www.hankyung.com/article/202609167652i,https://n.news.naver.com/mnews/article/015/0005332832?sid=101,"Wed, 16 Sep 2026 09:53:00 +0900",2026-09-16 10:10:55
통신/5G,통신 주가,"빛샘전자 주가, 급등세... 무슨 회사길래?",빛샘전자 주가가 급등 중이다. 16일 오전 9시 49분 KRX 기준 빛샘전자는 전 거래일 대비 22.24%(2380원) 상승한 1만380원에 거래 중이다. 이날 빛샘전자에 대한 별다른 공시는 올라온 바 없다. 빛샘전자는 LED 및 광통신... ,https://www.ggilbo.com/news/articleView.html?idxno=1182002,https://www.ggilbo.com/news/articleView.html?idxno=1182002,"Wed, 16 Sep 2026 09:50:00 +0900",2026-09-16 10:10:55
통신/5G,통신 주가,"[특징주]대한광통신, 오전장 강세…장중 1만5천원대 터치",지난 4월에도 광통신주가 단기간 급등한 뒤 차익 실현 매물이 출회되면서 대한광통신 주가가 하루 만에 24.14% 급락한 사례가 있었다. /오승현 기자 romi0328@namdonews.com ※본 기사는 주식시장 현황과 증권사 리포트를... ,https://www.namdonews.com/news/articleView.html?idxno=923578,https://www.namdonews.com/news/articleView.html?idxno=923578,"Wed, 16 Sep 2026 09:46:00 +0900",2026-09-16 10:10:55
통신/5G,통신 주가,AI 데이터센터 투자 기대에 광통신株 급등…빛샘전자 28%↑,"머큐리, 우리넷, LS, 파이버프로, 자람테크놀로지, 서울바이오시스 등도 광통신 업종 내 관련주로 거론되며 주가가 움직이고 있다. 광통신 업종의 상승 배경으로는 AI 데이터센터 확대와 함께 데이터 전송량 증가가... ",https://www.pinpointnews.co.kr/news/articleView.html?idxno=487448,https://www.pinpointnews.co.kr/news/articleView.html?idxno=487448,"Wed, 16 Sep 2026 09:42:00 +0900",2026-09-16 10:10:55
통신/5G,통신 주가,"불황엔 '립스틱'이 명품 이긴다… 로레알, LVMH 제치고 파리증시 시총 1...","로이터·블룸버그 통신에 따르면 15일(현지시간) 종가 기준으로 로레알 시가총액은 2030억유로(약 319조1000억... 그러다 올해 들어 로레알 주가는 5% 올랐지만, LVMH 주가는 35% 넘게 하락했다. 명품부터 일반 화장품까지... ",http://www.kookje.co.kr/news2011/asp/newsbody.asp?code=0200&key=20260916.99099005255,https://n.news.naver.com/mnews/article/658/0000155734?sid=101,"Wed, 16 Sep 2026 09:41:00 +0900",2026-09-16 10:10:55
통신/5G,통신 주가,"'클래리티법' 무산에 비트코인 3%, 이더리움 4% 넘게 급락...美상원, 법안...",15일(현지시간) 블룸버그통신 인베스팅닷컴 등에 따르면 미 상원은 이날 클래리티법을 토의에 부치기 위한... 비트코인 84만5000 개를 보유하고 있는 기업 스트래티지의 주가도 5.36% 하락하고 있다. 클래리티법은 가상화폐... ,http://www.beyondpost.co.kr/view.php?ud=2026091609300377302aaae0046f_30,http://www.beyondpost.co.kr/view.php?ud=2026091609300377302aaae0046f_30,"Wed, 16 Sep 2026 09:40:00 +0900",2026-09-16 10:10:55
통신/5G,통신 주가,가상화폐 '클래리티법' 美상원서 부결…트럼프 이해충돌 논란에 좌초,15일(현지시간) 블룸버그통신 등에 따르면 미 상원은 이날 클래리티법을 심의하기 위한 절차 표결을... 가상화폐 거래소 코인베이스 주가는 전일 종가보다 10% 넘게 떨어진 172.11달러에 정규장을 마쳤다. 비트코인 약... ,https://www.ajunews.com/view/20260916093000544,https://www.ajunews.com/view/20260916093000544,"Wed, 16 Sep 2026 09:38:00 +0900",2026-09-16 10:10:55
통신/5G,통신 주가,"'트럼프 이해충돌' 클래리티법, 美 상원서 부결...비트코인·가상자산 관...","블룸버그 통신·AP 등 외신 보도에 따르면, 미 상원은 클래리티법을 토의에 부치기 위한 절차 표결을... 비트코인 84만5000개를 보유하고 있는 기업 스트래티지의 주가도 5% 이상 떨어져 129.6달러가 됐다. 스테이블코인 USDC... ",https://www.livebiz.today/news/articleView.html?idxno=204903,https://www.livebiz.today/news/articleView.html?idxno=204903,"Wed, 16 Sep 2026 09:32:00 +0900",2026-09-16 10:10:55
통신/5G,5G 산업,"지커 7X, 누적 생산 20만대 돌파…50개국 이상 진출","7X의 생산을 담당하는 지커 인텔리전트 팩토리는 5G와 인공지능(AI), 산업용 빅데이터 등을 활용한 스마트 생산 시설이다. 해당 공장은 생산 과정에서 자동화를 확대해 인력 개입을 최소화한 '다크 팩토리... ",https://it.chosun.com/news/articleView.html?idxno=2023092170250,https://it.chosun.com/news/articleView.html?idxno=2023092170250,"Wed, 16 Sep 2026 10:10:00 +0900",2026-09-16 10:10:55
통신/5G,5G 산업,"지커 7X, 누적 생산 20만대 돌파…국내 사전예약 1500대","7X가 생산되는 지커 인텔리전트 팩토리는 5G와 인공지능(AI), 산업용 빅데이터 등을 제조 공정에 적용한 지커의 핵심 생산시설이다. 인간의 개입을 최소화한 '다크 팩토리(Dark Factory)' 기반의 스마트 생산 시스템을... ",http://www.beyondpost.co.kr/view.php?ud=202609160954215943be44c0aacd_30,http://www.beyondpost.co.kr/view.php?ud=202609160954215943be44c0aacd_30,"Wed, 16 Sep 2026 10:00:00 +0900",2026-09-16 10:10:55
통신/5G,5G 산업,"지커 7X, 누적 생산 20만대 돌파…닛보 스마트 공장서 생산 가속","지커 인텔리전트 팩토리는 5G·AI·산업용 빅데이터 등을 통합한 '다크 팩토리' 기반의 스마트 생산 허브로, 주요 모델의 글로벌 공급을 전담하고 있다. 이번 20만대 달성은 7X가 출시 이후 빠른 판매·인도를 기록한... ",https://www.pinpointnews.co.kr/news/articleView.html?idxno=487453,https://www.pinpointnews.co.kr/news/articleView.html?idxno=487453,"Wed, 16 Sep 2026 09:52:00 +0900",2026-09-16 10:10:55
통신/5G,5G 산업,"지커 7X, 출시 2년 만에 누적 생산 20만대 넘어","5G와 인공지능, 산업용 빅데이터 기술을 접목해 사람의 개입을 최소화한 무인화 생산 체계를 갖춘 것이 특징이다. 7X는 출시 25일만에 인도량 1만대를 넘기며 럭셔리 전기차 부문 최단 기간 인도 기록을 세운 바 있다.... ",https://www.viva100.com/article/20260916500297,https://www.viva100.com/article/20260916500297,"Wed, 16 Sep 2026 09:26:00 +0900",2026-09-16 10:10:55
통신/5G,5G 산업,"지커 7X, 국내 판매 앞두고 글로벌 누적 생산 20만대 돌파","지커 인텔리전트 팩토리는 브랜드 핵심 제조 시설 중 하나로 5G, AI, 산업용 빅데이터 등 첨단 제조 공정과 기술을 완벽히 통합해 인간의 개입을 최소화한 '다크 팩토리' 기반 스마트 생산 허브다. 20만대 생산을 돌파한... ",https://daily.hankooki.com/news/articleView.html?idxno=1406598,https://daily.hankooki.com/news/articleView.html?idxno=1406598,"Wed, 16 Sep 2026 09:20:00 +0900",2026-09-16 10:10:55
통신/5G,5G 산업,"지커 7X, 글로벌 생산 20만대 돌파…한국 사전예약도 1500대","7X 생산을 담당하는 지커 인텔리전트 팩토리는 5G와 AI, 산업용 빅데이터 등을 생산 공정에 적용한 스마트 생산시설이다. 인간의 개입을 최소화한 ‘다크 팩토리(Dark Factory)’를 기반으로 지커 주요 모델의... ",https://www.etoday.co.kr/news/view/2626070,https://www.etoday.co.kr/news/view/2626070,"Wed, 16 Sep 2026 09:18:00 +0900",2026-09-16 10:10:55
통신/5G,5G 산업,"지커 7X, 출시 2년 만에 20만대 돌파","해당 공장은 5G와 인공지능(AI), 산업용 빅데이터 등을 생산 공정에 적용한 지커의 핵심 제조시설이다. 7X는 지난 2024년 하반기 출시 이후 25일 만에 인도량 1만대를 넘어섰다. 지난해 5월 유럽 진출을 시작으로 15개월... ",http://www.hansbiz.co.kr/news/articleView.html?idxno=865611,http://www.hansbiz.co.kr/news/articleView.html?idxno=865611,"Wed, 16 Sep 2026 09:16:00 +0900",2026-09-16 10:10:55
통신/5G,5G 산업,"국제 재난안전통신 전시회 , 11월 24일 독일 쾰른서... 개최 25주년",5G·인공지능(AI)·위성통신·사이버 회복탄력성·민군 협력 등 차세대 핵심 이슈와 통신 인프라 최신... 여기에 산업 전반의 디지털 전환이 맞물리며 고가용성과 높은 보안성을 갖춘 전문 솔루션에 대한 수요도... ,http://www.ktnews.com/news/articleView.html?idxno=148599,http://www.ktnews.com/news/articleView.html?idxno=148599,"Wed, 16 Sep 2026 09:02:00 +0900",2026-09-16 10:10:55
통신/5G,5G 산업,"지커 7X, 누적 생산 20만 대 돌파…글로벌 경쟁 입증","5G, AI, 산업용 빅데이터 등 첨단 제조 공정과 기술을 통합해 인간의 개입을 최소화한 '다크 팩토리(Dark Factory)' 기반의 스마트 생산 허브이기도 하다. 20만대 생산을 돌파한 지커 7X는 2024년 하반기 출시 이후 꾸준한... ",https://view.asiae.co.kr/article/2026091609012166692,https://n.news.naver.com/mnews/article/277/0005816935?sid=103,"Wed, 16 Sep 2026 09:01:00 +0900",2026-09-16 10:10:55
통신/5G,5G 산업,"중부발전, '2026 국가공헌대상' 과기정통부 장관상 수상…'하이코미' 도...",중부발전이 발전소 특화 AI '하이코미' 개발 및 적용하며 에너지 산업 AX를 선도한 공로를 인정받아... 또한 서울발전본부에 구축한 5G 특화망 기반의 피지컬 AI에도 하이코미를 적용했다. 발전소 현장에서 수집되는... ,http://www.e-platform.net/news/articleView.html?idxno=105415,http://www.e-platform.net/news/articleView.html?idxno=105415,"Wed, 16 Sep 2026 08:48:00 +0900",2026-09-16 10:10:55
통신/5G,5G 산업,"&quot;AI가 통신망 속으로&quot;···삼성·LG, 6G 시대 '두뇌 선점' 나섰다",삼성과 LG의 움직임을 두고 6G 시대를 앞두고 통신장비 산업의 경쟁 방식이 달라지고 있다는 것을 보여준다는 평가가 나온다. 5G까지 통신장비의 경쟁력이 얼마나 빠르고 안정적으로 데이터를 전송하느냐에... ,http://www.enewstoday.co.kr/news/articleView.html?idxno=2470732,http://www.enewstoday.co.kr/news/articleView.html?idxno=2470732,"Wed, 16 Sep 2026 08:00:00 +0900",2026-09-16 10:10:55
통신/5G,5G 산업,"한국중부발전, '2026 국가공헌대상' 과기정통부 장관상 수상",AI 산업 인프라 확장에 기여한 점이 주효하게 작용했다. 하이코미의 핵심 경쟁력은 100만 건 이상의 정비... 아울러 서울발전본부 내 5G 특화망을 활용한 '피지컬 AI' 시스템을 구축해 현장 영상과 센서 데이터를 실시간... ,https://www.cstimes.com/news/articleView.html?idxno=720785,https://www.cstimes.com/news/articleView.html?idxno=720785,"Wed, 16 Sep 2026 07:46:00 +0900",2026-09-16 10:10:55
통신/5G,5G 산업,"한국중부발전, 국가공헌대상 과기정통부 장관상 수상",한국중부발전이 15일 자체 개발한 발전소 특화 인공지능(AI) ‘하이코미’를 활용한 에너지 산업 인공지능... 서울발전본부에 구축한 5G 특화망 기반 피지컬 AI에도 하이코미를 적용했다. 발전소 현장에서 수집한... ,http://www.lawissue.co.kr/view.php?ud=202609152258312088f4ab64559d_12,http://www.lawissue.co.kr/view.php?ud=202609152258312088f4ab64559d_12,"Tue, 15 Sep 2026 23:00:00 +0900",2026-09-16 10:10:55
통신/5G,5G 산업,[봇규가 간다] SCM FAIR 2026 ① | 로봇 물류 자동화 업계가 ‘연결성’...,"&lt; 에티버스이피에이 &gt; 위험 현장에 투입된 사족 보행 로봇, 연결은 5G 통신망으로 산업용 통신 인프라 업체 에티버스이피에이는 ‘삼성전자’의 프라이빗 5G 장비와 현대자동차그룹의 로보틱스 부문... ",https://www.hellot.net/news/article.html?no=114974,https://www.hellot.net/news/article.html?no=114974,"Tue, 15 Sep 2026 18:22:00 +0900",2026-09-16 10:10:55
통신/5G,5G 산업,중국 광 모듈 시장 동향,"또한 5G 기지국 구축과 '동수서산' 프로젝트가 광 모듈의 응용 시나리오를 확장하면서, 업계는 '통신+데이터 센터+산업용 인터넷'의 다중 구동 구조를 형성했다. 이에 따라 고급 제품의 출하량이 크게 증가하고... ",http://dream.kotra.or.kr/kotranews/cms/news/actionKotraBoardDetail.do?SITE_NO=3&MENU_ID=190&CONTENTS_NO=2&bbsGbn=254&bbsSn=254&pNttSn=244023,http://dream.kotra.or.kr/kotranews/cms/news/actionKotraBoardDetail.do?SITE_NO=3&MENU_ID=190&CONTENTS_NO=2&bbsGbn=254&bbsSn=254&pNttSn=244023,"Tue, 15 Sep 2026 18:01:00 +0900",2026-09-16 10:10:55
통신/5G,6G 개발,中 화웨이 AI 전략은?…&quot;ICT·컴퓨팅 분야서 엔비디아가 목표&quot;,"전략, 6G 등 대중의 관심이 높은 현안에 관한 견해를 밝혔다. 궈핑 의장은 대형 모델 전략과 관련해 화웨이가 연결과 컴퓨팅 분야에 집중하고 있지만, 사업 부문별로 자체 개발 대형 모델에 대한 수요에는 차이가 있다고... ",http://www.choicenews.co.kr/news/articleView.html?idxno=171372,http://www.choicenews.co.kr/news/articleView.html?idxno=171372,"Wed, 16 Sep 2026 09:28:00 +0900",2026-09-16 10:10:56
통신/5G,6G 개발,내년 ICT R&amp;D '2조원 시대'…피지컬 AI·차세대 통신 '방점',"차세대 통신에는 2316억원​을 투자해 위성-지상 통합 6G, AI 기반 주파수 공급·보호 등을 개발한다. 초저지연·대용량 데이터 처리를 뒷받침하는 기지국·컴퓨팅 융합, 광통신 기술도 확보함으로써 AI 컴퓨팅과... ",https://www.koit.co.kr/news/articleView.html?idxno=209077,https://www.koit.co.kr/news/articleView.html?idxno=209077,"Wed, 16 Sep 2026 09:26:00 +0900",2026-09-16 10:10:56
통신/5G,6G 개발,[오늘의 식탁] CJ제일제당ㆍ롯데웰푸드ㆍ대상ㆍCJ프레시웨이ㆍ삼립ㆍ농...,"▲CJ프레시웨이, 자체 개발 위생관리 시험 '위생오디터'로 기업자격정부인정제 우수사례 선정... 한 봉당 단백질 6g을 함유하고 알룰로스로 단맛을 낸 저당 제품이다. 올리브영 온라인과 슈퍼에서 판매한다. ▲농심... ",https://www.dnews.co.kr/uhtml/view.jsp?idxno=202609140844578490809,https://www.dnews.co.kr/uhtml/view.jsp?idxno=202609140844578490809,"Wed, 16 Sep 2026 09:02:00 +0900",2026-09-16 10:10:56
통신/5G,6G 개발,내년 ICT R&amp;D 예산안 2조755억원…역대 최대,위성망과 지상망을 하나로 묶는 6G와 AI로 주파수를 공급·보호하는 기술 개발이 대상이다. 나머지 1073억원은 양자통신·양자센싱 기술을 끌어올리는 데 투입된다. 인재 양성 예산은 3544억원이다. AI·ICT 분야의 석... ,https://www.cstimes.com/news/articleView.html?idxno=720829,https://www.cstimes.com/news/articleView.html?idxno=720829,"Wed, 16 Sep 2026 08:38:00 +0900",2026-09-16 10:10:56
통신/5G,6G 개발,"정부, 내년 ICT R&amp;D 기획 본격화…&quot;3대 메가프로젝트 뒷받침&quot;","구체적으로 2027년 ICT R&amp;D는 3대 메가프로젝트 등 전략분야 AI·ICT 기술개발 강화, 차세대 AI 원천기술 및 안전·신뢰 기술 확보, 4대 권역 중심의 지역 AX 확산·가속화, 양자·6G 등 미래 프론티어 기술 선점 및 AI... ",https://www.itbiznews.com/news/articleView.html?idxno=225070,https://www.itbiznews.com/news/articleView.html?idxno=225070,"Wed, 16 Sep 2026 08:00:00 +0900",2026-09-16 10:10:56
통신/5G,6G 개발,"KAI, 벨기에 위성전문기업 ASL과 K-LEO 위성 공동개발 MOU","KAI는 위성 설계·제작과 체계종합 역량을 보유하고 있으며, 다목적실용위성, 차세대중형위성, 군 정찰위성 등 국가 위성개발 사업에 참여해 왔다. 최근에는 6G 저궤도 통신위성과 초소형위성 등으로 사업 영역을... ",https://www.jnilbo.com/news/articleView.html?idxno=90000065845,https://www.jnilbo.com/news/articleView.html?idxno=90000065845,"Wed, 16 Sep 2026 04:15:00 +0900",2026-09-16 10:10:56
통신/5G,6G 개발,"[푸드·다이닝 트렌드] 써브웨이, 자사앱 리뉴얼 1주년… 3000원 할인쿠폰...","건강을 즐겁게 관리하는 '헬시플레저' 트렌드를 겨냥해 한 봉당 단백질 6g을 함유했으며, 알룰로스로 단맛을... 고려해 개발한 제품이다. 제품에는 100% 국내산 통참깨만 사용했다. 참깨를 강하게 볶을 경우 탄맛과 쓴맛이... ",https://www.ibabynews.com/news/articleView.html?idxno=154545,https://www.ibabynews.com/news/articleView.html?idxno=154545,"Tue, 15 Sep 2026 21:04:00 +0900",2026-09-16 10:10:56
통신/5G,6G 개발,"KAI, 유럽 위성기업 ASL과 '맞손'…한국형 저궤도 위성통신망 구축 추진",KAI는 다목적실용위성·차세대중형위성·군 정찰위성 등 국가 위성개발 사업에 참여하며 중대형 위성의 체계종합과 개발 경험을 쌓아왔다. 최근에는 6G 저궤도 통신위성과 초소형위성 등으로 사업영역을 넓히며... ,https://www.ddaily.co.kr/page/view/2026091517501925939,https://n.news.naver.com/mnews/article/138/0002241556?sid=101,"Tue, 15 Sep 2026 20:24:00 +0900",2026-09-16 10:10:56
통신/5G,6G 개발,청라에 'AI 커넥티드 모빌리티 사이언스파크' 육성… 박찬대 'ABC+E' 공약...,연구개발(R&amp;D) 사업과 연계해 2단계 실증 벨트 구축에 나선다. 1단계로 2035년까지 청라에 핵심 거점과... 또한 6G-NTN 차량통신 검증 테크센터와 사이버보안 시험·인증센터를 구축해 내연기관 부품업체의 AIoV 모듈 전환을... ,https://www.joongboo.com/news/articleView.html?idxno=363736856,https://www.joongboo.com/news/articleView.html?idxno=363736856,"Tue, 15 Sep 2026 19:50:00 +0900",2026-09-16 10:10:56
통신/5G,6G 개발,"KAI, 국가위성 넘어 저궤도 통신으로…K-LEO 참여 기반 넓힌다","KAI는 그동안 다목적실용위성과 차세대중형위성, 군 정찰위성 등 국가 위성개발 사업에 참여해 중대형 위성 체계종합과 개발 경험을 축적했다. 최근에는 6G 저궤도 통신위성과 초소형위성으로 사업 영역을 확대하고... ",http://www.biztribune.co.kr/news/articleView.html?idxno=359065,http://www.biztribune.co.kr/news/articleView.html?idxno=359065,"Tue, 15 Sep 2026 19:48:00 +0900",2026-09-16 10:10:56
통신/5G,6G 개발,"삼성전자, 美 버라이즌과 6G 핵심 기술 'ISAC' 실증 성공…&quot;인파 밀집도...",AI와 6G가 가져올 새로운 시대의 지평을 열어나가겠다&quot;고 말했다. 버라이즌 야고 테노리오 최고기술책임자 및 기술개발 담당 수석부사장은 &quot;생활 인프라에서부터 산업 생태계까지 다양한 영역에서 AI와 결합한 미래... ,https://www.thepublic.kr/news/articleView.html?idxno=318882,https://www.thepublic.kr/news/articleView.html?idxno=318882,"Tue, 15 Sep 2026 19:18:00 +0900",2026-09-16 10:10:56
통신/5G,6G 개발,"정부, 역대 최대 ICT R&amp;D 예산 기반으로 2027년 신규 과제 기획 착수","양자 분야에는 1,073억 원이 배정돼 양자통신·센싱 기술 고도화가 추진되며, 차세대 통신 분야에는 2,316억 원이 투입돼 위성-지상 통합 6G, AI 기반 주파수 공급·보호 기술 등이 개발된다. AI·ICT 핵심 인재 양성에도... ",https://www.dailysportshankook.co.kr/news/articleView.html?idxno=433581,https://www.dailysportshankook.co.kr/news/articleView.html?idxno=433581,"Tue, 15 Sep 2026 18:56:00 +0900",2026-09-16 10:10:56
통신/5G,6G 개발,"KAI, 한국형 저궤도 위성망 구축 나선다…유럽 ASL과 맞손","KAI는 그동안 다목적실용위성과 차세대중형위성, 군 정찰위성 등 국가 위성 개발사업에 참여하며 중대형 위성의 개발·체계종합 경험을 축적해왔다. 최근에는 6G 저궤도 통신위성과 초소형 위성으로 사업 영역을... ",https://www.dt.co.kr/article/12084142?ref=naver,https://n.news.naver.com/mnews/article/029/0003048205?sid=101,"Tue, 15 Sep 2026 18:54:00 +0900",2026-09-16 10:10:56
통신/5G,6G 개발,"KAI, 유럽 ASL과 K-LEO 통신위성 공동개발 추진","그동안 다목적실용위성과 차세대중형위성, 군 정찰위성 등 국가 위성개발 사업에 참여했으며 최근 6G 저궤도 통신위성과 초소형위성으로 사업영역을 확대하고 있다. 벨기에에 본사를 둔 ASL은 위성 설계·제작부터... ",https://www.g-enews.com/view.php?ud=202609151828225109112616b072_1,https://www.g-enews.com/view.php?ud=202609151828225109112616b072_1,"Tue, 15 Sep 2026 18:38:00 +0900",2026-09-16 10:10:56
통신/5G,6G 개발,"KAI, 유럽 ASL과 저궤도 통신위성 개발…K-LEO 사업 협력","KAI는 다목적실용위성과 차세대중형위성, 군 정찰위성 등 국가 위성개발 사업에 참여해왔다. 최근에는 6G 저궤도 통신위성과 초소형위성 등으로 사업 영역을 확대하고 있다. 벨기에에 본사를 둔 ASL은 위성 설계와... ",https://www.thepublic.kr/news/articleView.html?idxno=318876,https://www.thepublic.kr/news/articleView.html?idxno=318876,"Tue, 15 Sep 2026 18:16:00 +0900",2026-09-16 10:10:56
통신/5G,6G 개발,"KAI, 유럽 ASL과 손잡고 ‘K-LEO’ 통신위성 개발","KAI는 그동안 다목적실용위성과 차세대중형위성, 군 정찰위성 등 국가 위성개발 사업에 참여하며 중대형 위성의 체계종합 및 개발 경험을 쌓아왔다. 최근에는 6G 저궤도 통신위성과 초소형위성 등으로 사업 영역을... ",https://www.viva100.com/article/20260915501384,https://www.viva100.com/article/20260915501384,"Tue, 15 Sep 2026 18:10:00 +0900",2026-09-16 10:10:56
통신/5G,6G 개발,"KAI, 유럽 위성기업 ASL과 저궤도 통신위성 개발 협력","KAI는 다목적실용위성, 차세대중형위성, 군 정찰위성 등 국가 위성개발 사업에 참여하며 중대형 위성의 체계종합과 개발 경험을 쌓아왔다. 최근에는 6G 저궤도 통신위성과 초소형위성 등으로 사업영역을 넓히며... ",https://www.cnbnews.com/news/articleView.html?idxno=1015919,https://www.cnbnews.com/news/articleView.html?idxno=1015919,"Tue, 15 Sep 2026 18:02:00 +0900",2026-09-16 10:10:56
통신/5G,6G 개발,ICT R&amp;D '2조원 시대'…피지컬AI·AI반도체 집중 투자,"양자 분야에 1천73억원을 투자해 양자통신·센싱 등 기술을 고도화하고, 차세대 통신 분야에 2천316억원을 투입해 위성-지상 통합 6G, AI 기반 주파수 공급·보호 등을 개발한다. 마지막으로, AI·ICT 핵심인재 양성... ",https://www.yna.co.kr/view/AKR20260915072600017?input=1195m,https://n.news.naver.com/mnews/article/001/0016312752?sid=105,"Tue, 15 Sep 2026 18:01:00 +0900",2026-09-16 10:10:56
통신/5G,6G 개발,"KAI, 유럽 ASL과 위성통신 협력…K-LEO 사업 참여 추진","KAI는 다목적실용위성과 차세대중형위성, 군 정찰위성 등 국가 위성개발 사업에 참여했다. 최근에는 6세대 이동통신(6G) 저궤도 통신위성과 초소형위성 등으로 사업 영역을 확대하고 있다. 김지홍 KAI 부사장은... ",https://daily.hankooki.com/news/articleView.html?idxno=1406482,https://daily.hankooki.com/news/articleView.html?idxno=1406482,"Tue, 15 Sep 2026 18:00:00 +0900",2026-09-16 10:10:56
금융,금융 주가,"SK이노베이션-SKIET, 합병 주가괴리 53%→0.6%…남은 변수 PRS",금융감독원의 증권신고서 정정 요구와 주주간담회를 거치면서 합병비율과 주주보호 문제가 부각됐지만 시장가격에서는 다른 변화가 나타났다. 발표 직후 52.8%까지 벌어졌던 가격 괴리가 0.6% 수준으로... ,http://sateconomy.co.kr/news/view/1065575277770234,http://sateconomy.co.kr/news/view/1065575277770234,"Wed, 16 Sep 2026 10:10:00 +0900",2026-09-16 10:10:57
금융,금융 주가,美 '클래리티법' 좌초에 코인 급락… 韓 제도화도 '먹구름',법안 처리 지연이 장기화할 가능성이 커지자 비트코인을 비롯한 주요 가상자산과 관련주가 급락한 가운데... 다만 클래리티법 부결에도 글로벌 금융권의 디지털자산 사업 확대 흐름은 이어질 것으로 전망된다.... ,http://www.the-biz.co.kr/news/articleView.html?idxno=727943,http://www.the-biz.co.kr/news/articleView.html?idxno=727943,"Wed, 16 Sep 2026 10:06:00 +0900",2026-09-16 10:10:57
금융,금융 주가,"[건자재 인사이드] [삼표시멘트] 배당 확대 행진, '이익 축소'에 제동 걸...",올해 반기 순이익 4년래 최저치…'주주가치 중심 경영 실현' 약속 이행 관건 삼표시멘트가 올해 상반기... 삼표시멘트는 올해 상반기 연결 영업이익 217억원을 확보했으나 114억원에 달하는 금융비용 처리와 법인세... ,https://www.topdaily.kr/articles/111972,https://www.topdaily.kr/articles/111972,"Wed, 16 Sep 2026 10:03:00 +0900",2026-09-16 10:10:57
금융,금융 주가,"NH투자證 &quot;삼성카드, 주주환원 모멘텀 부각…목표가 6만8000원 유지&quot;","타 금융주 대비 주가 흐름은 아쉬웠으나 거시경제 우려가 주가에 충분히 반영된 가운데, 연말로 갈수록 높은 배당 수익률이 부각될 것이라는 판단이다. 윤유동 NH투자증권 연구원에 따르면 2026년 예상 주당배당금... ",http://www.srtimes.kr/news/articleView.html?idxno=212569,http://www.srtimes.kr/news/articleView.html?idxno=212569,"Wed, 16 Sep 2026 10:00:00 +0900",2026-09-16 10:10:57
금융,금융 주가,"아이티센피엔에스 주가, 상한가... 왜?","사진=아이티센피엔에스 아이티센피엔에스 주가가 상한가를 기록 중이다. 16일 오전 9시 43분 KRX 기준... IT보안, 핀테크 보안, 생체인증 솔루션과 디지털금융서비스 등을 주요 사업으로 영위하고 있으며, AI와... ",https://www.ggilbo.com/news/articleView.html?idxno=1182000,https://www.ggilbo.com/news/articleView.html?idxno=1182000,"Wed, 16 Sep 2026 09:44:00 +0900",2026-09-16 10:10:57
금융,금융 주가,"KAI, 양산·수출 자금 5000억 확보… 개발투자 회수 기반 확대","▲개발투자 확대와 운영자금 조달 16일 본지가 금융감독원 전자공시시스템에 공시된 KAI 자료를 종합 분석한... 이는 주가 하락으로 전환가액이 낮아지면서 발행 주식 수가 늘어나는 것을 막지만, 주가가 전환가액을... ",http://www.newsroad.co.kr/news/articleView.html?idxno=64406,http://www.newsroad.co.kr/news/articleView.html?idxno=64406,"Wed, 16 Sep 2026 09:40:00 +0900",2026-09-16 10:10:57
금융,금융 주가,[킥스 관리의 문법①] 삼성화재 &quot;신용등급 'AA' 비결은 선제적 ALM&quot;,삼성화재는 금리 및 주가 등 주요 시장변수의 충격에 따른 킥스 변동 수준을 사전에 파악하고 자산·부채... 이 팀장은 &quot;향후 금융시장의 불확실성이 확대되는 상황이 가장 우려되는 요인으로 시장 변수는 서로 연계돼... ,https://news.einfomax.co.kr/news/articleView.html?idxno=4435105,https://news.einfomax.co.kr/news/articleView.html?idxno=4435105,"Wed, 16 Sep 2026 09:38:00 +0900",2026-09-16 10:10:57
금융,금융 주가,하락장에 3% 뛴 은행株…횡보장서 빛난 '방어주 본색',우리금융지주가 9.49% 뛰어 가장 높은 상승률을 기록했고 ▲BNK금융지주(4.22%) ▲JB금융지주(3.87%) ▲하나금융지주(2.46%) ▲KB금융(2.21%) ▲신한지주(1.72%) 등 주요 종목들이 일제히 상승했다. 반면 기업은행(-1.69%)과... ,https://www.imaeil.com/page/view/2026091609325854152,https://n.news.naver.com/mnews/article/088/0001028745?sid=101,"Wed, 16 Sep 2026 09:35:00 +0900",2026-09-16 10:10:57
금융,은행 산업,"대한항공, 60조원 규모 보잉 항공기·GE에어로 엔진 구매 완료…“한미...","한국 정부는 항공산업 경쟁력 강화를 위한 정책적 지원과 규제 개선에 힘을 보탰으며, 한국수출입은행 등 국책 금융기관도 이번 대규모 투자의 원활한 추진을 뒷받침하기 위한 금융 협력 의지를 밝혔다. 조 회장은... ",https://www.sedaily.com/article/20091496?ref=naver,https://n.news.naver.com/mnews/article/011/0004662369?sid=101,"Wed, 16 Sep 2026 10:10:00 +0900",2026-09-16 10:10:58
금융,은행 산업,"삼성전자, 부산서 'AI·고효율' 에너지 절감 설루션 대거 선보여","기후에너지환경부와 부산광역시가 공동 주최하는 '기후산업국제박람회'는 16일 부산 해운대구 벡스코(BEXCO)에서 개막해 18일까지 사흘간 열린다. 국제에너지기구(IEA), 세계은행(WB), 국제재생에너지기구(IRENA)도 공동... ",https://www.newsfreezone.co.kr/news/articleView.html?idxno=709510,https://www.newsfreezone.co.kr/news/articleView.html?idxno=709510,"Wed, 16 Sep 2026 10:10:00 +0900",2026-09-16 10:10:58
금융,은행 산업,"대한항공, 60조원 신기재 투자…2039년까지 항공기 103대 도입","계약 행사에는 김정관 산업통상부 장관, 미셸 스틸 주한미국대사, 황기연 한국수출입은행장 등이 참석했다. 조원태 한진그룹 회장은 &quot;지난해 워싱턴에서 맺은 약속이 최종 계약으로 결실을 맺게 돼 매우 뜻깊게... ",http://www.4th.kr/news/articleView.html?idxno=2118136,http://www.4th.kr/news/articleView.html?idxno=2118136,"Wed, 16 Sep 2026 10:10:00 +0900",2026-09-16 10:10:58
금융,은행 산업,"대한항공, 보잉 항공기 103대 도입…60조 대미투자 실행","행사에는 김정관 산업통상부 장관과 미셸 스틸 주한미국대사, 제임스 김 주한미국상공회의소(암참) 회장 겸 대표이사, 황기연 한국수출입은행장 등도 함께 했습니다. 조원태 회장은 행사에서 &quot;이번 계약은 단순한... ",https://news.sbs.co.kr/news/endPage.do?news_id=N1008755459&plink=ORI&cooper=NAVER,https://n.news.naver.com/mnews/article/055/0001388648?sid=101,"Wed, 16 Sep 2026 10:08:00 +0900",2026-09-16 10:10:58
금융,은행 산업,"BNK금융, '밸류업 2.0' 시동…고객보호부터 소상공인·공급망까지","사진=(사진 왼쪽부터)BNK투자증권 김준한 상무, BNK경남은행 허종구 그룹장, 경남스틸㈜ 최석우 대표이사, BNK캐피탈 오성호 전무 경남에서는 금융지원의 범위를 개별 기업이 아닌 산업 공급망으로 넓힌다. BNK경남은행은... ",http://www.dailypop.kr/news/articleView.html?idxno=102602,http://www.dailypop.kr/news/articleView.html?idxno=102602,"Wed, 16 Sep 2026 10:06:00 +0900",2026-09-16 10:10:58
금융,은행 산업,350조 생산적금융에 주주환원까지…은행권 자본관리 '이중고',"다만 350조원 전체가 은행의 기업대출을 의미하는 것은 아니다. 국민성장펀드와 첨단전략산업, 유망 성장기업 지원 등 금융지주 차원의 생산적 금융 공급계획을 합산한 규모다. 그럼에도 생산적 금융 확대 과정에서... ",https://www.newsworks.co.kr/news/articleView.html?idxno=853900,https://www.newsworks.co.kr/news/articleView.html?idxno=853900,"Wed, 16 Sep 2026 10:06:00 +0900",2026-09-16 10:10:58
금융,은행 산업,"브릭스, 현지통화 결제 재확인…공동통화 일정은 없어","국제결제은행(BIS)에 따르면 2025년 4월 외환 거래에서 달러가 거래 한쪽에 포함된 비중은 89.2%였고, 유로와... 회원국의 산업 구조와 교역 관계가 충분히 통합되지 않은 점도 제약으로 거론된다. 글로벌 원자재 거래에서... ",https://www.tokenpost.kr/news/international/408679,https://www.tokenpost.kr/news/international/408679,"Wed, 16 Sep 2026 10:04:00 +0900",2026-09-16 10:10:58
금융,은행 산업,[비트코인 지금]美 상원서 '클래리티법' 제동…비트코인 등 가상자산 하...,특히 협상 과정에서 민주당과 공화당은 트럼프 대통령이 가상자산 산업을 통해 수익을 얻는 것을 법안으로... 가상자산 업계와 은행권도 충돌했다. 코인베이스 같은 가상자산 플랫폼이 이용자에게 은행 예금과 비슷한... ,https://view.asiae.co.kr/article/2026091609584138585,https://n.news.naver.com/mnews/article/277/0005817012?sid=104,"Wed, 16 Sep 2026 10:02:00 +0900",2026-09-16 10:10:58
금융,은행 산업,"삼성·LG전자, 기후산업국제박람회서 '에너지 절감 솔루션' 전시","기후산업국제박람회는 기후에너지환경부, 국제에너지기구(IEA), 세계은행(WB) 등이 공동 주최하는 글로벌 행사로, 기후 위기 대응과 탄소중립 달성을 위한 첨단 기술, 정책 해법 등을 논의하는 자리다. 올해는... ",https://daily.hankooki.com/news/articleView.html?idxno=1406589,https://daily.hankooki.com/news/articleView.html?idxno=1406589,"Wed, 16 Sep 2026 10:02:00 +0900",2026-09-16 10:10:58
금융,은행 산업,가상화폐 ‘클래리티법’ 美상원서 부결,상원 은행위원회 민주당 간사인 앨리자베스 워런 의원(매사추세츠)은 표결 직전 연설에서 “전국 노동자... 마크 워너 의원(민주·버지니아) 역시 “대통령 개인이 막대한 이득을 취하도록 허용하면서 관련 산업 법안을... ,http://www.segyebiz.com/newsView/20260916505056?OutUrl=naver,http://www.segyebiz.com/newsView/20260916505056?OutUrl=naver,"Wed, 16 Sep 2026 10:02:00 +0900",2026-09-16 10:10:58
금융,은행 산업,"&quot;정책수혜·지배구조 개선 포커싱&quot;…KB운용, 목표전환펀드 6호 출시","주식 부문에서는 해당 산업의 핵심 기업과 지배구조 개선 수혜 기업을 정량·정성적으로 분석해 약 20... 펀드는 KB국민은행과 BNK부산은행, iM증권, 미래에셋증권 등에서 가입할 수 있다. 오는 28일까지 모집한 뒤... ",https://news.dealsitetv.com/articles/176051,https://news.dealsitetv.com/articles/176051,"Wed, 16 Sep 2026 10:00:00 +0900",2026-09-16 10:10:58
금융,은행 산업,"대한항공, 보잉 항공기 103대·GE엔진 최종 계약…60조원 규모","한국 정부는 항공산업 경쟁력 강화를 위한 정책적 지원과 규제 개선에 힘을 보탰고, 한국수출입은행 등 국책 금융기관도 대규모 투자의 원활한 추진을 뒷받침하기 위한 금융 협력 의지를 밝혔다.",https://www.etnews.com/20260916000090,https://n.news.naver.com/mnews/article/030/0003467242?sid=103,"Wed, 16 Sep 2026 09:58:00 +0900",2026-09-16 10:10:58
금융,은행 산업,"자본시장 통합행사, 올해 첫선…코리아 프리미엄 위크 개최","1주차에는 자본 외환시장 정책 세션과 연기금, IB(투자은행), 운용사 등 글로벌 핵심투자자 및 국내... ETF(상장지수펀드) 투자 세미나와 함께 향후 시장 및 산업 전망을 다루는 세미나가 진행된다.",https://news.dealsitetv.com/articles/176048,https://news.dealsitetv.com/articles/176048,"Wed, 16 Sep 2026 09:58:00 +0900",2026-09-16 10:10:58
금융,은행 산업,"대한항공, 60조 대미투자 실행…보잉 항공기 103대 구입","행사에는 김정관 산업통상부 장관과 미셸 스틸 주한미국대사, 제임스 김 주한미국상공회의소(암참) 회장 겸 대표이사, 황기연 한국수출입은행장 등도 함께 했습니다. 조원태 회장은 행사에서 &quot;이번 계약은 단순한... ",https://biz.sbs.co.kr/article_hub/20000334928?division=NAVER,https://n.news.naver.com/mnews/article/374/0000533187?sid=101,"Wed, 16 Sep 2026 09:57:00 +0900",2026-09-16 10:10:58
금융,핀테크 시장,"만년 적자였던 디지털보험사...교보라이프플래닛, 적자 폭 줄고 CSM 확대",김영석 대표 취임 이후 꾸준히 보장성보험 중심의 체질 개선과 함께 글로벌 인슈어테크 시장 공략이 수익성... 지난달에는 인도네시아 대표적 핀테크 기업인 '방자민'과 인슈어테크 솔루션 '라플레이(Laplay' 공급 및 현지... ,https://www.greened.kr/news/articleView.html?idxno=350188,https://www.greened.kr/news/articleView.html?idxno=350188,"Wed, 16 Sep 2026 10:06:00 +0900",2026-09-16 10:10:58
금융,핀테크 시장,"클라우스DX, 국내 넘어 글로벌 시장으로 생태계 확장","회사의 주요 인력은 증권시장 시스템 개발·운영, 금융 SI, 블록체인 및 디지털 자산 플랫폼, 시장감시와 핀테크 분야의 경험을 보유하고 있다. 클라우스DX는 이를 기반으로 오픈형 STO 발행 플랫폼과 디지털 자산 거래... ",https://www.hankookilbo.com/news/article/A2026091609050002062?did=NA,https://n.news.naver.com/mnews/article/469/0000954297?sid=101,"Wed, 16 Sep 2026 09:42:00 +0900",2026-09-16 10:10:58
금융,핀테크 시장,"디셈버앤컴퍼니 핀트,'한국ETF 국면대응' 솔루션 출시",투자자가 시장 흐름을 판단하고 투자 비중을 조절해야 하는 번거로움을 AI 투자엔진으로 자동화한 것이 핵심&quot;이라고 말했다. 한편 디셈버앤컴퍼니는 모바일 간편투자 서비스 '핀트(fint)'를 운영하는 핀테크... ,http://www.hansbiz.co.kr/news/articleView.html?idxno=865624,http://www.hansbiz.co.kr/news/articleView.html?idxno=865624,"Wed, 16 Sep 2026 09:28:00 +0900",2026-09-16 10:10:58
금융,핀테크 시장,"김서준 해시드 대표, 아부다비 투자 포럼에 연사로 [크립토브리핑]","헬스케어, 핀테크·디지털 자산 등 4개 산업 클러스터를 운영하고 있다. 아부다비의 비석유 부문 수출은... 김 대표는 이번 대담에서 아부다비에서 한 번 사업 구조를 세운 뒤 인도와 아프리카 등 인접 시장으로... ",https://www.fnnews.com/news/202609160857535407,https://n.news.naver.com/mnews/article/014/0005576458?sid=105,"Wed, 16 Sep 2026 09:03:00 +0900",2026-09-16 10:10:58
금융,핀테크 시장,"김서준 해시드 대표, 아부다비 투자포럼서 대담…韓 진출 전략 논의","진출과 시장 확장 방안을 논의한다. 김 대표는 이날 서울 JW메리어트호텔에서 열리는 ADIF 서울의... 헬스케어, 핀테크·디지털자산 등 산업 클러스터를 운영하고 있다. 아부다비의 비석유 부문 수출은 2023년부터... ",https://www.edaily.co.kr/News/Read?newsId=02725686645580776&mediaCodeNo=257&utm_source=naver&utm_medium=referral&utm_campaign=news_syndication&utm_content=original_article,https://n.news.naver.com/mnews/article/018/0006370124?sid=101,"Wed, 16 Sep 2026 08:41:00 +0900",2026-09-16 10:10:58
금융,핀테크 시장,"해시드 김서준 대표, 아부다비 투자 포럼 서울 행사 연사 참여","아부다비에서 사업 구조를 구축한 뒤 인도와 아프리카 등 인접 시장으로 확장하는 전략과 국내 기업이... 헬스케어, 핀테크·디지털 자산 등 산업 클러스터를 운영하고 있다. 해시드는 서울을 비롯해 샌프란시스코... ",http://www.beyondpost.co.kr/view.php?ud=2026091608373368546a9e4dd7f_30,http://www.beyondpost.co.kr/view.php?ud=2026091608373368546a9e4dd7f_30,"Wed, 16 Sep 2026 08:40:00 +0900",2026-09-16 10:10:58
금융,핀테크 시장,"김서준 해시드 대표, 아부다비 투자포럼 연사로 나선다","김 대표는 이번 대담에서 아부다비에서 한 번 사업 구조를 세운 뒤 인도와 아프리카 등 인접 시장으로... 헬스케어, 핀테크·가상 자산 등 네 개 산업 클러스터를 운영하고 있다. 아부다비의 비석유 부문 수출은... ",https://www.newsis.com/view/NISX20260916_0003791165,https://n.news.naver.com/mnews/article/003/0014193044?sid=101,"Wed, 16 Sep 2026 08:33:00 +0900",2026-09-16 10:10:58
금융,핀테크 시장,"스타크넷, 폭등이냐 폭망이냐… 2026~2030 장기 예측 보고서에 암호화폐...",이더리움 레이어2(L2) 시장의 핵심 프로젝트로 주목받아 온 스타크넷(STRK·국내에서는 '파업' 등으로 번역되기도 함)의 2026년 및 2027~2030년 장기 가격 예측 보고서가 핀테크 전문 매체 코인피디아를 통해 공개됐다. 16일... ,https://www.pinpointnews.co.kr/news/articleView.html?idxno=487370,https://www.pinpointnews.co.kr/news/articleView.html?idxno=487370,"Wed, 16 Sep 2026 08:08:00 +0900",2026-09-16 10:10:58
금융,핀테크 시장,이소영 “금융위원장과 공개 토론”…與 “루센트블록 토론 필요”,대전에 본사를 둔 루센트블록은 충청권 유일의 블록체인 핀테크 기업이자 국내 부동산 조각투자 1호... 자본시장 관련 토론을 해보고 싶다’는 말씀을 주셨기 때문에 저도 이후에도 구체적인 의견을 좀 더 드릴 것”이라고... ,https://www.edaily.co.kr/News/Read?newsId=02604326645580776&mediaCodeNo=257&utm_source=naver&utm_medium=referral&utm_campaign=news_syndication&utm_content=original_article,https://n.news.naver.com/mnews/article/018/0006370093?sid=101,"Wed, 16 Sep 2026 08:02:00 +0900",2026-09-16 10:10:58
금융,핀테크 시장,"김서준 해시드 대표, 아부다비 투자 포럼 서울 행사 대담 참여","헬스케어, 핀테크·디지털자산 등 4개 산업 클러스터를 운영한다. 포럼의 중점 분야는 AI·로보틱스, 첨단... 한국 기업의 기술력과 아부다비의 자본·제도·지리적 이점을 결합해 글로벌 시장 진출 기회를 모색한다는... ",https://www.etoday.co.kr/news/view/2625996,https://www.etoday.co.kr/news/view/2625996,"Wed, 16 Sep 2026 07:58:00 +0900",2026-09-16 10:10:58
금융,핀테크 시장,아부다비 투자 포럼 서울서 열린다..김서준 해시드 대표 대담 참여,"헬스케어, 핀테크·디지털 자산 등 네 개 산업 클러스터를 운영하고 있다. 아부다비의 비석유 부문 수출은... 아부다비는 유럽과 아시아, 아프리카를 잇는 위치에 있어 한 곳에서 검증한 사업 모델을 인접 시장으로... ",https://kpenews.com/View.aspx?No=4228955,https://kpenews.com/View.aspx?No=4228955,"Wed, 16 Sep 2026 07:44:00 +0900",2026-09-16 10:10:58
금융,핀테크 시장,"미 국채금리 5% 재돌파·유가 급등, 뉴욕증시 이틀 연속 하락",시장의 합법적 규제 틀을 마련하려던 디지털자산 명확성 법안이 상원을 통과하지 못하면서 거래소와 관련 핀테크 기업의 규제 리스크가 재부각됐다. 비트코인 등 가상자산 전반에 규제 공백에 따른 제도권... ,https://www.globale.co.kr/news/articleView.html?idxno=40419,https://www.globale.co.kr/news/articleView.html?idxno=40419,"Wed, 16 Sep 2026 07:24:00 +0900",2026-09-16 10:10:58
금융,핀테크 시장,[더벨][Company Watch] 한패스 부진에 후발주자 이나인페이 '피크아웃' 우...,코스닥 시장에 입성했다. 상장 원년 상반기 영업손실 39억원을 기록했다. 전년 동기 45억원 흑자를 기록했던 점과 대조적이다. 시가총액도 최고가와 비교해 90% 가까이 빠진 상태다. 핀테크 업종을 겨냥한 금융당국의... ,https://www.thebell.co.kr/free/content/ArticleView.asp?key=202609151641098000105024,https://www.thebell.co.kr/free/content/ArticleView.asp?key=202609151641098000105024,"Wed, 16 Sep 2026 07:12:00 +0900",2026-09-16 10:10:58
금융,핀테크 시장,[K-금융 글로벌 전략 2026] [인도네시아] 조명현 신한인니 행장 &quot;단독 성...,그는 &quot;한국계 은행이 동남아 시장에 진출해 대출을 늘리는 과정에서 가장 우려스러운 부분이 부실&quot;이라며... 우선 핀테크 채널링과 리테일 확대 등 현재 추진하는 사업모델의 수익성과 성장성을 입증한 뒤 이를... ,https://dealsite.co.kr/articles/168984,https://dealsite.co.kr/articles/168984,"Wed, 16 Sep 2026 07:02:00 +0900",2026-09-16 10:10:58
금융,핀테크 시장,"[부동산 PF 재가동] ②키움증권, IB 성장엔진 부동산금융…넘어야 할 산...","토스 같은 핀테크 업체는 브로커리지 시장의 진출 위협이 되고 있었던 한편, CFD사태로 촉발된 신용대출 규제안이 강화되기 시작했기 때문이다. 이에 키움증권은 전사적인 IB 강화에 나섰다. 채권발행시장에서 지난... ",https://www.fetv.co.kr/news/articleView.html?idxno=310234,https://www.fetv.co.kr/news/articleView.html?idxno=310234,"Wed, 16 Sep 2026 07:00:00 +0900",2026-09-16 10:10:58
금융,핀테크 시장,"&quot;해외법인 회색지대 없앤다&quot;… 中, 증권사 해외사업 '부패 단속' 칼 뺐다",디지털 핀테크와 알고리즘 트레이딩을 악용한 부정 이익 편취까지 명시적으로 금지하는 등 전례 없이... 연쇄적인 시장 정화 조치다. &quot;일류 투자은행 키운다&quot;… 홍콩 장악한 CICC·중신증권 직접 영향권 중국 정부가... ,https://www.g-enews.com/view.php?ud=2026091523414376810c8c1c064d_1,https://www.g-enews.com/view.php?ud=2026091523414376810c8c1c064d_1,"Wed, 16 Sep 2026 06:46:00 +0900",2026-09-16 10:10:58
금융,핀테크 시장,발행은 은행 과반? 거래소 지분은 몇 %까지?…15개월 째 헛바퀴 [스테이...,한은-핀테크 대치 지속…'거래소 지분 상한' 사유재산권 침해 반발 이달 넘기면 국감·예산정국 맞물려 연내... 특정 대주주의 전횡을 차단해 시장 독과점과 이해상충 문제를 해소해야 한다는 정책적 당위성과 민간 기업의... ,https://www.etoday.co.kr/news/view/2625420,https://www.etoday.co.kr/news/view/2625420,"Wed, 16 Sep 2026 05:00:00 +0900",2026-09-16 10:10:58
리츠/부동산,리츠 주가,AI 모델 출시 늦어져도 데이터센터는 부족…추론 수요가 새 동력,"AI 인프라의 근간이 되는 초대형 데이터센터 [사진: 셔터스톡] AI 개발 속도 조절론이 확산하면서 데이터센터 리츠 주가가 흔들렸지만, 데이터센터 수요까지 곧바로 꺾이지는 않을 것이라는 전망이 나왔다. 15일... ",https://www.digitaltoday.co.kr/news/articleView.html?idxno=700900,https://www.digitaltoday.co.kr/news/articleView.html?idxno=700900,"Wed, 16 Sep 2026 09:24:00 +0900",2026-09-16 10:10:59
리츠/부동산,리츠 주가,"한국투자증권, ELW 268종목 신규 상장 外","ELW는 개별 주식 또는 주가지수를 만기일에 미리 정한 가격으로 사고 팔 수 있는 권리를 거래하는 상품이다.... 우리자산신탁, 동대문'굿모닝시티'프로젝트 리츠로 재건축 추진 우리금융그룹 우리자산신탁(대표이사... ",https://www.rcast.co.kr/news/articleView.html?idxno=31634,https://www.rcast.co.kr/news/articleView.html?idxno=31634,"Wed, 16 Sep 2026 06:44:00 +0900",2026-09-16 10:10:59
리츠/부동산,리츠 주가,금리 상승에 리츠 ETF '찬바람'…주가 빠지고 순자산도 줄었다,돈도 빠졌다…50억원대까지 내려온 리츠 ETF 주가 하락과 함께 리츠 ETF의 순자산도 대부분 감소했다. 최근 3개월간 KODEX 미국부동산리츠인프라는 5112억원에서 4860억원으로 4.9% 줄었다. TIGER 미국MSCI리츠(합성 H)는... ,https://www.greened.kr/news/articleView.html?idxno=350140,https://www.greened.kr/news/articleView.html?idxno=350140,"Tue, 15 Sep 2026 16:30:00 +0900",2026-09-16 10:10:59
리츠/부동산,리츠 주가,9월 14일 주식시장 주요공시,"보통주 375,776주 소각 결정(소각예정일:2026-10-19) ▶케스피온, 최대주주가 푸른 소부장... 2023-11-06) ▶제이알글로벌리츠, (정정)회생절차개시신청(사유: 회생절차개시여부 결정의 보류(ARS프로그램 개시)... ",https://www.catchnews.kr/news/articleView.html?idxno=128423,https://www.catchnews.kr/news/articleView.html?idxno=128423,"Tue, 15 Sep 2026 08:48:00 +0900",2026-09-16 10:10:59
리츠/부동산,리츠 주가,밸류업株도 희비 교차… 롯데쇼핑·우리금융 웃고 SK하이닉스 울었다,"종목들의 주가가 엇갈리고 있다. 주주환원 확대 기대가 이어지는 금융·유통·소비재 종목에는 매수세가... 메리츠금융지주, 하나금융지주, KB금융, iM금융지주, JB금융지주, 신한지주, BNK금융지주, 기업은행, 카카오뱅크 등... ",https://www.pinpointnews.co.kr/news/articleView.html?idxno=486874,https://www.pinpointnews.co.kr/news/articleView.html?idxno=486874,"Mon, 14 Sep 2026 15:28:00 +0900",2026-09-16 10:10:59
리츠/부동산,리츠 주가,"[인터뷰] 한국리츠협회장 정병윤 &quot;상장리츠에도 삼성전자 필요, 대형 스...",정 회장은 &quot;최근 두 자릿수 배당수익률을 보이는 상장리츠들도 있지만 이는 배당이 크게 늘어서라기보다 주가가 많이 떨어진 영향이 크다&quot;고 말했다. 금리라는 외부 변수뿐 아니라 국내 리츠를 둘러싼 각종 규제 역시... ,https://www.businesspost.co.kr/BP?command=article_view&num=447064,https://www.businesspost.co.kr/BP?command=article_view&num=447064,"Mon, 14 Sep 2026 14:00:00 +0900",2026-09-16 10:10:59
리츠/부동산,리츠 주가,9월 14일 개장 전 주요 공시,향후 리츠 설립 후 본공사 도급계약을 다시 공시할 예정이라고 밝혔다. 우양피앤엘은 종속회사... 기준주가(1281원) 대비 할인율은 4.12%이며 납입일은 10월 1일이다. 전환사채 공시는 원문이 아직 등록되지 않았다.... ,https://www.seoulfn.com/news/articleView.html?idxno=637836,https://www.seoulfn.com/news/articleView.html?idxno=637836,"Mon, 14 Sep 2026 07:00:00 +0900",2026-09-16 10:10:59
리츠/부동산,리츠 주가,삼전·닉스 떠나는 개미들,이 기간 SK하이닉스와 삼성전자 주가가 각각 두 자릿수와 한 자릿수 상승률을 기록하면서 차익실현... 2차전지와 리츠 ETF도 순매수 상위권에 올랐다. 반면 상반기 개인 자금이 집중됐던 반도체 ETF에서는 매물이... ,http://www.smedaily.co.kr/news/articleView.html?idxno=363095,http://www.smedaily.co.kr/news/articleView.html?idxno=363095,"Sun, 13 Sep 2026 10:24:00 +0900",2026-09-16 10:10:59
리츠/부동산,리츠 주가,[마켓 뷰] 삼전·닉스 팔고 금·원전·전력기기로…반도체 일변도의 개...,"금·원전·리츠·전력기기·2차전지 등으로 투자처를 넓히고 있는 것으로 나타났다. 미국 증시에서도... 상반기 코스피 상승장에서 개인 투자자들이 반도체주를 사들이며 주가 하단을 받쳐줬다면, 이제는 오히려... ",https://www.moneystorm.kr/news/articleView.html?idxno=6434,https://www.moneystorm.kr/news/articleView.html?idxno=6434,"Sun, 13 Sep 2026 09:24:00 +0900",2026-09-16 10:10:59
리츠/부동산,리츠 주가,&quot;올라도 못 믿겠다&quot;...삼전닉스 반등에도 팔아치우는 개미들,"대형주라는 말이 무색할 정도로 두 반도체의 어지러운 급등락을 경험한 개인들의 투자 심리가 주가... (108억원), 'TIGER 리츠부동산인프라'(89억원), 'KODEX AI전력핵심설비'(38억원) 순으로 순매수액이 많았다.... ",http://www.metroseoul.co.kr/article/20260913500013,http://www.metroseoul.co.kr/article/20260913500013,"Sun, 13 Sep 2026 08:54:00 +0900",2026-09-16 10:10:59
리츠/부동산,리츠 주가,미국 노인들은 왜 배당주를 모을까 ①,"기업의 실적과 재무 상황에 따라 배당이 줄거나 중단될 수 있고, 주가가 하락하면 배당금을 받더라도 전체... 이것은 주식의 배당이나 채권 이자, 리츠의 배당, 옵션 프리미엄 등을 재원으로 매달 분배금을 지급한다.... ",http://woman.chosun.com/news/articleView.html?idxno=126541,http://woman.chosun.com/news/articleView.html?idxno=126541,"Sun, 13 Sep 2026 08:00:00 +0900",2026-09-16 10:10:59
리츠/부동산,리츠 주가,상반기엔 반도체 싹쓸이하더니…개인 자금이 몰린 의외의 ETF,"반도체 대형주의 주가 조정과 함께 한 업종에 베팅하기보다 여러 자산과 업종을 나눠 담는 순환매 장세에... 108억원, 'TIGER 리츠부동산인프라' 89억원, 'KODEX AI전력핵심설비' 38억원 순이었다. 눈에 띄는 것은 반도체... ",https://www.pinpointnews.co.kr/news/articleView.html?idxno=486435,https://www.pinpointnews.co.kr/news/articleView.html?idxno=486435,"Sun, 13 Sep 2026 06:46:00 +0900",2026-09-16 10:10:59
리츠/부동산,리츠 주가,금리 하락 기대감에 리츠株 들썩…우량 부동산 품은 종목 '주목',다만 단기 상승폭이 컸던 일부 종목에서는 차익 실현 매물이 나오면서 종목별 주가 흐름은 엇갈렸다. 리츠 테마에서는 한화리츠가 상승세를 주도하고 있다. 12일 한국거래소에 따르면 전 거래일 한화리츠는 2.29% 상승한... ,https://www.pinpointnews.co.kr/news/articleView.html?idxno=486381,https://www.pinpointnews.co.kr/news/articleView.html?idxno=486381,"Sat, 12 Sep 2026 13:54:00 +0900",2026-09-16 10:10:59
리츠/부동산,리츠 주가,따상은 옛말?…올해 새내기주 지금도 공모가 위에 있을까,28곳의 주가를 분석한 결과 22곳(78.6%)이 공모가를 밑돌았다. 공모가를 웃도는 종목은 6곳(21.4%)에 그쳤다. 스팩(SPAC·기업인수목적회사)과 리츠 등은 집계에서 제외했다. 28개 종목의 공모가 대비 수익률을 단순... ,https://www.ajunews.com/view/20260911162140479,https://www.ajunews.com/view/20260911162140479,"Fri, 11 Sep 2026 16:28:00 +0900",2026-09-16 10:10:59
리츠/부동산,리츠 주가,사고팔 이유가 없다…연금은 TDF에 맡겨라,국공채·단기채·배당주·리츠 등 변동성이 적고 현금흐름을 꾸준히 만들어내는 자산 위주로 포트폴리오를... 있어 주가 하락분을 환차익이 일부 상쇄해주기도 한다. 최근에는 주식자산은 환노출을 해 달러의... ,https://magazine.hankyung.com/money/article/202608187380c,https://magazine.hankyung.com/money/article/202608187380c,"Fri, 11 Sep 2026 06:02:00 +0900",2026-09-16 10:10:59
리츠/부동산,리츠 주가,미 10년물 4.80%…채권 밖 소득원 찾는 투자자들,배당주와 리츠는 정기적인 현금흐름을 제공할 수 있지만 주가와 부동산시장 변동을 함께 부담한다. 우선주는 채권과 유사한 고정배당 특성이 있지만 주식의 성격도 지녀 원금과 수익이 보장되는 상품은 아니다.... ,https://www.tokenpost.kr/news/economy/405915,https://www.tokenpost.kr/news/economy/405915,"Thu, 10 Sep 2026 23:28:00 +0900",2026-09-16 10:10:59
리츠/부동산,리츠 주가,[운용 NOW] 삼성자산운용·NH아문디자산운용,"■ 삼성자산운용, 'KODEX 한국부동산리츠인프라' 연말까지 분배금 조정 지급 삼성자산운용이... 열기가 해소되며 주가 조정이 발생한 상황으로 다시 관심을 가져야 할 국면에 다가왔다&quot;라고 말했다. [위키리크스한국=]",http://www.wikileaks-kr.org/news/articleView.html?idxno=191855,http://www.wikileaks-kr.org/news/articleView.html?idxno=191855,"Thu, 10 Sep 2026 18:38:00 +0900",2026-09-16 10:10:59
리츠/부동산,리츠 주가,[증권톡톡] 삼성운용 '한국부동산리츠인프라 ETF' 분배금 조정·한화운용...,10일 운용업계에서는 리츠 ETF(상장지수펀드)의 분배금 조정부터 국내외 반도체 ETF의 수익률 경쟁까지... 투자 열기가 해소되며 주가 조정이 발생한 상황으로 다시 관심을 가져야 할 국면&quot;이라고 말했다. [뉴스웍스=],https://www.newsworks.co.kr/news/articleView.html?idxno=853305,https://www.newsworks.co.kr/news/articleView.html?idxno=853305,"Thu, 10 Sep 2026 14:34:00 +0900",2026-09-16 10:10:59
리츠/부동산,리츠 주가,[더밸류 브리핑] 오늘의 ETF 소식...삼성자산운용·NH-아문디자산운용·...,"자산운용사들이 리츠, 반도체, HBM ETF 성과를 알렸다. 삼성자산운용은 ‘KODEX 한국부동산리츠인프라 ETF’... 해소되며 주가 조정이 발생한 상황으로 다시 관심을 가져야 할 국면에 다가왔다”라고 말했다.... ",http://www.thevaluenews.co.kr/news/view.php?idx=201466,http://www.thevaluenews.co.kr/news/view.php?idx=201466,"Thu, 10 Sep 2026 13:54:00 +0900",2026-09-16 10:10:59
리츠/부동산,리츠 주가,머니투데이 오프라인 헤드라인-10일,野 &quot;주가조작 재수사&quot; [오피니언] '민간영구임대'라는 해법 '용혜인 사태'의 공범자들 히말라야가 인류에게... 1년새 26%↓ 제이알리츠 '감평 논란' 英 소송 패소…회생 안갯속 다시 힘 받는 엔화…주목받는 금융·내수주,https://www.mt.co.kr/society/2026/09/10/2026090922084948470,https://n.news.naver.com/mnews/article/008/0005411735?sid=102,"Thu, 10 Sep 2026 04:30:00 +0900",2026-09-16 10:10:59
리츠/부동산,부동산 시장,하헌기 &quot;李 지지율 하락? 강경파에 휘둘려서…모두의 대통령 돌아가야&quot;...,그때 부동산이나 주식 시장 문제도 다 중첩이 됐었고요. 그러니까 말씀드리면 강경파들 말을 충분히 안 들어줘서 생긴 문제가 아니라 휘둘렸기 때문에 생긴 문제라고 생각을 하거든요. 이 문제에 대해서 대통령께서 원래... ,https://www.nocutnews.co.kr/news/6578857?utm_source=naver&utm_medium=article&utm_campaign=20260916100817,https://n.news.naver.com/mnews/article/079/0004189848?sid=100,"Wed, 16 Sep 2026 10:09:00 +0900",2026-09-16 10:11:00
리츠/부동산,부동산 시장,초·중·고 도보권에 교육환경 갖춘 KCC건설 '향남역 그로브 스위첸' 10월...,최근 부동산 시장이 실수요자 중심으로 재편되면서 초·중·고교를 도보로 이용할 수 있는 ‘원스톱 학세권’과 단지 내 교육 특화 서비스를 갖춘 단지가 주요 주거 선택지로 떠오르고 있다. 특히 주택 시장의 주요... ,https://www.hankyung.com/article/202609167553O,https://n.news.naver.com/mnews/article/015/0005332841?sid=101,"Wed, 16 Sep 2026 10:03:00 +0900",2026-09-16 10:11:00
리츠/부동산,부동산 시장,"&quot;폭락, 아니면 폭등&quot;..극단론에 빠진 주택시장에 던지는 정책전문가의 ...","다가올 ‘공급의 시대’와 지역별 집값 양극화를 전망한다. 집을 사려는 사람에게는 시장을 읽는 기준을, 부동산 시장을 이해하려는 독자에게는 한국 주택시장을 바라보는 새로운 관점을 제공하는 책이다./hbcha@chosun.com .",https://realty.chosun.com/site/data/html_dir/2026/09/16/2026091601090.html,https://realty.chosun.com/site/data/html_dir/2026/09/16/2026091601090.html,"Wed, 16 Sep 2026 10:00:00 +0900",2026-09-16 10:11:00
리츠/부동산,부동산 시장,"부산 대연동 정비사업 아파트 상승 흐름… 두산건설, '두산위브더제니...",부산 남구 부동산 시장의 핵심 주거지로 떠오른 대연동 일대 정비사업 단지들이 신흥 주거타운으로 재편되며 견조한 가격 흐름을 이어가고 있다. 노후 주택 밀집 지역이 브랜드 아파트 중심의 주거지로 변화하는 가운데... ,https://edu.donga.com/news/articleView.html?idxno=111990,https://edu.donga.com/news/articleView.html?idxno=111990,"Wed, 16 Sep 2026 10:00:00 +0900",2026-09-16 10:11:00
리츠/부동산,부동산 시장,"동래구, 개업 공인중개사 300명 대상 역량 강화 교육","이번 교육은 급변하는 부동산 시장 환경 속에서 중개업무의 전문성을 높이고, 투명하고 건전한 부동산 중개 문화를 조성하기 위해 마련됐다. 특강에서는 중개대상물 표시·광고 시 유의사항과 인공지능(AI)을 활용한 중개... ",http://www.metroseoul.co.kr/article/20260915500638,http://www.metroseoul.co.kr/article/20260915500638,"Wed, 16 Sep 2026 09:56:00 +0900",2026-09-16 10:11:00
리츠/부동산,부동산 시장,"[속보] 한병도 민주당 원내대표 &quot;대전 국비 5조 원, 시민 체감 성과로 잇...",한 원내대표는 &quot;강 후보자는 정통 안보·군사전략 전문가로 급변하는 안보 환경에서 자주국방 역량을 강화하고 군의 체질 개선을 이끌 적임자이고 홍 후보자는 도시·주택·교통행정 전문가&quot;라며 &quot;부동산시장 안정에는... ,https://www.daejonilbo.com/news/articleView.html?idxno=2301509,https://n.news.naver.com/mnews/article/656/0000186948?sid=100,"Wed, 16 Sep 2026 09:53:00 +0900",2026-09-16 10:11:00
리츠/부동산,부동산 시장,서울 집값 상승세 꺾였는데 전남광주는 더 올랐다…'반도체 효과' 기대...,광주 반도체 클러스터 추진에 따른 지역 부동산 시장의 기대감이 영향을 준 것으로 해석됩니다. 15일 한국부동산원이 발표한 8월 전국 주택가격 동향조사에 따르면 서울 주택종합 매매가격은 전월보다 0.97... ,https://www.ikbc.co.kr/article/view/kbc202609160022,https://n.news.naver.com/mnews/article/660/0000117292?sid=101,"Wed, 16 Sep 2026 09:39:00 +0900",2026-09-16 10:11:00
리츠/부동산,부동산 시장,지방 부동산 ‘옥석 가리기’ 뚜렷…브랜드·역세권·생활인프라 갖춘 ...,"지난해부터 양극화가 이어지고 있는 지방 부동산 시장에서 브랜드와 역세권, 생활인프라 등을 갖춘 일부 단지가 상대적으로 높은 청약 경쟁률을 기록하고 있다. 브랜드와 상품 설계, 교통 여건, 교육·쇼핑·의료시설... ",https://biz.heraldcorp.com/article/10875034?ref=naver,https://n.news.naver.com/mnews/article/016/0002697923?sid=101,"Wed, 16 Sep 2026 09:33:00 +0900",2026-09-16 10:11:00
리츠/부동산,부동산 시장,"금강주택, 하이퍼엔드 단지 알티에로 광안 분양중",부동산업계에서는 주택시장 침체가 이어질수록 상대적으로 입지와 상품성이 확보된 주거 상품에 수요가 집중되는 양극화 현상이 나타날 수 있다고 보고 있다. 부동산 업계 관계자는 &quot;지난해 부산 분양시장은 전반적으로... ,https://www.ksilbo.co.kr/news/articleView.html?idxno=1067435,https://www.ksilbo.co.kr/news/articleView.html?idxno=1067435,"Wed, 16 Sep 2026 09:26:00 +0900",2026-09-16 10:11:00
리츠/부동산,부동산 시장,용인 플랫폼시티 착공 1년... 2030년 완공 향해 도로망·GTX 인프라 속도,등 배후 업무지구 연계성이 강화되면서 수도권 남부 축의 주거 선호도가 구조적 변화를 겪고 있다고 진단한다. 산업 기반과 교통 혁신이 맞물린 복합 개발이 지역 부동산 시장 전반의 체질을 바꾸고 있다는 평가다.,http://www.ttlnews.com/news/articleView.html?idxno=3144013,http://www.ttlnews.com/news/articleView.html?idxno=3144013,"Wed, 16 Sep 2026 09:20:00 +0900",2026-09-16 10:11:00
리츠/부동산,부동산 시장,강남3구 '외국인 집주인' 대거 출현…&quot;심각한 규제 역차별&quot; 지적도,"국내 부동산 시장에서 내국인을 겨냥한 대출·세제 규제가 강화되는 가운데, 서울 아파트를 매입해 세를 놓는 '외국인 집주인'이 5년 새 4배 이상 급증한 것으로 나타났다. 특히 외국인 자본이 강남 3구 등 핵심 고가... ",https://economist.co.kr/article/view/ecn202609160002,https://n.news.naver.com/mnews/article/243/0000103128?sid=101,"Wed, 16 Sep 2026 09:19:00 +0900",2026-09-16 10:11:00
리츠/부동산,부동산 시장,"&quot;고금리 언제까지?&quot; 호치민시, 아파트 매수세 '뚝'…수요자 관망세 지속","베트남 부동산 업계는 매매 시장에서 나타나고 있는 조정장이 주로 유동성 감소에 따른 매도자들의 가격 조정을 반영할 뿐, 광범위한 가격 하락을 점치기는 이르다는 지적이다. 급전 마련이나 금융비 부담을 버틸 수... ",https://www.insidevina.com/news/articleView.html?idxno=44063,https://www.insidevina.com/news/articleView.html?idxno=44063,"Wed, 16 Sep 2026 09:18:00 +0900",2026-09-16 10:11:00
리츠/부동산,부동산 시장,"'홈즈' 김남일·김영광, 정용진 회장 이웃집 임장…&quot;잔디 관리만 1억 원...","오는 17일 방송에서는 최근 부동산 시장에서 관심을 받고 있는 성남으로 임장을 떠난다. 성남은 원도심과 1기 신도시 분당, 2기 신도시 판교가 함께 자리한 곳으로 대한민국 신도시의 발전 과정을 한 지역에서 살펴볼 수... ",http://enews.imbc.com/News/RetrieveNewsInfo/518334,https://m.entertain.naver.com/article/408/0000321564,"Wed, 16 Sep 2026 09:16:00 +0900",2026-09-16 10:11:00
리츠/부동산,부동산 시장,‘반도체 머니’ 오산으로…’더샵 오산역아크시티’ 오피스텔 눈길,최근 경기 남부권 부동산 시장은 '반도체벨트' 수혜 기대감으로 오산시를 중심으로 신고가 거래가 이어지며 집값 상승폭을 키우고 있다. 부동산 빅데이터업체 아파트미에 따르면 올해 8월 오산시에서 체결된 아파트... ,https://view.asiae.co.kr/article/2026091517162119674,https://n.news.naver.com/mnews/article/277/0005816944?sid=101,"Wed, 16 Sep 2026 09:10:00 +0900",2026-09-16 10:11:00
리츠/부동산,부동산 시장,지방 분양시장 침체 속 양극화 심화…'브랜드·역세권' 단지로 수요 집...,"업계 관계자는 &quot;지방 부동산 시장이 투자 목적에서 철저히 실거주 위주로 재편되면서 교통 편의성과 학군, 편의시설, 브랜드 완성도가 고루 뒷받침된 단지에만 통장이 몰리고 있다&quot;며 &quot;복합 인프라를 갖춘 핵심... ",http://www.newsdream.kr/news/articleView.html?idxno=118248,http://www.newsdream.kr/news/articleView.html?idxno=118248,"Wed, 16 Sep 2026 09:08:00 +0900",2026-09-16 10:11:00
리츠/부동산,부동산 시장,&quot;강남 가면 외곽 따라간다&quot; 공식 깨졌다···서울 집값 '디커플링' 심화,있어 서울 외곽 아파트값이 하방 압력을 받을 가능성은 크지 않다&quot;고 말했다. 그러면서 &quot;결국 정부의 인위적인 개입으로 인해 시장이 기억하던 부동산 시장의 일반적인 동조화 패턴은 이미 달라졌다&quot;고 덧붙였다.,https://www.seoulfn.com/news/articleView.html?idxno=638060,https://www.seoulfn.com/news/articleView.html?idxno=638060,"Wed, 16 Sep 2026 09:04:00 +0900",2026-09-16 10:11:00
리츠/부동산,부동산 시장,홍지선·김윤덕 인사청문 답변서 16개 항목 일치…野 “복붙 청문회”,"예를 들어 김 장관은 지난해 7월 ‘역대 정부 부동산 정책 평가’ 관련 질의에 “부동산 시장은 시기별로 거시경제·금융시장 여건과 주택 수급 등 다양한 요인에 영향을 받고, 주택시장·주거복지 등 다방면에 걸쳐 다양한... ",https://www.munhwa.com/article/11617342?ref=naver,https://n.news.naver.com/mnews/article/021/0002819092?sid=100,"Wed, 16 Sep 2026 09:03:00 +0900",2026-09-16 10:11:00
리츠/부동산,부동산 시장,주택공급 발목 잡는 PF…4대 은행 17조 돈줄 푼다,금융당국은 지난달 13일 부동산 시장 안정을 위한 금융 종합대책을 발표한 뒤 정상 PF 사업장에 대한 자금공급 확대를 주문하고 있다. 금융위가 지난 10일 방문한 김포 풍무역세권 도시개발사업장은 약 2천700세대 규모의... ,https://news.einfomax.co.kr/news/articleView.html?idxno=4435081,https://news.einfomax.co.kr/news/articleView.html?idxno=4435081,"Wed, 16 Sep 2026 09:02:00 +0900",2026-09-16 10:11:00
리츠/부동산,부동산 시장,부동산 시장 양극화 심화...검증된 브랜드로 실수요자 몰린다,"부동산 시장 전반에 관망 기조가 짙게 깔려 있음에도, 대형 건설사의 브랜드를 달은 주거 상품은 여전히 방어력을 과시하며 안정적인 시세를 이어가고 있다. 시장의 흐름을 역행하는 이 같은 방어력의 핵심 요인으로는... ",https://www.thegolftimes.co.kr/news/articleView.html?idxno=81970,https://www.thegolftimes.co.kr/news/articleView.html?idxno=81970,"Wed, 16 Sep 2026 09:00:00 +0900",2026-09-16 10:11:00
리츠/부동산,상업용 부동산,죽었다던 쇼핑몰의 부활…상업용 부동산 최고 투자처로,온라인 쇼핑 확산으로 몰락할 것으로 예상됐던 국내 쇼핑몰이 상업용 부동산 시장에서 가장 뛰어난 성과를 내는 자산으로 부활하고 있다. 월스트리트저널(WSJ) 최근 보도에 따르면 부동산 분석업체 그린스트리트가... ,https://www.koreadaily.com/article/20260915152738404,https://www.koreadaily.com/article/20260915152738404,"Wed, 16 Sep 2026 07:28:00 +0900",2026-09-16 10:11:01
리츠/부동산,상업용 부동산,"[기고] 부동산금융 정책, 물량 규제 넘어 가격 변수 건드려야","덴마크는 2024년 상업용 부동산 대출에 대해 7% 수준의 자본규제를 적용했고, 스위스는 주택담보대출에 대해 2.5%의 자본규제를 부과해 부동산 과열을 방어하고 금융안정성을 높였다. 두 나라는 1인당 소득과 부가가치... ",https://www.shinailbo.co.kr/news/articleView.html?idxno=5062410,https://www.shinailbo.co.kr/news/articleView.html?idxno=5062410,"Wed, 16 Sep 2026 06:00:00 +0900",2026-09-16 10:11:01
리츠/부동산,상업용 부동산,전국 부동산 거래 4개월째 내리막…서울 아파트는 '나홀로 반등,"상업용 부동산 시장의 위축은 상대적으로 두드러졌다. 7월 전국 상가·사무실 거래량은 2515건으로 전월보다 24.6% 감소했고, 거래금액은 1조8738억원으로 46.4% 줄었다. 오피스텔의 경우 전국 거래량은 3348건으로 전월... ",https://www.thepublic.kr/news/articleView.html?idxno=318875,https://www.thepublic.kr/news/articleView.html?idxno=318875,"Tue, 15 Sep 2026 18:16:00 +0900",2026-09-16 10:11:01
리츠/부동산,상업용 부동산,&quot;고령화시대 노인임대용 부동산 수요 늘것&quot;,"현재는 상업용 부동산과 인프라 모두에서 지분 투자보다 대출을 선호하고 있다는 설명이다. 더브리 대표는 &quot;상업용 부동산의 지분 투자 수익률도 매력적이지만, 지금은 상업용 대출이 훨씬 매력적이며, 인프라 역시... ",https://www.mk.co.kr/article/12153498,https://n.news.naver.com/mnews/article/009/0005735737?sid=101,"Tue, 15 Sep 2026 17:51:00 +0900",2026-09-16 10:11:01
리츠/부동산,상업용 부동산,기업은행 금융사고 올해만 1110억…15년째 반복된 '경고 신호' 놓쳤다,"이후 10월 24일에는 같은 수사의 압수수색 대상이 된 남양주 상업용 부동산 담보대출 19억원이 추가 실행됐다. 사고 금액은 최초 9억6,500만원에서 올해 6월 47억8,500만원, 8월 정정 공시에서 182억2,100만원으로 늘었다. 총... ",http://www.srtimes.kr/news/articleView.html?idxno=212488,http://www.srtimes.kr/news/articleView.html?idxno=212488,"Tue, 15 Sep 2026 17:32:00 +0900",2026-09-16 10:11:01
리츠/부동산,상업용 부동산,상가·사무실 거래액 46% 급감…경기 오피스텔·서울 대형 빌딩은 버텼...,전국 부동산 거래 4개월 연속 감소…7월 거래량 9.8%·거래금액 15.3% 하락 전국 부동산 매매시장이 4개월... 소수의 대형 거래가 전체 금액을 끌어올린 만큼 0.5% 증가는 상업용 빌딩시장 전반의 유동성 회복을 의미하지... ,https://kidd.co.kr/news/247432,https://kidd.co.kr/news/247432,"Tue, 15 Sep 2026 17:16:00 +0900",2026-09-16 10:11:01
리츠/부동산,상업용 부동산,도쿄 핵심 상권 공실률 '0%대'…K브랜드 진출 확대,"15일 글로벌 상업용 부동산 서비스 기업 CBRE 코리아가 발간한 '리테일 인사이트 노트 Vol.2 도쿄'에 따르면 긴자와 오모테산도·하라주쿠, 신주쿠, 시부야 등 도쿄 5대 핵심 상권의 공실률은 올해 2분기 기준 0.0~0.1... ",https://www.newsis.com/view/NISX20260915_0003790751,https://n.news.naver.com/mnews/article/003/0014192427?sid=101,"Tue, 15 Sep 2026 17:02:00 +0900",2026-09-16 10:11:01
리츠/부동산,상업용 부동산,부실채권 정리 속도 내는 새마을금고… 연체율 상승에 건전성 회복은 '...,이처럼 지역별 차이가 나타나는 배경에는 부동산 프로젝트파이낸싱(PF)과 상업용 부동산 대출 취급 비중 차이가 영향을 미친 것으로 분석된다. 부동산 개발사업 비중이 높았던 경기와 제주 등은 고금리와 분양시장... ,https://www.ilyoseoul.co.kr/news/articleView.html?idxno=522582,https://www.ilyoseoul.co.kr/news/articleView.html?idxno=522582,"Tue, 15 Sep 2026 15:54:00 +0900",2026-09-16 10:11:01
리츠/부동산,상업용 부동산,타운 오피스 공실률 40%대 육박…‘불황 심각’,이같은 상황에 부동산 대출 페이먼트를 내기가 어려운 상업용 부동산 소유주들의 디폴트와 압류도 증가하고 있다. 14일 상업용 부동산 전문 매체 ‘존스 랭 라셀’에 따르면 2026년 2분기(6월 30일) 현재 LA 카운티... ,http://www.koreatimes.com/article/1629717,http://www.koreatimes.com/article/1629717,"Tue, 15 Sep 2026 15:04:00 +0900",2026-09-16 10:11:01
리츠/부동산,상업용 부동산,&quot;도쿄 핵심상권 공실률 0%대…K-브랜드 초기 입지전략 중요&quot;,글로벌 상업용 부동산 서비스 기업 CBRE코리아는 K-브랜드의 일본 진출에 필요한 도쿄 핵심 상권 분석과 출점 전략을 담은 'CBRE 코리아 리테일 인사이트 노트 Vol.2 도쿄'를 발간했다고 15일 밝혔다. 보고서에 따르면 도쿄... ,https://www.yna.co.kr/view/AKR20260915117200003?input=1195m,https://n.news.naver.com/mnews/article/001/0016311894?sid=101,"Tue, 15 Sep 2026 14:39:00 +0900",2026-09-16 10:11:01
리츠/부동산,상업용 부동산,시니어 64% &quot;전용주택 거주 관심&quot;…비용 부담에 실제 입주는 '글쎄',"'2026 시니어 주거 리포트: 국민 3명 중 1명이 시니어, 한국은 준비되었나' 보고서 핵심 이미지 [자료=알스퀘어] 15일 상업용 부동산 종합 서비스 기업 '알스퀘어'는 '2026 시니어 주거 리포트: 국민 3명 중 1명이 시니어... ",https://www.newspim.com/news/view/20260915000761,https://www.newspim.com/news/view/20260915000761,"Tue, 15 Sep 2026 14:01:00 +0900",2026-09-16 10:11:01
리츠/부동산,상업용 부동산,"“코로나 이후 가장 좋은 시기”…줄폐점 하던 美 쇼핑몰들, 되살아났다",14일(현지 시각) 미 월스트리트저널(WSJ)은 “오랫동안 어려움을 겪었던 쇼핑몰 업계가 마침내 전성기를 맞고 있다”며 “수년간 상업용 부동산 시장의 회복세에서 뒤처졌던 쇼핑몰이 최근 다른 모든 부동산 유형을... ,https://biz.chosun.com/international/international_general/2026/09/15/SHOU4SSPJ5A5HGIN3P4JJUZUWE/?utm_source=naver&utm_medium=original&utm_campaign=biz,https://n.news.naver.com/mnews/article/366/0001192466?sid=104,"Tue, 15 Sep 2026 13:59:00 +0900",2026-09-16 10:11:01
리츠/부동산,상업용 부동산,K-브랜드 일본행 늘지만…도쿄 핵심 상권은 '임차난','리테일 인사이트 노트 Vol.2 도쿄' 표지 [자료=CBRE코리아] 15일 상업용 부동산 서비스 기업 'CBRE코리아'는 '리테일 인사이트 노트 Vol.2 도쿄'를 통해 K-브랜드의 일본 진출이 확대되는 상황에서 도쿄 핵심 상권의 입지 확보... ,https://www.newspim.com/news/view/20260915000803,https://www.newspim.com/news/view/20260915000803,"Tue, 15 Sep 2026 13:58:00 +0900",2026-09-16 10:11:01
리츠/부동산,상업용 부동산,K-브랜드 일본행 가속…도쿄 핵심 상권 '공실률 0%'에 입지 경쟁 격화,"상업용 부동산 서비스 기업 CBRE코리아는 '리테일 인사이트 노트 Vol.2 도쿄'를 통해 도쿄 주요 상권의 시장 특성과 K-브랜드의 출점 전략을 분석, 이와 같이 밝혔다. CBRE에 따르면 도쿄 진출이 주목받는 배경에는 일본... ",https://www.ezyeconomy.com/news/articleView.html?idxno=239781,https://www.ezyeconomy.com/news/articleView.html?idxno=239781,"Tue, 15 Sep 2026 13:34:00 +0900",2026-09-16 10:11:01
리츠/부동산,상업용 부동산,채프먼플라자 2930만불 재융자…한인타운 대표 상권 입지 재확인,상업용 부동산 전문매체 커머셜 옵서버와 금융업체 노스마크 등에 따르면 소유주 아크캐피털파트너스가 보야 인베스트먼트 매니지먼트로부터 자금을 조달했다고 14일 밝혔다. 아크캐피털파트너스와 벨레이... ,https://www.koreadaily.com/article/20260914204328120,https://www.koreadaily.com/article/20260914204328120,"Tue, 15 Sep 2026 12:44:00 +0900",2026-09-16 10:11:01
리츠/부동산,상업용 부동산,도쿄 핵심 상권 빈자리 없다…K-브랜드 입지 선점 서둘러야,15일 글로벌 상업용 부동산 서비스 기업 CBRE 코리아는 이 같은 내용을 담은 ‘CBRE 코리아 리테일 인사이트 노트 Vol.2 도쿄’를 발간했다고 밝혔다. 리포트는 브랜드의 포지셔닝과 매장 목적에 맞는 상권을 선정하고 매물... ,https://www.mk.co.kr/article/12152985,https://n.news.naver.com/mnews/article/009/0005735363?sid=101,"Tue, 15 Sep 2026 11:57:00 +0900",2026-09-16 10:11:01
리츠/부동산,상업용 부동산,주담대는 선별하고 건물은 현금화 … 신한은행 '가려 담는' 자산 셈법,상업용 부동산 거래가 위축된 상황에서도 유휴자산 정리를 이어가고 있는 것이다. 대출과 부동산 매각을 같은 성격의 움직임으로 단정하기는 어렵다. 주담대 공급은 가계부채 관리와 실수요자 자금 공급을 함께 고려해야... ,https://biz.newdaily.co.kr/site/data/html/2026/09/15/2026091500129.html,https://biz.newdaily.co.kr/site/data/html/2026/09/15/2026091500129.html,"Tue, 15 Sep 2026 11:28:00 +0900",2026-09-16 10:11:01
리츠/부동산,상업용 부동산,빈 매장 사라진 도쿄 상권… CBRE “상권별 성격 파악·전문가 협업 필요...,글로벌 상업용 부동산 서비스 기업 CBRE 코리아는 도쿄 주요 상권의 입지 여건과 K-브랜드의 출점 전략을 분석한 ‘CBRE 코리아 리테일 인사이트 노트 Vol.2 도쿄(CBRE Korea Retail Insights Note Vol.2 Tokyo)’를 발간했다고 15일... ,https://biz.chosun.com/real_estate/real_estate_general/2026/09/15/QU7YLVLYCBGSHKO52QDOW364VY/?utm_source=naver&utm_medium=original&utm_campaign=biz,https://n.news.naver.com/mnews/article/366/0001192430?sid=101,"Tue, 15 Sep 2026 11:24:00 +0900",2026-09-16 10:11:01
리츠/부동산,상업용 부동산,"&quot;도쿄 공실률 0%, 임대료는 역대 최고&quot;...K브랜드 일본 진출 전략은","상업용 부동산 서비스 기업 CBRE 코리아가 발간한 'CBRE 코리아 리테일 인사이트 노트 Vol.2 도쿄'에 따르면, 현재 도쿄 주요 리테일 권역의 공실률은 0.0~0.1%로 사실상 제로 수준이다. 공간 확보 경쟁이 한층 치열해진... ",https://www.fnnews.com/news/202609151102147611,https://n.news.naver.com/mnews/article/014/0005575957?sid=101,"Tue, 15 Sep 2026 11:20:00 +0900",2026-09-16 10:11:01
리츠/부동산,상업용 부동산,"[TN 현장] 전현희, '대형상가 장기공실 해법마련 토론회' 개최...상권 회...",토론회 시작에 앞서 전 의원은 장기공실 문제가 단순한 부동산 문제를 넘어 &quot;지역의 일자리와 소비... 한국은 상업용 집합상가가 유독 많다는 구조적 문제가 있다고 지적했다. 산업화와 함께 상가 분양이 본격화하면서... ,https://www.ntoday.co.kr/news/articleView.html?idxno=129396,https://www.ntoday.co.kr/news/articleView.html?idxno=129396,"Tue, 15 Sep 2026 11:10:00 +0900",2026-09-16 10:11:01
건설/인프라,건설 주가,&quot;美 원전 프로젝트 참여 기대감↑&quot;…현대건설 목표가 '상향',하반기로 예정된 홀텍의 기업공개(IPO)도 현대건설 주가에 긍정적인 영향을 줄 것으로 예상했다. 배 연구원은 &quot;홀텍의 글로벌 사업 EPC 독점 권한이 있는 현대건설의 경쟁력이 부각될 수 있다&quot;며 &quot;홀텍이 추진하는 두... ,https://www.fnnews.com/news/202609160859168326,https://n.news.naver.com/mnews/article/014/0005576461?sid=101,"Wed, 16 Sep 2026 09:06:00 +0900",2026-09-16 10:11:01
건설/인프라,건설 주가,"웰크로한텍, PF 리스크 해소와 반도체 수처리·AI 전력 인프로 '재평가'",투자의견과 목표주가는 제시하지 않았다. 박창윤 지엘리서치 연구위원은 &quot;웰크론한텍은 수처리 및... 환입됐다&quot;며 &quot;건설부문도 KB골든라이프케어 서초·은평 프로젝트에 이어 799억원 규모의 북위례 빌리지 신축공사를... ,https://www.mt.co.kr/stock/2026/09/16/2026091608565484581,https://n.news.naver.com/mnews/article/008/0005414373?sid=101,"Wed, 16 Sep 2026 09:00:00 +0900",2026-09-16 10:11:01
건설/인프라,건설 주가,‘30만원→19만원’ 반토막 주가 반등할까…스타십 궤도 시험 나서는 스...,다만 스페이스X의 주가는 전장 대비 3.2% 하락한 주당 143.49달러(약 19만5600원)를 나타냈다. 상장 이후... 개발에 150억달러 이상을 투자했다. 여기에 스타십 전용 우주기지 건설에 1000억달러를 추가 투입할 계획이다.,https://www.mk.co.kr/article/12153873,https://n.news.naver.com/mnews/article/009/0005735836?sid=101,"Wed, 16 Sep 2026 08:57:00 +0900",2026-09-16 10:11:01
건설/인프라,건설 주가,"신한證 &quot;GS건설, 데이터센터·원전으로 수주영역 확대…목표가↑&quot;",아주경제=양보연 기자 byeony@ajunews.com 신한투자증권은 16일 GS건설에 대해 주택과 데이터센터에 이어 원전까지 수주 영역이 확대되면서 밸류에이션 레벨업이 기대된다며 목표주가를 기존 3만8000원에서... ,https://www.ajunews.com/view/20260916085042360,https://www.ajunews.com/view/20260916085042360,"Wed, 16 Sep 2026 08:54:00 +0900",2026-09-16 10:11:01
건설/인프라,건설 주가,"GS건설, 주택 넘어 데이터센터·원전으로…실적 상향 기대감↑","목표주가는 수주 모멘텀 확대를 반영해 기존 3만8000원에서 4만7000원으로 상향했다. GS건설은 주택과 건축, 플랜트, 인프라 등을 영위하는 종합건설사다. 최근에는 주택 사업을 기반으로 데이터센터와 원전 등으로 수주... ",http://www.newsprime.co.kr/news/article.html?no=747880,http://www.newsprime.co.kr/news/article.html?no=747880,"Wed, 16 Sep 2026 08:46:00 +0900",2026-09-16 10:11:01
건설/인프라,건설 주가,"스페이스X, 스타십 첫 지구 궤도 비행 도전…스타링크 V3 26기 싣는다",발표 직후 스페이스X 주가는 3.2% 하락한 143.49달러에 마감했다. 회사는 올해 2분기 매출이 전년 동기보다... 스페이스X는 스타십 개발에 이미 150억달러 이상을 투입했으며 루이지애나 전용 우주기지 건설에도 최소... ,https://www.mediafine.co.kr/news/articleView.html?idxno=89930,https://www.mediafine.co.kr/news/articleView.html?idxno=89930,"Wed, 16 Sep 2026 08:26:00 +0900",2026-09-16 10:11:01
건설/인프라,건설 주가,"지엘리서치 &quot;웰크론한텍, PF 리스크 해소로 재평가 필요&quot;",투자의견과 목표주가는 제시하지 않았다. 웰크론한텍은 수처리 및 산업공정 설비에서 시작해 폐기물... 환입됐다&quot;며 &quot;건설부문도 KB골든라이프케어 서초·은평 프로젝트에 이어 799억원 규모의 북위례 빌리지 신축공사를... ,https://www.cstimes.com/news/articleView.html?idxno=720819,https://www.cstimes.com/news/articleView.html?idxno=720819,"Wed, 16 Sep 2026 08:20:00 +0900",2026-09-16 10:11:01
건설/인프라,인프라 산업,현대차그룹 &quot;'장거리 운송 등 장점' 수소차와 전기차 간 상호 보완 가능...,현대차그룹은 15일 열린 '청정수소 수요시장 확대 전략: 저탄소 전력에서 산업·모빌리티까지' 세션에서... 전력·수소 인프라 구축 필요성도 언급했다. 제주도는 2017년 250kW급 수전해 실증을 시작해 청정수소 생산... ,https://www.getnews.co.kr/news/articleView.html?idxno=880916,https://www.getnews.co.kr/news/articleView.html?idxno=880916,"Wed, 16 Sep 2026 10:10:00 +0900",2026-09-16 10:11:02
건설/인프라,인프라 산업,"“100년 금기 깬다”…美 해군, 한·일 조선소에 러브콜 보낸 까닭 [밀리...",방위산업이 갖는 강력한 무기는 ‘현지화 기반’이다. 한화그룹은 미국 필라델피아의 필리조선소를 성공적으로 인수하며 백악관이 요구한 미 현지 조선소 투자 및 기술 이전 조건에 가장 부합하는 인프라를 마련해 둔... ,https://www.seoul.co.kr/news/international/USA-amrica/2026/09/16/20260916500052?wlog_tag3=naver,https://n.news.naver.com/mnews/article/081/0003680706?sid=104,"Wed, 16 Sep 2026 10:10:00 +0900",2026-09-16 10:11:02
건설/인프라,인프라 산업,'한-태 바이오헬스 파트너십' 태국서 개최…180여 건 비즈니스 상담,"의료 인프라와 제약산업 기반을 갖춘 아세안의 주요 시장인 만큼, 식약처와 KOTRA 등 관계기관과 긴밀히 협력해 우리 기업들이 현지에서 실질적인 파트너를 발굴하고 구체적인 사업 성과를 창출할 수 있도록 적극... ",http://www.ggmedinews.com/news/articleView.html?idxno=6844,http://www.ggmedinews.com/news/articleView.html?idxno=6844,"Wed, 16 Sep 2026 10:10:00 +0900",2026-09-16 10:11:02
건설/인프라,인프라 산업,구디역 초역세권에 1095실 공급...BYC ‘GD메트로타워’ 선보인다,사업지 인근에는 서울 대표 산업단지로 꼽히는 G밸리가 위치해 배후 수요도 갖췄다. G밸리에는 IT와... 생활 인프라도 갖췄다. 인근에 백화점과 대형 쇼핑시설이 있으며 대림성모병원과 한림대학교 강남성심병원 등... ,https://www.g-enews.com/view.php?ud=2026091610011293562aa6f4cdad_1,https://www.g-enews.com/view.php?ud=2026091610011293562aa6f4cdad_1,"Wed, 16 Sep 2026 10:10:00 +0900",2026-09-16 10:11:02
건설/인프라,인프라 산업,"이상근 충남도의원, 내포신도시 KAIST 부설 과학영재학교 신설 재추진 촉...",미래산업을 이끌 인재를 어디에서 키울 것인지 그리고 충남도가 도민과 내포신도시 주민에게 한 약속을... 이상근 의원은 박수현 충남지사를 상대로 &quot;충남도가 오랜 기간 내포의 핵심 교육 인프라로 홍보해 왔고 도민과... ,https://www.newstnt.com/news/articleView.html?idxno=718602,https://www.newstnt.com/news/articleView.html?idxno=718602,"Wed, 16 Sep 2026 10:10:00 +0900",2026-09-16 10:11:02
건설/인프라,인프라 산업,"한국한의약진흥원, 흩어진 한약 연구데이터 AI로 통합···'KLIMS' 고도화...",국내 한의약 연구 자산을 디지털로 대전환하는 핵심 인프라 사업이 본격적인 고도화 단계에 접어들었다.... 관련 산업 전반의 디지털 기반을 탄탄히 다지는 마중물이 될 것으로 기대를 모으고 있다. 김상진... ,http://www.newsprime.co.kr/news/article.html?no=747912,http://www.newsprime.co.kr/news/article.html?no=747912,"Wed, 16 Sep 2026 10:10:00 +0900",2026-09-16 10:11:02
건설/인프라,인프라 산업,"“수자원 인프라 분야 진출”…대우건설, ‘투르크메니스탄 카라쿰운하...",이를 시작으로 대우건설은 투르크메니스탄 내 산업기반 시설 및 인프라 건설 분야에서 추가 수주를 적극 검토하고 있다. 이번 한·중앙아시아 정상회의 기간 중 개최된 한∙투르크메니스탄 비즈니스 포럼에서... ,https://www.mk.co.kr/article/12153988,https://n.news.naver.com/mnews/article/009/0005735886?sid=101,"Wed, 16 Sep 2026 10:08:00 +0900",2026-09-16 10:11:02
건설/인프라,인프라 산업,"BGF리테일, 부산신항 품고 물류 경쟁력 확대...초대형 센터 준공",국제산업물류도시에서 부산 물류센터 준공식을 개최한다. 부산 물류센터는 4만7186.8㎡(약 1만4300평) 부지에 연면적 12만8072.65㎡(약 3만8700평) 규모로 건립됐다. BGF리테일 물류 인프라 가운데 최대 규모의 투자 사업으로... ,https://www.e-science.co.kr/news/articleView.html?idxno=135538,https://www.e-science.co.kr/news/articleView.html?idxno=135538,"Wed, 16 Sep 2026 10:06:00 +0900",2026-09-16 10:11:02
건설/인프라,건설 수주,"대우건설, 투르크메니스탄 카라쿰운하 현대화 사업 협력 기반 확보",이를 시작으로 투르크메니스탄 내 산업기반 시설 및 인프라 건설 분야에서 추가 수주를 적극 검토하고 있다. 대우건설 관계자는 “이번 협약을 통해 투르크메니스탄 수자원·환경 인프라 건설 시장에 진출할 수 있는... ,http://www.lawissue.co.kr/view.php?ud=20260916095809663167191f6c6e_12,http://www.lawissue.co.kr/view.php?ud=20260916095809663167191f6c6e_12,"Wed, 16 Sep 2026 10:00:00 +0900",2026-09-16 10:11:03
건설/인프라,건설 수주,"실적 살아난 HDC현산, 용산서 또 수주전...5400억 숙대입구 재개발 눈독","HDC현대산업개발이 서울 용산에서 도시정비사업 수주 확대에 나섰다. 용산정비창 전면1구역 재개발... 현장설명회에는 HDC현대산업개발을 비롯해 동부건설, 극동건설, 제일건설, 진흥기업 등 5개사가 참여했다.... ",https://realty.chosun.com/site/data/html_dir/2026/09/16/2026091601092.html,https://realty.chosun.com/site/data/html_dir/2026/09/16/2026091601092.html,"Wed, 16 Sep 2026 10:00:00 +0900",2026-09-16 10:11:03
건설/인프라,건설 수주,30조원 규모 목동 신시가지 재건축…'선별 수주' 흐름 잇나,올해 서울 정비사업장에서 건설사들의 선별 수주가 이어지는 가운데 목동 신시가지 재건축이 하반기 최대 격전지로 부상할지 주목된다. 30조원 규모의 사업비에 낮은 용적률 등 사업성이 높은 조건을 갖춰 건설사 간... ,https://www.newspost.kr/news/articleView.html?idxno=225649,https://www.newspost.kr/news/articleView.html?idxno=225649,"Wed, 16 Sep 2026 10:00:00 +0900",2026-09-16 10:11:03
건설/인프라,건설 수주,"대우건설, 투르크메니스탄 '250㎞ 카라쿰운하 현대화' 사업 협력",이를 시작으로 대우건설은 투르크메니스탄 내 산업기반 시설 및 인프라 건설 분야에서 추가 수주를 적극 검토하고 있다. 이번 한·중앙아시아 정상회의 기간 중 개최된 한·투르크메니스탄 비즈니스 포럼에서 정원주... ,https://www.news1.kr/realestate/general/6292102,https://n.news.naver.com/mnews/article/421/0009172998?sid=101,"Wed, 16 Sep 2026 09:59:00 +0900",2026-09-16 10:11:03
건설/인프라,건설 수주,"'실적 회복' IPARK현대산업개발, 용산 5400억 정비사업 수주 도전","IPARK현대산업개발이 수익성과 재무건전성을 회복한 가운데 서울 용산에서 5400억 규모 정비사업 수주에... 현장설명회에는 IPARK현대산업개발을 비롯해 동부건설, 극동건설, 제일건설, 진흥기업 등 5개사가 참여했다.... ",https://www.edaily.co.kr/News/Read?newsId=02965126645580776&mediaCodeNo=257&utm_source=naver&utm_medium=referral&utm_campaign=news_syndication&utm_content=original_article,https://n.news.naver.com/mnews/article/018/0006370185?sid=101,"Wed, 16 Sep 2026 09:59:00 +0900",2026-09-16 10:11:03
건설/인프라,건설 수주,"대우건설, 카라쿰운하 현대화 사업 추진 기반 마련",플랜트'를 수주하며 현지 시장에 처음 발을 들였다. 해당 플랜트는 연간 인산 35만톤과 황산암모늄 10만톤을 생산하는 설비로 오는 2028년 준공을 목표로 하고 있다. 정원주 대우건설 회장은 이번 비즈니스 포럼에서... ,https://www.businesskorea.co.kr/news/articleView.html?idxno=277040,https://www.businesskorea.co.kr/news/articleView.html?idxno=277040,"Wed, 16 Sep 2026 09:58:00 +0900",2026-09-16 10:11:03
건설/인프라,건설 수주,"[건설브리핑] LX하우시스, 6년 연속 '콜센터품질지수' 우수기업 선정 외","가로지르는 길이 약 1100km의 세계 최대 규모 관개용·수자원 공급용 운하다. 대우건설은 지난해 미네랄 비료 플랜트 수주로 투르크메니스탄 시장에 진출했으며, 이번 MOU를 기반으로 추가 수주를 적극 검토하고 있다.",https://www.seoulfn.com/news/articleView.html?idxno=638091,https://www.seoulfn.com/news/articleView.html?idxno=638091,"Wed, 16 Sep 2026 09:56:00 +0900",2026-09-16 10:11:03
건설/인프라,건설 수주,"[현장] 롯데건설, 목동 재건축 시장 공략…르엘 '소르본 프로젝트' 공개",권동혁 도시정비팀 그룹장이 목동 재건축 단지 수주를 위한 롯데건설의 전략인 '소르본 프로젝트'에 대해 설명하고 있다. 사진=이경옥 기자 kolee@ikld.kr 권동혁 도시정비팀 그룹장은 &quot;목동 재건축 단지는 총 14개 단지로... ,http://www.ikld.kr/news/articleView.html?idxno=340712,http://www.ikld.kr/news/articleView.html?idxno=340712,"Wed, 16 Sep 2026 09:52:00 +0900",2026-09-16 10:11:03
건설/인프라,건설 수주,목동에 르엘 띄운 롯데건설…‘소르본 프로젝트’로 수주전 나선다 [현...,◇ 목동 수주전 정조준…“경쟁 붙으면 적극 나설 것” 소르본 프로젝트의 실제 적용 여부는 목동신시가지 재건축 수주 결과에 달렸다. 롯데건설은 목동신시가지 2·7·11·14단지를 포함해 시공사 선정이 예정된 사업지를... ,https://www.fntimes.com/html/view.php?ud=202609160940142219048b718333_18,https://www.fntimes.com/html/view.php?ud=202609160940142219048b718333_18,"Wed, 16 Sep 2026 09:50:00 +0900",2026-09-16 10:11:03
건설/인프라,건설 수주,"실적 개선한 IPARK현대산업개발, 숙대입구역세권 도전…용산 사업축 넓...","IPARK현대산업개발이 서울 용산에서 도시정비사업 수주 확대를 추진한다. 최근 수익성과 재무지표가... 동부건설과 극동건설, 제일건설, 진흥기업 등도 참여했다. 사업 대상지는 서울 용산구 갈월동 52-6번지 일대다.... ",https://www.ebn.co.kr/news/articleView.html?idxno=1724434,https://www.ebn.co.kr/news/articleView.html?idxno=1724434,"Wed, 16 Sep 2026 09:50:00 +0900",2026-09-16 10:11:03
건설/인프라,건설 수주,"대우건설, 투르크메니스탄 카라쿰운하 현대화 협력…250㎞ 구간 검토",대우건설이 투르크메니스탄에서 사업을 시작한 것은 지난해다. 지난해 5월 미네랄 비료 플랜트를 수주하며 현지 시장에 처음 진출했다. 이 플랜트는 연간 인산 35만톤과 황산암모늄 10만톤을 생산할 수 있는 설비로 2028년... ,https://www.seoultimes.news/news/article.html?no=2000099933,https://www.seoultimes.news/news/article.html?no=2000099933,"Wed, 16 Sep 2026 09:49:00 +0900",2026-09-16 10:11:03
건설/인프라,건설 수주,"대우건설, 투르크메니스탄 '카라쿰운하 현대화' 사업 본격 시동",지난해 5월 '미네랄 비료 플랜트' 수주로 현지 시장의 포문을 연 대우건설은 이번 수자원 인프라 MOU를 발판 삼아 산업기반 시설 진출을 더욱 가속화할 계획입니다. 특히 정원주 회장이 비즈니스 포럼에서... ,https://www.newspim.com/news/view/20260916000243,https://www.newspim.com/news/view/20260916000243,"Wed, 16 Sep 2026 09:48:00 +0900",2026-09-16 10:11:03
건설/인프라,건설 수주,"대우건설, 투르크메니스탄 수자원위와 카라쿰운하 현대화 MOU","대우건설이 투르크메니스탄에 처음 발을 들인 건 지난해 5월이다. 6억8200만달러(약 9401억원) 규모의 미네랄 비료 플랜트를 수주하면서다. 연간 인산 35만톤, 황산암모늄 10만톤을 생산할 수 있는 설비로 2028년... ",https://www.cstimes.com/news/articleView.html?idxno=720868,https://www.cstimes.com/news/articleView.html?idxno=720868,"Wed, 16 Sep 2026 09:48:00 +0900",2026-09-16 10:11:03
건설/인프라,건설 수주,"대우건설, 투르크메니스탄 '카라쿰운하 현대화' 협력",대우건설은 지난해 5월 '투르크메니스탄 미네랄 비료 플랜트'를 수주하며 현지 시장에 처음 진출했다. 해당 플랜트는 연간 인산 35만톤과 황산암모늄 10만톤을 생산하는 시설로 오는 2028년 준공을 목표로 하고... ,https://www.ziksir.com/news/articleView.html?idxno=146581,https://www.ziksir.com/news/articleView.html?idxno=146581,"Wed, 16 Sep 2026 09:46:00 +0900",2026-09-16 10:11:03
건설/인프라,건설 수주,"대우건설, 투르크메니스탄 카라쿰운하 현대화 사업 업무협약 체결",이를 시작으로 대우건설은 투르크메니스탄 내 산업기반 시설 및 인프라 건설 분야에서 추가 수주를 적극 검토하고 있다. 이번 한·중앙아시아 정상회의 기간 중 개최된 한∙투르크메니스탄 비즈니스 포럼에서... ,https://www.arunews.com/news/articleView.html?idxno=67266,https://www.arunews.com/news/articleView.html?idxno=67266,"Wed, 16 Sep 2026 09:46:00 +0900",2026-09-16 10:11:03
건설/인프라,건설 수주,"대우건설, 투르크메니스탄 카라쿰운하 현대화 MOU…수자원 인프라로 사...",/사진=대우건설 대우건설이 지난해 미네랄 비료 플랜트 수주로 투르크메니스탄에 진출한 데 이어 대규모 수자원 인프라 사업 참여를 위한 업무협약(MOU)을 체결했다. 중앙아시아 지역에서 플랜트에 이어 수자원·환경... ,https://www.businessplus.kr/news/articleView.html?idxno=116905,https://www.businessplus.kr/news/articleView.html?idxno=116905,"Wed, 16 Sep 2026 09:44:00 +0900",2026-09-16 10:11:03
건설/인프라,건설 수주,"대우건설, 투르크메니스탄과 '카라쿰운하 현대화' 사업 협력","대우건설은 지난해 5월 '투르크메니스탄 미네랄 비료 플랜트'를 수주하며 현지 시장에 진출했다. 해당 플랜트는 연간 인산 35만톤, 황산암모늄 10만톤을 생산할 수 있는 설비로 2028년 준공 예정이다. 대우건설 관계자는... ",http://www.newslock.co.kr/news/articleView.html?idxno=136333,http://www.newslock.co.kr/news/articleView.html?idxno=136333,"Wed, 16 Sep 2026 09:44:00 +0900",2026-09-16 10:11:03
건설/인프라,건설 수주,"대우건설, 투르크메니스탄 카라쿰운하 현대화 사업 협력",대우건설은 작년 5월 미네랄 비료 플랜트 수주로 투르크메니스탄 시장에 처음 진출한 데 이어 현지 산업 기반시설과 인프라 건설 분야에서 추가 수주를 적극 검토하고 있다. 정원주 대우건설 회장은 이번 비즈니스... ,https://www.yna.co.kr/view/AKR20260916048700003?input=1195m,https://n.news.naver.com/mnews/article/001/0016313648?sid=101,"Wed, 16 Sep 2026 09:43:00 +0900",2026-09-16 10:11:03
건설/인프라,건설 수주,"대우건설, 투르크메니스탄 수자원분야 진출 본격화",카라쿰운하 현대화 사업 MOU…기반시설 등 수주도 검토 대우건설은 “지난 15일 소공동 롯데호텔에서 개최된 한ㆍ투르크메니스탄 비즈니스 포럼에서 투르크메니스탄 수자원위원회(State Committee for Water Management of... ,https://www.dnews.co.kr/uhtml/view.jsp?idxno=202609160927330780235,https://www.dnews.co.kr/uhtml/view.jsp?idxno=202609160927330780235,"Wed, 16 Sep 2026 09:42:00 +0900",2026-09-16 10:11:03
음식료/식품,식품 주가,"김승원 인사청문회, 신약 청탁·가족 특혜 의혹 두고 여야 격돌","국민의힘은 김 후보자가 지난 2021년 브로커의 부탁을 받아 식품의약품안전처에 제넨셀의 코로나19 치료제 임상 승인을 청탁했다는 의혹을 지적하며, 주가조작 가능성까지 제기하고 국정조사와 특검 추진을 주장했다. 반면... ",https://lawtalknews.co.kr/article/TPSUBAX944NP,https://lawtalknews.co.kr/article/TPSUBAX944NP,"Wed, 16 Sep 2026 09:52:00 +0900",2026-09-16 10:11:04
음식료/식품,식품 주가,"[특징주] 음식료업종, 환율 낮아지며 K-푸드 부정 영향.. '약세'","한탑은 2.06%, CJ프레시웨이 1.98%, 팜스빌 2.20%, 삼립 2.06%, 티엔엔터테인먼트 1.80%, 삼양식품 1.80% 등이... 6%포인트 낮았다&quot;면서 &quot;원·달러 환율 급락에 기인해 수출 비중이 높은 대형주 중심으로 주가가 약세를 나타냈다... ",https://www.g-enews.com/view.php?ud=20260916093441859844093b5d4e_1,https://www.g-enews.com/view.php?ud=20260916093441859844093b5d4e_1,"Wed, 16 Sep 2026 09:48:00 +0900",2026-09-16 10:11:04
음식료/식품,식품 주가,[특징주] 원화 강세에 K-푸드 관련주 장초반 약세,"오전 9시 16분 현재 유가증권시장에서 삼양식품은 전날 종가보다 1.88% 내린 125만3천원에 거래되고 있다. 0.55% 하락 출발한 주가는 장 초반 한때 125만2천원(-1.96%)까지 내리기도 했다. 오리온(-0.78%), 농심(-0.61%), 빙그레(-0.... ",https://www.yna.co.kr/view/AKR20260916043300008?input=1195m,https://n.news.naver.com/mnews/article/001/0016313570?sid=101,"Wed, 16 Sep 2026 09:22:00 +0900",2026-09-16 10:11:04
음식료/식품,식품 주가,"신한투자증권 &quot;CJ제일제당, 바이오 회복 기대&quot;…목표가 26만원 유지","또한 가치평가 측면에서는 사업부문별 가치합산평가(SOTP)에 따른 12개월 선행 주가수익비율(PER) 9배 수준이 매력적이라고 판단했다. 다만 중장기 기업가치는 글로벌 식품 사업의 성장에 달려 있으며, 사업 재편 등... ",https://www.financialpost.co.kr/news/articleView.html?idxno=275826,https://www.financialpost.co.kr/news/articleView.html?idxno=275826,"Wed, 16 Sep 2026 09:08:00 +0900",2026-09-16 10:11:04
음식료/식품,식품 주가,"신한證 “CJ제일제당, 곡물·유가 상승 수혜… 바이오 이익 회복 본격화...","식품 사업 부문은 매출 12조1300억원, 영업이익 4980억원을 기록할 것으로 전망했다. 조 연구원은 “현재 12개월 선행 주가수익비율(PER) 9배 수준으로 밸류에이션 매력도가 높다”며 “바이오 사업이 전사 실적 하방을... ",https://biz.chosun.com/stock/stock_general/2026/09/16/AEOT6K7QARDBFLCV53LMBNZLZA/?utm_source=naver&utm_medium=original&utm_campaign=biz,https://n.news.naver.com/mnews/article/366/0001192625?sid=101,"Wed, 16 Sep 2026 08:46:00 +0900",2026-09-16 10:11:04
음식료/식품,식품 주가,"신한투자證, “CJ제일제당, 곡물가 상승으로 바이오 회복 기대↑⋯목표...",조 연구원은 &quot;목표주가 26만원과 사업부문별 가치합산평가(SOTP) 기준 12개월 선행 주가수익비율(PER) 9배 수준의 밸류에이션은 매력적&quot;이라며 &quot;바이오 사업이 실적 하방을 지지하는 가운데 글로벌 식품의 성장성이 중장기... ,https://www.etoday.co.kr/news/view/2626011,https://www.etoday.co.kr/news/view/2626011,"Wed, 16 Sep 2026 08:32:00 +0900",2026-09-16 10:11:04
음식료/식품,식품 주가,"국민의힘 장동혁·정점식, “엉터리 정책·인사 참사 강력 규탄”","장 대표는 자신의 SNS를 통해 “농림축산식품부 장관이 위반이 확인돼도 곧바로 처분되지 않는다고... 로비, 주가조작, 가족 협동조합 등 화수분처럼 쏟아지는 의혹들이 하나같이 엽기적”이라며... ",http://www.breaknews.com/1236911,http://www.breaknews.com/1236911,"Wed, 16 Sep 2026 08:02:00 +0900",2026-09-16 10:11:04
음식료/식품,식품 주가,코넥스 이전상장 1호 될까…'신라에스지'에 쏠린 눈,"신라에스지는 어육소시지와 수산물 가공제품을 생산하고 수산물·축육 도소매 사업을 하는 식품업체다.... 지난 7월 1일부터 이달 14일까지 새로 관리종목에 지정된 종목은 104개로, 이 중 시가총액 또는 주가 미달 사유가... ",https://www.newsway.co.kr/news/view?ud=2026091515064336169,https://www.newsway.co.kr/news/view?ud=2026091515064336169,"Wed, 16 Sep 2026 07:54:00 +0900",2026-09-16 10:11:04
음식료/식품,식품 주가,"여야간 고성 오간 김승원 청문회, 14시간만에 종료",핵심 논란은 김 후보자의 식품의약품안전처(식약처) 로비 의혹이었다. 국민의힘은 김 후보자의 로비 의혹을... 제넨셀을 인수한 세종메디칼 주가조작 의혹에는 &quot;(취임 후) 피해자분들을 제가 만나서 목소리를 듣겠다&quot;고... ,https://monthly.chosun.com/news/articleView.html?idxno=71367,https://monthly.chosun.com/news/articleView.html?idxno=71367,"Wed, 16 Sep 2026 07:36:00 +0900",2026-09-16 10:11:04
음식료/식품,식품 주가,"김승원, '제넨셀 청탁 의혹'에 &quot;식약처 한 번 연락…이후 관여 없어&quot;",김승원 법무부 장관 후보자가 바이오기업 제넨셀의 코로나19 치료제 임상시험과 관련해 식품의약품안전처에... 제넨셀 임상시험 승인 이후 불거진 세종메디칼 주가조작 의혹에 대한 질의도 이어졌다. 국민의힘 윤상현... ,https://www.mdtoday.co.kr/news/articleView.html?idxno=612162,https://www.mdtoday.co.kr/news/articleView.html?idxno=612162,"Wed, 16 Sep 2026 07:24:00 +0900",2026-09-16 10:11:04
음식료/식품,식품 주가,법무부장관 후보자 인사청문회…제넨셀 공방 격화,"병원 참여 경위와 주가조작 연계 의혹에 이어 치료제 안전성, 식품의약품안전처 심사 절차, 검찰의 기소유예 처분 경위까지 쟁점으로 떠올랐다. 야당은 “김 후보자가 사적 이해관계가 걸린 부탁을 받고 식약처장에게... ",https://www.dailymedi.com/news/news_view.php?wr_id=940555,https://www.dailymedi.com/news/news_view.php?wr_id=940555,"Wed, 16 Sep 2026 06:58:00 +0900",2026-09-16 10:11:04
음식료/식품,식품 주가,&quot;문과라 치료제 성능 몰라&quot;…&quot;사적 로비에 이용&quot;,당시 식품의약품안전처장에게 '부정 청탁'을 했는지 추궁했습니다. 김 후보자는 '국부유출'을 우려한 '공익적... 국민의힘에서는 제넨셀 신약이 투여된 임상시험 참가자들과 주가 조작 의혹의 피해자들에 대해 책임을... ,https://news.sbs.co.kr/news/endPage.do?news_id=N1008754981&plink=ORI&cooper=NAVER,https://n.news.naver.com/mnews/article/055/0001388574?sid=100,"Wed, 16 Sep 2026 06:11:00 +0900",2026-09-16 10:11:04
음식료/식품,식품 주가,"R&amp;D 투자 20% 늘렸다는 제약업계, '무늬만 신약' 꼬리표 언제 떼나","최근 유한양행의 국산 신약 31호 '렉라자(성분명 레이저티닙)'가 미국 식품의약국(FDA)의 문턱을 넘으며 K... 업계 관계자 A씨는 “회사 입장에서는 당장의 영업이익과 주가를 방어해야 하므로, 10년 이상 걸리는 험난한... ",https://www.yakup.com/news/index.html?mode=view&cat=12&nid=332605,https://www.yakup.com/news/index.html?mode=view&cat=12&nid=332605,"Wed, 16 Sep 2026 06:02:00 +0900",2026-09-16 10:11:04
음식료/식품,식품 주가,[사설] ‘증인 0’에 의혹 그대로 남긴 김승원 후보자 청문회,당시 식품의약품안전처장에게 부탁하는 문자를 보내고 전화통화를 했다. 그런데 청문회준비단의 녹취록에... 하지만 ‘작전세력’ 개입 의혹 속에 주가 급등락 피해를 본 3만명의 소액주주 피해자들은 당장 재수사를... ,https://www.seoul.co.kr/news/editOpinion/editorial/2026/09/16/20260916027008?wlog_tag3=naver,https://n.news.naver.com/mnews/article/081/0003680656?sid=110,"Wed, 16 Sep 2026 05:13:00 +0900",2026-09-16 10:11:04
음식료/식품,식품 주가,신약 청탁 반박·가족 특혜엔 눈물…'김승원 청문회' 여진은 계속,김 후보자가 브로커 양모씨의 청탁을 받고 제넨셀의 코로나19 치료제 임상 승인과 관련해 당시 김강립 식품의... '검찰 정치 수사' 맞불…주가조작 피해자엔 고개 숙여 아울러 제넨셀 수사 자체가 자신을 겨냥한 검찰의 표적... ,https://www.nocutnews.co.kr/news/6578766?utm_source=naver&utm_medium=article&utm_campaign=20260916061015,https://n.news.naver.com/mnews/article/079/0004189783?sid=100,"Wed, 16 Sep 2026 05:01:00 +0900",2026-09-16 10:11:04
음식료/식품,음식료 산업,美 국채금리 급등·AI 경계론에 코스피 나흘째 하락…6627선 마감,"미국 연방공개시장위원회(FOMC)를 앞두고 미 국채금리가 급등한 데다 인공지능(AI) 산업의 개발 속도를... 전기·가스(-1.63%), 음식료·담배(-1.56%), 기계·장비(-1.53%), 통신(-1.48%), 비금속(-1.20%) 등도 하락했다. 반면... ",https://www.goodkyung.com/news/articleView.html?idxno=291434,https://www.goodkyung.com/news/articleView.html?idxno=291434,"Tue, 15 Sep 2026 18:14:00 +0900",2026-09-16 10:11:04
음식료/식품,음식료 산업,코스피 6600 하락 출발…美 금리상승·AI 속도조절론 압박,비금속·음식료담배·제조·전기전자·종이목재·화학은 약보합세다. 반면 오락문화·제약·IT서비스는 강보합세다. 코스피200 야간선물은 1.87% 하락 마감했다. 14일(현지시각) 미국 다우존스30 산업평균지수는 전일... ,https://www.mt.co.kr/stock/2026/09/15/2026091508570846551,https://n.news.naver.com/mnews/article/008/0005413728?sid=101,"Tue, 15 Sep 2026 09:25:00 +0900",2026-09-16 10:11:04
음식료/식품,음식료 산업,[굿모닝! 글로벌 뉴욕증시] CPI 충격 피했지만 중동 리스크는 여전…송...,"운송, 산업서비스, 소프트웨어·IT서비스, 은행·투자서비스, 소매 업종 등이 상승했다. 반면 재생에너지, 화학, 유틸리티, 제약, 음식료, 금속·광업 업종은 하락했다. 종목별로는 AI 인프라 투자 수혜 기대감 속에... ",https://www.newsquest.co.kr/news/articleView.html?idxno=300789,https://www.newsquest.co.kr/news/articleView.html?idxno=300789,"Mon, 14 Sep 2026 08:10:00 +0900",2026-09-16 10:11:04
음식료/식품,음식료 산업,삼성전자도 네이버도 아니다…개미들이 일주일간 쓸어담은 '1위',"화장품, 플랫폼, 식품, 2차전지, IT부품 등 다양한 산업군 전반에 걸쳐 개인 자금이 유입되었다.... 당일 하루 거래량 973,061주, 거래대금 1993억 원을 기록하며 거래가 활발히 이루어졌다.음식료 업종... ",https://www.wikitree.co.kr/articles/1159206,https://www.wikitree.co.kr/articles/1159206,"Sun, 13 Sep 2026 20:16:00 +0900",2026-09-16 10:11:04
음식료/식품,음식료 산업,장문수의 첫 승부수…현대차증권 리서치 '칸막이' 허문다,"1팀은 철강과 조선, 건설, 음식료 등 전통산업과 경기민감 업종을 중심으로 꾸렸다. 당초 2팀에 포함할 예정이던 바이오는 조직 개편 과정에서 1팀으로 옮겼다. 의료기기와 미용기기 등 소비 성격이 강한 업종과의 연관성이... ",https://news.bizwatch.co.kr/article/market/2026/09/11/0001,https://n.news.naver.com/mnews/article/648/0000050685?sid=101,"Fri, 11 Sep 2026 09:30:00 +0900",2026-09-16 10:11:04
음식료/식품,음식료 산업,"코스피, 장 초반 혼조세…7000선 유지 여부에 촉각","업종별로 비금속(0.20%), 음식료·담배(0.15%) 등은 강세다. 반면 건설(-2.96%), 기계·장비(-2.14%), 전기·가스... 간밤 뉴욕증시에서 다우존스30산업평균지수와 스탠더드앤드푸어스(S&amp;P) 500지수는 각각 0.77%, 0.48... ",https://www.etoday.co.kr/news/view/2623905,https://www.etoday.co.kr/news/view/2623905,"Thu, 10 Sep 2026 09:18:00 +0900",2026-09-16 10:11:04
음식료/식품,음식료 산업,&quot;아무도 겪어보지 못한 가격&quot;…주가 18% 폭등에도 '경고' [분석+],"이충재 한국투자증권 연구원은 &quot;경유 가격 상승은 미국 제조업과 음식료, 외식 산업 등 사회 전반의 물류비와 농산품 가격을 밀어 올려 소비와 투자에 직접적인 부담을 준다&quot;며 &quot;가계 소비에서 연료비 비중이 커지며... ",https://www.hankyung.com/article/2026090943516,https://n.news.naver.com/mnews/article/015/0005330713?sid=101,"Thu, 10 Sep 2026 06:31:00 +0900",2026-09-16 10:11:04
음식료/식품,음식료 산업,메모리 재고 '10일 미만'… 아스트라 랠리 속 삼성·SK하이닉스 팔 물건...,"완제품 시장이 먼저 흔들린다 메모리 회사에 호재인 이 국면이 산업 전체로 보면 그렇지 않다. 8GB·256GB... 물론 환율 하락은 철강, 항공, 음식료처럼 달러로 원자재를 사들이는 업종에는 원가 절감 요인이다. 조선... ",https://www.todayeconomic.com/news/article.html?no=32043,https://www.todayeconomic.com/news/article.html?no=32043,"Tue, 08 Sep 2026 16:50:00 +0900",2026-09-16 10:11:04
음식료/식품,음식료 산업,밸류업주 옥석 가리기 본격화… 원전·유통주 '룰루랄라',"반면 음식료와 소비재, 조선 관련 종목에는 차익 실현 매물이 나오고 있다. 롯데칠성과 애경산업, 현대그린푸드, KT&amp;G, 콜마홀딩스, 동원산업 등이 하락세를 나타냈다. HD현대마린솔루션과 HD현대중공업... ",https://www.pinpointnews.co.kr/news/articleView.html?idxno=485047,https://www.pinpointnews.co.kr/news/articleView.html?idxno=485047,"Tue, 08 Sep 2026 15:22:00 +0900",2026-09-16 10:11:04
음식료/식품,음식료 산업,두 달 새 환율 200원 급락…‘원화 강세 수혜주 공식’ 달라졌다,대표적인 사례가 음식료다. 원재료 수입 비중이 높아 대표적인 원화 강세 수혜 업종으로 꼽혀왔지만 K푸드의... 다올투자증권은 “기본적으로 수출 중심의 대한민국 산업과 기업들이어서 원화 강세에 따른 실적 영향은... ,https://www.kukinews.com/article/view/kuk202609070171,https://www.kukinews.com/article/view/kuk202609070171,"Tue, 08 Sep 2026 06:02:00 +0900",2026-09-16 10:11:04
음식료/식품,음식료 산업,오픈AI 훈풍에 반도체주 급등…코스피 '7천선' 눈앞,"AI 산업의 성장 기대를 자극했다. 여기에 엔비디아가 AI 모델 공유 플랫폼 '허깅페이스'를 인수한다고... 업종별로 기계·장비(6.6%), 전기·전자(6.3%), 제조(5.2%) 등이 상승했고 음식료·담배(-2.5%), 부동산(-1.5%), 섬유... ",https://www.koreareport.co.kr/news/articleView.html?idxno=52689,https://www.koreareport.co.kr/news/articleView.html?idxno=52689,"Mon, 07 Sep 2026 18:26:00 +0900",2026-09-16 10:11:04
음식료/식품,음식료 산업,반도체 주주환원이 끌어내린 환율…‘강한 원화’ 경제 판도 바꾼다,"항공·여행·음식료 등 달러 비용 비중이 높은 업종에도 원화 강세는 호재다. 해외여행과 유학, 해외직구... 다만 반도체처럼 업황 자체가 강하고 제품 가격이 오르는 산업에서는 환율 하락의 부정적 효과를 업황 개선이... ",https://www.ddaily.co.kr/page/view/2026090717044274389,https://n.news.naver.com/mnews/article/138/0002240500?sid=101,"Mon, 07 Sep 2026 17:05:00 +0900",2026-09-16 10:11:04
음식료/식품,음식료 산업,반도체 훈풍에 금융시장 '요동'…코스피 7000선 눈앞·환율 1340원대,"지난 4일 미국 뉴욕증시에서 반도체주가 큰 폭으로 오른 데 이어 인공지능(AI) 산업 성장에 따른 메모리... 음식료·담배(-2.47%), 부동산(-1.54%), 섬유·의류(-1.12%) 등은 하락했다. 코스피 시장에서는 478개 종목이... ",https://www.youthdaily.co.kr/news/article.html?no=226577,https://www.youthdaily.co.kr/news/article.html?no=226577,"Mon, 07 Sep 2026 16:26:00 +0900",2026-09-16 10:11:04
음식료/식품,음식료 산업,&quot;개미 8조 던져도 끄떡없다&quot; 코스피 4.6% 급등...7천피 '턱밑',"코스피 산업별로는 기계·장비와 전기·전자가 전 거래일 대비 6%대 상승했다. 제조는 5%대, 건설은 4%대 올랐다. 음식료·담배는 2%대, 부동산과 섬유·의류는 1%대 각각 내렸다. 코스피 시가총액 기준 상위종목은... ",https://www.mt.co.kr/stock/2026/09/08/2026090715515881340,https://n.news.naver.com/mnews/article/008/0005410432?sid=101,"Mon, 07 Sep 2026 15:58:00 +0900",2026-09-16 10:11:04
음식료/식품,음식료 산업,"실적 턴어라운드에 밸류업까지… 한전기술, 대한민국 원전 수출의 중심...","명신산업과 에코프로에이치엔, 코스맥스, JW중외제약, 메가스터디교육, 롯데렌탈도 약세를 나타내고 있다.... 음식료와 소비재 관련주의 흐름도 상대적으로 부진하다. 오리온과 F&amp;F, 솔루스첨단소재, 파마리서치가... ",https://www.pinpointnews.co.kr/news/articleView.html?idxno=484646,https://www.pinpointnews.co.kr/news/articleView.html?idxno=484646,"Mon, 07 Sep 2026 15:38:00 +0900",2026-09-16 10:11:04
음식료/식품,음식료 산업,"오픈AI '아스트라' 모델 출시로 코스피 급등, 삼성전자·SK하이닉스 상승...","이러한 상승세는 오픈AI의 '아스트라' 모델 출시가 반도체 산업에 긍정적 영향을 미치고 있다는 기대에서... 업종별로는 전기·전자, 기계·장비, 제조업이 상승 중이고, 음식료·담배, 부동산, 섬유·의류 등의 업종은... ",https://www.gokorea.kr/news/articleView.html?idxno=877458,https://www.gokorea.kr/news/articleView.html?idxno=877458,"Mon, 07 Sep 2026 14:36:00 +0900",2026-09-16 10:11:04
음식료/식품,음식료 산업,"美 반도체주 훈풍…코스피, 3% 급등·6900 회복","다우존스30 산업평균지수는 0.51% 내린 5만3414.25, 스탠더드앤드푸어스(S&amp;P)500지수는 0.38% 밀린 7718.60... 반면 음식료·담배(-1.25%)와 건설(-1.14%)은 약세다. 시가총액 상위 종목은 LG에너지솔루션(-0.28%)을 제외하고... ",https://www.sentv.co.kr/article/view/sentv202609070040,https://www.sentv.co.kr/article/view/sentv202609070040,"Mon, 07 Sep 2026 10:08:00 +0900",2026-09-16 10:11:04
음식료/식품,음식료 산업,&quot;역시 믿을 건 반도체?&quot; 코스피 3% 급등...美금리인상 우려에도 쑥,"코스피 산업별로는 전기·전자 4%대, 제조 3%대, 금융, 의료·정밀기기, 보험, 유통 등 2%대 각각 상승했다. 이에 반해 음식료·담배 2%대, 섬유·의류 1%대 각각 하락했다. 코스피 시가총액 기준 상위종목 14위까지... ",https://www.mt.co.kr/stock/2026/09/07/2026090709282975262,https://n.news.naver.com/mnews/article/008/0005410173?sid=101,"Mon, 07 Sep 2026 09:38:00 +0900",2026-09-16 10:11:04
음식료/식품,식품 수출,"韓, 글로벌 화장품 규제협의체 의장국 됐다…상설사무국도 설치","식품의약품안전처는 지난 7일부터 9일까지 서울에서 열린 ‘제1회 글로벌 화장품 규제기관장 협의체(GCORAS... 식약처는 특히 아세안과 중동, 중남미 주요 규제당국과 소통하며 국내 기업들의 수출 애로 해소에 집중했다고... ",https://biz.sbs.co.kr/article_hub/20000334929?division=NAVER,https://n.news.naver.com/mnews/article/374/0000533189?sid=101,"Wed, 16 Sep 2026 10:05:00 +0900",2026-09-16 10:11:05
음식료/식품,식품 수출,"日, 'K-라면'에 떨고있다…美시장 1위 넘보는 '농심'","한편, 라면을 비롯한 국산 농수산식품 수출액은 올해 들어 253일 만에 100억달러를 돌파했다. 지난해보다 19일 앞당겨 역대 최단 기록을 세웠다. 품목별로는 라면 수출액이 13억760만달러로 27.2% 증가해 가장 큰 증가... ",https://view.asiae.co.kr/article/2026091609163894147,https://n.news.naver.com/mnews/article/277/0005816997?sid=103,"Wed, 16 Sep 2026 09:57:00 +0900",2026-09-16 10:11:05
음식료/식품,식품 수출,"구미시, 로컬푸드 페스타 판매액 6억4505만원…전년보다 68.1% 증가",행사에는 40개 농가·업체가 참여해 구미에서 생산된 농·축산물과 쌀·밀 등을 활용한 가공식품(G푸드) 등... 해외바이어 초청 수출상담회에는 해외 바이어 6개사와 지역업체 14개사가 참여했다. 고향사랑기부제는... ,http://www.metroseoul.co.kr/article/20260915500610,http://www.metroseoul.co.kr/article/20260915500610,"Wed, 16 Sep 2026 09:48:00 +0900",2026-09-16 10:11:05
음식료/식품,식품 수출,"경북도, 해외자문위원협의회 정기총회…이성희 신임 회장 선출",14일 열린 경북 식품수출기업 홍보전시회에서는 식품기업 10개 사의 상품을 선보였다. 경북해외자문위원협의회와 경북식품수출기업협회는 해외시장 진출 확대를 위한 업무협약을 체결하고 판로 개척과 현지 홍보에... ,http://www.metroseoul.co.kr/article/20260915500597,http://www.metroseoul.co.kr/article/20260915500597,"Wed, 16 Sep 2026 09:46:00 +0900",2026-09-16 10:11:05
음식료/식품,식품 수출,"한국공학대 GTEP, 해외 박람회서 수출 상담 150건 지원","한국공학대학교 지역특화청년무역전문가양성사업단(GTEP사업단)은 최근 호주 멜버른 파인푸드 국제식품박... GTEP사업단 소속 대학생들은 현지 시장조사, 제품 홍보, 부스 운영, 수출 상담 등 마케팅 실무 전반을... ",https://www.newsis.com/view/NISX20260916_0003791281,https://n.news.naver.com/mnews/article/003/0014193244?sid=102,"Wed, 16 Sep 2026 09:45:00 +0900",2026-09-16 10:11:05
음식료/식품,식품 수출,식약처 &quot;글로벌 화장품 규제협의체 의장국 선출&quot;,식품의약품안전처가 '글로벌 화장품 규제기관장 협의체(GCORAS·지코라스)' 의장국으로 선출됐다. 식약처는... 실질적인 수출 애로 해소에 집중했다고 전했다. 브라질과는 '민관 합동 진출지원단' 구성에 합의했으며... ,https://www.newsis.com/view/NISX20260916_0003791354,https://n.news.naver.com/mnews/article/003/0014193243?sid=102,"Wed, 16 Sep 2026 09:45:00 +0900",2026-09-16 10:11:05
음식료/식품,식품 수출,"K-식자재, 美 주력 시장 정조준",농식품부는 K-식자재 수출 확대를 위해 현지에 진출한 국내기업과 연계해 구내 식당에서의 K-식자재 소비를 늘리기 위한 'K-푸드 데이'를 운영하는 등 지속 가능한 대규모 수요처 발굴을 위해 관계 기업과 긴밀하게... ,http://www.bokuennews.com/news/article.html?no=284261,http://www.bokuennews.com/news/article.html?no=284261,"Wed, 16 Sep 2026 09:38:00 +0900",2026-09-16 10:11:05
음식료/식품,식품 수출,"한국공학대 GTEP사업단, 호주와 일본에서 지역기업 해외시장 개척 지원","전시회에 참가한 표민정 학생은 &quot;다양한 해외 바이어와의 상담과 시장조사를 통해 글로벌 식품 시장의 흐름과 수요를 파악하고, 향후 수출 성과로 이어질 가능성을 직접 확인할 수 있었다&quot;고 말했다. 한국공학대는... ",https://news.unn.net/news/articleView.html?idxno=597533,https://news.unn.net/news/articleView.html?idxno=597533,"Wed, 16 Sep 2026 09:34:00 +0900",2026-09-16 10:11:05
음식료/식품,식품 수출,"제약바이오협회·식약처·KOTRA, 방콕서 '한-태 제약 포럼' 개최","한국제약바이오협회는 식품의약품안전처, 대한무역투자진흥공사(KOTRA), 국내 제약기업 10개사와 민·관... 해소하고 수출 계약 후속 논의를 체계화할 방침이다. 또한 15일 열린 '한-태 바이오헬스 파트너십... ",https://www.pharmnews.com/news/articleView.html?idxno=306332,https://www.pharmnews.com/news/articleView.html?idxno=306332,"Wed, 16 Sep 2026 09:32:00 +0900",2026-09-16 10:11:05
뷰티/화장품,화장품 주가,"명품 불황에 빛난 '립스틱 효과'…로레알, LVMH 시총 추월","중국 소비 둔화와 지정학적 불안, 고가품 가격 인상에 따른 소비자 이탈이 겹치면서 수년간 고공행진했던 명품주가 흔들리는 사이 상대적으로 가격 부담이 낮은 화장품 기업이 부상한 것이다. 15일(현지시간)... ",https://www.newsquest.co.kr/news/articleView.html?idxno=301010,https://www.newsquest.co.kr/news/articleView.html?idxno=301010,"Wed, 16 Sep 2026 09:26:00 +0900",2026-09-16 10:11:06
뷰티/화장품,화장품 주가,"립스틱 효과?…로레알, 루이뷔통 넘어 파리 시총 1위","올해 들어 로레알 주가는 5% 올랐지만, LVMH 주가는 35% 넘게 떨어졌습니다. 명품부터 일반 화장품까지 다양한 브랜드를 보유한 로레알의 상승세는 '립스틱 효과' 때문으로 해석됩니다. 립스틱 효과는 경기가 좋지 않을... ",http://www.yonhapnewstv.co.kr/news/AKR20260916092012UQP,https://n.news.naver.com/mnews/article/422/0000906598?sid=101,"Wed, 16 Sep 2026 09:21:00 +0900",2026-09-16 10:11:06
뷰티/화장품,화장품 주가,&quot;비싼 명품백 안 사요&quot;…립스틱 불티나게 팔리더니 '대이변',있는 '립스틱(화장품)' 등 소소한 사치를 선택하는 사람들이 늘면서 로레알의 실적을 견인했다는 분석이다. 2021년 팬데믹 소비 붐 당시 유럽 시총 1위 기업이었던 LVMH는 지속적인 주가 하락으로 인해 이번에 유럽 시총... ,https://www.hankyung.com/article/202609167268g,https://n.news.naver.com/mnews/article/015/0005332796?sid=101,"Wed, 16 Sep 2026 08:36:00 +0900",2026-09-16 10:11:06
뷰티/화장품,화장품 주가,"[리스트] MVP 상위 20선...슈프리마, 인바디 등 - 16일","한국화장품제조 등이다. 이날 새로 편입된 종목은 10개로 슈프리마, 인바디, 디케이티... [표] MVP 상위 20선 - 2026.9.16 (전일 종가 기준) 순위 종목명 주가 등락률 MVP 항목별 점수 주요... ",https://www.itooza.com/common/iview.php?no=2026091608151903566,https://www.itooza.com/common/iview.php?no=2026091608151903566,"Wed, 16 Sep 2026 08:22:00 +0900",2026-09-16 10:11:06
뷰티/화장품,화장품 주가,가방 대신 립스틱 '진짜였네'...LVMH 제친 '이 회사',올해 로레알 주가는 5% 오른 반면 LVMH 주가는 35% 넘게 하락했다. 로레알의 상승세는 '립스틱 효과... 로레알은 명품부터 일반 화장품까지 다양한 브랜드를 보유하고 있다. 닉 앤더슨 베렌베르크 분석가는 &quot;사람들이... ,http://www.wowtv.co.kr/NewsCenter/News/Read?articleId=A202609160247&t=NN,https://n.news.naver.com/mnews/article/215/0001266103?sid=101,"Wed, 16 Sep 2026 08:16:00 +0900",2026-09-16 10:11:06
뷰티/화장품,화장품 주가,"로레알, 루이뷔통 제쳤다⋯파리증시 시총 1위 올라",경기 불확실성이 커질수록 고가 가방이나 의류 대신 상대적으로 가격이 낮은 화장품을 찾는 이른바 '립스틱 효과'도 주가에 영향을 미쳤다는 분석이 나온다. 독일계 투자은행 베렌베르크는 고가 명품을 사기 어려워진... ,http://www.inews24.com/view/2006052,https://n.news.naver.com/mnews/article/031/0001058748?sid=104,"Wed, 16 Sep 2026 08:04:00 +0900",2026-09-16 10:11:06
뷰티/화장품,화장품 주가,&quot;명품 대신 작은 사치&quot;...LVMH 제치고 시총 1위 찍은 회사,반면 화장품 기업 로레알 주가는 올해 들어 약 4% 상승했다. 경기 불확실성이 커질수록 소비자들이 상대적으로 가격 부담이 낮은 화장품을 소비하는 '립스틱 효과'가 작용했다는 분석이 나온다. 베렌버그의 닉... ,https://www.mt.co.kr/world/2026/09/16/2026091606490197915,https://n.news.naver.com/mnews/article/008/0005414347?sid=101,"Wed, 16 Sep 2026 07:48:00 +0900",2026-09-16 10:11:06
뷰티/화장품,화장품 주가,"'립스틱 효과'... 외신 &quot;로레알, LVMH 제치고 파리 시총 1위&quot;","올해 들어 로레알 주가는 5% 올랐지만, LVMH 주가는 35% 넘게 하락했다. 명품부터 일반 화장품까지 다양한 브랜드를 보유한 로레알의 상승세는 '립스틱 효과' 때문이라는 해석이 나온다. 립스틱 효과는 경기가 좋지 않을... ",https://www.getnews.co.kr/news/articleView.html?idxno=880888,https://www.getnews.co.kr/news/articleView.html?idxno=880888,"Wed, 16 Sep 2026 07:40:00 +0900",2026-09-16 10:11:06
뷰티/화장품,화장품 주가,“먹고 살기 힘들면 사람들이”…립스틱으로 루이뷔통 제친 이 회사,올해 들어 로레알 주가는 5% 올랐지만 LVMH 주가는 35% 넘게 빠졌다. 명품부터 일반 화장품까지 다양한 브랜드를 보유한 로레알의 상승세는 ‘립스틱 효과’ 때문이라는 해석이 나온다. 립스틱 효과는 경기가 좋지... ,https://www.mk.co.kr/article/12153846,https://n.news.naver.com/mnews/article/009/0005735816?sid=104,"Wed, 16 Sep 2026 07:29:00 +0900",2026-09-16 10:11:06
뷰티/화장품,화장품 주가,"유럽증시, 국제유가 고공행진 등 영향 일제히 떨어져⋯독일 0.15%-영국 0...",주요 섹터 중에서는 은행주와 금융서비스주가 하락하며 증시 약세를 주도했다. 명품업계는 판매 둔화와... 프랑스 화장품 업체 로레알은 0.78% 떨어졌지만 세계 최대 명품 그룹인 루이비통모에헤네시(LVMH)를... ,http://www.econonews.co.kr/news/articleView.html?idxno=444379,http://www.econonews.co.kr/news/articleView.html?idxno=444379,"Wed, 16 Sep 2026 06:48:00 +0900",2026-09-16 10:11:06
뷰티/화장품,화장품 주가,"명품값 선 넘더라니… LVMH, 로레알에 시총 1위 내줬다","올해 들어 로레알 주가는 5% 올랐지만, LVMH 주가는 35% 넘게 하락했다. 명품부터 일반 화장품까지 다양한 브랜드를 보유한 로레알의 상승세는 ‘립스틱 효과’ 때문이라는 해석이 나온다. 립스틱 효과는 경기가 좋지... ",https://www.kmib.co.kr/article/view.asp?arcid=9000012484&cp=nv,https://n.news.naver.com/mnews/article/005/0001873243?sid=104,"Wed, 16 Sep 2026 06:21:00 +0900",2026-09-16 10:11:06
뷰티/화장품,화장품 주가,명품백 대신 립스틱…LVMH 제치고 파리 시총 1위 찍은 회사,"올해 로레알 주가는 5% 올랐지만, LVMH 주가는 35% 넘게 하락했다. 명품부터 일반 화장품까지 다양한 브랜드를 보유한 로레알의 상승세는 ‘립스틱 효과’ 때문이라는 분석이 나온다. 립스틱 효과는 경기가 좋지 않을... ",https://www.joongang.co.kr/article/25462233,https://n.news.naver.com/mnews/article/025/0003551698?sid=104,"Wed, 16 Sep 2026 06:05:00 +0900",2026-09-16 10:11:06
뷰티/화장품,화장품 주가,"로레알, 루이뷔통 제치고 파리 시총 1위 &quot;립스틱 효과&quot;","올해 들어 로레알 주가는 5% 올랐지만, 루이뷔통 주가는 35% 넘게 하락했습니다. 명품부터 일반 화장품까지 다양한 브랜드를 보유한 로레알의 상승세는 '립스틱 효과' 때문인 것으로 분석됩니다. 립스틱 효과는 경기자... ",https://www.ytn.co.kr/_ln/0104_202609160551411110,https://n.news.naver.com/mnews/article/052/0002407539?sid=104,"Wed, 16 Sep 2026 05:51:00 +0900",2026-09-16 10:11:06
뷰티/화장품,화장품 주가,"'립스틱 효과' 로레알, LVMH 제치고 파리증시 시총 1위","올해 들어 로레알 주가는 5% 올랐지만, LVMH 주가는 35% 넘게 하락했습니다. 명품부터 일반 화장품까지 다양한 브랜드를 보유한 로레알의 상승세는 '립스틱 효과' 때문이라는 해석이 나옵니다. 립스틱 효과는 경기가 좋지... ",https://biz.sbs.co.kr/article_hub/20000334858?division=NAVER,https://n.news.naver.com/mnews/article/374/0000533114?sid=104,"Wed, 16 Sep 2026 05:39:00 +0900",2026-09-16 10:11:06
뷰티/화장품,화장품 주가,"'명품가방 대신 립스틱'…로레알, LVMH 제치고 파리 시총 1위","올해 들어 로레알 주가는 5% 올랐지만, LVMH 주가는 35% 넘게 하락했다. 명품부터 일반 화장품까지 다양한 브랜드를 보유한 로레알의 상승세는 '립스틱 효과' 때문이라는 해석이 나온다. 립스틱 효과는 경기가 좋지 않을... ",https://www.yna.co.kr/view/AKR20260916005300085?input=1195m,https://n.news.naver.com/mnews/article/001/0016313307?sid=104,"Wed, 16 Sep 2026 04:38:00 +0900",2026-09-16 10:11:06
뷰티/화장품,화장품 주가,인사동에 ‘K전통’이 없다… 터줏가게 밀려나고 ‘뜨내기 장사’,"사라진 전통가게의 자리에는 개량한복 가게와 화장품점, 유행소품점 등이 들어섰다. 한때 인사동을... 이르면 내년 1월부터 인사동의 ‘메인 거리’인 주가로변에서 한복대여점의 메이크업 서비스와 건물 2층 이상 치킨... ",https://www.kmib.co.kr/article/view.asp?arcid=9000012457&cp=nv,https://n.news.naver.com/mnews/article/005/0001873218?sid=102,"Wed, 16 Sep 2026 02:10:00 +0900",2026-09-16 10:11:06
뷰티/화장품,화장품 주가,"유럽증시, 중첩되는 악재에 눌리며 3개월 만에 최저치 하락… 미 연준 ...","주요 섹터 중에서는 은행주와 금융서비스주가 각각 0.9%, 1.9% 하락하며 증시 약세를 주도했다. 스위스... 프랑스 화장품 업체 로레알은 세계 최대 명품 그룹인 루이비통모에헤네시(LVMH)를 제치고 프랑스 증시... ",https://www.newspim.com/news/view/20260916000019,https://www.newspim.com/news/view/20260916000019,"Wed, 16 Sep 2026 01:58:00 +0900",2026-09-16 10:11:06
뷰티/화장품,뷰티 산업,"인천 남동구, 소래포구서 제7회 뷰티페스티벌 연다",아름다움과 즐거움을 함께 누리는 축제가 되길 바란다&quot;고 말했다. 이어 &quot;앞으로도 지역의 우수한 미용 인력과 기술이 뷰티산업 발전과 지역경제 활성화로 이어질 수 있도록 관심과 지원을 아끼지 않겠다&quot;고 밝혔다.,https://www.kmaeil.com/news/articleView.html?idxno=651878,https://www.kmaeil.com/news/articleView.html?idxno=651878,"Wed, 16 Sep 2026 10:08:00 +0900",2026-09-16 10:11:06
뷰티/화장품,뷰티 산업,최진식 중견련 회장 &quot;더 많은 중견기업이 말을 할 때 합리적 경영 환경...,"K-뷰티, K-푸드, K-콘텐츠, K-컬처 등이 견인하는 글로벌 소프트파워의 중심으로 대한민국을 일신하고 기업 간의 강고한 호혜적 협력을 통해 국가의 존속을 담보할 장기적인 산업 기반의 체계적 기동성을 확보해야 할 것... ",http://www.metroseoul.co.kr/article/20260916500040,http://www.metroseoul.co.kr/article/20260916500040,"Wed, 16 Sep 2026 09:46:00 +0900",2026-09-16 10:11:06
뷰티/화장품,뷰티 산업,“하루 만에 글로벌 진출 A to Z 빠르게 습득”…내달 2일 광주서 'K-뷰티...,"글로벌 전문가 8인, 해외 진출 생생한 인사이트·실전 노하우 공개 ‘2026 전남광주뷰티산업전’ 운영사무국-슬록, 홍보 등 업무협약 다음달 2일 개막하는 호남권 최대 규모의 국제 뷰티 전시회 '2026 전남광주뷰티산업전... ",https://www.etnews.com/20260916000004,https://n.news.naver.com/mnews/article/030/0003467220?sid=102,"Wed, 16 Sep 2026 09:40:00 +0900",2026-09-16 10:11:06
뷰티/화장품,뷰티 산업,"중견련, K-브랜드 선도 중견기업 회원 기반 강화","K-뷰티, K-푸드, K-콘텐츠, K-컬처 등이 견인하는 글로벌 소프트파워의 중심으로 대한민국을 일신하고, 기업 간의 강고한 호혜적 협력을 통해 국가의 존속을 담보할 장기적인 산업 기반의 체계적 기동성을 확보해야 할... ",http://www.hansbiz.co.kr/news/articleView.html?idxno=865621,http://www.hansbiz.co.kr/news/articleView.html?idxno=865621,"Wed, 16 Sep 2026 09:26:00 +0900",2026-09-16 10:11:06
뷰티/화장품,뷰티 산업,&quot;K브랜드 중견기업 힘 모아야&quot; 친필서신 보낸 중견련 회장,"최진식 중견기업연합회(중견련) 회장은 “K뷰티, K푸드, K콘텐츠, K컬처 등이 견인하는 글로벌 소프트파워 중심으로 대한민국을 일신하고, 기업 간 간고한 호혜적 협력을 통해 장기적인 산업 기반의 체계적 기동성을... ",https://www.edaily.co.kr/News/Read?newsId=02840486645580776&mediaCodeNo=257&utm_source=naver&utm_medium=referral&utm_campaign=news_syndication&utm_content=original_article,https://n.news.naver.com/mnews/article/018/0006370156?sid=101,"Wed, 16 Sep 2026 09:24:00 +0900",2026-09-16 10:11:06
뷰티/화장품,뷰티 산업,"충북도, '2026 오송화장품뷰티엑스포' 분야별 실행계획 보고회 개최",오송화장품뷰티엑스포' 분야별 실행계획 보고회를 열고 준비 상황을 점검했다. 이번 보고회에서는 세부... 특히 참가 기업과 국내외 바이어 간의 실질적인 비즈니스 성사를 위해 산업전시와 무역상담 기능을 강화하는... ,http://www.enewstoday.co.kr/news/articleView.html?idxno=2470934,http://www.enewstoday.co.kr/news/articleView.html?idxno=2470934,"Wed, 16 Sep 2026 09:20:00 +0900",2026-09-16 10:11:06
뷰티/화장품,뷰티 산업,최진식 회장 &quot;K-브랜드 선도 중견기업 연대 절실&quot;...친필 서신 발송,"K-뷰티, K-푸드, K-콘텐츠, K-컬처 등이 견인하는 글로벌 소프트파워의 중심으로 대한민국을 일신하고, 기업 간의 강고한 호혜적 협력을 통해 국가의 존속을 담보할 장기적인 산업 기반의 체계적 기동성을 확보해야 할... ",https://www.newspim.com/news/view/20260916000044,https://www.newspim.com/news/view/20260916000044,"Wed, 16 Sep 2026 09:20:00 +0900",2026-09-16 10:11:06
뷰티/화장품,뷰티 산업,'2026 소상공인 기능경진대회' 10월 7일 개최…타투 콘테스트 신설·문신...,"행사장 내 홍보부스에는 문신 머신 및 용품, PMU·SMP 장비, 위생·멸균 기기, 예약·결제 플랫폼, 의료폐기물 처리, 뷰티·헬스케어 등 관련 산업 기업들이 참여해 제품과 서비스를 선보인다. 임보란 회장은 &quot;이번... ",https://www.gukjenews.com/news/articleView.html?idxno=3696470,https://www.gukjenews.com/news/articleView.html?idxno=3696470,"Wed, 16 Sep 2026 09:10:00 +0900",2026-09-16 10:11:06
뷰티/화장품,뷰티 산업,"중견련, K-브랜드 선도 중견기업 영입 나서…최진식 회장 160여곳에 친필...","K-뷰티, K-푸드, K-콘텐츠, K-컬처 등이 견인하는 글로벌 소프트파워의 중심으로 대한민국을 일신하고 기업 간의 강고한 호혜적 협력을 통해 국가의 존속을 담보할 장기적인 산업 기반의 체계적 기동성을 확보해야 한다... ",http://www.srtimes.kr/news/articleView.html?idxno=212548,http://www.srtimes.kr/news/articleView.html?idxno=212548,"Wed, 16 Sep 2026 08:58:00 +0900",2026-09-16 10:11:06
뷰티/화장품,뷰티 산업,"식약처, 글로벌 화장품 규제 논의 이끈다…초대 의장국 선출",식약처는 이를 바탕으로 글로벌 화장품 규제 논의를 주도하고 K-뷰티 기업의 해외 진출 지원에도 나설... 아랍에미리트와는 산업 교류 확대를 위한 규제 워킹그룹 운영 방안 등을 협의했다. 아울러 해외 규제당국자와 국내... ,https://www.news1.kr/bio/general/6291926,https://n.news.naver.com/mnews/article/421/0009172794?sid=105,"Wed, 16 Sep 2026 08:51:00 +0900",2026-09-16 10:11:06
뷰티/화장품,뷰티 산업,"최진식 중견련 회장, K-브랜드 기업에 친필 서신 보낸 까닭","K-뷰티, K-푸드, K-콘텐츠, K-컬처 등이 견인하는 글로벌 소프트파워의 중심으로 대한민국을 일신하고, 기업 간의 강고한 호혜적 협력을 통해 국가의 존속을 담보할 장기적인 산업 기반의 체계적 기동성을 확보해야 할 것... ",https://view.asiae.co.kr/article/2026091608452644239,https://n.news.naver.com/mnews/article/277/0005816912?sid=101,"Wed, 16 Sep 2026 08:45:00 +0900",2026-09-16 10:11:06
뷰티/화장품,K뷰티 수출,"아이큐어, 화장품 ODM 해외 고객 확대…글로벌 수주 기반 넓힌다","기존 국내 브랜드 중심의 거래 구조에서 벗어나 중국과 러시아, 미국 등으로 직수출 범위를 넓히면서 글로벌... 글로벌 유통시장에서 K-뷰티 제품군이 확대되면서 브랜드뿐 아니라 현지 유통사가 직접 기획하는 PB 제품에... ",https://www.etnews.com/20260915000351,https://n.news.naver.com/mnews/article/030/0003467192?sid=103,"Wed, 16 Sep 2026 09:01:00 +0900",2026-09-16 10:11:07
뷰티/화장품,K뷰티 수출,프랑스 넘어 정상 노린다‥한국 화장품 르네상스,"쇼핑 필수 품목이 됐고, 지난해 수출액도 세계 2위로, 부동의 1위인 프랑스를 위협하고 있습니다. 그 비결이... K-뷰티의 성공을 이끈 건 작지만, 아이디어로 무장한 스타트업 기업들입니다. 시가총액 13조 5천억 원으로... ",https://imnews.imbc.com/replay/2026/nwtoday/article/6852130_37012.html,https://n.news.naver.com/mnews/article/214/0001524203?sid=101,"Wed, 16 Sep 2026 07:28:00 +0900",2026-09-16 10:11:07
뷰티/화장품,K뷰티 수출,"한진, K-브랜드 수요 대응…내달 美 9000평 물류센터 완공",한진이 LA 물류 거점을 확대하는 배경에는 북미 지역에서 커지는 K-뷰티 수요가 자리하고 있다. 식품의약품안전처에 따르면 지난해 대미 화장품 수출액은 전년 대비 15.1% 증가한 약 22억달러로 역대 최대치를... ,https://dealsite.co.kr/articles/168980,https://dealsite.co.kr/articles/168980,"Wed, 16 Sep 2026 07:02:00 +0900",2026-09-16 10:11:07
뷰티/화장품,K뷰티 수출,'FDA 등록' 韓화장품 제조시설 54% 증가…깐깐한 '표기·분류' 통관 복병,한국에선 화장품인데 미국에선 '의약품'…선케어 분류 차이도 복병 한국과 미국의 제품 분류 기준 차이도 K-뷰티 업체들이 맞닥뜨리는 규제 변수다. 대표적인 품목이 주요 수출 제품으로 자리 잡은 자외선차단제다.... ,https://www.news1.kr/industry/general-industry/6290946,https://n.news.naver.com/mnews/article/421/0009172613?sid=101,"Wed, 16 Sep 2026 06:10:00 +0900",2026-09-16 10:11:07
뷰티/화장품,K뷰티 수출,샴푸로 1조 벌겠다는 아모레…‘K헤어’ 두 배 성장 가능할까 [F.B.I],K뷰티의 영역도 스킨케어와 색조를 넘어 헤어케어로 확대되고 있다. 관세청 수출입무역통계에 따르면 올해 1~5월 두발용 제품류 수출액은 2억3272만달러로 전년 동기보다 30.6% 증가했다. 연간 수출액은 2023년... ,https://www.kukinews.com/article/view/kuk202609150210,https://www.kukinews.com/article/view/kuk202609150210,"Wed, 16 Sep 2026 06:02:00 +0900",2026-09-16 10:11:07
뷰티/화장품,K뷰티 수출,프랑스 넘어 세계 1위 노린다‥강소기업이 만든 K-뷰티 르네상스,"◀ 앵커 ▶ 요즘 K-뷰티, 우리 화장품의 인기가 전 세계적으로 뜨겁죠. 지난해 수출액도 세계 2위로, 부동의 1위인 프랑스의 자리를 넘보고 있습니다. K뷰티의 성공이 더 의미가 있는 건, 아이디어와 기술력을 갖춘 여러... ",https://imnews.imbc.com/replay/2026/nwdesk/article/6852047_37004.html,https://n.news.naver.com/mnews/article/214/0001524131?sid=101,"Tue, 15 Sep 2026 22:06:00 +0900",2026-09-16 10:11:07
뷰티/화장품,K뷰티 수출,[서원대학교 2026년 창업도약패키지 선정기업] 피부의 불편함을 해결하...,"슈엘로는 일본, 미국, 베트남, 대만 등 글로벌 20개국에 제품을 수출하고 있으며, 해외 시장에서도 꾸준한... 덧붙여 “한국을 대표하는 K-뷰티 브랜드를 넘어, 전 세계 고객들이 가장 먼저 떠올리는 기능성 라이프케어... ",https://magazine.hankyung.com/job-joy/article/202609156857d,https://magazine.hankyung.com/job-joy/article/202609156857d,"Tue, 15 Sep 2026 20:58:00 +0900",2026-09-16 10:11:07
뷰티/화장품,K뷰티 수출,"CJ그룹, 추석 앞두고 중소 협력사 결제대금 6600억 조기 지급",CJ올리브영은 2024년부터 매해 'K-슈퍼루키 위드 영'을 통해 중소 인디 브랜드의 글로벌 경쟁력 강화를 지원하는 등 지속가능한 K-뷰티 생태계 구축에 앞장서고 있다. 올해 K-슈퍼루키 위드 영은 중소벤처기업부 K-수출전... ,https://www.newsworks.co.kr/news/articleView.html?idxno=853873,https://www.newsworks.co.kr/news/articleView.html?idxno=853873,"Tue, 15 Sep 2026 20:02:00 +0900",2026-09-16 10:11:07
뷰티/화장품,K뷰티 수출,"현대백화점그룹, 추석 소비 공략에 K-푸드 해외 거점 구축까지","박홍진 현대그린푸드 사장은 &quot;K-푸드를 현지에서 생산해 인근 국가로 공급하기에 적합한 입지를 갖추고 있다&quot;며 &quot;중장기적으로 중앙아시아 K푸드 수출 전진 기지로 육성해 나갈 계획&quot;이라고 말했다. ◆현대면세점, 추석... ",https://www.newscj.com/news/articleView.html?idxno=3432988,https://www.newscj.com/news/articleView.html?idxno=3432988,"Tue, 15 Sep 2026 19:56:00 +0900",2026-09-16 10:11:07
뷰티/화장품,K뷰티 수출,주가로 읽는 K-뷰티 중견주: 외국인 이탈 속 냉정해진 평가,"K-뷰티 산업에 대한 글로벌 관심은 여전히 높지만, 투자자금이 상대적으로 실적 모멘텀이 강한 대형 화장품주에 집중되면서 중견 종목들의 주가는 조정 압력을 받은 것으로 풀이된다. 다만 화장품 수출 성장세와... ",https://www.thebk.co.kr/news/articleView.html?idxno=311695,https://www.thebk.co.kr/news/articleView.html?idxno=311695,"Tue, 15 Sep 2026 19:48:00 +0900",2026-09-16 10:11:07
뷰티/화장품,K뷰티 수출,"디지털센트, Try Everything 2026서 AI 향수 키오스크 선보여… &quot;취향을 ...","수출을 준비하고 있는 단계라고 회사는 밝혔다. 디지털센트 관계자는 &quot;중동은 향에 진심이고 현대 문화에서도 향을 많이 쓰는 지역이어서 곧 아부다비를 찾을 예정&quot;이라며 &quot;중동과 유럽, 미국, 그리고 K-뷰티가... ",https://kr.aving.net/news/articleView.html?idxno=1814461,https://kr.aving.net/news/articleView.html?idxno=1814461,"Tue, 15 Sep 2026 19:36:00 +0900",2026-09-16 10:11:07
뷰티/화장품,K뷰티 수출,"&quot;K-스킨케어 경쟁력, 이제 성분 넘어 '기술'에 달렸다&quot;","기초화장품(스킨케어)이 K-뷰티의 글로벌 수출실적을 견인하고 있다. 식약처에 따르면 상반기 국내 화장품수출액 70억달러 중 기초화장품이 54억8000만달러로 압도적인 비중을 차지했다. 최근 PDRN, 레티놀 등 고효능성분의... ",https://www.k-health.com/news/articleView.html?idxno=101183,https://www.k-health.com/news/articleView.html?idxno=101183,"Tue, 15 Sep 2026 18:28:00 +0900",2026-09-16 10:11:07
뷰티/화장품,K뷰티 수출,"[오늘과 내일]K-요뚜기 몽골 수출, K-의료기술의 새 지평을 열다","미국과 중국 특허를 바탕으로 베트남을 비롯한 동남아시아와 중국, 미국 수출 협의가 진행 중입니다. 이 역시 K-뷰티와 K-바이오에 이어 K-의료기술이 새로운 수출산업으로 부상할 수 있음을 보여주는 대목입니다. K... ",https://sjbnews.com/news/news.php?number=887804,https://sjbnews.com/news/news.php?number=887804,"Tue, 15 Sep 2026 18:21:00 +0900",2026-09-16 10:11:07
운송/물류,운송 주가,"[서울데이터랩]미국 증시, 기술주 약세에 일제 하락 마감…반도체 지수...","나스닥100지수는 0.65% 하락한 2만8937.84, 다우운송지수는 0.39% 내린 2만649.80으로 장을 마쳤다. 다만... 뉴욕증시 시가총액 상위 종목에서는 금융과 에너지주가 상대적으로 선방했다. 제이피모간체이스는 0.67... ",https://www.seoul.co.kr/news/economy/securities/2026/09/16/20260916500007?wlog_tag3=naver,https://n.news.naver.com/mnews/article/081/0003680660?sid=101,"Wed, 16 Sep 2026 06:43:00 +0900",2026-09-16 10:11:08
운송/물류,운송 주가,美 국채금리·유가 동반 상승에...뉴욕증시 다우·S&amp;P·나스닥 일제히 하...,기술주가 금리 움직임에 민감하게 반응할 수 있다. 실제 이날 나스닥지수의 하락 폭은 다우지수와 S&amp;P500지수보다 컸다. 국제유가 상승도 시장의 불안 요인으로 작용했다. 유가가 오르면 기업의 생산 및 운송 비용이... ,https://www.pinpointnews.co.kr/news/articleView.html?idxno=487342,https://www.pinpointnews.co.kr/news/articleView.html?idxno=487342,"Wed, 16 Sep 2026 06:42:00 +0900",2026-09-16 10:11:08
운송/물류,운송 주가,친이란에 송유관 끊겼는데… 남은 판로는 이란이 쥔 호르무즈뿐,재고 바닥 직전… 해협 외 대안 없어 중국 향하는 운송료만 14억원 육박 이란 위협까지… 수출량 예측 불가... 사우디가 동서 송유관을 복구하는 데에는 수 주가 걸릴 것으로 관측됐다. 로이터통신은 한 소식통을 인용해... ,https://www.seoul.co.kr/news/international/middleeast-africa/2026/09/16/20260916012010?wlog_tag3=naver,https://n.news.naver.com/mnews/article/081/0003680595?sid=104,"Wed, 16 Sep 2026 05:04:00 +0900",2026-09-16 10:11:08
운송/물류,운송 주가,&quot;지금이 줍줍 기회?&quot; 이 말도 안 나온다...힘 빠진 코스피,업종별로 보면 코스피 운송장비·보험은 3%대 약세를 보였고 의료정밀은 1%대 강세를 띠었다. 이경민... 한지영 키움증권 연구원은 &quot;중요한 것은 5%대 돌파 자체보단 현 수준에서 추가 상승이 나타나며 주가 멀티플... ,https://www.mt.co.kr/stock/2026/09/16/2026091519371258987,https://n.news.naver.com/mnews/article/008/0005414283?sid=101,"Wed, 16 Sep 2026 03:00:00 +0900",2026-09-16 10:11:08
운송/물류,운송 주가,"美 국채금리, 국제유가와 동조화…인플레 우려 속 시장 압박",또한 유가 상승으로 에너지와 운송에 의존하는 기업들의 수익성이 압박을 받는다. 특히 향후 발생할 것으로 예상되는 이익에 크게 의존하는 성장주와 기술주가 특히 취약할 수 있다. 에드 야데니 야데니리서치 대표는... ,https://www.bloter.net/news/articleView.html?idxno=673716,https://n.news.naver.com/mnews/article/293/0000090510?sid=101,"Wed, 16 Sep 2026 00:57:00 +0900",2026-09-16 10:11:08
운송/물류,운송 주가,"[속보]뉴욕증시, 중동 전선 확대·유가 100달러 돌파 부담…다우·S&amp;P500·...","걸프 국가들과 이란 사이에서 추진되던 주요 해상 운송로 관련 협의가 연기된 것으로 알려지면서 단기간에... 국제 정세와 주가지수, 국제유가는 실시간으로 변동할 수 있으므로 투자자는 최신 자료를 별도로 확인해야... ",https://www.cbci.co.kr/news/articleView.html?idxno=607088,https://www.cbci.co.kr/news/articleView.html?idxno=607088,"Tue, 15 Sep 2026 22:54:00 +0900",2026-09-16 10:11:08
운송/물류,운송 주가,['클릭' 증시] AI 속도조절론 갑론을박...코스피 눌림새,"관련주가 강세를 보이며 3일 만에 상승세로 돌아섰다. 개인이 1399억원어치를 순매도했으나 외국인과 기관이 각각 241억원, 1108억원어치를 동반 순매수했다. 주도 업종으로는 운송장비·부품(+4.0%), 금융(+1.8%), 전기... ",http://www.00news.co.kr/news/articleView.html?idxno=106608,http://www.00news.co.kr/news/articleView.html?idxno=106608,"Tue, 15 Sep 2026 18:58:00 +0900",2026-09-16 10:11:08
운송/물류,운송 주가,코스피 6620선 붕괴···외국인·기관 반도체 매도,"피지컬 AI와 이차전지 관련주가 강세를 보이며 지수를 끌어올렸다. 업종별로는 운송장비·부품(+4.0%), 금융(+1.8%), 전기·전자(+1.0%)가 올랐다. 외국인과 기관이 각각 241억 원, 1108억 원 순매수한 반면 개인은 1,399억 원... ",https://www.thereport.co.kr/news/articleView.html?idxno=91418,https://www.thereport.co.kr/news/articleView.html?idxno=91418,"Tue, 15 Sep 2026 16:58:00 +0900",2026-09-16 10:11:08
운송/물류,물류 산업,"화성특례시, 어천역 KTX 시대 개막 눈앞...전국 반나절 생활권 실현","또한, 화성시는 인근에 첨단 산업단지와 중소기업들이 밀집해 있는 지역으로 고속철도망을 통해 전국 단위의 비즈니스 출장 및 물류·인력 이동이 편리해지면서, 기업들의 투자 유치 환경이 개선되고 지역 산업 전반의... ",https://www.cnbnews.com/news/articleView.html?idxno=1015969,https://www.cnbnews.com/news/articleView.html?idxno=1015969,"Wed, 16 Sep 2026 10:10:00 +0900",2026-09-16 10:11:09
운송/물류,물류 산업,"쿠팡풀필먼트서비스, 재능대에 'CFS 실습실' 신설…물류 인재 양성 본격...",이남식 재능대학교 총장은 &quot;스마트물류 현장에 필요한 인재를 키우려면 기업 수요에 맞춘 실무 교육이 필수적&quot;이라며 &quot;이번 CFS 실습실 개관을 발판 삼아 학생들이 미래 물류 산업을 이끌 핵심 인재로 성장하도록... ,https://www.klnews.co.kr/news/articleView.html?idxno=322752,https://www.klnews.co.kr/news/articleView.html?idxno=322752,"Wed, 16 Sep 2026 10:08:00 +0900",2026-09-16 10:11:09
운송/물류,물류 산업,"동해시의회 행감, 소상공인 지원 효과·항만사업 협업 등 집중 점검","동해시의회 행정사무감사특별위원회는 지난 15일 경제과와 산업정책과, 북방물류산업진흥원, 체육교육과, 환경과 소관 업무를 대상으로 행정사무감사를 진행했다. 김창래 의원은 소상공인 지원사업이 단순한 예산 집행에... ",https://www.shinailbo.co.kr/news/articleView.html?idxno=5062757,https://www.shinailbo.co.kr/news/articleView.html?idxno=5062757,"Wed, 16 Sep 2026 10:04:00 +0900",2026-09-16 10:11:09
운송/물류,물류 산업,"[기고] AI·플랫폼 산업전환 시대, 위험을 감당하는 약자: 정의로운 전환...","플랫폼 산업이 먼저 보여준 것 우리는 이미 플랫폼 산업에서 이러한 변화를 경험하고 있다. 배달과 택시, 물류 플랫폼은 소비자의 편의를 높였고 새로운 시장과 일거리도 만들었다. 그러나 다른 변화도 나타났다. 플랫폼의... ",http://worknworld.kctu.org/news/articleView.html?idxno=510010,http://worknworld.kctu.org/news/articleView.html?idxno=510010,"Wed, 16 Sep 2026 10:04:00 +0900",2026-09-16 10:11:09
운송/물류,물류 산업,"“통합의 시간, 이제 국회가 답할 차례”…대구경북 시민사회 결집","신공항 건설과 철도·도로 등 광역교통망 확충, 배후 산업단지 조성, 항공·물류산업 육성, 기업 투자 유치 등을 연계할 수 있도록 특별법에 국가 지원 근거를 담아야 한다고 주장했다. 또 다른 지역의 행정통합 과정에서... ",https://view.asiae.co.kr/article/2026091609054190660,https://n.news.naver.com/mnews/article/277/0005817001?sid=102,"Wed, 16 Sep 2026 10:00:00 +0900",2026-09-16 10:11:09
운송/물류,해운 시장,"목포시, 해진해운과 섬 항로 안정화…20일부터 2년간 정기 운항",목포시와 해진해운이 지난 14일 목포시청에서 '목포~달리도~장좌도~율도~외달도' 여객선 정기운항을 위한... 강성휘 목포시장은 &quot;도서민에게 여객선은 없어서는 안 될 중요한 교통수단&quot;이라며 &quot;안전하고 안정적인 운항이... ,https://www.m-i.kr/news/articleView.html?idxno=1414589,https://www.m-i.kr/news/articleView.html?idxno=1414589,"Wed, 16 Sep 2026 09:58:00 +0900",2026-09-16 10:11:09
운송/물류,해운 시장,"70% 공동매각 vs 35% 단독매각··· 산은, HMM 재매각 딜레마",당시와는 시장 환경이 크게 달라졌다. 당시 두 기관은 채권단 관리하에 있던 HMM의 경영권 일괄 매각을 추진했다. 하림그룹을 우선협상대상자로 지정해 협상을 진행했으나 최종 계약은 무산됐다. 16일 해운업계에 따르면... ,https://www.greenpostkorea.co.kr/news/articleView.html?idxno=307465,https://www.greenpostkorea.co.kr/news/articleView.html?idxno=307465,"Wed, 16 Sep 2026 09:46:00 +0900",2026-09-16 10:11:09
운송/물류,해운 시장,2600억원 들인 BGF 부산물류센터 문연다… 부산항 타고 해외로,전재수 부산시장은 &quot;부산물류센터가 해운·항만·물류 등 부산 해양산업 전반의 경쟁력을 끌어올리는 동력이 되길 기대한다&quot;고 말했다. 전 시장은 &quot;2600억원이라는 대규모 투자를 실행해 준 BGF리테일에 감사드리며... ,https://view.asiae.co.kr/article/2026091609385069306,https://n.news.naver.com/mnews/article/277/0005816980?sid=102,"Wed, 16 Sep 2026 09:38:00 +0900",2026-09-16 10:11:09
운송/물류,해운 시장,'국내 최대 편의점 물류시설' BGF리테일 부산물류센터 준공,"전재수 부산시장은 &quot;BGF리테일의 수출입 핵심 거점인 부산물류센터가 해운·항만·물류 등 부산 해양산업 전반의 경쟁력을 끌어올리는 동력으로 작용해, 해양수도 완성을 앞당길 것으로 기대한다&quot;고 말했다.",https://www.nocutnews.co.kr/news/6578802?utm_source=naver&utm_medium=article&utm_campaign=20260916093117,https://n.news.naver.com/mnews/article/079/0004189817?sid=102,"Wed, 16 Sep 2026 09:32:00 +0900",2026-09-16 10:11:09
운송/물류,해운 시장,박영사 『CEO의 AI』 출간,"기업의 시장 진입 방식을 분석한다. Part E는 조직과 운영모델, HR 제도, AI 인재 확보 전략을 다루고... 이창훈 파트너 역시 자동차 부품, 조선, 바이오, 통신, 해운, 유통 등 다양한 산업의 AX 컨설팅과 디지털 전환... ",https://www.handmk.com/news/articleView.html?idxno=42678,https://www.handmk.com/news/articleView.html?idxno=42678,"Wed, 16 Sep 2026 09:16:00 +0900",2026-09-16 10:11:09
운송/물류,해운 시장,"‘허브·스포크 전략 도입’ HMM, 2년만에 방콕막스 컨선 도입",관련 업계에 따르면 HMM은 홍콩 바오저우(寶舟) 해운에서 신조 중인 1956TEU급 컨테이너선 2척을 전매... 영업보고서에 따르면 매출액 기준으로 코로나 사태 이전 30%를 웃돌던 HMM의 아시아 시장 비중은 2025년... ,https://www.ksg.co.kr/news/main_newsView.jsp?pNum=148034,https://www.ksg.co.kr/news/main_newsView.jsp?pNum=148034,"Wed, 16 Sep 2026 09:00:00 +0900",2026-09-16 10:11:09
운송/물류,해운 시장,글로벌 항만CEO들이 본 북극항로…“경제성 확보가 관건”,"'제14회 부산항만컨퍼런스' 개막 이후 진행된 기자회견에서 글로벌 항만·해운 대표들이 질문에 답하고 있다./사진=BPA 특히 컨테이너 해운시장에서 가격 경쟁력이 핵심인 만큼 계절적 운항 제한과 높은 운항비용, 기항지... ",https://www.mediapen.com/news/view/1123823,https://www.mediapen.com/news/view/1123823,"Wed, 16 Sep 2026 08:40:00 +0900",2026-09-16 10:11:09
운송/물류,해운 시장,BGF리테일 부산물류센터 준공…2천600억원 투자 항만 연계 거점,설비를 도입해 고강도 작업을 줄이고 옥상에는 태양광 발전 설비도 갖췄다. 전재수 시장은 &quot;BGF리테일 부산물류센터가 해운·항만·물류 등 부산 해양산업 전반의 경쟁력을 끌어올리는 동력이 될 것&quot;이라고 말했다.,https://www.yna.co.kr/view/AKR20260916018000051?input=1195m,https://n.news.naver.com/mnews/article/001/0016313407?sid=101,"Wed, 16 Sep 2026 08:09:00 +0900",2026-09-16 10:11:09
운송/물류,해운 시장,미 해상 차단 맞선 이란의 호르무즈 통행료 추진… 걸프 반발로 회담 연...,시장 질서의 향방은 미국이 설정한 9월 30일 이라크 민병대 무장 해제 시한에 좌우된다. 이라크는 국가... 미국이 달러 공급을 차단할 경우 연계 무장세력의 보복 공격이 번지며 국제 에너지 시장의 불안정성을 더욱 키울... ,https://www.g-enews.com/view.php?ud=20260916064536773820990b2dc5_1,https://www.g-enews.com/view.php?ud=20260916064536773820990b2dc5_1,"Wed, 16 Sep 2026 08:02:00 +0900",2026-09-16 10:11:09
운송/물류,해운 시장,HMM 희망봉 우회하는데 경쟁사는 수에즈 복귀 움직임,항로 단축으로 운항 효율은 높아지는 반면 희망봉 우회에 묶여 있던 선박이 시장에 풀릴 경우 컨테이너 운임에는 하방 압력으로 작용할 수 있어 HMM도 영향을 피하기 어려울 전망이다. 16일 해운업계에 따르면 세계 2위... ,https://www.fnnews.com/news/202609151450240470,https://n.news.naver.com/mnews/article/014/0005576407?sid=101,"Wed, 16 Sep 2026 06:29:00 +0900",2026-09-16 10:11:09
운송/물류,해운 시장,10년된 중고도 새 배 가격 근접…유조선 대란,조선업계와 해운업계에선 나쁠 것은 없는 상황이다. 공급이 수요를 따라잡지 못해 공급자 우위 시장인 상태가 계속된다는 의미여서다. 다만 에너지확보를 해야 하는 기업들에게는 비상인 상황이다. 산업부는 전날... ,https://www.dt.co.kr/article/12084152?ref=naver,https://n.news.naver.com/mnews/article/029/0003048233?sid=101,"Wed, 16 Sep 2026 06:00:00 +0900",2026-09-16 10:11:09
운송/물류,해운 시장,[금/유가] 사우디 송유관·리비아 공급 차질에 WTI 4% 급등…금값 하락,해운업계 소식통들은 사우디 홍해 원유 수출 거점인 얀부항에서 원유 선적이 중단됐다고 전했다. 앞서... 블룸버그 인텔리전스는 이번 사태가 이미 좁아진 글로벌 원유시장의 공급 유연성을 시험하고 있다고 평가했다.... ,https://www.newspim.com/news/view/20260916000031,https://www.newspim.com/news/view/20260916000031,"Wed, 16 Sep 2026 05:39:00 +0900",2026-09-16 10:11:09
농업,농업 주가,투기 잡으려다 농민 잡는다… 농지 전수조사 역효과 우려,"의문 “농업 현장 세부 기준 마련해야” 국립농산물품짐관리원 농지 조사 모습./국립농산물품질관리원... 직지주가 직불금·양도세 감면을 노리고 서류상으로만 자기가 농사짓는 것처럼 꾸며 두고, 실제로는 임차인이... ",https://www.knnews.co.kr/news/articleView.php?idxno=1550942,https://www.knnews.co.kr/news/articleView.php?idxno=1550942,"Tue, 15 Sep 2026 21:00:00 +0900",2026-09-16 10:11:10
농업,농업 주가,[중국증시 마감] 혼조 속 '첨단 제조업'으로 순환매…풍력·반도체 강세,"구조조정, 농업·임업 등은 약세를 나타냈다. 이날 장세는 시장 전체에서 위험자산 선호가 일제히... 041% 상승한 것이다. [그래픽 = 텐센트 증권 자료 캡처] 9월 15일 상하이종합지수 주가 추이.",https://www.newspim.com/news/view/20260915001129,https://www.newspim.com/news/view/20260915001129,"Tue, 15 Sep 2026 16:14:00 +0900",2026-09-16 10:11:10
농업,농업 주가,"부여군-우즈베키스탄 나망간주, 농업기술 교류 확대 논의","부여군과 우즈베키스탄 나망간주가 벼농사와 시설원예, 농업자원 순환 등을 중심으로 농업 분야 교류 확대 방안을 논의했다. 부여군은 지난 13일 나망간주 부지사 Nu.보브에브 단장을 비롯한 대표단이 부여를 방문해 이용우... ",https://www.aflnews.co.kr/news/articleView.html?idxno=328244,https://www.aflnews.co.kr/news/articleView.html?idxno=328244,"Tue, 15 Sep 2026 15:12:00 +0900",2026-09-16 10:11:10
농업,농업 주가,"美 반도체주 급락에도...일본증시, 반발매수 속 '장중 반등'","지난밤 미국 반도체주들의 주가 급락 속에 하락 출발한 일본증시는 장중 반발 매수세 유입으로 상승... 농업은행(-0.86%), 폭스콘(-0.60%), 평안보험(-1.10%), 우시앱텍(-0.76%) 등이 하락 거래 중이다. 홍콩 항셍지수는... ",http://www.choicenews.co.kr/news/articleView.html?idxno=171331,http://www.choicenews.co.kr/news/articleView.html?idxno=171331,"Tue, 15 Sep 2026 14:08:00 +0900",2026-09-16 10:11:10
농업,농업 주가,&quot;누가 이사오겠냐&quot; 충북 중부4군 공동장사시설 추진에 주민 반발,또 &quot;평곡리에 장사시설이 들어서면 인근에서 추진 중인 4873억원 규모의 그린에너지 스마트농업타운... 대책위는 &quot;가구주가 가족 구성원의 동의를 구하지 않고 찬성 동의서를 낸 것도 적법한 것으로 볼 수 있는 것이냐&quot;며... ,https://www.newsis.com/view/NISX20260915_0003790017,https://n.news.naver.com/mnews/article/003/0014190823?sid=102,"Tue, 15 Sep 2026 11:24:00 +0900",2026-09-16 10:11:10
농업,농업 주가,먹고사는 문제만 아니다…美중간선거 뒤흔들 '4대 변수',"경제성장률이나 주가, 국채금리보다 유권자가 주유소와 마트, 매달 날아오는 청구서에서 느끼는 체감경제가... 2024년 트럼프의 승리를 이끌었던 젊은 남성과 히스패닉 남성, 중서부 농업지역 등에서 지지층 이탈... ",https://www.fnnews.com/news/202609150932026129,https://n.news.naver.com/mnews/article/014/0005575838?sid=104,"Tue, 15 Sep 2026 09:44:00 +0900",2026-09-16 10:11:10
농업,농업 주가,"[경남 브리핑 모음(9월15일)] 허성두 진주상의 회장, 1인시위 동참…지...","이와 함께 농촌진흥청, 경남도농업기술원, 생산농가, 난축맛돈연구회 등과 협력도 강화한다. 사양·번식부터... 엘무로드 이스모일로프 안디잔주 부주지사는 “거창승강기 베스트 밸리 기업을 둘러보니 안디잔주가... ",https://www.dnews.co.kr/uhtml/view.jsp?idxno=202609141844114060004,https://www.dnews.co.kr/uhtml/view.jsp?idxno=202609141844114060004,"Tue, 15 Sep 2026 09:02:00 +0900",2026-09-16 10:11:10
농업,농업 주가,미 금리 상승과 AI 속도조절론에 반도체 급락,"샌디스크 4.9%, 브로드컴 4.7%, AMD 4.4%, 인텔 5.5% 등 반도체 주가 급락하고 대장주 엔비디아는 3.3% 하락했다.... 육상과 해상 수송, 농업에 주로 사용하는 경유는 미국에서 갤런당 6달러가 넘었다. 1350원 환율 기준으로... ",https://www.koreareport.co.kr/news/articleView.html?idxno=52922,https://www.koreareport.co.kr/news/articleView.html?idxno=52922,"Tue, 15 Sep 2026 07:00:00 +0900",2026-09-16 10:11:10
농업,농업 주가,CA주 개솔린 6달러 돌파…디젤 8.15달러 사상 최고,"전국 평균인 4.32달러보다 1.68달러 높으며, 워싱턴주가 5.56달러로 뒤를 이었다. LA에서는 가격이 더 높았다.... 디젤은 화물트럭과 열차, 농업 장비, 건설 기계 등에 폭넓게 사용되는 만큼 가격 상승이 운송비를 끌어올려... ",https://www.radiokorea.com/news/article.php?uid=504047,https://www.radiokorea.com/news/article.php?uid=504047,"Tue, 15 Sep 2026 01:00:00 +0900",2026-09-16 10:11:10
농업,농업 주가,"[올댓차이나] 中 증시, 중동 정세 불안에 속락 마감…창업판 1.10%↓","반도체주와 비철금속주, 석유주, 석탄주, 보험주, 농업 관련주, 방산주, 해양장비주, 통신장비주가 약세를 면치 못했다. 은행주, 양조주, 약품주, 자동차주, 전자부품주, 의료 서비스주, 전자화학품주는... ",https://www.newsis.com/view/NISX20260914_0003789089,https://n.news.naver.com/mnews/article/003/0014189455?sid=104,"Mon, 14 Sep 2026 17:28:00 +0900",2026-09-16 10:11:10
농업,농업 주가,"[인터뷰] 송미령 장관 &quot;농지조사, 위반 확인 시 곧바로 처분 아냐&quot;…추...",투기-선량한 농업인 구분할 것&quot; --- ▷ 주영진 / 앵커 : 송미령 농림축산식품부 장관 나오셨습니다. 어서... ▶ 송미령 / 농림축산식품부 장관 : 지금은 추석이기 때문에 다음 주가 명절 아닙니까. ▷ 주영진 / 앵커 : 그렇죠.... ,https://news.sbs.co.kr/news/endPage.do?news_id=N1008752492&plink=ORI&cooper=NAVER,https://n.news.naver.com/mnews/article/055/0001388182?sid=100,"Mon, 14 Sep 2026 16:43:00 +0900",2026-09-16 10:11:10
농업,농업 주가,"[중국증시 마감] 지수 하락에도, 배양다이아·혁신신약·MLCC株 강세","반면, 군수장비와 농업 테마주는 약세​를 보였다. 최근 중국 국유기업 개혁 및 군수산업 재편 기대를... 066% 상승한 것이다. [그래픽 = 텐센트 증권 자료 캡처] 9월 11일 상하이종합지수 주가 추이.",https://www.newspim.com/news/view/20260914000961,https://www.newspim.com/news/view/20260914000961,"Mon, 14 Sep 2026 16:13:00 +0900",2026-09-16 10:11:10
농업,농업 주가,[미국 ETF 히든 챔피언] ㊻ 농업 생태계 상승 사이클에 MOO 탄력,"곡물과 농산물 가격이 가파르게 상승하면서 MOO에 편입된 종목들의 실적과 주가에 상승 기폭제로... 미국 중서부 농업 지역의 가뭄과 폭우, 여기에 흑해 연안의 수출 차질, 더 나아가 유가 급등으로 인한 수송비... ",https://www.newspim.com/news/view/20260914000948,https://www.newspim.com/news/view/20260914000948,"Mon, 14 Sep 2026 15:54:00 +0900",2026-09-16 10:11:10
농업,농업 주가,&quot;드론이 전쟁의 게임체인저&quot;… 무인기 관련주 다시 뜬다,"같은 드론 테마에 속하더라도 단기 주가 상승폭과 개별 재료, 수급 여건에 따라 상승과 하락이 엇갈리는 모습이다. 드론 산업의 성장성은 군사 분야에 국한되지 않는다. 재난·재해 감시와 시설물 점검, 물류, 농업, 산업... ",https://www.pinpointnews.co.kr/news/articleView.html?idxno=486871,https://www.pinpointnews.co.kr/news/articleView.html?idxno=486871,"Mon, 14 Sep 2026 15:18:00 +0900",2026-09-16 10:11:10
농업,농업 주가,"니켈에서 신수도까지, 인도네시아 자바 지역 밖에서 커지는 투자 기회","해당 주가 상당한 기존 투자 기반을 보유하고 있음을 보여준다. 해당 플랫폼은 광업 및 다운스트림, 수산업, 해양관광, 농업을 주요 산업으로 제시하고 있으며, 주 정부 또한 광업을 넘어선 산업 다각화를... ",http://dream.kotra.or.kr/kotranews/cms/news/actionKotraBoardDetail.do?SITE_NO=3&MENU_ID=100&CONTENTS_NO=1&bbsGbn=322&bbsSn=322&pNttSn=243912,http://dream.kotra.or.kr/kotranews/cms/news/actionKotraBoardDetail.do?SITE_NO=3&MENU_ID=100&CONTENTS_NO=1&bbsGbn=322&bbsSn=322&pNttSn=243912,"Mon, 14 Sep 2026 13:41:00 +0900",2026-09-16 10:11:10
농업,농업 주가,[더밸류 브리핑] 오늘의 증권 소식…NH투자증권·KB증권·대신증권,KB증권이 비대면 및 은행연계 위탁계좌 고객을 대상으로 펀드와 주가연계증권 투자에 즉시 활용할 수 있는... 배광수 NH투자증권 사장은 “농협그룹의 일원으로서 농업과 농촌의 지속가능한 발전을 지원해야 하는... ,http://www.thevaluenews.co.kr/news/view.php?idx=201545,http://www.thevaluenews.co.kr/news/view.php?idx=201545,"Mon, 14 Sep 2026 13:20:00 +0900",2026-09-16 10:11:10
농업,농업 주가,美 밀 43%·콩 24% 뛰었다…기름값에 곡물까지 생활비 조인다,마켓워치는 특히 공급 차질로 원료가 부족해 가격이 오르면 기업의 이익률이 낮아지고 주가에도 압력이... 금리를 올린다고 흑해의 전쟁이나 미국 농업지대의 가뭄을 해결할 수는 없기 때문이다. 반면 수요가 과도하게... ,https://www.newsis.com/view/NISX20260914_0003788226,https://n.news.naver.com/mnews/article/003/0014188085?sid=104,"Mon, 14 Sep 2026 11:11:00 +0900",2026-09-16 10:11:10
농업,농업 주가,"[경제소식] 우리금융, '다함께 페스타' 사전 알림 시작…8개사 16개 특판...",'우리금융 다함께 페스타'는 지난해 처음 열린 그룹 통합 금융 행사로 첫 행사에서는 3주간 26만3000명이... 배광수 NH투자증권 사장은 &quot;NH투자증권은 농협그룹의 일원으로서 농업과 농촌의 지속가능한 발전에 기여해야... ,http://www.4th.kr/news/articleView.html?idxno=2117959,http://www.4th.kr/news/articleView.html?idxno=2117959,"Mon, 14 Sep 2026 10:56:00 +0900",2026-09-16 10:11:10
농업,농업 주가,독일 바이에른주에서 바라본 우리 친환경농업의 미래,"총 사업액은 연 1억2000만유로(한화 약 1870억원)로, 유럽연합·독일정부·바이에른주가 나눠 부담한다. 빈처 사무관은 &quot;이러한 보조금은 추가적인 소득이라기보다는 유기농업으로의 전환에서 발생한 손실과 추가적인... ",http://www.ikpnews.net/news/articleView.html?idxno=71428,http://www.ikpnews.net/news/articleView.html?idxno=71428,"Sun, 13 Sep 2026 22:32:00 +0900",2026-09-16 10:11:10
농업,농산물 시장,"다름달음, 망고·자몽 등 '향미강화' 과채류 제품 확대","아울러, 공급처도 도매시장과 대형 유통기업, 온라인 등으로 확대하고 있다. 다름달음은 원재료 내부에 특정... 통해 농산물의 가치를 높이고, 제품 판매와 B2B 공동개발을 동시에 확대해 성장의 질을 높이겠다&quot;고 말했다.... ",https://idsn.co.kr/news/view/1065573475463829,https://idsn.co.kr/news/view/1065573475463829,"Wed, 16 Sep 2026 10:06:00 +0900",2026-09-16 10:11:11
농업,농산물 시장,"진주 농특산물, 서울광장서 추석 소비자 만난다",진주시는 대한민국 신선 농산물 수출 1위 도시라는 농업 경쟁력을 바탕으로 국내외 시장에서 지역 농산물의 인지도를 높이는 데 주력하고 있다. 앞으로도 수도권 등 대도시에서 열리는 직거래 장터에 지속적으로 참여해... ,https://daily.hankooki.com/news/articleView.html?idxno=1406581,https://daily.hankooki.com/news/articleView.html?idxno=1406581,"Wed, 16 Sep 2026 10:06:00 +0900",2026-09-16 10:11:11
농업,농산물 시장,파주 운정신도시 '파주로컬푸드복합센터' 17일부터 임시 개장 운영,"파주로컬푸드복합센터는 지역 농산물 직매장을 중심으로 체험·교육·휴식 기능까지 갖춘 것이 특징이다.... 손배찬 파주시장은 &quot;파주로컬푸드복합센터는 농업인에게는 안정적인 판로를, 시민에게는 신선하고 믿을 수... ",https://www.news1.kr/local/gyeonggi/6292110,https://n.news.naver.com/mnews/article/421/0009173058?sid=102,"Wed, 16 Sep 2026 10:05:00 +0900",2026-09-16 10:11:11
농업,농산물 시장,"서울시의회 임만균 의장, 추석맞이 서울광장 서로장터 방문",서울시장(왼쪽서 네 번째) 등 참석자들과 기념촬영을 하고 있다. 임 의장은 행사장에서 최근 이상기후로 농가가 겪는 어려움과 농산물 가격에 대한 시민들의 부담을 언급하며 도농 간 교류 확대의 필요성을 강조했다. 임... ,https://www.jeonmae.co.kr/news/articleView.html?idxno=1293823,https://www.jeonmae.co.kr/news/articleView.html?idxno=1293823,"Wed, 16 Sep 2026 10:04:00 +0900",2026-09-16 10:11:11
농업,농산물 시장,"봉화군 임대형 스마트팜 A동, 청년농업인 딸기 정식…본격 영농 돌입","이들은 6월 말까지 1기작 수확을 마친 뒤 7월부터 2기작 재배에 착수했으며, 오는 10월부터 생산된 토마토를 대형 유통업체와 농산물도매시장 등에 본격 출하할 예정이다. 봉화군 임대형 스마트팜단지는 총 3.6ha 규모로... ",https://www.kbmaeil.com/article/20260916500082,https://www.kbmaeil.com/article/20260916500082,"Wed, 16 Sep 2026 09:46:00 +0900",2026-09-16 10:11:11
농업,농산물 시장,&quot;장보기부터 체험·교육까지&quot; 파주로컬푸드복합센터 17일 첫선,"파주지역에서 생산된 농산물을 시민들이 보다 가까이에서 만나고, 장보기와 체험·교육까지 한 공간에서 누릴 수 있는 로컬푸드 복합공간이 문을 연다. 경기 파주시(시장 손배찬)는 운정호수공원에 조성한... ",https://www.wikitree.co.kr/articles/1159820,https://www.wikitree.co.kr/articles/1159820,"Wed, 16 Sep 2026 09:42:00 +0900",2026-09-16 10:11:11
농업,농산물 시장,"농협공판장, 온라인도매시장 추석 전용상품 출시","온라인도매시장은 지난 23년 11월 농림축산식품부가 개설한 온라인 기반의 농산물 도매 유통 플랫폼으로, 기존 오프라인 도매시장보다 낮은 수수료와 유통단계 축소, 물류 효율화 등을 통해 산지와 소비자의 유통비용... ",https://www.ajunews.com/view/20260916093006545,https://www.ajunews.com/view/20260916093006545,"Wed, 16 Sep 2026 09:32:00 +0900",2026-09-16 10:11:11
농업,농산물 시장,"안동시, 스마트농업지구 조성…농산물 학교급식 공급체계 마련",학교급식 수요에 맞춰 조정하고 학교 급식재료로 납품할 계획이다. 권기창 시장은 “스마트농업의 생산·유통 기반을 연결해 청년농업인의 판로를 확보하고 학생들에게 신선한 지역 농산물을 공급하겠다”고 말했다.,https://www.news1.kr/local/daegu-gyeongbuk/6291901,https://n.news.naver.com/mnews/article/421/0009172884?sid=102,"Wed, 16 Sep 2026 09:24:00 +0900",2026-09-16 10:11:11
농업,농산물 시장,"중랑구 구청장과 직원들, 지역 내 전통시장 7곳과 태릉 골목형상점가를...",구청장과 직원들은 시장 곳곳을 둘러보며 상인들을 격려하고 제수용품과 농산물 등을 직접 구매하며 전통시장에 활기를 더할 예정이다. 구는 장보기에 앞서 구민들이 안심하고 전통시장을 이용할 수 있도록 지난 8월... ,https://www.cnbizm.com/news/articleView.html?idxno=315326,https://www.cnbizm.com/news/articleView.html?idxno=315326,"Wed, 16 Sep 2026 09:22:00 +0900",2026-09-16 10:11:11
농업,농산물 시장,파주로컬푸드복합센터 17일 임시 개장…농업과 시민 일상 잇는다,손배찬 파주시장은 &quot;복합센터가 농업인에게는 안정적인 판매 기반이 되고 시민에게는 신선한 지역 농산물과 다양한 체험을 만나는 공간으로 자리 잡기를 기대한다&quot;며 &quot;임시 개장부터 운영에 차질이 없도록 준비해 지역... ,https://www.ppss.kr/news/articleView.html?idxno=310924,https://www.ppss.kr/news/articleView.html?idxno=310924,"Wed, 16 Sep 2026 09:21:00 +0900",2026-09-16 10:11:11
농업,농산물 시장,"상주시, 서울광장서 추석맞이 농특산물 홍보…수도권 소비자 공략","안재민 상주시장은 15~17일 서울광장에서 열린 '2026 추석맞이 서로장터'에 참석해 상주시 농특산물을 직접... 주요 품목은 상주곶감과 미소진품 쌀을 비롯해 포도·사과·배 등 제철 농산물과 쌀 가공품, 참기름·들기름... ",https://www.hidomin.com/news/articleView.html?idxno=721374,https://www.hidomin.com/news/articleView.html?idxno=721374,"Wed, 16 Sep 2026 09:16:00 +0900",2026-09-16 10:11:11
농업,농산물 시장,추석 앞두고 중랑구 전통시장 7곳서 '명절 장보기' 시작,"구청장과 직원들은 이번 행사 기간 시장 곳곳을 방문해 상인들을 격려하고 제수용품과 농산물 등을 직접 구매하며 전통시장 활성화에 나선다. 구는 장보기에 앞서 지난 8월 31일부터 9월 4일까지 전기, 소방, 가스 분야의... ",https://www.gukjenews.com/news/articleView.html?idxno=3696564,https://www.gukjenews.com/news/articleView.html?idxno=3696564,"Wed, 16 Sep 2026 09:08:00 +0900",2026-09-16 10:11:11
농업,농산물 시장,파주로컬푸드복합센터 17일 임시 개장…11월 정식 오픈,"복합센터는 지역 농산물 직매장을 중심으로 체험, 교육, 휴식 기능까지 갖춘 것이 특징이다. 시설은 파주... 손배찬 파주시장은 &quot;파주로컬푸드복합센터는 농업인에게는 안정적 판로를, 시민에게는 신선하고 믿을 수 있는... ",https://www.yna.co.kr/view/AKR20260916034400060?input=1195m,https://n.news.naver.com/mnews/article/001/0016313512?sid=101,"Wed, 16 Sep 2026 09:08:00 +0900",2026-09-16 10:11:11
농업,농산물 시장,"상주시, 2026 추석맞이 '서로장터'서 농특산물 집중 홍보","지역 농산물의 판로를 지원하고 소비자에게는 안전하고 신선한 특산품을 합리적인 가격에 제공한다. 행사 첫날인 15일에는 안재민 상주시장이 서울광장 상설무대에서 개막식에 참석, 상주곶감을 비롯한 지역 대표... ",https://www.straightnews.co.kr/news/articleView.html?idxno=311302,https://www.straightnews.co.kr/news/articleView.html?idxno=311302,"Wed, 16 Sep 2026 09:06:00 +0900",2026-09-16 10:11:11
농업,농산물 시장,[유통 딜리버리] 신세계百ㆍCUㆍ세븐일레븐ㆍ배달의민족ㆍ무신사ㆍ11번...,또한 10월 16일 세계 식량의 날을 맞이해 지역 농산물 1만개를 전국 그냥드림 사업장에 기부할 예정이다.... 지난 1일부터 10일까지 가을옷 검색량이 전년 동기 대비 53배 증가하면서 간절기 패션 시장 공략에 나선다. 10월... ,https://www.dnews.co.kr/uhtml/view.jsp?idxno=202609110830005630579,https://www.dnews.co.kr/uhtml/view.jsp?idxno=202609110830005630579,"Wed, 16 Sep 2026 09:02:00 +0900",2026-09-16 10:11:11
농업,농산물 시장,"파주시, 파주로컬푸드복합센터 17일 임시 개장…지역 먹거리 거점 선보...","파주시(시장 손배찬)가 지역 농산물 유통과 시민 체험·교육 기능을 한데 모은 새로운 로컬푸드 거점을 선보인다. 시는 운정호수공원에 조성 중인 파주로컬푸드복합센터(이하 '복합센터')를 오는 17일 임시 개장하고, 11월... ",http://www.enewstoday.co.kr/news/articleView.html?idxno=2471028,http://www.enewstoday.co.kr/news/articleView.html?idxno=2471028,"Wed, 16 Sep 2026 08:30:00 +0900",2026-09-16 10:11:11
농업,농산물 시장,"파주로컬푸드복합센터, 이달 17일 임시 개장","파주로컬푸드복합센터는 지역 농산물 직매장을 중심으로 체험, 교육, 휴식 기능까지 갖춘 것이 특징이다.... 손배찬 파주시장은 “파주로컬푸드복합센터는 농업인에게는 안정적인 판로를, 시민에게는 신선하고 믿을 수... ",https://www.munhwa.com/article/11617331?ref=naver,https://n.news.naver.com/mnews/article/021/0002819080?sid=102,"Wed, 16 Sep 2026 08:30:00 +0900",2026-09-16 10:11:11
농업,농산물 시장,[원자재 시황] 원유 공급차질 우려에 금·코인·뉴욕증시 동반 하락,다만 달러화 강세와 연준의 금리 인상 전망은 미국산 농산물의 가격 경쟁력에 부담으로 작용했다. 시장에서 9월 기준금리 0.25%포인트 인상 가능성을 높게 반영하면서 달러 강세와 금융비용 상승에 대한 경계감이... ,https://www.ebn.co.kr/news/articleView.html?idxno=1724412,https://www.ebn.co.kr/news/articleView.html?idxno=1724412,"Wed, 16 Sep 2026 08:30:00 +0900",2026-09-16 10:11:11
농업,농산물 시장,"[특별기고] AI 시대, 농업의 가치를 다시 묻다","A시장은 가격과 비용경쟁력을 중심으로 하는 일반 농산물시장이고, B시장은 품질·브랜드·계약·추적성을 통해 더 높은 부가가치를 만드는 시장이다. C영역은 환경·경관·수자원·생물다양성·지역공동체처럼 농업이... ",https://www.jejusori.net/news/articleView.html?idxno=506570,https://www.jejusori.net/news/articleView.html?idxno=506570,"Wed, 16 Sep 2026 08:02:00 +0900",2026-09-16 10:11:11
