industry,keyword,title,description,originallink,link,pubDate,collected_at
반도체,반도체 주가,반도체가 못 끌면 누가 끌까…&quot;비반도체가 코스피 좌우&quot;,그동안 삼성전자와 SK하이닉스 등 반도체 대형주가 지수 상승을 이끌었다면 앞으로는 비반도체 업종으로 상승 흐름이 얼마나 확산되느냐가 코스피 방향을 결정할 핵심 변수라는 분석이다. 10일 이재만 하나증권... ,https://www.newsworks.co.kr/news/articleView.html?idxno=849808,https://www.newsworks.co.kr/news/articleView.html?idxno=849808,"Mon, 10 Aug 2026 08:32:00 +0900",2026-08-10 08:34:37
반도체,반도체 주가,"[마켓 프리뷰] 美 반도체 훈풍에 코스피 반등 시동…외국인, 삼성전자·...",최근 외국인 매도에 급락했던 삼성전자와 SK하이닉스 등 반도체주가 반등하면서 지수 상승을 이끌었다. 반면 코스닥은 18.54포인트(2.06%) 오른 918.80에 마감했다. 지난 7일(현지시간) 뉴욕증시에서는... ,https://www.ajunews.com/view/20260810082816302,https://www.ajunews.com/view/20260810082816302,"Mon, 10 Aug 2026 08:32:00 +0900",2026-08-10 08:34:37
반도체,반도체 주가,"[국제금융 브리핑] 트럼프, 이란 저강도 대응...7월 근원 CPI 2.5% 전망에...","주간 국제금융시장은 주가 상승, 달러화 약세, 금리 하락 흐름을 보였다. 미국 S&amp;P500지수는 유가 하락과 반도체 관련주 강세 등에 힘입어 7,757.6으로 3.58% 올랐고, 유럽 스톡스600지수는 기업 실적 호조로 660.25를 기록하며... ",https://www.tokenpost.kr/news/economy/387273,https://www.tokenpost.kr/news/economy/387273,"Mon, 10 Aug 2026 08:32:00 +0900",2026-08-10 08:34:37
반도체,반도체 주가,[기업이슈] ESS 수주 확대·하반기 실적 기대감…배터리 3사 동반 강세,"3사 주가가 일제히 강세 보였습니다. 미래에셋증권은 북미 ESS 시장에서 탈중국 공급망 구축이 빨라지는... ◇ 미, '반도체 원료' 폴리실리콘 파생상품에 15% 관세 미국이 폴리실리콘과 파생상품에 대한 관세를... ",https://biz.sbs.co.kr/article_hub/20000327569?division=NAVER,https://n.news.naver.com/mnews/article/374/0000526452?sid=101,"Mon, 10 Aug 2026 08:31:00 +0900",2026-08-10 08:34:37
반도체,반도체 주가,"“코스피, ‘V자’ 아닌 ‘√자’ 반등 온다…외국인 수급 변수”",7월 수출이 이미 견조한 흐름을 보인 만큼 증가율 자체보다 반도체 수출의 절대 규모와 일평균 수출이 높은 수준을 유지하는지가 중요하다는 설명이다. 수출이 기업 이익 전망을 뒷받침할 경우 주가와 펀더멘털... ,https://www.edaily.co.kr/news/newspath.asp?newsid=02076246645546008,https://n.news.naver.com/mnews/article/018/0006348481?sid=101,"Mon, 10 Aug 2026 08:31:00 +0900",2026-08-10 08:34:37
반도체,반도체 주가,[어제장 오늘장] 유가·금리 악화에 투심 위축…코스피 7주 연속 하락장,수급은 비 반도체 주로 움직이면서 전체적으로 봤을 땐 코스피 상승 종목이 더 많았습니다. 한편 주간 단위로는 코스피 5.1% 내린 반면 코스닥이 11% 가까이 올라 지난 1월 이후 주간 기준 최대폭으로 올랐습니다.... ,https://biz.sbs.co.kr/article_hub/20000327570?division=NAVER,https://n.news.naver.com/mnews/article/374/0000526453?sid=101,"Mon, 10 Aug 2026 08:31:00 +0900",2026-08-10 08:34:37
반도체,반도체 주가,반도체株 안전판인가 족쇄인가…삼성·SK하이닉스 ‘5년 계약’의 두 얼...,반면 메모리 가격이 급등하거나 제품 세대교체가 빨라질 때는 미리 정한 가격과 물량이 이익 증가를 제한해 주가 상승의 발목을 잡을 수 있다는 지적도 제기된다. ◇“실적 하단 높여 반도체주 재평가 가능”... ,https://www.chosun.com/economy/stock-finance/2026/08/10/IC4SMAIBLVD6FJYQX6DKK3AF4U/?utm_source=naver&utm_medium=referral&utm_campaign=naver-news,https://n.news.naver.com/mnews/article/023/0003992153?sid=101,"Mon, 10 Aug 2026 08:30:00 +0900",2026-08-10 08:34:37
반도체,반도체 주가,"증권가, 코스피 반등에 무게..반도체 회복·외국인 복귀 관건",기업 이익 전망이 견조한 데다 미국 금리 부담이 완화되면서 추가 하락보다는 주가 회복 가능성에 무게가 실리고 있다. 다만 반도체 투자심리와 외국인 수급 회복 여부가 반등의 지속성을 좌우할 것으로 보인다.10일... ,https://kpenews.com/View.aspx?No=4179895,https://kpenews.com/View.aspx?No=4179895,"Mon, 10 Aug 2026 08:30:00 +0900",2026-08-10 08:34:37
반도체,반도체 주가,[증시 포인트] 반등 시도 전망...코스피 밸류에이션 정상화 기대,"이경민 대신증권 연구원은 &quot;금리인상 우려 완화와 주요 반도체, 엔비디아 실적 및 반도체 가격 상승을 통해 반도체 업황과 실적 우려가 진정됐다&quot;며 &quot;반도체 및 코스피 주가와 밸류에이션 정상화 국면 전개를... ",http://www.opinionnews.co.kr/news/articleView.html?idxno=142805,http://www.opinionnews.co.kr/news/articleView.html?idxno=142805,"Mon, 10 Aug 2026 08:30:00 +0900",2026-08-10 08:34:37
반도체,반도체 주가,8월 7일 주식시장 주요공시,"4%) 규모 SK하이닉스 向 반도체 검사장비 공급계약 체결 ▶HMM, 풍문 또는 보도(벌크船도 초장기... 기타시장안내(관리종목지정우려종목)(주가 1,000원 미달). 기타시장안내(단기과열종목 지정 해제)... ",https://www.catchnews.kr/news/articleView.html?idxno=127112,https://www.catchnews.kr/news/articleView.html?idxno=127112,"Mon, 10 Aug 2026 08:24:00 +0900",2026-08-10 08:34:37
반도체,반도체 주가,"삼성전자, ‘확신의 매수 구간’...주주환원 10배 이상 늘어난다",최근 코스피 변동성이 심해지고 삼성전자 주가도 크게 조정을 받으면서 일부 증권사들이 목표주가를... 반도체 수요는 많지만 공급이 부족한 환경이 이어지면서 삼성전자의 실적 상승의 핵심요인으로 작용할... ,https://www.segye.com/newsView/20260810504460?OutUrl=naver,https://n.news.naver.com/mnews/article/022/0004149691?sid=101,"Mon, 10 Aug 2026 08:21:00 +0900",2026-08-10 08:34:37
반도체,반도체 주가,"&quot;나무 대신 숲 본다&quot;…증권플러스, 산업 지형도 그린 '밸류체인맵' 출시","AI, 반도체, 센서, 배터리 등 복잡한 기술 요소들을 로봇 형상의 이미지로 재구성해 지능, 몸체, 동작 영역으로 직관화했다. 이용자가 특정 영역을 클릭하면 관련 세부 테마 등락률과 수혜 기업, 종목별 주가 변동을 동시에... ",https://www.thefairnews.co.kr/news/articleView.html?idxno=84521,https://www.thefairnews.co.kr/news/articleView.html?idxno=84521,"Mon, 10 Aug 2026 08:20:00 +0900",2026-08-10 08:34:37
반도체,반도체 주가,[박정식의 국내 주식시황] Fed 금리인하 가능성 약화로 인한 반도체 투...,"83%) 규모 청주 M17 건설 신규시설투자 공시 등에 테크윙, 엠케이전자, 주성엔지니어링, 원익IPS 등 반도체 관련주가 상승했다. E8은 40.37억원 규모 3자배정 유상증자 결정 등에 상한가를 보였다. 심텍홀딩스는 2분기... ",https://www.newsquest.co.kr/news/articleView.html?idxno=271379,https://www.newsquest.co.kr/news/articleView.html?idxno=271379,"Mon, 10 Aug 2026 08:20:00 +0900",2026-08-10 08:34:37
반도체,반도체 주가,[굿모닝! 글로벌 뉴욕증시] 고용지표 부진에 Fed 금리인상 가능성 약화...,"62%) 필라델피아반도체 12,356.79(+2.56%) 뉴욕증시는 예상외의 고용지표 악화 소식이 연방준비제도(Fed)의... 27%)를 비롯한 빅테크 실적 발표를 통해 AI 투자에 대한 의구심이 해소되고 AI 칩 수요가 재확인된 점이 주가... ",https://www.newsquest.co.kr/news/articleView.html?idxno=271378,https://www.newsquest.co.kr/news/articleView.html?idxno=271378,"Mon, 10 Aug 2026 08:20:00 +0900",2026-08-10 08:34:37
반도체,반도체 주가,"“코스닥, 퇴출·승강제로 체질 개선…하반기 1000선 회복 전망”- NH","코스피는 정부 출범 이후 정책 기대와 인공지능(AI)·반도체 모멘텀 등이 집중되면서 연초 대비 50%가량... 주가 1000원 미만의 이른바 ‘동전주’ 상장 폐지 요건을 신설하고, 완전자본잠식 여부를 반기 기준으로도... ",https://www.edaily.co.kr/news/newspath.asp?newsid=02030326645546008,https://n.news.naver.com/mnews/article/018/0006348469?sid=101,"Mon, 10 Aug 2026 08:19:00 +0900",2026-08-10 08:34:37
반도체,반도체 주가,[마켓뷰] 애플 中반도체 시험적용…코스피 변수되나,"중국 반도체 기업 부상에 대한 경계심으로 10일 코스피가 변동성을 이어갈지, 최근 낙폭에 따른... 또 메모리 업체인 샌디스크(-6.81%)와 웨스턴디지털(-13.03%) 주가가 실적 발표 후 급락했고, SK하이닉스... ",https://www.yna.co.kr/view/AKR20260810016200008?input=1195m,https://n.news.naver.com/mnews/article/001/0016241545?sid=101,"Mon, 10 Aug 2026 08:17:00 +0900",2026-08-10 08:34:37
반도체,반도체 주가,"증권플러스, 산업 구조 한눈에 보는 '밸류체인맵' 출시","현재 휴머노이드와 AI 반도체, 우주발사체 등 고성장 산업을 중심으로 서비스를 제공한다. 밸류체인은 하나의... 다만 밸류체인에 포함됐다는 사실 자체가 해당 기업의 실적 개선이나 주가 상승을 보장하는 것은 아니다.... ",https://www.newsfreezone.co.kr/news/articleView.html?idxno=703142,https://www.newsfreezone.co.kr/news/articleView.html?idxno=703142,"Mon, 10 Aug 2026 08:16:00 +0900",2026-08-10 08:34:37
반도체,반도체 주가,'현금 3000만원' 일주일... 단일종목 ETF 거래량 84% 급감,단일종목 ETF 거래량이 크게 준 뒤에도 반도체 업황과 외국인 수급에 따라 두 종목의 가격은 여전히 큰 폭으로 움직인 셈이다. 금융당국이 규제를 서둘러 도입한 배경에도 거래 쏠림과 주가 변동성에 대한 우려가... ,https://www.m-i.kr/news/articleView.html?idxno=1400223,https://www.m-i.kr/news/articleView.html?idxno=1400223,"Mon, 10 Aug 2026 08:16:00 +0900",2026-08-10 08:34:37
반도체,반도체 주가,"[굿모닝 마켓] 뉴욕증시, 금리인상론 후퇴에 상승…S&amp;P 최고치 경신",한 주 동안은 11% 가량 상승하면서 지난해 5월 이후 가장 큰 주간 상승률을 기록했습니다. 반도체 하드웨어뿐만 아니라 지난주는 소프트웨어 기업들도 좋은 한 주였습니다. 팔란티어를 필두로 클라우드 플레어... ,https://biz.sbs.co.kr/article_hub/20000327568?division=NAVER,https://n.news.naver.com/mnews/article/374/0000526449?sid=101,"Mon, 10 Aug 2026 08:15:00 +0900",2026-08-10 08:34:37
반도체,반도체 주가,코스피 변동성지수 안정화...실적 차별화 장세 전개 전망,이에 따라 지수 전체의 밸류에이션(PER) 회복보다는 개별 기업의 성장성과 수익성에 따른 주가 수익률 차별화가 심화될 것으로 분석했다. 이재만 하나증권 연구원은 &quot;대형 반도체 기업들의 향후 성장성과 수익성이... ,https://www.mdtoday.co.kr/news/articleView.html?idxno=607823,https://www.mdtoday.co.kr/news/articleView.html?idxno=607823,"Mon, 10 Aug 2026 08:14:00 +0900",2026-08-10 08:34:37
반도체,반도체 산업,"성남시장배, 유소년 ‘드론 축구대회 참가팀’ 모집","산업 체험존도 운영하며, 청소년과 시민들에게 드론 등 첨단기술을 체험할 기회를 제공할 예정이다. 자세한 내용은 성남시 홈페이지 ‘시정소식 ＞ 행사·강좌·공모’에서 확인할 수 있으며, 문의는 성남시 AI반도체... ",https://sports.donga.com/region/article/all/20260810/134447064/1,https://n.news.naver.com/mnews/article/382/0001287356?sid=102,"Mon, 10 Aug 2026 08:32:00 +0900",2026-08-10 08:34:38
반도체,반도체 산업,"국민의힘 장동혁·정점식, 이재명 정부 부동산·외교실책 비판","정 원내대표는 “통일부 장관과 외교부 장관이 평화체제·4자회담 구상을 놓고 공개적으로 설전을 벌이고, 산업부와 고용노동부 장관도 반도체 주52시간 특례로 이견을... ",http://www.breaknews.com/1227739,http://www.breaknews.com/1227739,"Mon, 10 Aug 2026 08:30:00 +0900",2026-08-10 08:34:38
반도체,반도체 산업,[뉴스+]&quot;이력서에 담긴 반도체 기술&quot;…中 추격보다 빨라진 '기술유출' 경...,사진=AI 생성 이미지 국내 반도체 산업이 인공지능(AI)용 고대역폭메모리(HBM)를 중심으로 경쟁력을 확대하는 동시에 중국 메모리 업체의 추격을 받고 있는 가운데 핵심 인력의 이직 과정에서 영업비밀이 해외로 넘어가는... ,https://www.businessplus.kr/news/articleView.html?idxno=115217,https://www.businessplus.kr/news/articleView.html?idxno=115217,"Mon, 10 Aug 2026 08:30:00 +0900",2026-08-10 08:34:38
반도체,반도체 산업,"증권플러스, 신규 서비스 '밸류체인맵' 출시…유망 산업 구조 한눈에","밸류체인맵은 휴머노이드, AI 반도체 등 고성장 산업을 구성하는 기업들의 역할과 연결 구조를 한 장의 산업 지도 형태로 제공하는 서비스다. 투자자는 이를 통해 개별 기업 분석을 넘어 산업 전반의 흐름을 입체적으로... ",https://www.pointe.co.kr/news/articleView.html?idxno=82971,https://www.pointe.co.kr/news/articleView.html?idxno=82971,"Mon, 10 Aug 2026 08:30:00 +0900",2026-08-10 08:34:38
반도체,반도체 산업,"[창간8주년 기획-AI시대, 에너지가 경쟁력이다] ⑤전력망 건설 막히자 커...",AI 데이터센터는 서버와 냉각설비 등을 24시간 운영해야 하고 반도체·첨단산업 시설도 대규모 전력을 필요로 한다. 전기차 보급 확대 역시 충전 인프라를 중심으로 새로운 전력 수요를 만들어내고 있다. 수요 증가 속도에... ,https://www.smartbizn.com/news/articleView.html?idxno=150534,https://www.smartbizn.com/news/articleView.html?idxno=150534,"Mon, 10 Aug 2026 08:30:00 +0900",2026-08-10 08:34:38
반도체,반도체 산업,삼성·SK의 이익 연동 성과급 확산 제동..“주주 승인 받아야”,김정관 산업통상자원부 장관은 최근 “직원 인센티브를 회사 영업이익에 직접 연동하는 것에 반대한다”는... 반도체 호황으로 거둔 막대한 이익을 직원들과 나누겠다는 취지였다. 삼성전자도 지난 5월 노조와의 협상 끝에... ,https://www.dailycar.co.kr/content/news.html?type=view&autoId=62231,https://www.dailycar.co.kr/content/news.html?type=view&autoId=62231,"Mon, 10 Aug 2026 08:30:00 +0900",2026-08-10 08:34:38
반도체,반도체 산업,"[증시전망대] 애플, 中 CXMT 메모리 시험 적용…국내 반도체 '긴장', 코스...","중국 반도체 업체 칩 시험 적용 소식 등 굵직한 변수들이 한꺼번에 겹치면서다. 10일 금융투자업계에... 다우존스30 산업평균지수는 0.28%, 스탠더드앤드푸어스(S&amp;P)500 지수는 0.62% 올랐고, S&amp;P500은 종가 기준 사상... ",http://www.newsroad.co.kr/news/articleView.html?idxno=62625,http://www.newsroad.co.kr/news/articleView.html?idxno=62625,"Mon, 10 Aug 2026 08:30:00 +0900",2026-08-10 08:34:38
반도체,반도체 산업,"李, 오늘 메가프로젝트 2차 회의...주52시간 논의 관심",이후 지난달 6일 열린 1차 점검회의에서는 호남권 반도체 산업단지 부지가 광주 군공항 지역으로 확정됐다. 이 대통령은 당시 “행정 절차 지연으로 투자 집행이 늦어지는 일이 절대로 있어선 안 된다”며 사업의 신속한... ,https://www.sedaily.com/article/20077465?ref=naver,https://n.news.naver.com/mnews/article/011/0004650097?sid=100,"Mon, 10 Aug 2026 08:29:00 +0900",2026-08-10 08:34:38
반도체,반도체 산업,"美 연방검찰, 빅테크 AI 해킹 전격 조사...파장은?",미 당국은 수사 결과에 따라서는 고성능 첨단 반도체와 핵심 AI 소프트웨어의 해외 유출을 막기 위한 고강도... 실리콘밸리 주요 기업들과 투자자들은 이번 수사가 불러올 산업적 파장과 규제 강도에 긴장감을 감추지... ,http://www.choicenews.co.kr/news/articleView.html?idxno=169542,http://www.choicenews.co.kr/news/articleView.html?idxno=169542,"Mon, 10 Aug 2026 08:28:00 +0900",2026-08-10 08:34:38
반도체,반도체 산업,배충식 KAIST 총장 &quot;AI 시대 선도 '국가혁신 플랫폼' 도약&quot;,"취임식에선 KAIST 졸업생이 AI로 실제 산업과 연구 현장의 혁신을 주도한 사례도 소개된다. 한국조선해양 윤현숙 박사는 선박 분야의 디지털 트윈(Digital Twin), 삼성전자 반도체연구소 신지용 박사는 반도체... ",https://view.asiae.co.kr/article/2026081008283232348,https://n.news.naver.com/mnews/article/277/0005800722?sid=102,"Mon, 10 Aug 2026 08:28:00 +0900",2026-08-10 08:34:38
반도체,반도체 산업,"수원, '2026 차세대 반도체 패키징 산업전' 개최…삼성·SK 등 180개사 참...","첨단 기술과 산업의 미래를 공유하는 대표적인 교류의 장으로 자리매김하고 있다고 설명했다. 이어 수원의 반도체 산업 및 연구 기반을 널리 알리고 첨단기업과 투자 유치, 산업 생태계 조성에 힘쓰겠다고 강조했다.",https://www.gukjenews.com/news/articleView.html?idxno=3659957,https://www.gukjenews.com/news/articleView.html?idxno=3659957,"Mon, 10 Aug 2026 08:28:00 +0900",2026-08-10 08:34:38
반도체,반도체 산업,"용인도시공사, 2026년 지방공기업 경영평가 시·군 공사 1위","경기남부 최대 도시개발사업인 플랫폼시티 조성공사가 본격적으로 진행됐고, 제2용인테크노밸리 등 산업단지는 분양률 100%를 기록했다. 공사는 반도체 국가산단 배후도시인 이동 공공주택지구 사업의 지분 참여를... ",https://www.m-i.kr/news/articleView.html?idxno=1400206,https://www.m-i.kr/news/articleView.html?idxno=1400206,"Mon, 10 Aug 2026 08:28:00 +0900",2026-08-10 08:34:38
반도체,반도체 산업,그로쓰리서치 &quot;HBM 대안 HBF 부상…한미반도체·엘티씨 등 수혜&quot;,독립 리서치 그로쓰리서치는 반도체 산업 보고서를 통해 인공지능(AI) 추론에 필요한 메모리 용량이 급증하면서 고대역폭메모리(HBM)의 대안으로 고대역폭플래시(HBF)가 새로운 메모리 계층으로 부상하고 있다고... ,https://www.newsis.com/view/NISX20260810_0003742105,https://n.news.naver.com/mnews/article/003/0014116793?sid=101,"Mon, 10 Aug 2026 08:28:00 +0900",2026-08-10 08:34:38
반도체,반도체 산업,"추미애, 삼전에 폐수방류기준 준수 행정지도 이어 &quot;방류량도 줄여라&quot;",앞서 추 지사는 지난 16일 기후환경에너지국 업무보고에서 &quot;용인 반도체 클러스터의 산업용 폐수(공정수) 방류가 관련 기준을 위반할 경우 중앙정부에 요청해 엄중하게 조치될 수 있도록 하기 바란다&quot;고 지시했다. 추... ,https://www.kpinews.kr/newsView/1065568648594963,https://www.kpinews.kr/newsView/1065568648594963,"Mon, 10 Aug 2026 08:27:00 +0900",2026-08-10 08:34:38
반도체,반도체 산업,"휴가 반납한 이남오 함평군수, 국토부 장관 만나 ‘지역 현안’ 직접 챙...","특히 이 군수는 빛그린산단의 RE100 산단 지정과 함께 약 100만 평(340만 8천㎡) 규모의 확장을 추진해 반도체, 미래 자동차, 신재생에너지 등 첨단산업을... ",http://www.breaknews.com/1227734,http://www.breaknews.com/1227734,"Mon, 10 Aug 2026 08:26:00 +0900",2026-08-10 08:34:38
반도체,반도체 산업,이철우의 승부수… &quot;K-푸드가 K-반도체 넘어선다&quot;,"◇ 반도체 도시 경북, 이번엔 식품으로 경북은 그동안 구미 반도체 산업단지를 앞세워 '반도체 도시'라는 정체성을 다져왔다. 그런 경북이 이번엔 식품을 새 성장축으로 내세운 셈이다. 업계에서는 이철우 지사의 이런... ",https://www.hidomin.com/news/articleView.html?idxno=716581,https://www.hidomin.com/news/articleView.html?idxno=716581,"Mon, 10 Aug 2026 08:26:00 +0900",2026-08-10 08:34:38
반도체,반도체 산업,"추미애 &quot;삼성·하이닉스, 값싼 용수역 이용…폐수 저감 노력 안해&quot;",경기도는 삼성전자 평택캠퍼스 용적률 상향 등 반도체 산업 육성을 위한 인허가를 지원하는 동시에 환경 보전을 강조하며 지역 주민 피해를 막겠다는 방침을 유지하고 있다.,https://www.etoday.co.kr/news/view/2612568,https://www.etoday.co.kr/news/view/2612568,"Mon, 10 Aug 2026 08:26:00 +0900",2026-08-10 08:34:38
반도체,HBM 시장,"리서치알음 &quot;韓증시, 2015년 中 폭락과 다르다…실적주 주목&quot;","시장을 지탱하는 기초체력은 당시 중국과 다르다고 봤다. 당시 2015년 중국 증시가 정책과 유동성, 레버리지에 크게 의존했다면 현재 국내 증시를 이끄는 삼성전자와 SK하이닉스는 인공지능(AI)과 고대역폭메모리(HBM)를... ",http://www.fnnews.com/news/202608100820399659,https://n.news.naver.com/mnews/article/014/0005559144?sid=101,"Mon, 10 Aug 2026 08:27:00 +0900",2026-08-10 08:34:39
반도체,HBM 시장,"한미반도체, 'AI 병목 해결책' HBF 상용화 임박 '수혜'…&quot;핵심 TC 본더 수...",끝으로 &quot;HBM 시장에서 장비 성능과 양산 경험을 축적한 동사는 향후 비메모리 첨단 패키징 투자 확대 과정에서도 추가적인 수혜를 받을 가능성이 높다&quot;고 조언했다. 한편 그로쓰리서치에 따르면 AI 연산의 병목이... ,http://www.newsprime.co.kr/news/article.html?no=743203,http://www.newsprime.co.kr/news/article.html?no=743203,"Mon, 10 Aug 2026 08:24:00 +0900",2026-08-10 08:34:39
반도체,HBM 시장,"테라다인 1억불의 경고···K-로봇, 반도체 체인 타야 산다",미국의 글로벌 협동로봇 시장 점유율 1위 기업 테라다인 로보틱스가 올해 2분기 사상 처음으로 단일 분기... 반도체(HBM 및 미세 공정) 생산용 로봇으로 완벽히 이식하겠다는 각오다. 한화로보틱스 또한 강점인 푸드테크... ,https://www.newsfreezone.co.kr/news/articleView.html?idxno=703139,https://www.newsfreezone.co.kr/news/articleView.html?idxno=703139,"Mon, 10 Aug 2026 08:20:00 +0900",2026-08-10 08:34:39
반도체,HBM 시장,"SK하이닉스, 용인 Y2-청주 M17에 54조원 투자…'FMS 2026'서 미래 메모리...",2026에서는 HBMㆍCXLㆍHBF 등 차세대 메모리 아키텍처를 제시했다. SK하이닉스가 AI 시대에 지속 성장하는... 시장조사기관 옴디아(Omdia)에 따르면 D램과 낸드 수요는 지난해부터 2030년까지 두 시장 모두 연평균... ,http://www.wsobi.com/news/articleView.html?idxno=316175,http://www.wsobi.com/news/articleView.html?idxno=316175,"Mon, 10 Aug 2026 08:20:00 +0900",2026-08-10 08:34:39
반도체,HBM 시장,그로쓰리서치 &quot;HBF 상용화 시 한미반도체·엘티씨 주목&quot;,"점에서 HBM과 제조 방식이 유사해 본딩과 TSV, 세정, 검사 등 기존 공정 기술의 활용 여부도 주요 관전 포인트로 꼽힌다. 한용희 그로쓰리서치 연구원은 &quot;HBF는 아직 본격적인 매출 시장이 형성된 단계는 아니지만... ",https://www.cstimes.com/news/articleView.html?idxno=716187,https://www.cstimes.com/news/articleView.html?idxno=716187,"Mon, 10 Aug 2026 08:12:00 +0900",2026-08-10 08:34:39
반도체,HBM 시장,"[굿모닝 증시]코스피, 반도체 소외 해소될까…美 물가·테크 실적에 시...",AI 가속기와 선단공정 수요가 이어지는 것으로 확인될 경우 고대역폭메모리(HBM)와 서버용 D램 수요에 대한 시장의 불안도 상당 부분 완화될 수 있다. 코어위브 실적에서는 AI 인프라 투자가 실제 매출과 수익성... ,https://view.asiae.co.kr/article/2026081008065289634,https://n.news.naver.com/mnews/article/277/0005800696?sid=101,"Mon, 10 Aug 2026 08:10:00 +0900",2026-08-10 08:34:39
반도체,HBM 시장,"KB증권 &quot;삼성전자, 주주환원 확대 기대…'확신의 매수 구간'&quot;","김 본부장은 &quot;2027년 삼성전자 HBM 평균판매가격(ASP)은 전년 대비 두 배 이상 상승할 것으로 예상되며, HBM4 시장 점유율도 44%로 1위를 차지할 것&quot;이라며 &quot;현재는 확신의 매수 구간&quot;이라고 평가했다. KB증권은 올해... ",https://www.ajunews.com/view/20260810080151270,https://www.ajunews.com/view/20260810080151270,"Mon, 10 Aug 2026 08:06:00 +0900",2026-08-10 08:34:39
반도체,HBM 시장,"[오늘의 투자전략] &quot;코스피, 반도체 소외 해소 시도…이번주 6000~7000선 ...","고대역폭메모리(HBM) 및 장비 수요의 연속성을 확인할 수 있을 것으로 관측된다. 국내 시장에서도 미래에셋증권, 신세계, GS, CJ제일제당 등 주요 기업들의 2분기 실적 발표가 줄을 잇는다. 지난주 반도체 대형주를... ",https://www.etoday.co.kr/news/view/2612552,https://www.etoday.co.kr/news/view/2612552,"Mon, 10 Aug 2026 08:04:00 +0900",2026-08-10 08:34:39
반도체,HBM 시장,[넥스트-샷] &quot;금리 못 올리겠군!&quot;···고용 2만 줄자 S&amp;P500 사상 최고치,"넥스트레이드 시대의 개막으로 우리 시장의 아침이 1시간 더 빨라졌습니다. [넥스트-샷(NEXT-Shot)]은 밤사이... 단기 조정 후 지지선 모색 HBM 및 반도체 소부장 하이닉스 ADR 하락으로 단기 투심 경색이 우려되나, 고용... ",https://www.womaneconomy.co.kr/news/articleView.html?idxno=257064,https://www.womaneconomy.co.kr/news/articleView.html?idxno=257064,"Mon, 10 Aug 2026 08:02:00 +0900",2026-08-10 08:34:39
반도체,HBM 시장,구글 AI '두뇌'가 움직인다…허사비스 물러나고 제프 딘까지 27년 만에 ...,삼성전자와 SK하이닉스가 HBM 등 AI 인프라 시장에서 중요한 공급자로 자리 잡고 있지만 장기적으로는 AI 모델과 기초과학 분야에서 최고 연구자가 독립적으로 연구하고 창업할 수 있는 환경까지 갖춰야 한다는... ,https://www.e-science.co.kr/news/articleView.html?idxno=133184,https://www.e-science.co.kr/news/articleView.html?idxno=133184,"Mon, 10 Aug 2026 08:00:00 +0900",2026-08-10 08:34:39
반도체,HBM 시장,“버스에서 살면 안 되나” 논란에 비거주 보유세 강화까지 전면 재검토...,엔비디아가 HBM 줄이는 이유.메모리 다이어트 늘고 있다.메모리가 수주 산업이 됐다.버스는 집이 아니다.... 정책의 일관성의 문제일 뿐만 아니라 시장을 통제하는 데 실패했다는 인식이 확산될 수도 있다. 민주당 경선... ,https://slownews.kr/164590,https://slownews.kr/164590,"Mon, 10 Aug 2026 07:48:00 +0900",2026-08-10 08:34:39
반도체,HBM 시장,"&quot;60만전자 간다&quot; 삼성전자, 주주환원 최대 200조 전망","KB증권은 삼성전자의 2027년 HBM 평균판매가격(ASP)이 전년 대비 2배 이상 상승하고, HBM4 시장 점유율은 44%로 글로벌 1위를 차지할 것으로 전망했다. 현재 밸류에이션도 저평가 상태라고 분석했다. 글로벌 D램 시장 1위인... ",https://www.edaily.co.kr/news/newspath.asp?newsid=01931926645546008,https://n.news.naver.com/mnews/article/018/0006348439?sid=101,"Mon, 10 Aug 2026 07:40:00 +0900",2026-08-10 08:34:39
반도체,HBM 시장,[AI핫이슈]빅테크 '코딩 AI' 대공세...中 AI 성능까지 중무장,"코딩 AI 툴 시장을 겨냥한 빅테크 기업들의 공세가 급물살을 타면서 앤트로픽과 오픈AI, 커서 등이... 고대역폭메모리(HBM)를 탑재하는 방안을 검토 중이라는 소식이다. 엔비디아는 로보택시와 자율주행차 개발을... ",https://www.digitaltoday.co.kr/news/articleView.html?idxno=691286,https://www.digitaltoday.co.kr/news/articleView.html?idxno=691286,"Mon, 10 Aug 2026 07:30:00 +0900",2026-08-10 08:34:39
반도체,HBM 시장,삼성 HBM4 ‘황금 수율’ 달성…HBM4E 양산도 앞당긴다 [biz-플러스],나아가 연말까지 HBM 시장 점유율을 자사의 전체 D램 시장 점유율(약 38%)과 비슷한 수준까지 끌어올리겠다는 내부 목표도 세운 것으로 전해졌다. 금융투자 업계 역시 점유율 역전 시나리오에 힘을 싣고 있다. 글로벌... ,https://www.sedaily.com/article/20077440?ref=naver,https://n.news.naver.com/mnews/article/011/0004650086?sid=101,"Mon, 10 Aug 2026 07:16:00 +0900",2026-08-10 08:34:39
반도체,HBM 시장,"JP모간 &quot;SK하이닉스, 영원한 1등은 없다&quot;…격돌하는 HBM 3사 [ 글로벌 IB...","AI 시대의 핵심 메모리로 떠오른 HBM 시장에서 SK하이닉스가 압도적인 1위를 달리고 있는 가운데, 향후 시장 주도권을 둘러싼 경쟁 지형에 변화가 감지되고 있습니다. JP모건은 최근 발표한 보고서를 통해 SK하이닉스... ",http://www.wowtv.co.kr/NewsCenter/News/Read?articleId=A202608100047&t=NN,https://n.news.naver.com/mnews/article/215/0001261722?sid=101,"Mon, 10 Aug 2026 07:04:00 +0900",2026-08-10 08:34:39
반도체,HBM 시장,삼전닉스 극찬한 ‘GPU의 아버지’…“한국 없었으면 AI혁명 없었다”,"삼성과 SK하이닉스가 주도하는 고대역폭메모리(HBM) 리더십은 전 세계 AI 슈퍼컴퓨팅의 토대가 됐습니다.”... 엔비디아를 비롯해 삼성전자, SK하이닉스 등 반도체 회사들에 대한 긍정적 전망도 AI 시장의 밝은 미래가 올... ",https://www.mk.co.kr/article/12122409,https://n.news.naver.com/mnews/article/009/0005718688?sid=105,"Mon, 10 Aug 2026 07:00:00 +0900",2026-08-10 08:34:39
반도체,파운드리 수주,"TSMC, 룽탄 1.4나노·CoWoS 허브 추진… 2029년 토지 수용",이는 삼성전자 파운드리 수주 경쟁과 SK하이닉스·삼성전자 HBM 판로에 직접 영향을 줄 수 있다. 주민 반대 극복하고 3년 만에 행정 절차 재개 TSMC는 룽탄 3단계 부지 104헥타르에 5개 시설을 건립하는 안을... ,https://www.g-enews.com/view.php?ud=202608100732436783fbbec65dfb_1,https://www.g-enews.com/view.php?ud=202608100732436783fbbec65dfb_1,"Mon, 10 Aug 2026 07:42:00 +0900",2026-08-10 08:34:40
반도체,파운드리 수주,"[더벨]삼성전자, 테일러팹 양산 시점 '내년 하반기부터'",계획대로 검증을 통과하면 하반기부터 양산 전환에 들어가 테슬라로부터 수주한 차세대 AI 칩을 본격적으로... 삼성전자 파운드리사업부 관계자는 &quot;일부 설비는 셋업 일정이 당초 계획보다 한 달 반가량 늦어지기도 했다... ,https://www.thebell.co.kr/free/content/ArticleView.asp?key=202608061541396360106459,https://www.thebell.co.kr/free/content/ArticleView.asp?key=202608061541396360106459,"Mon, 10 Aug 2026 07:02:00 +0900",2026-08-10 08:34:40
반도체,파운드리 수주,"“무조건 아이폰이라더니”…갤럭시 여권폰, 1030이 역대급 샀다 [잇슈...","AI 데이터센터의 두뇌인 반도체는 '삼성전자'가 HBM 같은 메모리를 만들고, 파운드리에서는 테슬라의 AI... 원어치를 수주했습니다. 여기에 화면은 '삼성디스플레이', 배터리는 '삼성SDI'까지. 반도체부터 기판... ",https://news.kbs.co.kr/news/pc/view/view.do?ncd=8632387&ref=A,https://n.news.naver.com/mnews/article/056/0012234299?sid=101,"Mon, 10 Aug 2026 06:56:00 +0900",2026-08-10 08:34:40
반도체,파운드리 수주,"“현지 인재 모셔라” 삼성, 美 테일러팹 첫 인턴십 모집",삼성전자(005930)가 하반기 미국 텍사스주에 위치한 테일러 파운드리 공장 가동을 앞두고 2022년 단지 착공... SEED는 신입 엔지니어에게 수주간 반도체 공정 교육을 실시한 뒤 현업에 배치하는 프로그램이다. 삼성전자가... ,https://www.sedaily.com/article/20077424?ref=naver,https://n.news.naver.com/mnews/article/011/0004650075?sid=101,"Mon, 10 Aug 2026 06:51:00 +0900",2026-08-10 08:34:40
반도체,파운드리 수주,반도체로 89조 번 삼성…110조 투자 어디로 향하나 [삼성 AI 투자지도①...,대형 고객 확보는 파운드리 가동률을 높이고 후속 수주를 끌어오는 계기가 될 수 있다. 반도체 위탁생산은 공장을 짓는 데 막대한 비용이 들지만 생산물량이 부족하면 고정비 부담이 급격히 커진다. 테일러 공장의... ,https://www.kukinews.com/article/view/kuk202608050195,https://www.kukinews.com/article/view/kuk202608050195,"Mon, 10 Aug 2026 06:02:00 +0900",2026-08-10 08:34:40
반도체,파운드리 수주,"AI반도체 수요 급증에 첨단공정 포화…삼성, 차세대 물량 확보하나",[연합뉴스]  인공지능(AI) 반도체 수요가 빠르게 늘면서 3나노와 2나노 등 첨단공정의 생산능력 확보가 파운드리 업계의 주요 과제로 떠올랐다. 수주 물량이 생산능력을 웃돌 경우 고객사의 물량 확보와 제품 출시... ,https://www.ziksir.com/news/articleView.html?idxno=142492,https://www.ziksir.com/news/articleView.html?idxno=142492,"Mon, 10 Aug 2026 06:00:00 +0900",2026-08-10 08:34:40
반도체,파운드리 수주,"삼성전자, 美테일러 팹 인턴 첫 모집",삼성전자는 올 3월 서울대에서 약 3년 만에 파운드리 채용 세미나를 열기도 했다. 테일러 팹은 올 4월부터 극자외선(EUV) 노광장비 시운전 단계에 들어갔다. 삼성전자는 2분기(4∼6월) 실적 발표에서 2나노 수주가 전년... ,https://www.donga.com/news/Economy/article/all/20260809/134445159/2,https://n.news.naver.com/mnews/article/020/0003739592?sid=101,"Mon, 10 Aug 2026 00:31:00 +0900",2026-08-10 08:34:40
반도체,파운드리 수주,꿈의 영업이익률 20%를 넘은 TK 반도체 3사…지역 경제 생태계 바꾸나,지역 우량기업 수준을 넘어 세계 시장에서도 경쟁 가능한 수익 구조를 갖춘 지역 기업이 등장한 것이다.... 차세대 EUV 블랭크마스크 국산화를 앞세워 삼성전자와 글로벌 파운드리 시장을 공략하고 있다.417억 원을... ,https://www.yeongnam.com/web/view.php?key=20260809028030515,https://www.yeongnam.com/web/view.php?key=20260809028030515,"Sun, 09 Aug 2026 09:30:00 +0900",2026-08-10 08:34:40
반도체,파운드리 수주,"8인치 공급 부족 더 심해진다…DB하이텍, 하반기도 청신호",DB하이텍이 8인치 파운드리 공급 부족과 생산라인 풀가동을 바탕으로 하반기에도 이익 성장세를 이어갈... 주력 제품의 수요가 늘면서 생산라인도 사실상 완전가동 수준을 유지했다. 높은 가동률이 웨이퍼당 고정비... ,https://www.bloter.net/news/articleView.html?idxno=670342,https://n.news.naver.com/mnews/article/293/0000088791?sid=101,"Sat, 08 Aug 2026 11:00:00 +0900",2026-08-10 08:34:40
반도체,파운드리 수주,스페이스X 테라팹 확정… 168억 달러냐 550억 달러냐,삼성전자 테일러 공장에 AI6 칩 생산 물량 확대를 요청한 테슬라가 외부 파운드리와 자체 팹을 병행하는... 삼성전자 파운드리 동맹 강화와 멀티 벤더 다변화 머스크가 테라팹 건설을 추진하는 배경은 기존 위탁생산... ,https://www.g-enews.com/view.php?ud=202608080952576586fbbec65dfb_1,https://www.g-enews.com/view.php?ud=202608080952576586fbbec65dfb_1,"Sat, 08 Aug 2026 10:06:00 +0900",2026-08-10 08:34:40
반도체,파운드리 수주,TSMC는 2나노·난야는 D램…대만 반도체 ‘AI 증설 러시’,TSMC의 미국 애리조나 공장.(사진=TSMC) 대만 업체들의 동시 증설은 메모리와 파운드리를 함께 영위하는 삼성전자에 양면 압박으로 작용할 전망이다. 삼성전자는 TSMC와 2나노 수주 경쟁을 벌이는 동시에 중국 CXMT와... ,https://www.edaily.co.kr/news/newspath.asp?newsid=06874886645545024,https://n.news.naver.com/mnews/article/018/0006346986?sid=101,"Fri, 07 Aug 2026 17:20:00 +0900",2026-08-10 08:34:40
반도체,파운드리 수주,"TSMC, 2·3나노 선단 공정 칩 생산 가속화…삼성, 파운드리 확장 변수 맞...",이렇듯 2나노 및 3나노 공정 기반 첨단 반도체 양산 능력을 큰 폭으로 끌어올린 TSMC는 주요 고객사의 파운드리 주문 수요를 빠르게 흡수할 전망이다. 이미 TSMC는 초미세 공정 칩 수요를 대거 수주할 것으로 자신하고... ,https://www.ceoscoredaily.com/page/view/2026080716545824961,https://www.ceoscoredaily.com/page/view/2026080716545824961,"Fri, 07 Aug 2026 17:16:00 +0900",2026-08-10 08:34:40
반도체,파운드리 수주,'전설'의 퇴사 뒤 구글은?…AI 경쟁 '격변 속 세분화',"해외 수주 기회도 확대될 가능성이 크다는 분석이 나옵니다. [앵커] 그런가 하면 노키아는 반도체 공장을... 코히런트나, 루멘텀 정도만 팹을 가지고 있어서 폭발적으로 늘어나는 데이터센터 물량을 감당할 파운드리가... ",https://biz.sbs.co.kr/article_hub/20000327300?division=NAVER,https://n.news.naver.com/mnews/article/374/0000526188?sid=104,"Fri, 07 Aug 2026 11:16:00 +0900",2026-08-10 08:34:40
반도체,파운드리 수주,"&quot;TSMC향 수주 기대&quot;...GST, 증권가 분석에 주가↑","또 &quot;올해를 기점으로 매출 4000억원 이상을 기록할 것&quot;며 &quot;하반기에는 TSMC향 신규 수주 역시 기대되며, 글로벌 파운드리 기업의 고객군 편입 이벤트는 주가 상승의 추가 모멘텀이 될 것&quot;이라고 설명했다.",https://www.gukjenews.com/news/articleView.html?idxno=3658530,https://www.gukjenews.com/news/articleView.html?idxno=3658530,"Fri, 07 Aug 2026 11:12:00 +0900",2026-08-10 08:34:40
반도체,파운드리 수주,"GST, AI 반도체 증설 '직수혜'…'수율 제고 핵심 부품' 메모리 4사 모두...","끝으로 &quot;지난 10여 년간 3000억원대를 넘지 못했던 매출은 올해를 기점으로 4000억원 이상을 기록할 것&quot;며 &quot;하반기에는 TSMC향 신규 수주 역시 기대되며, 글로벌 파운드리 기업의 고객군 편입 이벤트는 주가 상승의 추가... ",http://www.newsprime.co.kr/news/article.html?no=743043,http://www.newsprime.co.kr/news/article.html?no=743043,"Fri, 07 Aug 2026 08:22:00 +0900",2026-08-10 08:34:40
반도체,파운드리 수주,"GST, 올해 매출 4000억·하반기 TSMC 수주 기대…'매수'-IBK","하반기에는 TSMC향 신규 수주 역시 기대되며, 글로벌 파운드리 기업의 고객군 편입 이벤트는 주가 상승의 추가 모멘텀이 될 것이라고 예상했다. 그는 “유틸리티 장비가 단순 인프라에서 수율 개선을 위한 필수재로... ",https://www.edaily.co.kr/news/newspath.asp?newsid=04834726645545024,https://n.news.naver.com/mnews/article/018/0006346560?sid=101,"Fri, 07 Aug 2026 07:38:00 +0900",2026-08-10 08:34:40
반도체,파운드리 수주,"[더벨][Company Watch] DB하이텍, 8인치 쇼티지에 실적개선 '가속'",데다 수주잔고까지 늘면서 하반기 고객사에 배정할 물량이 더욱 빠듯해질 것으로 예상되기 때문이다. 다만 자회사 실적은 하반기 수익성에 일부 부담으로 작용할 전망이다. DB글로벌칩은 파운드리와 후공정 비용... ,https://www.thebell.co.kr/free/content/ArticleView.asp?key=202608051130496280107252,https://www.thebell.co.kr/free/content/ArticleView.asp?key=202608051130496280107252,"Fri, 07 Aug 2026 07:02:00 +0900",2026-08-10 08:34:40
반도체,파운드리 수주,[8월7일자] 비즈니스포스트 아침의 주요기사,"도시정비 수주 12조 가시권, 이한우 목동에서 '기념비적 성적' 겨냥 ● 가격 앞세워 수입차 4위 오른... 로봇업계 &quot;로봇 파운드리 산업 성장축으로 육성해야&quot; ● [오늘Who] 한국투자증권 김성환 '본업 경쟁력'만으로 3조... ",https://www.businesspost.co.kr/BP?command=article_view&num=444168,https://www.businesspost.co.kr/BP?command=article_view&num=444168,"Thu, 06 Aug 2026 20:56:00 +0900",2026-08-10 08:34:40
반도체,파운드리 수주,앤스로픽도 AI칩 직접 만든다…삼성전자 2나노 수주 '촉각',원스톱 전략의 경쟁력을 입증하는 사례가 될 수 있다. 업계 관계자는 &quot;만약 2나노 공정과 HBM·패키징을 묶은 수주가 성사된다면 삼성 파운드리가 글로벌 AI 고객을 확대하는 중요한 계기가 될 수 있다&quot;고 말했다.,https://www.newspim.com/news/view/20260806000770,https://www.newspim.com/news/view/20260806000770,"Thu, 06 Aug 2026 16:49:00 +0900",2026-08-10 08:34:40
반도체,파운드리 수주,"TSMC, 3나노 월 18만장 조기 달성…2027년 1분기 '가격 폭탄'까지 예고","파운드리 매출은 32억1000만달러로 전 분기 대비 5.8% 줄었고, 점유율은 지난해 4분기 7.1%에서 6.5%로 내려갔다. 앞서 TSMC는 지난달 2분기 실적설명회에서 첨단 공정용 AI 칩 수요가 매우 강하다며 2029~2030년 수주... ",http://www.metroseoul.co.kr/article/20260806500452,http://www.metroseoul.co.kr/article/20260806500452,"Thu, 06 Aug 2026 16:42:00 +0900",2026-08-10 08:34:40
2차전지,2차전지 주가,"'흑자 전환' 엘앤에프, Tesla 수요확대...'출하량' 4분기 연속 최고치",▲엘앤에프 제공  2차전지 양극활물질 제조업체 엘앤에프의 2분기 매출액은 전년대비 70% 증가한 8... 특히 3분기 LFP(리튬인산철) 초도 공급과 신규 고객 확보 가시성 확대가 향후 주가 재평가의 핵심 요인으로... ,http://www.newsfc.co.kr/news/articleView.html?idxno=80404,http://www.newsfc.co.kr/news/articleView.html?idxno=80404,"Mon, 10 Aug 2026 08:16:00 +0900",2026-08-10 08:34:40
2차전지,2차전지 주가,[애프터마켓 리뷰] 2차전지 전고체 배터리주 질주…동화기업 상한가,"이처럼 반도체 투톱의 희비가 엇갈린 가운데 2차전지, 바이오, 방산, 금융주가 하방을 받쳐줬습니다. 특히 미국의 폴리실리콘 관세 부과 행정명령 소식에 비중국 공급망 반사이익 기대감으로 2차전지와 에너지저장장치... ",https://biz.sbs.co.kr/article_hub/20000327560?division=NAVER,https://n.news.naver.com/mnews/article/374/0000526448?sid=101,"Mon, 10 Aug 2026 08:05:00 +0900",2026-08-10 08:34:40
2차전지,2차전지 주가,블룸버그 &quot;한국은 투자 부적합&quot;…증권가 &quot;레버리지 아닌 반도체 편중이...,그는 &quot;코스피 시장이 5.5배의 낮은 선행 주가수익비율(PER)로 저렴해 보일 수 있다&quot;면서도 &quot;높은 변동성이... 같은 시기 코스닥은 바이오·2차전지·로봇 등 중소형주 강세로 반등했다. 그는 &quot;해외에 상장된 한국지수 추종... ,https://www.news2day.co.kr/article/20260807500219,https://www.news2day.co.kr/article/20260807500219,"Mon, 10 Aug 2026 04:42:00 +0900",2026-08-10 08:34:40
2차전지,2차전지 주가,&quot;150조 풀까&quot;…늪에 빠진 코스피 살릴 '삼전닉스'의 결단,반도체 투톱의 2027~2028년 실적 호조에 따른 기대가 이미 주가에 상당 부분 반영됐기 때문이다. 중국 반도체라는 변수도 있다. 박세익 체슬리투자자문 대표는 “2차전지도 처음에는 중국이 저가형 리튬·인산철(LFP)... ,https://www.hankyung.com/article/2026080928621,https://n.news.naver.com/mnews/article/015/0005318848?sid=101,"Sun, 09 Aug 2026 17:47:00 +0900",2026-08-10 08:34:40
2차전지,2차전지 주가,‘짤방’으로 이해하는 K-주식 세계,코스닥 시가총액 상위권을 차지하는 3대 테마인 바이오·2차전지·로봇의 강세를 나타내는 밈이다. 지난 1월에는 이들 3대 테마주가 강세를 보이며 코스닥이 코스피를 웃도는 장세가 연출되기도 했다. 당시 코스닥... ,https://magazine.hankyung.com/business/article/202608030936b,https://n.news.naver.com/mnews/article/050/0000109470?sid=101,"Sun, 09 Aug 2026 06:34:00 +0900",2026-08-10 08:34:40
2차전지,2차전지 주가,"동박 공급이 부족해진다…롯데에너지머티리얼즈, 판가 인상 수혜 기대","동박은 2차전지 음극집전체에 사용되는 핵심 소재다. 최근에는 전기차뿐 아니라 AI 데이터센터의 전력 공급... 업고 실적 반전에 성공할 수 있을지 시장의 관심이 커지고 있다. 목표주가 7만4000원, 투자의견 매수를 제시했다.",https://www.pinpointnews.co.kr/news/articleView.html?idxno=475490,https://www.pinpointnews.co.kr/news/articleView.html?idxno=475490,"Sat, 08 Aug 2026 10:08:00 +0900",2026-08-10 08:34:40
2차전지,2차전지 주가,[주간 코스닥 기관] 대형주보다 성장주 골랐다…로봇·바이오까지 매수,8일 한국거래소에 따르면 기관은 8월 3일부터 7일까지 한 주간 코스닥시장에서 심텍을 가장 많이 순매수했다.... 2차전지 관련주도 기관의 선택을 받았다. 에코프로비엠과 에코프로가 순매수 상위권에 이름을 올렸다. 최근... ,https://www.pinpointnews.co.kr/news/articleView.html?idxno=475482,https://www.pinpointnews.co.kr/news/articleView.html?idxno=475482,"Sat, 08 Aug 2026 07:06:00 +0900",2026-08-10 08:34:40
2차전지,2차전지 주가,[주간 코스닥 외국인]HLB 파마리서치 실리콘투 마키나락스 '폭풍 매수',"8일 한국거래소에 따르면 외국인은 8월 3일부터 7일까지 한 주간 코스닥시장에서 HLB를 가장 많이 순매수했다.... 2차전지 관련주에서도 매도세가 나타났다. 대주전자재료, 에코프로비엠, 에코프로가 외국인 순매도... ",https://www.pinpointnews.co.kr/news/articleView.html?idxno=475481,https://www.pinpointnews.co.kr/news/articleView.html?idxno=475481,"Sat, 08 Aug 2026 07:04:00 +0900",2026-08-10 08:34:40
2차전지,2차전지 주가,[베스트&amp;워스트] 삼성전자·SK하이닉스 밀린 한 주…상상인증권은 85% 급...,이투데이=정수천 기자 | 코스피 지수가 한 주간 5% 넘게 밀린 가운데 삼성전자와 SK하이닉스 등 반도체 대형주가 하락률 상위권에 이름을 올리며 지수를 압박했다. 반면 신재생에너지·광통신·2차전지 소재 일부... ,https://www.etoday.co.kr/news/view/2612275,https://www.etoday.co.kr/news/view/2612275,"Sat, 08 Aug 2026 06:00:00 +0900",2026-08-10 08:34:40
2차전지,2차전지 주가,"코스피 2일 연속 하락, 공매도 거래대금은 하루새 5000억원 급증","시가총액 규모별로는 대형주가 0.7% 내린 반면 중형주는 0.6%, 소형주는 0.8% 올라 온도차를 보였다.... 반도체·2차전지株, 공매도 거래대금 상위권 싹쓸이 코스피 시장의 공매도 거래대금은 1조7312억원(비중 4.96... ",https://www.junggi.co.kr/news/articleView.html?idxno=37387,https://www.junggi.co.kr/news/articleView.html?idxno=37387,"Fri, 07 Aug 2026 18:52:00 +0900",2026-08-10 08:34:40
2차전지,2차전지 주가,"[마감 시황] 코스피, 외국인 순매도에 6,250선으로 후퇴","반도체 대장주의 향방이 갈린 가운데 2차전지, 제약·바이오, 방산 업종은 상대적 강세를 나타냈다.... 목표주가 하향 조정이 겹치면서 매물이 대거 출하되었다. SK스퀘어(-3.20%), 삼성생명(-4.17%), 증권(-2.41%), 건설(-2.07... ",https://www.businesskorea.co.kr/news/articleView.html?idxno=274390,https://www.businesskorea.co.kr/news/articleView.html?idxno=274390,"Fri, 07 Aug 2026 18:28:00 +0900",2026-08-10 08:34:40
2차전지,2차전지 주가,"[정인호 객원기자칼럼] 증시 성장 정책, 급할수록 돌아가야","사진=연합뉴스 2000대에서 지루하게 횡보하던 코스피 주가가 급등하기 시작한 것은 지난해 하반기부터다.... AI, 반도체, 바이오, 2차전지, 로봇 등 첨단전략산업 육성을 목적으로 5년간 총 150조원 규모로 조성할 계획이다.... ",https://weekly.hankooki.com/news/articleView.html?idxno=7177714,https://weekly.hankooki.com/news/articleView.html?idxno=7177714,"Fri, 07 Aug 2026 18:06:00 +0900",2026-08-10 08:34:40
2차전지,2차전지 주가,"코스피, 외국인 매도에 2일 연속 하락","반면 2차전지 관련주가 뚜렷한 강세를 보였다. LG에너지솔루션은 북미 에너지저장장치(ESS) 수주 확대와 하반기 실적 개선 기대에 4.35% 상승했고, 삼성SDI와 SK이노베이션 등 배터리 3사가 일제히 올랐다.... ",https://www.thereport.co.kr/news/articleView.html?idxno=90264,https://www.thereport.co.kr/news/articleView.html?idxno=90264,"Fri, 07 Aug 2026 17:54:00 +0900",2026-08-10 08:34:40
2차전지,2차전지 주가,"[오늘의 주목주] '2차전지 강세' 삼성SDI 주가 7%대 올라, 코스피 외국인...",이날 포스코퓨처엠(5.63%) 엘앤에프(13.03%) 등 다른 2차전지주 주가도 강세를 보였다. 코스피지수는 전날보다 0.60%(37.61포인트) 내린 6258.77로 장을 마쳤다. 한국거래소는 &quot;이날 코스피는 장 초반 대형주를 중심으로... ,https://www.businesspost.co.kr/BP?command=article_view&num=444273,https://www.businesspost.co.kr/BP?command=article_view&num=444273,"Fri, 07 Aug 2026 17:36:00 +0900",2026-08-10 08:34:40
2차전지,2차전지 주가,하이닉스 급락 속 2차전지·바이오 선방… 낙폭 축소 코스피 6250선 마감...,"SK이노베이션이 10.77% 급등한 것을 비롯해 삼성SDI(7.49%), LG화학(5.75%), LG에너지솔루션(4.35%), POSCO홀딩스(3.76%) 등 2차전지 대형주가 일제히 올랐다. 바이오 및 금융, 방산, 전통 IT 종목으로도 온기가 확산했다.... ",https://www.sedaily.com/article/20077019?ref=naver,https://n.news.naver.com/mnews/article/011/0004649627?sid=101,"Fri, 07 Aug 2026 17:03:00 +0900",2026-08-10 08:34:40
2차전지,2차전지 주가,美폴리실리콘 관세에 한화솔루션·OCI홀딩스 11% 급등…2차전지주도 강...,이 같은 소식에 국내 태양광 관련주가 강세를 보였다. 미국 조지아주에 태양광 통합 생산단지를 구축한... 커지면서 2차전지 관련주도 동반 상승했다. 삼성SDI는 전날보다 7.49% 오른 45만9000원에 마감했으며... ,http://www.joseilbo.com/news/news_read.php?uid=573444&class=17&grp=,https://n.news.naver.com/mnews/article/123/0002388022?sid=101,"Fri, 07 Aug 2026 16:56:00 +0900",2026-08-10 08:34:40
2차전지,2차전지 주가,[코스피 지수선물 옵션] &quot;반도체라고 다 같은 게 아니다&quot;…삼성전자 웃...,"소재 업종에서도 기업별 이슈에 따라 주가 방향이 크게 달라졌다. POSCO홀딩스는 철강뿐 아니라 2차전지 소재 사업에 대한 기대가 함께 반영되는 종목이다. 반면 고려아연은 금속 가격과 경영권 관련 이슈, 기업가치에 대한... ",https://www.pinpointnews.co.kr/news/articleView.html?idxno=475437,https://www.pinpointnews.co.kr/news/articleView.html?idxno=475437,"Fri, 07 Aug 2026 16:50:00 +0900",2026-08-10 08:34:40
2차전지,2차전지 주가,[증시 인사이트] 사이드카 없었지만 극심한 변동성에 힘빠진 코스피,반도체주가 쉬어가는 동안 비반도체주로 순환매가 확산되는 모습이 최근 계속 보였는데요. 오늘은 2차 전지가 바통을 이어받았습니다. 배터리 소부장주까지 오름세를 보였어요? 다만 2차 전지주는 중국의 공세에 밀려... ,https://biz.sbs.co.kr/article_hub/20000327380?division=NAVER,https://n.news.naver.com/mnews/article/374/0000526259?sid=101,"Fri, 07 Aug 2026 16:47:00 +0900",2026-08-10 08:34:40
2차전지,배터리 산업,"『한국의 핵안보 프로젝트 5』 출간…&quot;핵잠수함, 한 척의 함정 아닌 수...",한국 해군이 세계적인 수준의 디젤-전기 추진 잠수함 건조·운용 능력을 확보했지만 배터리 충전과 잠항... 반면 프랑스는 해군·원자력기관·조선산업·연구기관을 하나의 전략 프로그램으로 묶고 지상 원형로를 통해... ,https://www.ilyoseoul.co.kr/news/articleView.html?idxno=521008,https://www.ilyoseoul.co.kr/news/articleView.html?idxno=521008,"Mon, 10 Aug 2026 08:24:00 +0900",2026-08-10 08:34:41
2차전지,배터리 산업,‘리스·렌트 플랫폼’ 차즘 “상반기 출고 10대 중 6대 전기차”,"한국자동차모빌리티산업협회(KAMA)에 따르면 올해 상반기 국내 순수전기차 신규등록은 19만8509대로 전년... 차즘은 신차 가격과 보조금 정책, 배터리 기술 발전, 중고차 가격 변화 등 향후 차량 가치에 영향을... ",https://biz.heraldcorp.com/article/10835368?ref=naver,https://n.news.naver.com/mnews/article/016/0002681439?sid=101,"Mon, 10 Aug 2026 08:19:00 +0900",2026-08-10 08:34:41
2차전지,배터리 산업,휴가철 종료·극한 폭염에 전력수요 비상…예비율 10% 밑으로,여름휴가가 끝나고 산업체 조업이 본격화되면 전력 수요가 늘 것으로 보여 전력 당국이 긴장하고 있습니다.... (대용량 배터리 용량)을 늘리면 그 시간 동안 (태양광 전력을) 흡수했다가 저녁 시간이나 아침에 (사용... ,http://www.mbn.co.kr/pages/news/newsView.php?news_seq_no=5211309,https://n.news.naver.com/mnews/article/057/0001962816?sid=101,"Mon, 10 Aug 2026 08:17:00 +0900",2026-08-10 08:34:41
2차전지,배터리 산업,"증권플러스, 산업 구조 한눈에 보는 ‘밸류체인맵’ 출시","예를 들어 휴머노이드 산업은 AI, 반도체, 센서, 배터리 등 다양한 기술과 기업으로 구성된다. 산업 구조를 로봇 이미지로 구현해 ‘지능’, ‘몸체’, ‘동작’ 등으로 구분했다. 각 영역을 선택하면 해당 분야의 테마... ",https://www.etoday.co.kr/news/view/2612562,https://www.etoday.co.kr/news/view/2612562,"Mon, 10 Aug 2026 08:16:00 +0900",2026-08-10 08:34:41
2차전지,배터리 산업,"中 전기차, 유럽서 점유율 '역대 최고'...한국은?",내연기관과 배터리를 혼용한 플러그인 하이브리드 차량은 현재 유럽연합의 추가 관세 부과 대상에서... 업계 전문가들은 중국산 차량의 시장 침투가 가속화함에 따라 유럽 자동차 산업 보호를 둘러싼 무역 전쟁 양상이... ,http://www.choicenews.co.kr/news/articleView.html?idxno=169540,http://www.choicenews.co.kr/news/articleView.html?idxno=169540,"Mon, 10 Aug 2026 08:14:00 +0900",2026-08-10 08:34:41
2차전지,배터리 산업,"‘中 자동차 협력’ 경남에 독 될까, 득 될까",자동차산업에도 파장이 예상된다. 부산 르노코리아와 창원에 엔진공장을 둔 KG모빌리티(KGM)가 중국 업체와... 특히 전기차·PHEV 전환과 맞물려 배터리·전장 등 핵심 부품의 중국산 조달이 늘 경우 내연기관 부품 중심의... ,https://www.knnews.co.kr/news/articleView.php?idxno=1548314,https://www.knnews.co.kr/news/articleView.php?idxno=1548314,"Mon, 10 Aug 2026 08:00:00 +0900",2026-08-10 08:34:41
2차전지,배터리 산업,폭염에 치솟는 전력 수요…이번주가 최대 고비,여기에 주요 산업체의 '7말 8초' 여름휴가가 마무리되면서 산업용 전력 수요도 본격적으로 늘어날 것으로... ESS 배터리 충분히 확보해야 합니다. ] 전력당국은 비상예비자원 8.8GW를 추가로 확보해 전력 수급에 차질이 없을... ,https://news.jtbc.co.kr/article/NB12312454?influxDiv=NAVER,https://n.news.naver.com/mnews/article/437/0000505285?sid=101,"Mon, 10 Aug 2026 07:52:00 +0900",2026-08-10 08:34:41
2차전지,배터리 산업,"파우치형 배터리, 열폭주 관리 기술로 방산·로봇서 부각",기업리서치센터는 잠수함용 배터리팩 사업이 매출 규모가 크고 기술 난도가 높아 수익성도 상대적으로 높을 것으로 봤다. 수요는 로봇 산업에서도 나오고 있다. 미래에셋증권에 따르면 LG전자는 CES 2026에서 홈로봇... ,https://www.digitaltoday.co.kr/news/articleView.html?idxno=690906,https://www.digitaltoday.co.kr/news/articleView.html?idxno=690906,"Mon, 10 Aug 2026 07:30:00 +0900",2026-08-10 08:34:41
2차전지,배터리 산업,"함안군 “칠서산단 사업장 대기오염 93배 배출, 사실과 달라”",경남 함안군이 칠서산업단지 내 한 사업장의 대기오염물질 배출량이 기존 신고보다 93배 많다는 최근 보도와... 그러나 함안군과 경남도가 확인한 결과 해당 사업장은 폐납산배터리를 재활용해 납 제품을 생산하는 제2차... ,https://www.kukinews.com/article/view/kuk202608100011,https://www.kukinews.com/article/view/kuk202608100011,"Mon, 10 Aug 2026 07:24:00 +0900",2026-08-10 08:34:41
2차전지,배터리 산업,[동북아 정세 브리핑] 태풍 '돌핀' 중국 비상…대만·이란에선 ‘중국 ...,"중국 정부도 로봇과 인공지능을 전기차와 배터리에 이은 차세대 성장산업으로 육성하고 있다. 그러나 중국 제조업과 부동산, 내수가 충분히 회복되지 않은 상황에서 첨단기업의 기업가치만 빠르게 상승하는 데 대한... ",http://kor.theasian.asia/archives/412599,http://kor.theasian.asia/archives/412599,"Mon, 10 Aug 2026 07:22:00 +0900",2026-08-10 08:34:41
2차전지,배터리 산업,"“제조업 기반 갖춘 한국, 피지컬 AI 세계 1강 될 역량 충분”",학계와 산업계 양쪽에서 국내 피지컬 AI 발전을 선도해온 장 교수를 만나 피지컬 AI가 중요한 이유와 향후... 한국은 반도체·배터리·자동차 등 많은 분야에서 세계적 경쟁력을 갖고 있다. 거기에 통신 인프라가 잘 돼... ,https://weekly.donga.com/3/all/11/6338800/1,https://n.news.naver.com/mnews/article/037/0000038646?sid=101,"Mon, 10 Aug 2026 07:02:00 +0900",2026-08-10 08:34:41
2차전지,배터리 산업,"[더벨][IPO 모니터] 비이아이 상장 작업 본격화, 삼성증권 대표주관","BEI는 차세대 배터리 전문 기업으로 최근 상장을 위한 주관사 선정을 마쳤다. BEI는 최근 이차전지에 대한... 특히 BEI의 ADLMB는 군용드론이나 방산, 로봇, 무인체계(UxV), 미래항공모빌리티(AAM) 등 차세대 전략산업에... ",https://www.thebell.co.kr/free/content/ArticleView.asp?key=202608061103343800108872,https://www.thebell.co.kr/free/content/ArticleView.asp?key=202608061103343800108872,"Mon, 10 Aug 2026 07:02:00 +0900",2026-08-10 08:34:41
2차전지,배터리 산업,현대차·기아 유럽 공략 ‘첩첩산중’…이번엔 車 설계까지 규제,다른 산업에서 나온 폐플라스틱을 사용하는 데 그치지 않고 '자동차→폐차→재활용→자동차'로 이어지는 폐쇄형 순환 공급망을 구축하라는 의미다. 차량 설계 기준도 까다로워진다. 2032년부터 전기차 배터리와... ,https://www.dailian.co.kr/news/view/1675870/?sc=Naver,https://n.news.naver.com/mnews/article/119/0003120007?sid=101,"Mon, 10 Aug 2026 07:01:00 +0900",2026-08-10 08:34:41
2차전지,배터리 산업,"[임팩트비즈니스 인사이트] 정책은 후퇴해도, 저탄소 산업은 전진한다",테네시에 건설 예정이던 SK온의 28억 달러(약 3조 원) 규모 배터리 투자와 오하이오 포드 전기차 공장 계획도 취소됐다. 그럼에도 미국의 저탄소 산업이 정책 변화와 같은 폭으로 위축될 가능성은 높지 않다. 2026년 7월 MIT... ,https://futurechosun.com/?p=157052,https://futurechosun.com/?p=157052,"Mon, 10 Aug 2026 07:00:00 +0900",2026-08-10 08:34:41
2차전지,배터리 산업,"李대통령, 10일 '3대 메가프로젝트' 2차 점검…군공항·전력·용수 해법...","산업통상부·국토교통부·국방부·기후에너지환경부 등 관계 부처와 지방정부, 삼성전자·SK하이닉스 등 주요... 삼성은 반도체 팹 외에도 디스플레이, 차세대 배터리, 인공지능(AI) 서버용 패키지 기판 등 사업을 고도화하기... ",http://www.newsian.co.kr/news/articleView.html?idxno=93490,http://www.newsian.co.kr/news/articleView.html?idxno=93490,"Mon, 10 Aug 2026 06:52:00 +0900",2026-08-10 08:34:41
2차전지,리튬 시장,"롯데글로벌로지스, LG엔솔 ESS 추가 수주…“美 특수물류 공략 확대”",LG에너지솔루션은 미국 내 파우치형 배터리 생산공장 6곳 가운데 5곳에서 일부 생산능력을 ESS용 리튬인산철(LFP) 배터리로 전환하고 있다. 배터리 업체의 미국 현지 생산 확대는 물류업계에도 새로운 시장으로 이어지고... ,https://biz.heraldcorp.com/article/10835371?ref=naver,https://n.news.naver.com/mnews/article/016/0002681440?sid=101,"Mon, 10 Aug 2026 08:20:00 +0900",2026-08-10 08:34:42
2차전지,리튬 시장,"연임 앞둔 장인화, 알짜 지분까지 판 승부수…2.5조 투자 성적표가 변수","결국 남은 기간 장 회장이 시장과 주주에게 보여줘야 할 것은 투자계획이 아니라 '투자 성과’다. 장 회장은 지난달 철강과 리튬·희토류 등 전략자원, LNG를 비롯한 에너지자원을 '트리플 코어'로 정하고 2026년부터... ",https://www.peoplewatch.co.kr/article/view/ppw202608100001,https://www.peoplewatch.co.kr/article/view/ppw202608100001,"Mon, 10 Aug 2026 08:14:00 +0900",2026-08-10 08:34:42
2차전지,리튬 시장,"아르헨, 외국인 토지 매입 완화 후퇴…밀레이 ‘개혁 마이웨이’ 브레이...","최근 칠레의 리튬 국가 통제 강화, 인도의 식량 안보를 위한 곡물 수출 제한 등 남미와 신흥국을 중심으로 식량·광물·토지를 단순한 시장 자산이 아닌 ‘국가 전략 자산’으로 바라보는 시각이 대두하고 있다. 이번 상원... ",https://www.dt.co.kr/article/12077328?ref=naver,https://n.news.naver.com/mnews/article/029/0003041467?sid=104,"Mon, 10 Aug 2026 07:45:00 +0900",2026-08-10 08:34:42
2차전지,리튬 시장,"[더벨][IR Briefing] 엘앤에프, 하반기 'NCM·LFP' 투트랙 성장 본격화",(NCM)과 리튬·인산·철(LFP)를 중심으로 '투트랙' 성장이 본격화될 것&quot;이라고 밝혔다. 엘앤에프는 6일 2분기... 엘앤에프플러스는 북미 ESS 시장 확대와 고객사 수요에 맞춰 내년 상반기까지 연산 6만t 규모로 LFP 양극재... ,https://www.thebell.co.kr/free/content/ArticleView.asp?key=202608061653574240102036,https://www.thebell.co.kr/free/content/ArticleView.asp?key=202608061653574240102036,"Mon, 10 Aug 2026 07:02:00 +0900",2026-08-10 08:34:42
2차전지,리튬 시장,"中 BYD, 820% 폭풍 성장 뒤에 숨은 '숙제'는?",올해 국내 수입차 시장의 뜨거운 화두 중 하나는 중국 전기차 업체 비야디(BYD)다. 한국수입자동차협회(KAIDA)... 전기차 캐즘(일시적 수요 정체) 우려 속에서도 압도적인 가성비와 리튬·인산·철(LFP) 블레이드 배터리의... ,https://www.goodkyung.com/news/articleView.html?idxno=290068,https://www.goodkyung.com/news/articleView.html?idxno=290068,"Mon, 10 Aug 2026 06:30:00 +0900",2026-08-10 08:34:42
2차전지,리튬 시장,2Q 희비 엇갈린 K-양극재…하반기 해법 'LFP 확대' vs '원가 절감',그러나 미국·유럽 전기차 시장에서 점유율이 줄어든 에코프로비엠(247540)은 부진했다. 하반기 반등을 노리는 전략도 차이를 보였다. 포스코퓨처엠과 엘앤에프는 삼원계 중심 구조에서 벗어나 리튬인산철(LFP) 양산... ,https://www.news1.kr/industry/general-industry/6252788,https://n.news.naver.com/mnews/article/421/0009104901?sid=101,"Mon, 10 Aug 2026 06:30:00 +0900",2026-08-10 08:34:42
2차전지,리튬 시장,"'친 트럼프' 아르헨티나 정부, 외국인 토지 매입 완화 추진하다 후퇴......",밀어붙이기식 시장 자유화 개혁이 정치적 한계를 노출한 첫 사례라는 평가가 나왔습니다. 밀레이 정부는... 이는 블랙록 등 미국의 대형 자산 운용사나 자원·에너지 기업 등이 아르헨티나의 핵심 리튬 매장지나 광활한... ,https://www.ytn.co.kr/_ln/0104_202608100259477396,https://n.news.naver.com/mnews/article/052/0002391067?sid=104,"Mon, 10 Aug 2026 02:59:00 +0900",2026-08-10 08:34:42
2차전지,리튬 시장,"포스코퓨처엠, 드디어 LFP 시장 뚫었다… 배터리사와 대규모 장기 공급...",LFP(리튬·인산·철)용 양극재 대규모 장기 공급에 합의하며 LFP 양극재 사업을 본격화했다고 9일 밝혔다.... 또한 전기차 시장에서도 보급형 모델을 중심으로 LFP 배터리 적용이 증가하는 추세다. 포스코퓨처엠은... ,https://www.segye.com/newsView/20260809514523?OutUrl=naver,https://n.news.naver.com/mnews/article/022/0004149623?sid=101,"Sun, 09 Aug 2026 23:02:00 +0900",2026-08-10 08:34:42
2차전지,리튬 시장,ABC 외교로 열린 아르헨티나 공급망[기고/양호인],"했으며 리튬 탐사·채굴·생산 전반의 협력, 천연가스와 원자력 협력, 이중과세방지협정 타결까지 이뤄냈다. 20세기 초 세계 10위권의 경제 강국이자 세계 자본시장의 대표적 투자처였던 아르헨티나는 1960년 이후 고착화된... ",https://www.donga.com/news/Opinion/article/all/20260809/134445827/2,https://n.news.naver.com/mnews/article/020/0003739567?sid=110,"Sun, 09 Aug 2026 23:01:00 +0900",2026-08-10 08:34:42
2차전지,리튬 시장,"적자 탈출 배터리 3사, 전고체로 로봇 ‘심장’ 노린다",로봇 시장 확대 기대감 속 전고체 소재 비용 등 경제성·양산성 과제 ‘적자 터널’에서 벗어난 국내... 업계에서는 상용화 초기 전고체 배터리 가격이 리튬이온 배터리의 5~6배에 달할 것으로 추정한다. 원 목표였던... ,https://www.khan.co.kr/article/202608092025015,https://n.news.naver.com/mnews/article/032/0003463182?sid=101,"Sun, 09 Aug 2026 20:25:00 +0900",2026-08-10 08:34:42
2차전지,리튬 시장,&quot;르노부터 KGM까지&quot;…中 기술 빌려쓰는 韓 자동차,"르노그룹은 디자인, 르노코리아는 한국 시장에 맞는 첨단 기술 개발의 역할을 각각 맡았다. KG모빌리티... BYD의 리튬인산철(LFP) 기반 블레이드 배터리가 탑재된다. 최근 중국산 전기차가 빠르게 유입되는 가운데... ",https://www.dt.co.kr/article/12077313?ref=naver,https://n.news.naver.com/mnews/article/029/0003041448?sid=101,"Sun, 09 Aug 2026 19:32:00 +0900",2026-08-10 08:34:42
2차전지,리튬 시장,"중국산 배터리값 하락에…전기차, 하이브리드보다 싸졌다",완성차 업체들이 상대적으로 비싼 코발트를 사용하지 않는 LFP(리튬·인산·철) 배터리 채택을 확대하는 것도 전기차 원가를 낮추는 요인으로 분석된다. 가격 경쟁력을 앞세운 중국 완성차 업체들의 해외시장 공략도... ,https://www.sedaily.com/article/20077366?ref=naver,https://n.news.naver.com/mnews/article/011/0004649977?sid=104,"Sun, 09 Aug 2026 17:54:00 +0900",2026-08-10 08:34:42
2차전지,리튬 시장,전기차 '캐즘'에 주춤한 이차전지 소재…하반기 반등 승부수,에코프로비엠은 전고체 배터리 시장을 겨냥한 기술 개발에도 속도를 내고 있는 것으로 알려졌다. 포스코퓨처엠도 최근 국내 배터리업계와 2027년부터 6년간 19만t이상의 LFP(리튬·인산·철)용 양극재 대규모 장기... ,https://www.kyongbuk.co.kr/news/articleView.html?idxno=4080668,https://www.kyongbuk.co.kr/news/articleView.html?idxno=4080668,"Sun, 09 Aug 2026 17:48:00 +0900",2026-08-10 08:34:42
2차전지,전고체 배터리,7분기 만에 흑자전환 삼성SDI…하반기 美 ESS로 회복세 잇는다,"삼성SDI는 올해부터 2040년까지 울산에 약 16조원을 투입해 전고체·나트륨 배터리와 ESS용 LFP 배터리 생산 기반을 구축하고, 천안에도 9조원을 투자해 차세대 배터리 마더팩토리를 구축할 계획이다. 국내 생산에... ",https://www.pinpointnews.co.kr/news/articleView.html?idxno=475292,https://www.pinpointnews.co.kr/news/articleView.html?idxno=475292,"Mon, 10 Aug 2026 08:02:00 +0900",2026-08-10 08:34:43
2차전지,전고체 배터리,"삼성·한화·포스코 등 '미래 가치 투자' 유상증자, 주가상승 원동력",삼성SDI는 지난해 3월14일 미국·유럽 생산시설 및 '꿈의 배터리' 전고체 투자 등을 위해 2조원 규모의 유상증자를 결정했었다. 배터리 업계 불황 속에서도 과감한 미래 투자가 필요하다는 판단이 작용했다. 유상증자 발표... ,https://www.mt.co.kr/industry/2026/08/10/2026080716222115159,https://n.news.naver.com/mnews/article/008/0005397541?sid=101,"Mon, 10 Aug 2026 06:45:00 +0900",2026-08-10 08:34:43
2차전지,전고체 배터리,美·中·EU·日은 자국 전기차 키우는데…한국만 생산 지원 ‘공백’ [뚫...,"도요타와 닛산 등은 전고체 배터리 생산시설을 일본에 구축하고 덴소, 스미토모 등 부품사와 공동 R&amp;D와 기술 내재화를 추진하고 있다. 일본은 구매보조금도 자국 산업 육성 수단으로 활용해왔다. 재난 발생 시 외부로... ",https://www.etoday.co.kr/news/view/2612089,https://www.etoday.co.kr/news/view/2612089,"Mon, 10 Aug 2026 05:02:00 +0900",2026-08-10 08:34:43
2차전지,전고체 배터리,"[글로벌 배터리 대전 (37)] BYD, 아부다비 태양광 설비 프로젝트에 대규...",그러나 차세대 전고체 배터리 기술에서 앞서 있는 글로벌 3위 파나소닉 등 일본 기업도 배제할 수 없다. CATL을 필두로 국내 3사를 포함하여 세계 주요 기업들이 벌이고 있는 글로벌 배터리 대전의 양상을... ,https://www.news2day.co.kr/article/20260809500026,https://www.news2day.co.kr/article/20260809500026,"Mon, 10 Aug 2026 00:32:00 +0900",2026-08-10 08:34:43
2차전지,전고체 배터리,"[중국증시 주간 포인트] ②CPEO 2026 개최, 중국산 C919 최초 국제선, 전...",전고체 배터리 관련 국내외 행사 개최 '제6회 글로벌 전고체배터리 연례 서밋'이 8월 11일부터 12일까지 미국 시카고에서 개최된다. 이와 함께 중국에서는 '2026 SMM 배터리 기술산업대회'가 8월 13일부터... ,https://www.newspim.com/news/view/20260809000136,https://www.newspim.com/news/view/20260809000136,"Mon, 10 Aug 2026 00:00:00 +0900",2026-08-10 08:34:43
2차전지,전고체 배터리,"[중국증시 주간 포인트] ①美 연준 금리 시그널, 유니트리 신규 청약, 메...",운항 △전고체 배터리 관련 국내외 행사 개최 △에너지 저장대회 'CIES 2026' 개최 △A주∙홍콩∙뉴욕 상장사 실적발표 집중 등을 꼽았다. ◆ 美 7월 물가지수 발표 '연준 금리 시그널' 미국 7월 소비자물가지수... ,https://www.newspim.com/news/view/20260809000135,https://www.newspim.com/news/view/20260809000135,"Mon, 10 Aug 2026 00:00:00 +0900",2026-08-10 08:34:43
2차전지,전고체 배터리,"‘적자 터널’ 벗어난 배터리 3사, 다음 먹거리 ‘로봇’ 향해 잰걸음…...","EV보다 배터리 용량 작은 로봇…전고체배터리 초기 시장으로 부상 9일 배터리 업계의 설명을 종합하면, 배터리 3사가 전고체배터리의 사용처로 ‘로봇’을 낙점한 데는 경제성 요인이 크게 작용하고 있다.... ",https://www.khan.co.kr/article/202608091608001,https://n.news.naver.com/mnews/article/032/0003463127?sid=101,"Sun, 09 Aug 2026 16:08:00 +0900",2026-08-10 08:34:43
2차전지,전고체 배터리,[집중분석] 지상에서 우주로 가는 AI 데이터센터…빅테크의 '탈지구 프...,이에 따라 높은 에너지 밀도(500Wh/kg 이상 목표)를 제공하는 '황화물계 전고체 배터리'가 기존 리튬이온을 대체할 차세대 우주용 배터리 후보로 주목받고 있다. 컴퓨팅 위성을 수백 대 띄우더라도 각 위성이 서로... ,https://www.thepublic.kr/news/articleView.html?idxno=314270,https://www.thepublic.kr/news/articleView.html?idxno=314270,"Sun, 09 Aug 2026 08:44:00 +0900",2026-08-10 08:34:43
2차전지,전고체 배터리,"美 팩토리얼, '90도 무냉각' 전고체 배터리 앞세워 우주 시장 노크","차세대 전고체 배터리 상용화에 속도를 낸다. 무거운 열 관리 장치를 없애 우주선의 유효 탑재량(페이로드)을 극대화, 미래 궤도 인프라 시장 내 전력 공급 주도권을 확보한다는 구상이다. 9일 팩토리얼에 따르면 시유 황... ",https://www.theguru.co.kr/news/article.html?no=105546,https://www.theguru.co.kr/news/article.html?no=105546,"Sun, 09 Aug 2026 07:46:00 +0900",2026-08-10 08:34:43
2차전지,전고체 배터리,하이니켈 라인까지 바꾼다···양극재업계 LFP 양산전,낮추고 전고체·망간리치(LMR) 등 차세대 소재를 개발하는 데 상대적으로 무게를 두고 있다. 국내 업체들이 본격적으로 LFP 양극재 생산에 뛰어드는 건 북미 ESS 시장이 커지고 있어서다. 그동안 국내 배터리업계는... ,https://www.sisajournal-e.com/news/articleView.html?idxno=422962,https://www.sisajournal-e.com/news/articleView.html?idxno=422962,"Sat, 08 Aug 2026 10:26:00 +0900",2026-08-10 08:34:43
2차전지,전고체 배터리,"[영상] 10년 기다린 '꿈의 배터리'…삼성·SK, 드디어 '공장' 돌린다",액체 전해질로 인한 화재 위험을 근본적으로 해결할 전고체 배터리가 10년 넘는 연구 끝에 연구실을 벗어나 공장 검증 단계에 들어섰습니다. 미국 배터리 기업 솔리드파워가 삼성SDI·SK온과의 협력이 순조롭다고 밝힌... ,https://www.theguru.co.kr/news/article.html?no=105476,https://www.theguru.co.kr/news/article.html?no=105476,"Sat, 08 Aug 2026 08:00:00 +0900",2026-08-10 08:34:43
2차전지,전고체 배터리,"삼성전자, 휴머노이드 로봇에 꽂히다",삼성SDI는 최근 휴머노이드용 전고체 배터리 시제품 ‘솔리드스택(SolidStack)’을 공개했다. ‘꿈의 배터리’로 불리는 전고체 배터리는 에너지 밀도를 높이고 작동 시간을 늘릴 수 있어 휴머노이드에 최적의... ,https://www.mk.co.kr/article/12113331,https://n.news.naver.com/mnews/article/024/0000107411?sid=101,"Fri, 07 Aug 2026 21:01:00 +0900",2026-08-10 08:34:43
2차전지,전고체 배터리,"[대기업집단 탐구] 75. 에코프로, 환경기업서 ‘배터리 소재 제국’으로...",전고체 배터리에 들어가는 고체전해질과 리튬메탈 음극재도 준비하고 있다. 주요 신규 소재는 2027년부터 단계적인 상용화를 목표로 한다. 기술 포트폴리오 확대의 관건은 고객 확보다. 신소재를 개발하더라도... ,http://www.thevaluenews.co.kr/news/view.php?idx=200443,http://www.thevaluenews.co.kr/news/view.php?idx=200443,"Fri, 07 Aug 2026 17:24:00 +0900",2026-08-10 08:34:43
2차전지,전고체 배터리,"사용후 배터리 시장 열린다…민테크, 검사장비 공급 정조준",국내 유력 배터리 기업 2곳과 전고체 배터리 테스트 분야에서 협력하고 있다. 반도체 분야에서는 유리기판(TGV)과 실리콘관통전극(TSV) 검사 장비도 개발하고 있다. EIS 기술을 활용해 기존 장비로 찾기 어려운 잠재... ,https://www.thelec.kr/news/articleView.html?idxno=60685,https://www.thelec.kr/news/articleView.html?idxno=60685,"Fri, 07 Aug 2026 16:42:00 +0900",2026-08-10 08:34:43
2차전지,전고체 배터리,"해양드론기술, 솔리텍과 업무협약…배터리 한계 넘어선 드론 개발 본격...","솔리텍은 화재 위험이 없고 성능이 뛰어난 '전고체 배터리'를 연구·개발하는 기업으로, 해양드론기술과 함께 ▲드론 운용 환경 최적화 배터리 팩 설계 ▲안전성·신뢰성 검증 ▲실증 비행 ▲방산·공공 분야 성능 검증... ",https://www.klnews.co.kr/news/articleView.html?idxno=322234,https://www.klnews.co.kr/news/articleView.html?idxno=322234,"Fri, 07 Aug 2026 16:40:00 +0900",2026-08-10 08:34:43
2차전지,전고체 배터리,[마켓 펄스] SK하이닉스 이틀간 15% 급락…2차전지·바이오로 순환매,"포스코퓨처엠이 국내 배터리 업체와 리튬·인·산철(LFP)용 양극재 대규모 장기 공급 합의 소식에 전장... 이 외에도 동화기업이 상한가를 기록했고, 중앙첨단소재(+6.65%), 엔켐(+17.66%) 등 전고체, 리튬 관련주도... ",https://www.ntoday.co.kr/news/articleView.html?idxno=128629,https://www.ntoday.co.kr/news/articleView.html?idxno=128629,"Fri, 07 Aug 2026 16:06:00 +0900",2026-08-10 08:34:43
바이오/헬스,바이오 주가,美 고용 둔화에 금리 인상 압박 약화…바이오株 부담도 낮아지나,"업계에서는 금리 부담 완화가 바이오 투자심리에 긍정적인 배경이 될 수 있지만 개별 기업의 주가 흐름은 임상 데이터와 기술이전, 현금 보유기간, 후속 자금조달 계획에 따라 차별화될 것으로 보고 있다.",https://www.medicopharma.co.kr/news/articleView.html?idxno=69051,https://www.medicopharma.co.kr/news/articleView.html?idxno=69051,"Mon, 10 Aug 2026 08:22:00 +0900",2026-08-10 08:34:43
바이오/헬스,바이오 주가,"오리엔트, 오리엔트바이오 300만주 순차 장내 매수…책임경영 강화",오리엔트바이오 주식을 대규모 장내 매수하며 최대주주로서의 책임경영을 강화한다. 주가가 본래 기업가치 대비 저평가됐다는 판단하에 지분율을 높이고 그룹 차원의 재무·사업적 지원을 늘려 주주가치를... ,https://www.etoday.co.kr/news/view/2612563,https://www.etoday.co.kr/news/view/2612563,"Mon, 10 Aug 2026 08:18:00 +0900",2026-08-10 08:34:43
바이오/헬스,바이오 주가,"삼전·SK하닉, 프리마켓서 반등…반도체 수급 회복 기대에 대형주 강세","삼성전자와 SK하이닉스 등 국내 반도체 대형주가 넥스트레이드 프리마켓에서 반등하고 있다. 이번 주... 삼성바이오로직스(0.19%)와 셀트리온(0.25%)도 강보합권에서 거래되고 있다. 반면 신한지주는 0.36%, 삼성SDI는... ",https://www.dt.co.kr/article/12077333?ref=naver,https://n.news.naver.com/mnews/article/029/0003041472?sid=101,"Mon, 10 Aug 2026 08:12:00 +0900",2026-08-10 08:34:43
바이오/헬스,바이오 주가,"알테오젠, 키트루다 SC 순항..목표가 41만원 상향-대신",목표주가를 종전 38만4700원에서 41만원으로 6.6% 상향조정했다. 대신증권은 기존 체결 계약 품목의... 그는 특히 &quot;최근 신규 계약은 알테오젠 SC 플랫폼의 적용 범위가 기존 항체 중심에서 신규 바이오의약품으로... ,https://www.smarttoday.co.kr/ko-kr/articles/110260,https://www.smarttoday.co.kr/ko-kr/articles/110260,"Mon, 10 Aug 2026 08:06:00 +0900",2026-08-10 08:34:43
바이오/헬스,바이오 주가,"“코스닥, 코스피 앞설 조건 갖췄다…로봇·바이오 주목”",특히 줄기세포를 중심으로 바이오주가 시장을 주도했고 한류 열풍과 함께 엔터테인먼트 테마도 부상했다. 적립식 펀드 열풍으로 유동성이 확대된 점도 상승세를 뒷받침했다. 2018년에는 정책 효과가 두드러졌다. 2017년... ,https://www.edaily.co.kr/news/newspath.asp?newsid=01987686645546008,https://n.news.naver.com/mnews/article/018/0006348456?sid=101,"Mon, 10 Aug 2026 08:01:00 +0900",2026-08-10 08:34:43
바이오/헬스,바이오 주가,[디깅노트] 모두가 코오롱티슈진 TG-C의 성공을 바라고 있다,"바이오기업은 섹터 분위기 개선을 기대했다. 증권가는 기존 목표주가와 임상 성공확률 산정의 타당성이 걸렸다. 주주는 주가 회복을, CB 투자자는 전환가치와 투자금 회수를 원했다. 경쟁사는 시장 확대를... ",https://www.bloter.net/news/articleView.html?idxno=669699,https://n.news.naver.com/mnews/article/293/0000088816?sid=110,"Mon, 10 Aug 2026 08:00:00 +0900",2026-08-10 08:34:43
바이오/헬스,바이오 주가,"대신證 “알테오젠, 키트루다 큐렉스 판매 3배 급증…목표가 41만원 상향...",신규 플랫폼 계약까지 추가로 반영해 목표주가를 기존 약 38만5000원에서 41만원으로 6.6% 상향했다. 홍가혜... 기존 항체 중심에서 다른 바이오의약품으로 적용 대상이 확대되고 있으며 알테오젠은 RNA 치료제까지... ,https://www.etoday.co.kr/news/view/2612539,https://www.etoday.co.kr/news/view/2612539,"Mon, 10 Aug 2026 07:44:00 +0900",2026-08-10 08:34:43
바이오/헬스,바이오 주가,[증시전략] '고용 쇼크'에도 금리인상론 여전…물가지표에 달렸다?,"81 - 반도체 숨고르자 로봇, 제약·바이오 등으로 순환매 전개 - 신용융자·레버리지 ETF 감소…변동성 지수도... - 실적 좋아도 못 웃는 반도체주…주가 반등의 조건은? - &quot;최근 반도체 약세, AI 투자 사이클 끝났건 아냐... ",https://biz.sbs.co.kr/article_hub/20000327544?division=NAVER,https://n.news.naver.com/mnews/article/374/0000526435?sid=104,"Mon, 10 Aug 2026 07:13:00 +0900",2026-08-10 08:34:43
바이오/헬스,바이오 주가,"[더벨][상폐규제 데드라인] 관리종목 오에스피, 증자·밸류업 분주","최근 210억~230억원 사이에 위치한 시가총액은 주가 변동성이 확대할 시 다시 규제권에 진입할 수 있는... 올해 안에 바이오, 방산, 인공지능 등 산업에 대한 지분 투자와 M&amp;A에 나서면서 고성장 산업 시너지를 내겠다는... ",https://www.thebell.co.kr/free/content/ArticleView.asp?key=202608060945439120103243,https://www.thebell.co.kr/free/content/ArticleView.asp?key=202608060945439120103243,"Mon, 10 Aug 2026 07:02:00 +0900",2026-08-10 08:34:43
바이오/헬스,바이오 주가,대동 1위·롯데정밀화학 2위·남해화학 3위…농업기업 평판 지각변동,"16위부터는 동방아그로, 우진비앤지, 포메탈, NH농우바이오, 인바이오, SB성보 순으로 분석됐다. 이번... 다만 이번 지표는 기업의 실적이나 주가를 직접 평가한 것이 아니라 소비자 온라인 활동과 미디어·커뮤니티... ",https://www.pinpointnews.co.kr/news/articleView.html?idxno=475710,https://www.pinpointnews.co.kr/news/articleView.html?idxno=475710,"Mon, 10 Aug 2026 06:44:00 +0900",2026-08-10 08:34:43
바이오/헬스,바이오 주가,상폐 요건 강화하자마자… 시총 미달 '관리종목' 쏟아져,"앤씨앤, 바이오인프라, 휴맥스홀딩스, 형지I&amp;C, 아이스크림에듀, 씨엑스아이, 비케이홀딩스, 파이온엑스... 하지만 유상증자는 발행 주식 수 증가로 주가를 짓누르는 악재다. 자본시장 체질 개선이라는 정책 취지가 되려... ",https://it.chosun.com/news/articleView.html?idxno=2023092167578,https://it.chosun.com/news/articleView.html?idxno=2023092167578,"Mon, 10 Aug 2026 06:30:00 +0900",2026-08-10 08:34:43
바이오/헬스,바이오 주가,‘삼전·SK하닉 몰빵’ 풀리자 순환매 숨통…비반도체도 이익 상향,"한주간 24개 업종지수 가운데 16개가 상승했고 21개는 코스피 지수보다 높은 수익률을 기록했다. 건설... 삼성전기는 3~7일 11.91% 올랐고 LG에너지솔루션(9.76%), 삼성바이오로직스(4.78%), KB금융(4.33%), 현대차(1.93... ",https://www.etoday.co.kr/news/view/2612313,https://www.etoday.co.kr/news/view/2612313,"Mon, 10 Aug 2026 06:02:00 +0900",2026-08-10 08:34:43
바이오/헬스,바이오 주가,&quot;삼전닉스 손실 여기서 복구&quot;...건설·이차전지에 돈 몰린다,특히 제약·바이오와 로봇 등 그간 소외됐던 중소형 성장주가 반등을 주도했다. 지난달 30일까지만 해도 코스닥지수는 연초 대비 30.33% 급락하며 코스피보다 부진한 흐름을 보였다. 증권가에서는 최근 장세 변화를 7월... ,http://www.fnnews.com/news/202608091151336238,https://n.news.naver.com/mnews/article/014/0005559116?sid=101,"Mon, 10 Aug 2026 06:00:00 +0900",2026-08-10 08:34:43
바이오/헬스,제약 산업,"복지부, 혁신형 기업 총량 제한설에..&quot;사실 아냐&quot;",복지부 제약바이오산업과 관계자는 10일 &lt;위키리크스한국&gt;과 통화에서 &quot;혁신형 제약기업 총량 제안은 전혀 고려하지 않고 있다&quot;며 &quot;기본 요건을 충족하는 기업이 많아진다고 해서 임의로 자르는 커트라인을 두진 않을... ,http://www.wikileaks-kr.org/news/articleView.html?idxno=190759,http://www.wikileaks-kr.org/news/articleView.html?idxno=190759,"Mon, 10 Aug 2026 08:24:00 +0900",2026-08-10 08:34:44
바이오/헬스,제약 산업,"&quot;복제약 거품 제거&quot;…제약업계, 약가인하發 수익성 우려 &quot;끌탕&quot;",이번 약가 개편은 단순한 재정 절감 차원을 넘어 국내 제약산업의 구조를 바꾸려는 목적도 담고 있다. 그동안 국내 제약시장에서는 특허가 만료된 오리지널 의약품의 제네릭을 다수 출시해 판매하는 방식이 일반화되면서... ,https://www.youthdaily.co.kr/news/article.html?no=224795,https://www.youthdaily.co.kr/news/article.html?no=224795,"Mon, 10 Aug 2026 08:02:00 +0900",2026-08-10 08:34:44
바이오/헬스,제약 산업,"R&amp;D 넘어 생산까지…AZ, 中 CSPC와 글로벌 바이오 공급망 구축",중국 정부가 바이오·제약산업을 전략산업으로 육성하고 있는 상황에서 현지 기업과의 생산 협력은 중국 시장 접근성을 높이는 수단이 될 가능성도 있다. 다만 중국을 글로벌 공급망의 한 축으로 활용하는 전략에는... ,https://www.medipana.com/news/articleView.html?idxno=415692,https://www.medipana.com/news/articleView.html?idxno=415692,"Mon, 10 Aug 2026 07:44:00 +0900",2026-08-10 08:34:44
바이오/헬스,제약 산업,"민경선 고양시장, 특별강연 &quot;항공우주·의료바이오·문화콘텐츠로 고양...","이날 강연에서 민 시장은 각종 규제로 인해 고양시의 도시 성장과 산업 기반 확충이 제약받아 온 현실을 진단하면서, 최근 발표된 군사시설보호구역 및 수색비행장 고도제한 해제를 새로운 변화의 계기로 평가했다. 민... ",https://www.lecturernews.com/news/articleView.html?idxno=208130,https://www.lecturernews.com/news/articleView.html?idxno=208130,"Mon, 10 Aug 2026 06:10:00 +0900",2026-08-10 08:34:44
바이오/헬스,제약 산업,"[제약 AI 대전환①] &quot;사용량은 급증, 업무 성과는 제로?&quot;… 헛도는 제약...","생산(GMP), 품질보증(QA), 인허가(RA), 약물감시(PV) 등 제약산업의 핵심 밸류체인에 AI를 적용하려다 보니 막상 넘어야 할 산이 한두 개가 아니기 때문이다. 결국 단순 보조 도구로만 쓰일 뿐, 기업의 핵심 가치를 창출하는... ",https://www.yakup.com/news/index.html?mode=view&cat=12&nid=330845,https://www.yakup.com/news/index.html?mode=view&cat=12&nid=330845,"Mon, 10 Aug 2026 06:02:00 +0900",2026-08-10 08:34:44
바이오/헬스,제약 산업,"'롤러코스터' 환율 도움될까…제약바이오, 사업 전략 고심",삼성바이오로직스와 셀트리온은 매년 높은 실적 성장세를 기록하며 국내 제약바이오산업 역대 신기록을 갈아치우고 있다. 삼성바이오로직스는 지난해 영업이익이 전년보다 56.6% 증가하며 국내 제약바이오기업 중... ,https://www.dailypharm.com/user/news/341244?REFERER=NP,https://www.dailypharm.com/user/news/341244?REFERER=NP,"Mon, 10 Aug 2026 06:02:00 +0900",2026-08-10 08:34:44
바이오/헬스,제약 산업,후반기 복지위 업무보고…제네릭 개선·CSO 리베이트 사정권,"제네릭 약가제도 개편안 시행 이후 단행할 제약산업 체질개선 대책, CSO(의약품판촉영업자) 리베이트 규제 강화, 신약 건강보험급여 강화 등 주요 현안에 대한 복지위원 질의가 예상된다. 약사 이슈로는 편의점... ",https://www.dailypharm.com/user/news/341250?REFERER=NP,https://www.dailypharm.com/user/news/341250?REFERER=NP,"Mon, 10 Aug 2026 06:02:00 +0900",2026-08-10 08:34:44
바이오/헬스,제약 산업,"충남대 약대, '약학교육연수원' 설립...내달 1일 개원","연수원은 약학 관련 종사자를 대상으로 제약산업, 임상약학 교육, 현장 실무실습 교육 프로그램을 개발 및 제공하는 전주기 교육 기관으로 운영된다. 충남대 약대는 지난 6월 운영위원회를 통해 박정숙 학장을 이사장으로... ",https://www.pharmnews.com/news/articleView.html?idxno=305435,https://www.pharmnews.com/news/articleView.html?idxno=305435,"Mon, 10 Aug 2026 06:00:00 +0900",2026-08-10 08:34:44
바이오/헬스,제약 산업,45% 약가 시대의 역설...제네릭 성장시대 종언,보건복지부의 새로운 제네릭 약가제도가 이달 1일부터 시행되면서 국내 제약산업이 또 하나의 구조적 전환점을 맞았다. 이번 개편의 핵심은 단순한 약가인하가 아니다. 지난 30년간 국내 제약사의 성장을 이끌었던 '특허... ,https://www.pharmnews.com/news/articleView.html?idxno=305402,https://www.pharmnews.com/news/articleView.html?idxno=305402,"Mon, 10 Aug 2026 00:06:00 +0900",2026-08-10 08:34:44
바이오/헬스,제약 산업,"시흥시, 5개 국립대생 40명 제약·바이오 실무교육","이론교육에서는 제약·바이오산업 전반과 의약품 개발·생산 과정, 분야별 주요 직무를 다뤘다. 실습교육에서는 바이오 분석 장비와 기초 실험기기를 직접 활용해 장비 운용과 기초 실험 과정을 익히도록 했다. 바이오기업... ",https://www.etnews.com/20260809000109,https://n.news.naver.com/mnews/article/030/0003455528?sid=102,"Sun, 09 Aug 2026 19:24:00 +0900",2026-08-10 08:34:44
바이오/헬스,제약 산업,[기자의눈] 한미약품의 본업을 가리는 경영권 분쟁,특히 신약 개발처럼 오랜 시간과 지속적인 투자가 필요한 제약·바이오 산업에서는 경영 안정성을 사업 경쟁력과 무관한 문제로 보기 어렵다.물론 상장회사에서 지배구조 문제는 결코 가볍게 넘길 사안이 아니다. 경영의... ,https://www.asiatoday.co.kr/kn/view.php?key=20260809010002581,https://www.asiatoday.co.kr/kn/view.php?key=20260809010002581,"Sun, 09 Aug 2026 17:24:00 +0900",2026-08-10 08:34:44
바이오/헬스,제약 산업,허종식 민주 인천시당위원장 “지역서 국회로 ‘교두보’”…8월 인천시...,"이재명 정부의 공약인 경인선 철도와 경인고속도로 지하화, 수도권매립지 종료, 소래습지 국가공원화부터 박찬대 시 정부의 AI와 바이오·제약 산업 육성, 해상풍력을 통한 에너지 주권 확보까지 함께 고민한 공약이다.... ",https://www.kyeonggi.com/article/20260809580199,https://n.news.naver.com/mnews/article/666/0000118438?sid=100,"Sun, 09 Aug 2026 15:58:00 +0900",2026-08-10 08:34:44
바이오/헬스,제약 산업,시흥시 국립대 5개 대학생 제약바이오 인재 양성,이번 교육은 바이오기업 취업을 희망하는 대학생들이 제약바이오산업의 흐름을 이해하고 현장에서 필요한 실무 역량을 갖출 수 있도록 마련됐습니다. 교육 과정은 바이오산업 관련 이론과 실습으로 구성됐으며 의약품... ,https://www.newsclaim.co.kr/news/articleView.html?idxno=3071525,https://www.newsclaim.co.kr/news/articleView.html?idxno=3071525,"Sun, 09 Aug 2026 14:20:00 +0900",2026-08-10 08:34:44
바이오/헬스,제약 산업,학부생의 질문이 키운 세계 연구자 3인,글로벌 제약산업의 연구로 이어졌다. KAIST는 학부생 연구참여 프로그램(URP)이 세계적 연구자와 과학기술 산업 전문가를 배출하는 연구교육 기반으로 자리 잡았다고 9일 소개했다. 상징적인 사례는 2014년 물리학과... ,https://www.ccdailynews.com/news/articleView.html?idxno=2432954,https://www.ccdailynews.com/news/articleView.html?idxno=2432954,"Sun, 09 Aug 2026 12:28:00 +0900",2026-08-10 08:34:44
바이오/헬스,제약 산업,[기획] 보건의료산업 혁신은 구호뿐… 수출 편중에 불균형 심화,"정부는 제약바이오 산업의 혁신을 유도하기 위해 약가인하 정책을 실시했지만, 결과적으로 신약개발 동력을 약하게 만들었단 평가다. 또 수출 효자 품목인 바이오시밀러 산업에 지속적으로 정책 지원을 쏟아부은... ",https://www.m-i.kr/news/articleView.html?idxno=1399852,https://www.m-i.kr/news/articleView.html?idxno=1399852,"Sun, 09 Aug 2026 12:00:00 +0900",2026-08-10 08:34:44
바이오/헬스,제약 산업,NC AX·폴라리스AI핸디·DAI·SK AX 등 AI·AX 사명 변경 '붐'...피플바이...,"DAI는 AI 신약개발 플랫폼과 AI 기반 헬스케어 플랫폼, 제약산업 특화 GMP 솔루션, AI 에이전트 등을 새로운 성장축으로 육성할 계획이다. DAI는 사명을 바탕으로 ▲Intelligent(지능) ▲Innovation(혁신) ▲Impact(성과)를 3대... ",https://www.greened.kr/news/articleView.html?idxno=347187,https://www.greened.kr/news/articleView.html?idxno=347187,"Sun, 09 Aug 2026 09:30:00 +0900",2026-08-10 08:34:44
바이오/헬스,제약 산업,[더벨][thebell interview | 제약바이오 R&amp;D 인사이더스] 신용제 SK바이오...,그러나 방사성의약품 치료제(RPT)는 불과 몇 년 사이 글로벌 제약바이오산업의 새로운 격전지로 떠올랐다. 노바티스의 '플루빅토'가 상업적 성공을 거둔 이후 빅파마들은 후보물질 확보를 넘어 생산시설과... ,https://www.thebell.co.kr/free/content/ArticleView.asp?key=202608061009240000107628,https://www.thebell.co.kr/free/content/ArticleView.asp?key=202608061009240000107628,"Sun, 09 Aug 2026 08:48:00 +0900",2026-08-10 08:34:44
바이오/헬스,제약 산업,"삼성에피스홀딩스, 시밀러 넘어 신약으로…성장 스토리 구체화",중국은 제약·바이오 산업의 연구개발 역량이 빠르게 성장하고 있는 시장이다. 현지 연구 인프라를 활용하면 글로벌 신약 개발 경쟁에서 새로운 기회를 확보할 수 있다는 기대도 나온다. 다만 신약 사업은 성과가... ,https://www.pinpointnews.co.kr/news/articleView.html?idxno=475615,https://www.pinpointnews.co.kr/news/articleView.html?idxno=475615,"Sun, 09 Aug 2026 08:24:00 +0900",2026-08-10 08:34:44
바이오/헬스,제약 산업,"[글로벌 제약사 성장 코드] 노보 노디스크, 인슐린에서 GLP-1 비만 치료제...","이들이 현재 어떤 사업에 투자하고 미래 시장을 준비하는지는 국내 제약·바이오산업의 성장 방향을 가늠하는 기준이 될 수 있다. 본지는 주요 글로벌 제약사의 성장 과정과 핵심 전략, 현재의 과제와 미래 사업... ",https://www.g-enews.com/view.php?ud=202608061659067598b065b72042_1,https://www.g-enews.com/view.php?ud=202608061659067598b065b72042_1,"Sun, 09 Aug 2026 08:02:00 +0900",2026-08-10 08:34:44
바이오/헬스,제약 산업,반도체+·금융반도체지주·美우주항공 [이주의 상장ETF],"플러스 산업은 자동차, 제약·바이오, 2차전지, 화장품, 화학, 철강, 금융, 엔터테인먼트 가운데 뉴스 키워드 발생 빈도와 산업 규모, 정부 정책 등을 각각 50%, 20%, 30% 비중으로 점수화해 선정한다 포트폴리오는 5개... ",https://it.chosun.com/news/articleView.html?idxno=2023092167633,https://it.chosun.com/news/articleView.html?idxno=2023092167633,"Sun, 09 Aug 2026 06:20:00 +0900",2026-08-10 08:34:44
바이오/헬스,신약 개발,"[더벨][혁신형 제약기업 인증 전략 점검] 한독, 떨어진 R&amp;D 비중… 반전...","자체 연구개발과 오픈이노베이션을 병행해 항암과 희귀질환, 당뇨 분야의 신약개발을 지속한다는 방침이다. 다만 연구개발비 감소의 구체적인 배경에 대해서는 별도 설명을 내놓지 않았다. R&amp;D 투자 감소로 정량평가... ",https://www.thebell.co.kr/free/content/ArticleView.asp?key=202608051443385240101437,https://www.thebell.co.kr/free/content/ArticleView.asp?key=202608051443385240101437,"Mon, 10 Aug 2026 08:32:00 +0900",2026-08-10 08:34:45
바이오/헬스,신약 개발,"[더벨][혁신형 제약기업 인증 전략 점검] 유나이티드제약, 소송 리스크...",기존 개량신약 중심의 연구·개발(R&amp;D) 포트폴리오가 취약점으로 지적되고 있지만 국내 신약 개발 바이오기업들과의 협업을 통해 혁신성을 높이는 중이다. 글로벌 파트너십의 지속성과 대형 기술수출 성과의 부재 등도... ,https://www.thebell.co.kr/free/content/ArticleView.asp?key=202608060753431520102445,https://www.thebell.co.kr/free/content/ArticleView.asp?key=202608060753431520102445,"Mon, 10 Aug 2026 08:22:00 +0900",2026-08-10 08:34:45
바이오/헬스,신약 개발,"아리바이오, 아리바이오랩 전략적 투자 확대",단순한 자금 지원을 넘어 양사의 지분 관계를 강화하고 아리바이오의 알츠하이머 신약개발 역량과 아리바이오랩의 백신·면역 기술을 연결하기 위한 전략적 투자다. 최근 공시 기준 아리바이오홀딩스와 특별관계자의... ,https://view.asiae.co.kr/article/2026081008164209514,https://n.news.naver.com/mnews/article/277/0005800708?sid=101,"Mon, 10 Aug 2026 08:16:00 +0900",2026-08-10 08:34:45
바이오/헬스,신약 개발,"아리바이오, 아리바이오랩에 50억 투자…알츠하이머 치료 넘어 예방까지...",이번 투자는 양사의 지분 관계를 강화하고 아리바이오의 알츠하이머 신약개발 역량과 아리바이오랩의 백신·면역 기술을 연결하기 위한 전략적 투자다. 회사 측에 따르면 아리바이오홀딩스와 특별관계자의... ,https://www.etoday.co.kr/news/view/2612558,https://www.etoday.co.kr/news/view/2612558,"Mon, 10 Aug 2026 08:14:00 +0900",2026-08-10 08:34:45
바이오/헬스,신약 개발,"[오늘의 신문] 이란전쟁·폭염 ‘이중 충격’…美 미사일 부족, K-정유 ...",세계 500대 슈퍼컴퓨터에 이름을 올린 이 시스템은 기후변화 대응과 신약 개발 등에 활용된다. 3년 전 한·아세안 정상회담을 계기로 추진됐으며 한·아세안 협력기금 1000만달러가 투입됐다.폭염이 공사비까지... ,http://kor.theasian.asia/archives/412611,http://kor.theasian.asia/archives/412611,"Mon, 10 Aug 2026 08:00:00 +0900",2026-08-10 08:34:45
바이오/헬스,신약 개발,"[기고] 양자클러스터 조기 지정, 지금이 마지막 적기다","이 세 기술이 합류하는 지점에서 비로소 신약 개발, 바이오헬스, 양자 의료기기, 정밀의료가 하나의 산업적 가치사슬로 연결된다. 구체적으로 보자. 분자구조 계산, 약물-단백질 결합 분석, 화학반응 경로 예측처럼 신약... ",https://www.joongang.co.kr/article/25452056,https://n.news.naver.com/mnews/article/025/0003543308?sid=105,"Mon, 10 Aug 2026 08:00:00 +0900",2026-08-10 08:34:45
바이오/헬스,신약 개발,"“2b상 필수 아냐”…강스템바이오텍, 임상 속전속결 노림수 먹힐까",국내 신약 개발과 관련한 임상 흐름은 최근 들어 전략과 계획이 다양해지는 추세인 것으로 알려졌다. 제약·바이오업계 RA(Regulatory Affairs·인허가) 업무 담당자는 “요즘 임상 디자인 자체가 옛날과 달리 유연해져서... ,https://www.edaily.co.kr/news/newspath.asp?newsid=01915526645546008,https://n.news.naver.com/mnews/article/018/0006348436?sid=105,"Mon, 10 Aug 2026 07:32:00 +0900",2026-08-10 08:34:45
바이오/헬스,신약 개발,"환율은 CMO, 특허절벽은 바이오시밀러…불황 속 유망 업종은","다만 “아무에게나 수혜가 가는 것은 아니다”라며 “바이오시밀러 역시 신약 개발에 버금가는 자금과 연구개발 역량이 필요하고 진입장벽도 높아, 충분한 개발·생산 능력을 갖춘 기업에 수혜가 집중될 것”이라고... ",https://www.edaily.co.kr/news/newspath.asp?newsid=01817126645546008,https://n.news.naver.com/mnews/article/018/0006348429?sid=105,"Mon, 10 Aug 2026 07:03:00 +0900",2026-08-10 08:34:45
바이오/헬스,신약 개발,동네 보건소부터 응급실까지…의료 AI 전국망 깐다 [D:로그인],"신약 개발에도 AI 활용을 확대한다. 국가 GPU 기반 K-AI 신약 플랫폼을 구축하고 국가 통합 바이오 빅데이터를 연구개발에 활용한다. 바이오 빅데이터는 2026년 11월 12만명 규모로 우선 개방한 뒤 2029년 70만명 이상, 2032년... ",https://www.dailian.co.kr/news/view/1675960/?sc=Naver,https://n.news.naver.com/mnews/article/119/0003120006?sid=102,"Mon, 10 Aug 2026 07:01:00 +0900",2026-08-10 08:34:45
바이오/헬스,신약 개발,“단일요법 한계”…국내서 숨고르는 ‘렉라자’,렉라자는 국내 개발 신약이라는 상징성과 뇌혈관장벽(BBB) 투과율이 높아 뇌전이 환자도 뛰어난 치료 효과를 기대할 수 있다는 장점을 앞세워 국내 EGFR 비소세포폐암 치료 시장에 빠르게 침투했다. 특히 J&amp;J의 이중항체... ,https://www.sedaily.com/article/20077293?ref=naver,https://n.news.naver.com/mnews/article/011/0004650077?sid=103,"Mon, 10 Aug 2026 07:00:00 +0900",2026-08-10 08:34:45
바이오/헬스,신약 개발,[Who Is ?] 박성수 대웅제약 대표이사 사장,"투자는 차세대 신약개발 방식으로 주목받고 있는 '유도근접(Induced Proximity)' 기술을 확보하고, 글로벌 협력 기반을 확대하기 위한 목적으로 추진됐다. 유도근접 기술은 질병에 관여하는 단백질과 이를 제어할 수 있는... ",https://www.businesspost.co.kr/BP?command=article_view&num=443473,https://www.businesspost.co.kr/BP?command=article_view&num=443473,"Mon, 10 Aug 2026 07:00:00 +0900",2026-08-10 08:34:45
바이오/헬스,신약 개발,"듀켐바이오 &quot;500억 투자 RPT CDMO, 유상증자 없이 구축&quot;",회사는 자체 RPT 신약 개발도 병행하고 있다. 현재 공개한 표적은 TROP-2와 FAP이고 추가로 3~4개 표적을 검토 중이다. 회사 관계자는 &quot;현재는 리드물질 발굴 단계로 2027년 상반기까지 하나 이상의 표적에서 후보물질을... ,https://www.hitnews.co.kr/news/articleView.html?idxno=78279,https://www.hitnews.co.kr/news/articleView.html?idxno=78279,"Mon, 10 Aug 2026 06:12:00 +0900",2026-08-10 08:34:45
바이오/헬스,신약 개발,"기술수출의 상징 유한양행 렉라자, 마일스톤 넘어 로열티 시대로",혁신 신약 개발이 가져올 수 있는 최대의 성과를 렉라자가 증명해 보이고 있다. 1  렉라자 병용요법 10조원 매출시 최대 4234억원 로열티 추산 유한양행의 EGFR변이 비소세포폐암 치료제 '렉라자'의 매출에 따른... ,https://www.hitnews.co.kr/news/articleView.html?idxno=78274,https://www.hitnews.co.kr/news/articleView.html?idxno=78274,"Mon, 10 Aug 2026 06:12:00 +0900",2026-08-10 08:34:45
바이오/헬스,신약 개발,"휴젤, R&amp;D 사업 '확장'에서 '선별'로…차세대 톡신 집중","짧다면 짧은 시간이지만, 신약 연구개발(R&amp;D) 전략에 변화가 생기기엔 충분한 시간이기도 합니다. 어떤 기업은 R&amp;D 투자를 줄이며 생존을 택하고, 또 어떤 기업은 선택과 집중을 통해 새로운 길을 모색합니다. 국내... ",https://www.medipana.com/news/articleView.html?idxno=415684,https://www.medipana.com/news/articleView.html?idxno=415684,"Mon, 10 Aug 2026 06:06:00 +0900",2026-08-10 08:34:45
바이오/헬스,신약 개발,ICER 개편 기대감 커지지만…'혁신 가치' 반영이 관건,신약 개발 당시 임상시험 설계와 급여평가에서 요구하는 비교 근거 사이에 간극이 생기는 것이다. 기존 성분이라도 전달기술이나 투여기기를 개선한 치료제 역시 비슷한 문제를 안고 있다. 약효 지속시간을 늘리거나... ,https://www.medipana.com/news/articleView.html?idxno=415676,https://www.medipana.com/news/articleView.html?idxno=415676,"Mon, 10 Aug 2026 06:06:00 +0900",2026-08-10 08:34:45
바이오/헬스,신약 개발,"순자산 54% 떼어내는 코오롱제약, 신약개발 독립 법인 추진",코오롱제약이 신약개발 사업부문을 떼어내 별도 연구개발 전문회사를 신설한다. 2023년 항암 바이오텍 플랫바이오를 흡수합병하며 신약개발을 새로운 성장축으로 품은 지 3년 만이다. 제약사업과 신약개발을 한... ,https://www.dailypharm.com/user/news/341240?REFERER=NP,https://www.dailypharm.com/user/news/341240?REFERER=NP,"Mon, 10 Aug 2026 06:02:00 +0900",2026-08-10 08:34:45
바이오/헬스,헬스케어 시장,"바디프랜드, 건기식 시장 진출...'헬스케어로봇' 넘어 건강수명 토탈케...",헬스케어로봇® 기업 바디프랜드(대표이사 곽도연·김철환)가 건강기능식품 시장에 본격 진출하며 '건강수명 토탈케어 기업'으로 사업 영역을 확장한다. 바디프랜드는 건강기능식품 브랜드 '바디프랜드 헬스케어(BODYFRIEND... ,http://www.popcornnews.net/news/articleView.html?idxno=129102,http://www.popcornnews.net/news/articleView.html?idxno=129102,"Mon, 10 Aug 2026 08:32:00 +0900",2026-08-10 08:34:45
바이오/헬스,헬스케어 시장,"바디프랜드, 건강기능식품 시장 진출…‘바디프랜드 헬스케어’ 론칭",건강기능식품 시장에 진출한다. 마사지체어와 헬스케어로봇 중심이던 사업 영역을 건강기능식품으로 넓혀 이른바 ‘건강수명 토탈케어 기업’으로 확장한다는 전략이다. 바디프랜드는 건강기능식품 브랜드... ,https://biz.heraldcorp.com/article/10835381?ref=naver,https://n.news.naver.com/mnews/article/016/0002681443?sid=101,"Mon, 10 Aug 2026 08:28:00 +0900",2026-08-10 08:34:45
바이오/헬스,헬스케어 시장,"CU, 건기식 판매점 2000곳 늘린다…소포장·멀티비타민 강화","이근웅 BGF리테일 가공식품팀 MD는 &quot;CU는 건기식 운영점과 상품 라인업을 지속 확대해 고객의 다양한 건강관리 수요에 대응하고, 편의점 헬스케어 시장을 선도해 나갈 것&quot;이라고 말했다.",https://www.news1.kr/industry/distribution/6253659,https://n.news.naver.com/mnews/article/421/0009104986?sid=101,"Mon, 10 Aug 2026 08:15:00 +0900",2026-08-10 08:34:45
바이오/헬스,헬스케어 시장,순환매 온기 퍼지는 코스닥… 과대 낙폭 딛고 ‘선별적 종목 장세’ 시...,"코스닥 시장이 회복세를 나타내고 있다. 레버리지 ETF 등 과열됐던 투기성 자금이 줄어들고, 소외됐던... 특히 헬스케어, 로봇, 2차전지, 소부장(소재·부품·장비) 관련 중소형 성장주들이 최근 저점 대비 15~30% 안팎의... ",https://biz.chosun.com/stock/stock_general/2026/08/10/H7AC6G7JHNAFPJU5Q5ZLYP4BQI/?utm_source=naver&utm_medium=original&utm_campaign=biz,https://n.news.naver.com/mnews/article/366/0001185164?sid=101,"Mon, 10 Aug 2026 08:10:00 +0900",2026-08-10 08:34:45
바이오/헬스,헬스케어 시장,"CU, 올해 건기식 판매점 2000곳 늘린다…편의점 ‘헬스케어 2.0’ 가동",강화하는 ‘헬스케어 2.0’ 전략을 추진한다. CU는 지난해 7월 전국 약 6000개 점포에서 건기식 판매를 시작했다. 편의점 고객 특성을 반영해 소용량·소포장 제품을 5000원 이하 가격대로 구성하면서 시장에서 호응을... ,https://www.mydaily.co.kr/page/view/2026081008075549363,https://n.news.naver.com/mnews/article/117/0004093322?sid=103,"Mon, 10 Aug 2026 08:09:00 +0900",2026-08-10 08:34:45
바이오/헬스,헬스케어 시장,"[모닝 리포트] 하나증권 &quot;은행주, 우려 요인에도 순환매 장세 소외 가능...","소비재, 헬스케어, 건설, 은행 등 비반도체 업종으로 순환매가 유입됐다&quot;고 설명했다. 외국인과 국내... 시장 일각의 우려 요인에 대해서는 제한적인 영향에 그칠 것으로 내다봤다. 6월 폭락했던 월중 NIM은 기업들의... ",https://www.newspim.com/news/view/20260810000031,https://www.newspim.com/news/view/20260810000031,"Mon, 10 Aug 2026 08:08:00 +0900",2026-08-10 08:34:45
바이오/헬스,헬스케어 시장,"CU, 건기식 누적 130만 개 돌파… 편의점 '헬스케어 2.0' 전략 가속화",건기식을 구매하는 소비 문화가 확립되고 있다&quot;라며 &quot;CU는 건기식 판매 매장과 상품 선택지를 지속 확대해 다변화되는 고객 니즈를 충족하고 편의점 헬스케어 시장의 주도권을 확보해 나갈 것&quot;이라고 전했다.,https://www.abcn.kr/news/articleView.html?idxno=90316,https://www.abcn.kr/news/articleView.html?idxno=90316,"Mon, 10 Aug 2026 08:02:00 +0900",2026-08-10 08:34:45
바이오/헬스,헬스케어 시장,반도체 폭락장 속 코스피 역행…은행주 5.7% 상승 '외인·기관 1500억 매...,반도체가 주춤하면서 소비재·헬스케어·건설 등 비반도체 업종으로 순환매가 발생하는 흐름 속에... 미국의 7월 고용이 시장 예상과 달리 감소하면서 노동시장 둔화가 뚜렷하다는 평가가 나왔다. 이에 따라 9월... ,http://www.ftoday.co.kr/news/articleView.html?idxno=363275,http://www.ftoday.co.kr/news/articleView.html?idxno=363275,"Mon, 10 Aug 2026 08:00:00 +0900",2026-08-10 08:34:45
바이오/헬스,헬스케어 시장,"하나증권 “은행주, 일부 우려 요인에도 순환매 장세서 소외 가능성 낮...","반면 반도체가 주춤하면서 소비재, 헬스케어, 건설 등 비반도체 업종들로 순환매가 발생하고 있는... 미국의 7월 고용이 예상과 달리 감소해 노동시장 둔화가 뚜렷하다는 평가가 나오면서 9월 기준금리 인상 전망이... ",https://kpenews.com/View.aspx?No=4179861,https://kpenews.com/View.aspx?No=4179861,"Mon, 10 Aug 2026 07:48:00 +0900",2026-08-10 08:34:45
바이오/헬스,헬스케어 시장,"리솔, 국내 수면기기 최초 美 NSF '슬립마크' 획득…글로벌 수면 웰니스...",권구성 리솔 공동대표는 &quot;국내 수면기기 최초 NSF 슬립마크 획득을 통해 글로벌 시장에서 제품 신뢰도를 높일 수 있는 기반을 마련했다&quot;며 &quot;국내 사업을 강화하는 동시에 일본을 비롯한 해외 수면·뇌건강 헬스케어 시장... ,https://www.public25.com/news/articleView.html?idxno=52342,https://www.public25.com/news/articleView.html?idxno=52342,"Mon, 10 Aug 2026 07:46:00 +0900",2026-08-10 08:34:45
바이오/헬스,헬스케어 시장,"삼성 이병철 회장이 만든 한국경제인협회, 창립 65주년 맞아 끈 '창업 1...","이어 &quot;글로벌 시장에서 K-기업의 성공 신화를 이어가려면 혁신적인 스타트업 육성이 필수&quot;라며 &quot;창립... 다만, 인공지능(AI)·반도체·바이오·헬스케어·로봇·첨단 제조 등 신산업 분야 스타트업은 업력 10년 이내까지... ",https://www.greened.kr/news/articleView.html?idxno=347203,https://www.greened.kr/news/articleView.html?idxno=347203,"Mon, 10 Aug 2026 07:33:00 +0900",2026-08-10 08:34:45
바이오/헬스,헬스케어 시장,"세븐일레븐, 즉석스무디 70만잔→CU, 건기식 130만개 돌파",사진=CU CU는 건강기능식품 운영점을 확대하고 상품 라인업을 대폭 리뉴얼 하는 등 편의점 '헬스케어 2.0 전략... 관련 시장을 빠르게 선점했다. 건기식 누적 판매량은 첫 출시 이후 현재까지 130만개 이상을 기록하며... ,https://www.slist.kr/news/articleView.html?idxno=757724,https://www.slist.kr/news/articleView.html?idxno=757724,"Mon, 10 Aug 2026 07:28:00 +0900",2026-08-10 08:34:45
바이오/헬스,헬스케어 시장,"[리스트] MVP 상위 20선...마녀공장, 농심 등 - 10일","인피니트헬스케어, 동방메디컬 등이다. 이날 새로 편입된 종목은 11개로 농심, 샘씨엔에스... MVP점수는 시장의 주목을 받는 저평가 우량주와 투자에 유의해야 하는 부실주를 빠르게 진단할... ",https://www.itooza.com/common/iview.php?no=2026081007153601502,https://www.itooza.com/common/iview.php?no=2026081007153601502,"Mon, 10 Aug 2026 07:22:00 +0900",2026-08-10 08:34:45
바이오/헬스,헬스케어 시장,"외국계 생보사, 저축성보험 존재감 확대…보장성은 라이나·AIA",외국계 6사의 신계약 건수는 전년 동기보다 줄었지만 전체 시장 감소 폭이 더 컸던 영향이다. 상품별로는... 건강보장에 헬스케어 서비스를 결합해 고객 접점을 넓히고 있다. 라이나는 같은 기간 개인보험 신계약... ,http://www.fins.co.kr/news/articleView.html?idxno=109521,http://www.fins.co.kr/news/articleView.html?idxno=109521,"Mon, 10 Aug 2026 07:08:00 +0900",2026-08-10 08:34:45
바이오/헬스,헬스케어 시장,[로킷헬스케어 상장 1년] '신장재생' 본임상 초읽기…미래 성장동력 본...,시장에서는 로킷헬스케어가 대규모 외부 자금 조달을 통해 연구개발(R&amp;D)과 임상에 필요한 투자 재원까지 확보한 만큼 향후 임상 성과가 새로운 성장축 확보의 분수령이 될 것이란 전망이 나온다. 7일 업계에 따르면... ,https://dealsite.co.kr/articles/166826,https://dealsite.co.kr/articles/166826,"Mon, 10 Aug 2026 07:04:00 +0900",2026-08-10 08:34:45
바이오/헬스,헬스케어 시장,"[더벨][IB 풍향계] 반전 노리는 KB증권, 하반기 딜 라인업 '주목'","올 상반기 기업공개(IPO) 시장이 예년에 비해 주춤했지만 하반기에는 치열한 경쟁이 이어질 전망이다.... 투자은행(IB)에 따르면 올해 KB증권은 리센스메디컬, 채비, 스트라드비젼, 레몬헬스케어, 레메디... ",https://www.thebell.co.kr/free/content/ArticleView.asp?key=202608051756522360104061,https://www.thebell.co.kr/free/content/ArticleView.asp?key=202608051756522360104061,"Mon, 10 Aug 2026 07:02:00 +0900",2026-08-10 08:34:45
바이오/헬스,헬스케어 시장,"[CEO워치] 박홍진, 현대그린푸드 실적으로 증명한 리더십…다음 과제는...",회사가 본업을 넘어 의료 마이데이터를 접목한 헬스케어 사업을 새로운 성장축으로 육성하고 있는 만큼... 단체급식이라는 본업 경쟁력을 기반으로 해외 시장과 케어푸드 등 미래 성장 분야를 육성해온 전략이 성과로... ,https://www.ceoscoredaily.com/page/view/2026080713455197607,https://www.ceoscoredaily.com/page/view/2026080713455197607,"Mon, 10 Aug 2026 07:00:00 +0900",2026-08-10 08:34:45
바이오/헬스,헬스케어 시장,"CU, 편의점 '헬스케어 2.0 전략' 실행...상품 라인업 대폭 리뉴얼","편의점에서 구매하는 소비 문화가 자리 잡고 있다&quot;며 &quot;CU는 건기식 운영점과 상품 라인업을 지속 확대해 고객의 다양한 건강관리 수요에 대응하고, 편의점 헬스케어 시장을 선도해 나갈 것&quot;이라고 말했다. [팝콘뉴스]",http://www.popcornnews.net/news/articleView.html?idxno=129089,http://www.popcornnews.net/news/articleView.html?idxno=129089,"Mon, 10 Aug 2026 06:52:00 +0900",2026-08-10 08:34:45
AI/소프트웨어,AI 주가,"[키-리포트] 대신 &quot;삼성SDS, AIDC에 10조 투자…AI 성장성 재평가&quot;",대신증권은 10일 삼성에스디에스(SDS)가 2031년까지 AI데이터센터(AIDC)를 중심으로 10조원 규모의 투자를 진행하는 만큼 AI 사업의 성장성을 재평가받을 것으로 내다봤다. 기업에 대한 목표주가는 37만원 투자의견은... ,http://www.newsdream.kr/news/articleView.html?idxno=115910,http://www.newsdream.kr/news/articleView.html?idxno=115910,"Mon, 10 Aug 2026 08:30:00 +0900",2026-08-10 08:34:46
AI/소프트웨어,AI 주가,"[딜 인사이드] 핑거, 로봇기업 인수에 75억 유증…피지컬 AI 승부수",금융 플랫폼 기업 핑거가 산업용 로봇 기업을 인수하며 피지컬 인공지능(AI) 사업에 진출한다. 피인수기업... 발행가는 주당 1만원으로 기준주가 9075원보다 10.2% 높게 정해졌다. 납입일은 오는 14일이며 신주는 내달... ,https://www.bloter.net/news/articleView.html?idxno=670395,https://n.news.naver.com/mnews/article/293/0000088817?sid=101,"Mon, 10 Aug 2026 08:30:00 +0900",2026-08-10 08:34:46
AI/소프트웨어,AI 주가,"NH증권 &quot;2분기 영업익 '어닝 쇼크' 수준, 목표가는 유지&quot;",또 &quot;부진한 2분기 영업이익 여파로 실적 발표 이후 지난 7일 주가는 7%까지 하락했다&quot;며 &quot;하지만 향후 AI 데이터센터 사업이 본격화하고 2027년부터 관련 매출이 발생하기 시작하면 신사업의 가치를 인정받을 것... ,https://www.yna.co.kr/view/AKR20260810017600008?input=1195m,https://n.news.naver.com/mnews/article/001/0016241556?sid=101,"Mon, 10 Aug 2026 08:28:00 +0900",2026-08-10 08:34:46
AI/소프트웨어,AI 주가,GS리테일 &quot;2028년 영업이익 3800억&quot;… 밸류업 계획 공시,전사적으로는 AI 전환(AX)과 데이터 기반 경영을 확대한다. 자산 효율화로 창출되는 현금은 자기자본이익률... 이어 &quot;확연한 실적 턴어라운드 국면으로 접어들었다&quot;며 목표주가를 3만1000원에서 3만5000원으로 상향... ,http://www.biztribune.co.kr/news/articleView.html?idxno=357182,http://www.biztribune.co.kr/news/articleView.html?idxno=357182,"Mon, 10 Aug 2026 08:26:00 +0900",2026-08-10 08:34:46
AI/소프트웨어,AI 주가,"헥토파이낸셜, 결제사업 성장세 지속…신사업 기반도 강화",인공지능(AI) 결제 등 신사업 기반도 강화되고 있다며 투자의견 '매수(Buy)'를 유지했다. 다만 목표주가는 주가와의 괴리율 부담을 반영해 기존 5만원에서 3만원으로 하향 조정했다. 헥토파이낸셜은 간편현금결제와 PG... ,http://www.newsprime.co.kr/news/article.html?no=743204,http://www.newsprime.co.kr/news/article.html?no=743204,"Mon, 10 Aug 2026 08:24:00 +0900",2026-08-10 08:34:46
AI/소프트웨어,AI 주가,"신한證 “네이버, 당장은 비용 늘지만 AI·신사업 성장 기대…목표가 2...",대해 AI와 결제·커머스 인프라 투자가 늘면서 단기 수익성은 낮아지고 있지만 신사업 확대에 따른 성장 기대는 커지고 있다고 평가했다. 투자의견 매수를 유지하고 목표주가는 기존 24만원에서 27만원으로 12.5... ,https://www.etoday.co.kr/news/view/2612565,https://www.etoday.co.kr/news/view/2612565,"Mon, 10 Aug 2026 08:24:00 +0900",2026-08-10 08:34:46
AI/소프트웨어,AI 주가,'AI 쏠림' 깨진 뉴욕증시…S&amp;P500 45%가 지수보다 더 올랐다,"미국 증시의 상승세를 소수의 인공지능(AI) 대형주가 떠받치던 구도가 무너지고 있다. 스탠더드앤드푸어스(S&amp;P)500지수 편입 종목의 절반 가까이가 지수 자체보다 더 많이 오르면서, 랠리의 저변이 4년 만에 가장... ",https://www.edaily.co.kr/news/newspath.asp?newsid=02053286645546008,https://n.news.naver.com/mnews/article/018/0006348476?sid=101,"Mon, 10 Aug 2026 08:23:00 +0900",2026-08-10 08:34:46
AI/소프트웨어,AI 주가,"AI 쏠림에 소외받은 승강기업체 오티스, 경기방어주 입증 시험대","CNBC에 따르면, 올해 들어 오티스의 주가는 약 15% 하락하며 산업재 섹터와 대형주 지수를 밑돌고 있다. AI 수혜주로의 투자금 이탈과 더불어 오티스 자체적인 서비스 부문에서의 '발목 잡기'가 원인으로 지적된다. 2025년... ",https://news.einfomax.co.kr/news/articleView.html?idxno=4429308,https://news.einfomax.co.kr/news/articleView.html?idxno=4429308,"Mon, 10 Aug 2026 08:18:00 +0900",2026-08-10 08:34:46
AI/소프트웨어,AI 주가,"[속보] 두산에너빌리티 주가 껑충, '8만빌리티' 돌파…7월 7일 이후 처음",AI가 생성한 이미지. 두산에너빌리티(034020) 주가가 10일 장전 NXT장에서 껑충 뛰며 이른바 '8만빌리티'를 돌파했다. 두산에너빌리티가 8만원선에 올라선 것은 지난 7월 7일 이후 처음이다. 한 달 넘게 넘지 못했던... ,https://www.cbci.co.kr/news/articleView.html?idxno=596403,https://www.cbci.co.kr/news/articleView.html?idxno=596403,"Mon, 10 Aug 2026 08:18:00 +0900",2026-08-10 08:34:46
AI/소프트웨어,인공지능 산업,"고양시, ‘글로벌 AI 도시’ 도약 시동.. “UN AI 허브 유치” 총력",AI 산업 거점으로 도약하는 발판이 될 것”이라며 “행정조직과 범시민 추진단이 함께 유치를 추진하겠다”고 말했다. 안전하고 공정하게…범지구적 AI 협력 플랫폼 구축 UN 글로벌 AI 허브는 인공지능을 안전하고... ,https://sports.donga.com/region/article/all/20260810/134447107/1,https://n.news.naver.com/mnews/article/382/0001287358?sid=102,"Mon, 10 Aug 2026 08:32:00 +0900",2026-08-10 08:34:47
AI/소프트웨어,인공지능 산업,"망고부스트, 글로벌 웹사이트 오픈…'AI 풀스택' 사업 힘준다",망고부스트가 글로벌 웹사이트를 새롭게 열고 인공지능(AI) 인프라 사업 확대에 나섰다. AI 데이터센터를... 망고부스트는 '실리콘부터 시스템까지' 전략 중심으로 AI 데이터센터 구축 기술부터 산업별 솔루션과 핵심 기술... ,https://zdnet.co.kr/view/?no=20260809211129,https://n.news.naver.com/mnews/article/092/0002433435?sid=105,"Mon, 10 Aug 2026 08:30:00 +0900",2026-08-10 08:34:47
AI/소프트웨어,인공지능 산업,“얼마나 때릴까”보다 “왜 때리나”…기업이 두려운 건 ‘예측불허’...,산업별 특성을 반영한 맞춤형 평가 지표도 필요하다. 제약·의료기기 업종은 리베이트 규제 준수 여부와... 이어 “인공지능(AI)과 디지털 플랫폼 등 고도의 전문성이 요구되는 다른 규제 분야에도 원칙적으로 3심제가... ,https://economist.co.kr/article/view/ecn202608050049,https://n.news.naver.com/mnews/article/243/0000101417?sid=101,"Mon, 10 Aug 2026 08:30:00 +0900",2026-08-10 08:34:47
AI/소프트웨어,인공지능 산업,"KOSA-KOEMA, 전기산업 AX 확산 '맞손'…AI 수요 발굴·인재양성 협력",한국인공지능·소프트웨어산업협회(KOSA)와 한국전기산업진흥회(KOEMA)가 전기산업 현장의 인공지능 전환(AX)을 확대하기 위해 AI 공급기업과 제조기업을 연결하고 특화 AI 모델 발굴과 인재양성에 협력한다. KOSA와... ,https://www.epnc.co.kr/news/articleView.html?idxno=405306,https://www.epnc.co.kr/news/articleView.html?idxno=405306,"Mon, 10 Aug 2026 08:30:00 +0900",2026-08-10 08:34:47
AI/소프트웨어,인공지능 산업,"'실리콘부터 시스템까지' 망고부스트, 글로벌 웹사이트 오픈…AI 인프라...",인공지능(AI) 인프라 기업 망고부스트가 글로벌 웹사이트를 전면 개편하고 차세대 '에이전틱 AI' 시장을... AI 데이터센터 구축을 위한 인프라 기술과 산업별 최적화 솔루션과 글로벌 파트너십 현황도 한눈에 확인할 수... ,https://economist.co.kr/article/view/ecn202608070028,https://n.news.naver.com/mnews/article/243/0000101418?sid=105,"Mon, 10 Aug 2026 08:30:00 +0900",2026-08-10 08:34:47
AI/소프트웨어,인공지능 산업,"고양특례시, 'UN 글로벌 AI 허브' 유치에 사활 ... &quot;세계의 AI 기준, 고양...","고양특례시가 수도권 배후 도시의 틀을 깨뜨리고, 전 세계 인공지능(AI) 규범 수립과 기술 협력을 주도할... 민경선 고양특례시장은 &quot;UN 글로벌 AI 허브 유치는 고양시가 세계적 AI 산업 거점으로 도약하는 결정적... ",http://www.ttlnews.com/news/articleView.html?idxno=3132792,http://www.ttlnews.com/news/articleView.html?idxno=3132792,"Mon, 10 Aug 2026 08:26:00 +0900",2026-08-10 08:34:47
AI/소프트웨어,인공지능 산업,"KAIST 새 5년, 'AI 전사' 키운다… '기본이 강한 글로벌 혁신 선도대학'...","KAIST가 개교 55년의 성과를 토대로 인문·기초과학과 인공지능 역량을 함께 갖춘 인재를 키우고, 연구실의 기술을 산업과 창업 현장으로 옮기는 대학 체질 개편에 들어간다. 배충식 제18대 KAIST 총장은 10일 오전 10시... ",https://www.bzeronews.com/news/articleView.html?idxno=821036,https://www.bzeronews.com/news/articleView.html?idxno=821036,"Mon, 10 Aug 2026 08:24:00 +0900",2026-08-10 08:34:47
AI/소프트웨어,인공지능 산업,재생에너지 기반 데이터센터 운영 사업 추진,"이번 사업은 재생에너지를 기반으로 한 40MW 규모의 그린 인공지능 데이터센터 구축과 제주 특화산업의 인공지능 전환, 전문 인재 양성 등 세 가지 방향으로 추진될 예정입니다.",https://jejumbc.com/NewsArticle/855685,https://jejumbc.com/NewsArticle/855685,"Mon, 10 Aug 2026 08:18:00 +0900",2026-08-10 08:34:47
AI/소프트웨어,인공지능 산업,"콘진원, AI·XR 융복합콘텐츠 한자리... 'NCA 쇼케이스' 19일 개막","콘텐츠를 산업 관계자와 일반 관람객에게 선보인다. 전시 현장에서는 생성형 인공지능(AI)을 활용한 콘텐츠 서비스를 비롯해 확장현실(XR)·가상현실(VR) 체험 콘텐츠와 인터랙티브 미디어아트 등 기술과 이야기, 문화적... ",http://www.newsworker.co.kr/news/articleView.html?idxno=440349,http://www.newsworker.co.kr/news/articleView.html?idxno=440349,"Mon, 10 Aug 2026 08:18:00 +0900",2026-08-10 08:34:47
AI/소프트웨어,인공지능 산업,"대신證 &quot;네이버, AI 인프라 비용 증가·경쟁 우려…목표가↓&quot;","대신증권은 10일 네이버에 대해 국내 에이전트 인공지능(AI) 초기 시장 선점 가능성을 긍정적으로... 투자와 산업의 재편 과정을 모니터링하며 매집 가능한 구간&quot;이라고 분석했다. 한편, 국내 에이전트 AI 초기 시장 선점... ",https://www.newsis.com/view/NISX20260810_0003742090,https://n.news.naver.com/mnews/article/003/0014116777?sid=101,"Mon, 10 Aug 2026 08:13:00 +0900",2026-08-10 08:34:47
AI/소프트웨어,인공지능 산업,[유럽 특징주] 월가 &quot;유럽 주가 강세 이번엔 오래 간다&quot;,"이 기사는 인공지능(AI) 번역을 바탕으로 전문 기자들의 검증과 분석을 거쳐 생산된 콘텐츠입니다. 원문은... 뱅크오브아메리카가 산업그룹 ABB(ABBN), 은행 스탠다드차타드(STAN), 전력회사 이온(EOAN) 등으로 구성한 유럽... ",https://www.newspim.com/news/view/20260810000051,https://www.newspim.com/news/view/20260810000051,"Mon, 10 Aug 2026 08:13:00 +0900",2026-08-10 08:34:47
AI/소프트웨어,클라우드 시장,"애플, 중국 맥에 알리바바 AI 연동…AI-PC 시장 공략 강화",중국 현지 AI 규제에 맞춘 서비스를 확대해 AI PC 시장에서 경쟁력을 높이려는 전략으로 풀이된다. 사진은... 알리바바 역시 애플의 기본 소프트웨어에 큐원을 탑재함으로써 자사 애플리케이션과 클라우드 서비스를... ,https://www.edaily.co.kr/news/newspath.asp?newsid=02043446645546008,https://n.news.naver.com/mnews/article/018/0006348473?sid=101,"Mon, 10 Aug 2026 08:21:00 +0900",2026-08-10 08:34:47
AI/소프트웨어,클라우드 시장,‘꺼진 기술도 다시 보자’... 첨단 테크시대 부활한 옛 기술들,한때 시장에서 외면받거나 사장될 위기에 놓였던 산업 기술들이 인공지능(AI)·우주·자율주행 등 첨단... 1970~80년대 기업 전산 시스템의 상징이었던 메인프레임은 PC와 클라우드 컴퓨팅 확산으로 ‘사라질 기술’이라는... ,https://www.chosun.com/economy/tech_it/2026/08/10/MZGSQPGGAFGPRBFLVR53JFOBEU/?utm_source=naver&utm_medium=referral&utm_campaign=naver-news,https://n.news.naver.com/mnews/article/023/0003992150?sid=105,"Mon, 10 Aug 2026 08:09:00 +0900",2026-08-10 08:34:47
AI/소프트웨어,클라우드 시장,"[박수연 칼럼] K-AI 인프라, 2조 첫 삽 떴지만...전력·기술 두 개의 벽 ...",삼성전자도 지난해 인수를 완료한 유럽 공조기업 플랙트그룹을 기반으로 AI 데이터센터 냉각 시장 공략을 확대하고 있다. 정부도 국내 기술 생태계 확충에 나섰다. 정보통신기획평가원(IITP)이 추진하는 K-클라우드... ,http://www.thevaluenews.co.kr/news/view.php?idx=200639,http://www.thevaluenews.co.kr/news/view.php?idx=200639,"Mon, 10 Aug 2026 08:04:00 +0900",2026-08-10 08:34:47
AI/소프트웨어,클라우드 시장,"IREN, 비트코인 채굴서 AI 인프라로 사업 전환…주가 8.7% 급등",이번 주가 상승은 대규모 AI 고객 계약 체결과 클라우드 인프라 기업 인수 완료 등 구체적인 사업 성과에... 시장 전문가들은 IREN의 이번 계약이 단순한 단기 수주가 아닌 중장기 안정적 수익 구조를 확보했다는... ,https://www.tokenpost.kr/news/cryptocurrency/387269,https://www.tokenpost.kr/news/cryptocurrency/387269,"Mon, 10 Aug 2026 08:02:00 +0900",2026-08-10 08:34:47
AI/소프트웨어,클라우드 시장,7. AI 시대의 크루즈 관광 산업 성장을 위한 기술적 접근,아시아 크루즈 시장의 양적 성장과 현안 2020년대 아시아 크루즈 시장은 코로나19 팬데믹으로 인한... 서버나 클라우드에 수집·저장·분석하는 전통적인 빅데이터 관리 방식은 각국의 데이터 주권 원칙에 위배되어... ,https://www.hdhy.co.kr/news/articleView.html?idxno=34987,https://www.hdhy.co.kr/news/articleView.html?idxno=34987,"Mon, 10 Aug 2026 08:02:00 +0900",2026-08-10 08:34:47
AI/소프트웨어,클라우드 시장,"네이버, '엔비디아 최신 GPU 탑재'로 AI 팩토리 시장 주도…&quot;매력적인 밸...",인공지능(AI) 광고 수익화가 본격화되고 스마트스토어 거래액 또한 15.5% 성장하며 시장 성장률을... 끝으로 &quot;타 네오클라우드 사업자와 다르게 밸류에이션 부담 또한 높지 않은 만큼 가격 매력이 높을 때부터... ,http://www.newsprime.co.kr/news/article.html?no=743182,http://www.newsprime.co.kr/news/article.html?no=743182,"Mon, 10 Aug 2026 07:50:00 +0900",2026-08-10 08:34:47
AI/소프트웨어,클라우드 시장,"네이버가 잘해온 것, 잘하려는 것, 잘하고 싶은 것","컴퓨팅, 클라우드 모델 운영 서비스를 결합한 고부가가치 사업으로 이 시장에 접근하고 있다&quot;고 말했습니다. 또 다른 강점으로는 '풀 스택 역량을 기반으로 한 빠른 속도'를 내세웁니다. 최 대표는 &quot;이제 막 데이터센터... ",https://byline.network/?p=9004111222614589,https://byline.network/?p=9004111222614589,"Mon, 10 Aug 2026 07:48:00 +0900",2026-08-10 08:34:47
AI/소프트웨어,클라우드 시장,스페이스X 주가 300달러 갈까…월가가 주목한 AI 성장성,"그는 상장 후 첫 실적 발표와 보호예수(lock-up) 해제로 수억 주가 시장에 풀린 상황에서도 추가 주식... 경영진은 AI 수요 확대와 클라우드 컴퓨팅 계약, 스타링크 서비스 확장을 기반으로 2026년 말까지... ",http://coinreaders.com/251879,http://coinreaders.com/251879,"Mon, 10 Aug 2026 07:26:00 +0900",2026-08-10 08:34:47
AI/소프트웨어,클라우드 시장,"[서학개미 브리핑] 서학개미, 이달 개별 기술주 '눈길'…대규모 매수세","빅테크 기업들의 클라우드 사업 실적이 시장 예상치를 웃돌면서 AI인프라 투자기대가 다시 살아난 영향으로 분석됩니다. 특히 지난달 50위권 밖이었던 아마존과 샌디스크, 마이크론이 단숨에 순매수 3위권에... ",https://biz.sbs.co.kr/article_hub/20000327563?division=NAVER,https://n.news.naver.com/mnews/article/374/0000526438?sid=101,"Mon, 10 Aug 2026 07:19:00 +0900",2026-08-10 08:34:47
AI/소프트웨어,클라우드 시장,[마켓 브리핑] 美고용 크게 악화…금리 인상 가능성 축소 '호재'로,"미국 고용 시장이 예상보다 크게 악화됐다는 소식을, 시장이 금리 인상 가능성을 낮출 호재로... 팔란티어를 필두로 클라우드 플레어, 아틀라시안 등 기업들이 호실적을 내놓으면서 소프트웨어 기업들에 대한... ",https://biz.sbs.co.kr/article_hub/20000327556?division=NAVER,https://n.news.naver.com/mnews/article/374/0000526436?sid=104,"Mon, 10 Aug 2026 07:16:00 +0900",2026-08-10 08:34:47
AI/소프트웨어,클라우드 시장,미국 반격 나섰다… 한미 AI동맹 '규제 암초',한국 클라우드 인프라에 7조 8500억 원(55억 6343만 달러)을 투자하고 코닝은 아산 굽힘 유리 생산 시설에 15억 달러(약 2조 1165억 원)를 투입하기로 했다. 시장지배력 과징금의 95.5% 미국 기업 편중 이러한 협력 흐름과 달리... ,https://www.g-enews.com/view.php?ud=2026081007003211282bd56fbc3c_1,https://www.g-enews.com/view.php?ud=2026081007003211282bd56fbc3c_1,"Mon, 10 Aug 2026 07:06:00 +0900",2026-08-10 08:34:47
AI/소프트웨어,클라우드 시장,"美 증시, '고용쇼크'에 금리인상 전망 제동...S&amp;P500 사상 최고치-[글로...",이날 시장을 움직인 핵심 변수는 단연 7월 고용보고서였죠. 비농업 부문 고용이 8만 건 증가할 거란 예상을... 클라우드 서비스 업체 클라우드플레어와 협업 소프트웨어 업체 아틀라시안 등이 어닝 서프라이즈를... ,http://www.wowtv.co.kr/NewsCenter/News/Read?articleId=A202608100045&t=NN,https://n.news.naver.com/mnews/article/215/0001261721?sid=101,"Mon, 10 Aug 2026 07:03:00 +0900",2026-08-10 08:34:47
AI/소프트웨어,클라우드 시장,"[더벨][K-로봇 스타트업 인사이드] 리얼월드, 한·일서 현장 데이터 선점...","산업 현장에서 확보한 데이터를 AI 모델 개발로 연결하고 이를 글로벌 시장으로 확장하는 구조다. 한국과... 기술기업은 AI 컴퓨팅과 클라우드, 시뮬레이션 인프라를 제공하고 리얼월드는 산업 현장 데이터와 RFM, 상용화... ",https://www.thebell.co.kr/free/content/ArticleView.asp?key=202608060910278080106850,https://www.thebell.co.kr/free/content/ArticleView.asp?key=202608060910278080106850,"Mon, 10 Aug 2026 07:02:00 +0900",2026-08-10 08:34:47
AI/소프트웨어,클라우드 시장,[더벨][디노티시아 밸류업] 'AI 스토리지' 승부수…데이터 인프라 시장...,생성형 AI의 기업 도입이 확대되면서 기업 데이터를 AI가 활용할 수 있도록 지원하는 데이터 인프라 시장도... 씨홀스 클라우드는 SaaS와 온프레미스 형태로 공급된다. 클라우드에서는 별도 인프라 구축 없이 문서... ,https://www.thebell.co.kr/free/content/ArticleView.asp?key=202608061544190040109349,https://www.thebell.co.kr/free/content/ArticleView.asp?key=202608061544190040109349,"Mon, 10 Aug 2026 07:02:00 +0900",2026-08-10 08:34:47
AI/소프트웨어,클라우드 시장,"[Invest]대형 건설사들, 데이터센터에 베팅…AI 회의론 지울까","삼성물산은 글로벌 빅테크 기업을 대상으로 수주를 추진하고 있으며, 동남아를 넘어 중동과 호주 등으로 시장을 확대할 계획이다. 재작년 11월에는 40MW 규모의 '안산 글로벌 클라우드 센터' 사업을 4000억원에 수주했다.... ",https://www.investchosun.com/site/data/html_dir/2026/08/07/2026080780110.html,https://www.investchosun.com/site/data/html_dir/2026/08/07/2026080780110.html,"Mon, 10 Aug 2026 07:02:00 +0900",2026-08-10 08:34:47
AI/소프트웨어,AI 반도체,"[추적]⑪ '25일 침묵설', 절반만 맞았다!",일러스트=AI 생성·자료=미국 SEC·Cornell Legal Information Institute ■ 25일 규정은... 용인 반도체 클러스터 2기 팹 Y2에 35조2000억원. 청주 낸드 신규 팹 M17에 19조1000억원. 합계... ,http://www.breaknews.com/1227742,http://www.breaknews.com/1227742,"Mon, 10 Aug 2026 08:30:00 +0900",2026-08-10 08:34:48
AI/소프트웨어,AI 반도체,"[아이온의 AI:온] 오픈AI '도넛', 스마트폰에 도전장","다만 외국인 수급 회복 여부가 관건이라며, 반도체 대형주를 주목 업종으로 꼽았습니다. 투자심리는 역시 신중한 낙관입니다. 세 AI 모두 반등 가능성은 열어뒀지만, 외국인 수급과 반도체 흐름 확인이 먼저라고 봤습니다.",https://news.tvchosun.com/site/data/html_dir/2026/08/10/2026081090046.html,https://n.news.naver.com/mnews/article/448/0000632493?sid=004,"Mon, 10 Aug 2026 08:28:00 +0900",2026-08-10 08:34:48
AI/소프트웨어,AI 반도체,"[속보]美증시 오르자 삼성전자·SK하이닉스, 프리마켓서 2%대 동반 강세","지난 주말 뉴욕증시가 금리 인상 우려 완화로 상승 마감한 가운데 반도체와 인공지능(AI), 테크 등 성장주가 강세를 보이면서 국내 증시에도 온기가 전해진 것으로 풀이된다. 지난 7일 MSCI 한국 지수... ",https://www.munhwa.com/article/11608304?ref=naver,https://n.news.naver.com/mnews/article/021/0002810212?sid=101,"Mon, 10 Aug 2026 08:27:00 +0900",2026-08-10 08:34:48
AI/소프트웨어,AI 반도체,"[AI MY 뉴스] 10일 중국증시 '첨단산업 모멘텀, 경기 우려, 글로벌 금리...",상단의 'AI MY 뉴스' 로그인을 통해 뉴스핌의 차세대 AI 콘텐츠 서비스를 활용해보기 바랍니다. 질문 : 2026년 8월 10일 중국증시 인사이트 알려줘. 10일 중국증시는 휴머노이드 로봇과 반도체 등 첨단산업 이벤트와... ,https://www.newspim.com/news/view/20260810000034,https://www.newspim.com/news/view/20260810000034,"Mon, 10 Aug 2026 08:24:00 +0900",2026-08-10 08:34:48
로봇/자율주행,로봇 주가,"“삼전닉스 믿었는데” 패닉장 겪은 개미, 어디로 향하나",삼성전자와 SK하이닉스가 코스피 시가총액에서 차지하는 비중이 절대적인 만큼 두 종목의 주가가 흔들릴... 반도체 두 종목만 오르는 장세보다 금융·자동차·로봇·전력기기 등으로 상승세가 지수 전반에 확산해야 투자... ,https://economist.co.kr/article/view/ecn202608050033,https://n.news.naver.com/mnews/article/243/0000101416?sid=101,"Mon, 10 Aug 2026 08:00:00 +0900",2026-08-10 08:34:49
로봇/자율주행,로봇 주가,[더벨][HL그룹 피지컬AI 청사진] 자동차 부품사→피지컬AI 하드웨어 기업...,"송선재 하나증권 연구원은 지난달 보고서를 통해 &quot;HL만도는 본업 방어 속 로봇 일정의 순차적 가시화가 주가 핵심 동력이 될 것&quot;이라면서 &quot;시제품 대응과 27년 수주, 공장 투자, 미국의 중국산 규제가 밸류에이션을... ",https://www.thebell.co.kr/free/content/ArticleView.asp?key=202608061444126640102274,https://www.thebell.co.kr/free/content/ArticleView.asp?key=202608061444126640102274,"Mon, 10 Aug 2026 07:02:00 +0900",2026-08-10 08:34:49
로봇/자율주행,로봇 주가,“공급망 대체불가 기업”…장인화의 ‘트리플 코어’ 전략 힘받는다,“포스코그룹이 과거에는 철강 소재 공급으로 국내 산업을 뒷받침했다면 앞으로는 인공지능(AI)·로봇 등... 포스코홀딩스는 지분 매각을 위해 NH투자증권·키움증권 등과 주가수익스와프(PRS) 계약을 체결한다. PRS는... ,https://www.sedaily.com/article/20077426?ref=naver,https://n.news.naver.com/mnews/article/011/0004650044?sid=101,"Mon, 10 Aug 2026 05:31:00 +0900",2026-08-10 08:34:49
로봇/자율주행,로봇 주가,"[글로벌 비즈 브리핑] &quot;애플, 中 창신메모리 칩 테스트&quot; 外","창신메모리는 지난달 상해증시 상장 첫날 주가가 460% 폭등하면서 중국 본토 증시에서 시가총액 1위... 유니트리는 이번에 조달한 자금을 로봇용 AI 모델 연구, 신제품 개발, 생산시설 확충에 투입할 계획이라고 지난 3월... ",https://biz.sbs.co.kr/article_hub/20000327533?division=NAVER,https://n.news.naver.com/mnews/article/374/0000526413?sid=104,"Mon, 10 Aug 2026 04:27:00 +0900",2026-08-10 08:34:49
로봇/자율주행,로봇 주가,스페이스X 상장 뒤 3000억달러 출렁…머스크 ‘성과 증명’ 시험대,"수익성, 주가 변동성을 동시에 관리해야 하는 상황에 직면했다는 얘기다. 월스트리트저널(WSJ)은 스페이스X... 아니라 로봇·기술기업으로 평가하기 시작했다. 스페이스X에서도 같은 전략이 반복되고 있다. 머스크는... ",https://www.g-enews.com/view.php?ud=2026080920581772269a1f309431_1,https://www.g-enews.com/view.php?ud=2026080920581772269a1f309431_1,"Mon, 10 Aug 2026 03:02:00 +0900",2026-08-10 08:34:49
로봇/자율주행,로봇 주가,'로봇 손'도 한국이 선두…자동차 부품주 다시 봐야 하는 이유,"정밀 제어 기술, 특히 로봇 손을 정밀하게 제어하는 기술에서 한국이 핵심 경쟁력을 갖추고 있다는 분석이... 이에 따라 자동차 부품주가 휴머노이드 산업의 잠재적 수혜주로 재평가될 수 있다는 분석에도 힘이 실릴... ",https://www.thescoop.co.kr/news/articleView.html?idxno=311191,https://n.news.naver.com/mnews/article/665/0000007920?sid=101,"Mon, 10 Aug 2026 02:59:00 +0900",2026-08-10 08:34:49
로봇/자율주행,자율주행 산업,"'피지컬 AI' 시대 연다…AME 2026, 오는 25일 코엑스서 개최","코엑스는 한국자율주행산업협회, 한국무역협회 그리고 한국중견기업연합회와 AME 2026을 공동 주최한다고 10일 밝혔다. AME는 자율주행 핵심기술을 비롯해 AI 소프트웨어, 모빌리티 서비스, 무인·물류로봇, 기반... ",https://www.pinpointnews.co.kr/news/articleView.html?idxno=475750,https://www.pinpointnews.co.kr/news/articleView.html?idxno=475750,"Mon, 10 Aug 2026 08:24:00 +0900",2026-08-10 08:34:49
로봇/자율주행,자율주행 산업,"클로봇, 달 탐사까지 넓어진 '로봇개' 시장…보스턴다이내믹스 협력 경...","스팟은 카메라와 각종 센서를 활용한 데이터 수집을 비롯해 자율주행과 원격 점검 등이 가능한 로봇으로, 사람이 접근하기 어렵거나 위험한 산업현장의 순찰·점검 등에 활용되고 있다. 클로봇은 자체 로봇 자율주행... ",https://www.financialpost.co.kr/news/articleView.html?idxno=269703,https://www.financialpost.co.kr/news/articleView.html?idxno=269703,"Mon, 10 Aug 2026 08:22:00 +0900",2026-08-10 08:34:49
로봇/자율주행,자율주행 산업,[하이빔]지금은 자동차 전환 시대,"-사활(死活)의 분수령, 누가 생존할까 2014년 설립된 자율주행 스타트업 죽스(ZOOX)를 아마존이 인수한 금액은... 이후 내연기관 시대는 이제 150년의 역사를 이어왔고 여전히 이동 수단 산업에선 지배적인 위치를 점한다.... ",http://autotimes.co.kr/detail.php?number=688719&thread=27,http://autotimes.co.kr/detail.php?number=688719&thread=27,"Mon, 10 Aug 2026 08:22:00 +0900",2026-08-10 08:34:49
로봇/자율주행,자율주행 산업,"[더벨]보스반도체 500억 투자유치, JS PE·퀀텀벤처스 등 참여","이글-N은 차량 내 다양한 AI 워크로드를 빠르게 처리할 수 있는 반도체로, 자율주행과 차내 인포테인먼트... 주요 투자자로는 현대차와 기아를 비롯해 스틱벤처스, 에이티넘인베스트먼트, 한국산업은행... ",https://www.thebell.co.kr/free/content/ArticleView.asp?key=202608060916232620106688,https://www.thebell.co.kr/free/content/ArticleView.asp?key=202608060916232620106688,"Mon, 10 Aug 2026 08:12:00 +0900",2026-08-10 08:34:49
로봇/자율주행,자율주행 산업,[오늘의 주요일정] 정치·경제·금융·사회·법조 10일(월),"뉴욕증권거래소(NYSE) 그룹 린 마틴 사장을 초청한 자본시장 선진화 세미나를 비롯해 생성형 인공지능(AI) 창작자 보호, 서울 주택가격 안정과 정비사업, 자율주행 사고책임, 공공 AI 도입 등 경제·산업·민생 현안을... ",https://www.newscj.com/news/articleView.html?idxno=3423700,https://www.newscj.com/news/articleView.html?idxno=3423700,"Mon, 10 Aug 2026 08:10:00 +0900",2026-08-10 08:34:49
로봇/자율주행,자율주행 산업,달에 '로봇개' 보내는 중국...인간·로봇 달 탐사 열리나,"현대자동차그룹 자회사 보스턴 다이내믹스는 고도의 보행·자율주행 기술을 바탕으로 산업 및 보안 분야에서 강점을 보이며, 유니트리는 가격 경쟁력과 대량 생산 능력을 앞세워 시장을 빠르게 확대하고 있다. 군사용... ",http://www.choicenews.co.kr/news/articleView.html?idxno=169538,http://www.choicenews.co.kr/news/articleView.html?idxno=169538,"Mon, 10 Aug 2026 08:04:00 +0900",2026-08-10 08:34:49
로봇/자율주행,자율주행 산업,"[AI &amp; LAW-시작하며] AI시대, 실제 현장에서 마주하는 법적 쟁점은?","산업별 AI 규제에서는 ‘금융, 의료, 자율주행, 채용, 광고, 교육과 공공부문의 AI’ ‘리걸테크와 법률서비스 시장의 변화’를 분석한다. AI와 지식재산·콘텐츠 파트에서는 ‘AI 학습과 저작권’ ‘AI 산출물의 권리... ",http://www.inews24.com/view/1993257,https://n.news.naver.com/mnews/article/031/0001048307?sid=105,"Mon, 10 Aug 2026 08:00:00 +0900",2026-08-10 08:34:49
로봇/자율주행,자율주행 산업,"[오늘 우리 기업은] 검색과 뉴스의 네이버?...No, 'AI와 커머스'의 네이...","'오늘, 우리 기업은?' 코너는 현 시점에서 주목할 산업 현장의 이슈를 조명하고, 우리 기업의 변화와... 기술)과 자율 주행등의 핵심 기술입니다. 로봇 부문의 특허와 기술도 보유하고 있습니다. 로봇분야에서... ",https://www.banronbodo.com/news/articleView.html?idxno=32756,https://www.banronbodo.com/news/articleView.html?idxno=32756,"Mon, 10 Aug 2026 08:00:00 +0900",2026-08-10 08:34:49
로봇/자율주행,자율주행 산업,AI로 움직이는 광양항.. &quot;첨단 항만 거점으로&quot;,산업 현장에 인공지능을 도입해 생산성을 높이는 '기술 혁명'이 광양항에서도 시작됩니다. 하역과 이송은... * *박훈모 / 현대로템 본부장* &quot;자율주행에 대한 테스트를 광양항과 같이 R&amp;D 항만에 맞게 같이 협업해서 개발을... ,https://kjmbc.co.kr/NewsArticle/1531375,https://kjmbc.co.kr/NewsArticle/1531375,"Mon, 10 Aug 2026 07:45:00 +0900",2026-08-10 08:34:49
로봇/자율주행,자율주행 산업,"머스크 테라팹, 펜타곤 15배…초대형 규모 윤곽","테라팹에서 생산할 반도체는 테슬라의 휴머노이드 로봇 옵티머스, 자율주행차 사이버캡, 스페이스X가... 공장은 기븐스 크릭 저수지 인근에 들어서며 산업용 용수는 지역 지하수 대신 저수지에서 공급할 예정이다.... ",https://www.g-enews.com/view.php?ud=2026081007160873319a1f309431_1,https://www.g-enews.com/view.php?ud=2026081007160873319a1f309431_1,"Mon, 10 Aug 2026 07:40:00 +0900",2026-08-10 08:34:49
로봇/자율주행,자율주행 산업,대학생들이 직접 만든 AI 자율주행차 달린다…11개 대학 19개팀 실력 겨...,"교육부와 한국산업기술진흥원, 한국전자정보통신산업진흥회는 10일 오전 10시부터 오후 6시까지 경기 수원 성균관대학교 자연과학캠퍼스 반도체관에서 ‘2026년 첨단산업 인재양성 부트캠프 미래차 AI 자율주행... ",https://www.gosiweek.com/article/1065565796123836,https://www.gosiweek.com/article/1065565796123836,"Mon, 10 Aug 2026 07:32:00 +0900",2026-08-10 08:34:49
로봇/자율주행,자율주행 산업,[오늘의 주요일정·10일] 이재명 대통령 메가프로젝트 민관합동 점검회...,"(10:00) [산업] ▲ 국토부, 노후계획도시정비 특별위원회(15:00 세종) [소비자경제] ▲ 중기부, 2026년... 등, 자율주행 상용화 시대 사고책임과 국민안전 체계는 준비됐나(10:00 의원회관 제3세미나실) 이주희 의원실... ",https://www.safetimes.co.kr/news/articleView.html?idxno=244781,https://www.safetimes.co.kr/news/articleView.html?idxno=244781,"Mon, 10 Aug 2026 07:06:00 +0900",2026-08-10 08:34:49
로봇/자율주행,자율주행 산업,"AI 혁신 씨앗 경기·인천미래로 자란다 [창간 38주년, AI경기 판을 바꾸...","인공지능(AI)은 더 이상 특정 산업의 전유물이 아니다. 반도체와 로봇·제조를 비롯해 자율주행, 스마트시티, 물류·항만, 의료와 헬스케어, 교육, 스마트농업, 문화콘텐츠에 이르기까지, AI는 기존 산업의 경계를 허물며... ",https://www.kyeonggi.com/article/20260809580269,https://n.news.naver.com/mnews/article/666/0000118481?sid=102,"Mon, 10 Aug 2026 07:01:00 +0900",2026-08-10 08:34:49
로봇/자율주행,휴머노이드 로봇,"“테슬라 휴머노이드 로봇 생산, 처음엔 극도로 느릴 것”","테슬라가 휴머노이드 로봇 옵티머스(Optimus)의 본격적인 양산을 앞두고 있지만, 초기 생산 속도는 예상보다 훨씬 더딜 전망이다. 일론 머스크 테슬라 최고경영자(CEO)가 “처음에는 생산이 극도로 느릴 것”이라며 시장의... ",https://www.dailycar.co.kr/content/news.html?type=view&autoId=62230,https://www.dailycar.co.kr/content/news.html?type=view&autoId=62230,"Mon, 10 Aug 2026 08:26:00 +0900",2026-08-10 08:34:50
로봇/자율주행,휴머노이드 로봇,"배충식 카이스트 총장, 취임식서 &quot;'AI 네이티브 캠퍼스'로 대전환&quot;",자신의 연구 경력을 언급한 배 총장은 “20여 년 전 인공신경망(ANN)으로 엔진제어기술을 개발할 당시 반신반의하던 AI 기술이 급격히 발전해 이제는 모든 분야의 필수 도구가 됐다”며 “휴머노이드 로봇이나... ,https://www.edaily.co.kr/news/newspath.asp?newsid=02056566645546008,https://n.news.naver.com/mnews/article/018/0006348477?sid=105,"Mon, 10 Aug 2026 08:24:00 +0900",2026-08-10 08:34:50
로봇/자율주행,휴머노이드 로봇,"뉴욕증시, 고용 둔화에 최고치…이번주 소비자물가지수 주목[뉴스새벽배...",中 유니트리 IPO…딥시크 투자 -중국 휴머노이드 로봇 기업 유니트리가 공모가를 주당 150.8위안으로 확정하고 10일 청약 시작. 기업가치는 약 610억위안(약 12조8000억원). 중국 본토 첫 휴머노이드 로봇 기업 상장 예정.... ,https://www.edaily.co.kr/news/newspath.asp?newsid=02036886645546008,https://n.news.naver.com/mnews/article/018/0006348471?sid=101,"Mon, 10 Aug 2026 08:20:00 +0900",2026-08-10 08:34:50
로봇/자율주행,휴머노이드 로봇,"백약이 무효인 저출산, 대안은 '기계가 부양하는 사회'","휴머노이드가 일상으로 들어오기 위해서는 로봇 책임법과 안전 기준, 보험 체계, 개인정보 보호, 로봇세 등 새로운 사회계약이 필요하다. 기술보다 제도가 늦어 질수록 사회불안과 불균형은 피할 수 없는 리스크로... ",http://www.newsfc.co.kr/news/articleView.html?idxno=80413,http://www.newsfc.co.kr/news/articleView.html?idxno=80413,"Mon, 10 Aug 2026 08:10:00 +0900",2026-08-10 08:34:50
로봇/자율주행,휴머노이드 로봇,"동심 파고든 공연, 골라보는 재미까지!","인기 과자를 본뜬 캐릭터와 휴머노이드 로봇, K헤리티지를 활용한 무용극 등 장르도 다양해 골라보는 재미를 누릴 수 있다. 서울 마포아트센터 아트홀맥에서 18일까지 공연되는 뮤지컬 '고래밥'은 출시된 지 42년 된... ",https://www.kidshankook.kr/news/articleView.html?idxno=17921,https://www.kidshankook.kr/news/articleView.html?idxno=17921,"Mon, 10 Aug 2026 07:58:00 +0900",2026-08-10 08:34:50
로봇/자율주행,휴머노이드 로봇,"리얼월드, 국내 로보틱스·시뮬레이션 3사와 업무협약",중인 휴머노이드 정밀 손재주 평가 벤치마크다. 엔비디아 아이작랩-아레나 환경과 통합되는 오픈소스 프로젝트로 개발된다. 18개 과제와 80개 케이스를 기준으로 실제 산업 현장에서 로봇이 사람처럼 손을 사용해 복잡한... ,https://byline.network/?p=9004111222614617,https://byline.network/?p=9004111222614617,"Mon, 10 Aug 2026 07:44:00 +0900",2026-08-10 08:34:50
로봇/자율주행,드론 시장,[성남소식]&quot;8월31일까지 주민세 납부하세요&quot; 등,◇유소년 드론 축구대회 참가팀 모집 등 경기 성남시는 10월25일 성남종합운동장 실내체육관에서 '제3회 성남시장배 유소년 드론 축구대회'를 개최하기로 하고 24일부터 참가팀을 선착순 모집한다고 10일 밝혔다.... ,https://www.newsis.com/view/NISX20260810_0003742059,https://n.news.naver.com/mnews/article/003/0014116749?sid=102,"Mon, 10 Aug 2026 07:46:00 +0900",2026-08-10 08:34:51
로봇/자율주행,드론 시장,'중국 실리콘밸리'는 변신 중…첨단 넘어 친환경으로,"전 세계 드론 시장의 70%를 차지하는 DJI는 드론으로 숲을 관찰하고, 생태 정보를 수집해 관계 기관에 통보합니다. [DJI 관계자 : 이 드론은 작물의 엽록소 분포를 파악할 수 있습니다. 주로 농업용 드론과 함께 사용됩니다.... ",https://news.sbs.co.kr/news/endPage.do?news_id=N1008697283&plink=ORI&cooper=NAVER,https://n.news.naver.com/mnews/article/055/0001379323?sid=104,"Mon, 10 Aug 2026 07:37:00 +0900",2026-08-10 08:34:51
로봇/자율주행,드론 시장,[지구촌 이색 환경정책 리포트]  “쓰레기장에 버리기 전에 가져가세요...,단순한 벼룩시장과는 성격이 조금 다르다. 현장에서는 물건 교환뿐 아니라 의류나 소형 전자제품 수리... 드론도 마음대로 못 띄운다 Quiet Area뿐만 아니다. 크르코노셰 국립공원에서는 야생동물과 탐방객의 평온을... ,https://www.dailyt.co.kr/newsView/dlt202608100001,https://www.dailyt.co.kr/newsView/dlt202608100001,"Mon, 10 Aug 2026 07:32:00 +0900",2026-08-10 08:34:51
로봇/자율주행,드론 시장,“현대전은 드론전…연 200만 대 양산체제로 ‘드론 주권’ 확보”,2020년부터는 DJI 등 중국 기업이 장악해 보안 문제가 제기되던 드론 시장에 눈을 돌려 인천 부평공단에 제조공장을 구축했고 베트남으로 확장했다. 마침 2022년 2월 우크라이나 전쟁이 발발하면서 드론의 중요성이... ,https://www.sedaily.com/article/20077292?ref=naver,https://n.news.naver.com/mnews/article/011/0004650088?sid=110,"Mon, 10 Aug 2026 07:31:00 +0900",2026-08-10 08:34:51
로봇/자율주행,드론 시장,한국 모터쇼에 참가 브랜드가 줄어든 이유… 행사 정체성이 모호,"굿우드 페스티벌을 통해 시장 변화도 읽을 수 있다. 올해 BYD는 역대 최대 규모의 브랜드 전시 공간에서 BYD... 하지만 신차와 콘셉트카가 부족한 상황에서 캠핑카, 로봇, 드론 등 전시물 범위만 넓히면 행사의 중심이... ",https://weekly.donga.com/3/all/11/6338806/1,https://n.news.naver.com/mnews/article/037/0000038647?sid=101,"Mon, 10 Aug 2026 07:02:00 +0900",2026-08-10 08:34:51
로봇/자율주행,드론 시장,"&quot;태양광 보호관세에 SW 어닝 잭팟까지&quot;…뉴욕증시, 섹터 호재 타고 일제...","실적 발표 이후 검색 상위에 오른 종목들 모두 매출과 주당순이익이 시장 예상치를 상회했다. 제이프로그... 드론을 레이저로 무력화하는 '로커스트' 시스템 관련 계약으로, 성사 시 미 국방부가 해당 시스템을... ",http://www.wowtv.co.kr/NewsCenter/News/Read?articleId=A202608100040&t=NN,https://n.news.naver.com/mnews/article/215/0001261719?sid=101,"Mon, 10 Aug 2026 07:02:00 +0900",2026-08-10 08:34:51
로봇/자율주행,드론 시장,"국가철도공단, AX추진단 발족....철도 전 과정 AI 전환","이를 통해 4차 산업혁명 핵심 기술을 기반으로 한 ‘스마트 철도’ 시대를 앞당기고 글로벌 철도 시장에서... 기존 인력 등이 담당하는 업무를 AI가 도입되면 지능형 CCTV와 드론, 로봇 등을 활용해 실시간으로 정보... ",https://www.dnews.co.kr/uhtml/view.jsp?idxno=202608071245257580195,https://www.dnews.co.kr/uhtml/view.jsp?idxno=202608071245257580195,"Mon, 10 Aug 2026 06:22:00 +0900",2026-08-10 08:34:51
로봇/자율주행,드론 시장,"[서정목 칼럼] 우버 막았던 한국, 로보택시 시대는 어떻게 맞을 것인가","오히려 스마트폰 사진, 동영상 콘텐츠, 유튜브, 이미지 편집, 드론 촬영 등 과거에는 존재하지 않았던 거대한 시장이 생겨났다. 은행의 현금지급기(ATM)가 은행원의 일자리를 위협한다고 막았다면 인터넷뱅킹과 모바일... ",https://www.ajunews.com/view/20260808181142210,https://www.ajunews.com/view/20260808181142210,"Mon, 10 Aug 2026 06:02:00 +0900",2026-08-10 08:34:51
로봇/자율주행,드론 시장,"“매출 떨어지기 전 AI로 안다”…메이즈, 리테일 시장 정조준 [쿠키 인...","메이즈는 리테일 시장을 시작으로 스마트글라스, 휴머노이드 로봇, 자율주행, 드론 등 다양한 피지컬 AI 분야로 기술을 확대할 방침이다. 사람을 인식해야 하는 AI 기기가 늘어날수록 영상을 외부로 보내지 않고... ",https://www.kukinews.com/article/view/kuk202608060211,https://www.kukinews.com/article/view/kuk202608060211,"Mon, 10 Aug 2026 06:02:00 +0900",2026-08-10 08:34:51
로봇/자율주행,드론 시장,딜리셔스·케이앤에스아이앤씨 상장… 기도산업 등 3곳 공모 청약 [이번...,이번 주 기업공개(IPO) 시장에서는 딜리셔스와 케이앤에스아이앤씨가 코스닥에 상장한다. 기도산업과... 인공지능(AI) 기반 자율비행 드론 솔루션 기업인 니어스랩과 3차원 자기센서 시스템온칩(SoC) 리스 기업인... ,https://www.sedaily.com/article/20077438?ref=naver,https://n.news.naver.com/mnews/article/011/0004650056?sid=101,"Mon, 10 Aug 2026 06:01:00 +0900",2026-08-10 08:34:51
로봇/자율주행,드론 시장,"[K-드론 강자] 파블로항공, 군집 AI로 '정찰·타격·요격' 지휘","다수의 무인기가 표적과 전장 상황을 공유하며 정찰·공격·요격 임무를 수행하는 군집 AI 기술을 앞세워 방산 드론 시장 공략에 나섰다. 파블로항공은 지난 2018년 설립돼 '군집조율 기술과 통합관제 기술, 초정밀... ",https://www.ebn.co.kr/news/articleView.html?idxno=1719570,https://www.ebn.co.kr/news/articleView.html?idxno=1719570,"Mon, 10 Aug 2026 06:00:00 +0900",2026-08-10 08:34:51
로봇/자율주행,드론 시장,"&quot;전시·테러 빈틈 없다&quot; … 충남 지자체, 을지연습 '실전 대응' 총력",논산시는 7일 시청 상황실에서 백성현 시장 주재로 '2026년 을지연습 준비상황 보고회'를 열고 각 부서별... 특히 19일에는 한국서부발전 태안발전본부에서 드론 테러 등 신종 안보 위협을 가정한 실제훈련을 실시해 현장... ,https://www.tournews21.com/news/articleView.html?idxno=140556,https://www.tournews21.com/news/articleView.html?idxno=140556,"Mon, 10 Aug 2026 05:34:00 +0900",2026-08-10 08:34:51
로봇/자율주행,드론 시장,우크라 ‘40일 작전’ 종료…러 물류망 타격에 “17조원 손실”,이에 따라 물류망을 겨냥한 공격이 군사적 타격을 넘어 러시아 국민의 일상과 소비시장에도 영향을... 반대편 우크라이나 제2도시 하르키우에서는 러시아 드론 공격으로 아파트 등이 파손되면서 민간인 2명이 사망했다.... ,https://www.geconomy.co.kr/news/article.html?no=322675,https://www.geconomy.co.kr/news/article.html?no=322675,"Mon, 10 Aug 2026 05:22:00 +0900",2026-08-10 08:34:51
로봇/자율주행,드론 시장,"아바타 로보틱스, 650만 달러 유치로 로봇 함대 확장",콜린 웹 최고경영자는 무인 자동차와 인공지능 드론 등 자율 시스템 분야에서 엔지니어링 경력을 쌓은... 실무 데이터 확보와 시장 확장 추진 이 기술은 반복적이고 육체적으로 고된 업무 탓에 구인난과 높은 이직률을... ,https://www.g-enews.com/view.php?ud=2026080920400361282bd56fbc3c_1,https://www.g-enews.com/view.php?ud=2026080920400361282bd56fbc3c_1,"Mon, 10 Aug 2026 05:20:00 +0900",2026-08-10 08:34:51
로봇/자율주행,드론 시장,러·우크라 난타전에 18명 사망…젤렌스키 &quot;러 미사일 차단할 지원 필요...,안드레이 크라브첸코 노보로시스크 시장은 우크라이나 드론 잔해가 현지 기업체 2곳과 주택 1채에 떨어졌다고 밝혔다. 노보로시스크에는 카자흐스탄 유전과 세계 시장을 연결하는 핵심 연료 터미널이 있다. 이 시설은... ,https://www.newsis.com/view/NISX20260810_0003741997,https://n.news.naver.com/mnews/article/003/0014116656?sid=104,"Mon, 10 Aug 2026 04:42:00 +0900",2026-08-10 08:34:51
로봇/자율주행,드론 시장,[IPO 워치] 딜리셔스·KNS 증시 입성…공모청약 3곳,[그림=챗GPT] [뉴스투데이=염보라 기자] 8월 둘째 주(10~14일) 기업공개(IPO) 시장에서는 딜리셔스와... 같은 기간 청약에 나서는 니어스랩은 인공지능(AI) 기술을 활용해 산업용 드론의 자율비행과 임무 수행을... ,https://www.news2day.co.kr/article/20260808500017,https://www.news2day.co.kr/article/20260808500017,"Mon, 10 Aug 2026 04:40:00 +0900",2026-08-10 08:34:51
로봇/자율주행,드론 시장,드론 잡는 드론이 뜬다…새로운 방산 먹거리 '사냥꾼 드론',"(사진=우크라이나  국방부 인터넷) 드론으로 드론 잡는다…요격드론 경쟁 본격화 세계 대드론 시장은 앞으로 두 자릿수 성장세가 예상되는 가운데, 기술 경쟁은 전자전(EW), 레이저(DEW), 고출력 마이크로파(HPM), 요격드론... ",https://www.newsverse.kr/news/articleView.html?idxno=11116,https://www.newsverse.kr/news/articleView.html?idxno=11116,"Mon, 10 Aug 2026 02:42:00 +0900",2026-08-10 08:34:51
게임/엔터,게임 주가,"컴투스, 신작 기대감·코스닥 훈풍에 주가 '급등'…외국인 매수세 확대",그러면서 &quot;최근 코스닥 시장이 AI와 성장주를 중심으로 반등하면서 게임주 전반에 대한 투자심리도 회복됐다&quot;며 &quot;이 같은 업황 개선이 컴투스 주가 상승에 긍정적으로 작용한 것으로 보인다&quot;고 덧붙였다. 지난 7일... ,https://www.cstimes.com/news/articleView.html?idxno=716146,https://www.cstimes.com/news/articleView.html?idxno=716146,"Mon, 10 Aug 2026 07:52:00 +0900",2026-08-10 08:34:51
게임/엔터,게임 주가,"파라다이스, 외국인 폭증에 카지노 드랍액 사상 첫 2조 돌파…&quot;현 주가...","현 주가는 실적 부진과 세율 인상 우려까지 다 반영된 주가인 가운데, 분기 기준 한 번의 호실적을 통한... 드랍액(카지노 이용객이 게임에 사용한 총금액)은 지난해 대비 12% 증가한 2조1000억원으로 처음으로... ",http://www.newsprime.co.kr/news/article.html?no=743185,http://www.newsprime.co.kr/news/article.html?no=743185,"Mon, 10 Aug 2026 07:52:00 +0900",2026-08-10 08:34:51
게임/엔터,게임 주가,"NH투자증권 “웹젠, 신작 성장은 2027년 이후…목표가 ↓”",NH투자증권은 목표주가 산정에 12개월 선행 주당순이익(EPS) 1048원과 목표 주가수익비율(PER) 12배를 적용했다. 최근 게임주 투자심리 하락을 고려해 적용 PER을 기존 13배에서 12배로 낮췄다. 안재민 NH투자증권... ,https://www.etoday.co.kr/news/view/2612540,https://www.etoday.co.kr/news/view/2612540,"Mon, 10 Aug 2026 07:46:00 +0900",2026-08-10 08:34:51
게임/엔터,게임 주가,"[인터뷰] 박영옥 주식농부 &quot;정부, 국민을 시장에 불러들였다면 이제는 ...","문제는 기업의 가치나 성장 가능성을 보고 투자하기보다 가격의 움직임만 따라 계속 사고파는 머니게임이... 국민이 좋은 기업의 주주가 되고, 기업의 성장 성과를 장기간 함께 나눌 수 있어야 합니다. 자본시장이 국민의... ",http://kor.theasian.asia/archives/412566,http://kor.theasian.asia/archives/412566,"Mon, 10 Aug 2026 07:46:00 +0900",2026-08-10 08:34:51
게임/엔터,게임 주가,"'메모리 수급 난' 애플, 트럼프 반대에도 중국 창신 메모리에 '러브콜'",상해 증시 상장 날 주가가 460% 폭등해 중국 시가 총액 1위가 된 창신 메모리는 미국의 중국 인민 해방군 지원... 바꿀 게임 체인저가 될 것입니다.] AI 데이터센터 건립 열풍으로 스마트폰과 PC 업계는 지난해 말부터 메모리... ,https://www.ytn.co.kr/_ln/0104_202608100735527789,https://n.news.naver.com/mnews/article/052/0002391103?sid=104,"Mon, 10 Aug 2026 07:35:00 +0900",2026-08-10 08:34:51
게임/엔터,게임 주가,토큰화 주식 늘어도 승자는 따로…DEX가 뜬다,토큰화 주식은 주식이나 주가에 연계된 권리를 블록체인에 기록한 상품이다. 상품 구조에 따라 투자자에게... 지난달 25일 기준 토큰화 게임스톱의 일 거래대금은 2660만 달러를 기록했다. 엔비디아와 스페이스X는 각각... ,https://www.dailian.co.kr/news/view/1675850/?sc=Naver,https://n.news.naver.com/mnews/article/119/0003120010?sid=101,"Mon, 10 Aug 2026 07:02:00 +0900",2026-08-10 08:34:51
게임/엔터,게임 주가,8월 첫째 주 유튜브 영상 순위 [이투PICK 순삭랭킹],머니코믹스 Money Comics '삼전닉스는 역대급 실적을 내고 왜 주가가 못갈까' 지난주 유튜브 음악... 유병재 '시네필 게임 : 안 봤어도 들키지 마' 지난주 유튜브 패션 채널 TOP 5 1. AliceFunk 앨리스펑크... ,https://www.etoday.co.kr/news/view/2612039,https://www.etoday.co.kr/news/view/2612039,"Mon, 10 Aug 2026 07:00:00 +0900",2026-08-10 08:34:51
게임/엔터,게임 주가,[위클리 관전포인트] 물가·고용·가계빚에 쏠린 눈,"반도체·AI 투자가 실물로 이어지는지, 게임·유통 실적이 소비 온도를 알려준다. 그리고 이 모든 결과가... ◇ 부동산 공급대책, 13일 나올까= 이번 주 가장 무거운 변수가 하나 더 있다. 정부가 13일 수도권 부동산... ",http://www.newskr.kr/news/articleView.html?idxno=105465,http://www.newskr.kr/news/articleView.html?idxno=105465,"Mon, 10 Aug 2026 06:00:00 +0900",2026-08-10 08:34:51
게임/엔터,게임 주가,[여명] ‘투자 부적격 국가’라는 오명,당시 원·달러 환율이 1500원 중반대까지 치솟고 주가는 급락해 외환위기 트라우마가 스멀스멀 올라오던... WSJ는 “한국 증시가 반도체 쏠림과 레버리지 투자 확산으로 ‘오징어 게임’ 같은 위험한 시장이 될 수 있다”... ,https://www.sedaily.com/article/20077337?ref=naver,https://n.news.naver.com/mnews/article/011/0004649950?sid=101,"Sun, 09 Aug 2026 17:35:00 +0900",2026-08-10 08:34:51
게임/엔터,게임 주가,강원랜드 2분기 예상보다 부진… &quot;지금이 가장 힘든 구간&quot;,드롭액은 카지노 이용객이 게임을 위해 칩으로 교환한 금액을 의미한다. 카지노 업황을 판단할 때 중요한... 강원랜드의 향후 주가는 결국 '공사가 끝난 뒤 무엇이 남는가'에 달려 있다. 현재는 객실 감소로 인해 실적이... ,https://www.pinpointnews.co.kr/news/articleView.html?idxno=475662,https://www.pinpointnews.co.kr/news/articleView.html?idxno=475662,"Sun, 09 Aug 2026 14:58:00 +0900",2026-08-10 08:34:51
게임/엔터,게임 주가,22년 된 게임 '오디션'이 아직도 돈 번다…티쓰리의 놀라운 현금 창출력...,티쓰리의 2026년 예상 주가순자산비율(PBR)은 1.9배로 게임업종 평균인 1.08배보다 약 1.8배 높다. 시장이 이미 적극적인 주주환원과 높은 자기자본이익률(ROE)을 어느 정도 주가에 반영하고 있다는 의미다. ROE는 20.5%로 높은... ,https://www.pinpointnews.co.kr/news/articleView.html?idxno=475658,https://www.pinpointnews.co.kr/news/articleView.html?idxno=475658,"Sun, 09 Aug 2026 14:44:00 +0900",2026-08-10 08:34:51
게임/엔터,게임 주가,"&quot;외국인 지갑 다시 열린다&quot;…파라다이스, 카지노 회복의 변곡점",카지노 드롭액은 카지노 이용객이 게임을 위해 칩으로 바꾼 금액을 뜻한다. 카지노 업황을 판단하는 핵심... 최근 주가가 조정을 받은 것도 투자자 입장에서는 관심을 가져볼 만한 부분이다. 국내 증시 전반의 조정과 함께... ,https://www.pinpointnews.co.kr/news/articleView.html?idxno=475656,https://www.pinpointnews.co.kr/news/articleView.html?idxno=475656,"Sun, 09 Aug 2026 14:36:00 +0900",2026-08-10 08:34:51
게임/엔터,게임 주가,[공산화] 북한식은 소유를 없애고 중국식은 허가제로 만든다,"헌법은 그대로 있고, 선거는 계속 치러지며, 삼성전자 주가는 오르내리고, 사람들은 여전히 해외여행을... 심판이 한쪽 편에 서고, 언론 환경이 기울고, 사법이 정권 편에 서면 게임은 형식적으로 공정하되 실질적으로... ",https://www.fntoday.co.kr/news/articleView.html?idxno=389828,https://www.fntoday.co.kr/news/articleView.html?idxno=389828,"Sun, 09 Aug 2026 14:04:00 +0900",2026-08-10 08:34:51
게임/엔터,게임 주가,"‘스파이더맨’ ‘오디세이’ 피했더니…한국 영화들, 추석 연휴에 치킨...",‘2주간 개봉’이라는 점에서 오히려 가벼운 마음으로 개봉일을 빨리 결정했다. 반면 제작비 200억원대... ‘치킨 게임’이 벌어지게 된 셈이다. 허진호 감독의 ‘암살자(들)’은 ‘서울의 봄’ ‘남산의 부장들’을... ,https://www.hani.co.kr/arti/culture/culture_general/1272040.html,https://n.news.naver.com/mnews/article/028/0002817720?sid=103,"Sun, 09 Aug 2026 13:48:00 +0900",2026-08-10 08:34:51
게임/엔터,게임 주가,"최예나, 노출 없이 '워터밤' 퀸 등극…전신 슈트로 신선한 충격 [N샷]","최예나는 마치 게임 속 여전사 같은 프린팅이 되어 있는 해당 전신 슈트를 통해, 노출이 주가 된 타 가수들의 의상과 차별화되면서도 확실한 개성을 살렸다는 평을 받고 있다. 한편 최예나는 이날 열린 '워터밤 부산 2026'에... ",https://www.news1.kr/entertain/celebrity-topic/6253360,https://m.entertain.naver.com/article/421/0009104062,"Sun, 09 Aug 2026 12:33:00 +0900",2026-08-10 08:34:51
게임/엔터,게임 주가,돈은 벌기 시작했는데…넷마블 주가가 못 웃는 이유[주末머니],게임사 주가를 움직이는 가장 큰 재료인 '신작 기대감'이 약해졌기 때문이다. 9일 신한투자증권은 이같은 배경에 넷마블의 목표주가를 5만8000원으로 37.6% 낮췄다. 투자의견 '매수'는 유지했다. 표면적으로는 여전히 매수... ,https://view.asiae.co.kr/article/2026080710560423297,https://n.news.naver.com/mnews/article/277/0005800558?sid=101,"Sun, 09 Aug 2026 11:32:00 +0900",2026-08-10 08:34:51
게임/엔터,게임 주가,크래프톤 주가 전망 [금주 주목할 게임 IT 주식],"&lt;편집자 주&gt; ※ '금주의 주목할 게임 IT 주식'은 특정 종목 매수를 권장하지 않으며, 한 주간 주목할만한 이슈를 가진 종목의 장단점을 소개하는 코너입니다. 또한 주목할 이슈를 가진 종목들은 변동성에 대한 우려가... ",https://www.khgames.co.kr/news/articleView.html?idxno=307136,https://www.khgames.co.kr/news/articleView.html?idxno=307136,"Sun, 09 Aug 2026 10:16:00 +0900",2026-08-10 08:34:51
게임/엔터,엔터테인먼트 산업,빈익빈부익부 편견 깬 K팝…10년 롱런 아이돌 그룹 70% 중소기획사 출신...,김정섭 성신여자대학교 문화산업예술학과 교수가 최근 발표한 논문 'K-pop 아이돌 음악산업의 생존과 히트... 최근 하이브(HYBE)와 카카오엔터테인먼트의 인수합병(M&amp;A) 및 멀티레이블 확장 등 2026년 현재 기준의... ,http://www.tvdaily.co.kr/read.php3?aid=17860931851796923010,https://m.entertain.naver.com/article/440/0000040531,"Mon, 10 Aug 2026 08:08:00 +0900",2026-08-10 08:34:52
게임/엔터,엔터테인먼트 산업,마윈과 다르다…AI·라부부로 큰 ‘은둔형 억만장자’들 [중국 富의 세대...,AI·미디어·소비재·엔터테인먼트 등에서 기발한 아이디어를 사업화하고 이를 전 세계로 빠르게 확장했다.... 2000년대 초에는 원래 배터리 제조업체였던 전기차 업체 비야디(BYD)의 왕촨푸 같은 산업가들이 중국의... ,https://www.etoday.co.kr/news/view/2612480,https://www.etoday.co.kr/news/view/2612480,"Mon, 10 Aug 2026 05:00:00 +0900",2026-08-10 08:34:52
게임/엔터,엔터테인먼트 산업,[서울로…청년들 '광주 탈출' 리포트] 김하빈 배우가 떠난 이유,"본 엔터테인먼트 회사에서 캐스팅돼 지금은 웹드라마와 광고, 드라마 등의 연기를 하고 있다&quot;고 설명했다. 김... 전남광주통합특별시 출범과 새로운 산업의 유치는 지역으로 돌아가고 싶은 청년들의 선택 폭을 넓힐 수... ",http://www.gjdream.com/news/articleView.html?idxno=671612,http://www.gjdream.com/news/articleView.html?idxno=671612,"Mon, 10 Aug 2026 00:08:00 +0900",2026-08-10 08:34:52
게임/엔터,엔터테인먼트 산업,"[인터뷰] &quot;한국 유아산업 생태계 조성, 함께 세계로 나가는 길 만들겠다...",특히 엔터테인먼트 산업이 시스템을 갖추며 세계 시장으로 도약하는 과정을 가까이에서 지켜본 경험이 현재 사업 철학의 출발점이 됐다. 박 대표는 &quot;예전 엔터테인먼트 산업도 지금의 유아산업처럼 굉장히 파편화돼... ,http://www.apparelnews.co.kr/news/news_view/?idx=226770,http://www.apparelnews.co.kr/news/news_view/?idx=226770,"Sun, 09 Aug 2026 22:04:00 +0900",2026-08-10 08:34:52
게임/엔터,엔터테인먼트 산업,“결국 12만원에 판 이수만 웃었다” 6만원 반토막 추락…죽을 맛 카카...,SM엔터테인먼트(에스엠) 주가가 속절없이 추락하고 있다. 16만원이 넘었던 주가가 6만원~7만원대를... SM엔터의 주가 폭락은 국내 엔터 산업 반에 걸친 성장률 둔화 우려 때문이라는 분석이다. K팝 기획사들의 주요... ,https://biz.heraldcorp.com/article/10835241?ref=naver,https://n.news.naver.com/mnews/article/016/0002681381?sid=105,"Sun, 09 Aug 2026 21:40:00 +0900",2026-08-10 08:34:52
게임/엔터,엔터테인먼트 산업,휴가철에도 달리는 벤처투자…딥테크부터 콘텐츠까지 투자 활황,"(지식재산권) 산업에서도 투자유치 소식이 이어졌다. 가장 큰 금액의 투자유치 소식을 알린 곳은 유전체... &quot;팬이 노래도 고른다&quot;…모드하우스, 에이티넘서 100억 투자 유치 팬 참여형 엔터테인먼트 기업 모드하우스가... ",https://www.mt.co.kr/future/2026/08/09/2026080916044191717,https://n.news.naver.com/mnews/article/008/0005397456?sid=101,"Sun, 09 Aug 2026 17:30:00 +0900",2026-08-10 08:34:52
게임/엔터,엔터테인먼트 산업,‘동네형의 친절이 부른 비극’…황정민 사태가 꼬집은 ‘선 넘은 팬심...,"◇ 무한 친절을 요구하는 엔터 산업, 과도한 친밀감의 비극 이번 사태는 단순히 한 배우의 사생활 스캔들을 넘어, 요즘 연예계의 씁쓸한 단면을 짚게 한다. 최근 엔터테인먼트 업계는 팬과 스타가 마치 실제 연인이나... ",https://www.sportsseoul.com/news/read/1627436?ref=naver,https://m.entertain.naver.com/article/468/0001258667,"Sun, 09 Aug 2026 17:00:00 +0900",2026-08-10 08:34:52
게임/엔터,엔터테인먼트 산업,"상명대, 서울 청년 대상 취업특강",상명대학교와 서울고용센터가 함께 서울지역 청년을 대상으로 엔터테인먼트 산업 취업 정보를 제공하는 특강을 진행했다. 상명대(총장 김종희) 대학일자리플러스센터는 지난 6일 서울지방고용노동청 서울고용센터와... ,https://www.naeil.com/news/read/598199?ref=naver,https://www.naeil.com/news/read/598199?ref=naver,"Sun, 09 Aug 2026 16:26:00 +0900",2026-08-10 08:34:52
게임/엔터,엔터테인먼트 산업,"상명대, K-컬처 취업캠프 운영","캠프는 엔터테인먼트 산업과 주요 직무에 대한 이해부터 현장 탐방, 실무실습까지 단계별로 구성했다. 지난 7일에는 올해 하반기 엔터테인먼트 산업 주요 현안과 취업 전략을 다루는 특강을 진행했다. 9일에는 A&amp;R과... ",https://www.naeil.com/news/read/598193?ref=naver,https://www.naeil.com/news/read/598193?ref=naver,"Sun, 09 Aug 2026 16:26:00 +0900",2026-08-10 08:34:52
게임/엔터,엔터테인먼트 산업,"건국대, 35개 분야 전임교원 36명 초빙","국제대학과 대학원에서도 디지털 영상커뮤니케이션, 엔터테인먼트 콘텐츠산업, 노인상담 또는 진단·평가 분야 등의 교원을 모집한다. 지원 자격은 모집 분야별로 다르다. 원서접수는 10일부터 21일까지 건국대... ",https://www.naeil.com/news/read/598190?ref=naver,https://www.naeil.com/news/read/598190?ref=naver,"Sun, 09 Aug 2026 16:24:00 +0900",2026-08-10 08:34:52
게임/엔터,엔터테인먼트 산업,블룸버그 “AI가 한국 직업·연애·문화 재편…반도체 직원이 신흥 엘리...,AI는 문화산업에도 빠르게 침투했다. 국내 엔터테인먼트업체들은 가상 아이돌과 AI 뮤직비디오·디지털 인플루언서를 개발하고 영화 제작자들은 스토리보드와 시각효과·장면 제작에 생성형 AI를 활용한다. 정식 교육을... ,https://www.etoday.co.kr/news/view/2612479,https://www.etoday.co.kr/news/view/2612479,"Sun, 09 Aug 2026 16:10:00 +0900",2026-08-10 08:34:52
게임/엔터,엔터테인먼트 산업,'제2의 홍콩' 꿈꾸는 하이난…봉관 반년 만에 신규 기업 123% '껑충' [차이...,"中 소비 환류 실험 본격화 싼야 국제면세성은 면세·일반 쇼핑, 외식·엔터테인먼트, 문화 전시를 결합한... 하이난에서 중국 본토로 넘어가는 통로인 2선에선 통관 감시를 강화하되 장려산업 기업이 수입 원재료 등을... ",https://www.hankyung.com/article/202608082125i,https://n.news.naver.com/mnews/article/015/0005318801?sid=101,"Sun, 09 Aug 2026 15:10:00 +0900",2026-08-10 08:34:52
게임/엔터,엔터테인먼트 산업,&quot;막장이네&quot; 욕하면서 계속 본다…요즘 난리 난 드라마 [덕질경제학],1~2분 안팎의 짧은 분량으로 전개되는 숏폼 드라마가 글로벌 엔터테인먼트 시장의 새로운 먹거리로... 딜로이트 측은 이 같은 급성장을 바탕으로 숏폼 드라마를 단발성 트렌드를 넘어 미디어 산업 체질을 바꾸는 일종의... ,https://www.hankyung.com/article/202608070712H,https://n.news.naver.com/mnews/article/015/0005318797?sid=103,"Sun, 09 Aug 2026 14:47:00 +0900",2026-08-10 08:34:52
게임/엔터,엔터테인먼트 산업,&quot;청춘에게 하고픈 말 담았죠&quot;…SKB가 청소년 음악제 여는 이유,K-콘텐츠 산업 현장과 연결되는 경험을 제공하는 것이 목표다. SK브로드밴드는 5년간 전국 청소년 약... 김유식 FNC엔터테인먼트 대표는 &quot;지난해에 이어 올해도 왔는데 모든 팀의 실력이 뛰어나 놀랐다&quot;며 &quot;다들 준비를... ,https://www.ddaily.co.kr/page/view/2026080913301702904,https://n.news.naver.com/mnews/article/138/0002237119?sid=105,"Sun, 09 Aug 2026 14:00:00 +0900",2026-08-10 08:34:52
게임/엔터,엔터테인먼트 산업,"지수, 블랙핑크 10주년 행사 뒤 눈물 &quot;왜 혼자 사과?&quot;","YG엔터테인먼트는 블랙핑크의 데뷔 10주년을 불과 이틀 앞둔 지난 6일 해당 행사를 공지했다. 데뷔... 특히 대중문화 산업에서 팬덤은 단순한 소비자를 넘어 콘텐츠의 생산과 유통, 홍보와 담론 형성에 적극적으로 참여하는... ",https://www.mediafine.co.kr/news/articleView.html?idxno=86144,https://www.mediafine.co.kr/news/articleView.html?idxno=86144,"Sun, 09 Aug 2026 13:26:00 +0900",2026-08-10 08:34:52
게임/엔터,엔터테인먼트 산업,AI로 자세 분석하고 DDP 달린다…'뷰티풀라이프인 서울' 체험 프로그램,BLS는 뷰티·패션·웰니스·푸드·엔터테인먼트 등 서울의 다양한 라이프스타일을 시민과 관광객이 직접... 이남재 서울시 뷰티패션산업과장은 &quot;러닝과 애슬레저는 이제 단순히 운동하는 시간을 넘어 무엇을 입고... ,https://www.mt.co.kr/policy/2026/08/09/2026080908451466398,https://n.news.naver.com/mnews/article/008/0005397384?sid=102,"Sun, 09 Aug 2026 11:15:00 +0900",2026-08-10 08:34:52
게임/엔터,엔터테인먼트 산업,경남도의원 10명 중 6명 겸직…실제 보수는 비공개,"경제환경위는 전기·수소차 구매보조금, 노후 경유차 조기 폐차, 미래자동차산업 육성 등 자동차업계와... 박동철 도의원은 ㈜탐스엥겔, 양해영(국민의힘·진주2) 도의원은 휴업 중인 ㈜와이엔터테인먼트, 박봉휘... ",https://www.idomin.com/news/articleView.html?idxno=2011914,https://www.idomin.com/news/articleView.html?idxno=2011914,"Sun, 09 Aug 2026 10:56:00 +0900",2026-08-10 08:34:52
게임/엔터,엔터테인먼트 산업,"더 좋은 군대, 더 밝은 군대를 위한 조직문화 만들기",최근 엔터테인먼트 산업을 넘어 K콘텐츠의 선두주자로 존경받는 대중문화교류위원회 공동위원장이자 JYP엔터테인먼트 박진영 대표의 리더십 사례에서 군 조직문화와 연결할 수 있는 소중한 통찰이 있어 전한다. 일반적인... ,https://kookbang.dema.mil.kr/newsWeb/20260810/1/ATCE_CTGR_0050030000/view.do,https://kookbang.dema.mil.kr/newsWeb/20260810/1/ATCE_CTGR_0050030000/view.do,"Sun, 09 Aug 2026 10:22:00 +0900",2026-08-10 08:34:52
게임/엔터,콘텐츠 수출,청도 팽이버섯과 동해안 백합조개…“쫄깃쫄깃한 즐거움만은 같다”,경북문화관광공사는 경북의 제철 식재료를 소개하는 미식 콘텐츠 ‘METI(Monthly Eating Travel Initiative)... 최첨단 현대화·자동화 시설을 기반으로 위생적인 생산 체계를 갖추고 있으며 동남아시아 등 해외시장 수출도... ,https://www.kmib.co.kr/article/view.asp?arcid=9000001693&cp=nv,https://n.news.naver.com/mnews/article/005/0001865880?sid=102,"Mon, 10 Aug 2026 08:29:00 +0900",2026-08-10 08:34:52
게임/엔터,콘텐츠 수출,"'팽이버섯과 백합조개'…경북문화관광공사, 8월의 경북 제철 식재료 소...",미식 콘텐츠 'METI(Monthly Eating Travel Initiative)' 8월호를 공개했다. ▲ 경북문화관광공사의 8월 메인포스터... 최첨단 현대화·자동화 시설을 기반으로 위생적인 생산 체계를 갖추고 있으며 동남아시아 등 해외시장 수출도... ,https://www.kpinews.kr/newsView/1065568180501027,https://www.kpinews.kr/newsView/1065568180501027,"Mon, 10 Aug 2026 08:12:00 +0900",2026-08-10 08:34:52
게임/엔터,콘텐츠 수출,"매경이 전하는 세상의 지식 (매-세-지, 8월 10일)",올해 들어 반도체·디스플레이 장비 수입은 급증한 반면 수출은 역성장했습니다. 업계에서는 소재·부품... 매경이 경제·산업 분야를 폭넓게 다뤄온 콘텐츠와 전문 취재 역량이 인공지능의 정보 탐색 과정에서도... ,https://www.mk.co.kr/article/12122300,https://n.news.naver.com/mnews/article/009/0005718691?sid=102,"Mon, 10 Aug 2026 07:01:00 +0900",2026-08-10 08:34:52
게임/엔터,콘텐츠 수출,"&quot;농어업 말살, 식량주권 포기하는 CPTPP가입 추진 규탄&quot;","김정관 산업통상부 장관은 지난 4일 청와대 영빈관에서 이재명 대통령에게 하반기 업무계획을 보고하며 &quot;아세안, 멕시코 등 신규 시장을 확보하고 K-콘텐츠, 소비재 수출을 가속하도록 CPTPP 가입도 검토해 나가겠다&quot;고... ",https://www.aflnews.co.kr/news/articleView.html?idxno=326097,https://www.aflnews.co.kr/news/articleView.html?idxno=326097,"Mon, 10 Aug 2026 07:00:00 +0900",2026-08-10 08:34:52
게임/엔터,콘텐츠 수출,"[채용 원픽] 환인제약, 해외영업·BD·PV·글로벌RA(~8/12)",해외영업&amp;BD 직무는 △의약품 수출 △해외 거래처 발굴 △글로벌 CDMO 사업 △수출 거래처 관리 업무를... 제작=김민지 콘텐츠매니저 최근 주가 현황 ㆍ환인제약 주가 현황 *내용 클릭하면 링크 이동,https://www.hitnews.co.kr/news/articleView.html?idxno=78258,https://www.hitnews.co.kr/news/articleView.html?idxno=78258,"Mon, 10 Aug 2026 06:12:00 +0900",2026-08-10 08:34:52
게임/엔터,콘텐츠 수출,지구 온난화와 K-寒流(cold wave)[이택수의 여론읽기],문체부가 발표한 2026 해외 한류 실태조사 결과를 보면 해외 이용자들의 K 문화콘텐츠 전체 월평균 소비... 분야까지 수출 길이 열렸다. 이동식 에어컨의 경우엔 올해 준비한 물량이 모두 팔렸고 남·서유럽을 중심으로... ,https://www.edaily.co.kr/news/newspath.asp?newsid=01466166645546008,https://n.news.naver.com/mnews/article/018/0006348406?sid=110,"Mon, 10 Aug 2026 05:11:00 +0900",2026-08-10 08:34:52
게임/엔터,콘텐츠 수출,이재현의 CJ '원팀' 승부수…공연 보고 만두·화장품 산다,K콘텐츠의 인기와 맞물려 K푸드와 K뷰티 소비도 빠르게 늘면서 한국 기업들의 최대 수출시장 중 하나로 떠올랐다. 올해 상반기 화장품과 K푸드의 대미 수출액은 각각 14억5000만달러와 10억4000만달러로 전년 동기 대비 41.... ,https://www.sidae.com/article/2026080714172159556,https://n.news.naver.com/mnews/article/417/0001154802?sid=101,"Mon, 10 Aug 2026 05:05:00 +0900",2026-08-10 08:34:52
게임/엔터,콘텐츠 수출,“수출 늘리려 식량주권 내주나”…농업계 규탄,김정관 산업통상부 장관은 4일 청와대 업무보고에서 “멕시코와 아세안 등 신규시장을 확보하고 케이(K)-콘텐츠·소비재 수출을 가속화하도록 CPTPP 가입을 검토하겠다”고 밝혔다. 이재명 대통령은 지난달... ,https://www.nongmin.com/article/20260807500566,https://n.news.naver.com/mnews/article/662/0000101514?sid=100,"Mon, 10 Aug 2026 05:02:00 +0900",2026-08-10 08:34:52
게임/엔터,콘텐츠 수출,"BGF리테일 민승배, 다음 스텝은 ‘글로벌 K-편의점’ 왕좌 [CEO 포커스下...",편의점을 단순한 유통 채널이 아닌 K-콘텐츠를 경험하는 플랫폼으로 진화시키며 글로벌 경쟁력을 높여가는... 또 몽골 CU 전용 마스크팩을 생산·수출하는 등 상품경쟁력을 지속적으로 키워나가는 중이다. CU는 단순히... ,https://www.fntimes.com/html/view.php?ud=202608061543149323b5b890e35c_18,https://www.fntimes.com/html/view.php?ud=202608061543149323b5b890e35c_18,"Mon, 10 Aug 2026 00:02:00 +0900",2026-08-10 08:34:52
게임/엔터,콘텐츠 수출,"&quot;해외 비즈니스에 꼭 필요한 정보&quot; 코트라, '세계이슈톡톡' 구독자 1만 ...","일 평균 5만 3천 명 이상이 찾는 해당 플랫폼은 국내 90개 정부 및 기관의 해외진출·수출정보를 연계해... 채널 콘텐츠는 비정기 이슈 리포트를 비롯해 주간 글로벌 이슈 뉴스레터, 주요 거점(워싱턴, 브뤼셀, 베이징... ",https://www.cstimes.com/news/articleView.html?idxno=716162,https://www.cstimes.com/news/articleView.html?idxno=716162,"Sun, 09 Aug 2026 21:34:00 +0900",2026-08-10 08:34:52
게임/엔터,콘텐츠 수출,'공장'에서 '브랜드'로…소비재 M&amp;A 전략적 매각 적기,"화장품 산업은 인디 브랜드와 중소기업들이 K-뷰티 수출을 주도하며 세계시장에서 경쟁력을 입증하고 있다. 식품 역시 K-콘텐츠 확산과 함께 라면, 김치, 소스 등이 해외 소비자들의 일상 식품으로 자리 잡으면서 수출이... ",https://www.junggi.co.kr/news/articleView.html?idxno=37359,https://www.junggi.co.kr/news/articleView.html?idxno=37359,"Sun, 09 Aug 2026 18:00:00 +0900",2026-08-10 08:34:52
게임/엔터,콘텐츠 수출,미국은 K팝 대축제…'슈퍼스타 등용문' 케이콘까지 뜬다,"한국을 뜻하는 K에 컨벤션, 콘서트, 콘텐츠를 뜻하는 ‘CON’을 합친 케이콘은 2012년 미국에서 시작해 일본... 자력으로 해외 수출시장의 문을 두드리기 버거운 국내 중소기업들이 뷰티, 푸드, 패션 등 K라이프스타일... ",https://www.hankyung.com/article/2026080927431,https://n.news.naver.com/mnews/article/015/0005318825?sid=101,"Sun, 09 Aug 2026 17:13:00 +0900",2026-08-10 08:34:52
게임/엔터,콘텐츠 수출,“관광 왔다가 위 용종 떼고 간다”…외국인 몰리는 ‘K건강검진’ 투어...,K뷰티에 이어 K의료가 새로운 관광 콘텐츠로 떠오르면서다. 보건복지부에 따르면 지난해 한국을 찾은 외국인... 의료관광 업체들은 한국 의료가 이제 하나의 ‘수출 산업’으로 자리 잡고 있다고 평가한다. 외국인들이... ,https://biz.heraldcorp.com/article/10834997?ref=naver,https://n.news.naver.com/mnews/article/016/0002681347?sid=104,"Sun, 09 Aug 2026 17:01:00 +0900",2026-08-10 08:34:52
게임/엔터,콘텐츠 수출,[임정민의 소통리더십] 소통의 반경을 좁히는 보이지 않는 벽,"요즘 콘텐츠 서비스들은 내 취향을 정교하게 읽어 자꾸 비슷한 것만 추천한다. 인간관계도 똑같은 방식으로... 주요 저서로는 3개국 판권 수출된 화술 분야 베스트셀러 1위『어른의 대화법』,『관계를 망치지 않는... ",https://www.lecturernews.com/news/articleView.html?idxno=207854,https://www.lecturernews.com/news/articleView.html?idxno=207854,"Sun, 09 Aug 2026 16:50:00 +0900",2026-08-10 08:34:52
게임/엔터,콘텐츠 수출,‘청년’과 ‘글로벌’에 초점 맞춘 李정부 문화 정책 [최수문 선임기자...,"이어져 수출이 잘되게 한다. (최근 순방한) 중남미에서 화장품은 수출이 200~300%가 폭증했다고 한다”고... 또한 기초예술과 인디 콘텐츠에 대한 투자도 확대한다. 창작활동에 대한 사례비를 현실화하고, 기존 공모·심의... ",https://www.sedaily.com/article/20077308?ref=naver,https://n.news.naver.com/mnews/article/011/0004649920?sid=103,"Sun, 09 Aug 2026 15:11:00 +0900",2026-08-10 08:34:52
게임/엔터,콘텐츠 수출,[푸드컬처N] '넥스트 K-푸드' 투트랙 전략… 유럽 대륙 뚫고 아시아 확장,"K-푸드 수출 품목이 라면, 김치 위주 구조를 탈피해 냉동 간편식과 쌀가공식품 영역까지 폭넓게 뻗어나가는... 편의점 분위기를 완벽히 구현한 기획은 콘텐츠에서 노출된 식문화를 실제 구매 공간에 옮겨 놓아 새롭고... ",https://www.nc.press/news/articleView.html?idxno=623092,https://www.nc.press/news/articleView.html?idxno=623092,"Sun, 09 Aug 2026 14:30:00 +0900",2026-08-10 08:34:52
게임/엔터,콘텐츠 수출,"‘K-수출스타 500’의 든든한 조력자, 5대 기관",수출 구조에서 벗어나 지역 경제를 활성화하겠다는 강력한 의지가 담겨 있다. 이 프로그램의 핵심은 ‘기업 역량별 3단계 전(全)주기 맞춤형 원스톱 서비스’다. 선발된 기업에는 인공지능(AI)을 활용한 다국어 콘텐츠... ,https://shindonga.donga.com/3/all/13/6332353/1,https://n.news.naver.com/mnews/article/262/0000019595?sid=101,"Sun, 09 Aug 2026 13:01:00 +0900",2026-08-10 08:34:52
게임/엔터,콘텐츠 수출,"현대백화점, 콘진원과 K-패션 해외 진출 지원…글로벌 운영 노하우 활용...","콘텐츠진흥원은 참여 업체의 상품 운송과 수출에 드는 비용, 현지 홍보 등을 지원한다. 첫 팝업은 오는 9월 25일부터 일본 도쿄 시부야 파르코에 있는 '더현대' 매장에서 열린다. 참여 브랜드가 각각 2주 동안 순차적으로... ",http://www.econonews.co.kr/news/articleView.html?idxno=442564,http://www.econonews.co.kr/news/articleView.html?idxno=442564,"Sun, 09 Aug 2026 12:22:00 +0900",2026-08-10 08:34:52
자동차/모빌리티,자동차 주가,[오늘의 브릿지경제 1면] 수도권 5만가구 공급 속도전…민간은 ‘돈맥경...,com/newspaper/ ◆4100대 더 늘려 잡은 아반떼⋯ ‘1만대 대박’에도 속타는 현대차 현대자동차가 핵심 볼륨... 해법은 ▶‘주가 누르기 방지’ 재검토…국회도 손질 움직임 ▶“시원해야 팔린다”⋯ 폭염이 바꾼 여름... ,https://www.viva100.com/article/20260809500522,https://www.viva100.com/article/20260809500522,"Mon, 10 Aug 2026 08:22:00 +0900",2026-08-10 08:34:53
자동차/모빌리티,자동차 주가,"[미국 특징주] 버크셔, 현금 줄이고 자사주 매입 가속","BNSF 철도와 전용기 사업 넷제츠, 전자부품 유통업체 TTI를 포함한 서비스 부문의 개선이 자동차보험사... 버크셔의 자사주 매입 정책은 주가가 내재가치를 밑돌 때 매입을 허용하며 내재가치는 아벨이 버핏과... ",https://www.newspim.com/news/view/20260810000050,https://www.newspim.com/news/view/20260810000050,"Mon, 10 Aug 2026 08:13:00 +0900",2026-08-10 08:34:53
자동차/모빌리티,자동차 주가,[박상욱의 기후 1.5] 두려운 '뉴 노멀'…기록 경신이 일상? (상),"일 최고기온이 33℃ 이상인 날을 기록하는 폭염일수의 경우, 구미와 경주가 총 36일로 전국 1위에... 가장 콘크리트와 아스팔트가 집중됐고, 인구와 자동차 등의 밀도가 가장 높은 '도시화의 대명사' 서울은... ",https://news.jtbc.co.kr/article/NB12312462?influxDiv=NAVER,https://n.news.naver.com/mnews/article/437/0000505288?sid=102,"Mon, 10 Aug 2026 08:00:00 +0900",2026-08-10 08:34:53
자동차/모빌리티,자동차 주가,"코오롱인더, 화학 넘어 AI·폴더블로 성장축 확대…목표가↑-신한",투자의견 ‘매수’를 유지하고 목표주가를 기존 8만8000원에서 10만원으로 14% 상향했다. 이진명... “다만 자동차 내장재 부진과 POM 스프레드 축소로 개선폭은 제한적”이라고 설명했다. 특히 화학 부문이 실적... ,https://www.edaily.co.kr/news/newspath.asp?newsid=01974566645546008,https://n.news.naver.com/mnews/article/018/0006348452?sid=101,"Mon, 10 Aug 2026 07:58:00 +0900",2026-08-10 08:34:53
자동차/모빌리티,자동차 주가,"유안타證 &quot;롯데케미칼, 하반기 적자 전환 우려…목표가 19%↓&quot;","목표주가를 기존 16만5000원에서 13만4000원으로 18.8% 하향했다. 다만, 투자의견은 '매수'를 유지했다.... 그는 &quot;인플레이션 우려로, 내구재 생산업체에서 석화제품 구매를 꺼리고 있다&quot;며 &quot;특히, IT가전제품(ABS), 자동차... ",https://www.etoday.co.kr/news/view/2612535,https://www.etoday.co.kr/news/view/2612535,"Mon, 10 Aug 2026 07:36:00 +0900",2026-08-10 08:34:53
자동차/모빌리티,자동차 주가,하이닉스·삼전 급락에 10대 그룹 '휘청'…1700조 증발할 때 GS만 웃은 이...,"상반기 시총 증가를 이끈 SK하이닉스와 SK스퀘어가 7월 이후 주가가 각각 42%씩 빠지면서 그룹주 시총을... 이밖에 롯데(-9.80%), LG(-9.42%), 현대자동차(-9.35%), HD현대(-7.66%), 포스코(-2.78%), 한화(-2.66%) 등 주요 대기업... ",https://view.asiae.co.kr/article/2026080715424983007,https://n.news.naver.com/mnews/article/277/0005800677?sid=101,"Mon, 10 Aug 2026 07:17:00 +0900",2026-08-10 08:34:53
자동차/모빌리티,자동차 주가,"[더벨][상폐규제 데드라인] 이종훈 회장 복귀한 디와이씨, 시장 생존 과...","자사주 매입과 상반기 실적 회복에도 주가 움직임은 크지 않은 모양새다. ◇ 과거 사생활 논란 이종훈 회장 복귀, 하반기 규제 촉각 디와이씨는 지난 2000년 설립된 자동차 파워트레인 부품 가공 전문기업이다. 샤프트... ",https://www.thebell.co.kr/free/content/ArticleView.asp?key=202608061009035480104388,https://www.thebell.co.kr/free/content/ArticleView.asp?key=202608061009035480104388,"Mon, 10 Aug 2026 07:02:00 +0900",2026-08-10 08:34:53
자동차/모빌리티,자동차 주가,"나스닥 사라던 ETF의 아버지 &quot;생태계 갖춘 국내산업, 투자하기 좋아&quot;",겹치며 주가 상승의 트리거 포인트가 됐다&quot;고 말했다. 배 대표의 투자론은 시대를 주도하는 산업을 택해... 배 대표는 국내에서 주목할 산업으로 △반도체 △자동차 △조선△방산 △원전 등 5개 산업을 꼽았다. 배 대표는... ,https://www.news1.kr/finance/general-stock/6252885,https://n.news.naver.com/mnews/article/421/0009104865?sid=102,"Mon, 10 Aug 2026 06:00:00 +0900",2026-08-10 08:34:53
자동차/모빌리티,자동차 주가,"역대급 실적에도 주가는 뚝…증권株, 이제는 '주주환원' 시험대","자동차(-13.95%), 경기소비재(-10.33%), 건설(-8.36%) 등은 증권보다 낙폭이 작았고, 필수소비재(+14.04%), 은행(+11.28%), 운송(+6.22%) 등은 상승했다. 증권주의 주가 부진은 2분기 실적과 대비된다. 한국투자증권은 2분기... ",https://www.news1.kr/finance/general-stock/6253452,https://n.news.naver.com/mnews/article/421/0009104862?sid=101,"Mon, 10 Aug 2026 06:00:00 +0900",2026-08-10 08:34:53
자동차/모빌리티,자동차 주가,[증시 프리즘] 8월 첫째주 대형 IT 차익실현속 금융·바이오·자동차 '핀...,"자동차 업종은 견조한 실적 펀더멘털을 근거로 주가 조정 시마다 저가 매수세가 꾸준히 유입되는 흐름을 보였다. 현대차와 기아, 현대모비스, 현대위아, 한온시스템 등이 매수 대상에 포함됐다. 반면 전기전자 업종은... ",https://www.thefairnews.co.kr/news/articleView.html?idxno=84482,https://www.thefairnews.co.kr/news/articleView.html?idxno=84482,"Mon, 10 Aug 2026 00:00:00 +0900",2026-08-10 08:34:53
자동차/모빌리티,자동차 주가,[더페어 돋보기] 금리 인하 기대감속 금융·자동차 업종 '수급 명암',금융과 자동차의 향후 수급 지속성에 시장의 이목이 집중된다. 증권가에 따르면 금리 인하 환경은 각 업종의... 견조한 실적 펀더멘털을 바탕으로 주가 조정 시마다 저가 매수세가 유입되며 수급 지지력을 다지고 있다. 시장... ,https://www.thefairnews.co.kr/news/articleView.html?idxno=84483,https://www.thefairnews.co.kr/news/articleView.html?idxno=84483,"Mon, 10 Aug 2026 00:00:00 +0900",2026-08-10 08:34:53
자동차/모빌리티,자동차 주가,"[도서] AI 광풍, 월가 대폭락이 던지는 경고",주가가 연일 최고치를 경신하고 새로운 기술이 세상을 바꿀 것이라는 무한한 낙관론이 공기 중에... 당시 사람들은 인류의 소통 방식을 송두리째 바꾼 라디오와 자동차 등 다양한 신기술에 열광하며 &quot;이번에는 다르다&quot;는... ,https://www.insnews.co.kr/news/articleView.html?idxno=92171,https://www.insnews.co.kr/news/articleView.html?idxno=92171,"Mon, 10 Aug 2026 00:00:00 +0900",2026-08-10 08:34:53
자동차/모빌리티,자동차 주가,삼성전기 주가 새 변수는?…IT 수요 회복과 통화정책 사이 투자심리 촉...,"최근 주가 자체가 큰 폭의 등락을 반복하고 있는 만큼 앞으로는 단순한 가격 움직임보다 미국 금리 방향과... 회사의 사업이 스마트폰과 서버, 자동차, 인공지능 인프라 등 글로벌 IT 경기와 밀접하게 연결돼 있기 때문이다.... ",https://www.cbci.co.kr/news/articleView.html?idxno=596392,https://www.cbci.co.kr/news/articleView.html?idxno=596392,"Mon, 10 Aug 2026 00:00:00 +0900",2026-08-10 08:34:53
자동차/모빌리티,자동차 주가,"[기획] 로봇 세계1위 유니트리 상장… 대약진 中, 美에 ‘무력시위’",전 세계 자금이 CXMT로 몰리면서 삼성전자·SK하이닉스를 포함한 전 세계 반도체 주가가 출렁이기도 했다.... 김필수 대림대 미래자동차학부 교수는 “중국은 네거티브 정책을 기반으로 여러 기업들이 휴머노이드를... ,https://www.dt.co.kr/article/12077308?ref=naver,https://n.news.naver.com/mnews/article/029/0003041443?sid=105,"Sun, 09 Aug 2026 19:04:00 +0900",2026-08-10 08:34:53
자동차/모빌리티,전기차 산업,"타이어 3사, 최대 매출에도 수익성 희비…고인치·EV·관세가 갈랐다",스포츠유틸리티차(SUV)·전기차(EV) 확산에 따른 고부가가치 타이어 판매 비중과 북미 생산기지 확보... 업계 관계자는 &quot;SUV와 EV 확대로 타이어 산업에서도 판매량보다 고부가가치 제품 비중이 중요해지고 있다&quot;며... ,https://www.news1.kr/industry/auto-industry/6252701,https://n.news.naver.com/mnews/article/421/0009104929?sid=103,"Mon, 10 Aug 2026 07:05:00 +0900",2026-08-10 08:34:54
자동차/모빌리티,전기차 산업,동남아 청정에너지 급증세 ‘노후 전력망’에 발목… 절반 이상 취소,"베인앤컴퍼니는 데이터센터, 전기차(EV), 산업 클러스터 확장에 따라 2030년까지 동남아시아 지역에서 100테라와트시(TWh) 이상의 신규 전력 수요가 분출될 것으로 전망했다. 문제는 데이터센터나 EV 도입으로 인한 전력... ",https://www.g-enews.com/view.php?ud=2026080923432727940c8c1c064d_1,https://www.g-enews.com/view.php?ud=2026080923432727940c8c1c064d_1,"Mon, 10 Aug 2026 06:46:00 +0900",2026-08-10 08:34:54
자동차/모빌리티,전기차 산업,현대모비스 974만으로 압도적 1위…금호타이어는 30% 뛰었다,"자동차부품 업종은 완성차 판매와 생산량, 전기차 전환, 글로벌 공급망 변화 등 자동차 산업 전반의 흐름에 영향을 받는다. 브랜드평판지수 역시 온라인 관심과 시장 평가를 함께 반영하는 만큼 업계에 대한... ",https://www.pinpointnews.co.kr/news/articleView.html?idxno=475709,https://www.pinpointnews.co.kr/news/articleView.html?idxno=475709,"Mon, 10 Aug 2026 06:44:00 +0900",2026-08-10 08:34:54
자동차/모빌리티,전기차 산업,"[브랜드평판] 현대모비스, 자동차부품 상장기업 8월 1위... 한국타이어앤...",명신산업 ▲유니크 ▲아진산업 ▲세동 ▲삼보모터스 ▲일진하이솔루스 순이다. 구창환... 폭락은 전기차 공조 시스템 수요 불확실성이 브랜드평판에 직접 반영된 것으로 분석된다. 한국타이어앤테크놀로지의... ,https://www.enetnews.co.kr/news/articleView.html?idxno=53227,https://www.enetnews.co.kr/news/articleView.html?idxno=53227,"Mon, 10 Aug 2026 06:16:00 +0900",2026-08-10 08:34:54
자동차/모빌리티,전기차 산업,[中반도체굴기] ① 강력한 美제재 뚫고…'추격자'에서 '경쟁자'로,거대한 내수시장은 중국 반도체 산업의 최대 강점 중 하나로 꼽힌다. 수많은 스마트폰과 전기차 업체들이 자국산 반도체를 활용하기 시작하면서 초기 시장을 확보하고 생산 경험을 쌓을 수 있었다는 것이다. 우스샹... ,https://www.yna.co.kr/view/AKR20260807114200083?input=1195m,https://n.news.naver.com/mnews/article/001/0016241469?sid=104,"Mon, 10 Aug 2026 06:10:00 +0900",2026-08-10 08:34:54
자동차/모빌리티,전기차 산업,中 손잡은 르노·KGM… 생존전략과 기술자립 사이,르노코리아는 지리그룹 산하 전기차 브랜드 폴스타의 폴스타4를 부산공장에서 위탁생산하고 있다. 국내... 정구민 한국모빌리티학회장(국민대 교수)은 지난 5월 ‘미래차 산업 발전 전략 포럼’에서 “글로벌 완성차... ,https://www.kmib.co.kr/article/view.asp?arcid=9000001681&cp=nv,https://n.news.naver.com/mnews/article/005/0001865869?sid=101,"Mon, 10 Aug 2026 06:02:00 +0900",2026-08-10 08:34:54
자동차/모빌리티,전기차 산업,중국 AI 인프라 기지로 떠오른 네이멍구…세계 최대 단일 AI 컴퓨팅 시설...,"문샷 AI와 딥시크를 포함한 중국 AI 스타트업들은 네이멍구의 서버를 활용해 모델을 훈련하고 있으며, 에너지 거두 시노펙은 이곳에서 산업용 거대언어모델을 개발 중이다. 샤오펑(XPeng)과 같은 전기차 제조업체들 역시... ",https://www.sedaily.com/article/20077341?ref=naver,https://n.news.naver.com/mnews/article/011/0004650058?sid=104,"Mon, 10 Aug 2026 06:01:00 +0900",2026-08-10 08:34:54
자동차/모빌리티,모빌리티 시장,"렉서스 베스트셀링카의 귀환, 신형 ES 글로벌 출격","소비자와 시장의 다양한 요구에 대응하는 동시에, 탄소중립 사회 실현을 위해 노력하고 있다. 신형 ES는 이러한 전동화 전략을 구체화한 차다. 2025년 10월 재팬 모빌리티쇼에서 공개될 렉서스 브랜드의 전면적인 변화와... ",http://autotimes.co.kr/detail.php?number=688721&thread=27,http://autotimes.co.kr/detail.php?number=688721&thread=27,"Mon, 10 Aug 2026 08:28:00 +0900",2026-08-10 08:34:54
자동차/모빌리티,모빌리티 시장,"[TECH한주] &quot;칠흑 같은 어둠도 뚫는다&quot;… 아이쓰리시스템, 적외선 기술로...",이를 통해 우주 관측용 위성 센서 및 차세대 모빌리티 나이트비전(Night Vision) 시장을 정조준하며 글로벌 민수 시장으로의 체질 개선을 가속화하고 있습니다. 어둠을 뚫는 냉각형·비냉각형 센서의 압도적 기술력... ,https://www.epnc.co.kr/news/articleView.html?idxno=405301,https://www.epnc.co.kr/news/articleView.html?idxno=405301,"Mon, 10 Aug 2026 08:00:00 +0900",2026-08-10 08:34:54
자동차/모빌리티,모빌리티 시장,법원서 이겨도 끝 아니다…기업에 새겨진 ‘공정위 주홍글씨’,공정위는 카카오모빌리티가 배차 알고리즘을 조정해 자사 가맹 택시인 ‘카카오T블루’에 승객 호출을 몰아줬다고 판단했다. 시장지배적 지위를 남용해 비가맹 택시의 영업 기회를 제한했다며 시정명령과 과징금 271억원을... ,https://economist.co.kr/article/view/ecn202608040006,https://n.news.naver.com/mnews/article/243/0000101415?sid=101,"Mon, 10 Aug 2026 08:00:00 +0900",2026-08-10 08:34:54
자동차/모빌리티,모빌리티 시장,“카센터의 절반 값도 안 해요”… 셀프 정비소 찾는 3040들,절약을 넘어 운전자들의 새로운 취미이자 문화로 자리를 잡아가고 있다. 고물가라는 현실적 조건 속에서 합리적인 소비를 지향하는 3040 운전자들의 셀프 정비 열풍은 모빌리티 시장 전반에 새로운 변화를 불러일으키고 있다.,https://www.kmib.co.kr/article/view.asp?arcid=0030228414&code=61121111&cp=nv,https://n.news.naver.com/mnews/article/005/0001865877?sid=102,"Mon, 10 Aug 2026 07:29:00 +0900",2026-08-10 08:34:54
자동차/모빌리티,모빌리티 시장,[Who Is ?] 박수현 충청남도 지사,박수현은 2026년 7월15일 내포 KAIST 모빌리티연구소에서 대도민 보고대회를 열고 민선 9기 도정 비전과 7대... 박수현은 2026년 7월23일 충남도청 대회의실에서 15개 시·군 시장·군수와 관계자 등 50여 명이 참석한 가운데... ,https://www.businesspost.co.kr/BP?command=article_view&num=443623,https://www.businesspost.co.kr/BP?command=article_view&num=443623,"Mon, 10 Aug 2026 07:02:00 +0900",2026-08-10 08:34:54
자동차/모빌리티,모빌리티 시장,[탈모바일 삼성전기③] 완성차 직거래망 '고마진 '체질 전환,[편집자주]   차세대 모빌리티시장의 주도권 싸움이 치열해지면서 부품업계의 유통 공식에도 변화가 생겼다. 완성차 업체(OEM)들이 부품 단가를 낮추고 기술 보안을 강화하기 위해 중간 1차 부품사를 거치지 않고 핵심... ,http://www.the-biz.co.kr/news/articleView.html?idxno=725870,http://www.the-biz.co.kr/news/articleView.html?idxno=725870,"Mon, 10 Aug 2026 07:00:00 +0900",2026-08-10 08:34:54
자동차/모빌리티,모빌리티 시장,&quot;카센터 공임 아까워서&quot;…'셀프 정비소' 찾아 자가정비하는 3040,절약을 넘어 운전자들의 새로운 취미이자 문화로 자리를 잡아가고 있다. 고물가라는 현실적 조건 속에서 합리적인 소비를 지향하는 3040 운전자들의 셀프 정비 열풍은 모빌리티 시장 전반에 새로운 변화를 불러일으키고 있다.,https://www.newsis.com/view/NISX20260806_0003739107,https://n.news.naver.com/mnews/article/003/0014116729?sid=102,"Mon, 10 Aug 2026 06:44:00 +0900",2026-08-10 08:34:54
자동차/모빌리티,모빌리티 시장,"기술로, 완성차로… 국내 車시장 파고드는 中",KG모빌리티(KGM) 역시 중국 체리자동차의 플러그인하이브리드차(PHEV) 플랫폼인 ‘T2X’ 기술 라이선스를... 동시에 안방 시장을 향한 중국 완성차의 공격도 매섭다. 자국 내수 침체와 미·중 갈등에 가로막힌 중국... ,https://www.segye.com/newsView/20260809511972?OutUrl=naver,https://n.news.naver.com/mnews/article/022/0004149668?sid=101,"Mon, 10 Aug 2026 06:03:00 +0900",2026-08-10 08:34:54
자동차/모빌리티,모빌리티 시장,아틀라스 '2교대 체제' 가동…2년내 현장 투입[only 이데일리],보스턴다이나믹스는 중장기 IPO 기반이 될 자본시장 대응 인력 역시 확충하고 있다. 지난 4월 모빌리티 전문 벤처캐피털 출신의 에이미 다이를 IR 담당자로 영입한 데 이어 이사회·주주 자료와 증권법상 공시를 담당할... ,https://www.edaily.co.kr/news/newspath.asp?newsid=01413686645546008,https://n.news.naver.com/mnews/article/018/0006348396?sid=103,"Mon, 10 Aug 2026 05:03:00 +0900",2026-08-10 08:34:54
자동차/모빌리티,모빌리티 시장,전기차 빠진 한국판 IRA…中 공세에도 국내 생산 지원 '공백’ [뚫린 안...,실제 중국산 전기차의 국내 시장 영향력은 빠르게 확대되고 있다. 한국자동차모빌리티산업협회(KAMA)에 따르면 올해 상반기 중국산 전기차 판매는 전년 동기 대비 178.7% 증가했다. 중국 내 경쟁 심화로 수출 물량이 늘어난... ,https://www.etoday.co.kr/news/view/2612120,https://www.etoday.co.kr/news/view/2612120,"Mon, 10 Aug 2026 05:02:00 +0900",2026-08-10 08:34:54
자동차/모빌리티,모빌리티 시장,무뎌지는 ‘중국산’ 거부감…글로벌 완성차도 中 생산·협력 확대 [뚫린...,자동차 시장에서 ‘중국산’에 대한 소비자들의 거부감이 점차 옅어지고 있다. 중국에서 생산된 차량이... 9일 완성차업계에 따르면 KG모빌리티(KGM)는 최근 중국 체리자동차와 7500만달러(약 1080억원) 규모의 전략적... ,https://www.etoday.co.kr/news/view/2612223,https://www.etoday.co.kr/news/view/2612223,"Mon, 10 Aug 2026 05:02:00 +0900",2026-08-10 08:34:54
자동차/모빌리티,모빌리티 시장,"테슬라, 국민차 그랜저도 제쳤다…FSD 기대감 타고 ‘독주’ [뚫린 안방...","여기에 비야디(BYD), 지커 등 중국 브랜드까지 국내 시장 공략을 강화하면서 중국산 전기차 비중은 더욱 확대될 전망이다. 권은경 한국자동차모빌리티산업협회(KAMA) 수석위원은 “중국산 전기차의 급격한 유입은 가격... ",https://www.etoday.co.kr/news/view/2612115,https://www.etoday.co.kr/news/view/2612115,"Mon, 10 Aug 2026 05:02:00 +0900",2026-08-10 08:34:54
자동차/모빌리티,모빌리티 시장,성민석 원프레딕트 COO “기술만으론 돈 못 벌어…제조 AI도 제품 돼야”,뛰어나도 시장에서 선택받지 못하면 쓸모없는 제품이 됩니다. 제조 AI도 고객이 실제 사용할 수 있는... 유사하다”며 “모빌리티에서 축적한 경험을 제조 AI에 적용할 사업 기회를 봤다”고 말했다. 그는 현재 제품과... ,https://www.etoday.co.kr/news/view/2612175,https://www.etoday.co.kr/news/view/2612175,"Mon, 10 Aug 2026 05:00:00 +0900",2026-08-10 08:34:54
자동차/모빌리티,모빌리티 시장,"[최고 달성, 민선 9기의 도약] ①청년이 모이고 일자리가 넘치는 글로벌...","기술의 시장 진출을 뒷받침한다. 사업의 정점이자 가장 규모가 큰 '신성장 동력 확보를 위한 기술개발사업'은 핵심 기술의 최종 '상용화'를 목표로 한다. 특히 이 사업은 미래 모빌리티, 헬스케어, 로봇, 기계부품... ",https://www.imaeil.com/page/view/2026070513012773532,https://n.news.naver.com/mnews/article/088/0001022798?sid=102,"Mon, 10 Aug 2026 04:30:00 +0900",2026-08-10 08:34:54
친환경/신재생,신재생에너지 주가,"IBK증권, 산일전기 목표가↑…&quot;데이터센터용 수주 확대 기대&quot;",그러면서 미국 데이터센터용 후속 수주가 이어지고 있고 유럽에서도 신재생에너지용 수주가 증가하면서 특수 변압기의 견조한 수요가 지속될 전망이라며 내년에는 전력망용 변압기의 실적 기여도 커질 것이라고... ,https://www.yna.co.kr/view/AKR20260810017900008?input=1195m,https://n.news.naver.com/mnews/article/001/0016241550?sid=101,"Mon, 10 Aug 2026 08:25:00 +0900",2026-08-10 08:34:55
친환경/신재생,신재생에너지 주가,"IBK證 &quot;산일전기, 데이터센터향 특수변압기 수주 확대…목표주가 22%↑&quot;","김태현 IBK투자증권 연구원은 &quot;블룸에너지 정식 벤더 등록 이후 데이터센터향 후속 수주가 이어지고 있으며, 유럽에서도 신규 고객 확보를 기반으로 신재생에너지향 수주가 증가하면서 특수변압기의 견조한... ",https://www.ajunews.com/view/20260810012716175,https://www.ajunews.com/view/20260810012716175,"Mon, 10 Aug 2026 08:10:00 +0900",2026-08-10 08:34:55
친환경/신재생,신재생에너지 주가,"산일전기, AI 전력난 수혜에 분기 최대 실적…'데이터센터 핵심' 특수변...","김 연구원은 &quot;블룸에너지 정식 벤더 등록 이후 데이터센터향 후속 수주가 이어지고 있으며, 유럽에서도 신규 고객 확보를 기반으로 신재생에너지향 수주가 증가하면서 특수 변압기의 견조한 수요가 지속될 것... ",http://www.newsprime.co.kr/news/article.html?no=743200,http://www.newsprime.co.kr/news/article.html?no=743200,"Mon, 10 Aug 2026 08:08:00 +0900",2026-08-10 08:34:55
친환경/신재생,신재생에너지 주가,상장가보다 주가 낮은데 실적은 뛰었다…지에프아이에 무슨 일?,"ESS는 전력을 저장했다가 필요할 때 공급하는 장치로, 신재생에너지 확대와 전력 수요 증가에 따라 활용... 통상 신규 상장 기업은 상장 이후 사업 확장과 실적 개선 여부가 주가를 결정하는 중요한 요인이 된다.... ",https://www.pinpointnews.co.kr/news/articleView.html?idxno=475650,https://www.pinpointnews.co.kr/news/articleView.html?idxno=475650,"Sun, 09 Aug 2026 14:12:00 +0900",2026-08-10 08:34:55
친환경/신재생,신재생에너지 주가,"반세기 금형 기술의 변신…나라엠앤디, ESS 시장 정조준",전기차와 신재생에너지 보급 확대와 함께 전력을 저장했다가 필요한 시점에 공급하는 ESS의 중요성이 커지고... 부품 공급기업으로 변신할 수 있을지가 향후 성장의 관전 포인트다. 목표주가와  투자의견도 제시하지 않았다.,https://www.pinpointnews.co.kr/news/articleView.html?idxno=475557,https://www.pinpointnews.co.kr/news/articleView.html?idxno=475557,"Sat, 08 Aug 2026 16:32:00 +0900",2026-08-10 08:34:55
친환경/신재생,신재생에너지 주가,"LS에코에너지, 분기 최대 매출 터졌다…북미 전력망 수혜 본격화","데이터센터와 공장, 신재생에너지 발전시설 등이 늘어날수록 전력을 생산지에서 소비지로 보내기 위한... 새로 썼다는 점에서 향후 성장 기반은 오히려 강화되고 있다. 목표주가 7만6000원,  투자의견은 '매수'를 제시했다.",https://www.pinpointnews.co.kr/news/articleView.html?idxno=475545,https://www.pinpointnews.co.kr/news/articleView.html?idxno=475545,"Sat, 08 Aug 2026 16:02:00 +0900",2026-08-10 08:34:55
친환경/신재생,신재생에너지 주가,&quot;땡큐 트럼프&quot;…삼전닉스 10%대 급락 때 이 업종 달렸다[김근희의 증시...,'김근희의 증시 랩업'은 한 주간 상승·하락한 종목들과 증시 주요 이벤트 등을 살펴보며 시장의 흐름을... 두 시장의 희비가 엇갈린 가운데 신재생에너지주와 광통신주는 시장 상황과 관계없이 달렸다. 미국 정부의... ,https://www.mt.co.kr/stock/2026/08/08/2026080717155476003,https://n.news.naver.com/mnews/article/008/0005397246?sid=101,"Sat, 08 Aug 2026 09:30:00 +0900",2026-08-10 08:34:55
친환경/신재생,신재생에너지 주가,"포스코홀딩스, 인터·DX 지분 2.5조원 매각…투자재원 확보 차원",LNG·신재생에너지를 아우르는 ‘삼축(트리플 코어)’ 사업 체제를 구축하겠다는 청사진을 제시했다.... 포스코홀딩스는 두 종목에 대해 주가수익스와프(PRS) 계약을 체결할 예정이라고 밝혔다. 계약기간은 3년이다.... ,https://biz.heraldcorp.com/article/10834581?ref=naver,https://n.news.naver.com/mnews/article/016/0002681061?sid=101,"Fri, 07 Aug 2026 19:56:00 +0900",2026-08-10 08:34:55
친환경/신재생,신재생에너지 주가,"포스코홀딩스, 계열사 인터·DX 지분 일부 매각… 2조5000억원 확보","지난달 산업자원(철강)·전략자원(리튬, 양극재·음극재, 희토류 등)·에너지자원(LNG, 신재생에너지)... 포스코홀딩스는 두 회사 모두 처분 예정일에 주가 변동으로 시간 외 대량 매매(블록딜) 방식의 거래가... ",https://biz.chosun.com/industry/company/2026/08/07/MY5TAQLLQZC7LC5MVMVMMTU6RQ/?utm_source=naver&utm_medium=original&utm_campaign=biz,https://n.news.naver.com/mnews/article/366/0001184996?sid=101,"Fri, 07 Aug 2026 19:17:00 +0900",2026-08-10 08:34:55
친환경/신재생,신재생에너지 주가,"포스코홀딩스, 인터·DX 지분 팔아 2.5조 조달",포스코홀딩스는 지분매각을 위해 NH투자증권·키움증권 등과 주가수익스왑(PRS) 계약을 체결한다. PRS는... (LNG)·신재생에너지 중심의 ‘삼축(트리플 코어)’ 사업 체제를 구축한다는 청사진을 내놓은 바 있다. 이를... ,https://www.sedaily.com/article/20077102?ref=naver,https://n.news.naver.com/mnews/article/011/0004649694?sid=101,"Fri, 07 Aug 2026 18:53:00 +0900",2026-08-10 08:34:55
친환경/신재생,신재생에너지 주가,"미국, 지속가능 펀드 14분기 만에 순유입…AI 전력망 ETF가 견인",이스라엘 신재생 발전 기업 엔라이트 리뉴어블 에너지 주가는 7월 말까지 두 배 가까이 뛰었다. 이를 편입한 퍼스트러스트 글로벌 윈드에너지 ETF는 올해 16%의 수익률과 6000만 달러 (약 850억 원)이상의 순유입을... ,https://www.g-enews.com/view.php?ud=20260807164342228fbbec65dfb_1,https://www.g-enews.com/view.php?ud=20260807164342228fbbec65dfb_1,"Fri, 07 Aug 2026 16:54:00 +0900",2026-08-10 08:34:55
친환경/신재생,신재생에너지 주가,"STS강관사 이렘, 태양광 EPC '원픽이앤씨' 인수","스테인리스강관 제조사 이렘이 신재생에너지 사업에 발을 들인다고 밝혔다. 전환사채(CB) 발행으로... 기준 주가에 111%를 할증했다. 전환청구는 2027년 8월 18일부터 가능하다. 전환 시 발행될 주식은 117만 3,239주다.... ",http://www.snmnews.com/news/articleView.html?idxno=573053,http://www.snmnews.com/news/articleView.html?idxno=573053,"Fri, 07 Aug 2026 16:20:00 +0900",2026-08-10 08:34:55
친환경/신재생,신재생에너지 주가,"한화솔루션, 유상증자 직후 날아든 ‘석화 재편 청구서’","이후 주가 하락이 이어지면서 최종 발행가는 2만2100원까지 낮아졌고, 모집 금액도 절반 이하인... 신재생에너지, 케미칼, 첨단소재부문 모두 1분기 대비 뚜렷한 수익성 개선세를 보였다. 다만 영업이익에는 IRA 관련... ",https://www.topdaily.kr/articles/111368,https://www.topdaily.kr/articles/111368,"Fri, 07 Aug 2026 15:49:00 +0900",2026-08-10 08:34:55
친환경/신재생,신재생에너지 주가,"[서울데이터랩]코스닥 거래상위 종목 혼조세…한국첨단소재 상한가, AI·...","전반적으로 이날 코스닥 거래상위 종목군에서는 AI, 첨단소재, 신재생에너지 테마가 강세를 주도하는 가운데 일부 급등주와 차익실현 종목 간 주가 변동성이 확대되는 흐름이다. [서울신문과... ",https://www.seoul.co.kr/news/economy/securities/2026/08/07/20260807500114?wlog_tag3=naver,https://n.news.naver.com/mnews/article/081/0003668522?sid=101,"Fri, 07 Aug 2026 13:16:00 +0900",2026-08-10 08:34:55
친환경/신재생,신재생에너지 주가,구자균 LS일렉트릭 회장 &quot;기술력과 무결점 품질로 ESS사업 성과 낼 것&quot;,"글로벌 ESS 시장은 AI 데이터센터 전력 수요와 신재생에너지 확대로 가파르게 크고 있으며, 최대 시장인... 상반기 누적 신규 수주가 3조2000억원에 달하면서 회사는 연초 4조원이던 연간 수주 가이던스를 6조... ",http://www.biztribune.co.kr/news/articleView.html?idxno=357122,http://www.biztribune.co.kr/news/articleView.html?idxno=357122,"Fri, 07 Aug 2026 12:58:00 +0900",2026-08-10 08:34:55
친환경/신재생,신재생에너지 주가,화학·도소매→석유·가전…2분기 상장사 10곳 중 6곳 ‘어닝 서프라이...,"에너지 시설 및 서비스 업종을 이끈 한화솔루션은 신재생에너지, 케미컬, 첨단소재 등 주요 사업 부문이... 메모리 반도체 업체인 샌디스크와 웨스턴디지털은 실적 발표 후 모두 주가가 급락했다. 샌디스크는... ",https://view.asiae.co.kr/article/2026080709561002462,https://n.news.naver.com/mnews/article/277/0005800178?sid=101,"Fri, 07 Aug 2026 10:12:00 +0900",2026-08-10 08:34:55
친환경/신재생,신재생에너지 주가,[특징주] 美 폴리실리콘 관세에 태양광주 강세,"미국이 폴리실리콘과 관련 파생상품에 15% 관세를 부과하는 방침을 발표하면서 국내 태양광 관련주가... 최영광 NH투자증권 연구원은 &quot;신재생에너지 내 사업 다각화, 미국의 탈중국 정책 강화, 미국 내 설비... ",https://www.ziksir.com/news/articleView.html?idxno=142460,https://www.ziksir.com/news/articleView.html?idxno=142460,"Fri, 07 Aug 2026 10:10:00 +0900",2026-08-10 08:34:55
친환경/신재생,신재생에너지 주가,원·달러 환율 10개월 만에 최저…원화 강세 이어지나,인공지능(AI)·바이오·신재생에너지 등 미래 성장 동력 자산이 해외 자본에 넘어갈 수 있다는 우려가 자본시장 안팎에서 커지는 상황이다. [글로벌 투자자 관심 뉴스] 1. 주가 4.6% 폭락에도 원화 강세…환율 1410원대... ,https://www.sedaily.com/article/20076792?ref=naver,https://n.news.naver.com/mnews/article/011/0004649480?sid=102,"Fri, 07 Aug 2026 10:01:00 +0900",2026-08-10 08:34:55
친환경/신재생,태양광 산업,"경기도, 팔당 상류 6개 시군 '재생에너지 특별주민지원' 219억 공모 선정...",주민들에게 태양광 발전과 고효율 히트펌프 등 재생에너지 설비를 설치해 주는 사업이다. 이를 통해... 김연지 도 에너지산업과장은 &quot;상수원 보호를 위해 오랜 기간 규제를 감수한 주민들이 재생에너지 사업을 통해... ,https://www.joongangenews.com/news/articleView.html?idxno=538803,https://www.joongangenews.com/news/articleView.html?idxno=538803,"Mon, 10 Aug 2026 08:28:00 +0900",2026-08-10 08:34:56
친환경/신재생,태양광 산업,"경기도, 햇빛소득마을 등 한강수계기금사업 219억 신청 팔당 6개 시·군...","지원금은 '햇빛소득마을' 조성, 개별 가구 태양광·히트펌프 설치, 마을회관 등 공동시설 히트펌프 설치 등에... 김연지 도 에너지산업과장은 &quot;상수원 보호를 위해 오랜 기간 규제를 감수한 주민들이 재생에너지 사업을... ",https://www.gukjenews.com/news/articleView.html?idxno=3659927,https://www.gukjenews.com/news/articleView.html?idxno=3659927,"Mon, 10 Aug 2026 08:28:00 +0900",2026-08-10 08:34:56
친환경/신재생,태양광 산업,해남 간척지에 국내 최대 태양광…400MW 빛의 발전소 첫삽,규모의 태양광 발전기지로 탈바꿈한다. 장기간 규제에 발이 묶였던 400MW급 발전사업이 본격적인 공사에 들어가면서 지역 재생에너지와 반도체 산업을 잇는 새로운 전력 공급 모델로 주목받고 있다.... ,https://news.mtn.co.kr/news-detail/2026080821411857598,https://news.mtn.co.kr/news-detail/2026080821411857598,"Mon, 10 Aug 2026 08:20:00 +0900",2026-08-10 08:34:56
친환경/신재생,태양광 산업,핵융합 자금 지원의 필요성에 대한 제언,"목표를 가진 산업 정책이다. 왜 태양광, 풍력, 핵분열, 그리고 인내심의 조합이 아니라 핵융합인가? 핵융합만이 다른 방법으로는 풀리지 않는 최소 여섯 가지 위기를 동시에 해결하기 때문이며, 다른 것들은... ",http://www.newsmaker.or.kr/news/articleView.html?idxno=180442,http://www.newsmaker.or.kr/news/articleView.html?idxno=180442,"Mon, 10 Aug 2026 08:00:00 +0900",2026-08-10 08:34:56
친환경/신재생,태양광 산업,【데일리 ESG 정책 브리핑】한전기술지주 에너지 기술사업화·중소벤처...,국내 태양광 인버터 제조기반 확충을 위한 협력에 나섰다. 한국전력공사는 LS ELECTRIC·효성중공업·HD현대일렉트릭과 나주시 직류(DC) 산업거점 조성을 위한 업무협약도 체결했다. 참여기업들은 나주시 내 직류 산업... ,http://www.impacton.net/news/articleView.html?idxno=19884,http://www.impacton.net/news/articleView.html?idxno=19884,"Mon, 10 Aug 2026 07:38:00 +0900",2026-08-10 08:34:56
친환경/신재생,태양광 산업,"인도 태양광부터 PPA까지…GS건설, 친환경 에너지 사업 키운다",태양광 발전사업에서 생산한 전력을 LG유플러스에 20년간 공급한다. LG유플러스는 이를 데이터센터(IDC)와 사옥 운영에 활용할 예정이다. 무탄소 분산에너지 사업도 본격화하고 있다. 포항시와 함께 포항 영일만산업단... ,https://www.news1.kr/realestate/general/6252447,https://n.news.naver.com/mnews/article/421/0009104930?sid=101,"Mon, 10 Aug 2026 07:05:00 +0900",2026-08-10 08:34:56
친환경/신재생,태양광 산업,"[건물에너지 전환, KCL이 이끈다] (中) 창호형 태양광(BIPV), 산업 생태계...",글싣는 순서 히트펌프ㆍHVAC 성능검증 창호형 태양광 산업 생태계 (下)건물 전기화와 ZEB 인증 [대한경제=박흥순 기자]건물이 스스로 에너지를 만드는 시대가 열리면서 건물일체형 태양광(BIPV)이 전환의 한 축으로... ,https://www.dnews.co.kr/uhtml/view.jsp?idxno=202608071055222800169,https://www.dnews.co.kr/uhtml/view.jsp?idxno=202608071055222800169,"Mon, 10 Aug 2026 06:22:00 +0900",2026-08-10 08:34:56
친환경/신재생,태양광 산업,"BS한양, 시평 32위 껑충…주택 넘어 항만·철도·에너지인프라로 공사 확...","30위 호반산업(대표 김용일)의 시평액은 1조4693억 원이다. BS한양과 격차는 345억 원에 불과하다. BS한양은... 태양광과 풍력, 배터리에너지저장장치, 바이오매스발전, LNG 터미널을 중심으로 사업을 추진 중이다. 여수... ",http://www.consumernews.co.kr/news/articleView.html?idxno=761023,http://www.consumernews.co.kr/news/articleView.html?idxno=761023,"Mon, 10 Aug 2026 06:10:00 +0900",2026-08-10 08:34:56
친환경/신재생,태양광 산업,"美, 中겨냥 폴리실리콘 ‘가격 하한제’·15% 관세… K태양광 반등 청신...","폴리실리콘은 태양광 패널의 솔라 셀 기판과 반도체 웨이퍼의 원재료로 ‘첨단산업의 쌀’이라고 불린다. 이번 조치로 미국으로 들여오는 폴리실리콘 수입품의 가격 하한은 ㎏당 21달러, 잉곳 및 웨이퍼는 ㎏당... ",https://www.kmib.co.kr/article/view.asp?arcid=9000001680&cp=nv,https://n.news.naver.com/mnews/article/005/0001865868?sid=101,"Mon, 10 Aug 2026 06:02:00 +0900",2026-08-10 08:34:56
친환경/신재생,태양광 산업,[인터뷰] ‘K배터리 해외공장 숨은 조력자’...오중엽 플랜텍 대표 “초...,해외 공장 구축 사업을 진행하며 제조 현장의 공간 활용과 에너지 문제를 직접 경험한 그는 공장과 물류센터 등 산업 현장의 유휴 지붕을 활용하는 태양광 사업에 주목했다. 오 대표는 한국의 지리적 특성상 대규모... ,https://biz.chosun.com/industry/business-venture/2026/08/10/FV3O76BIVRGXVOSCEUENNERQFM/?utm_source=naver&utm_medium=original&utm_campaign=biz,https://n.news.naver.com/mnews/article/366/0001185149?sid=101,"Mon, 10 Aug 2026 06:01:00 +0900",2026-08-10 08:34:56
친환경/신재생,태양광 산업,"美, 태양광·반도체 ‘폴리실리콘’ 무역장벽 높였지만…‘중국 견제’...","글로벌 반도체산업협회(SIA)에 따르면 반도체 산업은 전체 글로벌 폴리실리콘 수요의 약 2.4%를 차지하며, 막대한 양의 태양광용 폴리실리콘 수요가 전체 생산 기반을 받쳐주는 구조를 가지고 있다. 이번 조치에 대해 미국... ",https://www.dt.co.kr/article/12077294?ref=naver,https://n.news.naver.com/mnews/article/029/0003041460?sid=101,"Mon, 10 Aug 2026 06:00:00 +0900",2026-08-10 08:34:56
친환경/신재생,태양광 산업,"中, 희귀금속 수출 통제 3년… 차세대 전력 반도체 소재 ‘갈륨’ 가격...","전기차(EV), 5G·6G 통신 기지국, 데이터센터, 태양광 인버터 등의 핵심 부품으로 쓰이는 만큼, 갈륨 가격의... 중국의 희귀금속 수출 규제 3년과 갈륨 가격 9배 폭등은, 향후 ‘글로벌 차세대 전력 반도체 산업의 생산 단가... ",https://www.g-enews.com/view.php?ud=2026080916114182720c8c1c064d_1,https://www.g-enews.com/view.php?ud=2026080916114182720c8c1c064d_1,"Mon, 10 Aug 2026 05:36:00 +0900",2026-08-10 08:34:56
친환경/신재생,태양광 산업,"&quot;챗봇보다 공장 먼저&quot;…산업 위에 올라탄 중국 AI, 설계자는 정부 [AI 패...","'AI Plus'가 겨냥한 산업 현장 중국이 AI 적용을 서두르는 분야는 제조업이다. 제조업은 중국 경제의 기반이고, 전기차·배터리·태양광·로봇·전자제품 공급망이 모두 연결돼 있다. AI가 생산라인 품질 검사, 설비 예측... ",http://www.fnnews.com/news/202608071159454663,https://n.news.naver.com/mnews/article/014/0005559107?sid=104,"Mon, 10 Aug 2026 05:01:00 +0900",2026-08-10 08:34:56
친환경/신재생,풍력 시장,[전국 주요 신문 사설](10일 조간),"중국시장 ▲ 대한경제 = 폭염 덮친 건설현장, 근로자 안전이 최우선이다 5극3특 성장엔진, 정부가 인프라 조기... 대경일보 = 풍력발전 부작용 속출… 허가·관리 대폭 강화하라 호르무즈의 긴장, 포항경제를 지켜야한다... ",https://www.yna.co.kr/view/AKR20260810008100011?input=1195m,https://n.news.naver.com/mnews/article/001/0016241531?sid=110,"Mon, 10 Aug 2026 08:00:00 +0900",2026-08-10 08:34:56
친환경/신재생,풍력 시장,삼성 새만금 투자…10년 만에 다시 구애,"삼성은 새만금에 풍력과 태양전지, 연료전지 등 그린에너지 종합산업단지를 조성하겠다며 국무총리실 그리고 전북도와 투자 협력 양해 각서를 체결했습니다. [김순택/당시 삼성그룹 부회장/2011년 : &quot;중국이 큰 시장이고... ",https://news.kbs.co.kr/news/pc/view/view.do?ncd=8632422&ref=A,https://n.news.naver.com/mnews/article/056/0012234338?sid=101,"Mon, 10 Aug 2026 07:37:00 +0900",2026-08-10 08:34:56
친환경/신재생,풍력 시장,"한전기술, 분기 실적 쇼크에 목표가 하향 &quot;모멘텀 기다릴 때&quot;",한전기술이 시장 기대를 밑도는 2·4분기 실적을 기록했다. 증권가는 이번 부진을 일시적인 요인으로... 한전기술은 완도금일 해상풍력과 전북 서남권 해상풍력 등 공공 주도 해상풍력 사업에서 설계·조달(EP) 업무... ,http://www.fnnews.com/news/202608100725148070,https://n.news.naver.com/mnews/article/014/0005559132?sid=101,"Mon, 10 Aug 2026 07:33:00 +0900",2026-08-10 08:34:56
친환경/신재생,풍력 시장,"[더벨][Company Watch] LS마린솔루션, 940억 계약 무산에도 '역대급 실적...","LS마린솔루션 관계자는 “해상풍력 사업 확대와 서해안 HVDC 에너지고속도로 사업 참여, 글로벌 시장 진출을 통해 성장세를 이어가겠다”며 “해저와 육상을 아우르는 시공 역량을 바탕으로 국내외 전력 인프라... ",https://www.thebell.co.kr/free/content/ArticleView.asp?key=202608061113463840105014,https://www.thebell.co.kr/free/content/ArticleView.asp?key=202608061113463840105014,"Mon, 10 Aug 2026 07:02:00 +0900",2026-08-10 08:34:56
친환경/신재생,풍력 시장,8월 10일 개장 전 주요 공시,7일 장 마감 후 10일 개장 전 주요 공시 ◆유가증권시장 고려아연은 영풍과 한국기업투자홀딩스가... 한화오션은 서남권 해상풍력 확산1단지 우선협상대상자로 선정됐다는 보도에 대해 &quot;당사가 참여 중인... ,https://www.seoulfn.com/news/articleView.html?idxno=635253,https://www.seoulfn.com/news/articleView.html?idxno=635253,"Mon, 10 Aug 2026 07:00:00 +0900",2026-08-10 08:34:56
친환경/신재생,풍력 시장,'AI 데이터센터' 특수…반도체 넘어 철강·조선·방산 '새 먹거리',데이터센터 시장을 공략하고 있다. 인천·포항 등 그룹이 보유한 공장 부지와 전력 인프라를 데이터센터... 해상풍력이나 소형모듈원전(SMR)을 전력원으로 활용하는 방안도 개발할 계획이다. 삼성중공업은 부유식... ,http://www.inews24.com/view/1991870,https://n.news.naver.com/mnews/article/031/0001048301?sid=101,"Mon, 10 Aug 2026 07:00:00 +0900",2026-08-10 08:34:56
친환경/신재생,풍력 시장,햇빛·바람 좋은데 “발전기 꺼라”…제주가 보여준 역설,"오늘은 국내 신재생에너지 시장을 살펴봅니다. 무더위로 전력수요가 큰 요즘 태양광이 효자노릇을 하죠. 그런데 이런 신재생 전원이 쓰이지 못하고 버려지는 일이 많다고 합니다. 특히, 태양광과 풍력을 널리 보급한... ",https://news.kbs.co.kr/news/pc/view/view.do?ncd=8632379&ref=A,https://n.news.naver.com/mnews/article/056/0012234291?sid=101,"Mon, 10 Aug 2026 06:41:00 +0900",2026-08-10 08:34:56
친환경/신재생,풍력 시장,(단독)'한국판 IRA'서 빠진 전기차…청와대 벽에 막혔다,"로봇·풍력·핵심소재)를 확정하기까지 마지막 논의 테이블에 남아 있었습니다. 그간 국내 자동차업계에서는... 중국 자동차 회사들은 이미 막대한 자본력으로 자국의 세제 지원을 받아 한국 시장에 진출하는 만큼, 동일... ",http://www.newstomato.com/ReadNews.aspx?no=1309654&inflow=N,http://www.newstomato.com/ReadNews.aspx?no=1309654&inflow=N,"Mon, 10 Aug 2026 03:02:00 +0900",2026-08-10 08:34:56
친환경/신재생,풍력 시장,강원 '운명공동체' 첫발…18개 시·군 현안 머리 맞댔다,"우상호 강원도지사와 도내 18개 시장·군수가 7일 춘천에서 처음으로 한자리에 모여 도정 현안과 시·군 협력... 영월군은 국가자원 안보 핵심 광물 클러스터 구축을 건의했고, 평창군은 공공주도 육상 풍력 사업 대상지를... ",https://www.kado.net/news/articleView.html?idxno=2065728,https://n.news.naver.com/mnews/article/654/0000194395?sid=100,"Mon, 10 Aug 2026 00:07:00 +0900",2026-08-10 08:34:56
친환경/신재생,풍력 시장,"[뉴스&amp;분석]울산시·정치권, 정부 2차 공공기관 울산유치 전략 있나","울산은 석유화학·정유·수소·원전·해상풍력 등 국가 에너지산업의 핵심 생산기반을 갖추고 있고, 1차... 더욱이 김 시장과 '울산지역 국회의원협의회' 간 정책협의회를 통해 공공기관 유치전을 공동 전선으로 만들... ",https://www.ksilbo.co.kr/news/articleView.html?idxno=1064151,https://www.ksilbo.co.kr/news/articleView.html?idxno=1064151,"Mon, 10 Aug 2026 00:04:00 +0900",2026-08-10 08:34:56
친환경/신재생,풍력 시장,"이환주 KB국민은행장, ‘생산적’ 체질 전환 ‘성과’…자본효율 ‘과제...",기업금융·자본시장·인공지능(AI)과 외부 플랫폼으로 넓히겠다는 구상이었다. 취임 후 1년 6개월의 성적은... 해상풍력 프로젝트파이낸싱(PF)에도 금융주선기관으로 참여했다. 포용금융부와 성장금융추진본부... ,https://www.fntimes.com/html/view.php?ud=202608072309447709dd55077bc2_18,https://www.fntimes.com/html/view.php?ud=202608072309447709dd55077bc2_18,"Mon, 10 Aug 2026 00:02:00 +0900",2026-08-10 08:34:56
친환경/신재생,풍력 시장,“송전제약지역 직접전력거래 제도 개선돼야”,최근 태양광과 풍력 등 친환경에너지는 개정된 반면 화력발전과 가스 등은 규제에 막혀 있는 상태이다. 이... 박상수 시장은 “송전제약지역에서 생산한 전력을 지역에서 소비하는 경우 발전설비 규모와 관계없이... ,https://www.kwnews.co.kr/article/20260808500370,https://n.news.naver.com/mnews/article/087/0001210285?sid=102,"Mon, 10 Aug 2026 00:02:00 +0900",2026-08-10 08:34:56
친환경/신재생,풍력 시장,"우리기술, 기존 원전 유지·보수 시장에서 공급 진행 중","이미 가동 중인 원전의 설비를 교체하고 성능을 유지하는 시장이다. 새 원전을 짓는 사업은 발주 자체가... 기업모니터에 따르면 우리기술은 방위산업과 해상풍력, 스마트바이오 등으로 영역을 넓히고 있으며, 연결대상... ",https://www.cbci.co.kr/news/articleView.html?idxno=596259,https://www.cbci.co.kr/news/articleView.html?idxno=596259,"Mon, 10 Aug 2026 00:00:00 +0900",2026-08-10 08:34:56
친환경/신재생,풍력 시장,"전남광주특별시, ‘통합 발전 5사 본사’ 유치 사활…정부에 첫 공식 건...",해상풍력 최대 생산기지 및 정의로운 전환의 최적지 통합 발전공기업이 보유한... 미래 시장이 될 것이라는 설명이다. 황기연 전남광주특별시 행정부시장은... ,http://www.breaknews.com/1227714,http://www.breaknews.com/1227714,"Sun, 09 Aug 2026 21:56:00 +0900",2026-08-10 08:34:56
친환경/신재생,풍력 시장,"전남광주, 5개 발전공기업 통합 본사 유치전 가세","민형배 전남광주시장이 정부에 5개 발전공기업 통합 본사 유치를 공식 건의했다. 정부의 발전공기업 구조... 해상풍력의 최대 생산기지가 전남광주라는 점이다. 또 한국전력공사를 필두로 전력거래소, 한전KDN, 한전KPS 등... ",http://www.kwangju.co.kr/article.php?aid=1786273500802092004,http://www.kwangju.co.kr/article.php?aid=1786273500802092004,"Sun, 09 Aug 2026 20:08:00 +0900",2026-08-10 08:34:56
친환경/신재생,수소 경제,주석-구리 촉매 활용한 CCU 기술 개발,"포집제는 회수해 다시 사용할 수 있으며, 경제성 분석 결과 포름산 생산비는 1톤당 약 410달러로 기존... 특히 포름산은 수소를 저장·운반하는 물질로도 활용될 수 있어 향후 활용 범위가 더욱 넓어질 전망이다. KIST는... ",http://www.snmnews.com/news/articleView.html?idxno=573091,http://www.snmnews.com/news/articleView.html?idxno=573091,"Mon, 10 Aug 2026 08:00:00 +0900",2026-08-10 08:34:57
친환경/신재생,수소 경제,[투데이춘추] '희생의 역사'를 '정의로운 전환'으로 바꿀 태안의 생존 전...,"오히려 2040년까지 예정된 석탄화력발전소 폐쇄에 따른 지역 경제의 파국을 막고, 태안을 청정에너지 전환의... 발전사들은 신재생 및 청정 수소 발전으로 체질을 개선하는 과정에 있으며, 통합 본사 유치는 석탄 연소의... ",https://www.cctoday.co.kr/news/articleView.html?idxno=2234567,https://www.cctoday.co.kr/news/articleView.html?idxno=2234567,"Mon, 10 Aug 2026 06:00:00 +0900",2026-08-10 08:34:57
친환경/신재생,수소 경제,"계룡에 첫 수소충전소 뜬다 … &quot;수소차 충전, 이제 대전·논산 안 가도 ...",이응우 계룡시장은 &quot;계룡시 최초 수소충전소 운영은 시민들의 친환경 자동차 이용 편의를 높이고 탄소중립 실현과 수소경제 활성화를 뒷받침하는 중요한 기반시설이 될 것&quot;이라며 &quot;앞으로도 친환경 교통 인프라를... ,https://www.tournews21.com/news/articleView.html?idxno=140569,https://www.tournews21.com/news/articleView.html?idxno=140569,"Mon, 10 Aug 2026 05:34:00 +0900",2026-08-10 08:34:57
친환경/신재생,수소 경제,"간사이전력·가와사키중공업, 화력발전서 포집한 CO₂첫 외부 해상 수송","8월 9일(현지시각) 일본 종합 경제 미디어 닛케이 아시아(Nikkei Asia) 보도에 따르면, 가와사키중공업은... 추출한 수소를 활용하는 석탄가스화복합발전(IGCC) 사업을 가속하고 있다. 간사이전력과 가와사키중공업의... ",https://www.g-enews.com/view.php?ud=2026080915561062320c8c1c064d_1,https://www.g-enews.com/view.php?ud=2026080915561062320c8c1c064d_1,"Mon, 10 Aug 2026 05:26:00 +0900",2026-08-10 08:34:57
친환경/신재생,수소 경제,"[기획] 정부 기후금융 승부수 '녹색 ABS', 사후검증이 성패 좌우","녹색경제활동으로 인정되면 관련 기업은 유리한 조건으로 자금을 조달할 가능성을 얻는다. 그린워싱을 막아야 시장이 선다 녹색금융이 확대될수록 가장 민감한 쟁점은 '무엇이 녹색인가'가 된다. 원전과 LNG, 수소, 폐기물... ",https://www.esgeconomy.com/news/articleView.html?idxno=16329,https://www.esgeconomy.com/news/articleView.html?idxno=16329,"Mon, 10 Aug 2026 01:20:00 +0900",2026-08-10 08:34:57
친환경/신재생,수소 경제,[김승조의 혁신의 우주경제] 관료제 우주행정으론 ‘스케일 스페이스’...,"액체수소 엔진의 기술적 성과에 매몰된 개발 주체들이 부족한 이륙 추력을 메우기 위해 고체 부스터에 과도하게 의존함으로써, 재사용 로켓으로의 전환 가능성을 스스로 봉쇄했던 정책적 실책에 대한 반성조차 부재한... ",https://www.joongang.co.kr/article/25451987,https://n.news.naver.com/mnews/article/025/0003543248?sid=110,"Mon, 10 Aug 2026 00:14:00 +0900",2026-08-10 08:34:57
친환경/신재생,수소 경제,[의정칼럼] 실질적 정책으로 도민 신뢰에 보답하는 제12대 강원도의회,"지방소멸 위기, 청년 인구 유출, 그리고 갈수록 위축되는 지역 경제는 도민의 삶을 하루하루 위협하는... 현재 강원도는 AI, 로봇, 데이터, 수소 등 미래 첨단 산업을 집중 육성하며 대전환의 길목에 서 있다. 우리 의회는... ",https://www.kado.net/news/articleView.html?idxno=2065724,https://n.news.naver.com/mnews/article/654/0000194391?sid=110,"Mon, 10 Aug 2026 00:07:00 +0900",2026-08-10 08:34:57
친환경/신재생,수소 경제,[인터뷰] “수소·의료·관광 집중 육성 ‘경제 중심도시’ 재도약”,"성장의 과정에서 소외되는 계층이 없도록 민생경제 회복과 교육·복지 확대, 구도심과 골목상권 활성화 등 작은 어려움까지 세심하게 살피겠다.” ■수소 인프라 확장 및 동서고속도로 양방향 동시 착공 등 대형 SOC... ",https://www.kwnews.co.kr/article/20260809501959,https://n.news.naver.com/mnews/article/087/0001210282?sid=102,"Mon, 10 Aug 2026 00:02:00 +0900",2026-08-10 08:34:57
친환경/신재생,수소 경제,KTX 삼척 연장 수도권·영남권 ‘1일 생활권’ 교통 대변혁,"특히 관광, 체육, 산업, 경제 분야 등 모든 분야에서 시너지 효과가 기대된다. 수소특화산업특구와 연계해 기업 유치 및 물류 등 투자 여건이 개선되고, 중입자 기반 의료 클러스터 조성 등과 연계한 의료 관광산업이... ",https://www.kwnews.co.kr/article/20260809501957,https://n.news.naver.com/mnews/article/087/0001210281?sid=102,"Mon, 10 Aug 2026 00:02:00 +0900",2026-08-10 08:34:57
친환경/신재생,수소 경제,113개 공약사업에 1조6천억 투입 ‘첨단산업 선점’,"역동성장 경제도시를 비롯해 시민만족 복지도시, 사통팔달 교통도시, 체류매력 관광도시, 상생균형... 액체수소 인수기지 조기 건설, 지식산업센터 건립 등이다. 또 화력발전소 연계 첨단 데이터센터 유치 및 번개시장... ",https://www.kwnews.co.kr/article/20260809501954,https://n.news.naver.com/mnews/article/087/0001210269?sid=102,"Mon, 10 Aug 2026 00:02:00 +0900",2026-08-10 08:34:57
친환경/신재생,수소 경제,“지역업체와 대기업이 함께 만드는 상생 협력모델 만들 것”,특히 지난 2월 현대차그룹이 정부와 함께 '새만금 로봇·수소·AI시티 투자협약식'을 열고 새만금에 9조 원 규모의 투자협약을 체결하면서 재생에너지 기반 확충이 지역 경제의 미래 성장동력과도 직결된 과제로 주목받고... ,https://sjbnews.com/news/news.php?number=884803,https://sjbnews.com/news/news.php?number=884803,"Sun, 09 Aug 2026 18:19:00 +0900",2026-08-10 08:34:57
친환경/신재생,수소 경제,계명대 연구팀 ‘AI 수소 예측 모델’ 개발… 폐플라스틱 재활용 기술 ...,뉴데일리 강승탁 기자 = 폐플라스틱을 활용한 수소 생산 과정에서 데이터 부족 문제를 줄일 수 있는... 또한 대구녹색환경지원센터 지원 과제와 산업 공정 적용을 위한 경제성 분석 연구 등을 수행하며 현장... ,https://tk.newdaily.co.kr/site/data/html/2026/08/08/2026080800028.html,https://tk.newdaily.co.kr/site/data/html/2026/08/08/2026080800028.html,"Sun, 09 Aug 2026 18:14:00 +0900",2026-08-10 08:34:57
친환경/신재생,수소 경제,"KIST, 포집 CO₂로 고순도 포름산 생산 … 생산비 절반 수준",포름산은 수소를 저장하고 운반하는 물질로도 활용될 수 있어 향후 수소경제와 탄소자원화 산업에서의 활용 가능성도 거론된다. 다만 현재 성과는 실험실 규모에서 확인된 결과인 만큼 실제 산업 배출가스를 활용한... ,http://www.worktoday.co.kr/news/articleView.html?idxno=87713,http://www.worktoday.co.kr/news/articleView.html?idxno=87713,"Sun, 09 Aug 2026 18:06:00 +0900",2026-08-10 08:34:57
친환경/신재생,수소 경제,"창원 성산구, 한국가스안전공사와 여름철 가스시설 합동점검 실시","이번 점검은 구민 생활과 밀접한 관내 액화석유가스(LPG), 고압가스(수소), 도시가스 등 15개소의 충전 및... 한성호 성산구 경제교통과장은 &quot;가스는 일상에서 유용하게 쓰이는 에너지이지만, 자칫 방심할 경우 재난으로... ",http://www.gndomin.com/news/articleView.html?idxno=484778,http://www.gndomin.com/news/articleView.html?idxno=484778,"Sun, 09 Aug 2026 17:41:00 +0900",2026-08-10 08:34:57
친환경/신재생,수소 경제,엄승용 시장 &quot;발전공기업 통합본사 충남 유치… 보령은 실익 확보 필요...,엄 시장이 강조한 &quot;보령은 이미 에너지 도시&quot;라는 메시지가 발전통합본사 충남 유치와 해상풍력·태양광·수소산업 등 미래에너지 산업 육성으로 어떻게 구체화될지 주목된다. 초도순방서 전략 제시… 석탄화력 폐쇄 경제... ,https://www.jbnews.com/news/articleView.html?idxno=1509115,https://www.jbnews.com/news/articleView.html?idxno=1509115,"Sun, 09 Aug 2026 17:26:00 +0900",2026-08-10 08:34:57
친환경/신재생,수소 경제,버려지는 이산화탄소로 화학원료 만든다…생산비 절반 수준,최근에는 수소를 저장하고 운반하는 물질로도 주목받고 있다. 기술경제성 분석 결과 포름산 생산비는 1t당 약 410달러로 2022~2023년 시장가격보다 50.5% 낮은 것으로 평가됐다. 투자비 회수 기간은 약 6년으로 예상됐다.... ,https://www.munhwa.com/article/11608235?ref=naver,https://n.news.naver.com/mnews/article/021/0002810143?sid=101,"Sun, 09 Aug 2026 17:11:00 +0900",2026-08-10 08:34:57
친환경/신재생,수소 경제,"전북대, 석·박사급 인공지능 전문인력 150명 양성","양오봉 전북대 총장./전북대 | 전주=한스경제 이인호 기자 | 전북대학교가 지역 전략산업을 이끌 석·박사급... 대상 분야는 피지컬 AI, 로봇, 방위산업, 바이오·헬스, 스마트농업, 수소에너지, 인문사회 등이다.... ",http://www.hansbiz.co.kr/news/articleView.html?idxno=855479,http://www.hansbiz.co.kr/news/articleView.html?idxno=855479,"Sun, 09 Aug 2026 16:48:00 +0900",2026-08-10 08:34:57
친환경/신재생,수소 경제,[전북일보-우석대학교 공동기획] ‘수소산업진흥원’ 왜 필요한가?,"우리나라는 2019년 수소경제 활성화 로드맵을 시작으로 수소법 제정, 수소기술 미래전략, 청정수소 인증제, 수소 소재·부품·장비 육성 전략 등을 추진했다. 이에 정책 범위도 수소 생산과 저장·운송, 활용, 안전, 인력양성... ",https://www.jjan.kr/article/20260809500400,https://www.jjan.kr/article/20260809500400,"Sun, 09 Aug 2026 16:34:00 +0900",2026-08-10 08:34:57
원자력,원자력 주가,"한전기술, 한미 원전 협력에 APR1400 수주까지…'매수'-NH","NH투자증권이 한전기술(052690)에 대해 투자의견 ‘매수’를 유지하되 목표주가는 기존 21만 2000원에서 18만... 그러면서 “반도체 클러스터, AI 데이터센터 등의 전력 수요를 감안하면 중장기 원자력 도입은 필수적”... ",https://www.edaily.co.kr/news/newspath.asp?newsid=01977846645546008,https://n.news.naver.com/mnews/article/018/0006348453?sid=101,"Mon, 10 Aug 2026 07:59:00 +0900",2026-08-10 08:34:58
원자력,원자력 주가,구리 다음은 우라늄?··· AI 전력 수요에 원전株 다시 뛴다,"과거 체코 두코바니 원전 사업에서도 한국수력원자력, 두산에너빌리티, 한전KPS 등과 함께 '팀코리아'에 참여한 바 있다. 원전의 유지·보수를 담당하는 한전KPS도 상승했다. 지난달 31일 4만4950원이었던 주가는 이달... ",https://www.greenpostkorea.co.kr/news/articleView.html?idxno=307244,https://www.greenpostkorea.co.kr/news/articleView.html?idxno=307244,"Sun, 09 Aug 2026 16:26:00 +0900",2026-08-10 08:34:58
원자력,원자력 주가,"발전용 엔진에 천무까지… 삼미금속, 단조 기술로 사업 영역 넓힌다",원자력 발전 설비는 장기간 안정적으로 가동돼야 하는 만큼 핵심 부품에 높은 품질 기준이 적용된다. 방산... 본격화될 경우 실적 개선의 새로운 축이 될 가능성이 있다. 목표주가와 투자의견은 별도로 제시하지 않았다.,https://www.pinpointnews.co.kr/news/articleView.html?idxno=475649,https://www.pinpointnews.co.kr/news/articleView.html?idxno=475649,"Sun, 09 Aug 2026 14:06:00 +0900",2026-08-10 08:34:58
원자력,원자력 주가,홍진경 “왜 비쌀 때 사라 했나요?” 따지자…최고민수가 답한 ETF ‘422...,인공지능(AI) 열풍을 타고 가파르게 올랐던 삼전닉스 주가가 좀처럼 힘을 쓰지 못하면서 “지지선인 줄... 박 작가는 “반도체와 로봇을 우선적으로 담고 조선·방산·원자력 등 투자자가 선호하는 섹터를 추가해 3개... ,https://biz.heraldcorp.com/article/10834631?ref=naver,https://n.news.naver.com/mnews/article/016/0002681267?sid=101,"Sun, 09 Aug 2026 09:01:00 +0900",2026-08-10 08:34:58
원자력,원자력 주가,"[역사속 오늘·8.8] 소련, 대일 선전포고(1945)·한미상호방위조약(1953)·...","7)1940 2차 대전 중 독일 공군, 영국 주간공습 개시1945 소련, 2차 대전 막바지에 일본에 선전포고1958 미국 원자력잠수함 노틸러스호 북극 잠항 횡단 성공1967 동아시아국가연합(ASEAN) 발족1978 미국, 금성탐사... ",http://kor.theasian.asia/archives/412361,http://kor.theasian.asia/archives/412361,"Sun, 09 Aug 2026 04:00:00 +0900",2026-08-10 08:34:58
원자력,원자력 주가,[NZSI INDEX] 2026년 8월 7일 플루오르 시총의 20% 넘는 자사주 매입 추진,"플루오르, 긍정적 실적보다 더 주목받은 자본배분…'주주가치 제고'를 실천하다 이날 발표된 플루오르... 플루오르는 데이터센터, 첨단 제조시설, 액화천연가스(LNG), 원자력, 우라늄 농축시설, 핵심광물 등... ",https://www.the-today.com/news/articleView.html?idxno=88244,https://www.the-today.com/news/articleView.html?idxno=88244,"Sat, 08 Aug 2026 18:40:00 +0900",2026-08-10 08:34:58
원자력,원자력 주가,"[주간 원자력] 8월 3~8일, SMR 세제지원·해외사업 확대…원전산업 투자...","8월 3일부터 8일까지 원자력 산업에서는 소형모듈원자로(SMR) 세제지원 확대와 국내 공급망 강화, 해외... 다만 선발주가 실효성을 갖기 위해서는 원전 건설계획과 인허가, 사업비 조달, 발주 책임 등이 함께 정리돼야... ",http://www.knpnews.com/news/articleView.html?idxno=34259,http://www.knpnews.com/news/articleView.html?idxno=34259,"Sat, 08 Aug 2026 14:22:00 +0900",2026-08-10 08:34:58
원자력,원자력 주가,부동산·증시·반도체 이어 ISA까지 줄줄이 표류 … 대통령 '과욕'이 화...,◆세제 개편도 후퇴…1주택·ISA·주가 누르기 방지법 동시 논란 정부가 지난 3일 발표한 세제 개편안도... 기후부가 지난 1월 실시한 조사에서 광주·전라 응답자 가운데 원자력을 확대가 필요한 발전원으로 선택한 비율은... ,https://biz.newdaily.co.kr/site/data/html/2026/08/08/2026080800013.html,https://biz.newdaily.co.kr/site/data/html/2026/08/08/2026080800013.html,"Sat, 08 Aug 2026 13:22:00 +0900",2026-08-10 08:34:58
원자력,원자력 주가,어깨 무거운 이강석 대우건설 대표 내정자...'27조 수주' 현실화가 관건,대우건설이 팀코리아의 일원으로 시공을 맡을 체코 두코바니 원전 사업은 한국수력원자력과 체코 정부 간... 유진투자증권은 지난달 주요 프로젝트 수주 지연을 이유로 대우건설 목표주가를 기존 2만8000원에서... ,https://www.newsway.co.kr/news/view?ud=2026080711060857309,https://www.newsway.co.kr/news/view?ud=2026080711060857309,"Fri, 07 Aug 2026 13:50:00 +0900",2026-08-10 08:34:58
원자력,원자력 주가,"바통 넘겨받은 이강석호, 대우건설의 새 성장 항로는?",최근 빅배스 후 대우건설이 안정된 실적을 거뒀으며 이달 들어 주가도 반등세를 보이는 점도 물러나기에... 5본부 4단 5실 79팀에서 6본부 2단 5실 79팀 체제로 바꿨고 해외사업단과 원자력사업단을 통합해... ,https://www.mediapen.com/news/view/1114882,https://www.mediapen.com/news/view/1114882,"Fri, 07 Aug 2026 11:06:00 +0900",2026-08-10 08:34:58
원자력,원자력 주가,美 원전에 AI 데이터센터 수주 기대감까지…변동성 장세 속 빛난 건설株,"국내 증시가 높은 변동성을 이어가는 가운데, 건설주가 강세를 나타내고 있다. 미국 원전 사업 기대감에... 또한 원전 관련 종목인 ▲TIGER 코리아원자력(19.72%) ▲KODEX 원자력SMR(18.44%) ▲한국투자신탁운용 'ACE... ",https://www.imaeil.com/page/view/2026080710133447541,https://n.news.naver.com/mnews/article/088/0001022588?sid=101,"Fri, 07 Aug 2026 10:22:00 +0900",2026-08-10 08:34:58
원자력,원자력 주가,"[메자닌 투자파일] 우리기술, 원전 수주 본격화에 400억 장전",전환가액은 주당 1만717원으로 전량 전환되면 보통주 373만2387주가 발행된다. 이는 발행주식총수의 2.11%에... 지난 5월에는 한국수력원자력과 92억원 규모의 한울 1·2호기 주전산기 자료취득장치 공급계약을 추가로... ,https://www.bloter.net/news/articleView.html?idxno=670263,https://n.news.naver.com/mnews/article/293/0000088718?sid=101,"Thu, 06 Aug 2026 17:25:00 +0900",2026-08-10 08:34:58
원자력,원자력 주가,"티로보틱스, 유리기판·휴머노이드 사업 확대... 북미 ESS 이어 로봇 포...",투자의견과 목표주가는 제시하지 않았다. 티로보틱스는 지난 7월 열린 한국디스플레이산업전시회(K-Display... 현재 한국원자력환경공단과 체결한 업무협약을 토대로 고위험 방사성폐기물 관리 실증사업도 추진하고... ,https://www.pinpointnews.co.kr/news/articleView.html?idxno=475013,https://www.pinpointnews.co.kr/news/articleView.html?idxno=475013,"Thu, 06 Aug 2026 14:52:00 +0900",2026-08-10 08:34:58
원자력,원자력 주가,"건설주, AI 데이터센터·원전 증설 전망에 연일 강세[핫종목]",인공지능(AI) 인프라 확장에 따른 데이터센터 증설 전망과 원자력발전소 등 발전 플랜트 수주 기대감으로 건설주가 연일 강세다. 6일 오후 2시 29분 지에스건설(006360)은 전 거래일 대비 1900원(6.10%) 오른 3만 3050원에... ,https://www.news1.kr/finance/general-stock/6251250,https://n.news.naver.com/mnews/article/421/0009100805?sid=101,"Thu, 06 Aug 2026 14:32:00 +0900",2026-08-10 08:34:58
원자력,원자력 주가,"두산에너빌리티, 장중 약세 딛고 낙폭 축소…원전 기대감 속 7만6천원대...",최근 원자력 발전과 가스터빈 등 에너지 인프라 사업에 대한 성장 기대감이 이어지는 가운데 단기 차익실현... 이후 저가 매수세가 유입되면서 주가는 7만6천원대를 회복하며 보합권에서 등락을 이어가고 있다. 이날... ,https://www.job-post.co.kr/news/articleView.html?idxno=223319,https://www.job-post.co.kr/news/articleView.html?idxno=223319,"Thu, 06 Aug 2026 14:14:00 +0900",2026-08-10 08:34:58
원자력,원자력 주가,&quot;개별주보다 ETF&quot;…최고민수 신간『ETF 투자 5일 완성』 출간,"특정 종목의 주가가 부진할 경우 투자자가 직접 손절하거나 추가 매수 여부를 결정해야 하는 개별 주식과... 로봇과 전력기기, 원자력, 에너지저장장치(ESS) 등 AI 산업 성장과 함께 주목받을 수 있는 관련 생태계도... ",https://news.mtn.co.kr/news-detail/2026080612505941424,https://news.mtn.co.kr/news-detail/2026080612505941424,"Thu, 06 Aug 2026 13:34:00 +0900",2026-08-10 08:34:58
원자력,원자력 주가,"밸류파인더 &quot;티로보틱스, 유리기판·휴머노이드 포트폴리오 다각화 진행...",투자의견과 목표 주가는 제시하지 않았다. 지후 밸류파인더 연구원은 &quot;티로보틱스는 지난 7월 개최된... 이어 &quot;현재 한국원자력환경공단과의 업무협약을 기반으로 고위험 방사성폐기물 관리 실증사업을 추진하는 등... ,https://www.irobotnews.com/news/articleView.html?idxno=47783,https://www.irobotnews.com/news/articleView.html?idxno=47783,"Thu, 06 Aug 2026 10:04:00 +0900",2026-08-10 08:34:58
원자력,원전 산업,"김회천 한수원 사장, 폭염 속 원전·근로자 안전 점검",장기간 이어지는 폭염은 원전 현장에서 근로자의 건강뿐 아니라 발전설비의 안정적인 운영까지 함께... 폭염 대응은 발전소 운영 안정성과 산업안전을 별개의 사안으로 다루기 어렵다는 점에서도 의미가 있다. 특히 전력... ,https://www.pinpointnews.co.kr/news/articleView.html?idxno=475743,https://www.pinpointnews.co.kr/news/articleView.html?idxno=475743,"Mon, 10 Aug 2026 08:20:00 +0900",2026-08-10 08:34:59
원자력,원전 산업,"LS證 “건설, 데이터센터로 붙이고 원전으로 연다⋯GS건설·대우건설 주...",24시간 안정적인 전력 공급이 필요한 첨단 산업 특성을 감안하면 기저 전원으로서 원전 필요성이 커질 수 있다는 판단이다. 김 연구원은 “3대 메가 프로젝트 발표로 전력 수요 전망치 상향 조정이 불가피하다”며... ,https://www.etoday.co.kr/news/view/2612556,https://www.etoday.co.kr/news/view/2612556,"Mon, 10 Aug 2026 08:08:00 +0900",2026-08-10 08:34:59
원자력,원전 산업,&quot;실적은 웃었는데 곳간은 운다&quot;…대형건설사 2분기 '어닝 서프라이즈' ...,"DL이앤씨(매출 1조8029억원, -9.5% / 영업이익 1594억원, +26.3%), HDC현대산업개발(매출 9146억원, -21.4% / 영업이익... 삼성물산과 대우건설 등은 반도체 공장, 데이터센터, 소형모듈원전(SMR), 친환경 플랜트 등 고부가가치... ",https://www.betanews.net/article/view/beta202608080012,https://www.betanews.net/article/view/beta202608080012,"Mon, 10 Aug 2026 08:06:00 +0900",2026-08-10 08:34:59
원자력,원전 산업,"&quot;2개는 실현됐다?&quot;...'2026년 대재앙' 예언한 바바 반가, 남은 3가지 충격...","또한 산업 전반에서 생성형 AI와 자동화 기술이 인간의 일자리를 본격적으로 대체하기 시작한 현상 역시... 추종자들은 그가 9·11 테러, 체르노빌 원전 사고, 2004년 인도양 쓰나미, 코로나19 팬데믹 등을 예견했으며... ",http://www.fnnews.com/news/202608100610196327,https://n.news.naver.com/mnews/article/014/0005559122?sid=104,"Mon, 10 Aug 2026 06:42:00 +0900",2026-08-10 08:34:59
원자력,원전 산업,&quot;'사팔'로 5년 허비하면 2000배 수익 놓친다&quot;…'ETF의 아버지' 배재규의...,"국내 산업 생태계 투자로는 반도체를 비롯해 자동차, 조선, 방산, 원전을 제시했다. 배 대표는 &quot;우리나라는 이들 산업에서 기술만 있는 것이 아니라 이를 실제 구현할 제조와 시공 능력까지 갖추고 있다&quot;며 &quot;한국이... ",https://www.news1.kr/finance/general-stock/6252718,https://n.news.naver.com/mnews/article/421/0009104864?sid=102,"Mon, 10 Aug 2026 06:00:00 +0900",2026-08-10 08:34:59
원자력,원전 산업,“결국 주식 전문가들도 전혀 모른다”…속썩이는 ‘반도체’ 매도 타이...,"산업액티브는 엔비디아·팰런티어·메타·TSMC를 각각 9% 내외로 담고 있다. 주요 차별점은 그 외 AI 인프라스트럭처 기업까지 고루 담고 있다는 것이다. 데이터센터 냉각 기업 버티브홀딩스, 소형모듈원전(SMR) 기업... ",https://www.mk.co.kr/article/12122399,https://n.news.naver.com/mnews/article/009/0005718679?sid=101,"Mon, 10 Aug 2026 05:48:00 +0900",2026-08-10 08:34:59
원자력,원전 산업,&quot;우리 동네 안돼&quot; 전력망 건설 지연 초비상,"동서울 변전소는 동해안-동서울 HVDC 사업의 종착점으로, 이곳이 완공돼야 동해안 원전과 화력발전소에서... 이미 산업 현장으로 번지고 있다. 특히 AI데이터센터 등 신규 전력 수요가 집중되는 수도권에서는 필요한... ",https://www.edaily.co.kr/news/newspath.asp?newsid=01426806645546008,https://n.news.naver.com/mnews/article/018/0006348399?sid=101,"Mon, 10 Aug 2026 05:04:00 +0900",2026-08-10 08:34:59
원자력,원전 산업,전력망 시급한데…받은 예산도 못썼다,"인공지능(AI) 데이터센터와 반도체 클러스터가 국가 경쟁력을 좌우하는 시대, 산업의 혈관인 전력망 확충은... 원전 24기 규모의 발전용량에 해당하는 수치다. AI데이터센터 설립이 아직 초기 단계지만, 이미 전력망이... ",https://www.edaily.co.kr/news/newspath.asp?newsid=01397286645546008,https://n.news.naver.com/mnews/article/018/0006348391?sid=101,"Mon, 10 Aug 2026 05:02:00 +0900",2026-08-10 08:34:59
원자력,원전 산업,"호남 반도체 '속도전' 강조한 李, 오늘 메가프로젝트 2차 민관 회의",삼성전자와 SK하이닉스 팹 4기가 들어서는 호남권 신규 반도체 산단에는 장기적으로 6.3GW 규모의 전력과 하루 65만t의 산업용수가 필요할 것으로 추산된다. 정부는 한빛원전을 비롯한 기존 발전원과 호남권의 풍력·태양광... ,https://view.asiae.co.kr/article/2026080921180979873,https://n.news.naver.com/mnews/article/277/0005800664?sid=100,"Mon, 10 Aug 2026 05:01:00 +0900",2026-08-10 08:34:59
원자력,원전 산업,폭염·가뭄·산불에 불타는 지구… 생산력 저하에 경기후퇴 우려까지,"강줄기가 마르면서 농업과 산업, 에너지 시스템까지 차질을 빚고, 꺼지지 않는 초대형 산불에 인명 피해도... 헝가리는 이달 2일 44년 만에 국가 전력 생산량의 40%를 담당하는 원전 가동을 멈췄다. 프랑스와 루마니아... ",https://www.hankookilbo.com/news/article/A2026080911050000368?did=NA,https://n.news.naver.com/mnews/article/469/0000947080?sid=104,"Mon, 10 Aug 2026 04:32:00 +0900",2026-08-10 08:34:59
원자력,원전 산업,전력대란 경고등‘ON’… 일몰 후 태양광 없는‘덕커브’변수로,여름휴가 시즌이 끝나고 산업계가 본격적으로 조업을 재개하는 이달 둘째주부터 전력 수요는 더 가파르게... 몫까지 원전이나 LNG 등 다른 발전원이 감당해야 한다. 폭우나 태풍으로 인한 전력 설비의 불시 고장 등도... ,https://www.kmib.co.kr/article/view.asp?arcid=9000001612&cp=nv,https://n.news.naver.com/mnews/article/005/0001865803?sid=101,"Mon, 10 Aug 2026 00:04:00 +0900",2026-08-10 08:34:59
원자력,SMR 시장,"비에이치아이, 수주 가시성 확대·사상 최대 실적 가능할 것-iM證",이어 &quot;이와 함께 SMR 등 차세대 원전에도 BOP가 공통적으로 적용되기 때문에 SMR 시장이 커지면서 SMR 관련 발주가 본격화 된다면 원전 생태계상 낙수효과 등으로 수혜가 기대된다&quot;고 말했다. 비에이치아이는 HRSG 수주가... ,http://www.fnnews.com/news/202608100803371240,https://n.news.naver.com/mnews/article/014/0005559142?sid=101,"Mon, 10 Aug 2026 08:19:00 +0900",2026-08-10 08:34:59
원자력,SMR 시장,구윤철 &quot;비아파트·공공임대 최대한 공급…공급·금융 대책 곧 발표&quot;,"소형모듈원자로(SMR), 반도체, AI로봇 등 혁신 산업으로 시중 자금이 흘러가도록 유도하고, 국내생산세액공제를 신설해 잠재성장률을 높이겠다는 구상도 밝혔다. 최근 증시에 대해서는 국내 주식시장이 3000포인트에서... ",https://www.news1.kr/economy/trend/6253502,https://n.news.naver.com/mnews/article/421/0009104518?sid=101,"Sun, 09 Aug 2026 18:22:00 +0900",2026-08-10 08:34:59
원자력,SMR 시장,메모리 편입 ETF &quot;저점매수 기회&quot; vs &quot;여전히 조심해야&quot;,"(AI)·반도체 시장이 전례 없는 변동성 장세를 지나고 있다. 그사이 국내 자산운용사들의 AI 액티브... 데이터센터 냉각 기업 버티브홀딩스, 소형모듈원전(SMR) 기업 오클로, 우라늄 채굴 기업 카메코 등을 편입했다.... ",https://www.mk.co.kr/article/12122194,https://n.news.naver.com/mnews/article/009/0005718576?sid=101,"Sun, 09 Aug 2026 17:30:00 +0900",2026-08-10 08:34:59
원자력,SMR 시장,"&quot;자투리땅 활용&quot; 구윤철, 공급·금융 종합대책 곧 발표","자본시장의 특정 종목 쏠림 현상을 완화하겠다는 구상도 제시됐다. 구 부총리는 인공지능(AI), 소형모듈원자로(SMR), 반도체, AI 로봇 등 국가 전략 기술 관련 연구개발(R&amp;D) 투자 세금 감면을 대폭 늘려 시중 자금이 혁신... ",https://www.edaily.co.kr/news/newspath.asp?newsid=02469846645545680,https://n.news.naver.com/mnews/article/018/0006348280?sid=101,"Sun, 09 Aug 2026 16:31:00 +0900",2026-08-10 08:34:59
원자력,SMR 시장,"[3대 메가]④현대차그룹, 영남권 42조 투입…견조한 현금창출력 밑바탕",소형모듈원자로(SMR)·수전해 플랜트 등 에너지 인프라를 연계한다. 아울러 로보틱스와 AI 기술 융합을 통해... (사진=한국신용평가) 현대차그룹은 2022년 이후 글로벌 완성차 시장 판매량 3위의 견고한 지위를 이어가고... ,https://www.asiatime.co.kr/article/20260809500076,https://www.asiatime.co.kr/article/20260809500076,"Sun, 09 Aug 2026 15:04:00 +0900",2026-08-10 08:34:59
원자력,SMR 시장,"실적 꺾였는데 몸값 1조 거론…범한메카텍, SMR로 승부[IPO 엑스레이]",지난해 실적이 크게 꺾인 상황에서 프리IPO보다 높아진 몸값을 인정받으려면 올해 실적 회복뿐 아니라 원전·SMR 투자가 실제 수주와 매출로 이어진다는 점을 시장에 입증하는 것이 관건이다. 범한메카텍의 몸값... ,https://www.etoday.co.kr/news/view/2612337,https://www.etoday.co.kr/news/view/2612337,"Sun, 09 Aug 2026 14:12:00 +0900",2026-08-10 08:34:59
원자력,SMR 시장,러시아의 글로벌 사우스 원자력 외교 동향과 시사점,▶ 세계 신규 원전 건설 시장의 중심이 선진국에서 글로벌 사우스로 빠르게 이동 - 전력수요 급증 전망과... 고도화 - SMR 수요 확대와 상용화 경쟁 본격화에 대응한 혁신형 SMR 실증·상용화 가속화와 AI 기반 원전 운영... ,http://www.ifs.or.kr/bbs/board.php?bo_table=research&wr_id=11358,http://www.ifs.or.kr/bbs/board.php?bo_table=research&wr_id=11358,"Sun, 09 Aug 2026 12:06:00 +0900",2026-08-10 08:34:59
원자력,SMR 시장,[EE칼럼] 발전사 통합으로 새로운 에너지 시대 열어야,"전력 시장 제도 개선, 원가를 반영하는 전기요금 체계, 디지털 기반의 발전 운영, 핵심광물과 LNG 등 연료 공급망 강화, SMR, 수소, 재생에너지 투자 확대 등이다. 1999년 전력산업 구조 개편으로 한국전력공사의 발전 부문이... ",https://www.ekn.kr/web/view.php?key=20260808024192979,https://www.ekn.kr/web/view.php?key=20260808024192979,"Sun, 09 Aug 2026 11:00:00 +0900",2026-08-10 08:34:59
원자력,SMR 시장,골드만삭스 &quot;SMR·원전 수조 달러 유입&quot;…폴란드 첫 원전 협상은 진통,원전 시장의 기회와 리스크가 동시에 부각된다. 인도네시아 데틱 파이낸스와 폴란드 팍트는 지난 8일과 9일(현지시각) 월가의 SMR 상용화 베팅과 미·폴 양국의 책임 한계 갈등을 각각 보도했다. 한국 원전 생태계는... ,https://www.g-enews.com/view.php?ud=202608090644081785fbbec65dfb_1,https://www.g-enews.com/view.php?ud=202608090644081785fbbec65dfb_1,"Sun, 09 Aug 2026 06:48:00 +0900",2026-08-10 08:34:59
방산/우주항공,방산 주가,"LIG디펜스앤에어로스페이스, 목표가 130만원 상향…천궁 수출 확대 기대...",이어 “2028~2029년부터 물량(Q)과 수익성(P)의 폭발적 성장이 본격화될 전망”이라며 “현 주가 레벨에서 밸류에이션 부담은 충분히 해소 가능하다고 판단해 방산업종 최선호주(Top Pick)를 유지한다”고 덧붙였다.,https://www.edaily.co.kr/news/newspath.asp?newsid=02105766645546008,https://n.news.naver.com/mnews/article/018/0006348489?sid=101,"Mon, 10 Aug 2026 08:33:00 +0900",2026-08-10 08:35:00
방산/우주항공,방산 주가,"SK證 &quot;한국카본, 과도한 조정·우호적 업황에도 목표가 4만9000원↓&quot;",이어 &quot;조선기자재 종목들의 주가 하락을 반영해 2027년 추정 EPS 2882원에 타깃 PER 17배를 적용해 목표주가를 하향했다&quot;며 &quot;하반기 원가 상승 우려를 감안하더라도 우호적 업황과 방산 사업 확대 모멘텀을 고려할 때... ,https://www.etoday.co.kr/news/view/2612557,https://www.etoday.co.kr/news/view/2612557,"Mon, 10 Aug 2026 08:12:00 +0900",2026-08-10 08:35:00
방산/우주항공,방산 주가,"대신증권 &quot;LG CNS, '인공지능 전환' 전문社 성장 가능&quot;","이에 따라 투자의견 '매수'와 목표주가 9만2000원을 제시했다. 정해창 대신증권 연구원은 &quot;LG CNS는 LG그룹의... 특히 &quot;실제 방산, 조선, 반도체, 제약 등 다양한 분야에서 사업 매출이 본격화하고 있다&quot;고 덧붙였다.",https://www.financialpost.co.kr/news/articleView.html?idxno=269698,https://www.financialpost.co.kr/news/articleView.html?idxno=269698,"Mon, 10 Aug 2026 08:04:00 +0900",2026-08-10 08:35:00
방산/우주항공,방산 주가,"&quot;LG CNS, 외부 고객 비중 높아…AI 전환 전문 기업 성장 가능&quot;-대신","목표주가 9만2000원을 제시했다. 이 증권사 정해창 연구원은 &quot;LG CNS는 LG그룹의 시스템통합(SI), 클라우드 등... 그러면서 &quot;실제 방산, 조선, 반도체, 제약 등 다양한 분야에서 사업 매출이 본격화하고 있다&quot;고 덧붙였다.... ",https://www.hankyung.com/article/2026081031856,https://n.news.naver.com/mnews/article/015/0005318951?sid=101,"Mon, 10 Aug 2026 07:55:00 +0900",2026-08-10 08:35:00
방산/우주항공,방산 주가,"TKMS, 수주잔고 33조 확보… K-방산, 북미 전략 재편",한화오션을 비롯한 한국 특수선 기업들은 북미 방산 수주 전략을 원점에서 재검토하는 과제를 안게... FCF 적자와 주가 하락… 재무적 그늘 상존 화려한 수주 실적 뒤편에는 재무 건전성 악화라는 리스크가 자리... ,https://www.g-enews.com/view.php?ud=202608092053525570fbbec65dfb_1,https://www.g-enews.com/view.php?ud=202608092053525570fbbec65dfb_1,"Mon, 10 Aug 2026 05:06:00 +0900",2026-08-10 08:35:00
방산/우주항공,방산 주가,"[사설]꽉 막힌 기업 돈줄, 정부가 뚫어 줘야",이 회사는 증자 발표 직후 주가 급락 우려가 뒤따랐지만 현재는 주가가 75% 급등한 상태다. 방산 수주 확대와 실적 개선 등 여러 요인이 작용했겠지만 증자로 확보한 자금을 해외 생산거점 구축과 차세대 핵심 제품 개발에... ,https://www.mt.co.kr/opinion/2026/08/10/2026080915213440396,https://n.news.naver.com/mnews/article/008/0005397503?sid=110,"Mon, 10 Aug 2026 04:00:00 +0900",2026-08-10 08:35:00
방산/우주항공,방산 주가,"‘AI 경계감’ 외인, 일주일새 반도체 6조 던졌다","반면 바이오와 방산, 자동차 관련 종목은 사들이면서 인공지능(AI)·반도체 경기의 지속성에 대한... 맞물려 수급 움직임이 바뀔 가능성이 있다”면서 “주가와 지분율이 낮아진 만큼 반전을 기대할 수 있다”고 했다.",https://www.sedaily.com/article/20077371?ref=naver,https://n.news.naver.com/mnews/article/011/0004649982?sid=101,"Sun, 09 Aug 2026 17:57:00 +0900",2026-08-10 08:35:00
방산/우주항공,방산 주가,‘보고도 못 믿겠다’ 시총이 무려 ‘375조원’ 증발…삼성·SK그룹주 급...,"다시 주가를 흔드는 구조가 만들어지면서 변동성이 더 커졌다”고 설명했다. 반면 방산과 원전 관련 그룹은 상승세를 이어갔다. 한화는 한화에어로스페이스의 사상 최대 실적과 해외 방산 수출 기대가, 두산은... ",https://biz.heraldcorp.com/article/10834388?ref=naver,https://n.news.naver.com/mnews/article/016/0002681351?sid=101,"Sun, 09 Aug 2026 17:42:00 +0900",2026-08-10 08:35:00
방산/우주항공,방산 주가,예상치 훌쩍 넘은 풍산 실적… 신동사업이 '구원투수',"키움증권은 방산 부문의 부진에도 신동사업에서 구리 가격 상승에 따른 재고 관련 이익이 발생하면서 2분기 실적이 시장 기대치를 크게 웃돌았다고 평가했다. 목표주가 13만원, 투자의견은 매수를 제시했다.",https://www.pinpointnews.co.kr/news/articleView.html?idxno=475690,https://www.pinpointnews.co.kr/news/articleView.html?idxno=475690,"Sun, 09 Aug 2026 16:36:00 +0900",2026-08-10 08:35:00
방산/우주항공,방산 주가,"한화에어로스페이스, 영업이익 1조 돌파… &quot;이제 수주만 확인하면 된다...",다만 방산 수주가 실제 계약으로 이어지는 시점과 규모는 개별 협상에 따라 달라질 수 있다는 점은 변수다. 실적 측면에서는 이미 상당한 수준의 경쟁력을 입증했다. 매출이 9조원을 넘어섰고 영업이익도 1조원을... ,https://www.pinpointnews.co.kr/news/articleView.html?idxno=475673,https://www.pinpointnews.co.kr/news/articleView.html?idxno=475673,"Sun, 09 Aug 2026 15:50:00 +0900",2026-08-10 08:35:00
방산/우주항공,방산 주가,"&quot;주가는 조정받았지만 실적은 최고&quot;…SNT다이내믹스, 배당 매력까지 커...",최근 방산주 전반의 주가 흐름은 순탄하지 않았다. 그동안 국내 방산업체들이 글로벌 수주 확대 기대감에 힘입어 빠르게 상승한 만큼 차익 실현 매물이 나오면서 조정을 받는 종목도 나타났다. 지수 자체가 흔들리면서... ,https://www.pinpointnews.co.kr/news/articleView.html?idxno=475655,https://www.pinpointnews.co.kr/news/articleView.html?idxno=475655,"Sun, 09 Aug 2026 14:26:00 +0900",2026-08-10 08:35:00
방산/우주항공,우주항공 산업,[전국 주요 신문 톱뉴스](10일 조간),… &quot;전문 엔지니어 상주시켜라&quot; ▲ 강원도민일보 = 지사·시장군수 &quot;예산·재정 확보가 최대 고충&quot; ▲ 강원일보 = 한강수계기금 道 지원 끊어놓고… 물부담금 또 동결 ▲ 경남도민신문 = '남해안 우주항공 산업벨트' 구축... ,https://www.yna.co.kr/view/AKR20260810008000011?input=1195m,https://n.news.naver.com/mnews/article/001/0016241533?sid=102,"Mon, 10 Aug 2026 08:00:00 +0900",2026-08-10 08:35:00
방산/우주항공,우주항공 산업,"박완수 지사, 폭염 취약도민 직접 살펴…경남도 보호대책 강화","경남도는 창업 초기와 스케일업, 우주항공, AI, 콘텐츠 등 성장단계와 산업별 신규 펀드를 지속적으로 조성해 도 출자펀드 1조원 시대를 연다는 계획이다. 이미화 경남도 산업국장은 “이번 펀드 선정과 벤처투자회사... ",https://www.kukinews.com/article/view/kuk202608100005,https://www.kukinews.com/article/view/kuk202608100005,"Mon, 10 Aug 2026 06:00:00 +0900",2026-08-10 08:35:00
방산/우주항공,우주항공 산업,"[아침마당] 미국과 뛰는 대한민국, 6G 저궤도 위성통신의 도전",우주항공청은 '6G 국제표준 기반 저궤도 위성통신 시스템 개발사업'?을 통해 검증위성 개발과 핵심기술 확보를 추진하고 있다. 이는 단순히 위성을 개발하는 사업이 아니라 미래 우주통신 산업의 주도권을 확보하기 위한... ,https://www.cctoday.co.kr/news/articleView.html?idxno=2234565,https://www.cctoday.co.kr/news/articleView.html?idxno=2234565,"Mon, 10 Aug 2026 06:00:00 +0900",2026-08-10 08:35:00
방산/우주항공,우주항공 산업,"승강제·공시 강화·상폐 기준까지…K바이오, 규제 강화에 ‘삼중고’",연구개발(R&amp;D) 중심의 바이오·우주항공 기업을 낮은 등급으로 분류할 가능성이 있어 투자 위축으로 이어질 수 있다. 산업계와 충분히 논의해 투자자 보호와 혁신 사이의 균형을 맞춘 정책이 마련돼야 한다”고 강조했다.,https://www.etoday.co.kr/news/view/2610780,https://www.etoday.co.kr/news/view/2610780,"Mon, 10 Aug 2026 05:00:00 +0900",2026-08-10 08:35:00
방산/우주항공,우주항공 산업,"[경제인칼럼] 혼자 버티는 경남 중기, 이제 스무 명이면 연대할 수 있다...","현재 경남의 조합 서른여섯 곳은 대개 전통 산업에 머물러 있다. 그러나 이제는 다르다. 우주항공·방산·조선·기계처럼 경남의 내일을 짊어질 주력 산업에서, 뜻 맞는 기업인 스무 명만 모이면 곧바로 연대의 틀을 세울 수... ",https://www.knnews.co.kr/news/articleView.php?idxno=1548258,https://www.knnews.co.kr/news/articleView.php?idxno=1548258,"Sun, 09 Aug 2026 21:20:00 +0900",2026-08-10 08:35:00
방산/우주항공,우주항공 산업,사천공항서 지역 관광 바로 잇는다,"사천사랑 시티투어는 바다투어, 오감체험투어, 이순신승전길투어, 우주항공산업투어, 별빛투어 등 5개 테마로 운영된다. 우주항공산업부터 해양경관, 역사·문화까지 사천의 주요 관광자원을 코스별로 경험할 수 있도록... ",http://www.gnmaeil.com/news/articleView.html?idxno=592399,http://www.gnmaeil.com/news/articleView.html?idxno=592399,"Sun, 09 Aug 2026 20:58:00 +0900",2026-08-10 08:35:00
방산/우주항공,우주항공 산업,"하동군-국립창원대, 휴먼 피지컬 AI 협력 업무협약 체결",인공지능(AI)과 로보틱스를 기반으로 한 첨단 산업 생태계를 구축해 지역의 새로운 먹거리를 창출하고... 사천우주항공캠퍼스 조성에 관여한 경험이 밑바탕이 된 것으로 알려졌다. 김 군수는 당시 대학과 지자체... ,https://www.gnnews.co.kr/news/articleView.html?idxno=642817,https://www.gnnews.co.kr/news/articleView.html?idxno=642817,"Sun, 09 Aug 2026 19:58:00 +0900",2026-08-10 08:35:00
방산/우주항공,우주항공 산업,제2우주센터 건립 ‘전남광주 vs 제주’,"우주항공청은 9일 “지난 6월부터 8월 6일까지 진행한 제 2우주센터 건립지 공모에 전남광주시와... 제 2우주센터는 국내 우주 산업 생태계 확장으로, 위성 발사와 재사용발사체 운용 확대에 대응해 국가 우주수송 역량을... ",http://www.kwangju.co.kr/article.php?aid=1786271220802091004,http://www.kwangju.co.kr/article.php?aid=1786271220802091004,"Sun, 09 Aug 2026 19:30:00 +0900",2026-08-10 08:35:00
방산/우주항공,우주항공 산업,“진주시 일부 부서 원도심 이전…사천시와 우주항공산업 협력”,대한민국 우주항공산업의 중심도시로 성장할 수 있도록 ‘진주 제3의 기적’을 만들어 가겠다”고 밝혔다. 조 시장은 지방자치제 시행 이후 진주시 최초의 3선 시장이자 무소속으로 당선됐다. 그는 “이번 선거는... ,http://www.kookje.co.kr/news2011/asp/newsbody.asp?code=0300&key=20260810.22008007439,https://n.news.naver.com/mnews/article/658/0000151849?sid=102,"Sun, 09 Aug 2026 19:28:00 +0900",2026-08-10 08:35:00
방산/우주항공,우주항공 산업,"경남도, 우주항공청과 '남해안 우주항공 산업벨트' 구축 협력 강화",논의된 주요 사항은 △우주항공산업진흥원 경남 설립 △차세대 민항기 국제공동개발 및 한국형 저궤도 위성통신망 구축사업에 경남기업 참여 확대 △2026 사천에어쇼 우주항공방위산업전에 우주항공청 참여 △우주항공청... ,https://www.gnnews.co.kr/news/articleView.html?idxno=642897,https://www.gnnews.co.kr/news/articleView.html?idxno=642897,"Sun, 09 Aug 2026 19:00:00 +0900",2026-08-10 08:35:00
방산/우주항공,우주항공 산업,"경상국립대-서울대​​​​​​​, 지역전략산업 핵심인재 양성 합심",협약에 따라 양 기관은 △우주항공·방산 등 지역전략산업 분야 공동교육과정 개발·운영 △지역전략산업과 첨단기술 분야 공동연구 및 산학협력 △비교과 프로그램 공동 개발·운영 △교육·연구 인력 교류와 자원 공동... ,https://www.gnnews.co.kr/news/articleView.html?idxno=642823,https://www.gnnews.co.kr/news/articleView.html?idxno=642823,"Sun, 09 Aug 2026 18:52:00 +0900",2026-08-10 08:35:00
방산/우주항공,우주항공 산업,&quot;손해율 급등하는 기후위기…위성 데이터로 보험 위험 관리·공급비용 ...,"우주항공 기술 발전으로 위성 데이터 획득 비용이 획기적으로 낮아진 만큼, 이를 언더라이팅과 손해사정에... ◇ 위성 발사 비용 95% 절감과 SAR·AI 기술의 혁신적 진화 보고서는 우주 산업의 기술 혁신이 보험산업의 위험... ",http://www.fins.co.kr/news/articleView.html?idxno=109532,http://www.fins.co.kr/news/articleView.html?idxno=109532,"Sun, 09 Aug 2026 18:52:00 +0900",2026-08-10 08:35:00
방산/우주항공,K방산 수출,"KAI KF-21, 10월 전력화·블록2 80대 발주…120대 양산 체제 완성",동남아·중동·유럽 등 200대 수출 타깃 KF-21의 독자적 대량 양산 가속화는 글로벌 방산 시장에서 K-방산의 신뢰도를 극대화하는 최상의 보증 수표(Etalon)으로 작용하고 있다. 무기체계 도입국들이 가장 중요하게... ,https://www.g-enews.com/view.php?ud=20260810062908604e8b8a793f7_1,https://www.g-enews.com/view.php?ud=20260810062908604e8b8a793f7_1,"Mon, 10 Aug 2026 06:34:00 +0900",2026-08-10 08:35:01
방산/우주항공,K방산 수출,"젤렌스키 “한국, 거래하자…북한인 5만명 몰려온다” 원하는 게 뭘까?...","특히 K-방산의 유럽 시장 진출과 함께 나토·EU·우크라는 더 많은 기여와 책임을 요구하기 시작했다. 그러나... 공동생산과 시험자료 공유, 지식재산권과 제3국 수출 조건도 명확히 해야 한다. 방공무기 지원, 패트리엇 재고... ",https://www.seoul.co.kr/news/international/2026/08/09/20260809500072?wlog_tag3=naver,https://n.news.naver.com/mnews/article/081/0003668778?sid=104,"Sun, 09 Aug 2026 21:04:00 +0900",2026-08-10 08:35:01
방산/우주항공,K방산 수출,[이슈포커스] '실전 검증'으로 체질 바꾼 K-방산… 영업이익 폭증에도 ...,[사진 = 한화에어로스페이스] 국내 주요 방산기업 4곳의 실적이 K-방산의 급격한 위상 변화를 숫자로... 물론 수출 곡선이 줄곧 우상향만 했던 것은 아니다. 산업연구원(KIET)이 발행한 '파급효과로 살펴본 방산수출의... ,http://www.sisacast.kr/news/articleView.html?idxno=98624,http://www.sisacast.kr/news/articleView.html?idxno=98624,"Sun, 09 Aug 2026 19:04:00 +0900",2026-08-10 08:35:01
방산/우주항공,K방산 수출,"[CEO파일] 이부환 한화에어로 대표, R&amp;D·해외사업 경험으로 글로벌 공략","회사는 방산 수출 확대와 계열사 실적 개선에 힘입어 사상 처음으로 분기 영업이익 1조원을 넘어섰다. 연결 기준 매출은 9조2929억원, 영업이익은 1조3655억원으로 지난해 동기 대비 각각 47%, 59% 증가했다. 특히 주력인 지상... ",https://www.econovill.com/news/articleView.html?idxno=746983,https://www.econovill.com/news/articleView.html?idxno=746983,"Sun, 09 Aug 2026 18:00:00 +0900",2026-08-10 08:35:01
방산/우주항공,K방산 수출,"강경성 “AI와 10만 수출기업, 수출 1조 달러 시대 연다”","대한무역투자진흥공사 사장 ● 60년 만에 7000억 달러, 수출은 우리 경제 자신감 원천 ● 반도체와 美中 쏠림... 또한 K-방산은 북유럽·중동 안보의 핵심 전력으로 부상하며 성과가 이어지고 있다. 에스토니아·폴란드... ",https://shindonga.donga.com/3/all/13/6335437/1,https://n.news.naver.com/mnews/article/262/0000019596?sid=101,"Sun, 09 Aug 2026 13:01:00 +0900",2026-08-10 08:35:01
방산/우주항공,K방산 수출,"무기만 팔아선 안된다…K-방산, '현지화'로 수출 승부수","[사진=LIG D&amp;A] 무기만 잘 만들어서는 더 이상 수출 경쟁력을 확보하기 어려워졌다. K-방산 기업들이 해외 시장 공략을 위해 현지 생산과 유지·보수·정비(MRO), 기술 협력까지 아우르는 '전 수명주기' 현지화 전략을 잇달아... ",https://www.straightnews.co.kr/news/articleView.html?idxno=308523,https://www.straightnews.co.kr/news/articleView.html?idxno=308523,"Sun, 09 Aug 2026 09:00:00 +0900",2026-08-10 08:35:01
방산/우주항공,K방산 수출,"미국, 요격미사일 시험장 전격 개방…K방산 현지 검증길 열린다",한국 방산기업은 미국 현지 실사격 데이터를 신속히 확보할 길이 열렸다. 사격장 5곳 개방으로 대기 기간... 미국 수출입은행도 웨스트워터 리소시즈 등 3개사에 총 5800만 달러(약 818억 원)를 대출한다. 미국 행정부는... ,https://www.g-enews.com/view.php?ud=202608090732064096fbbec65dfb_1,https://www.g-enews.com/view.php?ud=202608090732064096fbbec65dfb_1,"Sun, 09 Aug 2026 07:46:00 +0900",2026-08-10 08:35:01
방산/우주항공,K방산 수출,"K-방산 수주 이상, “인도네시아, 프랑스 '스코르펜' 착공”…동남아 잠...","캐나다 CPSP 닮은꼴 경쟁… K-방산, 맞춤형 전략 수립 시급 네이벌그룹은 기술이전에 소극적이던 기존... 한국 방산업계 역시 새로운 생존 전략 마련이 시급해졌다. 단순 완제품 수출이나 가격 경쟁력만을 앞세운 기존... ",https://www.g-enews.com/view.php?ud=202608090706489656fbbec65dfb_1,https://www.g-enews.com/view.php?ud=202608090706489656fbbec65dfb_1,"Sun, 09 Aug 2026 07:18:00 +0900",2026-08-10 08:35:01
방산/우주항공,K방산 수출,"HD현대, 페루 합작 1호 '탈라라함' 진수…남미 방산거점 결실","다목적 호위함 넘어 차세대 잠수함 수주전까지 거세지는 'K-해군' 바람 이번 보급함 진수는 HD현대와 페루... 공유형 수출 모델이 첫 결실을 보면서, 대한민국 해양 방산의 영향력은 동남아를 넘어 중남미 대륙... ",https://www.g-enews.com/view.php?ud=202608090603244774e8b8a793f7_1,https://www.g-enews.com/view.php?ud=202608090603244774e8b8a793f7_1,"Sun, 09 Aug 2026 06:06:00 +0900",2026-08-10 08:35:01
방산/우주항공,K방산 수출,필리핀 바다 휘젓는 함정에 '한국산 두뇌'…&quot;납기도 빨라&quot;,K방산이 대한민국의 대표 수출 산업으로 자리잡고 있다. 지정학적 리스크가 갈수록 커지는 가운데 뛰어난 성능과 완벽한 납기 준수 등의 강점을 앞세운 '메이드 인 코리아' 무기에 대한 러브콜이 쇄도하는 중이다. 한국을... ,https://www.mt.co.kr/industry/2026/08/09/2026080713362538435,https://n.news.naver.com/mnews/article/008/0005397318?sid=101,"Sun, 09 Aug 2026 06:05:00 +0900",2026-08-10 08:35:01
방산/우주항공,K방산 수출,[뉴스 속 무기] 림팩에서 ‘바다의 탑건’ 영예 안은 신형 호위함 ‘대...,"기반의 수출용 호위함 건조해 태국·필리핀 등 수출 미국 하와이 진주만-히캄 합동기지에서 대전함... 결과로, K-방산의 우수성과 해군의 뛰어난 작전 수행 능력을 국제무대에서 인정받은 뜻깊은 성과”라고 말했다.... ",https://www.news2day.co.kr/article/20260808500009,https://www.news2day.co.kr/article/20260808500009,"Sat, 08 Aug 2026 17:16:00 +0900",2026-08-10 08:35:01
방산/우주항공,K방산 수출,"K-방산 4사, 2분기 영업익 1.7조 '역대 최대'…하반기 신규 수주가 성장...","한화에어로스페이스를 중심으로 해외 수출 물량이 본격적으로 실적에 반영되면서 방산 4사의 합산 영업이익은 1조7000억원을 넘어선 것이다. 다만 이번 호실적이 기존 수주 물량을 바탕으로 한 만큼, 하반기에는 대형... ",https://www.thepublic.kr/news/articleView.html?idxno=314240,https://www.thepublic.kr/news/articleView.html?idxno=314240,"Sat, 08 Aug 2026 09:56:00 +0900",2026-08-10 08:35:01
방산/우주항공,K방산 수출,"&quot;미래 전장, 하늘에서 바뀐다&quot;···대한항공, AI·AAM 방산 영토 확장",대한항공이 군용 미래항공모빌리티(AAM)와 인공지능(AI) 기반 무인기 등을 앞세워 미래 방산 시장 공략에... 해외 수출도 추진한다는 계획이다. ◇ FAA 감항인증까지 확보···K-UAM 경쟁력 높인다 이번 협력의 또 다른... ,https://www.sisajournal-e.com/news/articleView.html?idxno=422932,https://www.sisajournal-e.com/news/articleView.html?idxno=422932,"Sat, 08 Aug 2026 09:50:00 +0900",2026-08-10 08:35:01
방산/우주항공,K방산 수출,엔진·무장·요격체계까지…K-방산 국산화 '고난도 영역'으로 확장,사진=KAI 제공 매일일보 = 이강민 기자  |  국내 방산업계의 국산화 범위가 단순 부품 대체를 넘어... 기존 국산화가 수입 부품을 국내 제품으로 대체하는 데 초점이 맞춰졌다면 최근에는 무기체계 성능과 수출 경쟁력을... ,https://www.m-i.kr/news/articleView.html?idxno=1400167,https://www.m-i.kr/news/articleView.html?idxno=1400167,"Sat, 08 Aug 2026 09:00:00 +0900",2026-08-10 08:35:01
방산/우주항공,K방산 수출,"일본, 방산 대전환…GCAP 공장 신설·토마호크 발사","부품 수출을 추진 중이다. 호주 호위함 사업에서 미쓰비시중공업이 최종 계약을 성사한 데 이어 일본 기업들이 동맹국 글로벌 공급망 진입을 가속화함에 따라, 세계 시장에서 K-방산 기업들과의 후속 수주 및 공급망... ",https://www.g-enews.com/view.php?ud=20260808064131382fbbec65dfb_1,https://www.g-enews.com/view.php?ud=20260808064131382fbbec65dfb_1,"Sat, 08 Aug 2026 07:16:00 +0900",2026-08-10 08:35:01
방산/우주항공,K방산 수출,"“AI 무기체계도 테슬라式으로” 50돌 LIG D&amp;A, 세계 톱 ‘전장 지능화’...","K-방산의 최전선에서 유도무기와 지휘통제 체계를 고도화해 온 LIG D&amp;A는, 올해를 다가올 100년을 향해 새로이... 국내 방산기업이 AI 기반 전장 운영체계 시장에 본격 뛰어들었음을 보여준 계기로 평가된다. 향후 수출... ",https://biz.heraldcorp.com/article/10834252?ref=naver,https://n.news.naver.com/mnews/article/016/0002681093?sid=101,"Sat, 08 Aug 2026 07:01:00 +0900",2026-08-10 08:35:01
방산/우주항공,K방산 수출,이젠 가성비만으론 안된다…K방산이 준비한 ‘비장의 카드’,2010년대 초까지 연간 20억~30억 달러 수준에 머물던 방산 수출 계약액은 2023년 135억 달러로 급증한 데 이어 지난해엔 154억 달러(약 22조원)를 기록했다. 한국은 어느새 세계 10위권 무기 수출국으로 자리 잡았다. 하지만... ,https://www.joongang.co.kr/article/25451775,https://n.news.naver.com/mnews/article/025/0003543049?sid=101,"Sat, 08 Aug 2026 06:00:00 +0900",2026-08-10 08:35:01
철강/조선,철강 주가,과징금 2조 시대…이재명 정부 공정위는 공정한가,19세기 말 미국에서는 철도·석유·철강 산업을 장악한 거대 트러스트가 가격과 생산량을 좌우하고 경쟁자의... 조사 착수 사실이 알려지는 것만으로도 주가와 평판은 흔들린다. 조사 대응과 법적 다툼에 막대한 비용이... ,https://economist.co.kr/article/view/ecn202608080004,https://n.news.naver.com/mnews/article/243/0000101413?sid=101,"Mon, 10 Aug 2026 07:00:00 +0900",2026-08-10 08:35:02
철강/조선,철강 주가,현대제철도 못 넘었다…철강 산업 '1위' 차지한 '이곳',"반면 7일 기준 주식 시장에서는 동국제강을 제외한 포스코홀딩스, 현대제철, 포스코엠텍, KG스틸 등 상위권 철강사들의 주가가 전일 대비 일제히 상승 마감하며 온라인 여론 지표와 실물 투자 심리 사이에... ",https://www.wikitree.co.kr/articles/1151338,https://www.wikitree.co.kr/articles/1151338,"Sun, 09 Aug 2026 17:16:00 +0900",2026-08-10 08:35:02
철강/조선,철강 주가,"철강 가격 올리고 판매량 늘렸다…현대제철, 실적 반등 본격화","철강업체에서 판매량 증가는 단순한 매출 증가 이상의 의미를 갖는다. 생산과 판매 과정에서 발생하는... 지나고 있다는 신호를 보여줬다는 점에서 의미가 있다는 평가다. 목표주가 4만6000원, 투자의견은 매수를 제시했다.",https://www.pinpointnews.co.kr/news/articleView.html?idxno=475666,https://www.pinpointnews.co.kr/news/articleView.html?idxno=475666,"Sun, 09 Aug 2026 15:20:00 +0900",2026-08-10 08:35:02
철강/조선,철강 주가,'어닝 시즌' 컨센서스 손질 마무리…하반기는 실적이 가른다,"골드만삭스는 삼성전자를 'APAC 컨빅션 리스트(아시아·태평양 최우선 추천 종목)'에 편입했고, 노무라증권도 메모리 업황의 장기 성장성을 근거로 목표주가 67만 원을 유지했다. 반면 정유·석유화학, 자동차, 철강 등... ",https://www.g-enews.com/view.php?ud=20260807140543242153ddfb15a_1,https://www.g-enews.com/view.php?ud=20260807140543242153ddfb15a_1,"Sun, 09 Aug 2026 09:00:00 +0900",2026-08-10 08:35:02
철강/조선,철강 주가,[핀포인트] [현대제철] 역대급 저평가…기아 TRS 해소 '장기화',철강업 전반의 밸류에이션 디스카운트까지 겹치며 증권사들도 잇달아 목표주가를 낮췄다. 현재 보고서를 낸 17개 증권사 가운데 절반가량인 8곳이 목표주가를 3만~4만원대로 하향 조정했다. 그러나 실제 주가는 이보다... ,https://news.dealsitetv.com/articles/174458,https://news.dealsitetv.com/articles/174458,"Sun, 09 Aug 2026 08:02:00 +0900",2026-08-10 08:35:02
철강/조선,철강 주가,"[코스피] 현대지에프홀딩스·영화금속·JB금융 등 49개사, 10일 자사주 매...","코스피(유가증권시장) 상장사 49개사가 오는 10일 주가 안정 및 주주가치 제고를 목적으로... 기타 종목 중에서는 ▲엔케이(A085310) 3만 주, ▲보락(A002760) ▲한국철강(A104700) ▲유니드비티플러스... ",https://www.newstnt.com/news/articleView.html?idxno=713266,https://www.newstnt.com/news/articleView.html?idxno=713266,"Sat, 08 Aug 2026 15:56:00 +0900",2026-08-10 08:35:02
철강/조선,철강 주가,&quot;'이 주식' 지금 사라&quot;...대체 뭐길래,연산 2000만톤 규모 글로벌 철강사를 PBR 0.06배에 사는 셈이지만 현대차그룹의 순환출자 구조상 이 시나리오가 현실화되기는 어렵다고 평가했다. 그럼에도 현재 주가가 자산가치 대비 저평가됐는지를 보여주는... ,https://magazine.hankyung.com/business/article/202608081740b,https://n.news.naver.com/mnews/article/050/0000109446?sid=101,"Sat, 08 Aug 2026 08:55:00 +0900",2026-08-10 08:35:02
철강/조선,철강 주가,"SK하이닉스, 용인 반도체에 54조 베팅…대규모 투자 나선다",장인화 포스코그룹 회장이 제시한 ‘트리플 코어’ 전략에 따라 철강을 넘어 리튬과 에너지를... 매각은 NH투자증권(005940)·키움증권(039490) 등과 주가수익스왑(PRS·기초자산 가격 변동에 따른 손익을 계약... ,https://www.sedaily.com/article/20077183?ref=naver,https://n.news.naver.com/mnews/article/011/0004649779?sid=101,"Sat, 08 Aug 2026 08:45:00 +0900",2026-08-10 08:35:02
철강/조선,철강 주가,"[시론] 당진 시민의 피눈물로 바라본 개미투자, 주식시장과 정권의 책임","제조업과 철강 산업의 심장부인 당진. 아침 일찍 현대제철과 석문국가산업단지 등 거대 산업단지로 향하는... 정부가 개별 주가의 등락을 일일이 조작할 수도 없고, 개인의 투자 손실을 전액 보전해 줄 수도 없음은... ",https://www.idjnews.kr/news/articleView.html?idxno=302007,https://www.idjnews.kr/news/articleView.html?idxno=302007,"Sat, 08 Aug 2026 07:00:00 +0900",2026-08-10 08:35:02
철강/조선,철강 주가,&quot;삼전·닉스 이래서 빠졌네&quot;…中 반도체 속사정 [B급기자의 B급리포트],"7월 초 과창판50 지수가 급락하자 자정 무렵 중국 국영 펀드(중국국신·중국청퉁)들이 테크 기업에 자금을 집행한다는 포스팅을 올리며 주가를 방어했습니다. 과거 디스플레이, 철강, 태양광, 배터리에서 보였던... ",http://www.wowtv.co.kr/NewsCenter/News/Read?articleId=A202608070481&t=NN,https://n.news.naver.com/mnews/article/215/0001261616?sid=101,"Sat, 08 Aug 2026 06:00:00 +0900",2026-08-10 08:35:02
철강/조선,철강 주가,"[올댓차이나] 대만 증시, 중동정세 불투명에 속락 마감…0.38%↓","주요 8대 업종 가운데 시장 비중이 절대적인 전자기기주가 0.70%, 시멘트·요업주 0.87%, 방직주 0.45... 36%, 철강주 중국강철 0.26%, 다청강 1.08%, 궈타이 건설 0.23%, 궈찬 1.15%, 타이완 시멘트 %, 중화화학 %, 타이완... ",https://www.newsis.com/view/NISX20260807_0003741125,https://n.news.naver.com/mnews/article/003/0014115121?sid=104,"Fri, 07 Aug 2026 20:28:00 +0900",2026-08-10 08:35:02
철강/조선,철강 주가,"포스코, 인터·DX 지분 일부 매각","경영권과 무관한 초과 지분을 유동화해 지주사 디스카운트를 해소하고, 철강에 편중된 사업 구조를... 별도로 매각 대금의 10%는 주주가치 극대화를 위한 자사주 매입 및 소각에 활용할 예정이다. 포스코홀딩스... ",https://www.hankyung.com/article/2026080714861,https://n.news.naver.com/mnews/article/015/0005318628?sid=101,"Fri, 07 Aug 2026 20:01:00 +0900",2026-08-10 08:35:02
철강/조선,조선 산업,[경제브리핑]-리노공업 노사 이견 팽팽,부산경남에서는 산업단지와 조선*제조업 현장의 냉방 수요가 크게 늘면서 전력비용 증가가 기업들의 또 다른 부담으로 작용하고 있습니다. KNN 김동환입니다. 영상취재 오원석 영상편집 김민지,https://news.knn.co.kr/news/article/191053,https://news.knn.co.kr/news/article/191053,"Mon, 10 Aug 2026 08:06:00 +0900",2026-08-10 08:35:02
철강/조선,조선 산업,"&quot;기후 재앙·해상 봉쇄 다 막는다&quot;…페루, HD현대 기술로 메가 군수함 건...","600톤 강철 선체에 이식된 'K-조선' 기술 각각 600톤이 넘는 특수 강철이 투입된 이들 함정은 단순한 물자 수송함을 넘어, 페루 자국 조선 산업의 체질을 바꾸는 독자적 국방 인프라로 평가받는다. HD현대중공업은... ",https://www.g-enews.com/view.php?ud=202608100556509243e8b8a793f7_1,https://www.g-enews.com/view.php?ud=202608100556509243e8b8a793f7_1,"Mon, 10 Aug 2026 06:00:00 +0900",2026-08-10 08:35:02
철강/조선,조선 산업,[2026 울산포럼 인터세션] &quot;격차 줄이고 실증 풀어야&quot;…울산 산업 AX 모색,조립·가공형 산업(자동차·조선)은 품질 검사 및 로봇 활용 분야가 명확해 일부 영역에서 이미 글로벌 경쟁우위를 확보했다. 반면 장치·공정형 산업(석유화학·비철금속)은 변수가 복잡해 데이터 축적과 현장 노하우... ,https://www.iusm.co.kr/news/articleView.html?idxno=1066402,https://www.iusm.co.kr/news/articleView.html?idxno=1066402,"Mon, 10 Aug 2026 06:00:00 +0900",2026-08-10 08:35:02
철강/조선,조선 산업,"“최후 수단? 이젠 실전용”…美, ‘더 센 핵전략’ 꺼내 중·러 겨눈다...","CBO는 사업비 증가 외 미국 조선 산업의 생산 능력도 중요한 문제로 지적했다. 현재 미국에서 핵 추진 군함을 건조할 수 있는 조선소는 제한적이며, 버지니아급 공격원잠과 컬럼비아급 전략원잠, 포드급 항공모함 건조도... ",https://www.joongang.co.kr/article/25452015,https://n.news.naver.com/mnews/article/025/0003543274?sid=100,"Mon, 10 Aug 2026 05:00:00 +0900",2026-08-10 08:35:02
철강/조선,조선 산업,"HII, 9억 달러 규모 로봇 파트너십으로 조선 혁신",HII와 협력해 미 해군 조선 산업 기반을 강화하는 기틀을 마련하겠다는 설명이다. 그레이매터 로보틱스의 아리얀 카비르 최고경영자는 피지컬 인공지능과 자율 생산 시스템의 결합을 통해 스스로 학습하고 개선되는... ,https://www.g-enews.com/view.php?ud=2026080919451522032bd56fbc3c_1,https://www.g-enews.com/view.php?ud=2026080919451522032bd56fbc3c_1,"Mon, 10 Aug 2026 04:10:00 +0900",2026-08-10 08:35:02
철강/조선,조선 산업,"UNIST, 3D프린팅으로 선박프로펠러 만든다","울산 조선산업 기반을 바탕으로 한미 협력과 해외 사업화도 노린다. 현재 대형 선박용 프로펠러는 사형주조 방식으로 만드는데, 제작 기간이 길고 소재 손실과 후가공 부담이 크다. 설계 변경에 유연하게... ",https://www.ksilbo.co.kr/news/articleView.html?idxno=1064155,https://www.ksilbo.co.kr/news/articleView.html?idxno=1064155,"Mon, 10 Aug 2026 00:04:00 +0900",2026-08-10 08:35:02
철강/조선,조선 산업,"UNIST, 5m급 선박 프로펠러 3D프린팅 제작 한다",울산 조선산업과 연계한 해외 사업화도 추진한다. UNIST와 쓰리디팩토리는 7월 23일 미국 워싱턴 D.C.에서 열린 '한미 조선해양 산업기술 협력센터 개소식'과 '한미 공동 R&amp;D 기술교류 포럼'에 참석해 금속 적층제조... ,https://www.ulsanpress.net/news/articleView.html?idxno=580618,https://www.ulsanpress.net/news/articleView.html?idxno=580618,"Sun, 09 Aug 2026 21:24:00 +0900",2026-08-10 08:35:02
철강/조선,조선 산업,"[해양수산칼럼] 더워지는 지구, 바다 위에서 답을 찾다",세계적인 항만과 조선·해양플랜트 산업 기반을 갖춘 부산은 부유식 해상풍력과 수중데이터센터 같은 미래 해양산업을 육성할 수 있는 최적의 도시다. 부산이 미래 에너지를 생산하고 AI 산업을 뒷받침하는 해양기술의... ,http://www.kookje.co.kr/news2011/asp/newsbody.asp?code=1700&key=20260810.22021002273,https://n.news.naver.com/mnews/article/658/0000151825?sid=110,"Sun, 09 Aug 2026 18:56:00 +0900",2026-08-10 08:35:02
철강/조선,조선 산업,국립창원대 남해캠퍼스 유학생 취업 '성과',특히 경남의 주력산업인 항공·조선 분야를 중심으로 지역기업과 협력을 확대하며 산업현장이 요구하는 맞춤형 인재 양성에 힘쓰고 있다. 외국인 유학생의 취업 경쟁력을 높이는 또 다른 강점은 한국어와 한국사회... ,https://www.gnnews.co.kr/news/articleView.html?idxno=642818,https://www.gnnews.co.kr/news/articleView.html?idxno=642818,"Sun, 09 Aug 2026 18:52:00 +0900",2026-08-10 08:35:02
철강/조선,조선 산업,"거제교육지원청, 도의원 초청 교육현안 업무협의회","김성갑 도의원은 &quot;조선업 중심의 산업구조 영향으로 이주배경학생이 증가함으로써 발생하는 문제는 교육청만의 문제가 아니다&quot;라며 &quot;도청과 지자체, 기업이 함께 고민하고 해결해야 할 공동 과제인 만큼, 도의회... ",https://www.gnnews.co.kr/news/articleView.html?idxno=642846,https://www.gnnews.co.kr/news/articleView.html?idxno=642846,"Sun, 09 Aug 2026 18:40:00 +0900",2026-08-10 08:35:02
철강/조선,조선 산업,발전공기업 통합 본사 유치전 '장군멍군'…충남도 승부수 고심,"울산시는 한국동서발전과 한국석유공사, 한국에너지공단 등 에너지기관에 자동차·조선·석유화학 산업을 연결할 수 있다는 강점으로 맞서고 있다. 충남이 가진 여건도 만만치 않다. 발전공기업 5사 가운데 중부발전과... ",https://www.daejonilbo.com/news/articleView.html?idxno=2293468,https://n.news.naver.com/mnews/article/656/0000183623?sid=102,"Sun, 09 Aug 2026 18:09:00 +0900",2026-08-10 08:35:02
철강/조선,조선 산업,"최재원 총장 &quot;부산대, 팰런티어처럼 대학계 판 뒤집을 것&quot;","바다와 해양산업, 조선·방위산업, 항만·물류처럼 부울경이 강점을 지닌 분야에서 ‘부산대 하면 이것’이 떠오르는 대학으로 자리매김하는 것이 100주년을 향한 목표입니다.” 부산=",https://www.hankyung.com/article/2026080928811,https://n.news.naver.com/mnews/article/015/0005318869?sid=102,"Sun, 09 Aug 2026 17:58:00 +0900",2026-08-10 08:35:02
철강/조선,조선 산업,군산시의회 개원 한 달…'경청·소통' 시민 기대감 높아,"현대자동차의 새만금 투자와 군산조선소 재가동 등 산업 분야의 호재를 실제 일자리와 지역경제 활성화로 연결해야 하고, 인구 감소와 청년 유출, 원도심 침체, 관광 활성화, 생활 인프라 개선 등 시민들이 일상에서... ",http://www.hansbiz.co.kr/news/articleView.html?idxno=855488,http://www.hansbiz.co.kr/news/articleView.html?idxno=855488,"Sun, 09 Aug 2026 17:52:00 +0900",2026-08-10 08:35:02
철강/조선,조선 산업,거제교육지원청 지역 도의원 초청 교육현안 업무협의회 개최,"이날 참석한 김성갑도의원은 &quot;거제지역 조선업 중심의 산업구조 영향으로 이주배경학생이 증가함으로써 발생하는 문제는 교육청만의 문제가 아니다&quot;라며, &quot;도청, 지자체, 기업이 함께 고민하고 해결해야 할 공동 과제인... ",http://www.gndomin.com/news/articleView.html?idxno=484728,http://www.gndomin.com/news/articleView.html?idxno=484728,"Sun, 09 Aug 2026 17:40:00 +0900",2026-08-10 08:35:02
철강/조선,조선 산업,"HD현대마린엔진, 주문이 밀려든다…&quot;2028년 상반기까지 일감 확보&quot;",HD현대마린엔진은 이런 조선산업의 공급망에서 중요한 위치를 차지하고 있다. 국내 조선사들의 건조 물량이 늘어나고 글로벌 선박 발주가 이어질수록 엔진 수요가 증가하는 구조다. 실적 성장세도 수주잔고가 뒷받침하고... ,https://www.pinpointnews.co.kr/news/articleView.html?idxno=475693,https://www.pinpointnews.co.kr/news/articleView.html?idxno=475693,"Sun, 09 Aug 2026 16:54:00 +0900",2026-08-10 08:35:02
철강/조선,조선 산업,[민선9기 지자체장 릴레이 인터뷰] 강석주 통영시장 &quot;시민의 삶으로 평...,"특히 1인당 35만 원의 통영형 민생회복지원금을 통해 침체된 지역경제에 우선 활력을 불어넣고, 친환경·스마트 조선해양산업과 AI 기반 스마트 수산업, 체류형 관광으로 경제의 구조를 바꾸겠다는 전략을 제시했다. 여기에... ",https://www.newsgn.com/news/articleView.html?idxno=566754,https://www.newsgn.com/news/articleView.html?idxno=566754,"Sun, 09 Aug 2026 16:20:00 +0900",2026-08-10 08:35:02
철강/조선,조선 산업,"UNIST, 금속 3D프린팅으로 5m급 선박 프로펠러 만든다",울산의 조선산업 기반을 활용해 한미 기술협력과 해외 사업화도 함께 추진할 계획이다. 현재 대형 선박용 프로펠러는 주로 모래 주형에 녹인 금속을 부어 만드는 사형주조 방식으로 제작된다. 제작 기간이 길고 소재... ,https://www.iusm.co.kr/news/articleView.html?idxno=1066428,https://www.iusm.co.kr/news/articleView.html?idxno=1066428,"Sun, 09 Aug 2026 16:16:00 +0900",2026-08-10 08:35:02
철강/조선,선박 수주,"[IR 분석] HD현대마린솔루션, 메시지 키워드 'AM 가속화→안정적 성장'","2분기 선박 37척을 신규 수주하면서 누적 수주액은 7억400만달러, 수주잔고는 5억4300만달러로 늘었다. AEG와도 데이터센터 발전 엔진 33기의 LTSA·O&amp;M 계약을 추진하고 있다. 본계약이 체결되면 LTSA 대상이 선박... ",https://www.fetv.co.kr/news/articleView.html?idxno=308037,https://www.fetv.co.kr/news/articleView.html?idxno=308037,"Mon, 10 Aug 2026 07:00:00 +0900",2026-08-10 08:35:03
철강/조선,선박 수주,"[N2 모닝 경제 브리핑-8월 10일] 美 증시, 금리인상론 후퇴에 상승…S&amp;P5...","(2공구) 수주 - 키움증권 : 포스코인터내셔널 주식 853만2256주 취득 결정, 취득 후 지분율 4.91... 해싯 위원장은 미 해군의 선박 호위와 미국 내 원유 생산 확대, 존스법 면제 등의 조치가 유가 하락에 영향을... ",https://www.news2day.co.kr/article/20260807500197,https://www.news2day.co.kr/article/20260807500197,"Mon, 10 Aug 2026 06:00:00 +0900",2026-08-10 08:35:03
철강/조선,선박 수주,"중동 전쟁 여파 뱃길 자주 막혀… 산유국들, 유조선 직접 사들여","국내 조선사들은 현재 상대적으로 건조 난도가 낮은 VLCC보다 LNG선 같은 고부가가치 선박 수주에 집중하고 있다. 이미 아드녹L&amp;S는 2024년 삼성중공업과 한화오션에 LNG선 4척씩, 모두 8척을 발주했고 각 조선사에 1척씩... ",https://www.chosun.com/economy/industry-company/2026/08/10/LVH3JIXYNNEULNINXOGQH7IWSI/?utm_source=naver&utm_medium=referral&utm_campaign=naver-news,https://n.news.naver.com/mnews/article/023/0003992079?sid=101,"Mon, 10 Aug 2026 00:34:00 +0900",2026-08-10 08:35:03
철강/조선,선박 수주,"이란, 미군 철수·전쟁 배상 요구…트럼프 '호르무즈 출구전략' 난항",WSJ에 따르면 트럼프 대통령은 최근 수주 동안 이란이 호르무즈 해협을 완전히 재개방할 경우 이를 전쟁의... 미국은 이란이 호르무즈 해협을 통과하는 상선에 통행료를 부과하거나 선박 통행을 사실상 통제하는 방안을... ,https://view.asiae.co.kr/article/2026080922474693325,https://n.news.naver.com/mnews/article/277/0005800659?sid=104,"Sun, 09 Aug 2026 22:47:00 +0900",2026-08-10 08:35:03
철강/조선,선박 수주,"블루워터 오토노미, 美 해군 심해측량 무인해상선박 공급업체 선정","다중 수주 계약 대상자로 선정됐다고 더로봇리포트가 최근 보도했다. 블루워터 오토노미는 장기 운항... 무인 선박을 만든다. 블루워터 오토노미의 자율운항 해상선박은 하드웨어, 소프트웨어, 인공지능(AI)을... ",https://www.irobotnews.com/news/articleView.html?idxno=47821,https://www.irobotnews.com/news/articleView.html?idxno=47821,"Sun, 09 Aug 2026 20:08:00 +0900",2026-08-10 08:35:03
철강/조선,선박 수주,美 해군 MRO 뚫은 '함정 생애주기 솔루션'[K방산 '미래 주역'을 만나다],집약돼 선박보다 항공기에 가까운 첨단 함정이다. 초격차 건조 기술은 완벽한 MRO 역량으로 직결된다.... HJ중공업은 지난해 12월 미 해군이 발주한 4만 t급 대형 군수지원함 '아멜리아 에어하트'의 MRO 사업을 수주했고... ,http://www.fnnews.com/news/202608091828434293,https://n.news.naver.com/mnews/article/014/0005559036?sid=101,"Sun, 09 Aug 2026 18:30:00 +0900",2026-08-10 08:35:03
철강/조선,선박 수주,[단독] 조선 빅3 '고부가 수주' 올인…年영업익 10조 눈앞,"선박 수주 물량만 늘어난 게 아니다. 수익성도 높아졌다. 금융정보업체 에픽AI에 따르면 HD한국조선해양과 한화오션, 삼성중공업의 올해 연간 영업이익 컨센서스는 9조6890억원에 달한다. 석 달 전 9조1000억원대였던... ",https://www.hankyung.com/article/2026080927991,https://n.news.naver.com/mnews/article/015/0005318850?sid=101,"Sun, 09 Aug 2026 17:49:00 +0900",2026-08-10 08:35:03
철강/조선,선박 수주,"[단독] 고부가 3박자…조선 빅3, 수주잔액 200조 돌파",중국은 LNG 운반선 수주에서 한국을 추월하기 시작했고 친환경 선박 엔진 기술 격차도 빠르게 좁히고 있다. 국내 조선소의 독 부족으로 신규 수주 여력이 제한되는 점 역시 해결해야 할 과제로 꼽힌다.,https://www.hankyung.com/article/2026080928541,https://n.news.naver.com/mnews/article/015/0005318849?sid=101,"Sun, 09 Aug 2026 17:48:00 +0900",2026-08-10 08:35:03
철강/조선,선박 수주,“선박 넘어 레저 보트까지”…HD현대 아비커스 '자율운항' 잇단 호평,미국선박전자협회(NMEA)의 전문 매거진 ‘마린 일렉트로닉스 저널’(MEJ)이 선정한 톱 200 제품에 이름을... 대형 상선용 자율운항 솔루션 ‘하이나스 컨트롤’(HiNAS Control)은 창사 이래 600척을 수주했다. 아비커스는... ,https://www.edaily.co.kr/news/newspath.asp?newsid=02643686645545680,https://n.news.naver.com/mnews/article/018/0006348333?sid=101,"Sun, 09 Aug 2026 17:25:00 +0900",2026-08-10 08:35:03
철강/조선,선박 수주,상선 목표 일찌감치 채운 조선사들...하반기는 '선별 수주',조선업계 관계자는 &quot;국내 조선사들이 고부가 선박을 중심으로 수주 포트폴리오를 넓힌 결과가 확인되고 있다&quot;며 &quot;수익선 개선도 문제 없이 이어질 것으로 기대된다&quot;고 말했다.,https://www.ajunews.com/view/20260809134404646,https://www.ajunews.com/view/20260809134404646,"Sun, 09 Aug 2026 17:00:00 +0900",2026-08-10 08:35:03
철강/조선,선박 수주,매출 30%·영업이익 262% 급증…HD현대 실적이 달라졌다,글로벌 선박 발주가 이어지는 가운데 고부가가치 선박 중심으로 수주가 확대되면서 조선 계열사들의 수익성이 개선되는 흐름이 이어지고 있다. 조선업은 수주 이후 실제 매출과 이익이 반영되기까지 상당한 시간이... ,https://www.pinpointnews.co.kr/news/articleView.html?idxno=475678,https://www.pinpointnews.co.kr/news/articleView.html?idxno=475678,"Sun, 09 Aug 2026 16:20:00 +0900",2026-08-10 08:35:03
철강/조선,선박 수주,'-162℃'에 달린 경쟁력…K-LNG선의 '고부가 경제',"이처럼 높은 수준의 기술력이 요구되는 만큼 LNG선은 대표적인 고부가가치 선박으로 꼽힌다. 척당 가격은 2억 달러를 훌쩍 넘는 수준으로, 일반 상선보다 2배 가까운 수준이다. 높은 선가만큼 국내 조선사에서도 놓칠 수... ",https://www.asiatoday.co.kr/kn/view.php?key=20260809010002744,https://www.asiatoday.co.kr/kn/view.php?key=20260809010002744,"Sun, 09 Aug 2026 15:48:00 +0900",2026-08-10 08:35:03
철강/조선,선박 수주,"K-함정 '생애주기' 책임진다… HJ중공업, 美 해군 20兆 MRO 시장 뚫었다",선박보다는 항공기에 가까운 첨단 기체로 평가받는다. K-함정 MRO 새 역사... 美 해군 20조 시장 진출 쾌거 초격차 건조 기술은 완벽한 MRO 역량으로 직결된다. HJ중공업은 해군이 발주한 고속상륙정 8척을 전량 수주해... ,http://www.fnnews.com/news/202608091433145127,https://n.news.naver.com/mnews/article/014/0005558968?sid=101,"Sun, 09 Aug 2026 15:13:00 +0900",2026-08-10 08:35:03
철강/조선,선박 수주,"&quot;우주만 보는 회사 아니다&quot;…루미르, 조선 슈퍼사이클 타고 엔진 부품 ...",국내 조선업계는 고부가가치 선박을 중심으로 수주 경쟁력을 높이고 있으며 선박 건조가 늘어나면 선박용 엔진과 엔진 부품 수요도 함께 증가하게 된다. 최근에는 선박 엔진의 수요처가 전통적인 조선업을 넘어서는... ,https://www.pinpointnews.co.kr/news/articleView.html?idxno=475641,https://www.pinpointnews.co.kr/news/articleView.html?idxno=475641,"Sun, 09 Aug 2026 13:10:00 +0900",2026-08-10 08:35:03
철강/조선,선박 수주,"이란 &quot;오만과 호르무즈 합의 근접...美, 종전 MOU 위반 배상해야&quot;",아라그치 장관은 MOU에 따라 한 달 내로 호르무즈 해협의 선박 통항 규모가 정상 수준으로 회복될 전망이었다고 밝혔다. 또 합의 체결 2주 만에 정상 수준의 60%까지 회복됐었다고 지적했다. 하지만 현재 해협 통항이... ,https://www.m-i.kr/news/articleView.html?idxno=1400280,https://www.m-i.kr/news/articleView.html?idxno=1400280,"Sun, 09 Aug 2026 13:04:00 +0900",2026-08-10 08:35:03
철강/조선,선박 수주,다시 시작된 산업계 하투…車·重 성과 배분 갈등 핵심,노조는 LNG운반선 등 고부가가치 선박 수주 확대와 실적 개선을 근거로 보상 확대를 요구하는 반면 회사 측은 업황 변동성과 비용 부담 등을 고려해야 한다는 입장이다. 한화오션의 원청 사용자성 관련 법적 분쟁도... ,http://www.metroseoul.co.kr/article/20260809500100,http://www.metroseoul.co.kr/article/20260809500100,"Sun, 09 Aug 2026 12:52:00 +0900",2026-08-10 08:35:03
에너지/석유,에너지 주가,"오텍, 엔비디아 인정 AI 냉각기술·800조 호남 반도체 수혜로 재평가 기...",이 제품은 시설 냉각수와 서버 냉각수 간 온도차를 2℃ 이내로 정밀 제어해 칠러 에너지를 최대 10%까지... 시가총액 571억 원 기준 오텍의 주가매출비율(PSR)은 0.067배에 불과하다. 시가총액이 연간 매출액의 7%에도 못... ,https://www.newsquest.co.kr/news/articleView.html?idxno=271377,https://www.newsquest.co.kr/news/articleView.html?idxno=271377,"Mon, 10 Aug 2026 08:00:00 +0900",2026-08-10 08:35:04
에너지/석유,에너지 주가,"[증시키워드] SK하이닉스, '노조 설립·지분 매각'에 쏠린 눈…삼성전자...",삼성전자는 미국 에너지부 산하 오크리지 국립연구소와 손잡고 영하 30도 이하의 극한 환경에서도 작동하는 한랭지용 증기압축식 난방 및 멀티 솔루션 개발에 착수한다. 주가는 7일 0.22% 오른 23만1000원에 거래를... ,https://www.etoday.co.kr/news/view/2612548,https://www.etoday.co.kr/news/view/2612548,"Mon, 10 Aug 2026 07:58:00 +0900",2026-08-10 08:35:04
에너지/석유,에너지 주가,"씨에스윈드, 美 AI 데이터센터 전력난에 풍력 수요 '폭증'…경쟁사 설비...","목표주가는 경쟁사(Peer)인 베스타스(Vestas), 노르덱스(Nordex)의 최근 주가 하락을 반영해 기존... 엑셀에너지(Xcel Energy) 사이의 1.9GW 계약이 대표적인 예시&quot;라고 짚었다. 아울러 &quot;아르코사(Arcosa)나 브로드윈드 에너지... ",http://www.newsprime.co.kr/news/article.html?no=743188,http://www.newsprime.co.kr/news/article.html?no=743188,"Mon, 10 Aug 2026 07:52:00 +0900",2026-08-10 08:35:04
에너지/석유,에너지 주가,"한국가스공사, 해외 자원개발 호조 '서프라이즈'…하반기 증익 지속에 ...",있고 에너지 가격도 2분기 대비 안정화된 점을 감안하면 자원개발 이익 모멘텀은 일시적으로 둔화될 수 있다&quot;면서도 &quot;4분기에는 요금기저 정산이 실적에 긍정적으로 작용할 여지가 존재한다. 올해 기준 주가수익비율... ,http://www.newsprime.co.kr/news/article.html?no=743181,http://www.newsprime.co.kr/news/article.html?no=743181,"Mon, 10 Aug 2026 07:50:00 +0900",2026-08-10 08:35:04
에너지/석유,에너지 주가,美 변동성 피해 유럽에 몰리는 돈…기업 순익 22% 급증 '4년래 최대',지난 3일(현지시간) 독일 프랑크푸르트 증권거래소 전광판에 독일 대표 주가지수인 DAX지수가 표시돼 있다.... 에너지 가격 급등이라는 악조건에도 코로나19 충격에서 벗어나던 2022년 이후 가장 높은 증가율이다.... ,https://www.edaily.co.kr/news/newspath.asp?newsid=01928646645546008,https://n.news.naver.com/mnews/article/018/0006348438?sid=101,"Mon, 10 Aug 2026 07:40:00 +0900",2026-08-10 08:35:04
에너지/석유,석유 시장,"롯데케미칼, 대산·여수 구조조정 효과로 내년 흑자전환 전망-iM증권",다만 최근 석유화학 업황과 시장 센티먼트 악화를 반영해 목표주가는 하향 조정됐다. iM증권은 10일 롯데케미칼에 대해 투자의견 '매수'를 유지하면서 목표주가를 기존 13만원에서 10만원으로 낮췄다. 실적 추정치를... ,http://www.press9.kr/news/articleView.html?idxno=80804,http://www.press9.kr/news/articleView.html?idxno=80804,"Mon, 10 Aug 2026 08:34:00 +0900",2026-08-10 08:35:04
에너지/석유,석유 시장,"폭염엔 단열, 태풍엔 수밀·내풍압…여름철 ‘고성능 창호’ 경쟁 뜨겁...",여기에 여름철 태풍과 집중호우까지 변수로 떠오르면서 창호 시장의 경쟁 기준도 달라지고 있다. 단순한... 금호석유화학 건축자재 브랜드 휴그린은 이런 수요를 겨냥해 ‘자동환기창 Pro’를 앞세우고 있다. 이 제품은... ,https://www.sportsseoul.com/news/read/1627606?ref=naver,https://n.news.naver.com/mnews/article/468/0001258797?sid=103,"Mon, 10 Aug 2026 08:32:00 +0900",2026-08-10 08:35:04
에너지/석유,석유 시장,역대급 폭염에 창호 시장 변화…에너지 효율 높인 제품 경쟁,금호석유화학의 건축자재 브랜드 휴그린은 프리미엄 창호 제품 '자동환기창 Pro'를 통해 시장 공략에 나섰다. 이 제품은 창문을 열지 않고도 환기가 가능한 것이 특징이다. 창호에 장착된 AI 스마트센서가 실내 공기를... ,https://www.ngonews.kr/news/articleView.html?idxno=235019,https://www.ngonews.kr/news/articleView.html?idxno=235019,"Mon, 10 Aug 2026 08:30:00 +0900",2026-08-10 08:35:04
에너지/석유,석유 시장,"공기업 비위 '빨간불'…한전, 올 상반기 징계처분 '최다'",석유공사·강원랜드·한국공항공사·한국중부발전(8건) ▲한국가스공사·한국서부발전(7건) ▲한국남부발전·인천국제공항공사·한국지역난방공사·한국동서발전(3건) ▲한국남동발전(1건) 순으로 나타났다. 준시장형... ,https://www.youthdaily.co.kr/news/article.html?no=224632,https://www.youthdaily.co.kr/news/article.html?no=224632,"Mon, 10 Aug 2026 08:00:00 +0900",2026-08-10 08:35:04
에너지/석유,석유 시장,해양수산법 판례 여행 37. 선박연료공급업상 제3자에 대한 업무의 위탁,"대법원은 관련 법령의 문언, 선박연료공급업의 등록기준, 석유사업법령상의 관련 규정 등을 종합하여... 대상 판결이 선박연료공급업무의 제3자 위탁을 허용한 것은 선박연료공급업 시장의 운영 현실도 고려하였을 것으로... ",https://www.hdhy.co.kr/news/articleView.html?idxno=34994,https://www.hdhy.co.kr/news/articleView.html?idxno=34994,"Mon, 10 Aug 2026 08:00:00 +0900",2026-08-10 08:35:04
에너지/석유,석유 시장,"롯데케미칼, 구조조정 마무리되는 내년 흑자 전환...목표가는 10만원↓...",롯데케미칼의 2분기 영업이익은 1101억원으로 시장 컨센서스 1297억원을 15% 밑돌았다. 6월 유가 및 석유화학 제품가격 하락에 따른 재고평가손실 2000억원(기초소재·타이탄 각 1000억원)이 반영된 영향이다. 전 연구원은... ,https://www.edaily.co.kr/news/newspath.asp?newsid=01938486645546008,https://n.news.naver.com/mnews/article/018/0006348441?sid=101,"Mon, 10 Aug 2026 07:44:00 +0900",2026-08-10 08:35:04
에너지/석유,석유 시장,트럼프 &quot;호르무즈 재개방 시 핵 합의 없이도 전쟁 종식&quot;,국제 에너지 시장도 호르무즈 해협의 운항 정상화 여부를 주시하고 있다. 브렌트유는 8월 7일 배럴당 83.... 로이터통신에 따르면 현재의 혼란 이전에는 호르무즈 해협을 통해 전 세계 석유 및 액화천연가스(LNG) 운송량의 약... ,https://www.news2day.co.kr/article/20260810500004,https://www.news2day.co.kr/article/20260810500004,"Mon, 10 Aug 2026 07:16:00 +0900",2026-08-10 08:35:04
에너지/석유,석유 시장,[오늘의 주요일정]울산(8월10일 월요일),"▲오전 9시30분, 천주교울산대리구 내방, 접견실 ▲오전 10시, 순직군경 부모유족회 내방, 접견실 ▲오전 10시, 지역상생형 격차완화 지원사업(석유화학) 행사, SK울산CLX 일원 ▲오전 10시30분, 전통시장 활성화... ",https://www.newsis.com/view/NISX20260810_0003742028,https://n.news.naver.com/mnews/article/003/0014116735?sid=102,"Mon, 10 Aug 2026 07:08:00 +0900",2026-08-10 08:35:04
에너지/석유,석유 시장,[뉴욕 주간전망] 7월 물가지표에 주목...금리 전망 지켜봐야,주식시장이 하락했던 점을 감안하면 8월 가장 주시해야 하는 변수&quot;라고 강조했다. 지난 주말 발표된 미국의... 오히려 아랍에미리트(UAE) 국영 석유회사(ADNOC)이 호르무즈 해협에서 지난주에만 3척이 피격당했다고... ,http://www.opinionnews.co.kr/news/articleView.html?idxno=142799,http://www.opinionnews.co.kr/news/articleView.html?idxno=142799,"Mon, 10 Aug 2026 06:40:00 +0900",2026-08-10 08:35:04
에너지/석유,석유 시장,美 국가경제위원장 &quot;연료 가격 여전히 높아…중동 상황 해결되면 크게 ...,이란과의 전쟁이 6개월째에 접어든 가운데 석유 산업의 핵심 수로인 호르무즈 해협이 폐쇄되면서 미국의... 고용 시장은 여전히 견조하다는 입장을 밝혔다. 해싯 위원장은 이날 폭스뉴스와의 인터뷰에서 7월 미국의... ,https://www.newspim.com/news/view/20260810000007,https://www.newspim.com/news/view/20260810000007,"Mon, 10 Aug 2026 06:31:00 +0900",2026-08-10 08:35:04
에너지/석유,석유 시장,[THE Biz&amp;CEO] '악재 뚫고 정면 돌파' 알 히즈아지 에쓰오일 CEO,(원유를 석유화학 원료로 직접 전환하는 기술)를 세계 최초로 상업 도입하는 대형 투자다. 완공되면 연간... 남들은 생존을 위해 공장 문을 닫는데 에쓰오일이 압도적인 원가 경쟁력을 무기로 대규모 신규 물량을 시장에... ,http://www.the-biz.co.kr/news/articleView.html?idxno=725830,http://www.the-biz.co.kr/news/articleView.html?idxno=725830,"Mon, 10 Aug 2026 06:30:00 +0900",2026-08-10 08:35:04
에너지/석유,석유 시장,47개월 최고 찍은 中 물가…휘발유 덕에 상승세는 둔화,"중국의 7월 생산자물가와 소비자물가 상승률이 전월과 시장 예상치를 모두 밑돌았다. 물가 상승세는... 석유·천연가스 채굴업이 3.2%, 석유·석탄·기타연료 가공업이 8.2%, 화학원료·화학제품 제조업이 9.1% 올랐다.... ",https://www.sedaily.com/article/20077398?ref=naver,https://n.news.naver.com/mnews/article/011/0004650067?sid=104,"Mon, 10 Aug 2026 06:26:00 +0900",2026-08-10 08:35:04
에너지/석유,정유 산업,"LG전자, 유럽 넘어 국내·산업현장까지…히트펌프 영토 넓힌다",100도가 넘는 고온수는 제지공장의 종이 건조나 식품공장의 제품 살균을 비롯해 화학·정유 등 다양한 산업 공정에 활용할 수 있어 탄소 배출과 에너지 비용 절감이 기대된다. 연구개발(R&amp;D)도 강화하고 있다. LG전자는... ,https://www.news1.kr/industry/electronics/6253305,https://n.news.naver.com/mnews/article/421/0009104966?sid=101,"Mon, 10 Aug 2026 08:00:00 +0900",2026-08-10 08:35:05
에너지/석유,정유 산업,대형주 쉬어갈 때 뛴다…코스닥 강세장 공식 재가동,또한 '차화정(차량·화학·정유)'이나 반도체 등 코스피 대형 주도주 랠리가 일단락된 이후 투자자 관심이 옮겨가는 양상을 보였다. 정부의 코스닥 활성화 정책과 실적이 뒷받침되는 주도 산업의 등장도 핵심 축으로... ,https://news.einfomax.co.kr/news/articleView.html?idxno=4429303,https://news.einfomax.co.kr/news/articleView.html?idxno=4429303,"Mon, 10 Aug 2026 07:52:00 +0900",2026-08-10 08:35:05
에너지/석유,정유 산업,"[기고] 가축 정밀 영양, 생산성과 환경의 균형을 맞추다",오늘날 우리 축산업이 당면한 혁신의 과제 또한 이 정교한 과학적 원리에서 해답을 찾을 수 있다. 최근... 축사 내 암모니아 농도가 높아지거나 분변 속에서 유해균이 증가하면 사료에 천연 유기산제와 식물 추출 정유를... ,https://www.aflnews.co.kr/news/articleView.html?idxno=326124,https://www.aflnews.co.kr/news/articleView.html?idxno=326124,"Mon, 10 Aug 2026 07:00:00 +0900",2026-08-10 08:35:05
에너지/석유,정유 산업,"LG전자, 히트펌프 영토 넓힌다…가정용부터 118℃ 산업용까지",화학과 정유 등 고온의 열에너지가 필요한 산업 현장으로도 적용 범위를 넓힐 수 있다. 산업 현장에서는 그동안 보일러 등 화석연료 기반 설비를 이용해 고온의 열을 생산하는 경우가 많았다. 이 과정에서 발생하는... ,https://www.newspim.com/news/view/20260807001063,https://www.newspim.com/news/view/20260807001063,"Mon, 10 Aug 2026 06:00:00 +0900",2026-08-10 08:35:05
에너지/석유,정유 산업,중동發 공급난에 'K 오일' 주목 정유업계 수출효자 된 윤활기유,안정적인 공급망을 갖춘 국내 정유업체가 대체공급처로 주목받으면서 관련 사업실적도 개선되는... 산업용 로봇 역시 감속기와 구동계의 높은 마찰과 토크를 견디기 위해 고성능 윤활기유 사용이 증가하는 추세다.... ,https://www.mt.co.kr/industry/2026/08/10/2026080918465844085,https://n.news.naver.com/mnews/article/008/0005397491?sid=101,"Mon, 10 Aug 2026 03:00:00 +0900",2026-08-10 08:35:05
에너지/석유,정유 산업,부울경 플랜트 기자재 지형 바뀌나,"특히 비엠티, 하이록코리아, 디케이락 등 업체는 사우디, UAE, 쿠웨이트 등 주요 산유국의 정유·가스·LNG 플랜트에 들어가는 산업용 피팅과 밸브를 생산하고 있다. 지난해 비엠티의 밸브 수출은 163억원, 디케이락은... ",http://www.gnmaeil.com/news/articleView.html?idxno=592364,http://www.gnmaeil.com/news/articleView.html?idxno=592364,"Sun, 09 Aug 2026 20:56:00 +0900",2026-08-10 08:35:05
에너지/석유,정유 산업,후티 반군 &quot;사우디에 미사일·드론 공격&quot;…모카항·아람코 시설 타격(종...,사우디 에너지부는 &quot;9일 새벽 지잔 아람코 정유시설에서 화재가 발생했으나 산업 보안 소방팀이 진화했으며 인명 피해는 없었다&quot;고 밝혔다. 해당 시설은 지난달에도 후티 반군의 공격을 받은 바 있다. 후티는 이란의 지원을... ,https://www.news1.kr/world/middleeast-africa/6253546,https://n.news.naver.com/mnews/article/421/0009104647?sid=104,"Sun, 09 Aug 2026 20:37:00 +0900",2026-08-10 08:35:05
에너지/석유,정유 산업,후티 반군 “사우디 아람코 정유 시설 타격”,사우디 에너지부는 이날 “사우디 아람코 산업보안 소방팀이 자잔의 사우디 아람코 정유 시설에서 발생한 화재를 진압했으며 부상자는 없었다”고 밝혔다. 다만 사우디 당국은 화재 원인이나 시설 피해 규모에 관해서는... ,https://www.khan.co.kr/article/202608091959011,https://n.news.naver.com/mnews/article/032/0003463155?sid=104,"Sun, 09 Aug 2026 19:59:00 +0900",2026-08-10 08:35:05
에너지/석유,정유 산업,사우디 아람코 정유시설서 검은 연기…후티 반군 “드론 공격” 주장,"공격 표적이 된 지잔 정유단지는 하루 40만 배럴의 원유를 처리할 수 있는 사우디의 주요 석유화학 거점으로, 가스복합발전소까지 갖춘 핵심 산업 시설이다. 해당 시설은 지난 달 25일에도 후티의 미사일 공격을 받아 이틀... ",https://www.joongang.co.kr/article/25451936,https://n.news.naver.com/mnews/article/025/0003543198?sid=104,"Sun, 09 Aug 2026 18:15:00 +0900",2026-08-10 08:35:05
에너지/석유,정유 산업,"[데일리안 오늘뉴스 종합] 주진우 &quot;선관위, 대선도 수사&quot;, SK하이닉스 통...","▲추미애 &quot;산업 키운 경기도, 세입은 못 받고 비용만 부담…지방재정 틀 바꿔야&quot; 추미애 경기도지사가... ▲후티 반군 &quot;사우디 아람코 정유시설 타격&quot; 주장 야히야 사리 후티 반군 군사대변인은 엑스(X)에 &quot;예멘군이 알라의... ",https://www.dailian.co.kr/news/view/1676363/?sc=Naver,https://n.news.naver.com/mnews/article/119/0003119888?sid=100,"Sun, 09 Aug 2026 17:56:00 +0900",2026-08-10 08:35:05
에너지/석유,정유 산업,"예멘 후티 반군, 드론으로 사우디 홍해 연안 아람코 시설 공격",사우디 에너지부는 “9일 새벽 지잔 아람코 정유시설에서 화재가 발생했으나 산업 보안 소방팀이 진화했으며 인명 피해는 없었다”고 밝혔다. 해당 시설은 지난 7월에도 후티 반군의 공격을 받은 바 있다.,https://www.news1.kr/world/middleeast-africa/6253481,https://n.news.naver.com/mnews/article/421/0009104491?sid=104,"Sun, 09 Aug 2026 17:40:00 +0900",2026-08-10 08:35:05
에너지/석유,정유 산업,"이란, 호르무즈 재개방 조건 제시…‘미군 철수·전쟁 배상’ 요구",국내 산업계에서도 호르무즈 해협 재개방에 대해 촉각을 곤두세우고 있다. 중동에서 들어오는 원유나 나프타 등 주요 원자재가 호르무즈 해협을 통해 국내로 들어오기 때문이다. 국내 정유·석유화학업계의 원료 조달과... ,https://www.mediapen.com/news/view/1115209,https://www.mediapen.com/news/view/1115209,"Sun, 09 Aug 2026 17:24:00 +0900",2026-08-10 08:35:05
에너지/석유,정유 산업,윤병동 대표 &quot;대기업과 손잡고 공장 '자율제조 3단계' 시대 주도&quot;,“현재 산업 현장의 공장 자율제조 수준은 AI가 작업자를 보조하는 1~2단계에 머물러 있다”며 이렇게... 윤 대표는 “고령화와 숙련공 은퇴 등 현장의 구조적 인력난을 제조 AI 기업이 해결하고 있다”며 “정유·발전... ,https://www.hankyung.com/article/2026080927291,https://n.news.naver.com/mnews/article/015/0005318820?sid=101,"Sun, 09 Aug 2026 17:08:00 +0900",2026-08-10 08:35:05
에너지/석유,정유 산업,사우디 남서부 아람코 정유시설서 화재 발생,아랍뉴스 등 복수의 외신에 따르면 사우디아라비아 에너지부는 9일(현지시간) 새벽 지잔주 소재 국영석유사 아람코 정유공장의 부속 시설에 불이 나 소방대가 진압했다고 밝혔다. 에너지부는 산업보안 소방대가 화재를... ,https://www.dailian.co.kr/news/view/1676286/?sc=Naver,https://n.news.naver.com/mnews/article/119/0003119822?sid=104,"Sun, 09 Aug 2026 15:09:00 +0900",2026-08-10 08:35:05
에너지/석유,정유 산업,중동산 원유 비중 50% 아래로...미주·아프리카가 빈자리 채웠다,산업통상자원부는 지난 2일 수급 점검에서 8∼9월 원유 도입 물량을 전년 평균 이상 확보했다고 밝혔다. 정부는 수급 불안이 발생하면 비축유를 정유사에 먼저 빌려주는 '비축유 스와프' 제도를 즉시 재개할 수 있도록... ,https://www.joongangenews.com/news/articleView.html?idxno=538749,https://www.joongangenews.com/news/articleView.html?idxno=538749,"Sun, 09 Aug 2026 14:32:00 +0900",2026-08-10 08:35:05
화학/소재,화학 주가,"금호석유화학, 우수한 실적·재무에 주주환원까지…&quot;지속된 투자로 장기...",3배 수준&quot; KB증권은 10일 금호석유화학(011780)에 대해 실적과 재무에 더해 주주환원 정책까지 매우 훌륭한 상황이라며 투자의견 '매수' 및 목표주가 18만원을 유지했다. KB증권에 따르면 금호석유화학의 올해 2분기... ,http://www.newsprime.co.kr/news/article.html?no=743184,http://www.newsprime.co.kr/news/article.html?no=743184,"Mon, 10 Aug 2026 07:50:00 +0900",2026-08-10 08:35:06
화학/소재,화학 주가,﻿구글 AI 지도부 개편과 인재 이동 의미 [윤석빈의 Thinking],"시장은 즉각 반응해 알파벳 주가는 4~5% 빠졌다. 여기에 지난 6월의 흐름을 겹쳐 보면 그림이 선명해진다. 트랜스포머 논문 공동 저자이자 제미나이 공동 책임자였던 노암 샤지어는 오픈AI로, 노벨화학상 수상자 존 점퍼는... ",https://it.chosun.com/news/articleView.html?idxno=2023092167655,https://it.chosun.com/news/articleView.html?idxno=2023092167655,"Mon, 10 Aug 2026 06:00:00 +0900",2026-08-10 08:35:06
화학/소재,화학 주가,증시 '퇴출' 본격화…'동전주' 48곳 관리종목 우려,"주가가 1000원을 밑도는 이른바 '동전주' 수십 곳이 이번 주 무더기로 관리종목 지정 위기에 놓였다. 지난... 코스피 상장사 주연테크와 아센디오는 유상증자를 단행했고, SH에너지화학은 임원 자사주 매입 카드를... ",https://www.newstopkorea.com/news/articleView.html?idxno=46876,https://www.newstopkorea.com/news/articleView.html?idxno=46876,"Mon, 10 Aug 2026 05:56:00 +0900",2026-08-10 08:35:06
화학/소재,화학 주가,코스피 6300선서 숨고르기…이번주 美 물가·금리에 시선 집중,◇ 반도체 쉬어가자 건설·화학으로…순환매 뚜렷 시장 내부에서는 업종별 차별화가 두드러졌다. 특히 삼성전자와 SK하이닉스 등 대형 반도체주가 포함된 전기전자 업종이 11.04% 하락한 것과 달리 비반도체... ,https://www.geconomy.co.kr/news/article.html?no=322676,https://www.geconomy.co.kr/news/article.html?no=322676,"Mon, 10 Aug 2026 05:40:00 +0900",2026-08-10 08:35:06
화학/소재,화학 주가,'밸류업 정책'에…주가 1000원 미만 상장사 48곳 퇴출 절차 돌입,"SH에너지화학이 임원의 자사주 매입을 추진 중이다. 코스닥에서는 세진티에스, 육일씨엔에쓰, 케이엠제약 등이 자기주식 취득 계획을 공시했다. 그러나 증권업계는 소규모 상장사가 단기간 내 주가나 시가총액을... ",https://www.cbci.co.kr/news/articleView.html?idxno=596282,https://www.cbci.co.kr/news/articleView.html?idxno=596282,"Sun, 09 Aug 2026 15:20:00 +0900",2026-08-10 08:35:06
화학/소재,화학 주가,"LG 산업특화 파운데이션 모델, 구글 제치고 세계 최고성능 달성","글로벌 리더보드는 화학·의료·금융·제조 등 다양한 산업의 실제 데이터로 AI의 예측 능력을 평가하는... 제품 수요, 원자재 가격, 전력 사용량, 주가처럼 시간에 따라 변하는 시계열 데이터는 기업의 투자·생산... ",http://www.biztribune.co.kr/news/articleView.html?idxno=357169,http://www.biztribune.co.kr/news/articleView.html?idxno=357169,"Sun, 09 Aug 2026 13:08:00 +0900",2026-08-10 08:35:06
화학/소재,화학 주가,'동전주' 퇴출 초읽기…48곳 관리종목 우려 공시,"정부의 국내 증시 밸류업 정책에 따른 상장폐지 요건 강화 조치가 시행 한 달을 지나면서 주가나... 코스피 상장사 주연테크와 아센디오는 유상증자에 나섰고, SH에너지화학은 임원의 자사주 매입에 나섰다. 코스닥의... ",https://www.nocutnews.co.kr/news/6560156?utm_source=naver&utm_medium=article&utm_campaign=20260809110027,https://n.news.naver.com/mnews/article/079/0004176811?sid=101,"Sun, 09 Aug 2026 11:01:00 +0900",2026-08-10 08:35:06
화학/소재,화학 주가,[M-커버스토리] 혹시 내 주식이 동전주?…48곳 관리종목 우려 공시,"주가나 시가총액 미달 코스닥 상장사에 대한 '솎아내기' 절차가 본격화할 전망이다. 주가 미달로 관리종목... 일단 코스피 주연테크와 아센디오는 유상증자에, SH에너지화학은 임원의 자사주 매입에 나섰다. 코스닥의... ",http://www.metroseoul.co.kr/article/20260809500057,http://www.metroseoul.co.kr/article/20260809500057,"Sun, 09 Aug 2026 10:50:00 +0900",2026-08-10 08:35:06
화학/소재,화학 주가,‘동전주 솎아내기’에 무더기 상폐 위기… 코스닥 10% ‘시총 미달’ ...,"정부 주도의 증시 밸류업 정책에 발맞춘 상장 규제 강화가 시행 한 달을 넘기며 주가 및 시가총액 기준에... SH에너지화학은 임원 자사주 매입 카드를 꺼냈다. 코스닥 상장사 세진티에스, 육일씨엔에쓰, 케이엠제약... ",https://www.sedaily.com/article/20077263?ref=naver,https://n.news.naver.com/mnews/article/011/0004649884?sid=101,"Sun, 09 Aug 2026 10:49:00 +0900",2026-08-10 08:35:06
화학/소재,화학 주가,동전주 상폐 절차 임박..7일 기준 1000원 미만 동전주 160여곳,"지나며 주가나 시총미달 코스닥 상장사에 대한 퇴출 절차가 본격화하고 있다.주가 미달로 관리종목 지정... 코스피 주연테크와 아센디오는 유상증자, SH에너지화학은 임원의 자사주 매입에 나섰고 코스닥의... ",https://kpenews.com/View.aspx?No=4179369,https://kpenews.com/View.aspx?No=4179369,"Sun, 09 Aug 2026 10:32:00 +0900",2026-08-10 08:35:06
화학/소재,소재 산업,"신보, 혁신기업·산업위기지역 금융지원 '투트랙 강화'","이번 협력은 연구개발과 기술사업화 역량을 갖춘 기업에는 성장 단계에 맞는 금융·비금융 지원을 연계하고, 산업위기지역 소재 기업에는 보증 조건을 우대하는 방식으로 서로 다른 기업 수요에 대응하는 데 초점이... ",http://www.newsworker.co.kr/news/articleView.html?idxno=440350,http://www.newsworker.co.kr/news/articleView.html?idxno=440350,"Mon, 10 Aug 2026 08:34:00 +0900",2026-08-10 08:35:06
화학/소재,소재 산업,"KIAT-신보, 혁신·산업위기지역 기업에 맞춤형 지원 맞손",이번 협약은 혁신기업의 기술 성장과 글로벌 진출을 지원하는 한편 산업위기지역 소재 기업의 금융 안전망을 한층 고도화함으로써 기업의 경영 안정과 지속 가능한 성장 기반을 구축하기 위해 마련됐다. 혁신기업... ,https://www.newsis.com/view/NISX20260810_0003742108,https://n.news.naver.com/mnews/article/003/0014116789?sid=101,"Mon, 10 Aug 2026 08:26:00 +0900",2026-08-10 08:35:06
화학/소재,소재 산업,"신보·KIAT, 혁신기업·산업위기지역 기업 맞춤 지원",신용보증기금과 한국산업기술진흥원(KIAT)이 기술혁신기업과 산업위기지역 소재 기업을 대상으로 금융·비금융 지원을 연계한다. 신보는 KIAT와 '혁신기업 발굴·지원을 위한 업무협약'과 '산업위기지역 금융 안전망... ,https://www.newsfreezone.co.kr/news/articleView.html?idxno=703147,https://www.newsfreezone.co.kr/news/articleView.html?idxno=703147,"Mon, 10 Aug 2026 08:26:00 +0900",2026-08-10 08:35:06
화학/소재,소재 산업,"장성군, 2027년도 외국인 계절근로자 고용 신청 접수… 농가 인력난 해...",참여를 희망하는 농가는 신청서와 농업경영체 등록확인서 등 관련 증빙 서류를 준비해 농지 소재지 읍·면 행정복지센터 산업팀을 방문해 제출하면 된다. 참여... ,http://www.breaknews.com/1227727,http://www.breaknews.com/1227727,"Mon, 10 Aug 2026 08:26:00 +0900",2026-08-10 08:35:06
화학/소재,소재 산업,[마켓무버] 고용 충격에도 뉴욕증시 상승…S&amp;P500 사상 최고치,"기본소재와 기술, 산업 업종이 상승을 주도한 반면 에너지와 유틸리티 업종은 상대적으로 부진했다. 시장의 시선은 이제 고용에서 물가로 이동하고 있다. 이번 주 발표될 7월 소비자물가지수(CPI)가 예상에 부합하거나... ",https://www.edaily.co.kr/news/newspath.asp?newsid=01994246645546008,https://n.news.naver.com/mnews/article/018/0006348458?sid=101,"Mon, 10 Aug 2026 08:03:00 +0900",2026-08-10 08:35:06
화학/소재,소재 산업,[초대석] '국제조세 스타' 조태윤 세무사 &quot;다국적 기업의 등대지기로 남...,"다국적기업의 특성상 업무의 상대방은 대부분 해외에 소재하는 글로벌 센터(Shared Service Center)로서... 통상교섭민간자문위원 (산업통상자원부) • 전) 국제조세위원 (한국세무사회) ▢ 저서 • 2024, 2025, 2026년 『세무조사... ",https://www.sejungilbo.com/news/articleView.html?idxno=59573,https://www.sejungilbo.com/news/articleView.html?idxno=59573,"Mon, 10 Aug 2026 08:02:00 +0900",2026-08-10 08:35:06
화학/소재,소재 산업,비강제 자율운항선박 코드 채택 의미와 대한민국의 역할,"스웨덴에 소재한 세계해사대학(World Maritime University)이 수행하는 것으로 논의되었다 (IMO, 2026a). 1. MASS... 중요한 것은 '산업계의 비즈니스와 국가 R&amp;D가 어떻게 적절히 균형을 이루어 시너지를 낼 수 있는가' 이며, 이... ",https://www.hdhy.co.kr/news/articleView.html?idxno=34990,https://www.hdhy.co.kr/news/articleView.html?idxno=34990,"Mon, 10 Aug 2026 08:00:00 +0900",2026-08-10 08:35:06
화학/소재,소재 산업,철강 3사 상반기 본업 성적 희비...동국제강·동국씨엠만 웃었다,"동국제강은 맞춤형 대형형강인 '디-메가빔(D-Mega Beam)'을 앞세워 AI 데이터센터와 플랜트 등 대형 산업... 포스코홀딩스의 올해 상반기 연결 매출은 이차전지소재와 인프라 등의 사업 호조로 37조1350억원, 영업이익은... ",https://www.pinpointnews.co.kr/news/articleView.html?idxno=475414,https://www.pinpointnews.co.kr/news/articleView.html?idxno=475414,"Mon, 10 Aug 2026 07:58:00 +0900",2026-08-10 08:35:06
화학/소재,소재 산업,모건스탠리 “메모리 반도체주 조정 끝...지금이 재진입 기회”,"10일 금융투자업계에 따르면, 모건스탠리는 지난 6일 발간한 보고서에서 “지금까지 메모리 산업에서... 핵심 소재가 될 것이라고 했다. 다만, 회사는 올해 4분기부터 메모리 가격 상승세가 둔화되고 재고와 공급이... ",https://www.chosun.com/economy/money/2026/08/10/SFJJLEL4LRAWNLLMRPRS63AGGE/?utm_source=naver&utm_medium=referral&utm_campaign=naver-news,https://n.news.naver.com/mnews/article/023/0003992149?sid=101,"Mon, 10 Aug 2026 07:40:00 +0900",2026-08-10 08:35:06
화학/소재,신소재 시장,"[Tech &amp; Now] 파두, 주니어 탤런트 채용으로 시스템 반도체 인재 확보 등","또 신소재를 적용한 노즐 막힘 개선 기술을 통해 기존 대비 막힘 현상을 최대 60% 개선해 소비자의 기기... 한편, 엡손은 글로벌 시장조사기관 IDC 기준 2010년부터 지난해까지 전 세계 잉크탱크 타입 복합기 및 프린터... ",https://www.ebn.co.kr/news/articleView.html?idxno=1719714,https://www.ebn.co.kr/news/articleView.html?idxno=1719714,"Mon, 10 Aug 2026 08:34:00 +0900",2026-08-10 08:35:07
화학/소재,신소재 시장,"[더벨][VC 투자기업] 로가, AI 기반 바이오 플랫폼 본격화…B2B 사업 확장","검증, 생산과 판매까지 연결할 것&quot;이라며 “로가가 축적해 온 천연물 소재 개발과 생산 경험에 AI 기술을 결합해 신소재 개발의 시행착오를 줄이고 고객사가 보다 빠르게 시장에 진입할 수 있도록 지원하겠다”고 밝혔다.",https://www.thebell.co.kr/free/content/ArticleView.asp?key=202608071450501280102030,https://www.thebell.co.kr/free/content/ArticleView.asp?key=202608071450501280102030,"Mon, 10 Aug 2026 08:32:00 +0900",2026-08-10 08:35:07
화학/소재,신소재 시장,"중진공, 성장공유형 대출로 유망 中企에 최대 20억 지원",향후 해외법인을 설립해 글로벌 시장 진출에도 나설 계획이다. 김유진 에프알텍 대표는 &quot;창업 초기에는 신소재 제품의 우수성을 인정받고 거래처를 확보하기 위한 금융 지원이 절실했다&quot;며 &quot;성장공유형 대출은 기업의... ,https://view.asiae.co.kr/article/2026081008265908950,https://n.news.naver.com/mnews/article/277/0005800720?sid=101,"Mon, 10 Aug 2026 08:26:00 +0900",2026-08-10 08:35:07
화학/소재,신소재 시장,"중진공, 성장공유형 대출로 창업 초기기업 성장 뒷받침",에프알텍은 이후 기존 철근을 대체하는 친환경 신소재인 GFRP 보강재의 기술력을 입증하고 창업 초기 13억원의 매출을 올렸다. 향후 해외법인을 설립해 글로벌 시장으로 사업 영역을 넓힐 계획이다. 김유진 에프알텍... ,https://www.pinpointnews.co.kr/news/articleView.html?idxno=475753,https://www.pinpointnews.co.kr/news/articleView.html?idxno=475753,"Mon, 10 Aug 2026 08:26:00 +0900",2026-08-10 08:35:07
화학/소재,신소재 시장,"한국엡손, 학습 맞춤형 '스터디 메이트' 에코탱크 프린터·복합기 출시","신소재 적용으로 노즐 막힘 현상을 기존 대비 최대 60% 개선해 사용 중 발생할 수 있는 불편을 줄이고, 잦은... 엡손은 글로벌 시장조사기관 IDC 기준 2010년부터 2025년까지 월드와이드 잉크탱크 타입 복합기 및 프린터 시장... ",https://view.asiae.co.kr/article/2026081008061985753,https://n.news.naver.com/mnews/article/277/0005800692?sid=101,"Mon, 10 Aug 2026 08:06:00 +0900",2026-08-10 08:35:07
화학/소재,신소재 시장,"1.1kg→560g…닥스, 비즈니스 백팩 무게 절반 줄였다","(사진=LF) LF의 닥스 액세서리가 자체 개발한 경량 신소재를 적용한 가방 라인 '에테르(AETHER)'를 선보이며 경량 비즈니스 가방 시장 공략에 나선다. 노트북과 태블릿PC, 충전기 등 직장인이 휴대하는 소지품이 늘면서... ",https://www.pinpointnews.co.kr/news/articleView.html?idxno=475734,https://www.pinpointnews.co.kr/news/articleView.html?idxno=475734,"Mon, 10 Aug 2026 08:02:00 +0900",2026-08-10 08:35:07
화학/소재,신소재 시장,‘배뇨 불편’ 잡고 ‘남성 활력’ 올리고…주목받는 참당귀황기복합물...,그동안 국내 전립선 건강기능식품 시장은 수입 원료인 ‘쏘팔메토’ 중심으로 형성돼 왔다. 그런데 최근 우리 땅의 약용작물을 활용한 차세대 신소재 원료가 개발되면서 새로운 대안에 관심이 커졌다. 전립선 비대... ,https://www.joongang.co.kr/article/25452034,https://n.news.naver.com/mnews/article/025/0003543296?sid=103,"Mon, 10 Aug 2026 05:30:00 +0900",2026-08-10 08:35:07
화학/소재,신소재 시장,[세계지식포럼 연사] 에릭 브리뇰프슨 인터뷰 전문,노동시장 경직성 AI전환 걸림돌 로봇도입은 전세계 압도적 1위지만 노동생산성은 OECD 평균 밑돌아 기술... 신약이나 신소재 발견 분야도 점차 증가하고 있다. 특히 한국은 엔지니어링 설계와 제조 품질 검사 부문에서... ,https://www.mk.co.kr/article/12122302,https://n.news.naver.com/mnews/article/009/0005718650?sid=101,"Sun, 09 Aug 2026 18:39:00 +0900",2026-08-10 08:35:07
화학/소재,신소재 시장,LFP 19만톤 날개 단 포스코퓨처엠… 에너지소재로 성장판 확장,LFP 시장에 본격 진입한 것이다. 수요처 다변화와 가동률 상승으로 수익성을 끌어올릴 기반도 갖췄다는... 씨앤피신소재테크놀로지의 LFP 공장은 2027년 양산에 들어가 생산능력을 연산 최대 5만톤까지 단계적으로... ,https://www.asiatoday.co.kr/kn/view.php?key=20260810010002797,https://www.asiatoday.co.kr/kn/view.php?key=20260810010002797,"Sun, 09 Aug 2026 17:38:00 +0900",2026-08-10 08:35:07
화학/소재,신소재 시장,삼보산업 오너 3세 이호현 &quot;친환경 ‘K-합금’ 모듈화 추진&quot;,"특히 고부가가치 경량 소재 시장을 공동으로 개척하고, 모빌리티 산업에서 요구되는 고성능 소재 경쟁력을... 전환점&quot;이라며 &quot;고부가가치 알루미늄 합금 중심의 친환경 신소재 기업으로 거듭나겠다&quot;고 말했다. 글·사진=",https://www.dt.co.kr/article/12077230?ref=naver,https://n.news.naver.com/mnews/article/029/0003041369?sid=101,"Sun, 09 Aug 2026 14:18:00 +0900",2026-08-10 08:35:07
화학/소재,신소재 시장,"양극재 3社, 2분기 나란히 흑자… 바닥 찍고 ‘턴어라운드’ 시동",피노-CNGR과 합작한 씨앤피신소재테크놀로지도 포항에서 2027년 양산을 목표로 LFP 양극재 공장을 건설하고... 인공지능(AI) 데이터센터와 재생에너지 확대로 북미 ESS 시장이 커지는 상황에서 하이니켈 중심의 제품군을... ,https://www.dnews.co.kr/uhtml/view.jsp?idxno=202608071133206330179,https://www.dnews.co.kr/uhtml/view.jsp?idxno=202608071133206330179,"Sun, 09 Aug 2026 12:40:00 +0900",2026-08-10 08:35:07
화학/소재,신소재 시장,中 7월 생산자물가 3.5%↑...상승 폭 둔화,"인공지능(AI)과 첨단 장비, 신소재 등 새로운 성장 동력의 제조 가격은 상승했다고 국가통계국은... 둥리쥐안 국가통계국 수석통계사는 이와 관련 원유 등 국제 시장가격 변동으로 국내(중국) 휘발유 가격이 전월... ",https://www.raonnews.com/news/article.html?no=60154,https://www.raonnews.com/news/article.html?no=60154,"Sun, 09 Aug 2026 12:10:00 +0900",2026-08-10 08:35:07
화학/소재,신소재 시장,"[MI 포커스]47년 철강 외길 김연선 대표 &quot;내가 키운 대한오케이스틸, 10...","사진=오시내 기자 매일일보 = 오시내 기자  |  &quot;급변하는 시장에서 안주는 곧 후퇴를 의미합니다. 힘들 때... 철강 가공 관련 기술 개발과 함께 세밀한 공정이 가능한 초고장력강 가공용 특수설비, 친환경 신소재 등 새로운... ",https://www.m-i.kr/news/articleView.html?idxno=1400228,https://www.m-i.kr/news/articleView.html?idxno=1400228,"Sun, 09 Aug 2026 12:00:00 +0900",2026-08-10 08:35:07
화학/소재,신소재 시장,"[위클리배터리] LFP로 넓히고 유럽 EV 잡는다…K-배터리, 하반기 반등 채...",전기차 시장 회복과 현지 배터리 업체들의 양산 차질을 신규 수주 기회로 연결하려는 움직임이... 포스코퓨처엠과 피노-CNGR 합작사 씨앤피신소재테크놀로지는 지난 5월 포항 영일만4일반산업단지에서 LFP 양극재 공장... ,https://www.ddaily.co.kr/page/view/2026080901131003009,https://n.news.naver.com/mnews/article/138/0002237100?sid=105,"Sun, 09 Aug 2026 06:13:00 +0900",2026-08-10 08:35:07
화학/소재,신소재 시장,"나주 빛가람혁신도시, 공공기관 2차 이전 '준비된 최적지' 부상","전력반도체와  AI, 에너지 신소재, 차세대 전력망 등 미래 핵심기술 연구를 선도하고 있다. /사진=나주시 제공... 윤병태 나주시장은 &quot;나주 빛가람혁신도시는 에너지 수도의 기반과 켄텍 중심의 산·학·연 협력체계, 훌륭한... ",https://www.pointdaily.co.kr/news/articleView.html?idxno=314788,https://www.pointdaily.co.kr/news/articleView.html?idxno=314788,"Sun, 09 Aug 2026 03:00:00 +0900",2026-08-10 08:35:07
통신/5G,통신 주가,"[미국 특징주] 개미 울린 레버리지 ETF, 월가는 매매 패턴으로 돈 번다","원문은 8월9일 블룸버그통신 기사(Leveraged ETF Boom Amps Up Wall Street Intraday Momentum Plays)입니다.  레버리지 ETF... 같은 기간 미국 대형 주가지수의 수익률은 0.4%, 샤프비율은 0.8에 그쳤다. 트레쿠르는 &quot;반도체에 특화된 장중... ",https://www.newspim.com/news/view/20260810000048,https://www.newspim.com/news/view/20260810000048,"Mon, 10 Aug 2026 08:13:00 +0900",2026-08-10 08:35:07
통신/5G,통신 주가,"[중국 특징주] 中 무어스레드 &quot;홍콩 상장, 적기에 추진&quot;",원문은 8월9일 블룸버그통신 기사(China AI Chip Designer Moore Threads Plans Hong Kong Listing)입니다.  인공지능(AI) 칩 설계업체 무어스레즈(688795)가 상하이 증시 데뷔 이후 주가가 420% 넘게 급등한 가운데 &quot;적절한 시점&quot;에... ,https://www.newspim.com/news/view/20260810000052,https://www.newspim.com/news/view/20260810000052,"Mon, 10 Aug 2026 08:13:00 +0900",2026-08-10 08:35:07
통신/5G,통신 주가,[아시아 특징주] &quot;코스피 변동성 '극악 국면'은 지난 듯&quot;,SK하이닉스 레버리지 ETF 상품별 일일 거래량 추이 [자료=블룸버그통신] 주가 급락과 규제 강화로 랠리에 이끌려 유입됐던 다수의 개인 투자자가 증시에서 이탈했다. 한국금융투자협회 자료에 따르면 이들의 계좌에서... ,https://www.newspim.com/news/view/20260810000047,https://www.newspim.com/news/view/20260810000047,"Mon, 10 Aug 2026 08:13:00 +0900",2026-08-10 08:35:07
통신/5G,통신 주가,"기지국 시대 저무나···스페이스X, 美 이통시장 정조준","스페이스X가 미국 이동통신시장 공략 의지를 밝힌 직후 AT&amp;T와 버라이즌, T모바일 등 미국 주요 통신사 주가는 일제히 하락했다. 투자자들이 기존 이동통신사의 가입자 기반이 장기적으로 위협받을 수 있다는 가능성을... ",http://www.enewstoday.co.kr/news/articleView.html?idxno=2457129,http://www.enewstoday.co.kr/news/articleView.html?idxno=2457129,"Mon, 10 Aug 2026 08:00:00 +0900",2026-08-10 08:35:07
통신/5G,통신 주가,블룸버그 &quot;레버리지 청산으로 한국증시 변동성 일단락 가능성&quot;,사진=연합뉴스  블룸버그 통신이 9일(현지시간) 한국 증시의 극심한 변동성이 레버리지 포지션 청산과... 블룸버그는 &quot;코스피의 12개월 선행 주가수익비율(PER)이 5.1 배로 사상 최저 수준에 근접했다&quot;면서도 &quot;하지만 시장... ,http://www.opinionnews.co.kr/news/articleView.html?idxno=142803,http://www.opinionnews.co.kr/news/articleView.html?idxno=142803,"Mon, 10 Aug 2026 07:50:00 +0900",2026-08-10 08:35:07
통신/5G,통신 주가,블룸버그 &quot;레버리지 청산에 韓증시 변동성 일단락 가능성&quot;,블룸버그통신의 진단이 9일(현지시가냬 진단했다. 코스피200 변동성지수(VKOSPI)는 지난 6월 29일 장중 97.99까지... 또 블룸버그는 코스피의 12개월 선행 주가수익비율(PER)이 5.1 배로 사상 최저 수준에 근접한 점을 언급하며... ,https://www.getnews.co.kr/news/articleView.html?idxno=877410,https://www.getnews.co.kr/news/articleView.html?idxno=877410,"Mon, 10 Aug 2026 07:46:00 +0900",2026-08-10 08:35:07
통신/5G,통신 주가,블룸버그 &quot;레버리지 청산에 한국증시 변동성 일단락 가능성&quot;,투자자 &quot;삼전닉스 현 주가 저렴하지만 극심한 변동성이 신중하게 해&quot;  한국 증시의 극심한 변동성이 레버리지 포지션 청산과 당국의 규제 강화로 마무리 단계에 접어들었을 수 있다고 블룸버그통신이 진단했다. 9일... ,https://www.tfmedia.co.kr/news/article.html?no=206337,https://www.tfmedia.co.kr/news/article.html?no=206337,"Mon, 10 Aug 2026 07:36:00 +0900",2026-08-10 08:35:07
통신/5G,통신 주가,"“코스피, 이제 진짜 바닥 찍었나?”…외국인 수급·주주환원 ‘반등 분...",이에 블룸버그통신은 “증시의 극심한 변동성을 키운 레버리지 중심의 과열 양상이 어느 정도 해소됐음을 시사한다”고 분석했다. 블룸버그는 코스피의 12개월 선행 주가수익비율(PER)이 5.1 배로 사상 최저 수준에... ,https://www.mk.co.kr/article/12122417,https://n.news.naver.com/mnews/article/009/0005718695?sid=101,"Mon, 10 Aug 2026 07:20:00 +0900",2026-08-10 08:35:07
통신/5G,통신 주가,"&quot;메모리주 급락 마무리&quot;‥&quot;애플, 중국 칩 테스트&quot;","이달 들어서도 메모리 반도체주가 높은 변동성을 보이는 가운데, '반도체 저승사자'로 불렸던 미... 블룸버그 통신도 한국 증시의 최근 극심한 혼란이 정점을 지나 진정 국면에 접어들었을 가능성이 있다고 분석했습니다.... ",https://imnews.imbc.com/replay/2026/nwtoday/article/6843540_37012.html,https://n.news.naver.com/mnews/article/214/0001516844?sid=104,"Mon, 10 Aug 2026 06:16:00 +0900",2026-08-10 08:35:07
통신/5G,통신 주가,"[中반도체굴기] ② 14조원 '실탄' 쥔 CXMT, 심야에도 공장 건설 속도","최근 중국 본토 증시에서 상장 첫날 주가가 466% 상승, 중국 상장사 시가총액 1위에 오른 '중국 반도체... 앞서 로이터통신도 지난 6월 소식통을 인용해 CXMT가 상하이에서 HBM 패키징 공장에 더해 D램 공장 한 곳을 건설... ",https://www.yna.co.kr/view/AKR20260808047500089?input=1195m,https://n.news.naver.com/mnews/article/001/0016241470?sid=104,"Mon, 10 Aug 2026 06:10:00 +0900",2026-08-10 08:35:07
통신/5G,통신 주가,"AI 데이터센터, 구리선 대체하는 광 상호연결 시장 폭발 전망","이 같은 기대에 힘입어 광학 부품사 루멘텀의 주가는 2026년 들어 140% 넘게 상승했고, 광통신 장비사 시에나도 2분기 매출 15억 7000만 달러(약 2조 2152억 원)를 올리며 연간 목표를 상향했다. 지정학적 변수도 명확히... ",https://www.g-enews.com/view.php?ud=202608100532224309fbbec65dfb_1,https://www.g-enews.com/view.php?ud=202608100532224309fbbec65dfb_1,"Mon, 10 Aug 2026 06:04:00 +0900",2026-08-10 08:35:07
통신/5G,5G 산업,[상반기 테크업종 리포트] ④통신,5G 보급률이 80%를 넘어서고 알뜰폰과 중저가 요금제 확산으로 통신 본업의 고성장이 어려워진 가운데... 공공·산업 전반의 AI 활용 확산에 따른 구조적 변화”라며 “중장기적으로 AI 인프라 수요가 지속 확대될... ,https://www.dnews.co.kr/uhtml/view.jsp?idxno=202608081508572440257,https://www.dnews.co.kr/uhtml/view.jsp?idxno=202608081508572440257,"Mon, 10 Aug 2026 05:40:00 +0900",2026-08-10 08:35:08
통신/5G,5G 산업,"[열린송현] 산단, AI·에너지 인프라로 새 틀 짠다","지금 창원국가산단에는 5G 특화망이, 명지녹산국가산단에는 AIDC 구축이 추진 중이다. 이와 더불어 다양한 제조 데이터를 매끄럽게 연결하기 위해 한국산업단지공단은 지난달 ‘M.AX 표준·인증센터’를 신설했다.... ",https://www.sedaily.com/article/20077286?ref=naver,https://n.news.naver.com/mnews/article/011/0004650040?sid=101,"Mon, 10 Aug 2026 05:01:00 +0900",2026-08-10 08:35:08
통신/5G,5G 산업,[차이나급보] 중국의 우주 AI 데이터 센터 프로젝트는 시작되었다,"육성하고, 산업계, 학계, 연구기관 및 응용 분야 간의 협력을 증진하는 것이다. 위성 무선 인터페이스... 예를 들어 4G에서 5G로 전환한다는 것은 코어 네트워크의 통신 용량이 충분하다면 기실 이 RAN 시스템의... ",http://www.hellodd.com/news/articleView.html?idxno=112756,http://www.hellodd.com/news/articleView.html?idxno=112756,"Sun, 09 Aug 2026 18:06:00 +0900",2026-08-10 08:35:08
통신/5G,5G 산업,[기획특집] &quot;권위·보고보다 실행&quot;… 김홍열號 '새로운 청양' 선도,"김 군수는 지역 산업의 인력난을 해소하고 지속 가능한 성장 기반을 마련하기 위해 은퇴자와 고려인 동포를... 5G 기반 AI 농업 로봇 관제센터와 실종 테스트베드를 구축하고 고추와 구기자 자동수확로봇, 자율주행 드론... ",https://www.jeonmae.co.kr/news/articleView.html?idxno=1282147,https://www.jeonmae.co.kr/news/articleView.html?idxno=1282147,"Sun, 09 Aug 2026 11:44:00 +0900",2026-08-10 08:35:08
통신/5G,5G 산업,"국립광주과학관, 청소년 AI 인재 키운다…‘여름방학 AI 탐사대’ 성료","찾아 5G 오픈 시험장과 최신 연구 성과를 살펴봤다. 지능형 모빌리티와 로봇·드론 시스템, AI 기반 제스처... 이를 통해 AI 연구와 산업 현장에서 요구되는 역량을 이해하고 향후 진로를 구체화하는 기회를 가졌다. 한... ",https://www.edaily.co.kr/news/newspath.asp?newsid=01413686645545680,https://n.news.naver.com/mnews/article/018/0006347958?sid=105,"Sun, 09 Aug 2026 11:18:00 +0900",2026-08-10 08:35:08
통신/5G,5G 산업,"에이스테크, 구조조정 끝냈다…전장·방산이 새 성장엔진",하지만 5G 구축이 어느 정도 진행된 뒤 통신업체들의 투자가 둔화하면서 상황이 급격하게 달라졌다. 전방산업의 투자 감소는 장비업체뿐 아니라 관련 부품업체에도 직접적인 영향을 미쳤다. 에이스테크 역시 매출과... ,https://www.pinpointnews.co.kr/news/articleView.html?idxno=475617,https://www.pinpointnews.co.kr/news/articleView.html?idxno=475617,"Sun, 09 Aug 2026 08:40:00 +0900",2026-08-10 08:35:08
통신/5G,5G 산업,"中, 세계 최대 희토류 매장지 ‘바얀 오보’ 생산량 50% 확대… 5억 위안...",기존 서부 탄광 증설 및 동쪽 갱도 신설… 5G 기반 지능형 채굴 시스템 도입 바오강 그룹 이사회의 승인을... 해당 구역에는 평균 품위 35% 수준의 철광석 약 6억 톤이 매장되어 있어 중국 철강 산업의 핵심 원자재 공급원... ,https://www.g-enews.com/view.php?ud=2026080817303386840c8c1c064d_1,https://www.g-enews.com/view.php?ud=2026080817303386840c8c1c064d_1,"Sun, 09 Aug 2026 05:40:00 +0900",2026-08-10 08:35:08
통신/5G,5G 산업,[테크 차이나] 中 스마트폰 가격 폭등…AI·5G로 모바일 산업 패러다임...,모바일 산업을 지배해 온 생태계 패러다임이 뿌리째 흔들리고 있다. 리처드 유(余承东) 화웨이 테크놀로지... 강점인 5G 초저지연 네트워크망과 AI 에이전트 기술 결합이다. 초저지연 전송 기술이 클라우드와 데이터... ,https://www.etnews.com/20260807000270,https://n.news.naver.com/mnews/article/030/0003455375?sid=105,"Sat, 08 Aug 2026 17:01:00 +0900",2026-08-10 08:35:08
통신/5G,5G 산업,&quot;매출보다 이익이 강하다&quot;…LG유플러스 실적 체질 바뀌나,통신업은 이미 성숙 단계에 접어든 대표적인 산업이다. 가입자 수가 폭발적으로 늘어나기 어렵고 경쟁도... 5G와 신규 통신 서비스 시장에서 경쟁이 지속되는 가운데 마케팅 비용이 다시 증가할 경우 현재의 수익성... ,https://www.pinpointnews.co.kr/news/articleView.html?idxno=475510,https://www.pinpointnews.co.kr/news/articleView.html?idxno=475510,"Sat, 08 Aug 2026 11:32:00 +0900",2026-08-10 08:35:08
통신/5G,5G 산업,"3년 만에 글로벌 1위, 로봇판 화웨이의 탄생 :애지봇(AgiBot·智元机器人...","산업용 전신 휴머노이드 로봇 '원정(远征)' 시리즈, 서비스·가정용 중형 휴머노이드 로봇 '링시(灵犀)... 화웨이가 5G 표준 선점으로 통신 패권을 노렸듯, 애지봇은 로봇 데이터 표준 선점으로 구현 AI 패권을 노리고... ",https://www.fntimes.com/html/view.php?ud=202608071731245257c1c16452b0_18,https://www.fntimes.com/html/view.php?ud=202608071731245257c1c16452b0_18,"Sat, 08 Aug 2026 06:10:00 +0900",2026-08-10 08:35:08
통신/5G,5G 산업,"통신 3사, AIDC로 실적 개선…남은 과제는 ‘수익성’",공공·산업 전반의 AI 활용 확산에 따른 구조적 변화&quot;라며 “중장기적으로 AI 인프라 수요는 지속 확대될... 연내 5G SA 상용화를 목표로 네트워크 투자도 지속하고 있다&quot;고 설명했다. KT는 다음 주 2분기 실적을... ,https://www.ekn.kr/web/view.php?key=20260807026050597,https://www.ekn.kr/web/view.php?key=20260807026050597,"Fri, 07 Aug 2026 19:28:00 +0900",2026-08-10 08:35:08
통신/5G,5G 산업,"[테크 차이나] 엔비디아, 中서 6G AI 기지국 파트너 물색…'엣지 AI' 시대...","AI 서비스가 클라우드 중심에서 스마트폰, 로봇, 자율주행차, 산업용 단말 등 수많은 엣지 디바이스로... 업계에서는 중국이 전 세계 5G 기지국 하드웨어 생산 약 60~70%를 담당하는 것으로 추산하고 있으며, 선전과... ",https://www.etnews.com/20260807000124,https://n.news.naver.com/mnews/article/030/0003455292?sid=104,"Fri, 07 Aug 2026 17:01:00 +0900",2026-08-10 08:35:08
통신/5G,5G 산업,[A 주간 서머리] 경제·산업계 &quot;삼성전자 '갤럭시 Z8' 사전 판매 신기록...,한 주간 경제·산업계는 바쁘게 돌아갔다. 한국투자증권이 올 상반기 2조원을 넘어서는 영업이익을... 2분기 모바일 부문 전체 수익은 가입회선 순증과 5G 핸드셋 가입 비중 증가에 힘입어 전년 동기 대비 0.9... ,https://www.asiaa.co.kr/news/articleView.html?idxno=257936,https://www.asiaa.co.kr/news/articleView.html?idxno=257936,"Fri, 07 Aug 2026 17:00:00 +0900",2026-08-10 08:35:08
통신/5G,5G 산업,"SK텔레콤, AIDC 투자 전문 자회사 신설...'AI 인프라 디벨로퍼'로 진화시...",SK텔레콤은 5G CAPEX사이클이 마무리 국면에 접어들면서 통신 본업은 안정적인 이익 회수 구간에 진입한... 재무 리스크 막고 주주환원 기조 유지 SK텔레콤은 최근 컨퍼런스콜을 통해 AI 활용의 전 산업 확산과 학습에서... ,http://www.lkp.news/news/articleView.html?idxno=82730,http://www.lkp.news/news/articleView.html?idxno=82730,"Fri, 07 Aug 2026 16:36:00 +0900",2026-08-10 08:35:08
통신/5G,5G 산업,"이규호 부회장, 화학 끌고 산업자재 밀고 '고부가 전략' 성과 보인다","이규호 부회장이 그룹 전략을 맡고 있는 가운데 코오롱인더스트리가 화학사업 성장과 산업자재 수익성... mPPO는 낮은 유전율과 높은 내열성을 갖춰 AI 데이터센터와 5G, 6G 통신장비 등에 활용되는 고부가 전자소재다.... ",https://www.insightkorea.co.kr/news/articleView.html?idxno=251960,https://www.insightkorea.co.kr/news/articleView.html?idxno=251960,"Fri, 07 Aug 2026 16:22:00 +0900",2026-08-10 08:35:08
통신/5G,5G 산업,"죽이야기, 대한민국 국제 병원 및 헬스테크 박람회 참가... 짜먹는 죽 자...",병원·헬스테크 산업 전문 전시회다. 죽이야기는 이번 박람회에서 장시간 공복을 유지해야 하는 건강검진... 두 제품 모두 1개당 식이섬유인 폴리덱스트로스 5g을 함유해 긴 공복 이후 곡물과 식이섬유를 보충할 수 있다.... ,http://www.beyondpost.co.kr/view.php?ud=2026080715533162318ef25b590_30,http://www.beyondpost.co.kr/view.php?ud=2026080715533162318ef25b590_30,"Fri, 07 Aug 2026 15:56:00 +0900",2026-08-10 08:35:08
통신/5G,5G 산업,"네이블, LG유플러스와 5G 특화망 고도화 사업 계약",또한 교통 인프라와 반도체 제조 현장 등 높은 안정성과 품질이 요구되는 산업 환경에서 5G 특화망 구축 레퍼런스를 확대하고 있다. 네이블 관계자는 “이번 사업은 5G 특화망이 단순한 통신망 구축을 넘어 미션크리티컬... ,https://www.etnews.com/20260807000027,https://n.news.naver.com/mnews/article/030/0003455269?sid=105,"Fri, 07 Aug 2026 15:47:00 +0900",2026-08-10 08:35:08
통신/5G,6G 개발,[中반도체굴기] ③ &quot;美제재가 키운 것만은 아냐&quot;…장기투자·인재도 동...,"적자 벗어나 실탄 확보한 中기업들…차세대 D램·HBM 개발 속도 전망 전문가들은 최근 증시에 화려하게... 분야로 6G 통신기술을 기반으로 한 우주산업과 피지컬 AI, 주문형 반도체, 의공학 관련 반도체 등을 꼽았다. 반면... ",https://www.yna.co.kr/view/AKR20260807159800083?input=1195m,https://n.news.naver.com/mnews/article/001/0016241471?sid=104,"Mon, 10 Aug 2026 06:10:00 +0900",2026-08-10 08:35:09
통신/5G,6G 개발,"[중국 특징주] 통위통신, 25% 지분 매수 '자셴통신'과 엔비디아 6G 협력...","또한 자셴통신이 향후 개발하는 6G AI-RAN 기지국이 기능, 성능, 안정성 측면에서 시장 요구를 충족할 수 있을지, 그리고 고객사의 채택을 받을 수 있을지는 여전히 상당한 불확실성이 존재한다고 덧붙였다. 미국... ",https://www.newspim.com/news/view/20260807000240,https://www.newspim.com/news/view/20260807000240,"Fri, 07 Aug 2026 09:26:00 +0900",2026-08-10 08:35:09
통신/5G,6G 개발,"&quot;엔비디아의 기지국 데이터센터, 중국과 공동개발&quot;",중국 경제매체 제몐(界面)신문​은 엔비디아가 해외 시장을 겨냥한 6G AI 기지국 개발을 위해 중국 기지국 제조업체들과 협력을 추진하고 있다고 업계 관계자들의 발언을 인용해 7일 전했다. 매체는 엔비디아의... ,https://www.ajunews.com/view/20260807084502374,https://www.ajunews.com/view/20260807084502374,"Fri, 07 Aug 2026 08:52:00 +0900",2026-08-10 08:35:09
통신/5G,6G 개발,자셴통신 “엔비디아 AI-RAN 기술팀 방문…기술 작업반 구성”,엔비디아 측은 당시 자셴통신에 CUDA 에어리얼 오픈소스 플랫폼을 활용한 AI-RAN 기지국 시스템 연구개발을 제안했다. 자셴통신은 이후 CUDA 에어리얼 생태계를 기반으로 AI 네이티브 5G·6G 기지국 기술 사전 연구와... ,https://www.tokenpost.kr/news/breaking/386362,https://www.tokenpost.kr/news/breaking/386362,"Thu, 06 Aug 2026 23:08:00 +0900",2026-08-10 08:35:09
통신/5G,6G 개발,"한양대, 과기정통부 'TLO 혁신형' 사업 양 캠퍼스 동시 선정 …총 최대 ...",교수의 '6G 이동통신 표준기술 개발 및 라이선싱' △장용우 약리학교실 교수의 '비접촉 40Hz 집속 RF 후각망울 자극 기반 심부 자극 기술' △위정재 유기나노공학과 교수의 '초소형 자성 마이크로로봇 플랫폼... ,https://www.etnews.com/20260806000367,https://n.news.naver.com/mnews/article/030/0003454993?sid=102,"Thu, 06 Aug 2026 16:59:00 +0900",2026-08-10 08:35:09
통신/5G,6G 개발,깊이가 다른 글로벌 투자 정보 GAM - 맛보기편 (8/6),"[미국 특징주] 엔비디아, 중국서 6G AI-RAN 기지국 개발 협력사 물색 엔비디아 로고 [사진=블룸버그통신] [중국 특징주] 상장 임박 '유니트리', 7일 온라인 기업설명회 개최 [사진 = 유니트리 공식 홈페이지] 중국... ",https://www.newspim.com/news/view/20260806000834,https://www.newspim.com/news/view/20260806000834,"Thu, 06 Aug 2026 16:59:00 +0900",2026-08-10 08:35:09
통신/5G,6G 개발,"[Biz-inside,China] ‘세계 광밸리’로 도약하는 中 우한...광전자정보 산...","하이테크산업개발구 가운데 4위를 유지하고 있다. 인재와 과학 혁신 역량도 탄탄하게 축적돼 있다. ◇6G 시장 선점 나선 우한, 글로벌 경쟁 주도 미래를 내다본 우한의 장기적인 산업 배치는 이제 6G라는 새로운... ",https://www.joongang.co.kr/article/25451395,https://n.news.naver.com/mnews/article/025/0003542783?sid=104,"Thu, 06 Aug 2026 16:46:00 +0900",2026-08-10 08:35:09
통신/5G,6G 개발,"中 통신사, 'AI 토큰'으로 분기 2兆 벌었다…한국도 사업화 시동",개발자를 겨냥한 코딩 플랜은 토큰이 아닌 API 호출 횟수로 과금한다. 이용 방식은 통신사가 여러 모델을... 6G에서도 통신망이 AI 데이터를 나르는 '덤파이프'로 전락할 수 있다는 우려 때문이다. 국내서도 움직임이... ,https://www.etnews.com/20260806000321,https://n.news.naver.com/mnews/article/030/0003454988?sid=105,"Thu, 06 Aug 2026 16:31:00 +0900",2026-08-10 08:35:09
통신/5G,6G 개발,"이 대통령, 한반도 평화·안정 강조 [외신에 비친 한국]","차원의 개발 계획을 추진 중이라는 소식을 전했습니다. 보도에 따르면, 정부는 우주항공청·과학기술정보통신부·국방부·방위사업청과의 협력을 통해 6G비지상망, 위성 IoT, 한국형 위성항법시스템 등을 함께 추진할... ",https://www.ktv.go.kr/content/view?content_id=759029,https://www.ktv.go.kr/content/view?content_id=759029,"Thu, 06 Aug 2026 16:30:00 +0900",2026-08-10 08:35:09
통신/5G,6G 개발,"[중국증시 마감] 혼조 마감, 폭염·전력 수요에 석탄주 강세","미국 엔비디아(NVIDIA)가 통신 사업 확대를 위해 중국 내 기지국 제조업체를 물색하고 있으며, 해외 시장 수요에 대응하는 6G 기지국 공동 개발을 추진하고 있다는 소식이 전해지면서 관련주에 투자 심리가 개선됐다.... ",https://www.newspim.com/news/view/20260806001093,https://www.newspim.com/news/view/20260806001093,"Thu, 06 Aug 2026 16:21:00 +0900",2026-08-10 08:35:09
통신/5G,6G 개발,"6G포럼, 베트남과 5G-A·6G 기술 및 국제표준 협력 추진","베트남은 5G 상용화와 6G 기술 개발을 적극 추진 중인 동남아 핵심 시장으로, 국제표준 역량 강화에 높은 관심을 보이고 있다. GSMA는 양국 이동통신 산업 간 가교 역할을 수행하며 이번 교류를 적극... ",https://www.dt.co.kr/article/12076947?ref=naver,https://n.news.naver.com/mnews/article/029/0003041090?sid=105,"Thu, 06 Aug 2026 15:39:00 +0900",2026-08-10 08:35:09
통신/5G,6G 개발,"대만, 2027년 기술예산 사상 최대 편성…소버린 AI·연산 인프라 강화","'우주계획 3기'에는 69억대만달러(약 3030억원)가 배정돼 저궤도 위성과 원격탐사 위성 개발을 지원하며, 차세대 통신 기술에는 44억대만달러(약 1940억원)를 투입해 6G와 저궤도 위성 통신 기술 확보에 나설 예정이다.... ",https://www.digitaltoday.co.kr/news/articleView.html?idxno=690566,https://www.digitaltoday.co.kr/news/articleView.html?idxno=690566,"Thu, 06 Aug 2026 15:10:00 +0900",2026-08-10 08:35:09
통신/5G,6G 개발,"6G포럼, 베트남과 5G-A·6G 글로벌 협력 본격화","베트남은 5G 상용화와 6G 기술 개발을 적극 추진 중인 동남아 핵심 시장으로, 국제표준 역량 강화에 높은 관심을 보이고 있다. GSMA는 양국 이동통신 산업 간 가교 역할을 수행하며 이번 교류를 적극... ",https://www.it-b.co.kr/news/articleView.html?idxno=89405,https://www.it-b.co.kr/news/articleView.html?idxno=89405,"Thu, 06 Aug 2026 14:56:00 +0900",2026-08-10 08:35:09
통신/5G,6G 개발,"한양대 서울·ERICA 캠퍼스, 과기정통부 ‘TLO 혁신형’ 사업 선정",서울캠퍼스는 자체 개발한 'HY Frontier ConAct' 모델을 기반으로 유망 기술 발굴과 제품화·상용화 검증... 기술 △6세대(6G) 이동통신 표준기술 △비접촉 심부 자극 기술 △초소형 자성 마이크로로봇 플랫폼 △장기... ,https://www.etoday.co.kr/news/view/2611800,https://www.etoday.co.kr/news/view/2611800,"Thu, 06 Aug 2026 14:28:00 +0900",2026-08-10 08:35:09
통신/5G,6G 개발,"TTA, 韓 6G 기술 베트남 진출 교두보 마련",향후 국제 표준 개발 공조 및 제품 상용화에 대한 심도있는 토의가 이뤄졌다. 응우옌 민 꽝 비엣텔 하이테크 회장은 “6G 시대를 준비하는 비엣텔에게 글로벌 표준을 선도하는 한국의 우수한 장비와 솔루션은 인프라... ,https://www.etnews.com/20260806000273,https://n.news.naver.com/mnews/article/030/0003454893?sid=105,"Thu, 06 Aug 2026 14:24:00 +0900",2026-08-10 08:35:09
통신/5G,6G 개발,"센서뷰, 슈어소프트테크와 국방 AI 공동개발",RF 연결 솔루션 전문기업 센서뷰가 AI 신뢰성 검증 전문기업 슈어소프트테크와 국방 AI 시스템 공동개발 및 사업화를 위한 전략적 업무협약(MOU)을 체결했다고 밝혔다. 양사는 대드론 시스템을 시작으로 로봇과 차세대 6G... ,https://www.the-stock.kr/news/articleView.html?idxno=33104,https://www.the-stock.kr/news/articleView.html?idxno=33104,"Thu, 06 Aug 2026 14:16:00 +0900",2026-08-10 08:35:09
금융,금융 주가,[핀포인트] [웹젠] 주주환원 열중…주가는 '제자리',"있지만 주가 부양 효과는 제한적이라는 평가가 나온다. 장수 지식재산권(IP)의 노후화로 본업 성장성과... 단기예금 등 기타유동금융자산까지 합산하면 유동 자금은 2900억원, 이익잉여금 잔액도 연결 기준 6814억원에... ",https://news.dealsitetv.com/articles/174055,https://news.dealsitetv.com/articles/174055,"Mon, 10 Aug 2026 08:28:00 +0900",2026-08-10 08:35:10
금융,금융 주가,[일요서울 4기 독자 위원회 1684호 모니터링] 박찬현의 횡설종설 칼럼 '...,"갑작스러운 유증 발표로 주주들은 주가 하락에 따른 손실을 볼 수밖에 없었고, 이에 더하여 울며 겨자 먹기로 유증에 참여하는 수밖에 없었습니다. 이러한 상황에서 금융감독원이 해당 유상증자에 제동을 걸고 투자자... ",https://www.ilyoseoul.co.kr/news/articleView.html?idxno=520988,https://www.ilyoseoul.co.kr/news/articleView.html?idxno=520988,"Mon, 10 Aug 2026 08:26:00 +0900",2026-08-10 08:35:10
금융,금융 주가,[김병철 칼럼⑱] ‘원리금보장’이라 믿었는데…수백억 퇴직연금이 한 ...,전체 적립금의 80% 가까이가 한 증권사가 발행한 주가연계파생결합사채(ELB)에 쏠려 있었다. 회사는 여러... 겉으로는 여러 금융기관에 나누어 맡겼지만 실제 신용위험은 한곳에 집중되어 있었다. 지난 ⑰편에서 살펴본... ,http://www.globalepic.co.kr/view.php?ud=2026081008143951607cc35ccc5c_29,http://www.globalepic.co.kr/view.php?ud=2026081008143951607cc35ccc5c_29,"Mon, 10 Aug 2026 08:22:00 +0900",2026-08-10 08:35:10
금융,금융 주가,'1주 체결 때문에..' 지옥불 맛본 SK하이닉스 주가... NXT 프리마켓 이상...,"9일 금융투자업계에 따르면 이날 오전 8시 넥스트레이드 프리마켓에서 SK하이닉스 주식 11주가 전 거래일 종가보다 29.97% 낮은 116만8000원에 체결됐다. 하한가 체결 직후 변동성완화장치(VI)가 발동됐고, 2분간... ",https://www.m-i.kr/news/articleView.html?idxno=1400225,https://www.m-i.kr/news/articleView.html?idxno=1400225,"Mon, 10 Aug 2026 08:16:00 +0900",2026-08-10 08:35:10
금융,금융 주가,레버리지 ETF 규제 시행 후 거래량 90% 급감...'풍선효과' 우려도,"지목되자, 금융당국이 단일종목 레버리지 ETF에 대한 강력한 시장 안정화 규제를 시행했다. 7월 증시 조정... 특히 주가 급락기에도 해외 ETF 주식수가 꾸준히 증가하는 등 글로벌 투자자와 국내 대안 투자자의 자금... ",https://www.mdtoday.co.kr/news/articleView.html?idxno=607822,https://www.mdtoday.co.kr/news/articleView.html?idxno=607822,"Mon, 10 Aug 2026 08:14:00 +0900",2026-08-10 08:35:10
금융,금융 주가,[오늘의 경제뉴스] 상폐 피하려 주가 '뻥튀기'…액면병합 부담 주주 몫,"500원짜리 주식 5주를 한 주로 합치면 표시되는 주가는 2,500원으로 높아져 당장은 동전주 기준을 피할 수 있기 때문이다. 10일 금융투자업계에 따르면 금융위원회가 상장폐지 개혁 방안을 발표한 지난 2월12일부터 7월... ",https://www.newsverse.kr/news/articleView.html?idxno=11145,https://www.newsverse.kr/news/articleView.html?idxno=11145,"Mon, 10 Aug 2026 08:10:00 +0900",2026-08-10 08:35:10
금융,금융 주가,'ISA 개편안' 전면 재검토…투자자 선택권 축소 논란 반영,"정부는 최근 6년간 코스피 업종별 하위 25%와 코스닥 하위 10% 수준의 저 PBR 기업을 심사 대상으로 삼았으나, 금융투자업계에서는 일부 기간만 주가를 관리해 기준을 피하는 편법이 가능하다는 지적이 제기됐다. 이에... ",https://www.cbci.co.kr/news/articleView.html?idxno=596375,https://www.cbci.co.kr/news/articleView.html?idxno=596375,"Mon, 10 Aug 2026 08:08:00 +0900",2026-08-10 08:35:10
금융,은행 산업,작년 방한객 1894만명 '역대 최대'…1인당 지출은 '19년보다 줄어,"한국은행 정선영 아태경제팀장과 김선중 조사역, 양준빈 경기동향팀 과장, 최준 차장이 5일 발표한 BOK 이슈노트 '서비스수출 관점에서 본 관광산업의 성장효과와 정책방향'에 따르면 2025년 방한 외래객은... ",https://www.datasom.co.kr/news/articleView.html?idxno=209383,https://www.datasom.co.kr/news/articleView.html?idxno=209383,"Mon, 10 Aug 2026 08:30:00 +0900",2026-08-10 08:35:10
금융,은행 산업,"고양시, 'UN 글로벌 AI 허브' 유치 속도…범시민 추진단 출범","ILO, UNDP 등 UN 산하 9개 핵심 기구와 세계은행 등 5개 다자개발은행이 참여 의사를 밝혔다. 정부는 올해 3월... 민경선 고양특례시장은 &quot;UN 글로벌 AI 허브 유치는 고양시가 첨단 AI 산업 거점으로 도약하는 발판&quot;이라며... ",https://www.sidae.com/article/2026081008063720938,https://n.news.naver.com/mnews/article/417/0001154815?sid=102,"Mon, 10 Aug 2026 08:23:00 +0900",2026-08-10 08:35:10
금융,은행 산업,고환율 장기화에 보험사 '비상'…위험관리 나서야,(사진=연합뉴스) 10일 한상용 한국금융연구원(KIF) 연구위원은 '고환율이 보험산업에 미치는 영향과 대응과제... 고환율은 수입물가를 자극해 한국은행의 기준금리 인하 결정을 주저하게 만드는 요인으로도 작용한다.... ,https://www.asiatime.co.kr/article/20260809500062,https://www.asiatime.co.kr/article/20260809500062,"Mon, 10 Aug 2026 08:16:00 +0900",2026-08-10 08:35:10
금융,은행 산업,"전북자치도, 고창 동촌 해상풍력 금융지원 체계 구축…총사업비 4000억원...",지역산업 발전 업무협약'을 체결했다. 고창 동촌 해상풍력은 고창군 상하면 용정리 일원 공유수면에 76.2MW... 신협중앙회와 우리은행은 지역경제 활성화를 위한 상생·생산적 금융 지원에 나선다. 동촌풍력발전은... ,http://www.newsmaker.or.kr/news/articleView.html?idxno=180411,http://www.newsmaker.or.kr/news/articleView.html?idxno=180411,"Mon, 10 Aug 2026 08:02:00 +0900",2026-08-10 08:35:10
금융,은행 산업,"3파전 KDB생명 인수전, 킥스 205.7% 뒤에 숨은 '마이너스 기본자본'",이 때문에 KDB생명 인수 후보들이 봐야 할 숫자는 산업은행에 지급할 주식 인수대금만이 아니다. 경과조치 없이도 버틸 수 있는 기본자본을 얼마나 새로 넣어야 하는지가 실질적인 인수비용에... ,https://www.newsfreezone.co.kr/news/articleView.html?idxno=703134,https://www.newsfreezone.co.kr/news/articleView.html?idxno=703134,"Mon, 10 Aug 2026 07:58:00 +0900",2026-08-10 08:35:10
금융,은행 산업,"모건스탠리 &quot;메모리주, 급격한 조정 국면 마무리…재진입 매력적&quot;",9일 투자은행(IB) 업계에 따르면 모건스탠리는 지난 6일 발간한 아시아 기술주 보고서 '메모리-작은 굴곡'에서 &quot;지금까지 메모리 산업에서 나타난 가장 가파른 조정은 끝난 것으로 보인다&quot;며 &quot;밸류에이션은 매력적인... ,https://www.getnews.co.kr/news/articleView.html?idxno=877411,https://www.getnews.co.kr/news/articleView.html?idxno=877411,"Mon, 10 Aug 2026 07:56:00 +0900",2026-08-10 08:35:10
금융,은행 산업,"[더벨][Company Watch] 레페리, HPE서 70억 추가 수혈…신사업 실탄 투입",◇보통주 70만6357주 인수로 70억 자금 조달…HPE 지분율 39%대로 상승 7일 유통업계와 투자은행(IB) 업계에... 뷰티 산업에 집중해 수익모델을 구축했다. 크리에이터를 섭외해 광고를 중개하는 데 그치지 않고 직접 육성... ,https://www.thebell.co.kr/free/content/ArticleView.asp?key=202608071427528960104672,https://www.thebell.co.kr/free/content/ArticleView.asp?key=202608071427528960104672,"Mon, 10 Aug 2026 07:48:00 +0900",2026-08-10 08:35:10
금융,은행 산업,"고양시, UN 글로벌 AI 허브 유치 추진… ‘범시민 추진단’ 꾸린다","세계은행(WB) 등 5개 다자개발은행(MDB)이 참여 의사를 밝혔다. 정부는 지난 3월 국제노동기구(ILO) 등 6개 UN... 첨단산업단지 일산테크노밸리가 2027년 준공 예정이며 고양방송영상밸리, IP융복합 콘텐츠 클러스터, 킨텍스... ",https://www.munhwa.com/article/11608293?ref=naver,https://n.news.naver.com/mnews/article/021/0002810201?sid=102,"Mon, 10 Aug 2026 07:42:00 +0900",2026-08-10 08:35:10
금융,핀테크 시장,달러 방어막인 줄 알았는데… 로컬 스테이블코인이 당긴 경제 시한폭탄,"9일(현지시간) 가상자산 업계에 따르면 각국 정부와 핀테크 기업들은 자국 통화에 연동된 로컬... 가상자산 시장 분석가는 &quot;로컬 스테이블코인은 자국 통화의 디지털화를 이끌어낸 듯 보이지만, 실상은 달러라는... ",https://www.pinpointnews.co.kr/news/articleView.html?idxno=475723,https://www.pinpointnews.co.kr/news/articleView.html?idxno=475723,"Mon, 10 Aug 2026 07:32:00 +0900",2026-08-10 08:35:11
금융,핀테크 시장,[더벨][thebell interview | 건설부동산 AX 기업 돋보기] 김기태 데브디 ...,◇부동산 핀테크 시장 주목한 '연쇄 창업가' 1993년 김 대표는 영국 셰필드대학교에서 법학을 전공했다. 유학 시절 현지 생활정보 부족을 직접 경험한 뒤 한국인 유학생을 위한 온라인 미디어와 교육 콘텐츠를 운영했고... ,https://www.thebell.co.kr/free/content/ArticleView.asp?key=202607301357493600108212,https://www.thebell.co.kr/free/content/ArticleView.asp?key=202607301357493600108212,"Mon, 10 Aug 2026 07:12:00 +0900",2026-08-10 08:35:11
금융,핀테크 시장,"[더벨][건설부동산 AX 기업 돋보기] '집업페이' 데브디, 월세 넘어 기업...","김 대표는 &quot;프롭테크와 핀테크는 같은 부동산 시장을 바라보면서도 그동안 연결성이 부족했다&quot;며 &quot;데브디는 결제와 송금, 정산을 중심으로 부동산과 금융을 연결하는 인프라 기업, 나아가 부동산 업계의 페이팔로... ",https://www.thebell.co.kr/free/content/ArticleView.asp?key=202607291518540040103726,https://www.thebell.co.kr/free/content/ArticleView.asp?key=202607291518540040103726,"Mon, 10 Aug 2026 07:02:00 +0900",2026-08-10 08:35:11
금융,핀테크 시장,주식이 24시간 돌아간다… 올해 4배 불어난 '토큰 주식'의 정체,주식을 블록체인 기반의 토큰으로 만들어 24시간 실시간 거래하는 '토큰 주식' 시장이 빠르게 커지고... 관련 인프라를 구축하려는 금융·핀테크 기업들의 움직임도 빨라지고 있다. 지난달 초 로빈후드는 RWA를... ,https://www.pinpointnews.co.kr/news/articleView.html?idxno=475706,https://www.pinpointnews.co.kr/news/articleView.html?idxno=475706,"Mon, 10 Aug 2026 06:38:00 +0900",2026-08-10 08:35:11
금융,핀테크 시장,은행 문 닫아도 즉시 대금 결제...하루 10억弗 거래되는 ‘씨티 예금토...,글로벌 핀테크 기업 페이오니아도 씨티의 예금토큰을 이용하고 있다. 금융시장 마감 이후에도 담보와 결제 자금을 이동할 수 있다는 점이 기업과 금융기관의 수요를 끌어내고 있다는 설명이다. 씨티는 90개국 이상에... ,https://www.sedaily.com/article/20077419?ref=naver,https://n.news.naver.com/mnews/article/011/0004650061?sid=101,"Mon, 10 Aug 2026 06:10:00 +0900",2026-08-10 08:35:11
금융,핀테크 시장,"카카오, '슈퍼월렛' 꿈꾸지만… 디지털자산 생태계 구축 하세월","최근 플랫폼을 비롯해 은행, 카드, 증권, 핀테크, 가상자산거래소 등이 잇따라 파트너를 찾는 것도 이러한... 금융권 관계자는 &quot;향후 디지털자산 시장에서는 결국 얼마나 많은 이용자를 확보하고 생태계를 구축하느냐가... ",https://it.chosun.com/news/articleView.html?idxno=2023092167537,https://it.chosun.com/news/articleView.html?idxno=2023092167537,"Mon, 10 Aug 2026 06:10:00 +0900",2026-08-10 08:35:11
금융,핀테크 시장,"네이버-두나무, 혁신 디지털금융 청사진… 대기업도 관심 [거래소 판도...",공정위는 두나무와 네이버의 결합이 관련 시장의 경쟁을 제한할 가능성이 있는지 면밀히 들여다보고 있다.... 네이버도 핀테크를 미래 성장산업으로 점찍어 놓고 있지만 해당 부문의 비중이 최근 5년간 10%대 중반에... ,https://it.chosun.com/news/articleView.html?idxno=2023092166802,https://it.chosun.com/news/articleView.html?idxno=2023092166802,"Mon, 10 Aug 2026 06:00:00 +0900",2026-08-10 08:35:11
금융,핀테크 시장,"AI 시대, 은행의 진짜 자산은 '데이터'다?",데이터 경쟁은 핀테크 기업에서 더욱 빠르게 나타나고 있다. 카카오페이는 간편결제와 송금으로 확보한 고객... 고객 데이터를 가장 정확하게 연결하고 분석해 실질적인 금융 혜택으로 전환하는 기업이 AI 시대 금융시장의... ,https://www.lcnews.co.kr/news/articleView.html?idxno=206224,https://www.lcnews.co.kr/news/articleView.html?idxno=206224,"Mon, 10 Aug 2026 06:00:00 +0900",2026-08-10 08:35:11
금융,핀테크 시장,"김지원 아주IB투자 대표, 엠비디 등 IPO 채비·국민성장펀드 결성 [VC 202...","아주IB투자 관계자는 &quot;높은 구매력의 내수 시장을 보유해 한국 B2B SaaS, 핀테크 등의 이식에 유리 할 것으로 판단되며, 일본 정부가 추진 중인 '스타트업 5개년 계획' 등 수십조 원 단위의 정책 자금 공급으로 인해... ",https://www.fntimes.com/html/view.php?ud=202608072351085001dd55077bc2_18,https://www.fntimes.com/html/view.php?ud=202608072351085001dd55077bc2_18,"Mon, 10 Aug 2026 00:02:00 +0900",2026-08-10 08:35:11
금융,핀테크 시장,[스테이블코인법 임박-下] 원화코인 '쩐의 전쟁' 서막…세계는 이미 'AI...,"원화 스테이블코인 시장의 문이 열리기 전부터 국내 금융·플랫폼 업계의 주도권 경쟁이 달아오르고 있다.... 은행 중심 컨소시엄에 발행 자격을 부여할지, 핀테크 등 비은행 사업자에도 허용할지를 두고 입장이... ",https://www.startuptoday.co.kr/news/articleView.html?idxno=809146,https://www.startuptoday.co.kr/news/articleView.html?idxno=809146,"Mon, 10 Aug 2026 00:00:00 +0900",2026-08-10 08:35:11
금융,핀테크 시장,[미리보는 이데일리 신문]전력망 시급한데…받은 예산도 못 썼다,"채권시장 경고음…美빅테크도 속도조절 -워런 버핏이 쌓아둔 현금 500조원…그렉 아벨, 주식·자사주... 굳힌다 -핀테크 ‘핑거’, 로봇기업 160억에 인수 -주방에 가전이 안보인다…한샘의 인테리어 혁신 -종기부... ",https://www.edaily.co.kr/news/newspath.asp?newsid=02765046645545680,https://n.news.naver.com/mnews/article/018/0006348370?sid=101,"Sun, 09 Aug 2026 21:02:00 +0900",2026-08-10 08:35:11
금융,핀테크 시장,"깜깜이 데이터 수집은 차단하되, 혁신의 길은 열어야 [김현아의 IT세상...","실제로 네이버(NAVER(035420))와 카카오(035720), 토스 등 국내 주요 플랫폼·핀테크 기업의 성장 과정에서 스크래핑이 혁신 서비스의 기반으로 활용된 것도 사실이다. 이미 시장에 진입해 규모를 키운 기업과 이제 막 데이터... ",https://www.edaily.co.kr/news/newspath.asp?newsid=02728966645545680,https://n.news.naver.com/mnews/article/018/0006348359?sid=105,"Sun, 09 Aug 2026 19:07:00 +0900",2026-08-10 08:35:11
금융,핀테크 시장,"현금처럼 쓴다…씨티 예금토큰, 하루 10억弗 결제 [리빌딩 파이낸스 202...",5개 시장에서 하루 10억 달러 이상의 거래를 처리하고 있다”며 “(CTS 도입 후) 기업들은 국가별 영업시간에... 예금을 기반으로 한다는 점에서 테더나 서클 같은 가상화폐 기업이나 핀테크 업체가 국채나 현금을... ,https://www.sedaily.com/article/20077391?ref=naver,https://n.news.naver.com/mnews/article/011/0004650002?sid=101,"Sun, 09 Aug 2026 18:17:00 +0900",2026-08-10 08:35:11
금융,핀테크 시장,뉴욕 가상자산사업자 면허 딴 마스터카드…스테이블코인 직접 정산,콜롬비아 핀테크 ‘달러앱’과 함께 유에스디코인(USDC)을 활용한 첫 거래를 완료했으며 현재 브라질과... 마스터카드가 스테이블코인 지원 확대에 속도를 내는 배경에는 AI 결제 시장을 차세대 성장동력으로 키우겠다는... ,https://www.sedaily.com/article/20077365?ref=naver,https://n.news.naver.com/mnews/article/011/0004649976?sid=101,"Sun, 09 Aug 2026 17:53:00 +0900",2026-08-10 08:35:11
금융,핀테크 시장,"[강현철의 뉴스 솎아내기] 머스크 ‘X머니’, 국경없는 금융 열다","따라서 X머니는 초기 국내 시중은행이나 네이버페이, 카카오페이 등 기존 핀테크 강자들과의 합작 법인 형태로 우회 진입을 시도할 가능성이 있다. 만약 X머니가 국내 시장에 안착할 경우, 이용자를 빼앗기지 않으려는... ",https://www.dt.co.kr/article/12077284?ref=naver,https://n.news.naver.com/mnews/article/029/0003041421?sid=110,"Sun, 09 Aug 2026 16:58:00 +0900",2026-08-10 08:35:11
금융,핀테크 시장,MCP — AI 도구 연동의 표준화…하나의 언어로 연결된다,"포항 죽도시장 인근에서 반찬가게를 운영하는 김미순(가명·52)씨는 요즘 스마트폰 하나로 재고 관리부터... 공동 설립에는 앤트로픽·오픈AI·핀테크 기업 블록(Block)이 참여했고, 구글·마이크로소프트·AWS... ",https://www.kbmaeil.com/article/20260809500554,https://www.kbmaeil.com/article/20260809500554,"Sun, 09 Aug 2026 16:44:00 +0900",2026-08-10 08:35:11
금융,핀테크 시장,"[정유신의 핀테크스토리]조각 투자 성공, 발행보다 유통에 달렸다","우리나라 토큰 증권 시장은 아직 준비 단계다. 2026년 전자증권법과 자본시장법 개정으로 분산 원장을 증권계좌부로 활용할 법적 기반이 마련됐지만, 시행은 2027년 2월 4일이다. 현재 발행·거래되는 부동산·음원 수익증권은... ",https://www.etnews.com/20260809000060,https://n.news.naver.com/mnews/article/030/0003455502?sid=110,"Sun, 09 Aug 2026 16:01:00 +0900",2026-08-10 08:35:11
리츠/부동산,리츠 주가,돈은 넘치는데 조달 문턱은 깐깐…마지막 보루 유증마저 '고구마',주주가치 제고 등이 명확하게 명시된 경우가 많다&quot;며 &quot;기업과 투자자의 자율에 맡겨져야 할 자본 조달이... 하지만 올해 제이알글로벌리츠와 JTBC 등 전단채 디폴트 사태가 발생하면서 불안전한 채권을 찾는 회사가... ,https://www.mt.co.kr/stock/2026/08/10/2026080718115543398,https://n.news.naver.com/mnews/article/008/0005397532?sid=101,"Mon, 10 Aug 2026 06:00:00 +0900",2026-08-10 08:35:11
리츠/부동산,리츠 주가,"[A 증권가 소식] 삼성증권, 연금저축 거래 수수료 낮춰 고객 자산 운용...",삼성증권은 연금저축계좌 내 ETF 및 리츠 온라인 거래 수수료 우대 혜택을 오는 2026년 12월 31일까지... 교보증권은 KOSPI200 지수를 기초자산으로 하는 주가연계파생결합사채(ELB)를 오는 10일까지 공모한다고 밝혔다. 이번... ,https://www.asiaa.co.kr/news/articleView.html?idxno=258085,https://www.asiaa.co.kr/news/articleView.html?idxno=258085,"Sat, 08 Aug 2026 09:06:00 +0900",2026-08-10 08:35:11
리츠/부동산,리츠 주가,“예비 은퇴자도 주식 비중을 80%로 올리세요”[은퇴 레시피],"자신은 주가가 떨어지면 힘들어하는 보수적 투자자인데 테마형 ETF가 좋다고 해서 사는 것은 피해야 한다.... 지수형, 성장주, 배당주, 채권형, 금리형, 리츠 등 다양한 자산의 묶음이 가능해 개별 종목들로는 불가능한... ",https://www.donga.com/news/Economy/article/all/20260807/134439607/2,https://n.news.naver.com/mnews/article/020/0003739418?sid=101,"Sat, 08 Aug 2026 01:42:00 +0900",2026-08-10 08:35:11
리츠/부동산,리츠 주가,"[증권픽] 키움증권, 트래블월렛과 디지털 자산·금융상품 협력 외","하는 주가연계파생결합사채(ELB)를 오는 10일까지 공모한다고 7일 밝혔다. 이번에 공모하는 ELB는 3년 만기... [사진=삼성증권] ◆ 삼성증권, 'ETF·리츠 온라인 거래수수료 혜택' 이벤트 삼성증권은 연금저축계좌 이용... ",http://www.newsian.co.kr/news/articleView.html?idxno=93457,http://www.newsian.co.kr/news/articleView.html?idxno=93457,"Fri, 07 Aug 2026 17:56:00 +0900",2026-08-10 08:35:11
리츠/부동산,리츠 주가,[증권 NOW] 삼성증권·교보증권,"■ 삼성증권, 연금저축계좌 'ETF·리츠 온라인 거래수수료 혜택' 이벤트 진행 삼성증권이 연금저축계좌... 교보증권이 KOSPI200 지수가 기초자산인 ELB(주가연계파생결합사채)를 오는 10일까지 공모한다고 7일 밝혔다.... ",http://www.wikileaks-kr.org/news/articleView.html?idxno=190708,http://www.wikileaks-kr.org/news/articleView.html?idxno=190708,"Fri, 07 Aug 2026 17:38:00 +0900",2026-08-10 08:35:11
리츠/부동산,리츠 주가,"[증권UP+] 수수료↓, 상품 경쟁↑··· 고객 잡기 나선 금투업계","삼성증권, 'ETF·리츠 온라인 거래수수료 혜택' 이벤트 진행 7일 금융투자업계에 따르면 삼성증권이... 신한자산운용, 팔란티어 커버드콜 ETF 2종 주목 팔란티어의 2분기 실적 호조와 주가 상승에 힘입어 신한자산운용의... ",https://www.smartbizn.com/news/articleView.html?idxno=150713,https://www.smartbizn.com/news/articleView.html?idxno=150713,"Fri, 07 Aug 2026 17:00:00 +0900",2026-08-10 08:35:11
리츠/부동산,리츠 주가,"삼성증권, 연금저축계좌 ETF·리츠 온라인 거래수수료 이벤트 外","삼성증권, 연금저축계좌 ETF·리츠 온라인 거래수수료 혜택 제공 삼성증권이 연금저축계좌 내 ETF와 리츠... 교보증권, KOSPI200 기초자산 원금지급형 ELB 공모 교보증권이 KOSPI200 지수를 기초자산으로 하는 주가연계파... ",https://www.rcast.co.kr/news/articleView.html?idxno=31423,https://www.rcast.co.kr/news/articleView.html?idxno=31423,"Fri, 07 Aug 2026 16:26:00 +0900",2026-08-10 08:35:11
리츠/부동산,리츠 주가,[골든크로스 종목] 팬오션·기업은행·E1 진시스템· 유비온 주목,한화리츠와 신한서부티엔디리츠가 동시에 골든크로스 명단에 포함되면서 금리와 배당에 민감한 리츠 시장에서도 종목별 주가 흐름에 변화가 나타나고 있음을 보여준다. 수산아이앤티와 미래생명자원도 골든크로스... ,https://www.pinpointnews.co.kr/news/articleView.html?idxno=475396,https://www.pinpointnews.co.kr/news/articleView.html?idxno=475396,"Fri, 07 Aug 2026 16:10:00 +0900",2026-08-10 08:35:11
리츠/부동산,리츠 주가,"생산적금융 ISA 혜택에 분리과세 문턱 낮아져, 얼어붙은 상장리츠 정책...",특히 상장리츠 주가가 4월 제이알글로벌리츠의 채무불이행 사태를 계기로 기점 약세를 보이며 배당수익률이 높아진 상황에서 세금 부담까지 줄어들면 리츠의 투자 매력은 더 높아진다. 정병윤 한국리츠협회 회장은 6일... ,https://www.businesspost.co.kr/BP?command=article_view&num=444233,https://www.businesspost.co.kr/BP?command=article_view&num=444233,"Fri, 07 Aug 2026 15:54:00 +0900",2026-08-10 08:35:11
리츠/부동산,리츠 주가,[여의도단신]삼성증권·교보증권·신한자산운용,"◆삼성증권, 연금저축계좌 'ETF·리츠 온라인 거래수수료 혜택' 이벤트 삼성증권은 연금저축계좌 이용... ◆교보증권, 연 7.4% ELB 공모…코스피200 기초자산 교보증권은 코스피200 지수를 기초자산으로 하는 주가연계파... ",https://www.imaeil.com/page/view/2026080714204811361,https://n.news.naver.com/mnews/article/088/0001022628?sid=101,"Fri, 07 Aug 2026 14:52:00 +0900",2026-08-10 08:35:11
리츠/부동산,리츠 주가,"금융투자 판도, 장기 연금과 단기 자금의 동시 부상",삼성증권은 연금저축계좌 고객을 대상으로 'ETF·리츠 온라인 거래수수료 혜택' 이벤트를 2026년 12월... 미국 AI 소프트웨어 기업 팔란티어가 시장 예상을 웃도는 2분기 실적을 발표한 뒤 주가가 급등하면서... ,https://www.pressman.kr/news/articleView.html?idxno=103076,https://www.pressman.kr/news/articleView.html?idxno=103076,"Fri, 07 Aug 2026 13:42:00 +0900",2026-08-10 08:35:11
리츠/부동산,리츠 주가,8월 6일 주식시장 주요공시,"66%) ▶이지스레지던스리츠, 2026년(1~6월) 연결기준 매출액 235.94억원(전년대비 +42.88%), 영업이익... (관리종목지정우려종목)(주가 1,000원 미달) ▶썸에이지, 시가총액 미달로 관리종목 지정 ▶쎄노텍... ",https://www.catchnews.kr/news/articleView.html?idxno=127063,https://www.catchnews.kr/news/articleView.html?idxno=127063,"Fri, 07 Aug 2026 08:47:00 +0900",2026-08-10 08:35:11
리츠/부동산,리츠 주가,"[가비아 M&amp;A] 극단의 밸류 산정…맥쿼리 '미래가치 패싱', 미리캐피탈 '...",적정 주가는 6만6200원으로 산정된다고 밝혔다. 여기에 가비아와 KINX가 보유한 비핵심 부동산 자산 가치를... 글로벌 시장에서 에퀴닉스와 디지털리얼티 등 순수 데이터센터 리츠·인프라 기업들의 EV/EBITDA 멀티플은... ,https://www.bloter.net/news/articleView.html?idxno=670217,https://n.news.naver.com/mnews/article/293/0000088740?sid=101,"Fri, 07 Aug 2026 08:00:00 +0900",2026-08-10 08:35:11
리츠/부동산,리츠 주가,"[N2 모닝 경제 브리핑-8월 7일] 美 증시, 이란 ‘호르무즈 통항 제한’ ...",않으면서 주가가 강세를 나타냈다. 보호예수 해제에 대한 우려가 주가에 선반영됐다는 분석도... 메리츠금융지주 : 자회사 메리츠화재가 1주당 2377원 현금배당 결정 - 대우건설 : 3556억200만원 규모... ,https://www.news2day.co.kr/article/20260806500078,https://www.news2day.co.kr/article/20260806500078,"Fri, 07 Aug 2026 06:24:00 +0900",2026-08-10 08:35:11
리츠/부동산,리츠 주가,"한화리츠, 공정가치 평가 도입…'저평가' 해소 승부수",&quot;자산가치 반영 통해 주가 개선 기대&quot; 한화리츠가 오는 10월 시작되는 10기부터 공정가치 평가제도를 도입한다. 취득원가 중심 회계 처리로는 자산 가치가 재무제표에 충분히 반영되지 않는다는 판단에서다. 투자자에게... ,https://dealsite.co.kr/articles/166722,https://dealsite.co.kr/articles/166722,"Thu, 06 Aug 2026 17:52:00 +0900",2026-08-10 08:35:11
리츠/부동산,리츠 주가,"[뉴공 아카이브]퍼니포: 민주당, ‘주가 누르기 방지법’ 정부안 재검토...","▶김어준 : (웃음) 재경부가 낸 정부안이 있는데 이거 주가 누르기를 없애려고 하는 게 아니라 주가 누르기를... 있지.홍사훈 : 그리고 어제 말한 이광수 대표가 말했듯이 그 토지, 부동산을 리츠로 국민펀드로 만들자. 아마... ",http://www.ddanzi.com/891090186,http://www.ddanzi.com/891090186,"Thu, 06 Aug 2026 11:16:00 +0900",2026-08-10 08:35:11
리츠/부동산,리츠 주가,8월 5일 주식시장 주요공시,"종속회사 Unichem Merger Sub,Inc., Loomia Technologies,Inc.와 합병(합병기일:2026-10-15) ▶SK리츠, 2025년(03월결산)... ,LTD)) ▶상보, 최대주주가 주식회사 레이노 코리아외3명(김현철,이홍민,김형규)로 변경... ",https://www.catchnews.kr/news/articleView.html?idxno=127009,https://www.catchnews.kr/news/articleView.html?idxno=127009,"Thu, 06 Aug 2026 08:47:00 +0900",2026-08-10 08:35:11
리츠/부동산,리츠 주가,[분석] IPO 가뭄 길어진다…증권사 IB도 '대어' 실종에 땀 줄줄,"중소형 공모주를 중심으로 청약 흥행은 이어지고 있지만 정작 공모 규모는 크게 줄었고, 상장 이후 주가... ■ 중소형 공모 흥행에도…공모 규모는 반토막 7월 스팩과 리츠를 제외한 신규 상장 기업은 매드업과... ",https://www.startuptoday.co.kr/news/articleView.html?idxno=808845,https://www.startuptoday.co.kr/news/articleView.html?idxno=808845,"Thu, 06 Aug 2026 04:50:00 +0900",2026-08-10 08:35:11
리츠/부동산,리츠 주가,SK디앤디 공개매수 진행하다가 갑자기 유증…한앤컴퍼니 행보에 뒷말 까...,"SK디앤디 주가는 지난해 10월 주당 1만 2750원에 공개매수한다고 밝힌 이후 1만 3000원 안팎에서 움직이다가... SK디앤디 사정에 정통한 한 관계자는 “제이알글로벌리츠, 중앙미디어그룹 등의 회생절차 신청으로 BBB급... ",https://ilyo.co.kr/?ac=article_view&entry_id=512158,https://ilyo.co.kr/?ac=article_view&entry_id=512158,"Wed, 05 Aug 2026 17:22:00 +0900",2026-08-10 08:35:11
리츠/부동산,리츠 주가,"[자산관리와 절세] 흔들리는 국장, 지갑을 지킬 'ETF 배당주 절세 전략'",주가가 거세게 흔들리더라도 주기적인 분배금(배당금)이 들어와 멘탈을 지켜준다는 뜻이다. 또 강력한... 첫째로 ISA는 글로벌 고배당 ETF나 리츠(REITs) 투자의 필수 관문이다. ISA 안에서 발생한 순이익은 일반형 기준... ,https://theviewers.co.kr/View.aspx?No=4174782,https://theviewers.co.kr/View.aspx?No=4174782,"Wed, 05 Aug 2026 10:08:00 +0900",2026-08-10 08:35:11
리츠/부동산,부동산 시장,[기자수첩] 돌고 돌아 다시 부동산,반면 서울 부동산 시장은 규제에도 좀처럼 꺾이지 않았다. 공급 부족 우려와 집값 상승 기대심리가 시장을 떠받치면서 서울 아파트값은 이재명 정부 출범 이후 가파른 상승세를 이어갔다는 분석도 나왔다. 대출과 세제를... ,https://dealsite.co.kr/articles/166753,https://dealsite.co.kr/articles/166753,"Mon, 10 Aug 2026 08:22:00 +0900",2026-08-10 08:35:12
리츠/부동산,부동산 시장,"&quot;헬기 타고 땅 찾겠다&quot;던 이 대통령, 이르면 12일 공급 대책 발표",▶ 스탠딩 : 선한빛 / 기자 - &quot;부동산 시장 불안으로 민심의 흐름이 좋지 않은 상황에서 곧 나올 공급 대책에 여론의 관심이 쏠리고 있습니다. MBN 뉴스 선한빛입니다.&quot; 영상취재 : 문진웅 기자 영상편집 : 한남선,http://www.mbn.co.kr/pages/news/newsView.php?news_seq_no=5211310,https://n.news.naver.com/mnews/article/057/0001962817?sid=100,"Mon, 10 Aug 2026 08:19:00 +0900",2026-08-10 08:35:12
리츠/부동산,부동산 시장,HUG 부동산 PF 보증 잔액 급증...위험 관리 필요성 부각,정책적으로 보면 HUG 보증 확대는 민간 자금 조달이 경색된 부동산 금융 시장에서 공급 차질을 막기 위한 대응으로 읽힌다. 하지만 공적 보증은 시장 불안을 완화하는 대신 공기업 재무 부담을 나중에 키울... ,https://www.tokenpost.kr/news/economy/387268,https://www.tokenpost.kr/news/economy/387268,"Mon, 10 Aug 2026 07:58:00 +0900",2026-08-10 08:35:12
리츠/부동산,부동산 시장,"[정지서의 조곤조곤] 집값은 하나, 정책은 여러 곳",부동산 시장이 불안해지면 대통령이 직접 나서 관계부처를 불러 모으는 풍경도 이제 낯설지 않다. 이재명 대통령은 7박 11일의 미국·남미 순방에서 돌아온 당일 서울공항에서 헬기를 타고 청와대로 향했다. 그리고 무려... ,https://news.einfomax.co.kr/news/articleView.html?idxno=4429306,https://news.einfomax.co.kr/news/articleView.html?idxno=4429306,"Mon, 10 Aug 2026 07:58:00 +0900",2026-08-10 08:35:12
리츠/부동산,부동산 시장,세 부담 커지자 지방 매물 증가 … &quot;다주택자 처분 땐 지방 침체 장기화...,실거주 중심으로 종합부동산세 부담을 차등화한 세제 개편이 다주택자의 지방 주택 처분을 자극할 경우 수요가 약한 지방 부동산 시장의 침체가 장기화할 수 있다는 우려가 나온다. 10일 부동산 빅데이터 플랫폼 아실에... ,http://www.queen.co.kr/news/articleView.html?idxno=461435,http://www.queen.co.kr/news/articleView.html?idxno=461435,"Mon, 10 Aug 2026 07:36:00 +0900",2026-08-10 08:35:12
리츠/부동산,부동산 시장,'취임 후 최저'…부동산·증시 등 경제 박탈감 커졌다,"이와 관련해 배종찬 인사이트케이 소장은 &quot;30대는 공정성을 가장 많이 의식하는 세대로, 주식 시장이나 부동산으로 이익을 얻지 못한 일부는 박탈감을 크게 느끼기 때문에 (이번 여론조사는) 그 분노가 확인된 것으로... ",https://weekly.hankooki.com/news/articleView.html?idxno=7177645,https://weekly.hankooki.com/news/articleView.html?idxno=7177645,"Mon, 10 Aug 2026 07:30:00 +0900",2026-08-10 08:35:12
리츠/부동산,부동산 시장,"[스타트 경제] 정부, 'ISA·주가누르기' 재검토 착수...부동산 세제까지...","그것보다 지금의 부동산시장 불안을 가라앉히기 위해서 역시 공급이 제일 중요할 것 같습니다. 공급대책, 지금 준비하고 있다고 하는데 어떤 내용이 담길 걸로 예상하십니까? [석병훈] 지금 언론의 보도를 통해서 나오는... ",https://www.ytn.co.kr/_ln/0102_202608100729269411,https://n.news.naver.com/mnews/article/052/0002391104?sid=101,"Mon, 10 Aug 2026 07:29:00 +0900",2026-08-10 08:35:12
리츠/부동산,부동산 시장,[김인만 칼럼] 세제개편이 뒤흔든 부동산시장 어디로 가나?,1세대 1주택 종합부동산세 과세대상을 공시가격 12억원에서 14억원으로 상향조정해 시가 약 20억원 이하... 세부담이 크게 늘어날 것으로 예상이 되는 강남3구 고가 아파트 시장은 장기 보유한 고령자의 급매물이 나오면서... ,https://www.polinews.co.kr/news/articleView.html?idxno=739626,https://www.polinews.co.kr/news/articleView.html?idxno=739626,"Mon, 10 Aug 2026 07:13:00 +0900",2026-08-10 08:35:12
리츠/부동산,부동산 시장,"[Invest]금융지주 CEO 3연임 제한, 이사회 '면죄부' 될 수도","최근에는 변동성이 커진 증시 대응과 부동산 시장 연착륙 등 시급한 현안에 밀려, 지배구조 개선 논의 자체가 당국의 우선순위에서 뒷전으로 밀려났다는 분석이 나온다.개선 논의는 장기 재임한 최고경영자(CEO)가 이사회... ",https://www.investchosun.com/site/data/html_dir/2026/08/07/2026080780019.html,https://www.investchosun.com/site/data/html_dir/2026/08/07/2026080780019.html,"Mon, 10 Aug 2026 07:02:00 +0900",2026-08-10 08:35:12
리츠/부동산,부동산 시장,"'서울대첩 0등 공신' 김재섭, 오늘 오전 10시 '데일리안TV' 전격 출연","김 의원은 맹활약을 펼쳤던 지난 6·3 서울시장 선거 과정을 회고함과 동시에, 이재명 정권의 부동산·주식시장 실정을 비판함으로써 국민의힘 대표 '저격수'이자 '전략자산'으로서의 면모를 보여줄 예정이다. 김재섭... ",https://www.dailian.co.kr/news/view/1676446/?sc=Naver,https://n.news.naver.com/mnews/article/119/0003120002?sid=100,"Mon, 10 Aug 2026 07:00:00 +0900",2026-08-10 08:35:12
리츠/부동산,부동산 시장,"전임 국회의장 우원식의 쓴소리 “민주당 전대, 이대로는 안 된다”","지난 1년간 이재명 정부가 주식시장이나 부동산, AI까지 새로운 비전을 만들면서 성장에 방점을 찍고 성과를 만들고 있다. 이런 상황에서 민주당은 그걸 지원하면서도 그로 인한 성과가 일부에게만 가는 게 아니라 전... ",https://www.sisain.co.kr/news/articleView.html?idxno=58291,https://n.news.naver.com/mnews/article/308/0000038613?sid=100,"Mon, 10 Aug 2026 06:51:00 +0900",2026-08-10 08:35:12
리츠/부동산,부동산 시장,주담대 막혀도 '25억 아파트' 척척…결국 살 사람은 샀다 [시장톡],한 부동산 시장 전문가는 &quot;초고가 부동산 시장은 '그들만의 리그'에 해당한다&quot;며 &quot;과거에도 그랬지만 대출 규제가 시행된 이후엔 시장 문턱이 더욱 높아진 상황&quot;이라고 평가했습니다. 다만 최근 정부가 발표한... ,https://www.hankyung.com/article/2026080701416,https://n.news.naver.com/mnews/article/015/0005318936?sid=101,"Mon, 10 Aug 2026 06:31:00 +0900",2026-08-10 08:35:12
리츠/부동산,부동산 시장,"“하이닉스 용인공장 준공 눈앞인데”…직원 1만명, 잘 곳이 마땅찮다",부동산 시장에서 SK하이닉스 셔틀버스 노선과 가까운 단지들은 ‘셔세권’으로 불리며 가격 형성에 도움이 될 것이라는 기대를 받고 있다. 그런 만큼 SK하이닉스 용인 공장 생활권이 공급되는 아파트 단지들은 더욱 큰... ,https://www.mk.co.kr/article/12122401,https://n.news.naver.com/mnews/article/009/0005718681?sid=101,"Mon, 10 Aug 2026 06:23:00 +0900",2026-08-10 08:35:12
리츠/부동산,부동산 시장,“실거주 인정 확대”… 세제개편 수정·보완 의견 봇물 [주택공급대책...,"정부가 초고가 주택과 비거주 1주택, 다주택자에 대한 세부담을 강화하는 부동산 세제개편안을 발표하면서 부동산 시장에 혼란이 생기고 있다. 사진은 지난 7일 서울 시내 한 부동산에 게시된 양도세 관련 안내문. 뉴스1... ",https://www.segye.com/newsView/20260809512215?OutUrl=naver,https://n.news.naver.com/mnews/article/022/0004149659?sid=101,"Mon, 10 Aug 2026 06:02:00 +0900",2026-08-10 08:35:12
리츠/부동산,부동산 시장,"정부, 주택 공급 대책 발표 임박… 이주비 대출 규제 완화 검토","금융 완화가 아니라, 사업 초기와 이주 단계에서 막힌 자금을 풀어 공급 지연을 줄이겠다는 데 있다. 이 같은 흐름은 앞으로 부동산 시장 안정보다 공급 기반 회복에 정책 무게가 더 실리는 방향으로 이어질 가능성이 있다.",https://www.tokenpost.kr/news/policy/387258,https://www.tokenpost.kr/news/policy/387258,"Mon, 10 Aug 2026 05:48:00 +0900",2026-08-10 08:35:12
리츠/부동산,상업용 부동산,"전북 상업용 공실률…집합상가, 오피스, 일반상가 순","한국부동산원이 조사한 올해 2분기 전북지역 상업용 부동산 임대동향을 보면, 집합 상가 공실률이 20.3%로, 전국 평균 10.5%보다 두 배 가까이 높았습니다. 일반 상가 공실률도 전국 평균 13.4%보다 2.7%포인트 높은 16.1... ",https://news.kbs.co.kr/news/pc/view/view.do?ncd=8632488&ref=A,https://n.news.naver.com/mnews/article/056/0012234341?sid=101,"Mon, 10 Aug 2026 08:00:00 +0900",2026-08-10 08:35:13
리츠/부동산,상업용 부동산,비주거 부동산시장 변화와 도시공간의 재편,"과거에는 입지와 유동인구가 상업용 부동산의 가치를 결정하는 핵심 요인이었다면, 최근에는 소비 방식의 변화와 상권의 지속 가능성이 더욱 중요한 요인으로 작용하고 있다. 같은 지역 내에서도 업종과 공간 유형에 따라... ",https://www.kmecnews.co.kr/news/articleView.html?idxno=51182,https://www.kmecnews.co.kr/news/articleView.html?idxno=51182,"Mon, 10 Aug 2026 05:36:00 +0900",2026-08-10 08:35:13
리츠/부동산,상업용 부동산,투자수익률 전국 평균 절반도 안돼....상업용 부동산 불황 지속,강원지역 상가 건물 투자수익률이 전국 평균 이하를 기록하는 등 상업용 부동산 불황이 지속되고 있다. 한국부동산원에 따르면 올해 2분기 기준 도내 오피스 상가 투자수익률은 0.86%로 집계됐다. 이는 전국 평균... ,https://www.kwnews.co.kr/article/20260809501488,https://n.news.naver.com/mnews/article/087/0001210273?sid=101,"Mon, 10 Aug 2026 00:02:00 +0900",2026-08-10 08:35:13
리츠/부동산,상업용 부동산,울산 2분기 상업용 빌딩 거래@休,"부동산플래닛이 분석한 '2분기 상업용 빌딩 매매시장 현황'에 따르면 울산의 상업업무용 빌딩 거래금액은 627억 원으로 전분기보다 15%, 매매량은 52건으로 18% 감소했습니다. 거래량 감소폭은 특·광역시 중 가장 큰... ",http://web.ubc.co.kr/wp/archives/129269,http://web.ubc.co.kr/wp/archives/129269,"Sun, 09 Aug 2026 20:46:00 +0900",2026-08-10 08:35:13
리츠/부동산,상업용 부동산,[부동산 손자병법] 외국인 관광객 몰리는 서울 … 숙박업 건물 투자 열...,특히 상업용 부동산은 양도차익에 대한 과세 방식이 주택과 달라 매입 직후 건물 가치를 높여 바로 파는 방법도 주목받고 있다. 9일 알스퀘어의 국토교통부 실거래가 공개시스템 분석 결과에 따르면 올해 상반기 서울... ,https://www.mk.co.kr/article/12122148,https://n.news.naver.com/mnews/article/009/0005718542?sid=101,"Sun, 09 Aug 2026 17:12:00 +0900",2026-08-10 08:35:13
리츠/부동산,상업용 부동산,나의 노후자금이 어떻게 AI 데이터센터의 전주(錢主)가 되었나-보이지 ...,"S&amp;P 애널리스트도 미국 사모대출과 상업용 부동산이 동시에 흔들리면 국내 보험사의 수익성이 함께 나빠질 수 있다고 지적한 바 있습니다. 정리하면, 이 글에서 설명한 구조, 즉 은행이 아닌 곳으로 위험이 이동하고, 그... ",http://www.ifs.or.kr/bbs/board.php?bo_table=News&wr_id=55957,http://www.ifs.or.kr/bbs/board.php?bo_table=News&wr_id=55957,"Sun, 09 Aug 2026 17:10:00 +0900",2026-08-10 08:35:13
리츠/부동산,상업용 부동산,&quot;용돈 대신 160억 굴려요&quot;…수익률 65% 대박 난 21세 대학생,미국 인디애나대 학부생들이 외부 투자자에게 자금을 모집해 약 1200만달러 규모의 상업용 부동산 펀드를 직접 운용하고 있다. 첫 매각 자산에서 65%의 수익을 거두면서 대학의 실전형 교육과 부동산 투자의 디지털화가... ,https://www.hankyung.com/article/202608055624i,https://n.news.naver.com/mnews/article/015/0005318793?sid=104,"Sun, 09 Aug 2026 14:01:00 +0900",2026-08-10 08:35:13
리츠/부동산,상업용 부동산,순이익 늘었는데 부실채권도 최고치…은행권 ‘건전성 경보’,은행권은 내수 경기 침체와 상업용 부동산 경기 부진 등의 영향으로 전반적인 부실채권이 증가하고 있는 것으로 보고 있다. 실적은 개선됐지만 자산 건전성 부담도 함께 커지고 있는 만큼 리스크 관리 중요성은... ,https://www.viva100.com/article/20260806500879,https://www.viva100.com/article/20260806500879,"Sun, 09 Aug 2026 10:34:00 +0900",2026-08-10 08:35:13
리츠/부동산,상업용 부동산,"5대 은행, '이 돈은 포기'… 회수 포기 대출 1조2천억",시중은행 관계자는 &quot;내수 경기가 침체한 가운데 특히 상업용 부동산 경기가 나빠 전반적으로 부실채권이 늘었다&quot;며 &quot;은행권이 대개 비슷한 분위기&quot;라고 전했다. 은행들의 잠재 부실 여신도 계속 불어나고 있다.... ,https://www.ggilbo.com/news/articleView.html?idxno=1173448,https://www.ggilbo.com/news/articleView.html?idxno=1173448,"Sat, 08 Aug 2026 23:30:00 +0900",2026-08-10 08:35:13
리츠/부동산,상업용 부동산,북촌·서촌도 성수화…노포 떠나고 '러닝 성지'로[출동!인턴],한국부동산원 상업용부동산 임대동향조사에 따르면 올해 2분기(4~6월) 북촌은 소규모 상가 공실률 0.0%를 기록했다. 중대형 상가도 공실률 1.9%로 낮은 수준을 유지하고 있다. 서촌도 소규모 상가 공실률이 8.6%로 타 지역... ,https://www.newsis.com/view/NISX20260803_0003734203,https://n.news.naver.com/mnews/article/003/0014115307?sid=101,"Sat, 08 Aug 2026 09:00:00 +0900",2026-08-10 08:35:13
리츠/부동산,상업용 부동산,좋은 건물을 찾는 시대는 끝났다[0과 1로 보는 부동산세상],"상업용 부동산 시장에는 통용돼온 공식이 있었다. 좋은 입지에 우량 임차인을 확보한 건물이면 누구나 원하는 자산이고, 투자자문의 역할은 그런 자산을 적합한 투자자에게 연결하는 데 있다는 것이었다. 시장이 상승... ",https://www.edaily.co.kr/news/newspath.asp?newsid=02646966645545352,https://n.news.naver.com/mnews/article/018/0006347485?sid=101,"Sat, 08 Aug 2026 08:03:00 +0900",2026-08-10 08:35:13
리츠/부동산,상업용 부동산,'사옥도 전략이다'…기업들이 '내집 마련' 나선 이유는?,네이버 사옥 전경(사진=네이버) 상업용 부동산 회사 젠스타메이트에 따르면 지난해 기업들이 사옥 목적으로 매입한 사무용(오피스) 건물 거래액은 총 5조5800억원에 이른다. 이 회사 통계 기준 사상 최대치다. 지난해 오피스... ,https://www.edaily.co.kr/news/newspath.asp?newsid=02627286645545352,https://n.news.naver.com/mnews/article/018/0006347479?sid=101,"Sat, 08 Aug 2026 08:02:00 +0900",2026-08-10 08:35:13
리츠/부동산,상업용 부동산,"전세보다 월세가 흔한 시대, 나는 어떻게 대응해야 할까? [도와줘요 자산...","보유 주택을 계속 임대해야 하는 상황이라면 상업용 부동산처럼 세후수익률(투자금액 대비 세후 순임대수익 비율)을 면밀히 분석해, 매달 안정적인 임대수입을 창출하는 ‘수익형 자산’ 관점으로 운영해야 한다. 이때... ",https://www.sedaily.com/article/20077105?ref=naver,https://n.news.naver.com/mnews/article/011/0004649766?sid=110,"Sat, 08 Aug 2026 08:01:00 +0900",2026-08-10 08:35:13
리츠/부동산,상업용 부동산,李 대통령 초강경 부동산 정책에…추미애 '경기도 재정 위기론' 솔솔,"아파트 등 주택 거래뿐만 아니라 토지, 상업용 부동산까지 사실상 전반적인 거래 가뭄에 빠진 탓이다. ☞퇴직 후 가장 유망한 창업은? 국가가 80% 수입 보장하는 시니어 요양시설 정부는 지난해 주택담보대출을 옥죄고... ",https://realty.chosun.com/site/data/html_dir/2026/08/07/2026080702093.html,https://realty.chosun.com/site/data/html_dir/2026/08/07/2026080702093.html,"Sat, 08 Aug 2026 06:02:00 +0900",2026-08-10 08:35:13
리츠/부동산,상업용 부동산,[AI+]전시장·사옥도 AI 데이터센터로…서울 도심에도?,AI 데이터센터가 외곽 산업단지를 넘어 도심 상업용 부동산의 새로운 수요로 떠오른 셈이다. 대규모 전시장이나 물류시설은 일반 사무실보다 층고가 높고 바닥이 튼튼하다. 발전기와 냉각설비를 놓을 공간도 상대적으로... ,https://www.mt.co.kr/tech/2026/08/08/2026080414383244313,https://n.news.naver.com/mnews/article/008/0005397210?sid=105,"Sat, 08 Aug 2026 06:00:00 +0900",2026-08-10 08:35:13
리츠/부동산,상업용 부동산,"건물 투자 '잭팟' 서장훈, '착한 건물주' 일화 재조명...&quot;임대료 동결에...",7일 상업용 부동산 플랫폼 디스코에 따르면 해당 빌딩의 등록 매매 가격은 450억 원이다. 1986년 11월 준공된 다보빌딩은 근린 생활시설로 지하2층 지상 5층 규모를 자랑한다. 서장훈은 2000년 경매로 해당 걸물은 28억... ,https://mhnse.com/news/articleView.html?idxno=1482786,https://m.entertain.naver.com/article/445/0000447323,"Sat, 08 Aug 2026 00:31:00 +0900",2026-08-10 08:35:13
리츠/부동산,상업용 부동산,야간경제·사장 브랜딩·Z세대 부상…,"상업용 부동산 전문기업 ‘알스퀘어’가 최근 발표한 ‘도산공원 상권 분석 리포트’에 따르면, 올해 1분기 서울 도산공원 상권의 임대료는 입지에 따라 3.3㎡당 20만원대에서 110만원대까지 5배 넘는 차이를 보였다.... ",https://www.mk.co.kr/article/12113091,https://n.news.naver.com/mnews/article/024/0000107409?sid=101,"Fri, 07 Aug 2026 21:01:00 +0900",2026-08-10 08:35:13
리츠/부동산,상업용 부동산,"28억짜리 26년 묵혔더니 450억…서장훈, 코트밖에서 터진 ‘부동산 잭팟...",7일 상업용 부동산 플랫폼 디스코와 부동산 업계에 따르면 서장훈이 보유한 서울 서초구 서초동 다보빌딩이 최근 매매 희망가 450억원에 시장에 나왔다. 1986년 준공한 이 건물은 지하 2층~지상 5층 규모의... ,https://www.sportsseoul.com/news/read/1627280?ref=naver,https://m.entertain.naver.com/article/468/0001258480,"Fri, 07 Aug 2026 20:17:00 +0900",2026-08-10 08:35:13
리츠/부동산,상업용 부동산,초호화호텔 사업 나선 신세계그룹... 럭셔리 호스피탈리티 승부수,"합작사는 우선 아만과 자누 브랜드의 호텔·레지던스 개발을 추진하고, 국내외 복합 상업용 부동산 개발 사업에서도 협력하기로 했다. 신세계프라퍼티는 지난 6월 정 회장이 각자대표에 취임하며 '정용진 체제'로 재편된... ",http://www.srtimes.kr/news/articleView.html?idxno=209431,http://www.srtimes.kr/news/articleView.html?idxno=209431,"Fri, 07 Aug 2026 18:04:00 +0900",2026-08-10 08:35:13
리츠/부동산,상업용 부동산,"[TOP이슈] 서장훈, '28억→450억' 서초동 양재역 건물 내놨다…재산 2조...","7일 상업용 부동산 플랫폼 디스코에 등록된 매물에 따르면 서초동 다보빌딩의 매매가격은 450억원이다. 1986년 11월 준공된 다보빌딩은 지하 2층~지상 5층 규모의 근린생활시설로, 대지면적 376.9㎡, 연면적 1474.78... ",https://www.topstarnews.net/news/articleView.html?idxno=16157626,https://www.topstarnews.net/news/articleView.html?idxno=16157626,"Fri, 07 Aug 2026 17:38:00 +0900",2026-08-10 08:35:13
건설/인프라,건설 주가,"[투자자 순매수 TOP5] 외인, 반도체 비중 축소… 방산·바이오·자동차 ...","최근 주가가 바닥을 찍고 반등세를 기록하고 있는 한화에어로스페이스가 외국인 순매수 상위권에... 전력 인프라와 건설 업종을 중심으로는 선별적인 투자에 나섰습니다. 순매수 상위권 보면, 삼성전기, 한화솔루션... ",https://biz.sbs.co.kr/article_hub/20000327578?division=NAVER,https://n.news.naver.com/mnews/article/374/0000526454?sid=101,"Mon, 10 Aug 2026 08:34:00 +0900",2026-08-10 08:35:13
건설/인프라,건설 주가,[비즈 나우] 곳간 연 버크셔…어디에 투자했나?,"모기지 금리는 최고 수준으로 올랐고 주택 건설업체들의 주가도 부진한 상황인데, 월가는 미국 주택 시장에 대한 신뢰의 증거다 말하면서, 사업을 점차 통합하겠다는 에이블의 발언을 두고는 &quot;인수 기업을 독립적으로... ",https://biz.sbs.co.kr/article_hub/20000327559?division=NAVER,https://n.news.naver.com/mnews/article/374/0000526444?sid=104,"Mon, 10 Aug 2026 07:54:00 +0900",2026-08-10 08:35:13
건설/인프라,건설 주가,[아주증시포커스] 동전주 상폐 카운트다운…48곳 무더기 관리종목 지정...,"com ◆아주경제 주요뉴스 ▷동전주 상폐 카운트다운…48곳 무더기 관리종목 지정 임박 -주가가 1000원도 채... 도로건설공사(제4공구)의 낙찰자로 선정 ▷아이파크현대산업개발, 1403억원 규모 제2경춘국도(남양주... ",https://www.ajunews.com/view/20260810011603174,https://www.ajunews.com/view/20260810011603174,"Mon, 10 Aug 2026 07:30:00 +0900",2026-08-10 08:35:13
건설/인프라,인프라 산업,"삼진엘앤디, 자사주 71만주 취득·최대주주 지분 확대…&quot;책임경영 강화...",전력·산업 인프라 핵심부품 제조기업 삼진엘앤디(054090)가 자기주식 취득과 최대주주 및 경영진의 지분 확대를 병행하며 주주가치 제고와 책임경영 강화에 나섰다. 삼진엘앤디는 지난 6월 삼성증권과 8억4600만원... ,https://www.edaily.co.kr/news/newspath.asp?newsid=02109046645546008,https://n.news.naver.com/mnews/article/018/0006348490?sid=101,"Mon, 10 Aug 2026 08:34:00 +0900",2026-08-10 08:35:14
건설/인프라,인프라 산업,"한국음악레이블산업협회, '2026 라라라온' 역대 최대 규모로 뮤지션·공...","'라라라온'은 문화체육관광부가 후원하고 한국음악레이블산업협회가 주관하는 라이브 뮤직 페스티벌로, 2023년 첫 시도를 시작으로 매년 규모를 확대해 왔다. 출범 이후 단계적으로 인프라와 참여 범위를 넓혀오며 국내... ",https://www.topstarnews.net/news/articleView.html?idxno=16159289,https://www.topstarnews.net/news/articleView.html?idxno=16159289,"Mon, 10 Aug 2026 08:24:00 +0900",2026-08-10 08:35:14
건설/인프라,건설 수주,"대우건설, 목동8단지 재건축에 글로벌 엔지니어링사 'ARUP' 기술력 도입",대우건설 관계자는 &quot;세계 최고 수준의 초고층 구조 기술력을 보유한 아룹과의 협업을 통해 단순한 재건축을 넘어 목동을 대표하는 미래형 주거단지 조성을 위한 기술 경쟁력을 한층 강화할 것&quot;이라며 &quot;안전성을... ,https://www.businessplus.kr/news/articleView.html?idxno=115219,https://www.businessplus.kr/news/articleView.html?idxno=115219,"Mon, 10 Aug 2026 08:30:00 +0900",2026-08-10 08:35:15
건설/인프라,건설 수주,"대우건설, 글로벌 엔지니어링 기업 ARUP과 협업",대우건설이 목동8단지 재건축정비사업(이하 목동8단지) 수주를 위해 세계적인 구조 설계 및 엔지니어링 기업인 ARUP과 전략적 협업에 나섰다. 영국 런던에 본사를 둔 ARUP은 전 세계 100여 개국 이상에서 활동하고 있는... ,http://www.ikld.kr/news/articleView.html?idxno=338715,http://www.ikld.kr/news/articleView.html?idxno=338715,"Mon, 10 Aug 2026 08:30:00 +0900",2026-08-10 08:35:15
건설/인프라,건설 수주,"[코스피·코스닥, SK하이닉스 대우건설 네이버 파미셀 금호석유화학  엠...","선정 ▲GS건설 : 4082억원 규모 부산 사직3구역 재개발정비사업 수주 ▲ 네이버, 2분기 영업이익 5203억원…0.2%↓...자사주 1조원 소각…주주 가치 제고 ▲파미셀(005690)=, ㈜두산과 79억 규모 전자재료... ",https://www.public25.com/news/articleView.html?idxno=52346,https://www.public25.com/news/articleView.html?idxno=52346,"Mon, 10 Aug 2026 08:10:00 +0900",2026-08-10 08:35:15
건설/인프라,건설 수주,"비만약 증산하려 공장 샀는데…노보, FDA 규제 리스크 '복병'",이에 신규 공장 건설뿐 아니라 기존 생산시설 인수를 통해 생산능력을 빠르게 확보하는 전략을 병행했다.... CDMO 수주의 경쟁력으로 부상할 가능성이 있다. 노보노디스크 역시 블루밍턴 시설의 규제 문제를 해결하면서... ,https://www.medipana.com/news/articleView.html?idxno=415694,https://www.medipana.com/news/articleView.html?idxno=415694,"Mon, 10 Aug 2026 08:08:00 +0900",2026-08-10 08:35:15
건설/인프라,건설 수주,"미국, 지하 1.6km 심층 원자로 안전 승인… 15MW급 상용화 착수",차세대 원전 설비 부품을 제조하는 한국 원전 소부장 업계에도 수주 기회가 될 수 있다는 관측이 나온다.... 실제 상용 건설과 가동을 위해서는 미국 원자력규제위원회의 건설 허가와 운영 라이선스를 최종 취득해야... ,https://www.g-enews.com/view.php?ud=20260810070457884fbbec65dfb_1,https://www.g-enews.com/view.php?ud=20260810070457884fbbec65dfb_1,"Mon, 10 Aug 2026 07:14:00 +0900",2026-08-10 08:35:15
건설/인프라,건설 수주,"[Invest]삼성중공업 차세대 먹거리 'FDC', 수익성 두고 의견분분",삼성중공업은 최근 미국 데이터센터 개발사 무스테리안 코퍼레이션(M3)과 미국 내 FDC 건설을 위한... DS투자증권은 FDC 수주가 본격화할 경우 선종 포트폴리오 다변화가 가능해 향후 주가 재평가 여지가 충분하다고... ,https://www.investchosun.com/site/data/html_dir/2026/08/07/2026080780112.html,https://www.investchosun.com/site/data/html_dir/2026/08/07/2026080780112.html,"Mon, 10 Aug 2026 07:02:00 +0900",2026-08-10 08:35:15
건설/인프라,건설 수주,"[건설 시공능력 점검] 롯데건설, 5년 만에 '7위 복귀'…평가액 증가 효과",롯데건설은 리스크 관리와 수익성 중심의 선별 수주를 통해 시공능력을 키워가겠다는 계획이다. 국토교통부가 7월 30일 발표한 2026년도 건설업체 시공능력평가 결과에서 롯데건설은 7위를 기록했다. 롯데건설은... ,https://www.fetv.co.kr/news/articleView.html?idxno=308027,https://www.fetv.co.kr/news/articleView.html?idxno=308027,"Mon, 10 Aug 2026 07:00:00 +0900",2026-08-10 08:35:15
음식료/식품,식품 주가,[한성기업 톺아보기] '애국테마'로도 역부족...코스피 상장 유지 시험대,①'반짝 주가 급등' 뒤 시총 다시 300억대로...실적 개선·주주 친화책 등 근본적 밸류업 시급 수산 가공식품 전문기업 한성기업이 최근 '애국 테마주'로 떠오르며 주가가 급등했다가 상승분을 대부분 반납했다. 이에... ,https://dealsite.co.kr/articles/166731,https://dealsite.co.kr/articles/166731,"Mon, 10 Aug 2026 07:02:00 +0900",2026-08-10 08:35:15
음식료/식품,식품 주가,사상 최고치 되찾은 S&amp;P…CPI가 '9월 금리인상' 가른다[월가프리뷰],한동안 급락했던 기술주와 반도체주가 강하게 반등하면서 증시를 끌어올렸다. 지난 4일까지 4거래일 동안 S... 변동성이 큰 식품과 에너지를 제외한 근원 CPI 상승률은 2.5%로 전망됐다. 최근 몇 달 동안 물가상승률이... ,https://www.news1.kr/world/international-economy/6253599,https://n.news.naver.com/mnews/article/421/0009104920?sid=101,"Mon, 10 Aug 2026 07:00:00 +0900",2026-08-10 08:35:15
음식료/식품,식품 주가,[Who Is ?] 반성연 달바글로벌 대표이사,"주식을 시장에서 한 번에 팔 때 생길 수 있는 주가 변동을 줄이기 위한 거래방식이다. 해당 거래는... △달바글로벌의 지배구조 2016년 설립된 달바글로벌은 화장품, 건강기능식품, 홈뷰티기기 판매를 주요 사업으로... ",https://www.businesspost.co.kr/BP?command=article_view&num=443606,https://www.businesspost.co.kr/BP?command=article_view&num=443606,"Mon, 10 Aug 2026 07:00:00 +0900",2026-08-10 08:35:15
음식료/식품,식품 주가,"FDA자문위, 그레일 다중암 조기진단검사 심의 예정",미국 식품의약국(FDA)이 미국 헬스케어 기업 그레일(GRAIL)의 갤러리(Galleri) 다중암 조기진단(MCED) 검사를... 이로 인해 회사의 주가가 50% 이상 급락하기도 했다. 그레일은 1차 평가변수가 충족되지 않았지만 유병... ,http://www.newsmp.com/news/articleView.html?idxno=257329,http://www.newsmp.com/news/articleView.html?idxno=257329,"Mon, 10 Aug 2026 06:30:00 +0900",2026-08-10 08:35:15
음식료/식품,식품 주가,뇌전증 신약 경쟁 본격화…엑스코프리 '아성' 지킬까,2019년 11월 미국식품의약국(FDA) 허가를 받았고 2025년 11월 식품의약품안전처로부터 41호 국산 신약으로... 치열한 경쟁이 예고된 만큼 엑스코프리의 독주 체제가 흔들릴 것이라는 우려에 SK바이오팜의 주가는 연초... ,http://www.hansbiz.co.kr/news/articleView.html?idxno=855267,http://www.hansbiz.co.kr/news/articleView.html?idxno=855267,"Mon, 10 Aug 2026 06:00:00 +0900",2026-08-10 08:35:15
음식료/식품,식품 주가,"8월 들어 강한 반등, CPI가 추가 랠리 가른다…AI주 줄줄이 실적[이번주...",특히 지난 7월 기술주 약세를 주도했던 반도체주가 급반등하며 아이셰어즈 세미컨덕터 ETF(SOXX)가 7.6... 변동성이 큰 식품과 에너지 가격을 제외한 근원 CPI는 지난 7월 전월비 상승률이 0.3%로 지난 6월 0%에 비해... ,https://www.mt.co.kr/world/2026/08/10/2026080819102930462,https://n.news.naver.com/mnews/article/008/0005397521?sid=101,"Mon, 10 Aug 2026 05:35:00 +0900",2026-08-10 08:35:15
음식료/식품,식품 주가,"빙그레 김동환, 주주수익률·밸류업 좋은데 수익성 ‘경고등ʼ [정답은 ...","TSR은 일정 기간 주가 변동률과 주당배당금 수익률을 더한 지표로, 주주가 특정 기업 주식을 보유함으로써... 최근 식품업계는 원유와 설탕 등 주요 원재료 가격 상승과 인건비, 물류비 부담 확대로 수익성 방어가... ",https://www.fntimes.com/html/view.php?ud=202608080020115431dd55077bc2_18,https://www.fntimes.com/html/view.php?ud=202608080020115431dd55077bc2_18,"Mon, 10 Aug 2026 00:02:00 +0900",2026-08-10 08:35:15
음식료/식품,식품 주가,[뉴욕증시 전망] 이번 주 CPI 최대 변수…물가·금리·실적 '3대 변수' 주...,특히 반도체와 대형 기술주가 상승세를 이끌며 4거래일 동안 5.75% 급등해 2025년 4월 이후 가장 큰 상승 폭을... 식품과 에너지를 제외한 근원 CPI 상승률은 2.5%로 전망됐다. 모닝스타 웰스의 도미닉 파팔라도 최고 멀티에셋... ,https://www.thefairnews.co.kr/news/articleView.html?idxno=84506,https://www.thefairnews.co.kr/news/articleView.html?idxno=84506,"Mon, 10 Aug 2026 00:00:00 +0900",2026-08-10 08:35:15
음식료/식품,식품 주가,"'주가조작 연루→가정폭력→음주운전' 男배우, 3년 전 재혼…아들은 '사...","그는 현재 미국에서 대형 식품 공동구매 사업을 운영 중이다. 반면 연로한 어머니와 아들, 그리고 옛 연인... 이어 소효동은 2011년에는 특정 종목 주가를 93개 계좌를 동원해 조작, 8억 5,275만여 대만 달러(약 370억 원)... ",https://www.tvreport.co.kr/world/article/1067430/,https://m.entertain.naver.com/article/213/0001397333,"Sun, 09 Aug 2026 16:01:00 +0900",2026-08-10 08:35:15
음식료/식품,식품 주가,숫자가 담아내지 못하는 기업의 가치,"여기에 국내식품 제조업계 최초로 해양관리협의회 친환경 인증을 획득하며 지속가능한 수산물 공급에... 그 결과 4,000원 선에 머물던 주가는 일주일 만에 1만원을 돌파하며 두 배 이상 치솟았고, 시가총액 역시 단숨에 600억... ",http://www.domin.co.kr/news/articleView.html?idxno=1564634,http://www.domin.co.kr/news/articleView.html?idxno=1564634,"Sun, 09 Aug 2026 14:32:00 +0900",2026-08-10 08:35:15
음식료/식품,식품 주가,"한국 브랜드 들고 동남아로…엘브이엠씨홀딩스, 현지 유통사업까지 확...","경제 성장으로 중산층이 확대되면서 자동차뿐 아니라 식품과 생활용품, 편의점 등 다양한 소비 분야에서 시장... 넓힐 수 있을지가 향후 실적의 핵심 변수가 될 전망이다. 목표주가와 투자의견은  별도로 제시하지 않았다.",https://www.pinpointnews.co.kr/news/articleView.html?idxno=475653,https://www.pinpointnews.co.kr/news/articleView.html?idxno=475653,"Sun, 09 Aug 2026 14:22:00 +0900",2026-08-10 08:35:15
음식료/식품,식품 주가,"[M-커버스토리]“동전주 퇴출”… 시장 체질 개선할까, 자본 먹튀 부추...","공시위반 요건 강화/금융위원회 정부가 증시 체질 개선을 위해 주가 1000원 미만인 ‘동전주’와 시가총액... 주식병합 공시를 낸 코스피 기업은 마이커, 보해양조, 서울식품공업, 금호에이치티, 금호전기, SG글로벌, SK증권... ",http://www.metroseoul.co.kr/article/20260809500139,http://www.metroseoul.co.kr/article/20260809500139,"Sun, 09 Aug 2026 14:04:00 +0900",2026-08-10 08:35:15
음식료/식품,식품 주가,월요일에 주식 사도 될까…이번 주 증시 흔들 '빅 이벤트',"주간 기준으로도 S&amp;P500은 3.58%, 나스닥은 5.19%, 다우지수는 2.96% 올랐다. 다만 시장의 관심은 곧바로 물가로... 변동성이 큰 식품과 에너지를 제외한 근원 CPI는 전월 대비 보합, 전년 동월 대비 2.6% 상승했다. 연준이... ",https://www.ajunews.com/view/20260809132705611,https://www.ajunews.com/view/20260809132705611,"Sun, 09 Aug 2026 13:32:00 +0900",2026-08-10 08:35:15
음식료/식품,식품 주가,"‘삼전닉스’ 레버리지 사태, 쓴 약 되기를","- 한미 AI 협력 선언, 양국 증시에 긍정적 신호 이재명 대통령은 지난 7월 21일 최근 급격한 주가 변동의... 화장품, 식품, 관광 산업에도 골고루 자본이 공급돼야 한다. 미국 증시에도 삼전닉스 단일종목 레버리지 상품이... ",https://www.m-economynews.com/news/article.html?no=69321,https://www.m-economynews.com/news/article.html?no=69321,"Sun, 09 Aug 2026 12:36:00 +0900",2026-08-10 08:35:15
음식료/식품,음식료 산업,"[ETF 시황] 2차전지 ETF 급등, SK하이닉스 레버리지는 급락","이어 KODEX 2차전지산업레버리지(10.92%), SOL SK하이닉스선물단일종목인버스2X(10.14%), TIGER... 은행과 화학, 음식료 업종도 상대적으로 견조했다. 미국의 폴리실리콘 및 태양광 제품 수입 규제 강화에... ",https://www.newspim.com/news/view/20260807001024,https://www.newspim.com/news/view/20260807001024,"Fri, 07 Aug 2026 16:30:00 +0900",2026-08-10 08:35:16
음식료/식품,음식료 산업,"코스피, 상승 출발 뒤 1%대 하락…SK하이닉스 5%↓ [fn오전시황]","6일(현지시간) 뉴욕증시에서 다우존스30산업평균지수는 전장보다 0.85% 하락했다. 스탠더드앤드푸어스... 업종별로는 음식료·담배(1.46%)가 오른 가운데 건설(-4.49%), 금속(-3.39%), 증권(-3.25%) 등 대부분이... ",http://www.fnnews.com/news/202608071049068228,https://n.news.naver.com/mnews/article/014/0005558556?sid=101,"Fri, 07 Aug 2026 10:54:00 +0900",2026-08-10 08:35:16
음식료/식품,음식료 산업,"코스피, 장중 6300선 보합권 등락···외국인·기관 동반 매수","반면 보험(-1.50%), IT서비스(-1.51%), 건설(-1.43%), 음식료·담배(-1.83%) 등은 하락세다. 시가총액 상위... 6일(현지시간) 뉴욕증권거래소에서 다우존스30산업평균지수는 전장보다 464.02p(0.85%) 하락한 5만3885.10에 거래를... ",https://www.seoulfn.com/news/articleView.html?idxno=635163,https://www.seoulfn.com/news/articleView.html?idxno=635163,"Fri, 07 Aug 2026 09:36:00 +0900",2026-08-10 08:35:16
음식료/식품,음식료 산업,요즘 개미들 피 말리는데…&quot;지금 '금화산' 사라&quot; 깜짝 전망,"증권가에선 안정적인 ‘바벨 전략’ 차원에서 실적 모멘텀이 확실한 금융, 화장품, 산업재로 시선을... 확실한 실적 모멘텀을 지닌 화장품과 음식료 업종도 각각 3개 증권사의 추천을 받았다. 한국투자증권은... ",https://www.hankyung.com/article/2026080692501,https://n.news.naver.com/mnews/article/015/0005318297?sid=101,"Fri, 07 Aug 2026 06:01:00 +0900",2026-08-10 08:35:16
음식료/식품,음식료 산업,"외국인 3.3조 던졌다…코스피 4.58% 급락, ‘삼전닉스’ 와르르","헬스케어는 5.66%, 음식료·담배는 2.94% 상승해 반도체주와 뚜렷한 온도 차를 나타냈다. 코스닥은 코스피... 정부의 로봇산업 육성 기대에 클로봇이 10.74%, 레인보우로보틱스가 1.14% 상승했다. 반면... ",https://www.kbmaeil.com/article/20260806500732,https://www.kbmaeil.com/article/20260806500732,"Thu, 06 Aug 2026 19:00:00 +0900",2026-08-10 08:35:16
음식료/식품,음식료 산업,"[마감시황] 코스피, 반도체주 급락에 4.58%↓...외국인 3.3조 '팔자'",◆ 반도체주 매도 집중…헬스케어·음식료는 상승 최근 코스피가 이틀 연속 상승한 데 따른 차익 실현... 정부의 로봇산업 육성 계획에 레인보우로보틱스(1.14%)와 클로봇(10.74%) 등 로봇주도 강세를 보였다. 반면... ,https://www.polinews.co.kr/news/articleView.html?idxno=739396,https://www.polinews.co.kr/news/articleView.html?idxno=739396,"Thu, 06 Aug 2026 16:51:00 +0900",2026-08-10 08:35:16
음식료/식품,음식료 산업,삼전닉스 형제들 10%↓ 폭락…코스피 4.58% 하락 마감,"43%), 음식료·담배(1.52%) 등이 상승했다. 코스피는 상승 종목이 490개로 하락 종목(381개)보다 많아 반도체를 제외한 개별 종목 중심의 순환매가 이어졌다. 간밤 뉴욕증시는 다우존스30산업평균지수가 사상... ",https://www.edaily.co.kr/news/newspath.asp?newsid=06605926645544696,https://n.news.naver.com/mnews/article/018/0006346196?sid=101,"Thu, 06 Aug 2026 16:17:00 +0900",2026-08-10 08:35:16
음식료/식품,음식료 산업,"[코스피‧코스닥지수] 코스피, 반도체주 급락에 4.6% 하락…6,200선 후퇴...","66%)와 음식료·담배(2.94%)는 강세를 보이며 업종 간 차별화가 나타났다. 코스닥시장은 상대적으로 견조한... 87%) 등이 상승했으며, 정부의 로봇산업 육성 정책 기대감에 레인보우로보틱스와 클로봇도 강세를... ",https://www.lecturernews.com/news/articleView.html?idxno=207910,https://www.lecturernews.com/news/articleView.html?idxno=207910,"Thu, 06 Aug 2026 16:10:00 +0900",2026-08-10 08:35:16
음식료/식품,음식료 산업,"코스피, 4.6% 급락 6,200대 마감…코스닥 닷새째 상승(종합)","업종별로 보면 정보기술(-8.34%), 전기전자(-7.49%), 기계장비(-1.60%) 등이 내렸으며 헬스케어(5.66%), 음식료... 레인보우로보틱스(1.14%), 클로봇(10.74%) 등 로봇주도 정부의 로봇 산업 육성 계획에 상승했다. 반면... ",https://www.yna.co.kr/view/AKR20260806124300008?input=1195m,https://n.news.naver.com/mnews/article/001/0016237993?sid=101,"Thu, 06 Aug 2026 16:06:00 +0900",2026-08-10 08:35:16
음식료/식품,음식료 산업,"코스피,4.6% 급락 6,290대 마감…삼전닉스, 6%·10%대 급락","업종별로 보면 정보기술(-8.34%), 전기전자(-7.49%), 기계장비(-1.60%) 등이 내렸으며 헬스케어(5.66%), 음식료... 레인보우로보틱스(1.14%), 클로봇(10.74%) 등 로봇주도 정부의 로봇산업 육성계획에 상승했다. 반면... ",http://www.seouleconews.com/news/articleView.html?idxno=92909,http://www.seouleconews.com/news/articleView.html?idxno=92909,"Thu, 06 Aug 2026 16:04:00 +0900",2026-08-10 08:35:16
음식료/식품,음식료 산업,"코스피, 대형 반도체주 급락에 5% 조정… 외국인 대규모 매도세","43%), 음식료담배(1.17%)는 오히려 상승했다. 코스닥지수도 같은 시각 전장보다 11.45포인트(1.43%) 내린 788.... 레인보우로보틱스(0.41%), 클로봇(13.73%) 등 로봇주는 정부의 로봇 산업 육성 계획 기대를 반영해 강세를... ",https://www.tokenpost.kr/news/market/386219,https://www.tokenpost.kr/news/market/386219,"Thu, 06 Aug 2026 15:18:00 +0900",2026-08-10 08:35:16
음식료/식품,음식료 산업,차익실현에 코스피 4%대 하락…외국인 매도 공세,"반면 금속(4.62%), 건설(2.69%), 음식료·담배(2.04%), 화학(1.68%) 등은 강세를 나타냈다. 개별 종목 가운데서는... 뉴욕증시는 다우존스30산업평균지수가 사상 최고치를 경신한 반면 스탠더드앤드푸어스(S&amp;P)500지수와... ",https://www.edaily.co.kr/news/newspath.asp?newsid=05270966645544696,https://n.news.naver.com/mnews/article/018/0006345895?sid=101,"Thu, 06 Aug 2026 13:58:00 +0900",2026-08-10 08:35:16
음식료/식품,음식료 산업,"코스피, 장중 5%대 폭락에 사이드카 발동…외인·기관 1.8조 릴레이 매도","43%), 음식료담배(1.17%) 등은 상승 중이다. 코스닥도 5거래일 만에 하락 전환…2차전지 약세 속 로봇주... 레인보우로보틱스(0.41%), 클로봇(13.73%) 등 로봇주도 정부의 로봇 산업 육성 계획에 오르고 있다.",https://www.jnilbo.com/news/articleView.html?idxno=90000054946,https://www.jnilbo.com/news/articleView.html?idxno=90000054946,"Thu, 06 Aug 2026 11:31:00 +0900",2026-08-10 08:35:16
음식료/식품,음식료 산업,"코스피 4~5%대 급락, 삼전닉스 휘청…코스닥도 하락","43%), 음식료담배(1.17%) 등은 상승 중이다. 같은 시각 코스닥지수도 전장보다 11.45포인트(1.43%) 내린 788.... 레인보우로보틱스(0.41%), 클로봇(13.73%) 등 로봇주도 정부의 로봇 산업 육성 계획에 오르고 있다.",https://www.yna.co.kr/view/AKR20260806075200008?input=1195m,https://n.news.naver.com/mnews/article/001/0016237025?sid=101,"Thu, 06 Aug 2026 11:25:00 +0900",2026-08-10 08:35:16
음식료/식품,음식료 산업,환율 하락에 웃는 기업들… 음식료·항공株에 매수세 몰리네,"원화 가치 상승으로 수입 비용 부담이 줄어들 수 있다는 기대감이 커지면서 음식료, 항공, 원자재 관련... 혜인은 건설·산업 장비 관련 사업을 기반으로 시장 흐름 영향을 받고 있으며, 하나투어는 여행 수요 회복... ",https://www.pinpointnews.co.kr/news/articleView.html?idxno=474897,https://www.pinpointnews.co.kr/news/articleView.html?idxno=474897,"Thu, 06 Aug 2026 10:12:00 +0900",2026-08-10 08:35:16
음식료/식품,음식료 산업,"美 증시 혼조에 코스피 숨고르기, 코스닥 장중 800선 터치","다우존스30 산업평균지수는 0.49% 올랐지만 스탠더드앤드푸어스(S&amp;P) 500 지수와 나스닥은 각각 0.17%, 0.83... 업종별로는 출판매체, 음식료담배, 제약이 강보합을 나타냈고 건설, 금속, 유통, 제조가 1%대 하락했다.... ",https://www.mt.co.kr/stock/2026/08/06/2026080609030893233,https://n.news.naver.com/mnews/article/008/0005396355?sid=101,"Thu, 06 Aug 2026 09:40:00 +0900",2026-08-10 08:35:16
음식료/식품,음식료 산업,코스피 약보합·코스닥은 강보합…美 증시 혼조 마감 영향,"70%), 음식료·담배(0.44%), 제약(0.43%), 비금속(0.41%), 전기·가스(0.34%), 종이·목재(0.23%) 등은 강세다. 반면... 다우존스30 산업평균지수는 0.49% 상승했으나 스탠더드앤드푸어스(S&amp;P) 500 지수와 나스닥 종합 지수는... ",https://www.etoday.co.kr/news/view/2611597,https://www.etoday.co.kr/news/view/2611597,"Thu, 06 Aug 2026 09:12:00 +0900",2026-08-10 08:35:16
음식료/식품,음식료 산업,[박정식의 국내 주식시황] AI 투자 의구심에 반도체 주춤…코스닥 소부...,"다만 조선, 방산, 제약·바이오, 화장품, 음식료 등 실적과 수급이 뒷받침되는 섹터는 상대적으로 견조한... ▷ 글로벌 방공 미사일 공급 부족 현상 심화 속 한국 업체 수혜 기대감에 방위산업, 전쟁 및 테러 테마가... ",https://www.newsquest.co.kr/news/articleView.html?idxno=271182,https://www.newsquest.co.kr/news/articleView.html?idxno=271182,"Thu, 06 Aug 2026 08:18:00 +0900",2026-08-10 08:35:16
음식료/식품,음식료 산업,"코스피, 반도체 훈풍에 3.8%↑ 6,500대…코스닥 나흘째 상승(종합)","다우존스30산업평균지수와 스탠더드앤드푸어스(S&amp;P) 500지수가 각각 1.71%, 1.79% 올라 사상 최고치를... 코스피 업종별로 보면 정보기술(12.85%), 건설(6.16%), 전기전자(4.47%) 등이 올랐으며 음식료·담배(-0.19%), 오락... ",https://www.yna.co.kr/view/AKR20260805121700008?input=1195m,https://n.news.naver.com/mnews/article/001/0016235603?sid=101,"Wed, 05 Aug 2026 16:02:00 +0900",2026-08-10 08:35:16
음식료/식품,음식료 산업,"코스피,반도체 훈풍에 3.8%↑ 6,590선…코스닥 나흘새 24%↑","다우존스30산업평균지수와 스탠더드앤드푸어스(S&amp;P) 500지수가 각각 1.71%, 1.79% 올라 사상 최고치를... 음식료·담배(-0.19%), 오락·문화(-0.69%) 등은 내렸다. 코스닥지수도 전장보다 18.87포인트(2.42%) 오른 799.59에... ",http://www.seouleconews.com/news/articleView.html?idxno=92875,http://www.seouleconews.com/news/articleView.html?idxno=92875,"Wed, 05 Aug 2026 16:02:00 +0900",2026-08-10 08:35:16
음식료/식품,식품 수출,"&quot;농장부터 소포장으로&quot;…GS25, 베트남 바나나 지정농장 확보","지정한 농장은 한국과 일본 수출용 고품질 카벤디시(Cavendish) 품종을 주로 생산하는 곳으로, 비옥한 토질과... 지정농장을 통해 품질과 공급량을 일정하게 관리하면서 편의점의 장보기 채널 전환에 필요한 신선식품... ",https://www.news1.kr/industry/distribution/6253691,https://n.news.naver.com/mnews/article/421/0009105013?sid=101,"Mon, 10 Aug 2026 08:32:00 +0900",2026-08-10 08:35:17
음식료/식품,식품 수출,"&quot;편의점 맞춤 바나나 농장&quot; GS25, 베트남 전용 지정농장으로 신선식품 승...","GS25가 베트남 현지에 바나나 전용 지정농장을 구축하며 편의점 신선식품 경쟁력 강화에 속도를 내고 있다.... 해당 농장은 한국과 일본 수출용 고품질 카벤디시(Cavendish) 품종을 주로 생산하는 곳으로, 비옥한 토양과... ",http://www.newsroad.co.kr/news/articleView.html?idxno=62624,http://www.newsroad.co.kr/news/articleView.html?idxno=62624,"Mon, 10 Aug 2026 08:28:00 +0900",2026-08-10 08:35:17
음식료/식품,식품 수출,"GS25, 베트남에 '바나나 지정농장' 운영…신선식품 경쟁력 강화",해당 농장은 한국과 일본 수출용 고품질 카벤디시(Cavendish) 품종을 주로 생산하는 곳이다. 비옥한 토질과 풍부한 수량을 바탕으로 현지 델몬트 농장 가운데서도 안정적인 품질 관리와 상품 공급이 가능한 대표... ,https://www.newsis.com/view/NISX20260810_0003742103,https://n.news.naver.com/mnews/article/003/0014116788?sid=101,"Mon, 10 Aug 2026 08:25:00 +0900",2026-08-10 08:35:17
음식료/식품,식품 수출,"GS25, 베트남 바나나 지정농장 운영…신선식품 경쟁력 강화","해당 농장은 한국과 일본 수출용 카벤디시 품종을 생산하는 곳으로, 안정적인 품질 관리와 공급이 가능한... 확보하게 됐다”며 “산지와의 전략적 협업을 확대해 신선식품 경쟁력을 지속 강화하겠다”고 말했다.",https://www.edaily.co.kr/news/newspath.asp?newsid=02013926645546008,https://n.news.naver.com/mnews/article/018/0006348464?sid=101,"Mon, 10 Aug 2026 08:13:00 +0900",2026-08-10 08:35:17
음식료/식품,식품 수출,"이경규 인천항만공사 사장, &quot;내항은 시민의 품으로, 신항은 전 세계의 ...","2024년 컨테이너 물동량은 역대 최대인 355만TEU를 기록했고, 자동차 수출 화물도 88만3,000여 대로 최고치를... 신항 1-2단계 개장에 대비해서는 미주·유럽 화주 발굴에 나섰고, 배터리·바이오·신선식품과 직구·역직구 등... ",https://www.hdhy.co.kr/news/articleView.html?idxno=34965,https://www.hdhy.co.kr/news/articleView.html?idxno=34965,"Mon, 10 Aug 2026 08:02:00 +0900",2026-08-10 08:35:17
음식료/식품,식품 수출,"[헬스인·싸] K-의료기기 수출 경쟁력, 이제 '운영 인프라'에 달렸다",미국 식품의약국(FDA) 허가를 획득했는데도 병원에 제품을 공급하지 못한 의료기기 기업이 있다. 이유는... 지금까지 의료기기 수출 지원이 연구개발과 해외 인허가 중심이었다면 앞으로는 해외 공동 물류와 기술지원... ,https://www.rapportian.com/news/articleView.html?idxno=239153,https://www.rapportian.com/news/articleView.html?idxno=239153,"Mon, 10 Aug 2026 08:00:00 +0900",2026-08-10 08:35:17
음식료/식품,식품 수출,"K-뷰티 호황 올라탄 한국콜마…윤상현, 美·中 생산망 '수주로 채운다'",©AP신문(AP뉴스)/ 이미지 = 윤상현 콜마홀딩스 대표이사 부회장 한국콜마(161890)가 K-뷰티 수출 호황에 힘입어... 최근 무석콜마가 식품의약품안전처로부터 국내 우수화장품 제조 및 품질관리기준(CGMP)과 동등한 수준의... ,https://www.apnews.kr/news/articleView.html?idxno=3050384,https://www.apnews.kr/news/articleView.html?idxno=3050384,"Mon, 10 Aug 2026 08:00:00 +0900",2026-08-10 08:35:17
음식료/식품,식품 수출,"韓, ‘가짜 K-브랜드’와 전면전 선포… K-팝·K-푸드·K-의약품 국익 보...","동남아시아, 중국, 유럽 등 주요 해외 시장에서는 한국산으로 위장한 해외 제조 식품, K-팝 아티스트의... 정부는 이러한 위조 및 유사 제품의 확산이 한국 기업들의 수출 실적에 타격을 줄 뿐만 아니라, 장기적으로 ‘K... ",https://www.g-enews.com/view.php?ud=2026081007494692060c8c1c064d_1,https://www.g-enews.com/view.php?ud=2026081007494692060c8c1c064d_1,"Mon, 10 Aug 2026 07:52:00 +0900",2026-08-10 08:35:17
음식료/식품,식품 수출,"신세계라이브쇼핑, 최대 60% '여름간식 특가전'→GS25, 바나나 '전용 지...","편의점 GS25가 베트남에서 바나나 전용 지정농장을 운영하며 신선식품 경쟁력 강화에 나선다. 사진=GS25 GS25는... 해당 농장은 한국과 일본 수출용 고품질 카벤디시 품종을 주로 생산하는 곳으로, 비옥한 토질과 풍부한... ",https://www.slist.kr/news/articleView.html?idxno=757738,https://www.slist.kr/news/articleView.html?idxno=757738,"Mon, 10 Aug 2026 07:50:00 +0900",2026-08-10 08:35:17
음식료/식품,식품 수출,"[기획] 농협 K-식품, 바다 건너 새로운 지평을 연다",이상진 농협경제지주 식품지원부 농식품수출국장은 &quot;해외 인증 한식당에서 점심식사 메뉴 중 90%가 비빔밥인 것으로 파악돼 K-푸드 열풍이 해외 식당가에도 변화를 불러오고 있다&quot;며 &quot;농협은 앞으로도 정부와 지자체... ,https://www.aflnews.co.kr/news/articleView.html?idxno=326055,https://www.aflnews.co.kr/news/articleView.html?idxno=326055,"Mon, 10 Aug 2026 07:00:00 +0900",2026-08-10 08:35:17
음식료/식품,식품 수출,[afl Interview] 백성현 논산시장,"기업관에서는 국내외 기업들이 스마트농업 기술과 농자재, 가공식품 등 딸기산업 전반의 기술과 제품을 선보이고 해외 기업과의 교류와 협력 기반을 마련하게 된다. 비즈니스관에서는 수출상담회를 열어 논산 딸기와... ",https://www.aflnews.co.kr/news/articleView.html?idxno=326092,https://www.aflnews.co.kr/news/articleView.html?idxno=326092,"Mon, 10 Aug 2026 07:00:00 +0900",2026-08-10 08:35:17
음식료/식품,식품 수출,"알리글로 앞세운 GC녹십자, 하반기 실적 반등 총력",미국 식품의약국(FDA) 허가를 거쳐 현지 시장에 진출한 뒤 판매 기반을 넓히고 있다. 현지 유통망 확대도... 헌터라제 수출도 본격적으로 실적에 반영될 예정이다. 2분기에 반영되지 못했던 주요 제품 매출이 하반기에... ,https://www.ngetnews.com/news/articleView.html?idxno=552208,https://www.ngetnews.com/news/articleView.html?idxno=552208,"Mon, 10 Aug 2026 06:36:00 +0900",2026-08-10 08:35:17
음식료/식품,식품 수출,홍성군에 150억 '마른김 물류허브' 뜬다 … 중부권 김산업 판도 바꾼다,김은 국내 소비뿐 아니라 해외에서도 수요가 빠르게 증가하면서 주요 수산식품 수출품목으로 자리 잡고 있다. 이에 따라 안정적인 원료 확보와 보관·물류체계 구축이 관련 산업의 경쟁력을 좌우하는 핵심 요소로... ,https://www.tournews21.com/news/articleView.html?idxno=140570,https://www.tournews21.com/news/articleView.html?idxno=140570,"Mon, 10 Aug 2026 05:34:00 +0900",2026-08-10 08:35:17
음식료/식품,식품 수출,‘독립 정신’으로 출발한 애국애족 … 혁신 신약 앞세워 글로벌 제약기...,2018년 글로벌 제약사 존슨앤드존슨(J&amp;J)에 기술 수출됐으며 J&amp;J의 폐암 치료제 리브리반트와 병용요법으로 2024년 미국 식품의약국(FDA)의 허가를 받아 현지 출시됐다. 이후 유럽·일본·중국 등 주요 시장에서 잇따라... ,https://www.joongang.co.kr/article/25452038,https://n.news.naver.com/mnews/article/025/0003543295?sid=103,"Mon, 10 Aug 2026 05:30:00 +0900",2026-08-10 08:35:17
음식료/식품,식품 수출,CJ 비비고의 힘…미국 냉장고를 바꿨다,올해 상반기 대미 농식품 수출은 전년 동기 대비 11.3% 증가한 10억4000만달러를 기록하며 상반기 기준 처음으로 10억달러를 넘어섰다. K팝과 K드라마를 계기로 한국 음식에 대한 관심이 높아지면서 교민 중심이던 소비는... ,https://www.sidae.com/article/2026080714332688004,https://n.news.naver.com/mnews/article/417/0001154805?sid=101,"Mon, 10 Aug 2026 05:15:00 +0900",2026-08-10 08:35:17
뷰티/화장품,화장품 주가,"파마리서치, 화장품 수출 고성장에 실적 전망 '상향'…목표가 55만원-다...",밸류에이션 측면에서는 글로벌 화장품 기업 평균 주가수익비율(PER) 대비 10% 할인한 27.5배를 적용해 적정주가를 산출했다. 이에 따라 목표주가는 기존 54만원에서 55만원으로 상향했다. 지난 7일 종가 37만8500원 대비... ,http://www.press9.kr/news/articleView.html?idxno=80802,http://www.press9.kr/news/articleView.html?idxno=80802,"Mon, 10 Aug 2026 08:32:00 +0900",2026-08-10 08:35:17
뷰티/화장품,화장품 주가,"IBK증권, 파마리서치 목표가↑…&quot;수출 성장 사이클 진입&quot;",그는 이에 따른 이익추정치 상향을 반영해 목표주가를 올려잡았다면서 &quot;주목할 점은 시장 규모가 큰 유럽향 의료기기 리쥬란 수출과 미국향 화장품 수출 초기 성과가 예상보다도 더 빠르게 나타나고 있다는 것&quot;이라고... ,https://www.yna.co.kr/view/AKR20260810017000008?input=1195m,https://n.news.naver.com/mnews/article/001/0016241554?sid=101,"Mon, 10 Aug 2026 08:28:00 +0900",2026-08-10 08:35:17
뷰티/화장품,화장품 주가,"한국투자證, “파마리서치, 2분기 역대 최고 실적⋯자세히 보면 다 좋다...","목표주가 47만원을 유지했다. 10일 강은지 한국투자증권 연구원은 파마리서치의 2분기 매출액과 영업이익 모두 역대 최고 실적을 경신한 가운데, 의료기기와 화장품 사업 전반에서 견조한 성장세가 이어지고 있다고... ",https://www.etoday.co.kr/news/view/2612543,https://www.etoday.co.kr/news/view/2612543,"Mon, 10 Aug 2026 07:58:00 +0900",2026-08-10 08:35:17
뷰티/화장품,화장품 주가,"파마리서치, 매출액·영업이익 '역대 최고' 경신…&quot;의료기기·화장품 성...",의료기기와 화장품 모두 성장 흐름을 지속하고 있어 주목해야 할 시점이라며 투자의견 '매수' 및 목표주가 47만원을 유지했다. 한국투자증권에 따르면 파마리서치의 올해 2분기 매출액과 영업이익은 지난해 동기... ,http://www.newsprime.co.kr/news/article.html?no=743197,http://www.newsprime.co.kr/news/article.html?no=743197,"Mon, 10 Aug 2026 07:52:00 +0900",2026-08-10 08:35:17
뷰티/화장품,화장품 주가,"&quot;파마리서치, '리쥬란' 해외 인지도 상승…목표가↑&quot;-키움","판단한다&quot;며 &quot;주요 화장품 브랜드사의 12개월 선행 주가수익비율(PER)은 21.1배로, 현재 기록 중인 2026년 예상 PER 19.1배, 2027년 15.1배를 시장이 반영하기 전에 매수해 상승 여력을 확보해두는 것이 합리적&quot;이라고 말했다.... ",https://www.hankyung.com/article/2026081031626,https://n.news.naver.com/mnews/article/015/0005318947?sid=101,"Mon, 10 Aug 2026 07:39:00 +0900",2026-08-10 08:35:17
뷰티/화장품,화장품 주가,"[키-리포트] 키움 &quot;파마리서치, 의료기기 최선호주…목표가↑&quot;","기업에 대한 투자의견은 매수로 유지한 가운데 목표주가는 51만원에서 52만원으로 상향조정했다. 앞서... 또 &quot;화장품의 매출액은 602억원&quot;이라며 &quot;내수는 약국 화장품, 올리브영 채널 판매성장이 이어졌다&quot;고 말했다.... ",http://www.newsdream.kr/news/articleView.html?idxno=115912,http://www.newsdream.kr/news/articleView.html?idxno=115912,"Mon, 10 Aug 2026 07:24:00 +0900",2026-08-10 08:35:17
뷰티/화장품,화장품 주가,"[추천주 직썰] 널뛰는 증시, '바벨전략'으로 방어·수익 다 잡는다","장세에서는 화장품이 방어력과 성장성을 모두 갖춘 대안&quot;이라고 분석했다. 한국투자증권은 에이피알과 코스맥스 목표주가를 각각 52만원, 27만원으로 제시했다. 10일 종가 기준 상승 여력은 에이피알 약 40%, 코스맥스 약... ",https://www.ziksir.com/news/articleView.html?idxno=142487,https://www.ziksir.com/news/articleView.html?idxno=142487,"Mon, 10 Aug 2026 06:00:00 +0900",2026-08-10 08:35:17
뷰티/화장품,화장품 주가,실적보다 달라진 성장의 내용…파마리서치 '이유있는 반등',이후 6~7월에는 실적 전망이 잇따라 상향 조정되면서 한국투자증권과 키움증권 등을 비롯한 증권사들이 목표주가를 연이어 높였다. 단순히 1분기 호실적 때문만이 아니라 유럽 의료기기 수출과 글로벌 화장품 사업이... ,https://www.medicaltimes.com/Main/News/NewsView.html?ID=1170063&ref=naverpc,https://www.medicaltimes.com/Main/News/NewsView.html?ID=1170063&ref=naverpc,"Mon, 10 Aug 2026 05:30:00 +0900",2026-08-10 08:35:17
뷰티/화장품,화장품 주가,"반도체에 물린 투자자들 하나둘씩 대피…불붙은 순환매, 자금 쏠린 ETF는",화장품 수출이 견조했음에도 최근 주가는 상대적으로 부진했기 때문이다. 7월 산업통상부 통계에 따르면 지난달 화장품 수출액은 13억5000만달러로 전년 동기 대비 37% 증가했다. 식음료 업종은 달러 대비 원화값... ,https://www.mk.co.kr/article/12122344,https://n.news.naver.com/mnews/article/009/0005718664?sid=101,"Sun, 09 Aug 2026 21:03:00 +0900",2026-08-10 08:35:17
뷰티/화장품,화장품 주가,실적·수출의 힘…화장품株 웃었다,2·4분기 실적 개선과 K뷰티 수출 호조에 기관 자금까지 유입되면서 화장품주가 급락장에서 두드러진 강세를 보였다. 9일 한국거래소에 따르면 지난주 코스피는 5.10% 하락한 반면 같은 기간 에이피알은 20.16... ,http://www.fnnews.com/news/202608091816514247,https://n.news.naver.com/mnews/article/014/0005559028?sid=101,"Sun, 09 Aug 2026 18:18:00 +0900",2026-08-10 08:35:17
뷰티/화장품,화장품 주가,불붙은 순환매 … 소비재·화장품 ETF로 돈 몰린다,화장품 수출이 견조했음에도 최근 주가는 상대적으로 부진했기 때문이다. 식음료 업종은 달러 대비 원화값 약세가 진정되면서 반등할 것이라는 기대를 받고 있다. 농심은 현재 6월 저점 대비 약 21% 오른 상태다.... ,https://www.mk.co.kr/article/12122191,https://n.news.naver.com/mnews/article/009/0005718573?sid=101,"Sun, 09 Aug 2026 17:30:00 +0900",2026-08-10 08:35:17
뷰티/화장품,화장품 주가,출렁인 증시에도 화장품株 강세…실적·수출이 받쳤다,2·4분기 실적 개선과 K뷰티 수출 호조에 기관 자금까지 유입되면서 화장품주가 급락장에서 두드러진 강세를 보였다. 9일 한국거래소에 따르면 지난주 코스피는 5.10% 하락한 반면 같은 기간 에이피알은 20.16... ,http://www.fnnews.com/news/202608091306318125,https://n.news.naver.com/mnews/article/014/0005558983?sid=101,"Sun, 09 Aug 2026 15:50:00 +0900",2026-08-10 08:35:17
뷰티/화장품,화장품 주가,“살 사람도 팔 사람도 없다”…‘삼전닉스’ 비명에 꽁꽁 얼어붙은 코...,반도체주가 주춤한 사이 화장품과 금융지주 등 일부 종목으로 자금이 이동하며 순환매가 나타났으나 시가총액 비중이 작은 탓에 지수 반등을 이끌지는 못했다. 이재원 유안타증권 연구원은 이달 반도체주 약세... ,https://www.dt.co.kr/article/12077229?ref=naver,https://n.news.naver.com/mnews/article/029/0003041368?sid=101,"Sun, 09 Aug 2026 14:18:00 +0900",2026-08-10 08:35:17
뷰티/화장품,화장품 주가,주식창 닫은 개미들…코스피 거래대금 올해 최저로 '뚝',"반도체 대형주가 주춤한 사이 일부 자금이 호실적을 기록한 화장품이나 방어주 성격이 큰 금융 지주 관련 종목으로 옮아가며 순환매가 나오기는 했지만, 코스피 시장에서 이들 업종의 시가총액 비중이 크지 않은 탓에... ",http://www.wowtv.co.kr/NewsCenter/News/Read?articleId=A202608090103&t=NN,https://n.news.naver.com/mnews/article/215/0001261687?sid=101,"Sun, 09 Aug 2026 13:00:00 +0900",2026-08-10 08:35:17
뷰티/화장품,화장품 주가,8월 코스피 거래대금 26조 ‘연중 최저’… 반도체·매크로 악재 겹쳐 [...,반도체 대형주의 주가 하락과 거시경제 불안이 시장 내 관망세를 키운 결과다. 9일 한국거래소에 따르면... 이에 방어주 성격의 금융 지주와 실적이 개선된 화장품 업종으로 자금이 일부 이동했으나 지수 하락을... ,https://www.sedaily.com/article/20077270?ref=naver,https://n.news.naver.com/mnews/article/011/0004649890?sid=101,"Sun, 09 Aug 2026 11:24:00 +0900",2026-08-10 08:35:17
뷰티/화장품,화장품 주가,코스피 거래대금·거래량 올해 최저..&quot;외국인 수급 개선 필요&quot;,반도체 대형주가 주춤한 사이 일부 자금이 호실적을 기록한 화장품이나 방어주 성격이 큰 금융 지주 관련 종목으로 이동하는 순환매가 나왔지만 업종의 시가총액 비중이 크지 않아 지수에는 큰 영향을 못 미쳤다.... ,https://kpenews.com/View.aspx?No=4179382,https://kpenews.com/View.aspx?No=4179382,"Sun, 09 Aug 2026 10:56:00 +0900",2026-08-10 08:35:17
뷰티/화장품,뷰티 산업,"KCON LA 2026, LA 한복판서 'Every K Festival'로 열린다","이를 통해 K-POP뿐 아니라 K-뷰티, K-푸드, K-스토리까지 한 데 모은 구성을 선보이며, 현장을 찾는 관객과... 이 같은 흐름 속에서 KCON은 단순 공연을 넘어 다양한 K-콘텐츠와 산업을 연결하는 만남의 장 역할을... ",https://www.topstarnews.net/news/articleView.html?idxno=16159304,https://www.topstarnews.net/news/articleView.html?idxno=16159304,"Mon, 10 Aug 2026 08:28:00 +0900",2026-08-10 08:35:18
뷰티/화장품,뷰티 산업,[천지일보 이슈종합] 민주당 전당대회·김민석 정청래 박빙 승부·장동...,K-뷰티와 K-푸드 등 국내 라이프스타일 업계가 세계 최대 소비시장인 미국으로 영토를 넓히고 있다. 과거... 모델의 단순 기술적 완성도와 독자성에 집중했던 1차 평가를 넘어 실제 업무를 처리하는 에이전트 역량과 산업... ,https://www.newscj.com/news/articleView.html?idxno=3423667,https://www.newscj.com/news/articleView.html?idxno=3423667,"Mon, 10 Aug 2026 07:02:00 +0900",2026-08-10 08:35:18
뷰티/화장품,뷰티 산업,"라이프위드코퍼레이션, ‘혁신 프리미어 1000’ 선정",2027년 말까지 정책금융·비금융 지원 신청 가능 K뷰티 기업 라이프위드코퍼레이션이 금융위원회와... 관계부처 합동 선정기업 목록에는 라이프위드코퍼레이션이 산업통상부 소관 기업으로 포함됐다. 혁신 프리미어... ,https://www.vegannews.co.kr/news/article.html?no=384635,https://www.vegannews.co.kr/news/article.html?no=384635,"Mon, 10 Aug 2026 06:12:00 +0900",2026-08-10 08:35:18
뷰티/화장품,뷰티 산업,"[생생확대경] K컬처가 부른 관광객, 또 오게 만들려면","K뷰티는 관광을 소비로 연결할 가능성이 크다. 궁궐과 문화유산, 자연과 미식, 지역마다 다른 문화와 이야기도 있다. 문제는 흩어진 자산을 얼마나 매력적인 경험으로 엮어내느냐다. 관광산업의 진짜 경쟁력은 ‘어쩌다... ",https://www.edaily.co.kr/news/newspath.asp?newsid=01620326645546008,https://n.news.naver.com/mnews/article/018/0006348415?sid=110,"Mon, 10 Aug 2026 06:02:00 +0900",2026-08-10 08:35:18
뷰티/화장품,뷰티 산업,WHAT'S NEW,"이와 함께, 시대를 초월한 워드로브에 최첨단 산업 기술을 접목한 실크 테크는 실크와 나일론을 함께... 구찌 뷰티, 에떼르니떼 드 보떼 쿠션 | 구찌 뷰티가 ‘에떼르니떼 드 보떼 쿠션 SPF 20 PA++++’를 출시한다. 광채를... ",https://magazine.hankyung.com/money/article/202607169699c,https://magazine.hankyung.com/money/article/202607169699c,"Mon, 10 Aug 2026 06:02:00 +0900",2026-08-10 08:35:18
뷰티/화장품,뷰티 산업,올리브영표 'K뷰티 놀이터'…미국 전역으로 확장,김주덕 서울사이버대 뷰티산업학과 교수는 &quot;세포라는 미국 전역에 촘촘한 유통망을 갖추고 있어 올리브영 입점 중소 브랜드에는 훨씬 큰 기회가 될 수 있다&quot;며 &quot;미국 소비자들이 한국에 오지 않아도 올리브영이 검증한... ,https://www.sidae.com/article/2026080715310387176,https://n.news.naver.com/mnews/article/417/0001154806?sid=103,"Mon, 10 Aug 2026 05:25:00 +0900",2026-08-10 08:35:18
뷰티/화장품,뷰티 산업,"[- 밤의고장 공주, 세계로 향한다] 집중취재(하)최원철 공주시장 인터뷰...","6차 산업과 푸드테크, 뷰티, 문화관광이 결합된 미래 성장 동력으로 전환하고자 2024년 전국 최초로 밤산업박람회를 개최했다&quot;고 밝혔다. 실제 공주시는 2024년부터 3년 연속 밤산업박람회를 개최하며 국내외 밤 산업... ",https://www.dynews.co.kr/news/articleView.html?idxno=861088,https://www.dynews.co.kr/news/articleView.html?idxno=861088,"Sun, 09 Aug 2026 20:18:00 +0900",2026-08-10 08:35:18
뷰티/화장품,뷰티 산업,"[게임 브리핑] 오렌지플래닛, 유망 스타트업 21개팀 배출...졸업식 진행","■ 오렌지가든 13기, 오렌지팜 9기 졸업식 통해 총 21개 팀 배출 AI·딥테크 등 미래 산업 포진...동문... 인공지능(AI)과 딥테크 기업이 주를 이룬 가운데 뷰티, 콘텐츠, 금융 등 다양한 분야의 기업들이 이름을 올렸다.... ",http://www.worktoday.co.kr/news/articleView.html?idxno=87719,http://www.worktoday.co.kr/news/articleView.html?idxno=87719,"Sun, 09 Aug 2026 20:08:00 +0900",2026-08-10 08:35:18
뷰티/화장품,뷰티 산업,"김성진 수원시정연구원장 “수원, 문화관광·첨단과학 도시 대전환… 도...","이에 따라 일자리와 산업, 교통, 문화, 복지 연계 도시 조성이 요구됐고 연구원도 도시의 변화를 미리 읽고... 수원화성과 능행차라는 역사적 서사에 K-푸드, K-뷰티, 드라마 등 다양한 콘텐츠를 결합해 전체 구간을 하나의... ",https://www.kyeonggi.com/article/20260809580128,https://n.news.naver.com/mnews/article/666/0000118459?sid=102,"Sun, 09 Aug 2026 19:18:00 +0900",2026-08-10 08:35:18
뷰티/화장품,뷰티 산업,[K-Power] 방한 외국인 1000만 시대 '활짝'…면세점 말고 로드숍 찾는다,"이에 따라 K-뷰티와 K-푸드에 집중되었던 외국인 쇼핑 품목이 패션, 아이웨어, 약국 헬스케어, 캐릭터 잡화... K-안경(K-Eyewear) 산업의 약진도 눈부시다. 블루엘리펀트는 지난해 매출 500원을 넘어선 507억원을 기록했다.... ",http://www.sisacast.kr/news/articleView.html?idxno=98623,http://www.sisacast.kr/news/articleView.html?idxno=98623,"Sun, 09 Aug 2026 19:04:00 +0900",2026-08-10 08:35:18
뷰티/화장품,K뷰티 수출,"파마리서치, 화장품 수출 성장 이어간다…3분기 美 코스트코 입점",파마리서치의 화장품 수출 성장세가 하반기에도 이어질 전망이다. 2분기 미국과 동남아시아 판매 확대를... KB증권은 &quot;미국과 아시아에서 K-뷰티 인지도 확대와 함께 온라인 매출이 본격적으로 성장하는 단계로... ,https://www.medicopharma.co.kr/news/articleView.html?idxno=69049,https://www.medicopharma.co.kr/news/articleView.html?idxno=69049,"Mon, 10 Aug 2026 07:44:00 +0900",2026-08-10 08:35:18
뷰티/화장품,K뷰티 수출,"진우바이오, 'SHTP' 기술로 글로벌 진출 가속화…28년 IPO 정조준",이를 통해 글로벌 뷰티 트렌드를 주도하는 프랑스의 유력 화장품 기업의 엄격한 기술성 평가를 통과했으며... 양사는 현재 해당 기술을 접목한 수출용 스킨 부스터 제품 개발에 박차를 가하고 있다. 액상 제품이 가진... ,https://www.bosa.co.kr/news/articleView.html?idxno=3009847,https://www.bosa.co.kr/news/articleView.html?idxno=3009847,"Mon, 10 Aug 2026 05:50:00 +0900",2026-08-10 08:35:18
뷰티/화장품,K뷰티 수출,"K-라이프, 세계 최대 미국시장 공략 본격화… &quot;매장 넘어 생산·물류까지...",누적 수출 규모는 100억원이다. K-뷰티 전문 유통망을 구축하는 움직임도 나타나고 있다. CJ올리브영은 지난 5월 미국 본토에 첫 오프라인 매장인 올리브영 패서디나점을 열고 미국 전용 온라인몰도 개설했다. 6월에는... ,https://www.newscj.com/news/articleView.html?idxno=3423632,https://www.newscj.com/news/articleView.html?idxno=3423632,"Sun, 09 Aug 2026 19:06:00 +0900",2026-08-10 08:35:18
뷰티/화장품,K뷰티 수출,"“중국 지고 미국·유럽 떴다”⋯'2분기 실적 대박' 낸 K뷰티, 7월에도 ...",이 같은 흐름은 7월 화장품 수출 데이터에서도 이어지며 3분기 실적 기대감을 높였다. 9일... 2분기 호실적에 이어 7월 화장품 수출 지표도 상향 흐름을 보였다. 통상 분기 초인 7월은 분기 말 대비 수출액이... ,https://www.etoday.co.kr/news/view/2612355,https://www.etoday.co.kr/news/view/2612355,"Sun, 09 Aug 2026 17:02:00 +0900",2026-08-10 08:35:18
운송/물류,운송 주가,평생에 걸쳐 영혼으로 섬기는 시인 ‘월트 휘트먼’과 마주하다,"세계적인 도야지의 도살장, 도구 제조자, 밀의 집산지여 철도를 좌우하는 자, 전국의 운송업자여, 난폭하고... 1929년 10월 24일 뉴욕 월스트리트 주가 대폭락의 ‘검은 목요일’로 막을 올린 대공황은 그야말로 하늘... ",https://www.kbmaeil.com/article/20260807500035,https://www.kbmaeil.com/article/20260807500035,"Sun, 09 Aug 2026 17:56:00 +0900",2026-08-10 08:35:19
운송/물류,운송 주가,"고용쇼크에도 못 꺾은 금리인상론…뉴욕증시, 물가에 달렸다",소매판매까지 함께 발표되는 만큼 물가 상승 압력과 미국 소비의 체력을 동시에 확인할 수 있는 한 주가 될... 해협 봉쇄가 장기화하면 국제유가가 다시 상승하고 미국의 에너지·운송 물가를 끌어올릴 수 있다.... ,https://www.ebn.co.kr/news/articleView.html?idxno=1719675,https://www.ebn.co.kr/news/articleView.html?idxno=1719675,"Sun, 09 Aug 2026 11:10:00 +0900",2026-08-10 08:35:19
운송/물류,운송 주가,반도체 쉬어가자 비반도체 '꿈틀'…이번주 증시는?,"최근 시장이 조정을 지속하는 가운데 코스피에서도 금융, 화장품, 운송 등의 주가가 오름세를 보이고 있다.김민규 KB증권 연구원은 &quot;올해 7월 이후 수익률 상위 업종인 은행, 음식료, 화장품, 비철, 운송, 상사 등... ",https://news.mtn.co.kr/news-detail/2026080908335596080,https://news.mtn.co.kr/news-detail/2026080908335596080,"Sun, 09 Aug 2026 08:44:00 +0900",2026-08-10 08:35:19
운송/물류,운송 주가,반도체 주가 하락 속 저평가주 주목…&quot;종목 키맞추기 지속될 것&quot;,"기업의 주가 하락세가 나날이 이어진 여파다. 반도체주를 중심으로 한 하락세 속에서 저평가 종목을... 김민규 KB증권 연구원은 최근 보고서를 통해 올 7월 이후 수익률 상위 업종인 은행과 음식료, 화장품, 비철, 운송... ",https://news.einfomax.co.kr/news/articleView.html?idxno=4429270,https://news.einfomax.co.kr/news/articleView.html?idxno=4429270,"Sun, 09 Aug 2026 08:12:00 +0900",2026-08-10 08:35:19
운송/물류,운송 주가,바닥 찍은 실리콘 사업 반등…KCC 실적에 볕 들기 시작했다,해소하느냐가 주가의 중요한 변수가 될 수 있다. 실적이 좋아지고 자산가치가 다시 주목받으면 이런 할인 폭이 줄어들 가능성이 있다. 다만 원재료 가격과 국제 정세는 여전히 변수다. 실리콘 사업은 원재료와 운송비... ,https://www.pinpointnews.co.kr/news/articleView.html?idxno=475609,https://www.pinpointnews.co.kr/news/articleView.html?idxno=475609,"Sun, 09 Aug 2026 07:56:00 +0900",2026-08-10 08:35:19
운송/물류,운송 주가,"[증시전망대] 변동성 진정되는 韓증시, '반전의 계기' 찾을까","반도체·전자주가 외국인 순매도 상위권에 포진했다. 해외 증시 환경은 국내 투자심리 개선을... 필라델피아 반도체 지수는 2.56% 급등했고, 러셀2000지수와 다우운송지수도 각각 1.10%, 0.38% 올랐다. 코스피200 야간선물... ",http://www.newsroad.co.kr/news/articleView.html?idxno=62605,http://www.newsroad.co.kr/news/articleView.html?idxno=62605,"Sun, 09 Aug 2026 07:36:00 +0900",2026-08-10 08:35:19
운송/물류,운송 주가,"[마켓인사이트] 韓증시, 역대급 변동성은 다소 완화…반등계기 찾나","3대 주가지수 동반 상승 엔비디아·퀄컴·인텔 등 오르고 메모리 반도체는 대부분 내려 韓증시 투자심리... 필라델피아 반도체 지수는 2.56% 급등했고, 러셀2000지수와 다우운송지수는 각각 1.10%, 0.38% 올랐다. 코스피200... ",https://www.yna.co.kr/view/AKR20260807158800008?input=1195m,https://n.news.naver.com/mnews/article/001/0016240411?sid=101,"Sun, 09 Aug 2026 06:00:00 +0900",2026-08-10 08:35:19
운송/물류,운송 주가,60% 빠졌던 효성중공업의 반전…주가 되살린 ‘12조 수주’의 힘 [이주의...,연간 신규 수주 가이던스 8.4조원→12조원 대폭 상향 6거래일 새 주가 50% 반등 북미 전력망 수요 급등에... 중동 지역의 제품 인도가 지연된 데 가운데 일부 미국향 물량도 운송 중인 재고로 분류되며 2분기 실적에... ,https://www.mk.co.kr/article/12121695,https://n.news.naver.com/mnews/article/009/0005718274?sid=101,"Sat, 08 Aug 2026 12:57:00 +0900",2026-08-10 08:35:19
운송/물류,운송 주가,"팬오션, 벌크 이어 탱커까지 터졌다…&quot;VLCC 모멘텀 머지않아&quot;",VLCC는 초대형 원유운반선으로 글로벌 원유 해상운송 시장에서 중요한 역할을 한다. 원유를 장거리로... 하나증권이 'VLCC 모멘텀이 머지 않았다'고 표현한 것도 향후 팬오션의 실적과 주가를 움직일 수 있는 새로운 재료가... ,https://www.pinpointnews.co.kr/news/articleView.html?idxno=475511,https://www.pinpointnews.co.kr/news/articleView.html?idxno=475511,"Sat, 08 Aug 2026 11:40:00 +0900",2026-08-10 08:35:19
운송/물류,운송 주가,"[EBN 데이터센터] 미 증시, 기술주 강세에 일제히 상승 마감...나스닥 종...",다우운송지수는 81.99포인트(0.38%) 상승한 21506.09로 마감했다. 특히 기술주 중심의 상승 흐름이... ◆반도체·빅테크가 지수 상승 견인 이날 개별 종목에서는 시가총액 상위 기술주가 대체로 강세를... ,https://www.ebn.co.kr/news/articleView.html?idxno=1719639,https://www.ebn.co.kr/news/articleView.html?idxno=1719639,"Sat, 08 Aug 2026 10:34:00 +0900",2026-08-10 08:35:19
운송/물류,운송 주가,도박을 금융으로 정의하다 [허태윤의 브랜드스토리],주가가 기업의 가치를 반영하듯 이 가격은 미래에 대한 대중의 판단을 실시간으로 반영한다. 문제는 이... 스스로를 운송업으로 정의했더라면 자동차와 항공기는 위협이 아니라 사업의 기회였을 것이다. 철도는 업을 좁게... ,https://economist.co.kr/article/view/ecn202608050035,https://n.news.naver.com/mnews/article/243/0000101373?sid=110,"Sat, 08 Aug 2026 08:01:00 +0900",2026-08-10 08:35:19
운송/물류,운송 주가,"&quot;유가 급등·인플레 공포 악재&quot;...다우 선물, 호르무즈 악재에 붕괴 위기",중동 긴장이 고조되고 호르무즈 해협을 둘러싼 운송 차질 우려가 커지면서 유가가 상승했다. 유가... 금리 민감도가 높은 대형주에는 주가 부담 요인으로 작용했다. 미국 경제지표는 경기 둔화 우려를 일부... ,http://coinreaders.com/251724,http://coinreaders.com/251724,"Fri, 07 Aug 2026 19:42:00 +0900",2026-08-10 08:35:19
운송/물류,운송 주가,[위클립] 8월 1주,"참여와혁신이 한 주간 노동계 일정을 정리해드립니다. 3일(월) □ 양대노총 &quot;메가특구법 규탄, 사회적 대화... 또 배달노동자의 배달대행 사업자에게 유상운송보험 가입 여부와 교통안전 교육 이수 여부 확인 의무를 부여한... ",https://www.laborplus.co.kr/news/articleView.html?idxno=41274,https://www.laborplus.co.kr/news/articleView.html?idxno=41274,"Fri, 07 Aug 2026 18:48:00 +0900",2026-08-10 08:35:19
운송/물류,운송 주가,"코스피, 2거래일 연속 하락… 美 고용지표·SK하닉 배당금 주목","금속, 기계·장비, 의료·정밀기기, 전기·가스는 약보합인 반면 섬유·의류, 운송장비·부품, 운송·창고... 이날 서울외환시장에서 원/달러 환율은 전 거래일 종가보다 7.7원 내린 1416.1원에 주간거래(오후 3시30분)를... ",https://www.mt.co.kr/stock/2026/08/07/2026080716242529311,https://n.news.naver.com/mnews/article/008/0005397147?sid=101,"Fri, 07 Aug 2026 17:42:00 +0900",2026-08-10 08:35:19
운송/물류,운송 주가,[오늘의 ABC 뉴스룸] &quot;폭락장에도 코스피 1만2천 간다&quot; 월가의 충격 전망...,"발표 직후, 이 기술을 개발한 기업 '뉴트리프린트(NutriPrint)'의 주가는 40% 폭등하며 글로벌 시가총액 Top 10에... 곡물 운송을 담당하던 벌크선 운임지수(BDI) 역시 하루 만에 18% 급락합니다. ■ 1개월 뒤: '좌초경작지'의... ",https://www.ajunews.com/view/20260807163427513,https://www.ajunews.com/view/20260807163427513,"Fri, 07 Aug 2026 17:26:00 +0900",2026-08-10 08:35:19
운송/물류,운송 주가,SCFI 3276.14...2주 연속 상승,글로벌 해상 운송 시장의 단기 수급 상황을 반영하는 대표적인 지표로 평가된다. HMM 등 국내 해운사들의 실적과 주가에도 직접적인 영향을 미치는 지표로 꼽힌다.,http://www.4th.kr/news/articleView.html?idxno=2116007,http://www.4th.kr/news/articleView.html?idxno=2116007,"Fri, 07 Aug 2026 17:26:00 +0900",2026-08-10 08:35:19
운송/물류,물류 산업,"롯데마트, 2000억 물류 승부수…AI 로봇이 ‘피킹부터 배송까지’","롯데마트는 지난 7일 부산 강서구 국제산업물류도시에 고객 풀필먼트 센터(CFC) '제타 스마트센터 부산'을 개장했다고 9일 밝혔다. 부지 확보와 건축 등에 약 2000억원을 투자한 센터로, 영국 리테일테크 기업 오카도... ",https://www.sentv.co.kr/article/view/sentv202608100003,https://www.sentv.co.kr/article/view/sentv202608100003,"Mon, 10 Aug 2026 08:04:00 +0900",2026-08-10 08:35:20
운송/물류,물류 산업,[기고] 기후위기는 국가 시스템 리스크다…미래는 이미 도착했다,"(사진 제공: 문지은) 기후위기는 환경의 범위를 넘어 경제와 산업, 보건, 에너지, 식량, 국가안보가 연결된 시스템 리스크로 이동했다. 폭염과 집중호우가 반복될수록 기업은 생산시설과 공급망, 인력 운영, 물류체계를... ",https://www.venturesquare.net/1104819/,https://www.venturesquare.net/1104819/,"Mon, 10 Aug 2026 07:52:00 +0900",2026-08-10 08:35:20
운송/물류,물류 산업,[LX 출범 5년] 덩치 커졌지만 실속 없어…경기민감도 높은 사업 '한계',"LX인터내셔널은 상사, LX판토스는 물류, LX세미콘은 반도체, LX하우시스는 건자재를 맡고 있다. 주요 사업 모두 원자재 가격과 물동량, 전방산업 투자 수요에 실적이 직결되는 경기민감 업종으로 분류된다. 개별... ",https://dealsite.co.kr/articles/166624,https://dealsite.co.kr/articles/166624,"Mon, 10 Aug 2026 07:12:00 +0900",2026-08-10 08:35:20
운송/물류,해운 시장,'기후성과·지속가능성' 빠진 바이오연료 정책… 팜유 공급망 위험 노출...,국내 시장으로 고위험 원료가 유입될 위험성도 커지고 있다. 내년 도입 예정인 지속가능항공유(SAF) 1% 혼합 의무화 등 항공·해운 분야로 바이오연료 수요가 확산되는 만큼 제도 개선이 시급하다는 얘기다.... ,http://www.newsroad.co.kr/news/articleView.html?idxno=62623,http://www.newsroad.co.kr/news/articleView.html?idxno=62623,"Mon, 10 Aug 2026 08:30:00 +0900",2026-08-10 08:35:20
운송/물류,해운 시장,(민선 9기 한 달)④막 오른 '글로벌 해양수도'…'전재수 리더십' 시험대,"전 시장은 이후에도 SK해운, H라인, HMM 등 해운 대기업 본사를 부산으로 옮기는 작업을 주도했습니다. 해양수도전략실 신설과 해수부, 해운 대기업 이전이 각각 해양수도 완성을 위한 제도적, 물적·인적 토대라면 재정적... ",http://www.newstomato.com/ReadNews.aspx?no=1309696&inflow=N,http://www.newstomato.com/ReadNews.aspx?no=1309696&inflow=N,"Mon, 10 Aug 2026 06:02:00 +0900",2026-08-10 08:35:20
운송/물류,해운 시장,美미사일 고갈 속 물가지표에 달린 금리인상론 [트럼프 스톡커],현재는 연방준비제도(Fed·연준)가 9월 15~16일 연방공개시장위원회(FOMC) 정례회의에서 기준금리를 동결할... 이 매체는 해운·위성 자료 제공 업체를 인용해 이란 원유 수출의 기지 역할을 하는 하르그섬의 원유 선적이... ,https://www.sedaily.com/article/20077287?ref=naver,https://n.news.naver.com/mnews/article/011/0004650043?sid=104,"Mon, 10 Aug 2026 05:31:00 +0900",2026-08-10 08:35:20
운송/물류,해운 시장,"여수시, 섬 지역 기초단체장 정기회의 개최",또한 24개 지자체와 행정안전부와 한국섬진흥원과 한국해운조합 등 유관기관 관계자들이 모여 섬 발전을... 서영학 여수시장은 &quot;협의회에서 논의된 공동 현안이 실질적 정책에 반영될 수 있도록 최선을 다하겠다&quot;며 &quot;오는... ,https://www.jnilbo.com/news/articleView.html?idxno=90000055477,https://www.jnilbo.com/news/articleView.html?idxno=90000055477,"Mon, 10 Aug 2026 03:15:00 +0900",2026-08-10 08:35:20
운송/물류,해운 시장,"태백, 석탄 딛고 청정메탄올로…라트비아와 유럽 진출 손잡는다",석탄으로 국가 산업화를 이끌었던 태백시가 청정메탄올을 앞세워 유럽 시장의 문을 두드린다. 이상호... 녹색해운항로 구축을 목표로 주한 라트비아 대사관과 협력 관계 구축하겠다”고 강조했다. 이어 “라트비아의... ,https://www.kwnews.co.kr/article/20260807500315,https://n.news.naver.com/mnews/article/087/0001210377?sid=102,"Mon, 10 Aug 2026 00:10:00 +0900",2026-08-10 08:35:20
운송/물류,해운 시장,태백시·라트비아 청정메탄올 파트너십 구축,태백시가 청정메탄올 산업 육성과 유라시아 녹색해운항로 구축을 위해 주한 라트비아대사관과 협력 방안을 논의했다. 태백시는 이상호 시장이 지난 7일 주한 라트비아대사관을 방문해 대사 등 관계자들과 면담을 갖고 '한... ,https://www.kado.net/news/articleView.html?idxno=2065690,https://n.news.naver.com/mnews/article/654/0000194360?sid=102,"Mon, 10 Aug 2026 00:06:00 +0900",2026-08-10 08:35:20
운송/물류,해운 시장,&quot;선박·항만 안전관리가 최우선&quot;… 스마트 계류 기술로 승부[부울경 유...,추가로 지난 5월에는 UPA의 '2026 스마트해운물류 오픈이노베이션' 사업에도 선정돼 울산창조경제혁신센터의... 황 대표는 &quot;국내 계류장비 시장은 아직 해외 제품 의존도가 높고 고부가가치 계류 안전 시스템의 국산화가... ,http://www.fnnews.com/news/202608091909320382,https://n.news.naver.com/mnews/article/014/0005559080?sid=101,"Sun, 09 Aug 2026 19:10:00 +0900",2026-08-10 08:35:20
운송/물류,해운 시장,두산 구조조정 돕고 中企 승계 문제도 해결…성공적 협력 사례 많아,국내 자본시장에서 사모펀드(PEF)는 대기업의 사업 재편을 돕는 재무적 우군으로 활약했다. 기간산업... 경기 변동성이 큰 조선·해운 등 기간산업 구조조정 과정에서도 PEF의 존재감이 두드러졌다. 민간 자본의... ,https://www.hankyung.com/article/2026080928731,https://n.news.naver.com/mnews/article/015/0005318854?sid=101,"Sun, 09 Aug 2026 17:54:00 +0900",2026-08-10 08:35:20
운송/물류,해운 시장,[기고]금융 공공기관 이전에 여야 힘 합쳐야,"해운 대기업 이전, 해사전문법원 설치 등이 잇따르면서 지역 전체에 큰 활기가 돌고 있다. 북극항로 개척도 헤쳐 나가야 할 난관이 하나 둘은 아니지만 부산의 새로운 희망이다. 이렇게 되기까지 전재수 부산시장이 많은... ",https://www.busan.com/view/busan/view.php?code=2026080917385701863,https://n.news.naver.com/mnews/article/082/0001393139?sid=110,"Sun, 09 Aug 2026 17:40:00 +0900",2026-08-10 08:35:20
운송/물류,해운 시장,"이란, 호르무즈 재개방에 조건부 입장…&quot;美 제재·병력 철수해야&quot;",이에 따라 호르무즈 해협 통항 정상화에 대한 시장의 기대도 한층 약해지고 있다. NYT는 이란의 새로운... 해운 데이터 업체 케이플러에 따르면 지난주 호르무즈 해협을 통과한 선박은 하루 평균 10여척에 그쳐 전쟁 전... ,https://www.g-enews.com/view.php?ud=202608091610393329cd0bfacc1c_1,https://www.g-enews.com/view.php?ud=202608091610393329cd0bfacc1c_1,"Sun, 09 Aug 2026 16:14:00 +0900",2026-08-10 08:35:20
운송/물류,해운 시장,호르무즈 열리나 했더니…이란 &quot;美 철군·제재 해제 먼저&quot;,해운 데이터 업체 케이플러(Kpler)에 따르면 지난주 호르무즈 해협을 통과한 선박은 하루 평균 10여척에... 호르무즈 해협은 중동 주요 산유국의 원유와 액화천연가스(LNG)가 세계 시장으로 이동하는 핵심 해상 통로다. 해협... ,https://www.ebn.co.kr/news/articleView.html?idxno=1719689,https://www.ebn.co.kr/news/articleView.html?idxno=1719689,"Sun, 09 Aug 2026 15:52:00 +0900",2026-08-10 08:35:20
운송/물류,해운 시장,"韓 수입차 판매1위 테슬라, 중국선 3년 새 19% 감소",테슬라는 지난 2월부터 6개월 연속 국내 수입차 시장에서 브랜드 판매 1위를 달리고 있다. 국내 수입차 업계 관계자는 &quot;테슬라가 미국산 제품을 한국에 공급할 당시 해운수송에 1~2달 소요되는 만큼 공급이 수요를 제 때... ,https://daily.hankooki.com/news/articleView.html?idxno=1393925,https://daily.hankooki.com/news/articleView.html?idxno=1393925,"Sun, 09 Aug 2026 13:00:00 +0900",2026-08-10 08:35:20
운송/물류,해운 시장,[기고]‘美 원정군’의 시간은 왜 ‘이란 방어자’의 편이 되는가…김태...,"이란은 모든 선박을 공격하거나 해협을 완전히 봉쇄하지 않더라도 선박이 안전하게 통과할 수 있는가에 대한 불확실성을 지속시키는 것만으로 국제 해운과 보험, 에너지시장에 영향을 줄 수 있다. 제한된 군사적 위협이... ",https://www.munhwa.com/article/11608206?ref=naver,https://n.news.naver.com/mnews/article/021/0002810114?sid=100,"Sun, 09 Aug 2026 12:15:00 +0900",2026-08-10 08:35:20
운송/물류,해운 시장,"여수시, 섬 지역 기초단체장협의회 정기회의 진행","24개 지자체를 비롯해 행정안전부와 한국섬진흥원, 한국해운조합 등 관계기관 관계자들도 참석해 섬 발전... 서영학 여수시장은 &quot;협의회에서 논의한 공동 현안이 정부 정책에 실질적으로 반영될 수 있도록 힘쓰겠다&quot;며... ",https://www.jeonmae.co.kr/news/articleView.html?idxno=1282141,https://www.jeonmae.co.kr/news/articleView.html?idxno=1282141,"Sun, 09 Aug 2026 11:56:00 +0900",2026-08-10 08:35:20
농업,농업 주가,[손병관의 뉴스프레소] 수사 종료 2주 앞두고 '무더기 기소' 예고한 종합...,경남 밀양은 농업용수 저수율이 25.7%까지 떨어지며 전국에서 유일하게 '심각' 단계에 진입했다. 기상청... 양준석 가톨릭대 경제학과 교수는 중앙일보에 &quot;고령층이 보유 주식을 담보로 빚을 내 투자했다면 주가... ,https://www.ohmynews.com/NWS_Web/View/at_pg.aspx?CNTN_CD=A0003257784&CMPT_CD=P0010&utm_source=naver&utm_medium=newsearch&utm_campaign=naver_news,https://n.news.naver.com/mnews/article/047/0002524994?sid=102,"Mon, 10 Aug 2026 07:06:00 +0900",2026-08-10 08:35:21
농업,농업 주가,콜로라도강이 말라간다…美 최대 저수지 수위 역대 최저로,"약 70만 가구가 콜로라도강에 기대 전력을 공급받고 있으며, 500만 에이커(약 203만㏊) 농경지에서 농업용수... 지난달 매립국이 캘리포니아, 네바다, 애리조나 등 강 하류 3개 주가 연간 용수 사용량을 300만 에이커피트(약... ",https://www.yna.co.kr/view/AKR20260808003100075?input=1195m,https://n.news.naver.com/mnews/article/001/0016239874?sid=104,"Sat, 08 Aug 2026 04:54:00 +0900",2026-08-10 08:35:21
농업,농업 주가,"[퇴근길 포인트] 첫 파업까지 간 카카오 노사, 연봉총액 6.3%↑...하닉, 이...",◇하이닉스 이틀 새 14.7%↓···외국인 반도체주 '팔자' SK하이닉스 주가가 이틀 동안 14.7% 떨어졌다. 전날 10.... 폭염·가뭄 특별관리기간을 운영하고 농업인 온열질환과 농작물·가축 피해 예방도 강화한다. 농식품부는... ,https://www.pointdaily.co.kr/news/articleView.html?idxno=314725,https://www.pointdaily.co.kr/news/articleView.html?idxno=314725,"Fri, 07 Aug 2026 17:26:00 +0900",2026-08-10 08:35:21
농업,농업 주가,"[금융권 이모저모]신한자산운용, 팔란티어 커버드콜 ETF 연 배당률 1·2위...","금융권이 투자상품 운용과 농업인 보호, 청년 취업 지원 등 각 분야에서 대응을 강화하고 있다.... 팔란티어 주가 상승에 일부 참여하면서 월 단위 인컴을 함께 추구하도록 설계됐다. 'SOL 팔란티어커버드콜OTM채권혼합... ",https://www.businessplus.kr/news/articleView.html?idxno=115197,https://www.businessplus.kr/news/articleView.html?idxno=115197,"Fri, 07 Aug 2026 15:48:00 +0900",2026-08-10 08:35:21
농업,농업 주가,[극한 폭염]가축 폐사 늘고·댐 저수율 '뚝'…이번주가 고비,기상청은 7일 전국 대부분 지역에서 폭염이 절정에 이를 것으로 전망해 이번 주가 올여름 최대 고비가 될... 농식품부는 폭염 피해 최소화를 위해 농업재해대책상황실을 중심으로 24시간 비상운영체계를 유지하며... ,https://view.asiae.co.kr/article/2026080708384288922,https://n.news.naver.com/mnews/article/277/0005800123?sid=101,"Fri, 07 Aug 2026 09:30:00 +0900",2026-08-10 08:35:21
농업,농업 주가,"[오늘의 신문] 폭염은 농업 흔들고, 증시는 급락…미중 갈등도 다시 격...","반도체와 대형 기술주가 하락을 주도했으며 장중 낙폭은 5%를 넘기도 했다. 개인투자자의 저가 매수가... 무엇보다 폭염은 농업과 식품가격, 노인 돌봄, 의료체계에 동시에 영향을 미치고 있다. 기후위기는 더 이상 날씨의... ",http://kor.theasian.asia/archives/412408,http://kor.theasian.asia/archives/412408,"Fri, 07 Aug 2026 08:52:00 +0900",2026-08-10 08:35:21
농업,농업 주가,"[AP 미디어동향 8월 1주] 네이버TV, 14년만에 역사 속으로",언론이 주가조작 등의 혐의로 징역형을 선고 받은 윤 전대통령의 배우자 김건희씨 호칭을 여전히 '여사... 정명진 ▲ 농업전문기자 최용준 ▲ 산업부 부장대우 조은효 (8/2) [서울신문] ▲ 문화체육부 차장 김기중... ,https://www.apnews.kr/news/articleView.html?idxno=3050325,https://www.apnews.kr/news/articleView.html?idxno=3050325,"Fri, 07 Aug 2026 08:40:00 +0900",2026-08-10 08:35:21
농업,농업 주가,[국제금융 브리핑] 이란 호르무즈 통항 제한 검토...브렌트유 3.83% 급등...,유가와 미국 국채금리는 오르고 미국 주가는 약세를 보였다. 7일 국제금융센터 보고서에 따르면 이란은... 2분기 비농업 노동생산성은 전기 대비 1.4% 상승해 예상치 0.6%를 웃돌았다. 이는 AI 확산 효과로 해석됐으며... ,https://www.tokenpost.kr/news/economy/386495,https://www.tokenpost.kr/news/economy/386495,"Fri, 07 Aug 2026 08:32:00 +0900",2026-08-10 08:35:21
농업,농업 주가,금융권도 ‘폭염 대응 총력’…쉼터부터 취약계층까지 맞춤형 지원,NH농협생명은 정부 정책보험인 ‘농업인안전보험’을 통해 농작업 중 발생하는 열사병·열탈진 등... 냉방기기 수요가 급증할 것이라는 기대가 주가에 반영된 것으로 풀이된다. 모터 제조업체 에스피지는 이 기간 33.13... ,http://www.segyebiz.com/newsView/20260807501331?OutUrl=naver,http://www.segyebiz.com/newsView/20260807501331?OutUrl=naver,"Fri, 07 Aug 2026 07:02:00 +0900",2026-08-10 08:35:21
농업,농업 주가,"AI 반도체 호황, 한국의 직업·집값·문화를 바꾸다","삼성전자, SK하이닉스의 반도체 생산 현장에서 시작된 AI 특수가 거액의 성과급과 주가 상승으로 이어지면서... 환경단체들은 산업용수를 우선 공급하기보다 농업·생태계의 물 수요와 균형을 맞춰야 한다고 주장했다.... ",https://www.g-enews.com/view.php?ud=202608062216343779a1f309431_1,https://www.g-enews.com/view.php?ud=202608062216343779a1f309431_1,"Fri, 07 Aug 2026 03:02:00 +0900",2026-08-10 08:35:21
농업,농업 주가,"임미애 &quot;김영호와 단일화? 아직 70%정도 유권자 남아, 생각해 본 적 없다...","번째 주가 진행이 되는 거여서 저는 그런 부분과 관련해서는 아직 생각해 본 적이 전혀 없습니다. ◇ 이동형... 조금 다른 얘기인데 아까 우리 폭염 얘기를 나눠봤으니까, 의원님께서 최근에 '농업·농촌 기후 위기 대응법'을... ",https://www.ytn.co.kr/_ln/0101_202608061940132029,https://n.news.naver.com/mnews/article/052/0002389902?sid=100,"Thu, 06 Aug 2026 19:40:00 +0900",2026-08-10 08:35:21
농업,농업 주가,"美 샌디스크 쇼크...일본증시 '장중 뚝', 키옥시아 '급락'","지난밤 미국증시에서 일부 기술주 주가가 급락하면서 각국 증시 투심을 위축시키고 있다. 각 거래소에... 페트로차이나(+0.19%), 귀주모태주(+0.18%), 부사강산업인터넷(+3.67%) 등이 상승하는 반면 농업은행(-0.46... ",http://www.choicenews.co.kr/news/articleView.html?idxno=169440,http://www.choicenews.co.kr/news/articleView.html?idxno=169440,"Thu, 06 Aug 2026 14:06:00 +0900",2026-08-10 08:35:21
농업,농업 주가,하늘길 장악 나선 드론株…방산·AI·물류 성장 기대감 커진다,"드론 관련주가  6일 상승 흐름을 보이고 있다. 방산 분야의 무인체계 확대와 함께 물류, 감시, 재난 대응... 증권업계에서는 드론 산업이 방산뿐 아니라 물류 자동화, 농업, 재난 관리, 인프라 점검 등으로 활용 영역이... ",https://www.pinpointnews.co.kr/news/articleView.html?idxno=474951,https://www.pinpointnews.co.kr/news/articleView.html?idxno=474951,"Thu, 06 Aug 2026 13:08:00 +0900",2026-08-10 08:35:21
농업,농업 주가,[기업家] LS그룹 ⑧ㅣ ESS·해저케이블·희토류까지…전력 인프라 전방위...,"신재호 LS엠트론 사장은 &quot;농작업 전 과정을 믿고 맡길 수 있는 무인 농업 시대를 열겠다&quot;고 말했다. ● 2026... ● 2026-07-24 LS ELECTRIC, 2분기 신규수주 243%↑·영업익 최대…목표주가 27만원 '상향' LS일렉트릭 (사진... ",https://www.cbci.co.kr/news/articleView.html?idxno=595157,https://www.cbci.co.kr/news/articleView.html?idxno=595157,"Thu, 06 Aug 2026 10:44:00 +0900",2026-08-10 08:35:21
농업,농업 주가,비트코인 9100만원대 버티기…고래 매집에 반등 기대감[코인브리핑],상원이 8일부터 약 한 달간 여름 휴회에 들어갈 예정인 만큼 이번 주가 처리의 분수령이 될 전망이다. 다만... 상원 농업위원회 수정안의 반영 여부 등을 핵심 협상 과제로 제시했다. 콜드카드 해킹에 커스터디... ,https://www.news1.kr/finance/blockchain-fintech/6250800,https://n.news.naver.com/mnews/article/421/0009100068?sid=101,"Thu, 06 Aug 2026 10:14:00 +0900",2026-08-10 08:35:21
농업,농산물 시장,"[부산소식]하수도 경영평가 1위, 안전·혁신 선도 도시로 자리매김 외",부산시 전경 부산시(시장 전재수)가 행정안전부 주관 '2026년도 지방공기업 경영평가' 광역하수도 부문에서... ◇ 농산물·블루푸드 활용 '건강돌봄식탁' 교육 추진 부산시 농업기술센터가 지역 농산물과 블루푸드를... ,https://daily.hankooki.com/news/articleView.html?idxno=1394028,https://daily.hankooki.com/news/articleView.html?idxno=1394028,"Mon, 10 Aug 2026 08:32:00 +0900",2026-08-10 08:35:22
농업,농산물 시장,맥도날드 버거로 다시 돌아온 매콤한 진주의 맛,"이번 진주고추 버거 재출시는 진주의 우수 농산물을 전국에 알리고, 판로를 확대하는 등 지역 농가의 소득을 증대하는 데 크게 기여할 것으로 기대된다. 조규일 시장은 “진주고추는 전국 최고의 명품 고추로... ",https://www.knnews.co.kr/news/articleView.php?idxno=1548308,https://www.knnews.co.kr/news/articleView.php?idxno=1548308,"Mon, 10 Aug 2026 08:00:00 +0900",2026-08-10 08:35:22
농업,농산물 시장,"김제시, 과학영농으로 미래 농업 경쟁력 높인다","김제시농업기술센터가 토양검정실, 쌀품질관리실, 농산물안전분석실, 미생물사업소... 정성주 김제시장은 &quot;김제의 경쟁력은 넓은 농경지만이 아니라 과학과 데이터에 기반한 미래농업에 있다&quot;며 &quot;농업인이 토양과 품질... ",https://www.pointdaily.co.kr/news/articleView.html?idxno=314832,https://www.pointdaily.co.kr/news/articleView.html?idxno=314832,"Mon, 10 Aug 2026 07:56:00 +0900",2026-08-10 08:35:22
농업,농산물 시장,"윙입푸드, 中심천시 국유기업과 육가공제품 위탁생산계약",특히 심천시가 식품 안전 수준을 높이기 현지 기업의 경쟁력을 강화하기 위해 육성하고 있는 현지 농산물 브랜드의 운영 주체로 알려져 있다. 엄격한 품질 기준을 충족한 제품의 시장 신뢰도와 유통 경쟁력을 높이는 것을... ,https://www.newsis.com/view/NISX20260810_0003742056,https://n.news.naver.com/mnews/article/003/0014116747?sid=101,"Mon, 10 Aug 2026 07:44:00 +0900",2026-08-10 08:35:22
농업,농산물 시장,"[계란 난맥상]④日은 '에그 쇼크', 美 담합 의혹…글로벌 덮친 '금란'",시장에서는 낙후한 유통 구조와 현실을 고려하지 않은 규제를 지목한다. 체계적인 가격 결정 시스템이... 19세기 항구에서 배포되던 농산물 시세 소식지가 유통 과정에서 관행으로 자리 잡으면서 현재도 사용되고 있다.... ,https://view.asiae.co.kr/article/2026073008262561390,https://n.news.naver.com/mnews/article/277/0005800674?sid=103,"Mon, 10 Aug 2026 07:05:00 +0900",2026-08-10 08:35:22
농업,농산물 시장,"[Issue+] 급등과 급락을 오가는 종계 가격, 무엇이 문제인가","# 종란 수입, 시장 회복과 맞물려 병아리 가격 급락 농식품부가 원활한 병아리 공급을 위해 종란 수입을... 현행 '부가가치세법'에 따르면 부화업자가 종란을 부화해 병아리를 직접 생산·판매하는 경우 농산물로 분류돼... ",https://www.aflnews.co.kr/news/articleView.html?idxno=326102,https://www.aflnews.co.kr/news/articleView.html?idxno=326102,"Mon, 10 Aug 2026 07:00:00 +0900",2026-08-10 08:35:22
농업,농산물 시장,"[Issue+] 시장도매인제 논의 재점화, 쟁점은",거래액 1조 원대로 성장한 시장도매인제 시장도매인은 농산물의 수집·분산 기능을 동시에 수행하는 법인으로서 도매시장법인과 중도매인을 합친 것과 같은 형태의 유통주체로 정의된다. 일반적인 경매제가 출하자... ,https://www.aflnews.co.kr/news/articleView.html?idxno=326054,https://www.aflnews.co.kr/news/articleView.html?idxno=326054,"Mon, 10 Aug 2026 07:00:00 +0900",2026-08-10 08:35:22
농업,농산물 시장,[사설] 농어업 희생 강요하는 CPTPP가입 강행 안된다,"추가적인 시장 개방, 그것도 역대 최고 수준의 개방이 우려되는 CPTPP에 가입한다는 것은 농어업계를 또다시 사지로 내모는 일이나 진배없다 할 것이다. 실제 CPTPP의 농산물 관세철폐율은 무려 96%를 넘어선다. 그동안... ",https://www.aflnews.co.kr/news/articleView.html?idxno=326095,https://www.aflnews.co.kr/news/articleView.html?idxno=326095,"Mon, 10 Aug 2026 07:00:00 +0900",2026-08-10 08:35:22
농업,농산물 시장,고랭지 배추 작황 호조...저장배추 방출이 시세하락 '주범',"본지는 서울 가락동 농수산물도매시장법인 대아청과와 지난 5~6일 이틀간 강원 태백, 정선, 강릉 안반데기 등... 이한진 태백농협 농산물유통가공사업소장은 &quot;정부의 저장물량 방출을 기대하고 고랭지 산지에서 배추를... ",https://www.aflnews.co.kr/news/articleView.html?idxno=326080,https://www.aflnews.co.kr/news/articleView.html?idxno=326080,"Mon, 10 Aug 2026 07:00:00 +0900",2026-08-10 08:35:22
농업,농산물 시장,"&quot;원가보다 공급망&quot;…식품업계, 경쟁 공식 바뀐다","원자재 시장 변동 속에서도 안정적으로 원료를 확보하는 공급망 관리 역량이 새로운 경쟁력이 되고 있다.... 폭염과 가뭄, 집중호우 등 기후 변화가 잦아지면서 농산물 생산량과 가격 변동성이 커지고 있다. 이에 국내... ",https://www.dailian.co.kr/news/view/1675871/?sc=Naver,https://n.news.naver.com/mnews/article/119/0003119998?sid=101,"Mon, 10 Aug 2026 06:31:00 +0900",2026-08-10 08:35:22
농업,농산물 시장,'겨울이 제철인 줄 알았는데'…지금 꼭 먹어야 한다는 '이것' [프라이스...,농산물유통 종합정보시스템 농넷에 따르면 지난 7일 가락시장에서 거래된 고구마 10㎏ 평균 경락가격은 3만2717원으로 지난해 같은 날(3만2313원)보다 1.3% 올랐다. 지난해 생산한 저장 고구마 재고가 줄어든 가운데 올해... ,https://www.hankyung.com/article/202608071402i,https://n.news.naver.com/mnews/article/015/0005318931?sid=101,"Mon, 10 Aug 2026 06:06:00 +0900",2026-08-10 08:35:22
