industry,keyword,title,description,originallink,link,pubDate,collected_at
반도체,반도체 주가,2차전지 장비 테마 약세 속 살아남은 종목은 어디?,전반적인 주가 조정이 나타나는 모습이다. 한국거래소에 따르면 이날 오전 10시 42분 현재 한울반도체는 29.98% 오른 1만 7820원에 거래중이다. 2차전지 제조 공정과 관련된 장비 사업 성장 기대감이 반영되며 투자자들의... ,https://www.pinpointnews.co.kr/news/articleView.html?idxno=461458,https://www.pinpointnews.co.kr/news/articleView.html?idxno=461458,"Fri, 19 Jun 2026 10:44:00 +0900",2026-06-19 10:45:45
반도체,반도체 주가,“한국인들은 삼전닉스로 짭짤하게 벌었다는데”…일본 개미들 “주식...,"AI 반도체 수요 확대 기대감에 주가가 급등한 것이다. 다만 이 종목을 사려면 현재 최소 900만엔(약 8000만원)이 필요하다. 두 달 전만 해도 약 300만엔(약 2600만원)이면 살 수 있었지만, 주가 급등과 맞물려 진입 장벽이 3배... ",https://www.sedaily.com/article/20057724?ref=naver,https://n.news.naver.com/mnews/article/011/0004632864?sid=101,"Fri, 19 Jun 2026 10:42:00 +0900",2026-06-19 10:45:45
반도체,반도체 주가,野 정점식 “코스피 9000 자화자찬할 때 아냐…양극화 우려”,"정작 주가가 오른 종목은 109개에 불과했고 보합은 17개, 떨어진 종목은 791개였다”고 했다. 이어 “삼성전자와 SK하이닉스 등 일부 반도체 중심 대장주 쏠림 현상과 업종 간 양극화 우려가 커진다”며 “어제까지 코스피... ",https://www.etoday.co.kr/news/view/2595304,https://www.etoday.co.kr/news/view/2595304,"Fri, 19 Jun 2026 10:42:00 +0900",2026-06-19 10:45:45
반도체,반도체 주가,하루만에 최고치 경신 코스피 9360대로 반도체 실적기대…SK하이닉스 7....,19일 서울 중구 하나은행 딜링룸 현황판에 코스피와 삼성전자·SK하이닉스 주가가 표시되고 있다. 사진/연합뉴스 코스피 19일 오전 2분기 반도체 기업들의 호실적 기대감에 힘입어 하루 만에 사상 최고치를... ,http://www.smedaily.co.kr/news/articleView.html?idxno=358960,http://www.smedaily.co.kr/news/articleView.html?idxno=358960,"Fri, 19 Jun 2026 10:38:00 +0900",2026-06-19 10:45:45
반도체,반도체 주가,[글로벌 마켓 리포트 6월 19일],[사진=로이터 뉴스핌] 이날 강세는 반도체주가 주도했다. 인텔의 주가는 10.64% 뛰어 반도체 랠리를 이끌었다. 도널드 트럼프 미국 대통령은 아이폰 제조사 애플이 미국에서 칩을 설계·생산하기 위해 인텔과... ,https://www.newspim.com/news/view/20260619000319,https://www.newspim.com/news/view/20260619000319,"Fri, 19 Jun 2026 10:38:00 +0900",2026-06-19 10:45:45
반도체,반도체 주가,스페이스X에 꽂힌 서학개미…사흘 만에 2.7조 쓸어담았다[코주부],상장 직후 주가가 급등하자 이른바 ‘서학개미’의 매수세도 사흘 연속 이어지며 단기간에 3조 원에... 스페이스X와 함께 반도체 레버리지 상품에도 다시 자금이 유입됐다. 개인투자자들은 16일 필라델피아... ,https://www.sedaily.com/article/20057718?ref=naver,https://n.news.naver.com/mnews/article/011/0004632860?sid=101,"Fri, 19 Jun 2026 10:36:00 +0900",2026-06-19 10:45:45
반도체,반도체 주가,"“삼성전기, 향후 5년간 영업이익 연평균 73% 성장할 것”",목표주가를 약 3주 만에 기존 220만 원에서 300만 원으로 높여 잡았다. MLCC와 패키징 기판 수요는 인공지능(AI) 서버 투자 확대에 따라 빠르게 늘고 있다. MLCC는 반도체와 서버 기판 주변에서 전류가 일정하게 흐르도록... ,https://weekly.donga.com/3/all/11/6273871/1,https://n.news.naver.com/mnews/article/037/0000038365?sid=101,"Fri, 19 Jun 2026 10:34:00 +0900",2026-06-19 10:45:45
반도체,반도체 주가,"SK하이닉스·마이크론 시총, 비트코인 추월","게이트 데이터 기준 SK하이닉스 주가는 6.22% 상승해 시총 1조3100억달러를 기록했으며 글로벌 자산 시총... 현재 비트코인 시가총액은 1조2610억달러로, 두 반도체 기업보다 낮은 수준이다. 이번 순위 변동은 반도체주... ",https://www.tokenpost.kr/news/breaking/370968,https://www.tokenpost.kr/news/breaking/370968,"Fri, 19 Jun 2026 10:34:00 +0900",2026-06-19 10:45:45
반도체,반도체 주가,"마오타이 지고 AI 뜨고, 중국 증시 주도주 소비재에서 테크로 이동",최헌규 중국전문기자= 중국 증시(A주)의 자금 흐름이 전통적인 소비재에서 인공지능(AI) 및 첨단 반도체 분야로 빠르게 이동하면서 시가총액과 주가 순위에 지각변동이 일어나고 있다. 중국 소비재의 상징이자... ,https://www.newspim.com/news/view/20260619000376,https://www.newspim.com/news/view/20260619000376,"Fri, 19 Jun 2026 10:32:00 +0900",2026-06-19 10:45:45
반도체,반도체 주가,"[아주사설 | 기본·원칙·상식] '천스닥' 굴레 못벗는 코스닥, 어찌 해야...",반도체와 인공지능(AI)을 중심으로 한 대형주 랠리가 이어지면서 '만스피' 전망까지 등장하고 있다. 하지만... 성장에 대한 기대가 꺾이는 순간 주가도 급격히 흔들릴 수밖에 없다. 실제로 코스닥 시장은 오랜 기간... ,https://www.ajunews.com/view/20260619102225653,https://www.ajunews.com/view/20260619102225653,"Fri, 19 Jun 2026 10:32:00 +0900",2026-06-19 10:45:45
반도체,반도체 주가,"[개장시황] 반도체 독주에 9,300선 안착한 코스피… 원-달러 환율 1,530원...","시장의 한 분석가는 &quot;코스피가 9,000 포인트를 넘어 고점을 높여가면서 지수 앞자리가 바뀐 데 따른 단기 피로감과 차익실현 욕구가 누적된 상태&quot;라며 &quot;반도체 대형주의 독주가 지수를 견인하고 있지만, 그 외... ",https://www.businesskorea.co.kr/news/articleView.html?idxno=271615,https://www.businesskorea.co.kr/news/articleView.html?idxno=271615,"Fri, 19 Jun 2026 10:32:00 +0900",2026-06-19 10:45:45
반도체,반도체 주가,"[특징주] SK하이닉스, 사상 첫 '280만닉스' 달성","SK하이닉스 주가가 '280만닉스'를 달성했다. 19일 오전 10시 26분 기준 현재 전 거래일 대비 +7.56% 오른 288만 8,000원에 거래되고 있다. 거래량은 165만 6,179주다. 간밤 뉴욕증시에서 반도체 강세가 나타나며 필라델피아... ",https://www.jeonmae.co.kr/news/articleView.html?idxno=1266771,https://www.jeonmae.co.kr/news/articleView.html?idxno=1266771,"Fri, 19 Jun 2026 10:32:00 +0900",2026-06-19 10:45:45
반도체,반도체 주가,[이주의 키워드] 9000피,"국내 대표 주가지수인 코스피가 6월18일 낮 12시52분경 9000.68을 터치하며 사상 처음으로 9000선을... 매수세가 반도체 '투톱'인 삼성전자와 SK하이닉스에 집중되면서, 두 종목이 지수를 끌어올리는 쏠림 현상이... ",https://www.sisajournal.com/news/articleView.html?idxno=376987,https://n.news.naver.com/mnews/article/586/0000131878?sid=101,"Fri, 19 Jun 2026 10:30:00 +0900",2026-06-19 10:45:45
반도체,반도체 주가,‘1만피’ 향하는 상승 랠리에… 韓 증시 시총 8000조원 넘어,애플과 인텔의 협력을 언급한 뒤 반도체 지수가 급등했다. 반도체주의 강세는 호실적에 기반한 만큼 주가 상승이 지속될 것이라는 전망이 나온다. 다만 지나친 자금 쏠림에 대한 우려 역시 이어지고 있다.,https://biz.chosun.com/stock/stock_general/2026/06/19/FLMOS5YAKBG6FFN5ZGHSL6Y4ME/?utm_source=naver&utm_medium=original&utm_campaign=biz,https://n.news.naver.com/mnews/article/366/0001172899?sid=101,"Fri, 19 Jun 2026 10:30:00 +0900",2026-06-19 10:45:45
반도체,반도체 주가,정점식 &quot;코스피 9000 자화자찬할 때 아냐…양극화 우려&quot;,"이어 &quot;어제 코스피가 올랐지만 정작 주가가 오른 종목은 109개에 불과했고, 보합은 17개, 떨어진 종목은 791개였다&quot;며 &quot;삼성전자와 하이틱스 등 일부 반도체 대장주 중심의 쏠림현상과 업종간 양극화 우려 목소리가 점점... ",https://www.shinailbo.co.kr/news/articleView.html?idxno=5032231,https://www.shinailbo.co.kr/news/articleView.html?idxno=5032231,"Fri, 19 Jun 2026 10:28:00 +0900",2026-06-19 10:45:45
반도체,반도체 주가,"삼성전기, MLCC 장기 호황 전망에 신고가…한울반도체는 2연상[특징주]",같은 시각 코스닥 시장에서 한울반도체는 4110원(29.98%) 상승한 1만7820원으로 52주 신고가를 경신하며 이틀째 상한가를 기록했다. 주가 상승의 배경에는 MLCC와 패키징 기판의 구조적 공급 부족이 자리하고 있다.... ,https://www.newsway.co.kr/news/view?ud=2026061910204552630,https://www.newsway.co.kr/news/view?ud=2026061910204552630,"Fri, 19 Jun 2026 10:28:00 +0900",2026-06-19 10:45:45
반도체,반도체 주가,外人 투자 촉진하는 SK하이닉스 美 상장…NPS급 환시 '게임체인저' 되나,특히 대표 반도체 지수인 필라델피아 반도체지수에 편입될 경우 이를 추종하는 ETF와 패시브 자금이 대거 유입되면서 주가가 급등할 수 있다. 현재 경쟁사인 마이크론 대비 저평가된 상태이므로 상승 여력이 많이 남아... ,https://news.einfomax.co.kr/news/articleView.html?idxno=4420877,https://news.einfomax.co.kr/news/articleView.html?idxno=4420877,"Fri, 19 Jun 2026 10:26:00 +0900",2026-06-19 10:45:45
반도체,반도체 주가,"[정원의 Why] '자가당착' 금감원, 자본시장은 안다",금감원은 앞서 언급한 보도자료에서 &quot;공모주가 배정되지 않더라도 청약증거금(달러) 관련 환전수수료... 국내에선 열기를 이어가기 위해 차기 증시를 이끌 '넥스트 반도체'에 대한 관심도 커지고 있다. 국내 금융사들의... ,https://news.einfomax.co.kr/news/articleView.html?idxno=4420878,https://news.einfomax.co.kr/news/articleView.html?idxno=4420878,"Fri, 19 Jun 2026 10:26:00 +0900",2026-06-19 10:45:45
반도체,반도체 주가,정점식 &quot;코스피 9000 자화자찬할 때 아냐&quot; [뉴시스Pic],"이어 &quot;어제 코스피가 올랐지만 정작 주가가 오른 종목은 109개에 불과했고, 보합은 17개, 떨어진 종목은 791개였다&quot;며 &quot;삼성전자와 SK하이닉스 등 일부 반도체 중심 대장주 쏠림 현상과 업종 간 양극화 우려가 커진다&quot;고... ",https://www.newsis.com/view/NISX20260619_0003675611,https://n.news.naver.com/mnews/article/003/0014015834?sid=100,"Fri, 19 Jun 2026 10:25:00 +0900",2026-06-19 10:45:45
반도체,반도체 주가,"코스피 9,300도 돌파...시가총액 첫 8천조 원","반도체주가 호조를 보이면서, 코스피의 대장주인 SK하이닉스도 280만 원, 삼성전자는 37만 원을 넘어서는 등 최고가를 또다시 경신했습니다. 코스피가 상승세를 이어가면서 시가총액도 사상 처음 8천조 원을... ",https://www.ytn.co.kr/_ln/0102_202606191025159155,https://n.news.naver.com/mnews/article/052/0002368511?sid=101,"Fri, 19 Jun 2026 10:25:00 +0900",2026-06-19 10:45:45
반도체,반도체 산업,"인텔, 이석희 전 SK하이닉스 사장 영입...한국 기업인 빅테크 최고위층...",국내 반도체 업계에서는 인텔의 이 수석 부사장 영입에 대해 한국 반도체 산업의 높아진 위상이 반영된 것으로 평가하고 있다. 또 향후 인텔과 우리 반도체 업계 사이에 네트워크가 강화될 것이라는 기대감도 나온다. 이... ,https://www.livebiz.today/news/articleView.html?idxno=202733,https://www.livebiz.today/news/articleView.html?idxno=202733,"Fri, 19 Jun 2026 10:44:00 +0900",2026-06-19 10:45:45
반도체,반도체 산업,"산림청, 국가첨단전략산업 연구시설 산지전용 허가기준 완화","하지만 반도체, 이차전지, 디스플레이 등과 같은 국가첨단전략산업 연구시설의 중요성을 고려, 이번 개정을 통해 그간 산지전용허가 시 검토했던 입목축적 기준을 앞으로는 적용하지 않게 된다. 또한 이번 개정으로 임업용... ",https://www.fetv.co.kr/news/articleView.html?idxno=304688,https://www.fetv.co.kr/news/articleView.html?idxno=304688,"Fri, 19 Jun 2026 10:42:00 +0900",2026-06-19 10:45:45
반도체,반도체 산업,'SK 메모리맨' 이석희 품은 인텔…파운드리 부활 승부수,이어 &quot;엔비디아와 테슬라도 인텔과 협력하고 있다&quot;고 언급하며 미국 반도체 산업 부흥과 공급망 재편에 대한 강한 의지를 드러냈다. 업계는 애플까지 인텔 생태계에 합류할 경우 미국 정부가 추진하는 반도체 공급망... ,https://news.bizwatch.co.kr/article/industry/2026/06/19/0006,https://n.news.naver.com/mnews/article/648/0000048168?sid=101,"Fri, 19 Jun 2026 10:42:00 +0900",2026-06-19 10:45:45
반도체,반도체 산업,"가전제품 폐냉매 재활용…LG전자, 자원순환 생태계 확산 노력한다",전기전자·반도체 소재·철강(원료/저탄소 공정)·식품 등 4개 분야에서 ▲재생원료 사용 강화 ▲공정부산물... 경남 산업 육성을 위한 핵심 지원 거점인 경남테크노파크는 지자체 협력 기반 냉매 회수 체계 구축과 관리... ,https://www.newsquest.co.kr/news/articleView.html?idxno=268146,https://www.newsquest.co.kr/news/articleView.html?idxno=268146,"Fri, 19 Jun 2026 10:38:00 +0900",2026-06-19 10:45:45
반도체,반도체 산업,"조인철, &quot;출연연 법체계 20년 만에 전면 개편 추진&quot;","▲더불어민주당 조인철 의원(광주 서구갑, 국회 과학기술정보방송통신위원회)  사진=조인철의원실 AI·반도체... 책임을 함께 키워 국민 신뢰 속에서 성과가 산업과 사회로 확산되는 선순환 구조를 만들겠다&quot;고 강조했다.",https://www.gukjenews.com/news/articleView.html?idxno=3612631,https://www.gukjenews.com/news/articleView.html?idxno=3612631,"Fri, 19 Jun 2026 10:38:00 +0900",2026-06-19 10:45:45
반도체,반도체 산업,"산림청, '국가첨단전략산업 연구시설' 산지전용 허가 기준 완화","앞으로는 반도체, 이차전지, 디스플레이 등과 같은 국가첨단전략산업 연구시설의 경우 그 중요성을 감안, 그동안 산지전용허가시 검토했던 입목축적 기준이 적용되지 않는다. 또 이번 개정으로 임업용 산지 내 공용?... ",https://www.mt.co.kr/policy/2026/06/19/2026061909512126476,https://n.news.naver.com/mnews/article/008/0005374325?sid=102,"Fri, 19 Jun 2026 10:37:00 +0900",2026-06-19 10:45:45
반도체,반도체 산업,"성남시, 양자컴퓨팅 인프라 구축 시동…국비 100억 원 확보","사업 종료 시점까지 10개 이상의 산업 활용 모델 개발도 추진한다. 성남시는 판교테크노밸리를 중심으로 정보통신기술(ICT), 시스템반도체, 바이오, 핀테크 기업이 밀집해 있어 양자기술 실증과 사업화에 유리한 여건을... ",https://www.discoverynews.kr/news/articleView.html?idxno=1093861,https://www.discoverynews.kr/news/articleView.html?idxno=1093861,"Fri, 19 Jun 2026 10:36:00 +0900",2026-06-19 10:45:45
반도체,반도체 산업,[윤준의 부동산수첩] 서울 재개발은 신축 선점하는 시장,"GTX, 반도체 일자리, 광역철도, 대규모 산업단지, 신도시 인프라가 붙은 곳은 입주권보다 일자리와 교통이 붙은 신축·준신축이 더 강할 수 있다. 그래서 수도권은 무조건 재개발이라고 따라갈 시장이 아니라는 점을 봐야... ",https://www.nbntv.kr/news/articleView.html?idxno=340331,https://www.nbntv.kr/news/articleView.html?idxno=340331,"Fri, 19 Jun 2026 10:36:00 +0900",2026-06-19 10:45:45
반도체,반도체 산업,"EU, AI 데이터센터 입찰 규모 축소…美 의존 탈피 더 멀어졌다","앞서 EU 집행위원회는 6월 3일 클라우드, 반도체, AI 개발을 묶은 '기술 주권 패키지'를 발표하고 향후 10년간... 이에 대해 유럽 정책당국과 산업계에서는 미국의 기술 차단 가능성이 현실화했다는 반응이 나왔다.... ",https://www.digitaltoday.co.kr/news/articleView.html?idxno=676533,https://www.digitaltoday.co.kr/news/articleView.html?idxno=676533,"Fri, 19 Jun 2026 10:36:00 +0900",2026-06-19 10:45:45
반도체,반도체 산업,"기후부, 순환경제 선도기업 선정…LG전자·포스코·삼양식품 참여","세움산업개발 등이다. 16개 기업은 전기·전자, 반도체 소재, 철강, 식품 등 다양한 업종에서 선정됐다. 이들은 재생원료 생산 및 사용 활성화, 공정부산물 공유 및 순환이용, 제품 수리 및 재사용 체계 강화, 포장재... ",https://news.einfomax.co.kr/news/articleView.html?idxno=4420882,https://news.einfomax.co.kr/news/articleView.html?idxno=4420882,"Fri, 19 Jun 2026 10:36:00 +0900",2026-06-19 10:45:45
반도체,반도체 산업,"[윤준의 부동산수첩] '하이닉스 현금'이 움직였다, 부동산 시장은 이제...","특히 반도체 벨트는 단순한 테마가 아니라, 실제 소득이 구매력으로 연결되는 지역이라는 점에서 다르다.... 일부 광역시 핵심지와 산업도시 우량 입지를 제외하면, 여전히 미분양과 인구 감소, 임대수요 약화, 구축... ",https://www.nbntv.kr/news/articleView.html?idxno=340337,https://www.nbntv.kr/news/articleView.html?idxno=340337,"Fri, 19 Jun 2026 10:36:00 +0900",2026-06-19 10:45:45
반도체,반도체 산업,'국민성장펀드 아니면 안 돼' 은행·보험사도 줄 선 까닭은? [취재여담],"또 국민성장펀드가 주목적 투자 분야로 내세운 반도체, 미래 첨단산업 등은 현재 시장에서 가장 주목받는 미래성장 영역 중 하나입니다. 그 때문에 정책금융의 조건을 맞추기 위해 무분별하게 투자처를 발굴할 필요 없이... ",https://biz.sbs.co.kr/article_hub/20000317609?division=NAVER,https://n.news.naver.com/mnews/article/374/0000517054?sid=101,"Fri, 19 Jun 2026 10:35:00 +0900",2026-06-19 10:45:45
반도체,반도체 산업,"인텔, 이석희 전 SK하이닉스 사장 영입…14년 만에 복귀",파운드리 부문 수석부사장(EVP)으로…첨단 패키징 총괄 미국 반도체 기업 인텔이 이석희 전 SK하이닉스... 있는 산업 트렌드를 반영한 전략적 행보로 풀이된다. 이 수석부사장은 이날 합류를 공식화하며 소셜미디어(SNS)... ,https://www.sisajournal.com/news/articleView.html?idxno=377074,https://n.news.naver.com/mnews/article/586/0000131881?sid=101,"Fri, 19 Jun 2026 10:34:00 +0900",2026-06-19 10:45:45
반도체,반도체 산업,"인하대, 아시아개발은행과 'SHINE 워크숍' 개최",반도체 분야에서는 산업 현장과 유사한 클린룸과 전용 실습실을 갖춘 '반도체 교육동'을 건립해 실무 전문 인력을 양성할 예정이다. 바이오 분야는 AI 기반 바이오 공정 융합전공 신설과 기업 참여형 인턴십을 통해... ,http://www.incheonin.com/news/articleView.html?idxno=118761,http://www.incheonin.com/news/articleView.html?idxno=118761,"Fri, 19 Jun 2026 10:34:00 +0900",2026-06-19 10:45:45
반도체,반도체 산업,"CIT, 비바테크 ‘올해의 혁신상 톱5’ 선정···아시아 기업 중 유일","비바테크는 글로벌 기업과 스타트업, 투자자, 산업계 리더 등이 한자리에 모여 미래 기술과 혁신... CIT는 아시아 기업 중 유일하게 선정되며 국내 반도체 원천기술의 위상을 세계 무대에 알렸다. CIT가 이번... ",https://it.donga.com/109051/,https://it.donga.com/109051/,"Fri, 19 Jun 2026 10:34:00 +0900",2026-06-19 10:45:45
반도체,반도체 산업,피지컬AI 외산 의존도 낮춘다…풀스택 구축하고 제조 현장으로,"데이터, 반도체, 소프트웨어, 통신망, 컴퓨팅 인프라 등이 결합해야 산업 현장에서 제대로 작동할 수 있어야 한다. 수요기업이 보유한 산업 데이터와 현장 경험, 공급기업·대학·연구기관의 기술역량, 정부의 정책... ",https://www.widedaily.com/news/articleView.html?idxno=296061,https://www.widedaily.com/news/articleView.html?idxno=296061,"Fri, 19 Jun 2026 10:34:00 +0900",2026-06-19 10:45:45
반도체,HBM 시장,"SK하이닉스, 신입 채용 학력 제한 폐지…AI 인재 확보 승부수",업계에서는 이번 결정이 급변하는 AI 반도체 시장 환경과 무관하지 않다고 보고 있다. HBM을 비롯한 차세대 메모리 기술 경쟁이 치열해지는 가운데 우수 인재 확보가 기업 경쟁력을 좌우하는 핵심 요소로 떠오르고 있기... ,https://www.ezyeconomy.com/news/articleView.html?idxno=236530,https://www.ezyeconomy.com/news/articleView.html?idxno=236530,"Fri, 19 Jun 2026 10:32:00 +0900",2026-06-19 10:45:46
반도체,HBM 시장,"인텔 첨단 패키징 총괄 수석부사장으로 이석희 영입, 전 SK하이닉스 SK온...","최근 첨단 패키징은 단순한 칩 조립을 넘어 로직 반도체와 고대역폭메모리(HBM), 네트워크 칩 등을 하나의... 이 수석부사장은 &quot;인공지능(AI)과 고성능 컴퓨팅 시장에서 시스템 수준의 통합 수요가 빠르게 증가하고 있는... ",https://www.businesspost.co.kr/BP?command=article_view&num=440371,https://www.businesspost.co.kr/BP?command=article_view&num=440371,"Fri, 19 Jun 2026 10:22:00 +0900",2026-06-19 10:45:46
반도체,HBM 시장,"삼성·SK, HBM4E 샘플 공급 맞불…막 오른 주도권 전쟁",이에 따라 HBM 시장 주도권 경쟁은 HBM4에서 HBM4E로 빠르게 확장될 전망이다. 앞서 삼성전자는 지난달 29일 HBM4E 12단 샘플 공급에 나서며 차세대 제품 선점 의지를 드러냈다. 삼성전자가 공개한 HBM4E는 핀당 14~16Gbps의... ,https://www.ebn.co.kr/news/articleView.html?idxno=1713141,https://www.ebn.co.kr/news/articleView.html?idxno=1713141,"Fri, 19 Jun 2026 10:22:00 +0900",2026-06-19 10:45:46
반도체,HBM 시장,AI 반도체 경쟁 'HBM4E' 시대로···삼성·SK하이닉스의 최신 HBM 전략은...,"HBM 시장도 빠르게 성장하고 있다. 업계에 따르면 글로벌 HBM 시장 규모는 2025년 약 380억달러에서 2026년 약 581억달러, 2027년에는 약 800억달러까지 확대될 것으로 전망된다. AI 데이터센터 투자 확대와 엔비디아를... ",https://www.smartbizn.com/news/articleView.html?idxno=146551,https://www.smartbizn.com/news/articleView.html?idxno=146551,"Fri, 19 Jun 2026 10:14:00 +0900",2026-06-19 10:45:46
반도체,HBM 시장,"인텔, 이석희 전 SK하이닉스 대표 영입…첨단 패키징 승부수","인텔 낸드플래시 사업부 인수와 도시바 메모리 투자라는 승부수를 띄웠지만, 반도체 시장 불황으로 큰 어려움을 겪은 후 메모리 반도체 부족 현상으로 상황이 반전됐다. 그는 다만 HBM 시대가 본격화하기 전... ",https://view.asiae.co.kr/article/2026061909402706977,https://n.news.naver.com/mnews/article/277/0005778689?sid=101,"Fri, 19 Jun 2026 10:14:00 +0900",2026-06-19 10:45:46
반도체,HBM 시장,"AI 반도체 호재 맞은 삼성전자, 자금 유출 겪는 비트코인 시총 앞질러",삼성전자는 인공지능(AI) 반도체와 고대역폭메모리(HBM) 시장 성장에 대한 기대감이 커지며 주가가 상승 흐름을 탔다. 한편 국내 반도체 대기업인 SK하이닉스 역시 비트코인의 턱밑까지 추격하고 있다. SK하이닉스는... ,https://www.gukjenews.com/news/articleView.html?idxno=3612606,https://www.gukjenews.com/news/articleView.html?idxno=3612606,"Fri, 19 Jun 2026 10:12:00 +0900",2026-06-19 10:45:46
반도체,HBM 시장,삼성전자와 SK하이닉스가 밈주식이라고? [시장 엿보기],"하지만 결과적으로 이들 기업은 압도적인 실적 성장으로 시장의 기대를 증명했습니다. 지금 투자자들이 고민해야 할 것은 두 종목이 밈주식인지 아닌지가 아닙니다. AI 열풍이 얼마나 오래 이어질지, HBM 수요가 얼마나 더... ",https://biz.sbs.co.kr/article_hub/20000317612?division=NAVER,https://n.news.naver.com/mnews/article/374/0000517044?sid=101,"Fri, 19 Jun 2026 10:09:00 +0900",2026-06-19 10:45:46
반도체,HBM 시장,코스피 9000 뚫었지만…상승 종목은 109개뿐,HBM 시장에서 기술 선도권을 놓고 벌이는 양사 경쟁이 치열해질수록 AI 인프라 확대 수혜가 메모리 업종 전반으로 확산될 것이라는 전망이 나온다. 3. 수탁법인 역할 커지나…기금형 퇴직연금 도입 앞두고 운용 업계... ,https://www.sedaily.com/article/20057656?ref=naver,https://n.news.naver.com/mnews/article/011/0004632842?sid=101,"Fri, 19 Jun 2026 10:07:00 +0900",2026-06-19 10:45:46
반도체,HBM 시장,매파 연준 쇼크…환율 1527원 다시 뚫었다,■ 연준 통화정책 대전환: 케빈 워시 신임 연방준비제도(Fed·연준) 의장이 첫 연방공개시장위원회(FOMC)... ■ AI 인프라 투자 확산: 인공지능(AI) 투자 사이클의 수혜가 그래픽처리장치(GPU)와 고대역폭메모리(HBM)를... ,https://www.sedaily.com/article/20057655?ref=naver,https://n.news.naver.com/mnews/article/011/0004632840?sid=101,"Fri, 19 Jun 2026 10:06:00 +0900",2026-06-19 10:45:46
반도체,HBM 시장,"인텔, 이석희 전 SK하이닉스 대표 영입…파운드리 '패키징 승부수'","특히 AI 반도체 시장에서 GPU, HBM, 네트워크 칩을 하나의 시스템으로 통합하는 수요가 폭증하면서 첨단 패키징 기술이 사실상 '게임 체인저'로 부상하고 있다. 한편 인텔은 이번 발표와 함께 나비드 샤리아리(Navid... ",https://www.epnc.co.kr/news/articleView.html?idxno=403252,https://www.epnc.co.kr/news/articleView.html?idxno=403252,"Fri, 19 Jun 2026 10:06:00 +0900",2026-06-19 10:45:46
반도체,HBM 시장,HBM 쇼크…애플도 아이폰 값 올린다,스마트폰 시장을 강타하고 있다. JP모건은 아이폰 제조 원가에서 메모리 비중이 현재 10% 수준에서 내년... AI 서버용 고대역폭메모리(HBM·GPU 성능 극대화를 위해 D램을 쌓아 만든 메모리) 수요 급증에 낸드플래시... ,https://www.sedaily.com/article/20057654?ref=naver,https://n.news.naver.com/mnews/article/011/0004632839?sid=101,"Fri, 19 Jun 2026 10:05:00 +0900",2026-06-19 10:45:46
반도체,HBM 시장,신한자산운용 'SOL AI반도체TOP2플러스' 순자산 7조 돌파,"차별화된 포트폴리오를 바탕으로 국내 AI 반도체 투자 수요를 빠르게 흡수하며 시장 내 입지를 확대하고... 김정현 신한자산운용 ETF사업그룹장은 “AI 데이터센터 투자 확대, HBM 수요 증가, 장기공급계약 확산... ",https://www.etoday.co.kr/news/view/2595274,https://www.etoday.co.kr/news/view/2595274,"Fri, 19 Jun 2026 10:00:00 +0900",2026-06-19 10:45:46
반도체,HBM 시장,"인텔, SK하이닉스 대표 출신 이석희 영입…첨단 패키징 승부수",(HPC) 시장 확대에 따라 반도체 패키징 기술의 중요성이 높아지는 가운데 인텔이 관련 사업 역량을 강화하기 위한 전략의 일환으로 풀이된다. 최근 첨단 패키징은 단순 칩 조립을 넘어 로직 반도체와 고대역폭메모리(HBM)... ,https://www.mt.co.kr/tech/2026/06/19/2026061909522030727,https://n.news.naver.com/mnews/article/008/0005374309?sid=105,"Fri, 19 Jun 2026 10:00:00 +0900",2026-06-19 10:45:46
반도체,HBM 시장,"AI 시대, 대한민국 제조업의 골든타임을 잡아야 한다",반도체 소재·부품·장비 산업은 AI 반도체와 HBM 수요 증가의 직접적인 수혜를 받고 있다. 전력 인프라는 AI... 세계 시장의 주목을 받고 있다. 여기에 원전 산업이 다시 부상하고 있다. AI 데이터센터의 막대한 전력 수요와... ,https://zdnet.co.kr/view/?no=20260619081653,https://n.news.naver.com/mnews/article/092/0002427281?sid=105,"Fri, 19 Jun 2026 09:56:00 +0900",2026-06-19 10:45:46
반도체,HBM 시장,"SK하이닉스, HBM4·CXL 메모리 공개..'HPE 인증 제품' 전시","SK하이닉스는 이번 행사에서 HPE와 전략적 파트너십을 재확인하고 AI 서버 시장에서의 기술 리더십을 알리는 데 집중했다. 전시 부스는 HBM, CMM-DDR5, eSSD, 서버 D램 등 4개 전시대로 구성됐다. SK하이닉스는... ",http://www.4th.kr/news/articleView.html?idxno=2113412,http://www.4th.kr/news/articleView.html?idxno=2113412,"Fri, 19 Jun 2026 09:52:00 +0900",2026-06-19 10:45:46
반도체,HBM 시장,"외국인 '사자'가 이끄는 신고가 랠리…SK하이닉스, 500만닉스 가능할까","제품인 HBM4E 12단 샘플을 주요 고객사에 공급하기 시작했다고 밝혔다. 여기에 ADR 상장 추진과 주주환원 확대 기대가 더해지며 매수심리를 자극했다. SK하이닉스의 ADR 상장 예상 시점은 오는 7월 이후로, AI 최대 시장... ",https://www.imaeil.com/page/view/2026061909421963290,https://n.news.naver.com/mnews/article/088/0001015317?sid=101,"Fri, 19 Jun 2026 09:47:00 +0900",2026-06-19 10:45:46
반도체,HBM 시장,"HPE 서버에 '실물 탑재'···SK하이닉스, HPED 2026서 글로벌 파트너십 ...",HBM부터 CXL까지 차세대 메모리 대거 공개 아주경제=김나윤 기자 kimnayoon@ajunews.com 지난 15일(현지시간)... 서버 시장 내에서 기술 선도 지위를 입증하는 계기가 됐다&quot;며 &quot;고성능·초고효율 솔루션을 기반으로 전 세계... ,https://www.ajunews.com/view/20260619093310530,https://www.ajunews.com/view/20260619093310530,"Fri, 19 Jun 2026 09:46:00 +0900",2026-06-19 10:45:46
반도체,HBM 시장,"[특징주] SK하이닉스, 283만원선 신고가…미국발 반도체 랠리에 삼성전...","시장에서는 HBM 등 고부가 메모리 수요와 인공지능(AI) 서버 투자 확대, 메모리 업황 회복 기대가 주가를 떠받치고 있다는 평가가 나온다. 다만 단기 급등에 따른 밸류에이션 부담을 지적하는 시선도 있다. 그럼에도 미국발... ",https://www.tokenpost.kr/news/economy/370950,https://www.tokenpost.kr/news/economy/370950,"Fri, 19 Jun 2026 09:46:00 +0900",2026-06-19 10:45:46
반도체,파운드리 수주,&quot;엔비디아 빈자리 노린다&quot;…바이트댄스 덕에 中 AI칩 2선 '급부상',다만 해외 파운드리 의존도는 향후 리스크로 지목된다. 미국 등 외부 규제가 강화될 경우 생산 안정성이... 있는 수준&quot;이라고 말했다. 중국 AI 굴기 (제작=달리) 중국 AI 칩 업체들은 제품 설계 방식에서도 차이를 보이고... ,https://zdnet.co.kr/view/?no=20260619095650,https://n.news.naver.com/mnews/article/092/0002427288?sid=105,"Fri, 19 Jun 2026 10:03:00 +0900",2026-06-19 10:45:47
반도체,파운드리 수주,[기획story] TSMC의 그늘에서 한국이 읽어야 할 것,"세계 최강 파운드리가 만들어낸 번영과 부작용을 동시에 가리키는 표현이다. 반도체가 대만 경제를... 반도체 엔지니어 초봉이 일반 제조업의 2~3배 수준으로 벌어지면서 청년층의 직업 선택이 왜곡됐다. 셋째, 지역... ",https://www.todayeconomic.com/news/article.html?no=31040,https://www.todayeconomic.com/news/article.html?no=31040,"Fri, 19 Jun 2026 10:00:00 +0900",2026-06-19 10:45:47
반도체,파운드리 수주,"트럼프 &quot;애플, 인텔과 반도체 설계·생산 추진&quot;",작년 말부터 반도체 업계를 중심으로 흘러나오던 인텔 파운드리의 애플 수주설을 뒷받침하는 발언으로 해석된다. 도널드 트럼프 대통령은 이날 자신이 운영하는 트루스소셜 계정에서 작년 8월 말 진행된 인텔 투자... ,https://zdnet.co.kr/view/?no=20260619043851,https://n.news.naver.com/mnews/article/092/0002427282?sid=105,"Fri, 19 Jun 2026 09:57:00 +0900",2026-06-19 10:45:47
반도체,파운드리 수주,"인텔, 이석희 전 SK하이닉스 사장도 영입… 韓 반도체 베테랑으로 파운...",오스틴 공장에 이어 테일러 공장에서도 선단 공정 양산을 준비하고 있다. 미국 내 반도체 제조를 확대하려는 고객사들이 인텔을 선택할 가능성이 커질수록 삼성전자 파운드리와 인텔의 수주 경쟁도 더 치열해질 전망이다.,https://biz.chosun.com/it-science/ict/2026/06/19/LWNW7FZO7ZDEBLBA27YAALJHJY/?utm_source=naver&utm_medium=original&utm_campaign=biz,https://n.news.naver.com/mnews/article/366/0001172880?sid=105,"Fri, 19 Jun 2026 09:49:00 +0900",2026-06-19 10:45:47
반도체,파운드리 수주,"인텔, 이석희 前 SK하이닉스 CEO 수석부사장으로 영입",설계와 생산을 모두 수행하는 기존 종합반도체기업(IDM) 구조를 유지하면서 외부 고객 물량까지 수주하는 전략이다. 2024년에는 파운드리 사업부를 독립 출범시키며 고객사 확보에 나섰다. 인텔은 파운드리 고객... ,http://www.inews24.com/view/1977909,https://n.news.naver.com/mnews/article/031/0001036177?sid=105,"Fri, 19 Jun 2026 09:27:00 +0900",2026-06-19 10:45:47
반도체,파운드리 수주,"美 트럼프, 애플·인텔 미국 내 반도체 위탁생산 합의…공급망 다변화 ...","다만, 미국 경제 매체와 시장은 이를 사실상의 메이저 수주 신호로 받아들이는 분위기다. 발표 직후 인텔의... 순수한 파운드리 위탁 계약 형태에 머물 것으로 진단했다. TSMC의 독점적인 지위가 단숨에 흔들리지는... ",https://www.ddaily.co.kr/page/view/2026061909253918313,https://n.news.naver.com/mnews/article/138/0002231412?sid=105,"Fri, 19 Jun 2026 09:26:00 +0900",2026-06-19 10:45:47
반도체,파운드리 수주,"트럼프 &quot;인텔, 애플 칩 생산 협력&quot;...주가 11% '급등'",증권사 티그리스 파이낸셜 파트너스의 이반 파인세스 애널리스트는 &quot;인텔이 미국 내 생산능력을 계속 확장하고 있으며 정치적·전략적 순풍을 우량 고객사들과의 구체적인 파운드리 수주 성과로 전환하고 있다&quot;고... ,http://www.wowtv.co.kr/NewsCenter/News/Read?articleId=A202606190313&t=NN,https://n.news.naver.com/mnews/article/215/0001255921?sid=105,"Fri, 19 Jun 2026 08:34:00 +0900",2026-06-19 10:45:47
반도체,파운드리 수주,"[기업이슈] SK하닉, 장중 사상 최고가…시총 1900조 원 넘었다","◇ SKC, TSMC 유리기판 상용화 발표에 급락 SKC 주가가 세계 최대 파운드리 기업, TSMC의 유리기판 상용화 발표 여파로 급락했습니다. TSMC가 글로벌 고객사와 공급망을 선점할 경우, SKC가 기술 및 수주 경쟁에서 밀릴 수... ",https://biz.sbs.co.kr/article_hub/20000317574?division=NAVER,https://n.news.naver.com/mnews/article/374/0000517018?sid=101,"Fri, 19 Jun 2026 08:31:00 +0900",2026-06-19 10:45:47
반도체,파운드리 수주,"인텔, 애플 칩 생산협력에 주가 11% 급등",증권사 티그리스 파이낸셜 파트너스의 이반 파인세스 애널리스트는 &quot;인텔이 미국 내 생산능력을 계속 확장하고 있으며 정치적·전략적 순풍을 우량 고객사들과의 구체적인 파운드리 수주 성과로 전환하고 있다&quot;고... ,https://biz.sbs.co.kr/article_hub/20000317589?division=NAVER,https://n.news.naver.com/mnews/article/374/0000517017?sid=101,"Fri, 19 Jun 2026 08:25:00 +0900",2026-06-19 10:45:47
반도체,파운드리 수주,"인텔, 애플 칩 생산협력에 주가 11% 급등",증권사 티그리스 파이낸셜 파트너스의 이반 파인세스 애널리스트는 &quot;인텔이 미국 내 생산능력을 계속 확장하고 있으며 정치적·전략적 순풍을 우량 고객사들과의 구체적인 파운드리 수주 성과로 전환하고 있다&quot;고... ,https://www.yna.co.kr/view/AKR20260619022400009?input=1195m,https://n.news.naver.com/mnews/article/001/0016147178?sid=101,"Fri, 19 Jun 2026 08:20:00 +0900",2026-06-19 10:45:47
반도체,파운드리 수주,갤럭시S27 두뇌 될까…삼성 엑시노스 2700 개발 공식화,엑시노스 2700은 삼성전자 시스템LSI사업부가 설계하고 파운드리사업부가 생산을 맡는 자체 모바일 AP다.... 박 사장은 이미지센서 대형 수주와 맞춤형 칩 사업 등 신규 분야 확대를 통해 매출 기반을 다변화하겠다는... ,https://www.autodaily.co.kr/news/articleView.html?idxno=545022,https://www.autodaily.co.kr/news/articleView.html?idxno=545022,"Fri, 19 Jun 2026 08:14:00 +0900",2026-06-19 10:45:47
반도체,파운드리 수주,"같은 DS사업부인데...메모리부문은 300조 이익, 시스템LSI사업부는 2~3조...","1분기 역대 최고 수준의 매출을 기록했음에도 불구하고 시장 환경 악화와 수요 둔화의 영향을 피하지... 한편, 삼성전자 반도체 DS(디바이스 솔루션) 사업부의  파운드리 부문도 지난해에 이어 올해도 적자가 이어질... ",https://www.autodaily.co.kr/news/articleView.html?idxno=545021,https://www.autodaily.co.kr/news/articleView.html?idxno=545021,"Fri, 19 Jun 2026 08:12:00 +0900",2026-06-19 10:45:47
반도체,파운드리 수주,[전국 주요 신문 톱뉴스](19일 조간),올 수주 240조 전망 ▲ 디지털타임스 = 코스피 9000 돌파 이제 1만피 넘본다 ▲ 매일경제 = 금리공포도 이겼다... 삼성 파운드리 반격 ▲ 아주경제 = 트럼프도 못 막은 '긴축의 귀환' ▲ 에너지경제 = 매출 당장 안 줄어도... ,https://www.yna.co.kr/view/AKR20260619015100011?input=1195m,https://n.news.naver.com/mnews/article/001/0016147152?sid=102,"Fri, 19 Jun 2026 08:00:00 +0900",2026-06-19 10:45:47
반도체,파운드리 수주,[Who Is ?] 최유진 샘씨엔에스 대표이사 부회장,14%의 지분을 동일하게 보유하고 있지만 역시 미미한 수준이다. 최유경 씨는 그룹 최상단에 있는... △중국 YMTC·SMIC 신규 고객사로 확보 샘씨엔에스가 중국의 주요 낸드플래시 및 파운드리 업체를 새 고객사로... ,https://www.businesspost.co.kr/BP?command=article_view&num=440192,https://www.businesspost.co.kr/BP?command=article_view&num=440192,"Fri, 19 Jun 2026 07:58:00 +0900",2026-06-19 10:45:47
반도체,파운드리 수주,"예스티, HPSP 상대 고압수소어닐링 특허 소송 2심 승소","지난해 12월 다른 글로벌 메모리 제조사로부터 첫 수주한 125매 고압 수소 어닐링 장비도 오는 8월 공급할... 현재 예스티는 다수의 글로벌 반도체 기업들과 D램, 낸드, 파운드리 공정 적용 목적의 웨이퍼 테스트를... ",https://www.thelec.kr/news/articleView.html?idxno=58330,https://www.thelec.kr/news/articleView.html?idxno=58330,"Fri, 19 Jun 2026 07:30:00 +0900",2026-06-19 10:45:47
반도체,파운드리 수주,“칩플레이션 시대… 메모리는 AI 시대 가장 경쟁 치열한 자원”,빅테크가 찾는 삼성 파운드리 아직 PER이 7배 수준인 삼성전자 역시 호재를 맞았다. 미국 정보기술(IT) 매체 디인포메이션의 6월 11일 보도에 따르면 삼성전자는 구글이 2028년 양산할 자체 인공지능(AI) 칩인 ‘10세대... ,https://weekly.donga.com/3/all/11/6272719/1,https://n.news.naver.com/mnews/article/037/0000038361?sid=101,"Fri, 19 Jun 2026 07:02:00 +0900",2026-06-19 10:45:47
반도체,파운드리 수주,샴페인 터뜨릴때 아냐..삼성 비메모리 언제 볕드나,박 사장은 &quot;엑시노스 2700 플래그십 모델 탑재를 목표로 차질없이 개발 중&quot;일며 &quot;대형사 신규 수주와 맞춤형 SoC 사업 추진 등 신규 포트폴리오 구축에 속도를 내고 있다&quot;고 강조했다.삼성 파운드리 부문 역시 올해로... ,https://news.mtn.co.kr/news-detail/2026061815430442095,https://news.mtn.co.kr/news-detail/2026061815430442095,"Fri, 19 Jun 2026 07:02:00 +0900",2026-06-19 10:45:47
반도체,파운드리 수주,'정치적 위치'가 수주 결정…'TSMC 독점' 균열의 전말,글로벌 위탁생산(파운드리) 경쟁의 축이 기술적 우위를 넘어 '정치적 위치'가 수주를 결정하는 국가 블록 경쟁 시대로 이동하고 있다. 미국 정부가 자국 내 반도체 제조 생태계를 안보 차원에서 재편하려는 움직임을... ,https://www.g-enews.com/view.php?ud=202606190647395324fbbec65dfb_1,https://www.g-enews.com/view.php?ud=202606190647395324fbbec65dfb_1,"Fri, 19 Jun 2026 07:02:00 +0900",2026-06-19 10:45:47
반도체,파운드리 수주,'전력 폭식' AI 구원투수 된 SMR… 美 오하이오에 1.5GW 초대형 기지 선...,자본시장 일각에서는 미국 내 SMR 공급망이 가동될 경우 국내 기자재 업계의 수주 모멘텀이 한층 강화될... GE 버노바 등 핵심 설계 기업과의 협력 관계 및 파운드리 계약 체결 여부가 국내 기업의 실질적 수혜 강도를... ,https://www.g-enews.com/view.php?ud=202606190625499369fbbec65dfb_1,https://www.g-enews.com/view.php?ud=202606190625499369fbbec65dfb_1,"Fri, 19 Jun 2026 06:28:00 +0900",2026-06-19 10:45:47
2차전지,2차전지 주가,"나노캠텍, 고부가가치 전도성 소재로 IT·반도체 공급망 핵심 부상","2차전지 소재와 첨단 화학 소재 기업을 중심으로 투자자들의 매수가 이어지고 있다. 한국거래소에 따르면... 동성화인텍과 웹스, 동성케미컬, 켐트로스, 이화산업, 대한유화, 영보화학 역시 매도 물량이 출회되며 주가가... ",https://www.pinpointnews.co.kr/news/articleView.html?idxno=461434,https://www.pinpointnews.co.kr/news/articleView.html?idxno=461434,"Fri, 19 Jun 2026 09:44:00 +0900",2026-06-19 10:45:48
2차전지,2차전지 주가,[이 시각 시황] 인텔·마이크론 급등에 AI 반도체주 랠리 재개,"일단 반도체 대표주가 오늘도 크게 오르며 코스피 상승을 주도하고 있습니다. SK하이닉스가 5% 강세... 2차전지 관련주, 저가 매수세 유입되는 분위기입니다. 2차정지 장비 관련주 주목받고 있습니다.... ",https://biz.sbs.co.kr/article_hub/20000317578?division=NAVER,https://n.news.naver.com/mnews/article/374/0000517034?sid=101,"Fri, 19 Jun 2026 09:43:00 +0900",2026-06-19 10:45:48
2차전지,2차전지 주가,"[EBN 데이터센터] 코스피, 2% 상승 출발...반도체 강세에 장중 최고치 경...","◆반도체·시총 상위주가 지수 견인 시가총액 상위 종목에서는 반도체와 2차전지, 금융·지주주의 강세가 두드러졌다. SK하이닉스는 280만5000원으로 4.47% 올랐고 삼성전자는 36만6500원으로 1.10% 상승했다.... ",https://www.ebn.co.kr/news/articleView.html?idxno=1713153,https://www.ebn.co.kr/news/articleView.html?idxno=1713153,"Fri, 19 Jun 2026 09:32:00 +0900",2026-06-19 10:45:48
2차전지,2차전지 주가,"코스피, 장중 첫 9만3000선 돌파…개인 매수에 2%대 급등 [KDF 시황]","삼성전자와 SK하이닉스 등 시가총액 상위 반도체주와 일부 2차전지, 증권주가 강세를 보이며 지수 상승을 주도하는 반면, 조선·중공업 일부 종목은 숨 고르기에 들어간 모습이다. 최근 코스피의 가파른 상승 배경에는... ",http://www.kdfnews.com/news/articleView.html?idxno=184397,http://www.kdfnews.com/news/articleView.html?idxno=184397,"Fri, 19 Jun 2026 09:24:00 +0900",2026-06-19 10:45:48
2차전지,2차전지 주가,[이슈분석] '반도체 착시현상'에 빠진 한국 경제,"종합주가지수(이하 코스피)가 사상 최초로 8000포인트를 넘어섰다. 국책 연구소인 산업연구원은 2026년... 바이오, 2차 전지, 내수 소비, 중· 소형주는 상대적으로 소외됐다&quot;는 것이다. 수출 늘지만, 투자 줄어... ",https://monthly.chosun.com/news/articleView.html?idxno=70439,https://monthly.chosun.com/news/articleView.html?idxno=70439,"Fri, 19 Jun 2026 08:12:00 +0900",2026-06-19 10:45:48
2차전지,2차전지 주가,[초점] 쏠림 심화·코스닥은 제자리...사상 첫 9000피의 '역설',코스피 시가총액의 절반 이상을 두 종목이 차지하면서 사실상 지수의 향방이 이들 종목의 주가에... 시장의 위험 선호가 대형 반도체주 중심으로 집중되면서 코스닥의 바이오·2차전지·소프트웨어 업종은 상대적으로... ,http://www.newsian.co.kr/news/articleView.html?idxno=91152,http://www.newsian.co.kr/news/articleView.html?idxno=91152,"Fri, 19 Jun 2026 06:50:00 +0900",2026-06-19 10:45:48
2차전지,2차전지 주가,방전된 2차전지株…&quot;이번엔 다르다&quot; 반전 전망 [B급기자의 B급리포트],● &quot;밀가루 값 오르니 빵값도 올랐다&quot; 2차전지 주가는 지난해 6월~올해 5월간 102% 급등하며 바닥을 치고 회복 중입니다. 물론 6월 들어서는 반도체에 밀려서 많이 빠졌지만요. 차가 안 팔린다는데 주가는 왜 올랐을까요?... ,http://www.wowtv.co.kr/NewsCenter/News/Read?articleId=A202606180469&t=NN,https://n.news.naver.com/mnews/article/215/0001255905?sid=101,"Fri, 19 Jun 2026 06:00:00 +0900",2026-06-19 10:45:48
2차전지,2차전지 주가,"“‘삼전닉스’ 반도체 주도주, 내년 6월까지 상승 가능…다음 투자는 ...","반도체주가 주도주 지위를 유지할 것이라는 전망이 나왔다. 문남중 대신증권 수석연구위원은 지난 17일... 전력기기, 2차전지를 포함한 로보틱스, 방산 등 5가지가 앞으로 우리가 투자해야 할 대상으로 눈여겨볼 종목”... ",https://www.seoul.co.kr/news/economy/2026/06/18/20260618500243?wlog_tag3=naver,https://n.news.naver.com/mnews/article/081/0003654028?sid=101,"Fri, 19 Jun 2026 05:58:00 +0900",2026-06-19 10:45:48
2차전지,2차전지 주가,[코스닥 TOP 20] 펩트론 9%·리가켐바이오 8%↓… 바이오株 일제히 약세,바이오·2차전지주가 동반 부진한 모습을 보인 가운데 반도체 장비주 일부만 상승하며 차별화가 나타났다. ■ 시총 상위 20대 종목 중 하락 종목은? 펩트론(087010)이 전 거래일 23만9500원에서... ,https://www.pinpointnews.co.kr/news/articleView.html?idxno=461310,https://www.pinpointnews.co.kr/news/articleView.html?idxno=461310,"Fri, 19 Jun 2026 00:04:00 +0900",2026-06-19 10:45:48
2차전지,2차전지 주가,[주식마감] 코스피 사상 첫 '9천피' 시대 열었다… 삼화전기·우리로·한...,"이날 삼화전기는 외국인이 5만5071주를 순매수하며 주가 상승을 이끈 반면, 개인과 기관은 각각... KODEX 2차전지산업레버리지, KODEX 코스닥150레버리지, KODEX 미국S&amp;P500, 삼성전자, 현대약품, 대원전선, KODEX... ",https://www.ggilbo.com/news/articleView.html?idxno=1164518,https://www.ggilbo.com/news/articleView.html?idxno=1164518,"Thu, 18 Jun 2026 19:40:00 +0900",2026-06-19 10:45:48
2차전지,2차전지 주가,[이슈] “반도체가 끌고 AI가 밀었다”…코스피 9000 찍고 10000 시대 넘본...,"사실상 두 기업의 주가 흐름이 지수 방향을 결정하는 구조가 형성된 셈이다. 수급 측면에서는... 반도체와 일부 초대형 기술주에 자금이 집중되면서 2차전지와 바이오, 중소형 성장주들은 상대적으로 소외됐다.... ",https://www.seoultimes.news/news/article.html?no=2000096791,https://www.seoultimes.news/news/article.html?no=2000096791,"Thu, 18 Jun 2026 18:18:00 +0900",2026-06-19 10:45:48
2차전지,2차전지 주가,[마감시황] 코스피 사상 최초 9000 돌파…반도체 랠리에 코스닥은 약세,반면 코스닥은 바이오·2차전지 약세로 3%가량 밀리며 온도 차를 보였다. 코스피는 전 거래일보다 199.... 빅테크 주가가 하락했다. 국내에서는 미국·이란 종전 합의에 따른 유가 안정 기대와 이란과의 종전... ,http://www.kdfnews.com/news/articleView.html?idxno=184387,http://www.kdfnews.com/news/articleView.html?idxno=184387,"Thu, 18 Jun 2026 17:10:00 +0900",2026-06-19 10:45:48
2차전지,2차전지 주가,"코스피, 사상 첫 9,000 돌파...韓 증시 새 이정표 세웠다","금리 상승 우려 속에 알테오젠(-0.94%), HLB(-1.38%), 삼천당제약(-4.88%) 등 바이오주와 에코프로비엠(-4.28%), 에코프로(-4.32%) 등 2차전지주가 약세를 보였다. 반면 원익IPS(0.93%), 피에스케이(5.91%), 서진시스템(0.29%) 등... ",https://www.polinews.co.kr/news/articleView.html?idxno=734457,https://www.polinews.co.kr/news/articleView.html?idxno=734457,"Thu, 18 Jun 2026 17:05:00 +0900",2026-06-19 10:45:48
2차전지,2차전지 주가,[증시 인사이트] 코스피 사상 첫 9000선 돌파…&quot;1만피 시대 눈앞&quot;,"약세…2차전지·바이오 하락 압력 - 코스닥 207곳 퇴출경계…7월 동전주·시총 기준 강화 Q. 코스피가... 목표주가 185만원으로 상향&quot; - SK하이닉스 HBM4E 12단, 열 저항 대폭 낮춰 - SK하이닉스 &quot;HBM4E 12단 적기 앙샨에 만전... ",https://biz.sbs.co.kr/article_hub/20000317461?division=NAVER,https://n.news.naver.com/mnews/article/374/0000516916?sid=101,"Thu, 18 Jun 2026 16:53:00 +0900",2026-06-19 10:45:48
2차전지,2차전지 주가,코스닥 '급락'...피에스케이·제주반도체·후성은 '껑충',"이날 코스피 지수가 삼성전자, SK하이닉스, 삼성전기 등 대형주들의 주가 급등 속에 9000선을... 에코프로비엠, 에코프로, 레인보우로보틱스, HPSP 등 2차전지, 반도체, 로봇주 등도 하락했다. 한국거래소에... ",http://www.choicenews.co.kr/news/articleView.html?idxno=166800,http://www.choicenews.co.kr/news/articleView.html?idxno=166800,"Thu, 18 Jun 2026 16:34:00 +0900",2026-06-19 10:45:48
2차전지,2차전지 주가,[이격도과열 종목] 강동씨앤엘 삼화전기 삼보산업 남화토건 대원화성에...,"한국거래소에 따르면 이날 2차전지, 반도체, 레버리지 ETF·ETN, 소재·부품주 전반에서 동시다발적인 급등이 이어지며 기술적 과열 신호가 확산되는 모습이다. 이번 이격도 과열 종목군은 단기 이동평균선 대비 주가가... ",https://www.pinpointnews.co.kr/news/articleView.html?idxno=461274,https://www.pinpointnews.co.kr/news/articleView.html?idxno=461274,"Thu, 18 Jun 2026 16:28:00 +0900",2026-06-19 10:45:48
2차전지,2차전지 주가,"코스피지수, 사상 첫 9000선 돌파...'1만피' 기대감 확산","시가총액 상위 종목에서는 반도체와 핵심 부품주가 일제히 강세를 보이며 지수 상승을 견인했다. 반면 자동차, 2차전지, 조선 업종 일부 대형주는 약세를 나타내며 업종별 차별화가 뚜렷하게 나타났다. 시가총액... ",https://www.greened.kr/news/articleView.html?idxno=342842,https://www.greened.kr/news/articleView.html?idxno=342842,"Thu, 18 Jun 2026 16:12:00 +0900",2026-06-19 10:45:48
2차전지,2차전지 주가,"코스피, 9063.84 마감...8000 돌파 16거래일 만에 9000선","반도체주가 중심에 섰다. 신한투자증권은 이날 보고서에서 “KOSPI는 매파 FOMC와 중동 MOU 발효를 소화하는... 반도체 대형주로 자금이 몰리며 2차전지, 로봇 등 코스닥 대형주에는 매물이 나왔다는 설명이다.",http://www.thevaluenews.co.kr/news/view.php?idx=199470,http://www.thevaluenews.co.kr/news/view.php?idx=199470,"Thu, 18 Jun 2026 16:10:00 +0900",2026-06-19 10:45:48
2차전지,2차전지 주가,"코스피, 사상 첫 9000선 안착...'36만전자·260만닉스' 달성","시가총액 상위 10개 종목 중에서는 반도체주가 강세를 보이며 상승세를 이끌었다. 삼성전자는 4.62... 2차전지주인 에코프로비엠(-4.28%)과 에코프로(-4.32%)가 나란히 약세를 보였으며, 주성엔지니어링(-3.41... ",http://www.metroseoul.co.kr/article/20260618500355,http://www.metroseoul.co.kr/article/20260618500355,"Thu, 18 Jun 2026 15:54:00 +0900",2026-06-19 10:45:48
2차전지,배터리 산업,"日 도요타, 중국 전기차 공세에 전략 수정...'중국형 EV' 승부수",충전 인프라와 배터리 교환소가 빠르게 확대되고 있으며 정부의 친환경 전환 정책도 지속되고 있기... 특히 전기차 수출이 급증하면서 중국 자동차 산업의 해외 영향력이 빠르게 확대되고 있다. 중국자동차공업협회... ,http://www.choicenews.co.kr/news/articleView.html?idxno=166835,http://www.choicenews.co.kr/news/articleView.html?idxno=166835,"Fri, 19 Jun 2026 10:42:00 +0900",2026-06-19 10:45:48
2차전지,배터리 산업,"HD현대사이트솔루션, 울산 산업차량 공장 선진화 완료…생산능력 20% 확...",친환경 산업차량 시장 공략에도 속도를 낸다. 지난 2025년 하반기 4~9톤급 중형 전동지게차를 출시한 데 이어 오는 7월부터 10~18톤급 대형 전동지게차를 순차적으로 선보일 예정이다. 전동지게차는 배터리를... ,https://www.ddaily.co.kr/page/view/2026061910241219544,https://n.news.naver.com/mnews/article/138/0002231426?sid=101,"Fri, 19 Jun 2026 10:33:00 +0900",2026-06-19 10:45:48
2차전지,배터리 산업,LG전자 '폐냉매·폐가전' 순환구조 만든다...재생품 품질검증도 실시,경남 산업 육성을 위한 핵심 지원 거점인 경남테크노파크는 지자체 협력 기반 냉매 회수 체계 구축과... LG전자는 지난 2022년부터 청소기 폐배터리를 수거해 환경 보호와 이웃 사랑을 동시에 실천하는 고객 참여형... ,https://www.newstree.kr/newsView/ntr202606190003,https://www.newstree.kr/newsView/ntr202606190003,"Fri, 19 Jun 2026 10:32:00 +0900",2026-06-19 10:45:48
2차전지,배터리 산업,"LG전자, 폐냉매 재활용·리퍼비시 사업 추진…자원순환 생태계 확대","정부와 산업계 관계자들이 참석했다. 협약에는 LG전자를 비롯해 포스코, 현대제철, PKC, 삼양식품 등 16개... LG전자는 이 밖에도 청소기 폐배터리 수거 캠페인 ‘배터리턴(Battery Turn)’을 운영하고 있으며, OLED TV에... ",https://www.edaily.co.kr/news/newspath.asp?newsid=03588326645483360,https://n.news.naver.com/mnews/article/018/0006309713?sid=101,"Fri, 19 Jun 2026 10:32:00 +0900",2026-06-19 10:45:48
2차전지,배터리 산업,"LG전자, 폐가전·냉매 재사용 체계 구축 나선다",LG전자는 2022년부터 청소기 폐배터리를 수거해 환경 보호와 이웃 사랑을 동시에 실천하는 고객 참여형... 경남 산업 육성을 위한 핵심 지원 거점인 경남테크노파크는 지자체 협력 기반 냉매 회수 체계 구축과 관리... ,http://www.srtimes.kr/news/articleView.html?idxno=205650,http://www.srtimes.kr/news/articleView.html?idxno=205650,"Fri, 19 Jun 2026 10:30:00 +0900",2026-06-19 10:45:48
2차전지,배터리 산업,"LG전자, 가전 자원순환 확산 나서…리퍼비시 제품 실증 진행",경남 산업 육성을 위한 핵심 지원 거점인 경남테크노파크는 지자체 협력 기반 냉매 회수 체계 구축과 관리... 캠페인 '배터리턴'을 진행했다. '배터리턴'은 다 쓴 청소기 폐배터리를 반납하면 새 배터리 구매 시... ,https://www.newsworks.co.kr/news/articleView.html?idxno=844412,https://www.newsworks.co.kr/news/articleView.html?idxno=844412,"Fri, 19 Jun 2026 10:30:00 +0900",2026-06-19 10:45:48
2차전지,배터리 산업,"LG전자, 폐냉매 회수·리퍼비시 사업 본격화…2030년까지 연간 81톤 확대","이들은 전기전자, 반도체 소재, 철강, 식품 등 4대 산업 영역에서 재생 원료 활용 확대, 공정 부산물 재이용... 이 외에도 LG전자는 2022년부터 청소기 폐배터리를 거둬들이는 캠페인인 '배터리턴'을 지속하고 있으며... ",https://www.pointe.co.kr/news/articleView.html?idxno=80838,https://www.pointe.co.kr/news/articleView.html?idxno=80838,"Fri, 19 Jun 2026 10:30:00 +0900",2026-06-19 10:45:48
2차전지,배터리 산업,"강원TP, 미래차 산업 투자·인력 양성 본격화…지역경제 새 성장축 부상",최근 전기버스용 배터리팩 공급 계약을 체결하고 약 100억 원 규모의 투자 유치에 성공하며 지역 배터리 산업의 핵심 기업으로 자리매김하고 있다.자동차 부품기업 케이에이씨 역시 스마트공장 구축과 고도화 지원을... ,https://news.mtn.co.kr/news-detail/2026061909395985370,https://news.mtn.co.kr/news-detail/2026061909395985370,"Fri, 19 Jun 2026 10:26:00 +0900",2026-06-19 10:45:48
2차전지,배터리 산업,"IT·가전업계, 자원순환 생태계 확산·두산과 AI 경쟁력 강화 MOU·대학생...",경남 산업 육성을 위한 핵심 지원 거점인 경남테크노파크는 지자체 협력 기반 냉매 회수 체계 구축과... 앞서 LG전자는 지난 2022년부터 청소기 폐배터리를 수거해 환경 보호와 이웃 사랑을 동시에 실천하는 고객... ,http://www.wsobi.com/news/articleView.html?idxno=313956,http://www.wsobi.com/news/articleView.html?idxno=313956,"Fri, 19 Jun 2026 10:24:00 +0900",2026-06-19 10:45:48
2차전지,배터리 산업,"폭스바겐그룹, 8대 전략 발표…&quot;2030년 수익성 반등 이룰 것&quot;","배터리 자회사 '파워코'를 앞세워 독일에서 산업 규모의 셀 생산을 시작했으며, 스페인과 캐나다 공장이 후속 가동을 준비 중이다. 폭스바겐그룹 전체 생산역량은 2019년 약 1200만대에 달했으나, 코로나19 이후 중국과... ",https://www.newsworks.co.kr/news/articleView.html?idxno=844416,https://www.newsworks.co.kr/news/articleView.html?idxno=844416,"Fri, 19 Jun 2026 10:14:00 +0900",2026-06-19 10:45:48
2차전지,배터리 산업,"[중국 특징주] 덕방납미, 6600억 유상증자 추진해 '리튬전지 신소재 생산...","중국 리튬인산철(LFP) 배터리 양극재 공급업체 덕방납미(德方納米∙Dynanonic 300769.SZ)는 6월 18일 저녁... 리튬전지 신소재 일체화(1기) 프로젝트는 취징 국가고신기술산업개발구 화산 구역에 위치하며, 총 투자액은... ",https://www.newspim.com/news/view/20260619000328,https://www.newspim.com/news/view/20260619000328,"Fri, 19 Jun 2026 10:10:00 +0900",2026-06-19 10:45:48
2차전지,배터리 산업,흩어진 구독 내역 한눈에 보는 서비스 하반기 출시,"차량 가격의 40%를 차지하는 배터리만 빌려 쓰는 '전기차 배터리 구독 서비스'도 활성화해 10월부터 일반... 정부 관계자는 &quot;앞으로도 생활밀착형 과제들을 지속해서 발굴하고, 서비스산업 발전기본법 제정을 위해 국회와도... ",https://www.delighti.co.kr/news/articleView.html?idxno=117914,https://www.delighti.co.kr/news/articleView.html?idxno=117914,"Fri, 19 Jun 2026 10:10:00 +0900",2026-06-19 10:45:48
2차전지,배터리 산업,수출 크게 늘어도 환율은 고공행진 왜?,"둘째, 보다 근본적으로는 반도체·2차전지·자동차 등 주력 산업에서 글로벌 공급망을 구축해야 할... 이 시기는 반도체·배터리 기업들의 해외 생산거점 투자가 본격화한 시점과 맞물린다. 독일과 반대로 가는 한국... ",http://www.fntimes.com/html/view.php?ud=2026061910062441199bdb80fab5_18,http://www.fntimes.com/html/view.php?ud=2026061910062441199bdb80fab5_18,"Fri, 19 Jun 2026 10:08:00 +0900",2026-06-19 10:45:48
2차전지,리튬 시장,"25년 LFP 양극재 출하 비중 72%, 시장 주도··· 경쟁 치열","리튬이차전지 양극재 시장에서 LFP(리튬인산철) 중심 구조 재편이 가속화되며 2025년 전체 출하량의 약 72%를 차지, 삼원계 대비 압도적 우위를 이어간 것으로 나타났다. ESS 수요 확대를 기반으로 LFP... ",http://amenews.kr/news/view.php?idx=67142,http://amenews.kr/news/view.php?idx=67142,"Fri, 19 Jun 2026 10:40:00 +0900",2026-06-19 10:45:49
2차전지,리튬 시장,“상하기 전에 보내야 산다”…콜드체인 항공물류 경쟁 활활,한진이 신선화물 항공운송 국제표준인증을 확보하며 콜드체인 항공물류 시장 공략에 속도를 낸다. 화물을... 앞서 리튬 배터리 항공운송 품질인증인 ‘CEIV Lithium Batteries’를 확보한 데 이어 이번 신선화물 인증까지... ,https://www.segye.com/newsView/20260619506112?OutUrl=naver,https://n.news.naver.com/mnews/article/022/0004136703?sid=101,"Fri, 19 Jun 2026 10:27:00 +0900",2026-06-19 10:45:49
2차전지,리튬 시장,"한진, 국제 신선화물 운송 인증 획득…특수물류 경쟁력 입증",앞서 2024년 12월 CEIV 리튬 배터리 인증을 획득한 한진은 이번 CEIV Fresh 인증까지 연이어 확보하며 글로벌 특수화물 시장에서 확고한 우위를 점하게 됐다. 한진은 철저한 시간·온도 관리와 콜드체인 모니터링 등... ,https://www.news1.kr/industry/general-industry/6202242,https://n.news.naver.com/mnews/article/421/0009012467?sid=101,"Fri, 19 Jun 2026 10:26:00 +0900",2026-06-19 10:45:49
2차전지,리튬 시장,"&quot;광주서 먼저 만난다&quot;…지케이모빌리티, 지커 7X 팝업 운영",지커의 글로벌 라인업 가운데 처음으로 한국 시장에 투입된 모델이며 중국 외 국가에서는 처음... 프로 트림에는 75kWh 리튬인산철 배터리가 적용되고 맥스와 울트라 트림에는 100kWh 니켈·코발트·망간 배터리가... ,https://www.wolyo.co.kr/news/articleView.html?idxno=313795,https://www.wolyo.co.kr/news/articleView.html?idxno=313795,"Fri, 19 Jun 2026 10:20:00 +0900",2026-06-19 10:45:49
2차전지,리튬 시장,"한진, IATA 'CEIV Fresh' 국제 인증 취득…고부가가치 콜드체인 물류시장...","한진은 이미 2024년 12월 'CEIV 리튬 배터리' 인증을 받은 데 이어, 이번 'CEIV Fresh' 인증까지 연이어 확보함으로써 글로벌 특수화물 시장에서 경쟁력을 강화했다. 한진은 온도 및 시간 관리, 콜드체인 모니터링 등... ",https://www.newsquest.co.kr/news/articleView.html?idxno=268176,https://www.newsquest.co.kr/news/articleView.html?idxno=268176,"Fri, 19 Jun 2026 10:14:00 +0900",2026-06-19 10:45:49
2차전지,리튬 시장,[新차장] RAV4는 현실을 보고 지커는 가격을 던졌다···수입차 전동화...,"| 스마트비즈 = 김종훈 기자 | 수입차 시장에 나온 신차들이 서로 다른 방향을 택했다. 토요타는... 플러그인 하이브리드 모델은 2.5L 가솔린 엔진과 리튬이온 배터리, e-Axle을 결합해 시스템 출력 329마력을... ",https://www.smartbizn.com/news/articleView.html?idxno=146547,https://www.smartbizn.com/news/articleView.html?idxno=146547,"Fri, 19 Jun 2026 10:14:00 +0900",2026-06-19 10:45:49
2차전지,리튬 시장,"이브이첨단소재 투자사 프롤로지움, 네덜란드 항공사와 맞손…전기항공...","전기항공기 시장은 배터리 성능이 상용화의 핵심 변수로 꼽힌다. 기존 리튬이온 배터리 대비 에너지 밀도와 안전성을 높인 전고체 배터리가 차세대 대안으로 주목받는 이유다. 양사는 중량 효율성과 운항거리, 임무... ",https://www.etoday.co.kr/news/view/2595280,https://www.etoday.co.kr/news/view/2595280,"Fri, 19 Jun 2026 10:06:00 +0900",2026-06-19 10:45:49
2차전지,리튬 시장,"한진, 콜드체인 물류시장 정조준…국제 인증 취득",앞서 한진은 지난 2024년 12월 'CEIV 리튬 배터리' 인증을 획득한 데 이어 이번 'CEIV Fresh' 인증까지 연이어 확보함으로써 글로벌 특수화물 시장에서 확고한 경쟁 우위를 갖추게 됐다. 한진은 엄격한 시간 및 온도 관리... ,http://www.wowtv.co.kr/NewsCenter/News/Read?articleId=A202606190336&t=NN,https://n.news.naver.com/mnews/article/215/0001255930?sid=101,"Fri, 19 Jun 2026 09:58:00 +0900",2026-06-19 10:45:49
2차전지,리튬 시장,"글로벌 외주 생산 붐 타고…인탑스, 대형 신규 바이어 확보 기대감","핸드셋 업종이 19일 인공지능(AI) 스마트폰 시장 확대 기대감과 차세대 모바일 부품 수요 증가 전망에 힘입어... 아모센스와 이엠텍, 덕우전자, 리튬포어스는 전자부품과 소재 분야에서 성장 가능성을 보유하고 있지만... ",https://www.pinpointnews.co.kr/news/articleView.html?idxno=461438,https://www.pinpointnews.co.kr/news/articleView.html?idxno=461438,"Fri, 19 Jun 2026 09:52:00 +0900",2026-06-19 10:45:49
2차전지,리튬 시장,"한진, IATA 신선화물 국제표준인증 취득…&quot;특수화물 시장 공략 속도&quot;",한진은 앞서 2024년 12월 'CEIV 리튬 배터리' 인증을 획득한 데 이어 이번 인증까지 추가로 확보하며 글로벌 특수화물 시장에서 경쟁 우위를 다지게 됐다. 회사는 콜드체인 모니터링 등 고도화된 화물 운영 능력을... ,https://daily.hankooki.com/news/articleView.html?idxno=1378045,https://daily.hankooki.com/news/articleView.html?idxno=1378045,"Fri, 19 Jun 2026 09:48:00 +0900",2026-06-19 10:45:49
2차전지,리튬 시장,HD현대사이트솔루션 “2030년까지 산업차량 매출 1.6조원 달성”,"소형부터 대형에 이르는 제품 풀라인업을 구축하고, 친환경 장비 수요가 확대되는 글로벌 시장 공략을 강화한다는 계획이다. 모델에는 고성능 리튬인산철(LFP)배터리가 탑재돼 1시간 충전으로 최대 11시간 연속... ",http://www.thebigdata.co.kr/view.php?ud=202606190932372524570d99e4c8_23,http://www.thebigdata.co.kr/view.php?ud=202606190932372524570d99e4c8_23,"Fri, 19 Jun 2026 09:48:00 +0900",2026-06-19 10:45:49
2차전지,리튬 시장,"한진, 신선화물 국제인증 취득…콜드체인 물류시장 정조준",앞서 2024년 12월 'CEIV 리튬 배터리' 인증을 확보한 바 있는 한진은 이번 인증을 계기로 역대 최고치를 경신 중인 K-푸드 및 K-바이오 수출입 물류 시장을 겨냥해 고부가가치 특수화물로 포트폴리오를 다각화한다는... ,https://www.cnbnews.com/news/articleView.html?idxno=1005199,https://www.cnbnews.com/news/articleView.html?idxno=1005199,"Fri, 19 Jun 2026 09:44:00 +0900",2026-06-19 10:45:49
2차전지,리튬 시장,"프랑스 정부, 희토류 공급망 재산업화 종합계획 발표","대표적인 사례로, 독일 불칸(Vulcan)사의 리튬 광산 프로젝트 자금 조달에 이 제도가 활용된 바 있다.... ‘프로젝트 매출의 최소 50%가 풍력 발전 시장에서 발생해야 한다’는 요건을 폐지한다는 것이다. 이에... ",http://dream.kotra.or.kr/kotranews/cms/news/actionKotraBoardDetail.do?SITE_NO=3&MENU_ID=80&CONTENTS_NO=2&bbsGbn=242&bbsSn=242&pNttSn=242239,http://dream.kotra.or.kr/kotranews/cms/news/actionKotraBoardDetail.do?SITE_NO=3&MENU_ID=80&CONTENTS_NO=2&bbsGbn=242&bbsSn=242&pNttSn=242239,"Fri, 19 Jun 2026 09:37:00 +0900",2026-06-19 10:45:49
2차전지,리튬 시장,실적 늘고 주가 다졌는데…시장서 소외됐던 성문전자 '저평가 매력' 부...,(ESS) 시장 확대가 투자 심리를 자극하는 모습이다. 전기제품 업종은 3.78% 상승하고 있다. 이차전지 셀과... 비츠로셀은 리튬 1차전지와 특수전지 분야 경쟁력을 보유하고 있으며 안정적인 사업 구조를 기반으로 장기 성장... ,https://www.pinpointnews.co.kr/news/articleView.html?idxno=461431,https://www.pinpointnews.co.kr/news/articleView.html?idxno=461431,"Fri, 19 Jun 2026 09:34:00 +0900",2026-06-19 10:45:49
2차전지,리튬 시장,"한진, IATA 'CEIV Fresh' 인증 획득…신선화물 콜드체인 경쟁력 입증","이번 인증으로 한진은 온도 민감성 화물에 대한 글로벌 수준의 품질 관리 역량을 객관적으로 입증했으며, 2024년 12월 'CEIV 리튬 배터리' 인증에 이은 연속 성과로 특수화물 시장에서 경쟁 우위를 강화했다고 한진은... ",https://www.pinpointnews.co.kr/news/articleView.html?idxno=461424,https://www.pinpointnews.co.kr/news/articleView.html?idxno=461424,"Fri, 19 Jun 2026 09:26:00 +0900",2026-06-19 10:45:49
2차전지,리튬 시장,"한진, 'CEIV Fresh' 국제 인증 취득…글로벌 콜드체인 물류시장 경쟁력 ...","이 회사는 지난 2024년 12월 'CEIV 리튬 배터리' 인증 획득에 이어, 이번 'CEIV Fresh' 인증까지 확보함으로써 글로벌 특수화물 시장에서 경쟁 우위를 갖추게 됐다. 시장조사업체 비즈니스 리서치 인사이트에 따르면... ",http://www.dailylog.co.kr/news/articleView.html?idxno=26575,http://www.dailylog.co.kr/news/articleView.html?idxno=26575,"Fri, 19 Jun 2026 09:22:00 +0900",2026-06-19 10:45:49
2차전지,리튬 시장,"한진, ‘CEIV Fresh’ 인증으로 콜드체인 물류 공략 속도",앞서 한진은 2024년 12월 ‘CEIV 리튬 배터리’ 인증을 획득한 데 이어 이번 ‘CEIV Fresh’ 인증까지 확보함으로써 글로벌 특수화물 시장에서 확고한 경쟁 우위를 갖추게 됐다는 평가다. 한진은 시간 및 온도 관리... ,https://www.sedaily.com/article/20057663?ref=naver,https://n.news.naver.com/mnews/article/011/0004632808?sid=101,"Fri, 19 Jun 2026 09:22:00 +0900",2026-06-19 10:45:49
2차전지,리튬 시장,[유통딜리버리] 신세계百ㆍ이마트ㆍ현대百ㆍ신세계사이먼ㆍ무신사ㆍGS...,한진은 2024년 12월 ‘CEIV 리튬 배터리’ 인증에 이어 특수화물 분야에서 연속으로 국제 인증을 확보했다. 시장조사업체 비즈니스 리서치 인사이트에 따르면 글로벌 콜드체인 물류시장은 올해 5000억 달러 규모로... ,https://www.dnews.co.kr/uhtml/view.jsp?idxno=202606190905004790972,https://www.dnews.co.kr/uhtml/view.jsp?idxno=202606190905004790972,"Fri, 19 Jun 2026 09:22:00 +0900",2026-06-19 10:45:49
2차전지,리튬 시장,"한진, 신선화물 항공운송 국제 인증…K-푸드·바이오 물류 확대",K-푸드와 바이오의약품 등 온도 관리가 중요한 고부가가치 물류 시장을 본격적으로 공략하기 위한 기반을... 앞서 한진은 지난해 12월 ‘CEIV 리튬 배터리’ 인증도 취득했다. 이번 CEIV Fresh 인증까지 더해지면서... ,https://biz.heraldcorp.com/article/10781440?ref=naver,https://n.news.naver.com/mnews/article/016/0002658671?sid=101,"Fri, 19 Jun 2026 08:52:00 +0900",2026-06-19 10:45:49
2차전지,전고체 배터리,"&quot;전고체 판도 바꾼다&quot; 포스코퓨처엠, 美 팩토리얼 상장에 수혜",글로벌 완성차 파트너십 구축 완료…차세대 소재 매출 가시성 뚜렷 포스코퓨처엠의 친환경 이차전지 소재 사업을 형상화한 브랜드 이미지[출처: 포스코퓨처엠] 포스코퓨처엠[003670]의 전고체 배터리 핵심 파트너사인... ,https://news.einfomax.co.kr/news/articleView.html?idxno=4420856,https://news.einfomax.co.kr/news/articleView.html?idxno=4420856,"Fri, 19 Jun 2026 09:28:00 +0900",2026-06-19 10:45:50
2차전지,전고체 배터리,"나인테크, 창립 20주년 맞아 '제3의 창업' 선언",특히 디스플레이 공정에서 축적된 유리 가공 기술은 AI 반도체 시대의 유리기판 기술로 확장되고 있으며 배터리 분야에서 확보한 건식 공정 기술은 차세대 전고체 배터리 상용화를 위한 경쟁력으로 주목받고 있다. 박... ,https://www.cstimes.com/news/articleView.html?idxno=710353,https://www.cstimes.com/news/articleView.html?idxno=710353,"Fri, 19 Jun 2026 08:48:00 +0900",2026-06-19 10:45:50
2차전지,전고체 배터리,액센추어 '중동 4억 달러 타격' 고백에 IBM까지 불똥-[美증시 특징주],퀀텀스케이프 (QS) 퀀텀스케이프가 혼다와 전고체 배터리 공동연구 협약 체결했습니다. 이번 협력은 퀀텀스케이프의 차세대 배터리 플랫폼 상용화를 앞당기는 데 초점이 맞춰져 있습니다. 전고체 배터리는 기존 리튬이온... ,http://www.wowtv.co.kr/NewsCenter/News/Read?articleId=A202606190219&t=NN,https://n.news.naver.com/mnews/article/215/0001255914?sid=101,"Fri, 19 Jun 2026 08:20:00 +0900",2026-06-19 10:45:50
2차전지,전고체 배터리,"&quot;160㎝·55㎏, 더 가벼워질 거예요&quot;...엔지니어의 꿈 멀지 않았다","LG에너지솔루션은 휴머노이드의 에너지원이 될 배터리를 맡는다. 목표는 350Wh/kg(킬로그램 당 와트)급 황화물계 전고체전지를 개발하는 것인데, 온도가 조금만 변해도 성능이 떨어지는 전지의 특성을 극복하고... ",https://www.mt.co.kr/tech/2026/06/19/2026061109220142460,https://n.news.naver.com/mnews/article/008/0005374216?sid=105,"Fri, 19 Jun 2026 08:15:00 +0900",2026-06-19 10:45:50
2차전지,전고체 배터리,"전기차 수요 둔화에 배터리 3사, ESS·AI 데이터센터 전력 시장 공략","휴머노이드 로봇 등 피지컬 AI용으로 개발 중인 파우치형 전고체 배터리의 샘플을 최초로 일반에 공개, 글로벌 최고 수준의 전고체 기술력을 강조했다. 에너지저장장치(ESS)용 배터리 솔루션을 비롯해 AI... ",https://www.banronbodo.com/news/articleView.html?idxno=32500,https://www.banronbodo.com/news/articleView.html?idxno=32500,"Fri, 19 Jun 2026 08:00:00 +0900",2026-06-19 10:45:50
2차전지,전고체 배터리,"퀀텀스케이프, 혼다와 전고체 배터리 공동 연구 계약에 16.5% 폭등",전기차용 차세대 전고체 배터리 개발업체인 퀀텀스케이프(QS)가 일본 완성차 업체 혼다와의 공동 연구 계약 소식에 16% 넘게 폭등했다. 폭스바겐에 이어 혼다까지 글로벌 완성차 거물들을 우군으로 확보하면서 상용화... ,https://www.g-enews.com/view.php?ud=202606190637032793e250e8e188_1,https://www.g-enews.com/view.php?ud=202606190637032793e250e8e188_1,"Fri, 19 Jun 2026 06:42:00 +0900",2026-06-19 10:45:50
2차전지,전고체 배터리,"SFA넥셀, 유럽 배터리 기업와 전극 공정 장비 협력 추진",SFA그룹 편입 이후 그룹의 제조장비 사업 역량과 전극공정 기술력을 결합해 건식전극·전고체 등 차세대 배터리 공정 솔루션 분야 기술도 개발 중이다. 씨아이에스에서 사명을 바꾼 SFA넥셀은 이달 말 코스닥 시장에도... ,https://www.thelec.kr/news/articleView.html?idxno=58322,https://www.thelec.kr/news/articleView.html?idxno=58322,"Thu, 18 Jun 2026 18:34:00 +0900",2026-06-19 10:45:50
2차전지,전고체 배터리,"이수스페셜티케미컬 황화리튬 플랜트 조기 준공, 전고체배터리 소재 상...",이수스페셜티케미컬이 전고체 배터리 핵심 소재인 황화리튬(Li₂S) 상업 생산에 속도를 낸다. 이수스페셜티케미컬은 지난해 8월 착공한 황화리튬 상업화 플랜트가 기존 계획보다 앞당겨 준공됐다고 18일 밝혔다.... ,https://www.businesspost.co.kr/BP?command=article_view&num=440331,https://www.businesspost.co.kr/BP?command=article_view&num=440331,"Thu, 18 Jun 2026 17:12:00 +0900",2026-06-19 10:45:50
2차전지,전고체 배터리,"SFA넥셀, 유럽 배터리 셀 제조사와 NDA 체결…전극공정 장비 공급 협력 ...","사명 변경을 계기로 SFA그룹의 제조장비 사업 역량과 당사의 전극공정 장비 기술력을 결합해 건식전극, 전고체 등 차세대 배터리 공정 솔루션 분야의 기술 개발과 협력 기회를 확대해 나가겠다&quot;고 말했다.",https://www.epnc.co.kr/news/articleView.html?idxno=403225,https://www.epnc.co.kr/news/articleView.html?idxno=403225,"Thu, 18 Jun 2026 16:38:00 +0900",2026-06-19 10:45:50
2차전지,전고체 배터리,스페이스X 매출 1조 달러? 일론 프리미엄 '현실과 신기루' [머스크 어긋...,더 안전하고 가벼운 전고체 배터리 등 차세대 제품을 내놓는 것부터 시작해야 한다.&quot; 제때 지켜지지 않는 '머스크식 시간표'는 그의 최근 발언에서도 찾아볼 수 있습니다. 머스크는 2025년 7월 테슬라 2분기 실적... ,https://www.thescoop.co.kr/news/articleView.html?idxno=310601,https://n.news.naver.com/mnews/article/665/0000007579?sid=101,"Thu, 18 Jun 2026 15:08:00 +0900",2026-06-19 10:45:50
2차전지,전고체 배터리,&quot;전고체 2030년 양산 불가&quot; 선언한 CATL … K-배터리에 기회 될까,뉴데일리 김수한 기자 = 세계 1위 배터리 기업 CATL(닝더스다이)의 쩡위췬 회장이 전고체 배터리의 상업화 가능성에 제동을 걸었다. 이에 중국발 전고체 배터리 속도전에 압박받던 국내 배터리 업계도 페이스를 조절할... ,https://biz.newdaily.co.kr/site/data/html/2026/06/18/2026061800109.html,https://biz.newdaily.co.kr/site/data/html/2026/06/18/2026061800109.html,"Thu, 18 Jun 2026 14:14:00 +0900",2026-06-19 10:45:50
2차전지,전고체 배터리,"공급망 붕괴되면 제조업 셧다운…대양금속, 고성능 크롬·니켈 강종으로...",증시 전문가는 &quot;니켈 테마는 단기적으로 전기차 판매 둔화와 배터리 업황 조정에 영향을 받을 수 있다&quot;며 &quot;다만 전고체 배터리와 고밀도 배터리 기술 개발이 이어지는 만큼 원재료 경쟁력을 확보한 기업과 실적 개선... ,https://www.pinpointnews.co.kr/news/articleView.html?idxno=461172,https://www.pinpointnews.co.kr/news/articleView.html?idxno=461172,"Thu, 18 Jun 2026 13:44:00 +0900",2026-06-19 10:45:50
2차전지,전고체 배터리,"이수스페셜티케미컬, 전고체 핵심 '황화리튬' 플랜트 조기 준공",이수스페셜티케미컬이 전고체 배터리의 핵심 소재인 황화리튬(Li₂S) 상업화 플랜트를 당초 계획보다 앞당겨 준공하며 글로벌 차세대 배터리 소재 시장 선점에 가속도를 낸다. 이수스페셜티케미컬은 지난해 8월 첫 삽을... ,https://www.the-stock.kr/news/articleView.html?idxno=32760,https://www.the-stock.kr/news/articleView.html?idxno=32760,"Thu, 18 Jun 2026 13:28:00 +0900",2026-06-19 10:45:50
2차전지,전고체 배터리,"SFA넥셀, 유럽 배터리 셀 제조사와 NDA 체결",건식전극과 전고체 배터리 등 차세대 공정 솔루션 분야에서도 협력 범위를 넓힌다는 방침이다. 유럽에서는 배터리 공급망 내재화와 현지 생산 확대 정책이 이어지면서 생산라인 장비와 공정 기술 수요가 증가할 것으로... ,https://www.dt.co.kr/article/12068269?ref=naver,https://n.news.naver.com/mnews/article/029/0003032445?sid=101,"Thu, 18 Jun 2026 11:28:00 +0900",2026-06-19 10:45:50
2차전지,전고체 배터리,"“다 같은 삼성이 아니다” 고수들, SDI는 사고 전기·전자는 ‘팔자’...",당장의 업황 부진보다는 중장기적인 전고체 배터리 등 차세대 기술 경쟁력에 기대를 거는 모습이다. 순매수 2위는 SK하이닉스가 차지했다. 같은 시간 SK하이닉스 주가는 전장 대비 3.85% 오른 261만 8000원을 기록... ,https://www.sedaily.com/article/20057285?ref=naver,https://n.news.naver.com/mnews/article/011/0004632473?sid=101,"Thu, 18 Jun 2026 11:25:00 +0900",2026-06-19 10:45:50
2차전지,전고체 배터리,'2026 배터리 차징쇼' 대구서 개최…이차전지·충전산업 한자리에,"전시 기간 중에는 '2026 Battery + Charging Forum'이 마련돼 전고체 배터리, 양극재·음극재 소재기술, 배터리 리사이클링, 초급속 충전, 에너지저장장치(ESS) 등 주요 산업 이슈를 다루는 전문가 세션이 열린다. 국내외 바이어... ",http://www.hansbiz.co.kr/news/articleView.html?idxno=845060,http://www.hansbiz.co.kr/news/articleView.html?idxno=845060,"Thu, 18 Jun 2026 10:58:00 +0900",2026-06-19 10:45:50
2차전지,전고체 배터리,이수스페셜티케미컬 &quot;황화리튬 상업 플랜트 조기 준공&quot;,이수스페셜티케미컬에 따르면 이번 준공을 통해 전고체 배터리 필수 소재인 황화리튬의 상업 생산 체계가 가시화됐다. 이수스페셜티케미컬은 향후 시운전을 통해 설비 안전성을 최종 점검한 뒤 본격적인 상업 생산에... ,https://daily.hankooki.com/news/articleView.html?idxno=1377704,https://daily.hankooki.com/news/articleView.html?idxno=1377704,"Thu, 18 Jun 2026 10:50:00 +0900",2026-06-19 10:45:50
2차전지,전고체 배터리,"이수스페셜티케미컬, 황화리튬 양산 플랜트 조기 준공",이수스페셜티케미컬은 이번 준공으로 전고체 배터리 핵심 소재인 황화리튬의 상업 생산에 속도가 붙을 것으로 기대하고 있다. 향후 시운전을 거쳐 설비 안전성을 점검한 뒤 본격적인 상업 생산에 들어간다는 계획이다.... ,https://news.dealsitetv.com/articles/172014,https://news.dealsitetv.com/articles/172014,"Thu, 18 Jun 2026 10:32:00 +0900",2026-06-19 10:45:50
바이오/헬스,바이오 주가,"코스피, 사상 첫 장중 9,300선 돌파…SK하이닉스도 280만원 첫 돌파","SK하이닉스가 주가 280만원을 넘어선 것은 이번이 처음이다. 이 밖에 SK스퀘어(9.24%)와 삼성전자우(2.63... 반면 HD현대중공업(2.05%)과 삼성바이오로직스(3.29%), 한화에어로스페이스(3.70%), KB금융(1.72%) 등은... ",https://www.news2day.co.kr/article/20260619500062,https://www.news2day.co.kr/article/20260619500062,"Fri, 19 Jun 2026 10:20:00 +0900",2026-06-19 10:45:51
바이오/헬스,바이오 주가,"글로벌 시장 사로잡은 바이오 기술…HEM파마, 해외 매출 잭팟 터졌다","콜마비앤에이치와 휴럼, 압타바이오는 최근 주가 상승에 따른 부담과 바이오 업종 전반의 투자심리 약화로 조정을 받고 있다. 에이치엘사이언스와 케어랩스, 노바렉스, SCL사이언스 역시 수익성 개선 여부를 확인하려는... ",https://www.pinpointnews.co.kr/news/articleView.html?idxno=461449,https://www.pinpointnews.co.kr/news/articleView.html?idxno=461449,"Fri, 19 Jun 2026 10:18:00 +0900",2026-06-19 10:45:51
바이오/헬스,바이오 주가,FTSE 리밸런싱에 쏠린 눈…“SK하이닉스 장마감 매도 유의”,"이번 FTSE 리밸런싱에선 리브스메드(491000), 에임드바이오(0009K0), 알지노믹스(476830) 등의 FTSE 스몰캡... 그러나 과거 사례를 감안하면 장마감 동시호가 수급은 주가에 영향을 줄 수 있다는 분석이다. 지난해 12월... ",https://www.edaily.co.kr/news/newspath.asp?newsid=03470246645483360,https://n.news.naver.com/mnews/article/018/0006309682?sid=101,"Fri, 19 Jun 2026 10:04:00 +0900",2026-06-19 10:45:51
바이오/헬스,바이오 주가,9천피 단 하루만에 바로 '9300' 돌파…280만닉스 달성,"반면 HD현대중공업(-1.75%), 삼성바이오로직스(-2.38%) 등 일부 대형주는 하락세다. 유가증권시장에서... 인텔은 도널드 트럼프 미국 대통령이 애플과 인텔의 칩 생산 협력 소식을 공개하면서 주가가 10.64% 급등했다.... ",https://www.nocutnews.co.kr/news/6535542?utm_source=naver&utm_medium=article&utm_campaign=20260619100637,https://n.news.naver.com/mnews/article/079/0004159611?sid=101,"Fri, 19 Jun 2026 09:58:00 +0900",2026-06-19 10:45:51
바이오/헬스,바이오 주가,코스피 9300선 돌파…37만전자·283만닉스,"호평이 주가 상승을 이끌고 있는 것으로 풀이된다. 이 밖에도 현대차(+0.67%), 삼성생명(+6.82%), LG에너지솔루션(+2.38%), 삼성물산(+13.29%) 등도 강세를 보이고 있다. 반면 HD현대중공업(-1.90%), 삼성바이오로직스(-0.42... ",https://www.greened.kr/news/articleView.html?idxno=342867,https://www.greened.kr/news/articleView.html?idxno=342867,"Fri, 19 Jun 2026 09:51:00 +0900",2026-06-19 10:45:51
바이오/헬스,바이오 주가,SK하이닉스 시총 2000조 돌파…오늘도 날아가는 코스피 [fn오전시황],"독주가 만들어냈으며, 폭등 과정에서 피로감 및 차익실현 욕구가 누적되고 있다는 점도 고려해 볼 시점&quot;이라며 &quot;전날 낙폭이 과도했던 조선, 방산, 증권, 전력기기, 바이오 등으로 순환매가 나타날 가능성을... ",http://www.fnnews.com/news/202606190942588025,https://n.news.naver.com/mnews/article/014/0005537129?sid=101,"Fri, 19 Jun 2026 09:47:00 +0900",2026-06-19 10:45:51
바이오/헬스,바이오 주가,"코스피, 9200선 돌파하며 '만스피' 시동","삼성바이오로직스(-1.19%), 한화에어로스페이스(-0.34%), HD현대중공업(-1.75%)은 내리고 있다. 같은 시각... 반도체주가 강세를 보이면서 일제히 상승 마감했다. 18일(현지시간) 뉴욕증권거래소(NYSE)에서... ",https://www.sisajournal.com/news/articleView.html?idxno=377061,https://n.news.naver.com/mnews/article/586/0000131869?sid=101,"Fri, 19 Jun 2026 09:44:00 +0900",2026-06-19 10:45:51
바이오/헬스,바이오 주가,"‘삼전닉스’ 오늘도 신고가 랠리…코스피 9300선 돌파, 코스닥은 1000선...","간밤 미국 증시에서 반도체주가 일제히 강세를 보인 영향이 국내 증시에도 이어진 것으로 풀이된다.... 반면 HD현대중공업(-2.78%), 삼성바이오로직스(-0.91%) 등은 하락세다. 코스닥 지수는 전일대비 13.... ",https://www.mk.co.kr/article/12078189,https://n.news.naver.com/mnews/article/009/0005695991?sid=101,"Fri, 19 Jun 2026 09:30:00 +0900",2026-06-19 10:45:51
바이오/헬스,바이오 주가,전력 슈퍼사이클 본격화…LS ELECTRIC·효성중공업 다시 폭풍질,"반면 지엔씨에너지와 제일일렉트릭, 지투파워, 바이오스마트는 단기 차익 실현 매물과 투자 심리 위축으로... 최근 전력 인프라 관련주들의 급격한 주가 상승 이후 밸류에이션 부담이 커지면서 차익 실현 매물이 나오고... ",https://www.pinpointnews.co.kr/news/articleView.html?idxno=461423,https://www.pinpointnews.co.kr/news/articleView.html?idxno=461423,"Fri, 19 Jun 2026 09:30:00 +0900",2026-06-19 10:45:51
바이오/헬스,바이오 주가,[개장시황] '동학개미' 몰리자 코스피 9300선 경신,19%) △삼성바이오로직스(-0.35%) △한화에어로스페이스(-1.77%) △현대모비스(-0.17%) 등이 약세를 보이고 있다. 코스닥 주요 종목 중에서는 에코프로비엠(+0.87%) 등의 주가가 오르고 있지만 △알테오젠(-0.14... ,https://www.joongangenews.com/news/articleView.html?idxno=526911,https://www.joongangenews.com/news/articleView.html?idxno=526911,"Fri, 19 Jun 2026 09:24:00 +0900",2026-06-19 10:45:51
바이오/헬스,바이오 주가,"NH투자증권 &quot;오상헬스케어, RSV 콤보키트 반등 모멘텀&quot;",투자의견과 목표주가는 제시하지 않았다. 한승연 NH투자증권 연구원은 &quot;성수기임에도... 또한 &quot;미국의 크립토스 바이오테크놀로지와 함께 진행 중인 초고속 광열 중합효소연쇄반응(PCR) 기반 현장분자진단기기의... ,https://www.cstimes.com/news/articleView.html?idxno=710361,https://www.cstimes.com/news/articleView.html?idxno=710361,"Fri, 19 Jun 2026 09:10:00 +0900",2026-06-19 10:45:51
바이오/헬스,바이오 주가,'코스피 이전 추진' 알테오젠에 증권가 &quot;코스닥 잔류가 합리적&quot;,"따라 주가가 올랐고, 셀트리온은 실적 악화로 주가가 하락했다&quot;며 &quot;이전 효과는 상장 직전 단기적 효과... 그는 &quot;알테오젠은 바이오 기업이지만 임상 실패 리스크(위험) 없이 미국 머크(MSD)와 다이이찌 산쿄, 사노피... ",https://news.einfomax.co.kr/news/articleView.html?idxno=4420846,https://news.einfomax.co.kr/news/articleView.html?idxno=4420846,"Fri, 19 Jun 2026 09:10:00 +0900",2026-06-19 10:45:51
바이오/헬스,바이오 주가,"다올투자증권 &quot;엘앤씨바이오, 폐지방 활용 법적 토대 마련&quot;",투자의견과 목표주가는 제시하지 않았다. 다올투자증권은 보고서에서 엘앤씨바이오의 2분기 매출액을 전년 동기 대비 82% 증가한 374억원으로 전망했다. 영업이익은 86억원으로 흑자 전환할 것으로 추정했다. 박종현... ,https://www.businessplus.kr/news/articleView.html?idxno=113066,https://www.businessplus.kr/news/articleView.html?idxno=113066,"Fri, 19 Jun 2026 08:54:00 +0900",2026-06-19 10:45:51
바이오/헬스,바이오 주가,"“레이저옵텍, 올해 실적 회복 구간…내년부터 수출 정상화 기대” [Why...",투자의견과 목표주가는 따로 제시하지 않았다. 김다혜 하나증권 연구원은 “글로벌 업체 과점으로 신제품 출시가 더딘 미용의료 레이저 시장에서 독자 기술로 소모품과 리프팅 트렌드를 반영한 신제품을 선보이고... ,https://www.sedaily.com/article/20057634?ref=naver,https://n.news.naver.com/mnews/article/011/0004632795?sid=101,"Fri, 19 Jun 2026 08:54:00 +0900",2026-06-19 10:45:51
바이오/헬스,바이오 주가,"[모닝 리포트] 삼성물산, 목표가 63만원…원전·SMR 주목","목표주가 상향의 1차 근거는 보유 지분가치다. LS증권은 삼성물산의 상장 지분가치를 115조9200억원으로 산정했다. 삼성전자 지분가치가 75조9650억원, 삼성바이오로직스가 20조5000억원, 삼성생명이 12조9410억원으로... ",https://www.newspim.com/news/view/20260619000060,https://www.newspim.com/news/view/20260619000060,"Fri, 19 Jun 2026 08:45:00 +0900",2026-06-19 10:45:51
바이오/헬스,바이오 주가,"&quot;기술수출 넘어 로열티 단계&quot; … 알테오젠, 플랫폼 가치실현 최종 관문...","뉴데일리 성재용 기자 = 국내 바이오산업은 오랫동안 기술개발과 기술수출을 중심으로 성장해왔다.... 결국 주가 재평가는 키트루다SC 판매 속도와 실제 마일스톤 수령, 로열티 전환 시점에 달려 있다. 듀피젠트SC와... ",https://biz.newdaily.co.kr/site/data/html/2026/06/18/2026061800257.html,https://biz.newdaily.co.kr/site/data/html/2026/06/18/2026061800257.html,"Fri, 19 Jun 2026 08:44:00 +0900",2026-06-19 10:45:51
바이오/헬스,바이오 주가,[박정식의 국내 주식시황] 필라델피아반도체지수 이틀째 상승…삼성전...,"제약·바이오와 이차전지 약세로 부진했던 만큼, 오늘도 반도체 쏠림 장세가 이어질지가 관건이다. 전일 국내증시는 삼성전자와 SK하이닉스 등 주요 대형주가 지수 상승을 이끌며 코스피 중심의 강세장을 연출했다.... ",https://www.newsquest.co.kr/news/articleView.html?idxno=268142,https://www.newsquest.co.kr/news/articleView.html?idxno=268142,"Fri, 19 Jun 2026 08:44:00 +0900",2026-06-19 10:45:51
바이오/헬스,제약 산업,"[제약+] 대웅제약, 전남대·화순전남대병원에 씽크 도입 外",바이오 USA는 제약·바이오 산업 분야의 세계 최대 규모 기술·비즈니스 교류 행사다. 올해 행사는 오는 22일부터 25일까지 미국 샌디에이고에서 열린다. 일동제약그룹은 행사 기간 글로벌 파트너사를 비롯한 해외... ,https://news.dealsitetv.com/articles/172088,https://news.dealsitetv.com/articles/172088,"Fri, 19 Jun 2026 10:40:00 +0900",2026-06-19 10:45:51
바이오/헬스,제약 산업,"추가 고위험군 5종 타깃… 셀리드, 차세대 항암백신 국책과제 선정","국가신약개발사업은 국내 제약·바이오산업의 글로벌 경쟁력 강화를 위해 2021년부터 10년간 진행되는 범부처 국가 R&amp;D 사업으로, 신약 개발의 전주기 단계를 다방면으로 지원한다. 이와 별개로 셀리드는... ",https://www.smarttoday.co.kr/ko-kr/articles/108546,https://www.smarttoday.co.kr/ko-kr/articles/108546,"Fri, 19 Jun 2026 09:46:00 +0900",2026-06-19 10:45:51
바이오/헬스,제약 산업,"비만·근육 잡고 약물전달까지… 케어젠, 'CPHI 2026'서 그리는 펩타이드...","여기서 약물전달시스템(DDS, Drug Delivery System)이란 약물의 부작용을 최소화하고, 필요한 세포나 질환 부위에만 효율적으로 약물을 전달해 치료 효과를 극대화하는 제약 산업의 핵심 기술을 뜻한다. 케어젠은 이번... ",https://www.smarttoday.co.kr/ko-kr/articles/108545,https://www.smarttoday.co.kr/ko-kr/articles/108545,"Fri, 19 Jun 2026 09:42:00 +0900",2026-06-19 10:45:51
바이오/헬스,제약 산업,"케어젠, 'CPHI China 2026' 참가… 펩타이드 플랫폼 및 글로벌 사업 확장...","CPHI China는 원료의약품(API), 바이오, 천연물, 완제의약품, 약물전달시스템(DDS), 제약기계, CDMO·CRO 등 제약·헬스케어 산업 전반이 집결하는 B2B 전시회다. 올해 행사에서는 글로벌 공급망 재편과 함께 기능성 소재와... ",https://www.pharmnews.com/news/articleView.html?idxno=304301,https://www.pharmnews.com/news/articleView.html?idxno=304301,"Fri, 19 Jun 2026 09:22:00 +0900",2026-06-19 10:45:51
바이오/헬스,제약 산업,"ACROBiosystems, 바이오 코리아 2026에서 GMP 역량 기반의 포괄적인 CGT 솔...","글로벌 바이오제약 및 헬스케어 산업의 초석으로 자리매김하고 있는 바이오테크 기업 ACROBiosystems가 바이오 코리아 2026(Bio Korea 2026)에 참가했다. 이 행사에는 글로벌 제약 기업, 바이오테크 회사, 투자... ",https://www.biotimes.co.kr/news/articleView.html?idxno=32546,https://www.biotimes.co.kr/news/articleView.html?idxno=32546,"Fri, 19 Jun 2026 09:00:00 +0900",2026-06-19 10:45:51
바이오/헬스,제약 산업,"[더벨][100년 유한양행] 100억에서 2조까지, 외형성장 퀀텀점프의 순간들",유한양행 중앙연구소도 1988년 국내 제약업계 최초로 KGLP(우수실험실운영기준) 적격시험기관으로 지정되면서 한국 제약산업의 또 다른 이정표를 남겼다. 이 시기 다져진 고도화된 공장과 연구소라는 양대 축이... ,https://www.thebell.co.kr/free/content/ArticleView.asp?key=202606180800125240106110,https://www.thebell.co.kr/free/content/ArticleView.asp?key=202606180800125240106110,"Fri, 19 Jun 2026 08:48:00 +0900",2026-06-19 10:45:51
바이오/헬스,제약 산업,[더벨][100년 유한양행] 내수 중심 탈피한다…글로벌 50위 헬스케어 기업...,제네릭 의약품 약가 인하 정책 등 제약산업을 둘러싼 국내 환경 등을 고려할 때 유한양행이 목표로 하는 글로벌 50위 제약사 도약을 위해서는 내수 의약품 중심의 사업구조 탈피가 필수적이다. 이에 유한양행은... ,https://www.thebell.co.kr/free/content/ArticleView.asp?key=202606171628553080108719,https://www.thebell.co.kr/free/content/ArticleView.asp?key=202606171628553080108719,"Fri, 19 Jun 2026 08:42:00 +0900",2026-06-19 10:45:51
바이오/헬스,제약 산업,"[더벨][100년 유한양행] 9세 유학생의 애국심, '보건 주권' 이룬 의약 독...","창립 100주년을 앞둔 유한양행의 역사는 곧 한국 제약산업의 성장사이기도 하다 ◇한인자유대회 등 미국서 독립운동 행보, 식민지 현실 목도 후 귀국 유일한 박사는 구한말 시기인 1895년 평양에서 태어나 아홉 살이 되던... ",https://www.thebell.co.kr/free/content/ArticleView.asp?key=202606151525546200105731,https://www.thebell.co.kr/free/content/ArticleView.asp?key=202606151525546200105731,"Fri, 19 Jun 2026 08:02:00 +0900",2026-06-19 10:45:51
바이오/헬스,제약 산업,"휴비스트제약, 산업은행과 300억 약정…첨단 멸균센터 구축",휴비스트제약이 한국산업은행과 300억원 규모 금융약정을 체결하고 첨단 멸균센터 구축 사업을 본격 추진한다. 휴비스트제약은 이번 약정이 대전 유성구 구룡동 국제과학비즈니스벨트 국가산업단지 내 제2공장 건설... ,https://www.dailypharm.com/user/news/339587?REFERER=NP,https://www.dailypharm.com/user/news/339587?REFERER=NP,"Fri, 19 Jun 2026 07:30:00 +0900",2026-06-19 10:45:51
바이오/헬스,제약 산업,[GAM]AI가 깨운 'PCB 슈퍼사이클'① A주 달구는 핵심 테마로,여기에 AI 인프라 투자 확대와 원재료 공급 제약이 맞물리면서 PCB 산업은 새로운 성장 국면에 진입했다. 최근 중국 본토 A주 시장에서 일고 있는 PCB 테마 랠리는 이러한 변화와 무관하지 않다. 시장에서는 이번... ,https://www.newspim.com/news/view/20260618000503,https://www.newspim.com/news/view/20260618000503,"Fri, 19 Jun 2026 07:00:00 +0900",2026-06-19 10:45:51
바이오/헬스,제약 산업,블록버스터 특허절벽 현실로…글로벌 제약시장 흔드는 K-바이오,또 미국의 중국 제약 산업 견제 흐름도 글로벌 시장 구도에 영향을 미칠 수 있는 변수다. 바이오의약품 CDMO와 바이오시밀러에 경쟁력이 있는 K-바이오가 성장의 고삐를 쥘 수 있는 환경이라 해도 과언이 아니다.... ,https://www.mt.co.kr/thebio/2026/06/19/2026061511245852054,https://n.news.naver.com/mnews/article/008/0005374193?sid=101,"Fri, 19 Jun 2026 06:30:00 +0900",2026-06-19 10:45:51
바이오/헬스,제약 산업,"K-바이오 연결망 넓힌다… 제약바이오협, 바이오USA 총력 지원",국내 11개 기관이 참여하는 'KOREA Biohealth Hub' 공동 홍보관을 통해 한국 제약바이오 산업을 소개하고 글로벌 기업과 투자자를 대상으로 비즈니스 파트너링 기회를 제공할 예정이다. 또 국내 유망 기업 12개사가... ,https://www.hitnews.co.kr/news/articleView.html?idxno=76987,https://www.hitnews.co.kr/news/articleView.html?idxno=76987,"Fri, 19 Jun 2026 06:12:00 +0900",2026-06-19 10:45:51
바이오/헬스,제약 산업,같지만 다르게 '이사회 독점' 내려놓은 GC녹십자·광동·대원,"① 제약산업계 최고점 받은 유한양행 ② 오너십과 시스템 사이 균형 맞춘 일동제약 ③ 투자보다 이사회, 소유-분리 가른 대웅제약 ④ GC녹십자·광동제약·대원제약, 목표는 '이사회 독단 견제' GC녹십자, 광동제약... ",https://www.hitnews.co.kr/news/articleView.html?idxno=76940,https://www.hitnews.co.kr/news/articleView.html?idxno=76940,"Fri, 19 Jun 2026 06:12:00 +0900",2026-06-19 10:45:51
바이오/헬스,제약 산업,&quot;월드컵 축구와 글로벌 신약개발 도전은 계속되고 열매도 맺을 것&quot;,글로벌 빅파마 화이자 1년 매출액 R&amp;D 비용이 대한민국 전체 제약회사 매출보다 크다는 자조는 제약산업계를 뒤덮었다. FDA 문턱을 넘어본 국내 제약계 관계자는 한 손에 꼽을 정도였다. 그저 제네릭 의약품 생산도... ,https://www.hitnews.co.kr/news/articleView.html?idxno=76941,https://www.hitnews.co.kr/news/articleView.html?idxno=76941,"Fri, 19 Jun 2026 06:12:00 +0900",2026-06-19 10:45:51
바이오/헬스,제약 산업,[기자의 눈] 유한양행의 다음 100년에 거는 기대,그야말로 한국 제약산업의 변화를 앞장서 이끈 기업이다. 사람을 대하는 방식에서도 유한양행은 남달랐다. 사람 중심 경영 아래 유한양행은 창업 이후 단 한 차례의 노사분규도 겪지 않았다. 회사가 거둔 이익은... ,https://www.dailypharm.com/user/news/339576?REFERER=NP,https://www.dailypharm.com/user/news/339576?REFERER=NP,"Fri, 19 Jun 2026 06:02:00 +0900",2026-06-19 10:45:51
바이오/헬스,제약 산업,"[영상] 100년의 버드나무, 글로벌 신약으로 피어나다","눈부신 발전을 이룩한 대한민국 제약바이오 산업. 그 거대한 역사의 물줄기를 거슬러 올라가면 반드시 만나게 되는 한 거인이 있다. 자신의 모든 소유를 사회에 환원하고, 대한민국 기업 최초로 전문경영인 체제를... ",https://www.yakup.com/news/index.html?mode=view&cat=12&nid=328706,https://www.yakup.com/news/index.html?mode=view&cat=12&nid=328706,"Fri, 19 Jun 2026 06:02:00 +0900",2026-06-19 10:45:51
바이오/헬스,제약 산업,"노보, 사이버 침해 발생…차세대 비만 치료제 기밀 노출 가능성",이 조직은 풀크럼섹과는 다른 유형의 민감 정보를 확보했다고 주장하고 있다.업계에서는 이번 사건이 글로벌 제약산업이 직면한 새로운 위험을 보여주는 사례라고 평가하고 있다.실제로 최근 제약·의료산업을 겨냥한... ,https://www.yakup.com/news/index.html?mode=view&cat=12&nid=328709,https://www.yakup.com/news/index.html?mode=view&cat=12&nid=328709,"Fri, 19 Jun 2026 06:02:00 +0900",2026-06-19 10:45:51
바이오/헬스,제약 산업,상금 3천만원 주인공은?…약대생 콘텐츠 공모전이 온다,"약대생들의 자긍심을 고취시키고, 제약·바이오 산업에 대한 이해를 높이고자 데일리팜과 대한약학대학학생협회가 공동 주관하는 공모전의 올해 대주제는 'Pharmacy Future-Design : 약학의 미래, 우리가 디자인 하다'로... ",https://www.dailypharm.com/user/news/339569?REFERER=NP,https://www.dailypharm.com/user/news/339569?REFERER=NP,"Fri, 19 Jun 2026 06:02:00 +0900",2026-06-19 10:45:51
바이오/헬스,제약 산업,'바이오 성장엔진 장착' 휴온스...성장 드라이브 건다,"(이미지=휴온스그룹) 휴온스그룹은 제약 산업의 전 주기 단계인 연구개발(R&amp;D), 생산, 유통 기능을 유기적으로 통합해 미래 성장 기반을 다진다. 특히 바이오라는 강력한 성장동력을 장착하는 선택은 빠르게 변화하는 글로벌... ",https://www.edaily.co.kr/news/newspath.asp?newsid=02250086645483360,https://n.news.naver.com/mnews/article/018/0006309473?sid=101,"Fri, 19 Jun 2026 06:02:00 +0900",2026-06-19 10:45:51
바이오/헬스,제약 산업,&quot;PV·GMP 의무화에 약가는 바닥&quot; 한방제약사 원가 폭증위기,한방 제약 산업 전체를 사지로 모는 일&quot;이라고 비판했다. 학계 역시 현재의 규제 일변도 정책이 국내 전통 의학의 제약화 및 산업화를 가로막는 가장 거대한 구조적 걸림돌이 됐다고 입을 모은다. 생산 원가조차 보전받지... ,https://www.pharmnews.com/news/articleView.html?idxno=304289,https://www.pharmnews.com/news/articleView.html?idxno=304289,"Fri, 19 Jun 2026 05:56:00 +0900",2026-06-19 10:45:51
바이오/헬스,신약 개발,"제약바이오협회, AI 신약개발 경쟁력 강화 논의…&quot;실습형 교육·산학연...",한국제약바이오협회가 인공지능(AI) 기반 신약개발 역량 강화를 위한 교육 체계 고도화와 혁신 생태계 구축 방안을 논의했다. 한국제약바이오협회는 지난 17일 서울 강남구 파르나스호텔에서 '2026년 제1차... ,http://www.press9.kr/news/articleView.html?idxno=78153,http://www.press9.kr/news/articleView.html?idxno=78153,"Fri, 19 Jun 2026 10:42:00 +0900",2026-06-19 10:45:52
바이오/헬스,신약 개발,"시지바이오, IMM PE에 최대 1조원대 매각","최근 대웅제약이 신약 개발과 글로벌 사업 확대에 집중하고 있는 만큼, 시지바이오 매각을 통해 확보한 자금 역시 연구개발(R&amp;D) 투자에 활용될 가능성이 높다는 관측이다. 실제로 대웅제약은 자체 신약 글로벌... ",http://www.newsprime.co.kr/news/article.html?no=737360,http://www.newsprime.co.kr/news/article.html?no=737360,"Fri, 19 Jun 2026 10:34:00 +0900",2026-06-19 10:45:52
바이오/헬스,신약 개발,"제약바이오협회, AI 신약개발 교육 고도화 등 논의","한국제약바이오협회(회장 노연홍)는 지난 17일 서울 강남구 파르나스호텔에서 2026년 제1차 AI신약개발자문위원회를 개최하고, AI활용 신약개발 교육홍보사업 고도화 방안, AI 신약개발 혁신 생태계 구축 등에 대한... ",https://www.bosa.co.kr/news/articleView.html?idxno=3006606,https://www.bosa.co.kr/news/articleView.html?idxno=3006606,"Fri, 19 Jun 2026 10:34:00 +0900",2026-06-19 10:45:52
바이오/헬스,신약 개발,"메드팩토 &quot;뼈질환 치료제, 관절염 중증도 지표·부종 낮춰&quot;","메드팩토는 현재 국가신약개발사업단(KDDF)의 지원을 받아 MP2021을 개발하고 있으며, 연내 임상시험계획(IND)을 신청할 계획이다. 류마티스 관절염은 만성 염증과 비정상적인 파골세포 활성으로 인해 관절 구조가... ",https://www.newspim.com/news/view/20260619000368,https://www.newspim.com/news/view/20260619000368,"Fri, 19 Jun 2026 10:31:00 +0900",2026-06-19 10:45:52
바이오/헬스,신약 개발,상장 막히니 모회사 품으로 돌아가는 제약바이오,이 관계자는 &quot;상장을 통해 독자 생존을 추진하던 회사가 모회사에 흡수되면 사실상 하나의 사업부가 되는 셈&quot;이라며 &quot;모회사 지원에 기대 신약 개발과 사업 확대를 이어가는 구조가 시장에서 통할지는 의문&quot;이라고 말했다.... ,http://www.inews24.com/view/1977957,https://n.news.naver.com/mnews/article/031/0001036221?sid=101,"Fri, 19 Jun 2026 10:31:00 +0900",2026-06-19 10:45:52
바이오/헬스,신약 개발,"[초점] &quot;바이오시밀러 넘어 신약으로&quot;…셀트리온, 글로벌 영토 넓힌다","셀트리온은 오는 22일(현지 시간)부터 25일까지 미국 샌디에이고에서 열리는 '2026 바이오 인터내셔널 컨벤션(Bio International Convention, 이하 바이오USA)'에 참가해, AI 기반 신약개발 역량과 차세대 신약 파이프라인을... ",http://www.newswatch.kr/news/articleView.html?idxno=80101,http://www.newswatch.kr/news/articleView.html?idxno=80101,"Fri, 19 Jun 2026 10:30:00 +0900",2026-06-19 10:45:52
바이오/헬스,신약 개발,"펩트론, 세마글루타이드 장기지속형 제형 美 특허 확보",펩타이드 기반 신약개발 기업 펩트론이 세마글루타이드 장기지속형 제형 기술에 대한 미국 특허를 확보하며 글로벌 비만·당뇨 치료제 시장 공략에 속도를 내고 있다. 펩트론은 세마글루타이드(Semaglutide)를... ,https://www.biotimes.co.kr/news/articleView.html?idxno=32552,https://www.biotimes.co.kr/news/articleView.html?idxno=32552,"Fri, 19 Jun 2026 10:30:00 +0900",2026-06-19 10:45:52
바이오/헬스,신약 개발,"셀리드, HPV 항암면역치료백신 개발 과제로 국가신약개발사업 선정",김정아 기자 | 백신 개발 전문 기업 셀리드가 국가신약개발사업단이 주관하는 2026년도 제1차 국가신약개발사업 신약기반확충연구 선도물질 과제에 선정돼 ‘HPV31·33·45·52·58형 표적용 항암 면역치료... ,http://digitalchosun.dizzo.com/site/data/html_dir/2026/06/19/2026061980043.html,http://digitalchosun.dizzo.com/site/data/html_dir/2026/06/19/2026061980043.html,"Fri, 19 Jun 2026 10:30:00 +0900",2026-06-19 10:45:52
바이오/헬스,신약 개발,"[이슈] 알츠하이머병 치료제 개발 아델, 코스닥 입성 추진",퇴행성 신경질환 신약 개발기업 아델이 코스닥 상장 절차에 본격 착수했다. 지난해 글로벌 제약사 사노피와 대규모 기술이전 계약을 체결한 데 이어 기업공개(IPO)를 통해 연구개발 자금을 확보하고 후속... ,https://www.startuptoday.co.kr/news/articleView.html?idxno=804060,https://www.startuptoday.co.kr/news/articleView.html?idxno=804060,"Fri, 19 Jun 2026 10:28:00 +0900",2026-06-19 10:45:52
바이오/헬스,신약 개발,"펩트론, 세마글루타이드 장기지속형 제형 미국 특허 확보",펩타이드 기반 혁신 신약개발 기업 펩트론이 세마글루타이드(Semaglutide)를 포함하는 장기지속형 제형 기술과 관련해 미국 특허를 확보했다. 19일 펩트론에 따르면 회사는 미국 특허상표청(USPTO)으로부터 등록결정... ,https://view.asiae.co.kr/article/2026061910271235751,https://n.news.naver.com/mnews/article/277/0005778703?sid=101,"Fri, 19 Jun 2026 10:27:00 +0900",2026-06-19 10:45:52
바이오/헬스,신약 개발,"제약바이오協, 1차 AI신약개발자문위원회 개최",한국제약바이오협회는 지난 17일 서울 강남구 파르나스호텔에서 2026년 제1차 AI신약개발자문위원회를 개최했다고 19일 밝혔다. 이날 회의에서는 인공지능(AI) 활용 신약개발 교육홍보사업 고도화 방안 및 AI 신약개발... ,https://view.asiae.co.kr/article/2026061910273243312,https://n.news.naver.com/mnews/article/277/0005778702?sid=101,"Fri, 19 Jun 2026 10:27:00 +0900",2026-06-19 10:45:52
바이오/헬스,신약 개발,"차바이오텍, '마티카 K-IIT 프로그램'…신약 개발기간 단축 목표",세포·유전자치료제 개발을 통합 지원하는 'Accelerated Matica Korea IIT Integrated Platform Solution'(마티카 K-IIT 프로그램)을 런칭했다고 19일 밝혔다. 주요 대상은 세포치료제 개발 초기 단계에서 연구자 주도임상(IIT)을 통해... ,https://www.news1.kr/bio/pharmaceutical-bio/6202335,https://n.news.naver.com/mnews/article/421/0009012468?sid=103,"Fri, 19 Jun 2026 10:27:00 +0900",2026-06-19 10:45:52
바이오/헬스,신약 개발,"제약바이오협회, AI 신약개발 자문위원회 개최",한국제약바이오협회는 지난 17일 서울 강남구 파르나스호텔에서 '2026년 제1차 AI 신약개발 자문위원회'를 개최했다고 19일 밝혔다. 이날 회의에서는 △AI 활용 신약개발 교육·홍보사업 고도화 방안 △AI 신약개발... ,https://www.pinpointnews.co.kr/news/articleView.html?idxno=461455,https://www.pinpointnews.co.kr/news/articleView.html?idxno=461455,"Fri, 19 Jun 2026 10:26:00 +0900",2026-06-19 10:45:52
바이오/헬스,신약 개발,국가 지원으로 고위험군 HPV 5종 표적한 '국산항암치료백신' 개발 시도,셀리드는 국가신약개발사업단이 주관하는 2026년도 제1차 국가신약개발사업 신약기반확충연구 선도물질 과제에 선정돼 'HPV31/33/45/52/58형 표적용 항암면역치료백신 선도물질 개발' 지원 협약을 체결했다고... ,https://www.koreahealthlog.com/news/articleView.html?idxno=57690,https://www.koreahealthlog.com/news/articleView.html?idxno=57690,"Fri, 19 Jun 2026 10:22:00 +0900",2026-06-19 10:45:52
바이오/헬스,신약 개발,"대웅 계열사 '시지바이오', IMM에 최대 1.1조원 인수된다","대웅제약이 신약 개발 중심의 사업 구조를 강화하고 있는 만큼, 의료기기 계열사 정리를 통해 확보한 대규모 자금은 본업인 신약 연구개발(R&amp;D) 파이프라인에 집중 투입될 전망이다. 특히 대웅제약이 추진 중인... ",https://new.dailypharm.com/user/news/339598?REFERER=NP,https://new.dailypharm.com/user/news/339598?REFERER=NP,"Fri, 19 Jun 2026 10:22:00 +0900",2026-06-19 10:45:52
바이오/헬스,신약 개발,"제약바이오협 AI신약개발자문委, 올 첫 회의‥AI 생태계 구축 추진",한국제약바이오협회 (회장 노연홍)는 지난 17일 서울 강남구 파르나스호텔에서 2026년 제1차 AI신약개발자문위원회를 개최했다고 19일 밝혔다. 이날 회의에서는 ▲ AI활용 신약개발 교육홍보사업 고도화 방안 ▲ AI... ,https://www.medipana.com/news/articleView.html?idxno=413211,https://www.medipana.com/news/articleView.html?idxno=413211,"Fri, 19 Jun 2026 10:22:00 +0900",2026-06-19 10:45:52
바이오/헬스,신약 개발,"제약바이오협회, 제1차 'AI 신약 개발' 자문 위원회 개최",한국제약바이오협회가 지난 17일 서울 강남구 파르나스호텔에서 '2026년 제1차 AI(인공지능) 신약 개발 자문 위원회'를 개최했다고 19일 밝혔다. 이날 회의에서는 AI 신약 개발 혁신 생태계 구축 등과 AI 활용 신약 개발... ,https://www.mt.co.kr/thebio/2026/06/19/2026061910093198107,https://n.news.naver.com/mnews/article/008/0005374319?sid=101,"Fri, 19 Jun 2026 10:20:00 +0900",2026-06-19 10:45:52
바이오/헬스,헬스케어 시장,"필립스코리아, 이소연 퍼스널 헬스 사업부 대표 선임","한국 시장의 지속 가능한 성장을 이끌어 나갈 것&quot;이라며 &quot;한국 소비자들의 라이프스타일 변화와 다양한... 필립스 퍼스널 헬스 사업부는 구강 헬스케어, 육아용품, 남성 그루밍 및 뷰티 등 다양한 제품을 공급하고 있다.",https://www.datanet.co.kr/news/articleView.html?idxno=212476,https://www.datanet.co.kr/news/articleView.html?idxno=212476,"Fri, 19 Jun 2026 10:40:00 +0900",2026-06-19 10:45:53
바이오/헬스,헬스케어 시장,"[유통24시] 하얏트 리젠시 인천, '소닉 체크인 어드벤처' 선봬 外","주요 모집 분야는 뷰티 테크, AI, 컨슈머 테크, 헬스케어 등으로 소비자의 삶을 윤택하게 만들 기술을 보유한... LG생활건강 관계자는 &quot;자사의 브랜드 파워와 시장 접근성에 스타트업 특유의 속도와 창의성을 결합해... ",https://news.dealsitetv.com/articles/172076,https://news.dealsitetv.com/articles/172076,"Fri, 19 Jun 2026 10:38:00 +0900",2026-06-19 10:45:53
바이오/헬스,헬스케어 시장,"당 6g으로 낮췄다…풀무원헬스케어, 식물성 유산균 음료 출시","특히 유산균 음료는 기존 발효유 중심 제품에서 저당, 유당 프리, 기능성 원료 배합 등으로 세분화되며 건강관리형 음료 시장의 경쟁이 치열해지고 있다. 이도현 풀무원헬스케어 PM은 &quot;이번 리뉴얼은 당 부담은 낮추면서... ",https://www.newsquest.co.kr/news/articleView.html?idxno=268162,https://www.newsquest.co.kr/news/articleView.html?idxno=268162,"Fri, 19 Jun 2026 10:36:00 +0900",2026-06-19 10:45:53
바이오/헬스,헬스케어 시장,"피플앤드테크놀러지, 한국보건산업진흥원 'ICT 기반 의료시스템 해외진...","사우디아라비아는 Vision 2030 정책을 기반으로 의료 디지털 전환을 국가 전략 차원에서 적극 추진 중이며, GCC 의료 시장의 약 60%를 차지하는 핵심 국가다. 이번 사업은 국내 디지털 헬스케어 기업들의 중동 진출... ",https://www.it-b.co.kr/news/articleView.html?idxno=88733,https://www.it-b.co.kr/news/articleView.html?idxno=88733,"Fri, 19 Jun 2026 10:34:00 +0900",2026-06-19 10:45:53
바이오/헬스,헬스케어 시장,"면도기 팔던 여성 마케터 '발탁'…20년 차 베테랑, 필립스 이끈다",특히 전기면도기·구강 헬스케어 부문에서 시장 리더십을 강화했다는 평가다. 필립스와의 인연은 2012년 시작됐다. 이 신임 대표는 당시 필립스에 합류해 주방가전·생활가전 부문 마케팅을 담당했다. 이후... ,https://www.hankyung.com/article/202606196286g,https://n.news.naver.com/mnews/article/015/0005300597?sid=101,"Fri, 19 Jun 2026 10:33:00 +0900",2026-06-19 10:45:53
바이오/헬스,헬스케어 시장,필립스코리아 퍼스널 헬스 사업부 이소연 대표,글로벌 기업에서 약 20년간 마케팅을 경험한 이 신임 대표는  2021년부터 필립스코리아 퍼스널 헬스 사업부 마케팅 본부장을 맡아 전기면도기와 구강 헬스케어 등의 시장 리더십을 강화해 왔다.,http://www.medical-tribune.co.kr/news/articleView.html?idxno=214304,http://www.medical-tribune.co.kr/news/articleView.html?idxno=214304,"Fri, 19 Jun 2026 10:32:00 +0900",2026-06-19 10:45:53
바이오/헬스,헬스케어 시장,"LG생활건강, 뷰티·웰니스 혁신 이끌 스타트업 발굴 나서","모집 분야는 뷰티테크, 인공지능(AI), 컨슈머테크, 헬스케어 등이다. 모집은 오는 29일까지 진행된다. 선발된... LG생활건강 관계자는 &quot;LG생활건강의 브랜드 파워와 시장 접근성에 스타트업 특유의 속도와 창의성을 결합해... ",http://www.dailysmart.co.kr/news/articleView.html?idxno=125767,http://www.dailysmart.co.kr/news/articleView.html?idxno=125767,"Fri, 19 Jun 2026 10:32:00 +0900",2026-06-19 10:45:53
바이오/헬스,헬스케어 시장,"LG생활건강, 오픈이노베이션 참여... 뷰티·AI·헬스케어 스타트업 모집","모집 분야는 뷰티 테크, AI, 컨슈머 테크, 헬스케어 등이다. 소비자 경험 개선에 기여할 수 있는 기술을... LG생활건강 관계자는 &quot;LG생활건강의 브랜드 파워와 시장 접근성에 스타트업 특유의 속도와 창의성을 결합해... ",http://www.newslock.co.kr/news/articleView.html?idxno=131785,http://www.newslock.co.kr/news/articleView.html?idxno=131785,"Fri, 19 Jun 2026 10:28:00 +0900",2026-06-19 10:45:53
바이오/헬스,헬스케어 시장,"숙명여대 미래교육원, 실버비즈니스 최고전문가과정 개설","실버비즈니스 최고전문가과정은 고령화 사회 확대에 따른 실버산업 시장 변화에 대응하고, 관련 분야의... 네이버헬스케어연구소장, 지창대 리브라이블리 대표, 김민지 시놀 대표, 조미혜 세종대 교수, 장준표 포페런츠... ",https://www.asiatoday.co.kr/kn/view.php?key=20260619001021257,https://www.asiatoday.co.kr/kn/view.php?key=20260619001021257,"Fri, 19 Jun 2026 10:26:00 +0900",2026-06-19 10:45:53
바이오/헬스,헬스케어 시장,LG생활건강 '뷰티·웰니스 스타트업' 발굴 나선다,"주요 모집 분야는 뷰티 테크, AI, 컨슈머 테크, 헬스케어 등으로, 소비자의 삶을 더욱 윤택하게 만들 수 있는... LG생활건강 관계자는 &quot;LG생활건강의 브랜드 파워와 시장 접근성에 스타트업 특유의 속도와 창의성을 결합해... ",http://www.bokuennews.com/news/article.html?no=280030,http://www.bokuennews.com/news/article.html?no=280030,"Fri, 19 Jun 2026 10:26:00 +0900",2026-06-19 10:45:53
바이오/헬스,헬스케어 시장,"필립스코리아, 이소연 신임 퍼스널 헬스 사업부 대표 선임","2021년부터 필립스코리아 퍼스널 헬스 사업부 마케팅 본부장을 맡아 전기면도기, 음파전동칫솔, 헤어드라이어 등 소비자 가전 부문의 성장을 이끌어 왔으며, 특히 전기면도기와 구강 헬스케어 부문의 시장 리더십 강화에... ",https://www.mt.co.kr/thebio/2026/06/19/2026061910155384365,https://n.news.naver.com/mnews/article/008/0005374320?sid=101,"Fri, 19 Jun 2026 10:20:00 +0900",2026-06-19 10:45:53
바이오/헬스,헬스케어 시장,"동국대 경기RISE사업단, 디지털 헬스케어 산학협력 본격화",사진=동국대 제공  동국대학교 경기RISE사업단이 디지털 헬스케어 산업 내 실질적인 기술 고도화와 사업화... 함께 시장 확장을 위한 지속 가능한 비즈니스 모델(BM) 구축에 협력하기로 했다. 동국대는 이번 협력을 통해... ,https://dhnews.co.kr/news/view/1065575370368961,https://dhnews.co.kr/news/view/1065575370368961,"Fri, 19 Jun 2026 10:18:00 +0900",2026-06-19 10:45:53
바이오/헬스,헬스케어 시장,"필립스코리아, 이소연 신임 퍼스널 헬스 사업부 대표 선임","특히 전기면도기와 구강 헬스케어 부문 시장 리더십 강화에 기여했다. 이 대표는 “기존 사업 경쟁력을 더욱 강화하는 동시에 새로운 성장 기회를 발굴하고, 조직 역량 강화와 인재 육성을 통해 한국 시장의 지속 가능한... ",https://www.etnews.com/20260619000100,https://n.news.naver.com/mnews/article/030/0003439297?sid=105,"Fri, 19 Jun 2026 10:16:00 +0900",2026-06-19 10:45:53
바이오/헬스,헬스케어 시장,"[홍콩 특징주] 상반기 홍콩 IPO 자금조달액 90%↑, 기술기업 주도","2026년 상반기가 곧 마무리되는 가운데 홍콩 기업공개(IPO) 시장이 다시 한 번 뜨겁게 달아오르고 있다. 현재... 통계에 따르면 올해 들어 하드테크, 반도체, 소비재, 헬스케어, 화학, 통신 업종에서 각각 최소 100억... ",https://www.newspim.com/news/view/20260619000329,https://www.newspim.com/news/view/20260619000329,"Fri, 19 Jun 2026 10:11:00 +0900",2026-06-19 10:45:53
바이오/헬스,헬스케어 시장,IPARK현대산업개발 '파크로쉬 서울원',"이에 따라 단순 주거 공간에서 벗어나 의료와 돌봄, 맞춤 식단까지 제공하는 헬스케어 리빙 주거 단지가 늘고 있습니다. 향후 부동산 시장의 판도를 바꿀 새로운 트렌드로 평가받고 있습니다.",https://www.newsclaim.co.kr/news/articleView.html?idxno=3067020,https://www.newsclaim.co.kr/news/articleView.html?idxno=3067020,"Fri, 19 Jun 2026 10:10:00 +0900",2026-06-19 10:45:53
바이오/헬스,헬스케어 시장,"마취 중 깨어나는 의료사고 막는다… 동국대, 뇌파 AI 기업 '브레인유'와...",이번 협약은 양 기관의 역량을 결합해 디지털 헬스케어 시장에서 실질적인 기술 사업화 기반을 구축하고 독보적인 미래 성장 동력을 확보하기 위해 추진됐다. 이날 협약식에는 성정석 동국대 BMC부총장 겸... ,http://www.dailysmart.co.kr/news/articleView.html?idxno=125760,http://www.dailysmart.co.kr/news/articleView.html?idxno=125760,"Fri, 19 Jun 2026 10:06:00 +0900",2026-06-19 10:45:53
AI/소프트웨어,AI 주가,"구글 캘린더, 일정 색상 선택폭 대폭 확대…최대 200개 지원","현재 순차 배포가 진행 중이며 모든 이용자에게 기능이 제공되기까지는 수 주가 걸릴 수 있다. 이번... 앞서 개인 업무를 일정에 추가해 관리할 수 있는 기능을 도입했으며, 인공지능(AI)을 활용해 참석자들의 일정을... ",https://www.digitaltoday.co.kr/news/articleView.html?idxno=676513,https://www.digitaltoday.co.kr/news/articleView.html?idxno=676513,"Fri, 19 Jun 2026 10:34:00 +0900",2026-06-19 10:45:54
AI/소프트웨어,AI 주가,"&quot;AI에 28조 올인&quot;…나스닥 상장 스페이스X, 역대급 달러 채권 발행 나선...",대규모 AI 인프라 확장을 위한 재원 마련을 목적으로 최소 200억 달러 규모의 초대형 채권 발행을 추진한다.... 실제로 뉴욕 증시 오후 거래에서 스페이스X의 주가는 막대한 인프라 지출 부담을 우려한 투자자들의 매도세가... ,https://www.daily365.news/2026/06/19/ai%ec%97%90-28%ec%a1%b0-%ec%98%ac%ec%9d%b8%eb%82%98%ec%8a%a4%eb%8b%a5-%ec%83%81%ec%9e%a5-%ec%8a%a4%ed%8e%98%ec%9d%b4%ec%8a%a4x-%ec%97%ad%eb%8c%80%ea%b8%89-%eb%8b%ac%eb%9f%ac-%ec%b1%84/,https://www.daily365.news/2026/06/19/ai%ec%97%90-28%ec%a1%b0-%ec%98%ac%ec%9d%b8%eb%82%98%ec%8a%a4%eb%8b%a5-%ec%83%81%ec%9e%a5-%ec%8a%a4%ed%8e%98%ec%9d%b4%ec%8a%a4x-%ec%97%ad%eb%8c%80%ea%b8%89-%eb%8b%ac%eb%9f%ac-%ec%b1%84/,"Fri, 19 Jun 2026 10:34:00 +0900",2026-06-19 10:45:54
AI/소프트웨어,AI 주가,"AI로 쏠린 자금, 비트코인엔 역풍…6만달러대 재시험 우려","반면 주식시장에서는 AI 관련 자산 선호가 강해졌다. 스페이스X는 상장 후 며칠 사이 시가총액 2조4000억달러로 뛰었고, 인텔 주가는 트럼프 대통령이 애플이 인텔과 프로세서 생산 협력에 합의했다고 밝힌... ",https://www.digitaltoday.co.kr/news/articleView.html?idxno=676505,https://www.digitaltoday.co.kr/news/articleView.html?idxno=676505,"Fri, 19 Jun 2026 10:32:00 +0900",2026-06-19 10:45:54
AI/소프트웨어,AI 주가,고유가·증시 호조 영향…생산자물가 9개월 연속 상승,"주가 상승에 따라 위탁매매수수료가 22.2% 오른 영향입니다. 국제항공여객은 16.5%, 항공화물은 15.6... 산업용 도시가스, 항공서비스 등에 시차를 두고 반영됐다고 설명했습니다. *이 기사는 AI 오디오로 제작됐습니다.",https://news.sbs.co.kr/news/endPage.do?news_id=N1008617997&plink=ORI&cooper=NAVER,https://n.news.naver.com/mnews/article/055/0001365687?sid=101,"Fri, 19 Jun 2026 10:28:00 +0900",2026-06-19 10:45:54
AI/소프트웨어,AI 주가,"'역대급 IPO' 스페이스X, 200억불 회사채 추진…신용등급 'Baa1'","인공지능(AI) 스타트업 xAI 등을 합병한 후 지난 3월 차입했던 브릿지론을 차환하기 위한 목적으로, 최종... 스페이스X 주가는 이날 정규장에서 전장 대비 3.56% 하락한 주당 약 185달러에 마감했다. 지난 12일 공모가... ",https://www.widedaily.com/news/articleView.html?idxno=296055,https://www.widedaily.com/news/articleView.html?idxno=296055,"Fri, 19 Jun 2026 10:28:00 +0900",2026-06-19 10:45:54
AI/소프트웨어,AI 주가,"신한운용 AI반도체TOP2플러스 ETF, 순자산 7조 돌파…반도체 ETF 3위","AI 데이터센터 투자 확대, 고대역폭메모리(HBM) 수요 증가, 장기공급계약 확산 등으로 메모리 산업에 대한 평가가 과거의 사이클 산업에서 구조적 성장 산업으로 전환되고 있다”며 “외부 변수에 따른 주가... ",https://www.sedaily.com/article/20057708?ref=naver,https://n.news.naver.com/mnews/article/011/0004632852?sid=101,"Fri, 19 Jun 2026 10:24:00 +0900",2026-06-19 10:45:54
AI/소프트웨어,AI 주가,[취재노트] 스타링크가 벌고 xAI가 쓴다…스페이스X 상장의 이면,"공모가 135달러였던 주가는 상장 이후 빠르게 올랐고 시가총액도 2조달러를 넘어섰다. 겉으로 보면 화려한... 2025년 AI 부문 매출은 32억달러였지만 영업손실은 63억달러, 자본지출은 127억달러를 기록했다. 매출보다... ",https://www.newsworks.co.kr/news/articleView.html?idxno=844410,https://www.newsworks.co.kr/news/articleView.html?idxno=844410,"Fri, 19 Jun 2026 10:22:00 +0900",2026-06-19 10:45:54
AI/소프트웨어,AI 주가,"비나텍 주가, 급등세... 왜?",사진=비나텍 비나텍 주가가 급등 중이다. 19일 오전 10시 17분 KRX 기준 비나텍은 전 거래일 대비 24.43... 업계에서는 비나텍이 AI 데이터센터 확산에 따른 전력 효율화 수요 증가와 수소연료전지 시장 성장의 수혜를 기대할... ,https://www.ggilbo.com/news/articleView.html?idxno=1164551,https://www.ggilbo.com/news/articleView.html?idxno=1164551,"Fri, 19 Jun 2026 10:22:00 +0900",2026-06-19 10:45:54
AI/소프트웨어,AI 주가,[김대호 인물] 돈나무 언니 캐시우드 &quot; 스페이스X 몰빵 투자&quot;,"그리고 이 위대한 동맹은 2026년 현재, 스페이스X의 역사적인 상장과 인공지능(AI) 기업 xAI의 합병으로... 캐시 우드는 그때 일론 머스크에게 공개 서한을 보내며 &quot;테슬라 주가는 5년 내에 액면분할 전 기준 4,000달러를... ",https://www.g-enews.com/view.php?ud=202606191010397477906806b77b_1,https://www.g-enews.com/view.php?ud=202606191010397477906806b77b_1,"Fri, 19 Jun 2026 10:20:00 +0900",2026-06-19 10:45:54
AI/소프트웨어,AI 주가,"[특징주] 삼성전기, 핵심 부품 장기 호황 전망에 신고가",이날 주가 상승은 적층세라믹콘덴서(MLCC)와 패키징 기판 업황이 장기 호황 국면에 진입할 것이란 전망이 나오면서 매수세를 유입한 것으로 풀이된다. 증권가는 인공지능(AI) 서버 투자 확대에 따라 MLCC와 패키징... ,https://www.cstimes.com/news/articleView.html?idxno=710380,https://www.cstimes.com/news/articleView.html?idxno=710380,"Fri, 19 Jun 2026 10:18:00 +0900",2026-06-19 10:45:54
AI/소프트웨어,인공지능 산업,"한국잡월드, 숙련기술인 참여 진로체험 '랜선투어' 운영",소개하고 산업 현황 및 직업 정보를 전달했다. 1회차에서는 헤어디자인 분야 정다운 숙련기술인이... 유지대 명장은 인공지능 플랫폼 개발 기업부설연구소와 사무실을 화상으로 연결해 현장을 소개했다. 유지대 명장은... ,https://www.handmk.com/news/articleView.html?idxno=40460,https://www.handmk.com/news/articleView.html?idxno=40460,"Fri, 19 Jun 2026 10:44:00 +0900",2026-06-19 10:45:55
AI/소프트웨어,인공지능 산업,"[현장] GPT 5.5의 24시간 자율구동… 넥스트라이즈, AI 산업 에이전트 전...",글로벌 인공지능(AI) 패권을 쥔 테크 기업들이 서울에 총집결했다. 18일 서울 삼성동 코엑스에서 막을 올린 스타트업 전시회 '넥스트라이즈 2026'의 핵심 화두는 단순한 대화형 AI를 넘어 스스로 판단하고 움직이는... ,http://www.economytalk.kr/news/articleView.html?idxno=422061,http://www.economytalk.kr/news/articleView.html?idxno=422061,"Fri, 19 Jun 2026 10:44:00 +0900",2026-06-19 10:45:55
AI/소프트웨어,인공지능 산업,경북 사회복지사 400명 안동 집결…AI 시대 복지 현장 역할 모색,워크숍서“기술 활용하되 사람 중심 가치 지켜야” 한목소리 인공지능(AI) 기술이 빠르게 확산되는 가운데... AI 산업과의 융합을 통해 미래형 복지산업으로 발전해 나가야 한다”고 강조했다. 이어 “현장에서 묵묵히... ,https://www.pressian.com/pages/articles/2026061908581985502?utm_source=naver&utm_medium=search,https://n.news.naver.com/mnews/article/002/0002445578?sid=102,"Fri, 19 Jun 2026 10:43:00 +0900",2026-06-19 10:45:55
AI/소프트웨어,인공지능 산업,"LG CNS-두산, 미래 청사진 함께 그린다…첨단기술 동맹","LG CNS는 두산그룹과 인공지능(AI), 로봇, 데이터센터, 클라우드 등 첨단 산업 관련해 전방위 협력에 나선다고 19일 밝혔다. 전날 서울 강서구 LG 사이언스파크에서 현신균 LG CNS 사장(오른쪽)과 유승우 두산그룹 사장이... ",https://weekly.hankooki.com/news/articleView.html?idxno=7170397,https://weekly.hankooki.com/news/articleView.html?idxno=7170397,"Fri, 19 Jun 2026 10:42:00 +0900",2026-06-19 10:45:55
AI/소프트웨어,인공지능 산업,G7 핫마이크에 딱 잡힌 트럼프.….&quot;中 전기차 상한' 캐나다에 &quot;그거 좋네...,"미국은 중국산 전기차가 보조금과 저가 공세를 앞세워 북미 자동차 산업을 흔들 수 있다고 보고 높은 장벽을... 그는 36시간 동안 트럼프 대통령과 경제, 인공지능, 우크라이나, 이란 등 여러 의제를 놓고 여러 차례... ",https://www.newsis.com/view/NISX20260619_0003675655,https://n.news.naver.com/mnews/article/003/0014015900?sid=104,"Fri, 19 Jun 2026 10:42:00 +0900",2026-06-19 10:45:55
AI/소프트웨어,인공지능 산업,"포스코그룹, 'AI 인재 육성' 아카데미 신설 &quot;청년 취업경쟁력 강화&quot;",포스코그룹은 제조 및 스마트팩토리 산업에 특화한 인공지능(AI) 실무 역량 아카데미를 개설해 제조 현장의 AI 전환을 선도할 청년 인재 육성에 나선다고 19일 밝혔다. 이번 아카데미는 산업통상부와 고용노동부가... ,https://www.news1.kr/industry/general-industry/6202353,https://n.news.naver.com/mnews/article/421/0009012505?sid=101,"Fri, 19 Jun 2026 10:41:00 +0900",2026-06-19 10:45:55
AI/소프트웨어,인공지능 산업,"경상국립대, AI·공공데이터 창업 아이디어 발굴…미래 창업 인재 15개 ...","사진=경상국립대 제공  경상국립대학교가 인공지능(AI)과 공공데이터를 활용한 창의적인 창업 아이디어를... 한국산업기술시험원, 한국저작권위원회, 한국토지주택공사 등 진주지역 AI·데이터 이용 활성화 협의체... ",https://daily.hankooki.com/news/articleView.html?idxno=1378084,https://daily.hankooki.com/news/articleView.html?idxno=1378084,"Fri, 19 Jun 2026 10:40:00 +0900",2026-06-19 10:45:55
AI/소프트웨어,인공지능 산업,"빅웨이브로보틱스-오픈놀, 피지컬 AI 핵심 인프라 구축·인재양성 협력",양사는 ▲피지컬 AI·로봇 전문 인재 양성 교육과정 공동 개발 ▲로봇 도입 컨설팅·구독형 RaaS 및 맞춤형 인력 공급을 연계한 서비스 확대 ▲피지컬 AI 핵심 인프라 및 로봇 스테이션 공동 구축 ▲산업 현장 인공지능 전환... ,https://www.irobotnews.com/news/articleView.html?idxno=46976,https://www.irobotnews.com/news/articleView.html?idxno=46976,"Fri, 19 Jun 2026 10:38:00 +0900",2026-06-19 10:45:55
AI/소프트웨어,인공지능 산업,"재경부, 'AX집현전2.0' 첫 현장행보…GS 방문해 AI 전환 사례 학습",내 인공지능(AI) 학습 동아리인 'AX집현전2.0'이 인공지능 전환(AX) 우수기업인 GS를 방문해 민간 혁신 사례... 활용하고 산업의 경쟁력을 높일 수 있도록 AX에 더욱 노력하겠다&quot;라고 답했다. 재경부는 &quot;이번 방문을... ,https://www.nocutnews.co.kr/news/6535571?utm_source=naver&utm_medium=article&utm_campaign=20260619103638,https://n.news.naver.com/mnews/article/079/0004159636?sid=101,"Fri, 19 Jun 2026 10:37:00 +0900",2026-06-19 10:45:55
AI/소프트웨어,인공지능 산업,"포스코그룹, 제조AI 청년 인재 300명 키운다",현장의 인공지능(AI) 전환을 이끌 청년 인재 육성에 나선다. 포스코그룹은 청년 직무 역량 강화 교육 프로그램인 '포유드림(POSCO Youth Dream)'과 연계해 제조·스마트팩토리 산업에 특화된 AI 실무 역량 아카데미를 개설하고... ,https://www.joongangenews.com/news/articleView.html?idxno=526899,https://www.joongangenews.com/news/articleView.html?idxno=526899,"Fri, 19 Jun 2026 10:36:00 +0900",2026-06-19 10:45:55
AI/소프트웨어,인공지능 산업,"한국잡월드, 랜선으로 명장의 작업실과 청소년 진로 교육 잇는다",만나 산업 현황과 직업 정보를 전달했다. 프로그램은 두 차례로 나뉘어 진행됐다. 1회차에서는 헤어디자인... 2회차에서는 정보처리(IT·AI) 분야 유지대 숙련기술인이 중학생들과 만나 인공지능 플랫폼을 개발하는... ,https://www.fntoday.co.kr/news/articleView.html?idxno=386575,https://www.fntoday.co.kr/news/articleView.html?idxno=386575,"Fri, 19 Jun 2026 10:36:00 +0900",2026-06-19 10:45:55
AI/소프트웨어,인공지능 산업,"KIC유럽·경기도경제과학진흥원, Viva Technology에 5년 연속","특히 올해는 한-프랑스 수교 140주년과 맞물려 그 의미를 더한 가운데, '인공지능(AI): 환상이 아닌 실질적... 이번 통합관에는 미래 성장산업 분야(AI, 모빌리티, 친환경·에너지, 딥테크 등)의 총 39개 혁신기업이... ",https://edu.donga.com/news/articleView.html?idxno=109054,https://edu.donga.com/news/articleView.html?idxno=109054,"Fri, 19 Jun 2026 10:36:00 +0900",2026-06-19 10:45:55
AI/소프트웨어,인공지능 산업,[기업 이모저모] 일론 머스크가 품은 금융 야망,"왜냐하면 그로 인해 그가 금융산업에 대한 건전한 경멸을 품게 되었고, 결국 나중에 페이팔이 되는 것을... 스타링크에 인공지능(AI) 사업인 xAI와 소셜미디어 엑스가 얹어져 시너지를 낼 미래도 다가오고 있다. 특히 X를... ",https://news.einfomax.co.kr/news/articleView.html?idxno=4420881,https://news.einfomax.co.kr/news/articleView.html?idxno=4420881,"Fri, 19 Jun 2026 10:34:00 +0900",2026-06-19 10:45:55
AI/소프트웨어,클라우드 시장,"베스핀글로벌, 구글 시큐리티 오퍼레이션스 MSSP 선정…AI-SOC 사업 강화",베스핀글로벌이 구글 시큐리티 오퍼레이션스 공식 MSSP로 선정되며 AI 기반 보안 운영 시장 공략에... 회사는 구글클라우드 프리미어 공동 판매 및 서비스 파트너로 활동하며 축적한 기술 역량을 인정받았다고... ,https://www.epnc.co.kr/news/articleView.html?idxno=403253,https://www.epnc.co.kr/news/articleView.html?idxno=403253,"Fri, 19 Jun 2026 10:42:00 +0900",2026-06-19 10:45:55
AI/소프트웨어,클라우드 시장,"메가존, 대만 테크맨로봇과 로봇 교육 맞손",[사진: 메가존] AI·클라우드 기업 메가존클라우드 모회사인 메가존이 대만 협동로봇 전문기업 테크맨로봇... 국내시장에서 피지컬 AI와 휴머노이드 생태계 구축을 위해 협력할 계획이다. 메가존 피지컬 AI 플랫폼... ,https://www.digitaltoday.co.kr/news/articleView.html?idxno=676543,https://www.digitaltoday.co.kr/news/articleView.html?idxno=676543,"Fri, 19 Jun 2026 10:38:00 +0900",2026-06-19 10:45:55
AI/소프트웨어,클라우드 시장,"MS, 中 빅테크에 GPT 모델 공급 확대...오픈AI 우회 공급망 부상",마이크로소프트의 클라우드 AI 서비스를 통해 오픈AI 모델을 사용하고 있다. 이는 오픈AI와 앤트로픽이 중국 시장에 직접 진출하지 않는 상황에서 마이크로소프트가 사실상 그 공백을 메우고 있다는 의미다. 오픈AI와... ,https://www.digitaltoday.co.kr/news/articleView.html?idxno=676519,https://www.digitaltoday.co.kr/news/articleView.html?idxno=676519,"Fri, 19 Jun 2026 10:34:00 +0900",2026-06-19 10:45:55
AI/소프트웨어,클라우드 시장,"LG CNS·두산, AI·로봇·데이터센터 동맹...AX·RX 신사업 전방위 협력","LG CNS가 두산과 인공지능(AI), 로봇, 데이터센터, 클라우드 등 신사업 분야에서 전방위 협력에 나선다. LG... 글로벌 시장을 선도할 차세대 비즈니스 모델을 구축하겠다&quot;고 말했다. 현신균 LG CNS 사장은 &quot;LG CNS가 보유한... ",https://www.getnews.co.kr/news/articleView.html?idxno=872805,https://www.getnews.co.kr/news/articleView.html?idxno=872805,"Fri, 19 Jun 2026 10:32:00 +0900",2026-06-19 10:45:55
AI/소프트웨어,클라우드 시장,"두산, LG CNS와 맞손…수소·AI·로봇 '3축 동맹'",이번 협약은 데이터센터 전력 수요 폭증이라는 시장 변화와 맞닿아 있다. AI 인프라 확장에 따라... 두산이 보유한 클라우드 및 데이터센터 인프라는 LG CNS 기술력을 활용해 고도화한다. LG CNS는 최근... ,https://www.newsworks.co.kr/news/articleView.html?idxno=844422,https://www.newsworks.co.kr/news/articleView.html?idxno=844422,"Fri, 19 Jun 2026 10:30:00 +0900",2026-06-19 10:45:55
AI/소프트웨어,클라우드 시장,"LG CNS, 두산과 AI·로봇·데이터센터 전방위 사업 협력","(출처: LG CNS)  LG CNS가 두산과 인공지능(AI), 로봇, 데이터센터, 클라우드 등을 망라하는 전방위 사업... 글로벌 시장을 선도할 차세대 비즈니스 모델을 구축하겠다&quot;며 &quot;데이터센터부터 로봇, AI까지 아우르는 이번... ",http://www.itdaily.kr/news/articleView.html?idxno=239947,http://www.itdaily.kr/news/articleView.html?idxno=239947,"Fri, 19 Jun 2026 10:28:00 +0900",2026-06-19 10:45:55
AI/소프트웨어,클라우드 시장,"베스핀글로벌, 구글 시큐리티 오퍼레이션스 MSSP 선정",서비스를 시장에 제공할 계획이다. 베스핀글로벌 강진하 SecOps 실장은 &quot;구글 시큐리티 오퍼레이션스 MSSP 선정은 베스핀글로벌 AI 에이전트 기술과 클라우드 보안 운영 역량이 글로벌 수준에서 인정받은 결과... ,https://www.digitaltoday.co.kr/news/articleView.html?idxno=676539,https://www.digitaltoday.co.kr/news/articleView.html?idxno=676539,"Fri, 19 Jun 2026 10:28:00 +0900",2026-06-19 10:45:55
AI/소프트웨어,클라우드 시장,"A10 네트웍스, 트로이AI 인수…AI 보안 사업 확대","이를 기반으로 온프레미스와 클라우드, 하이브리드 등 다양한 환경에서 일관된 AI 보안 서비스를 지원한다는 방침이다. 회사 측은 이번 인수를 통해 AI 인프라 구축과 AI 애플리케이션 운영이 확대되는 시장 변화에... ",https://www.hankyung.com/article/202606196279O,https://n.news.naver.com/mnews/article/015/0005300595?sid=101,"Fri, 19 Jun 2026 10:27:00 +0900",2026-06-19 10:45:55
AI/소프트웨어,클라우드 시장,"&quot;AI·로봇·데이터센터 생태계 확장&quot;…LG CNS-두산, '신사업 경쟁력 확보...",LG CNS가 ㈜두산과 'AX·RX·데이터센터 및 클라우드 등 신사업 글로벌 경쟁력 확보를 위한 업무협약(이하 MOU)... 글로벌 시장을 선도할 차세대 비즈니스 모델을 구축하겠다&quot;고 언급했다. 유 사장은 이어 &quot;▲데이터센터... ,https://www.financialpost.co.kr/news/articleView.html?idxno=263187,https://www.financialpost.co.kr/news/articleView.html?idxno=263187,"Fri, 19 Jun 2026 10:26:00 +0900",2026-06-19 10:45:55
AI/소프트웨어,클라우드 시장,"베스핀글로벌, 구글 시큐리티 오퍼레이션스 MSSP 선정… 기업보안 고도...",이번 인증은 베스핀글로벌이 구글 클라우드 프리미어(Google Cloud Premier) 공동 판매 및 서비스 파트너로서... 서비스를 시장에 제공할 계획이다. AI 시대를 준비하는 기업이라면 기술 도입만큼이나 데이터 주권... ,https://www.industrynews.co.kr/news/articleView.html?idxno=82326,https://www.industrynews.co.kr/news/articleView.html?idxno=82326,"Fri, 19 Jun 2026 10:22:00 +0900",2026-06-19 10:45:55
AI/소프트웨어,클라우드 시장,"LGCNS-두산 제조AX 동맹 체결, AI·로봇·데이터센터 사업협력","및 클라우드 등 신사업 글로벌 경쟁력 확보를 위한 업무협약을 맺은 이후 기념 사진을 촬영하고 있다.... 글로벌 시장을 선도할 차세대 비즈니스 모델을 구축할 것&quot;이라며 &quot;데이터센터부터 로봇, AI까지 아우르는... ",https://www.businesspost.co.kr/BP?command=article_view&num=440357,https://www.businesspost.co.kr/BP?command=article_view&num=440357,"Fri, 19 Jun 2026 10:22:00 +0900",2026-06-19 10:45:55
AI/소프트웨어,클라우드 시장,"[한국 추월, 메이드 인 차이나의 반란 ⑪] 텅쉰(騰訊)(상), 美에서는 요...",우선 국내 주식시장에서의 시가 총액이 11조4000억 원 규모인 게임기업 크래프톤의 2대 주주로 유명하다.... 클라우드 성장에도 크게 기여했다. 투자를 확대할 필요성이 증대했다. 구체적으로는 AI 서비스 제품군을 넓힐... ,https://www.newsquest.co.kr/news/articleView.html?idxno=268102,https://www.newsquest.co.kr/news/articleView.html?idxno=268102,"Fri, 19 Jun 2026 10:20:00 +0900",2026-06-19 10:45:55
AI/소프트웨어,클라우드 시장,"아마존, 자체 AI 반도체 외부 판매 추진…엔비디아에 도전장",한편 디샌티스 총괄은 트레이니엄을 AWS 외부로 판매하는 것이 회사의 클라우드 사업을 잠식할 것이라는 우려를 일축했다. 그는 &quot;AI 시장에는 아직 충족되지 않은 수요가 너무 많다&quot;며 &quot;전혀 걱정하지 않는다&quot;고 말했다.,https://www.mt.co.kr/world/2026/06/19/2026061909102571077,https://n.news.naver.com/mnews/article/008/0005374318?sid=104,"Fri, 19 Jun 2026 10:18:00 +0900",2026-06-19 10:45:55
AI/소프트웨어,클라우드 시장,"메가존, 테크맨로봇과 로봇 교육 및 기술 협력","AI·클라우드 선도 기업 메가존클라우드(대표 염동훈)의 모회사인 메가존이 대만 협동로봇 전문기업... 국내시장에서 피지컬 AI와 휴머노이드 생태계 구성을 위해 긴밀하게 협력해 나갈 예정이다. 또, 메가존의... ",http://www.wowtv.co.kr/NewsCenter/News/Read?articleId=A202606190382&t=NN,https://n.news.naver.com/mnews/article/215/0001255936?sid=105,"Fri, 19 Jun 2026 10:10:00 +0900",2026-06-19 10:45:55
AI/소프트웨어,클라우드 시장,"메가존, 테크맨로봇과 로봇 교육·기술 협력",메가존클라우드의 모회사인 메가존은 지난 18일 경기도 과천 메가존산학연센터에서 테크맨로봇과 ‘AI... 국내 시장에서 피지컬 AI와 휴머노이드 생태계 조성을 위한 협력 기회도 함께 발굴할 예정이다. 메가존은 자사... ,https://www.edaily.co.kr/news/newspath.asp?newsid=03483366645483360,https://n.news.naver.com/mnews/article/018/0006309686?sid=105,"Fri, 19 Jun 2026 10:06:00 +0900",2026-06-19 10:45:55
AI/소프트웨어,클라우드 시장,"아마존, AI 칩 외부 판매 추진… 엔비디아 의존도 낮추나","AI 인프라 시장에서 엔비디아 그래픽처리장치(GPU)에 대한 의존도를 낮추려는 기업 수요를 겨냥한 전략으로... 2020년 출시 이후 AWS 클라우드 서비스를 통해 오픈AI, 앤트로픽, 우버 등 주요 기업이 사용해왔다. 아마존에... ",https://www.kmib.co.kr/article/view.asp?arcid=0029991138&code=61141411&cp=nv,https://n.news.naver.com/mnews/article/005/0001855931?sid=101,"Fri, 19 Jun 2026 10:06:00 +0900",2026-06-19 10:45:55
AI/소프트웨어,AI 반도체,"이석희 전 SK온 사장, 인텔 파운드리 후공정 사령탑으로 복귀","2024년 '인텔 파운드리'를 공식 출범하고 마이크로소프트를 고객사로 확보했다. 올해 4월에는 테슬라가 1.4나노급(14A) 공정으로 AI 반도체를 생산하기로 했고, 구글도 텐서처리장치(TPU) 생산 일부를 맡긴 것으로 알려졌다.",https://www.digitaltoday.co.kr/news/articleView.html?idxno=676498,https://www.digitaltoday.co.kr/news/articleView.html?idxno=676498,"Fri, 19 Jun 2026 10:42:00 +0900",2026-06-19 10:45:56
AI/소프트웨어,AI 반도체,"SK그룹, 지난해 사회적 가치 32.2조 창출 '누적 155조원'… DBL 경영 8년 ...",반면 '환경 성과'는 인공지능(AI) 및 반도체 수요 폭발에 따른 제품 생산량 증가 영향으로 환경에 미친 부정적 영향 규모가 전년(-2조 9000억 원) 대비 3.1% 다소 늘어났다. 이에 대해 SK그룹 측은 온실가스 배출 등 환경... ,http://www.newsdream.kr/news/articleView.html?idxno=113338,http://www.newsdream.kr/news/articleView.html?idxno=113338,"Fri, 19 Jun 2026 10:42:00 +0900",2026-06-19 10:45:56
AI/소프트웨어,AI 반도체,"인텔, 이석희 전 SK하이닉스 사장 영입···첨단 파운드리맡는다",이번 인사는 패키징이 AI 반도체 부문에서 핵심 요소로 자리잡고 있는 흐름이 반영된 것으로 보인다. 인텔은 앞으로 파운드리 부문에 첨단 패키징을 전담하는 사업부를 구축할 계획이다. 이 수석 부사장은 지난달 말까지... ,https://www.khan.co.kr/article/202606191040001,https://n.news.naver.com/mnews/article/032/0003453078?sid=101,"Fri, 19 Jun 2026 10:40:00 +0900",2026-06-19 10:45:56
AI/소프트웨어,AI 반도체,"이석희 전 SK하이닉스 대표, 인텔 파운드리 수석부사장 선임",AI와 고성능컴퓨팅(HPC) 확산으로 여러 반도체를 하나의 시스템으로 통합하는 패키징 기술의 중요성이 커지면서 인텔도 관련 역량 확대에 속도를 내고 있다. 립부 탄 CEO는 &quot;첨단 패키징과 시스템 통합은 차세대 컴퓨팅... ,https://biz.newdaily.co.kr/site/data/html/2026/06/19/2026061900086.html,https://biz.newdaily.co.kr/site/data/html/2026/06/19/2026061900086.html,"Fri, 19 Jun 2026 10:40:00 +0900",2026-06-19 10:45:56
AI/소프트웨어,AI 반도체,"이석희 전 SK하이닉스 사장, 인텔 최고위 경영진 합류",여러 칩을 하나의 패키지 안에 통합하는 기술이 AI 반도체 성능과 전력 효율을 좌우하는 요소로 부상하면서 관련 조직과 리더십을 강화하는 모습이다. 첨단 패키징은 최근 글로벌 반도체 업계의 핵심 격전지로 떠오르고... ,https://www.ebn.co.kr/news/articleView.html?idxno=1713171,https://www.ebn.co.kr/news/articleView.html?idxno=1713171,"Fri, 19 Jun 2026 10:36:00 +0900",2026-06-19 10:45:56
AI/소프트웨어,AI 반도체,제조 넘어 의료·국방까지…피지컬 AI 얼라이언스 2기 본격화,"과기정통부가 국산 AI 반도체, AI 모델, 소프트웨어, 로봇·센서, 컴퓨팅 인프라를 연계해 독자적인 피지컬 AI 핵심 기술을 확보에 나선다. 지난해 9월 피지컬 AI 얼라이언스 1기가 출범하고 산업 현장의 수요와 애로사항을... ",https://www.etoday.co.kr/news/view/2595298,https://www.etoday.co.kr/news/view/2595298,"Fri, 19 Jun 2026 10:32:00 +0900",2026-06-19 10:45:56
AI/소프트웨어,AI 반도체,"이석희 전 SK하이닉스 대표, 인텔 파운드리 수석 부사장에 선임","이는 인공지능(AI) 시스템 전반에 걸쳐 성능, 전력 효율성, 통합을 가능하게 하는 핵심 요소 중 하나다. 첨단 패키징은 여러 반도체 칩을 수평 또는 수직으로 촘촘히 연결해 데이터 처리 속도를 높이고 전력 소모를... ",https://www.news1.kr/industry/general-industry/6202340,https://n.news.naver.com/mnews/article/421/0009012485?sid=102,"Fri, 19 Jun 2026 10:32:00 +0900",2026-06-19 10:45:56
로봇/자율주행,로봇 주가,"형님 이기는 아우, 기아의 질주",그간 기아는 현대차에 비해 로봇 사업 등 미래 모멘텀에 대한 주가 반영이 상대적으로 부족했다. 이에 대해 한화투자증권은 기아의 성장세를 긍정적으로 평가했다. 한화투자증권은 &quot;완성차 본업에서의 탄탄한 실적은... ,https://www.greened.kr/news/articleView.html?idxno=342868,https://www.greened.kr/news/articleView.html?idxno=342868,"Fri, 19 Jun 2026 10:07:00 +0900",2026-06-19 10:45:57
로봇/자율주행,로봇 주가,"테슬라, 스페이스X에 주가 상승률 뒤져...&quot;투자자 선택지 많아진 영향&quot;",스페이스X 상장 후 주가 12% 상승 테슬라는 2.9% 하락…“투자 관심도 반영” 테슬라 주가가 스페이스X 상장... 투자자들은 테슬라의 자율주행과 옵티머스(Optimus) 로봇 사업 대신 스페이스X의 로켓 발사와 화성 개발... ,https://www.theguru.co.kr/news/article.html?no=103288,https://www.theguru.co.kr/news/article.html?no=103288,"Fri, 19 Jun 2026 10:02:00 +0900",2026-06-19 10:45:57
로봇/자율주행,로봇 주가,"높아지는 현대차그룹 기업가치, 지배구조 개편으로 이어질까",반면 최근에는 현대차를 중심으로 한 그룹사들의 실적이 양호한 흐름을 보이는 동시에 AI·로봇 등에 대한 기대감으로 주가가 함께 치솟고 있다. 이 과정에서 현대모비스의 주가도 2018년 대비 큰 폭으로 뛰어올랐지만... ,http://www.press9.kr/news/articleView.html?idxno=78142,http://www.press9.kr/news/articleView.html?idxno=78142,"Fri, 19 Jun 2026 10:02:00 +0900",2026-06-19 10:45:57
로봇/자율주행,로봇 주가,"[단독] 현대차그룹, 보스턴다이내믹스 지분 더 산다…100% 소유 자회사로",기업들의 주가 및 기업가치가 급등한 점을 고려하면 현대차의 매입가격은 현재 가치에 비해서는 낮은... 보스턴다이내믹스를 완전 자회사로 편입하면서 휴머노이드 로봇 ‘아틀라스’ 상용화와 미국 나스닥 시장 상장... ,https://www.mk.co.kr/article/12078211,https://n.news.naver.com/mnews/article/009/0005696006?sid=103,"Fri, 19 Jun 2026 09:48:00 +0900",2026-06-19 10:45:57
로봇/자율주행,로봇 주가,'4조달러 머스크 제국' 현실화되나…테슬라 주주들 셈법 복잡해졌다,◆AI·우주·로봇 결합 기대…월가선 '주류 시나리오' 찬성론도 있다. 스페이스X와 테슬라는 이미 AI 반도체... 스페이스X 주가가 현재 수준을 유지하고 투자자들이 미래 성장성에 높은 점수를 준다면 합병은 주주들의... ,https://www.ebn.co.kr/news/articleView.html?idxno=1713143,https://www.ebn.co.kr/news/articleView.html?idxno=1713143,"Fri, 19 Jun 2026 09:18:00 +0900",2026-06-19 10:45:57
로봇/자율주행,로봇 주가,"대한항공, '넥스트라이즈' 참가… AI기반 미래 항공기술 선봬",지능형 유지보수 영역에서는 로봇과 AI를 활용한 '스마트 MRO'를 선보인다. 인스펙션 드론과 지상 로버가... 한편 대한항공 주가는 최근 일주일 사이 상승해 연중 고점을 기록한 뒤 숨고르기를 하고 있다. 한국거래소... ,http://www.biztribune.co.kr/news/articleView.html?idxno=354917,http://www.biztribune.co.kr/news/articleView.html?idxno=354917,"Fri, 19 Jun 2026 09:14:00 +0900",2026-06-19 10:45:57
로봇/자율주행,로봇 주가,'코스피 9000 시대'의 명암…반도체 대형주 쏠림·코스닥 침체,"반도체와 로봇 등의 '쏠림 현상'이 심각하며, 1000선 안팎에서 부진을 이어가고 있는 코스닥에 대한... 상한가를 기록한 종목도 3종목에 불과했으며, 오히려 791개 종목의 주가가 하락했다. 아울러 대형주는 2.69% 오른... ",http://www.ftoday.co.kr/news/articleView.html?idxno=360720,http://www.ftoday.co.kr/news/articleView.html?idxno=360720,"Fri, 19 Jun 2026 08:40:00 +0900",2026-06-19 10:45:57
로봇/자율주행,로봇 주가,"[특징주] 현대로템, 모로코 철도청과 7482억 규모 전동차 계약","회사 측은 향후 모로코 철도청과의 주주간 협의에 따라 현지에 합작법인(JV)을 설립한 뒤 시행청을 해당... 이외에도 무인항만로봇, 수소충전소 설비 등을 공급하고 있으며, 최근 산업계의 AI 및 무인화 기조에... ",https://www.newstnt.com/news/articleView.html?idxno=706992,https://www.newstnt.com/news/articleView.html?idxno=706992,"Fri, 19 Jun 2026 08:36:00 +0900",2026-06-19 10:45:57
로봇/자율주행,로봇 주가,[GAM]HDD 슈퍼사이클 기대에 WDC 폭등 ① AI 추론 단계 새로운 병목,웨스턴 디지털(WDC)과 씨게이트 테크놀로지(STX) 주가가 연일 상승 흐름을 타는 것도 이 때문이다. 한때... 그리고 로봇과 자율주행 등 물리적 AI가 생성하는 센서 데이터까지 모두 저장 인프라를 필요로 한다고 업계... ,https://www.newspim.com/news/view/20260618000622,https://www.newspim.com/news/view/20260618000622,"Fri, 19 Jun 2026 08:01:00 +0900",2026-06-19 10:45:57
로봇/자율주행,로봇 주가,스페이스X에 시총 밀린 테슬라! 머스크의 초대형 합병 시나리오에 시장...,"현재 시가총액은 약 1조 4,900억 달러 규모를 유지하고 있으나, 미래 자율주행과 로봇공학에 대한 높은 기대감이 선반영되어 주가수익비율(PER)이 수백 배에 달하는 등 밸류에이션 부담이 가중된 상태다. 가장 즉각적인... ",http://coinreaders.com/243215,http://coinreaders.com/243215,"Fri, 19 Jun 2026 07:24:00 +0900",2026-06-19 10:45:57
로봇/자율주행,로봇 주가,韓·대만이 훔친 기술로 美파운드리를 키운다니 [트럼프 스톡커],각종 호재로 인텔의 주가는 지난해 말 36.90달러에서 18일 133.99달러로 무려 263.12%나 급등했다. 관건은... AI와 로봇 공학의 발전을 뒷받침하는 목표를 가속화하는 데 이바지할 것”이라고 강조했다. 탄 CEO도 자신의 X... ,https://www.sedaily.com/article/20057608?ref=naver,https://n.news.naver.com/mnews/article/011/0004632768?sid=104,"Fri, 19 Jun 2026 07:22:00 +0900",2026-06-19 10:45:57
로봇/자율주행,로봇 주가,[GAM]AI가 깨운 'PCB 슈퍼사이클'② A주 달구는 핵심 테마로,"AI 서버, 휴머노이드 로봇 등 미래 산업 고급 장비의 핵심 부품으로 쓰인다. PCB 제조 품질은 하위 제품의... 이와 함께 일부 종목의 주가 역시 눈에 띄는 상승세를 보였다. 6월 16일 최신 종가 기준으로 연초 이후... ",https://www.newspim.com/news/view/20260618000504,https://www.newspim.com/news/view/20260618000504,"Fri, 19 Jun 2026 07:00:00 +0900",2026-06-19 10:45:57
로봇/자율주행,로봇 주가,&quot;삼성전자·SK하이닉스 상승 여력…현대차 3인방 '원 픽' 필수&quot;,이 외에도 실적 턴어라운드가 확인되는 조선주와 화장품 ODM 업종은 현재 주가 부담이 낮아 신규 자금의 좋은 대안이 될 수 있다고 덧붙였다. 로봇 산업의 경우 아직 시가총액 규모가 작아 당장 시장 전체를 이끌 주도주가... ,https://www.newsis.com/view/NISX20260618_0003675107,https://n.news.naver.com/mnews/article/003/0014015296?sid=101,"Fri, 19 Jun 2026 06:31:00 +0900",2026-06-19 10:45:57
로봇/자율주행,로봇 주가,‘삼전닉스 타야한다’ 포모 심화… ‘1만스피’ 과열 시험대,"예를 들어 젠슨 황이 방문한다거나, AI·로봇 관련 사업을 한다는 소문이 나면 관련 실적이 거의 없어도 주가가 급등하는 경우가 있기 때문”이라고 말했다. 다만 지금의 반도체 등 AI 관련주는 실적이 받쳐주고 있다.... ",https://www.kmib.co.kr/article/view.asp?arcid=0029990236&code=61141211&cp=nv,https://n.news.naver.com/mnews/article/005/0001855918?sid=101,"Fri, 19 Jun 2026 06:24:00 +0900",2026-06-19 10:45:57
로봇/자율주행,로봇 주가,현대차 로봇 프리미엄 어디까지…목표가 줄상향 속 신중론도,현대차를 자동차주가 아닌 로봇주로 재평가하려는 움직임이 확산하고 있다. 보스턴다이내믹스(BD)와 휴머노이드 사업 기대감이 커지면서 증권가 목표주가도 잇따라 올라가고 있다. 다만 일부에서는 실적보다 기대감이... ,http://www.fnnews.com/news/202606181637557913,https://n.news.naver.com/mnews/article/014/0005537047?sid=101,"Fri, 19 Jun 2026 06:01:00 +0900",2026-06-19 10:45:57
로봇/자율주행,로봇 주가,스페이스X·테슬라 합병설 확산…‘머스크 제국’ 재편되나,"(AI), 로봇, 위성통신, 에너지 사업을 아우르는 초대형 기술 복합기업을 만들 가능성에 주목하고 있다.... NYT에 따르면 텍사스에서는 주주가 회사를 상대로 소송을 제기하려면 최소 3%의 지분을 보유해야 한다. 테슬라... ",https://www.g-enews.com/view.php?ud=2026061821550980009a1f309431_1,https://www.g-enews.com/view.php?ud=2026061821550980009a1f309431_1,"Fri, 19 Jun 2026 06:00:00 +0900",2026-06-19 10:45:57
로봇/자율주행,자율주행 산업,"경과원, '비바테크'서 도내 디지털 제조 기술기업 8개사 투자유치 지원",및 산업 관계자 200여 명과 교류하며 유럽 시장 진출과 투자 협력 기회를 확대했다. 행사 기간 중 일부 기업은 구체적인 투자 검토 성과도 거뒀다. 건설현장용 자율주행 콘크리트 표면 가공 로봇을 개발한 ㈜아이티원... ,http://www.suwonilbo.kr/news/articleView.html?idxno=316398,http://www.suwonilbo.kr/news/articleView.html?idxno=316398,"Fri, 19 Jun 2026 10:26:00 +0900",2026-06-19 10:45:57
로봇/자율주행,자율주행 산업,가려진 사각지대까지 꿰뚫어 본다… 이성원 국민대 전자공학부 교수 연...,"향후 자율주행차의 안전성 확보는 물론 산업용 공장 로봇, 재난 구조 로봇 등 폭넓은 분야에 즉각 도입 가능한 기반 기술로 평가받는다. 이번 쾌거는 개교 80주년을 맞아 국민대가 선포한 미래 혁신 전략인 'KMU... ",http://www.dailysmart.co.kr/news/articleView.html?idxno=125765,http://www.dailysmart.co.kr/news/articleView.html?idxno=125765,"Fri, 19 Jun 2026 10:24:00 +0900",2026-06-19 10:45:57
로봇/자율주행,자율주행 산업,"마스오토·LX판토스, 미 대륙횡단 자율주행 트럭 '왕복 7000킬로미터' 시...",한편 마스오토는 지난해 11월 산업통상자원부의 182억 원 규모 전략 과제인 '대형트럭 화물운송을 위한 무인 자율주행 상용화 기술개발' 사업에 선정됐다. 최근에는 산업통상자원부 산하 한국산업기술진흥원(KIAT)의... ,https://www.klnews.co.kr/news/articleView.html?idxno=321556,https://www.klnews.co.kr/news/articleView.html?idxno=321556,"Fri, 19 Jun 2026 10:22:00 +0900",2026-06-19 10:45:57
로봇/자율주행,자율주행 산업,"TYM, 제주 학생·어린이 대상 스마트농업 체험 확대","이번 행사는 TYM이 지난해 3월 서귀포산업과학고에 자율주행 이앙기를 기증한 이후 같은 해 6월 첫 실습에 이어 올해 두 번째로 열린 교육이다. 서귀포산업과학고는 제주도 내 공립 특성화고로, 농생명산업 분야... ",https://www.newspim.com/news/view/20260619000181,https://www.newspim.com/news/view/20260619000181,"Fri, 19 Jun 2026 10:18:00 +0900",2026-06-19 10:45:57
로봇/자율주행,자율주행 산업,"마스오토·LX판토스, 美 대륙횡단 자율주행 노선 '왕복 7000km' 이상 확대",이러한 기술력을 인정받아 마스오토는 지난해 11월 산업통상부의 182억 원 규모의 전략 과제인 '대형트럭 화물운송을 위한 무인 자율주행 상용화 기술개발' 사업에 선정됐다. 최근에는 한국산업기술진흥원(KIAT)의... ,https://www.datanet.co.kr/news/articleView.html?idxno=212473,https://www.datanet.co.kr/news/articleView.html?idxno=212473,"Fri, 19 Jun 2026 10:16:00 +0900",2026-06-19 10:45:57
로봇/자율주행,자율주행 산업,"아시아경제, 자율주행·피지컬AI 로봇 개발자 인재양성... “AI와 로봇을...","교육과정에서는 △Python △OpenCV △딥러닝 △Linux △Docker △ROS2 △AWS 등 산업 현장에서 활용되는 기술을 학습하며, 자율주행 로봇 제작과 객체 인식, 센서 데이터 처리, AI 기반 제어 기술 등을 실습 중심으로 익힌다.... ",https://www.etnews.com/20260619000098,https://n.news.naver.com/mnews/article/030/0003439294?sid=101,"Fri, 19 Jun 2026 10:15:00 +0900",2026-06-19 10:45:57
로봇/자율주행,자율주행 산업,"철도 신호시스템, 고성능 ICT 융합설비로 진화",확장 △자율주행으로의 진화로 요약할 수 있다. 먼저 LTE-R 및 5G 등 무선통신 기반 열차제어시스템의... 아울러 그는 &quot;ICT 기반 철도 신호설비의 고도화는 정보통신공사업이 AI 시대 국가 기간교통망의 핵심 산업으로... ,https://www.koit.co.kr/news/articleView.html?idxno=207640,https://www.koit.co.kr/news/articleView.html?idxno=207640,"Fri, 19 Jun 2026 10:14:00 +0900",2026-06-19 10:45:57
로봇/자율주행,자율주행 산업,"원주시, 국토부 'K-AI 시티' 공모 최종 선정… 국비 1,434억 잭팟 터졌다",이곳에서는 혁신도시를 순환하는 자율주행 셔틀과 로보버스 등 미래 모빌리티가 도로를 누비게 된다. 또한 원주의 대표 산업인 헬스케어에 AI를 접목한 서비스는... ,http://www.breaknews.com/1215354,http://www.breaknews.com/1215354,"Fri, 19 Jun 2026 10:12:00 +0900",2026-06-19 10:45:57
로봇/자율주행,자율주행 산업,"대구시, 모빌리티·로봇·AI 3개 분야 'FIX 혁신상' 참여 기업 모집","FIX 혁신상은 대한민국 미래 산업의 핵심축인 모빌리티, AI·ICT, 로봇 등 3개 부문에서 기술력을 갖춘 우수... 지난해 개최된 행사에서는 자율주행 주차로봇을 선보인 HL로보틱스, 레벨4 자율주행차의... ",https://www.mtnews.net/news/articleView.html?idxno=25084,https://www.mtnews.net/news/articleView.html?idxno=25084,"Fri, 19 Jun 2026 10:10:00 +0900",2026-06-19 10:45:57
로봇/자율주행,자율주행 산업,구윤철 &quot;청년일자리 회복방안 순차 발표...민생부담 경감 총력&quot;,"마을기업과 사회적 기업·협동조합에는 빈집 활용 민박을 허용하고, 벽지·농어촌 등 대중교통 인프라가 부족한 지역에는 인공지능(AI)을 활용한 자율주행 수요응답형(DRT) 버스를 도입한다. 마리나 산업 활성화 방안도... ",https://www.newspim.com/news/view/20260619000315,https://www.newspim.com/news/view/20260619000315,"Fri, 19 Jun 2026 10:07:00 +0900",2026-06-19 10:45:57
로봇/자율주행,자율주행 산업,"&quot;로봇 자동화 생태계 구축&quot; 메가존, 대만 테크맨로봇과 맞손","로봇암, 자율주행로봇(AMR), 휴머노이드 등 로봇 작업 동작을 효과적으로 개발하고 적용할 수 있는 것이... 메가존 이재석 부사장은 &quot;산업 현장에서 바로 활용할 수 있는 실무형 인재를 양성하고, 로봇과 주변 디바이스를... ",http://www.fnnews.com/news/202606190952553538,https://n.news.naver.com/mnews/article/014/0005537144?sid=105,"Fri, 19 Jun 2026 10:02:00 +0900",2026-06-19 10:45:57
로봇/자율주행,자율주행 산업,"정부, '피지컬 AI 얼라이언스' 2기 출범…&quot;기술 현장 확산&quot;","제조, 자율주행, 조선, 의료, 국방 등 주요 산업에서 생산성과 효율성을 높이는 핵심 기술로 떠오르고 있다. 과기정통부는 지난해 9월 피지컬 AI 얼라이언스 1기를 출범했다. 1기는 산업 현장 수요와 애로사항을 발굴하고... ",https://zdnet.co.kr/view/?no=20260619075053,https://n.news.naver.com/mnews/article/092/0002427287?sid=105,"Fri, 19 Jun 2026 10:01:00 +0900",2026-06-19 10:45:57
로봇/자율주행,휴머노이드 로봇,"일본업체, 中 유니트리 휴머노이드 본격 판매",기업 대상…행사장 고객 응대 등 활용 지난달에는 항공기 수하물 운반에 투입 일본 IT 대기업 GMO인터넷그룹이 중국 로봇 기업 유니트리 로보틱스의 휴머노이드 로봇 판매를 일본에서 본격적으로 시작한다. 19일... ,https://www.mk.co.kr/article/12078266,https://n.news.naver.com/mnews/article/009/0005696047?sid=101,"Fri, 19 Jun 2026 10:26:00 +0900",2026-06-19 10:45:58
로봇/자율주행,휴머노이드 로봇,"한국AI·로봇산업협회, 신임 상근 부회장에 배석태 동명대 교수 선임","특히 국내 최초로 항만물류 단과대학을 신설해 AI 기반 물류 자동화 및 스마트 항만 분야의 학술 활동을 선도해 왔으며, 관련 기업들과의 긴밀한 산학협력을 통해 스마트 항만·물류 로봇, 휴머노이드 산업 및 제조 AI... ",https://www.irobotnews.com/news/articleView.html?idxno=46974,https://www.irobotnews.com/news/articleView.html?idxno=46974,"Fri, 19 Jun 2026 10:16:00 +0900",2026-06-19 10:45:58
로봇/자율주행,휴머노이드 로봇,"한국 골목 누비던 토종 자율주행 로봇, 일본 배달·대만 순찰 시장 간다","국내에서는 인증과 지자체·건물별 협의 절차를 거쳐야 해 확산 속도가 더딘 편이다. 뉴빌리티는 내달 하이브리드 휴머노이드 로봇 실물을 공개하고, 이를 토대로 제조·물류·배달 현장으로 사업 영역을 넓힌다는 구상이다.",https://biz.chosun.com/industry/company/2026/06/19/O4VLWN56VFHZ5H2RPYLNJE7L2I/?utm_source=naver&utm_medium=original&utm_campaign=biz,https://n.news.naver.com/mnews/article/366/0001172893?sid=101,"Fri, 19 Jun 2026 10:14:00 +0900",2026-06-19 10:45:58
로봇/자율주행,휴머노이드 로봇,"㈜두산-LG CNS, 데이터센터·로봇·AI 분야 전방위 협력","수소연료전지 기술과 LG CNS의 로봇 학습·운영 플랫폼 '피지컬웍스(PhysicalWorks)'를 연계해 로봇·휴머노이드 사업 개발에 나서고, LG CNS의 에이전틱 AI 플랫폼을 활용해 ㈜두산의 AI 경쟁력 강화와 적용 로드맵 수립도... ",https://www.delighti.co.kr/news/articleView.html?idxno=117915,https://www.delighti.co.kr/news/articleView.html?idxno=117915,"Fri, 19 Jun 2026 10:14:00 +0900",2026-06-19 10:45:58
로봇/자율주행,휴머노이드 로봇,"㈜두산·LG CNS, 에이전틱 AI·수소연료전지 결합…미래 먹거리 공동 발...",로봇 전환(RX)·AI 전환(AX) 분야에서는 수소연료전지와 LG CNS의 로봇 학습·운영 플랫폼 '피지컬웍스(PhysicalWorks)'를 결합해 로봇·휴머노이드 사업 개발에 나선다. 에이전틱 AI 분야에서도 LG CNS의 플랫폼을 기반으로... ,http://www.newslock.co.kr/news/articleView.html?idxno=131784,http://www.newslock.co.kr/news/articleView.html?idxno=131784,"Fri, 19 Jun 2026 10:10:00 +0900",2026-06-19 10:45:58
로봇/자율주행,휴머노이드 로봇,"㈜두산-LG CNS, 데이터센터·로봇·AI 분야 전략적 업무협약 체결",로봇 및 휴머노이드 관련 사업 개발을 위해 수소연료전지와 LG CNS의 로봇 학습·운영 플랫폼 '피지컬웍스(PhysicalWorks)'를 결합하는 방향으로 협력 구도를 구체화한다. 또한 ㈜두산의 에이전틱 AI(Agentic AI) 경쟁력... ,https://www.businessplus.kr/news/articleView.html?idxno=113080,https://www.businessplus.kr/news/articleView.html?idxno=113080,"Fri, 19 Jun 2026 10:08:00 +0900",2026-06-19 10:45:58
로봇/자율주행,휴머노이드 로봇,"LG CNS-두산, 미래 성장사업 공동 발굴",LG CNS의 로봇 학습·운영 플랫폼 '피지컬웍스'와 두산의 수소연료전지를 결합해 로봇·휴머노이드 사업 개발 방향을 구체화한다. 친환경 모빌리티 분야에서는 2025년부터 양사가 함께 추진해 온 수소연료전지 기반... ,https://www.dizzotv.com/site/data/html_dir/2026/06/19/2026061980024.html,https://www.dizzotv.com/site/data/html_dir/2026/06/19/2026061980024.html,"Fri, 19 Jun 2026 10:08:00 +0900",2026-06-19 10:45:58
로봇/자율주행,휴머노이드 로봇,"갤럭시코퍼레이션, 비바테크 2026 오프닝서 AI 기반 고(故) 앙드레김 의...",갤럭시코퍼레이션이 6월 17일부터 20일까지 프랑스 파리에서 열린 유럽 기술 전시회 '비바테크놀로지 2026(VIVA Technology 2026)'에 참가해 휴머노이드 로봇 퍼포먼스를 선보였다. 이번 전시회 오프닝 무대에서는 고(故)... ,https://platum.kr/archives/289318,https://platum.kr/archives/289318,"Fri, 19 Jun 2026 10:08:00 +0900",2026-06-19 10:45:58
로봇/자율주행,휴머노이드 로봇,"두산-LG CNS, 데이터센터·수소드론·AI 맞손…미래사업 협력 확대","AI와 로봇 분야에서 수소연료전지와 LG CNS의 로봇 학습·운영 플랫폼 '피지컬웍스(PhysicalWorks)'를 연계해 로봇 및 휴머노이드 사업 개발에 협력하고, ㈜두산의 에이전틱 AI 경쟁력 강화를 위해 LG CNS의 에이전틱 AI... ",https://www.straightnews.co.kr/news/articleView.html?idxno=305155,https://www.straightnews.co.kr/news/articleView.html?idxno=305155,"Fri, 19 Jun 2026 10:06:00 +0900",2026-06-19 10:45:58
로봇/자율주행,휴머노이드 로봇,"㈜두산 수소연료전지, LG CNS 데이터센터·물류사업에 적용한다",로봇 및 휴머노이드 관련 사업 개발을 위해 수소연료전지와 LG CNS의 로봇 학습·운영 플랫폼 ‘피지컬웍스(PhysicalWorks)을 결합하는 방향으로 협력 구도를 구체화한다. 또한 ㈜두산의 에이전틱 AI(Agentic AI) 경쟁력... ,http://www.thebigdata.co.kr/view.php?ud=202606190953304359570d99e4c8_23,http://www.thebigdata.co.kr/view.php?ud=202606190953304359570d99e4c8_23,"Fri, 19 Jun 2026 10:04:00 +0900",2026-06-19 10:45:58
로봇/자율주행,휴머노이드 로봇,"두산·LG CNS, '데이터센터·로봇·AI' 전방위 협력 강화",두산의 수소연료전지 기술과 LG CNS의 로봇 학습·운영 플랫폼 '피지컬웍스'를 결합해 로봇 및 휴머노이드 사업 개발을 추진한다. 또한 두산의 에이전틱 AI 경쟁력... ,http://www.breaknews.com/1215383,http://www.breaknews.com/1215383,"Fri, 19 Jun 2026 10:04:00 +0900",2026-06-19 10:45:58
로봇/자율주행,휴머노이드 로봇,"[RE:기업] 현대차·기아, 2Q 실적 숨고르기…하반기 신차·전동화로 '반...",업계는 현대차그룹이 오는 8월 로봇 학습 허브인 '로봇메타플랜트응용센터(RMAC)'의 가동으로 휴머노이드 양산 개발을 본격화할 것으로 전망했다. 이곳에서는 실제 공장 환경에서 데이터를 축적하고 인공지능(AI)을... ,http://www.hansbiz.co.kr/news/articleView.html?idxno=845217,http://www.hansbiz.co.kr/news/articleView.html?idxno=845217,"Fri, 19 Jun 2026 10:02:00 +0900",2026-06-19 10:45:58
로봇/자율주행,드론 시장,"경기도, 물기술 실증사업 5개 과제 모두 성공 판정",둠둠㈜는 드론 통합 수질감시 분석 플랫폼 원격제어 시스템을 고도화하며 수질관리의 디지털 전환 가능성을... 공공시장 진입 기반도 마련했다. 유와텍㈜은 전도성층 분리막과 모듈을 활용한 고농도 암모니아성 질소... ,https://www.ajunews.com/view/20260619095825603,https://www.ajunews.com/view/20260619095825603,"Fri, 19 Jun 2026 10:14:00 +0900",2026-06-19 10:45:59
로봇/자율주행,드론 시장,"우크라, 이젠 자체 무기로 방어…‘우크라산’ 늘어난다 [최현호의 무기...",그런데 최근 우크라이나에서 개발된 드론에 이어 유도무기도 유럽 국가에서 생산해 공급하려는 움직임이... 국제 시장에 대한 접근을 용이하게 하는 것을 목표로 한다. 지난 2월 젤렌스키 대통령은 올해 말까지 런던... ,https://nownews.seoul.co.kr/news/newsView.php?id=20260619601005&wlog_tag3=naver,https://n.news.naver.com/mnews/article/081/0003654077?sid=105,"Fri, 19 Jun 2026 10:08:00 +0900",2026-06-19 10:45:59
로봇/자율주행,드론 시장,국민성장펀드 흥행…AI·반도체 돈 몰린다,갖춰 드론·무인기 적용에 유리하다는 평가를 받고 있다. 모르도르인텔리전스에 따르면 항공우주 및 방위 소재 시장 규모는 2026년 292억 1000만 달러(약 44조 원)에서 2031년 350억 3000만 달러로 성장할 것으로... ,https://www.sedaily.com/article/20057651?ref=naver,https://n.news.naver.com/mnews/article/011/0004632835?sid=101,"Fri, 19 Jun 2026 10:01:00 +0900",2026-06-19 10:45:59
로봇/자율주행,드론 시장,경기도 '물기술 실증화' 참여 기업 5곳 모두 '성공' 판정,"이 가운데 둠둠의 '드론 통합 수질감시 분석 플랫폼 원격제어 시스템', 타셋의 '절곡형 타공망 미세목 밴드스크린을 이용한 미세협잡물 제거 설비' 두 기술은 조달청 혁신제품으로 지정돼 공공시장 진입 기반을 마련했다.... ",https://www.sidae.com/article/2026061909160590244,https://n.news.naver.com/mnews/article/417/0001148201?sid=102,"Fri, 19 Jun 2026 09:57:00 +0900",2026-06-19 10:45:59
로봇/자율주행,드론 시장,"휴머노이드 판 커진다…두산·LG CNS, 로봇·AI 초대형 협력","양사는 각자의 핵심 기술력을 결합해 차세대 성장동력을 확보하고 글로벌 시장 공략에 속도를 낸다는 전략이다. ㈜두산은 19일 LG CNS와 데이터센터, 수소드론 물류, AI 전환(AX), 로봇 전환(RX) 분야의 글로벌 경쟁력... ",https://www.megaeconomy.co.kr/news/newsview.php?ncode=1065574334009517,https://www.megaeconomy.co.kr/news/newsview.php?ncode=1065574334009517,"Fri, 19 Jun 2026 09:56:00 +0900",2026-06-19 10:45:59
로봇/자율주행,드론 시장,건설사 AI 도입 붐인데 '데이터 소유권' 여전히 미궁,"대우건설과 DL이앤씨도 BIM과 드론, 디지털트윈 기술을 활용해 설계 정보와 시공 데이터를 축적하고 있다.... 그러나 정작 자본시장과 법조계에서는 이 데이터들을 누가 소유하고 어디까지 AI 학습에 활용할 수 있는지... ",http://www.inews24.com/view/1977610,https://n.news.naver.com/mnews/article/031/0001036192?sid=101,"Fri, 19 Jun 2026 09:51:00 +0900",2026-06-19 10:45:59
로봇/자율주행,드론 시장,"두산-LG CNS, 데이터센터부터 휴머노이드까지…전방위 협력","양사는 각사가 보유한 에너지·제조 기술과 AI·디지털 전환 역량을 결합해 미래 성장동력을 확보하고 글로벌 시장 경쟁력 강화에 나설 계획이다. ㈜두산은 LG CNS와 데이터센터, 수소드론 물류, AI 전환(AX), 로봇 전환... ",https://www.dailian.co.kr/news/view/1657624/?sc=Naver,https://n.news.naver.com/mnews/article/119/0003102604?sid=101,"Fri, 19 Jun 2026 09:47:00 +0900",2026-06-19 10:45:59
로봇/자율주행,드론 시장,[패트롤] 경기도-동두천시-양주시-의정부시-포천시,"의정부=에너지경제신문 강근주기자 의정부시는 김원기 의정부시장 당선인의 민선 9기 출범을 앞두고... 디지털 창작소는 학교 유휴공간을 활용해 인공지능(AI), 드론, 코딩 등 미래 핵심 기술을 학습하는 공간이다.... ",https://www.ekn.kr/web/view.php?key=20260619024054683,https://www.ekn.kr/web/view.php?key=20260619024054683,"Fri, 19 Jun 2026 09:46:00 +0900",2026-06-19 10:45:59
로봇/자율주행,드론 시장,[김광석의 경제 읽어주는 남자] 머스크가 쏘아 올린 우주 경제,"있어 시장의 우려를 받고 있으나, 인프라 투자와 AI 모델 개발을 통해 국방부 등에 AI 솔루션을 제공하는 기업으로 지금의 한계점을 극복해 나갈 것으로 보인다. 특히, 중동전쟁 중에 2만 달러의 드론과 400만 달러의... ",https://www.ajunews.com/view/20260616072821564,https://www.ajunews.com/view/20260616072821564,"Fri, 19 Jun 2026 09:42:00 +0900",2026-06-19 10:45:59
로봇/자율주행,드론 시장,"경기도 물기술 실증사업 참여 5개 기업, 모두 '성공' 판정",둠둠는 '드론 통합 수질감시 분석 플랫폼 원격제어 시스템'을 고도화해 수질관리의 디지털 전환 가능성을... 이 가운데 둠둠과 ㈜타셋의 기술은 조달청 혁신제품으로 지정돼 향후 공공시장 진입 기반을 마련했으며... ,https://www.news1.kr/local/gyeonggi/6202197,https://n.news.naver.com/mnews/article/421/0009012247?sid=102,"Fri, 19 Jun 2026 09:29:00 +0900",2026-06-19 10:45:59
로봇/자율주행,드론 시장,[기업家] 네이버 ⑧ㅣ월드컵 특수에 AI 서비스 급성장…검색·쇼핑·클라...,"● 2026-06-15 네이버클라우드, 국방 특화 옴니모달 AI '하이퍼클로바X 시드 4B' 공개…드론·위성 실시간 분석... 전자상거래 시장에서 두각을 나타냈다. 모바일인덱스 자료에 따르면 네플스는 전월 대비 7.5% 증가한 MAU를... ",https://www.cbci.co.kr/news/articleView.html?idxno=583054,https://www.cbci.co.kr/news/articleView.html?idxno=583054,"Fri, 19 Jun 2026 09:22:00 +0900",2026-06-19 10:45:59
로봇/자율주행,드론 시장,유승우 ㈜두산 사장 &quot;두산 기술력·LG CNS AX 역량 결합해 新 비즈니스 ...,"인프라 시장으로 확장할 수 있다. LG CNS는 AX·RX 플랫폼을 두산의 제조·에너지·로봇 현장에 적용해 실제 사업화 사례를 확보할 수 있다. 특히 데이터센터 전력, 수소드론 물류, 로봇 운영, AI 예지보전이 하나의 협력... ",http://www.fnnews.com/news/202606190911150310,https://n.news.naver.com/mnews/article/014/0005537107?sid=101,"Fri, 19 Jun 2026 09:17:00 +0900",2026-06-19 10:45:59
로봇/자율주행,드론 시장,&quot;수소모빌리티 중심 이동…승용차에서 트럭·선박·철도로&quot;,"그는 &quot;한국과 일본은 현대차 넥쏘와 도요타 미라이를 앞세워 수소승용차 시장을 선도해 왔지만 승용차 시장만으로는 성장에 한계가 나타나고 있다&quot;며 &quot;앞으로 수소모빌리티의 핵심 시장은 트럭과 버스, 선박, 철도, 드론 등... ",https://www.electimes.com/news/articleView.html?idxno=369229,https://www.electimes.com/news/articleView.html?idxno=369229,"Fri, 19 Jun 2026 09:06:00 +0900",2026-06-19 10:45:59
로봇/자율주행,드론 시장,슈퍼마켓서 보는 P&amp;G 드라마…리테일 광고 진화,그는 P&amp;G처럼 소비자와 시장 성장 기회를 잘 이해하는 파트너와 함께라면 더 많은 실험을 할 수 있다고... 코피 부사장은 모든 것이 빠르게 변하는 상황에서 5년 뒤에는 드론 쇼가 광고 채널이 될 수도 있다고 말했다.,https://www.hankyung.com/article/202606195907i,https://n.news.naver.com/mnews/article/015/0005300535?sid=104,"Fri, 19 Jun 2026 09:02:00 +0900",2026-06-19 10:45:59
로봇/자율주행,드론 시장,"포천시, '발전의 기틀을 다진 4년' 민선 9기 도약 준비한다!","백영현 포천시장 백영현 포천시장은 &quot;지난 4년은 더 큰 포천,더 큰 행복을 실현하기 위해 쉼 없이 달려온... 학교 유휴 공간을 활용한 디지털 창작소 10개소를 설치하고,인공지능(AI), 드론, 코딩 등 미래 핵심 기술을 학습할... ",http://www.metroseoul.co.kr/article/20260618500501,http://www.metroseoul.co.kr/article/20260618500501,"Fri, 19 Jun 2026 09:02:00 +0900",2026-06-19 10:45:59
로봇/자율주행,드론 시장,&quot;배 한 번 지나가는데 100억?&quot;…트럼프 호언장담에도 '올 스톱' 왜? [스프...,"기뢰 제거선(소해함), 수중 드론, 소나(음파탐지기)를 동원해 하나하나 찾아야 하며, 일부 기뢰는... 에너지 시장의 장기 회복: 석유는 3~6개월, LNG는 수년 호르무즈 해협은 세계 에너지 시장의 생명줄입니다.... ",https://news.sbs.co.kr/news/endPage.do?news_id=N1008616717&plink=ORI&cooper=NAVER,https://n.news.naver.com/mnews/article/055/0001365663?sid=104,"Fri, 19 Jun 2026 09:00:00 +0900",2026-06-19 10:45:59
로봇/자율주행,드론 시장,건설 불황을 기회로 바꾸자,"중요한 시장으로 자리 잡을 것이다. 또한 AI와 디지털 전환이 가속화되면서 건설산업 역시 변화의 중심에 서 있다. 이제는 단순한 가격 경쟁만으로는 경쟁력을 확보하기 어렵다. 스마트 건설기술, BIM, 드론 측량, 건설... ",https://www.koscaj.com/news/articleView.html?idxno=324728,https://www.koscaj.com/news/articleView.html?idxno=324728,"Fri, 19 Jun 2026 08:50:00 +0900",2026-06-19 10:45:59
로봇/자율주행,드론 시장,"포천시, 민선 8기 성과 잇는 민선 9기 준비","백영현 포천시장은 &quot;현장을 다니며 시민 일상과 밀접한 생활 불편을 집중적으로 해소하고, 시민의 목소리를... 디지털 창작소는 학교 유휴공간을 활용해 인공지능(AI), 드론, 코딩 등 미래 핵심 기술을 학습하는 공간이다.... ",http://www.enewstoday.co.kr/news/articleView.html?idxno=2440255,http://www.enewstoday.co.kr/news/articleView.html?idxno=2440255,"Fri, 19 Jun 2026 08:45:00 +0900",2026-06-19 10:45:59
게임/엔터,게임 주가,넷마블 '솔: 인챈트' 초반 흥행 매섭다,"신작 흥행에도 주가가 떨어졌다고 할 수도 있겠지만, 당초 게임주는 신작 출시일을 기점으로 큰 폭의 하락세가 일반적이다. 신작 출시일을 고점으로 파악하고 매도에 나서는 투자자들이 많기 때문이다. 하지만 이러한... ",https://www.tgdaily.co.kr/news/articleView.html?idxno=405055,https://www.tgdaily.co.kr/news/articleView.html?idxno=405055,"Fri, 19 Jun 2026 10:34:00 +0900",2026-06-19 10:45:59
게임/엔터,게임 주가,"美항소법원, 오하이오주 'SNS 부모 통지법'은 정당'",16세 미만이 SNS 가입 때 부모 동의 받아야 미국 연방 항소법원이 오하이오주가 추진해온 미성년자... 오하이오주의 '소셜미디어 부모 통지법'은 16세 미만 아동 및 청소년이 소셜미디어와 게임 플랫폼에 가입할 때 서비스... ,https://www.yna.co.kr/view/AKR20260619058500009?input=1195m,https://n.news.naver.com/mnews/article/001/0016147625?sid=101,"Fri, 19 Jun 2026 10:32:00 +0900",2026-06-19 10:45:59
게임/엔터,게임 주가,[특징주] 넥써쓰 '원스토어 인수' 영향으로 -26%대 급락,이는 국내 게임사 넥써쓰가 국산 앱 마켓 원스토어를 인수한 가운데 이날 주가가 급락한 것으로 보인다. 전날 장 마감 후 넥써쓰는 SK스퀘어·네이버·스틸넘버원제일차·크래프톤으로부터 원스토어 주식회사 지분... ,https://www.jeonmae.co.kr/news/articleView.html?idxno=1266769,https://www.jeonmae.co.kr/news/articleView.html?idxno=1266769,"Fri, 19 Jun 2026 10:28:00 +0900",2026-06-19 10:45:59
게임/엔터,게임 주가,'공급 쇼크' 만난 유럽 자립주의… K-인프라·방산 '운명의 2028년' 변곡...,"특히 전년 대비(YoY) 수주 증가율이 둔화하는 시점은 주가의 피크아웃 신호로 작용할 수 있다. 오는 2028년은... 납품하느냐의 게임이다. 투자자 핵심 체크포인트 첫째, 유럽 경쟁사의 리드타임 단축 시점 점검이다.... ",https://www.g-enews.com/view.php?ud=202606190957385567fbbec65dfb_1,https://www.g-enews.com/view.php?ud=202606190957385567fbbec65dfb_1,"Fri, 19 Jun 2026 10:12:00 +0900",2026-06-19 10:45:59
게임/엔터,게임 주가,"[특징주] 넥써쓰, 원스토어 인수에 20%대 급락…대규모 자금조달 부담",이날 주가 급락은 인수 자금 마련을 위한 대규모 유상증자와 전환사채(CB) 발행에 따른 주주가치 희석... 넥써쓰는 인수를 통해 원스토어를 게임 허브 플랫폼으로 발전시킨다는 계획이다. 블록체인 기반 게임... ,https://www.ajunews.com/view/20260619094317551,https://www.ajunews.com/view/20260619094317551,"Fri, 19 Jun 2026 09:46:00 +0900",2026-06-19 10:45:59
게임/엔터,게임 주가,"제이앤티씨, 초박막 유리 기술로 AI 반도체 핵심 공급망 조준",유리 기판 관련주가 19일 차세대 반도체 패키징 기술의 핵심 소재로 부각되면서 주식시장 개장과 함께... 모바일 강화유리 전문기업 제이앤티씨가 차세대 반도체 게임체인저로 꼽히는 '유리 기판' 시장 진출에 속도를 내고... ,https://www.pinpointnews.co.kr/news/articleView.html?idxno=461418,https://www.pinpointnews.co.kr/news/articleView.html?idxno=461418,"Fri, 19 Jun 2026 09:20:00 +0900",2026-06-19 10:45:59
게임/엔터,게임 주가,&quot;고수익의 유혹? 대가도 커&quot;···7억원 잃은 유튜버와 레버리지 경보,"금감원은 단일종목 레버리지 상품의 경우, 분산투자 효과가 사실상 거의 없고 개별 기업의 주가 변동에... 그러나 그 이후로는 국내 게임주와 해외의 급등주, 레버리지 상품 투자의 비중을 빠르게 끌어올리면서, 본래의... ",https://www.smartbizn.com/news/articleView.html?idxno=146542,https://www.smartbizn.com/news/articleView.html?idxno=146542,"Fri, 19 Jun 2026 08:56:00 +0900",2026-06-19 10:45:59
게임/엔터,게임 주가,"넷마블, 1분기 실적 개선…하반기 신작 흥행 여부 '관건'","목표주가 7만5000원을 유지했다. 넷마블은 모바일과 온라인 게임을 개발·서비스하는 게임사로, 최근에는 자체 지식재산권(IP)과 글로벌 시장 공략을 기반으로 신작 출시를 확대하며 실적 반등에 나서고 있다.... ",http://www.newsprime.co.kr/news/article.html?no=737291,http://www.newsprime.co.kr/news/article.html?no=737291,"Fri, 19 Jun 2026 08:46:00 +0900",2026-06-19 10:45:59
게임/엔터,게임 주가,"&quot;엔비디아 아성 깬다&quot;…아마존, AI 가속기 '외부 직접 판매' 반격",한편 아마존은 차세대 게임체인저로 꼽히는 양자컴퓨터의 구체적인 상용화 로드맵도 제시했다.... 이 같은 대전환 소식에 힘입어 18일 뉴욕증시에서 아마존 주가는 전 거래일 대비 2.90%(6.89달러) 오른 244.39달러에 장을... ,https://www.youthdaily.co.kr/news/article.html?no=221250,https://www.youthdaily.co.kr/news/article.html?no=221250,"Fri, 19 Jun 2026 08:46:00 +0900",2026-06-19 10:45:59
게임/엔터,게임 주가,"[핀포인트] [더큐브앤] 방산기업 변신시도, 상폐 리스크 털어낼까",또한 그간 지속적인 주가 하락과 최근 무상감자 결정으로 인해 막대한 손해를 입고 있는 소액주주들의... 바꿔가며 게임 신사업 진출을 도모했으나 준비 과정에서 수포로 돌아갔다. 한때 큰 기대를 모았던 쌍전광산 개발... ,https://news.dealsitetv.com/articles/171990,https://news.dealsitetv.com/articles/171990,"Fri, 19 Jun 2026 08:36:00 +0900",2026-06-19 10:45:59
게임/엔터,게임 주가,누가 버티고 누가 쓰러지나… 메모리 쇼크 시대 PC·모바일 기업 생존 전...,"HP는 다음 분기 주당순이익(EPS) 가이던스를 시장 기대치 밑으로 낮췄고, 실적 발표 당일 주가는 52주... 전후에야 가능할 것이라고 보고 있다. 메모리를 둘러싼 PC·모바일 업계의 생존 게임은 한동안 계속될 가능성이 크다.",https://biz.chosun.com/it-science/ict/2026/06/19/O2FLO6QNTJG3VJ7UYBZSGZFQRA/?utm_source=naver&utm_medium=original&utm_campaign=biz,https://n.news.naver.com/mnews/article/366/0001172820?sid=105,"Fri, 19 Jun 2026 06:01:00 +0900",2026-06-19 10:45:59
게임/엔터,게임 주가,[글로벌 비즈 브리핑] 블룸버그 “삼전·SK하닉·스페이스X는 새로운 밈...,"감마 스퀴즈는 2021년 밈주식 열풍을 이끌었던 AMC와 게임스탑 사례로 주목받았습니다. 당시 개인투자자들이 이들 주식을 대규모로 매수해 주가가 단기간에 급상승했고, 막대한 손실을 보게 된 대형 헤지펀드들이 추가... ",https://biz.sbs.co.kr/article_hub/20000317540?division=NAVER,https://n.news.naver.com/mnews/article/374/0000516976?sid=104,"Fri, 19 Jun 2026 04:31:00 +0900",2026-06-19 10:45:59
게임/엔터,게임 주가,블룸버그 “삼전·SK하닉·스페이스X는 새로운 밈주식”,"감마 스퀴즈는 2021년 밈주식 열풍을 이끌었던 AMC와 게임스탑 사례로 주목받았습니다. 당시 개인투자자들이 이들 주식을 대규모로 매수해 주가가 단기간에 급상승했고, 막대한 손실을 보게 된 대형 헤지펀드들이 추가... ",https://biz.sbs.co.kr/article_hub/20000317535?division=NAVER,https://n.news.naver.com/mnews/article/374/0000516971?sid=104,"Fri, 19 Jun 2026 04:22:00 +0900",2026-06-19 10:45:59
게임/엔터,게임 주가,"BMW 쇼크, 프리미엄 벽 허문 중국發 가격 전쟁의 전말","보도 당일 시장의 우려가 반영되며 BMW 주가는 8.3%, 메르세데스-벤츠는 4.4% 하락했고 테슬라 역시 2.1% 떨어진 396.38달러(약 60만 2800원)로 마감했다. 중국 토종의 역습, ROIC 훼손하는 치킨게임 국내 자동차 업계 관계자는... ",https://www.g-enews.com/view.php?ud=202606181429124849fbbec65dfb_1,https://www.g-enews.com/view.php?ud=202606181429124849fbbec65dfb_1,"Fri, 19 Jun 2026 03:46:00 +0900",2026-06-19 10:45:59
게임/엔터,게임 주가,[데스크칼럼] 캐피탈-버블-리얼리티? 시장은 숫자보다 '공감대'를 산다,"게임용 그래픽카드, 그 이상은 없었다. 하지만, 생성형 인공지능이 산업의 중심으로 떠오르자 시장은 이 회사를 칩 파는 회사가 아니라 AI 시대의 병목을 쥔 핵심 기업으로 보기 시작했다. 실적도 뒤따랐지만, 주가는... ",https://www.wolyo.co.kr/news/articleView.html?idxno=313774,https://www.wolyo.co.kr/news/articleView.html?idxno=313774,"Fri, 19 Jun 2026 02:38:00 +0900",2026-06-19 10:45:59
게임/엔터,게임 주가,"[역사속 오늘·6.19·단오] 수어와 영어 2,000단어 이해한 암컷 고릴라 ...","모든 주가 공휴일로 지정, 2020년 플로이드 사건의 영향으로 2021.6.17 미국 11번째 연방 공휴일로 지정됨1917... 2020 게임 ‘더 라스트 오브 어스’(2013년 올해의 게임상 249번 받음, 2,000만장 판매) 2편 출시2021 브라질... ",http://kor.theasian.asia/archives/406419,http://kor.theasian.asia/archives/406419,"Fri, 19 Jun 2026 00:52:00 +0900",2026-06-19 10:45:59
게임/엔터,엔터테인먼트 산업,나화진에게 '참교육' 당한 빌런들의 반전 과거,구운하이텍고는 산업 분야의 전문가를 양성하기 위한 특성화 고등학교지만 학교의 '통합짱' 장권혁(이태환... 옥진욱은 같은 해 MBC의 트로트 예능 &lt;최애 엔터테인먼트&gt;에 출연하며 트로트 아이돌 '다섯장'의 막내로... ,https://www.ohmynews.com/NWS_Web/View/at_pg.aspx?CNTN_CD=A0003244384&CMPT_CD=P0010&utm_source=naver&utm_medium=newsearch&utm_campaign=naver_news,https://m.entertain.naver.com/article/047/0002519866,"Fri, 19 Jun 2026 10:41:00 +0900",2026-06-19 10:46:00
게임/엔터,엔터테인먼트 산업,"CJ ENM, KISF서 K-예능 글로벌 전략 공유",포맷 산업의 핵심 콘텐츠로 성장한 배경을 공유했다. 김정환 고려대 교수는 “한국은 더 이상 해외... 실제로 엠넷 '커플팰리스'는 2025 베니스 TV 어워즈 라이트 엔터테인먼트 부문 금상을 수상한 최초의 한국... ,https://www.etnews.com/20260619000110,https://n.news.naver.com/mnews/article/030/0003439305?sid=105,"Fri, 19 Jun 2026 10:31:00 +0900",2026-06-19 10:46:00
게임/엔터,엔터테인먼트 산업,"CJ ENM, '코리아국제스트리밍페스티벌' 참가…K콘텐츠 산업 인사이트 제...",콘텐츠 산업의 미래 방향성에 대한 인사이트를 제시했다고 19일 밝혔다. CJ ENM은 이번 행사를 통해... ‘커플팰리스’는 2025 베니스 TV 어워즈 라이트 엔터테인먼트 부문 금상을 수상한 최초의 한국 예능으로... ,https://www.edaily.co.kr/news/newspath.asp?newsid=03581766645483360,https://m.entertain.naver.com/article/018/0006309711,"Fri, 19 Jun 2026 10:29:00 +0900",2026-06-19 10:46:00
게임/엔터,엔터테인먼트 산업,"디캠프-코로프라, K-콘텐츠 스타트업 일본 진출 지원",스토익엔터테인먼트 ▲AI 게임 제작 솔루션 '게임에이아이파이' 개발사 앵커노드 ▲AI 기반 영상 제작... 민경웅 스냅태그 대표는 “일본 기업들과 논의를 진행하며 콘텐츠와 게임 산업 내 IP 보호 솔루션에 대한 현지... ,https://zdnet.co.kr/view/?no=20260619102440,https://n.news.naver.com/mnews/article/092/0002427294?sid=105,"Fri, 19 Jun 2026 10:25:00 +0900",2026-06-19 10:46:00
게임/엔터,엔터테인먼트 산업,"예고된 참사, JTBC 채무불이행 사태의 전말","방송사 한 곳의 재정 위기가 그룹 전체의 존폐 위기로 확산되면서 국내 미디어 산업 전반에 경고음이... 이 밖에 중앙그룹 산하의 여러 엔터테인먼트 독립 법인은 구조적으로 분리된 상태지만, 모기업의 투자 심리가... ",https://www.ohmynews.com/NWS_Web/View/at_pg.aspx?CNTN_CD=A0003244519&CMPT_CD=P0010&utm_source=naver&utm_medium=newsearch&utm_campaign=naver_news,https://m.entertain.naver.com/article/047/0002519865,"Fri, 19 Jun 2026 10:16:00 +0900",2026-06-19 10:46:00
게임/엔터,엔터테인먼트 산업,美 공연계 잔여석 뜻하는 '파란 점' 주의보…BTS는 '무풍지대',"한 엔터테인먼트 업계 관계자는 &quot;방탄소년단의 콘서트는 어려운 시장 환경에서도 단순한 공연을 넘어 사람을 이동시키고, 내수를 진작하고, 산업을 연결하는 글로벌 문화경제 플랫폼으로 진화했다&quot;고 짚었다.",https://www.yna.co.kr/view/AKR20260619054300005?input=1195m,https://n.news.naver.com/mnews/article/001/0016147534?sid=103,"Fri, 19 Jun 2026 10:14:00 +0900",2026-06-19 10:46:00
게임/엔터,엔터테인먼트 산업,"IPARK현대산업개발, ‘파크로쉬 서울원’ 견본주택 개관","IPARK현대산업개발이 서울 노원구 광운대역세권 개발사업지에 들어서는 프리미엄 민간임대주택... 워터가든 내 웰니스 요가존, 호텔식 사우나, 로쉬라운지, 교육·엔터테인먼트 공간 등도 들어선다. 호텔 아이파크의... ",https://www.sedaily.com/article/20057702?ref=naver,https://n.news.naver.com/mnews/article/011/0004632845?sid=101,"Fri, 19 Jun 2026 10:07:00 +0900",2026-06-19 10:46:00
게임/엔터,엔터테인먼트 산업,"한국 콘텐츠, 美 제외 넷플릭스 최다 시청…1년간 121억 시간",마리아 루아 아게테 옴디아 미디어·엔터테인먼트 부문장은 &quot;한국은 미국을 제외하고 전 세계적으로 성공한... 콘텐츠 산업의 경쟁력으로 꼽혔다. 마리아 루아 아게테 부문장은 &quot;초기에는 '오징어 게임'과 같은 일부... ,http://www.press9.kr/news/articleView.html?idxno=78143,http://www.press9.kr/news/articleView.html?idxno=78143,"Fri, 19 Jun 2026 10:04:00 +0900",2026-06-19 10:46:00
게임/엔터,엔터테인먼트 산업,"IPARK현대산업개발, 파크로쉬 서울원 견본주택 오픈·분양일정 개시","우먼타임스 = 송현섭 기자 IPARK현대산업개발은 서울시 노원구 화랑로 일원에 조성하는 '파크로쉬 서울원... 독서와 사색, 일과 휴식이 공존하는 로쉬라운지와 교육·엔터테인먼트 공간도 들어선다. 호텔식 식사와... ",https://www.womentimes.co.kr/news/articleView.html?idxno=103759,https://www.womentimes.co.kr/news/articleView.html?idxno=103759,"Fri, 19 Jun 2026 10:04:00 +0900",2026-06-19 10:46:00
게임/엔터,엔터테인먼트 산업,[김성주 더봄] 장미는 왜 가시를 품고 피는가,동떨어진 산업을 마구 벌이기보다 가진 뿌리에서 가지를 쳐 나가는 지역이 강하다. 사과 산지라면 사과주스... com 김성주 슬로우빌리지 대표 한양대학교와 동 대학원에서 관광과 엔터테인먼트를 전공했다.... ,https://www.womaneconomy.co.kr/news/articleView.html?idxno=255209,https://www.womaneconomy.co.kr/news/articleView.html?idxno=255209,"Fri, 19 Jun 2026 10:00:00 +0900",2026-06-19 10:46:00
게임/엔터,엔터테인먼트 산업,[NDC26] 게임산업의 지금을 짚는 세 개의 시선,"연결의 시대, 무엇이 달라졌나 — 시성비 전쟁 차우진(모더레이터): 저는 게임 업계에 가까운 사람이라기보다 K-POP을 비롯한 음악 기반 엔터테인먼트 산업을 보는 입장입니다. 솔직히 게임은 잘 모릅니다. 보스 깨는 걸... ",https://www.inven.co.kr/webzine/news/?news=317579,https://m.sports.naver.com/esports/article/442/0000193560,"Fri, 19 Jun 2026 09:57:00 +0900",2026-06-19 10:46:00
게임/엔터,엔터테인먼트 산업,"IPARK현대산업개발, '파크로쉬 서울원' 견본주택 공개… 분양 돌입","IPARK현대산업개발이 19일 '파크로쉬 서울원'의 견본주택을 열고, 본격적인 분양에 돌입했다. 파크로쉬... 독서와 사색, 일과 휴식이 공존하는 로쉬라운지와 교육, 엔터테인먼트 공간도 들어선다. 이 밖에도 호텔식... ",https://www.financialpost.co.kr/news/articleView.html?idxno=263199,https://www.financialpost.co.kr/news/articleView.html?idxno=263199,"Fri, 19 Jun 2026 09:54:00 +0900",2026-06-19 10:46:00
게임/엔터,엔터테인먼트 산업,"&quot;K-콘텐츠, 이제는 글로벌 선도&quot;…CJ ENM, KISF서 성장 전략 공개","K-콘텐츠 산업의 미래 방향성과 글로벌 확장 비전을 제시했다고 19일 밝혔다. 이번 행사에는 콘텐츠... '커플팰리스'는 2025 베니스 TV 어워즈 라이트 엔터테인먼트 부문 금상을 수상한 최초의 한국 예능으로, 최근 유럽... ",https://www.mt.co.kr/tech/2026/06/19/2026061909413511734,https://n.news.naver.com/mnews/article/008/0005374297?sid=105,"Fri, 19 Jun 2026 09:51:00 +0900",2026-06-19 10:46:00
게임/엔터,엔터테인먼트 산업,"IPARK현산, 노원에 '파크로쉬 서울원' 분양···768가구 민간임대 공급","IPARK현대산업개발은 19일 '파크로쉬 서울원' 견본주택을 열고 분양에 나선다고 밝혔다. 단지는 노원구 일대... 워터가든과 요가 공간, 호텔식 사우나, 독서와 업무를 위한 라운지, 교육·엔터테인먼트 공간도 마련할... ",https://www.ziksir.com/news/articleView.html?idxno=137422,https://www.ziksir.com/news/articleView.html?idxno=137422,"Fri, 19 Jun 2026 09:46:00 +0900",2026-06-19 10:46:00
게임/엔터,엔터테인먼트 산업,"디캠프-코로프라, K-콘텐츠 스타트업 11개사...도쿄 오픈이노베이션 참...","스토익엔터테인먼트, AI 게임 제작 솔루션 '게임에이아이파이(GameAIfy)'를 개발한 앵커노드, AI 기반 영상... 스냅태그 민경웅 대표는 &quot;일본 기업들과 논의를 진행하며 콘텐츠와 게임 산업 내 IP 보호 솔루션에 대한 현지... ",https://platum.kr/archives/289311,https://platum.kr/archives/289311,"Fri, 19 Jun 2026 09:42:00 +0900",2026-06-19 10:46:00
게임/엔터,엔터테인먼트 산업,"‘퀘스트형 걸그룹' 천사XO녀, 7월16일 첫 프리 데뷔 공연","딥스튜디오는 천사XO녀 프로젝트를 통해 AI 기반 엔터테인먼트의 가능성을 본격적으로 확장할 계획이다. 공연 이후에도 다양한 퀘스트와 인터랙티브 콘텐츠가 이어질 예정이며, 이러한 시도는 K팝 산업 내 새로운... ",https://www.sportsworldi.com/newsView/20260619504714,https://m.entertain.naver.com/article/396/0000747290,"Fri, 19 Jun 2026 09:31:00 +0900",2026-06-19 10:46:00
게임/엔터,엔터테인먼트 산업,"[칼럼] 에픽게임즈, '언리얼 엔진 6'로 드러난 게임 산업의 미래","이는 게임 업계, 나아가 게임 엔터테인먼트의 미래를 가늠하는 데 있어 중요한 분기점이 될 한 수다. 그... ■ 새로운 게임 엔터테인먼트 시대를 주도할 언리얼 엔진 6의 포석 로블록스는 젊은 층을 중심으로 한... ",https://www.gamevu.co.kr/news/articleView.html?idxno=58697,https://www.gamevu.co.kr/news/articleView.html?idxno=58697,"Fri, 19 Jun 2026 09:22:00 +0900",2026-06-19 10:46:00
게임/엔터,엔터테인먼트 산업,이현재 시장 &quot;5대 핵심과제 완수로 수도권 최고의 도시 도약&quot;,하남시는 한강 수변 생태자원을 기반으로 한 국가정원과 대규모 문화·엔터테인먼트 시설인 K-스타월드를... IT·문화콘텐츠 산업시설 등이 집적된 K-컬처 복합 콤플렉스를 조성할 계획이다. 시는 올해 하반기 국가정원... ,https://www.newsfreezone.co.kr/news/articleView.html?idxno=695326,https://www.newsfreezone.co.kr/news/articleView.html?idxno=695326,"Fri, 19 Jun 2026 09:20:00 +0900",2026-06-19 10:46:00
게임/엔터,콘텐츠 수출,제약회사에서 대표 K더마로 변신한 센텔리안24 [글로벌 K뷰티 콘퍼런스...,"K뷰티 수출이 제품력만으로 이뤄지지 않는 만큼, 유통·마케팅·물류 파트너와 접점 확대도 중요한 과제로... 맞춘 콘텐츠와 유통 전략을 짜는 일이 중요해지고 있다. 센텔리안24 역시 타임리버스 크림이라는 대표 제품과... ",https://www.mk.co.kr/article/12078288,https://n.news.naver.com/mnews/article/024/0000106332?sid=101,"Fri, 19 Jun 2026 10:44:00 +0900",2026-06-19 10:46:01
게임/엔터,콘텐츠 수출,"프랑스 화장품 수출 73% 급증…K-소비재, 유럽 시장 공략 가속","유럽은 중국, 미국에 이은 한국의 3대 수출 시장으로, 최근 한류 확산과 함께 K-소비재 수요가 꾸준히... 한식 콘테스트와 요리 교실, 전통놀이 체험 등 다양한 한국 문화 콘텐츠가 운영됐으며, 가수 겸 배우 진영(GOT7... ",https://www.thebk.co.kr/news/articleView.html?idxno=310158,https://www.thebk.co.kr/news/articleView.html?idxno=310158,"Fri, 19 Jun 2026 10:32:00 +0900",2026-06-19 10:46:01
게임/엔터,콘텐츠 수출,"aT, 'K-스낵 체험행사' 운영... 시애틀서 한국 과자 매력 소개",전기찬 aT 수출식품이사는 &quot;이번 행사를 통해 K-스낵이 단순한 간식을 넘어 현지 소비자가 자신의 취향을 발견하고 공유하는 문화 콘텐츠로 자리 잡아가고 있음을 확인했다&quot;며 &quot;앞으로도 스포츠와 문화 이벤트를 적극... ,http://www.newsworker.co.kr/news/articleView.html?idxno=432120,http://www.newsworker.co.kr/news/articleView.html?idxno=432120,"Fri, 19 Jun 2026 10:30:00 +0900",2026-06-19 10:46:01
게임/엔터,콘텐츠 수출,"해양수산부, 수요자 맞춤형 마리나 활성화 방안 수립",통해 수출 경쟁력도 높인다. 마리나를 더욱 친숙하게 느낄 수 있도록 가칭 '가고 싶은 마리나'를 선정해 홍보하는 등 대중화도 추진한다. 섬과 어촌을 잇는 마리나 관광 콘텐츠를 개발하고 지역 문화와 해양레저를 접목해... ,https://www.nocutnews.co.kr/news/6535566?utm_source=naver&utm_medium=article&utm_campaign=20260619102837,https://n.news.naver.com/mnews/article/079/0004159630?sid=102,"Fri, 19 Jun 2026 10:29:00 +0900",2026-06-19 10:46:01
게임/엔터,콘텐츠 수출,"뷰스컴퍼니 “뷰티 성패, 콘텐츠가 가른다” [글로벌 K뷰티 콘퍼런스]","아니라 콘텐츠를 수출한다: 데이터로 증명하는 해외 플랫폼 위, 한국 콘텐츠의 경쟁력’을 주제로 강연했다. 박 대표는 “제품을 해외에 보내는 것만으로는 부족하다”며 “소비자가 제품을 발견하고, 이해하고... ",https://www.mk.co.kr/article/12078264,https://n.news.naver.com/mnews/article/024/0000106327?sid=101,"Fri, 19 Jun 2026 10:26:00 +0900",2026-06-19 10:46:01
게임/엔터,콘텐츠 수출,"하이트진로, 시애틀 '한국문화축제' 축구대표팀 응원…K-소주 알린다","K-팝과 국악, 한복 패션쇼, K-뷰티, 한식 체험 등 다양한 콘텐츠를 체험할 수 있는 축제로, 한국과 멕시코의... 한편, 하이트진로의 미국 소주 수출액은 2020년부터 지난해까지 연평균 28% 성장하고 있다. 지난해는 창립... ",https://www.newsworks.co.kr/news/articleView.html?idxno=844413,https://www.newsworks.co.kr/news/articleView.html?idxno=844413,"Fri, 19 Jun 2026 10:04:00 +0900",2026-06-19 10:46:01
게임/엔터,콘텐츠 수출,"정부, 마리나산업 육성 본격화…계류시설 확충·민간투자 확대","서비스 콘텐츠와 수익모델은 부족한 상황이다. 이에 정부는 계류시설의 운영 현황을 체계적으로 관리하기... 정부는 산업 집적화를 통해 국내 경쟁력 강화와 수출 확대, 지역경제 활성화, 일자리 창출 효과를 기대하고... ",https://www.shinailbo.co.kr/news/articleView.html?idxno=5032214,https://www.shinailbo.co.kr/news/articleView.html?idxno=5032214,"Fri, 19 Jun 2026 10:02:00 +0900",2026-06-19 10:46:01
게임/엔터,콘텐츠 수출,"파리 한복판에 펼쳐진 K-소비재 쇼케이스…185개 기업, 유럽 바이어와 ...",유럽은 미국과 중국에 이어 한국의 3대 수출시장으로 꼽힌다. 최근 K-콘텐츠 확산과 함께 화장품과 식품 등 소비재 수요가 꾸준히 증가하면서 국내 기업들의... ,https://www.venturesquare.net/1092152/,https://www.venturesquare.net/1092152/,"Fri, 19 Jun 2026 10:00:00 +0900",2026-06-19 10:46:01
게임/엔터,콘텐츠 수출,아자뉴스바이트 20260619,"소팔 차이, 캄보디아뉴스, 캄보디아캄보디아산 두리안 약 1,000톤이 중국 시장에 공식 수출됐다.... ⓒ THE AsiaN | All rights reserved이 콘텐츠는 아시아엔의 고유 저작물로 저작권의 보호를 받습니다. 공유를 원하실 경우... ",http://kor.theasian.asia/archives/407690,http://kor.theasian.asia/archives/407690,"Fri, 19 Jun 2026 09:52:00 +0900",2026-06-19 10:46:01
게임/엔터,콘텐츠 수출,[정치家] 구윤철 부총리 ⑨ㅣ AI·녹색·지역균형 성장 강조…민생 안정...,"단기적으로는 메모리반도체, 조선, 방산, 콘텐츠 산업이 성장 동력이 될 것이라고 말했다. 정부는 내년... 그는 수출 최대 실적과 코스피 상승 등 경제 성장의 온기가 사회 전반에 충분히 전달되지 못하고 있다고 평가하고... ",https://www.cbci.co.kr/news/articleView.html?idxno=583049,https://www.cbci.co.kr/news/articleView.html?idxno=583049,"Fri, 19 Jun 2026 09:36:00 +0900",2026-06-19 10:46:01
게임/엔터,콘텐츠 수출,구윤철 “포스트 중동 경제정책 시동…재건 수요 선점 나선다”,"중동 인프라 협력 실무 TF는 재경부 2차관 주재로 관계부처와 한국수출입은행, 산업은행, 무역보험공사... K-콘텐츠 협력 등 호혜적 시장 개방을 추진하겠다”고 밝혔다. 미국 무역법 301조 조사 결과와 관련해서는 우리... ",https://www.dailian.co.kr/news/view/1657601/?sc=Naver,https://n.news.naver.com/mnews/article/119/0003102581?sid=101,"Fri, 19 Jun 2026 09:23:00 +0900",2026-06-19 10:46:01
게임/엔터,콘텐츠 수출,"유럽선 흔한데 한국선 낯선 요트 문화 … 정부, 마리나 산업 키운다",지역 축제와 문화 콘텐츠를 접목한 관광 프로그램도 확대해 지역경제 활성화와 연계한다는 방침이다. 이와 함께 정부는 해외 요트 박람회에 한국관을 설치하고 국내 기업의 참가를 지원하는 등 선박·장비 수출 확대에도... ,https://biz.newdaily.co.kr/site/data/html/2026/06/19/2026061900046.html,https://biz.newdaily.co.kr/site/data/html/2026/06/19/2026061900046.html,"Fri, 19 Jun 2026 09:16:00 +0900",2026-06-19 10:46:01
게임/엔터,콘텐츠 수출,"[F&amp;B핫이슈] 농심, 런던 신라면 부스 운영·빕스, '생망고 페스티벌' 外","관련 디지털 콘텐츠 조회수는 900만 회를 넘었고, 행사 기간 방문객 수는 전년 동기 대비 약 33% 증가했다.... 입출고, 스티커 작업, 피킹 등 물류 전 과정에 맞춘 설계를 적용했으며, 증가하는 수출 물량에 신속하고... ",https://www.slist.kr/news/articleView.html?idxno=746272,https://www.slist.kr/news/articleView.html?idxno=746272,"Fri, 19 Jun 2026 09:10:00 +0900",2026-06-19 10:46:01
게임/엔터,콘텐츠 수출,마리나 이용객 200만 시대 향해…산업 종합대책 가동,"섬과 어촌을 연계한 해양관광 콘텐츠도 확대할 예정이다. 해수부는 이번 대책을 통해 마리나 이용객을 지난해 160만명 수준에서 2030년 210만명으로 늘리고, 마리나 선박·장비 수출 규모도 1600만달러에서 3200만달러로... ",https://view.asiae.co.kr/article/2026061908595222677,https://n.news.naver.com/mnews/article/277/0005778564?sid=101,"Fri, 19 Jun 2026 08:59:00 +0900",2026-06-19 10:46:01
게임/엔터,콘텐츠 수출,구윤철 &quot;'포스트 중동' 대외경제정책 본격화…인프라TF 가동&quot;,"중동 인프라 협력 실무 TF는 재경부 2차관을 주재로 관계부처 1급, 한국수출입은행, 산업은행, 무역보험공사... K-콘텐츠 협력 등 호혜적 시장 개방을 추진하겠다&quot;고 했다. 미국 정부의 무역법 301조 조사와 관련해서는... ",https://news.einfomax.co.kr/news/articleView.html?idxno=4420834,https://news.einfomax.co.kr/news/articleView.html?idxno=4420834,"Fri, 19 Jun 2026 08:58:00 +0900",2026-06-19 10:46:01
게임/엔터,콘텐츠 수출,"구윤철 &quot;포스트 중동, 새 도전이자 기회…핵심프로젝트 발굴해 선점&quot;",해당 TF는 재경부 2차관이 주재하며 관계부처 1급과 수출입은행·산업은행·무역보험공사... K-콘텐츠 협력 등 호혜적 시장 개방을 추진하겠다&quot;고 말했다. 정부는 몽골과의 포괄적경제동반자협정(CEPA) 협상 재개 계획도... ,https://www.news1.kr/economy/trend/6202120,https://n.news.naver.com/mnews/article/421/0009012143?sid=101,"Fri, 19 Jun 2026 08:58:00 +0900",2026-06-19 10:46:01
게임/엔터,콘텐츠 수출,"해수부, 체험형 마리나 관광 확대…해양레저·지역경제 활성화 추진",해수부는 해외 주요 요트 박람회에 한국관을 운영하고 국내 기업 참가를 확대해 마리나 선박과 장비 수출을... 단순 유람 중심 상품에서 벗어나 체류형·체험형 관광상품을 확대하고 지역 축제와 문화자원을 연계한 콘텐츠... ,https://www.dailian.co.kr/news/view/1657578/?sc=Naver,https://n.news.naver.com/mnews/article/119/0003102562?sid=101,"Fri, 19 Jun 2026 08:49:00 +0900",2026-06-19 10:46:01
게임/엔터,콘텐츠 수출,"[주목 e-역사] '말산업', 경마 중심→6차 복합산업으로…&quot;100년 이끈 韓마...","경마 도입 100주년을 맞은 2022년에는 K-경마 실황 수출이 전 세계 23개국, 누적 매출 5,000억 원을 돌파하며 수출 효자 콘텐츠로 자리매김했다. 2024년에는 오랜 숙원이었던 전자마권(온라인 마권) 발매가 정식 운영되며... ",http://www.economytalk.kr/news/articleView.html?idxno=422055,http://www.economytalk.kr/news/articleView.html?idxno=422055,"Fri, 19 Jun 2026 08:48:00 +0900",2026-06-19 10:46:01
자동차/모빌리티,자동차 주가,"“지금 하이닉스 없는 자, 모두 유죄” 최태원 손 왜 안 잡았나…‘밈’...","이는 주가가 급등하는 상황에서 기업 실적이나 밸류에이션보다 상승 흐름 자체를 믿고 투자하라는... 당시에는 최 회장뿐 아니라 이재용 삼성전자 회장, 정의선 현대자동차그룹 회장 등도 주인공이 됐다. 이에... ",https://www.seoul.co.kr/news/economy/finance/2026/06/19/20260619500061?wlog_tag3=naver,https://n.news.naver.com/mnews/article/081/0003654091?sid=101,"Fri, 19 Jun 2026 10:40:00 +0900",2026-06-19 10:46:02
자동차/모빌리티,자동차 주가,"삼성전기, MLCC와 패키징 기판 수급 호조로 목표주가 300만원 상향","목표주가가 현 주가를 웃도는 수준으로 제시된 것은 단순한 실적 회복을 넘어 업황 자체의 체질 개선 가능성까지 반영한 결과로 볼 수 있다. 이 같은 흐름은 인공지능 서버, 전장(자동차 전자장치), 고사양 모바일 기기... ",https://www.tokenpost.kr/news/market/370965,https://www.tokenpost.kr/news/market/370965,"Fri, 19 Jun 2026 10:24:00 +0900",2026-06-19 10:46:02
자동차/모빌리티,자동차 주가,"[특징주] 현대차, 주가 상승기류 탑승…보스턴다이내믹스 지분 100% 확보...",|중앙이코노미뉴스 김수현 기자|현대자동차그룹이 소프트뱅크가 보유한 보스턴다이내믹스의 지분을 인수해 완전 자회사로 만들 것이란 소식에 현대차의 주가가 상승 중이다. [현대차 ci] 현대자동차그룹이... ,https://www.joongangenews.com/news/articleView.html?idxno=526944,https://www.joongangenews.com/news/articleView.html?idxno=526944,"Fri, 19 Jun 2026 10:12:00 +0900",2026-06-19 10:46:02
자동차/모빌리티,자동차 주가,"&quot;SK하이닉스 없는 자, 모두 유죄&quot;… 코스피 9000에 터진 최태원 밈","코스피가 사상 처음 ‘9000선’을 돌파한 가운데, 주가 상승을 견인한 SK하이닉스와 관련한 밈(Meme, 온라인... 당시 SNS에는 최 회장을 비롯해 이재용 삼성전자 회장, 정의선 현대자동차그룹 회장 등을 주인공으로 한... ",https://www.edaily.co.kr/news/newspath.asp?newsid=03480086645483360,https://n.news.naver.com/mnews/article/018/0006309685?sid=101,"Fri, 19 Jun 2026 10:06:00 +0900",2026-06-19 10:46:02
자동차/모빌리티,자동차 주가,"테슬라 주가, 400.49달러 1.04% 상승 마감","테슬라의 시가총액은 1조 5,041억 달러로, 한화 약 2,314조 2,542억 원 규모이며, 자동차 및 트럭 제조 업종에 속한다. 테슬라의 주가는 52주 최고가인 498.83달러 대비 낮은 수준에 있으며, 52주 최저가인 288.... ",https://www.topstarnews.net/news/articleView.html?idxno=16101440,https://www.topstarnews.net/news/articleView.html?idxno=16101440,"Fri, 19 Jun 2026 09:46:00 +0900",2026-06-19 10:46:02
자동차/모빌리티,자동차 주가,"코스피, 장중 9300선 돌파…삼성전자·SK하이닉스 쌍끌이에 사상 최고치...","이와 함께 인텍플러스(15.14%), 티엘엔지니어링(14.72%), 지아이에스(9.29%), 피에스케이(8.19%), 브이엠(7.65%), 제주반도체(3.77%), 원익IPS(2.10%) 등 반도체 장비·소재주가 동반 강세를 나타내고 있다. 반면 자동차와... ",https://www.pinpointnews.co.kr/news/articleView.html?idxno=461428,https://www.pinpointnews.co.kr/news/articleView.html?idxno=461428,"Fri, 19 Jun 2026 09:36:00 +0900",2026-06-19 10:46:02
자동차/모빌리티,자동차 주가,"&quot;삼성화재, 계리적 가정 보수화에도 본업 하방 제한적&quot;&lt;상상인證&gt;","상상인증권은 삼성화재에 대해 투자의견 매수를 유지하고 목표주가를 기존 60만원에서 80만원으로... 다만 1분기와 마찬가지로 일반보험에서 가시화된 대형 손실 요인은 아직 관측되지 않고 있고, 자동차보험도... ",https://www.news2day.co.kr/article/20260619500041,https://www.news2day.co.kr/article/20260619500041,"Fri, 19 Jun 2026 09:30:00 +0900",2026-06-19 10:46:02
자동차/모빌리티,자동차 주가,"&quot;없어서 못 판다&quot;... 삼성전기 고부가 MLCC, AI 서버 타고 대박 터졌다","인공지능(AI) 서버와 고성능 반도체, 전장(자동차 전자장비) 시장 확대에 따라 고부가 MLCC 수요가 증가할... 단순한 단기 주가 흐름보다 AI 서버용 고용량 MLCC와 전장용 고신뢰성 부품 시장에서 경쟁력을 확보한 기업을... ",https://www.pinpointnews.co.kr/news/articleView.html?idxno=461411,https://www.pinpointnews.co.kr/news/articleView.html?idxno=461411,"Fri, 19 Jun 2026 09:12:00 +0900",2026-06-19 10:46:02
자동차/모빌리티,자동차 주가,"[속보] 코스피, 225p 폭등하며 9288.89...SK하이닉스 주가 '폭등'",최근 약세를 보였던 자동차와 배터리 대형주도 반등을 시도하고 있다. 현대차는 전날보다 5000원(0.83... 반면 시가총액 상위권 중 중공업 주가는 다소 밀리는 흐름이다. HD현대중공업은 전 거래일 대비 1만... ,https://www.gukjenews.com/news/articleView.html?idxno=3612533,https://www.gukjenews.com/news/articleView.html?idxno=3612533,"Fri, 19 Jun 2026 09:06:00 +0900",2026-06-19 10:46:02
자동차/모빌리티,자동차 주가,"상상인證 “삼성화재, 실적 변동성보다 주주환원 확대 주목해야…목표...",상상인증권은 삼성화재에 대해 단기 실적 변동성보다 주주환원 확대에 주목해야 한다며 목표주가를 기존... 있고 자동차보험도 유사한 흐름을 보일 것으로 예상된다”고 밝혔다. 이어 “2분기 실적의 핵심 변수는... ,https://biz.chosun.com/stock/stock_general/2026/06/19/WTA7WXDI4JGT5P2V2VVZGFELVE/?utm_source=naver&utm_medium=original&utm_campaign=biz,https://n.news.naver.com/mnews/article/366/0001172851?sid=101,"Fri, 19 Jun 2026 08:52:00 +0900",2026-06-19 10:46:02
자동차/모빌리티,자동차 주가,'PF 의존' 돈길 바뀌나…증권가 5000억 끌어낸 '이한우標 원전',"현대자동차그룹 편입 이후 첫 CB 발행으로, NH투자증권이 2000억원, 한국투자증권과 키움증권이 각각... 전환가액은 주당 15만607원으로 기준주가 대비 15%, 발행 결정 직전 종가 대비 약 23% 높은 수준에서 결정됐다. 뿐만... ",https://www.apnews.kr/news/articleView.html?idxno=3049177,https://www.apnews.kr/news/articleView.html?idxno=3049177,"Fri, 19 Jun 2026 08:30:00 +0900",2026-06-19 10:46:02
자동차/모빌리티,자동차 주가,"삼성화재, 실적 변동성보다 환원 가시성 주목…목표가 80만원↑-상상인",투자의견은 ‘매수(Buy)’를 유지하고 목표주가는 80만원으로 상향했다. 19일 김현수 상상인증권 연구원은... 다만 일반보험 부문에서 대형 손실 요인이 아직 관측되지 않고 있고 자동차보험도 2분기까지는 1분기와... ,https://www.edaily.co.kr/news/newspath.asp?newsid=02955286645483360,https://n.news.naver.com/mnews/article/018/0006309553?sid=101,"Fri, 19 Jun 2026 08:23:00 +0900",2026-06-19 10:46:02
자동차/모빌리티,전기차 산업,'반도체에 밀렸다'…삼전·하닉 아래 비트코인,삼성전자는 전기차 업체 테슬라와 빅테크 기업 메타를 웃도는 시가총액을 유지하며 글로벌 자산... 업계에서는 당분간 AI 산업으로 자금이 집중되는 흐름이 이어질 경우 비트코인이 상대적으로 소외될 수 있다는... ,https://www.dailian.co.kr/news/view/1657658/?sc=Naver,https://n.news.naver.com/mnews/article/119/0003102642?sid=101,"Fri, 19 Jun 2026 10:24:00 +0900",2026-06-19 10:46:02
자동차/모빌리티,전기차 산업,"'K-에너지의 미래 한눈에'… 대한민국 전기산업엑스포, 24일 대구 엑스코...",대한민국 전력 및 에너지 산업의 패러다임 변화를 한눈에 확인할 수 있는 '2026 대한민국 전기산업엑스포... 5홀에서는 전기차 충전 인프라 전문 전시회인 '배터리 차징쇼'가 동시에 개최된다. 전력 생산과 송·배전을... ,https://www.electimes.com/news/articleView.html?idxno=369300,https://www.electimes.com/news/articleView.html?idxno=369300,"Fri, 19 Jun 2026 10:02:00 +0900",2026-06-19 10:46:02
자동차/모빌리티,전기차 산업,국산차 판매량 앞선 '테슬라' 비결은?...돌풍 계속될까 [모터그램],"세 번째 요인은 전기차 시장의 성장세다. 산업통상부에 따르면 2026년 5월 국내 전기차 내수 판매는 3만5,416대로 전년 동월 대비 65.4% 증가했다. 전체 내수 판매는 감소했지만 전기차 수요는 오히려 늘어난 셈이다. 테슬라... ",http://www.sisunnews.co.kr/news/articleView.html?idxno=240777,http://www.sisunnews.co.kr/news/articleView.html?idxno=240777,"Fri, 19 Jun 2026 10:00:00 +0900",2026-06-19 10:46:02
자동차/모빌리티,전기차 산업,"[ESG포커스] 기아, 친환경 모빌리티로 글로벌 ESG 리더십 구축",△전기차(EV) 중심의 비즈니스 구조 전환을 바탕으로 한 환경(E) 부문의 성과 △사람 중심의 포용 문화를... 기아는 아시아 지역 자동차 산업군 중 기관 투자자들이 뽑은 '베스트 ESG 프로그램' 상위권에 이름을 올리며... ,http://www.hansbiz.co.kr/news/articleView.html?idxno=845218,http://www.hansbiz.co.kr/news/articleView.html?idxno=845218,"Fri, 19 Jun 2026 09:52:00 +0900",2026-06-19 10:46:02
자동차/모빌리티,전기차 산업,이란 전쟁의 최종 승자는 전기차(EV) '에너지 대변환',중국 전기차 제조업체들의 5월 판매량은 작년 같은 기간보다 12% 증가하며 국내 전기차 시장의 둔화를 반전시켰다. 중국자동차산업협회는 이란 전쟁으로 인한 유가 상승이 판매량 반등의 원인이라고 분석했다. 중국산... ,http://www.newstown.co.kr/news/articleView.html?idxno=706694,http://www.newstown.co.kr/news/articleView.html?idxno=706694,"Fri, 19 Jun 2026 09:50:00 +0900",2026-06-19 10:46:02
자동차/모빌리티,전기차 산업,"현대제철, HMG퓨처콤플렉스 참여…5164억 투입해 연구 생태계 합류","실제로 회사에 따르면 현대제철의 기술연구소는 모빌리티 산업 구조 변화에 대응해 그룹의 미래 전략을 구체화하고 있으며, 구동모터용 연자성 분말, 수소전기차용 분리판 등 전기차·수소전기차 핵심 소재를 개발을... ",http://www.wikileaks-kr.org/news/articleView.html?idxno=188787,http://www.wikileaks-kr.org/news/articleView.html?idxno=188787,"Fri, 19 Jun 2026 09:48:00 +0900",2026-06-19 10:46:02
자동차/모빌리티,모빌리티 시장,"금호타이어, 독일 ‘더 타이어 쾰른 2026’ 참가…유럽 공략 박차",정일택 사장은 &quot;이번 전시는 금호타이어의 기술력과 브랜드 가치를 글로벌 시장에 다시 한번 알리는 자리였다&quot;라며 &quot;지속 가능한 미래 모빌리티 파트너로서 혁신 기술 개발과 고객 가치 창출에 최선을 다하겠다&quot;라고... ,https://www.betanews.net/article/view/beta202606190053,https://www.betanews.net/article/view/beta202606190053,"Fri, 19 Jun 2026 10:36:00 +0900",2026-06-19 10:46:03
자동차/모빌리티,모빌리티 시장,"프롤로지움, 엘리시안과 배터리 항공 분야 MOU","항공 모빌리티의 초석을 다지겠다&quot;고 말했다. 한편, 2006년 설립된 프롤로지움은 차세대 고체 배터리... 테크놀로지(ProLogium Technology·티커 PRLG)'라는 사명으로 미국 나스닥 시장 상장을 앞두고 있다.",https://www.widedaily.com/news/articleView.html?idxno=296056,https://www.widedaily.com/news/articleView.html?idxno=296056,"Fri, 19 Jun 2026 10:30:00 +0900",2026-06-19 10:46:03
자동차/모빌리티,모빌리티 시장,[김대호 진단] 돈의 질서 ⑤ 똘똘한 한 채 &quot;재테크 양극화&quot;...기획시리즈...,"그것은 바로 자산 시장의 극단적인 차별화, 즉 재테크 양극화 현상이다. 시장 전체에 유동성이 넘쳐나므로... 바로 반도체, 인공지능, 첨단 모빌리티 등 미래 기술의 안보화와 글로벌 초격차 유지이다.정부의 정책적 예산과... ",https://www.g-enews.com/view.php?ud=202606181348332646906806b77b_1,https://www.g-enews.com/view.php?ud=202606181348332646906806b77b_1,"Fri, 19 Jun 2026 10:30:00 +0900",2026-06-19 10:46:03
자동차/모빌리티,모빌리티 시장,"AICA, 빅테크·스타트업 잇는 AI 협력 플랫폼 구축","MS, 삼성SDS, 현대자동차 등 7개 기업은 AX(AI 전환), 모빌리티 AI, 스마트시티 등 분야의 기술 수요를... 셀렉트스타 황민영 부대표는 AI 신뢰성 검증 시장과 글로벌 확장 전략을 소개했고, 엘리스그룹 전현욱 이사는... ",https://view.asiae.co.kr/article/2026061910031176797,https://n.news.naver.com/mnews/article/277/0005778700?sid=102,"Fri, 19 Jun 2026 10:25:00 +0900",2026-06-19 10:46:03
자동차/모빌리티,모빌리티 시장,"[코스피] 고공행진, &quot;반도체 성과급 잔치→서울·경기 집값 급등 작용?&quot;","반면에 신규 수요를 필요로 하는 부동산 시장 유입 자금은 넘쳐나기 시작한 것으로 보인다. 증시가 과열... 반도체, 모빌리티, 조선산업 등 전문가들은 영업이익의 N% 성과급이 세계적 유례가 없고 사회적 합의도 없이... ",http://www.economytalk.kr/news/articleView.html?idxno=422070,http://www.economytalk.kr/news/articleView.html?idxno=422070,"Fri, 19 Jun 2026 10:24:00 +0900",2026-06-19 10:46:03
자동차/모빌리티,모빌리티 시장,"이브이첨단소재, &quot;투자사 프롤로지움, 네덜란드 엘리시안과 MOU 체결&quot;","항공 모빌리티의 초석을 다지겠다&quot;고 말했다. 롭 볼레스뷘컬(Rob Wolleswinkel) 엘리시안 공동 CEO 겸 CTO는... 체결하고, 올해 하반기 '프롤로지움 테크놀로지(티커 PRLG)'라는 사명으로 미국 나스닥 시장 상장을 앞두고 있다.",https://daily.hankooki.com/news/articleView.html?idxno=1378080,https://daily.hankooki.com/news/articleView.html?idxno=1378080,"Fri, 19 Jun 2026 10:24:00 +0900",2026-06-19 10:46:03
자동차/모빌리티,모빌리티 시장,직원 78명인데 시총 244조…SK그룹서 하닉 제치고 '연봉 1위' 이곳,"SK스퀘어의 시총은 지난 4월 이후로 보통주 기준 유가증권시장에서 삼성전자, SK하이닉스 이어 시총... 그밖에 드림어스컴퍼니, 원스토어, 코리아시큐리티홀딩스, 티맵모빌리티, SK플래닛, 콘텐츠웨이브 등으로... ",https://realty.chosun.com/site/data/html_dir/2026/06/19/2026061901114.html,https://realty.chosun.com/site/data/html_dir/2026/06/19/2026061901114.html,"Fri, 19 Jun 2026 10:20:00 +0900",2026-06-19 10:46:03
자동차/모빌리티,모빌리티 시장,"[특징주] SK스퀘어, &quot;SK하이닉스 신고가 랠리·ADR 기대감&quot;에 지주사 가...","SK스퀘어(402340)의 주가가 연일 급등하며 시장의 주목을 받고 있다. 19일 한국거래소에 따르면 SK스퀘어의... 회사는 투자·모빌리티·플랫폼·커머스 등 4개 부문을 중심으로 사업을 전개하고 있으며, 11번가와... ",https://www.widedaily.com/news/articleView.html?idxno=296043,https://www.widedaily.com/news/articleView.html?idxno=296043,"Fri, 19 Jun 2026 10:16:00 +0900",2026-06-19 10:46:03
자동차/모빌리티,모빌리티 시장,"김준식 대동 회장 등 임원진, 자사주 15.3억 장내 매입",대동모빌리티 부사장 등 계열사 경영진이 참여했다. 대동은 이번 자사주 매입이 회사의 중장기 성장 전략과... 부족 문제 해결에 기여하고 미래 사업 경쟁력 강화와 글로벌 시장 확대를 추진해 나가겠다”고 말했다.,https://www.sedaily.com/article/20057706?ref=naver,https://n.news.naver.com/mnews/article/011/0004632850?sid=101,"Fri, 19 Jun 2026 10:16:00 +0900",2026-06-19 10:46:03
자동차/모빌리티,모빌리티 시장,"KGM, '무쏘' 브랜드 위상 높인다",디자인·상품성·브랜드 가치 부문 잇따라 수상 무쏘·무쏘 EV 경쟁력 제고…픽업시장 점유율 확대 고삐 KG모빌리티(이하 KGM)가 픽업 브랜드 '무쏘'의 위상을 공고히 하고 있다. 국내외에서 디자인과 상품성 등 브랜드... ,https://www.topdaily.kr/articles/110607,https://www.topdaily.kr/articles/110607,"Fri, 19 Jun 2026 10:15:00 +0900",2026-06-19 10:46:03
친환경/신재생,신재생에너지 주가,"[특징주] 삼성물산, 지분가치에 원전 기대까지…9%대 급등",주가 강세에는 계열사 지분가치 상승과 에너지 사업 모멘텀 기대가 반영된 것으로 보인다. LS증권은 이날... 상사 부문의 신재생에너지 사업 확대도 보고서에 포함됐다. LS증권은 삼성물산이 미국과 호주 등에서... ,https://www.newspim.com/news/view/20260619000372,https://www.newspim.com/news/view/20260619000372,"Fri, 19 Jun 2026 10:22:00 +0900",2026-06-19 10:46:03
친환경/신재생,신재생에너지 주가,"삼성물산, 주주환원 확대·원전 수주 기대감에 장 초반 10%대 강세[특징...",상사 부문은 미국 신재생에너지 시장에 진입해 2030년까지 5GW 규모의 운영자산 확보를 목표로 하고 있다. 김세련 LS증권 연구원은 &quot;핵심 계열사 지분가치의 상승이 주가 리레이팅을 만드는 요인이기도 하지만 건설... ,https://www.newsway.co.kr/news/view?ud=2026061909502525393,https://www.newsway.co.kr/news/view?ud=2026061909502525393,"Fri, 19 Jun 2026 09:58:00 +0900",2026-06-19 10:46:03
친환경/신재생,신재생에너지 주가,"[특징주] 삼성물산, '배당 720% 잭팟·원전 수주' 전망에 장 초반 12%대 ...",미국 신재생에너지 시장에 진입해 전력 판매부터 유지보수까지 에너지 밸류체인 확대를 추진 중인 점도 긍정적인 평가를 받았다. 추가로 2분기부터 평택 P4 마감 및 P5 골조 공사가 본격화되며 하이테크 연간 수주가... ,https://www.widedaily.com/news/articleView.html?idxno=296042,https://www.widedaily.com/news/articleView.html?idxno=296042,"Fri, 19 Jun 2026 09:56:00 +0900",2026-06-19 10:46:03
친환경/신재생,신재생에너지 주가,"두산에너빌리티, 증권가 호평 재조명에도 약보합…9만9300원 거래","시장에서는 최근 주가 상승에 따른 차익실현 매물이 출회되는 가운데 증권가가 제시한 실적 개선... 두산에너빌리티는 원자력과 가스터빈, 신재생에너지 등 발전 설비 분야를 중심으로 사업을 확대하고 있다. 최근에는... ",https://www.cbci.co.kr/news/articleView.html?idxno=583209,https://www.cbci.co.kr/news/articleView.html?idxno=583209,"Fri, 19 Jun 2026 09:48:00 +0900",2026-06-19 10:46:03
친환경/신재생,신재생에너지 주가,"주주환원 확대·삼전 지분 가치 상승…삼성물산, 12% 급등 [종목+]","증권가의 목표주가 상향 조정과 대규모 주주환원 확대 전망, 삼성전자 지분 가치 상승 영향으로... 상사 부문에서는 미국 신재생에너지 시장에 진입해 2030년까지 총 5GW의 운영자산 확보를 목표로 밸류체인 확대를... ",https://www.hankyung.com/article/2026061960856,https://n.news.naver.com/mnews/article/015/0005300566?sid=101,"Fri, 19 Jun 2026 09:43:00 +0900",2026-06-19 10:46:03
친환경/신재생,신재생에너지 주가,"[특징주] 배당 확대·원전 수주 기대 겹쳤다…삼성물산, 장 초반 두 자릿...","수주가 기존 가이던스를 웃돌 것으로 봤다. 여기에 하반기 베트남 제2원전과 루마니아 원전 3·4호기 EPC 사업 참여, SMR 파이프라인 확보, 미국 신재생에너지 시장 확대 계획도 부각됐다. 앞서 삼성물산은 2월... ",https://www.tokenpost.kr/news/economy/370944,https://www.tokenpost.kr/news/economy/370944,"Fri, 19 Jun 2026 09:26:00 +0900",2026-06-19 10:46:03
친환경/신재생,신재생에너지 주가,"[특징주] 배당 확대·원전 모멘텀 부각…삼성물산, 13% 급등",이투데이=서청석 기자 | 삼성물산이 증권가의 목표주가 상향 조정과 대규모 주주환원 확대 전망에... 상사 부문에서는 미국 신재생에너지 시장에 진입해 2030년까지 총 5GW의 운영자산 확보를 목표로 밸류체인... ,https://www.etoday.co.kr/news/view/2595235,https://www.etoday.co.kr/news/view/2595235,"Fri, 19 Jun 2026 09:18:00 +0900",2026-06-19 10:46:03
친환경/신재생,신재생에너지 주가,"삼성물산 주가, 급등세... 왜?",사진=삼성물산 삼성물산 주가가 급등 중이다. 19일 오전 9시 14분 KRX 기준 삼성물산은는 전 거래일 대비 12.05... 신재생에너지 사업과 관련해서는 &quot;기존에는 부지 개발과 인허가 등 사업 초기 단계를 마친 뒤 착공 전에... ,https://www.ggilbo.com/news/articleView.html?idxno=1164530,https://www.ggilbo.com/news/articleView.html?idxno=1164530,"Fri, 19 Jun 2026 09:16:00 +0900",2026-06-19 10:46:03
친환경/신재생,신재생에너지 주가,"[키-리포트] LS &quot;삼성물산, 원전·신재생 사업가치 재평가 국면&quot;",기업에 대한 목표주가는 55만원에서 63만원으로 상향했으며 투자의견은 매수로 유지했다. 김세련 LS증권... 김 연구원은 &quot;상사부문 신재생에너지 사업은 지금까지는 부지를 개발하고 인허가를 받아 사업을 준비한 뒤 실제... ,http://www.newsdream.kr/news/articleView.html?idxno=113299,http://www.newsdream.kr/news/articleView.html?idxno=113299,"Fri, 19 Jun 2026 08:40:00 +0900",2026-06-19 10:46:03
친환경/신재생,신재생에너지 주가,"LS證 &quot;삼성물산, 원전·SMR 사업가치 재평가…목표가 63만원↑&quot;",아주경제=고혜영 기자 kohy0321@ajunews.com LS증권은 19일 삼성물산에 대해 원전·소형모듈원전(SMR)과 신재생에너지 사업 모멘텀이 본격화될 것이라고 평가했다. 이에 목표주가를 기존 55만원에서 63만원으로 상향... ,https://www.ajunews.com/view/20260619080728342,https://www.ajunews.com/view/20260619080728342,"Fri, 19 Jun 2026 08:36:00 +0900",2026-06-19 10:46:03
친환경/신재생,신재생에너지 주가,"삼성물산, 계열사 지분가치↑·원전 모멘텀 동시 부각…목표가 63만원-L...",투자의견 ‘매수(Buy)’를 유지하고 목표주가를 기존 55만원에서 63만원으로 상향했다. 20일 김세련 LS증권... 상사 부문은 그동안 신재생에너지 사업에서 부지 개발과 인허가를 거쳐 착공 전 자산을 매각하는 디벨로퍼... ,https://www.edaily.co.kr/news/newspath.asp?newsid=02765046645483360,https://n.news.naver.com/mnews/article/018/0006309512?sid=101,"Fri, 19 Jun 2026 07:51:00 +0900",2026-06-19 10:46:03
친환경/신재생,신재생에너지 주가,"'진작 눈여겨볼 걸'...이익 꺾인 태양광 지고, 성장세 탄 '이 ETF'",박우열 신한투자증권 연구원은 &quot;두 ETF가 다른 신재생에너지 테마보다 안정적인 실적 성장세를 보이고 있어 주가 변동성도 상대적으로 낮은 수준&quot;이라고 분석했다. 국내 전력 종목들도 이익 추정치 상향 흐름이... ,http://www.wowtv.co.kr/NewsCenter/News/Read?articleId=A202606180300&t=NN,https://n.news.naver.com/mnews/article/215/0001255834?sid=101,"Thu, 18 Jun 2026 14:23:00 +0900",2026-06-19 10:46:03
친환경/신재생,신재생에너지 주가,"세계가 주목하는 원전 엔지니어링…한전기술, 에너지 안보 핵심 기지로",풍력에너지 관련주가  18일 차익 실현 매물과 신재생에너지 업종 전반의 투자심리 위축 영향으로 약세를 보이고 있다. 글로벌 풍력 시장의 장기 성장 전망은 유효하지만 단기적으로는 원자재 가격 부담과 프로젝트 수익성... ,https://www.pinpointnews.co.kr/news/articleView.html?idxno=461106,https://www.pinpointnews.co.kr/news/articleView.html?idxno=461106,"Thu, 18 Jun 2026 10:12:00 +0900",2026-06-19 10:46:03
친환경/신재생,신재생에너지 주가,"[특징주] 가온전선, 美 송전용 케이블 대규모 공급 소식에 '급등'",주가 상승은 가온전선의 미국 전력 인프라 사업 확대 기대감이 투자심리를 자극한 영향으로 풀이된다. 최근 미국 내 인공지능(AI) 데이터센터 건설 급증으로 전력 수요가 증가함에 따라 태양광 발전 등 신재생 에너지... ,https://www.cstimes.com/news/articleView.html?idxno=710215,https://www.cstimes.com/news/articleView.html?idxno=710215,"Thu, 18 Jun 2026 09:40:00 +0900",2026-06-19 10:46:03
친환경/신재생,신재생에너지 주가,AI 시대 전력 관리가 돈 된다… 서전기전 ·삼화콘덴서 ·옴니시스템 주...,증시 전문가들은 &quot;스마트그리드는 AI 데이터센터와 신재생에너지 시대를 뒷받침하는 핵심 인프라&quot;라며 &quot;단기 주가 변동에 흔들리기보다 실제 기술 경쟁력과 사업 확장 가능성을 갖춘 기업 중심으로 중장기적인 투자... ,https://www.pinpointnews.co.kr/news/articleView.html?idxno=461076,https://www.pinpointnews.co.kr/news/articleView.html?idxno=461076,"Thu, 18 Jun 2026 09:38:00 +0900",2026-06-19 10:46:03
친환경/신재생,신재생에너지 주가,"전력 효율화 투자의 숨은 열쇠…삼화콘덴서, 산업용 전력 전자 부품 공...",핵융합에너지 관련주가  18일 차세대 청정에너지 기술에 대한 기대감과 글로벌 연구개발 투자 확대 영향으로... 업계 관계자는 대규모 전력망 구축과 신재생에너지 인프라 확대에 필수적인 고온·고내압 부문에서... ,https://www.pinpointnews.co.kr/news/articleView.html?idxno=461072,https://www.pinpointnews.co.kr/news/articleView.html?idxno=461072,"Thu, 18 Jun 2026 09:32:00 +0900",2026-06-19 10:46:03
친환경/신재생,신재생에너지 주가,"원전에서 인공지능까지…서전기전, 전방 산업 확대로 장기 성장 동력 확...","전력설비 관련주가 18일 인공지능(AI) 데이터센터 확대에 따른 전력 수요 급증과 글로벌 전력망 투자 확대... 데이터센터 증설과 전기차 보급 확대, 신재생에너지 확산으로 변압기와 개폐기, 전력 케이블 등 전력설비... ",https://www.pinpointnews.co.kr/news/articleView.html?idxno=461066,https://www.pinpointnews.co.kr/news/articleView.html?idxno=461066,"Thu, 18 Jun 2026 09:26:00 +0900",2026-06-19 10:46:03
친환경/신재생,태양광 산업,"GIST, 한국형 전력망 시뮬레이션 모델 '2217모선 시험 계통' 개발",전기가 발전소에서 가정과 산업현장까지 안정적으로 공급되기 위해서는 전력이 전력망을 따라 어떻게... 공개된 모델은 태양광·풍력 등 재생에너지를 전력망에 얼마나 더 연결할 수 있는지 분석하거나 정전 발생... ,https://www.industrynews.co.kr/news/articleView.html?idxno=82337,https://www.industrynews.co.kr/news/articleView.html?idxno=82337,"Fri, 19 Jun 2026 10:30:00 +0900",2026-06-19 10:46:04
친환경/신재생,태양광 산업,[이슈]'에너지 수도' 나주 승부수…발전5사 통합 본사 유치전 본격화,"에너지 산업 생태계를 형성하고 있다. 여기에 전남은 444GW에 달하는 전국 최고 수준의 재생에너지 잠재량을 보유하고 있다. 특히 신안·진도 일대 7.3GW 규모 해상풍력 집적화단지, 영농형 태양광 등 에너지 전환 사업 역시... ",https://view.asiae.co.kr/article/2026061910132630470,https://n.news.naver.com/mnews/article/277/0005778699?sid=102,"Fri, 19 Jun 2026 10:22:00 +0900",2026-06-19 10:46:04
친환경/신재생,태양광 산업,[청정에너지+생태계] 양 떼 방목시켜 태양광 발전소 관리한다,태양광은 전 세계 청정에너지 발전 비중의 40%를 돌파하며 기후 변화 대응을 위한 핵심 신재생에에너지로서 지위를 굳히고 있다.글로벌 태양광 산업은 오는 2035년까지 화석연료를 제치고 세계 최대 전력원이 될... ,https://www.greened.kr/news/articleView.html?idxno=342471,https://www.greened.kr/news/articleView.html?idxno=342471,"Fri, 19 Jun 2026 10:20:00 +0900",2026-06-19 10:46:04
친환경/신재생,태양광 산업,"'해외 모델 한계' 넘는다... GIST, 한국형 전력망 시험 계통 공개","전기가 발전소에서 가정과 산업현장까지 안정적으로 공급되려면 전력망을 따라 전력이 어떻게 흐르는지... 공개 모델은 태양광과 풍력 등 재생에너지를 전력망에 얼마나 더 연결할 수 있는지 분석하거나, 정전 상황을... ",http://www.newsworker.co.kr/news/articleView.html?idxno=432098,http://www.newsworker.co.kr/news/articleView.html?idxno=432098,"Fri, 19 Jun 2026 10:18:00 +0900",2026-06-19 10:46:04
친환경/신재생,태양광 산업,"충북에너지산학융합원, 7월 8일 '충북 에너지전환 포럼' 개최","이번 행사는 '2026 뉴에너지페어오송' 부대행사로 진행되며, 에너지 분야 전문가와 산업계, 유관기관, 지자체... 이어 첫 번째 세션에서는 기술·정책 분야를 중심으로 곽지혜 한국에너지기술연구원 연구단장이 '태양광... ",https://www.gasnews.com/news/articleView.html?idxno=125646,https://www.gasnews.com/news/articleView.html?idxno=125646,"Fri, 19 Jun 2026 10:14:00 +0900",2026-06-19 10:46:04
친환경/신재생,태양광 산업,우리나라 전력망 '한눈에'...GIST 'K-전력망 지도' 무료 공개,"전기가 발전소에서 가정과 산업현장까지 안정적으로 공급되기 위해서는 전력이 전력망을 따라 어떻게... 공개된 모델은 태양광·풍력 등 재생에너지를 전력망에 얼마나 더 연결할 수 있는지 분석하거나, 정전 발생... ",https://www.newstree.kr/newsView/ntr202606190004,https://www.newstree.kr/newsView/ntr202606190004,"Fri, 19 Jun 2026 10:10:00 +0900",2026-06-19 10:46:04
친환경/신재생,태양광 산업,"분산특구 반년, 지역별 온도차 '뚜렷'…'2기' 사업화·제도개선 분수령","5.4GW 규모 재생에너지 집적화단지와 데이터센터, AI 산업 유치를 연계하는 것이 핵심 전략이다. 경기 의왕 역시 설비 구축만 놓고 보면 상당 부분 준비를 마쳤다. LS일렉트릭은 태양광과 ESS를 연계한 마이크로그리드를... ",https://www.electimes.com/news/articleView.html?idxno=369249,https://www.electimes.com/news/articleView.html?idxno=369249,"Fri, 19 Jun 2026 10:02:00 +0900",2026-06-19 10:46:04
친환경/신재생,태양광 산업,[19일 성남시] 양자컴퓨팅 플랫폼 구축 공모 선정 등,성남시가 산업통상자원부 공모사업에 선정돼 양자컴퓨팅 활용 기반 구축을 위한 국비 100억원을 확보했다.... 시는 각 복지관의 외벽과 지붕 단열 성능을 보강하고 태양광 발전설비를 설치할 예정이다. 또한 노후 창호를... ,https://www.asiatime.co.kr/article/20260619500032,https://www.asiatime.co.kr/article/20260619500032,"Fri, 19 Jun 2026 09:48:00 +0900",2026-06-19 10:46:04
친환경/신재생,태양광 산업,"[맥락 재구성] 현대차그룹 수소, 남극 기지의 전기를 다시 설계","현대차그룹은 수전해기, 수소 저장 장치, 연료전지 발전기 등을 구축하고 태양광 발전 설비 확충도 함께... 도심 인프라나 산업단지와 달리 남극 기지는 전력망, 물류, 기후 조건이 모두 불리하다. 이곳에서 수전해, 저장... ",http://www.newsprime.co.kr/news/article.html?no=737334,http://www.newsprime.co.kr/news/article.html?no=737334,"Fri, 19 Jun 2026 09:40:00 +0900",2026-06-19 10:46:04
친환경/신재생,태양광 산업,"&quot;지방선거 끝나자 용인 반도체산단 흔드나&quot;…이상일 시장, 여권에 직격...",특히 정 의원은 수도권은 반도체 산업의 핵심 기반인 전력 공급에 한계가 있는 반면 광주·전남은 한빛원전과 태양광·해상풍력 등 풍부한 전력원을 갖추고 있다고 주장해 논란을 일으켰다. 이 시장은 &quot;정 의원은 용인... ,https://www.asiatoday.co.kr/kn/view.php?key=20260619010006703,https://www.asiatoday.co.kr/kn/view.php?key=20260619010006703,"Fri, 19 Jun 2026 09:38:00 +0900",2026-06-19 10:46:04
친환경/신재생,태양광 산업,"김성진 전력거래소 이사장, 재생에너지설비 현장 점검 나서","이번 현장점검은 태양광 등 재생에너지 발전설비가 집중된 전남지역의 계통운영 상황을 살피고, 여름철... 이어 &quot;정부의 2030년 재생에너지 100GW 정책 목표를 뒷받침하기 위해서는 계통운영 역량을 높이고 전력산업... ",http://www.epj.co.kr/news/articleView.html?idxno=38792,http://www.epj.co.kr/news/articleView.html?idxno=38792,"Fri, 19 Jun 2026 09:34:00 +0900",2026-06-19 10:46:04
친환경/신재생,태양광 산업,"신한은행, 전남 영광 태양광 발전사업 PF 금융 약정 체결","신한은행은 한국산업은행과 함께 전남 영광군 소재 90MW급 태양광 발전사업에 대한 프로젝트파이낸싱(PF) 금융약정을 체결했다고 19일 밝혔다. 이번 약정 규모는 약 2,410억 원으로 신한은행과 한국산업은행이 공동... ",https://www.handmk.com/news/articleView.html?idxno=40445,https://www.handmk.com/news/articleView.html?idxno=40445,"Fri, 19 Jun 2026 09:22:00 +0900",2026-06-19 10:46:04
친환경/신재생,태양광 산업,"김영록 전남지사, 발전 5사 통합 본사 &quot;에너지 수도 나주가 최적지&quot;","에너지 산업 집적지 ▲재생에너지 대전환의 최전선 ▲정부의 공공기관 이전 정책 및 지역균형발전 가치... 세계 최대 규모의 신안·진도 7.3GW 해상풍력 집적화단지를 비롯해 영농형 태양광, 주민 참여형 햇빛소득마을... ",http://www.jeollailbo.com/news/articleView.html?idxno=803054,http://www.jeollailbo.com/news/articleView.html?idxno=803054,"Fri, 19 Jun 2026 09:18:00 +0900",2026-06-19 10:46:04
친환경/신재생,태양광 산업,'분리 25년' 발전 5사 마침표 찍을까…전문가들이 그린 장기 미래,"발전 5사는 2001년 전력산업 구조 개편에 따라 한전의 발전 부문을 분리하면서 설립됐다. 연구 용역에서... 자본력이 분산돼 태양광, 해상풍력 등 신재생에너지 사업을 진행하기에 어려움이 있다는 지적이 나온 것이다. 이... ",https://news.einfomax.co.kr/news/articleView.html?idxno=4420848,https://news.einfomax.co.kr/news/articleView.html?idxno=4420848,"Fri, 19 Jun 2026 09:18:00 +0900",2026-06-19 10:46:04
친환경/신재생,풍력 시장,"[청정에너지 동향] 세계 최초 100% 수소 발전엔진, 스페인에서 가동 들어...",사진 출처: © 2026 Wärtsilä 최근 스페인 정부는 풍력과 태양광 중심의 신재생에너지 정책 실현을... 바이오 에너지로 구분되는 수소가 향후 5년 신재생에너지 시장에서 차지할 비중은 여전히 매우 미미하지만... ,https://www.greened.kr/news/articleView.html?idxno=342582,https://www.greened.kr/news/articleView.html?idxno=342582,"Fri, 19 Jun 2026 10:20:00 +0900",2026-06-19 10:46:05
친환경/신재생,풍력 시장,[CEO스코프] 실적 반등·주가 90%↑…이한우가 그리는 현대건설의 미래,H-로드는 ▲원전과 SMR을 중심으로 에너지 사업을 확대하는 '에너지 트랜지션 리더' ▲미국·유럽 등 선진시장에서 시장 지배력을 높이는 '글로벌 키 플레이어' ▲데이터센터·해상풍력·수소 등 핵심 사업 경쟁력을... ,http://www.iminju.net/news/articleView.html?idxno=165519,http://www.iminju.net/news/articleView.html?idxno=165519,"Fri, 19 Jun 2026 09:40:00 +0900",2026-06-19 10:46:05
친환경/신재생,풍력 시장,"대한전선, 국가 대동맥 '500kV HVDC 동해안-동서울' 공사 수주",국내 최초로 500kV HVAC(초고압교류송전) 케이블 시스템을 개발·상용화하고 북미 시장 등에 수차례... 해상풍력 프로젝트에도 참여할 수 있는 발판을 마련했다. 이와 관련 충남 당진에 HVDC 전용 테스트센터를... ,http://www.knpnews.com/news/articleView.html?idxno=33917,http://www.knpnews.com/news/articleView.html?idxno=33917,"Fri, 19 Jun 2026 09:28:00 +0900",2026-06-19 10:46:05
친환경/신재생,풍력 시장,"탄소산업진흥원, 재활용 탄소섬유 국제표준 마련 주도","글로벌 시장 확대에 새로운 전환점이 마련됐다. 한국탄소산업진흥원은 에코융합섬유연구원과 공동으로... 최근 탄소중립 정책 강화와 환경규제 확대에 따라 항공기, 풍력발전 블레이드 등에서 사용된... ",http://amenews.kr/news/view.php?idx=67134,http://amenews.kr/news/view.php?idx=67134,"Fri, 19 Jun 2026 09:24:00 +0900",2026-06-19 10:46:05
친환경/신재생,풍력 시장,발전공기업 통합 ‘답 보이지만 해법은 남았다’,재생에너지 분야에서도 민간기업이 시장을 주도하면서 발전공기업의 영향력은 제한적인 수준에 머물고... 해상풍력 등 대규모 투자사업을 보다 안정적으로 추진할 수 있다”고 진단했다. 노동계 역시 발전공기업이 단순한... ,https://www.naeil.com/news/read/592434?ref=naver,https://www.naeil.com/news/read/592434?ref=naver,"Fri, 19 Jun 2026 09:22:00 +0900",2026-06-19 10:46:05
친환경/신재생,풍력 시장,&quot;금보따리는 없다&quot;···해상풍력 사업자 사탕발림 홍보 어촌 갈등 유발,"이어 &quot;해상풍력의 수익원은 발전기 이용률과 전기 판매가격 두 가지인데, 판매가격이 20년 고정 계약으로 묶이기 때문에 시장이 좋지 않다&quot;며 &quot;외국계 사업자의 경우 본국의 자금 집행 통제가 엄격해 사정이 더 빠듯하다&quot;고... ",https://www.incheontoday.com/news/articleView.html?idxno=320308,https://www.incheontoday.com/news/articleView.html?idxno=320308,"Fri, 19 Jun 2026 09:14:00 +0900",2026-06-19 10:46:05
친환경/신재생,풍력 시장,"[특별기고] 전력산업 '발전 5사 통합' 권고, 이제 '사람 중심 전환'에 집...","에너지는 시장의 메커니즘에만 맡겨둘 수 없는, 시민의 삶을 지탱하는 사회적 기본권이자 보편적 복지의... 해상풍력 등 수조 원대에 달하는 장기·고위험 무탄소 전원(CFE) 투자는 현재의 분산된 재무구조와 자본력으로는... ",https://www.eroun.net/news/articleView.html?idxno=83474,https://www.eroun.net/news/articleView.html?idxno=83474,"Fri, 19 Jun 2026 09:06:00 +0900",2026-06-19 10:46:05
친환경/신재생,풍력 시장,녹색산업 없는 생산적 금융...미래산업 기반 잃는 불완전 성장전략,"배터리 산업은 여전히 글로벌 시장에서 높은 기술력을 보유하고 있으며,  풍력 기자재와 차세대 태양전지, 에너지저장장치 등에서도 강점을 가지고 있다.  문제는 충분한 장기 자본과 투자 생태계가 뒷받침되지 못하고... ",https://www.esgeconomy.com/news/articleView.html?idxno=15794,https://www.esgeconomy.com/news/articleView.html?idxno=15794,"Fri, 19 Jun 2026 09:00:00 +0900",2026-06-19 10:46:05
친환경/신재생,풍력 시장,"한국탄소산업진흥원·에코융합섬유연구원, 국내 최초 '재활용 탄소섬유...","항공기, 풍력 블레이드 등에 활용된 탄소섬유복합재 재활용에 대한 관심이 높아지고 있다. 하지만 재활용... 복합재료 시장에서 안전하게 재활용 탄소섬유를 채택·거래할 수 있는 이정표를 마련했다. 국내 재활용... ",https://www.etnews.com/20260619000040,https://n.news.naver.com/mnews/article/030/0003439246?sid=102,"Fri, 19 Jun 2026 08:53:00 +0900",2026-06-19 10:46:05
친환경/신재생,풍력 시장,"현대스틸산업, 광양 율촌공장에 15MW급 해상풍력 전용 설비 준공",사진=현대스틸산업 제공 현대건설 자회사인 현대스틸산업이 전남 광양에 15메가와트(MW)급 해상풍력 하부구조물 생산·조립이 가능한 전용 생산기지를 구축하며 해상풍력 시장 공략에 속도를 내고 있다. 19일... ,https://daily.hankooki.com/news/articleView.html?idxno=1377993,https://daily.hankooki.com/news/articleView.html?idxno=1377993,"Fri, 19 Jun 2026 08:46:00 +0900",2026-06-19 10:46:05
친환경/신재생,풍력 시장,"현대차그룹-HD현대, 그린수소 그리드 구축...한국형 해상풍력 지원선 개...",글로벌 해상풍력 시장 확대도 SOV 수요 증가를 이끌 것으로 전망된다. 세계풍력에너지협의회(GWEC)에 따르면 전 세계 해상풍력 누적 설치용량은 2024년 말 83.2GW에서 2034년 441GW 규모로 확대될 것으로 예상되고 있다.... ,http://www.wsobi.com/news/articleView.html?idxno=313943,http://www.wsobi.com/news/articleView.html?idxno=313943,"Fri, 19 Jun 2026 08:32:00 +0900",2026-06-19 10:46:05
친환경/신재생,풍력 시장,"현대건설, 중동 인프라·유럽 원전 양날개…글로벌 에너지 전환 시장 선...","시장 침체와 원가 부담이 이어지는 상황에서도 브랜드 경쟁력과 수도권 핵심지 선별 수주 전략을 통해 리스크를 관리하는 모습이다. 건설업계의 불확실성이 여전한 가운데 현대건설은 중동 인프라, 유럽 원전, 해상풍력... ",https://www.e-science.co.kr/news/articleView.html?idxno=130775,https://www.e-science.co.kr/news/articleView.html?idxno=130775,"Fri, 19 Jun 2026 08:30:00 +0900",2026-06-19 10:46:05
친환경/신재생,풍력 시장,"[종목+] 미코, 비상장 자회사 성장 본격화…&quot;에너지 사업 새 성장축&quot;",미코 관계자는 &quot;재생에너지 확대가 진행되고 있지만 태양광과 풍력만으로는 증가하는 전력 수요를 모두... ◆ 반도체 본업도 순항…HBM 시장 공략 가속 에너지 사업 확대와 함께 반도체 사업 경쟁력 강화도 이어지고... ,https://www.newspim.com/news/view/20260618001036,https://www.newspim.com/news/view/20260618001036,"Fri, 19 Jun 2026 08:07:00 +0900",2026-06-19 10:46:05
친환경/신재생,풍력 시장,"[Invest]SK오션플랜트 매각 답보…'우협' 디오션, 거래구조 변경도 검토",거래 금액은 4000억원대 중후반 수준으로 거론됐다.디오션자산운용은 신생 운용사임에도 시장의 관심을... 삼강에스앤씨는 수리조선과 해상풍력 하부구조물 사업을 영위하는 회사다. SK오션플랜트가 2021년 약 3000억원을... ,https://www.investchosun.com/site/data/html_dir/2026/06/18/2026061880108.html,https://www.investchosun.com/site/data/html_dir/2026/06/18/2026061880108.html,"Fri, 19 Jun 2026 07:02:00 +0900",2026-06-19 10:46:05
친환경/신재생,풍력 시장,[더벨][VC x 스타트업 동행] &quot;드론 1호 IPO 여정&quot;…스톤브릿지·니어스랩...,"송 상무는 &quot;니어스랩은 풍력 시장에서 쌓은 기술 스택이 있었기 때문에 방산 시장에서도 빠르게 성과를 낼 수 있었다&quot;면서 &quot;산업용 드론의 퍼스트 무버로 시작해 방산, 안전점검 등에서 맞춤형 드론 솔루션을 공급하며... ",https://www.thebell.co.kr/free/content/ArticleView.asp?key=202606161708214680104339,https://www.thebell.co.kr/free/content/ArticleView.asp?key=202606161708214680104339,"Fri, 19 Jun 2026 07:02:00 +0900",2026-06-19 10:46:05
친환경/신재생,수소 경제,"플랜텍, 'GAS KOREA 2026'서 모듈형 수소충전소 전시 예고","특히, 대형 상용차 중심의 액화수소 충전 인프라와 함께, 승용차 등 일반 모빌리티 이용자가 생활권에서 쉽게 접근할 수 있는 충전 인프라 확대도 수소경제 활성화를 위해 중요하다고 보고 있다. 플랜텍 관계자는... ",https://www.gasnews.com/news/articleView.html?idxno=125645,https://www.gasnews.com/news/articleView.html?idxno=125645,"Fri, 19 Jun 2026 10:10:00 +0900",2026-06-19 10:46:06
친환경/신재생,수소 경제,전략금속 회수 넘어 소재화까지… 자원순환 기술 고도화,대흥엠앤티 정상진 상무(사진)는 &quot;백금족금속은 수소경제와 첨단산업 확대에 따라 중요성이 더욱 커지고 있는 만큼 회수 기술과 고순도화 기술 확보가 필수적&quot;이라고 강조했다. 하지만 서로 다른 폐자원을 처리하는... ,http://www.engjournal.co.kr/news/articleView.html?idxno=3834,http://www.engjournal.co.kr/news/articleView.html?idxno=3834,"Fri, 19 Jun 2026 09:56:00 +0900",2026-06-19 10:46:06
친환경/신재생,수소 경제,"전환금융, 녹색금융 공백 메울까…한·일 전문가 &quot;산업 로드맵·검증체...","지난 17일, 대신경제연구소와 글로벌 인증기관 DNV는  '탄소중립 투자 어떻게 조달할 것인가'를 주제로... 조달된 자금은 고부가 화학제품(HVC) 제조시설 전환, 화학공정 내 폐열 회수 시스템 구축, 수소 생산 시설의 탄소... ",http://www.impacton.net/news/articleView.html?idxno=19289,http://www.impacton.net/news/articleView.html?idxno=19289,"Fri, 19 Jun 2026 09:30:00 +0900",2026-06-19 10:46:06
친환경/신재생,수소 경제,"고려아연, 산학연 손잡고 6대 국책과제 순항…'기술 자립·경제 안보' 앞...","고려아연(회장 최윤범)이 국내외 유수의 산학연 기관들과 손잡고 국가 경제 및 안보와 직결된 정부 지원... 현재 고려아연 기술연구소가 추진 중인 국책 과제는 수소 저장, 폐배터리 자원 회수, 희토류 가공, 고순도 니켈... ",https://www.handmk.com/news/articleView.html?idxno=40453,https://www.handmk.com/news/articleView.html?idxno=40453,"Fri, 19 Jun 2026 09:24:00 +0900",2026-06-19 10:46:06
친환경/신재생,수소 경제,[기업家] LS그룹 ④ㅣAI 시대 전력 인프라 수주 확대…글로벌 시장 공략...,"대전·울산 수소트램 적용 LS에코에너지 베트남 생산법인 LSCV 전경 (사진=연합뉴스) LS에코에너지는 베트남... 관련법상 영업비밀은 비공지성, 비밀 관리, 경제적 가치가 있어야 한다. 경찰이 대한전선을 압수수색한... ",https://www.cbci.co.kr/news/articleView.html?idxno=583058,https://www.cbci.co.kr/news/articleView.html?idxno=583058,"Fri, 19 Jun 2026 09:20:00 +0900",2026-06-19 10:46:06
친환경/신재생,수소 경제,"울산시, 국내 첫 수소전기 굴착기 실증 착수… 건설현장 무공해 전환 시...","울산시는 이번 사업이 탄소중립 실현과 수소경제 활성화를 위한 정부 정책에 부응하는 것은 물론, 수소 건설기계 상용화를 앞당기는 전환점이 될 것으로 기대하고 있다. 특히 장시간 고부하 작업이 많은 건설현장에서... ",https://view.asiae.co.kr/article/2026061908482054337,https://n.news.naver.com/mnews/article/277/0005778603?sid=102,"Fri, 19 Jun 2026 09:18:00 +0900",2026-06-19 10:46:06
친환경/신재생,수소 경제,[사건사고] 상품권 업체인 척…35억 범죄수익 세탁 일당 검거 外,당시 화장실에서 황화수소가 검출된 것으로 알려졌습니다. 경찰과 소방 당국은 오수관에서 가스가 누출된... 경기남부경찰청 반부패·경제범죄수사대는 사기 및 전자금융거래법 위반 혐의로 대포통장을 유통한 총책 A 씨... ,http://www.yonhapnewstv.co.kr/news/MYH202606190916299Ag,https://n.news.naver.com/mnews/article/422/0000876327?sid=102,"Fri, 19 Jun 2026 09:17:00 +0900",2026-06-19 10:46:06
친환경/신재생,수소 경제,&quot;LNG는 전략자산&quot;… 공급망 유연성이 한국형 에너지안보 핵심,LNG와 수소를 축으로 한 장기 에너지안보 전략을 체계적으로 마련해야 한다고 제언했다. 토론:  LNG 물량 및 인프라 국가 에너지안보 체계 포함 이어진 패널토론은 단국대학교 경제학과 조홍종 교수가 좌장을 맡고... ,https://www.energydaily.co.kr/news/articleView.html?idxno=200544,https://www.energydaily.co.kr/news/articleView.html?idxno=200544,"Fri, 19 Jun 2026 09:16:00 +0900",2026-06-19 10:46:06
친환경/신재생,수소 경제,"‘이번엔 수소전기 굴착기’ 울산시, 건설현장 수소 전환 가속",울산시 관계자는 “국내 최초 고체수소저장합금 적용 수소전기 굴착기 실증을 통해 건설현장의 무공해 장비 전환을 이끌겠다”라며 “지속적인 협력을 통해 친환경 건설장비의 보급 확대와 수소 경제 발전에 최선을... ,https://www.sedaily.com/article/20057625?ref=naver,https://n.news.naver.com/mnews/article/011/0004632787?sid=102,"Fri, 19 Jun 2026 08:31:00 +0900",2026-06-19 10:46:06
친환경/신재생,수소 경제,"탄소저감 강재 생산 본격화...포스코, 광양에 국내 최대 전기로 준공","지원하고, 수소환원제철 실증사업을 차질 없이 추진하겠다&quot;고 밝혔다. 이어 &quot;정부는 어려운 대내 여건 속에서도 우리 경제의 든든한 버팀목이 되어 준 철강업계의 노력과 헌신이 값진 결실으로 이어질 수 있도록 정책적... ",https://daily.hankooki.com/news/articleView.html?idxno=1377957,https://daily.hankooki.com/news/articleView.html?idxno=1377957,"Fri, 19 Jun 2026 08:30:00 +0900",2026-06-19 10:46:06
친환경/신재생,수소 경제,부산 기장에 국내 첫 SMR…2040년 400조 시장 선점 나선다,"영국 국가원자력연구원과 세계경제포럼은 SMR 시장 규모가 2035년 400조~600조원에 달하고 2040년까지 연평균... 탄소 배출 없이 안정적인 기저 전력을 공급할 수 있는 SMR이 '핑크수소' 생산, 산업용 열 공급, 해수담수화... ",https://www.betanews.net/article/view/beta202606180098,https://www.betanews.net/article/view/beta202606180098,"Fri, 19 Jun 2026 08:04:00 +0900",2026-06-19 10:46:06
친환경/신재생,수소 경제,"유럽, 이란 전쟁 후 &quot;에너지 안보&quot; 모색",글로벌 경제에 깊은 주름살을 드리웠다. 이로써 세계 각국은 호르무즈 해협에 대한 대체 무역(alternative... 가스와 수소를 모두 운송할 수 있는 미래의 '이중 용도'(dual-use) 기능을 고려하여 건설될 가능성이 높다는... ,http://www.newstown.co.kr/news/articleView.html?idxno=706678,http://www.newstown.co.kr/news/articleView.html?idxno=706678,"Fri, 19 Jun 2026 08:03:00 +0900",2026-06-19 10:46:06
원자력,원자력 주가,"지분 가치에 SMR 성과도 호조…삼성물산, 11% 강세","목표주가를 기존 55만원에서 63만원으로 상향하며 계열사 지분 가치 상승과 원전, SMR 사업 성과가 가시화되고 있다는 분석을 내놨다. 현재 삼성물산은 한국전력·한국수력원자력의 APR1400 사업과 북미 기술사와... ",https://www.widedaily.com/news/articleView.html?idxno=296049,https://www.widedaily.com/news/articleView.html?idxno=296049,"Fri, 19 Jun 2026 10:20:00 +0900",2026-06-19 10:46:07
원자력,원자력 주가,"지분 가치에 SMR 성과도 호조…삼성물산, 11% 강세","목표주가를 기존 55만원에서 63만원으로 상향하며 계열사 지분 가치 상승과 원전, SMR 사업 성과가 가시화되고 있다는 분석을 내놨다. 현재 삼성물산은 한국전력·한국수력원자력의 APR1400 사업과 북미 기술사와... ",https://www.newsis.com/view/NISX20260619_0003675581,https://n.news.naver.com/mnews/article/003/0014015759?sid=101,"Fri, 19 Jun 2026 10:10:00 +0900",2026-06-19 10:46:07
원자력,원자력 주가,"우리기술, 3거래일 연속 하락…상한가 이후 차익실현 매물 출회","시장에서는 단기 급등에 따른 차익실현 매물이 주가에 영향을 미치고 있는 것으로 보고 있다. 우리기술은 원전 계측제어시스템과 원자력 관련 기술을 보유한 기업으로, 최근 원전 산업 확대 기대감과 정책 수혜 전망... ",https://www.cbci.co.kr/news/articleView.html?idxno=583210,https://www.cbci.co.kr/news/articleView.html?idxno=583210,"Fri, 19 Jun 2026 09:50:00 +0900",2026-06-19 10:46:07
원자력,원자력 주가,"[특징주] 삼성물산, 지분가치와 에너지 사업가치 상승 기대감에 12%대 급...","목표 주가를 기존 55만원에서 63만원으로 상향했다. 삼성물산은 한국전력·한국수력원자력의 APR1400 사업과 북미 기술사와 협력하는 AP1000, 캔두(CANDU) 원전 프로젝트를 병행하고 있다. 또 글로벌 밸류체인(GVC)과... ",https://biz.chosun.com/stock/stock_general/2026/06/19/7DRKNEMBYBA4RBCIJJGQE4YESE/?utm_source=naver&utm_medium=original&utm_campaign=biz,https://n.news.naver.com/mnews/article/366/0001172867?sid=101,"Fri, 19 Jun 2026 09:26:00 +0900",2026-06-19 10:46:07
원자력,원자력 주가,"LS證 &quot;삼성물산, 지분가치에 에너지 사업 모멘텀도…목표가↑&quot;","따라 주가 상승 여력이 충분하다고 분석했다. 이에 목표주가를 기존 55만원에서 63만원으로 상향... 삼성물산은 대형 원전 사업에서 한국전력·한국수력원자력과 '팀코리아'를 구축하는 한편, 북미 기술사와의 협업도... ",https://www.newsis.com/view/NISX20260619_0003675292,https://n.news.naver.com/mnews/article/003/0014015402?sid=101,"Fri, 19 Jun 2026 08:32:00 +0900",2026-06-19 10:46:07
원자력,원자력 주가,[전국 주요 신문 사설](19일 조간),"경쟁하길 주가·부동산 동시 상승, 금리 상승기에 대비해야 ▲ 한국일보 = 세계에 떠넘긴 호르무즈 통행료... 건설 … 원자력산업 부흥 발판돼야 외국인 소비 67% 급증 … 관광산업, 내수엔진으로 키워야 ▲ 경북신문... ",https://www.yna.co.kr/view/AKR20260619015300011?input=1195m,https://n.news.naver.com/mnews/article/001/0016147150?sid=110,"Fri, 19 Jun 2026 08:00:00 +0900",2026-06-19 10:46:07
원자력,원자력 주가,"정청래의 폴더 인사, 이재명은 웃지 않았다: 슬로우레터 6월19일.",레타트루타이드가 온다인텔 주가가 여섯 배 뛴 이유.제주도 수출 1위는? 반도체.인류에 던지는 6가지 의제.... 지난해 원자력 발전 출력 제어가 37회나 됐다. 태양광 발전도 88회나 스위치를 내려야 했다. 부족한 송전망을... ,https://slownews.kr/161803,https://slownews.kr/161803,"Fri, 19 Jun 2026 07:48:00 +0900",2026-06-19 10:46:07
원자력,원자력 주가,"두산에너빌리티 주가 전망, 체코·엔비디아 호재에도 약세 마감","최근 두산에너빌리티 주가는 변동성이 두드러지고 있으며, 이날은 코스피 강세장 속 종목별 차별화... 한국수력원자력은 김회천 사장이 17~18일(현지시간) 체코를 방문해 두코바니 원전 본계약 체결 1주년을 맞아... ",https://www.bntnews.co.kr/article/view/bnt202606190011,https://www.bntnews.co.kr/article/view/bnt202606190011,"Fri, 19 Jun 2026 06:58:00 +0900",2026-06-19 10:46:07
원자력,원전 산업,경북 영덕 신규 원전부지 선정…“새로운 성장동력 확보 계기”,"중심의 의사결정 체계를 마련하는 등 신속 건설을 지원할 계획이다. 영덕군도 원전 건설과 연계한 지역 발전 전략 수립, 관련 산업 육성, 정주여건 개선, 인구 유입 기반 확충 등을 통해 지역 경쟁력 강화에 나설 예정이다.",https://www.nongmin.com/article/20260618500258,https://n.news.naver.com/mnews/article/662/0000097731?sid=102,"Fri, 19 Jun 2026 10:42:00 +0900",2026-06-19 10:46:07
원자력,원전 산업,"대구보건대 방사선학과, 에너지시설 현장교육 참가","참가자들은 에너지 전문가 특강과 분임토의에 참여하며 국내 에너지 산업의 현황과 미래 전망, 원자력발전의 역할, 원전 안전관리 체계 등에 대해 학습했다. 또, 원자력과 신재생에너지의 균형적 발전 방안, 에너지 안보... ",https://news.unn.net/news/articleView.html?idxno=593693,https://news.unn.net/news/articleView.html?idxno=593693,"Fri, 19 Jun 2026 10:32:00 +0900",2026-06-19 10:46:07
원자력,원전 산업,"국립한국해양대, 총장 직속 ‘해양 SMR 추진단’ 출범","기장군은 국내 원전 산업의 모태인 고리 원전이 위치한 핵심 거점이다. 해양 SMR은 장거리 운항과 대용량 전력공급이 가능한 차세대 탈탄소 동력원으로 평가받는다.원자력업계의 안전 기술, 조선업계의 설계·건조... ",https://www.chosun.com/national/regional/2026/06/19/VA3UL5LLGRAHFHX72IKVJGHSHA/?utm_source=naver&utm_medium=referral&utm_campaign=naver-news,https://n.news.naver.com/mnews/article/023/0003982923?sid=102,"Fri, 19 Jun 2026 10:25:00 +0900",2026-06-19 10:46:07
원자력,원전 산업,"대신증권, 한전기술 목표주가 하향...단기 재료 불확실성 반영","전날 종가는 13만6천700원이었다. 시장에서는 원전 산업의 장기 성장 기대가 살아 있는 만큼, 앞으로는 실제 수주 발표와 사업 구조가 얼마나 구체화되느냐가 주가 흐름을 가르는 기준이 될 가능성이 크다.",https://www.tokenpost.kr/news/market/370961,https://www.tokenpost.kr/news/market/370961,"Fri, 19 Jun 2026 10:14:00 +0900",2026-06-19 10:46:07
원자력,원전 산업,"김회천 한수원 사장, 체코 현지 '해외 현장 경영 행보(行步)' 눈길","특히, 이날 행사에서는 한국전력기술과 체코 엔지니어링 기업인 에네르고프로엑트 프라하(Energoprojekt Praha) 간 '설계 기술지원 용역 계약' 체결식도 함께 진행돼, 양국 원전 산업계의 기술적 신뢰와 협력 기반을 한층... ",http://www.knpnews.com/news/articleView.html?idxno=33918,http://www.knpnews.com/news/articleView.html?idxno=33918,"Fri, 19 Jun 2026 10:12:00 +0900",2026-06-19 10:46:07
원자력,원전 산업,"한·체코, '두코바니' 원전으로 쌓은 '신뢰' 바탕으로 첨단산업 협력 확...",김정관 산업통상부 장관이 지난 17일 부터 이틀간 체코를 방문해 두코바니 신규 원전 사업 진행 상황을 점검하고 첨단산업 협력 확대 방안을 논의했습니다. 김 장관은 체코 카렐 하블리첵 산업통상부 장관과 '두코바니... ,https://news.bbsi.co.kr/news/articleView.html?idxno=4090092,https://news.bbsi.co.kr/news/articleView.html?idxno=4090092,"Fri, 19 Jun 2026 10:02:00 +0900",2026-06-19 10:46:07
원자력,원전 산업,가스공사·직수입자 역량 결합한 '한국형 LNG 안보모델' 구축해야,"일본 경제산업성은 재생에너지와 원전 확대에 따라 국내 LNG 소비가 감소하더라도 장기계약과 공급망, 조달 네트워크는 한번 약화하면 단기간에 복원하기 어렵다고 판단하고 있다. 이에 국내 소비량이 아닌 LNG 취급... ",http://www.e-platform.net/news/articleView.html?idxno=103144,http://www.e-platform.net/news/articleView.html?idxno=103144,"Fri, 19 Jun 2026 09:30:00 +0900",2026-06-19 10:46:07
원자력,원전 산업,영덕에 대형원전 2기·기장에 SMR 1기…원전 건설 절차 본격화,업계에서는 이번 부지 선정으로 원전 건설 사업이 본궤도에 오르면서 원전 생태계에도 긍정적인 영향을 미칠 것으로 보고 있다. 특히 AI 데이터센터와 반도체 산업 확대로 전력 수요가 증가하는 상황에서 안정적인... ,https://www.thepublic.kr/news/articleView.html?idxno=308289,https://www.thepublic.kr/news/articleView.html?idxno=308289,"Fri, 19 Jun 2026 09:16:00 +0900",2026-06-19 10:46:07
원자력,원전 산업,OPEC “기후보다 에너지 안보” [ESG 뉴스 5],2001년 전력산업 구조 개편으로 한전에서 분리된 한국남동·남부·동서·서부·중부발전을 25년 만에 다시... 현재 공공 발전 부문은 원전과 양수발전을 맡은 한국수력원자력과 화력발전 및 일부 재생에너지 사업을... ,https://magazine.hankyung.com/business/article/202606195978b,https://n.news.naver.com/mnews/article/050/0000107504?sid=101,"Fri, 19 Jun 2026 09:15:00 +0900",2026-06-19 10:46:07
원자력,원전 산업,"한국수력원자력 김회천 사장, 체코에서 두코바니 사업 이행 점검 및 협...",이번 계약을 계기로 양국 원전 산업계의 기술적 신뢰와 협력 기반이 한층 더 공고해질 것으로 기대된다. 지역사회·산업계와 밀착 소통...상생 협력 기반 강화 이에 앞서 17일 김회천 사장은 프라하에서 두코바니... ,https://www.sentv.co.kr/article/view/sentv202606180131,https://www.sentv.co.kr/article/view/sentv202606180131,"Fri, 19 Jun 2026 09:02:00 +0900",2026-06-19 10:46:07
원자력,원전 산업,"【리스크 모니터링】두산에너빌리티, 英 SMR 수주했지만…정치권은 &quot;영...","향후 원전 업계의 핵심 성장축으로 꼽힌다. 다만 SRM 핵심 부품의 해외 수주가 현지 정치권의 '자국 산업 보호' 정서와 충돌할 경우, 해외 발주처와의 계약 이행 과정에서 추가 국산화 요구나 물량 조정 압박 등이... ",http://www.impacton.net/news/articleView.html?idxno=19211,http://www.impacton.net/news/articleView.html?idxno=19211,"Fri, 19 Jun 2026 09:02:00 +0900",2026-06-19 10:46:07
원자력,원전 산업,[인터뷰] 고문현 한국ESG학회장 &quot;ESG는 유행 아닌 생존전략&quot;,"있다&quot;며 &quot;산업계와 학계, 공공기관이 함께 참여하는 협력 플랫폼을 구축해 ESG의 새로운 방향을 제시할... 그는 대안으로 재생에너지 확대와 함께 소형모듈원전(SMR) 활용 필요성을 언급했다. 고 회장은 &quot;원자력은... ",https://www.energydaily.co.kr/news/articleView.html?idxno=200573,https://www.energydaily.co.kr/news/articleView.html?idxno=200573,"Fri, 19 Jun 2026 09:00:00 +0900",2026-06-19 10:46:07
원자력,원전 산업,"경주시, SMR 초도호기 선정 결과 수용…“원자력산업 육성 흔들림 없이...","또 한국수력원자력과 한국원자력환경공단 등 원자력 인프라를 기반으로 차세대 원전산업 육성에 속도를 낼 계획이다. 그간 경주시는 경상북도와 포항시, 지역 대학 및 산업계와 함께 SMR 산업 생태계 구축에 힘을... ",https://www.sentv.co.kr/article/view/sentv202606180138,https://www.sentv.co.kr/article/view/sentv202606180138,"Fri, 19 Jun 2026 09:00:00 +0900",2026-06-19 10:46:07
원자력,SMR 시장,"HD현대중공업, 테라파워 SMR 주기기 공급 우선협상→향후 계약 불확정","재공시 예정일은 2026년 9월 18일이다. 이번 협약으로 HD현대중공업이 향후 SMR 주기기 시장에서 우선 협상 권한을 획득한 가운데, 단일 판매·공급 계약 체결 여부는 향후 공시에서 확인될 전망이다.",https://www.topstarnews.net/news/articleView.html?idxno=16101553,https://www.topstarnews.net/news/articleView.html?idxno=16101553,"Fri, 19 Jun 2026 10:24:00 +0900",2026-06-19 10:46:08
원자력,SMR 시장,"[하우머니] 증시 양극화 시대, AI·반도체·원전 수혜주 집중 분석","삼성전기 신고가 경신…업황 기대 반영 Q. 신규 원전 2기 추진…정책 수혜 기대 Q. 국내 첫 SMR 건설…시장 관심 확대 Q. 원전주, 특징은? (자세한 내용은 동영상을 시청하시기 바랍니다.)",https://biz.sbs.co.kr/article_hub/20000317579?division=NAVER,https://n.news.naver.com/mnews/article/374/0000517050?sid=101,"Fri, 19 Jun 2026 10:23:00 +0900",2026-06-19 10:46:08
원자력,SMR 시장,[투데이's 특징주] 에너지 사업 성장에 지분가치 상승 매력까지···삼성...,19일 오전 9시 47분 현재 삼성물산은 유가증권시장에서 전 거래일 대비 10.81% 상승한 53만8000원에 거래되고 있다. 증권가에서는 삼성물산이 계열사 지분가치 상승과 함께 원전과 소형모듈원전(SMR) 사업이 가시적인... ,https://www.todaykorea.co.kr/news/articleView.html?idxno=402865,https://www.todaykorea.co.kr/news/articleView.html?idxno=402865,"Fri, 19 Jun 2026 10:00:00 +0900",2026-06-19 10:46:08
원자력,SMR 시장,[조간브리핑] &quot;미국의 AI 동맹 선언··· 새 질서 시작되나&quot;,"[중앙일보] &quot;쇳덩이를 돈덩이로&quot;…K원전 마법, 1400조 SMR 시장 휩쓴다 [원전심장 다시 뛴다] '스르륵, 쿵-' 묵직한 금속음이 공장 안에 퍼진다. 18일 오전, 경상남도 창원 두산에너빌리티 단조공장에서 섭씨... ",http://www.hellodd.com/news/articleView.html?idxno=112176,http://www.hellodd.com/news/articleView.html?idxno=112176,"Fri, 19 Jun 2026 09:42:00 +0900",2026-06-19 10:46:08
원자력,SMR 시장,"[특징주] 삼성물산·삼성생명, 삼성전자 주가 상승 영향 '급등'","정준섭 NH투자증권 연구원은 &quot;삼성생명이 보유한 삼성전자 지분(8.5%)의 시장가치가 전체 기업가치에서... 원전, SMR의 가시적인 수주 성과에 따른 사업 가치 재평가 역시 핵심 모멘텀으로 주가에 반영되어야 하는 시점... ",https://www.g-enews.com/view.php?ud=20260619091117465044093b5d4e_1,https://www.g-enews.com/view.php?ud=20260619091117465044093b5d4e_1,"Fri, 19 Jun 2026 09:32:00 +0900",2026-06-19 10:46:08
원자력,SMR 시장,"대신증권 &quot;한전기술, 美 원전 프로젝트 불확실.. 목표가 하향&quot;","원전 시장 확대 기대와 체코 두코바니 원전 수주, 실적 개선 등이 주가 상승을 이끌었다”며 &quot;다만 한전기술 투자포인트로 한국의 미국 원전 건설 프로젝트 첫 투자 대상이 대형 원전인지 SMR인지는 아직 확정되지 않은... ",https://www.g-enews.com/view.php?ud=20260619082333140144093b5d4e_1,https://www.g-enews.com/view.php?ud=20260619082333140144093b5d4e_1,"Fri, 19 Jun 2026 09:00:00 +0900",2026-06-19 10:46:08
방산/우주항공,방산 주가,[더벨][폭등장 추월한 공모펀드] 시장 선호 종목 '집중 투자'…공모펀드...,엔비디아 수혜 기판 업체로 주목받은 이수페타시스는 하반기 내내 보유했지만 주가 상승세가 둔화하자 비중을 대폭 줄였다. 반대로 엔터와 방산 업종 비중은 축소했다. 지난해 3분기 8%까지 담았던 하이브는 점차 비중을... ,https://www.thebell.co.kr/free/content/ArticleView.asp?key=202606161908218240107593,https://www.thebell.co.kr/free/content/ArticleView.asp?key=202606161908218240107593,"Fri, 19 Jun 2026 10:02:00 +0900",2026-06-19 10:46:09
방산/우주항공,방산 주가,"인니·말레이, 한국 '천궁-II' 동시 조준…동남아 방공 플랫폼 선점 시동","투자 전략, 주가 2단계 상승 조준…계약 체결 전까지는 분할 접근 유리 증권가에서는 국내 방산주가 중동 수주를 바탕으로 한 1단계 밸류에이션 재평가(리레이팅)를 마치고, 동남아와 유럽으로 영토를 넓히는 2단계... ",https://www.g-enews.com/view.php?ud=202606190723156467fbbec65dfb_1,https://www.g-enews.com/view.php?ud=202606190723156467fbbec65dfb_1,"Fri, 19 Jun 2026 09:40:00 +0900",2026-06-19 10:46:09
방산/우주항공,방산 주가,[증시키워드] 삼성전자·SK하이닉스 또 올랐다…반도체 질주 속 삼성전...,목표주가를 300만원으로 상향했다. 김연수 KB증권 연구원은 “시장이 MLCC와 패키징 기판 업황 개선을... 최근 강세를 보였던 조선·방산 관련 종목이 하루 쉬어가는 흐름으로 읽힌다. 미래에셋증권도 1.75% 내린... ,https://www.etoday.co.kr/news/view/2595193,https://www.etoday.co.kr/news/view/2595193,"Fri, 19 Jun 2026 08:20:00 +0900",2026-06-19 10:46:09
방산/우주항공,방산 주가,"[증시전망대] 코스피 9,000 시대, 반도체 독주에 '9천피 랠리' 언제까지...","인텔 주가가 10.64% 급등했다. 서상영 미래에셋증권 연구원은 &quot;트럼프 대통령의 글은 미국 중심의 자립적인... 이어 &quot;이를 고려할 때 전일 낙폭이 과도했던 조선, 방산, 증권, 전력 기기, 바이오 및 코스닥 종목 등으로... ",http://www.newsroad.co.kr/news/articleView.html?idxno=60642,http://www.newsroad.co.kr/news/articleView.html?idxno=60642,"Fri, 19 Jun 2026 08:18:00 +0900",2026-06-19 10:46:09
방산/우주항공,방산 주가,美 반도체 훈풍에 프리마켓 삼전·하닉 4%대↑[마켓시그널],"장중에는 반도체 독주가 이어지더라도 조선, 방산, 증권, 전력기기, 바이오 등으로 순환매가 나타날 수 있다는 분석이 나온다. 한지영 키움증권 연구원은 “오늘 국내 증시는 미국 필라델피아 반도체 지수 6%대... ",https://www.sedaily.com/article/20057620?ref=naver,https://n.news.naver.com/mnews/article/011/0004632783?sid=101,"Fri, 19 Jun 2026 08:14:00 +0900",2026-06-19 10:46:09
방산/우주항공,방산 주가,"[코스피·코스닥지수] 반도체 훈풍에 코스피 9,000 시대 개막…추가 상...","이번 상승장의 중심에는 반도체 대형주가 있었다. 코스피 시가총액의 절반 이상을 차지하는 삼성전자와... 최근 상대적으로 조정을 받았던 조선, 방산, 증권, 전력기기, 바이오, 코스닥 종목 등으로 자금이 이동할... ",https://www.lecturernews.com/news/articleView.html?idxno=204534,https://www.lecturernews.com/news/articleView.html?idxno=204534,"Fri, 19 Jun 2026 08:12:00 +0900",2026-06-19 10:46:09
방산/우주항공,방산 주가,"미 훈풍, 호재 만발…‘9천피’ 시대 개막한 코스피, 고공행진 이어갈까...","이 같은 반도체 강세는 간밤 미국 뉴욕 증시에서도 이어져 3대 주가 지수가 일제히 상승했다. 다우존스30... 그러면서 “전일 낙폭이 과도했던 조선, 방산, 증권, 전력기기 등으로 순환매가 나타날 가능성이 있다”... ",https://www.mk.co.kr/article/12078117,https://n.news.naver.com/mnews/article/009/0005695952?sid=101,"Fri, 19 Jun 2026 08:09:00 +0900",2026-06-19 10:46:09
방산/우주항공,방산 주가,"코스피 9,000 돌파…반도체 주도 상승에 차익 실현 경고도","인텔 주가도 급등했다. 미국 안에서 반도체 설계와 생산을 강화하려는 움직임이 부각되면서 반도체 업종... 조선, 방산, 증권, 전력기기, 바이오, 코스닥 종목 등으로 매기가 옮겨가는 순환매 장세가 전개될 수 있다고... ",https://www.tokenpost.kr/news/market/370930,https://www.tokenpost.kr/news/market/370930,"Fri, 19 Jun 2026 08:04:00 +0900",2026-06-19 10:46:09
방산/우주항공,방산 주가,"[마켓뷰] '9천피' 시대 개막한 코스피, 고공행진 이어가나","이 같은 반도체 강세는 간밤 미국 뉴욕 증시에서도 이어져 3대 주가 지수가 일제히 상승했다. 다우존스30... 조선, 방산, 증권, 전력 기기, 바이오 및 코스닥 종목 등으로 순환매가 나타날 가능성을 염두에 둘 필요가... ",https://www.yna.co.kr/view/AKR20260619017600008?input=1195m,https://n.news.naver.com/mnews/article/001/0016147141?sid=101,"Fri, 19 Jun 2026 07:51:00 +0900",2026-06-19 10:46:09
방산/우주항공,방산 주가,"&quot;스페이스X 없어도 괜찮아&quot; 우리운용 우주항공 ETF, 수익률 1위 달린다",TIGER 미국우주테크 역시 28.1%를 스페이스X에 할애하며 해당 종목의 주가 향방에 절대적인 영향을 받는 구조다. 이와 대조적으로 WON 미국우주항공방산은 기존 전통 우주항공 및 방산 기업들에 집중했다. 해당 상품의... ,https://www.smarttoday.co.kr/ko-kr/articles/108530,https://www.smarttoday.co.kr/ko-kr/articles/108530,"Fri, 19 Jun 2026 07:14:00 +0900",2026-06-19 10:46:09
방산/우주항공,방산 주가,&quot;벌써 9000피&quot; 무섭게 오르더니...바로 일만피? 실적 따라 날아오른다,"다만 이익상향을 기반으로 한 코스피 12개월 선행 PER(주가순이익비율)는 7.7배로 여전히 낮은 편이다. 과거... 살아날 가능성이 있는데 반도체, 방산, 조선에서 다른 업종으로 온기를 확산할 필요가 있다&quot;고 진단했다.",https://www.mt.co.kr/stock/2026/06/19/2026061818352986810,https://n.news.naver.com/mnews/article/008/0005374147?sid=101,"Fri, 19 Jun 2026 04:05:00 +0900",2026-06-19 10:46:09
방산/우주항공,우주항공 산업,진주 항공우주과학관 전시 밑그림 완성…2028년 과학문화 새 랜드마크 ...,조규일 진주시장은 &quot;최종 설계안을 바탕으로 수준 높은 전시와 교육 콘텐츠를 구축해 시민들이 언제든 찾을 수 있는 대표 과학문화공간으로 만들겠다&quot;며 &quot;진주시가 우주항공산업과 과학교육을 선도하는 도시로 성장하는... ,https://daily.hankooki.com/news/articleView.html?idxno=1378029,https://daily.hankooki.com/news/articleView.html?idxno=1378029,"Fri, 19 Jun 2026 10:36:00 +0900",2026-06-19 10:46:09
방산/우주항공,우주항공 산업,"여름 사천에서 즐기는 바다와 항공의 조화, 가볼 만한 곳","|중앙이코노미뉴스 이영선 기자|남일대해수욕장 [사진=한국관광공사] 경남 사천시는 남해안에 접한 해양 도시이자 항공우주산업의 중심지로 알려져 있다. 푸른 바다와 함께 역사적 유적, 미래 기술을 아우르는 다채로운... ",https://www.joongangenews.com/news/articleView.html?idxno=525722,https://www.joongangenews.com/news/articleView.html?idxno=525722,"Fri, 19 Jun 2026 10:20:00 +0900",2026-06-19 10:46:09
방산/우주항공,우주항공 산업,"져스텍, 공모주 청약 2일차 실시...균등배정 바늘구멍 수준",산업자동화와 우주항공 분야로 사업 영역을 확대하고 있는 점도 투자자들의 관심을 끄는 요인으로 꼽힌다. 앞서 기관투자자 대상 수요예측에서는 1294.99대 1의 경쟁률을 기록했으며 의무보유확약 비율은 47.20%로... ,https://www.cbci.co.kr/news/articleView.html?idxno=583229,https://www.cbci.co.kr/news/articleView.html?idxno=583229,"Fri, 19 Jun 2026 10:18:00 +0900",2026-06-19 10:46:09
방산/우주항공,우주항공 산업,"서울투자진흥재단, 유럽 최대규모 기술박람회서 서울투자 설명회","유럽의 우주항공·인공지능(AI) 등 기업과 투자자들 350여명을 대상으로 서울의 투자환경과 혁신 생태계를... 이들은 서울의 자본 접근성, 우수 인재, 산업 생태계를 소개하며 서울이 아시아 시장 진출의 거점으로서 높은... ",https://www.yna.co.kr/view/AKR20260619050100004?input=1195m,https://n.news.naver.com/mnews/article/001/0016147429?sid=102,"Fri, 19 Jun 2026 09:51:00 +0900",2026-06-19 10:46:09
방산/우주항공,우주항공 산업,"[단독] 고려아연, 美 테네시 대형 물류·오피스 부지 실사 착수…11조 '...",완공 시 반도체·방산·우주항공 등 첨단 산업의 필수 기재인 △게르마늄 △갈륨 △안티모니 등 전략 핵심광물 11종을 포함해 총 13종의 비철금속과 반도체용 황산을 미국 현지에서 독자 생산하게 된다. 미국... ,https://www.theguru.co.kr/news/article.html?no=103291,https://www.theguru.co.kr/news/article.html?no=103291,"Fri, 19 Jun 2026 09:40:00 +0900",2026-06-19 10:46:09
방산/우주항공,우주항공 산업,"져스텍, 공모주 청약 마감일... 삼성증권 균등·비례 살펴보니",최근 져스텍은 반도체 분야 고객 기반을 넓히는 동시에 우주항공 산업을 차세대 성장축으로 육성하고 있다. 인공위성 등에 적용되는 우주용 구동장치 분야로 사업 영역을 확대하며 기존 제조 장비 중심의 매출... ,http://www.joseilbo.com/news/news_read.php?uid=570354&class=53&grp=,https://n.news.naver.com/mnews/article/123/0002385027?sid=101,"Fri, 19 Jun 2026 09:31:00 +0900",2026-06-19 10:46:09
방산/우주항공,우주항공 산업,"서울 투자매력 알렸다...서울투자진흥재단, 비바테크서 '서울포워드' 개...",양자컴퓨팅 기업 '파스칼' 서울 진출 성공사례 공유 AI·양자 등 전략산업 분야 유망기업 대상 1:1 심층... 서울포워드에는 딥테크·우주항공·AI 등 유럽 혁신 생태계를 대표하는 기업과 투자기관 관계자들이... ,https://www.ajunews.com/view/20260619091641488,https://www.ajunews.com/view/20260619091641488,"Fri, 19 Jun 2026 09:20:00 +0900",2026-06-19 10:46:09
방산/우주항공,우주항공 산업,"고양대전환준비위, 자족도시실현국 업무보고…김달수 위원장 &quot;큰 그림보...",해당 보고는 ▶경제자유구역 추진 ▶일산테크노밸리 활성화 ▶창릉신도시 자족용지 기업 유치 ▶기업성장펀드 ▶킨텍스·마이스 산업 활성화 ▶바이오·항공우주·UAM·콘텐츠 산업 육성 등 민경선 고양특례시장 당선인의... ,https://www.joongboo.com/news/articleView.html?idxno=363729192,https://www.joongboo.com/news/articleView.html?idxno=363729192,"Fri, 19 Jun 2026 09:18:00 +0900",2026-06-19 10:46:09
방산/우주항공,우주항공 산업,AI 인수 후폭풍에 열기 식었나…본전으로 돌아간 스페이스X,"막대한 자본이 투입되는 우주 항공 산업의 특성상 단기적인 지출은 불가피하지만, 시장은 주가 하락세를 막을 만한 새로운 한 방이 필요한 상황이다. 이 같은 상황에서 투자자들은 대형 주가 지수 편입에 기대를 걸고... ",https://www.chosun.com/economy/economy_general/2026/06/19/I22TXXOYTRHIVFNM5RC4V2NFWU/?utm_source=naver&utm_medium=referral&utm_campaign=naver-news,https://n.news.naver.com/mnews/article/023/0003982915?sid=101,"Fri, 19 Jun 2026 09:10:00 +0900",2026-06-19 10:46:09
방산/우주항공,우주항공 산업,"서울투자진흥재단, 비바테크서 글로벌 기업과 서울 연결고리 넓혀","특히 딥테크·우주항공·AI 분야를 대표하는 유럽 기업과 투자기관 관계자들이 참석해 서울의 혁신... 패널에는 코렐리아 캐피탈(Korelya Capital), 우주 모빌리티 기업 엑소트레일(Exotrail), 첨단 제조·방위산업 기술기업... ",http://www.enewstoday.co.kr/news/articleView.html?idxno=2440429,http://www.enewstoday.co.kr/news/articleView.html?idxno=2440429,"Fri, 19 Jun 2026 08:55:00 +0900",2026-06-19 10:46:09
방산/우주항공,우주항공 산업,중소·벤처기업 방산 진입장벽 낮춘다...시험평가 통과 후 최종 탈락한...,"이에 따라 비용 보상 제도 신설뿐 아니라 중소·중견 방산업체 전문인력 고용비 지원, 전력지원체계 납품업체의 방위산업공제조합 가입 허용, 우주항공사업자의 공제조합 가입 근거 마련 등의 내용도 함께 반영됐다.... ",https://www.pinpointnews.co.kr/news/articleView.html?idxno=461368,https://www.pinpointnews.co.kr/news/articleView.html?idxno=461368,"Fri, 19 Jun 2026 08:30:00 +0900",2026-06-19 10:46:09
방산/우주항공,우주항공 산업,"서울투자진흥재단, 유럽 최대 테크행사서 '서울포워드' 열었다","서울포워드에는 딥테크·우주항공·AI 등 유럽 혁신 생태계를 대표하는 기업과 투자기관 관계자들이... 캐피탈', 우주 모빌리티 기술을 개발하는 스페이스 테크 기업 '엑소트레일', 첨단 제조 및 방위산업 분야의 기술... ",https://www.mt.co.kr/policy/2026/06/19/2026061908254817475,https://n.news.naver.com/mnews/article/008/0005374221?sid=102,"Fri, 19 Jun 2026 08:29:00 +0900",2026-06-19 10:46:09
방산/우주항공,우주항공 산업,[미국 뉴욕증시] 반도체주 강세에 일제히 상승…다우존스·S&amp;P500·나스닥...,"18일(현지시간) 뉴욕증권거래소에서 다우존스30 산업평균지수는 전 거래일보다 72.15포인트(0.14%) 오른 51,564.... 반면 최근 뉴욕증시에 상장한 우주항공 기업 스페이스X는 차익실현 매물이 이어지며 3.56% 하락했다. 상장... ",https://www.lecturernews.com/news/articleView.html?idxno=204535,https://www.lecturernews.com/news/articleView.html?idxno=204535,"Fri, 19 Jun 2026 08:14:00 +0900",2026-06-19 10:46:09
방산/우주항공,우주항공 산업,[현장] 박상진 산업은행 회장 “스타트업이 국가경쟁력”…넥스트라이...,프로그램인 KDB 넥스트원(NextONE) 및 넥스트원 부산 기업들의 IR 피칭도 진행된다. 산업은행의 벤처투자 유치 플랫폼인 넥스트라운드(NextRound)는 900회를 맞아 우주항공 스페셜라운드를 개최한다. 장호성 한국금융신문 기자,http://www.fntimes.com/html/view.php?ud=2026061813043250175e6e69892f_18,http://www.fntimes.com/html/view.php?ud=2026061813043250175e6e69892f_18,"Fri, 19 Jun 2026 07:02:00 +0900",2026-06-19 10:46:09
방산/우주항공,우주항공 산업,[더벨]LG사이언스파크 &quot;2030년 우주 사업 매출 창출 목표&quot;,최 실장은 LG그룹의 우주산업 추진 전략으로 스핀온을 제시했다. 스핀온 전략은 민간 분야에서 빠르게 발전한 첨단 기술을 국방·항공우주 등 공공·특수 분야에 적용하는 기술 이전 방식을 뜻한다. LG그룹은 이를 통해... ,https://www.thebell.co.kr/free/content/ArticleView.asp?key=202606181540029600106725,https://www.thebell.co.kr/free/content/ArticleView.asp?key=202606181540029600106725,"Fri, 19 Jun 2026 07:02:00 +0900",2026-06-19 10:46:09
방산/우주항공,우주항공 산업,"18년 표류한 미군기지 부지… 의정부, 개발 재시험대",(도심항공교통)·우주항공 클러스터로 조성하겠다는 구상을 밝혔다. 단순한 산업단지 조성을 넘어 연구개발(R&amp;D)과 실증 기능을 갖춘 산업 생태계를 구축하고 관련 기업과 연구기관을 유치하겠다는 계획이다. 공여지... ,https://www.newscj.com/news/articleView.html?idxno=3410358,https://www.newscj.com/news/articleView.html?idxno=3410358,"Fri, 19 Jun 2026 07:02:00 +0900",2026-06-19 10:46:09
방산/우주항공,K방산 수출,"방위산업MICE협회, 수출 영토 확장 나서…전담 조직 신설","이로써 정부의 '세계 4대 방산 수출 강국' 도약이라는 국정과제에 발맞춰 협력 회원사들의 우수한 기술력과 다각적인 협력 기관의 글로벌 네트워크, 협회의 전문적인 MICE 플랫폼 노하우를 결합해 K-방산의 해외 영토... ",http://www.newscape.co.kr/news/articleView.html?idxno=122804,http://www.newscape.co.kr/news/articleView.html?idxno=122804,"Fri, 19 Jun 2026 10:36:00 +0900",2026-06-19 10:46:10
방산/우주항공,K방산 수출,무기 살 돈 넘치는데 기후재원은 부족...&quot;국방비 늘면 탄소배출 뛴다&quot;,"그러면서 &quot;한국정부는, 무기 수출과 'K-방산'의 성장을 자랑할 때, 그 이면에서 전쟁과 분쟁이 자라나고 기후위기가 심화되고 있음을 인식해야 한다. 지금 필요한 것은 군사부문의 탄소배출에 대한 투명한 정보공개... ",https://www.newspenguin.com/news/articleView.html?idxno=21761,https://www.newspenguin.com/news/articleView.html?idxno=21761,"Fri, 19 Jun 2026 10:02:00 +0900",2026-06-19 10:46:10
방산/우주항공,K방산 수출,"현충원 찾은 정기선 회장…HD현대, 호국보훈 76주년 예우 총력","최근 글로벌 지정학적 긴장 고조로 K-방산의 해외 수출과 전후 복구 인프라 수요가 급증하는 가운데, 특수선(함정) 건조와 건설기계를 주력으로 하는 중후장대 기업들에게 주요 우방국과의 긴밀한 스킨십은 핵심적인... ",https://www.mediapen.com/news/view/1105339,https://www.mediapen.com/news/view/1105339,"Fri, 19 Jun 2026 09:58:00 +0900",2026-06-19 10:46:10
방산/우주항공,K방산 수출,K-방산 안방 노리는 독일 라인메탈…폴란드 포탄공장 카드로 '정면 도전...,폴란드를 K-방산의 최대 수출 영토로 다진 한국 방산기업들이 강력한 라이벌의 정면 반격에 직면했다. 비즈니스 인사이더 폴란드는 18일(현지시각) 보도를 통해 세계적인 군수기업인 독일 라인메탈이 폴란드 현지에... ,https://www.g-enews.com/view.php?ud=202606190939207569fbbec65dfb_1,https://www.g-enews.com/view.php?ud=202606190939207569fbbec65dfb_1,"Fri, 19 Jun 2026 09:58:00 +0900",2026-06-19 10:46:10
방산/우주항공,K방산 수출,"한국방위산업MICE협회, ‘해외사업 전담 조직’ 신설…“ 방산 수출 선...","정부의 ‘세계 4대 방산 수출 강국’ 도약이라는 국정과제에 발맞춰, 협회 회원사들의 우수한 기술력과 다각적인 협력 기관의 글로벌 네트워크, 그리고 협회의 전문적인 MICE 플랫폼 노하우가 결합함에 따라 K-방산의 영토... ",https://www.munhwa.com/article/11596698?ref=naver,https://n.news.naver.com/mnews/article/021/0002798856?sid=100,"Fri, 19 Jun 2026 09:55:00 +0900",2026-06-19 10:46:10
방산/우주항공,K방산 수출,"한국방위산업MICE협회, '해외사업 전담 조직' 신설… K-방산 수출 영토 ...","4대 방산 수출 강국' 도약이라는 국정과제에 발맞춰, 협회 회원사들의 우수한 기술력과 다각적인 협력 기관의 글로벌 네트워크, 그리고 협회의 전문적인 MICE 플랫폼 노하우를 결합하겠다는 구상이다. 이를 통해 K-방산의... ",http://www.newsroad.co.kr/news/articleView.html?idxno=60651,http://www.newsroad.co.kr/news/articleView.html?idxno=60651,"Fri, 19 Jun 2026 09:34:00 +0900",2026-06-19 10:46:10
방산/우주항공,K방산 수출,&quot;중국 인도 모두 제쳤다&quot; 韓 'OECD 2위' 기염 [여의도 Pick!],반도체·방산·조선·배터리·변압기까지…. 한국 제조업이 글로벌 무대에서 경쟁력을 입증하고 있습니다.... 이런 추세라면 지난해 2배 이상의 수출이 무난할 전망입니다.K-조선도 침체기를 지나 기지개를 켜고... ,https://news.mtn.co.kr/news-detail/2026061908594426667,https://news.mtn.co.kr/news-detail/2026061908594426667,"Fri, 19 Jun 2026 09:02:00 +0900",2026-06-19 10:46:10
방산/우주항공,K방산 수출,세계가 부르는 K제조업…&quot;킬러 기술 확보하고 AI 무인공장 수출해야&quot;,"반도체·방산·조선·배터리·변압기까지, 한국 제조업이 글로벌 무대에서 경쟁력을 입증하고 있다.... 장영재 카이스트(KAIST) 제조 피지컬 AI연구소장(석좌교수)은 피지컬 AI 기반 무인공장 시스템 수출을 새로운 성장 모델로... ",https://www.mt.co.kr/economy/2026/06/19/2026061611360998922,https://n.news.naver.com/mnews/article/008/0005374213?sid=101,"Fri, 19 Jun 2026 08:00:00 +0900",2026-06-19 10:46:10
방산/우주항공,K방산 수출,"[더벨][비상하는 중견 방산기업] 퍼스텍, 계열사 유콘시스템 IPO로 신사...","국내 주요 방산 수출품인 천궁-II를 비롯해 K-9 자주포, K-2 전차 등에 핵심 부품을 납품하면서 K-방산 수출 확대의 수혜를 누리고 있다는 평가다. AI 생성 이미지. 퍼스텍은 지난해 매출 2948억원과 영업이익 107억원을... ",https://www.thebell.co.kr/free/content/ArticleView.asp?key=202606170938028440103321,https://www.thebell.co.kr/free/content/ArticleView.asp?key=202606170938028440103321,"Fri, 19 Jun 2026 07:02:00 +0900",2026-06-19 10:46:10
방산/우주항공,K방산 수출,[더벨][케이에스시스템 IPO] 'K-방산' 수출 호조에 상장 채비…주관사에...,"최근 K-방산 수출 호조와 무인기 통제소 사업 본격화가 맞물리는 시점에서 상장 준비 적기라고 판단했다. 한화에어로스페이스, LIG넥스원 등 국내 주요 방산 대기업들의 수주 잔고가 110조원을 돌파했다. 올해부터 이들... ",https://www.thebell.co.kr/free/content/ArticleView.asp?key=202606171518098960106683,https://www.thebell.co.kr/free/content/ArticleView.asp?key=202606171518098960106683,"Fri, 19 Jun 2026 07:02:00 +0900",2026-06-19 10:46:10
방산/우주항공,K방산 수출,중동·남미서도 한국어 떼창…&quot;K만 붙어도 흥행&quot; 경제 효과 '상상초월',"반도체·방산·조선·배터리·변압기까지, 한국 제조업이 글로벌 무대에서 경쟁력을 입증하고 있다.... 정도까지 수출 증가세가 이어질지 예측도 어렵다&quot;며 &quot;콘텐츠 앞에 'K'라는 글자가 붙으면 흥행이 보장되는 만큼... ",https://www.mt.co.kr/culture/2026/06/19/2026061114021864278,https://n.news.naver.com/mnews/article/008/0005374200?sid=103,"Fri, 19 Jun 2026 07:00:00 +0900",2026-06-19 10:46:10
방산/우주항공,K방산 수출,미-이란 전쟁 끝나도 무기 문의 계속…재고 보충·전력 재편 수요↑,갖춘 K-방산이 혜택을 볼 수 있다는 분석이 나온다. 강태호 DS투자증권 연구원은 최근 보고서에서 &quot;이란 전쟁 종전은 한국 방위산업에 오히려 긍정적 계기가 될 수 있다&quot;며 &quot;중동 국가들과의 수출 협상이 본격화될... ,https://www.news1.kr/industry/auto-industry/6201669,https://n.news.naver.com/mnews/article/421/0009012010?sid=103,"Fri, 19 Jun 2026 07:00:00 +0900",2026-06-19 10:46:10
방산/우주항공,K방산 수출,&quot;한국식 관리법&quot; SNS 난리더니…가성비 꼬리표 뗀 K뷰티 '세계 2위',"반도체·방산·조선·배터리·변압기까지, 한국 제조업이 글로벌 무대에서 경쟁력을 입증하고 있다.... 지난해 한국 화장품 수출은 사상 처음 110억달러를 돌파했다. 글로벌 수출 순위는 프랑스에 이어 세계 2위까지... ",https://www.mt.co.kr/living/2026/06/19/2026052813591173683,https://n.news.naver.com/mnews/article/008/0005374198?sid=101,"Fri, 19 Jun 2026 06:45:00 +0900",2026-06-19 10:46:10
방산/우주항공,K방산 수출,"HD현대중공업, 한화오션에 이기고도 졌다…KDDX 승패 가른 ‘1.2점 감점...",업계에서는 캐나다 잠수함 사업 등 대형 해외 프로젝트가 추진되는 상황에서 국내 갈등이 수출 경쟁력... 결국 K-해양방산 전체에 부담이 될 수밖에 없다”고 말했다. 최 교수는 “아무에게도 책임을 묻지 않고 누구도... ,https://magazine.hankyung.com/business/article/202606183048b,https://n.news.naver.com/mnews/article/050/0000107495?sid=101,"Fri, 19 Jun 2026 06:44:00 +0900",2026-06-19 10:46:10
철강/조선,철강 주가,'9300' 신고가 또 경신한 코스피 … 반도체 투톱에 매수세 집중,"미국 필라델피아 반도체 지수의 6%대 급등 여파로 SK하이닉스와 삼성전자 등 반도체주가 시장 상승을... 업종별로 보면 석유가스(+3.65%)와 반도체(+3.10%) 등은 상승세를, 에너지(-0.99%)와 철강(-0.65%) 등은 하락세다.... ",https://biz.newdaily.co.kr/site/data/html/2026/06/19/2026061900054.html,https://biz.newdaily.co.kr/site/data/html/2026/06/19/2026061900054.html,"Fri, 19 Jun 2026 09:36:00 +0900",2026-06-19 10:46:11
철강/조선,철강 주가,&quot;삼전닉스 반도체 랠리는 계속된다&quot; 증권사 센터장들이 본 하반기 증시,"이종형 키움증권 리서치센터장은 &quot;이익 모멘텀이 주가 모멘텀을 웃도는 실적 장세가 하반기에도 이어질 것... 특히 업종별로는 에너지·화학, 건설, 중공업, 철강·소재, 금융, 헬스케어, 산업재 등의 이익 전망이 상향조정... ",https://view.asiae.co.kr/article/2026061809080823173,https://n.news.naver.com/mnews/article/277/0005778497?sid=101,"Fri, 19 Jun 2026 07:54:00 +0900",2026-06-19 10:46:11
철강/조선,철강 주가,"키움증권, 종합대상 영예…신예 애널리스트 약진 [제17회 대한민국 애널...","엄주성 / 키움증권 대표&quot;금번 상은 실적 추정이나 목표 주가 등 데이터만을 100% 반영해서 받은 수상이기... 건설·부동산의 박세라 신영증권 연구원, 금융·핀테크의 최정욱 하나증권 연구원, 철강·비철금속의 이정우... ",https://news.mtn.co.kr/news-detail/2026061816134321515,https://news.mtn.co.kr/news-detail/2026061816134321515,"Thu, 18 Jun 2026 17:50:00 +0900",2026-06-19 10:46:11
철강/조선,철강 주가,"전쟁 멈춰도 회수까지는 멀다···건설업계, 중동 '계산기' 다시 켰다",철강·시멘트·아스팔트 등 원유 파생 원자재 의존도가 높은 탓이다. 그 결과 건설공사비지수는 지난 4월... 삼성물산은 2026년 1분기 해외수주가 3370억원으로 1년 전(2조2370억원)보다 84.9% 급감해 5대사 중 감소폭이... ,https://www.greenpostkorea.co.kr/news/articleView.html?idxno=306950,https://www.greenpostkorea.co.kr/news/articleView.html?idxno=306950,"Thu, 18 Jun 2026 16:40:00 +0900",2026-06-19 10:46:11
철강/조선,철강 주가,"탄소중립 해법 찾는다...대신경제연구소, 전환금융 세미나 개최",이번 세미나는 철강·화학 등 탄소 배출이 많은 산업의 탈탄소 전환을 위한 금융 역할과 글로벌 전환금융... 대신증권 주가 정보 ※ 2026년 6월 18일 한국거래소 장마감 기준. 시세는 변동될 수 있습니다.,https://www.pinpointnews.co.kr/news/articleView.html?idxno=461247,https://www.pinpointnews.co.kr/news/articleView.html?idxno=461247,"Thu, 18 Jun 2026 16:30:00 +0900",2026-06-19 10:46:11
철강/조선,철강 주가,[1만피 향하는 K증시] 긴급진단 '하반기 변수는 美 관세와 반도체',다만 현재 주가 상승의 동력이 반도체에 과도하게 집중돼 있다는 점은 한계로 지적했다. 그는 “반도체 외... 자동차·철강·화학 등 수출주 전반에 부담으로 작용할 수 있다”고 전망했다. 특히 시장이 주목하는 것은... ,http://www.segyebiz.com/newsView/20260618514490?OutUrl=naver,http://www.segyebiz.com/newsView/20260618514490?OutUrl=naver,"Thu, 18 Jun 2026 16:24:00 +0900",2026-06-19 10:46:11
철강/조선,철강 주가,'국경 없는 투자' 철학 앞세운 글로벌 영토 확장 전략 통했다,"아무리 외환위기라 하더라도 철강, 조선, 반도체 등 세계적 제조업 기반이 있는 국가의 주가지수가 300이라니, 도저히 상황을 인정할 수 없었다. 나는 한국 제조업의 경쟁력을 믿었다. 보다 많은 국민이 주식 투자를 통해... ",https://www.m-joongang.com/news/articleView.html?idxno=402618,https://www.m-joongang.com/news/articleView.html?idxno=402618,"Thu, 18 Jun 2026 16:10:00 +0900",2026-06-19 10:46:11
철강/조선,철강 주가,체력은 물론 '운칠기삼' 퍼즐까지 받쳐주는 한국 반도체,"중국의 고성장과 인프라 투자 확대가 조선, 철강, 화학, 기계 등 한국 전통 제조업에 강한 수요를 제공했다.... 코스피와 반도체 모두 주가수익비율(PER) 확장보다는 주당순이익(EPS) 전망 상향이 상승을 주도했다. 특히... ",https://www.m-joongang.com/news/articleView.html?idxno=402623,https://www.m-joongang.com/news/articleView.html?idxno=402623,"Thu, 18 Jun 2026 16:10:00 +0900",2026-06-19 10:46:11
철강/조선,철강 주가,반도체가 쓴 한국 자본시장 새 역사 삼전닉스 급등…&quot;이례적인 강세장&quot;,"간밤 뉴욕증시 3대 주가지수는 모두 하락했다. 다우존스30산업평균지수가 0.97% 내렸으며... 업종별로는 전기·전자(4.63%), 보험(3.37%), 의약품(1.20%), 금융업(0.65%) 등이 올랐으나 철강·금속(-5.07%), 건설업(-4.99... ",http://www.smedaily.co.kr/news/articleView.html?idxno=358928,http://www.smedaily.co.kr/news/articleView.html?idxno=358928,"Thu, 18 Jun 2026 16:10:00 +0900",2026-06-19 10:46:11
철강/조선,철강 주가,"[정책리뷰] 사상 첫 코스피 9000 시대, 반도체가 끌어올린 역사적 고점","반면 상당수 중소형주와 전통 제조업, 내수주, 화학·철강·유통 업종 등은 지수 상승의 혜택을 체감하지 못하고 있다는 평가가 나온다. 이는 시가총액 비중이 큰 일부 대형주가 상승하면서 지수 자체를 끌어올리는 구조... ",http://www.financialreview.co.kr/news/articleView.html?idxno=42977,http://www.financialreview.co.kr/news/articleView.html?idxno=42977,"Thu, 18 Jun 2026 15:56:00 +0900",2026-06-19 10:46:11
철강/조선,철강 주가,건설·조선 산업 도미노 붕괴 예고…특수강 확보 전쟁 속 동일스틸럭스...,"넥스틸과 부국철강은 상승 흐름을 이어가고 있으며 신스틸, 문배철강, 코메론, 화인베스틸, 유에스티, 만호제강 등도 견조한 주가 흐름을 보이고 있다. 에너지용 강관과 산업용 철강 제품을 생산하는 기업들은 향후... ",https://www.pinpointnews.co.kr/news/articleView.html?idxno=461195,https://www.pinpointnews.co.kr/news/articleView.html?idxno=461195,"Thu, 18 Jun 2026 14:30:00 +0900",2026-06-19 10:46:11
철강/조선,철강 주가,"[투자전략] 세아제강 상단돌파, LG이노텍 상향…LG디스플레이는 하단 이...","시장의 관심은 반도체와 조선에 집중돼 있지만 실제 이익 모멘텀은 철강과 전력기기로 확산되는 모습이다.... 최근 주가 강세는 반도체와 전력기기에 집중됐지만 실제 컨센서스 상향 폭이 큰 종목은 화학, 정유, 시멘트... ",https://www.topstarnews.net/news/articleView.html?idxno=16100131,https://www.topstarnews.net/news/articleView.html?idxno=16100131,"Thu, 18 Jun 2026 13:28:00 +0900",2026-06-19 10:46:11
철강/조선,철강 주가,"[경제소식] NH농협은행, 보훈회관에 우리쌀 1톤 기부",주가가 일정 수준 아래로 떨어지면 손실이 커지는 낙인 조건은 없다. 기초자산이 급락해 만기까지 수익... 첫 번째 발표에서는 연세대학교 현석 교수가 넷제로 달성의 최대 과제로 꼽히는 철강·화학 등 고탄소 난감축... ,http://www.4th.kr/news/articleView.html?idxno=2113372,http://www.4th.kr/news/articleView.html?idxno=2113372,"Thu, 18 Jun 2026 12:00:00 +0900",2026-06-19 10:46:11
철강/조선,철강 주가,"6G·데이터센터 트래픽 폭증…우리넷, 차세대 패킷 광전송 시장 선도","철도 건설과 소재 분야에서는 삼현철강과 옵티시스, 푸른로보틱스, 제룡전기 등이 하락세를 나타내고 있다.... 고속철과 전동차 수출 확대 기대감은 여전하지만 최근 주가 상승에 따른 부담이 확대되며 조정을 받고 있다.... ",https://www.pinpointnews.co.kr/news/articleView.html?idxno=461129,https://www.pinpointnews.co.kr/news/articleView.html?idxno=461129,"Thu, 18 Jun 2026 10:52:00 +0900",2026-06-19 10:46:11
철강/조선,철강 주가,'100% 정량평가' 베스트 애널리스트 14인 선정…9명 첫 수상 [제17회 대한...,철강·비철금속 이정우(다올투자증권) △통신서비스·소프트웨어 이승웅(유안타증권) △IT장비·전자부품 박준서(미래에셋증권) 등 총 14명이다.대한민국 애널리스트 대상은 기업별 실적 추정치와 목표주가의 정확도를... ,https://news.mtn.co.kr/news-detail/2026061810082679556,https://news.mtn.co.kr/news-detail/2026061810082679556,"Thu, 18 Jun 2026 10:36:00 +0900",2026-06-19 10:46:11
철강/조선,철강 주가,종전 효과 현실로…유가 4일째 급락,"목표주가를 2600달러(약 394만 원)로 제시하며, 현재 주가 400달러 수준에서 향후 4년간 6배 이상 상승... 그 대가로 미국에 수출되는 유럽산 제품에는 최대 15%의 관세율이 적용되며, 미국이 연말까지 철강·알루미늄... ",https://www.sedaily.com/article/20057169?ref=naver,https://n.news.naver.com/mnews/article/011/0004632416?sid=101,"Thu, 18 Jun 2026 10:04:00 +0900",2026-06-19 10:46:11
철강/조선,조선 산업,"연영그룹, 해외투자법인 연영홀딩스와 MOU체결...캄보디아 조선소 등 동...","연영그룹 관계자는 &quot;연영홀딩스를 중심으로 필리핀과 동남아 시장에서 실질적인 사업 기반을 확대하고, 조선·해양산업·관광·인프라를 아우르는 복합 사업 모델을 구축해 나갈 것&quot;이라며 &quot;본사의 자금력과 현지... ",http://www.sisunnews.co.kr/news/articleView.html?idxno=240857,http://www.sisunnews.co.kr/news/articleView.html?idxno=240857,"Fri, 19 Jun 2026 10:42:00 +0900",2026-06-19 10:46:11
철강/조선,조선 산업,카라데니즈 그룹 회장 한국해양대 명예박사 학위,회장이 국립한국해양대 명예박사 학위를 받았습니다. 오스만 회장은 40척 이상의 발전선을 운영하며 개발도상국에 안정적인 에너지 전력을 공급하는 한편 한국 조선산업과의 협력에도 이바지했다는 평가를 받습니다.,https://news.knn.co.kr/news/article/189052,https://news.knn.co.kr/news/article/189052,"Fri, 19 Jun 2026 10:34:00 +0900",2026-06-19 10:46:11
철강/조선,조선 산업,개정 노란봉투법 시행 100일…원청 사용자성 기준 '혼선' 산업 현장 불확...,국가비전2050포럼이 18일 개최한 '노란봉투법 시행 100일' 토론회 모습.[사진=유영훈 기자] 조선업계 역시 산업안전이라는 이유만으로 원청 사용자성이 폭넓게 인정되는 상황을 우려한다. 김성현 한국조선해양플랜트협회... ,http://www.updownnews.co.kr/news/articleView.html?idxno=317625,http://www.updownnews.co.kr/news/articleView.html?idxno=317625,"Fri, 19 Jun 2026 10:10:00 +0900",2026-06-19 10:46:11
철강/조선,조선 산업,목포시장 준비위원회 출범부터 잡음…전문성·공정성 논란,"지역사회 일각에서는 해양수산, 항만물류, 조선산업, 투자유치, 신재생에너지 등 목포의 미래 성장동력과 직결된 분야 전문가를 찾아보기 어렵다는 평가도 내놓고 있다.이해충돌 가능성을 우려하는 목소리도 적지 않다.... ",https://www.asiatoday.co.kr/kn/view.php?key=20260619010006782,https://www.asiatoday.co.kr/kn/view.php?key=20260619010006782,"Fri, 19 Jun 2026 10:10:00 +0900",2026-06-19 10:46:11
철강/조선,조선 산업,K-스틸법에도 철강업계 고심… 탈탄소·보호무역 빗장 여전,통상 마찰 우려로 인해 정부의 전기요금 감면 지원도 불가능해지면서 고품질 강재 개발을 통해 자동차·조선 등 전방산업 공급망과 협력 체계를 다져야 하는 철강사들의 자본 부담은 한층 가중될 것으로 보인다. 이번 K... ,http://www.the-biz.co.kr/news/articleView.html?idxno=722875,http://www.the-biz.co.kr/news/articleView.html?idxno=722875,"Fri, 19 Jun 2026 10:02:00 +0900",2026-06-19 10:46:11
철강/조선,조선 산업,북극항로 주목한 해양 전문가들…“대한민국 미래 성장축 될 것”,"이에 따라 항만 인프라 구축과 스마트항만 기술 개발, 조선산업 경쟁력 강화, 에너지 공급망 확보 등을 연계한 종합적인 국가 전략이 필요하다는 의견이 제시됐다. 박준희 부회장은 “북극항로는 단순한 물류 루트를 넘어... ",https://www.sentv.co.kr/article/view/sentv202606190022,https://www.sentv.co.kr/article/view/sentv202606190022,"Fri, 19 Jun 2026 09:10:00 +0900",2026-06-19 10:46:11
철강/조선,조선 산업,"[한화 AI 전략 ③] '키맨' 김동선, 분할 이후 '피지컬 AI' 성장 이끈다","한화는 방위산업과 조선, 항공우주 등을 주력으로 하는 만큼 젠슨 황과는 직접 접점이 없다. 사실 한화그룹은 AI 시장 전반에서도 크게 두각을 나타내지 않고 있다. 그렇다면 한화그룹은 AI 대전환 시대에 아무것도 하지... ",https://www.seoulfn.com/news/articleView.html?idxno=631428,https://www.seoulfn.com/news/articleView.html?idxno=631428,"Fri, 19 Jun 2026 09:00:00 +0900",2026-06-19 10:46:11
철강/조선,조선 산업,[석화산업 대전환②] 여수·울산·대산까지 번진 석화 한파…지역 고용...,"울산은 조선과 자동차 등 산업 포트폴리오가 다소 분산돼 있지만, 정유·화학 생산액이 111조원으로 단지 전체의 52.4%에 달했다. 최근 흐름은 빠르게 악화되고 있다. 여수와 울산 산단의 석유화학 생산은 2022년 3분기를... ",https://www.thepowernews.co.kr/view.php?ud=202606161642576435de3f0aa1be_7,https://www.thepowernews.co.kr/view.php?ud=202606161642576435de3f0aa1be_7,"Fri, 19 Jun 2026 08:56:00 +0900",2026-06-19 10:46:11
철강/조선,조선 산업,조선소 이주노동자 증가와 노동운동의 과제,"특히 조선 기자재와 블록 생산을 담당하는 사외 협력업체나 수리 조선소 현장에서 보이지 않게 한국의 조선산업을 지탱하는 이주노동자들까지 포함한다면, 이들에 대한 의존도는 공식 통계 수치를 훌쩍 뛰어넘는다.... ",https://www.labortoday.co.kr/news/articleView.html?idxno=235209,https://www.labortoday.co.kr/news/articleView.html?idxno=235209,"Fri, 19 Jun 2026 08:54:00 +0900",2026-06-19 10:46:11
철강/조선,조선 산업,中 강풍에 '뿌리' 흔들리는 K제조업…&quot;경제 안보 위해 지원을&quot;,"철강은 자동차·조선·건설 산업의 기초 소재를 공급하고, 석유화학은 플라스틱·섬유·전자소재 등 제조업 전반의 원료 역할을 담당한다. 디스플레이는 반도체와 함께 한국 첨단 제조업의 경쟁력을 떠받쳐왔다. 개별... ",https://www.mt.co.kr/industry/2026/06/19/2026061311533439336,https://n.news.naver.com/mnews/article/008/0005374205?sid=101,"Fri, 19 Jun 2026 07:30:00 +0900",2026-06-19 10:46:11
철강/조선,조선 산업,철강 숨통 틔울 K-스틸법…조선업계 ‘후판값 오를라’ 촉각,다만 철강업계에 주어진 ‘생존 카드‘가 조선업계 등 수요산업에는 원가 부담으로 작용할 수 있다는 우려도 커지고 있다. 18일 업계에 따르면 전날 글로벌 공급과잉과 탄소 무역규제 강화 등으로 어려움을 겪는 국내... ,https://www.kukinews.com/article/view/kuk202606180134,https://www.kukinews.com/article/view/kuk202606180134,"Fri, 19 Jun 2026 06:02:00 +0900",2026-06-19 10:46:11
철강/조선,조선 산업,[데스크 시각] 수출 웃는데 국민은 왜 웃지 못하나,"과거 제조업 호황은 자동차, 가전, 조선 등 광범위한 산업에서 일자리를 창출했다. 그러나 AI 붐의 중심인 반도체 산업은 막대한 설비투자가 필요하지만 고용 유발 효과는 상대적으로 제한적이다. 두 번째는 자산시장... ",https://www.etoday.co.kr/news/view/2595113,https://www.etoday.co.kr/news/view/2595113,"Fri, 19 Jun 2026 06:00:00 +0900",2026-06-19 10:46:11
철강/조선,조선 산업,"“삼성전자 성과급, 다른 산업 확산되면 공멸”",김영훈 조선해양산업 인적자원개발협의체 SC위원장(경남대 교수)은 “사회적 합의 없는 무분별한 성과급 배분 요구가 기업의 미래 투자 재원을 고갈시키고 산업 생태계를 무너뜨릴 수 있다”고 우려했다. 영업이익 N... ,https://www.chosun.com/economy/industry-company/2026/06/19/QJODVJ6D2NAGVN3EI26UOWKACY/?utm_source=naver&utm_medium=referral&utm_campaign=naver-news,https://n.news.naver.com/mnews/article/023/0003982816?sid=101,"Fri, 19 Jun 2026 00:33:00 +0900",2026-06-19 10:46:11
철강/조선,조선 산업,"[기고] 경남, 사회대통합의 새 시대를 열자- 최충경(경남사회통합위원장...","경남은 대한민국 산업화의 중심지로 성장해왔고, 방산·우주항공·조선·기계 산업 등을 필두로 한 제조업은 여전히 대한민국 산업의 중추적 역할을 담당하고 있다. 하지만 이런 갈등이 지속된다면 경남 산업의 굳건한... ",http://www.knnews.co.kr/news/articleView.php?idxno=1544360,http://www.knnews.co.kr/news/articleView.php?idxno=1544360,"Thu, 18 Jun 2026 19:40:00 +0900",2026-06-19 10:46:11
철강/조선,조선 산업,"코트라, '2026 국제해양안전대전'서 4억 달러 규모 수출상담 성과","이번 행사는 최근 K-조선 산업의 호황이 선박 건조를 넘어 특수선, 성능개량지원(MRO), 현지 공동 건조 등 기술 협력 분야로 확장되는 흐름에 맞춰 마련됐다. 글로벌 조선 시장에서 K-조선은 지난해 318억 달러 수출을... ",https://www.cstimes.com/news/articleView.html?idxno=710298,https://www.cstimes.com/news/articleView.html?idxno=710298,"Thu, 18 Jun 2026 19:32:00 +0900",2026-06-19 10:46:11
철강/조선,조선 산업,"거제대, '친환경 스마트 조선 산업전환 대응 콜로키움' 성료",거제대 산업전환 공동훈련센터는 경남도와 거제시와 협력하여 함정 MRO관련 뿐만 아니라 지역 조선산업에서 필요로 하는 전문 교육 프로그램 개발을 통해 AI·DX 기반 스마트 제조 혁신과 전문 인력 공급의 핵심 기지로서... ,https://news.unn.net/news/articleView.html?idxno=593670,https://news.unn.net/news/articleView.html?idxno=593670,"Thu, 18 Jun 2026 19:22:00 +0900",2026-06-19 10:46:11
철강/조선,조선 산업,"NH아문디·올스프링 &quot;은퇴자산, 수익률보다 손실 시점 중요&quot;","유망 투자 분야로는 인공지능(AI) 관련 산업과 방위산업, 조선업, 기업 지배구조 개선 수혜주, K-컬처 등을 제시했습니다. 올스프링은 향후 AI 산업을 핵심 투자 테마로 삼고 한국 반도체 산업과 글로벌 AI 공급망 전반에... ",http://www.yonhapnewstv.co.kr/news/AKR20260618190927Nql,https://n.news.naver.com/mnews/article/422/0000876158?sid=101,"Thu, 18 Jun 2026 19:10:00 +0900",2026-06-19 10:46:11
철강/조선,선박 수주,"KB증권, HD현대중공업 목표 주가 90만원으로 상향…업황 개선 기대","우선 선박을 새로 수주할 때 적용되는 건조선가가 계속 오르고 있어 매출과 이익의 기반이 좋아지고 있다. 여기에 수익성이 더 높은 선박 비중이 커지는 제품 믹스 개선 효과가 더해지고, 미국 소프트웨어 기업... ",https://www.tokenpost.kr/news/economy/370949,https://www.tokenpost.kr/news/economy/370949,"Fri, 19 Jun 2026 09:44:00 +0900",2026-06-19 10:46:12
철강/조선,선박 수주,"그리스 해운 재벌 3세 '깜짝 회동' HD현대, 지중 동맹군 확보 잰걸음",친환경 선박과 기자재를 전시하고 기술력을 뽐냈다. 현지 파트너사들과 교류하며 안젤로풀로스 이사회... HD현대는 그리스에서 수주 기회를 확대하는 동시에 현지 함정 시장 진출에 본격적으로 나선다. 신규 잠수함... ,https://www.theguru.co.kr/news/article.html?no=103285,https://www.theguru.co.kr/news/article.html?no=103285,"Fri, 19 Jun 2026 09:44:00 +0900",2026-06-19 10:46:12
철강/조선,선박 수주,HD현대중공업 목표가 90만원…&quot;데이터센터 전력 수요도 잡는다&quot;[애널리...,"4월까지 액화천연가스(LNG)선 9척, 액화석유가스(LPG)선 9척, 컨테이너선 22척, 석유화학제품운반선(PC선) 25척 등 92억6000만달러를 수주했고, 5월 이후 공시된 선박까지 더하면 6월18일 기준 105억달러를 웃돈다는... ",https://www.newsway.co.kr/news/view?ud=2026061909102523237,https://www.newsway.co.kr/news/view?ud=2026061909102523237,"Fri, 19 Jun 2026 09:14:00 +0900",2026-06-19 10:46:12
철강/조선,선박 수주,‘선박건조 순항’ 중견조선 1분기 합산매출 3조 돌파,조선사 측은 “조선 부문의 친환경선박 개발과 원가 우위 선종 중심의 선별 수주를 이뤄내고 고속정 등 핵심사업을 중심으로 한 수주 전략과 원가 관리를 고도화한 게 실적 개선으로 이어졌다”고 밝혔다.... ,https://www.ksg.co.kr/news/main_newsView.jsp?pNum=147434,https://www.ksg.co.kr/news/main_newsView.jsp?pNum=147434,"Fri, 19 Jun 2026 09:10:00 +0900",2026-06-19 10:46:12
철강/조선,선박 수주,한화그룹 부회장 김동관의 혜안과 뚝심 : 필리조선소 인수 후 2년 승부수...,김 부회장은 2025년 8월 한화필리조선소에 50억 달러(약 6조9500억 원) 투자를 발표하며 당시 연간 1~1.5척 수준이었던 선박 건조능력을 20척까지 확대할 계획을 세웠다. 이는 국내 조선 업체들이 미국 조선 시장 진출에... ,https://www.huffingtonpost.kr/article/258072,https://www.huffingtonpost.kr/article/258072,"Fri, 19 Jun 2026 09:06:00 +0900",2026-06-19 10:46:12
철강/조선,선박 수주,6월 18일 주식시장 주요공시,"2026년5월 수주액 12.41억달러(전년동월대비 +197.60%) ▶HD현대마린엔진, Wuhu Shipyard Co., Ltd.와 279.99억원(최근 매출액대비 7.0%) 규모 공급계약(선박엔진) 체결(계약기간:2026-06-17~2028-09-30) ▶HD현대중공업... ",https://www.catchnews.kr/news/articleView.html?idxno=125163,https://www.catchnews.kr/news/articleView.html?idxno=125163,"Fri, 19 Jun 2026 08:46:00 +0900",2026-06-19 10:46:12
철강/조선,선박 수주,"KB證 &quot;HD현대중공업, 2분기도 호실적 전망…목표가↑&quot;","아울러 &quot;올해 상반기 조선/해양부문 신규수주가 100억 달러를 넘어섰다&quot;며 &quot;4월까지 LNG선과 LPG선 각각 9척, 컨테이너선 22척, PC선 25척 등 92억6000만달러를 수주했는데, 5월 이후 수주공시 된 선박들을 더하면 현재 105억... ",https://www.ajunews.com/view/20260619082209369,https://www.ajunews.com/view/20260619082209369,"Fri, 19 Jun 2026 08:24:00 +0900",2026-06-19 10:46:12
철강/조선,선박 수주,美 휘발유 가격 갤런당 4달러 아래로…3월 이후 처음,전쟁 전 수준으로 정상화되기까지는 상당한 시간이 걸릴 것으로 보고 있다. 해협 곳곳에 기뢰가 남아 있는 데다 전쟁으로 발이 묶였던 수백 척의 선박이 대기하고 있어 항로 정상화에는 수주가 소요될 수 있다는 분석이다.,https://www.edaily.co.kr/news/newspath.asp?newsid=02797846645483360,https://n.news.naver.com/mnews/article/018/0006309520?sid=101,"Fri, 19 Jun 2026 07:58:00 +0900",2026-06-19 10:46:12
철강/조선,선박 수주,"HD현대중공업, 상반기 조선·해양 신규 수주 '100억 달러 돌파'…&quot;데이터...","이어 &quot;지난 4월까지 LNG선 9척, LPG선 9척, 컨테이너선 22척, PC선 25척 등 총 92.6억 달러를 수주한 데 이어, 5월 이후 수주 공시된 선박들을 합산하면 6월 18일 현재 수주 금액은 105억 달러를 상회할 것&quot;이라고 내다봤다.... ",http://www.newsprime.co.kr/news/article.html?no=737302,http://www.newsprime.co.kr/news/article.html?no=737302,"Fri, 19 Jun 2026 07:30:00 +0900",2026-06-19 10:46:12
철강/조선,선박 수주,[르포] 삼성重서 독립해 한화오션 LNG선까지 뚫었다… 외산 벽 넘는 에스...,그 결과 가장 까다로운 LNG선 기자재 수주까지 따낸 것이다. 수십 년간 전 세계 고성능 선박 제어 시장을 독점하다시피 한 노르웨이 선박 기자재 업체 콩스버그와의 맞대결에서도 성과를 거두고 있다. 견고한 독점... ,https://biz.chosun.com/industry/company/2026/06/19/37ERNJK63NDFXCJFTKEQE5QSFU/?utm_source=naver&utm_medium=original&utm_campaign=biz,https://n.news.naver.com/mnews/article/366/0001172825?sid=101,"Fri, 19 Jun 2026 06:01:00 +0900",2026-06-19 10:46:12
철강/조선,선박 수주,제조업 없이 AI도 없다..골드러시 준비해야[우보세],선박용 엔진이 데이터센터 전력 인프라용으로 각광받는 트렌드를 활용해 수주에 성공했다. 기존 아날로그 제조업이 AI 분야로 비즈니스를 확장한 좋은 사례다. 기업들은 이같은 기회를 놓치면 안된다. AI 데이터센터나... ,https://www.mt.co.kr/industry/2026/06/19/2026061717485223728,https://n.news.naver.com/mnews/article/008/0005374176?sid=101,"Fri, 19 Jun 2026 05:50:00 +0900",2026-06-19 10:46:12
철강/조선,선박 수주,"[N2 포커스] 청구서는 이제부터다… 미-이란 종전, 그리고 다섯 가지 장...","선박 운항 정상화와 보험료 안정, 재고 재축적 등에 상당한 시간이 필요해 국제유가가 전쟁 이전 수준으로 빠르게 복귀하기는 쉽지 않다는 분석이다. 호르무즈 봉쇄로 세계 원유 생산량이 약 10% 감소한 상태로, 유가는... ",https://www.news2day.co.kr/article/20260619500010,https://www.news2day.co.kr/article/20260619500010,"Fri, 19 Jun 2026 05:24:00 +0900",2026-06-19 10:46:12
철강/조선,선박 수주,한화오션 향한 증권가 기대감 확대…목표주가 평균 17만원선 눈앞,"이는 최근 6개월 동안 국내 주요 증권사들이 제시한 평균 목표주가인 16만9850원과 유사한 수준으로, 시장의... 업계에서는 글로벌 선박 발주 증가와 친환경 선박 수요 확대, 방산 사업 성장 가능성 등을 긍정적인 요인으로... ",https://www.cbci.co.kr/news/articleView.html?idxno=583115,https://www.cbci.co.kr/news/articleView.html?idxno=583115,"Fri, 19 Jun 2026 00:00:00 +0900",2026-06-19 10:46:12
철강/조선,선박 수주,"AI가 먼저 위험을 본다…씨드로닉스, 소방정·감시정 잇단 수주",AI 선박 자율운항 솔루션 기업 씨드로닉스가 관공선 시장에서 존재감을 확대하고 있다. 씨드로닉스는 AI 운항 지원 모니터링 시스템 ‘NAVISS Bridge’를 앞세워 국내 소방정과 감시정 사업을 잇달아 수주하며 관공선... ,https://www.venturesquare.net/1092078/,https://www.venturesquare.net/1092078/,"Thu, 18 Jun 2026 21:07:00 +0900",2026-06-19 10:46:12
철강/조선,선박 수주,"사우디 초대형 유조선 3척, 美·이란 합의 서명 뒤 호르무즈 통과",이들 유조선은 최근 수 주 동안 사우디 항구에서 호르무즈 해협을 거쳐 출항한 물량 가운데 최대 규모다. 호르무즈 해협에선 그동안 미·이란 간 군사적 충돌에 따른 위험 노출 때문에 선박들이 위치 정보를 숨긴 채... ,https://www.news1.kr/world/middleeast-africa/6201891,https://n.news.naver.com/mnews/article/421/0009011771?sid=104,"Thu, 18 Jun 2026 19:27:00 +0900",2026-06-19 10:46:12
철강/조선,선박 수주,美해군 지원함 수주길 열린다,"다만 후속 선박의 생산과 공급망은 미국으로 되돌리는 것을 전제로, 외국 업체의 미국 해양산업 기반... 이에 따라 한국 조선업계의 미국 진출은 단순 수주 경쟁을 넘어 미국 조선산업 재건에 참여하는 방식으로 확대될... ",https://www.imaeil.com/page/view/2026061815491205456,https://n.news.naver.com/mnews/article/088/0001015278?sid=104,"Thu, 18 Jun 2026 19:05:00 +0900",2026-06-19 10:46:12
철강/조선,선박 수주,"동해안서 실적 쌓고 서해안으로…LS전선·대한전선, HVDC 본게임 채비",통합 수주 체계를 강화하고 있다. LS마린솔루션은 케이블 적재 중량 1만3000톤급 초대형 HVDC 해저케이블 포설선 건조에 착수했으며 해당 선박은 총 중량 1만8800톤 규모로 HVDC 해저케이블과 광케이블을 동시에 포설할 수... ,https://www.econovill.com/news/articleView.html?idxno=742810,https://www.econovill.com/news/articleView.html?idxno=742810,"Thu, 18 Jun 2026 18:26:00 +0900",2026-06-19 10:46:12
철강/조선,선박 수주,"삼성전자 &quot;반도체 설계 부문, 1분기 매출 호조…신사업 속도&quot;","최대 수준의 매출을 달성했지만 시장 변화와 수요 위축으로 연간 기준 적자가 불가피하다”고 말했다. 박... 이 회사는 전자·정보기술(IT) 제조 기술자, 공조냉동 기술자, 선박 제조 기술자, 중장비 운전 기능사, 온라인... ",https://www.hankyung.com/article/2026061851001,https://n.news.naver.com/mnews/article/015/0005300332?sid=101,"Thu, 18 Jun 2026 17:27:00 +0900",2026-06-19 10:46:12
에너지/석유,에너지 주가,[특징주] 지분가치 상승·SMR 사업 기대감…삼성물산 9%↑,"삼성물산이 강세를 보이는 건 증권가에서 지분가치와 에너지 사업 모멘텀을 기반으로 목표주가를 상향한 영향으로 풀이된다. 이날 LS증권은 삼성물산에 대해 투자의견 '매수'를 유지하고, 목표주가를 기존... ",https://www.newsworks.co.kr/news/articleView.html?idxno=844421,https://www.newsworks.co.kr/news/articleView.html?idxno=844421,"Fri, 19 Jun 2026 10:14:00 +0900",2026-06-19 10:46:13
에너지/석유,에너지 주가,"美 증시, 금요일 휴장...목요일 '옥수수·대두·밀'이 가격 방향성 결정",미국 주가지수 선물은 전날 연방공개시장위원회 회의 이후 약세를 보였지만 목요일 새벽에는 반등했다. 미국과 이란 정상이 전쟁 종식을 목표로 한 양해각서에 서명했다는 소식도 시장에 반영됐다. 에너지와 금속... ,http://coinreaders.com/243236,http://coinreaders.com/243236,"Fri, 19 Jun 2026 10:02:00 +0900",2026-06-19 10:46:13
에너지/석유,에너지 주가,나스닥 1.91%↑…반도체 강세·美-이란 MOU에 상승 마감,인텔 주가는 10.64% 상승했다. 장중 한때 12% 넘게 오르며 135.13달러로 사상 최고가를 기록했다. 트럼프... 국제에너지기구(IEA)에 따르면 이번 분쟁 기간 호르무즈 해협 봉쇄로 세계 원유시장에서는 하루 1400만배럴... ,https://www.newstopkorea.com/news/articleView.html?idxno=45661,https://www.newstopkorea.com/news/articleView.html?idxno=45661,"Fri, 19 Jun 2026 10:00:00 +0900",2026-06-19 10:46:13
에너지/석유,에너지 주가,트럼프 &quot;유가 급락·증시 최고치가 이번 종전 합의 옳았다는 증거&quot;,그러면서 &quot;시장은 현재 유가가 크게 하락하고 주가가 상승하는 상황을 매우 긍정적으로 평가하고 있다&quot;며 &quot;이번 합의는 세계 경제와 에너지 시장 안정에 중요한 전환점이 될 것&quot;이라고 강조했다.,https://www.joongangenews.com/news/articleView.html?idxno=526927,https://www.joongangenews.com/news/articleView.html?idxno=526927,"Fri, 19 Jun 2026 09:54:00 +0900",2026-06-19 10:46:13
에너지/석유,에너지 주가,"코스피 장중 2%대 상승 9290선 '사상 최고가', 원/달러 환율 1537.4원 출발",삼성물산(12.26%) 삼성생명(8.32%) SK스퀘어(7.18%) SK하이닉스(5.05%) 삼성전기(4.73%) LG에너지솔루션(3.25%) 삼성전자우(2.19%) 삼성전자(1.93%) 등 8개 종목 주가는 오르고 있다. HD현대중공업(-0.88%) 주가는 내리고 있다.... ,https://www.businesspost.co.kr/BP?command=article_view&num=440364,https://www.businesspost.co.kr/BP?command=article_view&num=440364,"Fri, 19 Jun 2026 09:54:00 +0900",2026-06-19 10:46:13
에너지/석유,석유 시장,"檢, ‘기름값 담합’ HD현대오일뱅크 직원 구속…정유 4사 수사 확대",유류와 석유제품 가격을 임의로 올리거나 동결하는 등 담합한 것으로 보고 있다. 검찰은 이란 전쟁 발발... 검찰은 정유사들이 자영 주유소에 자사 물량만 구매하도록 종용해 시장 가격을 통제한 의혹을 조사 중이다. 단순... ,https://www.seoul.co.kr/news/society/2026/06/19/20260619500063?wlog_tag3=naver,https://n.news.naver.com/mnews/article/081/0003654093?sid=102,"Fri, 19 Jun 2026 10:44:00 +0900",2026-06-19 10:46:14
에너지/석유,석유 시장,"5월 생산자물가지수 0.8% 올라, 고유가와 증시 호조에 9개월 연속 상승",반면 석탄 및 석유제품은 같은 기간 2.3% 내렸다. 주식시장 활황도 생산자물가지수 오름세에 영향을 준 것으로 파악된다. 5월 금융 및 보험서비스 부문의 생산자물가지수는 4월보다 8.3% 올랐다. 1995년 통계 작성 뒤... ,https://www.businesspost.co.kr/BP?command=article_view&num=440361,https://www.businesspost.co.kr/BP?command=article_view&num=440361,"Fri, 19 Jun 2026 10:34:00 +0900",2026-06-19 10:46:14
에너지/석유,석유 시장,"[해설 : 산유국 호주, 한국산 석유 수입 절실한 배경은]",특히 생산 석유제품의 절반 이상을 수출하는 등 세계 석유시장에서 생산량을 조절해 전체 수급에 영향을 끼칠 수 있는 '스윙 프로듀서(swing producer)'로 평가받고 있다. 실제로 2025년 기준 우리나라는 총 10억 2844만... ,http://www.e-platform.net/news/articleView.html?idxno=103109,http://www.e-platform.net/news/articleView.html?idxno=103109,"Fri, 19 Jun 2026 10:32:00 +0900",2026-06-19 10:46:14
에너지/석유,석유 시장,트럼프 &quot;경제 공황 막으려 이란과 종전…내 권력에 한계는 없다&quot;,이어 &quot;폭격이 이어지는 한 호르무즈 해협은 사실상 폐쇄 상태로 남게 된다&quot;며 &quot;우리는 수개월 동안 석유를... 그는 자신의 대이란 정책을 비판하는 강경파들을 향해 &quot;주식시장이 사상 최고치를 기록하고 유가가 급락하는... ,https://www.hidomin.com/news/articleView.html?idxno=710023,https://www.hidomin.com/news/articleView.html?idxno=710023,"Fri, 19 Jun 2026 10:30:00 +0900",2026-06-19 10:46:14
에너지/석유,석유 시장,'유가 담합' HD현대오일뱅크 부서장 구속…정유사 수사 확대,한국석유협회를 압수수색하는 등 수사를 이어왔다. HD현대오일뱅크 관계자가 구속되면서 다른 정유사 관계자들의 추가 신병 확보시도 등 후속수사도 속도를 낼 것으로 보인다. 앞서 이재명 대통령은 &quot;어려운 시장환경을... ,http://www.seouleconews.com/news/articleView.html?idxno=91908,http://www.seouleconews.com/news/articleView.html?idxno=91908,"Fri, 19 Jun 2026 10:30:00 +0900",2026-06-19 10:46:14
에너지/석유,석유 시장,"&quot;후버가 되긴 싫었다&quot;…트럼프 이란 협상, 힘 아닌 두려움의 산물-WSJ",트럼프 대통령은 이날 트루스소셜에 &quot;내가 이란에 충분히 강경하지 않았다고 생각하는 바보들은 주식시장이... 트럼프 대통령은 또 &quot;약 4주 안에 석유 비축량이 바닥난다&quot;며 호르무즈 해협을 개방할 다른 방법이 없었다고... ,https://www.newsis.com/view/NISX20260619_0003675403,https://n.news.naver.com/mnews/article/003/0014015841?sid=104,"Fri, 19 Jun 2026 10:27:00 +0900",2026-06-19 10:46:14
에너지/석유,석유 시장,고유가·고환율에 생산자물가 8%대 상승…&quot;중동전쟁 충격&quot;,연합뉴스 주식과 석유 가격이 상승하면서 5월 생산자물가지수가 올랐다. 19일 한국은행에 따르면 올해... 주식 시장 활성화 등의 영향으로 위탁매매수수료는 전월 대비 22.2% 올랐다. 전년 동월과 비교하면 154.5... ,http://www.newsfc.co.kr/news/articleView.html?idxno=79384,http://www.newsfc.co.kr/news/articleView.html?idxno=79384,"Fri, 19 Jun 2026 10:20:00 +0900",2026-06-19 10:46:14
에너지/석유,석유 시장,6차 최고가격 '유지' 카드 꺼낸 정부 &quot;추후 결정&quot;,"정산위원회는 △원가 등 산정 △적정 수준 마진 결정 △재정지원 신청서류 검증 △지원금액 지급 여부·지급액수 검토 등에 대해 심의할 계획이다. 회계·법률 분야, 석유시장 분야 전문가·정부위원 등 20인 이내로 구성된다.",http://www.newsprime.co.kr/news/article.html?no=737351,http://www.newsprime.co.kr/news/article.html?no=737351,"Fri, 19 Jun 2026 10:18:00 +0900",2026-06-19 10:46:14
에너지/석유,석유 시장,"HD현대오일뱅크, '유가 담합 의혹' 임직원 1명 구속…수사 본격화","검찰은 이들 기업이 미국과 이란의 전쟁 등으로 국제 석유 시장의 변동성이 극심해진 상황을 악용해, 부당한 이득을 취할 목적으로 시장 가격을 인위적으로 끌어올렸다고 의심하고 있다. 이번 정유사 카르텔 수사는 지난... ",https://www.newsinside.kr/news/articleView.html?idxno=4774156,https://www.newsinside.kr/news/articleView.html?idxno=4774156,"Fri, 19 Jun 2026 10:14:00 +0900",2026-06-19 10:46:14
에너지/석유,석유 시장,[Why] 세계 최대 석유 위기라더니… 국제유가 200달러 전망 빗나간 이유,미국 브루킹스연구소의 로빈 브룩스 선임연구원은 영국 파이낸셜타임스(FT)와의 인터뷰에서 “2022년 러시아의 우크라이나 침공 당시에도 비슷한 종말론적 유가 전망이 나왔지만 현실화되지 않았다”면서 “석유 시장은... ,https://biz.chosun.com/international/international_economy/2026/06/19/AKNSG437FRDANPSEU4CFG73WDQ/?utm_source=naver&utm_medium=original&utm_campaign=biz,https://n.news.naver.com/mnews/article/366/0001172892?sid=104,"Fri, 19 Jun 2026 10:12:00 +0900",2026-06-19 10:46:14
에너지/석유,석유 시장,오세훈 “탈모 지원보다 일 경험”…청년 인턴십 6.3대 1 몰렸다,산학 협력의 실질적 성과를 높이려면 시장 수요 맞춤형 기술 개발과 교수 평가 체계 개편이 필요하다는... 국가산단에 석유화학 특화 ‘버티컬 AI’ 모델과 실증 인프라를 구축하는 사업을 추진 중이다.... ,https://www.sedaily.com/article/20057659?ref=naver,https://n.news.naver.com/mnews/article/011/0004632848?sid=101,"Fri, 19 Jun 2026 10:09:00 +0900",2026-06-19 10:46:14
에너지/석유,석유 시장,"'유가 담합 의혹' HD현대오일뱅크 직원 구속…檢, 정유 4사 수사 확대",대한석유협회를 압수수색한 뒤 가격 결정 부서 관계자들의 휴대전화를 확보하는 등 수사해왔다. 검찰은 정유사들의 가격 결정 구조를 본 결과 사안을 단순한 시장 가격 변동이 아닌 '유가 교란 범죄'로 보고 있다. 국제... ,https://view.asiae.co.kr/article/2026061908450613611,https://n.news.naver.com/mnews/article/277/0005778682?sid=102,"Fri, 19 Jun 2026 10:09:00 +0900",2026-06-19 10:46:14
에너지/석유,석유 시장,"“기회손실 쏙 빼고 원가만?”…정유업계, 정부 손실보전안에 ‘부글’...",일반 제조업과 달리 정유산업은 국내 판매 가격이 싱가포르 시장 등 국제 석유제품 가격(MOPS)에 철저히 연동되는 구조다. 따라서 최고가격제가 없었다면 국제 시세에 맞춰 수출 등을 통해 얻을 수 있었던 ‘기회손실’까지... ,https://biz.heraldcorp.com/article/10781625?ref=naver,https://n.news.naver.com/mnews/article/016/0002658775?sid=101,"Fri, 19 Jun 2026 10:06:00 +0900",2026-06-19 10:46:14
에너지/석유,석유 시장,트럼프 “세계 경제 공황 막으려 이란과 합의…권력 한계 없다”,"이어 “우리는 몇 달 동안 석유를 공급받지 못할 것이다. 폭탄을 투하하는 한, 그곳(호르무즈 해협)은... 트럼프 대통령은 “주식시장이 방금 사상 최고 기록을 세우고 유가가 급락하는 상황에서 내가 이란에 대해 충분히... ",https://news.kbs.co.kr/news/pc/view/view.do?ncd=8590343&ref=A,https://n.news.naver.com/mnews/article/056/0012202975?sid=104,"Fri, 19 Jun 2026 10:06:00 +0900",2026-06-19 10:46:14
에너지/석유,석유 시장,"검찰, '유가 담합 의혹' HD현대오일뱅크 부서장 구속",석유협회를 압수수색하는 등 관련 수사를 이어왔다. 이번 구속을 계기로 검찰이 다른 정유사 관계자들에 대한 추가 신병 확보에 나서는 등 수사 강도를 높일 것으로 전망된다. 한편 이재명 대통령은 최근 &quot;어려운 시장... ,https://www.delighti.co.kr/news/articleView.html?idxno=117910,https://www.delighti.co.kr/news/articleView.html?idxno=117910,"Fri, 19 Jun 2026 10:02:00 +0900",2026-06-19 10:46:14
에너지/석유,석유 시장,"생산자물가 9개월 연속 상승…전년 대비 8.5%↑, 3년 10개월 만에 최고치","석탄 및 석유제품은 전년 동월 대비 77.5% 급등했지만, 원유 공급 차질 완화로 나프타·솔벤트 가격이... 이번 수치는 국제 원자재 가격 변동과 금융시장 활황이 국내 생산자물가에 직접적인 영향을 미치고 있음을... ",http://www.queen.co.kr/news/articleView.html?idxno=458897,http://www.queen.co.kr/news/articleView.html?idxno=458897,"Fri, 19 Jun 2026 10:00:00 +0900",2026-06-19 10:46:14
에너지/석유,정유 산업,"&quot;우크라이나가 불타면 모스크바도 불탈 것&quot;…우크라, 러시아 대규모 드...","공격 대상에는 모스크바 정유시설이 포함됐으며, 해당 시설은 이번 주 들어 두 번째 공격을 받은 것으로... 또한 유럽과 미국을 향해 러시아의 국방·에너지 산업에 대한 추가 제재를 촉구하며 &quot;우크라이나인뿐 아니라... ",https://www.sportschosun.com/life/2026-06-19/202606190100132660008626,https://n.news.naver.com/mnews/article/076/0004417217?sid=102,"Fri, 19 Jun 2026 09:54:00 +0900",2026-06-19 10:46:15
에너지/석유,정유 산업,"&quot;트럼프가 돈줄 열어줬다&quot;⋯92조 '오일머니'로 이란 경제 부활, 한국도 ...","정유·석유화학·항공·해운 등 에너지 비용 비중이 높은 산업은 생산비와 물류비 부담 완화에 따른 수익성 개선 효과를 기대할 수 있다. 소비자 입장에서도 휘발유와 경유 가격 안정, 전기료와 물류비 상승 압력 완화 등을... ",http://www.inews24.com/view/1977919,https://n.news.naver.com/mnews/article/031/0001036183?sid=104,"Fri, 19 Jun 2026 09:33:00 +0900",2026-06-19 10:46:15
에너지/석유,정유 산업,최고가격제 손실보전 고시…'실제 원가' 기준 산정 놓고 진통 예고,[사진=뉴시스] ［뉴시안= 조현선 기자］미국·이란 전쟁 종전 여파로 정유·석유화학 업계에 '원가 하락 손실... 산업통상자원부는 지난 18일 석유 및 석유대체연료 사업법을 바탕으로 한 석유판매가격 최고액 지정에 따른... ,http://www.newsian.co.kr/news/articleView.html?idxno=91164,http://www.newsian.co.kr/news/articleView.html?idxno=91164,"Fri, 19 Jun 2026 09:30:00 +0900",2026-06-19 10:46:15
에너지/석유,정유 산업,"코난테크놀로지, STK 2026서 '비전플로우' 수요 확인…제조·에너지 기업...","이를 계기로 모빌리티 제조사와 배터리, 정유, 에너지, 엔지니어링, 건설 분야 관계자들이 부스를 방문해... 기능이 산업 현장에 적합하다는 평가를 받았다. 코난테크놀로지는 확보한 PoC를 바탕으로 제조·플랜트... ",https://www.epnc.co.kr/news/articleView.html?idxno=403236,https://www.epnc.co.kr/news/articleView.html?idxno=403236,"Fri, 19 Jun 2026 09:26:00 +0900",2026-06-19 10:46:15
에너지/석유,정유 산업,"[기고]트럼프는 무엇을 얻었고, 이란은 무엇을 지켰는가김태준의 美·이...","전력망과 정유시설, 항만과 산업시설의 피해는 단기간에 복구하기 어려운 수준이었다. 따라서 전쟁 이후의 재건 문제는 이란 정부에게 매우 중요한 과제였다. MOU에 포함된 재건 협력과 경제 회복 관련 조항들은 이란이... ",https://www.munhwa.com/article/11596677?ref=naver,https://n.news.naver.com/mnews/article/021/0002798835?sid=100,"Fri, 19 Jun 2026 09:22:00 +0900",2026-06-19 10:46:15
에너지/석유,정유 산업,"[단독 : 중동전쟁 초기 호주, 한국 정부에 석유 수출 'SOS']",수 있는 역량을 보유하고 있다&quot;며 &quot;원유 도입선 다변화와 정유산업 경쟁력 제고가 결합될 경우 석유 공급망 강화에 시너지 효과를 낼 수 있다는 점에서 한국 정유산업을 공급망 안보 자산으로 활용해야 한다&quot;고 제안했다.,http://www.e-platform.net/news/articleView.html?idxno=103142,http://www.e-platform.net/news/articleView.html?idxno=103142,"Fri, 19 Jun 2026 09:10:00 +0900",2026-06-19 10:46:15
에너지/석유,정유 산업,석유 최고가격 유지…&quot;종전·국제유가 보며 추후 결정&quot;,산업통상부 산업자원안보실장 (어제) - &quot;7차 최고가격은 호르무즈 해협 통항 재개 등 종전이 실체적으로 진전이 있는지 여부와 국제 유가 상황을 좀 더 지켜보고 판단할 계획입니다.&quot; 최고가격제에 따른 정유업계의 누적... ,http://www.mbn.co.kr/pages/news/newsView.php?news_seq_no=5200673,https://n.news.naver.com/mnews/article/057/0001954552?sid=101,"Fri, 19 Jun 2026 08:07:00 +0900",2026-06-19 10:46:15
에너지/석유,정유 산업,"미국-이란 종전, '석유 다시 흐르려면' 아직 살얼음",폭격으로 가동이 중단된 중동 지역 정유시설 복구에도 시간이 필요하지요. 당장 호르무즈 해협에 설치된... 반도체 등 첨단 산업 분야에서 대체할 수 없는 전략적 가치를 바탕으로 미국과 글로벌 공급망 안정과 안보 분야의... ,https://kids.donga.com/news/articleView.html?idxno=169169,https://kids.donga.com/news/articleView.html?idxno=169169,"Fri, 19 Jun 2026 08:00:00 +0900",2026-06-19 10:46:15
에너지/석유,정유 산업,중동 종전에도 석유 최고가격제 유지...정유사 부담 커진다,산업부는 최고가격제 시행에 따른 정유사 손실 보전 작업에도 착수했다. 우선 '석유 판매 가격 최고액 지정에 따른 손실 보전을 위한 재정 지원 규정'이 10일간 행정예고 된다. 손실 보전 기준이 되는 원가에는 ▲원유... ,https://www.newspim.com/news/view/20260618001074,https://www.newspim.com/news/view/20260618001074,"Fri, 19 Jun 2026 07:43:00 +0900",2026-06-19 10:46:15
에너지/석유,정유 산업,정부 '석유제품 최고 가격제' 손실 보전 재정지원 고시,산업통상부는 18일 이에 대한 '재정지원 규정안'을 발표하고 10일 간 행정예고에 돌입한다고 발표했다. 이번 고시안은 핵심이 정유사 손실액을 산정할 때 이들이 실제로 지출한 원가를 기준으로 삼겠다는 점이다. 원유... ,https://www.todayenergy.kr/news/articleView.html?idxno=299269,https://www.todayenergy.kr/news/articleView.html?idxno=299269,"Fri, 19 Jun 2026 07:06:00 +0900",2026-06-19 10:46:15
에너지/석유,정유 산업,시위대 봉쇄로 칼 빌려 출국한 펜싱대표팀… 세계일보 &quot;공권력 나서야&quot;,"한국 기업은 건설, 플랜트, 정유, 석유화학, 도로, 항만, 철도, 선박, 자동차, 가전 사업 등에서 경쟁력이 있고... 한국일보는 &lt;신입 학력 제한 없앤 SK하이닉스… AI가 바꾼 인재상&gt;에서 &quot;산업화 시대엔 지식을 빨리 습득하고... ",https://www.mediatoday.co.kr/news/articleView.html?idxno=335248,https://n.news.naver.com/mnews/article/006/0000136344?sid=102,"Fri, 19 Jun 2026 07:00:00 +0900",2026-06-19 10:46:15
에너지/석유,정유 산업,‘석유최고가격’ 손실분 원가 기준 보전… 정산은 어떻게,원가는 정유사별로 다르게 산정될 예정이다. 양기욱 산업부 산업자원안보실장은 브리핑에서 “원가가 기준이라는 점을 다시 한번 명확히 했다”며 “(산정방식은) 정유사들로부터 어떤 비용이 들어가야 하는지 의견을... ,https://www.segye.com/newsView/20260618518753?OutUrl=naver,https://n.news.naver.com/mnews/article/022/0004136669?sid=101,"Fri, 19 Jun 2026 06:05:00 +0900",2026-06-19 10:46:15
에너지/석유,정유 산업,90% 급감한 중동 수주 반등하나...미·이란 종전 논의에 건설업계 ′촉...,"전후 복구가 단순 토목공사에 그치지 않고 정유·석유화학 플랜트, 발전소, 가스전, 항만, 담수화 시설... 발전소와 해수담수화 시설 등 비에너지 산업 인프라 복구에도 최대 80억달러(약 12조2000억원)가 추가로 필요할... ",https://www.newspim.com/news/view/20260618000974,https://www.newspim.com/news/view/20260618000974,"Fri, 19 Jun 2026 06:00:00 +0900",2026-06-19 10:46:15
에너지/석유,정유 산업,美·이란 종전에도 석유 최고가 유지…출구전략 들어갔나,"산업부는 원유 도입 비용과 생산·판매 비용을 기준으로 손실보전 규모를 산정한다. 이에 정유업계가 주장한 3조원 이상의 보전 규모에는 미치지 않겠지만, 일정 수준의 재정 지출은 불가피할 전망이다. 양 실장은... ",https://www.newsis.com/view/NISX20260618_0003674864,https://n.news.naver.com/mnews/article/003/0014015243?sid=101,"Fri, 19 Jun 2026 05:30:00 +0900",2026-06-19 10:46:15
화학/소재,화학 주가,"5월 생산자물가, 석탄·석유 하락에도 9개월째 상승···산업용도시가...","공산품은 화학제품(1.8%), 1차금속제품(1.4%), 컴퓨터·전자 및 광학기기(1.6%) 등 오르며 전월 대비 0.7... 없고 주가가 계속 상승한다고 가정하면 위탁매매수수료 오름세는 이어질 것&quot;이라고 내다봤다. 물가변동의... ",https://www.todaykorea.co.kr/news/articleView.html?idxno=402861,https://www.todaykorea.co.kr/news/articleView.html?idxno=402861,"Fri, 19 Jun 2026 10:38:00 +0900",2026-06-19 10:46:16
화학/소재,화학 주가,5월 생산자물가 9개월째 상승…고유가 파급 속 석탄·석유 하락 전환,"주가 상승으로 위탁매매수수료가 22.2% 상승한 영향으로, 이 역시 1998년 12월 23.0% 이후 최대 오름폭이다. 공산품은 전달보다 0.7% 상승했다. 화학제품(1.8%), 1차금속제품(1.4%), 컴퓨터·전자 및 광학기기(1.6%) 등이... ",http://www.whitepaper.co.kr/news/articleView.html?idxno=263681,http://www.whitepaper.co.kr/news/articleView.html?idxno=263681,"Fri, 19 Jun 2026 10:20:00 +0900",2026-06-19 10:46:16
화학/소재,화학 주가,유가 후폭풍에 5월 생산자물가 0.8%↑… 9개월째 오름세,"부문별로 보면 공산품은 화학제품(1.8%), 1차 금속제품(1.4%), 컴퓨터·전자 및 광학기기(1.6%) 등이 오르며... 이 팀장은 &quot;수수료율 변동이 없고 주가가 계속 상승한다고 가정할 경우 위탁 매매 수수료는 계속 오를... ",https://www.hankookilbo.com/news/article/A2026061823530002268?did=NA,https://n.news.naver.com/mnews/article/469/0000937385?sid=101,"Fri, 19 Jun 2026 10:06:00 +0900",2026-06-19 10:46:16
화학/소재,화학 주가,5월 생산자물가 0.8% 상승…유가 여파·증시 호조에 9개월째 오름세,"품목별로 보면 공산품은 화학제품(1.8%), 1차 금속제품(1.4%) 등을 중심으로 0.7% 올랐다. 그간 급등했던 석탄... 주가 상승으로 위탁매매수수료(22.2%)가 폭등한 영향이 컸다. 반면 농림수산품은 농산물(-3.9%)을 중심으로 0.8... ",https://www.delighti.co.kr/news/articleView.html?idxno=117911,https://www.delighti.co.kr/news/articleView.html?idxno=117911,"Fri, 19 Jun 2026 10:04:00 +0900",2026-06-19 10:46:16
화학/소재,화학 주가,생산자물가 9개월 연속 상승…유가·증시 영향에 서비스 가격 급등,"영향이 화학제품과 산업용 도시가스, 항공서비스 등에 시차를 두고 반영됐다&quot;고 설명했다. 또 &quot;주가 상승으로 위탁매매수수료가 크게 늘면서 금융·보험서비스 가격 상승을 이끌었다&quot;며 &quot;수수료율 변동 없이 증시... ",https://www.cbci.co.kr/news/articleView.html?idxno=583213,https://www.cbci.co.kr/news/articleView.html?idxno=583213,"Fri, 19 Jun 2026 09:54:00 +0900",2026-06-19 10:46:16
화학/소재,화학 주가,5월 생산자물가 지수 0.8% 상승…고유가·증시호조에 9개월 연속↑,"두고 화학제품, 산업용 도시가스, 항공서비스 등에서 나타났다&quot;며 &quot;금융 및 보험 서비스도 증시 호조로 올랐다&quot;고 분석했다. 특히, 그는 금융 및 보험서비스 가격 상승에 관해 &quot;주가가 오르면서 위탁매매수수료가 큰... ",https://www.g-enews.com/view.php?ud=202606190820103335bb91c46fcd_1,https://www.g-enews.com/view.php?ud=202606190820103335bb91c46fcd_1,"Fri, 19 Jun 2026 09:38:00 +0900",2026-06-19 10:46:16
화학/소재,화학 주가,5월 생산자물가 0.8%↑·9개월째 상승…금융·도시가스 인상 여파,"주가 상승에 따른 위탁매매 수수료 증가 등으로 금융 및 보험 서비스(8.3%)가 크게 올랐고, 국제항공여객과... 석탄 및 석유제품(-2.3%)은 전월에 비해 소폭 내렸으나 황산, 컨테이너박스 등 화학제품(1.8%)과 동1차정련품... ",http://www.newsprime.co.kr/news/article.html?no=737332,http://www.newsprime.co.kr/news/article.html?no=737332,"Fri, 19 Jun 2026 09:38:00 +0900",2026-06-19 10:46:16
화학/소재,화학 주가,"美-이란, 종전MOU 이행 착수⋯뉴욕증시, 상승 마감 外 [오늘의 주요뉴스...","반도체주가 강세를 보이면서 18일(현지시간) 뉴욕증시가 상승 마감했습니다. 이날 뉴욕증권거래소(NYSE)... 공산품은 화학제품, 1차 금속제품, 컴퓨터·전자 및 광학기기를 중심으로 0.7% 올랐고, 전력·가스·수도 및... ",https://www.etoday.co.kr/news/view/2595216,https://www.etoday.co.kr/news/view/2595216,"Fri, 19 Jun 2026 09:32:00 +0900",2026-06-19 10:46:16
화학/소재,화학 주가,주식·석유가격 상승에 5월 생산자물가 9개월 연속 올라,"(자료=한국은행) 석탄 및 석유제품, 화학제품 물가 상승과 주가 상승으로 인한 서비스 물가 지수가 5월 생산자물가지수를 끌어올리는데 크게 작용했다. 석탄 및 석유제품 물가는 전월 대비 2.3% 낮아졌으나 전월... ",https://zdnet.co.kr/view/?no=20260619091726,https://n.news.naver.com/mnews/article/092/0002427271?sid=105,"Fri, 19 Jun 2026 09:31:00 +0900",2026-06-19 10:46:16
화학/소재,화학 주가,고유가 파급·증시 호조에...5월 생산자물가 9개월째 상승,"품목별로는 화학제품 1.8%, 1차 금속제품 1.4%, 컴퓨터·전자·광학기기 1.6% 등을 중심으로 공산품이 0.7... 주가 급등으로 금융·보험서비스 생산자물가는 8.3% 올라 1995년 통계 작성 이후 역대 최고 상승률을... ",https://www.ytn.co.kr/_ln/0102_202606190911326785,https://n.news.naver.com/mnews/article/052/0002368466?sid=101,"Fri, 19 Jun 2026 09:11:00 +0900",2026-06-19 10:46:16
화학/소재,화학 주가,생산자물가 9개월 연속 상승…고유가·고환율에 전년比 8.5% 급등,"화학제품이 1.8%, 1차 금속제품이 1.4%, 컴퓨터·전자 및 광학기기가 1.6% 올랐다. 특히 반도체는 6.6%, 컴퓨터 및 주변기기는 9.9% 상승하며 오름세가 두드러졌다. 서비스 물가도 1.2% 상승했다. 주가 상승에 따른 위탁매매... ",http://www.srtimes.kr/news/articleView.html?idxno=205625,http://www.srtimes.kr/news/articleView.html?idxno=205625,"Fri, 19 Jun 2026 09:02:00 +0900",2026-06-19 10:46:16
화학/소재,화학 주가,"日닛케이, 사상 첫 7만엔 돌파...일본판 M7이 상승 주도","대형주가 이끌고 있다는 점이 특징이다. 시장에서는 키옥시아홀딩스, 소프트뱅크그룹(SBG), 도쿄일렉트론, 무라타제작소, 어드밴테스트, 히타치제작소, 신에츠화학공업 등 7개 기업을 '일본판 매그니피센트7(M7)'으로... ",https://www.newspim.com/news/view/20260619000173,https://www.newspim.com/news/view/20260619000173,"Fri, 19 Jun 2026 08:59:00 +0900",2026-06-19 10:46:16
화학/소재,화학 주가,유가 여파·증시 호조 영향…생산자물가 9개월 연속 상승,"두고 화학제품, 산업용 도시가스, 항공서비스 등에 반영됐다&quot;고 설명했다. 이어 &quot;주가 상승으로 위탁매매수수료가 큰 폭으로 올랐다&quot;며 &quot;수수료율 변동이 없고 증시 강세가 이어진다면 금융 및 보험서비스 가격... ",https://www.youthdaily.co.kr/news/article.html?no=221252,https://www.youthdaily.co.kr/news/article.html?no=221252,"Fri, 19 Jun 2026 08:58:00 +0900",2026-06-19 10:46:16
화학/소재,화학 주가,5월 생산자물가 0.8%↑…금융 서비스 ‘역대 최고’,"두고 화학제품, 산업용 도시가스, 항공서비스 등에서 나타났다”며 “금융 및 보험 서비스도 증시 호조로 올랐다”고 분석했습니다. 특히 금융 및 보험서비스 가격 상승에 관해선 “주가가 오르면서... ",https://news.kbs.co.kr/news/pc/view/view.do?ncd=8590315&ref=A,https://n.news.naver.com/mnews/article/056/0012202950?sid=101,"Fri, 19 Jun 2026 08:56:00 +0900",2026-06-19 10:46:16
화학/소재,화학 주가,“불 붙은 증시가 물가까지 끌어올렸다”…5월 생산자물가 9개월째 상승,"두고 화학제품, 산업용 도시가스, 항공서비스 등에 반영됐다”고 설명했다. 이어 “금융 및 보험서비스 가격 상승은 증시 호조에 따른 위탁매매수수료 증가 영향”이라며 “수수료율 변동 없이 주가 상승세가... ",https://www.mk.co.kr/article/12078139,https://n.news.naver.com/mnews/article/009/0005695966?sid=101,"Fri, 19 Jun 2026 08:54:00 +0900",2026-06-19 10:46:16
화학/소재,화학 주가,"아마존, AI 칩 외부 판매 추진…엔비디아 아성 도전",그는 양자컴퓨터가 기존 컴퓨터보다 단순히 빠른 것이 아니라 화학·소재과학 등 기존 컴퓨터로 풀기... 이 소식에 아마존 주가는 18일 전 거래일 대비 2.90%(6.89달러) 오른 244.39달러에 마감했습니다. (사진=연합뉴스),https://news.sbs.co.kr/news/endPage.do?news_id=N1008617830&plink=ORI&cooper=NAVER,https://n.news.naver.com/mnews/article/055/0001365662?sid=104,"Fri, 19 Jun 2026 08:51:00 +0900",2026-06-19 10:46:16
화학/소재,소재 산업,공예를 일상 속 문화로…28일까지 ‘공예주간’ 개최,"칠곡·구미 권역에서는 철강·자동차·전자 등 지역 산업 소재를 공예로 재해석한 전시가, 제주·서귀포 권역에서는 흠 있는 생활 공예품을 저렴하게 만날 수 있는 ‘파치마켓’이 펼쳐진다. 전국의... ",https://biz.heraldcorp.com/article/10781667?ref=naver,https://n.news.naver.com/mnews/article/016/0002658800?sid=103,"Fri, 19 Jun 2026 10:45:00 +0900",2026-06-19 10:46:16
화학/소재,소재 산업,“투자만으론 부족해”… 일본제철이 US스틸 인수 후 배운 美 생존법,"워싱턴 소재 싱크탱크 허드슨 인스티튜트의 윌리엄 차우 선임연구원은 “미국에 투자하는 기업들은 현재 미국의 산업·정치 환경을 이해해야 한다”며 “사업 계획이 미국 제조업 경쟁력과 노동자, 국가안보 강화에... ",https://biz.chosun.com/international/international_economy/2026/06/19/EBONVAXK7NFEXC2YX53FFJ653Y/?utm_source=naver&utm_medium=original&utm_campaign=biz,https://n.news.naver.com/mnews/article/366/0001172901?sid=104,"Fri, 19 Jun 2026 10:36:00 +0900",2026-06-19 10:46:16
화학/소재,소재 산업,"버려진 폐기물, 산업 원료로 부활…기후부, 순환경제 선도기업 16곳 지정","아주경제=김성서 기자 biblekim@ajunews.com 정부가 전기·전자, 반도체 소재, 철강, 식품 등 주요 산업에서 버려지는 폐기물이 다시 산업 원료로 활용하는 순환경제 실증에 나선다. 기후에너지환경부는 19일 서울 강남구... ",https://www.ajunews.com/view/20260619100645635,https://www.ajunews.com/view/20260619100645635,"Fri, 19 Jun 2026 10:32:00 +0900",2026-06-19 10:46:16
화학/소재,소재 산업,"해썹인증원, ㈜우성 글로벌 수준 안전관리체계 구축 MOU 체결","한국식품안전관리인증원(이하 해썹인증원)은 지난 17일 충북 청주 소재 본원에서 국내외 안전관리 환경 변화에 선제적으로 대응하고 글로벌 해썹 확산, 스마트 해썹 관리체계 구축을 통해 산업계의 안전관리 역량과... ",https://www.aflnews.co.kr/news/articleView.html?idxno=322677,https://www.aflnews.co.kr/news/articleView.html?idxno=322677,"Fri, 19 Jun 2026 10:32:00 +0900",2026-06-19 10:46:16
화학/소재,소재 산업,국내 축산물 수출 활성화 장 마련,식품의약품안전처는 지난 17일 국내 축산물의 해외 시장진출을 확대하고자 전북 익산 소재 ㈜하림에서... 한편 식약처는 앞으로도 식품 산업 현장의 목소리가 수출 동력으로 이어질 수 있도록 국민과 긴밀히 소통하고... ,https://www.aflnews.co.kr/news/articleView.html?idxno=322676,https://www.aflnews.co.kr/news/articleView.html?idxno=322676,"Fri, 19 Jun 2026 10:32:00 +0900",2026-06-19 10:46:16
화학/소재,소재 산업,순환경제 선도기업·산단 16곳 첫 지정…LG전자·포스코·삼양식품 참여,"선도기업·산업단지 육성을 위한 업무협약’을 체결했다. 이날 협약에는 전기·전자, 반도체 소재, 철강, 식품 등 주요 업종의 기업 16곳이 참여했다. 이번 지정은 중동전쟁으로 공급망 불안이 심화하는 상황에서 수입... ",https://www.edaily.co.kr/news/newspath.asp?newsid=03585046645483360,https://n.news.naver.com/mnews/article/018/0006309712?sid=102,"Fri, 19 Jun 2026 10:31:00 +0900",2026-06-19 10:46:16
화학/소재,소재 산업,반도체 제조 공정 재생원료 사용 시범사업…폐냉매 재활용도,"앞으로 반도체 소재업종에서도 희소금속 재활용과 재생원료 사용이 확대될 전망이다. 전기·전자, 철강, 식품까지 산업계 전반에서 순환이용이 보편화될지 주목된다. 기후에너지환경부와 한국환경공단은 19일 서울... ",https://www.nocutnews.co.kr/news/6535499?utm_source=naver&utm_medium=article&utm_campaign=20260619103037,https://n.news.naver.com/mnews/article/079/0004159631?sid=103,"Fri, 19 Jun 2026 10:31:00 +0900",2026-06-19 10:46:16
화학/소재,소재 산업,폐냉매 재활용-러퍼비시 사업 실증...가전제품 자원순환 생태계 확산 나...,전기전자·반도체 소재·철강(원료/저탄소 공정)·식품 등 4개의 분야로 구분돼 각 분야별로 실천 과제가... 경남 산업 육성을 위한 핵심 지원 거점인 경남테크노파크는 지자체 협력 기반 냉매 회수 체계 구축과 관리... ,http://www.osen.co.kr/article/G1112824427,https://n.news.naver.com/mnews/article/109/0005556530?sid=105,"Fri, 19 Jun 2026 10:31:00 +0900",2026-06-19 10:46:16
화학/소재,소재 산업,"“반도체 핵심광물도 재활용”…기후부, 순환경제 선도기업 16곳 첫 지정",가장 주목되는 분야는 반도체 소재 산업이다. PKC와 아데카코리아는 반도체 제조 공정에서 발생하는 부산물로부터 희소금속인 하프늄(Hf)을 회수해 재생원료를 생산하고 이를 다시 반도체 공정에 투입하는 순환체계를... ,https://www.etnews.com/20260619000045,https://n.news.naver.com/mnews/article/030/0003439306?sid=101,"Fri, 19 Jun 2026 10:31:00 +0900",2026-06-19 10:46:16
화학/소재,소재 산업,순환경제 선도기업 16곳 첫 선정…폐자원 산업화 속도,"선정된 기업과 산업단지는 전기·전자, 반도체 소재, 철강, 식품 등 4개 업종에서 재생원료 생산과 공정부산물 순환이용, 제품 재사용 등을 추진한다. 기업 간 재생원료 가치사슬과 산업단지를 연계해 수입 원료를 국내... ",https://news.tf.co.kr/read/economy/2334400.htm,https://n.news.naver.com/mnews/article/629/0000508929?sid=101,"Fri, 19 Jun 2026 10:30:00 +0900",2026-06-19 10:46:16
화학/소재,소재 산업,"LG전자, 가전제품 자원순환 생태계 확산 발 벗고 나선다","전기전자·반도체 소재·철강(원료/저탄소 공정)·식품 등 4개 분야에서 재생원료 사용 강화, 공정부산물... 경남 산업 육성을 위한 핵심 지원 거점인 경남테크노파크는 지자체 협력 기반 냉매 회수 체계 구축과 관리... ",https://www.epnc.co.kr/news/articleView.html?idxno=403230,https://www.epnc.co.kr/news/articleView.html?idxno=403230,"Fri, 19 Jun 2026 10:30:00 +0900",2026-06-19 10:46:16
화학/소재,소재 산업,"기후부, 순환경제 선도기업·산업단지 16곳 첫 지정","기후에너지환경부가 전기·전자, 반도체 소재, 철강, 식품 등 주요 업종의 기업·산업단지 16곳을 순환경제 선도기업·산업단지로 지정하고 재생원료 활용 확산에 나선다. 기후부는 19일 서울 강남구 포스코센터에서... ",https://www.newsis.com/view/NISX20260619_0003675450,https://n.news.naver.com/mnews/article/003/0014015848?sid=101,"Fri, 19 Jun 2026 10:30:00 +0900",2026-06-19 10:46:16
화학/소재,소재 산업,순환경제 선도기업 16곳 선정,기후에너지환경부(장관 김성환)는 6월 19일 오전 포스코센터(서울 강남구 소재)에서 순환경제 선도기업 및 산업단지로 선정된 16곳의 기업 및 한국환경공단과 함께 '순환경제 선도기업·산업단지 육성을 위한 업무협약'을... ,https://www.bosa.co.kr/news/articleView.html?idxno=3006585,https://www.bosa.co.kr/news/articleView.html?idxno=3006585,"Fri, 19 Jun 2026 10:30:00 +0900",2026-06-19 10:46:16
화학/소재,신소재 시장,"코스모신소재, 국민권익위 ‘윤리경영 자율준수 프로그램’ 참여 기업 ...","특히 글로벌 이차전지 소재 및 MLCC용 이형필름 시장에서 사업을 확대하고 있는 코스모신소재는 ESG 경영과 준법경영을 기업 경쟁력의 핵심 요소로 삼고 있으며, 국제 기준에 부합하는 윤리경영 체계 구축을 통해... ",http://amenews.kr/news/view.php?idx=67140,http://amenews.kr/news/view.php?idx=67140,"Fri, 19 Jun 2026 10:10:00 +0900",2026-06-19 10:46:17
화학/소재,신소재 시장,"형지I&amp;C, 中 시장 공략 속도... 유럽·일본·중국 '글로벌 삼각 축' 완성","앞서 일본 시장에서는 온·오프라인과 홈쇼핑을 결합한 ‘옴니패션’전략을 가동하고, 유럽에서는 이탈리아 프리미엄 기능성 소재 기업 카르비코와 친환경·고기능성 신소재 동맹을 구축한 데 이어, 이번 중국 내 연이은... ",https://www.fashionbiz.co.kr/article/227214,https://www.fashionbiz.co.kr/article/227214,"Fri, 19 Jun 2026 10:08:00 +0900",2026-06-19 10:46:17
화학/소재,신소재 시장,"형지I&amp;C, 상하이 국영기관 손잡고 中 대륙 영토 확장 속도","글로벌 시장 삼각 편대 완성 중국 상하이에 대륙 시장 안착을 위한 강력한 민관 협력 교두보가 마련됐다.... 이로써 온·오프라인 및 홈쇼핑을 결합한 옴니패션 전략의 일본, 기능성 신소재 동맹을 구축한 유럽에 이어... ",https://www.etoday.co.kr/news/view/2595257,https://www.etoday.co.kr/news/view/2595257,"Fri, 19 Jun 2026 09:38:00 +0900",2026-06-19 10:46:17
화학/소재,신소재 시장,아마존 AI칩 외부 판매 승부수…엔비디아 독주에 도전장,"아마존이 자체 개발한 인공지능(AI) 반도체를 외부 기업에 직접 판매하는 방안을 추진하며 AI 인프라 시장... 양자컴퓨터는 단순히 계산 속도를 높이는 수준을 넘어 신약 개발, 화학 분석, 신소재 연구 등 기존 컴퓨터가... ",https://www.mstoday.co.kr/news/articleView.html?idxno=101898,https://www.mstoday.co.kr/news/articleView.html?idxno=101898,"Fri, 19 Jun 2026 09:38:00 +0900",2026-06-19 10:46:17
화학/소재,신소재 시장,"경북도, 산자부 공모 3개 과제 석권…국비 300억 확보",경상북도가 미래 첨단기술 시장의 주도권을 쥐기 위한 핵심 소재·부품 실증 인프라와 인공지능(AI) 기반... 이를 통해 도는 '꿈의 신소재'라 불리는 그래핀의 공정 검증과 제품 실증을 아우르는 국가 차원의 핵심 거점을... ,https://www.gukjenews.com/news/articleView.html?idxno=3611407,https://www.gukjenews.com/news/articleView.html?idxno=3611407,"Fri, 19 Jun 2026 09:00:00 +0900",2026-06-19 10:46:17
화학/소재,신소재 시장,완판된 아마존 AI 반도체…빅테크 판도 뒤집을 변수 될까,"반도체 시장의 경쟁 구도가 새로운 국면을 맞고 있다. 그동안 AI 칩 시장을 사실상 장악해 온 엔비디아... 그는 양자컴퓨터가 기존 컴퓨터보다 단순히 계산 속도가 빠른 개념이 아니라 화학, 신소재 개발, 복잡한 최적화... ",https://www.pinpointnews.co.kr/news/articleView.html?idxno=461348,https://www.pinpointnews.co.kr/news/articleView.html?idxno=461348,"Fri, 19 Jun 2026 07:46:00 +0900",2026-06-19 10:46:17
화학/소재,신소재 시장,"코트라, 日 나고야서 미래차 '기술교류전' 개최","이번 교류전은 이러한 일본 시장 흐름을 정조준했다. 부스 참가 전체 67개사 중 절반에 가까운 30개사가 전동화·지능화 관련 품목을 선보였다. 다른 참가기업들도 정밀가공, 신소재, 모터 부품 등을 앞세워 일본... ",https://www.dongponews.net/news/articleView.html?idxno=58813,https://www.dongponews.net/news/articleView.html?idxno=58813,"Fri, 19 Jun 2026 07:26:00 +0900",2026-06-19 10:46:17
화학/소재,신소재 시장,"[이넷뉴스 브랜드평판] 삼성SDI, 2차전지 상장기업 6월 1위... 포스코홀...","소셜가치, 시장가치, 재무가치로 나누게 된다. 브랜드평판지수는 소비자들의 온라인 습관이 브랜드... 코스모신소재, 후성, 씨아이에스, 신성델타테크, 엔켐, 솔루스첨단소재, 한솔케미칼, 솔브레인... ",https://www.enetnews.co.kr/news/articleView.html?idxno=51340,https://www.enetnews.co.kr/news/articleView.html?idxno=51340,"Fri, 19 Jun 2026 06:04:00 +0900",2026-06-19 10:46:17
화학/소재,신소재 시장,中 TCL 추격에 삼성·LG 동시 응전…'콘텐츠·광고'가 새 경쟁축 부상,[삼성전자] TCL 등 중국 가전업계가 가격 경쟁력을 무기로 글로벌 TV 시장 점유율을 끌어올리면서 국내... 문대규 순천향대 디스플레이신소재공학과 교수는 &quot;저가형 TV는 중국 업체와 경쟁이 쉽지 않아 국내... ,https://www.ziksir.com/news/articleView.html?idxno=137336,https://www.ziksir.com/news/articleView.html?idxno=137336,"Fri, 19 Jun 2026 06:00:00 +0900",2026-06-19 10:46:17
화학/소재,신소재 시장,"&quot;한국은 야망 갖춘 제조국&quot; 젠슨 황 낙점…AI 시대, 절호의 기회 왔다",콘텐츠 산업은 이미 글로벌 시장에서 독보적인 영향력을 확보했다. '오징어 게임'과 BTS로 대표되는 한국... 한다&quot;며 &quot;우주·로봇 등 첨단 산업에 활용되는 고부가가치 신소재 중심으로 시설 투자를 확대해야 한다&quot;고 말했다.,https://www.mt.co.kr/economy/2026/06/19/2026061608304656815,https://n.news.naver.com/mnews/article/008/0005374187?sid=101,"Fri, 19 Jun 2026 06:00:00 +0900",2026-06-19 10:46:17
화학/소재,신소재 시장,"[스페이스X조만장자 시대, 富란 무엇인가②] 안주하면 해체...살아남은...",소수의 초고액 자산가들에게로 자본이 집중되는 현상이 글로벌 자본시장의 화두로 떠오르고 있다. 1조달러가... 이에 더해 라이크라 등 현대 제조업 전반에 없어서는 안 될 필수 신소재를 다수 개발했다. 전 세계 산업... ,https://www.financialpost.co.kr/news/articleView.html?idxno=263030,https://www.financialpost.co.kr/news/articleView.html?idxno=263030,"Fri, 19 Jun 2026 02:26:00 +0900",2026-06-19 10:46:17
화학/소재,신소재 시장,"&quot;이제는 소재다&quot;... K뷰티, 차세대 소재 개발 경쟁 본격화","기반 신소재 개발 등 기술 중심 산업으로 빠르게 진화하는 모습이다. 특히 최근에는 마이크로바이옴, 유산균, ECM(세포외기질), 스마트팜 원료 등 첨단 바이오 기술이 화장품과 이너뷰티 시장의 핵심 키워드로 부상하고... ",https://www.meconomynews.com/news/articleView.html?idxno=132091,https://www.meconomynews.com/news/articleView.html?idxno=132091,"Fri, 19 Jun 2026 00:24:00 +0900",2026-06-19 10:46:17
화학/소재,신소재 시장,오늘(19일) 코스닥 상장 '메리츠제2호스팩' 합병 업종은?,"메리츠제2호스팩이 오는 19일 코스닥시장에 상장한다. 메리츠제2호스팩의 합병 대상 업종은 바이오제약... 응용, 신소재·나노융합, 고부가 식품산업, 엔터테인먼트, 자동차 부품 제조, IT 및 반도체, 기타 미래 성장... ",http://www.newswell.co.kr/news/articleView.html?idxno=19555,http://www.newswell.co.kr/news/articleView.html?idxno=19555,"Fri, 19 Jun 2026 00:02:00 +0900",2026-06-19 10:46:17
화학/소재,신소재 시장,[패트롤]홍천군-평창군-횡성군,홍천전통시장 안에 자리한 이음터는 군민들이 일상생활 공간에서 군정과 민원 상담을 할 수 있도록 마련된... 횡성군과 상지대학교는 이를 기반으로 농축산 분야 현장 문제 해결과 바이오 신소재 연구 등을 공동 추진하고... ,https://www.ekn.kr/web/view.php?key=20260618021224533,https://www.ekn.kr/web/view.php?key=20260618021224533,"Thu, 18 Jun 2026 21:06:00 +0900",2026-06-19 10:46:17
화학/소재,신소재 시장,"경북도, 국비 300억 확보...미래 첨단 신산업 기반 가속화",우선 '꿈의 신소재'로 불리는 그래핀의 상용화를 앞당기기 위해 오는 2030년까지 총 143억 원(국비 100억 원)을... 반도체와 디스플레이 시장의 게임 체인저로 부상한 '전자유리' 부품소재 상용화 거점은 구미에 조성된다.... ,https://www.getnews.co.kr/news/articleView.html?idxno=872764,https://www.getnews.co.kr/news/articleView.html?idxno=872764,"Thu, 18 Jun 2026 17:48:00 +0900",2026-06-19 10:46:17
통신/5G,통신 주가,[EZ 클릭] 30조원 회사채로 빚 갈아타기 나선 스페이스X,"파이낸셜타임스(FT)와 로이터통신 등에 따르면 스페이스X는 이르면 다음 주 주요 투자자들과 만나 10년 만기... 반대로 투자자들이 높은 위험 프리미엄을 요구할 경우, 최근 주가 조정과 맞물려 성장성에 대한 의구심이... ",https://www.ezyeconomy.com/news/articleView.html?idxno=236531,https://www.ezyeconomy.com/news/articleView.html?idxno=236531,"Fri, 19 Jun 2026 10:32:00 +0900",2026-06-19 10:46:18
통신/5G,통신 주가,"트럼프 &quot;이스라엘, 모든 전선서 공격 중단해야&quot;",트럼프 대통령은 이어 &quot;시장은 유가 하락과 주가 상승을 긍정적으로 받아들이고... AFP통신 보도에 따르면 밴스 부통령은 &quot;내가 이스라엘 정부 각료라면 세계에 남은... ,http://www.breaknews.com/1215387,http://www.breaknews.com/1215387,"Fri, 19 Jun 2026 10:04:00 +0900",2026-06-19 10:46:18
통신/5G,통신 주가,"아칸다(AKAN), -1,199만 달러 자본잠식에도 나스닥 상장 사수…180일 유예...","동시에 아칸다는 4월 1대 4.5 비율의 주식 병합을 단행하며 주가 방어에 나섰고, 발행 주식 수는 약 240만... 이는 기업용 통신 수요가 높은 바히오 산업지대를 중심으로 네트워크 밀도를 높이고 ‘고마진 디지털... ",https://www.tokenpost.kr/news/market/370956,https://www.tokenpost.kr/news/market/370956,"Fri, 19 Jun 2026 10:04:00 +0900",2026-06-19 10:46:18
통신/5G,통신 주가,"[금융권 이모저모]NH투자증권, 연금자산 20조원 돌파 外","적립식 ETF 서비스와 인공지능(AI) 알고리즘 기반 로보어드바이저 일임서비스, 퇴직연금 전용 주가연계증권... 위한 통신·결제 결합 상품을 출시하고 매장 운영 지원에 나선다고 19일 밝혔다. 양사는 사업자 전용... ",https://www.businessplus.kr/news/articleView.html?idxno=113069,https://www.businessplus.kr/news/articleView.html?idxno=113069,"Fri, 19 Jun 2026 10:00:00 +0900",2026-06-19 10:46:18
통신/5G,통신 주가,"코스피, 꿈의 지수 1만 가나?...'반도체의 힘' 어디까지","미국 증시에서 마이크론, 샌디스크 등 메모리 반도체주가 급등한 데다 코스피200 야간선물도 강세를... 로이터통신은 18일(현지시간) 삼성전자와 SK하이닉스가 급등하는 이유는 AI 서버 투자 확대와 HBM 수요... ",https://www.job-post.co.kr/news/articleView.html?idxno=218626,https://www.job-post.co.kr/news/articleView.html?idxno=218626,"Fri, 19 Jun 2026 09:58:00 +0900",2026-06-19 10:46:18
통신/5G,통신 주가,"[속보] 빛과전자, 장중 VI 발동…변동성 확대 속 거래 재개","있으며, 통신 인프라 투자 확대와 데이터센터 시장 성장에 따른 수혜 기대감이 거론되는 종목 중 하나다. 다만 VI 발동은 투자자들의 관심이 집중되고 있음을 보여주는 신호일 뿐 주가 방향성을 의미하는 것은 아니다.... ",https://www.cbci.co.kr/news/articleView.html?idxno=583215,https://www.cbci.co.kr/news/articleView.html?idxno=583215,"Fri, 19 Jun 2026 09:56:00 +0900",2026-06-19 10:46:18
통신/5G,통신 주가,"IBK투자증권, LS에코에너지 목표주가 상향 조정... 동남아 시장 기대",IBK투자증권이 19일 LS에코에너지의 실적 개선 가능성과 중장기 성장성을 반영해 목표주가를 6만5천원에서... 미국향 통신케이블에 붙는 관세 영향으로 통신케이블 사업의 채산성은 당분간 압박을 받을 수 있다. 그럼에도... ,https://www.tokenpost.kr/news/market/370953,https://www.tokenpost.kr/news/market/370953,"Fri, 19 Jun 2026 09:54:00 +0900",2026-06-19 10:46:18
통신/5G,통신 주가,테스코 1분기 매출 기대 밑돌아...&quot;비 때문에&quot;,18일(현지시간) 블룸버그통신 보도에 따르면 테스코의 2027 회계연도 1분기인 지난달 30일까지 3개월간 영국... 테스코 매장 전경.(사진=회사 공식 엑스 캡처) 이번 실적 발표 이후 테스코 주가는 런던 증시 초반 3.6... ,https://zdnet.co.kr/view/?no=20260619085810,https://n.news.naver.com/mnews/article/092/0002427277?sid=105,"Fri, 19 Jun 2026 09:46:00 +0900",2026-06-19 10:46:18
통신/5G,통신 주가,"스페이스X 주가, 185.00달러 3.56% 하락 마감","무선 통신 서비스 업종에 속한 스페이스X의 시가총액은 2조 4,345억 달러, 한화 약 3,744조 6,736억 원을 기록했다. 스페이스X의 주가는 52주 최고가인 225.64달러 대비 하락한 수준이나, 52주 최저가인 149.... ",https://www.topstarnews.net/news/articleView.html?idxno=16101437,https://www.topstarnews.net/news/articleView.html?idxno=16101437,"Fri, 19 Jun 2026 09:44:00 +0900",2026-06-19 10:46:18
통신/5G,통신 주가,"우리로 주가, 상한가 찍더니 급락세... 왜?","현재까지 주가 하락과 관련한 별도의 공시는 확인되지 않았다. 한편 우리로는 지난 1998년 초고속 정보통신 산업의 핵심 제품인 광분배기 제작 및 판매를 위해 설립됐으며, 2012년 코스닥시장에 상장했다.... ",https://www.ggilbo.com/news/articleView.html?idxno=1164536,https://www.ggilbo.com/news/articleView.html?idxno=1164536,"Fri, 19 Jun 2026 09:32:00 +0900",2026-06-19 10:46:18
통신/5G,통신 주가,스페이스X 이틀째 급락…서학개미 2조원 비상,"블룸버그통신은 18일(현지시간) 스페이스X 주가가 이날 장중 한때 10.3% 떨어졌고 전날인 17일에도 5%에 가까운 내림세를 보여, 사상 최대 규모 기업공개(IPO) 이후 처음으로 변동성 시험대에 올랐다고 보도했다. 그런데도... ",https://www.g-enews.com/view.php?ud=2026061909232441942bd56fbc3c_1,https://www.g-enews.com/view.php?ud=2026061909232441942bd56fbc3c_1,"Fri, 19 Jun 2026 09:26:00 +0900",2026-06-19 10:46:18
통신/5G,통신 주가,"뉴욕증시. 저가 매수에 반등...WTI, 0.25%↓",뉴욕증시의 3대 주가지수가 모두 강세로 마감했다. 인공지능(AI) 및 반도체 관련주 위주로 반발 매수세가... 업종별로는 기술이 2.68% 급등했고 통신서비스와 임의소비재도 1%대 강세였다. 에너지는 1.73% 하락했다.... ,https://www.asiatime.co.kr/article/20260619500045,https://www.asiatime.co.kr/article/20260619500045,"Fri, 19 Jun 2026 09:18:00 +0900",2026-06-19 10:46:18
통신/5G,5G 산업,'정밀화학 앞세워 원료의약품서 첨단소재로'…파미셀·국전 변신은 무죄...,"첨단 산업용 소재 시장으로 보폭을 넓히고 있다. 줄기세포치료제 개발사로 출발한 파미셀(005690)은 API... 파미셀이 생산하는 저유전율 전자소재는 AI 가속기와 5세대(5G) 네트워크 장비, 기지국 안테나 등 첨단 정보기술... ",https://www.edaily.co.kr/news/newspath.asp?newsid=03001206645483360,https://n.news.naver.com/mnews/article/018/0006309565?sid=101,"Fri, 19 Jun 2026 08:32:00 +0900",2026-06-19 10:46:18
통신/5G,5G 산업,중국 스마트폰 시장동향,"4G, 5G 디스플레이 패널 (屏幕类型) LCD 패널, OLED 패널, AMOLED 패널 탑재 등 [자료: 화징산업연구원(华经产业研究院)] 수년간의 발전을 거쳐 스마트폰 산업은 성숙 단계에 진입했다. 장기적 추세를 보면 중국 국내... ",http://dream.kotra.or.kr/kotranews/cms/news/actionKotraBoardDetail.do?SITE_NO=3&MENU_ID=190&CONTENTS_NO=2&bbsGbn=254&bbsSn=254&pNttSn=242241,http://dream.kotra.or.kr/kotranews/cms/news/actionKotraBoardDetail.do?SITE_NO=3&MENU_ID=190&CONTENTS_NO=2&bbsGbn=254&bbsSn=254&pNttSn=242241,"Fri, 19 Jun 2026 08:17:00 +0900",2026-06-19 10:46:18
통신/5G,5G 산업,"스페이스X 상장이 던진 충격파···국내 이통사, 6G 경쟁의 판이 바뀐다",세계 최대 우주기업인 스페이스X의 상장이 단순한 기업공개(IPO)를 넘어 통신 산업에도 적지 않은 파장을... 5G 시대까지는 전국 기지국 투자 규모가 경쟁력을 좌우했다면 6G 시대에는 위성망 확보 여부가 경쟁력의 핵심... ,http://www.enewstoday.co.kr/news/articleView.html?idxno=2440290,http://www.enewstoday.co.kr/news/articleView.html?idxno=2440290,"Fri, 19 Jun 2026 08:00:00 +0900",2026-06-19 10:46:18
통신/5G,5G 산업,중국 '은발경제'의 명암…한국기업 공략처는? [더 머니이스트-조평규의...,"현재 10조위안(약 2200조원) 규모인 중국 실버 산업은 오는 2035년 국내총생산(GDP)의 10%를 돌파하며 30조위안(약... 중국 정부 주도로 5세대(5G)·AI 기반 스마트 양로 기기와 로봇 인프라가 빠르게 보급되고 있으나, 정작 그... ",https://www.hankyung.com/article/202606183160Q,https://n.news.naver.com/mnews/article/015/0005300481?sid=101,"Fri, 19 Jun 2026 06:31:00 +0900",2026-06-19 10:46:18
통신/5G,5G 산업,"'미토스' 빗장에…통신업계, '에이전틱 AI'로 주권 확보 총력전","B2B 영역 역시 산업 특화 데이터를 접목한 '버티컬 AI 에이전트'를 통해 사업 확장에 나선다. SK텔레콤은 AI를... 5G 무선 품질 관리에는 디지털 트윈 기술을 접목해, AI가 가상 공간에서 무선 신호 상태와 통화량을 실시간... ",https://www.sidae.com/article/2026061814453167510,https://n.news.naver.com/mnews/article/417/0001148166?sid=105,"Fri, 19 Jun 2026 05:50:00 +0900",2026-06-19 10:46:18
통신/5G,5G 산업,"Wi-Fi 7 시대 개막, AI·XR·스마트 디바이스 핵심 인프라...화웨이, Wi-F...","스마트홈, 산업용 IoT 등 차세대 디지털 생태계의 핵심 인프라 역할을 수행할 것으로 전망하고 있다.... 한편, 화웨이는 일반적으로 5G 기업으로 알려져 있지만, 실제로는 Wi-Fi 분야에서도 세계 최대 수준의 특허... ",https://www.aitimes.kr/news/articleView.html?idxno=40580,https://www.aitimes.kr/news/articleView.html?idxno=40580,"Thu, 18 Jun 2026 19:58:00 +0900",2026-06-19 10:46:18
통신/5G,5G 산업,"한국시스템엔지니어링학회, 2026년 춘계학술대회 개최 “AI 기반 미래 산...","기반 산업인 체계적인 시스템엔지니어링 기술을 활용한 산학 협력과 다학제간 융복합 연구개발 분야에 대한 인공지능, 블록체인, 사물인터넷, 빅데이터, 자율주행, 휴머노이드 로봇, 5G통신, 클라우드, 드론, 증강현실... ",http://www.boannews.com/media/view.asp?idx=144185&kind=3,http://www.boannews.com/media/view.asp?idx=144185&kind=3,"Thu, 18 Jun 2026 18:06:00 +0900",2026-06-19 10:46:18
통신/5G,5G 산업,강원후평스마트그린산단 ‘차세대 특화망 융합 서비스 확산 사업’ 선정,이번 선정을 통해 거두산업단지 바디텍메드㈜와 남춘천일반산업단지 ‘㈜메디언스’의 제조 및 물류 공정에 5G 특화망을 활용한 첨단 융합서비스 실증이 추진된다. 한국산업단지공단 춘천지사는 이번 사업을 통해 실증... ,https://www.kwnews.co.kr/page/view/2026061850162700000,https://n.news.naver.com/mnews/article/087/0001200093?sid=101,"Thu, 18 Jun 2026 17:42:00 +0900",2026-06-19 10:46:18
통신/5G,5G 산업,[오늘 뭐했니?] 삼성,"삼성전자 모델들이 새롭게 출시한 '갤럭시 A37 5G'를 소개하는 모습/사진=삼성전자 #삼성전자, 어썸... '청년희망배움터'는 산업통상부와 고용노동부가 주관하는 청년 직무역량 강화·취업 지원 사업인 'K-뉴딜 아카데미... ",http://www.financialreview.co.kr/news/articleView.html?idxno=42976,http://www.financialreview.co.kr/news/articleView.html?idxno=42976,"Thu, 18 Jun 2026 16:48:00 +0900",2026-06-19 10:46:18
통신/5G,5G 산업,"[특징주] 삼화전기, &quot;AI서버·자율주행 MLCC 수요 증가&quot;에 핵심 부품 수...","회사는 전해콘덴서와 전기이중층콘덴서(EDLC), 칩전해콘덴서, 하이브리드콘덴서 등을 주력 제품으로 생산하고 있으며, 국내외 전자·전장 산업에 제품을 공급하고 있다. 특히 5세대 이동통신(5G)과 전기차, 자율주행차... ",https://www.widedaily.com/news/articleView.html?idxno=296037,https://www.widedaily.com/news/articleView.html?idxno=296037,"Thu, 18 Jun 2026 16:40:00 +0900",2026-06-19 10:46:18
통신/5G,5G 산업,&quot;새 폰 대신 중고폰 볼게요&quot;…갤럭시·아이폰도 안 팔리는 이유,5G 전환기처럼 통신 세대 변화가 구매를 강하게 자극하는 시기도 아니다. 가격 부담은 더 직접적인 변수다.... 업계에서는 스마트폰 시장이 성장 산업에서 성숙 산업으로 완전히 넘어갔다고 본다. 앞으로 반등의 계기는 AI... ,https://www.wolyo.co.kr/news/articleView.html?idxno=313743,https://www.wolyo.co.kr/news/articleView.html?idxno=313743,"Thu, 18 Jun 2026 16:28:00 +0900",2026-06-19 10:46:18
통신/5G,5G 산업,미래혁신기술박람회 참가 기업 모집,"대구시가 미래혁신기술과 산업 발전을 이끌 글로벌 유망기업을 발굴하기 위해 '미래혁신기술박람회(FIX)... 티에이치엔(5G·6G 기반 투명안테나), 모빈(반자율 도로통제 로봇) 등 9개 기업이 최고 혁신기술상을 받았다.... ",https://www.hidomin.com/news/articleView.html?idxno=709935,https://www.hidomin.com/news/articleView.html?idxno=709935,"Thu, 18 Jun 2026 16:18:00 +0900",2026-06-19 10:46:18
통신/5G,5G 산업,"대구시, ‘FIX 혁신상’ 공모…미래산업 이끌 혁신기술 발굴 나선다","대구시가 미래산업을 선도할 혁신기술과 글로벌 유망기업 발굴에 나선다. 대구시는 19일부터 8월... 티에이치엔의 5G·6G 기반 투명안테나 ‘플렉스클리어(Flexclear)’, 모빈의 반자율 도로통제 로봇 등 9개 기업이... ",https://www.kbmaeil.com/article/20260618500233,https://www.kbmaeil.com/article/20260618500233,"Thu, 18 Jun 2026 15:54:00 +0900",2026-06-19 10:46:18
통신/5G,5G 산업,"삼성 갤럭시A37, 19일 출격…중저가폰도 칩플레이션 직격탄[통신25시]",삼성전자가 보급형 스마트폰 신작 '갤럭시 A37 5G'의 출고가를 인상하기로 결정했다. 오는 19일 출시를... 인공지능(AI) 산업이 폭발적으로 성장하면서 HBM 생산이 일반 소비자용 램 시장을 잠식한 추세다. 이로 인해... ,https://www.newsway.co.kr/news/view?ud=2026061813335628315,https://www.newsway.co.kr/news/view?ud=2026061813335628315,"Thu, 18 Jun 2026 15:32:00 +0900",2026-06-19 10:46:18
통신/5G,5G 산업,"[마켓인]“한-대만, 반도체 넘어 新 동맹 짤 기회”",현재 대만은 △지능형 사물인터넷(AIoT) △바이오메디컬 △사이버보안 △그린에너지 △반도체 칩 △5G와 같은 첨단 산업을 주력으로 삼고 있다. 이 가운데 지난 5~6년간 상당수 스타트업이 헬스케어 분야에서 탄생했다.... ,https://www.edaily.co.kr/news/newspath.asp?newsid=04762566645483032,https://n.news.naver.com/mnews/article/018/0006309070?sid=101,"Thu, 18 Jun 2026 15:08:00 +0900",2026-06-19 10:46:18
통신/5G,6G 개발,[디지털 나침반] AI 시대의 국가 인프라,여러 국가들은 앞다퉈 반도체를 확보하고 거대 AI 모델을 개발하며 데이터센터 투자에 나서고 있다. 하지만... AI 데이터센터 가동에 필요한 필수 설비의 설치와 6G 네트워크 구축 등은 모두 정보통신공사업의 새 영역으로... ,https://www.koit.co.kr/news/articleView.html?idxno=207642,https://www.koit.co.kr/news/articleView.html?idxno=207642,"Fri, 19 Jun 2026 10:14:00 +0900",2026-06-19 10:46:19
통신/5G,6G 개발,'피지컬 AI 골든타임' 잡는다…민관 연합 재정비,"공급, 6G 네트워크 지원, 보안 및 표준화 검증까지 전방위 지원 체계를 맡는다. 아울러 관계 부처 및 타 얼라이언스와의 연계도 강화한다. 특히 제조 분야에서는 'M.AX 얼라이언스'와의 협력을 통해 개발된 기술과... ",https://www.shinailbo.co.kr/news/articleView.html?idxno=5032213,https://www.shinailbo.co.kr/news/articleView.html?idxno=5032213,"Fri, 19 Jun 2026 10:10:00 +0900",2026-06-19 10:46:19
통신/5G,6G 개발,"과기정통부, 피지컬 AI 얼라이언스 2기 출범…기술 개발→현장 운영 '전...",기술 개발부터 현장 운용까지 전 과정을 총괄하는 통합 플랫폼 구축이 핵심이다. 과기정통부는 19일 서울... 한국정보통신기술협회 △6G포럼 △AI 네트워크 얼라이언스 등 12개 협·단체가 참여한다. 관계 부처... ,https://www.mt.co.kr/tech/2026/06/19/2026061814385795556,https://n.news.naver.com/mnews/article/008/0005374308?sid=105,"Fri, 19 Jun 2026 10:00:00 +0900",2026-06-19 10:46:19
통신/5G,6G 개발,피지컬AI 외산 의존도 낮춘다…풀스택 구축하고 제조 현장으로,"한국정보통신기술협회, 6G포럼, AI 네트워크 얼라이언스 등 12개 협·단체가 참여한다. 이들은 AI모델·소프트웨어 개발, 로봇·센서·엣지디바이스 연계, AI반도체 설계, 시스템 통합·구축, 고성능 컴퓨팅 자원 공급... ",https://www.newsis.com/view/NISX20260618_0003674948,https://n.news.naver.com/mnews/article/003/0014015700?sid=105,"Fri, 19 Jun 2026 10:00:00 +0900",2026-06-19 10:46:19
통신/5G,6G 개발,"정부, '피지컬 AI' 전 산업 확산 시동…얼라이언스 2기 출범","한국정보통신기술협회, 6G포럼 등 12개 협·단체도 참여한다. 피지컬 AI 얼라이언스는 관계 부처와 관련 얼라이언스와도 연계한다. 제조 분야에서는 M.AX 얼라이언스와 협력해 기술개발 성과를 현장 수요와 연결하고 실증... ",https://www.news1.kr/it-science/general-science/6202009,https://n.news.naver.com/mnews/article/421/0009012340?sid=105,"Fri, 19 Jun 2026 10:00:00 +0900",2026-06-19 10:46:19
통신/5G,6G 개발,"풀무원, 로코노미 메뉴 출시·식물성 유산균 음료 리뉴얼","사진=풀무원푸드앤컬처 이번 메뉴는 지난 3월 체결한 '전남 수산물 로코노미 외식상품 개발 업무협약'에... 두 제품 모두 병당 당 함량을 6g으로 낮췄고, 풀무원 특허 식물성 유산균과 노보네시스 식물성 유산균을 배합해... ",https://www.slist.kr/news/articleView.html?idxno=746256,https://www.slist.kr/news/articleView.html?idxno=746256,"Fri, 19 Jun 2026 08:38:00 +0900",2026-06-19 10:46:19
통신/5G,6G 개발,제2의 유니트리 쏟아낸다... 상하이 ‘커촹반’ 상장 문 대폭 넓혀,"이동통신(6G) 등 미래산업으로 넓히는 방안을 추진한다. 미국과의 기술 패권 경쟁 속에서 차세대... 유니트리는 42억 200만 위안을 조달해 로봇 모델과 본체 연구개발, 신형 지능형 로봇 제품 개발, 제조기지 건설 등에... ",https://www.sedaily.com/article/20057409?ref=naver,https://n.news.naver.com/mnews/article/011/0004632762?sid=104,"Fri, 19 Jun 2026 07:01:00 +0900",2026-06-19 10:46:19
통신/5G,6G 개발,"(지피지기중화통신)'스페이스X' 잔치 소외된 중국, '우주굴기'는 현재진...",선저우23호의 성공적 발사와 선저우21호 우주인들의 무사 귀환은 후발 주자로 출발한 중국의 우주개발... 실제로 중국 정부가 지난 3월 발표한 15차 5개년 계획에서도 6대 미래산업과 4대 신흥산업에서 처음으로 6G와... ,http://www.newstomato.com/ReadNews.aspx?no=1304455&inflow=N,http://www.newstomato.com/ReadNews.aspx?no=1304455&inflow=N,"Thu, 18 Jun 2026 16:08:00 +0900",2026-06-19 10:46:19
통신/5G,6G 개발,"한국 유일 우주급 자이로 기술…파이버프로, 우주신기술 지정","파이버프로가 자체 개발한 '저궤도 위성용 광섬유 자이로스코프(FOG)' 기술이 우주항공청(KASA)의 '우주신기술... 크다&quot;며 &quot;6G 통신위성과 SAR(합성개구레이더) 위성, 민간 저궤도 위성 사업은 물론 글로벌 우주 시장에서도... ",https://www.mt.co.kr/future/2026/06/18/2026061809334157986,https://n.news.naver.com/mnews/article/008/0005373867?sid=101,"Thu, 18 Jun 2026 14:00:00 +0900",2026-06-19 10:46:19
통신/5G,6G 개발,"미·중 광물 전쟁 다음은 주파수 차단?…센서뷰, RF 핵심 차폐 기술로 생...",다만 AI 데이터센터 확대와 6G 통신 시대 개막에 대한 기대가 이어지면서 일부 핵심 종목에는 강한 매수세가... 기술 진입 장벽이 높아 해외 의존도가 심했던 항공우주 및 국방용 특수 케이블 분야에서 직접 개발... ,https://www.pinpointnews.co.kr/news/articleView.html?idxno=461161,https://www.pinpointnews.co.kr/news/articleView.html?idxno=461161,"Thu, 18 Jun 2026 13:20:00 +0900",2026-06-19 10:46:19
통신/5G,6G 개발,GLP-1 넘어 전임상 혁신 가속화,기존 GLP-1 치료제의 한계를 해결할 수 있는 차세대 항비만제의 전임상 개발이 가속화되고 있다고... 그 결과 전체 쥐는 세마글루티드로 6g 감량된 가운데 치료받지 않은 쥐는 8g 다시 쪘지만 TIX100 복용 쥐는... ,https://www.bosa.co.kr/news/articleView.html?idxno=3006340,https://www.bosa.co.kr/news/articleView.html?idxno=3006340,"Thu, 18 Jun 2026 12:10:00 +0900",2026-06-19 10:46:19
통신/5G,6G 개발,"아이브이웍스, 경북대와 개발한 ‘reGaN’ 적용 트랜지스터 700GHz 돌파 발...",아이브이웍스에 따르면 이는 경북대학교 전자공학부 김대현 교수 연구팀이 개발한 45nm급 GaN(질화갈륨)... 그러면서 “이번 성과를 바탕으로 6G 및 K-국방용 테라헤르츠 주파수 대역을 향한 차세대 GaN 전자소자... ,http://www.lawissue.co.kr/view.php?ud=2026061811211924779817d053b9_12,http://www.lawissue.co.kr/view.php?ud=2026061811211924779817d053b9_12,"Thu, 18 Jun 2026 11:28:00 +0900",2026-06-19 10:46:19
통신/5G,6G 개발,"파이버프로, 우주급 자이로 기술 '우주신기술' 지정","통합항법솔루션 전문기업 파이버프로(대표 고연완)는 자체 개발한 '저궤도 위성용 광섬유 자이로스코프'가... 깊다&quot;며, &quot;향후 6G 통신위성, SAR 정찰 위성, 민수용 저궤도 위성사업은 물론 글로벌 우주 시장에서도... ",https://www.ggilbo.com/news/articleView.html?idxno=1164407,https://www.ggilbo.com/news/articleView.html?idxno=1164407,"Thu, 18 Jun 2026 11:18:00 +0900",2026-06-19 10:46:19
금융,금융 주가,"'43억 사기' 캄보디아 주식리딩방 조직원, 징역 6년 확정",자본시장과 금융투자업에 관한 법률 위반 혐의로 기소된 한국인 남성 A씨의 상고심에서 징역 6년을 선고한... 또 코스닥 등 국내외 주가지수 데이터를 연동한 가짜 주식투자 사이트(HTS)를 만들어 이에 가입하도록 유도한... ,https://www.sisajournal.com/news/articleView.html?idxno=377071,https://n.news.naver.com/mnews/article/586/0000131882?sid=102,"Fri, 19 Jun 2026 10:43:00 +0900",2026-06-19 10:46:19
금융,금융 주가,보험사 지급여력비율 216.1%···주가 상승 효과로 3.8%p 개선,금리와 주가 흐름이 건전성에 미치는 영향도 커진 상황이다. 금융당국은 자본의 양뿐 아니라 질적 개선에도 집중한다는 방침이다. 최근 보험업계에서는 후순위채와... ,https://www.newsfreezone.co.kr/news/articleView.html?idxno=695371,https://www.newsfreezone.co.kr/news/articleView.html?idxno=695371,"Fri, 19 Jun 2026 10:28:00 +0900",2026-06-19 10:46:19
금융,금융 주가,보험사 보험금 지급능력 개선…순이익·주가 상승 효과,당기순이익 증가와 주가 상승에 따른 자본 확충 효과가 반영된 결과다. 18일 금융감독원이 발표한 ‘2026년 3월 말 기준 보험회사 지급여력비율 현황’에 따르면 경과조치 적용 후 전체 보험회사의 K-ICS 비율은 216.1... ,https://www.kukinews.com/article/view/kuk202606190026,https://www.kukinews.com/article/view/kuk202606190026,"Fri, 19 Jun 2026 10:28:00 +0900",2026-06-19 10:46:19
금융,금융 주가,정점식 &quot;뉴노멀 된 고환율 심각…코스피 9000 자화자찬할 때 아냐&quot;,"정 원내대표는 &quot;주가가 오른 종목은 109개에 불과했고 보합은 17개, 떨어진 종목은 791개였다&quot;며 &quot;올해 들어 어제까지 사이드카가 26번이나 발동됐다. 글로벌 금융위기가 있던 2008년 연간 발동 횟수와 동일한 수치를 반년... ",https://www.sisajournal.com/news/articleView.html?idxno=377065,https://n.news.naver.com/mnews/article/586/0000131875?sid=100,"Fri, 19 Jun 2026 10:24:00 +0900",2026-06-19 10:46:19
금융,금융 주가,추가 매각 없다…아주IB투자 오버행 리스크 해소,"㈜아주가 블록딜(시간외 대량매매)로 예정했던 매각 물량을 모두 소화했기 때문이다. 최종 확보한 매각 대금은 약 1177억원으로, 당초 계획한 거래 규모 대비 달성률은 약 74% 수준이다. 19일 금융감독원... ",https://www.topdaily.kr/articles/110614,https://www.topdaily.kr/articles/110614,"Fri, 19 Jun 2026 10:21:00 +0900",2026-06-19 10:46:19
금융,은행 산업,"롯데건설, 파트너사 유동성 지원 확대..1200억 보증지원",하나은행장(왼쪽 세 번째)이 2026년 6월 18일 서울 중구 하나은행 본점에서 열린 업무협약 체결식에서... 한국건설산업연구원에 따르면 4월 건설수주는 19조7000억원으로 전년 동월 대비 35.9% 증가했지만 민간 주택·비주택... ,http://www.4th.kr/news/articleView.html?idxno=2113419,http://www.4th.kr/news/articleView.html?idxno=2113419,"Fri, 19 Jun 2026 10:44:00 +0900",2026-06-19 10:46:20
금융,은행 산업,생산적 금융 보폭 넓히는 하나은행…이번엔 건설 협력사,대기업 협력사 금융지원이 단순 상생 프로그램을 넘어 산업 생태계 안정 장치로 기능할 수 있다는 평가가 나오는 이유다. 이호성 하나은행장은 &quot;이번 협약을 통해 자금이 필요한 중소기업에 유동성을 적기에 공급하고... ,http://www.4th.kr/news/articleView.html?idxno=2113414,http://www.4th.kr/news/articleView.html?idxno=2113414,"Fri, 19 Jun 2026 10:42:00 +0900",2026-06-19 10:46:20
금융,은행 산업,문신사법 제도화 논의 속 스펙업 돕는 한국열린사이버대학교 평생교육...,"최근 국회와 관련 업계를 중심으로 문신사법 제도화와 타투 산업 양성화에 대한 논의가 이어지면서 반영구... 취득 방법은 미용 관련 학과 전문대학 이상 졸업자, 고등학교 미용과 졸업자 또는 학점은행제를 통한 미용... ",https://www.newsam.co.kr/news/article.html?no=43285,https://www.newsam.co.kr/news/article.html?no=43285,"Fri, 19 Jun 2026 10:38:00 +0900",2026-06-19 10:46:20
금융,은행 산업,"중앙일보, 1차 부도 처리…워크아웃 추진 속 채권자 압박에 '유동성 위...","향후 주채권은행과의 워크아웃 개시 여부가 중앙일보의 생존을 가를 분수령이 될 전망이다. 이번 사태는 언론사라는 특수한 기업의 신뢰성과 공공성을 고려할 때, 단순한 재무 위기를 넘어 미디어 산업 전반에 파급력을... ",https://www.fntoday.co.kr/news/articleView.html?idxno=386577,https://www.fntoday.co.kr/news/articleView.html?idxno=386577,"Fri, 19 Jun 2026 10:36:00 +0900",2026-06-19 10:46:20
금융,은행 산업,[건설업계 동향] IPARK현대산업개발ㆍSK에코플랜트ㆍ롯데건설(6.19),"■ IPARK현대산업개발, 민간임대주택 '파크로쉬 서울원' 공급 돌입 - 노원 서울원 아이파크 내 768세대... ■ 롯데건설, 하나은행·신보와 파트너사 금융지원 협약 - 롯데건설 20억·하나은행 60억 출연…1200억 보증 지원... ",http://www.weeklytoday.com/news/articleView.html?idxno=780786,http://www.weeklytoday.com/news/articleView.html?idxno=780786,"Fri, 19 Jun 2026 10:36:00 +0900",2026-06-19 10:46:20
금융,은행 산업,"아도바, 넥스트라이즈 2026서 크리에이터·브랜드용 AI 에이전트 2종 공...","넥스트라이즈는 한국무역협회와 한국산업은행 등이 2019년부터 공동 주최해온 스타트업 행사다. 올해는 프랑스를 주빈국으로 28개국에서 1,700여 개 스타트업과 300여 개 국내외 대·중견기업 및 벤처캐피털이... ",https://platum.kr/archives/289321,https://platum.kr/archives/289321,"Fri, 19 Jun 2026 10:34:00 +0900",2026-06-19 10:46:20
금융,은행 산업,"[금융로드] KB국민은행-국가유산진흥원, '가장 한국적인 금융 파트너십...","KB국민은행은 이번 협약을 계기로 국가유산 보존과 전통문화 콘텐츠 산업을 지원하는 금융 파트너로서 역할을 강화하는 한편, 공공기관 특화 금융서비스 모델을 확장해 나간다는 방침이다.",http://www.newsroad.co.kr/news/articleView.html?idxno=60658,http://www.newsroad.co.kr/news/articleView.html?idxno=60658,"Fri, 19 Jun 2026 10:34:00 +0900",2026-06-19 10:46:20
금융,은행 산업,"이광재 의원, AI 시대 국가전략 담은 신간 출간","책은 제조업 경쟁력 강화와 규제 혁신, 복지체계 개편, 문화산업 육성, 경제 플랫폼 구축, 실용 외교, 인재... 이 밖에도 중앙은행 디지털화폐(CBDC), 응용 AI 육성 전략, 의료 데이터 활용 확대, 북극항로를 활용한 외교 전략... ",https://www.shinailbo.co.kr/news/articleView.html?idxno=5032215,https://www.shinailbo.co.kr/news/articleView.html?idxno=5032215,"Fri, 19 Jun 2026 10:28:00 +0900",2026-06-19 10:46:20
금융,핀테크 시장,"럭셔리 브랜드 골드지니, 암호화폐 결제 300% 폭증…XRP 선호 뚜렷","금융기관과 핀테크 기업들은 리플의 결제 네트워크를 통해 XRP 기반 기술을 국경 간 거래에 활용하고 있다.... 골드지니 사례는 명품 소비 시장에서의 결제 확대와 함께, XRP가 글로벌 결제 및 금융 인프라 영역에서도... ",https://www.digitaltoday.co.kr/news/articleView.html?idxno=676499,https://www.digitaltoday.co.kr/news/articleView.html?idxno=676499,"Fri, 19 Jun 2026 10:32:00 +0900",2026-06-19 10:46:21
금융,핀테크 시장,메가박스에 앱에서 영화 예매하려는데... 현재 이런 일 벌어지고 있다,"받을 돈을 떼일 수 있다고 판단한 핀테크·결제대행(PG) 업체들이 모회사의 회생 신청을 보고 미리 발을 뺀... CGV, 롯데시네마와 더불어 국내 영화관 시장을 떠받치는 세 축으로 통한다. 1999년 닻을 올려 이듬해 코엑스에... ",https://www.wikitree.co.kr/articles/1142191,https://www.wikitree.co.kr/articles/1142191,"Fri, 19 Jun 2026 10:20:00 +0900",2026-06-19 10:46:21
금융,핀테크 시장,&quot;소상공인 통신비 낮추고 결제관리까지&quot;…SK브로드밴드·토스플레이스 ...,"소상공인 시장에서는 인건비와 임대료, 카드 결제 인프라 비용 부담이 커지면서 통신·결제·매장관리 서비스를 한 번에 묶은 패키지형 상품 수요가 늘고 있다. 통신사와 핀테크 업체의 제휴는 자영업자의 고정비를... ",https://www.newsquest.co.kr/news/articleView.html?idxno=268155,https://www.newsquest.co.kr/news/articleView.html?idxno=268155,"Fri, 19 Jun 2026 10:16:00 +0900",2026-06-19 10:46:21
금융,핀테크 시장,"서울 창업생태계, 생태계 가치 1,000억 달러 확대하며 글로벌 톱10 혁신...","또한 퓨리오사에이아이(AI 반도체), 루닛(의료 AI), 뷰노(의료 AI), 토스(핀테크), 서울로보틱스(로봇·모빌리티) 등 글로벌 시장에서 성과를 내고 있는 기업들을 대표 사례로 제시했다. 서울 창업생태계의 도약은... ",http://www.hemophilia.co.kr/news/articleView.html?idxno=42694,http://www.hemophilia.co.kr/news/articleView.html?idxno=42694,"Fri, 19 Jun 2026 09:40:00 +0900",2026-06-19 10:46:21
금융,핀테크 시장,[금융家] 우리은행 ③ㅣ의약품 결제·외국인 금융 강화…사고 여파 속 ...,유통시장 특화 결제 서비스 제공 (사진=연합뉴스) 우리은행이 의약품 유통시장에 특화된 결제·정산 서비스... 우리은행이 핀테크 스타트업 크로스허브와 외국인 대상 결제 서비스 강화를 위한 업무협약을 체결했다.... ,https://www.cbci.co.kr/news/articleView.html?idxno=583055,https://www.cbci.co.kr/news/articleView.html?idxno=583055,"Fri, 19 Jun 2026 09:32:00 +0900",2026-06-19 10:46:21
금융,핀테크 시장,"서울시, '글로벌 혁신도시'로 창업생태계 1,000억 달러 성장","서울의 강점 산업으로는 인공지능, 빅데이터, 생명과학, 첨단 제조, 로봇공학, 핀테크 등이 꼽힌다.... 김현우 대표이사는 서울 창업생태계가 세계 시장에서 인프라, 자본, 인재 측면에서 검증받았다고 평가하며... ",https://www.gukjenews.com/news/articleView.html?idxno=3612465,https://www.gukjenews.com/news/articleView.html?idxno=3612465,"Fri, 19 Jun 2026 09:28:00 +0900",2026-06-19 10:46:21
금융,핀테크 시장,수도권 편중 깬 '부산 핀테크 허브'…다음 과제는 '개발자 구인난' 해소...,"'B-Fintech 20'은 지역 내 핀테크 산업 기반 확대를 위해 탁월한 성장세를 보이는 핀테크 스타트업에 수여하는 인증서로, 이 사업에 선정된 기업에는 부산광역시장 명의의 인증서 수여, 파트너들의 밀착 컨설팅 참여... ",https://www.thepublic.kr/news/articleView.html?idxno=308315,https://www.thepublic.kr/news/articleView.html?idxno=308315,"Fri, 19 Jun 2026 09:18:00 +0900",2026-06-19 10:46:21
금융,핀테크 시장,"한진그룹-삼성금융, '초거대 항공·금융 동맹' 맺었다","추진해 시장 경쟁력을 한 차원 끌어올리기로 합의했다. 양측이 중점적으로 추진할 핵심 협력 분야는 먼저 초연결 혁신 서비스다. 양사가 보유한 고객 멤버십을 연계하고 여기에 핀테크, 인공지능(AI), 디지털 자산 등... ",http://www.srtimes.kr/news/articleView.html?idxno=205639,http://www.srtimes.kr/news/articleView.html?idxno=205639,"Fri, 19 Jun 2026 09:16:00 +0900",2026-06-19 10:46:21
금융,핀테크 시장,"대한항공, 삼성금융과 파트너십 MOU 체결","양측은 미래 신수익원을 발굴하고 공동 신사업을 추진해 시장 경쟁력을 강화하기로 했다. 여기에는 양사 보유 멤버십과 핀테크, 인공지능, 디지털 자산 등 차세대 기술을 접목한 서비스를 제공하는 방안이 포함된다.... ",http://autotimes.co.kr/detail.php?number=688131&thread=27,http://autotimes.co.kr/detail.php?number=688131&thread=27,"Fri, 19 Jun 2026 09:14:00 +0900",2026-06-19 10:46:21
금융,핀테크 시장,"&quot;서울 창업생태계, 7년 새 가치 1,000억 달러 성장 … 고부가가치 일자리...","특히 서울의 핵심 강점 산업으로는 인공지능(AI)·빅데이터, 생명과학, 첨단 제조·로봇공학, 핀테크 등 4개 분야가 지목됐다. 글로벌 시장에서 가시적인 성과를 내고 있는 대표적인 기업으로는 퓨리오사에이아이 (AI... ",http://www.worktoday.co.kr/news/articleView.html?idxno=85814,http://www.worktoday.co.kr/news/articleView.html?idxno=85814,"Fri, 19 Jun 2026 09:14:00 +0900",2026-06-19 10:46:21
금융,핀테크 시장,"성남시, 양자컴퓨팅 플랫폼 구축 국비 100억원 확보","성남시는 판교테크노밸리를 중심으로 시스템반도체, 바이오, 핀테크, 모빌리티 등 첨단산업 기업이 밀집해... 연산에 양자기술을 활용함으로써 기술 경쟁력과 글로벌 시장 진출 역량을 높일 수 있을 것으로 기대된다.",https://www.sportsseoul.com/news/read/1617173?ref=naver,https://n.news.naver.com/mnews/article/468/0001248377?sid=102,"Fri, 19 Jun 2026 09:12:00 +0900",2026-06-19 10:46:21
금융,핀테크 시장,[가상자산 거래소 격변기] 선도 굳히는 두나무…추가 지분거래 '이목',"중장기 경쟁력을 향한 기대감이 모아지는 가운데, 일각에선 &quot;시장 진입을 원하는 일부 기업들도 재무적... 특히 이들 협력사가 ▲핀테크▲금융 ▲증권 ▲IT 등 가상자산 핵심 역량 전반을 아우르는 점을 고려하면 “가장... ",https://dealsite.co.kr/articles/163609,https://dealsite.co.kr/articles/163609,"Fri, 19 Jun 2026 09:12:00 +0900",2026-06-19 10:46:21
금융,핀테크 시장,"성남시, 양자컴퓨팅 플랫폼 구축사업 선정…국비 100억원 확보","성남시는 판교테크노밸리를 중심으로 시스템반도체와 바이오, 핀테크, 모빌리티 등 첨단산업 기업이... 글로벌 시장 진출 역량을 높일 수 있을 것으로 전망된다. 성남시 관계자는 &quot;이번 사업 선정은 정부의... ",https://www.m-i.kr/news/articleView.html?idxno=1383154,https://www.m-i.kr/news/articleView.html?idxno=1383154,"Fri, 19 Jun 2026 09:10:00 +0900",2026-06-19 10:46:21
금융,핀테크 시장,"상하이 금융전시회서 주목받은 제로페이…&quot;한국 여행 결제, QR 하나로 끝...","올해로 32회째를 맞은 이번 전시회는 약 6만㎡ 규모의 전시장에서 개최됐으며 금융기관과 정보기술(IT) 기업, 결제 서비스 기업, 핀테크 스타트업 등 전 세계 400여 개 기관과 기업이 참가했다. 특히 인공지능(AI)... ",https://www.newspim.com/news/view/20260619000165,https://www.newspim.com/news/view/20260619000165,"Fri, 19 Jun 2026 08:54:00 +0900",2026-06-19 10:46:21
금융,핀테크 시장,"성남시, 판교에 양자산업 생태계 조성…170억 투입","성남시는 판교테크노밸리를 중심으로 시스템반도체, 바이오, 핀테크, 모빌리티 등 첨단산업 기업이 밀집해... 글로벌 시장 진출 역량을 높일 수 있을 것으로 시는 기대하고 있다. 성남시 관계자는 &quot;이번 사업 선정은... ",https://www.sidae.com/article/2026061908294276549,https://n.news.naver.com/mnews/article/417/0001148187?sid=102,"Fri, 19 Jun 2026 08:51:00 +0900",2026-06-19 10:46:21
금융,핀테크 시장,"대한항공-삼성금융, 미래 신수익원 발굴·공동 사업 추진 '맞손'","대한항공과 삼성금융은 미래 신수익원을 발굴하고 공동 신사업을 추진해 시장 경쟁력을 강화해 나가기로 했다. 여기에는 양사 보유 멤버십과 함께 핀테크, 인공지능(AI), 디지털 자산 등 차세대 기술을 접목한 혁신적인... ",http://www.newsroad.co.kr/news/articleView.html?idxno=60646,http://www.newsroad.co.kr/news/articleView.html?idxno=60646,"Fri, 19 Jun 2026 08:50:00 +0900",2026-06-19 10:46:21
금융,핀테크 시장,KG파이낸셜 &quot;모빌마켓 누적 이용자 30만 돌파&quot;,"최근 장기화되고 있는 경기 침체와 고물가 기조 속에서 배송비 부담을 줄이고 혜택을 극대화한 전략이 주효하며, 시장과 유통 업계가 주목하는 새로운 '핀테크 커머스' 모델로 자리잡았다는 평가다. 지난 2024년 9월 첫... ",https://www.newsis.com/view/NISX20260619_0003675313,https://n.news.naver.com/mnews/article/003/0014015428?sid=101,"Fri, 19 Jun 2026 08:41:00 +0900",2026-06-19 10:46:21
금융,핀테크 시장,"성남시,'양자컴퓨팅 플랫폼 구축' 공모 선정…'국비 100억' 확보","성남시(시장 신상진)는 산업통상자원부가 주관한 '2026년도 2차 산업혁신기반구축사업' 공모에서 '산업... 성남시는 시스템반도체, 바이오, 핀테크, 모빌리티 등 첨단산업 기업이 밀집한 판교테크노밸리를 중심으로... ",https://www.joongangenews.com/news/articleView.html?idxno=526886,https://www.joongangenews.com/news/articleView.html?idxno=526886,"Fri, 19 Jun 2026 08:32:00 +0900",2026-06-19 10:46:21
리츠/부동산,리츠 주가,[Who Is ?] 승만호 서부T&amp;D 대표이사 회장,"△신한서부티엔디리츠 상장, 디벨로퍼 전략 본격화 서부T&amp;D는 2021년 12월 신한서부티엔디리츠를 코스피에... 실제로 재건축 논의가 본격화된 이후 서부T&amp;D 주가는 단기간에 큰 폭으로 상승하며 시장의 기대감을... ",https://www.businesspost.co.kr/BP?command=article_view&num=439982,https://www.businesspost.co.kr/BP?command=article_view&num=439982,"Fri, 19 Jun 2026 07:58:00 +0900",2026-06-19 10:46:21
리츠/부동산,리츠 주가,[규제에 갇힌 리츠]리츠 흑자도산 막자…유동성 규제 완화 절실,"실제 리츠업계에서는 유상증자를 하려면 국토교통부의 인가를 포함해 4개월 이상 걸리는 것으로 보고 있다. 유상증자가 주식 시장에서는 악재로 작용하기 때문에 유상증자 기간 동안 주가가 하락하고, 이 때문에 애초... ",https://www.dnews.co.kr/uhtml/view.jsp?idxno=202606181108388120859,https://www.dnews.co.kr/uhtml/view.jsp?idxno=202606181108388120859,"Fri, 19 Jun 2026 07:20:00 +0900",2026-06-19 10:46:21
리츠/부동산,리츠 주가,구멍 뚫린 국토부 행정에 리츠 부도 공포…&quot;흑자 부도에 노후 망쳐&quot;,"업계에서는 상장리츠 주가가 낮아진 시장 분위기가 투자 적기라는 평가를 내린다. 리츠협회 관계자는 “개별 리츠를 살펴보면 높은 임대율과 우량 임차인의 리츠가 많은데, 현재 주가 수준은 내재 가치 대비 현저히 낮은... ",https://realty.chosun.com/site/data/html_dir/2026/06/18/2026061802495.html,https://realty.chosun.com/site/data/html_dir/2026/06/18/2026061802495.html,"Fri, 19 Jun 2026 06:02:00 +0900",2026-06-19 10:46:21
리츠/부동산,리츠 주가,공무원·교사 노후 절세·보완수단 '연금계좌' [단디 100세],"원리금 보장상품(정기예금, 주가연계증권 등)뿐만 아니라 실적 배당상품(펀드, ETF, 리츠 등)에 분산 투자할 수 있기 때문에 상품 다양성 면에서는 IRP가 유리하다. 미국 S&amp;P500, 코스피200, 코스닥150 과 같은 지수형 ETF를... ",https://www.idomin.com/news/articleView.html?idxno=2008261,https://www.idomin.com/news/articleView.html?idxno=2008261,"Thu, 18 Jun 2026 17:26:00 +0900",2026-06-19 10:46:21
리츠/부동산,리츠 주가,"[경영레이다] 미래에셋, 이지스밸류리츠 최대주주 등극…상장 리츠 의결...",그러나 결과적으로는 운용업계 경쟁사 계열 리츠의 최대주주가 됐다는 점에서 시장의 관심이 모이고 있다. 코람코도 10%대 지분…기관 간 리츠 지분 경쟁 가열되나 이지스밸류플러스리츠는 과거에도 몇 차례 최대주주가... ,http://www.newsworker.co.kr/news/articleView.html?idxno=431921,http://www.newsworker.co.kr/news/articleView.html?idxno=431921,"Thu, 18 Jun 2026 11:30:00 +0900",2026-06-19 10:46:21
리츠/부동산,리츠 주가,“SK하닉보다 삼전 좋게 본다”…1년만에 9억 번 감자농부 픽,QQQI와 미국 우체국에 부동산을 임대하는 리츠인 PSTL 등이다. Q : 지금 가장 주목하는 투자 테마는 뭔가. A... (계속) “SK하이닉스 주가가 더 올라 지금까지는 실패한 선택이다.” 1년 만에 9억을 벌어들인 감자... ,https://www.joongang.co.kr/article/25437823,https://n.news.naver.com/mnews/article/025/0003531389?sid=101,"Thu, 18 Jun 2026 10:48:00 +0900",2026-06-19 10:46:21
리츠/부동산,리츠 주가,"&quot;엔비디아 들고 떨 바엔…&quot; 개미들 돈 들어간 '이곳', AI 거품론의 탈출...",배런스는 지난 16일(현지시각) 인공지능(AI) 반도체 기업들의 주가 변동성이 확대함에 따라 투자자들이 대체 투자처로 전력 우량주와 데이터센터 리츠(REITs·부동산투자회사)에 주목한다고 보도했다. 반도체 상장지수펀드... ,https://www.g-enews.com/view.php?ud=202606171818096488fbbec65dfb_1,https://www.g-enews.com/view.php?ud=202606171818096488fbbec65dfb_1,"Thu, 18 Jun 2026 03:10:00 +0900",2026-06-19 10:46:21
리츠/부동산,리츠 주가,"[주요공시] 제너셈, 야스, 알지노믹스, 두산에너빌리티, 휴림로봇, 이화...","1원에 주간거래를 마감했다. 미국·이란 종전 합의에 따른 위험자산 선호 회복과 외국인 순매수... 타법인 지분취득·최대주주 변경·지분변동 ■ 이지스밸류플러스리츠(KOSPI, 334890)는 최대주주 변경을... ",https://www.kdpress.co.kr/news/articleView.html?idxno=206217,https://www.kdpress.co.kr/news/articleView.html?idxno=206217,"Wed, 17 Jun 2026 18:28:00 +0900",2026-06-19 10:46:21
리츠/부동산,리츠 주가,'중앙그룹 유탄' 맞은 비우량 회사채,"제이알글로벌리츠 회생, 중앙그룹 회생까지 개인 채권 투자자가 투자한 종목에서 신용 이슈가 잇달아 터졌다. 위기는 금융사로도 번지고 있다. 이날 한양증권 주가는 전일 대비 11.4% 하락한 2만100원에 거래를... ",https://www.hankyung.com/article/2026061725471,https://n.news.naver.com/mnews/article/015/0005299856?sid=101,"Wed, 17 Jun 2026 17:33:00 +0900",2026-06-19 10:46:21
리츠/부동산,리츠 주가,오버행 우려 지우고 출발선 선 이노테크… 차세대 사업 역량 부각,"리츠, 세미파이브, 오아, 비츠로넥스텍, 리브스메드, 아우토크립트, 애드포러스, 에스엔시스 등도 강보합권에서 안정적인 흐름을 보이고 있다. 시장에서는 신규 상장주의 경우 실적보다 미래 성장 가능성이 주가를... ",https://www.pinpointnews.co.kr/news/articleView.html?idxno=460825,https://www.pinpointnews.co.kr/news/articleView.html?idxno=460825,"Wed, 17 Jun 2026 12:56:00 +0900",2026-06-19 10:46:21
리츠/부동산,리츠 주가,리츠 환헤지 우려에도…상장리츠 13곳 임대율 97.6%,협회는 이에 대해 최근 리츠 주가가 순자산가치를 크게 밑도는 것은 사실이나 실물 자산의 가치는 오히려 상승하고 있다고 설명했다. 신한알파리츠의 포트폴리오 감정가는 취득가 2조9559억원 대비 31% 오른... ,https://www.newspim.com/news/view/20260617000225,https://www.newspim.com/news/view/20260617000225,"Wed, 17 Jun 2026 10:56:00 +0900",2026-06-19 10:46:21
리츠/부동산,리츠 주가,국내 리츠주 투심 냉랭 … 해외 부실 공포 속 '강남 오피스'는 버틴다,"금리 부담도 리츠 주가를 짓누르고 있다. 중동발 에너지 쇼크와 미 연준의 매파적 스탠스 전환 등으로 국채 3년물 금리는 3.7%대를 기록 중이다. 리츠의 배당 매력이 국채금리와 비교되는 구조인 만큼, 금리 상승은... ",https://biz.newdaily.co.kr/site/data/html/2026/06/17/2026061700077.html,https://biz.newdaily.co.kr/site/data/html/2026/06/17/2026061700077.html,"Wed, 17 Jun 2026 10:42:00 +0900",2026-06-19 10:46:21
리츠/부동산,리츠 주가,日 31년 만에 '1% 금리'…증권가 &quot;엔캐리 청산 쇼크 제한적&quot;,"오히려 엔 캐리 청산 압력으로 기술주나 내수 성장주가 숨고르기에 들어가는 반면, 대내외 금리 상승... 다만 부동산, 리츠, 내수 성장주는 금리 상승 부담으로 상대적으로 부진한 흐름을 보일 수 있어 업종별 차별화... ",https://www.newsis.com/view/NISX20260616_0003671175,https://n.news.naver.com/mnews/article/003/0014010392?sid=101,"Wed, 17 Jun 2026 06:00:00 +0900",2026-06-19 10:46:21
리츠/부동산,리츠 주가,"대우건설, 시니어주택 사업 확대 본격화…원전 수주 모멘텀도 주목","또한 지난 4월에는 의왕초평A1, 원주무실S1 실버스테이 혼합형 공공지원민간임대리츠 사업의... 대신증권은 16일 대우건설에 대해 체코 두코바니 원전 수주가 대우건설의 첫 해외 원전 프로젝트라는 점에서 의미가 크다고... ",http://www.biztribune.co.kr/news/articleView.html?idxno=354831,http://www.biztribune.co.kr/news/articleView.html?idxno=354831,"Tue, 16 Jun 2026 22:48:00 +0900",2026-06-19 10:46:21
리츠/부동산,리츠 주가,&quot;리츠 괜찮나?&quot; 불안 커졌지만…상장리츠 평균 임대율 97.6%,한국리츠협회 관계자는 &quot;상장리츠 시장에 대한 불안감이 커지고 있지만 개별 리츠를 살펴보면 높은 임대율과 우량 임차인을 기반으로 안정적인 운영이 이뤄지고 있다&quot;며 &quot;현재 주가가 순자산가치(NAV) 대비 크게... ,http://www.fnnews.com/news/202606161727496042,https://n.news.naver.com/mnews/article/014/0005535723?sid=101,"Tue, 16 Jun 2026 17:50:00 +0900",2026-06-19 10:46:21
리츠/부동산,리츠 주가,국내 상장리츠 재무 건전성 '우수',"한국리츠협회 관계자는 &quot;상장리츠 시장에 대한 불안 심리가 확산되고 있으나, 개별 리츠를 살펴보면 높은 임대율과 우량 임차인의 리츠가 다수&quot;라며 &quot;현재 주가 수준이 내재 가치(NAV) 대비 현저히 낮은 만큼, 장기... ",http://www.ikld.kr/news/articleView.html?idxno=336072,http://www.ikld.kr/news/articleView.html?idxno=336072,"Tue, 16 Jun 2026 17:30:00 +0900",2026-06-19 10:46:21
리츠/부동산,리츠 주가,[특징주] 일본은행 금리 인상...금융주 강세,"금융주가 장 초반 강세를 보이고 있다. 일본은행(BOJ)의 기준금리 인상 유력 등 국내외 금리 상승... 반면 부동산, 리츠, 내수 성장주는 금리 상승 부담으로 상대적으로 부정적 영향을 받을 수 있다고 분석했다.... ",https://www.newspim.com/news/view/20260616000324,https://www.newspim.com/news/view/20260616000324,"Tue, 16 Jun 2026 10:22:00 +0900",2026-06-19 10:46:21
리츠/부동산,리츠 주가,"[N2 모닝 경제 브리핑-6월 16일] 美 증시, 미국과 이란 종전 협상 타결에...",■ 주요 기업 공시(15일) - 경인전자(009140) : 최대주주가 주식회사 케이일레븐파트너스외 3명으로 변경 - 유안타증권(003470) : 152억400만원 규모의 파생결합사채(ELB) 발행 - 제이알글로벌리츠(348950) : 회생절차개시... ,https://www.news2day.co.kr/article/20260616500012,https://www.news2day.co.kr/article/20260616500012,"Tue, 16 Jun 2026 06:06:00 +0900",2026-06-19 10:46:21
리츠/부동산,리츠 주가,&quot;소비주·비트코인 평화의 승자 될 것&quot;,해당 내용을 발표한 마이클 하트넷 수석전략가는 리츠와 소비재주가 분쟁 종식으로 즉각적인 수혜를 볼 것으로 내다봤다. 에너지 가격 하락에 따른 영향을 직접적으로 받는 자산군이기 때문이다. 지난 3월 27일 주당... ,https://www.hankyung.com/article/2026061577011,https://n.news.naver.com/mnews/article/015/0005298980?sid=104,"Mon, 15 Jun 2026 18:00:00 +0900",2026-06-19 10:46:21
리츠/부동산,리츠 주가,&quot;주주에게 아낌없이 돌려준다&quot;... 대형 지주사·금융주 중심으로 매수세...,자사주 매입 소각의 모범 사례로 꼽히며 총주주환원율을 극대화하는 메리츠금융지주가 상승세를 나타내고 있다. 고배당과 자사주 매입을 병행하며 안정적인 이익을 내는 SK텔레콤도 견조하다. 리테일 및 자산운용 부문... ,https://www.pinpointnews.co.kr/news/articleView.html?idxno=460232,https://www.pinpointnews.co.kr/news/articleView.html?idxno=460232,"Mon, 15 Jun 2026 15:12:00 +0900",2026-06-19 10:46:21
리츠/부동산,부동산 시장,"[증권가 중계] NH투자증권, 대신증권, LS증권","이번 세미나는 나정환 연구위원의 '2026년 하반기 증시 전망 및 핵심 투자 종목', 정보현 연구위원의 '부동산시장 정책 이슈 점검 및 투자 전략', 이동환 원장의 '활기찬 삶을 위한 나만의 건강관리' 등 세 개... ",http://www.bizwnews.com/news/articleView.html?idxno=139009,http://www.bizwnews.com/news/articleView.html?idxno=139009,"Fri, 19 Jun 2026 10:42:00 +0900",2026-06-19 10:46:22
리츠/부동산,부동산 시장,금리 인상기에 재소환된 ‘마라도나 이론’,"당시 영국 경제는 부동산시장 과열과 소비자물가 상승 우려가 크던 때였고, 중앙은행인 영란은행은 기준금리 조정 없이 통화 긴축 신호를 보내는 것으로 금융시장을 통제하고 있었다. 마라도나 이론은 미국 연방준비제도... ",https://www.hani.co.kr/arti/economy/economy_general/1264324.html,https://n.news.naver.com/mnews/article/028/0002810406?sid=101,"Fri, 19 Jun 2026 10:38:00 +0900",2026-06-19 10:46:22
리츠/부동산,부동산 시장,체질개선 막막한 상호금융…영업 한파 '이중고',"부동산 시장 과열을 막기 위한 가계대출 관리 취지에는 동의하지만, 신용대출은 실수요 성격이 강한 만큼 동일한 기준을 적용하는 것은 과도하다는 입장이다. 그나마 증가하는 수요를 흡수하고 있는 분야는 정책자금... ",https://news.tf.co.kr/read/economy/2334397.htm,https://n.news.naver.com/mnews/article/629/0000508932?sid=101,"Fri, 19 Jun 2026 10:32:00 +0900",2026-06-19 10:46:22
리츠/부동산,부동산 시장,용도변경 안 하고 ‘주거용’ 홍보…생활숙박 허위광고 등 315건 적발,"확인해야 한다”며 “국민이 정확한 정보를 바탕으로 안심하고 거래할 수 있도록 허위·과장 광고를 지속적으로 점검하고, 건전하고 투명한 부동산 시장 거래질서 확립을 위해 최선의 노력을 다하겠다”고 밝혔다.",https://www.hani.co.kr/arti/economy/property/1264321.html,https://n.news.naver.com/mnews/article/028/0002810403?sid=101,"Fri, 19 Jun 2026 10:24:00 +0900",2026-06-19 10:46:22
리츠/부동산,부동산 시장,동탄 집값 급등에 경기도 촉각…토허구역 지정 가능성 열어둬,"최근 화성 동탄신도시를 중심으로 아파트값이 급등세를 보이자 경기도가 부동산 시장에 대한 모니터링을 강화하고 있다. 통상적인 시장 감시 차원이지만, 시장 과열이 지속될 경우 토지거래허가구역(토허구역) 지정... ",https://www.news1.kr/local/gyeonggi/6202308,https://n.news.naver.com/mnews/article/421/0009012451?sid=102,"Fri, 19 Jun 2026 10:21:00 +0900",2026-06-19 10:46:22
리츠/부동산,부동산 시장,월드 뉴스 브리프 (기준일시: 2026년 06월 19일 금요일 10:00),시장에서는 부동산 경기 부진과 소비 심리 약화가 영향을 미치고 있다고 분석하고 있습니다. 중국 정부는 소비 진작을 위한 추가 정책을 검토하고 있는 것으로 알려졌습니다. 전문가들은 중국 소비 회복이 세계 경제... ,http://www.ifs.or.kr/bbs/board.php?bo_table=globalnewsfocus&wr_id=377,http://www.ifs.or.kr/bbs/board.php?bo_table=globalnewsfocus&wr_id=377,"Fri, 19 Jun 2026 10:16:00 +0900",2026-06-19 10:46:22
리츠/부동산,부동산 시장,"부산진해경제자유구역청, 건축허가 면적 3배 증가 산업투자 확대",고금리 상황과 부동산 금융시장 위축에도 제조시설과 생활 기반 시설 투자가 이어지면서 지역 개발 동력이 유지되고 있다는 분석이다. 올해 1~5월 경자청 관내 건축허가와 신고 건수는 52건으로 지난해 같은 기간... ,http://www.newstown.co.kr/news/articleView.html?idxno=706688,http://www.newstown.co.kr/news/articleView.html?idxno=706688,"Fri, 19 Jun 2026 10:15:00 +0900",2026-06-19 10:46:22
리츠/부동산,부동산 시장,"이지스운용 &quot;사모대출시장 성장 구조적..국내, 올해와 내년 진입 적기&quot;",이지스자산운용은 19일 '사모대출시장의 성장과 부동산 대출펀드의 투자 기회' 리포트를 발간했다고 밝혔다. 특히 올해와 내년이 사모대출시장 진입의 적기가 될 것이라는 내용을 담았다. 보고서는 최근 국내... ,https://www.smarttoday.co.kr/ko-kr/articles/108549,https://www.smarttoday.co.kr/ko-kr/articles/108549,"Fri, 19 Jun 2026 10:14:00 +0900",2026-06-19 10:46:22
리츠/부동산,부동산 시장,"김윤덕 국토장관, 부동산 가짜뉴스에 경고…&quot;카더라식 정보 안 돼&quot;",김윤덕 국토교통부 장관이 부동산 시장의 허위·왜곡 정보 유포 행위에 대한 강경 대응을 예고했다. 김윤덕 국토장관 페이스북 게시물 [자료=SNS 캡쳐] 김 장관은 지난 18일 자신의 사회관계망서비스(SNS)를 통해 &quot;정확한... ,https://www.newspim.com/news/view/20260619000261,https://www.newspim.com/news/view/20260619000261,"Fri, 19 Jun 2026 10:13:00 +0900",2026-06-19 10:46:22
리츠/부동산,부동산 시장,“주거용 아닌데 전입신고 가능하다고?”…생숙 허위광고 315건 적발,용도변경 절차를 거친 경우에만 주거용으로 사용할 수 있는 만큼 계약 전 반드시 건축물 용도와 광고 내용을 확인해야 한다”며 “건전하고 투명한 부동산 시장 거래 질서 확립을 위해 최선을 다하겠다”고 강조했다.,https://www.dailian.co.kr/news/view/1657634/?sc=Naver,https://n.news.naver.com/mnews/article/119/0003102632?sid=101,"Fri, 19 Jun 2026 10:10:00 +0900",2026-06-19 10:46:22
리츠/부동산,부동산 시장,지방 아파트 입주율 하락 속 ‘운암자이포레나 퍼스티체’ 입주 순항,지방 부동산 시장의 불확실성이 신축 아파트 입주에도 영향을 미치고 있다는 분석이 나온다. 이 같은 분위기 속에서 ‘운암자이포레나 퍼스티체’는 다른 흐름을 보이고 있다. 업계에 따르면 지난 4월 1일부터 오는 6월... ,https://economist.co.kr/article/view/ecn202606190006,https://n.news.naver.com/mnews/article/243/0000099340?sid=101,"Fri, 19 Jun 2026 10:09:00 +0900",2026-06-19 10:46:22
리츠/부동산,부동산 시장,"&quot;PF 리스크 없다&quot;...남화토건, 독보적 대금 회수력으로 '저평가 탈출' 시...","시장에서는 건설 업종이 단기적으로 부동산 시장 흐름과 금리 변화에 영향을 받을 것으로 보고 있다. 다만 해외 플랜트와 데이터센터, 친환경 인프라 등 새로운 성장 분야에서 경쟁력을 확보한 기업들은 중장기 투자... ",https://www.pinpointnews.co.kr/news/articleView.html?idxno=461446,https://www.pinpointnews.co.kr/news/articleView.html?idxno=461446,"Fri, 19 Jun 2026 10:08:00 +0900",2026-06-19 10:46:22
리츠/부동산,부동산 시장,'CR 리츠' 대구 미분양 해소 메기 역할 톡톡,대구의 매매 수요가 위축된 가운데 CR리츠를 통한 전세 매각이 원활히 이뤄질 경우 전국에서 가장 많은 준공 후 미분양 해소로 부동산 시장에 온기가 돌 것으로 기대된다. 대구의 미분양 아파트는 4월 말 기준... ,https://www.news1.kr/local/daegu-gyeongbuk/6202262,https://n.news.naver.com/mnews/article/421/0009012386?sid=102,"Fri, 19 Jun 2026 10:06:00 +0900",2026-06-19 10:46:22
리츠/부동산,부동산 시장,"요이땅 “2026년 부동산 경매 시장, 수도권·지방 ‘초양극화’ 심화”","AI 기반 부동산 경매 권리분석 플랫폼 ‘요이땅’은 6월 법원경매 데이터를 분석한 결과, 수도권 핵심 주거 지역과 지방·상업용 부동산 시장 간의 격차가 극단적으로 벌어지는 ‘초양극화’ 국면에 진입했다고 19일... ",https://www.sentv.co.kr/article/view/sentv202606180099,https://www.sentv.co.kr/article/view/sentv202606180099,"Fri, 19 Jun 2026 10:02:00 +0900",2026-06-19 10:46:22
리츠/부동산,부동산 시장,"대단지 선호 현상 뚜렷…'밀양 수자인 더퍼스트 1,2단지' 공급","최근 부동산 시장에서 지역 내 최대, 최초 등의 타이틀을 확보한 단지들이 긍정적인 평가를 받고 있다. 기존 주거단지에서 찾아보기 힘들었던 상품성과 희소성이 도입되면서, 향후 지역을 대표하는 주거지로... ",https://magazine.hankyung.com/business/article/202606196141b,https://n.news.naver.com/mnews/article/050/0000107509?sid=101,"Fri, 19 Jun 2026 09:59:00 +0900",2026-06-19 10:46:22
리츠/부동산,상업용 부동산,"[N잡 돋보기] &quot;부업인 줄 알았는데&quot;…셀프스토리지, 이제 공실 건물주 시...","2025년 4월 한국부동산원 상업용부동산임대동향조사에 따르면 서울 2층 이상 평균 임대료는 평당 6.1만~8.3만원, 지하1층은 5.1만원이다. 셀프스토리지 서울 매출의 절반 수준이다. 경기도는 격차가 더 크다. 1층 8.8만원, 2층... ",http://www.dailypop.kr/news/articleView.html?idxno=99800,http://www.dailypop.kr/news/articleView.html?idxno=99800,"Fri, 19 Jun 2026 10:36:00 +0900",2026-06-19 10:46:23
리츠/부동산,상업용 부동산,건산연 &quot;내년 건설수주 240.8조원 전망…공공 회복·민간 비주택 부진 지...,"건설·부동산 경기 전망 세미나'&lt;사진&gt;에서 &quot;2026년 건설수주는 전년 대비 8.9% 증가한 240조8000억원으로... 상업용 건축시장은 공사비 상승과 고금리 지속, 프로젝트파이낸싱(PF) 조달 여건 악화 등의 영향으로 착공 부진이... ",https://www.kmecnews.co.kr/news/articleView.html?idxno=50394,https://www.kmecnews.co.kr/news/articleView.html?idxno=50394,"Fri, 19 Jun 2026 10:26:00 +0900",2026-06-19 10:46:23
리츠/부동산,상업용 부동산,용적률 인센티브는 공짜가 아니다,"용적률보다 먼저 봐야 할 것은 최유효이용이다 상업용 부동산 분석에서 중요한 개념 중 하나가 최유효이용이다. 해당 부동산이 법적으로 허용되고, 물리적으로 가능하며, 재무적으로 타당하고, 시장에서 가장 높은... ",https://www.hankyung.com/article/202606185303O,https://n.news.naver.com/mnews/article/015/0005300492?sid=101,"Fri, 19 Jun 2026 07:47:00 +0900",2026-06-19 10:46:23
리츠/부동산,상업용 부동산,[원빌딩 시선] '제2의 성수' 꿈꾸는 북촌·서촌…자본과 K-컬처가 움직인...,"최근 몇 년간 서울 상업용 부동산 시장의 주인공은 단연 '성수동'이었다. 대기업의 거대한 자본이 투입되며 노후화된 공장지대는 세련된 신축 빌딩들로 탈바꿈했고, 이는 폭발적인 유동인구 유입으로 이어졌다. 이제... ",https://www.newstopkorea.com/news/articleView.html?idxno=45652,https://www.newstopkorea.com/news/articleView.html?idxno=45652,"Fri, 19 Jun 2026 06:24:00 +0900",2026-06-19 10:46:23
리츠/부동산,상업용 부동산,"스타벅스 프리미엄은 옛말, 논란 이후 한 달…건물주도 두손두발",한때 상업용 부동산 시장에서 스타벅스는 '믿고 투자하는 임차인'으로 통했다. 스타벅스가 입점한 건물은 안정적인 임대 수익은 물론 건물 가치 상승까지 기대할 수 있다는 인식이 강했다. 건물주들 사이에서는... ,https://realty.chosun.com/site/data/html_dir/2026/06/18/2026061802121.html,https://realty.chosun.com/site/data/html_dir/2026/06/18/2026061802121.html,"Fri, 19 Jun 2026 06:02:00 +0900",2026-06-19 10:46:23
리츠/부동산,상업용 부동산,돈 잘 버는 ‘제이알글로벌리츠’가 회생절차 신청한 까닭은,"그러나 고금리 장기화로 유럽 상업용 부동산 가치가 하락하면서 상황이 악화됐다. 해외 대주단은 담보인정비율(LTV) 약정 위반을 이유로 임대료 수입을 현지 계좌에 묶는 ‘캐시트랩’ 조치를 시행했고, 이에 따라... ",https://www.chosun.com/economy/stock-finance/2026/06/19/CPG6AXJ2TFDOVJPVUASJ6ZMNOY/?utm_source=naver&utm_medium=referral&utm_campaign=naver-news,https://n.news.naver.com/mnews/article/023/0003982826?sid=101,"Fri, 19 Jun 2026 00:36:00 +0900",2026-06-19 10:46:23
리츠/부동산,상업용 부동산,"쿠시먼앤드웨이크필드, 7000억 규모 구로 지타워 매각 완료",상반기 면적 기준 최대 오피스 거래 매각 후 재임차 방식 적용해 거래 성사 글로벌 상업용 부동산 서비스 기업 쿠시먼앤드웨이크필드 코리아가 7000억원 규모의 ‘구로 지타워’ 매각 자문을 마쳤다. 18일... ,https://www.segye.com/newsView/20260618518132?OutUrl=naver,https://n.news.naver.com/mnews/article/022/0004136575?sid=101,"Thu, 18 Jun 2026 19:44:00 +0900",2026-06-19 10:46:23
리츠/부동산,상업용 부동산,"쿠시먼앤드웨이크필드, 7천억 규모 구로 지타워 매각 성사","쿠시먼앤드웨이크필드 코리아가 서울 구로구의 프라임 오피스 자산인 구로 지타워 매각을 마무리하면서, 올해 상반기 국내 상업용 부동산 시장에서 대형 오피스 거래 한 건이 성사됐다. 쿠시먼앤드웨이크필드 코리아는... ",https://www.tokenpost.kr/news/economy/370763,https://www.tokenpost.kr/news/economy/370763,"Thu, 18 Jun 2026 18:54:00 +0900",2026-06-19 10:46:23
리츠/부동산,상업용 부동산,부동산 출자 늘리는 연기금…저평가 상업용 부동산 노려,"우정사업본부도 서울 주요 권역 오피스·수도권 물류시설 등 상업용 부동산 투자를 위한 리츠 운용사 1곳을 이달 22일까지 서류 신청을 받아 선정한다. 출자 금액은 예금에서 3000억원, 보험에서 2000억원이다. 반면... ",https://www.mk.co.kr/article/12077664,https://n.news.naver.com/mnews/article/009/0005695812?sid=101,"Thu, 18 Jun 2026 17:46:00 +0900",2026-06-19 10:46:23
리츠/부동산,상업용 부동산,뉴마크 &quot;물류시장 공급 절벽 진입…선별적 회복세&quot; [fn마켓워치],"미국 상업용 부동산 서비스 기업인 뉴마크 코리아(Newmark Korea)는 '1H26 한국 물류 임대차 시장: 트렌드 &amp; 전망' 보고서를 발간하고, 국내 물류 임대차 시장이 공급 정점을 지나 재고 흡수 중심의 회복 국면에 진입하고 있다고... ",http://www.fnnews.com/news/202606181724283774,https://n.news.naver.com/mnews/article/014/0005536877?sid=101,"Thu, 18 Jun 2026 17:27:00 +0900",2026-06-19 10:46:23
리츠/부동산,상업용 부동산,"월세 1억도 넘는데...유통업계, 왜 ‘성수’에 꽂혔나",18일 팝업·상업용 부동산 전문 기업 스위트스팟에 따르면 지난해 전국에서 운영된 팝업스토어는 3371개로 전년(1713개) 대비 약 97% 늘었다. 이 가운데 약 88%가 서울에 집중됐다. 같은 기간 서울에서 운영된 팝업스토어의 약... ,https://economist.co.kr/article/view/ecn202606180038,https://n.news.naver.com/mnews/article/243/0000099312?sid=101,"Thu, 18 Jun 2026 17:01:00 +0900",2026-06-19 10:46:23
리츠/부동산,상업용 부동산,"코람코, 우정사업본부 5000억 규모 리츠 위탁운용사로 선정",국내 리츠 시장에서 쌓은 운용 경험과 오피스·물류센터 등 상업용 부동산 투자·개발 역량을 인정받았다는 평가가 나온다. 18일 금융투자업계에 따르면 우정사업본부는 이날 우체국금융 국내 부동산 리츠 위탁운용사... ,https://www.hankyung.com/article/202606184779r,https://n.news.naver.com/mnews/article/015/0005300263?sid=101,"Thu, 18 Jun 2026 16:18:00 +0900",2026-06-19 10:46:23
리츠/부동산,상업용 부동산,"우체국금융, 국내 부동산 펀드 운용사에 코람코신탁…5000억 규모",이투데이=김효숙 기자 | 우정사업본부(우체국금융)가 투자하는 국내 상업용 부동산 블라인드 펀드에 코람코자산신탁이 선정됐다. 18일 금융투자업계에 따르면 우체국금융은 지난달 국내 오피스·물류시설 등 상업용... ,https://www.etoday.co.kr/news/view/2595063,https://www.etoday.co.kr/news/view/2595063,"Thu, 18 Jun 2026 16:12:00 +0900",2026-06-19 10:46:23
리츠/부동산,상업용 부동산,임대수익 아쉽지만…2년 뒤 팔 건물이라면 공실이 오히려 무기다,"최근 상업용 부동산 시장에서는 임차인이 있다고 무조건 좋은 평가를 받는 것도 아니다. 우량 임차인이고 임대료 수준이 적정하다면 장점이지만, 임대료가 낮거나 계약 기간이 길고 명도가 어렵다면 오히려 부담이 된다.... ",https://www.mk.co.kr/article/12077514,https://n.news.naver.com/mnews/article/009/0005695704?sid=101,"Thu, 18 Jun 2026 16:12:00 +0900",2026-06-19 10:46:23
리츠/부동산,상업용 부동산,&quot;건물 팔고 다시 빌려 쓴다&quot;…구로 지타워 7000억 매각 성사,고금리와 프로젝트파이낸싱(PF) 시장 경색 등으로 상업용 부동산 거래가 위축된 상황에서 이뤄진 대형 거래라는 점에서 시장의 관심이 쏠린다. 글로벌 상업용 부동산 서비스 기업 쿠시먼앤드웨이크필드 코리아는... ,https://www.hankyung.com/article/2026061847846,https://n.news.naver.com/mnews/article/015/0005300245?sid=101,"Thu, 18 Jun 2026 15:51:00 +0900",2026-06-19 10:46:23
리츠/부동산,상업용 부동산,우본 5000억 부동산 위탁운용사에 코람코자산신탁 [시그널],투자 대상은 오피스와 물류시설 등 상업용 부동산이며 50% 이내의 비중으로 부동산 개발에도 투자가 가능하다. IB 업계의 한 관계자는 “코람코는 예측가능한 운용으로 리스크 관리에 탁월하다는 평가를 받고... ,https://www.sedaily.com/article/20057410?ref=naver,https://n.news.naver.com/mnews/article/011/0004632563?sid=101,"Thu, 18 Jun 2026 15:49:00 +0900",2026-06-19 10:46:23
리츠/부동산,상업용 부동산,넷마블 구로사옥 ‘지타워’ 7000억원에 매각 완료,7000억원 규모 거래는 올해 상반기 국내 상업용 부동산 시장에서 면적 기준 최대 규모의 오피스 거래다. 구로 지타워는 연면적 17만2975 제곱미터 규모의 랜드마크 자산이다. 2021년 준공한 신축 건물로 넷마블과 주요... ,https://www.mk.co.kr/article/12077462,https://n.news.naver.com/mnews/article/009/0005695671?sid=101,"Thu, 18 Jun 2026 15:44:00 +0900",2026-06-19 10:46:23
건설/인프라,건설 주가,"삼성물산 주가 장중 9%대 강세, 삼성전자 지분가치 상승 전망에 목표주...","김세련 LS증권 연구원은 이날 보고서에서 &quot;삼성물산은 삼성전자 등 핵심 계열사 지분가치 상승에 건설부문 원전, 소형모듈원자로(SMR)의 가시적 수주 성과가 기대된다&quot;며 삼성물산 목표주가를 기존 55만 원에서... ",https://www.businesspost.co.kr/BP?command=article_view&num=440369,https://www.businesspost.co.kr/BP?command=article_view&num=440369,"Fri, 19 Jun 2026 10:16:00 +0900",2026-06-19 10:46:23
건설/인프라,건설 주가,"대우건설 주가, 6월 19일 장중 22,525원 1.85% 하락","|중앙이코노미뉴스 김영진 기자|  19일 오전 10시 10분 기준, 네이버페이 증권에 따르면 대우건설 주가는 현재 22,525원을 기록하고 있다. 이는 지난 종가 22,950원보다 425원 하락한 수치로, 1.85%의 낙폭을... ",https://www.joongangenews.com/news/articleView.html?idxno=526946,https://www.joongangenews.com/news/articleView.html?idxno=526946,"Fri, 19 Jun 2026 10:14:00 +0900",2026-06-19 10:46:23
건설/인프라,건설 주가,"'김태현♥' 미자, SK하이닉스 들어갔더니 '투자방' 들썩…&quot;인간 고점 판...","못해 건설주를 샀고, 며칠 만에 마이너스 20%를 기록해 수천만 원을 날렸다고 밝혔다. 또한 이후에도 주식 투자를 하면서 1억 가량의 손해를 봤고 손절매 후 주가가 급등했다고 밝혀 많은 이들을 놀라게 했다. / 사진= 미자",https://www.tvreport.co.kr/entertainment/article/1055061/,https://m.entertain.naver.com/article/213/0001391293,"Fri, 19 Jun 2026 10:07:00 +0900",2026-06-19 10:46:23
건설/인프라,건설 주가,[서울데이터랩]개장 직후 인기 검색 종목 20選,"검색 비율 1위는 삼성전자(005930)로 20.03%를 기록했고, 주가는 전일 대비 9000원 오른 37만... 대우건설(047040) 역시 1.96% 내린 2만 2500원을 기록 중이다. 거래량 측면에서는 삼성전자가 289만 2773주로... ",https://www.seoul.co.kr/news/economy/securities/2026/06/19/20260619500035?wlog_tag3=naver,https://n.news.naver.com/mnews/article/081/0003654063?sid=101,"Fri, 19 Jun 2026 09:35:00 +0900",2026-06-19 10:46:23
건설/인프라,건설 주가,"증권가, 목표주가 줄줄이 상향…삼성물산 12%↑[특징주]","김세련 LS증권 연구원은 “핵심 계열사 지분가치의 상승이 주가 리레이팅을 만드는 요인이기도 하지만, 건설 부문에서 원전, SMR의 가시적인 수주 성과에 따른 사업가치 재평가 역시 핵심 모멘텀으로 주가에... ",https://www.edaily.co.kr/news/newspath.asp?newsid=03332486645483360,https://n.news.naver.com/mnews/article/018/0006309651?sid=101,"Fri, 19 Jun 2026 09:33:00 +0900",2026-06-19 10:46:23
건설/인프라,인프라 산업,"에머슨, 무선 기반 IIoT 플랫폼 Emerson Synchros 출시… 설비 가시성 확...","새로운 산업용 사물인터넷(IIoT) 플랫폼 'Emerson Synchros'를 출시했다. 이번 플랫폼은 유연한 무선 아키텍처를 기반으로 설계돼 기존 설비에 대규모 인프라 변경없이 신속하게 적용할 수 있으며, 자산 상태에 대한... ",https://www.industrynews.co.kr/news/articleView.html?idxno=82339,https://www.industrynews.co.kr/news/articleView.html?idxno=82339,"Fri, 19 Jun 2026 10:38:00 +0900",2026-06-19 10:46:24
건설/인프라,인프라 산업,수도권 분양가 상승률 13%대…분상제 단지 청약 쏠림 심화,"건설산업연구원 조사에서 5월 건설경기실사지수(CBSI) 자재수급지수는 63.4로, 전년 대비 29.1p 하락했다.... 수도권 1호선 서정리역이 가까워 교통 여건이 양호하고, 주변 생활 인프라도 갖춰져 있다. 또 호반건설은 김포... ",https://www.newsis.com/view/NISX20260619_0003675642,https://n.news.naver.com/mnews/article/003/0014015876?sid=101,"Fri, 19 Jun 2026 10:38:00 +0900",2026-06-19 10:46:24
건설/인프라,인프라 산업,"한국방위산업MICE협회, 해외사업 전담 조직 신설..방산 수출 지원",보조 인프라를 마련한다는 방침이다. 새로 구성된 해외사업 전담 조직은 각 산업 분야에서 해외 비즈니스와 국방 전시 기획을 전담해 온 전문가들로 배치됐다. 이 조직은 향후 해외 정부 유관 기관 및 세계 주요 방산... ,http://www.fnnews.com/news/202606191031442832,https://n.news.naver.com/mnews/article/014/0005537164?sid=101,"Fri, 19 Jun 2026 10:38:00 +0900",2026-06-19 10:46:24
건설/인프라,인프라 산업,병원 옮겨도 진료기록 받아본다…‘차세대 의료정보 플랫폼’ 구축 눈앞...,"(PACS) 산업계, 유관협회 등의 의견을 수렴하기 위해 마련됐다. 디지털 의료정보교류시스템은 의료기관 간... 의견을 충실히 반영해 표준기반의 국가 의료정보 인프라 구축 방안을 차질없이 구체화하겠다”고 밝혔다.",https://www.edaily.co.kr/news/newspath.asp?newsid=03594886645483360,https://n.news.naver.com/mnews/article/018/0006309715?sid=102,"Fri, 19 Jun 2026 10:35:00 +0900",2026-06-19 10:46:24
건설/인프라,건설 수주,"롯데건설, 1분기 영업익 13배 증가…재무 안정 속도",올해 도시정비사업 수주액은 총 1조5049억원이다. 롯데건설 관계자는 “1분기 실적 개선은 경영 체질 강화 노력이 결실을 본 전환점”이라며 “하반기 추가 유동성 확보와 PF 우발채무 감소를 통해 재무 안정성을... ,https://www.mk.co.kr/article/12078291,https://n.news.naver.com/mnews/article/024/0000106333?sid=101,"Fri, 19 Jun 2026 10:44:00 +0900",2026-06-19 10:46:25
건설/인프라,건설 수주,[단독] &quot;원자재값 내리면 깎고 오르면 입 다물라&quot;…대방산업개발 '갑질...,전문건설업체 관계자의 가슴 친 토로다. 19일 업계 등에 따르면 대방건설 핵심관계사인 대방산업개발은... 유리공사를 수주했다. 각 사업장 공사비는 11억7000만원과 11억5500만원으로 공사원가에서 자재비 비중이 83~84%에... ,http://www.inews24.com/view/1977873,https://n.news.naver.com/mnews/article/031/0001036225?sid=101,"Fri, 19 Jun 2026 10:43:00 +0900",2026-06-19 10:46:25
건설/인프라,건설 수주,"한수원, 체코 글로벌 봉사단 파견…원전 협력 기반 강화",두코바니·테믈린 인근서 한국문화 교류 한국수력원자력이 체코 신규 원전 건설 예정지와 추가 원전사업 수주 추진 지역에 글로벌 봉사단을 파견하고 원전 협력 기반 강화에 나섰다. 한수원은 임직원과 대학생 봉사단... ,https://news.tf.co.kr/read/economy/2334409.htm,https://n.news.naver.com/mnews/article/629/0000508938?sid=101,"Fri, 19 Jun 2026 10:40:00 +0900",2026-06-19 10:46:25
건설/인프라,건설 수주,민간은 겁나고 공공은 남는 게 없다 … 벼랑 끝 내몰린 중견건설사,19일 한국건설산업연구원에 따르면 지난 4월 국내 건설수주는 19조7000억원으로 전년 동월 대비 35.9% 증가했다. 공공수주는 62.3% 늘었고 민간수주도 26.6% 증가했다. 수주 외형은 커졌지만 회복 온도차는 뚜렷했다.... ,https://biz.newdaily.co.kr/site/data/html/2026/06/19/2026061900071.html,https://biz.newdaily.co.kr/site/data/html/2026/06/19/2026061900071.html,"Fri, 19 Jun 2026 10:32:00 +0900",2026-06-19 10:46:25
건설/인프라,건설 수주,"한신공영, 한국기업평가 신용등급 전망 '긍정적(Positive)' 상향",한신공영이 현재 수준의 수익성을 유지하고 운전자본 부담을 안정적으로 관리할 경우 향후 신용등급 상향 가능성이 확대될 것으로 전망했다. 한신공영은 건설경기 둔화와 보수적인 사업운영 기조 속에서도 수익성... ,http://www.ikld.kr/news/articleView.html?idxno=336245,http://www.ikld.kr/news/articleView.html?idxno=336245,"Fri, 19 Jun 2026 10:28:00 +0900",2026-06-19 10:46:25
건설/인프라,건설 수주,"한신공영, 신용등급 전망 ‘긍정적’ 상향","수익성 개선과 재무부담 완화, 안정적인 수주잔고 확보 등이 긍정적으로 평가됐다. 한신공영(주)는... 한신공영은 건설경기 둔화와 보수적인 사업운영 기조를 펼치며 수익성 중심의 경영전략을 이어가고 있다. 지난해... ",https://www.smarttoday.co.kr/ko-kr/articles/108550,https://www.smarttoday.co.kr/ko-kr/articles/108550,"Fri, 19 Jun 2026 10:26:00 +0900",2026-06-19 10:46:25
건설/인프라,건설 수주,"송도 공장 준공 당긴 롯데바이오, CDMO 수주 경쟁 분기점 맞나","롯데바이오로직스는 향후 송도에 2·3공장을 추가로 건설해 송도 내 36만L, 미국 시러큐스 공장까지 포함하면... 점은 수주 경쟁에서 중요한 요소가 될 수 있다. CDMO 사업은 고객사가 실제 계약을 체결하기 전 생산시설과... ",https://www.smartbizn.com/news/articleView.html?idxno=146558,https://www.smartbizn.com/news/articleView.html?idxno=146558,"Fri, 19 Jun 2026 10:26:00 +0900",2026-06-19 10:46:25
건설/인프라,건설 수주,"두산건설, 우수 협력사 11곳 선정…상생협력 강화 나선다","협력사 평가는 품질·안전·환경관리 등 현장평가와 거래 실적, 기성 실적, 신규 수주 실적 등을 종합적으로 반영해 이뤄졌다. 두산건설은 최근 현장 기여도와 수행 역량을 중심으로 협력사의 경쟁력을 평가하고 있으며... ",https://www.megaeconomy.co.kr/news/newsview.php?ncode=1065575522545451,https://www.megaeconomy.co.kr/news/newsview.php?ncode=1065575522545451,"Fri, 19 Jun 2026 10:18:00 +0900",2026-06-19 10:46:25
건설/인프라,건설 수주,"유일로보틱스, 50억 규모 특수공정 설비 자동화 수주",최근 유일로보틱스는 제조 현장의 다양한 자동화 수요에 대응하며 수주 영역을 넓히고 있다. 지난 9일에는 종합건설기계 H사와 16억 원 규모의 산업용 건설 중장비 제조 공정 로봇자동화 및 스마트팩토리 시스템 공급... ,http://www.smedaily.co.kr/news/articleView.html?idxno=358952,http://www.smedaily.co.kr/news/articleView.html?idxno=358952,"Fri, 19 Jun 2026 10:18:00 +0900",2026-06-19 10:46:25
건설/인프라,건설 수주,"울산시, 하도급률 제고 점검회의 개최…하반기 중점 과제 논의","동남지방통계청에 따르면 올해 4월 울산지역 건설수주액은 3823억 원으로 전년 동월 대비 8.2% 증가했으며, 특히 공공부문 수주도 492.5% 증가한 것으로 집계됐다. 대형건설사의 기존 협력업체 선호와 지역업체에 정보... ",https://www.cnbnews.com/news/articleView.html?idxno=1005206,https://www.cnbnews.com/news/articleView.html?idxno=1005206,"Fri, 19 Jun 2026 10:12:00 +0900",2026-06-19 10:46:25
음식료/식품,식품 주가,"뉴욕증시 관심주?...크루즈 &amp; 항공주 '점프', ENPH '껑충', KR '뚝'",반면 식품 유통기업 크로거의 주가는 급락해 주목받았다. 뉴욕증권거래소에 따르면 이날 주요 여행 관련주 중에서는 저유가를 선호하는 항공주와 크루즈 관련주들이 일제히 뛰었다. 이날 주요 항공주 중에서는... ,http://www.choicenews.co.kr/news/articleView.html?idxno=166812,http://www.choicenews.co.kr/news/articleView.html?idxno=166812,"Fri, 19 Jun 2026 08:28:00 +0900",2026-06-19 10:46:26
음식료/식품,식품 주가,"[지금, 일본] 日, 31년 만에 기준금리 1%…추가 인상도 예고",그 여파가 식품과 생활용품 가격으로 확산되는 국면이 이어졌다는 설명이다. 일본은행이 집계한 근원... 엔화 강세와 주가 하락 가능성도 변수로 꼽혔다. 니혼게이자이신문에 따르면 시장의 관심은 이미 이번 인상... ,https://theviewers.co.kr/View.aspx?No=4118005,https://theviewers.co.kr/View.aspx?No=4118005,"Fri, 19 Jun 2026 08:28:00 +0900",2026-06-19 10:46:26
음식료/식품,식품 주가,"넥스트바이오메디컬, 무릎 통증 색전술 임상 최상위 논문 게재…“파트...",미국식품의약국(FDA) 확증 임상의 기반이 강화됐다는 분석이 나왔다. 다올투자증권은 19일 보고서에서 넥스트바이오메디컬에 대해 투자의견 ‘매수’와 목표주가 12만 원을 유지했다. 박종현 다올투자증권 연구원은... ,https://www.sedaily.com/article/20057624?ref=naver,https://n.news.naver.com/mnews/article/011/0004632786?sid=101,"Fri, 19 Jun 2026 08:27:00 +0900",2026-06-19 10:46:26
음식료/식품,식품 주가,"[더벨]젬백스, 500억 규모 전환사채 발행 추진",GV1001은 PSP 적응증과 관련해 미국 식품의약국(FDA) 패스트트랙과 희귀의약품 지정을 받았다. 유럽의약품청... 젬백스의 주가는 이날 1만3000원대 수준에서 거래되고 있다. 시가총액은 약 5800억원대다. 젬백스 관계자는... ,https://www.thebell.co.kr/free/content/ArticleView.asp?key=202606170756436320104016,https://www.thebell.co.kr/free/content/ArticleView.asp?key=202606170756436320104016,"Fri, 19 Jun 2026 08:08:00 +0900",2026-06-19 10:46:26
음식료/식품,식품 주가,[종목+] 오스코텍 주가 왜 빠졌나…1조 계약 뒤에 남은 임상 변수,"다만 오스코텍 주가는 빅파마와의 기술수출이라는 호재에도 약세를 이어가고 있다. 오스코텍 주가는... 세비도플레닙이 자가면역질환을 겨냥한 신약 후보물질인 데다, 파트너사가 미국 식품의약국(FDA) 승인... ",https://www.newspim.com/news/view/20260618001091,https://www.newspim.com/news/view/20260618001091,"Fri, 19 Jun 2026 08:05:00 +0900",2026-06-19 10:46:26
음식료/식품,식품 주가,"코로나 넘어 독감으로…모더나 mRNA 백신, 미국 허가 문턱 넘나","모더나의 mRNA 기반 계절성 독감백신이 미국 식품의약국(FDA) 자문위원회에서 만장일치 지지를 받았다. 최종... 독감 바이러스는 매년 유행주가 달라지고, 백신 생산 시점과 실제 유행주 사이에 차이가 생기면... ",https://www.medicopharma.co.kr/news/articleView.html?idxno=68452,https://www.medicopharma.co.kr/news/articleView.html?idxno=68452,"Fri, 19 Jun 2026 08:02:00 +0900",2026-06-19 10:46:26
음식료/식품,식품 주가,"BGF리테일, 점포 영업레버리지 본격화-하나",고마진 식품군에 집중돼 있고 가장 저마진 카테고리인 담배 매출 비중이 12%에 불과하다”고 설명했다.... 박 연구원은 “12개월 선행 주가수익비율(PER)은 8.6배로 여유 있는 수준”이라고 평가했다.,https://www.edaily.co.kr/news/newspath.asp?newsid=02728966645483360,https://n.news.naver.com/mnews/article/018/0006309508?sid=101,"Fri, 19 Jun 2026 07:45:00 +0900",2026-06-19 10:46:26
음식료/식품,식품 주가,"워시 체제 美 연준, 금리 동결에도 연내 인상 신호 강화","에너지와 식품을 제외한 근원 CPI 상승률도 2.9%로 연준 목표치인 2%를 웃돌았다. 유가 충격을 제외해도 물가... 마이크로소프트, 메타, 알파벳, 아마존 등 대형 기술주가 약세를 보이며 지수 하락을 주도했다. 기술주는... ",https://www.newswhoplus.com/news/articleView.html?idxno=62610,https://www.newswhoplus.com/news/articleView.html?idxno=62610,"Fri, 19 Jun 2026 07:30:00 +0900",2026-06-19 10:46:26
음식료/식품,식품 주가,"제약바이오, 하반기 '허가·임상·기술수출' 3대 이벤트 주목","HLB는 '리보세라닙'과 중국 항서제약의 면역항암제 '캄렐리주맙' 병용요법에 대한 미국 식품의약국(FDA) 허가... 김승민 미래에셋증권 연구원은 &quot;올 상반기에는 섹터 내 성과 부재, 삼천당제약 신뢰도 및 주가 하락... ",https://news.bizwatch.co.kr/article/healthcare/2026/06/18/0036,https://n.news.naver.com/mnews/article/648/0000048160?sid=101,"Fri, 19 Jun 2026 07:30:00 +0900",2026-06-19 10:46:26
음식료/식품,식품 주가,서울국제주류박람회 키워드 '적응과 변화' [르포],박람회는 애주가들 사이에도 다양한 술을 한자리에서 시음할 수 있는 매력에 일명 '국주박'으로 불리며... 이 명인은 감홍로의 재현을 인정받아 지난 2012년 전통식품명인 43호로 지정됐다. 감홍로를 한 모금 마시니 진한... ,https://www.ngetnews.com/news/articleView.html?idxno=550903,https://www.ngetnews.com/news/articleView.html?idxno=550903,"Fri, 19 Jun 2026 06:10:00 +0900",2026-06-19 10:46:26
음식료/식품,식품 주가,석유제품 내려도 반도체·서비스 뛰었다…생산자물가 9개월째 상승,"주가 상승에 따라 기초자산 거래금액이 늘어난 영향이다. 운송서비스는 국제항공여객과 항공화물 가격 상승으로 1.8% 올랐다. 특수분류별로는 식료품이 전월 대비 0.2%, 신선식품이 3.2% 하락했다. 반면 에너지는 0.5... ",https://www.newspim.com/news/view/20260618000996,https://www.newspim.com/news/view/20260618000996,"Fri, 19 Jun 2026 06:00:00 +0900",2026-06-19 10:46:26
음식료/식품,식품 주가,5월 생산자물가 0.8%↑ 9개월째 상승…전년비 8.5%↑ 3년10개월만 최고,"이 팀장은 금융서비스 상승세와 관련해 &quot;위탁매매 수수료는 주가가 오르면서 큰 폭으로 상승했다&quot;며... 식용 농림수산품과 가공식품이 포함된 식료품은 전월 대비 0.2% 하락했으며, 에너지는 0.5% 상승했다. 수입품까지... ",https://www.news1.kr/economy/trend/6201697,https://n.news.naver.com/mnews/article/421/0009011956?sid=101,"Fri, 19 Jun 2026 06:00:00 +0900",2026-06-19 10:46:26
음식료/식품,식품 주가,"대원제약 '꿀잠샷' 라임과피추출물 핵심 원료, 글로벌 푸드테크 행사서...",건강기능식품의 핵심원료로 글로벌 식품박람회에서 상을 받았다. 대원제약은 자사의 수면조절... 증가하는 추세가 확인됐다. 대원제약주가는 18일 전일대비 2.55% 내린 8800원에 거래를 마감했다. [비즈트리뷴=],http://www.biztribune.co.kr/news/articleView.html?idxno=354908,http://www.biztribune.co.kr/news/articleView.html?idxno=354908,"Thu, 18 Jun 2026 21:48:00 +0900",2026-06-19 10:46:26
음식료/식품,식품 주가,화섬노조 &quot;셀라니즈 울산공장 흑자인데 기습 폐쇄…외투 기업 먹튀&quot;,전국화학섬유식품산업노동조합 울산지부는 18일 성명을 내고 셀라니즈의 울산공장 폐쇄 강행을 외투기업... 셀라니즈는 올해 1분기 실적이 시장 예상치를 밑돌았고 주가도 20%대 하락한 상태다. 앞서 4월과 5월 주요 제품... ,https://www.ulsanpress.net/news/articleView.html?idxno=577448,https://www.ulsanpress.net/news/articleView.html?idxno=577448,"Thu, 18 Jun 2026 21:42:00 +0900",2026-06-19 10:46:26
음식료/식품,식품 주가,"비만신약 출시 앞둔 한미약품, 평택 바이오플랜트서 기업설명회 열어",미국 식품의약국(FDA) 승인 및 정기 실사를 통해 검증된 품질 시스템과 함께 연간 2천만 도즈(dose)에 달하는... 한편 한미약품의 한국거래소(KRX) 기준 주가는 42만 4천원의 저점을 찍고 44만4천원까지 오르다가 전일보다 4.82... ,http://www.biztribune.co.kr/news/articleView.html?idxno=354904,http://www.biztribune.co.kr/news/articleView.html?idxno=354904,"Thu, 18 Jun 2026 21:36:00 +0900",2026-06-19 10:46:26
음식료/식품,음식료 산업,"바닥 찍고 날아오른다… 한울앤제주, 실적 턴어라운드 돌입하며 존재감...",국내 증시의 방어주 역할을 하던 음식료업종 테마가 18일 글로벌 원자재 가격 변동성과 내수 부진 우려가... 지주사 및 전통 장류 기업들도 전방 산업의 수요 정체 여파로 고전하고 있다. 샘표식품은 발효 기술을 기반으로... ,https://www.pinpointnews.co.kr/news/articleView.html?idxno=461221,https://www.pinpointnews.co.kr/news/articleView.html?idxno=461221,"Thu, 18 Jun 2026 15:16:00 +0900",2026-06-19 10:46:26
음식료/식품,음식료 산업,깊이가 다른 글로벌 투자 정보 GAM - 맛보기편 (6/17),"600 음식료 지수 선행 PER 추이 [자료=블룸버그] [미국 특징주] 아이맥스, 여름 극장가 호황에 주가 사상... [중국 특징주] 中 기관 &quot;2026년 철강산업 新원년&quot;, 3대 투자방향 [사진 = 바오스틸 공식 홈페이지] 중국 최대... ",https://www.newspim.com/news/view/20260617000814,https://www.newspim.com/news/view/20260617000814,"Wed, 17 Jun 2026 16:59:00 +0900",2026-06-19 10:46:26
음식료/식품,음식료 산업,"기준금리 동결? 인하?… 美 FOMC 앞둔 코스피, 9000선 돌파할까","종이·목재, 음식료·담배는 강보합인 반면 기계·장비, 운송·창고는 약보합에 거래를 마쳤다. 비금속... 다음날 대미투자특별법 시행과 한미전략투자공사 출범으로 관련 산업의 주가가 오를 수 있다는 의견도... ",https://www.mt.co.kr/stock/2026/06/17/2026061716044363992,https://n.news.naver.com/mnews/article/008/0005373359?sid=101,"Wed, 17 Jun 2026 16:43:00 +0900",2026-06-19 10:46:26
음식료/식품,음식료 산업,LG엔솔보다 '이곳'⋯&quot;지금 노려볼 만하다&quot; [찐코노미],"이런 기준에서 최근 강세인 화장품과 음식료 업종은 한계가 있다고 봤다. 염 이사는 &quot;삼양식품처럼 개별 기업의 실적과 성장성은 뛰어나도, 산업 전체의 체급이 작아 대형 ETF에 담기 어렵다&quot;며 &quot;증시 전체를 이끄는... ",https://www.etoday.co.kr/news/view/2594369,https://www.etoday.co.kr/news/view/2594369,"Wed, 17 Jun 2026 10:16:00 +0900",2026-06-19 10:46:26
음식료/식품,음식료 산업,&quot;전쟁 끝난다&quot; 개미·외국인 함께 담는다...코스피 8700선 회복,"15일(현지시간) 뉴욕증권거래소에서 다우존스30산업평균지수는 전 거래일 대비 0.92%, S&amp;P500 지수는 1.65... 음식료담배는 보합, 통신·IT서비스·운송·오락문화·출판매체·운송장비는 강보합권에서 등락하고 있다.... ",https://www.mt.co.kr/stock/2026/06/16/2026061608444855021,https://n.news.naver.com/mnews/article/008/0005372392?sid=101,"Tue, 16 Jun 2026 09:25:00 +0900",2026-06-19 10:46:26
음식료/식품,음식료 산업,"지정학적 긴장 완화에 유가 급락…코스피, 대형주 랠리 속 8700선 등락","업종별로 의료·정밀기기(4.24%), 금속(2.67%), 전기·전자(2.36%), 기계·장비(0.80%), 음식료·담배(0.66... 다우존스30 산업평균지수는 전 거래일보다 0.92% 오르며 사상 최고치를 기록했고 스탠더드앤드푸어스(S&amp;P) 500... ",https://www.etoday.co.kr/news/view/2593943,https://www.etoday.co.kr/news/view/2593943,"Tue, 16 Jun 2026 09:14:00 +0900",2026-06-19 10:46:26
음식료/식품,음식료 산업,"[최석원 칼럼] 초유의 증시 랠리, 잊지 말아야 할 4가지 투자 원칙","최근에는 화장품과 엔터테인먼트, 음식료 등 한류 열풍을 이끄는 기업들도 약진하고 있다. 즉, 지금의 증시... 하지만, 이는 특정 기업이나 특정 산업, 특정 자산의 위험을 자신의 재무상태 전체에 그대로 연결시키는... ",http://www.opinionnews.co.kr/news/articleView.html?idxno=140057,http://www.opinionnews.co.kr/news/articleView.html?idxno=140057,"Tue, 16 Jun 2026 08:30:00 +0900",2026-06-19 10:46:26
음식료/식품,음식료 산업,"원가 폭등 덮친 K-산업, 생존은 P(가격)와 Q(물량)","한화투자증권 임혜윤 연구원의 분석에 따르면 음식료, 자동차 등 중간재 투입률이 높은 산업일수록 원가 충격에 취약했다. 내수 비중이 높은 자동차와 음식료는 산출물가 상승세가 약해 불리하다. 자동차 수출물가는 2.... ",https://www.junggi.co.kr/news/articleView.html?idxno=36778,https://www.junggi.co.kr/news/articleView.html?idxno=36778,"Mon, 15 Jun 2026 18:46:00 +0900",2026-06-19 10:46:26
음식료/식품,음식료 산업,"환차손 걱정 덜어낸 증시… 환율하락 테마, 실적 턴어라운드 정조준","여행 산업의 업황 회복 수혜를 공유하는 기업들과 해운, 에너지 공기업들도 환율하락 테마의 온기를 전해... 정유 및 화학, 그리고 전통적인 음식료 지주회사와 중견 식품 기업들도 긍정적인 주가 흐름이다. 원유 수입 단가... ",https://www.pinpointnews.co.kr/news/articleView.html?idxno=460221,https://www.pinpointnews.co.kr/news/articleView.html?idxno=460221,"Mon, 15 Jun 2026 14:48:00 +0900",2026-06-19 10:46:26
음식료/식품,음식료 산업,[굿모닝! 글로벌 뉴욕증시] 종전 기대에 유가 급락…스페이스X 흥행까지...,"금속·광업, 개인·가정용품, 음식료, 은행·투자서비스, 복합산업, 유틸리티, 통신서비스, 기술장비 업종 등이 올랐다. 반면 소프트웨어·IT서비스, 소매, 지주사 업종 등은 약세를 보였다. 종목별로는 스페이스X가... ",https://www.newsquest.co.kr/news/articleView.html?idxno=267782,https://www.newsquest.co.kr/news/articleView.html?idxno=267782,"Mon, 15 Jun 2026 08:22:00 +0900",2026-06-19 10:46:26
음식료/식품,음식료 산업,수도권에 밀린 강원 벤처 '디지털헬스' 활로,다만 산업 특화도는 강원의 강점으로 꼽혔다. 보고서는 입지계수 분석을 통해 강원을 충청권과 함께 첨단제조업 특화 권역으로 분류했다. 강원의 3대 특화업종은 제약·의료·음식료다. 상장 벤처기업은 8곳으로... ,https://www.kado.net/news/articleView.html?idxno=2055377,https://n.news.naver.com/mnews/article/654/0000185266?sid=101,"Fri, 12 Jun 2026 00:09:00 +0900",2026-06-19 10:46:26
음식료/식품,음식료 산업,수도권 쏠림에 광주·전남 벤처 기업 고사 위기,"수도권에 벤처기업과 투자금이 집중되는 현상이 갈수록 심화하면서 광주·전남 지역 혁신산업 생태계 역시... 1%), 음식료(10.5%), 전자부품(9.4%) 비중이 높은 것으로 집계됐다. 청년층과 신규 창업 기업의 수도권 쏠림은 더욱... ",http://www.kwangju.co.kr/article.php?aid=1781172000800050005,http://www.kwangju.co.kr/article.php?aid=1781172000800050005,"Thu, 11 Jun 2026 19:04:00 +0900",2026-06-19 10:46:26
음식료/식품,음식료 산업,"단순 식단에서 건강 플랫폼으로… 푸드나무, 닭가슴살 특수 속 실적 개...","음식료업종이 11일 견조한 흐름을 이어가고 있다. 최근 K-푸드 수출 확대와 내수 소비 회복 기대감이... 샘표식품과 신송홀딩스는 장류와 식품원료 사업을 영위하고 있으며, 사조동아원과 대한제분은 곡물·제분 산업과... ",https://www.pinpointnews.co.kr/news/articleView.html?idxno=459311,https://www.pinpointnews.co.kr/news/articleView.html?idxno=459311,"Thu, 11 Jun 2026 10:24:00 +0900",2026-06-19 10:46:26
음식료/식품,음식료 산업,[1% 초고수의 개장 선택] '신세계' 사고 '삼양식품' 차익실현,김명주 한국투자증권 연구원은 &quot;부의 효과에 힘입어 백화점 산업이 구조적인 성장 국면에 진입하고 있으며... 박성호 LS증권 연구원은 &quot;하반기 음식료 업종 내에서 물량 성장에 따른 이익 개선이 지속될 전망&quot;이라며... ,https://www.ebn.co.kr/news/articleView.html?idxno=1712103,https://www.ebn.co.kr/news/articleView.html?idxno=1712103,"Thu, 11 Jun 2026 10:04:00 +0900",2026-06-19 10:46:26
음식료/식품,음식료 산업,[굿모닝! 글로벌 뉴욕증시] Fed 금리인상 우려와 미국-이란 군사적 충동...,"재생에너지, 산업서비스, 제약, 소프트웨어/IT서비스, 의료 장비/보급, 자동차, 소매, 화학 업종 등의 하락세가 두드러졌다. 반면, 에너지, 보험, 음식료, 경기관련 서비스업, 개인/가정용품 업종 등은 상승했다.... ",https://www.newsquest.co.kr/news/articleView.html?idxno=267619,https://www.newsquest.co.kr/news/articleView.html?idxno=267619,"Thu, 11 Jun 2026 08:12:00 +0900",2026-06-19 10:46:26
음식료/식품,음식료 산업,대구 성서산단 업체들 가동률·생산액 4분기 연속 상승… 체감경기는 '...,"대구지역 제조업의 심장으로 꼽히는 성서산업단지 입주 업체들의 가동률과 생산액 모두 4분기 연속... 2%, 음식료 68.76%, 섬유 의복 67.93%, 기타 65%, 비금속 53.6% 등 순이었다. 전 분기 대비 가동률 상승률은 전기... ",https://www.hidomin.com/news/articleView.html?idxno=708876,https://www.hidomin.com/news/articleView.html?idxno=708876,"Wed, 10 Jun 2026 20:56:00 +0900",2026-06-19 10:46:26
음식료/식품,음식료 산업,대구 성서산단 가동률·생산액 4분기 연속↑…&quot;제조업 증가세 지속&quot;,"대구 성서산업단지 입주업체의 가동률과 생산액이 4분기 연속 증가했다. 10일... 업종별 가동률은 운송장비 79.69%, 철강 77.56%, 전기전자 76.37%, 기계 74.56%, 석유화학 74.32%, 목재종이 72.2%, 음식료 68.76... ",https://www.news1.kr/local/daegu-gyeongbuk/6192878,https://n.news.naver.com/mnews/article/421/0008995264?sid=102,"Wed, 10 Jun 2026 10:08:00 +0900",2026-06-19 10:46:26
음식료/식품,음식료 산업,[굿모닝! 글로벌 뉴욕증시] 반도체주 저가 매수세 유입으로 혼조 마감,"업종별로는 등락이 엇갈린 가운데 기술장비, 산업서비스, 화학, 에너지, 자동차, 운수, 지주사, 경기관련 서비스업, 금속/광업 업종 등이 상승한 반면, 보험, 복합산업, 의료 장비/보급, 제약, 통신서비스, 음식료... ",https://www.newsquest.co.kr/news/articleView.html?idxno=267460,https://www.newsquest.co.kr/news/articleView.html?idxno=267460,"Tue, 09 Jun 2026 08:38:00 +0900",2026-06-19 10:46:26
음식료/식품,음식료 산업,삼양식품·CJ제일제당·오리온 조정… 장기투자 기회 될까?,음식료업종 테마가 8일 약세를 보이고 있다. 업종 평균 낙폭은 2.81%를 기록하며 대부분 종목이 하락 흐름을... 성장 산업으로 평가받지만 단기 수급 악화가 부담으로 작용하고 있다. 식품 원료와 농축산 관련 기업인... ,https://www.pinpointnews.co.kr/news/articleView.html?idxno=458263,https://www.pinpointnews.co.kr/news/articleView.html?idxno=458263,"Mon, 08 Jun 2026 09:46:00 +0900",2026-06-19 10:46:26
음식료/식품,음식료 산업,[굿모닝 증시]美 증시 급락에…'검은 월요일' 오나,"5일(현지시간) 뉴욕증시에서 다우존스30 산업평균지수는 전장 대비 695.15포인트(1.35%) 내린 5만866.78에... 보험, 음식료·담배, 헬스케어장비·서비스, 유틸리티, 부동산, 운송, 소비자서비스, 제약·생명공학과학 등이... ",https://view.asiae.co.kr/article/2026060808182389630,https://n.news.naver.com/mnews/article/277/0005772926?sid=101,"Mon, 08 Jun 2026 08:21:00 +0900",2026-06-19 10:46:26
음식료/식품,식품 수출,"농협, K-푸드 수출 경쟁력 강화 해법 모색","토론회에는 정부와 유관기관, 수출농협 관계자들이 참석해 수출 현장에서 겪고 있는 애로사항을 공유하고, 농식품 수출 경쟁력 강화를 위한 다양한 지원 대책을 논의했다. 특히 급변하는 국제 무역 환경 속에서 국산... ",https://www.farmnmarket.com/news/article.html?no=26787,https://www.farmnmarket.com/news/article.html?no=26787,"Fri, 19 Jun 2026 10:42:00 +0900",2026-06-19 10:46:27
음식료/식품,식품 수출,[인터뷰]김신 완도군수 당선인 &quot;사심 없이 일하면 그것이 통합&quot;,"또한, K-푸드와 K-컬처가 세계적으로 확산되는 흐름을 완도 전복산업의 기회로 삼아야 한다.완도 전복을 가공식품과 수출상품으로 새롭게 설계해야 하며, 대기업 식품회사와 협력하거나 지역 내 가공 기반을 마련해... ",https://www.kfenews.co.kr/news/articleView.html?idxno=659009,https://www.kfenews.co.kr/news/articleView.html?idxno=659009,"Fri, 19 Jun 2026 10:34:00 +0900",2026-06-19 10:46:27
음식료/식품,식품 수출,"농협, K-푸드 수출경쟁력 강화를 위한 대토론회 개최",- 장지윤 농협 식품지원부장 “농협은 농식품 수출 확대와 K-푸드의 해외시장 진출에 최선 다하겠다” 농협경제지주(농업경제대표이사 김주양)는 지난 18일부터 이틀간 농협제주수련원에서 농림축산식품부... ,https://www.kenews.co.kr/news/article.html?no=89545,https://www.kenews.co.kr/news/article.html?no=89545,"Fri, 19 Jun 2026 10:32:00 +0900",2026-06-19 10:46:27
음식료/식품,식품 수출,"[식품업계] 농심·오뚜기·동서식품, 글로벌 마케팅·물류 강화·사회공...",오뚜기는 이번 거점을 통해 증가하는 수출 물량에 보다 신속하고 안정적으로 대응하며 글로벌 물류 경쟁력을 강화한다는 방침이다. ▲동서식품 동서식품은 호국보훈의 달을 맞아 지난 18일 국립서울현충원에서... ,http://www.weeklytoday.com/news/articleView.html?idxno=780784,http://www.weeklytoday.com/news/articleView.html?idxno=780784,"Fri, 19 Jun 2026 10:32:00 +0900",2026-06-19 10:46:27
음식료/식품,식품 수출,"식품업계, 국내외 경쟁력 강화 박차… 삼양식품 '오프라인 마케팅'·오뚜...","삼양식품은 서울 도심을 찾아가는 오프라인 마케팅으로 소비자 접점을 넓히고, 오뚜기는 늘어나는 해외 수출 물량에 대응하기 위해 최첨단 물류 거점을 새롭게 구축했다. 19일 식품업계에 따르면 삼양식품은 오는... ",https://www.newstnt.com/news/articleView.html?idxno=706996,https://www.newstnt.com/news/articleView.html?idxno=706996,"Fri, 19 Jun 2026 10:26:00 +0900",2026-06-19 10:46:27
음식료/식품,식품 수출,반도체도 식품도 결국은 공급망…기업들 인프라 투자 확대,사진=오뚜기 식품업계도 공급망 경쟁력 확보에 나서고 있다. 오뚜기는 울산에 '삼남 글로벌 로지스틱스... 회사는 증가하는 수출 물량에 보다 신속하고 안정적으로 대응할 수 있는 글로벌 물류 거점 역할을 기대하고... ,http://www.kdfnews.com/news/articleView.html?idxno=184402,http://www.kdfnews.com/news/articleView.html?idxno=184402,"Fri, 19 Jun 2026 10:22:00 +0900",2026-06-19 10:46:27
음식료/식품,식품 수출,"스티로폼 부표 대신 ‘둥둥이’… 신세계씨월드, 블루푸드 수출 활로 연...","최근 전 세계 유통 및 수산물 시장 전반에서는 환경·사회·지배구조(ESG) 기준과 해양 생태계 보호 인증(MSC) 여부가 식품 수출의 핵심 진입장벽으로 부각되면서, 단순한 제품의 맛과 신선도를 넘어 생산 과정 전반의... ",https://isplus.com/article/view/isp202606190041,https://n.news.naver.com/mnews/article/241/0003515566?sid=101,"Fri, 19 Jun 2026 10:15:00 +0900",2026-06-19 10:46:27
음식료/식품,식품 수출,"메디톡스, 태국 의료진 대상 'M.LAB' 교육 진행...'K톡신 격전지' 적극 공...","지난 2024년 12월 차세대 보툴리눔 톡신 '뉴럭스'의 태국 식품의약품청 품목허가 획득 이후 약 1년 만에, 제품... 대웅제약은 지난해 6월 태국 파트너사 몬타나 마케팅과 약 738억원 규모의 '나보타' 수출 계약을 체결했고... ",http://www.fnnews.com/news/202606190944584308,https://n.news.naver.com/mnews/article/014/0005537147?sid=103,"Fri, 19 Jun 2026 10:08:00 +0900",2026-06-19 10:46:27
음식료/식품,식품 수출,[K제약바이오·K브랜드]자체 첫 국산 신약 '자큐보' 성공 이을 2호 신약...,"국내 기업들은 기술수출과 해외 임상 확대를 통해 글로벌 제약사와 어깨를 나란히 하는 성과도... 미국 식품의약국(FDA)으로부터 2021년 췌장암을 시작으로 2025년 5월 위암 및 위식도접합부암, 2026년 2월 소세포폐암에... ",https://www.businessplus.kr/news/articleView.html?idxno=113075,https://www.businessplus.kr/news/articleView.html?idxno=113075,"Fri, 19 Jun 2026 10:06:00 +0900",2026-06-19 10:46:27
음식료/식품,식품 수출,"K-푸드 수출 100억 달러 시대…오뚜기·동원F&amp;B, 글로벌 공급망 강화","2025년 농식품 수출액 104억 1000만 달러 기록 오뚜기, 자동화 물류창고 ‘삼남 글로벌 로지스틱스 센터’ 준공 동원F&amp;B, 8000평 규모 생산시설 ‘제2사업장’ 준공 [사진=오뚜기, 동원F&amp;B] [뉴스투데이=강이슬 기자] K-식품의... ",https://www.news2day.co.kr/article/20260619500055,https://www.news2day.co.kr/article/20260619500055,"Fri, 19 Jun 2026 10:00:00 +0900",2026-06-19 10:46:27
뷰티/화장품,화장품 주가,"파마리서치, '리쥬란' 브랜드 힘으로 글로벌 확장…성장 선순환 '본격화...","목표주가 43만원을 신규 제시했다. 파마리서치는 폴리뉴클레오타이드(PN) 기반 의료기기와 화장품을 개발·판매하는 기업이다. 대표 제품인 리쥬란을 중심으로 국내 스킨부스터 시장을 선도하고 있으며, 최근에는... ",http://www.newsprime.co.kr/news/article.html?no=737326,http://www.newsprime.co.kr/news/article.html?no=737326,"Fri, 19 Jun 2026 08:42:00 +0900",2026-06-19 10:46:28
뷰티/화장품,화장품 주가,"파마리서치, 리쥬란·화장품 선순환에도 여전히 '저평가'",KB증권은 파마리서치에 대해 &quot;투자의견 Buy와 목표주가 43만원을 신규로 제시한다&quot;며 &quot;PN 원료의 독보적인 입지와 리쥬란 브랜드력이 화장품 매출 성장까지 이어지는 선순환 구조가 형성됐다&quot;고 분석했다. PN 스킨부스터... ,https://www.medicopharma.co.kr/news/articleView.html?idxno=68454,https://www.medicopharma.co.kr/news/articleView.html?idxno=68454,"Fri, 19 Jun 2026 08:28:00 +0900",2026-06-19 10:46:28
뷰티/화장품,화장품 주가,"코스피 9,000선 첫 돌파…반도체·IT만 웃고 화장품 등 대부분 업종 하락","주요 종목별로는 에이피알이 7.47% 급락한 37만8000원에 거래를 마쳤고, 달바글로벌(-2.43%), LG생활건강우(-3.55%), 아모레퍼시픽(-3.28%), LG생활건강(-1.04%) 등 주요 화장품주가 일제히 하락했다.",https://www.thebk.co.kr/news/articleView.html?idxno=310157,https://www.thebk.co.kr/news/articleView.html?idxno=310157,"Thu, 18 Jun 2026 19:38:00 +0900",2026-06-19 10:46:28
뷰티/화장품,화장품 주가,LG생건 이자녹스 '고함량 비타민 밤' 출시···고기능성 시장 조준,"18일 화장품 업계에 따르면, LG생활건강의 대표 기능성 브랜드 이자녹스는 최근 역대 최고 수준인 순수... LG생활건강의 3개월 주가 추이를 살펴보면, 지난 5월 4일 최고점인 29만2000원을 기록한 이후 구조조정과 실적 회복... ",http://www.koreastocknews.com/news/articleView.html?idxno=119201,http://www.koreastocknews.com/news/articleView.html?idxno=119201,"Thu, 18 Jun 2026 18:06:00 +0900",2026-06-19 10:46:28
뷰티/화장품,화장품 주가,美 연준 매파 전환에도…증권가 &quot;금리보다 실적이 중요&quot;,"유망 업종으로는 반도체와 자동차, 조선, 2차전지, 소프트웨어, 건강관리, 화장품·의류 등을 제시했다. 이들 업종은 밸류에이션 매력이 높고 최근 주가 조정에도 실적 대비 저평가 구간에 머물러 있다는 설명이다.",http://www.the-biz.co.kr/news/articleView.html?idxno=722837,http://www.the-biz.co.kr/news/articleView.html?idxno=722837,"Thu, 18 Jun 2026 14:52:00 +0900",2026-06-19 10:46:28
뷰티/화장품,화장품 주가,"현대약품 주가, 급등세... 왜?","사진=현대약품 현대약품 주가가 급등 중이다. 18일 오후 1시 52분 KRX 기준 현대약품은는 전 거래일 대비 12.21... 건강기능식품과 화장품 분야로도 사업 영역을 확대하고 있다. 최근에는 치매, 당뇨 등 고령화 사회 관련... ",https://www.ggilbo.com/news/articleView.html?idxno=1164426,https://www.ggilbo.com/news/articleView.html?idxno=1164426,"Thu, 18 Jun 2026 13:54:00 +0900",2026-06-19 10:46:28
뷰티/화장품,화장품 주가,"글로벌 의료용 대마 시장 급성장…비엘팜텍, 고부가가치 원료 사업 부각",마리화나(대마) 관련주가 18일 글로벌 의료용 대마 시장 성장 기대감과 관련 사업 확대 전망에 힘입어... 화장품 소재와 바이오 소재 기술력을 기반으로 대마 유래 성분을 활용한 신사업 기대감이 반영되며 투자자들의... ,https://www.pinpointnews.co.kr/news/articleView.html?idxno=461119,https://www.pinpointnews.co.kr/news/articleView.html?idxno=461119,"Thu, 18 Jun 2026 10:26:00 +0900",2026-06-19 10:46:28
뷰티/화장품,화장품 주가,"'성장특례 1호' 셀리버리, 조대웅 전 대표 녹취록 들어보니 '예견된 파국...",이거는 화장품 사업에 계속 돈이 들어갈 수는 없는 거거든요. 법적인 문제가 따릅니다. 어느 시점에서는 다... 담보로 잡힌 주식은 주가가 일정 선 아래로 떨어지면 본인 의사와 무관하게 강제로 처분된다. 이른바... ,https://www.greened.kr/news/articleView.html?idxno=342722,https://www.greened.kr/news/articleView.html?idxno=342722,"Thu, 18 Jun 2026 10:22:00 +0900",2026-06-19 10:46:28
뷰티/화장품,화장품 주가,[박정식의 국내 주식시황] FOMC 매파 충격에 국내증시 숨 고르기…반도...,"다만 간밤 미국 증시에서 반도체주가 상대적으로 견조한 흐름을 보였고, 나스닥 선물도 반등세를... ▷ K뷰티 등 외국인 관광객 카드 소비액 증가 소식 등에 화장품/미용기기 테마 상승. ▷ 李대통령, 트럼프 대통령에... ",https://www.newsquest.co.kr/news/articleView.html?idxno=268052,https://www.newsquest.co.kr/news/articleView.html?idxno=268052,"Thu, 18 Jun 2026 08:28:00 +0900",2026-06-19 10:46:28
뷰티/화장품,화장품 주가,"강산 변한 10년, 한한령 얼음장에도 균열이 보인다 [엔터코노미]",지난해 시진핑 주석의 방한 가능성이 거론됐을 당시 엔터테인먼트와 화장품 업종 주가가 동반 강세를 보였다. 실제 정책 변화가 없었음에도 한중 관계 개선 기대감만으로 관련 종목들이 움직인 것이다.정부 역시 한중... ,https://news.mtn.co.kr/news-detail/2026061710393828818,https://news.mtn.co.kr/news-detail/2026061710393828818,"Thu, 18 Jun 2026 08:04:00 +0900",2026-06-19 10:46:28
뷰티/화장품,화장품 주가,"모퓰리즘? 탈모 건보 지원 7000억 원, 우선순위 맞나: 슬로우레터 6월18...",PER(주가수익비율)가 10배 수준이다. 하이닉스는 7배가 채 안 된다. 8월에 ADR이 상장하고 마이크론 정도의 밸류에이션을 인정받으면 30% 정도 상승 여력을 기대할 수 있다는 이야기다. C-뷰티의 역습. 지난해 중국 화장품... ,https://slownews.kr/161726,https://slownews.kr/161726,"Thu, 18 Jun 2026 07:42:00 +0900",2026-06-19 10:46:28
뷰티/화장품,화장품 주가,[KBG 줌업] '스피드+커스터마이징' 스페셜티 실리콘 소재로 명가 건립 구...,"판매업 ▲화장품 원료 제조, 판매업 ▲세라믹 소재 제조, 판매업 ▲자동차용 전자소재 및 고기능성 접착제... 그러면서도 주가부양용 장밋빛 멘트만 날리지 않았습니다. 그를 '균형 잡힌 경영자'로 느낀 대목이기도... ",https://www.greened.kr/news/articleView.html?idxno=342643,https://www.greened.kr/news/articleView.html?idxno=342643,"Thu, 18 Jun 2026 06:00:00 +0900",2026-06-19 10:46:28
뷰티/화장품,화장품 주가,개미들 '600억' 던질 때…'큰손'은 에이피알 쓸어 담았다,김명주 한국투자증권 연구원은 &quot;현재 화장품 섹터의 주가는 양호한 이익 증가가 고려되지 않은 채 밸류에이션까지도 과도하게 떨어진 상태&quot;라며 &quot;섹터의 주가 하락이 과도한 상황에서 최근 조정으로 밸류에이션 매력이... ,http://www.wowtv.co.kr/NewsCenter/News/Read?articleId=A202606170457&t=NN,https://n.news.naver.com/mnews/article/215/0001255760?sid=101,"Thu, 18 Jun 2026 05:30:00 +0900",2026-06-19 10:46:28
뷰티/화장품,화장품 주가,"CSA코스믹, 유상증자 이슈 속 상한가 재진입…급등락 장세 '변동성 확대...","일반적으로 유상증자는 기존 주주의 지분 희석 우려로 단기적으로 주가에 부담 요인으로 작용할 수... 한편 네이버증권 화장품 섹터에 따르면, 화장품 섹터 지수는 하루 만에 반등하며 낙폭을 일부 회복했다. 17일... ",https://www.thebk.co.kr/news/articleView.html?idxno=310127,https://www.thebk.co.kr/news/articleView.html?idxno=310127,"Wed, 17 Jun 2026 19:42:00 +0900",2026-06-19 10:46:28
뷰티/화장품,화장품 주가,"外人 투매에도, 코스피 '활짝'...8864 마감 '신고가'","16일(현지시간) 뉴욕증시에서 엔비디아, 마이크론 등 주요 반도체주 주가는 급락했지만... 업종별로는 반도체, 조선, 2차전지, 화장품주 등이 올랐고 자동차, 건설, 풍력주 등은 하락했다. 한국거래소에... ",http://www.choicenews.co.kr/news/articleView.html?idxno=166747,http://www.choicenews.co.kr/news/articleView.html?idxno=166747,"Wed, 17 Jun 2026 16:10:00 +0900",2026-06-19 10:46:28
뷰티/화장품,화장품 주가,"'신고가' 찍은 정유경의 신세계, 시장의 가격표가 달라졌다","자회사 흐름도 주가 재평가를 뒷받침한다. 신세계디에프는 흑자 전환에 성공했고, 신세계인터내셔날도 수입 패션과 수입 화장품을 중심으로 이익 개선세를 보였다. 백화점 하나만 좋아진 것이 아니라 면세, 패션, 호텔... ",https://www.insight.co.kr/news/558996,https://www.insight.co.kr/news/558996,"Wed, 17 Jun 2026 15:42:00 +0900",2026-06-19 10:46:28
뷰티/화장품,화장품 주가,첨단바이오법 개정안 시행 임박… 줄기세포 치료제 가치 재평가 유도,업종 주가를 밀어 올리고 있다. 가장 강력한 탄력을 보이는 흐름은 해외 후기 임상 진전으로 상업화 성과가... 세포 배양 기술을 접목한 고기능성 화장품 및 정밀 원료약 부문 시너지가 돋보이는 동구바이오제약이... ,https://www.pinpointnews.co.kr/news/articleView.html?idxno=460866,https://www.pinpointnews.co.kr/news/articleView.html?idxno=460866,"Wed, 17 Jun 2026 14:44:00 +0900",2026-06-19 10:46:28
뷰티/화장품,화장품 주가,"워터프루프 선크림, 환경 기준도 넓어진다",특히 하와이주가 산호초 보호를 이유로 일부 자외선 차단 성분 사용을 제한하면서 관련 논의는 전 세계 선케어 업계로 빠르게 확산됐다. 흥미로운 점은 환경 논의가 이제 자외선 차단 성분 자체를 넘어 화장품의 '조연급... ,https://www.wikitree.co.kr/articles/1141846,https://www.wikitree.co.kr/articles/1141846,"Wed, 17 Jun 2026 13:26:00 +0900",2026-06-19 10:46:28
뷰티/화장품,뷰티 산업,[한국화가 김현정이 그린 한국의 초상 19] K-뷰티를 키운 것의 8할은 이...,"한국 뷰티 산업의 성장은 이 모순과 무관하지 않다. 한국 사회는 여성에게 오랫동안 꾸밈을 요구했고, 여성들은 그 요구에 순응하기도 하고 반발하기도 하며 자신만의 방식을 만들어 왔다. 따라 하다가 비틀었고... ",https://www.bntnews.co.kr/article/view/bnt202606180225,https://www.bntnews.co.kr/article/view/bnt202606180225,"Fri, 19 Jun 2026 10:32:00 +0900",2026-06-19 10:46:28
뷰티/화장품,뷰티 산업,"애경산업, 2026년 임단협 체결…24년 연속 무쟁의",애경산업은 지난 3월 태광그룹 계열사로 편입되면서 글로벌 토탈 뷰티 기업 전략을 추진 중이다. 지난 15일 자회사 원씽을 소규모 합병 방식으로 흡수합병하면서 스킨케어 브랜드 경쟁력 강화와 글로벌 사업 확대에... ,http://www.sisafocus.co.kr/news/articleView.html?idxno=361560,http://www.sisafocus.co.kr/news/articleView.html?idxno=361560,"Fri, 19 Jun 2026 10:20:00 +0900",2026-06-19 10:46:28
뷰티/화장품,뷰티 산업,"&quot;실제 일터에서 듣는 진로 이야기&quot;…한국잡월드, '명장의 작업실 랜선투...","학생들은 한국잡월드 숙련기술체험관에서 화상회의로 연결된 현장을 지켜보며, 산업 현황은 물론 기술인이... K-뷰티 현장과 국가대표로 성장하기까지의 경험을 학생들과 나눴다. 2회차에는 정보처리(IT·AI) 분야 유지대... ",http://www.sisunnews.co.kr/news/articleView.html?idxno=240844,http://www.sisunnews.co.kr/news/articleView.html?idxno=240844,"Fri, 19 Jun 2026 10:12:00 +0900",2026-06-19 10:46:28
뷰티/화장품,뷰티 산업,"이투바이오, 베트남과 K-뷰티 교육 협력 강화",교육 참가자들은 한국의 뷰티 산업 현장을 직접 경험하며 최신 기술과 운영 시스템을 학습하게 된다. 이를 통해 베트남 전문가들이 자국 시장 특성에 맞는 차별화된 서비스 모델을 구축하고 경쟁력을 높일 수 있도록... ,https://www.kpanews.co.kr/news/articleView.html?idxno=537040,https://www.kpanews.co.kr/news/articleView.html?idxno=537040,"Fri, 19 Jun 2026 10:06:00 +0900",2026-06-19 10:46:28
뷰티/화장품,뷰티 산업,"코코리컬러, 중국 경영컨설팅 전문가 대상 연수 진행...색채 산업 운영...","그러면서 &quot;이번 6차 연수는 퍼스널컬러를 단순한 뷰티 서비스가 아닌 교육과 콘텐츠, 컨설팅이 결합된 하나의 산업으로 바라보는 해외 전문가들의 관심을 보여준 사례로 평가된다&quot;고 덧붙였다.",http://www.sisunnews.co.kr/news/articleView.html?idxno=240784,http://www.sisunnews.co.kr/news/articleView.html?idxno=240784,"Fri, 19 Jun 2026 10:00:00 +0900",2026-06-19 10:46:28
뷰티/화장품,뷰티 산업,"한국잡월드, 숙련기술인 작업 현장 생중계로 청소년 진로교육 진행","이들은 자신의 직업 분야에 대한 산업 현황과 실제 업무 환경, 기술 인재로 성장하기까지의 과정을... K-뷰티 현장을 설명했다. 이어 후배 국가대표가 훈련 중인 연습실을 선보이며 기능올림픽 국가대표로 성장하기까지의... ",https://www.lecturernews.com/news/articleView.html?idxno=204538,https://www.lecturernews.com/news/articleView.html?idxno=204538,"Fri, 19 Jun 2026 09:54:00 +0900",2026-06-19 10:46:28
뷰티/화장품,뷰티 산업,"㈜이투바이오, 주한 베트남 국가관광청과 'K-뷰티·웰니스 관광 활성화...",주한 베트남 국가관광청 대표부 리 쓰엉 깐(Lý Xương Căn) 관광대사는 &quot;K-뷰티는 외국인 관광객이 한국을 찾는 핵심 동력 중 하나로 이번 협약이 일회성 교육을 넘어 양국의 관광 및 뷰티 산업이 지속적으로 교류할 수... ,https://www.obsnews.co.kr/news/articleView.html?idxno=1527977,https://www.obsnews.co.kr/news/articleView.html?idxno=1527977,"Fri, 19 Jun 2026 09:46:00 +0900",2026-06-19 10:46:28
뷰티/화장품,뷰티 산업,"서울시·SBA, '2026 서울도시제조 페어' 개막 … 패션쇼·전시 연계로 소...","김성민 서울경제진흥원 뷰티산업본부장은 &quot;이번 페어는 유관기관 간 협력을 바탕으로 도시제조 산업의 경쟁력을 한 단계 높이고, 우수 소공인 브랜드의 실질적인 시장 진출을 돕기 위해 마련됐다&quot;라며 &quot;전시와 패션쇼를... ",http://www.worktoday.co.kr/news/articleView.html?idxno=85817,http://www.worktoday.co.kr/news/articleView.html?idxno=85817,"Fri, 19 Jun 2026 09:46:00 +0900",2026-06-19 10:46:28
뷰티/화장품,뷰티 산업,[#IT라운지] 딥브레인 'AI 리포터'·SDT '테크파이오니어 선정'·류승룡 ...,아이온은 단순히 뉴스 원고를 읽는 수준을 넘어 첨단 기술과 산업 트렌드를 소개하는 디지털 방송... 가전·가구부터 패션·뷰티까지 다양한 카테고리 상품을 최저가로 구매할 수 있다. 매일 오전 11시·오후 6시에는... ,https://www.newsworks.co.kr/news/articleView.html?idxno=844409,https://www.newsworks.co.kr/news/articleView.html?idxno=844409,"Fri, 19 Jun 2026 09:44:00 +0900",2026-06-19 10:46:28
뷰티/화장품,뷰티 산업,'완전자회사' 승부수 던진 신세계…SSG닷컴 흑자전환 숙제 풀까,"올림푸스제일차는 KDB산업은행, 신한은행, NH투자증권 등 은행권 6곳과 증권사 4곳이 참여한 특수목적법인... 패션·뷰티·명품 등 경쟁력 있는 브랜드를 확대해 프리미엄 쇼핑 플랫폼으로서의 입지를 키운다는... ",https://www.newspost.kr/news/articleView.html?idxno=223662,https://www.newspost.kr/news/articleView.html?idxno=223662,"Fri, 19 Jun 2026 09:40:00 +0900",2026-06-19 10:46:28
뷰티/화장품,뷰티 산업,"서울, 유럽 테크무대서 투자유치 확대… &quot;아시아 진출 거점&quot; 부각","확보, 산업 기반 등을 논의했다. 재단은 행사 기간 동안 주한프랑스상공회의소와 협력해 프랑스 기업과 연구기관 등 10여 개사를 대상으로 개별 심층 상담도 진행했다. AI와 양자기술을 비롯해 교육, 뷰티, 라이프스타일... ",https://www.newscj.com/news/articleView.html?idxno=3410476,https://www.newscj.com/news/articleView.html?idxno=3410476,"Fri, 19 Jun 2026 09:40:00 +0900",2026-06-19 10:46:28
뷰티/화장품,뷰티 산업,"K-뷰티, 일본 팝업·랭킹·어워드 석권","최근 K-뷰티 브랜드들이 일본 시장에서 오프라인 유통망 확대, 이커머스 플랫폼 석권, 현지 유력 뷰티... 애경산업의 'AGE20'S(에이지투웨니스)'는 일본 최대 이커머스 플랫폼 큐텐(Qoo10)의 '메가데뷔' 행사에서 주요... ",https://www.thebk.co.kr/news/articleView.html?idxno=310156,https://www.thebk.co.kr/news/articleView.html?idxno=310156,"Fri, 19 Jun 2026 09:38:00 +0900",2026-06-19 10:46:28
뷰티/화장품,뷰티 산업,"한국잡월드, '명장의 작업실 랜선투어' 운영···숙련기술인 현장과 청...","이들은 화상회의를 통해 자신의 작업 공간에서 산업 현황과 직업 정보를 전달하며, 학생들이 직업 세계를... 국제기능올림픽대회 은메달리스트인 정다운 숙련기술인이 고등학생들을 대상으로 K-뷰티 현장과 기능올림픽... ",https://www.enetnews.co.kr/news/articleView.html?idxno=51389,https://www.enetnews.co.kr/news/articleView.html?idxno=51389,"Fri, 19 Jun 2026 09:36:00 +0900",2026-06-19 10:46:28
뷰티/화장품,뷰티 산업,"엠디셀, '2026 대구국제뷰티엑스포' 성료…줄기세포 배양액 기반 리셀브...","대구국제뷰티엑스포는 화장품, 의료뷰티, 헤어, 네일 등 뷰티 산업 전 분야를 아우르는 국내 대표 뷰티 전문 전시회로, 올해는 153개 기업이 참가해 200여 개 부스를 운영하며 최신 뷰티 트렌드와 기술을 소개했다.... ",https://edu.donga.com/news/articleView.html?idxno=109041,https://edu.donga.com/news/articleView.html?idxno=109041,"Fri, 19 Jun 2026 09:34:00 +0900",2026-06-19 10:46:28
뷰티/화장품,뷰티 산업,"서울경제진흥원, 소공인 브랜드 한자리에 모은 '2026 서울도시제조 페어...","김성민 서울경제진흥원 뷰티산업본부장은 &quot;이번 '2026 서울도시제조 페어'는 소공인 지원 유관기관 간 협력을 바탕으로 도시제조 산업의 경쟁력을 높이고, 우수 소공인 브랜드의 시장 진출과 판로 확대를 지원하기 위해... ",http://www.hemophilia.co.kr/news/articleView.html?idxno=42692,http://www.hemophilia.co.kr/news/articleView.html?idxno=42692,"Fri, 19 Jun 2026 09:32:00 +0900",2026-06-19 10:46:28
뷰티/화장품,K뷰티 수출,물류도 속도전…한진이 제시한 글로벌 해법 [글로벌 K뷰티 콘퍼런스],K뷰티 수출 성장세는 가파르다. 박 상무에 따르면 2025년 K뷰티 수출액은 약 15조원 규모로 성장했다. 2026년 15월 수출액도 약 8조5000억원으로 전년 동기 대비 25%가량 증가했다. 지난 45월 아마존 프라임 세일 수출 물량은... ,https://www.mk.co.kr/article/12078267,https://n.news.naver.com/mnews/article/024/0000106329?sid=101,"Fri, 19 Jun 2026 10:26:00 +0900",2026-06-19 10:46:29
뷰티/화장품,K뷰티 수출,"인천시, 스페인 K-EXPO 참가…수출상담 56억원 성과","이번 박람회에는 유럽 현지 바이어 317명과 81개 기업이 참여했으며, K-뷰티와 K-푸드를 중심으로 다양한 비즈니스 상담이 진행됐다. 인천시 기업전시관에서는 총 81건의 수출상담이 이뤄졌으며 상담 규모는 325만 유로... ",https://www.shinailbo.co.kr/news/articleView.html?idxno=5032226,https://www.shinailbo.co.kr/news/articleView.html?idxno=5032226,"Fri, 19 Jun 2026 10:12:00 +0900",2026-06-19 10:46:29
뷰티/화장품,K뷰티 수출,"미·중·일 갈라진 K-뷰티 수출②…중국은 버팀, 기초·샴푸만 반등","K-뷰티 미·중·일 5월 수출 리포트 중국 수출: 5월 K-뷰티 실적 대(對)중국 화장품 수출이 과거의 폭발적인 성장세를 회복하진 못했으나, 가장 비중이 큰 기초화장품과 샴푸 품목이 동반 반등에 성공하며 하방... ",https://www.thebk.co.kr/news/articleView.html?idxno=310124,https://www.thebk.co.kr/news/articleView.html?idxno=310124,"Fri, 19 Jun 2026 10:10:00 +0900",2026-06-19 10:46:29
뷰티/화장품,K뷰티 수출,&quot;유럽이 찾는 K소비재&quot;…파리서 펼쳐진 한국 브랜드 각축전,유럽은 미국·중국과 함께 국내 소비재 기업들이 주목하는 핵심 수출시장이다. 특히 프랑스를 중심으로 K-뷰티 수요가 빠르게 늘어나면서 현지 유통망 진출을 노리는 국내 기업들의 경쟁도 한층 치열해지고 있다. 이인호... ,https://www.smartbizn.com/news/articleView.html?idxno=146544,https://www.smartbizn.com/news/articleView.html?idxno=146544,"Fri, 19 Jun 2026 09:58:00 +0900",2026-06-19 10:46:29
뷰티/화장품,K뷰티 수출,"인천 뷰티기업 8곳, 스페인 박람회서 56억원 수출상담","K-뷰티와 K-푸드 분야를 중심으로 제품 전시와 기업 간 상담이 진행됐다. 행사 기간 인천 기업전시관에서는 총 81건의 수출 상담이 이뤄졌다. 상담액은 325만 유로로, 한화 약 56억원 규모다. 참가기업들은 현지 바이어와... ",https://www.livesnews.com/news/article.html?no=62077,https://www.livesnews.com/news/article.html?no=62077,"Fri, 19 Jun 2026 09:54:00 +0900",2026-06-19 10:46:29
뷰티/화장품,K뷰티 수출,"인천시, 스페인 K-엑스포서 56억원 규모 수출 상담","참가 기업인 한국조명은 현지 기업과 수출계약을 체결했다. 이번 박람회는 K-뷰티·K-푸드 분야의 전문 전시회로, 유럽 현지 바이어 300여명과 81개 기업이 참가했다. 인천시 관계자는 &quot;인천 기업들의 우수한 제품... ",https://www.yna.co.kr/view/AKR20260619046100065?input=1195m,https://n.news.naver.com/mnews/article/001/0016147392?sid=102,"Fri, 19 Jun 2026 09:39:00 +0900",2026-06-19 10:46:29
뷰티/화장품,K뷰티 수출,"K-뷰티의 서아프리카 관문, 제10회 가나 뷰티·코스메틱·웰니스 박람회...","K-뷰티 기업의 해외 진출을 지원하고 있다. 또한 K-인디 브랜드 쇼케이스와 규제 대응 지원 등을 통해 수출 초보기업의 해외 진출을 돕고 있으며, 이러한 중소·인디 브랜드 중심의 다품종 소싱 전략은... ",http://dream.kotra.or.kr/kotranews/cms/news/actionKotraBoardDetail.do?SITE_NO=3&MENU_ID=110&CONTENTS_NO=1&bbsGbn=245&bbsSn=245&pNttSn=242167,http://dream.kotra.or.kr/kotranews/cms/news/actionKotraBoardDetail.do?SITE_NO=3&MENU_ID=110&CONTENTS_NO=1&bbsGbn=245&bbsSn=245&pNttSn=242167,"Fri, 19 Jun 2026 09:31:00 +0900",2026-06-19 10:46:29
뷰티/화장품,K뷰티 수출,"인천시, 스페인 K-EXPO 참가…56억 원 규모 수출상담 성과",K-EXPO SPAIN 2026'에 참가해 약 56억 원 규모의 수출상담 실적을 기록하며 지역 중소기업의 유럽시장 진출 가능성을 확인했다. 인천시는 6월 12일부터 13일까지 마드리드 MEEU 전시장에서 열린 이번 박람회에서 인천 뷰티... ,https://www.pointdaily.co.kr/news/articleView.html?idxno=308841,https://www.pointdaily.co.kr/news/articleView.html?idxno=308841,"Fri, 19 Jun 2026 09:30:00 +0900",2026-06-19 10:46:29
뷰티/화장품,K뷰티 수출,K뷰티는 '방긋' 원료업계는 '울상'…중국산 원료 공세에 입지 '흔들',"中 글리세롤 20배 증가…중국 원료업체 영향력 확대 현대바이오랜드·대봉엘에스, 지난해 영업익 '감소세' 중국 화장품 산업 성장세…수출 및 내수 모두 '확대' 【 청년일보 】 K뷰티가 글로벌 시장에서 성장세를... ",https://www.youthdaily.co.kr/news/article.html?no=221258,https://www.youthdaily.co.kr/news/article.html?no=221258,"Fri, 19 Jun 2026 09:28:00 +0900",2026-06-19 10:46:29
뷰티/화장품,K뷰티 수출,"인천 뷰티기업, 스페인서 56억 원 수출상담 성과…유럽시장 공략 본격화",인천광역시가 스페인에서 열린 K-뷰티·K-푸드 전문 박람회에 참가해 56억 원 규모의 수출상담 성과를 거두며 지역 중소기업의 유럽시장 진출 가능성을 넓혔다. 현지 기업과의 수출계약 체결은 물론 재외동포... ,https://www.newsfreezone.co.kr/news/articleView.html?idxno=695356,https://www.newsfreezone.co.kr/news/articleView.html?idxno=695356,"Fri, 19 Jun 2026 09:26:00 +0900",2026-06-19 10:46:29
뷰티/화장품,K뷰티 수출,"대마 없는 CBD 시대 열린다… 홉 유래 소재, 한국 바이오 산업 '새 기회...",전문가들은 한국이 보유한 K-뷰티와 K-푸드 분야의 기술력과 브랜드 경쟁력이 홉 유래 CBD와 결합할 경우... 새로운 수출 기회를 제공할 것&quot;이라고 말했다. 한편 업계에서는 홉 유래 CBD가 향후 규제 친화적이면서도... ,https://www.fntoday.co.kr/news/articleView.html?idxno=386503,https://www.fntoday.co.kr/news/articleView.html?idxno=386503,"Fri, 19 Jun 2026 09:22:00 +0900",2026-06-19 10:46:29
뷰티/화장품,K뷰티 수출,"인천시, 스페인 K-엑스포서 수출상담 56억원 성과",인천투데이=인투아이(INTO-AI)·박규호 기자│인천시가 스페인에서 열린 K-뷰티·K-푸드 전문 전시회에 참가해 56억원 규모의 수출상담 실적을 올렸다. 인천시는 지난 12일부터 13일까지 스페인 마드리드 MEEU 전시장에서... ,https://www.incheontoday.com/news/articleView.html?idxno=320322,https://www.incheontoday.com/news/articleView.html?idxno=320322,"Fri, 19 Jun 2026 09:22:00 +0900",2026-06-19 10:46:29
뷰티/화장품,K뷰티 수출,"전남도, 스페인서 45만 4천 달러 수출 MOU…&quot;유럽 진출 청신호&quot;","이번 박람회에는 마린테크노, 이노플럭스, 천연염색 숨 등 전남 지역 우수 중소기업 8개사가 참여해 현지 바이어와 1대1 맞춤형 수출상담회를 진행했다. 특히 K-푸드와 뷰티를 넘어 K-컬처 전반으로 확장된 유럽 현지의... ",http://www.jeollailbo.com/news/articleView.html?idxno=803055,http://www.jeollailbo.com/news/articleView.html?idxno=803055,"Fri, 19 Jun 2026 09:18:00 +0900",2026-06-19 10:46:29
뷰티/화장품,K뷰티 수출,K-뷰티 새 성장동력 '헤어케어'…수출 첫 5억달러 넘본다,K뷰티의 새로운 성장동력으로 헤어케어 시장이 급부상하고 있다. 올해 들어 국내 헤어케어 제품 수출이 30% 넘게 증가한 가운데 스킨케어 시장에서 검증된 성분 경쟁력과 브랜드 파워를 앞세운 국내 기업들이 글로벌... ,https://view.asiae.co.kr/article/2026061815541621987,https://n.news.naver.com/mnews/article/277/0005778565?sid=101,"Fri, 19 Jun 2026 09:00:00 +0900",2026-06-19 10:46:29
뷰티/화장품,K뷰티 수출,"인천시, 스페인 K-EXPO서 56억 수출상담 성과…K-뷰티 유럽 진출 청신호",스킨케어와 기능성 화장품 등 K-뷰티 제품에 대한 높은 관심이 이어지면서 향후 수출 확대에 대한 기대감도 높아졌다. 시는 이번 전시회를 단순한 제품 홍보를 넘어 실질적인 수출계약과 현지 유통망 구축으로... ,http://www.beyondpost.co.kr/view.php?ud=2026061908445697864c878f8fa1_30,http://www.beyondpost.co.kr/view.php?ud=2026061908445697864c878f8fa1_30,"Fri, 19 Jun 2026 08:58:00 +0900",2026-06-19 10:46:29
운송/물류,운송 주가,[아침밥] iM증권 &quot;대한항공 지정학적 리스크 완화에 실적 개선될 것&quot;,"iM증권이 대한항공의 투자 의견을 매수로 유지하며 목표 주가는 4만원으로 상향했다. 예상보다 빠르게... 배 연구원은 &quot;2분기 화물 운임은 전년 동기 대비 10.9%, FTK(화물톤킬로미터·1톤의 화물을 1㎞ 운송한 실적)... ",https://www.sidae.com/article/2026061908003876620,https://n.news.naver.com/mnews/article/417/0001148189?sid=101,"Fri, 19 Jun 2026 08:52:00 +0900",2026-06-19 10:46:30
운송/물류,운송 주가,생산자물가 9개월째 상승…3년10개월 만에 '최고',특히 주가 상승으로 위탁매매 수수료가 대폭 늘어나면서 금융 및 보험서비스가 8.3% 급등해 상승세를 주도했다. 유류할증료 인상에 따라 국제항공 여객 등 운송서비스도 1.8% 올랐다. 물가의 기조적 흐름을 나타내는... ,http://www.newsian.co.kr/news/articleView.html?idxno=91162,http://www.newsian.co.kr/news/articleView.html?idxno=91162,"Fri, 19 Jun 2026 08:40:00 +0900",2026-06-19 10:46:30
운송/물류,운송 주가,"뉴욕증시, 반도체주 강세에 상승 마감-[글로벌 마감 시황]",다만 미국과 이란의 합의나 해상 운송 재개 같은 변수가 이번 점도표에 충분히 반영되지 않았을 수 있기 때문에 과도한 해석은 경계해야 한다고 덧붙였습니다. JP모간은 반도체주가 사상 최고치를 회복하는 과정에서... ,http://www.wowtv.co.kr/NewsCenter/News/Read?articleId=A202606190216&t=NN,https://n.news.naver.com/mnews/article/215/0001255913?sid=101,"Fri, 19 Jun 2026 08:19:00 +0900",2026-06-19 10:46:30
운송/물류,운송 주가,아마존·MS 제치던 기세 어디로…스페이스X 상승분 대부분 반납,투자자들의 관심은 단기 주가 흐름보다 장기 성장성에 집중되고 있다. 스페이스X가 우주 운송 시장의 지배력을 확대하고 스타링크 사업의 수익성을 높일 경우 현재 기업가치를 정당화할 수 있다는 전망이 나온다. 반면... ,https://www.pinpointnews.co.kr/news/articleView.html?idxno=461355,https://www.pinpointnews.co.kr/news/articleView.html?idxno=461355,"Fri, 19 Jun 2026 08:08:00 +0900",2026-06-19 10:46:30
운송/물류,운송 주가,"코스피, 삼성전자·SK하이닉스 쌍끌이에 첫 9000선 안착","AI 반도체와 고대역폭메모리(HBM) 수요 확대 기대가 주가를 밀어 올렸다. SK하이닉스에는... 반면 금속, 건설, 화학, 운송·창고, 운송장비·부품, 기계·장비 등은 하락했다. 코스피가 사상 최고치를 경신했지만 업종별... ",https://www.newswhoplus.com/news/articleView.html?idxno=62615,https://www.newswhoplus.com/news/articleView.html?idxno=62615,"Fri, 19 Jun 2026 07:30:00 +0900",2026-06-19 10:46:30
운송/물류,운송 주가,지난달 생산자물가 8.5% '껑충'…3년10개월 만 '최고',"또 증시 호조로 위탁매매 수수료가 커지며 금융·보험·서비스 가격이 8.3% 뛰었고, 유류 할증료 인상으로 운송·서비스가 4월보다 1.8% 상승한 것도 영향을 미쳤습니다. 이문희 한은 물가통계팀장은 &quot;주가가 오르면서... ",http://www.newstomato.com/ReadNews.aspx?no=1304543&inflow=N,http://www.newstomato.com/ReadNews.aspx?no=1304543&inflow=N,"Fri, 19 Jun 2026 06:46:00 +0900",2026-06-19 10:46:30
운송/물류,운송 주가,"한국 생산자물가 9개월 연속 상승, 국제 유가 급등 여파 지속","주가 상승으로 위탁매매수수료가 22.2% 오른 영향이 컸다. 이는 1998년 12월 23.0% 상승 이후 가장 높은 수준이다. 항공서비스도 강세를 보였다. 국제항공여객은 16.5%, 항공화물은 15.6% 올라 유가와 운송 수요 변화가 함께... ",https://www.tokenpost.kr/news/economy/370921,https://www.tokenpost.kr/news/economy/370921,"Fri, 19 Jun 2026 06:44:00 +0900",2026-06-19 10:46:30
운송/물류,운송 주가,생산자물가 9개월째 올랐다…3년10개월 만에 최고 상승률,주가 상승으로 위탁매매수수료가 오르면서 금융 및 보험 서비스가 8.3% 급등했다. 유류할증료 인상 영향으로 국제항공여객과 항공화물 등 운송서비스도 1.8% 올랐다.전력·가스·수도 및 폐기물은 산업용 도시가스... ,https://news.mtn.co.kr/news-detail/2026061816543248695,https://news.mtn.co.kr/news-detail/2026061816543248695,"Fri, 19 Jun 2026 06:08:00 +0900",2026-06-19 10:46:30
운송/물류,운송 주가,고유가·고환율에 생산자물가 8%대 상승…&quot;중동 전쟁 충격 쌓인다&quot;,"주가 상승의 영향으로 위탁매매 수수료가 오르면서 금융 및 보험 서비스가 8.3% 급등했고, 유류할증료 인상 등에 따라 항공 여객(16.5%)과 항공 화물(15.6%) 등 운송 서비스도 1.8% 상승했다. 에너지 부문에서도 산업용... ",https://www.edaily.co.kr/news/newspath.asp?newsid=02269766645483360,https://n.news.naver.com/mnews/article/018/0006309479?sid=101,"Fri, 19 Jun 2026 06:03:00 +0900",2026-06-19 10:46:30
운송/물류,운송 주가,5월 생산자물가 8.5% 상승···3년10개월 만에 최고,"주가 상승에 따른 위탁매매수수료 상승으로 금융 및 보험서비스 지수도 비교적 큰 폭인 8.3% 올랐다. 유류 할증료 인상에 따른 국제항공여객, 항공화물 등 운송서비스 지수는 전월 대비 1.8%, 서비스 전반의 지수는 1.2... ",https://www.hani.co.kr/arti/economy/economy_general/1264297.html,https://n.news.naver.com/mnews/article/028/0002810383?sid=101,"Fri, 19 Jun 2026 06:02:00 +0900",2026-06-19 10:46:30
운송/물류,운송 주가,"5월 생산자물가, 9개월 연속 상승···4년 반 만에 최장기간","주가 상승에 따른 위탁매매수수료 증가와 유류할증료 인상 영향에 금융·보험서비스와 운송서비스 생산물가가 각각 8.3%, 1.8%씩 오른 영향이다. 여기에 원료비 상승 영향으로 전력·가스·수도 및 폐기물 생산물가도 0.... ",https://www.seoulfn.com/news/articleView.html?idxno=631465,https://www.seoulfn.com/news/articleView.html?idxno=631465,"Fri, 19 Jun 2026 06:00:00 +0900",2026-06-19 10:46:30
운송/물류,운송 주가,생산자물가 전년比 8.5%↑…3년10개월 만에 최고,이문희 한은 물가통계팀장은 &quot;수수료율 변동이 없더라도 주가가 오르면 위탁매매수수료 오름세가 이어질 수 있다&quot;고 설명했다. 운송서비스에서는 국제항공여객(16.5%)과 항공화물(15.6%) 가격이 큰 폭으로 올랐다.... ,https://www.mt.co.kr/economy/2026/06/19/2026061816173778768,https://n.news.naver.com/mnews/article/008/0005374182?sid=101,"Fri, 19 Jun 2026 06:00:00 +0900",2026-06-19 10:46:30
운송/물류,운송 주가,"9개월째 뛴 생산자물가…전쟁 직후 유가 급등, 시차 두고 가격 끌어올렸...","주가 상승에 따른 위탁매매 수수료 증가에 금융 및 보험서비스가 8.3% 크게 뛴 데다 유류할증료 인상으로 국제항공여객, 항공화물이 오르며 운송서비스 역시 1.8% 상승한 영향이다. 전력·가스·수도 및 폐기물도 산업용... ",https://view.asiae.co.kr/article/2026061818201089293,https://n.news.naver.com/mnews/article/277/0005778469?sid=101,"Fri, 19 Jun 2026 06:00:00 +0900",2026-06-19 10:46:30
운송/물류,물류 산업,"HD현대사이트솔루션, 울산 통합공장 완공…2030년 매출 1.6조 목표",공장 고도화에 따라 산업차량 생산 능력은 연간 2만대에서 2만4000대로 늘었다. 건설기계 부품 생산 규모도 연간 17만개 수준에서 22만개로 확대됐다. HD현대사이트솔루션은 생산 공정의 자동화와 물류 체계 개선에도... ,https://www.insightkorea.co.kr/news/articleView.html?idxno=248451,https://www.insightkorea.co.kr/news/articleView.html?idxno=248451,"Fri, 19 Jun 2026 10:38:00 +0900",2026-06-19 10:46:31
운송/물류,물류 산업,"'IIOF 2026', 첫째 날에는 AI 도입 항만 발전방향 제시","디지털 기술을 활용한 공급망 효율화와 글로벌 물류 경쟁력 강화 전략을 중심으로 미래 해운산업의 발전 방향을 제시한다. 스마트항만 세션(세션 2)은 '피지컬 AI와 스마트항만의 미래'를 주제로, 스마트항만 구현을... ",http://www.dailylog.co.kr/news/articleView.html?idxno=26578,http://www.dailylog.co.kr/news/articleView.html?idxno=26578,"Fri, 19 Jun 2026 10:36:00 +0900",2026-06-19 10:46:31
운송/물류,물류 산업,"[동정] 배석태 동명대 교수, 한국AI·로봇산업협회 부회장에 선임",▲ 한국AI·로봇산업협회는 18일 이사회에서 배석태 동명대학교 교수를 상근부회장으로 선임했다고 19일 밝혔다. 배 교수는 국내 최초로 항만물류 단과대학을 신설해 인공지능(AI) 기반 물류 자동화와 스마트 항만 분야... ,https://www.yna.co.kr/view/AKR20260619060100051?input=1195m,https://n.news.naver.com/mnews/article/001/0016147622?sid=105,"Fri, 19 Jun 2026 10:32:00 +0900",2026-06-19 10:46:31
운송/물류,물류 산업,"슈퍼브에이아이, CVPR 2026 글로벌 비전 AI 챌린지 우승…&quot;한국 기업 최...","AI 도입에 필요한 시간과 비용을 줄일 수 있어 제조·물류·의료 등 다양한 산업 현장에 즉시 적용 가능한 것이 특징이다. 슈퍼브에이아이는 지난해 제로의 기본기를 검증하는 데 집중했다면, 올해는 각 산업... ",https://www.aitimes.kr/news/articleView.html?idxno=40584,https://www.aitimes.kr/news/articleView.html?idxno=40584,"Fri, 19 Jun 2026 10:32:00 +0900",2026-06-19 10:46:31
운송/물류,해운 시장,&quot;선원이 멈추면 세계가 멈춘다&quot;...국내 해운업계 현안 공론화,"이어 &quot;우리는 더 이상 시장 논리에만 해기 인력 문제를 맡겨둘 수 없다&quot;고 강조하며, 연간 800명 이상의... 올해는 '한국 해운산업의 역설과 전략적 도약'을 발표한 한국해양수산연수원의'해기로운 승선생활'팀이 대상의... ",https://www.hdhy.co.kr/news/articleView.html?idxno=34710,https://www.hdhy.co.kr/news/articleView.html?idxno=34710,"Fri, 19 Jun 2026 09:02:00 +0900",2026-06-19 10:46:31
운송/물류,해운 시장,불똥은 동맹국만…이란 “60일 지나면 호르무즈 통행료 부과”,해협은 글로벌 에너지 공급망의 핵심 요충지로 꼽힌다. 때문에 통행료 부과 여부와 관리 권한을 둘러싼 양측의 입장 차이는 향후 국제 해운시장과 에너지 시장에도 적지 않은 영향을 미칠 수 있다는 전망이 나온다.,https://www.munhwa.com/article/11596657?ref=naver,https://n.news.naver.com/mnews/article/021/0002798815?sid=104,"Fri, 19 Jun 2026 08:55:00 +0900",2026-06-19 10:46:31
운송/물류,해운 시장,유가 11% 급락 후 숨고르기…호르무즈 정상화 ‘반신반의’,시장은 휴전 자체보다 실제 원유 공급이 얼마나 빨리 정상화될지에 더 주목하는 분위기다. 도널드 트럼프... 글로벌 해운·물류 정보 전문기관 케플러(Kpler)에 따르면 이날 오전 기준 호르무즈 해협을 통과하는 선박 수가... ,https://biz.heraldcorp.com/article/10781354?ref=naver,https://n.news.naver.com/mnews/article/016/0002658661?sid=104,"Fri, 19 Jun 2026 08:39:00 +0900",2026-06-19 10:46:31
운송/물류,해운 시장,"호르무즈 재개통, 유가 4개월 최저 추락","원/달러 환율도 같은 날 1540원 안팎에서 거래되면서, 호르무즈 해협 통항 정상화가 국내 정유·해운업계의 원유 도입 비용 부담을 다소 덜어줄 변수로 받아들이는 분위기가 시장에서 감지된다. 19일 스위스서 첫 협상... ",https://www.g-enews.com/view.php?ud=2026061906002876202bd56fbc3c_1,https://www.g-enews.com/view.php?ud=2026061906002876202bd56fbc3c_1,"Fri, 19 Jun 2026 06:04:00 +0900",2026-06-19 10:46:31
운송/물류,해운 시장,"해운업계, 중동 재건•AI 수요에 ‘맞춤형·고부가’ 운송으로 돌파구",인공지능(AI) 데이터센터 투자와 글로벌 재건 수요 확대로 특수•중량화물 시장에 대한 관심이 커지고 있다. 국내 해운•물류업계는 일반 화물보다 높은 전문성이 요구되는 프로젝트 화물 사업을 확대하며 수익성과... ,https://www.viva100.com/article/20260618500773,https://www.viva100.com/article/20260618500773,"Fri, 19 Jun 2026 06:02:00 +0900",2026-06-19 10:46:31
운송/물류,해운 시장,호르무즈 다시 열렸지만…통행료 변수 여전,현재 시장은 에너지 수출과 해운 활동의 정상화 기대감을 반영하며 이번 합의를 환영하는 분위기다. 그러나 영구적 정착을 위한 협상이 이제 막 시작된 만큼 해운업계는 휴전 상태가 지속될지 여부에 집중하고 있다. 기뢰... ,https://www.ebn.co.kr/news/articleView.html?idxno=1713077,https://www.ebn.co.kr/news/articleView.html?idxno=1713077,"Fri, 19 Jun 2026 06:00:00 +0900",2026-06-19 10:46:31
운송/물류,해운 시장,건코 쉬핑(GNK) 이사회 전원 재선… 주주 90% 지지로 디아나 압박 차단,시장에서는 이번 주주총회 결과가 건코의 주가 안정성과 중장기 전략 실행에 긍정적 영향을 미칠 것으로 보고 있다. 동시에 행동주의 투자와 해운업 내 구조 재편 움직임이 맞물리며 향후 두 회사 간 협상 과정이 중요한... ,https://www.tokenpost.kr/news/economy/370906,https://www.tokenpost.kr/news/economy/370906,"Fri, 19 Jun 2026 05:04:00 +0900",2026-06-19 10:46:31
운송/물류,해운 시장,&quot;1200만배럴 석유 호르무즈 해협 통과&quot;…국제유가 연일 하락,다만 호르무즈 해협의 재개방이 글로벌 원유 시장 전반에 대한 즉각적인 문제 해결로 이어지기는 쉽지... 뉴욕라이프자산운용은 “유가는 여전히 갈등 이전 수준보다 높은 상태를 유지하고 있다”면서 “해운... ,https://www.edaily.co.kr/news/newspath.asp?newsid=01312006645483360,https://n.news.naver.com/mnews/article/018/0006309446?sid=101,"Fri, 19 Jun 2026 02:02:00 +0900",2026-06-19 10:46:31
운송/물류,해운 시장,호르무즈 유조선 움직이자 유가 하락,북해산 브렌트유는 이날 런던 시장에서 1.3% 하락해 배럴당 78달러(약 12만원) 안팎에서 거래됐다. 장중에는... 블룸버그에 따르면 사우디아라비아 국영 해운사 바흐리가 운항하는 선박 3척을 포함해 슈퍼탱커 4척이... ,https://www.g-enews.com/view.php?ud=2026061823064882499a1f309431_1,https://www.g-enews.com/view.php?ud=2026061823064882499a1f309431_1,"Fri, 19 Jun 2026 01:02:00 +0900",2026-06-19 10:46:31
운송/물류,해운 시장,AI가 여는 해양산업 대전환… 인천국제해양포럼서 미래 전략 쏟아진다,"인천국제해양포럼’이 해운·물류와 스마트항만, 해양관광, 해양환경·에너지 분야의 AI 혁신 전략을 집중... 해양관광 세션에서는 AI 시대를 맞아 동북아 홈포트 시장 확대 전략과 스마트 관광 서비스, 해양관광 콘텐츠... ",https://www.viva100.com/article/20260618501180,https://www.viva100.com/article/20260618501180,"Fri, 19 Jun 2026 00:00:00 +0900",2026-06-19 10:46:31
농업,농업 주가,자녀 있는 맞벌이 비중 60.4%…일·돌봄 병행 더 뚜렷해졌다,"가구주가 취업자인 유배우 가구 중 맞벌이 비중은 농업·임업·어업이 80.3%로 가장 높았고, 숙박·음식점업이 74.3%로 뒤를 이었다. 교육서비스업도 72.8%로 높은 수준을 보였다. 직업별로는 전문가 및 관련 종사자... ",https://www.thepowernews.co.kr/view.php?ud=202606181613037737de3f0aa1be_7,https://www.thepowernews.co.kr/view.php?ud=202606181613037737de3f0aa1be_7,"Thu, 18 Jun 2026 16:54:00 +0900",2026-06-19 10:46:32
농업,농업 주가,"[유통 이모저모] 국순당여주명주, 배상면주가, 나라셀라 등","알린다 '농업법인 국순당여주명주㈜'가 전통 옹기 숙성과 고구마 원료를 기반으로 한 증류소주 '려... 배상면주가가 저도수 막걸리 신제품 '원별'을 출시했다. 사진=배상면주가 ◆배상면주가, 4.5도 생막걸리 '원별... ",http://www.bizwnews.com/news/articleView.html?idxno=138942,http://www.bizwnews.com/news/articleView.html?idxno=138942,"Thu, 18 Jun 2026 16:44:00 +0900",2026-06-19 10:46:32
농업,농업 주가,"[금융가 산책] NH농협금융, 재생에너시 시장 발굴 전략 점검","공유, 농업·지역·상생 분야의 강점 기반 NH농협금융의 차별화된 전환금융 전략에 대해 논의했다. 또한... 〇 NH투자증권, '퇴직연금 ELS' 5종 모집 NH투자증권이 퇴직연금 DC·IRP 가입 고객을 대상으로 'N2 퇴직연금 주가연... ",https://www.newsinside.kr/news/articleView.html?idxno=4770784,https://www.newsinside.kr/news/articleView.html?idxno=4770784,"Thu, 18 Jun 2026 14:02:00 +0900",2026-06-19 10:46:32
농업,농업 주가,일해야 사는 사회...맞벌이·1인 취업 가구 역대급,"가구주가 취업자인 유배우 가구 중 맞벌이 가구 비중은 농업·임업·어업(80.3%), 숙박 및 음식점업(74.3%) 순으로 높았다. 전문·과학·기술 서비스업, 교육 서비스업에서 전년대비 각각 2.8%포인트, 2.4%포인트... ",http://www.00news.co.kr/news/articleView.html?idxno=104533,http://www.00news.co.kr/news/articleView.html?idxno=104533,"Thu, 18 Jun 2026 13:00:00 +0900",2026-06-19 10:46:32
농업,농업 주가,1인 가구 820만 넘겼지만 '취업비중' 꺾여...아이 있어도 맞벌이는 상승,"가구주가 취업자인 유배우 가구 중 맞벌이 가구 비중은 농업·임업 및 어업이 80.3%로 가장 높았고, 숙박 및 음식점업이 74.3%로 뒤를 이었다. 18세 미만 자녀가 있는 유배우 가구는 378만5000가구로 전년보다... ",https://www.newspim.com/news/view/20260618000476,https://www.newspim.com/news/view/20260618000476,"Thu, 18 Jun 2026 12:00:00 +0900",2026-06-19 10:46:32
농업,농업 주가,"국내 제과업계 선두주자 롯데웰푸드, 평택공장 숨 고르기 사연은",유엔 식량농업기구(FAO)가 공개한 지난 4월 식품가격지수는 3년여 만에 최고치를 기록했다. 4월... 사업구조 개선을 추진하고 있다. 이날 롯데웰푸드 주가는 오전 10시 20분 현재 2.38% 내린 10만2천400원에 거래되고 있다.,https://news.einfomax.co.kr/news/articleView.html?idxno=4420659,https://news.einfomax.co.kr/news/articleView.html?idxno=4420659,"Thu, 18 Jun 2026 11:00:00 +0900",2026-06-19 10:46:32
농업,농업 주가,[Who Is ?] 한성숙 국무총리 후보자,한성숙은 이를 당시 주가 25만3천 원에 처분하면서 51억2천 만 원의 시세차익을 거뒀다. 2021년 부여받은... △농업경영계획서 허위 제출 논란 한성숙이 농업경영계획서 허위 제출 논란에 휩싸였다. 한성숙은 자신이 아닌... ,https://www.businesspost.co.kr/BP?command=article_view&num=440098,https://www.businesspost.co.kr/BP?command=article_view&num=440098,"Thu, 18 Jun 2026 07:02:00 +0900",2026-06-19 10:46:32
농업,농업 주가,"우주 채굴 노렸나…호주 광산 재벌, 스페이스X에 '1조5000억원 베팅'","16일(이하 현지시간) 비즈니스인사이더에 따르면, 라인하트의 비상장 광산·농업 기업 핸콕 프로스펙팅은... 거래일 주가는 20% 가까이 상승했다. 이어 15일에는 주관사들이 초과배정 옵션을 행사하면서 조달 규모가... ",https://www.digitaltoday.co.kr/news/articleView.html?idxno=675509,https://www.digitaltoday.co.kr/news/articleView.html?idxno=675509,"Tue, 16 Jun 2026 15:38:00 +0900",2026-06-19 10:46:32
농업,농업 주가,"일본증시, 기준금리 인상에도 '장중 랠리'...키옥시아 '껑충'","생익과기(+8.50%) 등이 급등하는 반면 농업은행(-0.90%), 귀주모태주(-1.19%), 부사강산업인터넷(-0.50%) 등은... 미국과 이란의 종전 협상 타결 소식과 주요 반도체주들의 주가 급등 속에 이 같은 흐름이 나타났다고... ",http://www.choicenews.co.kr/news/articleView.html?idxno=166653,http://www.choicenews.co.kr/news/articleView.html?idxno=166653,"Tue, 16 Jun 2026 14:10:00 +0900",2026-06-19 10:46:32
농업,농업 주가,"국제유가, 3개월래 최저…호르무즈 통행료 이견 여전 [글로벌 머니플로...","나스닥은 3% 넘게 그리고 반도체주가 질주하자 필라델피아 반도체지수도 5% 급등했으며, 국제유가도 즉각... 농업 생산 차질은 이미 현실화되는 분위기입니다. 여기에 폭염으로 인한 전력 수요 급증으로 에너지 공급망에도... ",http://www.wowtv.co.kr/NewsCenter/News/Read?articleId=A202606160133&t=NN,https://n.news.naver.com/mnews/article/215/0001255494?sid=101,"Tue, 16 Jun 2026 08:05:00 +0900",2026-06-19 10:46:32
농업,농업 주가,"박지원 “정청래, 여론조사 결과 보고 스스로 결정해야” [김은지의 뉴...","아무리 주가가 높고 수출이 잘 된다고 하더라도 지금 서민 경제나 농업인들은 엄청나게 어려워요. 이러한 문제를 해결하고 내란 청산, 3대 개혁을 해내야 되는데 싸우다 보면 안 되잖아요. 그래서 ‘제발 싸우지 좀 마라’... ",https://www.sisain.co.kr/news/articleView.html?idxno=58062,https://n.news.naver.com/mnews/article/308/0000038402?sid=100,"Tue, 16 Jun 2026 07:51:00 +0900",2026-06-19 10:46:32
농업,농업 주가,[Who Is ?] 신동원 농심그룹 회장,농심이 사우디아라비아 현지에 구축할 한국형 스마트팜 조성을 위해 한국농업기술진흥원과 손을 잡았다.... 삼양식품 주가가 크게 올랐고 CJ제일제당에 이어 식품업계 시총 2위 자리까지 올랐다. 라면업계 시총... ,https://www.businesspost.co.kr/BP?command=article_view&num=439522,https://www.businesspost.co.kr/BP?command=article_view&num=439522,"Tue, 16 Jun 2026 07:02:00 +0900",2026-06-19 10:46:32
농업,농업 주가,"IL, 미 건국 250주년 기념 행사 불참 선언","각 주가 책임져야 한다. 일리노이주 천연자원부 제이옛 볼린스키 공보국장은 “주정부는 이번 행사에 예산... 박물관 측은 일리노이주의 스포츠•건축•농업 발전상을 소개하는 전시관, 주 전역 여러 주민들의 축하... ",https://www.koreadaily.com/article/20260615131925526,https://www.koreadaily.com/article/20260615131925526,"Tue, 16 Jun 2026 05:20:00 +0900",2026-06-19 10:46:32
농업,농업 주가,[해외칼럼] 캘리포니아주 경제는 왜 무너지고 있나,"이곳에는 실리콘밸리와 할리우드, 세계적 대학들, 뛰어난 농업, 항만, 인재가 있다. 하지만 동시에... 다만 그들은 왜 그렇게 많은 돈과 인재, 가능성을 가진 주가 평범한 사람들의 삶을 이토록 어렵게 만드는가 하는... ",https://www.sedaily.com/article/20056023?ref=naver,https://n.news.naver.com/mnews/article/011/0004631372?sid=102,"Mon, 15 Jun 2026 18:07:00 +0900",2026-06-19 10:46:32
농업,농업 주가,"대동금속, 오는 12월까지 자사주 10억 원 규모 취득·소각","또 기업가치 제고 계획 공시를 통해 2030년까지 매출 2400억 원과 함께 주가순자산비율(PBR) 2배... 이와 함께 그룹 미래 사업과 연계해 미래농업, 로보틱스, 모빌리티 분야의 첨단 소재 사업 진출도 준비하고 있다.",https://www.aflnews.co.kr/news/articleView.html?idxno=322470,https://www.aflnews.co.kr/news/articleView.html?idxno=322470,"Mon, 15 Jun 2026 11:18:00 +0900",2026-06-19 10:46:32
농업,농업 주가,"중동 재건 시동 걸렸다...삼성E&amp;A, 글로벌 플랜트 기술력 앞세워 수주전...",우크라이나와 중동 지역의 전후 복구 사업 기대감이 커지면서 국내 증시에서 전후 재건 관련주가 15일 강세를... 전쟁 이후 농업 생산 정상화를 위한 농기계 수요 증가 가능성이 투자 포인트다. 디와이파워와... ,https://www.pinpointnews.co.kr/news/articleView.html?idxno=460104,https://www.pinpointnews.co.kr/news/articleView.html?idxno=460104,"Mon, 15 Jun 2026 10:20:00 +0900",2026-06-19 10:46:32
농업,농업 주가,‘전력 먹는 하마’ 데이터센터 갈등 세계 각국으로 확산 [기후신호등],최근 미국에서는 14개 주가 신규 데이터센터 건설을 제한하거나 일시 중단하는 이른바 '데이터센터... 네덜란드에서는 초대형 데이터센터가 농업지역과 충돌했다. 특히 미든메이르 지역에서는 데이터센터 건설이... ,https://www.ekn.kr/web/view.php?key=20260612022491066,https://www.ekn.kr/web/view.php?key=20260612022491066,"Sun, 14 Jun 2026 06:30:00 +0900",2026-06-19 10:46:32
농업,농업 주가,[김대준의 증시산책] 스페이스X 상장과 유동성 블랙홀,자국 기업인 중국농업은행의 조달 규모 221억 달러(약 33조 8000억원)도 웃돌았다. 그렇다면 자금 유출은... 당시 주당 38달러로 책정된 메타 주가는 상장일에 45달러까지 상승했다. 그러나 기업 과대 평가 문제가... ,https://weekly.hankooki.com/news/articleView.html?idxno=7168976,https://weekly.hankooki.com/news/articleView.html?idxno=7168976,"Sat, 13 Jun 2026 00:06:00 +0900",2026-06-19 10:46:32
농업,농산물 시장,[히트카드 공식⑨] 생활 밀착형 라인업…NH농협카드의 'zgm' 전략,카드 한 장이 시장에 오래 남는 데는 이유가 있다. 단순히 할인율이 높거나 혜택이 많아서만은 아니다.... 고객은 금융거래를 하거나 장을 보고 지역 농산물을 소비하는 과정에서 자연스럽게 농협 브랜드를 만난다.... ,https://www.ntoday.co.kr/news/articleView.html?idxno=127695,https://www.ntoday.co.kr/news/articleView.html?idxno=127695,"Fri, 19 Jun 2026 10:36:00 +0900",2026-06-19 10:46:33
농업,농산물 시장,"양파 가격 폭락에 농협, 154억 긴급 보험금 지급…950농가 숨통",농업수입안정보험은 농산물 가격 폭락이나 태풍·가뭄 등 자연재해로 수확량이 급감해 농가 수입이 일정 기준 이하로 떨어질 경우 손실을 보전해 주는 정책성 보험이다. 기후 변화와 시장 불안정성이 커지는 상황에서... ,https://www.fntoday.co.kr/news/articleView.html?idxno=386583,https://www.fntoday.co.kr/news/articleView.html?idxno=386583,"Fri, 19 Jun 2026 10:36:00 +0900",2026-06-19 10:46:33
농업,농산물 시장,"나주시, '2026년 농산물 가공기술 아카데미' 개강",윤병태 나주시장은 &quot;농산물 가공은 농업의 새로운 부가가치를 창출하는 중요한 분야&quot;라며 &quot;이번 교육을 통해 농업인과 시민들이 가공기술과 창업 역량을 갖추고 지역 농산물을 활용한 다양한 제품을 개발해 농가소득... ,https://www.aflnews.co.kr/news/articleView.html?idxno=322731,https://www.aflnews.co.kr/news/articleView.html?idxno=322731,"Fri, 19 Jun 2026 10:24:00 +0900",2026-06-19 10:46:33
농업,농산물 시장,"곡성군, 농산물 가공창업 지원 성과…수도권 시장 공략 나서","▲ 곡성군, '2026 서울식품유통대전' 에서 지역 (곡성군 제공) 전남 곡성군이 농산물종합가공센터를 중심으로... 강화와 시장 확대 가능성을 모색했다. 또 행사에 참가한 식품기업들의 제품과 유통 사례를 살펴보며 최신... ",http://www.siminsori.com/news/articleView.html?idxno=322020,http://www.siminsori.com/news/articleView.html?idxno=322020,"Fri, 19 Jun 2026 10:20:00 +0900",2026-06-19 10:46:33
농업,농산물 시장,"공주시 농·특산물, 서울 직거래장터서 5천만 원 판매 성과","공주시(시장 최원철)가 서울 조계사 대법회 기간에 맞춰 지난 15일부터 17일까지 3일간 경내에서 농·특산물... 이들은 대표 특산물인 공주밤을 비롯해 고사리, 체리, 꿀, 밤묵, 알밤겉절이 등 다채로운 농산물과 가공품을... ",http://www.ccnnews.co.kr/news/articleView.html?idxno=410955,http://www.ccnnews.co.kr/news/articleView.html?idxno=410955,"Fri, 19 Jun 2026 10:14:00 +0900",2026-06-19 10:46:33
농업,농산물 시장,"대구 불로동 도시재생센터 막걸리, 롯데이시아폴리스 한정판매","지역 농산물 활용과 주민 소득 창출을 동시에 목표로 한 도시재생 프로젝트의 결실이다. 판매 물량은 행사... 주민 주도 사업이 실제 시장으로 이어지는 구조, 저희 지역에서도 꼭 벤치마킹하고 싶다&quot;고 밝혔다.",https://www.ajunews.com/view/20260619100528634,https://www.ajunews.com/view/20260619100528634,"Fri, 19 Jun 2026 10:10:00 +0900",2026-06-19 10:46:33
농업,농산물 시장,소비자 10명 중 6명 &quot;수산물 정보 부족&quot;…이력제 신뢰도도 식품군 중 최...,"품목별로는 수산물이 35.3%로 가장 높았고 축산물(14.0%), 농산물(6.3%)이 뒤를 이었다. 수산물 구매를 줄인... 심층면접조사에서도 소비자들은 &quot;조회 방식이 복잡하다&quot;, &quot;전통시장 표시는 신뢰하기 어렵다&quot;는 의견을... ",https://www.ngonews.kr/news/articleView.html?idxno=231395,https://www.ngonews.kr/news/articleView.html?idxno=231395,"Fri, 19 Jun 2026 10:10:00 +0900",2026-06-19 10:46:33
농업,농산물 시장,'반복되는 가격 폭락·물류비 부담' 제주 농산물 유통혁신 해법 찾나,"참석자들은 물류 통합체계 구축과 거점 물류시설 확충, 농산물 가공산업 육성, 생산자 조직 강화 등을 주요 과제로 제시했다. 또 과잉 생산 시 시장격리와 수급 조절을 위한 예산 확보, 스마트농업 지원 확대 필요성도... ",https://www.newsfreezone.co.kr/news/articleView.html?idxno=695370,https://www.newsfreezone.co.kr/news/articleView.html?idxno=695370,"Fri, 19 Jun 2026 09:58:00 +0900",2026-06-19 10:46:33
농업,농산물 시장,5월 생산자물가 전년비 8.5%↑..9개월째 상승,생산자물가는 국내 생산자가 시장에 공급하는 상품과 서비스의 가격 변동을 보여주는 지표다. 품목별로는 농림수산품이 전월보다 0.8% 하락했다. 농산물 가격이 3.9% 내린 영향이 컸다. 참외 가격은 전월 대비 38.6... ,http://www.4th.kr/news/articleView.html?idxno=2113413,http://www.4th.kr/news/articleView.html?idxno=2113413,"Fri, 19 Jun 2026 09:56:00 +0900",2026-06-19 10:46:33
농업,농산물 시장,생산자물가 9개월 연속 상승…도시가스·항공료·금융수수료가 압박,"반면 농림수산품은 농산물 출하량 증가로 0.8% 하락했다. 이문희 한국은행 물가통계팀장은 &quot;국제 유가... 결국 생산자물가의 9개월 연속 상승은 국제 정세와 금융시장 변동성이 맞물린 복합적 결과로, 향후... ",https://www.fntoday.co.kr/news/articleView.html?idxno=386568,https://www.fntoday.co.kr/news/articleView.html?idxno=386568,"Fri, 19 Jun 2026 09:50:00 +0900",2026-06-19 10:46:33
농업,농산물 시장,"[발언대]K푸드의 미래, 지역에서 답을 찾다","지역의 농산물과 특산물은 여전히 풍부하지만, 이를 가공하고 브랜드화하며 세계 시장으로 연결하는 산업 생태계는 충분히 갖춰져 있지 않다. 청년은 일자리를 찾아 지역을 떠나고, 기업은 성장 인프라 부족으로 수도권을... ",https://view.asiae.co.kr/article/2026061813260727714,https://n.news.naver.com/mnews/article/277/0005778655?sid=110,"Fri, 19 Jun 2026 09:49:00 +0900",2026-06-19 10:46:33
농업,농산물 시장,"경기도, 농산물 부산물 활용 고부가가치 업사이클링 산업 육성 '시동'","경기도농수산진흥원은 기업당 사업화 자금을 지원하는 것은 물론, 공급망 확보를 위해 학교급식 전처리 과정에서 발생하는 농산물 부산물을 원료로 연계 체계화할 방침이다. 이와 함께 제품의 시장성 검증, 탄소저감 등... ",https://www.mtnews.net/news/articleView.html?idxno=25083,https://www.mtnews.net/news/articleView.html?idxno=25083,"Fri, 19 Jun 2026 09:44:00 +0900",2026-06-19 10:46:33
농업,농산물 시장,서산 팔봉산 감자 수확 한창…내일부터 축제 개막,지역 농민들이 재배한 농산물을 만날 수 있는 농산물 판매장도 열려 시중가보다 저렴히 구매할 수 있습니다. ▶ 인터뷰 : 이완섭 / 충남 서산시장 - &quot;축제를 통해서 생산과 소비자를 연결하고 또 관광이 함께 선순환 하는... ,http://www.mbn.co.kr/pages/news/newsView.php?news_seq_no=5200716,https://n.news.naver.com/mnews/article/057/0001954572?sid=102,"Fri, 19 Jun 2026 09:39:00 +0900",2026-06-19 10:46:33
농업,농산물 시장,"문경 오미자 스파클링 와인, 세계 미식 무대서 호평",문경시 관계자는 &quot;문경 오미자의 브랜드 가치와 우리 양조 기술의 경쟁력을 세계 시장에 알린 성과&quot;라며 &quot;지역 농산물의 생산·가공·유통 지원을 확대할 방침&quot;이라고 말했다.,https://www.news1.kr/local/daegu-gyeongbuk/6202210,https://n.news.naver.com/mnews/article/421/0009012265?sid=102,"Fri, 19 Jun 2026 09:36:00 +0900",2026-06-19 10:46:33
농업,농산물 시장,5월 생산자물가 전월보다 0.8%↑…전년 대비 8.5% 올라,"국내시장에 공급하는 상품과 서비스의 가격 변동을 측정하는 통계다. 이번 5월 지수는 잠정치로, 다음 달 지수 공표 때 확정된다. 품목별로는 농림수산품이 전월보다 0.8% 하락했다. 농산물이 3.9% 내린 영향이다.... ",https://www.thepowernews.co.kr/view.php?ud=202606190904019683de3f0aa1be_7,https://www.thepowernews.co.kr/view.php?ud=202606190904019683de3f0aa1be_7,"Fri, 19 Jun 2026 09:30:00 +0900",2026-06-19 10:46:33
